																																																				Actual	Actual	Actual	Actual	Forecast	Forecast	Forecast	Forecast	Forecast	Forecast	Forecast	Forecast	Forecast	Forecast	Forecast	Forecast	Forecast																																																																																																																																																																																																																																																																																																																																																																																																																															
									Pass TDs		Rush YDs		Rush TDs		Receptions		Rec Yards		Rec TD		Interceptions	Fumbles	Misc. TD																													19	20	21	22	23	24	25	26	27	28	29	30	31	32	33	34	35																																																																																											19	19	19	19	19	19	19	19	19	19	19	19	19				20	20	20	20	20	20	20	20	20	20	20	20	20				21	21	21	21	21	21	21	21	21	21	21	21	21				22	22	22	22	22	22	22	22	22	22	22	22	22				23	23	23	23	23	23	23	23	23	23	23	23	23				24	24	24	24	24	24	24	24	24	24	24	24	24				25	25	25	25	25	25	25	25	25	25	25	25	25				26	26	26	26	26	26	26	26	26	26	26	26	26				27	27	27	27	27	27	27	27	27	27	27	27	27				28	28	28	28	28	28	28	28	28	28	28	28	28				29	29	29	29	29	29	29	29	29	29	29	29	29				30	30	30	30	30	30	30	30	30	30	30	30	30				31	31	31	31	31	31	31	31	31	31	31	31	31				32	32	32	32	32	32	32	32	32	32	32	32	32				33	33	33	33	33	33	33	33	33	33	33	33	33				34	34	34	34	34	34	34	34	34	34	34	34	34				35	35	35	35	35	35	35	35	35	35	35	35	35																																																			Week 2 2026	Week 3 2026	Week 4 2026	Week 5 2026	Week 6 2026	
					Consolidated	Consolidated	Consolidated	Consolidated	Consolidated	Consolidated	Consolidated	Consolidated	Consolidated	Consolidated	Consolidated	Consolidated	Consolidated	Consolidated	Consolidated	Consolidated	Consolidated	Consolidated	Consolidated	Consolidated	Consolidated	Consolidated	Consolidated	Consolidated	Consolidated	Consolidated	Consolidated	Consolidated	Consolidated	Consolidated	Consolidated	Consolidated			Consolidated	Consolidated	Consolidated	Consolidated	Consolidated	Consolidated	Consolidated	Consolidated	Consolidated	Consolidated	Consolidated	Consolidated		Week 1 2026	Week 2 2026	Week 3 2026	Week 4 2026	Week 5 2026	Week 6 2026	Week 7 2026	Week 8 2026	Week 9 2026	Week 10 2026	Week 11 2026	Week 12 2026	Week 13 2026	Week 14 2026	Week 15 2026	Week 16 2026	Week 17 2026		Week 1 2026	Week 2 2026	Week 3 2026	Week 4 2026	Week 5 2026	Week 6 2026	Week 7 2026	Week 8 2026	Week 9 2026	Week 10 2026	Week 11 2026	Week 12 2026	Week 13 2026	Week 14 2026	Week 15 2026	Week 16 2026	Week 17 2026		Rest of Season	Rest of Season	Rest of Season	Rest of Season	Rest of Season	Rest of Season	Rest of Season	Rest of Season	Rest of Season	Rest of Season	Rest of Season	Rest of Season	Rest of Season	Rest of Season	Rest of Season	Rest of Season	Rest of Season	Rest of Season		Rest of Season	Rest of Season	Rest of Season	Rest of Season	Rest of Season	Rest of Season	Rest of Season	Rest of Season	Rest of Season	Rest of Season	Rest of Season	Rest of Season	Rest of Season		YTD	YTD	YTD	YTD	YTD	YTD	YTD	YTD	YTD	YTD	YTD	YTD	YTD	YTD	YTD	YTD	YTD	YTD		YTD	YTD	YTD	YTD	YTD	YTD	YTD	YTD	YTD	YTD	YTD	YTD	YTD						Week 1	Week 1 2026	Week 1 2026	Week 1 2026	Week 1 2026	Week 1 2026	Week 1 2026	Week 1 2026	Week 1 2026	Week 1 2026	Week 1 2026	Week 1 2026	Week 1 2026	Week 1 2026			Week 2	Week 2 2026	Week 2 2026	Week 2 2026	Week 2 2026	Week 2 2026	Week 2 2026	Week 2 2026	Week 2 2026	Week 2 2026	Week 2 2026	Week 2 2026	Week 2 2026	Week 2 2026			Week 3	Week 3 2026	Week 3 2026	Week 3 2026	Week 3 2026	Week 3 2026	Week 3 2026	Week 3 2026	Week 3 2026	Week 3 2026	Week 3 2026	Week 3 2026	Week 3 2026	Week 3 2026			Week 4	Week 4 2026	Week 4 2026	Week 4 2026	Week 4 2026	Week 4 2026	Week 4 2026	Week 4 2026	Week 4 2026	Week 4 2026	Week 4 2026	Week 4 2026	Week 4 2026	Week 4 2026			Week 5	Week 5 2026	Week 5 2026	Week 5 2026	Week 5 2026	Week 5 2026	Week 5 2026	Week 5 2026	Week 5 2026	Week 5 2026	Week 5 2026	Week 5 2026	Week 5 2026	Week 5 2026			Week 6	Week 6 2026	Week 6 2026	Week 6 2026	Week 6 2026	Week 6 2026	Week 6 2026	Week 6 2026	Week 6 2026	Week 6 2026	Week 6 2026	Week 6 2026	Week 6 2026	Week 6 2026			Week 7	Week 7 2026	Week 7 2026	Week 7 2026	Week 7 2026	Week 7 2026	Week 7 2026	Week 7 2026	Week 7 2026	Week 7 2026	Week 7 2026	Week 7 2026	Week 7 2026	Week 7 2026			Week 8	Week 8 2026	Week 8 2026	Week 8 2026	Week 8 2026	Week 8 2026	Week 8 2026	Week 8 2026	Week 8 2026	Week 8 2026	Week 8 2026	Week 8 2026	Week 8 2026	Week 8 2026			Week 9	Week 9 2026	Week 9 2026	Week 9 2026	Week 9 2026	Week 9 2026	Week 9 2026	Week 9 2026	Week 9 2026	Week 9 2026	Week 9 2026	Week 9 2026	Week 9 2026	Week 9 2026			Week 10	Week 10 2026	Week 10 2026	Week 10 2026	Week 10 2026	Week 10 2026	Week 10 2026	Week 10 2026	Week 10 2026	Week 10 2026	Week 10 2026	Week 10 2026	Week 10 2026	Week 10 2026			Week 11	Week 11 2026	Week 11 2026	Week 11 2026	Week 11 2026	Week 11 2026	Week 11 2026	Week 11 2026	Week 11 2026	Week 11 2026	Week 11 2026	Week 11 2026	Week 11 2026	Week 11 2026			Week 12	Week 12 2026	Week 12 2026	Week 12 2026	Week 12 2026	Week 12 2026	Week 12 2026	Week 12 2026	Week 12 2026	Week 12 2026	Week 12 2026	Week 12 2026	Week 12 2026	Week 12 2026			Week 13	Week 13 2026	Week 13 2026	Week 13 2026	Week 13 2026	Week 13 2026	Week 13 2026	Week 13 2026	Week 13 2026	Week 13 2026	Week 13 2026	Week 13 2026	Week 13 2026	Week 13 2026			Week 14	Week 14 2026	Week 14 2026	Week 14 2026	Week 14 2026	Week 14 2026	Week 14 2026	Week 14 2026	Week 14 2026	Week 14 2026	Week 14 2026	Week 14 2026	Week 14 2026	Week 14 2026			Week 15	Week 15 2026	Week 15 2026	Week 15 2026	Week 15 2026	Week 15 2026	Week 15 2026	Week 15 2026	Week 15 2026	Week 15 2026	Week 15 2026	Week 15 2026	Week 15 2026	Week 15 2026			Week 16	Week 16 2026	Week 16 2026	Week 16 2026	Week 16 2026	Week 16 2026	Week 16 2026	Week 16 2026	Week 16 2026	Week 16 2026	Week 16 2026	Week 16 2026	Week 16 2026	Week 16 2026			Week 17	Week 17 2026	Week 17 2026	Week 17 2026	Week 17 2026	Week 17 2026	Week 17 2026	Week 17 2026	Week 17 2026	Week 17 2026	Week 17 2026	Week 17 2026	Week 17 2026	Week 17 2026		Week 1 2026	Week 2 2026	Week 3 2026	Week 4 2026	Week 5 2026	Week 6 2026	Week 7 2026	Week 8 2026	Week 9 2026	Week 10 2026	Week 11 2026	Week 12 2026	Week 13 2026	Week 14 2026	Week 15 2026	Week 16 2026	Week 17 2026		Week 1 2026	Week 2 2026	Week 3 2026	Week 4 2026	Week 5 2026	Week 6 2026	Week 7 2026	Week 8 2026	Week 9 2026	Week 10 2026	Week 11 2026	Week 12 2026	Week 13 2026	Week 14 2026	Week 15 2026	Week 16 2026	Week 17 2026															20 	21 	22 	23 	24 	
	Player	Team	Position	Consolidated Rank	Cons PPG	Season	Pass Yds	Cons Pass YPG	Cons Pass TDs	Cons Pass TDs per Game	Rush Yds	Cons Rush YPG	Cons Rush TDs	Cons Rush TDs per Game	Receptions	Cons Rec PG	Cons Rec Yards	Cons Rec YPG	Cons Rec TD	Cons Rec TDs per Game	Interceptions	Fumbles	Misc. TD	EPS	Pos_Scarcity	Adj_Pos_Scar	z_Score	Pos_Value	PPG Index	Cons Overall Rank	Overall ADP	Delta to ADP	Pos. Rank Pts	Pos. ADP	Delta to Pos. ADP	Cons G-RANK			QB Ranks	Season	Rank	RB Ranks	Season	Rank	WR Ranks	Season	Rank	TE Ranks	Season	Rank		Week 1 2026 Pts	Week 2 2026 Pts	Week 3 2026 Pts	Week 4 2026 Pts	Week 5 2026 Pts	Week 6 2026 Pts	Week 7 2026 Pts	Week 8 2026 Pts	Week 9 2026 Pts	Week 10 2026 Pts	Week 11 2026 Pts	Week 12 2026 Pts	Week 13 2026 Pts	Week 14 2026 Pts	Week 15 2026 Pts	Week 16 2026 Pts	Week 17 2026 Pts		Week 1 2026 Rank	Week 2 2026 Rank	Week 3 2026 Rank	Week 4 2026 Rank	Week 5 2026 Rank	Week 6 2026 Rank	Week 7 2026 Rank	Week 8 2026 Rank	Week 9 2026 Rank	Week 10 2026 Rank	Week 11 2026 Rank	Week 12 2026 Rank	Week 13 2026 Rank	Week 14 2026 Rank	Week 15 2026 Rank	Week 16 2026 Rank	Week 17 2026 Rank		RoS Rank	RoS PPG	RoS Pass YPG	RoS Pass TDs per Game	RoS Rush YPG	RoS Rush TDs	RoS Rec PG	RoS Rec YPG	RoS Rec TD	Pos. Rank Pts	EPS	Pos_Scarcity	Adj_Pos_Scar	z_Score	Pos_Value	PPG Index	RoS Overall Rank	RoS G-RANK		Total Points	QB Ranks	Season	Rank	RB Ranks	Season	Rank	WR Ranks	Season	Rank	TE Ranks	Season	Rank		YTD Rank	YTD PPG	YTD Pass YPG	YTD Pass TDs per Game	YTD Rush YPG	YTD Rush TDs	YTD Rec PG	YTD Rec YPG	YTD Rec TD	Pos Rank	EPS	Pos_Scarcity	Adj_Pos_Scar	z_Score	Pos_Value	Upside Index	YTD Overall Rank	YTD G-RANK		YTD Total Points	QB Ranks	Season	Rank	RB Ranks	Season	Rank	WR Ranks	Season	Rank	TE Ranks	Season	Rank					Week 1 2026 Team	Week 1 2026 Opp	Pass Yds	Pass TDs	Rush Yds	Rush TDs	Receptions	Rec Yards	Rec TD	Interceptions	Fumbles	Misc. TD	2Pt.	Fantasy Pts.	Rank		Week 2 2026 Team	Week 2 2026 Opp	Pass Yds	Pass TDs	Rush Yds	Rush TDs	Receptions	Rec Yards	Rec TD	Interceptions	Fumbles	Misc. TD	2Pt.	Fantasy Pts.	Rank		Week 3 2026 Team	Week 3 2026 Opp	Pass Yds	Pass TDs	Rush Yds	Rush TDs	Receptions	Rec Yards	Rec TD	Interceptions	Fumbles	Misc. TD	2Pt.	Fantasy Pts.	Rank		Week 4 2026 Team	Week 4 2026 Opp	Pass Yds	Pass TDs	Rush Yds	Rush TDs	Receptions	Rec Yards	Rec TD	Interceptions	Fumbles	Misc. TD	2Pt.	Fantasy Pts.	Rank		Week 5 2026 Team	Week 5 2026 Opp	Pass Yds	Pass TDs	Rush Yds	Rush TDs	Receptions	Rec Yards	Rec TD	Interceptions	Fumbles	Misc. TD	2Pt.	Fantasy Pts.	Rank		Week 6 2026 Team	Week 6 2026 Opp	Pass Yds	Pass TDs	Rush Yds	Rush TDs	Receptions	Rec Yards	Rec TD	Interceptions	Fumbles	Misc. TD	2Pt.	Fantasy Pts.	Rank		Week 7 2026 Team	Week 7 2026 Opp	Pass Yds	Pass TDs	Rush Yds	Rush TDs	Receptions	Rec Yards	Rec TD	Interceptions	Fumbles	Misc. TD	2Pt.	Fantasy Pts.	Rank		Week 8 2026 Team	Week 8 2026 Opp	Pass Yds	Pass TDs	Rush Yds	Rush TDs	Receptions	Rec Yards	Rec TD	Interceptions	Fumbles	Misc. TD	2Pt.	Fantasy Pts.	Rank		Week 9 2026 Team	Week 9 2026 Opp	Pass Yds	Pass TDs	Rush Yds	Rush TDs	Receptions	Rec Yards	Rec TD	Interceptions	Fumbles	Misc. TD	2Pt.	Fantasy Pts.	Rank		Week 10 2026 Team	Week 10 2026 Opp	Pass Yds	Pass TDs	Rush Yds	Rush TDs	Receptions	Rec Yards	Rec TD	Interceptions	Fumbles	Misc. TD	2Pt.	Fantasy Pts.	Rank		Week 11 2026 Team	Week 11 2026 Opp	Pass Yds	Pass TDs	Rush Yds	Rush TDs	Receptions	Rec Yards	Rec TD	Interceptions	Fumbles	Misc. TD	2Pt.	Fantasy Pts.	Rank		Week 12 2026 Team	Week 12 2026 Opp	Pass Yds	Pass TDs	Rush Yds	Rush TDs	Receptions	Rec Yards	Rec TD	Interceptions	Fumbles	Misc. TD	2Pt.	Fantasy Pts.	Rank		Week 13 2026 Team	Week 13 2026 Opp	Pass Yds	Pass TDs	Rush Yds	Rush TDs	Receptions	Rec Yards	Rec TD	Interceptions	Fumbles	Misc. TD	2Pt.	Fantasy Pts.	Rank		Week 14 2026 Team	Week 14 2026 Opp	Pass Yds	Pass TDs	Rush Yds	Rush TDs	Receptions	Rec Yards	Rec TD	Interceptions	Fumbles	Misc. TD	2Pt.	Fantasy Pts.	Rank		Week 15 2026 Team	Week 15 2026 Opp	Pass Yds	Pass TDs	Rush Yds	Rush TDs	Receptions	Rec Yards	Rec TD	Interceptions	Fumbles	Misc. TD	2Pt.	Fantasy Pts.	Rank		Week 16 2026 Team	Week 16 2026 Opp	Pass Yds	Pass TDs	Rush Yds	Rush TDs	Receptions	Rec Yards	Rec TD	Interceptions	Fumbles	Misc. TD	2Pt.	Fantasy Pts.	Rank		Week 17 2026 Team	Week 17 2026 Opp	Pass Yds	Pass TDs	Rush Yds	Rush TDs	Receptions	Rec Yards	Rec TD	Interceptions	Fumbles	Misc. TD	2Pt.	Fantasy Pts.	Rank		Week 1 2026 Type	Week 2 2026 Type	Week 3 2026 Type	Week 4 2026 Type	Week 5 2026 Type	Week 6 2026 Type	Week 7 2026 Type	Week 8 2026 Type	Week 9 2026 Type	Week 10 2026 Type	Week 11 2026 Type	Week 12 2026 Type	Week 13 2026 Type	Week 14 2026 Type	Week 15 2026 Type	Week 16 2026 Type	Week 17 2026 Type		Week 1 2026 Health	Week 2 2026 Health	Week 3 2026 Health	Week 4 2026 Health	Week 5 2026 Health	Week 6 2026 Health	Week 7 2026 Health	Week 8 2026 Health	Week 9 2026 Health	Week 10 2026 Health	Week 11 2026 Health	Week 12 2026 Health	Week 13 2026 Health	Week 14 2026 Health	Week 15 2026 Health	Week 16 2026 Health	Week 17 2026 Health		Active Week for Projections	Today		Hour		Proj. Receiving Yards Share	Proj. Receiving TD Share	Proj. Rush Yards Share	Proj. Rush TD Share	Proj. Pass Yards Share	Proj. Pass TD Share		YtD / RoS Delta (G-RANK)	2 Weeks Ago Injury?	1 Week Ago Injury?	This Week Injury?	Next Week Injury?	Following Week Injury?	Trade For / Trade Away
	Jahmyr Gibbs	Detroit Lions	RB	RB1	19.7 	315 	0 	0.0 	0.0 	0.0 	1,388 	86.7 	13.5 	0.8 	80.6 	5.0 	673 	42.1 	6.0 	0.4 	0.0 	4.3 	0.0 	0.855 	1.000 	0.990 	3 	1.000 	0.000 	1 	1 	0 	1 	1 	0 	0.974 			Josh Allen	0.650 	QB1	Jahmyr Gibbs	0.974 	RB1	Jaxon Smith-Njigba	0.955 	WR1	Brock Bowers	0.737 	TE1		28.6 	17.3 	34.4 	13.7 	20.1 	0.0 	18.1 	18.4 	19.3 	17.4 	18.8 	18.5 	18.0 	19.6 	17.1 	18.9 	16.6 		RB4	RB5	RB1	RB16	RB1	-	RB2	RB1	RB1	RB3	RB2	RB2	RB2	RB1	RB3	RB1	RB3		RB2	18.4 	0.0 	0.0 	86.2 	0.7 	4.9 	40.5 	0.3 	2 	0.861 	1.000 	0.979 	2 	0.993 	0.000 	2 	0.967 		221 	Josh Allen	0.711 	QB1	Jahmyr Gibbs	0.967 	RB2	Jaxon Smith-Njigba	0.953 	WR1	Brock Bowers	0.746 	TE1		RB2	23.5 	0.0 	0.0 	258.6 	2.1 	14.6 	121.5 	1.0 	2 	0.843 	1.000 	0.979 	3 	0.943 	0.000 	#N/A	0.944 		94.0 	Josh Allen	111 	QB1	Jahmyr Gibbs	94 	RB2	Jaxon Smith-Njigba	85 	WR1	Brock Bowers	32 	TE8					Detroit Lions	New Orleans Saints	0 	0.0 	156 	2.0 	5.0 	30 	0.0 	0.0 	1.0 	0.0 	0.0 	28.6 	RB4		Detroit Lions	Buffalo Bills	0 	0.0 	52 	0.0 	6.0 	61 	1.0 	0.0 	0.0 	0.0 	0.0 	17.3 	RB5		Detroit Lions	New York Jets	0 	0.0 	99 	2.0 	7.0 	65 	1.0 	0.0 	0.0 	0.0 	0.0 	34.4 	RB1		Detroit Lions	Carolina Panthers	0 	0.0 	46 	1.0 	4.0 	31 	0.0 	0.0 	0.0 	0.0 	0.0 	13.7 	RB16		Detroit Lions	Arizona Cardinals	0 	0.0 	93 	0.8 	5.1 	42 	0.4 	0.0 	0.3 	0.0 	0.0 	20.1 	RB1		Detroit Lions	BYE	0 	0.0 	0 	0.0 	0.0 	0 	0.0 	0.0 	0.0 	0.0 	0.0 	0.0 	-		Detroit Lions	Green Bay Packers	0 	0.0 	84 	0.7 	4.9 	41 	0.3 	0.0 	0.3 	0.0 	0.0 	18.1 	RB2		Detroit Lions	Minnesota Vikings	0 	0.0 	87 	0.7 	4.8 	40 	0.3 	0.0 	0.3 	0.0 	0.0 	18.4 	RB1		Detroit Lions	Miami Dolphins	0 	0.0 	93 	0.8 	4.8 	40 	0.3 	0.0 	0.3 	0.0 	0.0 	19.3 	RB1		Detroit Lions	New England Patriots	0 	0.0 	82 	0.7 	4.8 	40 	0.3 	0.0 	0.3 	0.0 	0.0 	17.4 	RB3		Detroit Lions	Tampa Bay Buccaneers	0 	0.0 	89 	0.7 	4.9 	40 	0.3 	0.0 	0.3 	0.0 	0.0 	18.8 	RB2		Detroit Lions	Chicago Bears	0 	0.0 	85 	0.7 	5.0 	42 	0.4 	0.0 	0.3 	0.0 	0.0 	18.5 	RB2		Detroit Lions	Atlanta Falcons	0 	0.0 	83 	0.7 	4.9 	41 	0.3 	0.0 	0.2 	0.0 	0.0 	18.0 	RB2		Detroit Lions	Tennessee Titans	0 	0.0 	94 	0.8 	4.8 	40 	0.3 	0.0 	0.2 	0.0 	0.0 	19.6 	RB1		Detroit Lions	Minnesota Vikings	0 	0.0 	80 	0.6 	4.8 	39 	0.3 	0.0 	0.2 	0.0 	0.0 	17.1 	RB3		Detroit Lions	New York Giants	0 	0.0 	89 	0.7 	4.9 	40 	0.3 	0.0 	0.2 	0.0 	0.0 	18.9 	RB1		Detroit Lions	Chicago Bears	0 	0.0 	76 	0.6 	4.9 	40 	0.3 	0.0 	0.2 	0.0 	0.0 	16.6 	RB3		Actual	Actual	Actual	Actual	Forecast	Forecast	Forecast	Forecast	Forecast	Forecast	Forecast	Forecast	Forecast	Forecast	Forecast	Forecast	Forecast		Healthy	Healthy	Healthy	Healthy	Healthy	Healthy	Healthy	Healthy	Healthy	Healthy	Healthy	Healthy	Healthy	Healthy	Healthy	Healthy	Healthy		Week 5 2026	10/9/2026	4:29:22 PM	16		16%	18%	78%	76%	0%	0%		0.0 	0	0	0	0	0	0.022829 
	Jaxon Smith-Njigba	Seattle Seahawks	WR	WR1	16.8 	269 	14 	0.9 	0.0 	0.0 	13 	0.8 	0.1 	0.0 	116.4 	7.3 	1,730 	108.1 	15.6 	1.0 	0.0 	0.3 	0.0 	0.730 	1.000 	0.990 	3 	1.000 	0.000 	3 	8 	5 	1 	3 	2 	0.955 			Brock Purdy	0.492 	QB2	Bijan Robinson	0.965 	RB2	CeeDee Lamb	0.868 	WR2	Trey McBride	0.604 	TE2		18.2 	33.5 	25.4 	7.6 	15.4 	14.5 	15.4 	15.7 	16.2 	15.1 	0.0 	15.3 	15.9 	15.5 	14.5 	15.5 	15.0 		WR6	WR1	WR1	WR32	WR1	WR1	WR1	WR1	WR1	WR1	-	WR1	WR1	WR1	WR1	WR1	WR1		WR1	15.3 	0.0 	0.0 	1.1 	0.0 	7.0 	104.1 	0.8 	1 	0.717 	1.000 	0.990 	3 	1.000 	0.000 	3 	0.953 		184 	Brock Purdy	0.505 	QB4	Bijan Robinson	0.975 	RB1	CeeDee Lamb	0.858 	WR3	Trey McBride	0.666 	TE2		WR1	21.2 	0.0 	0.0 	3.4 	0.0 	21.1 	312.3 	2.4 	1 	0.760 	1.000 	0.990 	4 	1.000 	0.000 	#N/A	0.959 		84.7 	Brock Purdy	100 	QB2	Bijan Robinson	91 	RB3	CeeDee Lamb	75 	WR2	Trey McBride	36 	TE4					Seattle Seahawks	New England Patriots	0 	0.0 	0 	0.0 	8.0 	122 	1.0 	0.0 	0.0 	0.0 	0.0 	18.2 	WR6		Seattle Seahawks	Arizona Cardinals	0 	0.0 	0 	0.0 	9.0 	155 	3.0 	0.0 	0.0 	0.0 	0.0 	33.5 	WR1		Seattle Seahawks	Washington Commanders	14 	0.0 	0 	0.0 	10.0 	128 	2.0 	0.0 	0.0 	0.0 	0.0 	25.4 	WR1		Seattle Seahawks	Los Angeles Chargers	0 	0.0 	0 	0.0 	5.0 	76 	0.0 	0.0 	0.0 	0.0 	0.0 	7.6 	WR32		Seattle Seahawks	San Francisco 49ers	0 	0.0 	1 	0.0 	7.1 	105 	0.8 	0.0 	0.0 	0.0 	0.0 	15.4 	WR1		Seattle Seahawks	Denver Broncos	0 	0.0 	1 	0.0 	6.8 	101 	0.7 	0.0 	0.0 	0.0 	0.0 	14.5 	WR1		Seattle Seahawks	Kansas City Chiefs	0 	0.0 	1 	0.0 	7.1 	105 	0.8 	0.0 	0.0 	0.0 	0.0 	15.4 	WR1		Seattle Seahawks	Chicago Bears	0 	0.0 	1 	0.0 	7.1 	106 	0.8 	0.0 	0.0 	0.0 	0.0 	15.7 	WR1		Seattle Seahawks	Arizona Cardinals	0 	0.0 	1 	0.0 	7.2 	106 	0.9 	0.0 	0.0 	0.0 	0.0 	16.2 	WR1		Seattle Seahawks	Las Vegas Raiders	0 	0.0 	1 	0.0 	6.9 	102 	0.8 	0.0 	0.0 	0.0 	0.0 	15.1 	WR1		Seattle Seahawks	BYE	0 	0.0 	0 	0.0 	0.0 	0 	0.0 	0.0 	0.0 	0.0 	0.0 	0.0 	-		Seattle Seahawks	San Francisco 49ers	0 	0.0 	1 	0.0 	7.1 	105 	0.8 	0.0 	0.0 	0.0 	0.0 	15.3 	WR1		Seattle Seahawks	Dallas Cowboys	0 	0.0 	1 	0.0 	7.2 	106 	0.9 	0.0 	0.0 	0.0 	0.0 	15.9 	WR1		Seattle Seahawks	New York Giants	0 	0.0 	1 	0.0 	7.0 	104 	0.8 	0.0 	0.0 	0.0 	0.0 	15.5 	WR1		Seattle Seahawks	Philadelphia Eagles	0 	0.0 	1 	0.0 	6.9 	102 	0.7 	0.0 	0.0 	0.0 	0.0 	14.5 	WR1		Seattle Seahawks	Los Angeles Rams	0 	0.0 	1 	0.0 	7.1 	105 	0.8 	0.0 	0.0 	0.0 	0.0 	15.5 	WR1		Seattle Seahawks	Carolina Panthers	0 	0.0 	1 	0.0 	6.9 	102 	0.8 	0.0 	0.0 	0.0 	0.0 	15.0 	WR1		Actual	Actual	Actual	Actual	Forecast	Forecast	Forecast	Forecast	Forecast	Forecast	Forecast	Forecast	Forecast	Forecast	Forecast	Forecast	Forecast		Healthy	Healthy	Healthy	Healthy	Healthy	Healthy	Healthy	Healthy	Healthy	Healthy	Healthy	Healthy	Healthy	Healthy	Healthy	Healthy	Healthy		Week 5 2026	10/9/2026	4:29:22 PM	16		43%	46%	1%	1%	0%	0%		(0.0)	0	0	0	0	0	(0.006398)
	Bijan Robinson	Atlanta Falcons	RB	RB2	19.6 	313 	0 	0.0 	0.0 	0.0 	1,676 	104.7 	12.1 	0.8 	60.4 	3.8 	547 	34.2 	3.9 	0.2 	0.0 	2.7 	0.0 	0.851 	1.000 	0.979 	3 	0.992 	0.000 	2 	2 	0 	2 	2 	0 	0.965 			Joe Burrow	0.472 	QB3	Kenneth Walker III	0.913 	RB3	Amon-Ra St. Brown	0.789 	WR3	George Kittle	0.581 	TE3		23.3 	8.1 	33.3 	26.7 	19.9 	19.3 	18.2 	18.0 	18.1 	17.8 	0.0 	17.3 	18.7 	17.6 	18.2 	18.8 	19.7 		RB7	RB22	RB2	RB3	RB2	RB2	RB1	RB2	RB3	RB2	-	RB3	RB1	RB2	RB2	RB2	RB1		RB1	18.5 	0.0 	0.0 	98.5 	0.7 	3.9 	35.5 	0.2 	1 	0.864 	1.000 	0.990 	2 	1.000 	0.000 	1 	0.975 		222 	Joe Burrow	0.584 	QB2	Kenneth Walker III	0.869 	RB4	Amon-Ra St. Brown	0.797 	WR5	George Kittle	0.551 	TE3		RB3	22.9 	0.0 	0.0 	295.5 	2.0 	11.6 	106.6 	0.7 	3 	0.820 	1.000 	0.968 	3 	0.907 	0.000 	#N/A	0.921 		91.4 	Joe Burrow	77 	QB10	Kenneth Walker III	98 	RB1	Amon-Ra St. Brown	60 	WR3	George Kittle	48 	TE1					Atlanta Falcons	Pittsburgh Steelers	0 	0.0 	83 	0.0 	8.0 	90 	1.0 	0.0 	0.0 	0.0 	0.0 	23.3 	RB7		Atlanta Falcons	Carolina Panthers	0 	0.0 	72 	0.0 	3.0 	9 	0.0 	0.0 	0.0 	0.0 	0.0 	8.1 	RB22		Atlanta Falcons	Green Bay Packers	0 	0.0 	194 	2.0 	2.0 	19 	0.0 	0.0 	0.0 	0.0 	0.0 	33.3 	RB2		Atlanta Falcons	New Orleans Saints	0 	0.0 	145 	2.0 	1.0 	2 	0.0 	0.0 	0.0 	0.0 	0.0 	26.7 	RB3		Atlanta Falcons	Baltimore Ravens	0 	0.0 	107 	0.8 	3.8 	35 	0.3 	0.0 	0.2 	0.0 	0.0 	19.9 	RB2		Atlanta Falcons	Chicago Bears	0 	0.0 	103 	0.7 	3.9 	36 	0.3 	0.0 	0.2 	0.0 	0.0 	19.3 	RB2		Atlanta Falcons	San Francisco 49ers	0 	0.0 	96 	0.7 	3.9 	36 	0.2 	0.0 	0.2 	0.0 	0.0 	18.2 	RB1		Atlanta Falcons	Tampa Bay Buccaneers	0 	0.0 	96 	0.6 	3.9 	36 	0.2 	0.0 	0.2 	0.0 	0.0 	18.0 	RB2		Atlanta Falcons	Cincinnati Bengals	0 	0.0 	94 	0.7 	4.0 	37 	0.3 	0.0 	0.2 	0.0 	0.0 	18.1 	RB3		Atlanta Falcons	Kansas City Chiefs	0 	0.0 	95 	0.6 	3.8 	35 	0.2 	0.0 	0.2 	0.0 	0.0 	17.8 	RB2		Atlanta Falcons	BYE	0 	0.0 	0 	0.0 	0.0 	0 	0.0 	0.0 	0.0 	0.0 	0.0 	0.0 	-		Atlanta Falcons	Minnesota Vikings	0 	0.0 	93 	0.6 	3.8 	35 	0.2 	0.0 	0.2 	0.0 	0.0 	17.3 	RB3		Atlanta Falcons	Detroit Lions	0 	0.0 	98 	0.7 	4.0 	37 	0.3 	0.0 	0.2 	0.0 	0.0 	18.7 	RB1		Atlanta Falcons	Cleveland Browns	0 	0.0 	97 	0.6 	3.7 	34 	0.2 	0.0 	0.2 	0.0 	0.0 	17.6 	RB2		Atlanta Falcons	Washington Commanders	0 	0.0 	96 	0.7 	3.9 	36 	0.2 	0.0 	0.2 	0.0 	0.0 	18.2 	RB2		Atlanta Falcons	Tampa Bay Buccaneers	0 	0.0 	101 	0.7 	3.8 	35 	0.2 	0.0 	0.2 	0.0 	0.0 	18.8 	RB2		Atlanta Falcons	New Orleans Saints	0 	0.0 	106 	0.8 	3.8 	35 	0.2 	0.0 	0.2 	0.0 	0.0 	19.7 	RB1		Actual	Actual	Actual	Actual	Forecast	Forecast	Forecast	Forecast	Forecast	Forecast	Forecast	Forecast	Forecast	Forecast	Forecast	Forecast	Forecast		Healthy	Healthy	Healthy	Healthy	Healthy	Healthy	Healthy	Healthy	Healthy	Healthy	Healthy	Healthy	Healthy	Healthy	Healthy	Healthy	Healthy		Week 5 2026	10/9/2026	4:29:22 PM	16		18%	19%	71%	67%	0%	0%		0.1 	0	0	0	0	0	0.053702 
	CeeDee Lamb	Dallas Cowboys	WR	WR2	14.9 	238 	0 	0.0 	0.0 	0.0 	(6)	(0.4)	0.0 	0.0 	117.3 	7.3 	1,638 	102.4 	12.2 	0.8 	0.0 	0.2 	0.0 	0.646 	1.000 	0.980 	3 	0.826 	0.000 	6 	15 	9 	2 	5 	3 	0.868 			Lamar Jackson	0.420 	QB7	Jonathan Taylor	0.899 	RB4	Ja'Marr Chase	0.764 	WR4	Sam LaPorta	0.467 	TE4		10.4 	27.3 	13.2 	24.3 	13.3 	13.8 	12.9 	13.6 	13.9 	13.9 	13.5 	13.5 	12.9 	0.0 	13.6 	14.0 	13.6 		WR20	WR3	WR14	WR2	WR4	WR2	WR3	WR3	WR2	WR2	WR2	WR3	WR3	-	WR2	WR3	WR3		WR3	13.5 	0.0 	0.0 	0.0 	0.0 	6.7 	95.0 	0.7 	3 	0.633 	1.000 	0.970 	2 	0.817 	0.000 	7 	0.858 		162 	Lamar Jackson	0.479 	QB7	Jonathan Taylor	0.936 	RB3	Ja'Marr Chase	0.863 	WR2	Sam LaPorta	0.477 	TE4		WR2	18.8 	0.0 	0.0 	0.0 	0.0 	20.1 	285.0 	2.0 	2 	0.675 	1.000 	0.980 	3 	0.851 	0.000 	#N/A	0.883 		75.2 	Lamar Jackson	79 	QB8	Jonathan Taylor	76 	RB5	Ja'Marr Chase	39 	WR13	Sam LaPorta	35 	TE5					Dallas Cowboys	New York Giants	0 	0.0 	0 	0.0 	5.0 	44 	1.0 	0.0 	0.0 	0.0 	0.0 	10.4 	WR20		Dallas Cowboys	Washington Commanders	0 	0.0 	0 	0.0 	8.0 	153 	2.0 	0.0 	0.0 	0.0 	0.0 	27.3 	WR3		Dallas Cowboys	Baltimore Ravens	0 	0.0 	0 	0.0 	7.0 	112 	0.0 	0.0 	0.0 	0.0 	1.0 	13.2 	WR14		Dallas Cowboys	Houston Texans	0 	0.0 	(6)	0.0 	17.0 	189 	1.0 	0.0 	0.0 	0.0 	0.0 	24.3 	WR2		Dallas Cowboys	Tampa Bay Buccaneers	0 	0.0 	0 	0.0 	6.5 	92 	0.7 	0.0 	0.0 	0.0 	0.0 	13.3 	WR4		Dallas Cowboys	Green Bay Packers	0 	0.0 	0 	0.0 	6.8 	96 	0.7 	0.0 	0.0 	0.0 	0.0 	13.8 	WR2		Dallas Cowboys	Philadelphia Eagles	0 	0.0 	0 	0.0 	6.5 	93 	0.6 	0.0 	0.0 	0.0 	0.0 	12.9 	WR3		Dallas Cowboys	Arizona Cardinals	0 	0.0 	0 	0.0 	6.6 	94 	0.7 	0.0 	0.0 	0.0 	0.0 	13.6 	WR3		Dallas Cowboys	Indianapolis Colts	0 	0.0 	0 	0.0 	6.8 	97 	0.7 	0.0 	0.0 	0.0 	0.0 	13.9 	WR2		Dallas Cowboys	San Francisco 49ers	0 	0.0 	0 	0.0 	6.8 	97 	0.7 	0.0 	0.0 	0.0 	0.0 	13.9 	WR2		Dallas Cowboys	Tennessee Titans	0 	0.0 	0 	0.0 	6.6 	94 	0.7 	0.0 	0.0 	0.0 	0.0 	13.5 	WR2		Dallas Cowboys	Philadelphia Eagles	0 	0.0 	0 	0.0 	6.7 	95 	0.7 	0.0 	0.0 	0.0 	0.0 	13.5 	WR3		Dallas Cowboys	Seattle Seahawks	0 	0.0 	0 	0.0 	6.6 	93 	0.6 	0.0 	0.0 	0.0 	0.0 	12.9 	WR3		Dallas Cowboys	BYE	0 	0.0 	0 	0.0 	0.0 	0 	0.0 	0.0 	0.0 	0.0 	0.0 	0.0 	-		Dallas Cowboys	Los Angeles Rams	0 	0.0 	0 	0.0 	6.8 	97 	0.7 	0.0 	0.0 	0.0 	0.0 	13.6 	WR2		Dallas Cowboys	Jacksonville Jaguars	0 	0.0 	0 	0.0 	6.9 	97 	0.7 	0.0 	0.0 	0.0 	0.0 	14.0 	WR3		Dallas Cowboys	New York Giants	0 	0.0 	0 	0.0 	6.7 	95 	0.7 	0.0 	0.0 	0.0 	0.0 	13.6 	WR3		Actual	Actual	Actual	Actual	Forecast	Forecast	Forecast	Forecast	Forecast	Forecast	Forecast	Forecast	Forecast	Forecast	Forecast	Forecast	Forecast		Healthy	Healthy	Healthy	Healthy	Healthy	Healthy	Healthy	Healthy	Healthy	Healthy	Healthy	Healthy	Healthy	Healthy	Healthy	Healthy	Healthy		Week 5 2026	10/9/2026	4:29:22 PM	16		37%	38%	0%	0%	0%	0%		(0.0)	0	0	0	0	0	(0.024266)
	Kenneth Walker III	Kansas City Chiefs	RB	RB3	18.3 	293 	0 	0.0 	0.0 	0.0 	1,655 	103.4 	11.9 	0.7 	51.8 	3.2 	387 	24.2 	3.8 	0.2 	0.0 	2.5 	0.0 	0.797 	1.000 	0.968 	2 	0.894 	0.000 	4 	19 	15 	3 	12 	9 	0.913 			Dak Prescott	0.440 	QB5	Derrick Henry	0.842 	RB5	Puka Nacua	0.762 	WR5	Tyler Warren	0.405 	TE9		31.1 	17.8 	19.3 	29.9 	0.0 	18.1 	14.7 	14.6 	18.1 	17.0 	19.1 	15.8 	14.4 	15.6 	16.2 	16.5 	15.0 		RB3	RB4	RB5	RB1	-	RB3	RB7	RB6	RB4	RB4	RB1	RB4	RB3	RB4	RB4	RB5	RB5		RB4	16.3 	0.0 	0.0 	93.2 	0.7 	3.3 	25.2 	0.2 	4 	0.761 	1.000 	0.957 	2 	0.810 	0.000 	5 	0.869 		195 	Dak Prescott	0.519 	QB3	Derrick Henry	0.825 	RB5	Puka Nacua	0.829 	WR4	Tyler Warren	0.469 	TE5		RB1	24.5 	0.0 	0.0 	279.5 	2.0 	10.0 	75.7 	0.5 	1 	0.880 	1.000 	0.990 	3 	1.000 	0.000 	#N/A	0.978 		98.1 	Dak Prescott	81 	QB7	Derrick Henry	84 	RB4	Puka Nacua	26 	WR35	Tyler Warren	26 	TE13					Kansas City Chiefs	Denver Broncos	0 	0.0 	173 	1.0 	3.0 	18 	1.0 	0.0 	0.0 	0.0 	0.0 	31.1 	RB3		Kansas City Chiefs	Indianapolis Colts	0 	0.0 	117 	0.0 	6.0 	61 	0.0 	0.0 	0.0 	0.0 	0.0 	17.8 	RB4		Kansas City Chiefs	Miami Dolphins	0 	0.0 	70 	1.0 	2.0 	3 	1.0 	0.0 	0.0 	0.0 	0.0 	19.3 	RB5		Kansas City Chiefs	Las Vegas Raiders	0 	0.0 	177 	2.0 	1.0 	2 	0.0 	0.0 	0.0 	0.0 	0.0 	29.9 	RB1		Kansas City Chiefs	BYE	0 	0.0 	0 	0.0 	0.0 	0 	0.0 	0.0 	0.0 	0.0 	0.0 	0.0 	-		Kansas City Chiefs	Los Angeles Chargers	0 	0.0 	104 	0.8 	3.3 	25 	0.2 	0.0 	0.2 	0.0 	0.0 	18.1 	RB3		Kansas City Chiefs	Seattle Seahawks	0 	0.0 	85 	0.6 	3.3 	25 	0.1 	0.0 	0.2 	0.0 	0.0 	14.7 	RB7		Kansas City Chiefs	Denver Broncos	0 	0.0 	85 	0.5 	3.3 	25 	0.1 	0.0 	0.2 	0.0 	0.0 	14.6 	RB6		Kansas City Chiefs	New York Jets	0 	0.0 	106 	0.8 	3.2 	24 	0.2 	0.0 	0.2 	0.0 	0.0 	18.1 	RB4		Kansas City Chiefs	Atlanta Falcons	0 	0.0 	98 	0.7 	3.3 	25 	0.2 	0.0 	0.2 	0.0 	0.0 	17.0 	RB4		Kansas City Chiefs	Arizona Cardinals	0 	0.0 	110 	0.8 	3.3 	25 	0.2 	0.0 	0.2 	0.0 	0.0 	19.1 	RB1		Kansas City Chiefs	Buffalo Bills	0 	0.0 	89 	0.6 	3.4 	26 	0.2 	0.0 	0.2 	0.0 	0.0 	15.8 	RB4		Kansas City Chiefs	Los Angeles Rams	0 	0.0 	82 	0.5 	3.4 	26 	0.1 	0.0 	0.2 	0.0 	0.0 	14.4 	RB3		Kansas City Chiefs	Cincinnati Bengals	0 	0.0 	88 	0.6 	3.4 	26 	0.2 	0.0 	0.2 	0.0 	0.0 	15.6 	RB4		Kansas City Chiefs	New England Patriots	0 	0.0 	93 	0.7 	3.3 	25 	0.2 	0.0 	0.2 	0.0 	0.0 	16.2 	RB4		Kansas City Chiefs	San Francisco 49ers	0 	0.0 	94 	0.7 	3.4 	26 	0.2 	0.0 	0.2 	0.0 	0.0 	16.5 	RB5		Kansas City Chiefs	Los Angeles Chargers	0 	0.0 	86 	0.6 	3.3 	25 	0.1 	0.0 	0.2 	0.0 	0.0 	15.0 	RB5		Actual	Actual	Actual	Actual	Forecast	Forecast	Forecast	Forecast	Forecast	Forecast	Forecast	Forecast	Forecast	Forecast	Forecast	Forecast	Forecast		Healthy	Healthy	Healthy	Healthy	Healthy	Healthy	Healthy	Healthy	Healthy	Healthy	Healthy	Healthy	Healthy	Healthy	Healthy	Healthy	Healthy		Week 5 2026	10/9/2026	4:29:22 PM	16		12%	10%	67%	65%	0%	0%		(0.1)	0	0	0	0	0	(0.108820)
	Jonathan Taylor	Indianapolis Colts	RB	RB4	18.1 	289 	0 	0.0 	0.0 	0.0 	1,474 	92.1 	17.7 	1.1 	46.5 	2.9 	368 	23.0 	1.2 	0.1 	0.0 	4.0 	0.0 	0.787 	1.000 	0.957 	2 	0.875 	0.000 	5 	5 	0 	4 	4 	0 	0.899 			Tyler Shough	0.432 	QB6	Kyren Williams	0.777 	RB6	Chris Olave	0.734 	WR6	Harold Fannin Jr.	0.437 	TE7		22.1 	25.2 	7.2 	21.7 	16.1 	20.1 	16.9 	16.6 	18.5 	20.9 	15.1 	18.8 	0.0 	15.3 	18.6 	18.5 	17.9 		RB8	RB1	RB27	RB9	RB3	RB1	RB3	RB3	RB2	RB1	RB5	RB1	-	RB5	RB1	RB3	RB2		RB3	17.8 	0.0 	0.0 	93.4 	1.0 	3.0 	24.9 	0.1 	3 	0.831 	1.000 	0.968 	2 	0.940 	0.000 	4 	0.936 		213 	Tyler Shough	0.484 	QB6	Kyren Williams	0.786 	RB6	Chris Olave	0.744 	WR6	Harold Fannin Jr.	0.450 	TE6		RB5	19.1 	0.0 	0.0 	280.3 	2.9 	9.1 	74.8 	0.3 	5 	0.684 	1.000 	0.946 	2 	0.695 	0.000 	#N/A	0.806 		76.2 	Tyler Shough	85 	QB5	Kyren Williams	69 	RB7	Chris Olave	55 	WR5	Harold Fannin Jr.	33 	TE7					Indianapolis Colts	Baltimore Ravens	0 	0.0 	98 	2.0 	3.0 	23 	0.0 	0.0 	1.0 	0.0 	0.0 	22.1 	RB8		Indianapolis Colts	Kansas City Chiefs	0 	0.0 	92 	2.0 	4.0 	40 	0.0 	0.0 	0.0 	0.0 	0.0 	25.2 	RB1		Indianapolis Colts	Houston Texans	0 	0.0 	68 	0.0 	2.0 	4 	0.0 	0.0 	0.0 	0.0 	0.0 	7.2 	RB27		Indianapolis Colts	Washington Commanders	0 	0.0 	95 	2.0 	1.0 	2 	0.0 	0.0 	0.0 	0.0 	0.0 	21.7 	RB9		Indianapolis Colts	Pittsburgh Steelers	0 	0.0 	87 	0.8 	2.9 	24 	0.1 	0.0 	0.2 	0.0 	0.0 	16.1 	RB3		Indianapolis Colts	Tennessee Titans	0 	0.0 	108 	1.1 	3.0 	24 	0.1 	0.0 	0.2 	0.0 	0.0 	20.1 	RB1		Indianapolis Colts	Minnesota Vikings	0 	0.0 	90 	0.9 	3.0 	25 	0.1 	0.0 	0.2 	0.0 	0.0 	16.9 	RB3		Indianapolis Colts	Jacksonville Jaguars	0 	0.0 	86 	0.9 	3.1 	25 	0.1 	0.0 	0.2 	0.0 	0.0 	16.6 	RB3		Indianapolis Colts	Dallas Cowboys	0 	0.0 	95 	1.0 	3.2 	26 	0.1 	0.0 	0.2 	0.0 	0.0 	18.5 	RB2		Indianapolis Colts	Miami Dolphins	0 	0.0 	110 	1.2 	3.0 	25 	0.1 	0.0 	0.2 	0.0 	0.0 	20.9 	RB1		Indianapolis Colts	Houston Texans	0 	0.0 	79 	0.8 	3.0 	25 	0.1 	0.0 	0.2 	0.0 	0.0 	15.1 	RB5		Indianapolis Colts	New York Giants	0 	0.0 	98 	1.1 	3.1 	25 	0.1 	0.0 	0.2 	0.0 	0.0 	18.8 	RB1		Indianapolis Colts	BYE	0 	0.0 	0 	0.0 	0.0 	0 	0.0 	0.0 	0.0 	0.0 	0.0 	0.0 	-		Indianapolis Colts	Philadelphia Eagles	0 	0.0 	80 	0.8 	3.1 	25 	0.1 	0.0 	0.2 	0.0 	0.0 	15.3 	RB5		Indianapolis Colts	Tennessee Titans	0 	0.0 	98 	1.0 	3.1 	25 	0.1 	0.0 	0.2 	0.0 	0.0 	18.6 	RB1		Indianapolis Colts	Cincinnati Bengals	0 	0.0 	95 	1.0 	3.2 	26 	0.1 	0.0 	0.2 	0.0 	0.0 	18.5 	RB3		Indianapolis Colts	Cleveland Browns	0 	0.0 	95 	1.0 	3.0 	24 	0.1 	0.0 	0.2 	0.0 	0.0 	17.9 	RB2		Actual	Actual	Actual	Actual	Forecast	Forecast	Forecast	Forecast	Forecast	Forecast	Forecast	Forecast	Forecast	Forecast	Forecast	Forecast	Forecast		Healthy	Healthy	Healthy	Healthy	Healthy	Healthy	Healthy	Healthy	Healthy	Healthy	Healthy	Healthy	Healthy	Healthy	Healthy	Healthy	Healthy		Week 5 2026	10/9/2026	4:29:22 PM	16		11%	8%	78%	79%	0%	0%		0.1 	0	0	0	0	0	0.130046 
	Amon-Ra St. Brown	Detroit Lions	WR	WR3	13.1 	210 	0 	0.0 	0.0 	0.0 	13 	0.8 	0.1 	0.0 	115.1 	7.2 	1,245 	77.8 	13.9 	0.9 	0.0 	0.2 	0.0 	0.570 	1.000 	0.970 	2 	0.669 	0.000 	8 	12 	4 	3 	4 	1 	0.789 			Jared Goff	0.406 	QB8	Christian McCaffrey	0.729 	RB8	Justin Jefferson	0.668 	WR10	Juwan Johnson	0.462 	TE5		18.7 	26.2 	7.9 	7.5 	13.4 	0.0 	12.6 	12.2 	12.2 	12.2 	12.5 	12.9 	12.5 	12.4 	11.9 	12.5 	12.1 		WR5	WR4	WR31	WR34	WR3	-	WR5	WR5	WR5	WR5	WR3	WR4	WR5	WR4	WR5	WR4	WR5		WR5	12.4 	0.0 	0.0 	1.1 	0.0 	7.0 	78.5 	0.7 	5 	0.582 	1.000 	0.950 	2 	0.705 	0.000 	10 	0.797 		149 	Jared Goff	0.432 	QB11	Christian McCaffrey	0.757 	RB8	Justin Jefferson	0.728 	WR7	Juwan Johnson	0.425 	TE10		WR3	15.1 	0.0 	0.0 	3.3 	0.0 	21.0 	235.4 	2.2 	3 	0.541 	1.000 	0.970 	2 	0.617 	0.000 	#N/A	0.764 		60.3 	Jared Goff	86 	QB4	Christian McCaffrey	58 	RB10	Justin Jefferson	32 	WR23	Juwan Johnson	39 	TE2					Detroit Lions	New Orleans Saints	0 	0.0 	0 	0.0 	10.0 	67 	2.0 	0.0 	0.0 	0.0 	0.0 	18.7 	WR5		Detroit Lions	Buffalo Bills	0 	0.0 	0 	0.0 	9.0 	142 	2.0 	0.0 	0.0 	0.0 	0.0 	26.2 	WR4		Detroit Lions	New York Jets	0 	0.0 	0 	0.0 	4.0 	19 	1.0 	0.0 	0.0 	0.0 	0.0 	7.9 	WR31		Detroit Lions	Carolina Panthers	0 	0.0 	0 	0.0 	8.0 	75 	0.0 	0.0 	0.0 	0.0 	0.0 	7.5 	WR34		Detroit Lions	Arizona Cardinals	0 	0.0 	1 	0.0 	7.3 	82 	0.8 	0.0 	0.0 	0.0 	0.0 	13.4 	WR3		Detroit Lions	BYE	0 	0.0 	0 	0.0 	0.0 	0 	0.0 	0.0 	0.0 	0.0 	0.0 	0.0 	-		Detroit Lions	Green Bay Packers	0 	0.0 	1 	0.0 	7.1 	80 	0.8 	0.0 	0.0 	0.0 	0.0 	12.6 	WR5		Detroit Lions	Minnesota Vikings	0 	0.0 	1 	0.0 	6.9 	77 	0.7 	0.0 	0.0 	0.0 	0.0 	12.2 	WR5		Detroit Lions	Miami Dolphins	0 	0.0 	1 	0.0 	6.9 	77 	0.7 	0.0 	0.0 	0.0 	0.0 	12.2 	WR5		Detroit Lions	New England Patriots	0 	0.0 	1 	0.0 	6.9 	78 	0.7 	0.0 	0.0 	0.0 	0.0 	12.2 	WR5		Detroit Lions	Tampa Bay Buccaneers	0 	0.0 	1 	0.0 	7.0 	78 	0.8 	0.0 	0.0 	0.0 	0.0 	12.5 	WR3		Detroit Lions	Chicago Bears	0 	0.0 	1 	0.0 	7.2 	81 	0.8 	0.0 	0.0 	0.0 	0.0 	12.9 	WR4		Detroit Lions	Atlanta Falcons	0 	0.0 	1 	0.0 	7.0 	79 	0.7 	0.0 	0.0 	0.0 	0.0 	12.5 	WR5		Detroit Lions	Tennessee Titans	0 	0.0 	1 	0.0 	6.9 	77 	0.7 	0.0 	0.0 	0.0 	0.0 	12.4 	WR4		Detroit Lions	Minnesota Vikings	0 	0.0 	1 	0.0 	6.8 	76 	0.7 	0.0 	0.0 	0.0 	0.0 	11.9 	WR5		Detroit Lions	New York Giants	0 	0.0 	1 	0.0 	7.0 	78 	0.8 	0.0 	0.0 	0.0 	0.0 	12.5 	WR4		Detroit Lions	Chicago Bears	0 	0.0 	1 	0.0 	7.0 	78 	0.7 	0.0 	0.0 	0.0 	0.0 	12.1 	WR5		Actual	Actual	Actual	Actual	Forecast	Forecast	Forecast	Forecast	Forecast	Forecast	Forecast	Forecast	Forecast	Forecast	Forecast	Forecast	Forecast		Healthy	Healthy	Healthy	Healthy	Healthy	Healthy	Healthy	Healthy	Healthy	Healthy	Healthy	Healthy	Healthy	Healthy	Healthy	Healthy	Healthy		Week 5 2026	10/9/2026	4:29:22 PM	16		31%	40%	1%	1%	0%	0%		0.0 	0	0	0	0	0	0.032671 
	Derrick Henry	Baltimore Ravens	RB	RB5	16.7 	268 	0 	0.0 	0.0 	0.0 	1,453 	90.8 	17.8 	1.1 	23.0 	1.4 	166 	10.3 	0.6 	0.0 	0.0 	2.3 	0.0 	0.728 	1.000 	0.946 	2 	0.767 	0.000 	7 	11 	4 	5 	8 	3 	0.842 			Bryce Young	0.386 	QB9	Ashton Jeanty	0.689 	RB10	Nico Collins	0.684 	WR7	Travis Kelce	0.449 	TE6		34.3 	14.7 	20.9 	13.9 	13.2 	14.2 	16.2 	14.6 	16.5 	15.5 	15.9 	13.7 	0.0 	17.1 	15.1 	17.3 	14.6 		RB1	RB7	RB3	RB15	RB8	RB8	RB4	RB5	RB5	RB6	RB4	RB7	-	RB3	RB6	RB4	RB7		RB5	15.3 	0.0 	0.0 	90.0 	0.9 	1.3 	10.1 	0.0 	5 	0.717 	1.000 	0.946 	2 	0.729 	0.000 	9 	0.825 		184 	Bryce Young	0.301 	QB24	Ashton Jeanty	0.720 	RB9	Nico Collins	0.689 	WR8	Travis Kelce	0.432 	TE9		RB4	21.0 	0.0 	0.0 	269.9 	2.7 	4.0 	30.4 	0.1 	4 	0.752 	1.000 	0.957 	2 	0.801 	0.000 	#N/A	0.864 		83.8 	Bryce Young	91 	QB3	Ashton Jeanty	55 	RB11	Nico Collins	38 	WR15	Travis Kelce	37 	TE3					Baltimore Ravens	Indianapolis Colts	0 	0.0 	144 	3.0 	1.0 	19 	0.0 	0.0 	0.0 	0.0 	0.0 	34.3 	RB1		Baltimore Ravens	New Orleans Saints	0 	0.0 	68 	1.0 	3.0 	19 	0.0 	0.0 	0.0 	0.0 	0.0 	14.7 	RB7		Baltimore Ravens	Dallas Cowboys	0 	0.0 	89 	2.0 	1.0 	0 	0.0 	0.0 	0.0 	0.0 	0.0 	20.9 	RB3		Baltimore Ravens	Tennessee Titans	0 	0.0 	73 	1.0 	2.0 	6 	0.0 	0.0 	0.0 	0.0 	0.0 	13.9 	RB15		Baltimore Ravens	Atlanta Falcons	0 	0.0 	83 	0.7 	1.3 	10 	0.0 	0.0 	0.2 	0.0 	0.0 	13.2 	RB8		Baltimore Ravens	Cleveland Browns	0 	0.0 	85 	0.8 	1.3 	10 	0.0 	0.0 	0.2 	0.0 	0.0 	14.2 	RB8		Baltimore Ravens	Cincinnati Bengals	0 	0.0 	93 	1.0 	1.4 	11 	0.1 	0.0 	0.2 	0.0 	0.0 	16.2 	RB4		Baltimore Ravens	Buffalo Bills	0 	0.0 	85 	0.9 	1.4 	10 	0.1 	0.0 	0.2 	0.0 	0.0 	14.6 	RB5		Baltimore Ravens	Jacksonville Jaguars	0 	0.0 	95 	1.0 	1.4 	10 	0.1 	0.0 	0.2 	0.0 	0.0 	16.5 	RB5		Baltimore Ravens	Los Angeles Chargers	0 	0.0 	90 	0.9 	1.4 	10 	0.1 	0.0 	0.2 	0.0 	0.0 	15.5 	RB6		Baltimore Ravens	Carolina Panthers	0 	0.0 	93 	0.9 	1.3 	10 	0.0 	0.0 	0.2 	0.0 	0.0 	15.9 	RB4		Baltimore Ravens	Houston Texans	0 	0.0 	82 	0.8 	1.3 	10 	0.0 	0.0 	0.2 	0.0 	0.0 	13.7 	RB7		Baltimore Ravens	BYE	0 	0.0 	0 	0.0 	0.0 	0 	0.0 	0.0 	0.0 	0.0 	0.0 	0.0 	-		Baltimore Ravens	Tampa Bay Buccaneers	0 	0.0 	99 	1.0 	1.3 	10 	0.1 	0.0 	0.2 	0.0 	0.0 	17.1 	RB3		Baltimore Ravens	Pittsburgh Steelers	0 	0.0 	88 	0.9 	1.3 	10 	0.0 	0.0 	0.2 	0.0 	0.0 	15.1 	RB6		Baltimore Ravens	Cleveland Browns	0 	0.0 	101 	1.0 	1.3 	10 	0.0 	0.0 	0.2 	0.0 	0.0 	17.3 	RB4		Baltimore Ravens	Cincinnati Bengals	0 	0.0 	85 	0.9 	1.4 	10 	0.1 	0.0 	0.2 	0.0 	0.0 	14.6 	RB7		Actual	Actual	Actual	Actual	Forecast	Forecast	Forecast	Forecast	Forecast	Forecast	Forecast	Forecast	Forecast	Forecast	Forecast	Forecast	Forecast		Healthy	Healthy	Healthy	Healthy	Healthy	Healthy	Healthy	Healthy	Healthy	Healthy	Healthy	Healthy	Healthy	Healthy	Healthy	Healthy	Healthy		Week 5 2026	10/9/2026	4:29:22 PM	16		5%	4%	59%	65%	0%	0%		(0.0)	0	0	0	0	0	(0.039105)
	Ja'Marr Chase	Cincinnati Bengals	WR	WR4	12.6 	202 	0 	0.0 	0.0 	0.0 	0 	0.0 	0.0 	0.0 	114.1 	7.1 	1,264 	79.0 	12.6 	0.8 	0.0 	0.2 	0.0 	0.548 	1.000 	0.960 	2 	0.624 	0.000 	10 	3 	(7)	4 	1 	(3)	0.764 			Patrick Mahomes II	0.366 	QB10	Javonte Williams	0.716 	RB9	Zay Flowers	0.681 	WR8	Isaiah Likely	0.383 	TE10		1.2 	19.5 	15.8 	2.7 	12.3 	0.0 	13.6 	13.8 	13.9 	13.5 	14.0 	13.6 	13.1 	13.4 	13.4 	14.0 	14.0 		WR81	WR5	WR5	WR59	WR5	-	WR2	WR2	WR3	WR3	WR1	WR2	WR2	WR2	WR3	WR2	WR2		WR2	13.5 	0.0 	0.0 	0.0 	0.0 	7.8 	87.7 	0.8 	2 	0.634 	1.000 	0.980 	2 	0.818 	0.000 	6 	0.863 		163 	Patrick Mahomes II	0.362 	QB16	Javonte Williams	0.705 	RB10	Zay Flowers	0.652 	WR10	Isaiah Likely	0.386 	TE11		WR13	9.8 	0.0 	0.0 	0.0 	0.0 	23.3 	263.1 	2.4 	13 	0.352 	1.000 	0.870 	1 	0.285 	0.000 	#N/A	0.558 		39.2 	Patrick Mahomes II	84 	QB6	Javonte Williams	67 	RB8	Zay Flowers	49 	WR7	Isaiah Likely	31 	TE9					Cincinnati Bengals	Tampa Bay Buccaneers	0 	0.0 	0 	0.0 	2.0 	12 	0.0 	0.0 	0.0 	0.0 	0.0 	1.2 	WR81		Cincinnati Bengals	Houston Texans	0 	0.0 	0 	0.0 	7.0 	75 	2.0 	0.0 	0.0 	0.0 	0.0 	19.5 	WR5		Cincinnati Bengals	Pittsburgh Steelers	0 	0.0 	0 	0.0 	9.0 	98 	1.0 	0.0 	0.0 	0.0 	0.0 	15.8 	WR5		Cincinnati Bengals	Jacksonville Jaguars	0 	0.0 	0 	0.0 	3.0 	27 	0.0 	0.0 	0.0 	0.0 	0.0 	2.7 	WR59		Cincinnati Bengals	Miami Dolphins	0 	0.0 	0 	0.0 	7.1 	80 	0.7 	0.0 	0.0 	0.0 	0.0 	12.3 	WR5		Cincinnati Bengals	BYE	0 	0.0 	0 	0.0 	0.0 	0 	0.0 	0.0 	0.0 	0.0 	0.0 	0.0 	-		Cincinnati Bengals	Baltimore Ravens	0 	0.0 	0 	0.0 	7.9 	89 	0.8 	0.0 	0.0 	0.0 	0.0 	13.6 	WR2		Cincinnati Bengals	Tennessee Titans	0 	0.0 	0 	0.0 	7.8 	88 	0.8 	0.0 	0.0 	0.0 	0.0 	13.8 	WR2		Cincinnati Bengals	Atlanta Falcons	0 	0.0 	0 	0.0 	7.9 	89 	0.8 	0.0 	0.0 	0.0 	0.0 	13.9 	WR3		Cincinnati Bengals	Pittsburgh Steelers	0 	0.0 	0 	0.0 	7.8 	88 	0.8 	0.0 	0.0 	0.0 	0.0 	13.5 	WR3		Cincinnati Bengals	Washington Commanders	0 	0.0 	0 	0.0 	8.0 	90 	0.8 	0.0 	0.0 	0.0 	0.0 	14.0 	WR1		Cincinnati Bengals	New Orleans Saints	0 	0.0 	0 	0.0 	7.7 	87 	0.8 	0.0 	0.0 	0.0 	0.0 	13.6 	WR2		Cincinnati Bengals	Cleveland Browns	0 	0.0 	0 	0.0 	7.6 	86 	0.8 	0.0 	0.0 	0.0 	0.0 	13.1 	WR2		Cincinnati Bengals	Kansas City Chiefs	0 	0.0 	0 	0.0 	7.7 	87 	0.8 	0.0 	0.0 	0.0 	0.0 	13.4 	WR2		Cincinnati Bengals	Carolina Panthers	0 	0.0 	0 	0.0 	7.7 	87 	0.8 	0.0 	0.0 	0.0 	0.0 	13.4 	WR3		Cincinnati Bengals	Indianapolis Colts	0 	0.0 	0 	0.0 	8.0 	90 	0.8 	0.0 	0.0 	0.0 	0.0 	14.0 	WR2		Cincinnati Bengals	Baltimore Ravens	0 	0.0 	0 	0.0 	8.0 	90 	0.8 	0.0 	0.0 	0.0 	0.0 	14.0 	WR2		Actual	Actual	Actual	Actual	Forecast	Forecast	Forecast	Forecast	Forecast	Forecast	Forecast	Forecast	Forecast	Forecast	Forecast	Forecast	Forecast		Healthy	Healthy	Healthy	Healthy	Limited / Handicapped	Healthy	Healthy	Healthy	Healthy	Healthy	Healthy	Healthy	Healthy	Healthy	Healthy	Healthy	Healthy		Week 5 2026	10/9/2026	4:29:22 PM	16		33%	38%	0%	0%	0%	0%		0.3 	0	0	0	0	0	0.305202 
	Puka Nacua	Los Angeles Rams	WR	WR5	13.0 	182 	0 	0.0 	0.0 	0.0 	34 	2.4 	1.1 	0.1 	92.2 	6.6 	1,271 	90.8 	7.6 	0.5 	0.0 	0.2 	0.0 	0.496 	1.000 	0.940 	2 	0.662 	0.000 	11 	6 	(5)	6 	2 	(4)	0.762 			Jalen Hurts	0.354 	QB11	James Cook III	0.744 	RB7	Christian Watson	0.677 	WR9	Dalton Kincaid	0.419 	TE8		7.4 	0.0 	0.0 	18.7 	13.8 	13.5 	12.7 	13.0 	13.3 	13.0 	0.0 	12.8 	12.7 	13.0 	13.3 	12.4 	12.8 		WR29	-	-	WR4	WR2	WR3	WR4	WR4	WR4	WR4	-	WR5	WR4	WR3	WR4	WR5	WR4		WR4	13.0 	0.0 	0.0 	2.7 	0.0 	6.5 	89.3 	0.6 	4 	0.609 	1.000 	0.960 	2 	0.764 	0.000 	8 	0.829 		156 	Jalen Hurts	0.473 	QB8	James Cook III	0.769 	RB7	Christian Watson	0.636 	WR12	Dalton Kincaid	0.439 	TE8		WR37	13.1 	0.0 	0.0 	16.0 	0.1 	39.1 	535.8 	3.8 	37 	0.234 	1.000 	0.630 	0 	0.078 	0.000 	#N/A	0.350 		26.1 	Jalen Hurts	67 	QB12	James Cook III	61 	RB9	Christian Watson	57 	WR4	Dalton Kincaid	31 	TE10					Los Angeles Rams	San Francisco 49ers	0 	0.0 	0 	0.0 	5.0 	74 	0.0 	0.0 	0.0 	0.0 	0.0 	7.4 	WR29		Los Angeles Rams	New York Giants	0 	0.0 	0 	0.0 	0.0 	0 	0.0 	0.0 	0.0 	0.0 	0.0 	0.0 	-		Los Angeles Rams	Denver Broncos	0 	0.0 	0 	0.0 	0.0 	0 	0.0 	0.0 	0.0 	0.0 	0.0 	0.0 	-		Los Angeles Rams	Philadelphia Eagles	0 	0.0 	2 	1.0 	9.0 	125 	0.0 	0.0 	0.0 	0.0 	0.0 	18.7 	WR4		Los Angeles Rams	Buffalo Bills	0 	0.0 	3 	0.0 	6.8 	94 	0.7 	0.0 	0.0 	0.0 	0.0 	13.8 	WR2		Los Angeles Rams	Arizona Cardinals	0 	0.0 	3 	0.0 	6.6 	90 	0.7 	0.0 	0.0 	0.0 	0.0 	13.5 	WR3		Los Angeles Rams	Las Vegas Raiders	0 	0.0 	3 	0.0 	6.4 	87 	0.6 	0.0 	0.0 	0.0 	0.0 	12.7 	WR4		Los Angeles Rams	Los Angeles Chargers	0 	0.0 	2 	0.0 	6.6 	90 	0.6 	0.0 	0.0 	0.0 	0.0 	13.0 	WR4		Los Angeles Rams	Washington Commanders	0 	0.0 	3 	0.0 	6.6 	91 	0.7 	0.0 	0.0 	0.0 	0.0 	13.3 	WR4		Los Angeles Rams	Arizona Cardinals	0 	0.0 	3 	0.0 	6.4 	88 	0.6 	0.0 	0.0 	0.0 	0.0 	13.0 	WR4		Los Angeles Rams	BYE	0 	0.0 	0 	0.0 	0.0 	0 	0.0 	0.0 	0.0 	0.0 	0.0 	0.0 	-		Los Angeles Rams	Green Bay Packers	0 	0.0 	3 	0.0 	6.5 	89 	0.6 	0.0 	0.0 	0.0 	0.0 	12.8 	WR5		Los Angeles Rams	Kansas City Chiefs	0 	0.0 	3 	0.0 	6.4 	88 	0.6 	0.0 	0.0 	0.0 	0.0 	12.7 	WR4		Los Angeles Rams	San Francisco 49ers	0 	0.0 	2 	0.0 	6.6 	90 	0.6 	0.0 	0.0 	0.0 	0.0 	13.0 	WR3		Los Angeles Rams	Dallas Cowboys	0 	0.0 	3 	0.0 	6.6 	90 	0.7 	0.0 	0.0 	0.0 	0.0 	13.3 	WR4		Los Angeles Rams	Seattle Seahawks	0 	0.0 	2 	0.0 	6.4 	88 	0.6 	0.0 	0.0 	0.0 	0.0 	12.4 	WR5		Los Angeles Rams	Tampa Bay Buccaneers	0 	0.0 	3 	0.0 	6.5 	89 	0.6 	0.0 	0.0 	0.0 	0.0 	12.8 	WR4		Actual	Actual	Actual	Actual	Forecast	Forecast	Forecast	Forecast	Forecast	Forecast	Forecast	Forecast	Forecast	Forecast	Forecast	Forecast	Forecast		Healthy	Injured	Injured	Healthy	Healthy	Healthy	Healthy	Healthy	Healthy	Healthy	Healthy	Healthy	Healthy	Healthy	Healthy	Healthy	Healthy		Week 5 2026	10/9/2026	4:29:22 PM	16		38%	33%	2%	1%	0%	0%		0.5 	1	1	0	0	0	
	Kyren Williams	Los Angeles Rams	RB	RB6	15.2 	243 	0 	0.0 	0.0 	0.0 	1,173 	73.3 	10.1 	0.6 	58.4 	3.6 	483 	30.2 	3.8 	0.2 	0.0 	3.1 	0.0 	0.660 	1.000 	0.934 	2 	0.644 	0.000 	9 	20 	11 	6 	13 	7 	0.777 			Jordan Love	0.314 	QB14	Chase Brown	0.608 	RB13	Tee Higgins	0.649 	WR11	Tucker Kraft	0.365 	TE13		12.5 	13.7 	15.8 	26.7 	14.6 	16.5 	14.7 	13.7 	14.7 	15.8 	0.0 	14.2 	14.0 	13.7 	15.5 	12.4 	14.2 		RB16	RB8	RB10	RB3	RB5	RB4	RB6	RB9	RB7	RB5	-	RB5	RB5	RB6	RB5	RB12	RB8		RB6	14.5 	0.0 	0.0 	73.2 	0.6 	3.1 	25.9 	0.2 	6 	0.679 	1.000 	0.934 	2 	0.658 	0.000 	11 	0.786 		174 	Jordan Love	0.421 	QB12	Chase Brown	0.678 	RB11	Tee Higgins	0.664 	WR9	Tucker Kraft	0.444 	TE7		RB7	17.2 	0.0 	0.0 	219.7 	1.8 	9.3 	77.6 	0.7 	7 	0.616 	1.000 	0.923 	2 	0.591 	0.000 	#N/A	0.744 		68.7 	Jordan Love	65 	QB15	Chase Brown	37 	RB21	Tee Higgins	46 	WR9	Tucker Kraft	21 	TE20					Los Angeles Rams	San Francisco 49ers	0 	0.0 	41 	1.0 	3.0 	24 	0.0 	0.0 	0.0 	0.0 	0.0 	12.5 	RB16		Los Angeles Rams	New York Giants	0 	0.0 	85 	0.0 	2.0 	12 	1.0 	0.0 	1.0 	0.0 	0.0 	13.7 	RB8		Los Angeles Rams	Denver Broncos	0 	0.0 	88 	0.0 	6.0 	70 	0.0 	0.0 	0.0 	0.0 	0.0 	15.8 	RB10		Los Angeles Rams	Philadelphia Eagles	0 	0.0 	80 	2.0 	10.0 	67 	0.0 	0.0 	0.0 	0.0 	0.0 	26.7 	RB3		Los Angeles Rams	Buffalo Bills	0 	0.0 	71 	0.6 	3.3 	27 	0.2 	0.0 	0.2 	0.0 	0.0 	14.6 	RB5		Los Angeles Rams	Arizona Cardinals	0 	0.0 	84 	0.7 	3.1 	26 	0.3 	0.0 	0.2 	0.0 	0.0 	16.5 	RB4		Los Angeles Rams	Las Vegas Raiders	0 	0.0 	76 	0.6 	3.0 	25 	0.2 	0.0 	0.2 	0.0 	0.0 	14.7 	RB6		Los Angeles Rams	Los Angeles Chargers	0 	0.0 	69 	0.5 	3.1 	26 	0.2 	0.0 	0.2 	0.0 	0.0 	13.7 	RB9		Los Angeles Rams	Washington Commanders	0 	0.0 	74 	0.6 	3.2 	26 	0.2 	0.0 	0.2 	0.0 	0.0 	14.7 	RB7		Los Angeles Rams	Arizona Cardinals	0 	0.0 	81 	0.7 	3.1 	25 	0.2 	0.0 	0.2 	0.0 	0.0 	15.8 	RB5		Los Angeles Rams	BYE	0 	0.0 	0 	0.0 	0.0 	0 	0.0 	0.0 	0.0 	0.0 	0.0 	0.0 	-		Los Angeles Rams	Green Bay Packers	0 	0.0 	72 	0.6 	3.1 	26 	0.2 	0.0 	0.2 	0.0 	0.0 	14.2 	RB5		Los Angeles Rams	Kansas City Chiefs	0 	0.0 	71 	0.6 	3.1 	25 	0.2 	0.0 	0.2 	0.0 	0.0 	14.0 	RB5		Los Angeles Rams	San Francisco 49ers	0 	0.0 	69 	0.5 	3.1 	26 	0.2 	0.0 	0.2 	0.0 	0.0 	13.7 	RB6		Los Angeles Rams	Dallas Cowboys	0 	0.0 	78 	0.7 	3.1 	26 	0.2 	0.0 	0.2 	0.0 	0.0 	15.5 	RB5		Los Angeles Rams	Seattle Seahawks	0 	0.0 	62 	0.5 	3.1 	25 	0.2 	0.0 	0.2 	0.0 	0.0 	12.4 	RB12		Los Angeles Rams	Tampa Bay Buccaneers	0 	0.0 	72 	0.6 	3.1 	26 	0.2 	0.0 	0.2 	0.0 	0.0 	14.2 	RB8		Actual	Actual	Actual	Actual	Forecast	Forecast	Forecast	Forecast	Forecast	Forecast	Forecast	Forecast	Forecast	Forecast	Forecast	Forecast	Forecast		Healthy	Healthy	Healthy	Healthy	Healthy	Healthy	Healthy	Healthy	Healthy	Healthy	Healthy	Healthy	Healthy	Healthy	Healthy	Healthy	Healthy		Week 5 2026	10/9/2026	4:29:22 PM	16		11%	12%	55%	62%	0%	0%		0.0 	0	0	0	0	0	0.041480 
	Chris Olave	New Orleans Saints	WR	WR6	12.0 	192 	0 	0.0 	0.0 	0.0 	0 	0.0 	0.0 	0.0 	116.2 	7.3 	1,489 	93.1 	7.3 	0.5 	0.0 	0.2 	0.0 	0.523 	1.000 	0.950 	2 	0.571 	0.000 	14 	24 	10 	5 	8 	3 	0.734 			Trevor Lawrence	0.321 	QB13	Chuba Hubbard	0.643 	RB11	Tetairoa McMillan	0.605 	WR13	T.J. Hockenson	0.304 	TE15		18.2 	14.6 	10.7 	11.6 	11.4 	12.4 	11.6 	0.0 	11.3 	11.3 	11.3 	11.6 	11.2 	11.0 	11.3 	11.7 	11.2 		WR7	WR11	WR21	WR14	WR6	WR4	WR7	-	WR7	WR6	WR5	WR6	WR7	WR5	WR7	WR6	WR6		WR6	11.4 	0.0 	0.0 	0.0 	0.0 	6.8 	83.2 	0.5 	6 	0.535 	1.000 	0.940 	2 	0.602 	0.000 	15 	0.744 		137 	Trevor Lawrence	0.415 	QB13	Chuba Hubbard	0.570 	RB18	Tetairoa McMillan	0.590 	WR16	T.J. Hockenson	0.316 	TE14		WR5	13.8 	0.0 	0.0 	0.0 	0.0 	20.3 	249.6 	1.6 	5 	0.494 	1.000 	0.950 	2 	0.535 	0.000 	#N/A	0.716 		55.1 	Trevor Lawrence	65 	QB14	Chuba Hubbard	69 	RB6	Tetairoa McMillan	49 	WR8	T.J. Hockenson	26 	TE13					New Orleans Saints	Detroit Lions	0 	0.0 	0 	0.0 	10.0 	182 	0.0 	0.0 	0.0 	0.0 	0.0 	18.2 	WR7		New Orleans Saints	Baltimore Ravens	0 	0.0 	0 	0.0 	8.0 	86 	1.0 	0.0 	0.0 	0.0 	0.0 	14.6 	WR11		New Orleans Saints	Las Vegas Raiders	0 	0.0 	0 	0.0 	9.0 	107 	0.0 	0.0 	0.0 	0.0 	0.0 	10.7 	WR21		New Orleans Saints	Atlanta Falcons	0 	0.0 	0 	0.0 	8.0 	116 	0.0 	0.0 	0.0 	0.0 	0.0 	11.6 	WR14		New Orleans Saints	Minnesota Vikings	0 	0.0 	0 	0.0 	6.8 	84 	0.5 	0.0 	0.0 	0.0 	0.0 	11.4 	WR6		New Orleans Saints	New York Giants	0 	0.0 	0 	0.0 	7.2 	88 	0.6 	0.0 	0.0 	0.0 	0.0 	12.4 	WR4		New Orleans Saints	Pittsburgh Steelers	0 	0.0 	0 	0.0 	6.9 	85 	0.5 	0.0 	0.0 	0.0 	0.0 	11.6 	WR7		New Orleans Saints	BYE	0 	0.0 	0 	0.0 	0.0 	0 	0.0 	0.0 	0.0 	0.0 	0.0 	0.0 	-		New Orleans Saints	Cleveland Browns	0 	0.0 	0 	0.0 	6.6 	82 	0.5 	0.0 	0.0 	0.0 	0.0 	11.3 	WR7		New Orleans Saints	Carolina Panthers	0 	0.0 	0 	0.0 	6.6 	82 	0.5 	0.0 	0.0 	0.0 	0.0 	11.3 	WR6		New Orleans Saints	Chicago Bears	0 	0.0 	0 	0.0 	6.8 	83 	0.5 	0.0 	0.0 	0.0 	0.0 	11.3 	WR5		New Orleans Saints	Cincinnati Bengals	0 	0.0 	0 	0.0 	6.9 	85 	0.5 	0.0 	0.0 	0.0 	0.0 	11.6 	WR6		New Orleans Saints	Green Bay Packers	0 	0.0 	0 	0.0 	6.7 	82 	0.5 	0.0 	0.0 	0.0 	0.0 	11.2 	WR7		New Orleans Saints	Carolina Panthers	0 	0.0 	0 	0.0 	6.5 	81 	0.5 	0.0 	0.0 	0.0 	0.0 	11.0 	WR5		New Orleans Saints	Tampa Bay Buccaneers	0 	0.0 	0 	0.0 	6.7 	83 	0.5 	0.0 	0.0 	0.0 	0.0 	11.3 	WR7		New Orleans Saints	Arizona Cardinals	0 	0.0 	0 	0.0 	6.8 	83 	0.6 	0.0 	0.0 	0.0 	0.0 	11.7 	WR6		New Orleans Saints	Atlanta Falcons	0 	0.0 	0 	0.0 	6.7 	82 	0.5 	0.0 	0.0 	0.0 	0.0 	11.2 	WR6		Actual	Actual	Actual	Actual	Forecast	Forecast	Forecast	Forecast	Forecast	Forecast	Forecast	Forecast	Forecast	Forecast	Forecast	Forecast	Forecast		Healthy	Healthy	Healthy	Healthy	Healthy	Healthy	Healthy	Healthy	Healthy	Healthy	Healthy	Healthy	Healthy	Healthy	Healthy	Healthy	Healthy		Week 5 2026	10/9/2026	4:29:22 PM	16		33%	31%	0%	0%	0%	0%		0.0 	0	0	0	0	0	0.028291 
	Christian McCaffrey	San Francisco 49ers	RB	RB8	14.2 	227 	0 	0.0 	0.0 	0.0 	977 	61.1 	10.4 	0.7 	65.6 	4.1 	509 	31.8 	3.2 	0.2 	0.0 	2.0 	0.0 	0.616 	1.000 	0.911 	1 	0.565 	0.000 	15 	4 	(11)	8 	3 	(5)	0.729 			Caleb Williams	0.342 	QB12	D'Andre Swift	0.633 	RB12	Garrett Wilson	0.577 	WR15	Dallas Goedert	0.374 	TE11		8.8 	18.6 	17.6 	13.0 	12.6 	16.3 	14.9 	0.0 	16.1 	14.1 	14.2 	13.1 	14.3 	13.4 	13.1 	12.8 	13.7 		RB24	RB3	RB6	RB17	RB11	RB5	RB5	-	RB6	RB8	RB7	RB10	RB4	RB7	RB8	RB9	RB9		RB8	14.1 	0.0 	0.0 	63.3 	0.5 	4.1 	32.3 	0.3 	8 	0.658 	1.000 	0.911 	2 	0.621 	0.000 	13 	0.757 		169 	Caleb Williams	0.465 	QB9	D'Andre Swift	0.638 	RB13	Garrett Wilson	0.604 	WR14	Dallas Goedert	0.372 	TE12		RB10	14.5 	0.0 	0.0 	189.9 	1.6 	12.4 	96.8 	0.8 	10 	0.520 	1.000 	0.888 	1 	0.442 	0.000 	#N/A	0.654 		58.0 	Caleb Williams	46 	QB23	D'Andre Swift	54 	RB13	Garrett Wilson	39 	WR14	Dallas Goedert	20 	TE22					San Francisco 49ers	Los Angeles Rams	0 	0.0 	68 	0.0 	5.0 	20 	0.0 	0.0 	0.0 	0.0 	0.0 	8.8 	RB24		San Francisco 49ers	Miami Dolphins	0 	0.0 	23 	2.0 	4.0 	43 	0.0 	0.0 	0.0 	0.0 	0.0 	18.6 	RB3		San Francisco 49ers	Arizona Cardinals	0 	0.0 	75 	1.0 	4.0 	41 	0.0 	0.0 	0.0 	0.0 	0.0 	17.6 	RB6		San Francisco 49ers	Denver Broncos	0 	0.0 	52 	1.0 	3.0 	18 	0.0 	0.0 	0.0 	0.0 	0.0 	13.0 	RB17		San Francisco 49ers	Seattle Seahawks	0 	0.0 	57 	0.4 	4.0 	31 	0.2 	0.0 	0.2 	0.0 	0.0 	12.6 	RB11		San Francisco 49ers	Washington Commanders	0 	0.0 	74 	0.7 	4.2 	33 	0.3 	0.0 	0.2 	0.0 	0.0 	16.3 	RB5		San Francisco 49ers	Atlanta Falcons	0 	0.0 	68 	0.6 	4.1 	32 	0.3 	0.0 	0.2 	0.0 	0.0 	14.9 	RB5		San Francisco 49ers	BYE	0 	0.0 	0 	0.0 	0.0 	0 	0.0 	0.0 	0.0 	0.0 	0.0 	0.0 	-		San Francisco 49ers	Las Vegas Raiders	0 	0.0 	75 	0.7 	4.0 	32 	0.3 	0.0 	0.2 	0.0 	0.0 	16.1 	RB6		San Francisco 49ers	Dallas Cowboys	0 	0.0 	61 	0.5 	4.3 	34 	0.3 	0.0 	0.2 	0.0 	0.0 	14.1 	RB8		San Francisco 49ers	Minnesota Vikings	0 	0.0 	64 	0.5 	4.2 	33 	0.3 	0.0 	0.2 	0.0 	0.0 	14.2 	RB7		San Francisco 49ers	Seattle Seahawks	0 	0.0 	59 	0.5 	4.1 	32 	0.3 	0.0 	0.2 	0.0 	0.0 	13.1 	RB10		San Francisco 49ers	New York Giants	0 	0.0 	64 	0.6 	4.2 	33 	0.3 	0.0 	0.2 	0.0 	0.0 	14.3 	RB4		San Francisco 49ers	Los Angeles Rams	0 	0.0 	60 	0.5 	4.2 	33 	0.3 	0.0 	0.2 	0.0 	0.0 	13.4 	RB7		San Francisco 49ers	Los Angeles Chargers	0 	0.0 	59 	0.5 	4.1 	32 	0.3 	0.0 	0.2 	0.0 	0.0 	13.1 	RB8		San Francisco 49ers	Kansas City Chiefs	0 	0.0 	58 	0.5 	4.1 	32 	0.2 	0.0 	0.2 	0.0 	0.0 	12.8 	RB9		San Francisco 49ers	Philadelphia Eagles	0 	0.0 	62 	0.5 	4.1 	32 	0.3 	0.0 	0.2 	0.0 	0.0 	13.7 	RB9		Actual	Actual	Actual	Actual	Forecast	Forecast	Forecast	Forecast	Forecast	Forecast	Forecast	Forecast	Forecast	Forecast	Forecast	Forecast	Forecast		Healthy	Healthy	Healthy	Healthy	Healthy	Healthy	Healthy	Healthy	Healthy	Healthy	Healthy	Healthy	Healthy	Healthy	Healthy	Healthy	Healthy		Week 5 2026	10/9/2026	4:29:22 PM	16		14%	16%	52%	60%	0%	0%		0.1 	0	0	0	0	0	0.102716 
	Brock Bowers	Las Vegas Raiders	TE	TE1	11.4 	160 	0 	0.0 	0.0 	0.0 	0 	0.0 	0.0 	0.0 	91.0 	6.5 	1,102 	78.7 	8.3 	0.6 	0.0 	0.2 	0.0 	0.434 	0.560 	0.554 	2 	1.000 	0.000 	13 	26 	13 	1 	2 	1 	0.737 			Jayden Daniels	0.300 	QB16	Bucky Irving	0.571 	RB15	Davante Adams	0.613 	WR12	Mike Gesicki	0.373 	TE12		0.0 	0.0 	17.6 	14.6 	10.9 	11.6 	10.9 	10.3 	10.8 	10.3 	10.2 	10.1 	0.0 	10.6 	10.2 	10.7 	10.7 		-	-	TE2	TE1	TE2	TE1	TE1	TE1	TE1	TE1	TE1	TE1	-	TE1	TE1	TE1	TE1		TE1	10.6 	0.0 	0.0 	0.0 	0.0 	6.3 	75.0 	0.5 	1 	0.497 	0.560 	0.554 	2 	1.000 	0.000 	14 	0.746 		127 	Jayden Daniels	0.499 	QB5	Bucky Irving	0.645 	RB12	Davante Adams	0.576 	WR19	Mike Gesicki	0.308 	TE15		TE8	16.1 	0.0 	0.0 	0.0 	0.0 	37.5 	450.2 	3.2 	8 	0.289 	0.560 	0.501 	1 	0.461 	0.000 	#N/A	0.451 		32.2 	Jayden Daniels	32 	QB31	Bucky Irving	34 	RB24	Davante Adams	51 	WR6	Mike Gesicki	34 	TE6					Las Vegas Raiders	Miami Dolphins	0 	0.0 	0 	0.0 	0.0 	0 	0.0 	0.0 	0.0 	0.0 	0.0 	0.0 	-		Las Vegas Raiders	Los Angeles Chargers	0 	0.0 	0 	0.0 	0.0 	0 	0.0 	0.0 	0.0 	0.0 	0.0 	0.0 	-		Las Vegas Raiders	New Orleans Saints	0 	0.0 	0 	0.0 	10.0 	116 	1.0 	0.0 	0.0 	0.0 	0.0 	17.6 	TE2		Las Vegas Raiders	Kansas City Chiefs	0 	0.0 	0 	0.0 	6.0 	86 	1.0 	0.0 	0.0 	0.0 	0.0 	14.6 	TE1		Las Vegas Raiders	New England Patriots	0 	0.0 	0 	0.0 	6.4 	76 	0.6 	0.0 	0.0 	0.0 	0.0 	10.9 	TE2		Las Vegas Raiders	Buffalo Bills	0 	0.0 	0 	0.0 	6.6 	80 	0.6 	0.0 	0.0 	0.0 	0.0 	11.6 	TE1		Las Vegas Raiders	Los Angeles Rams	0 	0.0 	0 	0.0 	6.5 	78 	0.5 	0.0 	0.0 	0.0 	0.0 	10.9 	TE1		Las Vegas Raiders	New York Jets	0 	0.0 	0 	0.0 	6.1 	73 	0.5 	0.0 	0.0 	0.0 	0.0 	10.3 	TE1		Las Vegas Raiders	San Francisco 49ers	0 	0.0 	0 	0.0 	6.4 	77 	0.5 	0.0 	0.0 	0.0 	0.0 	10.8 	TE1		Las Vegas Raiders	Seattle Seahawks	0 	0.0 	0 	0.0 	6.2 	74 	0.5 	0.0 	0.0 	0.0 	0.0 	10.3 	TE1		Las Vegas Raiders	Denver Broncos	0 	0.0 	0 	0.0 	6.2 	74 	0.5 	0.0 	0.0 	0.0 	0.0 	10.2 	TE1		Las Vegas Raiders	Cleveland Browns	0 	0.0 	0 	0.0 	6.0 	72 	0.5 	0.0 	0.0 	0.0 	0.0 	10.1 	TE1		Las Vegas Raiders	BYE	0 	0.0 	0 	0.0 	0.0 	0 	0.0 	0.0 	0.0 	0.0 	0.0 	0.0 	-		Las Vegas Raiders	Los Angeles Chargers	0 	0.0 	0 	0.0 	6.3 	75 	0.5 	0.0 	0.0 	0.0 	0.0 	10.6 	TE1		Las Vegas Raiders	Denver Broncos	0 	0.0 	0 	0.0 	6.1 	73 	0.5 	0.0 	0.0 	0.0 	0.0 	10.2 	TE1		Las Vegas Raiders	Tennessee Titans	0 	0.0 	0 	0.0 	6.2 	74 	0.6 	0.0 	0.0 	0.0 	0.0 	10.7 	TE1		Las Vegas Raiders	Arizona Cardinals	0 	0.0 	0 	0.0 	6.2 	74 	0.6 	0.0 	0.0 	0.0 	0.0 	10.7 	TE1		Actual	Actual	Actual	Actual	Forecast	Forecast	Forecast	Forecast	Forecast	Forecast	Forecast	Forecast	Forecast	Forecast	Forecast	Forecast	Forecast		Injured	Injured	Healthy	Healthy	Healthy	Healthy	Healthy	Healthy	Healthy	Healthy	Healthy	Healthy	Healthy	Healthy	Healthy	Healthy	Healthy		Week 5 2026	10/9/2026	4:29:22 PM	16		33%	35%	0%	0%	0%	0%		0.3 	1	0	0	0	0	
	Ashton Jeanty	Las Vegas Raiders	RB	RB10	13.4 	215 	0 	0.0 	0.0 	0.0 	1,055 	65.9 	5.0 	0.3 	74.1 	4.6 	573 	35.8 	4.5 	0.3 	0.0 	2.5 	0.0 	0.583 	1.000 	0.888 	1 	0.505 	0.000 	17 	13 	(4)	10 	9 	(1)	0.689 			Deshaun Watson	0.303 	QB15	Jaylen Warren	0.548 	RB18	DeVonta Smith	0.565 	WR17	Kenyon Sadiq	0.325 	TE14		26.7 	6.3 	9.3 	12.6 	13.1 	14.7 	12.6 	13.6 	12.4 	12.5 	11.7 	13.5 	0.0 	12.7 	12.9 	15.0 	15.0 		RB5	RB30	RB21	RB19	RB9	RB7	RB10	RB10	RB11	RB11	RB13	RB9	-	RB9	RB10	RB6	RB6		RB9	13.3 	0.0 	0.0 	65.9 	0.4 	4.6 	34.0 	0.2 	9 	0.623 	1.000 	0.900 	1 	0.555 	0.000 	17 	0.720 		160 	Deshaun Watson	0.382 	QB14	Jaylen Warren	0.564 	RB19	DeVonta Smith	0.599 	WR15	Kenyon Sadiq	0.295 	TE17		RB11	13.7 	0.0 	0.0 	197.7 	1.2 	13.8 	101.9 	0.6 	11 	0.493 	1.000 	0.876 	1 	0.399 	0.000 	#N/A	0.628 		54.9 	Deshaun Watson	67 	QB13	Jaylen Warren	43 	RB16	DeVonta Smith	30 	WR26	Kenyon Sadiq	27 	TE12					Las Vegas Raiders	Miami Dolphins	0 	0.0 	102 	0.0 	6.0 	45 	2.0 	0.0 	0.0 	0.0 	0.0 	26.7 	RB5		Las Vegas Raiders	Los Angeles Chargers	0 	0.0 	48 	0.0 	4.0 	15 	0.0 	0.0 	0.0 	0.0 	0.0 	6.3 	RB30		Las Vegas Raiders	New Orleans Saints	0 	0.0 	56 	0.0 	3.0 	37 	0.0 	0.0 	0.0 	0.0 	0.0 	9.3 	RB21		Las Vegas Raiders	Kansas City Chiefs	0 	0.0 	58 	0.0 	6.0 	68 	0.0 	0.0 	0.0 	0.0 	0.0 	12.6 	RB19		Las Vegas Raiders	New England Patriots	0 	0.0 	65 	0.4 	4.5 	33 	0.2 	0.0 	0.2 	0.0 	0.0 	13.1 	RB9		Las Vegas Raiders	Buffalo Bills	0 	0.0 	71 	0.5 	4.9 	36 	0.2 	0.0 	0.2 	0.0 	0.0 	14.7 	RB7		Las Vegas Raiders	Los Angeles Rams	0 	0.0 	60 	0.4 	4.8 	35 	0.2 	0.0 	0.2 	0.0 	0.0 	12.6 	RB10		Las Vegas Raiders	New York Jets	0 	0.0 	69 	0.4 	4.5 	33 	0.2 	0.0 	0.2 	0.0 	0.0 	13.6 	RB10		Las Vegas Raiders	San Francisco 49ers	0 	0.0 	59 	0.4 	4.7 	35 	0.2 	0.0 	0.2 	0.0 	0.0 	12.4 	RB11		Las Vegas Raiders	Seattle Seahawks	0 	0.0 	62 	0.4 	4.6 	34 	0.2 	0.0 	0.2 	0.0 	0.0 	12.5 	RB11		Las Vegas Raiders	Denver Broncos	0 	0.0 	57 	0.3 	4.6 	34 	0.2 	0.0 	0.2 	0.0 	0.0 	11.7 	RB13		Las Vegas Raiders	Cleveland Browns	0 	0.0 	69 	0.4 	4.4 	33 	0.2 	0.0 	0.2 	0.0 	0.0 	13.5 	RB9		Las Vegas Raiders	BYE	0 	0.0 	0 	0.0 	0.0 	0 	0.0 	0.0 	0.0 	0.0 	0.0 	0.0 	-		Las Vegas Raiders	Los Angeles Chargers	0 	0.0 	62 	0.4 	4.6 	34 	0.2 	0.0 	0.2 	0.0 	0.0 	12.7 	RB9		Las Vegas Raiders	Denver Broncos	0 	0.0 	65 	0.4 	4.5 	33 	0.2 	0.0 	0.2 	0.0 	0.0 	12.9 	RB10		Las Vegas Raiders	Tennessee Titans	0 	0.0 	76 	0.5 	4.6 	34 	0.2 	0.0 	0.2 	0.0 	0.0 	15.0 	RB6		Las Vegas Raiders	Arizona Cardinals	0 	0.0 	76 	0.5 	4.6 	34 	0.2 	0.0 	0.2 	0.0 	0.0 	15.0 	RB6		Actual	Actual	Actual	Actual	Forecast	Forecast	Forecast	Forecast	Forecast	Forecast	Forecast	Forecast	Forecast	Forecast	Forecast	Forecast	Forecast		Healthy	Healthy	Healthy	Healthy	Limited / Handicapped	Healthy	Healthy	Healthy	Healthy	Healthy	Healthy	Healthy	Healthy	Healthy	Healthy	Healthy	Healthy		Week 5 2026	10/9/2026	4:29:22 PM	16		15%	14%	67%	70%	0%	0%		0.1 	0	0	0	0	0	0.092722 
	Javonte Williams	Dallas Cowboys	RB	RB9	14.0 	224 	0 	0.0 	0.0 	0.0 	1,035 	64.7 	12.5 	0.8 	56.1 	3.5 	324 	20.2 	2.9 	0.2 	0.0 	2.4 	0.0 	0.608 	1.000 	0.900 	1 	0.550 	0.000 	16 	29 	13 	9 	15 	6 	0.716 			C.J. Stroud	0.288 	QB17	Breece Hall	0.555 	RB17	Drake London	0.593 	WR14	Michael Mayer	0.267 	TE18		19.2 	5.0 	16.3 	26.3 	14.9 	13.1 	11.5 	15.3 	13.2 	13.2 	14.3 	12.8 	10.8 	0.0 	10.8 	13.3 	13.7 		RB10	RB34	RB9	RB5	RB4	RB9	RB14	RB4	RB9	RB10	RB6	RB12	RB13	-	RB19	RB7	RB10		RB10	13.1 	0.0 	0.0 	67.0 	0.6 	3.4 	20.5 	0.2 	10 	0.612 	1.000 	0.888 	1 	0.535 	0.000 	19 	0.705 		157 	C.J. Stroud	0.308 	QB23	Breece Hall	0.588 	RB16	Drake London	0.640 	WR11	Michael Mayer	0.286 	TE18		RB8	16.7 	0.0 	0.0 	200.9 	1.9 	10.3 	61.6 	0.5 	8 	0.599 	1.000 	0.911 	2 	0.564 	0.000 	#N/A	0.726 		66.8 	C.J. Stroud	68 	QB11	Breece Hall	33 	RB26	Drake London	37 	WR16	Michael Mayer	23 	TE17					Dallas Cowboys	New York Giants	0 	0.0 	41 	1.0 	5.0 	31 	1.0 	0.0 	0.0 	0.0 	0.0 	19.2 	RB10		Dallas Cowboys	Washington Commanders	0 	0.0 	30 	0.0 	3.0 	20 	0.0 	0.0 	0.0 	0.0 	0.0 	5.0 	RB34		Dallas Cowboys	Baltimore Ravens	0 	0.0 	98 	1.0 	2.0 	5 	0.0 	0.0 	0.0 	0.0 	0.0 	16.3 	RB9		Dallas Cowboys	Houston Texans	0 	0.0 	62 	3.0 	5.0 	21 	0.0 	0.0 	0.0 	0.0 	0.0 	26.3 	RB5		Dallas Cowboys	Tampa Bay Buccaneers	0 	0.0 	79 	0.7 	3.3 	20 	0.2 	0.0 	0.2 	0.0 	0.0 	14.9 	RB4		Dallas Cowboys	Green Bay Packers	0 	0.0 	66 	0.6 	3.5 	21 	0.2 	0.0 	0.2 	0.0 	0.0 	13.1 	RB9		Dallas Cowboys	Philadelphia Eagles	0 	0.0 	59 	0.5 	3.3 	20 	0.1 	0.0 	0.2 	0.0 	0.0 	11.5 	RB14		Dallas Cowboys	Arizona Cardinals	0 	0.0 	80 	0.8 	3.4 	20 	0.2 	0.0 	0.2 	0.0 	0.0 	15.3 	RB4		Dallas Cowboys	Indianapolis Colts	0 	0.0 	67 	0.6 	3.5 	21 	0.2 	0.0 	0.2 	0.0 	0.0 	13.2 	RB9		Dallas Cowboys	San Francisco 49ers	0 	0.0 	67 	0.6 	3.5 	21 	0.2 	0.0 	0.2 	0.0 	0.0 	13.2 	RB10		Dallas Cowboys	Tennessee Titans	0 	0.0 	75 	0.7 	3.4 	20 	0.2 	0.0 	0.2 	0.0 	0.0 	14.3 	RB6		Dallas Cowboys	Philadelphia Eagles	0 	0.0 	65 	0.6 	3.4 	20 	0.2 	0.0 	0.2 	0.0 	0.0 	12.8 	RB12		Dallas Cowboys	Seattle Seahawks	0 	0.0 	55 	0.5 	3.4 	20 	0.1 	0.0 	0.2 	0.0 	0.0 	10.8 	RB13		Dallas Cowboys	BYE	0 	0.0 	0 	0.0 	0.0 	0 	0.0 	0.0 	0.0 	0.0 	0.0 	0.0 	-		Dallas Cowboys	Los Angeles Rams	0 	0.0 	53 	0.5 	3.5 	21 	0.2 	0.0 	0.2 	0.0 	0.0 	10.8 	RB19		Dallas Cowboys	Jacksonville Jaguars	0 	0.0 	67 	0.6 	3.5 	21 	0.2 	0.0 	0.2 	0.0 	0.0 	13.3 	RB7		Dallas Cowboys	New York Giants	0 	0.0 	70 	0.7 	3.4 	21 	0.2 	0.0 	0.2 	0.0 	0.0 	13.7 	RB10		Actual	Actual	Actual	Actual	Forecast	Forecast	Forecast	Forecast	Forecast	Forecast	Forecast	Forecast	Forecast	Forecast	Forecast	Forecast	Forecast		Healthy	Healthy	Healthy	Healthy	Healthy	Healthy	Healthy	Healthy	Healthy	Healthy	Healthy	Healthy	Healthy	Healthy	Healthy	Healthy	Healthy		Week 5 2026	10/9/2026	4:29:22 PM	16		8%	9%	64%	65%	0%	0%		(0.0)	0	0	0	0	0	(0.020268)
	James Cook III	Buffalo Bills	RB	RB7	14.4 	231 	0 	0.0 	0.0 	0.0 	1,529 	95.6 	9.8 	0.6 	30.5 	1.9 	183 	11.4 	1.3 	0.1 	0.0 	3.5 	0.0 	0.628 	1.000 	0.923 	2 	0.586 	0.000 	12 	7 	(5)	7 	5 	(2)	0.744 			Matthew Stafford	0.278 	QB18	Cam Skattebo	0.578 	RB14	Parker Washington	0.570 	WR16	Darren Waller	0.291 	TE16		6.9 	19.9 	19.4 	14.3 	13.5 	15.0 	0.0 	14.3 	13.9 	15.0 	16.3 	14.1 	12.8 	12.9 	14.4 	13.3 	15.2 		RB31	RB2	RB4	RB14	RB7	RB6	-	RB7	RB8	RB7	RB3	RB6	RB7	RB8	RB7	RB8	RB4		RB7	14.2 	0.0 	0.0 	92.4 	0.6 	2.0 	13.2 	0.1 	7 	0.665 	1.000 	0.923 	2 	0.634 	0.000 	12 	0.769 		171 	Matthew Stafford	0.375 	QB15	Cam Skattebo	0.629 	RB14	Parker Washington	0.619 	WR13	Darren Waller	0.281 	TE19		RB9	15.1 	0.0 	0.0 	277.1 	1.7 	6.1 	39.7 	0.3 	9 	0.543 	1.000 	0.900 	1 	0.477 	0.000 	#N/A	0.677 		60.5 	Matthew Stafford	62 	QB16	Cam Skattebo	36 	RB22	Parker Washington	35 	WR17	Darren Waller	27 	TE11					Buffalo Bills	Houston Texans	0 	0.0 	57 	0.0 	3.0 	12 	0.0 	0.0 	0.0 	0.0 	0.0 	6.9 	RB31		Buffalo Bills	Detroit Lions	0 	0.0 	135 	1.0 	1.0 	4 	0.0 	0.0 	0.0 	0.0 	0.0 	19.9 	RB2		Buffalo Bills	Los Angeles Chargers	0 	0.0 	154 	1.0 	0.0 	0 	0.0 	0.0 	1.0 	0.0 	0.0 	19.4 	RB4		Buffalo Bills	New England Patriots	0 	0.0 	75 	1.0 	2.0 	8 	0.0 	0.0 	0.0 	0.0 	0.0 	14.3 	RB14		Buffalo Bills	Los Angeles Rams	0 	0.0 	86 	0.5 	2.1 	14 	0.1 	0.0 	0.2 	0.0 	0.0 	13.5 	RB7		Buffalo Bills	Las Vegas Raiders	0 	0.0 	97 	0.6 	2.1 	13 	0.1 	0.0 	0.2 	0.0 	0.0 	15.0 	RB6		Buffalo Bills	BYE	0 	0.0 	0 	0.0 	0.0 	0 	0.0 	0.0 	0.0 	0.0 	0.0 	0.0 	-		Buffalo Bills	Baltimore Ravens	0 	0.0 	92 	0.6 	2.1 	14 	0.1 	0.0 	0.2 	0.0 	0.0 	14.3 	RB7		Buffalo Bills	Minnesota Vikings	0 	0.0 	90 	0.5 	2.0 	13 	0.1 	0.0 	0.2 	0.0 	0.0 	13.9 	RB8		Buffalo Bills	New York Jets	0 	0.0 	99 	0.6 	2.0 	13 	0.1 	0.0 	0.2 	0.0 	0.0 	15.0 	RB7		Buffalo Bills	Miami Dolphins	0 	0.0 	106 	0.7 	2.0 	13 	0.1 	0.0 	0.2 	0.0 	0.0 	16.3 	RB3		Buffalo Bills	Kansas City Chiefs	0 	0.0 	91 	0.6 	2.1 	13 	0.1 	0.0 	0.2 	0.0 	0.0 	14.1 	RB6		Buffalo Bills	New England Patriots	0 	0.0 	83 	0.5 	2.0 	13 	0.1 	0.0 	0.2 	0.0 	0.0 	12.8 	RB7		Buffalo Bills	Green Bay Packers	0 	0.0 	84 	0.5 	2.0 	13 	0.1 	0.0 	0.2 	0.0 	0.0 	12.9 	RB8		Buffalo Bills	Chicago Bears	0 	0.0 	92 	0.6 	2.1 	14 	0.1 	0.0 	0.2 	0.0 	0.0 	14.4 	RB7		Buffalo Bills	Denver Broncos	0 	0.0 	88 	0.5 	2.0 	13 	0.1 	0.0 	0.2 	0.0 	0.0 	13.3 	RB8		Buffalo Bills	Miami Dolphins	0 	0.0 	100 	0.6 	2.0 	13 	0.1 	0.0 	0.2 	0.0 	0.0 	15.2 	RB4		Actual	Actual	Actual	Actual	Forecast	Forecast	Forecast	Forecast	Forecast	Forecast	Forecast	Forecast	Forecast	Forecast	Forecast	Forecast	Forecast		Healthy	Healthy	Healthy	Healthy	Healthy	Healthy	Healthy	Healthy	Healthy	Healthy	Healthy	Healthy	Healthy	Healthy	Healthy	Healthy	Healthy		Week 5 2026	10/9/2026	4:29:22 PM	16		6%	8%	65%	40%	0%	0%		0.1 	0	0	0	0	0	0.091638 
	Josh Allen	Buffalo Bills	QB	QB1	23.0 	368 	3,661 	228.8 	22.1 	1.4 	578 	36.2 	16.7 	1.0 	1.0 	0.1 	1 	0.1 	0.0 	0.0 	10.7 	1.9 	0.0 	1.000 	0.460 	0.455 	2 	0.870 	0.000 	22 	18 	(4)	1 	1 	0 	0.650 			Drake Maye	0.263 	QB19	Bhayshul Tuten	0.561 	RB16	Matthew Golden	0.552 	WR18	Brenton Strange	0.273 	TE17		35.7 	40.8 	16.5 	18.5 	21.2 	22.3 	0.0 	21.8 	21.1 	21.5 	23.0 	21.5 	19.9 	20.1 	22.1 	20.1 	21.9 		QB2	QB1	QB19	QB10	QB1	QB1	-	QB1	QB1	QB1	QB1	QB1	QB1	QB1	QB1	QB1	QB1		QB1	21.4 	218.5 	1.3 	38.4 	0.8 	0.0 	0.0 	0.0 	1 	1.000 	0.460 	0.455 	1 	1.000 	0.000 	18 	0.711 		256 	Drake Maye	0.457 	QB10	Bhayshul Tuten	0.578 	RB17	Matthew Golden	0.552 	WR20	Brenton Strange	0.299 	TE16		QB1	27.9 	655.6 	4.0 	115.1 	2.4 	0.0 	0.0 	0.0 	1 	1.000 	0.460 	0.455 	2 	1.000 	0.000 	#N/A	0.711 		111.5 	Drake Maye	49 	QB22	Bhayshul Tuten	45 	RB15	Matthew Golden	40 	WR12	Brenton Strange	23 	TE18					Buffalo Bills	Houston Texans	334 	2.0 	23 	2.0 	0.0 	0 	0.0 	0.0 	0.0 	0.0 	0.0 	35.7 	QB2		Buffalo Bills	Detroit Lions	248 	3.0 	69 	2.0 	0.0 	0 	0.0 	0.0 	0.0 	0.0 	0.0 	40.8 	QB1		Buffalo Bills	Los Angeles Chargers	204 	0.0 	22 	2.0 	1.0 	1 	0.0 	2.0 	1.0 	0.0 	0.0 	16.5 	QB19		Buffalo Bills	New England Patriots	253 	1.0 	4 	1.0 	0.0 	0 	0.0 	1.0 	0.0 	0.0 	0.0 	18.5 	QB10		Buffalo Bills	Los Angeles Rams	224 	1.4 	36 	0.8 	0.0 	0 	0.0 	0.6 	0.1 	0.0 	0.0 	21.2 	QB1		Buffalo Bills	Las Vegas Raiders	221 	1.4 	40 	0.9 	0.0 	0 	0.0 	0.6 	0.1 	0.0 	0.0 	22.3 	QB1		Buffalo Bills	BYE	0 	0.0 	0 	0.0 	0.0 	0 	0.0 	0.0 	0.0 	0.0 	0.0 	0.0 	-		Buffalo Bills	Baltimore Ravens	223 	1.4 	38 	0.8 	0.0 	0 	0.0 	0.6 	0.1 	0.0 	0.0 	21.8 	QB1		Buffalo Bills	Minnesota Vikings	219 	1.3 	37 	0.8 	0.0 	0 	0.0 	0.6 	0.1 	0.0 	0.0 	21.1 	QB1		Buffalo Bills	New York Jets	212 	1.3 	41 	0.9 	0.0 	0 	0.0 	0.6 	0.1 	0.0 	0.0 	21.5 	QB1		Buffalo Bills	Miami Dolphins	215 	1.4 	44 	1.0 	0.0 	0 	0.0 	0.6 	0.1 	0.0 	0.0 	23.0 	QB1		Buffalo Bills	Kansas City Chiefs	222 	1.4 	38 	0.8 	0.0 	0 	0.0 	0.6 	0.1 	0.0 	0.0 	21.5 	QB1		Buffalo Bills	New England Patriots	216 	1.3 	35 	0.7 	0.0 	0 	0.0 	0.6 	0.1 	0.0 	0.0 	19.9 	QB1		Buffalo Bills	Green Bay Packers	218 	1.3 	35 	0.7 	0.0 	0 	0.0 	0.6 	0.1 	0.0 	0.0 	20.1 	QB1		Buffalo Bills	Chicago Bears	225 	1.4 	38 	0.8 	0.0 	0 	0.0 	0.6 	0.1 	0.0 	0.0 	22.1 	QB1		Buffalo Bills	Denver Broncos	213 	1.2 	36 	0.7 	0.0 	0 	0.0 	0.6 	0.1 	0.0 	0.0 	20.1 	QB1		Buffalo Bills	Miami Dolphins	214 	1.3 	41 	0.9 	0.0 	0 	0.0 	0.6 	0.1 	0.0 	0.0 	21.9 	QB1		Actual	Actual	Actual	Actual	Forecast	Forecast	Forecast	Forecast	Forecast	Forecast	Forecast	Forecast	Forecast	Forecast	Forecast	Forecast	Forecast		Healthy	Healthy	Healthy	Healthy	Healthy	Healthy	Healthy	Healthy	Healthy	Healthy	Healthy	Healthy	Healthy	Healthy	Healthy	Healthy	Healthy		Week 5 2026	10/9/2026	4:29:22 PM	16		0%	0%	27%	57%	99%	99%		0.0 	0	0	0	0	0	0.000000 
	Justin Jefferson	Minnesota Vikings	WR	WR10	11.1 	166 	0 	0.0 	0.0 	0.0 	0 	0.0 	0.0 	0.0 	83.0 	5.5 	1,124 	74.9 	8.7 	0.6 	0.0 	0.2 	0.0 	0.452 	1.000 	0.900 	2 	0.487 	0.000 	21 	17 	(4)	10 	6 	(4)	0.668 			Bo Nix	0.246 	QB20	Jeremiyah Love	0.483 	RB22	Michael Wilson	0.485 	WR23	Dalton Schultz	0.242 	TE19		23.2 	5.5 	3.2 	0.0 	10.4 	0.0 	11.7 	11.3 	11.4 	11.1 	11.3 	11.3 	11.3 	10.8 	11.4 	11.7 	10.8 		WR3	WR31	WR57	-	WR7	-	WR6	WR6	WR6	WR7	WR4	WR7	WR6	WR7	WR6	WR7	WR7		WR7	11.2 	0.0 	0.0 	0.0 	0.0 	5.8 	78.8 	0.6 	7 	0.524 	1.000 	0.930 	2 	0.578 	0.000 	16 	0.728 		134 	Bo Nix	0.331 	QB20	Jeremiyah Love	0.497 	RB22	Michael Wilson	0.512 	WR22	Dalton Schultz	0.258 	TE20		WR24	10.6 	0.0 	0.0 	0.0 	0.0 	23.3 	315.1 	2.2 	24 	0.286 	1.000 	0.760 	1 	0.170 	0.000 	#N/A	0.453 		31.9 	Bo Nix	57 	QB20	Jeremiyah Love	38 	RB19	Michael Wilson	32 	WR24	Dalton Schultz	21 	TE19					Minnesota Vikings	Green Bay Packers	0 	0.0 	0 	0.0 	8.0 	92 	2.0 	0.0 	0.0 	0.0 	1.0 	23.2 	WR3		Minnesota Vikings	Chicago Bears	0 	0.0 	0 	0.0 	3.0 	55 	0.0 	0.0 	0.0 	0.0 	0.0 	5.5 	WR31		Minnesota Vikings	Tampa Bay Buccaneers	0 	0.0 	0 	0.0 	2.0 	32 	0.0 	0.0 	0.0 	0.0 	0.0 	3.2 	WR57		Minnesota Vikings	Miami Dolphins	0 	0.0 	0 	0.0 	0.0 	0 	0.0 	0.0 	0.0 	0.0 	0.0 	0.0 	-		Minnesota Vikings	New Orleans Saints	0 	0.0 	0 	0.0 	5.4 	73 	0.5 	0.0 	0.0 	0.0 	0.0 	10.4 	WR7		Minnesota Vikings	BYE	0 	0.0 	0 	0.0 	0.0 	0 	0.0 	0.0 	0.0 	0.0 	0.0 	0.0 	-		Minnesota Vikings	Indianapolis Colts	0 	0.0 	0 	0.0 	6.0 	81 	0.6 	0.0 	0.0 	0.0 	0.0 	11.7 	WR6		Minnesota Vikings	Detroit Lions	0 	0.0 	0 	0.0 	5.9 	80 	0.6 	0.0 	0.0 	0.0 	0.0 	11.3 	WR6		Minnesota Vikings	Buffalo Bills	0 	0.0 	0 	0.0 	5.9 	80 	0.6 	0.0 	0.0 	0.0 	0.0 	11.4 	WR6		Minnesota Vikings	Green Bay Packers	0 	0.0 	0 	0.0 	5.8 	79 	0.5 	0.0 	0.0 	0.0 	0.0 	11.1 	WR7		Minnesota Vikings	San Francisco 49ers	0 	0.0 	0 	0.0 	5.9 	80 	0.6 	0.0 	0.0 	0.0 	0.0 	11.3 	WR4		Minnesota Vikings	Atlanta Falcons	0 	0.0 	0 	0.0 	5.8 	78 	0.6 	0.0 	0.0 	0.0 	0.0 	11.3 	WR7		Minnesota Vikings	Carolina Panthers	0 	0.0 	0 	0.0 	5.8 	79 	0.6 	0.0 	0.0 	0.0 	0.0 	11.3 	WR6		Minnesota Vikings	New England Patriots	0 	0.0 	0 	0.0 	5.7 	78 	0.5 	0.0 	0.0 	0.0 	0.0 	10.8 	WR7		Minnesota Vikings	Detroit Lions	0 	0.0 	0 	0.0 	5.9 	80 	0.6 	0.0 	0.0 	0.0 	0.0 	11.4 	WR6		Minnesota Vikings	Washington Commanders	0 	0.0 	0 	0.0 	6.0 	81 	0.6 	0.0 	0.0 	0.0 	0.0 	11.7 	WR7		Minnesota Vikings	New York Jets	0 	0.0 	0 	0.0 	5.7 	77 	0.5 	0.0 	0.0 	0.0 	0.0 	10.8 	WR7		Actual	Actual	Actual	Actual	Forecast	Forecast	Forecast	Forecast	Forecast	Forecast	Forecast	Forecast	Forecast	Forecast	Forecast	Forecast	Forecast		Healthy	Healthy	Healthy	Injured	Limited / Handicapped	Healthy	Healthy	Healthy	Healthy	Healthy	Healthy	Healthy	Healthy	Healthy	Healthy	Healthy	Healthy		Week 5 2026	10/9/2026	4:29:22 PM	16		36%	37%	0%	0%	0%	0%		0.3 	0	0	1	0	0	
	Nico Collins	Houston Texans	WR	WR7	11.7 	164 	0 	0.0 	0.0 	0.0 	7 	0.5 	0.0 	0.0 	73.3 	5.2 	1,095 	78.2 	9.0 	0.6 	0.0 	0.2 	0.0 	0.445 	1.000 	0.890 	2 	0.542 	0.000 	18 	27 	9 	11 	10 	(1)	0.684 			Cam Ward	0.218 	QB22	Omarion Hampton	0.521 	RB19	George Pickens	0.497 	WR21	Pat Freiermuth	0.238 	TE20		14.2 	0.0 	0.0 	23.8 	10.2 	10.3 	10.9 	0.0 	10.3 	10.1 	11.2 	10.9 	10.4 	10.8 	10.8 	9.5 	10.2 		WR11	-	-	WR3	WR8	WR5	WR8	-	WR8	WR9	WR6	WR8	WR8	WR6	WR8	WR13	WR9		WR8	10.5 	0.0 	0.0 	0.0 	0.0 	4.9 	75.2 	0.5 	8 	0.490 	1.000 	0.920 	1 	0.504 	0.000 	20 	0.689 		126 	Cam Ward	0.283 	QB25	Omarion Hampton	0.529 	RB20	George Pickens	0.580 	WR18	Pat Freiermuth	0.227 	TE22		WR15	19.0 	0.0 	0.0 	0.0 	0.0 	29.7 	451.0 	3.0 	15 	0.341 	1.000 	0.850 	1 	0.266 	0.000 	#N/A	0.540 		38.0 	Cam Ward	57 	QB21	Omarion Hampton	41 	RB18	George Pickens	23 	WR46	Pat Freiermuth	25 	TE15					Houston Texans	Buffalo Bills	0 	0.0 	7 	0.0 	7.0 	75 	1.0 	0.0 	0.0 	0.0 	0.0 	14.2 	WR11		Houston Texans	Cincinnati Bengals	0 	0.0 	0 	0.0 	0.0 	0 	0.0 	0.0 	0.0 	0.0 	0.0 	0.0 	-		Houston Texans	Indianapolis Colts	0 	0.0 	0 	0.0 	0.0 	0 	0.0 	0.0 	0.0 	0.0 	0.0 	0.0 	-		Houston Texans	Dallas Cowboys	0 	0.0 	0 	0.0 	7.0 	118 	2.0 	0.0 	0.0 	0.0 	0.0 	23.8 	WR3		Houston Texans	Tennessee Titans	0 	0.0 	0 	0.0 	4.8 	73 	0.5 	0.0 	0.0 	0.0 	0.0 	10.2 	WR8		Houston Texans	Jacksonville Jaguars	0 	0.0 	0 	0.0 	4.9 	75 	0.5 	0.0 	0.0 	0.0 	0.0 	10.3 	WR5		Houston Texans	New York Giants	0 	0.0 	0 	0.0 	5.1 	77 	0.5 	0.0 	0.0 	0.0 	0.0 	10.9 	WR8		Houston Texans	BYE	0 	0.0 	0 	0.0 	0.0 	0 	0.0 	0.0 	0.0 	0.0 	0.0 	0.0 	-		Houston Texans	Los Angeles Chargers	0 	0.0 	0 	0.0 	4.9 	75 	0.5 	0.0 	0.0 	0.0 	0.0 	10.3 	WR8		Houston Texans	Cleveland Browns	0 	0.0 	0 	0.0 	4.8 	73 	0.5 	0.0 	0.0 	0.0 	0.0 	10.1 	WR9		Houston Texans	Indianapolis Colts	0 	0.0 	0 	0.0 	5.1 	78 	0.6 	0.0 	0.0 	0.0 	0.0 	11.2 	WR6		Houston Texans	Baltimore Ravens	0 	0.0 	0 	0.0 	5.1 	77 	0.5 	0.0 	0.0 	0.0 	0.0 	10.9 	WR8		Houston Texans	Pittsburgh Steelers	0 	0.0 	0 	0.0 	4.9 	75 	0.5 	0.0 	0.0 	0.0 	0.0 	10.4 	WR8		Houston Texans	Washington Commanders	0 	0.0 	0 	0.0 	5.0 	77 	0.5 	0.0 	0.0 	0.0 	0.0 	10.8 	WR6		Houston Texans	Jacksonville Jaguars	0 	0.0 	0 	0.0 	5.1 	77 	0.5 	0.0 	0.0 	0.0 	0.0 	10.8 	WR8		Houston Texans	Philadelphia Eagles	0 	0.0 	0 	0.0 	4.7 	71 	0.4 	0.0 	0.0 	0.0 	0.0 	9.5 	WR13		Houston Texans	Green Bay Packers	0 	0.0 	0 	0.0 	4.9 	74 	0.5 	0.0 	0.0 	0.0 	0.0 	10.2 	WR9		Actual	Actual	Actual	Actual	Forecast	Forecast	Forecast	Forecast	Forecast	Forecast	Forecast	Forecast	Forecast	Forecast	Forecast	Forecast	Forecast		Healthy	Injured	Injured	Healthy	Healthy	Healthy	Healthy	Healthy	Healthy	Healthy	Healthy	Healthy	Healthy	Healthy	Healthy	Healthy	Healthy		Week 5 2026	10/9/2026	4:29:22 PM	16		33%	34%	0%	0%	0%	0%		0.1 	1	1	0	0	0	
	Zay Flowers	Baltimore Ravens	WR	WR8	11.2 	168 	0 	0.0 	0.0 	0.0 	56 	3.7 	0.2 	0.0 	74.2 	4.9 	1,223 	81.6 	6.6 	0.4 	0.0 	0.2 	0.0 	0.456 	1.000 	0.920 	2 	0.497 	0.000 	19 	41 	22 	8 	17 	9 	0.681 			Aaron Rodgers	0.187 	QB23	Saquon Barkley	0.488 	RB21	Denzel Boston	0.528 	WR19	Mark Andrews	0.212 	TE23		21.0 	0.0 	10.4 	17.8 	8.9 	9.4 	10.6 	10.2 	10.2 	10.1 	9.9 	9.6 	0.0 	10.0 	9.9 	9.6 	10.2 		WR4	-	WR23	WR5	WR16	WR9	WR9	WR8	WR11	WR8	WR8	WR13	-	WR10	WR11	WR12	WR10		WR10	9.9 	0.0 	0.0 	3.0 	0.0 	4.7 	72.6 	0.4 	10 	0.463 	1.000 	0.900 	1 	0.444 	0.000 	24 	0.652 		119 	Aaron Rodgers	0.243 	QB26	Saquon Barkley	0.621 	RB15	Denzel Boston	0.487 	WR25	Mark Andrews	0.223 	TE23		WR7	16.4 	0.0 	0.0 	12.1 	0.1 	18.7 	290.4 	1.5 	7 	0.441 	1.000 	0.930 	2 	0.442 	0.000 	#N/A	0.661 		49.2 	Aaron Rodgers	61 	QB17	Saquon Barkley	19 	RB40	Denzel Boston	42 	WR11	Mark Andrews	21 	TE21					Baltimore Ravens	Indianapolis Colts	0 	0.0 	0 	0.0 	5.0 	150 	1.0 	0.0 	0.0 	0.0 	0.0 	21.0 	WR4		Baltimore Ravens	New Orleans Saints	0 	0.0 	0 	0.0 	0.0 	0 	0.0 	0.0 	0.0 	0.0 	0.0 	0.0 	-		Baltimore Ravens	Dallas Cowboys	0 	0.0 	20 	0.0 	5.0 	84 	0.0 	0.0 	0.0 	0.0 	0.0 	10.4 	WR23		Baltimore Ravens	Tennessee Titans	0 	0.0 	0 	0.0 	8.0 	118 	1.0 	0.0 	0.0 	0.0 	0.0 	17.8 	WR5		Baltimore Ravens	Atlanta Falcons	0 	0.0 	2 	0.0 	4.4 	68 	0.3 	0.0 	0.0 	0.0 	0.0 	8.9 	WR16		Baltimore Ravens	Cleveland Browns	0 	0.0 	3 	0.0 	4.5 	70 	0.3 	0.0 	0.0 	0.0 	0.0 	9.4 	WR9		Baltimore Ravens	Cincinnati Bengals	0 	0.0 	3 	0.0 	4.9 	77 	0.4 	0.0 	0.0 	0.0 	0.0 	10.6 	WR9		Baltimore Ravens	Buffalo Bills	0 	0.0 	3 	0.0 	4.8 	75 	0.4 	0.0 	0.0 	0.0 	0.0 	10.2 	WR8		Baltimore Ravens	Jacksonville Jaguars	0 	0.0 	3 	0.0 	4.8 	74 	0.4 	0.0 	0.0 	0.0 	0.0 	10.2 	WR11		Baltimore Ravens	Los Angeles Chargers	0 	0.0 	3 	0.0 	4.8 	74 	0.4 	0.0 	0.0 	0.0 	0.0 	10.1 	WR8		Baltimore Ravens	Carolina Panthers	0 	0.0 	3 	0.0 	4.7 	72 	0.4 	0.0 	0.0 	0.0 	0.0 	9.9 	WR8		Baltimore Ravens	Houston Texans	0 	0.0 	3 	0.0 	4.6 	72 	0.4 	0.0 	0.0 	0.0 	0.0 	9.6 	WR13		Baltimore Ravens	BYE	0 	0.0 	0 	0.0 	0.0 	0 	0.0 	0.0 	0.0 	0.0 	0.0 	0.0 	-		Baltimore Ravens	Tampa Bay Buccaneers	0 	0.0 	3 	0.0 	4.7 	72 	0.4 	0.0 	0.0 	0.0 	0.0 	10.0 	WR10		Baltimore Ravens	Pittsburgh Steelers	0 	0.0 	3 	0.0 	4.7 	73 	0.4 	0.0 	0.0 	0.0 	0.0 	9.9 	WR11		Baltimore Ravens	Cleveland Browns	0 	0.0 	3 	0.0 	4.5 	70 	0.4 	0.0 	0.0 	0.0 	0.0 	9.6 	WR12		Baltimore Ravens	Cincinnati Bengals	0 	0.0 	3 	0.0 	4.8 	75 	0.4 	0.0 	0.0 	0.0 	0.0 	10.2 	WR10		Actual	Actual	Actual	Actual	Forecast	Forecast	Forecast	Forecast	Forecast	Forecast	Forecast	Forecast	Forecast	Forecast	Forecast	Forecast	Forecast		Healthy	Injured	Healthy	Healthy	Limited / Handicapped	Healthy	Healthy	Healthy	Healthy	Healthy	Healthy	Healthy	Healthy	Healthy	Healthy	Healthy	Healthy		Week 5 2026	10/9/2026	4:29:22 PM	16		36%	31%	2%	1%	0%	0%		(0.0)	1	0	0	0	0	
	Christian Watson	Green Bay Packers	WR	WR9	10.9 	174 	0 	0.0 	0.0 	0.0 	0 	0.0 	0.0 	0.0 	70.3 	4.4 	1,161 	72.5 	9.7 	0.6 	0.0 	0.2 	0.0 	0.473 	1.000 	0.930 	1 	0.468 	0.000 	20 	68 	48 	7 	29 	22 	0.677 			Sam Darnold	0.182 	QB25	David Montgomery	0.491 	RB20	Malik Nabers	0.492 	WR22	Colston Loveland	0.217 	TE22		26.7 	10.1 	15.6 	4.7 	9.5 	9.9 	9.9 	9.8 	9.6 	9.7 	0.0 	9.7 	9.7 	10.1 	9.9 	9.7 	9.4 		WR1	WR14	WR6	WR46	WR11	WR7	WR12	WR12	WR15	WR13	-	WR12	WR12	WR8	WR10	WR11	WR15		WR12	9.7 	0.0 	0.0 	0.0 	0.0 	4.2 	69.1 	0.5 	12 	0.456 	1.000 	0.880 	1 	0.428 	0.000 	28 	0.636 		117 	Sam Darnold	0.353 	QB17	David Montgomery	0.508 	RB21	Malik Nabers	0.544 	WR21	Colston Loveland	0.320 	TE13		WR4	14.3 	0.0 	0.0 	0.0 	0.0 	12.6 	207.4 	1.4 	4 	0.512 	1.000 	0.960 	2 	0.566 	0.000 	#N/A	0.735 		57.1 	Sam Darnold	42 	QB26	David Montgomery	37 	RB20	Malik Nabers	27 	WR34	Colston Loveland	9 	TE31					Green Bay Packers	Minnesota Vikings	0 	0.0 	0 	0.0 	6.0 	147 	2.0 	0.0 	0.0 	0.0 	0.0 	26.7 	WR1		Green Bay Packers	New York Jets	0 	0.0 	0 	0.0 	4.0 	41 	1.0 	0.0 	0.0 	0.0 	0.0 	10.1 	WR14		Green Bay Packers	Atlanta Falcons	0 	0.0 	0 	0.0 	7.0 	96 	1.0 	0.0 	0.0 	0.0 	0.0 	15.6 	WR6		Green Bay Packers	Tampa Bay Buccaneers	0 	0.0 	0 	0.0 	3.0 	47 	0.0 	0.0 	0.0 	0.0 	0.0 	4.7 	WR46		Green Bay Packers	Chicago Bears	0 	0.0 	0 	0.0 	4.1 	68 	0.4 	0.0 	0.0 	0.0 	0.0 	9.5 	WR11		Green Bay Packers	Dallas Cowboys	0 	0.0 	0 	0.0 	4.3 	70 	0.5 	0.0 	0.0 	0.0 	0.0 	9.9 	WR7		Green Bay Packers	Detroit Lions	0 	0.0 	0 	0.0 	4.3 	70 	0.5 	0.0 	0.0 	0.0 	0.0 	9.9 	WR12		Green Bay Packers	Carolina Panthers	0 	0.0 	0 	0.0 	4.2 	69 	0.5 	0.0 	0.0 	0.0 	0.0 	9.8 	WR12		Green Bay Packers	New England Patriots	0 	0.0 	0 	0.0 	4.2 	69 	0.5 	0.0 	0.0 	0.0 	0.0 	9.6 	WR15		Green Bay Packers	Minnesota Vikings	0 	0.0 	0 	0.0 	4.2 	69 	0.5 	0.0 	0.0 	0.0 	0.0 	9.7 	WR13		Green Bay Packers	BYE	0 	0.0 	0 	0.0 	0.0 	0 	0.0 	0.0 	0.0 	0.0 	0.0 	0.0 	-		Green Bay Packers	Los Angeles Rams	0 	0.0 	0 	0.0 	4.2 	70 	0.5 	0.0 	0.0 	0.0 	0.0 	9.7 	WR12		Green Bay Packers	New Orleans Saints	0 	0.0 	0 	0.0 	4.2 	69 	0.5 	0.0 	0.0 	0.0 	0.0 	9.7 	WR12		Green Bay Packers	Buffalo Bills	0 	0.0 	0 	0.0 	4.3 	71 	0.5 	0.0 	0.0 	0.0 	0.0 	10.1 	WR8		Green Bay Packers	Miami Dolphins	0 	0.0 	0 	0.0 	4.2 	69 	0.5 	0.0 	0.0 	0.0 	0.0 	9.9 	WR10		Green Bay Packers	Chicago Bears	0 	0.0 	0 	0.0 	4.2 	69 	0.5 	0.0 	0.0 	0.0 	0.0 	9.7 	WR11		Green Bay Packers	Houston Texans	0 	0.0 	0 	0.0 	4.1 	67 	0.4 	0.0 	0.0 	0.0 	0.0 	9.4 	WR15		Actual	Actual	Actual	Actual	Forecast	Forecast	Forecast	Forecast	Forecast	Forecast	Forecast	Forecast	Forecast	Forecast	Forecast	Forecast	Forecast		Healthy	Healthy	Healthy	Healthy	Healthy	Healthy	Healthy	Healthy	Healthy	Healthy	Healthy	Healthy	Healthy	Healthy	Healthy	Healthy	Healthy		Week 5 2026	10/9/2026	4:29:22 PM	16		28%	29%	0%	0%	0%	0%		(0.1)	0	0	0	0	0	(0.099853)
	Trey McBride	Arizona Cardinals	TE	TE2	9.5 	152 	0 	0.0 	0.0 	0.0 	0 	0.0 	0.0 	0.0 	119.0 	7.4 	1,059 	66.2 	7.8 	0.5 	0.0 	0.2 	0.0 	0.413 	0.560 	0.548 	2 	0.718 	0.000 	29 	23 	(6)	2 	1 	(1)	0.604 			Kirk Cousins	0.233 	QB21	Aaron Jones Sr.	0.440 	RB23	Deebo Samuel	0.517 	WR20	Jake Ferguson	0.232 	TE21		15.5 	10.1 	7.5 	3.1 	11.0 	10.2 	9.5 	9.6 	8.9 	9.6 	9.1 	10.0 	9.3 	0.0 	9.6 	9.7 	9.5 		TE3	TE9	TE10	TE23	TE1	TE2	TE2	TE2	TE2	TE2	TE2	TE2	TE1	-	TE2	TE2	TE2		TE2	9.7 	0.0 	0.0 	0.0 	0.0 	7.2 	68.0 	0.5 	2 	0.452 	0.560 	0.548 	2 	0.842 	0.000 	22 	0.666 		116 	Kirk Cousins	0.170 	QB29	Aaron Jones Sr.	0.402 	RB29	Deebo Samuel	0.450 	WR31	Jake Ferguson	0.232 	TE21		TE4	9.1 	0.0 	0.0 	0.0 	0.0 	21.5 	204.1 	1.4 	4 	0.325 	0.560 	0.533 	1 	0.594 	0.000 	#N/A	0.529 		36.2 	Kirk Cousins	79 	QB9	Aaron Jones Sr.	43 	RB17	Deebo Samuel	44 	WR10	Jake Ferguson	24 	TE16					Arizona Cardinals	Los Angeles Chargers	0 	0.0 	0 	0.0 	9.0 	95 	1.0 	0.0 	0.0 	0.0 	0.0 	15.5 	TE3		Arizona Cardinals	Seattle Seahawks	0 	0.0 	0 	0.0 	8.0 	41 	1.0 	0.0 	0.0 	0.0 	0.0 	10.1 	TE9		Arizona Cardinals	San Francisco 49ers	0 	0.0 	0 	0.0 	9.0 	75 	0.0 	0.0 	0.0 	0.0 	0.0 	7.5 	TE10		Arizona Cardinals	New York Giants	0 	0.0 	0 	0.0 	7.0 	31 	0.0 	0.0 	0.0 	0.0 	0.0 	3.1 	TE23		Arizona Cardinals	Detroit Lions	0 	0.0 	0 	0.0 	7.8 	74 	0.6 	0.0 	0.0 	0.0 	0.0 	11.0 	TE1		Arizona Cardinals	Los Angeles Rams	0 	0.0 	0 	0.0 	7.4 	71 	0.5 	0.0 	0.0 	0.0 	0.0 	10.2 	TE2		Arizona Cardinals	Denver Broncos	0 	0.0 	0 	0.0 	7.1 	68 	0.5 	0.0 	0.0 	0.0 	0.0 	9.5 	TE2		Arizona Cardinals	Dallas Cowboys	0 	0.0 	0 	0.0 	7.2 	68 	0.5 	0.0 	0.0 	0.0 	0.0 	9.6 	TE2		Arizona Cardinals	Seattle Seahawks	0 	0.0 	0 	0.0 	6.9 	65 	0.4 	0.0 	0.0 	0.0 	0.0 	8.9 	TE2		Arizona Cardinals	Los Angeles Rams	0 	0.0 	0 	0.0 	7.2 	68 	0.5 	0.0 	0.0 	0.0 	0.0 	9.6 	TE2		Arizona Cardinals	Kansas City Chiefs	0 	0.0 	0 	0.0 	6.9 	66 	0.4 	0.0 	0.0 	0.0 	0.0 	9.1 	TE2		Arizona Cardinals	Washington Commanders	0 	0.0 	0 	0.0 	7.3 	69 	0.5 	0.0 	0.0 	0.0 	0.0 	10.0 	TE2		Arizona Cardinals	Philadelphia Eagles	0 	0.0 	0 	0.0 	7.1 	67 	0.4 	0.0 	0.0 	0.0 	0.0 	9.3 	TE1		Arizona Cardinals	BYE	0 	0.0 	0 	0.0 	0.0 	0 	0.0 	0.0 	0.0 	0.0 	0.0 	0.0 	-		Arizona Cardinals	New York Jets	0 	0.0 	0 	0.0 	6.9 	66 	0.5 	0.0 	0.0 	0.0 	0.0 	9.6 	TE2		Arizona Cardinals	New Orleans Saints	0 	0.0 	0 	0.0 	7.2 	68 	0.5 	0.0 	0.0 	0.0 	0.0 	9.7 	TE2		Arizona Cardinals	Las Vegas Raiders	0 	0.0 	0 	0.0 	7.0 	66 	0.5 	0.0 	0.0 	0.0 	0.0 	9.5 	TE2		Actual	Actual	Actual	Actual	Forecast	Forecast	Forecast	Forecast	Forecast	Forecast	Forecast	Forecast	Forecast	Forecast	Forecast	Forecast	Forecast		Healthy	Healthy	Healthy	Healthy	Healthy	Healthy	Healthy	Healthy	Healthy	Healthy	Healthy	Healthy	Healthy	Healthy	Healthy	Healthy	Healthy		Week 5 2026	10/9/2026	4:29:22 PM	16		30%	33%	0%	0%	0%	0%		0.1 	0	0	0	0	0	0.136530 
	Tee Higgins	Cincinnati Bengals	WR	WR11	10.4 	167 	0 	0.0 	0.0 	0.0 	0 	0.0 	0.0 	0.0 	80.9 	5.1 	1,262 	78.9 	6.8 	0.4 	0.0 	0.2 	0.0 	0.453 	1.000 	0.910 	1 	0.428 	0.000 	23 	44 	21 	9 	19 	10 	0.649 			Drew Lock	0.186 	QB24	Quinshon Judkins	0.400 	RB28	Jalen Coker	0.482 	WR24	Cade Otton	0.172 	TE24		5.9 	9.5 	15.0 	15.7 	9.1 	0.0 	10.1 	10.2 	10.3 	10.1 	10.4 	10.1 	9.7 	9.9 	9.9 	10.4 	10.4 		WR35	WR18	WR8	WR9	WR15	-	WR11	WR7	WR9	WR11	WR7	WR9	WR11	WR11	WR9	WR8	WR8		WR9	10.1 	0.0 	0.0 	0.0 	0.0 	4.7 	71.8 	0.5 	9 	0.471 	1.000 	0.910 	1 	0.461 	0.000 	23 	0.664 		121 	Drew Lock	0.000 	QB38	Quinshon Judkins	0.413 	RB28	Jalen Coker	0.437 	WR32	Cade Otton	0.182 	TE26		WR9	11.5 	0.0 	0.0 	0.0 	0.0 	14.0 	215.3 	1.5 	9 	0.414 	1.000 	0.910 	2 	0.393 	0.000 	#N/A	0.629 		46.1 	Drew Lock	34 	QB30	Quinshon Judkins	33 	RB25	Jalen Coker	34 	WR20	Cade Otton	16 	TE25					Cincinnati Bengals	Tampa Bay Buccaneers	0 	0.0 	0 	0.0 	3.0 	59 	0.0 	0.0 	0.0 	0.0 	0.0 	5.9 	WR35		Cincinnati Bengals	Houston Texans	0 	0.0 	0 	0.0 	5.0 	95 	0.0 	0.0 	0.0 	0.0 	0.0 	9.5 	WR18		Cincinnati Bengals	Pittsburgh Steelers	0 	0.0 	0 	0.0 	6.0 	90 	1.0 	0.0 	0.0 	0.0 	0.0 	15.0 	WR8		Cincinnati Bengals	Jacksonville Jaguars	0 	0.0 	0 	0.0 	11.0 	157 	0.0 	0.0 	0.0 	0.0 	0.0 	15.7 	WR9		Cincinnati Bengals	Miami Dolphins	0 	0.0 	0 	0.0 	4.2 	65 	0.4 	0.0 	0.0 	0.0 	0.0 	9.1 	WR15		Cincinnati Bengals	BYE	0 	0.0 	0 	0.0 	0.0 	0 	0.0 	0.0 	0.0 	0.0 	0.0 	0.0 	-		Cincinnati Bengals	Baltimore Ravens	0 	0.0 	0 	0.0 	4.8 	73 	0.5 	0.0 	0.0 	0.0 	0.0 	10.1 	WR11		Cincinnati Bengals	Tennessee Titans	0 	0.0 	0 	0.0 	4.7 	72 	0.5 	0.0 	0.0 	0.0 	0.0 	10.2 	WR7		Cincinnati Bengals	Atlanta Falcons	0 	0.0 	0 	0.0 	4.7 	73 	0.5 	0.0 	0.0 	0.0 	0.0 	10.3 	WR9		Cincinnati Bengals	Pittsburgh Steelers	0 	0.0 	0 	0.0 	4.7 	72 	0.5 	0.0 	0.0 	0.0 	0.0 	10.1 	WR11		Cincinnati Bengals	Washington Commanders	0 	0.0 	0 	0.0 	4.8 	74 	0.5 	0.0 	0.0 	0.0 	0.0 	10.4 	WR7		Cincinnati Bengals	New Orleans Saints	0 	0.0 	0 	0.0 	4.6 	71 	0.5 	0.0 	0.0 	0.0 	0.0 	10.1 	WR9		Cincinnati Bengals	Cleveland Browns	0 	0.0 	0 	0.0 	4.5 	70 	0.5 	0.0 	0.0 	0.0 	0.0 	9.7 	WR11		Cincinnati Bengals	Kansas City Chiefs	0 	0.0 	0 	0.0 	4.6 	71 	0.5 	0.0 	0.0 	0.0 	0.0 	9.9 	WR11		Cincinnati Bengals	Carolina Panthers	0 	0.0 	0 	0.0 	4.6 	71 	0.5 	0.0 	0.0 	0.0 	0.0 	9.9 	WR9		Cincinnati Bengals	Indianapolis Colts	0 	0.0 	0 	0.0 	4.8 	74 	0.5 	0.0 	0.0 	0.0 	0.0 	10.4 	WR8		Cincinnati Bengals	Baltimore Ravens	0 	0.0 	0 	0.0 	4.8 	74 	0.5 	0.0 	0.0 	0.0 	0.0 	10.4 	WR8		Actual	Actual	Actual	Actual	Forecast	Forecast	Forecast	Forecast	Forecast	Forecast	Forecast	Forecast	Forecast	Forecast	Forecast	Forecast	Forecast		Healthy	Healthy	Healthy	Healthy	Limited / Handicapped	Healthy	Healthy	Healthy	Healthy	Healthy	Healthy	Healthy	Healthy	Healthy	Healthy	Healthy	Healthy		Week 5 2026	10/9/2026	4:29:22 PM	16		27%	23%	0%	0%	0%	0%		0.0 	0	0	0	0	0	0.035537 
	Chase Brown	Cincinnati Bengals	RB	RB13	11.7 	187 	0 	0.0 	0.0 	0.0 	1,017 	63.6 	6.6 	0.4 	66.7 	4.2 	391 	24.4 	2.0 	0.1 	0.0 	2.7 	0.0 	0.509 	1.000 	0.852 	1 	0.370 	0.000 	27 	16 	(11)	13 	11 	(2)	0.608 			Justin Herbert	0.161 	QB27	Rhamondre Stevenson	0.412 	RB26	Stefon Diggs	0.434 	WR29	Hunter Henry	0.168 	TE25		13.8 	8.2 	6.9 	8.1 	13.0 	0.0 	10.7 	13.8 	13.2 	12.1 	12.5 	13.7 	12.4 	12.0 	12.0 	12.5 	12.5 		RB14	RB21	RB29	RB30	RB10	-	RB17	RB8	RB10	RB12	RB9	RB8	RB8	RB12	RB14	RB11	RB11		RB11	12.5 	0.0 	0.0 	67.5 	0.5 	3.8 	24.0 	0.2 	11 	0.587 	1.000 	0.876 	1 	0.489 	0.000 	21 	0.678 		150 	Justin Herbert	0.338 	QB19	Rhamondre Stevenson	0.435 	RB27	Stefon Diggs	0.399 	WR37	Hunter Henry	0.197 	TE25		RB21	9.3 	0.0 	0.0 	202.5 	1.4 	11.4 	72.0 	0.5 	21 	0.332 	1.000 	0.755 	0 	0.150 	0.000 	#N/A	0.450 		37.0 	Justin Herbert	43 	QB24	Rhamondre Stevenson	31 	RB27	Stefon Diggs	35 	WR18	Hunter Henry	13 	TE27					Cincinnati Bengals	Tampa Bay Buccaneers	0 	0.0 	56 	1.0 	5.0 	22 	0.0 	0.0 	0.0 	0.0 	0.0 	13.8 	RB14		Cincinnati Bengals	Houston Texans	0 	0.0 	80 	0.0 	3.0 	2 	0.0 	0.0 	0.0 	0.0 	0.0 	8.2 	RB21		Cincinnati Bengals	Pittsburgh Steelers	0 	0.0 	61 	0.0 	2.0 	8 	0.0 	0.0 	0.0 	0.0 	0.0 	6.9 	RB29		Cincinnati Bengals	Jacksonville Jaguars	0 	0.0 	10 	0.0 	11.0 	71 	0.0 	0.0 	0.0 	0.0 	0.0 	8.1 	RB30		Cincinnati Bengals	Miami Dolphins	0 	0.0 	72 	0.5 	3.6 	23 	0.2 	0.0 	0.2 	0.0 	0.0 	13.0 	RB10		Cincinnati Bengals	BYE	0 	0.0 	0 	0.0 	0.0 	0 	0.0 	0.0 	0.0 	0.0 	0.0 	0.0 	-		Cincinnati Bengals	Baltimore Ravens	0 	0.0 	56 	0.4 	3.9 	24 	0.2 	0.0 	0.2 	0.0 	0.0 	10.7 	RB17		Cincinnati Bengals	Tennessee Titans	0 	0.0 	75 	0.6 	3.8 	24 	0.2 	0.0 	0.2 	0.0 	0.0 	13.8 	RB8		Cincinnati Bengals	Atlanta Falcons	0 	0.0 	71 	0.5 	3.9 	24 	0.2 	0.0 	0.2 	0.0 	0.0 	13.2 	RB10		Cincinnati Bengals	Pittsburgh Steelers	0 	0.0 	65 	0.4 	3.8 	24 	0.2 	0.0 	0.2 	0.0 	0.0 	12.1 	RB12		Cincinnati Bengals	Washington Commanders	0 	0.0 	66 	0.5 	3.9 	25 	0.2 	0.0 	0.2 	0.0 	0.0 	12.5 	RB9		Cincinnati Bengals	New Orleans Saints	0 	0.0 	75 	0.5 	3.8 	24 	0.2 	0.0 	0.2 	0.0 	0.0 	13.7 	RB8		Cincinnati Bengals	Cleveland Browns	0 	0.0 	68 	0.5 	3.7 	23 	0.2 	0.0 	0.2 	0.0 	0.0 	12.4 	RB8		Cincinnati Bengals	Kansas City Chiefs	0 	0.0 	64 	0.4 	3.8 	24 	0.2 	0.0 	0.2 	0.0 	0.0 	12.0 	RB12		Cincinnati Bengals	Carolina Panthers	0 	0.0 	64 	0.4 	3.8 	24 	0.2 	0.0 	0.2 	0.0 	0.0 	12.0 	RB14		Cincinnati Bengals	Indianapolis Colts	0 	0.0 	66 	0.5 	3.9 	25 	0.2 	0.0 	0.2 	0.0 	0.0 	12.5 	RB11		Cincinnati Bengals	Baltimore Ravens	0 	0.0 	66 	0.5 	3.9 	25 	0.2 	0.0 	0.2 	0.0 	0.0 	12.5 	RB11		Actual	Actual	Actual	Actual	Forecast	Forecast	Forecast	Forecast	Forecast	Forecast	Forecast	Forecast	Forecast	Forecast	Forecast	Forecast	Forecast		Healthy	Healthy	Healthy	Healthy	Healthy	Healthy	Healthy	Healthy	Healthy	Healthy	Healthy	Healthy	Healthy	Healthy	Healthy	Healthy	Healthy		Week 5 2026	10/9/2026	4:29:22 PM	16		9%	8%	71%	73%	0%	0%		0.2 	0	0	0	0	0	0.228146 
	Chuba Hubbard	Carolina Panthers	RB	RB11	12.4 	198 	0 	0.0 	0.0 	0.0 	1,015 	63.5 	7.8 	0.5 	35.7 	2.2 	302 	18.9 	4.0 	0.2 	0.0 	2.2 	0.0 	0.537 	1.000 	0.876 	1 	0.421 	0.000 	24 	82 	58 	11 	35 	24 	0.643 			Jacoby Brissett	0.173 	QB26	TreVeyon Henderson	0.406 	RB27	Mike Evans	0.474 	WR25	Kyle Pitts Sr.	0.162 	TE26		20.7 	12.4 	11.0 	24.9 	0.0 	11.1 	11.6 	10.1 	10.6 	11.0 	10.6 	10.5 	10.2 	11.9 	11.4 	10.1 	9.6 		RB9	RB10	RB14	RB6	-	RB14	RB12	RB18	RB16	RB14	RB17	RB19	RB17	RB13	RB15	RB20	RB22		RB18	10.7 	0.0 	0.0 	59.1 	0.4 	2.1 	18.2 	0.2 	17 	0.502 	1.000 	0.804 	1 	0.333 	0.000 	41 	0.570 		129 	Jacoby Brissett	0.233 	QB27	TreVeyon Henderson	0.470 	RB23	Mike Evans	0.465 	WR29	Kyle Pitts Sr.	0.208 	TE24		RB6	17.3 	0.0 	0.0 	177.3 	1.2 	6.4 	54.5 	0.5 	6 	0.619 	1.000 	0.934 	2 	0.595 	0.000 	#N/A	0.751 		69.0 	Jacoby Brissett	59 	QB19	TreVeyon Henderson	21 	RB36	Mike Evans	33 	WR21	Kyle Pitts Sr.	7 	TE38					Carolina Panthers	Chicago Bears	0 	0.0 	49 	1.0 	3.0 	38 	1.0 	0.0 	0.0 	0.0 	0.0 	20.7 	RB9		Carolina Panthers	Atlanta Falcons	0 	0.0 	53 	0.0 	2.0 	11 	1.0 	0.0 	0.0 	0.0 	0.0 	12.4 	RB10		Carolina Panthers	Cleveland Browns	0 	0.0 	82 	0.0 	4.0 	28 	0.0 	0.0 	0.0 	0.0 	0.0 	11.0 	RB14		Carolina Panthers	Detroit Lions	0 	0.0 	122 	2.0 	1.0 	7 	0.0 	0.0 	0.0 	0.0 	0.0 	24.9 	RB6		Carolina Panthers	BYE	0 	0.0 	0 	0.0 	0.0 	0 	0.0 	0.0 	0.0 	0.0 	0.0 	0.0 	-		Carolina Panthers	Philadelphia Eagles	0 	0.0 	62 	0.4 	2.1 	18 	0.2 	0.0 	0.2 	0.0 	0.0 	11.1 	RB14		Carolina Panthers	Tampa Bay Buccaneers	0 	0.0 	64 	0.4 	2.2 	18 	0.2 	0.0 	0.2 	0.0 	0.0 	11.6 	RB12		Carolina Panthers	Green Bay Packers	0 	0.0 	55 	0.4 	2.2 	18 	0.2 	0.0 	0.2 	0.0 	0.0 	10.1 	RB18		Carolina Panthers	Denver Broncos	0 	0.0 	59 	0.4 	2.1 	18 	0.2 	0.0 	0.2 	0.0 	0.0 	10.6 	RB16		Carolina Panthers	New Orleans Saints	0 	0.0 	61 	0.4 	2.1 	18 	0.2 	0.0 	0.2 	0.0 	0.0 	11.0 	RB14		Carolina Panthers	Baltimore Ravens	0 	0.0 	58 	0.4 	2.2 	18 	0.2 	0.0 	0.2 	0.0 	0.0 	10.6 	RB17		Carolina Panthers	Tampa Bay Buccaneers	0 	0.0 	57 	0.4 	2.2 	18 	0.2 	0.0 	0.2 	0.0 	0.0 	10.5 	RB19		Carolina Panthers	Minnesota Vikings	0 	0.0 	56 	0.4 	2.1 	18 	0.2 	0.0 	0.2 	0.0 	0.0 	10.2 	RB17		Carolina Panthers	New Orleans Saints	0 	0.0 	66 	0.5 	2.2 	18 	0.2 	0.0 	0.2 	0.0 	0.0 	11.9 	RB13		Carolina Panthers	Cincinnati Bengals	0 	0.0 	62 	0.4 	2.2 	19 	0.2 	0.0 	0.2 	0.0 	0.0 	11.4 	RB15		Carolina Panthers	Pittsburgh Steelers	0 	0.0 	56 	0.4 	2.1 	18 	0.2 	0.0 	0.2 	0.0 	0.0 	10.1 	RB20		Carolina Panthers	Seattle Seahawks	0 	0.0 	53 	0.3 	2.1 	18 	0.2 	0.0 	0.2 	0.0 	0.0 	9.6 	RB22		Actual	Actual	Actual	Actual	Forecast	Forecast	Forecast	Forecast	Forecast	Forecast	Forecast	Forecast	Forecast	Forecast	Forecast	Forecast	Forecast		Healthy	Healthy	Healthy	Healthy	Healthy	Healthy	Healthy	Healthy	Healthy	Healthy	Healthy	Healthy	Healthy	Healthy	Healthy	Healthy	Healthy		Week 5 2026	10/9/2026	4:29:22 PM	16		8%	11%	57%	58%	0%	0%		(0.2)	0	0	0	0	0	(0.180904)
	Tetairoa McMillan	Carolina Panthers	WR	WR13	9.8 	157 	0 	0.0 	0.0 	0.0 	0 	0.0 	0.0 	0.0 	79.1 	4.9 	1,176 	73.5 	7.0 	0.4 	0.0 	1.2 	0.0 	0.428 	1.000 	0.870 	1 	0.374 	0.000 	28 	38 	10 	13 	15 	2 	0.605 			Baker Mayfield	0.156 	QB28	Kyle Monangai	0.438 	RB24	Carnell Tate	0.429 	WR30	Oronde Gadsden II	0.157 	TE27		5.5 	10.1 	1.7 	31.2 	0.0 	8.9 	9.3 	9.0 	8.8 	9.1 	9.3 	9.1 	8.9 	9.3 	9.4 	8.8 	8.9 		WR38	WR14	WR74	WR1	-	WR14	WR16	WR15	WR19	WR17	WR11	WR17	WR15	WR14	WR15	WR19	WR19		WR16	9.1 	0.0 	0.0 	0.0 	0.0 	4.4 	65.9 	0.4 	15 	0.424 	1.000 	0.850 	1 	0.359 	0.000 	34 	0.590 		109 	Baker Mayfield	0.315 	QB22	Kyle Monangai	0.335 	RB34	Carnell Tate	0.470 	WR28	Oronde Gadsden II	0.159 	TE27		WR8	12.1 	0.0 	0.0 	0.0 	0.0 	13.3 	197.7 	1.3 	8 	0.435 	1.000 	0.920 	2 	0.431 	0.000 	#N/A	0.652 		48.5 	Baker Mayfield	35 	QB28	Kyle Monangai	54 	RB12	Carnell Tate	25 	WR38	Oronde Gadsden II	15 	TE26					Carolina Panthers	Chicago Bears	0 	0.0 	0 	0.0 	5.0 	75 	0.0 	0.0 	1.0 	0.0 	0.0 	5.5 	WR38		Carolina Panthers	Atlanta Falcons	0 	0.0 	0 	0.0 	5.0 	101 	0.0 	0.0 	0.0 	0.0 	0.0 	10.1 	WR14		Carolina Panthers	Cleveland Browns	0 	0.0 	0 	0.0 	2.0 	17 	0.0 	0.0 	0.0 	0.0 	0.0 	1.7 	WR74		Carolina Panthers	Detroit Lions	0 	0.0 	0 	0.0 	14.0 	192 	2.0 	0.0 	0.0 	0.0 	0.0 	31.2 	WR1		Carolina Panthers	BYE	0 	0.0 	0 	0.0 	0.0 	0 	0.0 	0.0 	0.0 	0.0 	0.0 	0.0 	-		Carolina Panthers	Philadelphia Eagles	0 	0.0 	0 	0.0 	4.4 	65 	0.4 	0.0 	0.0 	0.0 	0.0 	8.9 	WR14		Carolina Panthers	Tampa Bay Buccaneers	0 	0.0 	0 	0.0 	4.5 	67 	0.4 	0.0 	0.0 	0.0 	0.0 	9.3 	WR16		Carolina Panthers	Green Bay Packers	0 	0.0 	0 	0.0 	4.5 	66 	0.4 	0.0 	0.0 	0.0 	0.0 	9.0 	WR15		Carolina Panthers	Denver Broncos	0 	0.0 	0 	0.0 	4.3 	64 	0.4 	0.0 	0.0 	0.0 	0.0 	8.8 	WR19		Carolina Panthers	New Orleans Saints	0 	0.0 	0 	0.0 	4.4 	66 	0.4 	0.0 	0.0 	0.0 	0.0 	9.1 	WR17		Carolina Panthers	Baltimore Ravens	0 	0.0 	0 	0.0 	4.5 	67 	0.4 	0.0 	0.0 	0.0 	0.0 	9.3 	WR11		Carolina Panthers	Tampa Bay Buccaneers	0 	0.0 	0 	0.0 	4.5 	66 	0.4 	0.0 	0.0 	0.0 	0.0 	9.1 	WR17		Carolina Panthers	Minnesota Vikings	0 	0.0 	0 	0.0 	4.4 	65 	0.4 	0.0 	0.0 	0.0 	0.0 	8.9 	WR15		Carolina Panthers	New Orleans Saints	0 	0.0 	0 	0.0 	4.5 	66 	0.5 	0.0 	0.0 	0.0 	0.0 	9.3 	WR14		Carolina Panthers	Cincinnati Bengals	0 	0.0 	0 	0.0 	4.5 	67 	0.5 	0.0 	0.0 	0.0 	0.0 	9.4 	WR15		Carolina Panthers	Pittsburgh Steelers	0 	0.0 	0 	0.0 	4.3 	65 	0.4 	0.0 	0.0 	0.0 	0.0 	8.8 	WR19		Carolina Panthers	Seattle Seahawks	0 	0.0 	0 	0.0 	4.4 	66 	0.4 	0.0 	0.0 	0.0 	0.0 	8.9 	WR19		Actual	Actual	Actual	Actual	Forecast	Forecast	Forecast	Forecast	Forecast	Forecast	Forecast	Forecast	Forecast	Forecast	Forecast	Forecast	Forecast		Healthy	Healthy	Healthy	Healthy	Healthy	Healthy	Healthy	Healthy	Healthy	Healthy	Healthy	Healthy	Healthy	Healthy	Healthy	Healthy	Healthy		Week 5 2026	10/9/2026	4:29:22 PM	16		29%	28%	0%	0%	0%	0%		(0.1)	0	0	0	0	0	(0.061916)
	Garrett Wilson	New York Jets	WR	WR15	9.4 	150 	0 	0.0 	0.0 	0.0 	0 	0.0 	0.1 	0.0 	93.2 	5.8 	1,059 	66.2 	7.4 	0.5 	0.0 	0.2 	0.0 	0.408 	1.000 	0.850 	1 	0.334 	0.000 	33 	36 	3 	15 	14 	(1)	0.577 			Malik Willis	0.150 	QB29	Tony Pollard	0.429 	RB25	Rashee Rice	0.455 	WR27	AJ Barner	0.150 	TE28		7.9 	11.7 	16.7 	2.7 	9.4 	9.3 	9.7 	9.4 	8.9 	9.7 	8.9 	9.3 	0.0 	9.0 	9.4 	9.0 	9.1 		WR26	WR13	WR3	WR59	WR12	WR10	WR14	WR14	WR18	WR12	WR12	WR16	-	WR16	WR16	WR16	WR16		WR14	9.3 	0.0 	0.0 	0.0 	0.0 	5.8 	65.7 	0.4 	14 	0.433 	1.000 	0.860 	1 	0.379 	0.000 	32 	0.604 		111 	Malik Willis	0.346 	QB18	Tony Pollard	0.458 	RB24	Rashee Rice	0.491 	WR24	AJ Barner	0.134 	TE32		WR14	9.8 	0.0 	0.0 	0.0 	0.0 	17.3 	197.1 	1.3 	14 	0.350 	1.000 	0.860 	1 	0.281 	0.000 	#N/A	0.552 		39.0 	Malik Willis	42 	QB25	Tony Pollard	31 	RB28	Rashee Rice	25 	WR37	AJ Barner	16 	TE24					New York Jets	Tennessee Titans	0 	0.0 	0 	0.0 	6.0 	79 	0.0 	0.0 	0.0 	0.0 	0.0 	7.9 	WR26		New York Jets	Green Bay Packers	0 	0.0 	0 	0.0 	5.0 	57 	1.0 	0.0 	0.0 	0.0 	0.0 	11.7 	WR13		New York Jets	Detroit Lions	0 	0.0 	0 	0.0 	10.0 	107 	1.0 	0.0 	0.0 	0.0 	0.0 	16.7 	WR3		New York Jets	Chicago Bears	0 	0.0 	0 	0.0 	3.0 	27 	0.0 	0.0 	0.0 	0.0 	0.0 	2.7 	WR59		New York Jets	Cleveland Browns	0 	0.0 	0 	0.0 	5.7 	65 	0.5 	0.0 	0.0 	0.0 	0.0 	9.4 	WR12		New York Jets	New England Patriots	0 	0.0 	0 	0.0 	5.8 	67 	0.4 	0.0 	0.0 	0.0 	0.0 	9.3 	WR10		New York Jets	Miami Dolphins	0 	0.0 	0 	0.0 	5.8 	66 	0.5 	0.0 	0.0 	0.0 	0.0 	9.7 	WR14		New York Jets	Las Vegas Raiders	0 	0.0 	0 	0.0 	5.7 	65 	0.5 	0.0 	0.0 	0.0 	0.0 	9.4 	WR14		New York Jets	Kansas City Chiefs	0 	0.0 	0 	0.0 	5.7 	65 	0.4 	0.0 	0.0 	0.0 	0.0 	8.9 	WR18		New York Jets	Buffalo Bills	0 	0.0 	0 	0.0 	6.0 	68 	0.5 	0.0 	0.0 	0.0 	0.0 	9.7 	WR12		New York Jets	Los Angeles Chargers	0 	0.0 	0 	0.0 	5.7 	65 	0.4 	0.0 	0.0 	0.0 	0.0 	8.9 	WR12		New York Jets	Miami Dolphins	0 	0.0 	0 	0.0 	5.7 	65 	0.5 	0.0 	0.0 	0.0 	0.0 	9.3 	WR16		New York Jets	BYE	0 	0.0 	0 	0.0 	0.0 	0 	0.0 	0.0 	0.0 	0.0 	0.0 	0.0 	-		New York Jets	Denver Broncos	0 	0.0 	0 	0.0 	5.7 	65 	0.4 	0.0 	0.0 	0.0 	0.0 	9.0 	WR16		New York Jets	Arizona Cardinals	0 	0.0 	0 	0.0 	5.8 	66 	0.5 	0.0 	0.0 	0.0 	0.0 	9.4 	WR16		New York Jets	New England Patriots	0 	0.0 	0 	0.0 	5.7 	65 	0.4 	0.0 	0.0 	0.0 	0.0 	9.0 	WR16		New York Jets	Minnesota Vikings	0 	0.0 	0 	0.0 	5.7 	65 	0.4 	0.0 	0.0 	0.0 	0.0 	9.1 	WR16		Actual	Actual	Actual	Actual	Forecast	Forecast	Forecast	Forecast	Forecast	Forecast	Forecast	Forecast	Forecast	Forecast	Forecast	Forecast	Forecast		Healthy	Healthy	Healthy	Healthy	Healthy	Healthy	Healthy	Healthy	Healthy	Healthy	Healthy	Healthy	Healthy	Healthy	Healthy	Healthy	Healthy		Week 5 2026	10/9/2026	4:29:22 PM	16		30%	35%	0%	1%	0%	0%		0.1 	0	0	0	0	0	0.051469 
	D'Andre Swift	Chicago Bears	RB	RB12	12.2 	195 	0 	0.0 	0.0 	0.0 	1,054 	65.9 	9.4 	0.6 	35.5 	2.2 	308 	19.3 	1.7 	0.1 	0.0 	3.6 	0.0 	0.531 	1.000 	0.864 	1 	0.410 	0.000 	25 	42 	17 	12 	21 	9 	0.633 			Geno Smith	0.118 	QB30	RJ Harvey	0.311 	RB35	Jaylen Waddle	0.452 	WR28	Gunnar Helm	0.131 	TE32		31.4 	7.9 	8.8 	5.4 	14.0 	11.6 	11.6 	10.2 	12.0 	0.0 	12.7 	11.4 	11.8 	12.3 	10.9 	11.6 	11.9 		RB2	RB23	RB23	RB38	RB6	RB11	RB13	RB16	RB13	-	RB8	RB16	RB11	RB11	RB18	RB15	RB13		RB13	11.8 	0.0 	0.0 	61.9 	0.5 	2.1 	18.7 	0.1 	13 	0.554 	1.000 	0.852 	1 	0.428 	0.000 	27 	0.638 		142 	Geno Smith	0.160 	QB30	RJ Harvey	0.351 	RB32	Jaylen Waddle	0.480 	WR26	Gunnar Helm	0.139 	TE31		RB13	13.4 	0.0 	0.0 	185.8 	1.6 	6.4 	56.1 	0.4 	13 	0.480 	1.000 	0.852 	1 	0.379 	0.000 	#N/A	0.607 		53.5 	Geno Smith	60 	QB18	RJ Harvey	18 	RB42	Jaylen Waddle	28 	WR30	Gunnar Helm	8 	TE35					Chicago Bears	Carolina Panthers	0 	0.0 	124 	3.0 	1.0 	10 	0.0 	0.0 	0.0 	0.0 	0.0 	31.4 	RB2		Chicago Bears	Minnesota Vikings	0 	0.0 	45 	0.0 	5.0 	54 	0.0 	0.0 	1.0 	0.0 	0.0 	7.9 	RB23		Chicago Bears	Philadelphia Eagles	0 	0.0 	84 	0.0 	2.0 	4 	0.0 	0.0 	0.0 	0.0 	0.0 	8.8 	RB23		Chicago Bears	New York Jets	0 	0.0 	58 	0.0 	2.0 	16 	0.0 	0.0 	1.0 	0.0 	0.0 	5.4 	RB38		Chicago Bears	Green Bay Packers	0 	0.0 	83 	0.6 	2.1 	18 	0.1 	0.0 	0.2 	0.0 	0.0 	14.0 	RB6		Chicago Bears	Atlanta Falcons	0 	0.0 	60 	0.5 	2.1 	19 	0.1 	0.0 	0.1 	0.0 	0.0 	11.6 	RB11		Chicago Bears	New England Patriots	0 	0.0 	60 	0.5 	2.1 	19 	0.1 	0.0 	0.1 	0.0 	0.0 	11.6 	RB13		Chicago Bears	Seattle Seahawks	0 	0.0 	53 	0.4 	2.1 	19 	0.1 	0.0 	0.1 	0.0 	0.0 	10.2 	RB16		Chicago Bears	Tampa Bay Buccaneers	0 	0.0 	61 	0.6 	2.2 	19 	0.1 	0.0 	0.1 	0.0 	0.0 	12.0 	RB13		Chicago Bears	BYE	0 	0.0 	0 	0.0 	0.0 	0 	0.0 	0.0 	0.0 	0.0 	0.0 	0.0 	-		Chicago Bears	New Orleans Saints	0 	0.0 	66 	0.6 	2.1 	18 	0.1 	0.0 	0.1 	0.0 	0.0 	12.7 	RB8		Chicago Bears	Detroit Lions	0 	0.0 	58 	0.5 	2.2 	19 	0.1 	0.0 	0.1 	0.0 	0.0 	11.4 	RB16		Chicago Bears	Jacksonville Jaguars	0 	0.0 	61 	0.5 	2.1 	19 	0.1 	0.0 	0.1 	0.0 	0.0 	11.8 	RB11		Chicago Bears	Miami Dolphins	0 	0.0 	64 	0.6 	2.1 	19 	0.1 	0.0 	0.1 	0.0 	0.0 	12.3 	RB11		Chicago Bears	Buffalo Bills	0 	0.0 	55 	0.5 	2.2 	19 	0.1 	0.0 	0.1 	0.0 	0.0 	10.9 	RB18		Chicago Bears	Green Bay Packers	0 	0.0 	60 	0.5 	2.1 	19 	0.1 	0.0 	0.1 	0.0 	0.0 	11.6 	RB15		Chicago Bears	Detroit Lions	0 	0.0 	61 	0.5 	2.1 	19 	0.1 	0.0 	0.1 	0.0 	0.0 	11.9 	RB13		Actual	Actual	Actual	Actual	Forecast	Forecast	Forecast	Forecast	Forecast	Forecast	Forecast	Forecast	Forecast	Forecast	Forecast	Forecast	Forecast		Healthy	Healthy	Healthy	Healthy	Healthy	Healthy	Healthy	Healthy	Healthy	Healthy	Healthy	Healthy	Healthy	Healthy	Healthy	Healthy	Healthy		Week 5 2026	10/9/2026	4:29:22 PM	16		9%	9%	41%	50%	0%	0%		0.0 	0	0	0	0	0	0.030566 
	Davante Adams	Los Angeles Rams	WR	WR12	9.9 	159 	0 	0.0 	0.0 	0.0 	0 	0.0 	0.0 	0.0 	68.0 	4.3 	1,067 	66.7 	8.7 	0.5 	0.0 	0.2 	0.0 	0.431 	1.000 	0.880 	1 	0.381 	0.000 	26 	52 	26 	12 	23 	11 	0.613 			Kyler Murray	0.114 	QB31	Josh Jacobs	0.364 	RB30	Ladd McConkey	0.462 	WR26	Evan Engram	0.146 	TE29		2.6 	31.5 	13.7 	3.2 	9.5 	9.3 	8.7 	8.9 	9.1 	8.9 	0.0 	8.8 	8.7 	8.9 	9.2 	8.5 	8.8 		WR67	WR2	WR12	WR57	WR10	WR11	WR18	WR17	WR17	WR19	-	WR19	WR16	WR17	WR17	WR21	WR20		WR19	9.0 	0.0 	0.0 	0.0 	0.0 	3.8 	56.4 	0.6 	17 	0.419 	1.000 	0.830 	1 	0.348 	0.000 	40 	0.576 		108 	Kyler Murray	0.322 	QB21	Josh Jacobs	0.451 	RB25	Ladd McConkey	0.502 	WR23	Evan Engram	0.152 	TE28		WR6	12.8 	0.0 	0.0 	0.0 	0.0 	11.5 	169.2 	1.7 	6 	0.458 	1.000 	0.940 	2 	0.470 	0.000 	#N/A	0.680 		51.0 	Kyler Murray	23 	QB37	Josh Jacobs	0 	RB73	Ladd McConkey	24 	WR40	Evan Engram	13 	TE28					Los Angeles Rams	San Francisco 49ers	0 	0.0 	0 	0.0 	3.0 	26 	0.0 	0.0 	0.0 	0.0 	0.0 	2.6 	WR67		Los Angeles Rams	New York Giants	0 	0.0 	0 	0.0 	8.0 	195 	2.0 	0.0 	0.0 	0.0 	0.0 	31.5 	WR2		Los Angeles Rams	Denver Broncos	0 	0.0 	0 	0.0 	7.0 	137 	0.0 	0.0 	0.0 	0.0 	0.0 	13.7 	WR12		Los Angeles Rams	Philadelphia Eagles	0 	0.0 	0 	0.0 	4.0 	32 	0.0 	0.0 	0.0 	0.0 	0.0 	3.2 	WR57		Los Angeles Rams	Buffalo Bills	0 	0.0 	0 	0.0 	4.0 	59 	0.6 	0.0 	0.0 	0.0 	0.0 	9.5 	WR10		Los Angeles Rams	Arizona Cardinals	0 	0.0 	0 	0.0 	3.9 	57 	0.6 	0.0 	0.0 	0.0 	0.0 	9.3 	WR11		Los Angeles Rams	Las Vegas Raiders	0 	0.0 	0 	0.0 	3.7 	55 	0.5 	0.0 	0.0 	0.0 	0.0 	8.7 	WR18		Los Angeles Rams	Los Angeles Chargers	0 	0.0 	0 	0.0 	3.9 	57 	0.5 	0.0 	0.0 	0.0 	0.0 	8.9 	WR17		Los Angeles Rams	Washington Commanders	0 	0.0 	0 	0.0 	3.9 	57 	0.6 	0.0 	0.0 	0.0 	0.0 	9.1 	WR17		Los Angeles Rams	Arizona Cardinals	0 	0.0 	0 	0.0 	3.8 	55 	0.6 	0.0 	0.0 	0.0 	0.0 	8.9 	WR19		Los Angeles Rams	BYE	0 	0.0 	0 	0.0 	0.0 	0 	0.0 	0.0 	0.0 	0.0 	0.0 	0.0 	-		Los Angeles Rams	Green Bay Packers	0 	0.0 	0 	0.0 	3.8 	56 	0.5 	0.0 	0.0 	0.0 	0.0 	8.8 	WR19		Los Angeles Rams	Kansas City Chiefs	0 	0.0 	0 	0.0 	3.8 	55 	0.5 	0.0 	0.0 	0.0 	0.0 	8.7 	WR16		Los Angeles Rams	San Francisco 49ers	0 	0.0 	0 	0.0 	3.9 	57 	0.5 	0.0 	0.0 	0.0 	0.0 	8.9 	WR17		Los Angeles Rams	Dallas Cowboys	0 	0.0 	0 	0.0 	3.9 	57 	0.6 	0.0 	0.0 	0.0 	0.0 	9.2 	WR17		Los Angeles Rams	Seattle Seahawks	0 	0.0 	0 	0.0 	3.8 	55 	0.5 	0.0 	0.0 	0.0 	0.0 	8.5 	WR21		Los Angeles Rams	Tampa Bay Buccaneers	0 	0.0 	0 	0.0 	3.8 	56 	0.5 	0.0 	0.0 	0.0 	0.0 	8.8 	WR20		Actual	Actual	Actual	Actual	Forecast	Forecast	Forecast	Forecast	Forecast	Forecast	Forecast	Forecast	Forecast	Forecast	Forecast	Forecast	Forecast		Healthy	Healthy	Healthy	Healthy	Healthy	Healthy	Healthy	Healthy	Healthy	Healthy	Healthy	Healthy	Healthy	Healthy	Healthy	Healthy	Healthy		Week 5 2026	10/9/2026	4:29:22 PM	16		24%	29%	0%	0%	0%	0%		(0.1)	0	0	0	0	0	(0.104222)
	DeVonta Smith	Philadelphia Eagles	WR	WR17	9.7 	136 	0 	0.0 	0.0 	0.0 	0 	0.0 	0.0 	0.0 	76.1 	5.4 	983 	70.2 	6.3 	0.5 	0.0 	0.2 	0.0 	0.369 	1.000 	0.810 	1 	0.362 	0.000 	36 	43 	7 	19 	18 	(1)	0.565 			Daniel Jones	0.068 	QB32	Ollie Gordon II	0.387 	RB29	A.J. Brown	0.409 	WR34	Terrance Ferguson	0.135 	TE31		5.3 	17.7 	6.5 	0.0 	0.0 	9.6 	10.2 	9.8 	9.8 	0.0 	9.6 	10.0 	9.5 	10.0 	9.4 	8.9 	9.6 		WR39	WR7	WR38	-	-	WR8	WR10	WR11	WR13	-	WR9	WR10	WR13	WR9	WR14	WR18	WR14		WR15	9.7 	0.0 	0.0 	0.0 	0.0 	5.2 	68.0 	0.5 	18 	0.415 	1.000 	0.820 	1 	0.420 	0.000 	33 	0.599 		106 	Daniel Jones	0.223 	QB28	Ollie Gordon II	0.393 	RB30	A.J. Brown	0.586 	WR17	Terrance Ferguson	0.128 	TE33		WR27	9.8 	0.0 	0.0 	0.0 	0.0 	19.0 	249.4 	1.8 	27 	0.265 	1.000 	0.730 	1 	0.132 	0.000 	#N/A	0.421 		29.5 	Daniel Jones	36 	QB27	Ollie Gordon II	28 	RB29	A.J. Brown	3 	WR95	Terrance Ferguson	12 	TE29					Philadelphia Eagles	Washington Commanders	0 	0.0 	0 	0.0 	3.0 	53 	0.0 	0.0 	0.0 	0.0 	0.0 	5.3 	WR39		Philadelphia Eagles	Tennessee Titans	0 	0.0 	0 	0.0 	10.0 	117 	1.0 	0.0 	0.0 	0.0 	0.0 	17.7 	WR7		Philadelphia Eagles	Chicago Bears	0 	0.0 	0 	0.0 	6.0 	65 	0.0 	0.0 	0.0 	0.0 	0.0 	6.5 	WR38		Philadelphia Eagles	Los Angeles Rams	0 	0.0 	0 	0.0 	0.0 	0 	0.0 	0.0 	0.0 	0.0 	0.0 	0.0 	-		Philadelphia Eagles	Jacksonville Jaguars	0 	0.0 	0 	0.0 	0.0 	0 	0.0 	0.0 	0.0 	0.0 	0.0 	0.0 	-		Philadelphia Eagles	Carolina Panthers	0 	0.0 	0 	0.0 	5.2 	68 	0.5 	0.0 	0.0 	0.0 	0.0 	9.6 	WR8		Philadelphia Eagles	Dallas Cowboys	0 	0.0 	0 	0.0 	5.4 	71 	0.5 	0.0 	0.0 	0.0 	0.0 	10.2 	WR10		Philadelphia Eagles	Washington Commanders	0 	0.0 	0 	0.0 	5.3 	69 	0.5 	0.0 	0.0 	0.0 	0.0 	9.8 	WR11		Philadelphia Eagles	New York Giants	0 	0.0 	0 	0.0 	5.2 	68 	0.5 	0.0 	0.0 	0.0 	0.0 	9.8 	WR13		Philadelphia Eagles	BYE	0 	0.0 	0 	0.0 	0.0 	0 	0.0 	0.0 	0.0 	0.0 	0.0 	0.0 	-		Philadelphia Eagles	Pittsburgh Steelers	0 	0.0 	0 	0.0 	5.1 	67 	0.5 	0.0 	0.0 	0.0 	0.0 	9.6 	WR9		Philadelphia Eagles	Dallas Cowboys	0 	0.0 	0 	0.0 	5.4 	70 	0.5 	0.0 	0.0 	0.0 	0.0 	10.0 	WR10		Philadelphia Eagles	Arizona Cardinals	0 	0.0 	0 	0.0 	5.0 	66 	0.5 	0.0 	0.0 	0.0 	0.0 	9.5 	WR13		Philadelphia Eagles	Indianapolis Colts	0 	0.0 	0 	0.0 	5.3 	69 	0.5 	0.0 	0.0 	0.0 	0.0 	10.0 	WR9		Philadelphia Eagles	Seattle Seahawks	0 	0.0 	0 	0.0 	5.1 	67 	0.5 	0.0 	0.0 	0.0 	0.0 	9.4 	WR14		Philadelphia Eagles	Houston Texans	0 	0.0 	0 	0.0 	4.9 	64 	0.4 	0.0 	0.0 	0.0 	0.0 	8.9 	WR18		Philadelphia Eagles	San Francisco 49ers	0 	0.0 	0 	0.0 	5.2 	68 	0.5 	0.0 	0.0 	0.0 	0.0 	9.6 	WR14		Actual	Actual	Actual	Actual	Forecast	Forecast	Forecast	Forecast	Forecast	Forecast	Forecast	Forecast	Forecast	Forecast	Forecast	Forecast	Forecast		Healthy	Healthy	Healthy	Injured	Injured	Healthy	Healthy	Healthy	Healthy	Healthy	Healthy	Healthy	Healthy	Healthy	Healthy	Healthy	Healthy		Week 5 2026	10/9/2026	4:29:22 PM	16		32%	31%	0%	0%	0%	0%		0.2 	0	0	1	1	0	
	Bucky Irving	Tampa Bay Buccaneers	RB	RB15	11.0 	177 	0 	0.0 	0.0 	0.0 	1,084 	67.7 	5.9 	0.4 	49.4 	3.1 	305 	19.0 	1.5 	0.1 	0.0 	3.4 	0.0 	0.480 	1.000 	0.828 	1 	0.317 	0.000 	34 	34 	0 	15 	18 	3 	0.571 			Jaxson Dart	0.029 	QB36	J.K. Dobbins	0.363 	RB31	DJ Moore	0.424 	WR32	Greg Dulcich	0.140 	TE30		13.3 	9.0 	5.8 	6.1 	10.0 	10.6 	12.6 	13.6 	11.6 	0.0 	11.6 	12.8 	11.8 	10.9 	12.9 	12.6 	11.4 		RB15	RB19	RB30	RB35	RB19	RB17	RB9	RB11	RB14	-	RB14	RB11	RB10	RB15	RB11	RB10	RB14		RB12	11.9 	0.0 	0.0 	70.2 	0.4 	3.0 	20.3 	0.1 	12 	0.555 	1.000 	0.864 	1 	0.431 	0.000 	25 	0.645 		142 	Jaxson Dart	0.000 	QB38	J.K. Dobbins	0.448 	RB26	DJ Moore	0.475 	WR27	Greg Dulcich	0.148 	TE29		RB24	8.6 	0.0 	0.0 	210.7 	1.2 	9.1 	60.9 	0.4 	24 	0.307 	1.000 	0.719 	0 	0.111 	0.000 	#N/A	0.414 		34.2 	Jaxson Dart	27 	QB32	J.K. Dobbins	18 	RB44	DJ Moore	24 	WR41	Greg Dulcich	9 	TE32					Tampa Bay Buccaneers	Cincinnati Bengals	0 	0.0 	45 	1.0 	7.0 	48 	0.0 	0.0 	1.0 	0.0 	0.0 	13.3 	RB15		Tampa Bay Buccaneers	Cleveland Browns	0 	0.0 	89 	0.0 	4.0 	1 	0.0 	0.0 	0.0 	0.0 	0.0 	9.0 	RB19		Tampa Bay Buccaneers	Minnesota Vikings	0 	0.0 	46 	0.0 	2.0 	12 	0.0 	0.0 	0.0 	0.0 	0.0 	5.8 	RB30		Tampa Bay Buccaneers	Green Bay Packers	0 	0.0 	61 	0.0 	0.0 	0 	0.0 	0.0 	0.0 	0.0 	0.0 	6.1 	RB35		Tampa Bay Buccaneers	Dallas Cowboys	0 	0.0 	58 	0.3 	3.1 	21 	0.1 	0.0 	0.2 	0.0 	0.0 	10.0 	RB19		Tampa Bay Buccaneers	Pittsburgh Steelers	0 	0.0 	66 	0.3 	2.8 	19 	0.1 	0.0 	0.2 	0.0 	0.0 	10.6 	RB17		Tampa Bay Buccaneers	Carolina Panthers	0 	0.0 	75 	0.4 	3.0 	20 	0.1 	0.0 	0.2 	0.0 	0.0 	12.6 	RB9		Tampa Bay Buccaneers	Atlanta Falcons	0 	0.0 	81 	0.5 	3.0 	20 	0.1 	0.0 	0.2 	0.0 	0.0 	13.6 	RB11		Tampa Bay Buccaneers	Chicago Bears	0 	0.0 	68 	0.4 	3.1 	21 	0.1 	0.0 	0.2 	0.0 	0.0 	11.6 	RB14		Tampa Bay Buccaneers	BYE	0 	0.0 	0 	0.0 	0.0 	0 	0.0 	0.0 	0.0 	0.0 	0.0 	0.0 	-		Tampa Bay Buccaneers	Detroit Lions	0 	0.0 	68 	0.4 	3.1 	21 	0.1 	0.0 	0.2 	0.0 	0.0 	11.6 	RB14		Tampa Bay Buccaneers	Carolina Panthers	0 	0.0 	76 	0.5 	3.0 	20 	0.1 	0.0 	0.2 	0.0 	0.0 	12.8 	RB11		Tampa Bay Buccaneers	Los Angeles Chargers	0 	0.0 	70 	0.4 	3.0 	20 	0.1 	0.0 	0.2 	0.0 	0.0 	11.8 	RB10		Tampa Bay Buccaneers	Baltimore Ravens	0 	0.0 	63 	0.4 	3.1 	21 	0.1 	0.0 	0.2 	0.0 	0.0 	10.9 	RB15		Tampa Bay Buccaneers	New Orleans Saints	0 	0.0 	76 	0.5 	3.1 	20 	0.1 	0.0 	0.2 	0.0 	0.0 	12.9 	RB11		Tampa Bay Buccaneers	Atlanta Falcons	0 	0.0 	75 	0.4 	3.0 	20 	0.1 	0.0 	0.2 	0.0 	0.0 	12.6 	RB10		Tampa Bay Buccaneers	Los Angeles Rams	0 	0.0 	67 	0.4 	3.1 	21 	0.1 	0.0 	0.2 	0.0 	0.0 	11.4 	RB14		Actual	Actual	Actual	Actual	Forecast	Forecast	Forecast	Forecast	Forecast	Forecast	Forecast	Forecast	Forecast	Forecast	Forecast	Forecast	Forecast		Healthy	Healthy	Healthy	Healthy	Healthy	Healthy	Healthy	Healthy	Healthy	Healthy	Healthy	Healthy	Healthy	Healthy	Healthy	Healthy	Healthy		Week 5 2026	10/9/2026	4:29:22 PM	16		9%	8%	61%	51%	0%	0%		0.2 	0	0	0	0	0	0.230830 
	Drake London	Atlanta Falcons	WR	WR14	9.6 	154 	0 	0.0 	0.0 	0.0 	4 	0.3 	0.0 	0.0 	80.9 	5.1 	1,223 	76.4 	5.3 	0.3 	0.0 	0.2 	0.0 	0.419 	1.000 	0.860 	1 	0.357 	0.000 	30 	21 	(9)	14 	7 	(7)	0.593 			Jameis Winston	0.053 	QB33	Travis Etienne Jr.	0.311 	RB36	Luther Burden III	0.398 	WR35	Tyler Higbee	0.126 	TE33		3.5 	4.9 	19.4 	9.6 	9.8 	10.0 	9.8 	9.7 	10.2 	9.6 	0.0 	9.3 	10.1 	9.1 	9.8 	9.7 	9.7 		WR55	WR35	WR2	WR21	WR9	WR6	WR13	WR13	WR10	WR14	-	WR15	WR10	WR15	WR12	WR10	WR12		WR11	9.7 	0.0 	0.0 	0.0 	0.0 	5.1 	71.1 	0.4 	11 	0.456 	1.000 	0.890 	1 	0.428 	0.000 	26 	0.640 		117 	Jameis Winston	0.127 	QB31	Travis Etienne Jr.	0.342 	RB33	Luther Burden III	0.406 	WR35	Tyler Higbee	0.120 	TE34		WR16	9.4 	0.0 	0.0 	0.0 	0.0 	15.2 	213.3 	1.3 	16 	0.336 	1.000 	0.840 	1 	0.256 	0.000 	#N/A	0.531 		37.4 	Jameis Winston	27 	QB33	Travis Etienne Jr.	20 	RB38	Luther Burden III	28 	WR30	Tyler Higbee	18 	TE23					Atlanta Falcons	Pittsburgh Steelers	0 	0.0 	6 	0.0 	2.0 	29 	0.0 	0.0 	0.0 	0.0 	0.0 	3.5 	WR55		Atlanta Falcons	Carolina Panthers	0 	0.0 	(2)	0.0 	4.0 	51 	0.0 	0.0 	0.0 	0.0 	0.0 	4.9 	WR35		Atlanta Falcons	Green Bay Packers	0 	0.0 	0 	0.0 	9.0 	194 	0.0 	0.0 	0.0 	0.0 	0.0 	19.4 	WR2		Atlanta Falcons	New Orleans Saints	0 	0.0 	0 	0.0 	5.0 	96 	0.0 	0.0 	0.0 	0.0 	0.0 	9.6 	WR21		Atlanta Falcons	Baltimore Ravens	0 	0.0 	0 	0.0 	5.0 	71 	0.5 	0.0 	0.0 	0.0 	0.0 	9.8 	WR9		Atlanta Falcons	Chicago Bears	0 	0.0 	0 	0.0 	5.1 	72 	0.5 	0.0 	0.0 	0.0 	0.0 	10.0 	WR6		Atlanta Falcons	San Francisco 49ers	0 	0.0 	0 	0.0 	5.1 	72 	0.4 	0.0 	0.0 	0.0 	0.0 	9.8 	WR13		Atlanta Falcons	Tampa Bay Buccaneers	0 	0.0 	0 	0.0 	5.1 	71 	0.4 	0.0 	0.0 	0.0 	0.0 	9.7 	WR13		Atlanta Falcons	Cincinnati Bengals	0 	0.0 	0 	0.0 	5.3 	74 	0.5 	0.0 	0.0 	0.0 	0.0 	10.2 	WR10		Atlanta Falcons	Kansas City Chiefs	0 	0.0 	0 	0.0 	5.0 	71 	0.4 	0.0 	0.0 	0.0 	0.0 	9.6 	WR14		Atlanta Falcons	BYE	0 	0.0 	0 	0.0 	0.0 	0 	0.0 	0.0 	0.0 	0.0 	0.0 	0.0 	-		Atlanta Falcons	Minnesota Vikings	0 	0.0 	0 	0.0 	5.0 	69 	0.4 	0.0 	0.0 	0.0 	0.0 	9.3 	WR15		Atlanta Falcons	Detroit Lions	0 	0.0 	0 	0.0 	5.2 	73 	0.5 	0.0 	0.0 	0.0 	0.0 	10.1 	WR10		Atlanta Falcons	Cleveland Browns	0 	0.0 	0 	0.0 	4.8 	68 	0.4 	0.0 	0.0 	0.0 	0.0 	9.1 	WR15		Atlanta Falcons	Washington Commanders	0 	0.0 	0 	0.0 	5.1 	72 	0.4 	0.0 	0.0 	0.0 	0.0 	9.8 	WR12		Atlanta Falcons	Tampa Bay Buccaneers	0 	0.0 	0 	0.0 	5.0 	71 	0.4 	0.0 	0.0 	0.0 	0.0 	9.7 	WR10		Atlanta Falcons	New Orleans Saints	0 	0.0 	0 	0.0 	5.0 	70 	0.5 	0.0 	0.0 	0.0 	0.0 	9.7 	WR12		Actual	Actual	Actual	Actual	Forecast	Forecast	Forecast	Forecast	Forecast	Forecast	Forecast	Forecast	Forecast	Forecast	Forecast	Forecast	Forecast		Healthy	Healthy	Healthy	Healthy	Healthy	Healthy	Healthy	Healthy	Healthy	Healthy	Healthy	Healthy	Healthy	Healthy	Healthy	Healthy	Healthy		Week 5 2026	10/9/2026	4:29:22 PM	16		36%	35%	0%	0%	0%	0%		0.1 	0	0	0	0	0	0.109378 
	Jaylen Warren	Pittsburgh Steelers	RB	RB18	10.7 	172 	0 	0.0 	0.0 	0.0 	894 	55.9 	3.5 	0.2 	59.3 	3.7 	527 	33.0 	2.3 	0.1 	0.0 	2.7 	0.0 	0.466 	1.000 	0.804 	1 	0.292 	0.000 	40 	59 	19 	17 	25 	8 	0.548 			Michael Penix Jr.	0.045 	QB34	Jacory Croskey-Merritt	0.343 	RB32	DK Metcalf	0.387 	WR36	Chig Okonkwo	0.121 	TE34		5.3 	7.7 	17.6 	12.6 	11.3 	10.8 	11.1 	11.7 	0.0 	10.5 	9.4 	10.0 	10.2 	10.4 	10.8 	11.1 	11.0 		RB37	RB24	RB6	RB19	RB13	RB15	RB15	RB15	-	RB17	RB20	RB22	RB16	RB19	RB20	RB16	RB17		RB19	10.7 	0.0 	0.0 	48.7 	0.3 	3.9 	32.0 	0.2 	18 	0.500 	1.000 	0.792 	1 	0.331 	0.000 	42 	0.564 		128 	Michael Penix Jr.	0.067 	QB32	Jacory Croskey-Merritt	0.373 	RB31	DK Metcalf	0.401 	WR36	Chig Okonkwo	0.144 	TE30		RB16	10.8 	0.0 	0.0 	146.2 	0.9 	11.6 	96.1 	0.6 	16 	0.388 	1.000 	0.816 	1 	0.236 	0.000 	#N/A	0.520 		43.2 	Michael Penix Jr.	27 	QB34	Jacory Croskey-Merritt	26 	RB30	DK Metcalf	27 	WR33	Chig Okonkwo	2 	TE40					Pittsburgh Steelers	Atlanta Falcons	0 	0.0 	46 	0.0 	5.0 	27 	0.0 	0.0 	1.0 	0.0 	0.0 	5.3 	RB37		Pittsburgh Steelers	New England Patriots	0 	0.0 	43 	0.0 	2.0 	34 	0.0 	0.0 	0.0 	0.0 	0.0 	7.7 	RB24		Pittsburgh Steelers	Cincinnati Bengals	0 	0.0 	127 	0.0 	3.0 	49 	0.0 	0.0 	0.0 	0.0 	0.0 	17.6 	RB6		Pittsburgh Steelers	Cleveland Browns	0 	0.0 	93 	0.0 	3.0 	33 	0.0 	0.0 	0.0 	0.0 	0.0 	12.6 	RB19		Pittsburgh Steelers	Indianapolis Colts	0 	0.0 	52 	0.3 	3.9 	33 	0.2 	0.0 	0.1 	0.0 	0.0 	11.3 	RB13		Pittsburgh Steelers	Tampa Bay Buccaneers	0 	0.0 	50 	0.3 	3.8 	32 	0.2 	0.0 	0.1 	0.0 	0.0 	10.8 	RB15		Pittsburgh Steelers	New Orleans Saints	0 	0.0 	51 	0.3 	3.9 	32 	0.2 	0.0 	0.1 	0.0 	0.0 	11.1 	RB15		Pittsburgh Steelers	Cleveland Browns	0 	0.0 	56 	0.4 	3.7 	31 	0.2 	0.0 	0.1 	0.0 	0.0 	11.7 	RB15		Pittsburgh Steelers	BYE	0 	0.0 	0 	0.0 	0.0 	0 	0.0 	0.0 	0.0 	0.0 	0.0 	0.0 	-		Pittsburgh Steelers	Cincinnati Bengals	0 	0.0 	46 	0.3 	4.0 	33 	0.2 	0.0 	0.1 	0.0 	0.0 	10.5 	RB17		Pittsburgh Steelers	Philadelphia Eagles	0 	0.0 	41 	0.2 	3.9 	32 	0.2 	0.0 	0.1 	0.0 	0.0 	9.4 	RB20		Pittsburgh Steelers	Denver Broncos	0 	0.0 	46 	0.3 	3.7 	31 	0.2 	0.0 	0.1 	0.0 	0.0 	10.0 	RB22		Pittsburgh Steelers	Houston Texans	0 	0.0 	47 	0.3 	3.8 	32 	0.2 	0.0 	0.1 	0.0 	0.0 	10.2 	RB16		Pittsburgh Steelers	Jacksonville Jaguars	0 	0.0 	47 	0.3 	3.9 	32 	0.2 	0.0 	0.1 	0.0 	0.0 	10.4 	RB19		Pittsburgh Steelers	Baltimore Ravens	0 	0.0 	48 	0.3 	3.9 	33 	0.2 	0.0 	0.1 	0.0 	0.0 	10.8 	RB20		Pittsburgh Steelers	Carolina Panthers	0 	0.0 	51 	0.3 	3.9 	32 	0.2 	0.0 	0.1 	0.0 	0.0 	11.1 	RB16		Pittsburgh Steelers	Tennessee Titans	0 	0.0 	51 	0.3 	3.9 	32 	0.2 	0.0 	0.1 	0.0 	0.0 	11.0 	RB17		Actual	Actual	Actual	Actual	Forecast	Forecast	Forecast	Forecast	Forecast	Forecast	Forecast	Forecast	Forecast	Forecast	Forecast	Forecast	Forecast		Healthy	Healthy	Healthy	Healthy	Healthy	Healthy	Healthy	Healthy	Healthy	Healthy	Healthy	Healthy	Healthy	Healthy	Healthy	Healthy	Healthy		Week 5 2026	10/9/2026	4:29:22 PM	16		14%	12%	46%	45%	0%	0%		0.0 	0	0	0	0	0	0.043866 
	Parker Washington	Jacksonville Jaguars	WR	WR16	9.3 	149 	0 	0.0 	0.0 	0.0 	3 	0.2 	0.0 	0.0 	73.3 	4.6 	1,053 	65.8 	7.3 	0.5 	0.0 	0.2 	0.0 	0.405 	1.000 	0.840 	1 	0.327 	0.000 	35 	70 	35 	16 	30 	14 	0.570 			Jalon Daniels	0.029 	QB37	Rachaad White	0.294 	RB38	Terry McLaurin	0.410 	WR33	Tommy Tremble	0.112 	TE35		14.3 	9.8 	10.0 	1.0 	9.2 	9.3 	0.0 	9.9 	9.6 	9.5 	9.5 	9.6 	9.3 	9.4 	8.9 	9.8 	9.9 		WR9	WR16	WR24	WR73	WR14	WR12	-	WR10	WR14	WR15	WR10	WR14	WR14	WR13	WR19	WR9	WR11		WR13	9.5 	0.0 	0.0 	0.0 	0.0 	4.8 	68.7 	0.4 	13 	0.444 	1.000 	0.870 	1 	0.402 	0.000 	31 	0.619 		114 	Jalon Daniels	0.037 	QB33	Rachaad White	0.293 	RB37	Terry McLaurin	0.458 	WR30	Tommy Tremble	0.112 	TE35		WR17	8.8 	0.0 	0.0 	0.0 	0.0 	14.3 	206.2 	1.3 	17 	0.315 	1.000 	0.830 	1 	0.220 	0.000 	#N/A	0.509 		35.1 	Jalon Daniels	12 	QB38	Rachaad White	21 	RB35	Terry McLaurin	20 	WR55	Tommy Tremble	8 	TE34					Jacksonville Jaguars	Cleveland Browns	0 	0.0 	0 	0.0 	5.0 	83 	1.0 	0.0 	0.0 	0.0 	0.0 	14.3 	WR9		Jacksonville Jaguars	Denver Broncos	0 	0.0 	0 	0.0 	7.0 	98 	0.0 	0.0 	0.0 	0.0 	0.0 	9.8 	WR16		Jacksonville Jaguars	New England Patriots	0 	0.0 	0 	0.0 	3.0 	40 	1.0 	0.0 	0.0 	0.0 	0.0 	10.0 	WR24		Jacksonville Jaguars	Cincinnati Bengals	0 	0.0 	3 	0.0 	1.0 	7 	0.0 	0.0 	0.0 	0.0 	0.0 	1.0 	WR73		Jacksonville Jaguars	Philadelphia Eagles	0 	0.0 	0 	0.0 	4.6 	66 	0.4 	0.0 	0.0 	0.0 	0.0 	9.2 	WR14		Jacksonville Jaguars	Houston Texans	0 	0.0 	0 	0.0 	4.7 	68 	0.4 	0.0 	0.0 	0.0 	0.0 	9.3 	WR12		Jacksonville Jaguars	BYE	0 	0.0 	0 	0.0 	0.0 	0 	0.0 	0.0 	0.0 	0.0 	0.0 	0.0 	-		Jacksonville Jaguars	Indianapolis Colts	0 	0.0 	0 	0.0 	4.9 	70 	0.5 	0.0 	0.0 	0.0 	0.0 	9.9 	WR10		Jacksonville Jaguars	Baltimore Ravens	0 	0.0 	0 	0.0 	4.9 	70 	0.4 	0.0 	0.0 	0.0 	0.0 	9.6 	WR14		Jacksonville Jaguars	Tennessee Titans	0 	0.0 	0 	0.0 	4.8 	69 	0.4 	0.0 	0.0 	0.0 	0.0 	9.5 	WR15		Jacksonville Jaguars	New York Giants	0 	0.0 	0 	0.0 	4.8 	69 	0.4 	0.0 	0.0 	0.0 	0.0 	9.5 	WR10		Jacksonville Jaguars	Tennessee Titans	0 	0.0 	0 	0.0 	4.8 	69 	0.5 	0.0 	0.0 	0.0 	0.0 	9.6 	WR14		Jacksonville Jaguars	Chicago Bears	0 	0.0 	0 	0.0 	4.7 	68 	0.4 	0.0 	0.0 	0.0 	0.0 	9.3 	WR14		Jacksonville Jaguars	Pittsburgh Steelers	0 	0.0 	0 	0.0 	4.8 	68 	0.4 	0.0 	0.0 	0.0 	0.0 	9.4 	WR13		Jacksonville Jaguars	Houston Texans	0 	0.0 	0 	0.0 	4.6 	66 	0.4 	0.0 	0.0 	0.0 	0.0 	8.9 	WR19		Jacksonville Jaguars	Dallas Cowboys	0 	0.0 	0 	0.0 	4.9 	71 	0.5 	0.0 	0.0 	0.0 	0.0 	9.8 	WR9		Jacksonville Jaguars	Washington Commanders	0 	0.0 	0 	0.0 	4.9 	71 	0.5 	0.0 	0.0 	0.0 	0.0 	9.9 	WR11		Actual	Actual	Actual	Actual	Forecast	Forecast	Forecast	Forecast	Forecast	Forecast	Forecast	Forecast	Forecast	Forecast	Forecast	Forecast	Forecast		Healthy	Healthy	Healthy	Healthy	Healthy	Healthy	Healthy	Healthy	Healthy	Healthy	Healthy	Healthy	Healthy	Healthy	Healthy	Healthy	Healthy		Week 5 2026	10/9/2026	4:29:22 PM	16		30%	27%	0%	0%	0%	0%		0.1 	0	0	0	0	0	0.110130 
	Breece Hall	New York Jets	RB	RB17	11.4 	160 	0 	0.0 	0.0 	0.0 	811 	57.9 	5.7 	0.4 	39.8 	2.8 	391 	27.9 	1.5 	0.1 	0.0 	2.0 	0.0 	0.434 	1.000 	0.780 	1 	0.346 	0.000 	38 	30 	(8)	19 	16 	(3)	0.555 			Marcus Mariota	0.037 	QB35	Blake Corum	0.303 	RB37	Romeo Doubs	0.425 	WR31	Cole Kmet	0.101 	TE37		17.8 	9.2 	5.5 	0.0 	0.0 	11.2 	13.4 	13.1 	10.2 	11.7 	10.2 	12.2 	0.0 	10.8 	12.4 	10.8 	11.4 		RB12	RB16	RB33	-	-	RB13	RB8	RB12	RB18	RB13	RB18	RB14	-	RB16	RB13	RB17	RB15		RB16	11.6 	0.0 	0.0 	58.9 	0.4 	2.7 	26.3 	0.1 	19 	0.496 	1.000 	0.780 	1 	0.406 	0.000 	35 	0.588 		127 	Marcus Mariota	0.021 	QB35	Blake Corum	0.325 	RB35	Romeo Doubs	0.382 	WR39	Cole Kmet	0.095 	TE38		RB26	10.8 	0.0 	0.0 	215.9 	1.6 	9.9 	96.4 	0.5 	26 	0.292 	1.000 	0.694 	0 	0.087 	0.000 	#N/A	0.391 		32.5 	Marcus Mariota	35 	QB29	Blake Corum	18 	RB41	Romeo Doubs	32 	WR22	Cole Kmet	11 	TE30					New York Jets	Tennessee Titans	0 	0.0 	102 	1.0 	2.0 	16 	0.0 	0.0 	0.0 	0.0 	0.0 	17.8 	RB12		New York Jets	Green Bay Packers	0 	0.0 	29 	0.0 	5.0 	63 	0.0 	0.0 	0.0 	0.0 	0.0 	9.2 	RB16		New York Jets	Detroit Lions	0 	0.0 	32 	0.0 	3.0 	23 	0.0 	0.0 	0.0 	0.0 	0.0 	5.5 	RB33		New York Jets	Chicago Bears	0 	0.0 	0 	0.0 	0.0 	0 	0.0 	0.0 	0.0 	0.0 	0.0 	0.0 	-		New York Jets	Cleveland Browns	0 	0.0 	0 	0.0 	0.0 	0 	0.0 	0.0 	0.0 	0.0 	0.0 	0.0 	-		New York Jets	New England Patriots	0 	0.0 	56 	0.4 	2.7 	27 	0.1 	0.0 	0.2 	0.0 	0.0 	11.2 	RB13		New York Jets	Miami Dolphins	0 	0.0 	69 	0.6 	2.7 	27 	0.2 	0.0 	0.2 	0.0 	0.0 	13.4 	RB8		New York Jets	Las Vegas Raiders	0 	0.0 	68 	0.5 	2.7 	26 	0.2 	0.0 	0.2 	0.0 	0.0 	13.1 	RB12		New York Jets	Kansas City Chiefs	0 	0.0 	51 	0.3 	2.7 	26 	0.1 	0.0 	0.2 	0.0 	0.0 	10.2 	RB18		New York Jets	Buffalo Bills	0 	0.0 	58 	0.4 	2.8 	27 	0.2 	0.0 	0.2 	0.0 	0.0 	11.7 	RB13		New York Jets	Los Angeles Chargers	0 	0.0 	51 	0.3 	2.7 	26 	0.1 	0.0 	0.2 	0.0 	0.0 	10.2 	RB18		New York Jets	Miami Dolphins	0 	0.0 	63 	0.5 	2.7 	26 	0.1 	0.0 	0.2 	0.0 	0.0 	12.2 	RB14		New York Jets	BYE	0 	0.0 	0 	0.0 	0.0 	0 	0.0 	0.0 	0.0 	0.0 	0.0 	0.0 	-		New York Jets	Denver Broncos	0 	0.0 	55 	0.4 	2.7 	26 	0.1 	0.0 	0.2 	0.0 	0.0 	10.8 	RB16		New York Jets	Arizona Cardinals	0 	0.0 	64 	0.5 	2.7 	26 	0.1 	0.0 	0.2 	0.0 	0.0 	12.4 	RB13		New York Jets	New England Patriots	0 	0.0 	55 	0.4 	2.7 	26 	0.1 	0.0 	0.2 	0.0 	0.0 	10.8 	RB17		New York Jets	Minnesota Vikings	0 	0.0 	59 	0.4 	2.7 	26 	0.1 	0.0 	0.2 	0.0 	0.0 	11.4 	RB15		Actual	Actual	Actual	Actual	Forecast	Forecast	Forecast	Forecast	Forecast	Forecast	Forecast	Forecast	Forecast	Forecast	Forecast	Forecast	Forecast		Healthy	Healthy	Healthy	Injured	Injured	Healthy	Healthy	Healthy	Healthy	Healthy	Healthy	Healthy	Healthy	Healthy	Healthy	Healthy	Healthy		Week 5 2026	10/9/2026	4:29:22 PM	16		12%	11%	59%	62%	0%	0%		0.2 	0	0	1	1	0	
	Cam Skattebo	New York Giants	RB	RB14	11.1 	177 	0 	0.0 	0.0 	0.0 	1,076 	67.3 	6.7 	0.4 	31.0 	1.9 	265 	16.6 	1.2 	0.1 	0.0 	2.1 	0.0 	0.482 	1.000 	0.840 	1 	0.320 	0.000 	32 	39 	7 	14 	20 	6 	0.578 			Tyson Bagent	0.013 	QB38	Woody Marks	0.282 	RB39	Josh Downs	0.347 	WR42	Dawson Knox	0.105 	TE36		14.1 	5.5 	10.0 	6.6 	10.2 	12.2 	10.6 	0.0 	10.7 	13.3 	12.3 	12.3 	12.2 	10.3 	13.0 	12.0 	12.0 		RB13	RB32	RB18	RB33	RB18	RB10	RB18	-	RB15	RB9	RB10	RB13	RB9	RB20	RB9	RB13	RB12		RB14	11.8 	0.0 	0.0 	70.1 	0.5 	1.9 	16.5 	0.1 	14 	0.550 	1.000 	0.840 	1 	0.422 	0.000 	29 	0.629 		141 	Tyson Bagent	0.029 	QB34	Woody Marks	0.279 	RB39	Josh Downs	0.411 	WR34	Dawson Knox	0.105 	TE36		RB22	9.1 	0.0 	0.0 	210.3 	1.4 	5.8 	49.5 	0.3 	22 	0.325 	1.000 	0.743 	0 	0.139 	0.000 	#N/A	0.439 		36.2 	Tyson Bagent	11 	QB39	Woody Marks	24 	RB32	Josh Downs	20 	WR54	Dawson Knox	9 	TE32					New York Giants	Dallas Cowboys	0 	0.0 	81 	1.0 	0.0 	0 	0.0 	0.0 	0.0 	0.0 	0.0 	14.1 	RB13		New York Giants	Los Angeles Rams	0 	0.0 	36 	0.0 	4.0 	19 	0.0 	0.0 	0.0 	0.0 	0.0 	5.5 	RB32		New York Giants	Tennessee Titans	0 	0.0 	60 	0.0 	3.0 	40 	0.0 	0.0 	0.0 	0.0 	0.0 	10.0 	RB18		New York Giants	Arizona Cardinals	0 	0.0 	58 	0.0 	1.0 	8 	0.0 	0.0 	0.0 	0.0 	0.0 	6.6 	RB33		New York Giants	Washington Commanders	0 	0.0 	62 	0.4 	1.8 	15 	0.1 	0.0 	0.2 	0.0 	0.0 	10.2 	RB18		New York Giants	New Orleans Saints	0 	0.0 	73 	0.5 	1.9 	17 	0.1 	0.0 	0.2 	0.0 	0.0 	12.2 	RB10		New York Giants	Houston Texans	0 	0.0 	64 	0.4 	1.9 	16 	0.1 	0.0 	0.2 	0.0 	0.0 	10.6 	RB18		New York Giants	BYE	0 	0.0 	0 	0.0 	0.0 	0 	0.0 	0.0 	0.0 	0.0 	0.0 	0.0 	-		New York Giants	Philadelphia Eagles	0 	0.0 	64 	0.4 	1.9 	17 	0.1 	0.0 	0.2 	0.0 	0.0 	10.7 	RB15		New York Giants	Washington Commanders	0 	0.0 	79 	0.6 	2.0 	17 	0.1 	0.0 	0.2 	0.0 	0.0 	13.3 	RB9		New York Giants	Jacksonville Jaguars	0 	0.0 	73 	0.5 	1.9 	17 	0.1 	0.0 	0.2 	0.0 	0.0 	12.3 	RB10		New York Giants	Indianapolis Colts	0 	0.0 	73 	0.5 	1.9 	17 	0.1 	0.0 	0.2 	0.0 	0.0 	12.3 	RB13		New York Giants	San Francisco 49ers	0 	0.0 	73 	0.5 	1.9 	17 	0.1 	0.0 	0.2 	0.0 	0.0 	12.2 	RB9		New York Giants	Seattle Seahawks	0 	0.0 	61 	0.4 	2.0 	17 	0.1 	0.0 	0.2 	0.0 	0.0 	10.3 	RB20		New York Giants	Cleveland Browns	0 	0.0 	79 	0.6 	1.8 	16 	0.1 	0.0 	0.2 	0.0 	0.0 	13.0 	RB9		New York Giants	Detroit Lions	0 	0.0 	70 	0.5 	2.0 	17 	0.1 	0.0 	0.2 	0.0 	0.0 	12.0 	RB13		New York Giants	Dallas Cowboys	0 	0.0 	70 	0.5 	2.0 	17 	0.1 	0.0 	0.2 	0.0 	0.0 	12.0 	RB12		Actual	Actual	Actual	Actual	Forecast	Forecast	Forecast	Forecast	Forecast	Forecast	Forecast	Forecast	Forecast	Forecast	Forecast	Forecast	Forecast		Healthy	Healthy	Healthy	Healthy	Limited / Handicapped	Healthy	Healthy	Healthy	Healthy	Healthy	Healthy	Healthy	Healthy	Healthy	Healthy	Healthy	Healthy		Week 5 2026	10/9/2026	4:29:22 PM	16		8%	7%	55%	54%	0%	0%		0.2 	0	0	0	0	0	0.190838 
	George Kittle	San Francisco 49ers	TE	TE3	9.2 	148 	0 	0.0 	0.0 	0.0 	0 	0.0 	0.0 	0.0 	66.5 	4.2 	935 	58.5 	9.1 	0.6 	0.0 	0.2 	0.0 	0.401 	0.560 	0.541 	2 	0.676 	0.000 	31 	99 	68 	3 	9 	6 	0.581 			Fernando Mendoza	0.000 	QB39	Keaton Mitchell	0.270 	RB41	Malik Washington	0.352 	WR41	David Njoku	0.096 	TE38		1.2 	14.0 	20.2 	13.0 	7.8 	8.8 	8.4 	0.0 	8.3 	8.7 	8.4 	8.1 	8.4 	8.3 	8.1 	7.9 	8.1 		TE31	TE5	TE1	TE3	TE4	TE3	TE3	-	TE3	TE3	TE3	TE3	TE2	TE2	TE3	TE3	TE3		TE3	8.3 	0.0 	0.0 	0.0 	0.0 	4.2 	57.6 	0.4 	3 	0.387 	0.560 	0.541 	1 	0.615 	0.000 	44 	0.551 		99 	Fernando Mendoza	0.000 	QB38	Keaton Mitchell	0.261 	RB42	Malik Washington	0.395 	WR38	David Njoku	0.099 	TE37		TE1	12.1 	0.0 	0.0 	0.0 	0.0 	12.6 	172.9 	1.3 	1 	0.434 	0.560 	0.554 	2 	1.000 	0.000 	#N/A	0.737 		48.4 	Fernando Mendoza	0 	QB41	Keaton Mitchell	22 	RB34	Malik Washington	21 	WR48	David Njoku	7 	TE37					San Francisco 49ers	Los Angeles Rams	0 	0.0 	0 	0.0 	2.0 	12 	0.0 	0.0 	0.0 	0.0 	0.0 	1.2 	TE31		San Francisco 49ers	Miami Dolphins	0 	0.0 	0 	0.0 	4.0 	80 	1.0 	0.0 	0.0 	0.0 	0.0 	14.0 	TE5		San Francisco 49ers	Arizona Cardinals	0 	0.0 	0 	0.0 	6.0 	82 	2.0 	0.0 	0.0 	0.0 	0.0 	20.2 	TE1		San Francisco 49ers	Denver Broncos	0 	0.0 	0 	0.0 	4.0 	70 	1.0 	0.0 	0.0 	0.0 	0.0 	13.0 	TE3		San Francisco 49ers	Seattle Seahawks	0 	0.0 	0 	0.0 	4.1 	56 	0.4 	0.0 	0.0 	0.0 	0.0 	7.8 	TE4		San Francisco 49ers	Washington Commanders	0 	0.0 	0 	0.0 	4.3 	59 	0.5 	0.0 	0.0 	0.0 	0.0 	8.8 	TE3		San Francisco 49ers	Atlanta Falcons	0 	0.0 	0 	0.0 	4.2 	58 	0.4 	0.0 	0.0 	0.0 	0.0 	8.4 	TE3		San Francisco 49ers	BYE	0 	0.0 	0 	0.0 	0.0 	0 	0.0 	0.0 	0.0 	0.0 	0.0 	0.0 	-		San Francisco 49ers	Las Vegas Raiders	0 	0.0 	0 	0.0 	4.1 	56 	0.4 	0.0 	0.0 	0.0 	0.0 	8.3 	TE3		San Francisco 49ers	Dallas Cowboys	0 	0.0 	0 	0.0 	4.4 	60 	0.5 	0.0 	0.0 	0.0 	0.0 	8.7 	TE3		San Francisco 49ers	Minnesota Vikings	0 	0.0 	0 	0.0 	4.2 	58 	0.4 	0.0 	0.0 	0.0 	0.0 	8.4 	TE3		San Francisco 49ers	Seattle Seahawks	0 	0.0 	0 	0.0 	4.2 	57 	0.4 	0.0 	0.0 	0.0 	0.0 	8.1 	TE3		San Francisco 49ers	New York Giants	0 	0.0 	0 	0.0 	4.3 	58 	0.4 	0.0 	0.0 	0.0 	0.0 	8.4 	TE2		San Francisco 49ers	Los Angeles Rams	0 	0.0 	0 	0.0 	4.2 	58 	0.4 	0.0 	0.0 	0.0 	0.0 	8.3 	TE2		San Francisco 49ers	Los Angeles Chargers	0 	0.0 	0 	0.0 	4.2 	57 	0.4 	0.0 	0.0 	0.0 	0.0 	8.1 	TE3		San Francisco 49ers	Kansas City Chiefs	0 	0.0 	0 	0.0 	4.1 	56 	0.4 	0.0 	0.0 	0.0 	0.0 	7.9 	TE3		San Francisco 49ers	Philadelphia Eagles	0 	0.0 	0 	0.0 	4.1 	57 	0.4 	0.0 	0.0 	0.0 	0.0 	8.1 	TE3		Actual	Actual	Actual	Actual	Forecast	Forecast	Forecast	Forecast	Forecast	Forecast	Forecast	Forecast	Forecast	Forecast	Forecast	Forecast	Forecast		Healthy	Healthy	Healthy	Healthy	Healthy	Healthy	Healthy	Healthy	Healthy	Healthy	Healthy	Healthy	Healthy	Healthy	Healthy	Healthy	Healthy		Week 5 2026	10/9/2026	4:29:22 PM	16		25%	25%	0%	0%	0%	0%		(0.2)	0	0	0	0	0	(0.185787)
	Matthew Golden	Green Bay Packers	WR	WR18	9.0 	144 	0 	0.0 	0.0 	0.0 	31 	1.9 	0.1 	0.0 	69.1 	4.3 	1,015 	63.4 	6.5 	0.4 	0.0 	0.2 	0.0 	0.391 	1.000 	0.830 	1 	0.298 	0.000 	39 	159 	120 	17 	55 	38 	0.552 			J.J. McCarthy	0.000 	QB39	Emanuel Wilson	0.317 	RB34	Jameson Williams	0.376 	WR37	Theo Johnson	0.091 	TE39		9.5 	5.8 	16.0 	8.7 	8.5 	8.9 	8.9 	8.8 	8.5 	8.6 	0.0 	8.5 	8.6 	8.9 	8.8 	8.6 	8.3 		WR22	WR29	WR4	WR28	WR18	WR15	WR17	WR18	WR21	WR20	-	WR21	WR18	WR18	WR20	WR20	WR21		WR20	8.7 	0.0 	0.0 	2.1 	0.0 	4.3 	61.7 	0.4 	19 	0.405 	1.000 	0.810 	1 	0.317 	0.000 	43 	0.552 		104 	J.J. McCarthy	0.013 	QB36	Emanuel Wilson	0.287 	RB38	Jameson Williams	0.421 	WR33	Theo Johnson	0.085 	TE40		WR12	10.0 	0.0 	0.0 	6.2 	0.0 	12.8 	185.2 	1.1 	12 	0.359 	1.000 	0.880 	1 	0.297 	0.000 	#N/A	0.569 		40.0 	J.J. McCarthy	0 	QB41	Emanuel Wilson	35 	RB23	Jameson Williams	23 	WR44	Theo Johnson	8 	TE35					Green Bay Packers	Minnesota Vikings	0 	0.0 	0 	0.0 	6.0 	95 	0.0 	0.0 	0.0 	0.0 	0.0 	9.5 	WR22		Green Bay Packers	New York Jets	0 	0.0 	0 	0.0 	4.0 	58 	0.0 	0.0 	0.0 	0.0 	0.0 	5.8 	WR29		Green Bay Packers	Atlanta Falcons	0 	0.0 	0 	0.0 	5.0 	100 	1.0 	0.0 	0.0 	0.0 	0.0 	16.0 	WR4		Green Bay Packers	Tampa Bay Buccaneers	0 	0.0 	6 	0.0 	3.0 	21 	1.0 	0.0 	0.0 	0.0 	0.0 	8.7 	WR28		Green Bay Packers	Chicago Bears	0 	0.0 	2 	0.0 	4.2 	61 	0.4 	0.0 	0.0 	0.0 	0.0 	8.5 	WR18		Green Bay Packers	Dallas Cowboys	0 	0.0 	2 	0.0 	4.3 	63 	0.4 	0.0 	0.0 	0.0 	0.0 	8.9 	WR15		Green Bay Packers	Detroit Lions	0 	0.0 	2 	0.0 	4.3 	63 	0.4 	0.0 	0.0 	0.0 	0.0 	8.9 	WR17		Green Bay Packers	Carolina Panthers	0 	0.0 	2 	0.0 	4.2 	61 	0.4 	0.0 	0.0 	0.0 	0.0 	8.8 	WR18		Green Bay Packers	New England Patriots	0 	0.0 	2 	0.0 	4.2 	61 	0.4 	0.0 	0.0 	0.0 	0.0 	8.5 	WR21		Green Bay Packers	Minnesota Vikings	0 	0.0 	2 	0.0 	4.2 	61 	0.4 	0.0 	0.0 	0.0 	0.0 	8.6 	WR20		Green Bay Packers	BYE	0 	0.0 	0 	0.0 	0.0 	0 	0.0 	0.0 	0.0 	0.0 	0.0 	0.0 	-		Green Bay Packers	Los Angeles Rams	0 	0.0 	2 	0.0 	4.3 	62 	0.4 	0.0 	0.0 	0.0 	0.0 	8.5 	WR21		Green Bay Packers	New Orleans Saints	0 	0.0 	2 	0.0 	4.2 	61 	0.4 	0.0 	0.0 	0.0 	0.0 	8.6 	WR18		Green Bay Packers	Buffalo Bills	0 	0.0 	2 	0.0 	4.4 	63 	0.4 	0.0 	0.0 	0.0 	0.0 	8.9 	WR18		Green Bay Packers	Miami Dolphins	0 	0.0 	3 	0.0 	4.2 	61 	0.4 	0.0 	0.0 	0.0 	0.0 	8.8 	WR20		Green Bay Packers	Chicago Bears	0 	0.0 	2 	0.0 	4.3 	62 	0.4 	0.0 	0.0 	0.0 	0.0 	8.6 	WR20		Green Bay Packers	Houston Texans	0 	0.0 	2 	0.0 	4.1 	60 	0.4 	0.0 	0.0 	0.0 	0.0 	8.3 	WR21		Actual	Actual	Actual	Actual	Forecast	Forecast	Forecast	Forecast	Forecast	Forecast	Forecast	Forecast	Forecast	Forecast	Forecast	Forecast	Forecast		Healthy	Healthy	Healthy	Healthy	Healthy	Healthy	Healthy	Healthy	Healthy	Healthy	Healthy	Healthy	Healthy	Healthy	Healthy	Healthy	Healthy		Week 5 2026	10/9/2026	4:29:22 PM	16		25%	23%	2%	0%	0%	0%		(0.0)	0	0	0	0	0	(0.016816)
	Bhayshul Tuten	Jacksonville Jaguars	RB	RB16	10.9 	175 	0 	0.0 	0.0 	0.0 	1,085 	67.8 	7.5 	0.5 	27.9 	1.7 	219 	13.7 	0.6 	0.0 	0.0 	2.1 	0.0 	0.474 	1.000 	0.816 	1 	0.307 	0.000 	37 	50 	13 	16 	23 	7 	0.561 			Case Keenum	0.470 	QB4	Alvin Kamara	0.276 	RB40	Wan'Dale Robinson	0.293 	WR48	Zach Ertz	0.080 	TE41		8.8 	12.2 	15.0 	9.1 	11.7 	10.6 	0.0 	12.0 	9.7 	10.8 	10.8 	11.6 	10.0 	10.8 	9.5 	10.5 	11.3 		RB24	RB11	RB11	RB27	RB12	RB16	-	RB13	RB19	RB16	RB16	RB15	RB18	RB17	RB24	RB19	RB16		RB17	10.8 	0.0 	0.0 	67.3 	0.5 	1.7 	13.7 	0.0 	16 	0.505 	1.000 	0.816 	1 	0.338 	0.000 	39 	0.578 		129 	Case Keenum	0.000 	QB38	Alvin Kamara	0.249 	RB44	Wan'Dale Robinson	0.310 	WR47	Zach Ertz	0.081 	TE41		RB15	11.3 	0.0 	0.0 	201.9 	1.4 	5.2 	41.2 	0.1 	15 	0.405 	1.000 	0.828 	1 	0.262 	0.000 	#N/A	0.538 		45.1 	Case Keenum	24 	QB36	Alvin Kamara	24 	RB31	Wan'Dale Robinson	24 	WR39	Zach Ertz	2 	TE39					Jacksonville Jaguars	Cleveland Browns	0 	0.0 	66 	0.0 	1.0 	22 	0.0 	0.0 	0.0 	0.0 	0.0 	8.8 	RB24		Jacksonville Jaguars	Denver Broncos	0 	0.0 	65 	1.0 	2.0 	(3)	0.0 	0.0 	0.0 	0.0 	0.0 	12.2 	RB11		Jacksonville Jaguars	New England Patriots	0 	0.0 	73 	1.0 	2.0 	17 	0.0 	0.0 	0.0 	0.0 	0.0 	15.0 	RB11		Jacksonville Jaguars	Cincinnati Bengals	0 	0.0 	73 	0.0 	2.0 	18 	0.0 	0.0 	0.0 	0.0 	0.0 	9.1 	RB27		Jacksonville Jaguars	Philadelphia Eagles	0 	0.0 	74 	0.5 	1.7 	13 	0.0 	0.0 	0.2 	0.0 	0.0 	11.7 	RB12		Jacksonville Jaguars	Houston Texans	0 	0.0 	67 	0.4 	1.7 	14 	0.0 	0.0 	0.2 	0.0 	0.0 	10.6 	RB16		Jacksonville Jaguars	BYE	0 	0.0 	0 	0.0 	0.0 	0 	0.0 	0.0 	0.0 	0.0 	0.0 	0.0 	-		Jacksonville Jaguars	Indianapolis Colts	0 	0.0 	74 	0.5 	1.8 	14 	0.1 	0.0 	0.2 	0.0 	0.0 	12.0 	RB13		Jacksonville Jaguars	Baltimore Ravens	0 	0.0 	60 	0.4 	1.8 	14 	0.0 	0.0 	0.2 	0.0 	0.0 	9.7 	RB19		Jacksonville Jaguars	Tennessee Titans	0 	0.0 	68 	0.5 	1.7 	14 	0.0 	0.0 	0.2 	0.0 	0.0 	10.8 	RB16		Jacksonville Jaguars	New York Giants	0 	0.0 	68 	0.5 	1.7 	14 	0.0 	0.0 	0.2 	0.0 	0.0 	10.8 	RB16		Jacksonville Jaguars	Tennessee Titans	0 	0.0 	72 	0.5 	1.7 	14 	0.1 	0.0 	0.2 	0.0 	0.0 	11.6 	RB15		Jacksonville Jaguars	Chicago Bears	0 	0.0 	63 	0.4 	1.7 	14 	0.0 	0.0 	0.2 	0.0 	0.0 	10.0 	RB18		Jacksonville Jaguars	Pittsburgh Steelers	0 	0.0 	67 	0.5 	1.7 	14 	0.0 	0.0 	0.2 	0.0 	0.0 	10.8 	RB17		Jacksonville Jaguars	Houston Texans	0 	0.0 	61 	0.4 	1.7 	13 	0.0 	0.0 	0.2 	0.0 	0.0 	9.5 	RB24		Jacksonville Jaguars	Dallas Cowboys	0 	0.0 	65 	0.4 	1.8 	14 	0.1 	0.0 	0.2 	0.0 	0.0 	10.5 	RB19		Jacksonville Jaguars	Washington Commanders	0 	0.0 	70 	0.5 	1.8 	14 	0.1 	0.0 	0.2 	0.0 	0.0 	11.3 	RB16		Actual	Actual	Actual	Actual	Forecast	Forecast	Forecast	Forecast	Forecast	Forecast	Forecast	Forecast	Forecast	Forecast	Forecast	Forecast	Forecast		Healthy	Healthy	Healthy	Healthy	Healthy	Healthy	Healthy	Healthy	Healthy	Healthy	Healthy	Healthy	Healthy	Healthy	Healthy	Healthy	Healthy		Week 5 2026	10/9/2026	4:29:22 PM	16		6%	3%	56%	51%	0%	0%		0.0 	0	0	0	0	0	0.040008 
	Michael Wilson	Arizona Cardinals	WR	WR23	8.1 	129 	0 	0.0 	0.0 	0.0 	0 	0.0 	0.0 	0.0 	91.8 	5.7 	993 	62.1 	5.0 	0.3 	0.0 	0.2 	0.0 	0.351 	1.000 	0.770 	1 	0.215 	0.000 	49 	75 	26 	23 	32 	9 	0.485 			Tua Tagovailoa	0.000 	QB39	Rico Dowdle	0.263 	RB42	Jakobi Meyers	0.359 	WR39	Elijah Arroyo	0.085 	TE40		5.6 	1.8 	14.9 	9.5 	9.2 	8.5 	8.0 	8.1 	7.5 	8.1 	7.6 	8.4 	7.9 	0.0 	8.0 	8.1 	8.0 		WR37	WR71	WR11	WR22	WR13	WR17	WR22	WR21	WR32	WR23	WR25	WR22	WR25	-	WR25	WR23	WR24		WR22	8.1 	0.0 	0.0 	0.0 	0.0 	5.6 	61.2 	0.3 	22 	0.379 	1.000 	0.780 	1 	0.260 	0.000 	48 	0.512 		97 	Tua Tagovailoa	0.000 	QB38	Rico Dowdle	0.308 	RB36	Jakobi Meyers	0.341 	WR43	Elijah Arroyo	0.091 	TE39		WR25	8.0 	0.0 	0.0 	0.0 	0.0 	16.7 	183.7 	1.0 	25 	0.285 	1.000 	0.750 	1 	0.168 	0.000 	#N/A	0.448 		31.8 	Tua Tagovailoa	0 	QB41	Rico Dowdle	7 	RB68	Jakobi Meyers	29 	WR28	Elijah Arroyo	2 	TE42					Arizona Cardinals	Los Angeles Chargers	0 	0.0 	0 	0.0 	5.0 	56 	0.0 	0.0 	0.0 	0.0 	0.0 	5.6 	WR37		Arizona Cardinals	Seattle Seahawks	0 	0.0 	0 	0.0 	2.0 	18 	0.0 	0.0 	0.0 	0.0 	0.0 	1.8 	WR71		Arizona Cardinals	San Francisco 49ers	0 	0.0 	0 	0.0 	11.0 	89 	1.0 	0.0 	0.0 	0.0 	0.0 	14.9 	WR11		Arizona Cardinals	New York Giants	0 	0.0 	0 	0.0 	7.0 	95 	0.0 	0.0 	0.0 	0.0 	0.0 	9.5 	WR22		Arizona Cardinals	Detroit Lions	0 	0.0 	0 	0.0 	6.1 	67 	0.4 	0.0 	0.0 	0.0 	0.0 	9.2 	WR13		Arizona Cardinals	Los Angeles Rams	0 	0.0 	0 	0.0 	5.8 	64 	0.4 	0.0 	0.0 	0.0 	0.0 	8.5 	WR17		Arizona Cardinals	Denver Broncos	0 	0.0 	0 	0.0 	5.5 	61 	0.3 	0.0 	0.0 	0.0 	0.0 	8.0 	WR22		Arizona Cardinals	Dallas Cowboys	0 	0.0 	0 	0.0 	5.6 	61 	0.3 	0.0 	0.0 	0.0 	0.0 	8.1 	WR21		Arizona Cardinals	Seattle Seahawks	0 	0.0 	0 	0.0 	5.3 	59 	0.3 	0.0 	0.0 	0.0 	0.0 	7.5 	WR32		Arizona Cardinals	Los Angeles Rams	0 	0.0 	0 	0.0 	5.6 	61 	0.3 	0.0 	0.0 	0.0 	0.0 	8.1 	WR23		Arizona Cardinals	Kansas City Chiefs	0 	0.0 	0 	0.0 	5.4 	59 	0.3 	0.0 	0.0 	0.0 	0.0 	7.6 	WR25		Arizona Cardinals	Washington Commanders	0 	0.0 	0 	0.0 	5.6 	62 	0.4 	0.0 	0.0 	0.0 	0.0 	8.4 	WR22		Arizona Cardinals	Philadelphia Eagles	0 	0.0 	0 	0.0 	5.5 	60 	0.3 	0.0 	0.0 	0.0 	0.0 	7.9 	WR25		Arizona Cardinals	BYE	0 	0.0 	0 	0.0 	0.0 	0 	0.0 	0.0 	0.0 	0.0 	0.0 	0.0 	-		Arizona Cardinals	New York Jets	0 	0.0 	0 	0.0 	5.4 	59 	0.3 	0.0 	0.0 	0.0 	0.0 	8.0 	WR25		Arizona Cardinals	New Orleans Saints	0 	0.0 	0 	0.0 	5.6 	61 	0.3 	0.0 	0.0 	0.0 	0.0 	8.1 	WR23		Arizona Cardinals	Las Vegas Raiders	0 	0.0 	0 	0.0 	5.4 	60 	0.3 	0.0 	0.0 	0.0 	0.0 	8.0 	WR24		Actual	Actual	Actual	Actual	Forecast	Forecast	Forecast	Forecast	Forecast	Forecast	Forecast	Forecast	Forecast	Forecast	Forecast	Forecast	Forecast		Healthy	Healthy	Healthy	Healthy	Healthy	Healthy	Healthy	Healthy	Healthy	Healthy	Healthy	Healthy	Healthy	Healthy	Healthy	Healthy	Healthy		Week 5 2026	10/9/2026	4:29:22 PM	16		27%	23%	0%	0%	0%	0%		0.1 	0	0	0	0	0	0.064467 
	Brock Purdy	San Francisco 49ers	QB	QB2	19.2 	308 	3,745 	234.1 	31.0 	1.9 	370 	23.1 	2.7 	0.2 	0.0 	0.0 	0 	0.0 	0.0 	0.0 	8.7 	0.9 	0.0 	0.837 	0.460 	0.449 	1 	0.540 	0.000 	45 	111 	66 	2 	13 	11 	0.492 			Shedeur Sanders	0.000 	QB39	Tyler Allgeier	0.242 	RB44	Tre Tucker	0.366 	WR38	Colby Parkinson	0.075 	TE42		21.1 	28.5 	31.3 	19.6 	16.0 	19.0 	17.8 	0.0 	18.0 	18.1 	17.6 	16.6 	17.7 	17.1 	16.6 	16.2 	16.9 		QB10	QB5	QB1	QB8	QB11	QB2	QB4	-	QB5	QB3	QB7	QB11	QB4	QB6	QB10	QB13	QB9		QB4	17.3 	228.2 	1.7 	20.7 	0.1 	0.0 	0.0 	0.0 	4 	0.809 	0.460 	0.433 	1 	0.587 	0.000 	50 	0.505 		208 	Shedeur Sanders	0.005 	QB37	Tyler Allgeier	0.221 	RB48	Tre Tucker	0.348 	WR42	Colby Parkinson	0.076 	TE42		QB2	25.1 	684.5 	5.0 	62.1 	0.4 	0.0 	0.0 	0.0 	2 	0.901 	0.460 	0.449 	2 	0.828 	0.000 	#N/A	0.627 		100.5 	Shedeur Sanders	0 	QB41	Tyler Allgeier	21 	RB36	Tre Tucker	29 	WR27	Colby Parkinson	2 	TE40					San Francisco 49ers	Los Angeles Rams	205 	3.0 	29 	0.0 	0.0 	0 	0.0 	1.0 	0.0 	0.0 	0.0 	21.1 	QB10		San Francisco 49ers	Miami Dolphins	287 	2.0 	30 	1.0 	0.0 	0 	0.0 	0.0 	0.0 	0.0 	0.0 	28.5 	QB5		San Francisco 49ers	Arizona Cardinals	297 	4.0 	34 	0.0 	0.0 	0 	0.0 	0.0 	0.0 	0.0 	0.0 	31.3 	QB1		San Francisco 49ers	Denver Broncos	218 	2.0 	29 	0.0 	0.0 	0 	0.0 	0.0 	0.0 	0.0 	0.0 	19.6 	QB8		San Francisco 49ers	Seattle Seahawks	222 	1.5 	19 	0.1 	0.0 	0 	0.0 	0.6 	0.1 	0.0 	0.0 	16.0 	QB11		San Francisco 49ers	Washington Commanders	234 	1.9 	24 	0.2 	0.0 	0 	0.0 	0.6 	0.1 	0.0 	0.0 	19.0 	QB2		San Francisco 49ers	Atlanta Falcons	229 	1.7 	22 	0.2 	0.0 	0 	0.0 	0.6 	0.1 	0.0 	0.0 	17.8 	QB4		San Francisco 49ers	BYE	0 	0.0 	0 	0.0 	0.0 	0 	0.0 	0.0 	0.0 	0.0 	0.0 	0.0 	-		San Francisco 49ers	Las Vegas Raiders	223 	1.8 	25 	0.2 	0.0 	0 	0.0 	0.6 	0.1 	0.0 	0.0 	18.0 	QB5		San Francisco 49ers	Dallas Cowboys	238 	1.8 	20 	0.1 	0.0 	0 	0.0 	0.6 	0.1 	0.0 	0.0 	18.1 	QB3		San Francisco 49ers	Minnesota Vikings	230 	1.7 	21 	0.1 	0.0 	0 	0.0 	0.6 	0.1 	0.0 	0.0 	17.6 	QB7		San Francisco 49ers	Seattle Seahawks	226 	1.6 	19 	0.1 	0.0 	0 	0.0 	0.6 	0.1 	0.0 	0.0 	16.6 	QB11		San Francisco 49ers	New York Giants	231 	1.7 	21 	0.1 	0.0 	0 	0.0 	0.6 	0.1 	0.0 	0.0 	17.7 	QB4		San Francisco 49ers	Los Angeles Rams	230 	1.6 	19 	0.1 	0.0 	0 	0.0 	0.6 	0.1 	0.0 	0.0 	17.1 	QB6		San Francisco 49ers	Los Angeles Chargers	226 	1.6 	19 	0.1 	0.0 	0 	0.0 	0.6 	0.1 	0.0 	0.0 	16.6 	QB10		San Francisco 49ers	Kansas City Chiefs	223 	1.5 	19 	0.1 	0.0 	0 	0.0 	0.6 	0.1 	0.0 	0.0 	16.2 	QB13		San Francisco 49ers	Philadelphia Eagles	225 	1.6 	20 	0.1 	0.0 	0 	0.0 	0.6 	0.1 	0.0 	0.0 	16.9 	QB9		Actual	Actual	Actual	Actual	Forecast	Forecast	Forecast	Forecast	Forecast	Forecast	Forecast	Forecast	Forecast	Forecast	Forecast	Forecast	Forecast		Healthy	Healthy	Healthy	Healthy	Healthy	Healthy	Healthy	Healthy	Healthy	Healthy	Healthy	Healthy	Healthy	Healthy	Healthy	Healthy	Healthy		Week 5 2026	10/9/2026	4:29:22 PM	16		0%	0%	17%	16%	99%	99%		(0.1)	0	0	0	0	0	(0.121893)
	George Pickens	Dallas Cowboys	WR	WR21	8.1 	130 	0 	0.0 	0.0 	0.0 	0 	0.0 	0.0 	0.0 	73.8 	4.6 	995 	62.2 	5.2 	0.3 	0.0 	0.2 	0.0 	0.354 	1.000 	0.790 	1 	0.221 	0.000 	44 	28 	(16)	21 	11 	(10)	0.497 			Carson Wentz	0.000 	QB39	Jordan Mason	0.249 	RB43	Jordan Addison	0.353 	WR40	Mason Taylor	0.068 	TE43		2.8 	4.0 	8.2 	7.5 	8.8 	9.1 	8.5 	9.0 	9.2 	9.2 	8.9 	8.9 	8.6 	0.0 	9.0 	9.3 	9.0 		WR62	WR41	WR30	WR34	WR17	WR13	WR19	WR16	WR16	WR16	WR13	WR18	WR19	-	WR18	WR15	WR17		WR18	9.0 	0.0 	0.0 	0.0 	0.0 	4.7 	64.2 	0.4 	16 	0.420 	1.000 	0.840 	1 	0.349 	0.000 	38 	0.580 		108 	Carson Wentz	0.000 	QB38	Jordan Mason	0.273 	RB40	Jordan Addison	0.369 	WR40	Mason Taylor	0.069 	TE43		WR49	5.6 	0.0 	0.0 	0.0 	0.0 	14.0 	192.6 	1.3 	49 	0.202 	1.000 	0.510 	0 	0.022 	0.000 	#N/A	0.268 		22.5 	Carson Wentz	26 	QB35	Jordan Mason	12 	RB52	Jordan Addison	22 	WR47	Mason Taylor	(0)	TE45					Dallas Cowboys	New York Giants	0 	0.0 	0 	0.0 	3.0 	28 	0.0 	0.0 	0.0 	0.0 	0.0 	2.8 	WR62		Dallas Cowboys	Washington Commanders	0 	0.0 	0 	0.0 	6.0 	40 	0.0 	0.0 	0.0 	0.0 	0.0 	4.0 	WR41		Dallas Cowboys	Baltimore Ravens	0 	0.0 	0 	0.0 	7.0 	82 	0.0 	0.0 	0.0 	0.0 	0.0 	8.2 	WR30		Dallas Cowboys	Houston Texans	0 	0.0 	0 	0.0 	2.0 	75 	0.0 	0.0 	0.0 	0.0 	0.0 	7.5 	WR34		Dallas Cowboys	Tampa Bay Buccaneers	0 	0.0 	0 	0.0 	4.5 	62 	0.4 	0.0 	0.0 	0.0 	0.0 	8.8 	WR17		Dallas Cowboys	Green Bay Packers	0 	0.0 	0 	0.0 	4.7 	65 	0.4 	0.0 	0.0 	0.0 	0.0 	9.1 	WR13		Dallas Cowboys	Philadelphia Eagles	0 	0.0 	0 	0.0 	4.5 	63 	0.4 	0.0 	0.0 	0.0 	0.0 	8.5 	WR19		Dallas Cowboys	Arizona Cardinals	0 	0.0 	0 	0.0 	4.6 	63 	0.4 	0.0 	0.0 	0.0 	0.0 	9.0 	WR16		Dallas Cowboys	Indianapolis Colts	0 	0.0 	0 	0.0 	4.8 	66 	0.4 	0.0 	0.0 	0.0 	0.0 	9.2 	WR16		Dallas Cowboys	San Francisco 49ers	0 	0.0 	0 	0.0 	4.8 	66 	0.4 	0.0 	0.0 	0.0 	0.0 	9.2 	WR16		Dallas Cowboys	Tennessee Titans	0 	0.0 	0 	0.0 	4.6 	63 	0.4 	0.0 	0.0 	0.0 	0.0 	8.9 	WR13		Dallas Cowboys	Philadelphia Eagles	0 	0.0 	0 	0.0 	4.6 	64 	0.4 	0.0 	0.0 	0.0 	0.0 	8.9 	WR18		Dallas Cowboys	Seattle Seahawks	0 	0.0 	0 	0.0 	4.6 	63 	0.4 	0.0 	0.0 	0.0 	0.0 	8.6 	WR19		Dallas Cowboys	BYE	0 	0.0 	0 	0.0 	0.0 	0 	0.0 	0.0 	0.0 	0.0 	0.0 	0.0 	-		Dallas Cowboys	Los Angeles Rams	0 	0.0 	0 	0.0 	4.8 	66 	0.4 	0.0 	0.0 	0.0 	0.0 	9.0 	WR18		Dallas Cowboys	Jacksonville Jaguars	0 	0.0 	0 	0.0 	4.8 	66 	0.5 	0.0 	0.0 	0.0 	0.0 	9.3 	WR15		Dallas Cowboys	New York Giants	0 	0.0 	0 	0.0 	4.7 	64 	0.4 	0.0 	0.0 	0.0 	0.0 	9.0 	WR17		Actual	Actual	Actual	Actual	Forecast	Forecast	Forecast	Forecast	Forecast	Forecast	Forecast	Forecast	Forecast	Forecast	Forecast	Forecast	Forecast		Healthy	Healthy	Healthy	Healthy	Healthy	Healthy	Healthy	Healthy	Healthy	Healthy	Healthy	Healthy	Healthy	Healthy	Healthy	Healthy	Healthy		Week 5 2026	10/9/2026	4:29:22 PM	16		25%	24%	0%	0%	0%	0%		0.3 	0	0	0	0	0	0.311950 
	Denzel Boston	Cleveland Browns	WR	WR19	8.5 	137 	0 	0.0 	0.0 	0.0 	0 	0.0 	0.0 	0.0 	58.7 	3.7 	983 	61.4 	6.1 	0.4 	0.0 	0.2 	0.0 	0.371 	1.000 	0.820 	1 	0.258 	0.000 	41 	176 	135 	18 	60 	42 	0.528 			Carson Beck	0.000 	QB39	Tyjae Spears	0.227 	RB46	Emeka Egbuka	0.311 	WR46	Eli Stowers	0.064 	TE44		11.9 	15.5 	6.1 	8.9 	7.7 	7.8 	7.8 	7.6 	8.0 	7.5 	0.0 	7.9 	8.3 	8.0 	7.7 	7.8 	8.1 		WR16	WR9	WR40	WR26	WR22	WR24	WR25	WR24	WR23	WR29	-	WR26	WR20	WR23	WR30	WR26	WR22		WR25	7.9 	0.0 	0.0 	0.0 	0.0 	3.8 	58.2 	0.3 	25 	0.368 	1.000 	0.750 	1 	0.235 	0.000 	55 	0.487 		94 	Carson Beck	0.000 	QB38	Tyjae Spears	0.233 	RB46	Emeka Egbuka	0.357 	WR41	Eli Stowers	0.064 	TE44		WR11	10.6 	0.0 	0.0 	0.0 	0.0 	11.4 	174.7 	1.0 	11 	0.380 	1.000 	0.890 	1 	0.335 	0.000 	#N/A	0.592 		42.4 	Carson Beck	0 	QB41	Tyjae Spears	11 	RB57	Emeka Egbuka	21 	WR48	Eli Stowers	0 	TE43					Cleveland Browns	Jacksonville Jaguars	0 	0.0 	0 	0.0 	2.0 	59 	1.0 	0.0 	0.0 	0.0 	0.0 	11.9 	WR16		Cleveland Browns	Tampa Bay Buccaneers	0 	0.0 	0 	0.0 	5.0 	95 	1.0 	0.0 	0.0 	0.0 	0.0 	15.5 	WR9		Cleveland Browns	Carolina Panthers	0 	0.0 	0 	0.0 	2.0 	41 	0.0 	0.0 	0.0 	0.0 	1.0 	6.1 	WR40		Cleveland Browns	Pittsburgh Steelers	0 	0.0 	0 	0.0 	4.0 	89 	0.0 	0.0 	0.0 	0.0 	0.0 	8.9 	WR26		Cleveland Browns	New York Jets	0 	0.0 	0 	0.0 	3.7 	57 	0.3 	0.0 	0.0 	0.0 	0.0 	7.7 	WR22		Cleveland Browns	Baltimore Ravens	0 	0.0 	0 	0.0 	3.8 	58 	0.3 	0.0 	0.0 	0.0 	0.0 	7.8 	WR24		Cleveland Browns	Tennessee Titans	0 	0.0 	0 	0.0 	3.8 	58 	0.3 	0.0 	0.0 	0.0 	0.0 	7.8 	WR25		Cleveland Browns	Pittsburgh Steelers	0 	0.0 	0 	0.0 	3.8 	58 	0.3 	0.0 	0.0 	0.0 	0.0 	7.6 	WR24		Cleveland Browns	New Orleans Saints	0 	0.0 	0 	0.0 	3.8 	59 	0.3 	0.0 	0.0 	0.0 	0.0 	8.0 	WR23		Cleveland Browns	Houston Texans	0 	0.0 	0 	0.0 	3.7 	57 	0.3 	0.0 	0.0 	0.0 	0.0 	7.5 	WR29		Cleveland Browns	BYE	0 	0.0 	0 	0.0 	0.0 	0 	0.0 	0.0 	0.0 	0.0 	0.0 	0.0 	-		Cleveland Browns	Las Vegas Raiders	0 	0.0 	0 	0.0 	3.8 	58 	0.4 	0.0 	0.0 	0.0 	0.0 	7.9 	WR26		Cleveland Browns	Cincinnati Bengals	0 	0.0 	0 	0.0 	4.0 	60 	0.4 	0.0 	0.0 	0.0 	0.0 	8.3 	WR20		Cleveland Browns	Atlanta Falcons	0 	0.0 	0 	0.0 	3.8 	58 	0.4 	0.0 	0.0 	0.0 	0.0 	8.0 	WR23		Cleveland Browns	New York Giants	0 	0.0 	0 	0.0 	3.8 	58 	0.3 	0.0 	0.0 	0.0 	0.0 	7.7 	WR30		Cleveland Browns	Baltimore Ravens	0 	0.0 	0 	0.0 	3.9 	59 	0.3 	0.0 	0.0 	0.0 	0.0 	7.8 	WR26		Cleveland Browns	Indianapolis Colts	0 	0.0 	0 	0.0 	3.9 	59 	0.4 	0.0 	0.0 	0.0 	0.0 	8.1 	WR22		Actual	Actual	Actual	Actual	Forecast	Forecast	Forecast	Forecast	Forecast	Forecast	Forecast	Forecast	Forecast	Forecast	Forecast	Forecast	Forecast		Healthy	Healthy	Healthy	Healthy	Healthy	Healthy	Healthy	Healthy	Healthy	Healthy	Healthy	Healthy	Healthy	Healthy	Healthy	Healthy	Healthy		Week 5 2026	10/9/2026	4:29:22 PM	16		26%	25%	0%	0%	0%	0%		(0.1)	0	0	0	0	0	(0.105019)
	Jeremiyah Love	Arizona Cardinals	RB	RB22	9.6 	153 	0 	0.0 	0.0 	0.0 	836 	52.3 	4.6 	0.3 	48.5 	3.0 	280 	17.5 	3.1 	0.2 	0.0 	2.0 	0.0 	0.417 	1.000 	0.755 	1 	0.202 	0.000 	50 	22 	(28)	21 	14 	(7)	0.483 			Cooper Rush	0.000 	QB39	Brian Robinson Jr.	0.324 	RB33	Xavier Worthy	0.274 	WR50	Jake Tonges	0.059 	TE45		11.0 	4.5 	16.9 	5.5 	10.5 	9.7 	9.0 	9.2 	8.5 	9.2 	8.6 	10.5 	8.9 	0.0 	11.1 	9.7 	10.6 		RB19	RB37	RB8	RB36	RB16	RB20	RB21	RB21	RB26	RB21	RB22	RB18	RB22	-	RB17	RB22	RB19		RB22	9.6 	0.0 	0.0 	51.1 	0.3 	3.1 	20.3 	0.2 	22 	0.450 	1.000 	0.743 	1 	0.238 	0.000 	53 	0.497 		116 	Cooper Rush	0.000 	QB38	Brian Robinson Jr.	0.255 	RB43	Xavier Worthy	0.318 	WR46	Jake Tonges	0.059 	TE45		RB19	9.5 	0.0 	0.0 	153.3 	0.9 	9.4 	61.0 	0.5 	19 	0.340 	1.000 	0.780 	0 	0.162 	0.000 	#N/A	0.467 		37.9 	Cooper Rush	7 	QB40	Brian Robinson Jr.	46 	RB14	Xavier Worthy	19 	WR56	Jake Tonges	0 	TE43					Arizona Cardinals	Los Angeles Chargers	0 	0.0 	41 	1.0 	2.0 	9 	0.0 	0.0 	0.0 	0.0 	0.0 	11.0 	RB19		Arizona Cardinals	Seattle Seahawks	0 	0.0 	29 	0.0 	3.0 	16 	0.0 	0.0 	0.0 	0.0 	0.0 	4.5 	RB37		Arizona Cardinals	San Francisco 49ers	0 	0.0 	90 	0.0 	5.0 	19 	1.0 	0.0 	0.0 	0.0 	0.0 	16.9 	RB8		Arizona Cardinals	New York Giants	0 	0.0 	63 	0.0 	1.0 	(8)	0.0 	0.0 	0.0 	0.0 	0.0 	5.5 	RB36		Arizona Cardinals	Detroit Lions	0 	0.0 	53 	0.4 	3.2 	21 	0.2 	0.0 	0.2 	0.0 	0.0 	10.5 	RB16		Arizona Cardinals	Los Angeles Rams	0 	0.0 	50 	0.3 	3.3 	21 	0.2 	0.0 	0.2 	0.0 	0.0 	9.7 	RB20		Arizona Cardinals	Denver Broncos	0 	0.0 	48 	0.3 	3.1 	20 	0.2 	0.0 	0.2 	0.0 	0.0 	9.0 	RB21		Arizona Cardinals	Dallas Cowboys	0 	0.0 	48 	0.3 	3.2 	20 	0.2 	0.0 	0.2 	0.0 	0.0 	9.2 	RB21		Arizona Cardinals	Seattle Seahawks	0 	0.0 	46 	0.2 	3.0 	20 	0.1 	0.0 	0.2 	0.0 	0.0 	8.5 	RB26		Arizona Cardinals	Los Angeles Rams	0 	0.0 	48 	0.3 	3.2 	20 	0.2 	0.0 	0.2 	0.0 	0.0 	9.2 	RB21		Arizona Cardinals	Kansas City Chiefs	0 	0.0 	46 	0.2 	3.0 	20 	0.2 	0.0 	0.2 	0.0 	0.0 	8.6 	RB22		Arizona Cardinals	Washington Commanders	0 	0.0 	56 	0.3 	3.2 	21 	0.2 	0.0 	0.2 	0.0 	0.0 	10.5 	RB18		Arizona Cardinals	Philadelphia Eagles	0 	0.0 	47 	0.3 	3.1 	20 	0.2 	0.0 	0.2 	0.0 	0.0 	8.9 	RB22		Arizona Cardinals	BYE	0 	0.0 	0 	0.0 	0.0 	0 	0.0 	0.0 	0.0 	0.0 	0.0 	0.0 	-		Arizona Cardinals	New York Jets	0 	0.0 	61 	0.4 	3.0 	20 	0.2 	0.0 	0.2 	0.0 	0.0 	11.1 	RB17		Arizona Cardinals	New Orleans Saints	0 	0.0 	52 	0.3 	3.1 	20 	0.2 	0.0 	0.2 	0.0 	0.0 	9.7 	RB22		Arizona Cardinals	Las Vegas Raiders	0 	0.0 	58 	0.3 	3.1 	20 	0.2 	0.0 	0.2 	0.0 	0.0 	10.6 	RB19		Actual	Actual	Actual	Actual	Forecast	Forecast	Forecast	Forecast	Forecast	Forecast	Forecast	Forecast	Forecast	Forecast	Forecast	Forecast	Forecast		Healthy	Healthy	Healthy	Healthy	Limited / Handicapped	Healthy	Healthy	Healthy	Healthy	Healthy	Healthy	Healthy	Healthy	Healthy	Healthy	Healthy	Healthy		Week 5 2026	10/9/2026	4:29:22 PM	16		9%	12%	53%	50%	0%	0%		0.0 	0	0	0	0	0	0.030512 
	Joe Burrow	Cincinnati Bengals	QB	QB3	18.9 	302 	4,341 	271.3 	32.2 	2.0 	152 	9.5 	1.6 	0.1 	0.0 	0.0 	0 	0.0 	0.0 	0.0 	10.7 	1.9 	0.0 	0.821 	0.460 	0.441 	1 	0.507 	0.000 	53 	57 	4 	3 	4 	1 	0.472 				-	-	Chris Rodriguez Jr.	0.236 	RB45	Roman Wilson	0.328 	WR43		-	-		14.2 	16.2 	22.6 	23.7 	17.9 	0.0 	18.4 	19.3 	19.3 	18.6 	19.4 	19.0 	18.0 	18.3 	18.3 	19.4 	19.4 		QB19	QB14	QB9	QB2	QB2	-	QB2	QB2	QB2	QB2	QB2	QB2	QB2	QB2	QB2	QB2	QB2		QB2	18.8 	264.2 	2.1 	9.5 	0.1 	0.0 	0.0 	0.0 	2 	0.878 	0.460 	0.449 	1 	0.737 	0.000 	37 	0.584 		225 		-	-	Chris Rodriguez Jr.	0.214 	RB49	Roman Wilson	0.273 	WR52		-	-		QB10	19.2 	792.5 	6.3 	28.5 	0.2 	0.0 	0.0 	0.0 	10 	0.688 	0.460 	0.374 	1 	0.455 	0.000 	#N/A	0.412 		76.6 		-	-	Chris Rodriguez Jr.	23 	RB33	Roman Wilson	31 	WR25		-	-					Cincinnati Bengals	Tampa Bay Buccaneers	254 	1.0 	20 	0.0 	0.0 	0 	0.0 	1.0 	0.0 	0.0 	0.0 	14.2 	QB19		Cincinnati Bengals	Houston Texans	207 	2.0 	(1)	0.0 	0.0 	0 	0.0 	0.0 	0.0 	0.0 	0.0 	16.2 	QB14		Cincinnati Bengals	Pittsburgh Steelers	282 	3.0 	13 	0.0 	0.0 	0 	0.0 	0.0 	1.0 	0.0 	0.0 	22.6 	QB9		Cincinnati Bengals	Jacksonville Jaguars	428 	1.0 	6 	1.0 	0.0 	0 	0.0 	2.0 	0.0 	0.0 	0.0 	23.7 	QB2		Cincinnati Bengals	Miami Dolphins	253 	2.0 	10 	0.1 	0.0 	0 	0.0 	0.6 	0.1 	0.0 	0.0 	17.9 	QB2		Cincinnati Bengals	BYE	0 	0.0 	0 	0.0 	0.0 	0 	0.0 	0.0 	0.0 	0.0 	0.0 	0.0 	-		Cincinnati Bengals	Baltimore Ravens	268 	2.0 	8 	0.0 	0.0 	0 	0.0 	0.6 	0.1 	0.0 	0.0 	18.4 	QB2		Cincinnati Bengals	Tennessee Titans	264 	2.2 	11 	0.1 	0.0 	0 	0.0 	0.6 	0.1 	0.0 	0.0 	19.3 	QB2		Cincinnati Bengals	Atlanta Falcons	267 	2.2 	10 	0.1 	0.0 	0 	0.0 	0.6 	0.1 	0.0 	0.0 	19.3 	QB2		Cincinnati Bengals	Pittsburgh Steelers	264 	2.1 	9 	0.0 	0.0 	0 	0.0 	0.6 	0.1 	0.0 	0.0 	18.6 	QB2		Cincinnati Bengals	Washington Commanders	270 	2.2 	9 	0.1 	0.0 	0 	0.0 	0.6 	0.1 	0.0 	0.0 	19.4 	QB2		Cincinnati Bengals	New Orleans Saints	262 	2.1 	11 	0.1 	0.0 	0 	0.0 	0.6 	0.1 	0.0 	0.0 	19.0 	QB2		Cincinnati Bengals	Cleveland Browns	257 	2.0 	10 	0.1 	0.0 	0 	0.0 	0.6 	0.1 	0.0 	0.0 	18.0 	QB2		Cincinnati Bengals	Kansas City Chiefs	262 	2.0 	9 	0.0 	0.0 	0 	0.0 	0.6 	0.1 	0.0 	0.0 	18.3 	QB2		Cincinnati Bengals	Carolina Panthers	262 	2.0 	9 	0.0 	0.0 	0 	0.0 	0.6 	0.1 	0.0 	0.0 	18.3 	QB2		Cincinnati Bengals	Indianapolis Colts	270 	2.2 	9 	0.1 	0.0 	0 	0.0 	0.6 	0.1 	0.0 	0.0 	19.4 	QB2		Cincinnati Bengals	Baltimore Ravens	270 	2.2 	9 	0.1 	0.0 	0 	0.0 	0.6 	0.1 	0.0 	0.0 	19.4 	QB2		Actual	Actual	Actual	Actual	Forecast	Forecast	Forecast	Forecast	Forecast	Forecast	Forecast	Forecast	Forecast	Forecast	Forecast	Forecast	Forecast		Healthy	Healthy	Healthy	Healthy	Healthy	Healthy	Healthy	Healthy	Healthy	Healthy	Healthy	Healthy	Healthy	Healthy	Healthy	Healthy	Healthy		Week 5 2026	10/9/2026	4:29:22 PM	16		0%	0%	10%	8%	99%	99%		0.2 	0	0	0	0	0	0.171684 
	Malik Nabers	New York Giants	WR	WR22	8.1 	130 	0 	0.0 	0.0 	0.0 	0 	0.0 	0.0 	0.0 	71.2 	4.5 	926 	57.9 	6.3 	0.4 	0.0 	0.2 	0.0 	0.353 	1.000 	0.780 	1 	0.220 	0.000 	46 	31 	(15)	22 	12 	(10)	0.492 				-	-	Emmett Johnson	0.190 	RB52	Rome Odunze	0.322 	WR44		-	-		6.9 	0.1 	2.6 	17.2 	7.6 	8.6 	8.4 	0.0 	8.5 	9.0 	8.7 	8.7 	8.7 	8.6 	8.3 	9.0 	9.0 		WR31	WR86	WR62	WR8	WR23	WR16	WR20	-	WR20	WR18	WR14	WR20	WR17	WR19	WR22	WR17	WR18		WR21	8.6 	0.0 	0.0 	0.0 	0.0 	4.4 	59.9 	0.4 	20 	0.402 	1.000 	0.800 	1 	0.310 	0.000 	45 	0.544 		103 		-	-	Emmett Johnson	0.198 	RB51	Rome Odunze	0.337 	WR44		-	-		WR35	6.7 	0.0 	0.0 	0.0 	0.0 	13.3 	179.6 	1.3 	35 	0.240 	1.000 	0.650 	0 	0.089 	0.000 	#N/A	0.364 		26.8 		-	-	Emmett Johnson	13 	RB48	Rome Odunze	23 	WR42		-	-					New York Giants	Dallas Cowboys	0 	0.0 	0 	0.0 	6.0 	69 	0.0 	0.0 	0.0 	0.0 	0.0 	6.9 	WR31		New York Giants	Los Angeles Rams	0 	0.0 	0 	0.0 	1.0 	1 	0.0 	0.0 	0.0 	0.0 	0.0 	0.1 	WR86		New York Giants	Tennessee Titans	0 	0.0 	0 	0.0 	5.0 	26 	0.0 	0.0 	0.0 	0.0 	0.0 	2.6 	WR62		New York Giants	Arizona Cardinals	0 	0.0 	0 	0.0 	6.0 	112 	1.0 	0.0 	0.0 	0.0 	0.0 	17.2 	WR8		New York Giants	Washington Commanders	0 	0.0 	0 	0.0 	4.1 	55 	0.4 	0.0 	0.0 	0.0 	0.0 	7.6 	WR23		New York Giants	New Orleans Saints	0 	0.0 	0 	0.0 	4.4 	60 	0.4 	0.0 	0.0 	0.0 	0.0 	8.6 	WR16		New York Giants	Houston Texans	0 	0.0 	0 	0.0 	4.4 	60 	0.4 	0.0 	0.0 	0.0 	0.0 	8.4 	WR20		New York Giants	BYE	0 	0.0 	0 	0.0 	0.0 	0 	0.0 	0.0 	0.0 	0.0 	0.0 	0.0 	-		New York Giants	Philadelphia Eagles	0 	0.0 	0 	0.0 	4.5 	60 	0.4 	0.0 	0.0 	0.0 	0.0 	8.5 	WR20		New York Giants	Washington Commanders	0 	0.0 	0 	0.0 	4.5 	61 	0.5 	0.0 	0.0 	0.0 	0.0 	9.0 	WR18		New York Giants	Jacksonville Jaguars	0 	0.0 	0 	0.0 	4.5 	60 	0.5 	0.0 	0.0 	0.0 	0.0 	8.7 	WR14		New York Giants	Indianapolis Colts	0 	0.0 	0 	0.0 	4.5 	60 	0.5 	0.0 	0.0 	0.0 	0.0 	8.7 	WR20		New York Giants	San Francisco 49ers	0 	0.0 	0 	0.0 	4.5 	60 	0.5 	0.0 	0.0 	0.0 	0.0 	8.7 	WR17		New York Giants	Seattle Seahawks	0 	0.0 	0 	0.0 	4.5 	61 	0.4 	0.0 	0.0 	0.0 	0.0 	8.6 	WR19		New York Giants	Cleveland Browns	0 	0.0 	0 	0.0 	4.3 	57 	0.4 	0.0 	0.0 	0.0 	0.0 	8.3 	WR22		New York Giants	Detroit Lions	0 	0.0 	0 	0.0 	4.6 	62 	0.5 	0.0 	0.0 	0.0 	0.0 	9.0 	WR17		New York Giants	Dallas Cowboys	0 	0.0 	0 	0.0 	4.6 	62 	0.5 	0.0 	0.0 	0.0 	0.0 	9.0 	WR18		Actual	Actual	Actual	Actual	Forecast	Forecast	Forecast	Forecast	Forecast	Forecast	Forecast	Forecast	Forecast	Forecast	Forecast	Forecast	Forecast		Healthy	Healthy	Healthy	Healthy	Limited / Handicapped	Healthy	Healthy	Healthy	Healthy	Healthy	Healthy	Healthy	Healthy	Healthy	Healthy	Healthy	Healthy		Week 5 2026	10/9/2026	4:29:22 PM	16		29%	32%	0%	0%	0%	0%		0.2 	0	0	0	0	0	0.179774 
	Deebo Samuel	San Francisco 49ers	WR	WR20	8.5 	136 	0 	0.0 	0.0 	0.0 	162 	10.1 	0.4 	0.0 	58.6 	3.7 	738 	46.1 	7.3 	0.5 	0.0 	0.1 	0.0 	0.369 	1.000 	0.800 	1 	0.253 	0.000 	43 	0 	(43)	20 	0 	(20)	0.517 				-	-	Kenny Gainwell	0.164 	RB56	Chris Godwin Jr.	0.257 	WR52		-	-		12.0 	3.5 	15.4 	13.0 	7.2 	8.2 	7.8 	0.0 	7.9 	8.0 	7.8 	7.4 	7.8 	7.6 	7.4 	7.3 	7.5 		WR15	WR48	WR7	WR12	WR26	WR19	WR24	-	WR26	WR24	WR23	WR34	WR27	WR28	WR33	WR32	WR31		WR31	7.7 	0.0 	0.0 	7.3 	0.0 	3.7 	46.1 	0.4 	31 	0.358 	1.000 	0.690 	1 	0.215 	0.000 	72 	0.450 		92 		-	-	Kenny Gainwell	0.166 	RB56	Chris Godwin Jr.	0.292 	WR50		-	-		WR10	11.0 	0.0 	0.0 	21.9 	0.1 	11.2 	138.3 	1.1 	10 	0.394 	1.000 	0.900 	1 	0.359 	0.000 	#N/A	0.608 		43.9 		-	-	Kenny Gainwell	13 	RB48	Chris Godwin Jr.	16 	WR67		-	-					San Francisco 49ers	Los Angeles Rams	0 	0.0 	12 	0.0 	6.0 	48 	1.0 	0.0 	0.0 	0.0 	0.0 	12.0 	WR15		San Francisco 49ers	Miami Dolphins	0 	0.0 	4 	0.0 	3.0 	31 	0.0 	0.0 	0.0 	0.0 	0.0 	3.5 	WR48		San Francisco 49ers	Arizona Cardinals	0 	0.0 	14 	0.0 	0.0 	80 	1.0 	0.0 	0.0 	0.0 	0.0 	15.4 	WR7		San Francisco 49ers	Denver Broncos	0 	0.0 	44 	0.0 	5.0 	26 	1.0 	0.0 	0.0 	0.0 	0.0 	13.0 	WR12		San Francisco 49ers	Seattle Seahawks	0 	0.0 	7 	0.0 	3.6 	45 	0.3 	0.0 	0.0 	0.0 	0.0 	7.2 	WR26		San Francisco 49ers	Washington Commanders	0 	0.0 	9 	0.0 	3.8 	47 	0.4 	0.0 	0.0 	0.0 	0.0 	8.2 	WR19		San Francisco 49ers	Atlanta Falcons	0 	0.0 	8 	0.0 	3.7 	46 	0.4 	0.0 	0.0 	0.0 	0.0 	7.8 	WR24		San Francisco 49ers	BYE	0 	0.0 	0 	0.0 	0.0 	0 	0.0 	0.0 	0.0 	0.0 	0.0 	0.0 	-		San Francisco 49ers	Las Vegas Raiders	0 	0.0 	9 	0.0 	3.6 	45 	0.4 	0.0 	0.0 	0.0 	0.0 	7.9 	WR26		San Francisco 49ers	Dallas Cowboys	0 	0.0 	7 	0.0 	3.9 	48 	0.4 	0.0 	0.0 	0.0 	0.0 	8.0 	WR24		San Francisco 49ers	Minnesota Vikings	0 	0.0 	7 	0.0 	3.8 	47 	0.4 	0.0 	0.0 	0.0 	0.0 	7.8 	WR23		San Francisco 49ers	Seattle Seahawks	0 	0.0 	7 	0.0 	3.7 	46 	0.3 	0.0 	0.0 	0.0 	0.0 	7.4 	WR34		San Francisco 49ers	New York Giants	0 	0.0 	7 	0.0 	3.8 	47 	0.4 	0.0 	0.0 	0.0 	0.0 	7.8 	WR27		San Francisco 49ers	Los Angeles Rams	0 	0.0 	7 	0.0 	3.7 	46 	0.3 	0.0 	0.0 	0.0 	0.0 	7.6 	WR28		San Francisco 49ers	Los Angeles Chargers	0 	0.0 	7 	0.0 	3.7 	46 	0.3 	0.0 	0.0 	0.0 	0.0 	7.4 	WR33		San Francisco 49ers	Kansas City Chiefs	0 	0.0 	7 	0.0 	3.6 	45 	0.3 	0.0 	0.0 	0.0 	0.0 	7.3 	WR32		San Francisco 49ers	Philadelphia Eagles	0 	0.0 	7 	0.0 	3.7 	45 	0.3 	0.0 	0.0 	0.0 	0.0 	7.5 	WR31		Actual	Actual	Actual	Actual	Forecast	Forecast	Forecast	Forecast	Forecast	Forecast	Forecast	Forecast	Forecast	Forecast	Forecast	Forecast	Forecast		Healthy	Healthy	Healthy	Healthy	Healthy	Healthy	Healthy	Healthy	Healthy	Healthy	Healthy	Healthy	Healthy	Healthy	Healthy	Healthy	Healthy		Week 5 2026	10/9/2026	4:29:22 PM	16		20%	21%	6%	4%	0%	0%		(0.2)	0	0	0	0	0	(0.157446)
	Jalen Coker	Carolina Panthers	WR	WR24	8.3 	124 	0 	0.0 	0.0 	0.0 	0 	0.0 	0.0 	0.0 	71.6 	4.8 	876 	58.4 	6.1 	0.4 	0.0 	0.2 	0.0 	0.337 	1.000 	0.750 	1 	0.234 	0.000 	51 	142 	91 	25 	52 	27 	0.482 				-	-	Raheim Sanders	0.157 	RB57	KC Concepcion	0.237 	WR55		-	-		25.8 	6.6 	1.8 	0.0 	0.0 	7.4 	7.7 	7.5 	7.2 	7.5 	7.7 	7.6 	7.4 	7.7 	7.8 	7.3 	7.3 		WR2	WR25	WR73	-	-	WR30	WR26	WR27	WR35	WR30	WR24	WR30	WR31	WR26	WR29	WR34	WR34		WR32	7.5 	0.0 	0.0 	0.0 	0.0 	4.5 	54.5 	0.3 	32 	0.350 	1.000 	0.680 	1 	0.197 	0.000 	76 	0.437 		90 		-	-	Raheim Sanders	0.172 	RB55	KC Concepcion	0.282 	WR51		-	-		WR20	11.4 	0.0 	0.0 	0.0 	0.0 	17.9 	218.2 	1.4 	20 	0.307 	1.000 	0.800 	1 	0.206 	0.000 	#N/A	0.488 		34.2 		-	-	Raheim Sanders	10 	RB58	KC Concepcion	13 	WR73		-	-					Carolina Panthers	Chicago Bears	0 	0.0 	0 	0.0 	8.0 	138 	2.0 	0.0 	0.0 	0.0 	0.0 	25.8 	WR2		Carolina Panthers	Atlanta Falcons	0 	0.0 	0 	0.0 	8.0 	66 	0.0 	0.0 	0.0 	0.0 	0.0 	6.6 	WR25		Carolina Panthers	Cleveland Browns	0 	0.0 	0 	0.0 	2.0 	18 	0.0 	0.0 	0.0 	0.0 	0.0 	1.8 	WR73		Carolina Panthers	Detroit Lions	0 	0.0 	0 	0.0 	0.0 	0 	0.0 	0.0 	0.0 	0.0 	0.0 	0.0 	-		Carolina Panthers	BYE	0 	0.0 	0 	0.0 	0.0 	0 	0.0 	0.0 	0.0 	0.0 	0.0 	0.0 	-		Carolina Panthers	Philadelphia Eagles	0 	0.0 	0 	0.0 	4.4 	54 	0.3 	0.0 	0.0 	0.0 	0.0 	7.4 	WR30		Carolina Panthers	Tampa Bay Buccaneers	0 	0.0 	0 	0.0 	4.5 	55 	0.4 	0.0 	0.0 	0.0 	0.0 	7.7 	WR26		Carolina Panthers	Green Bay Packers	0 	0.0 	0 	0.0 	4.5 	55 	0.3 	0.0 	0.0 	0.0 	0.0 	7.5 	WR27		Carolina Panthers	Denver Broncos	0 	0.0 	0 	0.0 	4.4 	53 	0.3 	0.0 	0.0 	0.0 	0.0 	7.2 	WR35		Carolina Panthers	New Orleans Saints	0 	0.0 	0 	0.0 	4.4 	54 	0.3 	0.0 	0.0 	0.0 	0.0 	7.5 	WR30		Carolina Panthers	Baltimore Ravens	0 	0.0 	0 	0.0 	4.5 	55 	0.4 	0.0 	0.0 	0.0 	0.0 	7.7 	WR24		Carolina Panthers	Tampa Bay Buccaneers	0 	0.0 	0 	0.0 	4.5 	55 	0.3 	0.0 	0.0 	0.0 	0.0 	7.6 	WR30		Carolina Panthers	Minnesota Vikings	0 	0.0 	0 	0.0 	4.4 	54 	0.3 	0.0 	0.0 	0.0 	0.0 	7.4 	WR31		Carolina Panthers	New Orleans Saints	0 	0.0 	0 	0.0 	4.5 	55 	0.4 	0.0 	0.0 	0.0 	0.0 	7.7 	WR26		Carolina Panthers	Cincinnati Bengals	0 	0.0 	0 	0.0 	4.6 	56 	0.4 	0.0 	0.0 	0.0 	0.0 	7.8 	WR29		Carolina Panthers	Pittsburgh Steelers	0 	0.0 	0 	0.0 	4.4 	54 	0.3 	0.0 	0.0 	0.0 	0.0 	7.3 	WR34		Carolina Panthers	Seattle Seahawks	0 	0.0 	0 	0.0 	4.4 	54 	0.3 	0.0 	0.0 	0.0 	0.0 	7.3 	WR34		Actual	Actual	Actual	Actual	Forecast	Forecast	Forecast	Forecast	Forecast	Forecast	Forecast	Forecast	Forecast	Forecast	Forecast	Forecast	Forecast		Healthy	Healthy	Healthy	Injured	Injured	Healthy	Healthy	Healthy	Healthy	Healthy	Healthy	Healthy	Healthy	Healthy	Healthy	Healthy	Healthy		Week 5 2026	10/9/2026	4:29:22 PM	16		24%	23%	0%	0%	0%	0%		(0.1)	0	0	1	1	0	
	Omarion Hampton	Los Angeles Chargers	RB	RB19	10.1 	162 	0 	0.0 	0.0 	0.0 	995 	62.2 	9.2 	0.6 	14.5 	0.9 	106 	6.6 	0.7 	0.0 	0.0 	3.8 	0.0 	0.441 	1.000 	0.792 	1 	0.246 	0.000 	42 	10 	(32)	18 	7 	(11)	0.521 				-	-	Jaylen Wright	0.195 	RB51	Dontayvion Wicks	0.299 	WR47		-	-		8.3 	15.5 	5.6 	11.3 	8.5 	7.9 	0.0 	9.3 	10.2 	9.2 	11.9 	10.3 	10.6 	10.9 	10.7 	11.8 	10.3 		RB26	RB6	RB32	RB21	RB24	RB26	-	RB20	RB17	RB20	RB12	RB20	RB14	RB14	RB21	RB14	RB20		RB20	10.1 	0.0 	0.0 	63.1 	0.5 	0.9 	6.4 	0.1 	20 	0.474 	1.000 	0.768 	1 	0.282 	0.000 	46 	0.529 		122 		-	-	Jaylen Wright	0.240 	RB45	Dontayvion Wicks	0.297 	WR49		-	-		RB18	10.2 	0.0 	0.0 	189.3 	1.6 	2.6 	19.2 	0.2 	18 	0.365 	1.000 	0.792 	1 	0.201 	0.000 	#N/A	0.492 		40.7 		-	-	Jaylen Wright	2 	RB70	Dontayvion Wicks	26 	WR36		-	-					Los Angeles Chargers	Arizona Cardinals	0 	0.0 	43 	1.0 	0.0 	0 	0.0 	0.0 	1.0 	0.0 	0.0 	8.3 	RB26		Los Angeles Chargers	Las Vegas Raiders	0 	0.0 	94 	1.0 	2.0 	21 	0.0 	0.0 	1.0 	0.0 	0.0 	15.5 	RB6		Los Angeles Chargers	Buffalo Bills	0 	0.0 	56 	0.0 	0.0 	0 	0.0 	0.0 	0.0 	0.0 	0.0 	5.6 	RB32		Los Angeles Chargers	Seattle Seahawks	0 	0.0 	45 	1.0 	2.0 	8 	0.0 	0.0 	0.0 	0.0 	0.0 	11.3 	RB21		Los Angeles Chargers	Denver Broncos	0 	0.0 	55 	0.4 	0.9 	6 	0.1 	0.0 	0.2 	0.0 	0.0 	8.5 	RB24		Los Angeles Chargers	Kansas City Chiefs	0 	0.0 	50 	0.4 	0.9 	7 	0.1 	0.0 	0.2 	0.0 	0.0 	7.9 	RB26		Los Angeles Chargers	BYE	0 	0.0 	0 	0.0 	0.0 	0 	0.0 	0.0 	0.0 	0.0 	0.0 	0.0 	-		Los Angeles Chargers	Los Angeles Rams	0 	0.0 	58 	0.5 	0.9 	7 	0.1 	0.0 	0.2 	0.0 	0.0 	9.3 	RB20		Los Angeles Chargers	Houston Texans	0 	0.0 	64 	0.5 	0.9 	6 	0.1 	0.0 	0.2 	0.0 	0.0 	10.2 	RB17		Los Angeles Chargers	Baltimore Ravens	0 	0.0 	58 	0.5 	0.9 	7 	0.1 	0.0 	0.2 	0.0 	0.0 	9.2 	RB20		Los Angeles Chargers	New York Jets	0 	0.0 	74 	0.6 	0.8 	6 	0.1 	0.0 	0.2 	0.0 	0.0 	11.9 	RB12		Los Angeles Chargers	New England Patriots	0 	0.0 	64 	0.5 	0.9 	6 	0.1 	0.0 	0.2 	0.0 	0.0 	10.3 	RB20		Los Angeles Chargers	Tampa Bay Buccaneers	0 	0.0 	65 	0.6 	0.9 	7 	0.1 	0.0 	0.2 	0.0 	0.0 	10.6 	RB14		Los Angeles Chargers	Las Vegas Raiders	0 	0.0 	68 	0.6 	0.9 	6 	0.1 	0.0 	0.2 	0.0 	0.0 	10.9 	RB14		Los Angeles Chargers	San Francisco 49ers	0 	0.0 	66 	0.6 	0.9 	7 	0.1 	0.0 	0.2 	0.0 	0.0 	10.7 	RB21		Los Angeles Chargers	Miami Dolphins	0 	0.0 	72 	0.6 	0.9 	6 	0.1 	0.0 	0.2 	0.0 	0.0 	11.8 	RB14		Los Angeles Chargers	Kansas City Chiefs	0 	0.0 	64 	0.5 	0.9 	6 	0.1 	0.0 	0.2 	0.0 	0.0 	10.3 	RB20		Actual	Actual	Actual	Actual	Forecast	Forecast	Forecast	Forecast	Forecast	Forecast	Forecast	Forecast	Forecast	Forecast	Forecast	Forecast	Forecast		Healthy	Healthy	Healthy	Healthy	Healthy	Healthy	Healthy	Healthy	Healthy	Healthy	Healthy	Healthy	Healthy	Healthy	Healthy	Healthy	Healthy		Week 5 2026	10/9/2026	4:29:22 PM	16		3%	4%	48%	57%	0%	0%		0.0 	0	0	0	0	0	0.037818 
	Stefon Diggs	Washington Commanders	WR	WR29	7.8 	117 	0 	0.0 	0.0 	0.0 	0 	0.0 	0.0 	0.0 	73.1 	4.9 	738 	49.2 	7.2 	0.5 	0.0 	0.1 	0.0 	0.318 	1.000 	0.690 	1 	0.191 	0.000 	65 	119 	54 	31 	47 	16 	0.434 				-	-	Zach Charbonnet	0.221 	RB47	Tre' Harris	0.279 	WR49		-	-		11.5 	16.7 	3.3 	3.5 	0.0 	7.6 	0.0 	7.3 	7.6 	7.4 	7.8 	7.5 	7.4 	7.1 	7.5 	7.2 	7.5 		WR17	WR8	WR56	WR55	-	WR28	-	WR28	WR29	WR32	WR20	WR31	WR30	WR33	WR32	WR36	WR32		WR37	7.4 	0.0 	0.0 	0.0 	0.0 	5.0 	51.6 	0.4 	39 	0.319 	1.000 	0.610 	1 	0.193 	0.000 	89 	0.399 		82 		-	-	Zach Charbonnet	0.267 	RB41	Tre' Harris	0.304 	WR48		-	-		WR18	8.8 	0.0 	0.0 	0.0 	0.0 	13.8 	141.9 	1.1 	18 	0.314 	1.000 	0.820 	1 	0.219 	0.000 	#N/A	0.504 		35.0 		-	-	Zach Charbonnet	0 	RB73	Tre' Harris	21 	WR51		-	-					Washington Commanders	Philadelphia Eagles	0 	0.0 	0 	0.0 	4.0 	55 	1.0 	0.0 	0.0 	0.0 	0.0 	11.5 	WR17		Washington Commanders	Dallas Cowboys	0 	0.0 	0 	0.0 	5.0 	47 	2.0 	0.0 	0.0 	0.0 	0.0 	16.7 	WR8		Washington Commanders	Seattle Seahawks	0 	0.0 	0 	0.0 	4.0 	33 	0.0 	0.0 	0.0 	0.0 	0.0 	3.3 	WR56		Washington Commanders	Indianapolis Colts	0 	0.0 	0 	0.0 	5.0 	35 	0.0 	0.0 	0.0 	0.0 	0.0 	3.5 	WR55		Washington Commanders	New York Giants	0 	0.0 	0 	0.0 	0.0 	0 	0.0 	0.0 	0.0 	0.0 	0.0 	0.0 	-		Washington Commanders	San Francisco 49ers	0 	0.0 	0 	0.0 	5.2 	54 	0.4 	0.0 	0.0 	0.0 	0.0 	7.6 	WR28		Washington Commanders	BYE	0 	0.0 	0 	0.0 	0.0 	0 	0.0 	0.0 	0.0 	0.0 	0.0 	0.0 	-		Washington Commanders	Philadelphia Eagles	0 	0.0 	0 	0.0 	4.9 	51 	0.4 	0.0 	0.0 	0.0 	0.0 	7.3 	WR28		Washington Commanders	Los Angeles Rams	0 	0.0 	0 	0.0 	5.2 	53 	0.4 	0.0 	0.0 	0.0 	0.0 	7.6 	WR29		Washington Commanders	New York Giants	0 	0.0 	0 	0.0 	5.0 	51 	0.4 	0.0 	0.0 	0.0 	0.0 	7.4 	WR32		Washington Commanders	Cincinnati Bengals	0 	0.0 	0 	0.0 	5.2 	53 	0.4 	0.0 	0.0 	0.0 	0.0 	7.8 	WR20		Washington Commanders	Arizona Cardinals	0 	0.0 	0 	0.0 	5.0 	51 	0.4 	0.0 	0.0 	0.0 	0.0 	7.5 	WR31		Washington Commanders	Tennessee Titans	0 	0.0 	0 	0.0 	4.9 	51 	0.4 	0.0 	0.0 	0.0 	0.0 	7.4 	WR30		Washington Commanders	Houston Texans	0 	0.0 	0 	0.0 	4.8 	50 	0.4 	0.0 	0.0 	0.0 	0.0 	7.1 	WR33		Washington Commanders	Atlanta Falcons	0 	0.0 	0 	0.0 	5.0 	52 	0.4 	0.0 	0.0 	0.0 	0.0 	7.5 	WR32		Washington Commanders	Minnesota Vikings	0 	0.0 	0 	0.0 	4.9 	50 	0.4 	0.0 	0.0 	0.0 	0.0 	7.2 	WR36		Washington Commanders	Jacksonville Jaguars	0 	0.0 	0 	0.0 	5.0 	52 	0.4 	0.0 	0.0 	0.0 	0.0 	7.5 	WR32		Actual	Actual	Actual	Actual	Forecast	Forecast	Forecast	Forecast	Forecast	Forecast	Forecast	Forecast	Forecast	Forecast	Forecast	Forecast	Forecast		Healthy	Healthy	Healthy	Healthy	Injured	Healthy	Healthy	Healthy	Healthy	Healthy	Healthy	Healthy	Healthy	Healthy	Healthy	Healthy	Healthy		Week 5 2026	10/9/2026	4:29:22 PM	16		24%	26%	0%	0%	0%	0%		(0.1)	0	0	0	1	0	
	Saquon Barkley	Philadelphia Eagles	RB	RB21	10.0 	149 	0 	0.0 	0.0 	0.0 	1,021 	68.1 	5.6 	0.4 	19.8 	1.3 	125 	8.3 	0.9 	0.1 	0.0 	2.0 	0.0 	0.406 	1.000 	0.743 	1 	0.231 	0.000 	48 	14 	(34)	22 	10 	(12)	0.488 				-	-	MarShawn Lloyd	0.207 	RB49	Caleb Douglas	0.262 	WR51		-	-		8.0 	2.0 	8.0 	1.0 	0.0 	11.4 	12.2 	11.7 	12.4 	0.0 	12.1 	11.4 	13.5 	12.7 	11.3 	10.6 	10.8 		RB27	RB52	RB25	RB56	-	RB12	RB11	RB14	RB12	-	RB11	RB17	RB6	RB10	RB16	RB18	RB18		RB15	11.8 	0.0 	0.0 	76.3 	0.5 	1.4 	10.6 	0.1 	15 	0.508 	1.000 	0.828 	1 	0.429 	0.000 	30 	0.621 		130 		-	-	MarShawn Lloyd	0.179 	RB54	Caleb Douglas	0.323 	WR45		-	-		RB40	4.8 	0.0 	0.0 	209.9 	1.4 	3.9 	29.2 	0.2 	40 	0.170 	1.000 	0.519 	(0)	0.000 	0.000 	#N/A	0.259 		19.0 		-	-	MarShawn Lloyd	17 	RB46	Caleb Douglas	11 	WR77		-	-					Philadelphia Eagles	Washington Commanders	0 	0.0 	83 	0.0 	1.0 	(3)	0.0 	0.0 	0.0 	0.0 	0.0 	8.0 	RB27		Philadelphia Eagles	Tennessee Titans	0 	0.0 	9 	0.0 	1.0 	11 	0.0 	0.0 	0.0 	0.0 	0.0 	2.0 	RB52		Philadelphia Eagles	Chicago Bears	0 	0.0 	82 	0.0 	1.0 	(2)	0.0 	0.0 	0.0 	0.0 	0.0 	8.0 	RB25		Philadelphia Eagles	Los Angeles Rams	0 	0.0 	8 	0.0 	1.0 	2 	0.0 	0.0 	0.0 	0.0 	0.0 	1.0 	RB56		Philadelphia Eagles	Jacksonville Jaguars	0 	0.0 	0 	0.0 	0.0 	0 	0.0 	0.0 	0.0 	0.0 	0.0 	0.0 	-		Philadelphia Eagles	Carolina Panthers	0 	0.0 	74 	0.5 	1.4 	11 	0.1 	0.0 	0.2 	0.0 	0.0 	11.4 	RB12		Philadelphia Eagles	Dallas Cowboys	0 	0.0 	78 	0.5 	1.5 	11 	0.1 	0.0 	0.2 	0.0 	0.0 	12.2 	RB11		Philadelphia Eagles	Washington Commanders	0 	0.0 	75 	0.5 	1.5 	11 	0.1 	0.0 	0.2 	0.0 	0.0 	11.7 	RB14		Philadelphia Eagles	New York Giants	0 	0.0 	80 	0.5 	1.4 	11 	0.1 	0.0 	0.2 	0.0 	0.0 	12.4 	RB12		Philadelphia Eagles	BYE	0 	0.0 	0 	0.0 	0.0 	0 	0.0 	0.0 	0.0 	0.0 	0.0 	0.0 	-		Philadelphia Eagles	Pittsburgh Steelers	0 	0.0 	78 	0.5 	1.4 	10 	0.1 	0.0 	0.2 	0.0 	0.0 	12.1 	RB11		Philadelphia Eagles	Dallas Cowboys	0 	0.0 	72 	0.5 	1.5 	11 	0.1 	0.0 	0.2 	0.0 	0.0 	11.4 	RB17		Philadelphia Eagles	Arizona Cardinals	0 	0.0 	87 	0.6 	1.4 	10 	0.1 	0.0 	0.2 	0.0 	0.0 	13.5 	RB6		Philadelphia Eagles	Indianapolis Colts	0 	0.0 	81 	0.6 	1.5 	11 	0.1 	0.0 	0.2 	0.0 	0.0 	12.7 	RB10		Philadelphia Eagles	Seattle Seahawks	0 	0.0 	74 	0.5 	1.4 	10 	0.1 	0.0 	0.2 	0.0 	0.0 	11.3 	RB16		Philadelphia Eagles	Houston Texans	0 	0.0 	70 	0.4 	1.4 	10 	0.1 	0.0 	0.2 	0.0 	0.0 	10.6 	RB18		Philadelphia Eagles	San Francisco 49ers	0 	0.0 	70 	0.4 	1.4 	11 	0.1 	0.0 	0.2 	0.0 	0.0 	10.8 	RB18		Actual	Actual	Actual	Actual	Forecast	Forecast	Forecast	Forecast	Forecast	Forecast	Forecast	Forecast	Forecast	Forecast	Forecast	Forecast	Forecast		Healthy	Healthy	Healthy	Healthy	Injured	Healthy	Healthy	Healthy	Healthy	Healthy	Healthy	Healthy	Healthy	Healthy	Healthy	Healthy	Healthy		Week 5 2026	10/9/2026	4:29:22 PM	16		5%	5%	56%	53%	0%	0%		0.4 	0	0	0	1	0	
	Mike Evans	San Francisco 49ers	WR	WR25	7.9 	127 	0 	0.0 	0.0 	0.0 	0 	0.0 	0.0 	0.0 	68.5 	4.3 	847 	52.9 	7.0 	0.4 	0.0 	0.2 	0.0 	0.344 	1.000 	0.760 	1 	0.201 	0.000 	52 	66 	14 	24 	28 	4 	0.474 				-	-	Jadarian Price	0.171 	RB55	Devaughn Vele	0.317 	WR45		-	-		10.9 	5.4 	9.4 	7.6 	7.0 	8.3 	7.9 	0.0 	7.8 	8.2 	7.9 	7.6 	8.0 	7.8 	7.6 	7.5 	7.6 		WR19	WR32	WR26	WR32	WR29	WR18	WR23	-	WR28	WR21	WR18	WR29	WR23	WR24	WR31	WR31	WR28		WR29	7.8 	0.0 	0.0 	0.0 	0.0 	4.3 	52.8 	0.4 	29 	0.364 	1.000 	0.710 	1 	0.227 	0.000 	65 	0.465 		93 		-	-	Jadarian Price	0.204 	RB50	Devaughn Vele	0.251 	WR53		-	-		WR22	8.3 	0.0 	0.0 	0.0 	0.0 	12.9 	158.4 	1.3 	22 	0.299 	1.000 	0.780 	1 	0.192 	0.000 	#N/A	0.473 		33.3 		-	-	Jadarian Price	10 	RB60	Devaughn Vele	35 	WR19		-	-					San Francisco 49ers	Los Angeles Rams	0 	0.0 	0 	0.0 	6.0 	49 	1.0 	0.0 	0.0 	0.0 	0.0 	10.9 	WR19		San Francisco 49ers	Miami Dolphins	0 	0.0 	0 	0.0 	3.0 	54 	0.0 	0.0 	0.0 	0.0 	0.0 	5.4 	WR32		San Francisco 49ers	Arizona Cardinals	0 	0.0 	0 	0.0 	3.0 	34 	1.0 	0.0 	0.0 	0.0 	0.0 	9.4 	WR26		San Francisco 49ers	Denver Broncos	0 	0.0 	0 	0.0 	5.0 	76 	0.0 	0.0 	0.0 	0.0 	0.0 	7.6 	WR32		San Francisco 49ers	Seattle Seahawks	0 	0.0 	0 	0.0 	4.0 	49 	0.4 	0.0 	0.0 	0.0 	0.0 	7.0 	WR29		San Francisco 49ers	Washington Commanders	0 	0.0 	0 	0.0 	4.4 	54 	0.5 	0.0 	0.0 	0.0 	0.0 	8.3 	WR18		San Francisco 49ers	Atlanta Falcons	0 	0.0 	0 	0.0 	4.3 	53 	0.4 	0.0 	0.0 	0.0 	0.0 	7.9 	WR23		San Francisco 49ers	BYE	0 	0.0 	0 	0.0 	0.0 	0 	0.0 	0.0 	0.0 	0.0 	0.0 	0.0 	-		San Francisco 49ers	Las Vegas Raiders	0 	0.0 	0 	0.0 	4.2 	52 	0.4 	0.0 	0.0 	0.0 	0.0 	7.8 	WR28		San Francisco 49ers	Dallas Cowboys	0 	0.0 	0 	0.0 	4.5 	55 	0.5 	0.0 	0.0 	0.0 	0.0 	8.2 	WR21		San Francisco 49ers	Minnesota Vikings	0 	0.0 	0 	0.0 	4.4 	54 	0.4 	0.0 	0.0 	0.0 	0.0 	7.9 	WR18		San Francisco 49ers	Seattle Seahawks	0 	0.0 	0 	0.0 	4.3 	53 	0.4 	0.0 	0.0 	0.0 	0.0 	7.6 	WR29		San Francisco 49ers	New York Giants	0 	0.0 	0 	0.0 	4.4 	54 	0.4 	0.0 	0.0 	0.0 	0.0 	8.0 	WR23		San Francisco 49ers	Los Angeles Rams	0 	0.0 	0 	0.0 	4.3 	53 	0.4 	0.0 	0.0 	0.0 	0.0 	7.8 	WR24		San Francisco 49ers	Los Angeles Chargers	0 	0.0 	0 	0.0 	4.3 	53 	0.4 	0.0 	0.0 	0.0 	0.0 	7.6 	WR31		San Francisco 49ers	Kansas City Chiefs	0 	0.0 	0 	0.0 	4.2 	52 	0.4 	0.0 	0.0 	0.0 	0.0 	7.5 	WR31		San Francisco 49ers	Philadelphia Eagles	0 	0.0 	0 	0.0 	4.2 	52 	0.4 	0.0 	0.0 	0.0 	0.0 	7.6 	WR28		Actual	Actual	Actual	Actual	Forecast	Forecast	Forecast	Forecast	Forecast	Forecast	Forecast	Forecast	Forecast	Forecast	Forecast	Forecast	Forecast		Healthy	Healthy	Healthy	Healthy	Limited / Handicapped	Healthy	Healthy	Healthy	Healthy	Healthy	Healthy	Healthy	Healthy	Healthy	Healthy	Healthy	Healthy		Week 5 2026	10/9/2026	4:29:22 PM	16		23%	25%	0%	0%	0%	0%		(0.0)	0	0	0	0	0	(0.007825)
	Sam LaPorta	Detroit Lions	TE	TE4	7.7 	123 	0 	0.0 	0.0 	0.0 	0 	0.0 	0.0 	0.0 	75.8 	4.7 	836 	52.2 	6.7 	0.4 	0.0 	0.1 	0.0 	0.335 	0.560 	0.533 	1 	0.453 	0.000 	55 	87 	32 	4 	8 	4 	0.467 				-	-	George Holani	0.150 	RB58	Kalif Raymond	0.252 	WR53		-	-		4.8 	11.2 	4.4 	14.4 	7.9 	0.0 	7.5 	7.2 	7.2 	7.2 	7.4 	7.7 	7.4 	7.3 	7.1 	7.4 	7.2 		TE18	TE8	TE17	TE2	TE3	-	TE4	TE5	TE5	TE5	TE4	TE4	TE4	TE3	TE8	TE5	TE5		TE4	7.4 	0.0 	0.0 	0.0 	0.0 	4.5 	50.6 	0.4 	4 	0.346 	0.560 	0.533 	1 	0.472 	0.000 	59 	0.477 		89 		-	-	George Holani	0.140 	RB60	Kalif Raymond	0.229 	WR57		-	-		TE5	8.7 	0.0 	0.0 	0.0 	0.0 	13.4 	151.9 	1.2 	5 	0.312 	0.560 	0.525 	1 	0.548 	0.000 	#N/A	0.503 		34.8 		-	-	George Holani	12 	RB51	Kalif Raymond	28 	WR29		-	-					Detroit Lions	New Orleans Saints	0 	0.0 	0 	0.0 	5.0 	48 	0.0 	0.0 	0.0 	0.0 	0.0 	4.8 	TE18		Detroit Lions	Buffalo Bills	0 	0.0 	0 	0.0 	6.0 	52 	1.0 	0.0 	0.0 	0.0 	0.0 	11.2 	TE8		Detroit Lions	New York Jets	0 	0.0 	0 	0.0 	3.0 	44 	0.0 	0.0 	0.0 	0.0 	0.0 	4.4 	TE17		Detroit Lions	Carolina Panthers	0 	0.0 	0 	0.0 	8.0 	84 	1.0 	0.0 	0.0 	0.0 	0.0 	14.4 	TE2		Detroit Lions	Arizona Cardinals	0 	0.0 	0 	0.0 	4.7 	53 	0.4 	0.0 	0.0 	0.0 	0.0 	7.9 	TE3		Detroit Lions	BYE	0 	0.0 	0 	0.0 	0.0 	0 	0.0 	0.0 	0.0 	0.0 	0.0 	0.0 	-		Detroit Lions	Green Bay Packers	0 	0.0 	0 	0.0 	4.5 	51 	0.4 	0.0 	0.0 	0.0 	0.0 	7.5 	TE4		Detroit Lions	Minnesota Vikings	0 	0.0 	0 	0.0 	4.4 	50 	0.4 	0.0 	0.0 	0.0 	0.0 	7.2 	TE5		Detroit Lions	Miami Dolphins	0 	0.0 	0 	0.0 	4.4 	50 	0.4 	0.0 	0.0 	0.0 	0.0 	7.2 	TE5		Detroit Lions	New England Patriots	0 	0.0 	0 	0.0 	4.4 	50 	0.4 	0.0 	0.0 	0.0 	0.0 	7.2 	TE5		Detroit Lions	Tampa Bay Buccaneers	0 	0.0 	0 	0.0 	4.5 	51 	0.4 	0.0 	0.0 	0.0 	0.0 	7.4 	TE4		Detroit Lions	Chicago Bears	0 	0.0 	0 	0.0 	4.6 	52 	0.4 	0.0 	0.0 	0.0 	0.0 	7.7 	TE4		Detroit Lions	Atlanta Falcons	0 	0.0 	0 	0.0 	4.5 	51 	0.4 	0.0 	0.0 	0.0 	0.0 	7.4 	TE4		Detroit Lions	Tennessee Titans	0 	0.0 	0 	0.0 	4.4 	50 	0.4 	0.0 	0.0 	0.0 	0.0 	7.3 	TE3		Detroit Lions	Minnesota Vikings	0 	0.0 	0 	0.0 	4.4 	49 	0.4 	0.0 	0.0 	0.0 	0.0 	7.1 	TE8		Detroit Lions	New York Giants	0 	0.0 	0 	0.0 	4.5 	51 	0.4 	0.0 	0.0 	0.0 	0.0 	7.4 	TE5		Detroit Lions	Chicago Bears	0 	0.0 	0 	0.0 	4.5 	50 	0.4 	0.0 	0.0 	0.0 	0.0 	7.2 	TE5		Actual	Actual	Actual	Actual	Forecast	Forecast	Forecast	Forecast	Forecast	Forecast	Forecast	Forecast	Forecast	Forecast	Forecast	Forecast	Forecast		Healthy	Healthy	Healthy	Healthy	Healthy	Healthy	Healthy	Healthy	Healthy	Healthy	Healthy	Healthy	Healthy	Healthy	Healthy	Healthy	Healthy		Week 5 2026	10/9/2026	4:29:22 PM	16		20%	21%	0%	0%	0%	0%		(0.0)	0	0	0	0	0	(0.025986)
	Lamar Jackson	Baltimore Ravens	QB	QB7	18.2 	273 	3,177 	211.8 	19.6 	1.3 	600 	40.0 	4.6 	0.3 	0.0 	0.0 	0 	0.0 	0.0 	0.0 	8.1 	1.9 	0.0 	0.742 	0.460 	0.395 	1 	0.449 	0.000 	71 	35 	(36)	8 	2 	(6)	0.420 				-	-	Kaelon Black	0.183 	RB53	Keon Coleman	0.247 	WR54		-	-		25.0 	14.8 	20.4 	18.9 	0.0 	16.3 	18.8 	17.5 	18.4 	17.8 	17.7 	16.4 	0.0 	18.3 	17.4 	17.9 	17.5 		QB6	QB17	QB12	QB9	-	QB12	QB1	QB4	QB3	QB5	QB5	QB13	-	QB3	QB5	QB5	QB5		QB7	17.6 	200.9 	1.2 	41.5 	0.3 	0.0 	0.0 	0.0 	12 	0.756 	0.460 	0.352 	1 	0.621 	0.000 	58 	0.479 		194 		-	-	Kaelon Black	0.192 	RB52	Keon Coleman	0.233 	WR56		-	-		QB8	19.8 	552.5 	3.4 	114.0 	0.9 	0.0 	0.0 	0.0 	8 	0.709 	0.460 	0.395 	1 	0.494 	0.000 	#N/A	0.442 		79.1 		-	-	Kaelon Black	13 	RB50	Keon Coleman	28 	WR32		-	-					Baltimore Ravens	Indianapolis Colts	324 	1.0 	40 	1.0 	0.0 	0 	0.0 	0.0 	1.0 	0.0 	0.0 	25.0 	QB6		Baltimore Ravens	New Orleans Saints	235 	1.0 	34 	0.0 	0.0 	0 	0.0 	1.0 	0.0 	0.0 	0.0 	14.8 	QB17		Baltimore Ravens	Dallas Cowboys	186 	2.0 	50 	0.0 	0.0 	0 	0.0 	0.0 	0.0 	0.0 	0.0 	20.4 	QB12		Baltimore Ravens	Tennessee Titans	222 	2.0 	20 	0.0 	0.0 	0 	0.0 	0.0 	0.0 	0.0 	0.0 	18.9 	QB9		Baltimore Ravens	Atlanta Falcons	0 	0.0 	0 	0.0 	0.0 	0 	0.0 	0.0 	0.0 	0.0 	0.0 	0.0 	-		Baltimore Ravens	Cleveland Browns	193 	1.1 	39 	0.3 	0.0 	0 	0.0 	0.6 	0.1 	0.0 	0.0 	16.3 	QB12		Baltimore Ravens	Cincinnati Bengals	210 	1.4 	42 	0.4 	0.0 	0 	0.0 	0.6 	0.1 	0.0 	0.0 	18.8 	QB1		Baltimore Ravens	Buffalo Bills	206 	1.3 	39 	0.3 	0.0 	0 	0.0 	0.6 	0.1 	0.0 	0.0 	17.5 	QB4		Baltimore Ravens	Jacksonville Jaguars	203 	1.3 	44 	0.4 	0.0 	0 	0.0 	0.6 	0.1 	0.0 	0.0 	18.4 	QB3		Baltimore Ravens	Los Angeles Chargers	204 	1.3 	41 	0.3 	0.0 	0 	0.0 	0.6 	0.1 	0.0 	0.0 	17.8 	QB5		Baltimore Ravens	Carolina Panthers	199 	1.2 	43 	0.3 	0.0 	0 	0.0 	0.6 	0.1 	0.0 	0.0 	17.7 	QB5		Baltimore Ravens	Houston Texans	198 	1.1 	37 	0.3 	0.0 	0 	0.0 	0.6 	0.1 	0.0 	0.0 	16.4 	QB13		Baltimore Ravens	BYE	0 	0.0 	0 	0.0 	0.0 	0 	0.0 	0.0 	0.0 	0.0 	0.0 	0.0 	-		Baltimore Ravens	Tampa Bay Buccaneers	199 	1.3 	45 	0.4 	0.0 	0 	0.0 	0.6 	0.1 	0.0 	0.0 	18.3 	QB3		Baltimore Ravens	Pittsburgh Steelers	201 	1.2 	40 	0.3 	0.0 	0 	0.0 	0.6 	0.1 	0.0 	0.0 	17.4 	QB5		Baltimore Ravens	Cleveland Browns	192 	1.2 	46 	0.4 	0.0 	0 	0.0 	0.6 	0.1 	0.0 	0.0 	17.9 	QB5		Baltimore Ravens	Cincinnati Bengals	206 	1.3 	39 	0.3 	0.0 	0 	0.0 	0.6 	0.1 	0.0 	0.0 	17.5 	QB5		Actual	Actual	Actual	Actual	Forecast	Forecast	Forecast	Forecast	Forecast	Forecast	Forecast	Forecast	Forecast	Forecast	Forecast	Forecast	Forecast		Healthy	Healthy	Healthy	Healthy	Injured	Healthy	Healthy	Healthy	Healthy	Healthy	Healthy	Healthy	Healthy	Healthy	Healthy	Healthy	Healthy		Week 5 2026	10/9/2026	4:29:22 PM	16		0%	0%	27%	23%	99%	99%		0.0 	0	0	0	1	0	
	Tyler Warren	Indianapolis Colts	TE	TE9	7.1 	113 	0 	0.0 	0.0 	0.0 	19 	1.2 	0.4 	0.0 	92.6 	5.8 	729 	45.5 	6.0 	0.4 	0.0 	0.1 	0.0 	0.308 	0.560 	0.493 	1 	0.359 	0.000 	78 	56 	(22)	9 	4 	(5)	0.405 				-	-	Braelon Allen	0.214 	RB48	Keenan Allen	0.197 	WR63		-	-		7.3 	8.4 	5.7 	4.1 	6.8 	7.2 	7.1 	7.4 	7.8 	7.5 	7.1 	7.5 	0.0 	7.2 	7.4 	7.8 	7.2 		TE13	TE10	TE13	TE19	TE9	TE5	TE7	TE3	TE4	TE4	TE6	TE5	-	TE7	TE4	TE4	TE6		TE5	7.3 	0.0 	0.0 	1.2 	0.0 	5.8 	49.9 	0.3 	5 	0.343 	0.560 	0.525 	1 	0.462 	0.000 	64 	0.469 		88 		-	-	Braelon Allen	0.185 	RB53	Keenan Allen	0.214 	WR60		-	-		TE13	6.4 	0.0 	0.0 	3.6 	0.1 	17.4 	149.6 	1.0 	13 	0.229 	0.560 	0.458 	1 	0.238 	0.000 	#N/A	0.325 		25.5 		-	-	Braelon Allen	20 	RB38	Keenan Allen	16 	WR66		-	-					Indianapolis Colts	Baltimore Ravens	0 	0.0 	0 	0.0 	3.0 	13 	1.0 	0.0 	0.0 	0.0 	0.0 	7.3 	TE13		Indianapolis Colts	Kansas City Chiefs	0 	0.0 	3 	0.0 	6.0 	21 	1.0 	0.0 	0.0 	0.0 	0.0 	8.4 	TE10		Indianapolis Colts	Houston Texans	0 	0.0 	2 	0.0 	9.0 	55 	0.0 	0.0 	0.0 	0.0 	0.0 	5.7 	TE13		Indianapolis Colts	Washington Commanders	0 	0.0 	0 	0.0 	5.0 	41 	0.0 	0.0 	0.0 	0.0 	0.0 	4.1 	TE19		Indianapolis Colts	Pittsburgh Steelers	0 	0.0 	1 	0.0 	5.5 	48 	0.3 	0.0 	0.0 	0.0 	0.0 	6.8 	TE9		Indianapolis Colts	Tennessee Titans	0 	0.0 	1 	0.0 	5.6 	48 	0.3 	0.0 	0.0 	0.0 	0.0 	7.2 	TE5		Indianapolis Colts	Minnesota Vikings	0 	0.0 	1 	0.0 	5.7 	49 	0.3 	0.0 	0.0 	0.0 	0.0 	7.1 	TE7		Indianapolis Colts	Jacksonville Jaguars	0 	0.0 	1 	0.0 	5.9 	51 	0.3 	0.0 	0.0 	0.0 	0.0 	7.4 	TE3		Indianapolis Colts	Dallas Cowboys	0 	0.0 	1 	0.0 	6.0 	52 	0.4 	0.0 	0.0 	0.0 	0.0 	7.8 	TE4		Indianapolis Colts	Miami Dolphins	0 	0.0 	1 	0.0 	5.8 	50 	0.4 	0.0 	0.0 	0.0 	0.0 	7.5 	TE4		Indianapolis Colts	Houston Texans	0 	0.0 	1 	0.0 	5.8 	50 	0.3 	0.0 	0.0 	0.0 	0.0 	7.1 	TE6		Indianapolis Colts	New York Giants	0 	0.0 	1 	0.0 	5.9 	50 	0.4 	0.0 	0.0 	0.0 	0.0 	7.5 	TE5		Indianapolis Colts	BYE	0 	0.0 	0 	0.0 	0.0 	0 	0.0 	0.0 	0.0 	0.0 	0.0 	0.0 	-		Indianapolis Colts	Philadelphia Eagles	0 	0.0 	1 	0.0 	5.8 	50 	0.3 	0.0 	0.0 	0.0 	0.0 	7.2 	TE7		Indianapolis Colts	Tennessee Titans	0 	0.0 	1 	0.0 	5.8 	50 	0.3 	0.0 	0.0 	0.0 	0.0 	7.4 	TE4		Indianapolis Colts	Cincinnati Bengals	0 	0.0 	1 	0.0 	6.0 	52 	0.4 	0.0 	0.0 	0.0 	0.0 	7.8 	TE4		Indianapolis Colts	Cleveland Browns	0 	0.0 	1 	0.0 	5.7 	49 	0.3 	0.0 	0.0 	0.0 	0.0 	7.2 	TE6		Actual	Actual	Actual	Actual	Forecast	Forecast	Forecast	Forecast	Forecast	Forecast	Forecast	Forecast	Forecast	Forecast	Forecast	Forecast	Forecast		Healthy	Healthy	Healthy	Healthy	Healthy	Healthy	Healthy	Healthy	Healthy	Healthy	Healthy	Healthy	Healthy	Healthy	Healthy	Healthy	Healthy		Week 5 2026	10/9/2026	4:29:22 PM	16		22%	27%	1%	3%	0%	0%		0.1 	0	0	0	0	0	0.144484 
	David Montgomery	Houston Texans	RB	RB20	9.7 	154 	0 	0.0 	0.0 	0.0 	803 	50.2 	7.7 	0.5 	25.2 	1.6 	204 	12.7 	1.9 	0.1 	0.0 	1.9 	0.0 	0.420 	1.000 	0.768 	1 	0.207 	0.000 	47 	51 	4 	20 	24 	4 	0.491 				-	-	Mike Washington Jr.	0.177 	RB54	Pat Bryant	0.220 	WR58		-	-		25.9 	2.4 	4.8 	4.3 	10.6 	8.9 	10.7 	0.0 	9.0 	9.9 	11.0 	10.1 	9.6 	10.0 	10.0 	8.2 	8.9 		RB6	RB49	RB37	RB42	RB15	RB21	RB16	-	RB22	RB18	RB15	RB21	RB20	RB21	RB22	RB29	RB24		RB21	9.8 	0.0 	0.0 	56.3 	0.5 	1.5 	11.4 	0.1 	21 	0.456 	1.000 	0.755 	1 	0.250 	0.000 	49 	0.508 		117 		-	-	Mike Washington Jr.	0.160 	RB57	Pat Bryant	0.176 	WR68		-	-		RB20	9.4 	0.0 	0.0 	169.0 	1.4 	4.6 	34.2 	0.2 	20 	0.336 	1.000 	0.768 	0 	0.155 	0.000 	#N/A	0.458 		37.4 		-	-	Mike Washington Jr.	18 	RB43	Pat Bryant	23 	WR44		-	-					Houston Texans	Buffalo Bills	0 	0.0 	60 	2.0 	3.0 	19 	1.0 	0.0 	0.0 	0.0 	0.0 	25.9 	RB6		Houston Texans	Cincinnati Bengals	0 	0.0 	10 	0.0 	2.0 	14 	0.0 	0.0 	0.0 	0.0 	0.0 	2.4 	RB49		Houston Texans	Indianapolis Colts	0 	0.0 	33 	0.0 	2.0 	15 	0.0 	0.0 	0.0 	0.0 	0.0 	4.8 	RB37		Houston Texans	Dallas Cowboys	0 	0.0 	24 	0.0 	0.0 	19 	0.0 	0.0 	0.0 	0.0 	0.0 	4.3 	RB42		Houston Texans	Tennessee Titans	0 	0.0 	62 	0.5 	1.5 	11 	0.1 	0.0 	0.2 	0.0 	0.0 	10.6 	RB15		Houston Texans	Jacksonville Jaguars	0 	0.0 	52 	0.4 	1.5 	11 	0.1 	0.0 	0.2 	0.0 	0.0 	8.9 	RB21		Houston Texans	New York Giants	0 	0.0 	61 	0.6 	1.6 	12 	0.1 	0.0 	0.2 	0.0 	0.0 	10.7 	RB16		Houston Texans	BYE	0 	0.0 	0 	0.0 	0.0 	0 	0.0 	0.0 	0.0 	0.0 	0.0 	0.0 	-		Houston Texans	Los Angeles Chargers	0 	0.0 	52 	0.4 	1.5 	11 	0.1 	0.0 	0.2 	0.0 	0.0 	9.0 	RB22		Houston Texans	Cleveland Browns	0 	0.0 	58 	0.5 	1.5 	11 	0.1 	0.0 	0.2 	0.0 	0.0 	9.9 	RB18		Houston Texans	Indianapolis Colts	0 	0.0 	62 	0.6 	1.6 	12 	0.1 	0.0 	0.2 	0.0 	0.0 	11.0 	RB15		Houston Texans	Baltimore Ravens	0 	0.0 	57 	0.5 	1.6 	12 	0.1 	0.0 	0.2 	0.0 	0.0 	10.1 	RB21		Houston Texans	Pittsburgh Steelers	0 	0.0 	56 	0.5 	1.5 	11 	0.1 	0.0 	0.2 	0.0 	0.0 	9.6 	RB20		Houston Texans	Washington Commanders	0 	0.0 	57 	0.5 	1.5 	12 	0.1 	0.0 	0.2 	0.0 	0.0 	10.0 	RB21		Houston Texans	Jacksonville Jaguars	0 	0.0 	57 	0.5 	1.6 	12 	0.1 	0.0 	0.2 	0.0 	0.0 	10.0 	RB22		Houston Texans	Philadelphia Eagles	0 	0.0 	49 	0.4 	1.4 	11 	0.1 	0.0 	0.2 	0.0 	0.0 	8.2 	RB29		Houston Texans	Green Bay Packers	0 	0.0 	52 	0.4 	1.5 	11 	0.1 	0.0 	0.2 	0.0 	0.0 	8.9 	RB24		Actual	Actual	Actual	Actual	Forecast	Forecast	Forecast	Forecast	Forecast	Forecast	Forecast	Forecast	Forecast	Forecast	Forecast	Forecast	Forecast		Healthy	Healthy	Healthy	Healthy	Healthy	Healthy	Healthy	Healthy	Healthy	Healthy	Healthy	Healthy	Healthy	Healthy	Healthy	Healthy	Healthy		Week 5 2026	10/9/2026	4:29:22 PM	16		5%	5%	51%	56%	0%	0%		0.1 	0	0	0	0	0	0.050365 
	Dak Prescott	Dallas Cowboys	QB	QB5	18.2 	291 	4,116 	257.2 	29.2 	1.8 	204 	12.8 	1.0 	0.1 	0.0 	0.0 	0 	0.0 	0.0 	0.0 	8.7 	0.9 	0.0 	0.791 	0.460 	0.433 	1 	0.447 	0.000 	62 	92 	30 	4 	10 	6 	0.440 				-	-	Jonathon Brooks	0.138 	RB60	Mack Hollins	0.152 	WR72		-	-		14.4 	29.8 	18.9 	18.1 	17.6 	17.8 	16.3 	18.0 	18.0 	18.0 	17.6 	17.3 	16.2 	0.0 	17.1 	18.1 	17.7 		QB18	QB3	QB17	QB11	QB4	QB4	QB14	QB3	QB6	QB4	QB6	QB6	QB13	-	QB6	QB4	QB4		QB3	17.5 	254.2 	1.8 	11.5 	0.1 	0.0 	0.0 	0.0 	3 	0.818 	0.460 	0.441 	1 	0.605 	0.000 	47 	0.519 		210 		-	-	Jonathon Brooks	0.147 	RB59	Mack Hollins	0.129 	WR77		-	-		QB7	20.3 	762.6 	5.3 	34.5 	0.3 	0.0 	0.0 	0.0 	7 	0.729 	0.460 	0.406 	1 	0.527 	0.000 	#N/A	0.462 		81.2 		-	-	Jonathon Brooks	7 	RB65	Mack Hollins	21 	WR51		-	-					Dallas Cowboys	New York Giants	175 	2.0 	14 	0.0 	0.0 	0 	0.0 	1.0 	0.0 	0.0 	0.0 	14.4 	QB18		Dallas Cowboys	Washington Commanders	279 	4.0 	26 	0.0 	0.0 	0 	0.0 	0.0 	0.0 	0.0 	0.0 	29.8 	QB3		Dallas Cowboys	Baltimore Ravens	276 	1.0 	19 	0.0 	0.0 	0 	0.0 	0.0 	0.0 	0.0 	1.0 	18.9 	QB17		Dallas Cowboys	Houston Texans	335 	1.0 	7 	0.0 	0.0 	0 	0.0 	0.0 	0.0 	0.0 	0.0 	18.1 	QB11		Dallas Cowboys	Tampa Bay Buccaneers	247 	1.8 	14 	0.1 	0.0 	0 	0.0 	0.6 	0.1 	0.0 	0.0 	17.6 	QB4		Dallas Cowboys	Green Bay Packers	258 	1.8 	11 	0.1 	0.0 	0 	0.0 	0.6 	0.1 	0.0 	0.0 	17.8 	QB4		Dallas Cowboys	Philadelphia Eagles	248 	1.6 	10 	0.1 	0.0 	0 	0.0 	0.6 	0.1 	0.0 	0.0 	16.3 	QB14		Dallas Cowboys	Arizona Cardinals	251 	1.9 	14 	0.1 	0.0 	0 	0.0 	0.6 	0.1 	0.0 	0.0 	18.0 	QB3		Dallas Cowboys	Indianapolis Colts	260 	1.8 	11 	0.1 	0.0 	0 	0.0 	0.6 	0.1 	0.0 	0.0 	18.0 	QB6		Dallas Cowboys	San Francisco 49ers	260 	1.8 	11 	0.1 	0.0 	0 	0.0 	0.6 	0.1 	0.0 	0.0 	18.0 	QB4		Dallas Cowboys	Tennessee Titans	251 	1.8 	13 	0.1 	0.0 	0 	0.0 	0.6 	0.1 	0.0 	0.0 	17.6 	QB6		Dallas Cowboys	Philadelphia Eagles	254 	1.7 	11 	0.1 	0.0 	0 	0.0 	0.6 	0.1 	0.0 	0.0 	17.3 	QB6		Dallas Cowboys	Seattle Seahawks	250 	1.6 	9 	0.1 	0.0 	0 	0.0 	0.6 	0.1 	0.0 	0.0 	16.2 	QB13		Dallas Cowboys	BYE	0 	0.0 	0 	0.0 	0.0 	0 	0.0 	0.0 	0.0 	0.0 	0.0 	0.0 	-		Dallas Cowboys	Los Angeles Rams	260 	1.7 	9 	0.1 	0.0 	0 	0.0 	0.6 	0.1 	0.0 	0.0 	17.1 	QB6		Dallas Cowboys	Jacksonville Jaguars	261 	1.9 	12 	0.1 	0.0 	0 	0.0 	0.6 	0.1 	0.0 	0.0 	18.1 	QB4		Dallas Cowboys	New York Giants	254 	1.8 	12 	0.1 	0.0 	0 	0.0 	0.6 	0.1 	0.0 	0.0 	17.7 	QB4		Actual	Actual	Actual	Actual	Forecast	Forecast	Forecast	Forecast	Forecast	Forecast	Forecast	Forecast	Forecast	Forecast	Forecast	Forecast	Forecast		Healthy	Healthy	Healthy	Healthy	Healthy	Healthy	Healthy	Healthy	Healthy	Healthy	Healthy	Healthy	Healthy	Healthy	Healthy	Healthy	Healthy		Week 5 2026	10/9/2026	4:29:22 PM	16		0%	0%	11%	9%	99%	99%		0.1 	0	0	0	0	0	0.056029 
	Carnell Tate	Tennessee Titans	WR	WR30	7.4 	118 	0 	0.0 	0.0 	0.0 	0 	0.0 	0.0 	0.0 	79.1 	4.9 	971 	60.7 	3.9 	0.2 	0.0 	1.2 	0.0 	0.321 	1.000 	0.710 	0 	0.154 	0.000 	68 	72 	4 	29 	31 	2 	0.429 				-	-	Justice Hill	0.130 	RB61	Rashod Bateman	0.225 	WR57		-	-		3.8 	2.7 	5.8 	12.5 	6.7 	7.7 	7.6 	8.2 	0.0 	7.8 	8.1 	7.9 	8.0 	8.0 	8.1 	7.6 	7.6 		WR50	WR58	WR42	WR13	WR36	WR25	WR27	WR20	-	WR26	WR17	WR27	WR22	WR21	WR24	WR27	WR29		WR28	7.8 	0.0 	0.0 	0.0 	0.0 	4.8 	58.5 	0.3 	28 	0.364 	1.000 	0.720 	1 	0.227 	0.000 	63 	0.470 		93 		-	-	Justice Hill	0.126 	RB62	Rashod Bateman	0.180 	WR67		-	-		WR40	6.2 	0.0 	0.0 	0.0 	0.0 	14.3 	175.6 	1.0 	40 	0.223 	1.000 	0.600 	0 	0.058 	0.000 	#N/A	0.327 		24.8 		-	-	Justice Hill	10 	RB58	Rashod Bateman	23 	WR43		-	-					Tennessee Titans	New York Jets	0 	0.0 	0 	0.0 	4.0 	38 	0.0 	0.0 	0.0 	0.0 	0.0 	3.8 	WR50		Tennessee Titans	Philadelphia Eagles	0 	0.0 	0 	0.0 	3.0 	27 	0.0 	0.0 	0.0 	0.0 	0.0 	2.7 	WR58		Tennessee Titans	New York Giants	0 	0.0 	0 	0.0 	6.0 	58 	0.0 	0.0 	0.0 	0.0 	0.0 	5.8 	WR42		Tennessee Titans	Baltimore Ravens	0 	0.0 	0 	0.0 	9.0 	145 	0.0 	0.0 	1.0 	0.0 	0.0 	12.5 	WR13		Tennessee Titans	Houston Texans	0 	0.0 	0 	0.0 	4.3 	52 	0.2 	0.0 	0.0 	0.0 	0.0 	6.7 	WR36		Tennessee Titans	Indianapolis Colts	0 	0.0 	0 	0.0 	4.8 	58 	0.3 	0.0 	0.0 	0.0 	0.0 	7.7 	WR25		Tennessee Titans	Cleveland Browns	0 	0.0 	0 	0.0 	4.6 	57 	0.3 	0.0 	0.0 	0.0 	0.0 	7.6 	WR27		Tennessee Titans	Cincinnati Bengals	0 	0.0 	0 	0.0 	5.0 	61 	0.4 	0.0 	0.0 	0.0 	0.0 	8.2 	WR20		Tennessee Titans	BYE	0 	0.0 	0 	0.0 	0.0 	0 	0.0 	0.0 	0.0 	0.0 	0.0 	0.0 	-		Tennessee Titans	Jacksonville Jaguars	0 	0.0 	0 	0.0 	4.8 	58 	0.3 	0.0 	0.0 	0.0 	0.0 	7.8 	WR26		Tennessee Titans	Dallas Cowboys	0 	0.0 	0 	0.0 	4.9 	61 	0.3 	0.0 	0.0 	0.0 	0.0 	8.1 	WR17		Tennessee Titans	Jacksonville Jaguars	0 	0.0 	0 	0.0 	4.8 	60 	0.3 	0.0 	0.0 	0.0 	0.0 	7.9 	WR27		Tennessee Titans	Washington Commanders	0 	0.0 	0 	0.0 	4.8 	59 	0.3 	0.0 	0.0 	0.0 	0.0 	8.0 	WR22		Tennessee Titans	Detroit Lions	0 	0.0 	0 	0.0 	4.9 	61 	0.3 	0.0 	0.0 	0.0 	0.0 	8.0 	WR21		Tennessee Titans	Indianapolis Colts	0 	0.0 	0 	0.0 	4.9 	60 	0.4 	0.0 	0.0 	0.0 	0.0 	8.1 	WR24		Tennessee Titans	Las Vegas Raiders	0 	0.0 	0 	0.0 	4.7 	57 	0.3 	0.0 	0.0 	0.0 	0.0 	7.6 	WR27		Tennessee Titans	Pittsburgh Steelers	0 	0.0 	0 	0.0 	4.7 	57 	0.3 	0.0 	0.0 	0.0 	0.0 	7.6 	WR29		Actual	Actual	Actual	Actual	Forecast	Forecast	Forecast	Forecast	Forecast	Forecast	Forecast	Forecast	Forecast	Forecast	Forecast	Forecast	Forecast		Healthy	Healthy	Healthy	Healthy	Limited / Handicapped	Healthy	Healthy	Healthy	Healthy	Healthy	Healthy	Healthy	Healthy	Healthy	Healthy	Healthy	Healthy		Week 5 2026	10/9/2026	4:29:22 PM	16		26%	23%	0%	0%	0%	0%		0.1 	0	0	0	0	0	0.142941 
	Harold Fannin Jr.	Cleveland Browns	TE	TE7	7.4 	119 	0 	0.0 	0.0 	0.0 	0 	0.0 	0.0 	0.0 	79.2 	5.0 	744 	46.5 	7.4 	0.5 	0.0 	0.1 	0.0 	0.323 	0.560 	0.510 	1 	0.410 	0.000 	64 	64 	0 	7 	5 	(2)	0.437 				-	-	Kaleb Johnson	0.144 	RB59	Brian Thomas Jr.	0.230 	WR56		-	-		2.1 	5.4 	17.1 	8.7 	7.0 	7.1 	7.1 	6.9 	7.2 	6.8 	0.0 	7.2 	7.5 	7.3 	7.0 	7.0 	7.4 		TE27	TE15	TE3	TE8	TE7	TE9	TE8	TE7	TE6	TE9	-	TE7	TE3	TE5	TE9	TE9	TE4		TE6	7.1 	0.0 	0.0 	0.0 	0.0 	5.2 	49.3 	0.4 	6 	0.334 	0.560 	0.518 	1 	0.430 	0.000 	71 	0.450 		86 		-	-	Kaleb Johnson	0.154 	RB58	Brian Thomas Jr.	0.238 	WR55		-	-		TE7	8.3 	0.0 	0.0 	0.0 	0.0 	15.6 	147.8 	1.1 	7 	0.299 	0.560 	0.510 	1 	0.498 	0.000 	#N/A	0.473 		33.3 		-	-	Kaleb Johnson	7 	RB66	Brian Thomas Jr.	17 	WR65		-	-					Cleveland Browns	Jacksonville Jaguars	0 	0.0 	0 	0.0 	2.0 	21 	0.0 	0.0 	0.0 	0.0 	0.0 	2.1 	TE27		Cleveland Browns	Tampa Bay Buccaneers	0 	0.0 	0 	0.0 	5.0 	54 	0.0 	0.0 	0.0 	0.0 	0.0 	5.4 	TE15		Cleveland Browns	Carolina Panthers	0 	0.0 	0 	0.0 	7.0 	51 	2.0 	0.0 	0.0 	0.0 	0.0 	17.1 	TE3		Cleveland Browns	Pittsburgh Steelers	0 	0.0 	0 	0.0 	3.0 	27 	1.0 	0.0 	0.0 	0.0 	0.0 	8.7 	TE8		Cleveland Browns	New York Jets	0 	0.0 	0 	0.0 	5.1 	48 	0.4 	0.0 	0.0 	0.0 	0.0 	7.0 	TE7		Cleveland Browns	Baltimore Ravens	0 	0.0 	0 	0.0 	5.2 	49 	0.4 	0.0 	0.0 	0.0 	0.0 	7.1 	TE9		Cleveland Browns	Tennessee Titans	0 	0.0 	0 	0.0 	5.1 	49 	0.4 	0.0 	0.0 	0.0 	0.0 	7.1 	TE8		Cleveland Browns	Pittsburgh Steelers	0 	0.0 	0 	0.0 	5.1 	49 	0.3 	0.0 	0.0 	0.0 	0.0 	6.9 	TE7		Cleveland Browns	New Orleans Saints	0 	0.0 	0 	0.0 	5.2 	50 	0.4 	0.0 	0.0 	0.0 	0.0 	7.2 	TE6		Cleveland Browns	Houston Texans	0 	0.0 	0 	0.0 	5.1 	48 	0.3 	0.0 	0.0 	0.0 	0.0 	6.8 	TE9		Cleveland Browns	BYE	0 	0.0 	0 	0.0 	0.0 	0 	0.0 	0.0 	0.0 	0.0 	0.0 	0.0 	-		Cleveland Browns	Las Vegas Raiders	0 	0.0 	0 	0.0 	5.2 	49 	0.4 	0.0 	0.0 	0.0 	0.0 	7.2 	TE7		Cleveland Browns	Cincinnati Bengals	0 	0.0 	0 	0.0 	5.4 	51 	0.4 	0.0 	0.0 	0.0 	0.0 	7.5 	TE3		Cleveland Browns	Atlanta Falcons	0 	0.0 	0 	0.0 	5.2 	49 	0.4 	0.0 	0.0 	0.0 	0.0 	7.3 	TE5		Cleveland Browns	New York Giants	0 	0.0 	0 	0.0 	5.2 	49 	0.4 	0.0 	0.0 	0.0 	0.0 	7.0 	TE9		Cleveland Browns	Baltimore Ravens	0 	0.0 	0 	0.0 	5.3 	50 	0.3 	0.0 	0.0 	0.0 	0.0 	7.0 	TE9		Cleveland Browns	Indianapolis Colts	0 	0.0 	0 	0.0 	5.3 	50 	0.4 	0.0 	0.0 	0.0 	0.0 	7.4 	TE4		Actual	Actual	Actual	Actual	Forecast	Forecast	Forecast	Forecast	Forecast	Forecast	Forecast	Forecast	Forecast	Forecast	Forecast	Forecast	Forecast		Healthy	Healthy	Healthy	Healthy	Healthy	Healthy	Healthy	Healthy	Healthy	Healthy	Healthy	Healthy	Healthy	Healthy	Healthy	Healthy	Healthy		Week 5 2026	10/9/2026	4:29:22 PM	16		22%	27%	0%	0%	0%	0%		(0.0)	0	0	0	0	0	(0.022108)
	Rashee Rice	Kansas City Chiefs	WR	WR27	8.0 	119 	0 	0.0 	0.0 	0.0 	0 	0.0 	0.0 	0.0 	64.0 	4.3 	843 	56.2 	5.9 	0.4 	0.0 	0.2 	0.0 	0.324 	1.000 	0.720 	1 	0.205 	0.000 	58 	33 	(25)	28 	13 	(15)	0.455 				-	-	Samaje Perine	0.099 	RB66	Antonio Williams	0.206 	WR61		-	-		7.9 	8.3 	8.8 	0.0 	0.0 	7.6 	7.6 	7.6 	7.6 	7.9 	8.1 	8.2 	7.8 	8.1 	8.0 	8.1 	7.8 		WR26	WR20	WR28	-	-	WR27	WR28	WR26	WR30	WR25	WR16	WR23	WR26	WR20	WR26	WR24	WR26		WR24	7.9 	0.0 	0.0 	0.0 	0.0 	4.3 	54.4 	0.4 	24 	0.368 	1.000 	0.760 	1 	0.235 	0.000 	54 	0.491 		94 		-	-	Samaje Perine	0.106 	RB65	Antonio Williams	0.204 	WR62		-	-		WR39	8.3 	0.0 	0.0 	0.0 	0.0 	17.0 	217.7 	1.6 	39 	0.224 	1.000 	0.610 	0 	0.061 	0.000 	#N/A	0.333 		25.0 		-	-	Samaje Perine	9 	RB62	Antonio Williams	18 	WR60		-	-					Kansas City Chiefs	Denver Broncos	0 	0.0 	0 	0.0 	2.0 	19 	1.0 	0.0 	0.0 	0.0 	0.0 	7.9 	WR26		Kansas City Chiefs	Indianapolis Colts	0 	0.0 	0 	0.0 	4.0 	83 	0.0 	0.0 	0.0 	0.0 	0.0 	8.3 	WR20		Kansas City Chiefs	Miami Dolphins	0 	0.0 	0 	0.0 	7.0 	88 	0.0 	0.0 	0.0 	0.0 	0.0 	8.8 	WR28		Kansas City Chiefs	Las Vegas Raiders	0 	0.0 	0 	0.0 	0.0 	0 	0.0 	0.0 	0.0 	0.0 	0.0 	0.0 	-		Kansas City Chiefs	BYE	0 	0.0 	0 	0.0 	0.0 	0 	0.0 	0.0 	0.0 	0.0 	0.0 	0.0 	-		Kansas City Chiefs	Los Angeles Chargers	0 	0.0 	0 	0.0 	4.0 	52 	0.4 	0.0 	0.0 	0.0 	0.0 	7.6 	WR27		Kansas City Chiefs	Seattle Seahawks	0 	0.0 	0 	0.0 	4.2 	54 	0.4 	0.0 	0.0 	0.0 	0.0 	7.6 	WR28		Kansas City Chiefs	Denver Broncos	0 	0.0 	0 	0.0 	4.2 	54 	0.4 	0.0 	0.0 	0.0 	0.0 	7.6 	WR26		Kansas City Chiefs	New York Jets	0 	0.0 	0 	0.0 	4.1 	52 	0.4 	0.0 	0.0 	0.0 	0.0 	7.6 	WR30		Kansas City Chiefs	Atlanta Falcons	0 	0.0 	0 	0.0 	4.3 	55 	0.4 	0.0 	0.0 	0.0 	0.0 	7.9 	WR25		Kansas City Chiefs	Arizona Cardinals	0 	0.0 	0 	0.0 	4.2 	54 	0.4 	0.0 	0.0 	0.0 	0.0 	8.1 	WR16		Kansas City Chiefs	Buffalo Bills	0 	0.0 	0 	0.0 	4.4 	56 	0.4 	0.0 	0.0 	0.0 	0.0 	8.2 	WR23		Kansas City Chiefs	Los Angeles Rams	0 	0.0 	0 	0.0 	4.3 	55 	0.4 	0.0 	0.0 	0.0 	0.0 	7.8 	WR26		Kansas City Chiefs	Cincinnati Bengals	0 	0.0 	0 	0.0 	4.4 	56 	0.4 	0.0 	0.0 	0.0 	0.0 	8.1 	WR20		Kansas City Chiefs	New England Patriots	0 	0.0 	0 	0.0 	4.3 	55 	0.4 	0.0 	0.0 	0.0 	0.0 	8.0 	WR26		Kansas City Chiefs	San Francisco 49ers	0 	0.0 	0 	0.0 	4.3 	56 	0.4 	0.0 	0.0 	0.0 	0.0 	8.1 	WR24		Kansas City Chiefs	Los Angeles Chargers	0 	0.0 	0 	0.0 	4.3 	55 	0.4 	0.0 	0.0 	0.0 	0.0 	7.8 	WR26		Actual	Actual	Actual	Actual	Forecast	Forecast	Forecast	Forecast	Forecast	Forecast	Forecast	Forecast	Forecast	Forecast	Forecast	Forecast	Forecast		Healthy	Healthy	Healthy	Healthy	Limited / Handicapped	Limited / Handicapped	Healthy	Healthy	Healthy	Healthy	Healthy	Healthy	Healthy	Healthy	Healthy	Healthy	Healthy		Week 5 2026	10/9/2026	4:29:22 PM	16		26%	27%	0%	0%	0%	0%		0.2 	0	0	0	0	0	0.158728 
	Tyler Shough	New Orleans Saints	QB	QB6	18.1 	290 	4,154 	259.6 	28.7 	1.8 	244 	15.3 	2.3 	0.1 	0.0 	0.0 	0 	0.0 	0.0 	0.0 	10.7 	3.9 	0.0 	0.788 	0.460 	0.424 	1 	0.441 	0.000 	66 	152 	86 	5 	20 	15 	0.432 				-	-	Jonah Coleman	0.111 	RB64	Khalil Shakir	0.187 	WR65		-	-		23.2 	22.4 	23.8 	15.9 	16.1 	18.0 	16.4 	0.0 	17.3 	17.3 	16.6 	17.2 	16.7 	16.5 	17.0 	18.4 	17.0 		QB8	QB8	QB7	QB14	QB9	QB3	QB13	-	QB8	QB6	QB11	QB7	QB9	QB10	QB8	QB3	QB8		QB6	17.0 	245.9 	1.6 	14.3 	0.1 	0.0 	0.0 	0.0 	6 	0.797 	0.460 	0.415 	1 	0.561 	0.000 	56 	0.484 		205 		-	-	Jonah Coleman	0.100 	RB66	Khalil Shakir	0.190 	WR65		-	-		QB5	21.3 	737.7 	4.9 	43.0 	0.3 	0.0 	0.0 	0.0 	5 	0.765 	0.460 	0.424 	1 	0.591 	0.000 	#N/A	0.503 		85.3 		-	-	Jonah Coleman	12 	RB53	Khalil Shakir	16 	WR68		-	-					New Orleans Saints	Detroit Lions	410 	3.0 	8 	0.0 	0.0 	0 	0.0 	2.0 	1.0 	0.0 	0.0 	23.2 	QB8		New Orleans Saints	Baltimore Ravens	252 	1.0 	23 	1.0 	0.0 	0 	0.0 	0.0 	0.0 	0.0 	0.0 	22.4 	QB8		New Orleans Saints	Las Vegas Raiders	255 	4.0 	36 	0.0 	0.0 	0 	0.0 	1.0 	2.0 	0.0 	0.0 	23.8 	QB7		New Orleans Saints	Atlanta Falcons	286 	1.0 	5 	0.0 	0.0 	0 	0.0 	0.0 	0.0 	0.0 	0.0 	15.9 	QB14		New Orleans Saints	Minnesota Vikings	237 	1.5 	15 	0.1 	0.0 	0 	0.0 	0.6 	0.1 	0.0 	0.0 	16.1 	QB9		New Orleans Saints	New York Giants	249 	1.8 	17 	0.1 	0.0 	0 	0.0 	0.6 	0.1 	0.0 	0.0 	18.0 	QB3		New Orleans Saints	Pittsburgh Steelers	240 	1.5 	15 	0.1 	0.0 	0 	0.0 	0.6 	0.1 	0.0 	0.0 	16.4 	QB13		New Orleans Saints	BYE	0 	0.0 	0 	0.0 	0.0 	0 	0.0 	0.0 	0.0 	0.0 	0.0 	0.0 	-		New Orleans Saints	Cleveland Browns	245 	1.7 	15 	0.1 	0.0 	0 	0.0 	0.6 	0.1 	0.0 	0.0 	17.3 	QB8		New Orleans Saints	Carolina Panthers	245 	1.7 	15 	0.1 	0.0 	0 	0.0 	0.6 	0.1 	0.0 	0.0 	17.3 	QB6		New Orleans Saints	Chicago Bears	249 	1.6 	12 	0.1 	0.0 	0 	0.0 	0.6 	0.1 	0.0 	0.0 	16.6 	QB11		New Orleans Saints	Cincinnati Bengals	254 	1.7 	12 	0.1 	0.0 	0 	0.0 	0.6 	0.1 	0.0 	0.0 	17.2 	QB7		New Orleans Saints	Green Bay Packers	247 	1.6 	13 	0.1 	0.0 	0 	0.0 	0.6 	0.1 	0.0 	0.0 	16.7 	QB9		New Orleans Saints	Carolina Panthers	242 	1.6 	14 	0.1 	0.0 	0 	0.0 	0.6 	0.1 	0.0 	0.0 	16.5 	QB10		New Orleans Saints	Tampa Bay Buccaneers	249 	1.6 	13 	0.1 	0.0 	0 	0.0 	0.6 	0.1 	0.0 	0.0 	17.0 	QB8		New Orleans Saints	Arizona Cardinals	250 	1.8 	16 	0.1 	0.0 	0 	0.0 	0.6 	0.1 	0.0 	0.0 	18.4 	QB3		New Orleans Saints	Atlanta Falcons	246 	1.6 	14 	0.1 	0.0 	0 	0.0 	0.6 	0.1 	0.0 	0.0 	17.0 	QB8		Actual	Actual	Actual	Actual	Forecast	Forecast	Forecast	Forecast	Forecast	Forecast	Forecast	Forecast	Forecast	Forecast	Forecast	Forecast	Forecast		Healthy	Healthy	Healthy	Healthy	Healthy	Healthy	Healthy	Healthy	Healthy	Healthy	Healthy	Healthy	Healthy	Healthy	Healthy	Healthy	Healthy		Week 5 2026	10/9/2026	4:29:22 PM	16		0%	0%	16%	18%	99%	99%		(0.0)	0	0	0	0	0	(0.018895)
	Jaylen Waddle	Denver Broncos	WR	WR28	7.6 	122 	0 	0.0 	0.0 	0.0 	14 	0.9 	0.0 	0.0 	66.8 	4.2 	860 	53.8 	5.4 	0.3 	0.0 	0.2 	0.0 	0.331 	1.000 	0.740 	1 	0.174 	0.000 	59 	47 	(12)	26 	21 	(5)	0.452 				-	-	Chris Brooks	0.058 	RB72	Courtland Sutton	0.177 	WR67		-	-		0.2 	13.8 	4.4 	9.5 	7.9 	7.7 	8.1 	7.9 	7.9 	0.0 	7.9 	7.5 	8.0 	7.7 	7.8 	8.1 	7.6 		WR91	WR12	WR48	WR22	WR20	WR26	WR21	WR23	WR25	-	WR19	WR33	WR24	WR27	WR28	WR25	WR30		WR26	7.8 	0.0 	0.0 	0.0 	0.0 	4.2 	56.3 	0.4 	26 	0.366 	1.000 	0.740 	1 	0.231 	0.000 	57 	0.480 		94 		-	-	Chris Brooks	0.039 	RB75	Courtland Sutton	0.243 	WR54		-	-		WR31	7.0 	0.0 	0.0 	0.0 	0.0 	12.7 	168.8 	1.1 	31 	0.250 	1.000 	0.690 	0 	0.107 	0.000 	#N/A	0.391 		27.9 		-	-	Chris Brooks	9 	RB61	Courtland Sutton	9 	WR85		-	-					Denver Broncos	Kansas City Chiefs	0 	0.0 	0 	0.0 	1.0 	2 	0.0 	0.0 	0.0 	0.0 	0.0 	0.2 	WR91		Denver Broncos	Jacksonville Jaguars	0 	0.0 	0 	0.0 	8.0 	138 	0.0 	0.0 	0.0 	0.0 	0.0 	13.8 	WR12		Denver Broncos	Los Angeles Rams	0 	0.0 	14 	0.0 	2.0 	10 	0.0 	0.0 	0.0 	0.0 	1.0 	4.4 	WR48		Denver Broncos	San Francisco 49ers	0 	0.0 	0 	0.0 	5.0 	35 	1.0 	0.0 	0.0 	0.0 	0.0 	9.5 	WR22		Denver Broncos	Los Angeles Chargers	0 	0.0 	0 	0.0 	4.3 	57 	0.4 	0.0 	0.0 	0.0 	0.0 	7.9 	WR20		Denver Broncos	Seattle Seahawks	0 	0.0 	0 	0.0 	4.2 	56 	0.3 	0.0 	0.0 	0.0 	0.0 	7.7 	WR26		Denver Broncos	Arizona Cardinals	0 	0.0 	0 	0.0 	4.3 	57 	0.4 	0.0 	0.0 	0.0 	0.0 	8.1 	WR21		Denver Broncos	Kansas City Chiefs	0 	0.0 	0 	0.0 	4.3 	57 	0.4 	0.0 	0.0 	0.0 	0.0 	7.9 	WR23		Denver Broncos	Carolina Panthers	0 	0.0 	0 	0.0 	4.3 	57 	0.4 	0.0 	0.0 	0.0 	0.0 	7.9 	WR25		Denver Broncos	BYE	0 	0.0 	0 	0.0 	0.0 	0 	0.0 	0.0 	0.0 	0.0 	0.0 	0.0 	-		Denver Broncos	Las Vegas Raiders	0 	0.0 	0 	0.0 	4.2 	56 	0.4 	0.0 	0.0 	0.0 	0.0 	7.9 	WR19		Denver Broncos	Pittsburgh Steelers	0 	0.0 	0 	0.0 	4.1 	55 	0.3 	0.0 	0.0 	0.0 	0.0 	7.5 	WR33		Denver Broncos	Miami Dolphins	0 	0.0 	0 	0.0 	4.2 	56 	0.4 	0.0 	0.0 	0.0 	0.0 	8.0 	WR24		Denver Broncos	New York Jets	0 	0.0 	0 	0.0 	4.2 	55 	0.4 	0.0 	0.0 	0.0 	0.0 	7.7 	WR27		Denver Broncos	Las Vegas Raiders	0 	0.0 	0 	0.0 	4.2 	56 	0.4 	0.0 	0.0 	0.0 	0.0 	7.8 	WR28		Denver Broncos	Buffalo Bills	0 	0.0 	0 	0.0 	4.4 	58 	0.4 	0.0 	0.0 	0.0 	0.0 	8.1 	WR25		Denver Broncos	New England Patriots	0 	0.0 	0 	0.0 	4.2 	56 	0.3 	0.0 	0.0 	0.0 	0.0 	7.6 	WR30		Actual	Actual	Actual	Actual	Forecast	Forecast	Forecast	Forecast	Forecast	Forecast	Forecast	Forecast	Forecast	Forecast	Forecast	Forecast	Forecast		Healthy	Healthy	Healthy	Healthy	Healthy	Healthy	Healthy	Healthy	Healthy	Healthy	Healthy	Healthy	Healthy	Healthy	Healthy	Healthy	Healthy		Week 5 2026	10/9/2026	4:29:22 PM	16		25%	25%	0%	0%	0%	0%		0.1 	0	0	0	0	0	0.089460 
	Ladd McConkey	Los Angeles Chargers	WR	WR26	8.0 	120 	0 	0.0 	0.0 	0.0 	0 	0.0 	0.0 	0.0 	59.1 	3.9 	847 	56.5 	6.0 	0.4 	0.0 	0.2 	0.0 	0.327 	1.000 	0.730 	1 	0.210 	0.000 	57 	45 	(12)	27 	20 	(7)	0.462 				-	-	Kendre Miller	0.117 	RB63	Elic Ayomanor	0.216 	WR59		-	-		14.2 	3.5 	6.6 	0.0 	7.1 	7.8 	0.0 	8.2 	7.9 	8.1 	7.8 	8.0 	8.2 	8.0 	8.3 	8.2 	8.0 		WR10	WR48	WR36	-	WR28	WR23	-	WR19	WR24	WR22	WR21	WR24	WR21	WR22	WR21	WR22	WR23		WR23	8.0 	0.0 	0.0 	0.0 	0.0 	3.9 	55.3 	0.4 	23 	0.374 	1.000 	0.770 	1 	0.248 	0.000 	51 	0.502 		96 		-	-	Kendre Miller	0.112 	RB64	Elic Ayomanor	0.224 	WR58		-	-		WR42	8.1 	0.0 	0.0 	0.0 	0.0 	15.7 	221.3 	1.7 	42 	0.218 	1.000 	0.580 	0 	0.050 	0.000 	#N/A	0.314 		24.3 		-	-	Kendre Miller	11 	RB55	Elic Ayomanor	17 	WR62		-	-					Los Angeles Chargers	Arizona Cardinals	0 	0.0 	0 	0.0 	5.0 	82 	1.0 	0.0 	0.0 	0.0 	0.0 	14.2 	WR10		Los Angeles Chargers	Las Vegas Raiders	0 	0.0 	0 	0.0 	3.0 	35 	0.0 	0.0 	0.0 	0.0 	0.0 	3.5 	WR48		Los Angeles Chargers	Buffalo Bills	0 	0.0 	0 	0.0 	4.0 	66 	0.0 	0.0 	0.0 	0.0 	0.0 	6.6 	WR36		Los Angeles Chargers	Seattle Seahawks	0 	0.0 	0 	0.0 	0.0 	0 	0.0 	0.0 	0.0 	0.0 	0.0 	0.0 	-		Los Angeles Chargers	Denver Broncos	0 	0.0 	0 	0.0 	3.6 	51 	0.3 	0.0 	0.0 	0.0 	0.0 	7.1 	WR28		Los Angeles Chargers	Kansas City Chiefs	0 	0.0 	0 	0.0 	4.0 	56 	0.4 	0.0 	0.0 	0.0 	0.0 	7.8 	WR23		Los Angeles Chargers	BYE	0 	0.0 	0 	0.0 	0.0 	0 	0.0 	0.0 	0.0 	0.0 	0.0 	0.0 	-		Los Angeles Chargers	Los Angeles Rams	0 	0.0 	0 	0.0 	4.1 	57 	0.4 	0.0 	0.0 	0.0 	0.0 	8.2 	WR19		Los Angeles Chargers	Houston Texans	0 	0.0 	0 	0.0 	3.9 	55 	0.4 	0.0 	0.0 	0.0 	0.0 	7.9 	WR24		Los Angeles Chargers	Baltimore Ravens	0 	0.0 	0 	0.0 	4.0 	57 	0.4 	0.0 	0.0 	0.0 	0.0 	8.1 	WR22		Los Angeles Chargers	New York Jets	0 	0.0 	0 	0.0 	3.8 	53 	0.4 	0.0 	0.0 	0.0 	0.0 	7.8 	WR21		Los Angeles Chargers	New England Patriots	0 	0.0 	0 	0.0 	3.9 	55 	0.4 	0.0 	0.0 	0.0 	0.0 	8.0 	WR24		Los Angeles Chargers	Tampa Bay Buccaneers	0 	0.0 	0 	0.0 	4.0 	56 	0.4 	0.0 	0.0 	0.0 	0.0 	8.2 	WR21		Los Angeles Chargers	Las Vegas Raiders	0 	0.0 	0 	0.0 	3.9 	55 	0.4 	0.0 	0.0 	0.0 	0.0 	8.0 	WR22		Los Angeles Chargers	San Francisco 49ers	0 	0.0 	0 	0.0 	4.0 	57 	0.4 	0.0 	0.0 	0.0 	0.0 	8.3 	WR21		Los Angeles Chargers	Miami Dolphins	0 	0.0 	0 	0.0 	3.9 	55 	0.4 	0.0 	0.0 	0.0 	0.0 	8.2 	WR22		Los Angeles Chargers	Kansas City Chiefs	0 	0.0 	0 	0.0 	3.9 	55 	0.4 	0.0 	0.0 	0.0 	0.0 	8.0 	WR23		Actual	Actual	Actual	Actual	Forecast	Forecast	Forecast	Forecast	Forecast	Forecast	Forecast	Forecast	Forecast	Forecast	Forecast	Forecast	Forecast		Healthy	Healthy	Healthy	Healthy	Limited / Handicapped	Healthy	Healthy	Healthy	Healthy	Healthy	Healthy	Healthy	Healthy	Healthy	Healthy	Healthy	Healthy		Week 5 2026	10/9/2026	4:29:22 PM	16		26%	27%	0%	0%	0%	0%		0.2 	0	0	0	0	0	0.188085 
	Aaron Jones Sr.	Minnesota Vikings	RB	RB23	8.7 	140 	0 	0.0 	0.0 	0.0 	841 	52.5 	5.0 	0.3 	35.0 	2.2 	253 	15.8 	0.5 	0.0 	0.0 	1.4 	0.0 	0.380 	1.000 	0.731 	0 	0.136 	0.000 	61 	98 	37 	23 	39 	16 	0.440 				-	-	Will Shipley	0.124 	RB62	Malachi Fields	0.201 	WR62		-	-		10.0 	10.5 	9.2 	12.8 	11.0 	0.0 	8.5 	7.4 	7.9 	7.2 	7.4 	8.6 	8.2 	7.1 	7.8 	8.5 	7.9 		RB20	RB13	RB22	RB18	RB14	-	RB24	RB28	RB29	RB29	RB27	RB27	RB25	RB32	RB29	RB27	RB30		RB29	8.1 	0.0 	0.0 	45.3 	0.3 	2.2 	15.4 	0.0 	28 	0.380 	1.000 	0.669 	0 	0.109 	0.000 	87 	0.402 		97 		-	-	Will Shipley	0.132 	RB61	Malachi Fields	0.195 	WR64		-	-		RB17	10.6 	0.0 	0.0 	135.9 	1.0 	6.5 	46.1 	0.1 	17 	0.381 	1.000 	0.804 	1 	0.226 	0.000 	#N/A	0.510 		42.5 		-	-	Will Shipley	8 	RB64	Malachi Fields	19 	WR59		-	-					Minnesota Vikings	Green Bay Packers	0 	0.0 	40 	1.0 	0.0 	0 	0.0 	0.0 	0.0 	0.0 	0.0 	10.0 	RB20		Minnesota Vikings	Chicago Bears	0 	0.0 	105 	0.0 	0.0 	0 	0.0 	0.0 	0.0 	0.0 	0.0 	10.5 	RB13		Minnesota Vikings	Tampa Bay Buccaneers	0 	0.0 	58 	0.0 	5.0 	34 	0.0 	0.0 	0.0 	0.0 	0.0 	9.2 	RB22		Minnesota Vikings	Miami Dolphins	0 	0.0 	94 	0.0 	4.0 	34 	0.0 	0.0 	0.0 	0.0 	0.0 	12.8 	RB18		Minnesota Vikings	New Orleans Saints	0 	0.0 	68 	0.5 	2.1 	15 	0.0 	0.0 	0.2 	0.0 	0.0 	11.0 	RB14		Minnesota Vikings	BYE	0 	0.0 	0 	0.0 	0.0 	0 	0.0 	0.0 	0.0 	0.0 	0.0 	0.0 	-		Minnesota Vikings	Indianapolis Colts	0 	0.0 	46 	0.4 	2.2 	16 	0.0 	0.0 	0.1 	0.0 	0.0 	8.5 	RB24		Minnesota Vikings	Detroit Lions	0 	0.0 	40 	0.3 	2.2 	16 	0.0 	0.0 	0.1 	0.0 	0.0 	7.4 	RB28		Minnesota Vikings	Buffalo Bills	0 	0.0 	43 	0.3 	2.2 	16 	0.0 	0.0 	0.1 	0.0 	0.0 	7.9 	RB29		Minnesota Vikings	Green Bay Packers	0 	0.0 	40 	0.3 	2.2 	15 	0.0 	0.0 	0.1 	0.0 	0.0 	7.2 	RB29		Minnesota Vikings	San Francisco 49ers	0 	0.0 	40 	0.3 	2.2 	16 	0.0 	0.0 	0.1 	0.0 	0.0 	7.4 	RB27		Minnesota Vikings	Atlanta Falcons	0 	0.0 	48 	0.4 	2.1 	15 	0.0 	0.0 	0.1 	0.0 	0.0 	8.6 	RB27		Minnesota Vikings	Carolina Panthers	0 	0.0 	45 	0.3 	2.2 	15 	0.0 	0.0 	0.1 	0.0 	0.0 	8.2 	RB25		Minnesota Vikings	New England Patriots	0 	0.0 	39 	0.3 	2.1 	15 	0.0 	0.0 	0.1 	0.0 	0.0 	7.1 	RB32		Minnesota Vikings	Detroit Lions	0 	0.0 	43 	0.3 	2.2 	16 	0.0 	0.0 	0.1 	0.0 	0.0 	7.8 	RB29		Minnesota Vikings	Washington Commanders	0 	0.0 	46 	0.4 	2.2 	16 	0.0 	0.0 	0.1 	0.0 	0.0 	8.5 	RB27		Minnesota Vikings	New York Jets	0 	0.0 	44 	0.3 	2.1 	15 	0.0 	0.0 	0.1 	0.0 	0.0 	7.9 	RB30		Actual	Actual	Actual	Actual	Forecast	Forecast	Forecast	Forecast	Forecast	Forecast	Forecast	Forecast	Forecast	Forecast	Forecast	Forecast	Forecast		Healthy	Healthy	Healthy	Healthy	Healthy	Healthy	Healthy	Healthy	Healthy	Healthy	Healthy	Healthy	Healthy	Healthy	Healthy	Healthy	Healthy		Week 5 2026	10/9/2026	4:29:22 PM	16		7%	3%	36%	39%	0%	0%		(0.1)	0	0	0	0	0	(0.107758)
	Juwan Johnson	New Orleans Saints	TE	TE5	7.7 	123 	0 	0.0 	0.0 	0.0 	0 	0.0 	0.0 	0.0 	70.2 	4.4 	798 	49.9 	7.6 	0.5 	0.0 	1.1 	0.0 	0.334 	0.560 	0.525 	1 	0.448 	0.000 	56 	112 	56 	5 	14 	9 	0.462 				-	-	Devin Singletary	0.091 	RB67	Ted Hurst	0.211 	WR60		-	-		11.4 	6.6 	15.3 	5.9 	7.3 	8.0 	7.4 	0.0 	6.8 	6.8 	6.7 	6.9 	6.7 	6.6 	6.8 	7.1 	6.7 		TE6	TE13	TE5	TE16	TE5	TE4	TE5	-	TE10	TE11	TE8	TE10	TE8	TE10	TE10	TE7	TE11		TE10	7.0 	0.0 	0.0 	0.0 	0.0 	4.1 	47.2 	0.4 	10 	0.327 	0.560 	0.484 	1 	0.406 	0.000 	80 	0.425 		84 		-	-	Devin Singletary	0.085 	RB68	Ted Hurst	0.199 	WR63		-	-		TE2	9.8 	0.0 	0.0 	0.0 	0.0 	12.3 	141.5 	1.1 	2 	0.352 	0.560 	0.548 	2 	0.694 	0.000 	#N/A	0.584 		39.2 		-	-	Devin Singletary	11 	RB56	Ted Hurst	19 	WR57		-	-					New Orleans Saints	Detroit Lions	0 	0.0 	0 	0.0 	3.0 	54 	1.0 	0.0 	0.0 	0.0 	0.0 	11.4 	TE6		New Orleans Saints	Baltimore Ravens	0 	0.0 	0 	0.0 	4.0 	66 	0.0 	0.0 	0.0 	0.0 	0.0 	6.6 	TE13		New Orleans Saints	Las Vegas Raiders	0 	0.0 	0 	0.0 	8.0 	53 	2.0 	0.0 	1.0 	0.0 	0.0 	15.3 	TE5		New Orleans Saints	Atlanta Falcons	0 	0.0 	0 	0.0 	6.0 	59 	0.0 	0.0 	0.0 	0.0 	0.0 	5.9 	TE16		New Orleans Saints	Minnesota Vikings	0 	0.0 	0 	0.0 	4.6 	53 	0.3 	0.0 	0.0 	0.0 	0.0 	7.3 	TE5		New Orleans Saints	New York Giants	0 	0.0 	0 	0.0 	4.8 	55 	0.4 	0.0 	0.0 	0.0 	0.0 	8.0 	TE4		New Orleans Saints	Pittsburgh Steelers	0 	0.0 	0 	0.0 	4.6 	53 	0.4 	0.0 	0.0 	0.0 	0.0 	7.4 	TE5		New Orleans Saints	BYE	0 	0.0 	0 	0.0 	0.0 	0 	0.0 	0.0 	0.0 	0.0 	0.0 	0.0 	-		New Orleans Saints	Cleveland Browns	0 	0.0 	0 	0.0 	3.9 	45 	0.4 	0.0 	0.0 	0.0 	0.0 	6.8 	TE10		New Orleans Saints	Carolina Panthers	0 	0.0 	0 	0.0 	3.9 	45 	0.4 	0.0 	0.0 	0.0 	0.0 	6.8 	TE11		New Orleans Saints	Chicago Bears	0 	0.0 	0 	0.0 	3.9 	45 	0.4 	0.0 	0.0 	0.0 	0.0 	6.7 	TE8		New Orleans Saints	Cincinnati Bengals	0 	0.0 	0 	0.0 	4.0 	46 	0.4 	0.0 	0.0 	0.0 	0.0 	6.9 	TE10		New Orleans Saints	Green Bay Packers	0 	0.0 	0 	0.0 	3.9 	45 	0.4 	0.0 	0.0 	0.0 	0.0 	6.7 	TE8		New Orleans Saints	Carolina Panthers	0 	0.0 	0 	0.0 	3.8 	44 	0.4 	0.0 	0.0 	0.0 	0.0 	6.6 	TE10		New Orleans Saints	Tampa Bay Buccaneers	0 	0.0 	0 	0.0 	3.9 	45 	0.4 	0.0 	0.0 	0.0 	0.0 	6.8 	TE10		New Orleans Saints	Arizona Cardinals	0 	0.0 	0 	0.0 	3.9 	45 	0.4 	0.0 	0.0 	0.0 	0.0 	7.1 	TE7		New Orleans Saints	Atlanta Falcons	0 	0.0 	0 	0.0 	3.9 	45 	0.4 	0.0 	0.0 	0.0 	0.0 	6.7 	TE11		Actual	Actual	Actual	Actual	Forecast	Forecast	Forecast	Forecast	Forecast	Forecast	Forecast	Forecast	Forecast	Forecast	Forecast	Forecast	Forecast		Healthy	Healthy	Healthy	Healthy	Healthy	Healthy	Healthy	Healthy	Healthy	Healthy	Healthy	Healthy	Healthy	Healthy	Healthy	Healthy	Healthy		Week 5 2026	10/9/2026	4:29:22 PM	16		18%	23%	0%	0%	0%	0%		(0.2)	0	0	0	0	0	(0.158880)
	Jared Goff	Detroit Lions	QB	QB8	17.6 	281 	4,221 	263.8 	31.1 	1.9 	42 	2.6 	0.2 	0.0 	0.0 	0.0 	0 	0.0 	0.0 	0.0 	7.7 	0.9 	0.0 	0.765 	0.460 	0.415 	1 	0.395 	0.000 	76 	131 	55 	6 	16 	10 	0.406 				-	-	Najee Harris	0.105 	RB65	Cooper Kupp	0.182 	WR66		-	-		16.4 	29.8 	19.4 	20.5 	17.7 	0.0 	16.5 	15.9 	16.0 	15.9 	16.4 	17.0 	16.3 	16.2 	15.4 	16.4 	15.7 		QB17	QB2	QB16	QB7	QB3	-	QB9	QB13	QB15	QB14	QB13	QB8	QB12	QB14	QB22	QB12	QB15		QB11	16.3 	250.6 	1.8 	2.2 	0.0 	0.0 	0.0 	0.0 	9 	0.762 	0.460 	0.385 	1 	0.484 	0.000 	79 	0.432 		195 		-	-	Najee Harris	0.118 	RB63	Cooper Kupp	0.166 	WR70		-	-		QB4	21.5 	751.8 	5.5 	6.6 	0.1 	0.0 	0.0 	0.0 	4 	0.772 	0.460 	0.433 	1 	0.603 	0.000 	#N/A	0.513 		86.1 		-	-	Najee Harris	9 	RB63	Cooper Kupp	17 	WR61		-	-					Detroit Lions	New Orleans Saints	206 	2.0 	2 	0.0 	0.0 	0 	0.0 	0.0 	0.0 	0.0 	0.0 	16.4 	QB17		Detroit Lions	Buffalo Bills	327 	4.0 	7 	0.0 	0.0 	0 	0.0 	0.0 	0.0 	0.0 	0.0 	29.8 	QB2		Detroit Lions	New York Jets	269 	2.0 	6 	0.0 	0.0 	0 	0.0 	0.0 	0.0 	0.0 	0.0 	19.4 	QB16		Detroit Lions	Carolina Panthers	412 	1.0 	0 	0.0 	0.0 	0 	0.0 	0.0 	0.0 	0.0 	0.0 	20.5 	QB7		Detroit Lions	Arizona Cardinals	262 	2.1 	2 	0.0 	0.0 	0 	0.0 	0.6 	0.1 	0.0 	0.0 	17.7 	QB3		Detroit Lions	BYE	0 	0.0 	0 	0.0 	0.0 	0 	0.0 	0.0 	0.0 	0.0 	0.0 	0.0 	-		Detroit Lions	Green Bay Packers	254 	1.9 	2 	0.0 	0.0 	0 	0.0 	0.6 	0.1 	0.0 	0.0 	16.5 	QB9		Detroit Lions	Minnesota Vikings	247 	1.8 	2 	0.0 	0.0 	0 	0.0 	0.6 	0.1 	0.0 	0.0 	15.9 	QB13		Detroit Lions	Miami Dolphins	245 	1.8 	2 	0.0 	0.0 	0 	0.0 	0.6 	0.1 	0.0 	0.0 	16.0 	QB15		Detroit Lions	New England Patriots	248 	1.8 	2 	0.0 	0.0 	0 	0.0 	0.6 	0.1 	0.0 	0.0 	15.9 	QB14		Detroit Lions	Tampa Bay Buccaneers	251 	1.9 	2 	0.0 	0.0 	0 	0.0 	0.6 	0.1 	0.0 	0.0 	16.4 	QB13		Detroit Lions	Chicago Bears	258 	1.9 	2 	0.0 	0.0 	0 	0.0 	0.6 	0.1 	0.0 	0.0 	17.0 	QB8		Detroit Lions	Atlanta Falcons	252 	1.8 	2 	0.0 	0.0 	0 	0.0 	0.6 	0.1 	0.0 	0.0 	16.3 	QB12		Detroit Lions	Tennessee Titans	247 	1.9 	2 	0.0 	0.0 	0 	0.0 	0.6 	0.1 	0.0 	0.0 	16.2 	QB14		Detroit Lions	Minnesota Vikings	244 	1.7 	2 	0.0 	0.0 	0 	0.0 	0.6 	0.1 	0.0 	0.0 	15.4 	QB22		Detroit Lions	New York Giants	251 	1.9 	2 	0.0 	0.0 	0 	0.0 	0.6 	0.1 	0.0 	0.0 	16.4 	QB12		Detroit Lions	Chicago Bears	249 	1.7 	2 	0.0 	0.0 	0 	0.0 	0.6 	0.1 	0.0 	0.0 	15.7 	QB15		Actual	Actual	Actual	Actual	Forecast	Forecast	Forecast	Forecast	Forecast	Forecast	Forecast	Forecast	Forecast	Forecast	Forecast	Forecast	Forecast		Healthy	Healthy	Healthy	Healthy	Healthy	Healthy	Healthy	Healthy	Healthy	Healthy	Healthy	Healthy	Healthy	Healthy	Healthy	Healthy	Healthy		Week 5 2026	10/9/2026	4:29:22 PM	16		0%	0%	2%	2%	99%	99%		(0.1)	0	0	0	0	0	(0.081143)
	Quinshon Judkins	Cleveland Browns	RB	RB28	8.3 	133 	0 	0.0 	0.0 	0.0 	827 	51.7 	3.2 	0.2 	47.6 	3.0 	311 	19.4 	0.7 	0.0 	0.0 	2.1 	0.0 	0.360 	1.000 	0.682 	0 	0.099 	0.000 	79 	37 	(42)	27 	19 	(8)	0.400 				-	-	Tank Bigsby	0.084 	RB68	Quentin Johnston	0.173 	WR68		-	-		5.0 	4.8 	7.9 	15.6 	8.3 	8.5 	8.4 	7.5 	8.2 	7.8 	0.0 	9.0 	8.5 	9.1 	8.0 	7.2 	8.8 		RB38	RB35	RB26	RB12	RB25	RB23	RB25	RB27	RB28	RB26	-	RB25	RB24	RB23	RB28	RB34	RB26		RB28	8.3 	0.0 	0.0 	54.2 	0.2 	2.7 	17.9 	0.1 	27 	0.387 	1.000 	0.682 	0 	0.121 	0.000 	84 	0.413 		99 		-	-	Tank Bigsby	0.058 	RB72	Quentin Johnston	0.219 	WR59		-	-		RB25	8.3 	0.0 	0.0 	162.5 	0.5 	8.1 	53.8 	0.2 	25 	0.299 	1.000 	0.706 	0 	0.098 	0.000 	#N/A	0.402 		33.3 		-	-	Tank Bigsby	14 	RB47	Quentin Johnston	11 	WR78		-	-					Cleveland Browns	Jacksonville Jaguars	0 	0.0 	33 	0.0 	2.0 	17 	0.0 	0.0 	0.0 	0.0 	0.0 	5.0 	RB38		Cleveland Browns	Tampa Bay Buccaneers	0 	0.0 	21 	0.0 	5.0 	27 	0.0 	0.0 	0.0 	0.0 	0.0 	4.8 	RB35		Cleveland Browns	Carolina Panthers	0 	0.0 	70 	0.0 	2.0 	9 	0.0 	0.0 	0.0 	0.0 	0.0 	7.9 	RB26		Cleveland Browns	Pittsburgh Steelers	0 	0.0 	53 	1.0 	6.0 	43 	0.0 	0.0 	0.0 	0.0 	0.0 	15.6 	RB12		Cleveland Browns	New York Jets	0 	0.0 	55 	0.2 	2.7 	18 	0.1 	0.0 	0.2 	0.0 	0.0 	8.3 	RB25		Cleveland Browns	Baltimore Ravens	0 	0.0 	56 	0.2 	2.7 	18 	0.1 	0.0 	0.2 	0.0 	0.0 	8.5 	RB23		Cleveland Browns	Tennessee Titans	0 	0.0 	56 	0.2 	2.7 	18 	0.1 	0.0 	0.2 	0.0 	0.0 	8.4 	RB25		Cleveland Browns	Pittsburgh Steelers	0 	0.0 	48 	0.1 	2.7 	18 	0.1 	0.0 	0.2 	0.0 	0.0 	7.5 	RB27		Cleveland Browns	New Orleans Saints	0 	0.0 	53 	0.2 	2.7 	18 	0.1 	0.0 	0.2 	0.0 	0.0 	8.2 	RB28		Cleveland Browns	Houston Texans	0 	0.0 	51 	0.2 	2.6 	17 	0.0 	0.0 	0.2 	0.0 	0.0 	7.8 	RB26		Cleveland Browns	BYE	0 	0.0 	0 	0.0 	0.0 	0 	0.0 	0.0 	0.0 	0.0 	0.0 	0.0 	-		Cleveland Browns	Las Vegas Raiders	0 	0.0 	60 	0.2 	2.7 	18 	0.1 	0.0 	0.2 	0.0 	0.0 	9.0 	RB25		Cleveland Browns	Cincinnati Bengals	0 	0.0 	54 	0.2 	2.8 	19 	0.1 	0.0 	0.2 	0.0 	0.0 	8.5 	RB24		Cleveland Browns	Atlanta Falcons	0 	0.0 	61 	0.2 	2.7 	18 	0.1 	0.0 	0.2 	0.0 	0.0 	9.1 	RB23		Cleveland Browns	New York Giants	0 	0.0 	52 	0.2 	2.7 	18 	0.1 	0.0 	0.2 	0.0 	0.0 	8.0 	RB28		Cleveland Browns	Baltimore Ravens	0 	0.0 	46 	0.1 	2.7 	18 	0.1 	0.0 	0.2 	0.0 	0.0 	7.2 	RB34		Cleveland Browns	Indianapolis Colts	0 	0.0 	57 	0.2 	2.8 	18 	0.1 	0.0 	0.2 	0.0 	0.0 	8.8 	RB26		Actual	Actual	Actual	Actual	Forecast	Forecast	Forecast	Forecast	Forecast	Forecast	Forecast	Forecast	Forecast	Forecast	Forecast	Forecast	Forecast		Healthy	Healthy	Healthy	Healthy	Healthy	Healthy	Healthy	Healthy	Healthy	Healthy	Healthy	Healthy	Healthy	Healthy	Healthy	Healthy	Healthy		Week 5 2026	10/9/2026	4:29:22 PM	16		8%	4%	56%	29%	0%	0%		0.0 	0	0	0	0	0	0.011355 
	Travis Kelce	Kansas City Chiefs	TE	TE6	7.6 	121 	0 	0.0 	0.0 	0.0 	0 	0.0 	0.0 	0.0 	60.8 	3.8 	851 	53.2 	6.0 	0.4 	0.0 	0.2 	0.0 	0.328 	0.560 	0.518 	1 	0.429 	0.000 	60 	105 	45 	6 	12 	6 	0.449 				-	-	Kimani Vidal	0.077 	RB69	Jaylin Noel	0.191 	WR64		-	-		7.1 	16.1 	11.9 	1.5 	0.0 	7.1 	6.8 	6.7 	6.8 	7.1 	7.2 	7.3 	7.0 	7.2 	7.1 	7.2 	6.9 		TE14	TE2	TE7	TE25	-	TE8	TE9	TE8	TE9	TE7	TE5	TE6	TE6	TE6	TE7	TE6	TE8		TE9	7.0 	0.0 	0.0 	0.0 	0.0 	3.7 	50.4 	0.3 	9 	0.329 	0.560 	0.493 	1 	0.412 	0.000 	78 	0.432 		84 		-	-	Kimani Vidal	0.051 	RB73	Jaylin Noel	0.151 	WR73		-	-		TE3	9.2 	0.0 	0.0 	0.0 	0.0 	11.2 	151.3 	1.0 	3 	0.328 	0.560 	0.541 	1 	0.607 	0.000 	#N/A	0.539 		36.6 		-	-	Kimani Vidal	12 	RB54	Jaylin Noel	21 	WR48		-	-					Kansas City Chiefs	Denver Broncos	0 	0.0 	0 	0.0 	3.0 	71 	0.0 	0.0 	0.0 	0.0 	0.0 	7.1 	TE14		Kansas City Chiefs	Indianapolis Colts	0 	0.0 	0 	0.0 	9.0 	101 	1.0 	0.0 	0.0 	0.0 	0.0 	16.1 	TE2		Kansas City Chiefs	Miami Dolphins	0 	0.0 	0 	0.0 	2.0 	59 	1.0 	0.0 	0.0 	0.0 	0.0 	11.9 	TE7		Kansas City Chiefs	Las Vegas Raiders	0 	0.0 	0 	0.0 	2.0 	15 	0.0 	0.0 	0.0 	0.0 	0.0 	1.5 	TE25		Kansas City Chiefs	BYE	0 	0.0 	0 	0.0 	0.0 	0 	0.0 	0.0 	0.0 	0.0 	0.0 	0.0 	-		Kansas City Chiefs	Los Angeles Chargers	0 	0.0 	0 	0.0 	3.7 	50 	0.4 	0.0 	0.0 	0.0 	0.0 	7.1 	TE8		Kansas City Chiefs	Seattle Seahawks	0 	0.0 	0 	0.0 	3.7 	50 	0.3 	0.0 	0.0 	0.0 	0.0 	6.8 	TE9		Kansas City Chiefs	Denver Broncos	0 	0.0 	0 	0.0 	3.7 	49 	0.3 	0.0 	0.0 	0.0 	0.0 	6.7 	TE8		Kansas City Chiefs	New York Jets	0 	0.0 	0 	0.0 	3.6 	48 	0.3 	0.0 	0.0 	0.0 	0.0 	6.8 	TE9		Kansas City Chiefs	Atlanta Falcons	0 	0.0 	0 	0.0 	3.7 	50 	0.3 	0.0 	0.0 	0.0 	0.0 	7.1 	TE7		Kansas City Chiefs	Arizona Cardinals	0 	0.0 	0 	0.0 	3.7 	50 	0.4 	0.0 	0.0 	0.0 	0.0 	7.2 	TE5		Kansas City Chiefs	Buffalo Bills	0 	0.0 	0 	0.0 	3.9 	52 	0.3 	0.0 	0.0 	0.0 	0.0 	7.3 	TE6		Kansas City Chiefs	Los Angeles Rams	0 	0.0 	0 	0.0 	3.8 	51 	0.3 	0.0 	0.0 	0.0 	0.0 	7.0 	TE6		Kansas City Chiefs	Cincinnati Bengals	0 	0.0 	0 	0.0 	3.8 	52 	0.3 	0.0 	0.0 	0.0 	0.0 	7.2 	TE6		Kansas City Chiefs	New England Patriots	0 	0.0 	0 	0.0 	3.8 	51 	0.3 	0.0 	0.0 	0.0 	0.0 	7.1 	TE7		Kansas City Chiefs	San Francisco 49ers	0 	0.0 	0 	0.0 	3.8 	51 	0.3 	0.0 	0.0 	0.0 	0.0 	7.2 	TE6		Kansas City Chiefs	Los Angeles Chargers	0 	0.0 	0 	0.0 	3.7 	50 	0.3 	0.0 	0.0 	0.0 	0.0 	6.9 	TE8		Actual	Actual	Actual	Actual	Forecast	Forecast	Forecast	Forecast	Forecast	Forecast	Forecast	Forecast	Forecast	Forecast	Forecast	Forecast	Forecast		Healthy	Healthy	Healthy	Healthy	Healthy	Healthy	Healthy	Healthy	Healthy	Healthy	Healthy	Healthy	Healthy	Healthy	Healthy	Healthy	Healthy		Week 5 2026	10/9/2026	4:29:22 PM	16		24%	22%	0%	0%	0%	0%		(0.1)	0	0	0	0	0	(0.106847)
	Rhamondre Stevenson	New England Patriots	RB	RB26	8.4 	135 	0 	0.0 	0.0 	0.0 	657 	41.1 	5.3 	0.3 	37.4 	2.3 	319 	19.9 	1.4 	0.1 	0.0 	2.3 	0.0 	0.367 	1.000 	0.694 	0 	0.111 	0.000 	73 	61 	(12)	26 	27 	1 	0.412 				-	-	Tyrone Tracy Jr.	0.071 	RB70	Adonai Mitchell	0.162 	WR70		-	-		9.5 	2.6 	3.8 	15.4 	8.9 	9.9 	8.2 	9.5 	8.6 	8.3 	0.0 	7.9 	8.8 	8.8 	7.8 	8.9 	8.3 		RB22	RB47	RB41	RB13	RB22	RB18	RB26	RB19	RB25	RB25	-	RB31	RB23	RB25	RB30	RB26	RB27		RB27	8.6 	0.0 	0.0 	41.2 	0.4 	2.1 	19.1 	0.1 	26 	0.405 	1.000 	0.694 	0 	0.154 	0.000 	77 	0.435 		104 		-	-	Tyrone Tracy Jr.	0.093 	RB67	Adonai Mitchell	0.171 	WR69		-	-		RB27	7.8 	0.0 	0.0 	123.5 	1.1 	6.4 	57.3 	0.3 	27 	0.281 	1.000 	0.682 	0 	0.070 	0.000 	#N/A	0.377 		31.3 		-	-	Tyrone Tracy Jr.	(0)	RB80	Adonai Mitchell	12 	WR74		-	-					New England Patriots	Seattle Seahawks	0 	0.0 	51 	0.0 	5.0 	44 	0.0 	0.0 	0.0 	0.0 	0.0 	9.5 	RB22		New England Patriots	Pittsburgh Steelers	0 	0.0 	43 	0.0 	1.0 	3 	0.0 	0.0 	1.0 	0.0 	0.0 	2.6 	RB47		New England Patriots	Jacksonville Jaguars	0 	0.0 	22 	0.0 	3.0 	16 	0.0 	0.0 	0.0 	0.0 	0.0 	3.8 	RB41		New England Patriots	Buffalo Bills	0 	0.0 	47 	1.0 	3.0 	27 	0.0 	0.0 	0.0 	0.0 	1.0 	15.4 	RB13		New England Patriots	Las Vegas Raiders	0 	0.0 	39 	0.4 	2.5 	22 	0.1 	0.0 	0.1 	0.0 	0.0 	8.9 	RB22		New England Patriots	New York Jets	0 	0.0 	46 	0.4 	2.5 	23 	0.1 	0.0 	0.1 	0.0 	0.0 	9.9 	RB18		New England Patriots	Chicago Bears	0 	0.0 	39 	0.3 	2.1 	19 	0.1 	0.0 	0.1 	0.0 	0.0 	8.2 	RB26		New England Patriots	Miami Dolphins	0 	0.0 	46 	0.4 	2.0 	18 	0.1 	0.0 	0.1 	0.0 	0.0 	9.5 	RB19		New England Patriots	Green Bay Packers	0 	0.0 	41 	0.4 	2.1 	19 	0.1 	0.0 	0.1 	0.0 	0.0 	8.6 	RB25		New England Patriots	Detroit Lions	0 	0.0 	39 	0.3 	2.1 	19 	0.1 	0.0 	0.1 	0.0 	0.0 	8.3 	RB25		New England Patriots	BYE	0 	0.0 	0 	0.0 	0.0 	0 	0.0 	0.0 	0.0 	0.0 	0.0 	0.0 	-		New England Patriots	Los Angeles Chargers	0 	0.0 	38 	0.3 	2.0 	18 	0.1 	0.0 	0.1 	0.0 	0.0 	7.9 	RB31		New England Patriots	Buffalo Bills	0 	0.0 	42 	0.4 	2.1 	19 	0.1 	0.0 	0.1 	0.0 	0.0 	8.8 	RB23		New England Patriots	Minnesota Vikings	0 	0.0 	43 	0.4 	2.0 	18 	0.1 	0.0 	0.1 	0.0 	0.0 	8.8 	RB25		New England Patriots	Kansas City Chiefs	0 	0.0 	38 	0.3 	2.0 	18 	0.1 	0.0 	0.1 	0.0 	0.0 	7.8 	RB30		New England Patriots	New York Jets	0 	0.0 	44 	0.4 	2.0 	18 	0.1 	0.0 	0.1 	0.0 	0.0 	8.9 	RB26		New England Patriots	Denver Broncos	0 	0.0 	40 	0.3 	2.0 	18 	0.1 	0.0 	0.1 	0.0 	0.0 	8.3 	RB27		Actual	Actual	Actual	Actual	Forecast	Forecast	Forecast	Forecast	Forecast	Forecast	Forecast	Forecast	Forecast	Forecast	Forecast	Forecast	Forecast		Healthy	Healthy	Healthy	Healthy	Limited / Handicapped	Healthy	Healthy	Healthy	Healthy	Healthy	Healthy	Healthy	Healthy	Healthy	Healthy	Healthy	Healthy		Week 5 2026	10/9/2026	4:29:22 PM	16		8%	7%	35%	38%	0%	0%		0.1 	0	0	0	0	0	0.057635 
	A.J. Brown	New England Patriots	WR	WR34	9.1 	101 	0 	0.0 	0.0 	0.0 	0 	0.0 	0.0 	0.0 	56.3 	5.1 	713 	64.8 	4.9 	0.4 	0.0 	0.2 	0.0 	0.273 	1.000 	0.540 	1 	0.312 	0.000 	75 	25 	(50)	46 	9 	(37)	0.409 				-	-	Sean Tucker	0.065 	RB71	Michael Pittman Jr.	0.133 	WR76		-	-		2.6 	0.0 	0.0 	0.0 	0.0 	0.0 	9.5 	10.0 	10.0 	10.1 	0.0 	9.7 	10.2 	9.8 	9.6 	9.4 	9.6 		WR67	-	-	-	-	-	WR15	WR9	WR12	WR10	-	WR11	WR9	WR12	WR13	WR14	WR13		WR17	9.8 	0.0 	0.0 	0.0 	0.0 	5.3 	68.7 	0.5 	21 	0.382 	1.000 	0.790 	1 	0.434 	0.000 	36 	0.586 		98 		-	-	Sean Tucker	0.071 	RB70	Michael Pittman Jr.	0.161 	WR71		-	-		WR127	2.6 	0.0 	0.0 	0.0 	0.0 	53.3 	686.9 	4.9 	127 	0.023 	1.000 	0.000 	(1)	0.000 	0.000 	#N/A	0.003 		2.6 		-	-	Sean Tucker	7 	RB67	Michael Pittman Jr.	9 	WR84		-	-					New England Patriots	Seattle Seahawks	0 	0.0 	0 	0.0 	3.0 	26 	0.0 	0.0 	0.0 	0.0 	0.0 	2.6 	WR67		New England Patriots	Pittsburgh Steelers	0 	0.0 	0 	0.0 	0.0 	0 	0.0 	0.0 	0.0 	0.0 	0.0 	0.0 	-		New England Patriots	Jacksonville Jaguars	0 	0.0 	0 	0.0 	0.0 	0 	0.0 	0.0 	0.0 	0.0 	0.0 	0.0 	-		New England Patriots	Buffalo Bills	0 	0.0 	0 	0.0 	0.0 	0 	0.0 	0.0 	0.0 	0.0 	0.0 	0.0 	-		New England Patriots	Las Vegas Raiders	0 	0.0 	0 	0.0 	0.0 	0 	0.0 	0.0 	0.0 	0.0 	0.0 	0.0 	-		New England Patriots	New York Jets	0 	0.0 	0 	0.0 	0.0 	0 	0.0 	0.0 	0.0 	0.0 	0.0 	0.0 	-		New England Patriots	Chicago Bears	0 	0.0 	0 	0.0 	5.2 	67 	0.5 	0.0 	0.0 	0.0 	0.0 	9.5 	WR15		New England Patriots	Miami Dolphins	0 	0.0 	0 	0.0 	5.4 	69 	0.5 	0.0 	0.0 	0.0 	0.0 	10.0 	WR9		New England Patriots	Green Bay Packers	0 	0.0 	0 	0.0 	5.4 	70 	0.5 	0.0 	0.0 	0.0 	0.0 	10.0 	WR12		New England Patriots	Detroit Lions	0 	0.0 	0 	0.0 	5.5 	71 	0.5 	0.0 	0.0 	0.0 	0.0 	10.1 	WR10		New England Patriots	BYE	0 	0.0 	0 	0.0 	0.0 	0 	0.0 	0.0 	0.0 	0.0 	0.0 	0.0 	-		New England Patriots	Los Angeles Chargers	0 	0.0 	0 	0.0 	5.4 	69 	0.5 	0.0 	0.0 	0.0 	0.0 	9.7 	WR11		New England Patriots	Buffalo Bills	0 	0.0 	0 	0.0 	5.5 	71 	0.5 	0.0 	0.0 	0.0 	0.0 	10.2 	WR9		New England Patriots	Minnesota Vikings	0 	0.0 	0 	0.0 	5.3 	68 	0.5 	0.0 	0.0 	0.0 	0.0 	9.8 	WR12		New England Patriots	Kansas City Chiefs	0 	0.0 	0 	0.0 	5.3 	68 	0.5 	0.0 	0.0 	0.0 	0.0 	9.6 	WR13		New England Patriots	New York Jets	0 	0.0 	0 	0.0 	5.1 	66 	0.5 	0.0 	0.0 	0.0 	0.0 	9.4 	WR14		New England Patriots	Denver Broncos	0 	0.0 	0 	0.0 	5.3 	68 	0.5 	0.0 	0.0 	0.0 	0.0 	9.6 	WR13		Actual	Actual	Actual	Actual	Forecast	Forecast	Forecast	Forecast	Forecast	Forecast	Forecast	Forecast	Forecast	Forecast	Forecast	Forecast	Forecast		Healthy	Injured	Injured	Injured	Injured	Injured	Limited / Handicapped	Healthy	Healthy	Healthy	Healthy	Healthy	Healthy	Healthy	Healthy	Healthy	Healthy		Week 5 2026	10/9/2026	4:29:22 PM	16		30%	32%	0%	0%	0%	0%		0.6 	1	1	1	1	1	
	DJ Moore	Buffalo Bills	WR	WR32	7.4 	118 	0 	0.0 	0.0 	0.0 	5 	0.3 	0.0 	0.0 	62.8 	3.9 	864 	54.0 	5.2 	0.3 	0.0 	0.2 	0.0 	0.320 	1.000 	0.700 	0 	0.152 	0.000 	70 	49 	(21)	30 	22 	(8)	0.424 				-	-	Demond Claiborne	0.052 	RB73	Chris Bell	0.167 	WR69		-	-		16.0 	(0.1)	6.7 	1.7 	7.6 	8.0 	0.0 	8.0 	7.8 	7.6 	7.8 	8.0 	7.6 	7.7 	8.1 	7.5 	7.7 		WR8	WR110	WR34	WR66	WR24	WR20	-	WR22	WR27	WR28	WR22	WR25	WR29	WR25	WR23	WR29	WR27		WR27	7.8 	0.0 	0.0 	0.0 	0.0 	4.2 	57.1 	0.4 	27 	0.365 	1.000 	0.730 	1 	0.228 	0.000 	60 	0.475 		94 		-	-	Demond Claiborne	0.078 	RB69	Chris Bell	0.209 	WR61		-	-		WR43	8.1 	0.0 	0.0 	0.0 	0.0 	16.9 	228.6 	1.4 	43 	0.218 	1.000 	0.570 	0 	0.050 	0.000 	#N/A	0.309 		24.3 		-	-	Demond Claiborne	2 	RB71	Chris Bell	9 	WR83		-	-					Buffalo Bills	Houston Texans	0 	0.0 	0 	0.0 	5.0 	100 	1.0 	0.0 	0.0 	0.0 	0.0 	16.0 	WR8		Buffalo Bills	Detroit Lions	0 	0.0 	(1)	0.0 	0.0 	0 	0.0 	0.0 	0.0 	0.0 	0.0 	(0.1)	WR110		Buffalo Bills	Los Angeles Chargers	0 	0.0 	0 	0.0 	6.0 	67 	0.0 	0.0 	0.0 	0.0 	0.0 	6.7 	WR34		Buffalo Bills	New England Patriots	0 	0.0 	6 	0.0 	1.0 	11 	0.0 	0.0 	0.0 	0.0 	0.0 	1.7 	WR66		Buffalo Bills	Los Angeles Rams	0 	0.0 	0 	0.0 	4.1 	56 	0.3 	0.0 	0.0 	0.0 	0.0 	7.6 	WR24		Buffalo Bills	Las Vegas Raiders	0 	0.0 	0 	0.0 	4.3 	58 	0.4 	0.0 	0.0 	0.0 	0.0 	8.0 	WR20		Buffalo Bills	BYE	0 	0.0 	0 	0.0 	0.0 	0 	0.0 	0.0 	0.0 	0.0 	0.0 	0.0 	-		Buffalo Bills	Baltimore Ravens	0 	0.0 	0 	0.0 	4.3 	59 	0.4 	0.0 	0.0 	0.0 	0.0 	8.0 	WR22		Buffalo Bills	Minnesota Vikings	0 	0.0 	0 	0.0 	4.3 	58 	0.4 	0.0 	0.0 	0.0 	0.0 	7.8 	WR27		Buffalo Bills	New York Jets	0 	0.0 	0 	0.0 	4.1 	56 	0.3 	0.0 	0.0 	0.0 	0.0 	7.6 	WR28		Buffalo Bills	Miami Dolphins	0 	0.0 	0 	0.0 	4.2 	56 	0.4 	0.0 	0.0 	0.0 	0.0 	7.8 	WR22		Buffalo Bills	Kansas City Chiefs	0 	0.0 	0 	0.0 	4.3 	58 	0.4 	0.0 	0.0 	0.0 	0.0 	8.0 	WR25		Buffalo Bills	New England Patriots	0 	0.0 	0 	0.0 	4.2 	57 	0.3 	0.0 	0.0 	0.0 	0.0 	7.6 	WR29		Buffalo Bills	Green Bay Packers	0 	0.0 	0 	0.0 	4.2 	57 	0.3 	0.0 	0.0 	0.0 	0.0 	7.7 	WR25		Buffalo Bills	Chicago Bears	0 	0.0 	0 	0.0 	4.4 	59 	0.4 	0.0 	0.0 	0.0 	0.0 	8.1 	WR23		Buffalo Bills	Denver Broncos	0 	0.0 	0 	0.0 	4.1 	56 	0.3 	0.0 	0.0 	0.0 	0.0 	7.5 	WR29		Buffalo Bills	Miami Dolphins	0 	0.0 	0 	0.0 	4.2 	56 	0.4 	0.0 	0.0 	0.0 	0.0 	7.7 	WR27		Actual	Actual	Actual	Actual	Forecast	Forecast	Forecast	Forecast	Forecast	Forecast	Forecast	Forecast	Forecast	Forecast	Forecast	Forecast	Forecast		Healthy	Healthy	Healthy	Healthy	Limited / Handicapped	Healthy	Healthy	Healthy	Healthy	Healthy	Healthy	Healthy	Healthy	Healthy	Healthy	Healthy	Healthy		Week 5 2026	10/9/2026	4:29:22 PM	16		26%	26%	0%	0%	0%	0%		0.2 	0	0	0	0	0	0.165303 
	Isaiah Likely	New York Giants	TE	TE10	6.8 	109 	0 	0.0 	0.0 	0.0 	0 	0.0 	0.0 	0.0 	76.8 	4.8 	760 	47.5 	5.6 	0.4 	0.0 	0.1 	0.0 	0.297 	0.560 	0.484 	1 	0.322 	0.000 	84 	103 	19 	10 	11 	1 	0.383 				-	-	Dylan Sampson	0.038 	RB75	Xavier Hutchinson	0.148 	WR73		-	-		19.8 	3.3 	1.3 	6.6 	5.8 	6.6 	6.4 	0.0 	6.5 	6.8 	6.6 	6.6 	6.6 	6.5 	6.3 	6.8 	6.8 		TE1	TE20	TE27	TE14	TE12	TE10	TE11	-	TE12	TE10	TE9	TE12	TE9	TE11	TE11	TE10	TE10		TE11	6.5 	0.0 	0.0 	0.0 	0.0 	4.6 	47.5 	0.3 	11 	0.306 	0.560 	0.476 	1 	0.332 	0.000 	92 	0.386 		78 		-	-	Dylan Sampson	0.065 	RB71	Xavier Hutchinson	0.140 	WR75		-	-		TE9	7.8 	0.0 	0.0 	0.0 	0.0 	13.7 	142.4 	0.9 	9 	0.278 	0.560 	0.493 	1 	0.421 	0.000 	#N/A	0.428 		31.0 		-	-	Dylan Sampson	0 	RB73	Xavier Hutchinson	17 	WR63		-	-					New York Giants	Dallas Cowboys	0 	0.0 	0 	0.0 	8.0 	78 	2.0 	0.0 	0.0 	0.0 	0.0 	19.8 	TE1		New York Giants	Los Angeles Rams	0 	0.0 	0 	0.0 	5.0 	33 	0.0 	0.0 	0.0 	0.0 	0.0 	3.3 	TE20		New York Giants	Tennessee Titans	0 	0.0 	0 	0.0 	2.0 	13 	0.0 	0.0 	0.0 	0.0 	0.0 	1.3 	TE27		New York Giants	Arizona Cardinals	0 	0.0 	0 	0.0 	7.0 	66 	0.0 	0.0 	0.0 	0.0 	0.0 	6.6 	TE14		New York Giants	Washington Commanders	0 	0.0 	0 	0.0 	4.2 	43 	0.3 	0.0 	0.0 	0.0 	0.0 	5.8 	TE12		New York Giants	New Orleans Saints	0 	0.0 	0 	0.0 	4.6 	47 	0.3 	0.0 	0.0 	0.0 	0.0 	6.6 	TE10		New York Giants	Houston Texans	0 	0.0 	0 	0.0 	4.5 	47 	0.3 	0.0 	0.0 	0.0 	0.0 	6.4 	TE11		New York Giants	BYE	0 	0.0 	0 	0.0 	0.0 	0 	0.0 	0.0 	0.0 	0.0 	0.0 	0.0 	-		New York Giants	Philadelphia Eagles	0 	0.0 	0 	0.0 	4.6 	48 	0.3 	0.0 	0.0 	0.0 	0.0 	6.5 	TE12		New York Giants	Washington Commanders	0 	0.0 	0 	0.0 	4.6 	48 	0.3 	0.0 	0.0 	0.0 	0.0 	6.8 	TE10		New York Giants	Jacksonville Jaguars	0 	0.0 	0 	0.0 	4.6 	48 	0.3 	0.0 	0.0 	0.0 	0.0 	6.6 	TE9		New York Giants	Indianapolis Colts	0 	0.0 	0 	0.0 	4.6 	48 	0.3 	0.0 	0.0 	0.0 	0.0 	6.6 	TE12		New York Giants	San Francisco 49ers	0 	0.0 	0 	0.0 	4.6 	48 	0.3 	0.0 	0.0 	0.0 	0.0 	6.6 	TE9		New York Giants	Seattle Seahawks	0 	0.0 	0 	0.0 	4.7 	48 	0.3 	0.0 	0.0 	0.0 	0.0 	6.5 	TE11		New York Giants	Cleveland Browns	0 	0.0 	0 	0.0 	4.4 	46 	0.3 	0.0 	0.0 	0.0 	0.0 	6.3 	TE11		New York Giants	Detroit Lions	0 	0.0 	0 	0.0 	4.7 	49 	0.3 	0.0 	0.0 	0.0 	0.0 	6.8 	TE10		New York Giants	Dallas Cowboys	0 	0.0 	0 	0.0 	4.7 	49 	0.3 	0.0 	0.0 	0.0 	0.0 	6.8 	TE10		Actual	Actual	Actual	Actual	Forecast	Forecast	Forecast	Forecast	Forecast	Forecast	Forecast	Forecast	Forecast	Forecast	Forecast	Forecast	Forecast		Healthy	Healthy	Healthy	Healthy	Limited / Handicapped	Healthy	Healthy	Healthy	Healthy	Healthy	Healthy	Healthy	Healthy	Healthy	Healthy	Healthy	Healthy		Week 5 2026	10/9/2026	4:29:22 PM	16		23%	22%	0%	0%	0%	0%		(0.0)	0	0	0	0	0	(0.042615)
	Luther Burden III	Chicago Bears	WR	WR35	7.1 	113 	0 	0.0 	0.0 	0.0 	55 	3.4 	0.0 	0.0 	67.6 	4.2 	793 	49.5 	5.1 	0.3 	0.0 	1.1 	0.0 	0.308 	1.000 	0.670 	0 	0.126 	0.000 	80 	40 	(40)	33 	16 	(17)	0.398 				-	-	De'Von Achane	0.044 	RB74	Isaiah Williams	0.142 	WR74		-	-		4.5 	3.2 	12.8 	7.4 	6.9 	7.0 	7.0 	6.9 	7.3 	0.0 	7.0 	7.3 	7.2 	7.1 	7.3 	7.0 	7.2 		WR44	WR54	WR15	WR36	WR32	WR32	WR32	WR34	WR34	-	WR27	WR35	WR33	WR32	WR35	WR39	WR35		WR35	7.1 	0.0 	0.0 	2.9 	0.0 	4.1 	47.8 	0.3 	35 	0.332 	1.000 	0.650 	0 	0.158 	0.000 	86 	0.406 		85 		-	-	De'Von Achane	0.008 	RB79	Isaiah Williams	0.123 	WR78		-	-		WR31	7.0 	0.0 	0.0 	8.8 	0.0 	12.2 	143.4 	1.0 	31 	0.250 	1.000 	0.690 	0 	0.107 	0.000 	#N/A	0.391 		27.9 		-	-	De'Von Achane	18 	RB45	Isaiah Williams	21 	WR51		-	-					Chicago Bears	Carolina Panthers	0 	0.0 	2 	0.0 	5.0 	63 	0.0 	0.0 	1.0 	0.0 	0.0 	4.5 	WR44		Chicago Bears	Minnesota Vikings	0 	0.0 	0 	0.0 	3.0 	32 	0.0 	0.0 	0.0 	0.0 	0.0 	3.2 	WR54		Chicago Bears	Philadelphia Eagles	0 	0.0 	7 	0.0 	7.0 	61 	1.0 	0.0 	0.0 	0.0 	0.0 	12.8 	WR15		Chicago Bears	New York Jets	0 	0.0 	11 	0.0 	4.0 	63 	0.0 	0.0 	0.0 	0.0 	0.0 	7.4 	WR36		Chicago Bears	Green Bay Packers	0 	0.0 	3 	0.0 	4.0 	47 	0.3 	0.0 	0.0 	0.0 	0.0 	6.9 	WR32		Chicago Bears	Atlanta Falcons	0 	0.0 	3 	0.0 	4.0 	47 	0.3 	0.0 	0.0 	0.0 	0.0 	7.0 	WR32		Chicago Bears	New England Patriots	0 	0.0 	3 	0.0 	4.0 	47 	0.3 	0.0 	0.0 	0.0 	0.0 	7.0 	WR32		Chicago Bears	Seattle Seahawks	0 	0.0 	3 	0.0 	4.0 	47 	0.3 	0.0 	0.0 	0.0 	0.0 	6.9 	WR34		Chicago Bears	Tampa Bay Buccaneers	0 	0.0 	3 	0.0 	4.1 	49 	0.4 	0.0 	0.0 	0.0 	0.0 	7.3 	WR34		Chicago Bears	BYE	0 	0.0 	0 	0.0 	0.0 	0 	0.0 	0.0 	0.0 	0.0 	0.0 	0.0 	-		Chicago Bears	New Orleans Saints	0 	0.0 	3 	0.0 	3.9 	46 	0.3 	0.0 	0.0 	0.0 	0.0 	7.0 	WR27		Chicago Bears	Detroit Lions	0 	0.0 	3 	0.0 	4.2 	49 	0.4 	0.0 	0.0 	0.0 	0.0 	7.3 	WR35		Chicago Bears	Jacksonville Jaguars	0 	0.0 	3 	0.0 	4.1 	48 	0.3 	0.0 	0.0 	0.0 	0.0 	7.2 	WR33		Chicago Bears	Miami Dolphins	0 	0.0 	3 	0.0 	4.0 	47 	0.4 	0.0 	0.0 	0.0 	0.0 	7.1 	WR32		Chicago Bears	Buffalo Bills	0 	0.0 	3 	0.0 	4.2 	49 	0.3 	0.0 	0.0 	0.0 	0.0 	7.3 	WR35		Chicago Bears	Green Bay Packers	0 	0.0 	3 	0.0 	4.0 	47 	0.3 	0.0 	0.0 	0.0 	0.0 	7.0 	WR39		Chicago Bears	Detroit Lions	0 	0.0 	3 	0.0 	4.1 	48 	0.4 	0.0 	0.0 	0.0 	0.0 	7.2 	WR35		Actual	Actual	Actual	Actual	Forecast	Forecast	Forecast	Forecast	Forecast	Forecast	Forecast	Forecast	Forecast	Forecast	Forecast	Forecast	Forecast		Healthy	Healthy	Healthy	Healthy	Healthy	Healthy	Healthy	Healthy	Healthy	Healthy	Healthy	Healthy	Healthy	Healthy	Healthy	Healthy	Healthy		Week 5 2026	10/9/2026	4:29:22 PM	16		23%	22%	2%	0%	0%	0%		0.0 	0	0	0	0	0	0.014761 
	Bryce Young	Carolina Panthers	QB	QB9	17.3 	276 	3,968 	248.0 	26.7 	1.7 	195 	12.2 	2.0 	0.1 	0.0 	0.0 	0 	0.0 	0.0 	0.0 	9.7 	0.9 	0.0 	0.750 	0.460 	0.406 	1 	0.365 	0.000 	83 	204 	121 	7 	27 	20 	0.386 				-	-	Nicholas Singleton	0.031 	RB76	Marvin Harrison Jr.	0.157 	WR71		-	-		31.4 	24.1 	13.6 	21.5 	0.0 	15.0 	15.8 	14.9 	15.0 	15.6 	15.9 	15.6 	15.1 	16.4 	16.4 	14.9 	14.8 		QB3	QB7	QB22	QB6	-	QB17	QB16	QB21	QB25	QB15	QB17	QB21	QB23	QB12	QB14	QB25	QB23		QB24	15.5 	225.0 	1.5 	14.7 	0.1 	0.0 	0.0 	0.0 	23 	0.723 	0.460 	0.213 	1 	0.400 	0.000 	123 	0.301 		185 		-	-	Nicholas Singleton	0.033 	RB76	Marvin Harrison Jr.	0.146 	WR74		-	-		QB3	22.7 	674.9 	4.4 	44.0 	0.3 	0.0 	0.0 	0.0 	3 	0.813 	0.460 	0.441 	1 	0.674 	0.000 	#N/A	0.551 		90.6 		-	-	Nicholas Singleton	1 	RB72	Marvin Harrison Jr.	15 	WR70		-	-					Carolina Panthers	Chicago Bears	361 	3.0 	10 	1.0 	0.0 	0 	0.0 	1.0 	0.0 	0.0 	0.0 	31.4 	QB3		Carolina Panthers	Atlanta Falcons	287 	3.0 	6 	0.0 	0.0 	0 	0.0 	0.0 	0.0 	0.0 	0.0 	24.1 	QB7		Carolina Panthers	Cleveland Browns	291 	1.0 	0 	0.0 	0.0 	0 	0.0 	1.0 	0.0 	0.0 	0.0 	13.6 	QB22		Carolina Panthers	Detroit Lions	329 	2.0 	3 	0.0 	0.0 	0 	0.0 	0.0 	0.0 	0.0 	0.0 	21.5 	QB6		Carolina Panthers	BYE	0 	0.0 	0 	0.0 	0.0 	0 	0.0 	0.0 	0.0 	0.0 	0.0 	0.0 	-		Carolina Panthers	Philadelphia Eagles	222 	1.5 	13 	0.1 	0.0 	0 	0.0 	0.6 	0.1 	0.0 	0.0 	15.0 	QB17		Carolina Panthers	Tampa Bay Buccaneers	228 	1.6 	13 	0.1 	0.0 	0 	0.0 	0.6 	0.1 	0.0 	0.0 	15.8 	QB16		Carolina Panthers	Green Bay Packers	227 	1.4 	11 	0.1 	0.0 	0 	0.0 	0.6 	0.1 	0.0 	0.0 	14.9 	QB21		Carolina Panthers	Denver Broncos	219 	1.4 	16 	0.1 	0.0 	0 	0.0 	0.6 	0.1 	0.0 	0.0 	15.0 	QB25		Carolina Panthers	New Orleans Saints	224 	1.5 	16 	0.1 	0.0 	0 	0.0 	0.6 	0.1 	0.0 	0.0 	15.6 	QB15		Carolina Panthers	Baltimore Ravens	229 	1.5 	15 	0.1 	0.0 	0 	0.0 	0.6 	0.1 	0.0 	0.0 	15.9 	QB17		Carolina Panthers	Tampa Bay Buccaneers	227 	1.5 	15 	0.1 	0.0 	0 	0.0 	0.6 	0.1 	0.0 	0.0 	15.6 	QB21		Carolina Panthers	Minnesota Vikings	223 	1.4 	15 	0.1 	0.0 	0 	0.0 	0.6 	0.1 	0.0 	0.0 	15.1 	QB23		Carolina Panthers	New Orleans Saints	226 	1.6 	17 	0.1 	0.0 	0 	0.0 	0.6 	0.1 	0.0 	0.0 	16.4 	QB12		Carolina Panthers	Cincinnati Bengals	230 	1.6 	16 	0.1 	0.0 	0 	0.0 	0.6 	0.1 	0.0 	0.0 	16.4 	QB14		Carolina Panthers	Pittsburgh Steelers	221 	1.4 	15 	0.1 	0.0 	0 	0.0 	0.6 	0.1 	0.0 	0.0 	14.9 	QB25		Carolina Panthers	Seattle Seahawks	224 	1.4 	14 	0.1 	0.0 	0 	0.0 	0.6 	0.1 	0.0 	0.0 	14.8 	QB23		Actual	Actual	Actual	Actual	Forecast	Forecast	Forecast	Forecast	Forecast	Forecast	Forecast	Forecast	Forecast	Forecast	Forecast	Forecast	Forecast		Healthy	Healthy	Healthy	Healthy	Healthy	Healthy	Healthy	Healthy	Healthy	Healthy	Healthy	Healthy	Healthy	Healthy	Healthy	Healthy	Healthy		Week 5 2026	10/9/2026	4:29:22 PM	16		0%	0%	15%	13%	99%	99%		(0.2)	0	0	0	0	0	(0.249641)
	TreVeyon Henderson	New England Patriots	RB	RB27	8.7 	130 	0 	0.0 	0.0 	0.0 	679 	45.3 	5.3 	0.4 	36.1 	2.4 	227 	15.1 	1.7 	0.1 	0.0 	1.4 	0.0 	0.353 	1.000 	0.669 	0 	0.129 	0.000 	77 	48 	(29)	28 	22 	(6)	0.406 				-	-	Isiah Pacheco	0.025 	RB77	Alec Pierce	0.138 	WR75		-	-		0.0 	13.6 	2.9 	4.2 	9.2 	9.8 	8.6 	10.1 	9.1 	8.8 	0.0 	8.4 	9.3 	9.3 	8.3 	9.4 	8.8 		-	RB9	RB44	RB43	RB21	RB19	RB22	RB17	RB21	RB22	-	RB28	RB21	RB22	RB27	RB24	RB25		RB23	9.1 	0.0 	0.0 	44.9 	0.4 	2.9 	18.4 	0.1 	23 	0.426 	1.000 	0.731 	0 	0.193 	0.000 	62 	0.470 		109 		-	-	Isiah Pacheco	0.045 	RB74	Alec Pierce	0.185 	WR66		-	-		RB37	6.9 	0.0 	0.0 	179.5 	1.4 	11.7 	73.7 	0.6 	37 	0.186 	1.000 	0.557 	(0)	0.000 	0.000 	#N/A	0.278 		20.7 		-	-	Isiah Pacheco	0 	RB73	Alec Pierce	7 	WR86		-	-					New England Patriots	Seattle Seahawks	0 	0.0 	0 	0.0 	0.0 	0 	0.0 	0.0 	0.0 	0.0 	0.0 	0.0 	-		New England Patriots	Pittsburgh Steelers	0 	0.0 	76 	1.0 	0.0 	0 	0.0 	0.0 	0.0 	0.0 	0.0 	13.6 	RB9		New England Patriots	Jacksonville Jaguars	0 	0.0 	23 	0.0 	1.0 	6 	0.0 	0.0 	0.0 	0.0 	0.0 	2.9 	RB44		New England Patriots	Buffalo Bills	0 	0.0 	42 	0.0 	0.0 	0 	0.0 	0.0 	0.0 	0.0 	0.0 	4.2 	RB43		New England Patriots	Las Vegas Raiders	0 	0.0 	45 	0.4 	3.0 	19 	0.1 	0.0 	0.1 	0.0 	0.0 	9.2 	RB21		New England Patriots	New York Jets	0 	0.0 	49 	0.4 	2.9 	18 	0.1 	0.0 	0.1 	0.0 	0.0 	9.8 	RB19		New England Patriots	Chicago Bears	0 	0.0 	42 	0.3 	3.0 	19 	0.1 	0.0 	0.1 	0.0 	0.0 	8.6 	RB22		New England Patriots	Miami Dolphins	0 	0.0 	50 	0.4 	2.9 	18 	0.1 	0.0 	0.1 	0.0 	0.0 	10.1 	RB17		New England Patriots	Green Bay Packers	0 	0.0 	45 	0.4 	3.0 	19 	0.1 	0.0 	0.1 	0.0 	0.0 	9.1 	RB21		New England Patriots	Detroit Lions	0 	0.0 	42 	0.3 	3.0 	19 	0.1 	0.0 	0.1 	0.0 	0.0 	8.8 	RB22		New England Patriots	BYE	0 	0.0 	0 	0.0 	0.0 	0 	0.0 	0.0 	0.0 	0.0 	0.0 	0.0 	-		New England Patriots	Los Angeles Chargers	0 	0.0 	41 	0.3 	2.9 	18 	0.1 	0.0 	0.1 	0.0 	0.0 	8.4 	RB28		New England Patriots	Buffalo Bills	0 	0.0 	45 	0.4 	3.0 	19 	0.1 	0.0 	0.1 	0.0 	0.0 	9.3 	RB21		New England Patriots	Minnesota Vikings	0 	0.0 	47 	0.4 	2.9 	18 	0.1 	0.0 	0.1 	0.0 	0.0 	9.3 	RB22		New England Patriots	Kansas City Chiefs	0 	0.0 	41 	0.3 	2.9 	18 	0.1 	0.0 	0.1 	0.0 	0.0 	8.3 	RB27		New England Patriots	New York Jets	0 	0.0 	48 	0.4 	2.8 	18 	0.1 	0.0 	0.1 	0.0 	0.0 	9.4 	RB24		New England Patriots	Denver Broncos	0 	0.0 	43 	0.3 	2.9 	18 	0.1 	0.0 	0.1 	0.0 	0.0 	8.8 	RB25		Actual	Actual	Actual	Actual	Forecast	Forecast	Forecast	Forecast	Forecast	Forecast	Forecast	Forecast	Forecast	Forecast	Forecast	Forecast	Forecast		Injured	Healthy	Healthy	Healthy	Healthy	Healthy	Healthy	Healthy	Healthy	Healthy	Healthy	Healthy	Healthy	Healthy	Healthy	Healthy	Healthy		Week 5 2026	10/9/2026	4:29:22 PM	16		8%	9%	38%	38%	0%	0%		0.2 	0	0	0	0	0	0.191611 
	Kyle Monangai	Chicago Bears	RB	RB24	9.1 	136 	0 	0.0 	0.0 	0.0 	839 	55.9 	6.0 	0.4 	15.1 	1.0 	131 	8.7 	0.9 	0.1 	0.0 	1.1 	0.0 	0.370 	1.000 	0.706 	0 	0.161 	0.000 	63 	76 	13 	25 	32 	7 	0.438 				-	-	Adam Randall	0.016 	RB78	Makai Lemon	0.115 	WR79		-	-		18.4 	5.8 	3.1 	27.0 	0.0 	7.4 	7.4 	6.5 	7.7 	0.0 	8.2 	7.3 	7.5 	7.9 	6.9 	7.4 	7.6 		RB11	RB31	RB43	RB2	-	RB28	RB29	RB31	RB30	-	RB24	RB33	RB29	RB29	RB35	RB32	RB32		RB34	7.4 	0.0 	0.0 	46.8 	0.3 	0.9 	8.3 	0.1 	34 	0.319 	1.000 	0.594 	0 	0.049 	0.000 	109 	0.335 		82 		-	-	Adam Randall	0.022 	RB77	Makai Lemon	0.134 	WR76		-	-		RB12	13.6 	0.0 	0.0 	128.7 	0.8 	2.5 	22.9 	0.2 	12 	0.487 	1.000 	0.864 	1 	0.390 	0.000 	#N/A	0.618 		54.3 		-	-	Adam Randall	0 	RB73	Makai Lemon	6 	WR88		-	-					Chicago Bears	Carolina Panthers	0 	0.0 	100 	1.0 	2.0 	24 	0.0 	0.0 	0.0 	0.0 	0.0 	18.4 	RB11		Chicago Bears	Minnesota Vikings	0 	0.0 	47 	0.0 	2.0 	11 	0.0 	0.0 	0.0 	0.0 	0.0 	5.8 	RB31		Chicago Bears	Philadelphia Eagles	0 	0.0 	31 	0.0 	0.0 	0 	0.0 	0.0 	0.0 	0.0 	0.0 	3.1 	RB43		Chicago Bears	New York Jets	0 	0.0 	146 	2.0 	1.0 	4 	0.0 	0.0 	0.0 	0.0 	0.0 	27.0 	RB2		Chicago Bears	Green Bay Packers	0 	0.0 	0 	0.0 	0.0 	0 	0.0 	0.0 	0.0 	0.0 	0.0 	0.0 	-		Chicago Bears	Atlanta Falcons	0 	0.0 	47 	0.3 	0.9 	8 	0.1 	0.0 	0.1 	0.0 	0.0 	7.4 	RB28		Chicago Bears	New England Patriots	0 	0.0 	47 	0.3 	0.9 	8 	0.1 	0.0 	0.1 	0.0 	0.0 	7.4 	RB29		Chicago Bears	Seattle Seahawks	0 	0.0 	41 	0.2 	0.9 	8 	0.1 	0.0 	0.1 	0.0 	0.0 	6.5 	RB31		Chicago Bears	Tampa Bay Buccaneers	0 	0.0 	48 	0.3 	0.9 	8 	0.1 	0.0 	0.1 	0.0 	0.0 	7.7 	RB30		Chicago Bears	BYE	0 	0.0 	0 	0.0 	0.0 	0 	0.0 	0.0 	0.0 	0.0 	0.0 	0.0 	-		Chicago Bears	New Orleans Saints	0 	0.0 	52 	0.3 	0.9 	8 	0.1 	0.0 	0.1 	0.0 	0.0 	8.2 	RB24		Chicago Bears	Detroit Lions	0 	0.0 	45 	0.3 	0.9 	9 	0.1 	0.0 	0.1 	0.0 	0.0 	7.3 	RB33		Chicago Bears	Jacksonville Jaguars	0 	0.0 	47 	0.3 	0.9 	8 	0.1 	0.0 	0.1 	0.0 	0.0 	7.5 	RB29		Chicago Bears	Miami Dolphins	0 	0.0 	50 	0.3 	0.9 	8 	0.1 	0.0 	0.1 	0.0 	0.0 	7.9 	RB29		Chicago Bears	Buffalo Bills	0 	0.0 	43 	0.2 	0.9 	9 	0.1 	0.0 	0.1 	0.0 	0.0 	6.9 	RB35		Chicago Bears	Green Bay Packers	0 	0.0 	47 	0.3 	0.9 	8 	0.1 	0.0 	0.1 	0.0 	0.0 	7.4 	RB32		Chicago Bears	Detroit Lions	0 	0.0 	48 	0.3 	0.9 	8 	0.1 	0.0 	0.1 	0.0 	0.0 	7.6 	RB32		Actual	Actual	Actual	Actual	Forecast	Forecast	Forecast	Forecast	Forecast	Forecast	Forecast	Forecast	Forecast	Forecast	Forecast	Forecast	Forecast		Healthy	Healthy	Healthy	Healthy	Injured	Healthy	Healthy	Healthy	Healthy	Healthy	Healthy	Healthy	Healthy	Healthy	Healthy	Healthy	Healthy		Week 5 2026	10/9/2026	4:29:22 PM	16		4%	5%	32%	26%	0%	0%		(0.3)	0	0	0	1	0	
	Tony Pollard	Tennessee Titans	RB	RB25	8.6 	138 	0 	0.0 	0.0 	0.0 	921 	57.5 	6.2 	0.4 	22.8 	1.4 	105 	6.6 	0.3 	0.0 	0.0 	2.1 	0.0 	0.374 	1.000 	0.719 	0 	0.125 	0.000 	67 	71 	4 	24 	31 	7 	0.429 				-	-	James Conner	0.009 	RB79	Jordyn Tyson	0.111 	WR80		-	-		3.4 	6.5 	9.6 	11.0 	7.4 	8.2 	9.9 	8.8 	0.0 	9.5 	8.7 	8.4 	9.8 	8.1 	9.9 	9.3 	9.3 		RB46	RB29	RB20	RB22	RB28	RB24	RB20	RB22	-	RB19	RB21	RB29	RB19	RB27	RB23	RB25	RB23		RB24	8.9 	0.0 	0.0 	58.3 	0.4 	1.2 	6.8 	0.0 	24 	0.418 	1.000 	0.719 	0 	0.179 	0.000 	68 	0.458 		107 		-	-	James Conner	0.016 	RB78	Jordyn Tyson	0.159 	WR72		-	-		RB28	7.6 	0.0 	0.0 	174.9 	1.3 	3.7 	20.3 	0.1 	28 	0.274 	1.000 	0.669 	0 	0.059 	0.000 	#N/A	0.366 		30.5 		-	-	James Conner	0 	RB73	Jordyn Tyson	0 	WR103		-	-					Tennessee Titans	New York Jets	0 	0.0 	35 	0.0 	1.0 	(1)	0.0 	0.0 	0.0 	0.0 	0.0 	3.4 	RB46		Tennessee Titans	Philadelphia Eagles	0 	0.0 	64 	0.0 	1.0 	1 	0.0 	0.0 	0.0 	0.0 	0.0 	6.5 	RB29		Tennessee Titans	New York Giants	0 	0.0 	74 	0.0 	4.0 	22 	0.0 	0.0 	0.0 	0.0 	0.0 	9.6 	RB20		Tennessee Titans	Baltimore Ravens	0 	0.0 	48 	1.0 	2.0 	2 	0.0 	0.0 	0.0 	0.0 	0.0 	11.0 	RB22		Tennessee Titans	Houston Texans	0 	0.0 	51 	0.3 	1.2 	6 	0.0 	0.0 	0.2 	0.0 	0.0 	7.4 	RB28		Tennessee Titans	Indianapolis Colts	0 	0.0 	54 	0.4 	1.2 	7 	0.0 	0.0 	0.2 	0.0 	0.0 	8.2 	RB24		Tennessee Titans	Cleveland Browns	0 	0.0 	65 	0.5 	1.2 	7 	0.0 	0.0 	0.2 	0.0 	0.0 	9.9 	RB20		Tennessee Titans	Cincinnati Bengals	0 	0.0 	56 	0.4 	1.3 	7 	0.0 	0.0 	0.2 	0.0 	0.0 	8.8 	RB22		Tennessee Titans	BYE	0 	0.0 	0 	0.0 	0.0 	0 	0.0 	0.0 	0.0 	0.0 	0.0 	0.0 	-		Tennessee Titans	Jacksonville Jaguars	0 	0.0 	62 	0.5 	1.2 	7 	0.0 	0.0 	0.2 	0.0 	0.0 	9.5 	RB19		Tennessee Titans	Dallas Cowboys	0 	0.0 	56 	0.4 	1.3 	7 	0.0 	0.0 	0.2 	0.0 	0.0 	8.7 	RB21		Tennessee Titans	Jacksonville Jaguars	0 	0.0 	55 	0.4 	1.2 	7 	0.0 	0.0 	0.2 	0.0 	0.0 	8.4 	RB29		Tennessee Titans	Washington Commanders	0 	0.0 	63 	0.5 	1.2 	7 	0.0 	0.0 	0.2 	0.0 	0.0 	9.8 	RB19		Tennessee Titans	Detroit Lions	0 	0.0 	52 	0.4 	1.3 	7 	0.0 	0.0 	0.2 	0.0 	0.0 	8.1 	RB27		Tennessee Titans	Indianapolis Colts	0 	0.0 	64 	0.5 	1.3 	7 	0.0 	0.0 	0.2 	0.0 	0.0 	9.9 	RB23		Tennessee Titans	Las Vegas Raiders	0 	0.0 	61 	0.5 	1.2 	7 	0.0 	0.0 	0.2 	0.0 	0.0 	9.3 	RB25		Tennessee Titans	Pittsburgh Steelers	0 	0.0 	61 	0.5 	1.2 	7 	0.0 	0.0 	0.2 	0.0 	0.0 	9.3 	RB23		Actual	Actual	Actual	Actual	Forecast	Forecast	Forecast	Forecast	Forecast	Forecast	Forecast	Forecast	Forecast	Forecast	Forecast	Forecast	Forecast		Healthy	Healthy	Healthy	Healthy	Healthy	Healthy	Healthy	Healthy	Healthy	Healthy	Healthy	Healthy	Healthy	Healthy	Healthy	Healthy	Healthy		Week 5 2026	10/9/2026	4:29:22 PM	16		3%	2%	56%	58%	0%	0%		0.1 	0	0	0	0	0	0.091941 
	DK Metcalf	Pittsburgh Steelers	WR	WR36	7.0 	113 	0 	0.0 	0.0 	0.0 	0 	0.0 	0.0 	0.0 	62.1 	3.9 	790 	49.4 	5.6 	0.4 	0.0 	0.1 	0.0 	0.306 	1.000 	0.650 	0 	0.122 	0.000 	81 	81 	0 	35 	34 	(1)	0.387 				-	-	Malik Davis	0.002 	RB80	Rashid Shaheed	0.125 	WR77		-	-		4.0 	2.7 	9.1 	11.5 	7.4 	7.0 	7.2 	7.0 	0.0 	7.4 	6.9 	6.7 	6.9 	7.1 	7.3 	7.2 	7.1 		WR48	WR58	WR27	WR15	WR25	WR33	WR30	WR32	-	WR31	WR30	WR40	WR35	WR35	WR34	WR35	WR36		WR36	7.1 	0.0 	0.0 	0.0 	0.0 	3.8 	48.1 	0.4 	36 	0.332 	1.000 	0.640 	0 	0.157 	0.000 	88 	0.401 		85 		-	-	Malik Davis	0.008 	RB79	Rashid Shaheed	0.102 	WR82		-	-		WR34	6.8 	0.0 	0.0 	0.0 	0.0 	11.5 	144.2 	1.2 	34 	0.245 	1.000 	0.660 	0 	0.097 	0.000 	#N/A	0.373 		27.3 		-	-	Malik Davis	0 	RB73	Rashid Shaheed	17 	WR64		-	-					Pittsburgh Steelers	Atlanta Falcons	0 	0.0 	0 	0.0 	4.0 	40 	0.0 	0.0 	0.0 	0.0 	0.0 	4.0 	WR48		Pittsburgh Steelers	New England Patriots	0 	0.0 	0 	0.0 	4.0 	27 	0.0 	0.0 	0.0 	0.0 	0.0 	2.7 	WR58		Pittsburgh Steelers	Cincinnati Bengals	0 	0.0 	0 	0.0 	3.0 	31 	1.0 	0.0 	0.0 	0.0 	0.0 	9.1 	WR27		Pittsburgh Steelers	Cleveland Browns	0 	0.0 	0 	0.0 	5.0 	115 	0.0 	0.0 	0.0 	0.0 	0.0 	11.5 	WR15		Pittsburgh Steelers	Indianapolis Colts	0 	0.0 	0 	0.0 	3.9 	49 	0.4 	0.0 	0.0 	0.0 	0.0 	7.4 	WR25		Pittsburgh Steelers	Tampa Bay Buccaneers	0 	0.0 	0 	0.0 	3.8 	47 	0.4 	0.0 	0.0 	0.0 	0.0 	7.0 	WR33		Pittsburgh Steelers	New Orleans Saints	0 	0.0 	0 	0.0 	3.9 	48 	0.4 	0.0 	0.0 	0.0 	0.0 	7.2 	WR30		Pittsburgh Steelers	Cleveland Browns	0 	0.0 	0 	0.0 	3.7 	46 	0.4 	0.0 	0.0 	0.0 	0.0 	7.0 	WR32		Pittsburgh Steelers	BYE	0 	0.0 	0 	0.0 	0.0 	0 	0.0 	0.0 	0.0 	0.0 	0.0 	0.0 	-		Pittsburgh Steelers	Cincinnati Bengals	0 	0.0 	0 	0.0 	4.0 	50 	0.4 	0.0 	0.0 	0.0 	0.0 	7.4 	WR31		Pittsburgh Steelers	Philadelphia Eagles	0 	0.0 	0 	0.0 	3.9 	48 	0.4 	0.0 	0.0 	0.0 	0.0 	6.9 	WR30		Pittsburgh Steelers	Denver Broncos	0 	0.0 	0 	0.0 	3.7 	47 	0.3 	0.0 	0.0 	0.0 	0.0 	6.7 	WR40		Pittsburgh Steelers	Houston Texans	0 	0.0 	0 	0.0 	3.8 	47 	0.4 	0.0 	0.0 	0.0 	0.0 	6.9 	WR35		Pittsburgh Steelers	Jacksonville Jaguars	0 	0.0 	0 	0.0 	3.8 	48 	0.4 	0.0 	0.0 	0.0 	0.0 	7.1 	WR35		Pittsburgh Steelers	Baltimore Ravens	0 	0.0 	0 	0.0 	3.9 	49 	0.4 	0.0 	0.0 	0.0 	0.0 	7.3 	WR34		Pittsburgh Steelers	Carolina Panthers	0 	0.0 	0 	0.0 	3.9 	48 	0.4 	0.0 	0.0 	0.0 	0.0 	7.2 	WR35		Pittsburgh Steelers	Tennessee Titans	0 	0.0 	0 	0.0 	3.8 	48 	0.4 	0.0 	0.0 	0.0 	0.0 	7.1 	WR36		Actual	Actual	Actual	Actual	Forecast	Forecast	Forecast	Forecast	Forecast	Forecast	Forecast	Forecast	Forecast	Forecast	Forecast	Forecast	Forecast		Healthy	Healthy	Healthy	Healthy	Healthy	Healthy	Healthy	Healthy	Healthy	Healthy	Healthy	Healthy	Healthy	Healthy	Healthy	Healthy	Healthy		Week 5 2026	10/9/2026	4:29:22 PM	16		21%	24%	0%	0%	0%	0%		0.0 	0	0	0	0	0	0.028134 
	Terry McLaurin	Washington Commanders	WR	WR33	7.5 	113 	0 	0.0 	0.0 	0.0 	0 	0.0 	0.0 	0.0 	56.0 	3.7 	808 	53.9 	5.4 	0.4 	0.0 	0.2 	0.0 	0.307 	1.000 	0.660 	1 	0.166 	0.000 	74 	58 	(16)	34 	26 	(8)	0.410 				-	-	Austin Ekeler	0.201 	RB50	Dohnte Meyers	0.106 	WR81		-	-		1.4 	5.0 	13.7 	0.0 	7.2 	8.0 	0.0 	7.6 	8.0 	7.7 	8.2 	7.9 	7.7 	7.4 	7.9 	7.5 	7.8 		WR80	WR34	WR13	-	WR27	WR21	-	WR25	WR22	WR27	WR15	WR28	WR28	WR29	WR27	WR30	WR25		WR30	7.7 	0.0 	0.0 	0.0 	0.0 	3.8 	55.6 	0.4 	30 	0.362 	1.000 	0.700 	1 	0.222 	0.000 	67 	0.458 		93 		-	-	Austin Ekeler	0.227 	RB47	Dohnte Meyers	0.111 	WR80		-	-		WR58	6.7 	0.0 	0.0 	0.0 	0.0 	15.3 	222.4 	1.5 	58 	0.180 	1.000 	0.420 	(0)	0.000 	0.000 	#N/A	0.216 		20.1 		-	-	Austin Ekeler	4 	RB69	Dohnte Meyers	14 	WR72		-	-					Washington Commanders	Philadelphia Eagles	0 	0.0 	0 	0.0 	2.0 	14 	0.0 	0.0 	0.0 	0.0 	0.0 	1.4 	WR80		Washington Commanders	Dallas Cowboys	0 	0.0 	0 	0.0 	2.0 	50 	0.0 	0.0 	0.0 	0.0 	0.0 	5.0 	WR34		Washington Commanders	Seattle Seahawks	0 	0.0 	0 	0.0 	6.0 	77 	1.0 	0.0 	0.0 	0.0 	0.0 	13.7 	WR13		Washington Commanders	Indianapolis Colts	0 	0.0 	0 	0.0 	0.0 	0 	0.0 	0.0 	0.0 	0.0 	0.0 	0.0 	-		Washington Commanders	New York Giants	0 	0.0 	0 	0.0 	3.6 	52 	0.3 	0.0 	0.0 	0.0 	0.0 	7.2 	WR27		Washington Commanders	San Francisco 49ers	0 	0.0 	0 	0.0 	4.0 	58 	0.4 	0.0 	0.0 	0.0 	0.0 	8.0 	WR21		Washington Commanders	BYE	0 	0.0 	0 	0.0 	0.0 	0 	0.0 	0.0 	0.0 	0.0 	0.0 	0.0 	-		Washington Commanders	Philadelphia Eagles	0 	0.0 	0 	0.0 	3.8 	55 	0.4 	0.0 	0.0 	0.0 	0.0 	7.6 	WR25		Washington Commanders	Los Angeles Rams	0 	0.0 	0 	0.0 	4.0 	58 	0.4 	0.0 	0.0 	0.0 	0.0 	8.0 	WR22		Washington Commanders	New York Giants	0 	0.0 	0 	0.0 	3.8 	55 	0.4 	0.0 	0.0 	0.0 	0.0 	7.7 	WR27		Washington Commanders	Cincinnati Bengals	0 	0.0 	0 	0.0 	4.0 	58 	0.4 	0.0 	0.0 	0.0 	0.0 	8.2 	WR15		Washington Commanders	Arizona Cardinals	0 	0.0 	0 	0.0 	3.8 	55 	0.4 	0.0 	0.0 	0.0 	0.0 	7.9 	WR28		Washington Commanders	Tennessee Titans	0 	0.0 	0 	0.0 	3.8 	55 	0.4 	0.0 	0.0 	0.0 	0.0 	7.7 	WR28		Washington Commanders	Houston Texans	0 	0.0 	0 	0.0 	3.7 	54 	0.3 	0.0 	0.0 	0.0 	0.0 	7.4 	WR29		Washington Commanders	Atlanta Falcons	0 	0.0 	0 	0.0 	3.9 	56 	0.4 	0.0 	0.0 	0.0 	0.0 	7.9 	WR27		Washington Commanders	Minnesota Vikings	0 	0.0 	0 	0.0 	3.8 	55 	0.3 	0.0 	0.0 	0.0 	0.0 	7.5 	WR30		Washington Commanders	Jacksonville Jaguars	0 	0.0 	0 	0.0 	3.9 	56 	0.4 	0.0 	0.0 	0.0 	0.0 	7.8 	WR25		Actual	Actual	Actual	Actual	Forecast	Forecast	Forecast	Forecast	Forecast	Forecast	Forecast	Forecast	Forecast	Forecast	Forecast	Forecast	Forecast		Healthy	Healthy	Healthy	Injured	Limited / Handicapped	Healthy	Healthy	Healthy	Healthy	Healthy	Healthy	Healthy	Healthy	Healthy	Healthy	Healthy	Healthy		Week 5 2026	10/9/2026	4:29:22 PM	16		26%	25%	0%	0%	0%	0%		0.2 	0	0	1	0	0	
	Romeo Doubs	New England Patriots	WR	WR31	7.7 	115 	0 	0.0 	0.0 	0.0 	0 	0.0 	0.0 	0.0 	50.4 	3.4 	802 	53.4 	5.9 	0.4 	0.0 	0.1 	0.0 	0.313 	1.000 	0.680 	1 	0.180 	0.000 	69 	126 	57 	32 	48 	16 	0.425 				-	-		-	-	Ryan Flournoy	0.091 	WR84		-	-		0.0 	9.6 	4.9 	17.8 	8.2 	7.9 	6.8 	6.8 	6.8 	6.8 	0.0 	6.6 	6.9 	6.6 	6.5 	6.4 	6.5 		-	WR17	WR44	WR5	WR19	WR22	WR36	WR37	WR39	WR36	-	WR43	WR34	WR37	WR42	WR45	WR45		WR39	6.9 	0.0 	0.0 	0.0 	0.0 	3.2 	49.9 	0.3 	38 	0.323 	1.000 	0.620 	0 	0.137 	0.000 	93 	0.382 		83 		-	-		-	-	Ryan Flournoy	0.097 	WR83		-	-		WR23	10.8 	0.0 	0.0 	0.0 	0.0 	12.8 	199.5 	1.3 	23 	0.290 	1.000 	0.770 	1 	0.176 	0.000 	#N/A	0.460 		32.3 		-	-		-	-	Ryan Flournoy	10 	WR81		-	-					New England Patriots	Seattle Seahawks	0 	0.0 	0 	0.0 	0.0 	0 	0.0 	0.0 	0.0 	0.0 	0.0 	0.0 	-		New England Patriots	Pittsburgh Steelers	0 	0.0 	0 	0.0 	3.0 	96 	0.0 	0.0 	0.0 	0.0 	0.0 	9.6 	WR17		New England Patriots	Jacksonville Jaguars	0 	0.0 	0 	0.0 	3.0 	49 	0.0 	0.0 	0.0 	0.0 	0.0 	4.9 	WR44		New England Patriots	Buffalo Bills	0 	0.0 	0 	0.0 	6.0 	58 	2.0 	0.0 	0.0 	0.0 	0.0 	17.8 	WR5		New England Patriots	Las Vegas Raiders	0 	0.0 	0 	0.0 	3.8 	59 	0.4 	0.0 	0.0 	0.0 	0.0 	8.2 	WR19		New England Patriots	New York Jets	0 	0.0 	0 	0.0 	3.6 	57 	0.4 	0.0 	0.0 	0.0 	0.0 	7.9 	WR22		New England Patriots	Chicago Bears	0 	0.0 	0 	0.0 	3.1 	49 	0.3 	0.0 	0.0 	0.0 	0.0 	6.8 	WR36		New England Patriots	Miami Dolphins	0 	0.0 	0 	0.0 	3.1 	48 	0.3 	0.0 	0.0 	0.0 	0.0 	6.8 	WR37		New England Patriots	Green Bay Packers	0 	0.0 	0 	0.0 	3.1 	49 	0.3 	0.0 	0.0 	0.0 	0.0 	6.8 	WR39		New England Patriots	Detroit Lions	0 	0.0 	0 	0.0 	3.2 	50 	0.3 	0.0 	0.0 	0.0 	0.0 	6.8 	WR36		New England Patriots	BYE	0 	0.0 	0 	0.0 	0.0 	0 	0.0 	0.0 	0.0 	0.0 	0.0 	0.0 	-		New England Patriots	Los Angeles Chargers	0 	0.0 	0 	0.0 	3.1 	48 	0.3 	0.0 	0.0 	0.0 	0.0 	6.6 	WR43		New England Patriots	Buffalo Bills	0 	0.0 	0 	0.0 	3.2 	50 	0.3 	0.0 	0.0 	0.0 	0.0 	6.9 	WR34		New England Patriots	Minnesota Vikings	0 	0.0 	0 	0.0 	3.1 	48 	0.3 	0.0 	0.0 	0.0 	0.0 	6.6 	WR37		New England Patriots	Kansas City Chiefs	0 	0.0 	0 	0.0 	3.1 	48 	0.3 	0.0 	0.0 	0.0 	0.0 	6.5 	WR42		New England Patriots	New York Jets	0 	0.0 	0 	0.0 	3.0 	46 	0.3 	0.0 	0.0 	0.0 	0.0 	6.4 	WR45		New England Patriots	Denver Broncos	0 	0.0 	0 	0.0 	3.1 	48 	0.3 	0.0 	0.0 	0.0 	0.0 	6.5 	WR45		Actual	Actual	Actual	Actual	Forecast	Forecast	Forecast	Forecast	Forecast	Forecast	Forecast	Forecast	Forecast	Forecast	Forecast	Forecast	Forecast		Healthy	Healthy	Healthy	Healthy	Healthy	Healthy	Healthy	Healthy	Healthy	Healthy	Healthy	Healthy	Healthy	Healthy	Healthy	Healthy	Healthy		Week 5 2026	10/9/2026	4:29:22 PM	16		21%	20%	0%	0%	0%	0%		(0.1)	0	0	0	0	0	(0.078322)
	RJ Harvey	Denver Broncos	RB	RB35	7.1 	106 	0 	0.0 	0.0 	0.0 	275 	18.3 	1.7 	0.1 	73.3 	4.9 	537 	35.8 	2.7 	0.2 	0.0 	0.6 	0.0 	0.288 	1.000 	0.594 	0 	0.002 	0.000 	109 	62 	(47)	34 	28 	(6)	0.311 				-	-		-	-	Kayshon Boutte	0.120 	WR78		-	-		4.1 	0.0 	4.7 	9.3 	7.3 	6.9 	7.8 	7.3 	7.3 	0.0 	7.6 	6.9 	7.9 	7.3 	7.4 	7.3 	6.8 		RB40	-	RB38	RB26	RB30	RB29	RB27	RB29	RB32	-	RB25	RB34	RB27	RB31	RB33	RB33	RB35		RB32	7.3 	0.0 	0.0 	18.8 	0.1 	4.4 	33.8 	0.2 	31 	0.342 	1.000 	0.632 	0 	0.039 	0.000 	102 	0.351 		88 		-	-		-	-	Kayshon Boutte	0.118 	WR79		-	-		RB42	6.0 	0.0 	0.0 	75.2 	0.6 	17.8 	135.0 	0.9 	42 	0.162 	1.000 	0.494 	(0)	0.000 	0.000 	#N/A	0.247 		18.1 		-	-		-	-	Kayshon Boutte	12 	WR75		-	-					Denver Broncos	Kansas City Chiefs	0 	0.0 	18 	0.0 	4.0 	23 	0.0 	0.0 	0.0 	0.0 	0.0 	4.1 	RB40		Denver Broncos	Jacksonville Jaguars	0 	0.0 	0 	0.0 	0.0 	0 	0.0 	0.0 	0.0 	0.0 	0.0 	0.0 	-		Denver Broncos	Los Angeles Rams	0 	0.0 	6 	0.0 	6.0 	41 	0.0 	0.0 	0.0 	0.0 	0.0 	4.7 	RB38		Denver Broncos	San Francisco 49ers	0 	0.0 	25 	0.0 	10.0 	68 	0.0 	0.0 	0.0 	0.0 	0.0 	9.3 	RB26		Denver Broncos	Los Angeles Chargers	0 	0.0 	18 	0.1 	4.5 	34 	0.2 	0.0 	0.1 	0.0 	0.0 	7.3 	RB30		Denver Broncos	Seattle Seahawks	0 	0.0 	17 	0.1 	4.4 	34 	0.2 	0.0 	0.1 	0.0 	0.0 	6.9 	RB29		Denver Broncos	Arizona Cardinals	0 	0.0 	21 	0.2 	4.5 	34 	0.2 	0.0 	0.1 	0.0 	0.0 	7.8 	RB27		Denver Broncos	Kansas City Chiefs	0 	0.0 	18 	0.1 	4.5 	34 	0.2 	0.0 	0.1 	0.0 	0.0 	7.3 	RB29		Denver Broncos	Carolina Panthers	0 	0.0 	18 	0.1 	4.5 	34 	0.2 	0.0 	0.1 	0.0 	0.0 	7.3 	RB32		Denver Broncos	BYE	0 	0.0 	0 	0.0 	0.0 	0 	0.0 	0.0 	0.0 	0.0 	0.0 	0.0 	-		Denver Broncos	Las Vegas Raiders	0 	0.0 	21 	0.2 	4.4 	34 	0.2 	0.0 	0.1 	0.0 	0.0 	7.6 	RB25		Denver Broncos	Pittsburgh Steelers	0 	0.0 	18 	0.1 	4.3 	33 	0.2 	0.0 	0.1 	0.0 	0.0 	6.9 	RB34		Denver Broncos	Miami Dolphins	0 	0.0 	22 	0.2 	4.4 	34 	0.2 	0.0 	0.1 	0.0 	0.0 	7.9 	RB27		Denver Broncos	New York Jets	0 	0.0 	19 	0.1 	4.4 	33 	0.2 	0.0 	0.1 	0.0 	0.0 	7.3 	RB31		Denver Broncos	Las Vegas Raiders	0 	0.0 	19 	0.1 	4.4 	34 	0.2 	0.0 	0.1 	0.0 	0.0 	7.4 	RB33		Denver Broncos	Buffalo Bills	0 	0.0 	17 	0.1 	4.6 	35 	0.2 	0.0 	0.1 	0.0 	0.0 	7.3 	RB33		Denver Broncos	New England Patriots	0 	0.0 	17 	0.1 	4.4 	33 	0.2 	0.0 	0.1 	0.0 	0.0 	6.8 	RB35		Actual	Actual	Actual	Actual	Forecast	Forecast	Forecast	Forecast	Forecast	Forecast	Forecast	Forecast	Forecast	Forecast	Forecast	Forecast	Forecast		Healthy	Healthy	Injured	Healthy	Healthy	Healthy	Healthy	Healthy	Healthy	Healthy	Healthy	Healthy	Healthy	Healthy	Healthy	Healthy	Healthy		Week 5 2026	10/9/2026	4:29:22 PM	16		15%	15%	16%	15%	0%	0%		0.1 	0	1	0	0	0	
	Dalton Kincaid	Buffalo Bills	TE	TE8	7.2 	116 	0 	0.0 	0.0 	0.0 	0 	0.0 	0.0 	0.0 	57.4 	3.6 	906 	56.6 	4.6 	0.3 	0.0 	1.2 	0.0 	0.315 	0.560 	0.501 	1 	0.381 	0.000 	72 	100 	28 	8 	10 	2 	0.419 				-	-		-	-	Kendrick Bourne	0.085 	WR85		-	-		13.0 	15.5 	1.8 	0.7 	7.2 	7.2 	0.0 	7.3 	7.1 	6.8 	7.0 	7.2 	6.9 	7.0 	7.3 	6.8 	6.9 		TE5	TE3	TE25	TE33	TE6	TE7	-	TE4	TE7	TE8	TE7	TE8	TE7	TE8	TE5	TE11	TE7		TE8	7.1 	0.0 	0.0 	0.0 	0.0 	3.5 	53.0 	0.3 	8 	0.330 	0.560 	0.501 	1 	0.419 	0.000 	75 	0.439 		85 		-	-		-	-	Kendrick Bourne	0.090 	WR84		-	-		TE10	7.8 	0.0 	0.0 	0.0 	0.0 	10.6 	158.9 	0.9 	10 	0.278 	0.560 	0.484 	1 	0.421 	0.000 	#N/A	0.425 		31.0 		-	-		-	-	Kendrick Bourne	11 	WR79		-	-					Buffalo Bills	Houston Texans	0 	0.0 	0 	0.0 	5.0 	130 	0.0 	0.0 	0.0 	0.0 	0.0 	13.0 	TE5		Buffalo Bills	Detroit Lions	0 	0.0 	0 	0.0 	7.0 	95 	1.0 	0.0 	0.0 	0.0 	0.0 	15.5 	TE3		Buffalo Bills	Los Angeles Chargers	0 	0.0 	0 	0.0 	2.0 	38 	0.0 	0.0 	1.0 	0.0 	0.0 	1.8 	TE25		Buffalo Bills	New England Patriots	0 	0.0 	0 	0.0 	1.0 	7 	0.0 	0.0 	0.0 	0.0 	0.0 	0.7 	TE33		Buffalo Bills	Los Angeles Rams	0 	0.0 	0 	0.0 	3.6 	54 	0.3 	0.0 	0.0 	0.0 	0.0 	7.2 	TE6		Buffalo Bills	Las Vegas Raiders	0 	0.0 	0 	0.0 	3.6 	54 	0.3 	0.0 	0.0 	0.0 	0.0 	7.2 	TE7		Buffalo Bills	BYE	0 	0.0 	0 	0.0 	0.0 	0 	0.0 	0.0 	0.0 	0.0 	0.0 	0.0 	-		Buffalo Bills	Baltimore Ravens	0 	0.0 	0 	0.0 	3.6 	54 	0.3 	0.0 	0.0 	0.0 	0.0 	7.3 	TE4		Buffalo Bills	Minnesota Vikings	0 	0.0 	0 	0.0 	3.5 	53 	0.3 	0.0 	0.0 	0.0 	0.0 	7.1 	TE7		Buffalo Bills	New York Jets	0 	0.0 	0 	0.0 	3.4 	51 	0.3 	0.0 	0.0 	0.0 	0.0 	6.8 	TE8		Buffalo Bills	Miami Dolphins	0 	0.0 	0 	0.0 	3.5 	52 	0.3 	0.0 	0.0 	0.0 	0.0 	7.0 	TE7		Buffalo Bills	Kansas City Chiefs	0 	0.0 	0 	0.0 	3.6 	54 	0.3 	0.0 	0.0 	0.0 	0.0 	7.2 	TE8		Buffalo Bills	New England Patriots	0 	0.0 	0 	0.0 	3.5 	52 	0.3 	0.0 	0.0 	0.0 	0.0 	6.9 	TE7		Buffalo Bills	Green Bay Packers	0 	0.0 	0 	0.0 	3.5 	53 	0.3 	0.0 	0.0 	0.0 	0.0 	7.0 	TE8		Buffalo Bills	Chicago Bears	0 	0.0 	0 	0.0 	3.6 	55 	0.3 	0.0 	0.0 	0.0 	0.0 	7.3 	TE5		Buffalo Bills	Denver Broncos	0 	0.0 	0 	0.0 	3.4 	52 	0.3 	0.0 	0.0 	0.0 	0.0 	6.8 	TE11		Buffalo Bills	Miami Dolphins	0 	0.0 	0 	0.0 	3.5 	52 	0.3 	0.0 	0.0 	0.0 	0.0 	6.9 	TE7		Actual	Actual	Actual	Actual	Forecast	Forecast	Forecast	Forecast	Forecast	Forecast	Forecast	Forecast	Forecast	Forecast	Forecast	Forecast	Forecast		Healthy	Healthy	Healthy	Healthy	Healthy	Healthy	Healthy	Healthy	Healthy	Healthy	Healthy	Healthy	Healthy	Healthy	Healthy	Healthy	Healthy		Week 5 2026	10/9/2026	4:29:22 PM	16		24%	22%	0%	0%	0%	0%		0.0 	0	0	0	0	0	0.013591 
	Josh Downs	Indianapolis Colts	WR	WR42	6.6 	106 	0 	0.0 	0.0 	0.0 	0 	0.0 	0.0 	0.0 	70.1 	4.4 	855 	53.4 	3.4 	0.2 	0.0 	0.2 	0.0 	0.288 	1.000 	0.600 	0 	0.084 	0.000 	97 	115 	18 	40 	45 	5 	0.347 				-	-		-	-	Isaac TeSlaa	0.100 	WR82		-	-		3.7 	7.2 	7.7 	1.6 	6.7 	7.0 	7.0 	7.2 	7.5 	7.2 	7.0 	7.3 	0.0 	7.1 	7.2 	7.5 	7.0 		WR53	WR23	WR32	WR67	WR35	WR34	WR34	WR29	WR31	WR34	WR29	WR36	-	WR34	WR36	WR28	WR38		WR34	7.1 	0.0 	0.0 	0.0 	0.0 	4.4 	54.4 	0.3 	34 	0.334 	1.000 	0.660 	0 	0.161 	0.000 	85 	0.411 		86 		-	-		-	-	Isaac TeSlaa	0.084 	WR85		-	-		WR57	5.1 	0.0 	0.0 	0.0 	0.0 	13.3 	163.2 	0.9 	57 	0.181 	1.000 	0.430 	(0)	0.000 	0.000 	#N/A	0.221 		20.2 		-	-		-	-	Isaac TeSlaa	19 	WR58		-	-					Indianapolis Colts	Baltimore Ravens	0 	0.0 	0 	0.0 	2.0 	37 	0.0 	0.0 	0.0 	0.0 	0.0 	3.7 	WR53		Indianapolis Colts	Kansas City Chiefs	0 	0.0 	0 	0.0 	7.0 	72 	0.0 	0.0 	0.0 	0.0 	0.0 	7.2 	WR23		Indianapolis Colts	Houston Texans	0 	0.0 	0 	0.0 	5.0 	77 	0.0 	0.0 	0.0 	0.0 	0.0 	7.7 	WR32		Indianapolis Colts	Washington Commanders	0 	0.0 	0 	0.0 	3.0 	16 	0.0 	0.0 	0.0 	0.0 	0.0 	1.6 	WR67		Indianapolis Colts	Pittsburgh Steelers	0 	0.0 	0 	0.0 	4.2 	52 	0.3 	0.0 	0.0 	0.0 	0.0 	6.7 	WR35		Indianapolis Colts	Tennessee Titans	0 	0.0 	0 	0.0 	4.3 	53 	0.3 	0.0 	0.0 	0.0 	0.0 	7.0 	WR34		Indianapolis Colts	Minnesota Vikings	0 	0.0 	0 	0.0 	4.4 	54 	0.3 	0.0 	0.0 	0.0 	0.0 	7.0 	WR34		Indianapolis Colts	Jacksonville Jaguars	0 	0.0 	0 	0.0 	4.5 	55 	0.3 	0.0 	0.0 	0.0 	0.0 	7.2 	WR29		Indianapolis Colts	Dallas Cowboys	0 	0.0 	0 	0.0 	4.6 	57 	0.3 	0.0 	0.0 	0.0 	0.0 	7.5 	WR31		Indianapolis Colts	Miami Dolphins	0 	0.0 	0 	0.0 	4.4 	54 	0.3 	0.0 	0.0 	0.0 	0.0 	7.2 	WR34		Indianapolis Colts	Houston Texans	0 	0.0 	0 	0.0 	4.4 	54 	0.3 	0.0 	0.0 	0.0 	0.0 	7.0 	WR29		Indianapolis Colts	New York Giants	0 	0.0 	0 	0.0 	4.5 	55 	0.3 	0.0 	0.0 	0.0 	0.0 	7.3 	WR36		Indianapolis Colts	BYE	0 	0.0 	0 	0.0 	0.0 	0 	0.0 	0.0 	0.0 	0.0 	0.0 	0.0 	-		Indianapolis Colts	Philadelphia Eagles	0 	0.0 	0 	0.0 	4.4 	55 	0.3 	0.0 	0.0 	0.0 	0.0 	7.1 	WR34		Indianapolis Colts	Tennessee Titans	0 	0.0 	0 	0.0 	4.4 	55 	0.3 	0.0 	0.0 	0.0 	0.0 	7.2 	WR36		Indianapolis Colts	Cincinnati Bengals	0 	0.0 	0 	0.0 	4.6 	57 	0.3 	0.0 	0.0 	0.0 	0.0 	7.5 	WR28		Indianapolis Colts	Cleveland Browns	0 	0.0 	0 	0.0 	4.3 	53 	0.3 	0.0 	0.0 	0.0 	0.0 	7.0 	WR38		Actual	Actual	Actual	Actual	Forecast	Forecast	Forecast	Forecast	Forecast	Forecast	Forecast	Forecast	Forecast	Forecast	Forecast	Forecast	Forecast		Healthy	Healthy	Healthy	Healthy	Healthy	Healthy	Healthy	Healthy	Healthy	Healthy	Healthy	Healthy	Healthy	Healthy	Healthy	Healthy	Healthy		Week 5 2026	10/9/2026	4:29:22 PM	16		24%	23%	0%	0%	0%	0%		0.2 	0	0	0	0	0	0.190748 
	Patrick Mahomes II	Kansas City Chiefs	QB	QB10	17.0 	272 	3,534 	220.9 	27.0 	1.7 	258 	16.1 	3.1 	0.2 	0.0 	0.0 	0 	0.0 	0.0 	0.0 	9.7 	0.9 	0.0 	0.740 	0.460 	0.385 	1 	0.344 	0.000 	89 	109 	20 	9 	12 	3 	0.366 				-	-		-	-	Darnell Mooney	0.095 	WR83		-	-		21.7 	29.0 	15.9 	17.0 	0.0 	16.4 	14.8 	14.7 	15.7 	16.0 	16.8 	16.1 	15.1 	15.8 	15.8 	16.2 	15.1 		QB9	QB4	QB20	QB13	-	QB10	QB22	QB22	QB20	QB12	QB10	QB16	QB22	QB20	QB18	QB15	QB20		QB16	15.7 	208.1 	1.5 	18.1 	0.2 	0.0 	0.0 	0.0 	16 	0.736 	0.460 	0.304 	1 	0.428 	0.000 	99 	0.362 		189 		-	-		-	-	Darnell Mooney	0.107 	WR81		-	-		QB6	20.9 	624.2 	4.5 	54.2 	0.5 	0.0 	0.0 	0.0 	6 	0.750 	0.460 	0.415 	1 	0.564 	0.000 	#N/A	0.485 		83.6 		-	-		-	-	Darnell Mooney	10 	WR81		-	-					Kansas City Chiefs	Denver Broncos	184 	2.0 	23 	1.0 	0.0 	0 	0.0 	1.0 	0.0 	0.0 	0.0 	21.7 	QB9		Kansas City Chiefs	Indianapolis Colts	382 	3.0 	17 	0.0 	0.0 	0 	0.0 	0.0 	0.0 	0.0 	0.0 	29.0 	QB4		Kansas City Chiefs	Miami Dolphins	246 	2.0 	1 	0.0 	0.0 	0 	0.0 	1.0 	0.0 	0.0 	0.0 	15.9 	QB20		Kansas City Chiefs	Las Vegas Raiders	225 	2.0 	0 	0.0 	0.0 	0 	0.0 	0.0 	0.0 	0.0 	0.0 	17.0 	QB13		Kansas City Chiefs	BYE	0 	0.0 	0 	0.0 	0.0 	0 	0.0 	0.0 	0.0 	0.0 	0.0 	0.0 	-		Kansas City Chiefs	Los Angeles Chargers	207 	1.6 	20 	0.2 	0.0 	0 	0.0 	0.6 	0.1 	0.0 	0.0 	16.4 	QB10		Kansas City Chiefs	Seattle Seahawks	205 	1.4 	17 	0.1 	0.0 	0 	0.0 	0.6 	0.1 	0.0 	0.0 	14.8 	QB22		Kansas City Chiefs	Denver Broncos	204 	1.4 	16 	0.1 	0.0 	0 	0.0 	0.6 	0.1 	0.0 	0.0 	14.7 	QB22		Kansas City Chiefs	New York Jets	199 	1.5 	20 	0.2 	0.0 	0 	0.0 	0.6 	0.1 	0.0 	0.0 	15.7 	QB20		Kansas City Chiefs	Atlanta Falcons	208 	1.5 	19 	0.2 	0.0 	0 	0.0 	0.6 	0.1 	0.0 	0.0 	16.0 	QB12		Kansas City Chiefs	Arizona Cardinals	206 	1.6 	21 	0.2 	0.0 	0 	0.0 	0.6 	0.1 	0.0 	0.0 	16.8 	QB10		Kansas City Chiefs	Buffalo Bills	215 	1.6 	17 	0.2 	0.0 	0 	0.0 	0.6 	0.1 	0.0 	0.0 	16.1 	QB16		Kansas City Chiefs	Los Angeles Rams	211 	1.4 	16 	0.1 	0.0 	0 	0.0 	0.6 	0.1 	0.0 	0.0 	15.1 	QB22		Kansas City Chiefs	Cincinnati Bengals	213 	1.5 	17 	0.2 	0.0 	0 	0.0 	0.6 	0.1 	0.0 	0.0 	15.8 	QB20		Kansas City Chiefs	New England Patriots	209 	1.5 	18 	0.2 	0.0 	0 	0.0 	0.6 	0.1 	0.0 	0.0 	15.8 	QB18		Kansas City Chiefs	San Francisco 49ers	212 	1.6 	18 	0.2 	0.0 	0 	0.0 	0.6 	0.1 	0.0 	0.0 	16.2 	QB15		Kansas City Chiefs	Los Angeles Chargers	208 	1.4 	17 	0.2 	0.0 	0 	0.0 	0.6 	0.1 	0.0 	0.0 	15.1 	QB20		Actual	Actual	Actual	Actual	Forecast	Forecast	Forecast	Forecast	Forecast	Forecast	Forecast	Forecast	Forecast	Forecast	Forecast	Forecast	Forecast		Healthy	Healthy	Healthy	Healthy	Healthy	Healthy	Healthy	Healthy	Healthy	Healthy	Healthy	Healthy	Healthy	Healthy	Healthy	Healthy	Healthy		Week 5 2026	10/9/2026	4:29:22 PM	16		0%	0%	13%	17%	99%	99%		(0.1)	0	0	0	0	0	(0.122672)
	Jalen Hurts	Philadelphia Eagles	QB	QB11	16.9 	270 	3,234 	202.2 	25.2 	1.6 	398 	24.9 	3.9 	0.2 	0.0 	0.0 	0 	0.0 	0.0 	0.0 	10.7 	0.9 	0.0 	0.734 	0.460 	0.374 	1 	0.332 	0.000 	94 	73 	(21)	10 	6 	(4)	0.354 				-	-		-	-	Germie Bernard	0.067 	WR88		-	-		24.7 	16.2 	12.6 	13.5 	14.9 	16.8 	18.1 	17.3 	17.5 	0.0 	17.1 	17.5 	17.6 	18.0 	16.5 	15.3 	16.4 		QB7	QB15	QB24	QB17	QB20	QB7	QB3	QB7	QB7	-	QB8	QB5	QB5	QB4	QB11	QB21	QB11		QB8	16.9 	210.1 	1.5 	24.4 	0.2 	0.0 	0.0 	0.0 	7 	0.791 	0.460 	0.406 	1 	0.548 	0.000 	61 	0.473 		203 		-	-		-	-	Germie Bernard	0.078 	WR86		-	-		QB12	16.8 	630.4 	4.5 	73.2 	0.7 	0.0 	0.0 	0.0 	12 	0.601 	0.460 	0.352 	1 	0.305 	0.000 	#N/A	0.330 		67.0 		-	-		-	-	Germie Bernard	6 	WR89		-	-					Philadelphia Eagles	Washington Commanders	203 	3.0 	46 	0.0 	0.0 	0 	0.0 	0.0 	0.0 	0.0 	0.0 	24.7 	QB7		Philadelphia Eagles	Tennessee Titans	264 	2.0 	16 	0.0 	0.0 	0 	0.0 	2.0 	0.0 	0.0 	0.0 	16.2 	QB15		Philadelphia Eagles	Chicago Bears	153 	0.0 	25 	1.0 	0.0 	0 	0.0 	1.0 	0.0 	0.0 	0.0 	12.6 	QB24		Philadelphia Eagles	Los Angeles Rams	93 	2.0 	18 	0.0 	0.0 	0 	0.0 	0.0 	0.0 	0.0 	0.0 	13.5 	QB17		Philadelphia Eagles	Jacksonville Jaguars	207 	1.2 	23 	0.1 	0.0 	0 	0.0 	0.6 	0.1 	0.0 	0.0 	14.9 	QB20		Philadelphia Eagles	Carolina Panthers	209 	1.5 	24 	0.2 	0.0 	0 	0.0 	0.6 	0.1 	0.0 	0.0 	16.8 	QB7		Philadelphia Eagles	Dallas Cowboys	219 	1.7 	25 	0.3 	0.0 	0 	0.0 	0.6 	0.1 	0.0 	0.0 	18.1 	QB3		Philadelphia Eagles	Washington Commanders	213 	1.6 	24 	0.2 	0.0 	0 	0.0 	0.6 	0.1 	0.0 	0.0 	17.3 	QB7		Philadelphia Eagles	New York Giants	211 	1.6 	26 	0.3 	0.0 	0 	0.0 	0.6 	0.1 	0.0 	0.0 	17.5 	QB7		Philadelphia Eagles	BYE	0 	0.0 	0 	0.0 	0.0 	0 	0.0 	0.0 	0.0 	0.0 	0.0 	0.0 	-		Philadelphia Eagles	Pittsburgh Steelers	208 	1.5 	25 	0.3 	0.0 	0 	0.0 	0.6 	0.1 	0.0 	0.0 	17.1 	QB8		Philadelphia Eagles	Dallas Cowboys	218 	1.6 	23 	0.2 	0.0 	0 	0.0 	0.6 	0.1 	0.0 	0.0 	17.5 	QB5		Philadelphia Eagles	Arizona Cardinals	204 	1.6 	28 	0.3 	0.0 	0 	0.0 	0.6 	0.1 	0.0 	0.0 	17.6 	QB5		Philadelphia Eagles	Indianapolis Colts	214 	1.7 	26 	0.3 	0.0 	0 	0.0 	0.6 	0.1 	0.0 	0.0 	18.0 	QB4		Philadelphia Eagles	Seattle Seahawks	208 	1.5 	24 	0.2 	0.0 	0 	0.0 	0.6 	0.1 	0.0 	0.0 	16.5 	QB11		Philadelphia Eagles	Houston Texans	199 	1.3 	23 	0.2 	0.0 	0 	0.0 	0.6 	0.1 	0.0 	0.0 	15.3 	QB21		Philadelphia Eagles	San Francisco 49ers	211 	1.5 	23 	0.2 	0.0 	0 	0.0 	0.6 	0.1 	0.0 	0.0 	16.4 	QB11		Actual	Actual	Actual	Actual	Forecast	Forecast	Forecast	Forecast	Forecast	Forecast	Forecast	Forecast	Forecast	Forecast	Forecast	Forecast	Forecast		Healthy	Healthy	Healthy	Healthy	Healthy	Healthy	Healthy	Healthy	Healthy	Healthy	Healthy	Healthy	Healthy	Healthy	Healthy	Healthy	Healthy		Week 5 2026	10/9/2026	4:29:22 PM	16		0%	0%	18%	26%	99%	99%		0.1 	0	0	0	0	0	0.142733 
	Malik Washington	Miami Dolphins	WR	WR41	6.6 	106 	0 	0.0 	0.0 	0.0 	12 	0.8 	0.0 	0.0 	67.5 	4.2 	876 	54.7 	3.3 	0.2 	0.0 	1.2 	0.0 	0.288 	1.000 	0.610 	0 	0.086 	0.000 	96 	242 	146 	39 	77 	38 	0.352 				-	-		-	-	Tory Horton	0.073 	WR87		-	-		3.3 	4.7 	6.1 	7.0 	6.9 	0.0 	6.8 	7.1 	7.3 	7.3 	7.0 	6.9 	6.7 	7.3 	6.9 	7.1 	7.4 		WR57	WR38	WR40	WR38	WR30	-	WR35	WR31	WR33	WR33	WR28	WR37	WR37	WR30	WR38	WR38	WR33		WR38	7.1 	0.0 	0.0 	0.0 	0.0 	4.2 	54.7 	0.3 	37 	0.331 	1.000 	0.630 	0 	0.155 	0.000 	90 	0.395 		85 		-	-		-	-	Tory Horton	0.068 	WR88		-	-		WR51	5.3 	0.0 	0.0 	0.0 	0.0 	12.6 	164.2 	0.8 	51 	0.189 	1.000 	0.490 	(0)	0.000 	0.000 	#N/A	0.249 		21.1 		-	-		-	-	Tory Horton	11 	WR76		-	-					Miami Dolphins	Las Vegas Raiders	0 	0.0 	0 	0.0 	3.0 	53 	0.0 	0.0 	1.0 	0.0 	0.0 	3.3 	WR57		Miami Dolphins	San Francisco 49ers	0 	0.0 	4 	0.0 	4.0 	43 	0.0 	0.0 	0.0 	0.0 	0.0 	4.7 	WR38		Miami Dolphins	Kansas City Chiefs	0 	0.0 	5 	0.0 	5.0 	56 	0.0 	0.0 	0.0 	0.0 	0.0 	6.1 	WR40		Miami Dolphins	Minnesota Vikings	0 	0.0 	3 	0.0 	5.0 	67 	0.0 	0.0 	0.0 	0.0 	0.0 	7.0 	WR38		Miami Dolphins	Cincinnati Bengals	0 	0.0 	0 	0.0 	4.1 	54 	0.3 	0.0 	0.0 	0.0 	0.0 	6.9 	WR30		Miami Dolphins	BYE	0 	0.0 	0 	0.0 	0.0 	0 	0.0 	0.0 	0.0 	0.0 	0.0 	0.0 	-		Miami Dolphins	New York Jets	0 	0.0 	0 	0.0 	4.1 	53 	0.3 	0.0 	0.0 	0.0 	0.0 	6.8 	WR35		Miami Dolphins	New England Patriots	0 	0.0 	0 	0.0 	4.2 	55 	0.3 	0.0 	0.0 	0.0 	0.0 	7.1 	WR31		Miami Dolphins	Detroit Lions	0 	0.0 	0 	0.0 	4.3 	56 	0.3 	0.0 	0.0 	0.0 	0.0 	7.3 	WR33		Miami Dolphins	Indianapolis Colts	0 	0.0 	0 	0.0 	4.3 	56 	0.3 	0.0 	0.0 	0.0 	0.0 	7.3 	WR33		Miami Dolphins	Buffalo Bills	0 	0.0 	0 	0.0 	4.2 	55 	0.3 	0.0 	0.0 	0.0 	0.0 	7.0 	WR28		Miami Dolphins	New York Jets	0 	0.0 	0 	0.0 	4.1 	53 	0.3 	0.0 	0.0 	0.0 	0.0 	6.9 	WR37		Miami Dolphins	Denver Broncos	0 	0.0 	0 	0.0 	4.1 	53 	0.2 	0.0 	0.0 	0.0 	0.0 	6.7 	WR37		Miami Dolphins	Chicago Bears	0 	0.0 	0 	0.0 	4.3 	56 	0.3 	0.0 	0.0 	0.0 	0.0 	7.3 	WR30		Miami Dolphins	Green Bay Packers	0 	0.0 	0 	0.0 	4.2 	54 	0.3 	0.0 	0.0 	0.0 	0.0 	6.9 	WR38		Miami Dolphins	Los Angeles Chargers	0 	0.0 	0 	0.0 	4.2 	55 	0.3 	0.0 	0.0 	0.0 	0.0 	7.1 	WR38		Miami Dolphins	Buffalo Bills	0 	0.0 	0 	0.0 	4.4 	57 	0.3 	0.0 	0.0 	0.0 	0.0 	7.4 	WR33		Actual	Actual	Actual	Actual	Forecast	Forecast	Forecast	Forecast	Forecast	Forecast	Forecast	Forecast	Forecast	Forecast	Forecast	Forecast	Forecast		Healthy	Healthy	Healthy	Healthy	Healthy	Healthy	Healthy	Healthy	Healthy	Healthy	Healthy	Healthy	Healthy	Healthy	Healthy	Healthy	Healthy		Week 5 2026	10/9/2026	4:29:22 PM	16		25%	22%	0%	0%	0%	0%		0.1 	0	0	0	0	0	0.146225 
	Jameson Williams	Detroit Lions	WR	WR37	6.9 	110 	0 	0.0 	0.0 	0.0 	13 	0.8 	0.1 	0.0 	58.8 	3.7 	867 	54.2 	3.6 	0.2 	0.0 	0.1 	0.0 	0.299 	1.000 	0.640 	0 	0.107 	0.000 	85 	54 	(31)	36 	25 	(11)	0.376 				-	-		-	-	Jahan Dotson	0.078 	WR86		-	-		4.5 	3.3 	4.9 	10.2 	7.7 	0.0 	7.3 	7.1 	7.1 	7.1 	7.3 	7.5 	7.3 	7.2 	7.0 	7.3 	7.1 		WR45	WR53	WR44	WR20	WR21	-	WR29	WR30	WR36	WR35	WR26	WR32	WR32	WR31	WR37	WR33	WR37		WR33	7.2 	0.0 	0.0 	1.1 	0.0 	3.6 	53.2 	0.3 	33 	0.339 	1.000 	0.670 	0 	0.172 	0.000 	82 	0.421 		87 		-	-		-	-	Jahan Dotson	0.058 	WR90		-	-		WR47	5.7 	0.0 	0.0 	3.3 	0.0 	10.7 	159.5 	0.9 	47 	0.205 	1.000 	0.530 	0 	0.028 	0.000 	#N/A	0.281 		22.9 		-	-		-	-	Jahan Dotson	16 	WR69		-	-					Detroit Lions	New Orleans Saints	0 	0.0 	0 	0.0 	4.0 	45 	0.0 	0.0 	0.0 	0.0 	0.0 	4.5 	WR45		Detroit Lions	Buffalo Bills	0 	0.0 	0 	0.0 	2.0 	33 	0.0 	0.0 	0.0 	0.0 	0.0 	3.3 	WR53		Detroit Lions	New York Jets	0 	0.0 	0 	0.0 	4.0 	49 	0.0 	0.0 	0.0 	0.0 	0.0 	4.9 	WR44		Detroit Lions	Carolina Panthers	0 	0.0 	0 	0.0 	6.0 	102 	0.0 	0.0 	0.0 	0.0 	0.0 	10.2 	WR20		Detroit Lions	Arizona Cardinals	0 	0.0 	1 	0.0 	3.7 	56 	0.3 	0.0 	0.0 	0.0 	0.0 	7.7 	WR21		Detroit Lions	BYE	0 	0.0 	0 	0.0 	0.0 	0 	0.0 	0.0 	0.0 	0.0 	0.0 	0.0 	-		Detroit Lions	Green Bay Packers	0 	0.0 	1 	0.0 	3.6 	54 	0.3 	0.0 	0.0 	0.0 	0.0 	7.3 	WR29		Detroit Lions	Minnesota Vikings	0 	0.0 	1 	0.0 	3.5 	52 	0.3 	0.0 	0.0 	0.0 	0.0 	7.1 	WR30		Detroit Lions	Miami Dolphins	0 	0.0 	1 	0.0 	3.5 	52 	0.3 	0.0 	0.0 	0.0 	0.0 	7.1 	WR36		Detroit Lions	New England Patriots	0 	0.0 	1 	0.0 	3.5 	53 	0.3 	0.0 	0.0 	0.0 	0.0 	7.1 	WR35		Detroit Lions	Tampa Bay Buccaneers	0 	0.0 	1 	0.0 	3.6 	53 	0.3 	0.0 	0.0 	0.0 	0.0 	7.3 	WR26		Detroit Lions	Chicago Bears	0 	0.0 	1 	0.0 	3.7 	55 	0.3 	0.0 	0.0 	0.0 	0.0 	7.5 	WR32		Detroit Lions	Atlanta Falcons	0 	0.0 	1 	0.0 	3.6 	53 	0.3 	0.0 	0.0 	0.0 	0.0 	7.3 	WR32		Detroit Lions	Tennessee Titans	0 	0.0 	1 	0.0 	3.5 	52 	0.3 	0.0 	0.0 	0.0 	0.0 	7.2 	WR31		Detroit Lions	Minnesota Vikings	0 	0.0 	1 	0.0 	3.5 	52 	0.3 	0.0 	0.0 	0.0 	0.0 	7.0 	WR37		Detroit Lions	New York Giants	0 	0.0 	1 	0.0 	3.6 	53 	0.3 	0.0 	0.0 	0.0 	0.0 	7.3 	WR33		Detroit Lions	Chicago Bears	0 	0.0 	1 	0.0 	3.5 	53 	0.3 	0.0 	0.0 	0.0 	0.0 	7.1 	WR37		Actual	Actual	Actual	Actual	Forecast	Forecast	Forecast	Forecast	Forecast	Forecast	Forecast	Forecast	Forecast	Forecast	Forecast	Forecast	Forecast		Healthy	Healthy	Healthy	Healthy	Healthy	Healthy	Healthy	Healthy	Healthy	Healthy	Healthy	Healthy	Healthy	Healthy	Healthy	Healthy	Healthy		Week 5 2026	10/9/2026	4:29:22 PM	16		21%	16%	1%	1%	0%	0%		0.1 	0	0	0	0	0	0.140747 
	Tucker Kraft	Green Bay Packers	TE	TE13	6.6 	106 	0 	0.0 	0.0 	0.0 	3 	0.2 	0.0 	0.0 	63.6 	4.0 	741 	46.3 	5.3 	0.3 	0.0 	0.1 	0.0 	0.288 	0.560 	0.476 	1 	0.292 	0.000 	90 	74 	(16)	11 	6 	(5)	0.365 				-	-		-	-	Calvin Ridley	0.061 	WR89		-	-		6.5 	1.5 	2.6 	10.5 	6.9 	7.2 	7.2 	7.1 	7.0 	7.1 	0.0 	7.0 	7.1 	7.3 	7.2 	7.0 	6.8 		TE15	TE28	TE23	TE5	TE8	TE6	TE6	TE6	TE8	TE6	-	TE9	TE5	TE4	TE6	TE8	TE9		TE7	7.1 	0.0 	0.0 	0.0 	0.0 	4.0 	49.4 	0.4 	7 	0.331 	0.560 	0.510 	1 	0.423 	0.000 	74 	0.444 		85 		-	-		-	-	Calvin Ridley	0.073 	WR87		-	-		TE21	5.3 	0.0 	0.0 	0.0 	0.0 	12.1 	148.2 	1.1 	21 	0.189 	0.560 	0.385 	0 	0.092 	0.000 	#N/A	0.224 		21.1 		-	-		-	-	Calvin Ridley	5 	WR92		-	-					Green Bay Packers	Minnesota Vikings	0 	0.0 	0 	0.0 	3.0 	65 	0.0 	0.0 	0.0 	0.0 	0.0 	6.5 	TE15		Green Bay Packers	New York Jets	0 	0.0 	0 	0.0 	2.0 	15 	0.0 	0.0 	0.0 	0.0 	0.0 	1.5 	TE28		Green Bay Packers	Atlanta Falcons	0 	0.0 	0 	0.0 	4.0 	26 	0.0 	0.0 	0.0 	0.0 	0.0 	2.6 	TE23		Green Bay Packers	Tampa Bay Buccaneers	0 	0.0 	3 	0.0 	6.0 	42 	1.0 	0.0 	0.0 	0.0 	0.0 	10.5 	TE5		Green Bay Packers	Chicago Bears	0 	0.0 	0 	0.0 	4.0 	49 	0.3 	0.0 	0.0 	0.0 	0.0 	6.9 	TE8		Green Bay Packers	Dallas Cowboys	0 	0.0 	0 	0.0 	4.1 	50 	0.4 	0.0 	0.0 	0.0 	0.0 	7.2 	TE6		Green Bay Packers	Detroit Lions	0 	0.0 	0 	0.0 	4.1 	50 	0.4 	0.0 	0.0 	0.0 	0.0 	7.2 	TE6		Green Bay Packers	Carolina Panthers	0 	0.0 	0 	0.0 	4.0 	49 	0.4 	0.0 	0.0 	0.0 	0.0 	7.1 	TE6		Green Bay Packers	New England Patriots	0 	0.0 	0 	0.0 	4.0 	49 	0.3 	0.0 	0.0 	0.0 	0.0 	7.0 	TE8		Green Bay Packers	Minnesota Vikings	0 	0.0 	0 	0.0 	4.0 	49 	0.4 	0.0 	0.0 	0.0 	0.0 	7.1 	TE6		Green Bay Packers	BYE	0 	0.0 	0 	0.0 	0.0 	0 	0.0 	0.0 	0.0 	0.0 	0.0 	0.0 	-		Green Bay Packers	Los Angeles Rams	0 	0.0 	0 	0.0 	4.1 	50 	0.3 	0.0 	0.0 	0.0 	0.0 	7.0 	TE9		Green Bay Packers	New Orleans Saints	0 	0.0 	0 	0.0 	4.0 	49 	0.4 	0.0 	0.0 	0.0 	0.0 	7.1 	TE5		Green Bay Packers	Buffalo Bills	0 	0.0 	0 	0.0 	4.1 	51 	0.4 	0.0 	0.0 	0.0 	0.0 	7.3 	TE4		Green Bay Packers	Miami Dolphins	0 	0.0 	0 	0.0 	4.0 	49 	0.4 	0.0 	0.0 	0.0 	0.0 	7.2 	TE6		Green Bay Packers	Chicago Bears	0 	0.0 	0 	0.0 	4.1 	50 	0.4 	0.0 	0.0 	0.0 	0.0 	7.0 	TE8		Green Bay Packers	Houston Texans	0 	0.0 	0 	0.0 	3.9 	48 	0.3 	0.0 	0.0 	0.0 	0.0 	6.8 	TE9		Actual	Actual	Actual	Actual	Forecast	Forecast	Forecast	Forecast	Forecast	Forecast	Forecast	Forecast	Forecast	Forecast	Forecast	Forecast	Forecast		Healthy	Healthy	Healthy	Healthy	Healthy	Healthy	Healthy	Healthy	Healthy	Healthy	Healthy	Healthy	Healthy	Healthy	Healthy	Healthy	Healthy		Week 5 2026	10/9/2026	4:29:22 PM	16		20%	22%	0%	0%	0%	0%		0.2 	0	0	0	0	0	0.219816 
	Josh Jacobs	Green Bay Packers	RB	RB30	10.4 	83 	0 	0.0 	0.0 	0.0 	436 	54.5 	4.0 	0.5 	19.2 	2.4 	150 	18.7 	0.6 	0.1 	0.0 	1.4 	0.0 	0.227 	1.000 	0.494 	1 	0.269 	0.000 	91 	60 	(31)	42 	26 	(16)	0.364 				-	-		-	-	Troy Franklin	0.056 	WR90		-	-		0.0 	0.0 	0.0 	0.0 	0.0 	0.0 	0.0 	0.0 	9.6 	10.9 	0.0 	9.1 	10.9 	10.7 	12.5 	9.7 	9.9 		-	-	-	-	-	-	-	-	RB20	RB15	-	RB24	RB12	RB18	RB12	RB21	RB21		RB25	10.4 	0.0 	0.0 	54.5 	0.5 	2.4 	18.7 	0.1 	32 	0.325 	1.000 	0.619 	1 	0.308 	0.000 	70 	0.451 		83 		-	-		-	-	Troy Franklin	0.063 	WR89		-	-		-	0.0 	0.0 	0.0 	0.0 	0.0 	0.0 	0.0 	0.0 	#N/A	0.000 	1.000 	#N/A	(1)	0.000 	0.000 	#N/A	#N/A		0.0 		-	-		-	-	Troy Franklin	5 	WR90		-	-					Green Bay Packers	Minnesota Vikings	0 	0.0 	0 	0.0 	0.0 	0 	0.0 	0.0 	0.0 	0.0 	0.0 	0.0 	-		Green Bay Packers	New York Jets	0 	0.0 	0 	0.0 	0.0 	0 	0.0 	0.0 	0.0 	0.0 	0.0 	0.0 	-		Green Bay Packers	Atlanta Falcons	0 	0.0 	0 	0.0 	0.0 	0 	0.0 	0.0 	0.0 	0.0 	0.0 	0.0 	-		Green Bay Packers	Tampa Bay Buccaneers	0 	0.0 	0 	0.0 	0.0 	0 	0.0 	0.0 	0.0 	0.0 	0.0 	0.0 	-		Green Bay Packers	Chicago Bears	0 	0.0 	0 	0.0 	0.0 	0 	0.0 	0.0 	0.0 	0.0 	0.0 	0.0 	-		Green Bay Packers	Dallas Cowboys	0 	0.0 	0 	0.0 	0.0 	0 	0.0 	0.0 	0.0 	0.0 	0.0 	0.0 	-		Green Bay Packers	Detroit Lions	0 	0.0 	0 	0.0 	0.0 	0 	0.0 	0.0 	0.0 	0.0 	0.0 	0.0 	-		Green Bay Packers	Carolina Panthers	0 	0.0 	0 	0.0 	0.0 	0 	0.0 	0.0 	0.0 	0.0 	0.0 	0.0 	-		Green Bay Packers	New England Patriots	0 	0.0 	50 	0.4 	2.4 	19 	0.1 	0.0 	0.2 	0.0 	0.0 	9.6 	RB20		Green Bay Packers	Minnesota Vikings	0 	0.0 	58 	0.5 	2.4 	19 	0.1 	0.0 	0.2 	0.0 	0.0 	10.9 	RB15		Green Bay Packers	BYE	0 	0.0 	0 	0.0 	0.0 	0 	0.0 	0.0 	0.0 	0.0 	0.0 	0.0 	-		Green Bay Packers	Los Angeles Rams	0 	0.0 	47 	0.4 	2.4 	19 	0.1 	0.0 	0.2 	0.0 	0.0 	9.1 	RB24		Green Bay Packers	New Orleans Saints	0 	0.0 	58 	0.5 	2.4 	19 	0.1 	0.0 	0.2 	0.0 	0.0 	10.9 	RB12		Green Bay Packers	Buffalo Bills	0 	0.0 	55 	0.5 	2.5 	19 	0.1 	0.0 	0.2 	0.0 	0.0 	10.7 	RB18		Green Bay Packers	Miami Dolphins	0 	0.0 	66 	0.6 	2.4 	19 	0.1 	0.0 	0.2 	0.0 	0.0 	12.5 	RB12		Green Bay Packers	Chicago Bears	0 	0.0 	50 	0.4 	2.4 	19 	0.1 	0.0 	0.2 	0.0 	0.0 	9.7 	RB21		Green Bay Packers	Houston Texans	0 	0.0 	53 	0.5 	2.3 	18 	0.1 	0.0 	0.2 	0.0 	0.0 	9.9 	RB21		Actual	Actual	Actual	Actual	Forecast	Forecast	Forecast	Forecast	Forecast	Forecast	Forecast	Forecast	Forecast	Forecast	Forecast	Forecast	Forecast		Injured	Injured	Injured	Injured	Injured	Injured	Injured	Injured	Limited / Handicapped	Limited / Handicapped	Limited / Handicapped	Limited / Handicapped	Limited / Handicapped	Limited / Handicapped	Limited / Handicapped	Limited / Handicapped	Limited / Handicapped		Week 5 2026	10/9/2026	4:29:22 PM	16		8%	5%	55%	57%	0%	0%		0.5 	1	1	1	1	1	
	Wan'Dale Robinson	Tennessee Titans	WR	WR48	6.2 	99 	0 	0.0 	0.0 	0.0 	1 	0.1 	0.0 	0.0 	71.4 	4.5 	638 	39.9 	5.9 	0.4 	0.0 	0.1 	0.0 	0.270 	1.000 	0.520 	0 	0.047 	0.000 	117 	93 	(24)	48 	38 	(10)	0.293 				-	-		-	-	Jerry Jeudy	0.051 	WR91		-	-		3.8 	0.9 	11.7 	8.0 	5.5 	6.1 	6.1 	6.5 	0.0 	6.3 	6.5 	6.3 	6.4 	6.4 	6.5 	6.1 	6.1 		WR50	WR80	WR20	WR30	WR48	WR38	WR43	WR38	-	WR43	WR35	WR46	WR40	WR44	WR43	WR49	WR50		WR47	6.2 	0.0 	0.0 	0.0 	0.0 	4.6 	43.0 	0.3 	47 	0.292 	1.000 	0.530 	0 	0.069 	0.000 	118 	0.310 		75 		-	-		-	-	Jerry Jeudy	0.052 	WR91		-	-		WR41	6.1 	0.0 	0.0 	0.0 	0.0 	13.9 	128.9 	1.0 	41 	0.219 	1.000 	0.590 	0 	0.052 	0.000 	#N/A	0.319 		24.4 		-	-		-	-	Jerry Jeudy	6 	WR87		-	-					Tennessee Titans	New York Jets	0 	0.0 	0 	0.0 	5.0 	38 	0.0 	0.0 	0.0 	0.0 	0.0 	3.8 	WR50		Tennessee Titans	Philadelphia Eagles	0 	0.0 	0 	0.0 	1.0 	9 	0.0 	0.0 	0.0 	0.0 	0.0 	0.9 	WR80		Tennessee Titans	New York Giants	0 	0.0 	0 	0.0 	7.0 	57 	1.0 	0.0 	0.0 	0.0 	0.0 	11.7 	WR20		Tennessee Titans	Baltimore Ravens	0 	0.0 	1 	0.0 	3.0 	19 	1.0 	0.0 	0.0 	0.0 	0.0 	8.0 	WR30		Tennessee Titans	Houston Texans	0 	0.0 	0 	0.0 	4.3 	40 	0.3 	0.0 	0.0 	0.0 	0.0 	5.5 	WR48		Tennessee Titans	Indianapolis Colts	0 	0.0 	0 	0.0 	4.6 	43 	0.3 	0.0 	0.0 	0.0 	0.0 	6.1 	WR38		Tennessee Titans	Cleveland Browns	0 	0.0 	0 	0.0 	4.5 	42 	0.3 	0.0 	0.0 	0.0 	0.0 	6.1 	WR43		Tennessee Titans	Cincinnati Bengals	0 	0.0 	0 	0.0 	4.8 	45 	0.4 	0.0 	0.0 	0.0 	0.0 	6.5 	WR38		Tennessee Titans	BYE	0 	0.0 	0 	0.0 	0.0 	0 	0.0 	0.0 	0.0 	0.0 	0.0 	0.0 	-		Tennessee Titans	Jacksonville Jaguars	0 	0.0 	0 	0.0 	4.6 	43 	0.3 	0.0 	0.0 	0.0 	0.0 	6.3 	WR43		Tennessee Titans	Dallas Cowboys	0 	0.0 	0 	0.0 	4.8 	44 	0.3 	0.0 	0.0 	0.0 	0.0 	6.5 	WR35		Tennessee Titans	Jacksonville Jaguars	0 	0.0 	0 	0.0 	4.7 	43 	0.3 	0.0 	0.0 	0.0 	0.0 	6.3 	WR46		Tennessee Titans	Washington Commanders	0 	0.0 	0 	0.0 	4.7 	43 	0.3 	0.0 	0.0 	0.0 	0.0 	6.4 	WR40		Tennessee Titans	Detroit Lions	0 	0.0 	0 	0.0 	4.8 	44 	0.3 	0.0 	0.0 	0.0 	0.0 	6.4 	WR44		Tennessee Titans	Indianapolis Colts	0 	0.0 	0 	0.0 	4.7 	44 	0.4 	0.0 	0.0 	0.0 	0.0 	6.5 	WR43		Tennessee Titans	Las Vegas Raiders	0 	0.0 	0 	0.0 	4.5 	42 	0.3 	0.0 	0.0 	0.0 	0.0 	6.1 	WR49		Tennessee Titans	Pittsburgh Steelers	0 	0.0 	0 	0.0 	4.5 	42 	0.3 	0.0 	0.0 	0.0 	0.0 	6.1 	WR50		Actual	Actual	Actual	Actual	Forecast	Forecast	Forecast	Forecast	Forecast	Forecast	Forecast	Forecast	Forecast	Forecast	Forecast	Forecast	Forecast		Healthy	Healthy	Healthy	Healthy	Healthy	Healthy	Healthy	Healthy	Healthy	Healthy	Healthy	Healthy	Healthy	Healthy	Healthy	Healthy	Healthy		Week 5 2026	10/9/2026	4:29:22 PM	16		19%	23%	0%	0%	0%	0%		(0.0)	0	0	0	0	0	(0.009216)
	Ollie Gordon II	Miami Dolphins	RB	RB29	8.3 	125 	0 	0.0 	0.0 	0.0 	708 	47.2 	6.4 	0.4 	29.8 	2.0 	145 	9.7 	0.7 	0.0 	0.0 	1.7 	0.0 	0.339 	1.000 	0.657 	0 	0.101 	0.000 	82 	310 	228 	29 	90 	61 	0.387 									Demarcus Robinson	0.047 	WR92		-	-		0.0 	0.7 	11.5 	16.0 	7.8 	0.0 	8.6 	8.0 	8.3 	8.3 	7.5 	9.3 	7.1 	8.3 	7.4 	8.0 	7.9 		-	RB63	RB12	RB11	RB26	-	RB23	RB24	RB27	RB24	RB26	RB23	RB30	RB26	RB34	RB30	RB29		RB30	8.0 	0.0 	0.0 	46.7 	0.4 	2.1 	10.9 	0.1 	29 	0.376 	1.000 	0.657 	0 	0.102 	0.000 	91 	0.393 		97 		-	-		-	-	Demarcus Robinson	0.016 	WR98		-	-		RB29	9.4 	0.0 	0.0 	186.7 	1.5 	8.3 	43.8 	0.2 	29 	0.253 	1.000 	0.657 	0 	0.027 	0.000 	#N/A	0.344 		28.2 		-	-		-	-	Demarcus Robinson	14 	WR71		-	-					Miami Dolphins	Las Vegas Raiders	0 	0.0 	0 	0.0 	0.0 	0 	0.0 	0.0 	0.0 	0.0 	0.0 	0.0 	-		Miami Dolphins	San Francisco 49ers	0 	0.0 	7 	0.0 	0.0 	0 	0.0 	0.0 	0.0 	0.0 	0.0 	0.7 	RB63		Miami Dolphins	Kansas City Chiefs	0 	0.0 	41 	1.0 	3.0 	14 	0.0 	0.0 	0.0 	0.0 	0.0 	11.5 	RB12		Miami Dolphins	Minnesota Vikings	0 	0.0 	100 	1.0 	2.0 	0 	0.0 	0.0 	0.0 	0.0 	0.0 	16.0 	RB11		Miami Dolphins	Cincinnati Bengals	0 	0.0 	46 	0.3 	2.0 	11 	0.1 	0.0 	0.1 	0.0 	0.0 	7.8 	RB26		Miami Dolphins	BYE	0 	0.0 	0 	0.0 	0.0 	0 	0.0 	0.0 	0.0 	0.0 	0.0 	0.0 	-		Miami Dolphins	New York Jets	0 	0.0 	51 	0.4 	2.0 	11 	0.1 	0.0 	0.1 	0.0 	0.0 	8.6 	RB23		Miami Dolphins	New England Patriots	0 	0.0 	46 	0.4 	2.1 	11 	0.1 	0.0 	0.1 	0.0 	0.0 	8.0 	RB24		Miami Dolphins	Detroit Lions	0 	0.0 	47 	0.4 	2.1 	11 	0.1 	0.0 	0.1 	0.0 	0.0 	8.3 	RB27		Miami Dolphins	Indianapolis Colts	0 	0.0 	47 	0.4 	2.1 	11 	0.1 	0.0 	0.1 	0.0 	0.0 	8.3 	RB24		Miami Dolphins	Buffalo Bills	0 	0.0 	43 	0.3 	2.1 	11 	0.1 	0.0 	0.1 	0.0 	0.0 	7.5 	RB26		Miami Dolphins	New York Jets	0 	0.0 	55 	0.4 	2.0 	11 	0.1 	0.0 	0.1 	0.0 	0.0 	9.3 	RB23		Miami Dolphins	Denver Broncos	0 	0.0 	42 	0.3 	2.0 	11 	0.1 	0.0 	0.1 	0.0 	0.0 	7.1 	RB30		Miami Dolphins	Chicago Bears	0 	0.0 	47 	0.4 	2.1 	11 	0.1 	0.0 	0.1 	0.0 	0.0 	8.3 	RB26		Miami Dolphins	Green Bay Packers	0 	0.0 	43 	0.3 	2.1 	11 	0.1 	0.0 	0.1 	0.0 	0.0 	7.4 	RB34		Miami Dolphins	Los Angeles Chargers	0 	0.0 	46 	0.4 	2.1 	11 	0.1 	0.0 	0.1 	0.0 	0.0 	8.0 	RB30		Miami Dolphins	Buffalo Bills	0 	0.0 	45 	0.4 	2.1 	11 	0.1 	0.0 	0.1 	0.0 	0.0 	7.9 	RB29		Actual	Actual	Actual	Actual	Forecast	Forecast	Forecast	Forecast	Forecast	Forecast	Forecast	Forecast	Forecast	Forecast	Forecast	Forecast	Forecast		Healthy	Healthy	Healthy	Healthy	Healthy	Healthy	Healthy	Healthy	Healthy	Healthy	Healthy	Healthy	Healthy	Healthy	Healthy	Healthy	Healthy		Week 5 2026	10/9/2026	4:29:22 PM	16		5%	5%	45%	46%	0%	0%		0.0 	0	0	0	0	0	0.048538 
	J.K. Dobbins	Denver Broncos	RB	RB31	7.7 	124 	0 	0.0 	0.0 	0.0 	852 	53.2 	5.8 	0.4 	18.9 	1.2 	70 	4.4 	0.2 	0.0 	0.0 	1.9 	0.0 	0.337 	1.000 	0.644 	0 	0.056 	0.000 	92 	79 	(13)	30 	33 	3 	0.363 				-	-		-	-	Jalen Nailor	0.040 	WR93		-	-		3.6 	3.6 	5.3 	5.2 	8.6 	7.8 	10.0 	8.6 	8.7 	0.0 	9.8 	8.2 	10.6 	9.0 	9.1 	8.3 	7.7 		RB45	RB41	RB34	RB39	RB23	RB27	RB19	RB23	RB23	-	RB19	RB30	RB15	RB24	RB25	RB28	RB31		RB26	8.8 	0.0 	0.0 	57.6 	0.5 	1.3 	4.5 	0.0 	25 	0.414 	1.000 	0.706 	0 	0.171 	0.000 	73 	0.448 		106 		-	-		-	-	Jalen Nailor	0.036 	WR94		-	-		RB44	4.4 	0.0 	0.0 	172.7 	1.4 	4.0 	13.5 	0.0 	44 	0.159 	1.000 	0.468 	(0)	0.000 	0.000 	#N/A	0.235 		17.7 		-	-		-	-	Jalen Nailor	5 	WR91		-	-					Denver Broncos	Kansas City Chiefs	0 	0.0 	36 	0.0 	0.0 	0 	0.0 	0.0 	0.0 	0.0 	0.0 	3.6 	RB45		Denver Broncos	Jacksonville Jaguars	0 	0.0 	36 	0.0 	0.0 	0 	0.0 	0.0 	0.0 	0.0 	0.0 	3.6 	RB41		Denver Broncos	Los Angeles Rams	0 	0.0 	49 	0.0 	1.0 	4 	0.0 	0.0 	0.0 	0.0 	0.0 	5.3 	RB34		Denver Broncos	San Francisco 49ers	0 	0.0 	40 	0.0 	2.0 	12 	0.0 	0.0 	0.0 	0.0 	0.0 	5.2 	RB39		Denver Broncos	Los Angeles Chargers	0 	0.0 	56 	0.5 	1.3 	5 	0.0 	0.0 	0.2 	0.0 	0.0 	8.6 	RB23		Denver Broncos	Seattle Seahawks	0 	0.0 	52 	0.4 	1.3 	4 	0.0 	0.0 	0.2 	0.0 	0.0 	7.8 	RB27		Denver Broncos	Arizona Cardinals	0 	0.0 	64 	0.6 	1.3 	5 	0.0 	0.0 	0.2 	0.0 	0.0 	10.0 	RB19		Denver Broncos	Kansas City Chiefs	0 	0.0 	56 	0.5 	1.3 	5 	0.0 	0.0 	0.2 	0.0 	0.0 	8.6 	RB23		Denver Broncos	Carolina Panthers	0 	0.0 	56 	0.5 	1.3 	5 	0.0 	0.0 	0.2 	0.0 	0.0 	8.7 	RB23		Denver Broncos	BYE	0 	0.0 	0 	0.0 	0.0 	0 	0.0 	0.0 	0.0 	0.0 	0.0 	0.0 	-		Denver Broncos	Las Vegas Raiders	0 	0.0 	63 	0.5 	1.3 	4 	0.0 	0.0 	0.2 	0.0 	0.0 	9.8 	RB19		Denver Broncos	Pittsburgh Steelers	0 	0.0 	54 	0.4 	1.3 	4 	0.0 	0.0 	0.2 	0.0 	0.0 	8.2 	RB30		Denver Broncos	Miami Dolphins	0 	0.0 	67 	0.6 	1.3 	4 	0.0 	0.0 	0.2 	0.0 	0.0 	10.6 	RB15		Denver Broncos	New York Jets	0 	0.0 	59 	0.5 	1.3 	4 	0.0 	0.0 	0.2 	0.0 	0.0 	9.0 	RB24		Denver Broncos	Las Vegas Raiders	0 	0.0 	59 	0.5 	1.3 	4 	0.0 	0.0 	0.2 	0.0 	0.0 	9.1 	RB25		Denver Broncos	Buffalo Bills	0 	0.0 	53 	0.4 	1.4 	5 	0.0 	0.0 	0.2 	0.0 	0.0 	8.3 	RB28		Denver Broncos	New England Patriots	0 	0.0 	51 	0.4 	1.3 	4 	0.0 	0.0 	0.2 	0.0 	0.0 	7.7 	RB31		Actual	Actual	Actual	Actual	Forecast	Forecast	Forecast	Forecast	Forecast	Forecast	Forecast	Forecast	Forecast	Forecast	Forecast	Forecast	Forecast		Healthy	Healthy	Healthy	Healthy	Healthy	Healthy	Healthy	Healthy	Healthy	Healthy	Healthy	Healthy	Healthy	Healthy	Healthy	Healthy	Healthy		Week 5 2026	10/9/2026	4:29:22 PM	16		2%	1%	49%	52%	0%	0%		0.2 	0	0	0	0	0	0.213920 
	Jakobi Meyers	Jacksonville Jaguars	WR	WR39	6.7 	107 	0 	0.0 	0.0 	0.0 	2 	0.1 	0.0 	0.0 	57.0 	3.6 	715 	44.7 	5.9 	0.4 	0.0 	0.1 	0.0 	0.291 	1.000 	0.620 	0 	0.091 	0.000 	93 	97 	4 	38 	40 	2 	0.359 				-	-		-	-	Zachariah Branch	0.030 	WR95		-	-		10.2 	2.8 	12.4 	3.3 	6.3 	6.4 	0.0 	6.8 	6.6 	6.5 	6.5 	6.6 	6.4 	6.5 	6.1 	6.7 	6.8 		WR21	WR56	WR16	WR56	WR40	WR37	-	WR36	WR42	WR39	WR33	WR42	WR41	WR42	WR50	WR40	WR39		WR43	6.5 	0.0 	0.0 	0.0 	0.0 	3.7 	45.8 	0.3 	43 	0.305 	1.000 	0.570 	0 	0.098 	0.000 	106 	0.341 		78 		-	-		-	-	Zachariah Branch	0.041 	WR93		-	-		WR29	7.2 	0.0 	0.0 	0.0 	0.0 	11.0 	137.5 	1.0 	29 	0.257 	1.000 	0.710 	0 	0.119 	0.000 	#N/A	0.406 		28.7 		-	-		-	-	Zachariah Branch	3 	WR93		-	-					Jacksonville Jaguars	Cleveland Browns	0 	0.0 	2 	0.0 	2.0 	40 	1.0 	0.0 	0.0 	0.0 	0.0 	10.2 	WR21		Jacksonville Jaguars	Denver Broncos	0 	0.0 	0 	0.0 	1.0 	28 	0.0 	0.0 	0.0 	0.0 	0.0 	2.8 	WR56		Jacksonville Jaguars	New England Patriots	0 	0.0 	0 	0.0 	7.0 	64 	1.0 	0.0 	0.0 	0.0 	0.0 	12.4 	WR16		Jacksonville Jaguars	Cincinnati Bengals	0 	0.0 	0 	0.0 	3.0 	33 	0.0 	0.0 	0.0 	0.0 	0.0 	3.3 	WR56		Jacksonville Jaguars	Philadelphia Eagles	0 	0.0 	0 	0.0 	3.5 	44 	0.3 	0.0 	0.0 	0.0 	0.0 	6.3 	WR40		Jacksonville Jaguars	Houston Texans	0 	0.0 	0 	0.0 	3.6 	45 	0.3 	0.0 	0.0 	0.0 	0.0 	6.4 	WR37		Jacksonville Jaguars	BYE	0 	0.0 	0 	0.0 	0.0 	0 	0.0 	0.0 	0.0 	0.0 	0.0 	0.0 	-		Jacksonville Jaguars	Indianapolis Colts	0 	0.0 	0 	0.0 	3.8 	47 	0.4 	0.0 	0.0 	0.0 	0.0 	6.8 	WR36		Jacksonville Jaguars	Baltimore Ravens	0 	0.0 	0 	0.0 	3.7 	47 	0.3 	0.0 	0.0 	0.0 	0.0 	6.6 	WR42		Jacksonville Jaguars	Tennessee Titans	0 	0.0 	0 	0.0 	3.7 	46 	0.3 	0.0 	0.0 	0.0 	0.0 	6.5 	WR39		Jacksonville Jaguars	New York Giants	0 	0.0 	0 	0.0 	3.7 	46 	0.3 	0.0 	0.0 	0.0 	0.0 	6.5 	WR33		Jacksonville Jaguars	Tennessee Titans	0 	0.0 	0 	0.0 	3.7 	46 	0.3 	0.0 	0.0 	0.0 	0.0 	6.6 	WR42		Jacksonville Jaguars	Chicago Bears	0 	0.0 	0 	0.0 	3.6 	46 	0.3 	0.0 	0.0 	0.0 	0.0 	6.4 	WR41		Jacksonville Jaguars	Pittsburgh Steelers	0 	0.0 	0 	0.0 	3.6 	46 	0.3 	0.0 	0.0 	0.0 	0.0 	6.5 	WR42		Jacksonville Jaguars	Houston Texans	0 	0.0 	0 	0.0 	3.5 	44 	0.3 	0.0 	0.0 	0.0 	0.0 	6.1 	WR50		Jacksonville Jaguars	Dallas Cowboys	0 	0.0 	0 	0.0 	3.8 	47 	0.3 	0.0 	0.0 	0.0 	0.0 	6.7 	WR40		Jacksonville Jaguars	Washington Commanders	0 	0.0 	0 	0.0 	3.8 	47 	0.4 	0.0 	0.0 	0.0 	0.0 	6.8 	WR39		Actual	Actual	Actual	Actual	Forecast	Forecast	Forecast	Forecast	Forecast	Forecast	Forecast	Forecast	Forecast	Forecast	Forecast	Forecast	Forecast		Healthy	Healthy	Healthy	Healthy	Healthy	Healthy	Healthy	Healthy	Healthy	Healthy	Healthy	Healthy	Healthy	Healthy	Healthy	Healthy	Healthy		Week 5 2026	10/9/2026	4:29:22 PM	16		20%	20%	0%	0%	0%	0%		(0.1)	0	0	0	0	0	(0.064400)
	T.J. Hockenson	Minnesota Vikings	TE	TE15	5.9 	95 	0 	0.0 	0.0 	0.0 	0 	0.0 	0.0 	0.0 	78.9 	4.9 	696 	43.5 	4.3 	0.3 	0.0 	0.1 	0.0 	0.258 	0.560 	0.450 	0 	0.190 	0.000 	111 	153 	42 	14 	20 	6 	0.304 				-	-		-	-	Ja'Kobi Lane	0.035 	WR94		-	-		9.6 	2.9 	1.1 	11.9 	5.7 	0.0 	6.0 	5.9 	5.9 	5.7 	5.9 	5.8 	5.8 	5.6 	5.9 	6.0 	5.6 		TE9	TE21	TE28	TE4	TE15	-	TE12	TE11	TE14	TE14	TE12	TE14	TE12	TE17	TE14	TE12	TE17		TE14	5.8 	0.0 	0.0 	0.0 	0.0 	4.7 	41.7 	0.3 	14 	0.271 	0.560 	0.450 	0 	0.213 	0.000 	116 	0.316 		70 		-	-		-	-	Ja'Kobi Lane	0.047 	WR92		-	-		TE13	6.4 	0.0 	0.0 	0.0 	0.0 	14.2 	125.2 	0.8 	13 	0.229 	0.560 	0.458 	1 	0.238 	0.000 	#N/A	0.325 		25.5 		-	-		-	-	Ja'Kobi Lane	1 	WR101		-	-					Minnesota Vikings	Green Bay Packers	0 	0.0 	0 	0.0 	4.0 	36 	1.0 	0.0 	0.0 	0.0 	0.0 	9.6 	TE9		Minnesota Vikings	Chicago Bears	0 	0.0 	0 	0.0 	3.0 	29 	0.0 	0.0 	0.0 	0.0 	0.0 	2.9 	TE21		Minnesota Vikings	Tampa Bay Buccaneers	0 	0.0 	0 	0.0 	2.0 	11 	0.0 	0.0 	0.0 	0.0 	0.0 	1.1 	TE28		Minnesota Vikings	Miami Dolphins	0 	0.0 	0 	0.0 	13.0 	119 	0.0 	0.0 	0.0 	0.0 	0.0 	11.9 	TE4		Minnesota Vikings	New Orleans Saints	0 	0.0 	0 	0.0 	4.6 	41 	0.3 	0.0 	0.0 	0.0 	0.0 	5.7 	TE15		Minnesota Vikings	BYE	0 	0.0 	0 	0.0 	0.0 	0 	0.0 	0.0 	0.0 	0.0 	0.0 	0.0 	-		Minnesota Vikings	Indianapolis Colts	0 	0.0 	0 	0.0 	4.8 	43 	0.3 	0.0 	0.0 	0.0 	0.0 	6.0 	TE12		Minnesota Vikings	Detroit Lions	0 	0.0 	0 	0.0 	4.8 	42 	0.3 	0.0 	0.0 	0.0 	0.0 	5.9 	TE11		Minnesota Vikings	Buffalo Bills	0 	0.0 	0 	0.0 	4.8 	42 	0.3 	0.0 	0.0 	0.0 	0.0 	5.9 	TE14		Minnesota Vikings	Green Bay Packers	0 	0.0 	0 	0.0 	4.7 	42 	0.3 	0.0 	0.0 	0.0 	0.0 	5.7 	TE14		Minnesota Vikings	San Francisco 49ers	0 	0.0 	0 	0.0 	4.8 	42 	0.3 	0.0 	0.0 	0.0 	0.0 	5.9 	TE12		Minnesota Vikings	Atlanta Falcons	0 	0.0 	0 	0.0 	4.7 	41 	0.3 	0.0 	0.0 	0.0 	0.0 	5.8 	TE14		Minnesota Vikings	Carolina Panthers	0 	0.0 	0 	0.0 	4.7 	42 	0.3 	0.0 	0.0 	0.0 	0.0 	5.8 	TE12		Minnesota Vikings	New England Patriots	0 	0.0 	0 	0.0 	4.7 	41 	0.2 	0.0 	0.0 	0.0 	0.0 	5.6 	TE17		Minnesota Vikings	Detroit Lions	0 	0.0 	0 	0.0 	4.8 	42 	0.3 	0.0 	0.0 	0.0 	0.0 	5.9 	TE14		Minnesota Vikings	Washington Commanders	0 	0.0 	0 	0.0 	4.8 	43 	0.3 	0.0 	0.0 	0.0 	0.0 	6.0 	TE12		Minnesota Vikings	New York Jets	0 	0.0 	0 	0.0 	4.6 	40 	0.3 	0.0 	0.0 	0.0 	0.0 	5.6 	TE17		Actual	Actual	Actual	Actual	Forecast	Forecast	Forecast	Forecast	Forecast	Forecast	Forecast	Forecast	Forecast	Forecast	Forecast	Forecast	Forecast		Healthy	Healthy	Healthy	Healthy	Healthy	Healthy	Healthy	Healthy	Healthy	Healthy	Healthy	Healthy	Healthy	Healthy	Healthy	Healthy	Healthy		Week 5 2026	10/9/2026	4:29:22 PM	16		19%	18%	0%	0%	0%	0%		(0.0)	0	0	0	0	0	(0.008690)
	Jordan Love	Green Bay Packers	QB	QB14	16.2 	259 	3,975 	248.4 	27.5 	1.7 	100 	6.2 	0.9 	0.1 	0.0 	0.0 	0 	0.0 	0.0 	0.0 	10.7 	1.9 	0.0 	0.704 	0.460 	0.352 	0 	0.272 	0.000 	107 	137 	30 	12 	17 	5 	0.314 				-	-		-	-	Andrei Iosivas	0.020 	WR97		-	-		19.5 	13.8 	18.5 	13.1 	15.7 	16.7 	16.7 	16.9 	15.6 	16.1 	0.0 	15.7 	16.1 	16.7 	16.8 	15.8 	15.3 		QB11	QB20	QB18	QB20	QB13	QB9	QB6	QB10	QB21	QB11	-	QB20	QB15	QB8	QB9	QB17	QB18		QB12	16.2 	244.5 	1.6 	9.0 	0.1 	0.0 	0.0 	0.0 	10 	0.757 	0.460 	0.374 	1 	0.475 	0.000 	81 	0.421 		194 		-	-		-	-	Andrei Iosivas	0.027 	WR96		-	-		QB15	16.2 	733.4 	4.9 	26.9 	0.2 	0.0 	0.0 	0.0 	15 	0.582 	0.460 	0.317 	1 	0.271 	0.000 	#N/A	0.295 		64.8 		-	-		-	-	Andrei Iosivas	2 	WR98		-	-					Green Bay Packers	Minnesota Vikings	387 	2.0 	0 	0.0 	0.0 	0 	0.0 	1.0 	1.0 	0.0 	0.0 	19.5 	QB11		Green Bay Packers	New York Jets	145 	2.0 	0 	0.0 	0.0 	0 	0.0 	0.0 	0.0 	0.0 	0.0 	13.8 	QB20		Green Bay Packers	Atlanta Falcons	312 	2.0 	0 	0.0 	0.0 	0 	0.0 	1.0 	0.0 	0.0 	0.0 	18.5 	QB18		Green Bay Packers	Tampa Bay Buccaneers	197 	2.0 	(8)	0.0 	0.0 	0 	0.0 	1.0 	0.0 	0.0 	0.0 	13.1 	QB20		Green Bay Packers	Chicago Bears	241 	1.5 	9 	0.1 	0.0 	0 	0.0 	0.6 	0.1 	0.0 	0.0 	15.7 	QB13		Green Bay Packers	Dallas Cowboys	249 	1.7 	10 	0.1 	0.0 	0 	0.0 	0.6 	0.1 	0.0 	0.0 	16.7 	QB9		Green Bay Packers	Detroit Lions	249 	1.7 	10 	0.1 	0.0 	0 	0.0 	0.6 	0.1 	0.0 	0.0 	16.7 	QB6		Green Bay Packers	Carolina Panthers	242 	1.7 	12 	0.1 	0.0 	0 	0.0 	0.6 	0.1 	0.0 	0.0 	16.9 	QB10		Green Bay Packers	New England Patriots	243 	1.6 	8 	0.1 	0.0 	0 	0.0 	0.6 	0.1 	0.0 	0.0 	15.6 	QB21		Green Bay Packers	Minnesota Vikings	243 	1.6 	9 	0.1 	0.0 	0 	0.0 	0.6 	0.1 	0.0 	0.0 	16.1 	QB11		Green Bay Packers	BYE	0 	0.0 	0 	0.0 	0.0 	0 	0.0 	0.0 	0.0 	0.0 	0.0 	0.0 	-		Green Bay Packers	Los Angeles Rams	246 	1.6 	7 	0.1 	0.0 	0 	0.0 	0.6 	0.1 	0.0 	0.0 	15.7 	QB20		Green Bay Packers	New Orleans Saints	243 	1.6 	9 	0.1 	0.0 	0 	0.0 	0.6 	0.1 	0.0 	0.0 	16.1 	QB15		Green Bay Packers	Buffalo Bills	250 	1.7 	8 	0.1 	0.0 	0 	0.0 	0.6 	0.1 	0.0 	0.0 	16.7 	QB8		Green Bay Packers	Miami Dolphins	243 	1.8 	10 	0.1 	0.0 	0 	0.0 	0.6 	0.1 	0.0 	0.0 	16.8 	QB9		Green Bay Packers	Chicago Bears	245 	1.6 	8 	0.1 	0.0 	0 	0.0 	0.6 	0.1 	0.0 	0.0 	15.8 	QB17		Green Bay Packers	Houston Texans	238 	1.5 	8 	0.1 	0.0 	0 	0.0 	0.6 	0.1 	0.0 	0.0 	15.3 	QB18		Actual	Actual	Actual	Actual	Forecast	Forecast	Forecast	Forecast	Forecast	Forecast	Forecast	Forecast	Forecast	Forecast	Forecast	Forecast	Forecast		Healthy	Healthy	Healthy	Healthy	Healthy	Healthy	Healthy	Healthy	Healthy	Healthy	Healthy	Healthy	Healthy	Healthy	Healthy	Healthy	Healthy		Week 5 2026	10/9/2026	4:29:22 PM	16		0%	0%	8%	7%	99%	99%		0.1 	0	0	0	0	0	0.126369 
	Tre Tucker	Las Vegas Raiders	WR	WR38	6.8 	108 	0 	0.0 	0.0 	0.0 	12 	0.7 	0.0 	0.0 	54.5 	3.4 	806 	50.4 	4.4 	0.3 	0.0 	0.1 	0.0 	0.294 	1.000 	0.630 	0 	0.097 	0.000 	88 	188 	100 	37 	64 	27 	0.366 				-	-		-	-	Jauan Jennings	0.015 	WR98		-	-		2.7 	17.9 	4.3 	4.4 	6.7 	7.2 	6.8 	6.4 	6.7 	6.4 	6.3 	6.3 	0.0 	6.5 	6.3 	6.6 	6.6 		WR64	WR6	WR50	WR50	WR34	WR31	WR37	WR41	WR41	WR40	WR37	WR47	-	WR40	WR46	WR42	WR42		WR42	6.6 	0.0 	0.0 	1.0 	0.0 	3.3 	47.7 	0.3 	42 	0.307 	1.000 	0.580 	0 	0.102 	0.000 	103 	0.348 		79 		-	-		-	-	Jauan Jennings	0.031 	WR95		-	-		WR28	7.3 	0.0 	0.0 	3.0 	0.0 	9.9 	143.2 	0.9 	28 	0.263 	1.000 	0.720 	1 	0.129 	0.000 	#N/A	0.415 		29.3 		-	-		-	-	Jauan Jennings	1 	WR102		-	-					Las Vegas Raiders	Miami Dolphins	0 	0.0 	0 	0.0 	2.0 	27 	0.0 	0.0 	0.0 	0.0 	0.0 	2.7 	WR64		Las Vegas Raiders	Los Angeles Chargers	0 	0.0 	0 	0.0 	5.0 	119 	1.0 	0.0 	0.0 	0.0 	0.0 	17.9 	WR6		Las Vegas Raiders	New Orleans Saints	0 	0.0 	0 	0.0 	4.0 	43 	0.0 	0.0 	0.0 	0.0 	0.0 	4.3 	WR50		Las Vegas Raiders	Kansas City Chiefs	0 	0.0 	0 	0.0 	4.0 	44 	0.0 	0.0 	0.0 	0.0 	0.0 	4.4 	WR50		Las Vegas Raiders	New England Patriots	0 	0.0 	1 	0.0 	3.3 	49 	0.3 	0.0 	0.0 	0.0 	0.0 	6.7 	WR34		Las Vegas Raiders	Buffalo Bills	0 	0.0 	1 	0.0 	3.5 	51 	0.3 	0.0 	0.0 	0.0 	0.0 	7.2 	WR31		Las Vegas Raiders	Los Angeles Rams	0 	0.0 	1 	0.0 	3.4 	49 	0.3 	0.0 	0.0 	0.0 	0.0 	6.8 	WR37		Las Vegas Raiders	New York Jets	0 	0.0 	1 	0.0 	3.2 	46 	0.3 	0.0 	0.0 	0.0 	0.0 	6.4 	WR41		Las Vegas Raiders	San Francisco 49ers	0 	0.0 	1 	0.0 	3.4 	49 	0.3 	0.0 	0.0 	0.0 	0.0 	6.7 	WR41		Las Vegas Raiders	Seattle Seahawks	0 	0.0 	1 	0.0 	3.3 	47 	0.3 	0.0 	0.0 	0.0 	0.0 	6.4 	WR40		Las Vegas Raiders	Denver Broncos	0 	0.0 	1 	0.0 	3.3 	47 	0.3 	0.0 	0.0 	0.0 	0.0 	6.3 	WR37		Las Vegas Raiders	Cleveland Browns	0 	0.0 	1 	0.0 	3.2 	46 	0.3 	0.0 	0.0 	0.0 	0.0 	6.3 	WR47		Las Vegas Raiders	BYE	0 	0.0 	0 	0.0 	0.0 	0 	0.0 	0.0 	0.0 	0.0 	0.0 	0.0 	-		Las Vegas Raiders	Los Angeles Chargers	0 	0.0 	1 	0.0 	3.3 	48 	0.3 	0.0 	0.0 	0.0 	0.0 	6.5 	WR40		Las Vegas Raiders	Denver Broncos	0 	0.0 	1 	0.0 	3.2 	46 	0.3 	0.0 	0.0 	0.0 	0.0 	6.3 	WR46		Las Vegas Raiders	Tennessee Titans	0 	0.0 	1 	0.0 	3.3 	47 	0.3 	0.0 	0.0 	0.0 	0.0 	6.6 	WR42		Las Vegas Raiders	Arizona Cardinals	0 	0.0 	1 	0.0 	3.3 	47 	0.3 	0.0 	0.0 	0.0 	0.0 	6.6 	WR42		Actual	Actual	Actual	Actual	Forecast	Forecast	Forecast	Forecast	Forecast	Forecast	Forecast	Forecast	Forecast	Forecast	Forecast	Forecast	Forecast		Healthy	Healthy	Healthy	Healthy	Healthy	Healthy	Healthy	Healthy	Healthy	Healthy	Healthy	Healthy	Healthy	Healthy	Healthy	Healthy	Healthy		Week 5 2026	10/9/2026	4:29:22 PM	16		21%	19%	1%	0%	0%	0%		(0.1)	0	0	0	0	0	(0.066936)
	Travis Etienne Jr.	New Orleans Saints	RB	RB36	7.7 	93 	0 	0.0 	0.0 	0.0 	470 	39.2 	2.4 	0.2 	35.0 	2.9 	231 	19.2 	1.5 	0.1 	0.0 	1.3 	0.0 	0.252 	1.000 	0.557 	0 	0.055 	0.000 	110 	32 	(78)	37 	17 	(20)	0.311 				-	-		-	-	Jack Bech	0.025 	WR96		-	-		7.8 	5.1 	7.0 	0.0 	0.0 	0.0 	0.0 	0.0 	8.6 	8.6 	7.3 	7.5 	7.7 	7.9 	7.8 	9.4 	8.1 		RB28	RB33	RB28	-	-	-	-	-	RB24	RB23	RB28	RB32	RB28	RB28	RB31	RB23	RB28		RB33	8.1 	0.0 	0.0 	38.0 	0.3 	2.7 	20.0 	0.2 	36 	0.284 	1.000 	0.569 	0 	0.107 	0.000 	105 	0.342 		73 		-	-		-	-	Jack Bech	0.004 	WR104		-	-		RB38	6.6 	0.0 	0.0 	114.1 	0.8 	8.0 	59.9 	0.5 	38 	0.179 	1.000 	0.544 	(0)	0.000 	0.000 	#N/A	0.272 		19.9 		-	-		-	-	Jack Bech	11 	WR79		-	-					New Orleans Saints	Detroit Lions	0 	0.0 	46 	0.0 	7.0 	32 	0.0 	0.0 	0.0 	0.0 	0.0 	7.8 	RB28		New Orleans Saints	Baltimore Ravens	0 	0.0 	25 	0.0 	2.0 	6 	0.0 	0.0 	0.0 	0.0 	1.0 	5.1 	RB33		New Orleans Saints	Las Vegas Raiders	0 	0.0 	57 	0.0 	2.0 	13 	0.0 	0.0 	0.0 	0.0 	0.0 	7.0 	RB28		New Orleans Saints	Atlanta Falcons	0 	0.0 	0 	0.0 	0.0 	0 	0.0 	0.0 	0.0 	0.0 	0.0 	0.0 	-		New Orleans Saints	Minnesota Vikings	0 	0.0 	0 	0.0 	0.0 	0 	0.0 	0.0 	0.0 	0.0 	0.0 	0.0 	-		New Orleans Saints	New York Giants	0 	0.0 	0 	0.0 	0.0 	0 	0.0 	0.0 	0.0 	0.0 	0.0 	0.0 	-		New Orleans Saints	Pittsburgh Steelers	0 	0.0 	0 	0.0 	0.0 	0 	0.0 	0.0 	0.0 	0.0 	0.0 	0.0 	-		New Orleans Saints	BYE	0 	0.0 	0 	0.0 	0.0 	0 	0.0 	0.0 	0.0 	0.0 	0.0 	0.0 	-		New Orleans Saints	Cleveland Browns	0 	0.0 	41 	0.3 	2.6 	20 	0.2 	0.0 	0.1 	0.0 	0.0 	8.6 	RB24		New Orleans Saints	Carolina Panthers	0 	0.0 	41 	0.3 	2.6 	20 	0.2 	0.0 	0.1 	0.0 	0.0 	8.6 	RB23		New Orleans Saints	Chicago Bears	0 	0.0 	33 	0.2 	2.7 	20 	0.2 	0.0 	0.1 	0.0 	0.0 	7.3 	RB28		New Orleans Saints	Cincinnati Bengals	0 	0.0 	34 	0.2 	2.7 	20 	0.2 	0.0 	0.1 	0.0 	0.0 	7.5 	RB32		New Orleans Saints	Green Bay Packers	0 	0.0 	36 	0.2 	2.7 	20 	0.2 	0.0 	0.1 	0.0 	0.0 	7.7 	RB28		New Orleans Saints	Carolina Panthers	0 	0.0 	38 	0.3 	2.6 	20 	0.2 	0.0 	0.1 	0.0 	0.0 	7.9 	RB28		New Orleans Saints	Tampa Bay Buccaneers	0 	0.0 	36 	0.2 	2.7 	20 	0.2 	0.0 	0.1 	0.0 	0.0 	7.8 	RB31		New Orleans Saints	Arizona Cardinals	0 	0.0 	45 	0.3 	2.7 	20 	0.2 	0.0 	0.1 	0.0 	0.0 	9.4 	RB23		New Orleans Saints	Atlanta Falcons	0 	0.0 	38 	0.3 	2.6 	20 	0.2 	0.0 	0.1 	0.0 	0.0 	8.1 	RB28		Actual	Actual	Actual	Actual	Forecast	Forecast	Forecast	Forecast	Forecast	Forecast	Forecast	Forecast	Forecast	Forecast	Forecast	Forecast	Forecast		Healthy	Healthy	Healthy	Injured	Injured	Injured	Injured	Healthy	Healthy	Healthy	Healthy	Healthy	Healthy	Healthy	Healthy	Healthy	Healthy		Week 5 2026	10/9/2026	4:29:22 PM	16		8%	10%	44%	43%	0%	0%		0.1 	0	0	1	1	1	
	Jordan Addison	Minnesota Vikings	WR	WR40	6.9 	104 	0 	0.0 	0.0 	0.0 	13 	0.9 	0.0 	0.0 	51.1 	3.4 	741 	49.4 	4.8 	0.3 	0.0 	0.1 	0.0 	0.283 	1.000 	0.590 	0 	0.113 	0.000 	95 	101 	6 	41 	41 	0 	0.353 				-	-		-	-	Jordan Whittington	0.011 	WR99		-	-		0.0 	2.1 	15.0 	5.1 	6.4 	0.0 	7.1 	6.9 	7.0 	6.7 	6.9 	6.9 	6.9 	6.6 	6.9 	7.1 	6.6 		-	WR68	WR8	WR45	WR38	-	WR31	WR33	WR37	WR37	WR31	WR38	WR36	WR39	WR39	WR37	WR44		WR40	6.8 	0.0 	0.0 	1.2 	0.0 	3.3 	48.1 	0.3 	40 	0.319 	1.000 	0.600 	0 	0.129 	0.000 	98 	0.369 		82 		-	-		-	-	Jordan Whittington	0.022 	WR97		-	-		WR50	7.4 	0.0 	0.0 	4.8 	0.0 	13.4 	192.5 	1.3 	50 	0.199 	1.000 	0.500 	0 	0.017 	0.000 	#N/A	0.262 		22.2 		-	-		-	-	Jordan Whittington	1 	WR100		-	-					Minnesota Vikings	Green Bay Packers	0 	0.0 	0 	0.0 	0.0 	0 	0.0 	0.0 	0.0 	0.0 	0.0 	0.0 	-		Minnesota Vikings	Chicago Bears	0 	0.0 	0 	0.0 	2.0 	21 	0.0 	0.0 	0.0 	0.0 	0.0 	2.1 	WR68		Minnesota Vikings	Tampa Bay Buccaneers	0 	0.0 	0 	0.0 	5.0 	90 	1.0 	0.0 	0.0 	0.0 	0.0 	15.0 	WR8		Minnesota Vikings	Miami Dolphins	0 	0.0 	(1)	0.0 	4.0 	52 	0.0 	0.0 	0.0 	0.0 	0.0 	5.1 	WR45		Minnesota Vikings	New Orleans Saints	0 	0.0 	1 	0.0 	3.1 	45 	0.3 	0.0 	0.0 	0.0 	0.0 	6.4 	WR38		Minnesota Vikings	BYE	0 	0.0 	0 	0.0 	0.0 	0 	0.0 	0.0 	0.0 	0.0 	0.0 	0.0 	-		Minnesota Vikings	Indianapolis Colts	0 	0.0 	1 	0.0 	3.4 	49 	0.3 	0.0 	0.0 	0.0 	0.0 	7.1 	WR31		Minnesota Vikings	Detroit Lions	0 	0.0 	1 	0.0 	3.4 	49 	0.3 	0.0 	0.0 	0.0 	0.0 	6.9 	WR33		Minnesota Vikings	Buffalo Bills	0 	0.0 	1 	0.0 	3.4 	49 	0.3 	0.0 	0.0 	0.0 	0.0 	7.0 	WR37		Minnesota Vikings	Green Bay Packers	0 	0.0 	1 	0.0 	3.4 	48 	0.3 	0.0 	0.0 	0.0 	0.0 	6.7 	WR37		Minnesota Vikings	San Francisco 49ers	0 	0.0 	1 	0.0 	3.4 	49 	0.3 	0.0 	0.0 	0.0 	0.0 	6.9 	WR31		Minnesota Vikings	Atlanta Falcons	0 	0.0 	1 	0.0 	3.3 	48 	0.3 	0.0 	0.0 	0.0 	0.0 	6.9 	WR38		Minnesota Vikings	Carolina Panthers	0 	0.0 	1 	0.0 	3.3 	48 	0.3 	0.0 	0.0 	0.0 	0.0 	6.9 	WR36		Minnesota Vikings	New England Patriots	0 	0.0 	1 	0.0 	3.3 	47 	0.3 	0.0 	0.0 	0.0 	0.0 	6.6 	WR39		Minnesota Vikings	Detroit Lions	0 	0.0 	1 	0.0 	3.4 	49 	0.3 	0.0 	0.0 	0.0 	0.0 	6.9 	WR39		Minnesota Vikings	Washington Commanders	0 	0.0 	1 	0.0 	3.4 	49 	0.3 	0.0 	0.0 	0.0 	0.0 	7.1 	WR37		Minnesota Vikings	New York Jets	0 	0.0 	1 	0.0 	3.3 	47 	0.3 	0.0 	0.0 	0.0 	0.0 	6.6 	WR44		Actual	Actual	Actual	Actual	Forecast	Forecast	Forecast	Forecast	Forecast	Forecast	Forecast	Forecast	Forecast	Forecast	Forecast	Forecast	Forecast		Healthy	Healthy	Healthy	Healthy	Limited / Handicapped	Healthy	Healthy	Healthy	Healthy	Healthy	Healthy	Healthy	Healthy	Healthy	Healthy	Healthy	Healthy		Week 5 2026	10/9/2026	4:29:22 PM	16		22%	21%	1%	0%	0%	0%		0.1 	0	0	0	0	0	0.107607 
	Dallas Goedert	Philadelphia Eagles	TE	TE11	6.9 	97 	0 	0.0 	0.0 	0.0 	0 	0.0 	0.0 	0.0 	59.4 	4.2 	620 	44.3 	5.9 	0.4 	0.0 	0.1 	0.0 	0.263 	0.560 	0.458 	1 	0.335 	0.000 	86 	113 	27 	13 	15 	2 	0.374 				-	-		-	-	Olamide Zaccheaus	0.005 	WR101		-	-		19.7 	0.4 	0.0 	0.0 	6.7 	6.0 	6.8 	6.5 	6.5 	0.0 	6.3 	6.6 	6.3 	6.6 	6.3 	5.9 	6.3 		TE2	TE33	-	-	TE10	TE12	TE10	TE9	TE11	-	TE10	TE11	TE10	TE9	TE12	TE14	TE12		TE12	6.4 	0.0 	0.0 	0.0 	0.0 	4.5 	44.9 	0.3 	12 	0.300 	0.560 	0.467 	1 	0.311 	0.000 	97 	0.372 		77 		-	-		-	-	Olamide Zaccheaus	0.011 	WR99		-	-		TE23	10.1 	0.0 	0.0 	0.0 	0.0 	27.2 	269.5 	1.9 	23 	0.180 	0.560 	0.366 	0 	0.059 	0.000 	#N/A	0.200 		20.1 		-	-		-	-	Olamide Zaccheaus	2 	WR99		-	-					Philadelphia Eagles	Washington Commanders	0 	0.0 	0 	0.0 	4.0 	77 	2.0 	0.0 	0.0 	0.0 	0.0 	19.7 	TE2		Philadelphia Eagles	Tennessee Titans	0 	0.0 	0 	0.0 	1.0 	4 	0.0 	0.0 	0.0 	0.0 	0.0 	0.4 	TE33		Philadelphia Eagles	Chicago Bears	0 	0.0 	0 	0.0 	0.0 	0 	0.0 	0.0 	0.0 	0.0 	0.0 	0.0 	-		Philadelphia Eagles	Los Angeles Rams	0 	0.0 	0 	0.0 	0.0 	0 	0.0 	0.0 	0.0 	0.0 	0.0 	0.0 	-		Philadelphia Eagles	Jacksonville Jaguars	0 	0.0 	0 	0.0 	5.1 	50 	0.3 	0.0 	0.0 	0.0 	0.0 	6.7 	TE10		Philadelphia Eagles	Carolina Panthers	0 	0.0 	0 	0.0 	4.3 	42 	0.3 	0.0 	0.0 	0.0 	0.0 	6.0 	TE12		Philadelphia Eagles	Dallas Cowboys	0 	0.0 	0 	0.0 	4.7 	46 	0.4 	0.0 	0.0 	0.0 	0.0 	6.8 	TE10		Philadelphia Eagles	Washington Commanders	0 	0.0 	0 	0.0 	4.6 	45 	0.3 	0.0 	0.0 	0.0 	0.0 	6.5 	TE9		Philadelphia Eagles	New York Giants	0 	0.0 	0 	0.0 	4.5 	45 	0.3 	0.0 	0.0 	0.0 	0.0 	6.5 	TE11		Philadelphia Eagles	BYE	0 	0.0 	0 	0.0 	0.0 	0 	0.0 	0.0 	0.0 	0.0 	0.0 	0.0 	-		Philadelphia Eagles	Pittsburgh Steelers	0 	0.0 	0 	0.0 	4.5 	44 	0.3 	0.0 	0.0 	0.0 	0.0 	6.3 	TE10		Philadelphia Eagles	Dallas Cowboys	0 	0.0 	0 	0.0 	4.7 	46 	0.3 	0.0 	0.0 	0.0 	0.0 	6.6 	TE11		Philadelphia Eagles	Arizona Cardinals	0 	0.0 	0 	0.0 	4.4 	43 	0.3 	0.0 	0.0 	0.0 	0.0 	6.3 	TE10		Philadelphia Eagles	Indianapolis Colts	0 	0.0 	0 	0.0 	4.6 	45 	0.4 	0.0 	0.0 	0.0 	0.0 	6.6 	TE9		Philadelphia Eagles	Seattle Seahawks	0 	0.0 	0 	0.0 	4.5 	44 	0.3 	0.0 	0.0 	0.0 	0.0 	6.3 	TE12		Philadelphia Eagles	Houston Texans	0 	0.0 	0 	0.0 	4.3 	42 	0.3 	0.0 	0.0 	0.0 	0.0 	5.9 	TE14		Philadelphia Eagles	San Francisco 49ers	0 	0.0 	0 	0.0 	4.5 	45 	0.3 	0.0 	0.0 	0.0 	0.0 	6.3 	TE12		Actual	Actual	Actual	Actual	Forecast	Forecast	Forecast	Forecast	Forecast	Forecast	Forecast	Forecast	Forecast	Forecast	Forecast	Forecast	Forecast		Healthy	Healthy	Injured	Injured	Healthy	Limited / Handicapped	Healthy	Healthy	Healthy	Healthy	Healthy	Healthy	Healthy	Healthy	Healthy	Healthy	Healthy		Week 5 2026	10/9/2026	4:29:22 PM	16		21%	21%	0%	0%	0%	0%		0.2 	0	1	1	0	0	
	Trevor Lawrence	Jacksonville Jaguars	QB	QB13	16.2 	259 	3,565 	222.8 	27.4 	1.7 	193 	12.0 	1.5 	0.1 	0.0 	0.0 	0 	0.0 	0.0 	0.0 	9.7 	0.9 	0.0 	0.704 	0.460 	0.363 	0 	0.272 	0.000 	104 	90 	(14)	11 	9 	(2)	0.321 				-	-		-	-	Omar Cooper Jr.	0.006 	WR100		-	-		26.1 	6.2 	19.8 	13.1 	15.9 	15.8 	0.0 	17.3 	16.0 	16.2 	16.2 	16.6 	15.6 	16.1 	14.7 	16.6 	17.1 		QB5	QB30	QB15	QB19	QB12	QB14	-	QB6	QB16	QB10	QB14	QB10	QB19	QB16	QB27	QB8	QB6		QB13	16.2 	226.9 	1.6 	13.2 	0.1 	0.0 	0.0 	0.0 	11 	0.757 	0.460 	0.363 	1 	0.473 	0.000 	83 	0.415 		194 		-	-		-	-	Omar Cooper Jr.	0.006 	WR100		-	-		QB14	16.3 	680.6 	4.8 	39.7 	0.4 	0.0 	0.0 	0.0 	14 	0.584 	0.460 	0.329 	1 	0.275 	0.000 	#N/A	0.304 		65.1 		-	-		-	-	Omar Cooper Jr.	3 	WR94		-	-					Jacksonville Jaguars	Cleveland Browns	245 	4.0 	3 	0.0 	0.0 	0 	0.0 	0.0 	0.0 	0.0 	0.0 	26.1 	QB5		Jacksonville Jaguars	Denver Broncos	189 	0.0 	6 	0.0 	0.0 	0 	0.0 	1.0 	0.0 	0.0 	0.0 	6.2 	QB30		Jacksonville Jaguars	New England Patriots	182 	3.0 	25 	0.0 	0.0 	0 	0.0 	1.0 	0.0 	0.0 	0.0 	19.8 	QB15		Jacksonville Jaguars	Cincinnati Bengals	227 	1.0 	0 	0.0 	0.0 	0 	0.0 	0.0 	0.0 	0.0 	0.0 	13.1 	QB19		Jacksonville Jaguars	Philadelphia Eagles	218 	1.6 	15 	0.1 	0.0 	0 	0.0 	0.6 	0.1 	0.0 	0.0 	15.9 	QB12		Jacksonville Jaguars	Houston Texans	224 	1.6 	13 	0.1 	0.0 	0 	0.0 	0.6 	0.1 	0.0 	0.0 	15.8 	QB14		Jacksonville Jaguars	BYE	0 	0.0 	0 	0.0 	0.0 	0 	0.0 	0.0 	0.0 	0.0 	0.0 	0.0 	-		Jacksonville Jaguars	Indianapolis Colts	232 	1.8 	15 	0.1 	0.0 	0 	0.0 	0.6 	0.1 	0.0 	0.0 	17.3 	QB6		Jacksonville Jaguars	Baltimore Ravens	231 	1.6 	12 	0.1 	0.0 	0 	0.0 	0.6 	0.1 	0.0 	0.0 	16.0 	QB16		Jacksonville Jaguars	Tennessee Titans	227 	1.6 	13 	0.1 	0.0 	0 	0.0 	0.6 	0.1 	0.0 	0.0 	16.2 	QB10		Jacksonville Jaguars	New York Giants	227 	1.6 	13 	0.1 	0.0 	0 	0.0 	0.6 	0.1 	0.0 	0.0 	16.2 	QB14		Jacksonville Jaguars	Tennessee Titans	227 	1.7 	14 	0.1 	0.0 	0 	0.0 	0.6 	0.1 	0.0 	0.0 	16.6 	QB10		Jacksonville Jaguars	Chicago Bears	225 	1.5 	12 	0.1 	0.0 	0 	0.0 	0.6 	0.1 	0.0 	0.0 	15.6 	QB19		Jacksonville Jaguars	Pittsburgh Steelers	226 	1.6 	13 	0.1 	0.0 	0 	0.0 	0.6 	0.1 	0.0 	0.0 	16.1 	QB16		Jacksonville Jaguars	Houston Texans	218 	1.4 	12 	0.1 	0.0 	0 	0.0 	0.6 	0.1 	0.0 	0.0 	14.7 	QB27		Jacksonville Jaguars	Dallas Cowboys	233 	1.7 	13 	0.1 	0.0 	0 	0.0 	0.6 	0.1 	0.0 	0.0 	16.6 	QB8		Jacksonville Jaguars	Washington Commanders	234 	1.8 	14 	0.1 	0.0 	0 	0.0 	0.6 	0.1 	0.0 	0.0 	17.1 	QB6		Actual	Actual	Actual	Actual	Forecast	Forecast	Forecast	Forecast	Forecast	Forecast	Forecast	Forecast	Forecast	Forecast	Forecast	Forecast	Forecast		Healthy	Healthy	Healthy	Healthy	Healthy	Healthy	Healthy	Healthy	Healthy	Healthy	Healthy	Healthy	Healthy	Healthy	Healthy	Healthy	Healthy		Week 5 2026	10/9/2026	4:29:22 PM	16		0%	0%	11%	14%	99%	99%		0.1 	0	0	0	0	0	0.111346 
	Caleb Williams	Chicago Bears	QB	QB12	18.3 	238 	2,664 	205.0 	19.0 	1.5 	459 	35.3 	4.4 	0.3 	0.0 	0.0 	0 	0.0 	0.0 	0.0 	7.8 	0.9 	0.0 	0.646 	0.460 	0.240 	1 	0.456 	0.000 	99 	86 	(13)	21 	7 	(14)	0.342 				-	-		-	-	Jaylin Lane	0.004 	WR102		-	-		37.3 	8.3 	0.0 	0.0 	0.0 	16.4 	17.4 	16.3 	18.1 	0.0 	17.9 	17.8 	17.7 	17.9 	17.5 	17.4 	17.8 		QB1	QB25	-	-	-	QB11	QB5	QB11	QB4	-	QB4	QB4	QB3	QB5	QB4	QB6	QB3		QB9	17.5 	205.2 	1.5 	32.0 	0.2 	0.0 	0.0 	0.0 	13 	0.749 	0.460 	0.340 	1 	0.605 	0.000 	66 	0.465 		192 		-	-		-	-	Jaylin Lane	0.004 	WR103		-	-		QB23	22.8 	1,128.7 	8.5 	176.1 	1.2 	0.0 	0.0 	0.0 	23 	0.409 	0.460 	0.213 	(0)	0.000 	0.000 	#N/A	0.113 		45.5 		-	-		-	-	Jaylin Lane	3 	WR96		-	-					Chicago Bears	Carolina Panthers	269 	2.0 	65 	2.0 	0.0 	0 	0.0 	0.0 	0.0 	0.0 	0.0 	37.3 	QB1		Chicago Bears	Minnesota Vikings	138 	0.0 	42 	0.0 	0.0 	0 	0.0 	0.7 	0.0 	0.0 	0.0 	8.3 	QB25		Chicago Bears	Philadelphia Eagles	0 	0.0 	0 	0.0 	0.0 	0 	0.0 	0.0 	0.0 	0.0 	0.0 	0.0 	-		Chicago Bears	New York Jets	0 	0.0 	0 	0.0 	0.0 	0 	0.0 	0.0 	0.0 	0.0 	0.0 	0.0 	-		Chicago Bears	Green Bay Packers	0 	0.0 	0 	0.0 	0.0 	0 	0.0 	0.0 	0.0 	0.0 	0.0 	0.0 	-		Chicago Bears	Atlanta Falcons	194 	1.4 	31 	0.2 	0.0 	0 	0.0 	0.6 	0.1 	0.0 	0.0 	16.4 	QB11		Chicago Bears	New England Patriots	204 	1.5 	32 	0.2 	0.0 	0 	0.0 	0.6 	0.1 	0.0 	0.0 	17.4 	QB5		Chicago Bears	Seattle Seahawks	204 	1.4 	28 	0.2 	0.0 	0 	0.0 	0.6 	0.1 	0.0 	0.0 	16.3 	QB11		Chicago Bears	Tampa Bay Buccaneers	209 	1.6 	33 	0.2 	0.0 	0 	0.0 	0.6 	0.1 	0.0 	0.0 	18.1 	QB4		Chicago Bears	BYE	0 	0.0 	0 	0.0 	0.0 	0 	0.0 	0.0 	0.0 	0.0 	0.0 	0.0 	-		Chicago Bears	New Orleans Saints	200 	1.6 	36 	0.3 	0.0 	0 	0.0 	0.6 	0.1 	0.0 	0.0 	17.9 	QB4		Chicago Bears	Detroit Lions	211 	1.6 	31 	0.2 	0.0 	0 	0.0 	0.6 	0.1 	0.0 	0.0 	17.8 	QB4		Chicago Bears	Jacksonville Jaguars	207 	1.6 	33 	0.2 	0.0 	0 	0.0 	0.6 	0.1 	0.0 	0.0 	17.7 	QB3		Chicago Bears	Miami Dolphins	204 	1.6 	34 	0.2 	0.0 	0 	0.0 	0.6 	0.1 	0.0 	0.0 	17.9 	QB5		Chicago Bears	Buffalo Bills	213 	1.6 	30 	0.2 	0.0 	0 	0.0 	0.6 	0.1 	0.0 	0.0 	17.5 	QB4		Chicago Bears	Green Bay Packers	204 	1.5 	32 	0.2 	0.0 	0 	0.0 	0.6 	0.1 	0.0 	0.0 	17.4 	QB6		Chicago Bears	Detroit Lions	207 	1.6 	33 	0.2 	0.0 	0 	0.0 	0.6 	0.1 	0.0 	0.0 	17.8 	QB3		Actual	Actual	Actual	Actual	Forecast	Forecast	Forecast	Forecast	Forecast	Forecast	Forecast	Forecast	Forecast	Forecast	Forecast	Forecast	Forecast		Healthy	Healthy	Injured	Injured	Injured	Limited / Handicapped	Healthy	Healthy	Healthy	Healthy	Healthy	Healthy	Healthy	Healthy	Healthy	Healthy	Healthy		Week 5 2026	10/9/2026	4:29:22 PM	16		0%	0%	22%	21%	99%	99%		0.4 	0	1	1	1	0	
	Emeka Egbuka	Tampa Bay Buccaneers	WR	WR46	6.3 	101 	0 	0.0 	0.0 	0.0 	(3)	(0.2)	0.0 	0.0 	61.3 	3.8 	695 	43.5 	5.3 	0.3 	0.0 	0.1 	0.0 	0.274 	1.000 	0.550 	0 	0.057 	0.000 	108 	53 	(55)	45 	24 	(21)	0.311 				-	-		-	-	Cyrus Allen	0.003 	WR103		-	-		6.3 	7.3 	6.2 	1.3 	6.6 	5.9 	6.7 	6.8 	6.8 	0.0 	6.8 	6.7 	6.6 	6.7 	6.8 	6.7 	6.7 		WR32	WR22	WR39	WR69	WR37	WR42	WR38	WR35	WR38	-	WR32	WR39	WR39	WR36	WR40	WR41	WR40		WR41	6.7 	0.0 	0.0 	0.0 	0.0 	3.9 	45.1 	0.4 	41 	0.311 	1.000 	0.590 	0 	0.111 	0.000 	100 	0.357 		80 		-	-		-	-	Cyrus Allen	0.005 	WR101		-	-		WR51	5.3 	0.0 	0.0 	0.0 	0.0 	11.6 	135.3 	1.1 	51 	0.189 	1.000 	0.490 	(0)	0.000 	0.000 	#N/A	0.249 		21.1 		-	-		-	-	Cyrus Allen	0 	WR103		-	-					Tampa Bay Buccaneers	Cincinnati Bengals	0 	0.0 	0 	0.0 	5.0 	63 	0.0 	0.0 	0.0 	0.0 	0.0 	6.3 	WR32		Tampa Bay Buccaneers	Cleveland Browns	0 	0.0 	(3)	0.0 	3.0 	16 	1.0 	0.0 	0.0 	0.0 	0.0 	7.3 	WR22		Tampa Bay Buccaneers	Minnesota Vikings	0 	0.0 	0 	0.0 	5.0 	62 	0.0 	0.0 	0.0 	0.0 	0.0 	6.2 	WR39		Tampa Bay Buccaneers	Green Bay Packers	0 	0.0 	0 	0.0 	2.0 	13 	0.0 	0.0 	0.0 	0.0 	0.0 	1.3 	WR69		Tampa Bay Buccaneers	Dallas Cowboys	0 	0.0 	0 	0.0 	3.9 	46 	0.3 	0.0 	0.0 	0.0 	0.0 	6.6 	WR37		Tampa Bay Buccaneers	Pittsburgh Steelers	0 	0.0 	0 	0.0 	3.6 	42 	0.3 	0.0 	0.0 	0.0 	0.0 	5.9 	WR42		Tampa Bay Buccaneers	Carolina Panthers	0 	0.0 	0 	0.0 	3.8 	45 	0.4 	0.0 	0.0 	0.0 	0.0 	6.7 	WR38		Tampa Bay Buccaneers	Atlanta Falcons	0 	0.0 	0 	0.0 	3.9 	45 	0.4 	0.0 	0.0 	0.0 	0.0 	6.8 	WR35		Tampa Bay Buccaneers	Chicago Bears	0 	0.0 	0 	0.0 	3.9 	46 	0.4 	0.0 	0.0 	0.0 	0.0 	6.8 	WR38		Tampa Bay Buccaneers	BYE	0 	0.0 	0 	0.0 	0.0 	0 	0.0 	0.0 	0.0 	0.0 	0.0 	0.0 	-		Tampa Bay Buccaneers	Detroit Lions	0 	0.0 	0 	0.0 	3.9 	46 	0.4 	0.0 	0.0 	0.0 	0.0 	6.8 	WR32		Tampa Bay Buccaneers	Carolina Panthers	0 	0.0 	0 	0.0 	3.9 	45 	0.4 	0.0 	0.0 	0.0 	0.0 	6.7 	WR39		Tampa Bay Buccaneers	Los Angeles Chargers	0 	0.0 	0 	0.0 	3.8 	45 	0.4 	0.0 	0.0 	0.0 	0.0 	6.6 	WR39		Tampa Bay Buccaneers	Baltimore Ravens	0 	0.0 	0 	0.0 	3.9 	46 	0.4 	0.0 	0.0 	0.0 	0.0 	6.7 	WR36		Tampa Bay Buccaneers	New Orleans Saints	0 	0.0 	0 	0.0 	3.9 	45 	0.4 	0.0 	0.0 	0.0 	0.0 	6.8 	WR40		Tampa Bay Buccaneers	Atlanta Falcons	0 	0.0 	0 	0.0 	3.8 	45 	0.4 	0.0 	0.0 	0.0 	0.0 	6.7 	WR41		Tampa Bay Buccaneers	Los Angeles Rams	0 	0.0 	0 	0.0 	3.9 	46 	0.4 	0.0 	0.0 	0.0 	0.0 	6.7 	WR40		Actual	Actual	Actual	Actual	Forecast	Forecast	Forecast	Forecast	Forecast	Forecast	Forecast	Forecast	Forecast	Forecast	Forecast	Forecast	Forecast		Healthy	Healthy	Healthy	Healthy	Healthy	Healthy	Healthy	Healthy	Healthy	Healthy	Healthy	Healthy	Healthy	Healthy	Healthy	Healthy	Healthy		Week 5 2026	10/9/2026	4:29:22 PM	16		20%	23%	0%	0%	0%	0%		0.1 	0	0	0	0	0	0.107797 
	Mike Gesicki	Cincinnati Bengals	TE	TE12	6.8 	102 	0 	0.0 	0.0 	0.0 	0 	0.0 	0.0 	0.0 	43.8 	2.9 	571 	38.1 	7.6 	0.5 	0.0 	0.1 	0.0 	0.278 	0.560 	0.467 	1 	0.321 	0.000 	87 	274 	187 	12 	35 	23 	0.373 				-	-		-	-	De’Zhaun Stribling	0.003 	WR104		-	-		13.8 	0.0 	9.7 	10.0 	5.4 	0.0 	5.7 	5.8 	5.9 	5.7 	5.9 	5.8 	5.5 	5.6 	5.6 	5.9 	5.9 		TE4	-	TE8	TE6	TE18	-	TE17	TE12	TE15	TE13	TE11	TE15	TE14	TE15	TE17	TE13	TE14		TE15	5.7 	0.0 	0.0 	0.0 	0.0 	2.7 	34.7 	0.4 	15 	0.269 	0.560 	0.441 	0 	0.204 	0.000 	120 	0.308 		69 		-	-		-	-	De’Zhaun Stribling	0.004 	WR102		-	-		TE6	11.2 	0.0 	0.0 	0.0 	0.0 	10.9 	138.8 	1.5 	6 	0.301 	0.560 	0.518 	1 	0.504 	0.000 	#N/A	0.479 		33.5 		-	-		-	-	De’Zhaun Stribling	0 	WR103		-	-					Cincinnati Bengals	Tampa Bay Buccaneers	0 	0.0 	0 	0.0 	5.0 	78 	1.0 	0.0 	0.0 	0.0 	0.0 	13.8 	TE4		Cincinnati Bengals	Houston Texans	0 	0.0 	0 	0.0 	0.0 	0 	0.0 	0.0 	0.0 	0.0 	0.0 	0.0 	-		Cincinnati Bengals	Pittsburgh Steelers	0 	0.0 	0 	0.0 	3.0 	37 	1.0 	0.0 	0.0 	0.0 	0.0 	9.7 	TE8		Cincinnati Bengals	Jacksonville Jaguars	0 	0.0 	0 	0.0 	3.0 	40 	1.0 	0.0 	0.0 	0.0 	0.0 	10.0 	TE6		Cincinnati Bengals	Miami Dolphins	0 	0.0 	0 	0.0 	2.6 	33 	0.4 	0.0 	0.0 	0.0 	0.0 	5.4 	TE18		Cincinnati Bengals	BYE	0 	0.0 	0 	0.0 	0.0 	0 	0.0 	0.0 	0.0 	0.0 	0.0 	0.0 	-		Cincinnati Bengals	Baltimore Ravens	0 	0.0 	0 	0.0 	2.8 	35 	0.4 	0.0 	0.0 	0.0 	0.0 	5.7 	TE17		Cincinnati Bengals	Tennessee Titans	0 	0.0 	0 	0.0 	2.7 	35 	0.4 	0.0 	0.0 	0.0 	0.0 	5.8 	TE12		Cincinnati Bengals	Atlanta Falcons	0 	0.0 	0 	0.0 	2.8 	35 	0.4 	0.0 	0.0 	0.0 	0.0 	5.9 	TE15		Cincinnati Bengals	Pittsburgh Steelers	0 	0.0 	0 	0.0 	2.7 	35 	0.4 	0.0 	0.0 	0.0 	0.0 	5.7 	TE13		Cincinnati Bengals	Washington Commanders	0 	0.0 	0 	0.0 	2.8 	36 	0.4 	0.0 	0.0 	0.0 	0.0 	5.9 	TE11		Cincinnati Bengals	New Orleans Saints	0 	0.0 	0 	0.0 	2.7 	34 	0.4 	0.0 	0.0 	0.0 	0.0 	5.8 	TE15		Cincinnati Bengals	Cleveland Browns	0 	0.0 	0 	0.0 	2.7 	34 	0.4 	0.0 	0.0 	0.0 	0.0 	5.5 	TE14		Cincinnati Bengals	Kansas City Chiefs	0 	0.0 	0 	0.0 	2.7 	34 	0.4 	0.0 	0.0 	0.0 	0.0 	5.6 	TE15		Cincinnati Bengals	Carolina Panthers	0 	0.0 	0 	0.0 	2.7 	34 	0.4 	0.0 	0.0 	0.0 	0.0 	5.6 	TE17		Cincinnati Bengals	Indianapolis Colts	0 	0.0 	0 	0.0 	2.8 	36 	0.4 	0.0 	0.0 	0.0 	0.0 	5.9 	TE13		Cincinnati Bengals	Baltimore Ravens	0 	0.0 	0 	0.0 	2.8 	36 	0.4 	0.0 	0.0 	0.0 	0.0 	5.9 	TE14		Actual	Actual	Actual	Actual	Forecast	Forecast	Forecast	Forecast	Forecast	Forecast	Forecast	Forecast	Forecast	Forecast	Forecast	Forecast	Forecast		Healthy	Healthy	Healthy	Healthy	Healthy	Healthy	Healthy	Healthy	Healthy	Healthy	Healthy	Healthy	Healthy	Healthy	Healthy	Healthy	Healthy		Week 5 2026	10/9/2026	4:29:22 PM	16		13%	18%	0%	0%	0%	0%		(0.2)	0	0	0	0	0	(0.170840)
	Jacory Croskey-Merritt	Washington Commanders	RB	RB32	7.4 	118 	0 	0.0 	0.0 	0.0 	706 	44.1 	5.7 	0.4 	15.1 	0.9 	117 	7.3 	0.7 	0.0 	0.0 	1.3 	0.0 	0.321 	1.000 	0.632 	0 	0.027 	0.000 	98 	95 	(3)	31 	38 	7 	0.343 				-	-		-	-	Jalen McMillan	0.002 	WR105		-	-		11.6 	4.8 	4.3 	5.0 	7.7 	6.7 	0.0 	7.6 	7.1 	7.7 	8.2 	8.8 	8.1 	7.4 	8.3 	7.5 	7.3 		RB18	RB36	RB39	RB40	RB27	RB31	-	RB25	RB33	RB28	RB23	RB26	RB26	RB30	RB26	RB31	RB33		RB31	7.7 	0.0 	0.0 	45.8 	0.4 	0.8 	6.4 	0.1 	30 	0.360 	1.000 	0.644 	0 	0.073 	0.000 	96 	0.373 		92 		-	-		-	-	Jalen McMillan	0.003 	WR105		-	-		RB30	6.4 	0.0 	0.0 	137.3 	1.2 	2.5 	19.2 	0.2 	30 	0.231 	1.000 	0.644 	(0)	0.000 	0.000 	#N/A	0.325 		25.7 		-	-		-	-	Jalen McMillan	0 	WR103		-	-					Washington Commanders	Philadelphia Eagles	0 	0.0 	63 	1.0 	1.0 	(7)	0.0 	0.0 	0.0 	0.0 	0.0 	11.6 	RB18		Washington Commanders	Dallas Cowboys	0 	0.0 	43 	0.0 	1.0 	5 	0.0 	0.0 	0.0 	0.0 	0.0 	4.8 	RB36		Washington Commanders	Seattle Seahawks	0 	0.0 	36 	0.0 	1.0 	7 	0.0 	0.0 	0.0 	0.0 	0.0 	4.3 	RB39		Washington Commanders	Indianapolis Colts	0 	0.0 	15 	0.0 	2.0 	35 	0.0 	0.0 	0.0 	0.0 	0.0 	5.0 	RB40		Washington Commanders	New York Giants	0 	0.0 	47 	0.4 	0.8 	6 	0.1 	0.0 	0.1 	0.0 	0.0 	7.7 	RB27		Washington Commanders	San Francisco 49ers	0 	0.0 	39 	0.3 	0.9 	7 	0.1 	0.0 	0.1 	0.0 	0.0 	6.7 	RB31		Washington Commanders	BYE	0 	0.0 	0 	0.0 	0.0 	0 	0.0 	0.0 	0.0 	0.0 	0.0 	0.0 	-		Washington Commanders	Philadelphia Eagles	0 	0.0 	45 	0.4 	0.8 	6 	0.1 	0.0 	0.1 	0.0 	0.0 	7.6 	RB25		Washington Commanders	Los Angeles Rams	0 	0.0 	42 	0.4 	0.9 	7 	0.1 	0.0 	0.1 	0.0 	0.0 	7.1 	RB33		Washington Commanders	New York Giants	0 	0.0 	46 	0.4 	0.8 	6 	0.1 	0.0 	0.1 	0.0 	0.0 	7.7 	RB28		Washington Commanders	Cincinnati Bengals	0 	0.0 	48 	0.4 	0.9 	7 	0.1 	0.0 	0.1 	0.0 	0.0 	8.2 	RB23		Washington Commanders	Arizona Cardinals	0 	0.0 	52 	0.5 	0.8 	6 	0.1 	0.0 	0.1 	0.0 	0.0 	8.8 	RB26		Washington Commanders	Tennessee Titans	0 	0.0 	48 	0.4 	0.8 	6 	0.1 	0.0 	0.1 	0.0 	0.0 	8.1 	RB26		Washington Commanders	Houston Texans	0 	0.0 	45 	0.4 	0.8 	6 	0.1 	0.0 	0.1 	0.0 	0.0 	7.4 	RB30		Washington Commanders	Atlanta Falcons	0 	0.0 	49 	0.4 	0.8 	6 	0.1 	0.0 	0.1 	0.0 	0.0 	8.3 	RB26		Washington Commanders	Minnesota Vikings	0 	0.0 	45 	0.4 	0.8 	6 	0.1 	0.0 	0.1 	0.0 	0.0 	7.5 	RB31		Washington Commanders	Jacksonville Jaguars	0 	0.0 	44 	0.4 	0.9 	6 	0.1 	0.0 	0.1 	0.0 	0.0 	7.3 	RB33		Actual	Actual	Actual	Actual	Forecast	Forecast	Forecast	Forecast	Forecast	Forecast	Forecast	Forecast	Forecast	Forecast	Forecast	Forecast	Forecast		Healthy	Healthy	Healthy	Healthy	Limited / Handicapped	Healthy	Healthy	Healthy	Healthy	Healthy	Healthy	Healthy	Healthy	Healthy	Healthy	Healthy	Healthy		Week 5 2026	10/9/2026	4:29:22 PM	16		3%	4%	35%	40%	0%	0%		0.0 	0	0	0	0	0	0.048484 
	Jayden Daniels	Washington Commanders	QB	QB16	17.1 	239 	2,803 	200.2 	20.5 	1.5 	478 	34.2 	2.5 	0.2 	0.0 	0.0 	0 	0.0 	0.0 	0.0 	7.7 	0.9 	0.0 	0.651 	0.460 	0.253 	1 	0.352 	0.000 	114 	69 	(45)	20 	5 	(15)	0.300 				-	-		-	-	Jayden Reed	0.002 	WR106		-	-		17.7 	14.7 	0.0 	0.0 	16.8 	16.9 	0.0 	16.9 	17.2 	17.1 	18.4 	18.2 	17.4 	16.4 	17.9 	16.6 	17.1 		QB13	QB18	-	-	QB8	QB6	-	QB9	QB9	QB7	QB3	QB3	QB6	QB11	QB3	QB7	QB7		QB5	17.3 	211.9 	1.5 	31.5 	0.2 	0.0 	0.0 	0.0 	5 	0.807 	0.460 	0.424 	1 	0.583 	0.000 	52 	0.499 		207 		-	-		-	-	Jayden Reed	0.001 	WR107		-	-		QB31	16.2 	1,271.5 	8.7 	189.2 	1.2 	0.0 	0.0 	0.0 	31 	0.291 	0.460 	0.100 	(1)	0.000 	0.000 	#N/A	0.053 		32.4 		-	-		-	-	Jayden Reed	2 	WR97		-	-					Washington Commanders	Philadelphia Eagles	164 	2.0 	31 	0.0 	0.0 	0 	0.0 	0.0 	0.0 	0.0 	0.0 	17.7 	QB13		Washington Commanders	Dallas Cowboys	96 	1.0 	69 	0.0 	0.0 	0 	0.0 	0.0 	0.0 	0.0 	0.0 	14.7 	QB18		Washington Commanders	Seattle Seahawks	0 	0.0 	0 	0.0 	0.0 	0 	0.0 	0.0 	0.0 	0.0 	0.0 	0.0 	-		Washington Commanders	Indianapolis Colts	0 	0.0 	0 	0.0 	0.0 	0 	0.0 	0.0 	0.0 	0.0 	0.0 	0.0 	-		Washington Commanders	New York Giants	201 	1.4 	34 	0.2 	0.0 	0 	0.0 	0.7 	0.1 	0.0 	0.0 	16.8 	QB8		Washington Commanders	San Francisco 49ers	221 	1.5 	27 	0.2 	0.0 	0 	0.0 	0.7 	0.1 	0.0 	0.0 	16.9 	QB6		Washington Commanders	BYE	0 	0.0 	0 	0.0 	0.0 	0 	0.0 	0.0 	0.0 	0.0 	0.0 	0.0 	-		Washington Commanders	Philadelphia Eagles	209 	1.4 	31 	0.2 	0.0 	0 	0.0 	0.6 	0.1 	0.0 	0.0 	16.9 	QB9		Washington Commanders	Los Angeles Rams	220 	1.5 	29 	0.2 	0.0 	0 	0.0 	0.6 	0.1 	0.0 	0.0 	17.2 	QB9		Washington Commanders	New York Giants	211 	1.4 	31 	0.2 	0.0 	0 	0.0 	0.6 	0.1 	0.0 	0.0 	17.1 	QB7		Washington Commanders	Cincinnati Bengals	220 	1.6 	33 	0.2 	0.0 	0 	0.0 	0.6 	0.1 	0.0 	0.0 	18.4 	QB3		Washington Commanders	Arizona Cardinals	211 	1.6 	36 	0.2 	0.0 	0 	0.0 	0.6 	0.1 	0.0 	0.0 	18.2 	QB3		Washington Commanders	Tennessee Titans	209 	1.5 	33 	0.2 	0.0 	0 	0.0 	0.6 	0.1 	0.0 	0.0 	17.4 	QB6		Washington Commanders	Houston Texans	206 	1.3 	31 	0.2 	0.0 	0 	0.0 	0.6 	0.1 	0.0 	0.0 	16.4 	QB11		Washington Commanders	Atlanta Falcons	213 	1.5 	34 	0.2 	0.0 	0 	0.0 	0.6 	0.1 	0.0 	0.0 	17.9 	QB3		Washington Commanders	Minnesota Vikings	208 	1.4 	31 	0.2 	0.0 	0 	0.0 	0.6 	0.1 	0.0 	0.0 	16.6 	QB7		Washington Commanders	Jacksonville Jaguars	214 	1.4 	30 	0.2 	0.0 	0 	0.0 	0.6 	0.1 	0.0 	0.0 	17.1 	QB7		Actual	Actual	Actual	Actual	Forecast	Forecast	Forecast	Forecast	Forecast	Forecast	Forecast	Forecast	Forecast	Forecast	Forecast	Forecast	Forecast		Healthy	Healthy	Injured	Injured	Healthy	Healthy	Healthy	Healthy	Healthy	Healthy	Healthy	Healthy	Healthy	Healthy	Healthy	Healthy	Healthy		Week 5 2026	10/9/2026	4:29:22 PM	16		0%	0%	24%	21%	99%	99%		0.4 	0	1	1	0	0	
	Deshaun Watson	Cleveland Browns	QB	QB15	16.1 	257 	3,516 	219.7 	22.3 	1.4 	406 	25.3 	1.3 	0.1 	0.0 	0.0 	0 	0.0 	0.0 	0.0 	9.7 	1.9 	0.0 	0.699 	0.460 	0.340 	0 	0.261 	0.000 	112 	247 	135 	13 	35 	22 	0.303 									Tank Dell							14.0 	19.7 	20.3 	12.9 	15.6 	16.0 	15.8 	15.0 	16.0 	14.9 	0.0 	16.4 	16.8 	16.7 	15.5 	15.1 	16.6 		QB20	QB12	QB14	QB21	QB15	QB13	QB15	QB20	QB17	QB23	-	QB12	QB8	QB7	QB21	QB22	QB10		QB14	15.9 	221.7 	1.4 	23.2 	0.1 	0.0 	0.0 	0.0 	14 	0.742 	0.460 	0.329 	1 	0.441 	0.000 	94 	0.382 		190 		-	-		-	-	Tank Dell	0.002 	WR106		-	-		QB13	16.7 	665.2 	4.1 	69.6 	0.3 	0.0 	0.0 	0.0 	13 	0.600 	0.460 	0.340 	1 	0.303 	0.000 	#N/A	0.323 		66.9 		-	-		-	-	Tank Dell	0 	WR103		-	-					Cleveland Browns	Jacksonville Jaguars	205 	1.0 	38 	0.0 	0.0 	0 	0.0 	1.0 	0.0 	0.0 	0.0 	14.0 	QB20		Cleveland Browns	Tampa Bay Buccaneers	238 	2.0 	22 	0.0 	0.0 	0 	0.0 	0.0 	0.0 	0.0 	0.0 	19.7 	QB12		Cleveland Browns	Carolina Panthers	144 	2.0 	45 	0.0 	0.0 	0 	0.0 	0.0 	0.0 	0.0 	1.0 	20.3 	QB14		Cleveland Browns	Pittsburgh Steelers	268 	1.0 	22 	0.0 	0.0 	0 	0.0 	1.0 	1.0 	0.0 	0.0 	12.9 	QB21		Cleveland Browns	New York Jets	218 	1.3 	24 	0.1 	0.0 	0 	0.0 	0.6 	0.1 	0.0 	0.0 	15.6 	QB15		Cleveland Browns	Baltimore Ravens	220 	1.4 	24 	0.1 	0.0 	0 	0.0 	0.6 	0.1 	0.0 	0.0 	16.0 	QB13		Cleveland Browns	Tennessee Titans	219 	1.4 	24 	0.1 	0.0 	0 	0.0 	0.6 	0.1 	0.0 	0.0 	15.8 	QB15		Cleveland Browns	Pittsburgh Steelers	220 	1.2 	21 	0.1 	0.0 	0 	0.0 	0.6 	0.1 	0.0 	0.0 	15.0 	QB20		Cleveland Browns	New Orleans Saints	224 	1.4 	23 	0.1 	0.0 	0 	0.0 	0.6 	0.1 	0.0 	0.0 	16.0 	QB17		Cleveland Browns	Houston Texans	216 	1.2 	22 	0.1 	0.0 	0 	0.0 	0.6 	0.1 	0.0 	0.0 	14.9 	QB23		Cleveland Browns	BYE	0 	0.0 	0 	0.0 	0.0 	0 	0.0 	0.0 	0.0 	0.0 	0.0 	0.0 	-		Cleveland Browns	Las Vegas Raiders	220 	1.4 	26 	0.1 	0.0 	0 	0.0 	0.6 	0.1 	0.0 	0.0 	16.4 	QB12		Cleveland Browns	Cincinnati Bengals	230 	1.5 	23 	0.1 	0.0 	0 	0.0 	0.6 	0.1 	0.0 	0.0 	16.8 	QB8		Cleveland Browns	Atlanta Falcons	222 	1.5 	26 	0.1 	0.0 	0 	0.0 	0.6 	0.1 	0.0 	0.0 	16.7 	QB7		Cleveland Browns	New York Giants	220 	1.3 	22 	0.1 	0.0 	0 	0.0 	0.6 	0.1 	0.0 	0.0 	15.5 	QB21		Cleveland Browns	Baltimore Ravens	224 	1.3 	20 	0.1 	0.0 	0 	0.0 	0.6 	0.1 	0.0 	0.0 	15.1 	QB22		Cleveland Browns	Indianapolis Colts	225 	1.5 	25 	0.1 	0.0 	0 	0.0 	0.6 	0.1 	0.0 	0.0 	16.6 	QB10		Actual	Actual	Actual	Actual	Forecast	Forecast	Forecast	Forecast	Forecast	Forecast	Forecast	Forecast	Forecast	Forecast	Forecast	Forecast	Forecast		Healthy	Healthy	Healthy	Healthy	Healthy	Healthy	Healthy	Healthy	Healthy	Healthy	Healthy	Healthy	Healthy	Healthy	Healthy	Healthy	Healthy		Week 5 2026	10/9/2026	4:29:22 PM	16		0%	0%	24%	18%	99%	99%		0.1 	0	0	0	0	0	0.058715 
	Kenyon Sadiq	New York Jets	TE	TE14	6.3 	95 	0 	0.0 	0.0 	0.0 	3 	0.2 	1.0 	0.1 	56.2 	3.7 	642 	42.8 	4.1 	0.3 	0.0 	0.1 	0.0 	0.257 	0.560 	0.441 	1 	0.244 	0.000 	101 	157 	56 	15 	21 	6 	0.325 				-	-		-	-	Travis Hunter	0.000 	WR107		-	-		8.4 	1.7 	16.5 	0.0 	5.7 	5.7 	5.9 	5.8 	5.5 	6.0 	5.5 	5.7 	0.0 	5.5 	5.7 	5.5 	5.6 		TE11	TE23	TE4	-	TE14	TE15	TE13	TE13	TE18	TE12	TE17	TE17	-	TE18	TE16	TE18	TE18		TE17	5.7 	0.0 	0.0 	0.0 	0.0 	3.7 	41.6 	0.3 	17 	0.265 	0.560 	0.422 	0 	0.192 	0.000 	126 	0.295 		68 		-	-		-	-	Travis Hunter	0.000 	WR108		-	-		TE12	8.9 	0.0 	0.0 	0.0 	0.0 	14.7 	166.5 	1.0 	12 	0.239 	0.560 	0.467 	1 	0.275 	0.000 	#N/A	0.346 		26.6 		-	-		-	-	Travis Hunter	0 	WR103		-	-					New York Jets	Tennessee Titans	0 	0.0 	3 	1.0 	3.0 	21 	0.0 	0.0 	0.0 	0.0 	0.0 	8.4 	TE11		New York Jets	Green Bay Packers	0 	0.0 	0 	0.0 	2.0 	17 	0.0 	0.0 	0.0 	0.0 	0.0 	1.7 	TE23		New York Jets	Detroit Lions	0 	0.0 	0 	0.0 	7.0 	105 	1.0 	0.0 	0.0 	0.0 	0.0 	16.5 	TE4		New York Jets	Chicago Bears	0 	0.0 	0 	0.0 	0.0 	0 	0.0 	0.0 	0.0 	0.0 	0.0 	0.0 	-		New York Jets	Cleveland Browns	0 	0.0 	0 	0.0 	3.7 	41 	0.3 	0.0 	0.0 	0.0 	0.0 	5.7 	TE14		New York Jets	New England Patriots	0 	0.0 	0 	0.0 	3.7 	42 	0.3 	0.0 	0.0 	0.0 	0.0 	5.7 	TE15		New York Jets	Miami Dolphins	0 	0.0 	0 	0.0 	3.7 	42 	0.3 	0.0 	0.0 	0.0 	0.0 	5.9 	TE13		New York Jets	Las Vegas Raiders	0 	0.0 	0 	0.0 	3.7 	41 	0.3 	0.0 	0.0 	0.0 	0.0 	5.8 	TE13		New York Jets	Kansas City Chiefs	0 	0.0 	0 	0.0 	3.7 	41 	0.2 	0.0 	0.0 	0.0 	0.0 	5.5 	TE18		New York Jets	Buffalo Bills	0 	0.0 	0 	0.0 	3.8 	43 	0.3 	0.0 	0.0 	0.0 	0.0 	6.0 	TE12		New York Jets	Los Angeles Chargers	0 	0.0 	0 	0.0 	3.7 	41 	0.2 	0.0 	0.0 	0.0 	0.0 	5.5 	TE17		New York Jets	Miami Dolphins	0 	0.0 	0 	0.0 	3.7 	41 	0.3 	0.0 	0.0 	0.0 	0.0 	5.7 	TE17		New York Jets	BYE	0 	0.0 	0 	0.0 	0.0 	0 	0.0 	0.0 	0.0 	0.0 	0.0 	0.0 	-		New York Jets	Denver Broncos	0 	0.0 	0 	0.0 	3.6 	41 	0.2 	0.0 	0.0 	0.0 	0.0 	5.5 	TE18		New York Jets	Arizona Cardinals	0 	0.0 	0 	0.0 	3.7 	42 	0.3 	0.0 	0.0 	0.0 	0.0 	5.7 	TE16		New York Jets	New England Patriots	0 	0.0 	0 	0.0 	3.6 	41 	0.2 	0.0 	0.0 	0.0 	0.0 	5.5 	TE18		New York Jets	Minnesota Vikings	0 	0.0 	0 	0.0 	3.6 	41 	0.2 	0.0 	0.0 	0.0 	0.0 	5.6 	TE18		Actual	Actual	Actual	Actual	Forecast	Forecast	Forecast	Forecast	Forecast	Forecast	Forecast	Forecast	Forecast	Forecast	Forecast	Forecast	Forecast		Healthy	Healthy	Healthy	Healthy	Healthy	Healthy	Healthy	Healthy	Healthy	Healthy	Healthy	Healthy	Healthy	Healthy	Healthy	Healthy	Healthy		Week 5 2026	10/9/2026	4:29:22 PM	16		19%	20%	0%	0%	0%	0%		(0.1)	0	0	0	0	0	(0.051028)
	Xavier Worthy	Kansas City Chiefs	WR	WR50	5.9 	95 	0 	0.0 	0.0 	0.0 	17 	1.0 	0.1 	0.0 	67.5 	4.2 	663 	41.4 	4.5 	0.3 	0.0 	0.1 	0.0 	0.259 	1.000 	0.500 	0 	0.024 	0.000 	124 	135 	11 	50 	50 	0 	0.274 				-	-		-	-	Ricky Pearsall	0.000 	WR107		-	-		1.8 	8.5 	2.0 	7.0 	0.0 	6.4 	6.1 	6.1 	6.1 	6.4 	6.5 	6.5 	6.3 	6.4 	6.4 	6.5 	6.2 		WR78	WR19	WR71	WR38	-	WR36	WR44	WR45	WR47	WR41	WR34	WR44	WR44	WR43	WR45	WR43	WR48		WR46	6.3 	0.0 	0.0 	1.4 	0.0 	4.5 	44.1 	0.3 	46 	0.296 	1.000 	0.540 	0 	0.077 	0.000 	115 	0.318 		76 		-	-		-	-	Ricky Pearsall	0.000 	WR108		-	-		WR61	4.8 	0.0 	0.0 	4.2 	0.0 	13.4 	132.4 	0.9 	61 	0.173 	1.000 	0.390 	(0)	0.000 	0.000 	#N/A	0.201 		19.3 		-	-		-	-	Ricky Pearsall	0 	WR103		-	-					Kansas City Chiefs	Denver Broncos	0 	0.0 	0 	0.0 	3.0 	18 	0.0 	0.0 	0.0 	0.0 	0.0 	1.8 	WR78		Kansas City Chiefs	Indianapolis Colts	0 	0.0 	0 	0.0 	5.0 	25 	1.0 	0.0 	0.0 	0.0 	0.0 	8.5 	WR19		Kansas City Chiefs	Miami Dolphins	0 	0.0 	0 	0.0 	2.0 	20 	0.0 	0.0 	0.0 	0.0 	0.0 	2.0 	WR71		Kansas City Chiefs	Las Vegas Raiders	0 	0.0 	0 	0.0 	4.0 	70 	0.0 	0.0 	0.0 	0.0 	0.0 	7.0 	WR38		Kansas City Chiefs	BYE	0 	0.0 	0 	0.0 	0.0 	0 	0.0 	0.0 	0.0 	0.0 	0.0 	0.0 	-		Kansas City Chiefs	Los Angeles Chargers	0 	0.0 	2 	0.0 	4.4 	44 	0.3 	0.0 	0.0 	0.0 	0.0 	6.4 	WR36		Kansas City Chiefs	Seattle Seahawks	0 	0.0 	1 	0.0 	4.4 	43 	0.3 	0.0 	0.0 	0.0 	0.0 	6.1 	WR44		Kansas City Chiefs	Denver Broncos	0 	0.0 	1 	0.0 	4.4 	43 	0.3 	0.0 	0.0 	0.0 	0.0 	6.1 	WR45		Kansas City Chiefs	New York Jets	0 	0.0 	2 	0.0 	4.3 	42 	0.3 	0.0 	0.0 	0.0 	0.0 	6.1 	WR47		Kansas City Chiefs	Atlanta Falcons	0 	0.0 	1 	0.0 	4.4 	44 	0.3 	0.0 	0.0 	0.0 	0.0 	6.4 	WR41		Kansas City Chiefs	Arizona Cardinals	0 	0.0 	2 	0.0 	4.4 	44 	0.3 	0.0 	0.0 	0.0 	0.0 	6.5 	WR34		Kansas City Chiefs	Buffalo Bills	0 	0.0 	1 	0.0 	4.6 	46 	0.3 	0.0 	0.0 	0.0 	0.0 	6.5 	WR44		Kansas City Chiefs	Los Angeles Rams	0 	0.0 	1 	0.0 	4.5 	45 	0.3 	0.0 	0.0 	0.0 	0.0 	6.3 	WR44		Kansas City Chiefs	Cincinnati Bengals	0 	0.0 	1 	0.0 	4.6 	45 	0.3 	0.0 	0.0 	0.0 	0.0 	6.4 	WR43		Kansas City Chiefs	New England Patriots	0 	0.0 	1 	0.0 	4.5 	44 	0.3 	0.0 	0.0 	0.0 	0.0 	6.4 	WR45		Kansas City Chiefs	San Francisco 49ers	0 	0.0 	1 	0.0 	4.5 	45 	0.3 	0.0 	0.0 	0.0 	0.0 	6.5 	WR43		Kansas City Chiefs	Los Angeles Chargers	0 	0.0 	1 	0.0 	4.4 	44 	0.3 	0.0 	0.0 	0.0 	0.0 	6.2 	WR48		Actual	Actual	Actual	Actual	Forecast	Forecast	Forecast	Forecast	Forecast	Forecast	Forecast	Forecast	Forecast	Forecast	Forecast	Forecast	Forecast		Healthy	Healthy	Healthy	Healthy	Healthy	Healthy	Healthy	Healthy	Healthy	Healthy	Healthy	Healthy	Healthy	Healthy	Healthy	Healthy	Healthy		Week 5 2026	10/9/2026	4:29:22 PM	16		21%	19%	1%	1%	0%	0%		0.1 	0	0	0	0	0	0.116875 
	Rachaad White	Washington Commanders	RB	RB38	6.2 	94 	0 	0.0 	0.0 	0.0 	414 	27.6 	2.5 	0.2 	46.2 	3.1 	256 	17.0 	2.2 	0.1 	0.0 	0.8 	0.0 	0.255 	1.000 	0.569 	(0)	0.000 	0.000 	116 	120 	4 	36 	44 	8 	0.294 				-	-		-	-	Jayden Higgins	0.000 	WR107		-	-		2.7 	8.3 	10.1 	0.0 	5.9 	5.5 	0.0 	6.0 	5.8 	6.0 	6.4 	6.7 	6.3 	5.8 	6.4 	5.9 	5.9 		RB51	RB20	RB17	-	RB36	RB34	-	RB35	RB38	RB32	RB29	RB37	RB35	RB38	RB37	RB38	RB40		RB37	6.0 	0.0 	0.0 	26.2 	0.2 	3.1 	17.1 	0.1 	37 	0.283 	1.000 	0.557 	(0)	0.000 	0.000 	127 	0.293 		73 		-	-		-	-	Jayden Higgins	0.000 	WR108		-	-		RB35	7.0 	0.0 	0.0 	104.6 	0.8 	12.4 	68.2 	0.4 	35 	0.189 	1.000 	0.582 	(0)	0.000 	0.000 	#N/A	0.290 		21.1 		-	-		-	-	Jayden Higgins	0 	WR103		-	-					Washington Commanders	Philadelphia Eagles	0 	0.0 	22 	0.0 	2.0 	5 	0.0 	0.0 	0.0 	0.0 	0.0 	2.7 	RB51		Washington Commanders	Dallas Cowboys	0 	0.0 	43 	0.0 	6.0 	40 	0.0 	0.0 	0.0 	0.0 	0.0 	8.3 	RB20		Washington Commanders	Seattle Seahawks	0 	0.0 	35 	0.0 	1.0 	6 	1.0 	0.0 	0.0 	0.0 	0.0 	10.1 	RB17		Washington Commanders	Indianapolis Colts	0 	0.0 	0 	0.0 	0.0 	0 	0.0 	0.0 	0.0 	0.0 	0.0 	0.0 	-		Washington Commanders	New York Giants	0 	0.0 	27 	0.2 	2.8 	15 	0.1 	0.0 	0.1 	0.0 	0.0 	5.9 	RB36		Washington Commanders	San Francisco 49ers	0 	0.0 	22 	0.2 	3.2 	18 	0.1 	0.0 	0.1 	0.0 	0.0 	5.5 	RB34		Washington Commanders	BYE	0 	0.0 	0 	0.0 	0.0 	0 	0.0 	0.0 	0.0 	0.0 	0.0 	0.0 	-		Washington Commanders	Philadelphia Eagles	0 	0.0 	26 	0.2 	3.1 	17 	0.1 	0.0 	0.1 	0.0 	0.0 	6.0 	RB35		Washington Commanders	Los Angeles Rams	0 	0.0 	24 	0.2 	3.2 	18 	0.1 	0.0 	0.1 	0.0 	0.0 	5.8 	RB38		Washington Commanders	New York Giants	0 	0.0 	26 	0.2 	3.1 	17 	0.1 	0.0 	0.1 	0.0 	0.0 	6.0 	RB32		Washington Commanders	Cincinnati Bengals	0 	0.0 	27 	0.2 	3.2 	18 	0.1 	0.0 	0.1 	0.0 	0.0 	6.4 	RB29		Washington Commanders	Arizona Cardinals	0 	0.0 	30 	0.2 	3.1 	17 	0.1 	0.0 	0.1 	0.0 	0.0 	6.7 	RB37		Washington Commanders	Tennessee Titans	0 	0.0 	28 	0.2 	3.1 	17 	0.1 	0.0 	0.1 	0.0 	0.0 	6.3 	RB35		Washington Commanders	Houston Texans	0 	0.0 	25 	0.2 	3.0 	17 	0.1 	0.0 	0.1 	0.0 	0.0 	5.8 	RB38		Washington Commanders	Atlanta Falcons	0 	0.0 	28 	0.2 	3.1 	17 	0.1 	0.0 	0.1 	0.0 	0.0 	6.4 	RB37		Washington Commanders	Minnesota Vikings	0 	0.0 	26 	0.2 	3.1 	17 	0.1 	0.0 	0.1 	0.0 	0.0 	5.9 	RB38		Washington Commanders	Jacksonville Jaguars	0 	0.0 	25 	0.2 	3.2 	17 	0.1 	0.0 	0.1 	0.0 	0.0 	5.9 	RB40		Actual	Actual	Actual	Actual	Forecast	Forecast	Forecast	Forecast	Forecast	Forecast	Forecast	Forecast	Forecast	Forecast	Forecast	Forecast	Forecast		Healthy	Healthy	Healthy	Injured	Limited / Handicapped	Healthy	Healthy	Healthy	Healthy	Healthy	Healthy	Healthy	Healthy	Healthy	Healthy	Healthy	Healthy		Week 5 2026	10/9/2026	4:29:22 PM	16		8%	7%	20%	21%	0%	0%		0.0 	0	0	1	0	0	
	Michael Mayer	Las Vegas Raiders	TE	TE18	5.6 	90 	0 	0.0 	0.0 	0.0 	0 	0.0 	0.0 	0.0 	71.7 	4.5 	660 	41.3 	4.1 	0.3 	0.0 	0.1 	0.0 	0.245 	0.560 	0.413 	0 	0.144 	0.000 	127 	0 	(127)	18 	0 	(18)	0.267 																3.2 	2.3 	9.2 	8.2 	5.8 	6.1 	5.8 	5.4 	5.7 	5.5 	5.4 	5.3 	0.0 	5.6 	5.4 	5.7 	5.7 		TE20	TE22	TE9	TE10	TE13	TE11	TE14	TE16	TE17	TE17	TE18	TE20	-	TE16	TE19	TE17	TE16		TE18	5.6 	0.0 	0.0 	0.0 	0.0 	4.3 	40.9 	0.3 	18 	0.262 	0.560 	0.413 	0 	0.181 	0.000 	130 	0.286 		67 		-	-		-	-		-	-		-	-		TE18	5.7 	0.0 	0.0 	0.0 	0.0 	12.9 	122.8 	0.8 	18 	0.205 	0.560 	0.413 	0 	0.152 	0.000 	#N/A	0.264 		22.9 		-	-		-	-		-	-		-	-					Las Vegas Raiders	Miami Dolphins	0 	0.0 	0 	0.0 	6.0 	32 	0.0 	0.0 	0.0 	0.0 	0.0 	3.2 	TE20		Las Vegas Raiders	Los Angeles Chargers	0 	0.0 	0 	0.0 	3.0 	23 	0.0 	0.0 	0.0 	0.0 	0.0 	2.3 	TE22		Las Vegas Raiders	New Orleans Saints	0 	0.0 	0 	0.0 	3.0 	32 	1.0 	0.0 	0.0 	0.0 	0.0 	9.2 	TE9		Las Vegas Raiders	Kansas City Chiefs	0 	0.0 	0 	0.0 	8.0 	82 	0.0 	0.0 	0.0 	0.0 	0.0 	8.2 	TE10		Las Vegas Raiders	New England Patriots	0 	0.0 	0 	0.0 	4.4 	42 	0.3 	0.0 	0.0 	0.0 	0.0 	5.8 	TE13		Las Vegas Raiders	Buffalo Bills	0 	0.0 	0 	0.0 	4.6 	43 	0.3 	0.0 	0.0 	0.0 	0.0 	6.1 	TE11		Las Vegas Raiders	Los Angeles Rams	0 	0.0 	0 	0.0 	4.5 	42 	0.3 	0.0 	0.0 	0.0 	0.0 	5.8 	TE14		Las Vegas Raiders	New York Jets	0 	0.0 	0 	0.0 	4.2 	40 	0.2 	0.0 	0.0 	0.0 	0.0 	5.4 	TE16		Las Vegas Raiders	San Francisco 49ers	0 	0.0 	0 	0.0 	4.4 	42 	0.3 	0.0 	0.0 	0.0 	0.0 	5.7 	TE17		Las Vegas Raiders	Seattle Seahawks	0 	0.0 	0 	0.0 	4.3 	41 	0.2 	0.0 	0.0 	0.0 	0.0 	5.5 	TE17		Las Vegas Raiders	Denver Broncos	0 	0.0 	0 	0.0 	4.3 	40 	0.2 	0.0 	0.0 	0.0 	0.0 	5.4 	TE18		Las Vegas Raiders	Cleveland Browns	0 	0.0 	0 	0.0 	4.1 	39 	0.2 	0.0 	0.0 	0.0 	0.0 	5.3 	TE20		Las Vegas Raiders	BYE	0 	0.0 	0 	0.0 	0.0 	0 	0.0 	0.0 	0.0 	0.0 	0.0 	0.0 	-		Las Vegas Raiders	Los Angeles Chargers	0 	0.0 	0 	0.0 	4.3 	41 	0.2 	0.0 	0.0 	0.0 	0.0 	5.6 	TE16		Las Vegas Raiders	Denver Broncos	0 	0.0 	0 	0.0 	4.2 	40 	0.2 	0.0 	0.0 	0.0 	0.0 	5.4 	TE19		Las Vegas Raiders	Tennessee Titans	0 	0.0 	0 	0.0 	4.3 	40 	0.3 	0.0 	0.0 	0.0 	0.0 	5.7 	TE17		Las Vegas Raiders	Arizona Cardinals	0 	0.0 	0 	0.0 	4.3 	40 	0.3 	0.0 	0.0 	0.0 	0.0 	5.7 	TE16		Actual	Actual	Actual	Actual	Forecast	Forecast	Forecast	Forecast	Forecast	Forecast	Forecast	Forecast	Forecast	Forecast	Forecast	Forecast	Forecast		Healthy	Healthy	Healthy	Healthy	Healthy	Healthy	Healthy	Healthy	Healthy	Healthy	Healthy	Healthy	Healthy	Healthy	Healthy	Healthy	Healthy		Week 5 2026	10/9/2026	4:29:22 PM	16		18%	17%	0%	0%	0%	0%		0.0 	0	0	0	0	0	0.021862 
	C.J. Stroud	Houston Texans	QB	QB17	15.9 	254 	3,847 	240.4 	22.5 	1.4 	252 	15.7 	1.0 	0.1 	0.0 	0.0 	0 	0.0 	0.0 	0.0 	7.7 	2.9 	0.0 	0.689 	0.460 	0.329 	0 	0.242 	0.000 	119 	172 	53 	14 	23 	9 	0.288 				-	-		-	-		-	-		-	-		16.5 	17.0 	11.7 	23.1 	15.3 	14.9 	16.4 	0.0 	15.0 	15.0 	16.9 	16.2 	15.3 	16.0 	16.1 	13.6 	14.8 		QB16	QB13	QB25	QB3	QB17	QB19	QB12	-	QB24	QB21	QB9	QB14	QB21	QB17	QB16	QB30	QB24		QB23	15.5 	225.5 	1.5 	15.5 	0.1 	0.0 	0.0 	0.0 	22 	0.723 	0.460 	0.227 	1 	0.400 	0.000 	119 	0.308 		185 		-	-		-	-		-	-		-	-		QB11	17.1 	676.4 	4.4 	46.4 	0.3 	0.0 	0.0 	0.0 	11 	0.612 	0.460 	0.363 	1 	0.324 	0.000 	#N/A	0.345 		68.2 		-	-		-	-		-	-		-	-					Houston Texans	Buffalo Bills	274 	2.0 	15 	0.0 	0.0 	0 	0.0 	0.0 	2.0 	0.0 	0.0 	16.5 	QB16		Houston Texans	Cincinnati Bengals	353 	0.0 	29 	0.0 	0.0 	0 	0.0 	0.0 	0.0 	0.0 	0.0 	17.0 	QB13		Houston Texans	Indianapolis Colts	167 	1.0 	10 	0.0 	0.0 	0 	0.0 	0.0 	0.0 	0.0 	0.0 	11.7 	QB25		Houston Texans	Dallas Cowboys	347 	2.0 	12 	0.0 	0.0 	0 	0.0 	0.0 	0.0 	0.0 	0.0 	23.1 	QB3		Houston Texans	Tennessee Titans	219 	1.4 	17 	0.1 	0.0 	0 	0.0 	0.6 	0.1 	0.0 	0.0 	15.3 	QB17		Houston Texans	Jacksonville Jaguars	224 	1.4 	14 	0.1 	0.0 	0 	0.0 	0.6 	0.1 	0.0 	0.0 	14.9 	QB19		Houston Texans	New York Giants	230 	1.6 	17 	0.1 	0.0 	0 	0.0 	0.6 	0.1 	0.0 	0.0 	16.4 	QB12		Houston Texans	BYE	0 	0.0 	0 	0.0 	0.0 	0 	0.0 	0.0 	0.0 	0.0 	0.0 	0.0 	-		Houston Texans	Los Angeles Chargers	225 	1.4 	14 	0.1 	0.0 	0 	0.0 	0.6 	0.1 	0.0 	0.0 	15.0 	QB24		Houston Texans	Cleveland Browns	219 	1.4 	16 	0.1 	0.0 	0 	0.0 	0.6 	0.1 	0.0 	0.0 	15.0 	QB21		Houston Texans	Indianapolis Colts	234 	1.7 	17 	0.1 	0.0 	0 	0.0 	0.6 	0.1 	0.0 	0.0 	16.9 	QB9		Houston Texans	Baltimore Ravens	232 	1.6 	16 	0.1 	0.0 	0 	0.0 	0.6 	0.1 	0.0 	0.0 	16.2 	QB14		Houston Texans	Pittsburgh Steelers	224 	1.4 	15 	0.1 	0.0 	0 	0.0 	0.6 	0.1 	0.0 	0.0 	15.3 	QB21		Houston Texans	Washington Commanders	230 	1.5 	16 	0.1 	0.0 	0 	0.0 	0.6 	0.1 	0.0 	0.0 	16.0 	QB17		Houston Texans	Jacksonville Jaguars	231 	1.5 	16 	0.1 	0.0 	0 	0.0 	0.6 	0.1 	0.0 	0.0 	16.1 	QB16		Houston Texans	Philadelphia Eagles	214 	1.2 	14 	0.1 	0.0 	0 	0.0 	0.6 	0.1 	0.0 	0.0 	13.6 	QB30		Houston Texans	Green Bay Packers	223 	1.4 	14 	0.1 	0.0 	0 	0.0 	0.6 	0.1 	0.0 	0.0 	14.8 	QB24		Actual	Actual	Actual	Actual	Forecast	Forecast	Forecast	Forecast	Forecast	Forecast	Forecast	Forecast	Forecast	Forecast	Forecast	Forecast	Forecast		Healthy	Healthy	Healthy	Healthy	Healthy	Healthy	Healthy	Healthy	Healthy	Healthy	Healthy	Healthy	Healthy	Healthy	Healthy	Healthy	Healthy		Week 5 2026	10/9/2026	4:29:22 PM	16		0%	0%	14%	10%	99%	99%		(0.0)	0	0	0	0	0	(0.036495)
	Roman Wilson	Pittsburgh Steelers	WR	WR43	6.4 	102 	0 	0.0 	0.0 	0.0 	0 	0.0 	0.0 	0.0 	51.4 	3.2 	682 	42.6 	5.7 	0.4 	0.0 	0.1 	0.0 	0.277 	1.000 	0.580 	0 	0.063 	0.000 	100 	0 	(100)	42 	0 	(42)	0.328 																2.6 	2.8 	12.0 	13.4 	6.1 	5.8 	6.0 	5.8 	0.0 	6.2 	5.8 	5.6 	5.8 	5.9 	6.1 	6.0 	6.0 		WR67	WR56	WR19	WR10	WR42	WR43	WR45	WR47	-	WR44	WR42	WR53	WR48	WR49	WR49	WR50	WR52		WR52	5.9 	0.0 	0.0 	0.0 	0.0 	3.1 	41.2 	0.3 	52 	0.278 	1.000 	0.480 	0 	0.038 	0.000 	136 	0.273 		71 		-	-		-	-		-	-		-	-		WR26	7.7 	0.0 	0.0 	0.0 	0.0 	9.4 	123.6 	0.9 	26 	0.276 	1.000 	0.740 	1 	0.152 	0.000 	#N/A	0.435 		30.8 		-	-		-	-		-	-		-	-					Pittsburgh Steelers	Atlanta Falcons	0 	0.0 	0 	0.0 	3.0 	26 	0.0 	0.0 	0.0 	0.0 	0.0 	2.6 	WR67		Pittsburgh Steelers	New England Patriots	0 	0.0 	0 	0.0 	5.0 	28 	0.0 	0.0 	0.0 	0.0 	0.0 	2.8 	WR56		Pittsburgh Steelers	Cincinnati Bengals	0 	0.0 	0 	0.0 	3.0 	60 	1.0 	0.0 	0.0 	0.0 	0.0 	12.0 	WR19		Pittsburgh Steelers	Cleveland Browns	0 	0.0 	0 	0.0 	3.0 	74 	1.0 	0.0 	0.0 	0.0 	0.0 	13.4 	WR10		Pittsburgh Steelers	Indianapolis Colts	0 	0.0 	0 	0.0 	3.2 	42 	0.3 	0.0 	0.0 	0.0 	0.0 	6.1 	WR42		Pittsburgh Steelers	Tampa Bay Buccaneers	0 	0.0 	0 	0.0 	3.1 	41 	0.3 	0.0 	0.0 	0.0 	0.0 	5.8 	WR43		Pittsburgh Steelers	New Orleans Saints	0 	0.0 	0 	0.0 	3.1 	41 	0.3 	0.0 	0.0 	0.0 	0.0 	6.0 	WR45		Pittsburgh Steelers	Cleveland Browns	0 	0.0 	0 	0.0 	3.0 	40 	0.3 	0.0 	0.0 	0.0 	0.0 	5.8 	WR47		Pittsburgh Steelers	BYE	0 	0.0 	0 	0.0 	0.0 	0 	0.0 	0.0 	0.0 	0.0 	0.0 	0.0 	-		Pittsburgh Steelers	Cincinnati Bengals	0 	0.0 	0 	0.0 	3.3 	43 	0.3 	0.0 	0.0 	0.0 	0.0 	6.2 	WR44		Pittsburgh Steelers	Philadelphia Eagles	0 	0.0 	0 	0.0 	3.1 	41 	0.3 	0.0 	0.0 	0.0 	0.0 	5.8 	WR42		Pittsburgh Steelers	Denver Broncos	0 	0.0 	0 	0.0 	3.0 	40 	0.3 	0.0 	0.0 	0.0 	0.0 	5.6 	WR53		Pittsburgh Steelers	Houston Texans	0 	0.0 	0 	0.0 	3.1 	41 	0.3 	0.0 	0.0 	0.0 	0.0 	5.8 	WR48		Pittsburgh Steelers	Jacksonville Jaguars	0 	0.0 	0 	0.0 	3.1 	41 	0.3 	0.0 	0.0 	0.0 	0.0 	5.9 	WR49		Pittsburgh Steelers	Baltimore Ravens	0 	0.0 	0 	0.0 	3.2 	42 	0.3 	0.0 	0.0 	0.0 	0.0 	6.1 	WR49		Pittsburgh Steelers	Carolina Panthers	0 	0.0 	0 	0.0 	3.1 	41 	0.3 	0.0 	0.0 	0.0 	0.0 	6.0 	WR50		Pittsburgh Steelers	Tennessee Titans	0 	0.0 	0 	0.0 	3.1 	41 	0.3 	0.0 	0.0 	0.0 	0.0 	6.0 	WR52		Actual	Actual	Actual	Actual	Forecast	Forecast	Forecast	Forecast	Forecast	Forecast	Forecast	Forecast	Forecast	Forecast	Forecast	Forecast	Forecast		Healthy	Healthy	Healthy	Healthy	Healthy	Healthy	Healthy	Healthy	Healthy	Healthy	Healthy	Healthy	Healthy	Healthy	Healthy	Healthy	Healthy		Week 5 2026	10/9/2026	4:29:22 PM	16		18%	19%	0%	0%	0%	0%		(0.2)	0	0	0	0	0	(0.162597)
	Rome Odunze	Chicago Bears	WR	WR44	6.3 	101 	0 	0.0 	0.0 	0.0 	0 	0.0 	0.0 	0.0 	49.6 	3.1 	782 	48.8 	3.9 	0.2 	0.0 	0.1 	0.0 	0.276 	1.000 	0.570 	0 	0.060 	0.000 	103 	63 	(40)	43 	27 	(16)	0.322 				-	-		-	-		-	-		-	-		5.2 	4.3 	4.4 	9.4 	6.3 	6.5 	6.5 	6.3 	6.7 	0.0 	6.4 	6.7 	6.6 	6.5 	6.7 	6.5 	6.6 		WR41	WR40	WR48	WR25	WR39	WR35	WR39	WR42	WR40	-	WR36	WR41	WR38	WR41	WR41	WR44	WR43		WR44	6.5 	0.0 	0.0 	0.0 	0.0 	3.0 	45.7 	0.3 	44 	0.305 	1.000 	0.560 	0 	0.097 	0.000 	108 	0.337 		78 		-	-		-	-		-	-		-	-		WR45	5.8 	0.0 	0.0 	0.0 	0.0 	8.9 	137.1 	1.0 	45 	0.209 	1.000 	0.550 	0 	0.034 	0.000 	#N/A	0.293 		23.3 		-	-		-	-		-	-		-	-					Chicago Bears	Carolina Panthers	0 	0.0 	0 	0.0 	2.0 	52 	0.0 	0.0 	0.0 	0.0 	0.0 	5.2 	WR41		Chicago Bears	Minnesota Vikings	0 	0.0 	0 	0.0 	3.0 	43 	0.0 	0.0 	0.0 	0.0 	0.0 	4.3 	WR40		Chicago Bears	Philadelphia Eagles	0 	0.0 	0 	0.0 	3.0 	44 	0.0 	0.0 	0.0 	0.0 	0.0 	4.4 	WR48		Chicago Bears	New York Jets	0 	0.0 	0 	0.0 	6.0 	94 	0.0 	0.0 	0.0 	0.0 	0.0 	9.4 	WR25		Chicago Bears	Green Bay Packers	0 	0.0 	0 	0.0 	2.9 	45 	0.3 	0.0 	0.0 	0.0 	0.0 	6.3 	WR39		Chicago Bears	Atlanta Falcons	0 	0.0 	0 	0.0 	2.9 	45 	0.3 	0.0 	0.0 	0.0 	0.0 	6.5 	WR35		Chicago Bears	New England Patriots	0 	0.0 	0 	0.0 	2.9 	45 	0.3 	0.0 	0.0 	0.0 	0.0 	6.5 	WR39		Chicago Bears	Seattle Seahawks	0 	0.0 	0 	0.0 	2.9 	45 	0.3 	0.0 	0.0 	0.0 	0.0 	6.3 	WR42		Chicago Bears	Tampa Bay Buccaneers	0 	0.0 	0 	0.0 	3.0 	46 	0.3 	0.0 	0.0 	0.0 	0.0 	6.7 	WR40		Chicago Bears	BYE	0 	0.0 	0 	0.0 	0.0 	0 	0.0 	0.0 	0.0 	0.0 	0.0 	0.0 	-		Chicago Bears	New Orleans Saints	0 	0.0 	0 	0.0 	2.9 	44 	0.3 	0.0 	0.0 	0.0 	0.0 	6.4 	WR36		Chicago Bears	Detroit Lions	0 	0.0 	0 	0.0 	3.0 	47 	0.3 	0.0 	0.0 	0.0 	0.0 	6.7 	WR41		Chicago Bears	Jacksonville Jaguars	0 	0.0 	0 	0.0 	3.0 	46 	0.3 	0.0 	0.0 	0.0 	0.0 	6.6 	WR38		Chicago Bears	Miami Dolphins	0 	0.0 	0 	0.0 	2.9 	45 	0.3 	0.0 	0.0 	0.0 	0.0 	6.5 	WR41		Chicago Bears	Buffalo Bills	0 	0.0 	0 	0.0 	3.1 	47 	0.3 	0.0 	0.0 	0.0 	0.0 	6.7 	WR41		Chicago Bears	Green Bay Packers	0 	0.0 	0 	0.0 	2.9 	45 	0.3 	0.0 	0.0 	0.0 	0.0 	6.5 	WR44		Chicago Bears	Detroit Lions	0 	0.0 	0 	0.0 	3.0 	46 	0.3 	0.0 	0.0 	0.0 	0.0 	6.6 	WR43		Actual	Actual	Actual	Actual	Forecast	Forecast	Forecast	Forecast	Forecast	Forecast	Forecast	Forecast	Forecast	Forecast	Forecast	Forecast	Forecast		Healthy	Healthy	Healthy	Healthy	Healthy	Healthy	Healthy	Healthy	Healthy	Healthy	Healthy	Healthy	Healthy	Healthy	Healthy	Healthy	Healthy		Week 5 2026	10/9/2026	4:29:22 PM	16		22%	21%	0%	0%	0%	0%		0.0 	0	0	0	0	0	0.043968 
	Matthew Stafford	Los Angeles Rams	QB	QB18	15.8 	252 	3,981 	248.8 	28.8 	1.8 	53 	3.3 	0.2 	0.0 	0.0 	0.0 	0 	0.0 	0.0 	0.0 	13.6 	0.9 	0.0 	0.685 	0.460 	0.317 	0 	0.233 	0.000 	122 	123 	1 	15 	15 	0 	0.278 				-	-		-	-		-	-		-	-		4.3 	27.0 	20.9 	9.7 	16.9 	16.7 	15.4 	15.7 	16.2 	15.9 	0.0 	15.6 	15.4 	15.7 	16.4 	14.7 	15.6 		QB32	QB6	QB11	QB26	QB6	QB8	QB19	QB15	QB14	QB13	-	QB22	QB20	QB21	QB13	QB26	QB17		QB15	15.9 	232.7 	1.9 	2.7 	0.0 	0.0 	0.0 	0.0 	15 	0.742 	0.460 	0.317 	1 	0.441 	0.000 	95 	0.375 		190 		-	-		-	-		-	-		-	-		QB16	15.5 	698.0 	5.7 	8.0 	0.1 	0.0 	0.0 	0.0 	16 	0.555 	0.460 	0.304 	0 	0.223 	0.000 	#N/A	0.266 		61.8 		-	-		-	-		-	-		-	-					Los Angeles Rams	San Francisco 49ers	155 	0.0 	(1)	0.0 	0.0 	0 	0.0 	0.9 	0.0 	0.0 	0.0 	4.3 	QB32		Los Angeles Rams	New York Giants	327 	4.0 	(1)	0.0 	0.0 	0 	0.0 	1.0 	0.0 	0.0 	0.0 	27.0 	QB6		Los Angeles Rams	Denver Broncos	390 	2.0 	13 	0.0 	0.0 	0 	0.0 	2.0 	0.0 	0.0 	0.0 	20.9 	QB11		Los Angeles Rams	Philadelphia Eagles	317 	0.0 	10 	0.0 	0.0 	0 	0.0 	2.0 	0.0 	0.0 	0.0 	9.7 	QB26		Los Angeles Rams	Buffalo Bills	244 	2.1 	3 	0.0 	0.0 	0 	0.0 	0.6 	0.1 	0.0 	0.0 	16.9 	QB6		Los Angeles Rams	Arizona Cardinals	235 	2.1 	3 	0.0 	0.0 	0 	0.0 	0.6 	0.1 	0.0 	0.0 	16.7 	QB8		Los Angeles Rams	Las Vegas Raiders	227 	1.8 	3 	0.0 	0.0 	0 	0.0 	0.6 	0.1 	0.0 	0.0 	15.4 	QB19		Los Angeles Rams	Los Angeles Chargers	234 	1.9 	2 	0.0 	0.0 	0 	0.0 	0.6 	0.1 	0.0 	0.0 	15.7 	QB15		Los Angeles Rams	Washington Commanders	236 	2.0 	3 	0.0 	0.0 	0 	0.0 	0.6 	0.1 	0.0 	0.0 	16.2 	QB14		Los Angeles Rams	Arizona Cardinals	228 	1.9 	3 	0.0 	0.0 	0 	0.0 	0.6 	0.1 	0.0 	0.0 	15.9 	QB13		Los Angeles Rams	BYE	0 	0.0 	0 	0.0 	0.0 	0 	0.0 	0.0 	0.0 	0.0 	0.0 	0.0 	-		Los Angeles Rams	Green Bay Packers	231 	1.9 	3 	0.0 	0.0 	0 	0.0 	0.6 	0.1 	0.0 	0.0 	15.6 	QB22		Los Angeles Rams	Kansas City Chiefs	229 	1.8 	3 	0.0 	0.0 	0 	0.0 	0.6 	0.1 	0.0 	0.0 	15.4 	QB20		Los Angeles Rams	San Francisco 49ers	234 	1.9 	2 	0.0 	0.0 	0 	0.0 	0.6 	0.1 	0.0 	0.0 	15.7 	QB21		Los Angeles Rams	Dallas Cowboys	235 	2.0 	3 	0.0 	0.0 	0 	0.0 	0.6 	0.1 	0.0 	0.0 	16.4 	QB13		Los Angeles Rams	Seattle Seahawks	228 	1.7 	2 	0.0 	0.0 	0 	0.0 	0.6 	0.1 	0.0 	0.0 	14.7 	QB26		Los Angeles Rams	Tampa Bay Buccaneers	231 	1.9 	3 	0.0 	0.0 	0 	0.0 	0.6 	0.1 	0.0 	0.0 	15.6 	QB17		Actual	Actual	Actual	Actual	Forecast	Forecast	Forecast	Forecast	Forecast	Forecast	Forecast	Forecast	Forecast	Forecast	Forecast	Forecast	Forecast		Healthy	Healthy	Healthy	Healthy	Healthy	Healthy	Healthy	Healthy	Healthy	Healthy	Healthy	Healthy	Healthy	Healthy	Healthy	Healthy	Healthy		Week 5 2026	10/9/2026	4:29:22 PM	16		0%	0%	2%	2%	99%	99%		0.1 	0	0	0	0	0	0.108786 
	Blake Corum	Los Angeles Rams	RB	RB37	6.3 	101 	0 	0.0 	0.0 	0.0 	753 	47.1 	3.8 	0.2 	10.3 	0.6 	48 	3.0 	0.2 	0.0 	0.0 	1.4 	0.0 	0.276 	1.000 	0.582 	(0)	0.000 	0.000 	113 	80 	(33)	35 	34 	(1)	0.303 				-	-		-	-		-	-		-	-		5.4 	9.2 	1.5 	2.1 	6.8 	8.1 	7.1 	6.4 	7.0 	7.8 	0.0 	6.8 	6.7 	6.4 	7.5 	5.7 	6.8 		RB36	RB16	RB53	RB50	RB32	RB25	RB30	RB32	RB34	RB27	-	RB36	RB31	RB34	RB32	RB40	RB36		RB35	6.9 	0.0 	0.0 	49.3 	0.3 	0.5 	2.4 	0.0 	33 	0.325 	1.000 	0.607 	0 	0.007 	0.000 	111 	0.325 		83 		-	-		-	-		-	-		-	-		RB41	4.6 	0.0 	0.0 	147.8 	0.9 	1.6 	7.1 	0.1 	41 	0.163 	1.000 	0.506 	(0)	0.000 	0.000 	#N/A	0.252 		18.2 		-	-		-	-		-	-		-	-					Los Angeles Rams	San Francisco 49ers	0 	0.0 	54 	0.0 	0.0 	0 	0.0 	0.0 	0.0 	0.0 	0.0 	5.4 	RB36		Los Angeles Rams	New York Giants	0 	0.0 	79 	0.0 	1.0 	13 	0.0 	0.0 	0.0 	0.0 	0.0 	9.2 	RB16		Los Angeles Rams	Denver Broncos	0 	0.0 	15 	0.0 	2.0 	0 	0.0 	0.0 	0.0 	0.0 	0.0 	1.5 	RB53		Los Angeles Rams	Philadelphia Eagles	0 	0.0 	14 	0.0 	1.0 	7 	0.0 	0.0 	0.0 	0.0 	0.0 	2.1 	RB50		Los Angeles Rams	Buffalo Bills	0 	0.0 	48 	0.3 	0.5 	2 	0.0 	0.0 	0.1 	0.0 	0.0 	6.8 	RB32		Los Angeles Rams	Arizona Cardinals	0 	0.0 	56 	0.4 	0.5 	2 	0.0 	0.0 	0.1 	0.0 	0.0 	8.1 	RB25		Los Angeles Rams	Las Vegas Raiders	0 	0.0 	51 	0.3 	0.5 	2 	0.0 	0.0 	0.1 	0.0 	0.0 	7.1 	RB30		Los Angeles Rams	Los Angeles Chargers	0 	0.0 	46 	0.3 	0.5 	2 	0.0 	0.0 	0.1 	0.0 	0.0 	6.4 	RB32		Los Angeles Rams	Washington Commanders	0 	0.0 	50 	0.3 	0.5 	2 	0.0 	0.0 	0.1 	0.0 	0.0 	7.0 	RB34		Los Angeles Rams	Arizona Cardinals	0 	0.0 	55 	0.4 	0.5 	2 	0.0 	0.0 	0.1 	0.0 	0.0 	7.8 	RB27		Los Angeles Rams	BYE	0 	0.0 	0 	0.0 	0.0 	0 	0.0 	0.0 	0.0 	0.0 	0.0 	0.0 	-		Los Angeles Rams	Green Bay Packers	0 	0.0 	48 	0.3 	0.5 	2 	0.0 	0.0 	0.1 	0.0 	0.0 	6.8 	RB36		Los Angeles Rams	Kansas City Chiefs	0 	0.0 	48 	0.3 	0.5 	2 	0.0 	0.0 	0.1 	0.0 	0.0 	6.7 	RB31		Los Angeles Rams	San Francisco 49ers	0 	0.0 	46 	0.3 	0.5 	2 	0.0 	0.0 	0.1 	0.0 	0.0 	6.4 	RB34		Los Angeles Rams	Dallas Cowboys	0 	0.0 	53 	0.4 	0.5 	2 	0.0 	0.0 	0.1 	0.0 	0.0 	7.5 	RB32		Los Angeles Rams	Seattle Seahawks	0 	0.0 	42 	0.2 	0.5 	2 	0.0 	0.0 	0.1 	0.0 	0.0 	5.7 	RB40		Los Angeles Rams	Tampa Bay Buccaneers	0 	0.0 	48 	0.3 	0.5 	2 	0.0 	0.0 	0.1 	0.0 	0.0 	6.8 	RB36		Actual	Actual	Actual	Actual	Forecast	Forecast	Forecast	Forecast	Forecast	Forecast	Forecast	Forecast	Forecast	Forecast	Forecast	Forecast	Forecast		Healthy	Healthy	Healthy	Healthy	Healthy	Healthy	Healthy	Healthy	Healthy	Healthy	Healthy	Healthy	Healthy	Healthy	Healthy	Healthy	Healthy		Week 5 2026	10/9/2026	4:29:22 PM	16		1%	1%	37%	33%	0%	0%		0.1 	0	0	0	0	0	0.072263 
	Chris Godwin Jr.	Tampa Bay Buccaneers	WR	WR52	5.6 	89 	0 	0.0 	0.0 	0.0 	15 	0.9 	0.0 	0.0 	69.6 	4.3 	656 	41.0 	3.8 	0.2 	0.0 	0.1 	0.0 	0.243 	1.000 	0.490 	(0)	0.000 	0.000 	131 	84 	(47)	51 	36 	(15)	0.257 				-	-		-	-		-	-		-	-		4.3 	5.8 	2.5 	3.1 	6.1 	5.5 	6.2 	6.3 	6.3 	0.0 	6.3 	6.2 	6.1 	6.2 	6.3 	6.2 	6.2 		WR46	WR29	WR63	WR58	WR43	WR44	WR41	WR43	WR44	-	WR39	WR48	WR45	WR47	WR47	WR48	WR49		WR50	6.1 	0.0 	0.0 	0.0 	0.0 	4.5 	42.9 	0.3 	50 	0.287 	1.000 	0.500 	0 	0.059 	0.000 	128 	0.292 		74 		-	-		-	-		-	-		-	-		WR74	3.9 	0.0 	0.0 	0.0 	0.0 	13.4 	128.6 	0.9 	74 	0.141 	1.000 	0.260 	(0)	0.000 	0.000 	#N/A	0.138 		15.7 		-	-		-	-		-	-		-	-					Tampa Bay Buccaneers	Cincinnati Bengals	0 	0.0 	3 	0.0 	4.0 	40 	0.0 	0.0 	0.0 	0.0 	0.0 	4.3 	WR46		Tampa Bay Buccaneers	Cleveland Browns	0 	0.0 	12 	0.0 	3.0 	46 	0.0 	0.0 	0.0 	0.0 	0.0 	5.8 	WR29		Tampa Bay Buccaneers	Minnesota Vikings	0 	0.0 	0 	0.0 	3.0 	25 	0.0 	0.0 	0.0 	0.0 	0.0 	2.5 	WR63		Tampa Bay Buccaneers	Green Bay Packers	0 	0.0 	0 	0.0 	6.0 	31 	0.0 	0.0 	0.0 	0.0 	0.0 	3.1 	WR58		Tampa Bay Buccaneers	Dallas Cowboys	0 	0.0 	0 	0.0 	4.5 	43 	0.3 	0.0 	0.0 	0.0 	0.0 	6.1 	WR43		Tampa Bay Buccaneers	Pittsburgh Steelers	0 	0.0 	0 	0.0 	4.1 	40 	0.3 	0.0 	0.0 	0.0 	0.0 	5.5 	WR44		Tampa Bay Buccaneers	Carolina Panthers	0 	0.0 	0 	0.0 	4.4 	43 	0.3 	0.0 	0.0 	0.0 	0.0 	6.2 	WR41		Tampa Bay Buccaneers	Atlanta Falcons	0 	0.0 	0 	0.0 	4.5 	43 	0.3 	0.0 	0.0 	0.0 	0.0 	6.3 	WR43		Tampa Bay Buccaneers	Chicago Bears	0 	0.0 	0 	0.0 	4.6 	44 	0.3 	0.0 	0.0 	0.0 	0.0 	6.3 	WR44		Tampa Bay Buccaneers	BYE	0 	0.0 	0 	0.0 	0.0 	0 	0.0 	0.0 	0.0 	0.0 	0.0 	0.0 	-		Tampa Bay Buccaneers	Detroit Lions	0 	0.0 	0 	0.0 	4.6 	44 	0.3 	0.0 	0.0 	0.0 	0.0 	6.3 	WR39		Tampa Bay Buccaneers	Carolina Panthers	0 	0.0 	0 	0.0 	4.5 	43 	0.3 	0.0 	0.0 	0.0 	0.0 	6.2 	WR48		Tampa Bay Buccaneers	Los Angeles Chargers	0 	0.0 	0 	0.0 	4.4 	42 	0.3 	0.0 	0.0 	0.0 	0.0 	6.1 	WR45		Tampa Bay Buccaneers	Baltimore Ravens	0 	0.0 	0 	0.0 	4.6 	44 	0.3 	0.0 	0.0 	0.0 	0.0 	6.2 	WR47		Tampa Bay Buccaneers	New Orleans Saints	0 	0.0 	0 	0.0 	4.5 	43 	0.3 	0.0 	0.0 	0.0 	0.0 	6.3 	WR47		Tampa Bay Buccaneers	Atlanta Falcons	0 	0.0 	0 	0.0 	4.4 	43 	0.3 	0.0 	0.0 	0.0 	0.0 	6.2 	WR48		Tampa Bay Buccaneers	Los Angeles Rams	0 	0.0 	0 	0.0 	4.5 	43 	0.3 	0.0 	0.0 	0.0 	0.0 	6.2 	WR49		Actual	Actual	Actual	Actual	Forecast	Forecast	Forecast	Forecast	Forecast	Forecast	Forecast	Forecast	Forecast	Forecast	Forecast	Forecast	Forecast		Healthy	Healthy	Healthy	Healthy	Healthy	Healthy	Healthy	Healthy	Healthy	Healthy	Healthy	Healthy	Healthy	Healthy	Healthy	Healthy	Healthy		Week 5 2026	10/9/2026	4:29:22 PM	16		19%	20%	0%	0%	0%	0%		0.2 	0	0	0	0	0	0.153754 
	Woody Marks	Houston Texans	RB	RB39	5.7 	92 	0 	0.0 	0.0 	0.0 	458 	28.6 	5.0 	0.3 	23.8 	1.5 	140 	8.8 	0.7 	0.0 	0.0 	1.1 	0.0 	0.249 	1.000 	0.544 	(0)	0.000 	0.000 	120 	107 	(13)	38 	41 	3 	0.282 				-	-		-	-		-	-		-	-		4.0 	3.5 	8.1 	8.2 	6.1 	5.2 	6.2 	0.0 	5.3 	5.7 	6.4 	5.9 	5.6 	5.8 	5.8 	4.8 	5.2 		RB42	RB42	RB24	RB29	RB34	RB36	RB33	-	RB41	RB34	RB30	RB39	RB39	RB39	RB39	RB47	RB44		RB39	5.7 	0.0 	0.0 	30.9 	0.2 	1.4 	9.1 	0.1 	39 	0.265 	1.000 	0.532 	(0)	0.000 	0.000 	134 	0.279 		68 		-	-		-	-		-	-		-	-		RB32	6.0 	0.0 	0.0 	92.8 	0.7 	4.2 	27.3 	0.2 	32 	0.214 	1.000 	0.619 	(0)	0.000 	0.000 	#N/A	0.311 		23.8 		-	-		-	-		-	-		-	-					Houston Texans	Buffalo Bills	0 	0.0 	42 	0.0 	1.0 	(2)	0.0 	0.0 	0.0 	0.0 	0.0 	4.0 	RB42		Houston Texans	Cincinnati Bengals	0 	0.0 	8 	0.0 	5.0 	27 	0.0 	0.0 	0.0 	0.0 	0.0 	3.5 	RB42		Houston Texans	Indianapolis Colts	0 	0.0 	15 	1.0 	1.0 	6 	0.0 	0.0 	0.0 	0.0 	0.0 	8.1 	RB24		Houston Texans	Dallas Cowboys	0 	0.0 	22 	1.0 	0.0 	0 	0.0 	0.0 	0.0 	0.0 	0.0 	8.2 	RB29		Houston Texans	Tennessee Titans	0 	0.0 	34 	0.3 	1.4 	9 	0.1 	0.0 	0.1 	0.0 	0.0 	6.1 	RB34		Houston Texans	Jacksonville Jaguars	0 	0.0 	29 	0.2 	1.4 	9 	0.1 	0.0 	0.1 	0.0 	0.0 	5.2 	RB36		Houston Texans	New York Giants	0 	0.0 	34 	0.3 	1.4 	9 	0.1 	0.0 	0.1 	0.0 	0.0 	6.2 	RB33		Houston Texans	BYE	0 	0.0 	0 	0.0 	0.0 	0 	0.0 	0.0 	0.0 	0.0 	0.0 	0.0 	-		Houston Texans	Los Angeles Chargers	0 	0.0 	29 	0.2 	1.4 	9 	0.1 	0.0 	0.1 	0.0 	0.0 	5.3 	RB41		Houston Texans	Cleveland Browns	0 	0.0 	32 	0.3 	1.4 	9 	0.1 	0.0 	0.1 	0.0 	0.0 	5.7 	RB34		Houston Texans	Indianapolis Colts	0 	0.0 	34 	0.3 	1.5 	9 	0.1 	0.0 	0.1 	0.0 	0.0 	6.4 	RB30		Houston Texans	Baltimore Ravens	0 	0.0 	32 	0.3 	1.4 	9 	0.1 	0.0 	0.1 	0.0 	0.0 	5.9 	RB39		Houston Texans	Pittsburgh Steelers	0 	0.0 	31 	0.2 	1.4 	9 	0.1 	0.0 	0.1 	0.0 	0.0 	5.6 	RB39		Houston Texans	Washington Commanders	0 	0.0 	31 	0.3 	1.4 	9 	0.1 	0.0 	0.1 	0.0 	0.0 	5.8 	RB39		Houston Texans	Jacksonville Jaguars	0 	0.0 	31 	0.3 	1.4 	9 	0.1 	0.0 	0.1 	0.0 	0.0 	5.8 	RB39		Houston Texans	Philadelphia Eagles	0 	0.0 	27 	0.2 	1.3 	9 	0.0 	0.0 	0.1 	0.0 	0.0 	4.8 	RB47		Houston Texans	Green Bay Packers	0 	0.0 	28 	0.2 	1.4 	9 	0.1 	0.0 	0.1 	0.0 	0.0 	5.2 	RB44		Actual	Actual	Actual	Actual	Forecast	Forecast	Forecast	Forecast	Forecast	Forecast	Forecast	Forecast	Forecast	Forecast	Forecast	Forecast	Forecast		Healthy	Healthy	Healthy	Healthy	Healthy	Healthy	Healthy	Healthy	Healthy	Healthy	Healthy	Healthy	Healthy	Healthy	Healthy	Healthy	Healthy		Week 5 2026	10/9/2026	4:29:22 PM	16		4%	4%	28%	29%	0%	0%		(0.0)	0	0	0	0	0	(0.031819)
	Darren Waller	Carolina Panthers	TE	TE16	5.9 	94 	0 	0.0 	0.0 	0.0 	0 	0.0 	0.0 	0.0 	55.4 	3.5 	584 	36.5 	5.9 	0.4 	0.0 	0.1 	0.0 	0.255 	0.560 	0.432 	0 	0.179 	0.000 	118 	303 	185 	16 	38 	22 	0.291 				-	-		-	-		-	-		-	-		2.8 	15.3 	5.1 	3.6 	0.0 	5.5 	5.8 	5.6 	5.4 	5.6 	5.7 	5.6 	5.5 	5.8 	5.8 	5.4 	5.4 		TE22	TE4	TE16	TE22	-	TE17	TE15	TE15	TE19	TE16	TE13	TE18	TE15	TE13	TE15	TE19	TE19		TE19	5.6 	0.0 	0.0 	0.0 	0.0 	3.5 	36.4 	0.3 	19 	0.262 	0.560 	0.404 	0 	0.179 	0.000 	133 	0.281 		67 		-	-		-	-		-	-		-	-		TE11	6.7 	0.0 	0.0 	0.0 	0.0 	10.6 	109.1 	1.0 	11 	0.240 	0.560 	0.476 	1 	0.281 	0.000 	#N/A	0.353 		26.8 		-	-		-	-		-	-		-	-					Carolina Panthers	Chicago Bears	0 	0.0 	0 	0.0 	2.0 	28 	0.0 	0.0 	0.0 	0.0 	0.0 	2.8 	TE22		Carolina Panthers	Atlanta Falcons	0 	0.0 	0 	0.0 	3.0 	33 	2.0 	0.0 	0.0 	0.0 	0.0 	15.3 	TE4		Carolina Panthers	Cleveland Browns	0 	0.0 	0 	0.0 	5.0 	51 	0.0 	0.0 	0.0 	0.0 	0.0 	5.1 	TE16		Carolina Panthers	Detroit Lions	0 	0.0 	0 	0.0 	3.0 	36 	0.0 	0.0 	0.0 	0.0 	0.0 	3.6 	TE22		Carolina Panthers	BYE	0 	0.0 	0 	0.0 	0.0 	0 	0.0 	0.0 	0.0 	0.0 	0.0 	0.0 	-		Carolina Panthers	Philadelphia Eagles	0 	0.0 	0 	0.0 	3.5 	36 	0.3 	0.0 	0.0 	0.0 	0.0 	5.5 	TE17		Carolina Panthers	Tampa Bay Buccaneers	0 	0.0 	0 	0.0 	3.6 	37 	0.3 	0.0 	0.0 	0.0 	0.0 	5.8 	TE15		Carolina Panthers	Green Bay Packers	0 	0.0 	0 	0.0 	3.6 	37 	0.3 	0.0 	0.0 	0.0 	0.0 	5.6 	TE15		Carolina Panthers	Denver Broncos	0 	0.0 	0 	0.0 	3.4 	35 	0.3 	0.0 	0.0 	0.0 	0.0 	5.4 	TE19		Carolina Panthers	New Orleans Saints	0 	0.0 	0 	0.0 	3.5 	36 	0.3 	0.0 	0.0 	0.0 	0.0 	5.6 	TE16		Carolina Panthers	Baltimore Ravens	0 	0.0 	0 	0.0 	3.6 	37 	0.3 	0.0 	0.0 	0.0 	0.0 	5.7 	TE13		Carolina Panthers	Tampa Bay Buccaneers	0 	0.0 	0 	0.0 	3.6 	37 	0.3 	0.0 	0.0 	0.0 	0.0 	5.6 	TE18		Carolina Panthers	Minnesota Vikings	0 	0.0 	0 	0.0 	3.5 	36 	0.3 	0.0 	0.0 	0.0 	0.0 	5.5 	TE15		Carolina Panthers	New Orleans Saints	0 	0.0 	0 	0.0 	3.6 	37 	0.4 	0.0 	0.0 	0.0 	0.0 	5.8 	TE13		Carolina Panthers	Cincinnati Bengals	0 	0.0 	0 	0.0 	3.6 	37 	0.4 	0.0 	0.0 	0.0 	0.0 	5.8 	TE15		Carolina Panthers	Pittsburgh Steelers	0 	0.0 	0 	0.0 	3.5 	36 	0.3 	0.0 	0.0 	0.0 	0.0 	5.4 	TE19		Carolina Panthers	Seattle Seahawks	0 	0.0 	0 	0.0 	3.5 	36 	0.3 	0.0 	0.0 	0.0 	0.0 	5.4 	TE19		Actual	Actual	Actual	Actual	Forecast	Forecast	Forecast	Forecast	Forecast	Forecast	Forecast	Forecast	Forecast	Forecast	Forecast	Forecast	Forecast		Healthy	Healthy	Healthy	Healthy	Healthy	Healthy	Healthy	Healthy	Healthy	Healthy	Healthy	Healthy	Healthy	Healthy	Healthy	Healthy	Healthy		Week 5 2026	10/9/2026	4:29:22 PM	16		16%	22%	0%	0%	0%	0%		(0.1)	0	0	0	0	0	(0.071803)
	KC Concepcion	Cleveland Browns	WR	WR55	5.3 	86 	0 	0.0 	0.0 	0.0 	9 	0.6 	0.0 	0.0 	76.1 	4.8 	682 	42.6 	3.1 	0.2 	0.0 	1.1 	0.0 	0.233 	1.000 	0.450 	(0)	0.000 	0.000 	139 	133 	(6)	55 	49 	(6)	0.237 				-	-		-	-		-	-		-	-		3.8 	2.2 	0.9 	6.4 	5.9 	6.0 	6.0 	5.9 	6.1 	5.8 	0.0 	6.1 	6.3 	6.2 	5.9 	6.0 	6.2 		WR52	WR67	WR82	WR41	WR45	WR41	WR46	WR46	WR48	WR45	-	WR51	WR43	WR48	WR52	WR51	WR47		WR51	6.0 	0.0 	0.0 	0.0 	0.0 	4.9 	44.8 	0.3 	51 	0.282 	1.000 	0.490 	0 	0.047 	0.000 	132 	0.282 		72 		-	-		-	-		-	-		-	-		WR81	3.3 	0.0 	0.0 	0.0 	0.0 	14.8 	134.4 	0.8 	81 	0.119 	1.000 	0.190 	(0)	0.000 	0.000 	#N/A	0.103 		13.3 		-	-		-	-		-	-		-	-					Cleveland Browns	Jacksonville Jaguars	0 	0.0 	15 	0.0 	4.0 	43 	0.0 	0.0 	1.0 	0.0 	0.0 	3.8 	WR52		Cleveland Browns	Tampa Bay Buccaneers	0 	0.0 	(6)	0.0 	6.0 	28 	0.0 	0.0 	0.0 	0.0 	0.0 	2.2 	WR67		Cleveland Browns	Carolina Panthers	0 	0.0 	0 	0.0 	2.0 	9 	0.0 	0.0 	0.0 	0.0 	0.0 	0.9 	WR82		Cleveland Browns	Pittsburgh Steelers	0 	0.0 	0 	0.0 	5.0 	64 	0.0 	0.0 	0.0 	0.0 	0.0 	6.4 	WR41		Cleveland Browns	New York Jets	0 	0.0 	0 	0.0 	4.8 	44 	0.3 	0.0 	0.0 	0.0 	0.0 	5.9 	WR45		Cleveland Browns	Baltimore Ravens	0 	0.0 	0 	0.0 	4.9 	45 	0.3 	0.0 	0.0 	0.0 	0.0 	6.0 	WR41		Cleveland Browns	Tennessee Titans	0 	0.0 	0 	0.0 	4.9 	44 	0.3 	0.0 	0.0 	0.0 	0.0 	6.0 	WR46		Cleveland Browns	Pittsburgh Steelers	0 	0.0 	0 	0.0 	4.9 	44 	0.2 	0.0 	0.0 	0.0 	0.0 	5.9 	WR46		Cleveland Browns	New Orleans Saints	0 	0.0 	0 	0.0 	5.0 	45 	0.3 	0.0 	0.0 	0.0 	0.0 	6.1 	WR48		Cleveland Browns	Houston Texans	0 	0.0 	0 	0.0 	4.8 	44 	0.2 	0.0 	0.0 	0.0 	0.0 	5.8 	WR45		Cleveland Browns	BYE	0 	0.0 	0 	0.0 	0.0 	0 	0.0 	0.0 	0.0 	0.0 	0.0 	0.0 	-		Cleveland Browns	Las Vegas Raiders	0 	0.0 	0 	0.0 	4.9 	45 	0.3 	0.0 	0.0 	0.0 	0.0 	6.1 	WR51		Cleveland Browns	Cincinnati Bengals	0 	0.0 	0 	0.0 	5.1 	47 	0.3 	0.0 	0.0 	0.0 	0.0 	6.3 	WR43		Cleveland Browns	Atlanta Falcons	0 	0.0 	0 	0.0 	4.9 	45 	0.3 	0.0 	0.0 	0.0 	0.0 	6.2 	WR48		Cleveland Browns	New York Giants	0 	0.0 	0 	0.0 	4.9 	45 	0.3 	0.0 	0.0 	0.0 	0.0 	5.9 	WR52		Cleveland Browns	Baltimore Ravens	0 	0.0 	0 	0.0 	5.0 	45 	0.2 	0.0 	0.0 	0.0 	0.0 	6.0 	WR51		Cleveland Browns	Indianapolis Colts	0 	0.0 	0 	0.0 	5.0 	46 	0.3 	0.0 	0.0 	0.0 	0.0 	6.2 	WR47		Actual	Actual	Actual	Actual	Forecast	Forecast	Forecast	Forecast	Forecast	Forecast	Forecast	Forecast	Forecast	Forecast	Forecast	Forecast	Forecast		Healthy	Healthy	Healthy	Healthy	Healthy	Healthy	Healthy	Healthy	Healthy	Healthy	Healthy	Healthy	Healthy	Healthy	Healthy	Healthy	Healthy		Week 5 2026	10/9/2026	4:29:22 PM	16		20%	19%	0%	0%	0%	0%		0.2 	0	0	0	0	0	0.178183 
	Drake Maye	New England Patriots	QB	QB19	15.6 	249 	3,589 	224.3 	22.5 	1.4 	391 	24.4 	1.5 	0.1 	0.0 	0.0 	0 	0.0 	0.0 	0.0 	14.3 	2.9 	0.0 	0.677 	0.460 	0.304 	0 	0.216 	0.000 	128 	55 	(73)	16 	3 	(13)	0.263 				-	-		-	-		-	-		-	-		9.8 	8.0 	4.5 	26.2 	17.1 	17.0 	16.6 	17.5 	16.9 	16.9 	0.0 	16.2 	17.4 	16.7 	15.9 	16.2 	16.2 		QB27	QB26	QB32	QB1	QB5	QB5	QB7	QB5	QB10	QB8	-	QB15	QB7	QB9	QB17	QB14	QB14		QB10	16.7 	227.9 	1.5 	21.3 	0.1 	0.0 	0.0 	0.0 	8 	0.782 	0.460 	0.395 	1 	0.527 	0.000 	69 	0.457 		200 		-	-		-	-		-	-		-	-		QB22	12.1 	683.7 	4.6 	63.8 	0.4 	0.0 	0.0 	0.0 	22 	0.435 	0.460 	0.227 	0 	0.015 	0.000 	#N/A	0.127 		48.5 		-	-		-	-		-	-		-	-					New England Patriots	Seattle Seahawks	178 	1.0 	47 	0.0 	0.0 	0 	0.0 	3.0 	0.0 	0.0 	0.0 	9.8 	QB27		New England Patriots	Pittsburgh Steelers	208 	0.0 	17 	0.0 	0.0 	0 	0.0 	1.0 	0.0 	0.0 	0.0 	8.0 	QB26		New England Patriots	Jacksonville Jaguars	199 	0.0 	18 	0.0 	0.0 	0 	0.0 	1.6 	1.0 	0.0 	0.0 	4.5 	QB32		New England Patriots	Buffalo Bills	269 	3.0 	54 	0.0 	0.0 	0 	0.0 	1.0 	1.0 	0.0 	1.0 	26.2 	QB1		New England Patriots	Las Vegas Raiders	232 	1.6 	21 	0.1 	0.0 	0 	0.0 	0.6 	0.1 	0.0 	0.0 	17.1 	QB5		New England Patriots	New York Jets	224 	1.6 	23 	0.1 	0.0 	0 	0.0 	0.6 	0.1 	0.0 	0.0 	17.0 	QB5		New England Patriots	Chicago Bears	232 	1.5 	20 	0.1 	0.0 	0 	0.0 	0.6 	0.1 	0.0 	0.0 	16.6 	QB7		New England Patriots	Miami Dolphins	228 	1.6 	24 	0.1 	0.0 	0 	0.0 	0.6 	0.1 	0.0 	0.0 	17.5 	QB5		New England Patriots	Green Bay Packers	230 	1.6 	21 	0.1 	0.0 	0 	0.0 	0.6 	0.1 	0.0 	0.0 	16.9 	QB10		New England Patriots	Detroit Lions	234 	1.6 	20 	0.1 	0.0 	0 	0.0 	0.6 	0.1 	0.0 	0.0 	16.9 	QB8		New England Patriots	BYE	0 	0.0 	0 	0.0 	0.0 	0 	0.0 	0.0 	0.0 	0.0 	0.0 	0.0 	-		New England Patriots	Los Angeles Chargers	228 	1.5 	19 	0.1 	0.0 	0 	0.0 	0.6 	0.1 	0.0 	0.0 	16.2 	QB15		New England Patriots	Buffalo Bills	234 	1.6 	21 	0.1 	0.0 	0 	0.0 	0.6 	0.1 	0.0 	0.0 	17.4 	QB7		New England Patriots	Minnesota Vikings	225 	1.5 	22 	0.1 	0.0 	0 	0.0 	0.6 	0.1 	0.0 	0.0 	16.7 	QB9		New England Patriots	Kansas City Chiefs	226 	1.4 	19 	0.1 	0.0 	0 	0.0 	0.6 	0.1 	0.0 	0.0 	15.9 	QB17		New England Patriots	New York Jets	218 	1.5 	23 	0.1 	0.0 	0 	0.0 	0.6 	0.1 	0.0 	0.0 	16.2 	QB14		New England Patriots	Denver Broncos	225 	1.5 	21 	0.1 	0.0 	0 	0.0 	0.6 	0.1 	0.0 	0.0 	16.2 	QB14		Actual	Actual	Actual	Actual	Forecast	Forecast	Forecast	Forecast	Forecast	Forecast	Forecast	Forecast	Forecast	Forecast	Forecast	Forecast	Forecast		Healthy	Healthy	Healthy	Healthy	Healthy	Healthy	Healthy	Healthy	Healthy	Healthy	Healthy	Healthy	Healthy	Healthy	Healthy	Healthy	Healthy		Week 5 2026	10/9/2026	4:29:22 PM	16		0%	0%	18%	13%	99%	99%		0.3 	0	0	0	0	0	0.329970 
	Keaton Mitchell	Los Angeles Chargers	RB	RB41	5.5 	89 	0 	0.0 	0.0 	0.0 	550 	34.4 	1.9 	0.1 	23.2 	1.5 	162 	10.1 	1.4 	0.1 	0.0 	1.0 	0.0 	0.241 	1.000 	0.519 	(0)	0.000 	0.000 	126 	155 	29 	40 	54 	14 	0.270 																0.9 	3.9 	10.7 	6.3 	4.8 	4.5 	0.0 	5.2 	5.6 	5.2 	6.4 	5.6 	5.8 	5.9 	5.8 	6.3 	5.6 		RB58	RB40	RB16	RB34	RB43	RB42	-	RB40	RB39	RB38	RB31	RB42	RB37	RB37	RB40	RB37	RB41		RB42	5.6 	0.0 	0.0 	35.5 	0.2 	1.2 	10.7 	0.0 	42 	0.260 	1.000 	0.494 	(0)	0.000 	0.000 	138 	0.261 		67 		-	-		-	-		-	-		-	-		RB34	5.5 	0.0 	0.0 	106.5 	0.5 	3.6 	32.0 	0.1 	34 	0.196 	1.000 	0.594 	(0)	0.000 	0.000 	#N/A	0.297 		21.8 		-	-		-	-		-	-		-	-					Los Angeles Chargers	Arizona Cardinals	0 	0.0 	9 	0.0 	0.0 	0 	0.0 	0.0 	0.0 	0.0 	0.0 	0.9 	RB58		Los Angeles Chargers	Las Vegas Raiders	0 	0.0 	24 	0.0 	1.0 	15 	0.0 	0.0 	0.0 	0.0 	0.0 	3.9 	RB40		Los Angeles Chargers	Buffalo Bills	0 	0.0 	52 	0.0 	3.0 	(5)	1.0 	0.0 	0.0 	0.0 	0.0 	10.7 	RB16		Los Angeles Chargers	Seattle Seahawks	0 	0.0 	39 	0.0 	5.0 	24 	0.0 	0.0 	0.0 	0.0 	0.0 	6.3 	RB34		Los Angeles Chargers	Denver Broncos	0 	0.0 	31 	0.1 	1.2 	10 	0.0 	0.0 	0.1 	0.0 	0.0 	4.8 	RB43		Los Angeles Chargers	Kansas City Chiefs	0 	0.0 	28 	0.1 	1.2 	11 	0.0 	0.0 	0.1 	0.0 	0.0 	4.5 	RB42		Los Angeles Chargers	BYE	0 	0.0 	0 	0.0 	0.0 	0 	0.0 	0.0 	0.0 	0.0 	0.0 	0.0 	-		Los Angeles Chargers	Los Angeles Rams	0 	0.0 	33 	0.1 	1.2 	11 	0.0 	0.0 	0.1 	0.0 	0.0 	5.2 	RB40		Los Angeles Chargers	Houston Texans	0 	0.0 	36 	0.2 	1.2 	11 	0.0 	0.0 	0.1 	0.0 	0.0 	5.6 	RB39		Los Angeles Chargers	Baltimore Ravens	0 	0.0 	32 	0.1 	1.2 	11 	0.0 	0.0 	0.1 	0.0 	0.0 	5.2 	RB38		Los Angeles Chargers	New York Jets	0 	0.0 	42 	0.2 	1.1 	10 	0.0 	0.0 	0.1 	0.0 	0.0 	6.4 	RB31		Los Angeles Chargers	New England Patriots	0 	0.0 	36 	0.2 	1.2 	11 	0.0 	0.0 	0.1 	0.0 	0.0 	5.6 	RB42		Los Angeles Chargers	Tampa Bay Buccaneers	0 	0.0 	37 	0.2 	1.2 	11 	0.0 	0.0 	0.1 	0.0 	0.0 	5.8 	RB37		Los Angeles Chargers	Las Vegas Raiders	0 	0.0 	38 	0.2 	1.2 	11 	0.0 	0.0 	0.1 	0.0 	0.0 	5.9 	RB37		Los Angeles Chargers	San Francisco 49ers	0 	0.0 	37 	0.2 	1.2 	11 	0.0 	0.0 	0.1 	0.0 	0.0 	5.8 	RB40		Los Angeles Chargers	Miami Dolphins	0 	0.0 	41 	0.2 	1.2 	11 	0.0 	0.0 	0.1 	0.0 	0.0 	6.3 	RB37		Los Angeles Chargers	Kansas City Chiefs	0 	0.0 	36 	0.2 	1.2 	11 	0.0 	0.0 	0.1 	0.0 	0.0 	5.6 	RB41		Actual	Actual	Actual	Actual	Forecast	Forecast	Forecast	Forecast	Forecast	Forecast	Forecast	Forecast	Forecast	Forecast	Forecast	Forecast	Forecast		Healthy	Healthy	Healthy	Healthy	Healthy	Healthy	Healthy	Healthy	Healthy	Healthy	Healthy	Healthy	Healthy	Healthy	Healthy	Healthy	Healthy		Week 5 2026	10/9/2026	4:29:22 PM	16		5%	2%	27%	17%	0%	0%		(0.0)	0	0	0	0	0	(0.035645)
	Brenton Strange	Jacksonville Jaguars	TE	TE17	5.7 	91 	0 	0.0 	0.0 	0.0 	0 	0.0 	0.0 	0.0 	58.2 	3.6 	662 	41.4 	4.1 	0.3 	0.0 	0.1 	0.0 	0.247 	0.560 	0.422 	0 	0.150 	0.000 	125 	143 	18 	17 	19 	2 	0.273 				-	-		-	-		-	-		-	-		8.3 	1.7 	3.2 	9.5 	5.5 	5.6 	0.0 	5.9 	5.7 	5.7 	5.7 	5.7 	5.6 	5.6 	5.3 	5.8 	5.9 		TE12	TE23	TE19	TE7	TE17	TE16	-	TE10	TE16	TE15	TE16	TE16	TE13	TE14	TE20	TE15	TE13		TE16	5.7 	0.0 	0.0 	0.0 	0.0 	3.7 	41.2 	0.3 	16 	0.265 	0.560 	0.432 	0 	0.192 	0.000 	124 	0.299 		68 		-	-		-	-		-	-		-	-		TE19	5.7 	0.0 	0.0 	0.0 	0.0 	11.0 	123.7 	0.8 	19 	0.204 	0.560 	0.404 	0 	0.145 	0.000 	#N/A	0.257 		22.7 		-	-		-	-		-	-		-	-					Jacksonville Jaguars	Cleveland Browns	0 	0.0 	0 	0.0 	2.0 	23 	1.0 	0.0 	0.0 	0.0 	0.0 	8.3 	TE12		Jacksonville Jaguars	Denver Broncos	0 	0.0 	0 	0.0 	2.0 	17 	0.0 	0.0 	0.0 	0.0 	0.0 	1.7 	TE23		Jacksonville Jaguars	New England Patriots	0 	0.0 	0 	0.0 	3.0 	32 	0.0 	0.0 	0.0 	0.0 	0.0 	3.2 	TE19		Jacksonville Jaguars	Cincinnati Bengals	0 	0.0 	0 	0.0 	7.0 	95 	0.0 	0.0 	0.0 	0.0 	0.0 	9.5 	TE7		Jacksonville Jaguars	Philadelphia Eagles	0 	0.0 	0 	0.0 	3.5 	40 	0.3 	0.0 	0.0 	0.0 	0.0 	5.5 	TE17		Jacksonville Jaguars	Houston Texans	0 	0.0 	0 	0.0 	3.6 	41 	0.3 	0.0 	0.0 	0.0 	0.0 	5.6 	TE16		Jacksonville Jaguars	BYE	0 	0.0 	0 	0.0 	0.0 	0 	0.0 	0.0 	0.0 	0.0 	0.0 	0.0 	-		Jacksonville Jaguars	Indianapolis Colts	0 	0.0 	0 	0.0 	3.8 	42 	0.3 	0.0 	0.0 	0.0 	0.0 	5.9 	TE10		Jacksonville Jaguars	Baltimore Ravens	0 	0.0 	0 	0.0 	3.8 	42 	0.3 	0.0 	0.0 	0.0 	0.0 	5.7 	TE16		Jacksonville Jaguars	Tennessee Titans	0 	0.0 	0 	0.0 	3.7 	41 	0.3 	0.0 	0.0 	0.0 	0.0 	5.7 	TE15		Jacksonville Jaguars	New York Giants	0 	0.0 	0 	0.0 	3.7 	41 	0.3 	0.0 	0.0 	0.0 	0.0 	5.7 	TE16		Jacksonville Jaguars	Tennessee Titans	0 	0.0 	0 	0.0 	3.7 	41 	0.3 	0.0 	0.0 	0.0 	0.0 	5.7 	TE16		Jacksonville Jaguars	Chicago Bears	0 	0.0 	0 	0.0 	3.7 	41 	0.2 	0.0 	0.0 	0.0 	0.0 	5.6 	TE13		Jacksonville Jaguars	Pittsburgh Steelers	0 	0.0 	0 	0.0 	3.7 	41 	0.3 	0.0 	0.0 	0.0 	0.0 	5.6 	TE14		Jacksonville Jaguars	Houston Texans	0 	0.0 	0 	0.0 	3.5 	40 	0.2 	0.0 	0.0 	0.0 	0.0 	5.3 	TE20		Jacksonville Jaguars	Dallas Cowboys	0 	0.0 	0 	0.0 	3.8 	42 	0.3 	0.0 	0.0 	0.0 	0.0 	5.8 	TE15		Jacksonville Jaguars	Washington Commanders	0 	0.0 	0 	0.0 	3.8 	43 	0.3 	0.0 	0.0 	0.0 	0.0 	5.9 	TE13		Actual	Actual	Actual	Actual	Forecast	Forecast	Forecast	Forecast	Forecast	Forecast	Forecast	Forecast	Forecast	Forecast	Forecast	Forecast	Forecast		Healthy	Healthy	Healthy	Healthy	Healthy	Healthy	Healthy	Healthy	Healthy	Healthy	Healthy	Healthy	Healthy	Healthy	Healthy	Healthy	Healthy		Week 5 2026	10/9/2026	4:29:22 PM	16		18%	16%	0%	0%	0%	0%		0.0 	0	0	0	0	0	0.041551 
	Dontayvion Wicks	Philadelphia Eagles	WR	WR47	6.2 	100 	0 	0.0 	0.0 	0.0 	0 	0.0 	0.0 	0.0 	47.7 	3.0 	715 	44.7 	4.7 	0.3 	0.0 	0.1 	0.0 	0.271 	1.000 	0.530 	0 	0.049 	0.000 	115 	217 	102 	47 	71 	24 	0.299 				-	-		-	-		-	-		-	-		13.3 	7.4 	3.2 	1.8 	6.8 	6.0 	6.4 	6.2 	6.2 	0.0 	6.0 	6.3 	6.0 	6.3 	6.0 	5.6 	6.0 		WR12	WR21	WR57	WR65	WR33	WR40	WR40	WR44	WR45	-	WR41	WR45	WR47	WR45	WR51	WR54	WR51		WR49	6.2 	0.0 	0.0 	0.0 	0.0 	3.0 	43.1 	0.3 	49 	0.288 	1.000 	0.510 	0 	0.061 	0.000 	125 	0.297 		74 		-	-		-	-		-	-		-	-		WR38	6.4 	0.0 	0.0 	0.0 	0.0 	8.9 	129.4 	0.9 	38 	0.231 	1.000 	0.620 	0 	0.072 	0.000 	#N/A	0.342 		25.7 		-	-		-	-		-	-		-	-					Philadelphia Eagles	Washington Commanders	0 	0.0 	0 	0.0 	2.0 	73 	1.0 	0.0 	0.0 	0.0 	0.0 	13.3 	WR12		Philadelphia Eagles	Tennessee Titans	0 	0.0 	0 	0.0 	5.0 	74 	0.0 	0.0 	0.0 	0.0 	0.0 	7.4 	WR21		Philadelphia Eagles	Chicago Bears	0 	0.0 	0 	0.0 	2.0 	32 	0.0 	0.0 	0.0 	0.0 	0.0 	3.2 	WR57		Philadelphia Eagles	Los Angeles Rams	0 	0.0 	0 	0.0 	3.0 	18 	0.0 	0.0 	0.0 	0.0 	0.0 	1.8 	WR65		Philadelphia Eagles	Jacksonville Jaguars	0 	0.0 	0 	0.0 	3.5 	50 	0.3 	0.0 	0.0 	0.0 	0.0 	6.8 	WR33		Philadelphia Eagles	Carolina Panthers	0 	0.0 	0 	0.0 	2.9 	42 	0.3 	0.0 	0.0 	0.0 	0.0 	6.0 	WR40		Philadelphia Eagles	Dallas Cowboys	0 	0.0 	0 	0.0 	3.1 	44 	0.3 	0.0 	0.0 	0.0 	0.0 	6.4 	WR40		Philadelphia Eagles	Washington Commanders	0 	0.0 	0 	0.0 	3.0 	43 	0.3 	0.0 	0.0 	0.0 	0.0 	6.2 	WR44		Philadelphia Eagles	New York Giants	0 	0.0 	0 	0.0 	2.9 	43 	0.3 	0.0 	0.0 	0.0 	0.0 	6.2 	WR45		Philadelphia Eagles	BYE	0 	0.0 	0 	0.0 	0.0 	0 	0.0 	0.0 	0.0 	0.0 	0.0 	0.0 	-		Philadelphia Eagles	Pittsburgh Steelers	0 	0.0 	0 	0.0 	2.9 	42 	0.3 	0.0 	0.0 	0.0 	0.0 	6.0 	WR41		Philadelphia Eagles	Dallas Cowboys	0 	0.0 	0 	0.0 	3.0 	44 	0.3 	0.0 	0.0 	0.0 	0.0 	6.3 	WR45		Philadelphia Eagles	Arizona Cardinals	0 	0.0 	0 	0.0 	2.8 	41 	0.3 	0.0 	0.0 	0.0 	0.0 	6.0 	WR47		Philadelphia Eagles	Indianapolis Colts	0 	0.0 	0 	0.0 	3.0 	43 	0.3 	0.0 	0.0 	0.0 	0.0 	6.3 	WR45		Philadelphia Eagles	Seattle Seahawks	0 	0.0 	0 	0.0 	2.9 	42 	0.3 	0.0 	0.0 	0.0 	0.0 	6.0 	WR51		Philadelphia Eagles	Houston Texans	0 	0.0 	0 	0.0 	2.8 	40 	0.3 	0.0 	0.0 	0.0 	0.0 	5.6 	WR54		Philadelphia Eagles	San Francisco 49ers	0 	0.0 	0 	0.0 	2.9 	43 	0.3 	0.0 	0.0 	0.0 	0.0 	6.0 	WR51		Actual	Actual	Actual	Actual	Forecast	Forecast	Forecast	Forecast	Forecast	Forecast	Forecast	Forecast	Forecast	Forecast	Forecast	Forecast	Forecast		Healthy	Healthy	Healthy	Healthy	Healthy	Healthy	Healthy	Healthy	Healthy	Healthy	Healthy	Healthy	Healthy	Healthy	Healthy	Healthy	Healthy		Week 5 2026	10/9/2026	4:29:22 PM	16		20%	20%	0%	0%	0%	0%		(0.0)	0	0	0	0	0	(0.045547)
	Emanuel Wilson	Seattle Seahawks	RB	RB34	6.7 	106 	0 	0.0 	0.0 	0.0 	600 	37.5 	3.7 	0.2 	15.9 	1.0 	155 	9.7 	1.8 	0.1 	0.0 	1.2 	0.0 	0.289 	1.000 	0.607 	(0)	0.000 	0.000 	106 	211 	105 	33 	67 	34 	0.317 																0.3 	9.2 	1.4 	24.0 	10.2 	5.0 	5.3 	5.8 	6.6 	5.8 	0.0 	5.3 	5.8 	6.0 	4.8 	5.4 	5.5 		RB59	RB16	RB54	RB8	RB17	RB38	RB38	RB36	RB35	RB33	-	RB43	RB36	RB36	RB46	RB42	RB42		RB38	6.0 	0.0 	0.0 	34.2 	0.2 	1.1 	9.7 	0.1 	38 	0.279 	1.000 	0.544 	(0)	0.000 	0.000 	129 	0.287 		72 		-	-		-	-		-	-		-	-		RB23	8.7 	0.0 	0.0 	102.6 	0.7 	3.2 	29.1 	0.2 	23 	0.313 	1.000 	0.731 	0 	0.120 	0.000 	#N/A	0.424 		34.9 		-	-		-	-		-	-		-	-					Seattle Seahawks	New England Patriots	0 	0.0 	3 	0.0 	0.0 	0 	0.0 	0.0 	0.0 	0.0 	0.0 	0.3 	RB59		Seattle Seahawks	Arizona Cardinals	0 	0.0 	92 	0.0 	0.0 	0 	0.0 	0.0 	0.0 	0.0 	0.0 	9.2 	RB16		Seattle Seahawks	Washington Commanders	0 	0.0 	14 	0.0 	0.0 	0 	0.0 	0.0 	0.0 	0.0 	0.0 	1.4 	RB54		Seattle Seahawks	Los Angeles Chargers	0 	0.0 	81 	1.0 	3.0 	39 	1.0 	0.0 	0.0 	0.0 	0.0 	24.0 	RB8		Seattle Seahawks	San Francisco 49ers	0 	0.0 	63 	0.5 	1.1 	10 	0.1 	0.0 	0.2 	0.0 	0.0 	10.2 	RB17		Seattle Seahawks	Denver Broncos	0 	0.0 	29 	0.2 	1.0 	9 	0.1 	0.0 	0.1 	0.0 	0.0 	5.0 	RB38		Seattle Seahawks	Kansas City Chiefs	0 	0.0 	30 	0.2 	1.1 	10 	0.1 	0.0 	0.1 	0.0 	0.0 	5.3 	RB38		Seattle Seahawks	Chicago Bears	0 	0.0 	32 	0.2 	1.1 	10 	0.1 	0.0 	0.1 	0.0 	0.0 	5.8 	RB36		Seattle Seahawks	Arizona Cardinals	0 	0.0 	37 	0.3 	1.1 	10 	0.1 	0.0 	0.1 	0.0 	0.0 	6.6 	RB35		Seattle Seahawks	Las Vegas Raiders	0 	0.0 	33 	0.2 	1.1 	9 	0.1 	0.0 	0.1 	0.0 	0.0 	5.8 	RB33		Seattle Seahawks	BYE	0 	0.0 	0 	0.0 	0.0 	0 	0.0 	0.0 	0.0 	0.0 	0.0 	0.0 	-		Seattle Seahawks	San Francisco 49ers	0 	0.0 	30 	0.2 	1.1 	10 	0.1 	0.0 	0.1 	0.0 	0.0 	5.3 	RB43		Seattle Seahawks	Dallas Cowboys	0 	0.0 	33 	0.2 	1.1 	10 	0.1 	0.0 	0.1 	0.0 	0.0 	5.8 	RB36		Seattle Seahawks	New York Giants	0 	0.0 	34 	0.2 	1.1 	10 	0.1 	0.0 	0.1 	0.0 	0.0 	6.0 	RB36		Seattle Seahawks	Philadelphia Eagles	0 	0.0 	27 	0.2 	1.0 	9 	0.1 	0.0 	0.1 	0.0 	0.0 	4.8 	RB46		Seattle Seahawks	Los Angeles Rams	0 	0.0 	30 	0.2 	1.1 	10 	0.1 	0.0 	0.1 	0.0 	0.0 	5.4 	RB42		Seattle Seahawks	Carolina Panthers	0 	0.0 	31 	0.2 	1.1 	10 	0.1 	0.0 	0.1 	0.0 	0.0 	5.5 	RB42		Actual	Actual	Actual	Actual	Forecast	Forecast	Forecast	Forecast	Forecast	Forecast	Forecast	Forecast	Forecast	Forecast	Forecast	Forecast	Forecast		Healthy	Healthy	Healthy	Healthy	Healthy	Healthy	Healthy	Healthy	Healthy	Healthy	Healthy	Healthy	Healthy	Healthy	Healthy	Healthy	Healthy		Week 5 2026	10/9/2026	4:29:22 PM	16		4%	4%	28%	23%	0%	0%		(0.1)	0	0	0	0	0	(0.137346)
	Dalton Schultz	Houston Texans	TE	TE19	5.4 	86 	0 	0.0 	0.0 	0.0 	0 	0.0 	0.0 	0.0 	67.5 	4.2 	679 	42.4 	3.0 	0.2 	0.0 	0.1 	0.0 	0.233 	0.560 	0.404 	0 	0.102 	0.000 	136 	139 	3 	19 	18 	(1)	0.242 				-	-		-	-		-	-		-	-		3.5 	14.0 	3.0 	0.9 	5.2 	5.3 	5.6 	0.0 	5.3 	5.2 	5.7 	5.6 	5.3 	5.5 	5.5 	4.9 	5.2 		TE19	TE5	TE22	TE32	TE20	TE18	TE18	-	TE20	TE20	TE15	TE19	TE16	TE19	TE18	TE24	TE20		TE20	5.4 	0.0 	0.0 	0.0 	0.0 	3.9 	38.7 	0.2 	20 	0.250 	0.560 	0.395 	0 	0.140 	0.000 	139 	0.258 		64 		-	-		-	-		-	-		-	-		TE20	5.4 	0.0 	0.0 	0.0 	0.0 	11.6 	116.2 	0.7 	20 	0.192 	0.560 	0.395 	0 	0.102 	0.000 	#N/A	0.232 		21.4 		-	-		-	-		-	-		-	-					Houston Texans	Buffalo Bills	0 	0.0 	0 	0.0 	4.0 	35 	0.0 	0.0 	0.0 	0.0 	0.0 	3.5 	TE19		Houston Texans	Cincinnati Bengals	0 	0.0 	0 	0.0 	12.0 	140 	0.0 	0.0 	0.0 	0.0 	0.0 	14.0 	TE5		Houston Texans	Indianapolis Colts	0 	0.0 	0 	0.0 	3.0 	30 	0.0 	0.0 	0.0 	0.0 	0.0 	3.0 	TE22		Houston Texans	Dallas Cowboys	0 	0.0 	0 	0.0 	2.0 	9 	0.0 	0.0 	0.0 	0.0 	0.0 	0.9 	TE32		Houston Texans	Tennessee Titans	0 	0.0 	0 	0.0 	3.8 	38 	0.2 	0.0 	0.0 	0.0 	0.0 	5.2 	TE20		Houston Texans	Jacksonville Jaguars	0 	0.0 	0 	0.0 	3.9 	39 	0.2 	0.0 	0.0 	0.0 	0.0 	5.3 	TE18		Houston Texans	New York Giants	0 	0.0 	0 	0.0 	4.0 	40 	0.3 	0.0 	0.0 	0.0 	0.0 	5.6 	TE18		Houston Texans	BYE	0 	0.0 	0 	0.0 	0.0 	0 	0.0 	0.0 	0.0 	0.0 	0.0 	0.0 	-		Houston Texans	Los Angeles Chargers	0 	0.0 	0 	0.0 	3.9 	39 	0.2 	0.0 	0.0 	0.0 	0.0 	5.3 	TE20		Houston Texans	Cleveland Browns	0 	0.0 	0 	0.0 	3.8 	38 	0.2 	0.0 	0.0 	0.0 	0.0 	5.2 	TE20		Houston Texans	Indianapolis Colts	0 	0.0 	0 	0.0 	4.0 	40 	0.3 	0.0 	0.0 	0.0 	0.0 	5.7 	TE15		Houston Texans	Baltimore Ravens	0 	0.0 	0 	0.0 	4.0 	40 	0.3 	0.0 	0.0 	0.0 	0.0 	5.6 	TE19		Houston Texans	Pittsburgh Steelers	0 	0.0 	0 	0.0 	3.8 	38 	0.2 	0.0 	0.0 	0.0 	0.0 	5.3 	TE16		Houston Texans	Washington Commanders	0 	0.0 	0 	0.0 	3.9 	39 	0.3 	0.0 	0.0 	0.0 	0.0 	5.5 	TE19		Houston Texans	Jacksonville Jaguars	0 	0.0 	0 	0.0 	4.0 	40 	0.3 	0.0 	0.0 	0.0 	0.0 	5.5 	TE18		Houston Texans	Philadelphia Eagles	0 	0.0 	0 	0.0 	3.7 	37 	0.2 	0.0 	0.0 	0.0 	0.0 	4.9 	TE24		Houston Texans	Green Bay Packers	0 	0.0 	0 	0.0 	3.8 	38 	0.2 	0.0 	0.0 	0.0 	0.0 	5.2 	TE20		Actual	Actual	Actual	Actual	Forecast	Forecast	Forecast	Forecast	Forecast	Forecast	Forecast	Forecast	Forecast	Forecast	Forecast	Forecast	Forecast		Healthy	Healthy	Healthy	Healthy	Healthy	Healthy	Healthy	Healthy	Healthy	Healthy	Healthy	Healthy	Healthy	Healthy	Healthy	Healthy	Healthy		Week 5 2026	10/9/2026	4:29:22 PM	16		17%	17%	0%	0%	0%	0%		0.0 	0	0	0	0	0	0.025968 
	Tre' Harris	Los Angeles Chargers	WR	WR49	6.0 	96 	0 	0.0 	0.0 	0.0 	0 	0.0 	0.0 	0.0 	51.2 	3.2 	747 	46.7 	3.5 	0.2 	0.0 	0.1 	0.0 	0.260 	1.000 	0.510 	0 	0.026 	0.000 	121 	212 	91 	49 	70 	21 	0.279 																2.0 	5.3 	7.6 	6.0 	5.8 	6.1 	0.0 	6.4 	6.2 	6.3 	6.0 	6.2 	6.4 	6.2 	6.4 	6.3 	6.2 		WR75	WR33	WR33	WR43	WR47	WR39	-	WR39	WR46	WR42	WR40	WR49	WR42	WR46	WR44	WR47	WR46		WR48	6.2 	0.0 	0.0 	0.0 	0.0 	3.2 	44.9 	0.3 	48 	0.291 	1.000 	0.520 	0 	0.067 	0.000 	122 	0.304 		75 		-	-		-	-		-	-		-	-		WR54	5.2 	0.0 	0.0 	0.0 	0.0 	9.5 	134.6 	0.9 	54 	0.188 	1.000 	0.460 	(0)	0.000 	0.000 	#N/A	0.235 		20.9 		-	-		-	-		-	-		-	-					Los Angeles Chargers	Arizona Cardinals	0 	0.0 	0 	0.0 	3.0 	20 	0.0 	0.0 	0.0 	0.0 	0.0 	2.0 	WR75		Los Angeles Chargers	Las Vegas Raiders	0 	0.0 	0 	0.0 	1.0 	53 	0.0 	0.0 	0.0 	0.0 	0.0 	5.3 	WR33		Los Angeles Chargers	Buffalo Bills	0 	0.0 	0 	0.0 	6.0 	76 	0.0 	0.0 	0.0 	0.0 	0.0 	7.6 	WR33		Los Angeles Chargers	Seattle Seahawks	0 	0.0 	0 	0.0 	3.0 	60 	0.0 	0.0 	0.0 	0.0 	0.0 	6.0 	WR43		Los Angeles Chargers	Denver Broncos	0 	0.0 	0 	0.0 	3.1 	44 	0.2 	0.0 	0.0 	0.0 	0.0 	5.8 	WR47		Los Angeles Chargers	Kansas City Chiefs	0 	0.0 	0 	0.0 	3.2 	46 	0.3 	0.0 	0.0 	0.0 	0.0 	6.1 	WR39		Los Angeles Chargers	BYE	0 	0.0 	0 	0.0 	0.0 	0 	0.0 	0.0 	0.0 	0.0 	0.0 	0.0 	-		Los Angeles Chargers	Los Angeles Rams	0 	0.0 	0 	0.0 	3.3 	46 	0.3 	0.0 	0.0 	0.0 	0.0 	6.4 	WR39		Los Angeles Chargers	Houston Texans	0 	0.0 	0 	0.0 	3.2 	44 	0.3 	0.0 	0.0 	0.0 	0.0 	6.2 	WR46		Los Angeles Chargers	Baltimore Ravens	0 	0.0 	0 	0.0 	3.3 	46 	0.3 	0.0 	0.0 	0.0 	0.0 	6.3 	WR42		Los Angeles Chargers	New York Jets	0 	0.0 	0 	0.0 	3.0 	43 	0.3 	0.0 	0.0 	0.0 	0.0 	6.0 	WR40		Los Angeles Chargers	New England Patriots	0 	0.0 	0 	0.0 	3.2 	45 	0.3 	0.0 	0.0 	0.0 	0.0 	6.2 	WR49		Los Angeles Chargers	Tampa Bay Buccaneers	0 	0.0 	0 	0.0 	3.2 	46 	0.3 	0.0 	0.0 	0.0 	0.0 	6.4 	WR42		Los Angeles Chargers	Las Vegas Raiders	0 	0.0 	0 	0.0 	3.2 	44 	0.3 	0.0 	0.0 	0.0 	0.0 	6.2 	WR46		Los Angeles Chargers	San Francisco 49ers	0 	0.0 	0 	0.0 	3.3 	46 	0.3 	0.0 	0.0 	0.0 	0.0 	6.4 	WR44		Los Angeles Chargers	Miami Dolphins	0 	0.0 	0 	0.0 	3.2 	45 	0.3 	0.0 	0.0 	0.0 	0.0 	6.3 	WR47		Los Angeles Chargers	Kansas City Chiefs	0 	0.0 	0 	0.0 	3.2 	45 	0.3 	0.0 	0.0 	0.0 	0.0 	6.2 	WR46		Actual	Actual	Actual	Actual	Forecast	Forecast	Forecast	Forecast	Forecast	Forecast	Forecast	Forecast	Forecast	Forecast	Forecast	Forecast	Forecast		Healthy	Healthy	Healthy	Healthy	Healthy	Healthy	Healthy	Healthy	Healthy	Healthy	Healthy	Healthy	Healthy	Healthy	Healthy	Healthy	Healthy		Week 5 2026	10/9/2026	4:29:22 PM	16		21%	19%	0%	0%	0%	0%		0.1 	0	0	0	0	0	0.069244 
	Caleb Douglas	Miami Dolphins	WR	WR51	6.2 	87 	0 	0.0 	0.0 	0.0 	0 	0.0 	0.0 	0.0 	53.0 	3.8 	688 	49.2 	3.1 	0.2 	0.0 	0.1 	0.0 	0.237 	1.000 	0.460 	0 	0.050 	0.000 	130 	261 	131 	54 	87 	33 	0.262 				-	-		-	-		-	-		-	-		9.4 	1.9 	0.0 	0.0 	5.9 	0.0 	6.1 	6.4 	6.6 	6.6 	6.3 	6.2 	6.0 	6.6 	6.2 	6.4 	6.6 		WR23	WR70	-	-	WR44	-	WR42	WR40	WR43	WR38	WR38	WR50	WR46	WR38	WR48	WR46	WR41		WR45	6.3 	0.0 	0.0 	0.0 	0.0 	3.8 	48.0 	0.3 	45 	0.296 	1.000 	0.550 	0 	0.078 	0.000 	112 	0.323 		76 		-	-		-	-		-	-		-	-		WR89	5.7 	0.0 	0.0 	0.0 	0.0 	23.0 	287.7 	1.6 	89 	0.101 	1.000 	0.110 	(1)	0.000 	0.000 	#N/A	0.065 		11.3 		-	-		-	-		-	-		-	-					Miami Dolphins	Las Vegas Raiders	0 	0.0 	0 	0.0 	5.0 	94 	0.0 	0.0 	0.0 	0.0 	0.0 	9.4 	WR23		Miami Dolphins	San Francisco 49ers	0 	0.0 	0 	0.0 	2.0 	19 	0.0 	0.0 	0.0 	0.0 	0.0 	1.9 	WR70		Miami Dolphins	Kansas City Chiefs	0 	0.0 	0 	0.0 	0.0 	0 	0.0 	0.0 	0.0 	0.0 	0.0 	0.0 	-		Miami Dolphins	Minnesota Vikings	0 	0.0 	0 	0.0 	0.0 	0 	0.0 	0.0 	0.0 	0.0 	0.0 	0.0 	-		Miami Dolphins	Cincinnati Bengals	0 	0.0 	0 	0.0 	3.6 	45 	0.2 	0.0 	0.0 	0.0 	0.0 	5.9 	WR44		Miami Dolphins	BYE	0 	0.0 	0 	0.0 	0.0 	0 	0.0 	0.0 	0.0 	0.0 	0.0 	0.0 	-		Miami Dolphins	New York Jets	0 	0.0 	0 	0.0 	3.7 	46 	0.3 	0.0 	0.0 	0.0 	0.0 	6.1 	WR42		Miami Dolphins	New England Patriots	0 	0.0 	0 	0.0 	3.9 	48 	0.3 	0.0 	0.0 	0.0 	0.0 	6.4 	WR40		Miami Dolphins	Detroit Lions	0 	0.0 	0 	0.0 	3.9 	49 	0.3 	0.0 	0.0 	0.0 	0.0 	6.6 	WR43		Miami Dolphins	Indianapolis Colts	0 	0.0 	0 	0.0 	3.9 	49 	0.3 	0.0 	0.0 	0.0 	0.0 	6.6 	WR38		Miami Dolphins	Buffalo Bills	0 	0.0 	0 	0.0 	3.9 	48 	0.2 	0.0 	0.0 	0.0 	0.0 	6.3 	WR38		Miami Dolphins	New York Jets	0 	0.0 	0 	0.0 	3.7 	46 	0.3 	0.0 	0.0 	0.0 	0.0 	6.2 	WR50		Miami Dolphins	Denver Broncos	0 	0.0 	0 	0.0 	3.8 	47 	0.2 	0.0 	0.0 	0.0 	0.0 	6.0 	WR46		Miami Dolphins	Chicago Bears	0 	0.0 	0 	0.0 	3.9 	49 	0.3 	0.0 	0.0 	0.0 	0.0 	6.6 	WR38		Miami Dolphins	Green Bay Packers	0 	0.0 	0 	0.0 	3.8 	48 	0.2 	0.0 	0.0 	0.0 	0.0 	6.2 	WR48		Miami Dolphins	Los Angeles Chargers	0 	0.0 	0 	0.0 	3.9 	48 	0.3 	0.0 	0.0 	0.0 	0.0 	6.4 	WR46		Miami Dolphins	Buffalo Bills	0 	0.0 	0 	0.0 	4.0 	50 	0.3 	0.0 	0.0 	0.0 	0.0 	6.6 	WR41		Actual	Actual	Actual	Actual	Forecast	Forecast	Forecast	Forecast	Forecast	Forecast	Forecast	Forecast	Forecast	Forecast	Forecast	Forecast	Forecast		Healthy	Healthy	Injured	Injured	Limited / Handicapped	Healthy	Healthy	Healthy	Healthy	Healthy	Healthy	Healthy	Healthy	Healthy	Healthy	Healthy	Healthy		Week 5 2026	10/9/2026	4:29:22 PM	16		22%	21%	0%	0%	0%	0%		0.3 	0	1	1	0	0	
	Alvin Kamara	New Orleans Saints	RB	RB40	6.0 	89 	0 	0.0 	0.0 	0.0 	365 	24.3 	3.7 	0.2 	50.7 	3.4 	269 	17.9 	0.9 	0.1 	0.0 	1.1 	0.0 	0.243 	1.000 	0.532 	(0)	0.000 	0.000 	123 	144 	21 	39 	52 	13 	0.276 				-	-		-	-		-	-		-	-		0.0 	2.2 	4.1 	17.8 	7.2 	8.7 	7.7 	0.0 	4.8 	4.8 	4.2 	4.4 	4.4 	4.5 	4.5 	5.2 	4.6 		-	RB50	RB40	RB10	RB31	RB22	RB28	-	RB43	RB41	RB40	RB50	RB43	RB47	RB49	RB43	RB49		RB44	5.4 	0.0 	0.0 	24.2 	0.1 	3.3 	18.5 	0.1 	44 	0.254 	1.000 	0.468 	(0)	0.000 	0.000 	142 	0.249 		65 		-	-		-	-		-	-		-	-		RB31	8.0 	0.0 	0.0 	97.0 	0.6 	13.2 	74.1 	0.3 	31 	0.216 	1.000 	0.632 	(0)	0.000 	0.000 	#N/A	0.317 		24.1 		-	-		-	-		-	-		-	-					New Orleans Saints	Detroit Lions	0 	0.0 	0 	0.0 	0.0 	0 	0.0 	0.0 	0.0 	0.0 	0.0 	0.0 	-		New Orleans Saints	Baltimore Ravens	0 	0.0 	15 	0.0 	5.0 	7 	0.0 	0.0 	0.0 	0.0 	0.0 	2.2 	RB50		New Orleans Saints	Las Vegas Raiders	0 	0.0 	36 	0.0 	1.0 	5 	0.0 	0.0 	0.0 	0.0 	0.0 	4.1 	RB40		New Orleans Saints	Atlanta Falcons	0 	0.0 	23 	2.0 	5.0 	35 	0.0 	0.0 	0.0 	0.0 	0.0 	17.8 	RB10		New Orleans Saints	Minnesota Vikings	0 	0.0 	34 	0.2 	3.7 	21 	0.1 	0.0 	0.1 	0.0 	0.0 	7.2 	RB31		New Orleans Saints	New York Giants	0 	0.0 	41 	0.3 	4.0 	23 	0.1 	0.0 	0.1 	0.0 	0.0 	8.7 	RB22		New Orleans Saints	Pittsburgh Steelers	0 	0.0 	37 	0.3 	3.9 	22 	0.1 	0.0 	0.1 	0.0 	0.0 	7.7 	RB28		New Orleans Saints	BYE	0 	0.0 	0 	0.0 	0.0 	0 	0.0 	0.0 	0.0 	0.0 	0.0 	0.0 	-		New Orleans Saints	Cleveland Browns	0 	0.0 	22 	0.1 	3.1 	17 	0.1 	0.0 	0.1 	0.0 	0.0 	4.8 	RB43		New Orleans Saints	Carolina Panthers	0 	0.0 	22 	0.1 	3.1 	17 	0.1 	0.0 	0.1 	0.0 	0.0 	4.8 	RB41		New Orleans Saints	Chicago Bears	0 	0.0 	17 	0.1 	3.1 	18 	0.1 	0.0 	0.1 	0.0 	0.0 	4.2 	RB40		New Orleans Saints	Cincinnati Bengals	0 	0.0 	18 	0.1 	3.2 	18 	0.1 	0.0 	0.1 	0.0 	0.0 	4.4 	RB50		New Orleans Saints	Green Bay Packers	0 	0.0 	19 	0.1 	3.1 	17 	0.1 	0.0 	0.1 	0.0 	0.0 	4.4 	RB43		New Orleans Saints	Carolina Panthers	0 	0.0 	20 	0.1 	3.1 	17 	0.1 	0.0 	0.1 	0.0 	0.0 	4.5 	RB47		New Orleans Saints	Tampa Bay Buccaneers	0 	0.0 	19 	0.1 	3.1 	18 	0.1 	0.0 	0.1 	0.0 	0.0 	4.5 	RB49		New Orleans Saints	Arizona Cardinals	0 	0.0 	24 	0.1 	3.2 	18 	0.1 	0.0 	0.1 	0.0 	0.0 	5.2 	RB43		New Orleans Saints	Atlanta Falcons	0 	0.0 	20 	0.1 	3.1 	17 	0.1 	0.0 	0.1 	0.0 	0.0 	4.6 	RB49		Actual	Actual	Actual	Actual	Forecast	Forecast	Forecast	Forecast	Forecast	Forecast	Forecast	Forecast	Forecast	Forecast	Forecast	Forecast	Forecast		Injured	Healthy	Healthy	Healthy	Limited / Handicapped	Healthy	Healthy	Healthy	Healthy	Healthy	Healthy	Healthy	Healthy	Healthy	Healthy	Healthy	Healthy		Week 5 2026	10/9/2026	4:29:22 PM	16		7%	4%	23%	17%	0%	0%		(0.1)	0	0	0	0	0	(0.067923)
	Devaughn Vele	New Orleans Saints	WR	WR45	6.3 	101 	0 	0.0 	0.0 	0.0 	0 	0.0 	0.0 	0.0 	63.0 	3.9 	717 	44.8 	5.0 	0.3 	0.0 	0.1 	0.0 	0.275 	1.000 	0.560 	0 	0.059 	0.000 	105 	249 	144 	44 	79 	35 	0.317 				-	-		-	-		-	-		-	-		12.9 	6.4 	3.9 	11.4 	6.9 	7.5 	7.0 	0.0 	5.0 	5.0 	5.0 	5.1 	5.0 	4.9 	5.0 	5.2 	5.0 		WR13	WR26	WR53	WR16	WR31	WR29	WR33	-	WR56	WR50	WR49	WR57	WR56	WR59	WR60	WR57	WR58		WR53	5.6 	0.0 	0.0 	0.0 	0.0 	3.5 	40.9 	0.2 	53 	0.260 	1.000 	0.470 	(0)	0.000 	0.000 	141 	0.251 		67 		-	-		-	-		-	-		-	-		WR19	8.7 	0.0 	0.0 	0.0 	0.0 	10.5 	122.8 	0.7 	19 	0.310 	1.000 	0.810 	1 	0.212 	0.000 	#N/A	0.496 		34.6 		-	-		-	-		-	-		-	-					New Orleans Saints	Detroit Lions	0 	0.0 	0 	0.0 	7.0 	69 	1.0 	0.0 	0.0 	0.0 	0.0 	12.9 	WR13		New Orleans Saints	Baltimore Ravens	0 	0.0 	0 	0.0 	5.0 	64 	0.0 	0.0 	0.0 	0.0 	0.0 	6.4 	WR26		New Orleans Saints	Las Vegas Raiders	0 	0.0 	0 	0.0 	3.0 	39 	0.0 	0.0 	0.0 	0.0 	0.0 	3.9 	WR53		New Orleans Saints	Atlanta Falcons	0 	0.0 	0 	0.0 	6.0 	54 	1.0 	0.0 	0.0 	0.0 	0.0 	11.4 	WR16		New Orleans Saints	Minnesota Vikings	0 	0.0 	0 	0.0 	4.3 	50 	0.3 	0.0 	0.0 	0.0 	0.0 	6.9 	WR31		New Orleans Saints	New York Giants	0 	0.0 	0 	0.0 	4.5 	53 	0.4 	0.0 	0.0 	0.0 	0.0 	7.5 	WR29		New Orleans Saints	Pittsburgh Steelers	0 	0.0 	0 	0.0 	4.3 	51 	0.3 	0.0 	0.0 	0.0 	0.0 	7.0 	WR33		New Orleans Saints	BYE	0 	0.0 	0 	0.0 	0.0 	0 	0.0 	0.0 	0.0 	0.0 	0.0 	0.0 	-		New Orleans Saints	Cleveland Browns	0 	0.0 	0 	0.0 	3.2 	37 	0.2 	0.0 	0.0 	0.0 	0.0 	5.0 	WR56		New Orleans Saints	Carolina Panthers	0 	0.0 	0 	0.0 	3.2 	37 	0.2 	0.0 	0.0 	0.0 	0.0 	5.0 	WR50		New Orleans Saints	Chicago Bears	0 	0.0 	0 	0.0 	3.2 	38 	0.2 	0.0 	0.0 	0.0 	0.0 	5.0 	WR49		New Orleans Saints	Cincinnati Bengals	0 	0.0 	0 	0.0 	3.3 	38 	0.2 	0.0 	0.0 	0.0 	0.0 	5.1 	WR57		New Orleans Saints	Green Bay Packers	0 	0.0 	0 	0.0 	3.2 	37 	0.2 	0.0 	0.0 	0.0 	0.0 	5.0 	WR56		New Orleans Saints	Carolina Panthers	0 	0.0 	0 	0.0 	3.1 	37 	0.2 	0.0 	0.0 	0.0 	0.0 	4.9 	WR59		New Orleans Saints	Tampa Bay Buccaneers	0 	0.0 	0 	0.0 	3.2 	38 	0.2 	0.0 	0.0 	0.0 	0.0 	5.0 	WR60		New Orleans Saints	Arizona Cardinals	0 	0.0 	0 	0.0 	3.2 	38 	0.2 	0.0 	0.0 	0.0 	0.0 	5.2 	WR57		New Orleans Saints	Atlanta Falcons	0 	0.0 	0 	0.0 	3.2 	37 	0.2 	0.0 	0.0 	0.0 	0.0 	5.0 	WR58		Actual	Actual	Actual	Actual	Forecast	Forecast	Forecast	Forecast	Forecast	Forecast	Forecast	Forecast	Forecast	Forecast	Forecast	Forecast	Forecast		Healthy	Healthy	Healthy	Healthy	Healthy	Healthy	Healthy	Healthy	Healthy	Healthy	Healthy	Healthy	Healthy	Healthy	Healthy	Healthy	Healthy		Week 5 2026	10/9/2026	4:29:22 PM	16		15%	13%	0%	0%	0%	0%		(0.2)	0	0	0	0	0	(0.245436)
	Bo Nix	Denver Broncos	QB	QB20	15.3 	245 	3,492 	218.3 	22.6 	1.4 	208 	13.0 	2.5 	0.2 	0.0 	0.0 	0 	0.0 	0.0 	0.0 	10.7 	1.9 	0.0 	0.665 	0.460 	0.292 	0 	0.193 	0.000 	135 	121 	(14)	17 	14 	(3)	0.246 				-	-		-	-		-	-		-	-		5.4 	14.1 	24.1 	13.6 	15.7 	15.0 	16.5 	15.7 	15.8 	0.0 	16.1 	14.7 	16.5 	15.4 	15.6 	15.9 	14.7 		QB31	QB19	QB6	QB16	QB14	QB18	QB8	QB18	QB19	-	QB15	QB27	QB10	QB22	QB20	QB16	QB25		QB20	15.6 	222.8 	1.5 	15.3 	0.1 	0.0 	0.0 	0.0 	20 	0.731 	0.460 	0.253 	1 	0.418 	0.000 	110 	0.331 		188 		-	-		-	-		-	-		-	-		QB20	14.3 	668.3 	4.4 	45.8 	0.4 	0.0 	0.0 	0.0 	20 	0.514 	0.460 	0.253 	0 	0.152 	0.000 	#N/A	0.206 		57.3 		-	-		-	-		-	-		-	-					Denver Broncos	Kansas City Chiefs	131 	1.0 	2 	0.0 	0.0 	0 	0.0 	1.0 	1.0 	0.0 	0.0 	5.4 	QB31		Denver Broncos	Jacksonville Jaguars	288 	1.0 	6 	0.0 	0.0 	0 	0.0 	1.0 	0.0 	0.0 	0.0 	14.1 	QB19		Denver Broncos	Los Angeles Rams	186 	2.0 	7 	1.0 	0.0 	0 	0.0 	1.0 	0.0 	0.0 	2.0 	24.1 	QB6		Denver Broncos	San Francisco 49ers	214 	1.0 	10 	0.0 	0.0 	0 	0.0 	0.0 	0.0 	0.0 	0.0 	13.6 	QB16		Denver Broncos	Los Angeles Chargers	225 	1.5 	15 	0.1 	0.0 	0 	0.0 	0.6 	0.1 	0.0 	0.0 	15.7 	QB14		Denver Broncos	Seattle Seahawks	222 	1.4 	14 	0.1 	0.0 	0 	0.0 	0.6 	0.1 	0.0 	0.0 	15.0 	QB18		Denver Broncos	Arizona Cardinals	225 	1.6 	17 	0.2 	0.0 	0 	0.0 	0.6 	0.1 	0.0 	0.0 	16.5 	QB8		Denver Broncos	Kansas City Chiefs	225 	1.5 	15 	0.1 	0.0 	0 	0.0 	0.6 	0.1 	0.0 	0.0 	15.7 	QB18		Denver Broncos	Carolina Panthers	226 	1.5 	15 	0.1 	0.0 	0 	0.0 	0.6 	0.1 	0.0 	0.0 	15.8 	QB19		Denver Broncos	BYE	0 	0.0 	0 	0.0 	0.0 	0 	0.0 	0.0 	0.0 	0.0 	0.0 	0.0 	-		Denver Broncos	Las Vegas Raiders	222 	1.5 	17 	0.1 	0.0 	0 	0.0 	0.6 	0.1 	0.0 	0.0 	16.1 	QB15		Denver Broncos	Pittsburgh Steelers	217 	1.3 	14 	0.1 	0.0 	0 	0.0 	0.6 	0.1 	0.0 	0.0 	14.7 	QB27		Denver Broncos	Miami Dolphins	222 	1.6 	18 	0.2 	0.0 	0 	0.0 	0.6 	0.1 	0.0 	0.0 	16.5 	QB10		Denver Broncos	New York Jets	220 	1.4 	16 	0.1 	0.0 	0 	0.0 	0.6 	0.1 	0.0 	0.0 	15.4 	QB22		Denver Broncos	Las Vegas Raiders	221 	1.5 	16 	0.1 	0.0 	0 	0.0 	0.6 	0.1 	0.0 	0.0 	15.6 	QB20		Denver Broncos	Buffalo Bills	230 	1.5 	14 	0.1 	0.0 	0 	0.0 	0.6 	0.1 	0.0 	0.0 	15.9 	QB16		Denver Broncos	New England Patriots	220 	1.3 	14 	0.1 	0.0 	0 	0.0 	0.6 	0.1 	0.0 	0.0 	14.7 	QB25		Actual	Actual	Actual	Actual	Forecast	Forecast	Forecast	Forecast	Forecast	Forecast	Forecast	Forecast	Forecast	Forecast	Forecast	Forecast	Forecast		Healthy	Healthy	Healthy	Healthy	Healthy	Healthy	Healthy	Healthy	Healthy	Healthy	Healthy	Healthy	Healthy	Healthy	Healthy	Healthy	Healthy		Week 5 2026	10/9/2026	4:29:22 PM	16		0%	0%	13%	14%	99%	99%		0.1 	0	0	0	0	0	0.124888 
	Rico Dowdle	Pittsburgh Steelers	RB	RB42	6.1 	86 	0 	0.0 	0.0 	0.0 	531 	37.9 	3.3 	0.2 	18.4 	1.3 	137 	9.8 	0.4 	0.0 	0.0 	1.5 	0.0 	0.233 	1.000 	0.506 	(0)	0.000 	0.000 	129 	67 	(62)	41 	30 	(11)	0.263 				-	-		-	-		-	-		-	-		2.1 	4.4 	0.0 	0.0 	6.7 	6.7 	7.0 	7.5 	0.0 	6.4 	5.6 	6.1 	6.3 	6.4 	6.6 	7.0 	6.9 		RB55	RB38	-	-	RB33	RB30	RB31	RB26	-	RB31	RB33	RB38	RB34	RB35	RB36	RB35	RB34		RB36	6.6 	0.0 	0.0 	41.1 	0.3 	1.2 	9.1 	0.0 	35 	0.309 	1.000 	0.582 	(0)	0.000 	0.000 	121 	0.308 		79 		-	-		-	-		-	-		-	-		RB71	3.3 	0.0 	0.0 	246.9 	1.6 	7.2 	54.7 	0.2 	71 	0.058 	1.000 	0.121 	(1)	0.000 	0.000 	#N/A	0.063 		6.5 		-	-		-	-		-	-		-	-					Pittsburgh Steelers	Atlanta Falcons	0 	0.0 	15 	0.0 	2.0 	6 	0.0 	0.0 	0.0 	0.0 	0.0 	2.1 	RB55		Pittsburgh Steelers	New England Patriots	0 	0.0 	22 	0.0 	2.0 	22 	0.0 	0.0 	0.0 	0.0 	0.0 	4.4 	RB38		Pittsburgh Steelers	Cincinnati Bengals	0 	0.0 	0 	0.0 	0.0 	0 	0.0 	0.0 	0.0 	0.0 	0.0 	0.0 	-		Pittsburgh Steelers	Cleveland Browns	0 	0.0 	0 	0.0 	0.0 	0 	0.0 	0.0 	0.0 	0.0 	0.0 	0.0 	-		Pittsburgh Steelers	Indianapolis Colts	0 	0.0 	42 	0.3 	1.2 	9 	0.0 	0.0 	0.1 	0.0 	0.0 	6.7 	RB33		Pittsburgh Steelers	Tampa Bay Buccaneers	0 	0.0 	42 	0.3 	1.2 	9 	0.0 	0.0 	0.1 	0.0 	0.0 	6.7 	RB30		Pittsburgh Steelers	New Orleans Saints	0 	0.0 	43 	0.3 	1.2 	9 	0.0 	0.0 	0.1 	0.0 	0.0 	7.0 	RB31		Pittsburgh Steelers	Cleveland Browns	0 	0.0 	47 	0.3 	1.2 	9 	0.0 	0.0 	0.1 	0.0 	0.0 	7.5 	RB26		Pittsburgh Steelers	BYE	0 	0.0 	0 	0.0 	0.0 	0 	0.0 	0.0 	0.0 	0.0 	0.0 	0.0 	-		Pittsburgh Steelers	Cincinnati Bengals	0 	0.0 	39 	0.3 	1.3 	10 	0.0 	0.0 	0.1 	0.0 	0.0 	6.4 	RB31		Pittsburgh Steelers	Philadelphia Eagles	0 	0.0 	35 	0.2 	1.2 	9 	0.0 	0.0 	0.1 	0.0 	0.0 	5.6 	RB33		Pittsburgh Steelers	Denver Broncos	0 	0.0 	39 	0.2 	1.2 	9 	0.0 	0.0 	0.1 	0.0 	0.0 	6.1 	RB38		Pittsburgh Steelers	Houston Texans	0 	0.0 	40 	0.2 	1.2 	9 	0.0 	0.0 	0.1 	0.0 	0.0 	6.3 	RB34		Pittsburgh Steelers	Jacksonville Jaguars	0 	0.0 	40 	0.3 	1.2 	9 	0.0 	0.0 	0.1 	0.0 	0.0 	6.4 	RB35		Pittsburgh Steelers	Baltimore Ravens	0 	0.0 	41 	0.3 	1.2 	9 	0.0 	0.0 	0.1 	0.0 	0.0 	6.6 	RB36		Pittsburgh Steelers	Carolina Panthers	0 	0.0 	43 	0.3 	1.2 	9 	0.0 	0.0 	0.1 	0.0 	0.0 	7.0 	RB35		Pittsburgh Steelers	Tennessee Titans	0 	0.0 	43 	0.3 	1.2 	9 	0.0 	0.0 	0.1 	0.0 	0.0 	6.9 	RB34		Actual	Actual	Actual	Actual	Forecast	Forecast	Forecast	Forecast	Forecast	Forecast	Forecast	Forecast	Forecast	Forecast	Forecast	Forecast	Forecast		Healthy	Healthy	Injured	Injured	Limited / Handicapped	Healthy	Healthy	Healthy	Healthy	Healthy	Healthy	Healthy	Healthy	Healthy	Healthy	Healthy	Healthy		Week 5 2026	10/9/2026	4:29:22 PM	16		4%	2%	39%	42%	0%	0%		0.2 	0	1	1	0	0	
	Pat Freiermuth	Pittsburgh Steelers	TE	TE20	5.3 	86 	0 	0.0 	0.0 	0.0 	3 	0.2 	0.0 	0.0 	62.5 	3.9 	537 	33.6 	5.3 	0.3 	0.0 	0.1 	0.0 	0.232 	0.560 	0.395 	0 	0.101 	0.000 	138 	280 	142 	20 	36 	16 	0.238 				-	-		-	-		-	-		-	-		10.6 	3.4 	3.1 	7.7 	5.2 	5.0 	5.1 	5.0 	0.0 	5.3 	4.9 	4.8 	4.9 	5.0 	5.2 	5.1 	5.1 		TE7	TE19	TE20	TE11	TE19	TE21	TE20	TE19	-	TE18	TE21	TE23	TE18	TE21	TE21	TE21	TE23		TE22	5.1 	0.0 	0.0 	0.0 	0.0 	4.0 	34.3 	0.3 	22 	0.237 	0.560 	0.376 	0 	0.092 	0.000 	152 	0.227 		61 		-	-		-	-		-	-		-	-		TE15	6.2 	0.0 	0.0 	0.0 	0.0 	12.1 	103.0 	0.8 	15 	0.223 	0.560 	0.441 	1 	0.215 	0.000 	#N/A	0.306 		24.8 		-	-		-	-		-	-		-	-					Pittsburgh Steelers	Atlanta Falcons	0 	0.0 	0 	0.0 	5.0 	46 	1.0 	0.0 	0.0 	0.0 	0.0 	10.6 	TE7		Pittsburgh Steelers	New England Patriots	0 	0.0 	2 	0.0 	4.0 	32 	0.0 	0.0 	0.0 	0.0 	0.0 	3.4 	TE19		Pittsburgh Steelers	Cincinnati Bengals	0 	0.0 	1 	0.0 	2.0 	30 	0.0 	0.0 	0.0 	0.0 	0.0 	3.1 	TE20		Pittsburgh Steelers	Cleveland Browns	0 	0.0 	0 	0.0 	3.0 	17 	1.0 	0.0 	0.0 	0.0 	0.0 	7.7 	TE11		Pittsburgh Steelers	Indianapolis Colts	0 	0.0 	0 	0.0 	4.1 	35 	0.3 	0.0 	0.0 	0.0 	0.0 	5.2 	TE19		Pittsburgh Steelers	Tampa Bay Buccaneers	0 	0.0 	0 	0.0 	4.0 	34 	0.3 	0.0 	0.0 	0.0 	0.0 	5.0 	TE21		Pittsburgh Steelers	New Orleans Saints	0 	0.0 	0 	0.0 	4.1 	35 	0.3 	0.0 	0.0 	0.0 	0.0 	5.1 	TE20		Pittsburgh Steelers	Cleveland Browns	0 	0.0 	0 	0.0 	3.9 	33 	0.3 	0.0 	0.0 	0.0 	0.0 	5.0 	TE19		Pittsburgh Steelers	BYE	0 	0.0 	0 	0.0 	0.0 	0 	0.0 	0.0 	0.0 	0.0 	0.0 	0.0 	-		Pittsburgh Steelers	Cincinnati Bengals	0 	0.0 	0 	0.0 	4.2 	36 	0.3 	0.0 	0.0 	0.0 	0.0 	5.3 	TE18		Pittsburgh Steelers	Philadelphia Eagles	0 	0.0 	0 	0.0 	4.0 	34 	0.2 	0.0 	0.0 	0.0 	0.0 	4.9 	TE21		Pittsburgh Steelers	Denver Broncos	0 	0.0 	0 	0.0 	3.9 	33 	0.2 	0.0 	0.0 	0.0 	0.0 	4.8 	TE23		Pittsburgh Steelers	Houston Texans	0 	0.0 	0 	0.0 	4.0 	34 	0.3 	0.0 	0.0 	0.0 	0.0 	4.9 	TE18		Pittsburgh Steelers	Jacksonville Jaguars	0 	0.0 	0 	0.0 	4.0 	34 	0.3 	0.0 	0.0 	0.0 	0.0 	5.0 	TE21		Pittsburgh Steelers	Baltimore Ravens	0 	0.0 	0 	0.0 	4.1 	35 	0.3 	0.0 	0.0 	0.0 	0.0 	5.2 	TE21		Pittsburgh Steelers	Carolina Panthers	0 	0.0 	0 	0.0 	4.1 	35 	0.3 	0.0 	0.0 	0.0 	0.0 	5.1 	TE21		Pittsburgh Steelers	Tennessee Titans	0 	0.0 	0 	0.0 	4.0 	34 	0.3 	0.0 	0.0 	0.0 	0.0 	5.1 	TE23		Actual	Actual	Actual	Actual	Forecast	Forecast	Forecast	Forecast	Forecast	Forecast	Forecast	Forecast	Forecast	Forecast	Forecast	Forecast	Forecast		Healthy	Healthy	Healthy	Healthy	Healthy	Healthy	Healthy	Healthy	Healthy	Healthy	Healthy	Healthy	Healthy	Healthy	Healthy	Healthy	Healthy		Week 5 2026	10/9/2026	4:29:22 PM	16		15%	17%	0%	0%	0%	0%		(0.1)	0	0	0	0	0	(0.079058)
	Kalif Raymond	Chicago Bears	WR	WR53	5.5 	88 	0 	0.0 	0.0 	0.0 	0 	0.0 	0.0 	0.0 	59.5 	3.7 	644 	40.2 	4.0 	0.2 	0.0 	0.1 	0.0 	0.240 	1.000 	0.480 	(0)	0.000 	0.000 	132 	0 	(132)	52 	0 	(52)	0.252 																8.4 	4.0 	15.0 	0.6 	4.8 	5.0 	5.0 	4.9 	5.1 	0.0 	4.9 	5.2 	5.1 	5.0 	5.2 	5.0 	5.1 		WR24	WR41	WR8	WR76	WR52	WR48	WR51	WR57	WR52	-	WR51	WR56	WR53	WR55	WR58	WR61	WR56		WR57	5.0 	0.0 	0.0 	0.0 	0.0 	3.2 	35.3 	0.2 	57 	0.234 	1.000 	0.430 	(0)	0.000 	0.000 	151 	0.229 		60 		-	-		-	-		-	-		-	-		WR30	7.0 	0.0 	0.0 	0.0 	0.0 	9.6 	106.0 	0.7 	30 	0.251 	1.000 	0.700 	0 	0.108 	0.000 	#N/A	0.396 		28.0 		-	-		-	-		-	-		-	-					Chicago Bears	Carolina Panthers	0 	0.0 	0 	0.0 	8.0 	84 	0.0 	0.0 	0.0 	0.0 	0.0 	8.4 	WR24		Chicago Bears	Minnesota Vikings	0 	0.0 	0 	0.0 	5.0 	40 	0.0 	0.0 	0.0 	0.0 	0.0 	4.0 	WR41		Chicago Bears	Philadelphia Eagles	0 	0.0 	0 	0.0 	6.0 	90 	1.0 	0.0 	0.0 	0.0 	0.0 	15.0 	WR8		Chicago Bears	New York Jets	0 	0.0 	0 	0.0 	2.0 	6 	0.0 	0.0 	0.0 	0.0 	0.0 	0.6 	WR76		Chicago Bears	Green Bay Packers	0 	0.0 	0 	0.0 	3.1 	34 	0.2 	0.0 	0.0 	0.0 	0.0 	4.8 	WR52		Chicago Bears	Atlanta Falcons	0 	0.0 	0 	0.0 	3.2 	35 	0.2 	0.0 	0.0 	0.0 	0.0 	5.0 	WR48		Chicago Bears	New England Patriots	0 	0.0 	0 	0.0 	3.2 	35 	0.2 	0.0 	0.0 	0.0 	0.0 	5.0 	WR51		Chicago Bears	Seattle Seahawks	0 	0.0 	0 	0.0 	3.2 	35 	0.2 	0.0 	0.0 	0.0 	0.0 	4.9 	WR57		Chicago Bears	Tampa Bay Buccaneers	0 	0.0 	0 	0.0 	3.3 	36 	0.3 	0.0 	0.0 	0.0 	0.0 	5.1 	WR52		Chicago Bears	BYE	0 	0.0 	0 	0.0 	0.0 	0 	0.0 	0.0 	0.0 	0.0 	0.0 	0.0 	-		Chicago Bears	New Orleans Saints	0 	0.0 	0 	0.0 	3.1 	34 	0.3 	0.0 	0.0 	0.0 	0.0 	4.9 	WR51		Chicago Bears	Detroit Lions	0 	0.0 	0 	0.0 	3.3 	36 	0.3 	0.0 	0.0 	0.0 	0.0 	5.2 	WR56		Chicago Bears	Jacksonville Jaguars	0 	0.0 	0 	0.0 	3.2 	35 	0.3 	0.0 	0.0 	0.0 	0.0 	5.1 	WR53		Chicago Bears	Miami Dolphins	0 	0.0 	0 	0.0 	3.2 	35 	0.3 	0.0 	0.0 	0.0 	0.0 	5.0 	WR55		Chicago Bears	Buffalo Bills	0 	0.0 	0 	0.0 	3.3 	37 	0.3 	0.0 	0.0 	0.0 	0.0 	5.2 	WR58		Chicago Bears	Green Bay Packers	0 	0.0 	0 	0.0 	3.2 	35 	0.2 	0.0 	0.0 	0.0 	0.0 	5.0 	WR61		Chicago Bears	Detroit Lions	0 	0.0 	0 	0.0 	3.2 	36 	0.3 	0.0 	0.0 	0.0 	0.0 	5.1 	WR56		Actual	Actual	Actual	Actual	Forecast	Forecast	Forecast	Forecast	Forecast	Forecast	Forecast	Forecast	Forecast	Forecast	Forecast	Forecast	Forecast		Healthy	Healthy	Healthy	Healthy	Healthy	Healthy	Healthy	Healthy	Healthy	Healthy	Healthy	Healthy	Healthy	Healthy	Healthy	Healthy	Healthy		Week 5 2026	10/9/2026	4:29:22 PM	16		17%	16%	0%	0%	0%	0%		(0.2)	0	0	0	0	0	(0.167350)
	Tyler Allgeier	Arizona Cardinals	RB	RB44	4.9 	78 	0 	0.0 	0.0 	0.0 	449 	28.1 	3.4 	0.2 	24.1 	1.5 	117 	7.3 	0.5 	0.0 	0.0 	1.1 	0.0 	0.211 	1.000 	0.468 	(0)	0.000 	0.000 	137 	104 	(33)	44 	40 	(4)	0.242 				-	-		-	-		-	-		-	-		7.0 	1.9 	0.9 	10.9 	5.4 	4.7 	4.4 	4.5 	4.1 	4.5 	4.2 	5.2 	4.3 	0.0 	5.6 	4.8 	5.3 		RB29	RB53	RB58	RB23	RB39	RB39	RB41	RB45	RB48	RB45	RB41	RB44	RB45	-	RB41	RB48	RB43		RB48	4.7 	0.0 	0.0 	28.1 	0.2 	1.2 	6.8 	0.0 	48 	0.222 	1.000 	0.417 	(0)	0.000 	0.000 	157 	0.221 		57 		-	-		-	-		-	-		-	-		RB36	5.2 	0.0 	0.0 	84.3 	0.6 	3.5 	20.4 	0.1 	36 	0.186 	1.000 	0.569 	(0)	0.000 	0.000 	#N/A	0.284 		20.7 		-	-		-	-		-	-		-	-					Arizona Cardinals	Los Angeles Chargers	0 	0.0 	61 	0.0 	2.0 	9 	0.0 	0.0 	0.0 	0.0 	0.0 	7.0 	RB29		Arizona Cardinals	Seattle Seahawks	0 	0.0 	10 	0.0 	2.0 	9 	0.0 	0.0 	0.0 	0.0 	0.0 	1.9 	RB53		Arizona Cardinals	San Francisco 49ers	0 	0.0 	(1)	0.0 	4.0 	10 	0.0 	0.0 	0.0 	0.0 	0.0 	0.9 	RB58		Arizona Cardinals	New York Giants	0 	0.0 	42 	1.0 	2.0 	7 	0.0 	0.0 	0.0 	0.0 	0.0 	10.9 	RB23		Arizona Cardinals	Detroit Lions	0 	0.0 	31 	0.2 	1.3 	7 	0.1 	0.0 	0.1 	0.0 	0.0 	5.4 	RB39		Arizona Cardinals	Los Angeles Rams	0 	0.0 	27 	0.2 	1.2 	7 	0.0 	0.0 	0.1 	0.0 	0.0 	4.7 	RB39		Arizona Cardinals	Denver Broncos	0 	0.0 	26 	0.2 	1.2 	7 	0.0 	0.0 	0.1 	0.0 	0.0 	4.4 	RB41		Arizona Cardinals	Dallas Cowboys	0 	0.0 	26 	0.2 	1.2 	7 	0.0 	0.0 	0.1 	0.0 	0.0 	4.5 	RB45		Arizona Cardinals	Seattle Seahawks	0 	0.0 	25 	0.2 	1.1 	7 	0.0 	0.0 	0.1 	0.0 	0.0 	4.1 	RB48		Arizona Cardinals	Los Angeles Rams	0 	0.0 	26 	0.2 	1.2 	7 	0.0 	0.0 	0.1 	0.0 	0.0 	4.5 	RB45		Arizona Cardinals	Kansas City Chiefs	0 	0.0 	25 	0.2 	1.1 	7 	0.0 	0.0 	0.1 	0.0 	0.0 	4.2 	RB41		Arizona Cardinals	Washington Commanders	0 	0.0 	31 	0.2 	1.2 	7 	0.0 	0.0 	0.1 	0.0 	0.0 	5.2 	RB44		Arizona Cardinals	Philadelphia Eagles	0 	0.0 	26 	0.2 	1.2 	7 	0.0 	0.0 	0.1 	0.0 	0.0 	4.3 	RB45		Arizona Cardinals	BYE	0 	0.0 	0 	0.0 	0.0 	0 	0.0 	0.0 	0.0 	0.0 	0.0 	0.0 	-		Arizona Cardinals	New York Jets	0 	0.0 	34 	0.3 	1.1 	7 	0.0 	0.0 	0.1 	0.0 	0.0 	5.6 	RB41		Arizona Cardinals	New Orleans Saints	0 	0.0 	28 	0.2 	1.2 	7 	0.0 	0.0 	0.1 	0.0 	0.0 	4.8 	RB48		Arizona Cardinals	Las Vegas Raiders	0 	0.0 	32 	0.2 	1.1 	7 	0.0 	0.0 	0.1 	0.0 	0.0 	5.3 	RB43		Actual	Actual	Actual	Actual	Forecast	Forecast	Forecast	Forecast	Forecast	Forecast	Forecast	Forecast	Forecast	Forecast	Forecast	Forecast	Forecast		Healthy	Healthy	Healthy	Healthy	Healthy	Healthy	Healthy	Healthy	Healthy	Healthy	Healthy	Healthy	Healthy	Healthy	Healthy	Healthy	Healthy		Week 5 2026	10/9/2026	4:29:22 PM	16		3%	3%	29%	33%	0%	0%		(0.1)	0	0	0	0	0	(0.062895)
	Cam Ward	Tennessee Titans	QB	QB22	15.0 	239 	3,412 	213.2 	19.9 	1.2 	232 	14.5 	3.3 	0.2 	0.0 	0.0 	0 	0.0 	0.0 	0.0 	9.7 	0.9 	0.0 	0.651 	0.460 	0.266 	0 	0.164 	0.000 	148 	194 	46 	19 	24 	5 	0.218 				-	-		-	-		-	-		-	-		11.7 	20.0 	9.4 	15.6 	13.1 	14.7 	15.2 	15.9 	0.0 	15.5 	15.7 	15.2 	15.9 	15.4 	16.2 	15.0 	15.0 		QB25	QB11	QB29	QB15	QB27	QB20	QB20	QB14	-	QB17	QB18	QB25	QB17	QB23	QB15	QB23	QB22		QB25	15.2 	223.8 	1.4 	14.6 	0.1 	0.0 	0.0 	0.0 	24 	0.712 	0.460 	0.200 	1 	0.377 	0.000 	131 	0.283 		183 		-	-		-	-		-	-		-	-		QB21	14.2 	671.4 	4.2 	43.7 	0.3 	0.0 	0.0 	0.0 	21 	0.509 	0.460 	0.240 	0 	0.144 	0.000 	#N/A	0.195 		56.7 		-	-		-	-		-	-		-	-					Tennessee Titans	New York Jets	140 	1.0 	21 	0.0 	0.0 	0 	0.0 	0.0 	0.0 	0.0 	0.0 	11.7 	QB25		Tennessee Titans	Philadelphia Eagles	183 	0.0 	7 	2.0 	0.0 	0 	0.0 	0.0 	0.0 	0.0 	0.0 	20.0 	QB11		Tennessee Titans	New York Giants	181 	1.0 	2 	0.0 	0.0 	0 	0.0 	1.0 	0.0 	0.0 	0.0 	9.4 	QB29		Tennessee Titans	Baltimore Ravens	222 	1.0 	27 	0.0 	0.0 	0 	0.0 	1.0 	0.0 	0.0 	1.0 	15.6 	QB15		Tennessee Titans	Houston Texans	210 	1.1 	13 	0.1 	0.0 	0 	0.0 	0.6 	0.1 	0.0 	0.0 	13.1 	QB27		Tennessee Titans	Indianapolis Colts	223 	1.3 	13 	0.1 	0.0 	0 	0.0 	0.6 	0.1 	0.0 	0.0 	14.7 	QB20		Tennessee Titans	Cleveland Browns	218 	1.4 	16 	0.1 	0.0 	0 	0.0 	0.6 	0.1 	0.0 	0.0 	15.2 	QB20		Tennessee Titans	Cincinnati Bengals	232 	1.5 	14 	0.1 	0.0 	0 	0.0 	0.6 	0.1 	0.0 	0.0 	15.9 	QB14		Tennessee Titans	BYE	0 	0.0 	0 	0.0 	0.0 	0 	0.0 	0.0 	0.0 	0.0 	0.0 	0.0 	-		Tennessee Titans	Jacksonville Jaguars	223 	1.4 	15 	0.1 	0.0 	0 	0.0 	0.6 	0.1 	0.0 	0.0 	15.5 	QB17		Tennessee Titans	Dallas Cowboys	231 	1.5 	14 	0.1 	0.0 	0 	0.0 	0.6 	0.1 	0.0 	0.0 	15.7 	QB18		Tennessee Titans	Jacksonville Jaguars	227 	1.4 	14 	0.1 	0.0 	0 	0.0 	0.6 	0.1 	0.0 	0.0 	15.2 	QB25		Tennessee Titans	Washington Commanders	226 	1.5 	16 	0.1 	0.0 	0 	0.0 	0.6 	0.1 	0.0 	0.0 	15.9 	QB17		Tennessee Titans	Detroit Lions	231 	1.4 	13 	0.1 	0.0 	0 	0.0 	0.6 	0.1 	0.0 	0.0 	15.4 	QB23		Tennessee Titans	Indianapolis Colts	228 	1.5 	16 	0.1 	0.0 	0 	0.0 	0.6 	0.1 	0.0 	0.0 	16.2 	QB15		Tennessee Titans	Las Vegas Raiders	219 	1.4 	15 	0.1 	0.0 	0 	0.0 	0.6 	0.1 	0.0 	0.0 	15.0 	QB23		Tennessee Titans	Pittsburgh Steelers	219 	1.4 	15 	0.1 	0.0 	0 	0.0 	0.6 	0.1 	0.0 	0.0 	15.0 	QB22		Actual	Actual	Actual	Actual	Forecast	Forecast	Forecast	Forecast	Forecast	Forecast	Forecast	Forecast	Forecast	Forecast	Forecast	Forecast	Forecast		Healthy	Healthy	Healthy	Healthy	Healthy	Healthy	Healthy	Healthy	Healthy	Healthy	Healthy	Healthy	Healthy	Healthy	Healthy	Healthy	Healthy		Week 5 2026	10/9/2026	4:29:22 PM	16		0%	0%	14%	14%	99%	99%		0.1 	0	0	0	0	0	0.088019 
	Mark Andrews	Baltimore Ravens	TE	TE23	5.1 	82 	0 	0.0 	0.0 	0.0 	0 	0.0 	0.0 	0.0 	64.9 	4.1 	562 	35.1 	4.3 	0.3 	0.0 	0.1 	0.0 	0.222 	0.560 	0.376 	0 	0.064 	0.000 	152 	114 	(38)	22 	16 	(6)	0.212 				-	-		-	-		-	-		-	-		4.9 	4.9 	2.4 	8.7 	4.8 	4.8 	5.4 	5.2 	5.2 	5.2 	5.0 	4.9 	0.0 	5.1 	5.1 	4.9 	5.2 		TE17	TE16	TE24	TE8	TE23	TE22	TE19	TE17	TE22	TE21	TE20	TE22	-	TE20	TE22	TE23	TE21		TE23	5.1 	0.0 	0.0 	0.0 	0.0 	3.9 	34.4 	0.3 	23 	0.236 	0.560 	0.366 	0 	0.091 	0.000 	156 	0.223 		61 		-	-		-	-		-	-		-	-		TE22	5.2 	0.0 	0.0 	0.0 	0.0 	11.7 	103.3 	0.8 	22 	0.188 	0.560 	0.376 	0 	0.085 	0.000 	#N/A	0.217 		20.9 		-	-		-	-		-	-		-	-					Baltimore Ravens	Indianapolis Colts	0 	0.0 	0 	0.0 	4.0 	49 	0.0 	0.0 	0.0 	0.0 	0.0 	4.9 	TE17		Baltimore Ravens	New Orleans Saints	0 	0.0 	0 	0.0 	6.0 	49 	0.0 	0.0 	0.0 	0.0 	0.0 	4.9 	TE16		Baltimore Ravens	Dallas Cowboys	0 	0.0 	0 	0.0 	3.0 	24 	0.0 	0.0 	0.0 	0.0 	0.0 	2.4 	TE24		Baltimore Ravens	Tennessee Titans	0 	0.0 	0 	0.0 	5.0 	27 	1.0 	0.0 	0.0 	0.0 	0.0 	8.7 	TE8		Baltimore Ravens	Atlanta Falcons	0 	0.0 	0 	0.0 	3.8 	34 	0.2 	0.0 	0.0 	0.0 	0.0 	4.8 	TE23		Baltimore Ravens	Cleveland Browns	0 	0.0 	0 	0.0 	3.8 	33 	0.2 	0.0 	0.0 	0.0 	0.0 	4.8 	TE22		Baltimore Ravens	Cincinnati Bengals	0 	0.0 	0 	0.0 	4.1 	36 	0.3 	0.0 	0.0 	0.0 	0.0 	5.4 	TE19		Baltimore Ravens	Buffalo Bills	0 	0.0 	0 	0.0 	4.0 	35 	0.3 	0.0 	0.0 	0.0 	0.0 	5.2 	TE17		Baltimore Ravens	Jacksonville Jaguars	0 	0.0 	0 	0.0 	4.0 	35 	0.3 	0.0 	0.0 	0.0 	0.0 	5.2 	TE22		Baltimore Ravens	Los Angeles Chargers	0 	0.0 	0 	0.0 	4.0 	35 	0.3 	0.0 	0.0 	0.0 	0.0 	5.2 	TE21		Baltimore Ravens	Carolina Panthers	0 	0.0 	0 	0.0 	3.9 	34 	0.3 	0.0 	0.0 	0.0 	0.0 	5.0 	TE20		Baltimore Ravens	Houston Texans	0 	0.0 	0 	0.0 	3.9 	34 	0.3 	0.0 	0.0 	0.0 	0.0 	4.9 	TE22		Baltimore Ravens	BYE	0 	0.0 	0 	0.0 	0.0 	0 	0.0 	0.0 	0.0 	0.0 	0.0 	0.0 	-		Baltimore Ravens	Tampa Bay Buccaneers	0 	0.0 	0 	0.0 	3.9 	34 	0.3 	0.0 	0.0 	0.0 	0.0 	5.1 	TE20		Baltimore Ravens	Pittsburgh Steelers	0 	0.0 	0 	0.0 	3.9 	34 	0.3 	0.0 	0.0 	0.0 	0.0 	5.1 	TE22		Baltimore Ravens	Cleveland Browns	0 	0.0 	0 	0.0 	3.7 	33 	0.3 	0.0 	0.0 	0.0 	0.0 	4.9 	TE23		Baltimore Ravens	Cincinnati Bengals	0 	0.0 	0 	0.0 	4.0 	35 	0.3 	0.0 	0.0 	0.0 	0.0 	5.2 	TE21		Actual	Actual	Actual	Actual	Forecast	Forecast	Forecast	Forecast	Forecast	Forecast	Forecast	Forecast	Forecast	Forecast	Forecast	Forecast	Forecast		Healthy	Healthy	Healthy	Healthy	Healthy	Healthy	Healthy	Healthy	Healthy	Healthy	Healthy	Healthy	Healthy	Healthy	Healthy	Healthy	Healthy		Week 5 2026	10/9/2026	4:29:22 PM	16		17%	22%	0%	0%	0%	0%		0.0 	0	0	0	0	0	0.006173 
	Jordan Mason	Minnesota Vikings	RB	RB43	6.6 	79 	0 	0.0 	0.0 	0.0 	495 	41.3 	4.4 	0.4 	9.7 	0.8 	48 	4.0 	0.2 	0.0 	0.0 	1.1 	0.0 	0.216 	1.000 	0.481 	(0)	0.000 	0.000 	133 	91 	(42)	43 	37 	(6)	0.249 				-	-		-	-		-	-		-	-		11.9 	0.0 	0.0 	0.0 	0.0 	0.0 	6.7 	5.7 	6.2 	5.6 	5.7 	6.8 	6.4 	5.4 	6.1 	6.7 	6.2 		RB17	-	-	-	-	-	RB32	RB37	RB37	RB35	RB32	RB35	RB33	RB41	RB38	RB36	RB37		RB40	6.1 	0.0 	0.0 	39.6 	0.3 	0.9 	4.4 	0.0 	40 	0.263 	1.000 	0.519 	(0)	0.000 	0.000 	135 	0.273 		68 		-	-		-	-		-	-		-	-		RB52	11.9 	0.0 	0.0 	436.1 	3.4 	9.7 	48.4 	0.2 	52 	0.107 	1.000 	0.366 	(1)	0.000 	0.000 	#N/A	0.181 		11.9 		-	-		-	-		-	-		-	-					Minnesota Vikings	Green Bay Packers	0 	0.0 	59 	1.0 	0.0 	0 	0.0 	0.0 	0.0 	0.0 	0.0 	11.9 	RB17		Minnesota Vikings	Chicago Bears	0 	0.0 	0 	0.0 	0.0 	0 	0.0 	0.0 	0.0 	0.0 	0.0 	0.0 	-		Minnesota Vikings	Tampa Bay Buccaneers	0 	0.0 	0 	0.0 	0.0 	0 	0.0 	0.0 	0.0 	0.0 	0.0 	0.0 	-		Minnesota Vikings	Miami Dolphins	0 	0.0 	0 	0.0 	0.0 	0 	0.0 	0.0 	0.0 	0.0 	0.0 	0.0 	-		Minnesota Vikings	New Orleans Saints	0 	0.0 	0 	0.0 	0.0 	0 	0.0 	0.0 	0.0 	0.0 	0.0 	0.0 	-		Minnesota Vikings	BYE	0 	0.0 	0 	0.0 	0.0 	0 	0.0 	0.0 	0.0 	0.0 	0.0 	0.0 	-		Minnesota Vikings	Indianapolis Colts	0 	0.0 	42 	0.3 	0.9 	4 	0.0 	0.0 	0.1 	0.0 	0.0 	6.7 	RB32		Minnesota Vikings	Detroit Lions	0 	0.0 	37 	0.3 	0.9 	4 	0.0 	0.0 	0.1 	0.0 	0.0 	5.7 	RB37		Minnesota Vikings	Buffalo Bills	0 	0.0 	40 	0.3 	0.9 	4 	0.0 	0.0 	0.1 	0.0 	0.0 	6.2 	RB37		Minnesota Vikings	Green Bay Packers	0 	0.0 	36 	0.3 	0.9 	4 	0.0 	0.0 	0.1 	0.0 	0.0 	5.6 	RB35		Minnesota Vikings	San Francisco 49ers	0 	0.0 	37 	0.3 	0.9 	4 	0.0 	0.0 	0.1 	0.0 	0.0 	5.7 	RB32		Minnesota Vikings	Atlanta Falcons	0 	0.0 	44 	0.4 	0.9 	4 	0.0 	0.0 	0.1 	0.0 	0.0 	6.8 	RB35		Minnesota Vikings	Carolina Panthers	0 	0.0 	41 	0.3 	0.9 	4 	0.0 	0.0 	0.1 	0.0 	0.0 	6.4 	RB33		Minnesota Vikings	New England Patriots	0 	0.0 	36 	0.3 	0.9 	4 	0.0 	0.0 	0.1 	0.0 	0.0 	5.4 	RB41		Minnesota Vikings	Detroit Lions	0 	0.0 	39 	0.3 	0.9 	4 	0.0 	0.0 	0.1 	0.0 	0.0 	6.1 	RB38		Minnesota Vikings	Washington Commanders	0 	0.0 	42 	0.3 	0.9 	4 	0.0 	0.0 	0.1 	0.0 	0.0 	6.7 	RB36		Minnesota Vikings	New York Jets	0 	0.0 	40 	0.3 	0.9 	4 	0.0 	0.0 	0.1 	0.0 	0.0 	6.2 	RB37		Actual	Actual	Actual	Actual	Forecast	Forecast	Forecast	Forecast	Forecast	Forecast	Forecast	Forecast	Forecast	Forecast	Forecast	Forecast	Forecast		Healthy	Injured	Injured	Injured	Injured	Healthy	Healthy	Healthy	Healthy	Healthy	Healthy	Healthy	Healthy	Healthy	Healthy	Healthy	Healthy		Week 5 2026	10/9/2026	4:29:22 PM	16		2%	1%	33%	37%	0%	0%		0.1 	1	1	1	1	0	
	Keon Coleman	Buffalo Bills	WR	WR54	5.5 	88 	0 	0.0 	0.0 	0.0 	0 	0.0 	0.0 	0.0 	45.9 	2.9 	667 	41.7 	3.6 	0.2 	0.0 	0.1 	0.0 	0.240 	1.000 	0.470 	(0)	0.000 	0.000 	134 	279 	145 	53 	92 	39 	0.247 																0.1 	6.3 	3.7 	17.6 	5.2 	5.1 	0.0 	5.2 	5.0 	4.9 	5.0 	5.1 	4.9 	5.0 	5.2 	4.8 	5.0 		WR92	WR27	WR54	WR7	WR50	WR45	-	WR52	WR55	WR55	WR48	WR58	WR57	WR57	WR55	WR63	WR60		WR56	5.0 	0.0 	0.0 	0.0 	0.0 	2.7 	37.5 	0.2 	56 	0.236 	1.000 	0.440 	(0)	0.000 	0.000 	147 	0.233 		60 		-	-		-	-		-	-		-	-		WR33	6.9 	0.0 	0.0 	0.0 	0.0 	8.0 	112.6 	0.7 	33 	0.249 	1.000 	0.670 	0 	0.104 	0.000 	#N/A	0.380 		27.7 		-	-		-	-		-	-		-	-					Buffalo Bills	Houston Texans	0 	0.0 	0 	0.0 	1.0 	1 	0.0 	0.0 	0.0 	0.0 	0.0 	0.1 	WR92		Buffalo Bills	Detroit Lions	0 	0.0 	0 	0.0 	6.0 	63 	0.0 	0.0 	0.0 	0.0 	0.0 	6.3 	WR27		Buffalo Bills	Los Angeles Chargers	0 	0.0 	0 	0.0 	1.0 	37 	0.0 	0.0 	0.0 	0.0 	0.0 	3.7 	WR54		Buffalo Bills	New England Patriots	0 	0.0 	0 	0.0 	6.0 	116 	1.0 	0.0 	0.0 	0.0 	0.0 	17.6 	WR7		Buffalo Bills	Los Angeles Rams	0 	0.0 	0 	0.0 	2.7 	39 	0.2 	0.0 	0.0 	0.0 	0.0 	5.2 	WR50		Buffalo Bills	Las Vegas Raiders	0 	0.0 	0 	0.0 	2.7 	38 	0.2 	0.0 	0.0 	0.0 	0.0 	5.1 	WR45		Buffalo Bills	BYE	0 	0.0 	0 	0.0 	0.0 	0 	0.0 	0.0 	0.0 	0.0 	0.0 	0.0 	-		Buffalo Bills	Baltimore Ravens	0 	0.0 	0 	0.0 	2.7 	38 	0.2 	0.0 	0.0 	0.0 	0.0 	5.2 	WR52		Buffalo Bills	Minnesota Vikings	0 	0.0 	0 	0.0 	2.7 	38 	0.2 	0.0 	0.0 	0.0 	0.0 	5.0 	WR55		Buffalo Bills	New York Jets	0 	0.0 	0 	0.0 	2.6 	36 	0.2 	0.0 	0.0 	0.0 	0.0 	4.9 	WR55		Buffalo Bills	Miami Dolphins	0 	0.0 	0 	0.0 	2.6 	37 	0.2 	0.0 	0.0 	0.0 	0.0 	5.0 	WR48		Buffalo Bills	Kansas City Chiefs	0 	0.0 	0 	0.0 	2.7 	38 	0.2 	0.0 	0.0 	0.0 	0.0 	5.1 	WR58		Buffalo Bills	New England Patriots	0 	0.0 	0 	0.0 	2.6 	37 	0.2 	0.0 	0.0 	0.0 	0.0 	4.9 	WR57		Buffalo Bills	Green Bay Packers	0 	0.0 	0 	0.0 	2.7 	37 	0.2 	0.0 	0.0 	0.0 	0.0 	5.0 	WR57		Buffalo Bills	Chicago Bears	0 	0.0 	0 	0.0 	2.7 	39 	0.2 	0.0 	0.0 	0.0 	0.0 	5.2 	WR55		Buffalo Bills	Denver Broncos	0 	0.0 	0 	0.0 	2.6 	37 	0.2 	0.0 	0.0 	0.0 	0.0 	4.8 	WR63		Buffalo Bills	Miami Dolphins	0 	0.0 	0 	0.0 	2.6 	37 	0.2 	0.0 	0.0 	0.0 	0.0 	5.0 	WR60		Actual	Actual	Actual	Actual	Forecast	Forecast	Forecast	Forecast	Forecast	Forecast	Forecast	Forecast	Forecast	Forecast	Forecast	Forecast	Forecast		Healthy	Healthy	Healthy	Healthy	Healthy	Healthy	Healthy	Healthy	Healthy	Healthy	Healthy	Healthy	Healthy	Healthy	Healthy	Healthy	Healthy		Week 5 2026	10/9/2026	4:29:22 PM	16		17%	16%	0%	0%	0%	0%		(0.1)	0	0	0	0	0	(0.146884)
	Colston Loveland	Chicago Bears	TE	TE22	5.2 	79 	0 	0.0 	0.0 	0.0 	0 	0.0 	0.0 	0.0 	58.9 	3.9 	565 	37.7 	3.7 	0.2 	0.0 	0.1 	0.0 	0.214 	0.560 	0.366 	0 	0.086 	0.000 	149 	46 	(103)	23 	3 	(20)	0.217 				-	-		-	-		-	-		-	-		0.0 	0.3 	3.1 	5.7 	5.6 	5.7 	5.7 	5.6 	6.0 	0.0 	5.7 	6.0 	5.9 	5.8 	6.0 	5.7 	5.9 		-	TE35	TE20	TE17	TE16	TE14	TE16	TE14	TE13	-	TE14	TE13	TE11	TE12	TE13	TE16	TE15		TE13	5.8 	0.0 	0.0 	0.0 	0.0 	4.0 	39.5 	0.3 	13 	0.271 	0.560 	0.458 	0 	0.213 	0.000 	114 	0.320 		70 		-	-		-	-		-	-		-	-		TE41	3.0 	0.0 	0.0 	0.0 	0.0 	16.0 	157.9 	1.2 	41 	0.082 	0.560 	0.188 	(1)	0.000 	0.000 	#N/A	0.087 		9.1 		-	-		-	-		-	-		-	-					Chicago Bears	Carolina Panthers	0 	0.0 	0 	0.0 	0.0 	0 	0.0 	0.0 	0.0 	0.0 	0.0 	0.0 	-		Chicago Bears	Minnesota Vikings	0 	0.0 	0 	0.0 	1.0 	3 	0.0 	0.0 	0.0 	0.0 	0.0 	0.3 	TE35		Chicago Bears	Philadelphia Eagles	0 	0.0 	0 	0.0 	4.0 	31 	0.0 	0.0 	0.0 	0.0 	0.0 	3.1 	TE20		Chicago Bears	New York Jets	0 	0.0 	0 	0.0 	6.0 	57 	0.0 	0.0 	0.0 	0.0 	0.0 	5.7 	TE17		Chicago Bears	Green Bay Packers	0 	0.0 	0 	0.0 	3.9 	39 	0.3 	0.0 	0.0 	0.0 	0.0 	5.6 	TE16		Chicago Bears	Atlanta Falcons	0 	0.0 	0 	0.0 	4.0 	39 	0.3 	0.0 	0.0 	0.0 	0.0 	5.7 	TE14		Chicago Bears	New England Patriots	0 	0.0 	0 	0.0 	4.0 	39 	0.3 	0.0 	0.0 	0.0 	0.0 	5.7 	TE16		Chicago Bears	Seattle Seahawks	0 	0.0 	0 	0.0 	4.0 	39 	0.3 	0.0 	0.0 	0.0 	0.0 	5.6 	TE14		Chicago Bears	Tampa Bay Buccaneers	0 	0.0 	0 	0.0 	4.1 	40 	0.3 	0.0 	0.0 	0.0 	0.0 	6.0 	TE13		Chicago Bears	BYE	0 	0.0 	0 	0.0 	0.0 	0 	0.0 	0.0 	0.0 	0.0 	0.0 	0.0 	-		Chicago Bears	New Orleans Saints	0 	0.0 	0 	0.0 	3.9 	38 	0.3 	0.0 	0.0 	0.0 	0.0 	5.7 	TE14		Chicago Bears	Detroit Lions	0 	0.0 	0 	0.0 	4.1 	41 	0.3 	0.0 	0.0 	0.0 	0.0 	6.0 	TE13		Chicago Bears	Jacksonville Jaguars	0 	0.0 	0 	0.0 	4.0 	40 	0.3 	0.0 	0.0 	0.0 	0.0 	5.9 	TE11		Chicago Bears	Miami Dolphins	0 	0.0 	0 	0.0 	3.9 	39 	0.3 	0.0 	0.0 	0.0 	0.0 	5.8 	TE12		Chicago Bears	Buffalo Bills	0 	0.0 	0 	0.0 	4.1 	41 	0.3 	0.0 	0.0 	0.0 	0.0 	6.0 	TE13		Chicago Bears	Green Bay Packers	0 	0.0 	0 	0.0 	4.0 	39 	0.3 	0.0 	0.0 	0.0 	0.0 	5.7 	TE16		Chicago Bears	Detroit Lions	0 	0.0 	0 	0.0 	4.0 	40 	0.3 	0.0 	0.0 	0.0 	0.0 	5.9 	TE15		Actual	Actual	Actual	Actual	Forecast	Forecast	Forecast	Forecast	Forecast	Forecast	Forecast	Forecast	Forecast	Forecast	Forecast	Forecast	Forecast		Healthy	Healthy	Healthy	Healthy	Healthy	Healthy	Healthy	Healthy	Healthy	Healthy	Healthy	Healthy	Healthy	Healthy	Healthy	Healthy	Healthy		Week 5 2026	10/9/2026	4:29:22 PM	16		19%	20%	0%	0%	0%	0%		0.2 	0	0	0	0	0	0.232440 
	Tyjae Spears	Tennessee Titans	RB	RB46	4.3 	68 	0 	0.0 	0.0 	0.0 	327 	20.5 	1.4 	0.1 	27.1 	1.7 	230 	14.4 	1.0 	0.1 	0.0 	0.8 	0.0 	0.186 	1.000 	0.443 	(1)	0.000 	0.000 	144 	130 	(14)	46 	48 	2 	0.227 				-	-		-	-		-	-		-	-		2.4 	7.0 	0.5 	0.6 	4.2 	4.5 	5.1 	4.8 	0.0 	5.0 	4.8 	4.7 	5.1 	4.6 	5.2 	4.9 	4.9 		RB53	RB26	RB59	RB60	RB45	RB41	RB40	RB43	-	RB40	RB35	RB49	RB41	RB45	RB43	RB46	RB46		RB46	4.8 	0.0 	0.0 	21.9 	0.1 	1.8 	15.8 	0.1 	46 	0.226 	1.000 	0.443 	(0)	0.000 	0.000 	149 	0.233 		58 		-	-		-	-		-	-		-	-		RB57	2.6 	0.0 	0.0 	65.6 	0.3 	5.5 	47.5 	0.3 	57 	0.094 	1.000 	0.302 	(1)	0.000 	0.000 	#N/A	0.150 		10.5 		-	-		-	-		-	-		-	-					Tennessee Titans	New York Jets	0 	0.0 	12 	0.0 	2.0 	12 	0.0 	0.0 	0.0 	0.0 	0.0 	2.4 	RB53		Tennessee Titans	Philadelphia Eagles	0 	0.0 	41 	0.0 	2.0 	29 	0.0 	0.0 	0.0 	0.0 	0.0 	7.0 	RB26		Tennessee Titans	New York Giants	0 	0.0 	5 	0.0 	0.0 	0 	0.0 	0.0 	0.0 	0.0 	0.0 	0.5 	RB59		Tennessee Titans	Baltimore Ravens	0 	0.0 	7 	0.0 	1.0 	(1)	0.0 	0.0 	0.0 	0.0 	0.0 	0.6 	RB60		Tennessee Titans	Houston Texans	0 	0.0 	19 	0.1 	1.7 	15 	0.1 	0.0 	0.1 	0.0 	0.0 	4.2 	RB45		Tennessee Titans	Indianapolis Colts	0 	0.0 	20 	0.1 	1.8 	16 	0.1 	0.0 	0.1 	0.0 	0.0 	4.5 	RB41		Tennessee Titans	Cleveland Browns	0 	0.0 	24 	0.1 	1.8 	15 	0.1 	0.0 	0.1 	0.0 	0.0 	5.1 	RB40		Tennessee Titans	Cincinnati Bengals	0 	0.0 	21 	0.1 	1.9 	16 	0.1 	0.0 	0.1 	0.0 	0.0 	4.8 	RB43		Tennessee Titans	BYE	0 	0.0 	0 	0.0 	0.0 	0 	0.0 	0.0 	0.0 	0.0 	0.0 	0.0 	-		Tennessee Titans	Jacksonville Jaguars	0 	0.0 	23 	0.1 	1.8 	16 	0.1 	0.0 	0.1 	0.0 	0.0 	5.0 	RB40		Tennessee Titans	Dallas Cowboys	0 	0.0 	21 	0.1 	1.9 	16 	0.1 	0.0 	0.1 	0.0 	0.0 	4.8 	RB35		Tennessee Titans	Jacksonville Jaguars	0 	0.0 	21 	0.1 	1.9 	16 	0.1 	0.0 	0.1 	0.0 	0.0 	4.7 	RB49		Tennessee Titans	Washington Commanders	0 	0.0 	24 	0.1 	1.9 	16 	0.1 	0.0 	0.1 	0.0 	0.0 	5.1 	RB41		Tennessee Titans	Detroit Lions	0 	0.0 	20 	0.1 	1.9 	16 	0.1 	0.0 	0.1 	0.0 	0.0 	4.6 	RB45		Tennessee Titans	Indianapolis Colts	0 	0.0 	24 	0.1 	1.9 	16 	0.1 	0.0 	0.1 	0.0 	0.0 	5.2 	RB43		Tennessee Titans	Las Vegas Raiders	0 	0.0 	23 	0.1 	1.8 	15 	0.1 	0.0 	0.1 	0.0 	0.0 	4.9 	RB46		Tennessee Titans	Pittsburgh Steelers	0 	0.0 	23 	0.1 	1.8 	15 	0.1 	0.0 	0.1 	0.0 	0.0 	4.9 	RB46		Actual	Actual	Actual	Actual	Forecast	Forecast	Forecast	Forecast	Forecast	Forecast	Forecast	Forecast	Forecast	Forecast	Forecast	Forecast	Forecast		Healthy	Healthy	Healthy	Healthy	Healthy	Healthy	Healthy	Healthy	Healthy	Healthy	Healthy	Healthy	Healthy	Healthy	Healthy	Healthy	Healthy		Week 5 2026	10/9/2026	4:29:22 PM	16		7%	6%	21%	15%	0%	0%		0.1 	0	0	0	0	0	0.083013 
	Jake Ferguson	Dallas Cowboys	TE	TE21	5.3 	85 	0 	0.0 	0.0 	0.0 	0 	0.0 	0.0 	0.0 	53.8 	3.4 	422 	26.4 	7.5 	0.5 	0.0 	1.1 	0.0 	0.231 	0.560 	0.385 	0 	0.097 	0.000 	142 	110 	(32)	21 	13 	(8)	0.232 				-	-		-	-		-	-		-	-		0.6 	16.3 	6.3 	1.1 	5.0 	5.2 	4.8 	5.1 	5.2 	5.2 	5.1 	5.0 	4.8 	0.0 	5.0 	5.3 	5.1 		TE34	TE1	TE12	TE31	TE21	TE19	TE22	TE18	TE21	TE19	TE19	TE21	TE20	-	TE23	TE20	TE22		TE21	5.1 	0.0 	0.0 	0.0 	0.0 	3.5 	28.2 	0.4 	21 	0.237 	0.560 	0.385 	0 	0.093 	0.000 	150 	0.232 		61 		-	-		-	-		-	-		-	-		TE17	6.1 	0.0 	0.0 	0.0 	0.0 	10.5 	84.7 	1.1 	17 	0.218 	0.560 	0.422 	0 	0.198 	0.000 	#N/A	0.291 		24.3 		-	-		-	-		-	-		-	-					Dallas Cowboys	New York Giants	0 	0.0 	0 	0.0 	2.0 	6 	0.0 	0.0 	0.0 	0.0 	0.0 	0.6 	TE34		Dallas Cowboys	Washington Commanders	0 	0.0 	0 	0.0 	4.0 	43 	2.0 	0.0 	0.0 	0.0 	0.0 	16.3 	TE1		Dallas Cowboys	Baltimore Ravens	0 	0.0 	0 	0.0 	3.0 	23 	1.0 	0.0 	1.0 	0.0 	0.0 	6.3 	TE12		Dallas Cowboys	Houston Texans	0 	0.0 	0 	0.0 	3.0 	11 	0.0 	0.0 	0.0 	0.0 	0.0 	1.1 	TE31		Dallas Cowboys	Tampa Bay Buccaneers	0 	0.0 	0 	0.0 	3.4 	27 	0.4 	0.0 	0.0 	0.0 	0.0 	5.0 	TE21		Dallas Cowboys	Green Bay Packers	0 	0.0 	0 	0.0 	3.5 	29 	0.4 	0.0 	0.0 	0.0 	0.0 	5.2 	TE19		Dallas Cowboys	Philadelphia Eagles	0 	0.0 	0 	0.0 	3.4 	28 	0.3 	0.0 	0.0 	0.0 	0.0 	4.8 	TE22		Dallas Cowboys	Arizona Cardinals	0 	0.0 	0 	0.0 	3.4 	28 	0.4 	0.0 	0.0 	0.0 	0.0 	5.1 	TE18		Dallas Cowboys	Indianapolis Colts	0 	0.0 	0 	0.0 	3.6 	29 	0.4 	0.0 	0.0 	0.0 	0.0 	5.2 	TE21		Dallas Cowboys	San Francisco 49ers	0 	0.0 	0 	0.0 	3.6 	29 	0.4 	0.0 	0.0 	0.0 	0.0 	5.2 	TE19		Dallas Cowboys	Tennessee Titans	0 	0.0 	0 	0.0 	3.4 	28 	0.4 	0.0 	0.0 	0.0 	0.0 	5.1 	TE19		Dallas Cowboys	Philadelphia Eagles	0 	0.0 	0 	0.0 	3.5 	28 	0.4 	0.0 	0.0 	0.0 	0.0 	5.0 	TE21		Dallas Cowboys	Seattle Seahawks	0 	0.0 	0 	0.0 	3.4 	28 	0.3 	0.0 	0.0 	0.0 	0.0 	4.8 	TE20		Dallas Cowboys	BYE	0 	0.0 	0 	0.0 	0.0 	0 	0.0 	0.0 	0.0 	0.0 	0.0 	0.0 	-		Dallas Cowboys	Los Angeles Rams	0 	0.0 	0 	0.0 	3.6 	29 	0.4 	0.0 	0.0 	0.0 	0.0 	5.0 	TE23		Dallas Cowboys	Jacksonville Jaguars	0 	0.0 	0 	0.0 	3.6 	29 	0.4 	0.0 	0.0 	0.0 	0.0 	5.3 	TE20		Dallas Cowboys	New York Giants	0 	0.0 	0 	0.0 	3.5 	28 	0.4 	0.0 	0.0 	0.0 	0.0 	5.1 	TE22		Actual	Actual	Actual	Actual	Forecast	Forecast	Forecast	Forecast	Forecast	Forecast	Forecast	Forecast	Forecast	Forecast	Forecast	Forecast	Forecast		Healthy	Healthy	Healthy	Healthy	Healthy	Healthy	Healthy	Healthy	Healthy	Healthy	Healthy	Healthy	Healthy	Healthy	Healthy	Healthy	Healthy		Week 5 2026	10/9/2026	4:29:22 PM	16		11%	21%	0%	0%	0%	0%		(0.1)	0	0	0	0	0	(0.059245)
	Keenan Allen	Indianapolis Colts	WR	WR63	4.9 	74 	0 	0.0 	0.0 	0.0 	0 	0.0 	0.0 	0.0 	64.2 	4.3 	535 	35.7 	3.4 	0.2 	0.0 	0.1 	0.0 	0.200 	1.000 	0.370 	(0)	0.000 	0.000 	158 	218 	60 	63 	72 	9 	0.197 				-	-		-	-		-	-		-	-		3.2 	0.5 	12.3 	0.0 	4.5 	4.7 	4.7 	4.9 	5.1 	4.9 	4.7 	4.9 	0.0 	4.7 	4.9 	5.1 	4.7 		WR59	WR83	WR18	-	WR57	WR54	WR55	WR56	WR54	WR56	WR58	WR63	-	WR62	WR64	WR58	WR68		WR60	4.8 	0.0 	0.0 	0.0 	0.0 	4.3 	36.3 	0.2 	60 	0.225 	1.000 	0.400 	(0)	0.000 	0.000 	160 	0.214 		58 		-	-		-	-		-	-		-	-		WR73	5.3 	0.0 	0.0 	0.0 	0.0 	17.1 	145.1 	0.8 	73 	0.144 	1.000 	0.270 	(0)	0.000 	0.000 	#N/A	0.143 		16.0 		-	-		-	-		-	-		-	-					Indianapolis Colts	Baltimore Ravens	0 	0.0 	0 	0.0 	6.0 	32 	0.0 	0.0 	0.0 	0.0 	0.0 	3.2 	WR59		Indianapolis Colts	Kansas City Chiefs	0 	0.0 	0 	0.0 	1.0 	5 	0.0 	0.0 	0.0 	0.0 	0.0 	0.5 	WR83		Indianapolis Colts	Houston Texans	0 	0.0 	0 	0.0 	6.0 	63 	1.0 	0.0 	0.0 	0.0 	0.0 	12.3 	WR18		Indianapolis Colts	Washington Commanders	0 	0.0 	0 	0.0 	0.0 	0 	0.0 	0.0 	0.0 	0.0 	0.0 	0.0 	-		Indianapolis Colts	Pittsburgh Steelers	0 	0.0 	0 	0.0 	4.1 	35 	0.2 	0.0 	0.0 	0.0 	0.0 	4.5 	WR57		Indianapolis Colts	Tennessee Titans	0 	0.0 	0 	0.0 	4.1 	35 	0.2 	0.0 	0.0 	0.0 	0.0 	4.7 	WR54		Indianapolis Colts	Minnesota Vikings	0 	0.0 	0 	0.0 	4.2 	36 	0.2 	0.0 	0.0 	0.0 	0.0 	4.7 	WR55		Indianapolis Colts	Jacksonville Jaguars	0 	0.0 	0 	0.0 	4.3 	37 	0.2 	0.0 	0.0 	0.0 	0.0 	4.9 	WR56		Indianapolis Colts	Dallas Cowboys	0 	0.0 	0 	0.0 	4.5 	38 	0.2 	0.0 	0.0 	0.0 	0.0 	5.1 	WR54		Indianapolis Colts	Miami Dolphins	0 	0.0 	0 	0.0 	4.2 	36 	0.2 	0.0 	0.0 	0.0 	0.0 	4.9 	WR56		Indianapolis Colts	Houston Texans	0 	0.0 	0 	0.0 	4.2 	36 	0.2 	0.0 	0.0 	0.0 	0.0 	4.7 	WR58		Indianapolis Colts	New York Giants	0 	0.0 	0 	0.0 	4.3 	37 	0.2 	0.0 	0.0 	0.0 	0.0 	4.9 	WR63		Indianapolis Colts	BYE	0 	0.0 	0 	0.0 	0.0 	0 	0.0 	0.0 	0.0 	0.0 	0.0 	0.0 	-		Indianapolis Colts	Philadelphia Eagles	0 	0.0 	0 	0.0 	4.3 	36 	0.2 	0.0 	0.0 	0.0 	0.0 	4.7 	WR62		Indianapolis Colts	Tennessee Titans	0 	0.0 	0 	0.0 	4.3 	36 	0.2 	0.0 	0.0 	0.0 	0.0 	4.9 	WR64		Indianapolis Colts	Cincinnati Bengals	0 	0.0 	0 	0.0 	4.5 	38 	0.2 	0.0 	0.0 	0.0 	0.0 	5.1 	WR58		Indianapolis Colts	Cleveland Browns	0 	0.0 	0 	0.0 	4.2 	36 	0.2 	0.0 	0.0 	0.0 	0.0 	4.7 	WR68		Actual	Actual	Actual	Actual	Forecast	Forecast	Forecast	Forecast	Forecast	Forecast	Forecast	Forecast	Forecast	Forecast	Forecast	Forecast	Forecast		Healthy	Healthy	Healthy	Injured	Healthy	Healthy	Healthy	Healthy	Healthy	Healthy	Healthy	Healthy	Healthy	Healthy	Healthy	Healthy	Healthy		Week 5 2026	10/9/2026	4:29:22 PM	16		16%	16%	0%	0%	0%	0%		0.1 	0	0	1	0	0	
	Brian Robinson Jr.	Atlanta Falcons	RB	RB33	7.0 	112 	0 	0.0 	0.0 	0.0 	610 	38.1 	7.4 	0.5 	10.3 	0.6 	68 	4.3 	0.3 	0.0 	0.0 	0.9 	0.0 	0.305 	1.000 	0.619 	(0)	0.000 	0.000 	102 	116 	14 	32 	42 	10 	0.324 				-	-		-	-		-	-		-	-		3.1 	6.7 	11.0 	24.7 	6.1 	5.9 	5.5 	5.4 	5.4 	5.3 	0.0 	5.2 	5.6 	5.3 	5.5 	5.7 	6.0 		RB47	RB27	RB15	RB7	RB35	RB33	RB36	RB39	RB40	RB37	-	RB46	RB38	RB42	RB42	RB41	RB39		RB43	5.6 	0.0 	0.0 	34.7 	0.3 	0.6 	3.9 	0.0 	43 	0.260 	1.000 	0.481 	(0)	0.000 	0.000 	140 	0.255 		67 		-	-		-	-		-	-		-	-		RB14	11.4 	0.0 	0.0 	104.0 	0.8 	1.8 	11.8 	0.1 	14 	0.408 	1.000 	0.840 	1 	0.268 	0.000 	#N/A	0.547 		45.5 		-	-		-	-		-	-		-	-					Atlanta Falcons	Pittsburgh Steelers	0 	0.0 	31 	0.0 	0.0 	0 	0.0 	0.0 	0.0 	0.0 	0.0 	3.1 	RB47		Atlanta Falcons	Carolina Panthers	0 	0.0 	51 	0.0 	2.0 	16 	0.0 	0.0 	0.0 	0.0 	0.0 	6.7 	RB27		Atlanta Falcons	Green Bay Packers	0 	0.0 	50 	1.0 	0.0 	0 	0.0 	0.0 	0.0 	0.0 	0.0 	11.0 	RB15		Atlanta Falcons	New Orleans Saints	0 	0.0 	62 	3.0 	1.0 	5 	0.0 	0.0 	0.0 	0.0 	0.0 	24.7 	RB7		Atlanta Falcons	Baltimore Ravens	0 	0.0 	38 	0.3 	0.6 	4 	0.0 	0.0 	0.1 	0.0 	0.0 	6.1 	RB35		Atlanta Falcons	Chicago Bears	0 	0.0 	36 	0.3 	0.6 	4 	0.0 	0.0 	0.1 	0.0 	0.0 	5.9 	RB33		Atlanta Falcons	San Francisco 49ers	0 	0.0 	34 	0.3 	0.6 	4 	0.0 	0.0 	0.1 	0.0 	0.0 	5.5 	RB36		Atlanta Falcons	Tampa Bay Buccaneers	0 	0.0 	34 	0.3 	0.6 	4 	0.0 	0.0 	0.1 	0.0 	0.0 	5.4 	RB39		Atlanta Falcons	Cincinnati Bengals	0 	0.0 	33 	0.3 	0.6 	4 	0.0 	0.0 	0.1 	0.0 	0.0 	5.4 	RB40		Atlanta Falcons	Kansas City Chiefs	0 	0.0 	33 	0.3 	0.6 	4 	0.0 	0.0 	0.1 	0.0 	0.0 	5.3 	RB37		Atlanta Falcons	BYE	0 	0.0 	0 	0.0 	0.0 	0 	0.0 	0.0 	0.0 	0.0 	0.0 	0.0 	-		Atlanta Falcons	Minnesota Vikings	0 	0.0 	33 	0.3 	0.6 	4 	0.0 	0.0 	0.1 	0.0 	0.0 	5.2 	RB46		Atlanta Falcons	Detroit Lions	0 	0.0 	35 	0.3 	0.6 	4 	0.0 	0.0 	0.1 	0.0 	0.0 	5.6 	RB38		Atlanta Falcons	Cleveland Browns	0 	0.0 	34 	0.3 	0.6 	4 	0.0 	0.0 	0.1 	0.0 	0.0 	5.3 	RB42		Atlanta Falcons	Washington Commanders	0 	0.0 	34 	0.3 	0.6 	4 	0.0 	0.0 	0.1 	0.0 	0.0 	5.5 	RB42		Atlanta Falcons	Tampa Bay Buccaneers	0 	0.0 	36 	0.3 	0.6 	4 	0.0 	0.0 	0.1 	0.0 	0.0 	5.7 	RB41		Atlanta Falcons	New Orleans Saints	0 	0.0 	37 	0.3 	0.6 	4 	0.0 	0.0 	0.1 	0.0 	0.0 	6.0 	RB39		Actual	Actual	Actual	Actual	Forecast	Forecast	Forecast	Forecast	Forecast	Forecast	Forecast	Forecast	Forecast	Forecast	Forecast	Forecast	Forecast		Healthy	Healthy	Healthy	Healthy	Healthy	Healthy	Healthy	Healthy	Healthy	Healthy	Healthy	Healthy	Healthy	Healthy	Healthy	Healthy	Healthy		Week 5 2026	10/9/2026	4:29:22 PM	16		2%	2%	25%	28%	0%	0%		(0.3)	0	0	0	0	0	(0.291083)
	Pat Bryant	Denver Broncos	WR	WR58	5.1 	77 	0 	0.0 	0.0 	0.0 	16 	1.1 	0.0 	0.0 	38.5 	2.6 	529 	35.2 	3.4 	0.2 	0.0 	0.1 	0.0 	0.209 	1.000 	0.420 	(0)	0.000 	0.000 	147 	227 	80 	58 	74 	16 	0.220 				-	-		-	-		-	-		-	-		4.2 	1.6 	12.4 	4.7 	0.0 	4.8 	5.1 	5.0 	5.0 	0.0 	5.0 	4.7 	5.0 	4.8 	4.9 	5.1 	4.8 		WR47	WR73	WR16	WR46	-	WR50	WR50	WR55	WR58	-	WR50	WR67	WR54	WR60	WR62	WR59	WR65		WR68	4.9 	0.0 	0.0 	0.0 	0.0 	2.7 	36.0 	0.2 	68 	0.211 	1.000 	0.320 	(0)	0.000 	0.000 	176 	0.176 		54 		-	-		-	-		-	-		-	-		WR47	5.7 	0.0 	0.0 	0.0 	0.0 	7.4 	98.9 	0.6 	47 	0.205 	1.000 	0.530 	0 	0.028 	0.000 	#N/A	0.281 		22.9 		-	-		-	-		-	-		-	-					Denver Broncos	Kansas City Chiefs	0 	0.0 	0 	0.0 	4.0 	42 	0.0 	0.0 	0.0 	0.0 	0.0 	4.2 	WR47		Denver Broncos	Jacksonville Jaguars	0 	0.0 	16 	0.0 	0.0 	0 	0.0 	0.0 	0.0 	0.0 	0.0 	1.6 	WR73		Denver Broncos	Los Angeles Rams	0 	0.0 	0 	0.0 	2.0 	44 	1.0 	0.0 	0.0 	0.0 	1.0 	12.4 	WR16		Denver Broncos	San Francisco 49ers	0 	0.0 	0 	0.0 	3.0 	47 	0.0 	0.0 	0.0 	0.0 	0.0 	4.7 	WR46		Denver Broncos	Los Angeles Chargers	0 	0.0 	0 	0.0 	0.0 	0 	0.0 	0.0 	0.0 	0.0 	0.0 	0.0 	-		Denver Broncos	Seattle Seahawks	0 	0.0 	0 	0.0 	2.7 	36 	0.2 	0.0 	0.0 	0.0 	0.0 	4.8 	WR50		Denver Broncos	Arizona Cardinals	0 	0.0 	0 	0.0 	2.7 	36 	0.2 	0.0 	0.0 	0.0 	0.0 	5.1 	WR50		Denver Broncos	Kansas City Chiefs	0 	0.0 	0 	0.0 	2.7 	36 	0.2 	0.0 	0.0 	0.0 	0.0 	5.0 	WR55		Denver Broncos	Carolina Panthers	0 	0.0 	0 	0.0 	2.7 	36 	0.2 	0.0 	0.0 	0.0 	0.0 	5.0 	WR58		Denver Broncos	BYE	0 	0.0 	0 	0.0 	0.0 	0 	0.0 	0.0 	0.0 	0.0 	0.0 	0.0 	-		Denver Broncos	Las Vegas Raiders	0 	0.0 	0 	0.0 	2.7 	36 	0.2 	0.0 	0.0 	0.0 	0.0 	5.0 	WR50		Denver Broncos	Pittsburgh Steelers	0 	0.0 	0 	0.0 	2.6 	35 	0.2 	0.0 	0.0 	0.0 	0.0 	4.7 	WR67		Denver Broncos	Miami Dolphins	0 	0.0 	0 	0.0 	2.7 	36 	0.2 	0.0 	0.0 	0.0 	0.0 	5.0 	WR54		Denver Broncos	New York Jets	0 	0.0 	0 	0.0 	2.6 	35 	0.2 	0.0 	0.0 	0.0 	0.0 	4.8 	WR60		Denver Broncos	Las Vegas Raiders	0 	0.0 	0 	0.0 	2.7 	36 	0.2 	0.0 	0.0 	0.0 	0.0 	4.9 	WR62		Denver Broncos	Buffalo Bills	0 	0.0 	0 	0.0 	2.8 	37 	0.2 	0.0 	0.0 	0.0 	0.0 	5.1 	WR59		Denver Broncos	New England Patriots	0 	0.0 	0 	0.0 	2.7 	36 	0.2 	0.0 	0.0 	0.0 	0.0 	4.8 	WR65		Actual	Actual	Actual	Actual	Forecast	Forecast	Forecast	Forecast	Forecast	Forecast	Forecast	Forecast	Forecast	Forecast	Forecast	Forecast	Forecast		Healthy	Healthy	Healthy	Healthy	Injured	Healthy	Healthy	Healthy	Healthy	Healthy	Healthy	Healthy	Healthy	Healthy	Healthy	Healthy	Healthy		Week 5 2026	10/9/2026	4:29:22 PM	16		16%	15%	0%	0%	0%	0%		(0.1)	0	0	0	1	0	
	Aaron Rodgers	Pittsburgh Steelers	QB	QB23	14.7 	236 	3,717 	232.3 	26.1 	1.6 	63 	3.9 	0.2 	0.0 	0.0 	0.0 	0 	0.0 	0.0 	0.0 	11.7 	1.9 	0.0 	0.640 	0.460 	0.227 	0 	0.143 	0.000 	162 	235 	73 	22 	32 	10 	0.187 																12.5 	4.0 	22.7 	22.0 	15.2 	14.3 	14.9 	14.4 	0.0 	15.3 	13.9 	13.6 	14.0 	14.4 	15.0 	14.9 	14.7 		QB24	QB31	QB8	QB5	QB18	QB24	QB21	QB24	-	QB19	QB21	QB29	QB25	QB25	QB23	QB24	QB26		QB26	14.5 	226.5 	1.6 	4.2 	0.0 	0.0 	0.0 	0.0 	25 	0.680 	0.460 	0.186 	0 	0.307 	0.000 	144 	0.243 		174 		-	-		-	-		-	-		-	-		QB17	15.3 	679.6 	4.8 	12.7 	0.1 	0.0 	0.0 	0.0 	17 	0.549 	0.460 	0.292 	0 	0.213 	0.000 	#N/A	0.255 		61.2 		-	-		-	-		-	-		-	-					Pittsburgh Steelers	Atlanta Falcons	221 	1.0 	(3)	0.0 	0.0 	0 	0.0 	0.0 	0.0 	0.0 	0.0 	12.5 	QB24		Pittsburgh Steelers	New England Patriots	187 	0.0 	5 	0.0 	0.0 	0 	0.0 	1.0 	1.0 	0.0 	0.0 	4.0 	QB31		Pittsburgh Steelers	Cincinnati Bengals	292 	3.0 	10 	0.0 	0.0 	0 	0.0 	1.0 	0.0 	0.0 	0.0 	22.7 	QB8		Pittsburgh Steelers	Cleveland Browns	299 	3.0 	0 	0.0 	0.0 	0 	0.0 	2.0 	0.0 	0.0 	1.0 	22.0 	QB5		Pittsburgh Steelers	Indianapolis Colts	231 	1.7 	4 	0.0 	0.0 	0 	0.0 	0.6 	0.1 	0.0 	0.0 	15.2 	QB18		Pittsburgh Steelers	Tampa Bay Buccaneers	223 	1.6 	4 	0.0 	0.0 	0 	0.0 	0.6 	0.1 	0.0 	0.0 	14.3 	QB24		Pittsburgh Steelers	New Orleans Saints	228 	1.7 	4 	0.0 	0.0 	0 	0.0 	0.6 	0.1 	0.0 	0.0 	14.9 	QB21		Pittsburgh Steelers	Cleveland Browns	219 	1.6 	5 	0.0 	0.0 	0 	0.0 	0.6 	0.1 	0.0 	0.0 	14.4 	QB24		Pittsburgh Steelers	BYE	0 	0.0 	0 	0.0 	0.0 	0 	0.0 	0.0 	0.0 	0.0 	0.0 	0.0 	-		Pittsburgh Steelers	Cincinnati Bengals	236 	1.7 	4 	0.0 	0.0 	0 	0.0 	0.6 	0.1 	0.0 	0.0 	15.3 	QB19		Pittsburgh Steelers	Philadelphia Eagles	227 	1.5 	4 	0.0 	0.0 	0 	0.0 	0.6 	0.1 	0.0 	0.0 	13.9 	QB21		Pittsburgh Steelers	Denver Broncos	219 	1.4 	4 	0.0 	0.0 	0 	0.0 	0.6 	0.1 	0.0 	0.0 	13.6 	QB29		Pittsburgh Steelers	Houston Texans	223 	1.5 	4 	0.0 	0.0 	0 	0.0 	0.6 	0.1 	0.0 	0.0 	14.0 	QB25		Pittsburgh Steelers	Jacksonville Jaguars	226 	1.6 	4 	0.0 	0.0 	0 	0.0 	0.6 	0.1 	0.0 	0.0 	14.4 	QB25		Pittsburgh Steelers	Baltimore Ravens	231 	1.7 	4 	0.0 	0.0 	0 	0.0 	0.6 	0.1 	0.0 	0.0 	15.0 	QB23		Pittsburgh Steelers	Carolina Panthers	228 	1.7 	4 	0.0 	0.0 	0 	0.0 	0.6 	0.1 	0.0 	0.0 	14.9 	QB24		Pittsburgh Steelers	Tennessee Titans	226 	1.6 	4 	0.0 	0.0 	0 	0.0 	0.6 	0.1 	0.0 	0.0 	14.7 	QB26		Actual	Actual	Actual	Actual	Forecast	Forecast	Forecast	Forecast	Forecast	Forecast	Forecast	Forecast	Forecast	Forecast	Forecast	Forecast	Forecast		Healthy	Healthy	Healthy	Healthy	Healthy	Healthy	Healthy	Healthy	Healthy	Healthy	Healthy	Healthy	Healthy	Healthy	Healthy	Healthy	Healthy		Week 5 2026	10/9/2026	4:29:22 PM	16		0%	0%	4%	3%	99%	99%		(0.0)	0	0	0	0	0	(0.012150)
	Chris Rodriguez Jr.	Jacksonville Jaguars	RB	RB45	4.8 	77 	0 	0.0 	0.0 	0.0 	425 	26.6 	5.5 	0.3 	2.7 	0.2 	27 	1.7 	0.0 	0.0 	0.0 	0.8 	0.0 	0.209 	1.000 	0.456 	(0)	0.000 	0.000 	140 	138 	(2)	45 	51 	6 	0.236 				-	-		-	-		-	-		-	-		2.3 	1.3 	9.7 	9.5 	5.0 	4.4 	0.0 	5.1 	4.0 	4.5 	4.5 	4.9 	4.1 	4.5 	3.9 	4.4 	4.8 		RB54	RB57	RB19	RB25	RB42	RB43	-	RB41	RB49	RB43	RB37	RB48	RB47	RB48	RB52	RB50	RB48		RB49	4.5 	0.0 	0.0 	26.4 	0.3 	0.2 	2.3 	0.0 	49 	0.211 	1.000 	0.405 	(0)	0.000 	0.000 	159 	0.214 		54 		-	-		-	-		-	-		-	-		RB33	5.7 	0.0 	0.0 	79.3 	0.9 	0.7 	6.9 	0.0 	33 	0.205 	1.000 	0.607 	(0)	0.000 	0.000 	#N/A	0.304 		22.8 		-	-		-	-		-	-		-	-					Jacksonville Jaguars	Cleveland Browns	0 	0.0 	23 	0.0 	0.0 	0 	0.0 	0.0 	0.0 	0.0 	0.0 	2.3 	RB54		Jacksonville Jaguars	Denver Broncos	0 	0.0 	13 	0.0 	0.0 	0 	0.0 	0.0 	0.0 	0.0 	0.0 	1.3 	RB57		Jacksonville Jaguars	New England Patriots	0 	0.0 	37 	1.0 	0.0 	0 	0.0 	0.0 	0.0 	0.0 	0.0 	9.7 	RB19		Jacksonville Jaguars	Cincinnati Bengals	0 	0.0 	35 	1.0 	0.0 	0 	0.0 	0.0 	0.0 	0.0 	0.0 	9.5 	RB25		Jacksonville Jaguars	Philadelphia Eagles	0 	0.0 	29 	0.3 	0.2 	2 	0.0 	0.0 	0.1 	0.0 	0.0 	5.0 	RB42		Jacksonville Jaguars	Houston Texans	0 	0.0 	26 	0.3 	0.2 	2 	0.0 	0.0 	0.1 	0.0 	0.0 	4.4 	RB43		Jacksonville Jaguars	BYE	0 	0.0 	0 	0.0 	0.0 	0 	0.0 	0.0 	0.0 	0.0 	0.0 	0.0 	-		Jacksonville Jaguars	Indianapolis Colts	0 	0.0 	29 	0.3 	0.2 	2 	0.0 	0.0 	0.1 	0.0 	0.0 	5.1 	RB41		Jacksonville Jaguars	Baltimore Ravens	0 	0.0 	24 	0.3 	0.2 	2 	0.0 	0.0 	0.1 	0.0 	0.0 	4.0 	RB49		Jacksonville Jaguars	Tennessee Titans	0 	0.0 	27 	0.3 	0.2 	2 	0.0 	0.0 	0.1 	0.0 	0.0 	4.5 	RB43		Jacksonville Jaguars	New York Giants	0 	0.0 	27 	0.3 	0.2 	2 	0.0 	0.0 	0.1 	0.0 	0.0 	4.5 	RB37		Jacksonville Jaguars	Tennessee Titans	0 	0.0 	28 	0.3 	0.2 	2 	0.0 	0.0 	0.1 	0.0 	0.0 	4.9 	RB48		Jacksonville Jaguars	Chicago Bears	0 	0.0 	25 	0.3 	0.2 	2 	0.0 	0.0 	0.1 	0.0 	0.0 	4.1 	RB47		Jacksonville Jaguars	Pittsburgh Steelers	0 	0.0 	26 	0.3 	0.2 	2 	0.0 	0.0 	0.1 	0.0 	0.0 	4.5 	RB48		Jacksonville Jaguars	Houston Texans	0 	0.0 	24 	0.2 	0.2 	2 	0.0 	0.0 	0.1 	0.0 	0.0 	3.9 	RB52		Jacksonville Jaguars	Dallas Cowboys	0 	0.0 	25 	0.3 	0.2 	2 	0.0 	0.0 	0.1 	0.0 	0.0 	4.4 	RB50		Jacksonville Jaguars	Washington Commanders	0 	0.0 	27 	0.3 	0.2 	2 	0.0 	0.0 	0.1 	0.0 	0.0 	4.8 	RB48		Actual	Actual	Actual	Actual	Forecast	Forecast	Forecast	Forecast	Forecast	Forecast	Forecast	Forecast	Forecast	Forecast	Forecast	Forecast	Forecast		Healthy	Healthy	Healthy	Healthy	Healthy	Healthy	Healthy	Healthy	Healthy	Healthy	Healthy	Healthy	Healthy	Healthy	Healthy	Healthy	Healthy		Week 5 2026	10/9/2026	4:29:22 PM	16		1%	0%	22%	33%	0%	0%		(0.1)	0	0	0	0	0	(0.090036)
	Mack Hollins	New England Patriots	WR	WR72	4.6 	64 	0 	0.0 	0.0 	0.0 	0 	0.0 	0.0 	0.0 	39.4 	2.8 	531 	37.9 	1.9 	0.1 	0.0 	0.1 	0.0 	0.174 	1.000 	0.280 	(0)	0.000 	0.000 	184 	0 	(184)	72 	0 	(72)	0.152 				-	-		-	-		-	-		-	-		5.1 	1.8 	8.7 	5.3 	0.0 	0.0 	4.4 	4.4 	4.4 	4.4 	0.0 	4.3 	4.5 	4.3 	4.2 	4.1 	4.2 		WR42	WR71	WR29	WR44	-	-	WR61	WR65	WR67	WR61	-	WR75	WR65	WR71	WR74	WR74	WR73		WR77	4.3 	0.0 	0.0 	0.0 	0.0 	2.4 	32.2 	0.2 	77 	0.169 	1.000 	0.230 	(0)	0.000 	0.000 	200 	0.129 		43 		-	-		-	-		-	-		-	-		WR54	5.2 	0.0 	0.0 	0.0 	0.0 	6.1 	80.6 	0.5 	54 	0.188 	1.000 	0.460 	(0)	0.000 	0.000 	#N/A	0.235 		20.9 		-	-		-	-		-	-		-	-					New England Patriots	Seattle Seahawks	0 	0.0 	0 	0.0 	4.0 	51 	0.0 	0.0 	0.0 	0.0 	0.0 	5.1 	WR42		New England Patriots	Pittsburgh Steelers	0 	0.0 	0 	0.0 	2.0 	18 	0.0 	0.0 	0.0 	0.0 	0.0 	1.8 	WR71		New England Patriots	Jacksonville Jaguars	0 	0.0 	0 	0.0 	6.0 	87 	0.0 	0.0 	0.0 	0.0 	0.0 	8.7 	WR29		New England Patriots	Buffalo Bills	0 	0.0 	0 	0.0 	3.0 	53 	0.0 	0.0 	0.0 	0.0 	0.0 	5.3 	WR44		New England Patriots	Las Vegas Raiders	0 	0.0 	0 	0.0 	0.0 	0 	0.0 	0.0 	0.0 	0.0 	0.0 	0.0 	-		New England Patriots	New York Jets	0 	0.0 	0 	0.0 	0.0 	0 	0.0 	0.0 	0.0 	0.0 	0.0 	0.0 	-		New England Patriots	Chicago Bears	0 	0.0 	0 	0.0 	2.5 	33 	0.2 	0.0 	0.0 	0.0 	0.0 	4.4 	WR61		New England Patriots	Miami Dolphins	0 	0.0 	0 	0.0 	2.4 	32 	0.2 	0.0 	0.0 	0.0 	0.0 	4.4 	WR65		New England Patriots	Green Bay Packers	0 	0.0 	0 	0.0 	2.5 	33 	0.2 	0.0 	0.0 	0.0 	0.0 	4.4 	WR67		New England Patriots	Detroit Lions	0 	0.0 	0 	0.0 	2.5 	33 	0.2 	0.0 	0.0 	0.0 	0.0 	4.4 	WR61		New England Patriots	BYE	0 	0.0 	0 	0.0 	0.0 	0 	0.0 	0.0 	0.0 	0.0 	0.0 	0.0 	-		New England Patriots	Los Angeles Chargers	0 	0.0 	0 	0.0 	2.4 	32 	0.2 	0.0 	0.0 	0.0 	0.0 	4.3 	WR75		New England Patriots	Buffalo Bills	0 	0.0 	0 	0.0 	2.5 	33 	0.2 	0.0 	0.0 	0.0 	0.0 	4.5 	WR65		New England Patriots	Minnesota Vikings	0 	0.0 	0 	0.0 	2.4 	32 	0.2 	0.0 	0.0 	0.0 	0.0 	4.3 	WR71		New England Patriots	Kansas City Chiefs	0 	0.0 	0 	0.0 	2.4 	32 	0.2 	0.0 	0.0 	0.0 	0.0 	4.2 	WR74		New England Patriots	New York Jets	0 	0.0 	0 	0.0 	2.3 	31 	0.2 	0.0 	0.0 	0.0 	0.0 	4.1 	WR74		New England Patriots	Denver Broncos	0 	0.0 	0 	0.0 	2.4 	32 	0.2 	0.0 	0.0 	0.0 	0.0 	4.2 	WR73		Actual	Actual	Actual	Actual	Forecast	Forecast	Forecast	Forecast	Forecast	Forecast	Forecast	Forecast	Forecast	Forecast	Forecast	Forecast	Forecast		Healthy	Healthy	Healthy	Healthy	Injured	Healthy	Healthy	Healthy	Healthy	Healthy	Healthy	Healthy	Healthy	Healthy	Healthy	Healthy	Healthy		Week 5 2026	10/9/2026	4:29:22 PM	16		14%	12%	0%	0%	0%	0%		(0.1)	0	0	0	1	0	
	Sam Darnold	Seattle Seahawks	QB	QB25	15.3 	230 	3,436 	229.1 	26.6 	1.8 	66 	4.4 	0.4 	0.0 	0.0 	0.0 	0 	0.0 	0.0 	0.0 	10.7 	0.9 	0.0 	0.624 	0.460 	0.172 	0 	0.194 	0.000 	166 	169 	3 	26 	22 	(4)	0.182 																0.5 	0.0 	27.8 	13.3 	16.0 	14.6 	15.6 	16.1 	16.9 	15.4 	0.0 	15.5 	16.3 	16.0 	14.5 	15.8 	15.2 		QB34	-	QB2	QB18	QB10	QB21	QB17	QB12	QB11	QB18	-	QB23	QB11	QB19	QB28	QB18	QB19		QB17	15.7 	239.7 	1.7 	4.6 	0.0 	0.0 	0.0 	0.0 	17 	0.733 	0.460 	0.292 	1 	0.421 	0.000 	101 	0.353 		188 		-	-		-	-		-	-		-	-		QB26	13.9 	958.7 	6.9 	18.3 	0.1 	0.0 	0.0 	0.0 	26 	0.374 	0.460 	0.172 	(0)	0.000 	0.000 	#N/A	0.091 		41.6 		-	-		-	-		-	-		-	-					Seattle Seahawks	New England Patriots	13 	0.0 	0 	0.0 	0.0 	0 	0.0 	0.0 	0.0 	0.0 	0.0 	0.5 	QB34		Seattle Seahawks	Arizona Cardinals	0 	0.0 	0 	0.0 	0.0 	0 	0.0 	0.0 	0.0 	0.0 	0.0 	0.0 	-		Seattle Seahawks	Washington Commanders	379 	4.0 	5 	0.0 	0.0 	0 	0.0 	1.9 	0.0 	0.0 	0.0 	27.8 	QB2		Seattle Seahawks	Los Angeles Chargers	168 	2.0 	6 	0.0 	0.0 	0 	0.0 	1.0 	0.0 	0.0 	0.0 	13.3 	QB18		Seattle Seahawks	San Francisco 49ers	242 	1.7 	5 	0.1 	0.0 	0 	0.0 	0.6 	0.1 	0.0 	0.0 	16.0 	QB10		Seattle Seahawks	Denver Broncos	233 	1.6 	4 	0.0 	0.0 	0 	0.0 	0.6 	0.1 	0.0 	0.0 	14.6 	QB21		Seattle Seahawks	Kansas City Chiefs	242 	1.7 	4 	0.0 	0.0 	0 	0.0 	0.6 	0.1 	0.0 	0.0 	15.6 	QB17		Seattle Seahawks	Chicago Bears	243 	1.8 	5 	0.0 	0.0 	0 	0.0 	0.6 	0.1 	0.0 	0.0 	16.1 	QB12		Seattle Seahawks	Arizona Cardinals	245 	1.9 	5 	0.0 	0.0 	0 	0.0 	0.6 	0.1 	0.0 	0.0 	16.9 	QB11		Seattle Seahawks	Las Vegas Raiders	235 	1.7 	5 	0.0 	0.0 	0 	0.0 	0.6 	0.1 	0.0 	0.0 	15.4 	QB18		Seattle Seahawks	BYE	0 	0.0 	0 	0.0 	0.0 	0 	0.0 	0.0 	0.0 	0.0 	0.0 	0.0 	-		Seattle Seahawks	San Francisco 49ers	241 	1.7 	4 	0.0 	0.0 	0 	0.0 	0.6 	0.1 	0.0 	0.0 	15.5 	QB23		Seattle Seahawks	Dallas Cowboys	245 	1.8 	5 	0.0 	0.0 	0 	0.0 	0.6 	0.1 	0.0 	0.0 	16.3 	QB11		Seattle Seahawks	New York Giants	240 	1.8 	5 	0.0 	0.0 	0 	0.0 	0.6 	0.1 	0.0 	0.0 	16.0 	QB19		Seattle Seahawks	Philadelphia Eagles	234 	1.5 	4 	0.0 	0.0 	0 	0.0 	0.6 	0.1 	0.0 	0.0 	14.5 	QB28		Seattle Seahawks	Los Angeles Rams	243 	1.7 	4 	0.0 	0.0 	0 	0.0 	0.6 	0.1 	0.0 	0.0 	15.8 	QB18		Seattle Seahawks	Carolina Panthers	235 	1.7 	4 	0.0 	0.0 	0 	0.0 	0.6 	0.1 	0.0 	0.0 	15.2 	QB19		Actual	Actual	Actual	Actual	Forecast	Forecast	Forecast	Forecast	Forecast	Forecast	Forecast	Forecast	Forecast	Forecast	Forecast	Forecast	Forecast		Healthy	Injured	Healthy	Healthy	Healthy	Healthy	Healthy	Healthy	Healthy	Healthy	Healthy	Healthy	Healthy	Healthy	Healthy	Healthy	Healthy		Week 5 2026	10/9/2026	4:29:22 PM	16		0%	0%	4%	3%	99%	99%		0.3 	1	0	0	0	0	
	Rashod Bateman	Baltimore Ravens	WR	WR57	5.2 	78 	0 	0.0 	0.0 	0.0 	0 	0.0 	0.0 	0.0 	41.6 	2.8 	584 	38.9 	3.2 	0.2 	0.0 	0.1 	0.0 	0.211 	1.000 	0.430 	(0)	0.000 	0.000 	145 	296 	151 	57 	101 	44 	0.225 				-	-		-	-		-	-		-	-		0.0 	14.8 	3.7 	4.6 	4.3 	4.3 	4.8 	4.7 	4.7 	4.6 	4.5 	4.4 	0.0 	4.5 	4.5 	4.4 	4.7 		-	WR10	WR54	WR48	WR62	WR59	WR53	WR61	WR64	WR58	WR61	WR72	-	WR67	WR70	WR72	WR69		WR67	4.5 	0.0 	0.0 	0.0 	0.0 	2.6 	34.4 	0.2 	67 	0.212 	1.000 	0.330 	(0)	0.000 	0.000 	174 	0.180 		54 		-	-		-	-		-	-		-	-		WR46	7.7 	0.0 	0.0 	0.0 	0.0 	10.2 	137.7 	0.7 	46 	0.207 	1.000 	0.540 	0 	0.031 	0.000 	#N/A	0.287 		23.1 		-	-		-	-		-	-		-	-					Baltimore Ravens	Indianapolis Colts	0 	0.0 	0 	0.0 	0.0 	0 	0.0 	0.0 	0.0 	0.0 	0.0 	0.0 	-		Baltimore Ravens	New Orleans Saints	0 	0.0 	0 	0.0 	7.0 	88 	1.0 	0.0 	0.0 	0.0 	0.0 	14.8 	WR10		Baltimore Ravens	Dallas Cowboys	0 	0.0 	0 	0.0 	2.0 	37 	0.0 	0.0 	0.0 	0.0 	0.0 	3.7 	WR54		Baltimore Ravens	Tennessee Titans	0 	0.0 	0 	0.0 	2.0 	46 	0.0 	0.0 	0.0 	0.0 	0.0 	4.6 	WR48		Baltimore Ravens	Atlanta Falcons	0 	0.0 	0 	0.0 	2.5 	34 	0.2 	0.0 	0.0 	0.0 	0.0 	4.3 	WR62		Baltimore Ravens	Cleveland Browns	0 	0.0 	0 	0.0 	2.5 	33 	0.2 	0.0 	0.0 	0.0 	0.0 	4.3 	WR59		Baltimore Ravens	Cincinnati Bengals	0 	0.0 	0 	0.0 	2.7 	36 	0.2 	0.0 	0.0 	0.0 	0.0 	4.8 	WR53		Baltimore Ravens	Buffalo Bills	0 	0.0 	0 	0.0 	2.6 	35 	0.2 	0.0 	0.0 	0.0 	0.0 	4.7 	WR61		Baltimore Ravens	Jacksonville Jaguars	0 	0.0 	0 	0.0 	2.6 	35 	0.2 	0.0 	0.0 	0.0 	0.0 	4.7 	WR64		Baltimore Ravens	Los Angeles Chargers	0 	0.0 	0 	0.0 	2.6 	35 	0.2 	0.0 	0.0 	0.0 	0.0 	4.6 	WR58		Baltimore Ravens	Carolina Panthers	0 	0.0 	0 	0.0 	2.5 	34 	0.2 	0.0 	0.0 	0.0 	0.0 	4.5 	WR61		Baltimore Ravens	Houston Texans	0 	0.0 	0 	0.0 	2.5 	34 	0.2 	0.0 	0.0 	0.0 	0.0 	4.4 	WR72		Baltimore Ravens	BYE	0 	0.0 	0 	0.0 	0.0 	0 	0.0 	0.0 	0.0 	0.0 	0.0 	0.0 	-		Baltimore Ravens	Tampa Bay Buccaneers	0 	0.0 	0 	0.0 	2.5 	34 	0.2 	0.0 	0.0 	0.0 	0.0 	4.5 	WR67		Baltimore Ravens	Pittsburgh Steelers	0 	0.0 	0 	0.0 	2.6 	34 	0.2 	0.0 	0.0 	0.0 	0.0 	4.5 	WR70		Baltimore Ravens	Cleveland Browns	0 	0.0 	0 	0.0 	2.4 	33 	0.2 	0.0 	0.0 	0.0 	0.0 	4.4 	WR72		Baltimore Ravens	Cincinnati Bengals	0 	0.0 	0 	0.0 	2.6 	35 	0.2 	0.0 	0.0 	0.0 	0.0 	4.7 	WR69		Actual	Actual	Actual	Actual	Forecast	Forecast	Forecast	Forecast	Forecast	Forecast	Forecast	Forecast	Forecast	Forecast	Forecast	Forecast	Forecast		Healthy	Healthy	Healthy	Healthy	Healthy	Healthy	Healthy	Healthy	Healthy	Healthy	Healthy	Healthy	Healthy	Healthy	Healthy	Healthy	Healthy		Week 5 2026	10/9/2026	4:29:22 PM	16		17%	15%	0%	0%	0%	0%		(0.1)	0	0	0	0	0	(0.106259)
	Emmett Johnson	Kansas City Chiefs	RB	RB52	3.8 	61 	0 	0.0 	0.0 	0.0 	240 	15.0 	1.6 	0.1 	26.6 	1.7 	225 	14.1 	0.9 	0.1 	0.0 	0.4 	0.0 	0.165 	1.000 	0.366 	(1)	0.000 	0.000 	161 	136 	(25)	52 	50 	(2)	0.190 				-	-		-	-		-	-		-	-		6.8 	3.5 	1.7 	1.0 	0.0 	4.3 	3.7 	3.6 	4.2 	4.1 	4.5 	3.9 	3.6 	3.9 	4.0 	4.0 	3.7 		RB32	RB42	RB48	RB56	-	RB45	RB44	RB48	RB47	RB46	RB38	RB52	RB49	RB49	RB51	RB52	RB54		RB51	4.0 	0.0 	0.0 	15.3 	0.1 	1.8 	12.6 	0.1 	51 	0.185 	1.000 	0.379 	(1)	0.000 	0.000 	166 	0.198 		48 		-	-		-	-		-	-		-	-		RB48	3.3 	0.0 	0.0 	45.9 	0.4 	5.4 	37.8 	0.2 	48 	0.117 	1.000 	0.417 	(1)	0.000 	0.000 	#N/A	0.205 		13.0 		-	-		-	-		-	-		-	-					Kansas City Chiefs	Denver Broncos	0 	0.0 	24 	0.0 	2.0 	44 	0.0 	0.0 	0.0 	0.0 	0.0 	6.8 	RB32		Kansas City Chiefs	Indianapolis Colts	0 	0.0 	15 	0.0 	2.0 	20 	0.0 	0.0 	0.0 	0.0 	0.0 	3.5 	RB42		Kansas City Chiefs	Miami Dolphins	0 	0.0 	17 	0.0 	0.0 	0 	0.0 	0.0 	0.0 	0.0 	0.0 	1.7 	RB48		Kansas City Chiefs	Las Vegas Raiders	0 	0.0 	0 	0.0 	1.0 	10 	0.0 	0.0 	0.0 	0.0 	0.0 	1.0 	RB56		Kansas City Chiefs	BYE	0 	0.0 	0 	0.0 	0.0 	0 	0.0 	0.0 	0.0 	0.0 	0.0 	0.0 	-		Kansas City Chiefs	Los Angeles Chargers	0 	0.0 	17 	0.2 	1.8 	13 	0.1 	0.0 	0.0 	0.0 	0.0 	4.3 	RB45		Kansas City Chiefs	Seattle Seahawks	0 	0.0 	14 	0.1 	1.8 	12 	0.1 	0.0 	0.0 	0.0 	0.0 	3.7 	RB44		Kansas City Chiefs	Denver Broncos	0 	0.0 	14 	0.1 	1.8 	12 	0.1 	0.0 	0.0 	0.0 	0.0 	3.6 	RB48		Kansas City Chiefs	New York Jets	0 	0.0 	17 	0.2 	1.7 	12 	0.1 	0.0 	0.0 	0.0 	0.0 	4.2 	RB47		Kansas City Chiefs	Atlanta Falcons	0 	0.0 	16 	0.1 	1.8 	13 	0.1 	0.0 	0.0 	0.0 	0.0 	4.1 	RB46		Kansas City Chiefs	Arizona Cardinals	0 	0.0 	18 	0.2 	1.8 	13 	0.1 	0.0 	0.0 	0.0 	0.0 	4.5 	RB38		Kansas City Chiefs	Buffalo Bills	0 	0.0 	15 	0.1 	1.9 	13 	0.1 	0.0 	0.0 	0.0 	0.0 	3.9 	RB52		Kansas City Chiefs	Los Angeles Rams	0 	0.0 	13 	0.1 	1.8 	13 	0.1 	0.0 	0.0 	0.0 	0.0 	3.6 	RB49		Kansas City Chiefs	Cincinnati Bengals	0 	0.0 	14 	0.1 	1.8 	13 	0.1 	0.0 	0.0 	0.0 	0.0 	3.9 	RB49		Kansas City Chiefs	New England Patriots	0 	0.0 	15 	0.1 	1.8 	13 	0.1 	0.0 	0.0 	0.0 	0.0 	4.0 	RB51		Kansas City Chiefs	San Francisco 49ers	0 	0.0 	15 	0.1 	1.8 	13 	0.1 	0.0 	0.0 	0.0 	0.0 	4.0 	RB52		Kansas City Chiefs	Los Angeles Chargers	0 	0.0 	14 	0.1 	1.8 	13 	0.1 	0.0 	0.0 	0.0 	0.0 	3.7 	RB54		Actual	Actual	Actual	Actual	Forecast	Forecast	Forecast	Forecast	Forecast	Forecast	Forecast	Forecast	Forecast	Forecast	Forecast	Forecast	Forecast		Healthy	Healthy	Healthy	Healthy	Healthy	Healthy	Healthy	Healthy	Healthy	Healthy	Healthy	Healthy	Healthy	Healthy	Healthy	Healthy	Healthy		Week 5 2026	10/9/2026	4:29:22 PM	16		6%	5%	11%	13%	0%	0%		(0.0)	0	0	0	0	0	(0.006907)
	Brian Thomas Jr.	Jacksonville Jaguars	WR	WR56	4.8 	78 	0 	0.0 	0.0 	0.0 	0 	0.0 	0.0 	0.0 	40.0 	2.5 	517 	32.3 	4.3 	0.3 	0.0 	0.1 	0.0 	0.211 	1.000 	0.440 	(0)	0.000 	0.000 	143 	85 	(58)	56 	37 	(19)	0.230 				-	-		-	-		-	-		-	-		4.0 	4.0 	0.8 	7.7 	4.9 	5.0 	0.0 	5.3 	5.1 	5.1 	5.1 	5.2 	5.0 	5.1 	4.7 	5.2 	5.3 		WR48	WR41	WR84	WR31	WR51	WR47	-	WR49	WR53	WR49	WR47	WR55	WR55	WR54	WR67	WR56	WR54		WR55	5.1 	0.0 	0.0 	0.0 	0.0 	2.6 	34.4 	0.3 	55 	0.238 	1.000 	0.450 	(0)	0.000 	0.000 	146 	0.238 		61 		-	-		-	-		-	-		-	-		WR72	4.1 	0.0 	0.0 	0.0 	0.0 	7.8 	103.1 	0.8 	72 	0.148 	1.000 	0.280 	(0)	0.000 	0.000 	#N/A	0.148 		16.5 		-	-		-	-		-	-		-	-					Jacksonville Jaguars	Cleveland Browns	0 	0.0 	0 	0.0 	3.0 	40 	0.0 	0.0 	0.0 	0.0 	0.0 	4.0 	WR48		Jacksonville Jaguars	Denver Broncos	0 	0.0 	0 	0.0 	3.0 	40 	0.0 	0.0 	0.0 	0.0 	0.0 	4.0 	WR41		Jacksonville Jaguars	New England Patriots	0 	0.0 	0 	0.0 	1.0 	8 	0.0 	0.0 	0.0 	0.0 	0.0 	0.8 	WR84		Jacksonville Jaguars	Cincinnati Bengals	0 	0.0 	0 	0.0 	2.0 	17 	1.0 	0.0 	0.0 	0.0 	0.0 	7.7 	WR31		Jacksonville Jaguars	Philadelphia Eagles	0 	0.0 	0 	0.0 	2.5 	33 	0.3 	0.0 	0.0 	0.0 	0.0 	4.9 	WR51		Jacksonville Jaguars	Houston Texans	0 	0.0 	0 	0.0 	2.6 	34 	0.3 	0.0 	0.0 	0.0 	0.0 	5.0 	WR47		Jacksonville Jaguars	BYE	0 	0.0 	0 	0.0 	0.0 	0 	0.0 	0.0 	0.0 	0.0 	0.0 	0.0 	-		Jacksonville Jaguars	Indianapolis Colts	0 	0.0 	0 	0.0 	2.6 	35 	0.3 	0.0 	0.0 	0.0 	0.0 	5.3 	WR49		Jacksonville Jaguars	Baltimore Ravens	0 	0.0 	0 	0.0 	2.6 	35 	0.3 	0.0 	0.0 	0.0 	0.0 	5.1 	WR53		Jacksonville Jaguars	Tennessee Titans	0 	0.0 	0 	0.0 	2.6 	34 	0.3 	0.0 	0.0 	0.0 	0.0 	5.1 	WR49		Jacksonville Jaguars	New York Giants	0 	0.0 	0 	0.0 	2.6 	34 	0.3 	0.0 	0.0 	0.0 	0.0 	5.1 	WR47		Jacksonville Jaguars	Tennessee Titans	0 	0.0 	0 	0.0 	2.6 	34 	0.3 	0.0 	0.0 	0.0 	0.0 	5.2 	WR55		Jacksonville Jaguars	Chicago Bears	0 	0.0 	0 	0.0 	2.6 	34 	0.3 	0.0 	0.0 	0.0 	0.0 	5.0 	WR55		Jacksonville Jaguars	Pittsburgh Steelers	0 	0.0 	0 	0.0 	2.6 	34 	0.3 	0.0 	0.0 	0.0 	0.0 	5.1 	WR54		Jacksonville Jaguars	Houston Texans	0 	0.0 	0 	0.0 	2.5 	33 	0.2 	0.0 	0.0 	0.0 	0.0 	4.7 	WR67		Jacksonville Jaguars	Dallas Cowboys	0 	0.0 	0 	0.0 	2.7 	35 	0.3 	0.0 	0.0 	0.0 	0.0 	5.2 	WR56		Jacksonville Jaguars	Washington Commanders	0 	0.0 	0 	0.0 	2.7 	35 	0.3 	0.0 	0.0 	0.0 	0.0 	5.3 	WR54		Actual	Actual	Actual	Actual	Forecast	Forecast	Forecast	Forecast	Forecast	Forecast	Forecast	Forecast	Forecast	Forecast	Forecast	Forecast	Forecast		Healthy	Healthy	Healthy	Healthy	Healthy	Healthy	Healthy	Healthy	Healthy	Healthy	Healthy	Healthy	Healthy	Healthy	Healthy	Healthy	Healthy		Week 5 2026	10/9/2026	4:29:22 PM	16		15%	17%	0%	0%	0%	0%		0.1 	0	0	0	0	0	0.089993 
	Kirk Cousins	Las Vegas Raiders	QB	QB21	15.2 	243 	3,727 	232.9 	28.9 	1.8 	10 	0.6 	0.1 	0.0 	0.0 	0.0 	0 	0.0 	0.0 	0.0 	11.7 	0.9 	0.0 	0.659 	0.460 	0.279 	0 	0.181 	0.000 	141 	233 	92 	18 	31 	13 	0.233 																13.8 	20.2 	22.2 	22.6 	14.1 	15.3 	14.1 	13.1 	13.8 	13.2 	12.9 	12.9 	0.0 	13.5 	13.0 	13.9 	13.9 		QB21	QB10	QB10	QB4	QB21	QB15	QB24	QB27	QB26	QB27	QB25	QB31	-	QB27	QB30	QB28	QB29		QB29	13.6 	225.1 	1.5 	1.0 	0.0 	0.0 	0.0 	0.0 	29 	0.638 	0.460 	0.129 	0 	0.217 	0.000 	179 	0.170 		164 		-	-		-	-		-	-		-	-		QB9	19.7 	675.3 	4.5 	3.0 	0.0 	0.0 	0.0 	0.0 	9 	0.707 	0.460 	0.385 	1 	0.490 	0.000 	#N/A	0.434 		78.8 		-	-		-	-		-	-		-	-					Las Vegas Raiders	Miami Dolphins	160 	3.0 	(6)	0.0 	0.0 	0 	0.0 	2.0 	0.0 	0.0 	0.0 	13.8 	QB21		Las Vegas Raiders	Los Angeles Chargers	253 	3.0 	1 	0.0 	0.0 	0 	0.0 	1.0 	0.0 	0.0 	0.0 	20.2 	QB10		Las Vegas Raiders	New Orleans Saints	248 	3.0 	3 	0.0 	0.0 	0 	0.0 	0.0 	0.0 	0.0 	0.0 	22.2 	QB10		Las Vegas Raiders	Kansas City Chiefs	365 	2.0 	0 	0.0 	0.0 	0 	0.0 	1.0 	0.0 	0.0 	1.0 	22.6 	QB4		Las Vegas Raiders	New England Patriots	229 	1.6 	1 	0.0 	0.0 	0 	0.0 	0.6 	0.1 	0.0 	0.0 	14.1 	QB21		Las Vegas Raiders	Buffalo Bills	239 	1.8 	1 	0.0 	0.0 	0 	0.0 	0.6 	0.1 	0.0 	0.0 	15.3 	QB15		Las Vegas Raiders	Los Angeles Rams	233 	1.5 	1 	0.0 	0.0 	0 	0.0 	0.6 	0.1 	0.0 	0.0 	14.1 	QB24		Las Vegas Raiders	New York Jets	218 	1.4 	1 	0.0 	0.0 	0 	0.0 	0.6 	0.1 	0.0 	0.0 	13.1 	QB27		Las Vegas Raiders	San Francisco 49ers	231 	1.5 	1 	0.0 	0.0 	0 	0.0 	0.6 	0.1 	0.0 	0.0 	13.8 	QB26		Las Vegas Raiders	Seattle Seahawks	223 	1.4 	1 	0.0 	0.0 	0 	0.0 	0.6 	0.1 	0.0 	0.0 	13.2 	QB27		Las Vegas Raiders	Denver Broncos	222 	1.3 	1 	0.0 	0.0 	0 	0.0 	0.6 	0.1 	0.0 	0.0 	12.9 	QB25		Las Vegas Raiders	Cleveland Browns	216 	1.4 	1 	0.0 	0.0 	0 	0.0 	0.6 	0.1 	0.0 	0.0 	12.9 	QB31		Las Vegas Raiders	BYE	0 	0.0 	0 	0.0 	0.0 	0 	0.0 	0.0 	0.0 	0.0 	0.0 	0.0 	-		Las Vegas Raiders	Los Angeles Chargers	226 	1.5 	1 	0.0 	0.0 	0 	0.0 	0.6 	0.1 	0.0 	0.0 	13.5 	QB27		Las Vegas Raiders	Denver Broncos	219 	1.4 	1 	0.0 	0.0 	0 	0.0 	0.6 	0.1 	0.0 	0.0 	13.0 	QB30		Las Vegas Raiders	Tennessee Titans	223 	1.6 	1 	0.0 	0.0 	0 	0.0 	0.6 	0.1 	0.0 	0.0 	13.9 	QB28		Las Vegas Raiders	Arizona Cardinals	223 	1.6 	1 	0.0 	0.0 	0 	0.0 	0.6 	0.1 	0.0 	0.0 	13.9 	QB29		Actual	Actual	Actual	Actual	Forecast	Forecast	Forecast	Forecast	Forecast	Forecast	Forecast	Forecast	Forecast	Forecast	Forecast	Forecast	Forecast		Healthy	Healthy	Healthy	Healthy	Healthy	Healthy	Healthy	Healthy	Healthy	Healthy	Healthy	Healthy	Healthy	Healthy	Healthy	Healthy	Healthy		Week 5 2026	10/9/2026	4:29:22 PM	16		0%	0%	1%	1%	99%	99%		(0.3)	0	0	0	0	0	(0.263944)
	Kenny Gainwell	Tampa Bay Buccaneers	RB	RB56	3.4 	54 	0 	0.0 	0.0 	0.0 	150 	9.4 	0.9 	0.1 	36.0 	2.2 	206 	12.9 	2.3 	0.1 	0.0 	0.4 	0.0 	0.147 	1.000 	0.315 	(1)	0.000 	0.000 	176 	89 	(87)	56 	36 	(20)	0.164 				-	-		-	-		-	-		-	-		1.8 	1.5 	1.0 	8.7 	3.1 	3.0 	3.5 	3.7 	3.4 	0.0 	3.4 	3.6 	3.4 	3.3 	3.6 	3.5 	3.4 		RB56	RB55	RB57	RB28	RB50	RB49	RB45	RB46	RB51	-	RB43	RB54	RB52	RB52	RB53	RB54	RB56		RB56	3.4 	0.0 	0.0 	10.4 	0.1 	2.3 	13.5 	0.1 	56 	0.160 	1.000 	0.315 	(1)	0.000 	0.000 	181 	0.166 		41 		-	-		-	-		-	-		-	-		RB48	3.3 	0.0 	0.0 	31.1 	0.2 	7.0 	40.6 	0.3 	48 	0.117 	1.000 	0.417 	(1)	0.000 	0.000 	#N/A	0.205 		13.0 		-	-		-	-		-	-		-	-					Tampa Bay Buccaneers	Cincinnati Bengals	0 	0.0 	15 	0.0 	1.0 	3 	0.0 	0.0 	0.0 	0.0 	0.0 	1.8 	RB56		Tampa Bay Buccaneers	Cleveland Browns	0 	0.0 	10 	0.0 	3.0 	5 	0.0 	0.0 	0.0 	0.0 	0.0 	1.5 	RB55		Tampa Bay Buccaneers	Minnesota Vikings	0 	0.0 	(4)	0.0 	2.0 	14 	0.0 	0.0 	0.0 	0.0 	0.0 	1.0 	RB57		Tampa Bay Buccaneers	Green Bay Packers	0 	0.0 	5 	0.0 	2.0 	22 	1.0 	0.0 	0.0 	0.0 	0.0 	8.7 	RB28		Tampa Bay Buccaneers	Dallas Cowboys	0 	0.0 	9 	0.1 	2.4 	14 	0.1 	0.0 	0.0 	0.0 	0.0 	3.1 	RB50		Tampa Bay Buccaneers	Pittsburgh Steelers	0 	0.0 	10 	0.1 	2.2 	13 	0.1 	0.0 	0.0 	0.0 	0.0 	3.0 	RB49		Tampa Bay Buccaneers	Carolina Panthers	0 	0.0 	11 	0.1 	2.3 	13 	0.1 	0.0 	0.0 	0.0 	0.0 	3.5 	RB45		Tampa Bay Buccaneers	Atlanta Falcons	0 	0.0 	12 	0.1 	2.3 	14 	0.1 	0.0 	0.0 	0.0 	0.0 	3.7 	RB46		Tampa Bay Buccaneers	Chicago Bears	0 	0.0 	10 	0.1 	2.4 	14 	0.1 	0.0 	0.0 	0.0 	0.0 	3.4 	RB51		Tampa Bay Buccaneers	BYE	0 	0.0 	0 	0.0 	0.0 	0 	0.0 	0.0 	0.0 	0.0 	0.0 	0.0 	-		Tampa Bay Buccaneers	Detroit Lions	0 	0.0 	10 	0.1 	2.4 	14 	0.1 	0.0 	0.0 	0.0 	0.0 	3.4 	RB43		Tampa Bay Buccaneers	Carolina Panthers	0 	0.0 	11 	0.1 	2.3 	14 	0.1 	0.0 	0.0 	0.0 	0.0 	3.6 	RB54		Tampa Bay Buccaneers	Los Angeles Chargers	0 	0.0 	10 	0.1 	2.3 	13 	0.1 	0.0 	0.0 	0.0 	0.0 	3.4 	RB52		Tampa Bay Buccaneers	Baltimore Ravens	0 	0.0 	9 	0.1 	2.4 	14 	0.1 	0.0 	0.0 	0.0 	0.0 	3.3 	RB52		Tampa Bay Buccaneers	New Orleans Saints	0 	0.0 	11 	0.1 	2.4 	14 	0.1 	0.0 	0.0 	0.0 	0.0 	3.6 	RB53		Tampa Bay Buccaneers	Atlanta Falcons	0 	0.0 	11 	0.1 	2.3 	13 	0.1 	0.0 	0.0 	0.0 	0.0 	3.5 	RB54		Tampa Bay Buccaneers	Los Angeles Rams	0 	0.0 	10 	0.1 	2.4 	14 	0.1 	0.0 	0.0 	0.0 	0.0 	3.4 	RB56		Actual	Actual	Actual	Actual	Forecast	Forecast	Forecast	Forecast	Forecast	Forecast	Forecast	Forecast	Forecast	Forecast	Forecast	Forecast	Forecast		Healthy	Healthy	Healthy	Healthy	Healthy	Healthy	Healthy	Healthy	Healthy	Healthy	Healthy	Healthy	Healthy	Healthy	Healthy	Healthy	Healthy		Week 5 2026	10/9/2026	4:29:22 PM	16		6%	7%	9%	9%	0%	0%		(0.0)	0	0	0	0	0	(0.039533)
	Drew Lock	Seattle Seahawks	QB	QB24	17.1 	34 	422 	211.0 	4.0 	2.0 	13 	6.5 	0.0 	0.0 	0.0 	0.0 	0 	0.0 	0.0 	0.0 	0.0 	0.0 	0.0 	0.093 	0.460 	0.040 	1 	0.351 	0.000 	164 	0 	(164)	35 	0 	(35)	0.186 																12.8 	21.4 	0.0 	0.0 	0.0 	0.0 	0.0 	0.0 	0.0 	0.0 	0.0 	0.0 	0.0 	0.0 	0.0 	0.0 	0.0 		QB23	QB9	-	-	-	-	-	-	-	-	-	-	-	-	-	-	-		QB38	0.0 	0.0 	0.0 	0.0 	0.0 	0.0 	0.0 	0.0 	43 	0.000 	0.460 	0.000 	(2)	0.000 	0.000 	270 	0.000 		0 		-	-		-	-		-	-		-	-		QB30	17.1 	0.0 	0.0 	0.0 	0.0 	0.0 	0.0 	0.0 	30 	0.307 	0.460 	0.114 	(0)	0.000 	0.000 	#N/A	0.061 		34.2 		-	-		-	-		-	-		-	-					Seattle Seahawks	New England Patriots	187 	1.0 	13 	0.0 	0.0 	0 	0.0 	0.0 	0.0 	0.0 	0.0 	12.8 	QB23		Seattle Seahawks	Arizona Cardinals	235 	3.0 	0 	0.0 	0.0 	0 	0.0 	0.0 	0.0 	0.0 	0.0 	21.4 	QB9		Seattle Seahawks	Washington Commanders	0 	0.0 	0 	0.0 	0.0 	0 	0.0 	0.0 	0.0 	0.0 	0.0 	0.0 	-		Seattle Seahawks	Los Angeles Chargers	0 	0.0 	0 	0.0 	0.0 	0 	0.0 	0.0 	0.0 	0.0 	0.0 	0.0 	-		Seattle Seahawks	San Francisco 49ers	0 	0.0 	0 	0.0 	0.0 	0 	0.0 	0.0 	0.0 	0.0 	0.0 	0.0 	-		Seattle Seahawks	Denver Broncos	0 	0.0 	0 	0.0 	0.0 	0 	0.0 	0.0 	0.0 	0.0 	0.0 	0.0 	-		Seattle Seahawks	Kansas City Chiefs	0 	0.0 	0 	0.0 	0.0 	0 	0.0 	0.0 	0.0 	0.0 	0.0 	0.0 	-		Seattle Seahawks	Chicago Bears	0 	0.0 	0 	0.0 	0.0 	0 	0.0 	0.0 	0.0 	0.0 	0.0 	0.0 	-		Seattle Seahawks	Arizona Cardinals	0 	0.0 	0 	0.0 	0.0 	0 	0.0 	0.0 	0.0 	0.0 	0.0 	0.0 	-		Seattle Seahawks	Las Vegas Raiders	0 	0.0 	0 	0.0 	0.0 	0 	0.0 	0.0 	0.0 	0.0 	0.0 	0.0 	-		Seattle Seahawks	BYE	0 	0.0 	0 	0.0 	0.0 	0 	0.0 	0.0 	0.0 	0.0 	0.0 	0.0 	-		Seattle Seahawks	San Francisco 49ers	0 	0.0 	0 	0.0 	0.0 	0 	0.0 	0.0 	0.0 	0.0 	0.0 	0.0 	-		Seattle Seahawks	Dallas Cowboys	0 	0.0 	0 	0.0 	0.0 	0 	0.0 	0.0 	0.0 	0.0 	0.0 	0.0 	-		Seattle Seahawks	New York Giants	0 	0.0 	0 	0.0 	0.0 	0 	0.0 	0.0 	0.0 	0.0 	0.0 	0.0 	-		Seattle Seahawks	Philadelphia Eagles	0 	0.0 	0 	0.0 	0.0 	0 	0.0 	0.0 	0.0 	0.0 	0.0 	0.0 	-		Seattle Seahawks	Los Angeles Rams	0 	0.0 	0 	0.0 	0.0 	0 	0.0 	0.0 	0.0 	0.0 	0.0 	0.0 	-		Seattle Seahawks	Carolina Panthers	0 	0.0 	0 	0.0 	0.0 	0 	0.0 	0.0 	0.0 	0.0 	0.0 	0.0 	-		Actual	Actual	Actual	Actual	Forecast	Forecast	Forecast	Forecast	Forecast	Forecast	Forecast	Forecast	Forecast	Forecast	Forecast	Forecast	Forecast		Healthy	Healthy	Healthy	Healthy	Healthy	Healthy	Healthy	Healthy	Healthy	Healthy	Healthy	Healthy	Healthy	Healthy	Healthy	Healthy	Healthy		Week 5 2026	10/9/2026	4:29:22 PM	16		0%	0%	0%	0%	0%	0%		(0.1)	0	0	0	0	0	(0.060578)
	Antonio Williams	Washington Commanders	WR	WR61	4.7 	75 	0 	0.0 	0.0 	0.0 	0 	0.0 	0.0 	0.0 	48.8 	3.0 	547 	34.2 	3.4 	0.2 	0.0 	0.1 	0.0 	0.204 	1.000 	0.390 	(0)	0.000 	0.000 	155 	234 	79 	61 	76 	15 	0.206 				-	-		-	-		-	-		-	-		12.4 	2.4 	1.5 	2.1 	6.2 	4.7 	0.0 	4.5 	4.7 	4.5 	4.8 	4.6 	4.5 	4.4 	4.6 	4.4 	4.6 		WR14	WR65	WR77	WR64	WR41	WR55	-	WR64	WR63	WR59	WR53	WR69	WR64	WR69	WR69	WR71	WR71		WR62	4.7 	0.0 	0.0 	0.0 	0.0 	3.1 	35.3 	0.2 	62 	0.220 	1.000 	0.380 	(0)	0.000 	0.000 	164 	0.204 		57 		-	-		-	-		-	-		-	-		WR65	4.6 	0.0 	0.0 	0.0 	0.0 	9.2 	105.8 	0.6 	65 	0.165 	1.000 	0.350 	(0)	0.000 	0.000 	#N/A	0.182 		18.4 		-	-		-	-		-	-		-	-					Washington Commanders	Philadelphia Eagles	0 	0.0 	0 	0.0 	4.0 	64 	1.0 	0.0 	0.0 	0.0 	0.0 	12.4 	WR14		Washington Commanders	Dallas Cowboys	0 	0.0 	0 	0.0 	3.0 	24 	0.0 	0.0 	0.0 	0.0 	0.0 	2.4 	WR65		Washington Commanders	Seattle Seahawks	0 	0.0 	0 	0.0 	2.0 	15 	0.0 	0.0 	0.0 	0.0 	0.0 	1.5 	WR77		Washington Commanders	Indianapolis Colts	0 	0.0 	0 	0.0 	3.0 	21 	0.0 	0.0 	0.0 	0.0 	0.0 	2.1 	WR64		Washington Commanders	New York Giants	0 	0.0 	0 	0.0 	3.9 	45 	0.3 	0.0 	0.0 	0.0 	0.0 	6.2 	WR41		Washington Commanders	San Francisco 49ers	0 	0.0 	0 	0.0 	3.1 	36 	0.2 	0.0 	0.0 	0.0 	0.0 	4.7 	WR55		Washington Commanders	BYE	0 	0.0 	0 	0.0 	0.0 	0 	0.0 	0.0 	0.0 	0.0 	0.0 	0.0 	-		Washington Commanders	Philadelphia Eagles	0 	0.0 	0 	0.0 	2.9 	34 	0.2 	0.0 	0.0 	0.0 	0.0 	4.5 	WR64		Washington Commanders	Los Angeles Rams	0 	0.0 	0 	0.0 	3.1 	35 	0.2 	0.0 	0.0 	0.0 	0.0 	4.7 	WR63		Washington Commanders	New York Giants	0 	0.0 	0 	0.0 	3.0 	34 	0.2 	0.0 	0.0 	0.0 	0.0 	4.5 	WR59		Washington Commanders	Cincinnati Bengals	0 	0.0 	0 	0.0 	3.1 	36 	0.2 	0.0 	0.0 	0.0 	0.0 	4.8 	WR53		Washington Commanders	Arizona Cardinals	0 	0.0 	0 	0.0 	3.0 	34 	0.2 	0.0 	0.0 	0.0 	0.0 	4.6 	WR69		Washington Commanders	Tennessee Titans	0 	0.0 	0 	0.0 	2.9 	34 	0.2 	0.0 	0.0 	0.0 	0.0 	4.5 	WR64		Washington Commanders	Houston Texans	0 	0.0 	0 	0.0 	2.9 	33 	0.2 	0.0 	0.0 	0.0 	0.0 	4.4 	WR69		Washington Commanders	Atlanta Falcons	0 	0.0 	0 	0.0 	3.0 	34 	0.2 	0.0 	0.0 	0.0 	0.0 	4.6 	WR69		Washington Commanders	Minnesota Vikings	0 	0.0 	0 	0.0 	2.9 	34 	0.2 	0.0 	0.0 	0.0 	0.0 	4.4 	WR71		Washington Commanders	Jacksonville Jaguars	0 	0.0 	0 	0.0 	3.0 	35 	0.2 	0.0 	0.0 	0.0 	0.0 	4.6 	WR71		Actual	Actual	Actual	Actual	Forecast	Forecast	Forecast	Forecast	Forecast	Forecast	Forecast	Forecast	Forecast	Forecast	Forecast	Forecast	Forecast		Healthy	Healthy	Healthy	Healthy	Healthy	Healthy	Healthy	Healthy	Healthy	Healthy	Healthy	Healthy	Healthy	Healthy	Healthy	Healthy	Healthy		Week 5 2026	10/9/2026	4:29:22 PM	16		16%	13%	0%	0%	0%	0%		0.0 	0	0	0	0	0	0.021809 
	Raheim Sanders	Cleveland Browns	RB	RB57	3.3 	52 	0 	0.0 	0.0 	0.0 	135 	8.5 	0.7 	0.0 	36.9 	2.3 	288 	18.0 	1.0 	0.1 	0.0 	0.3 	0.0 	0.142 	1.000 	0.302 	(1)	0.000 	0.000 	180 	0 	(180)	57 	0 	(57)	0.157 																2.6 	1.1 	5.1 	1.6 	3.4 	3.5 	3.5 	3.3 	3.5 	3.3 	0.0 	3.6 	3.6 	3.7 	3.4 	3.2 	3.6 		RB52	RB58	RB36	RB53	RB48	RB48	RB47	RB50	RB50	RB48	-	RB53	RB50	RB50	RB56	RB56	RB55		RB55	3.5 	0.0 	0.0 	8.7 	0.1 	2.2 	17.9 	0.1 	55 	0.163 	1.000 	0.328 	(1)	0.000 	0.000 	177 	0.172 		42 		-	-		-	-		-	-		-	-		RB58	2.6 	0.0 	0.0 	26.1 	0.2 	6.7 	53.8 	0.2 	58 	0.093 	1.000 	0.289 	(1)	0.000 	0.000 	#N/A	0.144 		10.4 		-	-		-	-		-	-		-	-					Cleveland Browns	Jacksonville Jaguars	0 	0.0 	1 	0.0 	3.0 	25 	0.0 	0.0 	0.0 	0.0 	0.0 	2.6 	RB52		Cleveland Browns	Tampa Bay Buccaneers	0 	0.0 	4 	0.0 	1.0 	7 	0.0 	0.0 	0.0 	0.0 	0.0 	1.1 	RB58		Cleveland Browns	Carolina Panthers	0 	0.0 	17 	0.0 	4.0 	34 	0.0 	0.0 	0.0 	0.0 	0.0 	5.1 	RB36		Cleveland Browns	Pittsburgh Steelers	0 	0.0 	9 	0.0 	2.0 	7 	0.0 	0.0 	0.0 	0.0 	0.0 	1.6 	RB53		Cleveland Browns	New York Jets	0 	0.0 	9 	0.1 	2.2 	18 	0.1 	0.0 	0.0 	0.0 	0.0 	3.4 	RB48		Cleveland Browns	Baltimore Ravens	0 	0.0 	9 	0.1 	2.2 	18 	0.1 	0.0 	0.0 	0.0 	0.0 	3.5 	RB48		Cleveland Browns	Tennessee Titans	0 	0.0 	9 	0.1 	2.2 	18 	0.1 	0.0 	0.0 	0.0 	0.0 	3.5 	RB47		Cleveland Browns	Pittsburgh Steelers	0 	0.0 	8 	0.1 	2.2 	18 	0.1 	0.0 	0.0 	0.0 	0.0 	3.3 	RB50		Cleveland Browns	New Orleans Saints	0 	0.0 	9 	0.1 	2.3 	18 	0.1 	0.0 	0.0 	0.0 	0.0 	3.5 	RB50		Cleveland Browns	Houston Texans	0 	0.0 	8 	0.1 	2.2 	17 	0.1 	0.0 	0.0 	0.0 	0.0 	3.3 	RB48		Cleveland Browns	BYE	0 	0.0 	0 	0.0 	0.0 	0 	0.0 	0.0 	0.0 	0.0 	0.0 	0.0 	-		Cleveland Browns	Las Vegas Raiders	0 	0.0 	10 	0.1 	2.2 	18 	0.1 	0.0 	0.0 	0.0 	0.0 	3.6 	RB53		Cleveland Browns	Cincinnati Bengals	0 	0.0 	9 	0.1 	2.3 	19 	0.1 	0.0 	0.0 	0.0 	0.0 	3.6 	RB50		Cleveland Browns	Atlanta Falcons	0 	0.0 	10 	0.1 	2.2 	18 	0.1 	0.0 	0.0 	0.0 	0.0 	3.7 	RB50		Cleveland Browns	New York Giants	0 	0.0 	8 	0.1 	2.2 	18 	0.1 	0.0 	0.0 	0.0 	0.0 	3.4 	RB56		Cleveland Browns	Baltimore Ravens	0 	0.0 	7 	0.0 	2.3 	18 	0.1 	0.0 	0.0 	0.0 	0.0 	3.2 	RB56		Cleveland Browns	Indianapolis Colts	0 	0.0 	9 	0.1 	2.3 	18 	0.1 	0.0 	0.0 	0.0 	0.0 	3.6 	RB55		Actual	Actual	Actual	Actual	Forecast	Forecast	Forecast	Forecast	Forecast	Forecast	Forecast	Forecast	Forecast	Forecast	Forecast	Forecast	Forecast		Healthy	Injured	Healthy	Healthy	Healthy	Healthy	Healthy	Healthy	Healthy	Healthy	Healthy	Healthy	Healthy	Healthy	Healthy	Healthy	Healthy		Week 5 2026	10/9/2026	4:29:22 PM	16		8%	6%	9%	10%	0%	0%		0.0 	1	0	0	0	0	
	Khalil Shakir	Buffalo Bills	WR	WR65	4.5 	71 	0 	0.0 	0.0 	0.0 	17 	1.1 	0.0 	0.0 	49.9 	3.1 	573 	35.8 	2.4 	0.2 	0.0 	1.1 	0.0 	0.194 	1.000 	0.350 	(0)	0.000 	0.000 	163 	141 	(22)	65 	51 	(14)	0.187 				-	-		-	-		-	-		-	-		5.0 	3.8 	0.6 	6.2 	4.8 	4.8 	0.0 	4.8 	4.7 	4.5 	4.7 	4.7 	4.5 	4.6 	4.8 	4.5 	4.6 		WR43	WR45	WR86	WR42	WR53	WR52	-	WR60	WR65	WR60	WR59	WR65	WR63	WR66	WR65	WR70	WR70		WR65	4.7 	0.0 	0.0 	1.4 	0.0 	2.9 	33.1 	0.2 	65 	0.218 	1.000 	0.350 	(0)	0.000 	0.000 	170 	0.190 		56 		-	-		-	-		-	-		-	-		WR75	3.9 	0.0 	0.0 	4.3 	0.0 	8.7 	99.3 	0.6 	75 	0.140 	1.000 	0.250 	(0)	0.000 	0.000 	#N/A	0.133 		15.6 		-	-		-	-		-	-		-	-					Buffalo Bills	Houston Texans	0 	0.0 	0 	0.0 	4.0 	50 	0.0 	0.0 	0.0 	0.0 	0.0 	5.0 	WR43		Buffalo Bills	Detroit Lions	0 	0.0 	0 	0.0 	3.0 	38 	0.0 	0.0 	0.0 	0.0 	0.0 	3.8 	WR45		Buffalo Bills	Los Angeles Chargers	0 	0.0 	0 	0.0 	1.0 	6 	0.0 	0.0 	0.0 	0.0 	0.0 	0.6 	WR86		Buffalo Bills	New England Patriots	0 	0.0 	0 	0.0 	7.0 	82 	0.0 	0.0 	1.0 	0.0 	0.0 	6.2 	WR42		Buffalo Bills	Los Angeles Rams	0 	0.0 	1 	0.0 	3.0 	34 	0.2 	0.0 	0.0 	0.0 	0.0 	4.8 	WR53		Buffalo Bills	Las Vegas Raiders	0 	0.0 	1 	0.0 	2.9 	34 	0.2 	0.0 	0.0 	0.0 	0.0 	4.8 	WR52		Buffalo Bills	BYE	0 	0.0 	0 	0.0 	0.0 	0 	0.0 	0.0 	0.0 	0.0 	0.0 	0.0 	-		Buffalo Bills	Baltimore Ravens	0 	0.0 	1 	0.0 	3.0 	34 	0.2 	0.0 	0.0 	0.0 	0.0 	4.8 	WR60		Buffalo Bills	Minnesota Vikings	0 	0.0 	1 	0.0 	2.9 	33 	0.2 	0.0 	0.0 	0.0 	0.0 	4.7 	WR65		Buffalo Bills	New York Jets	0 	0.0 	2 	0.0 	2.8 	32 	0.2 	0.0 	0.0 	0.0 	0.0 	4.5 	WR60		Buffalo Bills	Miami Dolphins	0 	0.0 	2 	0.0 	2.9 	33 	0.2 	0.0 	0.0 	0.0 	0.0 	4.7 	WR59		Buffalo Bills	Kansas City Chiefs	0 	0.0 	1 	0.0 	2.9 	34 	0.2 	0.0 	0.0 	0.0 	0.0 	4.7 	WR65		Buffalo Bills	New England Patriots	0 	0.0 	1 	0.0 	2.9 	33 	0.2 	0.0 	0.0 	0.0 	0.0 	4.5 	WR63		Buffalo Bills	Green Bay Packers	0 	0.0 	1 	0.0 	2.9 	33 	0.2 	0.0 	0.0 	0.0 	0.0 	4.6 	WR66		Buffalo Bills	Chicago Bears	0 	0.0 	1 	0.0 	3.0 	34 	0.2 	0.0 	0.0 	0.0 	0.0 	4.8 	WR65		Buffalo Bills	Denver Broncos	0 	0.0 	1 	0.0 	2.8 	32 	0.2 	0.0 	0.0 	0.0 	0.0 	4.5 	WR70		Buffalo Bills	Miami Dolphins	0 	0.0 	2 	0.0 	2.8 	32 	0.2 	0.0 	0.0 	0.0 	0.0 	4.6 	WR70		Actual	Actual	Actual	Actual	Forecast	Forecast	Forecast	Forecast	Forecast	Forecast	Forecast	Forecast	Forecast	Forecast	Forecast	Forecast	Forecast		Healthy	Healthy	Healthy	Healthy	Healthy	Healthy	Healthy	Healthy	Healthy	Healthy	Healthy	Healthy	Healthy	Healthy	Healthy	Healthy	Healthy		Week 5 2026	10/9/2026	4:29:22 PM	16		15%	15%	1%	0%	0%	0%		0.1 	0	0	0	0	0	0.056693 
	Courtland Sutton	Denver Broncos	WR	WR67	4.4 	71 	0 	0.0 	0.0 	0.0 	0 	0.0 	0.0 	0.0 	50.5 	3.2 	518 	32.4 	3.2 	0.2 	0.0 	0.1 	0.0 	0.192 	1.000 	0.330 	(0)	0.000 	0.000 	168 	77 	(91)	67 	33 	(34)	0.177 				-	-		-	-		-	-		-	-		1.1 	2.5 	4.6 	0.4 	5.2 	5.1 	5.4 	5.2 	5.3 	0.0 	5.2 	5.0 	5.3 	5.1 	5.2 	5.3 	5.0 		WR83	WR63	WR47	WR77	WR49	WR46	WR47	WR50	WR51	-	WR45	WR60	WR50	WR53	WR57	WR55	WR59		WR54	5.2 	0.0 	0.0 	0.0 	0.0 	3.5 	36.0 	0.3 	54 	0.242 	1.000 	0.460 	(0)	0.000 	0.000 	143 	0.243 		62 		-	-		-	-		-	-		-	-		WR100	2.2 	0.0 	0.0 	0.0 	0.0 	10.4 	108.0 	0.8 	100 	0.077 	1.000 	0.000 	(1)	0.000 	0.000 	#N/A	0.012 		8.6 		-	-		-	-		-	-		-	-					Denver Broncos	Kansas City Chiefs	0 	0.0 	0 	0.0 	2.0 	11 	0.0 	0.0 	0.0 	0.0 	0.0 	1.1 	WR83		Denver Broncos	Jacksonville Jaguars	0 	0.0 	0 	0.0 	3.0 	25 	0.0 	0.0 	0.0 	0.0 	0.0 	2.5 	WR63		Denver Broncos	Los Angeles Rams	0 	0.0 	0 	0.0 	3.0 	46 	0.0 	0.0 	0.0 	0.0 	0.0 	4.6 	WR47		Denver Broncos	San Francisco 49ers	0 	0.0 	0 	0.0 	1.0 	4 	0.0 	0.0 	0.0 	0.0 	0.0 	0.4 	WR77		Denver Broncos	Los Angeles Chargers	0 	0.0 	0 	0.0 	3.5 	36 	0.3 	0.0 	0.0 	0.0 	0.0 	5.2 	WR49		Denver Broncos	Seattle Seahawks	0 	0.0 	0 	0.0 	3.5 	36 	0.2 	0.0 	0.0 	0.0 	0.0 	5.1 	WR46		Denver Broncos	Arizona Cardinals	0 	0.0 	0 	0.0 	3.5 	36 	0.3 	0.0 	0.0 	0.0 	0.0 	5.4 	WR47		Denver Broncos	Kansas City Chiefs	0 	0.0 	0 	0.0 	3.5 	36 	0.3 	0.0 	0.0 	0.0 	0.0 	5.2 	WR50		Denver Broncos	Carolina Panthers	0 	0.0 	0 	0.0 	3.5 	36 	0.3 	0.0 	0.0 	0.0 	0.0 	5.3 	WR51		Denver Broncos	BYE	0 	0.0 	0 	0.0 	0.0 	0 	0.0 	0.0 	0.0 	0.0 	0.0 	0.0 	-		Denver Broncos	Las Vegas Raiders	0 	0.0 	0 	0.0 	3.4 	36 	0.3 	0.0 	0.0 	0.0 	0.0 	5.2 	WR45		Denver Broncos	Pittsburgh Steelers	0 	0.0 	0 	0.0 	3.4 	35 	0.2 	0.0 	0.0 	0.0 	0.0 	5.0 	WR60		Denver Broncos	Miami Dolphins	0 	0.0 	0 	0.0 	3.4 	36 	0.3 	0.0 	0.0 	0.0 	0.0 	5.3 	WR50		Denver Broncos	New York Jets	0 	0.0 	0 	0.0 	3.4 	35 	0.3 	0.0 	0.0 	0.0 	0.0 	5.1 	WR53		Denver Broncos	Las Vegas Raiders	0 	0.0 	0 	0.0 	3.4 	36 	0.3 	0.0 	0.0 	0.0 	0.0 	5.2 	WR57		Denver Broncos	Buffalo Bills	0 	0.0 	0 	0.0 	3.6 	37 	0.3 	0.0 	0.0 	0.0 	0.0 	5.3 	WR55		Denver Broncos	New England Patriots	0 	0.0 	0 	0.0 	3.4 	36 	0.2 	0.0 	0.0 	0.0 	0.0 	5.0 	WR59		Actual	Actual	Actual	Actual	Forecast	Forecast	Forecast	Forecast	Forecast	Forecast	Forecast	Forecast	Forecast	Forecast	Forecast	Forecast	Forecast		Healthy	Healthy	Healthy	Healthy	Healthy	Healthy	Healthy	Healthy	Healthy	Healthy	Healthy	Healthy	Healthy	Healthy	Healthy	Healthy	Healthy		Week 5 2026	10/9/2026	4:29:22 PM	16		16%	18%	0%	0%	0%	0%		0.2 	0	0	0	0	0	0.231785 
	Justin Herbert	Los Angeles Chargers	QB	QB27	14.4 	231 	3,252 	203.2 	21.5 	1.3 	356 	22.3 	1.6 	0.1 	0.0 	0.0 	0 	0.0 	0.0 	0.0 	13.4 	1.9 	0.0 	0.628 	0.460 	0.200 	0 	0.118 	0.000 	179 	88 	(91)	24 	8 	(16)	0.161 				-	-		-	-		-	-		-	-		13.3 	7.9 	12.7 	9.6 	14.0 	14.4 	0.0 	15.7 	15.5 	15.5 	15.9 	15.7 	16.2 	16.0 	16.4 	16.5 	15.7 		QB22	QB27	QB23	QB27	QB23	QB23	-	QB16	QB22	QB16	QB16	QB19	QB14	QB18	QB12	QB9	QB16		QB19	15.6 	203.0 	1.5 	22.3 	0.1 	0.0 	0.0 	0.0 	19 	0.731 	0.460 	0.266 	1 	0.418 	0.000 	107 	0.338 		188 		-	-		-	-		-	-		-	-		QB24	10.9 	608.9 	4.4 	67.0 	0.4 	0.0 	0.0 	0.0 	24 	0.390 	0.460 	0.200 	(0)	0.000 	0.000 	#N/A	0.106 		43.4 		-	-		-	-		-	-		-	-					Los Angeles Chargers	Arizona Cardinals	209 	1.0 	29 	0.0 	0.0 	0 	0.0 	1.0 	0.0 	0.0 	0.0 	13.3 	QB22		Los Angeles Chargers	Las Vegas Raiders	192 	1.0 	2 	0.0 	0.0 	0 	0.0 	2.0 	0.0 	0.0 	0.0 	7.9 	QB27		Los Angeles Chargers	Buffalo Bills	226 	1.0 	17 	0.0 	0.0 	0 	0.0 	1.0 	0.0 	0.0 	0.0 	12.7 	QB23		Los Angeles Chargers	Seattle Seahawks	189 	1.0 	40 	0.0 	0.0 	0 	0.0 	2.0 	1.0 	0.0 	0.0 	9.6 	QB27		Los Angeles Chargers	Denver Broncos	197 	1.2 	19 	0.1 	0.0 	0 	0.0 	0.6 	0.1 	0.0 	0.0 	14.0 	QB23		Los Angeles Chargers	Kansas City Chiefs	206 	1.3 	18 	0.1 	0.0 	0 	0.0 	0.6 	0.1 	0.0 	0.0 	14.4 	QB23		Los Angeles Chargers	BYE	0 	0.0 	0 	0.0 	0.0 	0 	0.0 	0.0 	0.0 	0.0 	0.0 	0.0 	-		Los Angeles Chargers	Los Angeles Rams	209 	1.5 	21 	0.1 	0.0 	0 	0.0 	0.6 	0.1 	0.0 	0.0 	15.7 	QB16		Los Angeles Chargers	Houston Texans	201 	1.4 	23 	0.1 	0.0 	0 	0.0 	0.6 	0.1 	0.0 	0.0 	15.5 	QB22		Los Angeles Chargers	Baltimore Ravens	207 	1.4 	20 	0.1 	0.0 	0 	0.0 	0.6 	0.1 	0.0 	0.0 	15.5 	QB16		Los Angeles Chargers	New York Jets	194 	1.5 	26 	0.2 	0.0 	0 	0.0 	0.6 	0.1 	0.0 	0.0 	15.9 	QB16		Los Angeles Chargers	New England Patriots	203 	1.5 	23 	0.1 	0.0 	0 	0.0 	0.6 	0.1 	0.0 	0.0 	15.7 	QB19		Los Angeles Chargers	Tampa Bay Buccaneers	206 	1.5 	23 	0.1 	0.0 	0 	0.0 	0.6 	0.1 	0.0 	0.0 	16.2 	QB14		Los Angeles Chargers	Las Vegas Raiders	201 	1.5 	24 	0.2 	0.0 	0 	0.0 	0.6 	0.1 	0.0 	0.0 	16.0 	QB18		Los Angeles Chargers	San Francisco 49ers	208 	1.6 	23 	0.1 	0.0 	0 	0.0 	0.6 	0.1 	0.0 	0.0 	16.4 	QB12		Los Angeles Chargers	Miami Dolphins	201 	1.6 	26 	0.2 	0.0 	0 	0.0 	0.6 	0.1 	0.0 	0.0 	16.5 	QB9		Los Angeles Chargers	Kansas City Chiefs	203 	1.5 	23 	0.1 	0.0 	0 	0.0 	0.6 	0.1 	0.0 	0.0 	15.7 	QB16		Actual	Actual	Actual	Actual	Forecast	Forecast	Forecast	Forecast	Forecast	Forecast	Forecast	Forecast	Forecast	Forecast	Forecast	Forecast	Forecast		Healthy	Healthy	Healthy	Healthy	Healthy	Healthy	Healthy	Healthy	Healthy	Healthy	Healthy	Healthy	Healthy	Healthy	Healthy	Healthy	Healthy		Week 5 2026	10/9/2026	4:29:22 PM	16		0%	0%	17%	15%	95%	95%		0.2 	0	0	0	0	0	0.232048 
	Jaylen Wright	Miami Dolphins	RB	RB51	4.1 	61 	0 	0.0 	0.0 	0.0 	327 	21.8 	2.7 	0.2 	16.1 	1.1 	105 	7.0 	0.6 	0.0 	0.0 	0.9 	0.0 	0.165 	1.000 	0.379 	(1)	0.000 	0.000 	159 	223 	64 	51 	70 	19 	0.195 																(0.1)	1.1 	0.0 	0.7 	4.5 	0.0 	5.3 	4.9 	5.1 	5.1 	4.6 	5.6 	4.4 	5.1 	4.5 	4.9 	4.9 		RB79	RB58	-	RB58	RB44	-	RB39	RB42	RB42	RB39	RB36	RB41	RB44	RB43	RB48	RB45	RB47		RB45	4.9 	0.0 	0.0 	25.8 	0.2 	1.3 	8.7 	0.0 	45 	0.230 	1.000 	0.456 	(0)	0.000 	0.000 	145 	0.240 		59 		-	-		-	-		-	-		-	-		RB86	0.9 	0.0 	0.0 	154.9 	1.3 	8.0 	52.3 	0.3 	86 	0.015 	1.000 	0.000 	(1)	0.000 	0.000 	#N/A	0.002 		1.7 		-	-		-	-		-	-		-	-					Miami Dolphins	Las Vegas Raiders	0 	0.0 	(1)	0.0 	0.0 	0 	0.0 	0.0 	0.0 	0.0 	0.0 	(0.1)	RB79		Miami Dolphins	San Francisco 49ers	0 	0.0 	11 	0.0 	0.0 	0 	0.0 	0.0 	0.0 	0.0 	0.0 	1.1 	RB58		Miami Dolphins	Kansas City Chiefs	0 	0.0 	0 	0.0 	0.0 	0 	0.0 	0.0 	0.0 	0.0 	0.0 	0.0 	-		Miami Dolphins	Minnesota Vikings	0 	0.0 	7 	0.0 	0.0 	0 	0.0 	0.0 	0.0 	0.0 	0.0 	0.7 	RB58		Miami Dolphins	Cincinnati Bengals	0 	0.0 	24 	0.2 	1.3 	8 	0.0 	0.0 	0.1 	0.0 	0.0 	4.5 	RB44		Miami Dolphins	BYE	0 	0.0 	0 	0.0 	0.0 	0 	0.0 	0.0 	0.0 	0.0 	0.0 	0.0 	-		Miami Dolphins	New York Jets	0 	0.0 	28 	0.2 	1.3 	8 	0.0 	0.0 	0.1 	0.0 	0.0 	5.3 	RB39		Miami Dolphins	New England Patriots	0 	0.0 	26 	0.2 	1.4 	9 	0.0 	0.0 	0.1 	0.0 	0.0 	4.9 	RB42		Miami Dolphins	Detroit Lions	0 	0.0 	26 	0.2 	1.4 	9 	0.1 	0.0 	0.1 	0.0 	0.0 	5.1 	RB42		Miami Dolphins	Indianapolis Colts	0 	0.0 	26 	0.2 	1.4 	9 	0.1 	0.0 	0.1 	0.0 	0.0 	5.1 	RB39		Miami Dolphins	Buffalo Bills	0 	0.0 	24 	0.2 	1.3 	9 	0.0 	0.0 	0.1 	0.0 	0.0 	4.6 	RB36		Miami Dolphins	New York Jets	0 	0.0 	30 	0.3 	1.3 	8 	0.1 	0.0 	0.1 	0.0 	0.0 	5.6 	RB41		Miami Dolphins	Denver Broncos	0 	0.0 	23 	0.2 	1.3 	9 	0.0 	0.0 	0.1 	0.0 	0.0 	4.4 	RB44		Miami Dolphins	Chicago Bears	0 	0.0 	26 	0.2 	1.4 	9 	0.1 	0.0 	0.1 	0.0 	0.0 	5.1 	RB43		Miami Dolphins	Green Bay Packers	0 	0.0 	24 	0.2 	1.3 	9 	0.0 	0.0 	0.1 	0.0 	0.0 	4.5 	RB48		Miami Dolphins	Los Angeles Chargers	0 	0.0 	26 	0.2 	1.4 	9 	0.0 	0.0 	0.1 	0.0 	0.0 	4.9 	RB45		Miami Dolphins	Buffalo Bills	0 	0.0 	25 	0.2 	1.4 	9 	0.1 	0.0 	0.1 	0.0 	0.0 	4.9 	RB47		Actual	Actual	Actual	Actual	Forecast	Forecast	Forecast	Forecast	Forecast	Forecast	Forecast	Forecast	Forecast	Forecast	Forecast	Forecast	Forecast		Healthy	Healthy	Injured	Healthy	Limited / Handicapped	Healthy	Healthy	Healthy	Healthy	Healthy	Healthy	Healthy	Healthy	Healthy	Healthy	Healthy	Healthy		Week 5 2026	10/9/2026	4:29:22 PM	16		4%	4%	25%	28%	0%	0%		0.2 	0	1	0	0	0	
	Elic Ayomanor	Tennessee Titans	WR	WR59	4.8 	77 	0 	0.0 	0.0 	0.0 	0 	0.0 	0.0 	0.0 	35.1 	2.2 	547 	34.2 	3.7 	0.2 	0.0 	0.1 	0.0 	0.209 	1.000 	0.410 	(0)	0.000 	0.000 	150 	275 	125 	59 	90 	31 	0.216 																7.1 	6.9 	1.1 	2.2 	4.4 	4.9 	4.9 	5.2 	0.0 	5.0 	5.1 	5.0 	5.1 	5.1 	5.2 	4.8 	4.8 		WR30	WR24	WR80	WR63	WR59	WR49	WR52	WR51	-	WR53	WR46	WR59	WR51	WR52	WR56	WR62	WR62		WR58	5.0 	0.0 	0.0 	0.0 	0.0 	2.5 	36.2 	0.2 	58 	0.232 	1.000 	0.420 	(0)	0.000 	0.000 	154 	0.224 		60 		-	-		-	-		-	-		-	-		WR68	4.3 	0.0 	0.0 	0.0 	0.0 	7.5 	108.5 	0.7 	68 	0.155 	1.000 	0.320 	(0)	0.000 	0.000 	#N/A	0.167 		17.3 		-	-		-	-		-	-		-	-					Tennessee Titans	New York Jets	0 	0.0 	0 	0.0 	1.0 	11 	1.0 	0.0 	0.0 	0.0 	0.0 	7.1 	WR30		Tennessee Titans	Philadelphia Eagles	0 	0.0 	0 	0.0 	2.0 	69 	0.0 	0.0 	0.0 	0.0 	0.0 	6.9 	WR24		Tennessee Titans	New York Giants	0 	0.0 	0 	0.0 	1.0 	11 	0.0 	0.0 	0.0 	0.0 	0.0 	1.1 	WR80		Tennessee Titans	Baltimore Ravens	0 	0.0 	0 	0.0 	1.0 	22 	0.0 	0.0 	0.0 	0.0 	0.0 	2.2 	WR63		Tennessee Titans	Houston Texans	0 	0.0 	0 	0.0 	2.4 	34 	0.2 	0.0 	0.0 	0.0 	0.0 	4.4 	WR59		Tennessee Titans	Indianapolis Colts	0 	0.0 	0 	0.0 	2.5 	36 	0.2 	0.0 	0.0 	0.0 	0.0 	4.9 	WR49		Tennessee Titans	Cleveland Browns	0 	0.0 	0 	0.0 	2.4 	35 	0.2 	0.0 	0.0 	0.0 	0.0 	4.9 	WR52		Tennessee Titans	Cincinnati Bengals	0 	0.0 	0 	0.0 	2.6 	38 	0.2 	0.0 	0.0 	0.0 	0.0 	5.2 	WR51		Tennessee Titans	BYE	0 	0.0 	0 	0.0 	0.0 	0 	0.0 	0.0 	0.0 	0.0 	0.0 	0.0 	-		Tennessee Titans	Jacksonville Jaguars	0 	0.0 	0 	0.0 	2.5 	36 	0.2 	0.0 	0.0 	0.0 	0.0 	5.0 	WR53		Tennessee Titans	Dallas Cowboys	0 	0.0 	0 	0.0 	2.6 	37 	0.2 	0.0 	0.0 	0.0 	0.0 	5.1 	WR46		Tennessee Titans	Jacksonville Jaguars	0 	0.0 	0 	0.0 	2.5 	37 	0.2 	0.0 	0.0 	0.0 	0.0 	5.0 	WR59		Tennessee Titans	Washington Commanders	0 	0.0 	0 	0.0 	2.5 	37 	0.2 	0.0 	0.0 	0.0 	0.0 	5.1 	WR51		Tennessee Titans	Detroit Lions	0 	0.0 	0 	0.0 	2.6 	37 	0.2 	0.0 	0.0 	0.0 	0.0 	5.1 	WR52		Tennessee Titans	Indianapolis Colts	0 	0.0 	0 	0.0 	2.6 	37 	0.2 	0.0 	0.0 	0.0 	0.0 	5.2 	WR56		Tennessee Titans	Las Vegas Raiders	0 	0.0 	0 	0.0 	2.5 	35 	0.2 	0.0 	0.0 	0.0 	0.0 	4.8 	WR62		Tennessee Titans	Pittsburgh Steelers	0 	0.0 	0 	0.0 	2.5 	35 	0.2 	0.0 	0.0 	0.0 	0.0 	4.8 	WR62		Actual	Actual	Actual	Actual	Forecast	Forecast	Forecast	Forecast	Forecast	Forecast	Forecast	Forecast	Forecast	Forecast	Forecast	Forecast	Forecast		Healthy	Healthy	Healthy	Healthy	Healthy	Healthy	Healthy	Healthy	Healthy	Healthy	Healthy	Healthy	Healthy	Healthy	Healthy	Healthy	Healthy		Week 5 2026	10/9/2026	4:29:22 PM	16		16%	16%	0%	0%	0%	0%		0.1 	0	0	0	0	0	0.056558 
	Zach Charbonnet	Seattle Seahawks	RB	RB47	6.1 	67 	0 	0.0 	0.0 	0.0 	407 	37.0 	4.2 	0.4 	3.7 	0.3 	26 	2.4 	0.2 	0.0 	0.0 	1.2 	0.0 	0.183 	1.000 	0.430 	(0)	0.000 	0.000 	146 	122 	(24)	47 	45 	(2)	0.221 				-	-		-	-		-	-		-	-		0.0 	0.0 	0.0 	0.0 	0.0 	5.1 	5.7 	6.4 	7.5 	6.5 	0.0 	5.8 	6.4 	6.7 	5.1 	5.9 	6.0 		-	-	-	-	-	RB37	RB35	RB34	RB31	RB30	-	RB40	RB32	RB33	RB44	RB39	RB38		RB41	6.1 	0.0 	0.0 	37.0 	0.4 	0.3 	2.4 	0.0 	41 	0.262 	1.000 	0.506 	(0)	0.000 	0.000 	137 	0.267 		67 		-	-		-	-		-	-		-	-		-	0.0 	0.0 	0.0 	0.0 	0.0 	0.0 	0.0 	0.0 	#N/A	0.000 	1.000 	#N/A	(1)	0.000 	0.000 	#N/A	#N/A		0.0 		-	-		-	-		-	-		-	-					Seattle Seahawks	New England Patriots	0 	0.0 	0 	0.0 	0.0 	0 	0.0 	0.0 	0.0 	0.0 	0.0 	0.0 	-		Seattle Seahawks	Arizona Cardinals	0 	0.0 	0 	0.0 	0.0 	0 	0.0 	0.0 	0.0 	0.0 	0.0 	0.0 	-		Seattle Seahawks	Washington Commanders	0 	0.0 	0 	0.0 	0.0 	0 	0.0 	0.0 	0.0 	0.0 	0.0 	0.0 	-		Seattle Seahawks	Los Angeles Chargers	0 	0.0 	0 	0.0 	0.0 	0 	0.0 	0.0 	0.0 	0.0 	0.0 	0.0 	-		Seattle Seahawks	San Francisco 49ers	0 	0.0 	0 	0.0 	0.0 	0 	0.0 	0.0 	0.0 	0.0 	0.0 	0.0 	-		Seattle Seahawks	Denver Broncos	0 	0.0 	32 	0.3 	0.3 	2 	0.0 	0.0 	0.1 	0.0 	0.0 	5.1 	RB37		Seattle Seahawks	Kansas City Chiefs	0 	0.0 	35 	0.4 	0.3 	2 	0.0 	0.0 	0.1 	0.0 	0.0 	5.7 	RB35		Seattle Seahawks	Chicago Bears	0 	0.0 	38 	0.4 	0.3 	2 	0.0 	0.0 	0.1 	0.0 	0.0 	6.4 	RB34		Seattle Seahawks	Arizona Cardinals	0 	0.0 	44 	0.5 	0.3 	2 	0.0 	0.0 	0.1 	0.0 	0.0 	7.5 	RB31		Seattle Seahawks	Las Vegas Raiders	0 	0.0 	39 	0.4 	0.3 	2 	0.0 	0.0 	0.1 	0.0 	0.0 	6.5 	RB30		Seattle Seahawks	BYE	0 	0.0 	0 	0.0 	0.0 	0 	0.0 	0.0 	0.0 	0.0 	0.0 	0.0 	-		Seattle Seahawks	San Francisco 49ers	0 	0.0 	35 	0.4 	0.3 	2 	0.0 	0.0 	0.1 	0.0 	0.0 	5.8 	RB40		Seattle Seahawks	Dallas Cowboys	0 	0.0 	38 	0.4 	0.3 	2 	0.0 	0.0 	0.1 	0.0 	0.0 	6.4 	RB32		Seattle Seahawks	New York Giants	0 	0.0 	40 	0.4 	0.3 	2 	0.0 	0.0 	0.1 	0.0 	0.0 	6.7 	RB33		Seattle Seahawks	Philadelphia Eagles	0 	0.0 	32 	0.3 	0.3 	2 	0.0 	0.0 	0.1 	0.0 	0.0 	5.1 	RB44		Seattle Seahawks	Los Angeles Rams	0 	0.0 	35 	0.4 	0.3 	2 	0.0 	0.0 	0.1 	0.0 	0.0 	5.9 	RB39		Seattle Seahawks	Carolina Panthers	0 	0.0 	37 	0.4 	0.3 	2 	0.0 	0.0 	0.1 	0.0 	0.0 	6.0 	RB38		Actual	Actual	Actual	Actual	Forecast	Forecast	Forecast	Forecast	Forecast	Forecast	Forecast	Forecast	Forecast	Forecast	Forecast	Forecast	Forecast		Injured	Injured	Injured	Injured	Injured	Limited / Handicapped	Healthy	Healthy	Healthy	Healthy	Healthy	Healthy	Healthy	Healthy	Healthy	Healthy	Healthy		Week 5 2026	10/9/2026	4:29:22 PM	16		1%	1%	33%	43%	0%	0%		0.3 	1	1	1	1	0	
	Malachi Fields	New York Giants	WR	WR62	4.7 	75 	0 	0.0 	0.0 	0.0 	0 	0.0 	0.0 	0.0 	39.8 	2.5 	549 	34.3 	3.3 	0.2 	0.0 	0.1 	0.0 	0.203 	1.000 	0.380 	(0)	0.000 	0.000 	156 	225 	69 	62 	73 	11 	0.201 				-	-		-	-		-	-		-	-		2.5 	3.0 	1.9 	11.2 	4.4 	4.7 	4.5 	0.0 	4.6 	4.8 	4.7 	4.7 	4.7 	4.6 	4.5 	4.8 	4.8 		WR71	WR55	WR72	WR19	WR60	WR56	WR58	-	WR66	WR57	WR57	WR66	WR58	WR65	WR71	WR64	WR63		WR64	4.7 	0.0 	0.0 	0.0 	0.0 	2.6 	35.2 	0.2 	64 	0.218 	1.000 	0.360 	(0)	0.000 	0.000 	168 	0.195 		56 		-	-		-	-		-	-		-	-		WR64	4.7 	0.0 	0.0 	0.0 	0.0 	7.9 	105.7 	0.6 	64 	0.167 	1.000 	0.360 	(0)	0.000 	0.000 	#N/A	0.187 		18.6 		-	-		-	-		-	-		-	-					New York Giants	Dallas Cowboys	0 	0.0 	0 	0.0 	2.0 	25 	0.0 	0.0 	0.0 	0.0 	0.0 	2.5 	WR71		New York Giants	Los Angeles Rams	0 	0.0 	0 	0.0 	2.0 	30 	0.0 	0.0 	0.0 	0.0 	0.0 	3.0 	WR55		New York Giants	Tennessee Titans	0 	0.0 	0 	0.0 	2.0 	19 	0.0 	0.0 	0.0 	0.0 	0.0 	1.9 	WR72		New York Giants	Arizona Cardinals	0 	0.0 	0 	0.0 	2.0 	52 	1.0 	0.0 	0.0 	0.0 	0.0 	11.2 	WR19		New York Giants	Washington Commanders	0 	0.0 	0 	0.0 	2.5 	34 	0.2 	0.0 	0.0 	0.0 	0.0 	4.4 	WR60		New York Giants	New Orleans Saints	0 	0.0 	0 	0.0 	2.6 	35 	0.2 	0.0 	0.0 	0.0 	0.0 	4.7 	WR56		New York Giants	Houston Texans	0 	0.0 	0 	0.0 	2.6 	35 	0.2 	0.0 	0.0 	0.0 	0.0 	4.5 	WR58		New York Giants	BYE	0 	0.0 	0 	0.0 	0.0 	0 	0.0 	0.0 	0.0 	0.0 	0.0 	0.0 	-		New York Giants	Philadelphia Eagles	0 	0.0 	0 	0.0 	2.7 	35 	0.2 	0.0 	0.0 	0.0 	0.0 	4.6 	WR66		New York Giants	Washington Commanders	0 	0.0 	0 	0.0 	2.7 	36 	0.2 	0.0 	0.0 	0.0 	0.0 	4.8 	WR57		New York Giants	Jacksonville Jaguars	0 	0.0 	0 	0.0 	2.7 	35 	0.2 	0.0 	0.0 	0.0 	0.0 	4.7 	WR57		New York Giants	Indianapolis Colts	0 	0.0 	0 	0.0 	2.7 	35 	0.2 	0.0 	0.0 	0.0 	0.0 	4.7 	WR66		New York Giants	San Francisco 49ers	0 	0.0 	0 	0.0 	2.6 	35 	0.2 	0.0 	0.0 	0.0 	0.0 	4.7 	WR58		New York Giants	Seattle Seahawks	0 	0.0 	0 	0.0 	2.7 	36 	0.2 	0.0 	0.0 	0.0 	0.0 	4.6 	WR65		New York Giants	Cleveland Browns	0 	0.0 	0 	0.0 	2.5 	34 	0.2 	0.0 	0.0 	0.0 	0.0 	4.5 	WR71		New York Giants	Detroit Lions	0 	0.0 	0 	0.0 	2.7 	36 	0.2 	0.0 	0.0 	0.0 	0.0 	4.8 	WR64		New York Giants	Dallas Cowboys	0 	0.0 	0 	0.0 	2.7 	36 	0.2 	0.0 	0.0 	0.0 	0.0 	4.8 	WR63		Actual	Actual	Actual	Actual	Forecast	Forecast	Forecast	Forecast	Forecast	Forecast	Forecast	Forecast	Forecast	Forecast	Forecast	Forecast	Forecast		Healthy	Healthy	Healthy	Healthy	Healthy	Healthy	Healthy	Healthy	Healthy	Healthy	Healthy	Healthy	Healthy	Healthy	Healthy	Healthy	Healthy		Week 5 2026	10/9/2026	4:29:22 PM	16		17%	14%	0%	0%	0%	0%		0.0 	0	0	0	0	0	0.007674 
	Jacoby Brissett	Arizona Cardinals	QB	QB26	14.6 	233 	3,513 	219.5 	23.3 	1.5 	159 	10.0 	1.4 	0.1 	0.0 	0.0 	0 	0.0 	0.0 	0.0 	11.7 	0.9 	0.0 	0.633 	0.460 	0.213 	0 	0.128 	0.000 	170 	213 	43 	23 	28 	5 	0.173 																16.5 	6.5 	25.6 	10.4 	16.9 	15.3 	14.0 	14.3 	13.1 	14.3 	13.3 	15.2 	13.8 	0.0 	14.7 	14.5 	14.5 		QB15	QB28	QB4	QB25	QB7	QB16	QB25	QB25	QB27	QB25	QB24	QB24	QB26	-	QB26	QB27	QB27		QB27	14.5 	224.6 	1.4 	9.7 	0.0 	0.0 	0.0 	0.0 	26 	0.678 	0.460 	0.172 	0 	0.302 	0.000 	148 	0.233 		174 		-	-		-	-		-	-		-	-		QB19	14.8 	673.7 	4.3 	29.1 	0.1 	0.0 	0.0 	0.0 	19 	0.530 	0.460 	0.266 	0 	0.180 	0.000 	#N/A	0.226 		59.0 		-	-		-	-		-	-		-	-					Arizona Cardinals	Los Angeles Chargers	277 	1.0 	14 	0.0 	0.0 	0 	0.0 	0.0 	0.0 	0.0 	0.0 	16.5 	QB15		Arizona Cardinals	Seattle Seahawks	95 	1.0 	7 	0.0 	0.0 	0 	0.0 	1.0 	0.0 	0.0 	0.0 	6.5 	QB28		Arizona Cardinals	San Francisco 49ers	280 	2.0 	4 	1.0 	0.0 	0 	0.0 	0.0 	0.0 	0.0 	0.0 	25.6 	QB4		Arizona Cardinals	New York Giants	166 	2.0 	18 	0.0 	0.0 	0 	0.0 	3.0 	0.0 	0.0 	0.0 	10.4 	QB25		Arizona Cardinals	Detroit Lions	244 	1.8 	11 	0.0 	0.0 	0 	0.0 	0.6 	0.1 	0.0 	0.0 	16.9 	QB7		Arizona Cardinals	Los Angeles Rams	233 	1.6 	9 	0.0 	0.0 	0 	0.0 	0.6 	0.1 	0.0 	0.0 	15.3 	QB16		Arizona Cardinals	Denver Broncos	223 	1.4 	9 	0.0 	0.0 	0 	0.0 	0.6 	0.1 	0.0 	0.0 	14.0 	QB25		Arizona Cardinals	Dallas Cowboys	225 	1.4 	9 	0.0 	0.0 	0 	0.0 	0.6 	0.1 	0.0 	0.0 	14.3 	QB25		Arizona Cardinals	Seattle Seahawks	215 	1.2 	9 	0.0 	0.0 	0 	0.0 	0.6 	0.1 	0.0 	0.0 	13.1 	QB27		Arizona Cardinals	Los Angeles Rams	225 	1.4 	9 	0.0 	0.0 	0 	0.0 	0.6 	0.1 	0.0 	0.0 	14.3 	QB25		Arizona Cardinals	Kansas City Chiefs	217 	1.3 	9 	0.0 	0.0 	0 	0.0 	0.6 	0.1 	0.0 	0.0 	13.3 	QB24		Arizona Cardinals	Washington Commanders	228 	1.6 	11 	0.0 	0.0 	0 	0.0 	0.6 	0.1 	0.0 	0.0 	15.2 	QB24		Arizona Cardinals	Philadelphia Eagles	221 	1.3 	9 	0.0 	0.0 	0 	0.0 	0.6 	0.1 	0.0 	0.0 	13.8 	QB26		Arizona Cardinals	BYE	0 	0.0 	0 	0.0 	0.0 	0 	0.0 	0.0 	0.0 	0.0 	0.0 	0.0 	-		Arizona Cardinals	New York Jets	218 	1.5 	12 	0.0 	0.0 	0 	0.0 	0.6 	0.1 	0.0 	0.0 	14.7 	QB26		Arizona Cardinals	New Orleans Saints	225 	1.4 	10 	0.0 	0.0 	0 	0.0 	0.6 	0.1 	0.0 	0.0 	14.5 	QB27		Arizona Cardinals	Las Vegas Raiders	219 	1.5 	11 	0.0 	0.0 	0 	0.0 	0.6 	0.1 	0.0 	0.0 	14.5 	QB27		Actual	Actual	Actual	Actual	Forecast	Forecast	Forecast	Forecast	Forecast	Forecast	Forecast	Forecast	Forecast	Forecast	Forecast	Forecast	Forecast		Healthy	Healthy	Healthy	Healthy	Healthy	Healthy	Healthy	Healthy	Healthy	Healthy	Healthy	Healthy	Healthy	Healthy	Healthy	Healthy	Healthy		Week 5 2026	10/9/2026	4:29:22 PM	16		0%	0%	10%	6%	99%	99%		0.0 	0	0	0	0	0	0.007500 
	MarShawn Lloyd	Green Bay Packers	RB	RB49	3.8 	61 	0 	0.0 	0.0 	0.0 	336 	21.0 	2.2 	0.1 	18.1 	1.1 	108 	6.8 	1.2 	0.1 	0.0 	1.8 	0.0 	0.167 	1.000 	0.405 	(1)	0.000 	0.000 	154 	168 	14 	49 	57 	8 	0.207 				-	-		-	-		-	-		-	-		3.7 	6.6 	1.8 	4.9 	5.6 	5.9 	5.9 	7.1 	2.3 	2.6 	0.0 	2.2 	2.6 	2.5 	3.0 	2.3 	2.4 		RB44	RB28	RB47	RB41	RB38	RB32	RB34	RB30	RB59	RB54	-	RB65	RB56	RB59	RB59	RB65	RB63		RB54	3.7 	0.0 	0.0 	21.3 	0.2 	0.8 	4.9 	0.0 	54 	0.173 	1.000 	0.341 	(1)	0.000 	0.000 	175 	0.179 		44 		-	-		-	-		-	-		-	-		RB46	4.3 	0.0 	0.0 	63.8 	0.6 	2.3 	14.8 	0.0 	46 	0.153 	1.000 	0.443 	(0)	0.000 	0.000 	#N/A	0.222 		17.0 		-	-		-	-		-	-		-	-					Green Bay Packers	Minnesota Vikings	0 	0.0 	37 	0.0 	0.0 	0 	0.0 	0.0 	0.0 	0.0 	0.0 	3.7 	RB44		Green Bay Packers	New York Jets	0 	0.0 	20 	0.0 	2.0 	6 	1.0 	0.0 	1.0 	0.0 	0.0 	6.6 	RB28		Green Bay Packers	Atlanta Falcons	0 	0.0 	11 	0.0 	2.0 	7 	0.0 	0.0 	0.0 	0.0 	0.0 	1.8 	RB47		Green Bay Packers	Tampa Bay Buccaneers	0 	0.0 	13 	0.0 	5.0 	36 	0.0 	0.0 	0.0 	0.0 	0.0 	4.9 	RB41		Green Bay Packers	Chicago Bears	0 	0.0 	36 	0.3 	0.7 	5 	0.0 	0.0 	0.1 	0.0 	0.0 	5.6 	RB38		Green Bay Packers	Dallas Cowboys	0 	0.0 	37 	0.3 	0.8 	5 	0.0 	0.0 	0.1 	0.0 	0.0 	5.9 	RB32		Green Bay Packers	Detroit Lions	0 	0.0 	37 	0.3 	0.8 	5 	0.0 	0.0 	0.1 	0.0 	0.0 	5.9 	RB34		Green Bay Packers	Carolina Panthers	0 	0.0 	45 	0.4 	0.8 	5 	0.0 	0.0 	0.1 	0.0 	0.0 	7.1 	RB30		Green Bay Packers	New England Patriots	0 	0.0 	11 	0.1 	0.8 	5 	0.0 	0.0 	0.0 	0.0 	0.0 	2.3 	RB59		Green Bay Packers	Minnesota Vikings	0 	0.0 	13 	0.1 	0.8 	5 	0.0 	0.0 	0.0 	0.0 	0.0 	2.6 	RB54		Green Bay Packers	BYE	0 	0.0 	0 	0.0 	0.0 	0 	0.0 	0.0 	0.0 	0.0 	0.0 	0.0 	-		Green Bay Packers	Los Angeles Rams	0 	0.0 	11 	0.1 	0.8 	5 	0.0 	0.0 	0.0 	0.0 	0.0 	2.2 	RB65		Green Bay Packers	New Orleans Saints	0 	0.0 	13 	0.1 	0.8 	5 	0.0 	0.0 	0.0 	0.0 	0.0 	2.6 	RB56		Green Bay Packers	Buffalo Bills	0 	0.0 	13 	0.1 	0.8 	5 	0.0 	0.0 	0.0 	0.0 	0.0 	2.5 	RB59		Green Bay Packers	Miami Dolphins	0 	0.0 	15 	0.2 	0.8 	5 	0.0 	0.0 	0.0 	0.0 	0.0 	3.0 	RB59		Green Bay Packers	Chicago Bears	0 	0.0 	12 	0.1 	0.8 	5 	0.0 	0.0 	0.0 	0.0 	0.0 	2.3 	RB65		Green Bay Packers	Houston Texans	0 	0.0 	12 	0.1 	0.7 	5 	0.0 	0.0 	0.0 	0.0 	0.0 	2.4 	RB63		Actual	Actual	Actual	Actual	Forecast	Forecast	Forecast	Forecast	Forecast	Forecast	Forecast	Forecast	Forecast	Forecast	Forecast	Forecast	Forecast		Healthy	Healthy	Healthy	Healthy	Healthy	Healthy	Healthy	Healthy	Healthy	Healthy	Healthy	Healthy	Healthy	Healthy	Healthy	Healthy	Healthy		Week 5 2026	10/9/2026	4:29:22 PM	16		2%	1%	12%	13%	0%	0%		(0.0)	0	0	0	0	0	(0.042935)
	Ted Hurst	Tampa Bay Buccaneers	WR	WR60	4.7 	75 	0 	0.0 	0.0 	0.0 	0 	0.0 	0.0 	0.0 	36.4 	2.3 	534 	33.4 	3.6 	0.2 	0.0 	0.1 	0.0 	0.204 	1.000 	0.400 	(0)	0.000 	0.000 	153 	0 	(153)	60 	0 	(60)	0.211 																3.6 	2.7 	10.0 	2.5 	4.6 	4.2 	4.7 	4.8 	4.8 	0.0 	4.8 	4.7 	4.6 	4.7 	4.8 	4.7 	4.7 		WR54	WR58	WR24	WR62	WR55	WR61	WR56	WR59	WR60	-	WR54	WR64	WR60	WR63	WR66	WR68	WR67		WR63	4.7 	0.0 	0.0 	0.0 	0.0 	2.4 	33.8 	0.2 	63 	0.219 	1.000 	0.370 	(0)	0.000 	0.000 	165 	0.199 		56 		-	-		-	-		-	-		-	-		WR62	4.7 	0.0 	0.0 	0.0 	0.0 	7.1 	101.5 	0.7 	62 	0.169 	1.000 	0.380 	(0)	0.000 	0.000 	#N/A	0.196 		18.8 		-	-		-	-		-	-		-	-					Tampa Bay Buccaneers	Cincinnati Bengals	0 	0.0 	0 	0.0 	3.0 	36 	0.0 	0.0 	0.0 	0.0 	0.0 	3.6 	WR54		Tampa Bay Buccaneers	Cleveland Browns	0 	0.0 	0 	0.0 	2.0 	27 	0.0 	0.0 	0.0 	0.0 	0.0 	2.7 	WR58		Tampa Bay Buccaneers	Minnesota Vikings	0 	0.0 	0 	0.0 	1.0 	40 	1.0 	0.0 	0.0 	0.0 	0.0 	10.0 	WR24		Tampa Bay Buccaneers	Green Bay Packers	0 	0.0 	0 	0.0 	2.0 	25 	0.0 	0.0 	0.0 	0.0 	0.0 	2.5 	WR62		Tampa Bay Buccaneers	Dallas Cowboys	0 	0.0 	0 	0.0 	2.4 	34 	0.2 	0.0 	0.0 	0.0 	0.0 	4.6 	WR55		Tampa Bay Buccaneers	Pittsburgh Steelers	0 	0.0 	0 	0.0 	2.2 	31 	0.2 	0.0 	0.0 	0.0 	0.0 	4.2 	WR61		Tampa Bay Buccaneers	Carolina Panthers	0 	0.0 	0 	0.0 	2.3 	34 	0.2 	0.0 	0.0 	0.0 	0.0 	4.7 	WR56		Tampa Bay Buccaneers	Atlanta Falcons	0 	0.0 	0 	0.0 	2.4 	34 	0.2 	0.0 	0.0 	0.0 	0.0 	4.8 	WR59		Tampa Bay Buccaneers	Chicago Bears	0 	0.0 	0 	0.0 	2.4 	35 	0.2 	0.0 	0.0 	0.0 	0.0 	4.8 	WR60		Tampa Bay Buccaneers	BYE	0 	0.0 	0 	0.0 	0.0 	0 	0.0 	0.0 	0.0 	0.0 	0.0 	0.0 	-		Tampa Bay Buccaneers	Detroit Lions	0 	0.0 	0 	0.0 	2.4 	35 	0.2 	0.0 	0.0 	0.0 	0.0 	4.8 	WR54		Tampa Bay Buccaneers	Carolina Panthers	0 	0.0 	0 	0.0 	2.4 	34 	0.2 	0.0 	0.0 	0.0 	0.0 	4.7 	WR64		Tampa Bay Buccaneers	Los Angeles Chargers	0 	0.0 	0 	0.0 	2.3 	33 	0.2 	0.0 	0.0 	0.0 	0.0 	4.6 	WR60		Tampa Bay Buccaneers	Baltimore Ravens	0 	0.0 	0 	0.0 	2.4 	35 	0.2 	0.0 	0.0 	0.0 	0.0 	4.7 	WR63		Tampa Bay Buccaneers	New Orleans Saints	0 	0.0 	0 	0.0 	2.4 	34 	0.2 	0.0 	0.0 	0.0 	0.0 	4.8 	WR66		Tampa Bay Buccaneers	Atlanta Falcons	0 	0.0 	0 	0.0 	2.3 	34 	0.2 	0.0 	0.0 	0.0 	0.0 	4.7 	WR68		Tampa Bay Buccaneers	Los Angeles Rams	0 	0.0 	0 	0.0 	2.4 	34 	0.2 	0.0 	0.0 	0.0 	0.0 	4.7 	WR67		Actual	Actual	Actual	Actual	Forecast	Forecast	Forecast	Forecast	Forecast	Forecast	Forecast	Forecast	Forecast	Forecast	Forecast	Forecast	Forecast		Healthy	Healthy	Healthy	Healthy	Healthy	Healthy	Healthy	Healthy	Healthy	Healthy	Healthy	Healthy	Healthy	Healthy	Healthy	Healthy	Healthy		Week 5 2026	10/9/2026	4:29:22 PM	16		15%	14%	0%	0%	0%	0%		0.0 	0	0	0	0	0	0.003062 
	Baker Mayfield	Tampa Bay Buccaneers	QB	QB28	15.4 	200 	2,861 	220.1 	17.9 	1.4 	242 	18.6 	2.4 	0.2 	0.0 	0.0 	0 	0.0 	0.0 	0.0 	8.4 	3.8 	0.0 	0.544 	0.460 	0.114 	0 	0.203 	0.000 	183 	146 	(37)	30 	18 	(12)	0.156 				-	-		-	-		-	-		-	-		11.6 	12.2 	11.3 	0.0 	0.0 	0.0 	16.5 	17.2 	16.5 	0.0 	16.5 	16.7 	16.0 	16.1 	17.0 	16.5 	16.2 		QB26	QB22	QB26	-	-	-	QB10	QB8	QB12	-	QB12	QB9	QB16	QB15	QB7	QB10	QB12		QB22	16.5 	224.6 	1.6 	17.7 	0.1 	0.0 	0.0 	0.0 	28 	0.644 	0.460 	0.143 	1 	0.509 	0.000 	117 	0.315 		165 		-	-		-	-		-	-		-	-		QB28	11.7 	748.7 	5.3 	58.9 	0.5 	0.0 	0.0 	0.0 	28 	0.315 	0.460 	0.143 	(0)	0.000 	0.000 	#N/A	0.076 		35.1 		-	-		-	-		-	-		-	-					Tampa Bay Buccaneers	Cincinnati Bengals	216 	0.0 	30 	1.0 	0.0 	0 	0.0 	0.0 	3.0 	0.0 	0.0 	11.6 	QB26		Tampa Bay Buccaneers	Cleveland Browns	182 	1.0 	29 	0.0 	0.0 	0 	0.0 	1.0 	0.0 	0.0 	0.0 	12.2 	QB22		Tampa Bay Buccaneers	Minnesota Vikings	217 	1.0 	6 	0.0 	0.0 	0 	0.0 	1.0 	0.0 	0.0 	0.0 	11.3 	QB26		Tampa Bay Buccaneers	Green Bay Packers	0 	0.0 	0 	0.0 	0.0 	0 	0.0 	0.0 	0.0 	0.0 	0.0 	0.0 	-		Tampa Bay Buccaneers	Dallas Cowboys	0 	0.0 	0 	0.0 	0.0 	0 	0.0 	0.0 	0.0 	0.0 	0.0 	0.0 	-		Tampa Bay Buccaneers	Pittsburgh Steelers	0 	0.0 	0 	0.0 	0.0 	0 	0.0 	0.0 	0.0 	0.0 	0.0 	0.0 	-		Tampa Bay Buccaneers	Carolina Panthers	221 	1.6 	18 	0.1 	0.0 	0 	0.0 	0.6 	0.1 	0.0 	0.0 	16.5 	QB10		Tampa Bay Buccaneers	Atlanta Falcons	223 	1.7 	20 	0.2 	0.0 	0 	0.0 	0.6 	0.1 	0.0 	0.0 	17.2 	QB8		Tampa Bay Buccaneers	Chicago Bears	228 	1.6 	17 	0.1 	0.0 	0 	0.0 	0.6 	0.1 	0.0 	0.0 	16.5 	QB12		Tampa Bay Buccaneers	BYE	0 	0.0 	0 	0.0 	0.0 	0 	0.0 	0.0 	0.0 	0.0 	0.0 	0.0 	-		Tampa Bay Buccaneers	Detroit Lions	228 	1.6 	17 	0.1 	0.0 	0 	0.0 	0.6 	0.1 	0.0 	0.0 	16.5 	QB12		Tampa Bay Buccaneers	Carolina Panthers	223 	1.6 	19 	0.2 	0.0 	0 	0.0 	0.6 	0.1 	0.0 	0.0 	16.7 	QB9		Tampa Bay Buccaneers	Los Angeles Chargers	221 	1.5 	17 	0.1 	0.0 	0 	0.0 	0.6 	0.1 	0.0 	0.0 	16.0 	QB16		Tampa Bay Buccaneers	Baltimore Ravens	228 	1.5 	16 	0.1 	0.0 	0 	0.0 	0.6 	0.1 	0.0 	0.0 	16.1 	QB15		Tampa Bay Buccaneers	New Orleans Saints	225 	1.7 	19 	0.2 	0.0 	0 	0.0 	0.6 	0.1 	0.0 	0.0 	17.0 	QB7		Tampa Bay Buccaneers	Atlanta Falcons	221 	1.6 	18 	0.1 	0.0 	0 	0.0 	0.6 	0.1 	0.0 	0.0 	16.5 	QB10		Tampa Bay Buccaneers	Los Angeles Rams	226 	1.6 	16 	0.1 	0.0 	0 	0.0 	0.6 	0.1 	0.0 	0.0 	16.2 	QB12		Actual	Actual	Actual	Actual	Forecast	Forecast	Forecast	Forecast	Forecast	Forecast	Forecast	Forecast	Forecast	Forecast	Forecast	Forecast	Forecast		Healthy	Healthy	Healthy	Injured	Injured	Injured	Healthy	Healthy	Healthy	Healthy	Healthy	Healthy	Healthy	Healthy	Healthy	Healthy	Healthy		Week 5 2026	10/9/2026	4:29:22 PM	16		0%	0%	15%	17%	99%	99%		0.2 	0	0	1	1	1	
	Cooper Kupp	Seattle Seahawks	WR	WR66	4.5 	71 	0 	0.0 	0.0 	0.0 	0 	0.0 	0.0 	0.0 	39.2 	2.5 	492 	30.7 	3.7 	0.2 	0.0 	0.1 	0.0 	0.194 	1.000 	0.340 	(0)	0.000 	0.000 	167 	287 	120 	66 	97 	31 	0.182 																3.5 	2.0 	10.6 	1.3 	4.5 	4.3 	4.5 	4.6 	4.7 	4.4 	0.0 	4.5 	4.6 	4.5 	4.3 	4.5 	4.4 		WR56	WR69	WR22	WR69	WR56	WR60	WR59	WR63	WR62	WR62	-	WR70	WR59	WR68	WR73	WR69	WR72		WR70	4.5 	0.0 	0.0 	0.0 	0.0 	2.5 	31.5 	0.2 	70 	0.210 	1.000 	0.300 	(0)	0.000 	0.000 	180 	0.166 		54 		-	-		-	-		-	-		-	-		WR67	4.4 	0.0 	0.0 	0.0 	0.0 	7.6 	94.4 	0.7 	67 	0.156 	1.000 	0.330 	(0)	0.000 	0.000 	#N/A	0.172 		17.4 		-	-		-	-		-	-		-	-					Seattle Seahawks	New England Patriots	0 	0.0 	0 	0.0 	2.0 	35 	0.0 	0.0 	0.0 	0.0 	0.0 	3.5 	WR56		Seattle Seahawks	Arizona Cardinals	0 	0.0 	0 	0.0 	2.0 	20 	0.0 	0.0 	0.0 	0.0 	0.0 	2.0 	WR69		Seattle Seahawks	Washington Commanders	0 	0.0 	0 	0.0 	4.0 	46 	1.0 	0.0 	0.0 	0.0 	0.0 	10.6 	WR22		Seattle Seahawks	Los Angeles Chargers	0 	0.0 	0 	0.0 	1.0 	13 	0.0 	0.0 	0.0 	0.0 	0.0 	1.3 	WR69		Seattle Seahawks	San Francisco 49ers	0 	0.0 	0 	0.0 	2.5 	32 	0.2 	0.0 	0.0 	0.0 	0.0 	4.5 	WR56		Seattle Seahawks	Denver Broncos	0 	0.0 	0 	0.0 	2.4 	31 	0.2 	0.0 	0.0 	0.0 	0.0 	4.3 	WR60		Seattle Seahawks	Kansas City Chiefs	0 	0.0 	0 	0.0 	2.5 	32 	0.2 	0.0 	0.0 	0.0 	0.0 	4.5 	WR59		Seattle Seahawks	Chicago Bears	0 	0.0 	0 	0.0 	2.6 	32 	0.2 	0.0 	0.0 	0.0 	0.0 	4.6 	WR63		Seattle Seahawks	Arizona Cardinals	0 	0.0 	0 	0.0 	2.6 	32 	0.3 	0.0 	0.0 	0.0 	0.0 	4.7 	WR62		Seattle Seahawks	Las Vegas Raiders	0 	0.0 	0 	0.0 	2.5 	31 	0.2 	0.0 	0.0 	0.0 	0.0 	4.4 	WR62		Seattle Seahawks	BYE	0 	0.0 	0 	0.0 	0.0 	0 	0.0 	0.0 	0.0 	0.0 	0.0 	0.0 	-		Seattle Seahawks	San Francisco 49ers	0 	0.0 	0 	0.0 	2.5 	32 	0.2 	0.0 	0.0 	0.0 	0.0 	4.5 	WR70		Seattle Seahawks	Dallas Cowboys	0 	0.0 	0 	0.0 	2.6 	32 	0.2 	0.0 	0.0 	0.0 	0.0 	4.6 	WR59		Seattle Seahawks	New York Giants	0 	0.0 	0 	0.0 	2.5 	31 	0.2 	0.0 	0.0 	0.0 	0.0 	4.5 	WR68		Seattle Seahawks	Philadelphia Eagles	0 	0.0 	0 	0.0 	2.5 	31 	0.2 	0.0 	0.0 	0.0 	0.0 	4.3 	WR73		Seattle Seahawks	Los Angeles Rams	0 	0.0 	0 	0.0 	2.5 	32 	0.2 	0.0 	0.0 	0.0 	0.0 	4.5 	WR69		Seattle Seahawks	Carolina Panthers	0 	0.0 	0 	0.0 	2.5 	31 	0.2 	0.0 	0.0 	0.0 	0.0 	4.4 	WR72		Actual	Actual	Actual	Actual	Forecast	Forecast	Forecast	Forecast	Forecast	Forecast	Forecast	Forecast	Forecast	Forecast	Forecast	Forecast	Forecast		Healthy	Healthy	Healthy	Healthy	Healthy	Healthy	Healthy	Healthy	Healthy	Healthy	Healthy	Healthy	Healthy	Healthy	Healthy	Healthy	Healthy		Week 5 2026	10/9/2026	4:29:22 PM	16		13%	13%	0%	0%	0%	0%		(0.0)	0	0	0	0	0	(0.005420)
	Jadarian Price	Seattle Seahawks	RB	RB55	4.8 	58 	0 	0.0 	0.0 	0.0 	407 	33.9 	2.0 	0.2 	11.3 	0.9 	86 	7.2 	0.3 	0.0 	0.0 	2.8 	0.0 	0.158 	1.000 	0.328 	(0)	0.000 	0.000 	173 	65 	(108)	55 	29 	(26)	0.171 				-	-		-	-		-	-		-	-		5.8 	4.0 	0.2 	0.0 	0.0 	0.0 	0.0 	5.4 	6.3 	5.5 	0.0 	5.0 	5.5 	5.7 	4.4 	5.0 	5.2 		RB35	RB39	RB62	-	-	-	-	RB38	RB36	RB36	-	RB47	RB40	RB40	RB50	RB44	RB45		RB50	5.3 	0.0 	0.0 	32.0 	0.2 	0.8 	7.3 	0.0 	50 	0.187 	1.000 	0.392 	(0)	0.000 	0.000 	163 	0.204 		48 		-	-		-	-		-	-		-	-		RB61	3.3 	0.0 	0.0 	96.1 	0.7 	2.4 	21.8 	0.1 	61 	0.090 	1.000 	0.251 	(1)	0.000 	0.000 	#N/A	0.126 		10.0 		-	-		-	-		-	-		-	-					Seattle Seahawks	New England Patriots	0 	0.0 	52 	0.0 	2.0 	6 	0.0 	0.0 	0.0 	0.0 	0.0 	5.8 	RB35		Seattle Seahawks	Arizona Cardinals	0 	0.0 	52 	0.0 	1.0 	8 	0.0 	0.0 	1.0 	0.0 	0.0 	4.0 	RB39		Seattle Seahawks	Washington Commanders	0 	0.0 	15 	0.0 	1.0 	7 	0.0 	0.0 	1.0 	0.0 	0.0 	0.2 	RB62		Seattle Seahawks	Los Angeles Chargers	0 	0.0 	0 	0.0 	0.0 	0 	0.0 	0.0 	0.0 	0.0 	0.0 	0.0 	-		Seattle Seahawks	San Francisco 49ers	0 	0.0 	0 	0.0 	0.0 	0 	0.0 	0.0 	0.0 	0.0 	0.0 	0.0 	-		Seattle Seahawks	Denver Broncos	0 	0.0 	0 	0.0 	0.0 	0 	0.0 	0.0 	0.0 	0.0 	0.0 	0.0 	-		Seattle Seahawks	Kansas City Chiefs	0 	0.0 	0 	0.0 	0.0 	0 	0.0 	0.0 	0.0 	0.0 	0.0 	0.0 	-		Seattle Seahawks	Chicago Bears	0 	0.0 	32 	0.2 	0.8 	7 	0.0 	0.0 	0.1 	0.0 	0.0 	5.4 	RB38		Seattle Seahawks	Arizona Cardinals	0 	0.0 	37 	0.3 	0.8 	7 	0.0 	0.0 	0.1 	0.0 	0.0 	6.3 	RB36		Seattle Seahawks	Las Vegas Raiders	0 	0.0 	33 	0.2 	0.8 	7 	0.0 	0.0 	0.1 	0.0 	0.0 	5.5 	RB36		Seattle Seahawks	BYE	0 	0.0 	0 	0.0 	0.0 	0 	0.0 	0.0 	0.0 	0.0 	0.0 	0.0 	-		Seattle Seahawks	San Francisco 49ers	0 	0.0 	30 	0.2 	0.8 	7 	0.0 	0.0 	0.1 	0.0 	0.0 	5.0 	RB47		Seattle Seahawks	Dallas Cowboys	0 	0.0 	33 	0.2 	0.8 	7 	0.0 	0.0 	0.1 	0.0 	0.0 	5.5 	RB40		Seattle Seahawks	New York Giants	0 	0.0 	34 	0.2 	0.8 	7 	0.0 	0.0 	0.1 	0.0 	0.0 	5.7 	RB40		Seattle Seahawks	Philadelphia Eagles	0 	0.0 	27 	0.2 	0.8 	7 	0.0 	0.0 	0.1 	0.0 	0.0 	4.4 	RB50		Seattle Seahawks	Los Angeles Rams	0 	0.0 	30 	0.2 	0.8 	7 	0.0 	0.0 	0.1 	0.0 	0.0 	5.0 	RB44		Seattle Seahawks	Carolina Panthers	0 	0.0 	31 	0.2 	0.8 	7 	0.0 	0.0 	0.1 	0.0 	0.0 	5.2 	RB45		Actual	Actual	Actual	Actual	Forecast	Forecast	Forecast	Forecast	Forecast	Forecast	Forecast	Forecast	Forecast	Forecast	Forecast	Forecast	Forecast		Healthy	Healthy	Healthy	Injured	Injured	Injured	Injured	Healthy	Healthy	Healthy	Healthy	Healthy	Healthy	Healthy	Healthy	Healthy	Healthy		Week 5 2026	10/9/2026	4:29:22 PM	16		3%	2%	28%	25%	0%	0%		0.1 	0	0	1	1	1	
	Cade Otton	Tampa Bay Buccaneers	TE	TE24	4.5 	72 	0 	0.0 	0.0 	0.0 	0 	0.0 	0.0 	0.0 	54.0 	3.4 	563 	35.2 	2.6 	0.2 	0.0 	0.1 	0.0 	0.195 	0.560 	0.357 	(0)	0.000 	0.000 	172 	197 	25 	24 	28 	4 	0.172 				-	-		-	-		-	-		-	-		2.6 	3.8 	5.6 	3.7 	4.6 	4.2 	4.7 	4.8 	4.8 	0.0 	4.8 	4.7 	4.6 	4.7 	4.8 	4.7 	4.7 		TE24	TE18	TE14	TE21	TE24	TE23	TE23	TE21	TE24	-	TE22	TE24	TE21	TE22	TE25	TE25	TE25		TE26	4.7 	0.0 	0.0 	0.0 	0.0 	3.3 	33.8 	0.2 	26 	0.219 	0.560 	0.338 	0 	0.031 	0.000 	173 	0.182 		56 		-	-		-	-		-	-		-	-		TE28	3.9 	0.0 	0.0 	0.0 	0.0 	9.8 	101.5 	0.7 	28 	0.141 	0.560 	0.318 	(0)	0.000 	0.000 	#N/A	0.148 		15.7 		-	-		-	-		-	-		-	-					Tampa Bay Buccaneers	Cincinnati Bengals	0 	0.0 	0 	0.0 	3.0 	26 	0.0 	0.0 	0.0 	0.0 	0.0 	2.6 	TE24		Tampa Bay Buccaneers	Cleveland Browns	0 	0.0 	0 	0.0 	5.0 	38 	0.0 	0.0 	0.0 	0.0 	0.0 	3.8 	TE18		Tampa Bay Buccaneers	Minnesota Vikings	0 	0.0 	0 	0.0 	3.0 	56 	0.0 	0.0 	0.0 	0.0 	0.0 	5.6 	TE14		Tampa Bay Buccaneers	Green Bay Packers	0 	0.0 	0 	0.0 	4.0 	37 	0.0 	0.0 	0.0 	0.0 	0.0 	3.7 	TE21		Tampa Bay Buccaneers	Dallas Cowboys	0 	0.0 	0 	0.0 	3.3 	34 	0.2 	0.0 	0.0 	0.0 	0.0 	4.6 	TE24		Tampa Bay Buccaneers	Pittsburgh Steelers	0 	0.0 	0 	0.0 	3.0 	31 	0.2 	0.0 	0.0 	0.0 	0.0 	4.2 	TE23		Tampa Bay Buccaneers	Carolina Panthers	0 	0.0 	0 	0.0 	3.2 	34 	0.2 	0.0 	0.0 	0.0 	0.0 	4.7 	TE23		Tampa Bay Buccaneers	Atlanta Falcons	0 	0.0 	0 	0.0 	3.3 	34 	0.2 	0.0 	0.0 	0.0 	0.0 	4.8 	TE21		Tampa Bay Buccaneers	Chicago Bears	0 	0.0 	0 	0.0 	3.3 	35 	0.2 	0.0 	0.0 	0.0 	0.0 	4.8 	TE24		Tampa Bay Buccaneers	BYE	0 	0.0 	0 	0.0 	0.0 	0 	0.0 	0.0 	0.0 	0.0 	0.0 	0.0 	-		Tampa Bay Buccaneers	Detroit Lions	0 	0.0 	0 	0.0 	3.3 	35 	0.2 	0.0 	0.0 	0.0 	0.0 	4.8 	TE22		Tampa Bay Buccaneers	Carolina Panthers	0 	0.0 	0 	0.0 	3.3 	34 	0.2 	0.0 	0.0 	0.0 	0.0 	4.7 	TE24		Tampa Bay Buccaneers	Los Angeles Chargers	0 	0.0 	0 	0.0 	3.2 	33 	0.2 	0.0 	0.0 	0.0 	0.0 	4.6 	TE21		Tampa Bay Buccaneers	Baltimore Ravens	0 	0.0 	0 	0.0 	3.3 	35 	0.2 	0.0 	0.0 	0.0 	0.0 	4.7 	TE22		Tampa Bay Buccaneers	New Orleans Saints	0 	0.0 	0 	0.0 	3.3 	34 	0.2 	0.0 	0.0 	0.0 	0.0 	4.8 	TE25		Tampa Bay Buccaneers	Atlanta Falcons	0 	0.0 	0 	0.0 	3.2 	34 	0.2 	0.0 	0.0 	0.0 	0.0 	4.7 	TE25		Tampa Bay Buccaneers	Los Angeles Rams	0 	0.0 	0 	0.0 	3.3 	34 	0.2 	0.0 	0.0 	0.0 	0.0 	4.7 	TE25		Actual	Actual	Actual	Actual	Forecast	Forecast	Forecast	Forecast	Forecast	Forecast	Forecast	Forecast	Forecast	Forecast	Forecast	Forecast	Forecast		Healthy	Healthy	Healthy	Healthy	Healthy	Healthy	Healthy	Healthy	Healthy	Healthy	Healthy	Healthy	Healthy	Healthy	Healthy	Healthy	Healthy		Week 5 2026	10/9/2026	4:29:22 PM	16		15%	14%	0%	0%	0%	0%		0.0 	0	0	0	0	0	0.033324 
	Quentin Johnston	Los Angeles Chargers	WR	WR68	4.4 	70 	0 	0.0 	0.0 	0.0 	3 	0.2 	0.0 	0.0 	38.1 	2.4 	491 	30.7 	3.5 	0.2 	0.0 	0.1 	0.0 	0.191 	1.000 	0.320 	(0)	0.000 	0.000 	171 	106 	(65)	68 	43 	(25)	0.173 				-	-		-	-		-	-		-	-		1.7 	1.4 	4.0 	4.0 	4.4 	4.8 	0.0 	5.1 	4.9 	5.0 	4.8 	5.0 	5.1 	5.0 	5.1 	5.0 	5.0 		WR79	WR74	WR51	WR51	WR61	WR51	-	WR53	WR59	WR51	WR52	WR61	WR52	WR58	WR59	WR60	WR61		WR59	4.9 	0.0 	0.0 	0.0 	0.0 	2.6 	31.9 	0.3 	59 	0.230 	1.000 	0.410 	(0)	0.000 	0.000 	158 	0.219 		59 		-	-		-	-		-	-		-	-		WR90	2.8 	0.0 	0.0 	0.0 	0.0 	7.8 	95.8 	0.9 	90 	0.100 	1.000 	0.100 	(1)	0.000 	0.000 	#N/A	0.060 		11.1 		-	-		-	-		-	-		-	-					Los Angeles Chargers	Arizona Cardinals	0 	0.0 	0 	0.0 	2.0 	17 	0.0 	0.0 	0.0 	0.0 	0.0 	1.7 	WR79		Los Angeles Chargers	Las Vegas Raiders	0 	0.0 	7 	0.0 	1.0 	7 	0.0 	0.0 	0.0 	0.0 	0.0 	1.4 	WR74		Los Angeles Chargers	Buffalo Bills	0 	0.0 	0 	0.0 	3.0 	40 	0.0 	0.0 	0.0 	0.0 	0.0 	4.0 	WR51		Los Angeles Chargers	Seattle Seahawks	0 	0.0 	(4)	0.0 	1.0 	44 	0.0 	0.0 	0.0 	0.0 	0.0 	4.0 	WR51		Los Angeles Chargers	Denver Broncos	0 	0.0 	0 	0.0 	2.4 	30 	0.2 	0.0 	0.0 	0.0 	0.0 	4.4 	WR61		Los Angeles Chargers	Kansas City Chiefs	0 	0.0 	0 	0.0 	2.6 	33 	0.3 	0.0 	0.0 	0.0 	0.0 	4.8 	WR51		Los Angeles Chargers	BYE	0 	0.0 	0 	0.0 	0.0 	0 	0.0 	0.0 	0.0 	0.0 	0.0 	0.0 	-		Los Angeles Chargers	Los Angeles Rams	0 	0.0 	0 	0.0 	2.7 	33 	0.3 	0.0 	0.0 	0.0 	0.0 	5.1 	WR53		Los Angeles Chargers	Houston Texans	0 	0.0 	0 	0.0 	2.6 	32 	0.3 	0.0 	0.0 	0.0 	0.0 	4.9 	WR59		Los Angeles Chargers	Baltimore Ravens	0 	0.0 	0 	0.0 	2.7 	33 	0.3 	0.0 	0.0 	0.0 	0.0 	5.0 	WR51		Los Angeles Chargers	New York Jets	0 	0.0 	0 	0.0 	2.5 	31 	0.3 	0.0 	0.0 	0.0 	0.0 	4.8 	WR52		Los Angeles Chargers	New England Patriots	0 	0.0 	0 	0.0 	2.6 	32 	0.3 	0.0 	0.0 	0.0 	0.0 	5.0 	WR61		Los Angeles Chargers	Tampa Bay Buccaneers	0 	0.0 	0 	0.0 	2.6 	33 	0.3 	0.0 	0.0 	0.0 	0.0 	5.1 	WR52		Los Angeles Chargers	Las Vegas Raiders	0 	0.0 	0 	0.0 	2.6 	32 	0.3 	0.0 	0.0 	0.0 	0.0 	5.0 	WR58		Los Angeles Chargers	San Francisco 49ers	0 	0.0 	0 	0.0 	2.7 	33 	0.3 	0.0 	0.0 	0.0 	0.0 	5.1 	WR59		Los Angeles Chargers	Miami Dolphins	0 	0.0 	0 	0.0 	2.6 	32 	0.3 	0.0 	0.0 	0.0 	0.0 	5.0 	WR60		Los Angeles Chargers	Kansas City Chiefs	0 	0.0 	0 	0.0 	2.6 	32 	0.3 	0.0 	0.0 	0.0 	0.0 	5.0 	WR61		Actual	Actual	Actual	Actual	Forecast	Forecast	Forecast	Forecast	Forecast	Forecast	Forecast	Forecast	Forecast	Forecast	Forecast	Forecast	Forecast		Healthy	Healthy	Healthy	Healthy	Limited / Handicapped	Healthy	Healthy	Healthy	Healthy	Healthy	Healthy	Healthy	Healthy	Healthy	Healthy	Healthy	Healthy		Week 5 2026	10/9/2026	4:29:22 PM	16		15%	19%	0%	0%	0%	0%		0.2 	0	0	0	0	0	0.159107 
	George Holani	Seattle Seahawks	RB	RB58	3.1 	49 	0 	0.0 	0.0 	0.0 	157 	9.8 	0.6 	0.0 	24.9 	1.6 	226 	14.1 	1.2 	0.1 	0.0 	0.3 	0.0 	0.133 	1.000 	0.289 	(1)	0.000 	0.000 	185 	245 	60 	58 	74 	16 	0.150 				-	-		-	-		-	-		-	-		2.9 	1.5 	5.8 	2.0 	5.7 	2.6 	2.8 	2.9 	3.1 	2.8 	0.0 	2.8 	2.9 	2.9 	2.6 	2.8 	2.8 		RB48	RB55	RB30	RB51	RB37	RB51	RB50	RB52	RB52	RB51	-	RB59	RB53	RB56	RB64	RB61	RB58		RB60	3.1 	0.0 	0.0 	7.3 	0.1 	1.5 	14.5 	0.1 	60 	0.143 	1.000 	0.264 	(1)	0.000 	0.000 	194 	0.140 		37 		-	-		-	-		-	-		-	-		RB51	3.1 	0.0 	0.0 	21.9 	0.2 	4.5 	43.4 	0.3 	51 	0.109 	1.000 	0.379 	(1)	0.000 	0.000 	#N/A	0.187 		12.2 		-	-		-	-		-	-		-	-					Seattle Seahawks	New England Patriots	0 	0.0 	29 	0.0 	0.0 	0 	0.0 	0.0 	0.0 	0.0 	0.0 	2.9 	RB48		Seattle Seahawks	Arizona Cardinals	0 	0.0 	13 	0.0 	1.0 	2 	0.0 	0.0 	0.0 	0.0 	0.0 	1.5 	RB55		Seattle Seahawks	Washington Commanders	0 	0.0 	10 	0.0 	5.0 	48 	0.0 	0.0 	0.0 	0.0 	0.0 	5.8 	RB30		Seattle Seahawks	Los Angeles Chargers	0 	0.0 	18 	0.0 	1.0 	2 	0.0 	0.0 	0.0 	0.0 	0.0 	2.0 	RB51		Seattle Seahawks	San Francisco 49ers	0 	0.0 	25 	0.2 	1.4 	14 	0.1 	0.0 	0.1 	0.0 	0.0 	5.7 	RB37		Seattle Seahawks	Denver Broncos	0 	0.0 	5 	0.0 	1.5 	14 	0.1 	0.0 	0.0 	0.0 	0.0 	2.6 	RB51		Seattle Seahawks	Kansas City Chiefs	0 	0.0 	5 	0.0 	1.5 	15 	0.1 	0.0 	0.0 	0.0 	0.0 	2.8 	RB50		Seattle Seahawks	Chicago Bears	0 	0.0 	6 	0.0 	1.5 	15 	0.1 	0.0 	0.0 	0.0 	0.0 	2.9 	RB52		Seattle Seahawks	Arizona Cardinals	0 	0.0 	7 	0.0 	1.5 	15 	0.1 	0.0 	0.0 	0.0 	0.0 	3.1 	RB52		Seattle Seahawks	Las Vegas Raiders	0 	0.0 	6 	0.0 	1.5 	14 	0.1 	0.0 	0.0 	0.0 	0.0 	2.8 	RB51		Seattle Seahawks	BYE	0 	0.0 	0 	0.0 	0.0 	0 	0.0 	0.0 	0.0 	0.0 	0.0 	0.0 	-		Seattle Seahawks	San Francisco 49ers	0 	0.0 	5 	0.0 	1.5 	15 	0.1 	0.0 	0.0 	0.0 	0.0 	2.8 	RB59		Seattle Seahawks	Dallas Cowboys	0 	0.0 	6 	0.0 	1.5 	15 	0.1 	0.0 	0.0 	0.0 	0.0 	2.9 	RB53		Seattle Seahawks	New York Giants	0 	0.0 	6 	0.0 	1.5 	15 	0.1 	0.0 	0.0 	0.0 	0.0 	2.9 	RB56		Seattle Seahawks	Philadelphia Eagles	0 	0.0 	5 	0.0 	1.5 	14 	0.1 	0.0 	0.0 	0.0 	0.0 	2.6 	RB64		Seattle Seahawks	Los Angeles Rams	0 	0.0 	5 	0.0 	1.5 	15 	0.1 	0.0 	0.0 	0.0 	0.0 	2.8 	RB61		Seattle Seahawks	Carolina Panthers	0 	0.0 	6 	0.0 	1.5 	14 	0.1 	0.0 	0.0 	0.0 	0.0 	2.8 	RB58		Actual	Actual	Actual	Actual	Forecast	Forecast	Forecast	Forecast	Forecast	Forecast	Forecast	Forecast	Forecast	Forecast	Forecast	Forecast	Forecast		Healthy	Healthy	Healthy	Healthy	Limited / Handicapped	Healthy	Healthy	Healthy	Healthy	Healthy	Healthy	Healthy	Healthy	Healthy	Healthy	Healthy	Healthy		Week 5 2026	10/9/2026	4:29:22 PM	16		6%	6%	5%	4%	0%	0%		(0.0)	0	0	0	0	0	(0.046922)
	Hunter Henry	New England Patriots	TE	TE25	4.5 	71 	0 	0.0 	0.0 	0.0 	0 	0.0 	0.0 	0.0 	46.9 	2.9 	538 	33.6 	2.9 	0.2 	0.0 	0.1 	0.0 	0.194 	0.560 	0.347 	(0)	0.000 	0.000 	174 	125 	(49)	25 	17 	(8)	0.168 				-	-		-	-		-	-		-	-		2.6 	4.0 	0.5 	6.2 	6.0 	5.9 	4.7 	4.7 	4.7 	4.7 	0.0 	4.5 	4.8 	4.6 	4.5 	4.4 	4.5 		TE24	TE17	TE31	TE15	TE11	TE13	TE24	TE22	TE25	TE23	-	TE26	TE19	TE24	TE26	TE26	TE26		TE25	4.8 	0.0 	0.0 	0.0 	0.0 	2.9 	33.8 	0.2 	25 	0.226 	0.560 	0.347 	0 	0.054 	0.000 	167 	0.197 		58 		-	-		-	-		-	-		-	-		TE30	3.3 	0.0 	0.0 	0.0 	0.0 	8.7 	101.3 	0.7 	30 	0.119 	0.560 	0.299 	(0)	0.000 	0.000 	#N/A	0.137 		13.3 		-	-		-	-		-	-		-	-					New England Patriots	Seattle Seahawks	0 	0.0 	0 	0.0 	3.0 	26 	0.0 	0.0 	0.0 	0.0 	0.0 	2.6 	TE24		New England Patriots	Pittsburgh Steelers	0 	0.0 	0 	0.0 	3.0 	40 	0.0 	0.0 	0.0 	0.0 	0.0 	4.0 	TE17		New England Patriots	Jacksonville Jaguars	0 	0.0 	0 	0.0 	1.0 	5 	0.0 	0.0 	0.0 	0.0 	0.0 	0.5 	TE31		New England Patriots	Buffalo Bills	0 	0.0 	0 	0.0 	5.0 	62 	0.0 	0.0 	0.0 	0.0 	0.0 	6.2 	TE15		New England Patriots	Las Vegas Raiders	0 	0.0 	0 	0.0 	3.6 	42 	0.3 	0.0 	0.0 	0.0 	0.0 	6.0 	TE11		New England Patriots	New York Jets	0 	0.0 	0 	0.0 	3.5 	41 	0.3 	0.0 	0.0 	0.0 	0.0 	5.9 	TE13		New England Patriots	Chicago Bears	0 	0.0 	0 	0.0 	2.8 	33 	0.2 	0.0 	0.0 	0.0 	0.0 	4.7 	TE24		New England Patriots	Miami Dolphins	0 	0.0 	0 	0.0 	2.8 	32 	0.2 	0.0 	0.0 	0.0 	0.0 	4.7 	TE22		New England Patriots	Green Bay Packers	0 	0.0 	0 	0.0 	2.8 	33 	0.2 	0.0 	0.0 	0.0 	0.0 	4.7 	TE25		New England Patriots	Detroit Lions	0 	0.0 	0 	0.0 	2.8 	33 	0.2 	0.0 	0.0 	0.0 	0.0 	4.7 	TE23		New England Patriots	BYE	0 	0.0 	0 	0.0 	0.0 	0 	0.0 	0.0 	0.0 	0.0 	0.0 	0.0 	-		New England Patriots	Los Angeles Chargers	0 	0.0 	0 	0.0 	2.8 	32 	0.2 	0.0 	0.0 	0.0 	0.0 	4.5 	TE26		New England Patriots	Buffalo Bills	0 	0.0 	0 	0.0 	2.9 	33 	0.2 	0.0 	0.0 	0.0 	0.0 	4.8 	TE19		New England Patriots	Minnesota Vikings	0 	0.0 	0 	0.0 	2.7 	32 	0.2 	0.0 	0.0 	0.0 	0.0 	4.6 	TE24		New England Patriots	Kansas City Chiefs	0 	0.0 	0 	0.0 	2.8 	32 	0.2 	0.0 	0.0 	0.0 	0.0 	4.5 	TE26		New England Patriots	New York Jets	0 	0.0 	0 	0.0 	2.7 	31 	0.2 	0.0 	0.0 	0.0 	0.0 	4.4 	TE26		New England Patriots	Denver Broncos	0 	0.0 	0 	0.0 	2.7 	32 	0.2 	0.0 	0.0 	0.0 	0.0 	4.5 	TE26		Actual	Actual	Actual	Actual	Forecast	Forecast	Forecast	Forecast	Forecast	Forecast	Forecast	Forecast	Forecast	Forecast	Forecast	Forecast	Forecast		Healthy	Healthy	Healthy	Healthy	Healthy	Healthy	Healthy	Healthy	Healthy	Healthy	Healthy	Healthy	Healthy	Healthy	Healthy	Healthy	Healthy		Week 5 2026	10/9/2026	4:29:22 PM	16		14%	15%	0%	0%	0%	0%		0.1 	0	0	0	0	0	0.059827 
	Malik Willis	Miami Dolphins	QB	QB29	14.3 	230 	3,312 	207.0 	15.7 	1.0 	411 	25.7 	3.1 	0.2 	0.0 	0.0 	0 	0.0 	0.0 	0.0 	9.7 	2.9 	0.0 	0.624 	0.460 	0.186 	0 	0.110 	0.000 	186 	149 	(37)	25 	19 	(6)	0.150 				-	-		-	-		-	-		-	-		16.7 	12.5 	10.0 	2.5 	15.2 	0.0 	15.5 	15.7 	16.3 	16.3 	15.2 	16.1 	14.4 	16.3 	14.9 	15.7 	16.2 		QB14	QB21	QB28	QB32	QB19	-	QB18	QB17	QB13	QB9	QB20	QB17	QB24	QB13	QB24	QB19	QB13		QB18	15.7 	216.7 	1.2 	24.9 	0.2 	0.0 	0.0 	0.0 	18 	0.732 	0.460 	0.279 	1 	0.421 	0.000 	104 	0.346 		188 		-	-		-	-		-	-		-	-		QB25	10.4 	650.1 	3.7 	74.7 	0.5 	0.0 	0.0 	0.0 	25 	0.374 	0.460 	0.186 	(0)	0.000 	0.000 	#N/A	0.098 		41.7 		-	-		-	-		-	-		-	-					Miami Dolphins	Las Vegas Raiders	220 	0.0 	39 	1.0 	0.0 	0 	0.0 	1.0 	0.0 	0.0 	0.0 	16.7 	QB14		Miami Dolphins	San Francisco 49ers	197 	1.0 	6 	0.0 	0.0 	0 	0.0 	0.0 	0.0 	0.0 	0.0 	12.5 	QB21		Miami Dolphins	Kansas City Chiefs	210 	0.0 	56 	0.0 	0.0 	0 	0.0 	1.0 	1.0 	0.0 	0.0 	10.0 	QB28		Miami Dolphins	Minnesota Vikings	85 	0.0 	11 	0.0 	0.0 	0 	0.0 	0.0 	1.0 	0.0 	0.0 	2.5 	QB32		Miami Dolphins	Cincinnati Bengals	213 	1.2 	24 	0.2 	0.0 	0 	0.0 	0.6 	0.1 	0.0 	0.0 	15.2 	QB19		Miami Dolphins	BYE	0 	0.0 	0 	0.0 	0.0 	0 	0.0 	0.0 	0.0 	0.0 	0.0 	0.0 	-		Miami Dolphins	New York Jets	209 	1.2 	27 	0.2 	0.0 	0 	0.0 	0.6 	0.1 	0.0 	0.0 	15.5 	QB18		Miami Dolphins	New England Patriots	217 	1.2 	25 	0.2 	0.0 	0 	0.0 	0.6 	0.1 	0.0 	0.0 	15.7 	QB17		Miami Dolphins	Detroit Lions	222 	1.3 	25 	0.2 	0.0 	0 	0.0 	0.6 	0.1 	0.0 	0.0 	16.3 	QB13		Miami Dolphins	Indianapolis Colts	222 	1.3 	25 	0.2 	0.0 	0 	0.0 	0.6 	0.1 	0.0 	0.0 	16.3 	QB9		Miami Dolphins	Buffalo Bills	217 	1.2 	23 	0.2 	0.0 	0 	0.0 	0.6 	0.1 	0.0 	0.0 	15.2 	QB20		Miami Dolphins	New York Jets	209 	1.2 	29 	0.2 	0.0 	0 	0.0 	0.6 	0.1 	0.0 	0.0 	16.1 	QB17		Miami Dolphins	Denver Broncos	211 	1.1 	22 	0.1 	0.0 	0 	0.0 	0.6 	0.1 	0.0 	0.0 	14.4 	QB24		Miami Dolphins	Chicago Bears	222 	1.3 	25 	0.2 	0.0 	0 	0.0 	0.6 	0.1 	0.0 	0.0 	16.3 	QB13		Miami Dolphins	Green Bay Packers	215 	1.1 	23 	0.2 	0.0 	0 	0.0 	0.6 	0.1 	0.0 	0.0 	14.9 	QB24		Miami Dolphins	Los Angeles Chargers	217 	1.2 	25 	0.2 	0.0 	0 	0.0 	0.6 	0.1 	0.0 	0.0 	15.7 	QB19		Miami Dolphins	Buffalo Bills	225 	1.3 	24 	0.2 	0.0 	0 	0.0 	0.6 	0.1 	0.0 	0.0 	16.2 	QB13		Actual	Actual	Actual	Actual	Forecast	Forecast	Forecast	Forecast	Forecast	Forecast	Forecast	Forecast	Forecast	Forecast	Forecast	Forecast	Forecast		Healthy	Healthy	Healthy	Healthy	Healthy	Healthy	Healthy	Healthy	Healthy	Healthy	Healthy	Healthy	Healthy	Healthy	Healthy	Healthy	Healthy		Week 5 2026	10/9/2026	4:29:22 PM	16		0%	0%	24%	22%	99%	99%		0.2 	0	0	0	0	0	0.247368 
	Jaylin Noel	Houston Texans	WR	WR64	4.5 	72 	0 	0.0 	0.0 	0.0 	25 	1.6 	0.0 	0.0 	33.3 	2.1 	569 	35.5 	2.1 	0.1 	0.0 	0.1 	0.0 	0.195 	1.000 	0.360 	(0)	0.000 	0.000 	160 	259 	99 	64 	85 	21 	0.191 				-	-		-	-		-	-		-	-		5.3 	4.4 	2.5 	8.9 	4.1 	4.2 	4.4 	0.0 	4.2 	4.1 	4.5 	4.4 	4.2 	4.3 	4.4 	3.9 	4.1 		WR39	WR39	WR63	WR26	WR63	WR62	WR60	-	WR68	WR64	WR62	WR73	WR66	WR70	WR72	WR75	WR74		WR73	4.2 	0.0 	0.0 	0.0 	0.0 	2.1 	31.9 	0.2 	73 	0.198 	1.000 	0.270 	(0)	0.000 	0.000 	189 	0.151 		51 		-	-		-	-		-	-		-	-		WR51	5.3 	0.0 	0.0 	0.0 	0.0 	6.3 	95.7 	0.5 	51 	0.189 	1.000 	0.490 	(0)	0.000 	0.000 	#N/A	0.249 		21.1 		-	-		-	-		-	-		-	-					Houston Texans	Buffalo Bills	0 	0.0 	0 	0.0 	2.0 	53 	0.0 	0.0 	0.0 	0.0 	0.0 	5.3 	WR39		Houston Texans	Cincinnati Bengals	0 	0.0 	13 	0.0 	1.0 	31 	0.0 	0.0 	0.0 	0.0 	0.0 	4.4 	WR39		Houston Texans	Indianapolis Colts	0 	0.0 	8 	0.0 	2.0 	17 	0.0 	0.0 	0.0 	0.0 	0.0 	2.5 	WR63		Houston Texans	Dallas Cowboys	0 	0.0 	4 	0.0 	3.0 	85 	0.0 	0.0 	0.0 	0.0 	0.0 	8.9 	WR26		Houston Texans	Tennessee Titans	0 	0.0 	0 	0.0 	2.0 	31 	0.2 	0.0 	0.0 	0.0 	0.0 	4.1 	WR63		Houston Texans	Jacksonville Jaguars	0 	0.0 	0 	0.0 	2.1 	32 	0.2 	0.0 	0.0 	0.0 	0.0 	4.2 	WR62		Houston Texans	New York Giants	0 	0.0 	0 	0.0 	2.2 	33 	0.2 	0.0 	0.0 	0.0 	0.0 	4.4 	WR60		Houston Texans	BYE	0 	0.0 	0 	0.0 	0.0 	0 	0.0 	0.0 	0.0 	0.0 	0.0 	0.0 	-		Houston Texans	Los Angeles Chargers	0 	0.0 	0 	0.0 	2.1 	32 	0.2 	0.0 	0.0 	0.0 	0.0 	4.2 	WR68		Houston Texans	Cleveland Browns	0 	0.0 	0 	0.0 	2.1 	31 	0.2 	0.0 	0.0 	0.0 	0.0 	4.1 	WR64		Houston Texans	Indianapolis Colts	0 	0.0 	0 	0.0 	2.2 	33 	0.2 	0.0 	0.0 	0.0 	0.0 	4.5 	WR62		Houston Texans	Baltimore Ravens	0 	0.0 	0 	0.0 	2.2 	33 	0.2 	0.0 	0.0 	0.0 	0.0 	4.4 	WR73		Houston Texans	Pittsburgh Steelers	0 	0.0 	0 	0.0 	2.1 	32 	0.2 	0.0 	0.0 	0.0 	0.0 	4.2 	WR66		Houston Texans	Washington Commanders	0 	0.0 	0 	0.0 	2.2 	33 	0.2 	0.0 	0.0 	0.0 	0.0 	4.3 	WR70		Houston Texans	Jacksonville Jaguars	0 	0.0 	0 	0.0 	2.2 	33 	0.2 	0.0 	0.0 	0.0 	0.0 	4.4 	WR72		Houston Texans	Philadelphia Eagles	0 	0.0 	0 	0.0 	2.0 	30 	0.1 	0.0 	0.0 	0.0 	0.0 	3.9 	WR75		Houston Texans	Green Bay Packers	0 	0.0 	0 	0.0 	2.1 	32 	0.2 	0.0 	0.0 	0.0 	0.0 	4.1 	WR74		Actual	Actual	Actual	Actual	Forecast	Forecast	Forecast	Forecast	Forecast	Forecast	Forecast	Forecast	Forecast	Forecast	Forecast	Forecast	Forecast		Healthy	Healthy	Healthy	Healthy	Healthy	Healthy	Healthy	Healthy	Healthy	Healthy	Healthy	Healthy	Healthy	Healthy	Healthy	Healthy	Healthy		Week 5 2026	10/9/2026	4:29:22 PM	16		14%	12%	0%	0%	0%	0%		(0.1)	0	0	0	0	0	(0.097698)
	Kaelon Black	San Francisco 49ers	RB	RB53	3.7 	59 	0 	0.0 	0.0 	0.0 	456 	28.5 	1.9 	0.1 	6.0 	0.4 	33 	2.0 	0.0 	0.0 	0.0 	0.9 	0.0 	0.160 	1.000 	0.354 	(1)	0.000 	0.000 	165 	215 	50 	53 	68 	15 	0.183 				-	-		-	-		-	-		-	-		7.0 	2.5 	1.7 	1.3 	3.4 	4.6 	4.1 	0.0 	4.6 	3.8 	3.9 	3.5 	3.9 	3.6 	3.5 	3.5 	3.8 		RB30	RB48	RB48	RB54	RB49	RB40	RB42	-	RB44	RB47	RB42	RB55	RB48	RB51	RB54	RB55	RB53		RB52	3.9 	0.0 	0.0 	28.0 	0.2 	0.4 	2.3 	0.0 	52 	0.180 	1.000 	0.366 	(1)	0.000 	0.000 	169 	0.192 		46 		-	-		-	-		-	-		-	-		RB50	3.1 	0.0 	0.0 	84.0 	0.5 	1.3 	6.9 	0.0 	50 	0.112 	1.000 	0.392 	(1)	0.000 	0.000 	#N/A	0.193 		12.5 		-	-		-	-		-	-		-	-					San Francisco 49ers	Los Angeles Rams	0 	0.0 	65 	0.0 	1.0 	5 	0.0 	0.0 	0.0 	0.0 	0.0 	7.0 	RB30		San Francisco 49ers	Miami Dolphins	0 	0.0 	25 	0.0 	0.0 	0 	0.0 	0.0 	0.0 	0.0 	0.0 	2.5 	RB48		San Francisco 49ers	Arizona Cardinals	0 	0.0 	17 	0.0 	0.0 	0 	0.0 	0.0 	0.0 	0.0 	0.0 	1.7 	RB48		San Francisco 49ers	Denver Broncos	0 	0.0 	13 	0.0 	0.0 	0 	0.0 	0.0 	0.0 	0.0 	0.0 	1.3 	RB54		San Francisco 49ers	Seattle Seahawks	0 	0.0 	25 	0.1 	0.4 	2 	0.0 	0.0 	0.1 	0.0 	0.0 	3.4 	RB49		San Francisco 49ers	Washington Commanders	0 	0.0 	33 	0.2 	0.4 	2 	0.0 	0.0 	0.1 	0.0 	0.0 	4.6 	RB40		San Francisco 49ers	Atlanta Falcons	0 	0.0 	30 	0.2 	0.4 	2 	0.0 	0.0 	0.1 	0.0 	0.0 	4.1 	RB42		San Francisco 49ers	BYE	0 	0.0 	0 	0.0 	0.0 	0 	0.0 	0.0 	0.0 	0.0 	0.0 	0.0 	-		San Francisco 49ers	Las Vegas Raiders	0 	0.0 	33 	0.2 	0.4 	2 	0.0 	0.0 	0.1 	0.0 	0.0 	4.6 	RB44		San Francisco 49ers	Dallas Cowboys	0 	0.0 	27 	0.2 	0.4 	2 	0.0 	0.0 	0.1 	0.0 	0.0 	3.8 	RB47		San Francisco 49ers	Minnesota Vikings	0 	0.0 	28 	0.2 	0.4 	2 	0.0 	0.0 	0.1 	0.0 	0.0 	3.9 	RB42		San Francisco 49ers	Seattle Seahawks	0 	0.0 	26 	0.1 	0.4 	2 	0.0 	0.0 	0.1 	0.0 	0.0 	3.5 	RB55		San Francisco 49ers	New York Giants	0 	0.0 	28 	0.2 	0.4 	2 	0.0 	0.0 	0.1 	0.0 	0.0 	3.9 	RB48		San Francisco 49ers	Los Angeles Rams	0 	0.0 	26 	0.1 	0.4 	2 	0.0 	0.0 	0.1 	0.0 	0.0 	3.6 	RB51		San Francisco 49ers	Los Angeles Chargers	0 	0.0 	26 	0.1 	0.4 	2 	0.0 	0.0 	0.1 	0.0 	0.0 	3.5 	RB54		San Francisco 49ers	Kansas City Chiefs	0 	0.0 	26 	0.1 	0.4 	2 	0.0 	0.0 	0.1 	0.0 	0.0 	3.5 	RB55		San Francisco 49ers	Philadelphia Eagles	0 	0.0 	28 	0.2 	0.4 	2 	0.0 	0.0 	0.1 	0.0 	0.0 	3.8 	RB53		Actual	Actual	Actual	Actual	Forecast	Forecast	Forecast	Forecast	Forecast	Forecast	Forecast	Forecast	Forecast	Forecast	Forecast	Forecast	Forecast		Healthy	Healthy	Healthy	Healthy	Healthy	Healthy	Healthy	Healthy	Healthy	Healthy	Healthy	Healthy	Healthy	Healthy	Healthy	Healthy	Healthy		Week 5 2026	10/9/2026	4:29:22 PM	16		1%	0%	23%	18%	0%	0%		(0.0)	0	0	0	0	0	(0.001301)
	Adonai Mitchell	New York Jets	WR	WR70	5.1 	66 	0 	0.0 	0.0 	0.0 	0 	0.0 	0.0 	0.0 	40.4 	3.1 	531 	40.8 	2.2 	0.2 	0.0 	0.1 	0.0 	0.180 	1.000 	0.300 	(0)	0.000 	0.000 	177 	196 	19 	70 	66 	(4)	0.162 				-	-		-	-		-	-		-	-		6.0 	6.3 	0.0 	0.0 	0.0 	4.7 	5.1 	5.0 	4.8 	5.2 	4.8 	4.9 	0.0 	4.8 	5.0 	4.8 	4.8 		WR34	WR27	-	-	-	WR53	WR49	WR54	WR61	WR48	WR56	WR62	-	WR61	WR61	WR67	WR64		WR69	4.9 	0.0 	0.0 	0.0 	0.0 	2.9 	37.1 	0.2 	69 	0.210 	1.000 	0.310 	(0)	0.000 	0.000 	178 	0.171 		54 		-	-		-	-		-	-		-	-		WR82	6.2 	0.0 	0.0 	0.0 	0.0 	15.7 	204.0 	1.1 	82 	0.110 	1.000 	0.180 	(1)	0.000 	0.000 	#N/A	0.098 		12.3 		-	-		-	-		-	-		-	-					New York Jets	Tennessee Titans	0 	0.0 	0 	0.0 	3.0 	60 	0.0 	0.0 	0.0 	0.0 	0.0 	6.0 	WR34		New York Jets	Green Bay Packers	0 	0.0 	0 	0.0 	6.0 	63 	0.0 	0.0 	0.0 	0.0 	0.0 	6.3 	WR27		New York Jets	Detroit Lions	0 	0.0 	0 	0.0 	0.0 	0 	0.0 	0.0 	0.0 	0.0 	0.0 	0.0 	-		New York Jets	Chicago Bears	0 	0.0 	0 	0.0 	0.0 	0 	0.0 	0.0 	0.0 	0.0 	0.0 	0.0 	-		New York Jets	Cleveland Browns	0 	0.0 	0 	0.0 	0.0 	0 	0.0 	0.0 	0.0 	0.0 	0.0 	0.0 	-		New York Jets	New England Patriots	0 	0.0 	0 	0.0 	2.8 	36 	0.2 	0.0 	0.0 	0.0 	0.0 	4.7 	WR53		New York Jets	Miami Dolphins	0 	0.0 	0 	0.0 	2.9 	38 	0.2 	0.0 	0.0 	0.0 	0.0 	5.1 	WR49		New York Jets	Las Vegas Raiders	0 	0.0 	0 	0.0 	2.8 	37 	0.2 	0.0 	0.0 	0.0 	0.0 	5.0 	WR54		New York Jets	Kansas City Chiefs	0 	0.0 	0 	0.0 	2.8 	37 	0.2 	0.0 	0.0 	0.0 	0.0 	4.8 	WR61		New York Jets	Buffalo Bills	0 	0.0 	0 	0.0 	3.0 	39 	0.2 	0.0 	0.0 	0.0 	0.0 	5.2 	WR48		New York Jets	Los Angeles Chargers	0 	0.0 	0 	0.0 	2.8 	37 	0.2 	0.0 	0.0 	0.0 	0.0 	4.8 	WR56		New York Jets	Miami Dolphins	0 	0.0 	0 	0.0 	2.8 	37 	0.2 	0.0 	0.0 	0.0 	0.0 	4.9 	WR62		New York Jets	BYE	0 	0.0 	0 	0.0 	0.0 	0 	0.0 	0.0 	0.0 	0.0 	0.0 	0.0 	-		New York Jets	Denver Broncos	0 	0.0 	0 	0.0 	2.8 	37 	0.2 	0.0 	0.0 	0.0 	0.0 	4.8 	WR61		New York Jets	Arizona Cardinals	0 	0.0 	0 	0.0 	2.9 	37 	0.2 	0.0 	0.0 	0.0 	0.0 	5.0 	WR61		New York Jets	New England Patriots	0 	0.0 	0 	0.0 	2.8 	37 	0.2 	0.0 	0.0 	0.0 	0.0 	4.8 	WR67		New York Jets	Minnesota Vikings	0 	0.0 	0 	0.0 	2.8 	37 	0.2 	0.0 	0.0 	0.0 	0.0 	4.8 	WR64		Actual	Actual	Actual	Actual	Forecast	Forecast	Forecast	Forecast	Forecast	Forecast	Forecast	Forecast	Forecast	Forecast	Forecast	Forecast	Forecast		Healthy	Healthy	Injured	Injured	Injured	Limited / Handicapped	Healthy	Healthy	Healthy	Healthy	Healthy	Healthy	Healthy	Healthy	Healthy	Healthy	Healthy		Week 5 2026	10/9/2026	4:29:22 PM	16		17%	16%	0%	0%	0%	0%		0.1 	0	1	1	1	0	
	Kyle Pitts Sr.	Atlanta Falcons	TE	TE26	4.4 	66 	0 	0.0 	0.0 	0.0 	0 	0.0 	0.0 	0.0 	42.1 	2.8 	494 	32.9 	2.7 	0.2 	0.0 	0.1 	0.0 	0.178 	0.560 	0.338 	(0)	0.000 	0.000 	178 	78 	(100)	26 	7 	(19)	0.162 				-	-		-	-		-	-		-	-		0.0 	1.5 	0.5 	4.7 	4.9 	5.0 	5.0 	4.9 	5.2 	4.8 	0.0 	4.7 	5.1 	4.6 	5.0 	4.9 	4.9 		-	TE28	TE31	TE18	TE22	TE20	TE21	TE20	TE23	TE22	-	TE25	TE17	TE23	TE24	TE22	TE24		TE24	4.9 	0.0 	0.0 	0.0 	0.0 	3.1 	35.5 	0.2 	24 	0.230 	0.560 	0.357 	0 	0.068 	0.000 	162 	0.208 		59 		-	-		-	-		-	-		-	-		TE50	2.2 	0.0 	0.0 	0.0 	0.0 	12.4 	142.2 	0.9 	50 	0.060 	0.560 	0.094 	(1)	0.000 	0.000 	#N/A	0.047 		6.7 		-	-		-	-		-	-		-	-					Atlanta Falcons	Pittsburgh Steelers	0 	0.0 	0 	0.0 	0.0 	0 	0.0 	0.0 	0.0 	0.0 	0.0 	0.0 	-		Atlanta Falcons	Carolina Panthers	0 	0.0 	0 	0.0 	1.0 	15 	0.0 	0.0 	0.0 	0.0 	0.0 	1.5 	TE28		Atlanta Falcons	Green Bay Packers	0 	0.0 	0 	0.0 	1.0 	5 	0.0 	0.0 	0.0 	0.0 	0.0 	0.5 	TE31		Atlanta Falcons	New Orleans Saints	0 	0.0 	0 	0.0 	3.0 	47 	0.0 	0.0 	0.0 	0.0 	0.0 	4.7 	TE18		Atlanta Falcons	Baltimore Ravens	0 	0.0 	0 	0.0 	3.1 	35 	0.2 	0.0 	0.0 	0.0 	0.0 	4.9 	TE22		Atlanta Falcons	Chicago Bears	0 	0.0 	0 	0.0 	3.1 	36 	0.2 	0.0 	0.0 	0.0 	0.0 	5.0 	TE20		Atlanta Falcons	San Francisco 49ers	0 	0.0 	0 	0.0 	3.1 	36 	0.2 	0.0 	0.0 	0.0 	0.0 	5.0 	TE21		Atlanta Falcons	Tampa Bay Buccaneers	0 	0.0 	0 	0.0 	3.1 	36 	0.2 	0.0 	0.0 	0.0 	0.0 	4.9 	TE20		Atlanta Falcons	Cincinnati Bengals	0 	0.0 	0 	0.0 	3.2 	37 	0.2 	0.0 	0.0 	0.0 	0.0 	5.2 	TE23		Atlanta Falcons	Kansas City Chiefs	0 	0.0 	0 	0.0 	3.1 	35 	0.2 	0.0 	0.0 	0.0 	0.0 	4.8 	TE22		Atlanta Falcons	BYE	0 	0.0 	0 	0.0 	0.0 	0 	0.0 	0.0 	0.0 	0.0 	0.0 	0.0 	-		Atlanta Falcons	Minnesota Vikings	0 	0.0 	0 	0.0 	3.0 	35 	0.2 	0.0 	0.0 	0.0 	0.0 	4.7 	TE25		Atlanta Falcons	Detroit Lions	0 	0.0 	0 	0.0 	3.2 	37 	0.2 	0.0 	0.0 	0.0 	0.0 	5.1 	TE17		Atlanta Falcons	Cleveland Browns	0 	0.0 	0 	0.0 	2.9 	34 	0.2 	0.0 	0.0 	0.0 	0.0 	4.6 	TE23		Atlanta Falcons	Washington Commanders	0 	0.0 	0 	0.0 	3.1 	36 	0.2 	0.0 	0.0 	0.0 	0.0 	5.0 	TE24		Atlanta Falcons	Tampa Bay Buccaneers	0 	0.0 	0 	0.0 	3.1 	35 	0.2 	0.0 	0.0 	0.0 	0.0 	4.9 	TE22		Atlanta Falcons	New Orleans Saints	0 	0.0 	0 	0.0 	3.0 	35 	0.2 	0.0 	0.0 	0.0 	0.0 	4.9 	TE24		Actual	Actual	Actual	Actual	Forecast	Forecast	Forecast	Forecast	Forecast	Forecast	Forecast	Forecast	Forecast	Forecast	Forecast	Forecast	Forecast		Healthy	Healthy	Healthy	Healthy	Healthy	Healthy	Healthy	Healthy	Healthy	Healthy	Healthy	Healthy	Healthy	Healthy	Healthy	Healthy	Healthy		Week 5 2026	10/9/2026	4:29:22 PM	16		18%	18%	0%	0%	0%	0%		0.2 	0	0	0	0	0	0.160967 
	Braelon Allen	New York Jets	RB	RB48	4.1 	65 	0 	0.0 	0.0 	0.0 	418 	26.1 	3.4 	0.2 	6.0 	0.4 	45 	2.8 	0.0 	0.0 	0.0 	0.9 	0.0 	0.176 	1.000 	0.417 	(1)	0.000 	0.000 	151 	160 	9 	48 	56 	8 	0.214 				-	-		-	-		-	-		-	-		4.0 	7.5 	1.7 	6.7 	9.9 	3.0 	3.8 	3.7 	2.7 	3.2 	2.7 	3.4 	0.0 	2.9 	3.5 	2.9 	3.1 		RB42	RB25	RB48	RB32	RB20	RB50	RB43	RB47	RB56	RB49	RB47	RB57	-	RB57	RB55	RB58	RB57		RB53	3.7 	0.0 	0.0 	24.9 	0.2 	0.0 	2.2 	0.0 	53 	0.175 	1.000 	0.354 	(1)	0.000 	0.000 	171 	0.185 		45 		-	-		-	-		-	-		-	-		RB38	5.0 	0.0 	0.0 	74.6 	0.6 	0.0 	6.6 	0.0 	38 	0.179 	1.000 	0.544 	(0)	0.000 	0.000 	#N/A	0.272 		19.9 		-	-		-	-		-	-		-	-					New York Jets	Tennessee Titans	0 	0.0 	40 	0.0 	0.0 	0 	0.0 	0.0 	0.0 	0.0 	0.0 	4.0 	RB42		New York Jets	Green Bay Packers	0 	0.0 	7 	1.0 	1.0 	8 	0.0 	0.0 	0.0 	0.0 	0.0 	7.5 	RB25		New York Jets	Detroit Lions	0 	0.0 	14 	0.0 	3.0 	3 	0.0 	0.0 	0.0 	0.0 	0.0 	1.7 	RB48		New York Jets	Chicago Bears	0 	0.0 	59 	0.0 	2.0 	8 	0.0 	0.0 	0.0 	0.0 	0.0 	6.7 	RB32		New York Jets	Cleveland Browns	0 	0.0 	68 	0.5 	0.0 	2 	0.0 	0.0 	0.2 	0.0 	0.0 	9.9 	RB20		New York Jets	New England Patriots	0 	0.0 	20 	0.2 	0.0 	2 	0.0 	0.0 	0.1 	0.0 	0.0 	3.0 	RB50		New York Jets	Miami Dolphins	0 	0.0 	25 	0.2 	0.0 	2 	0.0 	0.0 	0.1 	0.0 	0.0 	3.8 	RB43		New York Jets	Las Vegas Raiders	0 	0.0 	24 	0.2 	0.0 	2 	0.0 	0.0 	0.1 	0.0 	0.0 	3.7 	RB47		New York Jets	Kansas City Chiefs	0 	0.0 	18 	0.1 	0.0 	2 	0.0 	0.0 	0.1 	0.0 	0.0 	2.7 	RB56		New York Jets	Buffalo Bills	0 	0.0 	21 	0.2 	0.0 	2 	0.0 	0.0 	0.1 	0.0 	0.0 	3.2 	RB49		New York Jets	Los Angeles Chargers	0 	0.0 	18 	0.1 	0.0 	2 	0.0 	0.0 	0.1 	0.0 	0.0 	2.7 	RB47		New York Jets	Miami Dolphins	0 	0.0 	22 	0.2 	0.0 	2 	0.0 	0.0 	0.1 	0.0 	0.0 	3.4 	RB57		New York Jets	BYE	0 	0.0 	0 	0.0 	0.0 	0 	0.0 	0.0 	0.0 	0.0 	0.0 	0.0 	-		New York Jets	Denver Broncos	0 	0.0 	20 	0.1 	0.0 	2 	0.0 	0.0 	0.1 	0.0 	0.0 	2.9 	RB57		New York Jets	Arizona Cardinals	0 	0.0 	23 	0.2 	0.0 	2 	0.0 	0.0 	0.1 	0.0 	0.0 	3.5 	RB55		New York Jets	New England Patriots	0 	0.0 	20 	0.1 	0.0 	2 	0.0 	0.0 	0.1 	0.0 	0.0 	2.9 	RB58		New York Jets	Minnesota Vikings	0 	0.0 	21 	0.2 	0.0 	2 	0.0 	0.0 	0.1 	0.0 	0.0 	3.1 	RB57		Actual	Actual	Actual	Actual	Forecast	Forecast	Forecast	Forecast	Forecast	Forecast	Forecast	Forecast	Forecast	Forecast	Forecast	Forecast	Forecast		Healthy	Healthy	Healthy	Healthy	Healthy	Healthy	Healthy	Healthy	Healthy	Healthy	Healthy	Healthy	Healthy	Healthy	Healthy	Healthy	Healthy		Week 5 2026	10/9/2026	4:29:22 PM	16		1%	0%	21%	24%	0%	0%		(0.1)	0	0	0	0	0	(0.086270)
	Michael Pittman Jr.	Pittsburgh Steelers	WR	WR76	4.3 	61 	0 	0.0 	0.0 	0.0 	0 	0.0 	0.0 	0.0 	36.8 	2.6 	441 	31.5 	2.8 	0.2 	0.0 	0.1 	0.0 	0.165 	1.000 	0.240 	(0)	0.000 	0.000 	196 	108 	(88)	76 	44 	(32)	0.133 							-	-		-	-		-	-		5.8 	0.0 	1.6 	1.5 	0.0 	4.7 	4.8 	4.6 	0.0 	5.0 	4.6 	4.5 	4.6 	4.7 	4.9 	4.8 	4.8 		WR36	-	WR75	WR68	-	WR57	WR54	WR62	-	WR54	WR60	WR71	WR61	WR64	WR63	WR66	WR66		WR71	4.7 	0.0 	0.0 	0.0 	0.0 	2.7 	32.0 	0.3 	71 	0.202 	1.000 	0.290 	(0)	0.000 	0.000 	182 	0.161 		52 		-	-		-	-		-	-		-	-		WR98	3.0 	0.0 	0.0 	0.0 	0.0 	9.9 	117.3 	0.9 	98 	0.080 	1.000 	0.020 	(1)	0.000 	0.000 	#N/A	0.021 		8.9 		-	-		-	-		-	-		-	-					Pittsburgh Steelers	Atlanta Falcons	0 	0.0 	0 	0.0 	3.0 	58 	0.0 	0.0 	0.0 	0.0 	0.0 	5.8 	WR36		Pittsburgh Steelers	New England Patriots	0 	0.0 	0 	0.0 	0.0 	0 	0.0 	0.0 	0.0 	0.0 	0.0 	0.0 	-		Pittsburgh Steelers	Cincinnati Bengals	0 	0.0 	0 	0.0 	2.0 	16 	0.0 	0.0 	0.0 	0.0 	0.0 	1.6 	WR75		Pittsburgh Steelers	Cleveland Browns	0 	0.0 	0 	0.0 	2.0 	15 	0.0 	0.0 	0.0 	0.0 	0.0 	1.5 	WR68		Pittsburgh Steelers	Indianapolis Colts	0 	0.0 	0 	0.0 	0.0 	0 	0.0 	0.0 	0.0 	0.0 	0.0 	0.0 	-		Pittsburgh Steelers	Tampa Bay Buccaneers	0 	0.0 	0 	0.0 	2.7 	32 	0.3 	0.0 	0.0 	0.0 	0.0 	4.7 	WR57		Pittsburgh Steelers	New Orleans Saints	0 	0.0 	0 	0.0 	2.7 	32 	0.3 	0.0 	0.0 	0.0 	0.0 	4.8 	WR54		Pittsburgh Steelers	Cleveland Browns	0 	0.0 	0 	0.0 	2.6 	31 	0.3 	0.0 	0.0 	0.0 	0.0 	4.6 	WR62		Pittsburgh Steelers	BYE	0 	0.0 	0 	0.0 	0.0 	0 	0.0 	0.0 	0.0 	0.0 	0.0 	0.0 	-		Pittsburgh Steelers	Cincinnati Bengals	0 	0.0 	0 	0.0 	2.8 	33 	0.3 	0.0 	0.0 	0.0 	0.0 	5.0 	WR54		Pittsburgh Steelers	Philadelphia Eagles	0 	0.0 	0 	0.0 	2.7 	32 	0.2 	0.0 	0.0 	0.0 	0.0 	4.6 	WR60		Pittsburgh Steelers	Denver Broncos	0 	0.0 	0 	0.0 	2.6 	31 	0.2 	0.0 	0.0 	0.0 	0.0 	4.5 	WR71		Pittsburgh Steelers	Houston Texans	0 	0.0 	0 	0.0 	2.7 	32 	0.2 	0.0 	0.0 	0.0 	0.0 	4.6 	WR61		Pittsburgh Steelers	Jacksonville Jaguars	0 	0.0 	0 	0.0 	2.7 	32 	0.3 	0.0 	0.0 	0.0 	0.0 	4.7 	WR64		Pittsburgh Steelers	Baltimore Ravens	0 	0.0 	0 	0.0 	2.8 	33 	0.3 	0.0 	0.0 	0.0 	0.0 	4.9 	WR63		Pittsburgh Steelers	Carolina Panthers	0 	0.0 	0 	0.0 	2.7 	32 	0.3 	0.0 	0.0 	0.0 	0.0 	4.8 	WR66		Pittsburgh Steelers	Tennessee Titans	0 	0.0 	0 	0.0 	2.7 	32 	0.3 	0.0 	0.0 	0.0 	0.0 	4.8 	WR66		Actual	Actual	Actual	Actual	Forecast	Forecast	Forecast	Forecast	Forecast	Forecast	Forecast	Forecast	Forecast	Forecast	Forecast	Forecast	Forecast		Healthy	Injured	Healthy	Healthy	Injured	Healthy	Healthy	Healthy	Healthy	Healthy	Healthy	Healthy	Healthy	Healthy	Healthy	Healthy	Healthy		Week 5 2026	10/9/2026	4:29:22 PM	16		14%	16%	0%	0%	0%	0%		0.1 	1	0	0	1	0	
	Oronde Gadsden II	Los Angeles Chargers	TE	TE27	4.2 	62 	0 	0.0 	0.0 	0.0 	2 	0.1 	0.0 	0.0 	38.0 	2.5 	419 	28.0 	3.4 	0.2 	0.0 	0.1 	0.0 	0.169 	0.560 	0.328 	(0)	0.000 	0.000 	182 	161 	(21)	27 	22 	(5)	0.157 				-	-		-	-		-	-		-	-		3.2 	7.8 	0.0 	3.8 	3.7 	3.9 	0.0 	4.1 	3.9 	4.0 	3.9 	4.0 	4.1 	4.0 	4.1 	4.0 	4.0 		TE20	TE11	-	TE20	TE25	TE24	-	TE23	TE26	TE24	TE23	TE27	TE22	TE25	TE27	TE27	TE27		TE27	4.0 	0.0 	0.0 	0.0 	0.0 	2.4 	27.8 	0.2 	27 	0.185 	0.560 	0.328 	(0)	0.000 	0.000 	186 	0.159 		48 		-	-		-	-		-	-		-	-		TE29	4.9 	0.0 	0.0 	0.0 	0.0 	9.7 	111.1 	0.8 	29 	0.133 	0.560 	0.308 	(0)	0.000 	0.000 	#N/A	0.143 		14.8 		-	-		-	-		-	-		-	-					Los Angeles Chargers	Arizona Cardinals	0 	0.0 	0 	0.0 	2.0 	32 	0.0 	0.0 	0.0 	0.0 	0.0 	3.2 	TE20		Los Angeles Chargers	Las Vegas Raiders	0 	0.0 	0 	0.0 	2.0 	18 	1.0 	0.0 	0.0 	0.0 	0.0 	7.8 	TE11		Los Angeles Chargers	Buffalo Bills	0 	0.0 	0 	0.0 	0.0 	0 	0.0 	0.0 	0.0 	0.0 	0.0 	0.0 	-		Los Angeles Chargers	Seattle Seahawks	0 	0.0 	2 	0.0 	5.0 	36 	0.0 	0.0 	0.0 	0.0 	0.0 	3.8 	TE20		Los Angeles Chargers	Denver Broncos	0 	0.0 	0 	0.0 	2.3 	27 	0.2 	0.0 	0.0 	0.0 	0.0 	3.7 	TE25		Los Angeles Chargers	Kansas City Chiefs	0 	0.0 	0 	0.0 	2.5 	28 	0.2 	0.0 	0.0 	0.0 	0.0 	3.9 	TE24		Los Angeles Chargers	BYE	0 	0.0 	0 	0.0 	0.0 	0 	0.0 	0.0 	0.0 	0.0 	0.0 	0.0 	-		Los Angeles Chargers	Los Angeles Rams	0 	0.0 	0 	0.0 	2.5 	29 	0.2 	0.0 	0.0 	0.0 	0.0 	4.1 	TE23		Los Angeles Chargers	Houston Texans	0 	0.0 	0 	0.0 	2.4 	28 	0.2 	0.0 	0.0 	0.0 	0.0 	3.9 	TE26		Los Angeles Chargers	Baltimore Ravens	0 	0.0 	0 	0.0 	2.5 	28 	0.2 	0.0 	0.0 	0.0 	0.0 	4.0 	TE24		Los Angeles Chargers	New York Jets	0 	0.0 	0 	0.0 	2.3 	27 	0.2 	0.0 	0.0 	0.0 	0.0 	3.9 	TE23		Los Angeles Chargers	New England Patriots	0 	0.0 	0 	0.0 	2.4 	28 	0.2 	0.0 	0.0 	0.0 	0.0 	4.0 	TE27		Los Angeles Chargers	Tampa Bay Buccaneers	0 	0.0 	0 	0.0 	2.5 	28 	0.2 	0.0 	0.0 	0.0 	0.0 	4.1 	TE22		Los Angeles Chargers	Las Vegas Raiders	0 	0.0 	0 	0.0 	2.4 	27 	0.2 	0.0 	0.0 	0.0 	0.0 	4.0 	TE25		Los Angeles Chargers	San Francisco 49ers	0 	0.0 	0 	0.0 	2.5 	28 	0.2 	0.0 	0.0 	0.0 	0.0 	4.1 	TE27		Los Angeles Chargers	Miami Dolphins	0 	0.0 	0 	0.0 	2.4 	28 	0.2 	0.0 	0.0 	0.0 	0.0 	4.0 	TE27		Los Angeles Chargers	Kansas City Chiefs	0 	0.0 	0 	0.0 	2.4 	28 	0.2 	0.0 	0.0 	0.0 	0.0 	4.0 	TE27		Actual	Actual	Actual	Actual	Forecast	Forecast	Forecast	Forecast	Forecast	Forecast	Forecast	Forecast	Forecast	Forecast	Forecast	Forecast	Forecast		Healthy	Healthy	Healthy	Healthy	Healthy	Healthy	Healthy	Healthy	Healthy	Healthy	Healthy	Healthy	Healthy	Healthy	Healthy	Healthy	Healthy		Week 5 2026	10/9/2026	4:29:22 PM	16		13%	13%	0%	0%	0%	0%		0.0 	0	0	0	0	0	0.015701 
	Mike Washington Jr.	Las Vegas Raiders	RB	RB54	3.7 	58 	0 	0.0 	0.0 	0.0 	416 	26.0 	2.5 	0.2 	4.9 	0.3 	26 	1.6 	0.2 	0.0 	0.0 	1.0 	0.0 	0.159 	1.000 	0.341 	(1)	0.000 	0.000 	169 	134 	(35)	54 	49 	(5)	0.177 				-	-		-	-		-	-		-	-		4.1 	0.7 	11.4 	1.7 	3.5 	3.7 	3.1 	3.5 	3.0 	3.1 	2.9 	3.5 	0.0 	3.2 	3.3 	3.9 	3.9 		RB40	RB63	RB13	RB52	RB46	RB47	RB48	RB49	RB53	RB50	RB45	RB56	-	RB54	RB57	RB53	RB51		RB57	3.4 	0.0 	0.0 	24.7 	0.1 	0.3 	2.3 	0.0 	57 	0.158 	1.000 	0.302 	(1)	0.000 	0.000 	184 	0.160 		41 		-	-		-	-		-	-		-	-		RB43	4.5 	0.0 	0.0 	74.1 	0.4 	1.0 	6.8 	0.0 	43 	0.161 	1.000 	0.481 	(0)	0.000 	0.000 	#N/A	0.241 		17.9 		-	-		-	-		-	-		-	-					Las Vegas Raiders	Miami Dolphins	0 	0.0 	41 	0.0 	0.0 	0 	0.0 	0.0 	0.0 	0.0 	0.0 	4.1 	RB40		Las Vegas Raiders	Los Angeles Chargers	0 	0.0 	7 	0.0 	0.0 	0 	0.0 	0.0 	0.0 	0.0 	0.0 	0.7 	RB63		Las Vegas Raiders	New Orleans Saints	0 	0.0 	54 	1.0 	0.0 	0 	0.0 	0.0 	0.0 	0.0 	0.0 	11.4 	RB13		Las Vegas Raiders	Kansas City Chiefs	0 	0.0 	18 	0.0 	1.0 	(1)	0.0 	0.0 	0.0 	0.0 	0.0 	1.7 	RB52		Las Vegas Raiders	New England Patriots	0 	0.0 	25 	0.1 	0.3 	2 	0.0 	0.0 	0.1 	0.0 	0.0 	3.5 	RB46		Las Vegas Raiders	Buffalo Bills	0 	0.0 	26 	0.1 	0.3 	2 	0.0 	0.0 	0.1 	0.0 	0.0 	3.7 	RB47		Las Vegas Raiders	Los Angeles Rams	0 	0.0 	22 	0.1 	0.3 	2 	0.0 	0.0 	0.1 	0.0 	0.0 	3.1 	RB48		Las Vegas Raiders	New York Jets	0 	0.0 	26 	0.1 	0.3 	2 	0.0 	0.0 	0.1 	0.0 	0.0 	3.5 	RB49		Las Vegas Raiders	San Francisco 49ers	0 	0.0 	22 	0.1 	0.3 	2 	0.0 	0.0 	0.1 	0.0 	0.0 	3.0 	RB53		Las Vegas Raiders	Seattle Seahawks	0 	0.0 	23 	0.1 	0.3 	2 	0.0 	0.0 	0.1 	0.0 	0.0 	3.1 	RB50		Las Vegas Raiders	Denver Broncos	0 	0.0 	21 	0.1 	0.3 	2 	0.0 	0.0 	0.1 	0.0 	0.0 	2.9 	RB45		Las Vegas Raiders	Cleveland Browns	0 	0.0 	26 	0.1 	0.3 	2 	0.0 	0.0 	0.1 	0.0 	0.0 	3.5 	RB56		Las Vegas Raiders	BYE	0 	0.0 	0 	0.0 	0.0 	0 	0.0 	0.0 	0.0 	0.0 	0.0 	0.0 	-		Las Vegas Raiders	Los Angeles Chargers	0 	0.0 	23 	0.1 	0.3 	2 	0.0 	0.0 	0.1 	0.0 	0.0 	3.2 	RB54		Las Vegas Raiders	Denver Broncos	0 	0.0 	24 	0.1 	0.3 	2 	0.0 	0.0 	0.1 	0.0 	0.0 	3.3 	RB57		Las Vegas Raiders	Tennessee Titans	0 	0.0 	28 	0.2 	0.3 	2 	0.0 	0.0 	0.1 	0.0 	0.0 	3.9 	RB53		Las Vegas Raiders	Arizona Cardinals	0 	0.0 	28 	0.2 	0.3 	2 	0.0 	0.0 	0.1 	0.0 	0.0 	3.9 	RB51		Actual	Actual	Actual	Actual	Forecast	Forecast	Forecast	Forecast	Forecast	Forecast	Forecast	Forecast	Forecast	Forecast	Forecast	Forecast	Forecast		Healthy	Healthy	Healthy	Healthy	Healthy	Healthy	Healthy	Healthy	Healthy	Healthy	Healthy	Healthy	Healthy	Healthy	Healthy	Healthy	Healthy		Week 5 2026	10/9/2026	4:29:22 PM	16		1%	1%	25%	21%	0%	0%		(0.1)	0	0	0	0	0	(0.080808)
	Chris Bell	Miami Dolphins	WR	WR69	4.8 	67 	0 	0.0 	0.0 	0.0 	0 	0.0 	0.0 	0.0 	36.1 	2.6 	537 	38.3 	2.2 	0.2 	0.0 	0.1 	0.0 	0.181 	1.000 	0.310 	(0)	0.000 	0.000 	175 	230 	55 	69 	75 	6 	0.167 				-	-		-	-		-	-		-	-		2.5 	0.0 	6.7 	0.0 	4.5 	0.0 	4.6 	4.8 	5.0 	5.0 	4.8 	4.7 	4.6 	5.0 	4.7 	4.8 	5.0 		WR71	-	WR34	-	WR58	-	WR57	WR58	WR57	WR52	WR55	WR68	WR62	WR56	WR68	WR65	WR57		WR61	4.8 	0.0 	0.0 	0.0 	0.0 	2.6 	37.1 	0.2 	61 	0.224 	1.000 	0.390 	(0)	0.000 	0.000 	161 	0.209 		58 		-	-		-	-		-	-		-	-		WR96	4.6 	0.0 	0.0 	0.0 	0.0 	15.5 	222.3 	1.1 	96 	0.083 	1.000 	0.040 	(1)	0.000 	0.000 	#N/A	0.030 		9.2 		-	-		-	-		-	-		-	-					Miami Dolphins	Las Vegas Raiders	0 	0.0 	0 	0.0 	1.0 	25 	0.0 	0.0 	0.0 	0.0 	0.0 	2.5 	WR71		Miami Dolphins	San Francisco 49ers	0 	0.0 	0 	0.0 	0.0 	0 	0.0 	0.0 	0.0 	0.0 	0.0 	0.0 	-		Miami Dolphins	Kansas City Chiefs	0 	0.0 	0 	0.0 	4.0 	67 	0.0 	0.0 	0.0 	0.0 	0.0 	6.7 	WR34		Miami Dolphins	Minnesota Vikings	0 	0.0 	0 	0.0 	0.0 	0 	0.0 	0.0 	0.0 	0.0 	0.0 	0.0 	-		Miami Dolphins	Cincinnati Bengals	0 	0.0 	0 	0.0 	2.4 	35 	0.2 	0.0 	0.0 	0.0 	0.0 	4.5 	WR58		Miami Dolphins	BYE	0 	0.0 	0 	0.0 	0.0 	0 	0.0 	0.0 	0.0 	0.0 	0.0 	0.0 	-		Miami Dolphins	New York Jets	0 	0.0 	0 	0.0 	2.5 	36 	0.2 	0.0 	0.0 	0.0 	0.0 	4.6 	WR57		Miami Dolphins	New England Patriots	0 	0.0 	0 	0.0 	2.6 	37 	0.2 	0.0 	0.0 	0.0 	0.0 	4.8 	WR58		Miami Dolphins	Detroit Lions	0 	0.0 	0 	0.0 	2.7 	38 	0.2 	0.0 	0.0 	0.0 	0.0 	5.0 	WR57		Miami Dolphins	Indianapolis Colts	0 	0.0 	0 	0.0 	2.7 	38 	0.2 	0.0 	0.0 	0.0 	0.0 	5.0 	WR52		Miami Dolphins	Buffalo Bills	0 	0.0 	0 	0.0 	2.6 	37 	0.2 	0.0 	0.0 	0.0 	0.0 	4.8 	WR55		Miami Dolphins	New York Jets	0 	0.0 	0 	0.0 	2.5 	36 	0.2 	0.0 	0.0 	0.0 	0.0 	4.7 	WR68		Miami Dolphins	Denver Broncos	0 	0.0 	0 	0.0 	2.5 	36 	0.2 	0.0 	0.0 	0.0 	0.0 	4.6 	WR62		Miami Dolphins	Chicago Bears	0 	0.0 	0 	0.0 	2.7 	38 	0.2 	0.0 	0.0 	0.0 	0.0 	5.0 	WR56		Miami Dolphins	Green Bay Packers	0 	0.0 	0 	0.0 	2.6 	37 	0.2 	0.0 	0.0 	0.0 	0.0 	4.7 	WR68		Miami Dolphins	Los Angeles Chargers	0 	0.0 	0 	0.0 	2.6 	37 	0.2 	0.0 	0.0 	0.0 	0.0 	4.8 	WR65		Miami Dolphins	Buffalo Bills	0 	0.0 	0 	0.0 	2.7 	39 	0.2 	0.0 	0.0 	0.0 	0.0 	5.0 	WR57		Actual	Actual	Actual	Actual	Forecast	Forecast	Forecast	Forecast	Forecast	Forecast	Forecast	Forecast	Forecast	Forecast	Forecast	Forecast	Forecast		Healthy	Healthy	Healthy	Healthy	Limited / Handicapped	Healthy	Healthy	Healthy	Healthy	Healthy	Healthy	Healthy	Healthy	Healthy	Healthy	Healthy	Healthy		Week 5 2026	10/9/2026	4:29:22 PM	16		17%	15%	0%	0%	0%	0%		0.2 	0	0	0	0	0	0.178771 
	AJ Barner	Seattle Seahawks	TE	TE28	3.5 	55 	0 	0.0 	0.0 	0.0 	1 	0.1 	1.0 	0.1 	35.2 	2.2 	393 	24.5 	1.7 	0.1 	0.0 	0.1 	0.0 	0.150 	0.560 	0.318 	(0)	0.000 	0.000 	187 	180 	(7)	28 	27 	(1)	0.150 				-	-		-	-		-	-		-	-		1.3 	6.9 	6.9 	1.2 	3.3 	3.1 	3.3 	3.3 	3.4 	3.2 	0.0 	3.2 	3.4 	3.3 	3.1 	3.3 	3.2 		TE30	TE12	TE11	TE29	TE29	TE29	TE27	TE28	TE30	TE29	-	TE32	TE26	TE29	TE33	TE31	TE33		TE32	3.2 	0.0 	0.0 	0.0 	0.0 	2.2 	24.2 	0.1 	32 	0.152 	0.560 	0.279 	(0)	0.000 	0.000 	198 	0.134 		39 		-	-		-	-		-	-		-	-		TE27	4.1 	0.0 	0.0 	0.0 	0.0 	6.5 	72.6 	0.4 	27 	0.146 	0.560 	0.328 	(0)	0.000 	0.000 	#N/A	0.153 		16.3 		-	-		-	-		-	-		-	-					Seattle Seahawks	New England Patriots	0 	0.0 	0 	0.0 	2.0 	13 	0.0 	0.0 	0.0 	0.0 	0.0 	1.3 	TE30		Seattle Seahawks	Arizona Cardinals	0 	0.0 	1 	1.0 	1.0 	8 	0.0 	0.0 	0.0 	0.0 	0.0 	6.9 	TE12		Seattle Seahawks	Washington Commanders	0 	0.0 	0 	0.0 	5.0 	69 	0.0 	0.0 	0.0 	0.0 	0.0 	6.9 	TE11		Seattle Seahawks	Los Angeles Chargers	0 	0.0 	0 	0.0 	1.0 	12 	0.0 	0.0 	0.0 	0.0 	0.0 	1.2 	TE29		Seattle Seahawks	San Francisco 49ers	0 	0.0 	0 	0.0 	2.2 	24 	0.1 	0.0 	0.0 	0.0 	0.0 	3.3 	TE29		Seattle Seahawks	Denver Broncos	0 	0.0 	0 	0.0 	2.1 	24 	0.1 	0.0 	0.0 	0.0 	0.0 	3.1 	TE29		Seattle Seahawks	Kansas City Chiefs	0 	0.0 	0 	0.0 	2.2 	24 	0.1 	0.0 	0.0 	0.0 	0.0 	3.3 	TE27		Seattle Seahawks	Chicago Bears	0 	0.0 	0 	0.0 	2.2 	25 	0.1 	0.0 	0.0 	0.0 	0.0 	3.3 	TE28		Seattle Seahawks	Arizona Cardinals	0 	0.0 	0 	0.0 	2.2 	25 	0.2 	0.0 	0.0 	0.0 	0.0 	3.4 	TE30		Seattle Seahawks	Las Vegas Raiders	0 	0.0 	0 	0.0 	2.1 	24 	0.1 	0.0 	0.0 	0.0 	0.0 	3.2 	TE29		Seattle Seahawks	BYE	0 	0.0 	0 	0.0 	0.0 	0 	0.0 	0.0 	0.0 	0.0 	0.0 	0.0 	-		Seattle Seahawks	San Francisco 49ers	0 	0.0 	0 	0.0 	2.2 	24 	0.1 	0.0 	0.0 	0.0 	0.0 	3.2 	TE32		Seattle Seahawks	Dallas Cowboys	0 	0.0 	0 	0.0 	2.2 	25 	0.1 	0.0 	0.0 	0.0 	0.0 	3.4 	TE26		Seattle Seahawks	New York Giants	0 	0.0 	0 	0.0 	2.2 	24 	0.1 	0.0 	0.0 	0.0 	0.0 	3.3 	TE29		Seattle Seahawks	Philadelphia Eagles	0 	0.0 	0 	0.0 	2.1 	24 	0.1 	0.0 	0.0 	0.0 	0.0 	3.1 	TE33		Seattle Seahawks	Los Angeles Rams	0 	0.0 	0 	0.0 	2.2 	25 	0.1 	0.0 	0.0 	0.0 	0.0 	3.3 	TE31		Seattle Seahawks	Carolina Panthers	0 	0.0 	0 	0.0 	2.1 	24 	0.1 	0.0 	0.0 	0.0 	0.0 	3.2 	TE33		Actual	Actual	Actual	Actual	Forecast	Forecast	Forecast	Forecast	Forecast	Forecast	Forecast	Forecast	Forecast	Forecast	Forecast	Forecast	Forecast		Healthy	Healthy	Healthy	Healthy	Healthy	Healthy	Healthy	Healthy	Healthy	Healthy	Healthy	Healthy	Healthy	Healthy	Healthy	Healthy	Healthy		Week 5 2026	10/9/2026	4:29:22 PM	16		10%	8%	0%	0%	0%	0%		(0.0)	0	0	0	0	0	(0.018818)
	Xavier Hutchinson	Houston Texans	WR	WR73	4.0 	64 	0 	0.0 	0.0 	0.0 	4 	0.3 	0.0 	0.0 	38.7 	2.4 	521 	32.6 	1.9 	0.1 	0.0 	0.1 	0.0 	0.174 	1.000 	0.270 	(0)	0.000 	0.000 	188 	0 	(188)	73 	0 	(73)	0.148 																3.2 	3.7 	5.5 	4.6 	3.8 	3.8 	4.1 	0.0 	3.9 	3.8 	4.2 	4.1 	3.9 	4.0 	4.0 	3.6 	3.8 		WR59	WR46	WR43	WR48	WR64	WR63	WR63	-	WR69	WR65	WR63	WR76	WR68	WR72	WR76	WR76	WR76		WR75	3.9 	0.0 	0.0 	0.0 	0.0 	2.2 	29.6 	0.2 	75 	0.183 	1.000 	0.250 	(0)	0.000 	0.000 	195 	0.140 		47 		-	-		-	-		-	-		-	-		WR70	4.3 	0.0 	0.0 	0.0 	0.0 	6.7 	88.8 	0.5 	70 	0.153 	1.000 	0.300 	(0)	0.000 	0.000 	#N/A	0.158 		17.0 		-	-		-	-		-	-		-	-					Houston Texans	Buffalo Bills	0 	0.0 	0 	0.0 	3.0 	32 	0.0 	0.0 	0.0 	0.0 	0.0 	3.2 	WR59		Houston Texans	Cincinnati Bengals	0 	0.0 	0 	0.0 	3.0 	37 	0.0 	0.0 	0.0 	0.0 	0.0 	3.7 	WR46		Houston Texans	Indianapolis Colts	0 	0.0 	4 	0.0 	3.0 	51 	0.0 	0.0 	0.0 	0.0 	0.0 	5.5 	WR43		Houston Texans	Dallas Cowboys	0 	0.0 	0 	0.0 	3.0 	46 	0.0 	0.0 	0.0 	0.0 	0.0 	4.6 	WR48		Houston Texans	Tennessee Titans	0 	0.0 	0 	0.0 	2.2 	29 	0.2 	0.0 	0.0 	0.0 	0.0 	3.8 	WR64		Houston Texans	Jacksonville Jaguars	0 	0.0 	0 	0.0 	2.2 	29 	0.2 	0.0 	0.0 	0.0 	0.0 	3.8 	WR63		Houston Texans	New York Giants	0 	0.0 	0 	0.0 	2.3 	30 	0.2 	0.0 	0.0 	0.0 	0.0 	4.1 	WR63		Houston Texans	BYE	0 	0.0 	0 	0.0 	0.0 	0 	0.0 	0.0 	0.0 	0.0 	0.0 	0.0 	-		Houston Texans	Los Angeles Chargers	0 	0.0 	0 	0.0 	2.2 	30 	0.2 	0.0 	0.0 	0.0 	0.0 	3.9 	WR69		Houston Texans	Cleveland Browns	0 	0.0 	0 	0.0 	2.2 	29 	0.2 	0.0 	0.0 	0.0 	0.0 	3.8 	WR65		Houston Texans	Indianapolis Colts	0 	0.0 	0 	0.0 	2.3 	31 	0.2 	0.0 	0.0 	0.0 	0.0 	4.2 	WR63		Houston Texans	Baltimore Ravens	0 	0.0 	0 	0.0 	2.3 	30 	0.2 	0.0 	0.0 	0.0 	0.0 	4.1 	WR76		Houston Texans	Pittsburgh Steelers	0 	0.0 	0 	0.0 	2.2 	29 	0.2 	0.0 	0.0 	0.0 	0.0 	3.9 	WR68		Houston Texans	Washington Commanders	0 	0.0 	0 	0.0 	2.3 	30 	0.2 	0.0 	0.0 	0.0 	0.0 	4.0 	WR72		Houston Texans	Jacksonville Jaguars	0 	0.0 	0 	0.0 	2.3 	30 	0.2 	0.0 	0.0 	0.0 	0.0 	4.0 	WR76		Houston Texans	Philadelphia Eagles	0 	0.0 	0 	0.0 	2.1 	28 	0.1 	0.0 	0.0 	0.0 	0.0 	3.6 	WR76		Houston Texans	Green Bay Packers	0 	0.0 	0 	0.0 	2.2 	29 	0.2 	0.0 	0.0 	0.0 	0.0 	3.8 	WR76		Actual	Actual	Actual	Actual	Forecast	Forecast	Forecast	Forecast	Forecast	Forecast	Forecast	Forecast	Forecast	Forecast	Forecast	Forecast	Forecast		Healthy	Healthy	Healthy	Healthy	Healthy	Healthy	Healthy	Healthy	Healthy	Healthy	Healthy	Healthy	Healthy	Healthy	Healthy	Healthy	Healthy		Week 5 2026	10/9/2026	4:29:22 PM	16		13%	11%	0%	0%	0%	0%		(0.0)	0	0	0	0	0	(0.017890)
	Gunnar Helm	Tennessee Titans	TE	TE32	3.0 	48 	0 	0.0 	0.0 	0.0 	0 	0.0 	0.0 	0.0 	47.3 	3.0 	358 	22.4 	1.7 	0.1 	0.0 	0.1 	0.0 	0.130 	0.560 	0.279 	(1)	0.000 	0.000 	197 	205 	8 	32 	29 	(3)	0.131 				-	-		-	-		-	-		-	-		2.8 	1.3 	1.4 	2.5 	3.0 	3.3 	3.3 	3.5 	0.0 	3.3 	3.4 	3.4 	3.4 	3.4 	3.5 	3.3 	3.3 		TE22	TE31	TE26	TE24	TE30	TE28	TE28	TE26	-	TE27	TE27	TE31	TE24	TE28	TE30	TE32	TE31		TE31	3.3 	0.0 	0.0 	0.0 	0.0 	3.2 	24.9 	0.1 	31 	0.156 	0.560 	0.289 	(0)	0.000 	0.000 	196 	0.139 		40 		-	-		-	-		-	-		-	-		TE47	2.0 	0.0 	0.0 	0.0 	0.0 	9.6 	74.6 	0.4 	47 	0.072 	0.560 	0.126 	(1)	0.000 	0.000 	#N/A	0.061 		8.0 		-	-		-	-		-	-		-	-					Tennessee Titans	New York Jets	0 	0.0 	0 	0.0 	4.0 	28 	0.0 	0.0 	0.0 	0.0 	0.0 	2.8 	TE22		Tennessee Titans	Philadelphia Eagles	0 	0.0 	0 	0.0 	2.0 	13 	0.0 	0.0 	0.0 	0.0 	0.0 	1.3 	TE31		Tennessee Titans	New York Giants	0 	0.0 	0 	0.0 	2.0 	14 	0.0 	0.0 	0.0 	0.0 	0.0 	1.4 	TE26		Tennessee Titans	Baltimore Ravens	0 	0.0 	0 	0.0 	1.0 	5 	0.0 	0.0 	0.0 	0.0 	1.0 	2.5 	TE24		Tennessee Titans	Houston Texans	0 	0.0 	0 	0.0 	3.0 	23 	0.1 	0.0 	0.0 	0.0 	0.0 	3.0 	TE30		Tennessee Titans	Indianapolis Colts	0 	0.0 	0 	0.0 	3.2 	25 	0.1 	0.0 	0.0 	0.0 	0.0 	3.3 	TE28		Tennessee Titans	Cleveland Browns	0 	0.0 	0 	0.0 	3.1 	24 	0.1 	0.0 	0.0 	0.0 	0.0 	3.3 	TE28		Tennessee Titans	Cincinnati Bengals	0 	0.0 	0 	0.0 	3.3 	26 	0.2 	0.0 	0.0 	0.0 	0.0 	3.5 	TE26		Tennessee Titans	BYE	0 	0.0 	0 	0.0 	0.0 	0 	0.0 	0.0 	0.0 	0.0 	0.0 	0.0 	-		Tennessee Titans	Jacksonville Jaguars	0 	0.0 	0 	0.0 	3.2 	25 	0.1 	0.0 	0.0 	0.0 	0.0 	3.3 	TE27		Tennessee Titans	Dallas Cowboys	0 	0.0 	0 	0.0 	3.3 	26 	0.1 	0.0 	0.0 	0.0 	0.0 	3.4 	TE27		Tennessee Titans	Jacksonville Jaguars	0 	0.0 	0 	0.0 	3.2 	25 	0.1 	0.0 	0.0 	0.0 	0.0 	3.4 	TE31		Tennessee Titans	Washington Commanders	0 	0.0 	0 	0.0 	3.2 	25 	0.2 	0.0 	0.0 	0.0 	0.0 	3.4 	TE24		Tennessee Titans	Detroit Lions	0 	0.0 	0 	0.0 	3.3 	26 	0.1 	0.0 	0.0 	0.0 	0.0 	3.4 	TE28		Tennessee Titans	Indianapolis Colts	0 	0.0 	0 	0.0 	3.3 	25 	0.2 	0.0 	0.0 	0.0 	0.0 	3.5 	TE30		Tennessee Titans	Las Vegas Raiders	0 	0.0 	0 	0.0 	3.1 	24 	0.1 	0.0 	0.0 	0.0 	0.0 	3.3 	TE32		Tennessee Titans	Pittsburgh Steelers	0 	0.0 	0 	0.0 	3.1 	24 	0.1 	0.0 	0.0 	0.0 	0.0 	3.3 	TE31		Actual	Actual	Actual	Actual	Forecast	Forecast	Forecast	Forecast	Forecast	Forecast	Forecast	Forecast	Forecast	Forecast	Forecast	Forecast	Forecast		Healthy	Healthy	Healthy	Healthy	Healthy	Healthy	Healthy	Healthy	Healthy	Healthy	Healthy	Healthy	Healthy	Healthy	Healthy	Healthy	Healthy		Week 5 2026	10/9/2026	4:29:22 PM	16		11%	10%	0%	0%	0%	0%		0.1 	0	0	0	0	0	0.077741 
	Jonathon Brooks	Carolina Panthers	RB	RB60	4.2 	46 	0 	0.0 	0.0 	0.0 	262 	23.8 	1.5 	0.1 	9.7 	0.9 	104 	9.5 	0.4 	0.0 	0.0 	0.7 	0.0 	0.126 	1.000 	0.264 	(1)	0.000 	0.000 	194 	117 	(77)	60 	43 	(17)	0.138 				-	-		-	-		-	-		-	-		6.2 	1.1 	0.0 	0.0 	0.0 	0.0 	0.0 	0.0 	4.3 	4.5 	4.3 	4.3 	4.2 	4.9 	4.7 	4.1 	3.9 		RB34	RB58	-	-	-	-	-	-	RB46	RB44	RB39	RB51	RB46	RB44	RB47	RB51	RB52		RB59	4.3 	0.0 	0.0 	25.7 	0.2 	0.9 	6.8 	0.0 	59 	0.152 	1.000 	0.277 	(1)	0.000 	0.000 	191 	0.147 		39 		-	-		-	-		-	-		-	-		RB68	3.7 	0.0 	0.0 	115.8 	0.7 	3.8 	30.7 	0.2 	68 	0.065 	1.000 	0.160 	(1)	0.000 	0.000 	#N/A	0.082 		7.3 		-	-		-	-		-	-		-	-					Carolina Panthers	Chicago Bears	0 	0.0 	14 	0.0 	1.0 	48 	0.0 	0.0 	0.0 	0.0 	0.0 	6.2 	RB34		Carolina Panthers	Atlanta Falcons	0 	0.0 	16 	0.0 	1.0 	(5)	0.0 	0.0 	0.0 	0.0 	0.0 	1.1 	RB58		Carolina Panthers	Cleveland Browns	0 	0.0 	0 	0.0 	0.0 	0 	0.0 	0.0 	0.0 	0.0 	0.0 	0.0 	-		Carolina Panthers	Detroit Lions	0 	0.0 	0 	0.0 	0.0 	0 	0.0 	0.0 	0.0 	0.0 	0.0 	0.0 	-		Carolina Panthers	BYE	0 	0.0 	0 	0.0 	0.0 	0 	0.0 	0.0 	0.0 	0.0 	0.0 	0.0 	-		Carolina Panthers	Philadelphia Eagles	0 	0.0 	0 	0.0 	0.0 	0 	0.0 	0.0 	0.0 	0.0 	0.0 	0.0 	-		Carolina Panthers	Tampa Bay Buccaneers	0 	0.0 	0 	0.0 	0.0 	0 	0.0 	0.0 	0.0 	0.0 	0.0 	0.0 	-		Carolina Panthers	Green Bay Packers	0 	0.0 	0 	0.0 	0.0 	0 	0.0 	0.0 	0.0 	0.0 	0.0 	0.0 	-		Carolina Panthers	Denver Broncos	0 	0.0 	26 	0.2 	0.8 	7 	0.0 	0.0 	0.1 	0.0 	0.0 	4.3 	RB46		Carolina Panthers	New Orleans Saints	0 	0.0 	27 	0.2 	0.8 	7 	0.0 	0.0 	0.1 	0.0 	0.0 	4.5 	RB44		Carolina Panthers	Baltimore Ravens	0 	0.0 	25 	0.2 	0.9 	7 	0.0 	0.0 	0.1 	0.0 	0.0 	4.3 	RB39		Carolina Panthers	Tampa Bay Buccaneers	0 	0.0 	25 	0.2 	0.9 	7 	0.0 	0.0 	0.1 	0.0 	0.0 	4.3 	RB51		Carolina Panthers	Minnesota Vikings	0 	0.0 	25 	0.2 	0.8 	7 	0.0 	0.0 	0.1 	0.0 	0.0 	4.2 	RB46		Carolina Panthers	New Orleans Saints	0 	0.0 	29 	0.2 	0.9 	7 	0.0 	0.0 	0.1 	0.0 	0.0 	4.9 	RB44		Carolina Panthers	Cincinnati Bengals	0 	0.0 	27 	0.2 	0.9 	7 	0.0 	0.0 	0.1 	0.0 	0.0 	4.7 	RB47		Carolina Panthers	Pittsburgh Steelers	0 	0.0 	24 	0.1 	0.8 	7 	0.0 	0.0 	0.1 	0.0 	0.0 	4.1 	RB51		Carolina Panthers	Seattle Seahawks	0 	0.0 	23 	0.1 	0.8 	7 	0.0 	0.0 	0.1 	0.0 	0.0 	3.9 	RB52		Actual	Actual	Actual	Actual	Forecast	Forecast	Forecast	Forecast	Forecast	Forecast	Forecast	Forecast	Forecast	Forecast	Forecast	Forecast	Forecast		Healthy	Healthy	Injured	Injured	Injured	Injured	Injured	Injured	Healthy	Healthy	Healthy	Healthy	Healthy	Healthy	Healthy	Healthy	Healthy		Week 5 2026	10/9/2026	4:29:22 PM	16		3%	3%	25%	24%	0%	0%		0.1 	0	1	1	1	1	
	Isaiah Williams	New York Jets	WR	WR74	3.9 	62 	0 	0.0 	0.0 	0.0 	63 	3.9 	0.0 	0.0 	36.6 	2.3 	398 	24.9 	2.7 	0.2 	0.0 	0.1 	0.0 	0.169 	1.000 	0.260 	(1)	0.000 	0.000 	191 	0 	(191)	74 	0 	(74)	0.142 																0.7 	4.8 	2.1 	13.3 	3.5 	3.4 	3.6 	3.5 	3.3 	3.6 	3.3 	3.4 	0.0 	3.3 	3.5 	3.3 	3.4 		WR86	WR36	WR67	WR11	WR65	WR65	WR65	WR68	WR73	WR66	WR67	WR79	-	WR75	WR77	WR77	WR78		WR78	3.4 	0.0 	0.0 	4.0 	0.0 	2.2 	21.9 	0.1 	78 	0.160 	1.000 	0.220 	(1)	0.000 	0.000 	204 	0.123 		41 		-	-		-	-		-	-		-	-		WR54	5.2 	0.0 	0.0 	12.1 	0.0 	6.6 	65.7 	0.4 	54 	0.188 	1.000 	0.460 	(0)	0.000 	0.000 	#N/A	0.235 		20.9 		-	-		-	-		-	-		-	-					New York Jets	Tennessee Titans	0 	0.0 	0 	0.0 	1.0 	7 	0.0 	0.0 	0.0 	0.0 	0.0 	0.7 	WR86		New York Jets	Green Bay Packers	0 	0.0 	14 	0.0 	6.0 	34 	0.0 	0.0 	0.0 	0.0 	0.0 	4.8 	WR36		New York Jets	Detroit Lions	0 	0.0 	0 	0.0 	1.0 	21 	0.0 	0.0 	0.0 	0.0 	0.0 	2.1 	WR67		New York Jets	Chicago Bears	0 	0.0 	0 	0.0 	2.0 	73 	1.0 	0.0 	0.0 	0.0 	0.0 	13.3 	WR11		New York Jets	Cleveland Browns	0 	0.0 	5 	0.0 	2.2 	22 	0.2 	0.0 	0.0 	0.0 	0.0 	3.5 	WR65		New York Jets	New England Patriots	0 	0.0 	4 	0.0 	2.2 	22 	0.1 	0.0 	0.0 	0.0 	0.0 	3.4 	WR65		New York Jets	Miami Dolphins	0 	0.0 	5 	0.0 	2.2 	22 	0.2 	0.0 	0.0 	0.0 	0.0 	3.6 	WR65		New York Jets	Las Vegas Raiders	0 	0.0 	5 	0.0 	2.2 	22 	0.2 	0.0 	0.0 	0.0 	0.0 	3.5 	WR68		New York Jets	Kansas City Chiefs	0 	0.0 	3 	0.0 	2.2 	22 	0.1 	0.0 	0.0 	0.0 	0.0 	3.3 	WR73		New York Jets	Buffalo Bills	0 	0.0 	4 	0.0 	2.3 	23 	0.2 	0.0 	0.0 	0.0 	0.0 	3.6 	WR66		New York Jets	Los Angeles Chargers	0 	0.0 	3 	0.0 	2.2 	22 	0.1 	0.0 	0.0 	0.0 	0.0 	3.3 	WR67		New York Jets	Miami Dolphins	0 	0.0 	4 	0.0 	2.2 	22 	0.1 	0.0 	0.0 	0.0 	0.0 	3.4 	WR79		New York Jets	BYE	0 	0.0 	0 	0.0 	0.0 	0 	0.0 	0.0 	0.0 	0.0 	0.0 	0.0 	-		New York Jets	Denver Broncos	0 	0.0 	4 	0.0 	2.2 	22 	0.1 	0.0 	0.0 	0.0 	0.0 	3.3 	WR75		New York Jets	Arizona Cardinals	0 	0.0 	4 	0.0 	2.2 	22 	0.1 	0.0 	0.0 	0.0 	0.0 	3.5 	WR77		New York Jets	New England Patriots	0 	0.0 	4 	0.0 	2.2 	22 	0.1 	0.0 	0.0 	0.0 	0.0 	3.3 	WR77		New York Jets	Minnesota Vikings	0 	0.0 	4 	0.0 	2.2 	22 	0.1 	0.0 	0.0 	0.0 	0.0 	3.4 	WR78		Actual	Actual	Actual	Actual	Forecast	Forecast	Forecast	Forecast	Forecast	Forecast	Forecast	Forecast	Forecast	Forecast	Forecast	Forecast	Forecast		Healthy	Healthy	Healthy	Healthy	Healthy	Healthy	Healthy	Healthy	Healthy	Healthy	Healthy	Healthy	Healthy	Healthy	Healthy	Healthy	Healthy		Week 5 2026	10/9/2026	4:29:22 PM	16		10%	11%	4%	0%	0%	0%		(0.1)	0	0	0	0	0	(0.112082)
	Evan Engram	Denver Broncos	TE	TE29	3.7 	55 	0 	0.0 	0.0 	0.0 	0 	0.0 	0.0 	0.0 	33.5 	2.2 	363 	24.2 	3.1 	0.2 	0.0 	0.1 	0.0 	0.149 	0.560 	0.308 	(0)	0.000 	0.000 	189 	297 	108 	29 	37 	8 	0.146 																10.3 	1.7 	0.0 	0.6 	3.6 	3.5 	3.6 	3.6 	3.6 	0.0 	3.6 	3.4 	3.6 	3.5 	3.5 	3.6 	3.4 		TE8	TE23	-	TE34	TE27	TE26	TE25	TE24	TE28	-	TE25	TE30	TE23	TE27	TE28	TE28	TE30		TE28	3.5 	0.0 	0.0 	0.0 	0.0 	2.3 	24.8 	0.2 	28 	0.165 	0.560 	0.318 	(0)	0.000 	0.000 	188 	0.152 		42 		-	-		-	-		-	-		-	-		TE32	4.2 	0.0 	0.0 	0.0 	0.0 	9.2 	99.0 	0.7 	32 	0.113 	0.560 	0.279 	(0)	0.000 	0.000 	#N/A	0.128 		12.6 		-	-		-	-		-	-		-	-					Denver Broncos	Kansas City Chiefs	0 	0.0 	0 	0.0 	4.0 	43 	1.0 	0.0 	0.0 	0.0 	0.0 	10.3 	TE8		Denver Broncos	Jacksonville Jaguars	0 	0.0 	0 	0.0 	1.0 	17 	0.0 	0.0 	0.0 	0.0 	0.0 	1.7 	TE23		Denver Broncos	Los Angeles Rams	0 	0.0 	0 	0.0 	0.0 	0 	0.0 	0.0 	0.0 	0.0 	0.0 	0.0 	-		Denver Broncos	San Francisco 49ers	0 	0.0 	0 	0.0 	1.0 	6 	0.0 	0.0 	0.0 	0.0 	0.0 	0.6 	TE34		Denver Broncos	Los Angeles Chargers	0 	0.0 	0 	0.0 	2.3 	25 	0.2 	0.0 	0.0 	0.0 	0.0 	3.6 	TE27		Denver Broncos	Seattle Seahawks	0 	0.0 	0 	0.0 	2.3 	25 	0.2 	0.0 	0.0 	0.0 	0.0 	3.5 	TE26		Denver Broncos	Arizona Cardinals	0 	0.0 	0 	0.0 	2.3 	25 	0.2 	0.0 	0.0 	0.0 	0.0 	3.6 	TE25		Denver Broncos	Kansas City Chiefs	0 	0.0 	0 	0.0 	2.3 	25 	0.2 	0.0 	0.0 	0.0 	0.0 	3.6 	TE24		Denver Broncos	Carolina Panthers	0 	0.0 	0 	0.0 	2.3 	25 	0.2 	0.0 	0.0 	0.0 	0.0 	3.6 	TE28		Denver Broncos	BYE	0 	0.0 	0 	0.0 	0.0 	0 	0.0 	0.0 	0.0 	0.0 	0.0 	0.0 	-		Denver Broncos	Las Vegas Raiders	0 	0.0 	0 	0.0 	2.3 	25 	0.2 	0.0 	0.0 	0.0 	0.0 	3.6 	TE25		Denver Broncos	Pittsburgh Steelers	0 	0.0 	0 	0.0 	2.2 	24 	0.2 	0.0 	0.0 	0.0 	0.0 	3.4 	TE30		Denver Broncos	Miami Dolphins	0 	0.0 	0 	0.0 	2.3 	25 	0.2 	0.0 	0.0 	0.0 	0.0 	3.6 	TE23		Denver Broncos	New York Jets	0 	0.0 	0 	0.0 	2.3 	24 	0.2 	0.0 	0.0 	0.0 	0.0 	3.5 	TE27		Denver Broncos	Las Vegas Raiders	0 	0.0 	0 	0.0 	2.3 	25 	0.2 	0.0 	0.0 	0.0 	0.0 	3.5 	TE28		Denver Broncos	Buffalo Bills	0 	0.0 	0 	0.0 	2.4 	26 	0.2 	0.0 	0.0 	0.0 	0.0 	3.6 	TE28		Denver Broncos	New England Patriots	0 	0.0 	0 	0.0 	2.3 	24 	0.2 	0.0 	0.0 	0.0 	0.0 	3.4 	TE30		Actual	Actual	Actual	Actual	Forecast	Forecast	Forecast	Forecast	Forecast	Forecast	Forecast	Forecast	Forecast	Forecast	Forecast	Forecast	Forecast		Healthy	Healthy	Healthy	Healthy	Healthy	Healthy	Healthy	Healthy	Healthy	Healthy	Healthy	Healthy	Healthy	Healthy	Healthy	Healthy	Healthy		Week 5 2026	10/9/2026	4:29:22 PM	16		11%	12%	0%	0%	0%	0%		0.0 	0	0	0	0	0	0.023560 
	Geno Smith	New York Jets	QB	QB30	13.9 	223 	3,504 	219.0 	20.2 	1.3 	157 	9.8 	0.6 	0.0 	0.0 	0.0 	0 	0.0 	0.0 	0.0 	7.7 	1.9 	0.0 	0.606 	0.460 	0.158 	0 	0.073 	0.000 	204 	229 	25 	27 	30 	3 	0.118 																9.3 	15.6 	26.0 	8.8 	14.1 	13.6 	14.5 	14.1 	12.8 	14.3 	12.8 	13.7 	0.0 	13.0 	13.9 	13.0 	13.3 		QB28	QB16	QB3	QB29	QB22	QB25	QB23	QB26	QB28	QB24	QB26	QB28	-	QB28	QB29	QB31	QB31		QB30	13.6 	216.9 	1.3 	10.1 	0.0 	0.0 	0.0 	0.0 	30 	0.636 	0.460 	0.114 	0 	0.212 	0.000 	183 	0.160 		163 		-	-		-	-		-	-		-	-		QB18	14.9 	650.6 	3.8 	30.3 	0.1 	0.0 	0.0 	0.0 	18 	0.535 	0.460 	0.279 	0 	0.190 	0.000 	#N/A	0.237 		59.7 		-	-		-	-		-	-		-	-					New York Jets	Tennessee Titans	215 	0.0 	7 	0.0 	0.0 	0 	0.0 	0.0 	0.0 	0.0 	0.0 	9.3 	QB28		New York Jets	Green Bay Packers	247 	1.0 	17 	0.0 	0.0 	0 	0.0 	0.0 	0.0 	0.0 	0.0 	15.6 	QB16		New York Jets	Detroit Lions	321 	3.0 	12 	0.0 	0.0 	0 	0.0 	0.0 	1.0 	0.0 	1.0 	26.0 	QB3		New York Jets	Chicago Bears	119 	1.0 	0 	0.0 	0.0 	0 	0.0 	0.0 	0.0 	0.0 	0.0 	8.8 	QB29		New York Jets	Cleveland Browns	216 	1.4 	11 	0.1 	0.0 	0 	0.0 	0.6 	0.1 	0.0 	0.0 	14.1 	QB22		New York Jets	New England Patriots	220 	1.3 	10 	0.0 	0.0 	0 	0.0 	0.6 	0.1 	0.0 	0.0 	13.6 	QB25		New York Jets	Miami Dolphins	219 	1.4 	12 	0.1 	0.0 	0 	0.0 	0.6 	0.1 	0.0 	0.0 	14.5 	QB23		New York Jets	Las Vegas Raiders	216 	1.4 	11 	0.1 	0.0 	0 	0.0 	0.6 	0.1 	0.0 	0.0 	14.1 	QB26		New York Jets	Kansas City Chiefs	215 	1.1 	9 	0.0 	0.0 	0 	0.0 	0.6 	0.1 	0.0 	0.0 	12.8 	QB28		New York Jets	Buffalo Bills	226 	1.4 	10 	0.0 	0.0 	0 	0.0 	0.6 	0.1 	0.0 	0.0 	14.3 	QB24		New York Jets	Los Angeles Chargers	215 	1.1 	9 	0.0 	0.0 	0 	0.0 	0.6 	0.1 	0.0 	0.0 	12.8 	QB26		New York Jets	Miami Dolphins	215 	1.3 	11 	0.1 	0.0 	0 	0.0 	0.6 	0.1 	0.0 	0.0 	13.7 	QB28		New York Jets	BYE	0 	0.0 	0 	0.0 	0.0 	0 	0.0 	0.0 	0.0 	0.0 	0.0 	0.0 	-		New York Jets	Denver Broncos	215 	1.2 	9 	0.0 	0.0 	0 	0.0 	0.6 	0.1 	0.0 	0.0 	13.0 	QB28		New York Jets	Arizona Cardinals	217 	1.3 	11 	0.1 	0.0 	0 	0.0 	0.6 	0.1 	0.0 	0.0 	13.9 	QB29		New York Jets	New England Patriots	215 	1.2 	9 	0.0 	0.0 	0 	0.0 	0.6 	0.1 	0.0 	0.0 	13.0 	QB31		New York Jets	Minnesota Vikings	214 	1.2 	10 	0.0 	0.0 	0 	0.0 	0.6 	0.1 	0.0 	0.0 	13.3 	QB31		Actual	Actual	Actual	Actual	Forecast	Forecast	Forecast	Forecast	Forecast	Forecast	Forecast	Forecast	Forecast	Forecast	Forecast	Forecast	Forecast		Healthy	Healthy	Healthy	Healthy	Healthy	Healthy	Healthy	Healthy	Healthy	Healthy	Healthy	Healthy	Healthy	Healthy	Healthy	Healthy	Healthy		Week 5 2026	10/9/2026	4:29:22 PM	16		0%	0%	10%	7%	99%	99%		(0.1)	0	0	0	0	0	(0.077182)
	Justice Hill	Baltimore Ravens	RB	RB61	2.7 	42 	0 	0.0 	0.0 	0.0 	226 	14.1 	1.0 	0.1 	14.1 	0.9 	117 	7.3 	0.4 	0.0 	0.0 	0.3 	0.0 	0.115 	1.000 	0.251 	(1)	0.000 	0.000 	198 	238 	40 	61 	73 	12 	0.130 				-	-		-	-		-	-		-	-		2.8 	1.8 	3.3 	2.5 	2.7 	2.5 	2.8 	2.6 	2.8 	2.7 	2.7 	2.4 	0.0 	2.9 	2.6 	2.9 	2.6 		RB50	RB54	RB42	RB47	RB51	RB53	RB49	RB53	RB55	RB53	RB46	RB62	-	RB58	RB63	RB60	RB61		RB62	2.7 	0.0 	0.0 	13.9 	0.1 	0.8 	6.1 	0.0 	62 	0.125 	1.000 	0.238 	(1)	0.000 	0.000 	203 	0.126 		32 														RB58	2.6 	0.0 	0.0 	41.6 	0.3 	2.3 	18.2 	0.1 	58 	0.093 	1.000 	0.289 	(1)	0.000 	0.000 	#N/A	0.144 		10.4 																	Baltimore Ravens	Indianapolis Colts	0 	0.0 	18 	0.0 	1.0 	10 	0.0 	0.0 	0.0 	0.0 	0.0 	2.8 	RB50		Baltimore Ravens	New Orleans Saints	0 	0.0 	6 	0.0 	2.0 	12 	0.0 	0.0 	0.0 	0.0 	0.0 	1.8 	RB54		Baltimore Ravens	Dallas Cowboys	0 	0.0 	33 	0.0 	0.0 	0 	0.0 	0.0 	0.0 	0.0 	0.0 	3.3 	RB42		Baltimore Ravens	Tennessee Titans	0 	0.0 	3 	0.0 	2.0 	22 	0.0 	0.0 	0.0 	0.0 	0.0 	2.5 	RB47		Baltimore Ravens	Atlanta Falcons	0 	0.0 	14 	0.1 	0.7 	6 	0.0 	0.0 	0.0 	0.0 	0.0 	2.7 	RB51		Baltimore Ravens	Cleveland Browns	0 	0.0 	13 	0.1 	0.7 	6 	0.0 	0.0 	0.0 	0.0 	0.0 	2.5 	RB53		Baltimore Ravens	Cincinnati Bengals	0 	0.0 	14 	0.1 	0.8 	6 	0.0 	0.0 	0.0 	0.0 	0.0 	2.8 	RB49		Baltimore Ravens	Buffalo Bills	0 	0.0 	13 	0.1 	0.8 	6 	0.0 	0.0 	0.0 	0.0 	0.0 	2.6 	RB53		Baltimore Ravens	Jacksonville Jaguars	0 	0.0 	15 	0.1 	0.8 	6 	0.0 	0.0 	0.0 	0.0 	0.0 	2.8 	RB55		Baltimore Ravens	Los Angeles Chargers	0 	0.0 	14 	0.1 	0.8 	6 	0.0 	0.0 	0.0 	0.0 	0.0 	2.7 	RB53		Baltimore Ravens	Carolina Panthers	0 	0.0 	14 	0.1 	0.8 	6 	0.0 	0.0 	0.0 	0.0 	0.0 	2.7 	RB46		Baltimore Ravens	Houston Texans	0 	0.0 	12 	0.1 	0.7 	6 	0.0 	0.0 	0.0 	0.0 	0.0 	2.4 	RB62		Baltimore Ravens	BYE	0 	0.0 	0 	0.0 	0.0 	0 	0.0 	0.0 	0.0 	0.0 	0.0 	0.0 	-		Baltimore Ravens	Tampa Bay Buccaneers	0 	0.0 	15 	0.1 	0.8 	6 	0.0 	0.0 	0.0 	0.0 	0.0 	2.9 	RB58		Baltimore Ravens	Pittsburgh Steelers	0 	0.0 	13 	0.1 	0.8 	6 	0.0 	0.0 	0.0 	0.0 	0.0 	2.6 	RB63		Baltimore Ravens	Cleveland Browns	0 	0.0 	15 	0.1 	0.7 	6 	0.0 	0.0 	0.0 	0.0 	0.0 	2.9 	RB60		Baltimore Ravens	Cincinnati Bengals	0 	0.0 	13 	0.1 	0.8 	6 	0.0 	0.0 	0.0 	0.0 	0.0 	2.6 	RB61		Actual	Actual	Actual	Actual	Forecast	Forecast	Forecast	Forecast	Forecast	Forecast	Forecast	Forecast	Forecast	Forecast	Forecast	Forecast	Forecast		Healthy	Healthy	Healthy	Healthy	Healthy	Healthy	Healthy	Healthy	Healthy	Healthy	Healthy	Healthy	Healthy	Healthy	Healthy	Healthy	Healthy		Week 5 2026	10/9/2026	4:29:22 PM	16		3%	3%	9%	6%	0%	0%		(0.0)	0	0	0	0	0	(0.018445)
	Marvin Harrison Jr.	Arizona Cardinals	WR	WR71	4.3 	64 	0 	0.0 	0.0 	0.0 	0 	0.0 	0.0 	0.0 	28.1 	1.9 	439 	29.3 	3.4 	0.2 	0.0 	0.1 	0.0 	0.175 	1.000 	0.290 	(0)	0.000 	0.000 	181 	83 	(98)	71 	35 	(36)	0.157 				-	-		-	-		-	-		-	-		3.3 	0.0 	4.0 	7.2 	4.7 	4.4 	4.1 	4.1 	3.8 	4.1 	3.9 	4.3 	4.0 	0.0 	4.1 	4.2 	4.1 		WR58	-	WR51	WR37	WR54	WR58	WR62	WR66	WR70	WR63	WR64	WR74	WR67	-	WR75	WR73	WR75		WR74	4.2 	0.0 	0.0 	0.0 	0.0 	1.9 	29.5 	0.2 	74 	0.195 	1.000 	0.260 	(0)	0.000 	0.000 	192 	0.146 		50 														WR78	4.8 	0.0 	0.0 	0.0 	0.0 	7.7 	117.9 	0.8 	78 	0.130 	1.000 	0.220 	(0)	0.000 	0.000 	#N/A	0.119 		14.5 																	Arizona Cardinals	Los Angeles Chargers	0 	0.0 	0 	0.0 	1.0 	33 	0.0 	0.0 	0.0 	0.0 	0.0 	3.3 	WR58		Arizona Cardinals	Seattle Seahawks	0 	0.0 	0 	0.0 	0.0 	0 	0.0 	0.0 	0.0 	0.0 	0.0 	0.0 	-		Arizona Cardinals	San Francisco 49ers	0 	0.0 	0 	0.0 	3.0 	40 	0.0 	0.0 	0.0 	0.0 	0.0 	4.0 	WR51		Arizona Cardinals	New York Giants	0 	0.0 	0 	0.0 	1.0 	12 	1.0 	0.0 	0.0 	0.0 	0.0 	7.2 	WR37		Arizona Cardinals	Detroit Lions	0 	0.0 	0 	0.0 	2.1 	32 	0.3 	0.0 	0.0 	0.0 	0.0 	4.7 	WR54		Arizona Cardinals	Los Angeles Rams	0 	0.0 	0 	0.0 	2.0 	31 	0.2 	0.0 	0.0 	0.0 	0.0 	4.4 	WR58		Arizona Cardinals	Denver Broncos	0 	0.0 	0 	0.0 	1.9 	29 	0.2 	0.0 	0.0 	0.0 	0.0 	4.1 	WR62		Arizona Cardinals	Dallas Cowboys	0 	0.0 	0 	0.0 	1.9 	30 	0.2 	0.0 	0.0 	0.0 	0.0 	4.1 	WR66		Arizona Cardinals	Seattle Seahawks	0 	0.0 	0 	0.0 	1.8 	28 	0.2 	0.0 	0.0 	0.0 	0.0 	3.8 	WR70		Arizona Cardinals	Los Angeles Rams	0 	0.0 	0 	0.0 	1.9 	30 	0.2 	0.0 	0.0 	0.0 	0.0 	4.1 	WR63		Arizona Cardinals	Kansas City Chiefs	0 	0.0 	0 	0.0 	1.9 	29 	0.2 	0.0 	0.0 	0.0 	0.0 	3.9 	WR64		Arizona Cardinals	Washington Commanders	0 	0.0 	0 	0.0 	2.0 	30 	0.2 	0.0 	0.0 	0.0 	0.0 	4.3 	WR74		Arizona Cardinals	Philadelphia Eagles	0 	0.0 	0 	0.0 	1.9 	29 	0.2 	0.0 	0.0 	0.0 	0.0 	4.0 	WR67		Arizona Cardinals	BYE	0 	0.0 	0 	0.0 	0.0 	0 	0.0 	0.0 	0.0 	0.0 	0.0 	0.0 	-		Arizona Cardinals	New York Jets	0 	0.0 	0 	0.0 	1.9 	29 	0.2 	0.0 	0.0 	0.0 	0.0 	4.1 	WR75		Arizona Cardinals	New Orleans Saints	0 	0.0 	0 	0.0 	1.9 	29 	0.2 	0.0 	0.0 	0.0 	0.0 	4.2 	WR73		Arizona Cardinals	Las Vegas Raiders	0 	0.0 	0 	0.0 	1.9 	29 	0.2 	0.0 	0.0 	0.0 	0.0 	4.1 	WR75		Actual	Actual	Actual	Actual	Forecast	Forecast	Forecast	Forecast	Forecast	Forecast	Forecast	Forecast	Forecast	Forecast	Forecast	Forecast	Forecast		Healthy	Healthy	Healthy	Healthy	Healthy	Healthy	Healthy	Healthy	Healthy	Healthy	Healthy	Healthy	Healthy	Healthy	Healthy	Healthy	Healthy		Week 5 2026	10/9/2026	4:29:22 PM	16		13%	14%	0%	0%	0%	0%		0.0 	0	0	0	0	0	0.027668 
	Terrance Ferguson	Los Angeles Rams	TE	TE31	3.7 	48 	0 	0.0 	0.0 	0.0 	0 	0.0 	0.0 	0.0 	33.0 	2.5 	320 	24.6 	2.7 	0.2 	0.0 	0.1 	0.0 	0.130 	0.560 	0.289 	(0)	0.000 	0.000 	195 	165 	(30)	31 	25 	(6)	0.135 																0.0 	11.4 	0.9 	0.0 	0.0 	3.4 	3.2 	3.3 	3.3 	3.2 	0.0 	3.2 	3.2 	3.3 	3.3 	3.1 	3.2 		-	TE7	TE29	-	-	TE27	TE29	TE29	TE31	TE28	-	TE33	TE28	TE31	TE32	TE33	TE32		TE33	3.2 	0.0 	0.0 	0.0 	0.0 	2.4 	23.4 	0.2 	33 	0.139 	0.560 	0.269 	(0)	0.000 	0.000 	201 	0.128 		36 														TE33	6.2 	0.0 	0.0 	0.0 	0.0 	13.0 	128.7 	0.8 	33 	0.110 	0.560 	0.269 	(0)	0.000 	0.000 	#N/A	0.124 		12.3 																	Los Angeles Rams	San Francisco 49ers	0 	0.0 	0 	0.0 	0.0 	0 	0.0 	0.0 	0.0 	0.0 	0.0 	0.0 	-		Los Angeles Rams	New York Giants	0 	0.0 	0 	0.0 	6.0 	54 	1.0 	0.0 	0.0 	0.0 	0.0 	11.4 	TE7		Los Angeles Rams	Denver Broncos	0 	0.0 	0 	0.0 	1.0 	9 	0.0 	0.0 	0.0 	0.0 	0.0 	0.9 	TE29		Los Angeles Rams	Philadelphia Eagles	0 	0.0 	0 	0.0 	0.0 	0 	0.0 	0.0 	0.0 	0.0 	0.0 	0.0 	-		Los Angeles Rams	Buffalo Bills	0 	0.0 	0 	0.0 	0.0 	0 	0.0 	0.0 	0.0 	0.0 	0.0 	0.0 	-		Los Angeles Rams	Arizona Cardinals	0 	0.0 	0 	0.0 	2.4 	24 	0.2 	0.0 	0.0 	0.0 	0.0 	3.4 	TE27		Los Angeles Rams	Las Vegas Raiders	0 	0.0 	0 	0.0 	2.3 	23 	0.1 	0.0 	0.0 	0.0 	0.0 	3.2 	TE29		Los Angeles Rams	Los Angeles Chargers	0 	0.0 	0 	0.0 	2.4 	24 	0.2 	0.0 	0.0 	0.0 	0.0 	3.3 	TE29		Los Angeles Rams	Washington Commanders	0 	0.0 	0 	0.0 	2.4 	24 	0.2 	0.0 	0.0 	0.0 	0.0 	3.3 	TE31		Los Angeles Rams	Arizona Cardinals	0 	0.0 	0 	0.0 	2.3 	23 	0.2 	0.0 	0.0 	0.0 	0.0 	3.2 	TE28		Los Angeles Rams	BYE	0 	0.0 	0 	0.0 	0.0 	0 	0.0 	0.0 	0.0 	0.0 	0.0 	0.0 	-		Los Angeles Rams	Green Bay Packers	0 	0.0 	0 	0.0 	2.4 	23 	0.2 	0.0 	0.0 	0.0 	0.0 	3.2 	TE33		Los Angeles Rams	Kansas City Chiefs	0 	0.0 	0 	0.0 	2.3 	23 	0.1 	0.0 	0.0 	0.0 	0.0 	3.2 	TE28		Los Angeles Rams	San Francisco 49ers	0 	0.0 	0 	0.0 	2.4 	24 	0.2 	0.0 	0.0 	0.0 	0.0 	3.3 	TE31		Los Angeles Rams	Dallas Cowboys	0 	0.0 	0 	0.0 	2.4 	24 	0.2 	0.0 	0.0 	0.0 	0.0 	3.3 	TE32		Los Angeles Rams	Seattle Seahawks	0 	0.0 	0 	0.0 	2.3 	23 	0.1 	0.0 	0.0 	0.0 	0.0 	3.1 	TE33		Los Angeles Rams	Tampa Bay Buccaneers	0 	0.0 	0 	0.0 	2.4 	23 	0.2 	0.0 	0.0 	0.0 	0.0 	3.2 	TE32		Actual	Actual	Actual	Actual	Forecast	Forecast	Forecast	Forecast	Forecast	Forecast	Forecast	Forecast	Forecast	Forecast	Forecast	Forecast	Forecast		Healthy	Healthy	Healthy	Injured	Injured	Healthy	Healthy	Healthy	Healthy	Healthy	Healthy	Healthy	Healthy	Healthy	Healthy	Healthy	Healthy		Week 5 2026	10/9/2026	4:29:22 PM	16		10%	8%	0%	0%	0%	0%		0.0 	0	0	1	1	0	
	Kyler Murray	Minnesota Vikings	QB	QB31	14.0 	210 	3,043 	202.9 	19.1 	1.3 	246 	16.4 	1.2 	0.1 	0.0 	0.0 	0 	0.0 	0.0 	0.0 	8.8 	0.9 	0.0 	0.572 	0.460 	0.143 	0 	0.081 	0.000 	207 	154 	(53)	28 	21 	(7)	0.114 				-	-		-	-		-	-		-	-		1.4 	0.0 	10.4 	11.5 	15.4 	0.0 	16.4 	15.5 	15.8 	15.0 	15.5 	15.9 	15.7 	14.5 	15.7 	16.4 	15.0 		QB33	-	QB27	QB23	QB16	-	QB11	QB19	QB18	QB22	QB19	QB18	QB18	QB24	QB19	QB11	QB21		QB21	15.6 	217.5 	1.5 	17.0 	0.1 	0.0 	0.0 	0.0 	21 	0.729 	0.460 	0.240 	1 	0.414 	0.000 	113 	0.322 		187 														QB37	7.8 	870.0 	6.0 	67.8 	0.4 	0.0 	0.0 	0.0 	37 	0.209 	0.460 	0.009 	(1)	0.000 	0.000 	#N/A	0.005 		23.3 																	Minnesota Vikings	Green Bay Packers	18 	0.0 	9 	0.0 	0.0 	0 	0.0 	0.1 	0.0 	0.0 	0.0 	1.4 	QB33		Minnesota Vikings	Chicago Bears	0 	0.0 	0 	0.0 	0.0 	0 	0.0 	0.0 	0.0 	0.0 	0.0 	0.0 	-		Minnesota Vikings	Tampa Bay Buccaneers	168 	1.0 	17 	0.0 	0.0 	0 	0.0 	1.0 	0.0 	0.0 	0.0 	10.4 	QB27		Minnesota Vikings	Miami Dolphins	247 	0.0 	16 	0.0 	0.0 	0 	0.0 	0.0 	0.0 	0.0 	0.0 	11.5 	QB23		Minnesota Vikings	New Orleans Saints	213 	1.5 	19 	0.1 	0.0 	0 	0.0 	0.6 	0.1 	0.0 	0.0 	15.4 	QB16		Minnesota Vikings	BYE	0 	0.0 	0 	0.0 	0.0 	0 	0.0 	0.0 	0.0 	0.0 	0.0 	0.0 	-		Minnesota Vikings	Indianapolis Colts	222 	1.6 	18 	0.1 	0.0 	0 	0.0 	0.6 	0.1 	0.0 	0.0 	16.4 	QB11		Minnesota Vikings	Detroit Lions	221 	1.5 	16 	0.1 	0.0 	0 	0.0 	0.6 	0.1 	0.0 	0.0 	15.5 	QB19		Minnesota Vikings	Buffalo Bills	220 	1.5 	17 	0.1 	0.0 	0 	0.0 	0.6 	0.1 	0.0 	0.0 	15.8 	QB18		Minnesota Vikings	Green Bay Packers	217 	1.4 	15 	0.1 	0.0 	0 	0.0 	0.6 	0.1 	0.0 	0.0 	15.0 	QB22		Minnesota Vikings	San Francisco 49ers	221 	1.5 	16 	0.1 	0.0 	0 	0.0 	0.6 	0.1 	0.0 	0.0 	15.5 	QB19		Minnesota Vikings	Atlanta Falcons	215 	1.6 	19 	0.1 	0.0 	0 	0.0 	0.6 	0.1 	0.0 	0.0 	15.9 	QB18		Minnesota Vikings	Carolina Panthers	216 	1.5 	18 	0.1 	0.0 	0 	0.0 	0.6 	0.1 	0.0 	0.0 	15.7 	QB18		Minnesota Vikings	New England Patriots	213 	1.4 	15 	0.1 	0.0 	0 	0.0 	0.6 	0.1 	0.0 	0.0 	14.5 	QB24		Minnesota Vikings	Detroit Lions	220 	1.5 	17 	0.1 	0.0 	0 	0.0 	0.6 	0.1 	0.0 	0.0 	15.7 	QB19		Minnesota Vikings	Washington Commanders	222 	1.6 	18 	0.1 	0.0 	0 	0.0 	0.6 	0.1 	0.0 	0.0 	16.4 	QB11		Minnesota Vikings	New York Jets	211 	1.4 	17 	0.1 	0.0 	0 	0.0 	0.6 	0.1 	0.0 	0.0 	15.0 	QB21		Actual	Actual	Actual	Actual	Forecast	Forecast	Forecast	Forecast	Forecast	Forecast	Forecast	Forecast	Forecast	Forecast	Forecast	Forecast	Forecast		Healthy	Injured	Healthy	Healthy	Healthy	Healthy	Healthy	Healthy	Healthy	Healthy	Healthy	Healthy	Healthy	Healthy	Healthy	Healthy	Healthy		Week 5 2026	10/9/2026	4:29:22 PM	16		0%	0%	14%	12%	99%	99%		0.3 	1	0	0	0	0	
	Greg Dulcich	Miami Dolphins	TE	TE30	3.4 	51 	0 	0.0 	0.0 	0.0 	0 	0.0 	0.0 	0.0 	35.5 	2.4 	405 	27.0 	1.8 	0.1 	0.0 	0.1 	0.0 	0.139 	0.560 	0.299 	(0)	0.000 	0.000 	192 	271 	79 	30 	34 	4 	0.140 				-	-		-	-		-	-		-	-		1.8 	1.7 	5.5 	0.0 	3.4 	0.0 	3.4 	3.5 	3.6 	3.6 	3.5 	3.4 	3.3 	3.6 	3.4 	3.5 	3.7 		TE28	TE23	TE15	-	TE28	-	TE26	TE25	TE27	TE25	TE26	TE29	TE27	TE26	TE31	TE29	TE28		TE29	3.5 	0.0 	0.0 	0.0 	0.0 	2.2 	26.3 	0.1 	29 	0.164 	0.560 	0.308 	(0)	0.000 	0.000 	190 	0.148 		42 														TE43	3.0 	0.0 	0.0 	0.0 	0.0 	8.8 	105.1 	0.6 	43 	0.081 	0.560 	0.167 	(1)	0.000 	0.000 	#N/A	0.079 		9.0 																	Miami Dolphins	Las Vegas Raiders	0 	0.0 	0 	0.0 	2.0 	18 	0.0 	0.0 	0.0 	0.0 	0.0 	1.8 	TE28		Miami Dolphins	San Francisco 49ers	0 	0.0 	0 	0.0 	2.0 	17 	0.0 	0.0 	0.0 	0.0 	0.0 	1.7 	TE23		Miami Dolphins	Kansas City Chiefs	0 	0.0 	0 	0.0 	5.0 	55 	0.0 	0.0 	0.0 	0.0 	0.0 	5.5 	TE15		Miami Dolphins	Minnesota Vikings	0 	0.0 	0 	0.0 	0.0 	0 	0.0 	0.0 	0.0 	0.0 	0.0 	0.0 	-		Miami Dolphins	Cincinnati Bengals	0 	0.0 	0 	0.0 	2.2 	26 	0.1 	0.0 	0.0 	0.0 	0.0 	3.4 	TE28		Miami Dolphins	BYE	0 	0.0 	0 	0.0 	0.0 	0 	0.0 	0.0 	0.0 	0.0 	0.0 	0.0 	-		Miami Dolphins	New York Jets	0 	0.0 	0 	0.0 	2.1 	25 	0.1 	0.0 	0.0 	0.0 	0.0 	3.4 	TE26		Miami Dolphins	New England Patriots	0 	0.0 	0 	0.0 	2.2 	26 	0.1 	0.0 	0.0 	0.0 	0.0 	3.5 	TE25		Miami Dolphins	Detroit Lions	0 	0.0 	0 	0.0 	2.3 	27 	0.2 	0.0 	0.0 	0.0 	0.0 	3.6 	TE27		Miami Dolphins	Indianapolis Colts	0 	0.0 	0 	0.0 	2.3 	27 	0.2 	0.0 	0.0 	0.0 	0.0 	3.6 	TE25		Miami Dolphins	Buffalo Bills	0 	0.0 	0 	0.0 	2.2 	26 	0.1 	0.0 	0.0 	0.0 	0.0 	3.5 	TE26		Miami Dolphins	New York Jets	0 	0.0 	0 	0.0 	2.1 	25 	0.2 	0.0 	0.0 	0.0 	0.0 	3.4 	TE29		Miami Dolphins	Denver Broncos	0 	0.0 	0 	0.0 	2.2 	26 	0.1 	0.0 	0.0 	0.0 	0.0 	3.3 	TE27		Miami Dolphins	Chicago Bears	0 	0.0 	0 	0.0 	2.3 	27 	0.2 	0.0 	0.0 	0.0 	0.0 	3.6 	TE26		Miami Dolphins	Green Bay Packers	0 	0.0 	0 	0.0 	2.2 	26 	0.1 	0.0 	0.0 	0.0 	0.0 	3.4 	TE31		Miami Dolphins	Los Angeles Chargers	0 	0.0 	0 	0.0 	2.2 	26 	0.1 	0.0 	0.0 	0.0 	0.0 	3.5 	TE29		Miami Dolphins	Buffalo Bills	0 	0.0 	0 	0.0 	2.3 	27 	0.2 	0.0 	0.0 	0.0 	0.0 	3.7 	TE28		Actual	Actual	Actual	Actual	Forecast	Forecast	Forecast	Forecast	Forecast	Forecast	Forecast	Forecast	Forecast	Forecast	Forecast	Forecast	Forecast		Healthy	Healthy	Healthy	Healthy	Healthy	Healthy	Healthy	Healthy	Healthy	Healthy	Healthy	Healthy	Healthy	Healthy	Healthy	Healthy	Healthy		Week 5 2026	10/9/2026	4:29:22 PM	16		12%	12%	0%	0%	0%	0%		0.1 	0	0	0	0	0	0.068898 
	Alec Pierce	Indianapolis Colts	WR	WR75	5.1 	62 	0 	0.0 	0.0 	0.0 	0 	0.0 	0.0 	0.0 	26.1 	2.2 	483 	40.3 	2.3 	0.2 	0.0 	0.1 	0.0 	0.168 	1.000 	0.250 	(0)	0.000 	0.000 	193 	96 	(97)	75 	39 	(36)	0.138 				-	-		-	-		-	-		-	-		6.1 	1.1 	0.0 	0.0 	0.0 	0.0 	5.3 	5.5 	5.7 	5.5 	5.3 	5.5 	0.0 	5.3 	5.5 	5.7 	5.3 		WR33	WR76	-	-	-	-	WR48	WR48	WR49	WR47	WR44	WR54	-	WR51	WR54	WR53	WR55		WR66	5.5 	0.0 	0.0 	0.0 	0.0 	2.1 	41.1 	0.2 	66 	0.213 	1.000 	0.340 	(0)	0.000 	0.000 	172 	0.185 		55 														WR104	3.6 	0.0 	0.0 	0.0 	0.0 	10.5 	205.5 	1.1 	104 	0.065 	1.000 	0.000 	(1)	0.000 	0.000 	#N/A	0.010 		7.2 																	Indianapolis Colts	Baltimore Ravens	0 	0.0 	0 	0.0 	4.0 	61 	0.0 	0.0 	0.0 	0.0 	0.0 	6.1 	WR33		Indianapolis Colts	Kansas City Chiefs	0 	0.0 	0 	0.0 	1.0 	11 	0.0 	0.0 	0.0 	0.0 	0.0 	1.1 	WR76		Indianapolis Colts	Houston Texans	0 	0.0 	0 	0.0 	0.0 	0 	0.0 	0.0 	0.0 	0.0 	0.0 	0.0 	-		Indianapolis Colts	Washington Commanders	0 	0.0 	0 	0.0 	0.0 	0 	0.0 	0.0 	0.0 	0.0 	0.0 	0.0 	-		Indianapolis Colts	Pittsburgh Steelers	0 	0.0 	0 	0.0 	0.0 	0 	0.0 	0.0 	0.0 	0.0 	0.0 	0.0 	-		Indianapolis Colts	Tennessee Titans	0 	0.0 	0 	0.0 	0.0 	0 	0.0 	0.0 	0.0 	0.0 	0.0 	0.0 	-		Indianapolis Colts	Minnesota Vikings	0 	0.0 	0 	0.0 	2.1 	40 	0.2 	0.0 	0.0 	0.0 	0.0 	5.3 	WR48		Indianapolis Colts	Jacksonville Jaguars	0 	0.0 	0 	0.0 	2.1 	41 	0.2 	0.0 	0.0 	0.0 	0.0 	5.5 	WR48		Indianapolis Colts	Dallas Cowboys	0 	0.0 	0 	0.0 	2.2 	43 	0.2 	0.0 	0.0 	0.0 	0.0 	5.7 	WR49		Indianapolis Colts	Miami Dolphins	0 	0.0 	0 	0.0 	2.1 	41 	0.2 	0.0 	0.0 	0.0 	0.0 	5.5 	WR47		Indianapolis Colts	Houston Texans	0 	0.0 	0 	0.0 	2.1 	41 	0.2 	0.0 	0.0 	0.0 	0.0 	5.3 	WR44		Indianapolis Colts	New York Giants	0 	0.0 	0 	0.0 	2.1 	41 	0.2 	0.0 	0.0 	0.0 	0.0 	5.5 	WR54		Indianapolis Colts	BYE	0 	0.0 	0 	0.0 	0.0 	0 	0.0 	0.0 	0.0 	0.0 	0.0 	0.0 	-		Indianapolis Colts	Philadelphia Eagles	0 	0.0 	0 	0.0 	2.1 	41 	0.2 	0.0 	0.0 	0.0 	0.0 	5.3 	WR51		Indianapolis Colts	Tennessee Titans	0 	0.0 	0 	0.0 	2.1 	41 	0.2 	0.0 	0.0 	0.0 	0.0 	5.5 	WR54		Indianapolis Colts	Cincinnati Bengals	0 	0.0 	0 	0.0 	2.2 	43 	0.2 	0.0 	0.0 	0.0 	0.0 	5.7 	WR53		Indianapolis Colts	Cleveland Browns	0 	0.0 	0 	0.0 	2.0 	40 	0.2 	0.0 	0.0 	0.0 	0.0 	5.3 	WR55		Actual	Actual	Actual	Actual	Forecast	Forecast	Forecast	Forecast	Forecast	Forecast	Forecast	Forecast	Forecast	Forecast	Forecast	Forecast	Forecast		Healthy	Healthy	Injured	Injured	Injured	Injured	Healthy	Healthy	Healthy	Healthy	Healthy	Healthy	Healthy	Healthy	Healthy	Healthy	Healthy		Week 5 2026	10/9/2026	4:29:22 PM	16		18%	18%	0%	0%	0%	0%		0.2 	0	1	1	1	1	
	Kaleb Johnson	Green Bay Packers	RB	RB59	3.1 	47 	0 	0.0 	0.0 	0.0 	331 	22.1 	2.0 	0.1 	4.6 	0.3 	40 	2.6 	0.2 	0.0 	0.0 	1.8 	0.0 	0.127 	1.000 	0.277 	(1)	0.000 	0.000 	190 	189 	(1)	59 	61 	2 	0.144 																0.0 	3.2 	1.6 	2.2 	5.0 	5.3 	5.3 	6.4 	2.0 	2.3 	0.0 	1.9 	2.3 	2.3 	2.7 	2.1 	2.1 		-	RB44	RB52	RB49	RB41	RB35	RB37	RB33	RB62	RB56	-	RB67	RB59	RB62	RB61	RB68	RB67		RB58	3.3 	0.0 	0.0 	21.0 	0.2 	0.3 	2.5 	0.0 	58 	0.155 	1.000 	0.289 	(1)	0.000 	0.000 	187 	0.154 		40 														RB69	2.3 	0.0 	0.0 	83.8 	0.7 	1.2 	9.9 	0.1 	69 	0.063 	1.000 	0.147 	(1)	0.000 	0.000 	#N/A	0.076 		7.0 																	Green Bay Packers	Minnesota Vikings	0 	0.0 	0 	0.0 	0.0 	0 	0.0 	0.0 	0.0 	0.0 	0.0 	0.0 	-		Green Bay Packers	New York Jets	0 	0.0 	32 	0.0 	0.0 	0 	0.0 	0.0 	0.0 	0.0 	0.0 	3.2 	RB44		Green Bay Packers	Atlanta Falcons	0 	0.0 	6 	0.0 	1.0 	10 	0.0 	0.0 	0.0 	0.0 	0.0 	1.6 	RB52		Green Bay Packers	Tampa Bay Buccaneers	0 	0.0 	42 	0.0 	0.0 	0 	0.0 	0.0 	1.0 	0.0 	0.0 	2.2 	RB49		Green Bay Packers	Chicago Bears	0 	0.0 	33 	0.3 	0.3 	2 	0.0 	0.0 	0.1 	0.0 	0.0 	5.0 	RB41		Green Bay Packers	Dallas Cowboys	0 	0.0 	34 	0.3 	0.3 	3 	0.0 	0.0 	0.1 	0.0 	0.0 	5.3 	RB35		Green Bay Packers	Detroit Lions	0 	0.0 	34 	0.3 	0.3 	3 	0.0 	0.0 	0.1 	0.0 	0.0 	5.3 	RB37		Green Bay Packers	Carolina Panthers	0 	0.0 	41 	0.4 	0.3 	2 	0.0 	0.0 	0.1 	0.0 	0.0 	6.4 	RB33		Green Bay Packers	New England Patriots	0 	0.0 	12 	0.1 	0.3 	2 	0.0 	0.0 	0.0 	0.0 	0.0 	2.0 	RB62		Green Bay Packers	Minnesota Vikings	0 	0.0 	14 	0.1 	0.3 	2 	0.0 	0.0 	0.0 	0.0 	0.0 	2.3 	RB56		Green Bay Packers	BYE	0 	0.0 	0 	0.0 	0.0 	0 	0.0 	0.0 	0.0 	0.0 	0.0 	0.0 	-		Green Bay Packers	Los Angeles Rams	0 	0.0 	12 	0.1 	0.3 	2 	0.0 	0.0 	0.0 	0.0 	0.0 	1.9 	RB67		Green Bay Packers	New Orleans Saints	0 	0.0 	14 	0.1 	0.3 	2 	0.0 	0.0 	0.0 	0.0 	0.0 	2.3 	RB59		Green Bay Packers	Buffalo Bills	0 	0.0 	14 	0.1 	0.3 	3 	0.0 	0.0 	0.0 	0.0 	0.0 	2.3 	RB62		Green Bay Packers	Miami Dolphins	0 	0.0 	16 	0.1 	0.3 	2 	0.0 	0.0 	0.0 	0.0 	0.0 	2.7 	RB61		Green Bay Packers	Chicago Bears	0 	0.0 	13 	0.1 	0.3 	2 	0.0 	0.0 	0.0 	0.0 	0.0 	2.1 	RB68		Green Bay Packers	Houston Texans	0 	0.0 	13 	0.1 	0.3 	2 	0.0 	0.0 	0.0 	0.0 	0.0 	2.1 	RB67		Actual	Actual	Actual	Actual	Forecast	Forecast	Forecast	Forecast	Forecast	Forecast	Forecast	Forecast	Forecast	Forecast	Forecast	Forecast	Forecast		Healthy	Healthy	Healthy	Healthy	Healthy	Healthy	Healthy	Healthy	Healthy	Healthy	Healthy	Healthy	Healthy	Healthy	Healthy	Healthy	Healthy		Week 5 2026	10/9/2026	4:29:22 PM	16		1%	1%	13%	11%	0%	0%		0.1 	0	0	0	0	0	0.077859 
	Tyler Higbee	Los Angeles Rams	TE	TE33	3.1 	46 	0 	0.0 	0.0 	0.0 	0 	0.0 	0.0 	0.0 	35.8 	2.4 	338 	22.6 	2.4 	0.2 	0.0 	1.0 	0.0 	0.125 	0.560 	0.269 	(1)	0.000 	0.000 	199 	0 	(199)	33 	0 	(33)	0.126 																(0.8)	0.0 	12.2 	6.7 	2.5 	2.4 	2.3 	2.3 	2.4 	2.3 	0.0 	2.3 	2.3 	2.3 	2.4 	2.2 	2.3 		TE45	-	TE6	TE13	TE31	TE30	TE30	TE30	TE32	TE30	-	TE34	TE29	TE32	TE34	TE34	TE34		TE34	2.3 	0.0 	0.0 	0.0 	0.0 	1.7 	16.5 	0.1 	34 	0.109 	0.560 	0.259 	(1)	0.000 	0.000 	205 	0.120 		28 														TE24	9.1 	0.0 	0.0 	0.0 	0.0 	10.4 	98.7 	0.7 	24 	0.162 	0.560 	0.357 	(0)	0.000 	0.000 	#N/A	0.167 		18.1 																	Los Angeles Rams	San Francisco 49ers	0 	0.0 	0 	0.0 	2.0 	12 	0.0 	0.0 	1.0 	0.0 	0.0 	(0.8)	TE45		Los Angeles Rams	New York Giants	0 	0.0 	0 	0.0 	0.0 	0 	0.0 	0.0 	0.0 	0.0 	0.0 	0.0 	-		Los Angeles Rams	Denver Broncos	0 	0.0 	0 	0.0 	8.0 	62 	1.0 	0.0 	0.0 	0.0 	0.0 	12.2 	TE6		Los Angeles Rams	Philadelphia Eagles	0 	0.0 	0 	0.0 	5.0 	67 	0.0 	0.0 	0.0 	0.0 	0.0 	6.7 	TE13		Los Angeles Rams	Buffalo Bills	0 	0.0 	0 	0.0 	1.8 	17 	0.1 	0.0 	0.0 	0.0 	0.0 	2.5 	TE31		Los Angeles Rams	Arizona Cardinals	0 	0.0 	0 	0.0 	1.8 	17 	0.1 	0.0 	0.0 	0.0 	0.0 	2.4 	TE30		Los Angeles Rams	Las Vegas Raiders	0 	0.0 	0 	0.0 	1.7 	16 	0.1 	0.0 	0.0 	0.0 	0.0 	2.3 	TE30		Los Angeles Rams	Los Angeles Chargers	0 	0.0 	0 	0.0 	1.7 	17 	0.1 	0.0 	0.0 	0.0 	0.0 	2.3 	TE30		Los Angeles Rams	Washington Commanders	0 	0.0 	0 	0.0 	1.8 	17 	0.1 	0.0 	0.0 	0.0 	0.0 	2.4 	TE32		Los Angeles Rams	Arizona Cardinals	0 	0.0 	0 	0.0 	1.7 	16 	0.1 	0.0 	0.0 	0.0 	0.0 	2.3 	TE30		Los Angeles Rams	BYE	0 	0.0 	0 	0.0 	0.0 	0 	0.0 	0.0 	0.0 	0.0 	0.0 	0.0 	-		Los Angeles Rams	Green Bay Packers	0 	0.0 	0 	0.0 	1.7 	16 	0.1 	0.0 	0.0 	0.0 	0.0 	2.3 	TE34		Los Angeles Rams	Kansas City Chiefs	0 	0.0 	0 	0.0 	1.7 	16 	0.1 	0.0 	0.0 	0.0 	0.0 	2.3 	TE29		Los Angeles Rams	San Francisco 49ers	0 	0.0 	0 	0.0 	1.7 	17 	0.1 	0.0 	0.0 	0.0 	0.0 	2.3 	TE32		Los Angeles Rams	Dallas Cowboys	0 	0.0 	0 	0.0 	1.7 	17 	0.1 	0.0 	0.0 	0.0 	0.0 	2.4 	TE34		Los Angeles Rams	Seattle Seahawks	0 	0.0 	0 	0.0 	1.7 	16 	0.1 	0.0 	0.0 	0.0 	0.0 	2.2 	TE34		Los Angeles Rams	Tampa Bay Buccaneers	0 	0.0 	0 	0.0 	1.7 	16 	0.1 	0.0 	0.0 	0.0 	0.0 	2.3 	TE34		Actual	Actual	Actual	Actual	Forecast	Forecast	Forecast	Forecast	Forecast	Forecast	Forecast	Forecast	Forecast	Forecast	Forecast	Forecast	Forecast		Healthy	Healthy	Healthy	Healthy	Healthy	Healthy	Healthy	Healthy	Healthy	Healthy	Healthy	Healthy	Healthy	Healthy	Healthy	Healthy	Healthy		Week 5 2026	10/9/2026	4:29:22 PM	16		7%	6%	0%	0%	0%	0%		(0.0)	0	0	0	0	0	(0.047201)
	Makai Lemon	Philadelphia Eagles	WR	WR79	3.2 	51 	0 	0.0 	0.0 	0.0 	(5)	(0.3)	0.0 	0.0 	46.9 	2.9 	389 	24.3 	2.1 	0.1 	0.0 	0.1 	0.0 	0.139 	1.000 	0.210 	(1)	0.000 	0.000 	206 	199 	(7)	79 	67 	(12)	0.115 				-	-		-	-		-	-		-	-		(0.5)	0.9 	2.9 	2.7 	5.8 	3.5 	3.8 	3.6 	3.6 	0.0 	3.5 	3.7 	3.5 	3.7 	3.5 	3.3 	3.5 		WR110	WR79	WR59	WR59	WR46	WR64	WR64	WR67	WR71	-	WR66	WR77	WR69	WR73	WR78	WR78	WR77		WR76	3.8 	0.0 	0.0 	0.0 	0.0 	3.1 	27.0 	0.2 	76 	0.176 	1.000 	0.240 	(1)	0.000 	0.000 	197 	0.134 		45 														WR112	2.0 	0.0 	0.0 	0.0 	0.0 	12.3 	108.2 	0.7 	112 	0.054 	1.000 	0.000 	(1)	0.000 	0.000 	#N/A	0.008 		6.0 																	Philadelphia Eagles	Washington Commanders	0 	0.0 	0 	0.0 	3.0 	(5)	0.0 	0.0 	0.0 	0.0 	0.0 	(0.5)	WR110		Philadelphia Eagles	Tennessee Titans	0 	0.0 	(5)	0.0 	1.0 	14 	0.0 	0.0 	0.0 	0.0 	0.0 	0.9 	WR79		Philadelphia Eagles	Chicago Bears	0 	0.0 	0 	0.0 	3.0 	29 	0.0 	0.0 	0.0 	0.0 	0.0 	2.9 	WR59		Philadelphia Eagles	Los Angeles Rams	0 	0.0 	0 	0.0 	3.0 	27 	0.0 	0.0 	0.0 	0.0 	0.0 	2.7 	WR59		Philadelphia Eagles	Jacksonville Jaguars	0 	0.0 	0 	0.0 	5.0 	44 	0.2 	0.0 	0.0 	0.0 	0.0 	5.8 	WR46		Philadelphia Eagles	Carolina Panthers	0 	0.0 	0 	0.0 	2.9 	25 	0.2 	0.0 	0.0 	0.0 	0.0 	3.5 	WR64		Philadelphia Eagles	Dallas Cowboys	0 	0.0 	0 	0.0 	3.0 	27 	0.2 	0.0 	0.0 	0.0 	0.0 	3.8 	WR64		Philadelphia Eagles	Washington Commanders	0 	0.0 	0 	0.0 	2.9 	26 	0.2 	0.0 	0.0 	0.0 	0.0 	3.6 	WR67		Philadelphia Eagles	New York Giants	0 	0.0 	0 	0.0 	2.9 	26 	0.2 	0.0 	0.0 	0.0 	0.0 	3.6 	WR71		Philadelphia Eagles	BYE	0 	0.0 	0 	0.0 	0.0 	0 	0.0 	0.0 	0.0 	0.0 	0.0 	0.0 	-		Philadelphia Eagles	Pittsburgh Steelers	0 	0.0 	0 	0.0 	2.9 	25 	0.2 	0.0 	0.0 	0.0 	0.0 	3.5 	WR66		Philadelphia Eagles	Dallas Cowboys	0 	0.0 	0 	0.0 	3.0 	26 	0.2 	0.0 	0.0 	0.0 	0.0 	3.7 	WR77		Philadelphia Eagles	Arizona Cardinals	0 	0.0 	0 	0.0 	2.8 	25 	0.2 	0.0 	0.0 	0.0 	0.0 	3.5 	WR69		Philadelphia Eagles	Indianapolis Colts	0 	0.0 	0 	0.0 	3.0 	26 	0.2 	0.0 	0.0 	0.0 	0.0 	3.7 	WR73		Philadelphia Eagles	Seattle Seahawks	0 	0.0 	0 	0.0 	2.9 	25 	0.2 	0.0 	0.0 	0.0 	0.0 	3.5 	WR78		Philadelphia Eagles	Houston Texans	0 	0.0 	0 	0.0 	2.7 	24 	0.1 	0.0 	0.0 	0.0 	0.0 	3.3 	WR78		Philadelphia Eagles	San Francisco 49ers	0 	0.0 	0 	0.0 	2.9 	26 	0.2 	0.0 	0.0 	0.0 	0.0 	3.5 	WR77		Actual	Actual	Actual	Actual	Forecast	Forecast	Forecast	Forecast	Forecast	Forecast	Forecast	Forecast	Forecast	Forecast	Forecast	Forecast	Forecast		Healthy	Healthy	Healthy	Healthy	Healthy	Healthy	Healthy	Healthy	Healthy	Healthy	Healthy	Healthy	Healthy	Healthy	Healthy	Healthy	Healthy		Week 5 2026	10/9/2026	4:29:22 PM	16		12%	11%	0%	0%	0%	0%		0.1 	0	0	0	0	0	0.126287 
	Samaje Perine	Cincinnati Bengals	RB	RB66	2.3 	37 	0 	0.0 	0.0 	0.0 	179 	11.2 	0.7 	0.0 	16.2 	1.0 	147 	9.2 	0.3 	0.0 	0.0 	0.5 	0.0 	0.102 	1.000 	0.186 	(1)	0.000 	0.000 	216 	306 	90 	66 	89 	23 	0.099 																5.0 	2.2 	1.4 	0.7 	2.4 	0.0 	2.1 	2.5 	2.4 	2.3 	2.3 	2.5 	2.3 	2.2 	2.2 	2.3 	2.3 		RB38	RB50	RB55	RB58	RB52	-	RB53	RB54	RB58	RB57	RB50	RB61	RB60	RB63	RB67	RB64	RB64		RB65	2.3 	0.0 	0.0 	11.4 	0.1 	0.9 	8.0 	0.0 	65 	0.109 	1.000 	0.199 	(1)	0.000 	0.000 	212 	0.106 		28 														RB63	2.3 	0.0 	0.0 	34.2 	0.2 	2.8 	24.0 	0.1 	63 	0.083 	1.000 	0.225 	(1)	0.000 	0.000 	#N/A	0.114 		9.3 																	Cincinnati Bengals	Tampa Bay Buccaneers	0 	0.0 	20 	0.0 	3.0 	30 	0.0 	0.0 	0.0 	0.0 	0.0 	5.0 	RB38		Cincinnati Bengals	Houston Texans	0 	0.0 	6 	0.0 	1.0 	16 	0.0 	0.0 	0.0 	0.0 	0.0 	2.2 	RB50		Cincinnati Bengals	Pittsburgh Steelers	0 	0.0 	9 	0.0 	1.0 	5 	0.0 	0.0 	0.0 	0.0 	0.0 	1.4 	RB55		Cincinnati Bengals	Jacksonville Jaguars	0 	0.0 	7 	0.0 	0.0 	0 	0.0 	0.0 	0.0 	0.0 	0.0 	0.7 	RB58		Cincinnati Bengals	Miami Dolphins	0 	0.0 	12 	0.1 	0.9 	8 	0.0 	0.0 	0.0 	0.0 	0.0 	2.4 	RB52		Cincinnati Bengals	BYE	0 	0.0 	0 	0.0 	0.0 	0 	0.0 	0.0 	0.0 	0.0 	0.0 	0.0 	-		Cincinnati Bengals	Baltimore Ravens	0 	0.0 	9 	0.0 	0.9 	8 	0.0 	0.0 	0.0 	0.0 	0.0 	2.1 	RB53		Cincinnati Bengals	Tennessee Titans	0 	0.0 	13 	0.1 	0.9 	8 	0.0 	0.0 	0.0 	0.0 	0.0 	2.5 	RB54		Cincinnati Bengals	Atlanta Falcons	0 	0.0 	12 	0.1 	0.9 	8 	0.0 	0.0 	0.0 	0.0 	0.0 	2.4 	RB58		Cincinnati Bengals	Pittsburgh Steelers	0 	0.0 	11 	0.1 	0.9 	8 	0.0 	0.0 	0.0 	0.0 	0.0 	2.3 	RB57		Cincinnati Bengals	Washington Commanders	0 	0.0 	11 	0.1 	1.0 	8 	0.0 	0.0 	0.0 	0.0 	0.0 	2.3 	RB50		Cincinnati Bengals	New Orleans Saints	0 	0.0 	13 	0.1 	0.9 	8 	0.0 	0.0 	0.0 	0.0 	0.0 	2.5 	RB61		Cincinnati Bengals	Cleveland Browns	0 	0.0 	12 	0.1 	0.9 	8 	0.0 	0.0 	0.0 	0.0 	0.0 	2.3 	RB60		Cincinnati Bengals	Kansas City Chiefs	0 	0.0 	11 	0.1 	0.9 	8 	0.0 	0.0 	0.0 	0.0 	0.0 	2.2 	RB63		Cincinnati Bengals	Carolina Panthers	0 	0.0 	11 	0.1 	0.9 	8 	0.0 	0.0 	0.0 	0.0 	0.0 	2.2 	RB67		Cincinnati Bengals	Indianapolis Colts	0 	0.0 	11 	0.1 	1.0 	8 	0.0 	0.0 	0.0 	0.0 	0.0 	2.3 	RB64		Cincinnati Bengals	Baltimore Ravens	0 	0.0 	11 	0.1 	1.0 	8 	0.0 	0.0 	0.0 	0.0 	0.0 	2.3 	RB64		Actual	Actual	Actual	Actual	Forecast	Forecast	Forecast	Forecast	Forecast	Forecast	Forecast	Forecast	Forecast	Forecast	Forecast	Forecast	Forecast		Healthy	Healthy	Healthy	Healthy	Healthy	Healthy	Healthy	Healthy	Healthy	Healthy	Healthy	Healthy	Healthy	Healthy	Healthy	Healthy	Healthy		Week 5 2026	10/9/2026	4:29:22 PM	16		3%	1%	12%	9%	0%	0%		(0.0)	0	0	0	0	0	(0.007728)
	Jordyn Tyson	New Orleans Saints	WR	WR80	5.7 	51 	0 	0.0 	0.0 	0.0 	0 	0.0 	0.0 	0.0 	30.3 	3.4 	358 	39.7 	2.5 	0.3 	0.0 	0.1 	0.0 	0.138 	1.000 	0.200 	(0)	0.000 	0.000 	210 	102 	(108)	80 	42 	(38)	0.111 				-	-		-	-		-	-		-	-		0.0 	0.0 	0.0 	0.0 	0.0 	0.0 	0.0 	0.0 	5.4 	5.7 	5.6 	5.8 	5.6 	5.5 	5.7 	5.9 	5.6 		-	-	-	-	-	-	-	-	WR50	WR46	WR43	WR52	WR49	WR50	WR53	WR52	WR53		WR72	5.7 	0.0 	0.0 	0.0 	0.0 	3.4 	39.7 	0.3 	72 	0.198 	1.000 	0.280 	0 	0.009 	0.000 	185 	0.159 		51 															0.0 	0.0 	0.0 	0.0 	0.0 	0.0 	0.0 	0.0 	#N/A	0.000 	1.000 	#N/A	(1)	0.000 	0.000 	#N/A	#N/A		0.0 																	New Orleans Saints	Detroit Lions	0 	0.0 	0 	0.0 	0.0 	0 	0.0 	0.0 	0.0 	0.0 	0.0 	0.0 	-		New Orleans Saints	Baltimore Ravens	0 	0.0 	0 	0.0 	0.0 	0 	0.0 	0.0 	0.0 	0.0 	0.0 	0.0 	-		New Orleans Saints	Las Vegas Raiders	0 	0.0 	0 	0.0 	0.0 	0 	0.0 	0.0 	0.0 	0.0 	0.0 	0.0 	-		New Orleans Saints	Atlanta Falcons	0 	0.0 	0 	0.0 	0.0 	0 	0.0 	0.0 	0.0 	0.0 	0.0 	0.0 	-		New Orleans Saints	Minnesota Vikings	0 	0.0 	0 	0.0 	0.0 	0 	0.0 	0.0 	0.0 	0.0 	0.0 	0.0 	-		New Orleans Saints	New York Giants	0 	0.0 	0 	0.0 	0.0 	0 	0.0 	0.0 	0.0 	0.0 	0.0 	0.0 	-		New Orleans Saints	Pittsburgh Steelers	0 	0.0 	0 	0.0 	0.0 	0 	0.0 	0.0 	0.0 	0.0 	0.0 	0.0 	-		New Orleans Saints	BYE	0 	0.0 	0 	0.0 	0.0 	0 	0.0 	0.0 	0.0 	0.0 	0.0 	0.0 	-		New Orleans Saints	Cleveland Browns	0 	0.0 	0 	0.0 	3.2 	38 	0.3 	0.0 	0.0 	0.0 	0.0 	5.4 	WR50		New Orleans Saints	Carolina Panthers	0 	0.0 	0 	0.0 	3.4 	40 	0.3 	0.0 	0.0 	0.0 	0.0 	5.7 	WR46		New Orleans Saints	Chicago Bears	0 	0.0 	0 	0.0 	3.4 	40 	0.3 	0.0 	0.0 	0.0 	0.0 	5.6 	WR43		New Orleans Saints	Cincinnati Bengals	0 	0.0 	0 	0.0 	3.5 	41 	0.3 	0.0 	0.0 	0.0 	0.0 	5.8 	WR52		New Orleans Saints	Green Bay Packers	0 	0.0 	0 	0.0 	3.4 	40 	0.3 	0.0 	0.0 	0.0 	0.0 	5.6 	WR49		New Orleans Saints	Carolina Panthers	0 	0.0 	0 	0.0 	3.3 	39 	0.3 	0.0 	0.0 	0.0 	0.0 	5.5 	WR50		New Orleans Saints	Tampa Bay Buccaneers	0 	0.0 	0 	0.0 	3.4 	40 	0.3 	0.0 	0.0 	0.0 	0.0 	5.7 	WR53		New Orleans Saints	Arizona Cardinals	0 	0.0 	0 	0.0 	3.4 	40 	0.3 	0.0 	0.0 	0.0 	0.0 	5.9 	WR52		New Orleans Saints	Atlanta Falcons	0 	0.0 	0 	0.0 	3.4 	40 	0.3 	0.0 	0.0 	0.0 	0.0 	5.6 	WR53		Actual	Actual	Actual	Actual	Forecast	Forecast	Forecast	Forecast	Forecast	Forecast	Forecast	Forecast	Forecast	Forecast	Forecast	Forecast	Forecast		Injured	Injured	Injured	Injured	Injured	Injured	Injured	Injured	Limited / Handicapped	Healthy	Healthy	Healthy	Healthy	Healthy	Healthy	Healthy	Healthy		Week 5 2026	10/9/2026	4:29:22 PM	16		16%	17%	0%	0%	0%	0%		0.2 	1	1	1	1	1	
	Chig Okonkwo	Washington Commanders	TE	TE34	3.1 	43 	0 	0.0 	0.0 	0.0 	0 	0.0 	0.0 	0.0 	32.5 	2.3 	306 	21.9 	2.1 	0.2 	0.0 	0.1 	0.0 	0.118 	0.560 	0.259 	(1)	0.000 	0.000 	202 	164 	(38)	34 	24 	(10)	0.121 				-	-		-	-		-	-		-	-		1.6 	0.0 	0.0 	0.5 	3.6 	3.5 	0.0 	3.3 	3.5 	3.4 	3.6 	3.5 	3.4 	3.3 	3.5 	3.3 	3.4 		TE29	-	-	TE35	TE26	TE25	-	TE27	TE29	TE26	TE24	TE28	TE25	TE30	TE29	TE30	TE29		TE30	3.4 	0.0 	0.0 	0.0 	0.0 	2.4 	23.8 	0.2 	30 	0.161 	0.560 	0.299 	(0)	0.000 	0.000 	193 	0.144 		41 														TE65	1.1 	0.0 	0.0 	0.0 	0.0 	14.3 	142.7 	1.1 	65 	0.019 	0.560 	0.000 	(1)	0.000 	0.000 	#N/A	0.003 		2.1 																	Washington Commanders	Philadelphia Eagles	0 	0.0 	0 	0.0 	2.0 	16 	0.0 	0.0 	0.0 	0.0 	0.0 	1.6 	TE29		Washington Commanders	Dallas Cowboys	0 	0.0 	0 	0.0 	0.0 	0 	0.0 	0.0 	0.0 	0.0 	0.0 	0.0 	-		Washington Commanders	Seattle Seahawks	0 	0.0 	0 	0.0 	0.0 	0 	0.0 	0.0 	0.0 	0.0 	0.0 	0.0 	-		Washington Commanders	Indianapolis Colts	0 	0.0 	0 	0.0 	2.0 	5 	0.0 	0.0 	0.0 	0.0 	0.0 	0.5 	TE35		Washington Commanders	New York Giants	0 	0.0 	0 	0.0 	2.5 	25 	0.2 	0.0 	0.0 	0.0 	0.0 	3.6 	TE26		Washington Commanders	San Francisco 49ers	0 	0.0 	0 	0.0 	2.5 	25 	0.2 	0.0 	0.0 	0.0 	0.0 	3.5 	TE25		Washington Commanders	BYE	0 	0.0 	0 	0.0 	0.0 	0 	0.0 	0.0 	0.0 	0.0 	0.0 	0.0 	-		Washington Commanders	Philadelphia Eagles	0 	0.0 	0 	0.0 	2.3 	23 	0.2 	0.0 	0.0 	0.0 	0.0 	3.3 	TE27		Washington Commanders	Los Angeles Rams	0 	0.0 	0 	0.0 	2.4 	24 	0.2 	0.0 	0.0 	0.0 	0.0 	3.5 	TE29		Washington Commanders	New York Giants	0 	0.0 	0 	0.0 	2.3 	23 	0.2 	0.0 	0.0 	0.0 	0.0 	3.4 	TE26		Washington Commanders	Cincinnati Bengals	0 	0.0 	0 	0.0 	2.4 	24 	0.2 	0.0 	0.0 	0.0 	0.0 	3.6 	TE24		Washington Commanders	Arizona Cardinals	0 	0.0 	0 	0.0 	2.3 	23 	0.2 	0.0 	0.0 	0.0 	0.0 	3.5 	TE28		Washington Commanders	Tennessee Titans	0 	0.0 	0 	0.0 	2.3 	23 	0.2 	0.0 	0.0 	0.0 	0.0 	3.4 	TE25		Washington Commanders	Houston Texans	0 	0.0 	0 	0.0 	2.3 	23 	0.2 	0.0 	0.0 	0.0 	0.0 	3.3 	TE30		Washington Commanders	Atlanta Falcons	0 	0.0 	0 	0.0 	2.4 	24 	0.2 	0.0 	0.0 	0.0 	0.0 	3.5 	TE29		Washington Commanders	Minnesota Vikings	0 	0.0 	0 	0.0 	2.3 	23 	0.2 	0.0 	0.0 	0.0 	0.0 	3.3 	TE30		Washington Commanders	Jacksonville Jaguars	0 	0.0 	0 	0.0 	2.4 	24 	0.2 	0.0 	0.0 	0.0 	0.0 	3.4 	TE29		Actual	Actual	Actual	Actual	Forecast	Forecast	Forecast	Forecast	Forecast	Forecast	Forecast	Forecast	Forecast	Forecast	Forecast	Forecast	Forecast		Healthy	Injured	Injured	Healthy	Limited / Handicapped	Healthy	Healthy	Healthy	Healthy	Healthy	Healthy	Healthy	Healthy	Healthy	Healthy	Healthy	Healthy		Week 5 2026	10/9/2026	4:29:22 PM	16		11%	12%	0%	0%	0%	0%		0.1 	1	1	0	0	0	
	Rashid Shaheed	Seattle Seahawks	WR	WR77	3.3 	53 	0 	0.0 	0.0 	0.0 	37 	2.3 	1.0 	0.1 	29.3 	1.8 	334 	20.9 	1.7 	0.1 	0.0 	0.1 	0.0 	0.144 	1.000 	0.230 	(1)	0.000 	0.000 	200 	158 	(42)	77 	54 	(23)	0.125 				-	-		-	-		-	-		-	-		0.4 	3.9 	1.4 	11.3 	3.0 	2.9 	3.0 	3.1 	3.2 	3.0 	0.0 	3.0 	3.1 	3.0 	2.9 	3.0 	2.9 		WR89	WR44	WR78	WR18	WR67	WR69	WR68	WR69	WR74	WR71	-	WR82	WR71	WR76	WR83	WR82	WR83		WR82	3.0 	0.0 	0.0 	0.0 	0.0 	1.9 	21.8 	0.1 	82 	0.140 	1.000 	0.180 	(1)	0.000 	0.000 	214 	0.102 		36 														WR70	4.3 	0.0 	0.0 	0.0 	0.0 	5.6 	65.4 	0.4 	70 	0.153 	1.000 	0.300 	(0)	0.000 	0.000 	#N/A	0.158 		17.0 																	Seattle Seahawks	New England Patriots	0 	0.0 	0 	0.0 	1.0 	4 	0.0 	0.0 	0.0 	0.0 	0.0 	0.4 	WR89		Seattle Seahawks	Arizona Cardinals	0 	0.0 	4 	0.0 	3.0 	35 	0.0 	0.0 	0.0 	0.0 	0.0 	3.9 	WR44		Seattle Seahawks	Washington Commanders	0 	0.0 	0 	0.0 	2.0 	14 	0.0 	0.0 	0.0 	0.0 	0.0 	1.4 	WR78		Seattle Seahawks	Los Angeles Chargers	0 	0.0 	33 	1.0 	1.0 	20 	0.0 	0.0 	0.0 	0.0 	0.0 	11.3 	WR18		Seattle Seahawks	San Francisco 49ers	0 	0.0 	0 	0.0 	1.9 	22 	0.1 	0.0 	0.0 	0.0 	0.0 	3.0 	WR67		Seattle Seahawks	Denver Broncos	0 	0.0 	0 	0.0 	1.8 	21 	0.1 	0.0 	0.0 	0.0 	0.0 	2.9 	WR69		Seattle Seahawks	Kansas City Chiefs	0 	0.0 	0 	0.0 	1.9 	22 	0.1 	0.0 	0.0 	0.0 	0.0 	3.0 	WR68		Seattle Seahawks	Chicago Bears	0 	0.0 	0 	0.0 	1.9 	22 	0.1 	0.0 	0.0 	0.0 	0.0 	3.1 	WR69		Seattle Seahawks	Arizona Cardinals	0 	0.0 	0 	0.0 	1.9 	22 	0.2 	0.0 	0.0 	0.0 	0.0 	3.2 	WR74		Seattle Seahawks	Las Vegas Raiders	0 	0.0 	0 	0.0 	1.8 	21 	0.1 	0.0 	0.0 	0.0 	0.0 	3.0 	WR71		Seattle Seahawks	BYE	0 	0.0 	0 	0.0 	0.0 	0 	0.0 	0.0 	0.0 	0.0 	0.0 	0.0 	-		Seattle Seahawks	San Francisco 49ers	0 	0.0 	0 	0.0 	1.9 	22 	0.1 	0.0 	0.0 	0.0 	0.0 	3.0 	WR82		Seattle Seahawks	Dallas Cowboys	0 	0.0 	0 	0.0 	1.9 	22 	0.1 	0.0 	0.0 	0.0 	0.0 	3.1 	WR71		Seattle Seahawks	New York Giants	0 	0.0 	0 	0.0 	1.9 	22 	0.1 	0.0 	0.0 	0.0 	0.0 	3.0 	WR76		Seattle Seahawks	Philadelphia Eagles	0 	0.0 	0 	0.0 	1.8 	21 	0.1 	0.0 	0.0 	0.0 	0.0 	2.9 	WR83		Seattle Seahawks	Los Angeles Rams	0 	0.0 	0 	0.0 	1.9 	22 	0.1 	0.0 	0.0 	0.0 	0.0 	3.0 	WR82		Seattle Seahawks	Carolina Panthers	0 	0.0 	0 	0.0 	1.8 	21 	0.1 	0.0 	0.0 	0.0 	0.0 	2.9 	WR83		Actual	Actual	Actual	Actual	Forecast	Forecast	Forecast	Forecast	Forecast	Forecast	Forecast	Forecast	Forecast	Forecast	Forecast	Forecast	Forecast		Healthy	Healthy	Healthy	Healthy	Healthy	Healthy	Healthy	Healthy	Healthy	Healthy	Healthy	Healthy	Healthy	Healthy	Healthy	Healthy	Healthy		Week 5 2026	10/9/2026	4:29:22 PM	16		9%	8%	0%	0%	0%	0%		(0.1)	0	0	0	0	0	(0.055804)
	Jonah Coleman	Denver Broncos	RB	RB64	3.9 	39 	0 	0.0 	0.0 	0.0 	198 	19.8 	2.2 	0.2 	8.8 	0.9 	59 	5.9 	0.1 	0.0 	0.0 	0.4 	0.0 	0.106 	1.000 	0.212 	(1)	0.000 	0.000 	209 	128 	(81)	64 	46 	(18)	0.111 																0.0 	11.8 	0.0 	0.0 	0.0 	0.0 	0.0 	3.0 	3.0 	0.0 	3.3 	2.8 	3.5 	3.1 	3.1 	2.9 	2.7 		-	RB12	-	-	-	-	-	RB51	RB54	-	RB44	RB58	RB51	RB55	RB58	RB59	RB59		RB66	3.0 	0.0 	0.0 	17.7 	0.1 	0.6 	4.5 	0.0 	66 	0.107 	1.000 	0.186 	(1)	0.000 	0.000 	215 	0.100 		27 														RB53	11.8 	0.0 	0.0 	158.9 	1.2 	5.8 	40.4 	0.1 	53 	0.106 	1.000 	0.354 	(1)	0.000 	0.000 	#N/A	0.175 		11.8 																	Denver Broncos	Kansas City Chiefs	0 	0.0 	0 	0.0 	0.0 	0 	0.0 	0.0 	0.0 	0.0 	0.0 	0.0 	-		Denver Broncos	Jacksonville Jaguars	0 	0.0 	39 	1.0 	3.0 	19 	0.0 	0.0 	0.0 	0.0 	0.0 	11.8 	RB12		Denver Broncos	Los Angeles Rams	0 	0.0 	0 	0.0 	0.0 	0 	0.0 	0.0 	0.0 	0.0 	0.0 	0.0 	-		Denver Broncos	San Francisco 49ers	0 	0.0 	0 	0.0 	0.0 	0 	0.0 	0.0 	0.0 	0.0 	0.0 	0.0 	-		Denver Broncos	Los Angeles Chargers	0 	0.0 	0 	0.0 	0.0 	0 	0.0 	0.0 	0.0 	0.0 	0.0 	0.0 	-		Denver Broncos	Seattle Seahawks	0 	0.0 	0 	0.0 	0.0 	0 	0.0 	0.0 	0.0 	0.0 	0.0 	0.0 	-		Denver Broncos	Arizona Cardinals	0 	0.0 	0 	0.0 	0.0 	0 	0.0 	0.0 	0.0 	0.0 	0.0 	0.0 	-		Denver Broncos	Kansas City Chiefs	0 	0.0 	17 	0.1 	0.6 	5 	0.0 	0.0 	0.0 	0.0 	0.0 	3.0 	RB51		Denver Broncos	Carolina Panthers	0 	0.0 	17 	0.1 	0.7 	5 	0.0 	0.0 	0.0 	0.0 	0.0 	3.0 	RB54		Denver Broncos	BYE	0 	0.0 	0 	0.0 	0.0 	0 	0.0 	0.0 	0.0 	0.0 	0.0 	0.0 	-		Denver Broncos	Las Vegas Raiders	0 	0.0 	19 	0.2 	0.6 	4 	0.0 	0.0 	0.0 	0.0 	0.0 	3.3 	RB44		Denver Broncos	Pittsburgh Steelers	0 	0.0 	17 	0.1 	0.6 	4 	0.0 	0.0 	0.0 	0.0 	0.0 	2.8 	RB58		Denver Broncos	Miami Dolphins	0 	0.0 	21 	0.2 	0.6 	4 	0.0 	0.0 	0.0 	0.0 	0.0 	3.5 	RB51		Denver Broncos	New York Jets	0 	0.0 	18 	0.1 	0.6 	4 	0.0 	0.0 	0.0 	0.0 	0.0 	3.1 	RB55		Denver Broncos	Las Vegas Raiders	0 	0.0 	18 	0.1 	0.6 	4 	0.0 	0.0 	0.0 	0.0 	0.0 	3.1 	RB58		Denver Broncos	Buffalo Bills	0 	0.0 	16 	0.1 	0.7 	5 	0.0 	0.0 	0.0 	0.0 	0.0 	2.9 	RB59		Denver Broncos	New England Patriots	0 	0.0 	16 	0.1 	0.6 	4 	0.0 	0.0 	0.0 	0.0 	0.0 	2.7 	RB59		Actual	Actual	Actual	Actual	Forecast	Forecast	Forecast	Forecast	Forecast	Forecast	Forecast	Forecast	Forecast	Forecast	Forecast	Forecast	Forecast		Healthy	Healthy	Injured	Injured	Injured	Injured	Injured	Healthy	Healthy	Healthy	Healthy	Healthy	Healthy	Healthy	Healthy	Healthy	Healthy		Week 5 2026	10/9/2026	4:29:22 PM	16		2%	1%	15%	15%	0%	0%		(0.1)	0	1	1	1	1	
	Chris Brooks	Green Bay Packers	RB	RB72	1.5 	23 	0 	0.0 	0.0 	0.0 	137 	9.1 	0.6 	0.0 	6.1 	0.4 	51 	3.4 	0.2 	0.0 	0.0 	0.2 	0.0 	0.062 	1.000 	0.108 	(1)	0.000 	0.000 	238 	265 	27 	72 	78 	6 	0.058 				-	-		-	-		-	-		-	-		2.9 	2.6 	0.4 	3.5 	0.0 	0.4 	0.4 	0.3 	1.4 	1.6 	0.0 	1.4 	1.6 	1.6 	1.9 	1.5 	1.5 		RB48	RB46	RB60	RB45	-	RB62	RB61	RB62	RB67	RB60	-	RB73	RB65	RB68	RB69	RB73	RB73		RB75	1.2 	0.0 	0.0 	6.1 	0.1 	0.3 	2.5 	0.0 	75 	0.053 	1.000 	0.069 	(1)	0.000 	0.000 	245 	0.039 		14 														RB62	2.4 	0.0 	0.0 	16.7 	0.1 	0.8 	6.8 	0.0 	62 	0.084 	1.000 	0.238 	(1)	0.000 	0.000 	#N/A	0.120 		9.4 																	Green Bay Packers	Minnesota Vikings	0 	0.0 	29 	0.0 	0.0 	0 	0.0 	0.0 	0.0 	0.0 	0.0 	2.9 	RB48		Green Bay Packers	New York Jets	0 	0.0 	11 	0.0 	1.0 	15 	0.0 	0.0 	0.0 	0.0 	0.0 	2.6 	RB46		Green Bay Packers	Atlanta Falcons	0 	0.0 	0 	0.0 	1.0 	4 	0.0 	0.0 	0.0 	0.0 	0.0 	0.4 	RB60		Green Bay Packers	Tampa Bay Buccaneers	0 	0.0 	30 	0.0 	1.0 	5 	0.0 	0.0 	0.0 	0.0 	0.0 	3.5 	RB45		Green Bay Packers	Chicago Bears	0 	0.0 	0 	0.0 	0.0 	0 	0.0 	0.0 	0.0 	0.0 	0.0 	0.0 	-		Green Bay Packers	Dallas Cowboys	0 	0.0 	0 	0.0 	0.3 	3 	0.0 	0.0 	0.0 	0.0 	0.0 	0.4 	RB62		Green Bay Packers	Detroit Lions	0 	0.0 	0 	0.0 	0.3 	3 	0.0 	0.0 	0.0 	0.0 	0.0 	0.4 	RB61		Green Bay Packers	Carolina Panthers	0 	0.0 	0 	0.0 	0.3 	2 	0.0 	0.0 	0.0 	0.0 	0.0 	0.3 	RB62		Green Bay Packers	New England Patriots	0 	0.0 	8 	0.1 	0.3 	2 	0.0 	0.0 	0.0 	0.0 	0.0 	1.4 	RB67		Green Bay Packers	Minnesota Vikings	0 	0.0 	9 	0.1 	0.3 	2 	0.0 	0.0 	0.0 	0.0 	0.0 	1.6 	RB60		Green Bay Packers	BYE	0 	0.0 	0 	0.0 	0.0 	0 	0.0 	0.0 	0.0 	0.0 	0.0 	0.0 	-		Green Bay Packers	Los Angeles Rams	0 	0.0 	7 	0.1 	0.3 	2 	0.0 	0.0 	0.0 	0.0 	0.0 	1.4 	RB73		Green Bay Packers	New Orleans Saints	0 	0.0 	9 	0.1 	0.3 	2 	0.0 	0.0 	0.0 	0.0 	0.0 	1.6 	RB65		Green Bay Packers	Buffalo Bills	0 	0.0 	8 	0.1 	0.3 	3 	0.0 	0.0 	0.0 	0.0 	0.0 	1.6 	RB68		Green Bay Packers	Miami Dolphins	0 	0.0 	10 	0.1 	0.3 	2 	0.0 	0.0 	0.0 	0.0 	0.0 	1.9 	RB69		Green Bay Packers	Chicago Bears	0 	0.0 	8 	0.1 	0.3 	2 	0.0 	0.0 	0.0 	0.0 	0.0 	1.5 	RB73		Green Bay Packers	Houston Texans	0 	0.0 	8 	0.1 	0.3 	2 	0.0 	0.0 	0.0 	0.0 	0.0 	1.5 	RB73		Actual	Actual	Actual	Actual	Forecast	Forecast	Forecast	Forecast	Forecast	Forecast	Forecast	Forecast	Forecast	Forecast	Forecast	Forecast	Forecast		Healthy	Healthy	Healthy	Healthy	Injured	Healthy	Healthy	Healthy	Healthy	Healthy	Healthy	Healthy	Healthy	Healthy	Healthy	Healthy	Healthy		Week 5 2026	10/9/2026	4:29:22 PM	16		1%	1%	8%	8%	0%	0%		(0.1)	0	0	0	1	0	
	Tommy Tremble	Carolina Panthers	TE	TE35	1.9 	30 	0 	0.0 	0.0 	0.0 	0 	0.0 	0.0 	0.0 	28.8 	1.8 	246 	15.4 	0.9 	0.1 	0.0 	0.0 	0.0 	0.081 	0.560 	0.249 	(1)	0.000 	0.000 	208 	0 	(208)	35 	0 	(35)	0.112 																2.5 	0.4 	4.1 	1.2 	0.0 	1.8 	1.8 	1.8 	1.7 	1.8 	1.8 	1.8 	1.8 	1.9 	1.9 	1.8 	1.8 		TE26	TE33	TE18	TE29	-	TE31	TE31	TE31	TE33	TE31	TE28	TE35	TE30	TE33	TE35	TE35	TE35		TE35	1.8 	0.0 	0.0 	0.0 	0.0 	1.5 	13.6 	0.1 	35 	0.084 	0.560 	0.249 	(1)	0.000 	0.000 	209 	0.112 		22 														TE46	2.1 	0.0 	0.0 	0.0 	0.0 	4.4 	40.9 	0.2 	46 	0.074 	0.560 	0.136 	(1)	0.000 	0.000 	#N/A	0.066 		8.2 																	Carolina Panthers	Chicago Bears	0 	0.0 	0 	0.0 	3.0 	25 	0.0 	0.0 	0.0 	0.0 	0.0 	2.5 	TE26		Carolina Panthers	Atlanta Falcons	0 	0.0 	0 	0.0 	1.0 	4 	0.0 	0.0 	0.0 	0.0 	0.0 	0.4 	TE33		Carolina Panthers	Cleveland Browns	0 	0.0 	0 	0.0 	3.0 	41 	0.0 	0.0 	0.0 	0.0 	0.0 	4.1 	TE18		Carolina Panthers	Detroit Lions	0 	0.0 	0 	0.0 	4.0 	12 	0.0 	0.0 	0.0 	0.0 	0.0 	1.2 	TE29		Carolina Panthers	BYE	0 	0.0 	0 	0.0 	0.0 	0 	0.0 	0.0 	0.0 	0.0 	0.0 	0.0 	-		Carolina Panthers	Philadelphia Eagles	0 	0.0 	0 	0.0 	1.5 	13 	0.1 	0.0 	0.0 	0.0 	0.0 	1.8 	TE31		Carolina Panthers	Tampa Bay Buccaneers	0 	0.0 	0 	0.0 	1.5 	14 	0.1 	0.0 	0.0 	0.0 	0.0 	1.8 	TE31		Carolina Panthers	Green Bay Packers	0 	0.0 	0 	0.0 	1.5 	14 	0.1 	0.0 	0.0 	0.0 	0.0 	1.8 	TE31		Carolina Panthers	Denver Broncos	0 	0.0 	0 	0.0 	1.4 	13 	0.1 	0.0 	0.0 	0.0 	0.0 	1.7 	TE33		Carolina Panthers	New Orleans Saints	0 	0.0 	0 	0.0 	1.5 	14 	0.1 	0.0 	0.0 	0.0 	0.0 	1.8 	TE31		Carolina Panthers	Baltimore Ravens	0 	0.0 	0 	0.0 	1.5 	14 	0.1 	0.0 	0.0 	0.0 	0.0 	1.8 	TE28		Carolina Panthers	Tampa Bay Buccaneers	0 	0.0 	0 	0.0 	1.5 	14 	0.1 	0.0 	0.0 	0.0 	0.0 	1.8 	TE35		Carolina Panthers	Minnesota Vikings	0 	0.0 	0 	0.0 	1.5 	14 	0.1 	0.0 	0.0 	0.0 	0.0 	1.8 	TE30		Carolina Panthers	New Orleans Saints	0 	0.0 	0 	0.0 	1.5 	14 	0.1 	0.0 	0.0 	0.0 	0.0 	1.9 	TE33		Carolina Panthers	Cincinnati Bengals	0 	0.0 	0 	0.0 	1.5 	14 	0.1 	0.0 	0.0 	0.0 	0.0 	1.9 	TE35		Carolina Panthers	Pittsburgh Steelers	0 	0.0 	0 	0.0 	1.5 	13 	0.1 	0.0 	0.0 	0.0 	0.0 	1.8 	TE35		Carolina Panthers	Seattle Seahawks	0 	0.0 	0 	0.0 	1.5 	14 	0.1 	0.0 	0.0 	0.0 	0.0 	1.8 	TE35		Actual	Actual	Actual	Actual	Forecast	Forecast	Forecast	Forecast	Forecast	Forecast	Forecast	Forecast	Forecast	Forecast	Forecast	Forecast	Forecast		Healthy	Healthy	Healthy	Healthy	Healthy	Healthy	Healthy	Healthy	Healthy	Healthy	Healthy	Healthy	Healthy	Healthy	Healthy	Healthy	Healthy		Week 5 2026	10/9/2026	4:29:22 PM	16		6%	5%	0%	0%	0%	0%		0.0 	0	0	0	0	0	0.046666 
	Dohnte Meyers	Cincinnati Bengals	WR	WR81	3.3 	50 	0 	0.0 	0.0 	0.0 	10 	0.7 	0.0 	0.0 	33.9 	2.3 	385 	25.7 	1.8 	0.1 	0.0 	0.1 	0.0 	0.136 	1.000 	0.190 	(1)	0.000 	0.000 	211 	0 	(211)	81 	0 	(81)	0.106 																2.8 	0.0 	2.9 	8.2 	2.9 	0.0 	3.0 	3.0 	3.1 	3.0 	3.1 	3.0 	2.9 	3.0 	3.0 	3.1 	3.1 		WR63	-	WR59	WR29	WR70	-	WR67	WR70	WR75	WR70	WR68	WR81	WR73	WR78	WR81	WR80	WR81		WR80	3.0 	0.0 	0.0 	0.0 	0.0 	1.9 	21.3 	0.1 	80 	0.141 	1.000 	0.200 	(1)	0.000 	0.000 	210 	0.111 		36 														WR80	4.6 	0.0 	0.0 	0.0 	0.0 	7.6 	85.4 	0.6 	80 	0.125 	1.000 	0.200 	(0)	0.000 	0.000 	#N/A	0.109 		13.9 																	Cincinnati Bengals	Tampa Bay Buccaneers	0 	0.0 	10 	0.0 	1.0 	18 	0.0 	0.0 	0.0 	0.0 	0.0 	2.8 	WR63		Cincinnati Bengals	Houston Texans	0 	0.0 	0 	0.0 	0.0 	0 	0.0 	0.0 	0.0 	0.0 	0.0 	0.0 	-		Cincinnati Bengals	Pittsburgh Steelers	0 	0.0 	0 	0.0 	3.0 	29 	0.0 	0.0 	0.0 	0.0 	0.0 	2.9 	WR59		Cincinnati Bengals	Jacksonville Jaguars	0 	0.0 	0 	0.0 	7.0 	82 	0.0 	0.0 	0.0 	0.0 	0.0 	8.2 	WR29		Cincinnati Bengals	Miami Dolphins	0 	0.0 	0 	0.0 	1.8 	20 	0.1 	0.0 	0.0 	0.0 	0.0 	2.9 	WR70		Cincinnati Bengals	BYE	0 	0.0 	0 	0.0 	0.0 	0 	0.0 	0.0 	0.0 	0.0 	0.0 	0.0 	-		Cincinnati Bengals	Baltimore Ravens	0 	0.0 	0 	0.0 	1.9 	22 	0.1 	0.0 	0.0 	0.0 	0.0 	3.0 	WR67		Cincinnati Bengals	Tennessee Titans	0 	0.0 	0 	0.0 	1.9 	21 	0.2 	0.0 	0.0 	0.0 	0.0 	3.0 	WR70		Cincinnati Bengals	Atlanta Falcons	0 	0.0 	0 	0.0 	1.9 	22 	0.2 	0.0 	0.0 	0.0 	0.0 	3.1 	WR75		Cincinnati Bengals	Pittsburgh Steelers	0 	0.0 	0 	0.0 	1.9 	21 	0.1 	0.0 	0.0 	0.0 	0.0 	3.0 	WR70		Cincinnati Bengals	Washington Commanders	0 	0.0 	0 	0.0 	2.0 	22 	0.2 	0.0 	0.0 	0.0 	0.0 	3.1 	WR68		Cincinnati Bengals	New Orleans Saints	0 	0.0 	0 	0.0 	1.9 	21 	0.2 	0.0 	0.0 	0.0 	0.0 	3.0 	WR81		Cincinnati Bengals	Cleveland Browns	0 	0.0 	0 	0.0 	1.9 	21 	0.1 	0.0 	0.0 	0.0 	0.0 	2.9 	WR73		Cincinnati Bengals	Kansas City Chiefs	0 	0.0 	0 	0.0 	1.9 	21 	0.1 	0.0 	0.0 	0.0 	0.0 	3.0 	WR78		Cincinnati Bengals	Carolina Panthers	0 	0.0 	0 	0.0 	1.9 	21 	0.1 	0.0 	0.0 	0.0 	0.0 	3.0 	WR81		Cincinnati Bengals	Indianapolis Colts	0 	0.0 	0 	0.0 	2.0 	22 	0.2 	0.0 	0.0 	0.0 	0.0 	3.1 	WR80		Cincinnati Bengals	Baltimore Ravens	0 	0.0 	0 	0.0 	2.0 	22 	0.2 	0.0 	0.0 	0.0 	0.0 	3.1 	WR81		Actual	Actual	Actual	Actual	Forecast	Forecast	Forecast	Forecast	Forecast	Forecast	Forecast	Forecast	Forecast	Forecast	Forecast	Forecast	Forecast		Healthy	Healthy	Injured	Healthy	Healthy	Healthy	Healthy	Healthy	Healthy	Healthy	Healthy	Healthy	Healthy	Healthy	Healthy	Healthy	Healthy		Week 5 2026	10/9/2026	4:29:22 PM	16		8%	7%	0%	0%	0%	0%		0.0 	0	1	0	0	0	
	Ryan Flournoy	Dallas Cowboys	WR	WR84	2.9 	46 	0 	0.0 	0.0 	0.0 	0 	0.0 	0.0 	0.0 	42.2 	2.6 	381 	23.8 	1.3 	0.1 	0.0 	0.1 	0.0 	0.124 	1.000 	0.160 	(1)	0.000 	0.000 	220 	253 	33 	84 	81 	(3)	0.091 																2.2 	2.3 	2.2 	3.7 	2.9 	3.0 	2.8 	2.9 	3.0 	3.0 	2.9 	2.9 	2.8 	0.0 	3.0 	3.0 	3.0 		WR73	WR66	WR65	WR52	WR69	WR68	WR70	WR71	WR76	WR69	WR70	WR83	WR74	-	WR80	WR81	WR82		WR83	2.9 	0.0 	0.0 	0.0 	0.0 	2.4 	23.1 	0.1 	83 	0.138 	1.000 	0.170 	(1)	0.000 	0.000 	217 	0.097 		35 														WR95	2.6 	0.0 	0.0 	0.0 	0.0 	7.3 	69.3 	0.3 	95 	0.093 	1.000 	0.050 	(1)	0.000 	0.000 	#N/A	0.036 		10.4 																	Dallas Cowboys	New York Giants	0 	0.0 	0 	0.0 	2.0 	22 	0.0 	0.0 	0.0 	0.0 	0.0 	2.2 	WR73		Dallas Cowboys	Washington Commanders	0 	0.0 	0 	0.0 	5.0 	23 	0.0 	0.0 	0.0 	0.0 	0.0 	2.3 	WR66		Dallas Cowboys	Baltimore Ravens	0 	0.0 	0 	0.0 	2.0 	22 	0.0 	0.0 	0.0 	0.0 	0.0 	2.2 	WR65		Dallas Cowboys	Houston Texans	0 	0.0 	0 	0.0 	4.0 	37 	0.0 	0.0 	0.0 	0.0 	0.0 	3.7 	WR52		Dallas Cowboys	Tampa Bay Buccaneers	0 	0.0 	0 	0.0 	2.4 	22 	0.1 	0.0 	0.0 	0.0 	0.0 	2.9 	WR69		Dallas Cowboys	Green Bay Packers	0 	0.0 	0 	0.0 	2.5 	23 	0.1 	0.0 	0.0 	0.0 	0.0 	3.0 	WR68		Dallas Cowboys	Philadelphia Eagles	0 	0.0 	0 	0.0 	2.4 	23 	0.1 	0.0 	0.0 	0.0 	0.0 	2.8 	WR70		Dallas Cowboys	Arizona Cardinals	0 	0.0 	0 	0.0 	2.4 	23 	0.1 	0.0 	0.0 	0.0 	0.0 	2.9 	WR71		Dallas Cowboys	Indianapolis Colts	0 	0.0 	0 	0.0 	2.5 	24 	0.1 	0.0 	0.0 	0.0 	0.0 	3.0 	WR76		Dallas Cowboys	San Francisco 49ers	0 	0.0 	0 	0.0 	2.5 	24 	0.1 	0.0 	0.0 	0.0 	0.0 	3.0 	WR69		Dallas Cowboys	Tennessee Titans	0 	0.0 	0 	0.0 	2.4 	23 	0.1 	0.0 	0.0 	0.0 	0.0 	2.9 	WR70		Dallas Cowboys	Philadelphia Eagles	0 	0.0 	0 	0.0 	2.4 	23 	0.1 	0.0 	0.0 	0.0 	0.0 	2.9 	WR83		Dallas Cowboys	Seattle Seahawks	0 	0.0 	0 	0.0 	2.4 	23 	0.1 	0.0 	0.0 	0.0 	0.0 	2.8 	WR74		Dallas Cowboys	BYE	0 	0.0 	0 	0.0 	0.0 	0 	0.0 	0.0 	0.0 	0.0 	0.0 	0.0 	-		Dallas Cowboys	Los Angeles Rams	0 	0.0 	0 	0.0 	2.5 	24 	0.1 	0.0 	0.0 	0.0 	0.0 	3.0 	WR80		Dallas Cowboys	Jacksonville Jaguars	0 	0.0 	0 	0.0 	2.5 	24 	0.1 	0.0 	0.0 	0.0 	0.0 	3.0 	WR81		Dallas Cowboys	New York Giants	0 	0.0 	0 	0.0 	2.4 	23 	0.1 	0.0 	0.0 	0.0 	0.0 	3.0 	WR82		Actual	Actual	Actual	Actual	Forecast	Forecast	Forecast	Forecast	Forecast	Forecast	Forecast	Forecast	Forecast	Forecast	Forecast	Forecast	Forecast		Healthy	Healthy	Healthy	Healthy	Healthy	Healthy	Healthy	Healthy	Healthy	Healthy	Healthy	Healthy	Healthy	Healthy	Healthy	Healthy	Healthy		Week 5 2026	10/9/2026	4:29:22 PM	16		9%	6%	0%	0%	0%	0%		0.1 	0	0	0	0	0	0.060674 
	Kendre Miller	New Orleans Saints	RB	RB63	2.6 	40 	0 	0.0 	0.0 	0.0 	246 	16.4 	2.3 	0.2 	9.3 	0.6 	45 	3.0 	0.0 	0.0 	0.0 	1.7 	0.0 	0.107 	1.000 	0.225 	(1)	0.000 	0.000 	205 	272 	67 	63 	80 	17 	0.117 																9.0 	0.0 	1.9 	(0.1)	3.5 	4.1 	3.5 	0.0 	2.1 	2.1 	1.7 	1.8 	1.8 	1.9 	1.9 	2.4 	2.0 		RB23	-	RB46	RB80	RB47	RB46	RB46	-	RB61	RB58	RB54	RB70	RB62	RB65	RB71	RB63	RB69		RB64	2.4 	0.0 	0.0 	16.1 	0.1 	0.4 	2.5 	0.0 	64 	0.112 	1.000 	0.212 	(1)	0.000 	0.000 	208 	0.112 		29 														RB55	5.4 	0.0 	0.0 	96.7 	0.7 	2.7 	14.9 	0.0 	55 	0.097 	1.000 	0.328 	(1)	0.000 	0.000 	#N/A	0.162 		10.8 																	New Orleans Saints	Detroit Lions	0 	0.0 	30 	1.0 	0.0 	0 	0.0 	0.0 	0.0 	0.0 	0.0 	9.0 	RB23		New Orleans Saints	Baltimore Ravens	0 	0.0 	0 	0.0 	0.0 	0 	0.0 	0.0 	0.0 	0.0 	0.0 	0.0 	-		New Orleans Saints	Las Vegas Raiders	0 	0.0 	14 	0.0 	2.0 	5 	0.0 	0.0 	0.0 	0.0 	0.0 	1.9 	RB46		New Orleans Saints	Atlanta Falcons	0 	0.0 	9 	0.0 	2.0 	10 	0.0 	0.0 	1.0 	0.0 	0.0 	(0.1)	RB80		New Orleans Saints	Minnesota Vikings	0 	0.0 	24 	0.2 	0.4 	2 	0.0 	0.0 	0.1 	0.0 	0.0 	3.5 	RB47		New Orleans Saints	New York Giants	0 	0.0 	28 	0.2 	0.4 	3 	0.0 	0.0 	0.1 	0.0 	0.0 	4.1 	RB46		New Orleans Saints	Pittsburgh Steelers	0 	0.0 	25 	0.2 	0.4 	2 	0.0 	0.0 	0.1 	0.0 	0.0 	3.5 	RB46		New Orleans Saints	BYE	0 	0.0 	0 	0.0 	0.0 	0 	0.0 	0.0 	0.0 	0.0 	0.0 	0.0 	-		New Orleans Saints	Cleveland Browns	0 	0.0 	14 	0.1 	0.4 	2 	0.0 	0.0 	0.0 	0.0 	0.0 	2.1 	RB61		New Orleans Saints	Carolina Panthers	0 	0.0 	14 	0.1 	0.4 	2 	0.0 	0.0 	0.0 	0.0 	0.0 	2.1 	RB58		New Orleans Saints	Chicago Bears	0 	0.0 	11 	0.1 	0.4 	3 	0.0 	0.0 	0.0 	0.0 	0.0 	1.7 	RB54		New Orleans Saints	Cincinnati Bengals	0 	0.0 	11 	0.1 	0.5 	3 	0.0 	0.0 	0.0 	0.0 	0.0 	1.8 	RB70		New Orleans Saints	Green Bay Packers	0 	0.0 	12 	0.1 	0.4 	2 	0.0 	0.0 	0.0 	0.0 	0.0 	1.8 	RB62		New Orleans Saints	Carolina Panthers	0 	0.0 	13 	0.1 	0.4 	2 	0.0 	0.0 	0.0 	0.0 	0.0 	1.9 	RB65		New Orleans Saints	Tampa Bay Buccaneers	0 	0.0 	12 	0.1 	0.4 	3 	0.0 	0.0 	0.0 	0.0 	0.0 	1.9 	RB71		New Orleans Saints	Arizona Cardinals	0 	0.0 	15 	0.1 	0.5 	3 	0.0 	0.0 	0.0 	0.0 	0.0 	2.4 	RB63		New Orleans Saints	Atlanta Falcons	0 	0.0 	13 	0.1 	0.4 	2 	0.0 	0.0 	0.0 	0.0 	0.0 	2.0 	RB69		Actual	Actual	Actual	Actual	Forecast	Forecast	Forecast	Forecast	Forecast	Forecast	Forecast	Forecast	Forecast	Forecast	Forecast	Forecast	Forecast		Healthy	Healthy	Healthy	Healthy	Healthy	Healthy	Healthy	Healthy	Healthy	Healthy	Healthy	Healthy	Healthy	Healthy	Healthy	Healthy	Healthy		Week 5 2026	10/9/2026	4:29:22 PM	16		1%	0%	15%	14%	0%	0%		(0.0)	0	0	0	0	0	(0.049894)
	Kayshon Boutte	Houston Texans	WR	WR78	3.2 	51 	0 	0.0 	0.0 	0.0 	0 	0.0 	0.0 	0.0 	29.1 	1.8 	388 	24.3 	2.1 	0.1 	0.0 	0.1 	0.0 	0.140 	1.000 	0.220 	(1)	0.000 	0.000 	203 	167 	(36)	78 	57 	(21)	0.120 				-	-		-	-		-	-		-	-		2.1 	3.7 	2.1 	3.6 	3.2 	3.3 	3.5 	0.0 	3.3 	3.2 	3.6 	3.5 	3.3 	3.4 	3.4 	3.0 	3.2 		WR74	WR46	WR67	WR53	WR66	WR66	WR66	-	WR72	WR67	WR65	WR78	WR70	WR74	WR79	WR83	WR79		WR79	3.3 	0.0 	0.0 	0.0 	0.0 	1.7 	22.8 	0.2 	79 	0.156 	1.000 	0.210 	(1)	0.000 	0.000 	207 	0.118 		40 														WR86	2.9 	0.0 	0.0 	0.0 	0.0 	5.0 	68.3 	0.5 	86 	0.103 	1.000 	0.140 	(1)	0.000 	0.000 	#N/A	0.078 		11.5 																	Houston Texans	Buffalo Bills	0 	0.0 	0 	0.0 	1.0 	21 	0.0 	0.0 	0.0 	0.0 	0.0 	2.1 	WR74		Houston Texans	Cincinnati Bengals	0 	0.0 	0 	0.0 	3.0 	37 	0.0 	0.0 	0.0 	0.0 	0.0 	3.7 	WR46		Houston Texans	Indianapolis Colts	0 	0.0 	0 	0.0 	2.0 	21 	0.0 	0.0 	0.0 	0.0 	0.0 	2.1 	WR67		Houston Texans	Dallas Cowboys	0 	0.0 	0 	0.0 	3.0 	36 	0.0 	0.0 	0.0 	0.0 	0.0 	3.6 	WR53		Houston Texans	Tennessee Titans	0 	0.0 	0 	0.0 	1.6 	22 	0.2 	0.0 	0.0 	0.0 	0.0 	3.2 	WR66		Houston Texans	Jacksonville Jaguars	0 	0.0 	0 	0.0 	1.7 	23 	0.2 	0.0 	0.0 	0.0 	0.0 	3.3 	WR66		Houston Texans	New York Giants	0 	0.0 	0 	0.0 	1.7 	23 	0.2 	0.0 	0.0 	0.0 	0.0 	3.5 	WR66		Houston Texans	BYE	0 	0.0 	0 	0.0 	0.0 	0 	0.0 	0.0 	0.0 	0.0 	0.0 	0.0 	-		Houston Texans	Los Angeles Chargers	0 	0.0 	0 	0.0 	1.7 	23 	0.2 	0.0 	0.0 	0.0 	0.0 	3.3 	WR72		Houston Texans	Cleveland Browns	0 	0.0 	0 	0.0 	1.6 	22 	0.2 	0.0 	0.0 	0.0 	0.0 	3.2 	WR67		Houston Texans	Indianapolis Colts	0 	0.0 	0 	0.0 	1.7 	24 	0.2 	0.0 	0.0 	0.0 	0.0 	3.6 	WR65		Houston Texans	Baltimore Ravens	0 	0.0 	0 	0.0 	1.7 	23 	0.2 	0.0 	0.0 	0.0 	0.0 	3.5 	WR78		Houston Texans	Pittsburgh Steelers	0 	0.0 	0 	0.0 	1.7 	23 	0.2 	0.0 	0.0 	0.0 	0.0 	3.3 	WR70		Houston Texans	Washington Commanders	0 	0.0 	0 	0.0 	1.7 	23 	0.2 	0.0 	0.0 	0.0 	0.0 	3.4 	WR74		Houston Texans	Jacksonville Jaguars	0 	0.0 	0 	0.0 	1.7 	23 	0.2 	0.0 	0.0 	0.0 	0.0 	3.4 	WR79		Houston Texans	Philadelphia Eagles	0 	0.0 	0 	0.0 	1.6 	22 	0.1 	0.0 	0.0 	0.0 	0.0 	3.0 	WR83		Houston Texans	Green Bay Packers	0 	0.0 	0 	0.0 	1.7 	23 	0.2 	0.0 	0.0 	0.0 	0.0 	3.2 	WR79		Actual	Actual	Actual	Actual	Forecast	Forecast	Forecast	Forecast	Forecast	Forecast	Forecast	Forecast	Forecast	Forecast	Forecast	Forecast	Forecast		Healthy	Healthy	Healthy	Healthy	Healthy	Healthy	Healthy	Healthy	Healthy	Healthy	Healthy	Healthy	Healthy	Healthy	Healthy	Healthy	Healthy		Week 5 2026	10/9/2026	4:29:22 PM	16		10%	12%	0%	0%	0%	0%		0.0 	0	0	0	0	0	0.039358 
	Cole Kmet	Chicago Bears	TE	TE37	1.7 	24 	0 	0.0 	0.0 	0.0 	0 	0.0 	0.0 	0.0 	10.4 	0.7 	123 	8.8 	1.9 	0.1 	0.0 	0.0 	0.0 	0.065 	0.560 	0.229 	(1)	0.000 	0.000 	214 	0 	(214)	37 	0 	(37)	0.101 																9.5 	0.0 	0.0 	1.3 	1.0 	1.1 	1.1 	1.0 	1.1 	0.0 	1.1 	1.1 	1.1 	1.1 	1.1 	1.1 	1.1 		TE10	-	-	TE26	TE33	TE33	TE32	TE35	TE36	-	TE31	TE38	TE33	TE36	TE38	TE38	TE38		TE38	1.1 	0.0 	0.0 	0.0 	0.0 	0.5 	6.2 	0.1 	38 	0.051 	0.560 	0.219 	(1)	0.000 	0.000 	218 	0.095 		13 														TE35	5.4 	0.0 	0.0 	0.0 	0.0 	3.2 	37.4 	0.5 	35 	0.097 	0.560 	0.249 	(1)	0.000 	0.000 	#N/A	0.114 		10.8 																	Chicago Bears	Carolina Panthers	0 	0.0 	0 	0.0 	2.0 	35 	1.0 	0.0 	0.0 	0.0 	0.0 	9.5 	TE10		Chicago Bears	Minnesota Vikings	0 	0.0 	0 	0.0 	0.0 	0 	0.0 	0.0 	0.0 	0.0 	0.0 	0.0 	-		Chicago Bears	Philadelphia Eagles	0 	0.0 	0 	0.0 	0.0 	0 	0.0 	0.0 	0.0 	0.0 	0.0 	0.0 	-		Chicago Bears	New York Jets	0 	0.0 	0 	0.0 	2.0 	13 	0.0 	0.0 	0.0 	0.0 	0.0 	1.3 	TE26		Chicago Bears	Green Bay Packers	0 	0.0 	0 	0.0 	0.5 	6 	0.1 	0.0 	0.0 	0.0 	0.0 	1.0 	TE33		Chicago Bears	Atlanta Falcons	0 	0.0 	0 	0.0 	0.5 	6 	0.1 	0.0 	0.0 	0.0 	0.0 	1.1 	TE33		Chicago Bears	New England Patriots	0 	0.0 	0 	0.0 	0.5 	6 	0.1 	0.0 	0.0 	0.0 	0.0 	1.1 	TE32		Chicago Bears	Seattle Seahawks	0 	0.0 	0 	0.0 	0.5 	6 	0.1 	0.0 	0.0 	0.0 	0.0 	1.0 	TE35		Chicago Bears	Tampa Bay Buccaneers	0 	0.0 	0 	0.0 	0.5 	6 	0.1 	0.0 	0.0 	0.0 	0.0 	1.1 	TE36		Chicago Bears	BYE	0 	0.0 	0 	0.0 	0.0 	0 	0.0 	0.0 	0.0 	0.0 	0.0 	0.0 	-		Chicago Bears	New Orleans Saints	0 	0.0 	0 	0.0 	0.5 	6 	0.1 	0.0 	0.0 	0.0 	0.0 	1.1 	TE31		Chicago Bears	Detroit Lions	0 	0.0 	0 	0.0 	0.6 	6 	0.1 	0.0 	0.0 	0.0 	0.0 	1.1 	TE38		Chicago Bears	Jacksonville Jaguars	0 	0.0 	0 	0.0 	0.5 	6 	0.1 	0.0 	0.0 	0.0 	0.0 	1.1 	TE33		Chicago Bears	Miami Dolphins	0 	0.0 	0 	0.0 	0.5 	6 	0.1 	0.0 	0.0 	0.0 	0.0 	1.1 	TE36		Chicago Bears	Buffalo Bills	0 	0.0 	0 	0.0 	0.6 	6 	0.1 	0.0 	0.0 	0.0 	0.0 	1.1 	TE38		Chicago Bears	Green Bay Packers	0 	0.0 	0 	0.0 	0.5 	6 	0.1 	0.0 	0.0 	0.0 	0.0 	1.1 	TE38		Chicago Bears	Detroit Lions	0 	0.0 	0 	0.0 	0.5 	6 	0.1 	0.0 	0.0 	0.0 	0.0 	1.1 	TE38		Actual	Actual	Actual	Actual	Forecast	Forecast	Forecast	Forecast	Forecast	Forecast	Forecast	Forecast	Forecast	Forecast	Forecast	Forecast	Forecast		Healthy	Healthy	Healthy	Healthy	Healthy	Healthy	Healthy	Healthy	Healthy	Healthy	Healthy	Healthy	Healthy	Healthy	Healthy	Healthy	Healthy		Week 5 2026	10/9/2026	4:29:22 PM	16		3%	5%	0%	0%	0%	0%		(0.0)	0	0	0	0	0	(0.019020)
	Will Shipley	Philadelphia Eagles	RB	RB62	2.6 	41 	0 	0.0 	0.0 	0.0 	248 	15.5 	1.1 	0.1 	12.8 	0.8 	81 	5.1 	0.4 	0.0 	0.0 	0.5 	0.0 	0.111 	1.000 	0.238 	(1)	0.000 	0.000 	201 	0 	(201)	62 	0 	(62)	0.124 																1.2 	2.9 	1.1 	2.3 	7.4 	2.3 	2.4 	2.4 	2.5 	0.0 	2.4 	2.3 	2.6 	2.5 	2.3 	2.1 	2.2 		RB57	RB45	RB56	RB48	RB29	RB54	RB51	RB55	RB57	-	RB49	RB63	RB55	RB60	RB66	RB67	RB66		RB61	2.8 	0.0 	0.0 	16.4 	0.1 	0.7 	4.8 	0.0 	61 	0.131 	1.000 	0.251 	(1)	0.000 	0.000 	199 	0.132 		33 														RB67	1.9 	0.0 	0.0 	49.3 	0.3 	2.2 	14.3 	0.1 	67 	0.067 	1.000 	0.173 	(1)	0.000 	0.000 	#N/A	0.088 		7.5 																	Philadelphia Eagles	Washington Commanders	0 	0.0 	4 	0.0 	1.0 	8 	0.0 	0.0 	0.0 	0.0 	0.0 	1.2 	RB57		Philadelphia Eagles	Tennessee Titans	0 	0.0 	24 	0.0 	2.0 	5 	0.0 	0.0 	0.0 	0.0 	0.0 	2.9 	RB45		Philadelphia Eagles	Chicago Bears	0 	0.0 	0 	0.0 	1.0 	11 	0.0 	0.0 	0.0 	0.0 	0.0 	1.1 	RB56		Philadelphia Eagles	Los Angeles Rams	0 	0.0 	23 	0.0 	0.0 	0 	0.0 	0.0 	0.0 	0.0 	0.0 	2.3 	RB48		Philadelphia Eagles	Jacksonville Jaguars	0 	0.0 	47 	0.3 	1.6 	10 	0.1 	0.0 	0.1 	0.0 	0.0 	7.4 	RB29		Philadelphia Eagles	Carolina Panthers	0 	0.0 	13 	0.1 	0.7 	4 	0.0 	0.0 	0.0 	0.0 	0.0 	2.3 	RB54		Philadelphia Eagles	Dallas Cowboys	0 	0.0 	14 	0.1 	0.7 	4 	0.0 	0.0 	0.0 	0.0 	0.0 	2.4 	RB51		Philadelphia Eagles	Washington Commanders	0 	0.0 	13 	0.1 	0.7 	4 	0.0 	0.0 	0.0 	0.0 	0.0 	2.4 	RB55		Philadelphia Eagles	New York Giants	0 	0.0 	14 	0.1 	0.7 	4 	0.0 	0.0 	0.0 	0.0 	0.0 	2.5 	RB57		Philadelphia Eagles	BYE	0 	0.0 	0 	0.0 	0.0 	0 	0.0 	0.0 	0.0 	0.0 	0.0 	0.0 	-		Philadelphia Eagles	Pittsburgh Steelers	0 	0.0 	14 	0.1 	0.6 	4 	0.0 	0.0 	0.0 	0.0 	0.0 	2.4 	RB49		Philadelphia Eagles	Dallas Cowboys	0 	0.0 	13 	0.1 	0.7 	4 	0.0 	0.0 	0.0 	0.0 	0.0 	2.3 	RB63		Philadelphia Eagles	Arizona Cardinals	0 	0.0 	16 	0.1 	0.6 	4 	0.0 	0.0 	0.0 	0.0 	0.0 	2.6 	RB55		Philadelphia Eagles	Indianapolis Colts	0 	0.0 	14 	0.1 	0.7 	4 	0.0 	0.0 	0.0 	0.0 	0.0 	2.5 	RB60		Philadelphia Eagles	Seattle Seahawks	0 	0.0 	13 	0.1 	0.6 	4 	0.0 	0.0 	0.0 	0.0 	0.0 	2.3 	RB66		Philadelphia Eagles	Houston Texans	0 	0.0 	13 	0.1 	0.6 	4 	0.0 	0.0 	0.0 	0.0 	0.0 	2.1 	RB67		Philadelphia Eagles	San Francisco 49ers	0 	0.0 	13 	0.1 	0.7 	4 	0.0 	0.0 	0.0 	0.0 	0.0 	2.2 	RB66		Actual	Actual	Actual	Actual	Forecast	Forecast	Forecast	Forecast	Forecast	Forecast	Forecast	Forecast	Forecast	Forecast	Forecast	Forecast	Forecast		Healthy	Healthy	Healthy	Healthy	Healthy	Healthy	Healthy	Healthy	Healthy	Healthy	Healthy	Healthy	Healthy	Healthy	Healthy	Healthy	Healthy		Week 5 2026	10/9/2026	4:29:22 PM	16		2%	2%	10%	8%	0%	0%		0.0 	0	0	0	0	0	0.044387 
	Dawson Knox	Buffalo Bills	TE	TE36	1.5 	24 	0 	0.0 	0.0 	0.0 	0 	0.0 	0.0 	0.0 	6.0 	0.4 	136 	8.5 	1.8 	0.1 	0.0 	0.0 	0.0 	0.066 	0.560 	0.239 	(1)	0.000 	0.000 	212 	0 	(212)	36 	0 	(36)	0.105 																0.7 	6.5 	0.5 	1.3 	1.3 	1.3 	0.0 	1.3 	1.3 	1.2 	1.3 	1.3 	1.2 	1.3 	1.3 	1.2 	1.3 		TE33	TE14	TE31	TE26	TE32	TE32	-	TE33	TE35	TE33	TE29	TE37	TE32	TE35	TE37	TE37	TE37		TE36	1.3 	0.0 	0.0 	0.0 	0.0 	0.0 	8.8 	0.1 	36 	0.060 	0.560 	0.239 	(1)	0.000 	0.000 	213 	0.105 		15 														TE43	2.3 	0.0 	0.0 	0.0 	0.0 	0.0 	26.5 	0.2 	43 	0.081 	0.560 	0.167 	(1)	0.000 	0.000 	#N/A	0.079 		9.0 																	Buffalo Bills	Houston Texans	0 	0.0 	0 	0.0 	1.0 	7 	0.0 	0.0 	0.0 	0.0 	0.0 	0.7 	TE33		Buffalo Bills	Detroit Lions	0 	0.0 	0 	0.0 	2.0 	5 	1.0 	0.0 	0.0 	0.0 	0.0 	6.5 	TE14		Buffalo Bills	Los Angeles Chargers	0 	0.0 	0 	0.0 	1.0 	5 	0.0 	0.0 	0.0 	0.0 	0.0 	0.5 	TE31		Buffalo Bills	New England Patriots	0 	0.0 	0 	0.0 	2.0 	13 	0.0 	0.0 	0.0 	0.0 	0.0 	1.3 	TE26		Buffalo Bills	Los Angeles Rams	0 	0.0 	0 	0.0 	0.0 	9 	0.1 	0.0 	0.0 	0.0 	0.0 	1.3 	TE32		Buffalo Bills	Las Vegas Raiders	0 	0.0 	0 	0.0 	0.0 	9 	0.1 	0.0 	0.0 	0.0 	0.0 	1.3 	TE32		Buffalo Bills	BYE	0 	0.0 	0 	0.0 	0.0 	0 	0.0 	0.0 	0.0 	0.0 	0.0 	0.0 	-		Buffalo Bills	Baltimore Ravens	0 	0.0 	0 	0.0 	0.0 	9 	0.1 	0.0 	0.0 	0.0 	0.0 	1.3 	TE33		Buffalo Bills	Minnesota Vikings	0 	0.0 	0 	0.0 	0.0 	9 	0.1 	0.0 	0.0 	0.0 	0.0 	1.3 	TE35		Buffalo Bills	New York Jets	0 	0.0 	0 	0.0 	0.0 	9 	0.1 	0.0 	0.0 	0.0 	0.0 	1.2 	TE33		Buffalo Bills	Miami Dolphins	0 	0.0 	0 	0.0 	0.0 	9 	0.1 	0.0 	0.0 	0.0 	0.0 	1.3 	TE29		Buffalo Bills	Kansas City Chiefs	0 	0.0 	0 	0.0 	0.0 	9 	0.1 	0.0 	0.0 	0.0 	0.0 	1.3 	TE37		Buffalo Bills	New England Patriots	0 	0.0 	0 	0.0 	0.0 	9 	0.1 	0.0 	0.0 	0.0 	0.0 	1.2 	TE32		Buffalo Bills	Green Bay Packers	0 	0.0 	0 	0.0 	0.0 	9 	0.1 	0.0 	0.0 	0.0 	0.0 	1.3 	TE35		Buffalo Bills	Chicago Bears	0 	0.0 	0 	0.0 	0.0 	9 	0.1 	0.0 	0.0 	0.0 	0.0 	1.3 	TE37		Buffalo Bills	Denver Broncos	0 	0.0 	0 	0.0 	0.0 	9 	0.1 	0.0 	0.0 	0.0 	0.0 	1.2 	TE37		Buffalo Bills	Miami Dolphins	0 	0.0 	0 	0.0 	0.0 	9 	0.1 	0.0 	0.0 	0.0 	0.0 	1.3 	TE37		Actual	Actual	Actual	Actual	Forecast	Forecast	Forecast	Forecast	Forecast	Forecast	Forecast	Forecast	Forecast	Forecast	Forecast	Forecast	Forecast		Healthy	Healthy	Healthy	Healthy	Healthy	Healthy	Healthy	Healthy	Healthy	Healthy	Healthy	Healthy	Healthy	Healthy	Healthy	Healthy	Healthy		Week 5 2026	10/9/2026	4:29:22 PM	16		4%	5%	0%	0%	0%	0%		0.0 	0	0	0	0	0	0.025480 
	Kendrick Bourne	Arizona Cardinals	WR	WR85	2.8 	42 	0 	0.0 	0.0 	0.0 	0 	0.0 	0.0 	0.0 	35.7 	2.4 	326 	21.7 	1.6 	0.1 	0.0 	0.1 	0.0 	0.114 	1.000 	0.150 	(1)	0.000 	0.000 	223 	0 	(223)	85 	0 	(85)	0.085 																7.5 	1.1 	2.2 	0.0 	3.0 	2.7 	2.5 	2.6 	2.4 	2.6 	2.4 	2.7 	2.5 	0.0 	2.6 	2.6 	2.6 		WR28	WR76	WR65	-	WR68	WR70	WR71	WR72	WR78	WR72	WR71	WR84	WR75	-	WR84	WR84	WR84		WR84	2.6 	0.0 	0.0 	0.0 	0.0 	2.0 	18.1 	0.1 	84 	0.121 	1.000 	0.160 	(1)	0.000 	0.000 	221 	0.090 		31 														WR91	3.6 	0.0 	0.0 	0.0 	0.0 	7.9 	72.6 	0.5 	91 	0.097 	1.000 	0.090 	(1)	0.000 	0.000 	#N/A	0.055 		10.8 																	Arizona Cardinals	Los Angeles Chargers	0 	0.0 	0 	0.0 	8.0 	75 	0.0 	0.0 	0.0 	0.0 	0.0 	7.5 	WR28		Arizona Cardinals	Seattle Seahawks	0 	0.0 	0 	0.0 	2.0 	11 	0.0 	0.0 	0.0 	0.0 	0.0 	1.1 	WR76		Arizona Cardinals	San Francisco 49ers	0 	0.0 	0 	0.0 	2.0 	22 	0.0 	0.0 	0.0 	0.0 	0.0 	2.2 	WR65		Arizona Cardinals	New York Giants	0 	0.0 	0 	0.0 	0.0 	0 	0.0 	0.0 	0.0 	0.0 	0.0 	0.0 	-		Arizona Cardinals	Detroit Lions	0 	0.0 	0 	0.0 	2.1 	20 	0.2 	0.0 	0.0 	0.0 	0.0 	3.0 	WR68		Arizona Cardinals	Los Angeles Rams	0 	0.0 	0 	0.0 	2.1 	19 	0.1 	0.0 	0.0 	0.0 	0.0 	2.7 	WR70		Arizona Cardinals	Denver Broncos	0 	0.0 	0 	0.0 	2.0 	18 	0.1 	0.0 	0.0 	0.0 	0.0 	2.5 	WR71		Arizona Cardinals	Dallas Cowboys	0 	0.0 	0 	0.0 	2.0 	18 	0.1 	0.0 	0.0 	0.0 	0.0 	2.6 	WR72		Arizona Cardinals	Seattle Seahawks	0 	0.0 	0 	0.0 	1.9 	17 	0.1 	0.0 	0.0 	0.0 	0.0 	2.4 	WR78		Arizona Cardinals	Los Angeles Rams	0 	0.0 	0 	0.0 	2.0 	18 	0.1 	0.0 	0.0 	0.0 	0.0 	2.6 	WR72		Arizona Cardinals	Kansas City Chiefs	0 	0.0 	0 	0.0 	1.9 	18 	0.1 	0.0 	0.0 	0.0 	0.0 	2.4 	WR71		Arizona Cardinals	Washington Commanders	0 	0.0 	0 	0.0 	2.0 	18 	0.1 	0.0 	0.0 	0.0 	0.0 	2.7 	WR84		Arizona Cardinals	Philadelphia Eagles	0 	0.0 	0 	0.0 	1.9 	18 	0.1 	0.0 	0.0 	0.0 	0.0 	2.5 	WR75		Arizona Cardinals	BYE	0 	0.0 	0 	0.0 	0.0 	0 	0.0 	0.0 	0.0 	0.0 	0.0 	0.0 	-		Arizona Cardinals	New York Jets	0 	0.0 	0 	0.0 	1.9 	18 	0.1 	0.0 	0.0 	0.0 	0.0 	2.6 	WR84		Arizona Cardinals	New Orleans Saints	0 	0.0 	0 	0.0 	2.0 	18 	0.1 	0.0 	0.0 	0.0 	0.0 	2.6 	WR84		Arizona Cardinals	Las Vegas Raiders	0 	0.0 	0 	0.0 	1.9 	18 	0.1 	0.0 	0.0 	0.0 	0.0 	2.6 	WR84		Actual	Actual	Actual	Actual	Forecast	Forecast	Forecast	Forecast	Forecast	Forecast	Forecast	Forecast	Forecast	Forecast	Forecast	Forecast	Forecast		Healthy	Healthy	Healthy	Healthy	Healthy	Healthy	Healthy	Healthy	Healthy	Healthy	Healthy	Healthy	Healthy	Healthy	Healthy	Healthy	Healthy		Week 5 2026	10/9/2026	4:29:22 PM	16		8%	9%	0%	0%	0%	0%		0.0 	0	0	0	0	0	0.035160 
	Devin Singletary	New York Giants	RB	RB67	2.3 	32 	0 	0.0 	0.0 	0.0 	102 	7.3 	0.7 	0.1 	15.5 	1.1 	97 	6.9 	1.3 	0.1 	0.0 	0.2 	0.0 	0.087 	1.000 	0.173 	(1)	0.000 	0.000 	219 	267 	48 	67 	79 	12 	0.091 				-	-		-	-		-	-		-	-		9.8 	0.9 	0.0 	0.0 	1.6 	1.8 	1.6 	0.0 	1.7 	1.9 	1.8 	1.8 	1.8 	1.6 	1.9 	1.8 	1.8 		RB21	RB62	-	-	RB55	RB56	RB56	-	RB65	RB59	RB53	RB69	RB63	RB69	RB70	RB71	RB70		RB68	1.8 	0.0 	0.0 	6.4 	0.1 	1.0 	6.2 	0.0 	68 	0.083 	1.000 	0.160 	(1)	0.000 	0.000 	223 	0.085 		21 														RB56	5.4 	0.0 	0.0 	38.4 	0.4 	5.7 	37.3 	0.2 	56 	0.096 	1.000 	0.315 	(1)	0.000 	0.000 	#N/A	0.156 		10.7 																	New York Giants	Dallas Cowboys	0 	0.0 	16 	0.0 	4.0 	22 	1.0 	0.0 	0.0 	0.0 	0.0 	9.8 	RB21		New York Giants	Los Angeles Rams	0 	0.0 	9 	0.0 	0.0 	0 	0.0 	0.0 	0.0 	0.0 	0.0 	0.9 	RB62		New York Giants	Tennessee Titans	0 	0.0 	0 	0.0 	0.0 	0 	0.0 	0.0 	0.0 	0.0 	0.0 	0.0 	-		New York Giants	Arizona Cardinals	0 	0.0 	0 	0.0 	0.0 	0 	0.0 	0.0 	0.0 	0.0 	0.0 	0.0 	-		New York Giants	Washington Commanders	0 	0.0 	6 	0.1 	0.9 	6 	0.0 	0.0 	0.0 	0.0 	0.0 	1.6 	RB55		New York Giants	New Orleans Saints	0 	0.0 	7 	0.1 	1.0 	6 	0.0 	0.0 	0.0 	0.0 	0.0 	1.8 	RB56		New York Giants	Houston Texans	0 	0.0 	6 	0.1 	0.9 	6 	0.0 	0.0 	0.0 	0.0 	0.0 	1.6 	RB56		New York Giants	BYE	0 	0.0 	0 	0.0 	0.0 	0 	0.0 	0.0 	0.0 	0.0 	0.0 	0.0 	-		New York Giants	Philadelphia Eagles	0 	0.0 	6 	0.1 	1.0 	6 	0.0 	0.0 	0.0 	0.0 	0.0 	1.7 	RB65		New York Giants	Washington Commanders	0 	0.0 	7 	0.1 	1.0 	6 	0.0 	0.0 	0.0 	0.0 	0.0 	1.9 	RB59		New York Giants	Jacksonville Jaguars	0 	0.0 	7 	0.1 	1.0 	6 	0.0 	0.0 	0.0 	0.0 	0.0 	1.8 	RB53		New York Giants	Indianapolis Colts	0 	0.0 	7 	0.1 	1.0 	6 	0.0 	0.0 	0.0 	0.0 	0.0 	1.8 	RB69		New York Giants	San Francisco 49ers	0 	0.0 	7 	0.1 	1.0 	6 	0.0 	0.0 	0.0 	0.0 	0.0 	1.8 	RB63		New York Giants	Seattle Seahawks	0 	0.0 	6 	0.0 	1.0 	6 	0.0 	0.0 	0.0 	0.0 	0.0 	1.6 	RB69		New York Giants	Cleveland Browns	0 	0.0 	7 	0.1 	0.9 	6 	0.0 	0.0 	0.0 	0.0 	0.0 	1.9 	RB70		New York Giants	Detroit Lions	0 	0.0 	6 	0.1 	1.0 	6 	0.0 	0.0 	0.0 	0.0 	0.0 	1.8 	RB71		New York Giants	Dallas Cowboys	0 	0.0 	6 	0.1 	1.0 	6 	0.0 	0.0 	0.0 	0.0 	0.0 	1.8 	RB70		Actual	Actual	Actual	Actual	Forecast	Forecast	Forecast	Forecast	Forecast	Forecast	Forecast	Forecast	Forecast	Forecast	Forecast	Forecast	Forecast		Healthy	Healthy	Healthy	Healthy	Healthy	Healthy	Healthy	Healthy	Healthy	Healthy	Healthy	Healthy	Healthy	Healthy	Healthy	Healthy	Healthy		Week 5 2026	10/9/2026	4:29:22 PM	16		3%	2%	5%	7%	0%	0%		(0.1)	0	0	0	0	0	(0.071681)
	David Njoku	Los Angeles Chargers	TE	TE38	1.7 	20 	0 	0.0 	0.0 	0.0 	0 	0.0 	0.0 	0.0 	13.9 	1.2 	153 	12.7 	0.8 	0.1 	0.0 	0.0 	0.0 	0.054 	0.560 	0.219 	(1)	0.000 	0.000 	217 	163 	(54)	38 	23 	(15)	0.096 				-	-		-	-		-	-		-	-		5.8 	0.9 	0.0 	0.0 	0.0 	0.0 	0.0 	1.3 	1.3 	1.3 	1.3 	1.3 	1.3 	1.3 	1.4 	1.3 	1.3 		TE16	TE32	-	-	-	-	-	TE32	TE34	TE32	TE30	TE36	TE31	TE34	TE36	TE36	TE36		TE37	1.3 	0.0 	0.0 	0.0 	0.0 	0.8 	8.6 	0.1 	37 	0.052 	0.560 	0.229 	(1)	0.000 	0.000 	216 	0.099 		13 														TE49	3.4 	0.0 	0.0 	0.0 	0.0 	3.9 	42.8 	0.4 	49 	0.060 	0.560 	0.105 	(1)	0.000 	0.000 	#N/A	0.051 		6.7 																	Los Angeles Chargers	Arizona Cardinals	0 	0.0 	0 	0.0 	5.0 	58 	0.0 	0.0 	0.0 	0.0 	0.0 	5.8 	TE16		Los Angeles Chargers	Las Vegas Raiders	0 	0.0 	0 	0.0 	1.0 	9 	0.0 	0.0 	0.0 	0.0 	0.0 	0.9 	TE32		Los Angeles Chargers	Buffalo Bills	0 	0.0 	0 	0.0 	0.0 	0 	0.0 	0.0 	0.0 	0.0 	0.0 	0.0 	-		Los Angeles Chargers	Seattle Seahawks	0 	0.0 	0 	0.0 	0.0 	0 	0.0 	0.0 	0.0 	0.0 	0.0 	0.0 	-		Los Angeles Chargers	Denver Broncos	0 	0.0 	0 	0.0 	0.0 	0 	0.0 	0.0 	0.0 	0.0 	0.0 	0.0 	-		Los Angeles Chargers	Kansas City Chiefs	0 	0.0 	0 	0.0 	0.0 	0 	0.0 	0.0 	0.0 	0.0 	0.0 	0.0 	-		Los Angeles Chargers	BYE	0 	0.0 	0 	0.0 	0.0 	0 	0.0 	0.0 	0.0 	0.0 	0.0 	0.0 	-		Los Angeles Chargers	Los Angeles Rams	0 	0.0 	0 	0.0 	0.8 	9 	0.1 	0.0 	0.0 	0.0 	0.0 	1.3 	TE32		Los Angeles Chargers	Houston Texans	0 	0.0 	0 	0.0 	0.8 	8 	0.1 	0.0 	0.0 	0.0 	0.0 	1.3 	TE34		Los Angeles Chargers	Baltimore Ravens	0 	0.0 	0 	0.0 	0.8 	9 	0.1 	0.0 	0.0 	0.0 	0.0 	1.3 	TE32		Los Angeles Chargers	New York Jets	0 	0.0 	0 	0.0 	0.7 	8 	0.1 	0.0 	0.0 	0.0 	0.0 	1.3 	TE30		Los Angeles Chargers	New England Patriots	0 	0.0 	0 	0.0 	0.8 	9 	0.1 	0.0 	0.0 	0.0 	0.0 	1.3 	TE36		Los Angeles Chargers	Tampa Bay Buccaneers	0 	0.0 	0 	0.0 	0.8 	9 	0.1 	0.0 	0.0 	0.0 	0.0 	1.3 	TE31		Los Angeles Chargers	Las Vegas Raiders	0 	0.0 	0 	0.0 	0.8 	8 	0.1 	0.0 	0.0 	0.0 	0.0 	1.3 	TE34		Los Angeles Chargers	San Francisco 49ers	0 	0.0 	0 	0.0 	0.8 	9 	0.1 	0.0 	0.0 	0.0 	0.0 	1.4 	TE36		Los Angeles Chargers	Miami Dolphins	0 	0.0 	0 	0.0 	0.8 	8 	0.1 	0.0 	0.0 	0.0 	0.0 	1.3 	TE36		Los Angeles Chargers	Kansas City Chiefs	0 	0.0 	0 	0.0 	0.8 	9 	0.1 	0.0 	0.0 	0.0 	0.0 	1.3 	TE36		Actual	Actual	Actual	Actual	Forecast	Forecast	Forecast	Forecast	Forecast	Forecast	Forecast	Forecast	Forecast	Forecast	Forecast	Forecast	Forecast		Healthy	Healthy	Injured	Injured	Injured	Injured	Injured	Healthy	Healthy	Healthy	Healthy	Healthy	Healthy	Healthy	Healthy	Healthy	Healthy		Week 5 2026	10/9/2026	4:29:22 PM	16		4%	5%	0%	0%	0%	0%		0.0 	0	1	1	1	1	
	Isaac TeSlaa	Detroit Lions	WR	WR82	3.1 	47 	0 	0.0 	0.0 	0.0 	0 	0.0 	0.0 	0.0 	24.7 	1.6 	430 	28.7 	0.7 	0.0 	0.0 	0.1 	0.0 	0.128 	1.000 	0.180 	(1)	0.000 	0.000 	215 	255 	40 	82 	82 	0 	0.100 																0.0 	2.6 	6.6 	9.5 	2.5 	0.0 	2.4 	2.3 	2.3 	2.3 	2.4 	2.4 	2.4 	2.3 	2.3 	2.4 	2.3 		-	WR62	WR36	WR22	WR72	-	WR72	WR73	WR79	WR73	WR72	WR85	WR76	WR79	WR85	WR85	WR85		WR85	2.4 	0.0 	0.0 	0.0 	0.0 	1.3 	20.3 	0.1 	85 	0.110 	1.000 	0.150 	(1)	0.000 	0.000 	224 	0.084 		28 														WR63	6.2 	0.0 	0.0 	0.0 	0.0 	5.2 	81.0 	0.2 	63 	0.168 	1.000 	0.370 	(0)	0.000 	0.000 	#N/A	0.192 		18.7 																	Detroit Lions	New Orleans Saints	0 	0.0 	0 	0.0 	0.0 	0 	0.0 	0.0 	0.0 	0.0 	0.0 	0.0 	-		Detroit Lions	Buffalo Bills	0 	0.0 	0 	0.0 	2.0 	26 	0.0 	0.0 	0.0 	0.0 	0.0 	2.6 	WR62		Detroit Lions	New York Jets	0 	0.0 	0 	0.0 	3.0 	66 	0.0 	0.0 	0.0 	0.0 	0.0 	6.6 	WR36		Detroit Lions	Carolina Panthers	0 	0.0 	0 	0.0 	4.0 	95 	0.0 	0.0 	0.0 	0.0 	0.0 	9.5 	WR22		Detroit Lions	Arizona Cardinals	0 	0.0 	0 	0.0 	1.4 	21 	0.1 	0.0 	0.0 	0.0 	0.0 	2.5 	WR72		Detroit Lions	BYE	0 	0.0 	0 	0.0 	0.0 	0 	0.0 	0.0 	0.0 	0.0 	0.0 	0.0 	-		Detroit Lions	Green Bay Packers	0 	0.0 	0 	0.0 	1.3 	21 	0.1 	0.0 	0.0 	0.0 	0.0 	2.4 	WR72		Detroit Lions	Minnesota Vikings	0 	0.0 	0 	0.0 	1.3 	20 	0.1 	0.0 	0.0 	0.0 	0.0 	2.3 	WR73		Detroit Lions	Miami Dolphins	0 	0.0 	0 	0.0 	1.3 	20 	0.1 	0.0 	0.0 	0.0 	0.0 	2.3 	WR79		Detroit Lions	New England Patriots	0 	0.0 	0 	0.0 	1.3 	20 	0.1 	0.0 	0.0 	0.0 	0.0 	2.3 	WR73		Detroit Lions	Tampa Bay Buccaneers	0 	0.0 	0 	0.0 	1.3 	20 	0.1 	0.0 	0.0 	0.0 	0.0 	2.4 	WR72		Detroit Lions	Chicago Bears	0 	0.0 	0 	0.0 	1.3 	21 	0.1 	0.0 	0.0 	0.0 	0.0 	2.4 	WR85		Detroit Lions	Atlanta Falcons	0 	0.0 	0 	0.0 	1.3 	20 	0.1 	0.0 	0.0 	0.0 	0.0 	2.4 	WR76		Detroit Lions	Tennessee Titans	0 	0.0 	0 	0.0 	1.3 	20 	0.1 	0.0 	0.0 	0.0 	0.0 	2.3 	WR79		Detroit Lions	Minnesota Vikings	0 	0.0 	0 	0.0 	1.3 	20 	0.1 	0.0 	0.0 	0.0 	0.0 	2.3 	WR85		Detroit Lions	New York Giants	0 	0.0 	0 	0.0 	1.3 	20 	0.1 	0.0 	0.0 	0.0 	0.0 	2.4 	WR85		Detroit Lions	Chicago Bears	0 	0.0 	0 	0.0 	1.3 	20 	0.1 	0.0 	0.0 	0.0 	0.0 	2.3 	WR85		Actual	Actual	Actual	Actual	Forecast	Forecast	Forecast	Forecast	Forecast	Forecast	Forecast	Forecast	Forecast	Forecast	Forecast	Forecast	Forecast		Healthy	Healthy	Healthy	Healthy	Healthy	Healthy	Healthy	Healthy	Healthy	Healthy	Healthy	Healthy	Healthy	Healthy	Healthy	Healthy	Healthy		Week 5 2026	10/9/2026	4:29:22 PM	16		8%	3%	0%	0%	0%	0%		(0.1)	0	0	0	0	0	(0.107663)
	Najee Harris	New York Giants	RB	RB65	2.5 	38 	0 	0.0 	0.0 	0.0 	303 	20.2 	1.4 	0.1 	0.0 	0.0 	0 	0.0 	0.0 	0.0 	0.0 	1.5 	0.0 	0.102 	1.000 	0.199 	(1)	0.000 	0.000 	213 	198 	(15)	65 	63 	(2)	0.105 																0.0 	0.6 	5.2 	3.0 	2.2 	2.5 	2.1 	0.0 	2.1 	2.7 	2.5 	2.5 	2.5 	2.0 	2.7 	2.4 	2.4 		-	RB65	RB35	RB46	RB53	RB52	RB52	-	RB60	RB52	RB48	RB60	RB58	RB64	RB60	RB62	RB62		RB63	2.4 	0.0 	0.0 	17.9 	0.1 	0.0 	0.0 	0.0 	63 	0.112 	1.000 	0.225 	(1)	0.000 	0.000 	206 	0.118 		29 														RB66	2.9 	0.0 	0.0 	71.6 	0.5 	0.0 	0.0 	0.0 	66 	0.079 	1.000 	0.186 	(1)	0.000 	0.000 	#N/A	0.096 		8.8 																	New York Giants	Dallas Cowboys	0 	0.0 	0 	0.0 	0.0 	0 	0.0 	0.0 	0.0 	0.0 	0.0 	0.0 	-		New York Giants	Los Angeles Rams	0 	0.0 	6 	0.0 	0.0 	0 	0.0 	0.0 	0.0 	0.0 	0.0 	0.6 	RB65		New York Giants	Tennessee Titans	0 	0.0 	52 	0.0 	0.0 	0 	0.0 	0.0 	0.0 	0.0 	0.0 	5.2 	RB35		New York Giants	Arizona Cardinals	0 	0.0 	30 	0.0 	0.0 	0 	0.0 	0.0 	1.0 	0.0 	1.0 	3.0 	RB46		New York Giants	Washington Commanders	0 	0.0 	17 	0.1 	0.0 	0 	0.0 	0.0 	0.0 	0.0 	0.0 	2.2 	RB53		New York Giants	New Orleans Saints	0 	0.0 	18 	0.1 	0.0 	0 	0.0 	0.0 	0.0 	0.0 	0.0 	2.5 	RB52		New York Giants	Houston Texans	0 	0.0 	16 	0.1 	0.0 	0 	0.0 	0.0 	0.0 	0.0 	0.0 	2.1 	RB52		New York Giants	BYE	0 	0.0 	0 	0.0 	0.0 	0 	0.0 	0.0 	0.0 	0.0 	0.0 	0.0 	-		New York Giants	Philadelphia Eagles	0 	0.0 	16 	0.1 	0.0 	0 	0.0 	0.0 	0.0 	0.0 	0.0 	2.1 	RB60		New York Giants	Washington Commanders	0 	0.0 	20 	0.1 	0.0 	0 	0.0 	0.0 	0.0 	0.0 	0.0 	2.7 	RB52		New York Giants	Jacksonville Jaguars	0 	0.0 	19 	0.1 	0.0 	0 	0.0 	0.0 	0.0 	0.0 	0.0 	2.5 	RB48		New York Giants	Indianapolis Colts	0 	0.0 	19 	0.1 	0.0 	0 	0.0 	0.0 	0.0 	0.0 	0.0 	2.5 	RB60		New York Giants	San Francisco 49ers	0 	0.0 	19 	0.1 	0.0 	0 	0.0 	0.0 	0.0 	0.0 	0.0 	2.5 	RB58		New York Giants	Seattle Seahawks	0 	0.0 	16 	0.1 	0.0 	0 	0.0 	0.0 	0.0 	0.0 	0.0 	2.0 	RB64		New York Giants	Cleveland Browns	0 	0.0 	20 	0.1 	0.0 	0 	0.0 	0.0 	0.0 	0.0 	0.0 	2.7 	RB60		New York Giants	Detroit Lions	0 	0.0 	18 	0.1 	0.0 	0 	0.0 	0.0 	0.0 	0.0 	0.0 	2.4 	RB62		New York Giants	Dallas Cowboys	0 	0.0 	18 	0.1 	0.0 	0 	0.0 	0.0 	0.0 	0.0 	0.0 	2.4 	RB62		Actual	Actual	Actual	Actual	Forecast	Forecast	Forecast	Forecast	Forecast	Forecast	Forecast	Forecast	Forecast	Forecast	Forecast	Forecast	Forecast		Healthy	Healthy	Healthy	Healthy	Healthy	Healthy	Healthy	Healthy	Healthy	Healthy	Healthy	Healthy	Healthy	Healthy	Healthy	Healthy	Healthy		Week 5 2026	10/9/2026	4:29:22 PM	16		0%	0%	14%	13%	0%	0%		0.0 	0	0	0	0	0	0.022429 
	Daniel Jones	Indianapolis Colts	QB	QB32	13.1 	209 	3,448 	215.5 	17.8 	1.1 	150 	9.4 	2.8 	0.2 	0.0 	0.0 	0 	0.0 	0.0 	0.0 	11.7 	3.9 	0.0 	0.569 	0.460 	0.129 	(0)	0.000 	0.000 	231 	195 	(36)	29 	25 	(4)	0.068 				-	-		-	-		-	-		-	-		9.0 	11.4 	7.9 	7.9 	13.2 	14.5 	13.9 	14.4 	15.4 	15.1 	13.6 	14.9 	0.0 	13.8 	14.7 	15.4 	14.1 		QB29	QB23	QB30	QB30	QB26	QB22	QB26	QB23	QB23	QB20	QB22	QB26	-	QB26	QB25	QB20	QB28		QB28	14.4 	224.5 	1.2 	10.8 	0.1 	0.0 	0.0 	0.0 	27 	0.675 	0.460 	0.158 	0 	0.297 	0.000 	155 	0.223 		173 														QB27	9.1 	673.4 	3.7 	32.3 	0.4 	0.0 	0.0 	0.0 	27 	0.325 	0.460 	0.158 	(0)	0.000 	0.000 	#N/A	0.084 		36.3 																	Indianapolis Colts	Baltimore Ravens	166 	1.0 	4 	0.0 	0.0 	0 	0.0 	1.0 	0.0 	0.0 	0.0 	9.0 	QB29		Indianapolis Colts	Kansas City Chiefs	210 	1.0 	10 	0.0 	0.0 	0 	0.0 	1.0 	0.0 	0.0 	0.0 	11.4 	QB23		Indianapolis Colts	Houston Texans	235 	1.0 	5 	0.0 	0.0 	0 	0.0 	1.0 	2.0 	0.0 	0.0 	7.9 	QB30		Indianapolis Colts	Washington Commanders	143 	0.0 	2 	1.0 	0.0 	0 	0.0 	1.0 	1.0 	0.0 	0.0 	7.9 	QB30		Indianapolis Colts	Pittsburgh Steelers	215 	1.1 	10 	0.1 	0.0 	0 	0.0 	0.6 	0.1 	0.0 	0.0 	13.2 	QB26		Indianapolis Colts	Tennessee Titans	218 	1.2 	12 	0.2 	0.0 	0 	0.0 	0.6 	0.1 	0.0 	0.0 	14.5 	QB22		Indianapolis Colts	Minnesota Vikings	221 	1.2 	10 	0.1 	0.0 	0 	0.0 	0.6 	0.1 	0.0 	0.0 	13.9 	QB26		Indianapolis Colts	Jacksonville Jaguars	228 	1.2 	10 	0.1 	0.0 	0 	0.0 	0.6 	0.1 	0.0 	0.0 	14.4 	QB23		Indianapolis Colts	Dallas Cowboys	234 	1.4 	11 	0.2 	0.0 	0 	0.0 	0.6 	0.1 	0.0 	0.0 	15.4 	QB23		Indianapolis Colts	Miami Dolphins	223 	1.3 	13 	0.2 	0.0 	0 	0.0 	0.6 	0.1 	0.0 	0.0 	15.1 	QB20		Indianapolis Colts	Houston Texans	223 	1.1 	9 	0.1 	0.0 	0 	0.0 	0.6 	0.1 	0.0 	0.0 	13.6 	QB22		Indianapolis Colts	New York Giants	227 	1.3 	11 	0.2 	0.0 	0 	0.0 	0.6 	0.1 	0.0 	0.0 	14.9 	QB26		Indianapolis Colts	BYE	0 	0.0 	0 	0.0 	0.0 	0 	0.0 	0.0 	0.0 	0.0 	0.0 	0.0 	-		Indianapolis Colts	Philadelphia Eagles	225 	1.2 	9 	0.1 	0.0 	0 	0.0 	0.6 	0.1 	0.0 	0.0 	13.8 	QB26		Indianapolis Colts	Tennessee Titans	225 	1.3 	11 	0.2 	0.0 	0 	0.0 	0.6 	0.1 	0.0 	0.0 	14.7 	QB25		Indianapolis Colts	Cincinnati Bengals	234 	1.4 	11 	0.2 	0.0 	0 	0.0 	0.6 	0.1 	0.0 	0.0 	15.4 	QB20		Indianapolis Colts	Cleveland Browns	220 	1.2 	11 	0.1 	0.0 	0 	0.0 	0.6 	0.1 	0.0 	0.0 	14.1 	QB28		Actual	Actual	Actual	Actual	Forecast	Forecast	Forecast	Forecast	Forecast	Forecast	Forecast	Forecast	Forecast	Forecast	Forecast	Forecast	Forecast		Healthy	Healthy	Healthy	Healthy	Healthy	Healthy	Healthy	Healthy	Healthy	Healthy	Healthy	Healthy	Healthy	Healthy	Healthy	Healthy	Healthy		Week 5 2026	10/9/2026	4:29:22 PM	16		0%	0%	9%	12%	99%	99%		0.1 	0	0	0	0	0	0.139559 
	Theo Johnson	New York Giants	TE	TE39	1.3 	18 	0 	0.0 	0.0 	0.0 	0 	0.0 	0.0 	0.0 	6.3 	0.4 	70 	5.0 	1.8 	0.1 	0.0 	0.0 	0.0 	0.049 	0.560 	0.208 	(1)	0.000 	0.000 	221 	228 	7 	39 	32 	(7)	0.091 																0.9 	0.0 	0.0 	7.1 	0.8 	0.8 	0.8 	0.0 	0.8 	0.9 	0.8 	0.8 	0.8 	0.8 	0.8 	0.9 	0.9 		TE32	-	-	TE12	TE36	TE35	TE35	-	TE39	TE35	TE32	TE41	TE35	TE39	TE41	TE40	TE40		TE40	0.8 	0.0 	0.0 	0.0 	0.0 	0.4 	4.1 	0.1 	40 	0.039 	0.560 	0.198 	(1)	0.000 	0.000 	222 	0.085 		10 														TE47	4.0 	0.0 	0.0 	0.0 	0.0 	2.1 	24.9 	0.4 	47 	0.072 	0.560 	0.126 	(1)	0.000 	0.000 	#N/A	0.061 		8.0 																	New York Giants	Dallas Cowboys	0 	0.0 	0 	0.0 	1.0 	9 	0.0 	0.0 	0.0 	0.0 	0.0 	0.9 	TE32		New York Giants	Los Angeles Rams	0 	0.0 	0 	0.0 	0.0 	0 	0.0 	0.0 	0.0 	0.0 	0.0 	0.0 	-		New York Giants	Tennessee Titans	0 	0.0 	0 	0.0 	0.0 	0 	0.0 	0.0 	0.0 	0.0 	0.0 	0.0 	-		New York Giants	Arizona Cardinals	0 	0.0 	0 	0.0 	1.0 	11 	1.0 	0.0 	0.0 	0.0 	0.0 	7.1 	TE12		New York Giants	Washington Commanders	0 	0.0 	0 	0.0 	0.3 	4 	0.1 	0.0 	0.0 	0.0 	0.0 	0.8 	TE36		New York Giants	New Orleans Saints	0 	0.0 	0 	0.0 	0.4 	4 	0.1 	0.0 	0.0 	0.0 	0.0 	0.8 	TE35		New York Giants	Houston Texans	0 	0.0 	0 	0.0 	0.4 	4 	0.1 	0.0 	0.0 	0.0 	0.0 	0.8 	TE35		New York Giants	BYE	0 	0.0 	0 	0.0 	0.0 	0 	0.0 	0.0 	0.0 	0.0 	0.0 	0.0 	-		New York Giants	Philadelphia Eagles	0 	0.0 	0 	0.0 	0.4 	4 	0.1 	0.0 	0.0 	0.0 	0.0 	0.8 	TE39		New York Giants	Washington Commanders	0 	0.0 	0 	0.0 	0.4 	4 	0.1 	0.0 	0.0 	0.0 	0.0 	0.9 	TE35		New York Giants	Jacksonville Jaguars	0 	0.0 	0 	0.0 	0.4 	4 	0.1 	0.0 	0.0 	0.0 	0.0 	0.8 	TE32		New York Giants	Indianapolis Colts	0 	0.0 	0 	0.0 	0.4 	4 	0.1 	0.0 	0.0 	0.0 	0.0 	0.8 	TE41		New York Giants	San Francisco 49ers	0 	0.0 	0 	0.0 	0.4 	4 	0.1 	0.0 	0.0 	0.0 	0.0 	0.8 	TE35		New York Giants	Seattle Seahawks	0 	0.0 	0 	0.0 	0.4 	4 	0.1 	0.0 	0.0 	0.0 	0.0 	0.8 	TE39		New York Giants	Cleveland Browns	0 	0.0 	0 	0.0 	0.3 	4 	0.1 	0.0 	0.0 	0.0 	0.0 	0.8 	TE41		New York Giants	Detroit Lions	0 	0.0 	0 	0.0 	0.4 	4 	0.1 	0.0 	0.0 	0.0 	0.0 	0.9 	TE40		New York Giants	Dallas Cowboys	0 	0.0 	0 	0.0 	0.4 	4 	0.1 	0.0 	0.0 	0.0 	0.0 	0.9 	TE40		Actual	Actual	Actual	Actual	Forecast	Forecast	Forecast	Forecast	Forecast	Forecast	Forecast	Forecast	Forecast	Forecast	Forecast	Forecast	Forecast		Healthy	Healthy	Healthy	Healthy	Healthy	Healthy	Healthy	Healthy	Healthy	Healthy	Healthy	Healthy	Healthy	Healthy	Healthy	Healthy	Healthy		Week 5 2026	10/9/2026	4:29:22 PM	16		2%	5%	0%	0%	0%	0%		0.0 	0	0	0	0	0	0.023956 
	Darnell Mooney	New York Giants	WR	WR83	3.1 	47 	0 	0.0 	0.0 	0.0 	9 	0.6 	0.0 	0.0 	25.1 	1.7 	369 	24.6 	1.5 	0.1 	0.0 	0.1 	0.0 	0.126 	1.000 	0.170 	(1)	0.000 	0.000 	218 	281 	63 	83 	93 	10 	0.095 																2.7 	4.8 	2.9 	0.0 	2.8 	3.0 	2.9 	0.0 	3.0 	3.1 	3.0 	3.0 	3.0 	3.0 	2.9 	3.1 	3.1 		WR64	WR36	WR61	-	WR71	WR67	WR69	-	WR77	WR68	WR69	WR80	WR72	WR77	WR82	WR79	WR80		WR81	3.0 	0.0 	0.0 	0.0 	0.0 	1.6 	22.8 	0.1 	81 	0.141 	1.000 	0.190 	(1)	0.000 	0.000 	211 	0.107 		36 														WR94	3.5 	0.0 	0.0 	0.0 	0.0 	6.4 	91.2 	0.5 	94 	0.093 	1.000 	0.060 	(1)	0.000 	0.000 	#N/A	0.041 		10.4 																	New York Giants	Dallas Cowboys	0 	0.0 	0 	0.0 	2.0 	27 	0.0 	0.0 	0.0 	0.0 	0.0 	2.7 	WR64		New York Giants	Los Angeles Rams	0 	0.0 	0 	0.0 	2.0 	48 	0.0 	0.0 	0.0 	0.0 	0.0 	4.8 	WR36		New York Giants	Tennessee Titans	0 	0.0 	9 	0.0 	2.0 	20 	0.0 	0.0 	0.0 	0.0 	0.0 	2.9 	WR61		New York Giants	Arizona Cardinals	0 	0.0 	0 	0.0 	0.0 	0 	0.0 	0.0 	0.0 	0.0 	0.0 	0.0 	-		New York Giants	Washington Commanders	0 	0.0 	0 	0.0 	1.5 	22 	0.1 	0.0 	0.0 	0.0 	0.0 	2.8 	WR71		New York Giants	New Orleans Saints	0 	0.0 	0 	0.0 	1.6 	23 	0.1 	0.0 	0.0 	0.0 	0.0 	3.0 	WR67		New York Giants	Houston Texans	0 	0.0 	0 	0.0 	1.6 	23 	0.1 	0.0 	0.0 	0.0 	0.0 	2.9 	WR69		New York Giants	BYE	0 	0.0 	0 	0.0 	0.0 	0 	0.0 	0.0 	0.0 	0.0 	0.0 	0.0 	-		New York Giants	Philadelphia Eagles	0 	0.0 	0 	0.0 	1.6 	23 	0.1 	0.0 	0.0 	0.0 	0.0 	3.0 	WR77		New York Giants	Washington Commanders	0 	0.0 	0 	0.0 	1.6 	23 	0.1 	0.0 	0.0 	0.0 	0.0 	3.1 	WR68		New York Giants	Jacksonville Jaguars	0 	0.0 	0 	0.0 	1.6 	23 	0.1 	0.0 	0.0 	0.0 	0.0 	3.0 	WR69		New York Giants	Indianapolis Colts	0 	0.0 	0 	0.0 	1.6 	23 	0.1 	0.0 	0.0 	0.0 	0.0 	3.0 	WR80		New York Giants	San Francisco 49ers	0 	0.0 	0 	0.0 	1.6 	23 	0.1 	0.0 	0.0 	0.0 	0.0 	3.0 	WR72		New York Giants	Seattle Seahawks	0 	0.0 	0 	0.0 	1.6 	23 	0.1 	0.0 	0.0 	0.0 	0.0 	3.0 	WR77		New York Giants	Cleveland Browns	0 	0.0 	0 	0.0 	1.5 	22 	0.1 	0.0 	0.0 	0.0 	0.0 	2.9 	WR82		New York Giants	Detroit Lions	0 	0.0 	0 	0.0 	1.6 	23 	0.1 	0.0 	0.0 	0.0 	0.0 	3.1 	WR79		New York Giants	Dallas Cowboys	0 	0.0 	0 	0.0 	1.6 	23 	0.1 	0.0 	0.0 	0.0 	0.0 	3.1 	WR80		Actual	Actual	Actual	Actual	Forecast	Forecast	Forecast	Forecast	Forecast	Forecast	Forecast	Forecast	Forecast	Forecast	Forecast	Forecast	Forecast		Healthy	Healthy	Healthy	Healthy	Healthy	Healthy	Healthy	Healthy	Healthy	Healthy	Healthy	Healthy	Healthy	Healthy	Healthy	Healthy	Healthy		Week 5 2026	10/9/2026	4:29:22 PM	16		11%	9%	0%	0%	0%	0%		0.1 	0	0	0	0	0	0.065632 
	Zach Ertz	Philadelphia Eagles	TE	TE41	0.9 	12 	0 	0.0 	0.0 	0.0 	0 	0.0 	0.0 	0.0 	12.0 	0.9 	98 	7.0 	0.4 	0.0 	0.0 	0.0 	0.0 	0.033 	0.560 	0.188 	(1)	0.000 	0.000 	225 	0 	(225)	41 	0 	(41)	0.080 																0.0 	0.0 	0.9 	1.3 	0.8 	0.8 	0.9 	0.8 	0.8 	0.0 	0.8 	0.9 	0.8 	0.8 	0.8 	0.8 	0.8 		-	-	TE29	TE26	TE35	TE36	TE34	TE36	TE38	-	TE33	TE40	TE36	TE38	TE40	TE41	TE41		TE41	0.8 	0.0 	0.0 	0.0 	0.0 	0.7 	6.4 	0.0 	41 	0.038 	0.560 	0.188 	(1)	0.000 	0.000 	225 	0.081 		10 														TE63	1.1 	0.0 	0.0 	0.0 	0.0 	4.5 	38.2 	0.2 	63 	0.020 	0.560 	0.000 	(1)	0.000 	0.000 	#N/A	0.003 		2.2 																	Philadelphia Eagles	Washington Commanders	0 	0.0 	0 	0.0 	0.0 	0 	0.0 	0.0 	0.0 	0.0 	0.0 	0.0 	-		Philadelphia Eagles	Tennessee Titans	0 	0.0 	0 	0.0 	0.0 	0 	0.0 	0.0 	0.0 	0.0 	0.0 	0.0 	-		Philadelphia Eagles	Chicago Bears	0 	0.0 	0 	0.0 	1.0 	9 	0.0 	0.0 	0.0 	0.0 	0.0 	0.9 	TE29		Philadelphia Eagles	Los Angeles Rams	0 	0.0 	0 	0.0 	2.0 	13 	0.0 	0.0 	0.0 	0.0 	0.0 	1.3 	TE26		Philadelphia Eagles	Jacksonville Jaguars	0 	0.0 	0 	0.0 	0.7 	6 	0.0 	0.0 	0.0 	0.0 	0.0 	0.8 	TE35		Philadelphia Eagles	Carolina Panthers	0 	0.0 	0 	0.0 	0.7 	6 	0.0 	0.0 	0.0 	0.0 	0.0 	0.8 	TE36		Philadelphia Eagles	Dallas Cowboys	0 	0.0 	0 	0.0 	0.8 	7 	0.0 	0.0 	0.0 	0.0 	0.0 	0.9 	TE34		Philadelphia Eagles	Washington Commanders	0 	0.0 	0 	0.0 	0.8 	6 	0.0 	0.0 	0.0 	0.0 	0.0 	0.8 	TE36		Philadelphia Eagles	New York Giants	0 	0.0 	0 	0.0 	0.8 	6 	0.0 	0.0 	0.0 	0.0 	0.0 	0.8 	TE38		Philadelphia Eagles	BYE	0 	0.0 	0 	0.0 	0.0 	0 	0.0 	0.0 	0.0 	0.0 	0.0 	0.0 	-		Philadelphia Eagles	Pittsburgh Steelers	0 	0.0 	0 	0.0 	0.7 	6 	0.0 	0.0 	0.0 	0.0 	0.0 	0.8 	TE33		Philadelphia Eagles	Dallas Cowboys	0 	0.0 	0 	0.0 	0.8 	7 	0.0 	0.0 	0.0 	0.0 	0.0 	0.9 	TE40		Philadelphia Eagles	Arizona Cardinals	0 	0.0 	0 	0.0 	0.7 	6 	0.0 	0.0 	0.0 	0.0 	0.0 	0.8 	TE36		Philadelphia Eagles	Indianapolis Colts	0 	0.0 	0 	0.0 	0.8 	6 	0.0 	0.0 	0.0 	0.0 	0.0 	0.8 	TE38		Philadelphia Eagles	Seattle Seahawks	0 	0.0 	0 	0.0 	0.7 	6 	0.0 	0.0 	0.0 	0.0 	0.0 	0.8 	TE40		Philadelphia Eagles	Houston Texans	0 	0.0 	0 	0.0 	0.7 	6 	0.0 	0.0 	0.0 	0.0 	0.0 	0.8 	TE41		Philadelphia Eagles	San Francisco 49ers	0 	0.0 	0 	0.0 	0.8 	6 	0.0 	0.0 	0.0 	0.0 	0.0 	0.8 	TE41		Actual	Actual	Actual	Actual	Forecast	Forecast	Forecast	Forecast	Forecast	Forecast	Forecast	Forecast	Forecast	Forecast	Forecast	Forecast	Forecast		Healthy	Healthy	Healthy	Healthy	Healthy	Healthy	Healthy	Healthy	Healthy	Healthy	Healthy	Healthy	Healthy	Healthy	Healthy	Healthy	Healthy		Week 5 2026	10/9/2026	4:29:22 PM	16		3%	2%	0%	0%	0%	0%		0.1 	0	0	0	0	0	0.077944 
	Tank Bigsby	Philadelphia Eagles	RB	RB68	2.7 	30 	0 	0.0 	0.0 	0.0 	204 	18.6 	1.5 	0.1 	4.4 	0.4 	25 	2.2 	0.0 	0.0 	0.0 	1.3 	0.0 	0.080 	1.000 	0.160 	(1)	0.000 	0.000 	224 	156 	(68)	68 	55 	(13)	0.084 																0.3 	9.8 	(1.5)	5.5 	0.0 	0.0 	0.0 	0.0 	0.0 	0.0 	2.2 	2.1 	2.5 	2.4 	2.1 	2.0 	2.0 		RB59	RB14	RB80	RB37	-	-	-	-	-	-	RB52	RB66	RB57	RB61	RB68	RB69	RB68		RB72	2.2 	0.0 	0.0 	16.2 	0.1 	0.2 	2.1 	0.0 	72 	0.060 	1.000 	0.108 	(1)	0.000 	0.000 	239 	0.058 		15 														RB47	4.7 	0.0 	0.0 	37.8 	0.2 	0.5 	4.9 	0.0 	47 	0.127 	1.000 	0.430 	(1)	0.000 	0.000 	#N/A	0.213 		14.1 																	Philadelphia Eagles	Washington Commanders	0 	0.0 	3 	0.0 	0.0 	0 	0.0 	0.0 	0.0 	0.0 	0.0 	0.3 	RB59		Philadelphia Eagles	Tennessee Titans	0 	0.0 	33 	1.0 	2.0 	5 	0.0 	0.0 	0.0 	0.0 	0.0 	9.8 	RB14		Philadelphia Eagles	Chicago Bears	0 	0.0 	0 	0.0 	1.0 	5 	0.0 	0.0 	1.0 	0.0 	0.0 	(1.5)	RB80		Philadelphia Eagles	Los Angeles Rams	0 	0.0 	55 	0.0 	0.0 	0 	0.0 	0.0 	0.0 	0.0 	0.0 	5.5 	RB37		Philadelphia Eagles	Jacksonville Jaguars	0 	0.0 	0 	0.0 	0.0 	0 	0.0 	0.0 	0.0 	0.0 	0.0 	0.0 	-		Philadelphia Eagles	Carolina Panthers	0 	0.0 	0 	0.0 	0.0 	0 	0.0 	0.0 	0.0 	0.0 	0.0 	0.0 	-		Philadelphia Eagles	Dallas Cowboys	0 	0.0 	0 	0.0 	0.0 	0 	0.0 	0.0 	0.0 	0.0 	0.0 	0.0 	-		Philadelphia Eagles	Washington Commanders	0 	0.0 	0 	0.0 	0.0 	0 	0.0 	0.0 	0.0 	0.0 	0.0 	0.0 	-		Philadelphia Eagles	New York Giants	0 	0.0 	0 	0.0 	0.0 	0 	0.0 	0.0 	0.0 	0.0 	0.0 	0.0 	-		Philadelphia Eagles	BYE	0 	0.0 	0 	0.0 	0.0 	0 	0.0 	0.0 	0.0 	0.0 	0.0 	0.0 	-		Philadelphia Eagles	Pittsburgh Steelers	0 	0.0 	16 	0.1 	0.2 	2 	0.0 	0.0 	0.0 	0.0 	0.0 	2.2 	RB52		Philadelphia Eagles	Dallas Cowboys	0 	0.0 	16 	0.1 	0.2 	2 	0.0 	0.0 	0.0 	0.0 	0.0 	2.1 	RB66		Philadelphia Eagles	Arizona Cardinals	0 	0.0 	19 	0.1 	0.2 	2 	0.0 	0.0 	0.0 	0.0 	0.0 	2.5 	RB57		Philadelphia Eagles	Indianapolis Colts	0 	0.0 	17 	0.1 	0.2 	2 	0.0 	0.0 	0.0 	0.0 	0.0 	2.4 	RB61		Philadelphia Eagles	Seattle Seahawks	0 	0.0 	16 	0.1 	0.2 	2 	0.0 	0.0 	0.0 	0.0 	0.0 	2.1 	RB68		Philadelphia Eagles	Houston Texans	0 	0.0 	15 	0.1 	0.2 	2 	0.0 	0.0 	0.0 	0.0 	0.0 	2.0 	RB69		Philadelphia Eagles	San Francisco 49ers	0 	0.0 	15 	0.1 	0.2 	2 	0.0 	0.0 	0.0 	0.0 	0.0 	2.0 	RB68		Actual	Actual	Actual	Actual	Forecast	Forecast	Forecast	Forecast	Forecast	Forecast	Forecast	Forecast	Forecast	Forecast	Forecast	Forecast	Forecast		Healthy	Healthy	Healthy	Healthy	Injured	Injured	Injured	Injured	Injured	Injured	Limited / Handicapped	Healthy	Healthy	Healthy	Healthy	Healthy	Healthy		Week 5 2026	10/9/2026	4:29:22 PM	16		1%	0%	12%	8%	0%	0%		(0.2)	0	0	0	1	1	
	Elijah Arroyo	Seattle Seahawks	TE	TE40	1.1 	14 	0 	0.0 	0.0 	0.0 	0 	0.0 	0.0 	0.0 	6.9 	0.5 	104 	8.0 	0.6 	0.0 	0.0 	0.0 	0.0 	0.038 	0.560 	0.198 	(1)	0.000 	0.000 	222 	0 	(222)	40 	0 	(40)	0.085 																0.0 	1.7 	0.0 	0.0 	1.0 	1.0 	1.0 	1.1 	1.1 	1.0 	0.0 	1.0 	1.1 	1.0 	1.0 	1.0 	1.0 		-	TE23	-	-	TE34	TE34	TE33	TE34	TE37	TE34	-	TE39	TE34	TE37	TE39	TE39	TE39		TE39	1.0 	0.0 	0.0 	0.0 	0.0 	0.5 	7.3 	0.1 	39 	0.048 	0.560 	0.208 	(1)	0.000 	0.000 	220 	0.091 		12 														TE75	1.7 	0.0 	0.0 	0.0 	0.0 	5.9 	87.2 	0.6 	75 	0.015 	0.560 	0.000 	(1)	0.000 	0.000 	#N/A	0.002 		1.7 																	Seattle Seahawks	New England Patriots	0 	0.0 	0 	0.0 	0.0 	0 	0.0 	0.0 	0.0 	0.0 	0.0 	0.0 	-		Seattle Seahawks	Arizona Cardinals	0 	0.0 	0 	0.0 	1.0 	17 	0.0 	0.0 	0.0 	0.0 	0.0 	1.7 	TE23		Seattle Seahawks	Washington Commanders	0 	0.0 	0 	0.0 	0.0 	0 	0.0 	0.0 	0.0 	0.0 	0.0 	0.0 	-		Seattle Seahawks	Los Angeles Chargers	0 	0.0 	0 	0.0 	0.0 	0 	0.0 	0.0 	0.0 	0.0 	0.0 	0.0 	-		Seattle Seahawks	San Francisco 49ers	0 	0.0 	0 	0.0 	0.5 	7 	0.1 	0.0 	0.0 	0.0 	0.0 	1.0 	TE34		Seattle Seahawks	Denver Broncos	0 	0.0 	0 	0.0 	0.5 	7 	0.0 	0.0 	0.0 	0.0 	0.0 	1.0 	TE34		Seattle Seahawks	Kansas City Chiefs	0 	0.0 	0 	0.0 	0.5 	7 	0.1 	0.0 	0.0 	0.0 	0.0 	1.0 	TE33		Seattle Seahawks	Chicago Bears	0 	0.0 	0 	0.0 	0.5 	7 	0.1 	0.0 	0.0 	0.0 	0.0 	1.1 	TE34		Seattle Seahawks	Arizona Cardinals	0 	0.0 	0 	0.0 	0.5 	7 	0.1 	0.0 	0.0 	0.0 	0.0 	1.1 	TE37		Seattle Seahawks	Las Vegas Raiders	0 	0.0 	0 	0.0 	0.5 	7 	0.1 	0.0 	0.0 	0.0 	0.0 	1.0 	TE34		Seattle Seahawks	BYE	0 	0.0 	0 	0.0 	0.0 	0 	0.0 	0.0 	0.0 	0.0 	0.0 	0.0 	-		Seattle Seahawks	San Francisco 49ers	0 	0.0 	0 	0.0 	0.5 	7 	0.1 	0.0 	0.0 	0.0 	0.0 	1.0 	TE39		Seattle Seahawks	Dallas Cowboys	0 	0.0 	0 	0.0 	0.5 	7 	0.1 	0.0 	0.0 	0.0 	0.0 	1.1 	TE34		Seattle Seahawks	New York Giants	0 	0.0 	0 	0.0 	0.5 	7 	0.1 	0.0 	0.0 	0.0 	0.0 	1.0 	TE37		Seattle Seahawks	Philadelphia Eagles	0 	0.0 	0 	0.0 	0.5 	7 	0.0 	0.0 	0.0 	0.0 	0.0 	1.0 	TE39		Seattle Seahawks	Los Angeles Rams	0 	0.0 	0 	0.0 	0.5 	7 	0.1 	0.0 	0.0 	0.0 	0.0 	1.0 	TE39		Seattle Seahawks	Carolina Panthers	0 	0.0 	0 	0.0 	0.5 	7 	0.1 	0.0 	0.0 	0.0 	0.0 	1.0 	TE39		Actual	Actual	Actual	Actual	Forecast	Forecast	Forecast	Forecast	Forecast	Forecast	Forecast	Forecast	Forecast	Forecast	Forecast	Forecast	Forecast		Healthy	Healthy	Healthy	Healthy	Healthy	Healthy	Healthy	Healthy	Healthy	Healthy	Healthy	Healthy	Healthy	Healthy	Healthy	Healthy	Healthy		Week 5 2026	10/9/2026	4:29:22 PM	16		3%	3%	0%	0%	0%	0%		0.1 	0	0	0	0	0	0.088327 
	Germie Bernard	Pittsburgh Steelers	WR	WR88	2.1 	32 	0 	0.0 	0.0 	0.0 	0 	0.0 	0.0 	0.0 	26.8 	1.8 	252 	16.8 	1.2 	0.1 	0.0 	0.0 	0.0 	0.087 	1.000 	0.120 	(1)	0.000 	0.000 	233 	278 	45 	88 	91 	3 	0.067 																0.0 	3.5 	1.4 	1.1 	2.2 	2.1 	2.2 	2.1 	0.0 	2.3 	2.1 	2.1 	2.1 	2.2 	2.2 	2.2 	2.2 		-	WR48	WR78	WR72	WR73	WR71	WR73	WR74	-	WR74	WR73	WR86	WR77	WR80	WR86	WR86	WR86		WR86	2.2 	0.0 	0.0 	0.0 	0.0 	1.7 	16.0 	0.1 	86 	0.102 	1.000 	0.140 	(1)	0.000 	0.000 	226 	0.078 		26 														WR112	2.0 	0.0 	0.0 	0.0 	0.0 	6.6 	64.1 	0.4 	112 	0.054 	1.000 	0.000 	(1)	0.000 	0.000 	#N/A	0.008 		6.0 																	Pittsburgh Steelers	Atlanta Falcons	0 	0.0 	0 	0.0 	0.0 	0 	0.0 	0.0 	0.0 	0.0 	0.0 	0.0 	-		Pittsburgh Steelers	New England Patriots	0 	0.0 	0 	0.0 	4.0 	35 	0.0 	0.0 	0.0 	0.0 	0.0 	3.5 	WR48		Pittsburgh Steelers	Cincinnati Bengals	0 	0.0 	0 	0.0 	1.0 	14 	0.0 	0.0 	0.0 	0.0 	0.0 	1.4 	WR78		Pittsburgh Steelers	Cleveland Browns	0 	0.0 	0 	0.0 	2.0 	11 	0.0 	0.0 	0.0 	0.0 	0.0 	1.1 	WR72		Pittsburgh Steelers	Indianapolis Colts	0 	0.0 	0 	0.0 	1.7 	16 	0.1 	0.0 	0.0 	0.0 	0.0 	2.2 	WR73		Pittsburgh Steelers	Tampa Bay Buccaneers	0 	0.0 	0 	0.0 	1.6 	16 	0.1 	0.0 	0.0 	0.0 	0.0 	2.1 	WR71		Pittsburgh Steelers	New Orleans Saints	0 	0.0 	0 	0.0 	1.7 	16 	0.1 	0.0 	0.0 	0.0 	0.0 	2.2 	WR73		Pittsburgh Steelers	Cleveland Browns	0 	0.0 	0 	0.0 	1.6 	15 	0.1 	0.0 	0.0 	0.0 	0.0 	2.1 	WR74		Pittsburgh Steelers	BYE	0 	0.0 	0 	0.0 	0.0 	0 	0.0 	0.0 	0.0 	0.0 	0.0 	0.0 	-		Pittsburgh Steelers	Cincinnati Bengals	0 	0.0 	0 	0.0 	1.7 	17 	0.1 	0.0 	0.0 	0.0 	0.0 	2.3 	WR74		Pittsburgh Steelers	Philadelphia Eagles	0 	0.0 	0 	0.0 	1.7 	16 	0.1 	0.0 	0.0 	0.0 	0.0 	2.1 	WR73		Pittsburgh Steelers	Denver Broncos	0 	0.0 	0 	0.0 	1.6 	16 	0.1 	0.0 	0.0 	0.0 	0.0 	2.1 	WR86		Pittsburgh Steelers	Houston Texans	0 	0.0 	0 	0.0 	1.6 	16 	0.1 	0.0 	0.0 	0.0 	0.0 	2.1 	WR77		Pittsburgh Steelers	Jacksonville Jaguars	0 	0.0 	0 	0.0 	1.6 	16 	0.1 	0.0 	0.0 	0.0 	0.0 	2.2 	WR80		Pittsburgh Steelers	Baltimore Ravens	0 	0.0 	0 	0.0 	1.7 	16 	0.1 	0.0 	0.0 	0.0 	0.0 	2.2 	WR86		Pittsburgh Steelers	Carolina Panthers	0 	0.0 	0 	0.0 	1.7 	16 	0.1 	0.0 	0.0 	0.0 	0.0 	2.2 	WR86		Pittsburgh Steelers	Tennessee Titans	0 	0.0 	0 	0.0 	1.6 	16 	0.1 	0.0 	0.0 	0.0 	0.0 	2.2 	WR86		Actual	Actual	Actual	Actual	Forecast	Forecast	Forecast	Forecast	Forecast	Forecast	Forecast	Forecast	Forecast	Forecast	Forecast	Forecast	Forecast		Healthy	Healthy	Healthy	Healthy	Healthy	Healthy	Healthy	Healthy	Healthy	Healthy	Healthy	Healthy	Healthy	Healthy	Healthy	Healthy	Healthy		Week 5 2026	10/9/2026	4:29:22 PM	16		7%	6%	0%	0%	0%	0%		0.1 	0	0	0	0	0	0.070181 
	Kimani Vidal	Los Angeles Chargers	RB	RB69	1.9 	26 	0 	0.0 	0.0 	0.0 	110 	7.8 	0.5 	0.0 	6.0 	0.4 	51 	3.6 	1.2 	0.1 	0.0 	0.2 	0.0 	0.071 	1.000 	0.147 	(1)	0.000 	0.000 	227 	185 	(42)	69 	60 	(9)	0.077 																0.0 	0.0 	2.0 	9.6 	1.0 	1.0 	0.0 	1.1 	1.2 	1.1 	1.4 	1.2 	1.3 	1.3 	1.3 	1.4 	1.2 		-	-	RB45	RB24	RB58	RB60	-	RB59	RB69	RB64	RB57	RB74	RB68	RB71	RB75	RB75	RB75		RB73	1.2 	0.0 	0.0 	6.6 	0.0 	0.3 	2.1 	0.0 	73 	0.056 	1.000 	0.095 	(1)	0.000 	0.000 	241 	0.051 		14 														RB54	5.8 	0.0 	0.0 	39.4 	0.3 	1.5 	12.8 	0.1 	54 	0.104 	1.000 	0.341 	(1)	0.000 	0.000 	#N/A	0.169 		11.6 																	Los Angeles Chargers	Arizona Cardinals	0 	0.0 	0 	0.0 	0.0 	0 	0.0 	0.0 	0.0 	0.0 	0.0 	0.0 	-		Los Angeles Chargers	Las Vegas Raiders	0 	0.0 	0 	0.0 	0.0 	0 	0.0 	0.0 	0.0 	0.0 	0.0 	0.0 	-		Los Angeles Chargers	Buffalo Bills	0 	0.0 	6 	0.0 	1.0 	14 	0.0 	0.0 	0.0 	0.0 	0.0 	2.0 	RB45		Los Angeles Chargers	Seattle Seahawks	0 	0.0 	25 	0.0 	2.0 	11 	1.0 	0.0 	0.0 	0.0 	0.0 	9.6 	RB24		Los Angeles Chargers	Denver Broncos	0 	0.0 	6 	0.0 	0.2 	2 	0.0 	0.0 	0.0 	0.0 	0.0 	1.0 	RB58		Los Angeles Chargers	Kansas City Chiefs	0 	0.0 	5 	0.0 	0.3 	2 	0.0 	0.0 	0.0 	0.0 	0.0 	1.0 	RB60		Los Angeles Chargers	BYE	0 	0.0 	0 	0.0 	0.0 	0 	0.0 	0.0 	0.0 	0.0 	0.0 	0.0 	-		Los Angeles Chargers	Los Angeles Rams	0 	0.0 	6 	0.0 	0.3 	2 	0.0 	0.0 	0.0 	0.0 	0.0 	1.1 	RB59		Los Angeles Chargers	Houston Texans	0 	0.0 	7 	0.0 	0.2 	2 	0.0 	0.0 	0.0 	0.0 	0.0 	1.2 	RB69		Los Angeles Chargers	Baltimore Ravens	0 	0.0 	6 	0.0 	0.3 	2 	0.0 	0.0 	0.0 	0.0 	0.0 	1.1 	RB64		Los Angeles Chargers	New York Jets	0 	0.0 	8 	0.1 	0.2 	2 	0.0 	0.0 	0.0 	0.0 	0.0 	1.4 	RB57		Los Angeles Chargers	New England Patriots	0 	0.0 	7 	0.0 	0.3 	2 	0.0 	0.0 	0.0 	0.0 	0.0 	1.2 	RB74		Los Angeles Chargers	Tampa Bay Buccaneers	0 	0.0 	7 	0.0 	0.3 	2 	0.0 	0.0 	0.0 	0.0 	0.0 	1.3 	RB68		Los Angeles Chargers	Las Vegas Raiders	0 	0.0 	7 	0.1 	0.2 	2 	0.0 	0.0 	0.0 	0.0 	0.0 	1.3 	RB71		Los Angeles Chargers	San Francisco 49ers	0 	0.0 	7 	0.0 	0.3 	2 	0.0 	0.0 	0.0 	0.0 	0.0 	1.3 	RB75		Los Angeles Chargers	Miami Dolphins	0 	0.0 	8 	0.1 	0.2 	2 	0.0 	0.0 	0.0 	0.0 	0.0 	1.4 	RB75		Los Angeles Chargers	Kansas City Chiefs	0 	0.0 	7 	0.0 	0.3 	2 	0.0 	0.0 	0.0 	0.0 	0.0 	1.2 	RB75		Actual	Actual	Actual	Actual	Forecast	Forecast	Forecast	Forecast	Forecast	Forecast	Forecast	Forecast	Forecast	Forecast	Forecast	Forecast	Forecast		Healthy	Healthy	Healthy	Healthy	Healthy	Healthy	Healthy	Healthy	Healthy	Healthy	Healthy	Healthy	Healthy	Healthy	Healthy	Healthy	Healthy		Week 5 2026	10/9/2026	4:29:22 PM	16		1%	1%	5%	5%	0%	0%		(0.1)	0	0	0	0	0	(0.117616)
	Colby Parkinson	Los Angeles Rams	TE	TE42	0.7 	10 	0 	0.0 	0.0 	0.0 	0 	0.0 	0.0 	0.0 	8.9 	0.6 	77 	5.5 	0.5 	0.0 	0.0 	0.0 	0.0 	0.028 	0.560 	0.178 	(1)	0.000 	0.000 	228 	177 	(51)	42 	26 	(16)	0.075 																0.6 	1.5 	0.0 	0.0 	0.7 	0.7 	0.7 	0.7 	0.7 	0.7 	0.0 	0.7 	0.7 	0.7 	0.7 	0.7 	0.7 		TE34	TE28	-	-	TE37	TE37	TE36	TE37	TE40	TE36	-	TE42	TE37	TE40	TE42	TE42	TE42		TE42	0.7 	0.0 	0.0 	0.0 	0.0 	0.5 	4.7 	0.0 	42 	0.033 	0.560 	0.178 	(1)	0.000 	0.000 	228 	0.076 		8 														TE65	1.1 	0.0 	0.0 	0.0 	0.0 	3.0 	28.1 	0.2 	65 	0.019 	0.560 	0.000 	(1)	0.000 	0.000 	#N/A	0.003 		2.1 																	Los Angeles Rams	San Francisco 49ers	0 	0.0 	0 	0.0 	1.0 	6 	0.0 	0.0 	0.0 	0.0 	0.0 	0.6 	TE34		Los Angeles Rams	New York Giants	0 	0.0 	0 	0.0 	2.0 	15 	0.0 	0.0 	0.0 	0.0 	0.0 	1.5 	TE28		Los Angeles Rams	Denver Broncos	0 	0.0 	0 	0.0 	0.0 	0 	0.0 	0.0 	0.0 	0.0 	0.0 	0.0 	-		Los Angeles Rams	Philadelphia Eagles	0 	0.0 	0 	0.0 	0.0 	0 	0.0 	0.0 	0.0 	0.0 	0.0 	0.0 	-		Los Angeles Rams	Buffalo Bills	0 	0.0 	0 	0.0 	0.5 	5 	0.0 	0.0 	0.0 	0.0 	0.0 	0.7 	TE37		Los Angeles Rams	Arizona Cardinals	0 	0.0 	0 	0.0 	0.5 	5 	0.0 	0.0 	0.0 	0.0 	0.0 	0.7 	TE37		Los Angeles Rams	Las Vegas Raiders	0 	0.0 	0 	0.0 	0.5 	5 	0.0 	0.0 	0.0 	0.0 	0.0 	0.7 	TE36		Los Angeles Rams	Los Angeles Chargers	0 	0.0 	0 	0.0 	0.5 	5 	0.0 	0.0 	0.0 	0.0 	0.0 	0.7 	TE37		Los Angeles Rams	Washington Commanders	0 	0.0 	0 	0.0 	0.5 	5 	0.0 	0.0 	0.0 	0.0 	0.0 	0.7 	TE40		Los Angeles Rams	Arizona Cardinals	0 	0.0 	0 	0.0 	0.5 	5 	0.0 	0.0 	0.0 	0.0 	0.0 	0.7 	TE36		Los Angeles Rams	BYE	0 	0.0 	0 	0.0 	0.0 	0 	0.0 	0.0 	0.0 	0.0 	0.0 	0.0 	-		Los Angeles Rams	Green Bay Packers	0 	0.0 	0 	0.0 	0.5 	5 	0.0 	0.0 	0.0 	0.0 	0.0 	0.7 	TE42		Los Angeles Rams	Kansas City Chiefs	0 	0.0 	0 	0.0 	0.5 	5 	0.0 	0.0 	0.0 	0.0 	0.0 	0.7 	TE37		Los Angeles Rams	San Francisco 49ers	0 	0.0 	0 	0.0 	0.5 	5 	0.0 	0.0 	0.0 	0.0 	0.0 	0.7 	TE40		Los Angeles Rams	Dallas Cowboys	0 	0.0 	0 	0.0 	0.5 	5 	0.0 	0.0 	0.0 	0.0 	0.0 	0.7 	TE42		Los Angeles Rams	Seattle Seahawks	0 	0.0 	0 	0.0 	0.5 	5 	0.0 	0.0 	0.0 	0.0 	0.0 	0.7 	TE42		Los Angeles Rams	Tampa Bay Buccaneers	0 	0.0 	0 	0.0 	0.5 	5 	0.0 	0.0 	0.0 	0.0 	0.0 	0.7 	TE42		Actual	Actual	Actual	Actual	Forecast	Forecast	Forecast	Forecast	Forecast	Forecast	Forecast	Forecast	Forecast	Forecast	Forecast	Forecast	Forecast		Healthy	Healthy	Healthy	Injured	Limited / Handicapped	Healthy	Healthy	Healthy	Healthy	Healthy	Healthy	Healthy	Healthy	Healthy	Healthy	Healthy	Healthy		Week 5 2026	10/9/2026	4:29:22 PM	16		2%	2%	0%	0%	0%	0%		0.1 	0	0	1	0	0	
	Tory Horton	Seattle Seahawks	WR	WR87	2.5 	35 	0 	0.0 	0.0 	0.0 	0 	0.0 	0.0 	0.0 	16.2 	1.2 	228 	16.3 	2.0 	0.1 	0.0 	0.0 	0.0 	0.095 	1.000 	0.130 	(1)	0.000 	0.000 	229 	289 	60 	87 	98 	11 	0.073 																0.0 	0.0 	4.8 	6.6 	2.0 	1.9 	2.0 	2.0 	2.1 	1.9 	0.0 	2.0 	2.0 	2.0 	1.9 	2.0 	1.9 		-	-	WR46	WR40	WR74	WR73	WR74	WR76	WR80	WR76	-	WR88	WR79	WR82	WR89	WR87	WR88		WR88	2.0 	0.0 	0.0 	0.0 	0.0 	1.0 	14.5 	0.1 	88 	0.092 	1.000 	0.120 	(1)	0.000 	0.000 	232 	0.068 		24 														WR88	5.7 	0.0 	0.0 	0.0 	0.0 	6.1 	87.2 	0.5 	88 	0.102 	1.000 	0.120 	(1)	0.000 	0.000 	#N/A	0.069 		11.4 																	Seattle Seahawks	New England Patriots	0 	0.0 	0 	0.0 	0.0 	0 	0.0 	0.0 	0.0 	0.0 	0.0 	0.0 	-		Seattle Seahawks	Arizona Cardinals	0 	0.0 	0 	0.0 	0.0 	0 	0.0 	0.0 	0.0 	0.0 	0.0 	0.0 	-		Seattle Seahawks	Washington Commanders	0 	0.0 	0 	0.0 	3.0 	48 	0.0 	0.0 	0.0 	0.0 	0.0 	4.8 	WR46		Seattle Seahawks	Los Angeles Chargers	0 	0.0 	0 	0.0 	1.0 	6 	1.0 	0.0 	0.0 	0.0 	0.0 	6.6 	WR40		Seattle Seahawks	San Francisco 49ers	0 	0.0 	0 	0.0 	1.0 	15 	0.1 	0.0 	0.0 	0.0 	0.0 	2.0 	WR74		Seattle Seahawks	Denver Broncos	0 	0.0 	0 	0.0 	1.0 	14 	0.1 	0.0 	0.0 	0.0 	0.0 	1.9 	WR73		Seattle Seahawks	Kansas City Chiefs	0 	0.0 	0 	0.0 	1.0 	15 	0.1 	0.0 	0.0 	0.0 	0.0 	2.0 	WR74		Seattle Seahawks	Chicago Bears	0 	0.0 	0 	0.0 	1.0 	15 	0.1 	0.0 	0.0 	0.0 	0.0 	2.0 	WR76		Seattle Seahawks	Arizona Cardinals	0 	0.0 	0 	0.0 	1.0 	15 	0.1 	0.0 	0.0 	0.0 	0.0 	2.1 	WR80		Seattle Seahawks	Las Vegas Raiders	0 	0.0 	0 	0.0 	1.0 	14 	0.1 	0.0 	0.0 	0.0 	0.0 	1.9 	WR76		Seattle Seahawks	BYE	0 	0.0 	0 	0.0 	0.0 	0 	0.0 	0.0 	0.0 	0.0 	0.0 	0.0 	-		Seattle Seahawks	San Francisco 49ers	0 	0.0 	0 	0.0 	1.0 	15 	0.1 	0.0 	0.0 	0.0 	0.0 	2.0 	WR88		Seattle Seahawks	Dallas Cowboys	0 	0.0 	0 	0.0 	1.0 	15 	0.1 	0.0 	0.0 	0.0 	0.0 	2.0 	WR79		Seattle Seahawks	New York Giants	0 	0.0 	0 	0.0 	1.0 	15 	0.1 	0.0 	0.0 	0.0 	0.0 	2.0 	WR82		Seattle Seahawks	Philadelphia Eagles	0 	0.0 	0 	0.0 	1.0 	14 	0.1 	0.0 	0.0 	0.0 	0.0 	1.9 	WR89		Seattle Seahawks	Los Angeles Rams	0 	0.0 	0 	0.0 	1.0 	15 	0.1 	0.0 	0.0 	0.0 	0.0 	2.0 	WR87		Seattle Seahawks	Carolina Panthers	0 	0.0 	0 	0.0 	1.0 	14 	0.1 	0.0 	0.0 	0.0 	0.0 	1.9 	WR88		Actual	Actual	Actual	Actual	Forecast	Forecast	Forecast	Forecast	Forecast	Forecast	Forecast	Forecast	Forecast	Forecast	Forecast	Forecast	Forecast		Injured	Healthy	Healthy	Healthy	Healthy	Healthy	Healthy	Healthy	Healthy	Healthy	Healthy	Healthy	Healthy	Healthy	Healthy	Healthy	Healthy		Week 5 2026	10/9/2026	4:29:22 PM	16		6%	5%	0%	0%	0%	0%		(0.0)	0	0	0	0	0	(0.001536)
	Tyrone Tracy Jr.	New York Giants	RB	RB70	1.7 	26 	0 	0.0 	0.0 	0.0 	200 	13.3 	1.1 	0.1 	3.1 	0.2 	25 	1.7 	0.0 	0.0 	0.0 	1.5 	0.0 	0.071 	1.000 	0.134 	(1)	0.000 	0.000 	230 	129 	(101)	70 	47 	(23)	0.071 																(0.6)	0.0 	0.3 	(0.1)	2.0 	2.3 	2.0 	0.0 	2.0 	2.5 	2.3 	2.3 	2.3 	1.9 	2.5 	2.2 	2.2 		RB80	-	RB61	RB79	RB54	RB55	RB54	-	RB63	RB55	RB51	RB64	RB61	RB66	RB65	RB66	RB65		RB67	2.2 	0.0 	0.0 	15.4 	0.1 	0.3 	2.1 	0.0 	67 	0.103 	1.000 	0.173 	(1)	0.000 	0.000 	219 	0.093 		26 														-	(0.4)	0.0 	0.0 	184.2 	1.1 	3.1 	24.9 	0.0 	#N/A	(0.004)	1.000 	#N/A	(1)	0.000 	0.000 	#N/A	#N/A		(0.4)																	New York Giants	Dallas Cowboys	0 	0.0 	14 	0.0 	0.0 	0 	0.0 	0.0 	1.0 	0.0 	0.0 	(0.6)	RB80		New York Giants	Los Angeles Rams	0 	0.0 	0 	0.0 	0.0 	0 	0.0 	0.0 	0.0 	0.0 	0.0 	0.0 	-		New York Giants	Tennessee Titans	0 	0.0 	3 	0.0 	0.0 	0 	0.0 	0.0 	0.0 	0.0 	0.0 	0.3 	RB61		New York Giants	Arizona Cardinals	0 	0.0 	(1)	0.0 	0.0 	0 	0.0 	0.0 	0.0 	0.0 	0.0 	(0.1)	RB79		New York Giants	Washington Commanders	0 	0.0 	14 	0.1 	0.2 	2 	0.0 	0.0 	0.0 	0.0 	0.0 	2.0 	RB54		New York Giants	New Orleans Saints	0 	0.0 	16 	0.1 	0.3 	2 	0.0 	0.0 	0.0 	0.0 	0.0 	2.3 	RB55		New York Giants	Houston Texans	0 	0.0 	14 	0.1 	0.3 	2 	0.0 	0.0 	0.0 	0.0 	0.0 	2.0 	RB54		New York Giants	BYE	0 	0.0 	0 	0.0 	0.0 	0 	0.0 	0.0 	0.0 	0.0 	0.0 	0.0 	-		New York Giants	Philadelphia Eagles	0 	0.0 	14 	0.1 	0.3 	2 	0.0 	0.0 	0.0 	0.0 	0.0 	2.0 	RB63		New York Giants	Washington Commanders	0 	0.0 	17 	0.1 	0.3 	2 	0.0 	0.0 	0.0 	0.0 	0.0 	2.5 	RB55		New York Giants	Jacksonville Jaguars	0 	0.0 	16 	0.1 	0.3 	2 	0.0 	0.0 	0.0 	0.0 	0.0 	2.3 	RB51		New York Giants	Indianapolis Colts	0 	0.0 	16 	0.1 	0.3 	2 	0.0 	0.0 	0.0 	0.0 	0.0 	2.3 	RB64		New York Giants	San Francisco 49ers	0 	0.0 	16 	0.1 	0.3 	2 	0.0 	0.0 	0.0 	0.0 	0.0 	2.3 	RB61		New York Giants	Seattle Seahawks	0 	0.0 	13 	0.1 	0.3 	2 	0.0 	0.0 	0.0 	0.0 	0.0 	1.9 	RB66		New York Giants	Cleveland Browns	0 	0.0 	17 	0.1 	0.2 	2 	0.0 	0.0 	0.0 	0.0 	0.0 	2.5 	RB65		New York Giants	Detroit Lions	0 	0.0 	15 	0.1 	0.3 	2 	0.0 	0.0 	0.0 	0.0 	0.0 	2.2 	RB66		New York Giants	Dallas Cowboys	0 	0.0 	15 	0.1 	0.3 	2 	0.0 	0.0 	0.0 	0.0 	0.0 	2.2 	RB65		Actual	Actual	Actual	Actual	Forecast	Forecast	Forecast	Forecast	Forecast	Forecast	Forecast	Forecast	Forecast	Forecast	Forecast	Forecast	Forecast		Healthy	Healthy	Healthy	Healthy	Healthy	Healthy	Healthy	Healthy	Healthy	Healthy	Healthy	Healthy	Healthy	Healthy	Healthy	Healthy	Healthy		Week 5 2026	10/9/2026	4:29:22 PM	16		1%	0%	12%	10%	0%	0%		0.1 	0	0	0	0	0	0.093397 
	Mason Taylor	New York Jets	TE	TE43	0.3 	3 	0 	0.0 	0.0 	0.0 	0 	0.0 	0.0 	0.0 	5.1 	0.4 	24 	1.9 	0.2 	0.0 	0.0 	0.0 	0.0 	0.009 	0.560 	0.167 	(2)	0.000 	0.000 	232 	220 	(12)	43 	30 	(13)	0.068 																(0.2)	0.0 	0.0 	0.0 	0.3 	0.3 	0.3 	0.3 	0.3 	0.3 	0.3 	0.3 	0.0 	0.3 	0.3 	0.3 	0.3 		TE44	-	-	-	TE38	TE38	TE37	TE38	TE41	TE37	TE34	TE43	-	TE41	TE43	TE43	TE43		TE43	0.3 	0.0 	0.0 	0.0 	0.0 	0.3 	2.2 	0.0 	43 	0.014 	0.560 	0.167 	(2)	0.000 	0.000 	231 	0.069 		4 														-	0.0 	0.0 	0.0 	0.0 	0.0 	0.0 	0.0 	0.0 	#N/A	(0.002)	0.560 	#N/A	(2)	0.000 	0.000 	#N/A	#N/A		(0.2)																	New York Jets	Tennessee Titans	0 	0.0 	0 	0.0 	2.0 	(2)	0.0 	0.0 	0.0 	0.0 	0.0 	(0.2)	TE44		New York Jets	Green Bay Packers	0 	0.0 	0 	0.0 	0.0 	0 	0.0 	0.0 	0.0 	0.0 	0.0 	0.0 	-		New York Jets	Detroit Lions	0 	0.0 	0 	0.0 	0.0 	0 	0.0 	0.0 	0.0 	0.0 	0.0 	0.0 	-		New York Jets	Chicago Bears	0 	0.0 	0 	0.0 	0.0 	0 	0.0 	0.0 	0.0 	0.0 	0.0 	0.0 	-		New York Jets	Cleveland Browns	0 	0.0 	0 	0.0 	0.3 	2 	0.0 	0.0 	0.0 	0.0 	0.0 	0.3 	TE38		New York Jets	New England Patriots	0 	0.0 	0 	0.0 	0.3 	2 	0.0 	0.0 	0.0 	0.0 	0.0 	0.3 	TE38		New York Jets	Miami Dolphins	0 	0.0 	0 	0.0 	0.3 	2 	0.0 	0.0 	0.0 	0.0 	0.0 	0.3 	TE37		New York Jets	Las Vegas Raiders	0 	0.0 	0 	0.0 	0.3 	2 	0.0 	0.0 	0.0 	0.0 	0.0 	0.3 	TE38		New York Jets	Kansas City Chiefs	0 	0.0 	0 	0.0 	0.3 	2 	0.0 	0.0 	0.0 	0.0 	0.0 	0.3 	TE41		New York Jets	Buffalo Bills	0 	0.0 	0 	0.0 	0.3 	2 	0.0 	0.0 	0.0 	0.0 	0.0 	0.3 	TE37		New York Jets	Los Angeles Chargers	0 	0.0 	0 	0.0 	0.3 	2 	0.0 	0.0 	0.0 	0.0 	0.0 	0.3 	TE34		New York Jets	Miami Dolphins	0 	0.0 	0 	0.0 	0.3 	2 	0.0 	0.0 	0.0 	0.0 	0.0 	0.3 	TE43		New York Jets	BYE	0 	0.0 	0 	0.0 	0.0 	0 	0.0 	0.0 	0.0 	0.0 	0.0 	0.0 	-		New York Jets	Denver Broncos	0 	0.0 	0 	0.0 	0.3 	2 	0.0 	0.0 	0.0 	0.0 	0.0 	0.3 	TE41		New York Jets	Arizona Cardinals	0 	0.0 	0 	0.0 	0.3 	2 	0.0 	0.0 	0.0 	0.0 	0.0 	0.3 	TE43		New York Jets	New England Patriots	0 	0.0 	0 	0.0 	0.3 	2 	0.0 	0.0 	0.0 	0.0 	0.0 	0.3 	TE43		New York Jets	Minnesota Vikings	0 	0.0 	0 	0.0 	0.3 	2 	0.0 	0.0 	0.0 	0.0 	0.0 	0.3 	TE43		Actual	Actual	Actual	Actual	Forecast	Forecast	Forecast	Forecast	Forecast	Forecast	Forecast	Forecast	Forecast	Forecast	Forecast	Forecast	Forecast		Healthy	Healthy	Injured	Injured	Healthy	Healthy	Healthy	Healthy	Healthy	Healthy	Healthy	Healthy	Healthy	Healthy	Healthy	Healthy	Healthy		Week 5 2026	10/9/2026	4:29:22 PM	16		1%	1%	0%	0%	0%	0%		0.1 	0	1	1	0	0	
	Jahan Dotson	Atlanta Falcons	WR	WR86	2.3 	37 	0 	0.0 	0.0 	0.0 	0 	0.0 	0.0 	0.0 	21.1 	1.3 	261 	16.3 	1.9 	0.1 	0.0 	0.0 	0.0 	0.102 	1.000 	0.140 	(1)	0.000 	0.000 	226 	318 	92 	86 	105 	19 	0.078 																1.9 	1.1 	1.1 	11.4 	1.8 	1.9 	1.9 	1.8 	1.9 	1.8 	0.0 	1.8 	1.9 	1.7 	1.9 	1.8 	1.8 		WR77	WR76	WR80	WR16	WR76	WR74	WR77	WR78	WR82	WR77	-	WR90	WR81	WR86	WR90	WR90	WR90		WR90	1.8 	0.0 	0.0 	0.0 	0.0 	1.3 	13.8 	0.1 	90 	0.086 	1.000 	0.100 	(1)	0.000 	0.000 	238 	0.058 		22 														WR76	3.9 	0.0 	0.0 	0.0 	0.0 	3.8 	41.5 	0.2 	76 	0.139 	1.000 	0.240 	(0)	0.000 	0.000 	#N/A	0.129 		15.5 																	Atlanta Falcons	Pittsburgh Steelers	0 	0.0 	0 	0.0 	1.0 	19 	0.0 	0.0 	0.0 	0.0 	0.0 	1.9 	WR77		Atlanta Falcons	Carolina Panthers	0 	0.0 	0 	0.0 	2.0 	11 	0.0 	0.0 	0.0 	0.0 	0.0 	1.1 	WR76		Atlanta Falcons	Green Bay Packers	0 	0.0 	0 	0.0 	1.0 	11 	0.0 	0.0 	0.0 	0.0 	0.0 	1.1 	WR80		Atlanta Falcons	New Orleans Saints	0 	0.0 	0 	0.0 	2.0 	54 	1.0 	0.0 	0.0 	0.0 	0.0 	11.4 	WR16		Atlanta Falcons	Baltimore Ravens	0 	0.0 	0 	0.0 	1.2 	14 	0.1 	0.0 	0.0 	0.0 	0.0 	1.8 	WR76		Atlanta Falcons	Chicago Bears	0 	0.0 	0 	0.0 	1.3 	14 	0.1 	0.0 	0.0 	0.0 	0.0 	1.9 	WR74		Atlanta Falcons	San Francisco 49ers	0 	0.0 	0 	0.0 	1.3 	14 	0.1 	0.0 	0.0 	0.0 	0.0 	1.9 	WR77		Atlanta Falcons	Tampa Bay Buccaneers	0 	0.0 	0 	0.0 	1.3 	14 	0.1 	0.0 	0.0 	0.0 	0.0 	1.8 	WR78		Atlanta Falcons	Cincinnati Bengals	0 	0.0 	0 	0.0 	1.3 	14 	0.1 	0.0 	0.0 	0.0 	0.0 	1.9 	WR82		Atlanta Falcons	Kansas City Chiefs	0 	0.0 	0 	0.0 	1.2 	14 	0.1 	0.0 	0.0 	0.0 	0.0 	1.8 	WR77		Atlanta Falcons	BYE	0 	0.0 	0 	0.0 	0.0 	0 	0.0 	0.0 	0.0 	0.0 	0.0 	0.0 	-		Atlanta Falcons	Minnesota Vikings	0 	0.0 	0 	0.0 	1.2 	14 	0.1 	0.0 	0.0 	0.0 	0.0 	1.8 	WR90		Atlanta Falcons	Detroit Lions	0 	0.0 	0 	0.0 	1.3 	14 	0.1 	0.0 	0.0 	0.0 	0.0 	1.9 	WR81		Atlanta Falcons	Cleveland Browns	0 	0.0 	0 	0.0 	1.2 	13 	0.1 	0.0 	0.0 	0.0 	0.0 	1.7 	WR86		Atlanta Falcons	Washington Commanders	0 	0.0 	0 	0.0 	1.3 	14 	0.1 	0.0 	0.0 	0.0 	0.0 	1.9 	WR90		Atlanta Falcons	Tampa Bay Buccaneers	0 	0.0 	0 	0.0 	1.2 	14 	0.1 	0.0 	0.0 	0.0 	0.0 	1.8 	WR90		Atlanta Falcons	New Orleans Saints	0 	0.0 	0 	0.0 	1.2 	14 	0.1 	0.0 	0.0 	0.0 	0.0 	1.8 	WR90		Actual	Actual	Actual	Actual	Forecast	Forecast	Forecast	Forecast	Forecast	Forecast	Forecast	Forecast	Forecast	Forecast	Forecast	Forecast	Forecast		Healthy	Healthy	Healthy	Healthy	Healthy	Healthy	Healthy	Healthy	Healthy	Healthy	Healthy	Healthy	Healthy	Healthy	Healthy	Healthy	Healthy		Week 5 2026	10/9/2026	4:29:22 PM	16		7%	6%	0%	0%	0%	0%		(0.1)	0	0	0	0	0	(0.070994)
	Sean Tucker	Tampa Bay Buccaneers	RB	RB71	1.9 	24 	0 	0.0 	0.0 	0.0 	79 	6.1 	2.8 	0.2 	0.0 	0.0 	0 	0.0 	0.0 	0.0 	0.0 	0.2 	0.0 	0.067 	1.000 	0.121 	(1)	0.000 	0.000 	234 	200 	(34)	71 	64 	(7)	0.065 																0.0 	0.0 	0.0 	7.0 	1.1 	1.2 	1.6 	1.8 	1.4 	0.0 	1.4 	1.6 	1.4 	1.3 	1.6 	1.6 	1.4 		-	-	-	RB31	RB57	RB58	RB57	RB56	RB68	-	RB56	RB72	RB67	RB72	RB73	RB72	RB74		RB70	1.5 	0.0 	0.0 	5.8 	0.2 	0.0 	0.0 	0.0 	70 	0.068 	1.000 	0.134 	(1)	0.000 	0.000 	230 	0.071 		17 														RB70	7.0 	0.0 	0.0 	69.1 	1.8 	0.0 	0.0 	0.0 	70 	0.063 	1.000 	0.134 	(1)	0.000 	0.000 	#N/A	0.070 		7.0 																	Tampa Bay Buccaneers	Cincinnati Bengals	0 	0.0 	0 	0.0 	0.0 	0 	0.0 	0.0 	0.0 	0.0 	0.0 	0.0 	-		Tampa Bay Buccaneers	Cleveland Browns	0 	0.0 	0 	0.0 	0.0 	0 	0.0 	0.0 	0.0 	0.0 	0.0 	0.0 	-		Tampa Bay Buccaneers	Minnesota Vikings	0 	0.0 	0 	0.0 	0.0 	0 	0.0 	0.0 	0.0 	0.0 	0.0 	0.0 	-		Tampa Bay Buccaneers	Green Bay Packers	0 	0.0 	10 	1.0 	0.0 	0 	0.0 	0.0 	0.0 	0.0 	0.0 	7.0 	RB31		Tampa Bay Buccaneers	Dallas Cowboys	0 	0.0 	5 	0.1 	0.0 	0 	0.0 	0.0 	0.0 	0.0 	0.0 	1.1 	RB57		Tampa Bay Buccaneers	Pittsburgh Steelers	0 	0.0 	5 	0.1 	0.0 	0 	0.0 	0.0 	0.0 	0.0 	0.0 	1.2 	RB58		Tampa Bay Buccaneers	Carolina Panthers	0 	0.0 	6 	0.2 	0.0 	0 	0.0 	0.0 	0.0 	0.0 	0.0 	1.6 	RB57		Tampa Bay Buccaneers	Atlanta Falcons	0 	0.0 	7 	0.2 	0.0 	0 	0.0 	0.0 	0.0 	0.0 	0.0 	1.8 	RB56		Tampa Bay Buccaneers	Chicago Bears	0 	0.0 	6 	0.1 	0.0 	0 	0.0 	0.0 	0.0 	0.0 	0.0 	1.4 	RB68		Tampa Bay Buccaneers	BYE	0 	0.0 	0 	0.0 	0.0 	0 	0.0 	0.0 	0.0 	0.0 	0.0 	0.0 	-		Tampa Bay Buccaneers	Detroit Lions	0 	0.0 	6 	0.1 	0.0 	0 	0.0 	0.0 	0.0 	0.0 	0.0 	1.4 	RB56		Tampa Bay Buccaneers	Carolina Panthers	0 	0.0 	6 	0.2 	0.0 	0 	0.0 	0.0 	0.0 	0.0 	0.0 	1.6 	RB72		Tampa Bay Buccaneers	Los Angeles Chargers	0 	0.0 	6 	0.2 	0.0 	0 	0.0 	0.0 	0.0 	0.0 	0.0 	1.4 	RB67		Tampa Bay Buccaneers	Baltimore Ravens	0 	0.0 	5 	0.1 	0.0 	0 	0.0 	0.0 	0.0 	0.0 	0.0 	1.3 	RB72		Tampa Bay Buccaneers	New Orleans Saints	0 	0.0 	6 	0.2 	0.0 	0 	0.0 	0.0 	0.0 	0.0 	0.0 	1.6 	RB73		Tampa Bay Buccaneers	Atlanta Falcons	0 	0.0 	6 	0.2 	0.0 	0 	0.0 	0.0 	0.0 	0.0 	0.0 	1.6 	RB72		Tampa Bay Buccaneers	Los Angeles Rams	0 	0.0 	5 	0.1 	0.0 	0 	0.0 	0.0 	0.0 	0.0 	0.0 	1.4 	RB74		Actual	Actual	Actual	Actual	Forecast	Forecast	Forecast	Forecast	Forecast	Forecast	Forecast	Forecast	Forecast	Forecast	Forecast	Forecast	Forecast		Injured	Healthy	Healthy	Healthy	Healthy	Healthy	Healthy	Healthy	Healthy	Healthy	Healthy	Healthy	Healthy	Healthy	Healthy	Healthy	Healthy		Week 5 2026	10/9/2026	4:29:22 PM	16		0%	0%	5%	19%	0%	0%		0.0 	0	0	0	0	0	0.000812 
	Eli Stowers	Philadelphia Eagles	TE	TE44	0.2 	2 	0 	0.0 	0.0 	0.0 	0 	0.0 	0.0 	0.0 	2.6 	0.2 	23 	2.1 	0.0 	0.0 	0.0 	0.0 	0.0 	0.006 	0.560 	0.157 	(2)	0.000 	0.000 	235 	222 	(13)	44 	31 	(13)	0.064 																0.0 	0.0 	0.0 	0.0 	0.0 	0.2 	0.2 	0.2 	0.2 	0.0 	0.2 	0.2 	0.2 	0.2 	0.2 	0.2 	0.2 		-	-	-	-	-	TE39	TE38	TE39	TE42	-	TE35	TE44	TE38	TE42	TE44	TE44	TE44		TE44	0.2 	0.0 	0.0 	0.0 	0.0 	0.2 	2.1 	0.0 	44 	0.009 	0.560 	0.157 	(2)	0.000 	0.000 	235 	0.064 		2 															0.0 	0.0 	0.0 	0.0 	0.0 	0.0 	0.0 	0.0 	#N/A	0.000 	0.560 	#N/A	(1)	0.000 	0.000 	#N/A	#N/A		0.0 																	Philadelphia Eagles	Washington Commanders	0 	0.0 	0 	0.0 	0.0 	0 	0.0 	0.0 	0.0 	0.0 	0.0 	0.0 	-		Philadelphia Eagles	Tennessee Titans	0 	0.0 	0 	0.0 	0.0 	0 	0.0 	0.0 	0.0 	0.0 	0.0 	0.0 	-		Philadelphia Eagles	Chicago Bears	0 	0.0 	0 	0.0 	0.0 	0 	0.0 	0.0 	0.0 	0.0 	0.0 	0.0 	-		Philadelphia Eagles	Los Angeles Rams	0 	0.0 	0 	0.0 	0.0 	0 	0.0 	0.0 	0.0 	0.0 	0.0 	0.0 	-		Philadelphia Eagles	Jacksonville Jaguars	0 	0.0 	0 	0.0 	0.0 	0 	0.0 	0.0 	0.0 	0.0 	0.0 	0.0 	-		Philadelphia Eagles	Carolina Panthers	0 	0.0 	0 	0.0 	0.2 	2 	0.0 	0.0 	0.0 	0.0 	0.0 	0.2 	TE39		Philadelphia Eagles	Dallas Cowboys	0 	0.0 	0 	0.0 	0.2 	2 	0.0 	0.0 	0.0 	0.0 	0.0 	0.2 	TE38		Philadelphia Eagles	Washington Commanders	0 	0.0 	0 	0.0 	0.2 	2 	0.0 	0.0 	0.0 	0.0 	0.0 	0.2 	TE39		Philadelphia Eagles	New York Giants	0 	0.0 	0 	0.0 	0.2 	2 	0.0 	0.0 	0.0 	0.0 	0.0 	0.2 	TE42		Philadelphia Eagles	BYE	0 	0.0 	0 	0.0 	0.0 	0 	0.0 	0.0 	0.0 	0.0 	0.0 	0.0 	-		Philadelphia Eagles	Pittsburgh Steelers	0 	0.0 	0 	0.0 	0.2 	2 	0.0 	0.0 	0.0 	0.0 	0.0 	0.2 	TE35		Philadelphia Eagles	Dallas Cowboys	0 	0.0 	0 	0.0 	0.2 	2 	0.0 	0.0 	0.0 	0.0 	0.0 	0.2 	TE44		Philadelphia Eagles	Arizona Cardinals	0 	0.0 	0 	0.0 	0.2 	2 	0.0 	0.0 	0.0 	0.0 	0.0 	0.2 	TE38		Philadelphia Eagles	Indianapolis Colts	0 	0.0 	0 	0.0 	0.2 	2 	0.0 	0.0 	0.0 	0.0 	0.0 	0.2 	TE42		Philadelphia Eagles	Seattle Seahawks	0 	0.0 	0 	0.0 	0.2 	2 	0.0 	0.0 	0.0 	0.0 	0.0 	0.2 	TE44		Philadelphia Eagles	Houston Texans	0 	0.0 	0 	0.0 	0.2 	2 	0.0 	0.0 	0.0 	0.0 	0.0 	0.2 	TE44		Philadelphia Eagles	San Francisco 49ers	0 	0.0 	0 	0.0 	0.2 	2 	0.0 	0.0 	0.0 	0.0 	0.0 	0.2 	TE44		Actual	Actual	Actual	Actual	Forecast	Forecast	Forecast	Forecast	Forecast	Forecast	Forecast	Forecast	Forecast	Forecast	Forecast	Forecast	Forecast		Injured	Injured	Injured	Injured	Injured	Healthy	Healthy	Healthy	Healthy	Healthy	Healthy	Healthy	Healthy	Healthy	Healthy	Healthy	Healthy		Week 5 2026	10/9/2026	4:29:22 PM	16		1%	0%	0%	0%	0%	0%		0.1 	1	1	1	1	0	
	Calvin Ridley	Tennessee Titans	WR	WR89	2.1 	29 	0 	0.0 	0.0 	0.0 	0 	0.0 	0.0 	0.0 	14.3 	1.0 	238 	17.0 	0.9 	0.1 	0.0 	0.0 	0.0 	0.078 	1.000 	0.110 	(1)	0.000 	0.000 	236 	184 	(52)	89 	62 	(27)	0.061 																0.0 	3.5 	0.0 	1.3 	1.8 	2.0 	2.0 	2.1 	0.0 	2.0 	2.1 	2.0 	2.0 	2.1 	2.1 	2.0 	2.0 		-	WR48	-	WR69	WR77	WR72	WR76	WR75	-	WR75	WR74	WR87	WR78	WR81	WR87	WR88	WR87		WR87	2.0 	0.0 	0.0 	0.0 	0.0 	0.9 	15.8 	0.1 	87 	0.094 	1.000 	0.130 	(1)	0.000 	0.000 	229 	0.073 		24 														WR119	2.4 	0.0 	0.0 	0.0 	0.0 	5.7 	94.9 	0.4 	119 	0.043 	1.000 	0.000 	(1)	0.000 	0.000 	#N/A	0.006 		4.8 																	Tennessee Titans	New York Jets	0 	0.0 	0 	0.0 	0.0 	0 	0.0 	0.0 	0.0 	0.0 	0.0 	0.0 	-		Tennessee Titans	Philadelphia Eagles	0 	0.0 	0 	0.0 	2.0 	35 	0.0 	0.0 	0.0 	0.0 	0.0 	3.5 	WR48		Tennessee Titans	New York Giants	0 	0.0 	0 	0.0 	0.0 	0 	0.0 	0.0 	0.0 	0.0 	0.0 	0.0 	-		Tennessee Titans	Baltimore Ravens	0 	0.0 	0 	0.0 	1.0 	13 	0.0 	0.0 	0.0 	0.0 	0.0 	1.3 	WR69		Tennessee Titans	Houston Texans	0 	0.0 	0 	0.0 	0.9 	15 	0.1 	0.0 	0.0 	0.0 	0.0 	1.8 	WR77		Tennessee Titans	Indianapolis Colts	0 	0.0 	0 	0.0 	0.9 	16 	0.1 	0.0 	0.0 	0.0 	0.0 	2.0 	WR72		Tennessee Titans	Cleveland Browns	0 	0.0 	0 	0.0 	0.9 	15 	0.1 	0.0 	0.0 	0.0 	0.0 	2.0 	WR76		Tennessee Titans	Cincinnati Bengals	0 	0.0 	0 	0.0 	1.0 	16 	0.1 	0.0 	0.0 	0.0 	0.0 	2.1 	WR75		Tennessee Titans	BYE	0 	0.0 	0 	0.0 	0.0 	0 	0.0 	0.0 	0.0 	0.0 	0.0 	0.0 	-		Tennessee Titans	Jacksonville Jaguars	0 	0.0 	0 	0.0 	0.9 	16 	0.1 	0.0 	0.0 	0.0 	0.0 	2.0 	WR75		Tennessee Titans	Dallas Cowboys	0 	0.0 	0 	0.0 	1.0 	16 	0.1 	0.0 	0.0 	0.0 	0.0 	2.1 	WR74		Tennessee Titans	Jacksonville Jaguars	0 	0.0 	0 	0.0 	1.0 	16 	0.1 	0.0 	0.0 	0.0 	0.0 	2.0 	WR87		Tennessee Titans	Washington Commanders	0 	0.0 	0 	0.0 	1.0 	16 	0.1 	0.0 	0.0 	0.0 	0.0 	2.0 	WR78		Tennessee Titans	Detroit Lions	0 	0.0 	0 	0.0 	1.0 	16 	0.1 	0.0 	0.0 	0.0 	0.0 	2.1 	WR81		Tennessee Titans	Indianapolis Colts	0 	0.0 	0 	0.0 	1.0 	16 	0.1 	0.0 	0.0 	0.0 	0.0 	2.1 	WR87		Tennessee Titans	Las Vegas Raiders	0 	0.0 	0 	0.0 	0.9 	15 	0.1 	0.0 	0.0 	0.0 	0.0 	2.0 	WR88		Tennessee Titans	Pittsburgh Steelers	0 	0.0 	0 	0.0 	0.9 	15 	0.1 	0.0 	0.0 	0.0 	0.0 	2.0 	WR87		Actual	Actual	Actual	Actual	Forecast	Forecast	Forecast	Forecast	Forecast	Forecast	Forecast	Forecast	Forecast	Forecast	Forecast	Forecast	Forecast		Healthy	Healthy	Healthy	Healthy	Healthy	Healthy	Healthy	Healthy	Healthy	Healthy	Healthy	Healthy	Healthy	Healthy	Healthy	Healthy	Healthy		Week 5 2026	10/9/2026	4:29:22 PM	16		7%	5%	0%	0%	0%	0%		0.1 	0	0	0	0	0	0.066086 
	Troy Franklin	Denver Broncos	WR	WR90	1.9 	28 	0 	0.0 	0.0 	0.0 	19 	1.3 	0.0 	0.0 	15.1 	1.0 	210 	14.0 	0.9 	0.1 	0.0 	0.0 	0.0 	0.077 	1.000 	0.100 	(1)	0.000 	0.000 	239 	257 	18 	90 	84 	(6)	0.056 																0.5 	2.7 	2.1 	0.0 	1.9 	1.9 	2.0 	1.9 	1.9 	0.0 	1.9 	1.8 	2.0 	1.9 	1.9 	2.0 	1.8 		WR87	WR58	WR67	-	WR75	WR75	WR75	WR77	WR81	-	WR75	WR89	WR80	WR83	WR88	WR89	WR89		WR89	1.9 	0.0 	0.0 	1.2 	0.0 	1.1 	13.5 	0.1 	89 	0.089 	1.000 	0.110 	(1)	0.000 	0.000 	236 	0.063 		23 														WR116	1.8 	0.0 	0.0 	4.7 	0.0 	4.4 	54.0 	0.3 	116 	0.048 	1.000 	0.000 	(1)	0.000 	0.000 	#N/A	0.007 		5.3 																	Denver Broncos	Kansas City Chiefs	0 	0.0 	5 	0.0 	0.0 	0 	0.0 	0.0 	0.0 	0.0 	0.0 	0.5 	WR87		Denver Broncos	Jacksonville Jaguars	0 	0.0 	0 	0.0 	1.0 	27 	0.0 	0.0 	0.0 	0.0 	0.0 	2.7 	WR58		Denver Broncos	Los Angeles Rams	0 	0.0 	0 	0.0 	1.0 	21 	0.0 	0.0 	0.0 	0.0 	0.0 	2.1 	WR67		Denver Broncos	San Francisco 49ers	0 	0.0 	0 	0.0 	0.0 	0 	0.0 	0.0 	0.0 	0.0 	0.0 	0.0 	-		Denver Broncos	Los Angeles Chargers	0 	0.0 	1 	0.0 	1.1 	14 	0.1 	0.0 	0.0 	0.0 	0.0 	1.9 	WR75		Denver Broncos	Seattle Seahawks	0 	0.0 	1 	0.0 	1.1 	13 	0.1 	0.0 	0.0 	0.0 	0.0 	1.9 	WR75		Denver Broncos	Arizona Cardinals	0 	0.0 	1 	0.0 	1.1 	14 	0.1 	0.0 	0.0 	0.0 	0.0 	2.0 	WR75		Denver Broncos	Kansas City Chiefs	0 	0.0 	1 	0.0 	1.1 	14 	0.1 	0.0 	0.0 	0.0 	0.0 	1.9 	WR77		Denver Broncos	Carolina Panthers	0 	0.0 	1 	0.0 	1.1 	14 	0.1 	0.0 	0.0 	0.0 	0.0 	1.9 	WR81		Denver Broncos	BYE	0 	0.0 	0 	0.0 	0.0 	0 	0.0 	0.0 	0.0 	0.0 	0.0 	0.0 	-		Denver Broncos	Las Vegas Raiders	0 	0.0 	1 	0.0 	1.1 	13 	0.1 	0.0 	0.0 	0.0 	0.0 	1.9 	WR75		Denver Broncos	Pittsburgh Steelers	0 	0.0 	1 	0.0 	1.1 	13 	0.1 	0.0 	0.0 	0.0 	0.0 	1.8 	WR89		Denver Broncos	Miami Dolphins	0 	0.0 	1 	0.0 	1.1 	13 	0.1 	0.0 	0.0 	0.0 	0.0 	2.0 	WR80		Denver Broncos	New York Jets	0 	0.0 	1 	0.0 	1.1 	13 	0.1 	0.0 	0.0 	0.0 	0.0 	1.9 	WR83		Denver Broncos	Las Vegas Raiders	0 	0.0 	1 	0.0 	1.1 	13 	0.1 	0.0 	0.0 	0.0 	0.0 	1.9 	WR88		Denver Broncos	Buffalo Bills	0 	0.0 	1 	0.0 	1.1 	14 	0.1 	0.0 	0.0 	0.0 	0.0 	2.0 	WR89		Denver Broncos	New England Patriots	0 	0.0 	1 	0.0 	1.1 	13 	0.1 	0.0 	0.0 	0.0 	0.0 	1.8 	WR89		Actual	Actual	Actual	Actual	Forecast	Forecast	Forecast	Forecast	Forecast	Forecast	Forecast	Forecast	Forecast	Forecast	Forecast	Forecast	Forecast		Healthy	Healthy	Healthy	Healthy	Healthy	Healthy	Healthy	Healthy	Healthy	Healthy	Healthy	Healthy	Healthy	Healthy	Healthy	Healthy	Healthy		Week 5 2026	10/9/2026	4:29:22 PM	16		6%	5%	1%	0%	0%	0%		0.1 	0	0	0	0	0	0.055736 
	Jake Tonges	San Francisco 49ers	TE	TE45	0.0 	0 	0 	0.0 	0.0 	0.0 	0 	0.0 	0.0 	0.0 	0.0 	0.0 	0 	0.0 	0.0 	0.0 	0.0 	0.0 	0.0 	0.000 	0.560 	0.147 	(2)	0.000 	0.000 	237 	263 	26 	45 	33 	(12)	0.059 																0.0 	0.0 	0.0 	0.0 	0.0 	0.0 	0.0 	0.0 	0.0 	0.0 	0.0 	0.0 	0.0 	0.0 	0.0 	0.0 	0.0 		-	-	-	-	-	-	-	-	-	-	-	-	-	-	-	-	-		TE45	0.0 	0.0 	0.0 	0.0 	0.0 	0.0 	0.0 	0.0 	45 	0.000 	0.560 	0.147 	(2)	0.000 	0.000 	237 	0.059 		0 														-	0.0 	0.0 	0.0 	0.0 	0.0 	0.0 	0.0 	0.0 	#N/A	0.000 	0.560 	#N/A	(1)	0.000 	0.000 	#N/A	#N/A		0.0 																	San Francisco 49ers	Los Angeles Rams	0 	0.0 	0 	0.0 	0.0 	0 	0.0 	0.0 	0.0 	0.0 	0.0 	0.0 	-		San Francisco 49ers	Miami Dolphins	0 	0.0 	0 	0.0 	0.0 	0 	0.0 	0.0 	0.0 	0.0 	0.0 	0.0 	-		San Francisco 49ers	Arizona Cardinals	0 	0.0 	0 	0.0 	0.0 	0 	0.0 	0.0 	0.0 	0.0 	0.0 	0.0 	-		San Francisco 49ers	Denver Broncos	0 	0.0 	0 	0.0 	0.0 	0 	0.0 	0.0 	0.0 	0.0 	0.0 	0.0 	-		San Francisco 49ers	Seattle Seahawks	0 	0.0 	0 	0.0 	0.0 	0 	0.0 	0.0 	0.0 	0.0 	0.0 	0.0 	-		San Francisco 49ers	Washington Commanders	0 	0.0 	0 	0.0 	0.0 	0 	0.0 	0.0 	0.0 	0.0 	0.0 	0.0 	-		San Francisco 49ers	Atlanta Falcons	0 	0.0 	0 	0.0 	0.0 	0 	0.0 	0.0 	0.0 	0.0 	0.0 	0.0 	-		San Francisco 49ers	BYE	0 	0.0 	0 	0.0 	0.0 	0 	0.0 	0.0 	0.0 	0.0 	0.0 	0.0 	-		San Francisco 49ers	Las Vegas Raiders	0 	0.0 	0 	0.0 	0.0 	0 	0.0 	0.0 	0.0 	0.0 	0.0 	0.0 	-		San Francisco 49ers	Dallas Cowboys	0 	0.0 	0 	0.0 	0.0 	0 	0.0 	0.0 	0.0 	0.0 	0.0 	0.0 	-		San Francisco 49ers	Minnesota Vikings	0 	0.0 	0 	0.0 	0.0 	0 	0.0 	0.0 	0.0 	0.0 	0.0 	0.0 	-		San Francisco 49ers	Seattle Seahawks	0 	0.0 	0 	0.0 	0.0 	0 	0.0 	0.0 	0.0 	0.0 	0.0 	0.0 	-		San Francisco 49ers	New York Giants	0 	0.0 	0 	0.0 	0.0 	0 	0.0 	0.0 	0.0 	0.0 	0.0 	0.0 	-		San Francisco 49ers	Los Angeles Rams	0 	0.0 	0 	0.0 	0.0 	0 	0.0 	0.0 	0.0 	0.0 	0.0 	0.0 	-		San Francisco 49ers	Los Angeles Chargers	0 	0.0 	0 	0.0 	0.0 	0 	0.0 	0.0 	0.0 	0.0 	0.0 	0.0 	-		San Francisco 49ers	Kansas City Chiefs	0 	0.0 	0 	0.0 	0.0 	0 	0.0 	0.0 	0.0 	0.0 	0.0 	0.0 	-		San Francisco 49ers	Philadelphia Eagles	0 	0.0 	0 	0.0 	0.0 	0 	0.0 	0.0 	0.0 	0.0 	0.0 	0.0 	-		Actual	Actual	Actual	Actual	Forecast	Forecast	Forecast	Forecast	Forecast	Forecast	Forecast	Forecast	Forecast	Forecast	Forecast	Forecast	Forecast		Limited / Handicapped	Injured	Injured	Injured	Injured	Injured	Injured	Injured	Injured	Injured	Injured	Injured	Injured	Injured	Injured	Injured	Injured		Week 5 2026	10/9/2026	4:29:22 PM	16		0%	0%	0%	0%	0%	0%		0.1 	1	1	1	1	1	
	Jerry Jeudy	Cleveland Browns	WR	WR91	1.9 	26 	0 	0.0 	0.0 	0.0 	0 	0.0 	0.0 	0.0 	15.8 	1.1 	196 	14.0 	1.2 	0.1 	0.0 	0.0 	0.0 	0.072 	1.000 	0.090 	(1)	0.000 	0.000 	242 	183 	(59)	91 	61 	(30)	0.051 				-	-		-	-		-	-		-	-		2.6 	0.0 	0.0 	3.6 	1.7 	1.7 	1.7 	1.6 	1.7 	1.6 	0.0 	1.7 	1.8 	1.7 	1.7 	1.7 	1.8 		WR67	-	-	WR53	WR78	WR76	WR79	WR80	WR84	WR79	-	WR91	WR82	WR84	WR92	WR91	WR92		WR91	1.7 	0.0 	0.0 	0.0 	0.0 	0.9 	11.2 	0.1 	91 	0.079 	1.000 	0.090 	(1)	0.000 	0.000 	240 	0.052 		20 														WR110	3.1 	0.0 	0.0 	0.0 	0.0 	5.4 	67.2 	0.6 	110 	0.056 	1.000 	0.000 	(1)	0.000 	0.000 	#N/A	0.008 		6.2 																	Cleveland Browns	Jacksonville Jaguars	0 	0.0 	0 	0.0 	2.0 	26 	0.0 	0.0 	0.0 	0.0 	0.0 	2.6 	WR67		Cleveland Browns	Tampa Bay Buccaneers	0 	0.0 	0 	0.0 	0.0 	0 	0.0 	0.0 	0.0 	0.0 	0.0 	0.0 	-		Cleveland Browns	Carolina Panthers	0 	0.0 	0 	0.0 	0.0 	0 	0.0 	0.0 	0.0 	0.0 	0.0 	0.0 	-		Cleveland Browns	Pittsburgh Steelers	0 	0.0 	0 	0.0 	3.0 	36 	0.0 	0.0 	0.0 	0.0 	0.0 	3.6 	WR53		Cleveland Browns	New York Jets	0 	0.0 	0 	0.0 	0.9 	11 	0.1 	0.0 	0.0 	0.0 	0.0 	1.7 	WR78		Cleveland Browns	Baltimore Ravens	0 	0.0 	0 	0.0 	0.9 	11 	0.1 	0.0 	0.0 	0.0 	0.0 	1.7 	WR76		Cleveland Browns	Tennessee Titans	0 	0.0 	0 	0.0 	0.9 	11 	0.1 	0.0 	0.0 	0.0 	0.0 	1.7 	WR79		Cleveland Browns	Pittsburgh Steelers	0 	0.0 	0 	0.0 	0.9 	11 	0.1 	0.0 	0.0 	0.0 	0.0 	1.6 	WR80		Cleveland Browns	New Orleans Saints	0 	0.0 	0 	0.0 	0.9 	11 	0.1 	0.0 	0.0 	0.0 	0.0 	1.7 	WR84		Cleveland Browns	Houston Texans	0 	0.0 	0 	0.0 	0.9 	11 	0.1 	0.0 	0.0 	0.0 	0.0 	1.6 	WR79		Cleveland Browns	BYE	0 	0.0 	0 	0.0 	0.0 	0 	0.0 	0.0 	0.0 	0.0 	0.0 	0.0 	-		Cleveland Browns	Las Vegas Raiders	0 	0.0 	0 	0.0 	0.9 	11 	0.1 	0.0 	0.0 	0.0 	0.0 	1.7 	WR91		Cleveland Browns	Cincinnati Bengals	0 	0.0 	0 	0.0 	0.9 	12 	0.1 	0.0 	0.0 	0.0 	0.0 	1.8 	WR82		Cleveland Browns	Atlanta Falcons	0 	0.0 	0 	0.0 	0.9 	11 	0.1 	0.0 	0.0 	0.0 	0.0 	1.7 	WR84		Cleveland Browns	New York Giants	0 	0.0 	0 	0.0 	0.9 	11 	0.1 	0.0 	0.0 	0.0 	0.0 	1.7 	WR92		Cleveland Browns	Baltimore Ravens	0 	0.0 	0 	0.0 	0.9 	11 	0.1 	0.0 	0.0 	0.0 	0.0 	1.7 	WR91		Cleveland Browns	Indianapolis Colts	0 	0.0 	0 	0.0 	0.9 	11 	0.1 	0.0 	0.0 	0.0 	0.0 	1.8 	WR92		Actual	Actual	Actual	Actual	Forecast	Forecast	Forecast	Forecast	Forecast	Forecast	Forecast	Forecast	Forecast	Forecast	Forecast	Forecast	Forecast		Healthy	Healthy	Healthy	Healthy	Healthy	Healthy	Healthy	Healthy	Healthy	Healthy	Healthy	Healthy	Healthy	Healthy	Healthy	Healthy	Healthy		Week 5 2026	10/9/2026	4:29:22 PM	16		5%	7%	0%	0%	0%	0%		0.0 	0	0	0	0	0	0.044025 
	Jaxson Dart	New York Giants	QB	QB36	13.7 	27 	250 	125.0 	3.0 	1.5 	54 	27.0 	0.0 	0.0 	0.0 	0.0 	0 	0.0 	0.0 	0.0 	0.0 	0.0 	0.0 	0.074 	0.460 	0.009 	0 	0.053 	0.000 	252 	94 	(158)	37 	11 	(26)	0.029 				-	-		-	-		-	-		-	-		26.6 	0.8 	0.0 	0.0 	0.0 	0.0 	0.0 	0.0 	0.0 	0.0 	0.0 	0.0 	0.0 	0.0 	0.0 	0.0 	0.0 		QB4	QB35	-	-	-	-	-	-	-	-	-	-	-	-	-	-	-		QB38	0.0 	0.0 	0.0 	0.0 	0.0 	0.0 	0.0 	0.0 	43 	0.000 	0.460 	0.000 	(2)	0.000 	0.000 	270 	0.000 		0 														QB32	13.7 	0.0 	0.0 	0.0 	0.0 	0.0 	0.0 	0.0 	32 	0.246 	0.460 	0.085 	(1)	0.000 	0.000 	#N/A	0.045 		27.4 																	New York Giants	Dallas Cowboys	230 	3.0 	54 	0.0 	0.0 	0 	0.0 	0.0 	0.0 	0.0 	0.0 	26.6 	QB4		New York Giants	Los Angeles Rams	20 	0.0 	0 	0.0 	0.0 	0 	0.0 	0.0 	0.0 	0.0 	0.0 	0.8 	QB35		New York Giants	Tennessee Titans	0 	0.0 	0 	0.0 	0.0 	0 	0.0 	0.0 	0.0 	0.0 	0.0 	0.0 	-		New York Giants	Arizona Cardinals	0 	0.0 	0 	0.0 	0.0 	0 	0.0 	0.0 	0.0 	0.0 	0.0 	0.0 	-		New York Giants	Washington Commanders	0 	0.0 	0 	0.0 	0.0 	0 	0.0 	0.0 	0.0 	0.0 	0.0 	0.0 	-		New York Giants	New Orleans Saints	0 	0.0 	0 	0.0 	0.0 	0 	0.0 	0.0 	0.0 	0.0 	0.0 	0.0 	-		New York Giants	Houston Texans	0 	0.0 	0 	0.0 	0.0 	0 	0.0 	0.0 	0.0 	0.0 	0.0 	0.0 	-		New York Giants	BYE	0 	0.0 	0 	0.0 	0.0 	0 	0.0 	0.0 	0.0 	0.0 	0.0 	0.0 	-		New York Giants	Philadelphia Eagles	0 	0.0 	0 	0.0 	0.0 	0 	0.0 	0.0 	0.0 	0.0 	0.0 	0.0 	-		New York Giants	Washington Commanders	0 	0.0 	0 	0.0 	0.0 	0 	0.0 	0.0 	0.0 	0.0 	0.0 	0.0 	-		New York Giants	Jacksonville Jaguars	0 	0.0 	0 	0.0 	0.0 	0 	0.0 	0.0 	0.0 	0.0 	0.0 	0.0 	-		New York Giants	Indianapolis Colts	0 	0.0 	0 	0.0 	0.0 	0 	0.0 	0.0 	0.0 	0.0 	0.0 	0.0 	-		New York Giants	San Francisco 49ers	0 	0.0 	0 	0.0 	0.0 	0 	0.0 	0.0 	0.0 	0.0 	0.0 	0.0 	-		New York Giants	Seattle Seahawks	0 	0.0 	0 	0.0 	0.0 	0 	0.0 	0.0 	0.0 	0.0 	0.0 	0.0 	-		New York Giants	Cleveland Browns	0 	0.0 	0 	0.0 	0.0 	0 	0.0 	0.0 	0.0 	0.0 	0.0 	0.0 	-		New York Giants	Detroit Lions	0 	0.0 	0 	0.0 	0.0 	0 	0.0 	0.0 	0.0 	0.0 	0.0 	0.0 	-		New York Giants	Dallas Cowboys	0 	0.0 	0 	0.0 	0.0 	0 	0.0 	0.0 	0.0 	0.0 	0.0 	0.0 	-		Actual	Actual	Actual	Actual	Forecast	Forecast	Forecast	Forecast	Forecast	Forecast	Forecast	Forecast	Forecast	Forecast	Forecast	Forecast	Forecast		Healthy	Healthy	Injured	Injured	Injured	Injured	Injured	Injured	Injured	Injured	Injured	Injured	Injured	Injured	Injured	Injured	Injured		Week 5 2026	10/9/2026	4:29:22 PM	16		0%	0%	0%	0%	0%	0%		(0.0)	0	1	1	1	1	
	Jameis Winston	New York Giants	QB	QB33	12.2 	184 	2,941 	196.0 	19.3 	1.3 	92 	6.1 	0.4 	0.0 	0.0 	0.0 	0 	0.0 	0.0 	0.0 	10.6 	0.9 	0.0 	0.499 	0.460 	0.100 	(0)	0.000 	0.000 	240 	0 	(240)	31 	0 	(31)	0.053 																0.0 	2.8 	6.1 	18.0 	12.0 	13.1 	12.5 	0.0 	12.7 	13.8 	13.3 	13.3 	13.2 	12.7 	12.7 	13.6 	13.6 		-	QB32	QB31	QB12	QB29	QB26	QB27	-	QB29	QB26	QB23	QB30	QB27	QB29	QB31	QB29	QB30		QB31	13.1 	205.1 	1.4 	6.4 	0.0 	0.0 	0.0 	0.0 	31 	0.611 	0.460 	0.100 	0 	0.158 	0.000 	202 	0.127 		157 														QB34	9.0 	820.6 	5.4 	25.6 	0.1 	0.0 	0.0 	0.0 	34 	0.242 	0.460 	0.055 	(1)	0.000 	0.000 	#N/A	0.029 		27.0 																	New York Giants	Dallas Cowboys	0 	0.0 	0 	0.0 	0.0 	0 	0.0 	0.0 	0.0 	0.0 	0.0 	0.0 	-		New York Giants	Los Angeles Rams	111 	0.0 	1 	0.0 	0.0 	0 	0.0 	0.8 	0.0 	0.0 	0.0 	2.8 	QB32		New York Giants	Tennessee Titans	118 	0.0 	14 	0.0 	0.0 	0 	0.0 	0.0 	0.0 	0.0 	0.0 	6.1 	QB31		New York Giants	Arizona Cardinals	250 	3.0 	0 	0.0 	0.0 	0 	0.0 	2.0 	0.0 	0.0 	0.0 	18.0 	QB12		New York Giants	Washington Commanders	197 	1.2 	6 	0.0 	0.0 	0 	0.0 	0.6 	0.1 	0.0 	0.0 	12.0 	QB29		New York Giants	New Orleans Saints	204 	1.4 	7 	0.0 	0.0 	0 	0.0 	0.6 	0.1 	0.0 	0.0 	13.1 	QB26		New York Giants	Houston Texans	204 	1.3 	6 	0.0 	0.0 	0 	0.0 	0.6 	0.1 	0.0 	0.0 	12.5 	QB27		New York Giants	BYE	0 	0.0 	0 	0.0 	0.0 	0 	0.0 	0.0 	0.0 	0.0 	0.0 	0.0 	-		New York Giants	Philadelphia Eagles	205 	1.3 	6 	0.0 	0.0 	0 	0.0 	0.6 	0.1 	0.0 	0.0 	12.7 	QB29		New York Giants	Washington Commanders	208 	1.5 	7 	0.0 	0.0 	0 	0.0 	0.6 	0.1 	0.0 	0.0 	13.8 	QB26		New York Giants	Jacksonville Jaguars	206 	1.4 	7 	0.0 	0.0 	0 	0.0 	0.6 	0.1 	0.0 	0.0 	13.3 	QB23		New York Giants	Indianapolis Colts	206 	1.4 	7 	0.0 	0.0 	0 	0.0 	0.6 	0.1 	0.0 	0.0 	13.3 	QB30		New York Giants	San Francisco 49ers	205 	1.4 	7 	0.0 	0.0 	0 	0.0 	0.6 	0.1 	0.0 	0.0 	13.2 	QB27		New York Giants	Seattle Seahawks	208 	1.3 	6 	0.0 	0.0 	0 	0.0 	0.6 	0.1 	0.0 	0.0 	12.7 	QB29		New York Giants	Cleveland Browns	196 	1.3 	7 	0.0 	0.0 	0 	0.0 	0.6 	0.1 	0.0 	0.0 	12.7 	QB31		New York Giants	Detroit Lions	211 	1.4 	6 	0.0 	0.0 	0 	0.0 	0.6 	0.1 	0.0 	0.0 	13.6 	QB29		New York Giants	Dallas Cowboys	211 	1.4 	6 	0.0 	0.0 	0 	0.0 	0.6 	0.1 	0.0 	0.0 	13.6 	QB30		Actual	Actual	Actual	Actual	Forecast	Forecast	Forecast	Forecast	Forecast	Forecast	Forecast	Forecast	Forecast	Forecast	Forecast	Forecast	Forecast		Healthy	Healthy	Healthy	Healthy	Healthy	Healthy	Healthy	Healthy	Healthy	Healthy	Healthy	Healthy	Healthy	Healthy	Healthy	Healthy	Healthy		Week 5 2026	10/9/2026	4:29:22 PM	16		0%	0%	5%	4%	99%	99%		0.1 	0	0	0	0	0	0.098119 
	Demond Claiborne	Minnesota Vikings	RB	RB73	1.4 	21 	0 	0.0 	0.0 	0.0 	125 	8.3 	0.9 	0.1 	4.8 	0.3 	28 	1.9 	0.2 	0.0 	0.0 	0.3 	0.0 	0.057 	1.000 	0.095 	(1)	0.000 	0.000 	241 	232 	(9)	73 	71 	(2)	0.052 																0.0 	0.2 	0.1 	1.2 	1.2 	0.0 	1.8 	1.6 	1.7 	1.5 	1.6 	1.8 	1.7 	1.5 	1.7 	1.8 	1.7 		-	RB66	RB63	RB55	RB56	-	RB55	RB57	RB64	RB61	RB55	RB68	RB64	RB70	RB72	RB70	RB71		RB69	1.6 	0.0 	0.0 	9.3 	0.1 	0.3 	2.2 	0.0 	69 	0.077 	1.000 	0.147 	(1)	0.000 	0.000 	227 	0.078 		20 														RB87	0.5 	0.0 	0.0 	37.3 	0.3 	1.3 	8.8 	0.1 	87 	0.013 	1.000 	0.000 	(1)	0.000 	0.000 	#N/A	0.002 		1.5 																	Minnesota Vikings	Green Bay Packers	0 	0.0 	0 	0.0 	0.0 	0 	0.0 	0.0 	0.0 	0.0 	0.0 	0.0 	-		Minnesota Vikings	Chicago Bears	0 	0.0 	0 	0.0 	1.0 	2 	0.0 	0.0 	0.0 	0.0 	0.0 	0.2 	RB66		Minnesota Vikings	Tampa Bay Buccaneers	0 	0.0 	1 	0.0 	0.0 	0 	0.0 	0.0 	0.0 	0.0 	0.0 	0.1 	RB63		Minnesota Vikings	Miami Dolphins	0 	0.0 	12 	0.0 	0.0 	0 	0.0 	0.0 	0.0 	0.0 	0.0 	1.2 	RB55		Minnesota Vikings	New Orleans Saints	0 	0.0 	6 	0.1 	0.3 	2 	0.0 	0.0 	0.0 	0.0 	0.0 	1.2 	RB56		Minnesota Vikings	BYE	0 	0.0 	0 	0.0 	0.0 	0 	0.0 	0.0 	0.0 	0.0 	0.0 	0.0 	-		Minnesota Vikings	Indianapolis Colts	0 	0.0 	10 	0.1 	0.3 	2 	0.0 	0.0 	0.0 	0.0 	0.0 	1.8 	RB55		Minnesota Vikings	Detroit Lions	0 	0.0 	9 	0.1 	0.3 	2 	0.0 	0.0 	0.0 	0.0 	0.0 	1.6 	RB57		Minnesota Vikings	Buffalo Bills	0 	0.0 	10 	0.1 	0.3 	2 	0.0 	0.0 	0.0 	0.0 	0.0 	1.7 	RB64		Minnesota Vikings	Green Bay Packers	0 	0.0 	9 	0.1 	0.3 	2 	0.0 	0.0 	0.0 	0.0 	0.0 	1.5 	RB61		Minnesota Vikings	San Francisco 49ers	0 	0.0 	9 	0.1 	0.3 	2 	0.0 	0.0 	0.0 	0.0 	0.0 	1.6 	RB55		Minnesota Vikings	Atlanta Falcons	0 	0.0 	11 	0.1 	0.3 	2 	0.0 	0.0 	0.0 	0.0 	0.0 	1.8 	RB68		Minnesota Vikings	Carolina Panthers	0 	0.0 	10 	0.1 	0.3 	2 	0.0 	0.0 	0.0 	0.0 	0.0 	1.7 	RB64		Minnesota Vikings	New England Patriots	0 	0.0 	9 	0.1 	0.3 	2 	0.0 	0.0 	0.0 	0.0 	0.0 	1.5 	RB70		Minnesota Vikings	Detroit Lions	0 	0.0 	10 	0.1 	0.3 	2 	0.0 	0.0 	0.0 	0.0 	0.0 	1.7 	RB72		Minnesota Vikings	Washington Commanders	0 	0.0 	10 	0.1 	0.3 	2 	0.0 	0.0 	0.0 	0.0 	0.0 	1.8 	RB70		Minnesota Vikings	New York Jets	0 	0.0 	10 	0.1 	0.3 	2 	0.0 	0.0 	0.0 	0.0 	0.0 	1.7 	RB71		Actual	Actual	Actual	Actual	Forecast	Forecast	Forecast	Forecast	Forecast	Forecast	Forecast	Forecast	Forecast	Forecast	Forecast	Forecast	Forecast		Healthy	Healthy	Healthy	Healthy	Healthy	Healthy	Healthy	Healthy	Healthy	Healthy	Healthy	Healthy	Healthy	Healthy	Healthy	Healthy	Healthy		Week 5 2026	10/9/2026	4:29:22 PM	16		1%	1%	8%	9%	0%	0%		0.1 	0	0	0	0	0	0.075760 
	Demarcus Robinson	San Francisco 49ers	WR	WR92	2.4 	26 	0 	0.0 	0.0 	0.0 	0 	0.0 	0.0 	0.0 	11.3 	1.0 	167 	15.2 	1.6 	0.1 	0.0 	0.0 	0.0 	0.071 	1.000 	0.080 	(1)	0.000 	0.000 	243 	0 	(243)	92 	0 	(92)	0.047 				-	-		-	-		-	-		-	-		11.0 	3.4 	0.0 	0.0 	0.0 	0.0 	0.0 	0.0 	1.3 	1.4 	1.3 	1.3 	1.3 	1.3 	1.3 	1.3 	1.3 		WR18	WR52	-	-	-	-	-	-	WR88	WR81	WR79	WR96	WR85	WR89	WR97	WR98	WR97		WR98	1.3 	0.0 	0.0 	0.0 	0.0 	0.7 	9.2 	0.1 	98 	0.046 	1.000 	0.020 	(1)	0.000 	0.000 	255 	0.016 		12 														WR79	7.2 	0.0 	0.0 	0.0 	0.0 	3.2 	41.5 	0.3 	79 	0.129 	1.000 	0.210 	(0)	0.000 	0.000 	#N/A	0.114 		14.4 																	San Francisco 49ers	Los Angeles Rams	0 	0.0 	0 	0.0 	2.0 	50 	1.0 	0.0 	0.0 	0.0 	0.0 	11.0 	WR18		San Francisco 49ers	Miami Dolphins	0 	0.0 	0 	0.0 	3.0 	34 	0.0 	0.0 	0.0 	0.0 	0.0 	3.4 	WR52		San Francisco 49ers	Arizona Cardinals	0 	0.0 	0 	0.0 	0.0 	0 	0.0 	0.0 	0.0 	0.0 	0.0 	0.0 	-		San Francisco 49ers	Denver Broncos	0 	0.0 	0 	0.0 	0.0 	0 	0.0 	0.0 	0.0 	0.0 	0.0 	0.0 	-		San Francisco 49ers	Seattle Seahawks	0 	0.0 	0 	0.0 	0.0 	0 	0.0 	0.0 	0.0 	0.0 	0.0 	0.0 	-		San Francisco 49ers	Washington Commanders	0 	0.0 	0 	0.0 	0.0 	0 	0.0 	0.0 	0.0 	0.0 	0.0 	0.0 	-		San Francisco 49ers	Atlanta Falcons	0 	0.0 	0 	0.0 	0.0 	0 	0.0 	0.0 	0.0 	0.0 	0.0 	0.0 	-		San Francisco 49ers	BYE	0 	0.0 	0 	0.0 	0.0 	0 	0.0 	0.0 	0.0 	0.0 	0.0 	0.0 	-		San Francisco 49ers	Las Vegas Raiders	0 	0.0 	0 	0.0 	0.7 	9 	0.1 	0.0 	0.0 	0.0 	0.0 	1.3 	WR88		San Francisco 49ers	Dallas Cowboys	0 	0.0 	0 	0.0 	0.7 	10 	0.1 	0.0 	0.0 	0.0 	0.0 	1.4 	WR81		San Francisco 49ers	Minnesota Vikings	0 	0.0 	0 	0.0 	0.7 	9 	0.1 	0.0 	0.0 	0.0 	0.0 	1.3 	WR79		San Francisco 49ers	Seattle Seahawks	0 	0.0 	0 	0.0 	0.7 	9 	0.1 	0.0 	0.0 	0.0 	0.0 	1.3 	WR96		San Francisco 49ers	New York Giants	0 	0.0 	0 	0.0 	0.7 	9 	0.1 	0.0 	0.0 	0.0 	0.0 	1.3 	WR85		San Francisco 49ers	Los Angeles Rams	0 	0.0 	0 	0.0 	0.7 	9 	0.1 	0.0 	0.0 	0.0 	0.0 	1.3 	WR89		San Francisco 49ers	Los Angeles Chargers	0 	0.0 	0 	0.0 	0.7 	9 	0.1 	0.0 	0.0 	0.0 	0.0 	1.3 	WR97		San Francisco 49ers	Kansas City Chiefs	0 	0.0 	0 	0.0 	0.7 	9 	0.1 	0.0 	0.0 	0.0 	0.0 	1.3 	WR98		San Francisco 49ers	Philadelphia Eagles	0 	0.0 	0 	0.0 	0.7 	9 	0.1 	0.0 	0.0 	0.0 	0.0 	1.3 	WR97		Actual	Actual	Actual	Actual	Forecast	Forecast	Forecast	Forecast	Forecast	Forecast	Forecast	Forecast	Forecast	Forecast	Forecast	Forecast	Forecast		Healthy	Healthy	Injured	Injured	Injured	Injured	Injured	Healthy	Healthy	Healthy	Healthy	Healthy	Healthy	Healthy	Healthy	Healthy	Healthy		Week 5 2026	10/9/2026	4:29:22 PM	16		4%	4%	0%	0%	0%	0%		(0.1)	0	1	1	1	1	
	Dylan Sampson	Cleveland Browns	RB	RB75	1.6 	17 	0 	0.0 	0.0 	0.0 	64 	5.8 	0.3 	0.0 	9.9 	0.9 	74 	6.7 	0.3 	0.0 	0.0 	0.2 	0.0 	0.047 	1.000 	0.069 	(1)	0.000 	0.000 	247 	148 	(99)	75 	53 	(22)	0.038 				-	-		-	-		-	-		-	-		0.0 	0.0 	0.0 	0.0 	0.0 	1.6 	1.6 	1.5 	1.6 	1.5 	0.0 	1.7 	1.6 	1.7 	1.5 	1.4 	1.6 		-	-	-	-	-	RB57	RB58	RB58	RB66	RB62	-	RB71	RB66	RB67	RB74	RB74	RB72		RB71	1.6 	0.0 	0.0 	5.8 	0.0 	0.9 	6.7 	0.0 	71 	0.067 	1.000 	0.121 	(1)	0.000 	0.000 	234 	0.065 		17 														-	0.0 	0.0 	0.0 	0.0 	0.0 	0.0 	0.0 	0.0 	#N/A	0.000 	1.000 	#N/A	(1)	0.000 	0.000 	#N/A	#N/A		0.0 																	Cleveland Browns	Jacksonville Jaguars	0 	0.0 	0 	0.0 	0.0 	0 	0.0 	0.0 	0.0 	0.0 	0.0 	0.0 	-		Cleveland Browns	Tampa Bay Buccaneers	0 	0.0 	0 	0.0 	0.0 	0 	0.0 	0.0 	0.0 	0.0 	0.0 	0.0 	-		Cleveland Browns	Carolina Panthers	0 	0.0 	0 	0.0 	0.0 	0 	0.0 	0.0 	0.0 	0.0 	0.0 	0.0 	-		Cleveland Browns	Pittsburgh Steelers	0 	0.0 	0 	0.0 	0.0 	0 	0.0 	0.0 	0.0 	0.0 	0.0 	0.0 	-		Cleveland Browns	New York Jets	0 	0.0 	0 	0.0 	0.0 	0 	0.0 	0.0 	0.0 	0.0 	0.0 	0.0 	-		Cleveland Browns	Baltimore Ravens	0 	0.0 	6 	0.0 	0.9 	7 	0.0 	0.0 	0.0 	0.0 	0.0 	1.6 	RB57		Cleveland Browns	Tennessee Titans	0 	0.0 	6 	0.0 	0.9 	7 	0.0 	0.0 	0.0 	0.0 	0.0 	1.6 	RB58		Cleveland Browns	Pittsburgh Steelers	0 	0.0 	5 	0.0 	0.9 	7 	0.0 	0.0 	0.0 	0.0 	0.0 	1.5 	RB58		Cleveland Browns	New Orleans Saints	0 	0.0 	6 	0.0 	0.9 	7 	0.0 	0.0 	0.0 	0.0 	0.0 	1.6 	RB66		Cleveland Browns	Houston Texans	0 	0.0 	5 	0.0 	0.9 	7 	0.0 	0.0 	0.0 	0.0 	0.0 	1.5 	RB62		Cleveland Browns	BYE	0 	0.0 	0 	0.0 	0.0 	0 	0.0 	0.0 	0.0 	0.0 	0.0 	0.0 	-		Cleveland Browns	Las Vegas Raiders	0 	0.0 	6 	0.0 	0.9 	7 	0.0 	0.0 	0.0 	0.0 	0.0 	1.7 	RB71		Cleveland Browns	Cincinnati Bengals	0 	0.0 	6 	0.0 	0.9 	7 	0.0 	0.0 	0.0 	0.0 	0.0 	1.6 	RB66		Cleveland Browns	Atlanta Falcons	0 	0.0 	6 	0.0 	0.9 	7 	0.0 	0.0 	0.0 	0.0 	0.0 	1.7 	RB67		Cleveland Browns	New York Giants	0 	0.0 	6 	0.0 	0.9 	7 	0.0 	0.0 	0.0 	0.0 	0.0 	1.5 	RB74		Cleveland Browns	Baltimore Ravens	0 	0.0 	5 	0.0 	0.9 	7 	0.0 	0.0 	0.0 	0.0 	0.0 	1.4 	RB74		Cleveland Browns	Indianapolis Colts	0 	0.0 	6 	0.0 	0.9 	7 	0.0 	0.0 	0.0 	0.0 	0.0 	1.6 	RB72		Actual	Actual	Actual	Actual	Forecast	Forecast	Forecast	Forecast	Forecast	Forecast	Forecast	Forecast	Forecast	Forecast	Forecast	Forecast	Forecast		Healthy	Injured	Injured	Injured	Injured	Healthy	Healthy	Healthy	Healthy	Healthy	Healthy	Healthy	Healthy	Healthy	Healthy	Healthy	Healthy		Week 5 2026	10/9/2026	4:29:22 PM	16		3%	2%	6%	5%	0%	0%		0.1 	1	1	1	1	0	
	Michael Penix Jr.	Atlanta Falcons	QB	QB34	12.2 	170 	2,825 	201.8 	17.1 	1.2 	46 	3.3 	0.2 	0.0 	0.0 	0.0 	0 	0.0 	0.0 	0.0 	8.7 	0.9 	0.0 	0.463 	0.460 	0.085 	(0)	0.000 	0.000 	244 	226 	(18)	32 	29 	(3)	0.045 																0.0 	0.0 	14.0 	12.7 	12.2 	12.3 	12.1 	11.9 	12.6 	11.7 	0.0 	11.3 	12.5 	11.0 	12.1 	11.9 	12.0 		-	-	QB21	QB22	QB28	QB27	QB28	QB28	QB30	QB28	-	QB32	QB28	QB30	QB32	QB32	QB32		QB32	12.0 	195.5 	1.3 	4.2 	0.0 	0.0 	0.0 	0.0 	32 	0.559 	0.460 	0.085 	0 	0.046 	0.000 	233 	0.067 		143 														QB33	13.4 	1,173.0 	7.6 	25.0 	0.1 	0.0 	0.0 	0.0 	33 	0.240 	0.460 	0.070 	(1)	0.000 	0.000 	#N/A	0.037 		26.8 																	Atlanta Falcons	Pittsburgh Steelers	0 	0.0 	0 	0.0 	0.0 	0 	0.0 	0.0 	0.0 	0.0 	0.0 	0.0 	-		Atlanta Falcons	Carolina Panthers	0 	0.0 	0 	0.0 	0.0 	0 	0.0 	0.0 	0.0 	0.0 	0.0 	0.0 	-		Atlanta Falcons	Green Bay Packers	256 	1.0 	(2)	0.0 	0.0 	0 	0.0 	1.0 	0.0 	0.0 	1.0 	14.0 	QB21		Atlanta Falcons	New Orleans Saints	223 	1.0 	(2)	0.0 	0.0 	0 	0.0 	0.0 	0.0 	0.0 	0.0 	12.7 	QB22		Atlanta Falcons	Baltimore Ravens	194 	1.3 	5 	0.0 	0.0 	0 	0.0 	0.6 	0.1 	0.0 	0.0 	12.2 	QB28		Atlanta Falcons	Chicago Bears	198 	1.3 	4 	0.0 	0.0 	0 	0.0 	0.6 	0.1 	0.0 	0.0 	12.3 	QB27		Atlanta Falcons	San Francisco 49ers	198 	1.3 	4 	0.0 	0.0 	0 	0.0 	0.6 	0.1 	0.0 	0.0 	12.1 	QB28		Atlanta Falcons	Tampa Bay Buccaneers	196 	1.2 	4 	0.0 	0.0 	0 	0.0 	0.6 	0.1 	0.0 	0.0 	11.9 	QB28		Atlanta Falcons	Cincinnati Bengals	204 	1.3 	4 	0.0 	0.0 	0 	0.0 	0.6 	0.1 	0.0 	0.0 	12.6 	QB30		Atlanta Falcons	Kansas City Chiefs	194 	1.2 	4 	0.0 	0.0 	0 	0.0 	0.6 	0.1 	0.0 	0.0 	11.7 	QB28		Atlanta Falcons	BYE	0 	0.0 	0 	0.0 	0.0 	0 	0.0 	0.0 	0.0 	0.0 	0.0 	0.0 	-		Atlanta Falcons	Minnesota Vikings	191 	1.2 	4 	0.0 	0.0 	0 	0.0 	0.6 	0.1 	0.0 	0.0 	11.3 	QB32		Atlanta Falcons	Detroit Lions	201 	1.3 	4 	0.0 	0.0 	0 	0.0 	0.6 	0.1 	0.0 	0.0 	12.5 	QB28		Atlanta Falcons	Cleveland Browns	186 	1.1 	4 	0.0 	0.0 	0 	0.0 	0.6 	0.1 	0.0 	0.0 	11.0 	QB30		Atlanta Falcons	Washington Commanders	198 	1.3 	4 	0.0 	0.0 	0 	0.0 	0.6 	0.1 	0.0 	0.0 	12.1 	QB32		Atlanta Falcons	Tampa Bay Buccaneers	194 	1.3 	4 	0.0 	0.0 	0 	0.0 	0.6 	0.1 	0.0 	0.0 	11.9 	QB32		Atlanta Falcons	New Orleans Saints	192 	1.3 	4 	0.0 	0.0 	0 	0.0 	0.6 	0.1 	0.0 	0.0 	12.0 	QB32		Actual	Actual	Actual	Actual	Forecast	Forecast	Forecast	Forecast	Forecast	Forecast	Forecast	Forecast	Forecast	Forecast	Forecast	Forecast	Forecast		Injured	Injured	Healthy	Healthy	Healthy	Healthy	Healthy	Healthy	Healthy	Healthy	Healthy	Healthy	Healthy	Healthy	Healthy	Healthy	Healthy		Week 5 2026	10/9/2026	4:29:22 PM	16		0%	0%	3%	2%	99%	99%		0.0 	1	0	0	0	0	
	Jalen Nailor	Las Vegas Raiders	WR	WR93	1.5 	21 	0 	0.0 	0.0 	0.0 	0 	0.0 	0.0 	0.0 	13.9 	1.0 	152 	10.8 	1.0 	0.1 	0.0 	0.0 	0.0 	0.057 	1.000 	0.070 	(1)	0.000 	0.000 	246 	209 	(37)	93 	69 	(24)	0.040 				-	-		-	-		-	-		-	-		2.7 	0.9 	1.6 	0.0 	0.0 	1.6 	1.5 	1.4 	1.5 	1.4 	1.4 	1.4 	0.0 	1.4 	1.4 	1.5 	1.5 		WR64	WR80	WR75	-	-	WR78	WR80	WR81	WR85	WR80	WR77	WR93	-	WR88	WR94	WR94	WR94		WR94	1.4 	0.0 	0.0 	0.0 	0.0 	0.8 	9.1 	0.1 	94 	0.062 	1.000 	0.060 	(1)	0.000 	0.000 	247 	0.036 		16 														WR117	1.7 	0.0 	0.0 	0.0 	0.0 	3.0 	33.3 	0.3 	117 	0.047 	1.000 	0.000 	(1)	0.000 	0.000 	#N/A	0.007 		5.2 																	Las Vegas Raiders	Miami Dolphins	0 	0.0 	0 	0.0 	3.0 	27 	0.0 	0.0 	0.0 	0.0 	0.0 	2.7 	WR64		Las Vegas Raiders	Los Angeles Chargers	0 	0.0 	0 	0.0 	1.0 	9 	0.0 	0.0 	0.0 	0.0 	0.0 	0.9 	WR80		Las Vegas Raiders	New Orleans Saints	0 	0.0 	0 	0.0 	1.0 	16 	0.0 	0.0 	0.0 	0.0 	0.0 	1.6 	WR75		Las Vegas Raiders	Kansas City Chiefs	0 	0.0 	0 	0.0 	0.0 	0 	0.0 	0.0 	0.0 	0.0 	0.0 	0.0 	-		Las Vegas Raiders	New England Patriots	0 	0.0 	0 	0.0 	0.0 	0 	0.0 	0.0 	0.0 	0.0 	0.0 	0.0 	-		Las Vegas Raiders	Buffalo Bills	0 	0.0 	0 	0.0 	0.9 	10 	0.1 	0.0 	0.0 	0.0 	0.0 	1.6 	WR78		Las Vegas Raiders	Los Angeles Rams	0 	0.0 	0 	0.0 	0.8 	9 	0.1 	0.0 	0.0 	0.0 	0.0 	1.5 	WR80		Las Vegas Raiders	New York Jets	0 	0.0 	0 	0.0 	0.8 	9 	0.1 	0.0 	0.0 	0.0 	0.0 	1.4 	WR81		Las Vegas Raiders	San Francisco 49ers	0 	0.0 	0 	0.0 	0.8 	9 	0.1 	0.0 	0.0 	0.0 	0.0 	1.5 	WR85		Las Vegas Raiders	Seattle Seahawks	0 	0.0 	0 	0.0 	0.8 	9 	0.1 	0.0 	0.0 	0.0 	0.0 	1.4 	WR80		Las Vegas Raiders	Denver Broncos	0 	0.0 	0 	0.0 	0.8 	9 	0.1 	0.0 	0.0 	0.0 	0.0 	1.4 	WR77		Las Vegas Raiders	Cleveland Browns	0 	0.0 	0 	0.0 	0.8 	9 	0.1 	0.0 	0.0 	0.0 	0.0 	1.4 	WR93		Las Vegas Raiders	BYE	0 	0.0 	0 	0.0 	0.0 	0 	0.0 	0.0 	0.0 	0.0 	0.0 	0.0 	-		Las Vegas Raiders	Los Angeles Chargers	0 	0.0 	0 	0.0 	0.8 	9 	0.1 	0.0 	0.0 	0.0 	0.0 	1.4 	WR88		Las Vegas Raiders	Denver Broncos	0 	0.0 	0 	0.0 	0.8 	9 	0.1 	0.0 	0.0 	0.0 	0.0 	1.4 	WR94		Las Vegas Raiders	Tennessee Titans	0 	0.0 	0 	0.0 	0.8 	9 	0.1 	0.0 	0.0 	0.0 	0.0 	1.5 	WR94		Las Vegas Raiders	Arizona Cardinals	0 	0.0 	0 	0.0 	0.8 	9 	0.1 	0.0 	0.0 	0.0 	0.0 	1.5 	WR94		Actual	Actual	Actual	Actual	Forecast	Forecast	Forecast	Forecast	Forecast	Forecast	Forecast	Forecast	Forecast	Forecast	Forecast	Forecast	Forecast		Healthy	Healthy	Healthy	Healthy	Injured	Healthy	Healthy	Healthy	Healthy	Healthy	Healthy	Healthy	Healthy	Healthy	Healthy	Healthy	Healthy		Week 5 2026	10/9/2026	4:29:22 PM	16		4%	6%	0%	0%	0%	0%		0.0 	0	0	0	1	0	
	De'Von Achane	Miami Dolphins	RB	RB74	5.9 	18 	0 	0.0 	0.0 	0.0 	127 	42.3 	0.0 	0.0 	7.0 	2.3 	49 	16.3 	0.0 	0.0 	0.0 	0.0 	0.0 	0.048 	1.000 	0.082 	(0)	0.000 	0.000 	245 	9 	(236)	74 	6 	(68)	0.044 				-	-		-	-		-	-		-	-		6.6 	9.3 	1.7 	0.0 	0.0 	0.0 	0.0 	0.0 	0.0 	0.0 	0.0 	0.0 	0.0 	0.0 	0.0 	0.0 	0.0 		RB33	RB15	RB48	-	-	-	-	-	-	-	-	-	-	-	-	-	-		RB79	0.0 	0.0 	0.0 	0.0 	0.0 	0.0 	0.0 	0.0 	79 	0.000 	1.000 	0.017 	(1)	0.000 	0.000 	259 	0.008 		0 														RB45	5.9 	0.0 	0.0 	0.0 	0.0 	0.0 	0.0 	0.0 	45 	0.158 	1.000 	0.456 	(0)	0.000 	0.000 	#N/A	0.229 		17.6 																	Miami Dolphins	Las Vegas Raiders	0 	0.0 	36 	0.0 	4.0 	30 	0.0 	0.0 	0.0 	0.0 	0.0 	6.6 	RB33		Miami Dolphins	San Francisco 49ers	0 	0.0 	74 	0.0 	3.0 	19 	0.0 	0.0 	0.0 	0.0 	0.0 	9.3 	RB15		Miami Dolphins	Kansas City Chiefs	0 	0.0 	17 	0.0 	0.0 	0 	0.0 	0.0 	0.0 	0.0 	0.0 	1.7 	RB48		Miami Dolphins	Minnesota Vikings	0 	0.0 	0 	0.0 	0.0 	0 	0.0 	0.0 	0.0 	0.0 	0.0 	0.0 	-		Miami Dolphins	Cincinnati Bengals	0 	0.0 	0 	0.0 	0.0 	0 	0.0 	0.0 	0.0 	0.0 	0.0 	0.0 	-		Miami Dolphins	BYE	0 	0.0 	0 	0.0 	0.0 	0 	0.0 	0.0 	0.0 	0.0 	0.0 	0.0 	-		Miami Dolphins	New York Jets	0 	0.0 	0 	0.0 	0.0 	0 	0.0 	0.0 	0.0 	0.0 	0.0 	0.0 	-		Miami Dolphins	New England Patriots	0 	0.0 	0 	0.0 	0.0 	0 	0.0 	0.0 	0.0 	0.0 	0.0 	0.0 	-		Miami Dolphins	Detroit Lions	0 	0.0 	0 	0.0 	0.0 	0 	0.0 	0.0 	0.0 	0.0 	0.0 	0.0 	-		Miami Dolphins	Indianapolis Colts	0 	0.0 	0 	0.0 	0.0 	0 	0.0 	0.0 	0.0 	0.0 	0.0 	0.0 	-		Miami Dolphins	Buffalo Bills	0 	0.0 	0 	0.0 	0.0 	0 	0.0 	0.0 	0.0 	0.0 	0.0 	0.0 	-		Miami Dolphins	New York Jets	0 	0.0 	0 	0.0 	0.0 	0 	0.0 	0.0 	0.0 	0.0 	0.0 	0.0 	-		Miami Dolphins	Denver Broncos	0 	0.0 	0 	0.0 	0.0 	0 	0.0 	0.0 	0.0 	0.0 	0.0 	0.0 	-		Miami Dolphins	Chicago Bears	0 	0.0 	0 	0.0 	0.0 	0 	0.0 	0.0 	0.0 	0.0 	0.0 	0.0 	-		Miami Dolphins	Green Bay Packers	0 	0.0 	0 	0.0 	0.0 	0 	0.0 	0.0 	0.0 	0.0 	0.0 	0.0 	-		Miami Dolphins	Los Angeles Chargers	0 	0.0 	0 	0.0 	0.0 	0 	0.0 	0.0 	0.0 	0.0 	0.0 	0.0 	-		Miami Dolphins	Buffalo Bills	0 	0.0 	0 	0.0 	0.0 	0 	0.0 	0.0 	0.0 	0.0 	0.0 	0.0 	-		Actual	Actual	Actual	Actual	Forecast	Forecast	Forecast	Forecast	Forecast	Forecast	Forecast	Forecast	Forecast	Forecast	Forecast	Forecast	Forecast		Healthy	Healthy	Healthy	Injured	Injured	Injured	Injured	Injured	Injured	Injured	Injured	Injured	Injured	Injured	Injured	Injured	Injured		Week 5 2026	10/9/2026	4:29:22 PM	16		0%	0%	0%	0%	0%	0%		(0.2)	0	0	1	1	1	
	Zachariah Branch	Atlanta Falcons	WR	WR95	1.3 	19 	0 	0.0 	0.0 	0.0 	0 	0.0 	0.0 	0.0 	17.5 	1.2 	149 	10.0 	0.8 	0.1 	0.0 	0.0 	0.0 	0.053 	1.000 	0.050 	(1)	0.000 	0.000 	251 	256 	5 	95 	83 	(12)	0.030 																0.0 	1.4 	0.7 	1.0 	1.4 	1.4 	1.4 	1.4 	1.4 	1.3 	0.0 	1.3 	1.4 	1.3 	1.4 	1.4 	1.4 		-	WR74	WR85	WR73	WR79	WR79	WR81	WR82	WR86	WR82	-	WR95	WR84	WR91	WR95	WR95	WR95		WR93	1.4 	0.0 	0.0 	0.0 	0.0 	1.0 	9.9 	0.1 	93 	0.064 	1.000 	0.070 	(1)	0.000 	0.000 	244 	0.041 		16 														WR122	1.0 	0.0 	0.0 	0.0 	0.0 	4.2 	39.5 	0.3 	122 	0.028 	1.000 	0.000 	(1)	0.000 	0.000 	#N/A	0.004 		3.1 																	Atlanta Falcons	Pittsburgh Steelers	0 	0.0 	0 	0.0 	0.0 	0 	0.0 	0.0 	0.0 	0.0 	0.0 	0.0 	-		Atlanta Falcons	Carolina Panthers	0 	0.0 	0 	0.0 	2.0 	14 	0.0 	0.0 	0.0 	0.0 	0.0 	1.4 	WR74		Atlanta Falcons	Green Bay Packers	0 	0.0 	0 	0.0 	1.0 	7 	0.0 	0.0 	0.0 	0.0 	0.0 	0.7 	WR85		Atlanta Falcons	New Orleans Saints	0 	0.0 	0 	0.0 	2.0 	10 	0.0 	0.0 	0.0 	0.0 	0.0 	1.0 	WR73		Atlanta Falcons	Baltimore Ravens	0 	0.0 	0 	0.0 	1.0 	10 	0.1 	0.0 	0.0 	0.0 	0.0 	1.4 	WR79		Atlanta Falcons	Chicago Bears	0 	0.0 	0 	0.0 	1.1 	10 	0.1 	0.0 	0.0 	0.0 	0.0 	1.4 	WR79		Atlanta Falcons	San Francisco 49ers	0 	0.0 	0 	0.0 	1.1 	10 	0.1 	0.0 	0.0 	0.0 	0.0 	1.4 	WR81		Atlanta Falcons	Tampa Bay Buccaneers	0 	0.0 	0 	0.0 	1.0 	10 	0.1 	0.0 	0.0 	0.0 	0.0 	1.4 	WR82		Atlanta Falcons	Cincinnati Bengals	0 	0.0 	0 	0.0 	1.1 	10 	0.1 	0.0 	0.0 	0.0 	0.0 	1.4 	WR86		Atlanta Falcons	Kansas City Chiefs	0 	0.0 	0 	0.0 	1.0 	10 	0.1 	0.0 	0.0 	0.0 	0.0 	1.3 	WR82		Atlanta Falcons	BYE	0 	0.0 	0 	0.0 	0.0 	0 	0.0 	0.0 	0.0 	0.0 	0.0 	0.0 	-		Atlanta Falcons	Minnesota Vikings	0 	0.0 	0 	0.0 	1.0 	10 	0.1 	0.0 	0.0 	0.0 	0.0 	1.3 	WR95		Atlanta Falcons	Detroit Lions	0 	0.0 	0 	0.0 	1.1 	10 	0.1 	0.0 	0.0 	0.0 	0.0 	1.4 	WR84		Atlanta Falcons	Cleveland Browns	0 	0.0 	0 	0.0 	1.0 	9 	0.1 	0.0 	0.0 	0.0 	0.0 	1.3 	WR91		Atlanta Falcons	Washington Commanders	0 	0.0 	0 	0.0 	1.1 	10 	0.1 	0.0 	0.0 	0.0 	0.0 	1.4 	WR95		Atlanta Falcons	Tampa Bay Buccaneers	0 	0.0 	0 	0.0 	1.0 	10 	0.1 	0.0 	0.0 	0.0 	0.0 	1.4 	WR95		Atlanta Falcons	New Orleans Saints	0 	0.0 	0 	0.0 	1.0 	10 	0.1 	0.0 	0.0 	0.0 	0.0 	1.4 	WR95		Actual	Actual	Actual	Actual	Forecast	Forecast	Forecast	Forecast	Forecast	Forecast	Forecast	Forecast	Forecast	Forecast	Forecast	Forecast	Forecast		Healthy	Healthy	Healthy	Healthy	Healthy	Healthy	Healthy	Healthy	Healthy	Healthy	Healthy	Healthy	Healthy	Healthy	Healthy	Healthy	Healthy		Week 5 2026	10/9/2026	4:29:22 PM	16		5%	5%	0%	0%	0%	0%		0.0 	0	0	0	0	0	0.036901 
	Jalon Daniels	Tampa Bay Buccaneers	QB	QB37	3.0 	41 	581 	41.5 	3.7 	0.3 	92 	6.5 	0.2 	0.0 	0.0 	0.0 	0 	0.0 	0.0 	0.0 	3.3 	0.2 	0.0 	0.113 	0.460 	0.055 	(2)	0.000 	0.000 	253 	0 	(253)	34 	0 	(34)	0.029 																0.0 	0.0 	0.9 	11.4 	13.6 	12.2 	0.4 	0.4 	0.3 	0.0 	0.3 	0.4 	0.3 	0.3 	0.4 	0.4 	0.3 		-	-	QB33	QB24	QB25	QB28	QB31	QB30	QB35	-	QB30	QB36	QB33	QB35	QB36	QB35	QB37		QB33	2.4 	36.1 	0.2 	2.3 	0.0 	0.0 	0.0 	0.0 	33 	0.114 	0.460 	0.070 	(1)	0.000 	0.000 	246 	0.037 		29 														QB40	6.2 	216.7 	1.3 	13.8 	0.1 	0.0 	0.0 	0.0 	40 	0.111 	0.460 	0.000 	(1)	0.000 	0.000 	#N/A	0.000 		12.3 																	Tampa Bay Buccaneers	Cincinnati Bengals	0 	0.0 	0 	0.0 	0.0 	0 	0.0 	0.0 	0.0 	0.0 	0.0 	0.0 	-		Tampa Bay Buccaneers	Cleveland Browns	0 	0.0 	0 	0.0 	0.0 	0 	0.0 	0.0 	0.0 	0.0 	0.0 	0.0 	-		Tampa Bay Buccaneers	Minnesota Vikings	0 	0.0 	9 	0.0 	0.0 	0 	0.0 	0.0 	0.0 	0.0 	0.0 	0.9 	QB33		Tampa Bay Buccaneers	Green Bay Packers	148 	1.0 	55 	0.0 	0.0 	0 	0.0 	2.0 	0.0 	0.0 	0.0 	11.4 	QB24		Tampa Bay Buccaneers	Dallas Cowboys	226 	1.4 	2 	0.0 	0.0 	0 	0.0 	0.6 	0.1 	0.0 	0.0 	13.6 	QB25		Tampa Bay Buccaneers	Pittsburgh Steelers	207 	1.3 	2 	0.0 	0.0 	0 	0.0 	0.6 	0.1 	0.0 	0.0 	12.2 	QB28		Tampa Bay Buccaneers	Carolina Panthers	0 	0.0 	2 	0.0 	0.0 	0 	0.0 	0.0 	0.0 	0.0 	0.0 	0.4 	QB31		Tampa Bay Buccaneers	Atlanta Falcons	0 	0.0 	3 	0.0 	0.0 	0 	0.0 	0.0 	0.0 	0.0 	0.0 	0.4 	QB30		Tampa Bay Buccaneers	Chicago Bears	0 	0.0 	2 	0.0 	0.0 	0 	0.0 	0.0 	0.0 	0.0 	0.0 	0.3 	QB35		Tampa Bay Buccaneers	BYE	0 	0.0 	0 	0.0 	0.0 	0 	0.0 	0.0 	0.0 	0.0 	0.0 	0.0 	-		Tampa Bay Buccaneers	Detroit Lions	0 	0.0 	2 	0.0 	0.0 	0 	0.0 	0.0 	0.0 	0.0 	0.0 	0.3 	QB30		Tampa Bay Buccaneers	Carolina Panthers	0 	0.0 	2 	0.0 	0.0 	0 	0.0 	0.0 	0.0 	0.0 	0.0 	0.4 	QB36		Tampa Bay Buccaneers	Los Angeles Chargers	0 	0.0 	2 	0.0 	0.0 	0 	0.0 	0.0 	0.0 	0.0 	0.0 	0.3 	QB33		Tampa Bay Buccaneers	Baltimore Ravens	0 	0.0 	2 	0.0 	0.0 	0 	0.0 	0.0 	0.0 	0.0 	0.0 	0.3 	QB35		Tampa Bay Buccaneers	New Orleans Saints	0 	0.0 	3 	0.0 	0.0 	0 	0.0 	0.0 	0.0 	0.0 	0.0 	0.4 	QB36		Tampa Bay Buccaneers	Atlanta Falcons	0 	0.0 	2 	0.0 	0.0 	0 	0.0 	0.0 	0.0 	0.0 	0.0 	0.4 	QB35		Tampa Bay Buccaneers	Los Angeles Rams	0 	0.0 	2 	0.0 	0.0 	0 	0.0 	0.0 	0.0 	0.0 	0.0 	0.3 	QB37		Actual	Actual	Actual	Actual	Forecast	Forecast	Forecast	Forecast	Forecast	Forecast	Forecast	Forecast	Forecast	Forecast	Forecast	Forecast	Forecast		Healthy	Healthy	Healthy	Healthy	Healthy	Healthy	Healthy	Healthy	Healthy	Healthy	Healthy	Healthy	Healthy	Healthy	Healthy	Healthy	Healthy		Week 5 2026	10/9/2026	4:29:22 PM	16		0%	0%	2%	2%	0%	0%		0.0 	0	0	0	0	0	0.037002 
	Ja'Kobi Lane	Baltimore Ravens	WR	WR94	1.7 	20 	0 	0.0 	0.0 	0.0 	0 	0.0 	0.0 	0.0 	12.9 	1.1 	145 	12.1 	1.0 	0.1 	0.0 	0.0 	0.0 	0.055 	1.000 	0.060 	(1)	0.000 	0.000 	249 	174 	(75)	94 	59 	(35)	0.035 																1.1 	0.0 	0.0 	0.0 	0.0 	1.6 	1.8 	1.8 	1.8 	1.8 	1.7 	1.7 	0.0 	1.7 	1.7 	1.7 	1.8 		WR83	-	-	-	-	WR77	WR78	WR79	WR83	WR78	WR76	WR92	-	WR85	WR91	WR92	WR91		WR92	1.7 	0.0 	0.0 	0.0 	0.0 	1.1 	12.2 	0.1 	92 	0.074 	1.000 	0.080 	(1)	0.000 	0.000 	242 	0.047 		19 														WR144	1.1 	0.0 	0.0 	0.0 	0.0 	11.9 	133.9 	1.0 	144 	0.010 	1.000 	0.000 	(1)	0.000 	0.000 	#N/A	0.001 		1.1 																	Baltimore Ravens	Indianapolis Colts	0 	0.0 	0 	0.0 	1.0 	11 	0.0 	0.0 	0.0 	0.0 	0.0 	1.1 	WR83		Baltimore Ravens	New Orleans Saints	0 	0.0 	0 	0.0 	0.0 	0 	0.0 	0.0 	0.0 	0.0 	0.0 	0.0 	-		Baltimore Ravens	Dallas Cowboys	0 	0.0 	0 	0.0 	0.0 	0 	0.0 	0.0 	0.0 	0.0 	0.0 	0.0 	-		Baltimore Ravens	Tennessee Titans	0 	0.0 	0 	0.0 	0.0 	0 	0.0 	0.0 	0.0 	0.0 	0.0 	0.0 	-		Baltimore Ravens	Atlanta Falcons	0 	0.0 	0 	0.0 	0.0 	0 	0.0 	0.0 	0.0 	0.0 	0.0 	0.0 	-		Baltimore Ravens	Cleveland Browns	0 	0.0 	0 	0.0 	1.0 	12 	0.1 	0.0 	0.0 	0.0 	0.0 	1.6 	WR77		Baltimore Ravens	Cincinnati Bengals	0 	0.0 	0 	0.0 	1.1 	13 	0.1 	0.0 	0.0 	0.0 	0.0 	1.8 	WR78		Baltimore Ravens	Buffalo Bills	0 	0.0 	0 	0.0 	1.1 	12 	0.1 	0.0 	0.0 	0.0 	0.0 	1.8 	WR79		Baltimore Ravens	Jacksonville Jaguars	0 	0.0 	0 	0.0 	1.1 	12 	0.1 	0.0 	0.0 	0.0 	0.0 	1.8 	WR83		Baltimore Ravens	Los Angeles Chargers	0 	0.0 	0 	0.0 	1.1 	12 	0.1 	0.0 	0.0 	0.0 	0.0 	1.8 	WR78		Baltimore Ravens	Carolina Panthers	0 	0.0 	0 	0.0 	1.1 	12 	0.1 	0.0 	0.0 	0.0 	0.0 	1.7 	WR76		Baltimore Ravens	Houston Texans	0 	0.0 	0 	0.0 	1.1 	12 	0.1 	0.0 	0.0 	0.0 	0.0 	1.7 	WR92		Baltimore Ravens	BYE	0 	0.0 	0 	0.0 	0.0 	0 	0.0 	0.0 	0.0 	0.0 	0.0 	0.0 	-		Baltimore Ravens	Tampa Bay Buccaneers	0 	0.0 	0 	0.0 	1.1 	12 	0.1 	0.0 	0.0 	0.0 	0.0 	1.7 	WR85		Baltimore Ravens	Pittsburgh Steelers	0 	0.0 	0 	0.0 	1.1 	12 	0.1 	0.0 	0.0 	0.0 	0.0 	1.7 	WR91		Baltimore Ravens	Cleveland Browns	0 	0.0 	0 	0.0 	1.0 	12 	0.1 	0.0 	0.0 	0.0 	0.0 	1.7 	WR92		Baltimore Ravens	Cincinnati Bengals	0 	0.0 	0 	0.0 	1.1 	12 	0.1 	0.0 	0.0 	0.0 	0.0 	1.8 	WR91		Actual	Actual	Actual	Actual	Forecast	Forecast	Forecast	Forecast	Forecast	Forecast	Forecast	Forecast	Forecast	Forecast	Forecast	Forecast	Forecast		Healthy	Injured	Injured	Injured	Injured	Healthy	Healthy	Healthy	Healthy	Healthy	Healthy	Healthy	Healthy	Healthy	Healthy	Healthy	Healthy		Week 5 2026	10/9/2026	4:29:22 PM	16		6%	7%	0%	0%	0%	0%		0.0 	1	1	1	1	0	
	Nicholas Singleton	Tennessee Titans	RB	RB76	1.0 	15 	0 	0.0 	0.0 	0.0 	74 	5.3 	0.6 	0.0 	3.9 	0.3 	27 	1.9 	0.2 	0.0 	0.0 	0.2 	0.0 	0.040 	1.000 	0.056 	(1)	0.000 	0.000 	250 	216 	(34)	76 	69 	(7)	0.031 																0.0 	1.0 	0.0 	0.2 	0.9 	1.0 	1.2 	1.1 	0.0 	1.2 	1.1 	1.1 	1.2 	1.0 	1.2 	1.1 	1.1 		-	RB61	-	RB61	RB59	RB59	RB59	RB60	-	RB63	RB58	RB75	RB69	RB73	RB76	RB76	RB76		RB76	1.1 	0.0 	0.0 	5.2 	0.1 	0.3 	2.3 	0.0 	76 	0.052 	1.000 	0.056 	(1)	0.000 	0.000 	248 	0.033 		13 														RB91	0.6 	0.0 	0.0 	31.2 	0.3 	1.9 	13.6 	0.1 	91 	0.011 	1.000 	0.000 	(1)	0.000 	0.000 	#N/A	0.002 		1.2 																	Tennessee Titans	New York Jets	0 	0.0 	0 	0.0 	0.0 	0 	0.0 	0.0 	0.0 	0.0 	0.0 	0.0 	-		Tennessee Titans	Philadelphia Eagles	0 	0.0 	10 	0.0 	0.0 	0 	0.0 	0.0 	0.0 	0.0 	0.0 	1.0 	RB61		Tennessee Titans	New York Giants	0 	0.0 	0 	0.0 	0.0 	0 	0.0 	0.0 	0.0 	0.0 	0.0 	0.0 	-		Tennessee Titans	Baltimore Ravens	0 	0.0 	2 	0.0 	0.0 	0 	0.0 	0.0 	0.0 	0.0 	0.0 	0.2 	RB61		Tennessee Titans	Houston Texans	0 	0.0 	5 	0.0 	0.3 	2 	0.0 	0.0 	0.0 	0.0 	0.0 	0.9 	RB59		Tennessee Titans	Indianapolis Colts	0 	0.0 	5 	0.0 	0.3 	2 	0.0 	0.0 	0.0 	0.0 	0.0 	1.0 	RB59		Tennessee Titans	Cleveland Browns	0 	0.0 	6 	0.1 	0.3 	2 	0.0 	0.0 	0.0 	0.0 	0.0 	1.2 	RB59		Tennessee Titans	Cincinnati Bengals	0 	0.0 	5 	0.1 	0.3 	2 	0.0 	0.0 	0.0 	0.0 	0.0 	1.1 	RB60		Tennessee Titans	BYE	0 	0.0 	0 	0.0 	0.0 	0 	0.0 	0.0 	0.0 	0.0 	0.0 	0.0 	-		Tennessee Titans	Jacksonville Jaguars	0 	0.0 	6 	0.1 	0.3 	2 	0.0 	0.0 	0.0 	0.0 	0.0 	1.2 	RB63		Tennessee Titans	Dallas Cowboys	0 	0.0 	5 	0.1 	0.3 	2 	0.0 	0.0 	0.0 	0.0 	0.0 	1.1 	RB58		Tennessee Titans	Jacksonville Jaguars	0 	0.0 	5 	0.0 	0.3 	2 	0.0 	0.0 	0.0 	0.0 	0.0 	1.1 	RB75		Tennessee Titans	Washington Commanders	0 	0.0 	6 	0.1 	0.3 	2 	0.0 	0.0 	0.0 	0.0 	0.0 	1.2 	RB69		Tennessee Titans	Detroit Lions	0 	0.0 	5 	0.0 	0.3 	2 	0.0 	0.0 	0.0 	0.0 	0.0 	1.0 	RB73		Tennessee Titans	Indianapolis Colts	0 	0.0 	6 	0.1 	0.3 	2 	0.0 	0.0 	0.0 	0.0 	0.0 	1.2 	RB76		Tennessee Titans	Las Vegas Raiders	0 	0.0 	5 	0.1 	0.3 	2 	0.0 	0.0 	0.0 	0.0 	0.0 	1.1 	RB76		Tennessee Titans	Pittsburgh Steelers	0 	0.0 	5 	0.1 	0.3 	2 	0.0 	0.0 	0.0 	0.0 	0.0 	1.1 	RB76		Actual	Actual	Actual	Actual	Forecast	Forecast	Forecast	Forecast	Forecast	Forecast	Forecast	Forecast	Forecast	Forecast	Forecast	Forecast	Forecast		Injured	Healthy	Healthy	Healthy	Healthy	Healthy	Healthy	Healthy	Healthy	Healthy	Healthy	Healthy	Healthy	Healthy	Healthy	Healthy	Healthy		Week 5 2026	10/9/2026	4:29:22 PM	16		1%	1%	5%	7%	0%	0%		0.0 	0	0	0	0	0	0.031531 
	Marcus Mariota	Washington Commanders	QB	QB35	3.2 	42 	361 	27.8 	4.1 	0.3 	89 	6.8 	0.3 	0.0 	0.0 	0.0 	0 	0.0 	0.0 	0.0 	0.1 	0.0 	0.0 	0.113 	0.460 	0.070 	(2)	0.000 	0.000 	248 	0 	(248)	33 	0 	(33)	0.037 																0.0 	8.7 	20.4 	5.3 	0.0 	0.0 	0.0 	0.7 	0.7 	0.7 	0.7 	0.8 	0.7 	0.7 	0.8 	0.7 	0.7 		-	QB24	QB13	QB31	-	-	-	QB29	QB31	QB29	QB27	QB33	QB29	QB31	QB33	QB33	QB33		QB35	0.7 	2.1 	0.0 	4.0 	0.0 	0.0 	0.0 	0.0 	35 	0.028 	0.460 	0.040 	(1)	0.000 	0.000 	254 	0.021 		7 														QB29	11.5 	7.1 	0.0 	13.2 	0.1 	0.0 	0.0 	0.0 	29 	0.310 	0.460 	0.129 	(0)	0.000 	0.000 	#N/A	0.068 		34.5 																	Washington Commanders	Philadelphia Eagles	0 	0.0 	0 	0.0 	0.0 	0 	0.0 	0.0 	0.0 	0.0 	0.0 	0.0 	-		Washington Commanders	Dallas Cowboys	111 	1.0 	3 	0.0 	0.0 	0 	0.0 	0.0 	0.0 	0.0 	0.0 	8.7 	QB24		Washington Commanders	Seattle Seahawks	183 	3.0 	11 	0.0 	0.0 	0 	0.0 	0.0 	0.0 	0.0 	0.0 	20.4 	QB13		Washington Commanders	Indianapolis Colts	46 	0.0 	35 	0.0 	0.0 	0 	0.0 	0.0 	0.0 	0.0 	0.0 	5.3 	QB31		Washington Commanders	New York Giants	0 	0.0 	0 	0.0 	0.0 	0 	0.0 	0.0 	0.0 	0.0 	0.0 	0.0 	-		Washington Commanders	San Francisco 49ers	0 	0.0 	0 	0.0 	0.0 	0 	0.0 	0.0 	0.0 	0.0 	0.0 	0.0 	-		Washington Commanders	BYE	0 	0.0 	0 	0.0 	0.0 	0 	0.0 	0.0 	0.0 	0.0 	0.0 	0.0 	-		Washington Commanders	Philadelphia Eagles	2 	0.0 	4 	0.0 	0.0 	0 	0.0 	0.0 	0.0 	0.0 	0.0 	0.7 	QB29		Washington Commanders	Los Angeles Rams	2 	0.0 	4 	0.0 	0.0 	0 	0.0 	0.0 	0.0 	0.0 	0.0 	0.7 	QB31		Washington Commanders	New York Giants	2 	0.0 	4 	0.0 	0.0 	0 	0.0 	0.0 	0.0 	0.0 	0.0 	0.7 	QB29		Washington Commanders	Cincinnati Bengals	2 	0.0 	4 	0.0 	0.0 	0 	0.0 	0.0 	0.0 	0.0 	0.0 	0.7 	QB27		Washington Commanders	Arizona Cardinals	2 	0.0 	4 	0.0 	0.0 	0 	0.0 	0.0 	0.0 	0.0 	0.0 	0.8 	QB33		Washington Commanders	Tennessee Titans	2 	0.0 	4 	0.0 	0.0 	0 	0.0 	0.0 	0.0 	0.0 	0.0 	0.7 	QB29		Washington Commanders	Houston Texans	2 	0.0 	4 	0.0 	0.0 	0 	0.0 	0.0 	0.0 	0.0 	0.0 	0.7 	QB31		Washington Commanders	Atlanta Falcons	2 	0.0 	4 	0.0 	0.0 	0 	0.0 	0.0 	0.0 	0.0 	0.0 	0.8 	QB33		Washington Commanders	Minnesota Vikings	2 	0.0 	4 	0.0 	0.0 	0 	0.0 	0.0 	0.0 	0.0 	0.0 	0.7 	QB33		Washington Commanders	Jacksonville Jaguars	2 	0.0 	4 	0.0 	0.0 	0 	0.0 	0.0 	0.0 	0.0 	0.0 	0.7 	QB33		Actual	Actual	Actual	Actual	Forecast	Forecast	Forecast	Forecast	Forecast	Forecast	Forecast	Forecast	Forecast	Forecast	Forecast	Forecast	Forecast		Healthy	Healthy	Healthy	Healthy	Injured	Injured	Injured	Healthy	Healthy	Healthy	Healthy	Healthy	Healthy	Healthy	Healthy	Healthy	Healthy		Week 5 2026	10/9/2026	4:29:22 PM	16		0%	0%	3%	3%	1%	1%		(0.0)	0	0	0	1	1	
	Andrei Iosivas	Cincinnati Bengals	WR	WR97	1.3 	16 	0 	0.0 	0.0 	0.0 	0 	0.0 	0.0 	0.0 	15.4 	1.2 	137 	10.5 	0.5 	0.0 	0.0 	0.0 	0.0 	0.045 	1.000 	0.030 	(1)	0.000 	0.000 	256 	0 	(256)	97 	0 	(97)	0.020 																1.2 	0.7 	0.0 	0.0 	0.0 	0.0 	1.3 	1.3 	1.3 	1.3 	1.4 	1.3 	1.3 	1.3 	1.3 	1.4 	1.4 		WR81	WR82	-	-	-	-	WR82	WR83	WR87	WR83	WR78	WR94	WR86	WR90	WR96	WR96	WR96		WR96	1.3 	0.0 	0.0 	0.0 	0.0 	1.1 	10.7 	0.0 	96 	0.057 	1.000 	0.040 	(1)	0.000 	0.000 	251 	0.027 		15 														WR134	1.0 	0.0 	0.0 	0.0 	0.0 	6.2 	58.9 	0.2 	134 	0.017 	1.000 	0.000 	(1)	0.000 	0.000 	#N/A	0.003 		1.9 																	Cincinnati Bengals	Tampa Bay Buccaneers	0 	0.0 	0 	0.0 	2.0 	12 	0.0 	0.0 	0.0 	0.0 	0.0 	1.2 	WR81		Cincinnati Bengals	Houston Texans	0 	0.0 	0 	0.0 	1.0 	7 	0.0 	0.0 	0.0 	0.0 	0.0 	0.7 	WR82		Cincinnati Bengals	Pittsburgh Steelers	0 	0.0 	0 	0.0 	0.0 	0 	0.0 	0.0 	0.0 	0.0 	0.0 	0.0 	-		Cincinnati Bengals	Jacksonville Jaguars	0 	0.0 	0 	0.0 	0.0 	0 	0.0 	0.0 	0.0 	0.0 	0.0 	0.0 	-		Cincinnati Bengals	Miami Dolphins	0 	0.0 	0 	0.0 	0.0 	0 	0.0 	0.0 	0.0 	0.0 	0.0 	0.0 	-		Cincinnati Bengals	BYE	0 	0.0 	0 	0.0 	0.0 	0 	0.0 	0.0 	0.0 	0.0 	0.0 	0.0 	-		Cincinnati Bengals	Baltimore Ravens	0 	0.0 	0 	0.0 	1.1 	11 	0.0 	0.0 	0.0 	0.0 	0.0 	1.3 	WR82		Cincinnati Bengals	Tennessee Titans	0 	0.0 	0 	0.0 	1.1 	11 	0.0 	0.0 	0.0 	0.0 	0.0 	1.3 	WR83		Cincinnati Bengals	Atlanta Falcons	0 	0.0 	0 	0.0 	1.1 	11 	0.0 	0.0 	0.0 	0.0 	0.0 	1.3 	WR87		Cincinnati Bengals	Pittsburgh Steelers	0 	0.0 	0 	0.0 	1.1 	11 	0.0 	0.0 	0.0 	0.0 	0.0 	1.3 	WR83		Cincinnati Bengals	Washington Commanders	0 	0.0 	0 	0.0 	1.2 	11 	0.0 	0.0 	0.0 	0.0 	0.0 	1.4 	WR78		Cincinnati Bengals	New Orleans Saints	0 	0.0 	0 	0.0 	1.1 	11 	0.0 	0.0 	0.0 	0.0 	0.0 	1.3 	WR94		Cincinnati Bengals	Cleveland Browns	0 	0.0 	0 	0.0 	1.1 	10 	0.0 	0.0 	0.0 	0.0 	0.0 	1.3 	WR86		Cincinnati Bengals	Kansas City Chiefs	0 	0.0 	0 	0.0 	1.1 	11 	0.0 	0.0 	0.0 	0.0 	0.0 	1.3 	WR90		Cincinnati Bengals	Carolina Panthers	0 	0.0 	0 	0.0 	1.1 	11 	0.0 	0.0 	0.0 	0.0 	0.0 	1.3 	WR96		Cincinnati Bengals	Indianapolis Colts	0 	0.0 	0 	0.0 	1.2 	11 	0.0 	0.0 	0.0 	0.0 	0.0 	1.4 	WR96		Cincinnati Bengals	Baltimore Ravens	0 	0.0 	0 	0.0 	1.2 	11 	0.0 	0.0 	0.0 	0.0 	0.0 	1.4 	WR96		Actual	Actual	Actual	Actual	Forecast	Forecast	Forecast	Forecast	Forecast	Forecast	Forecast	Forecast	Forecast	Forecast	Forecast	Forecast	Forecast		Healthy	Healthy	Injured	Injured	Injured	Healthy	Healthy	Healthy	Healthy	Healthy	Healthy	Healthy	Healthy	Healthy	Healthy	Healthy	Healthy		Week 5 2026	10/9/2026	4:29:22 PM	16		4%	2%	0%	0%	0%	0%		0.0 	0	1	1	1	0	
	Jauan Jennings	Minnesota Vikings	WR	WR98	1.1 	16 	0 	0.0 	0.0 	0.0 	0 	0.0 	0.0 	0.0 	12.8 	0.9 	114 	8.2 	0.7 	0.1 	0.0 	0.0 	0.0 	0.043 	1.000 	0.020 	(1)	0.000 	0.000 	258 	162 	(96)	98 	56 	(42)	0.015 																0.0 	0.0 	0.1 	0.8 	1.2 	0.0 	1.3 	1.3 	1.3 	1.2 	1.3 	1.2 	1.2 	1.2 	1.3 	1.3 	1.2 		-	-	WR87	WR75	WR81	-	WR83	WR84	WR89	WR84	WR80	WR97	WR87	WR92	WR98	WR97	WR98		WR95	1.2 	0.0 	0.0 	0.0 	0.0 	0.9 	8.8 	0.1 	95 	0.058 	1.000 	0.050 	(1)	0.000 	0.000 	249 	0.031 		15 														WR148	0.5 	0.0 	0.0 	0.0 	0.0 	5.4 	52.7 	0.4 	148 	0.008 	1.000 	0.000 	(1)	0.000 	0.000 	#N/A	0.001 		0.9 																	Minnesota Vikings	Green Bay Packers	0 	0.0 	0 	0.0 	0.0 	0 	0.0 	0.0 	0.0 	0.0 	0.0 	0.0 	-		Minnesota Vikings	Chicago Bears	0 	0.0 	0 	0.0 	0.0 	0 	0.0 	0.0 	0.0 	0.0 	0.0 	0.0 	-		Minnesota Vikings	Tampa Bay Buccaneers	0 	0.0 	0 	0.0 	1.0 	1 	0.0 	0.0 	0.0 	0.0 	0.0 	0.1 	WR87		Minnesota Vikings	Miami Dolphins	0 	0.0 	0 	0.0 	1.0 	8 	0.0 	0.0 	0.0 	0.0 	0.0 	0.8 	WR75		Minnesota Vikings	New Orleans Saints	0 	0.0 	0 	0.0 	0.9 	9 	0.1 	0.0 	0.0 	0.0 	0.0 	1.2 	WR81		Minnesota Vikings	BYE	0 	0.0 	0 	0.0 	0.0 	0 	0.0 	0.0 	0.0 	0.0 	0.0 	0.0 	-		Minnesota Vikings	Indianapolis Colts	0 	0.0 	0 	0.0 	0.9 	9 	0.1 	0.0 	0.0 	0.0 	0.0 	1.3 	WR83		Minnesota Vikings	Detroit Lions	0 	0.0 	0 	0.0 	0.9 	9 	0.1 	0.0 	0.0 	0.0 	0.0 	1.3 	WR84		Minnesota Vikings	Buffalo Bills	0 	0.0 	0 	0.0 	0.9 	9 	0.1 	0.0 	0.0 	0.0 	0.0 	1.3 	WR89		Minnesota Vikings	Green Bay Packers	0 	0.0 	0 	0.0 	0.9 	9 	0.1 	0.0 	0.0 	0.0 	0.0 	1.2 	WR84		Minnesota Vikings	San Francisco 49ers	0 	0.0 	0 	0.0 	0.9 	9 	0.1 	0.0 	0.0 	0.0 	0.0 	1.3 	WR80		Minnesota Vikings	Atlanta Falcons	0 	0.0 	0 	0.0 	0.9 	9 	0.1 	0.0 	0.0 	0.0 	0.0 	1.2 	WR97		Minnesota Vikings	Carolina Panthers	0 	0.0 	0 	0.0 	0.9 	9 	0.1 	0.0 	0.0 	0.0 	0.0 	1.2 	WR87		Minnesota Vikings	New England Patriots	0 	0.0 	0 	0.0 	0.9 	9 	0.1 	0.0 	0.0 	0.0 	0.0 	1.2 	WR92		Minnesota Vikings	Detroit Lions	0 	0.0 	0 	0.0 	0.9 	9 	0.1 	0.0 	0.0 	0.0 	0.0 	1.3 	WR98		Minnesota Vikings	Washington Commanders	0 	0.0 	0 	0.0 	0.9 	9 	0.1 	0.0 	0.0 	0.0 	0.0 	1.3 	WR97		Minnesota Vikings	New York Jets	0 	0.0 	0 	0.0 	0.9 	9 	0.1 	0.0 	0.0 	0.0 	0.0 	1.2 	WR98		Actual	Actual	Actual	Actual	Forecast	Forecast	Forecast	Forecast	Forecast	Forecast	Forecast	Forecast	Forecast	Forecast	Forecast	Forecast	Forecast		Healthy	Injured	Healthy	Healthy	Healthy	Healthy	Healthy	Healthy	Healthy	Healthy	Healthy	Healthy	Healthy	Healthy	Healthy	Healthy	Healthy		Week 5 2026	10/9/2026	4:29:22 PM	16		4%	4%	0%	0%	0%	0%		0.0 	1	0	0	0	0	
	Tyson Bagent	Chicago Bears	QB	QB38	2.0 	29 	546 	39.0 	1.6 	0.1 	27 	1.9 	0.2 	0.0 	0.0 	0.0 	0 	0.0 	0.0 	0.0 	1.7 	0.1 	0.0 	0.078 	0.460 	0.024 	(2)	0.000 	0.000 	259 	0 	(259)	36 	0 	(36)	0.013 																0.0 	2.2 	0.0 	8.8 	13.9 	0.3 	0.3 	0.3 	0.4 	0.0 	0.4 	0.3 	0.3 	0.4 	0.3 	0.3 	0.3 		-	QB33	-	QB28	QB24	QB31	QB32	QB32	QB34	-	QB29	QB37	QB32	QB34	QB37	QB37	QB36		QB34	1.5 	18.6 	0.1 	2.2 	0.0 	0.0 	0.0 	0.0 	34 	0.069 	0.460 	0.055 	(1)	0.000 	0.000 	250 	0.029 		18 														QB39	5.5 	111.9 	0.8 	13.1 	0.1 	0.0 	0.0 	0.0 	39 	0.099 	0.460 	0.000 	(1)	0.000 	0.000 	#N/A	0.000 		11.0 																	Chicago Bears	Carolina Panthers	0 	0.0 	0 	0.0 	0.0 	0 	0.0 	0.0 	0.0 	0.0 	0.0 	0.0 	-		Chicago Bears	Minnesota Vikings	54 	0.0 	0 	0.0 	0.0 	0 	0.0 	0.0 	0.0 	0.0 	0.0 	2.2 	QB33		Chicago Bears	Philadelphia Eagles	0 	0.0 	0 	0.0 	0.0 	0 	0.0 	0.0 	0.0 	0.0 	0.0 	0.0 	-		Chicago Bears	New York Jets	268 	0.0 	1 	0.0 	0.0 	0 	0.0 	1.0 	0.0 	0.0 	0.0 	8.8 	QB28		Chicago Bears	Green Bay Packers	201 	1.5 	10 	0.1 	0.0 	0 	0.0 	0.6 	0.1 	0.0 	0.0 	13.9 	QB24		Chicago Bears	Atlanta Falcons	2 	0.0 	1 	0.0 	0.0 	0 	0.0 	0.0 	0.0 	0.0 	0.0 	0.3 	QB31		Chicago Bears	New England Patriots	2 	0.0 	1 	0.0 	0.0 	0 	0.0 	0.0 	0.0 	0.0 	0.0 	0.3 	QB32		Chicago Bears	Seattle Seahawks	2 	0.0 	1 	0.0 	0.0 	0 	0.0 	0.0 	0.0 	0.0 	0.0 	0.3 	QB32		Chicago Bears	Tampa Bay Buccaneers	2 	0.0 	1 	0.0 	0.0 	0 	0.0 	0.0 	0.0 	0.0 	0.0 	0.4 	QB34		Chicago Bears	BYE	0 	0.0 	0 	0.0 	0.0 	0 	0.0 	0.0 	0.0 	0.0 	0.0 	0.0 	-		Chicago Bears	New Orleans Saints	2 	0.0 	2 	0.0 	0.0 	0 	0.0 	0.0 	0.0 	0.0 	0.0 	0.4 	QB29		Chicago Bears	Detroit Lions	2 	0.0 	1 	0.0 	0.0 	0 	0.0 	0.0 	0.0 	0.0 	0.0 	0.3 	QB37		Chicago Bears	Jacksonville Jaguars	2 	0.0 	1 	0.0 	0.0 	0 	0.0 	0.0 	0.0 	0.0 	0.0 	0.3 	QB32		Chicago Bears	Miami Dolphins	2 	0.0 	2 	0.0 	0.0 	0 	0.0 	0.0 	0.0 	0.0 	0.0 	0.4 	QB34		Chicago Bears	Buffalo Bills	2 	0.0 	1 	0.0 	0.0 	0 	0.0 	0.0 	0.0 	0.0 	0.0 	0.3 	QB37		Chicago Bears	Green Bay Packers	2 	0.0 	1 	0.0 	0.0 	0 	0.0 	0.0 	0.0 	0.0 	0.0 	0.3 	QB37		Chicago Bears	Detroit Lions	2 	0.0 	1 	0.0 	0.0 	0 	0.0 	0.0 	0.0 	0.0 	0.0 	0.3 	QB36		Actual	Actual	Actual	Actual	Forecast	Forecast	Forecast	Forecast	Forecast	Forecast	Forecast	Forecast	Forecast	Forecast	Forecast	Forecast	Forecast		Healthy	Healthy	Healthy	Healthy	Healthy	Healthy	Healthy	Healthy	Healthy	Healthy	Healthy	Healthy	Healthy	Healthy	Healthy	Healthy	Healthy		Week 5 2026	10/9/2026	4:29:22 PM	16		0%	0%	1%	1%	1%	1%		0.0 	0	0	0	0	0	0.029011 
	Isiah Pacheco	Detroit Lions	RB	RB77	2.9 	14 	0 	0.0 	0.0 	0.0 	81 	16.2 	0.8 	0.2 	2.4 	0.5 	13 	2.5 	0.1 	0.0 	0.0 	0.2 	0.0 	0.039 	1.000 	0.043 	(1)	0.000 	0.000 	254 	175 	(79)	77 	58 	(19)	0.025 				-	-		-	-		-	-		-	-		0.0 	0.0 	0.0 	0.0 	0.0 	0.0 	0.0 	0.0 	0.0 	0.0 	0.0 	0.0 	2.8 	3.2 	2.7 	3.0 	2.6 		-	-	-	-	-	-	-	-	-	-	-	-	RB54	RB53	RB62	RB57	RB60		RB74	2.9 	0.0 	0.0 	16.2 	0.2 	0.5 	2.5 	0.0 	74 	0.056 	1.000 	0.082 	(1)	0.000 	0.000 	243 	0.045 		14 														-	0.0 	0.0 	0.0 	0.0 	0.0 	0.0 	0.0 	0.0 	#N/A	0.000 	1.000 	#N/A	(1)	0.000 	0.000 	#N/A	#N/A		0.0 																	Detroit Lions	New Orleans Saints	0 	0.0 	0 	0.0 	0.0 	0 	0.0 	0.0 	0.0 	0.0 	0.0 	0.0 	-		Detroit Lions	Buffalo Bills	0 	0.0 	0 	0.0 	0.0 	0 	0.0 	0.0 	0.0 	0.0 	0.0 	0.0 	-		Detroit Lions	New York Jets	0 	0.0 	0 	0.0 	0.0 	0 	0.0 	0.0 	0.0 	0.0 	0.0 	0.0 	-		Detroit Lions	Carolina Panthers	0 	0.0 	0 	0.0 	0.0 	0 	0.0 	0.0 	0.0 	0.0 	0.0 	0.0 	-		Detroit Lions	Arizona Cardinals	0 	0.0 	0 	0.0 	0.0 	0 	0.0 	0.0 	0.0 	0.0 	0.0 	0.0 	-		Detroit Lions	BYE	0 	0.0 	0 	0.0 	0.0 	0 	0.0 	0.0 	0.0 	0.0 	0.0 	0.0 	-		Detroit Lions	Green Bay Packers	0 	0.0 	0 	0.0 	0.0 	0 	0.0 	0.0 	0.0 	0.0 	0.0 	0.0 	-		Detroit Lions	Minnesota Vikings	0 	0.0 	0 	0.0 	0.0 	0 	0.0 	0.0 	0.0 	0.0 	0.0 	0.0 	-		Detroit Lions	Miami Dolphins	0 	0.0 	0 	0.0 	0.0 	0 	0.0 	0.0 	0.0 	0.0 	0.0 	0.0 	-		Detroit Lions	New England Patriots	0 	0.0 	0 	0.0 	0.0 	0 	0.0 	0.0 	0.0 	0.0 	0.0 	0.0 	-		Detroit Lions	Tampa Bay Buccaneers	0 	0.0 	0 	0.0 	0.0 	0 	0.0 	0.0 	0.0 	0.0 	0.0 	0.0 	-		Detroit Lions	Chicago Bears	0 	0.0 	0 	0.0 	0.0 	0 	0.0 	0.0 	0.0 	0.0 	0.0 	0.0 	-		Detroit Lions	Atlanta Falcons	0 	0.0 	16 	0.2 	0.5 	3 	0.0 	0.0 	0.0 	0.0 	0.0 	2.8 	RB54		Detroit Lions	Tennessee Titans	0 	0.0 	18 	0.2 	0.5 	2 	0.0 	0.0 	0.0 	0.0 	0.0 	3.2 	RB53		Detroit Lions	Minnesota Vikings	0 	0.0 	15 	0.1 	0.5 	2 	0.0 	0.0 	0.0 	0.0 	0.0 	2.7 	RB62		Detroit Lions	New York Giants	0 	0.0 	17 	0.2 	0.5 	3 	0.0 	0.0 	0.0 	0.0 	0.0 	3.0 	RB57		Detroit Lions	Chicago Bears	0 	0.0 	15 	0.1 	0.5 	3 	0.0 	0.0 	0.0 	0.0 	0.0 	2.6 	RB60		Actual	Actual	Actual	Actual	Forecast	Forecast	Forecast	Forecast	Forecast	Forecast	Forecast	Forecast	Forecast	Forecast	Forecast	Forecast	Forecast		Injured	Injured	Injured	Injured	Injured	Injured	Injured	Injured	Injured	Injured	Injured	Injured	Healthy	Healthy	Healthy	Healthy	Healthy		Week 5 2026	10/9/2026	4:29:22 PM	16		1%	1%	15%	18%	0%	0%		0.0 	1	1	1	1	1	
	Jack Bech	Las Vegas Raiders	WR	WR96	1.9 	17 	0 	0.0 	0.0 	0.0 	0 	0.0 	0.0 	0.0 	9.2 	1.0 	95 	10.6 	1.3 	0.1 	0.0 	0.0 	0.0 	0.047 	1.000 	0.040 	(1)	0.000 	0.000 	255 	291 	36 	96 	99 	3 	0.025 				-	-		-	-		-	-		-	-		8.3 	2.5 	0.0 	0.0 	0.0 	0.0 	0.0 	0.0 	0.0 	0.9 	0.9 	0.9 	0.0 	0.9 	0.9 	1.0 	1.0 		WR25	WR63	-	-	-	-	-	-	-	WR87	WR82	WR100	-	WR94	WR101	WR100	WR100		WR104	0.9 	0.0 	0.0 	0.0 	0.0 	0.6 	6.7 	0.0 	104 	0.025 	1.000 	0.000 	(1)	0.000 	0.000 	266 	0.004 		7 														WR91	5.4 	0.0 	0.0 	0.0 	0.0 	2.1 	23.5 	0.2 	91 	0.097 	1.000 	0.090 	(1)	0.000 	0.000 	#N/A	0.055 		10.8 																	Las Vegas Raiders	Miami Dolphins	0 	0.0 	0 	0.0 	3.0 	23 	1.0 	0.0 	0.0 	0.0 	0.0 	8.3 	WR25		Las Vegas Raiders	Los Angeles Chargers	0 	0.0 	0 	0.0 	2.0 	25 	0.0 	0.0 	0.0 	0.0 	0.0 	2.5 	WR63		Las Vegas Raiders	New Orleans Saints	0 	0.0 	0 	0.0 	0.0 	0 	0.0 	0.0 	0.0 	0.0 	0.0 	0.0 	-		Las Vegas Raiders	Kansas City Chiefs	0 	0.0 	0 	0.0 	0.0 	0 	0.0 	0.0 	0.0 	0.0 	0.0 	0.0 	-		Las Vegas Raiders	New England Patriots	0 	0.0 	0 	0.0 	0.0 	0 	0.0 	0.0 	0.0 	0.0 	0.0 	0.0 	-		Las Vegas Raiders	Buffalo Bills	0 	0.0 	0 	0.0 	0.0 	0 	0.0 	0.0 	0.0 	0.0 	0.0 	0.0 	-		Las Vegas Raiders	Los Angeles Rams	0 	0.0 	0 	0.0 	0.0 	0 	0.0 	0.0 	0.0 	0.0 	0.0 	0.0 	-		Las Vegas Raiders	New York Jets	0 	0.0 	0 	0.0 	0.0 	0 	0.0 	0.0 	0.0 	0.0 	0.0 	0.0 	-		Las Vegas Raiders	San Francisco 49ers	0 	0.0 	0 	0.0 	0.0 	0 	0.0 	0.0 	0.0 	0.0 	0.0 	0.0 	-		Las Vegas Raiders	Seattle Seahawks	0 	0.0 	0 	0.0 	0.6 	7 	0.0 	0.0 	0.0 	0.0 	0.0 	0.9 	WR87		Las Vegas Raiders	Denver Broncos	0 	0.0 	0 	0.0 	0.6 	7 	0.0 	0.0 	0.0 	0.0 	0.0 	0.9 	WR82		Las Vegas Raiders	Cleveland Browns	0 	0.0 	0 	0.0 	0.6 	7 	0.0 	0.0 	0.0 	0.0 	0.0 	0.9 	WR100		Las Vegas Raiders	BYE	0 	0.0 	0 	0.0 	0.0 	0 	0.0 	0.0 	0.0 	0.0 	0.0 	0.0 	-		Las Vegas Raiders	Los Angeles Chargers	0 	0.0 	0 	0.0 	0.6 	7 	0.0 	0.0 	0.0 	0.0 	0.0 	0.9 	WR94		Las Vegas Raiders	Denver Broncos	0 	0.0 	0 	0.0 	0.6 	7 	0.0 	0.0 	0.0 	0.0 	0.0 	0.9 	WR101		Las Vegas Raiders	Tennessee Titans	0 	0.0 	0 	0.0 	0.6 	7 	0.0 	0.0 	0.0 	0.0 	0.0 	1.0 	WR100		Las Vegas Raiders	Arizona Cardinals	0 	0.0 	0 	0.0 	0.6 	7 	0.0 	0.0 	0.0 	0.0 	0.0 	1.0 	WR100		Actual	Actual	Actual	Actual	Forecast	Forecast	Forecast	Forecast	Forecast	Forecast	Forecast	Forecast	Forecast	Forecast	Forecast	Forecast	Forecast		Healthy	Healthy	Healthy	Injured	Injured	Injured	Injured	Injured	Injured	Healthy	Healthy	Healthy	Healthy	Healthy	Healthy	Healthy	Healthy		Week 5 2026	10/9/2026	4:29:22 PM	16		3%	3%	0%	0%	0%	0%		(0.1)	0	0	1	1	1	
	Jordan Whittington	Los Angeles Rams	WR	WR99	1.1 	15 	0 	0.0 	0.0 	0.0 	0 	0.0 	0.0 	0.0 	10.9 	0.8 	97 	6.9 	0.9 	0.1 	0.0 	0.0 	0.0 	0.041 	1.000 	0.010 	(1)	0.000 	0.000 	260 	0 	(260)	99 	0 	(99)	0.011 																0.8 	0.0 	0.0 	0.4 	1.2 	1.2 	1.1 	1.2 	1.2 	1.2 	0.0 	1.1 	1.1 	1.2 	1.2 	1.1 	1.1 		WR85	-	-	WR77	WR80	WR80	WR84	WR85	WR90	WR85	-	WR98	WR88	WR93	WR99	WR99	WR99		WR97	1.2 	0.0 	0.0 	0.0 	0.0 	0.7 	7.1 	0.1 	97 	0.054 	1.000 	0.030 	(1)	0.000 	0.000 	253 	0.022 		14 														WR141	0.6 	0.0 	0.0 	0.0 	0.0 	4.5 	42.3 	0.5 	141 	0.011 	1.000 	0.000 	(1)	0.000 	0.000 	#N/A	0.002 		1.2 																	Los Angeles Rams	San Francisco 49ers	0 	0.0 	0 	0.0 	1.0 	8 	0.0 	0.0 	0.0 	0.0 	0.0 	0.8 	WR85		Los Angeles Rams	New York Giants	0 	0.0 	0 	0.0 	0.0 	0 	0.0 	0.0 	0.0 	0.0 	0.0 	0.0 	-		Los Angeles Rams	Denver Broncos	0 	0.0 	0 	0.0 	0.0 	0 	0.0 	0.0 	0.0 	0.0 	0.0 	0.0 	-		Los Angeles Rams	Philadelphia Eagles	0 	0.0 	0 	0.0 	1.0 	4 	0.0 	0.0 	0.0 	0.0 	0.0 	0.4 	WR77		Los Angeles Rams	Buffalo Bills	0 	0.0 	0 	0.0 	0.8 	7 	0.1 	0.0 	0.0 	0.0 	0.0 	1.2 	WR80		Los Angeles Rams	Arizona Cardinals	0 	0.0 	0 	0.0 	0.8 	7 	0.1 	0.0 	0.0 	0.0 	0.0 	1.2 	WR80		Los Angeles Rams	Las Vegas Raiders	0 	0.0 	0 	0.0 	0.7 	7 	0.1 	0.0 	0.0 	0.0 	0.0 	1.1 	WR84		Los Angeles Rams	Los Angeles Chargers	0 	0.0 	0 	0.0 	0.7 	7 	0.1 	0.0 	0.0 	0.0 	0.0 	1.2 	WR85		Los Angeles Rams	Washington Commanders	0 	0.0 	0 	0.0 	0.8 	7 	0.1 	0.0 	0.0 	0.0 	0.0 	1.2 	WR90		Los Angeles Rams	Arizona Cardinals	0 	0.0 	0 	0.0 	0.7 	7 	0.1 	0.0 	0.0 	0.0 	0.0 	1.2 	WR85		Los Angeles Rams	BYE	0 	0.0 	0 	0.0 	0.0 	0 	0.0 	0.0 	0.0 	0.0 	0.0 	0.0 	-		Los Angeles Rams	Green Bay Packers	0 	0.0 	0 	0.0 	0.7 	7 	0.1 	0.0 	0.0 	0.0 	0.0 	1.1 	WR98		Los Angeles Rams	Kansas City Chiefs	0 	0.0 	0 	0.0 	0.7 	7 	0.1 	0.0 	0.0 	0.0 	0.0 	1.1 	WR88		Los Angeles Rams	San Francisco 49ers	0 	0.0 	0 	0.0 	0.7 	7 	0.1 	0.0 	0.0 	0.0 	0.0 	1.2 	WR93		Los Angeles Rams	Dallas Cowboys	0 	0.0 	0 	0.0 	0.7 	7 	0.1 	0.0 	0.0 	0.0 	0.0 	1.2 	WR99		Los Angeles Rams	Seattle Seahawks	0 	0.0 	0 	0.0 	0.7 	7 	0.1 	0.0 	0.0 	0.0 	0.0 	1.1 	WR99		Los Angeles Rams	Tampa Bay Buccaneers	0 	0.0 	0 	0.0 	0.7 	7 	0.1 	0.0 	0.0 	0.0 	0.0 	1.1 	WR99		Actual	Actual	Actual	Actual	Forecast	Forecast	Forecast	Forecast	Forecast	Forecast	Forecast	Forecast	Forecast	Forecast	Forecast	Forecast	Forecast		Healthy	Injured	Healthy	Healthy	Healthy	Healthy	Healthy	Healthy	Healthy	Healthy	Healthy	Healthy	Healthy	Healthy	Healthy	Healthy	Healthy		Week 5 2026	10/9/2026	4:29:22 PM	16		3%	4%	0%	0%	0%	0%		0.0 	1	0	0	0	0	
	Adam Randall	Baltimore Ravens	RB	RB78	0.5 	5 	0 	0.0 	0.0 	0.0 	34 	3.1 	0.3 	0.0 	0.0 	0.0 	0 	0.0 	0.0 	0.0 	0.0 	0.1 	0.0 	0.014 	1.000 	0.030 	(1)	0.000 	0.000 	257 	0 	(257)	78 	0 	(78)	0.016 																0.0 	0.0 	0.0 	0.0 	0.0 	0.4 	0.5 	0.4 	0.5 	0.5 	0.5 	0.4 	0.0 	0.5 	0.5 	0.5 	0.4 		-	-	-	-	-	RB61	RB60	RB61	RB70	RB65	RB59	RB76	-	RB74	RB77	RB77	RB77		RB77	0.5 	0.0 	0.0 	3.1 	0.0 	0.0 	0.0 	0.0 	77 	0.020 	1.000 	0.043 	(1)	0.000 	0.000 	252 	0.022 		5 															0.0 	0.0 	0.0 	0.0 	0.0 	0.0 	0.0 	0.0 	#N/A	0.000 	1.000 	#N/A	(1)	0.000 	0.000 	#N/A	#N/A		0.0 																	Baltimore Ravens	Indianapolis Colts	0 	0.0 	0 	0.0 	0.0 	0 	0.0 	0.0 	0.0 	0.0 	0.0 	0.0 	-		Baltimore Ravens	New Orleans Saints	0 	0.0 	0 	0.0 	0.0 	0 	0.0 	0.0 	0.0 	0.0 	0.0 	0.0 	-		Baltimore Ravens	Dallas Cowboys	0 	0.0 	0 	0.0 	0.0 	0 	0.0 	0.0 	0.0 	0.0 	0.0 	0.0 	-		Baltimore Ravens	Tennessee Titans	0 	0.0 	0 	0.0 	0.0 	0 	0.0 	0.0 	0.0 	0.0 	0.0 	0.0 	-		Baltimore Ravens	Atlanta Falcons	0 	0.0 	0 	0.0 	0.0 	0 	0.0 	0.0 	0.0 	0.0 	0.0 	0.0 	-		Baltimore Ravens	Cleveland Browns	0 	0.0 	3 	0.0 	0.0 	0 	0.0 	0.0 	0.0 	0.0 	0.0 	0.4 	RB61		Baltimore Ravens	Cincinnati Bengals	0 	0.0 	3 	0.0 	0.0 	0 	0.0 	0.0 	0.0 	0.0 	0.0 	0.5 	RB60		Baltimore Ravens	Buffalo Bills	0 	0.0 	3 	0.0 	0.0 	0 	0.0 	0.0 	0.0 	0.0 	0.0 	0.4 	RB61		Baltimore Ravens	Jacksonville Jaguars	0 	0.0 	3 	0.0 	0.0 	0 	0.0 	0.0 	0.0 	0.0 	0.0 	0.5 	RB70		Baltimore Ravens	Los Angeles Chargers	0 	0.0 	3 	0.0 	0.0 	0 	0.0 	0.0 	0.0 	0.0 	0.0 	0.5 	RB65		Baltimore Ravens	Carolina Panthers	0 	0.0 	3 	0.0 	0.0 	0 	0.0 	0.0 	0.0 	0.0 	0.0 	0.5 	RB59		Baltimore Ravens	Houston Texans	0 	0.0 	3 	0.0 	0.0 	0 	0.0 	0.0 	0.0 	0.0 	0.0 	0.4 	RB76		Baltimore Ravens	BYE	0 	0.0 	0 	0.0 	0.0 	0 	0.0 	0.0 	0.0 	0.0 	0.0 	0.0 	-		Baltimore Ravens	Tampa Bay Buccaneers	0 	0.0 	3 	0.0 	0.0 	0 	0.0 	0.0 	0.0 	0.0 	0.0 	0.5 	RB74		Baltimore Ravens	Pittsburgh Steelers	0 	0.0 	3 	0.0 	0.0 	0 	0.0 	0.0 	0.0 	0.0 	0.0 	0.5 	RB77		Baltimore Ravens	Cleveland Browns	0 	0.0 	3 	0.0 	0.0 	0 	0.0 	0.0 	0.0 	0.0 	0.0 	0.5 	RB77		Baltimore Ravens	Cincinnati Bengals	0 	0.0 	3 	0.0 	0.0 	0 	0.0 	0.0 	0.0 	0.0 	0.0 	0.4 	RB77		Actual	Actual	Actual	Actual	Forecast	Forecast	Forecast	Forecast	Forecast	Forecast	Forecast	Forecast	Forecast	Forecast	Forecast	Forecast	Forecast		Injured	Injured	Injured	Injured	Injured	Healthy	Healthy	Healthy	Healthy	Healthy	Healthy	Healthy	Healthy	Healthy	Healthy	Healthy	Healthy		Week 5 2026	10/9/2026	4:29:22 PM	16		0%	0%	2%	2%	0%	0%		0.0 	1	1	1	1	0	
	Olamide Zaccheaus	Atlanta Falcons	WR	WR101	0.8 	12 	0 	0.0 	0.0 	0.0 	0 	0.0 	0.0 	0.0 	13.5 	0.9 	88 	5.9 	0.6 	0.0 	0.0 	0.0 	0.0 	0.034 	1.000 	0.000 	(1)	0.000 	0.000 	263 	0 	(263)	101 	0 	(101)	0.005 																0.5 	0.3 	0.9 	0.0 	0.9 	0.9 	0.9 	0.9 	0.9 	0.9 	0.0 	0.9 	0.9 	0.8 	0.9 	0.9 	0.9 		WR87	WR85	WR82	-	WR82	WR82	WR86	WR87	WR91	WR88	-	WR101	WR89	WR96	WR102	WR102	WR102		WR99	0.9 	0.0 	0.0 	0.0 	0.0 	0.8 	5.9 	0.1 	99 	0.042 	1.000 	0.010 	(1)	0.000 	0.000 	258 	0.011 		11 														WR136	0.6 	0.0 	0.0 	0.0 	0.0 	3.2 	23.7 	0.2 	136 	0.015 	1.000 	0.000 	(1)	0.000 	0.000 	#N/A	0.002 		1.7 																	Atlanta Falcons	Pittsburgh Steelers	0 	0.0 	0 	0.0 	1.0 	5 	0.0 	0.0 	0.0 	0.0 	0.0 	0.5 	WR87		Atlanta Falcons	Carolina Panthers	0 	0.0 	0 	0.0 	1.0 	3 	0.0 	0.0 	0.0 	0.0 	0.0 	0.3 	WR85		Atlanta Falcons	Green Bay Packers	0 	0.0 	0 	0.0 	2.0 	9 	0.0 	0.0 	0.0 	0.0 	0.0 	0.9 	WR82		Atlanta Falcons	New Orleans Saints	0 	0.0 	0 	0.0 	0.0 	0 	0.0 	0.0 	0.0 	0.0 	0.0 	0.0 	-		Atlanta Falcons	Baltimore Ravens	0 	0.0 	0 	0.0 	0.8 	6 	0.1 	0.0 	0.0 	0.0 	0.0 	0.9 	WR82		Atlanta Falcons	Chicago Bears	0 	0.0 	0 	0.0 	0.8 	6 	0.1 	0.0 	0.0 	0.0 	0.0 	0.9 	WR82		Atlanta Falcons	San Francisco 49ers	0 	0.0 	0 	0.0 	0.8 	6 	0.1 	0.0 	0.0 	0.0 	0.0 	0.9 	WR86		Atlanta Falcons	Tampa Bay Buccaneers	0 	0.0 	0 	0.0 	0.8 	6 	0.1 	0.0 	0.0 	0.0 	0.0 	0.9 	WR87		Atlanta Falcons	Cincinnati Bengals	0 	0.0 	0 	0.0 	0.8 	6 	0.1 	0.0 	0.0 	0.0 	0.0 	0.9 	WR91		Atlanta Falcons	Kansas City Chiefs	0 	0.0 	0 	0.0 	0.8 	6 	0.0 	0.0 	0.0 	0.0 	0.0 	0.9 	WR88		Atlanta Falcons	BYE	0 	0.0 	0 	0.0 	0.0 	0 	0.0 	0.0 	0.0 	0.0 	0.0 	0.0 	-		Atlanta Falcons	Minnesota Vikings	0 	0.0 	0 	0.0 	0.8 	6 	0.0 	0.0 	0.0 	0.0 	0.0 	0.9 	WR101		Atlanta Falcons	Detroit Lions	0 	0.0 	0 	0.0 	0.8 	6 	0.1 	0.0 	0.0 	0.0 	0.0 	0.9 	WR89		Atlanta Falcons	Cleveland Browns	0 	0.0 	0 	0.0 	0.8 	6 	0.0 	0.0 	0.0 	0.0 	0.0 	0.8 	WR96		Atlanta Falcons	Washington Commanders	0 	0.0 	0 	0.0 	0.8 	6 	0.1 	0.0 	0.0 	0.0 	0.0 	0.9 	WR102		Atlanta Falcons	Tampa Bay Buccaneers	0 	0.0 	0 	0.0 	0.8 	6 	0.1 	0.0 	0.0 	0.0 	0.0 	0.9 	WR102		Atlanta Falcons	New Orleans Saints	0 	0.0 	0 	0.0 	0.8 	6 	0.1 	0.0 	0.0 	0.0 	0.0 	0.9 	WR102		Actual	Actual	Actual	Actual	Forecast	Forecast	Forecast	Forecast	Forecast	Forecast	Forecast	Forecast	Forecast	Forecast	Forecast	Forecast	Forecast		Healthy	Healthy	Healthy	Healthy	Healthy	Healthy	Healthy	Healthy	Healthy	Healthy	Healthy	Healthy	Healthy	Healthy	Healthy	Healthy	Healthy		Week 5 2026	10/9/2026	4:29:22 PM	16		3%	4%	0%	0%	0%	0%		0.0 	0	0	0	0	0	0.008492 
	Omar Cooper Jr.	New York Jets	WR	WR100	1.1 	13 	0 	0.0 	0.0 	0.0 	0 	0.0 	0.0 	0.0 	6.5 	0.5 	102 	8.5 	0.6 	0.0 	0.0 	0.0 	0.0 	0.037 	1.000 	0.000 	(1)	0.000 	0.000 	262 	190 	(72)	100 	65 	(35)	0.006 																3.0 	0.0 	0.0 	0.0 	0.0 	0.9 	1.0 	1.0 	0.9 	1.0 	0.9 	1.0 	0.0 	0.9 	1.0 	0.9 	0.9 		WR61	-	-	-	-	WR81	WR85	WR86	WR92	WR86	WR81	WR99	-	WR95	WR100	WR101	WR101		WR100	1.0 	0.0 	0.0 	0.0 	0.0 	0.5 	6.5 	0.1 	100 	0.041 	1.000 	0.000 	(1)	0.000 	0.000 	261 	0.006 		10 														WR123	3.0 	0.0 	0.0 	0.0 	0.0 	5.5 	72.0 	0.6 	123 	0.027 	1.000 	0.000 	(1)	0.000 	0.000 	#N/A	0.004 		3.0 																	New York Jets	Tennessee Titans	0 	0.0 	0 	0.0 	1.0 	30 	0.0 	0.0 	0.0 	0.0 	0.0 	3.0 	WR61		New York Jets	Green Bay Packers	0 	0.0 	0 	0.0 	0.0 	0 	0.0 	0.0 	0.0 	0.0 	0.0 	0.0 	-		New York Jets	Detroit Lions	0 	0.0 	0 	0.0 	0.0 	0 	0.0 	0.0 	0.0 	0.0 	0.0 	0.0 	-		New York Jets	Chicago Bears	0 	0.0 	0 	0.0 	0.0 	0 	0.0 	0.0 	0.0 	0.0 	0.0 	0.0 	-		New York Jets	Cleveland Browns	0 	0.0 	0 	0.0 	0.0 	0 	0.0 	0.0 	0.0 	0.0 	0.0 	0.0 	-		New York Jets	New England Patriots	0 	0.0 	0 	0.0 	0.5 	6 	0.0 	0.0 	0.0 	0.0 	0.0 	0.9 	WR81		New York Jets	Miami Dolphins	0 	0.0 	0 	0.0 	0.5 	7 	0.1 	0.0 	0.0 	0.0 	0.0 	1.0 	WR85		New York Jets	Las Vegas Raiders	0 	0.0 	0 	0.0 	0.5 	7 	0.1 	0.0 	0.0 	0.0 	0.0 	1.0 	WR86		New York Jets	Kansas City Chiefs	0 	0.0 	0 	0.0 	0.5 	7 	0.0 	0.0 	0.0 	0.0 	0.0 	0.9 	WR92		New York Jets	Buffalo Bills	0 	0.0 	0 	0.0 	0.5 	7 	0.1 	0.0 	0.0 	0.0 	0.0 	1.0 	WR86		New York Jets	Los Angeles Chargers	0 	0.0 	0 	0.0 	0.5 	7 	0.0 	0.0 	0.0 	0.0 	0.0 	0.9 	WR81		New York Jets	Miami Dolphins	0 	0.0 	0 	0.0 	0.5 	7 	0.1 	0.0 	0.0 	0.0 	0.0 	1.0 	WR99		New York Jets	BYE	0 	0.0 	0 	0.0 	0.0 	0 	0.0 	0.0 	0.0 	0.0 	0.0 	0.0 	-		New York Jets	Denver Broncos	0 	0.0 	0 	0.0 	0.5 	7 	0.0 	0.0 	0.0 	0.0 	0.0 	0.9 	WR95		New York Jets	Arizona Cardinals	0 	0.0 	0 	0.0 	0.5 	7 	0.1 	0.0 	0.0 	0.0 	0.0 	1.0 	WR100		New York Jets	New England Patriots	0 	0.0 	0 	0.0 	0.5 	7 	0.0 	0.0 	0.0 	0.0 	0.0 	0.9 	WR101		New York Jets	Minnesota Vikings	0 	0.0 	0 	0.0 	0.5 	6 	0.0 	0.0 	0.0 	0.0 	0.0 	0.9 	WR101		Actual	Actual	Actual	Actual	Forecast	Forecast	Forecast	Forecast	Forecast	Forecast	Forecast	Forecast	Forecast	Forecast	Forecast	Forecast	Forecast		Healthy	Injured	Injured	Injured	Injured	Limited / Handicapped	Healthy	Healthy	Healthy	Healthy	Healthy	Healthy	Healthy	Healthy	Healthy	Healthy	Healthy		Week 5 2026	10/9/2026	4:29:22 PM	16		3%	4%	0%	0%	0%	0%		0.0 	1	1	1	1	0	
	Jaylin Lane	Washington Commanders	WR	WR102	0.8 	10 	0 	0.0 	0.0 	0.0 	0 	0.0 	0.0 	0.0 	5.5 	0.4 	72 	5.6 	0.5 	0.0 	0.0 	0.0 	0.0 	0.028 	1.000 	0.000 	(1)	0.000 	0.000 	264 	0 	(264)	102 	0 	(102)	0.004 																0.4 	0.0 	2.1 	0.0 	0.0 	0.7 	0.0 	0.7 	0.7 	0.7 	0.7 	0.7 	0.7 	0.7 	0.7 	0.7 	0.7 		WR89	-	WR67	-	-	WR83	-	WR88	WR93	WR90	WR83	WR103	WR90	WR98	WR103	WR104	WR103		WR103	0.7 	0.0 	0.0 	0.0 	0.0 	0.3 	4.3 	0.0 	103 	0.030 	1.000 	0.000 	(1)	0.000 	0.000 	265 	0.004 		8 														WR129	1.3 	0.0 	0.0 	0.0 	0.0 	1.7 	23.7 	0.2 	129 	0.022 	1.000 	0.000 	(1)	0.000 	0.000 	#N/A	0.003 		2.5 																	Washington Commanders	Philadelphia Eagles	0 	0.0 	0 	0.0 	1.0 	4 	0.0 	0.0 	0.0 	0.0 	0.0 	0.4 	WR89		Washington Commanders	Dallas Cowboys	0 	0.0 	0 	0.0 	0.0 	0 	0.0 	0.0 	0.0 	0.0 	0.0 	0.0 	-		Washington Commanders	Seattle Seahawks	0 	0.0 	0 	0.0 	1.0 	21 	0.0 	0.0 	0.0 	0.0 	0.0 	2.1 	WR67		Washington Commanders	Indianapolis Colts	0 	0.0 	0 	0.0 	0.0 	0 	0.0 	0.0 	0.0 	0.0 	0.0 	0.0 	-		Washington Commanders	New York Giants	0 	0.0 	0 	0.0 	0.0 	0 	0.0 	0.0 	0.0 	0.0 	0.0 	0.0 	-		Washington Commanders	San Francisco 49ers	0 	0.0 	0 	0.0 	0.3 	4 	0.0 	0.0 	0.0 	0.0 	0.0 	0.7 	WR83		Washington Commanders	BYE	0 	0.0 	0 	0.0 	0.0 	0 	0.0 	0.0 	0.0 	0.0 	0.0 	0.0 	-		Washington Commanders	Philadelphia Eagles	0 	0.0 	0 	0.0 	0.3 	4 	0.0 	0.0 	0.0 	0.0 	0.0 	0.7 	WR88		Washington Commanders	Los Angeles Rams	0 	0.0 	0 	0.0 	0.3 	4 	0.0 	0.0 	0.0 	0.0 	0.0 	0.7 	WR93		Washington Commanders	New York Giants	0 	0.0 	0 	0.0 	0.3 	4 	0.0 	0.0 	0.0 	0.0 	0.0 	0.7 	WR90		Washington Commanders	Cincinnati Bengals	0 	0.0 	0 	0.0 	0.3 	4 	0.0 	0.0 	0.0 	0.0 	0.0 	0.7 	WR83		Washington Commanders	Arizona Cardinals	0 	0.0 	0 	0.0 	0.3 	4 	0.0 	0.0 	0.0 	0.0 	0.0 	0.7 	WR103		Washington Commanders	Tennessee Titans	0 	0.0 	0 	0.0 	0.3 	4 	0.0 	0.0 	0.0 	0.0 	0.0 	0.7 	WR90		Washington Commanders	Houston Texans	0 	0.0 	0 	0.0 	0.3 	4 	0.0 	0.0 	0.0 	0.0 	0.0 	0.7 	WR98		Washington Commanders	Atlanta Falcons	0 	0.0 	0 	0.0 	0.3 	4 	0.0 	0.0 	0.0 	0.0 	0.0 	0.7 	WR103		Washington Commanders	Minnesota Vikings	0 	0.0 	0 	0.0 	0.3 	4 	0.0 	0.0 	0.0 	0.0 	0.0 	0.7 	WR104		Washington Commanders	Jacksonville Jaguars	0 	0.0 	0 	0.0 	0.3 	4 	0.0 	0.0 	0.0 	0.0 	0.0 	0.7 	WR103		Actual	Actual	Actual	Actual	Forecast	Forecast	Forecast	Forecast	Forecast	Forecast	Forecast	Forecast	Forecast	Forecast	Forecast	Forecast	Forecast		Healthy	Healthy	Healthy	Healthy	Injured	Healthy	Healthy	Healthy	Healthy	Healthy	Healthy	Healthy	Healthy	Healthy	Healthy	Healthy	Healthy		Week 5 2026	10/9/2026	4:29:22 PM	16		2%	3%	0%	0%	0%	0%		0.0 	0	0	0	1	0	
	Cyrus Allen	Kansas City Chiefs	WR	WR103	0.7 	8 	0 	0.0 	0.0 	0.0 	0 	0.0 	0.0 	0.0 	4.4 	0.4 	50 	4.2 	0.5 	0.0 	0.0 	0.0 	0.0 	0.023 	1.000 	0.000 	(1)	0.000 	0.000 	265 	252 	(13)	103 	80 	(23)	0.003 																0.0 	0.0 	0.0 	0.0 	0.0 	0.7 	0.7 	0.7 	0.7 	0.7 	0.7 	0.7 	0.7 	0.7 	0.7 	0.7 	0.7 		-	-	-	-	-	WR84	WR87	WR89	WR94	WR89	WR84	WR102	WR91	WR97	WR104	WR103	WR104		WR101	0.7 	0.0 	0.0 	0.0 	0.0 	0.4 	4.2 	0.0 	101 	0.032 	1.000 	0.000 	(1)	0.000 	0.000 	262 	0.005 		8 														-	0.0 	0.0 	0.0 	0.0 	0.0 	0.0 	0.0 	0.0 	#N/A	0.000 	1.000 	#N/A	(1)	0.000 	0.000 	#N/A	#N/A		0.0 																	Kansas City Chiefs	Denver Broncos	0 	0.0 	0 	0.0 	0.0 	0 	0.0 	0.0 	0.0 	0.0 	0.0 	0.0 	-		Kansas City Chiefs	Indianapolis Colts	0 	0.0 	0 	0.0 	0.0 	0 	0.0 	0.0 	0.0 	0.0 	0.0 	0.0 	-		Kansas City Chiefs	Miami Dolphins	0 	0.0 	0 	0.0 	0.0 	0 	0.0 	0.0 	0.0 	0.0 	0.0 	0.0 	-		Kansas City Chiefs	Las Vegas Raiders	0 	0.0 	0 	0.0 	0.0 	0 	0.0 	0.0 	0.0 	0.0 	0.0 	0.0 	-		Kansas City Chiefs	BYE	0 	0.0 	0 	0.0 	0.0 	0 	0.0 	0.0 	0.0 	0.0 	0.0 	0.0 	-		Kansas City Chiefs	Los Angeles Chargers	0 	0.0 	0 	0.0 	0.4 	4 	0.0 	0.0 	0.0 	0.0 	0.0 	0.7 	WR84		Kansas City Chiefs	Seattle Seahawks	0 	0.0 	0 	0.0 	0.4 	4 	0.0 	0.0 	0.0 	0.0 	0.0 	0.7 	WR87		Kansas City Chiefs	Denver Broncos	0 	0.0 	0 	0.0 	0.4 	4 	0.0 	0.0 	0.0 	0.0 	0.0 	0.7 	WR89		Kansas City Chiefs	New York Jets	0 	0.0 	0 	0.0 	0.3 	4 	0.0 	0.0 	0.0 	0.0 	0.0 	0.7 	WR94		Kansas City Chiefs	Atlanta Falcons	0 	0.0 	0 	0.0 	0.4 	4 	0.0 	0.0 	0.0 	0.0 	0.0 	0.7 	WR89		Kansas City Chiefs	Arizona Cardinals	0 	0.0 	0 	0.0 	0.4 	4 	0.0 	0.0 	0.0 	0.0 	0.0 	0.7 	WR84		Kansas City Chiefs	Buffalo Bills	0 	0.0 	0 	0.0 	0.4 	4 	0.0 	0.0 	0.0 	0.0 	0.0 	0.7 	WR102		Kansas City Chiefs	Los Angeles Rams	0 	0.0 	0 	0.0 	0.4 	4 	0.0 	0.0 	0.0 	0.0 	0.0 	0.7 	WR91		Kansas City Chiefs	Cincinnati Bengals	0 	0.0 	0 	0.0 	0.4 	4 	0.0 	0.0 	0.0 	0.0 	0.0 	0.7 	WR97		Kansas City Chiefs	New England Patriots	0 	0.0 	0 	0.0 	0.4 	4 	0.0 	0.0 	0.0 	0.0 	0.0 	0.7 	WR104		Kansas City Chiefs	San Francisco 49ers	0 	0.0 	0 	0.0 	0.4 	4 	0.0 	0.0 	0.0 	0.0 	0.0 	0.7 	WR103		Kansas City Chiefs	Los Angeles Chargers	0 	0.0 	0 	0.0 	0.4 	4 	0.0 	0.0 	0.0 	0.0 	0.0 	0.7 	WR104		Actual	Actual	Actual	Actual	Forecast	Forecast	Forecast	Forecast	Forecast	Forecast	Forecast	Forecast	Forecast	Forecast	Forecast	Forecast	Forecast		Healthy	Healthy	Healthy	Healthy	Healthy	Healthy	Healthy	Healthy	Healthy	Healthy	Healthy	Healthy	Healthy	Healthy	Healthy	Healthy	Healthy		Week 5 2026	10/9/2026	4:29:22 PM	16		2%	3%	0%	0%	0%	0%		0.0 	0	0	0	0	0	0.004852 
	De’Zhaun Stribling	San Francisco 49ers	WR	WR104	1.5 	8 	0 	0.0 	0.0 	0.0 	0 	0.0 	0.0 	0.0 	4.8 	1.0 	57 	11.5 	0.3 	0.1 	0.0 	0.0 	0.0 	0.021 	1.000 	0.000 	(1)	0.000 	0.000 	266 	0 	(266)	104 	0 	(104)	0.003 																0.0 	0.0 	0.0 	0.0 	0.0 	0.0 	0.0 	0.0 	0.0 	0.0 	0.0 	0.0 	1.6 	1.6 	1.5 	1.5 	1.5 		-	-	-	-	-	-	-	-	-	-	-	-	WR83	WR87	WR93	WR93	WR93		WR102	1.5 	0.0 	0.0 	0.0 	0.0 	1.0 	11.5 	0.1 	102 	0.030 	1.000 	0.000 	(1)	0.000 	0.000 	264 	0.004 		8 														-	0.0 	0.0 	0.0 	0.0 	0.0 	0.0 	0.0 	0.0 	#N/A	0.000 	1.000 	#N/A	(1)	0.000 	0.000 	#N/A	#N/A		0.0 																	San Francisco 49ers	Los Angeles Rams	0 	0.0 	0 	0.0 	0.0 	0 	0.0 	0.0 	0.0 	0.0 	0.0 	0.0 	-		San Francisco 49ers	Miami Dolphins	0 	0.0 	0 	0.0 	0.0 	0 	0.0 	0.0 	0.0 	0.0 	0.0 	0.0 	-		San Francisco 49ers	Arizona Cardinals	0 	0.0 	0 	0.0 	0.0 	0 	0.0 	0.0 	0.0 	0.0 	0.0 	0.0 	-		San Francisco 49ers	Denver Broncos	0 	0.0 	0 	0.0 	0.0 	0 	0.0 	0.0 	0.0 	0.0 	0.0 	0.0 	-		San Francisco 49ers	Seattle Seahawks	0 	0.0 	0 	0.0 	0.0 	0 	0.0 	0.0 	0.0 	0.0 	0.0 	0.0 	-		San Francisco 49ers	Washington Commanders	0 	0.0 	0 	0.0 	0.0 	0 	0.0 	0.0 	0.0 	0.0 	0.0 	0.0 	-		San Francisco 49ers	Atlanta Falcons	0 	0.0 	0 	0.0 	0.0 	0 	0.0 	0.0 	0.0 	0.0 	0.0 	0.0 	-		San Francisco 49ers	BYE	0 	0.0 	0 	0.0 	0.0 	0 	0.0 	0.0 	0.0 	0.0 	0.0 	0.0 	-		San Francisco 49ers	Las Vegas Raiders	0 	0.0 	0 	0.0 	0.0 	0 	0.0 	0.0 	0.0 	0.0 	0.0 	0.0 	-		San Francisco 49ers	Dallas Cowboys	0 	0.0 	0 	0.0 	0.0 	0 	0.0 	0.0 	0.0 	0.0 	0.0 	0.0 	-		San Francisco 49ers	Minnesota Vikings	0 	0.0 	0 	0.0 	0.0 	0 	0.0 	0.0 	0.0 	0.0 	0.0 	0.0 	-		San Francisco 49ers	Seattle Seahawks	0 	0.0 	0 	0.0 	0.0 	0 	0.0 	0.0 	0.0 	0.0 	0.0 	0.0 	-		San Francisco 49ers	New York Giants	0 	0.0 	0 	0.0 	1.0 	12 	0.1 	0.0 	0.0 	0.0 	0.0 	1.6 	WR83		San Francisco 49ers	Los Angeles Rams	0 	0.0 	0 	0.0 	1.0 	12 	0.1 	0.0 	0.0 	0.0 	0.0 	1.6 	WR87		San Francisco 49ers	Los Angeles Chargers	0 	0.0 	0 	0.0 	1.0 	11 	0.1 	0.0 	0.0 	0.0 	0.0 	1.5 	WR93		San Francisco 49ers	Kansas City Chiefs	0 	0.0 	0 	0.0 	0.9 	11 	0.1 	0.0 	0.0 	0.0 	0.0 	1.5 	WR93		San Francisco 49ers	Philadelphia Eagles	0 	0.0 	0 	0.0 	0.9 	11 	0.1 	0.0 	0.0 	0.0 	0.0 	1.5 	WR93		Actual	Actual	Actual	Actual	Forecast	Forecast	Forecast	Forecast	Forecast	Forecast	Forecast	Forecast	Forecast	Forecast	Forecast	Forecast	Forecast		Healthy	Injured	Injured	Injured	Injured	Injured	Injured	Injured	Injured	Injured	Injured	Injured	Healthy	Healthy	Healthy	Healthy	Healthy		Week 5 2026	10/9/2026	4:29:22 PM	16		5%	4%	0%	0%	0%	0%		0.0 	1	1	1	1	1	
	James Conner	Arizona Cardinals	RB	RB79	0.3 	4 	0 	0.0 	0.0 	0.0 	21 	1.9 	0.3 	0.0 	0.0 	0.0 	0 	0.0 	0.0 	0.0 	0.0 	0.1 	0.0 	0.010 	1.000 	0.017 	(1)	0.000 	0.000 	261 	179 	(82)	79 	59 	(20)	0.009 																0.0 	0.0 	0.0 	0.0 	0.0 	0.3 	0.3 	0.3 	0.3 	0.3 	0.3 	0.4 	0.3 	0.0 	0.4 	0.3 	0.4 		-	-	-	-	-	RB63	RB62	RB63	RB71	RB66	RB60	RB77	RB70	-	RB78	RB78	RB78		RB78	0.3 	0.0 	0.0 	1.9 	0.0 	0.0 	0.0 	0.0 	78 	0.014 	1.000 	0.030 	(1)	0.000 	0.000 	256 	0.016 		4 														-	0.0 	0.0 	0.0 	0.0 	0.0 	0.0 	0.0 	0.0 	#N/A	0.000 	1.000 	#N/A	(1)	0.000 	0.000 	#N/A	#N/A		0.0 																	Arizona Cardinals	Los Angeles Chargers	0 	0.0 	0 	0.0 	0.0 	0 	0.0 	0.0 	0.0 	0.0 	0.0 	0.0 	-		Arizona Cardinals	Seattle Seahawks	0 	0.0 	0 	0.0 	0.0 	0 	0.0 	0.0 	0.0 	0.0 	0.0 	0.0 	-		Arizona Cardinals	San Francisco 49ers	0 	0.0 	0 	0.0 	0.0 	0 	0.0 	0.0 	0.0 	0.0 	0.0 	0.0 	-		Arizona Cardinals	New York Giants	0 	0.0 	0 	0.0 	0.0 	0 	0.0 	0.0 	0.0 	0.0 	0.0 	0.0 	-		Arizona Cardinals	Detroit Lions	0 	0.0 	0 	0.0 	0.0 	0 	0.0 	0.0 	0.0 	0.0 	0.0 	0.0 	-		Arizona Cardinals	Los Angeles Rams	0 	0.0 	2 	0.0 	0.0 	0 	0.0 	0.0 	0.0 	0.0 	0.0 	0.3 	RB63		Arizona Cardinals	Denver Broncos	0 	0.0 	2 	0.0 	0.0 	0 	0.0 	0.0 	0.0 	0.0 	0.0 	0.3 	RB62		Arizona Cardinals	Dallas Cowboys	0 	0.0 	2 	0.0 	0.0 	0 	0.0 	0.0 	0.0 	0.0 	0.0 	0.3 	RB63		Arizona Cardinals	Seattle Seahawks	0 	0.0 	2 	0.0 	0.0 	0 	0.0 	0.0 	0.0 	0.0 	0.0 	0.3 	RB71		Arizona Cardinals	Los Angeles Rams	0 	0.0 	2 	0.0 	0.0 	0 	0.0 	0.0 	0.0 	0.0 	0.0 	0.3 	RB66		Arizona Cardinals	Kansas City Chiefs	0 	0.0 	2 	0.0 	0.0 	0 	0.0 	0.0 	0.0 	0.0 	0.0 	0.3 	RB60		Arizona Cardinals	Washington Commanders	0 	0.0 	2 	0.0 	0.0 	0 	0.0 	0.0 	0.0 	0.0 	0.0 	0.4 	RB77		Arizona Cardinals	Philadelphia Eagles	0 	0.0 	2 	0.0 	0.0 	0 	0.0 	0.0 	0.0 	0.0 	0.0 	0.3 	RB70		Arizona Cardinals	BYE	0 	0.0 	0 	0.0 	0.0 	0 	0.0 	0.0 	0.0 	0.0 	0.0 	0.0 	-		Arizona Cardinals	New York Jets	0 	0.0 	2 	0.0 	0.0 	0 	0.0 	0.0 	0.0 	0.0 	0.0 	0.4 	RB78		Arizona Cardinals	New Orleans Saints	0 	0.0 	2 	0.0 	0.0 	0 	0.0 	0.0 	0.0 	0.0 	0.0 	0.3 	RB78		Arizona Cardinals	Las Vegas Raiders	0 	0.0 	2 	0.0 	0.0 	0 	0.0 	0.0 	0.0 	0.0 	0.0 	0.4 	RB78		Actual	Actual	Actual	Actual	Forecast	Forecast	Forecast	Forecast	Forecast	Forecast	Forecast	Forecast	Forecast	Forecast	Forecast	Forecast	Forecast		Injured	Injured	Injured	Injured	Injured	Healthy	Healthy	Healthy	Healthy	Healthy	Healthy	Healthy	Healthy	Healthy	Healthy	Healthy	Healthy		Week 5 2026	10/9/2026	4:29:22 PM	16		0%	0%	2%	4%	0%	0%		0.0 	1	1	1	1	0	
	Jalen McMillan	Tampa Bay Buccaneers	WR	WR105	0.6 	6 	0 	0.0 	0.0 	0.0 	0 	0.0 	0.0 	0.0 	2.8 	0.3 	41 	4.5 	0.3 	0.0 	0.0 	0.0 	0.0 	0.016 	1.000 	0.000 	(1)	0.000 	0.000 	267 	201 	(66)	105 	68 	(37)	0.002 																0.0 	0.0 	0.0 	0.0 	0.0 	0.0 	0.0 	0.7 	0.7 	0.0 	0.7 	0.6 	0.6 	0.6 	0.7 	0.6 	0.6 		-	-	-	-	-	-	-	WR90	WR95	-	WR85	WR104	WR92	WR99	WR105	WR105	WR105		WR105	0.6 	0.0 	0.0 	0.0 	0.0 	0.3 	4.5 	0.0 	105 	0.023 	1.000 	0.000 	(1)	0.000 	0.000 	267 	0.003 		6 														-	0.0 	0.0 	0.0 	0.0 	0.0 	0.0 	0.0 	0.0 	#N/A	0.000 	1.000 	#N/A	(1)	0.000 	0.000 	#N/A	#N/A		0.0 																	Tampa Bay Buccaneers	Cincinnati Bengals	0 	0.0 	0 	0.0 	0.0 	0 	0.0 	0.0 	0.0 	0.0 	0.0 	0.0 	-		Tampa Bay Buccaneers	Cleveland Browns	0 	0.0 	0 	0.0 	0.0 	0 	0.0 	0.0 	0.0 	0.0 	0.0 	0.0 	-		Tampa Bay Buccaneers	Minnesota Vikings	0 	0.0 	0 	0.0 	0.0 	0 	0.0 	0.0 	0.0 	0.0 	0.0 	0.0 	-		Tampa Bay Buccaneers	Green Bay Packers	0 	0.0 	0 	0.0 	0.0 	0 	0.0 	0.0 	0.0 	0.0 	0.0 	0.0 	-		Tampa Bay Buccaneers	Dallas Cowboys	0 	0.0 	0 	0.0 	0.0 	0 	0.0 	0.0 	0.0 	0.0 	0.0 	0.0 	-		Tampa Bay Buccaneers	Pittsburgh Steelers	0 	0.0 	0 	0.0 	0.0 	0 	0.0 	0.0 	0.0 	0.0 	0.0 	0.0 	-		Tampa Bay Buccaneers	Carolina Panthers	0 	0.0 	0 	0.0 	0.0 	0 	0.0 	0.0 	0.0 	0.0 	0.0 	0.0 	-		Tampa Bay Buccaneers	Atlanta Falcons	0 	0.0 	0 	0.0 	0.3 	5 	0.0 	0.0 	0.0 	0.0 	0.0 	0.7 	WR90		Tampa Bay Buccaneers	Chicago Bears	0 	0.0 	0 	0.0 	0.3 	5 	0.0 	0.0 	0.0 	0.0 	0.0 	0.7 	WR95		Tampa Bay Buccaneers	BYE	0 	0.0 	0 	0.0 	0.0 	0 	0.0 	0.0 	0.0 	0.0 	0.0 	0.0 	-		Tampa Bay Buccaneers	Detroit Lions	0 	0.0 	0 	0.0 	0.3 	5 	0.0 	0.0 	0.0 	0.0 	0.0 	0.7 	WR85		Tampa Bay Buccaneers	Carolina Panthers	0 	0.0 	0 	0.0 	0.3 	5 	0.0 	0.0 	0.0 	0.0 	0.0 	0.6 	WR104		Tampa Bay Buccaneers	Los Angeles Chargers	0 	0.0 	0 	0.0 	0.3 	4 	0.0 	0.0 	0.0 	0.0 	0.0 	0.6 	WR92		Tampa Bay Buccaneers	Baltimore Ravens	0 	0.0 	0 	0.0 	0.3 	5 	0.0 	0.0 	0.0 	0.0 	0.0 	0.6 	WR99		Tampa Bay Buccaneers	New Orleans Saints	0 	0.0 	0 	0.0 	0.3 	5 	0.0 	0.0 	0.0 	0.0 	0.0 	0.7 	WR105		Tampa Bay Buccaneers	Atlanta Falcons	0 	0.0 	0 	0.0 	0.3 	4 	0.0 	0.0 	0.0 	0.0 	0.0 	0.6 	WR105		Tampa Bay Buccaneers	Los Angeles Rams	0 	0.0 	0 	0.0 	0.3 	5 	0.0 	0.0 	0.0 	0.0 	0.0 	0.6 	WR105		Actual	Actual	Actual	Actual	Forecast	Forecast	Forecast	Forecast	Forecast	Forecast	Forecast	Forecast	Forecast	Forecast	Forecast	Forecast	Forecast		Injured	Healthy	Healthy	Injured	Injured	Injured	Injured	Healthy	Healthy	Healthy	Healthy	Healthy	Healthy	Healthy	Healthy	Healthy	Healthy		Week 5 2026	10/9/2026	4:29:22 PM	16		2%	2%	0%	0%	0%	0%		0.0 	0	0	1	1	1	
	Jayden Reed	Green Bay Packers	WR	WR106	0.6 	4 	0 	0.0 	0.0 	0.0 	0 	0.0 	0.0 	0.0 	5.0 	0.8 	34 	5.6 	0.1 	0.0 	0.0 	0.0 	0.0 	0.010 	1.000 	0.000 	(1)	0.000 	0.000 	269 	118 	(151)	106 	46 	(60)	0.002 				-	-		-	-		-	-		-	-		2.0 	0.4 	0.0 	0.0 	0.0 	0.0 	0.0 	0.0 	0.0 	0.0 	0.0 	0.0 	0.0 	0.4 	0.4 	0.3 	0.3 		WR75	WR84	-	-	-	-	-	-	-	-	-	-	-	WR100	WR106	WR106	WR106		WR107	0.3 	0.0 	0.0 	0.0 	0.0 	0.3 	2.5 	0.0 	107 	0.005 	1.000 	0.000 	(2)	0.000 	0.000 	269 	0.001 		1 														WR130	1.2 	0.0 	0.0 	0.0 	0.0 	0.5 	4.9 	0.0 	130 	0.022 	1.000 	0.000 	(1)	0.000 	0.000 	#N/A	0.003 		2.4 																	Green Bay Packers	Minnesota Vikings	0 	0.0 	0 	0.0 	3.0 	20 	0.0 	0.0 	0.0 	0.0 	0.0 	2.0 	WR75		Green Bay Packers	New York Jets	0 	0.0 	0 	0.0 	1.0 	4 	0.0 	0.0 	0.0 	0.0 	0.0 	0.4 	WR84		Green Bay Packers	Atlanta Falcons	0 	0.0 	0 	0.0 	0.0 	0 	0.0 	0.0 	0.0 	0.0 	0.0 	0.0 	-		Green Bay Packers	Tampa Bay Buccaneers	0 	0.0 	0 	0.0 	0.0 	0 	0.0 	0.0 	0.0 	0.0 	0.0 	0.0 	-		Green Bay Packers	Chicago Bears	0 	0.0 	0 	0.0 	0.0 	0 	0.0 	0.0 	0.0 	0.0 	0.0 	0.0 	-		Green Bay Packers	Dallas Cowboys	0 	0.0 	0 	0.0 	0.0 	0 	0.0 	0.0 	0.0 	0.0 	0.0 	0.0 	-		Green Bay Packers	Detroit Lions	0 	0.0 	0 	0.0 	0.0 	0 	0.0 	0.0 	0.0 	0.0 	0.0 	0.0 	-		Green Bay Packers	Carolina Panthers	0 	0.0 	0 	0.0 	0.0 	0 	0.0 	0.0 	0.0 	0.0 	0.0 	0.0 	-		Green Bay Packers	New England Patriots	0 	0.0 	0 	0.0 	0.0 	0 	0.0 	0.0 	0.0 	0.0 	0.0 	0.0 	-		Green Bay Packers	Minnesota Vikings	0 	0.0 	0 	0.0 	0.0 	0 	0.0 	0.0 	0.0 	0.0 	0.0 	0.0 	-		Green Bay Packers	BYE	0 	0.0 	0 	0.0 	0.0 	0 	0.0 	0.0 	0.0 	0.0 	0.0 	0.0 	-		Green Bay Packers	Los Angeles Rams	0 	0.0 	0 	0.0 	0.0 	0 	0.0 	0.0 	0.0 	0.0 	0.0 	0.0 	-		Green Bay Packers	New Orleans Saints	0 	0.0 	0 	0.0 	0.0 	0 	0.0 	0.0 	0.0 	0.0 	0.0 	0.0 	-		Green Bay Packers	Buffalo Bills	0 	0.0 	0 	0.0 	0.3 	3 	0.0 	0.0 	0.0 	0.0 	0.0 	0.4 	WR100		Green Bay Packers	Miami Dolphins	0 	0.0 	0 	0.0 	0.3 	2 	0.0 	0.0 	0.0 	0.0 	0.0 	0.4 	WR106		Green Bay Packers	Chicago Bears	0 	0.0 	0 	0.0 	0.3 	2 	0.0 	0.0 	0.0 	0.0 	0.0 	0.3 	WR106		Green Bay Packers	Houston Texans	0 	0.0 	0 	0.0 	0.3 	2 	0.0 	0.0 	0.0 	0.0 	0.0 	0.3 	WR106		Actual	Actual	Actual	Actual	Forecast	Forecast	Forecast	Forecast	Forecast	Forecast	Forecast	Forecast	Forecast	Forecast	Forecast	Forecast	Forecast		Healthy	Healthy	Injured	Injured	Injured	Injured	Injured	Injured	Injured	Injured	Injured	Injured	Injured	Healthy	Healthy	Healthy	Healthy		Week 5 2026	10/9/2026	4:29:22 PM	16		1%	1%	0%	0%	0%	0%		(0.0)	0	1	1	1	1	
	Tank Dell	Houston Texans	WR		0.3 	3 	0 	0.0 	0.0 	0.0 	0 	0.0 	0.0 	0.0 	1.7 	0.2 	25 	2.3 	0.2 	0.0 	0.0 	0.0 	0.0 	0.009 	1.000 	0.000 	(2)	0.000 	0.000 	270 	268 	(2)	107 	89 	(18)	0.001 																0.0 	0.0 	0.0 	0.0 	0.0 	0.3 	0.3 	0.0 	0.3 	0.3 	0.3 	0.3 	0.3 	0.3 	0.3 	0.3 	0.3 		-	-	-	-	-	WR85	WR88	-	WR96	WR91	WR86	WR105	WR93	WR101	WR107	WR107	WR107		WR106	0.3 	0.0 	0.0 	0.0 	0.0 	0.2 	2.3 	0.0 	106 	0.014 	1.000 	0.000 	(2)	0.000 	0.000 	268 	0.002 		3 															0.0 	0.0 	0.0 	0.0 	0.0 	0.0 	0.0 	0.0 	#N/A	0.000 	1.000 	#N/A	(1)	0.000 	0.000 	#N/A	#N/A		0.0 																	Houston Texans	Buffalo Bills	0 	0.0 	0 	0.0 	0.0 	0 	0.0 	0.0 	0.0 	0.0 	0.0 	0.0 	-		Houston Texans	Cincinnati Bengals	0 	0.0 	0 	0.0 	0.0 	0 	0.0 	0.0 	0.0 	0.0 	0.0 	0.0 	-		Houston Texans	Indianapolis Colts	0 	0.0 	0 	0.0 	0.0 	0 	0.0 	0.0 	0.0 	0.0 	0.0 	0.0 	-		Houston Texans	Dallas Cowboys	0 	0.0 	0 	0.0 	0.0 	0 	0.0 	0.0 	0.0 	0.0 	0.0 	0.0 	-		Houston Texans	Tennessee Titans	0 	0.0 	0 	0.0 	0.0 	0 	0.0 	0.0 	0.0 	0.0 	0.0 	0.0 	-		Houston Texans	Jacksonville Jaguars	0 	0.0 	0 	0.0 	0.2 	2 	0.0 	0.0 	0.0 	0.0 	0.0 	0.3 	WR85		Houston Texans	New York Giants	0 	0.0 	0 	0.0 	0.2 	2 	0.0 	0.0 	0.0 	0.0 	0.0 	0.3 	WR88		Houston Texans	BYE	0 	0.0 	0 	0.0 	0.0 	0 	0.0 	0.0 	0.0 	0.0 	0.0 	0.0 	-		Houston Texans	Los Angeles Chargers	0 	0.0 	0 	0.0 	0.2 	2 	0.0 	0.0 	0.0 	0.0 	0.0 	0.3 	WR96		Houston Texans	Cleveland Browns	0 	0.0 	0 	0.0 	0.2 	2 	0.0 	0.0 	0.0 	0.0 	0.0 	0.3 	WR91		Houston Texans	Indianapolis Colts	0 	0.0 	0 	0.0 	0.2 	2 	0.0 	0.0 	0.0 	0.0 	0.0 	0.3 	WR86		Houston Texans	Baltimore Ravens	0 	0.0 	0 	0.0 	0.2 	2 	0.0 	0.0 	0.0 	0.0 	0.0 	0.3 	WR105		Houston Texans	Pittsburgh Steelers	0 	0.0 	0 	0.0 	0.2 	2 	0.0 	0.0 	0.0 	0.0 	0.0 	0.3 	WR93		Houston Texans	Washington Commanders	0 	0.0 	0 	0.0 	0.2 	2 	0.0 	0.0 	0.0 	0.0 	0.0 	0.3 	WR101		Houston Texans	Jacksonville Jaguars	0 	0.0 	0 	0.0 	0.2 	2 	0.0 	0.0 	0.0 	0.0 	0.0 	0.3 	WR107		Houston Texans	Philadelphia Eagles	0 	0.0 	0 	0.0 	0.1 	2 	0.0 	0.0 	0.0 	0.0 	0.0 	0.3 	WR107		Houston Texans	Green Bay Packers	0 	0.0 	0 	0.0 	0.2 	2 	0.0 	0.0 	0.0 	0.0 	0.0 	0.3 	WR107		Actual	Actual	Actual	Actual	Forecast	Forecast	Forecast	Forecast	Forecast	Forecast	Forecast	Forecast	Forecast	Forecast	Forecast	Forecast	Forecast		Injured	Injured	Injured	Injured	Injured	Healthy	Healthy	Healthy	Healthy	Healthy	Healthy	Healthy	Healthy	Healthy	Healthy	Healthy	Healthy		Week 5 2026	10/9/2026	4:29:22 PM	16		1%	1%	0%	0%	0%	0%		0.0 	1	1	1	1	0	
	Fernando Mendoza	Las Vegas Raiders	QB	QB39	0.3 	3 	27 	2.3 	0.2 	0.0 	12 	1.0 	0.1 	0.0 	0.0 	0.0 	0 	0.0 	0.0 	0.0 	0.1 	0.0 	0.0 	0.009 	0.460 	0.000 	(2)	0.000 	0.000 	271 	202 	(69)	43 	26 	(17)	0.000 																0.0 	0.0 	0.0 	0.0 	0.3 	0.3 	0.3 	0.3 	0.3 	0.3 	0.2 	0.3 	0.0 	0.3 	0.3 	0.3 	0.3 		-	-	-	-	QB34	QB32	QB33	QB33	QB36	QB33	QB31	QB39	-	QB36	QB39	QB38	QB38		QB38	0.3 	2.3 	0.0 	1.0 	0.0 	0.0 	0.0 	0.0 	38 	0.013 	0.460 	0.000 	(2)	0.000 	0.000 	270 	0.000 		3 															0.0 	0.0 	0.0 	0.0 	0.0 	0.0 	0.0 	0.0 	#N/A	0.000 	0.460 	#N/A	(2)	0.000 	0.000 	#N/A	#N/A		0.0 																	Las Vegas Raiders	Miami Dolphins	0 	0.0 	0 	0.0 	0.0 	0 	0.0 	0.0 	0.0 	0.0 	0.0 	0.0 	-		Las Vegas Raiders	Los Angeles Chargers	0 	0.0 	0 	0.0 	0.0 	0 	0.0 	0.0 	0.0 	0.0 	0.0 	0.0 	-		Las Vegas Raiders	New Orleans Saints	0 	0.0 	0 	0.0 	0.0 	0 	0.0 	0.0 	0.0 	0.0 	0.0 	0.0 	-		Las Vegas Raiders	Kansas City Chiefs	0 	0.0 	0 	0.0 	0.0 	0 	0.0 	0.0 	0.0 	0.0 	0.0 	0.0 	-		Las Vegas Raiders	New England Patriots	2 	0.0 	1 	0.0 	0.0 	0 	0.0 	0.0 	0.0 	0.0 	0.0 	0.3 	QB34		Las Vegas Raiders	Buffalo Bills	2 	0.0 	1 	0.0 	0.0 	0 	0.0 	0.0 	0.0 	0.0 	0.0 	0.3 	QB32		Las Vegas Raiders	Los Angeles Rams	2 	0.0 	1 	0.0 	0.0 	0 	0.0 	0.0 	0.0 	0.0 	0.0 	0.3 	QB33		Las Vegas Raiders	New York Jets	2 	0.0 	1 	0.0 	0.0 	0 	0.0 	0.0 	0.0 	0.0 	0.0 	0.3 	QB33		Las Vegas Raiders	San Francisco 49ers	2 	0.0 	1 	0.0 	0.0 	0 	0.0 	0.0 	0.0 	0.0 	0.0 	0.3 	QB36		Las Vegas Raiders	Seattle Seahawks	2 	0.0 	1 	0.0 	0.0 	0 	0.0 	0.0 	0.0 	0.0 	0.0 	0.3 	QB33		Las Vegas Raiders	Denver Broncos	2 	0.0 	1 	0.0 	0.0 	0 	0.0 	0.0 	0.0 	0.0 	0.0 	0.2 	QB31		Las Vegas Raiders	Cleveland Browns	2 	0.0 	1 	0.0 	0.0 	0 	0.0 	0.0 	0.0 	0.0 	0.0 	0.3 	QB39		Las Vegas Raiders	BYE	0 	0.0 	0 	0.0 	0.0 	0 	0.0 	0.0 	0.0 	0.0 	0.0 	0.0 	-		Las Vegas Raiders	Los Angeles Chargers	2 	0.0 	1 	0.0 	0.0 	0 	0.0 	0.0 	0.0 	0.0 	0.0 	0.3 	QB36		Las Vegas Raiders	Denver Broncos	2 	0.0 	1 	0.0 	0.0 	0 	0.0 	0.0 	0.0 	0.0 	0.0 	0.3 	QB39		Las Vegas Raiders	Tennessee Titans	2 	0.0 	1 	0.0 	0.0 	0 	0.0 	0.0 	0.0 	0.0 	0.0 	0.3 	QB38		Las Vegas Raiders	Arizona Cardinals	2 	0.0 	1 	0.0 	0.0 	0 	0.0 	0.0 	0.0 	0.0 	0.0 	0.3 	QB38		Actual	Actual	Actual	Actual	Forecast	Forecast	Forecast	Forecast	Forecast	Forecast	Forecast	Forecast	Forecast	Forecast	Forecast	Forecast	Forecast		Healthy	Healthy	Healthy	Healthy	Healthy	Healthy	Healthy	Healthy	Healthy	Healthy	Healthy	Healthy	Healthy	Healthy	Healthy	Healthy	Healthy		Week 5 2026	10/9/2026	4:29:22 PM	16		0%	0%	1%	1%	1%	1%		0.0 	0	0	0	0	0	0.000000 
	J.J. McCarthy	New York Giants	QB	QB39	0.5 	6 	25 	2.1 	0.2 	0.0 	31 	2.6 	0.2 	0.0 	0.0 	0.0 	0 	0.0 	0.0 	0.0 	0.1 	0.0 	0.0 	0.016 	0.460 	0.000 	(2)	0.000 	0.000 	271 	312 	41 	41 	36 	(5)	0.000 																0.0 	0.0 	0.0 	0.0 	0.4 	0.5 	0.4 	0.0 	0.4 	0.5 	0.5 	0.5 	0.5 	0.4 	0.5 	0.5 	0.5 		-	-	-	-	QB31	QB29	QB29	-	QB32	QB30	QB28	QB34	QB30	QB33	QB34	QB34	QB34		QB36	0.5 	2.1 	0.0 	2.6 	0.0 	0.0 	0.0 	0.0 	36 	0.023 	0.460 	0.024 	(2)	0.000 	0.000 	257 	0.013 		6 														-	0.0 	0.0 	0.0 	0.0 	0.0 	0.0 	0.0 	0.0 	#N/A	0.000 	0.460 	#N/A	(2)	0.000 	0.000 	#N/A	#N/A		0.0 																	New York Giants	Dallas Cowboys	0 	0.0 	0 	0.0 	0.0 	0 	0.0 	0.0 	0.0 	0.0 	0.0 	0.0 	-		New York Giants	Los Angeles Rams	0 	0.0 	0 	0.0 	0.0 	0 	0.0 	0.0 	0.0 	0.0 	0.0 	0.0 	-		New York Giants	Tennessee Titans	0 	0.0 	0 	0.0 	0.0 	0 	0.0 	0.0 	0.0 	0.0 	0.0 	0.0 	-		New York Giants	Arizona Cardinals	0 	0.0 	0 	0.0 	0.0 	0 	0.0 	0.0 	0.0 	0.0 	0.0 	0.0 	-		New York Giants	Washington Commanders	2 	0.0 	2 	0.0 	0.0 	0 	0.0 	0.0 	0.0 	0.0 	0.0 	0.4 	QB31		New York Giants	New Orleans Saints	2 	0.0 	3 	0.0 	0.0 	0 	0.0 	0.0 	0.0 	0.0 	0.0 	0.5 	QB29		New York Giants	Houston Texans	2 	0.0 	2 	0.0 	0.0 	0 	0.0 	0.0 	0.0 	0.0 	0.0 	0.4 	QB29		New York Giants	BYE	0 	0.0 	0 	0.0 	0.0 	0 	0.0 	0.0 	0.0 	0.0 	0.0 	0.0 	-		New York Giants	Philadelphia Eagles	2 	0.0 	2 	0.0 	0.0 	0 	0.0 	0.0 	0.0 	0.0 	0.0 	0.4 	QB32		New York Giants	Washington Commanders	2 	0.0 	3 	0.0 	0.0 	0 	0.0 	0.0 	0.0 	0.0 	0.0 	0.5 	QB30		New York Giants	Jacksonville Jaguars	2 	0.0 	3 	0.0 	0.0 	0 	0.0 	0.0 	0.0 	0.0 	0.0 	0.5 	QB28		New York Giants	Indianapolis Colts	2 	0.0 	3 	0.0 	0.0 	0 	0.0 	0.0 	0.0 	0.0 	0.0 	0.5 	QB34		New York Giants	San Francisco 49ers	2 	0.0 	3 	0.0 	0.0 	0 	0.0 	0.0 	0.0 	0.0 	0.0 	0.5 	QB30		New York Giants	Seattle Seahawks	2 	0.0 	2 	0.0 	0.0 	0 	0.0 	0.0 	0.0 	0.0 	0.0 	0.4 	QB33		New York Giants	Cleveland Browns	2 	0.0 	3 	0.0 	0.0 	0 	0.0 	0.0 	0.0 	0.0 	0.0 	0.5 	QB34		New York Giants	Detroit Lions	2 	0.0 	3 	0.0 	0.0 	0 	0.0 	0.0 	0.0 	0.0 	0.0 	0.5 	QB34		New York Giants	Dallas Cowboys	2 	0.0 	3 	0.0 	0.0 	0 	0.0 	0.0 	0.0 	0.0 	0.0 	0.5 	QB34		Actual	Actual	Actual	Actual	Forecast	Forecast	Forecast	Forecast	Forecast	Forecast	Forecast	Forecast	Forecast	Forecast	Forecast	Forecast	Forecast		Healthy	Healthy	Healthy	Healthy	Healthy	Healthy	Healthy	Healthy	Healthy	Healthy	Healthy	Healthy	Healthy	Healthy	Healthy	Healthy	Healthy		Week 5 2026	10/9/2026	4:29:22 PM	16		0%	0%	0%	0%	0%	0%		0.0 	0	0	0	0	0	0.012839 
	Malik Davis	Dallas Cowboys	RB	RB80	0.0 	0 	0 	0.0 	0.0 	0.0 	0 	0.0 	0.0 	0.0 	0.0 	0.0 	0 	0.0 	0.0 	0.0 	0.0 	0.0 	0.0 	0.000 	1.000 	0.004 	(1)	0.000 	0.000 	268 	262 	(6)	80 	77 	(3)	0.002 																0.0 	0.0 	0.0 	0.0 	0.0 	0.0 	0.0 	0.0 	0.0 	0.0 	0.0 	0.0 	0.0 	0.0 	0.0 	0.0 	0.0 		-	-	-	-	-	-	-	-	-	-	-	-	-	-	-	-	-		RB79	0.0 	0.0 	0.0 	0.0 	0.0 	0.0 	0.0 	0.0 	79 	0.000 	1.000 	0.017 	(1)	0.000 	0.000 	259 	0.008 		0 														-	0.0 	0.0 	0.0 	0.0 	0.0 	0.0 	0.0 	0.0 	#N/A	0.000 	1.000 	#N/A	(1)	0.000 	0.000 	#N/A	#N/A		0.0 																	Dallas Cowboys	New York Giants	0 	0.0 	0 	0.0 	0.0 	0 	0.0 	0.0 	0.0 	0.0 	0.0 	0.0 	-		Dallas Cowboys	Washington Commanders	0 	0.0 	0 	0.0 	0.0 	0 	0.0 	0.0 	0.0 	0.0 	0.0 	0.0 	-		Dallas Cowboys	Baltimore Ravens	0 	0.0 	0 	0.0 	0.0 	0 	0.0 	0.0 	0.0 	0.0 	0.0 	0.0 	-		Dallas Cowboys	Houston Texans	0 	0.0 	0 	0.0 	0.0 	0 	0.0 	0.0 	0.0 	0.0 	0.0 	0.0 	-		Dallas Cowboys	Tampa Bay Buccaneers	0 	0.0 	0 	0.0 	0.0 	0 	0.0 	0.0 	0.0 	0.0 	0.0 	0.0 	-		Dallas Cowboys	Green Bay Packers	0 	0.0 	0 	0.0 	0.0 	0 	0.0 	0.0 	0.0 	0.0 	0.0 	0.0 	-		Dallas Cowboys	Philadelphia Eagles	0 	0.0 	0 	0.0 	0.0 	0 	0.0 	0.0 	0.0 	0.0 	0.0 	0.0 	-		Dallas Cowboys	Arizona Cardinals	0 	0.0 	0 	0.0 	0.0 	0 	0.0 	0.0 	0.0 	0.0 	0.0 	0.0 	-		Dallas Cowboys	Indianapolis Colts	0 	0.0 	0 	0.0 	0.0 	0 	0.0 	0.0 	0.0 	0.0 	0.0 	0.0 	-		Dallas Cowboys	San Francisco 49ers	0 	0.0 	0 	0.0 	0.0 	0 	0.0 	0.0 	0.0 	0.0 	0.0 	0.0 	-		Dallas Cowboys	Tennessee Titans	0 	0.0 	0 	0.0 	0.0 	0 	0.0 	0.0 	0.0 	0.0 	0.0 	0.0 	-		Dallas Cowboys	Philadelphia Eagles	0 	0.0 	0 	0.0 	0.0 	0 	0.0 	0.0 	0.0 	0.0 	0.0 	0.0 	-		Dallas Cowboys	Seattle Seahawks	0 	0.0 	0 	0.0 	0.0 	0 	0.0 	0.0 	0.0 	0.0 	0.0 	0.0 	-		Dallas Cowboys	BYE	0 	0.0 	0 	0.0 	0.0 	0 	0.0 	0.0 	0.0 	0.0 	0.0 	0.0 	-		Dallas Cowboys	Los Angeles Rams	0 	0.0 	0 	0.0 	0.0 	0 	0.0 	0.0 	0.0 	0.0 	0.0 	0.0 	-		Dallas Cowboys	Jacksonville Jaguars	0 	0.0 	0 	0.0 	0.0 	0 	0.0 	0.0 	0.0 	0.0 	0.0 	0.0 	-		Dallas Cowboys	New York Giants	0 	0.0 	0 	0.0 	0.0 	0 	0.0 	0.0 	0.0 	0.0 	0.0 	0.0 	-		Actual	Actual	Actual	Actual	Forecast	Forecast	Forecast	Forecast	Forecast	Forecast	Forecast	Forecast	Forecast	Forecast	Forecast	Forecast	Forecast		Injured	Injured	Injured	Injured	Injured	Injured	Injured	Injured	Injured	Injured	Injured	Injured	Injured	Injured	Injured	Injured	Injured		Week 5 2026	10/9/2026	4:29:22 PM	16		0%	0%	0%	0%	0%	0%		0.0 	1	1	1	1	1	
	Case Keenum	Chicago Bears	QB	QB4	24.5 	24 	247 	247.0 	2.0 	2.0 	6 	6.0 	1.0 	1.0 	0.0 	0.0 	0 	0.0 	0.0 	0.0 	0.0 	0.0 	0.0 	0.067 	0.460 	0.000 	2 	1.000 	0.000 	54 	0 	(54)	39 	0 	(39)	0.470 																0.0 	0.0 	24.5 	0.0 	0.0 	0.0 	0.0 	0.0 	0.0 	0.0 	0.0 	0.0 	0.0 	0.0 	0.0 	0.0 	0.0 		-	-	QB5	-	-	-	-	-	-	-	-	-	-	-	-	-	-		QB38	0.0 	0.0 	0.0 	0.0 	0.0 	0.0 	0.0 	0.0 	43 	0.000 	0.460 	0.000 	(2)	0.000 	0.000 	270 	0.000 		0 														QB36	24.5 	0.0 	0.0 	0.0 	0.0 	0.0 	0.0 	0.0 	36 	0.220 	0.460 	0.024 	(1)	0.000 	0.000 	#N/A	0.013 		24.5 																	Chicago Bears	Carolina Panthers	0 	0.0 	0 	0.0 	0.0 	0 	0.0 	0.0 	0.0 	0.0 	0.0 	0.0 	-		Chicago Bears	Minnesota Vikings	0 	0.0 	0 	0.0 	0.0 	0 	0.0 	0.0 	0.0 	0.0 	0.0 	0.0 	-		Chicago Bears	Philadelphia Eagles	247 	2.0 	6 	1.0 	0.0 	0 	0.0 	0.0 	0.0 	0.0 	0.0 	24.5 	QB5		Chicago Bears	New York Jets	0 	0.0 	0 	0.0 	0.0 	0 	0.0 	0.0 	0.0 	0.0 	0.0 	0.0 	-		Chicago Bears	Green Bay Packers	0 	0.0 	0 	0.0 	0.0 	0 	0.0 	0.0 	0.0 	0.0 	0.0 	0.0 	-		Chicago Bears	Atlanta Falcons	0 	0.0 	0 	0.0 	0.0 	0 	0.0 	0.0 	0.0 	0.0 	0.0 	0.0 	-		Chicago Bears	New England Patriots	0 	0.0 	0 	0.0 	0.0 	0 	0.0 	0.0 	0.0 	0.0 	0.0 	0.0 	-		Chicago Bears	Seattle Seahawks	0 	0.0 	0 	0.0 	0.0 	0 	0.0 	0.0 	0.0 	0.0 	0.0 	0.0 	-		Chicago Bears	Tampa Bay Buccaneers	0 	0.0 	0 	0.0 	0.0 	0 	0.0 	0.0 	0.0 	0.0 	0.0 	0.0 	-		Chicago Bears	BYE	0 	0.0 	0 	0.0 	0.0 	0 	0.0 	0.0 	0.0 	0.0 	0.0 	0.0 	-		Chicago Bears	New Orleans Saints	0 	0.0 	0 	0.0 	0.0 	0 	0.0 	0.0 	0.0 	0.0 	0.0 	0.0 	-		Chicago Bears	Detroit Lions	0 	0.0 	0 	0.0 	0.0 	0 	0.0 	0.0 	0.0 	0.0 	0.0 	0.0 	-		Chicago Bears	Jacksonville Jaguars	0 	0.0 	0 	0.0 	0.0 	0 	0.0 	0.0 	0.0 	0.0 	0.0 	0.0 	-		Chicago Bears	Miami Dolphins	0 	0.0 	0 	0.0 	0.0 	0 	0.0 	0.0 	0.0 	0.0 	0.0 	0.0 	-		Chicago Bears	Buffalo Bills	0 	0.0 	0 	0.0 	0.0 	0 	0.0 	0.0 	0.0 	0.0 	0.0 	0.0 	-		Chicago Bears	Green Bay Packers	0 	0.0 	0 	0.0 	0.0 	0 	0.0 	0.0 	0.0 	0.0 	0.0 	0.0 	-		Chicago Bears	Detroit Lions	0 	0.0 	0 	0.0 	0.0 	0 	0.0 	0.0 	0.0 	0.0 	0.0 	0.0 	-		Actual	Actual	Actual	Actual	Forecast	Forecast	Forecast	Forecast	Forecast	Forecast	Forecast	Forecast	Forecast	Forecast	Forecast	Forecast	Forecast		Healthy	Healthy	Healthy	Healthy	Healthy	Healthy	Healthy	Healthy	Healthy	Healthy	Healthy	Healthy	Healthy	Healthy	Healthy	Healthy	Healthy		Week 5 2026	10/9/2026	4:29:22 PM	16		0%	0%	0%	0%	0%	0%		(0.0)	0	0	0	0	0	(0.012839)
	Tua Tagovailoa	Atlanta Falcons	QB	QB39	0.2 	2 	24 	2.0 	0.2 	0.0 	0 	0.0 	0.1 	0.0 	0.0 	0.0 	0 	0.0 	0.0 	0.0 	0.1 	0.0 	0.0 	0.006 	0.460 	0.000 	(2)	0.000 	0.000 	271 	239 	(32)	45 	33 	(12)	0.000 																0.0 	0.0 	0.0 	0.0 	0.2 	0.2 	0.2 	0.2 	0.2 	0.2 	0.0 	0.2 	0.2 	0.2 	0.2 	0.2 	0.2 		-	-	-	-	QB35	QB34	QB35	QB35	QB38	QB34	-	QB40	QB35	QB37	QB40	QB40	QB40		QB38	0.2 	2.0 	0.0 	0.0 	0.0 	0.0 	0.0 	0.0 	40 	0.008 	0.460 	0.000 	(2)	0.000 	0.000 	270 	0.000 		2 														-	0.0 	0.0 	0.0 	0.0 	0.0 	0.0 	0.0 	0.0 	#N/A	0.000 	0.460 	#N/A	(2)	0.000 	0.000 	#N/A	#N/A		0.0 																	Atlanta Falcons	Pittsburgh Steelers	0 	0.0 	0 	0.0 	0.0 	0 	0.0 	0.0 	0.0 	0.0 	0.0 	0.0 	-		Atlanta Falcons	Carolina Panthers	0 	0.0 	0 	0.0 	0.0 	0 	0.0 	0.0 	0.0 	0.0 	0.0 	0.0 	-		Atlanta Falcons	Green Bay Packers	0 	0.0 	0 	0.0 	0.0 	0 	0.0 	0.0 	0.0 	0.0 	0.0 	0.0 	-		Atlanta Falcons	New Orleans Saints	0 	0.0 	0 	0.0 	0.0 	0 	0.0 	0.0 	0.0 	0.0 	0.0 	0.0 	-		Atlanta Falcons	Baltimore Ravens	2 	0.0 	0 	0.0 	0.0 	0 	0.0 	0.0 	0.0 	0.0 	0.0 	0.2 	QB35		Atlanta Falcons	Chicago Bears	2 	0.0 	0 	0.0 	0.0 	0 	0.0 	0.0 	0.0 	0.0 	0.0 	0.2 	QB34		Atlanta Falcons	San Francisco 49ers	2 	0.0 	0 	0.0 	0.0 	0 	0.0 	0.0 	0.0 	0.0 	0.0 	0.2 	QB35		Atlanta Falcons	Tampa Bay Buccaneers	2 	0.0 	0 	0.0 	0.0 	0 	0.0 	0.0 	0.0 	0.0 	0.0 	0.2 	QB35		Atlanta Falcons	Cincinnati Bengals	2 	0.0 	0 	0.0 	0.0 	0 	0.0 	0.0 	0.0 	0.0 	0.0 	0.2 	QB38		Atlanta Falcons	Kansas City Chiefs	2 	0.0 	0 	0.0 	0.0 	0 	0.0 	0.0 	0.0 	0.0 	0.0 	0.2 	QB34		Atlanta Falcons	BYE	0 	0.0 	0 	0.0 	0.0 	0 	0.0 	0.0 	0.0 	0.0 	0.0 	0.0 	-		Atlanta Falcons	Minnesota Vikings	2 	0.0 	0 	0.0 	0.0 	0 	0.0 	0.0 	0.0 	0.0 	0.0 	0.2 	QB40		Atlanta Falcons	Detroit Lions	2 	0.0 	0 	0.0 	0.0 	0 	0.0 	0.0 	0.0 	0.0 	0.0 	0.2 	QB35		Atlanta Falcons	Cleveland Browns	2 	0.0 	0 	0.0 	0.0 	0 	0.0 	0.0 	0.0 	0.0 	0.0 	0.2 	QB37		Atlanta Falcons	Washington Commanders	2 	0.0 	0 	0.0 	0.0 	0 	0.0 	0.0 	0.0 	0.0 	0.0 	0.2 	QB40		Atlanta Falcons	Tampa Bay Buccaneers	2 	0.0 	0 	0.0 	0.0 	0 	0.0 	0.0 	0.0 	0.0 	0.0 	0.2 	QB40		Atlanta Falcons	New Orleans Saints	2 	0.0 	0 	0.0 	0.0 	0 	0.0 	0.0 	0.0 	0.0 	0.0 	0.2 	QB40		Actual	Actual	Actual	Actual	Forecast	Forecast	Forecast	Forecast	Forecast	Forecast	Forecast	Forecast	Forecast	Forecast	Forecast	Forecast	Forecast		Injured	Injured	Healthy	Healthy	Healthy	Healthy	Healthy	Healthy	Healthy	Healthy	Healthy	Healthy	Healthy	Healthy	Healthy	Healthy	Healthy		Week 5 2026	10/9/2026	4:29:22 PM	16		0%	0%	0%	1%	1%	1%		0.0 	1	0	0	0	0	
	Shedeur Sanders	Cleveland Browns	QB	QB39	0.4 	5 	27 	2.2 	0.2 	0.0 	23 	1.9 	0.1 	0.0 	0.0 	0.0 	0 	0.0 	0.0 	0.0 	0.1 	0.0 	0.0 	0.013 	0.460 	0.000 	(2)	0.000 	0.000 	271 	246 	(25)	42 	34 	(8)	0.000 																0.0 	0.0 	0.0 	0.0 	0.4 	0.4 	0.4 	0.4 	0.4 	0.4 	0.0 	0.4 	0.4 	0.4 	0.4 	0.3 	0.4 		-	-	-	-	QB32	QB30	QB30	QB31	QB33	QB31	-	QB35	QB31	QB32	QB35	QB36	QB35		QB37	0.4 	2.2 	0.0 	1.9 	0.0 	0.0 	0.0 	0.0 	37 	0.019 	0.460 	0.009 	(2)	0.000 	0.000 	263 	0.005 		5 														-	0.0 	0.0 	0.0 	0.0 	0.0 	0.0 	0.0 	0.0 	#N/A	0.000 	0.460 	#N/A	(2)	0.000 	0.000 	#N/A	#N/A		0.0 																	Cleveland Browns	Jacksonville Jaguars	0 	0.0 	0 	0.0 	0.0 	0 	0.0 	0.0 	0.0 	0.0 	0.0 	0.0 	-		Cleveland Browns	Tampa Bay Buccaneers	0 	0.0 	0 	0.0 	0.0 	0 	0.0 	0.0 	0.0 	0.0 	0.0 	0.0 	-		Cleveland Browns	Carolina Panthers	0 	0.0 	0 	0.0 	0.0 	0 	0.0 	0.0 	0.0 	0.0 	0.0 	0.0 	-		Cleveland Browns	Pittsburgh Steelers	0 	0.0 	0 	0.0 	0.0 	0 	0.0 	0.0 	0.0 	0.0 	0.0 	0.0 	-		Cleveland Browns	New York Jets	2 	0.0 	2 	0.0 	0.0 	0 	0.0 	0.0 	0.0 	0.0 	0.0 	0.4 	QB32		Cleveland Browns	Baltimore Ravens	2 	0.0 	2 	0.0 	0.0 	0 	0.0 	0.0 	0.0 	0.0 	0.0 	0.4 	QB30		Cleveland Browns	Tennessee Titans	2 	0.0 	2 	0.0 	0.0 	0 	0.0 	0.0 	0.0 	0.0 	0.0 	0.4 	QB30		Cleveland Browns	Pittsburgh Steelers	2 	0.0 	2 	0.0 	0.0 	0 	0.0 	0.0 	0.0 	0.0 	0.0 	0.4 	QB31		Cleveland Browns	New Orleans Saints	2 	0.0 	2 	0.0 	0.0 	0 	0.0 	0.0 	0.0 	0.0 	0.0 	0.4 	QB33		Cleveland Browns	Houston Texans	2 	0.0 	2 	0.0 	0.0 	0 	0.0 	0.0 	0.0 	0.0 	0.0 	0.4 	QB31		Cleveland Browns	BYE	0 	0.0 	0 	0.0 	0.0 	0 	0.0 	0.0 	0.0 	0.0 	0.0 	0.0 	-		Cleveland Browns	Las Vegas Raiders	2 	0.0 	2 	0.0 	0.0 	0 	0.0 	0.0 	0.0 	0.0 	0.0 	0.4 	QB35		Cleveland Browns	Cincinnati Bengals	2 	0.0 	2 	0.0 	0.0 	0 	0.0 	0.0 	0.0 	0.0 	0.0 	0.4 	QB31		Cleveland Browns	Atlanta Falcons	2 	0.0 	2 	0.0 	0.0 	0 	0.0 	0.0 	0.0 	0.0 	0.0 	0.4 	QB32		Cleveland Browns	New York Giants	2 	0.0 	2 	0.0 	0.0 	0 	0.0 	0.0 	0.0 	0.0 	0.0 	0.4 	QB35		Cleveland Browns	Baltimore Ravens	2 	0.0 	2 	0.0 	0.0 	0 	0.0 	0.0 	0.0 	0.0 	0.0 	0.3 	QB36		Cleveland Browns	Indianapolis Colts	2 	0.0 	2 	0.0 	0.0 	0 	0.0 	0.0 	0.0 	0.0 	0.0 	0.4 	QB35		Actual	Actual	Actual	Actual	Forecast	Forecast	Forecast	Forecast	Forecast	Forecast	Forecast	Forecast	Forecast	Forecast	Forecast	Forecast	Forecast		Healthy	Healthy	Healthy	Healthy	Healthy	Healthy	Healthy	Healthy	Healthy	Healthy	Healthy	Healthy	Healthy	Healthy	Healthy	Healthy	Healthy		Week 5 2026	10/9/2026	4:29:22 PM	16		0%	0%	2%	2%	1%	1%		0.0 	0	0	0	0	0	0.004661 
	Carson Wentz	Minnesota Vikings	QB	QB39	8.7 	26 	276 	92.0 	3.0 	1.0 	10 	3.3 	0.0 	0.0 	0.0 	0.0 	0 	0.0 	0.0 	0.0 	0.0 	0.0 	0.0 	0.071 	0.460 	0.000 	(1)	0.000 	0.000 	271 	0 	(271)	38 	0 	(38)	0.000 				-	-		-	-		-	-		-	-		19.2 	6.3 	0.0 	0.0 	0.7 	0.0 	0.0 	0.0 	0.0 	0.0 	0.0 	0.0 	0.0 	0.0 	0.0 	0.0 	0.0 		QB12	QB29	-	-	QB30	-	-	-	-	-	-	-	-	-	-	-	-		QB38	0.7 	0.0 	0.0 	4.9 	0.0 	0.0 	0.0 	0.0 	42 	0.003 	0.460 	0.000 	(1)	0.000 	0.000 	270 	0.000 		1 														QB35	12.8 	0.0 	0.0 	2.5 	0.0 	0.0 	0.0 	0.0 	35 	0.229 	0.460 	0.040 	(1)	0.000 	0.000 	#N/A	0.021 		25.5 																	Minnesota Vikings	Green Bay Packers	133 	3.0 	(1)	0.0 	0.0 	0 	0.0 	0.0 	0.0 	0.0 	1.0 	19.2 	QB12		Minnesota Vikings	Chicago Bears	143 	0.0 	6 	0.0 	0.0 	0 	0.0 	0.0 	0.0 	0.0 	0.0 	6.3 	QB29		Minnesota Vikings	Tampa Bay Buccaneers	0 	0.0 	0 	0.0 	0.0 	0 	0.0 	0.0 	0.0 	0.0 	0.0 	0.0 	-		Minnesota Vikings	Miami Dolphins	0 	0.0 	0 	0.0 	0.0 	0 	0.0 	0.0 	0.0 	0.0 	0.0 	0.0 	-		Minnesota Vikings	New Orleans Saints	0 	0.0 	5 	0.0 	0.0 	0 	0.0 	0.0 	0.0 	0.0 	0.0 	0.7 	QB30		Minnesota Vikings	BYE	0 	0.0 	0 	0.0 	0.0 	0 	0.0 	0.0 	0.0 	0.0 	0.0 	0.0 	-		Minnesota Vikings	Indianapolis Colts	0 	0.0 	0 	0.0 	0.0 	0 	0.0 	0.0 	0.0 	0.0 	0.0 	0.0 	-		Minnesota Vikings	Detroit Lions	0 	0.0 	0 	0.0 	0.0 	0 	0.0 	0.0 	0.0 	0.0 	0.0 	0.0 	-		Minnesota Vikings	Buffalo Bills	0 	0.0 	0 	0.0 	0.0 	0 	0.0 	0.0 	0.0 	0.0 	0.0 	0.0 	-		Minnesota Vikings	Green Bay Packers	0 	0.0 	0 	0.0 	0.0 	0 	0.0 	0.0 	0.0 	0.0 	0.0 	0.0 	-		Minnesota Vikings	San Francisco 49ers	0 	0.0 	0 	0.0 	0.0 	0 	0.0 	0.0 	0.0 	0.0 	0.0 	0.0 	-		Minnesota Vikings	Atlanta Falcons	0 	0.0 	0 	0.0 	0.0 	0 	0.0 	0.0 	0.0 	0.0 	0.0 	0.0 	-		Minnesota Vikings	Carolina Panthers	0 	0.0 	0 	0.0 	0.0 	0 	0.0 	0.0 	0.0 	0.0 	0.0 	0.0 	-		Minnesota Vikings	New England Patriots	0 	0.0 	0 	0.0 	0.0 	0 	0.0 	0.0 	0.0 	0.0 	0.0 	0.0 	-		Minnesota Vikings	Detroit Lions	0 	0.0 	0 	0.0 	0.0 	0 	0.0 	0.0 	0.0 	0.0 	0.0 	0.0 	-		Minnesota Vikings	Washington Commanders	0 	0.0 	0 	0.0 	0.0 	0 	0.0 	0.0 	0.0 	0.0 	0.0 	0.0 	-		Minnesota Vikings	New York Jets	0 	0.0 	0 	0.0 	0.0 	0 	0.0 	0.0 	0.0 	0.0 	0.0 	0.0 	-		Actual	Actual	Actual	Actual	Forecast	Forecast	Forecast	Forecast	Forecast	Forecast	Forecast	Forecast	Forecast	Forecast	Forecast	Forecast	Forecast		Healthy	Healthy	Healthy	Healthy	Healthy	Healthy	Healthy	Healthy	Healthy	Healthy	Healthy	Healthy	Healthy	Healthy	Healthy	Healthy	Healthy		Week 5 2026	10/9/2026	4:29:22 PM	16		0%	0%	0%	0%	0%	0%		(0.0)	0	0	0	0	0	(0.020956)
	Carson Beck	Arizona Cardinals	QB	QB39	0.3 	3 	27 	2.3 	0.2 	0.0 	12 	1.0 	0.1 	0.0 	0.0 	0.0 	0 	0.0 	0.0 	0.0 	0.1 	0.0 	0.0 	0.009 	0.460 	0.000 	(2)	0.000 	0.000 	271 	0 	(271)	44 	0 	(44)	0.000 																0.0 	0.0 	0.0 	0.0 	0.3 	0.3 	0.3 	0.3 	0.2 	0.3 	0.2 	0.3 	0.2 	0.0 	0.3 	0.3 	0.3 		-	-	-	-	QB33	QB33	QB34	QB34	QB37	QB32	QB32	QB38	QB34	-	QB38	QB39	QB39		QB38	0.3 	2.3 	0.0 	1.0 	0.0 	0.0 	0.0 	0.0 	39 	0.012 	0.460 	0.000 	(2)	0.000 	0.000 	270 	0.000 		3 															0.0 	0.0 	0.0 	0.0 	0.0 	0.0 	0.0 	0.0 	#N/A	0.000 	0.460 	#N/A	(2)	0.000 	0.000 	#N/A	#N/A		0.0 																	Arizona Cardinals	Los Angeles Chargers	0 	0.0 	0 	0.0 	0.0 	0 	0.0 	0.0 	0.0 	0.0 	0.0 	0.0 	-		Arizona Cardinals	Seattle Seahawks	0 	0.0 	0 	0.0 	0.0 	0 	0.0 	0.0 	0.0 	0.0 	0.0 	0.0 	-		Arizona Cardinals	San Francisco 49ers	0 	0.0 	0 	0.0 	0.0 	0 	0.0 	0.0 	0.0 	0.0 	0.0 	0.0 	-		Arizona Cardinals	New York Giants	0 	0.0 	0 	0.0 	0.0 	0 	0.0 	0.0 	0.0 	0.0 	0.0 	0.0 	-		Arizona Cardinals	Detroit Lions	2 	0.0 	1 	0.0 	0.0 	0 	0.0 	0.0 	0.0 	0.0 	0.0 	0.3 	QB33		Arizona Cardinals	Los Angeles Rams	2 	0.0 	1 	0.0 	0.0 	0 	0.0 	0.0 	0.0 	0.0 	0.0 	0.3 	QB33		Arizona Cardinals	Denver Broncos	2 	0.0 	1 	0.0 	0.0 	0 	0.0 	0.0 	0.0 	0.0 	0.0 	0.3 	QB34		Arizona Cardinals	Dallas Cowboys	2 	0.0 	1 	0.0 	0.0 	0 	0.0 	0.0 	0.0 	0.0 	0.0 	0.3 	QB34		Arizona Cardinals	Seattle Seahawks	2 	0.0 	1 	0.0 	0.0 	0 	0.0 	0.0 	0.0 	0.0 	0.0 	0.2 	QB37		Arizona Cardinals	Los Angeles Rams	2 	0.0 	1 	0.0 	0.0 	0 	0.0 	0.0 	0.0 	0.0 	0.0 	0.3 	QB32		Arizona Cardinals	Kansas City Chiefs	2 	0.0 	1 	0.0 	0.0 	0 	0.0 	0.0 	0.0 	0.0 	0.0 	0.2 	QB32		Arizona Cardinals	Washington Commanders	2 	0.0 	1 	0.0 	0.0 	0 	0.0 	0.0 	0.0 	0.0 	0.0 	0.3 	QB38		Arizona Cardinals	Philadelphia Eagles	2 	0.0 	1 	0.0 	0.0 	0 	0.0 	0.0 	0.0 	0.0 	0.0 	0.2 	QB34		Arizona Cardinals	BYE	0 	0.0 	0 	0.0 	0.0 	0 	0.0 	0.0 	0.0 	0.0 	0.0 	0.0 	-		Arizona Cardinals	New York Jets	2 	0.0 	1 	0.0 	0.0 	0 	0.0 	0.0 	0.0 	0.0 	0.0 	0.3 	QB38		Arizona Cardinals	New Orleans Saints	2 	0.0 	1 	0.0 	0.0 	0 	0.0 	0.0 	0.0 	0.0 	0.0 	0.3 	QB39		Arizona Cardinals	Las Vegas Raiders	2 	0.0 	1 	0.0 	0.0 	0 	0.0 	0.0 	0.0 	0.0 	0.0 	0.3 	QB39		Actual	Actual	Actual	Actual	Forecast	Forecast	Forecast	Forecast	Forecast	Forecast	Forecast	Forecast	Forecast	Forecast	Forecast	Forecast	Forecast		Healthy	Healthy	Healthy	Injured	Healthy	Healthy	Healthy	Healthy	Healthy	Healthy	Healthy	Healthy	Healthy	Healthy	Healthy	Healthy	Healthy		Week 5 2026	10/9/2026	4:29:22 PM	16		0%	0%	1%	1%	1%	1%		0.0 	0	0	1	0	0	
	Travis Hunter	Jacksonville Jaguars	WR	WR107	0.0 	0 	0 	0.0 	0.0 	0.0 	0 	0.0 	0.0 	0.0 	0.0 	0.0 	0 	0.0 	0.0 	0.0 	0.0 	0.0 	0.0 	0.000 	1.000 	0.000 	(2)	0.000 	0.000 	271 	299 	28 	108 	102 	(6)	0.000 																0.0 	0.0 	0.0 	0.0 	0.0 	0.0 	0.0 	0.0 	0.0 	0.0 	0.0 	0.0 	0.0 	0.0 	0.0 	0.0 	0.0 		-	-	-	-	-	-	-	-	-	-	-	-	-	-	-	-	-		WR108	0.0 	0.0 	0.0 	0.0 	0.0 	0.0 	0.0 	0.0 	108 	0.000 	1.000 	0.000 	(2)	0.000 	0.000 	270 	0.000 		0 														-	0.0 	0.0 	0.0 	0.0 	0.0 	0.0 	0.0 	0.0 	#N/A	0.000 	1.000 	#N/A	(1)	0.000 	0.000 	#N/A	#N/A		0.0 																	Jacksonville Jaguars	Cleveland Browns	0 	0.0 	0 	0.0 	0.0 	0 	0.0 	0.0 	0.0 	0.0 	0.0 	0.0 	-		Jacksonville Jaguars	Denver Broncos	0 	0.0 	0 	0.0 	0.0 	0 	0.0 	0.0 	0.0 	0.0 	0.0 	0.0 	-		Jacksonville Jaguars	New England Patriots	0 	0.0 	0 	0.0 	0.0 	0 	0.0 	0.0 	0.0 	0.0 	0.0 	0.0 	-		Jacksonville Jaguars	Cincinnati Bengals	0 	0.0 	0 	0.0 	0.0 	0 	0.0 	0.0 	0.0 	0.0 	0.0 	0.0 	-		Jacksonville Jaguars	Philadelphia Eagles	0 	0.0 	0 	0.0 	0.0 	0 	0.0 	0.0 	0.0 	0.0 	0.0 	0.0 	-		Jacksonville Jaguars	Houston Texans	0 	0.0 	0 	0.0 	0.0 	0 	0.0 	0.0 	0.0 	0.0 	0.0 	0.0 	-		Jacksonville Jaguars	BYE	0 	0.0 	0 	0.0 	0.0 	0 	0.0 	0.0 	0.0 	0.0 	0.0 	0.0 	-		Jacksonville Jaguars	Indianapolis Colts	0 	0.0 	0 	0.0 	0.0 	0 	0.0 	0.0 	0.0 	0.0 	0.0 	0.0 	-		Jacksonville Jaguars	Baltimore Ravens	0 	0.0 	0 	0.0 	0.0 	0 	0.0 	0.0 	0.0 	0.0 	0.0 	0.0 	-		Jacksonville Jaguars	Tennessee Titans	0 	0.0 	0 	0.0 	0.0 	0 	0.0 	0.0 	0.0 	0.0 	0.0 	0.0 	-		Jacksonville Jaguars	New York Giants	0 	0.0 	0 	0.0 	0.0 	0 	0.0 	0.0 	0.0 	0.0 	0.0 	0.0 	-		Jacksonville Jaguars	Tennessee Titans	0 	0.0 	0 	0.0 	0.0 	0 	0.0 	0.0 	0.0 	0.0 	0.0 	0.0 	-		Jacksonville Jaguars	Chicago Bears	0 	0.0 	0 	0.0 	0.0 	0 	0.0 	0.0 	0.0 	0.0 	0.0 	0.0 	-		Jacksonville Jaguars	Pittsburgh Steelers	0 	0.0 	0 	0.0 	0.0 	0 	0.0 	0.0 	0.0 	0.0 	0.0 	0.0 	-		Jacksonville Jaguars	Houston Texans	0 	0.0 	0 	0.0 	0.0 	0 	0.0 	0.0 	0.0 	0.0 	0.0 	0.0 	-		Jacksonville Jaguars	Dallas Cowboys	0 	0.0 	0 	0.0 	0.0 	0 	0.0 	0.0 	0.0 	0.0 	0.0 	0.0 	-		Jacksonville Jaguars	Washington Commanders	0 	0.0 	0 	0.0 	0.0 	0 	0.0 	0.0 	0.0 	0.0 	0.0 	0.0 	-		Actual	Actual	Actual	Actual	Forecast	Forecast	Forecast	Forecast	Forecast	Forecast	Forecast	Forecast	Forecast	Forecast	Forecast	Forecast	Forecast		Healthy	Healthy	Healthy	Healthy	Injured	Healthy	Healthy	Healthy	Healthy	Healthy	Healthy	Healthy	Healthy	Healthy	Healthy	Healthy	Healthy		Week 5 2026	10/9/2026	4:29:22 PM	16		0%	0%	0%	0%	0%	0%		0.0 	0	0	0	1	0	
	Cooper Rush	Atlanta Falcons	QB	QB39	0.6 	8 	229 	16.4 	1.0 	0.1 	37 	2.6 	0.0 	0.0 	0.0 	0.0 	0 	0.0 	0.0 	0.0 	3.2 	1.0 	0.0 	0.023 	0.460 	0.000 	(2)	0.000 	0.000 	271 	0 	(271)	40 	0 	(40)	0.000 																5.7 	1.1 	0.0 	0.0 	0.2 	0.1 	0.1 	0.1 	0.1 	0.1 	0.0 	0.1 	0.1 	0.1 	0.1 	0.1 	0.1 		QB30	QB34	-	-	QB36	QB35	QB36	QB36	QB39	QB35	-	QB41	QB36	QB38	QB41	QB41	QB41		QB38	0.1 	0.0 	0.0 	1.4 	0.0 	0.0 	0.0 	0.0 	41 	0.006 	0.460 	0.000 	(2)	0.000 	0.000 	270 	0.000 		2 														QB41	3.4 	0.0 	0.0 	8.3 	0.0 	0.0 	0.0 	0.0 	41 	0.061 	0.460 	0.000 	(1)	0.000 	0.000 	#N/A	0.000 		6.8 																	Atlanta Falcons	Pittsburgh Steelers	143 	1.0 	0 	0.0 	0.0 	0 	0.0 	2.0 	0.0 	0.0 	0.0 	5.7 	QB30		Atlanta Falcons	Carolina Panthers	86 	0.0 	20 	0.0 	0.0 	0 	0.0 	1.2 	1.0 	0.0 	0.0 	1.1 	QB34		Atlanta Falcons	Green Bay Packers	0 	0.0 	0 	0.0 	0.0 	0 	0.0 	0.0 	0.0 	0.0 	0.0 	0.0 	-		Atlanta Falcons	New Orleans Saints	0 	0.0 	0 	0.0 	0.0 	0 	0.0 	0.0 	0.0 	0.0 	0.0 	0.0 	-		Atlanta Falcons	Baltimore Ravens	0 	0.0 	2 	0.0 	0.0 	0 	0.0 	0.0 	0.0 	0.0 	0.0 	0.2 	QB36		Atlanta Falcons	Chicago Bears	0 	0.0 	1 	0.0 	0.0 	0 	0.0 	0.0 	0.0 	0.0 	0.0 	0.1 	QB35		Atlanta Falcons	San Francisco 49ers	0 	0.0 	1 	0.0 	0.0 	0 	0.0 	0.0 	0.0 	0.0 	0.0 	0.1 	QB36		Atlanta Falcons	Tampa Bay Buccaneers	0 	0.0 	1 	0.0 	0.0 	0 	0.0 	0.0 	0.0 	0.0 	0.0 	0.1 	QB36		Atlanta Falcons	Cincinnati Bengals	0 	0.0 	1 	0.0 	0.0 	0 	0.0 	0.0 	0.0 	0.0 	0.0 	0.1 	QB39		Atlanta Falcons	Kansas City Chiefs	0 	0.0 	1 	0.0 	0.0 	0 	0.0 	0.0 	0.0 	0.0 	0.0 	0.1 	QB35		Atlanta Falcons	BYE	0 	0.0 	0 	0.0 	0.0 	0 	0.0 	0.0 	0.0 	0.0 	0.0 	0.0 	-		Atlanta Falcons	Minnesota Vikings	0 	0.0 	1 	0.0 	0.0 	0 	0.0 	0.0 	0.0 	0.0 	0.0 	0.1 	QB41		Atlanta Falcons	Detroit Lions	0 	0.0 	1 	0.0 	0.0 	0 	0.0 	0.0 	0.0 	0.0 	0.0 	0.1 	QB36		Atlanta Falcons	Cleveland Browns	0 	0.0 	1 	0.0 	0.0 	0 	0.0 	0.0 	0.0 	0.0 	0.0 	0.1 	QB38		Atlanta Falcons	Washington Commanders	0 	0.0 	1 	0.0 	0.0 	0 	0.0 	0.0 	0.0 	0.0 	0.0 	0.1 	QB41		Atlanta Falcons	Tampa Bay Buccaneers	0 	0.0 	1 	0.0 	0.0 	0 	0.0 	0.0 	0.0 	0.0 	0.0 	0.1 	QB41		Atlanta Falcons	New Orleans Saints	0 	0.0 	1 	0.0 	0.0 	0 	0.0 	0.0 	0.0 	0.0 	0.0 	0.1 	QB41		Actual	Actual	Actual	Actual	Forecast	Forecast	Forecast	Forecast	Forecast	Forecast	Forecast	Forecast	Forecast	Forecast	Forecast	Forecast	Forecast		Healthy	Healthy	Injured	Healthy	Healthy	Healthy	Healthy	Healthy	Healthy	Healthy	Healthy	Healthy	Healthy	Healthy	Healthy	Healthy	Healthy		Week 5 2026	10/9/2026	4:29:22 PM	16		0%	0%	1%	0%	0%	0%		0.0 	0	1	0	0	0	
	Ricky Pearsall	San Francisco 49ers	WR	WR107	0.0 	0 	0 	0.0 	0.0 	0.0 	0 	0.0 	0.0 	0.0 	0.0 	0.0 	0 	0.0 	0.0 	0.0 	0.0 	0.0 	0.0 	0.000 	1.000 	0.000 	(2)	0.000 	0.000 	271 	0 	(271)	108 	0 	(108)	0.000 																0.0 	0.0 	0.0 	0.0 	0.0 	0.0 	0.0 	0.0 	0.0 	0.0 	0.0 	0.0 	0.0 	0.0 	0.0 	0.0 	0.0 		-	-	-	-	-	-	-	-	-	-	-	-	-	-	-	-	-		WR108	0.0 	0.0 	0.0 	0.0 	0.0 	0.0 	0.0 	0.0 	108 	0.000 	1.000 	0.000 	(2)	0.000 	0.000 	270 	0.000 		0 														-	0.0 	0.0 	0.0 	0.0 	0.0 	0.0 	0.0 	0.0 	#N/A	0.000 	1.000 	#N/A	(1)	0.000 	0.000 	#N/A	#N/A		0.0 																	San Francisco 49ers	Los Angeles Rams	0 	0.0 	0 	0.0 	0.0 	0 	0.0 	0.0 	0.0 	0.0 	0.0 	0.0 	-		San Francisco 49ers	Miami Dolphins	0 	0.0 	0 	0.0 	0.0 	0 	0.0 	0.0 	0.0 	0.0 	0.0 	0.0 	-		San Francisco 49ers	Arizona Cardinals	0 	0.0 	0 	0.0 	0.0 	0 	0.0 	0.0 	0.0 	0.0 	0.0 	0.0 	-		San Francisco 49ers	Denver Broncos	0 	0.0 	0 	0.0 	0.0 	0 	0.0 	0.0 	0.0 	0.0 	0.0 	0.0 	-		San Francisco 49ers	Seattle Seahawks	0 	0.0 	0 	0.0 	0.0 	0 	0.0 	0.0 	0.0 	0.0 	0.0 	0.0 	-		San Francisco 49ers	Washington Commanders	0 	0.0 	0 	0.0 	0.0 	0 	0.0 	0.0 	0.0 	0.0 	0.0 	0.0 	-		San Francisco 49ers	Atlanta Falcons	0 	0.0 	0 	0.0 	0.0 	0 	0.0 	0.0 	0.0 	0.0 	0.0 	0.0 	-		San Francisco 49ers	BYE	0 	0.0 	0 	0.0 	0.0 	0 	0.0 	0.0 	0.0 	0.0 	0.0 	0.0 	-		San Francisco 49ers	Las Vegas Raiders	0 	0.0 	0 	0.0 	0.0 	0 	0.0 	0.0 	0.0 	0.0 	0.0 	0.0 	-		San Francisco 49ers	Dallas Cowboys	0 	0.0 	0 	0.0 	0.0 	0 	0.0 	0.0 	0.0 	0.0 	0.0 	0.0 	-		San Francisco 49ers	Minnesota Vikings	0 	0.0 	0 	0.0 	0.0 	0 	0.0 	0.0 	0.0 	0.0 	0.0 	0.0 	-		San Francisco 49ers	Seattle Seahawks	0 	0.0 	0 	0.0 	0.0 	0 	0.0 	0.0 	0.0 	0.0 	0.0 	0.0 	-		San Francisco 49ers	New York Giants	0 	0.0 	0 	0.0 	0.0 	0 	0.0 	0.0 	0.0 	0.0 	0.0 	0.0 	-		San Francisco 49ers	Los Angeles Rams	0 	0.0 	0 	0.0 	0.0 	0 	0.0 	0.0 	0.0 	0.0 	0.0 	0.0 	-		San Francisco 49ers	Los Angeles Chargers	0 	0.0 	0 	0.0 	0.0 	0 	0.0 	0.0 	0.0 	0.0 	0.0 	0.0 	-		San Francisco 49ers	Kansas City Chiefs	0 	0.0 	0 	0.0 	0.0 	0 	0.0 	0.0 	0.0 	0.0 	0.0 	0.0 	-		San Francisco 49ers	Philadelphia Eagles	0 	0.0 	0 	0.0 	0.0 	0 	0.0 	0.0 	0.0 	0.0 	0.0 	0.0 	-		Actual	Actual	Actual	Actual	Forecast	Forecast	Forecast	Forecast	Forecast	Forecast	Forecast	Forecast	Forecast	Forecast	Forecast	Forecast	Forecast		Injured	Injured	Injured	Injured	Injured	Injured	Injured	Injured	Injured	Injured	Injured	Injured	Injured	Injured	Injured	Injured	Injured		Week 5 2026	10/9/2026	4:29:22 PM	16		0%	0%	0%	0%	0%	0%		0.0 	1	1	1	1	1	
	Jayden Higgins	Houston Texans	WR	WR107	0.0 	0 	0 	0.0 	0.0 	0.0 	0 	0.0 	0.0 	0.0 	0.0 	0.0 	0 	0.0 	0.0 	0.0 	0.0 	0.0 	0.0 	0.000 	1.000 	0.000 	(2)	0.000 	0.000 	271 	0 	(271)	108 	0 	(108)	0.000 																0.0 	0.0 	0.0 	0.0 	0.0 	0.0 	0.0 	0.0 	0.0 	0.0 	0.0 	0.0 	0.0 	0.0 	0.0 	0.0 	0.0 		-	-	-	-	-	-	-	-	-	-	-	-	-	-	-	-	-		WR108	0.0 	0.0 	0.0 	0.0 	0.0 	0.0 	0.0 	0.0 	108 	0.000 	1.000 	0.000 	(2)	0.000 	0.000 	270 	0.000 		0 														-	0.0 	0.0 	0.0 	0.0 	0.0 	0.0 	0.0 	0.0 	#N/A	0.000 	1.000 	#N/A	(1)	0.000 	0.000 	#N/A	#N/A		0.0 																	Houston Texans	Buffalo Bills	0 	0.0 	0 	0.0 	0.0 	0 	0.0 	0.0 	0.0 	0.0 	0.0 	0.0 	-		Houston Texans	Cincinnati Bengals	0 	0.0 	0 	0.0 	0.0 	0 	0.0 	0.0 	0.0 	0.0 	0.0 	0.0 	-		Houston Texans	Indianapolis Colts	0 	0.0 	0 	0.0 	0.0 	0 	0.0 	0.0 	0.0 	0.0 	0.0 	0.0 	-		Houston Texans	Dallas Cowboys	0 	0.0 	0 	0.0 	0.0 	0 	0.0 	0.0 	0.0 	0.0 	0.0 	0.0 	-		Houston Texans	Tennessee Titans	0 	0.0 	0 	0.0 	0.0 	0 	0.0 	0.0 	0.0 	0.0 	0.0 	0.0 	-		Houston Texans	Jacksonville Jaguars	0 	0.0 	0 	0.0 	0.0 	0 	0.0 	0.0 	0.0 	0.0 	0.0 	0.0 	-		Houston Texans	New York Giants	0 	0.0 	0 	0.0 	0.0 	0 	0.0 	0.0 	0.0 	0.0 	0.0 	0.0 	-		Houston Texans	BYE	0 	0.0 	0 	0.0 	0.0 	0 	0.0 	0.0 	0.0 	0.0 	0.0 	0.0 	-		Houston Texans	Los Angeles Chargers	0 	0.0 	0 	0.0 	0.0 	0 	0.0 	0.0 	0.0 	0.0 	0.0 	0.0 	-		Houston Texans	Cleveland Browns	0 	0.0 	0 	0.0 	0.0 	0 	0.0 	0.0 	0.0 	0.0 	0.0 	0.0 	-		Houston Texans	Indianapolis Colts	0 	0.0 	0 	0.0 	0.0 	0 	0.0 	0.0 	0.0 	0.0 	0.0 	0.0 	-		Houston Texans	Baltimore Ravens	0 	0.0 	0 	0.0 	0.0 	0 	0.0 	0.0 	0.0 	0.0 	0.0 	0.0 	-		Houston Texans	Pittsburgh Steelers	0 	0.0 	0 	0.0 	0.0 	0 	0.0 	0.0 	0.0 	0.0 	0.0 	0.0 	-		Houston Texans	Washington Commanders	0 	0.0 	0 	0.0 	0.0 	0 	0.0 	0.0 	0.0 	0.0 	0.0 	0.0 	-		Houston Texans	Jacksonville Jaguars	0 	0.0 	0 	0.0 	0.0 	0 	0.0 	0.0 	0.0 	0.0 	0.0 	0.0 	-		Houston Texans	Philadelphia Eagles	0 	0.0 	0 	0.0 	0.0 	0 	0.0 	0.0 	0.0 	0.0 	0.0 	0.0 	-		Houston Texans	Green Bay Packers	0 	0.0 	0 	0.0 	0.0 	0 	0.0 	0.0 	0.0 	0.0 	0.0 	0.0 	-		Actual	Actual	Actual	Actual	Forecast	Forecast	Forecast	Forecast	Forecast	Forecast	Forecast	Forecast	Forecast	Forecast	Forecast	Forecast	Forecast		Injured	Injured	Injured	Injured	Injured	Injured	Injured	Injured	Injured	Injured	Injured	Injured	Injured	Injured	Injured	Injured	Injured		Week 5 2026	10/9/2026	4:29:22 PM	16		0%	0%	0%	0%	0%	0%		0.0 	1	1	1	1	1	
	Austin Ekeler	Washington Commanders	RB	RB50	4.7 	61 	0 	0.0 	0.0 	0.0 	265 	20.4 	1.7 	0.1 	27.0 	2.1 	193 	14.8 	1.1 	0.1 	0.0 	0.6 	0.0 	0.166 	1.000 	0.392 	(0)	0.000 	0.000 	157 	0 	(157)	50 	0 	(50)	0.201 																0.0 	0.0 	0.0 	4.0 	5.2 	4.4 	0.0 	4.6 	4.5 	4.7 	5.0 	5.2 	4.9 	4.5 	5.0 	4.6 	4.6 		-	-	-	RB44	RB40	RB44	-	RB44	RB45	RB42	RB34	RB45	RB42	RB46	RB45	RB49	RB50		RB47	4.8 	0.0 	0.0 	19.7 	0.1 	2.2 	15.2 	0.1 	47 	0.223 	1.000 	0.430 	(0)	0.000 	0.000 	153 	0.227 		57 														RB77	4.0 	0.0 	0.0 	236.5 	1.7 	26.0 	181.8 	1.1 	77 	0.036 	1.000 	0.043 	(1)	0.000 	0.000 	#N/A	0.025 		4.0 																	Washington Commanders	Philadelphia Eagles	0 	0.0 	0 	0.0 	0.0 	0 	0.0 	0.0 	0.0 	0.0 	0.0 	0.0 	-		Washington Commanders	Dallas Cowboys	0 	0.0 	0 	0.0 	0.0 	0 	0.0 	0.0 	0.0 	0.0 	0.0 	0.0 	-		Washington Commanders	Seattle Seahawks	0 	0.0 	0 	0.0 	0.0 	0 	0.0 	0.0 	0.0 	0.0 	0.0 	0.0 	-		Washington Commanders	Indianapolis Colts	0 	0.0 	29 	0.0 	1.0 	11 	0.0 	0.0 	0.0 	0.0 	0.0 	4.0 	RB44		Washington Commanders	New York Giants	0 	0.0 	21 	0.1 	2.3 	16 	0.1 	0.0 	0.1 	0.0 	0.0 	5.2 	RB40		Washington Commanders	San Francisco 49ers	0 	0.0 	17 	0.1 	2.2 	16 	0.1 	0.0 	0.0 	0.0 	0.0 	4.4 	RB44		Washington Commanders	BYE	0 	0.0 	0 	0.0 	0.0 	0 	0.0 	0.0 	0.0 	0.0 	0.0 	0.0 	-		Washington Commanders	Philadelphia Eagles	0 	0.0 	19 	0.1 	2.1 	15 	0.1 	0.0 	0.0 	0.0 	0.0 	4.6 	RB44		Washington Commanders	Los Angeles Rams	0 	0.0 	18 	0.1 	2.2 	16 	0.1 	0.0 	0.0 	0.0 	0.0 	4.5 	RB45		Washington Commanders	New York Giants	0 	0.0 	20 	0.1 	2.1 	15 	0.1 	0.0 	0.0 	0.0 	0.0 	4.7 	RB42		Washington Commanders	Cincinnati Bengals	0 	0.0 	20 	0.2 	2.2 	16 	0.1 	0.0 	0.0 	0.0 	0.0 	5.0 	RB34		Washington Commanders	Arizona Cardinals	0 	0.0 	22 	0.2 	2.1 	15 	0.1 	0.0 	0.0 	0.0 	0.0 	5.2 	RB45		Washington Commanders	Tennessee Titans	0 	0.0 	21 	0.1 	2.1 	15 	0.1 	0.0 	0.0 	0.0 	0.0 	4.9 	RB42		Washington Commanders	Houston Texans	0 	0.0 	19 	0.1 	2.1 	15 	0.1 	0.0 	0.0 	0.0 	0.0 	4.5 	RB46		Washington Commanders	Atlanta Falcons	0 	0.0 	21 	0.2 	2.2 	15 	0.1 	0.0 	0.0 	0.0 	0.0 	5.0 	RB45		Washington Commanders	Minnesota Vikings	0 	0.0 	19 	0.1 	2.1 	15 	0.1 	0.0 	0.0 	0.0 	0.0 	4.6 	RB49		Washington Commanders	Jacksonville Jaguars	0 	0.0 	19 	0.1 	2.2 	15 	0.1 	0.0 	0.0 	0.0 	0.0 	4.6 	RB50		Actual	Actual	Actual	Actual	Forecast	Forecast	Forecast	Forecast	Forecast	Forecast	Forecast	Forecast	Forecast	Forecast	Forecast	Forecast	Forecast		Healthy	Healthy	Healthy	Healthy	Healthy	Healthy	Healthy	Healthy	Healthy	Healthy	Healthy	Healthy	Healthy	Healthy	Healthy	Healthy	Healthy		Week 5 2026	10/9/2026	4:29:22 PM	16		7%	6%	15%	14%	0%	0%		0.2 	0	0	0	0	0	0.202186 