																																																				Actual	Actual	Actual	Forecast	Forecast	Forecast	Forecast	Forecast	Forecast	Forecast	Forecast	Forecast	Forecast	Forecast	Forecast	Forecast	Forecast																																																																																																																																																																																																																																																																																																																																																																																																								
									Pass TDs		Rush YDs		Rush TDs		Receptions		Rec Yards		Rec TD		Interceptions	Fumbles	Misc. TD																													19	20	21	22	23	24	25	26	27	28	29	30	31	32	33	34	35																																																																																											19	19	19	19	19	19	19	19	19	19	19	19				20	20	20	20	20	20	20	20	20	20	20	20				21	21	21	21	21	21	21	21	21	21	21	21				22	22	22	22	22	22	22	22	22	22	22	22				23	23	23	23	23	23	23	23	23	23	23	23				24	24	24	24	24	24	24	24	24	24	24	24				25	25	25	25	25	25	25	25	25	25	25	25				26	26	26	26	26	26	26	26	26	26	26	26				27	27	27	27	27	27	27	27	27	27	27	27				28	28	28	28	28	28	28	28	28	28	28	28				29	29	29	29	29	29	29	29	29	29	29	29				30	30	30	30	30	30	30	30	30	30	30	30				31	31	31	31	31	31	31	31	31	31	31	31				32	32	32	32	32	32	32	32	32	32	32	32				33	33	33	33	33	33	33	33	33	33	33	33				34	34	34	34	34	34	34	34	34	34	34	34				35	35	35	35	35	35	35	35	35	35	35	35																																																		
					Consolidated	Consolidated	Consolidated	Consolidated	Consolidated	Consolidated	Consolidated	Consolidated	Consolidated	Consolidated	Consolidated	Consolidated	Consolidated	Consolidated	Consolidated	Consolidated	Consolidated	Consolidated	Consolidated	Consolidated	Consolidated	Consolidated	Consolidated	Consolidated	Consolidated	Consolidated	Consolidated	Consolidated	Consolidated	Consolidated	Consolidated	Consolidated			Consolidated	Consolidated	Consolidated	Consolidated	Consolidated	Consolidated	Consolidated	Consolidated	Consolidated	Consolidated	Consolidated	Consolidated		Week 1 2026	Week 2 2026	Week 3 2026	Week 4 2026	Week 5 2026	Week 6 2026	Week 7 2026	Week 8 2026	Week 9 2026	Week 10 2026	Week 11 2026	Week 12 2026	Week 13 2026	Week 14 2026	Week 15 2026	Week 16 2026	Week 17 2026		Week 1 2026	Week 2 2026	Week 3 2026	Week 4 2026	Week 5 2026	Week 6 2026	Week 7 2026	Week 8 2026	Week 9 2026	Week 10 2026	Week 11 2026	Week 12 2026	Week 13 2026	Week 14 2026	Week 15 2026	Week 16 2026	Week 17 2026		Rest of Season	Rest of Season	Rest of Season	Rest of Season	Rest of Season	Rest of Season	Rest of Season	Rest of Season	Rest of Season	Rest of Season	Rest of Season	Rest of Season	Rest of Season	Rest of Season	Rest of Season	Rest of Season	Rest of Season	Rest of Season		Rest of Season	Rest of Season	Rest of Season	Rest of Season	Rest of Season	Rest of Season	Rest of Season	Rest of Season	Rest of Season	Rest of Season	Rest of Season	Rest of Season	Rest of Season		YTD	YTD	YTD	YTD	YTD	YTD	YTD	YTD	YTD	YTD	YTD	YTD	YTD	YTD	YTD	YTD	YTD	YTD		YTD	YTD	YTD	YTD	YTD	YTD	YTD	YTD	YTD	YTD	YTD	YTD	YTD						Week 1	Week 1 2026	Week 1 2026	Week 1 2026	Week 1 2026	Week 1 2026	Week 1 2026	Week 1 2026	Week 1 2026	Week 1 2026	Week 1 2026	Week 1 2026	Week 1 2026			Week 2	Week 2 2026	Week 2 2026	Week 2 2026	Week 2 2026	Week 2 2026	Week 2 2026	Week 2 2026	Week 2 2026	Week 2 2026	Week 2 2026	Week 2 2026	Week 2 2026			Week 3	Week 3 2026	Week 3 2026	Week 3 2026	Week 3 2026	Week 3 2026	Week 3 2026	Week 3 2026	Week 3 2026	Week 3 2026	Week 3 2026	Week 3 2026	Week 3 2026			Week 4	Week 4 2026	Week 4 2026	Week 4 2026	Week 4 2026	Week 4 2026	Week 4 2026	Week 4 2026	Week 4 2026	Week 4 2026	Week 4 2026	Week 4 2026	Week 4 2026			Week 5	Week 5 2026	Week 5 2026	Week 5 2026	Week 5 2026	Week 5 2026	Week 5 2026	Week 5 2026	Week 5 2026	Week 5 2026	Week 5 2026	Week 5 2026	Week 5 2026			Week 6	Week 6 2026	Week 6 2026	Week 6 2026	Week 6 2026	Week 6 2026	Week 6 2026	Week 6 2026	Week 6 2026	Week 6 2026	Week 6 2026	Week 6 2026	Week 6 2026			Week 7	Week 7 2026	Week 7 2026	Week 7 2026	Week 7 2026	Week 7 2026	Week 7 2026	Week 7 2026	Week 7 2026	Week 7 2026	Week 7 2026	Week 7 2026	Week 7 2026			Week 8	Week 8 2026	Week 8 2026	Week 8 2026	Week 8 2026	Week 8 2026	Week 8 2026	Week 8 2026	Week 8 2026	Week 8 2026	Week 8 2026	Week 8 2026	Week 8 2026			Week 9	Week 9 2026	Week 9 2026	Week 9 2026	Week 9 2026	Week 9 2026	Week 9 2026	Week 9 2026	Week 9 2026	Week 9 2026	Week 9 2026	Week 9 2026	Week 9 2026			Week 10	Week 10 2026	Week 10 2026	Week 10 2026	Week 10 2026	Week 10 2026	Week 10 2026	Week 10 2026	Week 10 2026	Week 10 2026	Week 10 2026	Week 10 2026	Week 10 2026			Week 11	Week 11 2026	Week 11 2026	Week 11 2026	Week 11 2026	Week 11 2026	Week 11 2026	Week 11 2026	Week 11 2026	Week 11 2026	Week 11 2026	Week 11 2026	Week 11 2026			Week 12	Week 12 2026	Week 12 2026	Week 12 2026	Week 12 2026	Week 12 2026	Week 12 2026	Week 12 2026	Week 12 2026	Week 12 2026	Week 12 2026	Week 12 2026	Week 12 2026			Week 13	Week 13 2026	Week 13 2026	Week 13 2026	Week 13 2026	Week 13 2026	Week 13 2026	Week 13 2026	Week 13 2026	Week 13 2026	Week 13 2026	Week 13 2026	Week 13 2026			Week 14	Week 14 2026	Week 14 2026	Week 14 2026	Week 14 2026	Week 14 2026	Week 14 2026	Week 14 2026	Week 14 2026	Week 14 2026	Week 14 2026	Week 14 2026	Week 14 2026			Week 15	Week 15 2026	Week 15 2026	Week 15 2026	Week 15 2026	Week 15 2026	Week 15 2026	Week 15 2026	Week 15 2026	Week 15 2026	Week 15 2026	Week 15 2026	Week 15 2026			Week 16	Week 16 2026	Week 16 2026	Week 16 2026	Week 16 2026	Week 16 2026	Week 16 2026	Week 16 2026	Week 16 2026	Week 16 2026	Week 16 2026	Week 16 2026	Week 16 2026			Week 17	Week 17 2026	Week 17 2026	Week 17 2026	Week 17 2026	Week 17 2026	Week 17 2026	Week 17 2026	Week 17 2026	Week 17 2026	Week 17 2026	Week 17 2026	Week 17 2026		Week 1 2026	Week 2 2026	Week 3 2026	Week 4 2026	Week 5 2026	Week 6 2026	Week 7 2026	Week 8 2026	Week 9 2026	Week 10 2026	Week 11 2026	Week 12 2026	Week 13 2026	Week 14 2026	Week 15 2026	Week 16 2026	Week 17 2026		Week 1 2026	Week 2 2026	Week 3 2026	Week 4 2026	Week 5 2026	Week 6 2026	Week 7 2026	Week 8 2026	Week 9 2026	Week 10 2026	Week 11 2026	Week 12 2026	Week 13 2026	Week 14 2026	Week 15 2026	Week 16 2026	Week 17 2026														
	Player	Team	Position	Consolidated Rank	Cons PPG	Season	Pass Yds	Cons Pass YPG	Cons Pass TDs	Cons Pass TDs per Game	Rush Yds	Cons Rush YPG	Cons Rush TDs	Cons Rush TDs per Game	Receptions	Cons Rec PG	Cons Rec Yards	Cons Rec YPG	Cons Rec TD	Cons Rec TDs per Game	Interceptions	Fumbles	Misc. TD	EPS	Pos_Scarcity	Adj_Pos_Scar	z_Score	Pos_Value	PPG Index	Cons Overall Rank	Overall ADP	Delta to ADP	Pos. Rank Pts	Pos. ADP	Delta to Pos. ADP	Cons G-RANK			QB Ranks	Season	Rank	RB Ranks	Season	Rank	WR Ranks	Season	Rank	TE Ranks	Season	Rank		Week 1 2026 Pts	Week 2 2026 Pts	Week 3 2026 Pts	Week 4 2026 Pts	Week 5 2026 Pts	Week 6 2026 Pts	Week 7 2026 Pts	Week 8 2026 Pts	Week 9 2026 Pts	Week 10 2026 Pts	Week 11 2026 Pts	Week 12 2026 Pts	Week 13 2026 Pts	Week 14 2026 Pts	Week 15 2026 Pts	Week 16 2026 Pts	Week 17 2026 Pts		Week 1 2026 Rank	Week 2 2026 Rank	Week 3 2026 Rank	Week 4 2026 Rank	Week 5 2026 Rank	Week 6 2026 Rank	Week 7 2026 Rank	Week 8 2026 Rank	Week 9 2026 Rank	Week 10 2026 Rank	Week 11 2026 Rank	Week 12 2026 Rank	Week 13 2026 Rank	Week 14 2026 Rank	Week 15 2026 Rank	Week 16 2026 Rank	Week 17 2026 Rank		RoS Rank	RoS PPG	RoS Pass YPG	RoS Pass TDs per Game	RoS Rush YPG	RoS Rush TDs	RoS Rec PG	RoS Rec YPG	RoS Rec TD	Pos. Rank Pts	EPS	Pos_Scarcity	Adj_Pos_Scar	z_Score	Pos_Value	PPG Index	RoS Overall Rank	RoS G-RANK		Total Points	QB Ranks	Season	Rank	RB Ranks	Season	Rank	WR Ranks	Season	Rank	TE Ranks	Season	Rank		YTD Rank	YTD PPG	YTD Pass YPG	YTD Pass TDs per Game	YTD Rush YPG	YTD Rush TDs	YTD Rec PG	YTD Rec YPG	YTD Rec TD	Pos Rank	EPS	Pos_Scarcity	Adj_Pos_Scar	z_Score	Pos_Value	Upside Index	YTD Overall Rank	YTD G-RANK		YTD Total Points	QB Ranks	Season	Rank	RB Ranks	Season	Rank	WR Ranks	Season	Rank	TE Ranks	Season	Rank					Week 1 2026 Team	Week 1 2026 Opp	Pass Yds	Pass TDs	Rush Yds	Rush TDs	Receptions	Rec Yards	Rec TD	Interceptions	Fumbles	Misc. TD	Fantasy Pts.	Rank		Week 2 2026 Team	Week 2 2026 Opp	Pass Yds	Pass TDs	Rush Yds	Rush TDs	Receptions	Rec Yards	Rec TD	Interceptions	Fumbles	Misc. TD	Fantasy Pts.	Rank		Week 3 2026 Team	Week 3 2026 Opp	Pass Yds	Pass TDs	Rush Yds	Rush TDs	Receptions	Rec Yards	Rec TD	Interceptions	Fumbles	Misc. TD	Fantasy Pts.	Rank		Week 4 2026 Team	Week 4 2026 Opp	Pass Yds	Pass TDs	Rush Yds	Rush TDs	Receptions	Rec Yards	Rec TD	Interceptions	Fumbles	Misc. TD	Fantasy Pts.	Rank		Week 5 2026 Team	Week 5 2026 Opp	Pass Yds	Pass TDs	Rush Yds	Rush TDs	Receptions	Rec Yards	Rec TD	Interceptions	Fumbles	Misc. TD	Fantasy Pts.	Rank		Week 6 2026 Team	Week 6 2026 Opp	Pass Yds	Pass TDs	Rush Yds	Rush TDs	Receptions	Rec Yards	Rec TD	Interceptions	Fumbles	Misc. TD	Fantasy Pts.	Rank		Week 7 2026 Team	Week 7 2026 Opp	Pass Yds	Pass TDs	Rush Yds	Rush TDs	Receptions	Rec Yards	Rec TD	Interceptions	Fumbles	Misc. TD	Fantasy Pts.	Rank		Week 8 2026 Team	Week 8 2026 Opp	Pass Yds	Pass TDs	Rush Yds	Rush TDs	Receptions	Rec Yards	Rec TD	Interceptions	Fumbles	Misc. TD	Fantasy Pts.	Rank		Week 9 2026 Team	Week 9 2026 Opp	Pass Yds	Pass TDs	Rush Yds	Rush TDs	Receptions	Rec Yards	Rec TD	Interceptions	Fumbles	Misc. TD	Fantasy Pts.	Rank		Week 10 2026 Team	Week 10 2026 Opp	Pass Yds	Pass TDs	Rush Yds	Rush TDs	Receptions	Rec Yards	Rec TD	Interceptions	Fumbles	Misc. TD	Fantasy Pts.	Rank		Week 11 2026 Team	Week 11 2026 Opp	Pass Yds	Pass TDs	Rush Yds	Rush TDs	Receptions	Rec Yards	Rec TD	Interceptions	Fumbles	Misc. TD	Fantasy Pts.	Rank		Week 12 2026 Team	Week 12 2026 Opp	Pass Yds	Pass TDs	Rush Yds	Rush TDs	Receptions	Rec Yards	Rec TD	Interceptions	Fumbles	Misc. TD	Fantasy Pts.	Rank		Week 13 2026 Team	Week 13 2026 Opp	Pass Yds	Pass TDs	Rush Yds	Rush TDs	Receptions	Rec Yards	Rec TD	Interceptions	Fumbles	Misc. TD	Fantasy Pts.	Rank		Week 14 2026 Team	Week 14 2026 Opp	Pass Yds	Pass TDs	Rush Yds	Rush TDs	Receptions	Rec Yards	Rec TD	Interceptions	Fumbles	Misc. TD	Fantasy Pts.	Rank		Week 15 2026 Team	Week 15 2026 Opp	Pass Yds	Pass TDs	Rush Yds	Rush TDs	Receptions	Rec Yards	Rec TD	Interceptions	Fumbles	Misc. TD	Fantasy Pts.	Rank		Week 16 2026 Team	Week 16 2026 Opp	Pass Yds	Pass TDs	Rush Yds	Rush TDs	Receptions	Rec Yards	Rec TD	Interceptions	Fumbles	Misc. TD	Fantasy Pts.	Rank		Week 17 2026 Team	Week 17 2026 Opp	Pass Yds	Pass TDs	Rush Yds	Rush TDs	Receptions	Rec Yards	Rec TD	Interceptions	Fumbles	Misc. TD	Fantasy Pts.	Rank		Week 1 2026 Type	Week 2 2026 Type	Week 3 2026 Type	Week 4 2026 Type	Week 5 2026 Type	Week 6 2026 Type	Week 7 2026 Type	Week 8 2026 Type	Week 9 2026 Type	Week 10 2026 Type	Week 11 2026 Type	Week 12 2026 Type	Week 13 2026 Type	Week 14 2026 Type	Week 15 2026 Type	Week 16 2026 Type	Week 17 2026 Type		Week 1 2026 Health	Week 2 2026 Health	Week 3 2026 Health	Week 4 2026 Health	Week 5 2026 Health	Week 6 2026 Health	Week 7 2026 Health	Week 8 2026 Health	Week 9 2026 Health	Week 10 2026 Health	Week 11 2026 Health	Week 12 2026 Health	Week 13 2026 Health	Week 14 2026 Health	Week 15 2026 Health	Week 16 2026 Health	Week 17 2026 Health		Active Week for Projections	Today		Hour		Proj. Receiving Yards Share	Proj. Receiving TD Share	Proj. Rush Yards Share	Proj. Rush TD Share	Proj. Pass Yards Share	Proj. Pass TD Share		YtD / RoS Delta
	Jahmyr Gibbs	Detroit Lions	RB	RB1	20.3 	324 	0 	0.0 	0.0 	0.0 	1,455 	90.9 	13.3 	0.8 	84.2 	5.3 	705 	44.1 	6.3 	0.4 	0.0 	4.5 	0.0 	0.871 	1.000 	0.990 	3 	1.000 	0.000 	1 	1 	0 	1 	1 	0 	0.976 			Josh Allen	0.711 	QB1	Jahmyr Gibbs	0.976 	RB1	Jaxon Smith-Njigba	0.957 	WR1	Trey McBride	0.698 	TE2		28.6 	17.3 	34.4 	18.7 	20.8 	0.0 	18.5 	18.7 	19.6 	17.8 	19.2 	18.9 	18.3 	20.0 	17.5 	19.2 	17.0 		RB4	RB5	RB1	RB3	RB1	-	RB1	RB1	RB1	RB2	RB1	RB1	RB2	RB1	RB3	RB1	RB3		RB1	18.8 	0.0 	0.0 	88.3 	0.7 	5.1 	42.3 	0.3 	1 	0.873 	1.000 	0.990 	2 	1.000 	0.000 	1 	0.976 		244 	Josh Allen	0.711 	QB1	Jahmyr Gibbs	0.976 	RB1	Jaxon Smith-Njigba	0.953 	WR1	Trey McBride	0.724 	TE2		RB1	26.8 	0.0 	0.0 	382.5 	3.1 	22.1 	183.1 	1.4 	1 	0.864 	1.000 	0.990 	3 	1.000 	0.000 	#N/A	0.975 		80.3 	Josh Allen	93 	QB1	Jahmyr Gibbs	80 	RB1	Jaxon Smith-Njigba	77 	WR1	Trey McBride	33 	TE4					Detroit Lions	New Orleans Saints	0 	0.0 	156 	2.0 	5.0 	30 	0.0 	0.0 	1.0 	0.0 	28.6 	RB4		Detroit Lions	Buffalo Bills	0 	0.0 	52 	0.0 	6.0 	61 	1.0 	0.0 	0.0 	0.0 	17.3 	RB5		Detroit Lions	New York Jets	0 	0.0 	99 	2.0 	7.0 	65 	1.0 	0.0 	0.0 	0.0 	34.4 	RB1		Detroit Lions	Carolina Panthers	0 	0.0 	86 	0.7 	5.2 	43 	0.3 	0.0 	0.3 	0.0 	18.7 	RB3		Detroit Lions	Arizona Cardinals	0 	0.0 	101 	0.8 	5.0 	41 	0.3 	0.0 	0.3 	0.0 	20.8 	RB1		Detroit Lions	BYE	0 	0.0 	0 	0.0 	0.0 	0 	0.0 	0.0 	0.0 	0.0 	0.0 	-		Detroit Lions	Green Bay Packers	0 	0.0 	85 	0.7 	5.2 	43 	0.3 	0.0 	0.3 	0.0 	18.5 	RB1		Detroit Lions	Minnesota Vikings	0 	0.0 	89 	0.7 	5.0 	42 	0.3 	0.0 	0.3 	0.0 	18.7 	RB1		Detroit Lions	Miami Dolphins	0 	0.0 	95 	0.8 	5.0 	41 	0.3 	0.0 	0.3 	0.0 	19.6 	RB1		Detroit Lions	New England Patriots	0 	0.0 	83 	0.7 	5.1 	42 	0.3 	0.0 	0.3 	0.0 	17.8 	RB2		Detroit Lions	Tampa Bay Buccaneers	0 	0.0 	90 	0.7 	5.1 	42 	0.3 	0.0 	0.3 	0.0 	19.2 	RB1		Detroit Lions	Chicago Bears	0 	0.0 	87 	0.7 	5.3 	44 	0.4 	0.0 	0.3 	0.0 	18.9 	RB1		Detroit Lions	Atlanta Falcons	0 	0.0 	85 	0.7 	5.1 	43 	0.3 	0.0 	0.2 	0.0 	18.3 	RB2		Detroit Lions	Tennessee Titans	0 	0.0 	95 	0.8 	5.0 	42 	0.3 	0.0 	0.2 	0.0 	20.0 	RB1		Detroit Lions	Minnesota Vikings	0 	0.0 	82 	0.6 	5.0 	41 	0.3 	0.0 	0.2 	0.0 	17.5 	RB3		Detroit Lions	New York Giants	0 	0.0 	90 	0.7 	5.1 	42 	0.3 	0.0 	0.2 	0.0 	19.2 	RB1		Detroit Lions	Chicago Bears	0 	0.0 	78 	0.6 	5.1 	42 	0.3 	0.0 	0.2 	0.0 	17.0 	RB3		Actual	Actual	Actual	Forecast	Forecast	Forecast	Forecast	Forecast	Forecast	Forecast	Forecast	Forecast	Forecast	Forecast	Forecast	Forecast	Forecast		Healthy	Healthy	Healthy	Healthy	Healthy	Healthy	Healthy	Healthy	Healthy	Healthy	Healthy	Healthy	Healthy	Healthy	Healthy	Healthy	Healthy		Week 4 2026	9/29/2026	8:41:33 PM	20		17%	18%	77%	76%	0%	0%		0.0 
	Jaxon Smith-Njigba	Seattle Seahawks	WR	WR1	17.4 	278 	14 	0.9 	0.0 	0.0 	15 	0.9 	0.1 	0.0 	118.6 	7.4 	1,760 	110.0 	16.6 	1.0 	0.0 	0.3 	0.0 	0.745 	1.000 	0.990 	3 	1.000 	0.000 	2 	8 	6 	1 	3 	2 	0.957 			Joe Burrow	0.484 	QB3	Bijan Robinson	0.916 	RB2	Ja'Marr Chase	0.779 	WR4	Brock Bowers	0.730 	TE1		18.2 	33.5 	25.4 	15.0 	16.1 	15.0 	15.4 	15.8 	16.3 	15.2 	0.0 	15.4 	15.9 	15.6 	14.5 	15.5 	15.0 		WR6	WR1	WR1	WR1	WR1	WR1	WR1	WR1	WR1	WR1	-	WR1	WR1	WR1	WR1	WR1	WR1		WR1	15.4 	0.0 	0.0 	1.1 	0.0 	7.0 	104.2 	0.8 	1 	0.718 	1.000 	0.990 	3 	1.000 	0.000 	2 	0.953 		201 	Joe Burrow	0.566 	QB2	Bijan Robinson	0.945 	RB2	Ja'Marr Chase	0.859 	WR2	Brock Bowers	0.743 	TE1		WR1	25.7 	0.0 	0.0 	4.9 	0.0 	30.5 	451.7 	3.5 	1 	0.829 	1.000 	0.990 	4 	1.000 	0.000 	#N/A	0.970 		77.1 	Joe Burrow	53 	QB11	Bijan Robinson	65 	RB4	Ja'Marr Chase	37 	WR7	Brock Bowers	18 	TE16					Seattle Seahawks	New England Patriots	0 	0.0 	0 	0.0 	8.0 	122 	1.0 	0.0 	0.0 	0.0 	18.2 	WR6		Seattle Seahawks	Arizona Cardinals	0 	0.0 	0 	0.0 	9.0 	155 	3.0 	0.0 	0.0 	0.0 	33.5 	WR1		Seattle Seahawks	Washington Commanders	14 	0.0 	0 	0.0 	10.0 	128 	2.0 	0.0 	0.0 	0.0 	25.4 	WR1		Seattle Seahawks	Los Angeles Chargers	0 	0.0 	1 	0.0 	6.8 	101 	0.8 	0.0 	0.0 	0.0 	15.0 	WR1		Seattle Seahawks	San Francisco 49ers	0 	0.0 	1 	0.0 	7.3 	108 	0.9 	0.0 	0.0 	0.0 	16.1 	WR1		Seattle Seahawks	Denver Broncos	0 	0.0 	1 	0.0 	6.9 	103 	0.8 	0.0 	0.0 	0.0 	15.0 	WR1		Seattle Seahawks	Kansas City Chiefs	0 	0.0 	1 	0.0 	7.1 	105 	0.8 	0.0 	0.0 	0.0 	15.4 	WR1		Seattle Seahawks	Chicago Bears	0 	0.0 	1 	0.0 	7.1 	106 	0.8 	0.0 	0.0 	0.0 	15.8 	WR1		Seattle Seahawks	Arizona Cardinals	0 	0.0 	1 	0.0 	7.2 	106 	0.9 	0.0 	0.0 	0.0 	16.3 	WR1		Seattle Seahawks	Las Vegas Raiders	0 	0.0 	1 	0.0 	6.9 	102 	0.8 	0.0 	0.0 	0.0 	15.2 	WR1		Seattle Seahawks	BYE	0 	0.0 	0 	0.0 	0.0 	0 	0.0 	0.0 	0.0 	0.0 	0.0 	-		Seattle Seahawks	San Francisco 49ers	0 	0.0 	1 	0.0 	7.1 	105 	0.8 	0.0 	0.0 	0.0 	15.4 	WR1		Seattle Seahawks	Dallas Cowboys	0 	0.0 	1 	0.0 	7.2 	106 	0.9 	0.0 	0.0 	0.0 	15.9 	WR1		Seattle Seahawks	New York Giants	0 	0.0 	1 	0.0 	7.0 	104 	0.8 	0.0 	0.0 	0.0 	15.6 	WR1		Seattle Seahawks	Philadelphia Eagles	0 	0.0 	1 	0.0 	6.9 	102 	0.7 	0.0 	0.0 	0.0 	14.5 	WR1		Seattle Seahawks	Los Angeles Rams	0 	0.0 	1 	0.0 	7.1 	105 	0.8 	0.0 	0.0 	0.0 	15.5 	WR1		Seattle Seahawks	Carolina Panthers	0 	0.0 	1 	0.0 	6.9 	102 	0.8 	0.0 	0.0 	0.0 	15.0 	WR1		Actual	Actual	Actual	Forecast	Forecast	Forecast	Forecast	Forecast	Forecast	Forecast	Forecast	Forecast	Forecast	Forecast	Forecast	Forecast	Forecast		Healthy	Healthy	Healthy	Healthy	Healthy	Healthy	Healthy	Healthy	Healthy	Healthy	Healthy	Healthy	Healthy	Healthy	Healthy	Healthy	Healthy		Week 4 2026	9/29/2026	8:41:33 PM	20		43%	46%	1%	1%	0%	0%		(0.0)
	Bijan Robinson	Atlanta Falcons	RB	RB2	18.8 	301 	0 	0.0 	0.0 	0.0 	1,560 	97.5 	10.9 	0.7 	65.0 	4.1 	597 	37.3 	4.2 	0.3 	0.0 	2.9 	0.0 	0.806 	1.000 	0.979 	2 	0.887 	0.000 	3 	2 	(1)	2 	2 	0 	0.916 			Jalen Hurts	0.456 	QB5	Jonathan Taylor	0.871 	RB3	Amon-Ra St. Brown	0.804 	WR2	Tyler Warren	0.477 	TE6		23.3 	8.1 	33.3 	19.0 	18.2 	18.7 	18.0 	17.7 	17.8 	17.5 	0.0 	17.0 	18.5 	17.4 	18.0 	18.6 	19.5 		RB7	RB22	RB2	RB1	RB2	RB2	RB2	RB2	RB3	RB3	-	RB3	RB1	RB3	RB2	RB2	RB1		RB2	18.1 	0.0 	0.0 	93.2 	0.7 	4.0 	36.8 	0.2 	2 	0.843 	1.000 	0.979 	2 	0.946 	0.000 	3 	0.945 		236 	Jalen Hurts	0.536 	QB3	Jonathan Taylor	0.918 	RB3	Amon-Ra St. Brown	0.814 	WR4	Tyler Warren	0.523 	TE4		RB4	21.6 	0.0 	0.0 	403.7 	3.0 	17.3 	159.5 	1.1 	4 	0.696 	1.000 	0.957 	2 	0.744 	0.000 	#N/A	0.833 		64.7 	Jalen Hurts	54 	QB10	Jonathan Taylor	55 	RB5	Amon-Ra St. Brown	53 	WR2	Tyler Warren	21 	TE12					Atlanta Falcons	Pittsburgh Steelers	0 	0.0 	83 	0.0 	8.0 	90 	1.0 	0.0 	0.0 	0.0 	23.3 	RB7		Atlanta Falcons	Carolina Panthers	0 	0.0 	72 	0.0 	3.0 	9 	0.0 	0.0 	0.0 	0.0 	8.1 	RB22		Atlanta Falcons	Green Bay Packers	0 	0.0 	194 	2.0 	2.0 	19 	0.0 	0.0 	0.0 	0.0 	33.3 	RB2		Atlanta Falcons	New Orleans Saints	0 	0.0 	97 	0.7 	4.0 	37 	0.3 	0.0 	0.2 	0.0 	19.0 	RB1		Atlanta Falcons	Baltimore Ravens	0 	0.0 	92 	0.7 	4.1 	37 	0.3 	0.0 	0.2 	0.0 	18.2 	RB2		Atlanta Falcons	Chicago Bears	0 	0.0 	96 	0.7 	4.0 	37 	0.3 	0.0 	0.2 	0.0 	18.7 	RB2		Atlanta Falcons	San Francisco 49ers	0 	0.0 	92 	0.7 	4.0 	37 	0.2 	0.0 	0.2 	0.0 	18.0 	RB2		Atlanta Falcons	Tampa Bay Buccaneers	0 	0.0 	91 	0.7 	4.0 	37 	0.2 	0.0 	0.2 	0.0 	17.7 	RB2		Atlanta Falcons	Cincinnati Bengals	0 	0.0 	89 	0.7 	4.2 	38 	0.3 	0.0 	0.2 	0.0 	17.8 	RB3		Atlanta Falcons	Kansas City Chiefs	0 	0.0 	90 	0.6 	4.0 	37 	0.2 	0.0 	0.2 	0.0 	17.5 	RB3		Atlanta Falcons	BYE	0 	0.0 	0 	0.0 	0.0 	0 	0.0 	0.0 	0.0 	0.0 	0.0 	-		Atlanta Falcons	Minnesota Vikings	0 	0.0 	89 	0.6 	3.9 	36 	0.2 	0.0 	0.2 	0.0 	17.0 	RB3		Atlanta Falcons	Detroit Lions	0 	0.0 	93 	0.7 	4.1 	38 	0.3 	0.0 	0.2 	0.0 	18.5 	RB1		Atlanta Falcons	Cleveland Browns	0 	0.0 	92 	0.6 	3.8 	35 	0.2 	0.0 	0.2 	0.0 	17.4 	RB3		Atlanta Falcons	Washington Commanders	0 	0.0 	92 	0.7 	4.0 	37 	0.2 	0.0 	0.2 	0.0 	18.0 	RB2		Atlanta Falcons	Tampa Bay Buccaneers	0 	0.0 	96 	0.7 	4.0 	37 	0.2 	0.0 	0.2 	0.0 	18.6 	RB2		Atlanta Falcons	New Orleans Saints	0 	0.0 	101 	0.8 	3.9 	36 	0.3 	0.0 	0.2 	0.0 	19.5 	RB1		Actual	Actual	Actual	Forecast	Forecast	Forecast	Forecast	Forecast	Forecast	Forecast	Forecast	Forecast	Forecast	Forecast	Forecast	Forecast	Forecast		Healthy	Healthy	Healthy	Healthy	Healthy	Healthy	Healthy	Healthy	Healthy	Healthy	Healthy	Healthy	Healthy	Healthy	Healthy	Healthy	Healthy		Week 4 2026	9/29/2026	8:41:33 PM	20		18%	19%	71%	70%	0%	0%		0.1 
	Ja'Marr Chase	Cincinnati Bengals	WR	WR4	13.3 	213 	0 	0.0 	0.0 	0.0 	0 	0.0 	0.0 	0.0 	118.4 	7.4 	1,320 	82.5 	13.6 	0.8 	0.0 	0.2 	0.0 	0.571 	1.000 	0.960 	2 	0.653 	0.000 	9 	3 	(6)	4 	1 	(3)	0.779 			Lamar Jackson	0.449 	QB6	Kenneth Walker III	0.833 	RB5	CeeDee Lamb	0.798 	WR3	George Kittle	0.565 	TE3		1.2 	19.5 	15.8 	13.9 	13.6 	0.0 	13.4 	13.7 	13.8 	13.4 	13.9 	13.5 	13.0 	13.3 	13.3 	13.9 	13.9 		WR79	WR5	WR5	WR2	WR3	-	WR2	WR2	WR2	WR3	WR1	WR2	WR2	WR2	WR2	WR2	WR2		WR2	13.6 	0.0 	0.0 	0.0 	0.0 	7.7 	87.3 	0.8 	2 	0.631 	1.000 	0.980 	2 	0.809 	0.000 	5 	0.859 		176 	Lamar Jackson	0.502 	QB4	Kenneth Walker III	0.826 	RB5	CeeDee Lamb	0.830 	WR3	George Kittle	0.539 	TE3		WR7	12.2 	0.0 	0.0 	0.0 	0.0 	33.5 	378.2 	3.5 	7 	0.393 	1.000 	0.930 	2 	0.338 	0.000 	#N/A	0.613 		36.5 	Lamar Jackson	60 	QB8	Kenneth Walker III	68 	RB3	CeeDee Lamb	49 	WR4	George Kittle	35 	TE1					Cincinnati Bengals	Tampa Bay Buccaneers	0 	0.0 	0 	0.0 	2.0 	12 	0.0 	0.0 	0.0 	0.0 	1.2 	WR79		Cincinnati Bengals	Houston Texans	0 	0.0 	0 	0.0 	7.0 	75 	2.0 	0.0 	0.0 	0.0 	19.5 	WR5		Cincinnati Bengals	Pittsburgh Steelers	0 	0.0 	0 	0.0 	9.0 	98 	1.0 	0.0 	0.0 	0.0 	15.8 	WR5		Cincinnati Bengals	Jacksonville Jaguars	0 	0.0 	0 	0.0 	7.9 	89 	0.8 	0.0 	0.0 	0.0 	13.9 	WR2		Cincinnati Bengals	Miami Dolphins	0 	0.0 	0 	0.0 	7.6 	86 	0.8 	0.0 	0.0 	0.0 	13.6 	WR3		Cincinnati Bengals	BYE	0 	0.0 	0 	0.0 	0.0 	0 	0.0 	0.0 	0.0 	0.0 	0.0 	-		Cincinnati Bengals	Baltimore Ravens	0 	0.0 	0 	0.0 	7.8 	88 	0.8 	0.0 	0.0 	0.0 	13.4 	WR2		Cincinnati Bengals	Tennessee Titans	0 	0.0 	0 	0.0 	7.7 	87 	0.8 	0.0 	0.0 	0.0 	13.7 	WR2		Cincinnati Bengals	Atlanta Falcons	0 	0.0 	0 	0.0 	7.8 	88 	0.8 	0.0 	0.0 	0.0 	13.8 	WR2		Cincinnati Bengals	Pittsburgh Steelers	0 	0.0 	0 	0.0 	7.7 	87 	0.8 	0.0 	0.0 	0.0 	13.4 	WR3		Cincinnati Bengals	Washington Commanders	0 	0.0 	0 	0.0 	7.9 	89 	0.8 	0.0 	0.0 	0.0 	13.9 	WR1		Cincinnati Bengals	New Orleans Saints	0 	0.0 	0 	0.0 	7.6 	86 	0.8 	0.0 	0.0 	0.0 	13.5 	WR2		Cincinnati Bengals	Cleveland Browns	0 	0.0 	0 	0.0 	7.5 	84 	0.8 	0.0 	0.0 	0.0 	13.0 	WR2		Cincinnati Bengals	Kansas City Chiefs	0 	0.0 	0 	0.0 	7.6 	86 	0.8 	0.0 	0.0 	0.0 	13.3 	WR2		Cincinnati Bengals	Carolina Panthers	0 	0.0 	0 	0.0 	7.6 	86 	0.8 	0.0 	0.0 	0.0 	13.3 	WR2		Cincinnati Bengals	Indianapolis Colts	0 	0.0 	0 	0.0 	7.9 	89 	0.8 	0.0 	0.0 	0.0 	13.9 	WR2		Cincinnati Bengals	Baltimore Ravens	0 	0.0 	0 	0.0 	7.9 	89 	0.8 	0.0 	0.0 	0.0 	13.9 	WR2		Actual	Actual	Actual	Forecast	Forecast	Forecast	Forecast	Forecast	Forecast	Forecast	Forecast	Forecast	Forecast	Forecast	Forecast	Forecast	Forecast		Healthy	Healthy	Healthy	Healthy	Healthy	Healthy	Healthy	Healthy	Healthy	Healthy	Healthy	Healthy	Healthy	Healthy	Healthy	Healthy	Healthy		Week 4 2026	9/29/2026	8:41:33 PM	20		33%	38%	0%	0%	0%	0%		0.2 
	Jonathan Taylor	Indianapolis Colts	RB	RB3	17.7 	283 	0 	0.0 	0.0 	0.0 	1,473 	92.1 	16.1 	1.0 	48.9 	3.1 	394 	24.6 	1.4 	0.1 	0.0 	4.2 	0.0 	0.760 	1.000 	0.968 	2 	0.804 	0.000 	4 	5 	1 	3 	4 	1 	0.871 			Dak Prescott	0.443 	QB7	Christian McCaffrey	0.753 	RB6	Puka Nacua	0.712 	WR6	Harold Fannin Jr.	0.436 	TE8		22.1 	25.2 	7.2 	18.7 	16.9 	18.7 	16.6 	16.4 	18.2 	20.5 	14.8 	18.5 	0.0 	15.0 	18.3 	18.2 	17.6 		RB8	RB1	RB27	RB2	RB3	RB1	RB3	RB3	RB2	RB1	RB6	RB2	-	RB4	RB1	RB3	RB2		RB3	17.6 	0.0 	0.0 	93.5 	0.9 	3.1 	25.1 	0.1 	3 	0.817 	1.000 	0.968 	2 	0.898 	0.000 	4 	0.918 		229 	Dak Prescott	0.494 	QB5	Christian McCaffrey	0.791 	RB6	Puka Nacua	0.806 	WR5	Harold Fannin Jr.	0.449 	TE7		RB5	18.2 	0.0 	0.0 	405.1 	4.0 	13.3 	108.9 	0.5 	5 	0.586 	1.000 	0.946 	2 	0.576 	0.000 	#N/A	0.744 		54.5 	Dak Prescott	61 	QB7	Christian McCaffrey	45 	RB8	Puka Nacua	7 	WR74	Harold Fannin Jr.	25 	TE7					Indianapolis Colts	Baltimore Ravens	0 	0.0 	98 	2.0 	3.0 	23 	0.0 	0.0 	1.0 	0.0 	22.1 	RB8		Indianapolis Colts	Kansas City Chiefs	0 	0.0 	92 	2.0 	4.0 	40 	0.0 	0.0 	0.0 	0.0 	25.2 	RB1		Indianapolis Colts	Houston Texans	0 	0.0 	68 	0.0 	2.0 	4 	0.0 	0.0 	0.0 	0.0 	7.2 	RB27		Indianapolis Colts	Washington Commanders	0 	0.0 	99 	1.0 	3.1 	25 	0.1 	0.0 	0.2 	0.0 	18.7 	RB2		Indianapolis Colts	Pittsburgh Steelers	0 	0.0 	90 	0.9 	3.0 	25 	0.1 	0.0 	0.2 	0.0 	16.9 	RB3		Indianapolis Colts	Tennessee Titans	0 	0.0 	99 	1.0 	3.1 	25 	0.1 	0.0 	0.2 	0.0 	18.7 	RB1		Indianapolis Colts	Minnesota Vikings	0 	0.0 	90 	0.9 	3.0 	25 	0.1 	0.0 	0.2 	0.0 	16.6 	RB3		Indianapolis Colts	Jacksonville Jaguars	0 	0.0 	86 	0.8 	3.1 	25 	0.1 	0.0 	0.2 	0.0 	16.4 	RB3		Indianapolis Colts	Dallas Cowboys	0 	0.0 	95 	1.0 	3.2 	26 	0.1 	0.0 	0.2 	0.0 	18.2 	RB2		Indianapolis Colts	Miami Dolphins	0 	0.0 	110 	1.1 	3.0 	25 	0.1 	0.0 	0.2 	0.0 	20.5 	RB1		Indianapolis Colts	Houston Texans	0 	0.0 	79 	0.7 	3.0 	25 	0.1 	0.0 	0.2 	0.0 	14.8 	RB6		Indianapolis Colts	New York Giants	0 	0.0 	98 	1.0 	3.1 	25 	0.1 	0.0 	0.2 	0.0 	18.5 	RB2		Indianapolis Colts	BYE	0 	0.0 	0 	0.0 	0.0 	0 	0.0 	0.0 	0.0 	0.0 	0.0 	-		Indianapolis Colts	Philadelphia Eagles	0 	0.0 	80 	0.7 	3.1 	25 	0.1 	0.0 	0.2 	0.0 	15.0 	RB4		Indianapolis Colts	Tennessee Titans	0 	0.0 	98 	1.0 	3.1 	25 	0.1 	0.0 	0.2 	0.0 	18.3 	RB1		Indianapolis Colts	Cincinnati Bengals	0 	0.0 	95 	1.0 	3.2 	26 	0.1 	0.0 	0.2 	0.0 	18.2 	RB3		Indianapolis Colts	Cleveland Browns	0 	0.0 	95 	0.9 	3.0 	24 	0.1 	0.0 	0.2 	0.0 	17.6 	RB2		Actual	Actual	Actual	Forecast	Forecast	Forecast	Forecast	Forecast	Forecast	Forecast	Forecast	Forecast	Forecast	Forecast	Forecast	Forecast	Forecast		Healthy	Healthy	Healthy	Healthy	Healthy	Healthy	Healthy	Healthy	Healthy	Healthy	Healthy	Healthy	Healthy	Healthy	Healthy	Healthy	Healthy		Week 4 2026	9/29/2026	8:41:33 PM	20		11%	8%	78%	78%	0%	0%		0.1 
	Amon-Ra St. Brown	Detroit Lions	WR	WR2	13.7 	219 	0 	0.0 	0.0 	0.0 	15 	0.9 	0.1 	0.0 	121.1 	7.6 	1,327 	82.9 	14.1 	0.9 	0.0 	0.2 	0.0 	0.588 	1.000 	0.980 	2 	0.687 	0.000 	7 	12 	5 	2 	4 	2 	0.804 			Tyler Shough	0.472 	QB4	Derrick Henry	0.862 	RB4	Chris Olave	0.729 	WR5	Dalton Kincaid	0.494 	TE5		18.7 	26.2 	7.9 	13.2 	12.8 	0.0 	13.0 	12.6 	12.6 	12.6 	12.9 	13.3 	12.9 	12.8 	12.3 	12.9 	12.5 		WR5	WR4	WR30	WR3	WR5	-	WR3	WR5	WR5	WR5	WR3	WR3	WR3	WR4	WR5	WR4	WR5		WR4	12.8 	0.0 	0.0 	1.1 	0.0 	7.5 	84.5 	0.7 	4 	0.595 	1.000 	0.960 	2 	0.731 	0.000 	9 	0.814 		166 	Tyler Shough	0.477 	QB6	Derrick Henry	0.858 	RB4	Chris Olave	0.750 	WR6	Dalton Kincaid	0.481 	TE5		WR2	17.6 	0.0 	0.0 	5.0 	0.0 	32.7 	366.3 	3.0 	2 	0.568 	1.000 	0.980 	3 	0.604 	0.000 	#N/A	0.768 		52.8 	Tyler Shough	69 	QB3	Derrick Henry	70 	RB2	Chris Olave	44 	WR6	Dalton Kincaid	30 	TE5					Detroit Lions	New Orleans Saints	0 	0.0 	0 	0.0 	10.0 	67 	2.0 	0.0 	0.0 	0.0 	18.7 	WR5		Detroit Lions	Buffalo Bills	0 	0.0 	0 	0.0 	9.0 	142 	2.0 	0.0 	0.0 	0.0 	26.2 	WR4		Detroit Lions	New York Jets	0 	0.0 	0 	0.0 	4.0 	19 	1.0 	0.0 	0.0 	0.0 	7.9 	WR30		Detroit Lions	Carolina Panthers	0 	0.0 	1 	0.0 	7.7 	87 	0.7 	0.0 	0.0 	0.0 	13.2 	WR3		Detroit Lions	Arizona Cardinals	0 	0.0 	1 	0.0 	7.4 	83 	0.7 	0.0 	0.0 	0.0 	12.8 	WR5		Detroit Lions	BYE	0 	0.0 	0 	0.0 	0.0 	0 	0.0 	0.0 	0.0 	0.0 	0.0 	-		Detroit Lions	Green Bay Packers	0 	0.0 	1 	0.0 	7.7 	86 	0.7 	0.0 	0.0 	0.0 	13.0 	WR3		Detroit Lions	Minnesota Vikings	0 	0.0 	1 	0.0 	7.5 	83 	0.7 	0.0 	0.0 	0.0 	12.6 	WR5		Detroit Lions	Miami Dolphins	0 	0.0 	1 	0.0 	7.4 	83 	0.7 	0.0 	0.0 	0.0 	12.6 	WR5		Detroit Lions	New England Patriots	0 	0.0 	1 	0.0 	7.5 	84 	0.7 	0.0 	0.0 	0.0 	12.6 	WR5		Detroit Lions	Tampa Bay Buccaneers	0 	0.0 	1 	0.0 	7.6 	85 	0.7 	0.0 	0.0 	0.0 	12.9 	WR3		Detroit Lions	Chicago Bears	0 	0.0 	1 	0.0 	7.8 	87 	0.7 	0.0 	0.0 	0.0 	13.3 	WR3		Detroit Lions	Atlanta Falcons	0 	0.0 	1 	0.0 	7.6 	85 	0.7 	0.0 	0.0 	0.0 	12.9 	WR3		Detroit Lions	Tennessee Titans	0 	0.0 	1 	0.0 	7.5 	84 	0.7 	0.0 	0.0 	0.0 	12.8 	WR4		Detroit Lions	Minnesota Vikings	0 	0.0 	1 	0.0 	7.4 	83 	0.7 	0.0 	0.0 	0.0 	12.3 	WR5		Detroit Lions	New York Giants	0 	0.0 	1 	0.0 	7.6 	85 	0.7 	0.0 	0.0 	0.0 	12.9 	WR4		Detroit Lions	Chicago Bears	0 	0.0 	1 	0.0 	7.5 	84 	0.7 	0.0 	0.0 	0.0 	12.5 	WR5		Actual	Actual	Actual	Forecast	Forecast	Forecast	Forecast	Forecast	Forecast	Forecast	Forecast	Forecast	Forecast	Forecast	Forecast	Forecast	Forecast		Healthy	Healthy	Healthy	Healthy	Healthy	Healthy	Healthy	Healthy	Healthy	Healthy	Healthy	Healthy	Healthy	Healthy	Healthy	Healthy	Healthy		Week 4 2026	9/29/2026	8:41:33 PM	20		34%	38%	1%	1%	0%	0%		0.0 
	CeeDee Lamb	Dallas Cowboys	WR	WR3	13.7 	219 	0 	0.0 	0.0 	0.0 	0 	0.0 	0.0 	0.0 	102.4 	6.4 	1,513 	94.5 	11.3 	0.7 	0.0 	0.2 	0.0 	0.587 	1.000 	0.970 	2 	0.684 	0.000 	8 	15 	7 	3 	5 	2 	0.798 			Brock Purdy	0.512 	QB2	Ashton Jeanty	0.699 	RB8	Justin Jefferson	0.677 	WR8	Travis Kelce	0.514 	TE4		10.4 	27.3 	11.2 	12.4 	13.7 	12.9 	12.4 	13.1 	13.4 	13.4 	13.0 	13.0 	12.5 	0.0 	13.1 	13.5 	13.2 		WR20	WR3	WR18	WR5	WR2	WR3	WR5	WR3	WR3	WR2	WR2	WR4	WR5	-	WR4	WR3	WR3		WR3	13.1 	0.0 	0.0 	0.0 	0.0 	6.3 	92.6 	0.6 	3 	0.607 	1.000 	0.970 	2 	0.757 	0.000 	7 	0.830 		170 	Brock Purdy	0.470 	QB7	Ashton Jeanty	0.729 	RB8	Justin Jefferson	0.734 	WR7	Travis Kelce	0.468 	TE6		WR4	16.3 	0.0 	0.0 	0.0 	0.0 	27.5 	401.2 	2.8 	4 	0.526 	1.000 	0.960 	2 	0.541 	0.000 	#N/A	0.727 		48.9 	Brock Purdy	81 	QB2	Ashton Jeanty	42 	RB10	Justin Jefferson	30 	WR17	Travis Kelce	35 	TE2					Dallas Cowboys	New York Giants	0 	0.0 	0 	0.0 	5.0 	44 	1.0 	0.0 	0.0 	0.0 	10.4 	WR20		Dallas Cowboys	Washington Commanders	0 	0.0 	0 	0.0 	8.0 	153 	2.0 	0.0 	0.0 	0.0 	27.3 	WR3		Dallas Cowboys	Baltimore Ravens	0 	0.0 	0 	0.0 	7.0 	112 	0.0 	0.0 	0.0 	0.0 	11.2 	WR18		Dallas Cowboys	Houston Texans	0 	0.0 	0 	0.0 	6.1 	90 	0.6 	0.0 	0.0 	0.0 	12.4 	WR5		Dallas Cowboys	Tampa Bay Buccaneers	0 	0.0 	0 	0.0 	6.6 	96 	0.7 	0.0 	0.0 	0.0 	13.7 	WR2		Dallas Cowboys	Green Bay Packers	0 	0.0 	0 	0.0 	6.3 	92 	0.6 	0.0 	0.0 	0.0 	12.9 	WR3		Dallas Cowboys	Philadelphia Eagles	0 	0.0 	0 	0.0 	6.2 	90 	0.6 	0.0 	0.0 	0.0 	12.4 	WR5		Dallas Cowboys	Arizona Cardinals	0 	0.0 	0 	0.0 	6.2 	91 	0.7 	0.0 	0.0 	0.0 	13.1 	WR3		Dallas Cowboys	Indianapolis Colts	0 	0.0 	0 	0.0 	6.5 	94 	0.7 	0.0 	0.0 	0.0 	13.4 	WR3		Dallas Cowboys	San Francisco 49ers	0 	0.0 	0 	0.0 	6.5 	94 	0.7 	0.0 	0.0 	0.0 	13.4 	WR2		Dallas Cowboys	Tennessee Titans	0 	0.0 	0 	0.0 	6.2 	91 	0.7 	0.0 	0.0 	0.0 	13.0 	WR2		Dallas Cowboys	Philadelphia Eagles	0 	0.0 	0 	0.0 	6.3 	92 	0.6 	0.0 	0.0 	0.0 	13.0 	WR4		Dallas Cowboys	Seattle Seahawks	0 	0.0 	0 	0.0 	6.2 	91 	0.6 	0.0 	0.0 	0.0 	12.5 	WR5		Dallas Cowboys	BYE	0 	0.0 	0 	0.0 	0.0 	0 	0.0 	0.0 	0.0 	0.0 	0.0 	-		Dallas Cowboys	Los Angeles Rams	0 	0.0 	0 	0.0 	6.5 	95 	0.6 	0.0 	0.0 	0.0 	13.1 	WR4		Dallas Cowboys	Jacksonville Jaguars	0 	0.0 	0 	0.0 	6.5 	95 	0.7 	0.0 	0.0 	0.0 	13.5 	WR3		Dallas Cowboys	New York Giants	0 	0.0 	0 	0.0 	6.3 	92 	0.7 	0.0 	0.0 	0.0 	13.2 	WR3		Actual	Actual	Actual	Forecast	Forecast	Forecast	Forecast	Forecast	Forecast	Forecast	Forecast	Forecast	Forecast	Forecast	Forecast	Forecast	Forecast		Healthy	Healthy	Healthy	Healthy	Healthy	Healthy	Healthy	Healthy	Healthy	Healthy	Healthy	Healthy	Healthy	Healthy	Healthy	Healthy	Healthy		Week 4 2026	9/29/2026	8:41:33 PM	20		36%	35%	0%	0%	0%	0%		0.1 
	Puka Nacua	Los Angeles Rams	WR	WR6	12.4 	173 	0 	0.0 	0.0 	0.0 	35 	2.5 	0.1 	0.0 	90.3 	6.5 	1,209 	86.4 	8.1 	0.6 	0.0 	0.3 	0.0 	0.465 	1.000 	0.920 	2 	0.572 	0.000 	14 	6 	(8)	8 	2 	(6)	0.712 			Drake Maye	0.219 	QB23	James Cook III	0.728 	RB7	Garrett Wilson	0.619 	WR10	Sam LaPorta	0.399 	TE9		7.4 	0.0 	0.0 	11.6 	13.5 	13.2 	12.6 	12.8 	13.1 	12.8 	0.0 	12.7 	12.5 	12.8 	13.2 	12.2 	12.7 		WR29	-	-	WR6	WR4	WR2	WR4	WR4	WR4	WR4	-	WR5	WR4	WR3	WR3	WR5	WR4		WR5	12.7 	0.0 	0.0 	2.7 	0.0 	6.6 	87.3 	0.6 	5 	0.592 	1.000 	0.950 	2 	0.725 	0.000 	10 	0.806 		166 	Drake Maye	0.434 	QB8	James Cook III	0.755 	RB7	Garrett Wilson	0.614 	WR14	Sam LaPorta	0.425 	TE9		WR89	7.4 	0.0 	0.0 	35.2 	0.1 	85.3 	1,134.9 	8.1 	89 	0.080 	1.000 	0.110 	(1)	0.000 	0.000 	#N/A	0.061 		7.4 	Drake Maye	22 	QB34	James Cook III	46 	RB7	Garrett Wilson	36 	WR8	Sam LaPorta	20 	TE14					Los Angeles Rams	San Francisco 49ers	0 	0.0 	0 	0.0 	5.0 	74 	0.0 	0.0 	0.0 	0.0 	7.4 	WR29		Los Angeles Rams	New York Giants	0 	0.0 	0 	0.0 	0.0 	0 	0.0 	0.0 	0.0 	0.0 	0.0 	-		Los Angeles Rams	Denver Broncos	0 	0.0 	0 	0.0 	0.0 	0 	0.0 	0.0 	0.0 	0.0 	0.0 	-		Los Angeles Rams	Philadelphia Eagles	0 	0.0 	2 	0.0 	6.1 	81 	0.5 	0.0 	0.0 	0.0 	11.6 	WR6		Los Angeles Rams	Buffalo Bills	0 	0.0 	3 	0.0 	6.9 	92 	0.7 	0.0 	0.0 	0.0 	13.5 	WR4		Los Angeles Rams	Arizona Cardinals	0 	0.0 	3 	0.0 	6.6 	88 	0.7 	0.0 	0.0 	0.0 	13.2 	WR2		Los Angeles Rams	Las Vegas Raiders	0 	0.0 	3 	0.0 	6.4 	86 	0.6 	0.0 	0.0 	0.0 	12.6 	WR4		Los Angeles Rams	Los Angeles Chargers	0 	0.0 	3 	0.0 	6.7 	88 	0.6 	0.0 	0.0 	0.0 	12.8 	WR4		Los Angeles Rams	Washington Commanders	0 	0.0 	3 	0.0 	6.7 	89 	0.7 	0.0 	0.0 	0.0 	13.1 	WR4		Los Angeles Rams	Arizona Cardinals	0 	0.0 	3 	0.0 	6.5 	86 	0.6 	0.0 	0.0 	0.0 	12.8 	WR4		Los Angeles Rams	BYE	0 	0.0 	0 	0.0 	0.0 	0 	0.0 	0.0 	0.0 	0.0 	0.0 	-		Los Angeles Rams	Green Bay Packers	0 	0.0 	3 	0.0 	6.6 	87 	0.6 	0.0 	0.0 	0.0 	12.7 	WR5		Los Angeles Rams	Kansas City Chiefs	0 	0.0 	3 	0.0 	6.5 	86 	0.6 	0.0 	0.0 	0.0 	12.5 	WR4		Los Angeles Rams	San Francisco 49ers	0 	0.0 	3 	0.0 	6.7 	88 	0.6 	0.0 	0.0 	0.0 	12.8 	WR3		Los Angeles Rams	Dallas Cowboys	0 	0.0 	3 	0.0 	6.7 	89 	0.7 	0.0 	0.0 	0.0 	13.2 	WR3		Los Angeles Rams	Seattle Seahawks	0 	0.0 	2 	0.0 	6.5 	86 	0.6 	0.0 	0.0 	0.0 	12.2 	WR5		Los Angeles Rams	Tampa Bay Buccaneers	0 	0.0 	3 	0.0 	6.6 	87 	0.6 	0.0 	0.0 	0.0 	12.7 	WR4		Actual	Actual	Actual	Forecast	Forecast	Forecast	Forecast	Forecast	Forecast	Forecast	Forecast	Forecast	Forecast	Forecast	Forecast	Forecast	Forecast		Healthy	Injured	Injured	Limited / Handicapped	Healthy	Healthy	Healthy	Healthy	Healthy	Healthy	Healthy	Healthy	Healthy	Healthy	Healthy	Healthy	Healthy		Week 4 2026	9/29/2026	8:41:33 PM	20		38%	31%	2%	1%	0%	0%		0.7 
	Kenneth Walker III	Kansas City Chiefs	RB	RB5	16.9 	271 	0 	0.0 	0.0 	0.0 	1,472 	92.0 	10.5 	0.7 	50.0 	3.1 	422 	26.3 	4.0 	0.2 	0.0 	2.7 	0.0 	0.727 	1.000 	0.946 	2 	0.746 	0.000 	6 	19 	13 	5 	12 	7 	0.833 			Trevor Lawrence	0.366 	QB10	Saquon Barkley	0.601 	RB14	Nico Collins	0.598 	WR14	Juwan Johnson	0.470 	TE7		31.1 	17.8 	19.3 	16.8 	0.0 	15.8 	14.1 	14.0 	17.4 	16.4 	18.4 	15.2 	13.8 	15.0 	15.6 	15.8 	14.4 		RB3	RB4	RB5	RB5	-	RB5	RB6	RB8	RB4	RB4	RB2	RB4	RB5	RB5	RB4	RB5	RB8		RB5	15.6 	0.0 	0.0 	85.5 	0.7 	3.0 	26.1 	0.2 	5 	0.724 	1.000 	0.946 	2 	0.729 	0.000 	8 	0.826 		203 	Trevor Lawrence	0.426 	QB9	Saquon Barkley	0.710 	RB9	Nico Collins	0.667 	WR8	Juwan Johnson	0.429 	TE8		RB3	22.7 	0.0 	0.0 	370.6 	2.8 	13.0 	113.2 	0.7 	3 	0.734 	1.000 	0.968 	3 	0.801 	0.000 	#N/A	0.866 		68.2 	Trevor Lawrence	52 	QB13	Saquon Barkley	18 	RB28	Nico Collins	14 	WR51	Juwan Johnson	33 	TE3					Kansas City Chiefs	Denver Broncos	0 	0.0 	173 	1.0 	3.0 	18 	1.0 	0.0 	0.0 	0.0 	31.1 	RB3		Kansas City Chiefs	Indianapolis Colts	0 	0.0 	117 	0.0 	6.0 	61 	0.0 	0.0 	0.0 	0.0 	17.8 	RB4		Kansas City Chiefs	Miami Dolphins	0 	0.0 	70 	1.0 	2.0 	3 	1.0 	0.0 	0.0 	0.0 	19.3 	RB5		Kansas City Chiefs	Las Vegas Raiders	0 	0.0 	92 	0.7 	3.0 	26 	0.2 	0.0 	0.2 	0.0 	16.8 	RB5		Kansas City Chiefs	BYE	0 	0.0 	0 	0.0 	0.0 	0 	0.0 	0.0 	0.0 	0.0 	0.0 	-		Kansas City Chiefs	Los Angeles Chargers	0 	0.0 	86 	0.7 	3.0 	26 	0.2 	0.0 	0.2 	0.0 	15.8 	RB5		Kansas City Chiefs	Seattle Seahawks	0 	0.0 	78 	0.6 	2.9 	26 	0.1 	0.0 	0.2 	0.0 	14.1 	RB6		Kansas City Chiefs	Denver Broncos	0 	0.0 	78 	0.5 	2.9 	26 	0.1 	0.0 	0.2 	0.0 	14.0 	RB8		Kansas City Chiefs	New York Jets	0 	0.0 	98 	0.8 	2.9 	25 	0.2 	0.0 	0.2 	0.0 	17.4 	RB4		Kansas City Chiefs	Atlanta Falcons	0 	0.0 	90 	0.7 	3.0 	26 	0.2 	0.0 	0.2 	0.0 	16.4 	RB4		Kansas City Chiefs	Arizona Cardinals	0 	0.0 	102 	0.8 	3.0 	26 	0.2 	0.0 	0.2 	0.0 	18.4 	RB2		Kansas City Chiefs	Buffalo Bills	0 	0.0 	82 	0.6 	3.1 	27 	0.2 	0.0 	0.2 	0.0 	15.2 	RB4		Kansas City Chiefs	Los Angeles Rams	0 	0.0 	75 	0.5 	3.0 	26 	0.1 	0.0 	0.2 	0.0 	13.8 	RB5		Kansas City Chiefs	Cincinnati Bengals	0 	0.0 	81 	0.6 	3.1 	27 	0.2 	0.0 	0.2 	0.0 	15.0 	RB5		Kansas City Chiefs	New England Patriots	0 	0.0 	85 	0.7 	3.0 	26 	0.2 	0.0 	0.2 	0.0 	15.6 	RB4		Kansas City Chiefs	San Francisco 49ers	0 	0.0 	86 	0.7 	3.1 	27 	0.2 	0.0 	0.2 	0.0 	15.8 	RB5		Kansas City Chiefs	Los Angeles Chargers	0 	0.0 	79 	0.6 	3.0 	26 	0.1 	0.0 	0.2 	0.0 	14.4 	RB8		Actual	Actual	Actual	Forecast	Forecast	Forecast	Forecast	Forecast	Forecast	Forecast	Forecast	Forecast	Forecast	Forecast	Forecast	Forecast	Forecast		Healthy	Healthy	Healthy	Healthy	Healthy	Healthy	Healthy	Healthy	Healthy	Healthy	Healthy	Healthy	Healthy	Healthy	Healthy	Healthy	Healthy		Week 4 2026	9/29/2026	8:41:33 PM	20		12%	10%	65%	65%	0%	0%		(0.0)
	Christian McCaffrey	San Francisco 49ers	RB	RB6	14.9 	238 	0 	0.0 	0.0 	0.0 	1,006 	62.8 	9.8 	0.6 	70.5 	4.4 	593 	37.1 	4.0 	0.2 	0.0 	2.3 	0.0 	0.639 	1.000 	0.934 	2 	0.591 	0.000 	10 	4 	(6)	6 	3 	(3)	0.753 			Kyler Murray	0.205 	QB24	Kyren Williams	0.679 	RB9	Drake London	0.593 	WR15	Colston Loveland	0.268 	TE18		8.8 	18.6 	17.6 	15.0 	13.6 	16.5 	15.8 	0.0 	17.0 	15.0 	15.1 	13.9 	15.2 	14.2 	13.9 	13.6 	14.5 		RB24	RB3	RB6	RB7	RB7	RB4	RB5	-	RB5	RB6	RB5	RB8	RB3	RB7	RB8	RB8	RB7		RB6	14.9 	0.0 	0.0 	64.6 	0.5 	4.4 	37.6 	0.3 	6 	0.690 	1.000 	0.934 	2 	0.666 	0.000 	11 	0.791 		193 	Kyler Murray	0.415 	QB10	Kyren Williams	0.700 	RB10	Drake London	0.640 	WR11	Colston Loveland	0.370 	TE10		RB8	15.0 	0.0 	0.0 	279.8 	2.3 	19.2 	162.9 	1.3 	8 	0.484 	1.000 	0.911 	1 	0.420 	0.000 	#N/A	0.651 		45.0 	Kyler Murray	12 	QB36	Kyren Williams	42 	RB11	Drake London	28 	WR19	Colston Loveland	3 	TE35					San Francisco 49ers	Los Angeles Rams	0 	0.0 	68 	0.0 	5.0 	20 	0.0 	0.0 	0.0 	0.0 	8.8 	RB24		San Francisco 49ers	Miami Dolphins	0 	0.0 	23 	2.0 	4.0 	43 	0.0 	0.0 	0.0 	0.0 	18.6 	RB3		San Francisco 49ers	Arizona Cardinals	0 	0.0 	75 	1.0 	4.0 	41 	0.0 	0.0 	0.0 	0.0 	17.6 	RB6		San Francisco 49ers	Denver Broncos	0 	0.0 	65 	0.5 	4.4 	38 	0.3 	0.0 	0.2 	0.0 	15.0 	RB7		San Francisco 49ers	Seattle Seahawks	0 	0.0 	57 	0.4 	4.5 	38 	0.3 	0.0 	0.2 	0.0 	13.6 	RB7		San Francisco 49ers	Washington Commanders	0 	0.0 	72 	0.6 	4.6 	39 	0.3 	0.0 	0.2 	0.0 	16.5 	RB4		San Francisco 49ers	Atlanta Falcons	0 	0.0 	70 	0.6 	4.4 	38 	0.3 	0.0 	0.2 	0.0 	15.8 	RB5		San Francisco 49ers	BYE	0 	0.0 	0 	0.0 	0.0 	0 	0.0 	0.0 	0.0 	0.0 	0.0 	-		San Francisco 49ers	Las Vegas Raiders	0 	0.0 	77 	0.7 	4.3 	37 	0.3 	0.0 	0.2 	0.0 	17.0 	RB5		San Francisco 49ers	Dallas Cowboys	0 	0.0 	63 	0.5 	4.6 	39 	0.3 	0.0 	0.2 	0.0 	15.0 	RB6		San Francisco 49ers	Minnesota Vikings	0 	0.0 	65 	0.5 	4.4 	38 	0.3 	0.0 	0.2 	0.0 	15.1 	RB5		San Francisco 49ers	Seattle Seahawks	0 	0.0 	60 	0.5 	4.4 	37 	0.3 	0.0 	0.2 	0.0 	13.9 	RB8		San Francisco 49ers	New York Giants	0 	0.0 	66 	0.5 	4.5 	38 	0.3 	0.0 	0.2 	0.0 	15.2 	RB3		San Francisco 49ers	Los Angeles Rams	0 	0.0 	61 	0.5 	4.4 	38 	0.3 	0.0 	0.2 	0.0 	14.2 	RB7		San Francisco 49ers	Los Angeles Chargers	0 	0.0 	60 	0.5 	4.4 	37 	0.3 	0.0 	0.2 	0.0 	13.9 	RB8		San Francisco 49ers	Kansas City Chiefs	0 	0.0 	59 	0.4 	4.3 	37 	0.3 	0.0 	0.2 	0.0 	13.6 	RB8		San Francisco 49ers	Philadelphia Eagles	0 	0.0 	64 	0.5 	4.3 	37 	0.3 	0.0 	0.2 	0.0 	14.5 	RB7		Actual	Actual	Actual	Forecast	Forecast	Forecast	Forecast	Forecast	Forecast	Forecast	Forecast	Forecast	Forecast	Forecast	Forecast	Forecast	Forecast		Healthy	Healthy	Healthy	Healthy	Healthy	Healthy	Healthy	Healthy	Healthy	Healthy	Healthy	Healthy	Healthy	Healthy	Healthy	Healthy	Healthy		Week 4 2026	9/29/2026	8:41:33 PM	20		16%	18%	55%	59%	0%	0%		0.1 
	Derrick Henry	Baltimore Ravens	RB	RB4	17.6 	281 	0 	0.0 	0.0 	0.0 	1,567 	97.9 	18.2 	1.1 	19.7 	1.2 	163 	10.2 	0.7 	0.0 	0.0 	2.4 	0.0 	0.754 	1.000 	0.957 	2 	0.794 	0.000 	5 	11 	6 	4 	8 	4 	0.862 			Jordan Love	0.347 	QB12	Chase Brown	0.610 	RB13	George Pickens	0.535 	WR18	Dalton Schultz	0.342 	TE13		34.3 	14.7 	20.9 	17.9 	16.6 	16.7 	16.6 	15.0 	16.8 	15.8 	16.2 	14.0 	0.0 	17.4 	15.4 	17.6 	15.0 		RB1	RB7	RB3	RB4	RB4	RB3	RB4	RB4	RB6	RB5	RB3	RB5	-	RB2	RB5	RB4	RB6		RB4	16.2 	0.0 	0.0 	97.4 	0.9 	1.1 	9.6 	0.1 	4 	0.755 	1.000 	0.957 	2 	0.784 	0.000 	6 	0.858 		211 	Jordan Love	0.406 	QB11	Chase Brown	0.665 	RB12	George Pickens	0.632 	WR12	Dalton Schultz	0.348 	TE12		RB2	23.3 	0.0 	0.0 	421.9 	4.1 	4.9 	41.5 	0.2 	2 	0.752 	1.000 	0.979 	3 	0.829 	0.000 	#N/A	0.885 		69.9 	Jordan Love	52 	QB15	Chase Brown	29 	RB21	George Pickens	15 	WR47	Dalton Schultz	21 	TE13					Baltimore Ravens	Indianapolis Colts	0 	0.0 	144 	3.0 	1.0 	19 	0.0 	0.0 	0.0 	0.0 	34.3 	RB1		Baltimore Ravens	New Orleans Saints	0 	0.0 	68 	1.0 	3.0 	19 	0.0 	0.0 	0.0 	0.0 	14.7 	RB7		Baltimore Ravens	Dallas Cowboys	0 	0.0 	89 	2.0 	1.0 	0 	0.0 	0.0 	0.0 	0.0 	20.9 	RB3		Baltimore Ravens	Tennessee Titans	0 	0.0 	107 	1.1 	1.1 	9 	0.0 	0.0 	0.2 	0.0 	17.9 	RB4		Baltimore Ravens	Atlanta Falcons	0 	0.0 	99 	1.0 	1.1 	10 	0.1 	0.0 	0.2 	0.0 	16.6 	RB4		Baltimore Ravens	Cleveland Browns	0 	0.0 	101 	1.0 	1.1 	9 	0.0 	0.0 	0.2 	0.0 	16.7 	RB3		Baltimore Ravens	Cincinnati Bengals	0 	0.0 	98 	1.0 	1.2 	10 	0.1 	0.0 	0.2 	0.0 	16.6 	RB4		Baltimore Ravens	Buffalo Bills	0 	0.0 	90 	0.8 	1.2 	10 	0.1 	0.0 	0.2 	0.0 	15.0 	RB4		Baltimore Ravens	Jacksonville Jaguars	0 	0.0 	100 	1.0 	1.1 	10 	0.1 	0.0 	0.2 	0.0 	16.8 	RB6		Baltimore Ravens	Los Angeles Chargers	0 	0.0 	95 	0.9 	1.1 	10 	0.1 	0.0 	0.2 	0.0 	15.8 	RB5		Baltimore Ravens	Carolina Panthers	0 	0.0 	98 	0.9 	1.1 	9 	0.0 	0.0 	0.2 	0.0 	16.2 	RB3		Baltimore Ravens	Houston Texans	0 	0.0 	86 	0.8 	1.1 	9 	0.0 	0.0 	0.2 	0.0 	14.0 	RB5		Baltimore Ravens	BYE	0 	0.0 	0 	0.0 	0.0 	0 	0.0 	0.0 	0.0 	0.0 	0.0 	-		Baltimore Ravens	Tampa Bay Buccaneers	0 	0.0 	104 	1.0 	1.1 	9 	0.1 	0.0 	0.2 	0.0 	17.4 	RB2		Baltimore Ravens	Pittsburgh Steelers	0 	0.0 	93 	0.9 	1.1 	10 	0.0 	0.0 	0.2 	0.0 	15.4 	RB5		Baltimore Ravens	Cleveland Browns	0 	0.0 	106 	1.0 	1.1 	9 	0.0 	0.0 	0.2 	0.0 	17.6 	RB4		Baltimore Ravens	Cincinnati Bengals	0 	0.0 	90 	0.8 	1.2 	10 	0.1 	0.0 	0.2 	0.0 	15.0 	RB6		Actual	Actual	Actual	Forecast	Forecast	Forecast	Forecast	Forecast	Forecast	Forecast	Forecast	Forecast	Forecast	Forecast	Forecast	Forecast	Forecast		Healthy	Healthy	Healthy	Healthy	Healthy	Healthy	Healthy	Healthy	Healthy	Healthy	Healthy	Healthy	Healthy	Healthy	Healthy	Healthy	Healthy		Week 4 2026	9/29/2026	8:41:33 PM	20		5%	4%	58%	64%	0%	0%		(0.0)
	Chris Olave	New Orleans Saints	WR	WR5	12.2 	195 	0 	0.0 	0.0 	0.0 	0 	0.0 	0.0 	0.0 	116.3 	7.3 	1,473 	92.1 	8.1 	0.5 	0.0 	0.2 	0.0 	0.524 	1.000 	0.950 	2 	0.558 	0.000 	12 	24 	12 	5 	8 	3 	0.729 			Jayden Daniels	0.289 	QB16	Javonte Williams	0.645 	RB11	Parker Washington	0.614 	WR11	Isaiah Likely	0.353 	TE12		18.2 	14.6 	10.7 	13.0 	12.0 	11.8 	11.5 	0.0 	11.5 	11.5 	11.4 	11.7 	11.4 	11.1 	11.5 	11.9 	11.4 		WR7	WR11	WR19	WR4	WR6	WR4	WR7	-	WR7	WR6	WR5	WR6	WR7	WR5	WR7	WR6	WR6		WR6	11.7 	0.0 	0.0 	0.0 	0.0 	6.9 	84.5 	0.5 	6 	0.542 	1.000 	0.940 	2 	0.615 	0.000 	13 	0.750 		152 	Jayden Daniels	0.394 	QB12	Javonte Williams	0.656 	RB13	Parker Washington	0.626 	WR13	Isaiah Likely	0.330 	TE13		WR6	14.5 	0.0 	0.0 	0.0 	0.0 	29.8 	366.0 	2.4 	6 	0.468 	1.000 	0.940 	2 	0.453 	0.000 	#N/A	0.674 		43.5 	Jayden Daniels	32 	QB27	Javonte Williams	41 	RB12	Parker Washington	34 	WR10	Isaiah Likely	24 	TE8					New Orleans Saints	Detroit Lions	0 	0.0 	0 	0.0 	10.0 	182 	0.0 	0.0 	0.0 	0.0 	18.2 	WR7		New Orleans Saints	Baltimore Ravens	0 	0.0 	0 	0.0 	8.0 	86 	1.0 	0.0 	0.0 	0.0 	14.6 	WR11		New Orleans Saints	Las Vegas Raiders	0 	0.0 	0 	0.0 	9.0 	107 	0.0 	0.0 	0.0 	0.0 	10.7 	WR19		New Orleans Saints	Atlanta Falcons	0 	0.0 	0 	0.0 	7.3 	90 	0.7 	0.0 	0.0 	0.0 	13.0 	WR4		New Orleans Saints	Minnesota Vikings	0 	0.0 	0 	0.0 	7.0 	86 	0.6 	0.0 	0.0 	0.0 	12.0 	WR6		New Orleans Saints	New York Giants	0 	0.0 	0 	0.0 	6.9 	85 	0.6 	0.0 	0.0 	0.0 	11.8 	WR4		New Orleans Saints	Pittsburgh Steelers	0 	0.0 	0 	0.0 	6.8 	84 	0.5 	0.0 	0.0 	0.0 	11.5 	WR7		New Orleans Saints	BYE	0 	0.0 	0 	0.0 	0.0 	0 	0.0 	0.0 	0.0 	0.0 	0.0 	-		New Orleans Saints	Cleveland Browns	0 	0.0 	0 	0.0 	6.7 	83 	0.5 	0.0 	0.0 	0.0 	11.5 	WR7		New Orleans Saints	Carolina Panthers	0 	0.0 	0 	0.0 	6.7 	83 	0.5 	0.0 	0.0 	0.0 	11.5 	WR6		New Orleans Saints	Chicago Bears	0 	0.0 	0 	0.0 	6.9 	84 	0.5 	0.0 	0.0 	0.0 	11.4 	WR5		New Orleans Saints	Cincinnati Bengals	0 	0.0 	0 	0.0 	7.0 	86 	0.5 	0.0 	0.0 	0.0 	11.7 	WR6		New Orleans Saints	Green Bay Packers	0 	0.0 	0 	0.0 	6.8 	84 	0.5 	0.0 	0.0 	0.0 	11.4 	WR7		New Orleans Saints	Carolina Panthers	0 	0.0 	0 	0.0 	6.7 	82 	0.5 	0.0 	0.0 	0.0 	11.1 	WR5		New Orleans Saints	Tampa Bay Buccaneers	0 	0.0 	0 	0.0 	6.9 	84 	0.5 	0.0 	0.0 	0.0 	11.5 	WR7		New Orleans Saints	Arizona Cardinals	0 	0.0 	0 	0.0 	6.9 	85 	0.6 	0.0 	0.0 	0.0 	11.9 	WR6		New Orleans Saints	Atlanta Falcons	0 	0.0 	0 	0.0 	6.8 	83 	0.5 	0.0 	0.0 	0.0 	11.4 	WR6		Actual	Actual	Actual	Forecast	Forecast	Forecast	Forecast	Forecast	Forecast	Forecast	Forecast	Forecast	Forecast	Forecast	Forecast	Forecast	Forecast		Healthy	Healthy	Healthy	Healthy	Healthy	Healthy	Healthy	Healthy	Healthy	Healthy	Healthy	Healthy	Healthy	Healthy	Healthy	Healthy	Healthy		Week 4 2026	9/29/2026	8:41:33 PM	20		34%	31%	0%	0%	0%	0%		0.1 
	Ashton Jeanty	Las Vegas Raiders	RB	RB8	13.7 	219 	0 	0.0 	0.0 	0.0 	1,136 	71.0 	5.8 	0.4 	76.7 	4.8 	499 	31.2 	4.4 	0.3 	0.0 	2.8 	0.0 	0.588 	1.000 	0.911 	1 	0.501 	0.000 	16 	13 	(3)	8 	9 	1 	0.699 			Patrick Mahomes II	0.406 	QB8	Bucky Irving	0.580 	RB16	Tee Higgins	0.607 	WR12	Tucker Kraft	0.282 	TE17		26.7 	6.3 	9.3 	14.5 	12.4 	13.7 	13.0 	14.1 	12.8 	12.9 	12.1 	13.9 	0.0 	13.2 	13.3 	15.5 	15.5 		RB5	RB30	RB21	RB8	RB14	RB9	RB10	RB6	RB13	RB11	RB13	RB7	-	RB10	RB9	RB6	RB4		RB8	13.6 	0.0 	0.0 	71.5 	0.4 	4.9 	30.9 	0.2 	8 	0.632 	1.000 	0.911 	1 	0.561 	0.000 	16 	0.729 		177 	Patrick Mahomes II	0.392 	QB13	Bucky Irving	0.627 	RB16	Tee Higgins	0.649 	WR10	Tucker Kraft	0.360 	TE11		RB10	14.1 	0.0 	0.0 	309.9 	1.9 	21.2 	133.8 	0.8 	10 	0.455 	1.000 	0.888 	1 	0.376 	0.000 	#N/A	0.618 		42.3 	Patrick Mahomes II	67 	QB5	Bucky Irving	28 	RB22	Tee Higgins	30 	WR16	Tucker Kraft	11 	TE27					Las Vegas Raiders	Miami Dolphins	0 	0.0 	102 	0.0 	6.0 	45 	2.0 	0.0 	0.0 	0.0 	26.7 	RB5		Las Vegas Raiders	Los Angeles Chargers	0 	0.0 	48 	0.0 	4.0 	15 	0.0 	0.0 	0.0 	0.0 	6.3 	RB30		Las Vegas Raiders	New Orleans Saints	0 	0.0 	56 	0.0 	3.0 	37 	0.0 	0.0 	0.0 	0.0 	9.3 	RB21		Las Vegas Raiders	Kansas City Chiefs	0 	0.0 	75 	0.5 	5.0 	32 	0.2 	0.0 	0.2 	0.0 	14.5 	RB8		Las Vegas Raiders	New England Patriots	0 	0.0 	64 	0.4 	4.9 	31 	0.2 	0.0 	0.2 	0.0 	12.4 	RB14		Las Vegas Raiders	Buffalo Bills	0 	0.0 	71 	0.5 	5.1 	32 	0.2 	0.0 	0.2 	0.0 	13.7 	RB9		Las Vegas Raiders	Los Angeles Rams	0 	0.0 	66 	0.4 	5.1 	32 	0.2 	0.0 	0.2 	0.0 	13.0 	RB10		Las Vegas Raiders	New York Jets	0 	0.0 	76 	0.5 	4.8 	30 	0.2 	0.0 	0.2 	0.0 	14.1 	RB6		Las Vegas Raiders	San Francisco 49ers	0 	0.0 	65 	0.4 	5.0 	32 	0.2 	0.0 	0.2 	0.0 	12.8 	RB13		Las Vegas Raiders	Seattle Seahawks	0 	0.0 	68 	0.4 	4.9 	31 	0.2 	0.0 	0.2 	0.0 	12.9 	RB11		Las Vegas Raiders	Denver Broncos	0 	0.0 	63 	0.4 	4.9 	31 	0.2 	0.0 	0.2 	0.0 	12.1 	RB13		Las Vegas Raiders	Cleveland Browns	0 	0.0 	75 	0.5 	4.7 	30 	0.2 	0.0 	0.2 	0.0 	13.9 	RB7		Las Vegas Raiders	BYE	0 	0.0 	0 	0.0 	0.0 	0 	0.0 	0.0 	0.0 	0.0 	0.0 	-		Las Vegas Raiders	Los Angeles Chargers	0 	0.0 	69 	0.4 	4.9 	31 	0.2 	0.0 	0.2 	0.0 	13.2 	RB10		Las Vegas Raiders	Denver Broncos	0 	0.0 	71 	0.4 	4.8 	30 	0.2 	0.0 	0.2 	0.0 	13.3 	RB9		Las Vegas Raiders	Tennessee Titans	0 	0.0 	83 	0.6 	4.8 	31 	0.2 	0.0 	0.2 	0.0 	15.5 	RB6		Las Vegas Raiders	Arizona Cardinals	0 	0.0 	83 	0.6 	4.8 	31 	0.2 	0.0 	0.2 	0.0 	15.5 	RB4		Actual	Actual	Actual	Forecast	Forecast	Forecast	Forecast	Forecast	Forecast	Forecast	Forecast	Forecast	Forecast	Forecast	Forecast	Forecast	Forecast		Healthy	Healthy	Healthy	Healthy	Healthy	Healthy	Healthy	Healthy	Healthy	Healthy	Healthy	Healthy	Healthy	Healthy	Healthy	Healthy	Healthy		Week 4 2026	9/29/2026	8:41:33 PM	20		14%	13%	69%	72%	0%	0%		0.1 
	Trey McBride	Arizona Cardinals	TE	TE2	10.3 	164 	0 	0.0 	0.0 	0.0 	0 	0.0 	0.0 	0.0 	125.8 	7.9 	1,159 	72.4 	8.1 	0.5 	0.0 	0.2 	0.0 	0.440 	0.560 	0.554 	2 	0.912 	0.000 	17 	23 	6 	1 	1 	0 	0.698 			Malik Willis	0.286 	QB17	D'Andre Swift	0.666 	RB10	Christian Watson	0.693 	WR7	Dallas Goedert	0.356 	TE11		15.5 	10.1 	7.5 	10.5 	10.6 	9.7 	10.0 	10.2 	9.5 	10.2 	9.6 	10.6 	9.9 	0.0 	10.1 	10.2 	10.1 		TE3	TE9	TE9	TE2	TE1	TE2	TE2	TE1	TE2	TE1	TE2	TE1	TE1	-	TE1	TE2	TE2		TE2	10.1 	0.0 	0.0 	0.0 	0.0 	7.7 	72.9 	0.5 	2 	0.468 	0.560 	0.548 	2 	0.966 	0.000 	17 	0.724 		131 	Malik Willis	0.386 	QB14	D'Andre Swift	0.648 	RB14	Christian Watson	0.659 	WR9	Dallas Goedert	0.317 	TE15		TE4	11.0 	0.0 	0.0 	0.0 	0.0 	33.3 	315.9 	2.0 	4 	0.356 	0.560 	0.533 	2 	0.892 	0.000 	#N/A	0.668 		33.1 	Malik Willis	39 	QB23	D'Andre Swift	48 	RB6	Christian Watson	52 	WR3	Dallas Goedert	20 	TE15					Arizona Cardinals	Los Angeles Chargers	0 	0.0 	0 	0.0 	9.0 	95 	1.0 	0.0 	0.0 	0.0 	15.5 	TE3		Arizona Cardinals	Seattle Seahawks	0 	0.0 	0 	0.0 	8.0 	41 	1.0 	0.0 	0.0 	0.0 	10.1 	TE9		Arizona Cardinals	San Francisco 49ers	0 	0.0 	0 	0.0 	9.0 	75 	0.0 	0.0 	0.0 	0.0 	7.5 	TE9		Arizona Cardinals	New York Giants	0 	0.0 	0 	0.0 	7.7 	73 	0.5 	0.0 	0.0 	0.0 	10.5 	TE2		Arizona Cardinals	Detroit Lions	0 	0.0 	0 	0.0 	8.0 	76 	0.5 	0.0 	0.0 	0.0 	10.6 	TE1		Arizona Cardinals	Los Angeles Rams	0 	0.0 	0 	0.0 	7.6 	72 	0.4 	0.0 	0.0 	0.0 	9.7 	TE2		Arizona Cardinals	Denver Broncos	0 	0.0 	0 	0.0 	7.7 	73 	0.5 	0.0 	0.0 	0.0 	10.0 	TE2		Arizona Cardinals	Dallas Cowboys	0 	0.0 	0 	0.0 	7.8 	74 	0.5 	0.0 	0.0 	0.0 	10.2 	TE1		Arizona Cardinals	Seattle Seahawks	0 	0.0 	0 	0.0 	7.4 	71 	0.4 	0.0 	0.0 	0.0 	9.5 	TE2		Arizona Cardinals	Los Angeles Rams	0 	0.0 	0 	0.0 	7.8 	74 	0.5 	0.0 	0.0 	0.0 	10.2 	TE1		Arizona Cardinals	Kansas City Chiefs	0 	0.0 	0 	0.0 	7.5 	71 	0.4 	0.0 	0.0 	0.0 	9.6 	TE2		Arizona Cardinals	Washington Commanders	0 	0.0 	0 	0.0 	7.9 	75 	0.5 	0.0 	0.0 	0.0 	10.6 	TE1		Arizona Cardinals	Philadelphia Eagles	0 	0.0 	0 	0.0 	7.6 	73 	0.4 	0.0 	0.0 	0.0 	9.9 	TE1		Arizona Cardinals	BYE	0 	0.0 	0 	0.0 	0.0 	0 	0.0 	0.0 	0.0 	0.0 	0.0 	-		Arizona Cardinals	New York Jets	0 	0.0 	0 	0.0 	7.5 	71 	0.5 	0.0 	0.0 	0.0 	10.1 	TE1		Arizona Cardinals	New Orleans Saints	0 	0.0 	0 	0.0 	7.8 	74 	0.5 	0.0 	0.0 	0.0 	10.2 	TE2		Arizona Cardinals	Las Vegas Raiders	0 	0.0 	0 	0.0 	7.6 	72 	0.5 	0.0 	0.0 	0.0 	10.1 	TE2		Actual	Actual	Actual	Forecast	Forecast	Forecast	Forecast	Forecast	Forecast	Forecast	Forecast	Forecast	Forecast	Forecast	Forecast	Forecast	Forecast		Healthy	Healthy	Healthy	Healthy	Healthy	Healthy	Healthy	Healthy	Healthy	Healthy	Healthy	Healthy	Healthy	Healthy	Healthy	Healthy	Healthy		Week 4 2026	9/29/2026	8:41:33 PM	20		32%	33%	0%	0%	0%	0%		0.0 
	Justin Jefferson	Minnesota Vikings	WR	WR8	11.1 	178 	0 	0.0 	0.0 	0.0 	0 	0.0 	0.0 	0.0 	90.8 	5.7 	1,229 	76.8 	9.3 	0.6 	0.0 	0.3 	0.0 	0.478 	1.000 	0.930 	2 	0.467 	0.000 	20 	17 	(3)	7 	6 	(1)	0.677 			Justin Herbert	0.255 	QB19	Omarion Hampton	0.618 	RB12	DeVonta Smith	0.572 	WR16	T.J. Hockenson	0.208 	TE21		21.2 	5.5 	3.2 	10.5 	11.5 	0.0 	11.9 	11.6 	11.7 	11.3 	11.6 	11.5 	11.5 	11.0 	11.6 	11.9 	11.0 		WR3	WR31	WR55	WR7	WR7	-	WR6	WR6	WR6	WR7	WR4	WR7	WR6	WR6	WR6	WR7	WR7		WR7	11.4 	0.0 	0.0 	0.0 	0.0 	6.0 	80.8 	0.6 	7 	0.530 	1.000 	0.930 	2 	0.589 	0.000 	15 	0.734 		148 	Justin Herbert	0.376 	QB15	Omarion Hampton	0.672 	RB11	DeVonta Smith	0.590 	WR17	T.J. Hockenson	0.232 	TE22		WR17	10.0 	0.0 	0.0 	0.0 	0.0 	25.9 	350.0 	2.4 	17 	0.322 	1.000 	0.830 	1 	0.231 	0.000 	#N/A	0.514 		29.9 	Justin Herbert	34 	QB26	Omarion Hampton	29 	RB20	DeVonta Smith	30 	WR18	T.J. Hockenson	14 	TE20					Minnesota Vikings	Green Bay Packers	0 	0.0 	0 	0.0 	8.0 	92 	2.0 	0.0 	0.0 	0.0 	21.2 	WR3		Minnesota Vikings	Chicago Bears	0 	0.0 	0 	0.0 	3.0 	55 	0.0 	0.0 	0.0 	0.0 	5.5 	WR31		Minnesota Vikings	Tampa Bay Buccaneers	0 	0.0 	0 	0.0 	2.0 	32 	0.0 	0.0 	0.0 	0.0 	3.2 	WR55		Minnesota Vikings	Miami Dolphins	0 	0.0 	0 	0.0 	5.4 	73 	0.5 	0.0 	0.0 	0.0 	10.5 	WR7		Minnesota Vikings	New Orleans Saints	0 	0.0 	0 	0.0 	6.0 	81 	0.6 	0.0 	0.0 	0.0 	11.5 	WR7		Minnesota Vikings	BYE	0 	0.0 	0 	0.0 	0.0 	0 	0.0 	0.0 	0.0 	0.0 	0.0 	-		Minnesota Vikings	Indianapolis Colts	0 	0.0 	0 	0.0 	6.1 	83 	0.6 	0.0 	0.0 	0.0 	11.9 	WR6		Minnesota Vikings	Detroit Lions	0 	0.0 	0 	0.0 	6.1 	83 	0.6 	0.0 	0.0 	0.0 	11.6 	WR6		Minnesota Vikings	Buffalo Bills	0 	0.0 	0 	0.0 	6.1 	82 	0.6 	0.0 	0.0 	0.0 	11.7 	WR6		Minnesota Vikings	Green Bay Packers	0 	0.0 	0 	0.0 	6.0 	81 	0.5 	0.0 	0.0 	0.0 	11.3 	WR7		Minnesota Vikings	San Francisco 49ers	0 	0.0 	0 	0.0 	6.1 	83 	0.6 	0.0 	0.0 	0.0 	11.6 	WR4		Minnesota Vikings	Atlanta Falcons	0 	0.0 	0 	0.0 	5.9 	80 	0.6 	0.0 	0.0 	0.0 	11.5 	WR7		Minnesota Vikings	Carolina Panthers	0 	0.0 	0 	0.0 	6.0 	81 	0.6 	0.0 	0.0 	0.0 	11.5 	WR6		Minnesota Vikings	New England Patriots	0 	0.0 	0 	0.0 	5.9 	80 	0.5 	0.0 	0.0 	0.0 	11.0 	WR6		Minnesota Vikings	Detroit Lions	0 	0.0 	0 	0.0 	6.1 	82 	0.6 	0.0 	0.0 	0.0 	11.6 	WR6		Minnesota Vikings	Washington Commanders	0 	0.0 	0 	0.0 	6.1 	83 	0.6 	0.0 	0.0 	0.0 	11.9 	WR7		Minnesota Vikings	New York Jets	0 	0.0 	0 	0.0 	5.8 	79 	0.5 	0.0 	0.0 	0.0 	11.0 	WR7		Actual	Actual	Actual	Forecast	Forecast	Forecast	Forecast	Forecast	Forecast	Forecast	Forecast	Forecast	Forecast	Forecast	Forecast	Forecast	Forecast		Healthy	Healthy	Healthy	Limited / Handicapped	Healthy	Healthy	Healthy	Healthy	Healthy	Healthy	Healthy	Healthy	Healthy	Healthy	Healthy	Healthy	Healthy		Week 4 2026	9/29/2026	8:41:33 PM	20		37%	37%	0%	0%	0%	0%		0.2 
	Brock Bowers	Las Vegas Raiders	TE	TE1	10.8 	151 	0 	0.0 	0.0 	0.0 	0 	0.0 	0.0 	0.0 	96.0 	6.9 	1,062 	75.9 	7.6 	0.5 	0.0 	0.2 	0.0 	0.406 	0.560 	0.548 	2 	1.000 	0.000 	11 	26 	15 	2 	2 	0 	0.730 			Jared Goff	0.389 	QB9	Cam Skattebo	0.593 	RB15	Zay Flowers	0.603 	WR13	Jake Ferguson	0.310 	TE15		0.0 	0.0 	17.6 	10.8 	10.2 	10.7 	10.6 	10.0 	10.5 	10.1 	9.9 	9.8 	0.0 	10.3 	9.9 	10.4 	10.4 		-	-	TE2	TE1	TE2	TE1	TE1	TE2	TE1	TE2	TE1	TE2	-	TE1	TE2	TE1	TE1		TE1	10.3 	0.0 	0.0 	0.0 	0.0 	6.6 	72.8 	0.5 	1 	0.477 	0.560 	0.554 	2 	1.000 	0.000 	14 	0.743 		134 	Jared Goff	0.362 	QB16	Cam Skattebo	0.638 	RB15	Zay Flowers	0.595 	WR16	Jake Ferguson	0.288 	TE17		TE17	17.6 	0.0 	0.0 	0.0 	0.0 	86.0 	946.4 	6.6 	17 	0.189 	0.560 	0.422 	0 	0.164 	0.000 	#N/A	0.271 		17.6 	Jared Goff	66 	QB6	Cam Skattebo	30 	RB19	Zay Flowers	31 	WR13	Jake Ferguson	23 	TE10					Las Vegas Raiders	Miami Dolphins	0 	0.0 	0 	0.0 	0.0 	0 	0.0 	0.0 	0.0 	0.0 	0.0 	-		Las Vegas Raiders	Los Angeles Chargers	0 	0.0 	0 	0.0 	0.0 	0 	0.0 	0.0 	0.0 	0.0 	0.0 	-		Las Vegas Raiders	New Orleans Saints	0 	0.0 	0 	0.0 	10.0 	116 	1.0 	0.0 	0.0 	0.0 	17.6 	TE2		Las Vegas Raiders	Kansas City Chiefs	0 	0.0 	0 	0.0 	6.8 	75 	0.6 	0.0 	0.0 	0.0 	10.8 	TE1		Las Vegas Raiders	New England Patriots	0 	0.0 	0 	0.0 	6.7 	73 	0.5 	0.0 	0.0 	0.0 	10.2 	TE2		Las Vegas Raiders	Buffalo Bills	0 	0.0 	0 	0.0 	6.8 	75 	0.5 	0.0 	0.0 	0.0 	10.7 	TE1		Las Vegas Raiders	Los Angeles Rams	0 	0.0 	0 	0.0 	6.9 	75 	0.5 	0.0 	0.0 	0.0 	10.6 	TE1		Las Vegas Raiders	New York Jets	0 	0.0 	0 	0.0 	6.4 	71 	0.5 	0.0 	0.0 	0.0 	10.0 	TE2		Las Vegas Raiders	San Francisco 49ers	0 	0.0 	0 	0.0 	6.8 	75 	0.5 	0.0 	0.0 	0.0 	10.5 	TE1		Las Vegas Raiders	Seattle Seahawks	0 	0.0 	0 	0.0 	6.6 	72 	0.5 	0.0 	0.0 	0.0 	10.1 	TE2		Las Vegas Raiders	Denver Broncos	0 	0.0 	0 	0.0 	6.6 	72 	0.5 	0.0 	0.0 	0.0 	9.9 	TE1		Las Vegas Raiders	Cleveland Browns	0 	0.0 	0 	0.0 	6.4 	70 	0.5 	0.0 	0.0 	0.0 	9.8 	TE2		Las Vegas Raiders	BYE	0 	0.0 	0 	0.0 	0.0 	0 	0.0 	0.0 	0.0 	0.0 	0.0 	-		Las Vegas Raiders	Los Angeles Chargers	0 	0.0 	0 	0.0 	6.7 	73 	0.5 	0.0 	0.0 	0.0 	10.3 	TE1		Las Vegas Raiders	Denver Broncos	0 	0.0 	0 	0.0 	6.4 	71 	0.5 	0.0 	0.0 	0.0 	9.9 	TE2		Las Vegas Raiders	Tennessee Titans	0 	0.0 	0 	0.0 	6.5 	72 	0.5 	0.0 	0.0 	0.0 	10.4 	TE1		Las Vegas Raiders	Arizona Cardinals	0 	0.0 	0 	0.0 	6.5 	72 	0.5 	0.0 	0.0 	0.0 	10.4 	TE1		Actual	Actual	Actual	Forecast	Forecast	Forecast	Forecast	Forecast	Forecast	Forecast	Forecast	Forecast	Forecast	Forecast	Forecast	Forecast	Forecast		Injured	Injured	Healthy	Healthy	Healthy	Healthy	Healthy	Healthy	Healthy	Healthy	Healthy	Healthy	Healthy	Healthy	Healthy	Healthy	Healthy		Week 4 2026	9/29/2026	8:41:33 PM	20		33%	35%	0%	0%	0%	0%		0.5 
	James Cook III	Buffalo Bills	RB	RB7	14.4 	230 	0 	0.0 	0.0 	0.0 	1,519 	94.9 	9.6 	0.6 	30.4 	1.9 	187 	11.7 	1.4 	0.1 	0.0 	3.6 	0.0 	0.616 	1.000 	0.923 	1 	0.551 	0.000 	13 	7 	(6)	7 	5 	(2)	0.728 			Matthew Stafford	0.325 	QB13	Breece Hall	0.580 	RB17	Davante Adams	0.650 	WR9	Mike Gesicki	0.365 	TE10		6.9 	19.9 	19.4 	15.1 	13.1 	14.9 	0.0 	14.1 	13.7 	14.8 	16.1 	13.9 	12.6 	12.8 	14.2 	13.1 	15.0 		RB31	RB2	RB4	RB6	RB10	RB7	-	RB7	RB8	RB7	RB4	RB6	RB9	RB11	RB6	RB9	RB5		RB7	14.1 	0.0 	0.0 	90.2 	0.6 	2.0 	13.2 	0.1 	7 	0.656 	1.000 	0.923 	1 	0.603 	0.000 	12 	0.755 		183 	Matthew Stafford	0.353 	QB17	Breece Hall	0.616 	RB17	Davante Adams	0.606 	WR15	Mike Gesicki	0.317 	TE14		RB7	15.4 	0.0 	0.0 	390.9 	2.5 	8.8 	57.1 	0.5 	7 	0.497 	1.000 	0.923 	1 	0.440 	0.000 	#N/A	0.666 		46.2 	Matthew Stafford	52 	QB12	Breece Hall	33 	RB15	Davante Adams	48 	WR5	Mike Gesicki	24 	TE9					Buffalo Bills	Houston Texans	0 	0.0 	57 	0.0 	3.0 	12 	0.0 	0.0 	0.0 	0.0 	6.9 	RB31		Buffalo Bills	Detroit Lions	0 	0.0 	135 	1.0 	1.0 	4 	0.0 	0.0 	0.0 	0.0 	19.9 	RB2		Buffalo Bills	Los Angeles Chargers	0 	0.0 	154 	1.0 	0.0 	0 	0.0 	0.0 	1.0 	0.0 	19.4 	RB4		Buffalo Bills	New England Patriots	0 	0.0 	97 	0.6 	2.0 	13 	0.1 	0.0 	0.2 	0.0 	15.1 	RB6		Buffalo Bills	Los Angeles Rams	0 	0.0 	83 	0.5 	2.1 	13 	0.1 	0.0 	0.2 	0.0 	13.1 	RB10		Buffalo Bills	Las Vegas Raiders	0 	0.0 	96 	0.6 	2.0 	13 	0.1 	0.0 	0.2 	0.0 	14.9 	RB7		Buffalo Bills	BYE	0 	0.0 	0 	0.0 	0.0 	0 	0.0 	0.0 	0.0 	0.0 	0.0 	-		Buffalo Bills	Baltimore Ravens	0 	0.0 	89 	0.6 	2.1 	14 	0.1 	0.0 	0.2 	0.0 	14.1 	RB7		Buffalo Bills	Minnesota Vikings	0 	0.0 	87 	0.6 	2.0 	13 	0.1 	0.0 	0.2 	0.0 	13.7 	RB8		Buffalo Bills	New York Jets	0 	0.0 	96 	0.6 	2.0 	13 	0.1 	0.0 	0.2 	0.0 	14.8 	RB7		Buffalo Bills	Miami Dolphins	0 	0.0 	103 	0.7 	2.0 	13 	0.1 	0.0 	0.2 	0.0 	16.1 	RB4		Buffalo Bills	Kansas City Chiefs	0 	0.0 	88 	0.6 	2.1 	13 	0.1 	0.0 	0.2 	0.0 	13.9 	RB6		Buffalo Bills	New England Patriots	0 	0.0 	81 	0.5 	2.0 	13 	0.1 	0.0 	0.2 	0.0 	12.6 	RB9		Buffalo Bills	Green Bay Packers	0 	0.0 	82 	0.5 	2.0 	13 	0.1 	0.0 	0.2 	0.0 	12.8 	RB11		Buffalo Bills	Chicago Bears	0 	0.0 	90 	0.6 	2.1 	14 	0.1 	0.0 	0.2 	0.0 	14.2 	RB6		Buffalo Bills	Denver Broncos	0 	0.0 	85 	0.5 	2.0 	13 	0.1 	0.0 	0.2 	0.0 	13.1 	RB9		Buffalo Bills	Miami Dolphins	0 	0.0 	97 	0.6 	2.0 	13 	0.1 	0.0 	0.2 	0.0 	15.0 	RB5		Actual	Actual	Actual	Forecast	Forecast	Forecast	Forecast	Forecast	Forecast	Forecast	Forecast	Forecast	Forecast	Forecast	Forecast	Forecast	Forecast		Healthy	Healthy	Healthy	Healthy	Healthy	Healthy	Healthy	Healthy	Healthy	Healthy	Healthy	Healthy	Healthy	Healthy	Healthy	Healthy	Healthy		Week 4 2026	9/29/2026	8:41:33 PM	20		6%	8%	63%	41%	0%	0%		0.1 
	Josh Allen	Buffalo Bills	QB	QB1	23.3 	373 	3,602 	225.1 	22.3 	1.4 	670 	41.9 	16.2 	1.0 	1.0 	0.1 	1 	0.1 	0.0 	0.0 	10.4 	2.0 	0.0 	1.000 	0.460 	0.455 	2 	1.000 	0.000 	15 	18 	3 	1 	1 	0 	0.711 			Sam Darnold	0.247 	QB20	Jaylen Warren	0.506 	RB21	Ladd McConkey	0.525 	WR19	Mark Andrews	0.214 	TE20		35.7 	40.8 	16.5 	21.2 	21.1 	21.9 	0.0 	22.1 	21.3 	21.8 	23.3 	21.8 	20.1 	20.4 	22.4 	20.3 	22.2 		QB2	QB1	QB19	QB1	QB1	QB1	-	QB1	QB1	QB1	QB1	QB1	QB1	QB1	QB1	QB1	QB1		QB1	21.5 	216.6 	1.3 	42.8 	0.8 	0.0 	0.0 	0.0 	1 	1.000 	0.460 	0.455 	1 	1.000 	0.000 	18 	0.711 		280 	Sam Darnold	0.344 	QB18	Jaylen Warren	0.538 	RB19	Ladd McConkey	0.563 	WR18	Mark Andrews	0.259 	TE18		QB1	31.0 	938.6 	5.8 	185.4 	3.4 	0.0 	0.0 	0.0 	1 	1.000 	0.460 	0.455 	2 	1.000 	0.000 	#N/A	0.711 		92.9 	Sam Darnold	28 	QB30	Jaylen Warren	31 	RB17	Ladd McConkey	24 	WR25	Mark Andrews	12 	TE23					Buffalo Bills	Houston Texans	334 	2.0 	23 	2.0 	0.0 	0 	0.0 	0.0 	0.0 	0.0 	35.7 	QB2		Buffalo Bills	Detroit Lions	248 	3.0 	69 	2.0 	0.0 	0 	0.0 	0.0 	0.0 	0.0 	40.8 	QB1		Buffalo Bills	Los Angeles Chargers	204 	0.0 	22 	2.0 	1.0 	1 	0.0 	2.0 	1.0 	0.0 	16.5 	QB19		Buffalo Bills	New England Patriots	204 	1.3 	44 	0.8 	0.0 	0 	0.0 	0.6 	0.1 	0.0 	21.2 	QB1		Buffalo Bills	Los Angeles Rams	223 	1.3 	40 	0.7 	0.0 	0 	0.0 	0.6 	0.1 	0.0 	21.1 	QB1		Buffalo Bills	Las Vegas Raiders	212 	1.3 	46 	0.8 	0.0 	0 	0.0 	0.6 	0.1 	0.0 	21.9 	QB1		Buffalo Bills	BYE	0 	0.0 	0 	0.0 	0.0 	0 	0.0 	0.0 	0.0 	0.0 	0.0 	-		Buffalo Bills	Baltimore Ravens	223 	1.4 	42 	0.8 	0.0 	0 	0.0 	0.6 	0.1 	0.0 	22.1 	QB1		Buffalo Bills	Minnesota Vikings	219 	1.3 	42 	0.8 	0.0 	0 	0.0 	0.6 	0.1 	0.0 	21.3 	QB1		Buffalo Bills	New York Jets	212 	1.3 	45 	0.8 	0.0 	0 	0.0 	0.6 	0.1 	0.0 	21.8 	QB1		Buffalo Bills	Miami Dolphins	215 	1.4 	49 	0.9 	0.0 	0 	0.0 	0.6 	0.1 	0.0 	23.3 	QB1		Buffalo Bills	Kansas City Chiefs	222 	1.4 	42 	0.8 	0.0 	0 	0.0 	0.6 	0.1 	0.0 	21.8 	QB1		Buffalo Bills	New England Patriots	216 	1.3 	39 	0.7 	0.0 	0 	0.0 	0.6 	0.1 	0.0 	20.1 	QB1		Buffalo Bills	Green Bay Packers	218 	1.3 	39 	0.7 	0.0 	0 	0.0 	0.6 	0.1 	0.0 	20.4 	QB1		Buffalo Bills	Chicago Bears	225 	1.4 	43 	0.8 	0.0 	0 	0.0 	0.6 	0.1 	0.0 	22.4 	QB1		Buffalo Bills	Denver Broncos	213 	1.2 	40 	0.7 	0.0 	0 	0.0 	0.6 	0.1 	0.0 	20.3 	QB1		Buffalo Bills	Miami Dolphins	214 	1.3 	46 	0.9 	0.0 	0 	0.0 	0.6 	0.1 	0.0 	22.2 	QB1		Actual	Actual	Actual	Forecast	Forecast	Forecast	Forecast	Forecast	Forecast	Forecast	Forecast	Forecast	Forecast	Forecast	Forecast	Forecast	Forecast		Healthy	Healthy	Healthy	Limited / Handicapped	Healthy	Healthy	Healthy	Healthy	Healthy	Healthy	Healthy	Healthy	Healthy	Healthy	Healthy	Healthy	Healthy		Week 4 2026	9/29/2026	8:41:33 PM	20		0%	0%	30%	55%	99%	99%		0.0 
	Saquon Barkley	Philadelphia Eagles	RB	RB14	11.9 	190 	0 	0.0 	0.0 	0.0 	1,246 	77.9 	7.3 	0.5 	27.8 	1.7 	190 	11.9 	1.3 	0.1 	0.0 	2.4 	0.0 	0.511 	1.000 	0.840 	1 	0.365 	0.000 	30 	14 	(16)	14 	10 	(4)	0.601 			Bo Nix	0.245 	QB21	Bhayshul Tuten	0.536 	RB18	Matthew Golden	0.543 	WR17	Kenyon Sadiq	0.300 	TE16		8.0 	2.0 	8.0 	11.9 	12.9 	14.1 	13.8 	13.2 	13.9 	0.0 	13.6 	12.8 	15.1 	14.3 	12.7 	11.9 	12.2 		RB27	RB51	RB25	RB14	RB11	RB8	RB8	RB12	RB7	-	RB10	RB12	RB4	RB6	RB14	RB15	RB15		RB9	13.3 	0.0 	0.0 	82.5 	0.6 	1.9 	14.1 	0.1 	9 	0.617 	1.000 	0.900 	1 	0.532 	0.000 	19 	0.710 		172 	Bo Nix	0.323 	QB20	Bhayshul Tuten	0.546 	RB18	Matthew Golden	0.541 	WR20	Kenyon Sadiq	0.246 	TE20		RB28	6.0 	0.0 	0.0 	357.4 	2.4 	8.3 	61.2 	0.4 	28 	0.194 	1.000 	0.669 	(0)	0.000 	0.000 	#N/A	0.330 		18.0 	Bo Nix	40 	QB21	Bhayshul Tuten	36 	RB13	Matthew Golden	31 	WR14	Kenyon Sadiq	27 	TE6					Philadelphia Eagles	Washington Commanders	0 	0.0 	83 	0.0 	1.0 	(3)	0.0 	0.0 	0.0 	0.0 	8.0 	RB27		Philadelphia Eagles	Tennessee Titans	0 	0.0 	9 	0.0 	1.0 	11 	0.0 	0.0 	0.0 	0.0 	2.0 	RB51		Philadelphia Eagles	Chicago Bears	0 	0.0 	82 	0.0 	1.0 	(2)	0.0 	0.0 	0.0 	0.0 	8.0 	RB25		Philadelphia Eagles	Los Angeles Rams	0 	0.0 	75 	0.5 	1.7 	12 	0.1 	0.0 	0.2 	0.0 	11.9 	RB14		Philadelphia Eagles	Jacksonville Jaguars	0 	0.0 	81 	0.5 	1.7 	13 	0.1 	0.0 	0.2 	0.0 	12.9 	RB11		Philadelphia Eagles	Carolina Panthers	0 	0.0 	89 	0.6 	1.7 	12 	0.1 	0.0 	0.2 	0.0 	14.1 	RB8		Philadelphia Eagles	Dallas Cowboys	0 	0.0 	84 	0.6 	2.1 	15 	0.1 	0.0 	0.2 	0.0 	13.8 	RB8		Philadelphia Eagles	Washington Commanders	0 	0.0 	81 	0.6 	2.0 	15 	0.1 	0.0 	0.2 	0.0 	13.2 	RB12		Philadelphia Eagles	New York Giants	0 	0.0 	86 	0.6 	2.0 	15 	0.1 	0.0 	0.2 	0.0 	13.9 	RB7		Philadelphia Eagles	BYE	0 	0.0 	0 	0.0 	0.0 	0 	0.0 	0.0 	0.0 	0.0 	0.0 	-		Philadelphia Eagles	Pittsburgh Steelers	0 	0.0 	85 	0.6 	2.0 	14 	0.1 	0.0 	0.2 	0.0 	13.6 	RB10		Philadelphia Eagles	Dallas Cowboys	0 	0.0 	78 	0.5 	2.1 	15 	0.1 	0.0 	0.2 	0.0 	12.8 	RB12		Philadelphia Eagles	Arizona Cardinals	0 	0.0 	94 	0.7 	1.9 	14 	0.1 	0.0 	0.2 	0.0 	15.1 	RB4		Philadelphia Eagles	Indianapolis Colts	0 	0.0 	87 	0.6 	2.0 	15 	0.1 	0.0 	0.2 	0.0 	14.3 	RB6		Philadelphia Eagles	Seattle Seahawks	0 	0.0 	80 	0.5 	2.0 	14 	0.1 	0.0 	0.2 	0.0 	12.7 	RB14		Philadelphia Eagles	Houston Texans	0 	0.0 	76 	0.5 	1.9 	14 	0.1 	0.0 	0.2 	0.0 	11.9 	RB15		Philadelphia Eagles	San Francisco 49ers	0 	0.0 	76 	0.5 	2.0 	15 	0.1 	0.0 	0.2 	0.0 	12.2 	RB15		Actual	Actual	Actual	Forecast	Forecast	Forecast	Forecast	Forecast	Forecast	Forecast	Forecast	Forecast	Forecast	Forecast	Forecast	Forecast	Forecast		Healthy	Healthy	Healthy	Healthy	Healthy	Healthy	Healthy	Healthy	Healthy	Healthy	Healthy	Healthy	Healthy	Healthy	Healthy	Healthy	Healthy		Week 4 2026	9/29/2026	8:41:33 PM	20		7%	7%	59%	53%	0%	0%		0.3 
	Kyren Williams	Los Angeles Rams	RB	RB9	13.3 	213 	0 	0.0 	0.0 	0.0 	1,131 	70.7 	7.6 	0.5 	47.1 	2.9 	406 	25.4 	3.4 	0.2 	0.0 	3.1 	0.0 	0.571 	1.000 	0.900 	1 	0.472 	0.000 	19 	20 	1 	9 	13 	4 	0.679 			Deshaun Watson	0.295 	QB15	Jeremiyah Love	0.478 	RB22	A.J. Brown	0.405 	WR33	Kyle Pitts Sr.	0.170 	TE24		12.5 	13.7 	15.8 	11.9 	13.2 	15.0 	13.5 	12.5 	13.5 	14.5 	0.0 	13.0 	12.9 	12.5 	14.2 	11.3 	13.0 		RB16	RB8	RB10	RB13	RB9	RB6	RB9	RB13	RB9	RB8	-	RB10	RB7	RB12	RB7	RB16	RB10		RB10	13.2 	0.0 	0.0 	70.6 	0.5 	2.8 	23.1 	0.2 	10 	0.611 	1.000 	0.888 	1 	0.522 	0.000 	20 	0.700 		171 	Deshaun Watson	0.302 	QB21	Jeremiyah Love	0.474 	RB24	A.J. Brown	0.523 	WR22	Kyle Pitts Sr.	0.237 	TE21		RB11	14.0 	0.0 	0.0 	305.8 	2.2 	12.0 	99.9 	0.8 	11 	0.452 	1.000 	0.876 	1 	0.371 	0.000 	#N/A	0.610 		42.0 	Deshaun Watson	52 	QB14	Jeremiyah Love	32 	RB16	A.J. Brown	3 	WR91	Kyle Pitts Sr.	2 	TE37					Los Angeles Rams	San Francisco 49ers	0 	0.0 	41 	1.0 	3.0 	24 	0.0 	0.0 	0.0 	0.0 	12.5 	RB16		Los Angeles Rams	New York Giants	0 	0.0 	85 	0.0 	2.0 	12 	1.0 	0.0 	1.0 	0.0 	13.7 	RB8		Los Angeles Rams	Denver Broncos	0 	0.0 	88 	0.0 	6.0 	70 	0.0 	0.0 	0.0 	0.0 	15.8 	RB10		Los Angeles Rams	Philadelphia Eagles	0 	0.0 	65 	0.4 	2.7 	23 	0.2 	0.0 	0.2 	0.0 	11.9 	RB13		Los Angeles Rams	Buffalo Bills	0 	0.0 	69 	0.5 	2.9 	24 	0.2 	0.0 	0.2 	0.0 	13.2 	RB9		Los Angeles Rams	Arizona Cardinals	0 	0.0 	80 	0.6 	2.8 	23 	0.2 	0.0 	0.2 	0.0 	15.0 	RB6		Los Angeles Rams	Las Vegas Raiders	0 	0.0 	73 	0.5 	2.7 	23 	0.2 	0.0 	0.2 	0.0 	13.5 	RB9		Los Angeles Rams	Los Angeles Chargers	0 	0.0 	67 	0.5 	2.8 	23 	0.2 	0.0 	0.2 	0.0 	12.5 	RB13		Los Angeles Rams	Washington Commanders	0 	0.0 	72 	0.5 	2.8 	23 	0.2 	0.0 	0.2 	0.0 	13.5 	RB9		Los Angeles Rams	Arizona Cardinals	0 	0.0 	79 	0.6 	2.7 	23 	0.2 	0.0 	0.2 	0.0 	14.5 	RB8		Los Angeles Rams	BYE	0 	0.0 	0 	0.0 	0.0 	0 	0.0 	0.0 	0.0 	0.0 	0.0 	-		Los Angeles Rams	Green Bay Packers	0 	0.0 	70 	0.5 	2.8 	23 	0.2 	0.0 	0.2 	0.0 	13.0 	RB10		Los Angeles Rams	Kansas City Chiefs	0 	0.0 	69 	0.5 	2.7 	23 	0.2 	0.0 	0.2 	0.0 	12.9 	RB7		Los Angeles Rams	San Francisco 49ers	0 	0.0 	67 	0.5 	2.8 	23 	0.2 	0.0 	0.2 	0.0 	12.5 	RB12		Los Angeles Rams	Dallas Cowboys	0 	0.0 	76 	0.6 	2.8 	23 	0.2 	0.0 	0.2 	0.0 	14.2 	RB7		Los Angeles Rams	Seattle Seahawks	0 	0.0 	61 	0.4 	2.7 	23 	0.2 	0.0 	0.2 	0.0 	11.3 	RB16		Los Angeles Rams	Tampa Bay Buccaneers	0 	0.0 	70 	0.5 	2.8 	23 	0.2 	0.0 	0.2 	0.0 	13.0 	RB10		Actual	Actual	Actual	Forecast	Forecast	Forecast	Forecast	Forecast	Forecast	Forecast	Forecast	Forecast	Forecast	Forecast	Forecast	Forecast	Forecast		Healthy	Healthy	Healthy	Healthy	Healthy	Healthy	Healthy	Healthy	Healthy	Healthy	Healthy	Healthy	Healthy	Healthy	Healthy	Healthy	Healthy		Week 4 2026	9/29/2026	8:41:33 PM	20		10%	9%	52%	61%	0%	0%		0.1 
	Garrett Wilson	New York Jets	WR	WR10	10.0 	161 	0 	0.0 	0.0 	0.0 	0 	0.0 	0.1 	0.0 	101.4 	6.3 	1,127 	70.4 	8.0 	0.5 	0.0 	0.2 	0.0 	0.431 	1.000 	0.900 	1 	0.373 	0.000 	24 	36 	12 	10 	14 	4 	0.619 			Baker Mayfield	0.172 	QB27	David Montgomery	0.515 	RB20	Tetairoa McMillan	0.476 	WR24	Cade Otton	0.176 	TE23		7.9 	11.7 	16.7 	9.7 	9.7 	9.4 	10.0 	9.7 	9.2 	10.1 	9.2 	9.6 	0.0 	9.3 	9.7 	9.3 	9.4 		WR26	WR13	WR3	WR12	WR14	WR10	WR10	WR13	WR18	WR9	WR12	WR15	-	WR15	WR15	WR14	WR17		WR14	9.6 	0.0 	0.0 	0.0 	0.0 	6.2 	68.0 	0.5 	14 	0.444 	1.000 	0.860 	1 	0.400 	0.000 	34 	0.614 		124 	Baker Mayfield	0.293 	QB23	David Montgomery	0.530 	RB20	Tetairoa McMillan	0.546 	WR19	Cade Otton	0.189 	TE23		WR8	12.1 	0.0 	0.0 	0.0 	0.0 	26.8 	294.7 	2.0 	8 	0.391 	1.000 	0.920 	2 	0.335 	0.000 	#N/A	0.607 		36.3 	Baker Mayfield	35 	QB24	David Montgomery	33 	RB14	Tetairoa McMillan	17 	WR35	Cade Otton	12 	TE24					New York Jets	Tennessee Titans	0 	0.0 	0 	0.0 	6.0 	79 	0.0 	0.0 	0.0 	0.0 	7.9 	WR26		New York Jets	Green Bay Packers	0 	0.0 	0 	0.0 	5.0 	57 	1.0 	0.0 	0.0 	0.0 	11.7 	WR13		New York Jets	Detroit Lions	0 	0.0 	0 	0.0 	10.0 	107 	1.0 	0.0 	0.0 	0.0 	16.7 	WR3		New York Jets	Chicago Bears	0 	0.0 	0 	0.0 	6.2 	68 	0.5 	0.0 	0.0 	0.0 	9.7 	WR12		New York Jets	Cleveland Browns	0 	0.0 	0 	0.0 	6.1 	68 	0.5 	0.0 	0.0 	0.0 	9.7 	WR14		New York Jets	New England Patriots	0 	0.0 	0 	0.0 	6.2 	68 	0.4 	0.0 	0.0 	0.0 	9.4 	WR10		New York Jets	Miami Dolphins	0 	0.0 	0 	0.0 	6.3 	69 	0.5 	0.0 	0.0 	0.0 	10.0 	WR10		New York Jets	Las Vegas Raiders	0 	0.0 	0 	0.0 	6.1 	68 	0.5 	0.0 	0.0 	0.0 	9.7 	WR13		New York Jets	Kansas City Chiefs	0 	0.0 	0 	0.0 	6.2 	68 	0.4 	0.0 	0.0 	0.0 	9.2 	WR18		New York Jets	Buffalo Bills	0 	0.0 	0 	0.0 	6.4 	71 	0.5 	0.0 	0.0 	0.0 	10.1 	WR9		New York Jets	Los Angeles Chargers	0 	0.0 	0 	0.0 	6.2 	68 	0.4 	0.0 	0.0 	0.0 	9.2 	WR12		New York Jets	Miami Dolphins	0 	0.0 	0 	0.0 	6.1 	67 	0.5 	0.0 	0.0 	0.0 	9.6 	WR15		New York Jets	BYE	0 	0.0 	0 	0.0 	0.0 	0 	0.0 	0.0 	0.0 	0.0 	0.0 	-		New York Jets	Denver Broncos	0 	0.0 	0 	0.0 	6.1 	67 	0.4 	0.0 	0.0 	0.0 	9.3 	WR15		New York Jets	Arizona Cardinals	0 	0.0 	0 	0.0 	6.2 	68 	0.5 	0.0 	0.0 	0.0 	9.7 	WR15		New York Jets	New England Patriots	0 	0.0 	0 	0.0 	6.1 	67 	0.4 	0.0 	0.0 	0.0 	9.3 	WR14		New York Jets	Minnesota Vikings	0 	0.0 	0 	0.0 	6.1 	67 	0.4 	0.0 	0.0 	0.0 	9.4 	WR17		Actual	Actual	Actual	Forecast	Forecast	Forecast	Forecast	Forecast	Forecast	Forecast	Forecast	Forecast	Forecast	Forecast	Forecast	Forecast	Forecast		Healthy	Healthy	Healthy	Healthy	Healthy	Healthy	Healthy	Healthy	Healthy	Healthy	Healthy	Healthy	Healthy	Healthy	Healthy	Healthy	Healthy		Week 4 2026	9/29/2026	8:41:33 PM	20		32%	36%	0%	1%	0%	0%		0.0 
	Chase Brown	Cincinnati Bengals	RB	RB13	12.0 	192 	0 	0.0 	0.0 	0.0 	1,110 	69.4 	7.2 	0.4 	53.7 	3.4 	307 	19.2 	2.2 	0.1 	0.0 	2.9 	0.0 	0.516 	1.000 	0.852 	1 	0.373 	0.000 	27 	16 	(11)	13 	11 	(2)	0.610 			C.J. Stroud	0.263 	QB18	Quinshon Judkins	0.443 	RB24	Malik Nabers	0.416 	WR32	Darren Waller	0.318 	TE14		13.8 	8.2 	6.9 	12.5 	13.7 	0.0 	10.7 	13.8 	13.1 	12.1 	12.5 	13.7 	12.4 	11.9 	11.9 	12.5 	12.5 		RB14	RB21	RB29	RB10	RB5	-	RB18	RB9	RB10	RB13	RB12	RB9	RB11	RB13	RB16	RB12	RB13		RB12	12.6 	0.0 	0.0 	70.2 	0.5 	3.4 	21.2 	0.2 	12 	0.583 	1.000 	0.864 	1 	0.472 	0.000 	23 	0.665 		163 	C.J. Stroud	0.295 	QB22	Quinshon Judkins	0.498 	RB21	Malik Nabers	0.531 	WR21	Darren Waller	0.298 	TE16		RB21	9.6 	0.0 	0.0 	304.2 	2.1 	14.6 	91.7 	0.7 	21 	0.311 	1.000 	0.755 	1 	0.156 	0.000 	#N/A	0.449 		28.9 	C.J. Stroud	45 	QB19	Quinshon Judkins	18 	RB30	Malik Nabers	10 	WR66	Darren Waller	23 	TE10					Cincinnati Bengals	Tampa Bay Buccaneers	0 	0.0 	56 	1.0 	5.0 	22 	0.0 	0.0 	0.0 	0.0 	13.8 	RB14		Cincinnati Bengals	Houston Texans	0 	0.0 	80 	0.0 	3.0 	2 	0.0 	0.0 	0.0 	0.0 	8.2 	RB21		Cincinnati Bengals	Pittsburgh Steelers	0 	0.0 	61 	0.0 	2.0 	8 	0.0 	0.0 	0.0 	0.0 	6.9 	RB29		Cincinnati Bengals	Jacksonville Jaguars	0 	0.0 	69 	0.5 	3.4 	22 	0.2 	0.0 	0.2 	0.0 	12.5 	RB10		Cincinnati Bengals	Miami Dolphins	0 	0.0 	78 	0.5 	3.3 	21 	0.2 	0.0 	0.2 	0.0 	13.7 	RB5		Cincinnati Bengals	BYE	0 	0.0 	0 	0.0 	0.0 	0 	0.0 	0.0 	0.0 	0.0 	0.0 	-		Cincinnati Bengals	Baltimore Ravens	0 	0.0 	58 	0.4 	3.4 	21 	0.2 	0.0 	0.2 	0.0 	10.7 	RB18		Cincinnati Bengals	Tennessee Titans	0 	0.0 	78 	0.6 	3.3 	21 	0.2 	0.0 	0.2 	0.0 	13.8 	RB9		Cincinnati Bengals	Atlanta Falcons	0 	0.0 	73 	0.5 	3.4 	21 	0.2 	0.0 	0.2 	0.0 	13.1 	RB10		Cincinnati Bengals	Pittsburgh Steelers	0 	0.0 	67 	0.4 	3.3 	21 	0.2 	0.0 	0.2 	0.0 	12.1 	RB13		Cincinnati Bengals	Washington Commanders	0 	0.0 	69 	0.5 	3.4 	22 	0.2 	0.0 	0.2 	0.0 	12.5 	RB12		Cincinnati Bengals	New Orleans Saints	0 	0.0 	77 	0.5 	3.3 	21 	0.2 	0.0 	0.2 	0.0 	13.7 	RB9		Cincinnati Bengals	Cleveland Browns	0 	0.0 	71 	0.5 	3.2 	20 	0.2 	0.0 	0.2 	0.0 	12.4 	RB11		Cincinnati Bengals	Kansas City Chiefs	0 	0.0 	67 	0.4 	3.3 	21 	0.2 	0.0 	0.2 	0.0 	11.9 	RB13		Cincinnati Bengals	Carolina Panthers	0 	0.0 	67 	0.4 	3.3 	21 	0.2 	0.0 	0.2 	0.0 	11.9 	RB16		Cincinnati Bengals	Indianapolis Colts	0 	0.0 	69 	0.5 	3.4 	22 	0.2 	0.0 	0.2 	0.0 	12.5 	RB12		Cincinnati Bengals	Baltimore Ravens	0 	0.0 	69 	0.5 	3.4 	22 	0.2 	0.0 	0.2 	0.0 	12.5 	RB13		Actual	Actual	Actual	Forecast	Forecast	Forecast	Forecast	Forecast	Forecast	Forecast	Forecast	Forecast	Forecast	Forecast	Forecast	Forecast	Forecast		Healthy	Healthy	Healthy	Healthy	Healthy	Healthy	Healthy	Healthy	Healthy	Healthy	Healthy	Healthy	Healthy	Healthy	Healthy	Healthy	Healthy		Week 4 2026	9/29/2026	8:41:33 PM	20		8%	8%	71%	73%	0%	0%		0.2 
	Javonte Williams	Dallas Cowboys	RB	RB11	12.7 	203 	0 	0.0 	0.0 	0.0 	1,015 	63.4 	9.2 	0.6 	54.6 	3.4 	323 	20.2 	3.1 	0.2 	0.0 	2.6 	0.0 	0.544 	1.000 	0.876 	1 	0.423 	0.000 	23 	29 	6 	11 	15 	4 	0.645 			Caleb Williams	0.315 	QB14	TreVeyon Henderson	0.449 	RB23	Rashee Rice	0.495 	WR21	Brenton Strange	0.179 	TE22		19.2 	5.0 	16.3 	11.2 	13.2 	11.7 	11.2 	14.9 	12.9 	12.9 	14.0 	12.5 	10.6 	0.0 	10.6 	13.0 	13.4 		RB10	RB33	RB9	RB17	RB8	RB14	RB15	RB5	RB11	RB10	RB8	RB16	RB14	-	RB20	RB10	RB9		RB13	12.5 	0.0 	0.0 	65.1 	0.6 	3.4 	20.6 	0.2 	13 	0.579 	1.000 	0.852 	1 	0.464 	0.000 	25 	0.656 		162 	Caleb Williams	0.339 	QB19	TreVeyon Henderson	0.482 	RB23	Rashee Rice	0.507 	WR24	Brenton Strange	0.177 	TE24		RB12	13.5 	0.0 	0.0 	282.0 	2.4 	14.9 	89.2 	0.7 	12 	0.436 	1.000 	0.864 	1 	0.346 	0.000 	#N/A	0.593 		40.5 	Caleb Williams	46 	QB18	TreVeyon Henderson	17 	RB32	Rashee Rice	25 	WR23	Brenton Strange	13 	TE21					Dallas Cowboys	New York Giants	0 	0.0 	41 	1.0 	5.0 	31 	1.0 	0.0 	0.0 	0.0 	19.2 	RB10		Dallas Cowboys	Washington Commanders	0 	0.0 	30 	0.0 	3.0 	20 	0.0 	0.0 	0.0 	0.0 	5.0 	RB33		Dallas Cowboys	Baltimore Ravens	0 	0.0 	98 	1.0 	2.0 	5 	0.0 	0.0 	0.0 	0.0 	16.3 	RB9		Dallas Cowboys	Houston Texans	0 	0.0 	59 	0.5 	3.3 	20 	0.1 	0.0 	0.2 	0.0 	11.2 	RB17		Dallas Cowboys	Tampa Bay Buccaneers	0 	0.0 	68 	0.6 	3.6 	21 	0.2 	0.0 	0.2 	0.0 	13.2 	RB8		Dallas Cowboys	Green Bay Packers	0 	0.0 	61 	0.5 	3.4 	21 	0.2 	0.0 	0.2 	0.0 	11.7 	RB14		Dallas Cowboys	Philadelphia Eagles	0 	0.0 	59 	0.5 	3.3 	20 	0.1 	0.0 	0.2 	0.0 	11.2 	RB15		Dallas Cowboys	Arizona Cardinals	0 	0.0 	80 	0.7 	3.4 	20 	0.2 	0.0 	0.2 	0.0 	14.9 	RB5		Dallas Cowboys	Indianapolis Colts	0 	0.0 	67 	0.6 	3.5 	21 	0.2 	0.0 	0.2 	0.0 	12.9 	RB11		Dallas Cowboys	San Francisco 49ers	0 	0.0 	67 	0.6 	3.5 	21 	0.2 	0.0 	0.2 	0.0 	12.9 	RB10		Dallas Cowboys	Tennessee Titans	0 	0.0 	75 	0.6 	3.4 	20 	0.2 	0.0 	0.2 	0.0 	14.0 	RB8		Dallas Cowboys	Philadelphia Eagles	0 	0.0 	65 	0.6 	3.4 	20 	0.2 	0.0 	0.2 	0.0 	12.5 	RB16		Dallas Cowboys	Seattle Seahawks	0 	0.0 	55 	0.4 	3.4 	20 	0.1 	0.0 	0.2 	0.0 	10.6 	RB14		Dallas Cowboys	BYE	0 	0.0 	0 	0.0 	0.0 	0 	0.0 	0.0 	0.0 	0.0 	0.0 	-		Dallas Cowboys	Los Angeles Rams	0 	0.0 	53 	0.4 	3.5 	21 	0.2 	0.0 	0.2 	0.0 	10.6 	RB20		Dallas Cowboys	Jacksonville Jaguars	0 	0.0 	67 	0.6 	3.5 	21 	0.2 	0.0 	0.2 	0.0 	13.0 	RB10		Dallas Cowboys	New York Giants	0 	0.0 	70 	0.6 	3.4 	21 	0.2 	0.0 	0.2 	0.0 	13.4 	RB9		Actual	Actual	Actual	Forecast	Forecast	Forecast	Forecast	Forecast	Forecast	Forecast	Forecast	Forecast	Forecast	Forecast	Forecast	Forecast	Forecast		Healthy	Healthy	Healthy	Healthy	Healthy	Healthy	Healthy	Healthy	Healthy	Healthy	Healthy	Healthy	Healthy	Healthy	Healthy	Healthy	Healthy		Week 4 2026	9/29/2026	8:41:33 PM	20		8%	9%	64%	63%	0%	0%		0.1 
	Nico Collins	Houston Texans	WR	WR14	10.4 	146 	0 	0.0 	0.0 	0.0 	7 	0.5 	0.0 	0.0 	67.7 	4.8 	1,028 	73.4 	7.1 	0.5 	0.0 	0.2 	0.0 	0.391 	1.000 	0.840 	1 	0.404 	0.000 	31 	27 	(4)	16 	10 	(6)	0.598 			Cam Ward	0.228 	QB22	Chuba Hubbard	0.525 	RB19	Jaylen Waddle	0.445 	WR28	Hunter Henry	0.161 	TE26		14.2 	0.0 	0.0 	10.3 	10.4 	9.9 	10.4 	0.0 	9.9 	9.7 	10.7 	10.4 	9.9 	10.3 	10.4 	9.2 	9.8 		WR11	-	-	WR8	WR9	WR6	WR8	-	WR12	WR14	WR6	WR8	WR11	WR7	WR8	WR15	WR12		WR8	10.1 	0.0 	0.0 	0.0 	0.0 	4.7 	73.3 	0.5 	8 	0.470 	1.000 	0.920 	1 	0.456 	0.000 	22 	0.667 		131 	Cam Ward	0.283 	QB24	Chuba Hubbard	0.491 	RB22	Jaylen Waddle	0.516 	WR23	Hunter Henry	0.170 	TE25		WR57	14.2 	0.0 	0.0 	0.0 	0.0 	60.7 	952.7 	6.1 	57 	0.153 	1.000 	0.430 	(0)	0.000 	0.000 	#N/A	0.216 		14.2 	Cam Ward	41 	QB20	Chuba Hubbard	44 	RB9	Jaylen Waddle	16 	WR37	Hunter Henry	7 	TE31					Houston Texans	Buffalo Bills	0 	0.0 	7 	0.0 	7.0 	75 	1.0 	0.0 	0.0 	0.0 	14.2 	WR11		Houston Texans	Cincinnati Bengals	0 	0.0 	0 	0.0 	0.0 	0 	0.0 	0.0 	0.0 	0.0 	0.0 	-		Houston Texans	Indianapolis Colts	0 	0.0 	0 	0.0 	0.0 	0 	0.0 	0.0 	0.0 	0.0 	0.0 	-		Houston Texans	Dallas Cowboys	0 	0.0 	0 	0.0 	4.6 	73 	0.5 	0.0 	0.0 	0.0 	10.3 	WR8		Houston Texans	Tennessee Titans	0 	0.0 	0 	0.0 	4.8 	75 	0.5 	0.0 	0.0 	0.0 	10.4 	WR9		Houston Texans	Jacksonville Jaguars	0 	0.0 	0 	0.0 	4.6 	73 	0.4 	0.0 	0.0 	0.0 	9.9 	WR6		Houston Texans	New York Giants	0 	0.0 	0 	0.0 	4.7 	74 	0.5 	0.0 	0.0 	0.0 	10.4 	WR8		Houston Texans	BYE	0 	0.0 	0 	0.0 	0.0 	0 	0.0 	0.0 	0.0 	0.0 	0.0 	-		Houston Texans	Los Angeles Chargers	0 	0.0 	0 	0.0 	4.6 	73 	0.4 	0.0 	0.0 	0.0 	9.9 	WR12		Houston Texans	Cleveland Browns	0 	0.0 	0 	0.0 	4.5 	71 	0.4 	0.0 	0.0 	0.0 	9.7 	WR14		Houston Texans	Indianapolis Colts	0 	0.0 	0 	0.0 	4.8 	76 	0.5 	0.0 	0.0 	0.0 	10.7 	WR6		Houston Texans	Baltimore Ravens	0 	0.0 	0 	0.0 	4.8 	75 	0.5 	0.0 	0.0 	0.0 	10.4 	WR8		Houston Texans	Pittsburgh Steelers	0 	0.0 	0 	0.0 	4.6 	73 	0.5 	0.0 	0.0 	0.0 	9.9 	WR11		Houston Texans	Washington Commanders	0 	0.0 	0 	0.0 	4.7 	74 	0.5 	0.0 	0.0 	0.0 	10.3 	WR7		Houston Texans	Jacksonville Jaguars	0 	0.0 	0 	0.0 	4.8 	75 	0.5 	0.0 	0.0 	0.0 	10.4 	WR8		Houston Texans	Philadelphia Eagles	0 	0.0 	0 	0.0 	4.4 	69 	0.4 	0.0 	0.0 	0.0 	9.2 	WR15		Houston Texans	Green Bay Packers	0 	0.0 	0 	0.0 	4.6 	72 	0.4 	0.0 	0.0 	0.0 	9.8 	WR12		Actual	Actual	Actual	Forecast	Forecast	Forecast	Forecast	Forecast	Forecast	Forecast	Forecast	Forecast	Forecast	Forecast	Forecast	Forecast	Forecast		Healthy	Injured	Injured	Limited / Handicapped	Healthy	Healthy	Healthy	Healthy	Healthy	Healthy	Healthy	Healthy	Healthy	Healthy	Healthy	Healthy	Healthy		Week 4 2026	9/29/2026	8:41:33 PM	20		33%	32%	0%	0%	0%	0%		0.4 
	Drake London	Atlanta Falcons	WR	WR15	9.7 	156 	0 	0.0 	0.0 	0.0 	4 	0.3 	0.0 	0.0 	81.5 	5.1 	1,205 	75.3 	5.9 	0.4 	0.0 	0.2 	0.0 	0.418 	1.000 	0.870 	1 	0.346 	0.000 	33 	21 	(12)	13 	7 	(6)	0.593 			Bryce Young	0.358 	QB11	Josh Jacobs	0.391 	RB27	Emeka Egbuka	0.449 	WR27	Chig Okonkwo	0.129 	TE33		3.5 	4.9 	19.4 	10.0 	10.1 	9.9 	9.9 	9.8 	10.3 	9.7 	0.0 	9.4 	10.2 	9.2 	9.9 	9.8 	9.8 		WR55	WR35	WR2	WR11	WR11	WR7	WR11	WR12	WR9	WR15	-	WR16	WR9	WR16	WR11	WR12	WR13		WR11	9.8 	0.0 	0.0 	0.0 	0.0 	5.1 	71.6 	0.5 	11 	0.457 	1.000 	0.890 	1 	0.428 	0.000 	28 	0.640 		128 	Bryce Young	0.275 	QB25	Josh Jacobs	0.441 	RB26	Emeka Egbuka	0.495 	WR25	Chig Okonkwo	0.159 	TE27		WR19	9.3 	0.0 	0.0 	0.0 	0.0 	22.2 	310.2 	2.0 	19 	0.299 	1.000 	0.810 	1 	0.197 	0.000 	#N/A	0.488 		27.8 	Bryce Young	69 	QB4	Josh Jacobs	0 	RB69	Emeka Egbuka	20 	WR32	Chig Okonkwo	2 	TE39					Atlanta Falcons	Pittsburgh Steelers	0 	0.0 	6 	0.0 	2.0 	29 	0.0 	0.0 	0.0 	0.0 	3.5 	WR55		Atlanta Falcons	Carolina Panthers	0 	0.0 	(2)	0.0 	4.0 	51 	0.0 	0.0 	0.0 	0.0 	4.9 	WR35		Atlanta Falcons	Green Bay Packers	0 	0.0 	0 	0.0 	9.0 	194 	0.0 	0.0 	0.0 	0.0 	19.4 	WR2		Atlanta Falcons	New Orleans Saints	0 	0.0 	0 	0.0 	5.1 	72 	0.5 	0.0 	0.0 	0.0 	10.0 	WR11		Atlanta Falcons	Baltimore Ravens	0 	0.0 	0 	0.0 	5.2 	73 	0.5 	0.0 	0.0 	0.0 	10.1 	WR11		Atlanta Falcons	Chicago Bears	0 	0.0 	0 	0.0 	5.1 	71 	0.5 	0.0 	0.0 	0.0 	9.9 	WR7		Atlanta Falcons	San Francisco 49ers	0 	0.0 	0 	0.0 	5.2 	72 	0.5 	0.0 	0.0 	0.0 	9.9 	WR11		Atlanta Falcons	Tampa Bay Buccaneers	0 	0.0 	0 	0.0 	5.1 	72 	0.4 	0.0 	0.0 	0.0 	9.8 	WR12		Atlanta Falcons	Cincinnati Bengals	0 	0.0 	0 	0.0 	5.3 	75 	0.5 	0.0 	0.0 	0.0 	10.3 	WR9		Atlanta Falcons	Kansas City Chiefs	0 	0.0 	0 	0.0 	5.1 	71 	0.4 	0.0 	0.0 	0.0 	9.7 	WR15		Atlanta Falcons	BYE	0 	0.0 	0 	0.0 	0.0 	0 	0.0 	0.0 	0.0 	0.0 	0.0 	-		Atlanta Falcons	Minnesota Vikings	0 	0.0 	0 	0.0 	5.0 	70 	0.4 	0.0 	0.0 	0.0 	9.4 	WR16		Atlanta Falcons	Detroit Lions	0 	0.0 	0 	0.0 	5.2 	73 	0.5 	0.0 	0.0 	0.0 	10.2 	WR9		Atlanta Falcons	Cleveland Browns	0 	0.0 	0 	0.0 	4.9 	68 	0.4 	0.0 	0.0 	0.0 	9.2 	WR16		Atlanta Falcons	Washington Commanders	0 	0.0 	0 	0.0 	5.2 	72 	0.5 	0.0 	0.0 	0.0 	9.9 	WR11		Atlanta Falcons	Tampa Bay Buccaneers	0 	0.0 	0 	0.0 	5.1 	71 	0.5 	0.0 	0.0 	0.0 	9.8 	WR12		Atlanta Falcons	New Orleans Saints	0 	0.0 	0 	0.0 	5.0 	70 	0.5 	0.0 	0.0 	0.0 	9.8 	WR13		Actual	Actual	Actual	Forecast	Forecast	Forecast	Forecast	Forecast	Forecast	Forecast	Forecast	Forecast	Forecast	Forecast	Forecast	Forecast	Forecast		Healthy	Healthy	Healthy	Healthy	Healthy	Healthy	Healthy	Healthy	Healthy	Healthy	Healthy	Healthy	Healthy	Healthy	Healthy	Healthy	Healthy		Week 4 2026	9/29/2026	8:41:33 PM	20		35%	35%	0%	0%	0%	0%		0.1 
	George Pickens	Dallas Cowboys	WR	WR18	8.9 	142 	0 	0.0 	0.0 	0.0 	0 	0.0 	0.0 	0.0 	79.1 	4.9 	1,053 	65.8 	6.2 	0.4 	0.0 	0.2 	0.0 	0.381 	1.000 	0.820 	1 	0.273 	0.000 	40 	28 	(12)	18 	11 	(7)	0.535 			Daniel Jones	0.125 	QB30	Rhamondre Stevenson	0.378 	RB29	Mike Evans	0.486 	WR22	Oronde Gadsden II	0.165 	TE25		2.8 	4.0 	8.2 	9.3 	10.3 	9.6 	9.3 	9.8 	10.1 	10.1 	9.7 	9.7 	9.3 	0.0 	9.8 	10.1 	9.8 		WR62	WR41	WR29	WR15	WR10	WR9	WR15	WR11	WR11	WR10	WR8	WR14	WR14	-	WR12	WR9	WR11		WR12	9.8 	0.0 	0.0 	0.0 	0.0 	4.9 	69.4 	0.5 	12 	0.454 	1.000 	0.880 	1 	0.421 	0.000 	30 	0.632 		127 	Daniel Jones	0.248 	QB26	Rhamondre Stevenson	0.424 	RB27	Mike Evans	0.489 	WR26	Oronde Gadsden II	0.164 	TE26		WR53	5.0 	0.0 	0.0 	0.0 	0.0 	21.0 	300.9 	2.1 	53 	0.161 	1.000 	0.470 	(0)	0.000 	0.000 	#N/A	0.236 		15.0 	Daniel Jones	28 	QB29	Rhamondre Stevenson	16 	RB35	Mike Evans	26 	WR21	Oronde Gadsden II	11 	TE26					Dallas Cowboys	New York Giants	0 	0.0 	0 	0.0 	3.0 	28 	0.0 	0.0 	0.0 	0.0 	2.8 	WR62		Dallas Cowboys	Washington Commanders	0 	0.0 	0 	0.0 	6.0 	40 	0.0 	0.0 	0.0 	0.0 	4.0 	WR41		Dallas Cowboys	Baltimore Ravens	0 	0.0 	0 	0.0 	7.0 	82 	0.0 	0.0 	0.0 	0.0 	8.2 	WR29		Dallas Cowboys	Houston Texans	0 	0.0 	0 	0.0 	4.7 	67 	0.4 	0.0 	0.0 	0.0 	9.3 	WR15		Dallas Cowboys	Tampa Bay Buccaneers	0 	0.0 	0 	0.0 	5.0 	72 	0.5 	0.0 	0.0 	0.0 	10.3 	WR10		Dallas Cowboys	Green Bay Packers	0 	0.0 	0 	0.0 	4.8 	69 	0.5 	0.0 	0.0 	0.0 	9.6 	WR9		Dallas Cowboys	Philadelphia Eagles	0 	0.0 	0 	0.0 	4.7 	68 	0.4 	0.0 	0.0 	0.0 	9.3 	WR15		Dallas Cowboys	Arizona Cardinals	0 	0.0 	0 	0.0 	4.8 	68 	0.5 	0.0 	0.0 	0.0 	9.8 	WR11		Dallas Cowboys	Indianapolis Colts	0 	0.0 	0 	0.0 	5.0 	71 	0.5 	0.0 	0.0 	0.0 	10.1 	WR11		Dallas Cowboys	San Francisco 49ers	0 	0.0 	0 	0.0 	5.0 	71 	0.5 	0.0 	0.0 	0.0 	10.1 	WR10		Dallas Cowboys	Tennessee Titans	0 	0.0 	0 	0.0 	4.8 	68 	0.5 	0.0 	0.0 	0.0 	9.7 	WR8		Dallas Cowboys	Philadelphia Eagles	0 	0.0 	0 	0.0 	4.8 	69 	0.5 	0.0 	0.0 	0.0 	9.7 	WR14		Dallas Cowboys	Seattle Seahawks	0 	0.0 	0 	0.0 	4.8 	68 	0.4 	0.0 	0.0 	0.0 	9.3 	WR14		Dallas Cowboys	BYE	0 	0.0 	0 	0.0 	0.0 	0 	0.0 	0.0 	0.0 	0.0 	0.0 	-		Dallas Cowboys	Los Angeles Rams	0 	0.0 	0 	0.0 	5.0 	71 	0.5 	0.0 	0.0 	0.0 	9.8 	WR12		Dallas Cowboys	Jacksonville Jaguars	0 	0.0 	0 	0.0 	5.0 	71 	0.5 	0.0 	0.0 	0.0 	10.1 	WR9		Dallas Cowboys	New York Giants	0 	0.0 	0 	0.0 	4.8 	69 	0.5 	0.0 	0.0 	0.0 	9.8 	WR11		Actual	Actual	Actual	Forecast	Forecast	Forecast	Forecast	Forecast	Forecast	Forecast	Forecast	Forecast	Forecast	Forecast	Forecast	Forecast	Forecast		Healthy	Healthy	Healthy	Healthy	Healthy	Healthy	Healthy	Healthy	Healthy	Healthy	Healthy	Healthy	Healthy	Healthy	Healthy	Healthy	Healthy		Week 4 2026	9/29/2026	8:41:33 PM	20		27%	26%	0%	0%	0%	0%		0.3 
	Bucky Irving	Tampa Bay Buccaneers	RB	RB16	11.6 	186 	0 	0.0 	0.0 	0.0 	1,106 	69.2 	6.7 	0.4 	52.5 	3.3 	326 	20.4 	1.7 	0.1 	0.0 	3.6 	0.0 	0.499 	1.000 	0.816 	1 	0.344 	0.000 	34 	34 	0 	16 	18 	2 	0.580 			Aaron Rodgers	0.154 	QB28	Tony Pollard	0.414 	RB25	Michael Wilson	0.434 	WR29	Gunnar Helm	0.133 	TE32		13.3 	9.0 	5.8 	10.3 	12.2 	12.6 	12.7 	13.7 	11.7 	0.0 	11.7 	12.9 	11.9 	11.0 	13.0 	12.7 	11.5 		RB15	RB19	RB30	RB20	RB15	RB11	RB11	RB10	RB15	-	RB14	RB11	RB12	RB15	RB12	RB11	RB17		RB16	12.1 	0.0 	0.0 	71.3 	0.4 	3.0 	20.4 	0.1 	16 	0.564 	1.000 	0.816 	1 	0.437 	0.000 	31 	0.627 		158 	Aaron Rodgers	0.217 	QB27	Tony Pollard	0.444 	RB25	Michael Wilson	0.463 	WR28	Gunnar Helm	0.153 	TE28		RB22	9.4 	0.0 	0.0 	308.8 	1.9 	13.2 	88.3 	0.6 	22 	0.302 	1.000 	0.743 	0 	0.142 	0.000 	#N/A	0.437 		28.1 	Aaron Rodgers	39 	QB22	Tony Pollard	20 	RB27	Michael Wilson	22 	WR29	Gunnar Helm	6 	TE34					Tampa Bay Buccaneers	Cincinnati Bengals	0 	0.0 	45 	1.0 	7.0 	48 	0.0 	0.0 	1.0 	0.0 	13.3 	RB15		Tampa Bay Buccaneers	Cleveland Browns	0 	0.0 	89 	0.0 	4.0 	1 	0.0 	0.0 	0.0 	0.0 	9.0 	RB19		Tampa Bay Buccaneers	Minnesota Vikings	0 	0.0 	46 	0.0 	2.0 	12 	0.0 	0.0 	0.0 	0.0 	5.8 	RB30		Tampa Bay Buccaneers	Green Bay Packers	0 	0.0 	63 	0.3 	2.9 	19 	0.1 	0.0 	0.2 	0.0 	10.3 	RB20		Tampa Bay Buccaneers	Dallas Cowboys	0 	0.0 	70 	0.4 	3.2 	21 	0.1 	0.0 	0.2 	0.0 	12.2 	RB15		Tampa Bay Buccaneers	Pittsburgh Steelers	0 	0.0 	75 	0.5 	3.0 	20 	0.1 	0.0 	0.2 	0.0 	12.6 	RB11		Tampa Bay Buccaneers	Carolina Panthers	0 	0.0 	75 	0.5 	3.0 	20 	0.1 	0.0 	0.2 	0.0 	12.7 	RB11		Tampa Bay Buccaneers	Atlanta Falcons	0 	0.0 	81 	0.5 	3.0 	20 	0.1 	0.0 	0.2 	0.0 	13.7 	RB10		Tampa Bay Buccaneers	Chicago Bears	0 	0.0 	68 	0.4 	3.1 	21 	0.1 	0.0 	0.2 	0.0 	11.7 	RB15		Tampa Bay Buccaneers	BYE	0 	0.0 	0 	0.0 	0.0 	0 	0.0 	0.0 	0.0 	0.0 	0.0 	-		Tampa Bay Buccaneers	Detroit Lions	0 	0.0 	68 	0.4 	3.1 	21 	0.1 	0.0 	0.2 	0.0 	11.7 	RB14		Tampa Bay Buccaneers	Carolina Panthers	0 	0.0 	76 	0.5 	3.0 	20 	0.1 	0.0 	0.2 	0.0 	12.9 	RB11		Tampa Bay Buccaneers	Los Angeles Chargers	0 	0.0 	70 	0.4 	3.0 	20 	0.1 	0.0 	0.2 	0.0 	11.9 	RB12		Tampa Bay Buccaneers	Baltimore Ravens	0 	0.0 	63 	0.4 	3.1 	21 	0.1 	0.0 	0.2 	0.0 	11.0 	RB15		Tampa Bay Buccaneers	New Orleans Saints	0 	0.0 	76 	0.5 	3.1 	20 	0.1 	0.0 	0.2 	0.0 	13.0 	RB12		Tampa Bay Buccaneers	Atlanta Falcons	0 	0.0 	75 	0.5 	3.0 	20 	0.1 	0.0 	0.2 	0.0 	12.7 	RB11		Tampa Bay Buccaneers	Los Angeles Rams	0 	0.0 	67 	0.4 	3.1 	21 	0.1 	0.0 	0.2 	0.0 	11.5 	RB17		Actual	Actual	Actual	Forecast	Forecast	Forecast	Forecast	Forecast	Forecast	Forecast	Forecast	Forecast	Forecast	Forecast	Forecast	Forecast	Forecast		Healthy	Healthy	Healthy	Healthy	Healthy	Healthy	Healthy	Healthy	Healthy	Healthy	Healthy	Healthy	Healthy	Healthy	Healthy	Healthy	Healthy		Week 4 2026	9/29/2026	8:41:33 PM	20		9%	8%	61%	53%	0%	0%		0.1 
	Parker Washington	Jacksonville Jaguars	WR	WR11	10.0 	161 	0 	0.0 	0.0 	0.0 	0 	0.0 	0.0 	0.0 	78.4 	4.9 	1,147 	71.7 	7.7 	0.5 	0.0 	0.2 	0.0 	0.431 	1.000 	0.890 	1 	0.372 	0.000 	26 	70 	44 	11 	30 	19 	0.614 			Jacoby Brissett	0.192 	QB26	Jacory Croskey-Merritt	0.400 	RB26	Josh Downs	0.405 	WR34	Pat Freiermuth	0.249 	TE19		14.3 	9.8 	10.0 	10.1 	9.5 	9.3 	0.0 	10.2 	9.8 	9.7 	9.7 	9.8 	9.5 	9.7 	9.1 	10.0 	10.2 		WR9	WR16	WR23	WR10	WR15	WR11	-	WR8	WR14	WR13	WR9	WR12	WR12	WR12	WR19	WR10	WR8		WR13	9.7 	0.0 	0.0 	0.0 	0.0 	4.9 	71.2 	0.4 	13 	0.452 	1.000 	0.870 	1 	0.417 	0.000 	32 	0.626 		126 	Jacoby Brissett	0.206 	QB28	Jacory Croskey-Merritt	0.418 	RB28	Josh Downs	0.456 	WR29	Pat Freiermuth	0.255 	TE19		WR10	11.4 	0.0 	0.0 	0.0 	0.0 	21.1 	308.7 	1.9 	10 	0.367 	1.000 	0.900 	1 	0.299 	0.000 	#N/A	0.580 		34.1 	Jacoby Brissett	49 	QB17	Jacory Croskey-Merritt	21 	RB26	Josh Downs	19 	WR33	Pat Freiermuth	17 	TE17					Jacksonville Jaguars	Cleveland Browns	0 	0.0 	0 	0.0 	5.0 	83 	1.0 	0.0 	0.0 	0.0 	14.3 	WR9		Jacksonville Jaguars	Denver Broncos	0 	0.0 	0 	0.0 	7.0 	98 	0.0 	0.0 	0.0 	0.0 	9.8 	WR16		Jacksonville Jaguars	New England Patriots	0 	0.0 	0 	0.0 	3.0 	40 	1.0 	0.0 	0.0 	0.0 	10.0 	WR23		Jacksonville Jaguars	Cincinnati Bengals	0 	0.0 	0 	0.0 	5.0 	73 	0.5 	0.0 	0.0 	0.0 	10.1 	WR10		Jacksonville Jaguars	Philadelphia Eagles	0 	0.0 	0 	0.0 	4.8 	70 	0.4 	0.0 	0.0 	0.0 	9.5 	WR15		Jacksonville Jaguars	Houston Texans	0 	0.0 	0 	0.0 	4.7 	69 	0.4 	0.0 	0.0 	0.0 	9.3 	WR11		Jacksonville Jaguars	BYE	0 	0.0 	0 	0.0 	0.0 	0 	0.0 	0.0 	0.0 	0.0 	0.0 	-		Jacksonville Jaguars	Indianapolis Colts	0 	0.0 	0 	0.0 	5.0 	73 	0.5 	0.0 	0.0 	0.0 	10.2 	WR8		Jacksonville Jaguars	Baltimore Ravens	0 	0.0 	0 	0.0 	5.0 	72 	0.4 	0.0 	0.0 	0.0 	9.8 	WR14		Jacksonville Jaguars	Tennessee Titans	0 	0.0 	0 	0.0 	4.9 	71 	0.4 	0.0 	0.0 	0.0 	9.7 	WR13		Jacksonville Jaguars	New York Giants	0 	0.0 	0 	0.0 	4.9 	71 	0.4 	0.0 	0.0 	0.0 	9.7 	WR9		Jacksonville Jaguars	Tennessee Titans	0 	0.0 	0 	0.0 	4.9 	71 	0.5 	0.0 	0.0 	0.0 	9.8 	WR12		Jacksonville Jaguars	Chicago Bears	0 	0.0 	0 	0.0 	4.8 	71 	0.4 	0.0 	0.0 	0.0 	9.5 	WR12		Jacksonville Jaguars	Pittsburgh Steelers	0 	0.0 	0 	0.0 	4.8 	71 	0.4 	0.0 	0.0 	0.0 	9.7 	WR12		Jacksonville Jaguars	Houston Texans	0 	0.0 	0 	0.0 	4.7 	68 	0.4 	0.0 	0.0 	0.0 	9.1 	WR19		Jacksonville Jaguars	Dallas Cowboys	0 	0.0 	0 	0.0 	5.0 	73 	0.5 	0.0 	0.0 	0.0 	10.0 	WR10		Jacksonville Jaguars	Washington Commanders	0 	0.0 	0 	0.0 	5.0 	73 	0.5 	0.0 	0.0 	0.0 	10.2 	WR8		Actual	Actual	Actual	Forecast	Forecast	Forecast	Forecast	Forecast	Forecast	Forecast	Forecast	Forecast	Forecast	Forecast	Forecast	Forecast	Forecast		Healthy	Healthy	Healthy	Healthy	Healthy	Healthy	Healthy	Healthy	Healthy	Healthy	Healthy	Healthy	Healthy	Healthy	Healthy	Healthy	Healthy		Week 4 2026	9/29/2026	8:41:33 PM	20		31%	27%	0%	0%	0%	0%		0.0 
	Tee Higgins	Cincinnati Bengals	WR	WR12	10.0 	160 	0 	0.0 	0.0 	0.0 	0 	0.0 	0.0 	0.0 	72.0 	4.5 	1,138 	71.1 	7.7 	0.5 	0.0 	0.2 	0.0 	0.428 	1.000 	0.880 	1 	0.367 	0.000 	28 	44 	16 	12 	19 	7 	0.607 			Geno Smith	0.143 	QB29	J.K. Dobbins	0.356 	RB30	Jalen Coker	0.502 	WR20	Evan Engram	0.156 	TE27		5.9 	9.5 	15.0 	10.2 	9.9 	0.0 	9.9 	10.0 	10.1 	9.8 	10.2 	9.9 	9.5 	9.7 	9.7 	10.2 	10.2 		WR35	WR18	WR8	WR9	WR13	-	WR14	WR10	WR10	WR12	WR7	WR11	WR13	WR10	WR14	WR8	WR9		WR10	9.9 	0.0 	0.0 	0.0 	0.0 	4.5 	68.8 	0.5 	10 	0.462 	1.000 	0.900 	1 	0.438 	0.000 	26 	0.649 		129 	Geno Smith	0.154 	QB29	J.K. Dobbins	0.402 	RB29	Jalen Coker	0.442 	WR32	Evan Engram	0.149 	TE29		WR16	10.1 	0.0 	0.0 	0.0 	0.0 	19.3 	298.0 	2.2 	16 	0.327 	1.000 	0.840 	1 	0.239 	0.000 	#N/A	0.523 		30.4 	Geno Smith	49 	QB16	J.K. Dobbins	13 	RB40	Jalen Coker	34 	WR9	Evan Engram	12 	TE24					Cincinnati Bengals	Tampa Bay Buccaneers	0 	0.0 	0 	0.0 	3.0 	59 	0.0 	0.0 	0.0 	0.0 	5.9 	WR35		Cincinnati Bengals	Houston Texans	0 	0.0 	0 	0.0 	5.0 	95 	0.0 	0.0 	0.0 	0.0 	9.5 	WR18		Cincinnati Bengals	Pittsburgh Steelers	0 	0.0 	0 	0.0 	6.0 	90 	1.0 	0.0 	0.0 	0.0 	15.0 	WR8		Cincinnati Bengals	Jacksonville Jaguars	0 	0.0 	0 	0.0 	4.6 	70 	0.5 	0.0 	0.0 	0.0 	10.2 	WR9		Cincinnati Bengals	Miami Dolphins	0 	0.0 	0 	0.0 	4.4 	68 	0.5 	0.0 	0.0 	0.0 	9.9 	WR13		Cincinnati Bengals	BYE	0 	0.0 	0 	0.0 	0.0 	0 	0.0 	0.0 	0.0 	0.0 	0.0 	-		Cincinnati Bengals	Baltimore Ravens	0 	0.0 	0 	0.0 	4.5 	70 	0.5 	0.0 	0.0 	0.0 	9.9 	WR14		Cincinnati Bengals	Tennessee Titans	0 	0.0 	0 	0.0 	4.4 	68 	0.5 	0.0 	0.0 	0.0 	10.0 	WR10		Cincinnati Bengals	Atlanta Falcons	0 	0.0 	0 	0.0 	4.5 	69 	0.5 	0.0 	0.0 	0.0 	10.1 	WR10		Cincinnati Bengals	Pittsburgh Steelers	0 	0.0 	0 	0.0 	4.4 	68 	0.5 	0.0 	0.0 	0.0 	9.8 	WR12		Cincinnati Bengals	Washington Commanders	0 	0.0 	0 	0.0 	4.6 	70 	0.5 	0.0 	0.0 	0.0 	10.2 	WR7		Cincinnati Bengals	New Orleans Saints	0 	0.0 	0 	0.0 	4.4 	68 	0.5 	0.0 	0.0 	0.0 	9.9 	WR11		Cincinnati Bengals	Cleveland Browns	0 	0.0 	0 	0.0 	4.3 	67 	0.5 	0.0 	0.0 	0.0 	9.5 	WR13		Cincinnati Bengals	Kansas City Chiefs	0 	0.0 	0 	0.0 	4.4 	68 	0.5 	0.0 	0.0 	0.0 	9.7 	WR10		Cincinnati Bengals	Carolina Panthers	0 	0.0 	0 	0.0 	4.4 	68 	0.5 	0.0 	0.0 	0.0 	9.7 	WR14		Cincinnati Bengals	Indianapolis Colts	0 	0.0 	0 	0.0 	4.6 	70 	0.5 	0.0 	0.0 	0.0 	10.2 	WR8		Cincinnati Bengals	Baltimore Ravens	0 	0.0 	0 	0.0 	4.6 	70 	0.5 	0.0 	0.0 	0.0 	10.2 	WR9		Actual	Actual	Actual	Forecast	Forecast	Forecast	Forecast	Forecast	Forecast	Forecast	Forecast	Forecast	Forecast	Forecast	Forecast	Forecast	Forecast		Healthy	Healthy	Healthy	Healthy	Healthy	Healthy	Healthy	Healthy	Healthy	Healthy	Healthy	Healthy	Healthy	Healthy	Healthy	Healthy	Healthy		Week 4 2026	9/29/2026	8:41:33 PM	20		26%	24%	0%	0%	0%	0%		0.1 
	Christian Watson	Green Bay Packers	WR	WR7	11.4 	183 	0 	0.0 	0.0 	0.0 	0 	0.0 	0.0 	0.0 	71.6 	4.5 	1,218 	76.1 	10.3 	0.6 	0.0 	0.2 	0.0 	0.491 	1.000 	0.940 	2 	0.492 	0.000 	18 	68 	50 	6 	29 	23 	0.693 			Kirk Cousins	0.117 	QB31	Rico Dowdle	0.321 	RB35	Stefon Diggs	0.467 	WR25	Michael Mayer	0.152 	TE28		26.7 	10.1 	15.6 	9.4 	10.5 	10.7 	10.2 	10.0 	9.8 	10.0 	0.0 	9.9 	10.0 	10.3 	10.2 	9.9 	9.6 		WR1	WR14	WR6	WR13	WR8	WR5	WR9	WR9	WR13	WR11	-	WR10	WR10	WR8	WR9	WR11	WR14		WR9	10.0 	0.0 	0.0 	0.0 	0.0 	4.2 	71.8 	0.5 	9 	0.467 	1.000 	0.910 	1 	0.449 	0.000 	24 	0.659 		131 	Kirk Cousins	0.088 	QB30	Rico Dowdle	0.379 	RB30	Stefon Diggs	0.428 	WR33	Michael Mayer	0.140 	TE31		WR3	17.5 	0.0 	0.0 	0.0 	0.0 	18.2 	311.2 	2.1 	3 	0.564 	1.000 	0.970 	3 	0.598 	0.000 	#N/A	0.760 		52.4 	Kirk Cousins	56 	QB9	Rico Dowdle	7 	RB60	Stefon Diggs	32 	WR11	Michael Mayer	15 	TE19					Green Bay Packers	Minnesota Vikings	0 	0.0 	0 	0.0 	6.0 	147 	2.0 	0.0 	0.0 	0.0 	26.7 	WR1		Green Bay Packers	New York Jets	0 	0.0 	0 	0.0 	4.0 	41 	1.0 	0.0 	0.0 	0.0 	10.1 	WR14		Green Bay Packers	Atlanta Falcons	0 	0.0 	0 	0.0 	7.0 	96 	1.0 	0.0 	0.0 	0.0 	15.6 	WR6		Green Bay Packers	Tampa Bay Buccaneers	0 	0.0 	0 	0.0 	4.0 	69 	0.4 	0.0 	0.0 	0.0 	9.4 	WR13		Green Bay Packers	Chicago Bears	0 	0.0 	0 	0.0 	4.3 	74 	0.5 	0.0 	0.0 	0.0 	10.5 	WR8		Green Bay Packers	Dallas Cowboys	0 	0.0 	0 	0.0 	4.4 	75 	0.5 	0.0 	0.0 	0.0 	10.7 	WR5		Green Bay Packers	Detroit Lions	0 	0.0 	0 	0.0 	4.3 	73 	0.5 	0.0 	0.0 	0.0 	10.2 	WR9		Green Bay Packers	Carolina Panthers	0 	0.0 	0 	0.0 	4.1 	71 	0.5 	0.0 	0.0 	0.0 	10.0 	WR9		Green Bay Packers	New England Patriots	0 	0.0 	0 	0.0 	4.2 	71 	0.5 	0.0 	0.0 	0.0 	9.8 	WR13		Green Bay Packers	Minnesota Vikings	0 	0.0 	0 	0.0 	4.2 	71 	0.5 	0.0 	0.0 	0.0 	10.0 	WR11		Green Bay Packers	BYE	0 	0.0 	0 	0.0 	0.0 	0 	0.0 	0.0 	0.0 	0.0 	0.0 	-		Green Bay Packers	Los Angeles Rams	0 	0.0 	0 	0.0 	4.2 	72 	0.5 	0.0 	0.0 	0.0 	9.9 	WR10		Green Bay Packers	New Orleans Saints	0 	0.0 	0 	0.0 	4.2 	71 	0.5 	0.0 	0.0 	0.0 	10.0 	WR10		Green Bay Packers	Buffalo Bills	0 	0.0 	0 	0.0 	4.3 	73 	0.5 	0.0 	0.0 	0.0 	10.3 	WR8		Green Bay Packers	Miami Dolphins	0 	0.0 	0 	0.0 	4.2 	71 	0.5 	0.0 	0.0 	0.0 	10.2 	WR9		Green Bay Packers	Chicago Bears	0 	0.0 	0 	0.0 	4.2 	72 	0.5 	0.0 	0.0 	0.0 	9.9 	WR11		Green Bay Packers	Houston Texans	0 	0.0 	0 	0.0 	4.1 	70 	0.4 	0.0 	0.0 	0.0 	9.6 	WR14		Actual	Actual	Actual	Forecast	Forecast	Forecast	Forecast	Forecast	Forecast	Forecast	Forecast	Forecast	Forecast	Forecast	Forecast	Forecast	Forecast		Healthy	Healthy	Healthy	Healthy	Healthy	Healthy	Healthy	Healthy	Healthy	Healthy	Healthy	Healthy	Healthy	Healthy	Healthy	Healthy	Healthy		Week 4 2026	9/29/2026	8:41:33 PM	20		29%	29%	0%	0%	0%	0%		(0.1)
	D'Andre Swift	Chicago Bears	RB	RB10	13.1 	209 	0 	0.0 	0.0 	0.0 	1,106 	69.1 	10.5 	0.7 	35.2 	2.2 	307 	19.2 	1.8 	0.1 	0.0 	2.9 	0.0 	0.562 	1.000 	0.888 	1 	0.455 	0.000 	21 	42 	21 	10 	21 	11 	0.666 			Michael Penix Jr.	0.053 	QB32	Aaron Jones Sr.	0.389 	RB28	Terry McLaurin	0.422 	WR31	Greg Dulcich	0.142 	TE30		31.4 	7.9 	8.8 	12.0 	11.7 	12.6 	12.4 	11.0 	12.9 	0.0 	13.7 	12.3 	12.7 	13.2 	11.7 	12.4 	12.7 		RB2	RB23	RB23	RB12	RB16	RB12	RB12	RB18	RB12	-	RB9	RB17	RB8	RB9	RB17	RB13	RB11		RB14	12.4 	0.0 	0.0 	65.6 	0.6 	2.1 	18.4 	0.1 	14 	0.577 	1.000 	0.840 	1 	0.459 	0.000 	27 	0.648 		161 	Michael Penix Jr.	0.076 	QB31	Aaron Jones Sr.	0.366 	RB31	Terry McLaurin	0.471 	WR27	Greg Dulcich	0.144 	TE30		RB6	16.0 	0.0 	0.0 	284.2 	2.5 	9.1 	79.7 	0.6 	6 	0.518 	1.000 	0.934 	2 	0.471 	0.000 	#N/A	0.687 		48.1 	Michael Penix Jr.	12 	QB35	Aaron Jones Sr.	30 	RB18	Terry McLaurin	20 	WR31	Greg Dulcich	9 	TE29					Chicago Bears	Carolina Panthers	0 	0.0 	124 	3.0 	1.0 	10 	0.0 	0.0 	0.0 	0.0 	31.4 	RB2		Chicago Bears	Minnesota Vikings	0 	0.0 	45 	0.0 	5.0 	54 	0.0 	0.0 	1.0 	0.0 	7.9 	RB23		Chicago Bears	Philadelphia Eagles	0 	0.0 	84 	0.0 	2.0 	4 	0.0 	0.0 	0.0 	0.0 	8.8 	RB23		Chicago Bears	New York Jets	0 	0.0 	65 	0.6 	2.0 	18 	0.1 	0.0 	0.2 	0.0 	12.0 	RB12		Chicago Bears	Green Bay Packers	0 	0.0 	62 	0.5 	2.1 	18 	0.1 	0.0 	0.2 	0.0 	11.7 	RB16		Chicago Bears	Atlanta Falcons	0 	0.0 	67 	0.6 	2.1 	18 	0.1 	0.0 	0.2 	0.0 	12.6 	RB12		Chicago Bears	New England Patriots	0 	0.0 	66 	0.6 	2.1 	18 	0.1 	0.0 	0.1 	0.0 	12.4 	RB12		Chicago Bears	Seattle Seahawks	0 	0.0 	58 	0.5 	2.1 	18 	0.1 	0.0 	0.1 	0.0 	11.0 	RB18		Chicago Bears	Tampa Bay Buccaneers	0 	0.0 	68 	0.6 	2.1 	19 	0.1 	0.0 	0.1 	0.0 	12.9 	RB12		Chicago Bears	BYE	0 	0.0 	0 	0.0 	0.0 	0 	0.0 	0.0 	0.0 	0.0 	0.0 	-		Chicago Bears	New Orleans Saints	0 	0.0 	73 	0.7 	2.0 	18 	0.1 	0.0 	0.1 	0.0 	13.7 	RB9		Chicago Bears	Detroit Lions	0 	0.0 	64 	0.6 	2.1 	19 	0.1 	0.0 	0.1 	0.0 	12.3 	RB17		Chicago Bears	Jacksonville Jaguars	0 	0.0 	67 	0.6 	2.1 	18 	0.1 	0.0 	0.1 	0.0 	12.7 	RB8		Chicago Bears	Miami Dolphins	0 	0.0 	70 	0.6 	2.1 	18 	0.1 	0.0 	0.1 	0.0 	13.2 	RB9		Chicago Bears	Buffalo Bills	0 	0.0 	61 	0.5 	2.2 	19 	0.1 	0.0 	0.1 	0.0 	11.7 	RB17		Chicago Bears	Green Bay Packers	0 	0.0 	66 	0.6 	2.1 	18 	0.1 	0.0 	0.1 	0.0 	12.4 	RB13		Chicago Bears	Detroit Lions	0 	0.0 	67 	0.6 	2.1 	19 	0.1 	0.0 	0.1 	0.0 	12.7 	RB11		Actual	Actual	Actual	Forecast	Forecast	Forecast	Forecast	Forecast	Forecast	Forecast	Forecast	Forecast	Forecast	Forecast	Forecast	Forecast	Forecast		Healthy	Healthy	Healthy	Healthy	Healthy	Healthy	Healthy	Healthy	Healthy	Healthy	Healthy	Healthy	Healthy	Healthy	Healthy	Healthy	Healthy		Week 4 2026	9/29/2026	8:41:33 PM	20		9%	9%	44%	54%	0%	0%		(0.0)
	Omarion Hampton	Los Angeles Chargers	RB	RB12	12.1 	193 	0 	0.0 	0.0 	0.0 	1,210 	75.6 	9.6 	0.6 	21.0 	1.3 	160 	10.0 	1.2 	0.1 	0.0 	4.4 	0.0 	0.518 	1.000 	0.864 	1 	0.378 	0.000 	25 	10 	(15)	12 	7 	(5)	0.618 			Jameis Winston	0.045 	QB33	Travis Etienne Jr.	0.328 	RB33	Deebo Samuel	0.481 	WR23	AJ Barner	0.147 	TE29		8.3 	15.5 	5.6 	9.8 	12.7 	11.8 	0.0 	11.5 	12.5 	11.4 	14.6 	12.7 	13.0 	13.4 	13.2 	14.4 	12.7 		RB26	RB6	RB32	RB22	RB13	RB13	-	RB15	RB14	RB14	RB7	RB14	RB6	RB8	RB11	RB7	RB12		RB11	12.6 	0.0 	0.0 	78.3 	0.6 	1.5 	10.7 	0.1 	11 	0.585 	1.000 	0.876 	1 	0.474 	0.000 	21 	0.672 		164 	Jameis Winston	0.045 	QB32	Travis Etienne Jr.	0.352 	RB32	Deebo Samuel	0.451 	WR30	AJ Barner	0.134 	TE32		RB20	9.8 	0.0 	0.0 	339.1 	2.5 	6.3 	46.2 	0.4 	20 	0.316 	1.000 	0.768 	1 	0.164 	0.000 	#N/A	0.458 		29.4 	Jameis Winston	9 	QB37	Travis Etienne Jr.	18 	RB29	Deebo Samuel	31 	WR15	AJ Barner	15 	TE18					Los Angeles Chargers	Arizona Cardinals	0 	0.0 	43 	1.0 	0.0 	0 	0.0 	0.0 	1.0 	0.0 	8.3 	RB26		Los Angeles Chargers	Las Vegas Raiders	0 	0.0 	94 	1.0 	2.0 	21 	0.0 	0.0 	1.0 	0.0 	15.5 	RB6		Los Angeles Chargers	Buffalo Bills	0 	0.0 	56 	0.0 	0.0 	0 	0.0 	0.0 	0.0 	0.0 	5.6 	RB32		Los Angeles Chargers	Seattle Seahawks	0 	0.0 	63 	0.4 	1.4 	10 	0.1 	0.0 	0.2 	0.0 	9.8 	RB22		Los Angeles Chargers	Denver Broncos	0 	0.0 	79 	0.6 	1.5 	11 	0.1 	0.0 	0.2 	0.0 	12.7 	RB13		Los Angeles Chargers	Kansas City Chiefs	0 	0.0 	74 	0.5 	1.5 	11 	0.1 	0.0 	0.2 	0.0 	11.8 	RB13		Los Angeles Chargers	BYE	0 	0.0 	0 	0.0 	0.0 	0 	0.0 	0.0 	0.0 	0.0 	0.0 	-		Los Angeles Chargers	Los Angeles Rams	0 	0.0 	71 	0.5 	1.5 	11 	0.1 	0.0 	0.2 	0.0 	11.5 	RB15		Los Angeles Chargers	Houston Texans	0 	0.0 	78 	0.6 	1.4 	11 	0.1 	0.0 	0.2 	0.0 	12.5 	RB14		Los Angeles Chargers	Baltimore Ravens	0 	0.0 	71 	0.5 	1.5 	11 	0.1 	0.0 	0.2 	0.0 	11.4 	RB14		Los Angeles Chargers	New York Jets	0 	0.0 	91 	0.7 	1.4 	10 	0.1 	0.0 	0.2 	0.0 	14.6 	RB7		Los Angeles Chargers	New England Patriots	0 	0.0 	79 	0.6 	1.5 	11 	0.1 	0.0 	0.2 	0.0 	12.7 	RB14		Los Angeles Chargers	Tampa Bay Buccaneers	0 	0.0 	80 	0.6 	1.5 	11 	0.1 	0.0 	0.2 	0.0 	13.0 	RB6		Los Angeles Chargers	Las Vegas Raiders	0 	0.0 	83 	0.6 	1.4 	11 	0.1 	0.0 	0.2 	0.0 	13.4 	RB8		Los Angeles Chargers	San Francisco 49ers	0 	0.0 	81 	0.6 	1.5 	11 	0.1 	0.0 	0.2 	0.0 	13.2 	RB11		Los Angeles Chargers	Miami Dolphins	0 	0.0 	89 	0.7 	1.5 	11 	0.1 	0.0 	0.2 	0.0 	14.4 	RB7		Los Angeles Chargers	Kansas City Chiefs	0 	0.0 	79 	0.6 	1.5 	11 	0.1 	0.0 	0.2 	0.0 	12.7 	RB12		Actual	Actual	Actual	Forecast	Forecast	Forecast	Forecast	Forecast	Forecast	Forecast	Forecast	Forecast	Forecast	Forecast	Forecast	Forecast	Forecast		Healthy	Healthy	Healthy	Healthy	Healthy	Healthy	Healthy	Healthy	Healthy	Healthy	Healthy	Healthy	Healthy	Healthy	Healthy	Healthy	Healthy		Week 4 2026	9/29/2026	8:41:33 PM	20		5%	6%	59%	65%	0%	0%		0.2 
	Cam Skattebo	New York Giants	RB	RB15	11.8 	190 	0 	0.0 	0.0 	0.0 	1,130 	70.6 	7.7 	0.5 	31.7 	2.0 	272 	17.0 	1.2 	0.1 	0.0 	2.3 	0.0 	0.509 	1.000 	0.828 	1 	0.361 	0.000 	32 	39 	7 	15 	20 	5 	0.593 			J.J. McCarthy	0.021 	QB37	Rachaad White	0.323 	RB34	Carnell Tate	0.359 	WR38	Terrance Ferguson	0.137 	TE31		14.1 	5.5 	10.0 	12.3 	12.8 	13.3 	10.9 	0.0 	11.0 	13.6 	12.6 	12.6 	12.5 	10.5 	13.3 	12.3 	12.3 		RB13	RB32	RB18	RB11	RB12	RB10	RB16	-	RB16	RB9	RB11	RB15	RB10	RB19	RB10	RB14	RB14		RB15	12.3 	0.0 	0.0 	73.3 	0.5 	1.9 	16.4 	0.1 	15 	0.572 	1.000 	0.828 	1 	0.450 	0.000 	29 	0.638 		160 	J.J. McCarthy	0.037 	QB33	Rachaad White	0.309 	RB36	Carnell Tate	0.412 	WR35	Terrance Ferguson	0.130 	TE33		RB19	9.9 	0.0 	0.0 	317.8 	2.2 	8.2 	70.9 	0.4 	19 	0.318 	1.000 	0.780 	1 	0.167 	0.000 	#N/A	0.466 		29.6 	J.J. McCarthy	0 	QB40	Rachaad White	21 	RB24	Carnell Tate	12 	WR57	Terrance Ferguson	12 	TE22					New York Giants	Dallas Cowboys	0 	0.0 	81 	1.0 	0.0 	0 	0.0 	0.0 	0.0 	0.0 	14.1 	RB13		New York Giants	Los Angeles Rams	0 	0.0 	36 	0.0 	4.0 	19 	0.0 	0.0 	0.0 	0.0 	5.5 	RB32		New York Giants	Tennessee Titans	0 	0.0 	60 	0.0 	3.0 	40 	0.0 	0.0 	0.0 	0.0 	10.0 	RB18		New York Giants	Arizona Cardinals	0 	0.0 	74 	0.5 	1.9 	16 	0.1 	0.0 	0.2 	0.0 	12.3 	RB11		New York Giants	Washington Commanders	0 	0.0 	76 	0.6 	1.9 	17 	0.1 	0.0 	0.2 	0.0 	12.8 	RB12		New York Giants	New Orleans Saints	0 	0.0 	79 	0.6 	1.9 	16 	0.1 	0.0 	0.2 	0.0 	13.3 	RB10		New York Giants	Houston Texans	0 	0.0 	65 	0.4 	1.9 	16 	0.1 	0.0 	0.2 	0.0 	10.9 	RB16		New York Giants	BYE	0 	0.0 	0 	0.0 	0.0 	0 	0.0 	0.0 	0.0 	0.0 	0.0 	-		New York Giants	Philadelphia Eagles	0 	0.0 	66 	0.4 	1.9 	16 	0.1 	0.0 	0.2 	0.0 	11.0 	RB16		New York Giants	Washington Commanders	0 	0.0 	80 	0.6 	1.9 	16 	0.1 	0.0 	0.2 	0.0 	13.6 	RB9		New York Giants	Jacksonville Jaguars	0 	0.0 	75 	0.5 	1.9 	16 	0.1 	0.0 	0.2 	0.0 	12.6 	RB11		New York Giants	Indianapolis Colts	0 	0.0 	75 	0.5 	1.9 	16 	0.1 	0.0 	0.2 	0.0 	12.6 	RB15		New York Giants	San Francisco 49ers	0 	0.0 	75 	0.5 	1.9 	16 	0.1 	0.0 	0.2 	0.0 	12.5 	RB10		New York Giants	Seattle Seahawks	0 	0.0 	63 	0.4 	1.9 	17 	0.1 	0.0 	0.2 	0.0 	10.5 	RB19		New York Giants	Cleveland Browns	0 	0.0 	81 	0.6 	1.8 	16 	0.1 	0.0 	0.2 	0.0 	13.3 	RB10		New York Giants	Detroit Lions	0 	0.0 	72 	0.5 	2.0 	17 	0.1 	0.0 	0.2 	0.0 	12.3 	RB14		New York Giants	Dallas Cowboys	0 	0.0 	72 	0.5 	2.0 	17 	0.1 	0.0 	0.2 	0.0 	12.3 	RB14		Actual	Actual	Actual	Forecast	Forecast	Forecast	Forecast	Forecast	Forecast	Forecast	Forecast	Forecast	Forecast	Forecast	Forecast	Forecast	Forecast		Healthy	Healthy	Healthy	Healthy	Healthy	Healthy	Healthy	Healthy	Healthy	Healthy	Healthy	Healthy	Healthy	Healthy	Healthy	Healthy	Healthy		Week 4 2026	9/29/2026	8:41:33 PM	20		8%	7%	55%	54%	0%	0%		0.1 
	DeVonta Smith	Philadelphia Eagles	WR	WR16	9.4 	151 	0 	0.0 	0.0 	0.0 	0 	0.0 	0.0 	0.0 	85.3 	5.3 	1,103 	69.0 	6.9 	0.4 	0.0 	0.2 	0.0 	0.405 	1.000 	0.850 	1 	0.321 	0.000 	36 	43 	7 	15 	18 	3 	0.572 			Marcus Mariota	0.037 	QB34	Jadarian Price	0.310 	RB36	DJ Moore	0.428 	WR30	Tommy Tremble	0.116 	TE34		5.3 	17.7 	6.5 	9.2 	9.4 	9.2 	9.9 	9.5 	9.5 	0.0 	9.3 	9.7 	9.2 	9.7 	9.2 	8.6 	9.3 		WR39	WR7	WR37	WR16	WR17	WR13	WR13	WR16	WR17	-	WR11	WR13	WR16	WR11	WR18	WR20	WR18		WR17	9.3 	0.0 	0.0 	0.0 	0.0 	5.1 	66.8 	0.5 	17 	0.434 	1.000 	0.830 	1 	0.378 	0.000 	37 	0.590 		122 	Marcus Mariota	0.029 	QB34	Jadarian Price	0.346 	RB34	DJ Moore	0.446 	WR31	Tommy Tremble	0.116 	TE34		WR18	9.8 	0.0 	0.0 	0.0 	0.0 	22.1 	289.4 	2.0 	18 	0.317 	1.000 	0.820 	1 	0.224 	0.000 	#N/A	0.506 		29.5 	Marcus Mariota	29 	QB28	Jadarian Price	10 	RB51	DJ Moore	23 	WR28	Tommy Tremble	7 	TE32					Philadelphia Eagles	Washington Commanders	0 	0.0 	0 	0.0 	3.0 	53 	0.0 	0.0 	0.0 	0.0 	5.3 	WR39		Philadelphia Eagles	Tennessee Titans	0 	0.0 	0 	0.0 	10.0 	117 	1.0 	0.0 	0.0 	0.0 	17.7 	WR7		Philadelphia Eagles	Chicago Bears	0 	0.0 	0 	0.0 	6.0 	65 	0.0 	0.0 	0.0 	0.0 	6.5 	WR37		Philadelphia Eagles	Los Angeles Rams	0 	0.0 	0 	0.0 	5.1 	67 	0.4 	0.0 	0.0 	0.0 	9.2 	WR16		Philadelphia Eagles	Jacksonville Jaguars	0 	0.0 	0 	0.0 	5.1 	67 	0.5 	0.0 	0.0 	0.0 	9.4 	WR17		Philadelphia Eagles	Carolina Panthers	0 	0.0 	0 	0.0 	5.0 	65 	0.5 	0.0 	0.0 	0.0 	9.2 	WR13		Philadelphia Eagles	Dallas Cowboys	0 	0.0 	0 	0.0 	5.3 	70 	0.5 	0.0 	0.0 	0.0 	9.9 	WR13		Philadelphia Eagles	Washington Commanders	0 	0.0 	0 	0.0 	5.2 	68 	0.5 	0.0 	0.0 	0.0 	9.5 	WR16		Philadelphia Eagles	New York Giants	0 	0.0 	0 	0.0 	5.1 	67 	0.5 	0.0 	0.0 	0.0 	9.5 	WR17		Philadelphia Eagles	BYE	0 	0.0 	0 	0.0 	0.0 	0 	0.0 	0.0 	0.0 	0.0 	0.0 	-		Philadelphia Eagles	Pittsburgh Steelers	0 	0.0 	0 	0.0 	5.0 	66 	0.4 	0.0 	0.0 	0.0 	9.3 	WR11		Philadelphia Eagles	Dallas Cowboys	0 	0.0 	0 	0.0 	5.3 	69 	0.5 	0.0 	0.0 	0.0 	9.7 	WR13		Philadelphia Eagles	Arizona Cardinals	0 	0.0 	0 	0.0 	4.9 	65 	0.5 	0.0 	0.0 	0.0 	9.2 	WR16		Philadelphia Eagles	Indianapolis Colts	0 	0.0 	0 	0.0 	5.2 	68 	0.5 	0.0 	0.0 	0.0 	9.7 	WR11		Philadelphia Eagles	Seattle Seahawks	0 	0.0 	0 	0.0 	5.0 	66 	0.4 	0.0 	0.0 	0.0 	9.2 	WR18		Philadelphia Eagles	Houston Texans	0 	0.0 	0 	0.0 	4.8 	63 	0.4 	0.0 	0.0 	0.0 	8.6 	WR20		Philadelphia Eagles	San Francisco 49ers	0 	0.0 	0 	0.0 	5.1 	67 	0.4 	0.0 	0.0 	0.0 	9.3 	WR18		Actual	Actual	Actual	Forecast	Forecast	Forecast	Forecast	Forecast	Forecast	Forecast	Forecast	Forecast	Forecast	Forecast	Forecast	Forecast	Forecast		Healthy	Healthy	Healthy	Healthy	Healthy	Healthy	Healthy	Healthy	Healthy	Healthy	Healthy	Healthy	Healthy	Healthy	Healthy	Healthy	Healthy		Week 4 2026	9/29/2026	8:41:33 PM	20		32%	31%	0%	0%	0%	0%		0.1 
	Breece Hall	New York Jets	RB	RB17	11.9 	179 	0 	0.0 	0.0 	0.0 	945 	63.0 	6.3 	0.4 	41.5 	2.8 	408 	27.2 	1.7 	0.1 	0.0 	2.3 	0.0 	0.479 	1.000 	0.804 	1 	0.365 	0.000 	35 	30 	(5)	17 	16 	(1)	0.580 			Jalon Daniels	0.013 	QB38	Kyle Monangai	0.350 	RB31	Jameson Williams	0.369 	WR37	Colby Parkinson	0.101 	TE37		17.8 	9.2 	5.5 	0.0 	13.7 	10.8 	14.1 	13.7 	10.6 	12.2 	10.6 	12.8 	0.0 	11.3 	13.0 	11.3 	11.9 		RB12	RB16	RB33	-	RB6	RB15	RB7	RB11	RB17	RB12	RB17	RB13	-	RB14	RB13	RB17	RB16		RB17	12.2 	0.0 	0.0 	65.2 	0.4 	2.6 	25.5 	0.1 	17 	0.522 	1.000 	0.804 	1 	0.439 	0.000 	33 	0.616 		146 	Jalon Daniels	0.021 	QB35	Kyle Monangai	0.320 	RB35	Jameson Williams	0.423 	WR34	Colby Parkinson	0.111 	TE35		RB15	10.8 	0.0 	0.0 	260.6 	1.8 	10.5 	102.0 	0.6 	15 	0.350 	1.000 	0.828 	1 	0.215 	0.000 	#N/A	0.511 		32.5 	Jalon Daniels	1 	QB39	Kyle Monangai	27 	RB23	Jameson Williams	13 	WR54	Colby Parkinson	2 	TE36					New York Jets	Tennessee Titans	0 	0.0 	102 	1.0 	2.0 	16 	0.0 	0.0 	0.0 	0.0 	17.8 	RB12		New York Jets	Green Bay Packers	0 	0.0 	29 	0.0 	5.0 	63 	0.0 	0.0 	0.0 	0.0 	9.2 	RB16		New York Jets	Detroit Lions	0 	0.0 	32 	0.0 	3.0 	23 	0.0 	0.0 	0.0 	0.0 	5.5 	RB33		New York Jets	Chicago Bears	0 	0.0 	0 	0.0 	0.0 	0 	0.0 	0.0 	0.0 	0.0 	0.0 	-		New York Jets	Cleveland Browns	0 	0.0 	74 	0.5 	2.6 	25 	0.2 	0.0 	0.2 	0.0 	13.7 	RB6		New York Jets	New England Patriots	0 	0.0 	57 	0.4 	2.6 	26 	0.1 	0.0 	0.2 	0.0 	10.8 	RB15		New York Jets	Miami Dolphins	0 	0.0 	75 	0.6 	2.7 	26 	0.2 	0.0 	0.2 	0.0 	14.1 	RB7		New York Jets	Las Vegas Raiders	0 	0.0 	74 	0.5 	2.6 	25 	0.2 	0.0 	0.2 	0.0 	13.7 	RB11		New York Jets	Kansas City Chiefs	0 	0.0 	57 	0.3 	2.6 	25 	0.1 	0.0 	0.2 	0.0 	10.6 	RB17		New York Jets	Buffalo Bills	0 	0.0 	64 	0.4 	2.7 	27 	0.2 	0.0 	0.2 	0.0 	12.2 	RB12		New York Jets	Los Angeles Chargers	0 	0.0 	57 	0.3 	2.6 	25 	0.1 	0.0 	0.2 	0.0 	10.6 	RB17		New York Jets	Miami Dolphins	0 	0.0 	69 	0.5 	2.6 	25 	0.1 	0.0 	0.2 	0.0 	12.8 	RB13		New York Jets	BYE	0 	0.0 	0 	0.0 	0.0 	0 	0.0 	0.0 	0.0 	0.0 	0.0 	-		New York Jets	Denver Broncos	0 	0.0 	60 	0.4 	2.6 	25 	0.1 	0.0 	0.2 	0.0 	11.3 	RB14		New York Jets	Arizona Cardinals	0 	0.0 	70 	0.5 	2.6 	26 	0.1 	0.0 	0.2 	0.0 	13.0 	RB13		New York Jets	New England Patriots	0 	0.0 	60 	0.4 	2.6 	25 	0.1 	0.0 	0.2 	0.0 	11.3 	RB17		New York Jets	Minnesota Vikings	0 	0.0 	64 	0.4 	2.6 	25 	0.1 	0.0 	0.2 	0.0 	11.9 	RB16		Actual	Actual	Actual	Forecast	Forecast	Forecast	Forecast	Forecast	Forecast	Forecast	Forecast	Forecast	Forecast	Forecast	Forecast	Forecast	Forecast		Healthy	Healthy	Healthy	Injured	Healthy	Healthy	Healthy	Healthy	Healthy	Healthy	Healthy	Healthy	Healthy	Healthy	Healthy	Healthy	Healthy		Week 4 2026	9/29/2026	8:41:33 PM	20		12%	11%	61%	63%	0%	0%		0.1 
	Zay Flowers	Baltimore Ravens	WR	WR13	10.2 	153 	0 	0.0 	0.0 	0.0 	64 	4.2 	0.2 	0.0 	66.3 	4.4 	1,106 	73.7 	5.9 	0.4 	0.0 	0.2 	0.0 	0.411 	1.000 	0.860 	1 	0.387 	0.000 	29 	41 	12 	14 	17 	3 	0.603 			Case Keenum	0.029 	QB36	RJ Harvey	0.282 	RB38	Malik Washington	0.345 	WR40	David Njoku	0.097 	TE38		21.0 	0.0 	10.4 	9.1 	9.5 	9.0 	9.9 	9.5 	9.6 	9.5 	9.3 	9.0 	0.0 	9.4 	9.3 	9.0 	9.5 		WR4	-	WR21	WR17	WR16	WR14	WR12	WR14	WR16	WR17	WR10	WR18	-	WR14	WR16	WR17	WR15		WR16	9.4 	0.0 	0.0 	3.4 	0.0 	4.3 	67.1 	0.4 	16 	0.435 	1.000 	0.840 	1 	0.379 	0.000 	36 	0.595 		122 	Case Keenum	0.013 	QB36	RJ Harvey	0.289 	RB38	Malik Washington	0.384 	WR37	David Njoku	0.100 	TE37		WR13	15.7 	0.0 	0.0 	21.8 	0.1 	28.1 	436.1 	2.5 	13 	0.338 	1.000 	0.870 	1 	0.255 	0.000 	#N/A	0.544 		31.4 	Case Keenum	24 	QB32	RJ Harvey	9 	RB54	Malik Washington	14 	WR52	David Njoku	7 	TE33					Baltimore Ravens	Indianapolis Colts	0 	0.0 	0 	0.0 	5.0 	150 	1.0 	0.0 	0.0 	0.0 	21.0 	WR4		Baltimore Ravens	New Orleans Saints	0 	0.0 	0 	0.0 	0.0 	0 	0.0 	0.0 	0.0 	0.0 	0.0 	-		Baltimore Ravens	Dallas Cowboys	0 	0.0 	20 	0.0 	5.0 	84 	0.0 	0.0 	0.0 	0.0 	10.4 	WR21		Baltimore Ravens	Tennessee Titans	0 	0.0 	4 	0.0 	4.2 	65 	0.4 	0.0 	0.0 	0.0 	9.1 	WR17		Baltimore Ravens	Atlanta Falcons	0 	0.0 	3 	0.0 	4.4 	68 	0.4 	0.0 	0.0 	0.0 	9.5 	WR16		Baltimore Ravens	Cleveland Browns	0 	0.0 	3 	0.0 	4.2 	65 	0.4 	0.0 	0.0 	0.0 	9.0 	WR14		Baltimore Ravens	Cincinnati Bengals	0 	0.0 	3 	0.0 	4.5 	70 	0.4 	0.0 	0.0 	0.0 	9.9 	WR12		Baltimore Ravens	Buffalo Bills	0 	0.0 	3 	0.0 	4.5 	69 	0.4 	0.0 	0.0 	0.0 	9.5 	WR14		Baltimore Ravens	Jacksonville Jaguars	0 	0.0 	3 	0.0 	4.4 	68 	0.4 	0.0 	0.0 	0.0 	9.6 	WR16		Baltimore Ravens	Los Angeles Chargers	0 	0.0 	3 	0.0 	4.4 	68 	0.4 	0.0 	0.0 	0.0 	9.5 	WR17		Baltimore Ravens	Carolina Panthers	0 	0.0 	3 	0.0 	4.3 	66 	0.4 	0.0 	0.0 	0.0 	9.3 	WR10		Baltimore Ravens	Houston Texans	0 	0.0 	3 	0.0 	4.3 	66 	0.3 	0.0 	0.0 	0.0 	9.0 	WR18		Baltimore Ravens	BYE	0 	0.0 	0 	0.0 	0.0 	0 	0.0 	0.0 	0.0 	0.0 	0.0 	-		Baltimore Ravens	Tampa Bay Buccaneers	0 	0.0 	4 	0.0 	4.3 	66 	0.4 	0.0 	0.0 	0.0 	9.4 	WR14		Baltimore Ravens	Pittsburgh Steelers	0 	0.0 	3 	0.0 	4.3 	67 	0.4 	0.0 	0.0 	0.0 	9.3 	WR16		Baltimore Ravens	Cleveland Browns	0 	0.0 	4 	0.0 	4.1 	64 	0.4 	0.0 	0.0 	0.0 	9.0 	WR17		Baltimore Ravens	Cincinnati Bengals	0 	0.0 	3 	0.0 	4.5 	69 	0.4 	0.0 	0.0 	0.0 	9.5 	WR15		Actual	Actual	Actual	Forecast	Forecast	Forecast	Forecast	Forecast	Forecast	Forecast	Forecast	Forecast	Forecast	Forecast	Forecast	Forecast	Forecast		Healthy	Injured	Healthy	Healthy	Healthy	Healthy	Healthy	Healthy	Healthy	Healthy	Healthy	Healthy	Healthy	Healthy	Healthy	Healthy	Healthy		Week 4 2026	9/29/2026	8:41:33 PM	20		35%	30%	2%	1%	0%	0%		0.1 
	Davante Adams	Los Angeles Rams	WR	WR9	10.7 	171 	0 	0.0 	0.0 	0.0 	0 	0.0 	0.0 	0.0 	69.0 	4.3 	1,107 	69.2 	10.1 	0.6 	0.0 	0.2 	0.0 	0.459 	1.000 	0.910 	1 	0.429 	0.000 	22 	52 	30 	9 	23 	14 	0.650 			Fernando Mendoza	0.000 	QB39	Blake Corum	0.330 	RB32	Denzel Boston	0.455 	WR26	Cole Kmet	0.105 	TE36		2.6 	31.5 	13.7 	9.0 	10.0 	9.8 	9.3 	9.5 	9.7 	9.5 	0.0 	9.4 	9.3 	9.5 	9.8 	9.0 	9.4 		WR66	WR2	WR12	WR18	WR12	WR8	WR16	WR15	WR15	WR16	-	WR17	WR15	WR13	WR13	WR18	WR16		WR15	9.5 	0.0 	0.0 	0.0 	0.0 	3.9 	57.7 	0.6 	15 	0.441 	1.000 	0.850 	1 	0.392 	0.000 	35 	0.606 		123 	Fernando Mendoza	0.005 	QB37	Blake Corum	0.351 	RB33	Denzel Boston	0.404 	WR36	Cole Kmet	0.091 	TE39		WR5	15.9 	0.0 	0.0 	0.0 	0.0 	17.0 	249.8 	2.7 	5 	0.514 	1.000 	0.950 	2 	0.523 	0.000 	#N/A	0.714 		47.8 	Fernando Mendoza	0 	QB40	Blake Corum	16 	RB34	Denzel Boston	32 	WR11	Cole Kmet	10 	TE28					Los Angeles Rams	San Francisco 49ers	0 	0.0 	0 	0.0 	3.0 	26 	0.0 	0.0 	0.0 	0.0 	2.6 	WR66		Los Angeles Rams	New York Giants	0 	0.0 	0 	0.0 	8.0 	195 	2.0 	0.0 	0.0 	0.0 	31.5 	WR2		Los Angeles Rams	Denver Broncos	0 	0.0 	0 	0.0 	7.0 	137 	0.0 	0.0 	0.0 	0.0 	13.7 	WR12		Los Angeles Rams	Philadelphia Eagles	0 	0.0 	0 	0.0 	3.8 	56 	0.6 	0.0 	0.0 	0.0 	9.0 	WR18		Los Angeles Rams	Buffalo Bills	0 	0.0 	0 	0.0 	4.1 	60 	0.7 	0.0 	0.0 	0.0 	10.0 	WR12		Los Angeles Rams	Arizona Cardinals	0 	0.0 	0 	0.0 	3.9 	58 	0.7 	0.0 	0.0 	0.0 	9.8 	WR8		Los Angeles Rams	Las Vegas Raiders	0 	0.0 	0 	0.0 	3.8 	56 	0.6 	0.0 	0.0 	0.0 	9.3 	WR16		Los Angeles Rams	Los Angeles Chargers	0 	0.0 	0 	0.0 	4.0 	58 	0.6 	0.0 	0.0 	0.0 	9.5 	WR15		Los Angeles Rams	Washington Commanders	0 	0.0 	0 	0.0 	4.0 	59 	0.7 	0.0 	0.0 	0.0 	9.7 	WR15		Los Angeles Rams	Arizona Cardinals	0 	0.0 	0 	0.0 	3.9 	57 	0.6 	0.0 	0.0 	0.0 	9.5 	WR16		Los Angeles Rams	BYE	0 	0.0 	0 	0.0 	0.0 	0 	0.0 	0.0 	0.0 	0.0 	0.0 	-		Los Angeles Rams	Green Bay Packers	0 	0.0 	0 	0.0 	3.9 	57 	0.6 	0.0 	0.0 	0.0 	9.4 	WR17		Los Angeles Rams	Kansas City Chiefs	0 	0.0 	0 	0.0 	3.9 	57 	0.6 	0.0 	0.0 	0.0 	9.3 	WR15		Los Angeles Rams	San Francisco 49ers	0 	0.0 	0 	0.0 	4.0 	58 	0.6 	0.0 	0.0 	0.0 	9.5 	WR13		Los Angeles Rams	Dallas Cowboys	0 	0.0 	0 	0.0 	4.0 	58 	0.7 	0.0 	0.0 	0.0 	9.8 	WR13		Los Angeles Rams	Seattle Seahawks	0 	0.0 	0 	0.0 	3.9 	57 	0.6 	0.0 	0.0 	0.0 	9.0 	WR18		Los Angeles Rams	Tampa Bay Buccaneers	0 	0.0 	0 	0.0 	3.9 	57 	0.6 	0.0 	0.0 	0.0 	9.4 	WR16		Actual	Actual	Actual	Forecast	Forecast	Forecast	Forecast	Forecast	Forecast	Forecast	Forecast	Forecast	Forecast	Forecast	Forecast	Forecast	Forecast		Healthy	Healthy	Healthy	Healthy	Healthy	Healthy	Healthy	Healthy	Healthy	Healthy	Healthy	Healthy	Healthy	Healthy	Healthy	Healthy	Healthy		Week 4 2026	9/29/2026	8:41:33 PM	20		25%	31%	0%	0%	0%	0%		(0.1)
	Ladd McConkey	Los Angeles Chargers	WR	WR19	8.7 	140 	0 	0.0 	0.0 	0.0 	0 	0.0 	0.0 	0.0 	70.3 	4.4 	987 	61.7 	6.9 	0.4 	0.0 	0.2 	0.0 	0.375 	1.000 	0.810 	1 	0.261 	0.000 	42 	45 	3 	19 	20 	1 	0.525 			Drew Lock	0.193 	QB25	Ollie Gordon II	0.295 	RB37	DK Metcalf	0.334 	WR43	Zach Ertz	0.090 	TE39		14.2 	3.5 	6.6 	8.2 	8.9 	8.8 	0.0 	9.1 	8.8 	9.0 	8.7 	8.9 	9.1 	8.9 	9.2 	9.0 	8.9 		WR10	WR48	WR35	WR21	WR19	WR15	-	WR17	WR19	WR18	WR14	WR19	WR17	WR17	WR17	WR16	WR19		WR18	8.9 	0.0 	0.0 	0.0 	0.0 	4.5 	61.9 	0.5 	18 	0.413 	1.000 	0.820 	1 	0.330 	0.000 	39 	0.563 		115 	Drew Lock	0.000 	QB38	Ollie Gordon II	0.295 	RB37	DK Metcalf	0.370 	WR38	Zach Ertz	0.096 	TE38		WR25	8.1 	0.0 	0.0 	0.0 	0.0 	19.4 	268.1 	2.0 	25 	0.261 	1.000 	0.750 	1 	0.139 	0.000 	#N/A	0.433 		24.3 	Drew Lock	34 	QB25	Ollie Gordon II	12 	RB41	DK Metcalf	16 	WR44	Zach Ertz	0 	TE41					Los Angeles Chargers	Arizona Cardinals	0 	0.0 	0 	0.0 	5.0 	82 	1.0 	0.0 	0.0 	0.0 	14.2 	WR10		Los Angeles Chargers	Las Vegas Raiders	0 	0.0 	0 	0.0 	3.0 	35 	0.0 	0.0 	0.0 	0.0 	3.5 	WR48		Los Angeles Chargers	Buffalo Bills	0 	0.0 	0 	0.0 	4.0 	66 	0.0 	0.0 	0.0 	0.0 	6.6 	WR35		Los Angeles Chargers	Seattle Seahawks	0 	0.0 	0 	0.0 	4.4 	60 	0.4 	0.0 	0.0 	0.0 	8.2 	WR21		Los Angeles Chargers	Denver Broncos	0 	0.0 	0 	0.0 	4.5 	62 	0.5 	0.0 	0.0 	0.0 	8.9 	WR19		Los Angeles Chargers	Kansas City Chiefs	0 	0.0 	0 	0.0 	4.5 	62 	0.4 	0.0 	0.0 	0.0 	8.8 	WR15		Los Angeles Chargers	BYE	0 	0.0 	0 	0.0 	0.0 	0 	0.0 	0.0 	0.0 	0.0 	0.0 	-		Los Angeles Chargers	Los Angeles Rams	0 	0.0 	0 	0.0 	4.6 	64 	0.5 	0.0 	0.0 	0.0 	9.1 	WR17		Los Angeles Chargers	Houston Texans	0 	0.0 	0 	0.0 	4.4 	61 	0.4 	0.0 	0.0 	0.0 	8.8 	WR19		Los Angeles Chargers	Baltimore Ravens	0 	0.0 	0 	0.0 	4.6 	63 	0.4 	0.0 	0.0 	0.0 	9.0 	WR18		Los Angeles Chargers	New York Jets	0 	0.0 	0 	0.0 	4.3 	59 	0.5 	0.0 	0.0 	0.0 	8.7 	WR14		Los Angeles Chargers	New England Patriots	0 	0.0 	0 	0.0 	4.5 	62 	0.5 	0.0 	0.0 	0.0 	8.9 	WR19		Los Angeles Chargers	Tampa Bay Buccaneers	0 	0.0 	0 	0.0 	4.6 	63 	0.5 	0.0 	0.0 	0.0 	9.1 	WR17		Los Angeles Chargers	Las Vegas Raiders	0 	0.0 	0 	0.0 	4.4 	61 	0.5 	0.0 	0.0 	0.0 	8.9 	WR17		Los Angeles Chargers	San Francisco 49ers	0 	0.0 	0 	0.0 	4.6 	63 	0.5 	0.0 	0.0 	0.0 	9.2 	WR17		Los Angeles Chargers	Miami Dolphins	0 	0.0 	0 	0.0 	4.5 	61 	0.5 	0.0 	0.0 	0.0 	9.0 	WR16		Los Angeles Chargers	Kansas City Chiefs	0 	0.0 	0 	0.0 	4.5 	62 	0.5 	0.0 	0.0 	0.0 	8.9 	WR19		Actual	Actual	Actual	Forecast	Forecast	Forecast	Forecast	Forecast	Forecast	Forecast	Forecast	Forecast	Forecast	Forecast	Forecast	Forecast	Forecast		Healthy	Healthy	Healthy	Healthy	Healthy	Healthy	Healthy	Healthy	Healthy	Healthy	Healthy	Healthy	Healthy	Healthy	Healthy	Healthy	Healthy		Week 4 2026	9/29/2026	8:41:33 PM	20		29%	29%	0%	0%	0%	0%		0.1 
	Jaylen Warren	Pittsburgh Steelers	RB	RB21	10.3 	166 	0 	0.0 	0.0 	0.0 	813 	50.8 	3.8 	0.2 	59.6 	3.7 	522 	32.6 	2.4 	0.2 	0.0 	2.7 	0.0 	0.444 	1.000 	0.755 	1 	0.247 	0.000 	46 	59 	13 	21 	25 	4 	0.506 			Jaxson Dart	0.034 	QB35	Woody Marks	0.276 	RB39	Wan'Dale Robinson	0.305 	WR45	Elijah Arroyo	0.085 	TE40		5.3 	7.7 	17.6 	10.2 	11.4 	10.4 	10.8 	11.2 	0.0 	10.2 	9.1 	9.6 	9.9 	10.1 	10.4 	10.8 	10.6 		RB37	RB24	RB6	RB21	RB17	RB17	RB17	RB17	-	RB18	RB20	RB22	RB18	RB22	RB21	RB18	RB19		RB19	10.4 	0.0 	0.0 	45.9 	0.3 	3.8 	31.7 	0.2 	19 	0.482 	1.000 	0.780 	1 	0.287 	0.000 	44 	0.538 		135 	Jaxson Dart	0.000 	QB38	Woody Marks	0.280 	RB39	Wan'Dale Robinson	0.315 	WR45	Elijah Arroyo	0.087 	TE40		RB17	10.2 	0.0 	0.0 	199.1 	1.3 	16.5 	137.2 	0.8 	17 	0.329 	1.000 	0.804 	1 	0.184 	0.000 	#N/A	0.485 		30.6 	Jaxson Dart	27 	QB31	Woody Marks	16 	RB36	Wan'Dale Robinson	16 	WR37	Elijah Arroyo	2 	TE38					Pittsburgh Steelers	Atlanta Falcons	0 	0.0 	46 	0.0 	5.0 	27 	0.0 	0.0 	1.0 	0.0 	5.3 	RB37		Pittsburgh Steelers	New England Patriots	0 	0.0 	43 	0.0 	2.0 	34 	0.0 	0.0 	0.0 	0.0 	7.7 	RB24		Pittsburgh Steelers	Cincinnati Bengals	0 	0.0 	127 	0.0 	3.0 	49 	0.0 	0.0 	0.0 	0.0 	17.6 	RB6		Pittsburgh Steelers	Cleveland Browns	0 	0.0 	46 	0.3 	3.7 	31 	0.2 	0.0 	0.1 	0.0 	10.2 	RB21		Pittsburgh Steelers	Indianapolis Colts	0 	0.0 	50 	0.4 	4.0 	33 	0.2 	0.0 	0.1 	0.0 	11.4 	RB17		Pittsburgh Steelers	Tampa Bay Buccaneers	0 	0.0 	45 	0.3 	3.9 	32 	0.2 	0.0 	0.1 	0.0 	10.4 	RB17		Pittsburgh Steelers	New Orleans Saints	0 	0.0 	48 	0.3 	3.8 	32 	0.2 	0.0 	0.1 	0.0 	10.8 	RB17		Pittsburgh Steelers	Cleveland Browns	0 	0.0 	53 	0.3 	3.7 	30 	0.2 	0.0 	0.1 	0.0 	11.2 	RB17		Pittsburgh Steelers	BYE	0 	0.0 	0 	0.0 	0.0 	0 	0.0 	0.0 	0.0 	0.0 	0.0 	-		Pittsburgh Steelers	Cincinnati Bengals	0 	0.0 	43 	0.3 	4.0 	33 	0.2 	0.0 	0.1 	0.0 	10.2 	RB18		Pittsburgh Steelers	Philadelphia Eagles	0 	0.0 	39 	0.2 	3.8 	32 	0.2 	0.0 	0.1 	0.0 	9.1 	RB20		Pittsburgh Steelers	Denver Broncos	0 	0.0 	43 	0.3 	3.7 	31 	0.2 	0.0 	0.1 	0.0 	9.6 	RB22		Pittsburgh Steelers	Houston Texans	0 	0.0 	44 	0.3 	3.8 	31 	0.2 	0.0 	0.1 	0.0 	9.9 	RB18		Pittsburgh Steelers	Jacksonville Jaguars	0 	0.0 	45 	0.3 	3.8 	32 	0.2 	0.0 	0.1 	0.0 	10.1 	RB22		Pittsburgh Steelers	Baltimore Ravens	0 	0.0 	45 	0.3 	3.9 	32 	0.2 	0.0 	0.1 	0.0 	10.4 	RB21		Pittsburgh Steelers	Carolina Panthers	0 	0.0 	48 	0.3 	3.8 	32 	0.2 	0.0 	0.1 	0.0 	10.8 	RB18		Pittsburgh Steelers	Tennessee Titans	0 	0.0 	48 	0.3 	3.8 	31 	0.2 	0.0 	0.1 	0.0 	10.6 	RB19		Actual	Actual	Actual	Forecast	Forecast	Forecast	Forecast	Forecast	Forecast	Forecast	Forecast	Forecast	Forecast	Forecast	Forecast	Forecast	Forecast		Healthy	Healthy	Healthy	Healthy	Healthy	Healthy	Healthy	Healthy	Healthy	Healthy	Healthy	Healthy	Healthy	Healthy	Healthy	Healthy	Healthy		Week 4 2026	9/29/2026	8:41:33 PM	20		14%	12%	42%	41%	0%	0%		0.0 
	Joe Burrow	Cincinnati Bengals	QB	QB3	18.4 	295 	4,147 	259.2 	33.6 	2.1 	148 	9.2 	0.5 	0.0 	0.0 	0.0 	0 	0.0 	0.0 	0.0 	9.4 	2.0 	0.0 	0.792 	0.460 	0.441 	1 	0.531 	0.000 	51 	57 	6 	3 	4 	1 	0.484 			Tua Tagovailoa	0.000 	QB39	Jaylen Wright	0.246 	RB43	Jakobi Meyers	0.383 	WR35	Dawson Knox	0.109 	TE35		14.2 	16.2 	22.6 	19.1 	18.8 	0.0 	18.2 	18.9 	19.0 	18.3 	19.1 	18.7 	17.8 	18.1 	18.1 	19.1 	19.1 		QB19	QB14	QB8	QB3	QB2	-	QB3	QB2	QB2	QB2	QB3	QB3	QB4	QB3	QB3	QB2	QB2		QB2	18.6 	261.8 	2.1 	8.9 	0.0 	0.0 	0.0 	0.0 	2 	0.866 	0.460 	0.449 	1 	0.698 	0.000 	38 	0.566 		242 	Tua Tagovailoa	0.000 	QB38	Jaylen Wright	0.272 	RB40	Jakobi Meyers	0.343 	WR42	Dawson Knox	0.104 	TE36		QB11	17.6 	1,134.6 	9.2 	38.6 	0.2 	0.0 	0.0 	0.0 	11 	0.569 	0.460 	0.363 	1 	0.280 	0.000 	#N/A	0.324 		52.9 	Tua Tagovailoa	0 	QB40	Jaylen Wright	1 	RB66	Jakobi Meyers	25 	WR22	Dawson Knox	8 	TE30					Cincinnati Bengals	Tampa Bay Buccaneers	254 	1.0 	20 	0.0 	0.0 	0 	0.0 	1.0 	0.0 	0.0 	14.2 	QB19		Cincinnati Bengals	Houston Texans	207 	2.0 	(1)	0.0 	0.0 	0 	0.0 	0.0 	0.0 	0.0 	16.2 	QB14		Cincinnati Bengals	Pittsburgh Steelers	282 	3.0 	13 	0.0 	0.0 	0 	0.0 	0.0 	1.0 	0.0 	22.6 	QB8		Cincinnati Bengals	Jacksonville Jaguars	267 	2.2 	9 	0.0 	0.0 	0 	0.0 	0.6 	0.1 	0.0 	19.1 	QB3		Cincinnati Bengals	Miami Dolphins	259 	2.2 	10 	0.0 	0.0 	0 	0.0 	0.6 	0.1 	0.0 	18.8 	QB2		Cincinnati Bengals	BYE	0 	0.0 	0 	0.0 	0.0 	0 	0.0 	0.0 	0.0 	0.0 	0.0 	-		Cincinnati Bengals	Baltimore Ravens	265 	2.0 	7 	0.0 	0.0 	0 	0.0 	0.6 	0.1 	0.0 	18.2 	QB3		Cincinnati Bengals	Tennessee Titans	260 	2.2 	10 	0.0 	0.0 	0 	0.0 	0.6 	0.1 	0.0 	18.9 	QB2		Cincinnati Bengals	Atlanta Falcons	263 	2.2 	9 	0.0 	0.0 	0 	0.0 	0.6 	0.1 	0.0 	19.0 	QB2		Cincinnati Bengals	Pittsburgh Steelers	261 	2.1 	9 	0.0 	0.0 	0 	0.0 	0.6 	0.1 	0.0 	18.3 	QB2		Cincinnati Bengals	Washington Commanders	267 	2.2 	9 	0.0 	0.0 	0 	0.0 	0.6 	0.1 	0.0 	19.1 	QB3		Cincinnati Bengals	New Orleans Saints	258 	2.1 	10 	0.0 	0.0 	0 	0.0 	0.6 	0.1 	0.0 	18.7 	QB3		Cincinnati Bengals	Cleveland Browns	253 	2.0 	9 	0.0 	0.0 	0 	0.0 	0.6 	0.1 	0.0 	17.8 	QB4		Cincinnati Bengals	Kansas City Chiefs	259 	2.0 	8 	0.0 	0.0 	0 	0.0 	0.6 	0.1 	0.0 	18.1 	QB3		Cincinnati Bengals	Carolina Panthers	259 	2.0 	8 	0.0 	0.0 	0 	0.0 	0.6 	0.1 	0.0 	18.1 	QB3		Cincinnati Bengals	Indianapolis Colts	267 	2.2 	9 	0.0 	0.0 	0 	0.0 	0.6 	0.1 	0.0 	19.1 	QB2		Cincinnati Bengals	Baltimore Ravens	267 	2.2 	9 	0.0 	0.0 	0 	0.0 	0.6 	0.1 	0.0 	19.1 	QB2		Actual	Actual	Actual	Forecast	Forecast	Forecast	Forecast	Forecast	Forecast	Forecast	Forecast	Forecast	Forecast	Forecast	Forecast	Forecast	Forecast		Healthy	Healthy	Healthy	Healthy	Healthy	Healthy	Healthy	Healthy	Healthy	Healthy	Healthy	Healthy	Healthy	Healthy	Healthy	Healthy	Healthy		Week 4 2026	9/29/2026	8:41:33 PM	20		0%	0%	9%	6%	99%	99%		0.2 
	Matthew Golden	Green Bay Packers	WR	WR17	8.9 	143 	0 	0.0 	0.0 	0.0 	27 	1.7 	0.1 	0.0 	71.3 	4.5 	1,058 	66.1 	5.8 	0.4 	0.0 	0.2 	0.0 	0.384 	1.000 	0.830 	1 	0.279 	0.000 	38 	159 	121 	17 	55 	38 	0.543 			Shedeur Sanders	0.000 	QB39	Tyjae Spears	0.253 	RB42	Rome Odunze	0.291 	WR47	Theo Johnson	0.080 	TE41		9.5 	5.8 	16.0 	8.1 	9.0 	9.2 	8.8 	8.6 	8.4 	8.5 	0.0 	8.4 	8.5 	8.8 	8.7 	8.5 	8.2 		WR22	WR29	WR4	WR22	WR18	WR12	WR18	WR18	WR21	WR21	-	WR22	WR18	WR19	WR21	WR22	WR22		WR20	8.6 	0.0 	0.0 	2.1 	0.0 	4.3 	61.9 	0.4 	20 	0.400 	1.000 	0.800 	1 	0.302 	0.000 	42 	0.541 		112 	Shedeur Sanders	0.000 	QB38	Tyjae Spears	0.258 	RB42	Rome Odunze	0.322 	WR44	Theo Johnson	0.081 	TE41		WR14	10.4 	0.0 	0.0 	9.1 	0.0 	18.8 	268.3 	1.6 	14 	0.337 	1.000 	0.860 	1 	0.254 	0.000 	#N/A	0.539 		31.3 	Shedeur Sanders	0 	QB40	Tyjae Spears	10 	RB52	Rome Odunze	14 	WR53	Theo Johnson	1 	TE40					Green Bay Packers	Minnesota Vikings	0 	0.0 	0 	0.0 	6.0 	95 	0.0 	0.0 	0.0 	0.0 	9.5 	WR22		Green Bay Packers	New York Jets	0 	0.0 	0 	0.0 	4.0 	58 	0.0 	0.0 	0.0 	0.0 	5.8 	WR29		Green Bay Packers	Atlanta Falcons	0 	0.0 	0 	0.0 	5.0 	100 	1.0 	0.0 	0.0 	0.0 	16.0 	WR4		Green Bay Packers	Tampa Bay Buccaneers	0 	0.0 	2 	0.0 	4.1 	59 	0.3 	0.0 	0.0 	0.0 	8.1 	WR22		Green Bay Packers	Chicago Bears	0 	0.0 	2 	0.0 	4.5 	64 	0.4 	0.0 	0.0 	0.0 	9.0 	WR18		Green Bay Packers	Dallas Cowboys	0 	0.0 	2 	0.0 	4.5 	65 	0.4 	0.0 	0.0 	0.0 	9.2 	WR12		Green Bay Packers	Detroit Lions	0 	0.0 	2 	0.0 	4.4 	63 	0.4 	0.0 	0.0 	0.0 	8.8 	WR18		Green Bay Packers	Carolina Panthers	0 	0.0 	2 	0.0 	4.3 	61 	0.4 	0.0 	0.0 	0.0 	8.6 	WR18		Green Bay Packers	New England Patriots	0 	0.0 	2 	0.0 	4.3 	61 	0.3 	0.0 	0.0 	0.0 	8.4 	WR21		Green Bay Packers	Minnesota Vikings	0 	0.0 	2 	0.0 	4.3 	61 	0.4 	0.0 	0.0 	0.0 	8.5 	WR21		Green Bay Packers	BYE	0 	0.0 	0 	0.0 	0.0 	0 	0.0 	0.0 	0.0 	0.0 	0.0 	-		Green Bay Packers	Los Angeles Rams	0 	0.0 	2 	0.0 	4.3 	62 	0.3 	0.0 	0.0 	0.0 	8.4 	WR22		Green Bay Packers	New Orleans Saints	0 	0.0 	2 	0.0 	4.3 	61 	0.4 	0.0 	0.0 	0.0 	8.5 	WR18		Green Bay Packers	Buffalo Bills	0 	0.0 	2 	0.0 	4.4 	63 	0.4 	0.0 	0.0 	0.0 	8.8 	WR19		Green Bay Packers	Miami Dolphins	0 	0.0 	3 	0.0 	4.3 	61 	0.4 	0.0 	0.0 	0.0 	8.7 	WR21		Green Bay Packers	Chicago Bears	0 	0.0 	2 	0.0 	4.3 	62 	0.4 	0.0 	0.0 	0.0 	8.5 	WR22		Green Bay Packers	Houston Texans	0 	0.0 	2 	0.0 	4.2 	60 	0.3 	0.0 	0.0 	0.0 	8.2 	WR22		Actual	Actual	Actual	Forecast	Forecast	Forecast	Forecast	Forecast	Forecast	Forecast	Forecast	Forecast	Forecast	Forecast	Forecast	Forecast	Forecast		Healthy	Healthy	Healthy	Healthy	Healthy	Healthy	Healthy	Healthy	Healthy	Healthy	Healthy	Healthy	Healthy	Healthy	Healthy	Healthy	Healthy		Week 4 2026	9/29/2026	8:41:33 PM	20		25%	22%	2%	0%	0%	0%		0.0 
	A.J. Brown	New England Patriots	WR	WR33	9.4 	94 	0 	0.0 	0.0 	0.0 	0 	0.0 	0.0 	0.0 	54.3 	5.4 	688 	68.8 	4.3 	0.4 	0.0 	0.2 	0.0 	0.253 	1.000 	0.530 	1 	0.321 	0.000 	74 	25 	(49)	47 	9 	(38)	0.405 			Carson Wentz	0.000 	QB39	Jordan Mason	0.267 	RB40	KC Concepcion	0.246 	WR53	Mason Taylor	0.072 	TE42		2.6 	0.0 	0.0 	0.0 	0.0 	0.0 	0.0 	10.4 	10.4 	10.5 	0.0 	10.1 	10.6 	10.1 	10.0 	9.8 	10.0 		WR66	-	-	-	-	-	-	WR7	WR8	WR8	-	WR9	WR8	WR9	WR10	WR13	WR10		WR22	10.2 	0.0 	0.0 	0.0 	0.0 	5.7 	73.5 	0.5 	36 	0.328 	1.000 	0.640 	1 	0.464 	0.000 	49 	0.523 		92 	Carson Wentz	0.000 	QB38	Jordan Mason	0.266 	RB41	KC Concepcion	0.281 	WR50	Mason Taylor	0.073 	TE42		WR121	2.6 	0.0 	0.0 	0.0 	0.0 	51.3 	661.6 	4.3 	121 	0.028 	1.000 	0.000 	(1)	0.000 	0.000 	#N/A	0.004 		2.6 	Carson Wentz	24 	QB33	Jordan Mason	12 	RB44	KC Concepcion	7 	WR80	Mason Taylor	(0)	TE44					New England Patriots	Seattle Seahawks	0 	0.0 	0 	0.0 	3.0 	26 	0.0 	0.0 	0.0 	0.0 	2.6 	WR66		New England Patriots	Pittsburgh Steelers	0 	0.0 	0 	0.0 	0.0 	0 	0.0 	0.0 	0.0 	0.0 	0.0 	-		New England Patriots	Jacksonville Jaguars	0 	0.0 	0 	0.0 	0.0 	0 	0.0 	0.0 	0.0 	0.0 	0.0 	-		New England Patriots	Buffalo Bills	0 	0.0 	0 	0.0 	0.0 	0 	0.0 	0.0 	0.0 	0.0 	0.0 	-		New England Patriots	Las Vegas Raiders	0 	0.0 	0 	0.0 	0.0 	0 	0.0 	0.0 	0.0 	0.0 	0.0 	-		New England Patriots	New York Jets	0 	0.0 	0 	0.0 	0.0 	0 	0.0 	0.0 	0.0 	0.0 	0.0 	-		New England Patriots	Chicago Bears	0 	0.0 	0 	0.0 	0.0 	0 	0.0 	0.0 	0.0 	0.0 	0.0 	-		New England Patriots	Miami Dolphins	0 	0.0 	0 	0.0 	5.7 	74 	0.5 	0.0 	0.0 	0.0 	10.4 	WR7		New England Patriots	Green Bay Packers	0 	0.0 	0 	0.0 	5.8 	74 	0.5 	0.0 	0.0 	0.0 	10.4 	WR8		New England Patriots	Detroit Lions	0 	0.0 	0 	0.0 	5.9 	75 	0.5 	0.0 	0.0 	0.0 	10.5 	WR8		New England Patriots	BYE	0 	0.0 	0 	0.0 	0.0 	0 	0.0 	0.0 	0.0 	0.0 	0.0 	-		New England Patriots	Los Angeles Chargers	0 	0.0 	0 	0.0 	5.7 	74 	0.5 	0.0 	0.0 	0.0 	10.1 	WR9		New England Patriots	Buffalo Bills	0 	0.0 	0 	0.0 	5.9 	76 	0.5 	0.0 	0.0 	0.0 	10.6 	WR8		New England Patriots	Minnesota Vikings	0 	0.0 	0 	0.0 	5.6 	73 	0.5 	0.0 	0.0 	0.0 	10.1 	WR9		New England Patriots	Kansas City Chiefs	0 	0.0 	0 	0.0 	5.7 	73 	0.5 	0.0 	0.0 	0.0 	10.0 	WR10		New England Patriots	New York Jets	0 	0.0 	0 	0.0 	5.5 	70 	0.5 	0.0 	0.0 	0.0 	9.8 	WR13		New England Patriots	Denver Broncos	0 	0.0 	0 	0.0 	5.6 	73 	0.5 	0.0 	0.0 	0.0 	10.0 	WR10		Actual	Actual	Actual	Forecast	Forecast	Forecast	Forecast	Forecast	Forecast	Forecast	Forecast	Forecast	Forecast	Forecast	Forecast	Forecast	Forecast		Healthy	Injured	Injured	Injured	Injured	Injured	Injured	Healthy	Healthy	Healthy	Healthy	Healthy	Healthy	Healthy	Healthy	Healthy	Healthy		Week 4 2026	9/29/2026	8:41:33 PM	20		32%	32%	0%	0%	0%	0%		0.4 
	Tyler Warren	Indianapolis Colts	TE	TE6	7.7 	123 	0 	0.0 	0.0 	0.0 	21 	1.3 	0.5 	0.0 	90.7 	5.7 	772 	48.3 	6.8 	0.4 	0.0 	0.2 	0.0 	0.329 	0.560 	0.518 	1 	0.489 	0.000 	54 	56 	2 	6 	4 	(2)	0.477 			Carson Beck	0.000 	QB39	Alvin Kamara	0.225 	RB46	Dontayvion Wicks	0.374 	WR36	Eli Stowers	0.068 	TE43		7.3 	8.4 	5.7 	8.0 	7.6 	8.0 	7.5 	7.8 	8.2 	7.9 	7.4 	7.9 	0.0 	7.5 	7.8 	8.2 	7.5 		TE13	TE10	TE12	TE4	TE5	TE4	TE4	TE3	TE3	TE4	TE4	TE3	-	TE3	TE3	TE3	TE4		TE4	7.8 	0.0 	0.0 	1.2 	0.0 	5.6 	52.6 	0.4 	4 	0.362 	0.560 	0.533 	1 	0.568 	0.000 	48 	0.523 		101 	Carson Beck	0.000 	QB38	Alvin Kamara	0.236 	RB45	Dontayvion Wicks	0.337 	WR43	Eli Stowers	0.068 	TE43		TE13	7.1 	0.0 	0.0 	5.2 	0.2 	24.2 	227.8 	1.6 	13 	0.230 	0.560 	0.458 	1 	0.343 	0.000 	#N/A	0.372 		21.4 	Carson Beck	0 	QB40	Alvin Kamara	6 	RB61	Dontayvion Wicks	24 	WR26	Eli Stowers	0 	TE41					Indianapolis Colts	Baltimore Ravens	0 	0.0 	0 	0.0 	3.0 	13 	1.0 	0.0 	0.0 	0.0 	7.3 	TE13		Indianapolis Colts	Kansas City Chiefs	0 	0.0 	3 	0.0 	6.0 	21 	1.0 	0.0 	0.0 	0.0 	8.4 	TE10		Indianapolis Colts	Houston Texans	0 	0.0 	2 	0.0 	9.0 	55 	0.0 	0.0 	0.0 	0.0 	5.7 	TE12		Indianapolis Colts	Washington Commanders	0 	0.0 	1 	0.0 	5.7 	53 	0.4 	0.0 	0.0 	0.0 	8.0 	TE4		Indianapolis Colts	Pittsburgh Steelers	0 	0.0 	1 	0.0 	5.5 	52 	0.4 	0.0 	0.0 	0.0 	7.6 	TE5		Indianapolis Colts	Tennessee Titans	0 	0.0 	1 	0.0 	5.7 	53 	0.4 	0.0 	0.0 	0.0 	8.0 	TE4		Indianapolis Colts	Minnesota Vikings	0 	0.0 	1 	0.0 	5.5 	51 	0.3 	0.0 	0.0 	0.0 	7.5 	TE4		Indianapolis Colts	Jacksonville Jaguars	0 	0.0 	1 	0.0 	5.6 	53 	0.4 	0.0 	0.0 	0.0 	7.8 	TE3		Indianapolis Colts	Dallas Cowboys	0 	0.0 	1 	0.0 	5.8 	54 	0.4 	0.0 	0.0 	0.0 	8.2 	TE3		Indianapolis Colts	Miami Dolphins	0 	0.0 	1 	0.0 	5.5 	52 	0.4 	0.0 	0.0 	0.0 	7.9 	TE4		Indianapolis Colts	Houston Texans	0 	0.0 	1 	0.0 	5.5 	52 	0.3 	0.0 	0.0 	0.0 	7.4 	TE4		Indianapolis Colts	New York Giants	0 	0.0 	1 	0.0 	5.6 	53 	0.4 	0.0 	0.0 	0.0 	7.9 	TE3		Indianapolis Colts	BYE	0 	0.0 	0 	0.0 	0.0 	0 	0.0 	0.0 	0.0 	0.0 	0.0 	-		Indianapolis Colts	Philadelphia Eagles	0 	0.0 	1 	0.0 	5.6 	52 	0.3 	0.0 	0.0 	0.0 	7.5 	TE3		Indianapolis Colts	Tennessee Titans	0 	0.0 	1 	0.0 	5.6 	52 	0.4 	0.0 	0.0 	0.0 	7.8 	TE3		Indianapolis Colts	Cincinnati Bengals	0 	0.0 	1 	0.0 	5.8 	54 	0.4 	0.0 	0.0 	0.0 	8.2 	TE3		Indianapolis Colts	Cleveland Browns	0 	0.0 	1 	0.0 	5.4 	51 	0.4 	0.0 	0.0 	0.0 	7.5 	TE4		Actual	Actual	Actual	Forecast	Forecast	Forecast	Forecast	Forecast	Forecast	Forecast	Forecast	Forecast	Forecast	Forecast	Forecast	Forecast	Forecast		Healthy	Healthy	Healthy	Healthy	Healthy	Healthy	Healthy	Healthy	Healthy	Healthy	Healthy	Healthy	Healthy	Healthy	Healthy	Healthy	Healthy		Week 4 2026	9/29/2026	8:41:33 PM	20		23%	28%	1%	3%	0%	0%		0.1 
	Tetairoa McMillan	Carolina Panthers	WR	WR24	8.1 	129 	0 	0.0 	0.0 	0.0 	0 	0.0 	0.0 	0.0 	64.1 	4.0 	1,000 	62.5 	5.3 	0.3 	0.0 	1.2 	0.0 	0.347 	1.000 	0.760 	1 	0.205 	0.000 	55 	38 	(17)	24 	15 	(9)	0.476 			Cooper Rush	0.000 	QB39	Tyler Allgeier	0.238 	RB44	Chris Godwin Jr.	0.276 	WR49	Jake Tonges	0.063 	TE44		5.5 	10.1 	1.7 	9.3 	0.0 	8.4 	8.8 	8.5 	8.3 	8.6 	8.8 	8.6 	8.4 	8.8 	8.9 	8.3 	8.4 		WR38	WR14	WR72	WR14	-	WR18	WR17	WR19	WR23	WR20	WR13	WR20	WR21	WR18	WR20	WR24	WR21		WR19	8.6 	0.0 	0.0 	0.0 	0.0 	4.0 	62.1 	0.4 	19 	0.401 	1.000 	0.810 	1 	0.303 	0.000 	41 	0.546 		112 	Cooper Rush	0.000 	QB38	Tyler Allgeier	0.231 	RB46	Chris Godwin Jr.	0.308 	WR46	Jake Tonges	0.063 	TE44		WR38	5.8 	0.0 	0.0 	0.0 	0.0 	17.4 	269.2 	1.8 	38 	0.186 	1.000 	0.620 	0 	0.025 	0.000 	#N/A	0.317 		17.3 	Cooper Rush	7 	QB38	Tyler Allgeier	10 	RB53	Chris Godwin Jr.	13 	WR55	Jake Tonges	0 	TE41					Carolina Panthers	Chicago Bears	0 	0.0 	0 	0.0 	5.0 	75 	0.0 	0.0 	1.0 	0.0 	5.5 	WR38		Carolina Panthers	Atlanta Falcons	0 	0.0 	0 	0.0 	5.0 	101 	0.0 	0.0 	0.0 	0.0 	10.1 	WR14		Carolina Panthers	Cleveland Browns	0 	0.0 	0 	0.0 	2.0 	17 	0.0 	0.0 	0.0 	0.0 	1.7 	WR72		Carolina Panthers	Detroit Lions	0 	0.0 	0 	0.0 	4.2 	66 	0.5 	0.0 	0.0 	0.0 	9.3 	WR14		Carolina Panthers	BYE	0 	0.0 	0 	0.0 	0.0 	0 	0.0 	0.0 	0.0 	0.0 	0.0 	-		Carolina Panthers	Philadelphia Eagles	0 	0.0 	0 	0.0 	4.0 	62 	0.4 	0.0 	0.0 	0.0 	8.4 	WR18		Carolina Panthers	Tampa Bay Buccaneers	0 	0.0 	0 	0.0 	4.0 	63 	0.4 	0.0 	0.0 	0.0 	8.8 	WR17		Carolina Panthers	Green Bay Packers	0 	0.0 	0 	0.0 	4.0 	62 	0.4 	0.0 	0.0 	0.0 	8.5 	WR19		Carolina Panthers	Denver Broncos	0 	0.0 	0 	0.0 	3.9 	60 	0.4 	0.0 	0.0 	0.0 	8.3 	WR23		Carolina Panthers	New Orleans Saints	0 	0.0 	0 	0.0 	4.0 	61 	0.4 	0.0 	0.0 	0.0 	8.6 	WR20		Carolina Panthers	Baltimore Ravens	0 	0.0 	0 	0.0 	4.1 	63 	0.4 	0.0 	0.0 	0.0 	8.8 	WR13		Carolina Panthers	Tampa Bay Buccaneers	0 	0.0 	0 	0.0 	4.0 	62 	0.4 	0.0 	0.0 	0.0 	8.6 	WR20		Carolina Panthers	Minnesota Vikings	0 	0.0 	0 	0.0 	4.0 	61 	0.4 	0.0 	0.0 	0.0 	8.4 	WR21		Carolina Panthers	New Orleans Saints	0 	0.0 	0 	0.0 	4.0 	62 	0.4 	0.0 	0.0 	0.0 	8.8 	WR18		Carolina Panthers	Cincinnati Bengals	0 	0.0 	0 	0.0 	4.1 	63 	0.4 	0.0 	0.0 	0.0 	8.9 	WR20		Carolina Panthers	Pittsburgh Steelers	0 	0.0 	0 	0.0 	3.9 	61 	0.4 	0.0 	0.0 	0.0 	8.3 	WR24		Carolina Panthers	Seattle Seahawks	0 	0.0 	0 	0.0 	4.0 	62 	0.4 	0.0 	0.0 	0.0 	8.4 	WR21		Actual	Actual	Actual	Forecast	Forecast	Forecast	Forecast	Forecast	Forecast	Forecast	Forecast	Forecast	Forecast	Forecast	Forecast	Forecast	Forecast		Healthy	Healthy	Healthy	Healthy	Healthy	Healthy	Healthy	Healthy	Healthy	Healthy	Healthy	Healthy	Healthy	Healthy	Healthy	Healthy	Healthy		Week 4 2026	9/29/2026	8:41:33 PM	20		28%	27%	0%	0%	0%	0%		0.2 
	Malik Nabers	New York Giants	WR	WR32	7.5 	120 	0 	0.0 	0.0 	0.0 	0 	0.0 	0.0 	0.0 	66.3 	4.1 	867 	54.2 	5.6 	0.4 	0.0 	0.2 	0.0 	0.322 	1.000 	0.680 	1 	0.155 	0.000 	71 	31 	(40)	32 	12 	(20)	0.416 				-	-	Emmett Johnson	0.220 	RB47	Jordan Addison	0.340 	WR41		-	-		6.9 	0.1 	2.6 	8.3 	8.7 	8.5 	8.2 	0.0 	8.3 	8.8 	8.6 	8.6 	8.5 	8.4 	8.1 	8.8 	8.8 		WR31	WR85	WR59	WR20	WR20	WR16	WR20	-	WR22	WR19	WR15	WR21	WR19	WR20	WR25	WR19	WR20		WR21	8.5 	0.0 	0.0 	0.0 	0.0 	4.2 	59.3 	0.4 	21 	0.395 	1.000 	0.790 	1 	0.291 	0.000 	46 	0.531 		110 		-	-	Emmett Johnson	0.210 	RB49	Jordan Addison	0.347 	WR41		-	-		WR74	3.2 	0.0 	0.0 	0.0 	0.0 	18.1 	256.9 	1.9 	74 	0.103 	1.000 	0.260 	(0)	0.000 	0.000 	#N/A	0.132 		9.6 		-	-	Emmett Johnson	12 	RB43	Jordan Addison	17 	WR36		-	-					New York Giants	Dallas Cowboys	0 	0.0 	0 	0.0 	6.0 	69 	0.0 	0.0 	0.0 	0.0 	6.9 	WR31		New York Giants	Los Angeles Rams	0 	0.0 	0 	0.0 	1.0 	1 	0.0 	0.0 	0.0 	0.0 	0.1 	WR85		New York Giants	Tennessee Titans	0 	0.0 	0 	0.0 	5.0 	26 	0.0 	0.0 	0.0 	0.0 	2.6 	WR59		New York Giants	Arizona Cardinals	0 	0.0 	0 	0.0 	4.1 	58 	0.4 	0.0 	0.0 	0.0 	8.3 	WR20		New York Giants	Washington Commanders	0 	0.0 	0 	0.0 	4.2 	60 	0.5 	0.0 	0.0 	0.0 	8.7 	WR20		New York Giants	New Orleans Saints	0 	0.0 	0 	0.0 	4.1 	59 	0.4 	0.0 	0.0 	0.0 	8.5 	WR16		New York Giants	Houston Texans	0 	0.0 	0 	0.0 	4.1 	59 	0.4 	0.0 	0.0 	0.0 	8.2 	WR20		New York Giants	BYE	0 	0.0 	0 	0.0 	0.0 	0 	0.0 	0.0 	0.0 	0.0 	0.0 	-		New York Giants	Philadelphia Eagles	0 	0.0 	0 	0.0 	4.2 	59 	0.4 	0.0 	0.0 	0.0 	8.3 	WR22		New York Giants	Washington Commanders	0 	0.0 	0 	0.0 	4.2 	60 	0.5 	0.0 	0.0 	0.0 	8.8 	WR19		New York Giants	Jacksonville Jaguars	0 	0.0 	0 	0.0 	4.2 	59 	0.4 	0.0 	0.0 	0.0 	8.6 	WR15		New York Giants	Indianapolis Colts	0 	0.0 	0 	0.0 	4.2 	59 	0.4 	0.0 	0.0 	0.0 	8.6 	WR21		New York Giants	San Francisco 49ers	0 	0.0 	0 	0.0 	4.2 	59 	0.4 	0.0 	0.0 	0.0 	8.5 	WR19		New York Giants	Seattle Seahawks	0 	0.0 	0 	0.0 	4.2 	60 	0.4 	0.0 	0.0 	0.0 	8.4 	WR20		New York Giants	Cleveland Browns	0 	0.0 	0 	0.0 	4.0 	56 	0.4 	0.0 	0.0 	0.0 	8.1 	WR25		New York Giants	Detroit Lions	0 	0.0 	0 	0.0 	4.3 	61 	0.5 	0.0 	0.0 	0.0 	8.8 	WR19		New York Giants	Dallas Cowboys	0 	0.0 	0 	0.0 	4.3 	61 	0.5 	0.0 	0.0 	0.0 	8.8 	WR20		Actual	Actual	Actual	Forecast	Forecast	Forecast	Forecast	Forecast	Forecast	Forecast	Forecast	Forecast	Forecast	Forecast	Forecast	Forecast	Forecast		Healthy	Healthy	Healthy	Healthy	Healthy	Healthy	Healthy	Healthy	Healthy	Healthy	Healthy	Healthy	Healthy	Healthy	Healthy	Healthy	Healthy		Week 4 2026	9/29/2026	8:41:33 PM	20		29%	32%	0%	0%	0%	0%		0.3 
	Rashee Rice	Kansas City Chiefs	WR	WR21	8.2 	131 	0 	0.0 	0.0 	0.0 	0 	0.0 	0.0 	0.0 	73.3 	4.6 	926 	57.9 	6.5 	0.4 	0.0 	0.2 	0.0 	0.353 	1.000 	0.790 	1 	0.217 	0.000 	48 	33 	(15)	21 	13 	(8)	0.495 				-	-	Brian Robinson Jr.	0.261 	RB41	Romeo Doubs	0.331 	WR44		-	-		7.9 	8.3 	8.8 	8.4 	0.0 	8.3 	7.9 	7.8 	7.9 	8.2 	8.4 	8.4 	8.1 	8.3 	8.2 	8.4 	8.0 		WR26	WR20	WR27	WR19	-	WR19	WR23	WR22	WR28	WR23	WR17	WR23	WR23	WR21	WR23	WR23	WR25		WR24	8.2 	0.0 	0.0 	0.0 	0.0 	4.6 	56.6 	0.4 	23 	0.381 	1.000 	0.770 	1 	0.260 	0.000 	51 	0.507 		106 		-	-	Brian Robinson Jr.	0.243 	RB44	Romeo Doubs	0.360 	WR39		-	-		WR23	8.3 	0.0 	0.0 	0.0 	0.0 	20.1 	245.2 	1.8 	23 	0.269 	1.000 	0.770 	1 	0.151 	0.000 	#N/A	0.447 		25.0 		-	-	Brian Robinson Jr.	21 	RB25	Romeo Doubs	15 	WR49		-	-					Kansas City Chiefs	Denver Broncos	0 	0.0 	0 	0.0 	2.0 	19 	1.0 	0.0 	0.0 	0.0 	7.9 	WR26		Kansas City Chiefs	Indianapolis Colts	0 	0.0 	0 	0.0 	4.0 	83 	0.0 	0.0 	0.0 	0.0 	8.3 	WR20		Kansas City Chiefs	Miami Dolphins	0 	0.0 	0 	0.0 	7.0 	88 	0.0 	0.0 	0.0 	0.0 	8.8 	WR27		Kansas City Chiefs	Las Vegas Raiders	0 	0.0 	0 	0.0 	4.7 	57 	0.5 	0.0 	0.0 	0.0 	8.4 	WR19		Kansas City Chiefs	BYE	0 	0.0 	0 	0.0 	0.0 	0 	0.0 	0.0 	0.0 	0.0 	0.0 	-		Kansas City Chiefs	Los Angeles Chargers	0 	0.0 	0 	0.0 	4.7 	57 	0.4 	0.0 	0.0 	0.0 	8.3 	WR19		Kansas City Chiefs	Seattle Seahawks	0 	0.0 	0 	0.0 	4.6 	56 	0.4 	0.0 	0.0 	0.0 	7.9 	WR23		Kansas City Chiefs	Denver Broncos	0 	0.0 	0 	0.0 	4.5 	55 	0.4 	0.0 	0.0 	0.0 	7.8 	WR22		Kansas City Chiefs	New York Jets	0 	0.0 	0 	0.0 	4.4 	54 	0.4 	0.0 	0.0 	0.0 	7.9 	WR28		Kansas City Chiefs	Atlanta Falcons	0 	0.0 	0 	0.0 	4.6 	56 	0.4 	0.0 	0.0 	0.0 	8.2 	WR23		Kansas City Chiefs	Arizona Cardinals	0 	0.0 	0 	0.0 	4.6 	56 	0.5 	0.0 	0.0 	0.0 	8.4 	WR17		Kansas City Chiefs	Buffalo Bills	0 	0.0 	0 	0.0 	4.8 	58 	0.4 	0.0 	0.0 	0.0 	8.4 	WR23		Kansas City Chiefs	Los Angeles Rams	0 	0.0 	0 	0.0 	4.7 	57 	0.4 	0.0 	0.0 	0.0 	8.1 	WR23		Kansas City Chiefs	Cincinnati Bengals	0 	0.0 	0 	0.0 	4.7 	58 	0.4 	0.0 	0.0 	0.0 	8.3 	WR21		Kansas City Chiefs	New England Patriots	0 	0.0 	0 	0.0 	4.7 	57 	0.4 	0.0 	0.0 	0.0 	8.2 	WR23		Kansas City Chiefs	San Francisco 49ers	0 	0.0 	0 	0.0 	4.7 	58 	0.4 	0.0 	0.0 	0.0 	8.4 	WR23		Kansas City Chiefs	Los Angeles Chargers	0 	0.0 	0 	0.0 	4.6 	56 	0.4 	0.0 	0.0 	0.0 	8.0 	WR25		Actual	Actual	Actual	Forecast	Forecast	Forecast	Forecast	Forecast	Forecast	Forecast	Forecast	Forecast	Forecast	Forecast	Forecast	Forecast	Forecast		Healthy	Healthy	Healthy	Healthy	Healthy	Healthy	Healthy	Healthy	Healthy	Healthy	Healthy	Healthy	Healthy	Healthy	Healthy	Healthy	Healthy		Week 4 2026	9/29/2026	8:41:33 PM	20		26%	28%	0%	0%	0%	0%		0.0 
	Bhayshul Tuten	Jacksonville Jaguars	RB	RB18	10.7 	172 	0 	0.0 	0.0 	0.0 	1,049 	65.5 	7.7 	0.5 	27.7 	1.7 	215 	13.5 	0.6 	0.0 	0.0 	2.3 	0.0 	0.461 	1.000 	0.792 	1 	0.277 	0.000 	39 	50 	11 	18 	23 	5 	0.536 				-	-	Zach Charbonnet	0.201 	RB50	Caleb Douglas	0.286 	WR48		-	-		8.8 	12.2 	15.0 	10.4 	9.8 	10.1 	0.0 	11.8 	9.6 	10.7 	10.7 	11.4 	9.9 	10.6 	9.4 	10.4 	11.2 		RB24	RB11	RB11	RB19	RB23	RB18	-	RB14	RB19	RB16	RB16	RB18	RB19	RB18	RB24	RB19	RB18		RB18	10.4 	0.0 	0.0 	65.0 	0.4 	1.7 	13.8 	0.0 	18 	0.486 	1.000 	0.792 	1 	0.293 	0.000 	40 	0.546 		136 		-	-	Zach Charbonnet	0.249 	RB43	Caleb Douglas	0.308 	WR47		-	-		RB13	12.0 	0.0 	0.0 	281.5 	1.9 	7.6 	59.8 	0.2 	13 	0.387 	1.000 	0.852 	1 	0.272 	0.000 	#N/A	0.550 		36.0 		-	-	Zach Charbonnet	0 	RB69	Caleb Douglas	11 	WR61		-	-					Jacksonville Jaguars	Cleveland Browns	0 	0.0 	66 	0.0 	1.0 	22 	0.0 	0.0 	0.0 	0.0 	8.8 	RB24		Jacksonville Jaguars	Denver Broncos	0 	0.0 	65 	1.0 	2.0 	(3)	0.0 	0.0 	0.0 	0.0 	12.2 	RB11		Jacksonville Jaguars	New England Patriots	0 	0.0 	73 	1.0 	2.0 	17 	0.0 	0.0 	0.0 	0.0 	15.0 	RB11		Jacksonville Jaguars	Cincinnati Bengals	0 	0.0 	64 	0.4 	1.8 	14 	0.1 	0.0 	0.2 	0.0 	10.4 	RB19		Jacksonville Jaguars	Philadelphia Eagles	0 	0.0 	61 	0.4 	1.7 	14 	0.0 	0.0 	0.2 	0.0 	9.8 	RB23		Jacksonville Jaguars	Houston Texans	0 	0.0 	64 	0.4 	1.7 	13 	0.0 	0.0 	0.2 	0.0 	10.1 	RB18		Jacksonville Jaguars	BYE	0 	0.0 	0 	0.0 	0.0 	0 	0.0 	0.0 	0.0 	0.0 	0.0 	-		Jacksonville Jaguars	Indianapolis Colts	0 	0.0 	73 	0.5 	1.8 	14 	0.1 	0.0 	0.2 	0.0 	11.8 	RB14		Jacksonville Jaguars	Baltimore Ravens	0 	0.0 	59 	0.4 	1.8 	14 	0.0 	0.0 	0.2 	0.0 	9.6 	RB19		Jacksonville Jaguars	Tennessee Titans	0 	0.0 	66 	0.5 	1.7 	14 	0.0 	0.0 	0.2 	0.0 	10.7 	RB16		Jacksonville Jaguars	New York Giants	0 	0.0 	66 	0.5 	1.7 	14 	0.0 	0.0 	0.2 	0.0 	10.7 	RB16		Jacksonville Jaguars	Tennessee Titans	0 	0.0 	71 	0.5 	1.7 	14 	0.1 	0.0 	0.2 	0.0 	11.4 	RB18		Jacksonville Jaguars	Chicago Bears	0 	0.0 	62 	0.4 	1.7 	14 	0.0 	0.0 	0.2 	0.0 	9.9 	RB19		Jacksonville Jaguars	Pittsburgh Steelers	0 	0.0 	66 	0.4 	1.7 	14 	0.0 	0.0 	0.2 	0.0 	10.6 	RB18		Jacksonville Jaguars	Houston Texans	0 	0.0 	60 	0.4 	1.7 	13 	0.0 	0.0 	0.2 	0.0 	9.4 	RB24		Jacksonville Jaguars	Dallas Cowboys	0 	0.0 	64 	0.4 	1.8 	14 	0.1 	0.0 	0.2 	0.0 	10.4 	RB19		Jacksonville Jaguars	Washington Commanders	0 	0.0 	69 	0.5 	1.8 	14 	0.1 	0.0 	0.2 	0.0 	11.2 	RB18		Actual	Actual	Actual	Forecast	Forecast	Forecast	Forecast	Forecast	Forecast	Forecast	Forecast	Forecast	Forecast	Forecast	Forecast	Forecast	Forecast		Healthy	Healthy	Healthy	Healthy	Healthy	Healthy	Healthy	Healthy	Healthy	Healthy	Healthy	Healthy	Healthy	Healthy	Healthy	Healthy	Healthy		Week 4 2026	9/29/2026	8:41:33 PM	20		6%	3%	55%	50%	0%	0%		(0.0)
	Jaylen Waddle	Denver Broncos	WR	WR28	7.8 	124 	0 	0.0 	0.0 	0.0 	14 	0.9 	0.0 	0.0 	66.5 	4.2 	938 	58.6 	4.9 	0.3 	0.0 	0.2 	0.0 	0.333 	1.000 	0.720 	1 	0.177 	0.000 	64 	47 	(17)	28 	21 	(7)	0.445 				-	-	Raheim Sanders	0.175 	RB54	Luther Burden III	0.353 	WR39		-	-		0.2 	13.8 	2.4 	8.0 	8.3 	8.2 	8.6 	8.4 	8.4 	0.0 	8.4 	8.0 	8.5 	8.2 	8.3 	8.6 	8.1 		WR89	WR12	WR62	WR23	WR22	WR20	WR19	WR20	WR20	-	WR16	WR26	WR20	WR22	WR22	WR21	WR23		WR23	8.3 	0.0 	0.0 	0.0 	0.0 	4.3 	60.6 	0.4 	22 	0.385 	1.000 	0.780 	1 	0.269 	0.000 	50 	0.516 		108 		-	-	Raheim Sanders	0.189 	RB52	Luther Burden III	0.353 	WR40		-	-		WR41	5.5 	0.0 	0.0 	0.0 	0.0 	18.5 	262.5 	1.6 	41 	0.176 	1.000 	0.590 	0 	0.011 	0.000 	#N/A	0.296 		16.4 		-	-	Raheim Sanders	9 	RB54	Luther Burden III	21 	WR30		-	-					Denver Broncos	Kansas City Chiefs	0 	0.0 	0 	0.0 	1.0 	2 	0.0 	0.0 	0.0 	0.0 	0.2 	WR89		Denver Broncos	Jacksonville Jaguars	0 	0.0 	0 	0.0 	8.0 	138 	0.0 	0.0 	0.0 	0.0 	13.8 	WR12		Denver Broncos	Los Angeles Rams	0 	0.0 	14 	0.0 	2.0 	10 	0.0 	0.0 	0.0 	0.0 	2.4 	WR62		Denver Broncos	San Francisco 49ers	0 	0.0 	0 	0.0 	4.1 	59 	0.4 	0.0 	0.0 	0.0 	8.0 	WR23		Denver Broncos	Los Angeles Chargers	0 	0.0 	0 	0.0 	4.3 	61 	0.4 	0.0 	0.0 	0.0 	8.3 	WR22		Denver Broncos	Seattle Seahawks	0 	0.0 	0 	0.0 	4.3 	61 	0.4 	0.0 	0.0 	0.0 	8.2 	WR20		Denver Broncos	Arizona Cardinals	0 	0.0 	0 	0.0 	4.3 	61 	0.4 	0.0 	0.0 	0.0 	8.6 	WR19		Denver Broncos	Kansas City Chiefs	0 	0.0 	0 	0.0 	4.3 	61 	0.4 	0.0 	0.0 	0.0 	8.4 	WR20		Denver Broncos	Carolina Panthers	0 	0.0 	0 	0.0 	4.3 	62 	0.4 	0.0 	0.0 	0.0 	8.4 	WR20		Denver Broncos	BYE	0 	0.0 	0 	0.0 	0.0 	0 	0.0 	0.0 	0.0 	0.0 	0.0 	-		Denver Broncos	Las Vegas Raiders	0 	0.0 	0 	0.0 	4.3 	60 	0.4 	0.0 	0.0 	0.0 	8.4 	WR16		Denver Broncos	Pittsburgh Steelers	0 	0.0 	0 	0.0 	4.2 	59 	0.3 	0.0 	0.0 	0.0 	8.0 	WR26		Denver Broncos	Miami Dolphins	0 	0.0 	0 	0.0 	4.3 	60 	0.4 	0.0 	0.0 	0.0 	8.5 	WR20		Denver Broncos	New York Jets	0 	0.0 	0 	0.0 	4.2 	60 	0.4 	0.0 	0.0 	0.0 	8.2 	WR22		Denver Broncos	Las Vegas Raiders	0 	0.0 	0 	0.0 	4.3 	60 	0.4 	0.0 	0.0 	0.0 	8.3 	WR22		Denver Broncos	Buffalo Bills	0 	0.0 	0 	0.0 	4.4 	63 	0.4 	0.0 	0.0 	0.0 	8.6 	WR21		Denver Broncos	New England Patriots	0 	0.0 	0 	0.0 	4.2 	60 	0.3 	0.0 	0.0 	0.0 	8.1 	WR23		Actual	Actual	Actual	Forecast	Forecast	Forecast	Forecast	Forecast	Forecast	Forecast	Forecast	Forecast	Forecast	Forecast	Forecast	Forecast	Forecast		Healthy	Healthy	Healthy	Limited / Handicapped	Healthy	Healthy	Healthy	Healthy	Healthy	Healthy	Healthy	Healthy	Healthy	Healthy	Healthy	Healthy	Healthy		Week 4 2026	9/29/2026	8:41:33 PM	20		27%	26%	0%	0%	0%	0%		0.1 
	Jalen Hurts	Philadelphia Eagles	QB	QB5	18.0 	289 	3,306 	206.6 	23.7 	1.5 	523 	32.7 	5.7 	0.4 	0.0 	0.0 	0 	0.0 	0.0 	0.0 	11.4 	1.0 	0.0 	0.775 	0.460 	0.424 	1 	0.492 	0.000 	59 	73 	14 	5 	6 	1 	0.456 				-	-	Chris Rodriguez Jr.	0.232 	RB45	Michael Pittman Jr.	0.260 	WR51		-	-		24.7 	16.2 	12.6 	17.1 	18.0 	18.5 	19.2 	18.3 	18.6 	0.0 	18.1 	18.4 	18.8 	19.2 	17.5 	16.2 	17.4 		QB7	QB15	QB23	QB6	QB4	QB3	QB1	QB3	QB3	-	QB4	QB4	QB2	QB2	QB4	QB14	QB7		QB3	18.1 	206.6 	1.4 	33.5 	0.4 	0.0 	0.0 	0.0 	3 	0.841 	0.460 	0.441 	1 	0.642 	0.000 	45 	0.536 		235 		-	-	Chris Rodriguez Jr.	0.223 	RB47	Michael Pittman Jr.	0.301 	WR48		-	-		QB10	17.8 	895.4 	6.2 	145.4 	1.6 	0.0 	0.0 	0.0 	10 	0.576 	0.460 	0.374 	1 	0.291 	0.000 	#N/A	0.335 		53.5 		-	-	Chris Rodriguez Jr.	13 	RB38	Michael Pittman Jr.	7 	WR74		-	-					Philadelphia Eagles	Washington Commanders	203 	3.0 	46 	0.0 	0.0 	0 	0.0 	0.0 	0.0 	0.0 	24.7 	QB7		Philadelphia Eagles	Tennessee Titans	264 	2.0 	16 	0.0 	0.0 	0 	0.0 	2.0 	0.0 	0.0 	16.2 	QB15		Philadelphia Eagles	Chicago Bears	153 	0.0 	25 	1.0 	0.0 	0 	0.0 	1.0 	0.0 	0.0 	12.6 	QB23		Philadelphia Eagles	Los Angeles Rams	206 	1.3 	31 	0.3 	0.0 	0 	0.0 	0.6 	0.1 	0.0 	17.1 	QB6		Philadelphia Eagles	Jacksonville Jaguars	208 	1.4 	33 	0.4 	0.0 	0 	0.0 	0.6 	0.1 	0.0 	18.0 	QB4		Philadelphia Eagles	Carolina Panthers	202 	1.5 	36 	0.4 	0.0 	0 	0.0 	0.6 	0.1 	0.0 	18.5 	QB3		Philadelphia Eagles	Dallas Cowboys	215 	1.6 	34 	0.4 	0.0 	0 	0.0 	0.6 	0.1 	0.0 	19.2 	QB1		Philadelphia Eagles	Washington Commanders	209 	1.5 	33 	0.4 	0.0 	0 	0.0 	0.6 	0.1 	0.0 	18.3 	QB3		Philadelphia Eagles	New York Giants	208 	1.5 	35 	0.4 	0.0 	0 	0.0 	0.6 	0.1 	0.0 	18.6 	QB3		Philadelphia Eagles	BYE	0 	0.0 	0 	0.0 	0.0 	0 	0.0 	0.0 	0.0 	0.0 	0.0 	-		Philadelphia Eagles	Pittsburgh Steelers	204 	1.4 	34 	0.4 	0.0 	0 	0.0 	0.6 	0.1 	0.0 	18.1 	QB4		Philadelphia Eagles	Dallas Cowboys	215 	1.5 	32 	0.3 	0.0 	0 	0.0 	0.6 	0.1 	0.0 	18.4 	QB4		Philadelphia Eagles	Arizona Cardinals	200 	1.5 	38 	0.4 	0.0 	0 	0.0 	0.6 	0.1 	0.0 	18.8 	QB2		Philadelphia Eagles	Indianapolis Colts	211 	1.6 	36 	0.4 	0.0 	0 	0.0 	0.6 	0.1 	0.0 	19.2 	QB2		Philadelphia Eagles	Seattle Seahawks	204 	1.4 	32 	0.3 	0.0 	0 	0.0 	0.6 	0.1 	0.0 	17.5 	QB4		Philadelphia Eagles	Houston Texans	196 	1.2 	31 	0.3 	0.0 	0 	0.0 	0.6 	0.1 	0.0 	16.2 	QB14		Philadelphia Eagles	San Francisco 49ers	208 	1.4 	31 	0.3 	0.0 	0 	0.0 	0.6 	0.1 	0.0 	17.4 	QB7		Actual	Actual	Actual	Forecast	Forecast	Forecast	Forecast	Forecast	Forecast	Forecast	Forecast	Forecast	Forecast	Forecast	Forecast	Forecast	Forecast		Healthy	Healthy	Healthy	Healthy	Healthy	Healthy	Healthy	Healthy	Healthy	Healthy	Healthy	Healthy	Healthy	Healthy	Healthy	Healthy	Healthy		Week 4 2026	9/29/2026	8:41:33 PM	20		0%	0%	24%	34%	99%	99%		0.1 
	Emeka Egbuka	Tampa Bay Buccaneers	WR	WR27	7.8 	124 	0 	0.0 	0.0 	0.0 	(3)	(0.2)	0.0 	0.0 	72.8 	4.6 	877 	54.8 	6.2 	0.4 	0.0 	0.2 	0.0 	0.333 	1.000 	0.730 	1 	0.177 	0.000 	62 	53 	(9)	27 	24 	(3)	0.449 				-	-	Kaelon Black	0.214 	RB48	Tre Tucker	0.339 	WR42		-	-		6.3 	7.3 	6.2 	7.2 	8.5 	8.0 	8.0 	8.2 	8.1 	0.0 	8.1 	8.1 	7.9 	8.1 	8.2 	8.0 	8.0 		WR32	WR22	WR38	WR34	WR21	WR22	WR22	WR21	WR24	-	WR18	WR24	WR24	WR23	WR24	WR25	WR24		WR25	8.0 	0.0 	0.0 	0.0 	0.0 	4.6 	56.6 	0.4 	24 	0.373 	1.000 	0.760 	1 	0.243 	0.000 	54 	0.495 		104 		-	-	Kaelon Black	0.216 	RB48	Tre Tucker	0.293 	WR49		-	-		WR33	6.6 	0.0 	0.0 	0.0 	0.0 	19.9 	245.3 	1.7 	33 	0.213 	1.000 	0.670 	0 	0.066 	0.000 	#N/A	0.360 		19.8 		-	-	Kaelon Black	11 	RB46	Tre Tucker	25 	WR24		-	-					Tampa Bay Buccaneers	Cincinnati Bengals	0 	0.0 	0 	0.0 	5.0 	63 	0.0 	0.0 	0.0 	0.0 	6.3 	WR32		Tampa Bay Buccaneers	Cleveland Browns	0 	0.0 	(3)	0.0 	3.0 	16 	1.0 	0.0 	0.0 	0.0 	7.3 	WR22		Tampa Bay Buccaneers	Minnesota Vikings	0 	0.0 	0 	0.0 	5.0 	62 	0.0 	0.0 	0.0 	0.0 	6.2 	WR38		Tampa Bay Buccaneers	Green Bay Packers	0 	0.0 	0 	0.0 	4.3 	53 	0.3 	0.0 	0.0 	0.0 	7.2 	WR34		Tampa Bay Buccaneers	Dallas Cowboys	0 	0.0 	0 	0.0 	4.8 	59 	0.4 	0.0 	0.0 	0.0 	8.5 	WR21		Tampa Bay Buccaneers	Pittsburgh Steelers	0 	0.0 	0 	0.0 	4.5 	56 	0.4 	0.0 	0.0 	0.0 	8.0 	WR22		Tampa Bay Buccaneers	Carolina Panthers	0 	0.0 	0 	0.0 	4.5 	56 	0.4 	0.0 	0.0 	0.0 	8.0 	WR22		Tampa Bay Buccaneers	Atlanta Falcons	0 	0.0 	0 	0.0 	4.6 	56 	0.4 	0.0 	0.0 	0.0 	8.2 	WR21		Tampa Bay Buccaneers	Chicago Bears	0 	0.0 	0 	0.0 	4.7 	58 	0.4 	0.0 	0.0 	0.0 	8.1 	WR24		Tampa Bay Buccaneers	BYE	0 	0.0 	0 	0.0 	0.0 	0 	0.0 	0.0 	0.0 	0.0 	0.0 	-		Tampa Bay Buccaneers	Detroit Lions	0 	0.0 	0 	0.0 	4.7 	58 	0.4 	0.0 	0.0 	0.0 	8.1 	WR18		Tampa Bay Buccaneers	Carolina Panthers	0 	0.0 	0 	0.0 	4.6 	56 	0.4 	0.0 	0.0 	0.0 	8.1 	WR24		Tampa Bay Buccaneers	Los Angeles Chargers	0 	0.0 	0 	0.0 	4.5 	56 	0.4 	0.0 	0.0 	0.0 	7.9 	WR24		Tampa Bay Buccaneers	Baltimore Ravens	0 	0.0 	0 	0.0 	4.7 	58 	0.4 	0.0 	0.0 	0.0 	8.1 	WR23		Tampa Bay Buccaneers	New Orleans Saints	0 	0.0 	0 	0.0 	4.6 	57 	0.4 	0.0 	0.0 	0.0 	8.2 	WR24		Tampa Bay Buccaneers	Atlanta Falcons	0 	0.0 	0 	0.0 	4.5 	56 	0.4 	0.0 	0.0 	0.0 	8.0 	WR25		Tampa Bay Buccaneers	Los Angeles Rams	0 	0.0 	0 	0.0 	4.6 	57 	0.4 	0.0 	0.0 	0.0 	8.0 	WR24		Actual	Actual	Actual	Forecast	Forecast	Forecast	Forecast	Forecast	Forecast	Forecast	Forecast	Forecast	Forecast	Forecast	Forecast	Forecast	Forecast		Healthy	Healthy	Healthy	Healthy	Healthy	Healthy	Healthy	Healthy	Healthy	Healthy	Healthy	Healthy	Healthy	Healthy	Healthy	Healthy	Healthy		Week 4 2026	9/29/2026	8:41:33 PM	20		25%	25%	0%	0%	0%	0%		0.1 
	Jeremiyah Love	Arizona Cardinals	RB	RB22	9.7 	156 	0 	0.0 	0.0 	0.0 	807 	50.4 	4.8 	0.3 	51.0 	3.2 	311 	19.4 	3.2 	0.2 	0.0 	2.2 	0.0 	0.418 	1.000 	0.743 	1 	0.201 	0.000 	53 	22 	(31)	22 	14 	(8)	0.478 				-	-	Kenny Gainwell	0.149 	RB58	Devaughn Vele	0.300 	WR46		-	-		11.0 	4.5 	16.9 	11.4 	9.4 	8.6 	8.9 	9.0 	8.4 	9.0 	8.5 	10.4 	8.8 	0.0 	11.0 	9.6 	10.4 		RB19	RB36	RB8	RB15	RB25	RB26	RB23	RB22	RB26	RB24	RB23	RB21	RB23	-	RB18	RB23	RB20		RB24	9.5 	0.0 	0.0 	49.8 	0.3 	3.2 	20.5 	0.2 	24 	0.441 	1.000 	0.719 	1 	0.211 	0.000 	61 	0.474 		123 		-	-	Kenny Gainwell	0.164 	RB56	Devaughn Vele	0.258 	WR52		-	-		RB16	10.8 	0.0 	0.0 	215.7 	1.3 	13.7 	88.9 	0.7 	16 	0.349 	1.000 	0.816 	1 	0.213 	0.000 	#N/A	0.505 		32.4 		-	-	Kenny Gainwell	4 	RB63	Devaughn Vele	23 	WR27		-	-					Arizona Cardinals	Los Angeles Chargers	0 	0.0 	41 	1.0 	2.0 	9 	0.0 	0.0 	0.0 	0.0 	11.0 	RB19		Arizona Cardinals	Seattle Seahawks	0 	0.0 	29 	0.0 	3.0 	16 	0.0 	0.0 	0.0 	0.0 	4.5 	RB36		Arizona Cardinals	San Francisco 49ers	0 	0.0 	90 	0.0 	5.0 	19 	1.0 	0.0 	0.0 	0.0 	16.9 	RB8		Arizona Cardinals	New York Giants	0 	0.0 	61 	0.4 	3.2 	21 	0.2 	0.0 	0.2 	0.0 	11.4 	RB15		Arizona Cardinals	Detroit Lions	0 	0.0 	48 	0.3 	3.3 	21 	0.2 	0.0 	0.2 	0.0 	9.4 	RB25		Arizona Cardinals	Los Angeles Rams	0 	0.0 	45 	0.2 	3.1 	20 	0.2 	0.0 	0.2 	0.0 	8.6 	RB26		Arizona Cardinals	Denver Broncos	0 	0.0 	46 	0.3 	3.2 	21 	0.2 	0.0 	0.2 	0.0 	8.9 	RB23		Arizona Cardinals	Dallas Cowboys	0 	0.0 	46 	0.3 	3.2 	21 	0.2 	0.0 	0.2 	0.0 	9.0 	RB22		Arizona Cardinals	Seattle Seahawks	0 	0.0 	44 	0.2 	3.1 	20 	0.1 	0.0 	0.2 	0.0 	8.4 	RB26		Arizona Cardinals	Los Angeles Rams	0 	0.0 	46 	0.3 	3.2 	21 	0.2 	0.0 	0.2 	0.0 	9.0 	RB24		Arizona Cardinals	Kansas City Chiefs	0 	0.0 	45 	0.2 	3.1 	20 	0.2 	0.0 	0.2 	0.0 	8.5 	RB23		Arizona Cardinals	Washington Commanders	0 	0.0 	54 	0.3 	3.2 	21 	0.2 	0.0 	0.2 	0.0 	10.4 	RB21		Arizona Cardinals	Philadelphia Eagles	0 	0.0 	46 	0.3 	3.1 	20 	0.2 	0.0 	0.2 	0.0 	8.8 	RB23		Arizona Cardinals	BYE	0 	0.0 	0 	0.0 	0.0 	0 	0.0 	0.0 	0.0 	0.0 	0.0 	-		Arizona Cardinals	New York Jets	0 	0.0 	60 	0.4 	3.1 	20 	0.2 	0.0 	0.2 	0.0 	11.0 	RB18		Arizona Cardinals	New Orleans Saints	0 	0.0 	50 	0.3 	3.2 	21 	0.2 	0.0 	0.2 	0.0 	9.6 	RB23		Arizona Cardinals	Las Vegas Raiders	0 	0.0 	56 	0.3 	3.1 	20 	0.2 	0.0 	0.2 	0.0 	10.4 	RB20		Actual	Actual	Actual	Forecast	Forecast	Forecast	Forecast	Forecast	Forecast	Forecast	Forecast	Forecast	Forecast	Forecast	Forecast	Forecast	Forecast		Healthy	Healthy	Healthy	Healthy	Healthy	Healthy	Healthy	Healthy	Healthy	Healthy	Healthy	Healthy	Healthy	Healthy	Healthy	Healthy	Healthy		Week 4 2026	9/29/2026	8:41:33 PM	20		9%	12%	53%	50%	0%	0%		(0.0)
	George Kittle	San Francisco 49ers	TE	TE3	8.7 	138 	0 	0.0 	0.0 	0.0 	0 	0.0 	0.0 	0.0 	68.2 	4.3 	877 	54.8 	8.5 	0.5 	0.0 	0.2 	0.0 	0.371 	0.560 	0.541 	1 	0.651 	0.000 	37 	99 	62 	3 	9 	6 	0.565 				-	-	Keaton Mitchell	0.208 	RB49	Brian Thomas Jr.	0.251 	WR52		-	-		1.2 	14.0 	20.2 	8.0 	7.9 	8.4 	8.0 	0.0 	7.9 	8.3 	8.0 	7.7 	8.1 	7.9 	7.7 	7.6 	7.7 		TE31	TE5	TE1	TE5	TE3	TE3	TE3	-	TE4	TE3	TE3	TE4	TE2	TE2	TE4	TE4	TE3		TE3	7.9 	0.0 	0.0 	0.0 	0.0 	4.3 	54.1 	0.4 	3 	0.368 	0.560 	0.541 	1 	0.593 	0.000 	43 	0.539 		103 		-	-	Keaton Mitchell	0.202 	RB50	Brian Thomas Jr.	0.275 	WR51		-	-		TE1	11.8 	0.0 	0.0 	0.0 	0.0 	18.7 	234.2 	1.8 	1 	0.381 	0.560 	0.554 	2 	1.000 	0.000 	#N/A	0.729 		35.4 		-	-	Keaton Mitchell	16 	RB37	Brian Thomas Jr.	9 	WR70		-	-					San Francisco 49ers	Los Angeles Rams	0 	0.0 	0 	0.0 	2.0 	12 	0.0 	0.0 	0.0 	0.0 	1.2 	TE31		San Francisco 49ers	Miami Dolphins	0 	0.0 	0 	0.0 	4.0 	80 	1.0 	0.0 	0.0 	0.0 	14.0 	TE5		San Francisco 49ers	Arizona Cardinals	0 	0.0 	0 	0.0 	6.0 	82 	2.0 	0.0 	0.0 	0.0 	20.2 	TE1		San Francisco 49ers	Denver Broncos	0 	0.0 	0 	0.0 	4.3 	54 	0.4 	0.0 	0.0 	0.0 	8.0 	TE5		San Francisco 49ers	Seattle Seahawks	0 	0.0 	0 	0.0 	4.4 	55 	0.4 	0.0 	0.0 	0.0 	7.9 	TE3		San Francisco 49ers	Washington Commanders	0 	0.0 	0 	0.0 	4.5 	56 	0.5 	0.0 	0.0 	0.0 	8.4 	TE3		San Francisco 49ers	Atlanta Falcons	0 	0.0 	0 	0.0 	4.3 	54 	0.4 	0.0 	0.0 	0.0 	8.0 	TE3		San Francisco 49ers	BYE	0 	0.0 	0 	0.0 	0.0 	0 	0.0 	0.0 	0.0 	0.0 	0.0 	-		San Francisco 49ers	Las Vegas Raiders	0 	0.0 	0 	0.0 	4.2 	53 	0.4 	0.0 	0.0 	0.0 	7.9 	TE4		San Francisco 49ers	Dallas Cowboys	0 	0.0 	0 	0.0 	4.5 	56 	0.5 	0.0 	0.0 	0.0 	8.3 	TE3		San Francisco 49ers	Minnesota Vikings	0 	0.0 	0 	0.0 	4.3 	54 	0.4 	0.0 	0.0 	0.0 	8.0 	TE3		San Francisco 49ers	Seattle Seahawks	0 	0.0 	0 	0.0 	4.3 	53 	0.4 	0.0 	0.0 	0.0 	7.7 	TE4		San Francisco 49ers	New York Giants	0 	0.0 	0 	0.0 	4.4 	55 	0.4 	0.0 	0.0 	0.0 	8.1 	TE2		San Francisco 49ers	Los Angeles Rams	0 	0.0 	0 	0.0 	4.3 	54 	0.4 	0.0 	0.0 	0.0 	7.9 	TE2		San Francisco 49ers	Los Angeles Chargers	0 	0.0 	0 	0.0 	4.3 	53 	0.4 	0.0 	0.0 	0.0 	7.7 	TE4		San Francisco 49ers	Kansas City Chiefs	0 	0.0 	0 	0.0 	4.2 	53 	0.4 	0.0 	0.0 	0.0 	7.6 	TE4		San Francisco 49ers	Philadelphia Eagles	0 	0.0 	0 	0.0 	4.2 	53 	0.4 	0.0 	0.0 	0.0 	7.7 	TE3		Actual	Actual	Actual	Forecast	Forecast	Forecast	Forecast	Forecast	Forecast	Forecast	Forecast	Forecast	Forecast	Forecast	Forecast	Forecast	Forecast		Healthy	Healthy	Healthy	Healthy	Healthy	Healthy	Healthy	Healthy	Healthy	Healthy	Healthy	Healthy	Healthy	Healthy	Healthy	Healthy	Healthy		Week 4 2026	9/29/2026	8:41:33 PM	20		23%	25%	0%	0%	0%	0%		(0.2)
	David Montgomery	Houston Texans	RB	RB20	10.5 	167 	0 	0.0 	0.0 	0.0 	879 	54.9 	8.8 	0.5 	26.3 	1.6 	193 	12.1 	2.0 	0.1 	0.0 	2.1 	0.0 	0.449 	1.000 	0.768 	1 	0.256 	0.000 	43 	51 	8 	20 	24 	4 	0.515 				-	-	Jonathon Brooks	0.168 	RB55	Courtland Sutton	0.216 	WR59		-	-		25.9 	2.4 	4.8 	11.1 	10.7 	9.5 	11.3 	0.0 	9.5 	10.5 	11.6 	10.7 	10.1 	10.5 	10.6 	8.7 	9.4 		RB6	RB47	RB36	RB18	RB20	RB21	RB13	-	RB21	RB17	RB15	RB20	RB15	RB20	RB19	RB26	RB23		RB20	10.3 	0.0 	0.0 	59.7 	0.5 	1.5 	11.1 	0.1 	20 	0.480 	1.000 	0.768 	1 	0.282 	0.000 	47 	0.530 		134 		-	-	Jonathon Brooks	0.183 	RB53	Courtland Sutton	0.250 	WR53		-	-		RB14	11.0 	0.0 	0.0 	258.6 	2.3 	6.4 	48.3 	0.3 	14 	0.356 	1.000 	0.840 	1 	0.225 	0.000 	#N/A	0.521 		33.1 		-	-	Jonathon Brooks	7 	RB59	Courtland Sutton	8 	WR71		-	-					Houston Texans	Buffalo Bills	0 	0.0 	60 	2.0 	3.0 	19 	1.0 	0.0 	0.0 	0.0 	25.9 	RB6		Houston Texans	Cincinnati Bengals	0 	0.0 	10 	0.0 	2.0 	14 	0.0 	0.0 	0.0 	0.0 	2.4 	RB47		Houston Texans	Indianapolis Colts	0 	0.0 	33 	0.0 	2.0 	15 	0.0 	0.0 	0.0 	0.0 	4.8 	RB36		Houston Texans	Dallas Cowboys	0 	0.0 	63 	0.6 	1.6 	12 	0.1 	0.0 	0.2 	0.0 	11.1 	RB18		Houston Texans	Tennessee Titans	0 	0.0 	61 	0.5 	1.5 	11 	0.1 	0.0 	0.2 	0.0 	10.7 	RB20		Houston Texans	Jacksonville Jaguars	0 	0.0 	56 	0.5 	1.5 	11 	0.1 	0.0 	0.2 	0.0 	9.5 	RB21		Houston Texans	New York Giants	0 	0.0 	65 	0.6 	1.5 	11 	0.1 	0.0 	0.2 	0.0 	11.3 	RB13		Houston Texans	BYE	0 	0.0 	0 	0.0 	0.0 	0 	0.0 	0.0 	0.0 	0.0 	0.0 	-		Houston Texans	Los Angeles Chargers	0 	0.0 	56 	0.5 	1.5 	11 	0.1 	0.0 	0.2 	0.0 	9.5 	RB21		Houston Texans	Cleveland Browns	0 	0.0 	62 	0.5 	1.4 	11 	0.1 	0.0 	0.2 	0.0 	10.5 	RB17		Houston Texans	Indianapolis Colts	0 	0.0 	66 	0.6 	1.5 	11 	0.1 	0.0 	0.2 	0.0 	11.6 	RB15		Houston Texans	Baltimore Ravens	0 	0.0 	61 	0.5 	1.5 	11 	0.1 	0.0 	0.2 	0.0 	10.7 	RB20		Houston Texans	Pittsburgh Steelers	0 	0.0 	59 	0.5 	1.5 	11 	0.1 	0.0 	0.2 	0.0 	10.1 	RB15		Houston Texans	Washington Commanders	0 	0.0 	61 	0.5 	1.5 	11 	0.1 	0.0 	0.2 	0.0 	10.5 	RB20		Houston Texans	Jacksonville Jaguars	0 	0.0 	61 	0.5 	1.5 	11 	0.1 	0.0 	0.2 	0.0 	10.6 	RB19		Houston Texans	Philadelphia Eagles	0 	0.0 	53 	0.4 	1.4 	10 	0.1 	0.0 	0.2 	0.0 	8.7 	RB26		Houston Texans	Green Bay Packers	0 	0.0 	55 	0.4 	1.5 	11 	0.1 	0.0 	0.2 	0.0 	9.4 	RB23		Actual	Actual	Actual	Forecast	Forecast	Forecast	Forecast	Forecast	Forecast	Forecast	Forecast	Forecast	Forecast	Forecast	Forecast	Forecast	Forecast		Healthy	Healthy	Healthy	Healthy	Healthy	Healthy	Healthy	Healthy	Healthy	Healthy	Healthy	Healthy	Healthy	Healthy	Healthy	Healthy	Healthy		Week 4 2026	9/29/2026	8:41:33 PM	20		5%	5%	51%	59%	0%	0%		(0.0)
	Mike Evans	San Francisco 49ers	WR	WR22	8.1 	130 	0 	0.0 	0.0 	0.0 	0 	0.0 	0.0 	0.0 	68.9 	4.3 	837 	52.3 	7.7 	0.5 	0.0 	0.2 	0.0 	0.348 	1.000 	0.780 	1 	0.207 	0.000 	50 	66 	16 	22 	28 	6 	0.486 				-	-	Jonah Coleman	0.181 	RB53	Keenan Allen	0.221 	WR58		-	-		10.9 	5.4 	9.4 	7.7 	8.0 	8.5 	8.1 	0.0 	8.0 	8.4 	8.1 	7.8 	8.2 	8.0 	7.8 	7.6 	7.8 		WR19	WR32	WR25	WR28	WR24	WR17	WR21	-	WR25	WR22	WR19	WR27	WR22	WR24	WR29	WR28	WR26		WR26	8.0 	0.0 	0.0 	0.0 	0.0 	4.4 	53.8 	0.4 	25 	0.372 	1.000 	0.750 	1 	0.240 	0.000 	57 	0.489 		104 		-	-	Jonah Coleman	0.170 	RB55	Keenan Allen	0.219 	WR59		-	-		WR21	8.6 	0.0 	0.0 	0.0 	0.0 	19.0 	233.3 	1.9 	21 	0.277 	1.000 	0.790 	1 	0.162 	0.000 	#N/A	0.462 		25.7 		-	-	Jonah Coleman	12 	RB45	Keenan Allen	16 	WR43		-	-					San Francisco 49ers	Los Angeles Rams	0 	0.0 	0 	0.0 	6.0 	49 	1.0 	0.0 	0.0 	0.0 	10.9 	WR19		San Francisco 49ers	Miami Dolphins	0 	0.0 	0 	0.0 	3.0 	54 	0.0 	0.0 	0.0 	0.0 	5.4 	WR32		San Francisco 49ers	Arizona Cardinals	0 	0.0 	0 	0.0 	3.0 	34 	1.0 	0.0 	0.0 	0.0 	9.4 	WR25		San Francisco 49ers	Denver Broncos	0 	0.0 	0 	0.0 	4.2 	51 	0.4 	0.0 	0.0 	0.0 	7.7 	WR28		San Francisco 49ers	Seattle Seahawks	0 	0.0 	0 	0.0 	4.4 	55 	0.4 	0.0 	0.0 	0.0 	8.0 	WR24		San Francisco 49ers	Washington Commanders	0 	0.0 	0 	0.0 	4.5 	56 	0.5 	0.0 	0.0 	0.0 	8.5 	WR17		San Francisco 49ers	Atlanta Falcons	0 	0.0 	0 	0.0 	4.4 	54 	0.5 	0.0 	0.0 	0.0 	8.1 	WR21		San Francisco 49ers	BYE	0 	0.0 	0 	0.0 	0.0 	0 	0.0 	0.0 	0.0 	0.0 	0.0 	-		San Francisco 49ers	Las Vegas Raiders	0 	0.0 	0 	0.0 	4.3 	53 	0.5 	0.0 	0.0 	0.0 	8.0 	WR25		San Francisco 49ers	Dallas Cowboys	0 	0.0 	0 	0.0 	4.6 	56 	0.5 	0.0 	0.0 	0.0 	8.4 	WR22		San Francisco 49ers	Minnesota Vikings	0 	0.0 	0 	0.0 	4.4 	54 	0.4 	0.0 	0.0 	0.0 	8.1 	WR19		San Francisco 49ers	Seattle Seahawks	0 	0.0 	0 	0.0 	4.3 	53 	0.4 	0.0 	0.0 	0.0 	7.8 	WR27		San Francisco 49ers	New York Giants	0 	0.0 	0 	0.0 	4.4 	55 	0.5 	0.0 	0.0 	0.0 	8.2 	WR22		San Francisco 49ers	Los Angeles Rams	0 	0.0 	0 	0.0 	4.4 	54 	0.4 	0.0 	0.0 	0.0 	8.0 	WR24		San Francisco 49ers	Los Angeles Chargers	0 	0.0 	0 	0.0 	4.3 	53 	0.4 	0.0 	0.0 	0.0 	7.8 	WR29		San Francisco 49ers	Kansas City Chiefs	0 	0.0 	0 	0.0 	4.3 	53 	0.4 	0.0 	0.0 	0.0 	7.6 	WR28		San Francisco 49ers	Philadelphia Eagles	0 	0.0 	0 	0.0 	4.3 	53 	0.4 	0.0 	0.0 	0.0 	7.8 	WR26		Actual	Actual	Actual	Forecast	Forecast	Forecast	Forecast	Forecast	Forecast	Forecast	Forecast	Forecast	Forecast	Forecast	Forecast	Forecast	Forecast		Healthy	Healthy	Healthy	Limited / Handicapped	Healthy	Healthy	Healthy	Healthy	Healthy	Healthy	Healthy	Healthy	Healthy	Healthy	Healthy	Healthy	Healthy		Week 4 2026	9/29/2026	8:41:33 PM	20		23%	26%	0%	0%	0%	0%		0.0 
	Quinshon Judkins	Cleveland Browns	RB	RB24	9.0 	143 	0 	0.0 	0.0 	0.0 	861 	53.8 	4.9 	0.3 	44.3 	2.8 	286 	17.9 	0.7 	0.0 	0.0 	2.4 	0.0 	0.385 	1.000 	0.731 	0 	0.142 	0.000 	65 	37 	(28)	23 	19 	(4)	0.443 				-	-	Braelon Allen	0.194 	RB51	Adonai Mitchell	0.231 	WR56		-	-		5.0 	4.8 	7.9 	9.6 	9.8 	9.3 	9.9 	8.7 	9.6 	9.1 	0.0 	10.7 	10.0 	10.9 	9.3 	8.4 	10.4 		RB38	RB34	RB26	RB23	RB24	RB22	RB19	RB25	RB18	RB22	-	RB19	RB16	RB16	RB25	RB28	RB21		RB21	9.7 	0.0 	0.0 	56.7 	0.4 	2.7 	17.9 	0.1 	21 	0.449 	1.000 	0.755 	1 	0.226 	0.000 	53 	0.498 		126 		-	-	Braelon Allen	0.195 	RB51	Adonai Mitchell	0.239 	WR55		-	-		RB30	5.9 	0.0 	0.0 	245.5 	1.6 	11.8 	77.7 	0.2 	30 	0.190 	1.000 	0.644 	(0)	0.000 	0.000 	#N/A	0.319 		17.7 		-	-	Braelon Allen	13 	RB39	Adonai Mitchell	12 	WR57		-	-					Cleveland Browns	Jacksonville Jaguars	0 	0.0 	33 	0.0 	2.0 	17 	0.0 	0.0 	0.0 	0.0 	5.0 	RB38		Cleveland Browns	Tampa Bay Buccaneers	0 	0.0 	21 	0.0 	5.0 	27 	0.0 	0.0 	0.0 	0.0 	4.8 	RB34		Cleveland Browns	Carolina Panthers	0 	0.0 	70 	0.0 	2.0 	9 	0.0 	0.0 	0.0 	0.0 	7.9 	RB26		Cleveland Browns	Pittsburgh Steelers	0 	0.0 	58 	0.4 	2.6 	17 	0.1 	0.0 	0.2 	0.0 	9.6 	RB23		Cleveland Browns	New York Jets	0 	0.0 	58 	0.4 	2.7 	18 	0.1 	0.0 	0.2 	0.0 	9.8 	RB24		Cleveland Browns	Baltimore Ravens	0 	0.0 	53 	0.4 	2.8 	19 	0.1 	0.0 	0.2 	0.0 	9.3 	RB22		Cleveland Browns	Tennessee Titans	0 	0.0 	59 	0.4 	2.7 	18 	0.1 	0.0 	0.2 	0.0 	9.9 	RB19		Cleveland Browns	Pittsburgh Steelers	0 	0.0 	51 	0.3 	2.7 	18 	0.0 	0.0 	0.2 	0.0 	8.7 	RB25		Cleveland Browns	New Orleans Saints	0 	0.0 	56 	0.4 	2.7 	18 	0.1 	0.0 	0.2 	0.0 	9.6 	RB18		Cleveland Browns	Houston Texans	0 	0.0 	54 	0.3 	2.6 	17 	0.0 	0.0 	0.2 	0.0 	9.1 	RB22		Cleveland Browns	BYE	0 	0.0 	0 	0.0 	0.0 	0 	0.0 	0.0 	0.0 	0.0 	0.0 	-		Cleveland Browns	Las Vegas Raiders	0 	0.0 	63 	0.4 	2.7 	18 	0.1 	0.0 	0.2 	0.0 	10.7 	RB19		Cleveland Browns	Cincinnati Bengals	0 	0.0 	57 	0.4 	2.8 	19 	0.1 	0.0 	0.2 	0.0 	10.0 	RB16		Cleveland Browns	Atlanta Falcons	0 	0.0 	64 	0.5 	2.7 	18 	0.1 	0.0 	0.2 	0.0 	10.9 	RB16		Cleveland Browns	New York Giants	0 	0.0 	55 	0.4 	2.7 	18 	0.1 	0.0 	0.2 	0.0 	9.3 	RB25		Cleveland Browns	Baltimore Ravens	0 	0.0 	48 	0.3 	2.7 	18 	0.1 	0.0 	0.2 	0.0 	8.4 	RB28		Cleveland Browns	Indianapolis Colts	0 	0.0 	60 	0.4 	2.8 	18 	0.1 	0.0 	0.2 	0.0 	10.4 	RB21		Actual	Actual	Actual	Forecast	Forecast	Forecast	Forecast	Forecast	Forecast	Forecast	Forecast	Forecast	Forecast	Forecast	Forecast	Forecast	Forecast		Healthy	Healthy	Healthy	Healthy	Healthy	Healthy	Healthy	Healthy	Healthy	Healthy	Healthy	Healthy	Healthy	Healthy	Healthy	Healthy	Healthy		Week 4 2026	9/29/2026	8:41:33 PM	20		8%	4%	59%	59%	0%	0%		0.1 
	Michael Wilson	Arizona Cardinals	WR	WR29	7.6 	122 	0 	0.0 	0.0 	0.0 	0 	0.0 	0.0 	0.0 	83.0 	5.2 	903 	56.5 	5.3 	0.3 	0.0 	0.2 	0.0 	0.326 	1.000 	0.710 	1 	0.164 	0.000 	68 	75 	7 	29 	32 	3 	0.434 				-	-	MarShawn Lloyd	0.187 	RB52	Tre' Harris	0.241 	WR54		-	-		5.6 	1.8 	14.9 	7.9 	8.0 	7.4 	7.6 	7.7 	7.2 	7.7 	7.3 	8.0 	7.5 	0.0 	7.6 	7.7 	7.6 		WR37	WR70	WR11	WR24	WR23	WR29	WR26	WR24	WR36	WR25	WR28	WR25	WR28	-	WR30	WR27	WR28		WR28	7.6 	0.0 	0.0 	0.0 	0.0 	5.0 	57.0 	0.3 	27 	0.355 	1.000 	0.730 	1 	0.203 	0.000 	65 	0.463 		99 		-	-	MarShawn Lloyd	0.176 	RB54	Tre' Harris	0.244 	WR54		-	-		WR29	7.4 	0.0 	0.0 	0.0 	0.0 	21.7 	246.8 	1.4 	29 	0.240 	1.000 	0.710 	0 	0.107 	0.000 	#N/A	0.398 		22.3 		-	-	MarShawn Lloyd	12 	RB42	Tre' Harris	15 	WR48		-	-					Arizona Cardinals	Los Angeles Chargers	0 	0.0 	0 	0.0 	5.0 	56 	0.0 	0.0 	0.0 	0.0 	5.6 	WR37		Arizona Cardinals	Seattle Seahawks	0 	0.0 	0 	0.0 	2.0 	18 	0.0 	0.0 	0.0 	0.0 	1.8 	WR70		Arizona Cardinals	San Francisco 49ers	0 	0.0 	0 	0.0 	11.0 	89 	1.0 	0.0 	0.0 	0.0 	14.9 	WR11		Arizona Cardinals	New York Giants	0 	0.0 	0 	0.0 	5.0 	57 	0.4 	0.0 	0.0 	0.0 	7.9 	WR24		Arizona Cardinals	Detroit Lions	0 	0.0 	0 	0.0 	5.2 	59 	0.4 	0.0 	0.0 	0.0 	8.0 	WR23		Arizona Cardinals	Los Angeles Rams	0 	0.0 	0 	0.0 	4.9 	56 	0.3 	0.0 	0.0 	0.0 	7.4 	WR29		Arizona Cardinals	Denver Broncos	0 	0.0 	0 	0.0 	5.0 	57 	0.3 	0.0 	0.0 	0.0 	7.6 	WR26		Arizona Cardinals	Dallas Cowboys	0 	0.0 	0 	0.0 	5.1 	58 	0.3 	0.0 	0.0 	0.0 	7.7 	WR24		Arizona Cardinals	Seattle Seahawks	0 	0.0 	0 	0.0 	4.8 	55 	0.3 	0.0 	0.0 	0.0 	7.2 	WR36		Arizona Cardinals	Los Angeles Rams	0 	0.0 	0 	0.0 	5.1 	58 	0.3 	0.0 	0.0 	0.0 	7.7 	WR25		Arizona Cardinals	Kansas City Chiefs	0 	0.0 	0 	0.0 	4.9 	56 	0.3 	0.0 	0.0 	0.0 	7.3 	WR28		Arizona Cardinals	Washington Commanders	0 	0.0 	0 	0.0 	5.1 	58 	0.4 	0.0 	0.0 	0.0 	8.0 	WR25		Arizona Cardinals	Philadelphia Eagles	0 	0.0 	0 	0.0 	5.0 	57 	0.3 	0.0 	0.0 	0.0 	7.5 	WR28		Arizona Cardinals	BYE	0 	0.0 	0 	0.0 	0.0 	0 	0.0 	0.0 	0.0 	0.0 	0.0 	-		Arizona Cardinals	New York Jets	0 	0.0 	0 	0.0 	4.9 	56 	0.3 	0.0 	0.0 	0.0 	7.6 	WR30		Arizona Cardinals	New Orleans Saints	0 	0.0 	0 	0.0 	5.0 	58 	0.3 	0.0 	0.0 	0.0 	7.7 	WR27		Arizona Cardinals	Las Vegas Raiders	0 	0.0 	0 	0.0 	4.9 	56 	0.3 	0.0 	0.0 	0.0 	7.6 	WR28		Actual	Actual	Actual	Forecast	Forecast	Forecast	Forecast	Forecast	Forecast	Forecast	Forecast	Forecast	Forecast	Forecast	Forecast	Forecast	Forecast		Healthy	Healthy	Healthy	Healthy	Healthy	Healthy	Healthy	Healthy	Healthy	Healthy	Healthy	Healthy	Healthy	Healthy	Healthy	Healthy	Healthy		Week 4 2026	9/29/2026	8:41:33 PM	20		25%	23%	0%	0%	0%	0%		0.0 
	Lamar Jackson	Baltimore Ravens	QB	QB6	18.0 	288 	3,212 	200.7 	20.2 	1.3 	691 	43.2 	5.4 	0.3 	0.0 	0.0 	0 	0.0 	0.0 	0.0 	9.4 	2.0 	0.0 	0.772 	0.460 	0.415 	1 	0.487 	0.000 	63 	35 	(28)	6 	2 	(4)	0.449 				-	-	Justice Hill	0.131 	RB61	Mack Hollins	0.235 	WR55		-	-		25.0 	14.8 	20.4 	17.9 	17.8 	17.2 	18.5 	17.3 	18.1 	17.5 	17.4 	16.1 	0.0 	18.0 	17.1 	17.6 	17.3 		QB6	QB17	QB11	QB4	QB5	QB5	QB2	QB8	QB4	QB6	QB8	QB16	-	QB4	QB7	QB5	QB8		QB4	17.5 	189.8 	1.2 	43.6 	0.3 	0.0 	0.0 	0.0 	4 	0.814 	0.460 	0.433 	1 	0.581 	0.000 	52 	0.502 		228 		-	-	Justice Hill	0.150 	RB58	Mack Hollins	0.233 	WR56		-	-		QB8	20.1 	822.3 	5.4 	189.1 	1.5 	0.0 	0.0 	0.0 	8 	0.648 	0.460 	0.395 	1 	0.411 	0.000 	#N/A	0.403 		60.2 		-	-	Justice Hill	8 	RB58	Mack Hollins	16 	WR45		-	-					Baltimore Ravens	Indianapolis Colts	324 	1.0 	40 	1.0 	0.0 	0 	0.0 	0.0 	1.0 	0.0 	25.0 	QB6		Baltimore Ravens	New Orleans Saints	235 	1.0 	34 	0.0 	0.0 	0 	0.0 	1.0 	0.0 	0.0 	14.8 	QB17		Baltimore Ravens	Dallas Cowboys	186 	2.0 	50 	0.0 	0.0 	0 	0.0 	0.0 	0.0 	0.0 	20.4 	QB11		Baltimore Ravens	Tennessee Titans	183 	1.2 	48 	0.4 	0.0 	0 	0.0 	0.6 	0.1 	0.0 	17.9 	QB4		Baltimore Ravens	Atlanta Falcons	191 	1.3 	44 	0.3 	0.0 	0 	0.0 	0.6 	0.1 	0.0 	17.8 	QB5		Baltimore Ravens	Cleveland Browns	183 	1.2 	45 	0.3 	0.0 	0 	0.0 	0.6 	0.1 	0.0 	17.2 	QB5		Baltimore Ravens	Cincinnati Bengals	199 	1.4 	44 	0.4 	0.0 	0 	0.0 	0.6 	0.1 	0.0 	18.5 	QB2		Baltimore Ravens	Buffalo Bills	195 	1.3 	40 	0.3 	0.0 	0 	0.0 	0.6 	0.1 	0.0 	17.3 	QB8		Baltimore Ravens	Jacksonville Jaguars	192 	1.3 	45 	0.4 	0.0 	0 	0.0 	0.6 	0.1 	0.0 	18.1 	QB4		Baltimore Ravens	Los Angeles Chargers	193 	1.3 	42 	0.3 	0.0 	0 	0.0 	0.6 	0.1 	0.0 	17.5 	QB6		Baltimore Ravens	Carolina Panthers	188 	1.2 	44 	0.3 	0.0 	0 	0.0 	0.6 	0.1 	0.0 	17.4 	QB8		Baltimore Ravens	Houston Texans	188 	1.1 	39 	0.3 	0.0 	0 	0.0 	0.6 	0.1 	0.0 	16.1 	QB16		Baltimore Ravens	BYE	0 	0.0 	0 	0.0 	0.0 	0 	0.0 	0.0 	0.0 	0.0 	0.0 	-		Baltimore Ravens	Tampa Bay Buccaneers	188 	1.3 	46 	0.4 	0.0 	0 	0.0 	0.6 	0.1 	0.0 	18.0 	QB4		Baltimore Ravens	Pittsburgh Steelers	190 	1.2 	42 	0.3 	0.0 	0 	0.0 	0.6 	0.1 	0.0 	17.1 	QB7		Baltimore Ravens	Cleveland Browns	181 	1.2 	47 	0.4 	0.0 	0 	0.0 	0.6 	0.1 	0.0 	17.6 	QB5		Baltimore Ravens	Cincinnati Bengals	195 	1.3 	40 	0.3 	0.0 	0 	0.0 	0.6 	0.1 	0.0 	17.3 	QB8		Actual	Actual	Actual	Forecast	Forecast	Forecast	Forecast	Forecast	Forecast	Forecast	Forecast	Forecast	Forecast	Forecast	Forecast	Forecast	Forecast		Healthy	Healthy	Healthy	Healthy	Healthy	Healthy	Healthy	Healthy	Healthy	Healthy	Healthy	Healthy	Healthy	Healthy	Healthy	Healthy	Healthy		Week 4 2026	9/29/2026	8:41:33 PM	20		0%	0%	26%	23%	99%	99%		0.0 
	TreVeyon Henderson	New England Patriots	RB	RB23	9.4 	141 	0 	0.0 	0.0 	0.0 	715 	47.7 	6.2 	0.4 	38.9 	2.6 	245 	16.3 	1.8 	0.1 	0.0 	1.6 	0.0 	0.377 	1.000 	0.719 	0 	0.174 	0.000 	61 	48 	(13)	24 	22 	(2)	0.449 				-	-	George Holani	0.136 	RB60	Khalil Shakir	0.187 	WR65		-	-		0.0 	13.6 	2.9 	8.1 	10.9 	10.8 	9.1 	10.6 	9.5 	9.2 	0.0 	8.8 	9.8 	9.8 	8.7 	9.9 	9.2 		-	RB9	RB43	RB26	RB19	RB16	RB22	RB19	RB20	RB21	-	RB26	RB20	RB23	RB27	RB21	RB25		RB23	9.5 	0.0 	0.0 	47.4 	0.4 	2.9 	18.4 	0.1 	23 	0.444 	1.000 	0.731 	1 	0.216 	0.000 	58 	0.482 		124 		-	-	George Holani	0.131 	RB61	Khalil Shakir	0.209 	WR61		-	-		RB32	8.3 	0.0 	0.0 	308.0 	2.6 	19.0 	119.4 	0.9 	32 	0.178 	1.000 	0.619 	(0)	0.000 	0.000 	#N/A	0.305 		16.5 		-	-	George Holani	10 	RB50	Khalil Shakir	9 	WR67		-	-					New England Patriots	Seattle Seahawks	0 	0.0 	0 	0.0 	0.0 	0 	0.0 	0.0 	0.0 	0.0 	0.0 	-		New England Patriots	Pittsburgh Steelers	0 	0.0 	76 	1.0 	0.0 	0 	0.0 	0.0 	0.0 	0.0 	13.6 	RB9		New England Patriots	Jacksonville Jaguars	0 	0.0 	23 	0.0 	1.0 	6 	0.0 	0.0 	0.0 	0.0 	2.9 	RB43		New England Patriots	Buffalo Bills	0 	0.0 	38 	0.3 	3.0 	19 	0.1 	0.0 	0.1 	0.0 	8.1 	RB26		New England Patriots	Las Vegas Raiders	0 	0.0 	55 	0.5 	2.9 	18 	0.1 	0.0 	0.1 	0.0 	10.9 	RB19		New England Patriots	New York Jets	0 	0.0 	55 	0.5 	2.8 	18 	0.1 	0.0 	0.1 	0.0 	10.8 	RB16		New England Patriots	Chicago Bears	0 	0.0 	44 	0.4 	3.0 	19 	0.1 	0.0 	0.1 	0.0 	9.1 	RB22		New England Patriots	Miami Dolphins	0 	0.0 	53 	0.5 	2.9 	18 	0.1 	0.0 	0.1 	0.0 	10.6 	RB19		New England Patriots	Green Bay Packers	0 	0.0 	47 	0.4 	3.0 	19 	0.1 	0.0 	0.1 	0.0 	9.5 	RB20		New England Patriots	Detroit Lions	0 	0.0 	44 	0.4 	3.0 	19 	0.1 	0.0 	0.1 	0.0 	9.2 	RB21		New England Patriots	BYE	0 	0.0 	0 	0.0 	0.0 	0 	0.0 	0.0 	0.0 	0.0 	0.0 	-		New England Patriots	Los Angeles Chargers	0 	0.0 	43 	0.4 	2.9 	18 	0.1 	0.0 	0.1 	0.0 	8.8 	RB26		New England Patriots	Buffalo Bills	0 	0.0 	48 	0.4 	3.0 	19 	0.1 	0.0 	0.1 	0.0 	9.8 	RB20		New England Patriots	Minnesota Vikings	0 	0.0 	49 	0.4 	2.9 	18 	0.1 	0.0 	0.1 	0.0 	9.8 	RB23		New England Patriots	Kansas City Chiefs	0 	0.0 	43 	0.3 	2.9 	18 	0.1 	0.0 	0.1 	0.0 	8.7 	RB27		New England Patriots	New York Jets	0 	0.0 	51 	0.4 	2.8 	18 	0.1 	0.0 	0.1 	0.0 	9.9 	RB21		New England Patriots	Denver Broncos	0 	0.0 	46 	0.4 	2.9 	18 	0.1 	0.0 	0.1 	0.0 	9.2 	RB25		Actual	Actual	Actual	Forecast	Forecast	Forecast	Forecast	Forecast	Forecast	Forecast	Forecast	Forecast	Forecast	Forecast	Forecast	Forecast	Forecast		Injured	Healthy	Healthy	Healthy	Healthy	Healthy	Healthy	Healthy	Healthy	Healthy	Healthy	Healthy	Healthy	Healthy	Healthy	Healthy	Healthy		Week 4 2026	9/29/2026	8:41:33 PM	20		8%	9%	40%	40%	0%	0%		0.1 
	Dak Prescott	Dallas Cowboys	QB	QB7	18.0 	288 	4,040 	252.5 	30.5 	1.9 	191 	12.0 	0.9 	0.1 	0.0 	0.0 	0 	0.0 	0.0 	0.0 	9.4 	1.0 	0.0 	0.772 	0.460 	0.406 	1 	0.485 	0.000 	66 	92 	26 	7 	10 	3 	0.443 				-	-	Emanuel Wilson	0.156 	RB57	Quentin Johnston	0.182 	WR66		-	-		14.4 	29.8 	16.9 	16.2 	18.5 	17.0 	16.3 	18.0 	18.1 	18.1 	17.7 	17.3 	16.2 	0.0 	17.1 	18.2 	17.7 		QB18	QB3	QB18	QB13	QB3	QB6	QB11	QB4	QB5	QB3	QB5	QB6	QB13	-	QB6	QB4	QB4		QB5	17.4 	254.6 	1.8 	10.2 	0.1 	0.0 	0.0 	0.0 	5 	0.810 	0.460 	0.424 	1 	0.571 	0.000 	55 	0.494 		226 		-	-	Emanuel Wilson	0.157 	RB57	Quentin Johnston	0.224 	WR58		-	-		QB7	20.4 	1,103.3 	7.8 	44.1 	0.3 	0.0 	0.0 	0.0 	7 	0.657 	0.460 	0.406 	1 	0.427 	0.000 	#N/A	0.416 		61.1 		-	-	Emanuel Wilson	11 	RB47	Quentin Johnston	7 	WR79		-	-					Dallas Cowboys	New York Giants	175 	2.0 	14 	0.0 	0.0 	0 	0.0 	1.0 	0.0 	0.0 	14.4 	QB18		Dallas Cowboys	Washington Commanders	279 	4.0 	26 	0.0 	0.0 	0 	0.0 	0.0 	0.0 	0.0 	29.8 	QB3		Dallas Cowboys	Baltimore Ravens	276 	1.0 	19 	0.0 	0.0 	0 	0.0 	0.0 	0.0 	0.0 	16.9 	QB18		Dallas Cowboys	Houston Texans	247 	1.6 	9 	0.1 	0.0 	0 	0.0 	0.6 	0.1 	0.0 	16.2 	QB13		Dallas Cowboys	Tampa Bay Buccaneers	264 	2.0 	11 	0.1 	0.0 	0 	0.0 	0.6 	0.1 	0.0 	18.5 	QB3		Dallas Cowboys	Green Bay Packers	254 	1.8 	9 	0.1 	0.0 	0 	0.0 	0.6 	0.1 	0.0 	17.0 	QB6		Dallas Cowboys	Philadelphia Eagles	248 	1.6 	9 	0.1 	0.0 	0 	0.0 	0.6 	0.1 	0.0 	16.3 	QB11		Dallas Cowboys	Arizona Cardinals	251 	1.9 	12 	0.1 	0.0 	0 	0.0 	0.6 	0.1 	0.0 	18.0 	QB4		Dallas Cowboys	Indianapolis Colts	260 	1.9 	10 	0.1 	0.0 	0 	0.0 	0.6 	0.1 	0.0 	18.1 	QB5		Dallas Cowboys	San Francisco 49ers	260 	1.9 	10 	0.1 	0.0 	0 	0.0 	0.6 	0.1 	0.0 	18.1 	QB3		Dallas Cowboys	Tennessee Titans	251 	1.9 	12 	0.1 	0.0 	0 	0.0 	0.6 	0.1 	0.0 	17.7 	QB5		Dallas Cowboys	Philadelphia Eagles	254 	1.8 	10 	0.1 	0.0 	0 	0.0 	0.6 	0.1 	0.0 	17.3 	QB6		Dallas Cowboys	Seattle Seahawks	250 	1.6 	9 	0.1 	0.0 	0 	0.0 	0.6 	0.1 	0.0 	16.2 	QB13		Dallas Cowboys	BYE	0 	0.0 	0 	0.0 	0.0 	0 	0.0 	0.0 	0.0 	0.0 	0.0 	-		Dallas Cowboys	Los Angeles Rams	260 	1.8 	8 	0.1 	0.0 	0 	0.0 	0.6 	0.1 	0.0 	17.1 	QB6		Dallas Cowboys	Jacksonville Jaguars	261 	1.9 	10 	0.1 	0.0 	0 	0.0 	0.6 	0.1 	0.0 	18.2 	QB4		Dallas Cowboys	New York Giants	254 	1.9 	11 	0.1 	0.0 	0 	0.0 	0.6 	0.1 	0.0 	17.7 	QB4		Actual	Actual	Actual	Forecast	Forecast	Forecast	Forecast	Forecast	Forecast	Forecast	Forecast	Forecast	Forecast	Forecast	Forecast	Forecast	Forecast		Healthy	Healthy	Healthy	Healthy	Healthy	Healthy	Healthy	Healthy	Healthy	Healthy	Healthy	Healthy	Healthy	Healthy	Healthy	Healthy	Healthy		Week 4 2026	9/29/2026	8:41:33 PM	20		0%	0%	10%	8%	99%	99%		0.0 
	Josh Downs	Indianapolis Colts	WR	WR34	7.3 	117 	0 	0.0 	0.0 	0.0 	0 	0.0 	0.0 	0.0 	72.9 	4.6 	929 	58.0 	4.1 	0.3 	0.0 	0.2 	0.0 	0.314 	1.000 	0.670 	0 	0.140 	0.000 	75 	115 	40 	33 	45 	12 	0.405 				-	-	Samaje Perine	0.111 	RB64	Pat Bryant	0.226 	WR57		-	-		3.7 	7.2 	7.7 	7.7 	7.4 	7.7 	7.3 	7.6 	7.9 	7.6 	7.3 	7.7 	0.0 	7.4 	7.6 	7.9 	7.3 		WR53	WR23	WR31	WR27	WR29	WR24	WR28	WR25	WR26	WR27	WR27	WR30	-	WR28	WR31	WR26	WR34		WR29	7.6 	0.0 	0.0 	0.0 	0.0 	4.5 	57.1 	0.3 	28 	0.352 	1.000 	0.720 	1 	0.198 	0.000 	66 	0.456 		99 		-	-	Samaje Perine	0.106 	RB65	Pat Bryant	0.214 	WR60		-	-		WR35	6.2 	0.0 	0.0 	0.0 	0.0 	19.6 	247.6 	1.4 	35 	0.200 	1.000 	0.650 	0 	0.047 	0.000 	#N/A	0.341 		18.6 		-	-	Samaje Perine	9 	RB57	Pat Bryant	16 	WR41		-	-					Indianapolis Colts	Baltimore Ravens	0 	0.0 	0 	0.0 	2.0 	37 	0.0 	0.0 	0.0 	0.0 	3.7 	WR53		Indianapolis Colts	Kansas City Chiefs	0 	0.0 	0 	0.0 	7.0 	72 	0.0 	0.0 	0.0 	0.0 	7.2 	WR23		Indianapolis Colts	Houston Texans	0 	0.0 	0 	0.0 	5.0 	77 	0.0 	0.0 	0.0 	0.0 	7.7 	WR31		Indianapolis Colts	Washington Commanders	0 	0.0 	0 	0.0 	4.6 	58 	0.3 	0.0 	0.0 	0.0 	7.7 	WR27		Indianapolis Colts	Pittsburgh Steelers	0 	0.0 	0 	0.0 	4.5 	56 	0.3 	0.0 	0.0 	0.0 	7.4 	WR29		Indianapolis Colts	Tennessee Titans	0 	0.0 	0 	0.0 	4.6 	58 	0.3 	0.0 	0.0 	0.0 	7.7 	WR24		Indianapolis Colts	Minnesota Vikings	0 	0.0 	0 	0.0 	4.4 	56 	0.3 	0.0 	0.0 	0.0 	7.3 	WR28		Indianapolis Colts	Jacksonville Jaguars	0 	0.0 	0 	0.0 	4.6 	58 	0.3 	0.0 	0.0 	0.0 	7.6 	WR25		Indianapolis Colts	Dallas Cowboys	0 	0.0 	0 	0.0 	4.7 	59 	0.3 	0.0 	0.0 	0.0 	7.9 	WR26		Indianapolis Colts	Miami Dolphins	0 	0.0 	0 	0.0 	4.5 	56 	0.3 	0.0 	0.0 	0.0 	7.6 	WR27		Indianapolis Colts	Houston Texans	0 	0.0 	0 	0.0 	4.5 	56 	0.3 	0.0 	0.0 	0.0 	7.3 	WR27		Indianapolis Colts	New York Giants	0 	0.0 	0 	0.0 	4.5 	57 	0.3 	0.0 	0.0 	0.0 	7.7 	WR30		Indianapolis Colts	BYE	0 	0.0 	0 	0.0 	0.0 	0 	0.0 	0.0 	0.0 	0.0 	0.0 	-		Indianapolis Colts	Philadelphia Eagles	0 	0.0 	0 	0.0 	4.5 	57 	0.3 	0.0 	0.0 	0.0 	7.4 	WR28		Indianapolis Colts	Tennessee Titans	0 	0.0 	0 	0.0 	4.5 	57 	0.3 	0.0 	0.0 	0.0 	7.6 	WR31		Indianapolis Colts	Cincinnati Bengals	0 	0.0 	0 	0.0 	4.7 	59 	0.3 	0.0 	0.0 	0.0 	7.9 	WR26		Indianapolis Colts	Cleveland Browns	0 	0.0 	0 	0.0 	4.4 	55 	0.3 	0.0 	0.0 	0.0 	7.3 	WR34		Actual	Actual	Actual	Forecast	Forecast	Forecast	Forecast	Forecast	Forecast	Forecast	Forecast	Forecast	Forecast	Forecast	Forecast	Forecast	Forecast		Healthy	Healthy	Healthy	Healthy	Healthy	Healthy	Healthy	Healthy	Healthy	Healthy	Healthy	Healthy	Healthy	Healthy	Healthy	Healthy	Healthy		Week 4 2026	9/29/2026	8:41:33 PM	20		25%	24%	0%	0%	0%	0%		0.1 
	Chuba Hubbard	Carolina Panthers	RB	RB19	10.6 	169 	0 	0.0 	0.0 	0.0 	935 	58.5 	4.1 	0.3 	36.1 	2.3 	308 	19.2 	4.2 	0.3 	0.0 	2.2 	0.0 	0.454 	1.000 	0.780 	1 	0.266 	0.000 	41 	82 	41 	19 	35 	16 	0.525 				-	-	Devin Singletary	0.124 	RB62	Jordyn Tyson	0.161 	WR70		-	-		20.7 	12.4 	11.0 	11.3 	0.0 	9.6 	11.2 	9.8 	9.2 	9.5 	9.2 	9.1 	8.9 	10.2 	9.8 	8.8 	8.4 		RB9	RB10	RB14	RB16	-	RB20	RB14	RB20	RB23	RB19	RB19	RB24	RB22	RB21	RB22	RB25	RB27		RB22	9.6 	0.0 	0.0 	57.8 	0.2 	2.1 	17.7 	0.2 	22 	0.448 	1.000 	0.743 	1 	0.224 	0.000 	56 	0.491 		125 		-	-	Devin Singletary	0.112 	RB64	Jordyn Tyson	0.197 	WR64		-	-		RB9	14.7 	0.0 	0.0 	250.5 	1.0 	9.0 	76.9 	0.7 	9 	0.474 	1.000 	0.900 	1 	0.405 	0.000 	#N/A	0.638 		44.1 		-	-	Devin Singletary	11 	RB49	Jordyn Tyson	0 	WR101		-	-					Carolina Panthers	Chicago Bears	0 	0.0 	49 	1.0 	3.0 	38 	1.0 	0.0 	0.0 	0.0 	20.7 	RB9		Carolina Panthers	Atlanta Falcons	0 	0.0 	53 	0.0 	2.0 	11 	1.0 	0.0 	0.0 	0.0 	12.4 	RB10		Carolina Panthers	Cleveland Browns	0 	0.0 	82 	0.0 	4.0 	28 	0.0 	0.0 	0.0 	0.0 	11.0 	RB14		Carolina Panthers	Detroit Lions	0 	0.0 	63 	0.4 	2.2 	19 	0.2 	0.0 	0.2 	0.0 	11.3 	RB16		Carolina Panthers	BYE	0 	0.0 	0 	0.0 	0.0 	0 	0.0 	0.0 	0.0 	0.0 	0.0 	-		Carolina Panthers	Philadelphia Eagles	0 	0.0 	55 	0.3 	2.1 	18 	0.2 	0.0 	0.2 	0.0 	9.6 	RB20		Carolina Panthers	Tampa Bay Buccaneers	0 	0.0 	64 	0.4 	2.1 	18 	0.2 	0.0 	0.2 	0.0 	11.2 	RB14		Carolina Panthers	Green Bay Packers	0 	0.0 	56 	0.3 	2.1 	18 	0.2 	0.0 	0.2 	0.0 	9.8 	RB20		Carolina Panthers	Denver Broncos	0 	0.0 	58 	0.2 	2.0 	17 	0.2 	0.0 	0.2 	0.0 	9.2 	RB23		Carolina Panthers	New Orleans Saints	0 	0.0 	59 	0.2 	2.1 	18 	0.2 	0.0 	0.2 	0.0 	9.5 	RB19		Carolina Panthers	Baltimore Ravens	0 	0.0 	56 	0.2 	2.1 	18 	0.2 	0.0 	0.2 	0.0 	9.2 	RB19		Carolina Panthers	Tampa Bay Buccaneers	0 	0.0 	56 	0.2 	2.1 	18 	0.2 	0.0 	0.2 	0.0 	9.1 	RB24		Carolina Panthers	Minnesota Vikings	0 	0.0 	55 	0.2 	2.1 	18 	0.2 	0.0 	0.2 	0.0 	8.9 	RB22		Carolina Panthers	New Orleans Saints	0 	0.0 	64 	0.2 	2.1 	18 	0.2 	0.0 	0.2 	0.0 	10.2 	RB21		Carolina Panthers	Cincinnati Bengals	0 	0.0 	60 	0.2 	2.1 	18 	0.2 	0.0 	0.2 	0.0 	9.8 	RB22		Carolina Panthers	Pittsburgh Steelers	0 	0.0 	54 	0.2 	2.0 	17 	0.2 	0.0 	0.2 	0.0 	8.8 	RB25		Carolina Panthers	Seattle Seahawks	0 	0.0 	51 	0.2 	2.1 	18 	0.2 	0.0 	0.2 	0.0 	8.4 	RB27		Actual	Actual	Actual	Forecast	Forecast	Forecast	Forecast	Forecast	Forecast	Forecast	Forecast	Forecast	Forecast	Forecast	Forecast	Forecast	Forecast		Healthy	Healthy	Healthy	Healthy	Healthy	Healthy	Healthy	Healthy	Healthy	Healthy	Healthy	Healthy	Healthy	Healthy	Healthy	Healthy	Healthy		Week 4 2026	9/29/2026	8:41:33 PM	20		8%	11%	52%	28%	0%	0%		(0.1)
	Jalen Coker	Carolina Panthers	WR	WR20	8.3 	133 	0 	0.0 	0.0 	0.0 	0 	0.0 	0.0 	0.0 	76.9 	4.8 	940 	58.8 	6.5 	0.4 	0.0 	0.2 	0.0 	0.356 	1.000 	0.800 	1 	0.222 	0.000 	47 	142 	95 	20 	52 	32 	0.502 				-	-	Kendre Miller	0.143 	RB59	Elic Ayomanor	0.211 	WR60		-	-		25.8 	6.6 	1.8 	7.8 	0.0 	7.4 	7.7 	7.5 	7.3 	7.5 	7.7 	7.6 	7.4 	7.8 	7.8 	7.3 	7.4 		WR2	WR25	WR71	WR26	-	WR30	WR24	WR27	WR32	WR28	WR22	WR32	WR29	WR25	WR27	WR31	WR32		WR32	7.6 	0.0 	0.0 	0.0 	0.0 	4.5 	55.2 	0.3 	31 	0.352 	1.000 	0.690 	1 	0.196 	0.000 	71 	0.442 		98 		-	-	Kendre Miller	0.143 	RB59	Elic Ayomanor	0.205 	WR62		-	-		WR9	11.4 	0.0 	0.0 	0.0 	0.0 	19.6 	239.3 	1.5 	9 	0.368 	1.000 	0.910 	1 	0.301 	0.000 	#N/A	0.585 		34.2 		-	-	Kendre Miller	11 	RB48	Elic Ayomanor	15 	WR46		-	-					Carolina Panthers	Chicago Bears	0 	0.0 	0 	0.0 	8.0 	138 	2.0 	0.0 	0.0 	0.0 	25.8 	WR2		Carolina Panthers	Atlanta Falcons	0 	0.0 	0 	0.0 	8.0 	66 	0.0 	0.0 	0.0 	0.0 	6.6 	WR25		Carolina Panthers	Cleveland Browns	0 	0.0 	0 	0.0 	2.0 	18 	0.0 	0.0 	0.0 	0.0 	1.8 	WR71		Carolina Panthers	Detroit Lions	0 	0.0 	0 	0.0 	4.6 	56 	0.4 	0.0 	0.0 	0.0 	7.8 	WR26		Carolina Panthers	BYE	0 	0.0 	0 	0.0 	0.0 	0 	0.0 	0.0 	0.0 	0.0 	0.0 	-		Carolina Panthers	Philadelphia Eagles	0 	0.0 	0 	0.0 	4.5 	55 	0.3 	0.0 	0.0 	0.0 	7.4 	WR30		Carolina Panthers	Tampa Bay Buccaneers	0 	0.0 	0 	0.0 	4.6 	56 	0.4 	0.0 	0.0 	0.0 	7.7 	WR24		Carolina Panthers	Green Bay Packers	0 	0.0 	0 	0.0 	4.6 	56 	0.3 	0.0 	0.0 	0.0 	7.5 	WR27		Carolina Panthers	Denver Broncos	0 	0.0 	0 	0.0 	4.4 	54 	0.3 	0.0 	0.0 	0.0 	7.3 	WR32		Carolina Panthers	New Orleans Saints	0 	0.0 	0 	0.0 	4.5 	55 	0.3 	0.0 	0.0 	0.0 	7.5 	WR28		Carolina Panthers	Baltimore Ravens	0 	0.0 	0 	0.0 	4.6 	56 	0.4 	0.0 	0.0 	0.0 	7.7 	WR22		Carolina Panthers	Tampa Bay Buccaneers	0 	0.0 	0 	0.0 	4.6 	56 	0.3 	0.0 	0.0 	0.0 	7.6 	WR32		Carolina Panthers	Minnesota Vikings	0 	0.0 	0 	0.0 	4.5 	55 	0.3 	0.0 	0.0 	0.0 	7.4 	WR29		Carolina Panthers	New Orleans Saints	0 	0.0 	0 	0.0 	4.5 	55 	0.4 	0.0 	0.0 	0.0 	7.8 	WR25		Carolina Panthers	Cincinnati Bengals	0 	0.0 	0 	0.0 	4.6 	56 	0.4 	0.0 	0.0 	0.0 	7.8 	WR27		Carolina Panthers	Pittsburgh Steelers	0 	0.0 	0 	0.0 	4.4 	54 	0.3 	0.0 	0.0 	0.0 	7.3 	WR31		Carolina Panthers	Seattle Seahawks	0 	0.0 	0 	0.0 	4.5 	55 	0.3 	0.0 	0.0 	0.0 	7.4 	WR32		Actual	Actual	Actual	Forecast	Forecast	Forecast	Forecast	Forecast	Forecast	Forecast	Forecast	Forecast	Forecast	Forecast	Forecast	Forecast	Forecast		Healthy	Healthy	Healthy	Limited / Handicapped	Healthy	Healthy	Healthy	Healthy	Healthy	Healthy	Healthy	Healthy	Healthy	Healthy	Healthy	Healthy	Healthy		Week 4 2026	9/29/2026	8:41:33 PM	20		25%	23%	0%	0%	0%	0%		(0.1)
	Harold Fannin Jr.	Cleveland Browns	TE	TE8	7.2 	116 	0 	0.0 	0.0 	0.0 	0 	0.0 	0.0 	0.0 	78.8 	4.9 	767 	47.9 	6.6 	0.4 	0.0 	0.2 	0.0 	0.311 	0.560 	0.501 	1 	0.421 	0.000 	67 	64 	(3)	8 	5 	(3)	0.436 				-	-	Mike Washington Jr.	0.162 	RB56	Cooper Kupp	0.207 	WR61		-	-		2.1 	5.4 	17.1 	6.8 	6.9 	7.3 	7.0 	6.8 	7.1 	6.7 	0.0 	7.1 	7.4 	7.2 	6.9 	6.9 	7.2 		TE27	TE15	TE3	TE9	TE7	TE7	TE6	TE6	TE6	TE8	-	TE8	TE3	TE6	TE7	TE7	TE5		TE7	7.0 	0.0 	0.0 	0.0 	0.0 	5.0 	49.3 	0.4 	7 	0.326 	0.560 	0.510 	1 	0.436 	0.000 	68 	0.449 		91 		-	-	Mike Washington Jr.	0.137 	RB60	Cooper Kupp	0.200 	WR63		-	-		TE7	8.2 	0.0 	0.0 	0.0 	0.0 	21.6 	213.7 	1.5 	7 	0.265 	0.560 	0.510 	1 	0.493 	0.000 	#N/A	0.465 		24.6 		-	-	Mike Washington Jr.	16 	RB33	Cooper Kupp	16 	WR42		-	-					Cleveland Browns	Jacksonville Jaguars	0 	0.0 	0 	0.0 	2.0 	21 	0.0 	0.0 	0.0 	0.0 	2.1 	TE27		Cleveland Browns	Tampa Bay Buccaneers	0 	0.0 	0 	0.0 	5.0 	54 	0.0 	0.0 	0.0 	0.0 	5.4 	TE15		Cleveland Browns	Carolina Panthers	0 	0.0 	0 	0.0 	7.0 	51 	2.0 	0.0 	0.0 	0.0 	17.1 	TE3		Cleveland Browns	Pittsburgh Steelers	0 	0.0 	0 	0.0 	4.8 	48 	0.3 	0.0 	0.0 	0.0 	6.8 	TE9		Cleveland Browns	New York Jets	0 	0.0 	0 	0.0 	4.9 	48 	0.3 	0.0 	0.0 	0.0 	6.9 	TE7		Cleveland Browns	Baltimore Ravens	0 	0.0 	0 	0.0 	5.1 	51 	0.4 	0.0 	0.0 	0.0 	7.3 	TE7		Cleveland Browns	Tennessee Titans	0 	0.0 	0 	0.0 	4.9 	49 	0.3 	0.0 	0.0 	0.0 	7.0 	TE6		Cleveland Browns	Pittsburgh Steelers	0 	0.0 	0 	0.0 	4.9 	49 	0.3 	0.0 	0.0 	0.0 	6.8 	TE6		Cleveland Browns	New Orleans Saints	0 	0.0 	0 	0.0 	5.0 	50 	0.4 	0.0 	0.0 	0.0 	7.1 	TE6		Cleveland Browns	Houston Texans	0 	0.0 	0 	0.0 	4.9 	48 	0.3 	0.0 	0.0 	0.0 	6.7 	TE8		Cleveland Browns	BYE	0 	0.0 	0 	0.0 	0.0 	0 	0.0 	0.0 	0.0 	0.0 	0.0 	-		Cleveland Browns	Las Vegas Raiders	0 	0.0 	0 	0.0 	4.9 	49 	0.4 	0.0 	0.0 	0.0 	7.1 	TE8		Cleveland Browns	Cincinnati Bengals	0 	0.0 	0 	0.0 	5.2 	51 	0.4 	0.0 	0.0 	0.0 	7.4 	TE3		Cleveland Browns	Atlanta Falcons	0 	0.0 	0 	0.0 	5.0 	49 	0.4 	0.0 	0.0 	0.0 	7.2 	TE6		Cleveland Browns	New York Giants	0 	0.0 	0 	0.0 	4.9 	49 	0.3 	0.0 	0.0 	0.0 	6.9 	TE7		Cleveland Browns	Baltimore Ravens	0 	0.0 	0 	0.0 	5.0 	50 	0.3 	0.0 	0.0 	0.0 	6.9 	TE7		Cleveland Browns	Indianapolis Colts	0 	0.0 	0 	0.0 	5.1 	50 	0.4 	0.0 	0.0 	0.0 	7.2 	TE5		Actual	Actual	Actual	Forecast	Forecast	Forecast	Forecast	Forecast	Forecast	Forecast	Forecast	Forecast	Forecast	Forecast	Forecast	Forecast	Forecast		Healthy	Healthy	Healthy	Healthy	Healthy	Healthy	Healthy	Healthy	Healthy	Healthy	Healthy	Healthy	Healthy	Healthy	Healthy	Healthy	Healthy		Week 4 2026	9/29/2026	8:41:33 PM	20		22%	26%	0%	0%	0%	0%		(0.0)
	Tyler Shough	New Orleans Saints	QB	QB4	18.3 	293 	4,086 	255.4 	29.9 	1.9 	261 	16.3 	2.4 	0.1 	0.0 	0.0 	0 	0.0 	0.0 	0.0 	11.4 	4.0 	0.0 	0.785 	0.460 	0.433 	1 	0.517 	0.000 	56 	152 	96 	4 	20 	16 	0.472 				-	-	Chris Brooks	0.105 	RB65	Antonio Williams	0.197 	WR63		-	-		23.2 	22.4 	23.8 	19.2 	17.2 	16.9 	16.2 	0.0 	17.3 	17.3 	16.6 	17.2 	16.7 	16.5 	16.9 	18.4 	17.0 		QB8	QB8	QB6	QB2	QB8	QB8	QB13	-	QB9	QB7	QB10	QB7	QB8	QB11	QB9	QB3	QB9		QB6	17.2 	243.8 	1.7 	14.9 	0.1 	0.0 	0.0 	0.0 	6 	0.798 	0.460 	0.415 	1 	0.547 	0.000 	60 	0.477 		223 		-	-	Chris Brooks	0.125 	RB62	Antonio Williams	0.185 	WR67		-	-		QB3	23.1 	1,056.3 	7.3 	64.8 	0.5 	0.0 	0.0 	0.0 	3 	0.747 	0.460 	0.441 	1 	0.576 	0.000 	#N/A	0.505 		69.4 		-	-	Chris Brooks	6 	RB62	Antonio Williams	16 	WR39		-	-					New Orleans Saints	Detroit Lions	410 	3.0 	8 	0.0 	0.0 	0 	0.0 	2.0 	1.0 	0.0 	23.2 	QB8		New Orleans Saints	Baltimore Ravens	252 	1.0 	23 	1.0 	0.0 	0 	0.0 	0.0 	0.0 	0.0 	22.4 	QB8		New Orleans Saints	Las Vegas Raiders	255 	4.0 	36 	0.0 	0.0 	0 	0.0 	1.0 	2.0 	0.0 	23.8 	QB6		New Orleans Saints	Atlanta Falcons	255 	2.0 	18 	0.1 	0.0 	0 	0.0 	0.6 	0.1 	0.0 	19.2 	QB2		New Orleans Saints	Minnesota Vikings	242 	1.7 	16 	0.1 	0.0 	0 	0.0 	0.6 	0.1 	0.0 	17.2 	QB8		New Orleans Saints	New York Giants	240 	1.6 	16 	0.1 	0.0 	0 	0.0 	0.6 	0.1 	0.0 	16.9 	QB8		New Orleans Saints	Pittsburgh Steelers	236 	1.5 	14 	0.1 	0.0 	0 	0.0 	0.6 	0.1 	0.0 	16.2 	QB13		New Orleans Saints	BYE	0 	0.0 	0 	0.0 	0.0 	0 	0.0 	0.0 	0.0 	0.0 	0.0 	-		New Orleans Saints	Cleveland Browns	242 	1.7 	16 	0.1 	0.0 	0 	0.0 	0.6 	0.1 	0.0 	17.3 	QB9		New Orleans Saints	Carolina Panthers	242 	1.7 	16 	0.1 	0.0 	0 	0.0 	0.6 	0.1 	0.0 	17.3 	QB7		New Orleans Saints	Chicago Bears	246 	1.6 	13 	0.1 	0.0 	0 	0.0 	0.6 	0.1 	0.0 	16.6 	QB10		New Orleans Saints	Cincinnati Bengals	250 	1.7 	13 	0.1 	0.0 	0 	0.0 	0.6 	0.1 	0.0 	17.2 	QB7		New Orleans Saints	Green Bay Packers	243 	1.6 	13 	0.1 	0.0 	0 	0.0 	0.6 	0.1 	0.0 	16.7 	QB8		New Orleans Saints	Carolina Panthers	238 	1.6 	14 	0.1 	0.0 	0 	0.0 	0.6 	0.1 	0.0 	16.5 	QB11		New Orleans Saints	Tampa Bay Buccaneers	245 	1.7 	14 	0.1 	0.0 	0 	0.0 	0.6 	0.1 	0.0 	16.9 	QB9		New Orleans Saints	Arizona Cardinals	246 	1.9 	17 	0.1 	0.0 	0 	0.0 	0.6 	0.1 	0.0 	18.4 	QB3		New Orleans Saints	Atlanta Falcons	242 	1.7 	14 	0.1 	0.0 	0 	0.0 	0.6 	0.1 	0.0 	17.0 	QB9		Actual	Actual	Actual	Forecast	Forecast	Forecast	Forecast	Forecast	Forecast	Forecast	Forecast	Forecast	Forecast	Forecast	Forecast	Forecast	Forecast		Healthy	Healthy	Healthy	Healthy	Healthy	Healthy	Healthy	Healthy	Healthy	Healthy	Healthy	Healthy	Healthy	Healthy	Healthy	Healthy	Healthy		Week 4 2026	9/29/2026	8:41:33 PM	20		0%	0%	16%	18%	99%	99%		(0.0)
	Stefon Diggs	Washington Commanders	WR	WR25	8.0 	127 	0 	0.0 	0.0 	0.0 	0 	0.0 	0.0 	0.0 	75.7 	4.7 	806 	50.4 	7.9 	0.5 	0.0 	0.2 	0.0 	0.342 	1.000 	0.750 	1 	0.195 	0.000 	58 	119 	61 	25 	47 	22 	0.467 				-	-	Tank Bigsby	0.118 	RB63	Ted Hurst	0.202 	WR62		-	-		11.5 	16.7 	3.3 	7.3 	7.6 	7.6 	0.0 	7.2 	7.6 	7.3 	7.7 	7.4 	7.3 	7.0 	7.5 	7.1 	7.4 		WR17	WR8	WR54	WR33	WR27	WR25	-	WR30	WR31	WR30	WR21	WR33	WR33	WR34	WR33	WR34	WR33		WR33	7.4 	0.0 	0.0 	0.0 	0.0 	4.8 	51.6 	0.4 	32 	0.343 	1.000 	0.680 	1 	0.177 	0.000 	75 	0.428 		96 		-	-	Tank Bigsby	0.118 	RB63	Ted Hurst	0.195 	WR65		-	-		WR11	10.5 	0.0 	0.0 	0.0 	0.0 	20.9 	223.7 	1.6 	11 	0.339 	1.000 	0.890 	1 	0.257 	0.000 	#N/A	0.554 		31.5 		-	-	Tank Bigsby	9 	RB56	Ted Hurst	16 	WR39		-	-					Washington Commanders	Philadelphia Eagles	0 	0.0 	0 	0.0 	4.0 	55 	1.0 	0.0 	0.0 	0.0 	11.5 	WR17		Washington Commanders	Dallas Cowboys	0 	0.0 	0 	0.0 	5.0 	47 	2.0 	0.0 	0.0 	0.0 	16.7 	WR8		Washington Commanders	Seattle Seahawks	0 	0.0 	0 	0.0 	4.0 	33 	0.0 	0.0 	0.0 	0.0 	3.3 	WR54		Washington Commanders	Indianapolis Colts	0 	0.0 	0 	0.0 	4.8 	52 	0.4 	0.0 	0.0 	0.0 	7.3 	WR33		Washington Commanders	New York Giants	0 	0.0 	0 	0.0 	4.9 	52 	0.4 	0.0 	0.0 	0.0 	7.6 	WR27		Washington Commanders	San Francisco 49ers	0 	0.0 	0 	0.0 	5.0 	53 	0.4 	0.0 	0.0 	0.0 	7.6 	WR25		Washington Commanders	BYE	0 	0.0 	0 	0.0 	0.0 	0 	0.0 	0.0 	0.0 	0.0 	0.0 	-		Washington Commanders	Philadelphia Eagles	0 	0.0 	0 	0.0 	4.7 	51 	0.4 	0.0 	0.0 	0.0 	7.2 	WR30		Washington Commanders	Los Angeles Rams	0 	0.0 	0 	0.0 	5.0 	53 	0.4 	0.0 	0.0 	0.0 	7.6 	WR31		Washington Commanders	New York Giants	0 	0.0 	0 	0.0 	4.8 	51 	0.4 	0.0 	0.0 	0.0 	7.3 	WR30		Washington Commanders	Cincinnati Bengals	0 	0.0 	0 	0.0 	5.0 	53 	0.4 	0.0 	0.0 	0.0 	7.7 	WR21		Washington Commanders	Arizona Cardinals	0 	0.0 	0 	0.0 	4.8 	51 	0.4 	0.0 	0.0 	0.0 	7.4 	WR33		Washington Commanders	Tennessee Titans	0 	0.0 	0 	0.0 	4.7 	51 	0.4 	0.0 	0.0 	0.0 	7.3 	WR33		Washington Commanders	Houston Texans	0 	0.0 	0 	0.0 	4.7 	50 	0.3 	0.0 	0.0 	0.0 	7.0 	WR34		Washington Commanders	Atlanta Falcons	0 	0.0 	0 	0.0 	4.8 	52 	0.4 	0.0 	0.0 	0.0 	7.5 	WR33		Washington Commanders	Minnesota Vikings	0 	0.0 	0 	0.0 	4.7 	50 	0.4 	0.0 	0.0 	0.0 	7.1 	WR34		Washington Commanders	Jacksonville Jaguars	0 	0.0 	0 	0.0 	4.9 	52 	0.4 	0.0 	0.0 	0.0 	7.4 	WR33		Actual	Actual	Actual	Forecast	Forecast	Forecast	Forecast	Forecast	Forecast	Forecast	Forecast	Forecast	Forecast	Forecast	Forecast	Forecast	Forecast		Healthy	Healthy	Healthy	Healthy	Healthy	Healthy	Healthy	Healthy	Healthy	Healthy	Healthy	Healthy	Healthy	Healthy	Healthy	Healthy	Healthy		Week 4 2026	9/29/2026	8:41:33 PM	20		24%	26%	0%	0%	0%	0%		(0.1)
	Brock Purdy	San Francisco 49ers	QB	QB2	19.0 	304 	3,814 	238.4 	30.8 	1.9 	322 	20.1 	2.7 	0.2 	0.0 	0.0 	0 	0.0 	0.0 	0.0 	9.4 	1.0 	0.0 	0.815 	0.460 	0.449 	1 	0.583 	0.000 	45 	111 	66 	2 	13 	11 	0.512 				-	-	Tyrone Tracy Jr.	0.096 	RB66	Chris Bell	0.176 	WR67		-	-		21.1 	28.5 	31.3 	17.3 	16.6 	18.6 	17.6 	0.0 	17.8 	17.9 	17.4 	16.4 	17.5 	16.9 	16.4 	16.0 	16.6 		QB10	QB5	QB1	QB5	QB11	QB2	QB4	-	QB8	QB5	QB7	QB14	QB5	QB7	QB14	QB17	QB11		QB7	17.1 	232.7 	1.7 	17.6 	0.1 	0.0 	0.0 	0.0 	7 	0.797 	0.460 	0.406 	1 	0.543 	0.000 	63 	0.470 		223 		-	-	Tyrone Tracy Jr.	0.100 	RB66	Chris Bell	0.190 	WR66		-	-		QB2	27.0 	1,008.2 	7.3 	76.3 	0.6 	0.0 	0.0 	0.0 	2 	0.870 	0.460 	0.449 	2 	0.783 	0.000 	#N/A	0.606 		80.9 		-	-	Tyrone Tracy Jr.	(0)	RB77	Chris Bell	9 	WR69		-	-					San Francisco 49ers	Los Angeles Rams	205 	3.0 	29 	0.0 	0.0 	0 	0.0 	1.0 	0.0 	0.0 	21.1 	QB10		San Francisco 49ers	Miami Dolphins	287 	2.0 	30 	1.0 	0.0 	0 	0.0 	0.0 	0.0 	0.0 	28.5 	QB5		San Francisco 49ers	Arizona Cardinals	297 	4.0 	34 	0.0 	0.0 	0 	0.0 	0.0 	0.0 	0.0 	31.3 	QB1		San Francisco 49ers	Denver Broncos	233 	1.7 	18 	0.1 	0.0 	0 	0.0 	0.6 	0.1 	0.0 	17.3 	QB5		San Francisco 49ers	Seattle Seahawks	235 	1.6 	16 	0.1 	0.0 	0 	0.0 	0.6 	0.1 	0.0 	16.6 	QB11		San Francisco 49ers	Washington Commanders	240 	1.9 	20 	0.2 	0.0 	0 	0.0 	0.6 	0.1 	0.0 	18.6 	QB2		San Francisco 49ers	Atlanta Falcons	232 	1.7 	19 	0.1 	0.0 	0 	0.0 	0.6 	0.1 	0.0 	17.6 	QB4		San Francisco 49ers	BYE	0 	0.0 	0 	0.0 	0.0 	0 	0.0 	0.0 	0.0 	0.0 	0.0 	-		San Francisco 49ers	Las Vegas Raiders	227 	1.8 	21 	0.2 	0.0 	0 	0.0 	0.6 	0.1 	0.0 	17.8 	QB8		San Francisco 49ers	Dallas Cowboys	241 	1.8 	17 	0.1 	0.0 	0 	0.0 	0.6 	0.1 	0.0 	17.9 	QB5		San Francisco 49ers	Minnesota Vikings	234 	1.7 	18 	0.1 	0.0 	0 	0.0 	0.6 	0.1 	0.0 	17.4 	QB7		San Francisco 49ers	Seattle Seahawks	230 	1.6 	16 	0.1 	0.0 	0 	0.0 	0.6 	0.1 	0.0 	16.4 	QB14		San Francisco 49ers	New York Giants	235 	1.7 	18 	0.1 	0.0 	0 	0.0 	0.6 	0.1 	0.0 	17.5 	QB5		San Francisco 49ers	Los Angeles Rams	234 	1.6 	17 	0.1 	0.0 	0 	0.0 	0.6 	0.1 	0.0 	16.9 	QB7		San Francisco 49ers	Los Angeles Chargers	230 	1.6 	16 	0.1 	0.0 	0 	0.0 	0.6 	0.1 	0.0 	16.4 	QB14		San Francisco 49ers	Kansas City Chiefs	227 	1.5 	16 	0.1 	0.0 	0 	0.0 	0.6 	0.1 	0.0 	16.0 	QB17		San Francisco 49ers	Philadelphia Eagles	228 	1.6 	17 	0.1 	0.0 	0 	0.0 	0.6 	0.1 	0.0 	16.6 	QB11		Actual	Actual	Actual	Forecast	Forecast	Forecast	Forecast	Forecast	Forecast	Forecast	Forecast	Forecast	Forecast	Forecast	Forecast	Forecast	Forecast		Healthy	Healthy	Healthy	Healthy	Healthy	Healthy	Healthy	Healthy	Healthy	Healthy	Healthy	Healthy	Healthy	Healthy	Healthy	Healthy	Healthy		Week 4 2026	9/29/2026	8:41:33 PM	20		0%	0%	15%	15%	99%	99%		(0.1)
	Terry McLaurin	Washington Commanders	WR	WR31	7.5 	120 	0 	0.0 	0.0 	0.0 	0 	0.0 	0.0 	0.0 	60.1 	3.8 	868 	54.2 	5.7 	0.4 	0.0 	0.2 	0.0 	0.323 	1.000 	0.690 	1 	0.158 	0.000 	70 	58 	(12)	31 	26 	(5)	0.422 				-	-	Demond Claiborne	0.088 	RB67	Xavier Worthy	0.172 	WR68		-	-		1.4 	5.0 	13.7 	7.6 	7.9 	7.9 	0.0 	7.5 	7.9 	7.6 	8.1 	7.8 	7.6 	7.4 	7.8 	7.4 	7.7 		WR78	WR34	WR13	WR29	WR25	WR23	-	WR26	WR27	WR26	WR20	WR28	WR26	WR30	WR28	WR29	WR27		WR27	7.7 	0.0 	0.0 	0.0 	0.0 	3.9 	55.9 	0.4 	26 	0.359 	1.000 	0.740 	1 	0.212 	0.000 	62 	0.471 		100 		-	-	Demond Claiborne	0.091 	RB67	Xavier Worthy	0.175 	WR69		-	-		WR32	6.7 	0.0 	0.0 	0.0 	0.0 	16.7 	242.3 	1.6 	32 	0.216 	1.000 	0.680 	0 	0.071 	0.000 	#N/A	0.367 		20.1 		-	-	Demond Claiborne	0 	RB68	Xavier Worthy	12 	WR57		-	-					Washington Commanders	Philadelphia Eagles	0 	0.0 	0 	0.0 	2.0 	14 	0.0 	0.0 	0.0 	0.0 	1.4 	WR78		Washington Commanders	Dallas Cowboys	0 	0.0 	0 	0.0 	2.0 	50 	0.0 	0.0 	0.0 	0.0 	5.0 	WR34		Washington Commanders	Seattle Seahawks	0 	0.0 	0 	0.0 	6.0 	77 	1.0 	0.0 	0.0 	0.0 	13.7 	WR13		Washington Commanders	Indianapolis Colts	0 	0.0 	0 	0.0 	3.9 	56 	0.3 	0.0 	0.0 	0.0 	7.6 	WR29		Washington Commanders	New York Giants	0 	0.0 	0 	0.0 	3.9 	56 	0.4 	0.0 	0.0 	0.0 	7.9 	WR25		Washington Commanders	San Francisco 49ers	0 	0.0 	0 	0.0 	4.0 	58 	0.4 	0.0 	0.0 	0.0 	7.9 	WR23		Washington Commanders	BYE	0 	0.0 	0 	0.0 	0.0 	0 	0.0 	0.0 	0.0 	0.0 	0.0 	-		Washington Commanders	Philadelphia Eagles	0 	0.0 	0 	0.0 	3.8 	55 	0.3 	0.0 	0.0 	0.0 	7.5 	WR26		Washington Commanders	Los Angeles Rams	0 	0.0 	0 	0.0 	4.0 	58 	0.4 	0.0 	0.0 	0.0 	7.9 	WR27		Washington Commanders	New York Giants	0 	0.0 	0 	0.0 	3.8 	55 	0.4 	0.0 	0.0 	0.0 	7.6 	WR26		Washington Commanders	Cincinnati Bengals	0 	0.0 	0 	0.0 	4.0 	58 	0.4 	0.0 	0.0 	0.0 	8.1 	WR20		Washington Commanders	Arizona Cardinals	0 	0.0 	0 	0.0 	3.8 	55 	0.4 	0.0 	0.0 	0.0 	7.8 	WR28		Washington Commanders	Tennessee Titans	0 	0.0 	0 	0.0 	3.8 	55 	0.4 	0.0 	0.0 	0.0 	7.6 	WR26		Washington Commanders	Houston Texans	0 	0.0 	0 	0.0 	3.7 	54 	0.3 	0.0 	0.0 	0.0 	7.4 	WR30		Washington Commanders	Atlanta Falcons	0 	0.0 	0 	0.0 	3.9 	56 	0.4 	0.0 	0.0 	0.0 	7.8 	WR28		Washington Commanders	Minnesota Vikings	0 	0.0 	0 	0.0 	3.8 	55 	0.3 	0.0 	0.0 	0.0 	7.4 	WR29		Washington Commanders	Jacksonville Jaguars	0 	0.0 	0 	0.0 	3.9 	56 	0.4 	0.0 	0.0 	0.0 	7.7 	WR27		Actual	Actual	Actual	Forecast	Forecast	Forecast	Forecast	Forecast	Forecast	Forecast	Forecast	Forecast	Forecast	Forecast	Forecast	Forecast	Forecast		Healthy	Healthy	Healthy	Healthy	Healthy	Healthy	Healthy	Healthy	Healthy	Healthy	Healthy	Healthy	Healthy	Healthy	Healthy	Healthy	Healthy		Week 4 2026	9/29/2026	8:41:33 PM	20		26%	25%	0%	0%	0%	0%		0.1 
	Deebo Samuel	San Francisco 49ers	WR	WR23	8.1 	129 	0 	0.0 	0.0 	0.0 	91 	5.7 	0.3 	0.0 	60.7 	3.8 	801 	50.0 	6.4 	0.4 	0.0 	0.2 	0.0 	0.347 	1.000 	0.770 	1 	0.206 	0.000 	52 	0 	(52)	23 	0 	(23)	0.481 				-	-	Nicholas Singleton	0.074 	RB69	Marvin Harrison Jr.	0.166 	WR69		-	-		12.0 	3.5 	15.4 	7.6 	7.5 	8.0 	7.7 	0.0 	7.7 	7.9 	7.7 	7.3 	7.7 	7.5 	7.3 	7.2 	7.4 		WR15	WR48	WR7	WR30	WR28	WR21	WR25	-	WR29	WR24	WR23	WR34	WR25	WR26	WR34	WR33	WR30		WR30	7.6 	0.0 	0.0 	4.7 	0.0 	4.0 	49.4 	0.3 	29 	0.352 	1.000 	0.710 	1 	0.197 	0.000 	67 	0.451 		99 		-	-	Nicholas Singleton	0.082 	RB68	Marvin Harrison Jr.	0.180 	WR68		-	-		WR15	10.3 	0.0 	0.0 	20.4 	0.1 	17.2 	213.9 	1.5 	15 	0.332 	1.000 	0.850 	1 	0.247 	0.000 	#N/A	0.531 		30.9 		-	-	Nicholas Singleton	1 	RB66	Marvin Harrison Jr.	7 	WR77		-	-					San Francisco 49ers	Los Angeles Rams	0 	0.0 	12 	0.0 	6.0 	48 	1.0 	0.0 	0.0 	0.0 	12.0 	WR15		San Francisco 49ers	Miami Dolphins	0 	0.0 	4 	0.0 	3.0 	31 	0.0 	0.0 	0.0 	0.0 	3.5 	WR48		San Francisco 49ers	Arizona Cardinals	0 	0.0 	14 	0.0 	0.0 	80 	1.0 	0.0 	0.0 	0.0 	15.4 	WR7		San Francisco 49ers	Denver Broncos	0 	0.0 	5 	0.0 	4.0 	49 	0.3 	0.0 	0.0 	0.0 	7.6 	WR30		San Francisco 49ers	Seattle Seahawks	0 	0.0 	4 	0.0 	4.0 	50 	0.3 	0.0 	0.0 	0.0 	7.5 	WR28		San Francisco 49ers	Washington Commanders	0 	0.0 	5 	0.0 	4.1 	51 	0.4 	0.0 	0.0 	0.0 	8.0 	WR21		San Francisco 49ers	Atlanta Falcons	0 	0.0 	5 	0.0 	4.0 	49 	0.4 	0.0 	0.0 	0.0 	7.7 	WR25		San Francisco 49ers	BYE	0 	0.0 	0 	0.0 	0.0 	0 	0.0 	0.0 	0.0 	0.0 	0.0 	-		San Francisco 49ers	Las Vegas Raiders	0 	0.0 	6 	0.0 	3.9 	48 	0.4 	0.0 	0.0 	0.0 	7.7 	WR29		San Francisco 49ers	Dallas Cowboys	0 	0.0 	5 	0.0 	4.1 	51 	0.4 	0.0 	0.0 	0.0 	7.9 	WR24		San Francisco 49ers	Minnesota Vikings	0 	0.0 	5 	0.0 	4.0 	50 	0.3 	0.0 	0.0 	0.0 	7.7 	WR23		San Francisco 49ers	Seattle Seahawks	0 	0.0 	4 	0.0 	3.9 	49 	0.3 	0.0 	0.0 	0.0 	7.3 	WR34		San Francisco 49ers	New York Giants	0 	0.0 	5 	0.0 	4.0 	50 	0.3 	0.0 	0.0 	0.0 	7.7 	WR25		San Francisco 49ers	Los Angeles Rams	0 	0.0 	4 	0.0 	4.0 	50 	0.3 	0.0 	0.0 	0.0 	7.5 	WR26		San Francisco 49ers	Los Angeles Chargers	0 	0.0 	4 	0.0 	3.9 	49 	0.3 	0.0 	0.0 	0.0 	7.3 	WR34		San Francisco 49ers	Kansas City Chiefs	0 	0.0 	4 	0.0 	3.9 	48 	0.3 	0.0 	0.0 	0.0 	7.2 	WR33		San Francisco 49ers	Philadelphia Eagles	0 	0.0 	5 	0.0 	3.9 	48 	0.3 	0.0 	0.0 	0.0 	7.4 	WR30		Actual	Actual	Actual	Forecast	Forecast	Forecast	Forecast	Forecast	Forecast	Forecast	Forecast	Forecast	Forecast	Forecast	Forecast	Forecast	Forecast		Healthy	Healthy	Healthy	Healthy	Healthy	Healthy	Healthy	Healthy	Healthy	Healthy	Healthy	Healthy	Healthy	Healthy	Healthy	Healthy	Healthy		Week 4 2026	9/29/2026	8:41:33 PM	20		21%	20%	4%	3%	0%	0%		(0.1)
	Dalton Kincaid	Buffalo Bills	TE	TE5	7.8 	126 	0 	0.0 	0.0 	0.0 	0 	0.0 	0.0 	0.0 	61.6 	3.8 	977 	61.0 	5.0 	0.3 	0.0 	1.2 	0.0 	0.337 	0.560 	0.525 	1 	0.519 	0.000 	49 	100 	51 	5 	10 	5 	0.494 				-	-	Dylan Sampson	0.062 	RB71	Malachi Fields	0.150 	WR73		-	-		13.0 	15.5 	1.8 	7.3 	7.5 	7.2 	0.0 	7.6 	7.4 	7.1 	7.3 	7.5 	7.2 	7.3 	7.6 	7.1 	7.2 		TE5	TE3	TE24	TE7	TE6	TE8	-	TE4	TE5	TE6	TE6	TE5	TE4	TE5	TE5	TE6	TE6		TE5	7.3 	0.0 	0.0 	0.0 	0.0 	3.7 	54.9 	0.3 	5 	0.340 	0.560 	0.525 	1 	0.489 	0.000 	59 	0.481 		95 		-	-	Dylan Sampson	0.070 	RB70	Malachi Fields	0.155 	WR72		-	-		TE5	10.1 	0.0 	0.0 	0.0 	0.0 	15.9 	237.9 	1.3 	5 	0.326 	0.560 	0.525 	2 	0.761 	0.000 	#N/A	0.601 		30.3 		-	-	Dylan Sampson	0 	RB69	Malachi Fields	7 	WR74		-	-					Buffalo Bills	Houston Texans	0 	0.0 	0 	0.0 	5.0 	130 	0.0 	0.0 	0.0 	0.0 	13.0 	TE5		Buffalo Bills	Detroit Lions	0 	0.0 	0 	0.0 	7.0 	95 	1.0 	0.0 	0.0 	0.0 	15.5 	TE3		Buffalo Bills	Los Angeles Chargers	0 	0.0 	0 	0.0 	2.0 	38 	0.0 	0.0 	1.0 	0.0 	1.8 	TE24		Buffalo Bills	New England Patriots	0 	0.0 	0 	0.0 	3.6 	54 	0.3 	0.0 	0.0 	0.0 	7.3 	TE7		Buffalo Bills	Los Angeles Rams	0 	0.0 	0 	0.0 	3.7 	56 	0.3 	0.0 	0.0 	0.0 	7.5 	TE6		Buffalo Bills	Las Vegas Raiders	0 	0.0 	0 	0.0 	3.6 	54 	0.3 	0.0 	0.0 	0.0 	7.2 	TE8		Buffalo Bills	BYE	0 	0.0 	0 	0.0 	0.0 	0 	0.0 	0.0 	0.0 	0.0 	0.0 	-		Buffalo Bills	Baltimore Ravens	0 	0.0 	0 	0.0 	3.8 	56 	0.3 	0.0 	0.0 	0.0 	7.6 	TE4		Buffalo Bills	Minnesota Vikings	0 	0.0 	0 	0.0 	3.7 	55 	0.3 	0.0 	0.0 	0.0 	7.4 	TE5		Buffalo Bills	New York Jets	0 	0.0 	0 	0.0 	3.6 	53 	0.3 	0.0 	0.0 	0.0 	7.1 	TE6		Buffalo Bills	Miami Dolphins	0 	0.0 	0 	0.0 	3.6 	54 	0.3 	0.0 	0.0 	0.0 	7.3 	TE6		Buffalo Bills	Kansas City Chiefs	0 	0.0 	0 	0.0 	3.7 	56 	0.3 	0.0 	0.0 	0.0 	7.5 	TE5		Buffalo Bills	New England Patriots	0 	0.0 	0 	0.0 	3.6 	55 	0.3 	0.0 	0.0 	0.0 	7.2 	TE4		Buffalo Bills	Green Bay Packers	0 	0.0 	0 	0.0 	3.7 	55 	0.3 	0.0 	0.0 	0.0 	7.3 	TE5		Buffalo Bills	Chicago Bears	0 	0.0 	0 	0.0 	3.8 	57 	0.3 	0.0 	0.0 	0.0 	7.6 	TE5		Buffalo Bills	Denver Broncos	0 	0.0 	0 	0.0 	3.6 	54 	0.3 	0.0 	0.0 	0.0 	7.1 	TE6		Buffalo Bills	Miami Dolphins	0 	0.0 	0 	0.0 	3.6 	54 	0.3 	0.0 	0.0 	0.0 	7.2 	TE6		Actual	Actual	Actual	Forecast	Forecast	Forecast	Forecast	Forecast	Forecast	Forecast	Forecast	Forecast	Forecast	Forecast	Forecast	Forecast	Forecast		Healthy	Healthy	Healthy	Healthy	Healthy	Healthy	Healthy	Healthy	Healthy	Healthy	Healthy	Healthy	Healthy	Healthy	Healthy	Healthy	Healthy		Week 4 2026	9/29/2026	8:41:33 PM	20		25%	23%	0%	0%	0%	0%		(0.1)
	Carnell Tate	Tennessee Titans	WR	WR38	6.6 	106 	0 	0.0 	0.0 	0.0 	0 	0.0 	0.0 	0.0 	73.5 	4.6 	831 	51.9 	3.9 	0.2 	0.0 	0.2 	0.0 	0.285 	1.000 	0.630 	0 	0.082 	0.000 	87 	72 	(15)	37 	31 	(6)	0.359 				-	-	Kaytron Allen	0.081 	RB68	Rashod Bateman	0.191 	WR64		-	-		3.8 	2.7 	5.8 	6.7 	7.1 	7.5 	7.0 	7.5 	0.0 	7.2 	7.4 	7.3 	7.4 	7.4 	7.5 	7.0 	7.0 		WR50	WR57	WR40	WR38	WR34	WR26	WR30	WR28	-	WR32	WR25	WR35	WR32	WR29	WR32	WR36	WR37		WR35	7.2 	0.0 	0.0 	0.0 	0.0 	4.7 	54.4 	0.3 	34 	0.336 	1.000 	0.660 	0 	0.161 	0.000 	82 	0.412 		94 		-	-	Kaytron Allen	0.076 	RB69	Rashod Bateman	0.160 	WR71		-	-		WR63	4.1 	0.0 	0.0 	0.0 	0.0 	20.2 	235.9 	1.3 	63 	0.132 	1.000 	0.370 	(0)	0.000 	0.000 	#N/A	0.186 		12.3 		-	-	Kaytron Allen	4 	RB64	Rashod Bateman	19 	WR34		-	-					Tennessee Titans	New York Jets	0 	0.0 	0 	0.0 	4.0 	38 	0.0 	0.0 	0.0 	0.0 	3.8 	WR50		Tennessee Titans	Philadelphia Eagles	0 	0.0 	0 	0.0 	3.0 	27 	0.0 	0.0 	0.0 	0.0 	2.7 	WR57		Tennessee Titans	New York Giants	0 	0.0 	0 	0.0 	6.0 	58 	0.0 	0.0 	0.0 	0.0 	5.8 	WR40		Tennessee Titans	Baltimore Ravens	0 	0.0 	0 	0.0 	4.5 	52 	0.2 	0.0 	0.0 	0.0 	6.7 	WR38		Tennessee Titans	Houston Texans	0 	0.0 	0 	0.0 	4.6 	54 	0.3 	0.0 	0.0 	0.0 	7.1 	WR34		Tennessee Titans	Indianapolis Colts	0 	0.0 	0 	0.0 	4.8 	56 	0.3 	0.0 	0.0 	0.0 	7.5 	WR26		Tennessee Titans	Cleveland Browns	0 	0.0 	0 	0.0 	4.5 	53 	0.3 	0.0 	0.0 	0.0 	7.0 	WR30		Tennessee Titans	Cincinnati Bengals	0 	0.0 	0 	0.0 	4.8 	56 	0.3 	0.0 	0.0 	0.0 	7.5 	WR28		Tennessee Titans	BYE	0 	0.0 	0 	0.0 	0.0 	0 	0.0 	0.0 	0.0 	0.0 	0.0 	-		Tennessee Titans	Jacksonville Jaguars	0 	0.0 	0 	0.0 	4.6 	54 	0.3 	0.0 	0.0 	0.0 	7.2 	WR32		Tennessee Titans	Dallas Cowboys	0 	0.0 	0 	0.0 	4.8 	56 	0.3 	0.0 	0.0 	0.0 	7.4 	WR25		Tennessee Titans	Jacksonville Jaguars	0 	0.0 	0 	0.0 	4.7 	55 	0.3 	0.0 	0.0 	0.0 	7.3 	WR35		Tennessee Titans	Washington Commanders	0 	0.0 	0 	0.0 	4.7 	55 	0.3 	0.0 	0.0 	0.0 	7.4 	WR32		Tennessee Titans	Detroit Lions	0 	0.0 	0 	0.0 	4.8 	56 	0.3 	0.0 	0.0 	0.0 	7.4 	WR29		Tennessee Titans	Indianapolis Colts	0 	0.0 	0 	0.0 	4.7 	55 	0.3 	0.0 	0.0 	0.0 	7.5 	WR32		Tennessee Titans	Las Vegas Raiders	0 	0.0 	0 	0.0 	4.5 	53 	0.3 	0.0 	0.0 	0.0 	7.0 	WR36		Tennessee Titans	Pittsburgh Steelers	0 	0.0 	0 	0.0 	4.5 	53 	0.3 	0.0 	0.0 	0.0 	7.0 	WR37		Actual	Actual	Actual	Forecast	Forecast	Forecast	Forecast	Forecast	Forecast	Forecast	Forecast	Forecast	Forecast	Forecast	Forecast	Forecast	Forecast		Healthy	Healthy	Healthy	Healthy	Healthy	Healthy	Healthy	Healthy	Healthy	Healthy	Healthy	Healthy	Healthy	Healthy	Healthy	Healthy	Healthy		Week 4 2026	9/29/2026	8:41:33 PM	20		24%	21%	0%	0%	0%	0%		0.2 
	Travis Kelce	Kansas City Chiefs	TE	TE4	8.1 	129 	0 	0.0 	0.0 	0.0 	0 	0.0 	0.0 	0.0 	64.3 	4.0 	910 	56.9 	6.4 	0.4 	0.0 	0.2 	0.0 	0.346 	0.560 	0.533 	1 	0.553 	0.000 	44 	105 	61 	4 	12 	8 	0.514 				-	-	Isiah Pacheco	0.055 	RB72	Alec Pierce	0.156 	WR72		-	-		7.1 	16.1 	11.9 	7.4 	0.0 	7.3 	6.9 	6.9 	7.0 	7.2 	7.3 	7.4 	7.2 	7.3 	7.2 	7.4 	7.1 		TE14	TE2	TE6	TE6	-	TE6	TE7	TE5	TE7	TE5	TE5	TE6	TE5	TE4	TE6	TE5	TE7		TE6	7.2 	0.0 	0.0 	0.0 	0.0 	3.9 	52.2 	0.3 	6 	0.335 	0.560 	0.518 	1 	0.469 	0.000 	64 	0.468 		94 		-	-	Isiah Pacheco	0.063 	RB71	Alec Pierce	0.165 	WR70		-	-		TE2	11.7 	0.0 	0.0 	0.0 	0.0 	16.8 	226.4 	1.5 	2 	0.378 	0.560 	0.548 	2 	0.986 	0.000 	#N/A	0.719 		35.1 		-	-	Isiah Pacheco	0 	RB69	Alec Pierce	7 	WR78		-	-					Kansas City Chiefs	Denver Broncos	0 	0.0 	0 	0.0 	3.0 	71 	0.0 	0.0 	0.0 	0.0 	7.1 	TE14		Kansas City Chiefs	Indianapolis Colts	0 	0.0 	0 	0.0 	9.0 	101 	1.0 	0.0 	0.0 	0.0 	16.1 	TE2		Kansas City Chiefs	Miami Dolphins	0 	0.0 	0 	0.0 	2.0 	59 	1.0 	0.0 	0.0 	0.0 	11.9 	TE6		Kansas City Chiefs	Las Vegas Raiders	0 	0.0 	0 	0.0 	3.9 	53 	0.4 	0.0 	0.0 	0.0 	7.4 	TE6		Kansas City Chiefs	BYE	0 	0.0 	0 	0.0 	0.0 	0 	0.0 	0.0 	0.0 	0.0 	0.0 	-		Kansas City Chiefs	Los Angeles Chargers	0 	0.0 	0 	0.0 	3.9 	53 	0.3 	0.0 	0.0 	0.0 	7.3 	TE6		Kansas City Chiefs	Seattle Seahawks	0 	0.0 	0 	0.0 	3.8 	51 	0.3 	0.0 	0.0 	0.0 	6.9 	TE7		Kansas City Chiefs	Denver Broncos	0 	0.0 	0 	0.0 	3.8 	51 	0.3 	0.0 	0.0 	0.0 	6.9 	TE5		Kansas City Chiefs	New York Jets	0 	0.0 	0 	0.0 	3.7 	50 	0.3 	0.0 	0.0 	0.0 	7.0 	TE7		Kansas City Chiefs	Atlanta Falcons	0 	0.0 	0 	0.0 	3.9 	52 	0.3 	0.0 	0.0 	0.0 	7.2 	TE5		Kansas City Chiefs	Arizona Cardinals	0 	0.0 	0 	0.0 	3.8 	52 	0.4 	0.0 	0.0 	0.0 	7.3 	TE5		Kansas City Chiefs	Buffalo Bills	0 	0.0 	0 	0.0 	4.0 	54 	0.3 	0.0 	0.0 	0.0 	7.4 	TE6		Kansas City Chiefs	Los Angeles Rams	0 	0.0 	0 	0.0 	3.9 	53 	0.3 	0.0 	0.0 	0.0 	7.2 	TE5		Kansas City Chiefs	Cincinnati Bengals	0 	0.0 	0 	0.0 	3.9 	53 	0.3 	0.0 	0.0 	0.0 	7.3 	TE4		Kansas City Chiefs	New England Patriots	0 	0.0 	0 	0.0 	3.9 	52 	0.3 	0.0 	0.0 	0.0 	7.2 	TE6		Kansas City Chiefs	San Francisco 49ers	0 	0.0 	0 	0.0 	3.9 	53 	0.3 	0.0 	0.0 	0.0 	7.4 	TE5		Kansas City Chiefs	Los Angeles Chargers	0 	0.0 	0 	0.0 	3.8 	52 	0.3 	0.0 	0.0 	0.0 	7.1 	TE7		Actual	Actual	Actual	Forecast	Forecast	Forecast	Forecast	Forecast	Forecast	Forecast	Forecast	Forecast	Forecast	Forecast	Forecast	Forecast	Forecast		Healthy	Healthy	Healthy	Healthy	Healthy	Healthy	Healthy	Healthy	Healthy	Healthy	Healthy	Healthy	Healthy	Healthy	Healthy	Healthy	Healthy		Week 4 2026	9/29/2026	8:41:33 PM	20		24%	22%	0%	0%	0%	0%		(0.2)
	DJ Moore	Buffalo Bills	WR	WR30	7.6 	121 	0 	0.0 	0.0 	0.0 	(1)	(0.1)	0.0 	0.0 	61.6 	3.9 	881 	55.0 	5.6 	0.3 	0.0 	0.2 	0.0 	0.325 	1.000 	0.700 	1 	0.160 	0.000 	69 	49 	(20)	30 	22 	(8)	0.428 				-	-	Kimani Vidal	0.047 	RB73	Xavier Hutchinson	0.160 	WR71		-	-		16.0 	(0.1)	6.7 	7.5 	7.7 	7.4 	0.0 	7.8 	7.6 	7.4 	7.6 	7.7 	7.4 	7.5 	7.9 	7.3 	7.5 		WR8	WR108	WR33	WR32	WR26	WR27	-	WR23	WR30	WR29	WR24	WR29	WR31	WR27	WR26	WR32	WR29		WR31	7.6 	0.0 	0.0 	0.0 	0.0 	3.9 	54.9 	0.4 	30 	0.352 	1.000 	0.700 	1 	0.196 	0.000 	69 	0.446 		98 		-	-	Kimani Vidal	0.053 	RB72	Xavier Hutchinson	0.148 	WR73		-	-		WR28	11.3 	0.0 	0.0 	0.0 	0.0 	25.3 	356.9 	2.3 	28 	0.243 	1.000 	0.720 	1 	0.112 	0.000 	#N/A	0.405 		22.6 		-	-	Kimani Vidal	2 	RB65	Xavier Hutchinson	12 	WR56		-	-					Buffalo Bills	Houston Texans	0 	0.0 	0 	0.0 	5.0 	100 	1.0 	0.0 	0.0 	0.0 	16.0 	WR8		Buffalo Bills	Detroit Lions	0 	0.0 	(1)	0.0 	0.0 	0 	0.0 	0.0 	0.0 	0.0 	(0.1)	WR108		Buffalo Bills	Los Angeles Chargers	0 	0.0 	0 	0.0 	6.0 	67 	0.0 	0.0 	0.0 	0.0 	6.7 	WR33		Buffalo Bills	New England Patriots	0 	0.0 	0 	0.0 	3.8 	54 	0.4 	0.0 	0.0 	0.0 	7.5 	WR32		Buffalo Bills	Los Angeles Rams	0 	0.0 	0 	0.0 	4.0 	56 	0.4 	0.0 	0.0 	0.0 	7.7 	WR26		Buffalo Bills	Las Vegas Raiders	0 	0.0 	0 	0.0 	3.8 	54 	0.3 	0.0 	0.0 	0.0 	7.4 	WR27		Buffalo Bills	BYE	0 	0.0 	0 	0.0 	0.0 	0 	0.0 	0.0 	0.0 	0.0 	0.0 	-		Buffalo Bills	Baltimore Ravens	0 	0.0 	0 	0.0 	4.0 	56 	0.4 	0.0 	0.0 	0.0 	7.8 	WR23		Buffalo Bills	Minnesota Vikings	0 	0.0 	0 	0.0 	3.9 	55 	0.4 	0.0 	0.0 	0.0 	7.6 	WR30		Buffalo Bills	New York Jets	0 	0.0 	0 	0.0 	3.8 	53 	0.3 	0.0 	0.0 	0.0 	7.4 	WR29		Buffalo Bills	Miami Dolphins	0 	0.0 	0 	0.0 	3.8 	54 	0.4 	0.0 	0.0 	0.0 	7.6 	WR24		Buffalo Bills	Kansas City Chiefs	0 	0.0 	0 	0.0 	4.0 	56 	0.4 	0.0 	0.0 	0.0 	7.7 	WR29		Buffalo Bills	New England Patriots	0 	0.0 	0 	0.0 	3.9 	55 	0.3 	0.0 	0.0 	0.0 	7.4 	WR31		Buffalo Bills	Green Bay Packers	0 	0.0 	0 	0.0 	3.9 	55 	0.3 	0.0 	0.0 	0.0 	7.5 	WR27		Buffalo Bills	Chicago Bears	0 	0.0 	0 	0.0 	4.0 	57 	0.4 	0.0 	0.0 	0.0 	7.9 	WR26		Buffalo Bills	Denver Broncos	0 	0.0 	0 	0.0 	3.8 	54 	0.3 	0.0 	0.0 	0.0 	7.3 	WR32		Buffalo Bills	Miami Dolphins	0 	0.0 	0 	0.0 	3.8 	54 	0.4 	0.0 	0.0 	0.0 	7.5 	WR29		Actual	Actual	Actual	Forecast	Forecast	Forecast	Forecast	Forecast	Forecast	Forecast	Forecast	Forecast	Forecast	Forecast	Forecast	Forecast	Forecast		Healthy	Healthy	Healthy	Healthy	Healthy	Healthy	Healthy	Healthy	Healthy	Healthy	Healthy	Healthy	Healthy	Healthy	Healthy	Healthy	Healthy		Week 4 2026	9/29/2026	8:41:33 PM	20		25%	26%	0%	0%	0%	0%		0.0 
	Josh Jacobs	Green Bay Packers	RB	RB27	10.5 	94 	0 	0.0 	0.0 	0.0 	489 	54.3 	4.5 	0.5 	21.6 	2.4 	168 	18.7 	0.7 	0.1 	0.0 	1.5 	0.0 	0.253 	1.000 	0.557 	1 	0.257 	0.000 	78 	60 	(18)	37 	26 	(11)	0.391 				-	-	Adam Randall	0.039 	RB74	Kalif Raymond	0.271 	WR50		-	-		0.0 	0.0 	0.0 	0.0 	0.0 	0.0 	0.0 	11.5 	9.5 	10.8 	0.0 	9.1 	10.8 	10.6 	12.4 	9.6 	9.8 		-	-	-	-	-	-	-	RB16	RB22	RB15	-	RB25	RB13	RB17	RB15	RB22	RB22		RB26	10.5 	0.0 	0.0 	54.3 	0.5 	2.4 	18.7 	0.1 	33 	0.337 	1.000 	0.607 	1 	0.294 	0.000 	72 	0.441 		94 		-	-	Adam Randall	0.046 	RB73	Kalif Raymond	0.229 	WR57		-	-		-	0.0 	0.0 	0.0 	0.0 	0.0 	0.0 	0.0 	0.0 	#N/A	0.000 	1.000 	#N/A	(1)	0.000 	0.000 	#N/A	#N/A		0.0 		-	-	Adam Randall	0 	RB69	Kalif Raymond	27 	WR20		-	-					Green Bay Packers	Minnesota Vikings	0 	0.0 	0 	0.0 	0.0 	0 	0.0 	0.0 	0.0 	0.0 	0.0 	-		Green Bay Packers	New York Jets	0 	0.0 	0 	0.0 	0.0 	0 	0.0 	0.0 	0.0 	0.0 	0.0 	-		Green Bay Packers	Atlanta Falcons	0 	0.0 	0 	0.0 	0.0 	0 	0.0 	0.0 	0.0 	0.0 	0.0 	-		Green Bay Packers	Tampa Bay Buccaneers	0 	0.0 	0 	0.0 	0.0 	0 	0.0 	0.0 	0.0 	0.0 	0.0 	-		Green Bay Packers	Chicago Bears	0 	0.0 	0 	0.0 	0.0 	0 	0.0 	0.0 	0.0 	0.0 	0.0 	-		Green Bay Packers	Dallas Cowboys	0 	0.0 	0 	0.0 	0.0 	0 	0.0 	0.0 	0.0 	0.0 	0.0 	-		Green Bay Packers	Detroit Lions	0 	0.0 	0 	0.0 	0.0 	0 	0.0 	0.0 	0.0 	0.0 	0.0 	-		Green Bay Packers	Carolina Panthers	0 	0.0 	60 	0.6 	2.4 	19 	0.1 	0.0 	0.2 	0.0 	11.5 	RB16		Green Bay Packers	New England Patriots	0 	0.0 	49 	0.4 	2.4 	19 	0.1 	0.0 	0.2 	0.0 	9.5 	RB22		Green Bay Packers	Minnesota Vikings	0 	0.0 	57 	0.5 	2.4 	19 	0.1 	0.0 	0.2 	0.0 	10.8 	RB15		Green Bay Packers	BYE	0 	0.0 	0 	0.0 	0.0 	0 	0.0 	0.0 	0.0 	0.0 	0.0 	-		Green Bay Packers	Los Angeles Rams	0 	0.0 	46 	0.4 	2.4 	19 	0.1 	0.0 	0.2 	0.0 	9.1 	RB25		Green Bay Packers	New Orleans Saints	0 	0.0 	57 	0.5 	2.4 	19 	0.1 	0.0 	0.2 	0.0 	10.8 	RB13		Green Bay Packers	Buffalo Bills	0 	0.0 	54 	0.5 	2.5 	19 	0.1 	0.0 	0.2 	0.0 	10.6 	RB17		Green Bay Packers	Miami Dolphins	0 	0.0 	65 	0.6 	2.4 	19 	0.1 	0.0 	0.2 	0.0 	12.4 	RB15		Green Bay Packers	Chicago Bears	0 	0.0 	49 	0.4 	2.4 	19 	0.1 	0.0 	0.2 	0.0 	9.6 	RB22		Green Bay Packers	Houston Texans	0 	0.0 	52 	0.5 	2.3 	18 	0.1 	0.0 	0.2 	0.0 	9.8 	RB22		Actual	Actual	Actual	Forecast	Forecast	Forecast	Forecast	Forecast	Forecast	Forecast	Forecast	Forecast	Forecast	Forecast	Forecast	Forecast	Forecast		Injured	Injured	Injured	Injured	Injured	Injured	Injured	Limited / Handicapped	Limited / Handicapped	Limited / Handicapped	Limited / Handicapped	Limited / Handicapped	Limited / Handicapped	Limited / Handicapped	Limited / Handicapped	Limited / Handicapped	Limited / Handicapped		Week 4 2026	9/29/2026	8:41:33 PM	20		8%	5%	54%	57%	0%	0%		0.4 
	Rhamondre Stevenson	New England Patriots	RB	RB29	7.9 	127 	0 	0.0 	0.0 	0.0 	624 	39.0 	4.7 	0.3 	37.6 	2.3 	320 	20.0 	1.5 	0.1 	0.0 	2.4 	0.0 	0.341 	1.000 	0.669 	0 	0.064 	0.000 	82 	61 	(21)	28 	27 	(1)	0.378 				-	-	James Conner	0.033 	RB75	Makai Lemon	0.124 	WR77		-	-		9.5 	2.6 	3.8 	7.7 	10.1 	10.0 	8.6 	9.2 	8.3 	8.0 	0.0 	7.7 	8.5 	8.5 	7.6 	8.6 	8.0 		RB22	RB45	RB40	RB28	RB22	RB19	RB24	RB21	RB27	RB27	-	RB29	RB25	RB24	RB32	RB27	RB29		RB27	8.5 	0.0 	0.0 	39.1 	0.4 	2.2 	19.8 	0.1 	26 	0.397 	1.000 	0.694 	0 	0.131 	0.000 	78 	0.424 		111 		-	-	James Conner	0.039 	RB74	Makai Lemon	0.142 	WR74		-	-		RB35	5.3 	0.0 	0.0 	169.4 	1.6 	9.5 	85.8 	0.5 	35 	0.171 	1.000 	0.582 	(0)	0.000 	0.000 	#N/A	0.288 		15.9 		-	-	James Conner	0 	RB69	Makai Lemon	3 	WR89		-	-					New England Patriots	Seattle Seahawks	0 	0.0 	51 	0.0 	5.0 	44 	0.0 	0.0 	0.0 	0.0 	9.5 	RB22		New England Patriots	Pittsburgh Steelers	0 	0.0 	43 	0.0 	1.0 	3 	0.0 	0.0 	1.0 	0.0 	2.6 	RB45		New England Patriots	Jacksonville Jaguars	0 	0.0 	22 	0.0 	3.0 	16 	0.0 	0.0 	0.0 	0.0 	3.8 	RB40		New England Patriots	Buffalo Bills	0 	0.0 	32 	0.3 	2.6 	24 	0.1 	0.0 	0.1 	0.0 	7.7 	RB28		New England Patriots	Las Vegas Raiders	0 	0.0 	46 	0.4 	2.5 	23 	0.1 	0.0 	0.1 	0.0 	10.1 	RB22		New England Patriots	New York Jets	0 	0.0 	45 	0.4 	2.5 	22 	0.1 	0.0 	0.1 	0.0 	10.0 	RB19		New England Patriots	Chicago Bears	0 	0.0 	36 	0.3 	2.6 	23 	0.1 	0.0 	0.1 	0.0 	8.6 	RB24		New England Patriots	Miami Dolphins	0 	0.0 	44 	0.4 	2.0 	18 	0.1 	0.0 	0.1 	0.0 	9.2 	RB21		New England Patriots	Green Bay Packers	0 	0.0 	39 	0.4 	2.1 	19 	0.1 	0.0 	0.1 	0.0 	8.3 	RB27		New England Patriots	Detroit Lions	0 	0.0 	37 	0.3 	2.1 	19 	0.1 	0.0 	0.1 	0.0 	8.0 	RB27		New England Patriots	BYE	0 	0.0 	0 	0.0 	0.0 	0 	0.0 	0.0 	0.0 	0.0 	0.0 	-		New England Patriots	Los Angeles Chargers	0 	0.0 	36 	0.3 	2.0 	18 	0.1 	0.0 	0.1 	0.0 	7.7 	RB29		New England Patriots	Buffalo Bills	0 	0.0 	39 	0.4 	2.1 	19 	0.1 	0.0 	0.1 	0.0 	8.5 	RB25		New England Patriots	Minnesota Vikings	0 	0.0 	40 	0.4 	2.0 	18 	0.1 	0.0 	0.1 	0.0 	8.5 	RB24		New England Patriots	Kansas City Chiefs	0 	0.0 	35 	0.3 	2.0 	18 	0.1 	0.0 	0.1 	0.0 	7.6 	RB32		New England Patriots	New York Jets	0 	0.0 	42 	0.4 	2.0 	18 	0.1 	0.0 	0.1 	0.0 	8.6 	RB27		New England Patriots	Denver Broncos	0 	0.0 	38 	0.3 	2.0 	18 	0.1 	0.0 	0.1 	0.0 	8.0 	RB29		Actual	Actual	Actual	Forecast	Forecast	Forecast	Forecast	Forecast	Forecast	Forecast	Forecast	Forecast	Forecast	Forecast	Forecast	Forecast	Forecast		Healthy	Healthy	Healthy	Healthy	Healthy	Healthy	Healthy	Healthy	Healthy	Healthy	Healthy	Healthy	Healthy	Healthy	Healthy	Healthy	Healthy		Week 4 2026	9/29/2026	8:41:33 PM	20		8%	7%	33%	36%	0%	0%		0.1 
	Drake Maye	New England Patriots	QB	QB23	14.8 	237 	3,541 	221.3 	20.3 	1.3 	359 	22.5 	1.7 	0.1 	0.0 	0.0 	0 	0.0 	0.0 	0.0 	14.0 	2.0 	0.0 	0.636 	0.460 	0.253 	0 	0.180 	0.000 	147 	55 	(92)	20 	3 	(17)	0.219 				-	-	Sean Tucker	0.026 	RB76	Rashid Shaheed	0.128 	WR76		-	-		9.8 	8.0 	4.5 	15.8 	17.1 	16.9 	16.5 	17.3 	16.7 	16.7 	0.0 	16.0 	17.2 	16.5 	15.8 	16.0 	16.0 		QB27	QB26	QB32	QB14	QB9	QB7	QB9	QB7	QB12	QB9	-	QB17	QB7	QB10	QB17	QB16	QB14		QB8	16.5 	227.4 	1.5 	21.3 	0.1 	0.0 	0.0 	0.0 	8 	0.767 	0.460 	0.395 	1 	0.477 	0.000 	73 	0.434 		215 		-	-	Sean Tucker	0.032 	RB75	Rashid Shaheed	0.132 	WR76		-	-		QB34	7.5 	985.4 	6.4 	92.4 	0.6 	0.0 	0.0 	0.0 	34 	0.240 	0.460 	0.055 	(1)	0.000 	0.000 	#N/A	0.029 		22.4 		-	-	Sean Tucker	0 	RB69	Rashid Shaheed	6 	WR82		-	-					New England Patriots	Seattle Seahawks	178 	1.0 	47 	0.0 	0.0 	0 	0.0 	3.0 	0.0 	0.0 	9.8 	QB27		New England Patriots	Pittsburgh Steelers	208 	0.0 	17 	0.0 	0.0 	0 	0.0 	1.0 	0.0 	0.0 	8.0 	QB26		New England Patriots	Jacksonville Jaguars	199 	0.0 	18 	0.0 	0.0 	0 	0.0 	1.6 	1.0 	0.0 	4.5 	QB32		New England Patriots	Buffalo Bills	233 	1.4 	17 	0.1 	0.0 	0 	0.0 	0.6 	0.1 	0.0 	15.8 	QB14		New England Patriots	Las Vegas Raiders	223 	1.6 	25 	0.2 	0.0 	0 	0.0 	0.6 	0.1 	0.0 	17.1 	QB9		New England Patriots	New York Jets	222 	1.5 	25 	0.2 	0.0 	0 	0.0 	0.6 	0.1 	0.0 	16.9 	QB7		New England Patriots	Chicago Bears	232 	1.5 	20 	0.1 	0.0 	0 	0.0 	0.6 	0.1 	0.0 	16.5 	QB9		New England Patriots	Miami Dolphins	228 	1.6 	24 	0.2 	0.0 	0 	0.0 	0.6 	0.1 	0.0 	17.3 	QB7		New England Patriots	Green Bay Packers	230 	1.5 	21 	0.1 	0.0 	0 	0.0 	0.6 	0.1 	0.0 	16.7 	QB12		New England Patriots	Detroit Lions	234 	1.5 	20 	0.1 	0.0 	0 	0.0 	0.6 	0.1 	0.0 	16.7 	QB9		New England Patriots	BYE	0 	0.0 	0 	0.0 	0.0 	0 	0.0 	0.0 	0.0 	0.0 	0.0 	-		New England Patriots	Los Angeles Chargers	228 	1.4 	19 	0.1 	0.0 	0 	0.0 	0.6 	0.1 	0.0 	16.0 	QB17		New England Patriots	Buffalo Bills	234 	1.6 	21 	0.1 	0.0 	0 	0.0 	0.6 	0.1 	0.0 	17.2 	QB7		New England Patriots	Minnesota Vikings	225 	1.5 	22 	0.1 	0.0 	0 	0.0 	0.6 	0.1 	0.0 	16.5 	QB10		New England Patriots	Kansas City Chiefs	226 	1.4 	19 	0.1 	0.0 	0 	0.0 	0.6 	0.1 	0.0 	15.8 	QB17		New England Patriots	New York Jets	218 	1.4 	23 	0.1 	0.0 	0 	0.0 	0.6 	0.1 	0.0 	16.0 	QB16		New England Patriots	Denver Broncos	225 	1.4 	21 	0.1 	0.0 	0 	0.0 	0.6 	0.1 	0.0 	16.0 	QB14		Actual	Actual	Actual	Forecast	Forecast	Forecast	Forecast	Forecast	Forecast	Forecast	Forecast	Forecast	Forecast	Forecast	Forecast	Forecast	Forecast		Healthy	Healthy	Healthy	Healthy	Healthy	Healthy	Healthy	Healthy	Healthy	Healthy	Healthy	Healthy	Healthy	Healthy	Healthy	Healthy	Healthy		Week 4 2026	9/29/2026	8:41:33 PM	20		0%	0%	18%	13%	99%	99%		0.2 
	Sam LaPorta	Detroit Lions	TE	TE9	6.8 	109 	0 	0.0 	0.0 	0.0 	0 	0.0 	0.0 	0.0 	68.3 	4.3 	758 	47.4 	5.6 	0.3 	0.0 	0.1 	0.0 	0.292 	0.560 	0.493 	1 	0.351 	0.000 	77 	87 	10 	9 	8 	(1)	0.399 				-	-	De'Von Achane	0.068 	RB70	Jaylin Noel	0.145 	WR74		-	-		4.8 	11.2 	4.4 	7.0 	6.8 	0.0 	6.9 	6.7 	6.7 	6.7 	6.9 	7.1 	6.9 	6.8 	6.5 	6.9 	6.7 		TE18	TE8	TE16	TE8	TE8	-	TE8	TE7	TE8	TE7	TE7	TE7	TE6	TE7	TE8	TE8	TE8		TE9	6.8 	0.0 	0.0 	0.0 	0.0 	4.2 	47.2 	0.4 	9 	0.317 	0.560 	0.493 	1 	0.401 	0.000 	77 	0.425 		89 		-	-	De'Von Achane	0.025 	RB76	Jaylin Noel	0.137 	WR75		-	-		TE15	6.8 	0.0 	0.0 	0.0 	0.0 	18.1 	204.7 	1.5 	15 	0.219 	0.560 	0.441 	1 	0.296 	0.000 	#N/A	0.342 		20.4 		-	-	De'Von Achane	18 	RB31	Jaylin Noel	12 	WR60		-	-					Detroit Lions	New Orleans Saints	0 	0.0 	0 	0.0 	5.0 	48 	0.0 	0.0 	0.0 	0.0 	4.8 	TE18		Detroit Lions	Buffalo Bills	0 	0.0 	0 	0.0 	6.0 	52 	1.0 	0.0 	0.0 	0.0 	11.2 	TE8		Detroit Lions	New York Jets	0 	0.0 	0 	0.0 	3.0 	44 	0.0 	0.0 	0.0 	0.0 	4.4 	TE16		Detroit Lions	Carolina Panthers	0 	0.0 	0 	0.0 	4.3 	48 	0.4 	0.0 	0.0 	0.0 	7.0 	TE8		Detroit Lions	Arizona Cardinals	0 	0.0 	0 	0.0 	4.1 	46 	0.4 	0.0 	0.0 	0.0 	6.8 	TE8		Detroit Lions	BYE	0 	0.0 	0 	0.0 	0.0 	0 	0.0 	0.0 	0.0 	0.0 	0.0 	-		Detroit Lions	Green Bay Packers	0 	0.0 	0 	0.0 	4.3 	48 	0.4 	0.0 	0.0 	0.0 	6.9 	TE8		Detroit Lions	Minnesota Vikings	0 	0.0 	0 	0.0 	4.1 	47 	0.3 	0.0 	0.0 	0.0 	6.7 	TE7		Detroit Lions	Miami Dolphins	0 	0.0 	0 	0.0 	4.1 	46 	0.3 	0.0 	0.0 	0.0 	6.7 	TE8		Detroit Lions	New England Patriots	0 	0.0 	0 	0.0 	4.2 	47 	0.3 	0.0 	0.0 	0.0 	6.7 	TE7		Detroit Lions	Tampa Bay Buccaneers	0 	0.0 	0 	0.0 	4.2 	47 	0.4 	0.0 	0.0 	0.0 	6.9 	TE7		Detroit Lions	Chicago Bears	0 	0.0 	0 	0.0 	4.3 	49 	0.4 	0.0 	0.0 	0.0 	7.1 	TE7		Detroit Lions	Atlanta Falcons	0 	0.0 	0 	0.0 	4.2 	48 	0.4 	0.0 	0.0 	0.0 	6.9 	TE6		Detroit Lions	Tennessee Titans	0 	0.0 	0 	0.0 	4.1 	47 	0.4 	0.0 	0.0 	0.0 	6.8 	TE7		Detroit Lions	Minnesota Vikings	0 	0.0 	0 	0.0 	4.1 	46 	0.3 	0.0 	0.0 	0.0 	6.5 	TE8		Detroit Lions	New York Giants	0 	0.0 	0 	0.0 	4.2 	47 	0.4 	0.0 	0.0 	0.0 	6.9 	TE8		Detroit Lions	Chicago Bears	0 	0.0 	0 	0.0 	4.2 	47 	0.3 	0.0 	0.0 	0.0 	6.7 	TE8		Actual	Actual	Actual	Forecast	Forecast	Forecast	Forecast	Forecast	Forecast	Forecast	Forecast	Forecast	Forecast	Forecast	Forecast	Forecast	Forecast		Healthy	Healthy	Healthy	Healthy	Healthy	Healthy	Healthy	Healthy	Healthy	Healthy	Healthy	Healthy	Healthy	Healthy	Healthy	Healthy	Healthy		Week 4 2026	9/29/2026	8:41:33 PM	20		19%	19%	0%	0%	0%	0%		0.1 
	Trevor Lawrence	Jacksonville Jaguars	QB	QB10	16.6 	266 	3,574 	223.4 	27.9 	1.7 	234 	14.6 	1.8 	0.1 	0.0 	0.0 	0 	0.0 	0.0 	0.0 	10.4 	1.0 	0.0 	0.714 	0.460 	0.374 	1 	0.357 	0.000 	85 	90 	5 	10 	9 	(1)	0.366 				-	-	Malik Davis	0.019 	RB77	Keon Coleman	0.119 	WR78		-	-		26.1 	6.2 	19.8 	17.0 	15.8 	15.6 	0.0 	17.7 	16.3 	16.5 	16.5 	17.0 	15.9 	16.4 	15.0 	16.9 	17.5 		QB5	QB30	QB14	QB8	QB16	QB13	-	QB5	QB16	QB10	QB11	QB8	QB18	QB12	QB23	QB9	QB6		QB9	16.5 	227.5 	1.6 	15.4 	0.1 	0.0 	0.0 	0.0 	9 	0.766 	0.460 	0.385 	1 	0.473 	0.000 	76 	0.426 		214 		-	-	Malik Davis	0.025 	RB76	Keon Coleman	0.116 	WR79		-	-		QB12	17.3 	986.0 	7.0 	66.5 	0.6 	0.0 	0.0 	0.0 	12 	0.560 	0.460 	0.352 	1 	0.264 	0.000 	#N/A	0.311 		52.0 		-	-	Malik Davis	0 	RB69	Keon Coleman	10 	WR65		-	-					Jacksonville Jaguars	Cleveland Browns	245 	4.0 	3 	0.0 	0.0 	0 	0.0 	0.0 	0.0 	0.0 	26.1 	QB5		Jacksonville Jaguars	Denver Broncos	189 	0.0 	6 	0.0 	0.0 	0 	0.0 	1.0 	0.0 	0.0 	6.2 	QB30		Jacksonville Jaguars	New England Patriots	182 	3.0 	25 	0.0 	0.0 	0 	0.0 	1.0 	0.0 	0.0 	19.8 	QB14		Jacksonville Jaguars	Cincinnati Bengals	234 	1.7 	15 	0.1 	0.0 	0 	0.0 	0.6 	0.1 	0.0 	17.0 	QB8		Jacksonville Jaguars	Philadelphia Eagles	224 	1.5 	15 	0.1 	0.0 	0 	0.0 	0.6 	0.1 	0.0 	15.8 	QB16		Jacksonville Jaguars	Houston Texans	219 	1.5 	15 	0.1 	0.0 	0 	0.0 	0.6 	0.1 	0.0 	15.6 	QB13		Jacksonville Jaguars	BYE	0 	0.0 	0 	0.0 	0.0 	0 	0.0 	0.0 	0.0 	0.0 	0.0 	-		Jacksonville Jaguars	Indianapolis Colts	232 	1.8 	17 	0.2 	0.0 	0 	0.0 	0.6 	0.1 	0.0 	17.7 	QB5		Jacksonville Jaguars	Baltimore Ravens	231 	1.6 	14 	0.1 	0.0 	0 	0.0 	0.6 	0.1 	0.0 	16.3 	QB16		Jacksonville Jaguars	Tennessee Titans	227 	1.6 	16 	0.1 	0.0 	0 	0.0 	0.6 	0.1 	0.0 	16.5 	QB10		Jacksonville Jaguars	New York Giants	227 	1.6 	16 	0.1 	0.0 	0 	0.0 	0.6 	0.1 	0.0 	16.5 	QB11		Jacksonville Jaguars	Tennessee Titans	227 	1.7 	17 	0.2 	0.0 	0 	0.0 	0.6 	0.1 	0.0 	17.0 	QB8		Jacksonville Jaguars	Chicago Bears	225 	1.5 	15 	0.1 	0.0 	0 	0.0 	0.6 	0.1 	0.0 	15.9 	QB18		Jacksonville Jaguars	Pittsburgh Steelers	226 	1.6 	16 	0.1 	0.0 	0 	0.0 	0.6 	0.1 	0.0 	16.4 	QB12		Jacksonville Jaguars	Houston Texans	218 	1.4 	14 	0.1 	0.0 	0 	0.0 	0.6 	0.1 	0.0 	15.0 	QB23		Jacksonville Jaguars	Dallas Cowboys	233 	1.7 	15 	0.1 	0.0 	0 	0.0 	0.6 	0.1 	0.0 	16.9 	QB9		Jacksonville Jaguars	Washington Commanders	234 	1.8 	16 	0.2 	0.0 	0 	0.0 	0.6 	0.1 	0.0 	17.5 	QB6		Actual	Actual	Actual	Forecast	Forecast	Forecast	Forecast	Forecast	Forecast	Forecast	Forecast	Forecast	Forecast	Forecast	Forecast	Forecast	Forecast		Healthy	Healthy	Healthy	Healthy	Healthy	Healthy	Healthy	Healthy	Healthy	Healthy	Healthy	Healthy	Healthy	Healthy	Healthy	Healthy	Healthy		Week 4 2026	9/29/2026	8:41:33 PM	20		0%	0%	13%	16%	99%	99%		0.1 
	Tony Pollard	Tennessee Titans	RB	RB25	8.4 	135 	0 	0.0 	0.0 	0.0 	920 	57.5 	5.7 	0.4 	20.3 	1.3 	110 	6.9 	0.4 	0.0 	0.0 	2.3 	0.0 	0.363 	1.000 	0.706 	0 	0.103 	0.000 	72 	71 	(1)	25 	31 	6 	0.414 				-	-		-	-	Darnell Mooney	0.133 	WR75		-	-		3.4 	6.5 	9.6 	7.1 	8.7 	9.2 	9.8 	8.7 	0.0 	9.4 	8.6 	8.3 	9.7 	8.0 	9.8 	9.2 	9.2 		RB46	RB29	RB20	RB31	RB27	RB23	RB20	RB24	-	RB20	RB22	RB27	RB21	RB27	RB23	RB24	RB24		RB25	8.9 	0.0 	0.0 	57.5 	0.4 	1.1 	6.8 	0.0 	25 	0.413 	1.000 	0.706 	0 	0.161 	0.000 	70 	0.444 		116 		-	-		-	-	Darnell Mooney	0.121 	WR78		-	-		RB27	6.5 	0.0 	0.0 	249.0 	1.9 	4.8 	29.5 	0.1 	27 	0.210 	1.000 	0.682 	0 	0.001 	0.000 	#N/A	0.339 		19.5 		-	-		-	-	Darnell Mooney	10 	WR64		-	-					Tennessee Titans	New York Jets	0 	0.0 	35 	0.0 	1.0 	(1)	0.0 	0.0 	0.0 	0.0 	3.4 	RB46		Tennessee Titans	Philadelphia Eagles	0 	0.0 	64 	0.0 	1.0 	1 	0.0 	0.0 	0.0 	0.0 	6.5 	RB29		Tennessee Titans	New York Giants	0 	0.0 	74 	0.0 	4.0 	22 	0.0 	0.0 	0.0 	0.0 	9.6 	RB20		Tennessee Titans	Baltimore Ravens	0 	0.0 	48 	0.3 	1.1 	7 	0.0 	0.0 	0.2 	0.0 	7.1 	RB31		Tennessee Titans	Houston Texans	0 	0.0 	57 	0.4 	1.1 	7 	0.0 	0.0 	0.2 	0.0 	8.7 	RB27		Tennessee Titans	Indianapolis Colts	0 	0.0 	59 	0.5 	1.1 	7 	0.0 	0.0 	0.2 	0.0 	9.2 	RB23		Tennessee Titans	Cleveland Browns	0 	0.0 	64 	0.5 	1.1 	7 	0.0 	0.0 	0.2 	0.0 	9.8 	RB20		Tennessee Titans	Cincinnati Bengals	0 	0.0 	55 	0.4 	1.1 	7 	0.0 	0.0 	0.2 	0.0 	8.7 	RB24		Tennessee Titans	BYE	0 	0.0 	0 	0.0 	0.0 	0 	0.0 	0.0 	0.0 	0.0 	0.0 	-		Tennessee Titans	Jacksonville Jaguars	0 	0.0 	61 	0.5 	1.1 	7 	0.0 	0.0 	0.2 	0.0 	9.4 	RB20		Tennessee Titans	Dallas Cowboys	0 	0.0 	55 	0.4 	1.1 	7 	0.0 	0.0 	0.2 	0.0 	8.6 	RB22		Tennessee Titans	Jacksonville Jaguars	0 	0.0 	54 	0.4 	1.1 	7 	0.0 	0.0 	0.2 	0.0 	8.3 	RB27		Tennessee Titans	Washington Commanders	0 	0.0 	62 	0.5 	1.1 	7 	0.0 	0.0 	0.2 	0.0 	9.7 	RB21		Tennessee Titans	Detroit Lions	0 	0.0 	51 	0.4 	1.1 	7 	0.0 	0.0 	0.2 	0.0 	8.0 	RB27		Tennessee Titans	Indianapolis Colts	0 	0.0 	62 	0.5 	1.1 	7 	0.0 	0.0 	0.2 	0.0 	9.8 	RB23		Tennessee Titans	Las Vegas Raiders	0 	0.0 	60 	0.5 	1.1 	7 	0.0 	0.0 	0.2 	0.0 	9.2 	RB24		Tennessee Titans	Pittsburgh Steelers	0 	0.0 	60 	0.5 	1.1 	7 	0.0 	0.0 	0.2 	0.0 	9.2 	RB24		Actual	Actual	Actual	Forecast	Forecast	Forecast	Forecast	Forecast	Forecast	Forecast	Forecast	Forecast	Forecast	Forecast	Forecast	Forecast	Forecast		Healthy	Healthy	Healthy	Healthy	Healthy	Healthy	Healthy	Healthy	Healthy	Healthy	Healthy	Healthy	Healthy	Healthy	Healthy	Healthy	Healthy		Week 4 2026	9/29/2026	8:41:33 PM	20		3%	2%	55%	58%	0%	0%		0.1 
	Jameson Williams	Detroit Lions	WR	WR37	6.8 	108 	0 	0.0 	0.0 	0.0 	15 	0.9 	0.1 	0.0 	53.5 	3.3 	806 	50.4 	4.3 	0.3 	0.0 	0.1 	0.0 	0.291 	1.000 	0.640 	0 	0.094 	0.000 	84 	54 	(30)	36 	25 	(11)	0.369 				-	-		-	-	Kendrick Bourne	0.109 	WR80		-	-		4.5 	3.3 	4.9 	7.6 	7.3 	0.0 	7.5 	7.3 	7.3 	7.2 	7.4 	7.7 	7.4 	7.3 	7.1 	7.4 	7.2 		WR45	WR53	WR42	WR31	WR31	-	WR27	WR29	WR33	WR31	WR26	WR31	WR30	WR31	WR35	WR30	WR36		WR34	7.4 	0.0 	0.0 	1.1 	0.0 	3.3 	52.2 	0.3 	33 	0.342 	1.000 	0.670 	1 	0.176 	0.000 	79 	0.423 		96 		-	-		-	-	Kendrick Bourne	0.105 	WR81		-	-		WR60	4.2 	0.0 	0.0 	5.0 	0.0 	14.5 	226.2 	1.4 	60 	0.137 	1.000 	0.400 	(0)	0.000 	0.000 	#N/A	0.200 		12.7 		-	-		-	-	Kendrick Bourne	11 	WR62		-	-					Detroit Lions	New Orleans Saints	0 	0.0 	0 	0.0 	4.0 	45 	0.0 	0.0 	0.0 	0.0 	4.5 	WR45		Detroit Lions	Buffalo Bills	0 	0.0 	0 	0.0 	2.0 	33 	0.0 	0.0 	0.0 	0.0 	3.3 	WR53		Detroit Lions	New York Jets	0 	0.0 	0 	0.0 	4.0 	49 	0.0 	0.0 	0.0 	0.0 	4.9 	WR42		Detroit Lions	Carolina Panthers	0 	0.0 	1 	0.0 	3.4 	54 	0.3 	0.0 	0.0 	0.0 	7.6 	WR31		Detroit Lions	Arizona Cardinals	0 	0.0 	1 	0.0 	3.3 	51 	0.3 	0.0 	0.0 	0.0 	7.3 	WR31		Detroit Lions	BYE	0 	0.0 	0 	0.0 	0.0 	0 	0.0 	0.0 	0.0 	0.0 	0.0 	-		Detroit Lions	Green Bay Packers	0 	0.0 	1 	0.0 	3.4 	53 	0.3 	0.0 	0.0 	0.0 	7.5 	WR27		Detroit Lions	Minnesota Vikings	0 	0.0 	1 	0.0 	3.3 	52 	0.3 	0.0 	0.0 	0.0 	7.3 	WR29		Detroit Lions	Miami Dolphins	0 	0.0 	1 	0.0 	3.3 	51 	0.3 	0.0 	0.0 	0.0 	7.3 	WR33		Detroit Lions	New England Patriots	0 	0.0 	1 	0.0 	3.3 	52 	0.3 	0.0 	0.0 	0.0 	7.2 	WR31		Detroit Lions	Tampa Bay Buccaneers	0 	0.0 	1 	0.0 	3.4 	52 	0.3 	0.0 	0.0 	0.0 	7.4 	WR26		Detroit Lions	Chicago Bears	0 	0.0 	1 	0.0 	3.5 	54 	0.4 	0.0 	0.0 	0.0 	7.7 	WR31		Detroit Lions	Atlanta Falcons	0 	0.0 	1 	0.0 	3.4 	53 	0.3 	0.0 	0.0 	0.0 	7.4 	WR30		Detroit Lions	Tennessee Titans	0 	0.0 	1 	0.0 	3.3 	52 	0.3 	0.0 	0.0 	0.0 	7.3 	WR31		Detroit Lions	Minnesota Vikings	0 	0.0 	1 	0.0 	3.3 	51 	0.3 	0.0 	0.0 	0.0 	7.1 	WR35		Detroit Lions	New York Giants	0 	0.0 	1 	0.0 	3.4 	52 	0.3 	0.0 	0.0 	0.0 	7.4 	WR30		Detroit Lions	Chicago Bears	0 	0.0 	1 	0.0 	3.3 	52 	0.3 	0.0 	0.0 	0.0 	7.2 	WR36		Actual	Actual	Actual	Forecast	Forecast	Forecast	Forecast	Forecast	Forecast	Forecast	Forecast	Forecast	Forecast	Forecast	Forecast	Forecast	Forecast		Healthy	Healthy	Healthy	Healthy	Healthy	Healthy	Healthy	Healthy	Healthy	Healthy	Healthy	Healthy	Healthy	Healthy	Healthy	Healthy	Healthy		Week 4 2026	9/29/2026	8:41:33 PM	20		21%	18%	1%	1%	0%	0%		0.2 
	Juwan Johnson	New Orleans Saints	TE	TE7	7.6 	122 	0 	0.0 	0.0 	0.0 	0 	0.0 	0.0 	0.0 	66.6 	4.2 	766 	47.9 	7.9 	0.5 	0.0 	1.1 	0.0 	0.327 	0.560 	0.510 	1 	0.483 	0.000 	57 	112 	55 	7 	14 	7 	0.470 				-	-		-	-	Kayshon Boutte	0.114 	WR79		-	-		11.4 	6.6 	15.3 	8.4 	7.7 	7.6 	7.4 	0.0 	6.4 	6.4 	6.4 	6.5 	6.3 	6.2 	6.4 	6.7 	6.4 		TE6	TE13	TE5	TE3	TE4	TE5	TE5	-	TE9	TE9	TE8	TE9	TE7	TE11	TE9	TE9	TE9		TE8	6.8 	0.0 	0.0 	0.0 	0.0 	4.0 	45.6 	0.4 	8 	0.317 	0.560 	0.501 	1 	0.402 	0.000 	74 	0.429 		89 		-	-		-	-	Kayshon Boutte	0.126 	WR77		-	-		TE3	11.1 	0.0 	0.0 	0.0 	0.0 	17.2 	197.8 	1.6 	3 	0.358 	0.560 	0.541 	2 	0.901 	0.000 	#N/A	0.676 		33.3 		-	-		-	-	Kayshon Boutte	8 	WR72		-	-					New Orleans Saints	Detroit Lions	0 	0.0 	0 	0.0 	3.0 	54 	1.0 	0.0 	0.0 	0.0 	11.4 	TE6		New Orleans Saints	Baltimore Ravens	0 	0.0 	0 	0.0 	4.0 	66 	0.0 	0.0 	0.0 	0.0 	6.6 	TE13		New Orleans Saints	Las Vegas Raiders	0 	0.0 	0 	0.0 	8.0 	53 	2.0 	0.0 	1.0 	0.0 	15.3 	TE5		New Orleans Saints	Atlanta Falcons	0 	0.0 	0 	0.0 	4.9 	57 	0.5 	0.0 	0.0 	0.0 	8.4 	TE3		New Orleans Saints	Minnesota Vikings	0 	0.0 	0 	0.0 	4.7 	54 	0.4 	0.0 	0.0 	0.0 	7.7 	TE4		New Orleans Saints	New York Giants	0 	0.0 	0 	0.0 	4.6 	53 	0.4 	0.0 	0.0 	0.0 	7.6 	TE5		New Orleans Saints	Pittsburgh Steelers	0 	0.0 	0 	0.0 	4.6 	53 	0.4 	0.0 	0.0 	0.0 	7.4 	TE5		New Orleans Saints	BYE	0 	0.0 	0 	0.0 	0.0 	0 	0.0 	0.0 	0.0 	0.0 	0.0 	-		New Orleans Saints	Cleveland Browns	0 	0.0 	0 	0.0 	3.6 	41 	0.4 	0.0 	0.0 	0.0 	6.4 	TE9		New Orleans Saints	Carolina Panthers	0 	0.0 	0 	0.0 	3.6 	41 	0.4 	0.0 	0.0 	0.0 	6.4 	TE9		New Orleans Saints	Chicago Bears	0 	0.0 	0 	0.0 	3.7 	42 	0.4 	0.0 	0.0 	0.0 	6.4 	TE8		New Orleans Saints	Cincinnati Bengals	0 	0.0 	0 	0.0 	3.7 	43 	0.4 	0.0 	0.0 	0.0 	6.5 	TE9		New Orleans Saints	Green Bay Packers	0 	0.0 	0 	0.0 	3.6 	42 	0.4 	0.0 	0.0 	0.0 	6.3 	TE7		New Orleans Saints	Carolina Panthers	0 	0.0 	0 	0.0 	3.6 	41 	0.4 	0.0 	0.0 	0.0 	6.2 	TE11		New Orleans Saints	Tampa Bay Buccaneers	0 	0.0 	0 	0.0 	3.7 	42 	0.4 	0.0 	0.0 	0.0 	6.4 	TE9		New Orleans Saints	Arizona Cardinals	0 	0.0 	0 	0.0 	3.7 	42 	0.4 	0.0 	0.0 	0.0 	6.7 	TE9		New Orleans Saints	Atlanta Falcons	0 	0.0 	0 	0.0 	3.6 	42 	0.4 	0.0 	0.0 	0.0 	6.4 	TE9		Actual	Actual	Actual	Forecast	Forecast	Forecast	Forecast	Forecast	Forecast	Forecast	Forecast	Forecast	Forecast	Forecast	Forecast	Forecast	Forecast		Healthy	Healthy	Healthy	Healthy	Healthy	Healthy	Healthy	Healthy	Healthy	Healthy	Healthy	Healthy	Healthy	Healthy	Healthy	Healthy	Healthy		Week 4 2026	9/29/2026	8:41:33 PM	20		17%	22%	0%	0%	0%	0%		(0.2)
	Kyler Murray	Minnesota Vikings	QB	QB24	15.0 	225 	3,006 	200.4 	20.7 	1.4 	344 	23.0 	1.4 	0.1 	0.0 	0.0 	0 	0.0 	0.0 	0.0 	9.5 	1.0 	0.0 	0.603 	0.460 	0.213 	0 	0.195 	0.000 	155 	154 	(1)	23 	21 	(2)	0.205 				-	-		-	-	Ryan Flournoy	0.103 	WR81		-	-		1.4 	0.0 	10.4 	16.7 	16.6 	0.0 	17.2 	16.2 	16.6 	15.7 	16.2 	16.7 	16.5 	15.2 	16.4 	17.2 	15.8 		QB33	-	QB27	QB10	QB12	-	QB5	QB13	QB13	QB15	QB15	QB10	QB10	QB24	QB13	QB7	QB16		QB10	16.4 	216.9 	1.5 	24.5 	0.1 	0.0 	0.0 	0.0 	10 	0.761 	0.460 	0.374 	1 	0.462 	0.000 	81 	0.415 		213 		-	-		-	-	Ryan Flournoy	0.110 	WR80		-	-		QB36	5.9 	1,409.8 	9.8 	159.2 	0.7 	0.0 	0.0 	0.0 	36 	0.127 	0.460 	0.024 	(1)	0.000 	0.000 	#N/A	0.013 		11.8 		-	-		-	-	Ryan Flournoy	7 	WR81		-	-					Minnesota Vikings	Green Bay Packers	18 	0.0 	9 	0.0 	0.0 	0 	0.0 	0.1 	0.0 	0.0 	1.4 	QB33		Minnesota Vikings	Chicago Bears	0 	0.0 	0 	0.0 	0.0 	0 	0.0 	0.0 	0.0 	0.0 	0.0 	-		Minnesota Vikings	Tampa Bay Buccaneers	168 	1.0 	17 	0.0 	0.0 	0 	0.0 	1.0 	0.0 	0.0 	10.4 	QB27		Minnesota Vikings	Miami Dolphins	206 	1.5 	29 	0.2 	0.0 	0 	0.0 	0.6 	0.1 	0.0 	16.7 	QB10		Minnesota Vikings	New Orleans Saints	216 	1.5 	25 	0.1 	0.0 	0 	0.0 	0.6 	0.1 	0.0 	16.6 	QB12		Minnesota Vikings	BYE	0 	0.0 	0 	0.0 	0.0 	0 	0.0 	0.0 	0.0 	0.0 	0.0 	-		Minnesota Vikings	Indianapolis Colts	222 	1.6 	26 	0.1 	0.0 	0 	0.0 	0.6 	0.1 	0.0 	17.2 	QB5		Minnesota Vikings	Detroit Lions	221 	1.5 	22 	0.1 	0.0 	0 	0.0 	0.6 	0.1 	0.0 	16.2 	QB13		Minnesota Vikings	Buffalo Bills	220 	1.5 	24 	0.1 	0.0 	0 	0.0 	0.6 	0.1 	0.0 	16.6 	QB13		Minnesota Vikings	Green Bay Packers	217 	1.4 	22 	0.1 	0.0 	0 	0.0 	0.6 	0.1 	0.0 	15.7 	QB15		Minnesota Vikings	San Francisco 49ers	221 	1.5 	22 	0.1 	0.0 	0 	0.0 	0.6 	0.1 	0.0 	16.2 	QB15		Minnesota Vikings	Atlanta Falcons	215 	1.6 	27 	0.1 	0.0 	0 	0.0 	0.6 	0.1 	0.0 	16.7 	QB10		Minnesota Vikings	Carolina Panthers	216 	1.5 	25 	0.1 	0.0 	0 	0.0 	0.6 	0.1 	0.0 	16.5 	QB10		Minnesota Vikings	New England Patriots	213 	1.4 	22 	0.1 	0.0 	0 	0.0 	0.6 	0.1 	0.0 	15.2 	QB24		Minnesota Vikings	Detroit Lions	220 	1.5 	24 	0.1 	0.0 	0 	0.0 	0.6 	0.1 	0.0 	16.4 	QB13		Minnesota Vikings	Washington Commanders	222 	1.6 	26 	0.1 	0.0 	0 	0.0 	0.6 	0.1 	0.0 	17.2 	QB7		Minnesota Vikings	New York Jets	211 	1.4 	24 	0.1 	0.0 	0 	0.0 	0.6 	0.1 	0.0 	15.8 	QB16		Actual	Actual	Actual	Forecast	Forecast	Forecast	Forecast	Forecast	Forecast	Forecast	Forecast	Forecast	Forecast	Forecast	Forecast	Forecast	Forecast		Healthy	Injured	Healthy	Healthy	Healthy	Healthy	Healthy	Healthy	Healthy	Healthy	Healthy	Healthy	Healthy	Healthy	Healthy	Healthy	Healthy		Week 4 2026	9/29/2026	8:41:33 PM	20		0%	0%	20%	12%	99%	99%		0.2 
	Malik Washington	Miami Dolphins	WR	WR40	6.5 	104 	0 	0.0 	0.0 	0.0 	9 	0.6 	0.0 	0.0 	66.0 	4.1 	855 	53.4 	3.4 	0.2 	0.0 	1.2 	0.0 	0.279 	1.000 	0.610 	0 	0.070 	0.000 	95 	242 	147 	39 	77 	38 	0.345 				-	-		-	-	Isaiah Williams	0.098 	WR82		-	-		3.3 	4.7 	6.1 	6.2 	7.4 	0.0 	6.7 	7.0 	7.2 	7.2 	6.9 	6.8 	6.6 	7.2 	6.8 	7.0 	7.2 		WR57	WR38	WR39	WR46	WR30	-	WR37	WR31	WR35	WR33	WR29	WR38	WR35	WR33	WR38	WR37	WR35		WR37	6.9 	0.0 	0.0 	0.0 	0.0 	4.2 	54.0 	0.3 	37 	0.322 	1.000 	0.630 	0 	0.131 	0.000 	89 	0.384 		90 		-	-		-	-	Isaiah Williams	0.095 	WR83		-	-		WR58	4.7 	0.0 	0.0 	0.0 	0.0 	18.0 	234.2 	1.1 	58 	0.152 	1.000 	0.420 	(0)	0.000 	0.000 	#N/A	0.212 		14.1 		-	-		-	-	Isaiah Williams	8 	WR73		-	-					Miami Dolphins	Las Vegas Raiders	0 	0.0 	0 	0.0 	3.0 	53 	0.0 	0.0 	1.0 	0.0 	3.3 	WR57		Miami Dolphins	San Francisco 49ers	0 	0.0 	4 	0.0 	4.0 	43 	0.0 	0.0 	0.0 	0.0 	4.7 	WR38		Miami Dolphins	Kansas City Chiefs	0 	0.0 	5 	0.0 	5.0 	56 	0.0 	0.0 	0.0 	0.0 	6.1 	WR39		Miami Dolphins	Minnesota Vikings	0 	0.0 	0 	0.0 	3.9 	50 	0.2 	0.0 	0.0 	0.0 	6.2 	WR46		Miami Dolphins	Cincinnati Bengals	0 	0.0 	0 	0.0 	4.4 	57 	0.3 	0.0 	0.0 	0.0 	7.4 	WR30		Miami Dolphins	BYE	0 	0.0 	0 	0.0 	0.0 	0 	0.0 	0.0 	0.0 	0.0 	0.0 	-		Miami Dolphins	New York Jets	0 	0.0 	0 	0.0 	4.0 	52 	0.3 	0.0 	0.0 	0.0 	6.7 	WR37		Miami Dolphins	New England Patriots	0 	0.0 	0 	0.0 	4.2 	54 	0.3 	0.0 	0.0 	0.0 	7.0 	WR31		Miami Dolphins	Detroit Lions	0 	0.0 	0 	0.0 	4.3 	55 	0.3 	0.0 	0.0 	0.0 	7.2 	WR35		Miami Dolphins	Indianapolis Colts	0 	0.0 	0 	0.0 	4.3 	55 	0.3 	0.0 	0.0 	0.0 	7.2 	WR33		Miami Dolphins	Buffalo Bills	0 	0.0 	0 	0.0 	4.2 	54 	0.2 	0.0 	0.0 	0.0 	6.9 	WR29		Miami Dolphins	New York Jets	0 	0.0 	0 	0.0 	4.0 	52 	0.3 	0.0 	0.0 	0.0 	6.8 	WR38		Miami Dolphins	Denver Broncos	0 	0.0 	0 	0.0 	4.1 	53 	0.2 	0.0 	0.0 	0.0 	6.6 	WR35		Miami Dolphins	Chicago Bears	0 	0.0 	0 	0.0 	4.3 	55 	0.3 	0.0 	0.0 	0.0 	7.2 	WR33		Miami Dolphins	Green Bay Packers	0 	0.0 	0 	0.0 	4.1 	54 	0.2 	0.0 	0.0 	0.0 	6.8 	WR38		Miami Dolphins	Los Angeles Chargers	0 	0.0 	0 	0.0 	4.2 	54 	0.3 	0.0 	0.0 	0.0 	7.0 	WR37		Miami Dolphins	Buffalo Bills	0 	0.0 	0 	0.0 	4.3 	56 	0.3 	0.0 	0.0 	0.0 	7.2 	WR35		Actual	Actual	Actual	Forecast	Forecast	Forecast	Forecast	Forecast	Forecast	Forecast	Forecast	Forecast	Forecast	Forecast	Forecast	Forecast	Forecast		Healthy	Healthy	Healthy	Healthy	Healthy	Healthy	Healthy	Healthy	Healthy	Healthy	Healthy	Healthy	Healthy	Healthy	Healthy	Healthy	Healthy		Week 4 2026	9/29/2026	8:41:33 PM	20		24%	21%	0%	0%	0%	0%		0.1 
	Colston Loveland	Chicago Bears	TE	TE18	5.6 	84 	0 	0.0 	0.0 	0.0 	0 	0.0 	0.0 	0.0 	53.1 	3.5 	592 	39.5 	4.2 	0.3 	0.0 	0.1 	0.0 	0.225 	0.560 	0.413 	0 	0.154 	0.000 	124 	46 	(78)	18 	3 	(15)	0.268 				-	-		-	-	Jalen Nailor	0.093 	WR83		-	-		0.0 	0.3 	3.1 	6.0 	6.1 	6.3 	6.1 	6.0 	6.4 	0.0 	6.1 	6.4 	6.3 	6.2 	6.4 	6.1 	6.3 		-	TE35	TE19	TE12	TE11	TE10	TE12	TE10	TE10	-	TE11	TE11	TE8	TE10	TE10	TE10	TE10		TE10	6.2 	0.0 	0.0 	0.0 	0.0 	3.7 	42.9 	0.3 	10 	0.288 	0.560 	0.484 	1 	0.294 	0.000 	93 	0.370 		81 		-	-		-	-	Jalen Nailor	0.100 	WR82		-	-		TE52	1.7 	0.0 	0.0 	0.0 	0.0 	24.0 	278.9 	2.1 	52 	0.037 	0.560 	0.073 	(1)	0.000 	0.000 	#N/A	0.035 		3.4 		-	-		-	-	Jalen Nailor	5 	WR84		-	-					Chicago Bears	Carolina Panthers	0 	0.0 	0 	0.0 	0.0 	0 	0.0 	0.0 	0.0 	0.0 	0.0 	-		Chicago Bears	Minnesota Vikings	0 	0.0 	0 	0.0 	1.0 	3 	0.0 	0.0 	0.0 	0.0 	0.3 	TE35		Chicago Bears	Philadelphia Eagles	0 	0.0 	0 	0.0 	4.0 	31 	0.0 	0.0 	0.0 	0.0 	3.1 	TE19		Chicago Bears	New York Jets	0 	0.0 	0 	0.0 	3.6 	42 	0.3 	0.0 	0.0 	0.0 	6.0 	TE12		Chicago Bears	Green Bay Packers	0 	0.0 	0 	0.0 	3.7 	43 	0.3 	0.0 	0.0 	0.0 	6.1 	TE11		Chicago Bears	Atlanta Falcons	0 	0.0 	0 	0.0 	3.7 	43 	0.3 	0.0 	0.0 	0.0 	6.3 	TE10		Chicago Bears	New England Patriots	0 	0.0 	0 	0.0 	3.7 	43 	0.3 	0.0 	0.0 	0.0 	6.1 	TE12		Chicago Bears	Seattle Seahawks	0 	0.0 	0 	0.0 	3.7 	43 	0.3 	0.0 	0.0 	0.0 	6.0 	TE10		Chicago Bears	Tampa Bay Buccaneers	0 	0.0 	0 	0.0 	3.8 	44 	0.3 	0.0 	0.0 	0.0 	6.4 	TE10		Chicago Bears	BYE	0 	0.0 	0 	0.0 	0.0 	0 	0.0 	0.0 	0.0 	0.0 	0.0 	-		Chicago Bears	New Orleans Saints	0 	0.0 	0 	0.0 	3.6 	42 	0.3 	0.0 	0.0 	0.0 	6.1 	TE11		Chicago Bears	Detroit Lions	0 	0.0 	0 	0.0 	3.8 	44 	0.3 	0.0 	0.0 	0.0 	6.4 	TE11		Chicago Bears	Jacksonville Jaguars	0 	0.0 	0 	0.0 	3.7 	43 	0.3 	0.0 	0.0 	0.0 	6.3 	TE8		Chicago Bears	Miami Dolphins	0 	0.0 	0 	0.0 	3.7 	42 	0.3 	0.0 	0.0 	0.0 	6.2 	TE10		Chicago Bears	Buffalo Bills	0 	0.0 	0 	0.0 	3.8 	44 	0.3 	0.0 	0.0 	0.0 	6.4 	TE10		Chicago Bears	Green Bay Packers	0 	0.0 	0 	0.0 	3.7 	43 	0.3 	0.0 	0.0 	0.0 	6.1 	TE10		Chicago Bears	Detroit Lions	0 	0.0 	0 	0.0 	3.7 	43 	0.3 	0.0 	0.0 	0.0 	6.3 	TE10		Actual	Actual	Actual	Forecast	Forecast	Forecast	Forecast	Forecast	Forecast	Forecast	Forecast	Forecast	Forecast	Forecast	Forecast	Forecast	Forecast		Healthy	Healthy	Healthy	Healthy	Healthy	Healthy	Healthy	Healthy	Healthy	Healthy	Healthy	Healthy	Healthy	Healthy	Healthy	Healthy	Healthy		Week 4 2026	9/29/2026	8:41:33 PM	20		21%	21%	0%	0%	0%	0%		0.2 
	Jordan Love	Green Bay Packers	QB	QB12	16.5 	264 	4,031 	252.0 	27.4 	1.7 	117 	7.3 	1.0 	0.1 	0.0 	0.0 	0 	0.0 	0.0 	0.0 	10.4 	2.0 	0.0 	0.708 	0.460 	0.352 	1 	0.341 	0.000 	94 	137 	43 	12 	17 	5 	0.347 				-	-		-	-	Jayden Reed	0.086 	WR84		-	-		19.5 	13.8 	18.5 	15.2 	17.5 	17.9 	16.7 	16.4 	15.6 	16.1 	0.0 	15.7 	16.1 	16.7 	16.8 	15.8 	15.3 		QB11	QB20	QB16	QB17	QB7	QB4	QB7	QB10	QB21	QB12	-	QB21	QB14	QB9	QB11	QB19	QB20		QB11	16.3 	245.2 	1.6 	9.0 	0.1 	0.0 	0.0 	0.0 	11 	0.758 	0.460 	0.363 	1 	0.455 	0.000 	83 	0.406 		212 		-	-		-	-	Jayden Reed	0.089 	WR84		-	-		QB15	17.3 	1,062.4 	7.1 	39.2 	0.3 	0.0 	0.0 	0.0 	15 	0.557 	0.460 	0.317 	1 	0.259 	0.000 	#N/A	0.290 		51.8 		-	-		-	-	Jayden Reed	2 	WR94		-	-					Green Bay Packers	Minnesota Vikings	387 	2.0 	0 	0.0 	0.0 	0 	0.0 	1.0 	1.0 	0.0 	19.5 	QB11		Green Bay Packers	New York Jets	145 	2.0 	0 	0.0 	0.0 	0 	0.0 	0.0 	0.0 	0.0 	13.8 	QB20		Green Bay Packers	Atlanta Falcons	312 	2.0 	0 	0.0 	0.0 	0 	0.0 	1.0 	0.0 	0.0 	18.5 	QB16		Green Bay Packers	Tampa Bay Buccaneers	234 	1.5 	10 	0.1 	0.0 	0 	0.0 	0.6 	0.1 	0.0 	15.2 	QB17		Green Bay Packers	Chicago Bears	253 	1.8 	11 	0.1 	0.0 	0 	0.0 	0.6 	0.1 	0.0 	17.5 	QB7		Green Bay Packers	Dallas Cowboys	257 	1.8 	11 	0.1 	0.0 	0 	0.0 	0.6 	0.1 	0.0 	17.9 	QB4		Green Bay Packers	Detroit Lions	249 	1.7 	10 	0.1 	0.0 	0 	0.0 	0.6 	0.1 	0.0 	16.7 	QB7		Green Bay Packers	Carolina Panthers	242 	1.7 	9 	0.1 	0.0 	0 	0.0 	0.6 	0.1 	0.0 	16.4 	QB10		Green Bay Packers	New England Patriots	243 	1.6 	8 	0.1 	0.0 	0 	0.0 	0.6 	0.1 	0.0 	15.6 	QB21		Green Bay Packers	Minnesota Vikings	243 	1.6 	9 	0.1 	0.0 	0 	0.0 	0.6 	0.1 	0.0 	16.1 	QB12		Green Bay Packers	BYE	0 	0.0 	0 	0.0 	0.0 	0 	0.0 	0.0 	0.0 	0.0 	0.0 	-		Green Bay Packers	Los Angeles Rams	246 	1.6 	7 	0.1 	0.0 	0 	0.0 	0.6 	0.1 	0.0 	15.7 	QB21		Green Bay Packers	New Orleans Saints	243 	1.6 	9 	0.1 	0.0 	0 	0.0 	0.6 	0.1 	0.0 	16.1 	QB14		Green Bay Packers	Buffalo Bills	250 	1.7 	8 	0.1 	0.0 	0 	0.0 	0.6 	0.1 	0.0 	16.7 	QB9		Green Bay Packers	Miami Dolphins	243 	1.8 	10 	0.1 	0.0 	0 	0.0 	0.6 	0.1 	0.0 	16.8 	QB11		Green Bay Packers	Chicago Bears	245 	1.6 	8 	0.1 	0.0 	0 	0.0 	0.6 	0.1 	0.0 	15.8 	QB19		Green Bay Packers	Houston Texans	238 	1.5 	8 	0.1 	0.0 	0 	0.0 	0.6 	0.1 	0.0 	15.3 	QB20		Actual	Actual	Actual	Forecast	Forecast	Forecast	Forecast	Forecast	Forecast	Forecast	Forecast	Forecast	Forecast	Forecast	Forecast	Forecast	Forecast		Healthy	Healthy	Healthy	Healthy	Healthy	Healthy	Healthy	Healthy	Healthy	Healthy	Healthy	Healthy	Healthy	Healthy	Healthy	Healthy	Healthy		Week 4 2026	9/29/2026	8:41:33 PM	20		0%	0%	8%	7%	99%	99%		0.1 
	Denzel Boston	Cleveland Browns	WR	WR26	7.8 	125 	0 	0.0 	0.0 	0.0 	0 	0.0 	0.0 	0.0 	55.2 	3.5 	865 	54.1 	6.4 	0.4 	0.0 	0.2 	0.0 	0.334 	1.000 	0.740 	1 	0.179 	0.000 	60 	176 	116 	26 	60 	34 	0.455 				-	-		-	-	Germie Bernard	0.081 	WR85		-	-		11.9 	15.5 	4.1 	6.9 	7.0 	7.4 	7.1 	6.9 	7.2 	6.8 	0.0 	7.2 	7.5 	7.3 	7.0 	7.1 	7.4 		WR16	WR9	WR48	WR35	WR35	WR28	WR29	WR32	WR34	WR35	-	WR36	WR27	WR32	WR36	WR35	WR31		WR36	7.2 	0.0 	0.0 	0.0 	0.0 	3.6 	51.6 	0.3 	35 	0.333 	1.000 	0.650 	0 	0.154 	0.000 	84 	0.404 		93 		-	-		-	-	Germie Bernard	0.082 	WR85		-	-		WR11	10.5 	0.0 	0.0 	0.0 	0.0 	15.4 	223.4 	1.5 	11 	0.339 	1.000 	0.890 	1 	0.257 	0.000 	#N/A	0.554 		31.5 		-	-		-	-	Germie Bernard	5 	WR85		-	-					Cleveland Browns	Jacksonville Jaguars	0 	0.0 	0 	0.0 	2.0 	59 	1.0 	0.0 	0.0 	0.0 	11.9 	WR16		Cleveland Browns	Tampa Bay Buccaneers	0 	0.0 	0 	0.0 	5.0 	95 	1.0 	0.0 	0.0 	0.0 	15.5 	WR9		Cleveland Browns	Carolina Panthers	0 	0.0 	0 	0.0 	2.0 	41 	0.0 	0.0 	0.0 	0.0 	4.1 	WR48		Cleveland Browns	Pittsburgh Steelers	0 	0.0 	0 	0.0 	3.5 	50 	0.3 	0.0 	0.0 	0.0 	6.9 	WR35		Cleveland Browns	New York Jets	0 	0.0 	0 	0.0 	3.5 	51 	0.3 	0.0 	0.0 	0.0 	7.0 	WR35		Cleveland Browns	Baltimore Ravens	0 	0.0 	0 	0.0 	3.7 	53 	0.4 	0.0 	0.0 	0.0 	7.4 	WR28		Cleveland Browns	Tennessee Titans	0 	0.0 	0 	0.0 	3.5 	51 	0.3 	0.0 	0.0 	0.0 	7.1 	WR29		Cleveland Browns	Pittsburgh Steelers	0 	0.0 	0 	0.0 	3.5 	51 	0.3 	0.0 	0.0 	0.0 	6.9 	WR32		Cleveland Browns	New Orleans Saints	0 	0.0 	0 	0.0 	3.6 	52 	0.3 	0.0 	0.0 	0.0 	7.2 	WR34		Cleveland Browns	Houston Texans	0 	0.0 	0 	0.0 	3.5 	50 	0.3 	0.0 	0.0 	0.0 	6.8 	WR35		Cleveland Browns	BYE	0 	0.0 	0 	0.0 	0.0 	0 	0.0 	0.0 	0.0 	0.0 	0.0 	-		Cleveland Browns	Las Vegas Raiders	0 	0.0 	0 	0.0 	3.5 	51 	0.4 	0.0 	0.0 	0.0 	7.2 	WR36		Cleveland Browns	Cincinnati Bengals	0 	0.0 	0 	0.0 	3.7 	53 	0.4 	0.0 	0.0 	0.0 	7.5 	WR27		Cleveland Browns	Atlanta Falcons	0 	0.0 	0 	0.0 	3.6 	52 	0.4 	0.0 	0.0 	0.0 	7.3 	WR32		Cleveland Browns	New York Giants	0 	0.0 	0 	0.0 	3.5 	51 	0.3 	0.0 	0.0 	0.0 	7.0 	WR36		Cleveland Browns	Baltimore Ravens	0 	0.0 	0 	0.0 	3.6 	52 	0.3 	0.0 	0.0 	0.0 	7.1 	WR35		Cleveland Browns	Indianapolis Colts	0 	0.0 	0 	0.0 	3.6 	52 	0.4 	0.0 	0.0 	0.0 	7.4 	WR31		Actual	Actual	Actual	Forecast	Forecast	Forecast	Forecast	Forecast	Forecast	Forecast	Forecast	Forecast	Forecast	Forecast	Forecast	Forecast	Forecast		Healthy	Healthy	Healthy	Healthy	Healthy	Healthy	Healthy	Healthy	Healthy	Healthy	Healthy	Healthy	Healthy	Healthy	Healthy	Healthy	Healthy		Week 4 2026	9/29/2026	8:41:33 PM	20		23%	25%	0%	0%	0%	0%		(0.1)
	Jacory Croskey-Merritt	Washington Commanders	RB	RB26	8.2 	132 	0 	0.0 	0.0 	0.0 	822 	51.3 	6.6 	0.4 	14.0 	0.9 	89 	5.6 	0.7 	0.0 	0.0 	1.6 	0.0 	0.353 	1.000 	0.694 	0 	0.086 	0.000 	76 	95 	19 	26 	38 	12 	0.400 				-	-		-	-	Jahan Dotson	0.061 	WR89		-	-		11.6 	4.8 	4.3 	8.9 	10.4 	8.7 	0.0 	8.0 	7.5 	8.2 	8.7 	9.4 	8.6 	7.8 	8.9 	7.9 	7.8 		RB18	RB35	RB38	RB24	RB21	RB24	-	RB27	RB30	RB26	RB21	RB23	RB24	RB29	RB26	RB30	RB30		RB28	8.5 	0.0 	0.0 	52.3 	0.4 	0.8 	6.5 	0.1 	27 	0.396 	1.000 	0.682 	0 	0.130 	0.000 	80 	0.418 		111 		-	-		-	-	Jahan Dotson	0.063 	WR89		-	-		RB26	6.9 	0.0 	0.0 	226.5 	1.9 	3.7 	28.0 	0.2 	26 	0.223 	1.000 	0.694 	0 	0.021 	0.000 	#N/A	0.354 		20.7 		-	-		-	-	Jahan Dotson	4 	WR87		-	-					Washington Commanders	Philadelphia Eagles	0 	0.0 	63 	1.0 	1.0 	(7)	0.0 	0.0 	0.0 	0.0 	11.6 	RB18		Washington Commanders	Dallas Cowboys	0 	0.0 	43 	0.0 	1.0 	5 	0.0 	0.0 	0.0 	0.0 	4.8 	RB35		Washington Commanders	Seattle Seahawks	0 	0.0 	36 	0.0 	1.0 	7 	0.0 	0.0 	0.0 	0.0 	4.3 	RB38		Washington Commanders	Indianapolis Colts	0 	0.0 	57 	0.4 	0.8 	6 	0.1 	0.0 	0.1 	0.0 	8.9 	RB24		Washington Commanders	New York Giants	0 	0.0 	65 	0.5 	0.9 	7 	0.1 	0.0 	0.1 	0.0 	10.4 	RB21		Washington Commanders	San Francisco 49ers	0 	0.0 	55 	0.4 	0.9 	7 	0.1 	0.0 	0.1 	0.0 	8.7 	RB24		Washington Commanders	BYE	0 	0.0 	0 	0.0 	0.0 	0 	0.0 	0.0 	0.0 	0.0 	0.0 	-		Washington Commanders	Philadelphia Eagles	0 	0.0 	49 	0.4 	0.8 	6 	0.1 	0.0 	0.1 	0.0 	8.0 	RB27		Washington Commanders	Los Angeles Rams	0 	0.0 	45 	0.4 	0.9 	7 	0.1 	0.0 	0.1 	0.0 	7.5 	RB30		Washington Commanders	New York Giants	0 	0.0 	50 	0.4 	0.8 	6 	0.1 	0.0 	0.1 	0.0 	8.2 	RB26		Washington Commanders	Cincinnati Bengals	0 	0.0 	52 	0.5 	0.9 	7 	0.1 	0.0 	0.1 	0.0 	8.7 	RB21		Washington Commanders	Arizona Cardinals	0 	0.0 	56 	0.5 	0.8 	6 	0.1 	0.0 	0.1 	0.0 	9.4 	RB23		Washington Commanders	Tennessee Titans	0 	0.0 	52 	0.4 	0.8 	6 	0.1 	0.0 	0.1 	0.0 	8.6 	RB24		Washington Commanders	Houston Texans	0 	0.0 	48 	0.4 	0.8 	6 	0.1 	0.0 	0.1 	0.0 	7.8 	RB29		Washington Commanders	Atlanta Falcons	0 	0.0 	53 	0.5 	0.8 	6 	0.1 	0.0 	0.1 	0.0 	8.9 	RB26		Washington Commanders	Minnesota Vikings	0 	0.0 	49 	0.4 	0.8 	6 	0.1 	0.0 	0.1 	0.0 	7.9 	RB30		Washington Commanders	Jacksonville Jaguars	0 	0.0 	47 	0.4 	0.9 	6 	0.1 	0.0 	0.1 	0.0 	7.8 	RB30		Actual	Actual	Actual	Forecast	Forecast	Forecast	Forecast	Forecast	Forecast	Forecast	Forecast	Forecast	Forecast	Forecast	Forecast	Forecast	Forecast		Healthy	Healthy	Healthy	Healthy	Healthy	Healthy	Healthy	Healthy	Healthy	Healthy	Healthy	Healthy	Healthy	Healthy	Healthy	Healthy	Healthy		Week 4 2026	9/29/2026	8:41:33 PM	20		3%	4%	38%	40%	0%	0%		0.0 
	DK Metcalf	Pittsburgh Steelers	WR	WR43	6.5 	103 	0 	0.0 	0.0 	0.0 	0 	0.0 	0.0 	0.0 	68.1 	4.3 	686 	42.9 	5.8 	0.4 	0.0 	0.1 	0.0 	0.277 	1.000 	0.590 	0 	0.066 	0.000 	99 	81 	(18)	41 	34 	(7)	0.334 				-	-		-	-	Tory Horton	0.075 	WR86		-	-		4.0 	2.7 	9.1 	6.5 	7.3 	6.9 	6.8 	6.6 	0.0 	7.0 	6.5 	6.3 	6.5 	6.7 	6.9 	6.8 	6.7 		WR48	WR57	WR26	WR40	WR32	WR32	WR34	WR37	-	WR34	WR31	WR46	WR38	WR37	WR37	WR38	WR40		WR38	6.7 	0.0 	0.0 	0.0 	0.0 	4.4 	45.2 	0.4 	38 	0.313 	1.000 	0.620 	0 	0.111 	0.000 	92 	0.370 		88 		-	-		-	-	Tory Horton	0.072 	WR87		-	-		WR48	5.3 	0.0 	0.0 	0.0 	0.0 	19.0 	196.0 	1.6 	48 	0.170 	1.000 	0.520 	0 	0.001 	0.000 	#N/A	0.260 		15.8 		-	-		-	-	Tory Horton	5 	WR86		-	-					Pittsburgh Steelers	Atlanta Falcons	0 	0.0 	0 	0.0 	4.0 	40 	0.0 	0.0 	0.0 	0.0 	4.0 	WR48		Pittsburgh Steelers	New England Patriots	0 	0.0 	0 	0.0 	4.0 	27 	0.0 	0.0 	0.0 	0.0 	2.7 	WR57		Pittsburgh Steelers	Cincinnati Bengals	0 	0.0 	0 	0.0 	3.0 	31 	1.0 	0.0 	0.0 	0.0 	9.1 	WR26		Pittsburgh Steelers	Cleveland Browns	0 	0.0 	0 	0.0 	4.3 	44 	0.4 	0.0 	0.0 	0.0 	6.5 	WR40		Pittsburgh Steelers	Indianapolis Colts	0 	0.0 	0 	0.0 	4.6 	47 	0.4 	0.0 	0.0 	0.0 	7.3 	WR32		Pittsburgh Steelers	Tampa Bay Buccaneers	0 	0.0 	0 	0.0 	4.5 	46 	0.4 	0.0 	0.0 	0.0 	6.9 	WR32		Pittsburgh Steelers	New Orleans Saints	0 	0.0 	0 	0.0 	4.4 	45 	0.4 	0.0 	0.0 	0.0 	6.8 	WR34		Pittsburgh Steelers	Cleveland Browns	0 	0.0 	0 	0.0 	4.2 	44 	0.4 	0.0 	0.0 	0.0 	6.6 	WR37		Pittsburgh Steelers	BYE	0 	0.0 	0 	0.0 	0.0 	0 	0.0 	0.0 	0.0 	0.0 	0.0 	-		Pittsburgh Steelers	Cincinnati Bengals	0 	0.0 	0 	0.0 	4.6 	47 	0.4 	0.0 	0.0 	0.0 	7.0 	WR34		Pittsburgh Steelers	Philadelphia Eagles	0 	0.0 	0 	0.0 	4.4 	45 	0.3 	0.0 	0.0 	0.0 	6.5 	WR31		Pittsburgh Steelers	Denver Broncos	0 	0.0 	0 	0.0 	4.2 	44 	0.3 	0.0 	0.0 	0.0 	6.3 	WR46		Pittsburgh Steelers	Houston Texans	0 	0.0 	0 	0.0 	4.3 	44 	0.3 	0.0 	0.0 	0.0 	6.5 	WR38		Pittsburgh Steelers	Jacksonville Jaguars	0 	0.0 	0 	0.0 	4.4 	45 	0.4 	0.0 	0.0 	0.0 	6.7 	WR37		Pittsburgh Steelers	Baltimore Ravens	0 	0.0 	0 	0.0 	4.5 	46 	0.4 	0.0 	0.0 	0.0 	6.9 	WR37		Pittsburgh Steelers	Carolina Panthers	0 	0.0 	0 	0.0 	4.4 	45 	0.4 	0.0 	0.0 	0.0 	6.8 	WR38		Pittsburgh Steelers	Tennessee Titans	0 	0.0 	0 	0.0 	4.4 	45 	0.4 	0.0 	0.0 	0.0 	6.7 	WR40		Actual	Actual	Actual	Forecast	Forecast	Forecast	Forecast	Forecast	Forecast	Forecast	Forecast	Forecast	Forecast	Forecast	Forecast	Forecast	Forecast		Healthy	Healthy	Healthy	Healthy	Healthy	Healthy	Healthy	Healthy	Healthy	Healthy	Healthy	Healthy	Healthy	Healthy	Healthy	Healthy	Healthy		Week 4 2026	9/29/2026	8:41:33 PM	20		20%	24%	0%	0%	0%	0%		0.1 
	J.K. Dobbins	Denver Broncos	RB	RB30	7.5 	120 	0 	0.0 	0.0 	0.0 	831 	51.9 	5.6 	0.3 	18.2 	1.1 	63 	3.9 	0.2 	0.0 	0.0 	1.9 	0.0 	0.322 	1.000 	0.657 	0 	0.032 	0.000 	89 	79 	(10)	29 	33 	4 	0.356 				-	-		-	-	Calvin Ridley	0.066 	WR88		-	-		3.6 	3.6 	5.3 	7.7 	7.5 	7.4 	9.5 	8.1 	8.2 	0.0 	9.3 	7.7 	10.0 	8.5 	8.6 	7.8 	7.3 		RB45	RB40	RB34	RB29	RB30	RB28	RB21	RB26	RB28	-	RB18	RB30	RB17	RB25	RB28	RB31	RB32		RB29	8.3 	0.0 	0.0 	54.6 	0.4 	1.3 	4.5 	0.0 	28 	0.384 	1.000 	0.669 	0 	0.108 	0.000 	85 	0.402 		107 		-	-		-	-	Calvin Ridley	0.077 	WR86		-	-		RB40	4.2 	0.0 	0.0 	236.5 	1.9 	5.7 	19.5 	0.1 	40 	0.134 	1.000 	0.519 	(0)	0.000 	0.000 	#N/A	0.254 		12.5 		-	-		-	-	Calvin Ridley	4 	WR88		-	-					Denver Broncos	Kansas City Chiefs	0 	0.0 	36 	0.0 	0.0 	0 	0.0 	0.0 	0.0 	0.0 	3.6 	RB45		Denver Broncos	Jacksonville Jaguars	0 	0.0 	36 	0.0 	0.0 	0 	0.0 	0.0 	0.0 	0.0 	3.6 	RB40		Denver Broncos	Los Angeles Rams	0 	0.0 	49 	0.0 	1.0 	4 	0.0 	0.0 	0.0 	0.0 	5.3 	RB34		Denver Broncos	San Francisco 49ers	0 	0.0 	51 	0.4 	1.3 	5 	0.0 	0.0 	0.2 	0.0 	7.7 	RB29		Denver Broncos	Los Angeles Chargers	0 	0.0 	50 	0.4 	1.3 	5 	0.0 	0.0 	0.1 	0.0 	7.5 	RB30		Denver Broncos	Seattle Seahawks	0 	0.0 	50 	0.4 	1.3 	4 	0.0 	0.0 	0.1 	0.0 	7.4 	RB28		Denver Broncos	Arizona Cardinals	0 	0.0 	61 	0.5 	1.3 	5 	0.0 	0.0 	0.1 	0.0 	9.5 	RB21		Denver Broncos	Kansas City Chiefs	0 	0.0 	54 	0.4 	1.3 	5 	0.0 	0.0 	0.1 	0.0 	8.1 	RB26		Denver Broncos	Carolina Panthers	0 	0.0 	54 	0.4 	1.3 	5 	0.0 	0.0 	0.1 	0.0 	8.2 	RB28		Denver Broncos	BYE	0 	0.0 	0 	0.0 	0.0 	0 	0.0 	0.0 	0.0 	0.0 	0.0 	-		Denver Broncos	Las Vegas Raiders	0 	0.0 	60 	0.5 	1.3 	4 	0.0 	0.0 	0.1 	0.0 	9.3 	RB18		Denver Broncos	Pittsburgh Steelers	0 	0.0 	52 	0.4 	1.3 	4 	0.0 	0.0 	0.1 	0.0 	7.7 	RB30		Denver Broncos	Miami Dolphins	0 	0.0 	64 	0.5 	1.3 	4 	0.0 	0.0 	0.1 	0.0 	10.0 	RB17		Denver Broncos	New York Jets	0 	0.0 	56 	0.4 	1.3 	4 	0.0 	0.0 	0.1 	0.0 	8.5 	RB25		Denver Broncos	Las Vegas Raiders	0 	0.0 	57 	0.4 	1.3 	4 	0.0 	0.0 	0.1 	0.0 	8.6 	RB28		Denver Broncos	Buffalo Bills	0 	0.0 	51 	0.4 	1.4 	5 	0.0 	0.0 	0.1 	0.0 	7.8 	RB31		Denver Broncos	New England Patriots	0 	0.0 	49 	0.4 	1.3 	4 	0.0 	0.0 	0.1 	0.0 	7.3 	RB32		Actual	Actual	Actual	Forecast	Forecast	Forecast	Forecast	Forecast	Forecast	Forecast	Forecast	Forecast	Forecast	Forecast	Forecast	Forecast	Forecast		Healthy	Healthy	Healthy	Healthy	Healthy	Healthy	Healthy	Healthy	Healthy	Healthy	Healthy	Healthy	Healthy	Healthy	Healthy	Healthy	Healthy		Week 4 2026	9/29/2026	8:41:33 PM	20		2%	1%	47%	46%	0%	0%		0.1 
	Jayden Daniels	Washington Commanders	QB	QB16	17.8 	214 	2,381 	198.4 	17.2 	1.4 	497 	41.4 	2.4 	0.2 	0.0 	0.0 	0 	0.0 	0.0 	0.0 	6.4 	0.8 	0.0 	0.573 	0.460 	0.129 	1 	0.469 	0.000 	116 	69 	(47)	29 	5 	(24)	0.289 				-	-		-	-	Andrei Iosivas	0.046 	WR92		-	-		17.7 	14.7 	0.0 	0.0 	0.0 	0.0 	0.0 	17.7 	17.9 	17.9 	19.2 	19.1 	18.3 	17.2 	18.8 	17.4 	17.8 		QB12	QB18	-	-	-	-	-	QB6	QB6	QB4	QB2	QB2	QB3	QB6	QB2	QB6	QB3		QB12	18.1 	212.1 	1.4 	39.7 	0.2 	0.0 	0.0 	0.0 	26 	0.648 	0.460 	0.172 	1 	0.645 	0.000 	86 	0.394 		181 		-	-		-	-	Andrei Iosivas	0.053 	WR91		-	-		QB27	16.2 	1,060.6 	7.1 	198.5 	1.2 	0.0 	0.0 	0.0 	27 	0.349 	0.460 	0.158 	(0)	0.000 	0.000 	#N/A	0.084 		32.4 		-	-		-	-	Andrei Iosivas	2 	WR96		-	-					Washington Commanders	Philadelphia Eagles	164 	2.0 	31 	0.0 	0.0 	0 	0.0 	0.0 	0.0 	0.0 	17.7 	QB12		Washington Commanders	Dallas Cowboys	96 	1.0 	69 	0.0 	0.0 	0 	0.0 	0.0 	0.0 	0.0 	14.7 	QB18		Washington Commanders	Seattle Seahawks	0 	0.0 	0 	0.0 	0.0 	0 	0.0 	0.0 	0.0 	0.0 	0.0 	-		Washington Commanders	Indianapolis Colts	0 	0.0 	0 	0.0 	0.0 	0 	0.0 	0.0 	0.0 	0.0 	0.0 	-		Washington Commanders	New York Giants	0 	0.0 	0 	0.0 	0.0 	0 	0.0 	0.0 	0.0 	0.0 	0.0 	-		Washington Commanders	San Francisco 49ers	0 	0.0 	0 	0.0 	0.0 	0 	0.0 	0.0 	0.0 	0.0 	0.0 	-		Washington Commanders	BYE	0 	0.0 	0 	0.0 	0.0 	0 	0.0 	0.0 	0.0 	0.0 	0.0 	-		Washington Commanders	Philadelphia Eagles	209 	1.4 	39 	0.2 	0.0 	0 	0.0 	0.6 	0.1 	0.0 	17.7 	QB6		Washington Commanders	Los Angeles Rams	220 	1.4 	36 	0.2 	0.0 	0 	0.0 	0.6 	0.1 	0.0 	17.9 	QB6		Washington Commanders	New York Giants	211 	1.4 	39 	0.2 	0.0 	0 	0.0 	0.6 	0.1 	0.0 	17.9 	QB4		Washington Commanders	Cincinnati Bengals	220 	1.5 	41 	0.3 	0.0 	0 	0.0 	0.6 	0.1 	0.0 	19.2 	QB2		Washington Commanders	Arizona Cardinals	211 	1.5 	44 	0.3 	0.0 	0 	0.0 	0.6 	0.1 	0.0 	19.1 	QB2		Washington Commanders	Tennessee Titans	209 	1.4 	41 	0.3 	0.0 	0 	0.0 	0.6 	0.1 	0.0 	18.3 	QB3		Washington Commanders	Houston Texans	206 	1.3 	38 	0.2 	0.0 	0 	0.0 	0.6 	0.1 	0.0 	17.2 	QB6		Washington Commanders	Atlanta Falcons	213 	1.5 	42 	0.3 	0.0 	0 	0.0 	0.6 	0.1 	0.0 	18.8 	QB2		Washington Commanders	Minnesota Vikings	208 	1.3 	39 	0.2 	0.0 	0 	0.0 	0.6 	0.1 	0.0 	17.4 	QB6		Washington Commanders	Jacksonville Jaguars	214 	1.4 	37 	0.2 	0.0 	0 	0.0 	0.6 	0.1 	0.0 	17.8 	QB3		Actual	Actual	Actual	Forecast	Forecast	Forecast	Forecast	Forecast	Forecast	Forecast	Forecast	Forecast	Forecast	Forecast	Forecast	Forecast	Forecast		Healthy	Healthy	Injured	Injured	Injured	Injured	Healthy	Healthy	Healthy	Healthy	Healthy	Healthy	Healthy	Healthy	Healthy	Healthy	Healthy		Week 4 2026	9/29/2026	8:41:33 PM	20		0%	0%	30%	23%	99%	99%		0.2 
	Patrick Mahomes II	Kansas City Chiefs	QB	QB8	17.3 	276 	3,613 	225.8 	26.6 	1.7 	298 	18.6 	3.1 	0.2 	0.0 	0.0 	0 	0.0 	0.0 	0.0 	10.4 	1.0 	0.0 	0.742 	0.460 	0.395 	1 	0.418 	0.000 	73 	109 	36 	8 	12 	4 	0.406 				-	-		-	-	Troy Franklin	0.071 	WR87		-	-		21.7 	29.0 	15.9 	16.9 	0.0 	16.4 	15.2 	15.0 	16.2 	16.4 	17.3 	16.5 	15.5 	16.2 	16.2 	16.6 	15.5 		QB9	QB4	QB20	QB9	-	QB10	QB20	QB21	QB17	QB11	QB9	QB13	QB20	QB14	QB15	QB11	QB18		QB13	16.1 	215.5 	1.5 	19.7 	0.2 	0.0 	0.0 	0.0 	12 	0.750 	0.460 	0.352 	1 	0.438 	0.000 	87 	0.392 		210 		-	-		-	-	Troy Franklin	0.067 	WR88		-	-		QB5	22.2 	933.8 	6.5 	85.5 	0.7 	0.0 	0.0 	0.0 	5 	0.716 	0.460 	0.424 	1 	0.526 	0.000 	#N/A	0.472 		66.6 		-	-		-	-	Troy Franklin	5 	WR83		-	-					Kansas City Chiefs	Denver Broncos	184 	2.0 	23 	1.0 	0.0 	0 	0.0 	1.0 	0.0 	0.0 	21.7 	QB9		Kansas City Chiefs	Indianapolis Colts	382 	3.0 	17 	0.0 	0.0 	0 	0.0 	0.0 	0.0 	0.0 	29.0 	QB4		Kansas City Chiefs	Miami Dolphins	246 	2.0 	1 	0.0 	0.0 	0 	0.0 	1.0 	0.0 	0.0 	15.9 	QB20		Kansas City Chiefs	Las Vegas Raiders	218 	1.6 	21 	0.2 	0.0 	0 	0.0 	0.6 	0.1 	0.0 	16.9 	QB9		Kansas City Chiefs	BYE	0 	0.0 	0 	0.0 	0.0 	0 	0.0 	0.0 	0.0 	0.0 	0.0 	-		Kansas City Chiefs	Los Angeles Chargers	218 	1.6 	20 	0.2 	0.0 	0 	0.0 	0.6 	0.1 	0.0 	16.4 	QB10		Kansas City Chiefs	Seattle Seahawks	212 	1.4 	18 	0.1 	0.0 	0 	0.0 	0.6 	0.1 	0.0 	15.2 	QB20		Kansas City Chiefs	Denver Broncos	211 	1.4 	18 	0.1 	0.0 	0 	0.0 	0.6 	0.1 	0.0 	15.0 	QB21		Kansas City Chiefs	New York Jets	206 	1.5 	23 	0.2 	0.0 	0 	0.0 	0.6 	0.1 	0.0 	16.2 	QB17		Kansas City Chiefs	Atlanta Falcons	215 	1.5 	21 	0.2 	0.0 	0 	0.0 	0.6 	0.1 	0.0 	16.4 	QB11		Kansas City Chiefs	Arizona Cardinals	214 	1.6 	23 	0.2 	0.0 	0 	0.0 	0.6 	0.1 	0.0 	17.3 	QB9		Kansas City Chiefs	Buffalo Bills	222 	1.6 	19 	0.2 	0.0 	0 	0.0 	0.6 	0.1 	0.0 	16.5 	QB13		Kansas City Chiefs	Los Angeles Rams	218 	1.4 	17 	0.1 	0.0 	0 	0.0 	0.6 	0.1 	0.0 	15.5 	QB20		Kansas City Chiefs	Cincinnati Bengals	220 	1.5 	19 	0.2 	0.0 	0 	0.0 	0.6 	0.1 	0.0 	16.2 	QB14		Kansas City Chiefs	New England Patriots	216 	1.5 	20 	0.2 	0.0 	0 	0.0 	0.6 	0.1 	0.0 	16.2 	QB15		Kansas City Chiefs	San Francisco 49ers	219 	1.6 	20 	0.2 	0.0 	0 	0.0 	0.6 	0.1 	0.0 	16.6 	QB11		Kansas City Chiefs	Los Angeles Chargers	214 	1.4 	18 	0.1 	0.0 	0 	0.0 	0.6 	0.1 	0.0 	15.5 	QB18		Actual	Actual	Actual	Forecast	Forecast	Forecast	Forecast	Forecast	Forecast	Forecast	Forecast	Forecast	Forecast	Forecast	Forecast	Forecast	Forecast		Healthy	Healthy	Healthy	Healthy	Healthy	Healthy	Healthy	Healthy	Healthy	Healthy	Healthy	Healthy	Healthy	Healthy	Healthy	Healthy	Healthy		Week 4 2026	9/29/2026	8:41:33 PM	20		0%	0%	15%	16%	99%	99%		(0.1)
	Malik Willis	Miami Dolphins	QB	QB17	15.6 	249 	3,525 	220.3 	16.8 	1.1 	440 	27.5 	3.6 	0.2 	0.0 	0.0 	0 	0.0 	0.0 	0.0 	10.4 	2.0 	0.0 	0.668 	0.460 	0.317 	0 	0.252 	0.000 	117 	149 	32 	15 	19 	4 	0.286 				-	-		-	-	Jauan Jennings	0.037 	WR94		-	-		16.7 	12.5 	10.0 	13.6 	17.5 	0.0 	16.1 	16.2 	16.9 	16.9 	15.7 	16.7 	14.9 	16.9 	15.4 	16.2 	16.7 		QB14	QB21	QB28	QB27	QB6	-	QB14	QB11	QB11	QB8	QB18	QB11	QB22	QB8	QB21	QB13	QB10		QB14	16.1 	222.9 	1.2 	26.1 	0.2 	0.0 	0.0 	0.0 	13 	0.750 	0.460 	0.340 	1 	0.437 	0.000 	88 	0.386 		210 		-	-		-	-	Jauan Jennings	0.058 	WR90		-	-		QB23	13.1 	966.0 	5.3 	113.1 	0.9 	0.0 	0.0 	0.0 	23 	0.422 	0.460 	0.213 	0 	0.033 	0.000 	#N/A	0.129 		39.2 		-	-		-	-	Jauan Jennings	0 	WR100		-	-					Miami Dolphins	Las Vegas Raiders	220 	0.0 	39 	1.0 	0.0 	0 	0.0 	1.0 	0.0 	0.0 	16.7 	QB14		Miami Dolphins	San Francisco 49ers	197 	1.0 	6 	0.0 	0.0 	0 	0.0 	0.0 	0.0 	0.0 	12.5 	QB21		Miami Dolphins	Kansas City Chiefs	210 	0.0 	56 	0.0 	0.0 	0 	0.0 	1.0 	1.0 	0.0 	10.0 	QB28		Miami Dolphins	Minnesota Vikings	207 	0.9 	23 	0.1 	0.0 	0 	0.0 	0.6 	0.1 	0.0 	13.6 	QB27		Miami Dolphins	Cincinnati Bengals	233 	1.4 	27 	0.2 	0.0 	0 	0.0 	0.6 	0.1 	0.0 	17.5 	QB6		Miami Dolphins	BYE	0 	0.0 	0 	0.0 	0.0 	0 	0.0 	0.0 	0.0 	0.0 	0.0 	-		Miami Dolphins	New York Jets	215 	1.2 	29 	0.2 	0.0 	0 	0.0 	0.6 	0.1 	0.0 	16.1 	QB14		Miami Dolphins	New England Patriots	224 	1.2 	26 	0.2 	0.0 	0 	0.0 	0.6 	0.1 	0.0 	16.2 	QB11		Miami Dolphins	Detroit Lions	229 	1.3 	27 	0.2 	0.0 	0 	0.0 	0.6 	0.1 	0.0 	16.9 	QB11		Miami Dolphins	Indianapolis Colts	229 	1.3 	27 	0.2 	0.0 	0 	0.0 	0.6 	0.1 	0.0 	16.9 	QB8		Miami Dolphins	Buffalo Bills	223 	1.2 	24 	0.2 	0.0 	0 	0.0 	0.6 	0.1 	0.0 	15.7 	QB18		Miami Dolphins	New York Jets	216 	1.2 	31 	0.2 	0.0 	0 	0.0 	0.6 	0.1 	0.0 	16.7 	QB11		Miami Dolphins	Denver Broncos	217 	1.1 	24 	0.2 	0.0 	0 	0.0 	0.6 	0.1 	0.0 	14.9 	QB22		Miami Dolphins	Chicago Bears	229 	1.3 	27 	0.2 	0.0 	0 	0.0 	0.6 	0.1 	0.0 	16.9 	QB8		Miami Dolphins	Green Bay Packers	221 	1.1 	24 	0.2 	0.0 	0 	0.0 	0.6 	0.1 	0.0 	15.4 	QB21		Miami Dolphins	Los Angeles Chargers	224 	1.2 	26 	0.2 	0.0 	0 	0.0 	0.6 	0.1 	0.0 	16.2 	QB13		Miami Dolphins	Buffalo Bills	231 	1.3 	25 	0.2 	0.0 	0 	0.0 	0.6 	0.1 	0.0 	16.7 	QB10		Actual	Actual	Actual	Forecast	Forecast	Forecast	Forecast	Forecast	Forecast	Forecast	Forecast	Forecast	Forecast	Forecast	Forecast	Forecast	Forecast		Healthy	Healthy	Healthy	Healthy	Healthy	Healthy	Healthy	Healthy	Healthy	Healthy	Healthy	Healthy	Healthy	Healthy	Healthy	Healthy	Healthy		Week 4 2026	9/29/2026	8:41:33 PM	20		0%	0%	27%	25%	99%	99%		0.2 
	Wan'Dale Robinson	Tennessee Titans	WR	WR45	6.1 	98 	0 	0.0 	0.0 	0.0 	0 	0.0 	0.0 	0.0 	73.8 	4.6 	694 	43.4 	4.7 	0.3 	0.0 	0.1 	0.0 	0.262 	1.000 	0.560 	0 	0.035 	0.000 	110 	93 	(17)	44 	38 	(6)	0.305 				-	-		-	-	Jerry Jeudy	0.041 	WR93		-	-		3.8 	0.9 	11.7 	5.7 	6.1 	6.4 	6.1 	6.5 	0.0 	6.2 	6.4 	6.3 	6.4 	6.4 	6.5 	6.1 	6.1 		WR50	WR79	WR17	WR50	WR46	WR36	WR44	WR39	-	WR42	WR36	WR47	WR41	WR41	WR43	WR50	WR52		WR45	6.2 	0.0 	0.0 	0.0 	0.0 	4.7 	45.4 	0.3 	45 	0.290 	1.000 	0.550 	0 	0.060 	0.000 	115 	0.315 		81 		-	-		-	-	Jerry Jeudy	0.048 	WR92		-	-		WR41	5.5 	0.0 	0.0 	0.0 	0.0 	20.3 	196.6 	1.2 	41 	0.176 	1.000 	0.590 	0 	0.011 	0.000 	#N/A	0.296 		16.4 		-	-		-	-	Jerry Jeudy	3 	WR91		-	-					Tennessee Titans	New York Jets	0 	0.0 	0 	0.0 	5.0 	38 	0.0 	0.0 	0.0 	0.0 	3.8 	WR50		Tennessee Titans	Philadelphia Eagles	0 	0.0 	0 	0.0 	1.0 	9 	0.0 	0.0 	0.0 	0.0 	0.9 	WR79		Tennessee Titans	New York Giants	0 	0.0 	0 	0.0 	7.0 	57 	1.0 	0.0 	0.0 	0.0 	11.7 	WR17		Tennessee Titans	Baltimore Ravens	0 	0.0 	0 	0.0 	4.5 	44 	0.2 	0.0 	0.0 	0.0 	5.7 	WR50		Tennessee Titans	Houston Texans	0 	0.0 	0 	0.0 	4.6 	45 	0.3 	0.0 	0.0 	0.0 	6.1 	WR46		Tennessee Titans	Indianapolis Colts	0 	0.0 	0 	0.0 	4.8 	46 	0.3 	0.0 	0.0 	0.0 	6.4 	WR36		Tennessee Titans	Cleveland Browns	0 	0.0 	0 	0.0 	4.5 	44 	0.3 	0.0 	0.0 	0.0 	6.1 	WR44		Tennessee Titans	Cincinnati Bengals	0 	0.0 	0 	0.0 	4.8 	47 	0.3 	0.0 	0.0 	0.0 	6.5 	WR39		Tennessee Titans	BYE	0 	0.0 	0 	0.0 	0.0 	0 	0.0 	0.0 	0.0 	0.0 	0.0 	-		Tennessee Titans	Jacksonville Jaguars	0 	0.0 	0 	0.0 	4.6 	45 	0.3 	0.0 	0.0 	0.0 	6.2 	WR42		Tennessee Titans	Dallas Cowboys	0 	0.0 	0 	0.0 	4.8 	47 	0.3 	0.0 	0.0 	0.0 	6.4 	WR36		Tennessee Titans	Jacksonville Jaguars	0 	0.0 	0 	0.0 	4.7 	46 	0.3 	0.0 	0.0 	0.0 	6.3 	WR47		Tennessee Titans	Washington Commanders	0 	0.0 	0 	0.0 	4.7 	46 	0.3 	0.0 	0.0 	0.0 	6.4 	WR41		Tennessee Titans	Detroit Lions	0 	0.0 	0 	0.0 	4.8 	47 	0.3 	0.0 	0.0 	0.0 	6.4 	WR41		Tennessee Titans	Indianapolis Colts	0 	0.0 	0 	0.0 	4.8 	46 	0.3 	0.0 	0.0 	0.0 	6.5 	WR43		Tennessee Titans	Las Vegas Raiders	0 	0.0 	0 	0.0 	4.6 	44 	0.3 	0.0 	0.0 	0.0 	6.1 	WR50		Tennessee Titans	Pittsburgh Steelers	0 	0.0 	0 	0.0 	4.6 	44 	0.3 	0.0 	0.0 	0.0 	6.1 	WR52		Actual	Actual	Actual	Forecast	Forecast	Forecast	Forecast	Forecast	Forecast	Forecast	Forecast	Forecast	Forecast	Forecast	Forecast	Forecast	Forecast		Healthy	Healthy	Healthy	Healthy	Healthy	Healthy	Healthy	Healthy	Healthy	Healthy	Healthy	Healthy	Healthy	Healthy	Healthy	Healthy	Healthy		Week 4 2026	9/29/2026	8:41:33 PM	20		20%	20%	0%	0%	0%	0%		0.0 
	Dalton Schultz	Houston Texans	TE	TE13	6.2 	99 	0 	0.0 	0.0 	0.0 	0 	0.0 	0.0 	0.0 	77.0 	4.8 	785 	49.0 	3.4 	0.2 	0.0 	0.1 	0.0 	0.265 	0.560 	0.476 	1 	0.248 	0.000 	96 	139 	43 	11 	18 	7 	0.342 				-	-		-	-	Jordan Whittington	0.027 	WR96		-	-		3.5 	14.0 	3.0 	6.4 	6.2 	5.9 	6.2 	0.0 	5.9 	5.8 	6.3 	6.2 	5.9 	6.1 	6.2 	5.4 	5.8 		TE19	TE5	TE21	TE10	TE10	TE11	TE11	-	TE13	TE12	TE9	TE12	TE11	TE12	TE12	TE16	TE15		TE12	6.0 	0.0 	0.0 	0.0 	0.0 	4.5 	44.6 	0.3 	12 	0.280 	0.560 	0.467 	1 	0.265 	0.000 	102 	0.348 		78 		-	-		-	-	Jordan Whittington	0.043 	WR93		-	-		TE14	6.8 	0.0 	0.0 	0.0 	0.0 	19.3 	193.2 	1.1 	14 	0.221 	0.560 	0.450 	1 	0.300 	0.000 	#N/A	0.348 		20.5 		-	-		-	-	Jordan Whittington	1 	WR99		-	-					Houston Texans	Buffalo Bills	0 	0.0 	0 	0.0 	4.0 	35 	0.0 	0.0 	0.0 	0.0 	3.5 	TE19		Houston Texans	Cincinnati Bengals	0 	0.0 	0 	0.0 	12.0 	140 	0.0 	0.0 	0.0 	0.0 	14.0 	TE5		Houston Texans	Indianapolis Colts	0 	0.0 	0 	0.0 	3.0 	30 	0.0 	0.0 	0.0 	0.0 	3.0 	TE21		Houston Texans	Dallas Cowboys	0 	0.0 	0 	0.0 	4.7 	47 	0.3 	0.0 	0.0 	0.0 	6.4 	TE10		Houston Texans	Tennessee Titans	0 	0.0 	0 	0.0 	4.5 	45 	0.3 	0.0 	0.0 	0.0 	6.2 	TE10		Houston Texans	Jacksonville Jaguars	0 	0.0 	0 	0.0 	4.4 	44 	0.2 	0.0 	0.0 	0.0 	5.9 	TE11		Houston Texans	New York Giants	0 	0.0 	0 	0.0 	4.5 	45 	0.3 	0.0 	0.0 	0.0 	6.2 	TE11		Houston Texans	BYE	0 	0.0 	0 	0.0 	0.0 	0 	0.0 	0.0 	0.0 	0.0 	0.0 	-		Houston Texans	Los Angeles Chargers	0 	0.0 	0 	0.0 	4.4 	44 	0.2 	0.0 	0.0 	0.0 	5.9 	TE13		Houston Texans	Cleveland Browns	0 	0.0 	0 	0.0 	4.3 	43 	0.2 	0.0 	0.0 	0.0 	5.8 	TE12		Houston Texans	Indianapolis Colts	0 	0.0 	0 	0.0 	4.6 	46 	0.3 	0.0 	0.0 	0.0 	6.3 	TE9		Houston Texans	Baltimore Ravens	0 	0.0 	0 	0.0 	4.5 	45 	0.3 	0.0 	0.0 	0.0 	6.2 	TE12		Houston Texans	Pittsburgh Steelers	0 	0.0 	0 	0.0 	4.4 	44 	0.3 	0.0 	0.0 	0.0 	5.9 	TE11		Houston Texans	Washington Commanders	0 	0.0 	0 	0.0 	4.5 	45 	0.3 	0.0 	0.0 	0.0 	6.1 	TE12		Houston Texans	Jacksonville Jaguars	0 	0.0 	0 	0.0 	4.5 	45 	0.3 	0.0 	0.0 	0.0 	6.2 	TE12		Houston Texans	Philadelphia Eagles	0 	0.0 	0 	0.0 	4.2 	42 	0.2 	0.0 	0.0 	0.0 	5.4 	TE16		Houston Texans	Green Bay Packers	0 	0.0 	0 	0.0 	4.4 	44 	0.2 	0.0 	0.0 	0.0 	5.8 	TE15		Actual	Actual	Actual	Forecast	Forecast	Forecast	Forecast	Forecast	Forecast	Forecast	Forecast	Forecast	Forecast	Forecast	Forecast	Forecast	Forecast		Healthy	Healthy	Healthy	Healthy	Healthy	Healthy	Healthy	Healthy	Healthy	Healthy	Healthy	Healthy	Healthy	Healthy	Healthy	Healthy	Healthy		Week 4 2026	9/29/2026	8:41:33 PM	20		20%	18%	0%	0%	0%	0%		(0.0)
	Rico Dowdle	Pittsburgh Steelers	RB	RB35	7.2 	109 	0 	0.0 	0.0 	0.0 	660 	44.0 	4.4 	0.3 	23.3 	1.6 	174 	11.6 	0.4 	0.0 	0.0 	1.8 	0.0 	0.291 	1.000 	0.607 	0 	0.012 	0.000 	105 	67 	(38)	33 	30 	(3)	0.321 				-	-		-	-	Zachariah Branch	0.022 	WR97		-	-		2.1 	4.4 	0.0 	7.4 	8.8 	7.9 	8.3 	8.9 	0.0 	7.6 	6.6 	7.3 	7.5 	7.6 	7.9 	8.3 	8.2 		RB55	RB37	-	RB30	RB26	RB27	RB25	RB23	-	RB29	RB28	RB34	RB28	RB30	RB31	RB29	RB28		RB30	7.8 	0.0 	0.0 	47.9 	0.3 	1.5 	11.3 	0.0 	29 	0.365 	1.000 	0.657 	0 	0.072 	0.000 	90 	0.379 		102 		-	-		-	-	Zachariah Branch	0.028 	WR96		-	-		RB61	3.3 	0.0 	0.0 	311.6 	2.2 	9.6 	73.2 	0.2 	61 	0.070 	1.000 	0.251 	(1)	0.000 	0.000 	#N/A	0.123 		6.5 		-	-		-	-	Zachariah Branch	2 	WR95		-	-					Pittsburgh Steelers	Atlanta Falcons	0 	0.0 	15 	0.0 	2.0 	6 	0.0 	0.0 	0.0 	0.0 	2.1 	RB55		Pittsburgh Steelers	New England Patriots	0 	0.0 	22 	0.0 	2.0 	22 	0.0 	0.0 	0.0 	0.0 	4.4 	RB37		Pittsburgh Steelers	Cincinnati Bengals	0 	0.0 	0 	0.0 	0.0 	0 	0.0 	0.0 	0.0 	0.0 	0.0 	-		Pittsburgh Steelers	Cleveland Browns	0 	0.0 	46 	0.3 	1.4 	10 	0.0 	0.0 	0.1 	0.0 	7.4 	RB30		Pittsburgh Steelers	Indianapolis Colts	0 	0.0 	52 	0.4 	1.6 	12 	0.0 	0.0 	0.1 	0.0 	8.8 	RB26		Pittsburgh Steelers	Tampa Bay Buccaneers	0 	0.0 	48 	0.3 	1.5 	12 	0.0 	0.0 	0.1 	0.0 	7.9 	RB27		Pittsburgh Steelers	New Orleans Saints	0 	0.0 	50 	0.4 	1.5 	11 	0.0 	0.0 	0.1 	0.0 	8.3 	RB25		Pittsburgh Steelers	Cleveland Browns	0 	0.0 	55 	0.4 	1.4 	11 	0.0 	0.0 	0.1 	0.0 	8.9 	RB23		Pittsburgh Steelers	BYE	0 	0.0 	0 	0.0 	0.0 	0 	0.0 	0.0 	0.0 	0.0 	0.0 	-		Pittsburgh Steelers	Cincinnati Bengals	0 	0.0 	45 	0.3 	1.5 	12 	0.0 	0.0 	0.1 	0.0 	7.6 	RB29		Pittsburgh Steelers	Philadelphia Eagles	0 	0.0 	41 	0.3 	1.5 	11 	0.0 	0.0 	0.1 	0.0 	6.6 	RB28		Pittsburgh Steelers	Denver Broncos	0 	0.0 	45 	0.3 	1.4 	11 	0.0 	0.0 	0.1 	0.0 	7.3 	RB34		Pittsburgh Steelers	Houston Texans	0 	0.0 	46 	0.3 	1.5 	11 	0.0 	0.0 	0.1 	0.0 	7.5 	RB28		Pittsburgh Steelers	Jacksonville Jaguars	0 	0.0 	47 	0.3 	1.5 	11 	0.0 	0.0 	0.1 	0.0 	7.6 	RB30		Pittsburgh Steelers	Baltimore Ravens	0 	0.0 	48 	0.3 	1.5 	12 	0.0 	0.0 	0.1 	0.0 	7.9 	RB31		Pittsburgh Steelers	Carolina Panthers	0 	0.0 	50 	0.4 	1.5 	11 	0.0 	0.0 	0.1 	0.0 	8.3 	RB29		Pittsburgh Steelers	Tennessee Titans	0 	0.0 	50 	0.4 	1.5 	11 	0.0 	0.0 	0.1 	0.0 	8.2 	RB28		Actual	Actual	Actual	Forecast	Forecast	Forecast	Forecast	Forecast	Forecast	Forecast	Forecast	Forecast	Forecast	Forecast	Forecast	Forecast	Forecast		Healthy	Healthy	Injured	Limited / Handicapped	Healthy	Healthy	Healthy	Healthy	Healthy	Healthy	Healthy	Healthy	Healthy	Healthy	Healthy	Healthy	Healthy		Week 4 2026	9/29/2026	8:41:33 PM	20		5%	2%	44%	47%	0%	0%		0.2 
	Justin Herbert	Los Angeles Chargers	QB	QB19	15.2 	243 	3,373 	210.8 	23.2 	1.4 	307 	19.2 	1.9 	0.1 	0.0 	0.0 	0 	0.0 	0.0 	0.0 	12.4 	1.0 	0.0 	0.651 	0.460 	0.292 	0 	0.214 	0.000 	129 	88 	(41)	17 	8 	(9)	0.255 				-	-		-	-	Ja'Kobi Lane	0.012 	WR99		-	-		13.3 	7.9 	12.7 	14.0 	16.1 	15.6 	0.0 	16.1 	15.9 	15.9 	16.3 	16.1 	16.6 	16.3 	16.8 	16.9 	16.1 		QB22	QB27	QB22	QB24	QB14	QB12	-	QB14	QB18	QB14	QB14	QB15	QB9	QB13	QB10	QB10	QB13		QB15	16.1 	211.2 	1.6 	19.9 	0.1 	0.0 	0.0 	0.0 	14 	0.747 	0.460 	0.329 	1 	0.430 	0.000 	91 	0.376 		209 		-	-		-	-	Ja'Kobi Lane	0.037 	WR94		-	-		QB26	11.3 	915.2 	6.7 	86.2 	0.6 	0.0 	0.0 	0.0 	26 	0.365 	0.460 	0.172 	(0)	0.000 	0.000 	#N/A	0.091 		33.9 		-	-		-	-	Ja'Kobi Lane	1 	WR98		-	-					Los Angeles Chargers	Arizona Cardinals	209 	1.0 	29 	0.0 	0.0 	0 	0.0 	1.0 	0.0 	0.0 	13.3 	QB22		Los Angeles Chargers	Las Vegas Raiders	192 	1.0 	2 	0.0 	0.0 	0 	0.0 	2.0 	0.0 	0.0 	7.9 	QB27		Los Angeles Chargers	Buffalo Bills	226 	1.0 	17 	0.0 	0.0 	0 	0.0 	1.0 	0.0 	0.0 	12.7 	QB22		Los Angeles Chargers	Seattle Seahawks	205 	1.3 	16 	0.1 	0.0 	0 	0.0 	0.6 	0.1 	0.0 	14.0 	QB24		Los Angeles Chargers	Denver Broncos	211 	1.6 	20 	0.1 	0.0 	0 	0.0 	0.6 	0.1 	0.0 	16.1 	QB14		Los Angeles Chargers	Kansas City Chiefs	211 	1.5 	19 	0.1 	0.0 	0 	0.0 	0.6 	0.1 	0.0 	15.6 	QB12		Los Angeles Chargers	BYE	0 	0.0 	0 	0.0 	0.0 	0 	0.0 	0.0 	0.0 	0.0 	0.0 	-		Los Angeles Chargers	Los Angeles Rams	218 	1.6 	18 	0.1 	0.0 	0 	0.0 	0.6 	0.1 	0.0 	16.1 	QB14		Los Angeles Chargers	Houston Texans	209 	1.5 	20 	0.1 	0.0 	0 	0.0 	0.6 	0.1 	0.0 	15.9 	QB18		Los Angeles Chargers	Baltimore Ravens	216 	1.5 	18 	0.1 	0.0 	0 	0.0 	0.6 	0.1 	0.0 	15.9 	QB14		Los Angeles Chargers	New York Jets	202 	1.6 	23 	0.2 	0.0 	0 	0.0 	0.6 	0.1 	0.0 	16.3 	QB14		Los Angeles Chargers	New England Patriots	211 	1.6 	20 	0.1 	0.0 	0 	0.0 	0.6 	0.1 	0.0 	16.1 	QB15		Los Angeles Chargers	Tampa Bay Buccaneers	215 	1.6 	20 	0.2 	0.0 	0 	0.0 	0.6 	0.1 	0.0 	16.6 	QB9		Los Angeles Chargers	Las Vegas Raiders	209 	1.6 	21 	0.2 	0.0 	0 	0.0 	0.6 	0.1 	0.0 	16.3 	QB13		Los Angeles Chargers	San Francisco 49ers	216 	1.7 	21 	0.2 	0.0 	0 	0.0 	0.6 	0.1 	0.0 	16.8 	QB10		Los Angeles Chargers	Miami Dolphins	210 	1.7 	23 	0.2 	0.0 	0 	0.0 	0.6 	0.1 	0.0 	16.9 	QB10		Los Angeles Chargers	Kansas City Chiefs	211 	1.6 	20 	0.1 	0.0 	0 	0.0 	0.6 	0.1 	0.0 	16.1 	QB13		Actual	Actual	Actual	Forecast	Forecast	Forecast	Forecast	Forecast	Forecast	Forecast	Forecast	Forecast	Forecast	Forecast	Forecast	Forecast	Forecast		Healthy	Healthy	Healthy	Healthy	Healthy	Healthy	Healthy	Healthy	Healthy	Healthy	Healthy	Healthy	Healthy	Healthy	Healthy	Healthy	Healthy		Week 4 2026	9/29/2026	8:41:33 PM	20		0%	0%	15%	16%	99%	99%		0.2 
	Aaron Jones Sr.	Minnesota Vikings	RB	RB28	8.1 	129 	0 	0.0 	0.0 	0.0 	748 	46.7 	5.5 	0.3 	29.1 	1.8 	205 	12.8 	0.6 	0.0 	0.0 	1.4 	0.0 	0.347 	1.000 	0.682 	0 	0.076 	0.000 	79 	98 	19 	27 	39 	12 	0.389 				-	-		-	-	Jalen McMillan	0.007 	WR100		-	-		10.0 	10.5 	9.2 	12.6 	11.0 	0.0 	7.5 	6.5 	6.9 	6.4 	6.5 	7.6 	7.2 	6.2 	6.9 	7.5 	6.9 		RB20	RB13	RB22	RB9	RB18	-	RB28	RB30	RB33	RB32	RB29	RB31	RB31	RB37	RB33	RB32	RB35		RB31	7.7 	0.0 	0.0 	41.9 	0.3 	1.9 	13.1 	0.0 	30 	0.356 	1.000 	0.644 	0 	0.056 	0.000 	94 	0.366 		100 		-	-		-	-	Jalen McMillan	0.032 	WR95		-	-		RB18	9.9 	0.0 	0.0 	181.7 	1.5 	8.0 	57.0 	0.2 	18 	0.320 	1.000 	0.792 	1 	0.169 	0.000 	#N/A	0.472 		29.7 		-	-		-	-	Jalen McMillan	0 	WR101		-	-					Minnesota Vikings	Green Bay Packers	0 	0.0 	40 	1.0 	0.0 	0 	0.0 	0.0 	0.0 	0.0 	10.0 	RB20		Minnesota Vikings	Chicago Bears	0 	0.0 	105 	0.0 	0.0 	0 	0.0 	0.0 	0.0 	0.0 	10.5 	RB13		Minnesota Vikings	Tampa Bay Buccaneers	0 	0.0 	58 	0.0 	5.0 	34 	0.0 	0.0 	0.0 	0.0 	9.2 	RB22		Minnesota Vikings	Miami Dolphins	0 	0.0 	79 	0.6 	1.8 	12 	0.0 	0.0 	0.2 	0.0 	12.6 	RB9		Minnesota Vikings	New Orleans Saints	0 	0.0 	69 	0.5 	1.8 	13 	0.0 	0.0 	0.2 	0.0 	11.0 	RB18		Minnesota Vikings	BYE	0 	0.0 	0 	0.0 	0.0 	0 	0.0 	0.0 	0.0 	0.0 	0.0 	-		Minnesota Vikings	Indianapolis Colts	0 	0.0 	39 	0.4 	1.9 	13 	0.0 	0.0 	0.1 	0.0 	7.5 	RB28		Minnesota Vikings	Detroit Lions	0 	0.0 	34 	0.3 	1.9 	13 	0.0 	0.0 	0.1 	0.0 	6.5 	RB30		Minnesota Vikings	Buffalo Bills	0 	0.0 	36 	0.3 	1.9 	13 	0.0 	0.0 	0.1 	0.0 	6.9 	RB33		Minnesota Vikings	Green Bay Packers	0 	0.0 	33 	0.3 	1.9 	13 	0.0 	0.0 	0.1 	0.0 	6.4 	RB32		Minnesota Vikings	San Francisco 49ers	0 	0.0 	34 	0.3 	1.9 	13 	0.0 	0.0 	0.1 	0.0 	6.5 	RB29		Minnesota Vikings	Atlanta Falcons	0 	0.0 	40 	0.4 	1.8 	13 	0.0 	0.0 	0.1 	0.0 	7.6 	RB31		Minnesota Vikings	Carolina Panthers	0 	0.0 	38 	0.3 	1.8 	13 	0.0 	0.0 	0.1 	0.0 	7.2 	RB31		Minnesota Vikings	New England Patriots	0 	0.0 	33 	0.3 	1.8 	13 	0.0 	0.0 	0.1 	0.0 	6.2 	RB37		Minnesota Vikings	Detroit Lions	0 	0.0 	36 	0.3 	1.9 	13 	0.0 	0.0 	0.1 	0.0 	6.9 	RB33		Minnesota Vikings	Washington Commanders	0 	0.0 	39 	0.4 	1.9 	13 	0.0 	0.0 	0.1 	0.0 	7.5 	RB32		Minnesota Vikings	New York Jets	0 	0.0 	37 	0.3 	1.8 	13 	0.0 	0.0 	0.1 	0.0 	6.9 	RB35		Actual	Actual	Actual	Forecast	Forecast	Forecast	Forecast	Forecast	Forecast	Forecast	Forecast	Forecast	Forecast	Forecast	Forecast	Forecast	Forecast		Healthy	Healthy	Healthy	Healthy	Healthy	Healthy	Healthy	Healthy	Healthy	Healthy	Healthy	Healthy	Healthy	Healthy	Healthy	Healthy	Healthy		Week 4 2026	9/29/2026	8:41:33 PM	20		6%	3%	30%	38%	0%	0%		(0.1)
	Jakobi Meyers	Jacksonville Jaguars	WR	WR35	6.9 	110 	0 	0.0 	0.0 	0.0 	2 	0.1 	0.0 	0.0 	58.6 	3.7 	730 	45.6 	6.2 	0.4 	0.0 	0.1 	0.0 	0.296 	1.000 	0.660 	0 	0.103 	0.000 	81 	97 	16 	34 	40 	6 	0.383 				-	-		-	-	Omar Cooper Jr.	0.017 	WR98		-	-		10.2 	2.8 	12.4 	6.8 	6.4 	6.2 	0.0 	6.8 	6.6 	6.5 	6.5 	6.6 	6.4 	6.5 	6.1 	6.7 	6.8 		WR21	WR56	WR15	WR37	WR44	WR41	-	WR33	WR42	WR38	WR32	WR40	WR40	WR40	WR49	WR40	WR38		WR42	6.5 	0.0 	0.0 	0.0 	0.0 	3.7 	46.0 	0.3 	42 	0.303 	1.000 	0.580 	0 	0.090 	0.000 	106 	0.343 		85 		-	-		-	-	Omar Cooper Jr.	0.018 	WR98		-	-		WR22	8.5 	0.0 	0.0 	0.0 	0.0 	16.2 	199.2 	1.4 	22 	0.273 	1.000 	0.780 	1 	0.157 	0.000 	#N/A	0.455 		25.4 		-	-		-	-	Omar Cooper Jr.	3 	WR90		-	-					Jacksonville Jaguars	Cleveland Browns	0 	0.0 	2 	0.0 	2.0 	40 	1.0 	0.0 	0.0 	0.0 	10.2 	WR21		Jacksonville Jaguars	Denver Broncos	0 	0.0 	0 	0.0 	1.0 	28 	0.0 	0.0 	0.0 	0.0 	2.8 	WR56		Jacksonville Jaguars	New England Patriots	0 	0.0 	0 	0.0 	7.0 	64 	1.0 	0.0 	0.0 	0.0 	12.4 	WR15		Jacksonville Jaguars	Cincinnati Bengals	0 	0.0 	0 	0.0 	3.8 	47 	0.3 	0.0 	0.0 	0.0 	6.8 	WR37		Jacksonville Jaguars	Philadelphia Eagles	0 	0.0 	0 	0.0 	3.7 	45 	0.3 	0.0 	0.0 	0.0 	6.4 	WR44		Jacksonville Jaguars	Houston Texans	0 	0.0 	0 	0.0 	3.6 	44 	0.3 	0.0 	0.0 	0.0 	6.2 	WR41		Jacksonville Jaguars	BYE	0 	0.0 	0 	0.0 	0.0 	0 	0.0 	0.0 	0.0 	0.0 	0.0 	-		Jacksonville Jaguars	Indianapolis Colts	0 	0.0 	0 	0.0 	3.8 	47 	0.4 	0.0 	0.0 	0.0 	6.8 	WR33		Jacksonville Jaguars	Baltimore Ravens	0 	0.0 	0 	0.0 	3.8 	47 	0.3 	0.0 	0.0 	0.0 	6.6 	WR42		Jacksonville Jaguars	Tennessee Titans	0 	0.0 	0 	0.0 	3.7 	46 	0.3 	0.0 	0.0 	0.0 	6.5 	WR38		Jacksonville Jaguars	New York Giants	0 	0.0 	0 	0.0 	3.7 	46 	0.3 	0.0 	0.0 	0.0 	6.5 	WR32		Jacksonville Jaguars	Tennessee Titans	0 	0.0 	0 	0.0 	3.7 	46 	0.3 	0.0 	0.0 	0.0 	6.6 	WR40		Jacksonville Jaguars	Chicago Bears	0 	0.0 	0 	0.0 	3.7 	46 	0.3 	0.0 	0.0 	0.0 	6.4 	WR40		Jacksonville Jaguars	Pittsburgh Steelers	0 	0.0 	0 	0.0 	3.7 	46 	0.3 	0.0 	0.0 	0.0 	6.5 	WR40		Jacksonville Jaguars	Houston Texans	0 	0.0 	0 	0.0 	3.6 	44 	0.3 	0.0 	0.0 	0.0 	6.1 	WR49		Jacksonville Jaguars	Dallas Cowboys	0 	0.0 	0 	0.0 	3.8 	47 	0.3 	0.0 	0.0 	0.0 	6.7 	WR40		Jacksonville Jaguars	Washington Commanders	0 	0.0 	0 	0.0 	3.8 	47 	0.4 	0.0 	0.0 	0.0 	6.8 	WR38		Actual	Actual	Actual	Forecast	Forecast	Forecast	Forecast	Forecast	Forecast	Forecast	Forecast	Forecast	Forecast	Forecast	Forecast	Forecast	Forecast		Healthy	Healthy	Healthy	Healthy	Healthy	Healthy	Healthy	Healthy	Healthy	Healthy	Healthy	Healthy	Healthy	Healthy	Healthy	Healthy	Healthy		Week 4 2026	9/29/2026	8:41:33 PM	20		20%	20%	0%	0%	0%	0%		(0.1)
	Rome Odunze	Chicago Bears	WR	WR47	6.0 	96 	0 	0.0 	0.0 	0.0 	0 	0.0 	0.0 	0.0 	44.2 	2.8 	697 	43.6 	4.4 	0.3 	0.0 	0.1 	0.0 	0.257 	1.000 	0.540 	0 	0.025 	0.000 	115 	63 	(52)	46 	27 	(19)	0.291 				-	-		-	-	Isaac TeSlaa	0.056 	WR90		-	-		5.2 	4.3 	4.4 	6.0 	6.2 	6.3 	6.2 	6.1 	6.5 	0.0 	6.2 	6.5 	6.3 	6.3 	6.5 	6.2 	6.4 		WR41	WR40	WR46	WR47	WR45	WR38	WR41	WR43	WR43	-	WR39	WR44	WR42	WR42	WR41	WR45	WR44		WR44	6.3 	0.0 	0.0 	0.0 	0.0 	2.8 	42.9 	0.3 	44 	0.292 	1.000 	0.560 	0 	0.066 	0.000 	111 	0.322 		82 		-	-		-	-	Isaac TeSlaa	0.023 	WR97		-	-		WR59	4.6 	0.0 	0.0 	0.0 	0.0 	12.1 	186.0 	1.5 	59 	0.150 	1.000 	0.410 	(0)	0.000 	0.000 	#N/A	0.207 		13.9 		-	-		-	-	Isaac TeSlaa	9 	WR68		-	-					Chicago Bears	Carolina Panthers	0 	0.0 	0 	0.0 	2.0 	52 	0.0 	0.0 	0.0 	0.0 	5.2 	WR41		Chicago Bears	Minnesota Vikings	0 	0.0 	0 	0.0 	3.0 	43 	0.0 	0.0 	0.0 	0.0 	4.3 	WR40		Chicago Bears	Philadelphia Eagles	0 	0.0 	0 	0.0 	3.0 	44 	0.0 	0.0 	0.0 	0.0 	4.4 	WR46		Chicago Bears	New York Jets	0 	0.0 	0 	0.0 	2.7 	42 	0.3 	0.0 	0.0 	0.0 	6.0 	WR47		Chicago Bears	Green Bay Packers	0 	0.0 	0 	0.0 	2.8 	43 	0.3 	0.0 	0.0 	0.0 	6.2 	WR45		Chicago Bears	Atlanta Falcons	0 	0.0 	0 	0.0 	2.8 	43 	0.3 	0.0 	0.0 	0.0 	6.3 	WR38		Chicago Bears	New England Patriots	0 	0.0 	0 	0.0 	2.8 	43 	0.3 	0.0 	0.0 	0.0 	6.2 	WR41		Chicago Bears	Seattle Seahawks	0 	0.0 	0 	0.0 	2.8 	43 	0.3 	0.0 	0.0 	0.0 	6.1 	WR43		Chicago Bears	Tampa Bay Buccaneers	0 	0.0 	0 	0.0 	2.8 	44 	0.4 	0.0 	0.0 	0.0 	6.5 	WR43		Chicago Bears	BYE	0 	0.0 	0 	0.0 	0.0 	0 	0.0 	0.0 	0.0 	0.0 	0.0 	-		Chicago Bears	New Orleans Saints	0 	0.0 	0 	0.0 	2.7 	42 	0.3 	0.0 	0.0 	0.0 	6.2 	WR39		Chicago Bears	Detroit Lions	0 	0.0 	0 	0.0 	2.9 	44 	0.3 	0.0 	0.0 	0.0 	6.5 	WR44		Chicago Bears	Jacksonville Jaguars	0 	0.0 	0 	0.0 	2.8 	43 	0.3 	0.0 	0.0 	0.0 	6.3 	WR42		Chicago Bears	Miami Dolphins	0 	0.0 	0 	0.0 	2.8 	42 	0.3 	0.0 	0.0 	0.0 	6.3 	WR42		Chicago Bears	Buffalo Bills	0 	0.0 	0 	0.0 	2.9 	44 	0.3 	0.0 	0.0 	0.0 	6.5 	WR41		Chicago Bears	Green Bay Packers	0 	0.0 	0 	0.0 	2.8 	43 	0.3 	0.0 	0.0 	0.0 	6.2 	WR45		Chicago Bears	Detroit Lions	0 	0.0 	0 	0.0 	2.8 	43 	0.3 	0.0 	0.0 	0.0 	6.4 	WR44		Actual	Actual	Actual	Forecast	Forecast	Forecast	Forecast	Forecast	Forecast	Forecast	Forecast	Forecast	Forecast	Forecast	Forecast	Forecast	Forecast		Healthy	Healthy	Healthy	Healthy	Healthy	Healthy	Healthy	Healthy	Healthy	Healthy	Healthy	Healthy	Healthy	Healthy	Healthy	Healthy	Healthy		Week 4 2026	9/29/2026	8:41:33 PM	20		21%	22%	0%	0%	0%	0%		0.1 
	Jared Goff	Detroit Lions	QB	QB9	17.0 	272 	4,001 	250.1 	31.8 	2.0 	30 	1.9 	0.1 	0.0 	0.0 	0.0 	0 	0.0 	0.0 	0.0 	8.4 	1.0 	0.0 	0.731 	0.460 	0.385 	1 	0.393 	0.000 	80 	131 	51 	9 	16 	7 	0.389 				-	-		-	-	Olamide Zaccheaus	0.006 	WR101		-	-		16.4 	29.8 	19.4 	16.4 	15.9 	0.0 	16.2 	15.6 	15.7 	15.6 	16.1 	16.7 	16.0 	15.9 	15.1 	16.1 	15.5 		QB17	QB2	QB15	QB11	QB15	-	QB12	QB18	QB20	QB16	QB16	QB12	QB17	QB18	QB22	QB15	QB19		QB16	15.9 	246.1 	1.8 	1.1 	0.0 	0.0 	0.0 	0.0 	15 	0.739 	0.460 	0.317 	1 	0.413 	0.000 	95 	0.362 		207 		-	-		-	-	Olamide Zaccheaus	0.006 	WR101		-	-		QB6	21.9 	1,066.5 	7.9 	5.0 	0.0 	0.0 	0.0 	0.0 	6 	0.706 	0.460 	0.415 	1 	0.508 	0.000 	#N/A	0.459 		65.6 		-	-		-	-	Olamide Zaccheaus	2 	WR97		-	-					Detroit Lions	New Orleans Saints	206 	2.0 	2 	0.0 	0.0 	0 	0.0 	0.0 	0.0 	0.0 	16.4 	QB17		Detroit Lions	Buffalo Bills	327 	4.0 	7 	0.0 	0.0 	0 	0.0 	0.0 	0.0 	0.0 	29.8 	QB2		Detroit Lions	New York Jets	269 	2.0 	6 	0.0 	0.0 	0 	0.0 	0.0 	0.0 	0.0 	19.4 	QB15		Detroit Lions	Carolina Panthers	252 	1.9 	1 	0.0 	0.0 	0 	0.0 	0.6 	0.1 	0.0 	16.4 	QB11		Detroit Lions	Arizona Cardinals	241 	1.9 	1 	0.0 	0.0 	0 	0.0 	0.6 	0.1 	0.0 	15.9 	QB15		Detroit Lions	BYE	0 	0.0 	0 	0.0 	0.0 	0 	0.0 	0.0 	0.0 	0.0 	0.0 	-		Detroit Lions	Green Bay Packers	250 	1.9 	1 	0.0 	0.0 	0 	0.0 	0.6 	0.1 	0.0 	16.2 	QB12		Detroit Lions	Minnesota Vikings	243 	1.8 	1 	0.0 	0.0 	0 	0.0 	0.6 	0.1 	0.0 	15.6 	QB18		Detroit Lions	Miami Dolphins	241 	1.8 	1 	0.0 	0.0 	0 	0.0 	0.6 	0.1 	0.0 	15.7 	QB20		Detroit Lions	New England Patriots	245 	1.8 	1 	0.0 	0.0 	0 	0.0 	0.6 	0.1 	0.0 	15.6 	QB16		Detroit Lions	Tampa Bay Buccaneers	247 	1.9 	1 	0.0 	0.0 	0 	0.0 	0.6 	0.1 	0.0 	16.1 	QB16		Detroit Lions	Chicago Bears	254 	1.9 	1 	0.0 	0.0 	0 	0.0 	0.6 	0.1 	0.0 	16.7 	QB12		Detroit Lions	Atlanta Falcons	248 	1.8 	1 	0.0 	0.0 	0 	0.0 	0.6 	0.1 	0.0 	16.0 	QB17		Detroit Lions	Tennessee Titans	243 	1.9 	1 	0.0 	0.0 	0 	0.0 	0.6 	0.1 	0.0 	15.9 	QB18		Detroit Lions	Minnesota Vikings	241 	1.7 	1 	0.0 	0.0 	0 	0.0 	0.6 	0.1 	0.0 	15.1 	QB22		Detroit Lions	New York Giants	247 	1.9 	1 	0.0 	0.0 	0 	0.0 	0.6 	0.1 	0.0 	16.1 	QB15		Detroit Lions	Chicago Bears	246 	1.7 	1 	0.0 	0.0 	0 	0.0 	0.6 	0.1 	0.0 	15.5 	QB19		Actual	Actual	Actual	Forecast	Forecast	Forecast	Forecast	Forecast	Forecast	Forecast	Forecast	Forecast	Forecast	Forecast	Forecast	Forecast	Forecast		Healthy	Healthy	Healthy	Healthy	Healthy	Healthy	Healthy	Healthy	Healthy	Healthy	Healthy	Healthy	Healthy	Healthy	Healthy	Healthy	Healthy		Week 4 2026	9/29/2026	8:41:33 PM	20		0%	0%	1%	1%	99%	99%		(0.1)
	Travis Etienne Jr.	New Orleans Saints	RB	RB33	7.9 	103 	0 	0.0 	0.0 	0.0 	547 	42.1 	2.7 	0.2 	37.4 	2.9 	249 	19.1 	1.7 	0.1 	0.0 	1.5 	0.0 	0.276 	1.000 	0.582 	0 	0.062 	0.000 	102 	32 	(70)	35 	17 	(18)	0.328 				-	-		-	-	Jack Bech	0.032 	WR95		-	-		7.8 	3.1 	7.0 	0.0 	0.0 	0.0 	8.0 	0.0 	9.1 	9.1 	7.7 	7.9 	8.1 	8.3 	8.2 	9.9 	8.6 		RB28	RB43	RB28	-	-	-	RB26	-	RB24	RB23	RB25	RB28	RB26	RB26	RB29	RB20	RB26		RB32	8.5 	0.0 	0.0 	41.9 	0.3 	2.6 	19.8 	0.2 	36 	0.303 	1.000 	0.569 	0 	0.126 	0.000 	100 	0.352 		85 		-	-		-	-	Jack Bech	0.011 	WR99		-	-		RB29	6.0 	0.0 	0.0 	139.7 	0.9 	8.8 	65.9 	0.6 	29 	0.193 	1.000 	0.657 	(0)	0.000 	0.000 	#N/A	0.324 		17.9 		-	-		-	-	Jack Bech	11 	WR62		-	-					New Orleans Saints	Detroit Lions	0 	0.0 	46 	0.0 	7.0 	32 	0.0 	0.0 	0.0 	0.0 	7.8 	RB28		New Orleans Saints	Baltimore Ravens	0 	0.0 	25 	0.0 	2.0 	6 	0.0 	0.0 	0.0 	0.0 	3.1 	RB43		New Orleans Saints	Las Vegas Raiders	0 	0.0 	57 	0.0 	2.0 	13 	0.0 	0.0 	0.0 	0.0 	7.0 	RB28		New Orleans Saints	Atlanta Falcons	0 	0.0 	0 	0.0 	0.0 	0 	0.0 	0.0 	0.0 	0.0 	0.0 	-		New Orleans Saints	Minnesota Vikings	0 	0.0 	0 	0.0 	0.0 	0 	0.0 	0.0 	0.0 	0.0 	0.0 	-		New Orleans Saints	New York Giants	0 	0.0 	0 	0.0 	0.0 	0 	0.0 	0.0 	0.0 	0.0 	0.0 	-		New Orleans Saints	Pittsburgh Steelers	0 	0.0 	39 	0.2 	2.7 	20 	0.1 	0.0 	0.1 	0.0 	8.0 	RB26		New Orleans Saints	BYE	0 	0.0 	0 	0.0 	0.0 	0 	0.0 	0.0 	0.0 	0.0 	0.0 	-		New Orleans Saints	Cleveland Browns	0 	0.0 	46 	0.3 	2.6 	20 	0.2 	0.0 	0.1 	0.0 	9.1 	RB24		New Orleans Saints	Carolina Panthers	0 	0.0 	46 	0.3 	2.6 	20 	0.2 	0.0 	0.1 	0.0 	9.1 	RB23		New Orleans Saints	Chicago Bears	0 	0.0 	37 	0.2 	2.7 	20 	0.2 	0.0 	0.1 	0.0 	7.7 	RB25		New Orleans Saints	Cincinnati Bengals	0 	0.0 	38 	0.2 	2.7 	20 	0.2 	0.0 	0.1 	0.0 	7.9 	RB28		New Orleans Saints	Green Bay Packers	0 	0.0 	40 	0.2 	2.6 	20 	0.2 	0.0 	0.1 	0.0 	8.1 	RB26		New Orleans Saints	Carolina Panthers	0 	0.0 	42 	0.3 	2.6 	19 	0.2 	0.0 	0.1 	0.0 	8.3 	RB26		New Orleans Saints	Tampa Bay Buccaneers	0 	0.0 	40 	0.3 	2.6 	20 	0.2 	0.0 	0.1 	0.0 	8.2 	RB29		New Orleans Saints	Arizona Cardinals	0 	0.0 	50 	0.4 	2.7 	20 	0.2 	0.0 	0.1 	0.0 	9.9 	RB20		New Orleans Saints	Atlanta Falcons	0 	0.0 	43 	0.3 	2.6 	20 	0.2 	0.0 	0.1 	0.0 	8.6 	RB26		Actual	Actual	Actual	Forecast	Forecast	Forecast	Forecast	Forecast	Forecast	Forecast	Forecast	Forecast	Forecast	Forecast	Forecast	Forecast	Forecast		Healthy	Healthy	Healthy	Injured	Injured	Injured	Limited / Handicapped	Healthy	Healthy	Healthy	Healthy	Healthy	Healthy	Healthy	Healthy	Healthy	Healthy		Week 4 2026	9/29/2026	8:41:33 PM	20		8%	10%	47%	46%	0%	0%		0.0 
	KC Concepcion	Cleveland Browns	WR	WR53	5.3 	85 	0 	0.0 	0.0 	0.0 	9 	0.6 	0.0 	0.0 	73.4 	4.6 	663 	41.4 	3.3 	0.2 	0.0 	1.1 	0.0 	0.228 	1.000 	0.470 	(0)	0.000 	0.000 	135 	133 	(2)	53 	49 	(4)	0.246 				-	-		-	-	Demarcus Robinson	0.051 	WR91		-	-		3.8 	2.2 	0.9 	5.8 	5.9 	6.2 	5.9 	5.8 	6.1 	5.8 	0.0 	6.0 	6.3 	6.1 	5.9 	6.0 	6.2 		WR52	WR66	WR80	WR49	WR48	WR42	WR45	WR46	WR46	WR45	-	WR49	WR43	WR46	WR50	WR52	WR49		WR50	6.0 	0.0 	0.0 	0.0 	0.0 	4.7 	44.8 	0.3 	50 	0.279 	1.000 	0.500 	0 	0.036 	0.000 	129 	0.281 		78 		-	-		-	-	Demarcus Robinson	0.006 	WR100		-	-		WR96	2.3 	0.0 	0.0 	0.0 	0.0 	20.5 	194.3 	1.1 	96 	0.074 	1.000 	0.040 	(1)	0.000 	0.000 	#N/A	0.029 		6.9 		-	-		-	-	Demarcus Robinson	14 	WR50		-	-					Cleveland Browns	Jacksonville Jaguars	0 	0.0 	15 	0.0 	4.0 	43 	0.0 	0.0 	1.0 	0.0 	3.8 	WR52		Cleveland Browns	Tampa Bay Buccaneers	0 	0.0 	(6)	0.0 	6.0 	28 	0.0 	0.0 	0.0 	0.0 	2.2 	WR66		Cleveland Browns	Carolina Panthers	0 	0.0 	0 	0.0 	2.0 	9 	0.0 	0.0 	0.0 	0.0 	0.9 	WR80		Cleveland Browns	Pittsburgh Steelers	0 	0.0 	0 	0.0 	4.6 	44 	0.2 	0.0 	0.0 	0.0 	5.8 	WR49		Cleveland Browns	New York Jets	0 	0.0 	0 	0.0 	4.6 	44 	0.2 	0.0 	0.0 	0.0 	5.9 	WR48		Cleveland Browns	Baltimore Ravens	0 	0.0 	0 	0.0 	4.9 	46 	0.3 	0.0 	0.0 	0.0 	6.2 	WR42		Cleveland Browns	Tennessee Titans	0 	0.0 	0 	0.0 	4.7 	44 	0.3 	0.0 	0.0 	0.0 	5.9 	WR45		Cleveland Browns	Pittsburgh Steelers	0 	0.0 	0 	0.0 	4.7 	44 	0.2 	0.0 	0.0 	0.0 	5.8 	WR46		Cleveland Browns	New Orleans Saints	0 	0.0 	0 	0.0 	4.8 	45 	0.3 	0.0 	0.0 	0.0 	6.1 	WR46		Cleveland Browns	Houston Texans	0 	0.0 	0 	0.0 	4.6 	44 	0.2 	0.0 	0.0 	0.0 	5.8 	WR45		Cleveland Browns	BYE	0 	0.0 	0 	0.0 	0.0 	0 	0.0 	0.0 	0.0 	0.0 	0.0 	-		Cleveland Browns	Las Vegas Raiders	0 	0.0 	0 	0.0 	4.7 	45 	0.3 	0.0 	0.0 	0.0 	6.0 	WR49		Cleveland Browns	Cincinnati Bengals	0 	0.0 	0 	0.0 	4.9 	47 	0.3 	0.0 	0.0 	0.0 	6.3 	WR43		Cleveland Browns	Atlanta Falcons	0 	0.0 	0 	0.0 	4.7 	45 	0.3 	0.0 	0.0 	0.0 	6.1 	WR46		Cleveland Browns	New York Giants	0 	0.0 	0 	0.0 	4.7 	45 	0.2 	0.0 	0.0 	0.0 	5.9 	WR50		Cleveland Browns	Baltimore Ravens	0 	0.0 	0 	0.0 	4.8 	45 	0.2 	0.0 	0.0 	0.0 	6.0 	WR52		Cleveland Browns	Indianapolis Colts	0 	0.0 	0 	0.0 	4.8 	46 	0.3 	0.0 	0.0 	0.0 	6.2 	WR49		Actual	Actual	Actual	Forecast	Forecast	Forecast	Forecast	Forecast	Forecast	Forecast	Forecast	Forecast	Forecast	Forecast	Forecast	Forecast	Forecast		Healthy	Healthy	Healthy	Healthy	Healthy	Healthy	Healthy	Healthy	Healthy	Healthy	Healthy	Healthy	Healthy	Healthy	Healthy	Healthy	Healthy		Week 4 2026	9/29/2026	8:41:33 PM	20		20%	19%	0%	0%	0%	0%		0.2 
	Rachaad White	Washington Commanders	RB	RB34	6.8 	109 	0 	0.0 	0.0 	0.0 	488 	30.5 	3.5 	0.2 	49.5 	3.1 	274 	17.1 	2.3 	0.1 	0.0 	0.9 	0.0 	0.292 	1.000 	0.619 	(0)	0.000 	0.000 	104 	120 	16 	32 	44 	12 	0.323 				-	-		-	-	Cyrus Allen	0.004 	WR103		-	-		2.7 	8.3 	10.1 	7.0 	8.3 	7.3 	0.0 	6.4 	6.1 	6.4 	6.9 	7.2 	6.7 	6.2 	6.9 	6.3 	6.3 		RB51	RB20	RB17	RB32	RB28	RB29	-	RB33	RB37	RB31	RB26	RB36	RB34	RB36	RB34	RB38	RB38		RB36	6.8 	0.0 	0.0 	29.8 	0.3 	3.1 	17.1 	0.1 	35 	0.314 	1.000 	0.582 	(0)	0.000 	0.000 	116 	0.309 		88 		-	-		-	-	Cyrus Allen	0.005 	WR102		-	-		RB24	7.0 	0.0 	0.0 	129.2 	1.2 	13.5 	74.3 	0.4 	24 	0.227 	1.000 	0.719 	0 	0.027 	0.000 	#N/A	0.368 		21.1 		-	-		-	-	Cyrus Allen	0 	WR101		-	-					Washington Commanders	Philadelphia Eagles	0 	0.0 	22 	0.0 	2.0 	5 	0.0 	0.0 	0.0 	0.0 	2.7 	RB51		Washington Commanders	Dallas Cowboys	0 	0.0 	43 	0.0 	6.0 	40 	0.0 	0.0 	0.0 	0.0 	8.3 	RB20		Washington Commanders	Seattle Seahawks	0 	0.0 	35 	0.0 	1.0 	6 	1.0 	0.0 	0.0 	0.0 	10.1 	RB17		Washington Commanders	Indianapolis Colts	0 	0.0 	34 	0.3 	3.0 	16 	0.1 	0.0 	0.1 	0.0 	7.0 	RB32		Washington Commanders	New York Giants	0 	0.0 	41 	0.3 	3.2 	17 	0.1 	0.0 	0.1 	0.0 	8.3 	RB28		Washington Commanders	San Francisco 49ers	0 	0.0 	35 	0.3 	3.2 	18 	0.1 	0.0 	0.1 	0.0 	7.3 	RB29		Washington Commanders	BYE	0 	0.0 	0 	0.0 	0.0 	0 	0.0 	0.0 	0.0 	0.0 	0.0 	-		Washington Commanders	Philadelphia Eagles	0 	0.0 	27 	0.2 	3.1 	17 	0.1 	0.0 	0.1 	0.0 	6.4 	RB33		Washington Commanders	Los Angeles Rams	0 	0.0 	25 	0.2 	3.2 	18 	0.1 	0.0 	0.1 	0.0 	6.1 	RB37		Washington Commanders	New York Giants	0 	0.0 	27 	0.3 	3.1 	17 	0.1 	0.0 	0.1 	0.0 	6.4 	RB31		Washington Commanders	Cincinnati Bengals	0 	0.0 	29 	0.3 	3.2 	18 	0.1 	0.0 	0.1 	0.0 	6.9 	RB26		Washington Commanders	Arizona Cardinals	0 	0.0 	31 	0.3 	3.1 	17 	0.1 	0.0 	0.1 	0.0 	7.2 	RB36		Washington Commanders	Tennessee Titans	0 	0.0 	29 	0.3 	3.1 	17 	0.1 	0.0 	0.1 	0.0 	6.7 	RB34		Washington Commanders	Houston Texans	0 	0.0 	27 	0.2 	3.0 	17 	0.1 	0.0 	0.1 	0.0 	6.2 	RB36		Washington Commanders	Atlanta Falcons	0 	0.0 	29 	0.3 	3.1 	17 	0.1 	0.0 	0.1 	0.0 	6.9 	RB34		Washington Commanders	Minnesota Vikings	0 	0.0 	27 	0.2 	3.1 	17 	0.1 	0.0 	0.1 	0.0 	6.3 	RB38		Washington Commanders	Jacksonville Jaguars	0 	0.0 	26 	0.2 	3.2 	17 	0.1 	0.0 	0.1 	0.0 	6.3 	RB38		Actual	Actual	Actual	Forecast	Forecast	Forecast	Forecast	Forecast	Forecast	Forecast	Forecast	Forecast	Forecast	Forecast	Forecast	Forecast	Forecast		Healthy	Healthy	Healthy	Limited / Handicapped	Healthy	Healthy	Healthy	Healthy	Healthy	Healthy	Healthy	Healthy	Healthy	Healthy	Healthy	Healthy	Healthy		Week 4 2026	9/29/2026	8:41:33 PM	20		8%	7%	21%	25%	0%	0%		(0.0)
	Matthew Stafford	Los Angeles Rams	QB	QB13	16.1 	258 	3,840 	240.0 	32.0 	2.0 	29 	1.8 	0.1 	0.0 	0.0 	0.0 	0 	0.0 	0.0 	0.0 	12.3 	1.0 	0.0 	0.693 	0.460 	0.340 	1 	0.309 	0.000 	103 	123 	20 	13 	15 	2 	0.325 				-	-		-	-	Jaylin Lane	0.005 	WR102		-	-		4.3 	27.0 	20.9 	14.9 	16.9 	16.6 	15.5 	15.8 	16.4 	16.0 	0.0 	15.7 	15.5 	15.8 	16.5 	14.8 	15.7 		QB32	QB6	QB10	QB20	QB10	QB9	QB18	QB16	QB15	QB13	-	QB20	QB21	QB19	QB12	QB22	QB17		QB17	15.9 	228.3 	2.0 	1.4 	0.0 	0.0 	0.0 	0.0 	16 	0.737 	0.460 	0.304 	1 	0.408 	0.000 	98 	0.353 		206 		-	-		-	-	Jaylin Lane	0.005 	WR103		-	-		QB13	17.4 	989.3 	8.7 	5.9 	0.0 	0.0 	0.0 	0.0 	13 	0.561 	0.460 	0.340 	1 	0.266 	0.000 	#N/A	0.305 		52.1 		-	-		-	-	Jaylin Lane	3 	WR93		-	-					Los Angeles Rams	San Francisco 49ers	155 	0.0 	(1)	0.0 	0.0 	0 	0.0 	0.9 	0.0 	0.0 	4.3 	QB32		Los Angeles Rams	New York Giants	327 	4.0 	(1)	0.0 	0.0 	0 	0.0 	1.0 	0.0 	0.0 	27.0 	QB6		Los Angeles Rams	Denver Broncos	390 	2.0 	13 	0.0 	0.0 	0 	0.0 	2.0 	0.0 	0.0 	20.9 	QB10		Los Angeles Rams	Philadelphia Eagles	223 	1.8 	1 	0.0 	0.0 	0 	0.0 	0.6 	0.1 	0.0 	14.9 	QB20		Los Angeles Rams	Buffalo Bills	239 	2.1 	1 	0.0 	0.0 	0 	0.0 	0.6 	0.1 	0.0 	16.9 	QB10		Los Angeles Rams	Arizona Cardinals	230 	2.2 	2 	0.0 	0.0 	0 	0.0 	0.6 	0.1 	0.0 	16.6 	QB9		Los Angeles Rams	Las Vegas Raiders	223 	2.0 	1 	0.0 	0.0 	0 	0.0 	0.6 	0.1 	0.0 	15.5 	QB18		Los Angeles Rams	Los Angeles Chargers	231 	2.0 	1 	0.0 	0.0 	0 	0.0 	0.6 	0.1 	0.0 	15.8 	QB16		Los Angeles Rams	Washington Commanders	232 	2.1 	1 	0.0 	0.0 	0 	0.0 	0.6 	0.1 	0.0 	16.4 	QB15		Los Angeles Rams	Arizona Cardinals	225 	2.1 	2 	0.0 	0.0 	0 	0.0 	0.6 	0.1 	0.0 	16.0 	QB13		Los Angeles Rams	BYE	0 	0.0 	0 	0.0 	0.0 	0 	0.0 	0.0 	0.0 	0.0 	0.0 	-		Los Angeles Rams	Green Bay Packers	227 	2.0 	1 	0.0 	0.0 	0 	0.0 	0.6 	0.1 	0.0 	15.7 	QB20		Los Angeles Rams	Kansas City Chiefs	225 	1.9 	1 	0.0 	0.0 	0 	0.0 	0.6 	0.1 	0.0 	15.5 	QB21		Los Angeles Rams	San Francisco 49ers	231 	2.0 	1 	0.0 	0.0 	0 	0.0 	0.6 	0.1 	0.0 	15.8 	QB19		Los Angeles Rams	Dallas Cowboys	231 	2.1 	1 	0.0 	0.0 	0 	0.0 	0.6 	0.1 	0.0 	16.5 	QB12		Los Angeles Rams	Seattle Seahawks	225 	1.8 	1 	0.0 	0.0 	0 	0.0 	0.6 	0.1 	0.0 	14.8 	QB22		Los Angeles Rams	Tampa Bay Buccaneers	227 	2.0 	1 	0.0 	0.0 	0 	0.0 	0.6 	0.1 	0.0 	15.7 	QB17		Actual	Actual	Actual	Forecast	Forecast	Forecast	Forecast	Forecast	Forecast	Forecast	Forecast	Forecast	Forecast	Forecast	Forecast	Forecast	Forecast		Healthy	Healthy	Healthy	Healthy	Healthy	Healthy	Healthy	Healthy	Healthy	Healthy	Healthy	Healthy	Healthy	Healthy	Healthy	Healthy	Healthy		Week 4 2026	9/29/2026	8:41:33 PM	20		0%	0%	1%	1%	99%	99%		0.0 
	Dontayvion Wicks	Philadelphia Eagles	WR	WR36	6.8 	109 	0 	0.0 	0.0 	0.0 	0 	0.0 	0.0 	0.0 	51.6 	3.2 	797 	49.8 	4.9 	0.3 	0.0 	0.2 	0.0 	0.291 	1.000 	0.650 	0 	0.094 	0.000 	83 	217 	134 	35 	71 	36 	0.374 				-	-		-	-	De’Zhaun Stribling	0.003 	WR104		-	-		13.3 	7.4 	3.2 	6.4 	6.5 	6.4 	6.9 	6.6 	6.6 	0.0 	6.5 	6.8 	6.4 	6.8 	6.4 	6.0 	6.5 		WR12	WR21	WR55	WR41	WR42	WR37	WR32	WR35	WR41	-	WR34	WR37	WR39	WR35	WR44	WR51	WR42		WR43	6.5 	0.0 	0.0 	0.0 	0.0 	3.3 	47.5 	0.3 	43 	0.303 	1.000 	0.570 	0 	0.088 	0.000 	108 	0.337 		85 		-	-		-	-	De’Zhaun Stribling	0.004 	WR104		-	-		WR26	8.0 	0.0 	0.0 	0.0 	0.0 	14.2 	206.0 	1.3 	26 	0.257 	1.000 	0.740 	1 	0.133 	0.000 	#N/A	0.425 		23.9 		-	-		-	-	De’Zhaun Stribling	0 	WR101		-	-					Philadelphia Eagles	Washington Commanders	0 	0.0 	0 	0.0 	2.0 	73 	1.0 	0.0 	0.0 	0.0 	13.3 	WR12		Philadelphia Eagles	Tennessee Titans	0 	0.0 	0 	0.0 	5.0 	74 	0.0 	0.0 	0.0 	0.0 	7.4 	WR21		Philadelphia Eagles	Chicago Bears	0 	0.0 	0 	0.0 	2.0 	32 	0.0 	0.0 	0.0 	0.0 	3.2 	WR55		Philadelphia Eagles	Los Angeles Rams	0 	0.0 	0 	0.0 	3.2 	46 	0.3 	0.0 	0.0 	0.0 	6.4 	WR41		Philadelphia Eagles	Jacksonville Jaguars	0 	0.0 	0 	0.0 	3.2 	46 	0.3 	0.0 	0.0 	0.0 	6.5 	WR42		Philadelphia Eagles	Carolina Panthers	0 	0.0 	0 	0.0 	3.1 	45 	0.3 	0.0 	0.0 	0.0 	6.4 	WR37		Philadelphia Eagles	Dallas Cowboys	0 	0.0 	0 	0.0 	3.5 	50 	0.3 	0.0 	0.0 	0.0 	6.9 	WR32		Philadelphia Eagles	Washington Commanders	0 	0.0 	0 	0.0 	3.4 	49 	0.3 	0.0 	0.0 	0.0 	6.6 	WR35		Philadelphia Eagles	New York Giants	0 	0.0 	0 	0.0 	3.3 	48 	0.3 	0.0 	0.0 	0.0 	6.6 	WR41		Philadelphia Eagles	BYE	0 	0.0 	0 	0.0 	0.0 	0 	0.0 	0.0 	0.0 	0.0 	0.0 	-		Philadelphia Eagles	Pittsburgh Steelers	0 	0.0 	0 	0.0 	3.3 	47 	0.3 	0.0 	0.0 	0.0 	6.5 	WR34		Philadelphia Eagles	Dallas Cowboys	0 	0.0 	0 	0.0 	3.4 	50 	0.3 	0.0 	0.0 	0.0 	6.8 	WR37		Philadelphia Eagles	Arizona Cardinals	0 	0.0 	0 	0.0 	3.2 	47 	0.3 	0.0 	0.0 	0.0 	6.4 	WR39		Philadelphia Eagles	Indianapolis Colts	0 	0.0 	0 	0.0 	3.4 	49 	0.3 	0.0 	0.0 	0.0 	6.8 	WR35		Philadelphia Eagles	Seattle Seahawks	0 	0.0 	0 	0.0 	3.3 	47 	0.3 	0.0 	0.0 	0.0 	6.4 	WR44		Philadelphia Eagles	Houston Texans	0 	0.0 	0 	0.0 	3.1 	45 	0.2 	0.0 	0.0 	0.0 	6.0 	WR51		Philadelphia Eagles	San Francisco 49ers	0 	0.0 	0 	0.0 	3.3 	48 	0.3 	0.0 	0.0 	0.0 	6.5 	WR42		Actual	Actual	Actual	Forecast	Forecast	Forecast	Forecast	Forecast	Forecast	Forecast	Forecast	Forecast	Forecast	Forecast	Forecast	Forecast	Forecast		Healthy	Healthy	Healthy	Healthy	Healthy	Healthy	Healthy	Healthy	Healthy	Healthy	Healthy	Healthy	Healthy	Healthy	Healthy	Healthy	Healthy		Week 4 2026	9/29/2026	8:41:33 PM	20		23%	20%	0%	0%	0%	0%		(0.1)
	Sam Darnold	Seattle Seahawks	QB	QB20	15.6 	234 	3,512 	234.1 	26.8 	1.8 	62 	4.1 	0.4 	0.0 	0.0 	0.0 	0 	0.0 	0.0 	0.0 	10.3 	1.0 	0.0 	0.627 	0.460 	0.240 	0 	0.254 	0.000 	133 	169 	36 	21 	22 	1 	0.247 									Tank Dell							0.5 	0.0 	27.8 	15.3 	16.5 	15.3 	15.7 	16.2 	17.0 	15.5 	0.0 	15.6 	16.4 	16.1 	14.6 	15.9 	15.3 		QB34	-	QB2	QB16	QB13	QB15	QB17	QB12	QB10	QB17	-	QB22	QB11	QB16	QB27	QB18	QB21		QB18	15.8 	240.0 	1.8 	4.3 	0.0 	0.0 	0.0 	0.0 	17 	0.734 	0.460 	0.292 	1 	0.402 	0.000 	105 	0.344 		205 		-	-		-	-	Tank Dell	0.004 	WR105		-	-		QB30	14.2 	1,559.9 	11.4 	28.3 	0.2 	0.0 	0.0 	0.0 	30 	0.305 	0.460 	0.114 	(0)	0.000 	0.000 	#N/A	0.061 		28.3 		-	-		-	-	Tank Dell	0 	WR101		-	-					Seattle Seahawks	New England Patriots	13 	0.0 	0 	0.0 	0.0 	0 	0.0 	0.0 	0.0 	0.0 	0.5 	QB34		Seattle Seahawks	Arizona Cardinals	0 	0.0 	0 	0.0 	0.0 	0 	0.0 	0.0 	0.0 	0.0 	0.0 	-		Seattle Seahawks	Washington Commanders	379 	4.0 	5 	0.0 	0.0 	0 	0.0 	1.9 	0.0 	0.0 	27.8 	QB2		Seattle Seahawks	Los Angeles Chargers	233 	1.7 	4 	0.0 	0.0 	0 	0.0 	0.6 	0.1 	0.0 	15.3 	QB16		Seattle Seahawks	San Francisco 49ers	248 	1.9 	3 	0.0 	0.0 	0 	0.0 	0.6 	0.1 	0.0 	16.5 	QB13		Seattle Seahawks	Denver Broncos	237 	1.6 	4 	0.0 	0.0 	0 	0.0 	0.6 	0.1 	0.0 	15.3 	QB15		Seattle Seahawks	Kansas City Chiefs	242 	1.7 	4 	0.0 	0.0 	0 	0.0 	0.6 	0.1 	0.0 	15.7 	QB17		Seattle Seahawks	Chicago Bears	243 	1.8 	5 	0.0 	0.0 	0 	0.0 	0.6 	0.1 	0.0 	16.2 	QB12		Seattle Seahawks	Arizona Cardinals	245 	2.0 	5 	0.0 	0.0 	0 	0.0 	0.6 	0.1 	0.0 	17.0 	QB10		Seattle Seahawks	Las Vegas Raiders	235 	1.7 	5 	0.0 	0.0 	0 	0.0 	0.6 	0.1 	0.0 	15.5 	QB17		Seattle Seahawks	BYE	0 	0.0 	0 	0.0 	0.0 	0 	0.0 	0.0 	0.0 	0.0 	0.0 	-		Seattle Seahawks	San Francisco 49ers	241 	1.7 	4 	0.0 	0.0 	0 	0.0 	0.6 	0.1 	0.0 	15.6 	QB22		Seattle Seahawks	Dallas Cowboys	245 	1.9 	5 	0.0 	0.0 	0 	0.0 	0.6 	0.1 	0.0 	16.4 	QB11		Seattle Seahawks	New York Giants	240 	1.8 	5 	0.0 	0.0 	0 	0.0 	0.6 	0.1 	0.0 	16.1 	QB16		Seattle Seahawks	Philadelphia Eagles	234 	1.5 	4 	0.0 	0.0 	0 	0.0 	0.6 	0.1 	0.0 	14.6 	QB27		Seattle Seahawks	Los Angeles Rams	243 	1.8 	4 	0.0 	0.0 	0 	0.0 	0.6 	0.1 	0.0 	15.9 	QB18		Seattle Seahawks	Carolina Panthers	235 	1.7 	4 	0.0 	0.0 	0 	0.0 	0.6 	0.1 	0.0 	15.3 	QB21		Actual	Actual	Actual	Forecast	Forecast	Forecast	Forecast	Forecast	Forecast	Forecast	Forecast	Forecast	Forecast	Forecast	Forecast	Forecast	Forecast		Healthy	Injured	Healthy	Healthy	Healthy	Healthy	Healthy	Healthy	Healthy	Healthy	Healthy	Healthy	Healthy	Healthy	Healthy	Healthy	Healthy		Week 4 2026	9/29/2026	8:41:33 PM	20		0%	0%	4%	3%	99%	99%		0.2 
	Jadarian Price	Seattle Seahawks	RB	RB36	6.7 	107 	0 	0.0 	0.0 	0.0 	665 	41.6 	3.8 	0.2 	21.5 	1.3 	179 	11.2 	1.2 	0.1 	0.0 	3.6 	0.0 	0.286 	1.000 	0.594 	(0)	0.000 	0.000 	108 	65 	(43)	34 	29 	(5)	0.310 				-	-		-	-	Travis Hunter	0.000 	WR105		-	-		5.8 	4.0 	0.2 	8.0 	7.7 	7.0 	7.0 	7.6 	8.7 	7.7 	0.0 	7.0 	7.6 	7.9 	6.3 	7.1 	7.2 		RB35	RB38	RB59	RB27	RB29	RB31	RB31	RB28	RB25	RB28	-	RB38	RB27	RB28	RB38	RB34	RB34		RB34	7.4 	0.0 	0.0 	42.0 	0.3 	1.3 	12.1 	0.1 	32 	0.346 	1.000 	0.619 	0 	0.037 	0.000 	104 	0.346 		97 		-	-		-	-	Travis Hunter	0.000 	WR106		-	-		RB51	3.3 	0.0 	0.0 	182.1 	1.3 	5.8 	52.5 	0.4 	51 	0.108 	1.000 	0.379 	(1)	0.000 	0.000 	#N/A	0.187 		10.0 		-	-		-	-	Travis Hunter	0 	WR101		-	-					Seattle Seahawks	New England Patriots	0 	0.0 	52 	0.0 	2.0 	6 	0.0 	0.0 	0.0 	0.0 	5.8 	RB35		Seattle Seahawks	Arizona Cardinals	0 	0.0 	52 	0.0 	1.0 	8 	0.0 	0.0 	1.0 	0.0 	4.0 	RB38		Seattle Seahawks	Washington Commanders	0 	0.0 	15 	0.0 	1.0 	7 	0.0 	0.0 	1.0 	0.0 	0.2 	RB59		Seattle Seahawks	Los Angeles Chargers	0 	0.0 	45 	0.3 	1.3 	12 	0.1 	0.0 	0.1 	0.0 	8.0 	RB27		Seattle Seahawks	San Francisco 49ers	0 	0.0 	42 	0.3 	1.4 	13 	0.1 	0.0 	0.1 	0.0 	7.7 	RB29		Seattle Seahawks	Denver Broncos	0 	0.0 	39 	0.3 	1.3 	12 	0.1 	0.0 	0.2 	0.0 	7.0 	RB31		Seattle Seahawks	Kansas City Chiefs	0 	0.0 	40 	0.3 	1.4 	12 	0.1 	0.0 	0.1 	0.0 	7.0 	RB31		Seattle Seahawks	Chicago Bears	0 	0.0 	43 	0.3 	1.4 	12 	0.1 	0.0 	0.1 	0.0 	7.6 	RB28		Seattle Seahawks	Arizona Cardinals	0 	0.0 	49 	0.4 	1.4 	12 	0.1 	0.0 	0.1 	0.0 	8.7 	RB25		Seattle Seahawks	Las Vegas Raiders	0 	0.0 	44 	0.3 	1.3 	12 	0.1 	0.0 	0.1 	0.0 	7.7 	RB28		Seattle Seahawks	BYE	0 	0.0 	0 	0.0 	0.0 	0 	0.0 	0.0 	0.0 	0.0 	0.0 	-		Seattle Seahawks	San Francisco 49ers	0 	0.0 	39 	0.3 	1.4 	12 	0.1 	0.0 	0.1 	0.0 	7.0 	RB38		Seattle Seahawks	Dallas Cowboys	0 	0.0 	43 	0.3 	1.4 	12 	0.1 	0.0 	0.1 	0.0 	7.6 	RB27		Seattle Seahawks	New York Giants	0 	0.0 	45 	0.3 	1.3 	12 	0.1 	0.0 	0.1 	0.0 	7.9 	RB28		Seattle Seahawks	Philadelphia Eagles	0 	0.0 	36 	0.2 	1.3 	12 	0.1 	0.0 	0.1 	0.0 	6.3 	RB38		Seattle Seahawks	Los Angeles Rams	0 	0.0 	40 	0.3 	1.4 	12 	0.1 	0.0 	0.1 	0.0 	7.1 	RB34		Seattle Seahawks	Carolina Panthers	0 	0.0 	41 	0.3 	1.3 	12 	0.1 	0.0 	0.1 	0.0 	7.2 	RB34		Actual	Actual	Actual	Forecast	Forecast	Forecast	Forecast	Forecast	Forecast	Forecast	Forecast	Forecast	Forecast	Forecast	Forecast	Forecast	Forecast		Healthy	Healthy	Healthy	Healthy	Healthy	Healthy	Healthy	Healthy	Healthy	Healthy	Healthy	Healthy	Healthy	Healthy	Healthy	Healthy	Healthy		Week 4 2026	9/29/2026	8:41:33 PM	20		5%	5%	37%	32%	0%	0%		0.1 
	Isaiah Likely	New York Giants	TE	TE12	6.3 	100 	0 	0.0 	0.0 	0.0 	0 	0.0 	0.0 	0.0 	63.3 	4.0 	656 	41.0 	5.9 	0.4 	0.0 	0.1 	0.0 	0.270 	0.560 	0.484 	1 	0.265 	0.000 	91 	103 	12 	10 	11 	1 	0.353 				-	-		-	-	Ricky Pearsall	0.000 	WR105		-	-		19.8 	3.3 	1.3 	5.7 	6.0 	5.9 	5.6 	0.0 	5.7 	6.0 	5.9 	5.9 	5.9 	5.8 	5.6 	6.0 	6.0 		TE1	TE20	TE26	TE14	TE12	TE12	TE15	-	TE15	TE11	TE12	TE14	TE12	TE13	TE16	TE12	TE12		TE13	5.9 	0.0 	0.0 	0.0 	0.0 	3.7 	40.9 	0.3 	13 	0.272 	0.560 	0.458 	1 	0.235 	0.000 	109 	0.330 		76 		-	-		-	-	Ricky Pearsall	0.000 	WR106		-	-		TE9	8.1 	0.0 	0.0 	0.0 	0.0 	16.1 	177.2 	1.3 	9 	0.263 	0.560 	0.493 	1 	0.484 	0.000 	#N/A	0.454 		24.4 		-	-		-	-	Ricky Pearsall	0 	WR101		-	-					New York Giants	Dallas Cowboys	0 	0.0 	0 	0.0 	8.0 	78 	2.0 	0.0 	0.0 	0.0 	19.8 	TE1		New York Giants	Los Angeles Rams	0 	0.0 	0 	0.0 	5.0 	33 	0.0 	0.0 	0.0 	0.0 	3.3 	TE20		New York Giants	Tennessee Titans	0 	0.0 	0 	0.0 	2.0 	13 	0.0 	0.0 	0.0 	0.0 	1.3 	TE26		New York Giants	Arizona Cardinals	0 	0.0 	0 	0.0 	3.7 	40 	0.3 	0.0 	0.0 	0.0 	5.7 	TE14		New York Giants	Washington Commanders	0 	0.0 	0 	0.0 	3.8 	41 	0.3 	0.0 	0.0 	0.0 	6.0 	TE12		New York Giants	New Orleans Saints	0 	0.0 	0 	0.0 	3.7 	41 	0.3 	0.0 	0.0 	0.0 	5.9 	TE12		New York Giants	Houston Texans	0 	0.0 	0 	0.0 	3.7 	40 	0.3 	0.0 	0.0 	0.0 	5.6 	TE15		New York Giants	BYE	0 	0.0 	0 	0.0 	0.0 	0 	0.0 	0.0 	0.0 	0.0 	0.0 	-		New York Giants	Philadelphia Eagles	0 	0.0 	0 	0.0 	3.7 	41 	0.3 	0.0 	0.0 	0.0 	5.7 	TE15		New York Giants	Washington Commanders	0 	0.0 	0 	0.0 	3.7 	41 	0.3 	0.0 	0.0 	0.0 	6.0 	TE11		New York Giants	Jacksonville Jaguars	0 	0.0 	0 	0.0 	3.7 	41 	0.3 	0.0 	0.0 	0.0 	5.9 	TE12		New York Giants	Indianapolis Colts	0 	0.0 	0 	0.0 	3.7 	41 	0.3 	0.0 	0.0 	0.0 	5.9 	TE14		New York Giants	San Francisco 49ers	0 	0.0 	0 	0.0 	3.7 	41 	0.3 	0.0 	0.0 	0.0 	5.9 	TE12		New York Giants	Seattle Seahawks	0 	0.0 	0 	0.0 	3.8 	41 	0.3 	0.0 	0.0 	0.0 	5.8 	TE13		New York Giants	Cleveland Browns	0 	0.0 	0 	0.0 	3.5 	39 	0.3 	0.0 	0.0 	0.0 	5.6 	TE16		New York Giants	Detroit Lions	0 	0.0 	0 	0.0 	3.8 	42 	0.3 	0.0 	0.0 	0.0 	6.0 	TE12		New York Giants	Dallas Cowboys	0 	0.0 	0 	0.0 	3.8 	42 	0.3 	0.0 	0.0 	0.0 	6.0 	TE12		Actual	Actual	Actual	Forecast	Forecast	Forecast	Forecast	Forecast	Forecast	Forecast	Forecast	Forecast	Forecast	Forecast	Forecast	Forecast	Forecast		Healthy	Healthy	Healthy	Healthy	Healthy	Healthy	Healthy	Healthy	Healthy	Healthy	Healthy	Healthy	Healthy	Healthy	Healthy	Healthy	Healthy		Week 4 2026	9/29/2026	8:41:33 PM	20		20%	22%	0%	0%	0%	0%		(0.1)
	Chris Godwin Jr.	Tampa Bay Buccaneers	WR	WR49	5.8 	93 	0 	0.0 	0.0 	0.0 	15 	0.9 	0.0 	0.0 	61.3 	3.8 	670 	41.9 	4.1 	0.3 	0.0 	0.1 	0.0 	0.250 	1.000 	0.520 	0 	0.011 	0.000 	121 	84 	(37)	48 	36 	(12)	0.276 				-	-		-	-	Jayden Higgins	0.000 	WR105		-	-		4.3 	5.8 	2.5 	5.6 	6.6 	6.2 	6.2 	6.3 	6.3 	0.0 	6.3 	6.2 	6.1 	6.2 	6.3 	6.2 	6.2 		WR46	WR29	WR60	WR51	WR39	WR43	WR43	WR41	WR44	-	WR38	WR48	WR46	WR44	WR47	WR47	WR48		WR46	6.2 	0.0 	0.0 	0.0 	0.0 	3.9 	43.0 	0.3 	46 	0.288 	1.000 	0.540 	0 	0.056 	0.000 	117 	0.308 		81 		-	-		-	-	Jayden Higgins	0.000 	WR106		-	-		WR61	4.2 	0.0 	0.0 	0.0 	0.0 	17.1 	186.4 	1.4 	61 	0.136 	1.000 	0.390 	(0)	0.000 	0.000 	#N/A	0.196 		12.6 		-	-		-	-	Jayden Higgins	0 	WR101		-	-					Tampa Bay Buccaneers	Cincinnati Bengals	0 	0.0 	3 	0.0 	4.0 	40 	0.0 	0.0 	0.0 	0.0 	4.3 	WR46		Tampa Bay Buccaneers	Cleveland Browns	0 	0.0 	12 	0.0 	3.0 	46 	0.0 	0.0 	0.0 	0.0 	5.8 	WR29		Tampa Bay Buccaneers	Minnesota Vikings	0 	0.0 	0 	0.0 	3.0 	25 	0.0 	0.0 	0.0 	0.0 	2.5 	WR60		Tampa Bay Buccaneers	Green Bay Packers	0 	0.0 	0 	0.0 	3.7 	40 	0.3 	0.0 	0.0 	0.0 	5.6 	WR51		Tampa Bay Buccaneers	Dallas Cowboys	0 	0.0 	0 	0.0 	4.1 	45 	0.3 	0.0 	0.0 	0.0 	6.6 	WR39		Tampa Bay Buccaneers	Pittsburgh Steelers	0 	0.0 	0 	0.0 	3.9 	43 	0.3 	0.0 	0.0 	0.0 	6.2 	WR43		Tampa Bay Buccaneers	Carolina Panthers	0 	0.0 	0 	0.0 	3.9 	43 	0.3 	0.0 	0.0 	0.0 	6.2 	WR43		Tampa Bay Buccaneers	Atlanta Falcons	0 	0.0 	0 	0.0 	3.9 	43 	0.3 	0.0 	0.0 	0.0 	6.3 	WR41		Tampa Bay Buccaneers	Chicago Bears	0 	0.0 	0 	0.0 	4.0 	44 	0.3 	0.0 	0.0 	0.0 	6.3 	WR44		Tampa Bay Buccaneers	BYE	0 	0.0 	0 	0.0 	0.0 	0 	0.0 	0.0 	0.0 	0.0 	0.0 	-		Tampa Bay Buccaneers	Detroit Lions	0 	0.0 	0 	0.0 	4.0 	44 	0.3 	0.0 	0.0 	0.0 	6.3 	WR38		Tampa Bay Buccaneers	Carolina Panthers	0 	0.0 	0 	0.0 	3.9 	43 	0.3 	0.0 	0.0 	0.0 	6.2 	WR48		Tampa Bay Buccaneers	Los Angeles Chargers	0 	0.0 	0 	0.0 	3.9 	42 	0.3 	0.0 	0.0 	0.0 	6.1 	WR46		Tampa Bay Buccaneers	Baltimore Ravens	0 	0.0 	0 	0.0 	4.0 	44 	0.3 	0.0 	0.0 	0.0 	6.2 	WR44		Tampa Bay Buccaneers	New Orleans Saints	0 	0.0 	0 	0.0 	4.0 	43 	0.3 	0.0 	0.0 	0.0 	6.3 	WR47		Tampa Bay Buccaneers	Atlanta Falcons	0 	0.0 	0 	0.0 	3.9 	43 	0.3 	0.0 	0.0 	0.0 	6.2 	WR47		Tampa Bay Buccaneers	Los Angeles Rams	0 	0.0 	0 	0.0 	4.0 	43 	0.3 	0.0 	0.0 	0.0 	6.2 	WR48		Actual	Actual	Actual	Forecast	Forecast	Forecast	Forecast	Forecast	Forecast	Forecast	Forecast	Forecast	Forecast	Forecast	Forecast	Forecast	Forecast		Healthy	Healthy	Healthy	Healthy	Healthy	Healthy	Healthy	Healthy	Healthy	Healthy	Healthy	Healthy	Healthy	Healthy	Healthy	Healthy	Healthy		Week 4 2026	9/29/2026	8:41:33 PM	20		19%	20%	0%	0%	0%	0%		0.1 
	Tucker Kraft	Green Bay Packers	TE	TE17	5.6 	90 	0 	0.0 	0.0 	0.0 	0 	0.0 	0.0 	0.0 	49.8 	3.1 	685 	42.8 	3.7 	0.2 	0.0 	0.1 	0.0 	0.242 	0.560 	0.432 	0 	0.161 	0.000 	120 	74 	(46)	16 	6 	(10)	0.282 				-	-		-	-		-	-		-	-		6.5 	1.5 	2.6 	5.7 	6.4 	6.5 	6.2 	6.1 	6.0 	6.1 	0.0 	6.1 	6.1 	6.3 	6.2 	6.1 	5.9 		TE15	TE28	TE22	TE15	TE9	TE9	TE10	TE9	TE12	TE10	-	TE13	TE10	TE9	TE11	TE11	TE14		TE11	6.1 	0.0 	0.0 	0.0 	0.0 	3.1 	44.6 	0.3 	11 	0.285 	0.560 	0.476 	1 	0.283 	0.000 	96 	0.360 		80 		-	-		-	-		-	-		-	-		TE32	3.5 	0.0 	0.0 	0.0 	0.0 	13.6 	193.2 	1.2 	32 	0.114 	0.560 	0.279 	(0)	0.000 	0.000 	#N/A	0.129 		10.6 		-	-		-	-		-	-		-	-					Green Bay Packers	Minnesota Vikings	0 	0.0 	0 	0.0 	3.0 	65 	0.0 	0.0 	0.0 	0.0 	6.5 	TE15		Green Bay Packers	New York Jets	0 	0.0 	0 	0.0 	2.0 	15 	0.0 	0.0 	0.0 	0.0 	1.5 	TE28		Green Bay Packers	Atlanta Falcons	0 	0.0 	0 	0.0 	4.0 	26 	0.0 	0.0 	0.0 	0.0 	2.6 	TE22		Green Bay Packers	Tampa Bay Buccaneers	0 	0.0 	0 	0.0 	3.0 	43 	0.2 	0.0 	0.0 	0.0 	5.7 	TE15		Green Bay Packers	Chicago Bears	0 	0.0 	0 	0.0 	3.2 	46 	0.3 	0.0 	0.0 	0.0 	6.4 	TE9		Green Bay Packers	Dallas Cowboys	0 	0.0 	0 	0.0 	3.3 	47 	0.3 	0.0 	0.0 	0.0 	6.5 	TE9		Green Bay Packers	Detroit Lions	0 	0.0 	0 	0.0 	3.2 	45 	0.3 	0.0 	0.0 	0.0 	6.2 	TE10		Green Bay Packers	Carolina Panthers	0 	0.0 	0 	0.0 	3.1 	44 	0.3 	0.0 	0.0 	0.0 	6.1 	TE9		Green Bay Packers	New England Patriots	0 	0.0 	0 	0.0 	3.1 	44 	0.3 	0.0 	0.0 	0.0 	6.0 	TE12		Green Bay Packers	Minnesota Vikings	0 	0.0 	0 	0.0 	3.1 	44 	0.3 	0.0 	0.0 	0.0 	6.1 	TE10		Green Bay Packers	BYE	0 	0.0 	0 	0.0 	0.0 	0 	0.0 	0.0 	0.0 	0.0 	0.0 	-		Green Bay Packers	Los Angeles Rams	0 	0.0 	0 	0.0 	3.2 	45 	0.3 	0.0 	0.0 	0.0 	6.1 	TE13		Green Bay Packers	New Orleans Saints	0 	0.0 	0 	0.0 	3.1 	44 	0.3 	0.0 	0.0 	0.0 	6.1 	TE10		Green Bay Packers	Buffalo Bills	0 	0.0 	0 	0.0 	3.2 	45 	0.3 	0.0 	0.0 	0.0 	6.3 	TE9		Green Bay Packers	Miami Dolphins	0 	0.0 	0 	0.0 	3.1 	44 	0.3 	0.0 	0.0 	0.0 	6.2 	TE11		Green Bay Packers	Chicago Bears	0 	0.0 	0 	0.0 	3.1 	45 	0.3 	0.0 	0.0 	0.0 	6.1 	TE11		Green Bay Packers	Houston Texans	0 	0.0 	0 	0.0 	3.0 	43 	0.3 	0.0 	0.0 	0.0 	5.9 	TE14		Actual	Actual	Actual	Forecast	Forecast	Forecast	Forecast	Forecast	Forecast	Forecast	Forecast	Forecast	Forecast	Forecast	Forecast	Forecast	Forecast		Healthy	Healthy	Healthy	Healthy	Healthy	Healthy	Healthy	Healthy	Healthy	Healthy	Healthy	Healthy	Healthy	Healthy	Healthy	Healthy	Healthy		Week 4 2026	9/29/2026	8:41:33 PM	20		18%	17%	0%	0%	0%	0%		0.2 
	Jordan Addison	Minnesota Vikings	WR	WR41	6.8 	102 	0 	0.0 	0.0 	0.0 	16 	1.1 	0.0 	0.0 	49.1 	3.3 	709 	47.3 	5.0 	0.3 	0.0 	0.1 	0.0 	0.274 	1.000 	0.580 	0 	0.095 	0.000 	97 	101 	4 	42 	41 	(1)	0.340 				-	-		-	-		-	-		-	-		0.0 	2.1 	15.0 	6.3 	6.5 	0.0 	6.8 	6.6 	6.6 	6.4 	6.6 	6.6 	6.5 	6.3 	6.6 	6.8 	6.3 		-	WR67	WR8	WR42	WR41	-	WR35	WR36	WR40	WR39	WR30	WR41	WR37	WR43	WR40	WR39	WR46		WR41	6.5 	0.0 	0.0 	1.2 	0.0 	3.2 	46.0 	0.3 	41 	0.304 	1.000 	0.590 	0 	0.091 	0.000 	103 	0.347 		85 		-	-		-	-		-	-		-	-		WR39	8.6 	0.0 	0.0 	8.0 	0.0 	21.1 	299.0 	2.0 	39 	0.184 	1.000 	0.610 	0 	0.022 	0.000 	#N/A	0.311 		17.1 		-	-		-	-		-	-		-	-					Minnesota Vikings	Green Bay Packers	0 	0.0 	0 	0.0 	0.0 	0 	0.0 	0.0 	0.0 	0.0 	0.0 	-		Minnesota Vikings	Chicago Bears	0 	0.0 	0 	0.0 	2.0 	21 	0.0 	0.0 	0.0 	0.0 	2.1 	WR67		Minnesota Vikings	Tampa Bay Buccaneers	0 	0.0 	0 	0.0 	5.0 	90 	1.0 	0.0 	0.0 	0.0 	15.0 	WR8		Minnesota Vikings	Miami Dolphins	0 	0.0 	1 	0.0 	3.1 	44 	0.3 	0.0 	0.0 	0.0 	6.3 	WR42		Minnesota Vikings	New Orleans Saints	0 	0.0 	1 	0.0 	3.2 	46 	0.3 	0.0 	0.0 	0.0 	6.5 	WR41		Minnesota Vikings	BYE	0 	0.0 	0 	0.0 	0.0 	0 	0.0 	0.0 	0.0 	0.0 	0.0 	-		Minnesota Vikings	Indianapolis Colts	0 	0.0 	1 	0.0 	3.3 	47 	0.3 	0.0 	0.0 	0.0 	6.8 	WR35		Minnesota Vikings	Detroit Lions	0 	0.0 	1 	0.0 	3.3 	47 	0.3 	0.0 	0.0 	0.0 	6.6 	WR36		Minnesota Vikings	Buffalo Bills	0 	0.0 	1 	0.0 	3.3 	47 	0.3 	0.0 	0.0 	0.0 	6.6 	WR40		Minnesota Vikings	Green Bay Packers	0 	0.0 	1 	0.0 	3.2 	46 	0.3 	0.0 	0.0 	0.0 	6.4 	WR39		Minnesota Vikings	San Francisco 49ers	0 	0.0 	1 	0.0 	3.3 	47 	0.3 	0.0 	0.0 	0.0 	6.6 	WR30		Minnesota Vikings	Atlanta Falcons	0 	0.0 	1 	0.0 	3.2 	46 	0.3 	0.0 	0.0 	0.0 	6.6 	WR41		Minnesota Vikings	Carolina Panthers	0 	0.0 	1 	0.0 	3.2 	46 	0.3 	0.0 	0.0 	0.0 	6.5 	WR37		Minnesota Vikings	New England Patriots	0 	0.0 	1 	0.0 	3.2 	45 	0.3 	0.0 	0.0 	0.0 	6.3 	WR43		Minnesota Vikings	Detroit Lions	0 	0.0 	1 	0.0 	3.3 	47 	0.3 	0.0 	0.0 	0.0 	6.6 	WR40		Minnesota Vikings	Washington Commanders	0 	0.0 	1 	0.0 	3.3 	47 	0.3 	0.0 	0.0 	0.0 	6.8 	WR39		Minnesota Vikings	New York Jets	0 	0.0 	1 	0.0 	3.2 	45 	0.3 	0.0 	0.0 	0.0 	6.3 	WR46		Actual	Actual	Actual	Forecast	Forecast	Forecast	Forecast	Forecast	Forecast	Forecast	Forecast	Forecast	Forecast	Forecast	Forecast	Forecast	Forecast		Healthy	Healthy	Healthy	Healthy	Healthy	Healthy	Healthy	Healthy	Healthy	Healthy	Healthy	Healthy	Healthy	Healthy	Healthy	Healthy	Healthy		Week 4 2026	9/29/2026	8:41:33 PM	20		21%	20%	1%	0%	0%	0%		0.0 
	Dallas Goedert	Philadelphia Eagles	TE	TE11	6.9 	82 	0 	0.0 	0.0 	0.0 	0 	0.0 	0.0 	0.0 	49.4 	4.1 	520 	43.3 	5.1 	0.4 	0.0 	0.1 	0.0 	0.221 	0.560 	0.404 	1 	0.358 	0.000 	90 	113 	23 	19 	15 	(4)	0.356 				-	-		-	-		-	-		-	-		19.7 	0.4 	0.0 	0.0 	0.0 	0.0 	6.6 	6.3 	6.3 	0.0 	6.1 	6.4 	6.1 	6.4 	6.1 	5.7 	6.1 		TE2	TE33	-	-	-	-	TE9	TE8	TE11	-	TE10	TE10	TE9	TE8	TE13	TE15	TE11		TE15	6.2 	0.0 	0.0 	0.0 	0.0 	4.4 	43.9 	0.3 	22 	0.222 	0.560 	0.376 	1 	0.297 	0.000 	114 	0.317 		62 		-	-		-	-		-	-		-	-		TE16	10.1 	0.0 	0.0 	0.0 	0.0 	22.2 	219.6 	1.5 	16 	0.216 	0.560 	0.432 	1 	0.282 	0.000 	#N/A	0.332 		20.1 		-	-		-	-		-	-		-	-					Philadelphia Eagles	Washington Commanders	0 	0.0 	0 	0.0 	4.0 	77 	2.0 	0.0 	0.0 	0.0 	19.7 	TE2		Philadelphia Eagles	Tennessee Titans	0 	0.0 	0 	0.0 	1.0 	4 	0.0 	0.0 	0.0 	0.0 	0.4 	TE33		Philadelphia Eagles	Chicago Bears	0 	0.0 	0 	0.0 	0.0 	0 	0.0 	0.0 	0.0 	0.0 	0.0 	-		Philadelphia Eagles	Los Angeles Rams	0 	0.0 	0 	0.0 	0.0 	0 	0.0 	0.0 	0.0 	0.0 	0.0 	-		Philadelphia Eagles	Jacksonville Jaguars	0 	0.0 	0 	0.0 	0.0 	0 	0.0 	0.0 	0.0 	0.0 	0.0 	-		Philadelphia Eagles	Carolina Panthers	0 	0.0 	0 	0.0 	0.0 	0 	0.0 	0.0 	0.0 	0.0 	0.0 	-		Philadelphia Eagles	Dallas Cowboys	0 	0.0 	0 	0.0 	4.6 	46 	0.3 	0.0 	0.0 	0.0 	6.6 	TE9		Philadelphia Eagles	Washington Commanders	0 	0.0 	0 	0.0 	4.5 	44 	0.3 	0.0 	0.0 	0.0 	6.3 	TE8		Philadelphia Eagles	New York Giants	0 	0.0 	0 	0.0 	4.4 	44 	0.3 	0.0 	0.0 	0.0 	6.3 	TE11		Philadelphia Eagles	BYE	0 	0.0 	0 	0.0 	0.0 	0 	0.0 	0.0 	0.0 	0.0 	0.0 	-		Philadelphia Eagles	Pittsburgh Steelers	0 	0.0 	0 	0.0 	4.4 	43 	0.3 	0.0 	0.0 	0.0 	6.1 	TE10		Philadelphia Eagles	Dallas Cowboys	0 	0.0 	0 	0.0 	4.6 	46 	0.3 	0.0 	0.0 	0.0 	6.4 	TE10		Philadelphia Eagles	Arizona Cardinals	0 	0.0 	0 	0.0 	4.3 	42 	0.3 	0.0 	0.0 	0.0 	6.1 	TE9		Philadelphia Eagles	Indianapolis Colts	0 	0.0 	0 	0.0 	4.5 	45 	0.3 	0.0 	0.0 	0.0 	6.4 	TE8		Philadelphia Eagles	Seattle Seahawks	0 	0.0 	0 	0.0 	4.4 	43 	0.3 	0.0 	0.0 	0.0 	6.1 	TE13		Philadelphia Eagles	Houston Texans	0 	0.0 	0 	0.0 	4.2 	42 	0.3 	0.0 	0.0 	0.0 	5.7 	TE15		Philadelphia Eagles	San Francisco 49ers	0 	0.0 	0 	0.0 	4.4 	44 	0.3 	0.0 	0.0 	0.0 	6.1 	TE11		Actual	Actual	Actual	Forecast	Forecast	Forecast	Forecast	Forecast	Forecast	Forecast	Forecast	Forecast	Forecast	Forecast	Forecast	Forecast	Forecast		Healthy	Healthy	Injured	Injured	Injured	Injured	Healthy	Healthy	Healthy	Healthy	Healthy	Healthy	Healthy	Healthy	Healthy	Healthy	Healthy		Week 4 2026	9/29/2026	8:41:33 PM	20		21%	21%	0%	0%	0%	0%		0.0 
	Romeo Doubs	New England Patriots	WR	WR44	6.7 	100 	0 	0.0 	0.0 	0.0 	0 	0.0 	0.0 	0.0 	46.2 	3.1 	772 	51.5 	3.9 	0.3 	0.0 	0.1 	0.0 	0.269 	1.000 	0.570 	0 	0.086 	0.000 	100 	126 	26 	43 	48 	5 	0.331 				-	-		-	-		-	-		-	-		0.0 	9.6 	4.9 	6.6 	6.6 	6.5 	6.7 	6.7 	6.7 	6.8 	0.0 	6.5 	6.9 	6.5 	6.5 	6.3 	6.5 		-	WR17	WR42	WR39	WR40	WR35	WR36	WR34	WR39	WR36	-	WR42	WR34	WR39	WR42	WR44	WR43		WR39	6.6 	0.0 	0.0 	0.0 	0.0 	3.1 	48.2 	0.3 	39 	0.307 	1.000 	0.610 	0 	0.098 	0.000 	97 	0.360 		86 		-	-		-	-		-	-		-	-		WR55	7.3 	0.0 	0.0 	0.0 	0.0 	20.1 	313.5 	2.0 	55 	0.156 	1.000 	0.450 	(0)	0.000 	0.000 	#N/A	0.226 		14.5 		-	-		-	-		-	-		-	-					New England Patriots	Seattle Seahawks	0 	0.0 	0 	0.0 	0.0 	0 	0.0 	0.0 	0.0 	0.0 	0.0 	-		New England Patriots	Pittsburgh Steelers	0 	0.0 	0 	0.0 	3.0 	96 	0.0 	0.0 	0.0 	0.0 	9.6 	WR17		New England Patriots	Jacksonville Jaguars	0 	0.0 	0 	0.0 	3.0 	49 	0.0 	0.0 	0.0 	0.0 	4.9 	WR42		New England Patriots	Buffalo Bills	0 	0.0 	0 	0.0 	3.2 	49 	0.3 	0.0 	0.0 	0.0 	6.6 	WR39		New England Patriots	Las Vegas Raiders	0 	0.0 	0 	0.0 	3.0 	47 	0.3 	0.0 	0.0 	0.0 	6.6 	WR40		New England Patriots	New York Jets	0 	0.0 	0 	0.0 	3.0 	47 	0.3 	0.0 	0.0 	0.0 	6.5 	WR35		New England Patriots	Chicago Bears	0 	0.0 	0 	0.0 	3.1 	49 	0.3 	0.0 	0.0 	0.0 	6.7 	WR36		New England Patriots	Miami Dolphins	0 	0.0 	0 	0.0 	3.1 	48 	0.3 	0.0 	0.0 	0.0 	6.7 	WR34		New England Patriots	Green Bay Packers	0 	0.0 	0 	0.0 	3.1 	49 	0.3 	0.0 	0.0 	0.0 	6.7 	WR39		New England Patriots	Detroit Lions	0 	0.0 	0 	0.0 	3.2 	50 	0.3 	0.0 	0.0 	0.0 	6.8 	WR36		New England Patriots	BYE	0 	0.0 	0 	0.0 	0.0 	0 	0.0 	0.0 	0.0 	0.0 	0.0 	-		New England Patriots	Los Angeles Chargers	0 	0.0 	0 	0.0 	3.1 	48 	0.3 	0.0 	0.0 	0.0 	6.5 	WR42		New England Patriots	Buffalo Bills	0 	0.0 	0 	0.0 	3.2 	50 	0.3 	0.0 	0.0 	0.0 	6.9 	WR34		New England Patriots	Minnesota Vikings	0 	0.0 	0 	0.0 	3.1 	48 	0.3 	0.0 	0.0 	0.0 	6.5 	WR39		New England Patriots	Kansas City Chiefs	0 	0.0 	0 	0.0 	3.1 	48 	0.3 	0.0 	0.0 	0.0 	6.5 	WR42		New England Patriots	New York Jets	0 	0.0 	0 	0.0 	3.0 	46 	0.3 	0.0 	0.0 	0.0 	6.3 	WR44		New England Patriots	Denver Broncos	0 	0.0 	0 	0.0 	3.1 	48 	0.3 	0.0 	0.0 	0.0 	6.5 	WR43		Actual	Actual	Actual	Forecast	Forecast	Forecast	Forecast	Forecast	Forecast	Forecast	Forecast	Forecast	Forecast	Forecast	Forecast	Forecast	Forecast		Healthy	Healthy	Healthy	Healthy	Healthy	Healthy	Healthy	Healthy	Healthy	Healthy	Healthy	Healthy	Healthy	Healthy	Healthy	Healthy	Healthy		Week 4 2026	9/29/2026	8:41:33 PM	20		21%	20%	0%	0%	0%	0%		0.1 
	Caleb Douglas	Miami Dolphins	WR	WR48	6.4 	90 	0 	0.0 	0.0 	0.0 	0 	0.0 	0.0 	0.0 	54.8 	3.9 	711 	50.8 	3.2 	0.2 	0.0 	0.1 	0.0 	0.241 	1.000 	0.500 	0 	0.062 	0.000 	118 	261 	143 	50 	87 	37 	0.286 				-	-		-	-		-	-		-	-		9.4 	1.9 	0.0 	0.0 	6.9 	0.0 	6.3 	6.5 	6.7 	6.7 	6.4 	6.3 	6.2 	6.7 	6.4 	6.5 	6.8 		WR23	WR69	-	-	WR36	-	WR39	WR38	WR38	WR37	WR35	WR45	WR45	WR36	WR45	WR42	WR39		WR47	6.5 	0.0 	0.0 	0.0 	0.0 	4.0 	49.8 	0.3 	49 	0.281 	1.000 	0.510 	0 	0.091 	0.000 	118 	0.308 		78 		-	-		-	-		-	-		-	-		WR68	5.7 	0.0 	0.0 	0.0 	0.0 	23.9 	299.0 	1.6 	68 	0.122 	1.000 	0.320 	(0)	0.000 	0.000 	#N/A	0.162 		11.3 		-	-		-	-		-	-		-	-					Miami Dolphins	Las Vegas Raiders	0 	0.0 	0 	0.0 	5.0 	94 	0.0 	0.0 	0.0 	0.0 	9.4 	WR23		Miami Dolphins	San Francisco 49ers	0 	0.0 	0 	0.0 	2.0 	19 	0.0 	0.0 	0.0 	0.0 	1.9 	WR69		Miami Dolphins	Kansas City Chiefs	0 	0.0 	0 	0.0 	0.0 	0 	0.0 	0.0 	0.0 	0.0 	0.0 	-		Miami Dolphins	Minnesota Vikings	0 	0.0 	0 	0.0 	0.0 	0 	0.0 	0.0 	0.0 	0.0 	0.0 	-		Miami Dolphins	Cincinnati Bengals	0 	0.0 	0 	0.0 	4.2 	52 	0.3 	0.0 	0.0 	0.0 	6.9 	WR36		Miami Dolphins	BYE	0 	0.0 	0 	0.0 	0.0 	0 	0.0 	0.0 	0.0 	0.0 	0.0 	-		Miami Dolphins	New York Jets	0 	0.0 	0 	0.0 	3.8 	48 	0.3 	0.0 	0.0 	0.0 	6.3 	WR39		Miami Dolphins	New England Patriots	0 	0.0 	0 	0.0 	4.0 	50 	0.3 	0.0 	0.0 	0.0 	6.5 	WR38		Miami Dolphins	Detroit Lions	0 	0.0 	0 	0.0 	4.1 	51 	0.3 	0.0 	0.0 	0.0 	6.7 	WR38		Miami Dolphins	Indianapolis Colts	0 	0.0 	0 	0.0 	4.1 	51 	0.3 	0.0 	0.0 	0.0 	6.7 	WR37		Miami Dolphins	Buffalo Bills	0 	0.0 	0 	0.0 	4.0 	50 	0.2 	0.0 	0.0 	0.0 	6.4 	WR35		Miami Dolphins	New York Jets	0 	0.0 	0 	0.0 	3.8 	48 	0.3 	0.0 	0.0 	0.0 	6.3 	WR45		Miami Dolphins	Denver Broncos	0 	0.0 	0 	0.0 	3.9 	48 	0.2 	0.0 	0.0 	0.0 	6.2 	WR45		Miami Dolphins	Chicago Bears	0 	0.0 	0 	0.0 	4.1 	51 	0.3 	0.0 	0.0 	0.0 	6.7 	WR36		Miami Dolphins	Green Bay Packers	0 	0.0 	0 	0.0 	3.9 	49 	0.2 	0.0 	0.0 	0.0 	6.4 	WR45		Miami Dolphins	Los Angeles Chargers	0 	0.0 	0 	0.0 	4.0 	50 	0.3 	0.0 	0.0 	0.0 	6.5 	WR42		Miami Dolphins	Buffalo Bills	0 	0.0 	0 	0.0 	4.1 	51 	0.3 	0.0 	0.0 	0.0 	6.8 	WR39		Actual	Actual	Actual	Forecast	Forecast	Forecast	Forecast	Forecast	Forecast	Forecast	Forecast	Forecast	Forecast	Forecast	Forecast	Forecast	Forecast		Healthy	Healthy	Injured	Injured	Healthy	Healthy	Healthy	Healthy	Healthy	Healthy	Healthy	Healthy	Healthy	Healthy	Healthy	Healthy	Healthy		Week 4 2026	9/29/2026	8:41:33 PM	20		22%	21%	0%	0%	0%	0%		0.1 
	Kyle Monangai	Chicago Bears	RB	RB31	7.5 	120 	0 	0.0 	0.0 	0.0 	759 	47.5 	4.3 	0.3 	15.7 	1.0 	141 	8.8 	1.0 	0.1 	0.0 	1.3 	0.0 	0.321 	1.000 	0.644 	0 	0.029 	0.000 	93 	76 	(17)	30 	32 	2 	0.350 				-	-		-	-		-	-		-	-		18.4 	5.8 	3.1 	6.9 	6.7 	7.2 	7.1 	6.3 	7.4 	0.0 	7.8 	7.0 	7.2 	7.6 	6.7 	7.1 	7.3 		RB11	RB31	RB42	RB33	RB33	RB30	RB29	RB34	RB31	-	RB24	RB37	RB30	RB31	RB35	RB33	RB33		RB35	7.1 	0.0 	0.0 	44.7 	0.3 	0.9 	8.2 	0.1 	34 	0.330 	1.000 	0.594 	0 	0.008 	0.000 	112 	0.320 		92 		-	-		-	-		-	-		-	-		RB23	9.1 	0.0 	0.0 	193.8 	1.1 	3.9 	35.4 	0.3 	23 	0.294 	1.000 	0.731 	0 	0.129 	0.000 	#N/A	0.425 		27.3 		-	-		-	-		-	-		-	-					Chicago Bears	Carolina Panthers	0 	0.0 	100 	1.0 	2.0 	24 	0.0 	0.0 	0.0 	0.0 	18.4 	RB11		Chicago Bears	Minnesota Vikings	0 	0.0 	47 	0.0 	2.0 	11 	0.0 	0.0 	0.0 	0.0 	5.8 	RB31		Chicago Bears	Philadelphia Eagles	0 	0.0 	31 	0.0 	0.0 	0 	0.0 	0.0 	0.0 	0.0 	3.1 	RB42		Chicago Bears	New York Jets	0 	0.0 	44 	0.2 	0.9 	8 	0.1 	0.0 	0.1 	0.0 	6.9 	RB33		Chicago Bears	Green Bay Packers	0 	0.0 	42 	0.2 	0.9 	8 	0.1 	0.0 	0.1 	0.0 	6.7 	RB33		Chicago Bears	Atlanta Falcons	0 	0.0 	45 	0.3 	0.9 	8 	0.1 	0.0 	0.1 	0.0 	7.2 	RB30		Chicago Bears	New England Patriots	0 	0.0 	45 	0.3 	0.9 	8 	0.1 	0.0 	0.1 	0.0 	7.1 	RB29		Chicago Bears	Seattle Seahawks	0 	0.0 	40 	0.2 	0.9 	8 	0.1 	0.0 	0.1 	0.0 	6.3 	RB34		Chicago Bears	Tampa Bay Buccaneers	0 	0.0 	46 	0.3 	0.9 	8 	0.1 	0.0 	0.1 	0.0 	7.4 	RB31		Chicago Bears	BYE	0 	0.0 	0 	0.0 	0.0 	0 	0.0 	0.0 	0.0 	0.0 	0.0 	-		Chicago Bears	New Orleans Saints	0 	0.0 	50 	0.3 	0.9 	8 	0.1 	0.0 	0.1 	0.0 	7.8 	RB24		Chicago Bears	Detroit Lions	0 	0.0 	44 	0.3 	0.9 	8 	0.1 	0.0 	0.1 	0.0 	7.0 	RB37		Chicago Bears	Jacksonville Jaguars	0 	0.0 	45 	0.3 	0.9 	8 	0.1 	0.0 	0.1 	0.0 	7.2 	RB30		Chicago Bears	Miami Dolphins	0 	0.0 	48 	0.3 	0.9 	8 	0.1 	0.0 	0.1 	0.0 	7.6 	RB31		Chicago Bears	Buffalo Bills	0 	0.0 	41 	0.2 	0.9 	8 	0.1 	0.0 	0.1 	0.0 	6.7 	RB35		Chicago Bears	Green Bay Packers	0 	0.0 	45 	0.3 	0.9 	8 	0.1 	0.0 	0.1 	0.0 	7.1 	RB33		Chicago Bears	Detroit Lions	0 	0.0 	46 	0.3 	0.9 	8 	0.1 	0.0 	0.1 	0.0 	7.3 	RB33		Actual	Actual	Actual	Forecast	Forecast	Forecast	Forecast	Forecast	Forecast	Forecast	Forecast	Forecast	Forecast	Forecast	Forecast	Forecast	Forecast		Healthy	Healthy	Healthy	Healthy	Healthy	Healthy	Healthy	Healthy	Healthy	Healthy	Healthy	Healthy	Healthy	Healthy	Healthy	Healthy	Healthy		Week 4 2026	9/29/2026	8:41:33 PM	20		4%	5%	30%	24%	0%	0%		(0.1)
	Bo Nix	Denver Broncos	QB	QB21	15.1 	241 	3,504 	219.0 	22.7 	1.4 	211 	13.2 	2.7 	0.2 	0.0 	0.0 	0 	0.0 	0.0 	0.0 	11.4 	2.0 	0.0 	0.648 	0.460 	0.279 	0 	0.206 	0.000 	136 	121 	(15)	18 	14 	(4)	0.245 				-	-		-	-		-	-		-	-		5.4 	14.1 	20.1 	15.5 	15.1 	14.9 	16.4 	15.6 	15.7 	0.0 	16.0 	14.7 	16.4 	15.3 	15.6 	15.8 	14.7 		QB31	QB19	QB13	QB15	QB20	QB17	QB10	QB19	QB19	-	QB17	QB27	QB12	QB22	QB20	QB20	QB23		QB20	15.5 	223.0 	1.4 	15.1 	0.1 	0.0 	0.0 	0.0 	18 	0.721 	0.460 	0.279 	1 	0.372 	0.000 	110 	0.323 		202 		-	-		-	-		-	-		-	-		QB21	13.2 	966.4 	6.2 	65.4 	0.6 	0.0 	0.0 	0.0 	21 	0.427 	0.460 	0.240 	0 	0.042 	0.000 	#N/A	0.147 		39.7 		-	-		-	-		-	-		-	-					Denver Broncos	Kansas City Chiefs	131 	1.0 	2 	0.0 	0.0 	0 	0.0 	1.0 	1.0 	0.0 	5.4 	QB31		Denver Broncos	Jacksonville Jaguars	288 	1.0 	6 	0.0 	0.0 	0 	0.0 	1.0 	0.0 	0.0 	14.1 	QB19		Denver Broncos	Los Angeles Rams	186 	2.0 	7 	1.0 	0.0 	0 	0.0 	1.0 	0.0 	0.0 	20.1 	QB13		Denver Broncos	San Francisco 49ers	227 	1.4 	14 	0.1 	0.0 	0 	0.0 	0.6 	0.1 	0.0 	15.5 	QB15		Denver Broncos	Los Angeles Chargers	224 	1.4 	14 	0.1 	0.0 	0 	0.0 	0.6 	0.1 	0.0 	15.1 	QB20		Denver Broncos	Seattle Seahawks	222 	1.4 	14 	0.1 	0.0 	0 	0.0 	0.6 	0.1 	0.0 	14.9 	QB17		Denver Broncos	Arizona Cardinals	225 	1.6 	17 	0.2 	0.0 	0 	0.0 	0.6 	0.1 	0.0 	16.4 	QB10		Denver Broncos	Kansas City Chiefs	225 	1.4 	15 	0.1 	0.0 	0 	0.0 	0.6 	0.1 	0.0 	15.6 	QB19		Denver Broncos	Carolina Panthers	226 	1.5 	15 	0.1 	0.0 	0 	0.0 	0.6 	0.1 	0.0 	15.7 	QB19		Denver Broncos	BYE	0 	0.0 	0 	0.0 	0.0 	0 	0.0 	0.0 	0.0 	0.0 	0.0 	-		Denver Broncos	Las Vegas Raiders	222 	1.5 	17 	0.2 	0.0 	0 	0.0 	0.6 	0.1 	0.0 	16.0 	QB17		Denver Broncos	Pittsburgh Steelers	217 	1.3 	14 	0.1 	0.0 	0 	0.0 	0.6 	0.1 	0.0 	14.7 	QB27		Denver Broncos	Miami Dolphins	222 	1.6 	18 	0.2 	0.0 	0 	0.0 	0.6 	0.1 	0.0 	16.4 	QB12		Denver Broncos	New York Jets	220 	1.4 	16 	0.1 	0.0 	0 	0.0 	0.6 	0.1 	0.0 	15.3 	QB22		Denver Broncos	Las Vegas Raiders	221 	1.4 	16 	0.1 	0.0 	0 	0.0 	0.6 	0.1 	0.0 	15.6 	QB20		Denver Broncos	Buffalo Bills	230 	1.5 	14 	0.1 	0.0 	0 	0.0 	0.6 	0.1 	0.0 	15.8 	QB20		Denver Broncos	New England Patriots	220 	1.3 	14 	0.1 	0.0 	0 	0.0 	0.6 	0.1 	0.0 	14.7 	QB23		Actual	Actual	Actual	Forecast	Forecast	Forecast	Forecast	Forecast	Forecast	Forecast	Forecast	Forecast	Forecast	Forecast	Forecast	Forecast	Forecast		Healthy	Healthy	Healthy	Healthy	Healthy	Healthy	Healthy	Healthy	Healthy	Healthy	Healthy	Healthy	Healthy	Healthy	Healthy	Healthy	Healthy		Week 4 2026	9/29/2026	8:41:33 PM	20		0%	0%	13%	14%	99%	99%		0.1 
	Luther Burden III	Chicago Bears	WR	WR39	6.6 	106 	0 	0.0 	0.0 	0.0 	28 	1.8 	0.0 	0.0 	64.5 	4.0 	740 	46.3 	5.2 	0.3 	0.0 	1.2 	0.0 	0.284 	1.000 	0.620 	0 	0.078 	0.000 	92 	40 	(52)	38 	16 	(22)	0.353 				-	-		-	-		-	-		-	-		4.5 	3.2 	12.8 	6.3 	6.5 	6.6 	6.5 	6.3 	6.7 	0.0 	6.5 	6.7 	6.6 	6.6 	6.7 	6.5 	6.6 		WR44	WR54	WR14	WR44	WR43	WR34	WR38	WR40	WR37	-	WR33	WR39	WR36	WR38	WR39	WR43	WR41		WR40	6.6 	0.0 	0.0 	1.5 	0.0 	3.8 	45.0 	0.3 	40 	0.304 	1.000 	0.600 	0 	0.092 	0.000 	99 	0.353 		85 		-	-		-	-		-	-		-	-		WR31	6.8 	0.0 	0.0 	6.5 	0.0 	16.5 	194.8 	1.4 	31 	0.221 	1.000 	0.690 	0 	0.078 	0.000 	#N/A	0.375 		20.5 		-	-		-	-		-	-		-	-					Chicago Bears	Carolina Panthers	0 	0.0 	2 	0.0 	5.0 	63 	0.0 	0.0 	1.0 	0.0 	4.5 	WR44		Chicago Bears	Minnesota Vikings	0 	0.0 	0 	0.0 	3.0 	32 	0.0 	0.0 	0.0 	0.0 	3.2 	WR54		Chicago Bears	Philadelphia Eagles	0 	0.0 	7 	0.0 	7.0 	61 	1.0 	0.0 	0.0 	0.0 	12.8 	WR14		Chicago Bears	New York Jets	0 	0.0 	1 	0.0 	3.7 	44 	0.3 	0.0 	0.0 	0.0 	6.3 	WR44		Chicago Bears	Green Bay Packers	0 	0.0 	1 	0.0 	3.8 	45 	0.3 	0.0 	0.0 	0.0 	6.5 	WR43		Chicago Bears	Atlanta Falcons	0 	0.0 	2 	0.0 	3.8 	45 	0.3 	0.0 	0.0 	0.0 	6.6 	WR34		Chicago Bears	New England Patriots	0 	0.0 	1 	0.0 	3.8 	45 	0.3 	0.0 	0.0 	0.0 	6.5 	WR38		Chicago Bears	Seattle Seahawks	0 	0.0 	1 	0.0 	3.8 	45 	0.3 	0.0 	0.0 	0.0 	6.3 	WR40		Chicago Bears	Tampa Bay Buccaneers	0 	0.0 	2 	0.0 	3.9 	46 	0.3 	0.0 	0.0 	0.0 	6.7 	WR37		Chicago Bears	BYE	0 	0.0 	0 	0.0 	0.0 	0 	0.0 	0.0 	0.0 	0.0 	0.0 	-		Chicago Bears	New Orleans Saints	0 	0.0 	2 	0.0 	3.7 	44 	0.3 	0.0 	0.0 	0.0 	6.5 	WR33		Chicago Bears	Detroit Lions	0 	0.0 	1 	0.0 	3.9 	46 	0.3 	0.0 	0.0 	0.0 	6.7 	WR39		Chicago Bears	Jacksonville Jaguars	0 	0.0 	2 	0.0 	3.8 	45 	0.3 	0.0 	0.0 	0.0 	6.6 	WR36		Chicago Bears	Miami Dolphins	0 	0.0 	2 	0.0 	3.8 	44 	0.3 	0.0 	0.0 	0.0 	6.6 	WR38		Chicago Bears	Buffalo Bills	0 	0.0 	1 	0.0 	3.9 	47 	0.3 	0.0 	0.0 	0.0 	6.7 	WR39		Chicago Bears	Green Bay Packers	0 	0.0 	1 	0.0 	3.8 	45 	0.3 	0.0 	0.0 	0.0 	6.5 	WR43		Chicago Bears	Detroit Lions	0 	0.0 	2 	0.0 	3.8 	45 	0.3 	0.0 	0.0 	0.0 	6.6 	WR41		Actual	Actual	Actual	Forecast	Forecast	Forecast	Forecast	Forecast	Forecast	Forecast	Forecast	Forecast	Forecast	Forecast	Forecast	Forecast	Forecast		Healthy	Healthy	Healthy	Healthy	Healthy	Healthy	Healthy	Healthy	Healthy	Healthy	Healthy	Healthy	Healthy	Healthy	Healthy	Healthy	Healthy		Week 4 2026	9/29/2026	8:41:33 PM	20		22%	21%	1%	0%	0%	0%		(0.0)
	Michael Pittman Jr.	Pittsburgh Steelers	WR	WR51	5.8 	87 	0 	0.0 	0.0 	0.0 	0 	0.0 	0.0 	0.0 	54.4 	3.6 	632 	42.2 	4.0 	0.3 	0.0 	0.1 	0.0 	0.234 	1.000 	0.490 	0 	0.011 	0.000 	128 	108 	(20)	51 	44 	(7)	0.260 							-	-		-	-		-	-		5.8 	0.0 	1.6 	5.9 	6.6 	6.3 	6.2 	6.0 	0.0 	6.4 	6.0 	5.8 	6.0 	6.1 	6.3 	6.2 	6.1 		WR36	-	WR73	WR48	WR38	WR40	WR42	WR44	-	WR40	WR41	WR52	WR47	WR47	WR48	WR46	WR50		WR48	6.1 	0.0 	0.0 	0.0 	0.0 	3.8 	43.0 	0.3 	47 	0.285 	1.000 	0.530 	0 	0.050 	0.000 	120 	0.301 		80 		-	-		-	-		-	-		-	-		WR89	3.7 	0.0 	0.0 	0.0 	0.0 	24.7 	279.2 	2.0 	89 	0.080 	1.000 	0.110 	(1)	0.000 	0.000 	#N/A	0.061 		7.4 		-	-		-	-		-	-		-	-					Pittsburgh Steelers	Atlanta Falcons	0 	0.0 	0 	0.0 	3.0 	58 	0.0 	0.0 	0.0 	0.0 	5.8 	WR36		Pittsburgh Steelers	New England Patriots	0 	0.0 	0 	0.0 	0.0 	0 	0.0 	0.0 	0.0 	0.0 	0.0 	-		Pittsburgh Steelers	Cincinnati Bengals	0 	0.0 	0 	0.0 	2.0 	16 	0.0 	0.0 	0.0 	0.0 	1.6 	WR73		Pittsburgh Steelers	Cleveland Browns	0 	0.0 	0 	0.0 	3.7 	42 	0.3 	0.0 	0.0 	0.0 	5.9 	WR48		Pittsburgh Steelers	Indianapolis Colts	0 	0.0 	0 	0.0 	4.0 	45 	0.4 	0.0 	0.0 	0.0 	6.6 	WR38		Pittsburgh Steelers	Tampa Bay Buccaneers	0 	0.0 	0 	0.0 	3.9 	44 	0.3 	0.0 	0.0 	0.0 	6.3 	WR40		Pittsburgh Steelers	New Orleans Saints	0 	0.0 	0 	0.0 	3.8 	43 	0.3 	0.0 	0.0 	0.0 	6.2 	WR42		Pittsburgh Steelers	Cleveland Browns	0 	0.0 	0 	0.0 	3.7 	41 	0.3 	0.0 	0.0 	0.0 	6.0 	WR44		Pittsburgh Steelers	BYE	0 	0.0 	0 	0.0 	0.0 	0 	0.0 	0.0 	0.0 	0.0 	0.0 	-		Pittsburgh Steelers	Cincinnati Bengals	0 	0.0 	0 	0.0 	4.0 	45 	0.3 	0.0 	0.0 	0.0 	6.4 	WR40		Pittsburgh Steelers	Philadelphia Eagles	0 	0.0 	0 	0.0 	3.8 	43 	0.3 	0.0 	0.0 	0.0 	6.0 	WR41		Pittsburgh Steelers	Denver Broncos	0 	0.0 	0 	0.0 	3.7 	42 	0.3 	0.0 	0.0 	0.0 	5.8 	WR52		Pittsburgh Steelers	Houston Texans	0 	0.0 	0 	0.0 	3.7 	42 	0.3 	0.0 	0.0 	0.0 	6.0 	WR47		Pittsburgh Steelers	Jacksonville Jaguars	0 	0.0 	0 	0.0 	3.8 	43 	0.3 	0.0 	0.0 	0.0 	6.1 	WR47		Pittsburgh Steelers	Baltimore Ravens	0 	0.0 	0 	0.0 	3.9 	44 	0.3 	0.0 	0.0 	0.0 	6.3 	WR48		Pittsburgh Steelers	Carolina Panthers	0 	0.0 	0 	0.0 	3.8 	43 	0.3 	0.0 	0.0 	0.0 	6.2 	WR46		Pittsburgh Steelers	Tennessee Titans	0 	0.0 	0 	0.0 	3.8 	43 	0.3 	0.0 	0.0 	0.0 	6.1 	WR50		Actual	Actual	Actual	Forecast	Forecast	Forecast	Forecast	Forecast	Forecast	Forecast	Forecast	Forecast	Forecast	Forecast	Forecast	Forecast	Forecast		Healthy	Injured	Healthy	Healthy	Healthy	Healthy	Healthy	Healthy	Healthy	Healthy	Healthy	Healthy	Healthy	Healthy	Healthy	Healthy	Healthy		Week 4 2026	9/29/2026	8:41:33 PM	20		19%	20%	0%	0%	0%	0%		0.2 
	RJ Harvey	Denver Broncos	RB	RB38	6.1 	92 	0 	0.0 	0.0 	0.0 	280 	18.6 	2.7 	0.2 	48.4 	3.2 	356 	23.7 	2.3 	0.2 	0.0 	0.7 	0.0 	0.246 	1.000 	0.544 	(0)	0.000 	0.000 	119 	62 	(57)	38 	28 	(10)	0.282 				-	-		-	-		-	-		-	-		4.1 	0.0 	4.7 	5.9 	6.1 	6.0 	7.0 	6.4 	6.4 	0.0 	6.8 	6.0 	7.2 	6.4 	6.5 	6.3 	5.9 		RB40	-	RB37	RB38	RB34	RB32	RB32	RB32	RB36	-	RB27	RB40	RB32	RB35	RB36	RB37	RB40		RB38	6.4 	0.0 	0.0 	19.7 	0.2 	3.0 	22.4 	0.2 	38 	0.296 	1.000 	0.544 	(0)	0.000 	0.000 	126 	0.289 		83 		-	-		-	-		-	-		-	-		RB54	4.4 	0.0 	0.0 	127.9 	1.3 	19.2 	145.9 	1.1 	54 	0.095 	1.000 	0.341 	(1)	0.000 	0.000 	#N/A	0.168 		8.8 		-	-		-	-		-	-		-	-					Denver Broncos	Kansas City Chiefs	0 	0.0 	18 	0.0 	4.0 	23 	0.0 	0.0 	0.0 	0.0 	4.1 	RB40		Denver Broncos	Jacksonville Jaguars	0 	0.0 	0 	0.0 	0.0 	0 	0.0 	0.0 	0.0 	0.0 	0.0 	-		Denver Broncos	Los Angeles Rams	0 	0.0 	6 	0.0 	6.0 	41 	0.0 	0.0 	0.0 	0.0 	4.7 	RB37		Denver Broncos	San Francisco 49ers	0 	0.0 	17 	0.2 	2.9 	22 	0.2 	0.0 	0.1 	0.0 	5.9 	RB38		Denver Broncos	Los Angeles Chargers	0 	0.0 	18 	0.2 	3.0 	23 	0.2 	0.0 	0.1 	0.0 	6.1 	RB34		Denver Broncos	Seattle Seahawks	0 	0.0 	18 	0.2 	3.0 	22 	0.2 	0.0 	0.1 	0.0 	6.0 	RB32		Denver Broncos	Arizona Cardinals	0 	0.0 	22 	0.2 	3.0 	23 	0.2 	0.0 	0.1 	0.0 	7.0 	RB32		Denver Broncos	Kansas City Chiefs	0 	0.0 	19 	0.2 	3.0 	23 	0.2 	0.0 	0.1 	0.0 	6.4 	RB32		Denver Broncos	Carolina Panthers	0 	0.0 	20 	0.2 	3.0 	23 	0.2 	0.0 	0.1 	0.0 	6.4 	RB36		Denver Broncos	BYE	0 	0.0 	0 	0.0 	0.0 	0 	0.0 	0.0 	0.0 	0.0 	0.0 	-		Denver Broncos	Las Vegas Raiders	0 	0.0 	22 	0.2 	2.9 	22 	0.2 	0.0 	0.1 	0.0 	6.8 	RB27		Denver Broncos	Pittsburgh Steelers	0 	0.0 	19 	0.2 	2.9 	22 	0.2 	0.0 	0.1 	0.0 	6.0 	RB40		Denver Broncos	Miami Dolphins	0 	0.0 	23 	0.3 	2.9 	22 	0.2 	0.0 	0.1 	0.0 	7.2 	RB32		Denver Broncos	New York Jets	0 	0.0 	20 	0.2 	2.9 	22 	0.2 	0.0 	0.1 	0.0 	6.4 	RB35		Denver Broncos	Las Vegas Raiders	0 	0.0 	20 	0.2 	2.9 	22 	0.2 	0.0 	0.1 	0.0 	6.5 	RB36		Denver Broncos	Buffalo Bills	0 	0.0 	19 	0.2 	3.1 	23 	0.2 	0.0 	0.1 	0.0 	6.3 	RB37		Denver Broncos	New England Patriots	0 	0.0 	18 	0.2 	2.9 	22 	0.2 	0.0 	0.1 	0.0 	5.9 	RB40		Actual	Actual	Actual	Forecast	Forecast	Forecast	Forecast	Forecast	Forecast	Forecast	Forecast	Forecast	Forecast	Forecast	Forecast	Forecast	Forecast		Healthy	Healthy	Injured	Limited / Handicapped	Healthy	Healthy	Healthy	Healthy	Healthy	Healthy	Healthy	Healthy	Healthy	Healthy	Healthy	Healthy	Healthy		Week 4 2026	9/29/2026	8:41:33 PM	20		10%	12%	17%	22%	0%	0%		0.1 
	T.J. Hockenson	Minnesota Vikings	TE	TE21	4.9 	79 	0 	0.0 	0.0 	0.0 	0 	0.0 	0.0 	0.0 	62.0 	3.9 	532 	33.2 	4.4 	0.3 	0.0 	0.1 	0.0 	0.213 	0.560 	0.385 	0 	0.048 	0.000 	153 	153 	0 	21 	20 	(1)	0.208 				-	-		-	-		-	-		-	-		9.6 	2.9 	1.1 	4.9 	5.1 	0.0 	5.2 	5.1 	5.1 	5.0 	5.1 	5.1 	5.1 	4.8 	5.1 	5.2 	4.9 		TE9	TE21	TE27	TE21	TE19	-	TE19	TE16	TE20	TE20	TE17	TE19	TE17	TE19	TE21	TE19	TE22		TE22	5.0 	0.0 	0.0 	0.0 	0.0 	4.1 	35.1 	0.3 	21 	0.234 	0.560 	0.385 	0 	0.095 	0.000 	149 	0.232 		66 		-	-		-	-		-	-		-	-		TE22	4.5 	0.0 	0.0 	0.0 	0.0 	17.7 	151.9 	1.1 	22 	0.146 	0.560 	0.376 	(0)	0.000 	0.000 	#N/A	0.172 		13.6 		-	-		-	-		-	-		-	-					Minnesota Vikings	Green Bay Packers	0 	0.0 	0 	0.0 	4.0 	36 	1.0 	0.0 	0.0 	0.0 	9.6 	TE9		Minnesota Vikings	Chicago Bears	0 	0.0 	0 	0.0 	3.0 	29 	0.0 	0.0 	0.0 	0.0 	2.9 	TE21		Minnesota Vikings	Tampa Bay Buccaneers	0 	0.0 	0 	0.0 	2.0 	11 	0.0 	0.0 	0.0 	0.0 	1.1 	TE27		Minnesota Vikings	Miami Dolphins	0 	0.0 	0 	0.0 	3.9 	33 	0.3 	0.0 	0.0 	0.0 	4.9 	TE21		Minnesota Vikings	New Orleans Saints	0 	0.0 	0 	0.0 	4.1 	35 	0.3 	0.0 	0.0 	0.0 	5.1 	TE19		Minnesota Vikings	BYE	0 	0.0 	0 	0.0 	0.0 	0 	0.0 	0.0 	0.0 	0.0 	0.0 	-		Minnesota Vikings	Indianapolis Colts	0 	0.0 	0 	0.0 	4.2 	36 	0.3 	0.0 	0.0 	0.0 	5.2 	TE19		Minnesota Vikings	Detroit Lions	0 	0.0 	0 	0.0 	4.2 	36 	0.3 	0.0 	0.0 	0.0 	5.1 	TE16		Minnesota Vikings	Buffalo Bills	0 	0.0 	0 	0.0 	4.1 	36 	0.3 	0.0 	0.0 	0.0 	5.1 	TE20		Minnesota Vikings	Green Bay Packers	0 	0.0 	0 	0.0 	4.1 	35 	0.2 	0.0 	0.0 	0.0 	5.0 	TE20		Minnesota Vikings	San Francisco 49ers	0 	0.0 	0 	0.0 	4.2 	36 	0.3 	0.0 	0.0 	0.0 	5.1 	TE17		Minnesota Vikings	Atlanta Falcons	0 	0.0 	0 	0.0 	4.0 	35 	0.3 	0.0 	0.0 	0.0 	5.1 	TE19		Minnesota Vikings	Carolina Panthers	0 	0.0 	0 	0.0 	4.1 	35 	0.3 	0.0 	0.0 	0.0 	5.1 	TE17		Minnesota Vikings	New England Patriots	0 	0.0 	0 	0.0 	4.0 	34 	0.2 	0.0 	0.0 	0.0 	4.8 	TE19		Minnesota Vikings	Detroit Lions	0 	0.0 	0 	0.0 	4.1 	35 	0.3 	0.0 	0.0 	0.0 	5.1 	TE21		Minnesota Vikings	Washington Commanders	0 	0.0 	0 	0.0 	4.2 	36 	0.3 	0.0 	0.0 	0.0 	5.2 	TE19		Minnesota Vikings	New York Jets	0 	0.0 	0 	0.0 	4.0 	34 	0.2 	0.0 	0.0 	0.0 	4.9 	TE22		Actual	Actual	Actual	Forecast	Forecast	Forecast	Forecast	Forecast	Forecast	Forecast	Forecast	Forecast	Forecast	Forecast	Forecast	Forecast	Forecast		Healthy	Healthy	Healthy	Healthy	Healthy	Healthy	Healthy	Healthy	Healthy	Healthy	Healthy	Healthy	Healthy	Healthy	Healthy	Healthy	Healthy		Week 4 2026	9/29/2026	8:41:33 PM	20		16%	17%	0%	0%	0%	0%		0.0 
	Jake Ferguson	Dallas Cowboys	TE	TE15	5.9 	95 	0 	0.0 	0.0 	0.0 	0 	0.0 	0.0 	0.0 	58.5 	3.7 	473 	29.6 	8.2 	0.5 	0.0 	1.1 	0.0 	0.254 	0.560 	0.450 	0 	0.204 	0.000 	109 	110 	1 	14 	13 	(1)	0.310 				-	-		-	-		-	-		-	-		0.6 	16.3 	6.3 	5.1 	5.8 	5.4 	5.2 	5.6 	5.7 	5.7 	5.5 	5.5 	5.2 	0.0 	5.5 	5.7 	5.6 		TE34	TE1	TE11	TE17	TE13	TE13	TE20	TE12	TE16	TE14	TE15	TE17	TE16	-	TE17	TE14	TE16		TE17	5.5 	0.0 	0.0 	0.0 	0.0 	3.8 	30.9 	0.4 	16 	0.255 	0.560 	0.432 	0 	0.171 	0.000 	127 	0.288 		71 		-	-		-	-		-	-		-	-		TE11	7.7 	0.0 	0.0 	0.0 	0.0 	16.5 	133.7 	1.7 	11 	0.250 	0.560 	0.476 	1 	0.427 	0.000 	#N/A	0.420 		23.2 		-	-		-	-		-	-		-	-					Dallas Cowboys	New York Giants	0 	0.0 	0 	0.0 	2.0 	6 	0.0 	0.0 	0.0 	0.0 	0.6 	TE34		Dallas Cowboys	Washington Commanders	0 	0.0 	0 	0.0 	4.0 	43 	2.0 	0.0 	0.0 	0.0 	16.3 	TE1		Dallas Cowboys	Baltimore Ravens	0 	0.0 	0 	0.0 	3.0 	23 	1.0 	0.0 	1.0 	0.0 	6.3 	TE11		Dallas Cowboys	Houston Texans	0 	0.0 	0 	0.0 	3.7 	30 	0.4 	0.0 	0.0 	0.0 	5.1 	TE17		Dallas Cowboys	Tampa Bay Buccaneers	0 	0.0 	0 	0.0 	3.9 	32 	0.4 	0.0 	0.0 	0.0 	5.8 	TE13		Dallas Cowboys	Green Bay Packers	0 	0.0 	0 	0.0 	3.8 	31 	0.4 	0.0 	0.0 	0.0 	5.4 	TE13		Dallas Cowboys	Philadelphia Eagles	0 	0.0 	0 	0.0 	3.7 	30 	0.4 	0.0 	0.0 	0.0 	5.2 	TE20		Dallas Cowboys	Arizona Cardinals	0 	0.0 	0 	0.0 	3.8 	30 	0.4 	0.0 	0.0 	0.0 	5.6 	TE12		Dallas Cowboys	Indianapolis Colts	0 	0.0 	0 	0.0 	3.9 	31 	0.4 	0.0 	0.0 	0.0 	5.7 	TE16		Dallas Cowboys	San Francisco 49ers	0 	0.0 	0 	0.0 	3.9 	31 	0.4 	0.0 	0.0 	0.0 	5.7 	TE14		Dallas Cowboys	Tennessee Titans	0 	0.0 	0 	0.0 	3.8 	30 	0.4 	0.0 	0.0 	0.0 	5.5 	TE15		Dallas Cowboys	Philadelphia Eagles	0 	0.0 	0 	0.0 	3.8 	31 	0.4 	0.0 	0.0 	0.0 	5.5 	TE17		Dallas Cowboys	Seattle Seahawks	0 	0.0 	0 	0.0 	3.7 	30 	0.4 	0.0 	0.0 	0.0 	5.2 	TE16		Dallas Cowboys	BYE	0 	0.0 	0 	0.0 	0.0 	0 	0.0 	0.0 	0.0 	0.0 	0.0 	-		Dallas Cowboys	Los Angeles Rams	0 	0.0 	0 	0.0 	3.9 	32 	0.4 	0.0 	0.0 	0.0 	5.5 	TE17		Dallas Cowboys	Jacksonville Jaguars	0 	0.0 	0 	0.0 	3.9 	32 	0.4 	0.0 	0.0 	0.0 	5.7 	TE14		Dallas Cowboys	New York Giants	0 	0.0 	0 	0.0 	3.8 	31 	0.4 	0.0 	0.0 	0.0 	5.6 	TE16		Actual	Actual	Actual	Forecast	Forecast	Forecast	Forecast	Forecast	Forecast	Forecast	Forecast	Forecast	Forecast	Forecast	Forecast	Forecast	Forecast		Healthy	Healthy	Healthy	Healthy	Healthy	Healthy	Healthy	Healthy	Healthy	Healthy	Healthy	Healthy	Healthy	Healthy	Healthy	Healthy	Healthy		Week 4 2026	9/29/2026	8:41:33 PM	20		12%	22%	0%	0%	0%	0%		(0.1)
	Blake Corum	Los Angeles Rams	RB	RB32	7.1 	113 	0 	0.0 	0.0 	0.0 	871 	54.5 	3.9 	0.2 	9.7 	0.6 	43 	2.7 	0.3 	0.0 	0.0 	1.7 	0.0 	0.303 	1.000 	0.632 	(0)	0.000 	0.000 	101 	80 	(21)	31 	34 	3 	0.330 				-	-		-	-		-	-		-	-		5.4 	9.2 	1.5 	6.7 	7.3 	8.7 	7.8 	7.0 	7.6 	8.4 	0.0 	7.4 	7.3 	7.0 	8.1 	6.2 	7.4 		RB36	RB16	RB51	RB34	RB31	RB25	RB27	RB29	RB29	RB25	-	RB33	RB29	RB32	RB30	RB39	RB31		RB33	7.4 	0.0 	0.0 	55.6 	0.3 	0.5 	2.3 	0.0 	31 	0.346 	1.000 	0.632 	0 	0.038 	0.000 	101 	0.351 		97 		-	-		-	-		-	-		-	-		RB34	5.4 	0.0 	0.0 	241.1 	1.3 	2.2 	10.0 	0.1 	34 	0.173 	1.000 	0.594 	(0)	0.000 	0.000 	#N/A	0.293 		16.1 		-	-		-	-		-	-		-	-					Los Angeles Rams	San Francisco 49ers	0 	0.0 	54 	0.0 	0.0 	0 	0.0 	0.0 	0.0 	0.0 	5.4 	RB36		Los Angeles Rams	New York Giants	0 	0.0 	79 	0.0 	1.0 	13 	0.0 	0.0 	0.0 	0.0 	9.2 	RB16		Los Angeles Rams	Denver Broncos	0 	0.0 	15 	0.0 	2.0 	0 	0.0 	0.0 	0.0 	0.0 	1.5 	RB51		Los Angeles Rams	Philadelphia Eagles	0 	0.0 	51 	0.3 	0.5 	2 	0.0 	0.0 	0.1 	0.0 	6.7 	RB34		Los Angeles Rams	Buffalo Bills	0 	0.0 	54 	0.3 	0.5 	2 	0.0 	0.0 	0.1 	0.0 	7.3 	RB31		Los Angeles Rams	Arizona Cardinals	0 	0.0 	63 	0.4 	0.5 	2 	0.0 	0.0 	0.1 	0.0 	8.7 	RB25		Los Angeles Rams	Las Vegas Raiders	0 	0.0 	58 	0.3 	0.5 	2 	0.0 	0.0 	0.1 	0.0 	7.8 	RB27		Los Angeles Rams	Los Angeles Chargers	0 	0.0 	53 	0.3 	0.5 	2 	0.0 	0.0 	0.1 	0.0 	7.0 	RB29		Los Angeles Rams	Washington Commanders	0 	0.0 	56 	0.3 	0.5 	2 	0.0 	0.0 	0.1 	0.0 	7.6 	RB29		Los Angeles Rams	Arizona Cardinals	0 	0.0 	62 	0.4 	0.5 	2 	0.0 	0.0 	0.1 	0.0 	8.4 	RB25		Los Angeles Rams	BYE	0 	0.0 	0 	0.0 	0.0 	0 	0.0 	0.0 	0.0 	0.0 	0.0 	-		Los Angeles Rams	Green Bay Packers	0 	0.0 	55 	0.3 	0.5 	2 	0.0 	0.0 	0.1 	0.0 	7.4 	RB33		Los Angeles Rams	Kansas City Chiefs	0 	0.0 	55 	0.3 	0.5 	2 	0.0 	0.0 	0.1 	0.0 	7.3 	RB29		Los Angeles Rams	San Francisco 49ers	0 	0.0 	53 	0.3 	0.5 	2 	0.0 	0.0 	0.1 	0.0 	7.0 	RB32		Los Angeles Rams	Dallas Cowboys	0 	0.0 	60 	0.3 	0.5 	2 	0.0 	0.0 	0.1 	0.0 	8.1 	RB30		Los Angeles Rams	Seattle Seahawks	0 	0.0 	48 	0.2 	0.5 	2 	0.0 	0.0 	0.1 	0.0 	6.2 	RB39		Los Angeles Rams	Tampa Bay Buccaneers	0 	0.0 	55 	0.3 	0.5 	2 	0.0 	0.0 	0.1 	0.0 	7.4 	RB31		Actual	Actual	Actual	Forecast	Forecast	Forecast	Forecast	Forecast	Forecast	Forecast	Forecast	Forecast	Forecast	Forecast	Forecast	Forecast	Forecast		Healthy	Healthy	Healthy	Healthy	Healthy	Healthy	Healthy	Healthy	Healthy	Healthy	Healthy	Healthy	Healthy	Healthy	Healthy	Healthy	Healthy		Week 4 2026	9/29/2026	8:41:33 PM	20		1%	1%	41%	36%	0%	0%		0.0 
	Mike Gesicki	Cincinnati Bengals	TE	TE10	6.5 	98 	0 	0.0 	0.0 	0.0 	0 	0.0 	0.0 	0.0 	49.3 	3.3 	631 	42.0 	5.9 	0.4 	0.0 	0.1 	0.0 	0.264 	0.560 	0.467 	1 	0.309 	0.000 	86 	274 	188 	12 	35 	23 	0.365 				-	-		-	-		-	-		-	-		13.8 	0.0 	9.7 	5.9 	5.7 	0.0 	5.7 	5.8 	5.8 	5.7 	5.9 	5.7 	5.5 	5.6 	5.6 	5.9 	5.9 		TE4	-	TE7	TE13	TE14	-	TE13	TE11	TE14	TE13	TE13	TE15	TE13	TE15	TE15	TE13	TE13		TE14	5.7 	0.0 	0.0 	0.0 	0.0 	3.2 	39.7 	0.3 	14 	0.267 	0.560 	0.450 	0 	0.217 	0.000 	113 	0.317 		75 		-	-		-	-		-	-		-	-		TE10	11.8 	0.0 	0.0 	0.0 	0.0 	20.6 	257.9 	1.9 	10 	0.253 	0.560 	0.484 	1 	0.441 	0.000 	#N/A	0.430 		23.5 		-	-		-	-		-	-		-	-					Cincinnati Bengals	Tampa Bay Buccaneers	0 	0.0 	0 	0.0 	5.0 	78 	1.0 	0.0 	0.0 	0.0 	13.8 	TE4		Cincinnati Bengals	Houston Texans	0 	0.0 	0 	0.0 	0.0 	0 	0.0 	0.0 	0.0 	0.0 	0.0 	-		Cincinnati Bengals	Pittsburgh Steelers	0 	0.0 	0 	0.0 	3.0 	37 	1.0 	0.0 	0.0 	0.0 	9.7 	TE7		Cincinnati Bengals	Jacksonville Jaguars	0 	0.0 	0 	0.0 	3.2 	40 	0.3 	0.0 	0.0 	0.0 	5.9 	TE13		Cincinnati Bengals	Miami Dolphins	0 	0.0 	0 	0.0 	3.1 	39 	0.3 	0.0 	0.0 	0.0 	5.7 	TE14		Cincinnati Bengals	BYE	0 	0.0 	0 	0.0 	0.0 	0 	0.0 	0.0 	0.0 	0.0 	0.0 	-		Cincinnati Bengals	Baltimore Ravens	0 	0.0 	0 	0.0 	3.2 	40 	0.3 	0.0 	0.0 	0.0 	5.7 	TE13		Cincinnati Bengals	Tennessee Titans	0 	0.0 	0 	0.0 	3.2 	39 	0.3 	0.0 	0.0 	0.0 	5.8 	TE11		Cincinnati Bengals	Atlanta Falcons	0 	0.0 	0 	0.0 	3.2 	40 	0.3 	0.0 	0.0 	0.0 	5.8 	TE14		Cincinnati Bengals	Pittsburgh Steelers	0 	0.0 	0 	0.0 	3.2 	39 	0.3 	0.0 	0.0 	0.0 	5.7 	TE13		Cincinnati Bengals	Washington Commanders	0 	0.0 	0 	0.0 	3.2 	40 	0.3 	0.0 	0.0 	0.0 	5.9 	TE13		Cincinnati Bengals	New Orleans Saints	0 	0.0 	0 	0.0 	3.1 	39 	0.3 	0.0 	0.0 	0.0 	5.7 	TE15		Cincinnati Bengals	Cleveland Browns	0 	0.0 	0 	0.0 	3.1 	38 	0.3 	0.0 	0.0 	0.0 	5.5 	TE13		Cincinnati Bengals	Kansas City Chiefs	0 	0.0 	0 	0.0 	3.1 	39 	0.3 	0.0 	0.0 	0.0 	5.6 	TE15		Cincinnati Bengals	Carolina Panthers	0 	0.0 	0 	0.0 	3.1 	39 	0.3 	0.0 	0.0 	0.0 	5.6 	TE15		Cincinnati Bengals	Indianapolis Colts	0 	0.0 	0 	0.0 	3.2 	40 	0.3 	0.0 	0.0 	0.0 	5.9 	TE13		Cincinnati Bengals	Baltimore Ravens	0 	0.0 	0 	0.0 	3.2 	40 	0.3 	0.0 	0.0 	0.0 	5.9 	TE13		Actual	Actual	Actual	Forecast	Forecast	Forecast	Forecast	Forecast	Forecast	Forecast	Forecast	Forecast	Forecast	Forecast	Forecast	Forecast	Forecast		Healthy	Healthy	Healthy	Healthy	Healthy	Healthy	Healthy	Healthy	Healthy	Healthy	Healthy	Healthy	Healthy	Healthy	Healthy	Healthy	Healthy		Week 4 2026	9/29/2026	8:41:33 PM	20		15%	14%	0%	0%	0%	0%		(0.1)
	Deshaun Watson	Cleveland Browns	QB	QB15	15.6 	250 	3,472 	217.0 	22.4 	1.4 	342 	21.4 	1.3 	0.1 	0.0 	0.0 	0 	0.0 	0.0 	0.0 	9.4 	1.0 	0.0 	0.670 	0.460 	0.329 	0 	0.257 	0.000 	113 	247 	134 	14 	35 	21 	0.295 																14.0 	19.7 	18.3 	14.7 	14.9 	15.6 	15.2 	14.4 	15.4 	14.4 	0.0 	15.7 	16.1 	16.0 	14.9 	14.6 	15.9 		QB20	QB12	QB17	QB21	QB22	QB14	QB19	QB23	QB23	QB23	-	QB19	QB15	QB17	QB24	QB24	QB15		QB21	15.2 	221.9 	1.3 	18.2 	0.1 	0.0 	0.0 	0.0 	19 	0.707 	0.460 	0.266 	0 	0.341 	0.000 	119 	0.302 		198 		-	-		-	-		-	-		-	-		QB14	17.3 	961.7 	5.8 	79.1 	0.4 	0.0 	0.0 	0.0 	14 	0.559 	0.460 	0.329 	1 	0.263 	0.000 	#N/A	0.298 		52.0 		-	-		-	-		-	-		-	-					Cleveland Browns	Jacksonville Jaguars	205 	1.0 	38 	0.0 	0.0 	0 	0.0 	1.0 	0.0 	0.0 	14.0 	QB20		Cleveland Browns	Tampa Bay Buccaneers	238 	2.0 	22 	0.0 	0.0 	0 	0.0 	0.0 	0.0 	0.0 	19.7 	QB12		Cleveland Browns	Carolina Panthers	144 	2.0 	45 	0.0 	0.0 	0 	0.0 	0.0 	0.0 	0.0 	18.3 	QB17		Cleveland Browns	Pittsburgh Steelers	216 	1.3 	19 	0.1 	0.0 	0 	0.0 	0.6 	0.1 	0.0 	14.7 	QB21		Cleveland Browns	New York Jets	218 	1.3 	19 	0.1 	0.0 	0 	0.0 	0.6 	0.1 	0.0 	14.9 	QB22		Cleveland Browns	Baltimore Ravens	229 	1.4 	17 	0.1 	0.0 	0 	0.0 	0.6 	0.1 	0.0 	15.6 	QB14		Cleveland Browns	Tennessee Titans	219 	1.3 	19 	0.1 	0.0 	0 	0.0 	0.6 	0.1 	0.0 	15.2 	QB19		Cleveland Browns	Pittsburgh Steelers	220 	1.2 	16 	0.1 	0.0 	0 	0.0 	0.6 	0.1 	0.0 	14.4 	QB23		Cleveland Browns	New Orleans Saints	224 	1.4 	18 	0.1 	0.0 	0 	0.0 	0.6 	0.1 	0.0 	15.4 	QB23		Cleveland Browns	Houston Texans	216 	1.2 	17 	0.1 	0.0 	0 	0.0 	0.6 	0.1 	0.0 	14.4 	QB23		Cleveland Browns	BYE	0 	0.0 	0 	0.0 	0.0 	0 	0.0 	0.0 	0.0 	0.0 	0.0 	-		Cleveland Browns	Las Vegas Raiders	220 	1.4 	20 	0.1 	0.0 	0 	0.0 	0.6 	0.1 	0.0 	15.7 	QB19		Cleveland Browns	Cincinnati Bengals	230 	1.5 	18 	0.1 	0.0 	0 	0.0 	0.6 	0.1 	0.0 	16.1 	QB15		Cleveland Browns	Atlanta Falcons	222 	1.4 	21 	0.1 	0.0 	0 	0.0 	0.6 	0.1 	0.0 	16.0 	QB17		Cleveland Browns	New York Giants	220 	1.3 	18 	0.1 	0.0 	0 	0.0 	0.6 	0.1 	0.0 	14.9 	QB24		Cleveland Browns	Baltimore Ravens	224 	1.3 	16 	0.1 	0.0 	0 	0.0 	0.6 	0.1 	0.0 	14.6 	QB24		Cleveland Browns	Indianapolis Colts	225 	1.4 	19 	0.1 	0.0 	0 	0.0 	0.6 	0.1 	0.0 	15.9 	QB15		Actual	Actual	Actual	Forecast	Forecast	Forecast	Forecast	Forecast	Forecast	Forecast	Forecast	Forecast	Forecast	Forecast	Forecast	Forecast	Forecast		Healthy	Healthy	Healthy	Healthy	Healthy	Healthy	Healthy	Healthy	Healthy	Healthy	Healthy	Healthy	Healthy	Healthy	Healthy	Healthy	Healthy		Week 4 2026	9/29/2026	8:41:33 PM	20		0%	0%	19%	16%	99%	99%		(0.0)
	Baker Mayfield	Tampa Bay Buccaneers	QB	QB27	15.4 	200 	2,861 	220.1 	17.9 	1.4 	242 	18.6 	2.4 	0.2 	0.0 	0.0 	0 	0.0 	0.0 	0.0 	8.4 	3.8 	0.0 	0.538 	0.460 	0.114 	0 	0.238 	0.000 	171 	146 	(25)	30 	18 	(12)	0.172 				-	-		-	-		-	-		-	-		11.6 	12.2 	11.3 	0.0 	0.0 	0.0 	16.5 	17.2 	16.5 	0.0 	16.5 	16.7 	16.0 	16.1 	17.0 	16.5 	16.2 		QB26	QB22	QB26	-	-	-	QB8	QB9	QB14	-	QB12	QB9	QB16	QB15	QB8	QB12	QB12		QB23	16.5 	224.6 	1.6 	17.7 	0.1 	0.0 	0.0 	0.0 	29 	0.591 	0.460 	0.129 	1 	0.478 	0.000 	124 	0.293 		165 		-	-		-	-		-	-		-	-		QB24	11.7 	748.7 	5.3 	58.9 	0.5 	0.0 	0.0 	0.0 	24 	0.378 	0.460 	0.200 	(0)	0.000 	0.000 	#N/A	0.106 		35.1 		-	-		-	-		-	-		-	-					Tampa Bay Buccaneers	Cincinnati Bengals	216 	0.0 	30 	1.0 	0.0 	0 	0.0 	0.0 	3.0 	0.0 	11.6 	QB26		Tampa Bay Buccaneers	Cleveland Browns	182 	1.0 	29 	0.0 	0.0 	0 	0.0 	1.0 	0.0 	0.0 	12.2 	QB22		Tampa Bay Buccaneers	Minnesota Vikings	217 	1.0 	6 	0.0 	0.0 	0 	0.0 	1.0 	0.0 	0.0 	11.3 	QB26		Tampa Bay Buccaneers	Green Bay Packers	0 	0.0 	0 	0.0 	0.0 	0 	0.0 	0.0 	0.0 	0.0 	0.0 	-		Tampa Bay Buccaneers	Dallas Cowboys	0 	0.0 	0 	0.0 	0.0 	0 	0.0 	0.0 	0.0 	0.0 	0.0 	-		Tampa Bay Buccaneers	Pittsburgh Steelers	0 	0.0 	0 	0.0 	0.0 	0 	0.0 	0.0 	0.0 	0.0 	0.0 	-		Tampa Bay Buccaneers	Carolina Panthers	221 	1.6 	18 	0.1 	0.0 	0 	0.0 	0.6 	0.1 	0.0 	16.5 	QB8		Tampa Bay Buccaneers	Atlanta Falcons	223 	1.7 	20 	0.2 	0.0 	0 	0.0 	0.6 	0.1 	0.0 	17.2 	QB9		Tampa Bay Buccaneers	Chicago Bears	228 	1.6 	17 	0.1 	0.0 	0 	0.0 	0.6 	0.1 	0.0 	16.5 	QB14		Tampa Bay Buccaneers	BYE	0 	0.0 	0 	0.0 	0.0 	0 	0.0 	0.0 	0.0 	0.0 	0.0 	-		Tampa Bay Buccaneers	Detroit Lions	228 	1.6 	17 	0.1 	0.0 	0 	0.0 	0.6 	0.1 	0.0 	16.5 	QB12		Tampa Bay Buccaneers	Carolina Panthers	223 	1.6 	19 	0.2 	0.0 	0 	0.0 	0.6 	0.1 	0.0 	16.7 	QB9		Tampa Bay Buccaneers	Los Angeles Chargers	221 	1.5 	17 	0.1 	0.0 	0 	0.0 	0.6 	0.1 	0.0 	16.0 	QB16		Tampa Bay Buccaneers	Baltimore Ravens	228 	1.5 	16 	0.1 	0.0 	0 	0.0 	0.6 	0.1 	0.0 	16.1 	QB15		Tampa Bay Buccaneers	New Orleans Saints	225 	1.7 	19 	0.2 	0.0 	0 	0.0 	0.6 	0.1 	0.0 	17.0 	QB8		Tampa Bay Buccaneers	Atlanta Falcons	221 	1.6 	18 	0.1 	0.0 	0 	0.0 	0.6 	0.1 	0.0 	16.5 	QB12		Tampa Bay Buccaneers	Los Angeles Rams	226 	1.6 	16 	0.1 	0.0 	0 	0.0 	0.6 	0.1 	0.0 	16.2 	QB12		Actual	Actual	Actual	Forecast	Forecast	Forecast	Forecast	Forecast	Forecast	Forecast	Forecast	Forecast	Forecast	Forecast	Forecast	Forecast	Forecast		Healthy	Healthy	Healthy	Injured	Injured	Injured	Healthy	Healthy	Healthy	Healthy	Healthy	Healthy	Healthy	Healthy	Healthy	Healthy	Healthy		Week 4 2026	9/29/2026	8:41:33 PM	20		0%	0%	15%	17%	99%	99%		0.1 
	Ollie Gordon II	Miami Dolphins	RB	RB37	6.3 	95 	0 	0.0 	0.0 	0.0 	499 	33.3 	4.6 	0.3 	30.5 	2.0 	160 	10.7 	0.8 	0.1 	0.0 	1.5 	0.0 	0.255 	1.000 	0.569 	(0)	0.000 	0.000 	114 	310 	196 	36 	90 	54 	0.295 																0.0 	0.7 	11.5 	5.0 	6.9 	0.0 	6.9 	6.4 	6.7 	6.7 	6.0 	7.4 	5.7 	6.7 	5.9 	6.4 	6.4 		-	RB62	RB12	RB41	RB32	-	RB33	RB31	RB34	RB30	RB32	RB32	RB36	RB34	RB40	RB36	RB37		RB37	6.4 	0.0 	0.0 	34.7 	0.3 	2.1 	11.2 	0.1 	37 	0.297 	1.000 	0.557 	(0)	0.000 	0.000 	122 	0.295 		83 		-	-		-	-		-	-		-	-		RB41	6.1 	0.0 	0.0 	225.4 	1.8 	13.8 	72.9 	0.4 	41 	0.131 	1.000 	0.506 	(0)	0.000 	0.000 	#N/A	0.248 		12.2 		-	-		-	-		-	-		-	-					Miami Dolphins	Las Vegas Raiders	0 	0.0 	0 	0.0 	0.0 	0 	0.0 	0.0 	0.0 	0.0 	0.0 	-		Miami Dolphins	San Francisco 49ers	0 	0.0 	7 	0.0 	0.0 	0 	0.0 	0.0 	0.0 	0.0 	0.7 	RB62		Miami Dolphins	Kansas City Chiefs	0 	0.0 	41 	1.0 	3.0 	14 	0.0 	0.0 	0.0 	0.0 	11.5 	RB12		Miami Dolphins	Minnesota Vikings	0 	0.0 	29 	0.2 	1.9 	10 	0.0 	0.0 	0.1 	0.0 	5.0 	RB41		Miami Dolphins	Cincinnati Bengals	0 	0.0 	36 	0.3 	2.2 	12 	0.1 	0.0 	0.1 	0.0 	6.9 	RB32		Miami Dolphins	BYE	0 	0.0 	0 	0.0 	0.0 	0 	0.0 	0.0 	0.0 	0.0 	0.0 	-		Miami Dolphins	New York Jets	0 	0.0 	39 	0.3 	2.0 	11 	0.1 	0.0 	0.1 	0.0 	6.9 	RB33		Miami Dolphins	New England Patriots	0 	0.0 	35 	0.3 	2.1 	11 	0.1 	0.0 	0.1 	0.0 	6.4 	RB31		Miami Dolphins	Detroit Lions	0 	0.0 	36 	0.3 	2.2 	12 	0.1 	0.0 	0.1 	0.0 	6.7 	RB34		Miami Dolphins	Indianapolis Colts	0 	0.0 	36 	0.3 	2.2 	12 	0.1 	0.0 	0.1 	0.0 	6.7 	RB30		Miami Dolphins	Buffalo Bills	0 	0.0 	32 	0.2 	2.1 	11 	0.1 	0.0 	0.1 	0.0 	6.0 	RB32		Miami Dolphins	New York Jets	0 	0.0 	41 	0.3 	2.1 	11 	0.1 	0.0 	0.1 	0.0 	7.4 	RB32		Miami Dolphins	Denver Broncos	0 	0.0 	32 	0.2 	2.1 	11 	0.1 	0.0 	0.1 	0.0 	5.7 	RB36		Miami Dolphins	Chicago Bears	0 	0.0 	36 	0.3 	2.2 	12 	0.1 	0.0 	0.1 	0.0 	6.7 	RB34		Miami Dolphins	Green Bay Packers	0 	0.0 	32 	0.2 	2.1 	11 	0.1 	0.0 	0.1 	0.0 	5.9 	RB40		Miami Dolphins	Los Angeles Chargers	0 	0.0 	35 	0.3 	2.1 	11 	0.1 	0.0 	0.1 	0.0 	6.4 	RB36		Miami Dolphins	Buffalo Bills	0 	0.0 	34 	0.3 	2.2 	12 	0.1 	0.0 	0.1 	0.0 	6.4 	RB37		Actual	Actual	Actual	Forecast	Forecast	Forecast	Forecast	Forecast	Forecast	Forecast	Forecast	Forecast	Forecast	Forecast	Forecast	Forecast	Forecast		Healthy	Healthy	Healthy	Limited / Handicapped	Healthy	Healthy	Healthy	Healthy	Healthy	Healthy	Healthy	Healthy	Healthy	Healthy	Healthy	Healthy	Healthy		Week 4 2026	9/29/2026	8:41:33 PM	20		5%	5%	36%	35%	0%	0%		0.0 
	C.J. Stroud	Houston Texans	QB	QB18	15.2 	243 	3,664 	229.0 	22.0 	1.4 	252 	15.7 	1.0 	0.1 	0.0 	0.0 	0 	0.0 	0.0 	0.0 	8.4 	3.0 	0.0 	0.652 	0.460 	0.304 	0 	0.216 	0.000 	126 	172 	46 	16 	23 	7 	0.263 				-	-		-	-		-	-		-	-		16.5 	17.0 	11.7 	16.4 	15.8 	14.6 	15.9 	0.0 	14.6 	14.6 	16.4 	15.8 	14.8 	15.5 	15.6 	13.2 	14.4 		QB16	QB13	QB25	QB12	QB17	QB19	QB16	-	QB24	QB22	QB13	QB18	QB23	QB21	QB18	QB28	QB24		QB22	15.2 	220.7 	1.5 	15.2 	0.1 	0.0 	0.0 	0.0 	20 	0.707 	0.460 	0.253 	0 	0.341 	0.000 	123 	0.295 		198 		-	-		-	-		-	-		-	-		QB18	15.1 	956.6 	6.3 	65.9 	0.3 	0.0 	0.0 	0.0 	18 	0.486 	0.460 	0.279 	0 	0.140 	0.000 	#N/A	0.214 		45.2 		-	-		-	-		-	-		-	-					Houston Texans	Buffalo Bills	274 	2.0 	15 	0.0 	0.0 	0 	0.0 	0.0 	2.0 	0.0 	16.5 	QB16		Houston Texans	Cincinnati Bengals	353 	0.0 	29 	0.0 	0.0 	0 	0.0 	0.0 	0.0 	0.0 	17.0 	QB13		Houston Texans	Indianapolis Colts	167 	1.0 	10 	0.0 	0.0 	0 	0.0 	0.0 	0.0 	0.0 	11.7 	QB25		Houston Texans	Dallas Cowboys	230 	1.6 	16 	0.1 	0.0 	0 	0.0 	0.6 	0.1 	0.0 	16.4 	QB12		Houston Texans	Tennessee Titans	225 	1.5 	16 	0.1 	0.0 	0 	0.0 	0.6 	0.1 	0.0 	15.8 	QB17		Houston Texans	Jacksonville Jaguars	219 	1.4 	14 	0.1 	0.0 	0 	0.0 	0.6 	0.1 	0.0 	14.6 	QB19		Houston Texans	New York Giants	223 	1.6 	16 	0.1 	0.0 	0 	0.0 	0.6 	0.1 	0.0 	15.9 	QB16		Houston Texans	BYE	0 	0.0 	0 	0.0 	0.0 	0 	0.0 	0.0 	0.0 	0.0 	0.0 	-		Houston Texans	Los Angeles Chargers	219 	1.4 	14 	0.1 	0.0 	0 	0.0 	0.6 	0.1 	0.0 	14.6 	QB24		Houston Texans	Cleveland Browns	213 	1.4 	16 	0.1 	0.0 	0 	0.0 	0.6 	0.1 	0.0 	14.6 	QB22		Houston Texans	Indianapolis Colts	227 	1.6 	17 	0.1 	0.0 	0 	0.0 	0.6 	0.1 	0.0 	16.4 	QB13		Houston Texans	Baltimore Ravens	225 	1.5 	16 	0.1 	0.0 	0 	0.0 	0.6 	0.1 	0.0 	15.8 	QB18		Houston Texans	Pittsburgh Steelers	218 	1.4 	15 	0.1 	0.0 	0 	0.0 	0.6 	0.1 	0.0 	14.8 	QB23		Houston Texans	Washington Commanders	223 	1.5 	15 	0.1 	0.0 	0 	0.0 	0.6 	0.1 	0.0 	15.5 	QB21		Houston Texans	Jacksonville Jaguars	224 	1.5 	15 	0.1 	0.0 	0 	0.0 	0.6 	0.1 	0.0 	15.6 	QB18		Houston Texans	Philadelphia Eagles	207 	1.2 	13 	0.1 	0.0 	0 	0.0 	0.6 	0.1 	0.0 	13.2 	QB28		Houston Texans	Green Bay Packers	217 	1.3 	14 	0.1 	0.0 	0 	0.0 	0.6 	0.1 	0.0 	14.4 	QB24		Actual	Actual	Actual	Forecast	Forecast	Forecast	Forecast	Forecast	Forecast	Forecast	Forecast	Forecast	Forecast	Forecast	Forecast	Forecast	Forecast		Healthy	Healthy	Healthy	Healthy	Healthy	Healthy	Healthy	Healthy	Healthy	Healthy	Healthy	Healthy	Healthy	Healthy	Healthy	Healthy	Healthy		Week 4 2026	9/29/2026	8:41:33 PM	20		0%	0%	13%	9%	99%	99%		0.0 
	Caleb Williams	Chicago Bears	QB	QB14	18.2 	219 	2,435 	203.0 	17.3 	1.4 	437 	36.4 	4.1 	0.3 	0.0 	0.0 	0 	0.0 	0.0 	0.0 	7.2 	0.8 	0.0 	0.587 	0.460 	0.143 	1 	0.510 	0.000 	107 	86 	(21)	28 	7 	(21)	0.315 				-	-		-	-		-	-		-	-		37.3 	8.3 	0.0 	0.0 	0.0 	0.0 	17.1 	16.0 	17.8 	0.0 	17.6 	17.5 	17.5 	17.6 	17.3 	17.1 	17.6 		QB1	QB25	-	-	-	-	QB6	QB15	QB7	-	QB6	QB5	QB6	QB5	QB5	QB8	QB5		QB19	17.3 	202.8 	1.5 	33.0 	0.2 	0.0 	0.0 	0.0 	28 	0.619 	0.460 	0.143 	1 	0.560 	0.000 	107 	0.339 		173 		-	-		-	-		-	-		-	-		QB19	22.8 	1,014.2 	7.6 	164.8 	1.0 	0.0 	0.0 	0.0 	19 	0.490 	0.460 	0.266 	0 	0.147 	0.000 	#N/A	0.210 		45.5 		-	-		-	-		-	-		-	-					Chicago Bears	Carolina Panthers	269 	2.0 	65 	2.0 	0.0 	0 	0.0 	0.0 	0.0 	0.0 	37.3 	QB1		Chicago Bears	Minnesota Vikings	138 	0.0 	42 	0.0 	0.0 	0 	0.0 	0.7 	0.0 	0.0 	8.3 	QB25		Chicago Bears	Philadelphia Eagles	0 	0.0 	0 	0.0 	0.0 	0 	0.0 	0.0 	0.0 	0.0 	0.0 	-		Chicago Bears	New York Jets	0 	0.0 	0 	0.0 	0.0 	0 	0.0 	0.0 	0.0 	0.0 	0.0 	-		Chicago Bears	Green Bay Packers	0 	0.0 	0 	0.0 	0.0 	0 	0.0 	0.0 	0.0 	0.0 	0.0 	-		Chicago Bears	Atlanta Falcons	0 	0.0 	0 	0.0 	0.0 	0 	0.0 	0.0 	0.0 	0.0 	0.0 	-		Chicago Bears	New England Patriots	201 	1.5 	33 	0.2 	0.0 	0 	0.0 	0.6 	0.1 	0.0 	17.1 	QB6		Chicago Bears	Seattle Seahawks	201 	1.4 	29 	0.2 	0.0 	0 	0.0 	0.6 	0.1 	0.0 	16.0 	QB15		Chicago Bears	Tampa Bay Buccaneers	206 	1.6 	34 	0.2 	0.0 	0 	0.0 	0.6 	0.1 	0.0 	17.8 	QB7		Chicago Bears	BYE	0 	0.0 	0 	0.0 	0.0 	0 	0.0 	0.0 	0.0 	0.0 	0.0 	-		Chicago Bears	New Orleans Saints	196 	1.5 	36 	0.2 	0.0 	0 	0.0 	0.6 	0.1 	0.0 	17.6 	QB6		Chicago Bears	Detroit Lions	208 	1.6 	32 	0.2 	0.0 	0 	0.0 	0.6 	0.1 	0.0 	17.5 	QB5		Chicago Bears	Jacksonville Jaguars	203 	1.5 	33 	0.2 	0.0 	0 	0.0 	0.6 	0.1 	0.0 	17.5 	QB6		Chicago Bears	Miami Dolphins	200 	1.6 	35 	0.2 	0.0 	0 	0.0 	0.6 	0.1 	0.0 	17.6 	QB5		Chicago Bears	Buffalo Bills	209 	1.5 	30 	0.2 	0.0 	0 	0.0 	0.6 	0.1 	0.0 	17.3 	QB5		Chicago Bears	Green Bay Packers	201 	1.5 	33 	0.2 	0.0 	0 	0.0 	0.6 	0.1 	0.0 	17.1 	QB8		Chicago Bears	Detroit Lions	204 	1.6 	33 	0.2 	0.0 	0 	0.0 	0.6 	0.1 	0.0 	17.6 	QB5		Actual	Actual	Actual	Forecast	Forecast	Forecast	Forecast	Forecast	Forecast	Forecast	Forecast	Forecast	Forecast	Forecast	Forecast	Forecast	Forecast		Healthy	Healthy	Injured	Injured	Injured	Injured	Healthy	Healthy	Healthy	Healthy	Healthy	Healthy	Healthy	Healthy	Healthy	Healthy	Healthy		Week 4 2026	9/29/2026	8:41:33 PM	20		0%	0%	22%	19%	99%	99%		0.1 
	Mark Andrews	Baltimore Ravens	TE	TE20	5.0 	80 	0 	0.0 	0.0 	0.0 	0 	0.0 	0.0 	0.0 	65.4 	4.1 	594 	37.1 	3.4 	0.2 	0.0 	0.1 	0.0 	0.214 	0.560 	0.395 	0 	0.053 	0.000 	150 	114 	(36)	20 	16 	(4)	0.214 				-	-		-	-		-	-		-	-		4.9 	4.9 	2.4 	4.8 	5.3 	5.0 	5.5 	5.3 	5.3 	5.3 	5.1 	5.0 	0.0 	5.2 	5.2 	5.0 	5.3 		TE17	TE16	TE23	TE22	TE16	TE18	TE16	TE14	TE18	TE18	TE16	TE20	-	TE16	TE20	TE22	TE18		TE18	5.2 	0.0 	0.0 	0.0 	0.0 	4.0 	36.3 	0.3 	17 	0.241 	0.560 	0.422 	0 	0.119 	0.000 	135 	0.259 		67 		-	-		-	-		-	-		-	-		TE25	4.1 	0.0 	0.0 	0.0 	0.0 	17.5 	157.2 	1.1 	25 	0.131 	0.560 	0.347 	(0)	0.000 	0.000 	#N/A	0.159 		12.2 		-	-		-	-		-	-		-	-					Baltimore Ravens	Indianapolis Colts	0 	0.0 	0 	0.0 	4.0 	49 	0.0 	0.0 	0.0 	0.0 	4.9 	TE17		Baltimore Ravens	New Orleans Saints	0 	0.0 	0 	0.0 	6.0 	49 	0.0 	0.0 	0.0 	0.0 	4.9 	TE16		Baltimore Ravens	Dallas Cowboys	0 	0.0 	0 	0.0 	3.0 	24 	0.0 	0.0 	0.0 	0.0 	2.4 	TE23		Baltimore Ravens	Tennessee Titans	0 	0.0 	0 	0.0 	3.7 	33 	0.2 	0.0 	0.0 	0.0 	4.8 	TE22		Baltimore Ravens	Atlanta Falcons	0 	0.0 	0 	0.0 	4.1 	37 	0.3 	0.0 	0.0 	0.0 	5.3 	TE16		Baltimore Ravens	Cleveland Browns	0 	0.0 	0 	0.0 	3.9 	35 	0.3 	0.0 	0.0 	0.0 	5.0 	TE18		Baltimore Ravens	Cincinnati Bengals	0 	0.0 	0 	0.0 	4.3 	38 	0.3 	0.0 	0.0 	0.0 	5.5 	TE16		Baltimore Ravens	Buffalo Bills	0 	0.0 	0 	0.0 	4.2 	38 	0.3 	0.0 	0.0 	0.0 	5.3 	TE14		Baltimore Ravens	Jacksonville Jaguars	0 	0.0 	0 	0.0 	4.1 	37 	0.3 	0.0 	0.0 	0.0 	5.3 	TE18		Baltimore Ravens	Los Angeles Chargers	0 	0.0 	0 	0.0 	4.1 	37 	0.3 	0.0 	0.0 	0.0 	5.3 	TE18		Baltimore Ravens	Carolina Panthers	0 	0.0 	0 	0.0 	4.0 	36 	0.3 	0.0 	0.0 	0.0 	5.1 	TE16		Baltimore Ravens	Houston Texans	0 	0.0 	0 	0.0 	4.0 	36 	0.2 	0.0 	0.0 	0.0 	5.0 	TE20		Baltimore Ravens	BYE	0 	0.0 	0 	0.0 	0.0 	0 	0.0 	0.0 	0.0 	0.0 	0.0 	-		Baltimore Ravens	Tampa Bay Buccaneers	0 	0.0 	0 	0.0 	4.0 	36 	0.3 	0.0 	0.0 	0.0 	5.2 	TE16		Baltimore Ravens	Pittsburgh Steelers	0 	0.0 	0 	0.0 	4.1 	37 	0.3 	0.0 	0.0 	0.0 	5.2 	TE20		Baltimore Ravens	Cleveland Browns	0 	0.0 	0 	0.0 	3.9 	35 	0.3 	0.0 	0.0 	0.0 	5.0 	TE22		Baltimore Ravens	Cincinnati Bengals	0 	0.0 	0 	0.0 	4.2 	38 	0.3 	0.0 	0.0 	0.0 	5.3 	TE18		Actual	Actual	Actual	Forecast	Forecast	Forecast	Forecast	Forecast	Forecast	Forecast	Forecast	Forecast	Forecast	Forecast	Forecast	Forecast	Forecast		Healthy	Healthy	Healthy	Limited / Handicapped	Healthy	Healthy	Healthy	Healthy	Healthy	Healthy	Healthy	Healthy	Healthy	Healthy	Healthy	Healthy	Healthy		Week 4 2026	9/29/2026	8:41:33 PM	20		19%	21%	0%	0%	0%	0%		0.1 
	Tre Tucker	Las Vegas Raiders	WR	WR42	6.5 	104 	0 	0.0 	0.0 	0.0 	13 	0.8 	0.0 	0.0 	50.6 	3.2 	763 	47.7 	4.4 	0.3 	0.0 	0.1 	0.0 	0.278 	1.000 	0.600 	0 	0.067 	0.000 	98 	188 	90 	40 	64 	24 	0.339 				-	-		-	-		-	-		-	-		2.7 	17.9 	4.3 	6.3 	6.0 	6.3 	6.3 	5.9 	6.2 	5.9 	5.8 	5.8 	0.0 	6.1 	5.8 	6.1 	6.1 		WR63	WR6	WR47	WR43	WR47	WR39	WR40	WR45	WR45	WR44	WR42	WR51	-	WR48	WR51	WR49	WR51		WR49	6.1 	0.0 	0.0 	1.0 	0.0 	3.0 	44.1 	0.3 	48 	0.281 	1.000 	0.520 	0 	0.041 	0.000 	125 	0.293 		79 		-	-		-	-		-	-		-	-		WR24	8.3 	0.0 	0.0 	4.5 	0.0 	13.2 	191.2 	1.1 	24 	0.268 	1.000 	0.760 	1 	0.149 	0.000 	#N/A	0.442 		24.9 		-	-		-	-		-	-		-	-					Las Vegas Raiders	Miami Dolphins	0 	0.0 	0 	0.0 	2.0 	27 	0.0 	0.0 	0.0 	0.0 	2.7 	WR63		Las Vegas Raiders	Los Angeles Chargers	0 	0.0 	0 	0.0 	5.0 	119 	1.0 	0.0 	0.0 	0.0 	17.9 	WR6		Las Vegas Raiders	New Orleans Saints	0 	0.0 	0 	0.0 	4.0 	43 	0.0 	0.0 	0.0 	0.0 	4.3 	WR47		Las Vegas Raiders	Kansas City Chiefs	0 	0.0 	1 	0.0 	3.1 	45 	0.3 	0.0 	0.0 	0.0 	6.3 	WR43		Las Vegas Raiders	New England Patriots	0 	0.0 	1 	0.0 	3.1 	45 	0.2 	0.0 	0.0 	0.0 	6.0 	WR47		Las Vegas Raiders	Buffalo Bills	0 	0.0 	1 	0.0 	3.1 	46 	0.3 	0.0 	0.0 	0.0 	6.3 	WR39		Las Vegas Raiders	Los Angeles Rams	0 	0.0 	1 	0.0 	3.2 	46 	0.3 	0.0 	0.0 	0.0 	6.3 	WR40		Las Vegas Raiders	New York Jets	0 	0.0 	1 	0.0 	3.0 	43 	0.3 	0.0 	0.0 	0.0 	5.9 	WR45		Las Vegas Raiders	San Francisco 49ers	0 	0.0 	1 	0.0 	3.1 	45 	0.3 	0.0 	0.0 	0.0 	6.2 	WR45		Las Vegas Raiders	Seattle Seahawks	0 	0.0 	1 	0.0 	3.0 	44 	0.2 	0.0 	0.0 	0.0 	5.9 	WR44		Las Vegas Raiders	Denver Broncos	0 	0.0 	1 	0.0 	3.0 	44 	0.2 	0.0 	0.0 	0.0 	5.8 	WR42		Las Vegas Raiders	Cleveland Browns	0 	0.0 	1 	0.0 	2.9 	42 	0.2 	0.0 	0.0 	0.0 	5.8 	WR51		Las Vegas Raiders	BYE	0 	0.0 	0 	0.0 	0.0 	0 	0.0 	0.0 	0.0 	0.0 	0.0 	-		Las Vegas Raiders	Los Angeles Chargers	0 	0.0 	1 	0.0 	3.1 	44 	0.3 	0.0 	0.0 	0.0 	6.1 	WR48		Las Vegas Raiders	Denver Broncos	0 	0.0 	1 	0.0 	3.0 	43 	0.2 	0.0 	0.0 	0.0 	5.8 	WR51		Las Vegas Raiders	Tennessee Titans	0 	0.0 	1 	0.0 	3.0 	44 	0.3 	0.0 	0.0 	0.0 	6.1 	WR49		Las Vegas Raiders	Arizona Cardinals	0 	0.0 	1 	0.0 	3.0 	44 	0.3 	0.0 	0.0 	0.0 	6.1 	WR51		Actual	Actual	Actual	Forecast	Forecast	Forecast	Forecast	Forecast	Forecast	Forecast	Forecast	Forecast	Forecast	Forecast	Forecast	Forecast	Forecast		Healthy	Healthy	Healthy	Healthy	Healthy	Healthy	Healthy	Healthy	Healthy	Healthy	Healthy	Healthy	Healthy	Healthy	Healthy	Healthy	Healthy		Week 4 2026	9/29/2026	8:41:33 PM	20		20%	18%	1%	0%	0%	0%		(0.1)
	Woody Marks	Houston Texans	RB	RB39	5.7 	91 	0 	0.0 	0.0 	0.0 	476 	29.7 	3.9 	0.2 	29.3 	1.8 	176 	11.0 	0.8 	0.0 	0.0 	1.1 	0.0 	0.243 	1.000 	0.532 	(0)	0.000 	0.000 	122 	107 	(15)	39 	41 	2 	0.276 				-	-		-	-		-	-		-	-		4.0 	3.5 	8.1 	6.2 	6.0 	5.4 	6.3 	0.0 	5.4 	5.8 	6.4 	6.0 	5.7 	5.9 	5.9 	4.9 	5.3 		RB42	RB41	RB24	RB36	RB36	RB34	RB34	-	RB39	RB35	RB30	RB41	RB37	RB38	RB39	RB43	RB42		RB39	5.8 	0.0 	0.0 	31.6 	0.2 	1.7 	11.1 	0.1 	39 	0.269 	1.000 	0.532 	(0)	0.000 	0.000 	130 	0.280 		75 		-	-		-	-		-	-		-	-		RB36	5.2 	0.0 	0.0 	136.9 	1.0 	7.4 	48.3 	0.3 	36 	0.168 	1.000 	0.569 	(0)	0.000 	0.000 	#N/A	0.281 		15.6 		-	-		-	-		-	-		-	-					Houston Texans	Buffalo Bills	0 	0.0 	42 	0.0 	1.0 	(2)	0.0 	0.0 	0.0 	0.0 	4.0 	RB42		Houston Texans	Cincinnati Bengals	0 	0.0 	8 	0.0 	5.0 	27 	0.0 	0.0 	0.0 	0.0 	3.5 	RB41		Houston Texans	Indianapolis Colts	0 	0.0 	15 	1.0 	1.0 	6 	0.0 	0.0 	0.0 	0.0 	8.1 	RB24		Houston Texans	Dallas Cowboys	0 	0.0 	33 	0.2 	1.8 	12 	0.1 	0.0 	0.1 	0.0 	6.2 	RB36		Houston Texans	Tennessee Titans	0 	0.0 	32 	0.2 	1.7 	11 	0.1 	0.0 	0.1 	0.0 	6.0 	RB36		Houston Texans	Jacksonville Jaguars	0 	0.0 	29 	0.2 	1.7 	11 	0.1 	0.0 	0.1 	0.0 	5.4 	RB34		Houston Texans	New York Giants	0 	0.0 	34 	0.3 	1.7 	11 	0.1 	0.0 	0.1 	0.0 	6.3 	RB34		Houston Texans	BYE	0 	0.0 	0 	0.0 	0.0 	0 	0.0 	0.0 	0.0 	0.0 	0.0 	-		Houston Texans	Los Angeles Chargers	0 	0.0 	29 	0.2 	1.7 	11 	0.1 	0.0 	0.1 	0.0 	5.4 	RB39		Houston Texans	Cleveland Browns	0 	0.0 	33 	0.2 	1.7 	11 	0.1 	0.0 	0.1 	0.0 	5.8 	RB35		Houston Texans	Indianapolis Colts	0 	0.0 	35 	0.3 	1.8 	11 	0.1 	0.0 	0.1 	0.0 	6.4 	RB30		Houston Texans	Baltimore Ravens	0 	0.0 	32 	0.2 	1.7 	11 	0.1 	0.0 	0.1 	0.0 	6.0 	RB41		Houston Texans	Pittsburgh Steelers	0 	0.0 	31 	0.2 	1.7 	11 	0.1 	0.0 	0.1 	0.0 	5.7 	RB37		Houston Texans	Washington Commanders	0 	0.0 	32 	0.2 	1.7 	11 	0.1 	0.0 	0.1 	0.0 	5.9 	RB38		Houston Texans	Jacksonville Jaguars	0 	0.0 	32 	0.2 	1.7 	11 	0.1 	0.0 	0.1 	0.0 	5.9 	RB39		Houston Texans	Philadelphia Eagles	0 	0.0 	28 	0.2 	1.6 	10 	0.0 	0.0 	0.1 	0.0 	4.9 	RB43		Houston Texans	Green Bay Packers	0 	0.0 	29 	0.2 	1.7 	11 	0.1 	0.0 	0.1 	0.0 	5.3 	RB42		Actual	Actual	Actual	Forecast	Forecast	Forecast	Forecast	Forecast	Forecast	Forecast	Forecast	Forecast	Forecast	Forecast	Forecast	Forecast	Forecast		Healthy	Healthy	Healthy	Healthy	Healthy	Healthy	Healthy	Healthy	Healthy	Healthy	Healthy	Healthy	Healthy	Healthy	Healthy	Healthy	Healthy		Week 4 2026	9/29/2026	8:41:33 PM	20		5%	4%	27%	25%	0%	0%		(0.0)
	Cam Ward	Tennessee Titans	QB	QB22	14.9 	238 	3,424 	214.0 	20.5 	1.3 	207 	12.9 	3.2 	0.2 	0.0 	0.0 	0 	0.0 	0.0 	0.0 	9.4 	1.0 	0.0 	0.638 	0.460 	0.266 	0 	0.185 	0.000 	142 	194 	52 	19 	24 	5 	0.228 				-	-		-	-		-	-		-	-		11.7 	20.0 	9.4 	13.3 	14.8 	15.7 	15.0 	15.7 	0.0 	15.2 	15.5 	15.0 	15.7 	15.2 	15.9 	14.8 	14.8 		QB25	QB11	QB29	QB28	QB24	QB11	QB21	QB17	-	QB18	QB19	QB24	QB19	QB23	QB16	QB23	QB22		QB24	15.1 	224.6 	1.4 	13.6 	0.1 	0.0 	0.0 	0.0 	21 	0.703 	0.460 	0.240 	0 	0.332 	0.000 	128 	0.283 		197 		-	-		-	-		-	-		-	-		QB20	13.7 	973.2 	6.2 	58.9 	0.4 	0.0 	0.0 	0.0 	20 	0.443 	0.460 	0.253 	0 	0.069 	0.000 	#N/A	0.167 		41.2 		-	-		-	-		-	-		-	-					Tennessee Titans	New York Jets	140 	1.0 	21 	0.0 	0.0 	0 	0.0 	0.0 	0.0 	0.0 	11.7 	QB25		Tennessee Titans	Philadelphia Eagles	183 	0.0 	7 	2.0 	0.0 	0 	0.0 	0.0 	0.0 	0.0 	20.0 	QB11		Tennessee Titans	New York Giants	181 	1.0 	2 	0.0 	0.0 	0 	0.0 	1.0 	0.0 	0.0 	9.4 	QB29		Tennessee Titans	Baltimore Ravens	215 	1.1 	11 	0.1 	0.0 	0 	0.0 	0.6 	0.1 	0.0 	13.3 	QB28		Tennessee Titans	Houston Texans	222 	1.4 	13 	0.1 	0.0 	0 	0.0 	0.6 	0.1 	0.0 	14.8 	QB24		Tennessee Titans	Indianapolis Colts	229 	1.5 	14 	0.1 	0.0 	0 	0.0 	0.6 	0.1 	0.0 	15.7 	QB11		Tennessee Titans	Cleveland Browns	218 	1.4 	15 	0.1 	0.0 	0 	0.0 	0.6 	0.1 	0.0 	15.0 	QB21		Tennessee Titans	Cincinnati Bengals	232 	1.5 	13 	0.1 	0.0 	0 	0.0 	0.6 	0.1 	0.0 	15.7 	QB17		Tennessee Titans	BYE	0 	0.0 	0 	0.0 	0.0 	0 	0.0 	0.0 	0.0 	0.0 	0.0 	-		Tennessee Titans	Jacksonville Jaguars	223 	1.4 	14 	0.1 	0.0 	0 	0.0 	0.6 	0.1 	0.0 	15.2 	QB18		Tennessee Titans	Dallas Cowboys	231 	1.5 	13 	0.1 	0.0 	0 	0.0 	0.6 	0.1 	0.0 	15.5 	QB19		Tennessee Titans	Jacksonville Jaguars	227 	1.4 	13 	0.1 	0.0 	0 	0.0 	0.6 	0.1 	0.0 	15.0 	QB24		Tennessee Titans	Washington Commanders	226 	1.5 	15 	0.1 	0.0 	0 	0.0 	0.6 	0.1 	0.0 	15.7 	QB19		Tennessee Titans	Detroit Lions	231 	1.4 	12 	0.1 	0.0 	0 	0.0 	0.6 	0.1 	0.0 	15.2 	QB23		Tennessee Titans	Indianapolis Colts	228 	1.5 	15 	0.1 	0.0 	0 	0.0 	0.6 	0.1 	0.0 	15.9 	QB16		Tennessee Titans	Las Vegas Raiders	219 	1.4 	14 	0.1 	0.0 	0 	0.0 	0.6 	0.1 	0.0 	14.8 	QB23		Tennessee Titans	Pittsburgh Steelers	219 	1.4 	14 	0.1 	0.0 	0 	0.0 	0.6 	0.1 	0.0 	14.8 	QB22		Actual	Actual	Actual	Forecast	Forecast	Forecast	Forecast	Forecast	Forecast	Forecast	Forecast	Forecast	Forecast	Forecast	Forecast	Forecast	Forecast		Healthy	Healthy	Healthy	Healthy	Healthy	Healthy	Healthy	Healthy	Healthy	Healthy	Healthy	Healthy	Healthy	Healthy	Healthy	Healthy	Healthy		Week 4 2026	9/29/2026	8:41:33 PM	20		0%	0%	13%	12%	99%	99%		0.1 
	Devaughn Vele	New Orleans Saints	WR	WR46	6.1 	97 	0 	0.0 	0.0 	0.0 	0 	0.0 	0.0 	0.0 	61.1 	3.8 	711 	44.4 	4.4 	0.3 	0.0 	0.1 	0.0 	0.261 	1.000 	0.550 	0 	0.034 	0.000 	111 	249 	138 	45 	79 	34 	0.300 				-	-		-	-		-	-		-	-		12.9 	6.4 	3.9 	7.9 	7.2 	7.1 	7.0 	0.0 	5.0 	5.0 	5.0 	5.1 	4.9 	4.8 	5.0 	5.2 	5.0 		WR13	WR26	WR51	WR25	WR33	WR31	WR31	-	WR56	WR50	WR47	WR58	WR54	WR57	WR60	WR57	WR59		WR52	5.7 	0.0 	0.0 	0.0 	0.0 	3.5 	41.5 	0.3 	52 	0.265 	1.000 	0.480 	0 	0.006 	0.000 	136 	0.258 		74 		-	-		-	-		-	-		-	-		WR27	7.7 	0.0 	0.0 	0.0 	0.0 	15.4 	179.7 	1.1 	27 	0.250 	1.000 	0.730 	1 	0.122 	0.000 	#N/A	0.415 		23.2 		-	-		-	-		-	-		-	-					New Orleans Saints	Detroit Lions	0 	0.0 	0 	0.0 	7.0 	69 	1.0 	0.0 	0.0 	0.0 	12.9 	WR13		New Orleans Saints	Baltimore Ravens	0 	0.0 	0 	0.0 	5.0 	64 	0.0 	0.0 	0.0 	0.0 	6.4 	WR26		New Orleans Saints	Las Vegas Raiders	0 	0.0 	0 	0.0 	3.0 	39 	0.0 	0.0 	0.0 	0.0 	3.9 	WR51		New Orleans Saints	Atlanta Falcons	0 	0.0 	0 	0.0 	4.6 	54 	0.4 	0.0 	0.0 	0.0 	7.9 	WR25		New Orleans Saints	Minnesota Vikings	0 	0.0 	0 	0.0 	4.4 	51 	0.4 	0.0 	0.0 	0.0 	7.2 	WR33		New Orleans Saints	New York Giants	0 	0.0 	0 	0.0 	4.4 	51 	0.3 	0.0 	0.0 	0.0 	7.1 	WR31		New Orleans Saints	Pittsburgh Steelers	0 	0.0 	0 	0.0 	4.3 	50 	0.3 	0.0 	0.0 	0.0 	7.0 	WR31		New Orleans Saints	BYE	0 	0.0 	0 	0.0 	0.0 	0 	0.0 	0.0 	0.0 	0.0 	0.0 	-		New Orleans Saints	Cleveland Browns	0 	0.0 	0 	0.0 	3.1 	37 	0.2 	0.0 	0.0 	0.0 	5.0 	WR56		New Orleans Saints	Carolina Panthers	0 	0.0 	0 	0.0 	3.1 	37 	0.2 	0.0 	0.0 	0.0 	5.0 	WR50		New Orleans Saints	Chicago Bears	0 	0.0 	0 	0.0 	3.2 	37 	0.2 	0.0 	0.0 	0.0 	5.0 	WR47		New Orleans Saints	Cincinnati Bengals	0 	0.0 	0 	0.0 	3.2 	38 	0.2 	0.0 	0.0 	0.0 	5.1 	WR58		New Orleans Saints	Green Bay Packers	0 	0.0 	0 	0.0 	3.2 	37 	0.2 	0.0 	0.0 	0.0 	4.9 	WR54		New Orleans Saints	Carolina Panthers	0 	0.0 	0 	0.0 	3.1 	36 	0.2 	0.0 	0.0 	0.0 	4.8 	WR57		New Orleans Saints	Tampa Bay Buccaneers	0 	0.0 	0 	0.0 	3.2 	37 	0.2 	0.0 	0.0 	0.0 	5.0 	WR60		New Orleans Saints	Arizona Cardinals	0 	0.0 	0 	0.0 	3.2 	37 	0.2 	0.0 	0.0 	0.0 	5.2 	WR57		New Orleans Saints	Atlanta Falcons	0 	0.0 	0 	0.0 	3.1 	37 	0.2 	0.0 	0.0 	0.0 	5.0 	WR59		Actual	Actual	Actual	Forecast	Forecast	Forecast	Forecast	Forecast	Forecast	Forecast	Forecast	Forecast	Forecast	Forecast	Forecast	Forecast	Forecast		Healthy	Healthy	Healthy	Healthy	Healthy	Healthy	Healthy	Healthy	Healthy	Healthy	Healthy	Healthy	Healthy	Healthy	Healthy	Healthy	Healthy		Week 4 2026	9/29/2026	8:41:33 PM	20		15%	13%	0%	0%	0%	0%		(0.1)
	Jaylen Wright	Miami Dolphins	RB	RB43	4.9 	73 	0 	0.0 	0.0 	0.0 	400 	26.6 	3.4 	0.2 	18.0 	1.2 	117 	7.8 	0.6 	0.0 	0.0 	1.3 	0.0 	0.197 	1.000 	0.481 	(0)	0.000 	0.000 	134 	223 	89 	43 	70 	27 	0.246 																(0.1)	1.1 	0.0 	4.5 	6.0 	0.0 	6.0 	5.6 	5.8 	5.8 	5.2 	6.4 	5.0 	5.8 	5.1 	5.6 	5.5 		RB76	RB57	-	RB44	RB35	-	RB35	RB37	RB38	RB36	RB33	RB39	RB39	RB39	RB44	RB41	RB41		RB40	5.6 	0.0 	0.0 	30.0 	0.3 	1.4 	9.0 	0.0 	40 	0.258 	1.000 	0.519 	(0)	0.000 	0.000 	133 	0.272 		72 		-	-		-	-		-	-		-	-		RB83	1.0 	0.0 	0.0 	389.5 	3.4 	18.0 	117.1 	0.6 	83 	0.011 	1.000 	0.000 	(1)	0.000 	0.000 	#N/A	0.002 		1.0 		-	-		-	-		-	-		-	-					Miami Dolphins	Las Vegas Raiders	0 	0.0 	(1)	0.0 	0.0 	0 	0.0 	0.0 	0.0 	0.0 	(0.1)	RB76		Miami Dolphins	San Francisco 49ers	0 	0.0 	11 	0.0 	0.0 	0 	0.0 	0.0 	0.0 	0.0 	1.1 	RB57		Miami Dolphins	Kansas City Chiefs	0 	0.0 	0 	0.0 	0.0 	0 	0.0 	0.0 	0.0 	0.0 	0.0 	-		Miami Dolphins	Minnesota Vikings	0 	0.0 	26 	0.2 	1.3 	8 	0.0 	0.0 	0.1 	0.0 	4.5 	RB44		Miami Dolphins	Cincinnati Bengals	0 	0.0 	31 	0.3 	1.5 	9 	0.1 	0.0 	0.1 	0.0 	6.0 	RB35		Miami Dolphins	BYE	0 	0.0 	0 	0.0 	0.0 	0 	0.0 	0.0 	0.0 	0.0 	0.0 	-		Miami Dolphins	New York Jets	0 	0.0 	33 	0.3 	1.3 	9 	0.0 	0.0 	0.1 	0.0 	6.0 	RB35		Miami Dolphins	New England Patriots	0 	0.0 	30 	0.3 	1.4 	9 	0.0 	0.0 	0.1 	0.0 	5.6 	RB37		Miami Dolphins	Detroit Lions	0 	0.0 	31 	0.3 	1.4 	9 	0.1 	0.0 	0.1 	0.0 	5.8 	RB38		Miami Dolphins	Indianapolis Colts	0 	0.0 	31 	0.3 	1.4 	9 	0.1 	0.0 	0.1 	0.0 	5.8 	RB36		Miami Dolphins	Buffalo Bills	0 	0.0 	28 	0.2 	1.4 	9 	0.0 	0.0 	0.1 	0.0 	5.2 	RB33		Miami Dolphins	New York Jets	0 	0.0 	36 	0.3 	1.3 	9 	0.1 	0.0 	0.1 	0.0 	6.4 	RB39		Miami Dolphins	Denver Broncos	0 	0.0 	27 	0.2 	1.4 	9 	0.0 	0.0 	0.1 	0.0 	5.0 	RB39		Miami Dolphins	Chicago Bears	0 	0.0 	31 	0.3 	1.4 	9 	0.1 	0.0 	0.1 	0.0 	5.8 	RB39		Miami Dolphins	Green Bay Packers	0 	0.0 	28 	0.2 	1.4 	9 	0.0 	0.0 	0.1 	0.0 	5.1 	RB44		Miami Dolphins	Los Angeles Chargers	0 	0.0 	30 	0.3 	1.4 	9 	0.0 	0.0 	0.1 	0.0 	5.6 	RB41		Miami Dolphins	Buffalo Bills	0 	0.0 	29 	0.3 	1.4 	9 	0.1 	0.0 	0.1 	0.0 	5.5 	RB41		Actual	Actual	Actual	Forecast	Forecast	Forecast	Forecast	Forecast	Forecast	Forecast	Forecast	Forecast	Forecast	Forecast	Forecast	Forecast	Forecast		Healthy	Healthy	Injured	Healthy	Healthy	Healthy	Healthy	Healthy	Healthy	Healthy	Healthy	Healthy	Healthy	Healthy	Healthy	Healthy	Healthy		Week 4 2026	9/29/2026	8:41:33 PM	20		4%	4%	31%	33%	0%	0%		0.2 
	Bryce Young	Carolina Panthers	QB	QB11	16.6 	265 	3,794 	237.1 	26.4 	1.6 	179 	11.2 	2.2 	0.1 	0.0 	0.0 	0 	0.0 	0.0 	0.0 	10.4 	1.0 	0.0 	0.712 	0.460 	0.363 	1 	0.352 	0.000 	88 	204 	116 	11 	27 	16 	0.358 				-	-		-	-		-	-		-	-		31.4 	24.1 	13.6 	17.0 	0.0 	14.7 	16.1 	15.1 	14.3 	14.9 	15.2 	14.9 	14.4 	15.6 	15.6 	14.2 	14.2 		QB3	QB7	QB21	QB7	-	QB18	QB15	QB20	QB25	QB20	QB20	QB26	QB24	QB20	QB19	QB27	QB27		QB25	15.1 	219.6 	1.5 	12.5 	0.1 	0.0 	0.0 	0.0 	22 	0.702 	0.460 	0.227 	0 	0.329 	0.000 	132 	0.275 		196 		-	-		-	-		-	-		-	-		QB4	23.1 	951.7 	6.5 	54.2 	0.4 	0.0 	0.0 	0.0 	4 	0.744 	0.460 	0.433 	1 	0.572 	0.000 	#N/A	0.499 		69.2 		-	-		-	-		-	-		-	-					Carolina Panthers	Chicago Bears	361 	3.0 	10 	1.0 	0.0 	0 	0.0 	1.0 	0.0 	0.0 	31.4 	QB3		Carolina Panthers	Atlanta Falcons	287 	3.0 	6 	0.0 	0.0 	0 	0.0 	0.0 	0.0 	0.0 	24.1 	QB7		Carolina Panthers	Cleveland Browns	291 	1.0 	0 	0.0 	0.0 	0 	0.0 	1.0 	0.0 	0.0 	13.6 	QB21		Carolina Panthers	Detroit Lions	232 	1.7 	17 	0.1 	0.0 	0 	0.0 	0.6 	0.1 	0.0 	17.0 	QB7		Carolina Panthers	BYE	0 	0.0 	0 	0.0 	0.0 	0 	0.0 	0.0 	0.0 	0.0 	0.0 	-		Carolina Panthers	Philadelphia Eagles	218 	1.4 	15 	0.1 	0.0 	0 	0.0 	0.6 	0.1 	0.0 	14.7 	QB18		Carolina Panthers	Tampa Bay Buccaneers	221 	1.6 	17 	0.1 	0.0 	0 	0.0 	0.6 	0.1 	0.0 	16.1 	QB15		Carolina Panthers	Green Bay Packers	220 	1.4 	15 	0.1 	0.0 	0 	0.0 	0.6 	0.1 	0.0 	15.1 	QB20		Carolina Panthers	Denver Broncos	213 	1.4 	11 	0.1 	0.0 	0 	0.0 	0.6 	0.1 	0.0 	14.3 	QB25		Carolina Panthers	New Orleans Saints	217 	1.5 	11 	0.1 	0.0 	0 	0.0 	0.6 	0.1 	0.0 	14.9 	QB20		Carolina Panthers	Baltimore Ravens	222 	1.5 	11 	0.1 	0.0 	0 	0.0 	0.6 	0.1 	0.0 	15.2 	QB20		Carolina Panthers	Tampa Bay Buccaneers	220 	1.5 	11 	0.1 	0.0 	0 	0.0 	0.6 	0.1 	0.0 	14.9 	QB26		Carolina Panthers	Minnesota Vikings	217 	1.4 	11 	0.1 	0.0 	0 	0.0 	0.6 	0.1 	0.0 	14.4 	QB24		Carolina Panthers	New Orleans Saints	220 	1.6 	12 	0.1 	0.0 	0 	0.0 	0.6 	0.1 	0.0 	15.6 	QB20		Carolina Panthers	Cincinnati Bengals	223 	1.6 	12 	0.1 	0.0 	0 	0.0 	0.6 	0.1 	0.0 	15.6 	QB19		Carolina Panthers	Pittsburgh Steelers	215 	1.4 	10 	0.1 	0.0 	0 	0.0 	0.6 	0.1 	0.0 	14.2 	QB27		Carolina Panthers	Seattle Seahawks	218 	1.4 	10 	0.1 	0.0 	0 	0.0 	0.6 	0.1 	0.0 	14.2 	QB27		Actual	Actual	Actual	Forecast	Forecast	Forecast	Forecast	Forecast	Forecast	Forecast	Forecast	Forecast	Forecast	Forecast	Forecast	Forecast	Forecast		Healthy	Healthy	Healthy	Healthy	Healthy	Healthy	Healthy	Healthy	Healthy	Healthy	Healthy	Healthy	Healthy	Healthy	Healthy	Healthy	Healthy		Week 4 2026	9/29/2026	8:41:33 PM	20		0%	0%	10%	13%	99%	99%		(0.1)
	Brian Thomas Jr.	Jacksonville Jaguars	WR	WR52	5.4 	86 	0 	0.0 	0.0 	0.0 	0 	0.0 	0.0 	0.0 	43.6 	2.7 	626 	39.1 	4.0 	0.3 	0.0 	0.1 	0.0 	0.232 	1.000 	0.480 	(0)	0.000 	0.000 	131 	85 	(46)	52 	37 	(15)	0.251 				-	-		-	-		-	-		-	-		4.0 	4.0 	0.8 	6.2 	5.8 	5.7 	0.0 	6.3 	6.0 	6.0 	6.0 	6.0 	5.8 	5.9 	5.6 	6.1 	6.3 		WR48	WR41	WR82	WR45	WR49	WR44	-	WR42	WR48	WR43	WR40	WR50	WR48	WR49	WR52	WR48	WR47		WR51	6.0 	0.0 	0.0 	0.0 	0.0 	2.8 	41.4 	0.3 	51 	0.278 	1.000 	0.490 	0 	0.033 	0.000 	131 	0.275 		78 		-	-		-	-		-	-		-	-		WR78	2.9 	0.0 	0.0 	0.0 	0.0 	12.2 	179.3 	1.3 	78 	0.095 	1.000 	0.220 	(1)	0.000 	0.000 	#N/A	0.113 		8.8 		-	-		-	-		-	-		-	-					Jacksonville Jaguars	Cleveland Browns	0 	0.0 	0 	0.0 	3.0 	40 	0.0 	0.0 	0.0 	0.0 	4.0 	WR48		Jacksonville Jaguars	Denver Broncos	0 	0.0 	0 	0.0 	3.0 	40 	0.0 	0.0 	0.0 	0.0 	4.0 	WR41		Jacksonville Jaguars	New England Patriots	0 	0.0 	0 	0.0 	1.0 	8 	0.0 	0.0 	0.0 	0.0 	0.8 	WR82		Jacksonville Jaguars	Cincinnati Bengals	0 	0.0 	0 	0.0 	2.9 	43 	0.3 	0.0 	0.0 	0.0 	6.2 	WR45		Jacksonville Jaguars	Philadelphia Eagles	0 	0.0 	0 	0.0 	2.8 	41 	0.3 	0.0 	0.0 	0.0 	5.8 	WR49		Jacksonville Jaguars	Houston Texans	0 	0.0 	0 	0.0 	2.7 	40 	0.3 	0.0 	0.0 	0.0 	5.7 	WR44		Jacksonville Jaguars	BYE	0 	0.0 	0 	0.0 	0.0 	0 	0.0 	0.0 	0.0 	0.0 	0.0 	-		Jacksonville Jaguars	Indianapolis Colts	0 	0.0 	0 	0.0 	2.9 	42 	0.3 	0.0 	0.0 	0.0 	6.3 	WR42		Jacksonville Jaguars	Baltimore Ravens	0 	0.0 	0 	0.0 	2.9 	42 	0.3 	0.0 	0.0 	0.0 	6.0 	WR48		Jacksonville Jaguars	Tennessee Titans	0 	0.0 	0 	0.0 	2.8 	41 	0.3 	0.0 	0.0 	0.0 	6.0 	WR43		Jacksonville Jaguars	New York Giants	0 	0.0 	0 	0.0 	2.8 	41 	0.3 	0.0 	0.0 	0.0 	6.0 	WR40		Jacksonville Jaguars	Tennessee Titans	0 	0.0 	0 	0.0 	2.8 	41 	0.3 	0.0 	0.0 	0.0 	6.0 	WR50		Jacksonville Jaguars	Chicago Bears	0 	0.0 	0 	0.0 	2.8 	41 	0.3 	0.0 	0.0 	0.0 	5.8 	WR48		Jacksonville Jaguars	Pittsburgh Steelers	0 	0.0 	0 	0.0 	2.8 	41 	0.3 	0.0 	0.0 	0.0 	5.9 	WR49		Jacksonville Jaguars	Houston Texans	0 	0.0 	0 	0.0 	2.7 	40 	0.3 	0.0 	0.0 	0.0 	5.6 	WR52		Jacksonville Jaguars	Dallas Cowboys	0 	0.0 	0 	0.0 	2.9 	42 	0.3 	0.0 	0.0 	0.0 	6.1 	WR48		Jacksonville Jaguars	Washington Commanders	0 	0.0 	0 	0.0 	2.9 	43 	0.3 	0.0 	0.0 	0.0 	6.3 	WR47		Actual	Actual	Actual	Forecast	Forecast	Forecast	Forecast	Forecast	Forecast	Forecast	Forecast	Forecast	Forecast	Forecast	Forecast	Forecast	Forecast		Healthy	Healthy	Healthy	Healthy	Healthy	Healthy	Healthy	Healthy	Healthy	Healthy	Healthy	Healthy	Healthy	Healthy	Healthy	Healthy	Healthy		Week 4 2026	9/29/2026	8:41:33 PM	20		18%	19%	0%	0%	0%	0%		0.1 
	Tyjae Spears	Tennessee Titans	RB	RB42	4.8 	77 	0 	0.0 	0.0 	0.0 	356 	22.2 	1.5 	0.1 	31.3 	2.0 	276 	17.3 	1.1 	0.1 	0.0 	0.9 	0.0 	0.206 	1.000 	0.494 	(0)	0.000 	0.000 	130 	130 	0 	42 	48 	6 	0.253 				-	-		-	-		-	-		-	-		2.4 	7.0 	0.5 	4.2 	5.1 	5.3 	5.4 	5.2 	0.0 	5.4 	5.1 	5.0 	5.5 	4.9 	5.5 	5.2 	5.2 		RB53	RB26	RB56	RB49	RB41	RB35	RB37	RB38	-	RB37	RB34	RB43	RB38	RB42	RB41	RB42	RB43		RB42	5.2 	0.0 	0.0 	22.9 	0.1 	2.1 	18.1 	0.1 	42 	0.240 	1.000 	0.494 	(0)	0.000 	0.000 	137 	0.258 		67 		-	-		-	-		-	-		-	-		RB52	3.3 	0.0 	0.0 	99.3 	0.5 	9.1 	78.4 	0.4 	52 	0.107 	1.000 	0.366 	(1)	0.000 	0.000 	#N/A	0.181 		9.9 		-	-		-	-		-	-		-	-					Tennessee Titans	New York Jets	0 	0.0 	12 	0.0 	2.0 	12 	0.0 	0.0 	0.0 	0.0 	2.4 	RB53		Tennessee Titans	Philadelphia Eagles	0 	0.0 	41 	0.0 	2.0 	29 	0.0 	0.0 	0.0 	0.0 	7.0 	RB26		Tennessee Titans	New York Giants	0 	0.0 	5 	0.0 	0.0 	0 	0.0 	0.0 	0.0 	0.0 	0.5 	RB56		Tennessee Titans	Baltimore Ravens	0 	0.0 	18 	0.1 	1.9 	17 	0.1 	0.0 	0.1 	0.0 	4.2 	RB49		Tennessee Titans	Houston Texans	0 	0.0 	23 	0.1 	2.1 	18 	0.1 	0.0 	0.1 	0.0 	5.1 	RB41		Tennessee Titans	Indianapolis Colts	0 	0.0 	23 	0.1 	2.2 	19 	0.1 	0.0 	0.1 	0.0 	5.3 	RB35		Tennessee Titans	Cleveland Browns	0 	0.0 	25 	0.1 	2.0 	18 	0.1 	0.0 	0.1 	0.0 	5.4 	RB37		Tennessee Titans	Cincinnati Bengals	0 	0.0 	22 	0.1 	2.2 	19 	0.1 	0.0 	0.1 	0.0 	5.2 	RB38		Tennessee Titans	BYE	0 	0.0 	0 	0.0 	0.0 	0 	0.0 	0.0 	0.0 	0.0 	0.0 	-		Tennessee Titans	Jacksonville Jaguars	0 	0.0 	24 	0.1 	2.1 	18 	0.1 	0.0 	0.1 	0.0 	5.4 	RB37		Tennessee Titans	Dallas Cowboys	0 	0.0 	22 	0.1 	2.2 	19 	0.1 	0.0 	0.1 	0.0 	5.1 	RB34		Tennessee Titans	Jacksonville Jaguars	0 	0.0 	22 	0.1 	2.1 	18 	0.1 	0.0 	0.1 	0.0 	5.0 	RB43		Tennessee Titans	Washington Commanders	0 	0.0 	25 	0.1 	2.1 	18 	0.1 	0.0 	0.1 	0.0 	5.5 	RB38		Tennessee Titans	Detroit Lions	0 	0.0 	21 	0.1 	2.2 	19 	0.1 	0.0 	0.1 	0.0 	4.9 	RB42		Tennessee Titans	Indianapolis Colts	0 	0.0 	25 	0.1 	2.1 	18 	0.1 	0.0 	0.1 	0.0 	5.5 	RB41		Tennessee Titans	Las Vegas Raiders	0 	0.0 	24 	0.1 	2.1 	18 	0.1 	0.0 	0.1 	0.0 	5.2 	RB42		Tennessee Titans	Pittsburgh Steelers	0 	0.0 	24 	0.1 	2.1 	18 	0.1 	0.0 	0.1 	0.0 	5.2 	RB43		Actual	Actual	Actual	Forecast	Forecast	Forecast	Forecast	Forecast	Forecast	Forecast	Forecast	Forecast	Forecast	Forecast	Forecast	Forecast	Forecast		Healthy	Healthy	Healthy	Limited / Handicapped	Healthy	Healthy	Healthy	Healthy	Healthy	Healthy	Healthy	Healthy	Healthy	Healthy	Healthy	Healthy	Healthy		Week 4 2026	9/29/2026	8:41:33 PM	20		8%	6%	22%	15%	0%	0%		0.1 
	Jordan Mason	Minnesota Vikings	RB	RB40	6.9 	83 	0 	0.0 	0.0 	0.0 	535 	44.6 	4.4 	0.4 	9.7 	0.8 	48 	4.0 	0.2 	0.0 	0.0 	1.3 	0.0 	0.223 	1.000 	0.519 	(0)	0.000 	0.000 	125 	91 	(34)	40 	37 	(3)	0.267 				-	-		-	-		-	-		-	-		11.9 	0.0 	0.0 	0.0 	0.0 	0.0 	7.0 	6.0 	6.5 	5.9 	6.0 	7.2 	6.8 	5.7 	6.5 	7.0 	6.5 		RB17	-	-	-	-	-	RB30	RB35	RB35	RB34	RB31	RB35	RB33	RB40	RB37	RB35	RB36		RB41	6.5 	0.0 	0.0 	43.2 	0.3 	0.9 	4.4 	0.0 	41 	0.255 	1.000 	0.506 	(0)	0.000 	0.000 	134 	0.266 		71 		-	-		-	-		-	-		-	-		RB44	11.9 	0.0 	0.0 	475.7 	3.4 	9.7 	48.4 	0.2 	44 	0.128 	1.000 	0.468 	(0)	0.000 	0.000 	#N/A	0.230 		11.9 		-	-		-	-		-	-		-	-					Minnesota Vikings	Green Bay Packers	0 	0.0 	59 	1.0 	0.0 	0 	0.0 	0.0 	0.0 	0.0 	11.9 	RB17		Minnesota Vikings	Chicago Bears	0 	0.0 	0 	0.0 	0.0 	0 	0.0 	0.0 	0.0 	0.0 	0.0 	-		Minnesota Vikings	Tampa Bay Buccaneers	0 	0.0 	0 	0.0 	0.0 	0 	0.0 	0.0 	0.0 	0.0 	0.0 	-		Minnesota Vikings	Miami Dolphins	0 	0.0 	0 	0.0 	0.0 	0 	0.0 	0.0 	0.0 	0.0 	0.0 	-		Minnesota Vikings	New Orleans Saints	0 	0.0 	0 	0.0 	0.0 	0 	0.0 	0.0 	0.0 	0.0 	0.0 	-		Minnesota Vikings	BYE	0 	0.0 	0 	0.0 	0.0 	0 	0.0 	0.0 	0.0 	0.0 	0.0 	-		Minnesota Vikings	Indianapolis Colts	0 	0.0 	46 	0.3 	0.9 	4 	0.0 	0.0 	0.1 	0.0 	7.0 	RB30		Minnesota Vikings	Detroit Lions	0 	0.0 	40 	0.3 	0.9 	4 	0.0 	0.0 	0.1 	0.0 	6.0 	RB35		Minnesota Vikings	Buffalo Bills	0 	0.0 	43 	0.3 	0.9 	4 	0.0 	0.0 	0.1 	0.0 	6.5 	RB35		Minnesota Vikings	Green Bay Packers	0 	0.0 	40 	0.3 	0.9 	4 	0.0 	0.0 	0.1 	0.0 	5.9 	RB34		Minnesota Vikings	San Francisco 49ers	0 	0.0 	40 	0.3 	0.9 	4 	0.0 	0.0 	0.1 	0.0 	6.0 	RB31		Minnesota Vikings	Atlanta Falcons	0 	0.0 	48 	0.4 	0.9 	4 	0.0 	0.0 	0.1 	0.0 	7.2 	RB35		Minnesota Vikings	Carolina Panthers	0 	0.0 	45 	0.3 	0.9 	4 	0.0 	0.0 	0.1 	0.0 	6.8 	RB33		Minnesota Vikings	New England Patriots	0 	0.0 	39 	0.3 	0.9 	4 	0.0 	0.0 	0.1 	0.0 	5.7 	RB40		Minnesota Vikings	Detroit Lions	0 	0.0 	43 	0.3 	0.9 	4 	0.0 	0.0 	0.1 	0.0 	6.5 	RB37		Minnesota Vikings	Washington Commanders	0 	0.0 	46 	0.3 	0.9 	4 	0.0 	0.0 	0.1 	0.0 	7.0 	RB35		Minnesota Vikings	New York Jets	0 	0.0 	44 	0.3 	0.9 	4 	0.0 	0.0 	0.1 	0.0 	6.5 	RB36		Actual	Actual	Actual	Forecast	Forecast	Forecast	Forecast	Forecast	Forecast	Forecast	Forecast	Forecast	Forecast	Forecast	Forecast	Forecast	Forecast		Healthy	Injured	Injured	Injured	Injured	Healthy	Healthy	Healthy	Healthy	Healthy	Healthy	Healthy	Healthy	Healthy	Healthy	Healthy	Healthy		Week 4 2026	9/29/2026	8:41:33 PM	20		2%	1%	36%	37%	0%	0%		0.0 
	Courtland Sutton	Denver Broncos	WR	WR59	5.0 	79 	0 	0.0 	0.0 	0.0 	0 	0.0 	0.0 	0.0 	50.6 	3.2 	580 	36.2 	3.6 	0.2 	0.0 	0.1 	0.0 	0.213 	1.000 	0.410 	(0)	0.000 	0.000 	148 	77 	(71)	59 	33 	(26)	0.216 				-	-		-	-		-	-		-	-		1.1 	2.5 	4.6 	5.5 	5.4 	5.4 	5.6 	5.5 	5.5 	0.0 	5.5 	5.2 	5.6 	5.4 	5.4 	5.6 	5.3 		WR81	WR62	WR45	WR52	WR50	WR45	WR46	WR48	WR50	-	WR43	WR56	WR49	WR51	WR55	WR54	WR55		WR53	5.5 	0.0 	0.0 	0.0 	0.0 	3.3 	38.3 	0.3 	53 	0.254 	1.000 	0.470 	(0)	0.000 	0.000 	139 	0.250 		71 		-	-		-	-		-	-		-	-		WR83	2.7 	0.0 	0.0 	0.0 	0.0 	14.2 	166.0 	1.2 	83 	0.088 	1.000 	0.170 	(1)	0.000 	0.000 	#N/A	0.090 		8.2 		-	-		-	-		-	-		-	-					Denver Broncos	Kansas City Chiefs	0 	0.0 	0 	0.0 	2.0 	11 	0.0 	0.0 	0.0 	0.0 	1.1 	WR81		Denver Broncos	Jacksonville Jaguars	0 	0.0 	0 	0.0 	3.0 	25 	0.0 	0.0 	0.0 	0.0 	2.5 	WR62		Denver Broncos	Los Angeles Rams	0 	0.0 	0 	0.0 	3.0 	46 	0.0 	0.0 	0.0 	0.0 	4.6 	WR45		Denver Broncos	San Francisco 49ers	0 	0.0 	0 	0.0 	3.3 	39 	0.3 	0.0 	0.0 	0.0 	5.5 	WR52		Denver Broncos	Los Angeles Chargers	0 	0.0 	0 	0.0 	3.3 	38 	0.3 	0.0 	0.0 	0.0 	5.4 	WR50		Denver Broncos	Seattle Seahawks	0 	0.0 	0 	0.0 	3.3 	38 	0.3 	0.0 	0.0 	0.0 	5.4 	WR45		Denver Broncos	Arizona Cardinals	0 	0.0 	0 	0.0 	3.3 	39 	0.3 	0.0 	0.0 	0.0 	5.6 	WR46		Denver Broncos	Kansas City Chiefs	0 	0.0 	0 	0.0 	3.3 	39 	0.3 	0.0 	0.0 	0.0 	5.5 	WR48		Denver Broncos	Carolina Panthers	0 	0.0 	0 	0.0 	3.3 	39 	0.3 	0.0 	0.0 	0.0 	5.5 	WR50		Denver Broncos	BYE	0 	0.0 	0 	0.0 	0.0 	0 	0.0 	0.0 	0.0 	0.0 	0.0 	-		Denver Broncos	Las Vegas Raiders	0 	0.0 	0 	0.0 	3.3 	38 	0.3 	0.0 	0.0 	0.0 	5.5 	WR43		Denver Broncos	Pittsburgh Steelers	0 	0.0 	0 	0.0 	3.2 	37 	0.3 	0.0 	0.0 	0.0 	5.2 	WR56		Denver Broncos	Miami Dolphins	0 	0.0 	0 	0.0 	3.3 	38 	0.3 	0.0 	0.0 	0.0 	5.6 	WR49		Denver Broncos	New York Jets	0 	0.0 	0 	0.0 	3.2 	38 	0.3 	0.0 	0.0 	0.0 	5.4 	WR51		Denver Broncos	Las Vegas Raiders	0 	0.0 	0 	0.0 	3.2 	38 	0.3 	0.0 	0.0 	0.0 	5.4 	WR55		Denver Broncos	Buffalo Bills	0 	0.0 	0 	0.0 	3.4 	39 	0.3 	0.0 	0.0 	0.0 	5.6 	WR54		Denver Broncos	New England Patriots	0 	0.0 	0 	0.0 	3.2 	38 	0.3 	0.0 	0.0 	0.0 	5.3 	WR55		Actual	Actual	Actual	Forecast	Forecast	Forecast	Forecast	Forecast	Forecast	Forecast	Forecast	Forecast	Forecast	Forecast	Forecast	Forecast	Forecast		Healthy	Healthy	Healthy	Healthy	Healthy	Healthy	Healthy	Healthy	Healthy	Healthy	Healthy	Healthy	Healthy	Healthy	Healthy	Healthy	Healthy		Week 4 2026	9/29/2026	8:41:33 PM	20		17%	19%	0%	0%	0%	0%		0.1 
	Kenyon Sadiq	New York Jets	TE	TE16	5.8 	93 	0 	0.0 	0.0 	0.0 	3 	0.2 	1.0 	0.1 	53.6 	3.3 	613 	38.3 	4.3 	0.3 	0.0 	0.1 	0.0 	0.250 	0.560 	0.441 	0 	0.191 	0.000 	112 	157 	45 	15 	21 	6 	0.300 				-	-		-	-		-	-		-	-		8.4 	1.7 	16.5 	5.2 	5.2 	5.0 	5.3 	5.2 	4.9 	5.4 	4.9 	5.1 	0.0 	5.0 	5.2 	5.0 	5.0 		TE11	TE23	TE4	TE16	TE17	TE17	TE17	TE15	TE21	TE17	TE19	TE18	-	TE18	TE19	TE21	TE21		TE20	5.1 	0.0 	0.0 	0.0 	0.0 	3.2 	36.1 	0.3 	19 	0.238 	0.560 	0.404 	0 	0.109 	0.000 	142 	0.246 		67 		-	-		-	-		-	-		-	-		TE6	8.9 	0.0 	0.0 	0.0 	0.0 	13.9 	156.6 	1.1 	6 	0.286 	0.560 	0.518 	1 	0.587 	0.000 	#N/A	0.514 		26.6 		-	-		-	-		-	-		-	-					New York Jets	Tennessee Titans	0 	0.0 	3 	1.0 	3.0 	21 	0.0 	0.0 	0.0 	0.0 	8.4 	TE11		New York Jets	Green Bay Packers	0 	0.0 	0 	0.0 	2.0 	17 	0.0 	0.0 	0.0 	0.0 	1.7 	TE23		New York Jets	Detroit Lions	0 	0.0 	0 	0.0 	7.0 	105 	1.0 	0.0 	0.0 	0.0 	16.5 	TE4		New York Jets	Chicago Bears	0 	0.0 	0 	0.0 	3.2 	36 	0.3 	0.0 	0.0 	0.0 	5.2 	TE16		New York Jets	Cleveland Browns	0 	0.0 	0 	0.0 	3.2 	36 	0.3 	0.0 	0.0 	0.0 	5.2 	TE17		New York Jets	New England Patriots	0 	0.0 	0 	0.0 	3.2 	36 	0.2 	0.0 	0.0 	0.0 	5.0 	TE17		New York Jets	Miami Dolphins	0 	0.0 	0 	0.0 	3.2 	37 	0.3 	0.0 	0.0 	0.0 	5.3 	TE17		New York Jets	Las Vegas Raiders	0 	0.0 	0 	0.0 	3.2 	36 	0.3 	0.0 	0.0 	0.0 	5.2 	TE15		New York Jets	Kansas City Chiefs	0 	0.0 	0 	0.0 	3.2 	36 	0.2 	0.0 	0.0 	0.0 	4.9 	TE21		New York Jets	Buffalo Bills	0 	0.0 	0 	0.0 	3.3 	38 	0.3 	0.0 	0.0 	0.0 	5.4 	TE17		New York Jets	Los Angeles Chargers	0 	0.0 	0 	0.0 	3.2 	36 	0.2 	0.0 	0.0 	0.0 	4.9 	TE19		New York Jets	Miami Dolphins	0 	0.0 	0 	0.0 	3.2 	36 	0.3 	0.0 	0.0 	0.0 	5.1 	TE18		New York Jets	BYE	0 	0.0 	0 	0.0 	0.0 	0 	0.0 	0.0 	0.0 	0.0 	0.0 	-		New York Jets	Denver Broncos	0 	0.0 	0 	0.0 	3.2 	36 	0.2 	0.0 	0.0 	0.0 	5.0 	TE18		New York Jets	Arizona Cardinals	0 	0.0 	0 	0.0 	3.2 	36 	0.3 	0.0 	0.0 	0.0 	5.2 	TE19		New York Jets	New England Patriots	0 	0.0 	0 	0.0 	3.2 	36 	0.2 	0.0 	0.0 	0.0 	5.0 	TE21		New York Jets	Minnesota Vikings	0 	0.0 	0 	0.0 	3.2 	36 	0.2 	0.0 	0.0 	0.0 	5.0 	TE21		Actual	Actual	Actual	Forecast	Forecast	Forecast	Forecast	Forecast	Forecast	Forecast	Forecast	Forecast	Forecast	Forecast	Forecast	Forecast	Forecast		Healthy	Healthy	Healthy	Healthy	Healthy	Healthy	Healthy	Healthy	Healthy	Healthy	Healthy	Healthy	Healthy	Healthy	Healthy	Healthy	Healthy		Week 4 2026	9/29/2026	8:41:33 PM	20		17%	20%	0%	0%	0%	0%		(0.2)
	Alvin Kamara	New Orleans Saints	RB	RB46	4.3 	65 	0 	0.0 	0.0 	0.0 	344 	23.0 	1.5 	0.1 	40.3 	2.7 	204 	13.6 	0.5 	0.0 	0.0 	1.0 	0.0 	0.174 	1.000 	0.443 	(1)	0.000 	0.000 	144 	144 	0 	46 	52 	6 	0.225 				-	-		-	-		-	-		-	-		0.0 	2.2 	4.1 	6.6 	5.8 	5.7 	4.0 	0.0 	4.3 	4.3 	3.7 	3.8 	3.9 	4.0 	3.9 	4.6 	4.1 		-	RB49	RB39	RB35	RB37	RB33	RB43	-	RB44	RB41	RB41	RB49	RB46	RB45	RB48	RB46	RB48		RB45	4.5 	0.0 	0.0 	22.6 	0.1 	2.6 	14.8 	0.0 	45 	0.210 	1.000 	0.456 	(1)	0.000 	0.000 	147 	0.236 		59 		-	-		-	-		-	-		-	-		RB62	3.2 	0.0 	0.0 	146.7 	0.8 	17.1 	96.0 	0.3 	62 	0.068 	1.000 	0.238 	(1)	0.000 	0.000 	#N/A	0.117 		6.3 		-	-		-	-		-	-		-	-					New Orleans Saints	Detroit Lions	0 	0.0 	0 	0.0 	0.0 	0 	0.0 	0.0 	0.0 	0.0 	0.0 	-		New Orleans Saints	Baltimore Ravens	0 	0.0 	15 	0.0 	5.0 	7 	0.0 	0.0 	0.0 	0.0 	2.2 	RB49		New Orleans Saints	Las Vegas Raiders	0 	0.0 	36 	0.0 	1.0 	5 	0.0 	0.0 	0.0 	0.0 	4.1 	RB39		New Orleans Saints	Atlanta Falcons	0 	0.0 	35 	0.2 	2.8 	15 	0.1 	0.0 	0.1 	0.0 	6.6 	RB35		New Orleans Saints	Minnesota Vikings	0 	0.0 	31 	0.2 	2.6 	15 	0.1 	0.0 	0.1 	0.0 	5.8 	RB37		New Orleans Saints	New York Giants	0 	0.0 	31 	0.2 	2.6 	15 	0.0 	0.0 	0.1 	0.0 	5.7 	RB33		New Orleans Saints	Pittsburgh Steelers	0 	0.0 	19 	0.1 	2.6 	14 	0.0 	0.0 	0.1 	0.0 	4.0 	RB43		New Orleans Saints	BYE	0 	0.0 	0 	0.0 	0.0 	0 	0.0 	0.0 	0.0 	0.0 	0.0 	-		New Orleans Saints	Cleveland Browns	0 	0.0 	21 	0.1 	2.6 	15 	0.0 	0.0 	0.1 	0.0 	4.3 	RB44		New Orleans Saints	Carolina Panthers	0 	0.0 	21 	0.1 	2.6 	15 	0.0 	0.0 	0.1 	0.0 	4.3 	RB41		New Orleans Saints	Chicago Bears	0 	0.0 	17 	0.1 	2.7 	15 	0.0 	0.0 	0.1 	0.0 	3.7 	RB41		New Orleans Saints	Cincinnati Bengals	0 	0.0 	18 	0.1 	2.7 	15 	0.0 	0.0 	0.1 	0.0 	3.8 	RB49		New Orleans Saints	Green Bay Packers	0 	0.0 	19 	0.1 	2.6 	15 	0.0 	0.0 	0.1 	0.0 	3.9 	RB46		New Orleans Saints	Carolina Panthers	0 	0.0 	20 	0.1 	2.6 	14 	0.0 	0.0 	0.1 	0.0 	4.0 	RB45		New Orleans Saints	Tampa Bay Buccaneers	0 	0.0 	19 	0.1 	2.7 	15 	0.0 	0.0 	0.1 	0.0 	3.9 	RB48		New Orleans Saints	Arizona Cardinals	0 	0.0 	23 	0.1 	2.7 	15 	0.0 	0.0 	0.1 	0.0 	4.6 	RB46		New Orleans Saints	Atlanta Falcons	0 	0.0 	20 	0.1 	2.6 	15 	0.0 	0.0 	0.1 	0.0 	4.1 	RB48		Actual	Actual	Actual	Forecast	Forecast	Forecast	Forecast	Forecast	Forecast	Forecast	Forecast	Forecast	Forecast	Forecast	Forecast	Forecast	Forecast		Injured	Healthy	Healthy	Healthy	Healthy	Healthy	Healthy	Healthy	Healthy	Healthy	Healthy	Healthy	Healthy	Healthy	Healthy	Healthy	Healthy		Week 4 2026	9/29/2026	8:41:33 PM	20		6%	2%	22%	15%	0%	0%		0.1 
	Keenan Allen	Indianapolis Colts	WR	WR58	5.0 	80 	0 	0.0 	0.0 	0.0 	0 	0.0 	0.0 	0.0 	68.9 	4.3 	575 	36.0 	3.7 	0.2 	0.0 	0.1 	0.0 	0.214 	1.000 	0.420 	(0)	0.000 	0.000 	145 	218 	73 	58 	72 	14 	0.221 				-	-		-	-		-	-		-	-		3.2 	0.5 	12.3 	5.0 	4.8 	5.0 	4.7 	4.9 	5.1 	4.9 	4.7 	5.0 	0.0 	4.8 	4.9 	5.1 	4.7 		WR59	WR82	WR16	WR54	WR60	WR49	WR51	WR55	WR54	WR51	WR55	WR60	-	WR60	WR62	WR58	WR63		WR59	4.9 	0.0 	0.0 	0.0 	0.0 	4.3 	36.6 	0.2 	59 	0.228 	1.000 	0.410 	(0)	0.000 	0.000 	154 	0.219 		64 		-	-		-	-		-	-		-	-		WR47	5.3 	0.0 	0.0 	0.0 	0.0 	18.6 	158.5 	0.9 	47 	0.172 	1.000 	0.530 	0 	0.004 	0.000 	#N/A	0.266 		16.0 		-	-		-	-		-	-		-	-					Indianapolis Colts	Baltimore Ravens	0 	0.0 	0 	0.0 	6.0 	32 	0.0 	0.0 	0.0 	0.0 	3.2 	WR59		Indianapolis Colts	Kansas City Chiefs	0 	0.0 	0 	0.0 	1.0 	5 	0.0 	0.0 	0.0 	0.0 	0.5 	WR82		Indianapolis Colts	Houston Texans	0 	0.0 	0 	0.0 	6.0 	63 	1.0 	0.0 	0.0 	0.0 	12.3 	WR16		Indianapolis Colts	Washington Commanders	0 	0.0 	0 	0.0 	4.3 	37 	0.2 	0.0 	0.0 	0.0 	5.0 	WR54		Indianapolis Colts	Pittsburgh Steelers	0 	0.0 	0 	0.0 	4.2 	36 	0.2 	0.0 	0.0 	0.0 	4.8 	WR60		Indianapolis Colts	Tennessee Titans	0 	0.0 	0 	0.0 	4.3 	37 	0.2 	0.0 	0.0 	0.0 	5.0 	WR49		Indianapolis Colts	Minnesota Vikings	0 	0.0 	0 	0.0 	4.2 	36 	0.2 	0.0 	0.0 	0.0 	4.7 	WR51		Indianapolis Colts	Jacksonville Jaguars	0 	0.0 	0 	0.0 	4.3 	37 	0.2 	0.0 	0.0 	0.0 	4.9 	WR55		Indianapolis Colts	Dallas Cowboys	0 	0.0 	0 	0.0 	4.5 	38 	0.2 	0.0 	0.0 	0.0 	5.1 	WR54		Indianapolis Colts	Miami Dolphins	0 	0.0 	0 	0.0 	4.2 	36 	0.2 	0.0 	0.0 	0.0 	4.9 	WR51		Indianapolis Colts	Houston Texans	0 	0.0 	0 	0.0 	4.2 	36 	0.2 	0.0 	0.0 	0.0 	4.7 	WR55		Indianapolis Colts	New York Giants	0 	0.0 	0 	0.0 	4.3 	37 	0.2 	0.0 	0.0 	0.0 	5.0 	WR60		Indianapolis Colts	BYE	0 	0.0 	0 	0.0 	0.0 	0 	0.0 	0.0 	0.0 	0.0 	0.0 	-		Indianapolis Colts	Philadelphia Eagles	0 	0.0 	0 	0.0 	4.3 	36 	0.2 	0.0 	0.0 	0.0 	4.8 	WR60		Indianapolis Colts	Tennessee Titans	0 	0.0 	0 	0.0 	4.3 	36 	0.2 	0.0 	0.0 	0.0 	4.9 	WR62		Indianapolis Colts	Cincinnati Bengals	0 	0.0 	0 	0.0 	4.5 	38 	0.2 	0.0 	0.0 	0.0 	5.1 	WR58		Indianapolis Colts	Cleveland Browns	0 	0.0 	0 	0.0 	4.2 	36 	0.2 	0.0 	0.0 	0.0 	4.7 	WR63		Actual	Actual	Actual	Forecast	Forecast	Forecast	Forecast	Forecast	Forecast	Forecast	Forecast	Forecast	Forecast	Forecast	Forecast	Forecast	Forecast		Healthy	Healthy	Healthy	Healthy	Healthy	Healthy	Healthy	Healthy	Healthy	Healthy	Healthy	Healthy	Healthy	Healthy	Healthy	Healthy	Healthy		Week 4 2026	9/29/2026	8:41:33 PM	20		16%	16%	0%	0%	0%	0%		(0.0)
	Kyle Pitts Sr.	Atlanta Falcons	TE	TE24	4.5 	68 	0 	0.0 	0.0 	0.0 	0 	0.0 	0.0 	0.0 	43.6 	2.9 	499 	33.2 	3.0 	0.2 	0.0 	0.1 	0.0 	0.182 	0.560 	0.357 	(0)	0.000 	0.000 	173 	78 	(95)	24 	7 	(17)	0.170 				-	-		-	-		-	-		-	-		0.0 	1.5 	0.5 	5.1 	5.2 	5.1 	5.1 	5.0 	5.3 	5.0 	0.0 	4.8 	5.2 	4.7 	5.1 	5.0 	5.0 		-	TE28	TE29	TE18	TE18	TE16	TE21	TE18	TE19	TE19	-	TE22	TE15	TE20	TE22	TE20	TE20		TE21	5.1 	0.0 	0.0 	0.0 	0.0 	3.2 	36.8 	0.2 	20 	0.235 	0.560 	0.395 	0 	0.098 	0.000 	146 	0.237 		66 		-	-		-	-		-	-		-	-		TE60	1.0 	0.0 	0.0 	0.0 	0.0 	20.8 	239.3 	1.5 	60 	0.022 	0.560 	0.000 	(1)	0.000 	0.000 	#N/A	0.003 		2.0 		-	-		-	-		-	-		-	-					Atlanta Falcons	Pittsburgh Steelers	0 	0.0 	0 	0.0 	0.0 	0 	0.0 	0.0 	0.0 	0.0 	0.0 	-		Atlanta Falcons	Carolina Panthers	0 	0.0 	0 	0.0 	1.0 	15 	0.0 	0.0 	0.0 	0.0 	1.5 	TE28		Atlanta Falcons	Green Bay Packers	0 	0.0 	0 	0.0 	1.0 	5 	0.0 	0.0 	0.0 	0.0 	0.5 	TE29		Atlanta Falcons	New Orleans Saints	0 	0.0 	0 	0.0 	3.2 	37 	0.2 	0.0 	0.0 	0.0 	5.1 	TE18		Atlanta Falcons	Baltimore Ravens	0 	0.0 	0 	0.0 	3.3 	37 	0.2 	0.0 	0.0 	0.0 	5.2 	TE18		Atlanta Falcons	Chicago Bears	0 	0.0 	0 	0.0 	3.2 	37 	0.2 	0.0 	0.0 	0.0 	5.1 	TE16		Atlanta Falcons	San Francisco 49ers	0 	0.0 	0 	0.0 	3.2 	37 	0.2 	0.0 	0.0 	0.0 	5.1 	TE21		Atlanta Falcons	Tampa Bay Buccaneers	0 	0.0 	0 	0.0 	3.2 	37 	0.2 	0.0 	0.0 	0.0 	5.0 	TE18		Atlanta Falcons	Cincinnati Bengals	0 	0.0 	0 	0.0 	3.3 	38 	0.2 	0.0 	0.0 	0.0 	5.3 	TE19		Atlanta Falcons	Kansas City Chiefs	0 	0.0 	0 	0.0 	3.2 	37 	0.2 	0.0 	0.0 	0.0 	5.0 	TE19		Atlanta Falcons	BYE	0 	0.0 	0 	0.0 	0.0 	0 	0.0 	0.0 	0.0 	0.0 	0.0 	-		Atlanta Falcons	Minnesota Vikings	0 	0.0 	0 	0.0 	3.1 	36 	0.2 	0.0 	0.0 	0.0 	4.8 	TE22		Atlanta Falcons	Detroit Lions	0 	0.0 	0 	0.0 	3.3 	38 	0.2 	0.0 	0.0 	0.0 	5.2 	TE15		Atlanta Falcons	Cleveland Browns	0 	0.0 	0 	0.0 	3.0 	35 	0.2 	0.0 	0.0 	0.0 	4.7 	TE20		Atlanta Falcons	Washington Commanders	0 	0.0 	0 	0.0 	3.2 	37 	0.2 	0.0 	0.0 	0.0 	5.1 	TE22		Atlanta Falcons	Tampa Bay Buccaneers	0 	0.0 	0 	0.0 	3.2 	37 	0.2 	0.0 	0.0 	0.0 	5.0 	TE20		Atlanta Falcons	New Orleans Saints	0 	0.0 	0 	0.0 	3.2 	36 	0.2 	0.0 	0.0 	0.0 	5.0 	TE20		Actual	Actual	Actual	Forecast	Forecast	Forecast	Forecast	Forecast	Forecast	Forecast	Forecast	Forecast	Forecast	Forecast	Forecast	Forecast	Forecast		Healthy	Healthy	Healthy	Healthy	Healthy	Healthy	Healthy	Healthy	Healthy	Healthy	Healthy	Healthy	Healthy	Healthy	Healthy	Healthy	Healthy		Week 4 2026	9/29/2026	8:41:33 PM	20		18%	18%	0%	0%	0%	0%		0.2 
	Adonai Mitchell	New York Jets	WR	WR56	5.4 	81 	0 	0.0 	0.0 	0.0 	0 	0.0 	0.0 	0.0 	49.2 	3.3 	646 	43.1 	2.8 	0.2 	0.0 	0.1 	0.0 	0.218 	1.000 	0.440 	(0)	0.000 	0.000 	141 	196 	55 	56 	66 	10 	0.231 				-	-		-	-		-	-		-	-		6.0 	6.3 	0.0 	5.1 	5.4 	5.2 	5.5 	5.4 	5.2 	5.6 	5.2 	5.3 	0.0 	5.2 	5.4 	5.2 	5.2 		WR34	WR27	-	WR53	WR51	WR47	WR47	WR50	WR53	WR46	WR46	WR55	-	WR53	WR56	WR56	WR56		WR55	5.3 	0.0 	0.0 	0.0 	0.0 	3.1 	40.2 	0.2 	55 	0.246 	1.000 	0.450 	(0)	0.000 	0.000 	145 	0.239 		69 		-	-		-	-		-	-		-	-		WR63	6.2 	0.0 	0.0 	0.0 	0.0 	20.1 	261.5 	1.4 	63 	0.132 	1.000 	0.370 	(0)	0.000 	0.000 	#N/A	0.186 		12.3 		-	-		-	-		-	-		-	-					New York Jets	Tennessee Titans	0 	0.0 	0 	0.0 	3.0 	60 	0.0 	0.0 	0.0 	0.0 	6.0 	WR34		New York Jets	Green Bay Packers	0 	0.0 	0 	0.0 	6.0 	63 	0.0 	0.0 	0.0 	0.0 	6.3 	WR27		New York Jets	Detroit Lions	0 	0.0 	0 	0.0 	0.0 	0 	0.0 	0.0 	0.0 	0.0 	0.0 	-		New York Jets	Chicago Bears	0 	0.0 	0 	0.0 	3.0 	39 	0.2 	0.0 	0.0 	0.0 	5.1 	WR53		New York Jets	Cleveland Browns	0 	0.0 	0 	0.0 	3.1 	40 	0.2 	0.0 	0.0 	0.0 	5.4 	WR51		New York Jets	New England Patriots	0 	0.0 	0 	0.0 	3.1 	41 	0.2 	0.0 	0.0 	0.0 	5.2 	WR47		New York Jets	Miami Dolphins	0 	0.0 	0 	0.0 	3.1 	41 	0.2 	0.0 	0.0 	0.0 	5.5 	WR47		New York Jets	Las Vegas Raiders	0 	0.0 	0 	0.0 	3.1 	40 	0.2 	0.0 	0.0 	0.0 	5.4 	WR50		New York Jets	Kansas City Chiefs	0 	0.0 	0 	0.0 	3.1 	40 	0.2 	0.0 	0.0 	0.0 	5.2 	WR53		New York Jets	Buffalo Bills	0 	0.0 	0 	0.0 	3.2 	42 	0.2 	0.0 	0.0 	0.0 	5.6 	WR46		New York Jets	Los Angeles Chargers	0 	0.0 	0 	0.0 	3.1 	40 	0.2 	0.0 	0.0 	0.0 	5.2 	WR46		New York Jets	Miami Dolphins	0 	0.0 	0 	0.0 	3.1 	40 	0.2 	0.0 	0.0 	0.0 	5.3 	WR55		New York Jets	BYE	0 	0.0 	0 	0.0 	0.0 	0 	0.0 	0.0 	0.0 	0.0 	0.0 	-		New York Jets	Denver Broncos	0 	0.0 	0 	0.0 	3.1 	40 	0.2 	0.0 	0.0 	0.0 	5.2 	WR53		New York Jets	Arizona Cardinals	0 	0.0 	0 	0.0 	3.1 	40 	0.2 	0.0 	0.0 	0.0 	5.4 	WR56		New York Jets	New England Patriots	0 	0.0 	0 	0.0 	3.1 	40 	0.2 	0.0 	0.0 	0.0 	5.2 	WR56		New York Jets	Minnesota Vikings	0 	0.0 	0 	0.0 	3.1 	40 	0.2 	0.0 	0.0 	0.0 	5.2 	WR56		Actual	Actual	Actual	Forecast	Forecast	Forecast	Forecast	Forecast	Forecast	Forecast	Forecast	Forecast	Forecast	Forecast	Forecast	Forecast	Forecast		Healthy	Healthy	Injured	Limited / Handicapped	Healthy	Healthy	Healthy	Healthy	Healthy	Healthy	Healthy	Healthy	Healthy	Healthy	Healthy	Healthy	Healthy		Week 4 2026	9/29/2026	8:41:33 PM	20		19%	17%	0%	0%	0%	0%		0.0 
	Daniel Jones	Indianapolis Colts	QB	QB30	13.7 	219 	3,552 	222.0 	20.0 	1.2 	159 	10.0 	1.7 	0.1 	0.0 	0.0 	0 	0.0 	0.0 	0.0 	11.4 	3.0 	0.0 	0.589 	0.460 	0.172 	0 	0.073 	0.000 	200 	195 	(5)	26 	25 	(1)	0.125 				-	-		-	-		-	-		-	-		9.0 	11.4 	7.9 	15.2 	14.2 	15.2 	14.0 	14.5 	15.5 	15.2 	13.7 	15.0 	0.0 	13.9 	14.8 	15.5 	14.2 		QB29	QB23	QB30	QB18	QB25	QB16	QB24	QB22	QB22	QB19	QB21	QB25	-	QB26	QB25	QB21	QB28		QB26	14.7 	226.2 	1.3 	10.8 	0.1 	0.0 	0.0 	0.0 	23 	0.683 	0.460 	0.213 	0 	0.287 	0.000 	141 	0.248 		191 		-	-		-	-		-	-		-	-		QB29	9.4 	980.4 	5.7 	46.7 	0.6 	0.0 	0.0 	0.0 	29 	0.305 	0.460 	0.129 	(0)	0.000 	0.000 	#N/A	0.068 		28.3 		-	-		-	-		-	-		-	-					Indianapolis Colts	Baltimore Ravens	166 	1.0 	4 	0.0 	0.0 	0 	0.0 	1.0 	0.0 	0.0 	9.0 	QB29		Indianapolis Colts	Kansas City Chiefs	210 	1.0 	10 	0.0 	0.0 	0 	0.0 	1.0 	0.0 	0.0 	11.4 	QB23		Indianapolis Colts	Houston Texans	235 	1.0 	5 	0.0 	0.0 	0 	0.0 	1.0 	2.0 	0.0 	7.9 	QB30		Indianapolis Colts	Washington Commanders	229 	1.4 	11 	0.1 	0.0 	0 	0.0 	0.6 	0.1 	0.0 	15.2 	QB18		Indianapolis Colts	Pittsburgh Steelers	223 	1.2 	10 	0.1 	0.0 	0 	0.0 	0.6 	0.1 	0.0 	14.2 	QB25		Indianapolis Colts	Tennessee Titans	229 	1.4 	11 	0.1 	0.0 	0 	0.0 	0.6 	0.1 	0.0 	15.2 	QB16		Indianapolis Colts	Minnesota Vikings	221 	1.2 	10 	0.1 	0.0 	0 	0.0 	0.6 	0.1 	0.0 	14.0 	QB24		Indianapolis Colts	Jacksonville Jaguars	228 	1.3 	10 	0.1 	0.0 	0 	0.0 	0.6 	0.1 	0.0 	14.5 	QB22		Indianapolis Colts	Dallas Cowboys	234 	1.4 	11 	0.1 	0.0 	0 	0.0 	0.6 	0.1 	0.0 	15.5 	QB22		Indianapolis Colts	Miami Dolphins	223 	1.4 	13 	0.2 	0.0 	0 	0.0 	0.6 	0.1 	0.0 	15.2 	QB19		Indianapolis Colts	Houston Texans	223 	1.2 	9 	0.1 	0.0 	0 	0.0 	0.6 	0.1 	0.0 	13.7 	QB21		Indianapolis Colts	New York Giants	227 	1.3 	11 	0.1 	0.0 	0 	0.0 	0.6 	0.1 	0.0 	15.0 	QB25		Indianapolis Colts	BYE	0 	0.0 	0 	0.0 	0.0 	0 	0.0 	0.0 	0.0 	0.0 	0.0 	-		Indianapolis Colts	Philadelphia Eagles	225 	1.2 	9 	0.1 	0.0 	0 	0.0 	0.6 	0.1 	0.0 	13.9 	QB26		Indianapolis Colts	Tennessee Titans	225 	1.3 	11 	0.1 	0.0 	0 	0.0 	0.6 	0.1 	0.0 	14.8 	QB25		Indianapolis Colts	Cincinnati Bengals	234 	1.4 	11 	0.1 	0.0 	0 	0.0 	0.6 	0.1 	0.0 	15.5 	QB21		Indianapolis Colts	Cleveland Browns	220 	1.2 	11 	0.1 	0.0 	0 	0.0 	0.6 	0.1 	0.0 	14.2 	QB28		Actual	Actual	Actual	Forecast	Forecast	Forecast	Forecast	Forecast	Forecast	Forecast	Forecast	Forecast	Forecast	Forecast	Forecast	Forecast	Forecast		Healthy	Healthy	Healthy	Healthy	Healthy	Healthy	Healthy	Healthy	Healthy	Healthy	Healthy	Healthy	Healthy	Healthy	Healthy	Healthy	Healthy		Week 4 2026	9/29/2026	8:41:33 PM	20		0%	0%	9%	11%	99%	99%		0.1 
	Tyler Allgeier	Arizona Cardinals	RB	RB44	4.3 	68 	0 	0.0 	0.0 	0.0 	424 	26.5 	2.2 	0.1 	23.3 	1.5 	117 	7.3 	0.6 	0.0 	0.0 	1.2 	0.0 	0.184 	1.000 	0.468 	(1)	0.000 	0.000 	138 	104 	(34)	44 	40 	(4)	0.238 				-	-		-	-		-	-		-	-		7.0 	1.9 	0.9 	5.5 	4.4 	4.1 	4.2 	4.2 	3.9 	4.2 	4.0 	5.0 	4.1 	0.0 	5.3 	4.5 	5.0 		RB29	RB52	RB55	RB40	RB45	RB43	RB42	RB41	RB45	RB42	RB40	RB44	RB43	-	RB42	RB47	RB45		RB46	4.5 	0.0 	0.0 	27.2 	0.2 	1.2 	6.8 	0.0 	46 	0.209 	1.000 	0.443 	(1)	0.000 	0.000 	150 	0.231 		59 		-	-		-	-		-	-		-	-		RB53	3.3 	0.0 	0.0 	118.0 	0.7 	5.1 	29.6 	0.2 	53 	0.105 	1.000 	0.354 	(1)	0.000 	0.000 	#N/A	0.175 		9.8 		-	-		-	-		-	-		-	-					Arizona Cardinals	Los Angeles Chargers	0 	0.0 	61 	0.0 	2.0 	9 	0.0 	0.0 	0.0 	0.0 	7.0 	RB29		Arizona Cardinals	Seattle Seahawks	0 	0.0 	10 	0.0 	2.0 	9 	0.0 	0.0 	0.0 	0.0 	1.9 	RB52		Arizona Cardinals	San Francisco 49ers	0 	0.0 	(1)	0.0 	4.0 	10 	0.0 	0.0 	0.0 	0.0 	0.9 	RB55		Arizona Cardinals	New York Giants	0 	0.0 	33 	0.2 	1.2 	7 	0.0 	0.0 	0.1 	0.0 	5.5 	RB40		Arizona Cardinals	Detroit Lions	0 	0.0 	26 	0.2 	1.2 	7 	0.0 	0.0 	0.1 	0.0 	4.4 	RB45		Arizona Cardinals	Los Angeles Rams	0 	0.0 	25 	0.1 	1.2 	7 	0.0 	0.0 	0.1 	0.0 	4.1 	RB43		Arizona Cardinals	Denver Broncos	0 	0.0 	25 	0.2 	1.2 	7 	0.0 	0.0 	0.1 	0.0 	4.2 	RB42		Arizona Cardinals	Dallas Cowboys	0 	0.0 	25 	0.2 	1.2 	7 	0.0 	0.0 	0.1 	0.0 	4.2 	RB41		Arizona Cardinals	Seattle Seahawks	0 	0.0 	24 	0.1 	1.1 	7 	0.0 	0.0 	0.1 	0.0 	3.9 	RB45		Arizona Cardinals	Los Angeles Rams	0 	0.0 	25 	0.2 	1.2 	7 	0.0 	0.0 	0.1 	0.0 	4.2 	RB42		Arizona Cardinals	Kansas City Chiefs	0 	0.0 	24 	0.1 	1.2 	7 	0.0 	0.0 	0.1 	0.0 	4.0 	RB40		Arizona Cardinals	Washington Commanders	0 	0.0 	30 	0.2 	1.2 	7 	0.0 	0.0 	0.1 	0.0 	5.0 	RB44		Arizona Cardinals	Philadelphia Eagles	0 	0.0 	25 	0.1 	1.2 	7 	0.0 	0.0 	0.1 	0.0 	4.1 	RB43		Arizona Cardinals	BYE	0 	0.0 	0 	0.0 	0.0 	0 	0.0 	0.0 	0.0 	0.0 	0.0 	-		Arizona Cardinals	New York Jets	0 	0.0 	33 	0.2 	1.2 	7 	0.0 	0.0 	0.1 	0.0 	5.3 	RB42		Arizona Cardinals	New Orleans Saints	0 	0.0 	27 	0.2 	1.2 	7 	0.0 	0.0 	0.1 	0.0 	4.5 	RB47		Arizona Cardinals	Las Vegas Raiders	0 	0.0 	31 	0.2 	1.2 	7 	0.0 	0.0 	0.1 	0.0 	5.0 	RB45		Actual	Actual	Actual	Forecast	Forecast	Forecast	Forecast	Forecast	Forecast	Forecast	Forecast	Forecast	Forecast	Forecast	Forecast	Forecast	Forecast		Healthy	Healthy	Healthy	Healthy	Healthy	Healthy	Healthy	Healthy	Healthy	Healthy	Healthy	Healthy	Healthy	Healthy	Healthy	Healthy	Healthy		Week 4 2026	9/29/2026	8:41:33 PM	20		3%	3%	29%	29%	0%	0%		0.1 
	Tre' Harris	Los Angeles Chargers	WR	WR54	5.3 	84 	0 	0.0 	0.0 	0.0 	0 	0.0 	0.0 	0.0 	47.5 	3.0 	648 	40.5 	3.3 	0.2 	0.0 	0.1 	0.0 	0.226 	1.000 	0.460 	(0)	0.000 	0.000 	137 	212 	75 	54 	70 	16 	0.241 																2.0 	5.3 	7.6 	4.9 	5.3 	5.3 	0.0 	5.5 	5.3 	5.4 	5.2 	5.3 	5.5 	5.3 	5.5 	5.4 	5.3 		WR73	WR33	WR32	WR56	WR52	WR46	-	WR49	WR51	WR48	WR45	WR54	WR50	WR52	WR53	WR55	WR53		WR54	5.3 	0.0 	0.0 	0.0 	0.0 	2.9 	38.4 	0.3 	54 	0.247 	1.000 	0.460 	(0)	0.000 	0.000 	143 	0.244 		69 		-	-		-	-		-	-		-	-		WR54	5.0 	0.0 	0.0 	0.0 	0.0 	12.5 	166.4 	1.1 	54 	0.160 	1.000 	0.460 	(0)	0.000 	0.000 	#N/A	0.231 		14.9 		-	-		-	-		-	-		-	-					Los Angeles Chargers	Arizona Cardinals	0 	0.0 	0 	0.0 	3.0 	20 	0.0 	0.0 	0.0 	0.0 	2.0 	WR73		Los Angeles Chargers	Las Vegas Raiders	0 	0.0 	0 	0.0 	1.0 	53 	0.0 	0.0 	0.0 	0.0 	5.3 	WR33		Los Angeles Chargers	Buffalo Bills	0 	0.0 	0 	0.0 	6.0 	76 	0.0 	0.0 	0.0 	0.0 	7.6 	WR32		Los Angeles Chargers	Seattle Seahawks	0 	0.0 	0 	0.0 	2.8 	37 	0.2 	0.0 	0.0 	0.0 	4.9 	WR56		Los Angeles Chargers	Denver Broncos	0 	0.0 	0 	0.0 	2.9 	38 	0.3 	0.0 	0.0 	0.0 	5.3 	WR52		Los Angeles Chargers	Kansas City Chiefs	0 	0.0 	0 	0.0 	2.9 	38 	0.2 	0.0 	0.0 	0.0 	5.3 	WR46		Los Angeles Chargers	BYE	0 	0.0 	0 	0.0 	0.0 	0 	0.0 	0.0 	0.0 	0.0 	0.0 	-		Los Angeles Chargers	Los Angeles Rams	0 	0.0 	0 	0.0 	3.0 	40 	0.3 	0.0 	0.0 	0.0 	5.5 	WR49		Los Angeles Chargers	Houston Texans	0 	0.0 	0 	0.0 	2.9 	38 	0.2 	0.0 	0.0 	0.0 	5.3 	WR51		Los Angeles Chargers	Baltimore Ravens	0 	0.0 	0 	0.0 	3.0 	39 	0.2 	0.0 	0.0 	0.0 	5.4 	WR48		Los Angeles Chargers	New York Jets	0 	0.0 	0 	0.0 	2.8 	37 	0.3 	0.0 	0.0 	0.0 	5.2 	WR45		Los Angeles Chargers	New England Patriots	0 	0.0 	0 	0.0 	2.9 	38 	0.3 	0.0 	0.0 	0.0 	5.3 	WR54		Los Angeles Chargers	Tampa Bay Buccaneers	0 	0.0 	0 	0.0 	2.9 	39 	0.3 	0.0 	0.0 	0.0 	5.5 	WR50		Los Angeles Chargers	Las Vegas Raiders	0 	0.0 	0 	0.0 	2.9 	38 	0.3 	0.0 	0.0 	0.0 	5.3 	WR52		Los Angeles Chargers	San Francisco 49ers	0 	0.0 	0 	0.0 	3.0 	39 	0.3 	0.0 	0.0 	0.0 	5.5 	WR53		Los Angeles Chargers	Miami Dolphins	0 	0.0 	0 	0.0 	2.9 	38 	0.3 	0.0 	0.0 	0.0 	5.4 	WR55		Los Angeles Chargers	Kansas City Chiefs	0 	0.0 	0 	0.0 	2.9 	38 	0.3 	0.0 	0.0 	0.0 	5.3 	WR53		Actual	Actual	Actual	Forecast	Forecast	Forecast	Forecast	Forecast	Forecast	Forecast	Forecast	Forecast	Forecast	Forecast	Forecast	Forecast	Forecast		Healthy	Healthy	Healthy	Healthy	Healthy	Healthy	Healthy	Healthy	Healthy	Healthy	Healthy	Healthy	Healthy	Healthy	Healthy	Healthy	Healthy		Week 4 2026	9/29/2026	8:41:33 PM	20		18%	16%	0%	0%	0%	0%		0.0 
	Emmett Johnson	Kansas City Chiefs	RB	RB47	4.0 	65 	0 	0.0 	0.0 	0.0 	261 	16.3 	1.7 	0.1 	28.3 	1.8 	234 	14.6 	1.0 	0.1 	0.0 	0.5 	0.0 	0.173 	1.000 	0.430 	(1)	0.000 	0.000 	146 	136 	(10)	47 	50 	3 	0.220 				-	-		-	-		-	-		-	-		6.8 	3.5 	1.7 	4.3 	0.0 	4.1 	3.7 	3.7 	4.4 	4.2 	4.6 	4.0 	3.7 	4.0 	4.1 	4.1 	3.8 		RB32	RB41	RB47	RB47	-	RB41	RB45	RB42	RB43	RB43	RB36	RB48	RB48	RB46	RB47	RB50	RB50		RB49	4.1 	0.0 	0.0 	15.8 	0.1 	1.9 	13.1 	0.1 	49 	0.188 	1.000 	0.405 	(1)	0.000 	0.000 	158 	0.210 		53 		-	-		-	-		-	-		-	-		RB43	4.0 	0.0 	0.0 	68.4 	0.6 	8.1 	56.6 	0.3 	43 	0.129 	1.000 	0.481 	(0)	0.000 	0.000 	#N/A	0.236 		12.0 		-	-		-	-		-	-		-	-					Kansas City Chiefs	Denver Broncos	0 	0.0 	24 	0.0 	2.0 	44 	0.0 	0.0 	0.0 	0.0 	6.8 	RB32		Kansas City Chiefs	Indianapolis Colts	0 	0.0 	15 	0.0 	2.0 	20 	0.0 	0.0 	0.0 	0.0 	3.5 	RB41		Kansas City Chiefs	Miami Dolphins	0 	0.0 	17 	0.0 	0.0 	0 	0.0 	0.0 	0.0 	0.0 	1.7 	RB47		Kansas City Chiefs	Las Vegas Raiders	0 	0.0 	17 	0.1 	1.9 	13 	0.1 	0.0 	0.0 	0.0 	4.3 	RB47		Kansas City Chiefs	BYE	0 	0.0 	0 	0.0 	0.0 	0 	0.0 	0.0 	0.0 	0.0 	0.0 	-		Kansas City Chiefs	Los Angeles Chargers	0 	0.0 	16 	0.1 	1.9 	13 	0.1 	0.0 	0.0 	0.0 	4.1 	RB41		Kansas City Chiefs	Seattle Seahawks	0 	0.0 	14 	0.1 	1.8 	13 	0.1 	0.0 	0.0 	0.0 	3.7 	RB45		Kansas City Chiefs	Denver Broncos	0 	0.0 	14 	0.1 	1.8 	13 	0.1 	0.0 	0.0 	0.0 	3.7 	RB42		Kansas City Chiefs	New York Jets	0 	0.0 	18 	0.2 	1.8 	12 	0.1 	0.0 	0.0 	0.0 	4.4 	RB43		Kansas City Chiefs	Atlanta Falcons	0 	0.0 	17 	0.1 	1.9 	13 	0.1 	0.0 	0.0 	0.0 	4.2 	RB43		Kansas City Chiefs	Arizona Cardinals	0 	0.0 	19 	0.2 	1.9 	13 	0.1 	0.0 	0.0 	0.0 	4.6 	RB36		Kansas City Chiefs	Buffalo Bills	0 	0.0 	15 	0.1 	1.9 	13 	0.1 	0.0 	0.0 	0.0 	4.0 	RB48		Kansas City Chiefs	Los Angeles Rams	0 	0.0 	14 	0.1 	1.9 	13 	0.1 	0.0 	0.0 	0.0 	3.7 	RB48		Kansas City Chiefs	Cincinnati Bengals	0 	0.0 	15 	0.1 	1.9 	13 	0.1 	0.0 	0.0 	0.0 	4.0 	RB46		Kansas City Chiefs	New England Patriots	0 	0.0 	16 	0.1 	1.9 	13 	0.1 	0.0 	0.0 	0.0 	4.1 	RB47		Kansas City Chiefs	San Francisco 49ers	0 	0.0 	16 	0.1 	1.9 	13 	0.1 	0.0 	0.0 	0.0 	4.1 	RB50		Kansas City Chiefs	Los Angeles Chargers	0 	0.0 	15 	0.1 	1.9 	13 	0.1 	0.0 	0.0 	0.0 	3.8 	RB50		Actual	Actual	Actual	Forecast	Forecast	Forecast	Forecast	Forecast	Forecast	Forecast	Forecast	Forecast	Forecast	Forecast	Forecast	Forecast	Forecast		Healthy	Healthy	Healthy	Healthy	Healthy	Healthy	Healthy	Healthy	Healthy	Healthy	Healthy	Healthy	Healthy	Healthy	Healthy	Healthy	Healthy		Week 4 2026	9/29/2026	8:41:33 PM	20		6%	5%	12%	13%	0%	0%		(0.0)
	Mack Hollins	New England Patriots	WR	WR55	5.1 	81 	0 	0.0 	0.0 	0.0 	0 	0.0 	0.0 	0.0 	48.5 	3.0 	638 	39.9 	2.9 	0.2 	0.0 	0.1 	0.0 	0.218 	1.000 	0.450 	(0)	0.000 	0.000 	139 	0 	(139)	55 	0 	(55)	0.235 				-	-		-	-		-	-		-	-		5.1 	1.8 	8.7 	6.8 	6.8 	6.7 	6.9 	4.4 	4.3 	4.4 	0.0 	4.2 	4.4 	4.2 	4.2 	4.1 	4.2 		WR42	WR70	WR28	WR36	WR37	WR33	WR33	WR62	WR63	WR59	-	WR70	WR60	WR66	WR70	WR71	WR72		WR56	5.1 	0.0 	0.0 	0.0 	0.0 	2.8 	37.1 	0.2 	56 	0.235 	1.000 	0.440 	(0)	0.000 	0.000 	148 	0.233 		66 		-	-		-	-		-	-		-	-		WR49	5.2 	0.0 	0.0 	0.0 	0.0 	12.2 	160.8 	1.0 	49 	0.168 	1.000 	0.510 	(0)	0.000 	0.000 	#N/A	0.255 		15.6 		-	-		-	-		-	-		-	-					New England Patriots	Seattle Seahawks	0 	0.0 	0 	0.0 	4.0 	51 	0.0 	0.0 	0.0 	0.0 	5.1 	WR42		New England Patriots	Pittsburgh Steelers	0 	0.0 	0 	0.0 	2.0 	18 	0.0 	0.0 	0.0 	0.0 	1.8 	WR70		New England Patriots	Jacksonville Jaguars	0 	0.0 	0 	0.0 	6.0 	87 	0.0 	0.0 	0.0 	0.0 	8.7 	WR28		New England Patriots	Buffalo Bills	0 	0.0 	0 	0.0 	3.7 	49 	0.3 	0.0 	0.0 	0.0 	6.8 	WR36		New England Patriots	Las Vegas Raiders	0 	0.0 	0 	0.0 	3.6 	47 	0.3 	0.0 	0.0 	0.0 	6.8 	WR37		New England Patriots	New York Jets	0 	0.0 	0 	0.0 	3.6 	47 	0.3 	0.0 	0.0 	0.0 	6.7 	WR33		New England Patriots	Chicago Bears	0 	0.0 	0 	0.0 	3.7 	49 	0.3 	0.0 	0.0 	0.0 	6.9 	WR33		New England Patriots	Miami Dolphins	0 	0.0 	0 	0.0 	2.4 	32 	0.2 	0.0 	0.0 	0.0 	4.4 	WR62		New England Patriots	Green Bay Packers	0 	0.0 	0 	0.0 	2.5 	33 	0.2 	0.0 	0.0 	0.0 	4.3 	WR63		New England Patriots	Detroit Lions	0 	0.0 	0 	0.0 	2.5 	33 	0.2 	0.0 	0.0 	0.0 	4.4 	WR59		New England Patriots	BYE	0 	0.0 	0 	0.0 	0.0 	0 	0.0 	0.0 	0.0 	0.0 	0.0 	-		New England Patriots	Los Angeles Chargers	0 	0.0 	0 	0.0 	2.4 	32 	0.2 	0.0 	0.0 	0.0 	4.2 	WR70		New England Patriots	Buffalo Bills	0 	0.0 	0 	0.0 	2.5 	33 	0.2 	0.0 	0.0 	0.0 	4.4 	WR60		New England Patriots	Minnesota Vikings	0 	0.0 	0 	0.0 	2.4 	32 	0.2 	0.0 	0.0 	0.0 	4.2 	WR66		New England Patriots	Kansas City Chiefs	0 	0.0 	0 	0.0 	2.4 	32 	0.2 	0.0 	0.0 	0.0 	4.2 	WR70		New England Patriots	New York Jets	0 	0.0 	0 	0.0 	2.3 	31 	0.2 	0.0 	0.0 	0.0 	4.1 	WR71		New England Patriots	Denver Broncos	0 	0.0 	0 	0.0 	2.4 	32 	0.2 	0.0 	0.0 	0.0 	4.2 	WR72		Actual	Actual	Actual	Forecast	Forecast	Forecast	Forecast	Forecast	Forecast	Forecast	Forecast	Forecast	Forecast	Forecast	Forecast	Forecast	Forecast		Healthy	Healthy	Healthy	Healthy	Healthy	Healthy	Healthy	Healthy	Healthy	Healthy	Healthy	Healthy	Healthy	Healthy	Healthy	Healthy	Healthy		Week 4 2026	9/29/2026	8:41:33 PM	20		14%	12%	0%	0%	0%	0%		(0.0)
	Brian Robinson Jr.	Atlanta Falcons	RB	RB41	5.1 	81 	0 	0.0 	0.0 	0.0 	507 	31.7 	3.9 	0.2 	10.2 	0.6 	69 	4.3 	0.3 	0.0 	0.0 	0.9 	0.0 	0.219 	1.000 	0.506 	(0)	0.000 	0.000 	127 	116 	(11)	41 	42 	1 	0.261 				-	-		-	-		-	-		-	-		3.1 	6.7 	11.0 	4.9 	4.7 	4.8 	4.6 	4.5 	4.5 	4.5 	0.0 	4.4 	4.7 	4.5 	4.6 	4.8 	5.1 		RB47	RB27	RB15	RB42	RB43	RB39	RB39	RB40	RB42	RB39	-	RB47	RB41	RB43	RB46	RB44	RB44		RB44	4.7 	0.0 	0.0 	28.9 	0.2 	0.6 	4.1 	0.0 	44 	0.217 	1.000 	0.468 	(0)	0.000 	0.000 	144 	0.243 		61 		-	-		-	-		-	-		-	-		RB25	6.9 	0.0 	0.0 	125.1 	1.0 	2.7 	17.7 	0.1 	25 	0.224 	1.000 	0.706 	0 	0.023 	0.000 	#N/A	0.360 		20.8 		-	-		-	-		-	-		-	-					Atlanta Falcons	Pittsburgh Steelers	0 	0.0 	31 	0.0 	0.0 	0 	0.0 	0.0 	0.0 	0.0 	3.1 	RB47		Atlanta Falcons	Carolina Panthers	0 	0.0 	51 	0.0 	2.0 	16 	0.0 	0.0 	0.0 	0.0 	6.7 	RB27		Atlanta Falcons	Green Bay Packers	0 	0.0 	50 	1.0 	0.0 	0 	0.0 	0.0 	0.0 	0.0 	11.0 	RB15		Atlanta Falcons	New Orleans Saints	0 	0.0 	30 	0.2 	0.6 	4 	0.0 	0.0 	0.1 	0.0 	4.9 	RB42		Atlanta Falcons	Baltimore Ravens	0 	0.0 	29 	0.2 	0.6 	4 	0.0 	0.0 	0.1 	0.0 	4.7 	RB43		Atlanta Falcons	Chicago Bears	0 	0.0 	30 	0.2 	0.6 	4 	0.0 	0.0 	0.1 	0.0 	4.8 	RB39		Atlanta Falcons	San Francisco 49ers	0 	0.0 	28 	0.2 	0.6 	4 	0.0 	0.0 	0.1 	0.0 	4.6 	RB39		Atlanta Falcons	Tampa Bay Buccaneers	0 	0.0 	28 	0.2 	0.6 	4 	0.0 	0.0 	0.1 	0.0 	4.5 	RB40		Atlanta Falcons	Cincinnati Bengals	0 	0.0 	28 	0.2 	0.7 	4 	0.0 	0.0 	0.1 	0.0 	4.5 	RB42		Atlanta Falcons	Kansas City Chiefs	0 	0.0 	28 	0.2 	0.6 	4 	0.0 	0.0 	0.1 	0.0 	4.5 	RB39		Atlanta Falcons	BYE	0 	0.0 	0 	0.0 	0.0 	0 	0.0 	0.0 	0.0 	0.0 	0.0 	-		Atlanta Falcons	Minnesota Vikings	0 	0.0 	27 	0.2 	0.6 	4 	0.0 	0.0 	0.1 	0.0 	4.4 	RB47		Atlanta Falcons	Detroit Lions	0 	0.0 	29 	0.2 	0.6 	4 	0.0 	0.0 	0.1 	0.0 	4.7 	RB41		Atlanta Falcons	Cleveland Browns	0 	0.0 	29 	0.2 	0.6 	4 	0.0 	0.0 	0.1 	0.0 	4.5 	RB43		Atlanta Falcons	Washington Commanders	0 	0.0 	28 	0.2 	0.6 	4 	0.0 	0.0 	0.1 	0.0 	4.6 	RB46		Atlanta Falcons	Tampa Bay Buccaneers	0 	0.0 	30 	0.2 	0.6 	4 	0.0 	0.0 	0.1 	0.0 	4.8 	RB44		Atlanta Falcons	New Orleans Saints	0 	0.0 	31 	0.3 	0.6 	4 	0.0 	0.0 	0.1 	0.0 	5.1 	RB44		Actual	Actual	Actual	Forecast	Forecast	Forecast	Forecast	Forecast	Forecast	Forecast	Forecast	Forecast	Forecast	Forecast	Forecast	Forecast	Forecast		Healthy	Healthy	Healthy	Healthy	Healthy	Healthy	Healthy	Healthy	Healthy	Healthy	Healthy	Healthy	Healthy	Healthy	Healthy	Healthy	Healthy		Week 4 2026	9/29/2026	8:41:33 PM	20		2%	2%	22%	23%	0%	0%		(0.1)
	Khalil Shakir	Buffalo Bills	WR	WR65	4.5 	72 	0 	0.0 	0.0 	0.0 	19 	1.2 	0.0 	0.0 	49.2 	3.1 	551 	34.4 	2.6 	0.2 	0.0 	0.1 	0.0 	0.194 	1.000 	0.350 	(0)	0.000 	0.000 	164 	141 	(23)	65 	51 	(14)	0.187 				-	-		-	-		-	-		-	-		5.0 	3.8 	0.6 	4.8 	4.9 	4.8 	0.0 	5.0 	4.9 	4.7 	4.9 	5.0 	4.7 	4.8 	5.1 	4.7 	4.8 		WR43	WR45	WR84	WR58	WR57	WR53	-	WR53	WR59	WR54	WR51	WR61	WR57	WR59	WR59	WR63	WR61		WR61	4.9 	0.0 	0.0 	1.4 	0.0 	3.2 	35.1 	0.2 	61 	0.226 	1.000 	0.390 	(0)	0.000 	0.000 	159 	0.209 		63 		-	-		-	-		-	-		-	-		WR75	3.1 	0.0 	0.0 	6.2 	0.0 	13.7 	152.3 	0.9 	75 	0.101 	1.000 	0.250 	(0)	0.000 	0.000 	#N/A	0.128 		9.4 		-	-		-	-		-	-		-	-					Buffalo Bills	Houston Texans	0 	0.0 	0 	0.0 	4.0 	50 	0.0 	0.0 	0.0 	0.0 	5.0 	WR43		Buffalo Bills	Detroit Lions	0 	0.0 	0 	0.0 	3.0 	38 	0.0 	0.0 	0.0 	0.0 	3.8 	WR45		Buffalo Bills	Los Angeles Chargers	0 	0.0 	0 	0.0 	1.0 	6 	0.0 	0.0 	0.0 	0.0 	0.6 	WR84		Buffalo Bills	New England Patriots	0 	0.0 	2 	0.0 	3.1 	35 	0.2 	0.0 	0.0 	0.0 	4.8 	WR58		Buffalo Bills	Los Angeles Rams	0 	0.0 	1 	0.0 	3.2 	36 	0.2 	0.0 	0.0 	0.0 	4.9 	WR57		Buffalo Bills	Las Vegas Raiders	0 	0.0 	2 	0.0 	3.1 	34 	0.2 	0.0 	0.0 	0.0 	4.8 	WR53		Buffalo Bills	BYE	0 	0.0 	0 	0.0 	0.0 	0 	0.0 	0.0 	0.0 	0.0 	0.0 	-		Buffalo Bills	Baltimore Ravens	0 	0.0 	1 	0.0 	3.3 	36 	0.2 	0.0 	0.0 	0.0 	5.0 	WR53		Buffalo Bills	Minnesota Vikings	0 	0.0 	1 	0.0 	3.2 	35 	0.2 	0.0 	0.0 	0.0 	4.9 	WR59		Buffalo Bills	New York Jets	0 	0.0 	2 	0.0 	3.1 	34 	0.2 	0.0 	0.0 	0.0 	4.7 	WR54		Buffalo Bills	Miami Dolphins	0 	0.0 	2 	0.0 	3.1 	35 	0.2 	0.0 	0.0 	0.0 	4.9 	WR51		Buffalo Bills	Kansas City Chiefs	0 	0.0 	1 	0.0 	3.2 	36 	0.2 	0.0 	0.0 	0.0 	5.0 	WR61		Buffalo Bills	New England Patriots	0 	0.0 	1 	0.0 	3.1 	35 	0.2 	0.0 	0.0 	0.0 	4.7 	WR57		Buffalo Bills	Green Bay Packers	0 	0.0 	1 	0.0 	3.2 	35 	0.2 	0.0 	0.0 	0.0 	4.8 	WR59		Buffalo Bills	Chicago Bears	0 	0.0 	1 	0.0 	3.3 	36 	0.2 	0.0 	0.0 	0.0 	5.1 	WR59		Buffalo Bills	Denver Broncos	0 	0.0 	1 	0.0 	3.1 	34 	0.2 	0.0 	0.0 	0.0 	4.7 	WR63		Buffalo Bills	Miami Dolphins	0 	0.0 	2 	0.0 	3.1 	35 	0.2 	0.0 	0.0 	0.0 	4.8 	WR61		Actual	Actual	Actual	Forecast	Forecast	Forecast	Forecast	Forecast	Forecast	Forecast	Forecast	Forecast	Forecast	Forecast	Forecast	Forecast	Forecast		Healthy	Healthy	Healthy	Healthy	Healthy	Healthy	Healthy	Healthy	Healthy	Healthy	Healthy	Healthy	Healthy	Healthy	Healthy	Healthy	Healthy		Week 4 2026	9/29/2026	8:41:33 PM	20		16%	15%	1%	0%	0%	0%		0.1 
	Quentin Johnston	Los Angeles Chargers	WR	WR66	4.5 	72 	0 	0.0 	0.0 	0.0 	7 	0.4 	0.0 	0.0 	41.9 	2.6 	480 	30.0 	3.9 	0.2 	0.0 	0.1 	0.0 	0.192 	1.000 	0.340 	(0)	0.000 	0.000 	165 	106 	(59)	66 	43 	(23)	0.182 				-	-		-	-		-	-		-	-		1.7 	1.4 	4.0 	4.5 	5.0 	4.9 	0.0 	5.1 	4.9 	5.0 	4.9 	5.0 	5.1 	5.0 	5.2 	5.1 	5.0 		WR77	WR73	WR49	WR61	WR54	WR51	-	WR51	WR58	WR49	WR52	WR59	WR51	WR55	WR58	WR59	WR58		WR58	5.0 	0.0 	0.0 	0.0 	0.0 	2.8 	32.0 	0.3 	58 	0.231 	1.000 	0.420 	(0)	0.000 	0.000 	152 	0.224 		65 		-	-		-	-		-	-		-	-		WR95	2.4 	0.0 	0.0 	0.0 	0.0 	12.0 	138.7 	1.3 	95 	0.076 	1.000 	0.050 	(1)	0.000 	0.000 	#N/A	0.034 		7.1 		-	-		-	-		-	-		-	-					Los Angeles Chargers	Arizona Cardinals	0 	0.0 	0 	0.0 	2.0 	17 	0.0 	0.0 	0.0 	0.0 	1.7 	WR77		Los Angeles Chargers	Las Vegas Raiders	0 	0.0 	7 	0.0 	1.0 	7 	0.0 	0.0 	0.0 	0.0 	1.4 	WR73		Los Angeles Chargers	Buffalo Bills	0 	0.0 	0 	0.0 	3.0 	40 	0.0 	0.0 	0.0 	0.0 	4.0 	WR49		Los Angeles Chargers	Seattle Seahawks	0 	0.0 	0 	0.0 	2.7 	31 	0.2 	0.0 	0.0 	0.0 	4.5 	WR61		Los Angeles Chargers	Denver Broncos	0 	0.0 	0 	0.0 	2.8 	32 	0.3 	0.0 	0.0 	0.0 	5.0 	WR54		Los Angeles Chargers	Kansas City Chiefs	0 	0.0 	0 	0.0 	2.8 	32 	0.3 	0.0 	0.0 	0.0 	4.9 	WR51		Los Angeles Chargers	BYE	0 	0.0 	0 	0.0 	0.0 	0 	0.0 	0.0 	0.0 	0.0 	0.0 	-		Los Angeles Chargers	Los Angeles Rams	0 	0.0 	0 	0.0 	2.8 	33 	0.3 	0.0 	0.0 	0.0 	5.1 	WR51		Los Angeles Chargers	Houston Texans	0 	0.0 	0 	0.0 	2.7 	32 	0.3 	0.0 	0.0 	0.0 	4.9 	WR58		Los Angeles Chargers	Baltimore Ravens	0 	0.0 	0 	0.0 	2.8 	33 	0.3 	0.0 	0.0 	0.0 	5.0 	WR49		Los Angeles Chargers	New York Jets	0 	0.0 	0 	0.0 	2.6 	31 	0.3 	0.0 	0.0 	0.0 	4.9 	WR52		Los Angeles Chargers	New England Patriots	0 	0.0 	0 	0.0 	2.8 	32 	0.3 	0.0 	0.0 	0.0 	5.0 	WR59		Los Angeles Chargers	Tampa Bay Buccaneers	0 	0.0 	0 	0.0 	2.8 	33 	0.3 	0.0 	0.0 	0.0 	5.1 	WR51		Los Angeles Chargers	Las Vegas Raiders	0 	0.0 	0 	0.0 	2.7 	32 	0.3 	0.0 	0.0 	0.0 	5.0 	WR55		Los Angeles Chargers	San Francisco 49ers	0 	0.0 	0 	0.0 	2.8 	33 	0.3 	0.0 	0.0 	0.0 	5.2 	WR58		Los Angeles Chargers	Miami Dolphins	0 	0.0 	0 	0.0 	2.7 	32 	0.3 	0.0 	0.0 	0.0 	5.1 	WR59		Los Angeles Chargers	Kansas City Chiefs	0 	0.0 	0 	0.0 	2.8 	32 	0.3 	0.0 	0.0 	0.0 	5.0 	WR58		Actual	Actual	Actual	Forecast	Forecast	Forecast	Forecast	Forecast	Forecast	Forecast	Forecast	Forecast	Forecast	Forecast	Forecast	Forecast	Forecast		Healthy	Healthy	Healthy	Healthy	Healthy	Healthy	Healthy	Healthy	Healthy	Healthy	Healthy	Healthy	Healthy	Healthy	Healthy	Healthy	Healthy		Week 4 2026	9/29/2026	8:41:33 PM	20		15%	19%	0%	0%	0%	0%		0.1 
	Zach Charbonnet	Seattle Seahawks	RB	RB50	6.1 	61 	0 	0.0 	0.0 	0.0 	345 	34.5 	4.1 	0.4 	3.3 	0.3 	24 	2.4 	0.2 	0.0 	0.0 	1.0 	0.0 	0.163 	1.000 	0.392 	(0)	0.000 	0.000 	157 	122 	(35)	50 	45 	(5)	0.201 				-	-		-	-		-	-		-	-		0.0 	0.0 	0.0 	0.0 	0.0 	0.0 	5.5 	6.0 	7.2 	6.2 	0.0 	5.8 	6.4 	6.7 	5.0 	5.8 	6.0 		-	-	-	-	-	-	RB36	RB36	RB32	RB33	-	RB42	RB35	RB33	RB45	RB40	RB39		RB43	6.1 	0.0 	0.0 	34.5 	0.4 	0.3 	2.4 	0.0 	43 	0.217 	1.000 	0.481 	(0)	0.000 	0.000 	140 	0.249 		61 		-	-		-	-		-	-		-	-		-	0.0 	0.0 	0.0 	0.0 	0.0 	0.0 	0.0 	0.0 	#N/A	0.000 	1.000 	#N/A	(1)	0.000 	0.000 	#N/A	#N/A		0.0 		-	-		-	-		-	-		-	-					Seattle Seahawks	New England Patriots	0 	0.0 	0 	0.0 	0.0 	0 	0.0 	0.0 	0.0 	0.0 	0.0 	-		Seattle Seahawks	Arizona Cardinals	0 	0.0 	0 	0.0 	0.0 	0 	0.0 	0.0 	0.0 	0.0 	0.0 	-		Seattle Seahawks	Washington Commanders	0 	0.0 	0 	0.0 	0.0 	0 	0.0 	0.0 	0.0 	0.0 	0.0 	-		Seattle Seahawks	Los Angeles Chargers	0 	0.0 	0 	0.0 	0.0 	0 	0.0 	0.0 	0.0 	0.0 	0.0 	-		Seattle Seahawks	San Francisco 49ers	0 	0.0 	0 	0.0 	0.0 	0 	0.0 	0.0 	0.0 	0.0 	0.0 	-		Seattle Seahawks	Denver Broncos	0 	0.0 	0 	0.0 	0.0 	0 	0.0 	0.0 	0.0 	0.0 	0.0 	-		Seattle Seahawks	Kansas City Chiefs	0 	0.0 	32 	0.4 	0.3 	2 	0.0 	0.0 	0.1 	0.0 	5.5 	RB36		Seattle Seahawks	Chicago Bears	0 	0.0 	34 	0.4 	0.3 	2 	0.0 	0.0 	0.1 	0.0 	6.0 	RB36		Seattle Seahawks	Arizona Cardinals	0 	0.0 	39 	0.5 	0.3 	2 	0.0 	0.0 	0.1 	0.0 	7.2 	RB32		Seattle Seahawks	Las Vegas Raiders	0 	0.0 	35 	0.4 	0.3 	2 	0.0 	0.0 	0.1 	0.0 	6.2 	RB33		Seattle Seahawks	BYE	0 	0.0 	0 	0.0 	0.0 	0 	0.0 	0.0 	0.0 	0.0 	0.0 	-		Seattle Seahawks	San Francisco 49ers	0 	0.0 	33 	0.4 	0.3 	2 	0.0 	0.0 	0.1 	0.0 	5.8 	RB42		Seattle Seahawks	Dallas Cowboys	0 	0.0 	36 	0.4 	0.3 	2 	0.0 	0.0 	0.1 	0.0 	6.4 	RB35		Seattle Seahawks	New York Giants	0 	0.0 	38 	0.5 	0.3 	2 	0.0 	0.0 	0.1 	0.0 	6.7 	RB33		Seattle Seahawks	Philadelphia Eagles	0 	0.0 	30 	0.3 	0.3 	2 	0.0 	0.0 	0.1 	0.0 	5.0 	RB45		Seattle Seahawks	Los Angeles Rams	0 	0.0 	33 	0.4 	0.3 	2 	0.0 	0.0 	0.1 	0.0 	5.8 	RB40		Seattle Seahawks	Carolina Panthers	0 	0.0 	35 	0.4 	0.3 	2 	0.0 	0.0 	0.1 	0.0 	6.0 	RB39		Actual	Actual	Actual	Forecast	Forecast	Forecast	Forecast	Forecast	Forecast	Forecast	Forecast	Forecast	Forecast	Forecast	Forecast	Forecast	Forecast		Injured	Injured	Injured	Injured	Injured	Injured	Limited / Handicapped	Limited / Handicapped	Limited / Handicapped	Limited / Handicapped	Limited / Handicapped	Healthy	Healthy	Healthy	Healthy	Healthy	Healthy		Week 4 2026	9/29/2026	8:41:33 PM	20		1%	1%	31%	48%	0%	0%		0.2 
	Pat Bryant	Denver Broncos	WR	WR57	5.0 	80 	0 	0.0 	0.0 	0.0 	16 	1.0 	0.0 	0.0 	43.5 	2.7 	555 	34.7 	3.8 	0.2 	0.0 	0.1 	0.0 	0.214 	1.000 	0.430 	(0)	0.000 	0.000 	143 	227 	84 	57 	74 	17 	0.226 				-	-		-	-		-	-		-	-		4.2 	1.6 	10.4 	5.0 	4.9 	4.8 	5.0 	4.9 	5.0 	0.0 	4.9 	4.7 	5.0 	4.8 	4.9 	5.0 	4.7 		WR47	WR72	WR21	WR55	WR59	WR52	WR49	WR54	WR57	-	WR50	WR65	WR53	WR58	WR63	WR60	WR62		WR60	4.9 	0.0 	0.0 	0.0 	0.0 	2.9 	36.0 	0.2 	60 	0.227 	1.000 	0.400 	(0)	0.000 	0.000 	157 	0.214 		64 		-	-		-	-		-	-		-	-		WR45	5.4 	0.0 	0.0 	0.0 	0.0 	12.5 	156.2 	0.9 	45 	0.174 	1.000 	0.550 	0 	0.007 	0.000 	#N/A	0.277 		16.2 		-	-		-	-		-	-		-	-					Denver Broncos	Kansas City Chiefs	0 	0.0 	0 	0.0 	4.0 	42 	0.0 	0.0 	0.0 	0.0 	4.2 	WR47		Denver Broncos	Jacksonville Jaguars	0 	0.0 	16 	0.0 	0.0 	0 	0.0 	0.0 	0.0 	0.0 	1.6 	WR72		Denver Broncos	Los Angeles Rams	0 	0.0 	0 	0.0 	2.0 	44 	1.0 	0.0 	0.0 	0.0 	10.4 	WR21		Denver Broncos	San Francisco 49ers	0 	0.0 	0 	0.0 	2.9 	37 	0.2 	0.0 	0.0 	0.0 	5.0 	WR55		Denver Broncos	Los Angeles Chargers	0 	0.0 	0 	0.0 	2.9 	36 	0.2 	0.0 	0.0 	0.0 	4.9 	WR59		Denver Broncos	Seattle Seahawks	0 	0.0 	0 	0.0 	2.9 	36 	0.2 	0.0 	0.0 	0.0 	4.8 	WR52		Denver Broncos	Arizona Cardinals	0 	0.0 	0 	0.0 	2.9 	36 	0.2 	0.0 	0.0 	0.0 	5.0 	WR49		Denver Broncos	Kansas City Chiefs	0 	0.0 	0 	0.0 	2.9 	36 	0.2 	0.0 	0.0 	0.0 	4.9 	WR54		Denver Broncos	Carolina Panthers	0 	0.0 	0 	0.0 	2.9 	36 	0.2 	0.0 	0.0 	0.0 	5.0 	WR57		Denver Broncos	BYE	0 	0.0 	0 	0.0 	0.0 	0 	0.0 	0.0 	0.0 	0.0 	0.0 	-		Denver Broncos	Las Vegas Raiders	0 	0.0 	0 	0.0 	2.9 	36 	0.2 	0.0 	0.0 	0.0 	4.9 	WR50		Denver Broncos	Pittsburgh Steelers	0 	0.0 	0 	0.0 	2.8 	35 	0.2 	0.0 	0.0 	0.0 	4.7 	WR65		Denver Broncos	Miami Dolphins	0 	0.0 	0 	0.0 	2.9 	36 	0.2 	0.0 	0.0 	0.0 	5.0 	WR53		Denver Broncos	New York Jets	0 	0.0 	0 	0.0 	2.8 	35 	0.2 	0.0 	0.0 	0.0 	4.8 	WR58		Denver Broncos	Las Vegas Raiders	0 	0.0 	0 	0.0 	2.9 	36 	0.2 	0.0 	0.0 	0.0 	4.9 	WR63		Denver Broncos	Buffalo Bills	0 	0.0 	0 	0.0 	3.0 	37 	0.2 	0.0 	0.0 	0.0 	5.0 	WR60		Denver Broncos	New England Patriots	0 	0.0 	0 	0.0 	2.8 	36 	0.2 	0.0 	0.0 	0.0 	4.7 	WR62		Actual	Actual	Actual	Forecast	Forecast	Forecast	Forecast	Forecast	Forecast	Forecast	Forecast	Forecast	Forecast	Forecast	Forecast	Forecast	Forecast		Healthy	Healthy	Healthy	Healthy	Healthy	Healthy	Healthy	Healthy	Healthy	Healthy	Healthy	Healthy	Healthy	Healthy	Healthy	Healthy	Healthy		Week 4 2026	9/29/2026	8:41:33 PM	20		16%	15%	0%	0%	0%	0%		(0.1)
	Jordyn Tyson	New Orleans Saints	WR	WR70	6.3 	57 	0 	0.0 	0.0 	0.0 	0 	0.0 	0.0 	0.0 	33.6 	3.7 	397 	44.1 	2.9 	0.3 	0.0 	0.1 	0.0 	0.152 	1.000 	0.260 	0 	0.053 	0.000 	178 	102 	(76)	74 	42 	(32)	0.161 				-	-		-	-		-	-		-	-		0.0 	0.0 	0.0 	0.0 	0.0 	0.0 	0.0 	0.0 	6.0 	6.3 	6.3 	6.5 	6.3 	6.1 	6.4 	6.6 	6.3 		-	-	-	-	-	-	-	-	WR47	WR41	WR37	WR43	WR44	WR45	WR46	WR41	WR45		WR64	6.3 	0.0 	0.0 	0.0 	0.0 	3.7 	44.1 	0.3 	69 	0.203 	1.000 	0.310 	0 	0.068 	0.000 	164 	0.197 		57 		-	-		-	-		-	-		-	-			0.0 	0.0 	0.0 	0.0 	0.0 	0.0 	0.0 	0.0 	#N/A	0.000 	1.000 	#N/A	(1)	0.000 	0.000 	#N/A	#N/A		0.0 		-	-		-	-		-	-		-	-					New Orleans Saints	Detroit Lions	0 	0.0 	0 	0.0 	0.0 	0 	0.0 	0.0 	0.0 	0.0 	0.0 	-		New Orleans Saints	Baltimore Ravens	0 	0.0 	0 	0.0 	0.0 	0 	0.0 	0.0 	0.0 	0.0 	0.0 	-		New Orleans Saints	Las Vegas Raiders	0 	0.0 	0 	0.0 	0.0 	0 	0.0 	0.0 	0.0 	0.0 	0.0 	-		New Orleans Saints	Atlanta Falcons	0 	0.0 	0 	0.0 	0.0 	0 	0.0 	0.0 	0.0 	0.0 	0.0 	-		New Orleans Saints	Minnesota Vikings	0 	0.0 	0 	0.0 	0.0 	0 	0.0 	0.0 	0.0 	0.0 	0.0 	-		New Orleans Saints	New York Giants	0 	0.0 	0 	0.0 	0.0 	0 	0.0 	0.0 	0.0 	0.0 	0.0 	-		New Orleans Saints	Pittsburgh Steelers	0 	0.0 	0 	0.0 	0.0 	0 	0.0 	0.0 	0.0 	0.0 	0.0 	-		New Orleans Saints	BYE	0 	0.0 	0 	0.0 	0.0 	0 	0.0 	0.0 	0.0 	0.0 	0.0 	-		New Orleans Saints	Cleveland Browns	0 	0.0 	0 	0.0 	3.5 	42 	0.3 	0.0 	0.0 	0.0 	6.0 	WR47		New Orleans Saints	Carolina Panthers	0 	0.0 	0 	0.0 	3.7 	44 	0.3 	0.0 	0.0 	0.0 	6.3 	WR41		New Orleans Saints	Chicago Bears	0 	0.0 	0 	0.0 	3.8 	45 	0.3 	0.0 	0.0 	0.0 	6.3 	WR37		New Orleans Saints	Cincinnati Bengals	0 	0.0 	0 	0.0 	3.9 	46 	0.3 	0.0 	0.0 	0.0 	6.5 	WR43		New Orleans Saints	Green Bay Packers	0 	0.0 	0 	0.0 	3.7 	44 	0.3 	0.0 	0.0 	0.0 	6.3 	WR44		New Orleans Saints	Carolina Panthers	0 	0.0 	0 	0.0 	3.7 	43 	0.3 	0.0 	0.0 	0.0 	6.1 	WR45		New Orleans Saints	Tampa Bay Buccaneers	0 	0.0 	0 	0.0 	3.8 	45 	0.3 	0.0 	0.0 	0.0 	6.4 	WR46		New Orleans Saints	Arizona Cardinals	0 	0.0 	0 	0.0 	3.8 	45 	0.4 	0.0 	0.0 	0.0 	6.6 	WR41		New Orleans Saints	Atlanta Falcons	0 	0.0 	0 	0.0 	3.7 	44 	0.3 	0.0 	0.0 	0.0 	6.3 	WR45		Actual	Actual	Actual	Forecast	Forecast	Forecast	Forecast	Forecast	Forecast	Forecast	Forecast	Forecast	Forecast	Forecast	Forecast	Forecast	Forecast		Injured	Injured	Injured	Injured	Injured	Injured	Injured	Injured	Limited / Handicapped	Healthy	Healthy	Healthy	Healthy	Healthy	Healthy	Healthy	Healthy		Week 4 2026	9/29/2026	8:41:33 PM	20		18%	19%	0%	0%	0%	0%		0.2 
	Raheim Sanders	Cleveland Browns	RB	RB54	3.4 	54 	0 	0.0 	0.0 	0.0 	134 	8.4 	0.8 	0.1 	36.4 	2.3 	299 	18.7 	1.1 	0.1 	0.0 	0.4 	0.0 	0.145 	1.000 	0.341 	(1)	0.000 	0.000 	170 	0 	(170)	54 	0 	(54)	0.175 																2.6 	1.1 	5.1 	3.4 	3.4 	3.5 	3.5 	3.3 	3.5 	3.3 	0.0 	3.6 	3.6 	3.7 	3.4 	3.3 	3.6 		RB52	RB57	RB35	RB51	RB50	RB45	RB47	RB46	RB48	RB46	-	RB52	RB49	RB49	RB54	RB54	RB52		RB52	3.5 	0.0 	0.0 	8.6 	0.1 	2.2 	17.9 	0.1 	52 	0.161 	1.000 	0.366 	(1)	0.000 	0.000 	168 	0.189 		45 		-	-		-	-		-	-		-	-		RB54	2.9 	0.0 	0.0 	37.5 	0.3 	9.5 	77.7 	0.4 	54 	0.095 	1.000 	0.341 	(1)	0.000 	0.000 	#N/A	0.168 		8.8 		-	-		-	-		-	-		-	-					Cleveland Browns	Jacksonville Jaguars	0 	0.0 	1 	0.0 	3.0 	25 	0.0 	0.0 	0.0 	0.0 	2.6 	RB52		Cleveland Browns	Tampa Bay Buccaneers	0 	0.0 	4 	0.0 	1.0 	7 	0.0 	0.0 	0.0 	0.0 	1.1 	RB57		Cleveland Browns	Carolina Panthers	0 	0.0 	17 	0.0 	4.0 	34 	0.0 	0.0 	0.0 	0.0 	5.1 	RB35		Cleveland Browns	Pittsburgh Steelers	0 	0.0 	9 	0.1 	2.1 	17 	0.1 	0.0 	0.0 	0.0 	3.4 	RB51		Cleveland Browns	New York Jets	0 	0.0 	9 	0.1 	2.1 	18 	0.1 	0.0 	0.0 	0.0 	3.4 	RB50		Cleveland Browns	Baltimore Ravens	0 	0.0 	8 	0.1 	2.3 	19 	0.1 	0.0 	0.0 	0.0 	3.5 	RB45		Cleveland Browns	Tennessee Titans	0 	0.0 	9 	0.1 	2.2 	18 	0.1 	0.0 	0.0 	0.0 	3.5 	RB47		Cleveland Browns	Pittsburgh Steelers	0 	0.0 	8 	0.1 	2.2 	18 	0.1 	0.0 	0.0 	0.0 	3.3 	RB46		Cleveland Browns	New Orleans Saints	0 	0.0 	9 	0.1 	2.2 	18 	0.1 	0.0 	0.0 	0.0 	3.5 	RB48		Cleveland Browns	Houston Texans	0 	0.0 	8 	0.1 	2.1 	17 	0.1 	0.0 	0.0 	0.0 	3.3 	RB46		Cleveland Browns	BYE	0 	0.0 	0 	0.0 	0.0 	0 	0.0 	0.0 	0.0 	0.0 	0.0 	-		Cleveland Browns	Las Vegas Raiders	0 	0.0 	10 	0.1 	2.2 	18 	0.1 	0.0 	0.0 	0.0 	3.6 	RB52		Cleveland Browns	Cincinnati Bengals	0 	0.0 	9 	0.1 	2.3 	19 	0.1 	0.0 	0.0 	0.0 	3.6 	RB49		Cleveland Browns	Atlanta Falcons	0 	0.0 	10 	0.1 	2.2 	18 	0.1 	0.0 	0.0 	0.0 	3.7 	RB49		Cleveland Browns	New York Giants	0 	0.0 	8 	0.1 	2.2 	18 	0.1 	0.0 	0.0 	0.0 	3.4 	RB54		Cleveland Browns	Baltimore Ravens	0 	0.0 	7 	0.1 	2.2 	18 	0.1 	0.0 	0.0 	0.0 	3.3 	RB54		Cleveland Browns	Indianapolis Colts	0 	0.0 	9 	0.1 	2.2 	18 	0.1 	0.0 	0.0 	0.0 	3.6 	RB52		Actual	Actual	Actual	Forecast	Forecast	Forecast	Forecast	Forecast	Forecast	Forecast	Forecast	Forecast	Forecast	Forecast	Forecast	Forecast	Forecast		Healthy	Injured	Healthy	Healthy	Healthy	Healthy	Healthy	Healthy	Healthy	Healthy	Healthy	Healthy	Healthy	Healthy	Healthy	Healthy	Healthy		Week 4 2026	9/29/2026	8:41:33 PM	20		8%	6%	9%	10%	0%	0%		0.0 
	Elic Ayomanor	Tennessee Titans	WR	WR60	4.9 	78 	0 	0.0 	0.0 	0.0 	0 	0.0 	0.0 	0.0 	41.8 	2.6 	563 	35.2 	3.6 	0.2 	0.0 	0.1 	0.0 	0.209 	1.000 	0.400 	(0)	0.000 	0.000 	151 	275 	124 	60 	90 	30 	0.211 																7.1 	6.9 	1.1 	4.4 	4.7 	5.0 	4.7 	5.0 	0.0 	4.8 	5.0 	4.8 	4.9 	4.9 	5.0 	4.7 	4.7 		WR30	WR24	WR78	WR64	WR61	WR50	WR53	WR52	-	WR52	WR48	WR62	WR55	WR56	WR61	WR65	WR65		WR62	4.8 	0.0 	0.0 	0.0 	0.0 	2.9 	36.3 	0.2 	62 	0.224 	1.000 	0.380 	(0)	0.000 	0.000 	161 	0.205 		63 		-	-		-	-		-	-		-	-		WR52	5.0 	0.0 	0.0 	0.0 	0.0 	12.6 	157.3 	0.9 	52 	0.162 	1.000 	0.480 	(0)	0.000 	0.000 	#N/A	0.240 		15.1 		-	-		-	-		-	-		-	-					Tennessee Titans	New York Jets	0 	0.0 	0 	0.0 	1.0 	11 	1.0 	0.0 	0.0 	0.0 	7.1 	WR30		Tennessee Titans	Philadelphia Eagles	0 	0.0 	0 	0.0 	2.0 	69 	0.0 	0.0 	0.0 	0.0 	6.9 	WR24		Tennessee Titans	New York Giants	0 	0.0 	0 	0.0 	1.0 	11 	0.0 	0.0 	0.0 	0.0 	1.1 	WR78		Tennessee Titans	Baltimore Ravens	0 	0.0 	0 	0.0 	2.8 	35 	0.2 	0.0 	0.0 	0.0 	4.4 	WR64		Tennessee Titans	Houston Texans	0 	0.0 	0 	0.0 	2.9 	36 	0.2 	0.0 	0.0 	0.0 	4.7 	WR61		Tennessee Titans	Indianapolis Colts	0 	0.0 	0 	0.0 	3.0 	37 	0.2 	0.0 	0.0 	0.0 	5.0 	WR50		Tennessee Titans	Cleveland Browns	0 	0.0 	0 	0.0 	2.8 	35 	0.2 	0.0 	0.0 	0.0 	4.7 	WR53		Tennessee Titans	Cincinnati Bengals	0 	0.0 	0 	0.0 	3.0 	38 	0.2 	0.0 	0.0 	0.0 	5.0 	WR52		Tennessee Titans	BYE	0 	0.0 	0 	0.0 	0.0 	0 	0.0 	0.0 	0.0 	0.0 	0.0 	-		Tennessee Titans	Jacksonville Jaguars	0 	0.0 	0 	0.0 	2.9 	36 	0.2 	0.0 	0.0 	0.0 	4.8 	WR52		Tennessee Titans	Dallas Cowboys	0 	0.0 	0 	0.0 	3.0 	37 	0.2 	0.0 	0.0 	0.0 	5.0 	WR48		Tennessee Titans	Jacksonville Jaguars	0 	0.0 	0 	0.0 	2.9 	37 	0.2 	0.0 	0.0 	0.0 	4.8 	WR62		Tennessee Titans	Washington Commanders	0 	0.0 	0 	0.0 	2.9 	37 	0.2 	0.0 	0.0 	0.0 	4.9 	WR55		Tennessee Titans	Detroit Lions	0 	0.0 	0 	0.0 	3.0 	37 	0.2 	0.0 	0.0 	0.0 	4.9 	WR56		Tennessee Titans	Indianapolis Colts	0 	0.0 	0 	0.0 	3.0 	37 	0.2 	0.0 	0.0 	0.0 	5.0 	WR61		Tennessee Titans	Las Vegas Raiders	0 	0.0 	0 	0.0 	2.8 	35 	0.2 	0.0 	0.0 	0.0 	4.7 	WR65		Tennessee Titans	Pittsburgh Steelers	0 	0.0 	0 	0.0 	2.8 	35 	0.2 	0.0 	0.0 	0.0 	4.7 	WR65		Actual	Actual	Actual	Forecast	Forecast	Forecast	Forecast	Forecast	Forecast	Forecast	Forecast	Forecast	Forecast	Forecast	Forecast	Forecast	Forecast		Healthy	Healthy	Healthy	Healthy	Healthy	Healthy	Healthy	Healthy	Healthy	Healthy	Healthy	Healthy	Healthy	Healthy	Healthy	Healthy	Healthy		Week 4 2026	9/29/2026	8:41:33 PM	20		16%	14%	0%	0%	0%	0%		(0.0)
	Aaron Rodgers	Pittsburgh Steelers	QB	QB28	14.0 	224 	3,610 	225.6 	24.0 	1.5 	69 	4.3 	0.3 	0.0 	0.0 	0.0 	0 	0.0 	0.0 	0.0 	10.4 	2.0 	0.0 	0.601 	0.460 	0.200 	0 	0.102 	0.000 	184 	235 	51 	24 	32 	8 	0.154 																12.5 	4.0 	22.7 	13.6 	15.6 	14.6 	14.5 	14.0 	0.0 	14.9 	13.6 	13.2 	13.7 	14.0 	14.6 	14.5 	14.3 		QB24	QB31	QB7	QB26	QB18	QB21	QB22	QB25	-	QB21	QB22	QB29	QB26	QB25	QB26	QB25	QB26		QB27	14.2 	223.8 	1.5 	4.4 	0.0 	0.0 	0.0 	0.0 	24 	0.661 	0.460 	0.200 	0 	0.238 	0.000 	155 	0.217 		185 		-	-		-	-		-	-		-	-		QB22	13.1 	970.0 	6.7 	19.0 	0.1 	0.0 	0.0 	0.0 	22 	0.422 	0.460 	0.227 	0 	0.033 	0.000 	#N/A	0.136 		39.2 		-	-		-	-		-	-		-	-					Pittsburgh Steelers	Atlanta Falcons	221 	1.0 	(3)	0.0 	0.0 	0 	0.0 	0.0 	0.0 	0.0 	12.5 	QB24		Pittsburgh Steelers	New England Patriots	187 	0.0 	5 	0.0 	0.0 	0 	0.0 	1.0 	1.0 	0.0 	4.0 	QB31		Pittsburgh Steelers	Cincinnati Bengals	292 	3.0 	10 	0.0 	0.0 	0 	0.0 	1.0 	0.0 	0.0 	22.7 	QB7		Pittsburgh Steelers	Cleveland Browns	217 	1.4 	4 	0.0 	0.0 	0 	0.0 	0.6 	0.1 	0.0 	13.6 	QB26		Pittsburgh Steelers	Indianapolis Colts	234 	1.8 	5 	0.0 	0.0 	0 	0.0 	0.6 	0.1 	0.0 	15.6 	QB18		Pittsburgh Steelers	Tampa Bay Buccaneers	228 	1.6 	4 	0.0 	0.0 	0 	0.0 	0.6 	0.1 	0.0 	14.6 	QB21		Pittsburgh Steelers	New Orleans Saints	225 	1.6 	5 	0.0 	0.0 	0 	0.0 	0.6 	0.1 	0.0 	14.5 	QB22		Pittsburgh Steelers	Cleveland Browns	215 	1.5 	5 	0.0 	0.0 	0 	0.0 	0.6 	0.1 	0.0 	14.0 	QB25		Pittsburgh Steelers	BYE	0 	0.0 	0 	0.0 	0.0 	0 	0.0 	0.0 	0.0 	0.0 	0.0 	-		Pittsburgh Steelers	Cincinnati Bengals	233 	1.6 	4 	0.0 	0.0 	0 	0.0 	0.6 	0.1 	0.0 	14.9 	QB21		Pittsburgh Steelers	Philadelphia Eagles	224 	1.4 	4 	0.0 	0.0 	0 	0.0 	0.6 	0.1 	0.0 	13.6 	QB22		Pittsburgh Steelers	Denver Broncos	216 	1.4 	4 	0.0 	0.0 	0 	0.0 	0.6 	0.1 	0.0 	13.2 	QB29		Pittsburgh Steelers	Houston Texans	220 	1.4 	4 	0.0 	0.0 	0 	0.0 	0.6 	0.1 	0.0 	13.7 	QB26		Pittsburgh Steelers	Jacksonville Jaguars	223 	1.5 	4 	0.0 	0.0 	0 	0.0 	0.6 	0.1 	0.0 	14.0 	QB25		Pittsburgh Steelers	Baltimore Ravens	228 	1.6 	4 	0.0 	0.0 	0 	0.0 	0.6 	0.1 	0.0 	14.6 	QB26		Pittsburgh Steelers	Carolina Panthers	225 	1.6 	5 	0.0 	0.0 	0 	0.0 	0.6 	0.1 	0.0 	14.5 	QB25		Pittsburgh Steelers	Tennessee Titans	223 	1.6 	5 	0.0 	0.0 	0 	0.0 	0.6 	0.1 	0.0 	14.3 	QB26		Actual	Actual	Actual	Forecast	Forecast	Forecast	Forecast	Forecast	Forecast	Forecast	Forecast	Forecast	Forecast	Forecast	Forecast	Forecast	Forecast		Healthy	Healthy	Healthy	Healthy	Healthy	Healthy	Healthy	Healthy	Healthy	Healthy	Healthy	Healthy	Healthy	Healthy	Healthy	Healthy	Healthy		Week 4 2026	9/29/2026	8:41:33 PM	20		0%	0%	4%	3%	99%	99%		0.0 
	Cade Otton	Tampa Bay Buccaneers	TE	TE23	4.5 	72 	0 	0.0 	0.0 	0.0 	0 	0.0 	0.0 	0.0 	53.5 	3.3 	562 	35.1 	2.7 	0.2 	0.0 	0.1 	0.0 	0.193 	0.560 	0.366 	(0)	0.000 	0.000 	169 	197 	28 	23 	28 	5 	0.176 				-	-		-	-		-	-		-	-		2.6 	3.8 	5.6 	4.2 	4.9 	4.6 	4.6 	4.7 	4.7 	0.0 	4.7 	4.6 	4.5 	4.7 	4.7 	4.6 	4.6 		TE24	TE18	TE13	TE24	TE21	TE20	TE23	TE20	TE22	-	TE20	TE23	TE19	TE21	TE23	TE24	TE24		TE23	4.6 	0.0 	0.0 	0.0 	0.0 	3.3 	34.0 	0.2 	23 	0.215 	0.560 	0.366 	0 	0.022 	0.000 	169 	0.189 		60 		-	-		-	-		-	-		-	-		TE26	4.0 	0.0 	0.0 	0.0 	0.0 	14.2 	147.2 	0.9 	26 	0.129 	0.560 	0.338 	(0)	0.000 	0.000 	#N/A	0.154 		12.0 		-	-		-	-		-	-		-	-					Tampa Bay Buccaneers	Cincinnati Bengals	0 	0.0 	0 	0.0 	3.0 	26 	0.0 	0.0 	0.0 	0.0 	2.6 	TE24		Tampa Bay Buccaneers	Cleveland Browns	0 	0.0 	0 	0.0 	5.0 	38 	0.0 	0.0 	0.0 	0.0 	3.8 	TE18		Tampa Bay Buccaneers	Minnesota Vikings	0 	0.0 	0 	0.0 	3.0 	56 	0.0 	0.0 	0.0 	0.0 	5.6 	TE13		Tampa Bay Buccaneers	Green Bay Packers	0 	0.0 	0 	0.0 	3.1 	32 	0.2 	0.0 	0.0 	0.0 	4.2 	TE24		Tampa Bay Buccaneers	Dallas Cowboys	0 	0.0 	0 	0.0 	3.4 	36 	0.2 	0.0 	0.0 	0.0 	4.9 	TE21		Tampa Bay Buccaneers	Pittsburgh Steelers	0 	0.0 	0 	0.0 	3.2 	34 	0.2 	0.0 	0.0 	0.0 	4.6 	TE20		Tampa Bay Buccaneers	Carolina Panthers	0 	0.0 	0 	0.0 	3.2 	34 	0.2 	0.0 	0.0 	0.0 	4.6 	TE23		Tampa Bay Buccaneers	Atlanta Falcons	0 	0.0 	0 	0.0 	3.3 	34 	0.2 	0.0 	0.0 	0.0 	4.7 	TE20		Tampa Bay Buccaneers	Chicago Bears	0 	0.0 	0 	0.0 	3.3 	35 	0.2 	0.0 	0.0 	0.0 	4.7 	TE22		Tampa Bay Buccaneers	BYE	0 	0.0 	0 	0.0 	0.0 	0 	0.0 	0.0 	0.0 	0.0 	0.0 	-		Tampa Bay Buccaneers	Detroit Lions	0 	0.0 	0 	0.0 	3.3 	35 	0.2 	0.0 	0.0 	0.0 	4.7 	TE20		Tampa Bay Buccaneers	Carolina Panthers	0 	0.0 	0 	0.0 	3.3 	34 	0.2 	0.0 	0.0 	0.0 	4.6 	TE23		Tampa Bay Buccaneers	Los Angeles Chargers	0 	0.0 	0 	0.0 	3.2 	33 	0.2 	0.0 	0.0 	0.0 	4.5 	TE19		Tampa Bay Buccaneers	Baltimore Ravens	0 	0.0 	0 	0.0 	3.3 	35 	0.2 	0.0 	0.0 	0.0 	4.7 	TE21		Tampa Bay Buccaneers	New Orleans Saints	0 	0.0 	0 	0.0 	3.3 	34 	0.2 	0.0 	0.0 	0.0 	4.7 	TE23		Tampa Bay Buccaneers	Atlanta Falcons	0 	0.0 	0 	0.0 	3.2 	34 	0.2 	0.0 	0.0 	0.0 	4.6 	TE24		Tampa Bay Buccaneers	Los Angeles Rams	0 	0.0 	0 	0.0 	3.3 	34 	0.2 	0.0 	0.0 	0.0 	4.6 	TE24		Actual	Actual	Actual	Forecast	Forecast	Forecast	Forecast	Forecast	Forecast	Forecast	Forecast	Forecast	Forecast	Forecast	Forecast	Forecast	Forecast		Healthy	Healthy	Healthy	Healthy	Healthy	Healthy	Healthy	Healthy	Healthy	Healthy	Healthy	Healthy	Healthy	Healthy	Healthy	Healthy	Healthy		Week 4 2026	9/29/2026	8:41:33 PM	20		15%	13%	0%	0%	0%	0%		0.0 
	Cooper Kupp	Seattle Seahawks	WR	WR61	4.9 	78 	0 	0.0 	0.0 	0.0 	0 	0.0 	0.0 	0.0 	40.8 	2.5 	511 	31.9 	4.5 	0.3 	0.0 	0.1 	0.0 	0.208 	1.000 	0.390 	(0)	0.000 	0.000 	154 	287 	133 	61 	97 	36 	0.207 																3.5 	2.0 	10.6 	4.6 	4.9 	4.6 	4.7 	4.8 	5.0 	4.6 	0.0 	4.7 	4.9 	4.8 	4.5 	4.8 	4.6 		WR56	WR68	WR20	WR60	WR56	WR56	WR52	WR57	WR55	WR55	-	WR64	WR56	WR62	WR68	WR62	WR66		WR63	4.7 	0.0 	0.0 	0.0 	0.0 	2.5 	31.5 	0.3 	63 	0.220 	1.000 	0.370 	(0)	0.000 	0.000 	163 	0.200 		62 		-	-		-	-		-	-		-	-		WR46	5.4 	0.0 	0.0 	0.0 	0.0 	10.9 	136.6 	1.2 	46 	0.173 	1.000 	0.540 	0 	0.006 	0.000 	#N/A	0.271 		16.1 		-	-		-	-		-	-		-	-					Seattle Seahawks	New England Patriots	0 	0.0 	0 	0.0 	2.0 	35 	0.0 	0.0 	0.0 	0.0 	3.5 	WR56		Seattle Seahawks	Arizona Cardinals	0 	0.0 	0 	0.0 	2.0 	20 	0.0 	0.0 	0.0 	0.0 	2.0 	WR68		Seattle Seahawks	Washington Commanders	0 	0.0 	0 	0.0 	4.0 	46 	1.0 	0.0 	0.0 	0.0 	10.6 	WR20		Seattle Seahawks	Los Angeles Chargers	0 	0.0 	0 	0.0 	2.4 	31 	0.3 	0.0 	0.0 	0.0 	4.6 	WR60		Seattle Seahawks	San Francisco 49ers	0 	0.0 	0 	0.0 	2.6 	33 	0.3 	0.0 	0.0 	0.0 	4.9 	WR56		Seattle Seahawks	Denver Broncos	0 	0.0 	0 	0.0 	2.5 	31 	0.2 	0.0 	0.0 	0.0 	4.6 	WR56		Seattle Seahawks	Kansas City Chiefs	0 	0.0 	0 	0.0 	2.5 	32 	0.3 	0.0 	0.0 	0.0 	4.7 	WR52		Seattle Seahawks	Chicago Bears	0 	0.0 	0 	0.0 	2.6 	32 	0.3 	0.0 	0.0 	0.0 	4.8 	WR57		Seattle Seahawks	Arizona Cardinals	0 	0.0 	0 	0.0 	2.6 	32 	0.3 	0.0 	0.0 	0.0 	5.0 	WR55		Seattle Seahawks	Las Vegas Raiders	0 	0.0 	0 	0.0 	2.5 	31 	0.3 	0.0 	0.0 	0.0 	4.6 	WR55		Seattle Seahawks	BYE	0 	0.0 	0 	0.0 	0.0 	0 	0.0 	0.0 	0.0 	0.0 	0.0 	-		Seattle Seahawks	San Francisco 49ers	0 	0.0 	0 	0.0 	2.5 	32 	0.3 	0.0 	0.0 	0.0 	4.7 	WR64		Seattle Seahawks	Dallas Cowboys	0 	0.0 	0 	0.0 	2.6 	32 	0.3 	0.0 	0.0 	0.0 	4.9 	WR56		Seattle Seahawks	New York Giants	0 	0.0 	0 	0.0 	2.5 	31 	0.3 	0.0 	0.0 	0.0 	4.8 	WR62		Seattle Seahawks	Philadelphia Eagles	0 	0.0 	0 	0.0 	2.5 	31 	0.2 	0.0 	0.0 	0.0 	4.5 	WR68		Seattle Seahawks	Los Angeles Rams	0 	0.0 	0 	0.0 	2.5 	32 	0.3 	0.0 	0.0 	0.0 	4.8 	WR62		Seattle Seahawks	Carolina Panthers	0 	0.0 	0 	0.0 	2.5 	31 	0.3 	0.0 	0.0 	0.0 	4.6 	WR66		Actual	Actual	Actual	Forecast	Forecast	Forecast	Forecast	Forecast	Forecast	Forecast	Forecast	Forecast	Forecast	Forecast	Forecast	Forecast	Forecast		Healthy	Healthy	Healthy	Healthy	Healthy	Healthy	Healthy	Healthy	Healthy	Healthy	Healthy	Healthy	Healthy	Healthy	Healthy	Healthy	Healthy		Week 4 2026	9/29/2026	8:41:33 PM	20		13%	15%	0%	0%	0%	0%		(0.1)
	Chris Rodriguez Jr.	Jacksonville Jaguars	RB	RB45	4.3 	68 	0 	0.0 	0.0 	0.0 	411 	25.7 	4.3 	0.3 	3.0 	0.2 	30 	1.9 	0.0 	0.0 	0.0 	0.9 	0.0 	0.183 	1.000 	0.456 	(1)	0.000 	0.000 	140 	138 	(2)	45 	51 	6 	0.232 				-	-		-	-		-	-		-	-		2.3 	1.3 	9.7 	4.2 	3.9 	4.1 	0.0 	4.8 	3.8 	4.3 	4.3 	4.7 	3.9 	4.3 	3.7 	4.2 	4.5 		RB54	RB56	RB19	RB48	RB46	RB42	-	RB39	RB46	RB40	RB37	RB46	RB44	RB44	RB51	RB49	RB46		RB47	4.2 	0.0 	0.0 	26.0 	0.3 	0.2 	2.3 	0.0 	47 	0.196 	1.000 	0.430 	(1)	0.000 	0.000 	153 	0.223 		55 		-	-		-	-		-	-		-	-		RB38	4.4 	0.0 	0.0 	112.6 	1.1 	1.0 	10.0 	0.0 	38 	0.143 	1.000 	0.544 	(0)	0.000 	0.000 	#N/A	0.266 		13.3 		-	-		-	-		-	-		-	-					Jacksonville Jaguars	Cleveland Browns	0 	0.0 	23 	0.0 	0.0 	0 	0.0 	0.0 	0.0 	0.0 	2.3 	RB54		Jacksonville Jaguars	Denver Broncos	0 	0.0 	13 	0.0 	0.0 	0 	0.0 	0.0 	0.0 	0.0 	1.3 	RB56		Jacksonville Jaguars	New England Patriots	0 	0.0 	37 	1.0 	0.0 	0 	0.0 	0.0 	0.0 	0.0 	9.7 	RB19		Jacksonville Jaguars	Cincinnati Bengals	0 	0.0 	26 	0.3 	0.2 	2 	0.0 	0.0 	0.1 	0.0 	4.2 	RB48		Jacksonville Jaguars	Philadelphia Eagles	0 	0.0 	25 	0.2 	0.2 	2 	0.0 	0.0 	0.1 	0.0 	3.9 	RB46		Jacksonville Jaguars	Houston Texans	0 	0.0 	26 	0.2 	0.2 	2 	0.0 	0.0 	0.1 	0.0 	4.1 	RB42		Jacksonville Jaguars	BYE	0 	0.0 	0 	0.0 	0.0 	0 	0.0 	0.0 	0.0 	0.0 	0.0 	-		Jacksonville Jaguars	Indianapolis Colts	0 	0.0 	29 	0.3 	0.2 	2 	0.0 	0.0 	0.1 	0.0 	4.8 	RB39		Jacksonville Jaguars	Baltimore Ravens	0 	0.0 	24 	0.2 	0.2 	2 	0.0 	0.0 	0.1 	0.0 	3.8 	RB46		Jacksonville Jaguars	Tennessee Titans	0 	0.0 	27 	0.3 	0.2 	2 	0.0 	0.0 	0.1 	0.0 	4.3 	RB40		Jacksonville Jaguars	New York Giants	0 	0.0 	27 	0.3 	0.2 	2 	0.0 	0.0 	0.1 	0.0 	4.3 	RB37		Jacksonville Jaguars	Tennessee Titans	0 	0.0 	28 	0.3 	0.2 	2 	0.0 	0.0 	0.1 	0.0 	4.7 	RB46		Jacksonville Jaguars	Chicago Bears	0 	0.0 	25 	0.2 	0.2 	2 	0.0 	0.0 	0.1 	0.0 	3.9 	RB44		Jacksonville Jaguars	Pittsburgh Steelers	0 	0.0 	26 	0.3 	0.2 	2 	0.0 	0.0 	0.1 	0.0 	4.3 	RB44		Jacksonville Jaguars	Houston Texans	0 	0.0 	24 	0.2 	0.2 	2 	0.0 	0.0 	0.1 	0.0 	3.7 	RB51		Jacksonville Jaguars	Dallas Cowboys	0 	0.0 	25 	0.3 	0.2 	2 	0.0 	0.0 	0.1 	0.0 	4.2 	RB49		Jacksonville Jaguars	Washington Commanders	0 	0.0 	27 	0.3 	0.2 	2 	0.0 	0.0 	0.1 	0.0 	4.5 	RB46		Actual	Actual	Actual	Forecast	Forecast	Forecast	Forecast	Forecast	Forecast	Forecast	Forecast	Forecast	Forecast	Forecast	Forecast	Forecast	Forecast		Healthy	Healthy	Healthy	Healthy	Healthy	Healthy	Healthy	Healthy	Healthy	Healthy	Healthy	Healthy	Healthy	Healthy	Healthy	Healthy	Healthy		Week 4 2026	9/29/2026	8:41:33 PM	20		1%	0%	22%	29%	0%	0%		(0.0)
	Antonio Williams	Washington Commanders	WR	WR63	4.7 	75 	0 	0.0 	0.0 	0.0 	0 	0.0 	0.0 	0.0 	46.3 	2.9 	550 	34.4 	3.4 	0.2 	0.0 	0.1 	0.0 	0.202 	1.000 	0.370 	(0)	0.000 	0.000 	158 	234 	76 	63 	76 	13 	0.197 				-	-		-	-		-	-		-	-		12.4 	2.4 	1.5 	4.5 	4.6 	4.7 	0.0 	4.4 	4.7 	4.5 	4.8 	4.6 	4.5 	4.3 	4.6 	4.4 	4.6 		WR14	WR64	WR75	WR63	WR63	WR55	-	WR61	WR62	WR56	WR54	WR67	WR59	WR65	WR65	WR69	WR67		WR67	4.5 	0.0 	0.0 	0.0 	0.0 	2.9 	34.4 	0.2 	66 	0.211 	1.000 	0.340 	(0)	0.000 	0.000 	170 	0.185 		59 		-	-		-	-		-	-		-	-		WR43	5.4 	0.0 	0.0 	0.0 	0.0 	12.4 	149.1 	0.8 	43 	0.175 	1.000 	0.570 	0 	0.009 	0.000 	#N/A	0.286 		16.3 		-	-		-	-		-	-		-	-					Washington Commanders	Philadelphia Eagles	0 	0.0 	0 	0.0 	4.0 	64 	1.0 	0.0 	0.0 	0.0 	12.4 	WR14		Washington Commanders	Dallas Cowboys	0 	0.0 	0 	0.0 	3.0 	24 	0.0 	0.0 	0.0 	0.0 	2.4 	WR64		Washington Commanders	Seattle Seahawks	0 	0.0 	0 	0.0 	2.0 	15 	0.0 	0.0 	0.0 	0.0 	1.5 	WR75		Washington Commanders	Indianapolis Colts	0 	0.0 	0 	0.0 	2.9 	34 	0.2 	0.0 	0.0 	0.0 	4.5 	WR63		Washington Commanders	New York Giants	0 	0.0 	0 	0.0 	2.9 	35 	0.2 	0.0 	0.0 	0.0 	4.6 	WR63		Washington Commanders	San Francisco 49ers	0 	0.0 	0 	0.0 	3.0 	35 	0.2 	0.0 	0.0 	0.0 	4.7 	WR55		Washington Commanders	BYE	0 	0.0 	0 	0.0 	0.0 	0 	0.0 	0.0 	0.0 	0.0 	0.0 	-		Washington Commanders	Philadelphia Eagles	0 	0.0 	0 	0.0 	2.8 	34 	0.2 	0.0 	0.0 	0.0 	4.4 	WR61		Washington Commanders	Los Angeles Rams	0 	0.0 	0 	0.0 	3.0 	35 	0.2 	0.0 	0.0 	0.0 	4.7 	WR62		Washington Commanders	New York Giants	0 	0.0 	0 	0.0 	2.8 	34 	0.2 	0.0 	0.0 	0.0 	4.5 	WR56		Washington Commanders	Cincinnati Bengals	0 	0.0 	0 	0.0 	3.0 	36 	0.2 	0.0 	0.0 	0.0 	4.8 	WR54		Washington Commanders	Arizona Cardinals	0 	0.0 	0 	0.0 	2.8 	34 	0.2 	0.0 	0.0 	0.0 	4.6 	WR67		Washington Commanders	Tennessee Titans	0 	0.0 	0 	0.0 	2.8 	34 	0.2 	0.0 	0.0 	0.0 	4.5 	WR59		Washington Commanders	Houston Texans	0 	0.0 	0 	0.0 	2.8 	33 	0.2 	0.0 	0.0 	0.0 	4.3 	WR65		Washington Commanders	Atlanta Falcons	0 	0.0 	0 	0.0 	2.9 	34 	0.2 	0.0 	0.0 	0.0 	4.6 	WR65		Washington Commanders	Minnesota Vikings	0 	0.0 	0 	0.0 	2.8 	34 	0.2 	0.0 	0.0 	0.0 	4.4 	WR69		Washington Commanders	Jacksonville Jaguars	0 	0.0 	0 	0.0 	2.9 	35 	0.2 	0.0 	0.0 	0.0 	4.6 	WR67		Actual	Actual	Actual	Forecast	Forecast	Forecast	Forecast	Forecast	Forecast	Forecast	Forecast	Forecast	Forecast	Forecast	Forecast	Forecast	Forecast		Healthy	Healthy	Healthy	Healthy	Healthy	Healthy	Healthy	Healthy	Healthy	Healthy	Healthy	Healthy	Healthy	Healthy	Healthy	Healthy	Healthy		Week 4 2026	9/29/2026	8:41:33 PM	20		16%	13%	0%	0%	0%	0%		(0.1)
	Jacoby Brissett	Arizona Cardinals	QB	QB26	14.5 	232 	3,584 	224.0 	22.3 	1.4 	123 	7.7 	1.4 	0.1 	0.0 	0.0 	0 	0.0 	0.0 	0.0 	9.4 	1.0 	0.0 	0.624 	0.460 	0.227 	0 	0.152 	0.000 	161 	213 	52 	22 	28 	6 	0.192 																16.5 	6.5 	25.6 	15.2 	14.9 	13.4 	13.9 	14.2 	13.0 	14.2 	13.2 	15.1 	13.7 	0.0 	14.5 	14.4 	14.3 		QB15	QB28	QB3	QB19	QB23	QB24	QB25	QB24	QB28	QB24	QB23	QB23	QB25	-	QB28	QB26	QB25		QB28	14.1 	225.6 	1.4 	7.5 	0.0 	0.0 	0.0 	0.0 	25 	0.657 	0.460 	0.186 	0 	0.229 	0.000 	160 	0.206 		184 		-	-		-	-		-	-		-	-		QB17	16.2 	977.4 	6.1 	32.6 	0.1 	0.0 	0.0 	0.0 	17 	0.523 	0.460 	0.292 	0 	0.202 	0.000 	#N/A	0.250 		48.6 		-	-		-	-		-	-		-	-					Arizona Cardinals	Los Angeles Chargers	277 	1.0 	14 	0.0 	0.0 	0 	0.0 	0.0 	0.0 	0.0 	16.5 	QB15		Arizona Cardinals	Seattle Seahawks	95 	1.0 	7 	0.0 	0.0 	0 	0.0 	1.0 	0.0 	0.0 	6.5 	QB28		Arizona Cardinals	San Francisco 49ers	280 	2.0 	4 	1.0 	0.0 	0 	0.0 	0.0 	0.0 	0.0 	25.6 	QB3		Arizona Cardinals	New York Giants	226 	1.6 	9 	0.0 	0.0 	0 	0.0 	0.7 	0.1 	0.0 	15.2 	QB19		Arizona Cardinals	Detroit Lions	235 	1.5 	7 	0.0 	0.0 	0 	0.0 	0.6 	0.1 	0.0 	14.9 	QB23		Arizona Cardinals	Los Angeles Rams	222 	1.3 	7 	0.0 	0.0 	0 	0.0 	0.6 	0.1 	0.0 	13.4 	QB24		Arizona Cardinals	Denver Broncos	227 	1.4 	7 	0.0 	0.0 	0 	0.0 	0.6 	0.1 	0.0 	13.9 	QB25		Arizona Cardinals	Dallas Cowboys	229 	1.4 	7 	0.0 	0.0 	0 	0.0 	0.6 	0.1 	0.0 	14.2 	QB24		Arizona Cardinals	Seattle Seahawks	218 	1.2 	7 	0.0 	0.0 	0 	0.0 	0.6 	0.1 	0.0 	13.0 	QB28		Arizona Cardinals	Los Angeles Rams	229 	1.4 	7 	0.0 	0.0 	0 	0.0 	0.6 	0.1 	0.0 	14.2 	QB24		Arizona Cardinals	Kansas City Chiefs	220 	1.3 	7 	0.0 	0.0 	0 	0.0 	0.6 	0.1 	0.0 	13.2 	QB23		Arizona Cardinals	Washington Commanders	231 	1.6 	8 	0.0 	0.0 	0 	0.0 	0.6 	0.1 	0.0 	15.1 	QB23		Arizona Cardinals	Philadelphia Eagles	224 	1.3 	7 	0.0 	0.0 	0 	0.0 	0.6 	0.1 	0.0 	13.7 	QB25		Arizona Cardinals	BYE	0 	0.0 	0 	0.0 	0.0 	0 	0.0 	0.0 	0.0 	0.0 	0.0 	-		Arizona Cardinals	New York Jets	221 	1.5 	9 	0.0 	0.0 	0 	0.0 	0.6 	0.1 	0.0 	14.5 	QB28		Arizona Cardinals	New Orleans Saints	228 	1.4 	8 	0.0 	0.0 	0 	0.0 	0.6 	0.1 	0.0 	14.4 	QB26		Arizona Cardinals	Las Vegas Raiders	222 	1.5 	8 	0.0 	0.0 	0 	0.0 	0.6 	0.1 	0.0 	14.3 	QB25		Actual	Actual	Actual	Forecast	Forecast	Forecast	Forecast	Forecast	Forecast	Forecast	Forecast	Forecast	Forecast	Forecast	Forecast	Forecast	Forecast		Healthy	Healthy	Healthy	Healthy	Healthy	Healthy	Healthy	Healthy	Healthy	Healthy	Healthy	Healthy	Healthy	Healthy	Healthy	Healthy	Healthy		Week 4 2026	9/29/2026	8:41:33 PM	20		0%	0%	8%	5%	99%	99%		(0.1)
	Kaelon Black	San Francisco 49ers	RB	RB48	4.0 	64 	0 	0.0 	0.0 	0.0 	473 	29.6 	2.5 	0.2 	6.1 	0.4 	36 	2.2 	0.0 	0.0 	0.0 	1.0 	0.0 	0.172 	1.000 	0.417 	(1)	0.000 	0.000 	149 	215 	66 	48 	68 	20 	0.214 				-	-		-	-		-	-		-	-		7.0 	2.5 	1.7 	4.1 	3.6 	4.6 	4.4 	0.0 	4.9 	4.0 	4.1 	3.7 	4.2 	3.8 	3.7 	3.7 	4.0 		RB30	RB46	RB47	RB50	RB49	RB40	RB41	-	RB41	RB44	RB39	RB50	RB42	RB48	RB50	RB51	RB49		RB48	4.1 	0.0 	0.0 	28.2 	0.2 	0.4 	2.4 	0.0 	48 	0.189 	1.000 	0.417 	(1)	0.000 	0.000 	156 	0.216 		53 		-	-		-	-		-	-		-	-		RB46	3.7 	0.0 	0.0 	122.1 	0.8 	1.7 	10.2 	0.0 	46 	0.121 	1.000 	0.443 	(0)	0.000 	0.000 	#N/A	0.217 		11.2 		-	-		-	-		-	-		-	-					San Francisco 49ers	Los Angeles Rams	0 	0.0 	65 	0.0 	1.0 	5 	0.0 	0.0 	0.0 	0.0 	7.0 	RB30		San Francisco 49ers	Miami Dolphins	0 	0.0 	25 	0.0 	0.0 	0 	0.0 	0.0 	0.0 	0.0 	2.5 	RB46		San Francisco 49ers	Arizona Cardinals	0 	0.0 	17 	0.0 	0.0 	0 	0.0 	0.0 	0.0 	0.0 	1.7 	RB47		San Francisco 49ers	Denver Broncos	0 	0.0 	28 	0.2 	0.4 	2 	0.0 	0.0 	0.1 	0.0 	4.1 	RB50		San Francisco 49ers	Seattle Seahawks	0 	0.0 	25 	0.2 	0.4 	2 	0.0 	0.0 	0.1 	0.0 	3.6 	RB49		San Francisco 49ers	Washington Commanders	0 	0.0 	31 	0.2 	0.4 	2 	0.0 	0.0 	0.1 	0.0 	4.6 	RB40		San Francisco 49ers	Atlanta Falcons	0 	0.0 	30 	0.2 	0.4 	2 	0.0 	0.0 	0.1 	0.0 	4.4 	RB41		San Francisco 49ers	BYE	0 	0.0 	0 	0.0 	0.0 	0 	0.0 	0.0 	0.0 	0.0 	0.0 	-		San Francisco 49ers	Las Vegas Raiders	0 	0.0 	34 	0.2 	0.4 	2 	0.0 	0.0 	0.1 	0.0 	4.9 	RB41		San Francisco 49ers	Dallas Cowboys	0 	0.0 	28 	0.2 	0.4 	2 	0.0 	0.0 	0.1 	0.0 	4.0 	RB44		San Francisco 49ers	Minnesota Vikings	0 	0.0 	29 	0.2 	0.4 	2 	0.0 	0.0 	0.1 	0.0 	4.1 	RB39		San Francisco 49ers	Seattle Seahawks	0 	0.0 	26 	0.2 	0.4 	2 	0.0 	0.0 	0.1 	0.0 	3.7 	RB50		San Francisco 49ers	New York Giants	0 	0.0 	29 	0.2 	0.4 	2 	0.0 	0.0 	0.1 	0.0 	4.2 	RB42		San Francisco 49ers	Los Angeles Rams	0 	0.0 	27 	0.2 	0.4 	2 	0.0 	0.0 	0.1 	0.0 	3.8 	RB48		San Francisco 49ers	Los Angeles Chargers	0 	0.0 	26 	0.2 	0.4 	2 	0.0 	0.0 	0.1 	0.0 	3.7 	RB50		San Francisco 49ers	Kansas City Chiefs	0 	0.0 	26 	0.2 	0.4 	2 	0.0 	0.0 	0.1 	0.0 	3.7 	RB51		San Francisco 49ers	Philadelphia Eagles	0 	0.0 	28 	0.2 	0.4 	2 	0.0 	0.0 	0.1 	0.0 	4.0 	RB49		Actual	Actual	Actual	Forecast	Forecast	Forecast	Forecast	Forecast	Forecast	Forecast	Forecast	Forecast	Forecast	Forecast	Forecast	Forecast	Forecast		Healthy	Healthy	Healthy	Healthy	Healthy	Healthy	Healthy	Healthy	Healthy	Healthy	Healthy	Healthy	Healthy	Healthy	Healthy	Healthy	Healthy		Week 4 2026	9/29/2026	8:41:33 PM	20		1%	0%	24%	22%	0%	0%		(0.0)
	Ted Hurst	Tampa Bay Buccaneers	WR	WR62	4.9 	78 	0 	0.0 	0.0 	0.0 	0 	0.0 	0.0 	0.0 	38.7 	2.4 	545 	34.0 	3.9 	0.2 	0.0 	0.1 	0.0 	0.208 	1.000 	0.380 	(0)	0.000 	0.000 	156 	0 	(156)	62 	0 	(62)	0.202 																3.6 	2.7 	10.0 	4.3 	5.0 	4.7 	4.7 	4.8 	4.8 	0.0 	4.8 	4.7 	4.6 	4.7 	4.8 	4.7 	4.7 		WR54	WR57	WR23	WR65	WR53	WR54	WR54	WR58	WR61	-	WR53	WR63	WR58	WR63	WR64	WR64	WR64		WR65	4.7 	0.0 	0.0 	0.0 	0.0 	2.5 	34.0 	0.2 	64 	0.219 	1.000 	0.360 	(0)	0.000 	0.000 	166 	0.195 		61 		-	-		-	-		-	-		-	-		WR43	5.4 	0.0 	0.0 	0.0 	0.0 	10.9 	147.2 	1.0 	43 	0.175 	1.000 	0.570 	0 	0.009 	0.000 	#N/A	0.286 		16.3 		-	-		-	-		-	-		-	-					Tampa Bay Buccaneers	Cincinnati Bengals	0 	0.0 	0 	0.0 	3.0 	36 	0.0 	0.0 	0.0 	0.0 	3.6 	WR54		Tampa Bay Buccaneers	Cleveland Browns	0 	0.0 	0 	0.0 	2.0 	27 	0.0 	0.0 	0.0 	0.0 	2.7 	WR57		Tampa Bay Buccaneers	Minnesota Vikings	0 	0.0 	0 	0.0 	1.0 	40 	1.0 	0.0 	0.0 	0.0 	10.0 	WR23		Tampa Bay Buccaneers	Green Bay Packers	0 	0.0 	0 	0.0 	2.4 	32 	0.2 	0.0 	0.0 	0.0 	4.3 	WR65		Tampa Bay Buccaneers	Dallas Cowboys	0 	0.0 	0 	0.0 	2.6 	36 	0.2 	0.0 	0.0 	0.0 	5.0 	WR53		Tampa Bay Buccaneers	Pittsburgh Steelers	0 	0.0 	0 	0.0 	2.5 	34 	0.2 	0.0 	0.0 	0.0 	4.7 	WR54		Tampa Bay Buccaneers	Carolina Panthers	0 	0.0 	0 	0.0 	2.5 	34 	0.2 	0.0 	0.0 	0.0 	4.7 	WR54		Tampa Bay Buccaneers	Atlanta Falcons	0 	0.0 	0 	0.0 	2.5 	34 	0.2 	0.0 	0.0 	0.0 	4.8 	WR58		Tampa Bay Buccaneers	Chicago Bears	0 	0.0 	0 	0.0 	2.6 	35 	0.2 	0.0 	0.0 	0.0 	4.8 	WR61		Tampa Bay Buccaneers	BYE	0 	0.0 	0 	0.0 	0.0 	0 	0.0 	0.0 	0.0 	0.0 	0.0 	-		Tampa Bay Buccaneers	Detroit Lions	0 	0.0 	0 	0.0 	2.6 	35 	0.2 	0.0 	0.0 	0.0 	4.8 	WR53		Tampa Bay Buccaneers	Carolina Panthers	0 	0.0 	0 	0.0 	2.5 	34 	0.2 	0.0 	0.0 	0.0 	4.7 	WR63		Tampa Bay Buccaneers	Los Angeles Chargers	0 	0.0 	0 	0.0 	2.5 	33 	0.2 	0.0 	0.0 	0.0 	4.6 	WR58		Tampa Bay Buccaneers	Baltimore Ravens	0 	0.0 	0 	0.0 	2.6 	35 	0.2 	0.0 	0.0 	0.0 	4.7 	WR63		Tampa Bay Buccaneers	New Orleans Saints	0 	0.0 	0 	0.0 	2.5 	34 	0.2 	0.0 	0.0 	0.0 	4.8 	WR64		Tampa Bay Buccaneers	Atlanta Falcons	0 	0.0 	0 	0.0 	2.5 	34 	0.2 	0.0 	0.0 	0.0 	4.7 	WR64		Tampa Bay Buccaneers	Los Angeles Rams	0 	0.0 	0 	0.0 	2.5 	34 	0.2 	0.0 	0.0 	0.0 	4.7 	WR64		Actual	Actual	Actual	Forecast	Forecast	Forecast	Forecast	Forecast	Forecast	Forecast	Forecast	Forecast	Forecast	Forecast	Forecast	Forecast	Forecast		Healthy	Healthy	Healthy	Healthy	Healthy	Healthy	Healthy	Healthy	Healthy	Healthy	Healthy	Healthy	Healthy	Healthy	Healthy	Healthy	Healthy		Week 4 2026	9/29/2026	8:41:33 PM	20		15%	14%	0%	0%	0%	0%		(0.1)
	Darren Waller	Carolina Panthers	TE	TE14	6.0 	95 	0 	0.0 	0.0 	0.0 	0 	0.0 	0.0 	0.0 	57.6 	3.6 	602 	37.6 	5.9 	0.4 	0.0 	0.1 	0.0 	0.256 	0.560 	0.458 	0 	0.214 	0.000 	106 	303 	197 	13 	38 	25 	0.318 				-	-		-	-		-	-		-	-		2.8 	15.3 	5.1 	6.0 	0.0 	5.4 	5.7 	5.5 	5.3 	5.5 	5.6 	5.6 	5.4 	5.7 	5.7 	5.3 	5.4 		TE22	TE4	TE15	TE11	-	TE14	TE14	TE13	TE17	TE15	TE14	TE16	TE14	TE14	TE14	TE17	TE17		TE16	5.6 	0.0 	0.0 	0.0 	0.0 	3.7 	37.7 	0.3 	15 	0.258 	0.560 	0.441 	0 	0.184 	0.000 	121 	0.298 		72 		-	-		-	-		-	-		-	-		TE11	7.7 	0.0 	0.0 	0.0 	0.0 	15.9 	163.4 	1.3 	11 	0.250 	0.560 	0.476 	1 	0.427 	0.000 	#N/A	0.420 		23.2 		-	-		-	-		-	-		-	-					Carolina Panthers	Chicago Bears	0 	0.0 	0 	0.0 	2.0 	28 	0.0 	0.0 	0.0 	0.0 	2.8 	TE22		Carolina Panthers	Atlanta Falcons	0 	0.0 	0 	0.0 	3.0 	33 	2.0 	0.0 	0.0 	0.0 	15.3 	TE4		Carolina Panthers	Cleveland Browns	0 	0.0 	0 	0.0 	5.0 	51 	0.0 	0.0 	0.0 	0.0 	5.1 	TE15		Carolina Panthers	Detroit Lions	0 	0.0 	0 	0.0 	3.9 	40 	0.3 	0.0 	0.0 	0.0 	6.0 	TE11		Carolina Panthers	BYE	0 	0.0 	0 	0.0 	0.0 	0 	0.0 	0.0 	0.0 	0.0 	0.0 	-		Carolina Panthers	Philadelphia Eagles	0 	0.0 	0 	0.0 	3.6 	37 	0.3 	0.0 	0.0 	0.0 	5.4 	TE14		Carolina Panthers	Tampa Bay Buccaneers	0 	0.0 	0 	0.0 	3.7 	38 	0.3 	0.0 	0.0 	0.0 	5.7 	TE14		Carolina Panthers	Green Bay Packers	0 	0.0 	0 	0.0 	3.7 	38 	0.3 	0.0 	0.0 	0.0 	5.5 	TE13		Carolina Panthers	Denver Broncos	0 	0.0 	0 	0.0 	3.5 	37 	0.3 	0.0 	0.0 	0.0 	5.3 	TE17		Carolina Panthers	New Orleans Saints	0 	0.0 	0 	0.0 	3.6 	37 	0.3 	0.0 	0.0 	0.0 	5.5 	TE15		Carolina Panthers	Baltimore Ravens	0 	0.0 	0 	0.0 	3.7 	38 	0.3 	0.0 	0.0 	0.0 	5.6 	TE14		Carolina Panthers	Tampa Bay Buccaneers	0 	0.0 	0 	0.0 	3.7 	38 	0.3 	0.0 	0.0 	0.0 	5.6 	TE16		Carolina Panthers	Minnesota Vikings	0 	0.0 	0 	0.0 	3.6 	37 	0.3 	0.0 	0.0 	0.0 	5.4 	TE14		Carolina Panthers	New Orleans Saints	0 	0.0 	0 	0.0 	3.7 	38 	0.3 	0.0 	0.0 	0.0 	5.7 	TE14		Carolina Panthers	Cincinnati Bengals	0 	0.0 	0 	0.0 	3.7 	38 	0.3 	0.0 	0.0 	0.0 	5.7 	TE14		Carolina Panthers	Pittsburgh Steelers	0 	0.0 	0 	0.0 	3.6 	37 	0.3 	0.0 	0.0 	0.0 	5.3 	TE17		Carolina Panthers	Seattle Seahawks	0 	0.0 	0 	0.0 	3.6 	37 	0.3 	0.0 	0.0 	0.0 	5.4 	TE17		Actual	Actual	Actual	Forecast	Forecast	Forecast	Forecast	Forecast	Forecast	Forecast	Forecast	Forecast	Forecast	Forecast	Forecast	Forecast	Forecast		Healthy	Healthy	Healthy	Healthy	Healthy	Healthy	Healthy	Healthy	Healthy	Healthy	Healthy	Healthy	Healthy	Healthy	Healthy	Healthy	Healthy		Week 4 2026	9/29/2026	8:41:33 PM	20		17%	20%	0%	0%	0%	0%		(0.1)
	Kenny Gainwell	Tampa Bay Buccaneers	RB	RB58	2.9 	46 	0 	0.0 	0.0 	0.0 	158 	9.9 	1.0 	0.1 	31.4 	2.0 	169 	10.6 	1.4 	0.1 	0.0 	0.4 	0.0 	0.124 	1.000 	0.289 	(1)	0.000 	0.000 	187 	89 	(98)	58 	36 	(22)	0.149 				-	-		-	-		-	-		-	-		1.8 	1.5 	1.0 	2.8 	3.3 	3.3 	3.3 	3.5 	3.2 	0.0 	3.2 	3.4 	3.2 	3.1 	3.4 	3.3 	3.1 		RB56	RB54	RB54	RB55	RB51	RB46	RB48	RB44	RB50	-	RB43	RB53	RB50	RB52	RB53	RB53	RB53		RB56	3.2 	0.0 	0.0 	10.5 	0.1 	2.0 	11.3 	0.1 	56 	0.150 	1.000 	0.315 	(1)	0.000 	0.000 	179 	0.164 		42 		-	-		-	-		-	-		-	-		RB70	1.4 	0.0 	0.0 	45.6 	0.3 	8.5 	49.1 	0.5 	70 	0.046 	1.000 	0.134 	(1)	0.000 	0.000 	#N/A	0.067 		4.3 		-	-		-	-		-	-		-	-					Tampa Bay Buccaneers	Cincinnati Bengals	0 	0.0 	15 	0.0 	1.0 	3 	0.0 	0.0 	0.0 	0.0 	1.8 	RB56		Tampa Bay Buccaneers	Cleveland Browns	0 	0.0 	10 	0.0 	3.0 	5 	0.0 	0.0 	0.0 	0.0 	1.5 	RB54		Tampa Bay Buccaneers	Minnesota Vikings	0 	0.0 	(4)	0.0 	2.0 	14 	0.0 	0.0 	0.0 	0.0 	1.0 	RB54		Tampa Bay Buccaneers	Green Bay Packers	0 	0.0 	9 	0.1 	1.8 	11 	0.1 	0.0 	0.0 	0.0 	2.8 	RB55		Tampa Bay Buccaneers	Dallas Cowboys	0 	0.0 	10 	0.1 	2.1 	12 	0.1 	0.0 	0.0 	0.0 	3.3 	RB51		Tampa Bay Buccaneers	Pittsburgh Steelers	0 	0.0 	11 	0.1 	1.9 	11 	0.1 	0.0 	0.0 	0.0 	3.3 	RB46		Tampa Bay Buccaneers	Carolina Panthers	0 	0.0 	11 	0.1 	1.9 	11 	0.1 	0.0 	0.0 	0.0 	3.3 	RB48		Tampa Bay Buccaneers	Atlanta Falcons	0 	0.0 	12 	0.1 	1.9 	11 	0.1 	0.0 	0.0 	0.0 	3.5 	RB44		Tampa Bay Buccaneers	Chicago Bears	0 	0.0 	10 	0.1 	2.0 	12 	0.1 	0.0 	0.0 	0.0 	3.2 	RB50		Tampa Bay Buccaneers	BYE	0 	0.0 	0 	0.0 	0.0 	0 	0.0 	0.0 	0.0 	0.0 	0.0 	-		Tampa Bay Buccaneers	Detroit Lions	0 	0.0 	10 	0.1 	2.0 	12 	0.1 	0.0 	0.0 	0.0 	3.2 	RB43		Tampa Bay Buccaneers	Carolina Panthers	0 	0.0 	11 	0.1 	1.9 	11 	0.1 	0.0 	0.0 	0.0 	3.4 	RB53		Tampa Bay Buccaneers	Los Angeles Chargers	0 	0.0 	10 	0.1 	1.9 	11 	0.1 	0.0 	0.0 	0.0 	3.2 	RB50		Tampa Bay Buccaneers	Baltimore Ravens	0 	0.0 	9 	0.1 	2.0 	12 	0.1 	0.0 	0.0 	0.0 	3.1 	RB52		Tampa Bay Buccaneers	New Orleans Saints	0 	0.0 	11 	0.1 	2.0 	11 	0.1 	0.0 	0.0 	0.0 	3.4 	RB53		Tampa Bay Buccaneers	Atlanta Falcons	0 	0.0 	11 	0.1 	1.9 	11 	0.1 	0.0 	0.0 	0.0 	3.3 	RB53		Tampa Bay Buccaneers	Los Angeles Rams	0 	0.0 	10 	0.1 	2.0 	11 	0.1 	0.0 	0.0 	0.0 	3.1 	RB53		Actual	Actual	Actual	Forecast	Forecast	Forecast	Forecast	Forecast	Forecast	Forecast	Forecast	Forecast	Forecast	Forecast	Forecast	Forecast	Forecast		Healthy	Healthy	Healthy	Healthy	Healthy	Healthy	Healthy	Healthy	Healthy	Healthy	Healthy	Healthy	Healthy	Healthy	Healthy	Healthy	Healthy		Week 4 2026	9/29/2026	8:41:33 PM	20		5%	7%	9%	9%	0%	0%		0.1 
	Chris Bell	Miami Dolphins	WR	WR67	4.6 	69 	0 	0.0 	0.0 	0.0 	0 	0.0 	0.0 	0.0 	37.8 	2.5 	560 	37.4 	2.2 	0.1 	0.0 	0.1 	0.0 	0.186 	1.000 	0.330 	(0)	0.000 	0.000 	168 	230 	62 	67 	75 	8 	0.176 				-	-		-	-		-	-		-	-		2.5 	0.0 	6.7 	4.1 	4.9 	0.0 	4.5 	4.6 	4.8 	4.8 	4.6 	4.5 	4.4 	4.8 	4.5 	4.6 	4.8 		WR69	-	WR33	WR67	WR58	-	WR55	WR59	WR60	WR53	WR56	WR68	WR61	WR61	WR66	WR66	WR60		WR66	4.6 	0.0 	0.0 	0.0 	0.0 	2.5 	36.0 	0.2 	65 	0.215 	1.000 	0.350 	(0)	0.000 	0.000 	167 	0.190 		60 		-	-		-	-		-	-		-	-		WR77	4.6 	0.0 	0.0 	0.0 	0.0 	16.4 	234.2 	1.1 	77 	0.099 	1.000 	0.230 	(0)	0.000 	0.000 	#N/A	0.118 		9.2 		-	-		-	-		-	-		-	-					Miami Dolphins	Las Vegas Raiders	0 	0.0 	0 	0.0 	1.0 	25 	0.0 	0.0 	0.0 	0.0 	2.5 	WR69		Miami Dolphins	San Francisco 49ers	0 	0.0 	0 	0.0 	0.0 	0 	0.0 	0.0 	0.0 	0.0 	0.0 	-		Miami Dolphins	Kansas City Chiefs	0 	0.0 	0 	0.0 	4.0 	67 	0.0 	0.0 	0.0 	0.0 	6.7 	WR33		Miami Dolphins	Minnesota Vikings	0 	0.0 	0 	0.0 	2.3 	34 	0.1 	0.0 	0.0 	0.0 	4.1 	WR67		Miami Dolphins	Cincinnati Bengals	0 	0.0 	0 	0.0 	2.6 	38 	0.2 	0.0 	0.0 	0.0 	4.9 	WR58		Miami Dolphins	BYE	0 	0.0 	0 	0.0 	0.0 	0 	0.0 	0.0 	0.0 	0.0 	0.0 	-		Miami Dolphins	New York Jets	0 	0.0 	0 	0.0 	2.4 	35 	0.2 	0.0 	0.0 	0.0 	4.5 	WR55		Miami Dolphins	New England Patriots	0 	0.0 	0 	0.0 	2.5 	36 	0.2 	0.0 	0.0 	0.0 	4.6 	WR59		Miami Dolphins	Detroit Lions	0 	0.0 	0 	0.0 	2.6 	37 	0.2 	0.0 	0.0 	0.0 	4.8 	WR60		Miami Dolphins	Indianapolis Colts	0 	0.0 	0 	0.0 	2.6 	37 	0.2 	0.0 	0.0 	0.0 	4.8 	WR53		Miami Dolphins	Buffalo Bills	0 	0.0 	0 	0.0 	2.5 	36 	0.2 	0.0 	0.0 	0.0 	4.6 	WR56		Miami Dolphins	New York Jets	0 	0.0 	0 	0.0 	2.4 	35 	0.2 	0.0 	0.0 	0.0 	4.5 	WR68		Miami Dolphins	Denver Broncos	0 	0.0 	0 	0.0 	2.5 	35 	0.2 	0.0 	0.0 	0.0 	4.4 	WR61		Miami Dolphins	Chicago Bears	0 	0.0 	0 	0.0 	2.6 	37 	0.2 	0.0 	0.0 	0.0 	4.8 	WR61		Miami Dolphins	Green Bay Packers	0 	0.0 	0 	0.0 	2.5 	36 	0.2 	0.0 	0.0 	0.0 	4.5 	WR66		Miami Dolphins	Los Angeles Chargers	0 	0.0 	0 	0.0 	2.5 	36 	0.2 	0.0 	0.0 	0.0 	4.6 	WR66		Miami Dolphins	Buffalo Bills	0 	0.0 	0 	0.0 	2.6 	37 	0.2 	0.0 	0.0 	0.0 	4.8 	WR60		Actual	Actual	Actual	Forecast	Forecast	Forecast	Forecast	Forecast	Forecast	Forecast	Forecast	Forecast	Forecast	Forecast	Forecast	Forecast	Forecast		Healthy	Healthy	Healthy	Healthy	Healthy	Healthy	Healthy	Healthy	Healthy	Healthy	Healthy	Healthy	Healthy	Healthy	Healthy	Healthy	Healthy		Week 4 2026	9/29/2026	8:41:33 PM	20		16%	14%	0%	0%	0%	0%		0.1 
	Xavier Worthy	Kansas City Chiefs	WR	WR68	4.3 	69 	0 	0.0 	0.0 	0.0 	17 	1.1 	0.1 	0.0 	47.2 	2.9 	431 	26.9 	4.0 	0.2 	0.0 	0.1 	0.0 	0.186 	1.000 	0.320 	(0)	0.000 	0.000 	172 	135 	(37)	68 	50 	(18)	0.172 				-	-		-	-		-	-		-	-		1.8 	8.5 	2.0 	4.5 	0.0 	4.5 	4.2 	4.2 	4.3 	4.4 	4.5 	4.5 	4.3 	4.4 	4.4 	4.5 	4.3 		WR76	WR19	WR69	WR62	-	WR57	WR58	WR64	WR65	WR58	WR57	WR69	WR63	WR64	WR69	WR68	WR70		WR69	4.4 	0.0 	0.0 	1.3 	0.0 	2.9 	28.3 	0.2 	68 	0.203 	1.000 	0.320 	(0)	0.000 	0.000 	175 	0.175 		57 		-	-		-	-		-	-		-	-		WR63	4.1 	0.0 	0.0 	5.7 	0.0 	12.4 	122.6 	1.0 	63 	0.132 	1.000 	0.370 	(0)	0.000 	0.000 	#N/A	0.186 		12.3 		-	-		-	-		-	-		-	-					Kansas City Chiefs	Denver Broncos	0 	0.0 	0 	0.0 	3.0 	18 	0.0 	0.0 	0.0 	0.0 	1.8 	WR76		Kansas City Chiefs	Indianapolis Colts	0 	0.0 	0 	0.0 	5.0 	25 	1.0 	0.0 	0.0 	0.0 	8.5 	WR19		Kansas City Chiefs	Miami Dolphins	0 	0.0 	0 	0.0 	2.0 	20 	0.0 	0.0 	0.0 	0.0 	2.0 	WR69		Kansas City Chiefs	Las Vegas Raiders	0 	0.0 	1 	0.0 	2.9 	29 	0.2 	0.0 	0.0 	0.0 	4.5 	WR62		Kansas City Chiefs	BYE	0 	0.0 	0 	0.0 	0.0 	0 	0.0 	0.0 	0.0 	0.0 	0.0 	-		Kansas City Chiefs	Los Angeles Chargers	0 	0.0 	1 	0.0 	2.9 	29 	0.2 	0.0 	0.0 	0.0 	4.5 	WR57		Kansas City Chiefs	Seattle Seahawks	0 	0.0 	1 	0.0 	2.8 	28 	0.2 	0.0 	0.0 	0.0 	4.2 	WR58		Kansas City Chiefs	Denver Broncos	0 	0.0 	1 	0.0 	2.8 	28 	0.2 	0.0 	0.0 	0.0 	4.2 	WR64		Kansas City Chiefs	New York Jets	0 	0.0 	2 	0.0 	2.7 	27 	0.2 	0.0 	0.0 	0.0 	4.3 	WR65		Kansas City Chiefs	Atlanta Falcons	0 	0.0 	1 	0.0 	2.8 	28 	0.2 	0.0 	0.0 	0.0 	4.4 	WR58		Kansas City Chiefs	Arizona Cardinals	0 	0.0 	2 	0.0 	2.8 	28 	0.2 	0.0 	0.0 	0.0 	4.5 	WR57		Kansas City Chiefs	Buffalo Bills	0 	0.0 	1 	0.0 	2.9 	29 	0.2 	0.0 	0.0 	0.0 	4.5 	WR69		Kansas City Chiefs	Los Angeles Rams	0 	0.0 	1 	0.0 	2.9 	29 	0.2 	0.0 	0.0 	0.0 	4.3 	WR63		Kansas City Chiefs	Cincinnati Bengals	0 	0.0 	1 	0.0 	2.9 	29 	0.2 	0.0 	0.0 	0.0 	4.4 	WR64		Kansas City Chiefs	New England Patriots	0 	0.0 	1 	0.0 	2.9 	28 	0.2 	0.0 	0.0 	0.0 	4.4 	WR69		Kansas City Chiefs	San Francisco 49ers	0 	0.0 	1 	0.0 	2.9 	29 	0.2 	0.0 	0.0 	0.0 	4.5 	WR68		Kansas City Chiefs	Los Angeles Chargers	0 	0.0 	1 	0.0 	2.8 	28 	0.2 	0.0 	0.0 	0.0 	4.3 	WR70		Actual	Actual	Actual	Forecast	Forecast	Forecast	Forecast	Forecast	Forecast	Forecast	Forecast	Forecast	Forecast	Forecast	Forecast	Forecast	Forecast		Healthy	Healthy	Healthy	Healthy	Healthy	Healthy	Healthy	Healthy	Healthy	Healthy	Healthy	Healthy	Healthy	Healthy	Healthy	Healthy	Healthy		Week 4 2026	9/29/2026	8:41:33 PM	20		13%	15%	1%	1%	0%	0%		(0.0)
	Keaton Mitchell	Los Angeles Chargers	RB	RB49	4.0 	64 	0 	0.0 	0.0 	0.0 	413 	25.8 	1.1 	0.1 	13.2 	0.8 	93 	5.8 	1.4 	0.1 	0.0 	0.8 	0.0 	0.171 	1.000 	0.405 	(1)	0.000 	0.000 	152 	155 	3 	49 	54 	5 	0.208 																0.9 	3.9 	10.7 	3.0 	3.7 	3.5 	0.0 	3.5 	3.7 	3.4 	4.2 	3.7 	3.8 	3.9 	3.9 	4.2 	3.7 		RB58	RB39	RB16	RB52	RB47	RB44	-	RB45	RB47	RB45	RB38	RB51	RB47	RB47	RB49	RB48	RB51		RB50	3.7 	0.0 	0.0 	25.2 	0.1 	0.7 	6.4 	0.0 	50 	0.173 	1.000 	0.392 	(1)	0.000 	0.000 	162 	0.202 		48 		-	-		-	-		-	-		-	-		RB37	5.2 	0.0 	0.0 	109.2 	0.4 	3.1 	27.7 	0.1 	37 	0.167 	1.000 	0.557 	(0)	0.000 	0.000 	#N/A	0.276 		15.5 		-	-		-	-		-	-		-	-					Los Angeles Chargers	Arizona Cardinals	0 	0.0 	9 	0.0 	0.0 	0 	0.0 	0.0 	0.0 	0.0 	0.9 	RB58		Los Angeles Chargers	Las Vegas Raiders	0 	0.0 	24 	0.0 	1.0 	15 	0.0 	0.0 	0.0 	0.0 	3.9 	RB39		Los Angeles Chargers	Buffalo Bills	0 	0.0 	52 	0.0 	3.0 	(5)	1.0 	0.0 	0.0 	0.0 	10.7 	RB16		Los Angeles Chargers	Seattle Seahawks	0 	0.0 	20 	0.1 	0.7 	6 	0.0 	0.0 	0.1 	0.0 	3.0 	RB52		Los Angeles Chargers	Denver Broncos	0 	0.0 	25 	0.1 	0.7 	6 	0.0 	0.0 	0.1 	0.0 	3.7 	RB47		Los Angeles Chargers	Kansas City Chiefs	0 	0.0 	24 	0.1 	0.7 	6 	0.0 	0.0 	0.1 	0.0 	3.5 	RB44		Los Angeles Chargers	BYE	0 	0.0 	0 	0.0 	0.0 	0 	0.0 	0.0 	0.0 	0.0 	0.0 	-		Los Angeles Chargers	Los Angeles Rams	0 	0.0 	23 	0.1 	0.7 	7 	0.0 	0.0 	0.1 	0.0 	3.5 	RB45		Los Angeles Chargers	Houston Texans	0 	0.0 	25 	0.1 	0.7 	6 	0.0 	0.0 	0.1 	0.0 	3.7 	RB47		Los Angeles Chargers	Baltimore Ravens	0 	0.0 	23 	0.1 	0.7 	7 	0.0 	0.0 	0.1 	0.0 	3.4 	RB45		Los Angeles Chargers	New York Jets	0 	0.0 	29 	0.1 	0.7 	6 	0.0 	0.0 	0.1 	0.0 	4.2 	RB38		Los Angeles Chargers	New England Patriots	0 	0.0 	25 	0.1 	0.7 	6 	0.0 	0.0 	0.1 	0.0 	3.7 	RB51		Los Angeles Chargers	Tampa Bay Buccaneers	0 	0.0 	26 	0.1 	0.7 	7 	0.0 	0.0 	0.1 	0.0 	3.8 	RB47		Los Angeles Chargers	Las Vegas Raiders	0 	0.0 	27 	0.1 	0.7 	6 	0.0 	0.0 	0.1 	0.0 	3.9 	RB47		Los Angeles Chargers	San Francisco 49ers	0 	0.0 	26 	0.1 	0.7 	7 	0.0 	0.0 	0.1 	0.0 	3.9 	RB49		Los Angeles Chargers	Miami Dolphins	0 	0.0 	29 	0.1 	0.7 	6 	0.0 	0.0 	0.1 	0.0 	4.2 	RB48		Los Angeles Chargers	Kansas City Chiefs	0 	0.0 	25 	0.1 	0.7 	6 	0.0 	0.0 	0.1 	0.0 	3.7 	RB51		Actual	Actual	Actual	Forecast	Forecast	Forecast	Forecast	Forecast	Forecast	Forecast	Forecast	Forecast	Forecast	Forecast	Forecast	Forecast	Forecast		Healthy	Healthy	Healthy	Healthy	Healthy	Healthy	Healthy	Healthy	Healthy	Healthy	Healthy	Healthy	Healthy	Healthy	Healthy	Healthy	Healthy		Week 4 2026	9/29/2026	8:41:33 PM	20		3%	2%	19%	9%	0%	0%		(0.1)
	Brenton Strange	Jacksonville Jaguars	TE	TE22	4.5 	72 	0 	0.0 	0.0 	0.0 	0 	0.0 	0.0 	0.0 	43.0 	2.7 	460 	28.8 	4.4 	0.3 	0.0 	0.1 	0.0 	0.194 	0.560 	0.376 	(0)	0.000 	0.000 	167 	143 	(24)	22 	19 	(3)	0.179 				-	-		-	-		-	-		-	-		8.3 	1.7 	3.2 	4.7 	4.4 	4.3 	0.0 	4.8 	4.6 	4.5 	4.5 	4.6 	4.4 	4.5 	4.2 	4.7 	4.8 		TE12	TE23	TE18	TE23	TE22	TE21	-	TE19	TE23	TE21	TE21	TE24	TE20	TE22	TE25	TE23	TE23		TE24	4.5 	0.0 	0.0 	0.0 	0.0 	2.8 	29.9 	0.3 	24 	0.211 	0.560 	0.357 	0 	0.007 	0.000 	173 	0.177 		59 		-	-		-	-		-	-		-	-		TE23	4.4 	0.0 	0.0 	0.0 	0.0 	12.0 	129.5 	1.1 	23 	0.142 	0.560 	0.366 	(0)	0.000 	0.000 	#N/A	0.168 		13.2 		-	-		-	-		-	-		-	-					Jacksonville Jaguars	Cleveland Browns	0 	0.0 	0 	0.0 	2.0 	23 	1.0 	0.0 	0.0 	0.0 	8.3 	TE12		Jacksonville Jaguars	Denver Broncos	0 	0.0 	0 	0.0 	2.0 	17 	0.0 	0.0 	0.0 	0.0 	1.7 	TE23		Jacksonville Jaguars	New England Patriots	0 	0.0 	0 	0.0 	3.0 	32 	0.0 	0.0 	0.0 	0.0 	3.2 	TE18		Jacksonville Jaguars	Cincinnati Bengals	0 	0.0 	0 	0.0 	2.8 	31 	0.3 	0.0 	0.0 	0.0 	4.7 	TE23		Jacksonville Jaguars	Philadelphia Eagles	0 	0.0 	0 	0.0 	2.7 	29 	0.2 	0.0 	0.0 	0.0 	4.4 	TE22		Jacksonville Jaguars	Houston Texans	0 	0.0 	0 	0.0 	2.7 	29 	0.2 	0.0 	0.0 	0.0 	4.3 	TE21		Jacksonville Jaguars	BYE	0 	0.0 	0 	0.0 	0.0 	0 	0.0 	0.0 	0.0 	0.0 	0.0 	-		Jacksonville Jaguars	Indianapolis Colts	0 	0.0 	0 	0.0 	2.8 	31 	0.3 	0.0 	0.0 	0.0 	4.8 	TE19		Jacksonville Jaguars	Baltimore Ravens	0 	0.0 	0 	0.0 	2.8 	30 	0.3 	0.0 	0.0 	0.0 	4.6 	TE23		Jacksonville Jaguars	Tennessee Titans	0 	0.0 	0 	0.0 	2.8 	30 	0.3 	0.0 	0.0 	0.0 	4.5 	TE21		Jacksonville Jaguars	New York Giants	0 	0.0 	0 	0.0 	2.8 	30 	0.3 	0.0 	0.0 	0.0 	4.5 	TE21		Jacksonville Jaguars	Tennessee Titans	0 	0.0 	0 	0.0 	2.8 	30 	0.3 	0.0 	0.0 	0.0 	4.6 	TE24		Jacksonville Jaguars	Chicago Bears	0 	0.0 	0 	0.0 	2.7 	30 	0.2 	0.0 	0.0 	0.0 	4.4 	TE20		Jacksonville Jaguars	Pittsburgh Steelers	0 	0.0 	0 	0.0 	2.7 	30 	0.3 	0.0 	0.0 	0.0 	4.5 	TE22		Jacksonville Jaguars	Houston Texans	0 	0.0 	0 	0.0 	2.6 	29 	0.2 	0.0 	0.0 	0.0 	4.2 	TE25		Jacksonville Jaguars	Dallas Cowboys	0 	0.0 	0 	0.0 	2.8 	31 	0.3 	0.0 	0.0 	0.0 	4.7 	TE23		Jacksonville Jaguars	Washington Commanders	0 	0.0 	0 	0.0 	2.8 	31 	0.3 	0.0 	0.0 	0.0 	4.8 	TE23		Actual	Actual	Actual	Forecast	Forecast	Forecast	Forecast	Forecast	Forecast	Forecast	Forecast	Forecast	Forecast	Forecast	Forecast	Forecast	Forecast		Healthy	Healthy	Healthy	Healthy	Healthy	Healthy	Healthy	Healthy	Healthy	Healthy	Healthy	Healthy	Healthy	Healthy	Healthy	Healthy	Healthy		Week 4 2026	9/29/2026	8:41:33 PM	20		13%	16%	0%	0%	0%	0%		0.0 
	Jonathon Brooks	Carolina Panthers	RB	RB55	4.7 	52 	0 	0.0 	0.0 	0.0 	306 	27.8 	1.7 	0.2 	9.4 	0.9 	103 	9.3 	0.4 	0.0 	0.0 	0.8 	0.0 	0.139 	1.000 	0.328 	(0)	0.000 	0.000 	174 	117 	(57)	55 	43 	(12)	0.168 				-	-		-	-		-	-		-	-		6.2 	1.1 	0.0 	0.0 	0.0 	0.0 	0.0 	0.0 	4.9 	5.1 	4.9 	4.9 	4.7 	5.6 	5.3 	4.7 	4.4 		RB34	RB57	-	-	-	-	-	-	RB40	RB38	RB35	RB45	RB40	RB41	RB43	RB45	RB47		RB53	5.0 	0.0 	0.0 	30.7 	0.2 	0.8 	6.6 	0.0 	53 	0.159 	1.000 	0.354 	(0)	0.000 	0.000 	171 	0.183 		45 		-	-		-	-		-	-		-	-		RB60	3.7 	0.0 	0.0 	138.0 	0.9 	3.7 	29.8 	0.2 	60 	0.079 	1.000 	0.264 	(1)	0.000 	0.000 	#N/A	0.130 		7.3 		-	-		-	-		-	-		-	-					Carolina Panthers	Chicago Bears	0 	0.0 	14 	0.0 	1.0 	48 	0.0 	0.0 	0.0 	0.0 	6.2 	RB34		Carolina Panthers	Atlanta Falcons	0 	0.0 	16 	0.0 	1.0 	(5)	0.0 	0.0 	0.0 	0.0 	1.1 	RB57		Carolina Panthers	Cleveland Browns	0 	0.0 	0 	0.0 	0.0 	0 	0.0 	0.0 	0.0 	0.0 	0.0 	-		Carolina Panthers	Detroit Lions	0 	0.0 	0 	0.0 	0.0 	0 	0.0 	0.0 	0.0 	0.0 	0.0 	-		Carolina Panthers	BYE	0 	0.0 	0 	0.0 	0.0 	0 	0.0 	0.0 	0.0 	0.0 	0.0 	-		Carolina Panthers	Philadelphia Eagles	0 	0.0 	0 	0.0 	0.0 	0 	0.0 	0.0 	0.0 	0.0 	0.0 	-		Carolina Panthers	Tampa Bay Buccaneers	0 	0.0 	0 	0.0 	0.0 	0 	0.0 	0.0 	0.0 	0.0 	0.0 	-		Carolina Panthers	Green Bay Packers	0 	0.0 	0 	0.0 	0.0 	0 	0.0 	0.0 	0.0 	0.0 	0.0 	-		Carolina Panthers	Denver Broncos	0 	0.0 	31 	0.2 	0.8 	6 	0.0 	0.0 	0.1 	0.0 	4.9 	RB40		Carolina Panthers	New Orleans Saints	0 	0.0 	32 	0.2 	0.8 	7 	0.0 	0.0 	0.1 	0.0 	5.1 	RB38		Carolina Panthers	Baltimore Ravens	0 	0.0 	30 	0.2 	0.8 	7 	0.0 	0.0 	0.1 	0.0 	4.9 	RB35		Carolina Panthers	Tampa Bay Buccaneers	0 	0.0 	30 	0.2 	0.8 	7 	0.0 	0.0 	0.1 	0.0 	4.9 	RB45		Carolina Panthers	Minnesota Vikings	0 	0.0 	29 	0.2 	0.8 	7 	0.0 	0.0 	0.1 	0.0 	4.7 	RB40		Carolina Panthers	New Orleans Saints	0 	0.0 	34 	0.2 	0.8 	7 	0.0 	0.0 	0.1 	0.0 	5.6 	RB41		Carolina Panthers	Cincinnati Bengals	0 	0.0 	32 	0.2 	0.8 	7 	0.0 	0.0 	0.1 	0.0 	5.3 	RB43		Carolina Panthers	Pittsburgh Steelers	0 	0.0 	29 	0.2 	0.8 	7 	0.0 	0.0 	0.1 	0.0 	4.7 	RB45		Carolina Panthers	Seattle Seahawks	0 	0.0 	28 	0.2 	0.8 	7 	0.0 	0.0 	0.1 	0.0 	4.4 	RB47		Actual	Actual	Actual	Forecast	Forecast	Forecast	Forecast	Forecast	Forecast	Forecast	Forecast	Forecast	Forecast	Forecast	Forecast	Forecast	Forecast		Healthy	Healthy	Injured	Injured	Injured	Injured	Injured	Injured	Healthy	Healthy	Healthy	Healthy	Healthy	Healthy	Healthy	Healthy	Healthy		Week 4 2026	9/29/2026	8:41:33 PM	20		3%	3%	28%	28%	0%	0%		0.0 
	Hunter Henry	New England Patriots	TE	TE26	4.1 	65 	0 	0.0 	0.0 	0.0 	0 	0.0 	0.0 	0.0 	42.0 	2.6 	478 	29.8 	2.9 	0.2 	0.0 	0.1 	0.0 	0.175 	0.560 	0.338 	(0)	0.000 	0.000 	179 	125 	(54)	26 	17 	(9)	0.161 				-	-		-	-		-	-		-	-		2.6 	4.0 	0.5 	5.0 	5.0 	4.9 	5.0 	4.3 	4.3 	4.3 	0.0 	4.2 	4.4 	4.2 	4.1 	4.0 	4.1 		TE24	TE17	TE29	TE20	TE20	TE19	TE22	TE21	TE24	TE22	-	TE26	TE21	TE24	TE26	TE26	TE26		TE25	4.5 	0.0 	0.0 	0.0 	0.0 	2.7 	31.3 	0.2 	25 	0.207 	0.560 	0.347 	(0)	0.000 	0.000 	177 	0.170 		58 		-	-		-	-		-	-		-	-		TE41	2.4 	0.0 	0.0 	0.0 	0.0 	11.7 	135.5 	1.0 	41 	0.076 	0.560 	0.188 	(1)	0.000 	0.000 	#N/A	0.087 		7.1 		-	-		-	-		-	-		-	-					New England Patriots	Seattle Seahawks	0 	0.0 	0 	0.0 	3.0 	26 	0.0 	0.0 	0.0 	0.0 	2.6 	TE24		New England Patriots	Pittsburgh Steelers	0 	0.0 	0 	0.0 	3.0 	40 	0.0 	0.0 	0.0 	0.0 	4.0 	TE17		New England Patriots	Jacksonville Jaguars	0 	0.0 	0 	0.0 	1.0 	5 	0.0 	0.0 	0.0 	0.0 	0.5 	TE29		New England Patriots	Buffalo Bills	0 	0.0 	0 	0.0 	3.0 	35 	0.2 	0.0 	0.0 	0.0 	5.0 	TE20		New England Patriots	Las Vegas Raiders	0 	0.0 	0 	0.0 	2.9 	34 	0.3 	0.0 	0.0 	0.0 	5.0 	TE20		New England Patriots	New York Jets	0 	0.0 	0 	0.0 	2.9 	34 	0.3 	0.0 	0.0 	0.0 	4.9 	TE19		New England Patriots	Chicago Bears	0 	0.0 	0 	0.0 	3.0 	35 	0.3 	0.0 	0.0 	0.0 	5.0 	TE22		New England Patriots	Miami Dolphins	0 	0.0 	0 	0.0 	2.6 	30 	0.2 	0.0 	0.0 	0.0 	4.3 	TE21		New England Patriots	Green Bay Packers	0 	0.0 	0 	0.0 	2.6 	30 	0.2 	0.0 	0.0 	0.0 	4.3 	TE24		New England Patriots	Detroit Lions	0 	0.0 	0 	0.0 	2.6 	31 	0.2 	0.0 	0.0 	0.0 	4.3 	TE22		New England Patriots	BYE	0 	0.0 	0 	0.0 	0.0 	0 	0.0 	0.0 	0.0 	0.0 	0.0 	-		New England Patriots	Los Angeles Chargers	0 	0.0 	0 	0.0 	2.6 	30 	0.2 	0.0 	0.0 	0.0 	4.2 	TE26		New England Patriots	Buffalo Bills	0 	0.0 	0 	0.0 	2.6 	31 	0.2 	0.0 	0.0 	0.0 	4.4 	TE21		New England Patriots	Minnesota Vikings	0 	0.0 	0 	0.0 	2.5 	30 	0.2 	0.0 	0.0 	0.0 	4.2 	TE24		New England Patriots	Kansas City Chiefs	0 	0.0 	0 	0.0 	2.6 	30 	0.2 	0.0 	0.0 	0.0 	4.1 	TE26		New England Patriots	New York Jets	0 	0.0 	0 	0.0 	2.5 	29 	0.2 	0.0 	0.0 	0.0 	4.0 	TE26		New England Patriots	Denver Broncos	0 	0.0 	0 	0.0 	2.5 	29 	0.2 	0.0 	0.0 	0.0 	4.1 	TE26		Actual	Actual	Actual	Forecast	Forecast	Forecast	Forecast	Forecast	Forecast	Forecast	Forecast	Forecast	Forecast	Forecast	Forecast	Forecast	Forecast		Healthy	Healthy	Healthy	Healthy	Healthy	Healthy	Healthy	Healthy	Healthy	Healthy	Healthy	Healthy	Healthy	Healthy	Healthy	Healthy	Healthy		Week 4 2026	9/29/2026	8:41:33 PM	20		13%	14%	0%	0%	0%	0%		0.1 
	Marvin Harrison Jr.	Arizona Cardinals	WR	WR69	4.3 	65 	0 	0.0 	0.0 	0.0 	0 	0.0 	0.0 	0.0 	31.1 	2.1 	488 	32.5 	2.8 	0.2 	0.0 	0.1 	0.0 	0.175 	1.000 	0.310 	(0)	0.000 	0.000 	175 	83 	(92)	69 	35 	(34)	0.166 				-	-		-	-		-	-		-	-		3.3 	0.0 	4.0 	4.6 	4.7 	4.3 	4.4 	4.5 	4.2 	4.5 	4.2 	4.7 	4.4 	0.0 	4.5 	4.5 	4.5 		WR58	-	WR49	WR59	WR62	WR58	WR57	WR60	WR66	WR57	WR58	WR66	WR62	-	WR67	WR67	WR68		WR68	4.5 	0.0 	0.0 	0.0 	0.0 	2.1 	31.9 	0.2 	67 	0.207 	1.000 	0.330 	(0)	0.000 	0.000 	172 	0.180 		58 		-	-		-	-		-	-		-	-		WR92	3.7 	0.0 	0.0 	0.0 	0.0 	13.6 	207.3 	1.4 	92 	0.079 	1.000 	0.080 	(1)	0.000 	0.000 	#N/A	0.048 		7.3 		-	-		-	-		-	-		-	-					Arizona Cardinals	Los Angeles Chargers	0 	0.0 	0 	0.0 	1.0 	33 	0.0 	0.0 	0.0 	0.0 	3.3 	WR58		Arizona Cardinals	Seattle Seahawks	0 	0.0 	0 	0.0 	0.0 	0 	0.0 	0.0 	0.0 	0.0 	0.0 	-		Arizona Cardinals	San Francisco 49ers	0 	0.0 	0 	0.0 	3.0 	40 	0.0 	0.0 	0.0 	0.0 	4.0 	WR49		Arizona Cardinals	New York Giants	0 	0.0 	0 	0.0 	2.1 	32 	0.2 	0.0 	0.0 	0.0 	4.6 	WR59		Arizona Cardinals	Detroit Lions	0 	0.0 	0 	0.0 	2.2 	33 	0.2 	0.0 	0.0 	0.0 	4.7 	WR62		Arizona Cardinals	Los Angeles Rams	0 	0.0 	0 	0.0 	2.1 	31 	0.2 	0.0 	0.0 	0.0 	4.3 	WR58		Arizona Cardinals	Denver Broncos	0 	0.0 	0 	0.0 	2.1 	32 	0.2 	0.0 	0.0 	0.0 	4.4 	WR57		Arizona Cardinals	Dallas Cowboys	0 	0.0 	0 	0.0 	2.1 	32 	0.2 	0.0 	0.0 	0.0 	4.5 	WR60		Arizona Cardinals	Seattle Seahawks	0 	0.0 	0 	0.0 	2.0 	31 	0.2 	0.0 	0.0 	0.0 	4.2 	WR66		Arizona Cardinals	Los Angeles Rams	0 	0.0 	0 	0.0 	2.1 	32 	0.2 	0.0 	0.0 	0.0 	4.5 	WR57		Arizona Cardinals	Kansas City Chiefs	0 	0.0 	0 	0.0 	2.0 	31 	0.2 	0.0 	0.0 	0.0 	4.2 	WR58		Arizona Cardinals	Washington Commanders	0 	0.0 	0 	0.0 	2.1 	33 	0.2 	0.0 	0.0 	0.0 	4.7 	WR66		Arizona Cardinals	Philadelphia Eagles	0 	0.0 	0 	0.0 	2.1 	32 	0.2 	0.0 	0.0 	0.0 	4.4 	WR62		Arizona Cardinals	BYE	0 	0.0 	0 	0.0 	0.0 	0 	0.0 	0.0 	0.0 	0.0 	0.0 	-		Arizona Cardinals	New York Jets	0 	0.0 	0 	0.0 	2.0 	31 	0.2 	0.0 	0.0 	0.0 	4.5 	WR67		Arizona Cardinals	New Orleans Saints	0 	0.0 	0 	0.0 	2.1 	32 	0.2 	0.0 	0.0 	0.0 	4.5 	WR67		Arizona Cardinals	Las Vegas Raiders	0 	0.0 	0 	0.0 	2.1 	31 	0.2 	0.0 	0.0 	0.0 	4.5 	WR68		Actual	Actual	Actual	Forecast	Forecast	Forecast	Forecast	Forecast	Forecast	Forecast	Forecast	Forecast	Forecast	Forecast	Forecast	Forecast	Forecast		Healthy	Healthy	Healthy	Healthy	Healthy	Healthy	Healthy	Healthy	Healthy	Healthy	Healthy	Healthy	Healthy	Healthy	Healthy	Healthy	Healthy		Week 4 2026	9/29/2026	8:41:33 PM	20		14%	15%	0%	0%	0%	0%		0.1 
	Jonah Coleman	Denver Broncos	RB	RB53	3.9 	55 	0 	0.0 	0.0 	0.0 	295 	21.1 	2.9 	0.2 	11.3 	0.8 	77 	5.5 	0.2 	0.0 	0.0 	0.7 	0.0 	0.146 	1.000 	0.354 	(1)	0.000 	0.000 	166 	128 	(38)	53 	46 	(7)	0.181 																0.0 	11.8 	0.0 	2.9 	3.0 	3.0 	3.7 	3.3 	3.3 	0.0 	3.6 	3.1 	3.9 	3.4 	3.4 	3.1 	2.9 		-	RB12	-	RB54	RB52	RB48	RB44	RB47	RB49	-	RB42	RB55	RB45	RB51	RB52	RB55	RB56		RB55	3.3 	0.0 	0.0 	19.7 	0.1 	0.6 	4.5 	0.0 	55 	0.153 	1.000 	0.328 	(1)	0.000 	0.000 	176 	0.170 		43 		-	-		-	-		-	-		-	-		RB45	11.8 	0.0 	0.0 	255.7 	1.9 	8.3 	58.3 	0.2 	45 	0.127 	1.000 	0.456 	(0)	0.000 	0.000 	#N/A	0.224 		11.8 		-	-		-	-		-	-		-	-					Denver Broncos	Kansas City Chiefs	0 	0.0 	0 	0.0 	0.0 	0 	0.0 	0.0 	0.0 	0.0 	0.0 	-		Denver Broncos	Jacksonville Jaguars	0 	0.0 	39 	1.0 	3.0 	19 	0.0 	0.0 	0.0 	0.0 	11.8 	RB12		Denver Broncos	Los Angeles Rams	0 	0.0 	0 	0.0 	0.0 	0 	0.0 	0.0 	0.0 	0.0 	0.0 	-		Denver Broncos	San Francisco 49ers	0 	0.0 	17 	0.1 	0.6 	4 	0.0 	0.0 	0.1 	0.0 	2.9 	RB54		Denver Broncos	Los Angeles Chargers	0 	0.0 	18 	0.1 	0.6 	5 	0.0 	0.0 	0.1 	0.0 	3.0 	RB52		Denver Broncos	Seattle Seahawks	0 	0.0 	18 	0.1 	0.6 	4 	0.0 	0.0 	0.1 	0.0 	3.0 	RB48		Denver Broncos	Arizona Cardinals	0 	0.0 	22 	0.2 	0.6 	5 	0.0 	0.0 	0.1 	0.0 	3.7 	RB44		Denver Broncos	Kansas City Chiefs	0 	0.0 	19 	0.1 	0.6 	5 	0.0 	0.0 	0.1 	0.0 	3.3 	RB47		Denver Broncos	Carolina Panthers	0 	0.0 	20 	0.1 	0.7 	5 	0.0 	0.0 	0.1 	0.0 	3.3 	RB49		Denver Broncos	BYE	0 	0.0 	0 	0.0 	0.0 	0 	0.0 	0.0 	0.0 	0.0 	0.0 	-		Denver Broncos	Las Vegas Raiders	0 	0.0 	22 	0.2 	0.6 	4 	0.0 	0.0 	0.1 	0.0 	3.6 	RB42		Denver Broncos	Pittsburgh Steelers	0 	0.0 	19 	0.1 	0.6 	4 	0.0 	0.0 	0.1 	0.0 	3.1 	RB55		Denver Broncos	Miami Dolphins	0 	0.0 	23 	0.2 	0.6 	4 	0.0 	0.0 	0.1 	0.0 	3.9 	RB45		Denver Broncos	New York Jets	0 	0.0 	20 	0.2 	0.6 	4 	0.0 	0.0 	0.1 	0.0 	3.4 	RB51		Denver Broncos	Las Vegas Raiders	0 	0.0 	20 	0.2 	0.6 	4 	0.0 	0.0 	0.1 	0.0 	3.4 	RB52		Denver Broncos	Buffalo Bills	0 	0.0 	19 	0.1 	0.7 	5 	0.0 	0.0 	0.1 	0.0 	3.1 	RB55		Denver Broncos	New England Patriots	0 	0.0 	18 	0.1 	0.6 	4 	0.0 	0.0 	0.1 	0.0 	2.9 	RB56		Actual	Actual	Actual	Forecast	Forecast	Forecast	Forecast	Forecast	Forecast	Forecast	Forecast	Forecast	Forecast	Forecast	Forecast	Forecast	Forecast		Healthy	Healthy	Injured	Limited / Handicapped	Healthy	Healthy	Healthy	Healthy	Healthy	Healthy	Healthy	Healthy	Healthy	Healthy	Healthy	Healthy	Healthy		Week 4 2026	9/29/2026	8:41:33 PM	20		2%	1%	17%	16%	0%	0%		(0.0)
	Malachi Fields	New York Giants	WR	WR73	3.8 	61 	0 	0.0 	0.0 	0.0 	0 	0.0 	0.0 	0.0 	39.2 	2.5 	473 	29.5 	2.3 	0.1 	0.0 	0.1 	0.0 	0.163 	1.000 	0.280 	(1)	0.000 	0.000 	186 	225 	39 	72 	73 	1 	0.150 				-	-		-	-		-	-		-	-		2.5 	3.0 	1.9 	4.0 	4.2 	4.1 	4.0 	0.0 	4.0 	4.2 	4.1 	4.1 	4.1 	4.1 	3.9 	4.2 	4.2 		WR69	WR55	WR70	WR70	WR66	WR60	WR59	-	WR67	WR61	WR60	WR71	WR64	WR68	WR73	WR70	WR71		WR72	4.1 	0.0 	0.0 	0.0 	0.0 	2.6 	30.7 	0.2 	72 	0.191 	1.000 	0.280 	(0)	0.000 	0.000 	184 	0.155 		53 		-	-		-	-		-	-		-	-		WR89	2.5 	0.0 	0.0 	0.0 	0.0 	11.1 	132.9 	0.8 	89 	0.080 	1.000 	0.110 	(1)	0.000 	0.000 	#N/A	0.061 		7.4 		-	-		-	-		-	-		-	-					New York Giants	Dallas Cowboys	0 	0.0 	0 	0.0 	2.0 	25 	0.0 	0.0 	0.0 	0.0 	2.5 	WR69		New York Giants	Los Angeles Rams	0 	0.0 	0 	0.0 	2.0 	30 	0.0 	0.0 	0.0 	0.0 	3.0 	WR55		New York Giants	Tennessee Titans	0 	0.0 	0 	0.0 	2.0 	19 	0.0 	0.0 	0.0 	0.0 	1.9 	WR70		New York Giants	Arizona Cardinals	0 	0.0 	0 	0.0 	2.5 	30 	0.2 	0.0 	0.0 	0.0 	4.0 	WR70		New York Giants	Washington Commanders	0 	0.0 	0 	0.0 	2.6 	31 	0.2 	0.0 	0.0 	0.0 	4.2 	WR66		New York Giants	New Orleans Saints	0 	0.0 	0 	0.0 	2.5 	30 	0.2 	0.0 	0.0 	0.0 	4.1 	WR60		New York Giants	Houston Texans	0 	0.0 	0 	0.0 	2.5 	30 	0.2 	0.0 	0.0 	0.0 	4.0 	WR59		New York Giants	BYE	0 	0.0 	0 	0.0 	0.0 	0 	0.0 	0.0 	0.0 	0.0 	0.0 	-		New York Giants	Philadelphia Eagles	0 	0.0 	0 	0.0 	2.6 	31 	0.2 	0.0 	0.0 	0.0 	4.0 	WR67		New York Giants	Washington Commanders	0 	0.0 	0 	0.0 	2.6 	31 	0.2 	0.0 	0.0 	0.0 	4.2 	WR61		New York Giants	Jacksonville Jaguars	0 	0.0 	0 	0.0 	2.6 	31 	0.2 	0.0 	0.0 	0.0 	4.1 	WR60		New York Giants	Indianapolis Colts	0 	0.0 	0 	0.0 	2.6 	31 	0.2 	0.0 	0.0 	0.0 	4.1 	WR71		New York Giants	San Francisco 49ers	0 	0.0 	0 	0.0 	2.5 	31 	0.2 	0.0 	0.0 	0.0 	4.1 	WR64		New York Giants	Seattle Seahawks	0 	0.0 	0 	0.0 	2.6 	31 	0.2 	0.0 	0.0 	0.0 	4.1 	WR68		New York Giants	Cleveland Browns	0 	0.0 	0 	0.0 	2.4 	29 	0.2 	0.0 	0.0 	0.0 	3.9 	WR73		New York Giants	Detroit Lions	0 	0.0 	0 	0.0 	2.6 	31 	0.2 	0.0 	0.0 	0.0 	4.2 	WR70		New York Giants	Dallas Cowboys	0 	0.0 	0 	0.0 	2.6 	31 	0.2 	0.0 	0.0 	0.0 	4.2 	WR71		Actual	Actual	Actual	Forecast	Forecast	Forecast	Forecast	Forecast	Forecast	Forecast	Forecast	Forecast	Forecast	Forecast	Forecast	Forecast	Forecast		Healthy	Healthy	Healthy	Healthy	Healthy	Healthy	Healthy	Healthy	Healthy	Healthy	Healthy	Healthy	Healthy	Healthy	Healthy	Healthy	Healthy		Week 4 2026	9/29/2026	8:41:33 PM	20		15%	13%	0%	0%	0%	0%		0.1 
	Chig Okonkwo	Washington Commanders	TE	TE33	3.8 	53 	0 	0.0 	0.0 	0.0 	0 	0.0 	0.0 	0.0 	38.2 	2.7 	378 	27.0 	2.6 	0.2 	0.0 	0.1 	0.0 	0.143 	0.560 	0.269 	(0)	0.000 	0.000 	198 	164 	(34)	33 	24 	(9)	0.129 				-	-		-	-		-	-		-	-		1.6 	0.0 	0.0 	3.7 	4.1 	4.1 	0.0 	3.9 	4.1 	3.9 	4.2 	4.0 	3.9 	3.8 	4.0 	3.8 	4.0 		TE29	-	-	TE28	TE24	TE23	-	TE24	TE26	TE24	TE22	TE27	TE23	TE26	TE27	TE28	TE27		TE27	4.0 	0.0 	0.0 	0.0 	0.0 	2.8 	27.9 	0.2 	27 	0.185 	0.560 	0.328 	(0)	0.000 	0.000 	182 	0.159 		52 		-	-		-	-		-	-		-	-		TE67	1.6 	0.0 	0.0 	0.0 	0.0 	36.2 	362.1 	2.6 	67 	0.017 	0.560 	0.000 	(1)	0.000 	0.000 	#N/A	0.003 		1.6 		-	-		-	-		-	-		-	-					Washington Commanders	Philadelphia Eagles	0 	0.0 	0 	0.0 	2.0 	16 	0.0 	0.0 	0.0 	0.0 	1.6 	TE29		Washington Commanders	Dallas Cowboys	0 	0.0 	0 	0.0 	0.0 	0 	0.0 	0.0 	0.0 	0.0 	0.0 	-		Washington Commanders	Seattle Seahawks	0 	0.0 	0 	0.0 	0.0 	0 	0.0 	0.0 	0.0 	0.0 	0.0 	-		Washington Commanders	Indianapolis Colts	0 	0.0 	0 	0.0 	2.7 	27 	0.2 	0.0 	0.0 	0.0 	3.7 	TE28		Washington Commanders	New York Giants	0 	0.0 	0 	0.0 	2.8 	28 	0.2 	0.0 	0.0 	0.0 	4.1 	TE24		Washington Commanders	San Francisco 49ers	0 	0.0 	0 	0.0 	2.9 	29 	0.2 	0.0 	0.0 	0.0 	4.1 	TE23		Washington Commanders	BYE	0 	0.0 	0 	0.0 	0.0 	0 	0.0 	0.0 	0.0 	0.0 	0.0 	-		Washington Commanders	Philadelphia Eagles	0 	0.0 	0 	0.0 	2.7 	27 	0.2 	0.0 	0.0 	0.0 	3.9 	TE24		Washington Commanders	Los Angeles Rams	0 	0.0 	0 	0.0 	2.9 	29 	0.2 	0.0 	0.0 	0.0 	4.1 	TE26		Washington Commanders	New York Giants	0 	0.0 	0 	0.0 	2.8 	28 	0.2 	0.0 	0.0 	0.0 	3.9 	TE24		Washington Commanders	Cincinnati Bengals	0 	0.0 	0 	0.0 	2.9 	29 	0.2 	0.0 	0.0 	0.0 	4.2 	TE22		Washington Commanders	Arizona Cardinals	0 	0.0 	0 	0.0 	2.8 	28 	0.2 	0.0 	0.0 	0.0 	4.0 	TE27		Washington Commanders	Tennessee Titans	0 	0.0 	0 	0.0 	2.8 	28 	0.2 	0.0 	0.0 	0.0 	3.9 	TE23		Washington Commanders	Houston Texans	0 	0.0 	0 	0.0 	2.7 	27 	0.2 	0.0 	0.0 	0.0 	3.8 	TE26		Washington Commanders	Atlanta Falcons	0 	0.0 	0 	0.0 	2.8 	28 	0.2 	0.0 	0.0 	0.0 	4.0 	TE27		Washington Commanders	Minnesota Vikings	0 	0.0 	0 	0.0 	2.7 	27 	0.2 	0.0 	0.0 	0.0 	3.8 	TE28		Washington Commanders	Jacksonville Jaguars	0 	0.0 	0 	0.0 	2.8 	28 	0.2 	0.0 	0.0 	0.0 	4.0 	TE27		Actual	Actual	Actual	Forecast	Forecast	Forecast	Forecast	Forecast	Forecast	Forecast	Forecast	Forecast	Forecast	Forecast	Forecast	Forecast	Forecast		Healthy	Injured	Injured	Limited / Handicapped	Healthy	Healthy	Healthy	Healthy	Healthy	Healthy	Healthy	Healthy	Healthy	Healthy	Healthy	Healthy	Healthy		Week 4 2026	9/29/2026	8:41:33 PM	20		13%	14%	0%	0%	0%	0%		0.1 
	Oronde Gadsden II	Los Angeles Chargers	TE	TE25	4.4 	66 	0 	0.0 	0.0 	0.0 	0 	0.0 	0.0 	0.0 	34.3 	2.3 	438 	29.2 	3.6 	0.2 	0.0 	0.1 	0.0 	0.176 	0.560 	0.347 	(0)	0.000 	0.000 	176 	161 	(15)	25 	22 	(3)	0.165 				-	-		-	-		-	-		-	-		3.2 	7.8 	0.0 	3.9 	4.2 	4.1 	0.0 	4.3 	4.2 	4.2 	4.1 	4.2 	4.3 	4.2 	4.4 	4.3 	4.2 		TE20	TE11	-	TE26	TE23	TE22	-	TE22	TE25	TE23	TE23	TE25	TE22	TE23	TE24	TE25	TE25		TE26	4.2 	0.0 	0.0 	0.0 	0.0 	2.3 	29.9 	0.2 	26 	0.195 	0.560 	0.338 	(0)	0.000 	0.000 	180 	0.164 		55 		-	-		-	-		-	-		-	-		TE30	5.5 	0.0 	0.0 	0.0 	0.0 	15.2 	194.1 	1.3 	30 	0.118 	0.560 	0.299 	(0)	0.000 	0.000 	#N/A	0.137 		11.0 		-	-		-	-		-	-		-	-					Los Angeles Chargers	Arizona Cardinals	0 	0.0 	0 	0.0 	2.0 	32 	0.0 	0.0 	0.0 	0.0 	3.2 	TE20		Los Angeles Chargers	Las Vegas Raiders	0 	0.0 	0 	0.0 	2.0 	18 	1.0 	0.0 	0.0 	0.0 	7.8 	TE11		Los Angeles Chargers	Buffalo Bills	0 	0.0 	0 	0.0 	0.0 	0 	0.0 	0.0 	0.0 	0.0 	0.0 	-		Los Angeles Chargers	Seattle Seahawks	0 	0.0 	0 	0.0 	2.3 	29 	0.2 	0.0 	0.0 	0.0 	3.9 	TE26		Los Angeles Chargers	Denver Broncos	0 	0.0 	0 	0.0 	2.3 	30 	0.2 	0.0 	0.0 	0.0 	4.2 	TE23		Los Angeles Chargers	Kansas City Chiefs	0 	0.0 	0 	0.0 	2.3 	30 	0.2 	0.0 	0.0 	0.0 	4.1 	TE22		Los Angeles Chargers	BYE	0 	0.0 	0 	0.0 	0.0 	0 	0.0 	0.0 	0.0 	0.0 	0.0 	-		Los Angeles Chargers	Los Angeles Rams	0 	0.0 	0 	0.0 	2.4 	31 	0.2 	0.0 	0.0 	0.0 	4.3 	TE22		Los Angeles Chargers	Houston Texans	0 	0.0 	0 	0.0 	2.3 	30 	0.2 	0.0 	0.0 	0.0 	4.2 	TE25		Los Angeles Chargers	Baltimore Ravens	0 	0.0 	0 	0.0 	2.4 	31 	0.2 	0.0 	0.0 	0.0 	4.2 	TE23		Los Angeles Chargers	New York Jets	0 	0.0 	0 	0.0 	2.2 	29 	0.2 	0.0 	0.0 	0.0 	4.1 	TE23		Los Angeles Chargers	New England Patriots	0 	0.0 	0 	0.0 	2.3 	30 	0.2 	0.0 	0.0 	0.0 	4.2 	TE25		Los Angeles Chargers	Tampa Bay Buccaneers	0 	0.0 	0 	0.0 	2.4 	30 	0.2 	0.0 	0.0 	0.0 	4.3 	TE22		Los Angeles Chargers	Las Vegas Raiders	0 	0.0 	0 	0.0 	2.3 	30 	0.2 	0.0 	0.0 	0.0 	4.2 	TE23		Los Angeles Chargers	San Francisco 49ers	0 	0.0 	0 	0.0 	2.4 	31 	0.2 	0.0 	0.0 	0.0 	4.4 	TE24		Los Angeles Chargers	Miami Dolphins	0 	0.0 	0 	0.0 	2.3 	30 	0.2 	0.0 	0.0 	0.0 	4.3 	TE25		Los Angeles Chargers	Kansas City Chiefs	0 	0.0 	0 	0.0 	2.3 	30 	0.2 	0.0 	0.0 	0.0 	4.2 	TE25		Actual	Actual	Actual	Forecast	Forecast	Forecast	Forecast	Forecast	Forecast	Forecast	Forecast	Forecast	Forecast	Forecast	Forecast	Forecast	Forecast		Healthy	Healthy	Healthy	Healthy	Healthy	Healthy	Healthy	Healthy	Healthy	Healthy	Healthy	Healthy	Healthy	Healthy	Healthy	Healthy	Healthy		Week 4 2026	9/29/2026	8:41:33 PM	20		14%	13%	0%	0%	0%	0%		0.0 
	Rashod Bateman	Baltimore Ravens	WR	WR64	4.9 	73 	0 	0.0 	0.0 	0.0 	0 	0.0 	0.0 	0.0 	39.7 	2.6 	524 	34.9 	3.5 	0.2 	0.0 	0.1 	0.0 	0.195 	1.000 	0.360 	(0)	0.000 	0.000 	162 	296 	134 	64 	101 	37 	0.191 				-	-		-	-		-	-		-	-		0.0 	14.8 	3.7 	4.1 	4.2 	4.0 	4.4 	4.3 	4.3 	4.3 	4.1 	4.0 	0.0 	4.2 	4.2 	4.0 	4.3 		-	WR10	WR52	WR69	WR65	WR61	WR56	WR63	WR64	WR60	WR59	WR72	-	WR67	WR71	WR72	WR69		WR71	4.2 	0.0 	0.0 	0.0 	0.0 	2.4 	30.7 	0.2 	71 	0.194 	1.000 	0.290 	(0)	0.000 	0.000 	181 	0.160 		54 		-	-		-	-		-	-		-	-		WR36	9.3 	0.0 	0.0 	0.0 	0.0 	15.3 	199.3 	1.2 	36 	0.199 	1.000 	0.640 	0 	0.045 	0.000 	#N/A	0.336 		18.5 		-	-		-	-		-	-		-	-					Baltimore Ravens	Indianapolis Colts	0 	0.0 	0 	0.0 	0.0 	0 	0.0 	0.0 	0.0 	0.0 	0.0 	-		Baltimore Ravens	New Orleans Saints	0 	0.0 	0 	0.0 	7.0 	88 	1.0 	0.0 	0.0 	0.0 	14.8 	WR10		Baltimore Ravens	Dallas Cowboys	0 	0.0 	0 	0.0 	2.0 	37 	0.0 	0.0 	0.0 	0.0 	3.7 	WR52		Baltimore Ravens	Tennessee Titans	0 	0.0 	0 	0.0 	2.3 	30 	0.2 	0.0 	0.0 	0.0 	4.1 	WR69		Baltimore Ravens	Atlanta Falcons	0 	0.0 	0 	0.0 	2.4 	31 	0.2 	0.0 	0.0 	0.0 	4.2 	WR65		Baltimore Ravens	Cleveland Browns	0 	0.0 	0 	0.0 	2.3 	30 	0.2 	0.0 	0.0 	0.0 	4.0 	WR61		Baltimore Ravens	Cincinnati Bengals	0 	0.0 	0 	0.0 	2.5 	32 	0.2 	0.0 	0.0 	0.0 	4.4 	WR56		Baltimore Ravens	Buffalo Bills	0 	0.0 	0 	0.0 	2.4 	32 	0.2 	0.0 	0.0 	0.0 	4.3 	WR63		Baltimore Ravens	Jacksonville Jaguars	0 	0.0 	0 	0.0 	2.4 	31 	0.2 	0.0 	0.0 	0.0 	4.3 	WR64		Baltimore Ravens	Los Angeles Chargers	0 	0.0 	0 	0.0 	2.4 	31 	0.2 	0.0 	0.0 	0.0 	4.3 	WR60		Baltimore Ravens	Carolina Panthers	0 	0.0 	0 	0.0 	2.3 	30 	0.2 	0.0 	0.0 	0.0 	4.1 	WR59		Baltimore Ravens	Houston Texans	0 	0.0 	0 	0.0 	2.3 	30 	0.2 	0.0 	0.0 	0.0 	4.0 	WR72		Baltimore Ravens	BYE	0 	0.0 	0 	0.0 	0.0 	0 	0.0 	0.0 	0.0 	0.0 	0.0 	-		Baltimore Ravens	Tampa Bay Buccaneers	0 	0.0 	0 	0.0 	2.3 	30 	0.2 	0.0 	0.0 	0.0 	4.2 	WR67		Baltimore Ravens	Pittsburgh Steelers	0 	0.0 	0 	0.0 	2.4 	31 	0.2 	0.0 	0.0 	0.0 	4.2 	WR71		Baltimore Ravens	Cleveland Browns	0 	0.0 	0 	0.0 	2.2 	29 	0.2 	0.0 	0.0 	0.0 	4.0 	WR72		Baltimore Ravens	Cincinnati Bengals	0 	0.0 	0 	0.0 	2.4 	32 	0.2 	0.0 	0.0 	0.0 	4.3 	WR69		Actual	Actual	Actual	Forecast	Forecast	Forecast	Forecast	Forecast	Forecast	Forecast	Forecast	Forecast	Forecast	Forecast	Forecast	Forecast	Forecast		Healthy	Healthy	Healthy	Healthy	Healthy	Healthy	Healthy	Healthy	Healthy	Healthy	Healthy	Healthy	Healthy	Healthy	Healthy	Healthy	Healthy		Week 4 2026	9/29/2026	8:41:33 PM	20		16%	15%	0%	0%	0%	0%		(0.1)
	Braelon Allen	New York Jets	RB	RB51	3.7 	59 	0 	0.0 	0.0 	0.0 	367 	22.9 	3.4 	0.2 	4.0 	0.3 	39 	2.4 	0.0 	0.0 	0.0 	0.9 	0.0 	0.158 	1.000 	0.379 	(1)	0.000 	0.000 	159 	160 	1 	51 	56 	5 	0.194 				-	-		-	-		-	-		-	-		4.0 	7.5 	1.7 	8.7 	3.6 	2.7 	3.7 	3.6 	2.6 	3.1 	2.6 	3.3 	0.0 	2.8 	3.3 	2.8 	3.0 		RB42	RB25	RB47	RB25	RB48	RB52	RB46	RB43	RB53	RB47	RB46	RB54	-	RB54	RB55	RB58	RB55		RB51	3.5 	0.0 	0.0 	23.5 	0.2 	0.0 	2.1 	0.0 	51 	0.164 	1.000 	0.379 	(1)	0.000 	0.000 	165 	0.195 		46 		-	-		-	-		-	-		-	-		RB39	4.4 	0.0 	0.0 	101.9 	0.8 	0.0 	9.2 	0.0 	39 	0.142 	1.000 	0.532 	(0)	0.000 	0.000 	#N/A	0.261 		13.2 		-	-		-	-		-	-		-	-					New York Jets	Tennessee Titans	0 	0.0 	40 	0.0 	0.0 	0 	0.0 	0.0 	0.0 	0.0 	4.0 	RB42		New York Jets	Green Bay Packers	0 	0.0 	7 	1.0 	1.0 	8 	0.0 	0.0 	0.0 	0.0 	7.5 	RB25		New York Jets	Detroit Lions	0 	0.0 	14 	0.0 	3.0 	3 	0.0 	0.0 	0.0 	0.0 	1.7 	RB47		New York Jets	Chicago Bears	0 	0.0 	62 	0.4 	0.0 	2 	0.0 	0.0 	0.2 	0.0 	8.7 	RB25		New York Jets	Cleveland Browns	0 	0.0 	23 	0.2 	0.0 	2 	0.0 	0.0 	0.1 	0.0 	3.6 	RB48		New York Jets	New England Patriots	0 	0.0 	18 	0.1 	0.0 	2 	0.0 	0.0 	0.1 	0.0 	2.7 	RB52		New York Jets	Miami Dolphins	0 	0.0 	23 	0.2 	0.0 	2 	0.0 	0.0 	0.1 	0.0 	3.7 	RB46		New York Jets	Las Vegas Raiders	0 	0.0 	23 	0.2 	0.0 	2 	0.0 	0.0 	0.1 	0.0 	3.6 	RB43		New York Jets	Kansas City Chiefs	0 	0.0 	18 	0.1 	0.0 	2 	0.0 	0.0 	0.1 	0.0 	2.6 	RB53		New York Jets	Buffalo Bills	0 	0.0 	20 	0.2 	0.0 	2 	0.0 	0.0 	0.1 	0.0 	3.1 	RB47		New York Jets	Los Angeles Chargers	0 	0.0 	18 	0.1 	0.0 	2 	0.0 	0.0 	0.1 	0.0 	2.6 	RB46		New York Jets	Miami Dolphins	0 	0.0 	22 	0.2 	0.0 	2 	0.0 	0.0 	0.1 	0.0 	3.3 	RB54		New York Jets	BYE	0 	0.0 	0 	0.0 	0.0 	0 	0.0 	0.0 	0.0 	0.0 	0.0 	-		New York Jets	Denver Broncos	0 	0.0 	19 	0.1 	0.0 	2 	0.0 	0.0 	0.1 	0.0 	2.8 	RB54		New York Jets	Arizona Cardinals	0 	0.0 	22 	0.2 	0.0 	2 	0.0 	0.0 	0.1 	0.0 	3.3 	RB55		New York Jets	New England Patriots	0 	0.0 	19 	0.1 	0.0 	2 	0.0 	0.0 	0.1 	0.0 	2.8 	RB58		New York Jets	Minnesota Vikings	0 	0.0 	20 	0.2 	0.0 	2 	0.0 	0.0 	0.1 	0.0 	3.0 	RB55		Actual	Actual	Actual	Forecast	Forecast	Forecast	Forecast	Forecast	Forecast	Forecast	Forecast	Forecast	Forecast	Forecast	Forecast	Forecast	Forecast		Healthy	Healthy	Healthy	Healthy	Healthy	Healthy	Healthy	Healthy	Healthy	Healthy	Healthy	Healthy	Healthy	Healthy	Healthy	Healthy	Healthy		Week 4 2026	9/29/2026	8:41:33 PM	20		1%	0%	19%	23%	0%	0%		(0.1)
	Gunnar Helm	Tennessee Titans	TE	TE32	3.4 	54 	0 	0.0 	0.0 	0.0 	0 	0.0 	0.0 	0.0 	48.7 	3.0 	409 	25.6 	2.2 	0.1 	0.0 	0.1 	0.0 	0.145 	0.560 	0.279 	(0)	0.000 	0.000 	195 	205 	10 	32 	29 	(3)	0.133 				-	-		-	-		-	-		-	-		2.8 	1.3 	1.4 	3.4 	3.7 	3.9 	3.6 	3.9 	0.0 	3.7 	3.9 	3.8 	3.8 	3.8 	3.9 	3.6 	3.6 		TE22	TE31	TE25	TE30	TE28	TE25	TE25	TE23	-	TE25	TE24	TE28	TE24	TE25	TE28	TE29	TE29		TE28	3.7 	0.0 	0.0 	0.0 	0.0 	3.1 	27.2 	0.2 	28 	0.174 	0.560 	0.318 	(0)	0.000 	0.000 	186 	0.153 		49 		-	-		-	-		-	-		-	-		TE47	1.8 	0.0 	0.0 	0.0 	0.0 	13.6 	118.0 	0.7 	47 	0.059 	0.560 	0.126 	(1)	0.000 	0.000 	#N/A	0.059 		5.5 		-	-		-	-		-	-		-	-					Tennessee Titans	New York Jets	0 	0.0 	0 	0.0 	4.0 	28 	0.0 	0.0 	0.0 	0.0 	2.8 	TE22		Tennessee Titans	Philadelphia Eagles	0 	0.0 	0 	0.0 	2.0 	13 	0.0 	0.0 	0.0 	0.0 	1.3 	TE31		Tennessee Titans	New York Giants	0 	0.0 	0 	0.0 	2.0 	14 	0.0 	0.0 	0.0 	0.0 	1.4 	TE25		Tennessee Titans	Baltimore Ravens	0 	0.0 	0 	0.0 	3.0 	26 	0.1 	0.0 	0.0 	0.0 	3.4 	TE30		Tennessee Titans	Houston Texans	0 	0.0 	0 	0.0 	3.1 	27 	0.2 	0.0 	0.0 	0.0 	3.7 	TE28		Tennessee Titans	Indianapolis Colts	0 	0.0 	0 	0.0 	3.2 	28 	0.2 	0.0 	0.0 	0.0 	3.9 	TE25		Tennessee Titans	Cleveland Browns	0 	0.0 	0 	0.0 	3.0 	26 	0.2 	0.0 	0.0 	0.0 	3.6 	TE25		Tennessee Titans	Cincinnati Bengals	0 	0.0 	0 	0.0 	3.2 	28 	0.2 	0.0 	0.0 	0.0 	3.9 	TE23		Tennessee Titans	BYE	0 	0.0 	0 	0.0 	0.0 	0 	0.0 	0.0 	0.0 	0.0 	0.0 	-		Tennessee Titans	Jacksonville Jaguars	0 	0.0 	0 	0.0 	3.1 	27 	0.2 	0.0 	0.0 	0.0 	3.7 	TE25		Tennessee Titans	Dallas Cowboys	0 	0.0 	0 	0.0 	3.2 	28 	0.2 	0.0 	0.0 	0.0 	3.9 	TE24		Tennessee Titans	Jacksonville Jaguars	0 	0.0 	0 	0.0 	3.2 	27 	0.2 	0.0 	0.0 	0.0 	3.8 	TE28		Tennessee Titans	Washington Commanders	0 	0.0 	0 	0.0 	3.2 	27 	0.2 	0.0 	0.0 	0.0 	3.8 	TE24		Tennessee Titans	Detroit Lions	0 	0.0 	0 	0.0 	3.2 	28 	0.2 	0.0 	0.0 	0.0 	3.8 	TE25		Tennessee Titans	Indianapolis Colts	0 	0.0 	0 	0.0 	3.2 	28 	0.2 	0.0 	0.0 	0.0 	3.9 	TE28		Tennessee Titans	Las Vegas Raiders	0 	0.0 	0 	0.0 	3.0 	27 	0.2 	0.0 	0.0 	0.0 	3.6 	TE29		Tennessee Titans	Pittsburgh Steelers	0 	0.0 	0 	0.0 	3.0 	27 	0.2 	0.0 	0.0 	0.0 	3.6 	TE29		Actual	Actual	Actual	Forecast	Forecast	Forecast	Forecast	Forecast	Forecast	Forecast	Forecast	Forecast	Forecast	Forecast	Forecast	Forecast	Forecast		Healthy	Healthy	Healthy	Healthy	Healthy	Healthy	Healthy	Healthy	Healthy	Healthy	Healthy	Healthy	Healthy	Healthy	Healthy	Healthy	Healthy		Week 4 2026	9/29/2026	8:41:33 PM	20		12%	12%	0%	0%	0%	0%		0.1 
	MarShawn Lloyd	Green Bay Packers	RB	RB52	3.4 	55 	0 	0.0 	0.0 	0.0 	326 	20.4 	2.4 	0.1 	9.0 	0.6 	45 	2.8 	1.2 	0.1 	0.0 	1.8 	0.0 	0.148 	1.000 	0.366 	(1)	0.000 	0.000 	163 	168 	5 	52 	57 	5 	0.187 				-	-		-	-		-	-		-	-		3.7 	6.6 	1.8 	4.5 	5.1 	5.3 	4.6 	2.9 	2.4 	2.7 	0.0 	2.2 	2.7 	2.6 	3.1 	2.4 	2.5 		RB44	RB28	RB46	RB45	RB39	RB36	RB38	RB48	RB59	RB50	-	RB63	RB53	RB55	RB56	RB60	RB60		RB54	3.3 	0.0 	0.0 	19.9 	0.2 	0.4 	2.5 	0.0 	54 	0.154 	1.000 	0.341 	(1)	0.000 	0.000 	174 	0.176 		43 		-	-		-	-		-	-		-	-		RB42	4.0 	0.0 	0.0 	86.1 	0.8 	1.7 	10.7 	0.1 	42 	0.130 	1.000 	0.494 	(0)	0.000 	0.000 	#N/A	0.242 		12.1 		-	-		-	-		-	-		-	-					Green Bay Packers	Minnesota Vikings	0 	0.0 	37 	0.0 	0.0 	0 	0.0 	0.0 	0.0 	0.0 	3.7 	RB44		Green Bay Packers	New York Jets	0 	0.0 	20 	0.0 	2.0 	6 	1.0 	0.0 	1.0 	0.0 	6.6 	RB28		Green Bay Packers	Atlanta Falcons	0 	0.0 	11 	0.0 	2.0 	7 	0.0 	0.0 	0.0 	0.0 	1.8 	RB46		Green Bay Packers	Tampa Bay Buccaneers	0 	0.0 	28 	0.3 	0.4 	2 	0.0 	0.0 	0.1 	0.0 	4.5 	RB45		Green Bay Packers	Chicago Bears	0 	0.0 	30 	0.3 	0.4 	3 	0.0 	0.0 	0.1 	0.0 	5.1 	RB39		Green Bay Packers	Dallas Cowboys	0 	0.0 	30 	0.3 	0.4 	3 	0.0 	0.0 	0.1 	0.0 	5.3 	RB36		Green Bay Packers	Detroit Lions	0 	0.0 	27 	0.3 	0.4 	3 	0.0 	0.0 	0.1 	0.0 	4.6 	RB38		Green Bay Packers	Carolina Panthers	0 	0.0 	18 	0.1 	0.4 	2 	0.0 	0.0 	0.0 	0.0 	2.9 	RB48		Green Bay Packers	New England Patriots	0 	0.0 	14 	0.1 	0.4 	2 	0.0 	0.0 	0.0 	0.0 	2.4 	RB59		Green Bay Packers	Minnesota Vikings	0 	0.0 	17 	0.1 	0.4 	2 	0.0 	0.0 	0.0 	0.0 	2.7 	RB50		Green Bay Packers	BYE	0 	0.0 	0 	0.0 	0.0 	0 	0.0 	0.0 	0.0 	0.0 	0.0 	-		Green Bay Packers	Los Angeles Rams	0 	0.0 	13 	0.1 	0.4 	2 	0.0 	0.0 	0.0 	0.0 	2.2 	RB63		Green Bay Packers	New Orleans Saints	0 	0.0 	17 	0.1 	0.4 	2 	0.0 	0.0 	0.0 	0.0 	2.7 	RB53		Green Bay Packers	Buffalo Bills	0 	0.0 	16 	0.1 	0.4 	3 	0.0 	0.0 	0.0 	0.0 	2.6 	RB55		Green Bay Packers	Miami Dolphins	0 	0.0 	19 	0.2 	0.4 	2 	0.0 	0.0 	0.0 	0.0 	3.1 	RB56		Green Bay Packers	Chicago Bears	0 	0.0 	14 	0.1 	0.4 	2 	0.0 	0.0 	0.0 	0.0 	2.4 	RB60		Green Bay Packers	Houston Texans	0 	0.0 	15 	0.1 	0.4 	2 	0.0 	0.0 	0.0 	0.0 	2.5 	RB60		Actual	Actual	Actual	Forecast	Forecast	Forecast	Forecast	Forecast	Forecast	Forecast	Forecast	Forecast	Forecast	Forecast	Forecast	Forecast	Forecast		Healthy	Healthy	Healthy	Healthy	Healthy	Healthy	Healthy	Healthy	Healthy	Healthy	Healthy	Healthy	Healthy	Healthy	Healthy	Healthy	Healthy		Week 4 2026	9/29/2026	8:41:33 PM	20		1%	1%	15%	14%	0%	0%		(0.1)
	Alec Pierce	Indianapolis Colts	WR	WR72	5.2 	62 	0 	0.0 	0.0 	0.0 	0 	0.0 	0.0 	0.0 	26.1 	2.2 	483 	40.3 	2.4 	0.2 	0.0 	0.1 	0.0 	0.167 	1.000 	0.290 	(0)	0.000 	0.000 	182 	96 	(86)	71 	39 	(32)	0.156 				-	-		-	-		-	-		-	-		6.1 	1.1 	0.0 	0.0 	0.0 	0.0 	5.3 	5.5 	5.8 	5.5 	5.3 	5.6 	0.0 	5.4 	5.5 	5.8 	5.3 		WR33	WR75	-	-	-	-	WR48	WR47	WR49	WR47	WR44	WR53	-	WR50	WR54	WR53	WR54		WR70	5.5 	0.0 	0.0 	0.0 	0.0 	2.1 	41.1 	0.2 	70 	0.197 	1.000 	0.300 	(0)	0.000 	0.000 	178 	0.165 		55 		-	-		-	-		-	-		-	-		WR94	3.6 	0.0 	0.0 	0.0 	0.0 	10.5 	205.5 	1.2 	94 	0.077 	1.000 	0.060 	(1)	0.000 	0.000 	#N/A	0.039 		7.2 		-	-		-	-		-	-		-	-					Indianapolis Colts	Baltimore Ravens	0 	0.0 	0 	0.0 	4.0 	61 	0.0 	0.0 	0.0 	0.0 	6.1 	WR33		Indianapolis Colts	Kansas City Chiefs	0 	0.0 	0 	0.0 	1.0 	11 	0.0 	0.0 	0.0 	0.0 	1.1 	WR75		Indianapolis Colts	Houston Texans	0 	0.0 	0 	0.0 	0.0 	0 	0.0 	0.0 	0.0 	0.0 	0.0 	-		Indianapolis Colts	Washington Commanders	0 	0.0 	0 	0.0 	0.0 	0 	0.0 	0.0 	0.0 	0.0 	0.0 	-		Indianapolis Colts	Pittsburgh Steelers	0 	0.0 	0 	0.0 	0.0 	0 	0.0 	0.0 	0.0 	0.0 	0.0 	-		Indianapolis Colts	Tennessee Titans	0 	0.0 	0 	0.0 	0.0 	0 	0.0 	0.0 	0.0 	0.0 	0.0 	-		Indianapolis Colts	Minnesota Vikings	0 	0.0 	0 	0.0 	2.1 	40 	0.2 	0.0 	0.0 	0.0 	5.3 	WR48		Indianapolis Colts	Jacksonville Jaguars	0 	0.0 	0 	0.0 	2.1 	41 	0.2 	0.0 	0.0 	0.0 	5.5 	WR47		Indianapolis Colts	Dallas Cowboys	0 	0.0 	0 	0.0 	2.2 	43 	0.3 	0.0 	0.0 	0.0 	5.8 	WR49		Indianapolis Colts	Miami Dolphins	0 	0.0 	0 	0.0 	2.1 	41 	0.2 	0.0 	0.0 	0.0 	5.5 	WR47		Indianapolis Colts	Houston Texans	0 	0.0 	0 	0.0 	2.1 	41 	0.2 	0.0 	0.0 	0.0 	5.3 	WR44		Indianapolis Colts	New York Giants	0 	0.0 	0 	0.0 	2.1 	41 	0.2 	0.0 	0.0 	0.0 	5.6 	WR53		Indianapolis Colts	BYE	0 	0.0 	0 	0.0 	0.0 	0 	0.0 	0.0 	0.0 	0.0 	0.0 	-		Indianapolis Colts	Philadelphia Eagles	0 	0.0 	0 	0.0 	2.1 	41 	0.2 	0.0 	0.0 	0.0 	5.4 	WR50		Indianapolis Colts	Tennessee Titans	0 	0.0 	0 	0.0 	2.1 	41 	0.2 	0.0 	0.0 	0.0 	5.5 	WR54		Indianapolis Colts	Cincinnati Bengals	0 	0.0 	0 	0.0 	2.2 	43 	0.3 	0.0 	0.0 	0.0 	5.8 	WR53		Indianapolis Colts	Cleveland Browns	0 	0.0 	0 	0.0 	2.0 	40 	0.2 	0.0 	0.0 	0.0 	5.3 	WR54		Actual	Actual	Actual	Forecast	Forecast	Forecast	Forecast	Forecast	Forecast	Forecast	Forecast	Forecast	Forecast	Forecast	Forecast	Forecast	Forecast		Healthy	Healthy	Injured	Injured	Injured	Injured	Healthy	Healthy	Healthy	Healthy	Healthy	Healthy	Healthy	Healthy	Healthy	Healthy	Healthy		Week 4 2026	9/29/2026	8:41:33 PM	20		18%	18%	0%	0%	0%	0%		0.1 
	Pat Freiermuth	Pittsburgh Steelers	TE	TE19	5.3 	84 	0 	0.0 	0.0 	0.0 	3 	0.2 	0.0 	0.0 	11.0 	0.7 	578 	36.1 	4.4 	0.3 	0.0 	0.1 	0.0 	0.227 	0.560 	0.422 	0 	0.102 	0.000 	132 	280 	148 	17 	36 	19 	0.249 				-	-		-	-		-	-		-	-		10.6 	3.4 	3.1 	5.0 	5.6 	5.3 	5.2 	5.0 	0.0 	5.4 	5.0 	4.9 	5.0 	5.1 	5.3 	5.2 	5.2 		TE7	TE19	TE19	TE19	TE15	TE15	TE18	TE17	-	TE16	TE18	TE21	TE18	TE17	TE18	TE18	TE19		TE19	5.2 	0.0 	0.0 	0.0 	0.0 	0.0 	36.2 	0.3 	18 	0.241 	0.560 	0.413 	0 	0.119 	0.000 	138 	0.255 		67 		-	-		-	-		-	-		-	-		TE18	5.7 	0.0 	0.0 	0.0 	0.0 	0.0 	156.8 	1.1 	18 	0.184 	0.560 	0.413 	0 	0.141 	0.000 	#N/A	0.256 		17.1 		-	-		-	-		-	-		-	-					Pittsburgh Steelers	Atlanta Falcons	0 	0.0 	0 	0.0 	5.0 	46 	1.0 	0.0 	0.0 	0.0 	10.6 	TE7		Pittsburgh Steelers	New England Patriots	0 	0.0 	2 	0.0 	4.0 	32 	0.0 	0.0 	0.0 	0.0 	3.4 	TE19		Pittsburgh Steelers	Cincinnati Bengals	0 	0.0 	1 	0.0 	2.0 	30 	0.0 	0.0 	0.0 	0.0 	3.1 	TE19		Pittsburgh Steelers	Cleveland Browns	0 	0.0 	0 	0.0 	0.0 	35 	0.2 	0.0 	0.0 	0.0 	5.0 	TE19		Pittsburgh Steelers	Indianapolis Colts	0 	0.0 	0 	0.0 	0.0 	38 	0.3 	0.0 	0.0 	0.0 	5.6 	TE15		Pittsburgh Steelers	Tampa Bay Buccaneers	0 	0.0 	0 	0.0 	0.0 	37 	0.3 	0.0 	0.0 	0.0 	5.3 	TE15		Pittsburgh Steelers	New Orleans Saints	0 	0.0 	0 	0.0 	0.0 	36 	0.3 	0.0 	0.0 	0.0 	5.2 	TE18		Pittsburgh Steelers	Cleveland Browns	0 	0.0 	0 	0.0 	0.0 	35 	0.3 	0.0 	0.0 	0.0 	5.0 	TE17		Pittsburgh Steelers	BYE	0 	0.0 	0 	0.0 	0.0 	0 	0.0 	0.0 	0.0 	0.0 	0.0 	-		Pittsburgh Steelers	Cincinnati Bengals	0 	0.0 	0 	0.0 	0.0 	38 	0.3 	0.0 	0.0 	0.0 	5.4 	TE16		Pittsburgh Steelers	Philadelphia Eagles	0 	0.0 	0 	0.0 	0.0 	36 	0.2 	0.0 	0.0 	0.0 	5.0 	TE18		Pittsburgh Steelers	Denver Broncos	0 	0.0 	0 	0.0 	0.0 	35 	0.2 	0.0 	0.0 	0.0 	4.9 	TE21		Pittsburgh Steelers	Houston Texans	0 	0.0 	0 	0.0 	0.0 	36 	0.2 	0.0 	0.0 	0.0 	5.0 	TE18		Pittsburgh Steelers	Jacksonville Jaguars	0 	0.0 	0 	0.0 	0.0 	36 	0.3 	0.0 	0.0 	0.0 	5.1 	TE17		Pittsburgh Steelers	Baltimore Ravens	0 	0.0 	0 	0.0 	0.0 	37 	0.3 	0.0 	0.0 	0.0 	5.3 	TE18		Pittsburgh Steelers	Carolina Panthers	0 	0.0 	0 	0.0 	0.0 	36 	0.3 	0.0 	0.0 	0.0 	5.2 	TE18		Pittsburgh Steelers	Tennessee Titans	0 	0.0 	0 	0.0 	0.0 	36 	0.3 	0.0 	0.0 	0.0 	5.2 	TE19		Actual	Actual	Actual	Forecast	Forecast	Forecast	Forecast	Forecast	Forecast	Forecast	Forecast	Forecast	Forecast	Forecast	Forecast	Forecast	Forecast		Healthy	Healthy	Healthy	Healthy	Healthy	Healthy	Healthy	Healthy	Healthy	Healthy	Healthy	Healthy	Healthy	Healthy	Healthy	Healthy	Healthy		Week 4 2026	9/29/2026	8:41:33 PM	20		16%	17%	0%	0%	0%	0%		(0.0)
	Xavier Hutchinson	Houston Texans	WR	WR71	3.9 	63 	0 	0.0 	0.0 	0.0 	4 	0.3 	0.0 	0.0 	38.0 	2.4 	497 	31.1 	2.1 	0.1 	0.0 	0.1 	0.0 	0.168 	1.000 	0.300 	(1)	0.000 	0.000 	180 	0 	(180)	70 	0 	(70)	0.160 																3.2 	3.7 	5.5 	4.1 	4.0 	3.8 	4.0 	0.0 	3.8 	3.7 	4.1 	4.0 	3.8 	3.9 	3.9 	3.5 	3.7 		WR59	WR46	WR41	WR68	WR67	WR62	WR60	-	WR68	WR62	WR61	WR73	WR65	WR69	WR72	WR75	WR73		WR73	3.9 	0.0 	0.0 	0.0 	0.0 	2.2 	29.0 	0.2 	73 	0.179 	1.000 	0.270 	(1)	0.000 	0.000 	189 	0.148 		50 		-	-		-	-		-	-		-	-		WR62	4.1 	0.0 	0.0 	0.0 	0.0 	9.7 	125.6 	0.7 	62 	0.133 	1.000 	0.380 	(0)	0.000 	0.000 	#N/A	0.191 		12.4 		-	-		-	-		-	-		-	-					Houston Texans	Buffalo Bills	0 	0.0 	0 	0.0 	3.0 	32 	0.0 	0.0 	0.0 	0.0 	3.2 	WR59		Houston Texans	Cincinnati Bengals	0 	0.0 	0 	0.0 	3.0 	37 	0.0 	0.0 	0.0 	0.0 	3.7 	WR46		Houston Texans	Indianapolis Colts	0 	0.0 	4 	0.0 	3.0 	51 	0.0 	0.0 	0.0 	0.0 	5.5 	WR41		Houston Texans	Dallas Cowboys	0 	0.0 	0 	0.0 	2.3 	30 	0.2 	0.0 	0.0 	0.0 	4.1 	WR68		Houston Texans	Tennessee Titans	0 	0.0 	0 	0.0 	2.3 	30 	0.2 	0.0 	0.0 	0.0 	4.0 	WR67		Houston Texans	Jacksonville Jaguars	0 	0.0 	0 	0.0 	2.2 	29 	0.2 	0.0 	0.0 	0.0 	3.8 	WR62		Houston Texans	New York Giants	0 	0.0 	0 	0.0 	2.3 	29 	0.2 	0.0 	0.0 	0.0 	4.0 	WR60		Houston Texans	BYE	0 	0.0 	0 	0.0 	0.0 	0 	0.0 	0.0 	0.0 	0.0 	0.0 	-		Houston Texans	Los Angeles Chargers	0 	0.0 	0 	0.0 	2.2 	29 	0.2 	0.0 	0.0 	0.0 	3.8 	WR68		Houston Texans	Cleveland Browns	0 	0.0 	0 	0.0 	2.1 	28 	0.2 	0.0 	0.0 	0.0 	3.7 	WR62		Houston Texans	Indianapolis Colts	0 	0.0 	0 	0.0 	2.3 	30 	0.2 	0.0 	0.0 	0.0 	4.1 	WR61		Houston Texans	Baltimore Ravens	0 	0.0 	0 	0.0 	2.3 	30 	0.2 	0.0 	0.0 	0.0 	4.0 	WR73		Houston Texans	Pittsburgh Steelers	0 	0.0 	0 	0.0 	2.2 	29 	0.2 	0.0 	0.0 	0.0 	3.8 	WR65		Houston Texans	Washington Commanders	0 	0.0 	0 	0.0 	2.3 	29 	0.2 	0.0 	0.0 	0.0 	3.9 	WR69		Houston Texans	Jacksonville Jaguars	0 	0.0 	0 	0.0 	2.3 	29 	0.2 	0.0 	0.0 	0.0 	3.9 	WR72		Houston Texans	Philadelphia Eagles	0 	0.0 	0 	0.0 	2.1 	27 	0.1 	0.0 	0.0 	0.0 	3.5 	WR75		Houston Texans	Green Bay Packers	0 	0.0 	0 	0.0 	2.2 	28 	0.1 	0.0 	0.0 	0.0 	3.7 	WR73		Actual	Actual	Actual	Forecast	Forecast	Forecast	Forecast	Forecast	Forecast	Forecast	Forecast	Forecast	Forecast	Forecast	Forecast	Forecast	Forecast		Healthy	Healthy	Healthy	Healthy	Healthy	Healthy	Healthy	Healthy	Healthy	Healthy	Healthy	Healthy	Healthy	Healthy	Healthy	Healthy	Healthy		Week 4 2026	9/29/2026	8:41:33 PM	20		13%	11%	0%	0%	0%	0%		(0.0)
	Evan Engram	Denver Broncos	TE	TE27	4.0 	61 	0 	0.0 	0.0 	0.0 	0 	0.0 	0.0 	0.0 	37.5 	2.5 	411 	27.4 	3.3 	0.2 	0.0 	0.1 	0.0 	0.162 	0.560 	0.328 	(0)	0.000 	0.000 	183 	297 	114 	27 	37 	10 	0.156 																10.3 	1.7 	0.0 	3.8 	3.7 	3.7 	3.9 	3.8 	3.8 	0.0 	3.8 	3.6 	3.8 	3.7 	3.7 	3.8 	3.6 		TE8	TE23	-	TE27	TE27	TE26	TE24	TE25	TE27	-	TE25	TE29	TE25	TE28	TE29	TE27	TE30		TE29	3.7 	0.0 	0.0 	0.0 	0.0 	2.5 	27.0 	0.2 	29 	0.174 	0.560 	0.308 	(0)	0.000 	0.000 	188 	0.149 		49 		-	-		-	-		-	-		-	-		TE26	6.0 	0.0 	0.0 	0.0 	0.0 	16.3 	175.7 	1.1 	26 	0.129 	0.560 	0.338 	(0)	0.000 	0.000 	#N/A	0.154 		12.0 		-	-		-	-		-	-		-	-					Denver Broncos	Kansas City Chiefs	0 	0.0 	0 	0.0 	4.0 	43 	1.0 	0.0 	0.0 	0.0 	10.3 	TE8		Denver Broncos	Jacksonville Jaguars	0 	0.0 	0 	0.0 	1.0 	17 	0.0 	0.0 	0.0 	0.0 	1.7 	TE23		Denver Broncos	Los Angeles Rams	0 	0.0 	0 	0.0 	0.0 	0 	0.0 	0.0 	0.0 	0.0 	0.0 	-		Denver Broncos	San Francisco 49ers	0 	0.0 	0 	0.0 	2.5 	27 	0.2 	0.0 	0.0 	0.0 	3.8 	TE27		Denver Broncos	Los Angeles Chargers	0 	0.0 	0 	0.0 	2.5 	27 	0.2 	0.0 	0.0 	0.0 	3.7 	TE27		Denver Broncos	Seattle Seahawks	0 	0.0 	0 	0.0 	2.5 	27 	0.2 	0.0 	0.0 	0.0 	3.7 	TE26		Denver Broncos	Arizona Cardinals	0 	0.0 	0 	0.0 	2.5 	27 	0.2 	0.0 	0.0 	0.0 	3.9 	TE24		Denver Broncos	Kansas City Chiefs	0 	0.0 	0 	0.0 	2.5 	27 	0.2 	0.0 	0.0 	0.0 	3.8 	TE25		Denver Broncos	Carolina Panthers	0 	0.0 	0 	0.0 	2.5 	27 	0.2 	0.0 	0.0 	0.0 	3.8 	TE27		Denver Broncos	BYE	0 	0.0 	0 	0.0 	0.0 	0 	0.0 	0.0 	0.0 	0.0 	0.0 	-		Denver Broncos	Las Vegas Raiders	0 	0.0 	0 	0.0 	2.5 	27 	0.2 	0.0 	0.0 	0.0 	3.8 	TE25		Denver Broncos	Pittsburgh Steelers	0 	0.0 	0 	0.0 	2.4 	26 	0.2 	0.0 	0.0 	0.0 	3.6 	TE29		Denver Broncos	Miami Dolphins	0 	0.0 	0 	0.0 	2.5 	27 	0.2 	0.0 	0.0 	0.0 	3.8 	TE25		Denver Broncos	New York Jets	0 	0.0 	0 	0.0 	2.5 	27 	0.2 	0.0 	0.0 	0.0 	3.7 	TE28		Denver Broncos	Las Vegas Raiders	0 	0.0 	0 	0.0 	2.5 	27 	0.2 	0.0 	0.0 	0.0 	3.7 	TE29		Denver Broncos	Buffalo Bills	0 	0.0 	0 	0.0 	2.6 	28 	0.2 	0.0 	0.0 	0.0 	3.8 	TE27		Denver Broncos	New England Patriots	0 	0.0 	0 	0.0 	2.5 	27 	0.2 	0.0 	0.0 	0.0 	3.6 	TE30		Actual	Actual	Actual	Forecast	Forecast	Forecast	Forecast	Forecast	Forecast	Forecast	Forecast	Forecast	Forecast	Forecast	Forecast	Forecast	Forecast		Healthy	Healthy	Healthy	Healthy	Healthy	Healthy	Healthy	Healthy	Healthy	Healthy	Healthy	Healthy	Healthy	Healthy	Healthy	Healthy	Healthy		Week 4 2026	9/29/2026	8:41:33 PM	20		12%	12%	0%	0%	0%	0%		0.0 
	Justice Hill	Baltimore Ravens	RB	RB61	2.8 	44 	0 	0.0 	0.0 	0.0 	253 	15.8 	1.1 	0.1 	12.3 	0.8 	97 	6.0 	0.5 	0.0 	0.0 	0.4 	0.0 	0.118 	1.000 	0.251 	(1)	0.000 	0.000 	197 	238 	41 	61 	73 	12 	0.131 				-	-		-	-		-	-		-	-		2.8 	1.8 	3.3 	3.0 	2.8 	2.8 	2.9 	2.6 	2.9 	2.7 	2.8 	2.5 	0.0 	2.9 	2.7 	2.9 	2.6 		RB50	RB53	RB41	RB53	RB53	RB49	RB49	RB50	RB51	RB49	RB44	RB59	-	RB53	RB59	RB57	RB58		RB58	2.8 	0.0 	0.0 	15.1 	0.1 	0.7 	5.8 	0.0 	58 	0.129 	1.000 	0.289 	(1)	0.000 	0.000 	187 	0.150 		36 		-	-		-	-		-	-		-	-		RB58	2.6 	0.0 	0.0 	65.5 	0.4 	3.1 	24.9 	0.2 	58 	0.085 	1.000 	0.289 	(1)	0.000 	0.000 	#N/A	0.143 		7.9 		-	-		-	-		-	-		-	-					Baltimore Ravens	Indianapolis Colts	0 	0.0 	18 	0.0 	1.0 	10 	0.0 	0.0 	0.0 	0.0 	2.8 	RB50		Baltimore Ravens	New Orleans Saints	0 	0.0 	6 	0.0 	2.0 	12 	0.0 	0.0 	0.0 	0.0 	1.8 	RB53		Baltimore Ravens	Dallas Cowboys	0 	0.0 	33 	0.0 	0.0 	0 	0.0 	0.0 	0.0 	0.0 	3.3 	RB41		Baltimore Ravens	Tennessee Titans	0 	0.0 	17 	0.1 	0.7 	6 	0.0 	0.0 	0.0 	0.0 	3.0 	RB53		Baltimore Ravens	Atlanta Falcons	0 	0.0 	15 	0.1 	0.7 	6 	0.0 	0.0 	0.0 	0.0 	2.8 	RB53		Baltimore Ravens	Cleveland Browns	0 	0.0 	16 	0.1 	0.7 	6 	0.0 	0.0 	0.0 	0.0 	2.8 	RB49		Baltimore Ravens	Cincinnati Bengals	0 	0.0 	15 	0.1 	0.8 	6 	0.0 	0.0 	0.0 	0.0 	2.9 	RB49		Baltimore Ravens	Buffalo Bills	0 	0.0 	14 	0.1 	0.7 	6 	0.0 	0.0 	0.0 	0.0 	2.6 	RB50		Baltimore Ravens	Jacksonville Jaguars	0 	0.0 	16 	0.1 	0.7 	6 	0.0 	0.0 	0.0 	0.0 	2.9 	RB51		Baltimore Ravens	Los Angeles Chargers	0 	0.0 	15 	0.1 	0.7 	6 	0.0 	0.0 	0.0 	0.0 	2.7 	RB49		Baltimore Ravens	Carolina Panthers	0 	0.0 	15 	0.1 	0.7 	6 	0.0 	0.0 	0.0 	0.0 	2.8 	RB44		Baltimore Ravens	Houston Texans	0 	0.0 	13 	0.1 	0.7 	6 	0.0 	0.0 	0.0 	0.0 	2.5 	RB59		Baltimore Ravens	BYE	0 	0.0 	0 	0.0 	0.0 	0 	0.0 	0.0 	0.0 	0.0 	0.0 	-		Baltimore Ravens	Tampa Bay Buccaneers	0 	0.0 	16 	0.1 	0.7 	6 	0.0 	0.0 	0.0 	0.0 	2.9 	RB53		Baltimore Ravens	Pittsburgh Steelers	0 	0.0 	14 	0.1 	0.7 	6 	0.0 	0.0 	0.0 	0.0 	2.7 	RB59		Baltimore Ravens	Cleveland Browns	0 	0.0 	16 	0.1 	0.7 	5 	0.0 	0.0 	0.0 	0.0 	2.9 	RB57		Baltimore Ravens	Cincinnati Bengals	0 	0.0 	14 	0.1 	0.7 	6 	0.0 	0.0 	0.0 	0.0 	2.6 	RB58		Actual	Actual	Actual	Forecast	Forecast	Forecast	Forecast	Forecast	Forecast	Forecast	Forecast	Forecast	Forecast	Forecast	Forecast	Forecast	Forecast		Healthy	Healthy	Healthy	Healthy	Healthy	Healthy	Healthy	Healthy	Healthy	Healthy	Healthy	Healthy	Healthy	Healthy	Healthy	Healthy	Healthy		Week 4 2026	9/29/2026	8:41:33 PM	20		3%	3%	9%	6%	0%	0%		(0.0)
	Geno Smith	New York Jets	QB	QB29	13.9 	223 	3,518 	219.9 	20.4 	1.3 	176 	11.0 	0.6 	0.0 	0.0 	0.0 	0 	0.0 	0.0 	0.0 	8.4 	2.0 	0.0 	0.598 	0.460 	0.186 	0 	0.095 	0.000 	190 	229 	39 	25 	30 	5 	0.143 																9.3 	15.6 	24.0 	13.8 	13.9 	12.8 	14.3 	13.9 	12.6 	14.1 	12.6 	13.5 	0.0 	12.8 	13.7 	12.8 	13.1 		QB28	QB16	QB5	QB25	QB26	QB26	QB23	QB26	QB29	QB25	QB25	QB28	-	QB27	QB29	QB29	QB29		QB29	13.4 	210.4 	1.3 	10.7 	0.0 	0.0 	0.0 	0.0 	27 	0.622 	0.460 	0.158 	0 	0.150 	0.000 	185 	0.154 		174 		-	-		-	-		-	-		-	-		QB16	16.3 	911.8 	5.5 	46.6 	0.2 	0.0 	0.0 	0.0 	16 	0.526 	0.460 	0.304 	0 	0.208 	0.000 	#N/A	0.259 		48.9 		-	-		-	-		-	-		-	-					New York Jets	Tennessee Titans	215 	0.0 	7 	0.0 	0.0 	0 	0.0 	0.0 	0.0 	0.0 	9.3 	QB28		New York Jets	Green Bay Packers	247 	1.0 	17 	0.0 	0.0 	0 	0.0 	0.0 	0.0 	0.0 	15.6 	QB16		New York Jets	Detroit Lions	321 	3.0 	12 	0.0 	0.0 	0 	0.0 	0.0 	1.0 	0.0 	24.0 	QB5		New York Jets	Chicago Bears	211 	1.3 	11 	0.1 	0.0 	0 	0.0 	0.6 	0.1 	0.0 	13.8 	QB25		New York Jets	Cleveland Browns	209 	1.4 	12 	0.1 	0.0 	0 	0.0 	0.6 	0.1 	0.0 	13.9 	QB26		New York Jets	New England Patriots	211 	1.2 	9 	0.0 	0.0 	0 	0.0 	0.6 	0.1 	0.0 	12.8 	QB26		New York Jets	Miami Dolphins	213 	1.4 	12 	0.1 	0.0 	0 	0.0 	0.6 	0.1 	0.0 	14.3 	QB23		New York Jets	Las Vegas Raiders	209 	1.4 	12 	0.1 	0.0 	0 	0.0 	0.6 	0.1 	0.0 	13.9 	QB26		New York Jets	Kansas City Chiefs	209 	1.1 	9 	0.0 	0.0 	0 	0.0 	0.6 	0.1 	0.0 	12.6 	QB29		New York Jets	Buffalo Bills	219 	1.4 	10 	0.0 	0.0 	0 	0.0 	0.6 	0.1 	0.0 	14.1 	QB25		New York Jets	Los Angeles Chargers	209 	1.1 	9 	0.0 	0.0 	0 	0.0 	0.6 	0.1 	0.0 	12.6 	QB25		New York Jets	Miami Dolphins	209 	1.3 	11 	0.1 	0.0 	0 	0.0 	0.6 	0.1 	0.0 	13.5 	QB28		New York Jets	BYE	0 	0.0 	0 	0.0 	0.0 	0 	0.0 	0.0 	0.0 	0.0 	0.0 	-		New York Jets	Denver Broncos	209 	1.2 	10 	0.0 	0.0 	0 	0.0 	0.6 	0.1 	0.0 	12.8 	QB27		New York Jets	Arizona Cardinals	210 	1.3 	11 	0.1 	0.0 	0 	0.0 	0.6 	0.1 	0.0 	13.7 	QB29		New York Jets	New England Patriots	209 	1.2 	10 	0.0 	0.0 	0 	0.0 	0.6 	0.1 	0.0 	12.8 	QB29		New York Jets	Minnesota Vikings	208 	1.2 	11 	0.0 	0.0 	0 	0.0 	0.6 	0.1 	0.0 	13.1 	QB29		Actual	Actual	Actual	Forecast	Forecast	Forecast	Forecast	Forecast	Forecast	Forecast	Forecast	Forecast	Forecast	Forecast	Forecast	Forecast	Forecast		Healthy	Healthy	Healthy	Healthy	Healthy	Healthy	Healthy	Healthy	Healthy	Healthy	Healthy	Healthy	Healthy	Healthy	Healthy	Healthy	Healthy		Week 4 2026	9/29/2026	8:41:33 PM	20		0%	0%	10%	7%	99%	99%		(0.1)
	Kalif Raymond	Chicago Bears	WR	WR50	5.8 	93 	0 	0.0 	0.0 	0.0 	0 	0.0 	0.0 	0.0 	62.5 	3.9 	692 	43.3 	4.0 	0.2 	0.0 	0.1 	0.0 	0.249 	1.000 	0.510 	0 	0.010 	0.000 	123 	0 	(123)	49 	0 	(49)	0.271 																8.4 	4.0 	15.0 	4.8 	5.0 	5.1 	5.0 	4.9 	5.2 	0.0 	4.9 	5.2 	5.1 	5.0 	5.2 	5.0 	5.1 		WR24	WR41	WR8	WR57	WR55	WR48	WR50	WR56	WR52	-	WR49	WR57	WR52	WR54	WR57	WR61	WR57		WR57	5.0 	0.0 	0.0 	0.0 	0.0 	3.3 	36.8 	0.2 	57 	0.234 	1.000 	0.430 	(0)	0.000 	0.000 	151 	0.229 		65 		-	-		-	-		-	-		-	-		WR20	9.1 	0.0 	0.0 	0.0 	0.0 	14.5 	159.4 	1.0 	20 	0.295 	1.000 	0.800 	1 	0.190 	0.000 	#N/A	0.480 		27.4 		-	-		-	-		-	-		-	-					Chicago Bears	Carolina Panthers	0 	0.0 	0 	0.0 	8.0 	84 	0.0 	0.0 	0.0 	0.0 	8.4 	WR24		Chicago Bears	Minnesota Vikings	0 	0.0 	0 	0.0 	5.0 	40 	0.0 	0.0 	0.0 	0.0 	4.0 	WR41		Chicago Bears	Philadelphia Eagles	0 	0.0 	0 	0.0 	6.0 	90 	1.0 	0.0 	0.0 	0.0 	15.0 	WR8		Chicago Bears	New York Jets	0 	0.0 	0 	0.0 	3.3 	36 	0.2 	0.0 	0.0 	0.0 	4.8 	WR57		Chicago Bears	Green Bay Packers	0 	0.0 	0 	0.0 	3.3 	37 	0.2 	0.0 	0.0 	0.0 	5.0 	WR55		Chicago Bears	Atlanta Falcons	0 	0.0 	0 	0.0 	3.4 	37 	0.2 	0.0 	0.0 	0.0 	5.1 	WR48		Chicago Bears	New England Patriots	0 	0.0 	0 	0.0 	3.3 	36 	0.2 	0.0 	0.0 	0.0 	5.0 	WR50		Chicago Bears	Seattle Seahawks	0 	0.0 	0 	0.0 	3.3 	37 	0.2 	0.0 	0.0 	0.0 	4.9 	WR56		Chicago Bears	Tampa Bay Buccaneers	0 	0.0 	0 	0.0 	3.4 	37 	0.2 	0.0 	0.0 	0.0 	5.2 	WR52		Chicago Bears	BYE	0 	0.0 	0 	0.0 	0.0 	0 	0.0 	0.0 	0.0 	0.0 	0.0 	-		Chicago Bears	New Orleans Saints	0 	0.0 	0 	0.0 	3.2 	36 	0.2 	0.0 	0.0 	0.0 	4.9 	WR49		Chicago Bears	Detroit Lions	0 	0.0 	0 	0.0 	3.4 	38 	0.2 	0.0 	0.0 	0.0 	5.2 	WR57		Chicago Bears	Jacksonville Jaguars	0 	0.0 	0 	0.0 	3.4 	37 	0.2 	0.0 	0.0 	0.0 	5.1 	WR52		Chicago Bears	Miami Dolphins	0 	0.0 	0 	0.0 	3.3 	36 	0.2 	0.0 	0.0 	0.0 	5.0 	WR54		Chicago Bears	Buffalo Bills	0 	0.0 	0 	0.0 	3.5 	38 	0.2 	0.0 	0.0 	0.0 	5.2 	WR57		Chicago Bears	Green Bay Packers	0 	0.0 	0 	0.0 	3.3 	36 	0.2 	0.0 	0.0 	0.0 	5.0 	WR61		Chicago Bears	Detroit Lions	0 	0.0 	0 	0.0 	3.4 	37 	0.2 	0.0 	0.0 	0.0 	5.1 	WR57		Actual	Actual	Actual	Forecast	Forecast	Forecast	Forecast	Forecast	Forecast	Forecast	Forecast	Forecast	Forecast	Forecast	Forecast	Forecast	Forecast		Healthy	Healthy	Healthy	Healthy	Healthy	Healthy	Healthy	Healthy	Healthy	Healthy	Healthy	Healthy	Healthy	Healthy	Healthy	Healthy	Healthy		Week 4 2026	9/29/2026	8:41:33 PM	20		18%	15%	0%	0%	0%	0%		(0.2)
	Michael Mayer	Las Vegas Raiders	TE	TE28	3.8 	60 	0 	0.0 	0.0 	0.0 	0 	0.0 	0.0 	0.0 	46.1 	2.9 	431 	26.9 	2.9 	0.2 	0.0 	0.1 	0.0 	0.162 	0.560 	0.318 	(0)	0.000 	0.000 	185 	0 	(185)	28 	0 	(28)	0.152 																3.2 	2.3 	9.2 	3.7 	3.5 	3.6 	3.6 	3.4 	3.6 	3.4 	3.4 	3.4 	0.0 	3.5 	3.4 	3.5 	3.5 		TE20	TE22	TE8	TE29	TE29	TE27	TE26	TE27	TE29	TE27	TE27	TE31	-	TE29	TE31	TE31	TE31		TE31	3.5 	0.0 	0.0 	0.0 	0.0 	2.6 	26.5 	0.1 	31 	0.163 	0.560 	0.289 	(0)	0.000 	0.000 	193 	0.140 		45 		-	-		-	-		-	-		-	-		TE21	4.9 	0.0 	0.0 	0.0 	0.0 	11.4 	114.7 	0.6 	21 	0.158 	0.560 	0.385 	0 	0.028 	0.000 	#N/A	0.190 		14.7 		-	-		-	-		-	-		-	-					Las Vegas Raiders	Miami Dolphins	0 	0.0 	0 	0.0 	6.0 	32 	0.0 	0.0 	0.0 	0.0 	3.2 	TE20		Las Vegas Raiders	Los Angeles Chargers	0 	0.0 	0 	0.0 	3.0 	23 	0.0 	0.0 	0.0 	0.0 	2.3 	TE22		Las Vegas Raiders	New Orleans Saints	0 	0.0 	0 	0.0 	3.0 	32 	1.0 	0.0 	0.0 	0.0 	9.2 	TE8		Las Vegas Raiders	Kansas City Chiefs	0 	0.0 	0 	0.0 	2.7 	27 	0.2 	0.0 	0.0 	0.0 	3.7 	TE29		Las Vegas Raiders	New England Patriots	0 	0.0 	0 	0.0 	2.6 	27 	0.1 	0.0 	0.0 	0.0 	3.5 	TE29		Las Vegas Raiders	Buffalo Bills	0 	0.0 	0 	0.0 	2.7 	27 	0.2 	0.0 	0.0 	0.0 	3.6 	TE27		Las Vegas Raiders	Los Angeles Rams	0 	0.0 	0 	0.0 	2.7 	27 	0.1 	0.0 	0.0 	0.0 	3.6 	TE26		Las Vegas Raiders	New York Jets	0 	0.0 	0 	0.0 	2.5 	26 	0.1 	0.0 	0.0 	0.0 	3.4 	TE27		Las Vegas Raiders	San Francisco 49ers	0 	0.0 	0 	0.0 	2.7 	27 	0.1 	0.0 	0.0 	0.0 	3.6 	TE29		Las Vegas Raiders	Seattle Seahawks	0 	0.0 	0 	0.0 	2.6 	26 	0.1 	0.0 	0.0 	0.0 	3.4 	TE27		Las Vegas Raiders	Denver Broncos	0 	0.0 	0 	0.0 	2.6 	26 	0.1 	0.0 	0.0 	0.0 	3.4 	TE27		Las Vegas Raiders	Cleveland Browns	0 	0.0 	0 	0.0 	2.5 	25 	0.1 	0.0 	0.0 	0.0 	3.4 	TE31		Las Vegas Raiders	BYE	0 	0.0 	0 	0.0 	0.0 	0 	0.0 	0.0 	0.0 	0.0 	0.0 	-		Las Vegas Raiders	Los Angeles Chargers	0 	0.0 	0 	0.0 	2.6 	27 	0.1 	0.0 	0.0 	0.0 	3.5 	TE29		Las Vegas Raiders	Denver Broncos	0 	0.0 	0 	0.0 	2.6 	26 	0.1 	0.0 	0.0 	0.0 	3.4 	TE31		Las Vegas Raiders	Tennessee Titans	0 	0.0 	0 	0.0 	2.6 	26 	0.2 	0.0 	0.0 	0.0 	3.5 	TE31		Las Vegas Raiders	Arizona Cardinals	0 	0.0 	0 	0.0 	2.6 	26 	0.2 	0.0 	0.0 	0.0 	3.5 	TE31		Actual	Actual	Actual	Forecast	Forecast	Forecast	Forecast	Forecast	Forecast	Forecast	Forecast	Forecast	Forecast	Forecast	Forecast	Forecast	Forecast		Healthy	Healthy	Healthy	Healthy	Healthy	Healthy	Healthy	Healthy	Healthy	Healthy	Healthy	Healthy	Healthy	Healthy	Healthy	Healthy	Healthy		Week 4 2026	9/29/2026	8:41:33 PM	20		12%	10%	0%	0%	0%	0%		(0.0)
	George Holani	Seattle Seahawks	RB	RB60	2.8 	44 	0 	0.0 	0.0 	0.0 	204 	12.7 	0.9 	0.1 	19.0 	1.2 	176 	11.0 	0.2 	0.0 	0.0 	0.4 	0.0 	0.119 	1.000 	0.264 	(1)	0.000 	0.000 	194 	245 	51 	60 	74 	14 	0.136 				-	-		-	-		-	-		-	-		2.9 	1.5 	5.8 	4.7 	4.5 	2.7 	2.1 	2.2 	2.5 	2.2 	0.0 	2.1 	2.3 	2.3 	2.0 	2.1 	2.1 		RB48	RB54	RB30	RB43	RB44	RB50	RB54	RB54	RB56	RB55	-	RB64	RB58	RB60	RB65	RB66	RB65		RB61	2.6 	0.0 	0.0 	11.7 	0.1 	1.0 	9.7 	0.0 	61 	0.121 	1.000 	0.251 	(1)	0.000 	0.000 	198 	0.131 		34 		-	-		-	-		-	-		-	-		RB50	3.4 	0.0 	0.0 	50.6 	0.3 	4.3 	42.0 	0.1 	50 	0.110 	1.000 	0.392 	(1)	0.000 	0.000 	#N/A	0.193 		10.2 		-	-		-	-		-	-		-	-					Seattle Seahawks	New England Patriots	0 	0.0 	29 	0.0 	0.0 	0 	0.0 	0.0 	0.0 	0.0 	2.9 	RB48		Seattle Seahawks	Arizona Cardinals	0 	0.0 	13 	0.0 	1.0 	2 	0.0 	0.0 	0.0 	0.0 	1.5 	RB54		Seattle Seahawks	Washington Commanders	0 	0.0 	10 	0.0 	5.0 	48 	0.0 	0.0 	0.0 	0.0 	5.8 	RB30		Seattle Seahawks	Los Angeles Chargers	0 	0.0 	27 	0.2 	1.0 	9 	0.0 	0.0 	0.1 	0.0 	4.7 	RB43		Seattle Seahawks	San Francisco 49ers	0 	0.0 	25 	0.2 	1.0 	10 	0.0 	0.0 	0.1 	0.0 	4.5 	RB44		Seattle Seahawks	Denver Broncos	0 	0.0 	8 	0.2 	1.0 	10 	0.0 	0.0 	0.0 	0.0 	2.7 	RB50		Seattle Seahawks	Kansas City Chiefs	0 	0.0 	9 	0.0 	1.0 	10 	0.0 	0.0 	0.0 	0.0 	2.1 	RB54		Seattle Seahawks	Chicago Bears	0 	0.0 	9 	0.0 	1.0 	10 	0.0 	0.0 	0.0 	0.0 	2.2 	RB54		Seattle Seahawks	Arizona Cardinals	0 	0.0 	11 	0.1 	1.0 	10 	0.0 	0.0 	0.0 	0.0 	2.5 	RB56		Seattle Seahawks	Las Vegas Raiders	0 	0.0 	10 	0.0 	1.0 	9 	0.0 	0.0 	0.0 	0.0 	2.2 	RB55		Seattle Seahawks	BYE	0 	0.0 	0 	0.0 	0.0 	0 	0.0 	0.0 	0.0 	0.0 	0.0 	-		Seattle Seahawks	San Francisco 49ers	0 	0.0 	9 	0.0 	1.0 	10 	0.0 	0.0 	0.0 	0.0 	2.1 	RB64		Seattle Seahawks	Dallas Cowboys	0 	0.0 	9 	0.0 	1.0 	10 	0.0 	0.0 	0.0 	0.0 	2.3 	RB58		Seattle Seahawks	New York Giants	0 	0.0 	10 	0.0 	1.0 	10 	0.0 	0.0 	0.0 	0.0 	2.3 	RB60		Seattle Seahawks	Philadelphia Eagles	0 	0.0 	8 	0.0 	1.0 	9 	0.0 	0.0 	0.0 	0.0 	2.0 	RB65		Seattle Seahawks	Los Angeles Rams	0 	0.0 	9 	0.0 	1.0 	10 	0.0 	0.0 	0.0 	0.0 	2.1 	RB66		Seattle Seahawks	Carolina Panthers	0 	0.0 	9 	0.0 	1.0 	10 	0.0 	0.0 	0.0 	0.0 	2.1 	RB65		Actual	Actual	Actual	Forecast	Forecast	Forecast	Forecast	Forecast	Forecast	Forecast	Forecast	Forecast	Forecast	Forecast	Forecast	Forecast	Forecast		Healthy	Healthy	Healthy	Healthy	Healthy	Healthy	Healthy	Healthy	Healthy	Healthy	Healthy	Healthy	Healthy	Healthy	Healthy	Healthy	Healthy		Week 4 2026	9/29/2026	8:41:33 PM	20		4%	1%	8%	5%	0%	0%		(0.1)
	Greg Dulcich	Miami Dolphins	TE	TE30	3.5 	55 	0 	0.0 	0.0 	0.0 	0 	0.0 	0.0 	0.0 	38.5 	2.4 	441 	27.6 	1.9 	0.1 	0.0 	0.1 	0.0 	0.149 	0.560 	0.299 	(0)	0.000 	0.000 	192 	271 	79 	30 	34 	4 	0.142 				-	-		-	-		-	-		-	-		1.8 	1.7 	5.5 	3.2 	3.8 	0.0 	3.5 	3.6 	3.7 	3.7 	3.6 	3.5 	3.4 	3.7 	3.5 	3.6 	3.7 		TE28	TE23	TE14	TE32	TE26	-	TE27	TE26	TE28	TE26	TE26	TE30	TE26	TE27	TE30	TE30	TE28		TE30	3.6 	0.0 	0.0 	0.0 	0.0 	2.3 	27.0 	0.1 	30 	0.166 	0.560 	0.299 	(0)	0.000 	0.000 	190 	0.144 		46 		-	-		-	-		-	-		-	-		TE39	3.0 	0.0 	0.0 	0.0 	0.0 	9.8 	117.1 	0.6 	39 	0.097 	0.560 	0.208 	(0)	0.000 	0.000 	#N/A	0.098 		9.0 		-	-		-	-		-	-		-	-					Miami Dolphins	Las Vegas Raiders	0 	0.0 	0 	0.0 	2.0 	18 	0.0 	0.0 	0.0 	0.0 	1.8 	TE28		Miami Dolphins	San Francisco 49ers	0 	0.0 	0 	0.0 	2.0 	17 	0.0 	0.0 	0.0 	0.0 	1.7 	TE23		Miami Dolphins	Kansas City Chiefs	0 	0.0 	0 	0.0 	5.0 	55 	0.0 	0.0 	0.0 	0.0 	5.5 	TE14		Miami Dolphins	Minnesota Vikings	0 	0.0 	0 	0.0 	2.1 	25 	0.1 	0.0 	0.0 	0.0 	3.2 	TE32		Miami Dolphins	Cincinnati Bengals	0 	0.0 	0 	0.0 	2.4 	28 	0.2 	0.0 	0.0 	0.0 	3.8 	TE26		Miami Dolphins	BYE	0 	0.0 	0 	0.0 	0.0 	0 	0.0 	0.0 	0.0 	0.0 	0.0 	-		Miami Dolphins	New York Jets	0 	0.0 	0 	0.0 	2.2 	26 	0.1 	0.0 	0.0 	0.0 	3.5 	TE27		Miami Dolphins	New England Patriots	0 	0.0 	0 	0.0 	2.3 	27 	0.1 	0.0 	0.0 	0.0 	3.6 	TE26		Miami Dolphins	Detroit Lions	0 	0.0 	0 	0.0 	2.3 	28 	0.2 	0.0 	0.0 	0.0 	3.7 	TE28		Miami Dolphins	Indianapolis Colts	0 	0.0 	0 	0.0 	2.3 	28 	0.2 	0.0 	0.0 	0.0 	3.7 	TE26		Miami Dolphins	Buffalo Bills	0 	0.0 	0 	0.0 	2.3 	27 	0.1 	0.0 	0.0 	0.0 	3.6 	TE26		Miami Dolphins	New York Jets	0 	0.0 	0 	0.0 	2.2 	26 	0.2 	0.0 	0.0 	0.0 	3.5 	TE30		Miami Dolphins	Denver Broncos	0 	0.0 	0 	0.0 	2.2 	26 	0.1 	0.0 	0.0 	0.0 	3.4 	TE26		Miami Dolphins	Chicago Bears	0 	0.0 	0 	0.0 	2.3 	28 	0.2 	0.0 	0.0 	0.0 	3.7 	TE27		Miami Dolphins	Green Bay Packers	0 	0.0 	0 	0.0 	2.3 	27 	0.1 	0.0 	0.0 	0.0 	3.5 	TE30		Miami Dolphins	Los Angeles Chargers	0 	0.0 	0 	0.0 	2.3 	27 	0.1 	0.0 	0.0 	0.0 	3.6 	TE30		Miami Dolphins	Buffalo Bills	0 	0.0 	0 	0.0 	2.4 	28 	0.2 	0.0 	0.0 	0.0 	3.7 	TE28		Actual	Actual	Actual	Forecast	Forecast	Forecast	Forecast	Forecast	Forecast	Forecast	Forecast	Forecast	Forecast	Forecast	Forecast	Forecast	Forecast		Healthy	Healthy	Healthy	Healthy	Healthy	Healthy	Healthy	Healthy	Healthy	Healthy	Healthy	Healthy	Healthy	Healthy	Healthy	Healthy	Healthy		Week 4 2026	9/29/2026	8:41:33 PM	20		12%	12%	0%	0%	0%	0%		0.0 
	Makai Lemon	Philadelphia Eagles	WR	WR77	3.2 	50 	0 	0.0 	0.0 	0.0 	(5)	(0.3)	0.0 	0.0 	41.0 	2.6 	361 	22.6 	2.5 	0.2 	0.0 	0.1 	0.0 	0.135 	1.000 	0.230 	(1)	0.000 	0.000 	202 	199 	(3)	77 	67 	(10)	0.124 				-	-		-	-		-	-		-	-		(0.5)	0.9 	2.9 	4.2 	4.4 	4.3 	3.6 	3.5 	3.5 	0.0 	3.4 	3.6 	3.4 	3.6 	3.3 	3.1 	3.4 		WR108	WR78	WR57	WR66	WR64	WR59	WR61	WR67	WR71	-	WR63	WR75	WR69	WR72	WR76	WR78	WR76		WR74	3.6 	0.0 	0.0 	0.0 	0.0 	2.6 	24.9 	0.2 	74 	0.169 	1.000 	0.260 	(1)	0.000 	0.000 	192 	0.142 		47 														WR117	1.7 	0.0 	0.0 	0.0 	0.0 	17.0 	161.7 	1.2 	117 	0.036 	1.000 	0.000 	(1)	0.000 	0.000 	#N/A	0.005 		3.3 																	Philadelphia Eagles	Washington Commanders	0 	0.0 	0 	0.0 	3.0 	(5)	0.0 	0.0 	0.0 	0.0 	(0.5)	WR108		Philadelphia Eagles	Tennessee Titans	0 	0.0 	(5)	0.0 	1.0 	14 	0.0 	0.0 	0.0 	0.0 	0.9 	WR78		Philadelphia Eagles	Chicago Bears	0 	0.0 	0 	0.0 	3.0 	29 	0.0 	0.0 	0.0 	0.0 	2.9 	WR57		Philadelphia Eagles	Los Angeles Rams	0 	0.0 	0 	0.0 	3.3 	31 	0.2 	0.0 	0.0 	0.0 	4.2 	WR66		Philadelphia Eagles	Jacksonville Jaguars	0 	0.0 	0 	0.0 	3.3 	31 	0.2 	0.0 	0.0 	0.0 	4.4 	WR64		Philadelphia Eagles	Carolina Panthers	0 	0.0 	0 	0.0 	3.2 	31 	0.2 	0.0 	0.0 	0.0 	4.3 	WR59		Philadelphia Eagles	Dallas Cowboys	0 	0.0 	0 	0.0 	2.5 	24 	0.2 	0.0 	0.0 	0.0 	3.6 	WR61		Philadelphia Eagles	Washington Commanders	0 	0.0 	0 	0.0 	2.4 	23 	0.2 	0.0 	0.0 	0.0 	3.5 	WR67		Philadelphia Eagles	New York Giants	0 	0.0 	0 	0.0 	2.4 	23 	0.2 	0.0 	0.0 	0.0 	3.5 	WR71		Philadelphia Eagles	BYE	0 	0.0 	0 	0.0 	0.0 	0 	0.0 	0.0 	0.0 	0.0 	0.0 	-		Philadelphia Eagles	Pittsburgh Steelers	0 	0.0 	0 	0.0 	2.4 	23 	0.2 	0.0 	0.0 	0.0 	3.4 	WR63		Philadelphia Eagles	Dallas Cowboys	0 	0.0 	0 	0.0 	2.5 	24 	0.2 	0.0 	0.0 	0.0 	3.6 	WR75		Philadelphia Eagles	Arizona Cardinals	0 	0.0 	0 	0.0 	2.3 	22 	0.2 	0.0 	0.0 	0.0 	3.4 	WR69		Philadelphia Eagles	Indianapolis Colts	0 	0.0 	0 	0.0 	2.5 	23 	0.2 	0.0 	0.0 	0.0 	3.6 	WR72		Philadelphia Eagles	Seattle Seahawks	0 	0.0 	0 	0.0 	2.4 	23 	0.2 	0.0 	0.0 	0.0 	3.3 	WR76		Philadelphia Eagles	Houston Texans	0 	0.0 	0 	0.0 	2.3 	22 	0.2 	0.0 	0.0 	0.0 	3.1 	WR78		Philadelphia Eagles	San Francisco 49ers	0 	0.0 	0 	0.0 	2.4 	23 	0.2 	0.0 	0.0 	0.0 	3.4 	WR76		Actual	Actual	Actual	Forecast	Forecast	Forecast	Forecast	Forecast	Forecast	Forecast	Forecast	Forecast	Forecast	Forecast	Forecast	Forecast	Forecast		Healthy	Healthy	Healthy	Healthy	Healthy	Healthy	Healthy	Healthy	Healthy	Healthy	Healthy	Healthy	Healthy	Healthy	Healthy	Healthy	Healthy		Week 4 2026	9/29/2026	8:41:33 PM	20		11%	13%	0%	0%	0%	0%		0.1 
	Emanuel Wilson	Seattle Seahawks	RB	RB57	3.1 	49 	0 	0.0 	0.0 	0.0 	371 	23.2 	1.5 	0.1 	3.5 	0.2 	32 	2.0 	0.2 	0.0 	0.0 	0.8 	0.0 	0.132 	1.000 	0.302 	(1)	0.000 	0.000 	181 	211 	30 	57 	67 	10 	0.156 																0.3 	9.2 	1.4 	5.8 	5.5 	3.2 	2.2 	2.4 	2.8 	2.5 	0.0 	2.2 	2.5 	2.5 	2.0 	2.3 	2.3 		RB59	RB16	RB52	RB39	RB38	RB47	RB53	RB52	RB52	RB52	-	RB62	RB55	RB57	RB64	RB63	RB62		RB57	2.9 	0.0 	0.0 	20.1 	0.1 	0.3 	2.4 	0.0 	57 	0.137 	1.000 	0.302 	(1)	0.000 	0.000 	183 	0.157 		38 														RB47	3.6 	0.0 	0.0 	87.2 	0.5 	1.2 	10.5 	0.1 	47 	0.117 	1.000 	0.430 	(0)	0.000 	0.000 	#N/A	0.211 		10.9 																	Seattle Seahawks	New England Patriots	0 	0.0 	3 	0.0 	0.0 	0 	0.0 	0.0 	0.0 	0.0 	0.3 	RB59		Seattle Seahawks	Arizona Cardinals	0 	0.0 	92 	0.0 	0.0 	0 	0.0 	0.0 	0.0 	0.0 	9.2 	RB16		Seattle Seahawks	Washington Commanders	0 	0.0 	14 	0.0 	0.0 	0 	0.0 	0.0 	0.0 	0.0 	1.4 	RB52		Seattle Seahawks	Los Angeles Chargers	0 	0.0 	39 	0.3 	0.3 	2 	0.0 	0.0 	0.1 	0.0 	5.8 	RB39		Seattle Seahawks	San Francisco 49ers	0 	0.0 	36 	0.3 	0.3 	3 	0.0 	0.0 	0.1 	0.0 	5.5 	RB38		Seattle Seahawks	Denver Broncos	0 	0.0 	16 	0.2 	0.3 	2 	0.0 	0.0 	0.1 	0.0 	3.2 	RB47		Seattle Seahawks	Kansas City Chiefs	0 	0.0 	16 	0.1 	0.3 	2 	0.0 	0.0 	0.0 	0.0 	2.2 	RB53		Seattle Seahawks	Chicago Bears	0 	0.0 	17 	0.1 	0.3 	2 	0.0 	0.0 	0.0 	0.0 	2.4 	RB52		Seattle Seahawks	Arizona Cardinals	0 	0.0 	20 	0.1 	0.3 	2 	0.0 	0.0 	0.0 	0.0 	2.8 	RB52		Seattle Seahawks	Las Vegas Raiders	0 	0.0 	18 	0.1 	0.3 	2 	0.0 	0.0 	0.0 	0.0 	2.5 	RB52		Seattle Seahawks	BYE	0 	0.0 	0 	0.0 	0.0 	0 	0.0 	0.0 	0.0 	0.0 	0.0 	-		Seattle Seahawks	San Francisco 49ers	0 	0.0 	16 	0.1 	0.3 	2 	0.0 	0.0 	0.0 	0.0 	2.2 	RB62		Seattle Seahawks	Dallas Cowboys	0 	0.0 	17 	0.1 	0.3 	2 	0.0 	0.0 	0.0 	0.0 	2.5 	RB55		Seattle Seahawks	New York Giants	0 	0.0 	18 	0.1 	0.3 	2 	0.0 	0.0 	0.0 	0.0 	2.5 	RB57		Seattle Seahawks	Philadelphia Eagles	0 	0.0 	14 	0.1 	0.3 	2 	0.0 	0.0 	0.0 	0.0 	2.0 	RB64		Seattle Seahawks	Los Angeles Rams	0 	0.0 	16 	0.1 	0.3 	2 	0.0 	0.0 	0.0 	0.0 	2.3 	RB63		Seattle Seahawks	Carolina Panthers	0 	0.0 	17 	0.1 	0.3 	2 	0.0 	0.0 	0.0 	0.0 	2.3 	RB62		Actual	Actual	Actual	Forecast	Forecast	Forecast	Forecast	Forecast	Forecast	Forecast	Forecast	Forecast	Forecast	Forecast	Forecast	Forecast	Forecast		Healthy	Healthy	Healthy	Healthy	Healthy	Healthy	Healthy	Healthy	Healthy	Healthy	Healthy	Healthy	Healthy	Healthy	Healthy	Healthy	Healthy		Week 4 2026	9/29/2026	8:41:33 PM	20		1%	1%	15%	8%	0%	0%		(0.1)
	Rashid Shaheed	Seattle Seahawks	WR	WR76	3.2 	51 	0 	0.0 	0.0 	0.0 	4 	0.3 	0.0 	0.0 	31.2 	2.0 	368 	23.0 	2.3 	0.1 	0.0 	0.1 	0.0 	0.137 	1.000 	0.240 	(1)	0.000 	0.000 	199 	158 	(41)	76 	54 	(22)	0.128 				-	-		-	-		-	-		-	-		0.4 	3.9 	1.4 	3.4 	3.6 	3.4 	3.5 	3.5 	3.7 	3.4 	0.0 	3.5 	3.6 	3.5 	3.3 	3.5 	3.4 		WR87	WR44	WR76	WR73	WR68	WR64	WR63	WR66	WR69	WR64	-	WR77	WR66	WR73	WR77	WR74	WR75		WR76	3.5 	0.0 	0.0 	0.0 	0.0 	1.9 	24.2 	0.2 	76 	0.162 	1.000 	0.240 	(1)	0.000 	0.000 	197 	0.132 		45 														WR104	1.9 	0.0 	0.0 	0.0 	0.0 	8.4 	105.0 	0.8 	104 	0.061 	1.000 	0.000 	(1)	0.000 	0.000 	#N/A	0.009 		5.7 																	Seattle Seahawks	New England Patriots	0 	0.0 	0 	0.0 	1.0 	4 	0.0 	0.0 	0.0 	0.0 	0.4 	WR87		Seattle Seahawks	Arizona Cardinals	0 	0.0 	4 	0.0 	3.0 	35 	0.0 	0.0 	0.0 	0.0 	3.9 	WR44		Seattle Seahawks	Washington Commanders	0 	0.0 	0 	0.0 	2.0 	14 	0.0 	0.0 	0.0 	0.0 	1.4 	WR76		Seattle Seahawks	Los Angeles Chargers	0 	0.0 	0 	0.0 	1.9 	24 	0.2 	0.0 	0.0 	0.0 	3.4 	WR73		Seattle Seahawks	San Francisco 49ers	0 	0.0 	0 	0.0 	2.0 	25 	0.2 	0.0 	0.0 	0.0 	3.6 	WR68		Seattle Seahawks	Denver Broncos	0 	0.0 	0 	0.0 	1.9 	24 	0.2 	0.0 	0.0 	0.0 	3.4 	WR64		Seattle Seahawks	Kansas City Chiefs	0 	0.0 	0 	0.0 	2.0 	24 	0.2 	0.0 	0.0 	0.0 	3.5 	WR63		Seattle Seahawks	Chicago Bears	0 	0.0 	0 	0.0 	2.0 	25 	0.2 	0.0 	0.0 	0.0 	3.5 	WR66		Seattle Seahawks	Arizona Cardinals	0 	0.0 	0 	0.0 	2.0 	25 	0.2 	0.0 	0.0 	0.0 	3.7 	WR69		Seattle Seahawks	Las Vegas Raiders	0 	0.0 	0 	0.0 	1.9 	24 	0.2 	0.0 	0.0 	0.0 	3.4 	WR64		Seattle Seahawks	BYE	0 	0.0 	0 	0.0 	0.0 	0 	0.0 	0.0 	0.0 	0.0 	0.0 	-		Seattle Seahawks	San Francisco 49ers	0 	0.0 	0 	0.0 	1.9 	24 	0.2 	0.0 	0.0 	0.0 	3.5 	WR77		Seattle Seahawks	Dallas Cowboys	0 	0.0 	0 	0.0 	2.0 	25 	0.2 	0.0 	0.0 	0.0 	3.6 	WR66		Seattle Seahawks	New York Giants	0 	0.0 	0 	0.0 	1.9 	24 	0.2 	0.0 	0.0 	0.0 	3.5 	WR73		Seattle Seahawks	Philadelphia Eagles	0 	0.0 	0 	0.0 	1.9 	24 	0.2 	0.0 	0.0 	0.0 	3.3 	WR77		Seattle Seahawks	Los Angeles Rams	0 	0.0 	0 	0.0 	2.0 	25 	0.2 	0.0 	0.0 	0.0 	3.5 	WR74		Seattle Seahawks	Carolina Panthers	0 	0.0 	0 	0.0 	1.9 	24 	0.2 	0.0 	0.0 	0.0 	3.4 	WR75		Actual	Actual	Actual	Forecast	Forecast	Forecast	Forecast	Forecast	Forecast	Forecast	Forecast	Forecast	Forecast	Forecast	Forecast	Forecast	Forecast		Healthy	Healthy	Healthy	Healthy	Healthy	Healthy	Healthy	Healthy	Healthy	Healthy	Healthy	Healthy	Healthy	Healthy	Healthy	Healthy	Healthy		Week 4 2026	9/29/2026	8:41:33 PM	20		10%	10%	0%	0%	0%	0%		0.1 
	AJ Barner	Seattle Seahawks	TE	TE29	3.6 	58 	0 	0.0 	0.0 	0.0 	1 	0.1 	1.0 	0.1 	36.9 	2.3 	405 	25.3 	1.8 	0.1 	0.0 	0.1 	0.0 	0.154 	0.560 	0.308 	(0)	0.000 	0.000 	188 	180 	(8)	29 	27 	(2)	0.147 				-	-		-	-		-	-		-	-		1.3 	6.9 	6.9 	3.2 	3.4 	3.2 	3.3 	3.3 	3.4 	3.2 	0.0 	3.3 	3.4 	3.3 	3.1 	3.3 	3.2 		TE30	TE12	TE10	TE31	TE31	TE29	TE28	TE28	TE30	TE29	-	TE32	TE27	TE30	TE33	TE32	TE33		TE32	3.3 	0.0 	0.0 	0.0 	0.0 	2.2 	24.2 	0.1 	32 	0.152 	0.560 	0.279 	(0)	0.000 	0.000 	196 	0.134 		42 														TE20	5.0 	0.0 	0.0 	0.0 	0.0 	9.6 	105.0 	0.6 	20 	0.162 	0.560 	0.395 	0 	0.047 	0.000 	#N/A	0.203 		15.1 																	Seattle Seahawks	New England Patriots	0 	0.0 	0 	0.0 	2.0 	13 	0.0 	0.0 	0.0 	0.0 	1.3 	TE30		Seattle Seahawks	Arizona Cardinals	0 	0.0 	1 	1.0 	1.0 	8 	0.0 	0.0 	0.0 	0.0 	6.9 	TE12		Seattle Seahawks	Washington Commanders	0 	0.0 	0 	0.0 	5.0 	69 	0.0 	0.0 	0.0 	0.0 	6.9 	TE10		Seattle Seahawks	Los Angeles Chargers	0 	0.0 	0 	0.0 	2.2 	24 	0.1 	0.0 	0.0 	0.0 	3.2 	TE31		Seattle Seahawks	San Francisco 49ers	0 	0.0 	0 	0.0 	2.3 	25 	0.2 	0.0 	0.0 	0.0 	3.4 	TE31		Seattle Seahawks	Denver Broncos	0 	0.0 	0 	0.0 	2.2 	24 	0.1 	0.0 	0.0 	0.0 	3.2 	TE29		Seattle Seahawks	Kansas City Chiefs	0 	0.0 	0 	0.0 	2.2 	24 	0.1 	0.0 	0.0 	0.0 	3.3 	TE28		Seattle Seahawks	Chicago Bears	0 	0.0 	0 	0.0 	2.3 	25 	0.1 	0.0 	0.0 	0.0 	3.3 	TE28		Seattle Seahawks	Arizona Cardinals	0 	0.0 	0 	0.0 	2.3 	25 	0.2 	0.0 	0.0 	0.0 	3.4 	TE30		Seattle Seahawks	Las Vegas Raiders	0 	0.0 	0 	0.0 	2.2 	24 	0.1 	0.0 	0.0 	0.0 	3.2 	TE29		Seattle Seahawks	BYE	0 	0.0 	0 	0.0 	0.0 	0 	0.0 	0.0 	0.0 	0.0 	0.0 	-		Seattle Seahawks	San Francisco 49ers	0 	0.0 	0 	0.0 	2.2 	24 	0.1 	0.0 	0.0 	0.0 	3.3 	TE32		Seattle Seahawks	Dallas Cowboys	0 	0.0 	0 	0.0 	2.3 	25 	0.2 	0.0 	0.0 	0.0 	3.4 	TE27		Seattle Seahawks	New York Giants	0 	0.0 	0 	0.0 	2.2 	24 	0.1 	0.0 	0.0 	0.0 	3.3 	TE30		Seattle Seahawks	Philadelphia Eagles	0 	0.0 	0 	0.0 	2.2 	24 	0.1 	0.0 	0.0 	0.0 	3.1 	TE33		Seattle Seahawks	Los Angeles Rams	0 	0.0 	0 	0.0 	2.2 	25 	0.1 	0.0 	0.0 	0.0 	3.3 	TE32		Seattle Seahawks	Carolina Panthers	0 	0.0 	0 	0.0 	2.2 	24 	0.1 	0.0 	0.0 	0.0 	3.2 	TE33		Actual	Actual	Actual	Forecast	Forecast	Forecast	Forecast	Forecast	Forecast	Forecast	Forecast	Forecast	Forecast	Forecast	Forecast	Forecast	Forecast		Healthy	Healthy	Healthy	Healthy	Healthy	Healthy	Healthy	Healthy	Healthy	Healthy	Healthy	Healthy	Healthy	Healthy	Healthy	Healthy	Healthy		Week 4 2026	9/29/2026	8:41:33 PM	20		10%	8%	0%	0%	0%	0%		(0.1)
	Samaje Perine	Cincinnati Bengals	RB	RB64	2.5 	40 	0 	0.0 	0.0 	0.0 	189 	11.8 	0.8 	0.0 	20.9 	1.3 	154 	9.6 	0.3 	0.0 	0.0 	0.5 	0.0 	0.106 	1.000 	0.212 	(1)	0.000 	0.000 	208 	306 	98 	64 	89 	25 	0.111 																5.0 	2.2 	1.4 	2.4 	2.6 	0.0 	2.1 	2.6 	2.5 	2.3 	2.4 	2.5 	2.3 	2.3 	2.3 	2.4 	2.4 		RB38	RB49	RB53	RB57	RB55	-	RB55	RB51	RB55	RB54	RB48	RB58	RB57	RB61	RB63	RB61	RB61		RB65	2.4 	0.0 	0.0 	11.9 	0.1 	1.2 	7.9 	0.0 	65 	0.111 	1.000 	0.199 	(1)	0.000 	0.000 	209 	0.106 		31 														RB57	2.9 	0.0 	0.0 	51.4 	0.3 	5.3 	34.4 	0.1 	57 	0.093 	1.000 	0.302 	(1)	0.000 	0.000 	#N/A	0.150 		8.6 																	Cincinnati Bengals	Tampa Bay Buccaneers	0 	0.0 	20 	0.0 	3.0 	30 	0.0 	0.0 	0.0 	0.0 	5.0 	RB38		Cincinnati Bengals	Houston Texans	0 	0.0 	6 	0.0 	1.0 	16 	0.0 	0.0 	0.0 	0.0 	2.2 	RB49		Cincinnati Bengals	Pittsburgh Steelers	0 	0.0 	9 	0.0 	1.0 	5 	0.0 	0.0 	0.0 	0.0 	1.4 	RB53		Cincinnati Bengals	Jacksonville Jaguars	0 	0.0 	12 	0.1 	1.2 	8 	0.0 	0.0 	0.0 	0.0 	2.4 	RB57		Cincinnati Bengals	Miami Dolphins	0 	0.0 	13 	0.1 	1.2 	8 	0.0 	0.0 	0.0 	0.0 	2.6 	RB55		Cincinnati Bengals	BYE	0 	0.0 	0 	0.0 	0.0 	0 	0.0 	0.0 	0.0 	0.0 	0.0 	-		Cincinnati Bengals	Baltimore Ravens	0 	0.0 	10 	0.0 	1.2 	8 	0.0 	0.0 	0.0 	0.0 	2.1 	RB55		Cincinnati Bengals	Tennessee Titans	0 	0.0 	13 	0.1 	1.2 	8 	0.0 	0.0 	0.0 	0.0 	2.6 	RB51		Cincinnati Bengals	Atlanta Falcons	0 	0.0 	12 	0.1 	1.2 	8 	0.0 	0.0 	0.0 	0.0 	2.5 	RB55		Cincinnati Bengals	Pittsburgh Steelers	0 	0.0 	11 	0.1 	1.2 	8 	0.0 	0.0 	0.0 	0.0 	2.3 	RB54		Cincinnati Bengals	Washington Commanders	0 	0.0 	12 	0.1 	1.2 	8 	0.0 	0.0 	0.0 	0.0 	2.4 	RB48		Cincinnati Bengals	New Orleans Saints	0 	0.0 	13 	0.1 	1.2 	8 	0.0 	0.0 	0.0 	0.0 	2.5 	RB58		Cincinnati Bengals	Cleveland Browns	0 	0.0 	12 	0.1 	1.2 	8 	0.0 	0.0 	0.0 	0.0 	2.3 	RB57		Cincinnati Bengals	Kansas City Chiefs	0 	0.0 	11 	0.1 	1.2 	8 	0.0 	0.0 	0.0 	0.0 	2.3 	RB61		Cincinnati Bengals	Carolina Panthers	0 	0.0 	11 	0.1 	1.2 	8 	0.0 	0.0 	0.0 	0.0 	2.3 	RB63		Cincinnati Bengals	Indianapolis Colts	0 	0.0 	12 	0.1 	1.2 	8 	0.0 	0.0 	0.0 	0.0 	2.4 	RB61		Cincinnati Bengals	Baltimore Ravens	0 	0.0 	12 	0.1 	1.2 	8 	0.0 	0.0 	0.0 	0.0 	2.4 	RB61		Actual	Actual	Actual	Forecast	Forecast	Forecast	Forecast	Forecast	Forecast	Forecast	Forecast	Forecast	Forecast	Forecast	Forecast	Forecast	Forecast		Healthy	Healthy	Healthy	Healthy	Healthy	Healthy	Healthy	Healthy	Healthy	Healthy	Healthy	Healthy	Healthy	Healthy	Healthy	Healthy	Healthy		Week 4 2026	9/29/2026	8:41:33 PM	20		3%	1%	12%	9%	0%	0%		(0.0)
	Jaylin Noel	Houston Texans	WR	WR74	3.6 	58 	0 	0.0 	0.0 	0.0 	21 	1.3 	0.0 	0.0 	27.5 	1.7 	420 	26.2 	2.3 	0.1 	0.0 	0.1 	0.0 	0.155 	1.000 	0.270 	(1)	0.000 	0.000 	189 	259 	70 	73 	85 	12 	0.145 				-	-		-	-		-	-		-	-		5.3 	4.4 	2.5 	3.7 	3.6 	3.4 	3.6 	0.0 	3.4 	3.3 	3.7 	3.6 	3.4 	3.6 	3.6 	3.1 	3.4 		WR39	WR39	WR60	WR71	WR69	WR63	WR62	-	WR72	WR65	WR62	WR74	WR68	WR71	WR75	WR77	WR77		WR75	3.5 	0.0 	0.0 	0.0 	0.0 	1.7 	24.5 	0.2 	75 	0.163 	1.000 	0.250 	(1)	0.000 	0.000 	194 	0.137 		46 														WR67	4.1 	0.0 	0.0 	0.0 	0.0 	7.5 	106.3 	0.8 	67 	0.131 	1.000 	0.330 	(0)	0.000 	0.000 	#N/A	0.168 		12.2 																	Houston Texans	Buffalo Bills	0 	0.0 	0 	0.0 	2.0 	53 	0.0 	0.0 	0.0 	0.0 	5.3 	WR39		Houston Texans	Cincinnati Bengals	0 	0.0 	13 	0.0 	1.0 	31 	0.0 	0.0 	0.0 	0.0 	4.4 	WR39		Houston Texans	Indianapolis Colts	0 	0.0 	8 	0.0 	2.0 	17 	0.0 	0.0 	0.0 	0.0 	2.5 	WR60		Houston Texans	Dallas Cowboys	0 	0.0 	0 	0.0 	1.8 	26 	0.2 	0.0 	0.0 	0.0 	3.7 	WR71		Houston Texans	Tennessee Titans	0 	0.0 	0 	0.0 	1.8 	25 	0.2 	0.0 	0.0 	0.0 	3.6 	WR69		Houston Texans	Jacksonville Jaguars	0 	0.0 	0 	0.0 	1.7 	24 	0.2 	0.0 	0.0 	0.0 	3.4 	WR63		Houston Texans	New York Giants	0 	0.0 	0 	0.0 	1.7 	25 	0.2 	0.0 	0.0 	0.0 	3.6 	WR62		Houston Texans	BYE	0 	0.0 	0 	0.0 	0.0 	0 	0.0 	0.0 	0.0 	0.0 	0.0 	-		Houston Texans	Los Angeles Chargers	0 	0.0 	0 	0.0 	1.7 	24 	0.2 	0.0 	0.0 	0.0 	3.4 	WR72		Houston Texans	Cleveland Browns	0 	0.0 	0 	0.0 	1.7 	24 	0.2 	0.0 	0.0 	0.0 	3.3 	WR65		Houston Texans	Indianapolis Colts	0 	0.0 	0 	0.0 	1.8 	25 	0.2 	0.0 	0.0 	0.0 	3.7 	WR62		Houston Texans	Baltimore Ravens	0 	0.0 	0 	0.0 	1.8 	25 	0.2 	0.0 	0.0 	0.0 	3.6 	WR74		Houston Texans	Pittsburgh Steelers	0 	0.0 	0 	0.0 	1.7 	24 	0.2 	0.0 	0.0 	0.0 	3.4 	WR68		Houston Texans	Washington Commanders	0 	0.0 	0 	0.0 	1.7 	25 	0.2 	0.0 	0.0 	0.0 	3.6 	WR71		Houston Texans	Jacksonville Jaguars	0 	0.0 	0 	0.0 	1.8 	25 	0.2 	0.0 	0.0 	0.0 	3.6 	WR75		Houston Texans	Philadelphia Eagles	0 	0.0 	0 	0.0 	1.6 	23 	0.1 	0.0 	0.0 	0.0 	3.1 	WR77		Houston Texans	Green Bay Packers	0 	0.0 	0 	0.0 	1.7 	24 	0.2 	0.0 	0.0 	0.0 	3.4 	WR77		Actual	Actual	Actual	Forecast	Forecast	Forecast	Forecast	Forecast	Forecast	Forecast	Forecast	Forecast	Forecast	Forecast	Forecast	Forecast	Forecast		Healthy	Healthy	Healthy	Healthy	Healthy	Healthy	Healthy	Healthy	Healthy	Healthy	Healthy	Healthy	Healthy	Healthy	Healthy	Healthy	Healthy		Week 4 2026	9/29/2026	8:41:33 PM	20		11%	12%	0%	0%	0%	0%		(0.0)
	Terrance Ferguson	Los Angeles Rams	TE	TE31	3.6 	55 	0 	0.0 	0.0 	0.0 	0 	0.0 	0.0 	0.0 	35.4 	2.4 	362 	24.1 	3.1 	0.2 	0.0 	0.1 	0.0 	0.146 	0.560 	0.289 	(0)	0.000 	0.000 	193 	165 	(28)	31 	25 	(6)	0.137 																0.0 	11.4 	0.9 	3.0 	3.4 	3.4 	3.2 	3.3 	3.3 	3.3 	0.0 	3.2 	3.2 	3.3 	3.4 	3.1 	3.2 		-	TE7	TE28	TE33	TE30	TE28	TE29	TE29	TE31	TE28	-	TE33	TE28	TE31	TE32	TE33	TE32		TE33	3.3 	0.0 	0.0 	0.0 	0.0 	2.2 	23.0 	0.2 	33 	0.151 	0.560 	0.269 	(0)	0.000 	0.000 	199 	0.130 		42 														TE24	6.2 	0.0 	0.0 	0.0 	0.0 	14.2 	149.3 	1.0 	24 	0.132 	0.560 	0.357 	(0)	0.000 	0.000 	#N/A	0.163 		12.3 																	Los Angeles Rams	San Francisco 49ers	0 	0.0 	0 	0.0 	0.0 	0 	0.0 	0.0 	0.0 	0.0 	0.0 	-		Los Angeles Rams	New York Giants	0 	0.0 	0 	0.0 	6.0 	54 	1.0 	0.0 	0.0 	0.0 	11.4 	TE7		Los Angeles Rams	Denver Broncos	0 	0.0 	0 	0.0 	1.0 	9 	0.0 	0.0 	0.0 	0.0 	0.9 	TE28		Los Angeles Rams	Philadelphia Eagles	0 	0.0 	0 	0.0 	2.0 	21 	0.1 	0.0 	0.0 	0.0 	3.0 	TE33		Los Angeles Rams	Buffalo Bills	0 	0.0 	0 	0.0 	2.3 	24 	0.2 	0.0 	0.0 	0.0 	3.4 	TE30		Los Angeles Rams	Arizona Cardinals	0 	0.0 	0 	0.0 	2.2 	23 	0.2 	0.0 	0.0 	0.0 	3.4 	TE28		Los Angeles Rams	Las Vegas Raiders	0 	0.0 	0 	0.0 	2.1 	23 	0.2 	0.0 	0.0 	0.0 	3.2 	TE29		Los Angeles Rams	Los Angeles Chargers	0 	0.0 	0 	0.0 	2.2 	23 	0.2 	0.0 	0.0 	0.0 	3.3 	TE29		Los Angeles Rams	Washington Commanders	0 	0.0 	0 	0.0 	2.2 	23 	0.2 	0.0 	0.0 	0.0 	3.3 	TE31		Los Angeles Rams	Arizona Cardinals	0 	0.0 	0 	0.0 	2.2 	23 	0.2 	0.0 	0.0 	0.0 	3.3 	TE28		Los Angeles Rams	BYE	0 	0.0 	0 	0.0 	0.0 	0 	0.0 	0.0 	0.0 	0.0 	0.0 	-		Los Angeles Rams	Green Bay Packers	0 	0.0 	0 	0.0 	2.2 	23 	0.2 	0.0 	0.0 	0.0 	3.2 	TE33		Los Angeles Rams	Kansas City Chiefs	0 	0.0 	0 	0.0 	2.2 	23 	0.2 	0.0 	0.0 	0.0 	3.2 	TE28		Los Angeles Rams	San Francisco 49ers	0 	0.0 	0 	0.0 	2.2 	23 	0.2 	0.0 	0.0 	0.0 	3.3 	TE31		Los Angeles Rams	Dallas Cowboys	0 	0.0 	0 	0.0 	2.2 	23 	0.2 	0.0 	0.0 	0.0 	3.4 	TE32		Los Angeles Rams	Seattle Seahawks	0 	0.0 	0 	0.0 	2.2 	23 	0.1 	0.0 	0.0 	0.0 	3.1 	TE33		Los Angeles Rams	Tampa Bay Buccaneers	0 	0.0 	0 	0.0 	2.2 	23 	0.2 	0.0 	0.0 	0.0 	3.2 	TE32		Actual	Actual	Actual	Forecast	Forecast	Forecast	Forecast	Forecast	Forecast	Forecast	Forecast	Forecast	Forecast	Forecast	Forecast	Forecast	Forecast		Healthy	Healthy	Healthy	Limited / Handicapped	Healthy	Healthy	Healthy	Healthy	Healthy	Healthy	Healthy	Healthy	Healthy	Healthy	Healthy	Healthy	Healthy		Week 4 2026	9/29/2026	8:41:33 PM	20		10%	8%	0%	0%	0%	0%		(0.0)
	Devin Singletary	New York Giants	RB	RB62	3.0 	42 	0 	0.0 	0.0 	0.0 	169 	12.1 	0.9 	0.1 	19.1 	1.4 	120 	8.6 	1.3 	0.1 	0.0 	0.3 	0.0 	0.112 	1.000 	0.238 	(1)	0.000 	0.000 	201 	267 	66 	62 	79 	17 	0.124 				-	-		-	-		-	-		-	-		9.8 	0.9 	0.0 	0.0 	2.7 	2.7 	2.3 	0.0 	2.4 	2.8 	2.6 	2.6 	2.6 	2.3 	2.7 	2.6 	2.6 		RB21	RB61	-	-	RB54	RB51	RB52	-	RB58	RB48	RB45	RB57	RB54	RB59	RB58	RB59	RB59		RB64	2.6 	0.0 	0.0 	12.0 	0.1 	1.3 	8.2 	0.0 	64 	0.111 	1.000 	0.212 	(1)	0.000 	0.000 	206 	0.112 		31 														RB49	5.4 	0.0 	0.0 	72.0 	0.5 	7.6 	49.1 	0.2 	49 	0.115 	1.000 	0.405 	(0)	0.000 	0.000 	#N/A	0.199 		10.7 																	New York Giants	Dallas Cowboys	0 	0.0 	16 	0.0 	4.0 	22 	1.0 	0.0 	0.0 	0.0 	9.8 	RB21		New York Giants	Los Angeles Rams	0 	0.0 	9 	0.0 	0.0 	0 	0.0 	0.0 	0.0 	0.0 	0.9 	RB61		New York Giants	Tennessee Titans	0 	0.0 	0 	0.0 	0.0 	0 	0.0 	0.0 	0.0 	0.0 	0.0 	-		New York Giants	Arizona Cardinals	0 	0.0 	0 	0.0 	0.0 	0 	0.0 	0.0 	0.0 	0.0 	0.0 	-		New York Giants	Washington Commanders	0 	0.0 	12 	0.1 	1.3 	8 	0.0 	0.0 	0.0 	0.0 	2.7 	RB54		New York Giants	New Orleans Saints	0 	0.0 	13 	0.1 	1.2 	8 	0.0 	0.0 	0.0 	0.0 	2.7 	RB51		New York Giants	Houston Texans	0 	0.0 	11 	0.1 	1.2 	8 	0.0 	0.0 	0.0 	0.0 	2.3 	RB52		New York Giants	BYE	0 	0.0 	0 	0.0 	0.0 	0 	0.0 	0.0 	0.0 	0.0 	0.0 	-		New York Giants	Philadelphia Eagles	0 	0.0 	11 	0.1 	1.3 	8 	0.0 	0.0 	0.0 	0.0 	2.4 	RB58		New York Giants	Washington Commanders	0 	0.0 	13 	0.1 	1.3 	8 	0.0 	0.0 	0.0 	0.0 	2.8 	RB48		New York Giants	Jacksonville Jaguars	0 	0.0 	12 	0.1 	1.3 	8 	0.0 	0.0 	0.0 	0.0 	2.6 	RB45		New York Giants	Indianapolis Colts	0 	0.0 	12 	0.1 	1.3 	8 	0.0 	0.0 	0.0 	0.0 	2.6 	RB57		New York Giants	San Francisco 49ers	0 	0.0 	12 	0.1 	1.3 	8 	0.0 	0.0 	0.0 	0.0 	2.6 	RB54		New York Giants	Seattle Seahawks	0 	0.0 	10 	0.1 	1.3 	8 	0.0 	0.0 	0.0 	0.0 	2.3 	RB59		New York Giants	Cleveland Browns	0 	0.0 	13 	0.1 	1.2 	8 	0.0 	0.0 	0.0 	0.0 	2.7 	RB58		New York Giants	Detroit Lions	0 	0.0 	12 	0.1 	1.3 	8 	0.0 	0.0 	0.0 	0.0 	2.6 	RB59		New York Giants	Dallas Cowboys	0 	0.0 	12 	0.1 	1.3 	8 	0.0 	0.0 	0.0 	0.0 	2.6 	RB59		Actual	Actual	Actual	Forecast	Forecast	Forecast	Forecast	Forecast	Forecast	Forecast	Forecast	Forecast	Forecast	Forecast	Forecast	Forecast	Forecast		Healthy	Healthy	Healthy	Injured	Healthy	Healthy	Healthy	Healthy	Healthy	Healthy	Healthy	Healthy	Healthy	Healthy	Healthy	Healthy	Healthy		Week 4 2026	9/29/2026	8:41:33 PM	20		4%	2%	9%	8%	0%	0%		(0.1)
	Keon Coleman	Buffalo Bills	WR	WR78	3.1 	50 	0 	0.0 	0.0 	0.0 	0 	0.0 	0.0 	0.0 	35.3 	2.2 	415 	25.9 	1.4 	0.1 	0.0 	0.1 	0.0 	0.134 	1.000 	0.220 	(1)	0.000 	0.000 	203 	279 	76 	78 	92 	14 	0.119 																0.1 	6.3 	3.7 	3.0 	3.1 	3.0 	0.0 	3.1 	3.1 	3.0 	3.1 	3.1 	3.0 	3.0 	3.2 	3.0 	3.0 		WR90	WR27	WR52	WR75	WR72	WR67	-	WR68	WR75	WR68	WR66	WR80	WR72	WR76	WR79	WR79	WR80		WR79	3.1 	0.0 	0.0 	0.0 	0.0 	2.1 	24.2 	0.1 	79 	0.142 	1.000 	0.210 	(1)	0.000 	0.000 	205 	0.116 		40 														WR73	3.4 	0.0 	0.0 	0.0 	0.0 	9.1 	104.7 	0.5 	73 	0.109 	1.000 	0.270 	(0)	0.000 	0.000 	#N/A	0.138 		10.1 																	Buffalo Bills	Houston Texans	0 	0.0 	0 	0.0 	1.0 	1 	0.0 	0.0 	0.0 	0.0 	0.1 	WR90		Buffalo Bills	Detroit Lions	0 	0.0 	0 	0.0 	6.0 	63 	0.0 	0.0 	0.0 	0.0 	6.3 	WR27		Buffalo Bills	Los Angeles Chargers	0 	0.0 	0 	0.0 	1.0 	37 	0.0 	0.0 	0.0 	0.0 	3.7 	WR52		Buffalo Bills	New England Patriots	0 	0.0 	0 	0.0 	2.1 	24 	0.1 	0.0 	0.0 	0.0 	3.0 	WR75		Buffalo Bills	Los Angeles Rams	0 	0.0 	0 	0.0 	2.2 	25 	0.1 	0.0 	0.0 	0.0 	3.1 	WR72		Buffalo Bills	Las Vegas Raiders	0 	0.0 	0 	0.0 	2.1 	24 	0.1 	0.0 	0.0 	0.0 	3.0 	WR67		Buffalo Bills	BYE	0 	0.0 	0 	0.0 	0.0 	0 	0.0 	0.0 	0.0 	0.0 	0.0 	-		Buffalo Bills	Baltimore Ravens	0 	0.0 	0 	0.0 	2.2 	25 	0.1 	0.0 	0.0 	0.0 	3.1 	WR68		Buffalo Bills	Minnesota Vikings	0 	0.0 	0 	0.0 	2.1 	24 	0.1 	0.0 	0.0 	0.0 	3.1 	WR75		Buffalo Bills	New York Jets	0 	0.0 	0 	0.0 	2.0 	24 	0.1 	0.0 	0.0 	0.0 	3.0 	WR68		Buffalo Bills	Miami Dolphins	0 	0.0 	0 	0.0 	2.1 	24 	0.1 	0.0 	0.0 	0.0 	3.1 	WR66		Buffalo Bills	Kansas City Chiefs	0 	0.0 	0 	0.0 	2.1 	25 	0.1 	0.0 	0.0 	0.0 	3.1 	WR80		Buffalo Bills	New England Patriots	0 	0.0 	0 	0.0 	2.1 	24 	0.1 	0.0 	0.0 	0.0 	3.0 	WR72		Buffalo Bills	Green Bay Packers	0 	0.0 	0 	0.0 	2.1 	24 	0.1 	0.0 	0.0 	0.0 	3.0 	WR76		Buffalo Bills	Chicago Bears	0 	0.0 	0 	0.0 	2.2 	25 	0.1 	0.0 	0.0 	0.0 	3.2 	WR79		Buffalo Bills	Denver Broncos	0 	0.0 	0 	0.0 	2.1 	24 	0.1 	0.0 	0.0 	0.0 	3.0 	WR79		Buffalo Bills	Miami Dolphins	0 	0.0 	0 	0.0 	2.1 	24 	0.1 	0.0 	0.0 	0.0 	3.0 	WR80		Actual	Actual	Actual	Forecast	Forecast	Forecast	Forecast	Forecast	Forecast	Forecast	Forecast	Forecast	Forecast	Forecast	Forecast	Forecast	Forecast		Healthy	Healthy	Healthy	Healthy	Healthy	Healthy	Healthy	Healthy	Healthy	Healthy	Healthy	Healthy	Healthy	Healthy	Healthy	Healthy	Healthy		Week 4 2026	9/29/2026	8:41:33 PM	20		11%	8%	0%	0%	0%	0%		(0.0)
	Darnell Mooney	New York Giants	WR	WR75	3.2 	52 	0 	0.0 	0.0 	0.0 	9 	0.6 	0.0 	0.0 	29.1 	1.8 	414 	25.9 	1.6 	0.1 	0.0 	0.1 	0.0 	0.139 	1.000 	0.250 	(1)	0.000 	0.000 	196 	281 	85 	75 	93 	18 	0.133 																2.7 	4.8 	2.9 	3.1 	3.2 	3.2 	3.1 	0.0 	3.1 	3.3 	3.2 	3.2 	3.2 	3.2 	3.0 	3.3 	3.3 		WR63	WR36	WR58	WR74	WR71	WR65	WR65	-	WR73	WR66	WR65	WR79	WR70	WR75	WR80	WR76	WR78		WR78	3.2 	0.0 	0.0 	0.0 	0.0 	1.8 	24.5 	0.1 	78 	0.147 	1.000 	0.220 	(1)	0.000 	0.000 	202 	0.121 		41 														WR72	3.5 	0.0 	0.0 	0.0 	0.0 	7.7 	106.3 	0.5 	72 	0.112 	1.000 	0.280 	(0)	0.000 	0.000 	#N/A	0.143 		10.4 																	New York Giants	Dallas Cowboys	0 	0.0 	0 	0.0 	2.0 	27 	0.0 	0.0 	0.0 	0.0 	2.7 	WR63		New York Giants	Los Angeles Rams	0 	0.0 	0 	0.0 	2.0 	48 	0.0 	0.0 	0.0 	0.0 	4.8 	WR36		New York Giants	Tennessee Titans	0 	0.0 	9 	0.0 	2.0 	20 	0.0 	0.0 	0.0 	0.0 	2.9 	WR58		New York Giants	Arizona Cardinals	0 	0.0 	0 	0.0 	1.8 	24 	0.1 	0.0 	0.0 	0.0 	3.1 	WR74		New York Giants	Washington Commanders	0 	0.0 	0 	0.0 	1.8 	25 	0.1 	0.0 	0.0 	0.0 	3.2 	WR71		New York Giants	New Orleans Saints	0 	0.0 	0 	0.0 	1.8 	24 	0.1 	0.0 	0.0 	0.0 	3.2 	WR65		New York Giants	Houston Texans	0 	0.0 	0 	0.0 	1.8 	24 	0.1 	0.0 	0.0 	0.0 	3.1 	WR65		New York Giants	BYE	0 	0.0 	0 	0.0 	0.0 	0 	0.0 	0.0 	0.0 	0.0 	0.0 	-		New York Giants	Philadelphia Eagles	0 	0.0 	0 	0.0 	1.8 	25 	0.1 	0.0 	0.0 	0.0 	3.1 	WR73		New York Giants	Washington Commanders	0 	0.0 	0 	0.0 	1.8 	25 	0.1 	0.0 	0.0 	0.0 	3.3 	WR66		New York Giants	Jacksonville Jaguars	0 	0.0 	0 	0.0 	1.8 	25 	0.1 	0.0 	0.0 	0.0 	3.2 	WR65		New York Giants	Indianapolis Colts	0 	0.0 	0 	0.0 	1.8 	25 	0.1 	0.0 	0.0 	0.0 	3.2 	WR79		New York Giants	San Francisco 49ers	0 	0.0 	0 	0.0 	1.8 	24 	0.1 	0.0 	0.0 	0.0 	3.2 	WR70		New York Giants	Seattle Seahawks	0 	0.0 	0 	0.0 	1.8 	25 	0.1 	0.0 	0.0 	0.0 	3.2 	WR75		New York Giants	Cleveland Browns	0 	0.0 	0 	0.0 	1.7 	23 	0.1 	0.0 	0.0 	0.0 	3.0 	WR80		New York Giants	Detroit Lions	0 	0.0 	0 	0.0 	1.8 	25 	0.1 	0.0 	0.0 	0.0 	3.3 	WR76		New York Giants	Dallas Cowboys	0 	0.0 	0 	0.0 	1.8 	25 	0.1 	0.0 	0.0 	0.0 	3.3 	WR78		Actual	Actual	Actual	Forecast	Forecast	Forecast	Forecast	Forecast	Forecast	Forecast	Forecast	Forecast	Forecast	Forecast	Forecast	Forecast	Forecast		Healthy	Healthy	Healthy	Healthy	Healthy	Healthy	Healthy	Healthy	Healthy	Healthy	Healthy	Healthy	Healthy	Healthy	Healthy	Healthy	Healthy		Week 4 2026	9/29/2026	8:41:33 PM	20		12%	9%	0%	0%	0%	0%		(0.0)
	Kendre Miller	New Orleans Saints	RB	RB59	3.0 	45 	0 	0.0 	0.0 	0.0 	274 	18.2 	2.6 	0.2 	7.7 	0.5 	37 	2.5 	0.0 	0.0 	0.0 	0.8 	0.0 	0.121 	1.000 	0.277 	(1)	0.000 	0.000 	191 	272 	81 	59 	80 	21 	0.143 																9.0 	0.0 	1.9 	6.0 	5.1 	5.0 	1.8 	0.0 	2.0 	2.0 	1.6 	1.6 	1.7 	1.8 	1.7 	2.2 	1.8 		RB23	-	RB45	RB37	RB40	RB38	RB58	-	RB61	RB56	RB52	RB67	RB60	RB63	RB68	RB65	RB67		RB59	2.6 	0.0 	0.0 	17.7 	0.1 	0.4 	2.5 	0.0 	59 	0.123 	1.000 	0.277 	(1)	0.000 	0.000 	191 	0.143 		34 														RB48	5.5 	0.0 	0.0 	114.8 	0.8 	2.9 	16.0 	0.0 	48 	0.117 	1.000 	0.417 	(0)	0.000 	0.000 	#N/A	0.205 		10.9 																	New Orleans Saints	Detroit Lions	0 	0.0 	30 	1.0 	0.0 	0 	0.0 	0.0 	0.0 	0.0 	9.0 	RB23		New Orleans Saints	Baltimore Ravens	0 	0.0 	0 	0.0 	0.0 	0 	0.0 	0.0 	0.0 	0.0 	0.0 	-		New Orleans Saints	Las Vegas Raiders	0 	0.0 	14 	0.0 	2.0 	5 	0.0 	0.0 	0.0 	0.0 	1.9 	RB45		New Orleans Saints	Atlanta Falcons	0 	0.0 	41 	0.3 	0.5 	3 	0.0 	0.0 	0.1 	0.0 	6.0 	RB37		New Orleans Saints	Minnesota Vikings	0 	0.0 	36 	0.2 	0.4 	2 	0.0 	0.0 	0.1 	0.0 	5.1 	RB40		New Orleans Saints	New York Giants	0 	0.0 	36 	0.2 	0.4 	2 	0.0 	0.0 	0.1 	0.0 	5.0 	RB38		New Orleans Saints	Pittsburgh Steelers	0 	0.0 	11 	0.1 	0.4 	2 	0.0 	0.0 	0.0 	0.0 	1.8 	RB58		New Orleans Saints	BYE	0 	0.0 	0 	0.0 	0.0 	0 	0.0 	0.0 	0.0 	0.0 	0.0 	-		New Orleans Saints	Cleveland Browns	0 	0.0 	13 	0.1 	0.4 	2 	0.0 	0.0 	0.0 	0.0 	2.0 	RB61		New Orleans Saints	Carolina Panthers	0 	0.0 	13 	0.1 	0.4 	2 	0.0 	0.0 	0.0 	0.0 	2.0 	RB56		New Orleans Saints	Chicago Bears	0 	0.0 	10 	0.1 	0.4 	2 	0.0 	0.0 	0.0 	0.0 	1.6 	RB52		New Orleans Saints	Cincinnati Bengals	0 	0.0 	10 	0.1 	0.5 	3 	0.0 	0.0 	0.0 	0.0 	1.6 	RB67		New Orleans Saints	Green Bay Packers	0 	0.0 	11 	0.1 	0.4 	2 	0.0 	0.0 	0.0 	0.0 	1.7 	RB60		New Orleans Saints	Carolina Panthers	0 	0.0 	12 	0.1 	0.4 	2 	0.0 	0.0 	0.0 	0.0 	1.8 	RB63		New Orleans Saints	Tampa Bay Buccaneers	0 	0.0 	11 	0.1 	0.4 	2 	0.0 	0.0 	0.0 	0.0 	1.7 	RB68		New Orleans Saints	Arizona Cardinals	0 	0.0 	14 	0.1 	0.4 	2 	0.0 	0.0 	0.0 	0.0 	2.2 	RB65		New Orleans Saints	Atlanta Falcons	0 	0.0 	12 	0.1 	0.4 	2 	0.0 	0.0 	0.0 	0.0 	1.8 	RB67		Actual	Actual	Actual	Forecast	Forecast	Forecast	Forecast	Forecast	Forecast	Forecast	Forecast	Forecast	Forecast	Forecast	Forecast	Forecast	Forecast		Healthy	Healthy	Healthy	Healthy	Healthy	Healthy	Healthy	Healthy	Healthy	Healthy	Healthy	Healthy	Healthy	Healthy	Healthy	Healthy	Healthy		Week 4 2026	9/29/2026	8:41:33 PM	20		1%	0%	13%	14%	0%	0%		(0.1)
	Kendrick Bourne	Arizona Cardinals	WR	WR80	3.0 	47 	0 	0.0 	0.0 	0.0 	0 	0.0 	0.0 	0.0 	41.0 	2.6 	375 	23.4 	1.7 	0.1 	0.0 	0.1 	0.0 	0.127 	1.000 	0.200 	(1)	0.000 	0.000 	210 	0 	(210)	80 	0 	(80)	0.109 																7.5 	1.1 	2.2 	2.9 	3.0 	2.7 	2.8 	2.8 	2.6 	2.8 	2.7 	2.9 	2.8 	0.0 	2.8 	2.9 	2.8 		WR28	WR75	WR63	WR76	WR74	WR70	WR67	WR69	WR78	WR70	WR68	WR81	WR73	-	WR82	WR82	WR82		WR81	2.8 	0.0 	0.0 	0.0 	0.0 	2.2 	20.5 	0.1 	81 	0.131 	1.000 	0.190 	(1)	0.000 	0.000 	210 	0.105 		37 														WR69	3.6 	0.0 	0.0 	0.0 	0.0 	9.7 	88.9 	0.6 	69 	0.116 	1.000 	0.310 	(0)	0.000 	0.000 	#N/A	0.157 		10.8 																	Arizona Cardinals	Los Angeles Chargers	0 	0.0 	0 	0.0 	8.0 	75 	0.0 	0.0 	0.0 	0.0 	7.5 	WR28		Arizona Cardinals	Seattle Seahawks	0 	0.0 	0 	0.0 	2.0 	11 	0.0 	0.0 	0.0 	0.0 	1.1 	WR75		Arizona Cardinals	San Francisco 49ers	0 	0.0 	0 	0.0 	2.0 	22 	0.0 	0.0 	0.0 	0.0 	2.2 	WR63		Arizona Cardinals	New York Giants	0 	0.0 	0 	0.0 	2.2 	21 	0.1 	0.0 	0.0 	0.0 	2.9 	WR76		Arizona Cardinals	Detroit Lions	0 	0.0 	0 	0.0 	2.3 	21 	0.1 	0.0 	0.0 	0.0 	3.0 	WR74		Arizona Cardinals	Los Angeles Rams	0 	0.0 	0 	0.0 	2.2 	20 	0.1 	0.0 	0.0 	0.0 	2.7 	WR70		Arizona Cardinals	Denver Broncos	0 	0.0 	0 	0.0 	2.2 	21 	0.1 	0.0 	0.0 	0.0 	2.8 	WR67		Arizona Cardinals	Dallas Cowboys	0 	0.0 	0 	0.0 	2.3 	21 	0.1 	0.0 	0.0 	0.0 	2.8 	WR69		Arizona Cardinals	Seattle Seahawks	0 	0.0 	0 	0.0 	2.2 	20 	0.1 	0.0 	0.0 	0.0 	2.6 	WR78		Arizona Cardinals	Los Angeles Rams	0 	0.0 	0 	0.0 	2.3 	21 	0.1 	0.0 	0.0 	0.0 	2.8 	WR70		Arizona Cardinals	Kansas City Chiefs	0 	0.0 	0 	0.0 	2.2 	20 	0.1 	0.0 	0.0 	0.0 	2.7 	WR68		Arizona Cardinals	Washington Commanders	0 	0.0 	0 	0.0 	2.3 	21 	0.1 	0.0 	0.0 	0.0 	2.9 	WR81		Arizona Cardinals	Philadelphia Eagles	0 	0.0 	0 	0.0 	2.2 	20 	0.1 	0.0 	0.0 	0.0 	2.8 	WR73		Arizona Cardinals	BYE	0 	0.0 	0 	0.0 	0.0 	0 	0.0 	0.0 	0.0 	0.0 	0.0 	-		Arizona Cardinals	New York Jets	0 	0.0 	0 	0.0 	2.2 	20 	0.1 	0.0 	0.0 	0.0 	2.8 	WR82		Arizona Cardinals	New Orleans Saints	0 	0.0 	0 	0.0 	2.3 	21 	0.1 	0.0 	0.0 	0.0 	2.9 	WR82		Arizona Cardinals	Las Vegas Raiders	0 	0.0 	0 	0.0 	2.2 	20 	0.1 	0.0 	0.0 	0.0 	2.8 	WR82		Actual	Actual	Actual	Forecast	Forecast	Forecast	Forecast	Forecast	Forecast	Forecast	Forecast	Forecast	Forecast	Forecast	Forecast	Forecast	Forecast		Healthy	Healthy	Healthy	Healthy	Healthy	Healthy	Healthy	Healthy	Healthy	Healthy	Healthy	Healthy	Healthy	Healthy	Healthy	Healthy	Healthy		Week 4 2026	9/29/2026	8:41:33 PM	20		9%	9%	0%	0%	0%	0%		(0.0)
	Tommy Tremble	Carolina Panthers	TE	TE34	1.9 	30 	0 	0.0 	0.0 	0.0 	0 	0.0 	0.0 	0.0 	25.8 	1.6 	243 	15.2 	1.0 	0.1 	0.0 	0.0 	0.0 	0.081 	0.560 	0.259 	(1)	0.000 	0.000 	206 	0 	(206)	34 	0 	(34)	0.116 																2.5 	0.4 	4.1 	1.9 	0.0 	1.7 	1.8 	1.8 	1.7 	1.8 	1.8 	1.8 	1.7 	1.8 	1.8 	1.7 	1.7 		TE26	TE33	TE17	TE34	-	TE30	TE30	TE30	TE32	TE30	TE28	TE34	TE29	TE32	TE34	TE34	TE34		TE34	1.8 	0.0 	0.0 	0.0 	0.0 	1.4 	13.3 	0.1 	34 	0.083 	0.560 	0.259 	(1)	0.000 	0.000 	204 	0.116 		23 														TE42	2.3 	0.0 	0.0 	0.0 	0.0 	6.3 	57.7 	0.3 	42 	0.075 	0.560 	0.178 	(1)	0.000 	0.000 	#N/A	0.082 		7.0 																	Carolina Panthers	Chicago Bears	0 	0.0 	0 	0.0 	3.0 	25 	0.0 	0.0 	0.0 	0.0 	2.5 	TE26		Carolina Panthers	Atlanta Falcons	0 	0.0 	0 	0.0 	1.0 	4 	0.0 	0.0 	0.0 	0.0 	0.4 	TE33		Carolina Panthers	Cleveland Browns	0 	0.0 	0 	0.0 	3.0 	41 	0.0 	0.0 	0.0 	0.0 	4.1 	TE17		Carolina Panthers	Detroit Lions	0 	0.0 	0 	0.0 	1.5 	14 	0.1 	0.0 	0.0 	0.0 	1.9 	TE34		Carolina Panthers	BYE	0 	0.0 	0 	0.0 	0.0 	0 	0.0 	0.0 	0.0 	0.0 	0.0 	-		Carolina Panthers	Philadelphia Eagles	0 	0.0 	0 	0.0 	1.4 	13 	0.1 	0.0 	0.0 	0.0 	1.7 	TE30		Carolina Panthers	Tampa Bay Buccaneers	0 	0.0 	0 	0.0 	1.5 	13 	0.1 	0.0 	0.0 	0.0 	1.8 	TE30		Carolina Panthers	Green Bay Packers	0 	0.0 	0 	0.0 	1.5 	13 	0.1 	0.0 	0.0 	0.0 	1.8 	TE30		Carolina Panthers	Denver Broncos	0 	0.0 	0 	0.0 	1.4 	13 	0.1 	0.0 	0.0 	0.0 	1.7 	TE32		Carolina Panthers	New Orleans Saints	0 	0.0 	0 	0.0 	1.4 	13 	0.1 	0.0 	0.0 	0.0 	1.8 	TE30		Carolina Panthers	Baltimore Ravens	0 	0.0 	0 	0.0 	1.5 	13 	0.1 	0.0 	0.0 	0.0 	1.8 	TE28		Carolina Panthers	Tampa Bay Buccaneers	0 	0.0 	0 	0.0 	1.5 	13 	0.1 	0.0 	0.0 	0.0 	1.8 	TE34		Carolina Panthers	Minnesota Vikings	0 	0.0 	0 	0.0 	1.4 	13 	0.1 	0.0 	0.0 	0.0 	1.7 	TE29		Carolina Panthers	New Orleans Saints	0 	0.0 	0 	0.0 	1.4 	13 	0.1 	0.0 	0.0 	0.0 	1.8 	TE32		Carolina Panthers	Cincinnati Bengals	0 	0.0 	0 	0.0 	1.5 	14 	0.1 	0.0 	0.0 	0.0 	1.8 	TE34		Carolina Panthers	Pittsburgh Steelers	0 	0.0 	0 	0.0 	1.4 	13 	0.1 	0.0 	0.0 	0.0 	1.7 	TE34		Carolina Panthers	Seattle Seahawks	0 	0.0 	0 	0.0 	1.4 	13 	0.1 	0.0 	0.0 	0.0 	1.7 	TE34		Actual	Actual	Actual	Forecast	Forecast	Forecast	Forecast	Forecast	Forecast	Forecast	Forecast	Forecast	Forecast	Forecast	Forecast	Forecast	Forecast		Healthy	Healthy	Healthy	Healthy	Healthy	Healthy	Healthy	Healthy	Healthy	Healthy	Healthy	Healthy	Healthy	Healthy	Healthy	Healthy	Healthy		Week 4 2026	9/29/2026	8:41:33 PM	20		6%	5%	0%	0%	0%	0%		0.0 
	Mike Washington Jr.	Las Vegas Raiders	RB	RB56	3.1 	50 	0 	0.0 	0.0 	0.0 	345 	21.5 	2.2 	0.1 	4.1 	0.3 	29 	1.8 	0.2 	0.0 	0.0 	0.7 	0.0 	0.135 	1.000 	0.315 	(1)	0.000 	0.000 	177 	134 	(43)	56 	49 	(7)	0.162 				-	-		-	-		-	-		-	-		4.1 	0.7 	11.4 	2.8 	2.3 	2.6 	2.4 	2.8 	2.4 	2.5 	2.3 	2.7 	0.0 	2.5 	2.6 	3.1 	3.1 		RB40	RB62	RB13	RB56	RB58	RB54	RB51	RB49	RB57	RB53	RB50	RB56	-	RB58	RB60	RB56	RB54		RB60	2.6 	0.0 	0.0 	18.7 	0.1 	0.3 	2.2 	0.0 	60 	0.122 	1.000 	0.264 	(1)	0.000 	0.000 	195 	0.137 		34 														RB33	5.4 	0.0 	0.0 	80.8 	0.4 	1.4 	9.6 	0.1 	33 	0.174 	1.000 	0.607 	(0)	0.000 	0.000 	#N/A	0.299 		16.2 																	Las Vegas Raiders	Miami Dolphins	0 	0.0 	41 	0.0 	0.0 	0 	0.0 	0.0 	0.0 	0.0 	4.1 	RB40		Las Vegas Raiders	Los Angeles Chargers	0 	0.0 	7 	0.0 	0.0 	0 	0.0 	0.0 	0.0 	0.0 	0.7 	RB62		Las Vegas Raiders	New Orleans Saints	0 	0.0 	54 	1.0 	0.0 	0 	0.0 	0.0 	0.0 	0.0 	11.4 	RB13		Las Vegas Raiders	Kansas City Chiefs	0 	0.0 	20 	0.1 	0.3 	2 	0.0 	0.0 	0.1 	0.0 	2.8 	RB56		Las Vegas Raiders	New England Patriots	0 	0.0 	17 	0.1 	0.3 	2 	0.0 	0.0 	0.1 	0.0 	2.3 	RB58		Las Vegas Raiders	Buffalo Bills	0 	0.0 	18 	0.1 	0.3 	2 	0.0 	0.0 	0.1 	0.0 	2.6 	RB54		Las Vegas Raiders	Los Angeles Rams	0 	0.0 	17 	0.1 	0.3 	2 	0.0 	0.0 	0.1 	0.0 	2.4 	RB51		Las Vegas Raiders	New York Jets	0 	0.0 	20 	0.1 	0.3 	2 	0.0 	0.0 	0.1 	0.0 	2.8 	RB49		Las Vegas Raiders	San Francisco 49ers	0 	0.0 	17 	0.1 	0.3 	2 	0.0 	0.0 	0.1 	0.0 	2.4 	RB57		Las Vegas Raiders	Seattle Seahawks	0 	0.0 	18 	0.1 	0.3 	2 	0.0 	0.0 	0.1 	0.0 	2.5 	RB53		Las Vegas Raiders	Denver Broncos	0 	0.0 	16 	0.1 	0.3 	2 	0.0 	0.0 	0.1 	0.0 	2.3 	RB50		Las Vegas Raiders	Cleveland Browns	0 	0.0 	20 	0.1 	0.3 	2 	0.0 	0.0 	0.1 	0.0 	2.7 	RB56		Las Vegas Raiders	BYE	0 	0.0 	0 	0.0 	0.0 	0 	0.0 	0.0 	0.0 	0.0 	0.0 	-		Las Vegas Raiders	Los Angeles Chargers	0 	0.0 	18 	0.1 	0.3 	2 	0.0 	0.0 	0.1 	0.0 	2.5 	RB58		Las Vegas Raiders	Denver Broncos	0 	0.0 	19 	0.1 	0.3 	2 	0.0 	0.0 	0.1 	0.0 	2.6 	RB60		Las Vegas Raiders	Tennessee Titans	0 	0.0 	22 	0.1 	0.3 	2 	0.0 	0.0 	0.1 	0.0 	3.1 	RB56		Las Vegas Raiders	Arizona Cardinals	0 	0.0 	22 	0.1 	0.3 	2 	0.0 	0.0 	0.1 	0.0 	3.1 	RB54		Actual	Actual	Actual	Forecast	Forecast	Forecast	Forecast	Forecast	Forecast	Forecast	Forecast	Forecast	Forecast	Forecast	Forecast	Forecast	Forecast		Healthy	Healthy	Healthy	Healthy	Healthy	Healthy	Healthy	Healthy	Healthy	Healthy	Healthy	Healthy	Healthy	Healthy	Healthy	Healthy	Healthy		Week 4 2026	9/29/2026	8:41:33 PM	20		1%	1%	18%	15%	0%	0%		(0.1)
	Kayshon Boutte	Houston Texans	WR	WR79	3.1 	49 	0 	0.0 	0.0 	0.0 	0 	0.0 	0.0 	0.0 	24.7 	1.5 	369 	23.1 	2.1 	0.1 	0.0 	0.1 	0.0 	0.133 	1.000 	0.210 	(1)	0.000 	0.000 	207 	167 	(40)	79 	57 	(22)	0.114 				-	-		-	-		-	-		-	-		2.1 	3.7 	2.1 	3.4 	3.3 	3.1 	3.3 	0.0 	3.1 	3.1 	3.4 	3.3 	3.1 	3.2 	3.3 	2.9 	3.1 		WR72	WR46	WR65	WR72	WR70	WR66	WR64	-	WR74	WR67	WR64	WR78	WR71	WR74	WR78	WR81	WR79		WR77	3.2 	0.0 	0.0 	0.0 	0.0 	1.4 	22.3 	0.2 	77 	0.148 	1.000 	0.230 	(1)	0.000 	0.000 	200 	0.126 		41 														WR85	2.6 	0.0 	0.0 	0.0 	0.0 	6.2 	96.6 	0.7 	85 	0.085 	1.000 	0.150 	(1)	0.000 	0.000 	#N/A	0.080 		7.9 																	Houston Texans	Buffalo Bills	0 	0.0 	0 	0.0 	1.0 	21 	0.0 	0.0 	0.0 	0.0 	2.1 	WR72		Houston Texans	Cincinnati Bengals	0 	0.0 	0 	0.0 	3.0 	37 	0.0 	0.0 	0.0 	0.0 	3.7 	WR46		Houston Texans	Indianapolis Colts	0 	0.0 	0 	0.0 	2.0 	21 	0.0 	0.0 	0.0 	0.0 	2.1 	WR65		Houston Texans	Dallas Cowboys	0 	0.0 	0 	0.0 	1.5 	23 	0.2 	0.0 	0.0 	0.0 	3.4 	WR72		Houston Texans	Tennessee Titans	0 	0.0 	0 	0.0 	1.5 	23 	0.2 	0.0 	0.0 	0.0 	3.3 	WR70		Houston Texans	Jacksonville Jaguars	0 	0.0 	0 	0.0 	1.4 	22 	0.2 	0.0 	0.0 	0.0 	3.1 	WR66		Houston Texans	New York Giants	0 	0.0 	0 	0.0 	1.5 	23 	0.2 	0.0 	0.0 	0.0 	3.3 	WR64		Houston Texans	BYE	0 	0.0 	0 	0.0 	0.0 	0 	0.0 	0.0 	0.0 	0.0 	0.0 	-		Houston Texans	Los Angeles Chargers	0 	0.0 	0 	0.0 	1.4 	22 	0.2 	0.0 	0.0 	0.0 	3.1 	WR74		Houston Texans	Cleveland Browns	0 	0.0 	0 	0.0 	1.4 	21 	0.2 	0.0 	0.0 	0.0 	3.1 	WR67		Houston Texans	Indianapolis Colts	0 	0.0 	0 	0.0 	1.5 	23 	0.2 	0.0 	0.0 	0.0 	3.4 	WR64		Houston Texans	Baltimore Ravens	0 	0.0 	0 	0.0 	1.5 	23 	0.2 	0.0 	0.0 	0.0 	3.3 	WR78		Houston Texans	Pittsburgh Steelers	0 	0.0 	0 	0.0 	1.4 	22 	0.2 	0.0 	0.0 	0.0 	3.1 	WR71		Houston Texans	Washington Commanders	0 	0.0 	0 	0.0 	1.5 	23 	0.2 	0.0 	0.0 	0.0 	3.2 	WR74		Houston Texans	Jacksonville Jaguars	0 	0.0 	0 	0.0 	1.5 	23 	0.2 	0.0 	0.0 	0.0 	3.3 	WR78		Houston Texans	Philadelphia Eagles	0 	0.0 	0 	0.0 	1.4 	21 	0.1 	0.0 	0.0 	0.0 	2.9 	WR81		Houston Texans	Green Bay Packers	0 	0.0 	0 	0.0 	1.4 	22 	0.1 	0.0 	0.0 	0.0 	3.1 	WR79		Actual	Actual	Actual	Forecast	Forecast	Forecast	Forecast	Forecast	Forecast	Forecast	Forecast	Forecast	Forecast	Forecast	Forecast	Forecast	Forecast		Healthy	Healthy	Healthy	Healthy	Healthy	Healthy	Healthy	Healthy	Healthy	Healthy	Healthy	Healthy	Healthy	Healthy	Healthy	Healthy	Healthy		Week 4 2026	9/29/2026	8:41:33 PM	20		10%	11%	0%	0%	0%	0%		0.0 
	Colby Parkinson	Los Angeles Rams	TE	TE37	1.5 	23 	0 	0.0 	0.0 	0.0 	0 	0.0 	0.0 	0.0 	18.7 	1.2 	170 	11.4 	1.0 	0.1 	0.0 	0.0 	0.0 	0.062 	0.560 	0.229 	(1)	0.000 	0.000 	214 	177 	(37)	37 	26 	(11)	0.101 																0.6 	1.5 	0.0 	1.5 	1.7 	1.7 	1.6 	1.6 	1.7 	1.6 	0.0 	1.6 	1.6 	1.6 	1.7 	1.6 	1.6 		TE34	TE28	-	TE35	TE32	TE31	TE31	TE32	TE33	TE32	-	TE36	TE31	TE33	TE36	TE36	TE36		TE35	1.6 	0.0 	0.0 	0.0 	0.0 	1.2 	11.5 	0.1 	35 	0.076 	0.560 	0.249 	(1)	0.000 	0.000 	207 	0.111 		21 														TE57	1.1 	0.0 	0.0 	0.0 	0.0 	7.9 	74.7 	0.5 	57 	0.023 	0.560 	0.020 	(1)	0.000 	0.000 	#N/A	0.011 		2.1 																	Los Angeles Rams	San Francisco 49ers	0 	0.0 	0 	0.0 	1.0 	6 	0.0 	0.0 	0.0 	0.0 	0.6 	TE34		Los Angeles Rams	New York Giants	0 	0.0 	0 	0.0 	2.0 	15 	0.0 	0.0 	0.0 	0.0 	1.5 	TE28		Los Angeles Rams	Denver Broncos	0 	0.0 	0 	0.0 	0.0 	0 	0.0 	0.0 	0.0 	0.0 	0.0 	-		Los Angeles Rams	Philadelphia Eagles	0 	0.0 	0 	0.0 	1.1 	11 	0.1 	0.0 	0.0 	0.0 	1.5 	TE35		Los Angeles Rams	Buffalo Bills	0 	0.0 	0 	0.0 	1.3 	12 	0.1 	0.0 	0.0 	0.0 	1.7 	TE32		Los Angeles Rams	Arizona Cardinals	0 	0.0 	0 	0.0 	1.2 	12 	0.1 	0.0 	0.0 	0.0 	1.7 	TE31		Los Angeles Rams	Las Vegas Raiders	0 	0.0 	0 	0.0 	1.2 	11 	0.1 	0.0 	0.0 	0.0 	1.6 	TE31		Los Angeles Rams	Los Angeles Chargers	0 	0.0 	0 	0.0 	1.2 	12 	0.1 	0.0 	0.0 	0.0 	1.6 	TE32		Los Angeles Rams	Washington Commanders	0 	0.0 	0 	0.0 	1.2 	12 	0.1 	0.0 	0.0 	0.0 	1.7 	TE33		Los Angeles Rams	Arizona Cardinals	0 	0.0 	0 	0.0 	1.2 	11 	0.1 	0.0 	0.0 	0.0 	1.6 	TE32		Los Angeles Rams	BYE	0 	0.0 	0 	0.0 	0.0 	0 	0.0 	0.0 	0.0 	0.0 	0.0 	-		Los Angeles Rams	Green Bay Packers	0 	0.0 	0 	0.0 	1.2 	11 	0.1 	0.0 	0.0 	0.0 	1.6 	TE36		Los Angeles Rams	Kansas City Chiefs	0 	0.0 	0 	0.0 	1.2 	11 	0.1 	0.0 	0.0 	0.0 	1.6 	TE31		Los Angeles Rams	San Francisco 49ers	0 	0.0 	0 	0.0 	1.2 	12 	0.1 	0.0 	0.0 	0.0 	1.6 	TE33		Los Angeles Rams	Dallas Cowboys	0 	0.0 	0 	0.0 	1.2 	12 	0.1 	0.0 	0.0 	0.0 	1.7 	TE36		Los Angeles Rams	Seattle Seahawks	0 	0.0 	0 	0.0 	1.2 	11 	0.1 	0.0 	0.0 	0.0 	1.6 	TE36		Los Angeles Rams	Tampa Bay Buccaneers	0 	0.0 	0 	0.0 	1.2 	11 	0.1 	0.0 	0.0 	0.0 	1.6 	TE36		Actual	Actual	Actual	Forecast	Forecast	Forecast	Forecast	Forecast	Forecast	Forecast	Forecast	Forecast	Forecast	Forecast	Forecast	Forecast	Forecast		Healthy	Healthy	Healthy	Limited / Handicapped	Healthy	Healthy	Healthy	Healthy	Healthy	Healthy	Healthy	Healthy	Healthy	Healthy	Healthy	Healthy	Healthy		Week 4 2026	9/29/2026	8:41:33 PM	20		5%	4%	0%	0%	0%	0%		0.1 
	Chris Brooks	Green Bay Packers	RB	RB65	2.5 	39 	0 	0.0 	0.0 	0.0 	240 	15.0 	1.7 	0.1 	5.7 	0.4 	51 	3.2 	0.2 	0.0 	0.0 	0.6 	0.0 	0.106 	1.000 	0.199 	(1)	0.000 	0.000 	211 	265 	54 	65 	78 	13 	0.105 				-	-		-	-		-	-		-	-		2.9 	2.6 	0.4 	4.5 	5.0 	5.2 	4.5 	1.8 	1.4 	1.6 	0.0 	1.4 	1.6 	1.6 	1.9 	1.5 	1.5 		RB48	RB44	RB57	RB46	RB42	RB37	RB40	RB56	RB64	RB58	-	RB70	RB61	RB66	RB67	RB68	RB69		RB62	2.6 	0.0 	0.0 	15.4 	0.1 	0.3 	2.5 	0.0 	62 	0.120 	1.000 	0.238 	(1)	0.000 	0.000 	201 	0.125 		33 														RB63	2.0 	0.0 	0.0 	66.6 	0.6 	1.2 	10.7 	0.1 	63 	0.063 	1.000 	0.225 	(1)	0.000 	0.000 	#N/A	0.111 		5.9 																	Green Bay Packers	Minnesota Vikings	0 	0.0 	29 	0.0 	0.0 	0 	0.0 	0.0 	0.0 	0.0 	2.9 	RB48		Green Bay Packers	New York Jets	0 	0.0 	11 	0.0 	1.0 	15 	0.0 	0.0 	0.0 	0.0 	2.6 	RB44		Green Bay Packers	Atlanta Falcons	0 	0.0 	0 	0.0 	1.0 	4 	0.0 	0.0 	0.0 	0.0 	0.4 	RB57		Green Bay Packers	Tampa Bay Buccaneers	0 	0.0 	30 	0.2 	0.3 	2 	0.0 	0.0 	0.1 	0.0 	4.5 	RB46		Green Bay Packers	Chicago Bears	0 	0.0 	32 	0.3 	0.3 	3 	0.0 	0.0 	0.1 	0.0 	5.0 	RB42		Green Bay Packers	Dallas Cowboys	0 	0.0 	33 	0.3 	0.3 	3 	0.0 	0.0 	0.1 	0.0 	5.2 	RB37		Green Bay Packers	Detroit Lions	0 	0.0 	29 	0.2 	0.3 	3 	0.0 	0.0 	0.1 	0.0 	4.5 	RB40		Green Bay Packers	Carolina Panthers	0 	0.0 	9 	0.1 	0.3 	2 	0.0 	0.0 	0.0 	0.0 	1.8 	RB56		Green Bay Packers	New England Patriots	0 	0.0 	8 	0.1 	0.3 	2 	0.0 	0.0 	0.0 	0.0 	1.4 	RB64		Green Bay Packers	Minnesota Vikings	0 	0.0 	9 	0.1 	0.3 	2 	0.0 	0.0 	0.0 	0.0 	1.6 	RB58		Green Bay Packers	BYE	0 	0.0 	0 	0.0 	0.0 	0 	0.0 	0.0 	0.0 	0.0 	0.0 	-		Green Bay Packers	Los Angeles Rams	0 	0.0 	7 	0.1 	0.3 	2 	0.0 	0.0 	0.0 	0.0 	1.4 	RB70		Green Bay Packers	New Orleans Saints	0 	0.0 	9 	0.1 	0.3 	2 	0.0 	0.0 	0.0 	0.0 	1.6 	RB61		Green Bay Packers	Buffalo Bills	0 	0.0 	8 	0.1 	0.3 	3 	0.0 	0.0 	0.0 	0.0 	1.6 	RB66		Green Bay Packers	Miami Dolphins	0 	0.0 	10 	0.1 	0.3 	2 	0.0 	0.0 	0.0 	0.0 	1.9 	RB67		Green Bay Packers	Chicago Bears	0 	0.0 	8 	0.1 	0.3 	2 	0.0 	0.0 	0.0 	0.0 	1.5 	RB68		Green Bay Packers	Houston Texans	0 	0.0 	8 	0.1 	0.3 	2 	0.0 	0.0 	0.0 	0.0 	1.5 	RB69		Actual	Actual	Actual	Forecast	Forecast	Forecast	Forecast	Forecast	Forecast	Forecast	Forecast	Forecast	Forecast	Forecast	Forecast	Forecast	Forecast		Healthy	Healthy	Healthy	Healthy	Healthy	Healthy	Healthy	Healthy	Healthy	Healthy	Healthy	Healthy	Healthy	Healthy	Healthy	Healthy	Healthy		Week 4 2026	9/29/2026	8:41:33 PM	20		1%	1%	8%	8%	0%	0%		(0.0)
	Ryan Flournoy	Dallas Cowboys	WR	WR81	2.7 	43 	0 	0.0 	0.0 	0.0 	0 	0.0 	0.0 	0.0 	37.2 	2.3 	334 	20.9 	1.7 	0.1 	0.0 	0.1 	0.0 	0.116 	1.000 	0.190 	(1)	0.000 	0.000 	213 	253 	40 	81 	81 	0 	0.103 																2.2 	2.3 	2.2 	2.7 	3.0 	2.8 	2.7 	2.8 	2.9 	2.9 	2.8 	2.8 	2.7 	0.0 	2.8 	2.9 	2.8 		WR71	WR65	WR63	WR79	WR73	WR68	WR69	WR70	WR76	WR69	WR67	WR82	WR74	-	WR81	WR80	WR81		WR80	2.8 	0.0 	0.0 	0.0 	0.0 	2.2 	20.6 	0.1 	80 	0.131 	1.000 	0.200 	(1)	0.000 	0.000 	208 	0.110 		37 														WR97	2.2 	0.0 	0.0 	0.0 	0.0 	9.4 	89.2 	0.6 	97 	0.072 	1.000 	0.030 	(1)	0.000 	0.000 	#N/A	0.024 		6.7 																	Dallas Cowboys	New York Giants	0 	0.0 	0 	0.0 	2.0 	22 	0.0 	0.0 	0.0 	0.0 	2.2 	WR71		Dallas Cowboys	Washington Commanders	0 	0.0 	0 	0.0 	5.0 	23 	0.0 	0.0 	0.0 	0.0 	2.3 	WR65		Dallas Cowboys	Baltimore Ravens	0 	0.0 	0 	0.0 	2.0 	22 	0.0 	0.0 	0.0 	0.0 	2.2 	WR63		Dallas Cowboys	Houston Texans	0 	0.0 	0 	0.0 	2.1 	20 	0.1 	0.0 	0.0 	0.0 	2.7 	WR79		Dallas Cowboys	Tampa Bay Buccaneers	0 	0.0 	0 	0.0 	2.2 	21 	0.1 	0.0 	0.0 	0.0 	3.0 	WR73		Dallas Cowboys	Green Bay Packers	0 	0.0 	0 	0.0 	2.2 	21 	0.1 	0.0 	0.0 	0.0 	2.8 	WR68		Dallas Cowboys	Philadelphia Eagles	0 	0.0 	0 	0.0 	2.1 	20 	0.1 	0.0 	0.0 	0.0 	2.7 	WR69		Dallas Cowboys	Arizona Cardinals	0 	0.0 	0 	0.0 	2.1 	20 	0.1 	0.0 	0.0 	0.0 	2.8 	WR70		Dallas Cowboys	Indianapolis Colts	0 	0.0 	0 	0.0 	2.2 	21 	0.1 	0.0 	0.0 	0.0 	2.9 	WR76		Dallas Cowboys	San Francisco 49ers	0 	0.0 	0 	0.0 	2.2 	21 	0.1 	0.0 	0.0 	0.0 	2.9 	WR69		Dallas Cowboys	Tennessee Titans	0 	0.0 	0 	0.0 	2.1 	20 	0.1 	0.0 	0.0 	0.0 	2.8 	WR67		Dallas Cowboys	Philadelphia Eagles	0 	0.0 	0 	0.0 	2.2 	20 	0.1 	0.0 	0.0 	0.0 	2.8 	WR82		Dallas Cowboys	Seattle Seahawks	0 	0.0 	0 	0.0 	2.1 	20 	0.1 	0.0 	0.0 	0.0 	2.7 	WR74		Dallas Cowboys	BYE	0 	0.0 	0 	0.0 	0.0 	0 	0.0 	0.0 	0.0 	0.0 	0.0 	-		Dallas Cowboys	Los Angeles Rams	0 	0.0 	0 	0.0 	2.2 	21 	0.1 	0.0 	0.0 	0.0 	2.8 	WR81		Dallas Cowboys	Jacksonville Jaguars	0 	0.0 	0 	0.0 	2.2 	21 	0.1 	0.0 	0.0 	0.0 	2.9 	WR80		Dallas Cowboys	New York Giants	0 	0.0 	0 	0.0 	2.2 	21 	0.1 	0.0 	0.0 	0.0 	2.8 	WR81		Actual	Actual	Actual	Forecast	Forecast	Forecast	Forecast	Forecast	Forecast	Forecast	Forecast	Forecast	Forecast	Forecast	Forecast	Forecast	Forecast		Healthy	Healthy	Healthy	Healthy	Healthy	Healthy	Healthy	Healthy	Healthy	Healthy	Healthy	Healthy	Healthy	Healthy	Healthy	Healthy	Healthy		Week 4 2026	9/29/2026	8:41:33 PM	20		8%	7%	0%	0%	0%	0%		0.1 
	Tank Bigsby	Philadelphia Eagles	RB	RB63	2.5 	40 	0 	0.0 	0.0 	0.0 	254 	15.9 	2.4 	0.1 	5.5 	0.3 	37 	2.3 	0.0 	0.0 	0.0 	1.5 	0.0 	0.108 	1.000 	0.225 	(1)	0.000 	0.000 	204 	156 	(48)	63 	55 	(8)	0.118 																0.3 	9.8 	(1.5)	2.2 	2.4 	2.6 	2.5 	2.4 	2.6 	0.0 	2.5 	2.3 	2.8 	2.6 	2.3 	2.2 	2.2 		RB59	RB14	RB77	RB59	RB56	RB53	RB50	RB53	RB54	-	RB47	RB61	RB52	RB56	RB62	RB64	RB64		RB63	2.4 	0.0 	0.0 	16.8 	0.1 	0.2 	2.1 	0.0 	63 	0.114 	1.000 	0.225 	(1)	0.000 	0.000 	203 	0.118 		32 														RB56	4.3 	0.0 	0.0 	109.0 	0.7 	1.3 	13.6 	0.0 	56 	0.093 	1.000 	0.315 	(1)	0.000 	0.000 	#N/A	0.156 		8.6 																	Philadelphia Eagles	Washington Commanders	0 	0.0 	3 	0.0 	0.0 	0 	0.0 	0.0 	0.0 	0.0 	0.3 	RB59		Philadelphia Eagles	Tennessee Titans	0 	0.0 	33 	1.0 	2.0 	5 	0.0 	0.0 	0.0 	0.0 	9.8 	RB14		Philadelphia Eagles	Chicago Bears	0 	0.0 	0 	0.0 	1.0 	5 	0.0 	0.0 	1.0 	0.0 	(1.5)	RB77		Philadelphia Eagles	Los Angeles Rams	0 	0.0 	15 	0.1 	0.2 	2 	0.0 	0.0 	0.0 	0.0 	2.2 	RB59		Philadelphia Eagles	Jacksonville Jaguars	0 	0.0 	16 	0.1 	0.2 	2 	0.0 	0.0 	0.0 	0.0 	2.4 	RB56		Philadelphia Eagles	Carolina Panthers	0 	0.0 	18 	0.1 	0.2 	2 	0.0 	0.0 	0.0 	0.0 	2.6 	RB53		Philadelphia Eagles	Dallas Cowboys	0 	0.0 	17 	0.1 	0.2 	2 	0.0 	0.0 	0.0 	0.0 	2.5 	RB50		Philadelphia Eagles	Washington Commanders	0 	0.0 	17 	0.1 	0.2 	2 	0.0 	0.0 	0.0 	0.0 	2.4 	RB53		Philadelphia Eagles	New York Giants	0 	0.0 	17 	0.1 	0.2 	2 	0.0 	0.0 	0.0 	0.0 	2.6 	RB54		Philadelphia Eagles	BYE	0 	0.0 	0 	0.0 	0.0 	0 	0.0 	0.0 	0.0 	0.0 	0.0 	-		Philadelphia Eagles	Pittsburgh Steelers	0 	0.0 	17 	0.1 	0.2 	2 	0.0 	0.0 	0.0 	0.0 	2.5 	RB47		Philadelphia Eagles	Dallas Cowboys	0 	0.0 	16 	0.1 	0.2 	2 	0.0 	0.0 	0.0 	0.0 	2.3 	RB61		Philadelphia Eagles	Arizona Cardinals	0 	0.0 	19 	0.1 	0.2 	2 	0.0 	0.0 	0.0 	0.0 	2.8 	RB52		Philadelphia Eagles	Indianapolis Colts	0 	0.0 	18 	0.1 	0.2 	2 	0.0 	0.0 	0.0 	0.0 	2.6 	RB56		Philadelphia Eagles	Seattle Seahawks	0 	0.0 	16 	0.1 	0.2 	2 	0.0 	0.0 	0.0 	0.0 	2.3 	RB62		Philadelphia Eagles	Houston Texans	0 	0.0 	15 	0.1 	0.2 	2 	0.0 	0.0 	0.0 	0.0 	2.2 	RB64		Philadelphia Eagles	San Francisco 49ers	0 	0.0 	15 	0.1 	0.2 	2 	0.0 	0.0 	0.0 	0.0 	2.2 	RB64		Actual	Actual	Actual	Forecast	Forecast	Forecast	Forecast	Forecast	Forecast	Forecast	Forecast	Forecast	Forecast	Forecast	Forecast	Forecast	Forecast		Healthy	Healthy	Healthy	Healthy	Healthy	Healthy	Healthy	Healthy	Healthy	Healthy	Healthy	Healthy	Healthy	Healthy	Healthy	Healthy	Healthy		Week 4 2026	9/29/2026	8:41:33 PM	20		1%	0%	12%	10%	0%	0%		(0.0)
	Isaiah Williams	New York Jets	WR	WR82	2.6 	42 	0 	0.0 	0.0 	0.0 	70 	4.4 	0.0 	0.0 	37.9 	2.4 	283 	17.7 	1.2 	0.1 	0.0 	0.1 	0.0 	0.113 	1.000 	0.180 	(1)	0.000 	0.000 	215 	0 	(215)	82 	0 	(82)	0.098 																0.7 	4.8 	2.1 	2.7 	2.7 	2.6 	2.8 	2.7 	2.5 	2.8 	2.5 	2.7 	0.0 	2.6 	2.7 	2.6 	2.6 		WR84	WR36	WR65	WR78	WR75	WR71	WR66	WR71	WR79	WR71	WR70	WR83	-	WR78	WR83	WR84	WR84		WR83	2.7 	0.0 	0.0 	4.3 	0.0 	2.3 	17.0 	0.1 	83 	0.123 	1.000 	0.170 	(1)	0.000 	0.000 	216 	0.095 		35 														WR88	2.5 	0.0 	0.0 	18.6 	0.0 	10.0 	73.7 	0.4 	88 	0.082 	1.000 	0.120 	(1)	0.000 	0.000 	#N/A	0.066 		7.6 																	New York Jets	Tennessee Titans	0 	0.0 	0 	0.0 	1.0 	7 	0.0 	0.0 	0.0 	0.0 	0.7 	WR84		New York Jets	Green Bay Packers	0 	0.0 	14 	0.0 	6.0 	34 	0.0 	0.0 	0.0 	0.0 	4.8 	WR36		New York Jets	Detroit Lions	0 	0.0 	0 	0.0 	1.0 	21 	0.0 	0.0 	0.0 	0.0 	2.1 	WR65		New York Jets	Chicago Bears	0 	0.0 	5 	0.0 	2.3 	17 	0.1 	0.0 	0.0 	0.0 	2.7 	WR78		New York Jets	Cleveland Browns	0 	0.0 	5 	0.0 	2.3 	17 	0.1 	0.0 	0.0 	0.0 	2.7 	WR75		New York Jets	New England Patriots	0 	0.0 	4 	0.0 	2.3 	17 	0.1 	0.0 	0.0 	0.0 	2.6 	WR71		New York Jets	Miami Dolphins	0 	0.0 	5 	0.0 	2.3 	17 	0.1 	0.0 	0.0 	0.0 	2.8 	WR66		New York Jets	Las Vegas Raiders	0 	0.0 	5 	0.0 	2.3 	17 	0.1 	0.0 	0.0 	0.0 	2.7 	WR71		New York Jets	Kansas City Chiefs	0 	0.0 	4 	0.0 	2.3 	17 	0.1 	0.0 	0.0 	0.0 	2.5 	WR79		New York Jets	Buffalo Bills	0 	0.0 	4 	0.0 	2.4 	18 	0.1 	0.0 	0.0 	0.0 	2.8 	WR71		New York Jets	Los Angeles Chargers	0 	0.0 	4 	0.0 	2.3 	17 	0.1 	0.0 	0.0 	0.0 	2.5 	WR70		New York Jets	Miami Dolphins	0 	0.0 	5 	0.0 	2.3 	17 	0.1 	0.0 	0.0 	0.0 	2.7 	WR83		New York Jets	BYE	0 	0.0 	0 	0.0 	0.0 	0 	0.0 	0.0 	0.0 	0.0 	0.0 	-		New York Jets	Denver Broncos	0 	0.0 	4 	0.0 	2.3 	17 	0.1 	0.0 	0.0 	0.0 	2.6 	WR78		New York Jets	Arizona Cardinals	0 	0.0 	5 	0.0 	2.3 	17 	0.1 	0.0 	0.0 	0.0 	2.7 	WR83		New York Jets	New England Patriots	0 	0.0 	4 	0.0 	2.3 	17 	0.1 	0.0 	0.0 	0.0 	2.6 	WR84		New York Jets	Minnesota Vikings	0 	0.0 	4 	0.0 	2.3 	17 	0.1 	0.0 	0.0 	0.0 	2.6 	WR84		Actual	Actual	Actual	Forecast	Forecast	Forecast	Forecast	Forecast	Forecast	Forecast	Forecast	Forecast	Forecast	Forecast	Forecast	Forecast	Forecast		Healthy	Healthy	Healthy	Healthy	Healthy	Healthy	Healthy	Healthy	Healthy	Healthy	Healthy	Healthy	Healthy	Healthy	Healthy	Healthy	Healthy		Week 4 2026	9/29/2026	8:41:33 PM	20		8%	7%	4%	0%	0%	0%		0.0 
	David Njoku	Los Angeles Chargers	TE	TE38	1.9 	23 	0 	0.0 	0.0 	0.0 	0 	0.0 	0.0 	0.0 	15.8 	1.3 	174 	14.5 	1.0 	0.1 	0.0 	0.0 	0.0 	0.062 	0.560 	0.219 	(1)	0.000 	0.000 	216 	163 	(53)	38 	23 	(15)	0.097 				-	-		-	-		-	-		-	-		5.8 	0.9 	0.0 	0.0 	0.0 	0.0 	0.0 	1.7 	1.6 	1.6 	1.6 	1.6 	1.7 	1.6 	1.7 	1.7 	1.6 		TE16	TE32	-	-	-	-	-	TE31	TE34	TE31	TE29	TE35	TE30	TE34	TE35	TE35	TE35		TE37	1.6 	0.0 	0.0 	0.0 	0.0 	1.0 	10.7 	0.1 	37 	0.059 	0.560 	0.229 	(1)	0.000 	0.000 	212 	0.100 		16 														TE43	3.4 	0.0 	0.0 	0.0 	0.0 	4.9 	53.5 	0.5 	43 	0.072 	0.560 	0.167 	(1)	0.000 	0.000 	#N/A	0.078 		6.7 																	Los Angeles Chargers	Arizona Cardinals	0 	0.0 	0 	0.0 	5.0 	58 	0.0 	0.0 	0.0 	0.0 	5.8 	TE16		Los Angeles Chargers	Las Vegas Raiders	0 	0.0 	0 	0.0 	1.0 	9 	0.0 	0.0 	0.0 	0.0 	0.9 	TE32		Los Angeles Chargers	Buffalo Bills	0 	0.0 	0 	0.0 	0.0 	0 	0.0 	0.0 	0.0 	0.0 	0.0 	-		Los Angeles Chargers	Seattle Seahawks	0 	0.0 	0 	0.0 	0.0 	0 	0.0 	0.0 	0.0 	0.0 	0.0 	-		Los Angeles Chargers	Denver Broncos	0 	0.0 	0 	0.0 	0.0 	0 	0.0 	0.0 	0.0 	0.0 	0.0 	-		Los Angeles Chargers	Kansas City Chiefs	0 	0.0 	0 	0.0 	0.0 	0 	0.0 	0.0 	0.0 	0.0 	0.0 	-		Los Angeles Chargers	BYE	0 	0.0 	0 	0.0 	0.0 	0 	0.0 	0.0 	0.0 	0.0 	0.0 	-		Los Angeles Chargers	Los Angeles Rams	0 	0.0 	0 	0.0 	1.0 	11 	0.1 	0.0 	0.0 	0.0 	1.7 	TE31		Los Angeles Chargers	Houston Texans	0 	0.0 	0 	0.0 	1.0 	11 	0.1 	0.0 	0.0 	0.0 	1.6 	TE34		Los Angeles Chargers	Baltimore Ravens	0 	0.0 	0 	0.0 	1.0 	11 	0.1 	0.0 	0.0 	0.0 	1.6 	TE31		Los Angeles Chargers	New York Jets	0 	0.0 	0 	0.0 	0.9 	10 	0.1 	0.0 	0.0 	0.0 	1.6 	TE29		Los Angeles Chargers	New England Patriots	0 	0.0 	0 	0.0 	1.0 	11 	0.1 	0.0 	0.0 	0.0 	1.6 	TE35		Los Angeles Chargers	Tampa Bay Buccaneers	0 	0.0 	0 	0.0 	1.0 	11 	0.1 	0.0 	0.0 	0.0 	1.7 	TE30		Los Angeles Chargers	Las Vegas Raiders	0 	0.0 	0 	0.0 	1.0 	11 	0.1 	0.0 	0.0 	0.0 	1.6 	TE34		Los Angeles Chargers	San Francisco 49ers	0 	0.0 	0 	0.0 	1.0 	11 	0.1 	0.0 	0.0 	0.0 	1.7 	TE35		Los Angeles Chargers	Miami Dolphins	0 	0.0 	0 	0.0 	1.0 	11 	0.1 	0.0 	0.0 	0.0 	1.7 	TE35		Los Angeles Chargers	Kansas City Chiefs	0 	0.0 	0 	0.0 	1.0 	11 	0.1 	0.0 	0.0 	0.0 	1.6 	TE35		Actual	Actual	Actual	Forecast	Forecast	Forecast	Forecast	Forecast	Forecast	Forecast	Forecast	Forecast	Forecast	Forecast	Forecast	Forecast	Forecast		Healthy	Healthy	Injured	Injured	Injured	Injured	Injured	Healthy	Healthy	Healthy	Healthy	Healthy	Healthy	Healthy	Healthy	Healthy	Healthy		Week 4 2026	9/29/2026	8:41:33 PM	20		5%	6%	0%	0%	0%	0%		0.0 
	Cole Kmet	Chicago Bears	TE	TE36	1.7 	23 	0 	0.0 	0.0 	0.0 	0 	0.0 	0.0 	0.0 	8.9 	0.6 	115 	8.2 	2.0 	0.1 	0.0 	0.0 	0.0 	0.063 	0.560 	0.239 	(1)	0.000 	0.000 	212 	0 	(212)	36 	0 	(36)	0.105 																9.5 	0.0 	0.0 	1.0 	1.1 	1.1 	1.1 	1.0 	1.1 	0.0 	1.1 	1.1 	1.1 	1.1 	1.1 	1.1 	1.1 		TE10	-	-	TE37	TE35	TE33	TE32	TE35	TE36	-	TE31	TE38	TE33	TE36	TE38	TE38	TE38		TE39	1.1 	0.0 	0.0 	0.0 	0.0 	0.5 	6.1 	0.1 	39 	0.050 	0.560 	0.208 	(1)	0.000 	0.000 	217 	0.091 		14 														TE34	9.5 	0.0 	0.0 	0.0 	0.0 	6.9 	79.7 	1.0 	34 	0.102 	0.560 	0.259 	(0)	0.000 	0.000 	#N/A	0.119 		9.5 																	Chicago Bears	Carolina Panthers	0 	0.0 	0 	0.0 	2.0 	35 	1.0 	0.0 	0.0 	0.0 	9.5 	TE10		Chicago Bears	Minnesota Vikings	0 	0.0 	0 	0.0 	0.0 	0 	0.0 	0.0 	0.0 	0.0 	0.0 	-		Chicago Bears	Philadelphia Eagles	0 	0.0 	0 	0.0 	0.0 	0 	0.0 	0.0 	0.0 	0.0 	0.0 	-		Chicago Bears	New York Jets	0 	0.0 	0 	0.0 	0.5 	6 	0.1 	0.0 	0.0 	0.0 	1.0 	TE37		Chicago Bears	Green Bay Packers	0 	0.0 	0 	0.0 	0.5 	6 	0.1 	0.0 	0.0 	0.0 	1.1 	TE35		Chicago Bears	Atlanta Falcons	0 	0.0 	0 	0.0 	0.5 	6 	0.1 	0.0 	0.0 	0.0 	1.1 	TE33		Chicago Bears	New England Patriots	0 	0.0 	0 	0.0 	0.5 	6 	0.1 	0.0 	0.0 	0.0 	1.1 	TE32		Chicago Bears	Seattle Seahawks	0 	0.0 	0 	0.0 	0.5 	6 	0.1 	0.0 	0.0 	0.0 	1.0 	TE35		Chicago Bears	Tampa Bay Buccaneers	0 	0.0 	0 	0.0 	0.5 	6 	0.1 	0.0 	0.0 	0.0 	1.1 	TE36		Chicago Bears	BYE	0 	0.0 	0 	0.0 	0.0 	0 	0.0 	0.0 	0.0 	0.0 	0.0 	-		Chicago Bears	New Orleans Saints	0 	0.0 	0 	0.0 	0.5 	6 	0.1 	0.0 	0.0 	0.0 	1.1 	TE31		Chicago Bears	Detroit Lions	0 	0.0 	0 	0.0 	0.5 	6 	0.1 	0.0 	0.0 	0.0 	1.1 	TE38		Chicago Bears	Jacksonville Jaguars	0 	0.0 	0 	0.0 	0.5 	6 	0.1 	0.0 	0.0 	0.0 	1.1 	TE33		Chicago Bears	Miami Dolphins	0 	0.0 	0 	0.0 	0.5 	6 	0.1 	0.0 	0.0 	0.0 	1.1 	TE36		Chicago Bears	Buffalo Bills	0 	0.0 	0 	0.0 	0.5 	6 	0.1 	0.0 	0.0 	0.0 	1.1 	TE38		Chicago Bears	Green Bay Packers	0 	0.0 	0 	0.0 	0.5 	6 	0.1 	0.0 	0.0 	0.0 	1.1 	TE38		Chicago Bears	Detroit Lions	0 	0.0 	0 	0.0 	0.5 	6 	0.1 	0.0 	0.0 	0.0 	1.1 	TE38		Actual	Actual	Actual	Forecast	Forecast	Forecast	Forecast	Forecast	Forecast	Forecast	Forecast	Forecast	Forecast	Forecast	Forecast	Forecast	Forecast		Healthy	Healthy	Healthy	Healthy	Healthy	Healthy	Healthy	Healthy	Healthy	Healthy	Healthy	Healthy	Healthy	Healthy	Healthy	Healthy	Healthy		Week 4 2026	9/29/2026	8:41:33 PM	20		3%	5%	0%	0%	0%	0%		(0.0)
	Jalen Nailor	Las Vegas Raiders	WR	WR83	2.5 	40 	0 	0.0 	0.0 	0.0 	0 	0.0 	0.0 	0.0 	28.0 	1.8 	310 	19.4 	1.5 	0.1 	0.0 	0.1 	0.0 	0.107 	1.000 	0.170 	(1)	0.000 	0.000 	218 	209 	(9)	83 	69 	(14)	0.093 				-	-		-	-		-	-		-	-		2.7 	0.9 	1.6 	2.8 	2.7 	2.8 	2.8 	2.6 	2.7 	2.6 	2.6 	2.6 	0.0 	2.7 	2.6 	2.7 	2.7 		WR63	WR79	WR73	WR77	WR76	WR69	WR68	WR72	WR77	WR72	WR69	WR84	-	WR77	WR84	WR83	WR83		WR82	2.7 	0.0 	0.0 	0.0 	0.0 	1.8 	19.9 	0.1 	82 	0.124 	1.000 	0.180 	(1)	0.000 	0.000 	214 	0.100 		35 														WR108	1.7 	0.0 	0.0 	0.0 	0.0 	7.7 	86.0 	0.5 	108 	0.056 	1.000 	0.000 	(1)	0.000 	0.000 	#N/A	0.008 		5.2 																	Las Vegas Raiders	Miami Dolphins	0 	0.0 	0 	0.0 	3.0 	27 	0.0 	0.0 	0.0 	0.0 	2.7 	WR63		Las Vegas Raiders	Los Angeles Chargers	0 	0.0 	0 	0.0 	1.0 	9 	0.0 	0.0 	0.0 	0.0 	0.9 	WR79		Las Vegas Raiders	New Orleans Saints	0 	0.0 	0 	0.0 	1.0 	16 	0.0 	0.0 	0.0 	0.0 	1.6 	WR73		Las Vegas Raiders	Kansas City Chiefs	0 	0.0 	0 	0.0 	1.8 	20 	0.1 	0.0 	0.0 	0.0 	2.8 	WR77		Las Vegas Raiders	New England Patriots	0 	0.0 	0 	0.0 	1.8 	20 	0.1 	0.0 	0.0 	0.0 	2.7 	WR76		Las Vegas Raiders	Buffalo Bills	0 	0.0 	0 	0.0 	1.8 	20 	0.1 	0.0 	0.0 	0.0 	2.8 	WR69		Las Vegas Raiders	Los Angeles Rams	0 	0.0 	0 	0.0 	1.8 	21 	0.1 	0.0 	0.0 	0.0 	2.8 	WR68		Las Vegas Raiders	New York Jets	0 	0.0 	0 	0.0 	1.7 	19 	0.1 	0.0 	0.0 	0.0 	2.6 	WR72		Las Vegas Raiders	San Francisco 49ers	0 	0.0 	0 	0.0 	1.8 	20 	0.1 	0.0 	0.0 	0.0 	2.7 	WR77		Las Vegas Raiders	Seattle Seahawks	0 	0.0 	0 	0.0 	1.8 	20 	0.1 	0.0 	0.0 	0.0 	2.6 	WR72		Las Vegas Raiders	Denver Broncos	0 	0.0 	0 	0.0 	1.8 	20 	0.1 	0.0 	0.0 	0.0 	2.6 	WR69		Las Vegas Raiders	Cleveland Browns	0 	0.0 	0 	0.0 	1.7 	19 	0.1 	0.0 	0.0 	0.0 	2.6 	WR84		Las Vegas Raiders	BYE	0 	0.0 	0 	0.0 	0.0 	0 	0.0 	0.0 	0.0 	0.0 	0.0 	-		Las Vegas Raiders	Los Angeles Chargers	0 	0.0 	0 	0.0 	1.8 	20 	0.1 	0.0 	0.0 	0.0 	2.7 	WR77		Las Vegas Raiders	Denver Broncos	0 	0.0 	0 	0.0 	1.7 	19 	0.1 	0.0 	0.0 	0.0 	2.6 	WR84		Las Vegas Raiders	Tennessee Titans	0 	0.0 	0 	0.0 	1.8 	20 	0.1 	0.0 	0.0 	0.0 	2.7 	WR83		Las Vegas Raiders	Arizona Cardinals	0 	0.0 	0 	0.0 	1.8 	20 	0.1 	0.0 	0.0 	0.0 	2.7 	WR83		Actual	Actual	Actual	Forecast	Forecast	Forecast	Forecast	Forecast	Forecast	Forecast	Forecast	Forecast	Forecast	Forecast	Forecast	Forecast	Forecast		Healthy	Healthy	Healthy	Healthy	Healthy	Healthy	Healthy	Healthy	Healthy	Healthy	Healthy	Healthy	Healthy	Healthy	Healthy	Healthy	Healthy		Week 4 2026	9/29/2026	8:41:33 PM	20		9%	8%	0%	0%	0%	0%		0.1 
	Tyrone Tracy Jr.	New York Giants	RB	RB66	2.0 	30 	0 	0.0 	0.0 	0.0 	225 	15.0 	1.2 	0.1 	3.3 	0.2 	27 	1.8 	0.0 	0.0 	0.0 	1.5 	0.0 	0.080 	1.000 	0.186 	(1)	0.000 	0.000 	217 	129 	(88)	66 	47 	(19)	0.096 																(0.6)	0.0 	0.3 	2.3 	2.4 	2.5 	2.0 	0.0 	2.0 	2.6 	2.4 	2.4 	2.4 	2.0 	2.5 	2.3 	2.3 		RB77	-	RB58	RB58	RB57	RB55	RB57	-	RB60	RB51	RB49	RB60	RB56	RB62	RB61	RB62	RB63		RB66	2.3 	0.0 	0.0 	16.0 	0.1 	0.3 	2.0 	0.0 	66 	0.107 	1.000 	0.186 	(1)	0.000 	0.000 	213 	0.100 		30 														-	(0.3)	0.0 	0.0 	208.0 	1.2 	3.3 	26.6 	0.0 	#N/A	(0.003)	1.000 	#N/A	(1)	0.000 	0.000 	#N/A	#N/A		(0.3)																	New York Giants	Dallas Cowboys	0 	0.0 	14 	0.0 	0.0 	0 	0.0 	0.0 	1.0 	0.0 	(0.6)	RB77		New York Giants	Los Angeles Rams	0 	0.0 	0 	0.0 	0.0 	0 	0.0 	0.0 	0.0 	0.0 	0.0 	-		New York Giants	Tennessee Titans	0 	0.0 	3 	0.0 	0.0 	0 	0.0 	0.0 	0.0 	0.0 	0.3 	RB58		New York Giants	Arizona Cardinals	0 	0.0 	16 	0.1 	0.3 	2 	0.0 	0.0 	0.0 	0.0 	2.3 	RB58		New York Giants	Washington Commanders	0 	0.0 	17 	0.1 	0.3 	2 	0.0 	0.0 	0.0 	0.0 	2.4 	RB57		New York Giants	New Orleans Saints	0 	0.0 	17 	0.1 	0.3 	2 	0.0 	0.0 	0.0 	0.0 	2.5 	RB55		New York Giants	Houston Texans	0 	0.0 	14 	0.1 	0.3 	2 	0.0 	0.0 	0.0 	0.0 	2.0 	RB57		New York Giants	BYE	0 	0.0 	0 	0.0 	0.0 	0 	0.0 	0.0 	0.0 	0.0 	0.0 	-		New York Giants	Philadelphia Eagles	0 	0.0 	14 	0.1 	0.3 	2 	0.0 	0.0 	0.0 	0.0 	2.0 	RB60		New York Giants	Washington Commanders	0 	0.0 	18 	0.1 	0.3 	2 	0.0 	0.0 	0.0 	0.0 	2.6 	RB51		New York Giants	Jacksonville Jaguars	0 	0.0 	16 	0.1 	0.3 	2 	0.0 	0.0 	0.0 	0.0 	2.4 	RB49		New York Giants	Indianapolis Colts	0 	0.0 	16 	0.1 	0.3 	2 	0.0 	0.0 	0.0 	0.0 	2.4 	RB60		New York Giants	San Francisco 49ers	0 	0.0 	16 	0.1 	0.3 	2 	0.0 	0.0 	0.0 	0.0 	2.4 	RB56		New York Giants	Seattle Seahawks	0 	0.0 	14 	0.1 	0.3 	2 	0.0 	0.0 	0.0 	0.0 	2.0 	RB62		New York Giants	Cleveland Browns	0 	0.0 	18 	0.1 	0.2 	2 	0.0 	0.0 	0.0 	0.0 	2.5 	RB61		New York Giants	Detroit Lions	0 	0.0 	16 	0.1 	0.3 	2 	0.0 	0.0 	0.0 	0.0 	2.3 	RB62		New York Giants	Dallas Cowboys	0 	0.0 	16 	0.1 	0.3 	2 	0.0 	0.0 	0.0 	0.0 	2.3 	RB63		Actual	Actual	Actual	Forecast	Forecast	Forecast	Forecast	Forecast	Forecast	Forecast	Forecast	Forecast	Forecast	Forecast	Forecast	Forecast	Forecast		Healthy	Healthy	Healthy	Healthy	Healthy	Healthy	Healthy	Healthy	Healthy	Healthy	Healthy	Healthy	Healthy	Healthy	Healthy	Healthy	Healthy		Week 4 2026	9/29/2026	8:41:33 PM	20		1%	0%	12%	10%	0%	0%		0.1 
	Zach Ertz	Philadelphia Eagles	TE	TE39	1.2 	16 	0 	0.0 	0.0 	0.0 	0 	0.0 	0.0 	0.0 	10.6 	0.8 	108 	8.3 	0.8 	0.1 	0.0 	0.0 	0.0 	0.043 	0.560 	0.208 	(1)	0.000 	0.000 	219 	0 	(219)	39 	0 	(39)	0.090 																0.0 	0.0 	0.0 	4.0 	4.1 	4.0 	0.4 	0.4 	0.4 	0.0 	0.4 	0.4 	0.4 	0.4 	0.4 	0.3 	0.4 		-	-	-	TE25	TE25	TE24	TE35	TE36	TE39	-	TE33	TE41	TE36	TE39	TE41	TE41	TE41		TE38	1.2 	0.0 	0.0 	0.0 	0.0 	0.8 	8.3 	0.1 	38 	0.057 	0.560 	0.219 	(1)	0.000 	0.000 	215 	0.096 		16 														-	0.0 	0.0 	0.0 	0.0 	0.0 	0.0 	0.0 	0.0 	#N/A	0.000 	0.560 	#N/A	(1)	0.000 	0.000 	#N/A	#N/A		0.0 																	Philadelphia Eagles	Washington Commanders	0 	0.0 	0 	0.0 	0.0 	0 	0.0 	0.0 	0.0 	0.0 	0.0 	-		Philadelphia Eagles	Tennessee Titans	0 	0.0 	0 	0.0 	0.0 	0 	0.0 	0.0 	0.0 	0.0 	0.0 	-		Philadelphia Eagles	Chicago Bears	0 	0.0 	0 	0.0 	0.0 	0 	0.0 	0.0 	0.0 	0.0 	0.0 	-		Philadelphia Eagles	Los Angeles Rams	0 	0.0 	0 	0.0 	2.9 	29 	0.2 	0.0 	0.0 	0.0 	4.0 	TE25		Philadelphia Eagles	Jacksonville Jaguars	0 	0.0 	0 	0.0 	2.9 	29 	0.2 	0.0 	0.0 	0.0 	4.1 	TE25		Philadelphia Eagles	Carolina Panthers	0 	0.0 	0 	0.0 	2.8 	29 	0.2 	0.0 	0.0 	0.0 	4.0 	TE24		Philadelphia Eagles	Dallas Cowboys	0 	0.0 	0 	0.0 	0.2 	2 	0.0 	0.0 	0.0 	0.0 	0.4 	TE35		Philadelphia Eagles	Washington Commanders	0 	0.0 	0 	0.0 	0.2 	2 	0.0 	0.0 	0.0 	0.0 	0.4 	TE36		Philadelphia Eagles	New York Giants	0 	0.0 	0 	0.0 	0.2 	2 	0.0 	0.0 	0.0 	0.0 	0.4 	TE39		Philadelphia Eagles	BYE	0 	0.0 	0 	0.0 	0.0 	0 	0.0 	0.0 	0.0 	0.0 	0.0 	-		Philadelphia Eagles	Pittsburgh Steelers	0 	0.0 	0 	0.0 	0.2 	2 	0.0 	0.0 	0.0 	0.0 	0.4 	TE33		Philadelphia Eagles	Dallas Cowboys	0 	0.0 	0 	0.0 	0.2 	2 	0.0 	0.0 	0.0 	0.0 	0.4 	TE41		Philadelphia Eagles	Arizona Cardinals	0 	0.0 	0 	0.0 	0.2 	2 	0.0 	0.0 	0.0 	0.0 	0.4 	TE36		Philadelphia Eagles	Indianapolis Colts	0 	0.0 	0 	0.0 	0.2 	2 	0.0 	0.0 	0.0 	0.0 	0.4 	TE39		Philadelphia Eagles	Seattle Seahawks	0 	0.0 	0 	0.0 	0.2 	2 	0.0 	0.0 	0.0 	0.0 	0.4 	TE41		Philadelphia Eagles	Houston Texans	0 	0.0 	0 	0.0 	0.2 	2 	0.0 	0.0 	0.0 	0.0 	0.3 	TE41		Philadelphia Eagles	San Francisco 49ers	0 	0.0 	0 	0.0 	0.2 	2 	0.0 	0.0 	0.0 	0.0 	0.4 	TE41		Actual	Actual	Actual	Forecast	Forecast	Forecast	Forecast	Forecast	Forecast	Forecast	Forecast	Forecast	Forecast	Forecast	Forecast	Forecast	Forecast		Healthy	Healthy	Healthy	Healthy	Healthy	Healthy	Healthy	Healthy	Healthy	Healthy	Healthy	Healthy	Healthy	Healthy	Healthy	Healthy	Healthy		Week 4 2026	9/29/2026	8:41:33 PM	20		1%	2%	0%	0%	0%	0%		0.1 
	Jayden Reed	Green Bay Packers	WR	WR84	3.1 	34 	0 	0.0 	0.0 	0.0 	0 	0.0 	0.0 	0.0 	27.3 	2.5 	246 	22.3 	1.6 	0.1 	0.0 	0.0 	0.0 	0.092 	1.000 	0.160 	(1)	0.000 	0.000 	221 	118 	(103)	84 	46 	(38)	0.086 				-	-		-	-		-	-		-	-		2.0 	0.4 	0.0 	0.0 	0.0 	0.0 	0.0 	3.6 	3.5 	3.5 	0.0 	3.5 	3.5 	3.7 	3.6 	3.5 	3.4 		WR73	WR83	-	-	-	-	-	WR65	WR70	WR63	-	WR76	WR67	WR70	WR74	WR73	WR74		WR84	3.5 	0.0 	0.0 	0.0 	0.0 	2.6 	24.6 	0.2 	84 	0.114 	1.000 	0.160 	(1)	0.000 	0.000 	219 	0.089 		32 														WR124	1.2 	0.0 	0.0 	0.0 	0.0 	11.7 	110.8 	0.8 	124 	0.026 	1.000 	0.000 	(1)	0.000 	0.000 	#N/A	0.004 		2.4 																	Green Bay Packers	Minnesota Vikings	0 	0.0 	0 	0.0 	3.0 	20 	0.0 	0.0 	0.0 	0.0 	2.0 	WR73		Green Bay Packers	New York Jets	0 	0.0 	0 	0.0 	1.0 	4 	0.0 	0.0 	0.0 	0.0 	0.4 	WR83		Green Bay Packers	Atlanta Falcons	0 	0.0 	0 	0.0 	0.0 	0 	0.0 	0.0 	0.0 	0.0 	0.0 	-		Green Bay Packers	Tampa Bay Buccaneers	0 	0.0 	0 	0.0 	0.0 	0 	0.0 	0.0 	0.0 	0.0 	0.0 	-		Green Bay Packers	Chicago Bears	0 	0.0 	0 	0.0 	0.0 	0 	0.0 	0.0 	0.0 	0.0 	0.0 	-		Green Bay Packers	Dallas Cowboys	0 	0.0 	0 	0.0 	0.0 	0 	0.0 	0.0 	0.0 	0.0 	0.0 	-		Green Bay Packers	Detroit Lions	0 	0.0 	0 	0.0 	0.0 	0 	0.0 	0.0 	0.0 	0.0 	0.0 	-		Green Bay Packers	Carolina Panthers	0 	0.0 	0 	0.0 	2.6 	24 	0.2 	0.0 	0.0 	0.0 	3.6 	WR65		Green Bay Packers	New England Patriots	0 	0.0 	0 	0.0 	2.6 	25 	0.2 	0.0 	0.0 	0.0 	3.5 	WR70		Green Bay Packers	Minnesota Vikings	0 	0.0 	0 	0.0 	2.6 	25 	0.2 	0.0 	0.0 	0.0 	3.5 	WR63		Green Bay Packers	BYE	0 	0.0 	0 	0.0 	0.0 	0 	0.0 	0.0 	0.0 	0.0 	0.0 	-		Green Bay Packers	Los Angeles Rams	0 	0.0 	0 	0.0 	2.6 	25 	0.2 	0.0 	0.0 	0.0 	3.5 	WR76		Green Bay Packers	New Orleans Saints	0 	0.0 	0 	0.0 	2.6 	25 	0.2 	0.0 	0.0 	0.0 	3.5 	WR67		Green Bay Packers	Buffalo Bills	0 	0.0 	0 	0.0 	2.7 	25 	0.2 	0.0 	0.0 	0.0 	3.7 	WR70		Green Bay Packers	Miami Dolphins	0 	0.0 	0 	0.0 	2.6 	25 	0.2 	0.0 	0.0 	0.0 	3.6 	WR74		Green Bay Packers	Chicago Bears	0 	0.0 	0 	0.0 	2.6 	25 	0.2 	0.0 	0.0 	0.0 	3.5 	WR73		Green Bay Packers	Houston Texans	0 	0.0 	0 	0.0 	2.5 	24 	0.2 	0.0 	0.0 	0.0 	3.4 	WR74		Actual	Actual	Actual	Forecast	Forecast	Forecast	Forecast	Forecast	Forecast	Forecast	Forecast	Forecast	Forecast	Forecast	Forecast	Forecast	Forecast		Healthy	Healthy	Injured	Injured	Injured	Injured	Injured	Healthy	Healthy	Healthy	Healthy	Healthy	Healthy	Healthy	Healthy	Healthy	Healthy		Week 4 2026	9/29/2026	8:41:33 PM	20		10%	11%	0%	0%	0%	0%		0.1 
	Elijah Arroyo	Seattle Seahawks	TE	TE40	1.1 	15 	0 	0.0 	0.0 	0.0 	0 	0.0 	0.0 	0.0 	7.6 	0.5 	112 	8.0 	0.7 	0.0 	0.0 	0.0 	0.0 	0.041 	0.560 	0.198 	(1)	0.000 	0.000 	222 	0 	(222)	40 	0 	(40)	0.085 																0.0 	1.7 	0.0 	1.0 	1.1 	1.0 	1.0 	1.1 	1.1 	1.0 	0.0 	1.0 	1.1 	1.1 	1.0 	1.1 	1.0 		-	TE23	-	TE38	TE34	TE34	TE33	TE34	TE37	TE34	-	TE39	TE34	TE37	TE39	TE39	TE39		TE40	1.0 	0.0 	0.0 	0.0 	0.0 	0.5 	7.3 	0.1 	40 	0.048 	0.560 	0.198 	(1)	0.000 	0.000 	221 	0.087 		14 														TE65	1.7 	0.0 	0.0 	0.0 	0.0 	6.6 	94.5 	0.7 	65 	0.018 	0.560 	0.000 	(1)	0.000 	0.000 	#N/A	0.003 		1.7 																	Seattle Seahawks	New England Patriots	0 	0.0 	0 	0.0 	0.0 	0 	0.0 	0.0 	0.0 	0.0 	0.0 	-		Seattle Seahawks	Arizona Cardinals	0 	0.0 	0 	0.0 	1.0 	17 	0.0 	0.0 	0.0 	0.0 	1.7 	TE23		Seattle Seahawks	Washington Commanders	0 	0.0 	0 	0.0 	0.0 	0 	0.0 	0.0 	0.0 	0.0 	0.0 	-		Seattle Seahawks	Los Angeles Chargers	0 	0.0 	0 	0.0 	0.5 	7 	0.1 	0.0 	0.0 	0.0 	1.0 	TE38		Seattle Seahawks	San Francisco 49ers	0 	0.0 	0 	0.0 	0.5 	8 	0.1 	0.0 	0.0 	0.0 	1.1 	TE34		Seattle Seahawks	Denver Broncos	0 	0.0 	0 	0.0 	0.5 	7 	0.0 	0.0 	0.0 	0.0 	1.0 	TE34		Seattle Seahawks	Kansas City Chiefs	0 	0.0 	0 	0.0 	0.5 	7 	0.1 	0.0 	0.0 	0.0 	1.0 	TE33		Seattle Seahawks	Chicago Bears	0 	0.0 	0 	0.0 	0.5 	7 	0.1 	0.0 	0.0 	0.0 	1.1 	TE34		Seattle Seahawks	Arizona Cardinals	0 	0.0 	0 	0.0 	0.5 	7 	0.1 	0.0 	0.0 	0.0 	1.1 	TE37		Seattle Seahawks	Las Vegas Raiders	0 	0.0 	0 	0.0 	0.5 	7 	0.1 	0.0 	0.0 	0.0 	1.0 	TE34		Seattle Seahawks	BYE	0 	0.0 	0 	0.0 	0.0 	0 	0.0 	0.0 	0.0 	0.0 	0.0 	-		Seattle Seahawks	San Francisco 49ers	0 	0.0 	0 	0.0 	0.5 	7 	0.1 	0.0 	0.0 	0.0 	1.0 	TE39		Seattle Seahawks	Dallas Cowboys	0 	0.0 	0 	0.0 	0.5 	7 	0.1 	0.0 	0.0 	0.0 	1.1 	TE34		Seattle Seahawks	New York Giants	0 	0.0 	0 	0.0 	0.5 	7 	0.1 	0.0 	0.0 	0.0 	1.1 	TE37		Seattle Seahawks	Philadelphia Eagles	0 	0.0 	0 	0.0 	0.5 	7 	0.0 	0.0 	0.0 	0.0 	1.0 	TE39		Seattle Seahawks	Los Angeles Rams	0 	0.0 	0 	0.0 	0.5 	7 	0.1 	0.0 	0.0 	0.0 	1.1 	TE39		Seattle Seahawks	Carolina Panthers	0 	0.0 	0 	0.0 	0.5 	7 	0.1 	0.0 	0.0 	0.0 	1.0 	TE39		Actual	Actual	Actual	Forecast	Forecast	Forecast	Forecast	Forecast	Forecast	Forecast	Forecast	Forecast	Forecast	Forecast	Forecast	Forecast	Forecast		Healthy	Healthy	Healthy	Healthy	Healthy	Healthy	Healthy	Healthy	Healthy	Healthy	Healthy	Healthy	Healthy	Healthy	Healthy	Healthy	Healthy		Week 4 2026	9/29/2026	8:41:33 PM	20		3%	3%	0%	0%	0%	0%		0.1 
	Demond Claiborne	Minnesota Vikings	RB	RB67	1.6 	24 	0 	0.0 	0.0 	0.0 	147 	9.8 	1.0 	0.1 	5.1 	0.3 	30 	2.0 	0.2 	0.0 	0.0 	0.4 	0.0 	0.064 	1.000 	0.173 	(1)	0.000 	0.000 	220 	232 	12 	67 	71 	4 	0.088 																0.0 	0.2 	0.1 	1.4 	1.3 	0.0 	2.1 	1.8 	1.9 	1.7 	1.8 	2.1 	2.0 	1.7 	1.9 	2.1 	1.9 		-	RB64	RB60	RB61	RB61	-	RB56	RB55	RB62	RB57	RB51	RB65	RB59	RB64	RB66	RB67	RB66		RB67	1.8 	0.0 	0.0 	11.2 	0.1 	0.3 	2.2 	0.0 	67 	0.084 	1.000 	0.173 	(1)	0.000 	0.000 	218 	0.091 		24 														RB90	0.2 	0.0 	0.0 	72.8 	0.5 	2.0 	14.2 	0.1 	90 	0.003 	1.000 	0.000 	(1)	0.000 	0.000 	#N/A	0.000 		0.3 																	Minnesota Vikings	Green Bay Packers	0 	0.0 	0 	0.0 	0.0 	0 	0.0 	0.0 	0.0 	0.0 	0.0 	-		Minnesota Vikings	Chicago Bears	0 	0.0 	0 	0.0 	1.0 	2 	0.0 	0.0 	0.0 	0.0 	0.2 	RB64		Minnesota Vikings	Tampa Bay Buccaneers	0 	0.0 	1 	0.0 	0.0 	0 	0.0 	0.0 	0.0 	0.0 	0.1 	RB60		Minnesota Vikings	Miami Dolphins	0 	0.0 	7 	0.1 	0.3 	2 	0.0 	0.0 	0.0 	0.0 	1.4 	RB61		Minnesota Vikings	New Orleans Saints	0 	0.0 	6 	0.1 	0.3 	2 	0.0 	0.0 	0.0 	0.0 	1.3 	RB61		Minnesota Vikings	BYE	0 	0.0 	0 	0.0 	0.0 	0 	0.0 	0.0 	0.0 	0.0 	0.0 	-		Minnesota Vikings	Indianapolis Colts	0 	0.0 	13 	0.1 	0.3 	2 	0.0 	0.0 	0.0 	0.0 	2.1 	RB56		Minnesota Vikings	Detroit Lions	0 	0.0 	11 	0.1 	0.3 	2 	0.0 	0.0 	0.0 	0.0 	1.8 	RB55		Minnesota Vikings	Buffalo Bills	0 	0.0 	12 	0.1 	0.3 	2 	0.0 	0.0 	0.0 	0.0 	1.9 	RB62		Minnesota Vikings	Green Bay Packers	0 	0.0 	11 	0.1 	0.3 	2 	0.0 	0.0 	0.0 	0.0 	1.7 	RB57		Minnesota Vikings	San Francisco 49ers	0 	0.0 	11 	0.1 	0.3 	2 	0.0 	0.0 	0.0 	0.0 	1.8 	RB51		Minnesota Vikings	Atlanta Falcons	0 	0.0 	13 	0.1 	0.3 	2 	0.0 	0.0 	0.0 	0.0 	2.1 	RB65		Minnesota Vikings	Carolina Panthers	0 	0.0 	13 	0.1 	0.3 	2 	0.0 	0.0 	0.0 	0.0 	2.0 	RB59		Minnesota Vikings	New England Patriots	0 	0.0 	11 	0.1 	0.3 	2 	0.0 	0.0 	0.0 	0.0 	1.7 	RB64		Minnesota Vikings	Detroit Lions	0 	0.0 	12 	0.1 	0.3 	2 	0.0 	0.0 	0.0 	0.0 	1.9 	RB66		Minnesota Vikings	Washington Commanders	0 	0.0 	13 	0.1 	0.3 	2 	0.0 	0.0 	0.0 	0.0 	2.1 	RB67		Minnesota Vikings	New York Jets	0 	0.0 	12 	0.1 	0.3 	2 	0.0 	0.0 	0.0 	0.0 	1.9 	RB66		Actual	Actual	Actual	Forecast	Forecast	Forecast	Forecast	Forecast	Forecast	Forecast	Forecast	Forecast	Forecast	Forecast	Forecast	Forecast	Forecast		Healthy	Healthy	Healthy	Healthy	Healthy	Healthy	Healthy	Healthy	Healthy	Healthy	Healthy	Healthy	Healthy	Healthy	Healthy	Healthy	Healthy		Week 4 2026	9/29/2026	8:41:33 PM	20		1%	1%	10%	9%	0%	0%		0.1 
	Kirk Cousins	Las Vegas Raiders	QB	QB31	13.7 	219 	3,334 	208.4 	26.5 	1.7 	25 	1.6 	0.2 	0.0 	0.0 	0.0 	0 	0.0 	0.0 	0.0 	10.9 	1.0 	0.0 	0.588 	0.460 	0.158 	0 	0.071 	0.000 	205 	233 	28 	27 	31 	4 	0.117 																13.8 	20.2 	22.2 	14.1 	13.1 	13.9 	13.8 	12.9 	13.5 	12.9 	12.6 	12.7 	0.0 	10.8 	10.3 	11.1 	11.1 		QB21	QB10	QB9	QB23	QB27	QB23	QB26	QB27	QB26	QB26	QB24	QB30	-	QB29	QB31	QB31	QB31		QB30	12.5 	205.6 	1.3 	2.1 	0.0 	0.0 	0.0 	0.0 	30 	0.582 	0.460 	0.114 	0 	0.059 	0.000 	220 	0.088 		163 														QB9	18.7 	891.1 	5.8 	9.0 	0.1 	0.0 	0.0 	0.0 	9 	0.605 	0.460 	0.385 	1 	0.340 	0.000 	#N/A	0.364 		56.2 																	Las Vegas Raiders	Miami Dolphins	160 	3.0 	(6)	0.0 	0.0 	0 	0.0 	2.0 	0.0 	0.0 	13.8 	QB21		Las Vegas Raiders	Los Angeles Chargers	253 	3.0 	1 	0.0 	0.0 	0 	0.0 	1.0 	0.0 	0.0 	20.2 	QB10		Las Vegas Raiders	New Orleans Saints	248 	3.0 	3 	0.0 	0.0 	0 	0.0 	0.0 	0.0 	0.0 	22.2 	QB9		Las Vegas Raiders	Kansas City Chiefs	224 	1.6 	2 	0.0 	0.0 	0 	0.0 	0.6 	0.1 	0.0 	14.1 	QB23		Las Vegas Raiders	New England Patriots	220 	1.4 	2 	0.0 	0.0 	0 	0.0 	0.6 	0.1 	0.0 	13.1 	QB27		Las Vegas Raiders	Buffalo Bills	225 	1.5 	2 	0.0 	0.0 	0 	0.0 	0.6 	0.1 	0.0 	13.9 	QB23		Las Vegas Raiders	Los Angeles Rams	226 	1.5 	2 	0.0 	0.0 	0 	0.0 	0.6 	0.1 	0.0 	13.8 	QB26		Las Vegas Raiders	New York Jets	212 	1.4 	2 	0.0 	0.0 	0 	0.0 	0.6 	0.1 	0.0 	12.9 	QB27		Las Vegas Raiders	San Francisco 49ers	224 	1.4 	2 	0.0 	0.0 	0 	0.0 	0.6 	0.1 	0.0 	13.5 	QB26		Las Vegas Raiders	Seattle Seahawks	217 	1.4 	2 	0.0 	0.0 	0 	0.0 	0.6 	0.1 	0.0 	12.9 	QB26		Las Vegas Raiders	Denver Broncos	216 	1.3 	2 	0.0 	0.0 	0 	0.0 	0.6 	0.1 	0.0 	12.6 	QB24		Las Vegas Raiders	Cleveland Browns	210 	1.4 	2 	0.0 	0.0 	0 	0.0 	0.6 	0.1 	0.0 	12.7 	QB30		Las Vegas Raiders	BYE	0 	0.0 	0 	0.0 	0.0 	0 	0.0 	0.0 	0.0 	0.0 	0.0 	-		Las Vegas Raiders	Los Angeles Chargers	177 	1.1 	2 	0.0 	0.0 	0 	0.0 	0.5 	0.1 	0.0 	10.8 	QB29		Las Vegas Raiders	Denver Broncos	172 	1.1 	2 	0.0 	0.0 	0 	0.0 	0.5 	0.1 	0.0 	10.3 	QB31		Las Vegas Raiders	Tennessee Titans	175 	1.2 	2 	0.0 	0.0 	0 	0.0 	0.5 	0.1 	0.0 	11.1 	QB31		Las Vegas Raiders	Arizona Cardinals	175 	1.2 	2 	0.0 	0.0 	0 	0.0 	0.5 	0.1 	0.0 	11.1 	QB31		Actual	Actual	Actual	Forecast	Forecast	Forecast	Forecast	Forecast	Forecast	Forecast	Forecast	Forecast	Forecast	Forecast	Forecast	Forecast	Forecast		Healthy	Healthy	Healthy	Healthy	Healthy	Healthy	Healthy	Healthy	Healthy	Healthy	Healthy	Healthy	Healthy	Healthy	Healthy	Healthy	Healthy		Week 4 2026	9/29/2026	8:41:33 PM	20		0%	0%	2%	2%	80%	80%		(0.2)
	Dawson Knox	Buffalo Bills	TE	TE35	1.5 	24 	0 	0.0 	0.0 	0.0 	0 	0.0 	0.0 	0.0 	4.0 	0.3 	131 	8.2 	1.9 	0.1 	0.0 	0.0 	0.0 	0.065 	0.560 	0.249 	(1)	0.000 	0.000 	209 	0 	(209)	35 	0 	(35)	0.109 																0.7 	6.5 	0.5 	1.3 	1.3 	1.3 	0.0 	1.3 	1.3 	1.2 	1.3 	1.3 	1.2 	1.3 	1.3 	1.2 	1.3 		TE33	TE14	TE29	TE36	TE33	TE32	-	TE33	TE35	TE33	TE30	TE37	TE32	TE35	TE37	TE37	TE37		TE36	1.3 	0.0 	0.0 	0.0 	0.0 	0.0 	8.8 	0.1 	36 	0.059 	0.560 	0.239 	(1)	0.000 	0.000 	211 	0.104 		17 														TE40	2.6 	0.0 	0.0 	0.0 	0.0 	0.0 	38.1 	0.3 	40 	0.083 	0.560 	0.198 	(1)	0.000 	0.000 	#N/A	0.092 		7.7 																	Buffalo Bills	Houston Texans	0 	0.0 	0 	0.0 	1.0 	7 	0.0 	0.0 	0.0 	0.0 	0.7 	TE33		Buffalo Bills	Detroit Lions	0 	0.0 	0 	0.0 	2.0 	5 	1.0 	0.0 	0.0 	0.0 	6.5 	TE14		Buffalo Bills	Los Angeles Chargers	0 	0.0 	0 	0.0 	1.0 	5 	0.0 	0.0 	0.0 	0.0 	0.5 	TE29		Buffalo Bills	New England Patriots	0 	0.0 	0 	0.0 	0.0 	9 	0.1 	0.0 	0.0 	0.0 	1.3 	TE36		Buffalo Bills	Los Angeles Rams	0 	0.0 	0 	0.0 	0.0 	9 	0.1 	0.0 	0.0 	0.0 	1.3 	TE33		Buffalo Bills	Las Vegas Raiders	0 	0.0 	0 	0.0 	0.0 	9 	0.1 	0.0 	0.0 	0.0 	1.3 	TE32		Buffalo Bills	BYE	0 	0.0 	0 	0.0 	0.0 	0 	0.0 	0.0 	0.0 	0.0 	0.0 	-		Buffalo Bills	Baltimore Ravens	0 	0.0 	0 	0.0 	0.0 	9 	0.1 	0.0 	0.0 	0.0 	1.3 	TE33		Buffalo Bills	Minnesota Vikings	0 	0.0 	0 	0.0 	0.0 	9 	0.1 	0.0 	0.0 	0.0 	1.3 	TE35		Buffalo Bills	New York Jets	0 	0.0 	0 	0.0 	0.0 	9 	0.1 	0.0 	0.0 	0.0 	1.2 	TE33		Buffalo Bills	Miami Dolphins	0 	0.0 	0 	0.0 	0.0 	9 	0.1 	0.0 	0.0 	0.0 	1.3 	TE30		Buffalo Bills	Kansas City Chiefs	0 	0.0 	0 	0.0 	0.0 	9 	0.1 	0.0 	0.0 	0.0 	1.3 	TE37		Buffalo Bills	New England Patriots	0 	0.0 	0 	0.0 	0.0 	9 	0.1 	0.0 	0.0 	0.0 	1.2 	TE32		Buffalo Bills	Green Bay Packers	0 	0.0 	0 	0.0 	0.0 	9 	0.1 	0.0 	0.0 	0.0 	1.3 	TE35		Buffalo Bills	Chicago Bears	0 	0.0 	0 	0.0 	0.0 	9 	0.1 	0.0 	0.0 	0.0 	1.3 	TE37		Buffalo Bills	Denver Broncos	0 	0.0 	0 	0.0 	0.0 	9 	0.1 	0.0 	0.0 	0.0 	1.2 	TE37		Buffalo Bills	Miami Dolphins	0 	0.0 	0 	0.0 	0.0 	9 	0.1 	0.0 	0.0 	0.0 	1.3 	TE37		Actual	Actual	Actual	Forecast	Forecast	Forecast	Forecast	Forecast	Forecast	Forecast	Forecast	Forecast	Forecast	Forecast	Forecast	Forecast	Forecast		Healthy	Healthy	Healthy	Healthy	Healthy	Healthy	Healthy	Healthy	Healthy	Healthy	Healthy	Healthy	Healthy	Healthy	Healthy	Healthy	Healthy		Week 4 2026	9/29/2026	8:41:33 PM	20		4%	5%	0%	0%	0%	0%		0.0 
	Germie Bernard	Pittsburgh Steelers	WR	WR85	2.2 	33 	0 	0.0 	0.0 	0.0 	0 	0.0 	0.0 	0.0 	22.1 	1.5 	255 	17.0 	1.2 	0.1 	0.0 	0.0 	0.0 	0.088 	1.000 	0.150 	(1)	0.000 	0.000 	224 	278 	54 	85 	91 	6 	0.081 																0.0 	3.5 	1.4 	2.1 	2.3 	2.2 	2.2 	2.1 	0.0 	2.2 	2.1 	2.0 	2.1 	2.1 	2.2 	2.2 	2.1 		-	WR48	WR76	WR80	WR77	WR72	WR70	WR74	-	WR73	WR71	WR85	WR75	WR79	WR85	WR85	WR85		WR85	2.1 	0.0 	0.0 	0.0 	0.0 	1.3 	15.8 	0.1 	85 	0.099 	1.000 	0.150 	(1)	0.000 	0.000 	222 	0.082 		28 														WR110	2.5 	0.0 	0.0 	0.0 	0.0 	8.6 	102.9 	0.6 	110 	0.053 	1.000 	0.000 	(1)	0.000 	0.000 	#N/A	0.008 		4.9 																	Pittsburgh Steelers	Atlanta Falcons	0 	0.0 	0 	0.0 	0.0 	0 	0.0 	0.0 	0.0 	0.0 	0.0 	-		Pittsburgh Steelers	New England Patriots	0 	0.0 	0 	0.0 	4.0 	35 	0.0 	0.0 	0.0 	0.0 	3.5 	WR48		Pittsburgh Steelers	Cincinnati Bengals	0 	0.0 	0 	0.0 	1.0 	14 	0.0 	0.0 	0.0 	0.0 	1.4 	WR76		Pittsburgh Steelers	Cleveland Browns	0 	0.0 	0 	0.0 	1.3 	15 	0.1 	0.0 	0.0 	0.0 	2.1 	WR80		Pittsburgh Steelers	Indianapolis Colts	0 	0.0 	0 	0.0 	1.4 	17 	0.1 	0.0 	0.0 	0.0 	2.3 	WR77		Pittsburgh Steelers	Tampa Bay Buccaneers	0 	0.0 	0 	0.0 	1.3 	16 	0.1 	0.0 	0.0 	0.0 	2.2 	WR72		Pittsburgh Steelers	New Orleans Saints	0 	0.0 	0 	0.0 	1.3 	16 	0.1 	0.0 	0.0 	0.0 	2.2 	WR70		Pittsburgh Steelers	Cleveland Browns	0 	0.0 	0 	0.0 	1.3 	15 	0.1 	0.0 	0.0 	0.0 	2.1 	WR74		Pittsburgh Steelers	BYE	0 	0.0 	0 	0.0 	0.0 	0 	0.0 	0.0 	0.0 	0.0 	0.0 	-		Pittsburgh Steelers	Cincinnati Bengals	0 	0.0 	0 	0.0 	1.4 	16 	0.1 	0.0 	0.0 	0.0 	2.2 	WR73		Pittsburgh Steelers	Philadelphia Eagles	0 	0.0 	0 	0.0 	1.3 	16 	0.1 	0.0 	0.0 	0.0 	2.1 	WR71		Pittsburgh Steelers	Denver Broncos	0 	0.0 	0 	0.0 	1.3 	15 	0.1 	0.0 	0.0 	0.0 	2.0 	WR85		Pittsburgh Steelers	Houston Texans	0 	0.0 	0 	0.0 	1.3 	16 	0.1 	0.0 	0.0 	0.0 	2.1 	WR75		Pittsburgh Steelers	Jacksonville Jaguars	0 	0.0 	0 	0.0 	1.3 	16 	0.1 	0.0 	0.0 	0.0 	2.1 	WR79		Pittsburgh Steelers	Baltimore Ravens	0 	0.0 	0 	0.0 	1.3 	16 	0.1 	0.0 	0.0 	0.0 	2.2 	WR85		Pittsburgh Steelers	Carolina Panthers	0 	0.0 	0 	0.0 	1.3 	16 	0.1 	0.0 	0.0 	0.0 	2.2 	WR85		Pittsburgh Steelers	Tennessee Titans	0 	0.0 	0 	0.0 	1.3 	16 	0.1 	0.0 	0.0 	0.0 	2.1 	WR85		Actual	Actual	Actual	Forecast	Forecast	Forecast	Forecast	Forecast	Forecast	Forecast	Forecast	Forecast	Forecast	Forecast	Forecast	Forecast	Forecast		Healthy	Healthy	Healthy	Healthy	Healthy	Healthy	Healthy	Healthy	Healthy	Healthy	Healthy	Healthy	Healthy	Healthy	Healthy	Healthy	Healthy		Week 4 2026	9/29/2026	8:41:33 PM	20		7%	6%	0%	0%	0%	0%		0.1 
	Nicholas Singleton	Tennessee Titans	RB	RB69	1.4 	20 	0 	0.0 	0.0 	0.0 	78 	5.6 	0.7 	0.0 	8.4 	0.6 	59 	4.2 	0.4 	0.0 	0.0 	0.2 	0.0 	0.053 	1.000 	0.147 	(1)	0.000 	0.000 	227 	216 	(11)	69 	69 	0 	0.074 																0.0 	1.0 	0.0 	1.2 	1.4 	1.5 	1.5 	1.4 	0.0 	1.5 	1.4 	1.4 	1.5 	1.4 	1.6 	1.4 	1.4 		-	RB60	-	RB62	RB60	RB58	RB60	RB58	-	RB59	RB54	RB69	RB63	RB67	RB69	RB69	RB70		RB68	1.4 	0.0 	0.0 	5.2 	0.1 	0.6 	4.5 	0.0 	68 	0.067 	1.000 	0.160 	(1)	0.000 	0.000 	223 	0.082 		19 														RB83	1.0 	0.0 	0.0 	67.9 	0.7 	8.4 	59.0 	0.4 	83 	0.011 	1.000 	0.000 	(1)	0.000 	0.000 	#N/A	0.002 		1.0 																	Tennessee Titans	New York Jets	0 	0.0 	0 	0.0 	0.0 	0 	0.0 	0.0 	0.0 	0.0 	0.0 	-		Tennessee Titans	Philadelphia Eagles	0 	0.0 	10 	0.0 	0.0 	0 	0.0 	0.0 	0.0 	0.0 	1.0 	RB60		Tennessee Titans	New York Giants	0 	0.0 	0 	0.0 	0.0 	0 	0.0 	0.0 	0.0 	0.0 	0.0 	-		Tennessee Titans	Baltimore Ravens	0 	0.0 	4 	0.0 	0.6 	4 	0.0 	0.0 	0.0 	0.0 	1.2 	RB62		Tennessee Titans	Houston Texans	0 	0.0 	5 	0.1 	0.6 	4 	0.0 	0.0 	0.0 	0.0 	1.4 	RB60		Tennessee Titans	Indianapolis Colts	0 	0.0 	5 	0.1 	0.7 	5 	0.0 	0.0 	0.0 	0.0 	1.5 	RB58		Tennessee Titans	Cleveland Browns	0 	0.0 	6 	0.1 	0.6 	4 	0.0 	0.0 	0.0 	0.0 	1.5 	RB60		Tennessee Titans	Cincinnati Bengals	0 	0.0 	5 	0.1 	0.7 	5 	0.0 	0.0 	0.0 	0.0 	1.4 	RB58		Tennessee Titans	BYE	0 	0.0 	0 	0.0 	0.0 	0 	0.0 	0.0 	0.0 	0.0 	0.0 	-		Tennessee Titans	Jacksonville Jaguars	0 	0.0 	6 	0.1 	0.6 	4 	0.0 	0.0 	0.0 	0.0 	1.5 	RB59		Tennessee Titans	Dallas Cowboys	0 	0.0 	5 	0.1 	0.7 	5 	0.0 	0.0 	0.0 	0.0 	1.4 	RB54		Tennessee Titans	Jacksonville Jaguars	0 	0.0 	5 	0.0 	0.7 	5 	0.0 	0.0 	0.0 	0.0 	1.4 	RB69		Tennessee Titans	Washington Commanders	0 	0.0 	6 	0.1 	0.7 	5 	0.0 	0.0 	0.0 	0.0 	1.5 	RB63		Tennessee Titans	Detroit Lions	0 	0.0 	5 	0.0 	0.7 	5 	0.0 	0.0 	0.0 	0.0 	1.4 	RB67		Tennessee Titans	Indianapolis Colts	0 	0.0 	6 	0.1 	0.7 	5 	0.0 	0.0 	0.0 	0.0 	1.6 	RB69		Tennessee Titans	Las Vegas Raiders	0 	0.0 	5 	0.1 	0.6 	4 	0.0 	0.0 	0.0 	0.0 	1.4 	RB69		Tennessee Titans	Pittsburgh Steelers	0 	0.0 	5 	0.1 	0.6 	4 	0.0 	0.0 	0.0 	0.0 	1.4 	RB70		Actual	Actual	Actual	Forecast	Forecast	Forecast	Forecast	Forecast	Forecast	Forecast	Forecast	Forecast	Forecast	Forecast	Forecast	Forecast	Forecast		Injured	Healthy	Healthy	Healthy	Healthy	Healthy	Healthy	Healthy	Healthy	Healthy	Healthy	Healthy	Healthy	Healthy	Healthy	Healthy	Healthy		Week 4 2026	9/29/2026	8:41:33 PM	20		2%	2%	5%	7%	0%	0%		0.1 
	Theo Johnson	New York Giants	TE	TE41	0.8 	11 	0 	0.0 	0.0 	0.0 	0 	0.0 	0.0 	0.0 	5.5 	0.4 	62 	4.4 	0.9 	0.1 	0.0 	0.0 	0.0 	0.031 	0.560 	0.188 	(1)	0.000 	0.000 	225 	228 	3 	41 	32 	(9)	0.080 																0.9 	0.0 	0.0 	0.8 	0.8 	0.8 	0.8 	0.0 	0.8 	0.8 	0.8 	0.8 	0.8 	0.8 	0.8 	0.8 	0.8 		TE32	-	-	TE39	TE36	TE35	TE34	-	TE38	TE35	TE32	TE40	TE35	TE38	TE40	TE40	TE40		TE41	0.8 	0.0 	0.0 	0.0 	0.0 	0.3 	4.1 	0.1 	41 	0.038 	0.560 	0.188 	(1)	0.000 	0.000 	224 	0.081 		11 														TE76	0.9 	0.0 	0.0 	0.0 	0.0 	4.5 	53.2 	0.9 	76 	0.010 	0.560 	0.000 	(1)	0.000 	0.000 	#N/A	0.001 		0.9 																	New York Giants	Dallas Cowboys	0 	0.0 	0 	0.0 	1.0 	9 	0.0 	0.0 	0.0 	0.0 	0.9 	TE32		New York Giants	Los Angeles Rams	0 	0.0 	0 	0.0 	0.0 	0 	0.0 	0.0 	0.0 	0.0 	0.0 	-		New York Giants	Tennessee Titans	0 	0.0 	0 	0.0 	0.0 	0 	0.0 	0.0 	0.0 	0.0 	0.0 	-		New York Giants	Arizona Cardinals	0 	0.0 	0 	0.0 	0.3 	4 	0.1 	0.0 	0.0 	0.0 	0.8 	TE39		New York Giants	Washington Commanders	0 	0.0 	0 	0.0 	0.4 	4 	0.1 	0.0 	0.0 	0.0 	0.8 	TE36		New York Giants	New Orleans Saints	0 	0.0 	0 	0.0 	0.3 	4 	0.1 	0.0 	0.0 	0.0 	0.8 	TE35		New York Giants	Houston Texans	0 	0.0 	0 	0.0 	0.3 	4 	0.1 	0.0 	0.0 	0.0 	0.8 	TE34		New York Giants	BYE	0 	0.0 	0 	0.0 	0.0 	0 	0.0 	0.0 	0.0 	0.0 	0.0 	-		New York Giants	Philadelphia Eagles	0 	0.0 	0 	0.0 	0.3 	4 	0.1 	0.0 	0.0 	0.0 	0.8 	TE38		New York Giants	Washington Commanders	0 	0.0 	0 	0.0 	0.4 	4 	0.1 	0.0 	0.0 	0.0 	0.8 	TE35		New York Giants	Jacksonville Jaguars	0 	0.0 	0 	0.0 	0.3 	4 	0.1 	0.0 	0.0 	0.0 	0.8 	TE32		New York Giants	Indianapolis Colts	0 	0.0 	0 	0.0 	0.3 	4 	0.1 	0.0 	0.0 	0.0 	0.8 	TE40		New York Giants	San Francisco 49ers	0 	0.0 	0 	0.0 	0.3 	4 	0.1 	0.0 	0.0 	0.0 	0.8 	TE35		New York Giants	Seattle Seahawks	0 	0.0 	0 	0.0 	0.4 	4 	0.1 	0.0 	0.0 	0.0 	0.8 	TE38		New York Giants	Cleveland Browns	0 	0.0 	0 	0.0 	0.3 	4 	0.1 	0.0 	0.0 	0.0 	0.8 	TE40		New York Giants	Detroit Lions	0 	0.0 	0 	0.0 	0.4 	4 	0.1 	0.0 	0.0 	0.0 	0.8 	TE40		New York Giants	Dallas Cowboys	0 	0.0 	0 	0.0 	0.4 	4 	0.1 	0.0 	0.0 	0.0 	0.8 	TE40		Actual	Actual	Actual	Forecast	Forecast	Forecast	Forecast	Forecast	Forecast	Forecast	Forecast	Forecast	Forecast	Forecast	Forecast	Forecast	Forecast		Healthy	Healthy	Healthy	Healthy	Healthy	Healthy	Healthy	Healthy	Healthy	Healthy	Healthy	Healthy	Healthy	Healthy	Healthy	Healthy	Healthy		Week 4 2026	9/29/2026	8:41:33 PM	20		2%	5%	0%	0%	0%	0%		0.1 
	Jahan Dotson	Atlanta Falcons	WR	WR89	1.8 	29 	0 	0.0 	0.0 	0.0 	0 	0.0 	0.0 	0.0 	20.9 	1.3 	227 	14.2 	1.0 	0.1 	0.0 	0.0 	0.0 	0.077 	1.000 	0.110 	(1)	0.000 	0.000 	235 	318 	83 	89 	105 	16 	0.061 																1.9 	1.1 	1.1 	1.9 	1.9 	1.9 	1.9 	1.9 	2.0 	1.9 	0.0 	1.8 	2.0 	1.8 	1.9 	1.9 	1.9 		WR75	WR75	WR78	WR82	WR81	WR75	WR76	WR78	WR82	WR77	-	WR91	WR78	WR85	WR88	WR91	WR89		WR89	1.9 	0.0 	0.0 	0.0 	0.0 	1.3 	14.3 	0.1 	89 	0.088 	1.000 	0.110 	(1)	0.000 	0.000 	235 	0.063 		25 														WR114	1.4 	0.0 	0.0 	0.0 	0.0 	5.6 	62.0 	0.3 	114 	0.044 	1.000 	0.000 	(1)	0.000 	0.000 	#N/A	0.007 		4.1 																	Atlanta Falcons	Pittsburgh Steelers	0 	0.0 	0 	0.0 	1.0 	19 	0.0 	0.0 	0.0 	0.0 	1.9 	WR75		Atlanta Falcons	Carolina Panthers	0 	0.0 	0 	0.0 	2.0 	11 	0.0 	0.0 	0.0 	0.0 	1.1 	WR75		Atlanta Falcons	Green Bay Packers	0 	0.0 	0 	0.0 	1.0 	11 	0.0 	0.0 	0.0 	0.0 	1.1 	WR78		Atlanta Falcons	New Orleans Saints	0 	0.0 	0 	0.0 	1.3 	14 	0.1 	0.0 	0.0 	0.0 	1.9 	WR82		Atlanta Falcons	Baltimore Ravens	0 	0.0 	0 	0.0 	1.3 	15 	0.1 	0.0 	0.0 	0.0 	1.9 	WR81		Atlanta Falcons	Chicago Bears	0 	0.0 	0 	0.0 	1.3 	14 	0.1 	0.0 	0.0 	0.0 	1.9 	WR75		Atlanta Falcons	San Francisco 49ers	0 	0.0 	0 	0.0 	1.3 	14 	0.1 	0.0 	0.0 	0.0 	1.9 	WR76		Atlanta Falcons	Tampa Bay Buccaneers	0 	0.0 	0 	0.0 	1.3 	14 	0.1 	0.0 	0.0 	0.0 	1.9 	WR78		Atlanta Falcons	Cincinnati Bengals	0 	0.0 	0 	0.0 	1.4 	15 	0.1 	0.0 	0.0 	0.0 	2.0 	WR82		Atlanta Falcons	Kansas City Chiefs	0 	0.0 	0 	0.0 	1.3 	14 	0.1 	0.0 	0.0 	0.0 	1.9 	WR77		Atlanta Falcons	BYE	0 	0.0 	0 	0.0 	0.0 	0 	0.0 	0.0 	0.0 	0.0 	0.0 	-		Atlanta Falcons	Minnesota Vikings	0 	0.0 	0 	0.0 	1.3 	14 	0.1 	0.0 	0.0 	0.0 	1.8 	WR91		Atlanta Falcons	Detroit Lions	0 	0.0 	0 	0.0 	1.3 	15 	0.1 	0.0 	0.0 	0.0 	2.0 	WR78		Atlanta Falcons	Cleveland Browns	0 	0.0 	0 	0.0 	1.2 	14 	0.1 	0.0 	0.0 	0.0 	1.8 	WR85		Atlanta Falcons	Washington Commanders	0 	0.0 	0 	0.0 	1.3 	14 	0.1 	0.0 	0.0 	0.0 	1.9 	WR88		Atlanta Falcons	Tampa Bay Buccaneers	0 	0.0 	0 	0.0 	1.3 	14 	0.1 	0.0 	0.0 	0.0 	1.9 	WR91		Atlanta Falcons	New Orleans Saints	0 	0.0 	0 	0.0 	1.3 	14 	0.1 	0.0 	0.0 	0.0 	1.9 	WR89		Actual	Actual	Actual	Forecast	Forecast	Forecast	Forecast	Forecast	Forecast	Forecast	Forecast	Forecast	Forecast	Forecast	Forecast	Forecast	Forecast		Healthy	Healthy	Healthy	Healthy	Healthy	Healthy	Healthy	Healthy	Healthy	Healthy	Healthy	Healthy	Healthy	Healthy	Healthy	Healthy	Healthy		Week 4 2026	9/29/2026	8:41:33 PM	20		7%	6%	0%	0%	0%	0%		0.1 
	Dylan Sampson	Cleveland Browns	RB	RB71	1.6 	17 	0 	0.0 	0.0 	0.0 	63 	5.7 	0.4 	0.0 	9.9 	0.9 	74 	6.8 	0.3 	0.0 	0.0 	0.2 	0.0 	0.046 	1.000 	0.121 	(1)	0.000 	0.000 	234 	148 	(86)	71 	53 	(18)	0.062 				-	-		-	-		-	-		-	-		0.0 	0.0 	0.0 	0.0 	0.0 	1.5 	1.6 	1.5 	1.6 	1.5 	0.0 	1.7 	1.6 	1.7 	1.5 	1.4 	1.6 		-	-	-	-	-	RB56	RB59	RB57	RB63	RB60	-	RB66	RB62	RB65	RB70	RB70	RB68		RB70	1.6 	0.0 	0.0 	5.7 	0.0 	0.9 	6.8 	0.0 	70 	0.062 	1.000 	0.134 	(1)	0.000 	0.000 	230 	0.070 		17 														-	0.0 	0.0 	0.0 	0.0 	0.0 	0.0 	0.0 	0.0 	#N/A	0.000 	1.000 	#N/A	(1)	0.000 	0.000 	#N/A	#N/A		0.0 																	Cleveland Browns	Jacksonville Jaguars	0 	0.0 	0 	0.0 	0.0 	0 	0.0 	0.0 	0.0 	0.0 	0.0 	-		Cleveland Browns	Tampa Bay Buccaneers	0 	0.0 	0 	0.0 	0.0 	0 	0.0 	0.0 	0.0 	0.0 	0.0 	-		Cleveland Browns	Carolina Panthers	0 	0.0 	0 	0.0 	0.0 	0 	0.0 	0.0 	0.0 	0.0 	0.0 	-		Cleveland Browns	Pittsburgh Steelers	0 	0.0 	0 	0.0 	0.0 	0 	0.0 	0.0 	0.0 	0.0 	0.0 	-		Cleveland Browns	New York Jets	0 	0.0 	0 	0.0 	0.0 	0 	0.0 	0.0 	0.0 	0.0 	0.0 	-		Cleveland Browns	Baltimore Ravens	0 	0.0 	5 	0.0 	0.9 	7 	0.0 	0.0 	0.0 	0.0 	1.5 	RB56		Cleveland Browns	Tennessee Titans	0 	0.0 	6 	0.0 	0.9 	7 	0.0 	0.0 	0.0 	0.0 	1.6 	RB59		Cleveland Browns	Pittsburgh Steelers	0 	0.0 	5 	0.0 	0.9 	7 	0.0 	0.0 	0.0 	0.0 	1.5 	RB57		Cleveland Browns	New Orleans Saints	0 	0.0 	6 	0.0 	0.9 	7 	0.0 	0.0 	0.0 	0.0 	1.6 	RB63		Cleveland Browns	Houston Texans	0 	0.0 	5 	0.0 	0.9 	7 	0.0 	0.0 	0.0 	0.0 	1.5 	RB60		Cleveland Browns	BYE	0 	0.0 	0 	0.0 	0.0 	0 	0.0 	0.0 	0.0 	0.0 	0.0 	-		Cleveland Browns	Las Vegas Raiders	0 	0.0 	6 	0.0 	0.9 	7 	0.0 	0.0 	0.0 	0.0 	1.7 	RB66		Cleveland Browns	Cincinnati Bengals	0 	0.0 	6 	0.0 	0.9 	7 	0.0 	0.0 	0.0 	0.0 	1.6 	RB62		Cleveland Browns	Atlanta Falcons	0 	0.0 	6 	0.0 	0.9 	7 	0.0 	0.0 	0.0 	0.0 	1.7 	RB65		Cleveland Browns	New York Giants	0 	0.0 	6 	0.0 	0.9 	7 	0.0 	0.0 	0.0 	0.0 	1.5 	RB70		Cleveland Browns	Baltimore Ravens	0 	0.0 	5 	0.0 	0.9 	7 	0.0 	0.0 	0.0 	0.0 	1.4 	RB70		Cleveland Browns	Indianapolis Colts	0 	0.0 	6 	0.0 	0.9 	7 	0.0 	0.0 	0.0 	0.0 	1.6 	RB68		Actual	Actual	Actual	Forecast	Forecast	Forecast	Forecast	Forecast	Forecast	Forecast	Forecast	Forecast	Forecast	Forecast	Forecast	Forecast	Forecast		Healthy	Injured	Injured	Injured	Injured	Healthy	Healthy	Healthy	Healthy	Healthy	Healthy	Healthy	Healthy	Healthy	Healthy	Healthy	Healthy		Week 4 2026	9/29/2026	8:41:33 PM	20		3%	2%	6%	5%	0%	0%		0.1 
	Michael Penix Jr.	Atlanta Falcons	QB	QB32	12.4 	174 	2,888 	206.3 	17.7 	1.3 	66 	4.7 	0.3 	0.0 	0.0 	0.0 	0 	0.0 	0.0 	0.0 	9.4 	1.0 	0.0 	0.466 	0.460 	0.100 	(0)	0.000 	0.000 	238 	226 	(12)	31 	29 	(2)	0.053 																0.0 	0.0 	12.0 	12.7 	12.7 	12.5 	12.5 	12.3 	13.0 	12.1 	0.0 	11.7 	12.9 	11.5 	12.5 	12.4 	12.5 		-	-	QB24	QB29	QB28	QB27	QB27	QB28	QB27	QB27	-	QB31	QB27	QB28	QB30	QB30	QB30		QB31	12.4 	202.5 	1.3 	5.2 	0.0 	0.0 	0.0 	0.0 	31 	0.577 	0.460 	0.100 	0 	0.049 	0.000 	227 	0.076 		162 														QB35	12.0 	2,632.0 	16.7 	68.2 	0.3 	0.0 	0.0 	0.0 	35 	0.130 	0.460 	0.040 	(1)	0.000 	0.000 	#N/A	0.021 		12.0 																	Atlanta Falcons	Pittsburgh Steelers	0 	0.0 	0 	0.0 	0.0 	0 	0.0 	0.0 	0.0 	0.0 	0.0 	-		Atlanta Falcons	Carolina Panthers	0 	0.0 	0 	0.0 	0.0 	0 	0.0 	0.0 	0.0 	0.0 	0.0 	-		Atlanta Falcons	Green Bay Packers	256 	1.0 	(2)	0.0 	0.0 	0 	0.0 	1.0 	0.0 	0.0 	12.0 	QB24		Atlanta Falcons	New Orleans Saints	204 	1.3 	5 	0.0 	0.0 	0 	0.0 	0.6 	0.1 	0.0 	12.7 	QB29		Atlanta Falcons	Baltimore Ravens	206 	1.3 	5 	0.0 	0.0 	0 	0.0 	0.6 	0.1 	0.0 	12.7 	QB28		Atlanta Falcons	Chicago Bears	202 	1.3 	5 	0.0 	0.0 	0 	0.0 	0.6 	0.1 	0.0 	12.5 	QB27		Atlanta Falcons	San Francisco 49ers	204 	1.3 	5 	0.0 	0.0 	0 	0.0 	0.6 	0.1 	0.0 	12.5 	QB27		Atlanta Falcons	Tampa Bay Buccaneers	203 	1.3 	5 	0.0 	0.0 	0 	0.0 	0.6 	0.1 	0.0 	12.3 	QB28		Atlanta Falcons	Cincinnati Bengals	211 	1.4 	5 	0.0 	0.0 	0 	0.0 	0.6 	0.1 	0.0 	13.0 	QB27		Atlanta Falcons	Kansas City Chiefs	201 	1.2 	5 	0.0 	0.0 	0 	0.0 	0.6 	0.1 	0.0 	12.1 	QB27		Atlanta Falcons	BYE	0 	0.0 	0 	0.0 	0.0 	0 	0.0 	0.0 	0.0 	0.0 	0.0 	-		Atlanta Falcons	Minnesota Vikings	197 	1.2 	5 	0.0 	0.0 	0 	0.0 	0.6 	0.1 	0.0 	11.7 	QB31		Atlanta Falcons	Detroit Lions	208 	1.4 	5 	0.0 	0.0 	0 	0.0 	0.6 	0.1 	0.0 	12.9 	QB27		Atlanta Falcons	Cleveland Browns	193 	1.1 	5 	0.0 	0.0 	0 	0.0 	0.6 	0.1 	0.0 	11.5 	QB28		Atlanta Falcons	Washington Commanders	204 	1.3 	5 	0.0 	0.0 	0 	0.0 	0.6 	0.1 	0.0 	12.5 	QB30		Atlanta Falcons	Tampa Bay Buccaneers	201 	1.3 	5 	0.0 	0.0 	0 	0.0 	0.6 	0.1 	0.0 	12.4 	QB30		Atlanta Falcons	New Orleans Saints	199 	1.3 	6 	0.0 	0.0 	0 	0.0 	0.6 	0.1 	0.0 	12.5 	QB30		Actual	Actual	Actual	Forecast	Forecast	Forecast	Forecast	Forecast	Forecast	Forecast	Forecast	Forecast	Forecast	Forecast	Forecast	Forecast	Forecast		Injured	Injured	Healthy	Healthy	Healthy	Healthy	Healthy	Healthy	Healthy	Healthy	Healthy	Healthy	Healthy	Healthy	Healthy	Healthy	Healthy		Week 4 2026	9/29/2026	8:41:33 PM	20		0%	0%	4%	2%	99%	99%		0.0 
	Tory Horton	Seattle Seahawks	WR	WR86	2.2 	31 	0 	0.0 	0.0 	0.0 	0 	0.0 	0.0 	0.0 	16.2 	1.2 	237 	16.9 	1.2 	0.1 	0.0 	0.0 	0.0 	0.082 	1.000 	0.140 	(1)	0.000 	0.000 	226 	289 	63 	86 	98 	12 	0.075 																0.0 	0.0 	4.8 	1.9 	2.1 	1.9 	2.0 	2.0 	2.1 	1.9 	0.0 	2.0 	2.0 	2.0 	1.9 	2.0 	1.9 		-	-	WR44	WR81	WR78	WR74	WR71	WR75	WR80	WR75	-	WR87	WR77	WR81	WR91	WR87	WR88		WR87	2.0 	0.0 	0.0 	0.0 	0.0 	1.0 	14.5 	0.1 	87 	0.092 	1.000 	0.130 	(1)	0.000 	0.000 	229 	0.072 		26 														WR111	4.8 	0.0 	0.0 	0.0 	0.0 	13.2 	189.1 	1.2 	111 	0.052 	1.000 	0.000 	(1)	0.000 	0.000 	#N/A	0.008 		4.8 																	Seattle Seahawks	New England Patriots	0 	0.0 	0 	0.0 	0.0 	0 	0.0 	0.0 	0.0 	0.0 	0.0 	-		Seattle Seahawks	Arizona Cardinals	0 	0.0 	0 	0.0 	0.0 	0 	0.0 	0.0 	0.0 	0.0 	0.0 	-		Seattle Seahawks	Washington Commanders	0 	0.0 	0 	0.0 	3.0 	48 	0.0 	0.0 	0.0 	0.0 	4.8 	WR44		Seattle Seahawks	Los Angeles Chargers	0 	0.0 	0 	0.0 	1.0 	14 	0.1 	0.0 	0.0 	0.0 	1.9 	WR81		Seattle Seahawks	San Francisco 49ers	0 	0.0 	0 	0.0 	1.1 	15 	0.1 	0.0 	0.0 	0.0 	2.1 	WR78		Seattle Seahawks	Denver Broncos	0 	0.0 	0 	0.0 	1.0 	14 	0.1 	0.0 	0.0 	0.0 	1.9 	WR74		Seattle Seahawks	Kansas City Chiefs	0 	0.0 	0 	0.0 	1.0 	15 	0.1 	0.0 	0.0 	0.0 	2.0 	WR71		Seattle Seahawks	Chicago Bears	0 	0.0 	0 	0.0 	1.0 	15 	0.1 	0.0 	0.0 	0.0 	2.0 	WR75		Seattle Seahawks	Arizona Cardinals	0 	0.0 	0 	0.0 	1.0 	15 	0.1 	0.0 	0.0 	0.0 	2.1 	WR80		Seattle Seahawks	Las Vegas Raiders	0 	0.0 	0 	0.0 	1.0 	14 	0.1 	0.0 	0.0 	0.0 	1.9 	WR75		Seattle Seahawks	BYE	0 	0.0 	0 	0.0 	0.0 	0 	0.0 	0.0 	0.0 	0.0 	0.0 	-		Seattle Seahawks	San Francisco 49ers	0 	0.0 	0 	0.0 	1.0 	15 	0.1 	0.0 	0.0 	0.0 	2.0 	WR87		Seattle Seahawks	Dallas Cowboys	0 	0.0 	0 	0.0 	1.0 	15 	0.1 	0.0 	0.0 	0.0 	2.0 	WR77		Seattle Seahawks	New York Giants	0 	0.0 	0 	0.0 	1.0 	15 	0.1 	0.0 	0.0 	0.0 	2.0 	WR81		Seattle Seahawks	Philadelphia Eagles	0 	0.0 	0 	0.0 	1.0 	14 	0.1 	0.0 	0.0 	0.0 	1.9 	WR91		Seattle Seahawks	Los Angeles Rams	0 	0.0 	0 	0.0 	1.0 	15 	0.1 	0.0 	0.0 	0.0 	2.0 	WR87		Seattle Seahawks	Carolina Panthers	0 	0.0 	0 	0.0 	1.0 	14 	0.1 	0.0 	0.0 	0.0 	1.9 	WR88		Actual	Actual	Actual	Forecast	Forecast	Forecast	Forecast	Forecast	Forecast	Forecast	Forecast	Forecast	Forecast	Forecast	Forecast	Forecast	Forecast		Injured	Healthy	Healthy	Healthy	Healthy	Healthy	Healthy	Healthy	Healthy	Healthy	Healthy	Healthy	Healthy	Healthy	Healthy	Healthy	Healthy		Week 4 2026	9/29/2026	8:41:33 PM	20		6%	5%	0%	0%	0%	0%		0.1 
	Mason Taylor	New York Jets	TE	TE42	0.3 	3 	0 	0.0 	0.0 	0.0 	0 	0.0 	0.0 	0.0 	5.0 	0.4 	23 	1.8 	0.2 	0.0 	0.0 	0.0 	0.0 	0.009 	0.560 	0.178 	(2)	0.000 	0.000 	228 	220 	(8)	42 	30 	(12)	0.072 																(0.2)	0.0 	0.0 	0.0 	0.3 	0.3 	0.3 	0.3 	0.3 	0.3 	0.3 	0.3 	0.0 	0.3 	0.3 	0.3 	0.3 		TE44	-	-	-	TE37	TE36	TE36	TE37	TE40	TE36	TE34	TE42	-	TE40	TE42	TE42	TE42		TE42	0.3 	0.0 	0.0 	0.0 	0.0 	0.3 	2.1 	0.0 	42 	0.012 	0.560 	0.178 	(2)	0.000 	0.000 	228 	0.073 		3 														-	0.0 	0.0 	0.0 	0.0 	0.0 	0.0 	0.0 	0.0 	#N/A	(0.002)	0.560 	#N/A	(1)	0.000 	0.000 	#N/A	#N/A		(0.2)																	New York Jets	Tennessee Titans	0 	0.0 	0 	0.0 	2.0 	(2)	0.0 	0.0 	0.0 	0.0 	(0.2)	TE44		New York Jets	Green Bay Packers	0 	0.0 	0 	0.0 	0.0 	0 	0.0 	0.0 	0.0 	0.0 	0.0 	-		New York Jets	Detroit Lions	0 	0.0 	0 	0.0 	0.0 	0 	0.0 	0.0 	0.0 	0.0 	0.0 	-		New York Jets	Chicago Bears	0 	0.0 	0 	0.0 	0.0 	0 	0.0 	0.0 	0.0 	0.0 	0.0 	-		New York Jets	Cleveland Browns	0 	0.0 	0 	0.0 	0.3 	2 	0.0 	0.0 	0.0 	0.0 	0.3 	TE37		New York Jets	New England Patriots	0 	0.0 	0 	0.0 	0.3 	2 	0.0 	0.0 	0.0 	0.0 	0.3 	TE36		New York Jets	Miami Dolphins	0 	0.0 	0 	0.0 	0.3 	2 	0.0 	0.0 	0.0 	0.0 	0.3 	TE36		New York Jets	Las Vegas Raiders	0 	0.0 	0 	0.0 	0.3 	2 	0.0 	0.0 	0.0 	0.0 	0.3 	TE37		New York Jets	Kansas City Chiefs	0 	0.0 	0 	0.0 	0.3 	2 	0.0 	0.0 	0.0 	0.0 	0.3 	TE40		New York Jets	Buffalo Bills	0 	0.0 	0 	0.0 	0.3 	2 	0.0 	0.0 	0.0 	0.0 	0.3 	TE36		New York Jets	Los Angeles Chargers	0 	0.0 	0 	0.0 	0.3 	2 	0.0 	0.0 	0.0 	0.0 	0.3 	TE34		New York Jets	Miami Dolphins	0 	0.0 	0 	0.0 	0.3 	2 	0.0 	0.0 	0.0 	0.0 	0.3 	TE42		New York Jets	BYE	0 	0.0 	0 	0.0 	0.0 	0 	0.0 	0.0 	0.0 	0.0 	0.0 	-		New York Jets	Denver Broncos	0 	0.0 	0 	0.0 	0.3 	2 	0.0 	0.0 	0.0 	0.0 	0.3 	TE40		New York Jets	Arizona Cardinals	0 	0.0 	0 	0.0 	0.3 	2 	0.0 	0.0 	0.0 	0.0 	0.3 	TE42		New York Jets	New England Patriots	0 	0.0 	0 	0.0 	0.3 	2 	0.0 	0.0 	0.0 	0.0 	0.3 	TE42		New York Jets	Minnesota Vikings	0 	0.0 	0 	0.0 	0.2 	2 	0.0 	0.0 	0.0 	0.0 	0.3 	TE42		Actual	Actual	Actual	Forecast	Forecast	Forecast	Forecast	Forecast	Forecast	Forecast	Forecast	Forecast	Forecast	Forecast	Forecast	Forecast	Forecast		Healthy	Healthy	Injured	Injured	Healthy	Healthy	Healthy	Healthy	Healthy	Healthy	Healthy	Healthy	Healthy	Healthy	Healthy	Healthy	Healthy		Week 4 2026	9/29/2026	8:41:33 PM	20		1%	1%	0%	0%	0%	0%		0.1 
	Kaytron Allen	Washington Commanders	RB	RB68	1.5 	22 	0 	0.0 	0.0 	0.0 	142 	9.5 	0.8 	0.1 	4.0 	0.3 	28 	1.9 	0.2 	0.0 	0.0 	0.2 	0.0 	0.060 	1.000 	0.160 	(1)	0.000 	0.000 	223 	207 	(16)	68 	66 	(2)	0.081 																1.6 	2.4 	0.0 	1.5 	1.8 	1.5 	0.0 	1.3 	1.3 	1.4 	1.4 	1.5 	1.4 	1.3 	1.5 	1.3 	1.3 		RB57	RB47	-	RB60	RB59	RB57	-	RB59	RB65	RB61	RB53	RB68	RB64	RB68	RB71	RB71	RB71		RB69	1.4 	0.0 	0.0 	7.9 	0.1 	0.3 	2.2 	0.0 	69 	0.066 	1.000 	0.147 	(1)	0.000 	0.000 	226 	0.076 		18 														RB71	2.0 	0.0 	0.0 	51.2 	0.4 	2.0 	14.0 	0.1 	71 	0.043 	1.000 	0.121 	(1)	0.000 	0.000 	#N/A	0.061 		4.0 																	Washington Commanders	Philadelphia Eagles	0 	0.0 	16 	0.0 	0.0 	0 	0.0 	0.0 	0.0 	0.0 	1.6 	RB57		Washington Commanders	Dallas Cowboys	0 	0.0 	24 	0.0 	0.0 	0 	0.0 	0.0 	0.0 	0.0 	2.4 	RB47		Washington Commanders	Seattle Seahawks	0 	0.0 	0 	0.0 	0.0 	0 	0.0 	0.0 	0.0 	0.0 	0.0 	-		Washington Commanders	Indianapolis Colts	0 	0.0 	7 	0.1 	0.3 	2 	0.0 	0.0 	0.0 	0.0 	1.5 	RB60		Washington Commanders	New York Giants	0 	0.0 	8 	0.1 	0.3 	2 	0.0 	0.0 	0.0 	0.0 	1.8 	RB59		Washington Commanders	San Francisco 49ers	0 	0.0 	7 	0.1 	0.3 	2 	0.0 	0.0 	0.0 	0.0 	1.5 	RB57		Washington Commanders	BYE	0 	0.0 	0 	0.0 	0.0 	0 	0.0 	0.0 	0.0 	0.0 	0.0 	-		Washington Commanders	Philadelphia Eagles	0 	0.0 	8 	0.0 	0.3 	2 	0.0 	0.0 	0.0 	0.0 	1.3 	RB59		Washington Commanders	Los Angeles Rams	0 	0.0 	7 	0.0 	0.3 	2 	0.0 	0.0 	0.0 	0.0 	1.3 	RB65		Washington Commanders	New York Giants	0 	0.0 	8 	0.1 	0.3 	2 	0.0 	0.0 	0.0 	0.0 	1.4 	RB61		Washington Commanders	Cincinnati Bengals	0 	0.0 	8 	0.1 	0.3 	2 	0.0 	0.0 	0.0 	0.0 	1.4 	RB53		Washington Commanders	Arizona Cardinals	0 	0.0 	9 	0.1 	0.3 	2 	0.0 	0.0 	0.0 	0.0 	1.5 	RB68		Washington Commanders	Tennessee Titans	0 	0.0 	8 	0.1 	0.3 	2 	0.0 	0.0 	0.0 	0.0 	1.4 	RB64		Washington Commanders	Houston Texans	0 	0.0 	8 	0.0 	0.3 	2 	0.0 	0.0 	0.0 	0.0 	1.3 	RB68		Washington Commanders	Atlanta Falcons	0 	0.0 	8 	0.1 	0.3 	2 	0.0 	0.0 	0.0 	0.0 	1.5 	RB71		Washington Commanders	Minnesota Vikings	0 	0.0 	8 	0.0 	0.3 	2 	0.0 	0.0 	0.0 	0.0 	1.3 	RB71		Washington Commanders	Jacksonville Jaguars	0 	0.0 	7 	0.0 	0.3 	2 	0.0 	0.0 	0.0 	0.0 	1.3 	RB71		Actual	Actual	Actual	Forecast	Forecast	Forecast	Forecast	Forecast	Forecast	Forecast	Forecast	Forecast	Forecast	Forecast	Forecast	Forecast	Forecast		Healthy	Healthy	Healthy	Healthy	Healthy	Healthy	Healthy	Healthy	Healthy	Healthy	Healthy	Healthy	Healthy	Healthy	Healthy	Healthy	Healthy		Week 4 2026	9/29/2026	8:41:33 PM	20		1%	1%	6%	5%	0%	0%		0.0 
	Calvin Ridley	Tennessee Titans	WR	WR88	2.1 	30 	0 	0.0 	0.0 	0.0 	0 	0.0 	0.0 	0.0 	14.3 	1.0 	241 	17.2 	0.9 	0.1 	0.0 	0.0 	0.0 	0.080 	1.000 	0.120 	(1)	0.000 	0.000 	232 	184 	(48)	88 	62 	(26)	0.066 																0.0 	3.5 	0.0 	1.9 	2.0 	2.1 	2.0 	2.1 	0.0 	2.0 	2.1 	2.0 	2.0 	2.1 	2.1 	2.0 	2.0 		-	WR48	-	WR84	WR79	WR73	WR73	WR73	-	WR74	WR72	WR86	WR76	WR80	WR86	WR88	WR87		WR86	2.0 	0.0 	0.0 	0.0 	0.0 	0.9 	15.9 	0.1 	86 	0.093 	1.000 	0.140 	(1)	0.000 	0.000 	225 	0.077 		26 														WR116	3.5 	0.0 	0.0 	0.0 	0.0 	12.3 	206.4 	0.9 	116 	0.038 	1.000 	0.000 	(1)	0.000 	0.000 	#N/A	0.006 		3.5 																	Tennessee Titans	New York Jets	0 	0.0 	0 	0.0 	0.0 	0 	0.0 	0.0 	0.0 	0.0 	0.0 	-		Tennessee Titans	Philadelphia Eagles	0 	0.0 	0 	0.0 	2.0 	35 	0.0 	0.0 	0.0 	0.0 	3.5 	WR48		Tennessee Titans	New York Giants	0 	0.0 	0 	0.0 	0.0 	0 	0.0 	0.0 	0.0 	0.0 	0.0 	-		Tennessee Titans	Baltimore Ravens	0 	0.0 	0 	0.0 	0.9 	15 	0.1 	0.0 	0.0 	0.0 	1.9 	WR84		Tennessee Titans	Houston Texans	0 	0.0 	0 	0.0 	0.9 	16 	0.1 	0.0 	0.0 	0.0 	2.0 	WR79		Tennessee Titans	Indianapolis Colts	0 	0.0 	0 	0.0 	1.0 	16 	0.1 	0.0 	0.0 	0.0 	2.1 	WR73		Tennessee Titans	Cleveland Browns	0 	0.0 	0 	0.0 	0.9 	15 	0.1 	0.0 	0.0 	0.0 	2.0 	WR73		Tennessee Titans	Cincinnati Bengals	0 	0.0 	0 	0.0 	1.0 	16 	0.1 	0.0 	0.0 	0.0 	2.1 	WR73		Tennessee Titans	BYE	0 	0.0 	0 	0.0 	0.0 	0 	0.0 	0.0 	0.0 	0.0 	0.0 	-		Tennessee Titans	Jacksonville Jaguars	0 	0.0 	0 	0.0 	0.9 	16 	0.1 	0.0 	0.0 	0.0 	2.0 	WR74		Tennessee Titans	Dallas Cowboys	0 	0.0 	0 	0.0 	1.0 	16 	0.1 	0.0 	0.0 	0.0 	2.1 	WR72		Tennessee Titans	Jacksonville Jaguars	0 	0.0 	0 	0.0 	1.0 	16 	0.1 	0.0 	0.0 	0.0 	2.0 	WR86		Tennessee Titans	Washington Commanders	0 	0.0 	0 	0.0 	1.0 	16 	0.1 	0.0 	0.0 	0.0 	2.0 	WR76		Tennessee Titans	Detroit Lions	0 	0.0 	0 	0.0 	1.0 	16 	0.1 	0.0 	0.0 	0.0 	2.1 	WR80		Tennessee Titans	Indianapolis Colts	0 	0.0 	0 	0.0 	1.0 	16 	0.1 	0.0 	0.0 	0.0 	2.1 	WR86		Tennessee Titans	Las Vegas Raiders	0 	0.0 	0 	0.0 	0.9 	15 	0.1 	0.0 	0.0 	0.0 	2.0 	WR88		Tennessee Titans	Pittsburgh Steelers	0 	0.0 	0 	0.0 	0.9 	15 	0.1 	0.0 	0.0 	0.0 	2.0 	WR87		Actual	Actual	Actual	Forecast	Forecast	Forecast	Forecast	Forecast	Forecast	Forecast	Forecast	Forecast	Forecast	Forecast	Forecast	Forecast	Forecast		Healthy	Healthy	Healthy	Healthy	Healthy	Healthy	Healthy	Healthy	Healthy	Healthy	Healthy	Healthy	Healthy	Healthy	Healthy	Healthy	Healthy		Week 4 2026	9/29/2026	8:41:33 PM	20		7%	5%	0%	0%	0%	0%		0.1 
	Eli Stowers	Philadelphia Eagles	TE	TE43	0.2 	2 	0 	0.0 	0.0 	0.0 	0 	0.0 	0.0 	0.0 	2.8 	0.2 	25 	2.1 	0.0 	0.0 	0.0 	0.0 	0.0 	0.007 	0.560 	0.167 	(2)	0.000 	0.000 	230 	222 	(8)	43 	31 	(12)	0.068 																0.0 	0.0 	0.0 	0.0 	0.2 	0.2 	0.2 	0.2 	0.2 	0.0 	0.2 	0.2 	0.2 	0.2 	0.2 	0.2 	0.2 		-	-	-	-	TE38	TE37	TE37	TE38	TE41	-	TE35	TE43	TE37	TE41	TE43	TE43	TE43		TE43	0.2 	0.0 	0.0 	0.0 	0.0 	0.2 	2.1 	0.0 	43 	0.009 	0.560 	0.167 	(2)	0.000 	0.000 	231 	0.068 		2 															0.0 	0.0 	0.0 	0.0 	0.0 	0.0 	0.0 	0.0 	#N/A	0.000 	0.560 	#N/A	(1)	0.000 	0.000 	#N/A	#N/A		0.0 																	Philadelphia Eagles	Washington Commanders	0 	0.0 	0 	0.0 	0.0 	0 	0.0 	0.0 	0.0 	0.0 	0.0 	-		Philadelphia Eagles	Tennessee Titans	0 	0.0 	0 	0.0 	0.0 	0 	0.0 	0.0 	0.0 	0.0 	0.0 	-		Philadelphia Eagles	Chicago Bears	0 	0.0 	0 	0.0 	0.0 	0 	0.0 	0.0 	0.0 	0.0 	0.0 	-		Philadelphia Eagles	Los Angeles Rams	0 	0.0 	0 	0.0 	0.0 	0 	0.0 	0.0 	0.0 	0.0 	0.0 	-		Philadelphia Eagles	Jacksonville Jaguars	0 	0.0 	0 	0.0 	0.2 	2 	0.0 	0.0 	0.0 	0.0 	0.2 	TE38		Philadelphia Eagles	Carolina Panthers	0 	0.0 	0 	0.0 	0.2 	2 	0.0 	0.0 	0.0 	0.0 	0.2 	TE37		Philadelphia Eagles	Dallas Cowboys	0 	0.0 	0 	0.0 	0.2 	2 	0.0 	0.0 	0.0 	0.0 	0.2 	TE37		Philadelphia Eagles	Washington Commanders	0 	0.0 	0 	0.0 	0.2 	2 	0.0 	0.0 	0.0 	0.0 	0.2 	TE38		Philadelphia Eagles	New York Giants	0 	0.0 	0 	0.0 	0.2 	2 	0.0 	0.0 	0.0 	0.0 	0.2 	TE41		Philadelphia Eagles	BYE	0 	0.0 	0 	0.0 	0.0 	0 	0.0 	0.0 	0.0 	0.0 	0.0 	-		Philadelphia Eagles	Pittsburgh Steelers	0 	0.0 	0 	0.0 	0.2 	2 	0.0 	0.0 	0.0 	0.0 	0.2 	TE35		Philadelphia Eagles	Dallas Cowboys	0 	0.0 	0 	0.0 	0.2 	2 	0.0 	0.0 	0.0 	0.0 	0.2 	TE43		Philadelphia Eagles	Arizona Cardinals	0 	0.0 	0 	0.0 	0.2 	2 	0.0 	0.0 	0.0 	0.0 	0.2 	TE37		Philadelphia Eagles	Indianapolis Colts	0 	0.0 	0 	0.0 	0.2 	2 	0.0 	0.0 	0.0 	0.0 	0.2 	TE41		Philadelphia Eagles	Seattle Seahawks	0 	0.0 	0 	0.0 	0.2 	2 	0.0 	0.0 	0.0 	0.0 	0.2 	TE43		Philadelphia Eagles	Houston Texans	0 	0.0 	0 	0.0 	0.2 	2 	0.0 	0.0 	0.0 	0.0 	0.2 	TE43		Philadelphia Eagles	San Francisco 49ers	0 	0.0 	0 	0.0 	0.2 	2 	0.0 	0.0 	0.0 	0.0 	0.2 	TE43		Actual	Actual	Actual	Forecast	Forecast	Forecast	Forecast	Forecast	Forecast	Forecast	Forecast	Forecast	Forecast	Forecast	Forecast	Forecast	Forecast		Injured	Injured	Injured	Injured	Healthy	Healthy	Healthy	Healthy	Healthy	Healthy	Healthy	Healthy	Healthy	Healthy	Healthy	Healthy	Healthy		Week 4 2026	9/29/2026	8:41:33 PM	20		1%	0%	0%	0%	0%	0%		0.1 
	Andrei Iosivas	Cincinnati Bengals	WR	WR92	1.8 	25 	0 	0.0 	0.0 	0.0 	0 	0.0 	0.0 	0.0 	19.7 	1.4 	177 	12.7 	1.3 	0.1 	0.0 	0.0 	0.0 	0.068 	1.000 	0.080 	(1)	0.000 	0.000 	241 	0 	(241)	92 	0 	(92)	0.046 																1.2 	0.7 	0.0 	0.0 	2.0 	0.0 	1.9 	2.0 	2.0 	1.9 	2.0 	1.9 	1.9 	1.9 	1.9 	2.0 	2.0 		WR79	WR81	-	-	WR80	-	WR74	WR76	WR81	WR76	WR73	WR88	WR80	WR82	WR87	WR86	WR86		WR91	2.0 	0.0 	0.0 	0.0 	0.0 	1.4 	13.2 	0.1 	91 	0.084 	1.000 	0.090 	(1)	0.000 	0.000 	238 	0.053 		23 														WR127	1.0 	0.0 	0.0 	0.0 	0.0 	8.3 	79.2 	0.6 	127 	0.020 	1.000 	0.000 	(1)	0.000 	0.000 	#N/A	0.003 		1.9 																	Cincinnati Bengals	Tampa Bay Buccaneers	0 	0.0 	0 	0.0 	2.0 	12 	0.0 	0.0 	0.0 	0.0 	1.2 	WR79		Cincinnati Bengals	Houston Texans	0 	0.0 	0 	0.0 	1.0 	7 	0.0 	0.0 	0.0 	0.0 	0.7 	WR81		Cincinnati Bengals	Pittsburgh Steelers	0 	0.0 	0 	0.0 	0.0 	0 	0.0 	0.0 	0.0 	0.0 	0.0 	-		Cincinnati Bengals	Jacksonville Jaguars	0 	0.0 	0 	0.0 	0.0 	0 	0.0 	0.0 	0.0 	0.0 	0.0 	-		Cincinnati Bengals	Miami Dolphins	0 	0.0 	0 	0.0 	1.4 	13 	0.1 	0.0 	0.0 	0.0 	2.0 	WR80		Cincinnati Bengals	BYE	0 	0.0 	0 	0.0 	0.0 	0 	0.0 	0.0 	0.0 	0.0 	0.0 	-		Cincinnati Bengals	Baltimore Ravens	0 	0.0 	0 	0.0 	1.4 	13 	0.1 	0.0 	0.0 	0.0 	1.9 	WR74		Cincinnati Bengals	Tennessee Titans	0 	0.0 	0 	0.0 	1.4 	13 	0.1 	0.0 	0.0 	0.0 	2.0 	WR76		Cincinnati Bengals	Atlanta Falcons	0 	0.0 	0 	0.0 	1.4 	13 	0.1 	0.0 	0.0 	0.0 	2.0 	WR81		Cincinnati Bengals	Pittsburgh Steelers	0 	0.0 	0 	0.0 	1.4 	13 	0.1 	0.0 	0.0 	0.0 	1.9 	WR76		Cincinnati Bengals	Washington Commanders	0 	0.0 	0 	0.0 	1.4 	13 	0.1 	0.0 	0.0 	0.0 	2.0 	WR73		Cincinnati Bengals	New Orleans Saints	0 	0.0 	0 	0.0 	1.4 	13 	0.1 	0.0 	0.0 	0.0 	1.9 	WR88		Cincinnati Bengals	Cleveland Browns	0 	0.0 	0 	0.0 	1.3 	13 	0.1 	0.0 	0.0 	0.0 	1.9 	WR80		Cincinnati Bengals	Kansas City Chiefs	0 	0.0 	0 	0.0 	1.4 	13 	0.1 	0.0 	0.0 	0.0 	1.9 	WR82		Cincinnati Bengals	Carolina Panthers	0 	0.0 	0 	0.0 	1.4 	13 	0.1 	0.0 	0.0 	0.0 	1.9 	WR87		Cincinnati Bengals	Indianapolis Colts	0 	0.0 	0 	0.0 	1.4 	13 	0.1 	0.0 	0.0 	0.0 	2.0 	WR86		Cincinnati Bengals	Baltimore Ravens	0 	0.0 	0 	0.0 	1.4 	13 	0.1 	0.0 	0.0 	0.0 	2.0 	WR86		Actual	Actual	Actual	Forecast	Forecast	Forecast	Forecast	Forecast	Forecast	Forecast	Forecast	Forecast	Forecast	Forecast	Forecast	Forecast	Forecast		Healthy	Healthy	Injured	Injured	Healthy	Healthy	Healthy	Healthy	Healthy	Healthy	Healthy	Healthy	Healthy	Healthy	Healthy	Healthy	Healthy		Week 4 2026	9/29/2026	8:41:33 PM	20		5%	5%	0%	0%	0%	0%		0.0 
	Isiah Pacheco	Detroit Lions	RB	RB72	3.2 	16 	0 	0.0 	0.0 	0.0 	89 	17.9 	0.9 	0.2 	2.3 	0.5 	12 	2.5 	0.1 	0.0 	0.0 	0.3 	0.0 	0.043 	1.000 	0.108 	(1)	0.000 	0.000 	237 	175 	(62)	72 	58 	(14)	0.055 				-	-		-	-		-	-		-	-		0.0 	0.0 	0.0 	0.0 	0.0 	0.0 	0.0 	0.0 	0.0 	0.0 	0.0 	0.0 	3.1 	3.5 	3.0 	3.4 	2.9 		-	-	-	-	-	-	-	-	-	-	-	-	RB51	RB50	RB57	RB52	RB57		RB71	3.2 	0.0 	0.0 	17.9 	0.2 	0.5 	2.5 	0.0 	71 	0.057 	1.000 	0.121 	(1)	0.000 	0.000 	233 	0.063 		16 														-	0.0 	0.0 	0.0 	0.0 	0.0 	0.0 	0.0 	0.0 	#N/A	0.000 	1.000 	#N/A	(1)	0.000 	0.000 	#N/A	#N/A		0.0 																	Detroit Lions	New Orleans Saints	0 	0.0 	0 	0.0 	0.0 	0 	0.0 	0.0 	0.0 	0.0 	0.0 	-		Detroit Lions	Buffalo Bills	0 	0.0 	0 	0.0 	0.0 	0 	0.0 	0.0 	0.0 	0.0 	0.0 	-		Detroit Lions	New York Jets	0 	0.0 	0 	0.0 	0.0 	0 	0.0 	0.0 	0.0 	0.0 	0.0 	-		Detroit Lions	Carolina Panthers	0 	0.0 	0 	0.0 	0.0 	0 	0.0 	0.0 	0.0 	0.0 	0.0 	-		Detroit Lions	Arizona Cardinals	0 	0.0 	0 	0.0 	0.0 	0 	0.0 	0.0 	0.0 	0.0 	0.0 	-		Detroit Lions	BYE	0 	0.0 	0 	0.0 	0.0 	0 	0.0 	0.0 	0.0 	0.0 	0.0 	-		Detroit Lions	Green Bay Packers	0 	0.0 	0 	0.0 	0.0 	0 	0.0 	0.0 	0.0 	0.0 	0.0 	-		Detroit Lions	Minnesota Vikings	0 	0.0 	0 	0.0 	0.0 	0 	0.0 	0.0 	0.0 	0.0 	0.0 	-		Detroit Lions	Miami Dolphins	0 	0.0 	0 	0.0 	0.0 	0 	0.0 	0.0 	0.0 	0.0 	0.0 	-		Detroit Lions	New England Patriots	0 	0.0 	0 	0.0 	0.0 	0 	0.0 	0.0 	0.0 	0.0 	0.0 	-		Detroit Lions	Tampa Bay Buccaneers	0 	0.0 	0 	0.0 	0.0 	0 	0.0 	0.0 	0.0 	0.0 	0.0 	-		Detroit Lions	Chicago Bears	0 	0.0 	0 	0.0 	0.0 	0 	0.0 	0.0 	0.0 	0.0 	0.0 	-		Detroit Lions	Atlanta Falcons	0 	0.0 	18 	0.2 	0.5 	3 	0.0 	0.0 	0.1 	0.0 	3.1 	RB51		Detroit Lions	Tennessee Titans	0 	0.0 	20 	0.2 	0.5 	2 	0.0 	0.0 	0.1 	0.0 	3.5 	RB50		Detroit Lions	Minnesota Vikings	0 	0.0 	17 	0.2 	0.5 	2 	0.0 	0.0 	0.1 	0.0 	3.0 	RB57		Detroit Lions	New York Giants	0 	0.0 	19 	0.2 	0.5 	2 	0.0 	0.0 	0.1 	0.0 	3.4 	RB52		Detroit Lions	Chicago Bears	0 	0.0 	16 	0.2 	0.5 	2 	0.0 	0.0 	0.1 	0.0 	2.9 	RB57		Actual	Actual	Actual	Forecast	Forecast	Forecast	Forecast	Forecast	Forecast	Forecast	Forecast	Forecast	Forecast	Forecast	Forecast	Forecast	Forecast		Injured	Injured	Injured	Injured	Injured	Injured	Injured	Injured	Injured	Injured	Injured	Injured	Healthy	Healthy	Healthy	Healthy	Healthy		Week 4 2026	9/29/2026	8:41:33 PM	20		1%	1%	16%	21%	0%	0%		0.1 
	Jake Tonges	San Francisco 49ers	TE	TE44	0.0 	0 	0 	0.0 	0.0 	0.0 	0 	0.0 	0.0 	0.0 	0.0 	0.0 	0 	0.0 	0.0 	0.0 	0.0 	0.0 	0.0 	0.000 	0.560 	0.157 	(2)	0.000 	0.000 	233 	263 	30 	44 	33 	(11)	0.063 																0.0 	0.0 	0.0 	0.0 	0.0 	0.0 	0.0 	0.0 	0.0 	0.0 	0.0 	0.0 	0.0 	0.0 	0.0 	0.0 	0.0 		-	-	-	-	-	-	-	-	-	-	-	-	-	-	-	-	-		TE44	0.0 	0.0 	0.0 	0.0 	0.0 	0.0 	0.0 	0.0 	44 	0.000 	0.560 	0.157 	(2)	0.000 	0.000 	234 	0.063 		0 														-	0.0 	0.0 	0.0 	0.0 	0.0 	0.0 	0.0 	0.0 	#N/A	0.000 	0.560 	#N/A	(1)	0.000 	0.000 	#N/A	#N/A		0.0 																	San Francisco 49ers	Los Angeles Rams	0 	0.0 	0 	0.0 	0.0 	0 	0.0 	0.0 	0.0 	0.0 	0.0 	-		San Francisco 49ers	Miami Dolphins	0 	0.0 	0 	0.0 	0.0 	0 	0.0 	0.0 	0.0 	0.0 	0.0 	-		San Francisco 49ers	Arizona Cardinals	0 	0.0 	0 	0.0 	0.0 	0 	0.0 	0.0 	0.0 	0.0 	0.0 	-		San Francisco 49ers	Denver Broncos	0 	0.0 	0 	0.0 	0.0 	0 	0.0 	0.0 	0.0 	0.0 	0.0 	-		San Francisco 49ers	Seattle Seahawks	0 	0.0 	0 	0.0 	0.0 	0 	0.0 	0.0 	0.0 	0.0 	0.0 	-		San Francisco 49ers	Washington Commanders	0 	0.0 	0 	0.0 	0.0 	0 	0.0 	0.0 	0.0 	0.0 	0.0 	-		San Francisco 49ers	Atlanta Falcons	0 	0.0 	0 	0.0 	0.0 	0 	0.0 	0.0 	0.0 	0.0 	0.0 	-		San Francisco 49ers	BYE	0 	0.0 	0 	0.0 	0.0 	0 	0.0 	0.0 	0.0 	0.0 	0.0 	-		San Francisco 49ers	Las Vegas Raiders	0 	0.0 	0 	0.0 	0.0 	0 	0.0 	0.0 	0.0 	0.0 	0.0 	-		San Francisco 49ers	Dallas Cowboys	0 	0.0 	0 	0.0 	0.0 	0 	0.0 	0.0 	0.0 	0.0 	0.0 	-		San Francisco 49ers	Minnesota Vikings	0 	0.0 	0 	0.0 	0.0 	0 	0.0 	0.0 	0.0 	0.0 	0.0 	-		San Francisco 49ers	Seattle Seahawks	0 	0.0 	0 	0.0 	0.0 	0 	0.0 	0.0 	0.0 	0.0 	0.0 	-		San Francisco 49ers	New York Giants	0 	0.0 	0 	0.0 	0.0 	0 	0.0 	0.0 	0.0 	0.0 	0.0 	-		San Francisco 49ers	Los Angeles Rams	0 	0.0 	0 	0.0 	0.0 	0 	0.0 	0.0 	0.0 	0.0 	0.0 	-		San Francisco 49ers	Los Angeles Chargers	0 	0.0 	0 	0.0 	0.0 	0 	0.0 	0.0 	0.0 	0.0 	0.0 	-		San Francisco 49ers	Kansas City Chiefs	0 	0.0 	0 	0.0 	0.0 	0 	0.0 	0.0 	0.0 	0.0 	0.0 	-		San Francisco 49ers	Philadelphia Eagles	0 	0.0 	0 	0.0 	0.0 	0 	0.0 	0.0 	0.0 	0.0 	0.0 	-		Actual	Actual	Actual	Forecast	Forecast	Forecast	Forecast	Forecast	Forecast	Forecast	Forecast	Forecast	Forecast	Forecast	Forecast	Forecast	Forecast		Limited / Handicapped	Injured	Injured	Injured	Injured	Injured	Injured	Injured	Injured	Injured	Injured	Injured	Injured	Injured	Injured	Injured	Injured		Week 4 2026	9/29/2026	8:41:33 PM	20		0%	0%	0%	0%	0%	0%		0.1 
	Troy Franklin	Denver Broncos	WR	WR87	1.9 	30 	0 	0.0 	0.0 	0.0 	20 	1.3 	0.0 	0.0 	16.2 	1.0 	224 	14.0 	0.9 	0.1 	0.0 	0.0 	0.0 	0.080 	1.000 	0.130 	(1)	0.000 	0.000 	229 	257 	28 	87 	84 	(3)	0.071 																0.5 	2.7 	2.1 	1.9 	1.9 	1.9 	2.0 	1.9 	1.9 	0.0 	1.9 	1.8 	1.9 	1.9 	1.9 	1.9 	1.8 		WR85	WR57	WR65	WR83	WR82	WR76	WR72	WR77	WR83	-	WR74	WR90	WR79	WR83	WR89	WR89	WR90		WR88	1.9 	0.0 	0.0 	1.2 	0.0 	1.1 	13.5 	0.1 	88 	0.088 	1.000 	0.120 	(1)	0.000 	0.000 	232 	0.067 		25 														WR106	1.8 	0.0 	0.0 	5.0 	0.0 	4.7 	58.6 	0.3 	106 	0.057 	1.000 	0.000 	(1)	0.000 	0.000 	#N/A	0.009 		5.3 																	Denver Broncos	Kansas City Chiefs	0 	0.0 	5 	0.0 	0.0 	0 	0.0 	0.0 	0.0 	0.0 	0.5 	WR85		Denver Broncos	Jacksonville Jaguars	0 	0.0 	0 	0.0 	1.0 	27 	0.0 	0.0 	0.0 	0.0 	2.7 	WR57		Denver Broncos	Los Angeles Rams	0 	0.0 	0 	0.0 	1.0 	21 	0.0 	0.0 	0.0 	0.0 	2.1 	WR65		Denver Broncos	San Francisco 49ers	0 	0.0 	1 	0.0 	1.1 	14 	0.1 	0.0 	0.0 	0.0 	1.9 	WR83		Denver Broncos	Los Angeles Chargers	0 	0.0 	1 	0.0 	1.1 	14 	0.1 	0.0 	0.0 	0.0 	1.9 	WR82		Denver Broncos	Seattle Seahawks	0 	0.0 	1 	0.0 	1.1 	13 	0.1 	0.0 	0.0 	0.0 	1.9 	WR76		Denver Broncos	Arizona Cardinals	0 	0.0 	1 	0.0 	1.1 	14 	0.1 	0.0 	0.0 	0.0 	2.0 	WR72		Denver Broncos	Kansas City Chiefs	0 	0.0 	1 	0.0 	1.1 	14 	0.1 	0.0 	0.0 	0.0 	1.9 	WR77		Denver Broncos	Carolina Panthers	0 	0.0 	1 	0.0 	1.1 	14 	0.1 	0.0 	0.0 	0.0 	1.9 	WR83		Denver Broncos	BYE	0 	0.0 	0 	0.0 	0.0 	0 	0.0 	0.0 	0.0 	0.0 	0.0 	-		Denver Broncos	Las Vegas Raiders	0 	0.0 	1 	0.0 	1.1 	13 	0.1 	0.0 	0.0 	0.0 	1.9 	WR74		Denver Broncos	Pittsburgh Steelers	0 	0.0 	1 	0.0 	1.1 	13 	0.1 	0.0 	0.0 	0.0 	1.8 	WR90		Denver Broncos	Miami Dolphins	0 	0.0 	1 	0.0 	1.1 	13 	0.1 	0.0 	0.0 	0.0 	1.9 	WR79		Denver Broncos	New York Jets	0 	0.0 	1 	0.0 	1.1 	13 	0.1 	0.0 	0.0 	0.0 	1.9 	WR83		Denver Broncos	Las Vegas Raiders	0 	0.0 	1 	0.0 	1.1 	13 	0.1 	0.0 	0.0 	0.0 	1.9 	WR89		Denver Broncos	Buffalo Bills	0 	0.0 	1 	0.0 	1.1 	14 	0.1 	0.0 	0.0 	0.0 	1.9 	WR89		Denver Broncos	New England Patriots	0 	0.0 	1 	0.0 	1.1 	13 	0.1 	0.0 	0.0 	0.0 	1.8 	WR90		Actual	Actual	Actual	Forecast	Forecast	Forecast	Forecast	Forecast	Forecast	Forecast	Forecast	Forecast	Forecast	Forecast	Forecast	Forecast	Forecast		Healthy	Healthy	Healthy	Healthy	Healthy	Healthy	Healthy	Healthy	Healthy	Healthy	Healthy	Healthy	Healthy	Healthy	Healthy	Healthy	Healthy		Week 4 2026	9/29/2026	8:41:33 PM	20		6%	5%	1%	0%	0%	0%		0.1 
	Jauan Jennings	Minnesota Vikings	WR	WR94	1.7 	24 	0 	0.0 	0.0 	0.0 	0 	0.0 	0.0 	0.0 	15.6 	1.1 	172 	12.3 	1.2 	0.1 	0.0 	0.0 	0.0 	0.065 	1.000 	0.060 	(1)	0.000 	0.000 	246 	162 	(84)	94 	56 	(38)	0.037 																0.0 	0.0 	0.1 	1.8 	1.9 	0.0 	1.9 	1.9 	1.9 	1.8 	1.9 	1.9 	1.9 	1.8 	1.9 	1.9 	1.8 		-	-	WR85	WR85	WR83	-	WR75	WR79	WR84	WR78	WR75	WR89	WR81	WR84	WR90	WR90	WR91		WR90	1.9 	0.0 	0.0 	0.0 	0.0 	1.1 	13.1 	0.1 	90 	0.086 	1.000 	0.100 	(1)	0.000 	0.000 	236 	0.058 		24 														WR148	0.1 	0.0 	0.0 	0.0 	0.0 	14.6 	170.9 	1.2 	148 	0.001 	1.000 	0.000 	(1)	0.000 	0.000 	#N/A	0.000 		0.1 																	Minnesota Vikings	Green Bay Packers	0 	0.0 	0 	0.0 	0.0 	0 	0.0 	0.0 	0.0 	0.0 	0.0 	-		Minnesota Vikings	Chicago Bears	0 	0.0 	0 	0.0 	0.0 	0 	0.0 	0.0 	0.0 	0.0 	0.0 	-		Minnesota Vikings	Tampa Bay Buccaneers	0 	0.0 	0 	0.0 	1.0 	1 	0.0 	0.0 	0.0 	0.0 	0.1 	WR85		Minnesota Vikings	Miami Dolphins	0 	0.0 	0 	0.0 	1.1 	12 	0.1 	0.0 	0.0 	0.0 	1.8 	WR85		Minnesota Vikings	New Orleans Saints	0 	0.0 	0 	0.0 	1.1 	13 	0.1 	0.0 	0.0 	0.0 	1.9 	WR83		Minnesota Vikings	BYE	0 	0.0 	0 	0.0 	0.0 	0 	0.0 	0.0 	0.0 	0.0 	0.0 	-		Minnesota Vikings	Indianapolis Colts	0 	0.0 	0 	0.0 	1.1 	13 	0.1 	0.0 	0.0 	0.0 	1.9 	WR75		Minnesota Vikings	Detroit Lions	0 	0.0 	0 	0.0 	1.1 	13 	0.1 	0.0 	0.0 	0.0 	1.9 	WR79		Minnesota Vikings	Buffalo Bills	0 	0.0 	0 	0.0 	1.1 	13 	0.1 	0.0 	0.0 	0.0 	1.9 	WR84		Minnesota Vikings	Green Bay Packers	0 	0.0 	0 	0.0 	1.1 	13 	0.1 	0.0 	0.0 	0.0 	1.8 	WR78		Minnesota Vikings	San Francisco 49ers	0 	0.0 	0 	0.0 	1.1 	13 	0.1 	0.0 	0.0 	0.0 	1.9 	WR75		Minnesota Vikings	Atlanta Falcons	0 	0.0 	0 	0.0 	1.1 	13 	0.1 	0.0 	0.0 	0.0 	1.9 	WR89		Minnesota Vikings	Carolina Panthers	0 	0.0 	0 	0.0 	1.1 	13 	0.1 	0.0 	0.0 	0.0 	1.9 	WR81		Minnesota Vikings	New England Patriots	0 	0.0 	0 	0.0 	1.1 	13 	0.1 	0.0 	0.0 	0.0 	1.8 	WR84		Minnesota Vikings	Detroit Lions	0 	0.0 	0 	0.0 	1.1 	13 	0.1 	0.0 	0.0 	0.0 	1.9 	WR90		Minnesota Vikings	Washington Commanders	0 	0.0 	0 	0.0 	1.1 	13 	0.1 	0.0 	0.0 	0.0 	1.9 	WR90		Minnesota Vikings	New York Jets	0 	0.0 	0 	0.0 	1.1 	13 	0.1 	0.0 	0.0 	0.0 	1.8 	WR91		Actual	Actual	Actual	Forecast	Forecast	Forecast	Forecast	Forecast	Forecast	Forecast	Forecast	Forecast	Forecast	Forecast	Forecast	Forecast	Forecast		Healthy	Injured	Healthy	Healthy	Healthy	Healthy	Healthy	Healthy	Healthy	Healthy	Healthy	Healthy	Healthy	Healthy	Healthy	Healthy	Healthy		Week 4 2026	9/29/2026	8:41:33 PM	20		6%	6%	0%	0%	0%	0%		0.0 
	Kimani Vidal	Los Angeles Chargers	RB	RB73	0.8 	11 	0 	0.0 	0.0 	0.0 	40 	2.9 	0.2 	0.0 	4.3 	0.3 	42 	3.0 	0.2 	0.0 	0.0 	0.1 	0.0 	0.029 	1.000 	0.095 	(1)	0.000 	0.000 	240 	185 	(55)	73 	60 	(13)	0.047 																0.0 	0.0 	2.0 	0.6 	0.7 	0.6 	0.0 	0.6 	0.7 	0.6 	0.7 	0.7 	0.7 	0.7 	0.7 	0.7 	0.7 		-	-	RB44	RB63	RB62	RB59	-	RB60	RB66	RB62	RB55	RB71	RB65	RB69	RB72	RB72	RB72		RB72	0.7 	0.0 	0.0 	2.7 	0.0 	0.3 	2.1 	0.0 	72 	0.031 	1.000 	0.108 	(1)	0.000 	0.000 	237 	0.053 		9 														RB77	2.0 	0.0 	0.0 	34.5 	0.2 	3.3 	27.7 	0.2 	77 	0.022 	1.000 	0.043 	(1)	0.000 	0.000 	#N/A	0.023 		2.0 																	Los Angeles Chargers	Arizona Cardinals	0 	0.0 	0 	0.0 	0.0 	0 	0.0 	0.0 	0.0 	0.0 	0.0 	-		Los Angeles Chargers	Las Vegas Raiders	0 	0.0 	0 	0.0 	0.0 	0 	0.0 	0.0 	0.0 	0.0 	0.0 	-		Los Angeles Chargers	Buffalo Bills	0 	0.0 	6 	0.0 	1.0 	14 	0.0 	0.0 	0.0 	0.0 	2.0 	RB44		Los Angeles Chargers	Seattle Seahawks	0 	0.0 	2 	0.0 	0.2 	2 	0.0 	0.0 	0.0 	0.0 	0.6 	RB63		Los Angeles Chargers	Denver Broncos	0 	0.0 	3 	0.0 	0.3 	2 	0.0 	0.0 	0.0 	0.0 	0.7 	RB62		Los Angeles Chargers	Kansas City Chiefs	0 	0.0 	3 	0.0 	0.3 	2 	0.0 	0.0 	0.0 	0.0 	0.6 	RB59		Los Angeles Chargers	BYE	0 	0.0 	0 	0.0 	0.0 	0 	0.0 	0.0 	0.0 	0.0 	0.0 	-		Los Angeles Chargers	Los Angeles Rams	0 	0.0 	2 	0.0 	0.3 	2 	0.0 	0.0 	0.0 	0.0 	0.6 	RB60		Los Angeles Chargers	Houston Texans	0 	0.0 	3 	0.0 	0.2 	2 	0.0 	0.0 	0.0 	0.0 	0.7 	RB66		Los Angeles Chargers	Baltimore Ravens	0 	0.0 	2 	0.0 	0.3 	2 	0.0 	0.0 	0.0 	0.0 	0.6 	RB62		Los Angeles Chargers	New York Jets	0 	0.0 	3 	0.0 	0.2 	2 	0.0 	0.0 	0.0 	0.0 	0.7 	RB55		Los Angeles Chargers	New England Patriots	0 	0.0 	3 	0.0 	0.3 	2 	0.0 	0.0 	0.0 	0.0 	0.7 	RB71		Los Angeles Chargers	Tampa Bay Buccaneers	0 	0.0 	3 	0.0 	0.3 	2 	0.0 	0.0 	0.0 	0.0 	0.7 	RB65		Los Angeles Chargers	Las Vegas Raiders	0 	0.0 	3 	0.0 	0.2 	2 	0.0 	0.0 	0.0 	0.0 	0.7 	RB69		Los Angeles Chargers	San Francisco 49ers	0 	0.0 	3 	0.0 	0.3 	2 	0.0 	0.0 	0.0 	0.0 	0.7 	RB72		Los Angeles Chargers	Miami Dolphins	0 	0.0 	3 	0.0 	0.2 	2 	0.0 	0.0 	0.0 	0.0 	0.7 	RB72		Los Angeles Chargers	Kansas City Chiefs	0 	0.0 	3 	0.0 	0.3 	2 	0.0 	0.0 	0.0 	0.0 	0.7 	RB72		Actual	Actual	Actual	Forecast	Forecast	Forecast	Forecast	Forecast	Forecast	Forecast	Forecast	Forecast	Forecast	Forecast	Forecast	Forecast	Forecast		Healthy	Healthy	Healthy	Healthy	Healthy	Healthy	Healthy	Healthy	Healthy	Healthy	Healthy	Healthy	Healthy	Healthy	Healthy	Healthy	Healthy		Week 4 2026	9/29/2026	8:41:33 PM	20		1%	1%	2%	2%	0%	0%		0.0 
	Jerry Jeudy	Cleveland Browns	WR	WR93	1.7 	24 	0 	0.0 	0.0 	0.0 	0 	0.0 	0.0 	0.0 	13.8 	1.0 	172 	12.3 	1.2 	0.1 	0.0 	0.0 	0.0 	0.066 	1.000 	0.070 	(1)	0.000 	0.000 	243 	183 	(60)	93 	61 	(32)	0.041 				-	-		-	-		-	-		-	-		2.6 	0.0 	0.0 	1.6 	1.6 	1.7 	1.7 	1.6 	1.7 	1.6 	0.0 	1.7 	1.8 	1.7 	1.7 	1.7 	1.7 		WR66	-	-	WR86	WR85	WR77	WR78	WR82	WR86	WR82	-	WR92	WR82	WR87	WR95	WR93	WR93		WR92	1.7 	0.0 	0.0 	0.0 	0.0 	0.9 	11.2 	0.1 	92 	0.078 	1.000 	0.080 	(1)	0.000 	0.000 	239 	0.048 		22 														WR121	2.6 	0.0 	0.0 	0.0 	0.0 	11.8 	145.7 	1.2 	121 	0.028 	1.000 	0.000 	(1)	0.000 	0.000 	#N/A	0.004 		2.6 																	Cleveland Browns	Jacksonville Jaguars	0 	0.0 	0 	0.0 	2.0 	26 	0.0 	0.0 	0.0 	0.0 	2.6 	WR66		Cleveland Browns	Tampa Bay Buccaneers	0 	0.0 	0 	0.0 	0.0 	0 	0.0 	0.0 	0.0 	0.0 	0.0 	-		Cleveland Browns	Carolina Panthers	0 	0.0 	0 	0.0 	0.0 	0 	0.0 	0.0 	0.0 	0.0 	0.0 	-		Cleveland Browns	Pittsburgh Steelers	0 	0.0 	0 	0.0 	0.9 	11 	0.1 	0.0 	0.0 	0.0 	1.6 	WR86		Cleveland Browns	New York Jets	0 	0.0 	0 	0.0 	0.9 	11 	0.1 	0.0 	0.0 	0.0 	1.6 	WR85		Cleveland Browns	Baltimore Ravens	0 	0.0 	0 	0.0 	0.9 	12 	0.1 	0.0 	0.0 	0.0 	1.7 	WR77		Cleveland Browns	Tennessee Titans	0 	0.0 	0 	0.0 	0.9 	11 	0.1 	0.0 	0.0 	0.0 	1.7 	WR78		Cleveland Browns	Pittsburgh Steelers	0 	0.0 	0 	0.0 	0.9 	11 	0.1 	0.0 	0.0 	0.0 	1.6 	WR82		Cleveland Browns	New Orleans Saints	0 	0.0 	0 	0.0 	0.9 	11 	0.1 	0.0 	0.0 	0.0 	1.7 	WR86		Cleveland Browns	Houston Texans	0 	0.0 	0 	0.0 	0.9 	11 	0.1 	0.0 	0.0 	0.0 	1.6 	WR82		Cleveland Browns	BYE	0 	0.0 	0 	0.0 	0.0 	0 	0.0 	0.0 	0.0 	0.0 	0.0 	-		Cleveland Browns	Las Vegas Raiders	0 	0.0 	0 	0.0 	0.9 	11 	0.1 	0.0 	0.0 	0.0 	1.7 	WR92		Cleveland Browns	Cincinnati Bengals	0 	0.0 	0 	0.0 	0.9 	12 	0.1 	0.0 	0.0 	0.0 	1.8 	WR82		Cleveland Browns	Atlanta Falcons	0 	0.0 	0 	0.0 	0.9 	11 	0.1 	0.0 	0.0 	0.0 	1.7 	WR87		Cleveland Browns	New York Giants	0 	0.0 	0 	0.0 	0.9 	11 	0.1 	0.0 	0.0 	0.0 	1.7 	WR95		Cleveland Browns	Baltimore Ravens	0 	0.0 	0 	0.0 	0.9 	11 	0.1 	0.0 	0.0 	0.0 	1.7 	WR93		Cleveland Browns	Indianapolis Colts	0 	0.0 	0 	0.0 	0.9 	11 	0.1 	0.0 	0.0 	0.0 	1.7 	WR93		Actual	Actual	Actual	Forecast	Forecast	Forecast	Forecast	Forecast	Forecast	Forecast	Forecast	Forecast	Forecast	Forecast	Forecast	Forecast	Forecast		Healthy	Healthy	Healthy	Healthy	Healthy	Healthy	Healthy	Healthy	Healthy	Healthy	Healthy	Healthy	Healthy	Healthy	Healthy	Healthy	Healthy		Week 4 2026	9/29/2026	8:41:33 PM	20		5%	7%	0%	0%	0%	0%		0.0 
	Jordan Whittington	Los Angeles Rams	WR	WR96	1.6 	22 	0 	0.0 	0.0 	0.0 	0 	0.0 	0.0 	0.0 	13.6 	1.0 	128 	9.1 	1.6 	0.1 	0.0 	0.0 	0.0 	0.059 	1.000 	0.040 	(1)	0.000 	0.000 	251 	0 	(251)	96 	0 	(96)	0.027 																0.8 	0.0 	0.0 	1.6 	1.7 	1.7 	1.6 	1.6 	1.7 	1.7 	0.0 	1.6 	1.6 	1.6 	1.7 	1.6 	1.6 		WR83	-	-	WR87	WR84	WR78	WR79	WR81	WR87	WR81	-	WR94	WR83	WR89	WR92	WR95	WR95		WR93	1.6 	0.0 	0.0 	0.0 	0.0 	1.0 	9.2 	0.1 	93 	0.076 	1.000 	0.070 	(1)	0.000 	0.000 	242 	0.043 		21 														WR139	0.8 	0.0 	0.0 	0.0 	0.0 	12.6 	119.9 	1.6 	139 	0.009 	1.000 	0.000 	(1)	0.000 	0.000 	#N/A	0.001 		0.8 																	Los Angeles Rams	San Francisco 49ers	0 	0.0 	0 	0.0 	1.0 	8 	0.0 	0.0 	0.0 	0.0 	0.8 	WR83		Los Angeles Rams	New York Giants	0 	0.0 	0 	0.0 	0.0 	0 	0.0 	0.0 	0.0 	0.0 	0.0 	-		Los Angeles Rams	Denver Broncos	0 	0.0 	0 	0.0 	0.0 	0 	0.0 	0.0 	0.0 	0.0 	0.0 	-		Los Angeles Rams	Philadelphia Eagles	0 	0.0 	0 	0.0 	0.9 	9 	0.1 	0.0 	0.0 	0.0 	1.6 	WR87		Los Angeles Rams	Buffalo Bills	0 	0.0 	0 	0.0 	1.0 	10 	0.1 	0.0 	0.0 	0.0 	1.7 	WR84		Los Angeles Rams	Arizona Cardinals	0 	0.0 	0 	0.0 	1.0 	9 	0.1 	0.0 	0.0 	0.0 	1.7 	WR78		Los Angeles Rams	Las Vegas Raiders	0 	0.0 	0 	0.0 	0.9 	9 	0.1 	0.0 	0.0 	0.0 	1.6 	WR79		Los Angeles Rams	Los Angeles Chargers	0 	0.0 	0 	0.0 	1.0 	9 	0.1 	0.0 	0.0 	0.0 	1.6 	WR81		Los Angeles Rams	Washington Commanders	0 	0.0 	0 	0.0 	1.0 	9 	0.1 	0.0 	0.0 	0.0 	1.7 	WR87		Los Angeles Rams	Arizona Cardinals	0 	0.0 	0 	0.0 	1.0 	9 	0.1 	0.0 	0.0 	0.0 	1.7 	WR81		Los Angeles Rams	BYE	0 	0.0 	0 	0.0 	0.0 	0 	0.0 	0.0 	0.0 	0.0 	0.0 	-		Los Angeles Rams	Green Bay Packers	0 	0.0 	0 	0.0 	1.0 	9 	0.1 	0.0 	0.0 	0.0 	1.6 	WR94		Los Angeles Rams	Kansas City Chiefs	0 	0.0 	0 	0.0 	1.0 	9 	0.1 	0.0 	0.0 	0.0 	1.6 	WR83		Los Angeles Rams	San Francisco 49ers	0 	0.0 	0 	0.0 	1.0 	9 	0.1 	0.0 	0.0 	0.0 	1.6 	WR89		Los Angeles Rams	Dallas Cowboys	0 	0.0 	0 	0.0 	1.0 	9 	0.1 	0.0 	0.0 	0.0 	1.7 	WR92		Los Angeles Rams	Seattle Seahawks	0 	0.0 	0 	0.0 	1.0 	9 	0.1 	0.0 	0.0 	0.0 	1.6 	WR95		Los Angeles Rams	Tampa Bay Buccaneers	0 	0.0 	0 	0.0 	1.0 	9 	0.1 	0.0 	0.0 	0.0 	1.6 	WR95		Actual	Actual	Actual	Forecast	Forecast	Forecast	Forecast	Forecast	Forecast	Forecast	Forecast	Forecast	Forecast	Forecast	Forecast	Forecast	Forecast		Healthy	Injured	Healthy	Healthy	Healthy	Healthy	Healthy	Healthy	Healthy	Healthy	Healthy	Healthy	Healthy	Healthy	Healthy	Healthy	Healthy		Week 4 2026	9/29/2026	8:41:33 PM	20		4%	6%	0%	0%	0%	0%		0.0 
	Adam Randall	Baltimore Ravens	RB	RB74	0.5 	6 	0 	0.0 	0.0 	0.0 	40 	3.3 	0.3 	0.0 	0.0 	0.0 	0 	0.0 	0.0 	0.0 	0.0 	0.1 	0.0 	0.016 	1.000 	0.082 	(1)	0.000 	0.000 	244 	0 	(244)	74 	0 	(74)	0.039 																0.0 	0.0 	0.0 	0.0 	0.5 	0.5 	0.5 	0.5 	0.5 	0.5 	0.5 	0.4 	0.0 	0.5 	0.5 	0.5 	0.5 		-	-	-	-	RB63	RB60	RB61	RB61	RB67	RB63	RB56	RB72	-	RB70	RB73	RB73	RB73		RB73	0.5 	0.0 	0.0 	3.3 	0.0 	0.0 	0.0 	0.0 	73 	0.021 	1.000 	0.095 	(1)	0.000 	0.000 	240 	0.046 		6 															0.0 	0.0 	0.0 	0.0 	0.0 	0.0 	0.0 	0.0 	#N/A	0.000 	1.000 	#N/A	(1)	0.000 	0.000 	#N/A	#N/A		0.0 																	Baltimore Ravens	Indianapolis Colts	0 	0.0 	0 	0.0 	0.0 	0 	0.0 	0.0 	0.0 	0.0 	0.0 	-		Baltimore Ravens	New Orleans Saints	0 	0.0 	0 	0.0 	0.0 	0 	0.0 	0.0 	0.0 	0.0 	0.0 	-		Baltimore Ravens	Dallas Cowboys	0 	0.0 	0 	0.0 	0.0 	0 	0.0 	0.0 	0.0 	0.0 	0.0 	-		Baltimore Ravens	Tennessee Titans	0 	0.0 	0 	0.0 	0.0 	0 	0.0 	0.0 	0.0 	0.0 	0.0 	-		Baltimore Ravens	Atlanta Falcons	0 	0.0 	3 	0.0 	0.0 	0 	0.0 	0.0 	0.0 	0.0 	0.5 	RB63		Baltimore Ravens	Cleveland Browns	0 	0.0 	3 	0.0 	0.0 	0 	0.0 	0.0 	0.0 	0.0 	0.5 	RB60		Baltimore Ravens	Cincinnati Bengals	0 	0.0 	3 	0.0 	0.0 	0 	0.0 	0.0 	0.0 	0.0 	0.5 	RB61		Baltimore Ravens	Buffalo Bills	0 	0.0 	3 	0.0 	0.0 	0 	0.0 	0.0 	0.0 	0.0 	0.5 	RB61		Baltimore Ravens	Jacksonville Jaguars	0 	0.0 	3 	0.0 	0.0 	0 	0.0 	0.0 	0.0 	0.0 	0.5 	RB67		Baltimore Ravens	Los Angeles Chargers	0 	0.0 	3 	0.0 	0.0 	0 	0.0 	0.0 	0.0 	0.0 	0.5 	RB63		Baltimore Ravens	Carolina Panthers	0 	0.0 	3 	0.0 	0.0 	0 	0.0 	0.0 	0.0 	0.0 	0.5 	RB56		Baltimore Ravens	Houston Texans	0 	0.0 	3 	0.0 	0.0 	0 	0.0 	0.0 	0.0 	0.0 	0.4 	RB72		Baltimore Ravens	BYE	0 	0.0 	0 	0.0 	0.0 	0 	0.0 	0.0 	0.0 	0.0 	0.0 	-		Baltimore Ravens	Tampa Bay Buccaneers	0 	0.0 	4 	0.0 	0.0 	0 	0.0 	0.0 	0.0 	0.0 	0.5 	RB70		Baltimore Ravens	Pittsburgh Steelers	0 	0.0 	3 	0.0 	0.0 	0 	0.0 	0.0 	0.0 	0.0 	0.5 	RB73		Baltimore Ravens	Cleveland Browns	0 	0.0 	4 	0.0 	0.0 	0 	0.0 	0.0 	0.0 	0.0 	0.5 	RB73		Baltimore Ravens	Cincinnati Bengals	0 	0.0 	3 	0.0 	0.0 	0 	0.0 	0.0 	0.0 	0.0 	0.5 	RB73		Actual	Actual	Actual	Forecast	Forecast	Forecast	Forecast	Forecast	Forecast	Forecast	Forecast	Forecast	Forecast	Forecast	Forecast	Forecast	Forecast		Injured	Injured	Injured	Injured	Healthy	Healthy	Healthy	Healthy	Healthy	Healthy	Healthy	Healthy	Healthy	Healthy	Healthy	Healthy	Healthy		Week 4 2026	9/29/2026	8:41:33 PM	20		0%	0%	2%	2%	0%	0%		0.0 
	Jameis Winston	New York Giants	QB	QB33	8.6 	129 	2,063 	137.5 	12.1 	0.8 	102 	6.8 	0.5 	0.0 	0.0 	0.0 	0 	0.0 	0.0 	0.0 	6.7 	0.7 	0.0 	0.347 	0.460 	0.085 	(1)	0.000 	0.000 	242 	0 	(242)	32 	0 	(32)	0.045 																0.0 	2.8 	6.1 	9.1 	9.5 	9.4 	8.7 	0.0 	8.9 	9.7 	9.4 	9.4 	9.3 	8.9 	9.0 	9.6 	9.6 		-	QB32	QB31	QB32	QB30	QB28	QB28	-	QB30	QB28	QB26	QB32	QB28	QB30	QB32	QB32	QB32		QB32	9.3 	141.1 	0.9 	6.7 	0.0 	0.0 	0.0 	0.0 	32 	0.431 	0.460 	0.085 	(0)	0.000 	0.000 	241 	0.045 		120 														QB37	4.5 	917.0 	6.1 	43.3 	0.2 	0.0 	0.0 	0.0 	37 	0.096 	0.460 	0.009 	(1)	0.000 	0.000 	#N/A	0.005 		9.0 																	New York Giants	Dallas Cowboys	0 	0.0 	0 	0.0 	0.0 	0 	0.0 	0.0 	0.0 	0.0 	0.0 	-		New York Giants	Los Angeles Rams	111 	0.0 	1 	0.0 	0.0 	0 	0.0 	0.8 	0.0 	0.0 	2.8 	QB32		New York Giants	Tennessee Titans	118 	0.0 	14 	0.0 	0.0 	0 	0.0 	0.0 	0.0 	0.0 	6.1 	QB31		New York Giants	Arizona Cardinals	139 	0.9 	7 	0.0 	0.0 	0 	0.0 	0.4 	0.1 	0.0 	9.1 	QB32		New York Giants	Washington Commanders	142 	1.0 	7 	0.0 	0.0 	0 	0.0 	0.4 	0.1 	0.0 	9.5 	QB30		New York Giants	New Orleans Saints	140 	1.0 	7 	0.0 	0.0 	0 	0.0 	0.4 	0.1 	0.0 	9.4 	QB28		New York Giants	Houston Texans	140 	0.8 	6 	0.0 	0.0 	0 	0.0 	0.4 	0.1 	0.0 	8.7 	QB28		New York Giants	BYE	0 	0.0 	0 	0.0 	0.0 	0 	0.0 	0.0 	0.0 	0.0 	0.0 	-		New York Giants	Philadelphia Eagles	141 	0.9 	6 	0.0 	0.0 	0 	0.0 	0.4 	0.1 	0.0 	8.9 	QB30		New York Giants	Washington Commanders	142 	1.0 	7 	0.0 	0.0 	0 	0.0 	0.4 	0.1 	0.0 	9.7 	QB28		New York Giants	Jacksonville Jaguars	141 	1.0 	7 	0.0 	0.0 	0 	0.0 	0.4 	0.1 	0.0 	9.4 	QB26		New York Giants	Indianapolis Colts	141 	1.0 	7 	0.0 	0.0 	0 	0.0 	0.4 	0.1 	0.0 	9.4 	QB32		New York Giants	San Francisco 49ers	141 	0.9 	7 	0.0 	0.0 	0 	0.0 	0.4 	0.1 	0.0 	9.3 	QB28		New York Giants	Seattle Seahawks	143 	0.9 	6 	0.0 	0.0 	0 	0.0 	0.4 	0.1 	0.0 	8.9 	QB30		New York Giants	Cleveland Browns	134 	0.9 	7 	0.0 	0.0 	0 	0.0 	0.4 	0.1 	0.0 	9.0 	QB32		New York Giants	Detroit Lions	145 	1.0 	7 	0.0 	0.0 	0 	0.0 	0.4 	0.1 	0.0 	9.6 	QB32		New York Giants	Dallas Cowboys	145 	1.0 	7 	0.0 	0.0 	0 	0.0 	0.4 	0.1 	0.0 	9.6 	QB32		Actual	Actual	Actual	Forecast	Forecast	Forecast	Forecast	Forecast	Forecast	Forecast	Forecast	Forecast	Forecast	Forecast	Forecast	Forecast	Forecast		Healthy	Healthy	Healthy	Healthy	Healthy	Healthy	Healthy	Healthy	Healthy	Healthy	Healthy	Healthy	Healthy	Healthy	Healthy	Healthy	Healthy		Week 4 2026	9/29/2026	8:41:33 PM	20		0%	0%	5%	4%	69%	69%		0.0 
	Zachariah Branch	Atlanta Falcons	WR	WR97	1.4 	20 	0 	0.0 	0.0 	0.0 	0 	0.0 	0.0 	0.0 	17.0 	1.1 	154 	10.3 	0.8 	0.1 	0.0 	0.0 	0.0 	0.055 	1.000 	0.030 	(1)	0.000 	0.000 	253 	256 	3 	97 	83 	(14)	0.022 																0.0 	1.4 	0.7 	1.4 	1.4 	1.4 	1.4 	1.4 	1.5 	1.4 	0.0 	1.3 	1.5 	1.3 	1.4 	1.4 	1.4 		-	WR73	WR83	WR88	WR87	WR81	WR81	WR85	WR88	WR85	-	WR99	WR85	WR95	WR99	WR99	WR99		WR96	1.4 	0.0 	0.0 	0.0 	0.0 	1.1 	10.2 	0.1 	96 	0.065 	1.000 	0.040 	(1)	0.000 	0.000 	249 	0.028 		18 														WR126	1.1 	0.0 	0.0 	0.0 	0.0 	7.0 	66.5 	0.4 	126 	0.023 	1.000 	0.000 	(1)	0.000 	0.000 	#N/A	0.003 		2.1 																	Atlanta Falcons	Pittsburgh Steelers	0 	0.0 	0 	0.0 	0.0 	0 	0.0 	0.0 	0.0 	0.0 	0.0 	-		Atlanta Falcons	Carolina Panthers	0 	0.0 	0 	0.0 	2.0 	14 	0.0 	0.0 	0.0 	0.0 	1.4 	WR73		Atlanta Falcons	Green Bay Packers	0 	0.0 	0 	0.0 	1.0 	7 	0.0 	0.0 	0.0 	0.0 	0.7 	WR83		Atlanta Falcons	New Orleans Saints	0 	0.0 	0 	0.0 	1.1 	10 	0.1 	0.0 	0.0 	0.0 	1.4 	WR88		Atlanta Falcons	Baltimore Ravens	0 	0.0 	0 	0.0 	1.1 	10 	0.1 	0.0 	0.0 	0.0 	1.4 	WR87		Atlanta Falcons	Chicago Bears	0 	0.0 	0 	0.0 	1.1 	10 	0.1 	0.0 	0.0 	0.0 	1.4 	WR81		Atlanta Falcons	San Francisco 49ers	0 	0.0 	0 	0.0 	1.1 	10 	0.1 	0.0 	0.0 	0.0 	1.4 	WR81		Atlanta Falcons	Tampa Bay Buccaneers	0 	0.0 	0 	0.0 	1.1 	10 	0.1 	0.0 	0.0 	0.0 	1.4 	WR85		Atlanta Falcons	Cincinnati Bengals	0 	0.0 	0 	0.0 	1.1 	11 	0.1 	0.0 	0.0 	0.0 	1.5 	WR88		Atlanta Falcons	Kansas City Chiefs	0 	0.0 	0 	0.0 	1.1 	10 	0.1 	0.0 	0.0 	0.0 	1.4 	WR85		Atlanta Falcons	BYE	0 	0.0 	0 	0.0 	0.0 	0 	0.0 	0.0 	0.0 	0.0 	0.0 	-		Atlanta Falcons	Minnesota Vikings	0 	0.0 	0 	0.0 	1.0 	10 	0.1 	0.0 	0.0 	0.0 	1.3 	WR99		Atlanta Falcons	Detroit Lions	0 	0.0 	0 	0.0 	1.1 	10 	0.1 	0.0 	0.0 	0.0 	1.5 	WR85		Atlanta Falcons	Cleveland Browns	0 	0.0 	0 	0.0 	1.0 	10 	0.1 	0.0 	0.0 	0.0 	1.3 	WR95		Atlanta Falcons	Washington Commanders	0 	0.0 	0 	0.0 	1.1 	10 	0.1 	0.0 	0.0 	0.0 	1.4 	WR99		Atlanta Falcons	Tampa Bay Buccaneers	0 	0.0 	0 	0.0 	1.1 	10 	0.1 	0.0 	0.0 	0.0 	1.4 	WR99		Atlanta Falcons	New Orleans Saints	0 	0.0 	0 	0.0 	1.1 	10 	0.1 	0.0 	0.0 	0.0 	1.4 	WR99		Actual	Actual	Actual	Forecast	Forecast	Forecast	Forecast	Forecast	Forecast	Forecast	Forecast	Forecast	Forecast	Forecast	Forecast	Forecast	Forecast		Healthy	Healthy	Healthy	Healthy	Healthy	Healthy	Healthy	Healthy	Healthy	Healthy	Healthy	Healthy	Healthy	Healthy	Healthy	Healthy	Healthy		Week 4 2026	9/29/2026	8:41:33 PM	20		5%	5%	0%	0%	0%	0%		0.0 
	James Conner	Arizona Cardinals	RB	RB75	0.3 	4 	0 	0.0 	0.0 	0.0 	22 	1.8 	0.3 	0.0 	0.0 	0.0 	0 	0.0 	0.0 	0.0 	0.0 	0.1 	0.0 	0.010 	1.000 	0.069 	(1)	0.000 	0.000 	248 	179 	(69)	75 	59 	(16)	0.033 																0.0 	0.0 	0.0 	0.0 	0.3 	0.3 	0.3 	0.3 	0.3 	0.3 	0.3 	0.4 	0.3 	0.0 	0.4 	0.3 	0.4 		-	-	-	-	RB64	RB61	RB62	RB62	RB68	RB64	RB57	RB73	RB66	-	RB74	RB74	RB74		RB74	0.3 	0.0 	0.0 	1.8 	0.0 	0.0 	0.0 	0.0 	74 	0.013 	1.000 	0.082 	(1)	0.000 	0.000 	243 	0.039 		4 														-	0.0 	0.0 	0.0 	0.0 	0.0 	0.0 	0.0 	0.0 	#N/A	0.000 	1.000 	#N/A	(1)	0.000 	0.000 	#N/A	#N/A		0.0 																	Arizona Cardinals	Los Angeles Chargers	0 	0.0 	0 	0.0 	0.0 	0 	0.0 	0.0 	0.0 	0.0 	0.0 	-		Arizona Cardinals	Seattle Seahawks	0 	0.0 	0 	0.0 	0.0 	0 	0.0 	0.0 	0.0 	0.0 	0.0 	-		Arizona Cardinals	San Francisco 49ers	0 	0.0 	0 	0.0 	0.0 	0 	0.0 	0.0 	0.0 	0.0 	0.0 	-		Arizona Cardinals	New York Giants	0 	0.0 	0 	0.0 	0.0 	0 	0.0 	0.0 	0.0 	0.0 	0.0 	-		Arizona Cardinals	Detroit Lions	0 	0.0 	2 	0.0 	0.0 	0 	0.0 	0.0 	0.0 	0.0 	0.3 	RB64		Arizona Cardinals	Los Angeles Rams	0 	0.0 	2 	0.0 	0.0 	0 	0.0 	0.0 	0.0 	0.0 	0.3 	RB61		Arizona Cardinals	Denver Broncos	0 	0.0 	2 	0.0 	0.0 	0 	0.0 	0.0 	0.0 	0.0 	0.3 	RB62		Arizona Cardinals	Dallas Cowboys	0 	0.0 	2 	0.0 	0.0 	0 	0.0 	0.0 	0.0 	0.0 	0.3 	RB62		Arizona Cardinals	Seattle Seahawks	0 	0.0 	2 	0.0 	0.0 	0 	0.0 	0.0 	0.0 	0.0 	0.3 	RB68		Arizona Cardinals	Los Angeles Rams	0 	0.0 	2 	0.0 	0.0 	0 	0.0 	0.0 	0.0 	0.0 	0.3 	RB64		Arizona Cardinals	Kansas City Chiefs	0 	0.0 	2 	0.0 	0.0 	0 	0.0 	0.0 	0.0 	0.0 	0.3 	RB57		Arizona Cardinals	Washington Commanders	0 	0.0 	2 	0.0 	0.0 	0 	0.0 	0.0 	0.0 	0.0 	0.4 	RB73		Arizona Cardinals	Philadelphia Eagles	0 	0.0 	2 	0.0 	0.0 	0 	0.0 	0.0 	0.0 	0.0 	0.3 	RB66		Arizona Cardinals	BYE	0 	0.0 	0 	0.0 	0.0 	0 	0.0 	0.0 	0.0 	0.0 	0.0 	-		Arizona Cardinals	New York Jets	0 	0.0 	2 	0.0 	0.0 	0 	0.0 	0.0 	0.0 	0.0 	0.4 	RB74		Arizona Cardinals	New Orleans Saints	0 	0.0 	2 	0.0 	0.0 	0 	0.0 	0.0 	0.0 	0.0 	0.3 	RB74		Arizona Cardinals	Las Vegas Raiders	0 	0.0 	2 	0.0 	0.0 	0 	0.0 	0.0 	0.0 	0.0 	0.4 	RB74		Actual	Actual	Actual	Forecast	Forecast	Forecast	Forecast	Forecast	Forecast	Forecast	Forecast	Forecast	Forecast	Forecast	Forecast	Forecast	Forecast		Injured	Injured	Injured	Injured	Healthy	Healthy	Healthy	Healthy	Healthy	Healthy	Healthy	Healthy	Healthy	Healthy	Healthy	Healthy	Healthy		Week 4 2026	9/29/2026	8:41:33 PM	20		0%	0%	2%	4%	0%	0%		0.0 
	J.J. McCarthy	New York Giants	QB	QB37	4.0 	52 	797 	61.3 	5.3 	0.4 	35 	2.7 	0.2 	0.0 	0.0 	0.0 	0 	0.0 	0.0 	0.0 	2.5 	0.3 	0.0 	0.140 	0.460 	0.040 	(1)	0.000 	0.000 	254 	312 	58 	35 	36 	1 	0.021 																0.0 	0.0 	0.0 	3.9 	4.1 	4.1 	3.8 	0.0 	3.9 	4.2 	4.1 	4.1 	4.0 	3.9 	3.9 	4.2 	4.2 		-	-	-	QB33	QB31	QB29	QB29	-	QB31	QB29	QB27	QB33	QB29	QB31	QB33	QB33	QB33		QB33	4.0 	61.3 	0.4 	2.7 	0.0 	0.0 	0.0 	0.0 	33 	0.187 	0.460 	0.070 	(1)	0.000 	0.000 	244 	0.037 		52 														-	0.0 	0.0 	0.0 	0.0 	0.0 	0.0 	0.0 	0.0 	#N/A	0.000 	0.460 	#N/A	(2)	0.000 	0.000 	#N/A	#N/A		0.0 																	New York Giants	Dallas Cowboys	0 	0.0 	0 	0.0 	0.0 	0 	0.0 	0.0 	0.0 	0.0 	0.0 	-		New York Giants	Los Angeles Rams	0 	0.0 	0 	0.0 	0.0 	0 	0.0 	0.0 	0.0 	0.0 	0.0 	-		New York Giants	Tennessee Titans	0 	0.0 	0 	0.0 	0.0 	0 	0.0 	0.0 	0.0 	0.0 	0.0 	-		New York Giants	Arizona Cardinals	60 	0.4 	3 	0.0 	0.0 	0 	0.0 	0.2 	0.0 	0.0 	3.9 	QB33		New York Giants	Washington Commanders	62 	0.4 	3 	0.0 	0.0 	0 	0.0 	0.2 	0.0 	0.0 	4.1 	QB31		New York Giants	New Orleans Saints	61 	0.4 	3 	0.0 	0.0 	0 	0.0 	0.2 	0.0 	0.0 	4.1 	QB29		New York Giants	Houston Texans	61 	0.4 	2 	0.0 	0.0 	0 	0.0 	0.2 	0.0 	0.0 	3.8 	QB29		New York Giants	BYE	0 	0.0 	0 	0.0 	0.0 	0 	0.0 	0.0 	0.0 	0.0 	0.0 	-		New York Giants	Philadelphia Eagles	61 	0.4 	2 	0.0 	0.0 	0 	0.0 	0.2 	0.0 	0.0 	3.9 	QB31		New York Giants	Washington Commanders	62 	0.4 	3 	0.0 	0.0 	0 	0.0 	0.2 	0.0 	0.0 	4.2 	QB29		New York Giants	Jacksonville Jaguars	61 	0.4 	3 	0.0 	0.0 	0 	0.0 	0.2 	0.0 	0.0 	4.1 	QB27		New York Giants	Indianapolis Colts	61 	0.4 	3 	0.0 	0.0 	0 	0.0 	0.2 	0.0 	0.0 	4.1 	QB33		New York Giants	San Francisco 49ers	61 	0.4 	3 	0.0 	0.0 	0 	0.0 	0.2 	0.0 	0.0 	4.0 	QB29		New York Giants	Seattle Seahawks	62 	0.4 	2 	0.0 	0.0 	0 	0.0 	0.2 	0.0 	0.0 	3.9 	QB31		New York Giants	Cleveland Browns	58 	0.4 	3 	0.0 	0.0 	0 	0.0 	0.2 	0.0 	0.0 	3.9 	QB33		New York Giants	Detroit Lions	63 	0.4 	3 	0.0 	0.0 	0 	0.0 	0.2 	0.0 	0.0 	4.2 	QB33		New York Giants	Dallas Cowboys	63 	0.4 	3 	0.0 	0.0 	0 	0.0 	0.2 	0.0 	0.0 	4.2 	QB33		Actual	Actual	Actual	Forecast	Forecast	Forecast	Forecast	Forecast	Forecast	Forecast	Forecast	Forecast	Forecast	Forecast	Forecast	Forecast	Forecast		Healthy	Healthy	Healthy	Healthy	Healthy	Healthy	Healthy	Healthy	Healthy	Healthy	Healthy	Healthy	Healthy	Healthy	Healthy	Healthy	Healthy		Week 4 2026	9/29/2026	8:41:33 PM	20		0%	0%	0%	0%	0%	0%		0.0 
	Ja'Kobi Lane	Baltimore Ravens	WR	WR99	1.6 	20 	0 	0.0 	0.0 	0.0 	0 	0.0 	0.0 	0.0 	12.3 	1.0 	138 	11.5 	1.0 	0.1 	0.0 	0.0 	0.0 	0.052 	1.000 	0.010 	(1)	0.000 	0.000 	258 	174 	(84)	99 	59 	(40)	0.012 																1.1 	0.0 	0.0 	0.0 	0.0 	1.6 	1.8 	1.7 	1.7 	1.7 	1.7 	1.6 	0.0 	1.7 	1.7 	1.6 	1.7 		WR81	-	-	-	-	WR79	WR77	WR80	WR85	WR80	WR77	WR95	-	WR88	WR94	WR94	WR94		WR94	1.7 	0.0 	0.0 	0.0 	0.0 	1.0 	11.5 	0.1 	94 	0.066 	1.000 	0.060 	(1)	0.000 	0.000 	245 	0.037 		18 														WR134	1.1 	0.0 	0.0 	0.0 	0.0 	11.3 	126.8 	1.0 	134 	0.012 	1.000 	0.000 	(1)	0.000 	0.000 	#N/A	0.002 		1.1 																	Baltimore Ravens	Indianapolis Colts	0 	0.0 	0 	0.0 	1.0 	11 	0.0 	0.0 	0.0 	0.0 	1.1 	WR81		Baltimore Ravens	New Orleans Saints	0 	0.0 	0 	0.0 	0.0 	0 	0.0 	0.0 	0.0 	0.0 	0.0 	-		Baltimore Ravens	Dallas Cowboys	0 	0.0 	0 	0.0 	0.0 	0 	0.0 	0.0 	0.0 	0.0 	0.0 	-		Baltimore Ravens	Tennessee Titans	0 	0.0 	0 	0.0 	0.0 	0 	0.0 	0.0 	0.0 	0.0 	0.0 	-		Baltimore Ravens	Atlanta Falcons	0 	0.0 	0 	0.0 	0.0 	0 	0.0 	0.0 	0.0 	0.0 	0.0 	-		Baltimore Ravens	Cleveland Browns	0 	0.0 	0 	0.0 	1.0 	11 	0.1 	0.0 	0.0 	0.0 	1.6 	WR79		Baltimore Ravens	Cincinnati Bengals	0 	0.0 	0 	0.0 	1.1 	12 	0.1 	0.0 	0.0 	0.0 	1.8 	WR77		Baltimore Ravens	Buffalo Bills	0 	0.0 	0 	0.0 	1.1 	12 	0.1 	0.0 	0.0 	0.0 	1.7 	WR80		Baltimore Ravens	Jacksonville Jaguars	0 	0.0 	0 	0.0 	1.0 	12 	0.1 	0.0 	0.0 	0.0 	1.7 	WR85		Baltimore Ravens	Los Angeles Chargers	0 	0.0 	0 	0.0 	1.0 	12 	0.1 	0.0 	0.0 	0.0 	1.7 	WR80		Baltimore Ravens	Carolina Panthers	0 	0.0 	0 	0.0 	1.0 	11 	0.1 	0.0 	0.0 	0.0 	1.7 	WR77		Baltimore Ravens	Houston Texans	0 	0.0 	0 	0.0 	1.0 	11 	0.1 	0.0 	0.0 	0.0 	1.6 	WR95		Baltimore Ravens	BYE	0 	0.0 	0 	0.0 	0.0 	0 	0.0 	0.0 	0.0 	0.0 	0.0 	-		Baltimore Ravens	Tampa Bay Buccaneers	0 	0.0 	0 	0.0 	1.0 	11 	0.1 	0.0 	0.0 	0.0 	1.7 	WR88		Baltimore Ravens	Pittsburgh Steelers	0 	0.0 	0 	0.0 	1.0 	12 	0.1 	0.0 	0.0 	0.0 	1.7 	WR94		Baltimore Ravens	Cleveland Browns	0 	0.0 	0 	0.0 	1.0 	11 	0.1 	0.0 	0.0 	0.0 	1.6 	WR94		Baltimore Ravens	Cincinnati Bengals	0 	0.0 	0 	0.0 	1.1 	12 	0.1 	0.0 	0.0 	0.0 	1.7 	WR94		Actual	Actual	Actual	Forecast	Forecast	Forecast	Forecast	Forecast	Forecast	Forecast	Forecast	Forecast	Forecast	Forecast	Forecast	Forecast	Forecast		Healthy	Injured	Injured	Injured	Injured	Healthy	Healthy	Healthy	Healthy	Healthy	Healthy	Healthy	Healthy	Healthy	Healthy	Healthy	Healthy		Week 4 2026	9/29/2026	8:41:33 PM	20		6%	7%	0%	0%	0%	0%		0.0 
	Sean Tucker	Tampa Bay Buccaneers	RB	RB76	0.2 	2 	0 	0.0 	0.0 	0.0 	15 	1.2 	0.1 	0.0 	0.0 	0.0 	0 	0.0 	0.0 	0.0 	0.0 	0.0 	0.0 	0.006 	1.000 	0.056 	(1)	0.000 	0.000 	252 	200 	(52)	76 	64 	(12)	0.026 																0.0 	0.0 	0.0 	0.1 	0.2 	0.2 	0.2 	0.2 	0.2 	0.0 	0.2 	0.2 	0.2 	0.1 	0.2 	0.2 	0.1 		-	-	-	RB64	RB65	RB62	RB63	RB63	RB69	-	RB58	RB74	RB67	RB71	RB75	RB75	RB75		RB75	0.2 	0.0 	0.0 	1.2 	0.0 	0.0 	0.0 	0.0 	75 	0.007 	1.000 	0.069 	(1)	0.000 	0.000 	247 	0.032 		2 														-	0.0 	0.0 	0.0 	0.0 	0.0 	0.0 	0.0 	0.0 	#N/A	0.000 	1.000 	#N/A	(1)	0.000 	0.000 	#N/A	#N/A		0.0 																	Tampa Bay Buccaneers	Cincinnati Bengals	0 	0.0 	0 	0.0 	0.0 	0 	0.0 	0.0 	0.0 	0.0 	0.0 	-		Tampa Bay Buccaneers	Cleveland Browns	0 	0.0 	0 	0.0 	0.0 	0 	0.0 	0.0 	0.0 	0.0 	0.0 	-		Tampa Bay Buccaneers	Minnesota Vikings	0 	0.0 	0 	0.0 	0.0 	0 	0.0 	0.0 	0.0 	0.0 	0.0 	-		Tampa Bay Buccaneers	Green Bay Packers	0 	0.0 	1 	0.0 	0.0 	0 	0.0 	0.0 	0.0 	0.0 	0.1 	RB64		Tampa Bay Buccaneers	Dallas Cowboys	0 	0.0 	1 	0.0 	0.0 	0 	0.0 	0.0 	0.0 	0.0 	0.2 	RB65		Tampa Bay Buccaneers	Pittsburgh Steelers	0 	0.0 	1 	0.0 	0.0 	0 	0.0 	0.0 	0.0 	0.0 	0.2 	RB62		Tampa Bay Buccaneers	Carolina Panthers	0 	0.0 	1 	0.0 	0.0 	0 	0.0 	0.0 	0.0 	0.0 	0.2 	RB63		Tampa Bay Buccaneers	Atlanta Falcons	0 	0.0 	1 	0.0 	0.0 	0 	0.0 	0.0 	0.0 	0.0 	0.2 	RB63		Tampa Bay Buccaneers	Chicago Bears	0 	0.0 	1 	0.0 	0.0 	0 	0.0 	0.0 	0.0 	0.0 	0.2 	RB69		Tampa Bay Buccaneers	BYE	0 	0.0 	0 	0.0 	0.0 	0 	0.0 	0.0 	0.0 	0.0 	0.0 	-		Tampa Bay Buccaneers	Detroit Lions	0 	0.0 	1 	0.0 	0.0 	0 	0.0 	0.0 	0.0 	0.0 	0.2 	RB58		Tampa Bay Buccaneers	Carolina Panthers	0 	0.0 	1 	0.0 	0.0 	0 	0.0 	0.0 	0.0 	0.0 	0.2 	RB74		Tampa Bay Buccaneers	Los Angeles Chargers	0 	0.0 	1 	0.0 	0.0 	0 	0.0 	0.0 	0.0 	0.0 	0.2 	RB67		Tampa Bay Buccaneers	Baltimore Ravens	0 	0.0 	1 	0.0 	0.0 	0 	0.0 	0.0 	0.0 	0.0 	0.1 	RB71		Tampa Bay Buccaneers	New Orleans Saints	0 	0.0 	1 	0.0 	0.0 	0 	0.0 	0.0 	0.0 	0.0 	0.2 	RB75		Tampa Bay Buccaneers	Atlanta Falcons	0 	0.0 	1 	0.0 	0.0 	0 	0.0 	0.0 	0.0 	0.0 	0.2 	RB75		Tampa Bay Buccaneers	Los Angeles Rams	0 	0.0 	1 	0.0 	0.0 	0 	0.0 	0.0 	0.0 	0.0 	0.1 	RB75		Actual	Actual	Actual	Forecast	Forecast	Forecast	Forecast	Forecast	Forecast	Forecast	Forecast	Forecast	Forecast	Forecast	Forecast	Forecast	Forecast		Injured	Healthy	Healthy	Healthy	Healthy	Healthy	Healthy	Healthy	Healthy	Healthy	Healthy	Healthy	Healthy	Healthy	Healthy	Healthy	Healthy		Week 4 2026	9/29/2026	8:41:33 PM	20		0%	0%	1%	1%	0%	0%		0.0 
	Jalen McMillan	Tampa Bay Buccaneers	WR	WR100	1.4 	18 	0 	0.0 	0.0 	0.0 	0 	0.0 	0.0 	0.0 	9.9 	0.8 	147 	11.3 	0.6 	0.0 	0.0 	0.0 	0.0 	0.049 	1.000 	0.000 	(1)	0.000 	0.000 	259 	201 	(58)	100 	68 	(32)	0.007 																0.0 	0.0 	0.0 	1.2 	1.5 	1.4 	1.4 	1.4 	1.4 	0.0 	1.4 	1.4 	1.4 	1.4 	1.4 	1.4 	1.4 		-	-	-	WR90	WR86	WR82	WR82	WR84	WR89	-	WR78	WR97	WR86	WR91	WR98	WR98	WR97		WR95	1.4 	0.0 	0.0 	0.0 	0.0 	0.8 	11.3 	0.0 	95 	0.065 	1.000 	0.050 	(1)	0.000 	0.000 	246 	0.032 		18 														-	0.0 	0.0 	0.0 	0.0 	0.0 	0.0 	0.0 	0.0 	#N/A	0.000 	1.000 	#N/A	(1)	0.000 	0.000 	#N/A	#N/A		0.0 																	Tampa Bay Buccaneers	Cincinnati Bengals	0 	0.0 	0 	0.0 	0.0 	0 	0.0 	0.0 	0.0 	0.0 	0.0 	-		Tampa Bay Buccaneers	Cleveland Browns	0 	0.0 	0 	0.0 	0.0 	0 	0.0 	0.0 	0.0 	0.0 	0.0 	-		Tampa Bay Buccaneers	Minnesota Vikings	0 	0.0 	0 	0.0 	0.0 	0 	0.0 	0.0 	0.0 	0.0 	0.0 	-		Tampa Bay Buccaneers	Green Bay Packers	0 	0.0 	0 	0.0 	0.7 	10 	0.0 	0.0 	0.0 	0.0 	1.2 	WR90		Tampa Bay Buccaneers	Dallas Cowboys	0 	0.0 	0 	0.0 	0.8 	12 	0.1 	0.0 	0.0 	0.0 	1.5 	WR86		Tampa Bay Buccaneers	Pittsburgh Steelers	0 	0.0 	0 	0.0 	0.8 	11 	0.0 	0.0 	0.0 	0.0 	1.4 	WR82		Tampa Bay Buccaneers	Carolina Panthers	0 	0.0 	0 	0.0 	0.8 	11 	0.0 	0.0 	0.0 	0.0 	1.4 	WR82		Tampa Bay Buccaneers	Atlanta Falcons	0 	0.0 	0 	0.0 	0.8 	11 	0.1 	0.0 	0.0 	0.0 	1.4 	WR84		Tampa Bay Buccaneers	Chicago Bears	0 	0.0 	0 	0.0 	0.8 	12 	0.0 	0.0 	0.0 	0.0 	1.4 	WR89		Tampa Bay Buccaneers	BYE	0 	0.0 	0 	0.0 	0.0 	0 	0.0 	0.0 	0.0 	0.0 	0.0 	-		Tampa Bay Buccaneers	Detroit Lions	0 	0.0 	0 	0.0 	0.8 	12 	0.0 	0.0 	0.0 	0.0 	1.4 	WR78		Tampa Bay Buccaneers	Carolina Panthers	0 	0.0 	0 	0.0 	0.8 	11 	0.0 	0.0 	0.0 	0.0 	1.4 	WR97		Tampa Bay Buccaneers	Los Angeles Chargers	0 	0.0 	0 	0.0 	0.8 	11 	0.0 	0.0 	0.0 	0.0 	1.4 	WR86		Tampa Bay Buccaneers	Baltimore Ravens	0 	0.0 	0 	0.0 	0.8 	12 	0.0 	0.0 	0.0 	0.0 	1.4 	WR91		Tampa Bay Buccaneers	New Orleans Saints	0 	0.0 	0 	0.0 	0.8 	11 	0.1 	0.0 	0.0 	0.0 	1.4 	WR98		Tampa Bay Buccaneers	Atlanta Falcons	0 	0.0 	0 	0.0 	0.8 	11 	0.0 	0.0 	0.0 	0.0 	1.4 	WR98		Tampa Bay Buccaneers	Los Angeles Rams	0 	0.0 	0 	0.0 	0.8 	11 	0.0 	0.0 	0.0 	0.0 	1.4 	WR97		Actual	Actual	Actual	Forecast	Forecast	Forecast	Forecast	Forecast	Forecast	Forecast	Forecast	Forecast	Forecast	Forecast	Forecast	Forecast	Forecast		Injured	Healthy	Healthy	Limited / Handicapped	Healthy	Healthy	Healthy	Healthy	Healthy	Healthy	Healthy	Healthy	Healthy	Healthy	Healthy	Healthy	Healthy		Week 4 2026	9/29/2026	8:41:33 PM	20		5%	3%	0%	0%	0%	0%		0.0 
	Marcus Mariota	Washington Commanders	QB	QB34	5.1 	76 	962 	64.1 	8.5 	0.6 	62 	4.1 	0.3 	0.0 	0.0 	0.0 	0 	0.0 	0.0 	0.0 	2.0 	0.2 	0.0 	0.204 	0.460 	0.070 	(1)	0.000 	0.000 	245 	0 	(245)	33 	0 	(33)	0.037 																0.0 	8.7 	20.4 	14.1 	15.0 	14.6 	0.0 	0.3 	0.3 	0.3 	0.3 	0.4 	0.3 	0.3 	0.3 	0.3 	0.3 		-	QB24	QB12	QB22	QB21	QB20	-	QB33	QB36	QB33	QB29	QB38	QB32	QB35	QB38	QB38	QB37		QB34	3.6 	51.4 	0.3 	3.7 	0.0 	0.0 	0.0 	0.0 	34 	0.168 	0.460 	0.055 	(1)	0.000 	0.000 	248 	0.029 		47 														QB28	14.6 	334.1 	2.2 	23.9 	0.2 	0.0 	0.0 	0.0 	28 	0.314 	0.460 	0.143 	(0)	0.000 	0.000 	#N/A	0.076 		29.2 																	Washington Commanders	Philadelphia Eagles	0 	0.0 	0 	0.0 	0.0 	0 	0.0 	0.0 	0.0 	0.0 	0.0 	-		Washington Commanders	Dallas Cowboys	111 	1.0 	3 	0.0 	0.0 	0 	0.0 	0.0 	0.0 	0.0 	8.7 	QB24		Washington Commanders	Seattle Seahawks	183 	3.0 	11 	0.0 	0.0 	0 	0.0 	0.0 	0.0 	0.0 	20.4 	QB12		Washington Commanders	Indianapolis Colts	213 	1.4 	11 	0.1 	0.0 	0 	0.0 	0.6 	0.1 	0.0 	14.1 	QB22		Washington Commanders	New York Giants	215 	1.5 	13 	0.1 	0.0 	0 	0.0 	0.6 	0.1 	0.0 	15.0 	QB21		Washington Commanders	San Francisco 49ers	220 	1.4 	11 	0.1 	0.0 	0 	0.0 	0.6 	0.1 	0.0 	14.6 	QB20		Washington Commanders	BYE	0 	0.0 	0 	0.0 	0.0 	0 	0.0 	0.0 	0.0 	0.0 	0.0 	-		Washington Commanders	Philadelphia Eagles	2 	0.0 	1 	0.0 	0.0 	0 	0.0 	0.0 	0.0 	0.0 	0.3 	QB33		Washington Commanders	Los Angeles Rams	2 	0.0 	1 	0.0 	0.0 	0 	0.0 	0.0 	0.0 	0.0 	0.3 	QB36		Washington Commanders	New York Giants	2 	0.0 	1 	0.0 	0.0 	0 	0.0 	0.0 	0.0 	0.0 	0.3 	QB33		Washington Commanders	Cincinnati Bengals	2 	0.0 	1 	0.0 	0.0 	0 	0.0 	0.0 	0.0 	0.0 	0.3 	QB29		Washington Commanders	Arizona Cardinals	2 	0.0 	1 	0.0 	0.0 	0 	0.0 	0.0 	0.0 	0.0 	0.4 	QB38		Washington Commanders	Tennessee Titans	2 	0.0 	1 	0.0 	0.0 	0 	0.0 	0.0 	0.0 	0.0 	0.3 	QB32		Washington Commanders	Houston Texans	2 	0.0 	1 	0.0 	0.0 	0 	0.0 	0.0 	0.0 	0.0 	0.3 	QB35		Washington Commanders	Atlanta Falcons	2 	0.0 	1 	0.0 	0.0 	0 	0.0 	0.0 	0.0 	0.0 	0.3 	QB38		Washington Commanders	Minnesota Vikings	2 	0.0 	1 	0.0 	0.0 	0 	0.0 	0.0 	0.0 	0.0 	0.3 	QB38		Washington Commanders	Jacksonville Jaguars	2 	0.0 	1 	0.0 	0.0 	0 	0.0 	0.0 	0.0 	0.0 	0.3 	QB37		Actual	Actual	Actual	Forecast	Forecast	Forecast	Forecast	Forecast	Forecast	Forecast	Forecast	Forecast	Forecast	Forecast	Forecast	Forecast	Forecast		Healthy	Healthy	Healthy	Healthy	Healthy	Healthy	Healthy	Healthy	Healthy	Healthy	Healthy	Healthy	Healthy	Healthy	Healthy	Healthy	Healthy		Week 4 2026	9/29/2026	8:41:33 PM	20		0%	0%	1%	1%	1%	1%		(0.0)
	Omar Cooper Jr.	New York Jets	WR	WR98	1.6 	20 	0 	0.0 	0.0 	0.0 	0 	0.0 	0.0 	0.0 	10.8 	0.8 	157 	12.1 	0.8 	0.1 	0.0 	0.0 	0.0 	0.054 	1.000 	0.020 	(1)	0.000 	0.000 	256 	190 	(66)	98 	65 	(33)	0.017 																3.0 	0.0 	0.0 	0.0 	1.4 	1.4 	1.5 	1.5 	1.4 	1.5 	1.4 	1.4 	0.0 	1.4 	1.5 	1.4 	1.4 		WR61	-	-	-	WR88	WR80	WR80	WR83	WR90	WR83	WR79	WR96	-	WR92	WR97	WR97	WR98		WR98	1.4 	0.0 	0.0 	0.0 	0.0 	0.8 	10.6 	0.1 	98 	0.061 	1.000 	0.020 	(1)	0.000 	0.000 	254 	0.018 		17 														WR118	3.0 	0.0 	0.0 	0.0 	0.0 	9.8 	127.0 	0.8 	118 	0.032 	1.000 	0.000 	(1)	0.000 	0.000 	#N/A	0.005 		3.0 																	New York Jets	Tennessee Titans	0 	0.0 	0 	0.0 	1.0 	30 	0.0 	0.0 	0.0 	0.0 	3.0 	WR61		New York Jets	Green Bay Packers	0 	0.0 	0 	0.0 	0.0 	0 	0.0 	0.0 	0.0 	0.0 	0.0 	-		New York Jets	Detroit Lions	0 	0.0 	0 	0.0 	0.0 	0 	0.0 	0.0 	0.0 	0.0 	0.0 	-		New York Jets	Chicago Bears	0 	0.0 	0 	0.0 	0.0 	0 	0.0 	0.0 	0.0 	0.0 	0.0 	-		New York Jets	Cleveland Browns	0 	0.0 	0 	0.0 	0.8 	10 	0.1 	0.0 	0.0 	0.0 	1.4 	WR88		New York Jets	New England Patriots	0 	0.0 	0 	0.0 	0.8 	11 	0.1 	0.0 	0.0 	0.0 	1.4 	WR80		New York Jets	Miami Dolphins	0 	0.0 	0 	0.0 	0.8 	11 	0.1 	0.0 	0.0 	0.0 	1.5 	WR80		New York Jets	Las Vegas Raiders	0 	0.0 	0 	0.0 	0.8 	11 	0.1 	0.0 	0.0 	0.0 	1.5 	WR83		New York Jets	Kansas City Chiefs	0 	0.0 	0 	0.0 	0.8 	11 	0.1 	0.0 	0.0 	0.0 	1.4 	WR90		New York Jets	Buffalo Bills	0 	0.0 	0 	0.0 	0.9 	11 	0.1 	0.0 	0.0 	0.0 	1.5 	WR83		New York Jets	Los Angeles Chargers	0 	0.0 	0 	0.0 	0.8 	11 	0.1 	0.0 	0.0 	0.0 	1.4 	WR79		New York Jets	Miami Dolphins	0 	0.0 	0 	0.0 	0.8 	11 	0.1 	0.0 	0.0 	0.0 	1.4 	WR96		New York Jets	BYE	0 	0.0 	0 	0.0 	0.0 	0 	0.0 	0.0 	0.0 	0.0 	0.0 	-		New York Jets	Denver Broncos	0 	0.0 	0 	0.0 	0.8 	11 	0.1 	0.0 	0.0 	0.0 	1.4 	WR92		New York Jets	Arizona Cardinals	0 	0.0 	0 	0.0 	0.8 	11 	0.1 	0.0 	0.0 	0.0 	1.5 	WR97		New York Jets	New England Patriots	0 	0.0 	0 	0.0 	0.8 	11 	0.1 	0.0 	0.0 	0.0 	1.4 	WR97		New York Jets	Minnesota Vikings	0 	0.0 	0 	0.0 	0.8 	10 	0.1 	0.0 	0.0 	0.0 	1.4 	WR98		Actual	Actual	Actual	Forecast	Forecast	Forecast	Forecast	Forecast	Forecast	Forecast	Forecast	Forecast	Forecast	Forecast	Forecast	Forecast	Forecast		Healthy	Injured	Injured	Injured	Limited / Handicapped	Healthy	Healthy	Healthy	Healthy	Healthy	Healthy	Healthy	Healthy	Healthy	Healthy	Healthy	Healthy		Week 4 2026	9/29/2026	8:41:33 PM	20		5%	5%	0%	0%	0%	0%		0.0 
	De'Von Achane	Miami Dolphins	RB	RB70	5.9 	18 	0 	0.0 	0.0 	0.0 	127 	42.3 	0.0 	0.0 	7.0 	2.3 	49 	16.3 	0.0 	0.0 	0.0 	0.0 	0.0 	0.047 	1.000 	0.134 	(0)	0.000 	0.000 	231 	9 	(222)	70 	6 	(64)	0.068 				-	-		-	-		-	-		-	-		6.6 	9.3 	1.7 	0.0 	0.0 	0.0 	0.0 	0.0 	0.0 	0.0 	0.0 	0.0 	0.0 	0.0 	0.0 	0.0 	0.0 		RB33	RB15	RB47	-	-	-	-	-	-	-	-	-	-	-	-	-	-		RB76	0.0 	0.0 	0.0 	0.0 	0.0 	0.0 	0.0 	0.0 	76 	0.000 	1.000 	0.056 	(1)	0.000 	0.000 	250 	0.025 		0 														RB31	5.9 	0.0 	0.0 	0.0 	0.0 	0.0 	0.0 	0.0 	31 	0.189 	1.000 	0.632 	(0)	0.000 	0.000 	#N/A	0.313 		17.6 																	Miami Dolphins	Las Vegas Raiders	0 	0.0 	36 	0.0 	4.0 	30 	0.0 	0.0 	0.0 	0.0 	6.6 	RB33		Miami Dolphins	San Francisco 49ers	0 	0.0 	74 	0.0 	3.0 	19 	0.0 	0.0 	0.0 	0.0 	9.3 	RB15		Miami Dolphins	Kansas City Chiefs	0 	0.0 	17 	0.0 	0.0 	0 	0.0 	0.0 	0.0 	0.0 	1.7 	RB47		Miami Dolphins	Minnesota Vikings	0 	0.0 	0 	0.0 	0.0 	0 	0.0 	0.0 	0.0 	0.0 	0.0 	-		Miami Dolphins	Cincinnati Bengals	0 	0.0 	0 	0.0 	0.0 	0 	0.0 	0.0 	0.0 	0.0 	0.0 	-		Miami Dolphins	BYE	0 	0.0 	0 	0.0 	0.0 	0 	0.0 	0.0 	0.0 	0.0 	0.0 	-		Miami Dolphins	New York Jets	0 	0.0 	0 	0.0 	0.0 	0 	0.0 	0.0 	0.0 	0.0 	0.0 	-		Miami Dolphins	New England Patriots	0 	0.0 	0 	0.0 	0.0 	0 	0.0 	0.0 	0.0 	0.0 	0.0 	-		Miami Dolphins	Detroit Lions	0 	0.0 	0 	0.0 	0.0 	0 	0.0 	0.0 	0.0 	0.0 	0.0 	-		Miami Dolphins	Indianapolis Colts	0 	0.0 	0 	0.0 	0.0 	0 	0.0 	0.0 	0.0 	0.0 	0.0 	-		Miami Dolphins	Buffalo Bills	0 	0.0 	0 	0.0 	0.0 	0 	0.0 	0.0 	0.0 	0.0 	0.0 	-		Miami Dolphins	New York Jets	0 	0.0 	0 	0.0 	0.0 	0 	0.0 	0.0 	0.0 	0.0 	0.0 	-		Miami Dolphins	Denver Broncos	0 	0.0 	0 	0.0 	0.0 	0 	0.0 	0.0 	0.0 	0.0 	0.0 	-		Miami Dolphins	Chicago Bears	0 	0.0 	0 	0.0 	0.0 	0 	0.0 	0.0 	0.0 	0.0 	0.0 	-		Miami Dolphins	Green Bay Packers	0 	0.0 	0 	0.0 	0.0 	0 	0.0 	0.0 	0.0 	0.0 	0.0 	-		Miami Dolphins	Los Angeles Chargers	0 	0.0 	0 	0.0 	0.0 	0 	0.0 	0.0 	0.0 	0.0 	0.0 	-		Miami Dolphins	Buffalo Bills	0 	0.0 	0 	0.0 	0.0 	0 	0.0 	0.0 	0.0 	0.0 	0.0 	-		Actual	Actual	Actual	Forecast	Forecast	Forecast	Forecast	Forecast	Forecast	Forecast	Forecast	Forecast	Forecast	Forecast	Forecast	Forecast	Forecast		Healthy	Healthy	Healthy	Injured	Injured	Injured	Injured	Injured	Injured	Injured	Injured	Injured	Injured	Injured	Injured	Injured	Injured		Week 4 2026	9/29/2026	8:41:33 PM	20		0%	0%	0%	0%	0%	0%		(0.2)
	Malik Davis	Dallas Cowboys	RB	RB77	0.0 	0 	0 	0.0 	0.0 	0.0 	0 	0.0 	0.0 	0.0 	0.0 	0.0 	0 	0.0 	0.0 	0.0 	0.0 	0.0 	0.0 	0.000 	1.000 	0.043 	(1)	0.000 	0.000 	255 	262 	7 	77 	77 	0 	0.019 																0.0 	0.0 	0.0 	0.0 	0.0 	0.0 	0.0 	0.0 	0.0 	0.0 	0.0 	0.0 	0.0 	0.0 	0.0 	0.0 	0.0 		-	-	-	-	-	-	-	-	-	-	-	-	-	-	-	-	-		RB76	0.0 	0.0 	0.0 	0.0 	0.0 	0.0 	0.0 	0.0 	76 	0.000 	1.000 	0.056 	(1)	0.000 	0.000 	250 	0.025 		0 														-	0.0 	0.0 	0.0 	0.0 	0.0 	0.0 	0.0 	0.0 	#N/A	0.000 	1.000 	#N/A	(1)	0.000 	0.000 	#N/A	#N/A		0.0 																	Dallas Cowboys	New York Giants	0 	0.0 	0 	0.0 	0.0 	0 	0.0 	0.0 	0.0 	0.0 	0.0 	-		Dallas Cowboys	Washington Commanders	0 	0.0 	0 	0.0 	0.0 	0 	0.0 	0.0 	0.0 	0.0 	0.0 	-		Dallas Cowboys	Baltimore Ravens	0 	0.0 	0 	0.0 	0.0 	0 	0.0 	0.0 	0.0 	0.0 	0.0 	-		Dallas Cowboys	Houston Texans	0 	0.0 	0 	0.0 	0.0 	0 	0.0 	0.0 	0.0 	0.0 	0.0 	-		Dallas Cowboys	Tampa Bay Buccaneers	0 	0.0 	0 	0.0 	0.0 	0 	0.0 	0.0 	0.0 	0.0 	0.0 	-		Dallas Cowboys	Green Bay Packers	0 	0.0 	0 	0.0 	0.0 	0 	0.0 	0.0 	0.0 	0.0 	0.0 	-		Dallas Cowboys	Philadelphia Eagles	0 	0.0 	0 	0.0 	0.0 	0 	0.0 	0.0 	0.0 	0.0 	0.0 	-		Dallas Cowboys	Arizona Cardinals	0 	0.0 	0 	0.0 	0.0 	0 	0.0 	0.0 	0.0 	0.0 	0.0 	-		Dallas Cowboys	Indianapolis Colts	0 	0.0 	0 	0.0 	0.0 	0 	0.0 	0.0 	0.0 	0.0 	0.0 	-		Dallas Cowboys	San Francisco 49ers	0 	0.0 	0 	0.0 	0.0 	0 	0.0 	0.0 	0.0 	0.0 	0.0 	-		Dallas Cowboys	Tennessee Titans	0 	0.0 	0 	0.0 	0.0 	0 	0.0 	0.0 	0.0 	0.0 	0.0 	-		Dallas Cowboys	Philadelphia Eagles	0 	0.0 	0 	0.0 	0.0 	0 	0.0 	0.0 	0.0 	0.0 	0.0 	-		Dallas Cowboys	Seattle Seahawks	0 	0.0 	0 	0.0 	0.0 	0 	0.0 	0.0 	0.0 	0.0 	0.0 	-		Dallas Cowboys	BYE	0 	0.0 	0 	0.0 	0.0 	0 	0.0 	0.0 	0.0 	0.0 	0.0 	-		Dallas Cowboys	Los Angeles Rams	0 	0.0 	0 	0.0 	0.0 	0 	0.0 	0.0 	0.0 	0.0 	0.0 	-		Dallas Cowboys	Jacksonville Jaguars	0 	0.0 	0 	0.0 	0.0 	0 	0.0 	0.0 	0.0 	0.0 	0.0 	-		Dallas Cowboys	New York Giants	0 	0.0 	0 	0.0 	0.0 	0 	0.0 	0.0 	0.0 	0.0 	0.0 	-		Actual	Actual	Actual	Forecast	Forecast	Forecast	Forecast	Forecast	Forecast	Forecast	Forecast	Forecast	Forecast	Forecast	Forecast	Forecast	Forecast		Injured	Injured	Injured	Injured	Injured	Injured	Injured	Injured	Injured	Injured	Injured	Injured	Injured	Injured	Injured	Injured	Injured		Week 4 2026	9/29/2026	8:41:33 PM	20		0%	0%	0%	0%	0%	0%		0.0 
	Jalon Daniels	Tampa Bay Buccaneers	QB	QB38	3.3 	46 	668 	47.7 	4.6 	0.3 	39 	2.8 	0.2 	0.0 	0.0 	0.0 	0 	0.0 	0.0 	0.0 	1.9 	0.2 	0.0 	0.123 	0.460 	0.024 	(2)	0.000 	0.000 	257 	0 	(257)	36 	0 	(36)	0.013 																0.0 	0.0 	0.9 	12.4 	15.2 	14.1 	0.4 	0.4 	0.3 	0.0 	0.3 	0.4 	0.3 	0.3 	0.4 	0.4 	0.3 		-	-	QB33	QB30	QB19	QB22	QB33	QB31	QB35	-	QB30	QB37	QB33	QB36	QB37	QB36	QB38		QB35	3.5 	51.4 	0.4 	2.3 	0.0 	0.0 	0.0 	0.0 	35 	0.161 	0.460 	0.040 	(1)	0.000 	0.000 	253 	0.021 		45 														-	0.9 	668.0 	4.6 	30.4 	0.2 	0.0 	0.0 	0.0 	#N/A	0.010 	0.460 	#N/A	(2)	0.000 	0.000 	#N/A	#N/A		0.9 																	Tampa Bay Buccaneers	Cincinnati Bengals	0 	0.0 	0 	0.0 	0.0 	0 	0.0 	0.0 	0.0 	0.0 	0.0 	-		Tampa Bay Buccaneers	Cleveland Browns	0 	0.0 	0 	0.0 	0.0 	0 	0.0 	0.0 	0.0 	0.0 	0.0 	-		Tampa Bay Buccaneers	Minnesota Vikings	0 	0.0 	9 	0.0 	0.0 	0 	0.0 	0.0 	0.0 	0.0 	0.9 	QB33		Tampa Bay Buccaneers	Green Bay Packers	211 	1.3 	2 	0.0 	0.0 	0 	0.0 	0.6 	0.1 	0.0 	12.4 	QB30		Tampa Bay Buccaneers	Dallas Cowboys	236 	1.7 	2 	0.0 	0.0 	0 	0.0 	0.6 	0.1 	0.0 	15.2 	QB19		Tampa Bay Buccaneers	Pittsburgh Steelers	221 	1.6 	2 	0.0 	0.0 	0 	0.0 	0.6 	0.1 	0.0 	14.1 	QB22		Tampa Bay Buccaneers	Carolina Panthers	0 	0.0 	2 	0.0 	0.0 	0 	0.0 	0.0 	0.0 	0.0 	0.4 	QB33		Tampa Bay Buccaneers	Atlanta Falcons	0 	0.0 	3 	0.0 	0.0 	0 	0.0 	0.0 	0.0 	0.0 	0.4 	QB31		Tampa Bay Buccaneers	Chicago Bears	0 	0.0 	2 	0.0 	0.0 	0 	0.0 	0.0 	0.0 	0.0 	0.3 	QB35		Tampa Bay Buccaneers	BYE	0 	0.0 	0 	0.0 	0.0 	0 	0.0 	0.0 	0.0 	0.0 	0.0 	-		Tampa Bay Buccaneers	Detroit Lions	0 	0.0 	2 	0.0 	0.0 	0 	0.0 	0.0 	0.0 	0.0 	0.3 	QB30		Tampa Bay Buccaneers	Carolina Panthers	0 	0.0 	2 	0.0 	0.0 	0 	0.0 	0.0 	0.0 	0.0 	0.4 	QB37		Tampa Bay Buccaneers	Los Angeles Chargers	0 	0.0 	2 	0.0 	0.0 	0 	0.0 	0.0 	0.0 	0.0 	0.3 	QB33		Tampa Bay Buccaneers	Baltimore Ravens	0 	0.0 	2 	0.0 	0.0 	0 	0.0 	0.0 	0.0 	0.0 	0.3 	QB36		Tampa Bay Buccaneers	New Orleans Saints	0 	0.0 	3 	0.0 	0.0 	0 	0.0 	0.0 	0.0 	0.0 	0.4 	QB37		Tampa Bay Buccaneers	Atlanta Falcons	0 	0.0 	2 	0.0 	0.0 	0 	0.0 	0.0 	0.0 	0.0 	0.4 	QB36		Tampa Bay Buccaneers	Los Angeles Rams	0 	0.0 	2 	0.0 	0.0 	0 	0.0 	0.0 	0.0 	0.0 	0.3 	QB38		Actual	Actual	Actual	Forecast	Forecast	Forecast	Forecast	Forecast	Forecast	Forecast	Forecast	Forecast	Forecast	Forecast	Forecast	Forecast	Forecast		Healthy	Healthy	Healthy	Healthy	Healthy	Healthy	Healthy	Healthy	Healthy	Healthy	Healthy	Healthy	Healthy	Healthy	Healthy	Healthy	Healthy		Week 4 2026	9/29/2026	8:41:33 PM	20		0%	0%	2%	2%	0%	0%		0.0 
	Isaac TeSlaa	Detroit Lions	WR	WR90	1.8 	26 	0 	0.0 	0.0 	0.0 	0 	0.0 	0.0 	0.0 	13.4 	0.9 	221 	14.8 	0.7 	0.0 	0.0 	0.0 	0.0 	0.071 	1.000 	0.100 	(1)	0.000 	0.000 	236 	255 	19 	90 	82 	(8)	0.056 																0.0 	2.6 	6.6 	1.4 	1.3 	0.0 	1.3 	1.3 	1.3 	1.3 	1.3 	1.4 	1.3 	1.3 	1.3 	1.3 	1.3 		-	WR61	WR35	WR89	WR89	-	WR83	WR86	WR92	WR86	WR81	WR98	WR88	WR94	WR101	WR100	WR101		WR97	1.3 	0.0 	0.0 	0.0 	0.0 	0.6 	9.9 	0.1 	97 	0.061 	1.000 	0.030 	(1)	0.000 	0.000 	252 	0.023 		17 														WR76	4.6 	0.0 	0.0 	0.0 	0.0 	4.2 	64.6 	0.4 	76 	0.099 	1.000 	0.240 	(0)	0.000 	0.000 	#N/A	0.123 		9.2 																	Detroit Lions	New Orleans Saints	0 	0.0 	0 	0.0 	0.0 	0 	0.0 	0.0 	0.0 	0.0 	0.0 	-		Detroit Lions	Buffalo Bills	0 	0.0 	0 	0.0 	2.0 	26 	0.0 	0.0 	0.0 	0.0 	2.6 	WR61		Detroit Lions	New York Jets	0 	0.0 	0 	0.0 	3.0 	66 	0.0 	0.0 	0.0 	0.0 	6.6 	WR35		Detroit Lions	Carolina Panthers	0 	0.0 	0 	0.0 	0.7 	10 	0.1 	0.0 	0.0 	0.0 	1.4 	WR89		Detroit Lions	Arizona Cardinals	0 	0.0 	0 	0.0 	0.6 	10 	0.1 	0.0 	0.0 	0.0 	1.3 	WR89		Detroit Lions	BYE	0 	0.0 	0 	0.0 	0.0 	0 	0.0 	0.0 	0.0 	0.0 	0.0 	-		Detroit Lions	Green Bay Packers	0 	0.0 	0 	0.0 	0.7 	10 	0.1 	0.0 	0.0 	0.0 	1.3 	WR83		Detroit Lions	Minnesota Vikings	0 	0.0 	0 	0.0 	0.6 	10 	0.1 	0.0 	0.0 	0.0 	1.3 	WR86		Detroit Lions	Miami Dolphins	0 	0.0 	0 	0.0 	0.6 	10 	0.1 	0.0 	0.0 	0.0 	1.3 	WR92		Detroit Lions	New England Patriots	0 	0.0 	0 	0.0 	0.6 	10 	0.1 	0.0 	0.0 	0.0 	1.3 	WR86		Detroit Lions	Tampa Bay Buccaneers	0 	0.0 	0 	0.0 	0.7 	10 	0.1 	0.0 	0.0 	0.0 	1.3 	WR81		Detroit Lions	Chicago Bears	0 	0.0 	0 	0.0 	0.7 	10 	0.1 	0.0 	0.0 	0.0 	1.4 	WR98		Detroit Lions	Atlanta Falcons	0 	0.0 	0 	0.0 	0.7 	10 	0.1 	0.0 	0.0 	0.0 	1.3 	WR88		Detroit Lions	Tennessee Titans	0 	0.0 	0 	0.0 	0.6 	10 	0.1 	0.0 	0.0 	0.0 	1.3 	WR94		Detroit Lions	Minnesota Vikings	0 	0.0 	0 	0.0 	0.6 	10 	0.1 	0.0 	0.0 	0.0 	1.3 	WR101		Detroit Lions	New York Giants	0 	0.0 	0 	0.0 	0.7 	10 	0.1 	0.0 	0.0 	0.0 	1.3 	WR100		Detroit Lions	Chicago Bears	0 	0.0 	0 	0.0 	0.6 	10 	0.1 	0.0 	0.0 	0.0 	1.3 	WR101		Actual	Actual	Actual	Forecast	Forecast	Forecast	Forecast	Forecast	Forecast	Forecast	Forecast	Forecast	Forecast	Forecast	Forecast	Forecast	Forecast		Healthy	Healthy	Healthy	Healthy	Healthy	Healthy	Healthy	Healthy	Healthy	Healthy	Healthy	Healthy	Healthy	Healthy	Healthy	Healthy	Healthy		Week 4 2026	9/29/2026	8:41:33 PM	20		4%	3%	0%	0%	0%	0%		(0.1)
	Olamide Zaccheaus	Atlanta Falcons	WR	WR101	0.9 	14 	0 	0.0 	0.0 	0.0 	0 	0.0 	0.0 	0.0 	14.6 	0.9 	97 	6.0 	0.7 	0.0 	0.0 	0.0 	0.0 	0.037 	1.000 	0.000 	(1)	0.000 	0.000 	260 	0 	(260)	101 	0 	(101)	0.006 																0.5 	0.3 	0.9 	0.9 	0.9 	0.9 	0.9 	0.9 	1.0 	0.9 	0.0 	0.9 	1.0 	0.9 	0.9 	0.9 	0.9 		WR85	WR84	WR80	WR91	WR90	WR83	WR84	WR87	WR93	WR87	-	WR101	WR89	WR96	WR102	WR102	WR102		WR101	0.9 	0.0 	0.0 	0.0 	0.0 	0.8 	6.1 	0.1 	101 	0.043 	1.000 	0.000 	(1)	0.000 	0.000 	258 	0.006 		12 														WR130	0.6 	0.0 	0.0 	0.0 	0.0 	3.5 	26.6 	0.2 	130 	0.018 	1.000 	0.000 	(1)	0.000 	0.000 	#N/A	0.003 		1.7 																	Atlanta Falcons	Pittsburgh Steelers	0 	0.0 	0 	0.0 	1.0 	5 	0.0 	0.0 	0.0 	0.0 	0.5 	WR85		Atlanta Falcons	Carolina Panthers	0 	0.0 	0 	0.0 	1.0 	3 	0.0 	0.0 	0.0 	0.0 	0.3 	WR84		Atlanta Falcons	Green Bay Packers	0 	0.0 	0 	0.0 	2.0 	9 	0.0 	0.0 	0.0 	0.0 	0.9 	WR80		Atlanta Falcons	New Orleans Saints	0 	0.0 	0 	0.0 	0.8 	6 	0.1 	0.0 	0.0 	0.0 	0.9 	WR91		Atlanta Falcons	Baltimore Ravens	0 	0.0 	0 	0.0 	0.8 	6 	0.1 	0.0 	0.0 	0.0 	0.9 	WR90		Atlanta Falcons	Chicago Bears	0 	0.0 	0 	0.0 	0.8 	6 	0.1 	0.0 	0.0 	0.0 	0.9 	WR83		Atlanta Falcons	San Francisco 49ers	0 	0.0 	0 	0.0 	0.8 	6 	0.1 	0.0 	0.0 	0.0 	0.9 	WR84		Atlanta Falcons	Tampa Bay Buccaneers	0 	0.0 	0 	0.0 	0.8 	6 	0.1 	0.0 	0.0 	0.0 	0.9 	WR87		Atlanta Falcons	Cincinnati Bengals	0 	0.0 	0 	0.0 	0.9 	6 	0.1 	0.0 	0.0 	0.0 	1.0 	WR93		Atlanta Falcons	Kansas City Chiefs	0 	0.0 	0 	0.0 	0.8 	6 	0.0 	0.0 	0.0 	0.0 	0.9 	WR87		Atlanta Falcons	BYE	0 	0.0 	0 	0.0 	0.0 	0 	0.0 	0.0 	0.0 	0.0 	0.0 	-		Atlanta Falcons	Minnesota Vikings	0 	0.0 	0 	0.0 	0.8 	6 	0.0 	0.0 	0.0 	0.0 	0.9 	WR101		Atlanta Falcons	Detroit Lions	0 	0.0 	0 	0.0 	0.8 	6 	0.1 	0.0 	0.0 	0.0 	1.0 	WR89		Atlanta Falcons	Cleveland Browns	0 	0.0 	0 	0.0 	0.8 	6 	0.0 	0.0 	0.0 	0.0 	0.9 	WR96		Atlanta Falcons	Washington Commanders	0 	0.0 	0 	0.0 	0.8 	6 	0.1 	0.0 	0.0 	0.0 	0.9 	WR102		Atlanta Falcons	Tampa Bay Buccaneers	0 	0.0 	0 	0.0 	0.8 	6 	0.1 	0.0 	0.0 	0.0 	0.9 	WR102		Atlanta Falcons	New Orleans Saints	0 	0.0 	0 	0.0 	0.8 	6 	0.1 	0.0 	0.0 	0.0 	0.9 	WR102		Actual	Actual	Actual	Forecast	Forecast	Forecast	Forecast	Forecast	Forecast	Forecast	Forecast	Forecast	Forecast	Forecast	Forecast	Forecast	Forecast		Healthy	Healthy	Healthy	Healthy	Healthy	Healthy	Healthy	Healthy	Healthy	Healthy	Healthy	Healthy	Healthy	Healthy	Healthy	Healthy	Healthy		Week 4 2026	9/29/2026	8:41:33 PM	20		3%	4%	0%	0%	0%	0%		0.0 
	Case Keenum	Chicago Bears	QB	QB36	4.6 	65 	849 	60.6 	6.4 	0.5 	25 	1.8 	1.1 	0.1 	0.0 	0.0 	0 	0.0 	0.0 	0.0 	1.9 	0.2 	0.0 	0.174 	0.460 	0.055 	(1)	0.000 	0.000 	250 	0 	(250)	34 	0 	(34)	0.029 																0.0 	0.0 	24.5 	12.3 	12.7 	13.1 	0.2 	0.2 	0.2 	0.0 	0.2 	0.2 	0.2 	0.2 	0.2 	0.2 	0.2 		-	-	QB4	QB31	QB29	QB25	QB35	QB35	QB38	-	QB31	QB40	QB35	QB37	QB40	QB40	QB40		QB36	3.1 	46.3 	0.3 	1.5 	0.0 	0.0 	0.0 	0.0 	36 	0.144 	0.460 	0.024 	(1)	0.000 	0.000 	255 	0.013 		40 														QB32	24.5 	601.5 	4.4 	19.4 	0.1 	0.0 	0.0 	0.0 	32 	0.263 	0.460 	0.085 	(1)	0.000 	0.000 	#N/A	0.045 		24.5 																	Chicago Bears	Carolina Panthers	0 	0.0 	0 	0.0 	0.0 	0 	0.0 	0.0 	0.0 	0.0 	0.0 	-		Chicago Bears	Minnesota Vikings	0 	0.0 	0 	0.0 	0.0 	0 	0.0 	0.0 	0.0 	0.0 	0.0 	-		Chicago Bears	Philadelphia Eagles	247 	2.0 	6 	1.0 	0.0 	0 	0.0 	0.0 	0.0 	0.0 	24.5 	QB4		Chicago Bears	New York Jets	197 	1.4 	1 	0.0 	0.0 	0 	0.0 	0.6 	0.1 	0.0 	12.3 	QB31		Chicago Bears	Green Bay Packers	202 	1.5 	1 	0.0 	0.0 	0 	0.0 	0.6 	0.1 	0.0 	12.7 	QB29		Chicago Bears	Atlanta Falcons	203 	1.5 	2 	0.0 	0.0 	0 	0.0 	0.6 	0.1 	0.0 	13.1 	QB25		Chicago Bears	New England Patriots	0 	0.0 	1 	0.0 	0.0 	0 	0.0 	0.0 	0.0 	0.0 	0.2 	QB35		Chicago Bears	Seattle Seahawks	0 	0.0 	1 	0.0 	0.0 	0 	0.0 	0.0 	0.0 	0.0 	0.2 	QB35		Chicago Bears	Tampa Bay Buccaneers	0 	0.0 	2 	0.0 	0.0 	0 	0.0 	0.0 	0.0 	0.0 	0.2 	QB38		Chicago Bears	BYE	0 	0.0 	0 	0.0 	0.0 	0 	0.0 	0.0 	0.0 	0.0 	0.0 	-		Chicago Bears	New Orleans Saints	0 	0.0 	2 	0.0 	0.0 	0 	0.0 	0.0 	0.0 	0.0 	0.2 	QB31		Chicago Bears	Detroit Lions	0 	0.0 	1 	0.0 	0.0 	0 	0.0 	0.0 	0.0 	0.0 	0.2 	QB40		Chicago Bears	Jacksonville Jaguars	0 	0.0 	2 	0.0 	0.0 	0 	0.0 	0.0 	0.0 	0.0 	0.2 	QB35		Chicago Bears	Miami Dolphins	0 	0.0 	2 	0.0 	0.0 	0 	0.0 	0.0 	0.0 	0.0 	0.2 	QB37		Chicago Bears	Buffalo Bills	0 	0.0 	1 	0.0 	0.0 	0 	0.0 	0.0 	0.0 	0.0 	0.2 	QB40		Chicago Bears	Green Bay Packers	0 	0.0 	1 	0.0 	0.0 	0 	0.0 	0.0 	0.0 	0.0 	0.2 	QB40		Chicago Bears	Detroit Lions	0 	0.0 	2 	0.0 	0.0 	0 	0.0 	0.0 	0.0 	0.0 	0.2 	QB40		Actual	Actual	Actual	Forecast	Forecast	Forecast	Forecast	Forecast	Forecast	Forecast	Forecast	Forecast	Forecast	Forecast	Forecast	Forecast	Forecast		Healthy	Healthy	Healthy	Healthy	Healthy	Healthy	Healthy	Healthy	Healthy	Healthy	Healthy	Healthy	Healthy	Healthy	Healthy	Healthy	Healthy		Week 4 2026	9/29/2026	8:41:33 PM	20		0%	0%	1%	1%	0%	0%		(0.0)
	Jack Bech	Las Vegas Raiders	WR	WR95	2.5 	23 	0 	0.0 	0.0 	0.0 	0 	0.0 	0.0 	0.0 	13.2 	1.5 	139 	15.5 	1.5 	0.2 	0.0 	0.0 	0.0 	0.061 	1.000 	0.050 	(1)	0.000 	0.000 	249 	291 	42 	95 	99 	4 	0.032 				-	-		-	-		-	-		-	-		8.3 	2.5 	0.0 	0.0 	0.0 	0.0 	0.0 	0.0 	0.0 	1.7 	1.7 	1.7 	0.0 	1.8 	1.7 	1.8 	1.8 		WR25	WR62	-	-	-	-	-	-	-	WR79	WR76	WR93	-	WR86	WR93	WR92	WR92		WR99	1.7 	0.0 	0.0 	0.0 	0.0 	1.2 	13.0 	0.1 	99 	0.043 	1.000 	0.010 	(1)	0.000 	0.000 	256 	0.011 		12 														WR69	5.4 	0.0 	0.0 	0.0 	0.0 	4.1 	45.7 	0.2 	69 	0.116 	1.000 	0.310 	(0)	0.000 	0.000 	#N/A	0.157 		10.8 																	Las Vegas Raiders	Miami Dolphins	0 	0.0 	0 	0.0 	3.0 	23 	1.0 	0.0 	0.0 	0.0 	8.3 	WR25		Las Vegas Raiders	Los Angeles Chargers	0 	0.0 	0 	0.0 	2.0 	25 	0.0 	0.0 	0.0 	0.0 	2.5 	WR62		Las Vegas Raiders	New Orleans Saints	0 	0.0 	0 	0.0 	0.0 	0 	0.0 	0.0 	0.0 	0.0 	0.0 	-		Las Vegas Raiders	Kansas City Chiefs	0 	0.0 	0 	0.0 	0.0 	0 	0.0 	0.0 	0.0 	0.0 	0.0 	-		Las Vegas Raiders	New England Patriots	0 	0.0 	0 	0.0 	0.0 	0 	0.0 	0.0 	0.0 	0.0 	0.0 	-		Las Vegas Raiders	Buffalo Bills	0 	0.0 	0 	0.0 	0.0 	0 	0.0 	0.0 	0.0 	0.0 	0.0 	-		Las Vegas Raiders	Los Angeles Rams	0 	0.0 	0 	0.0 	0.0 	0 	0.0 	0.0 	0.0 	0.0 	0.0 	-		Las Vegas Raiders	New York Jets	0 	0.0 	0 	0.0 	0.0 	0 	0.0 	0.0 	0.0 	0.0 	0.0 	-		Las Vegas Raiders	San Francisco 49ers	0 	0.0 	0 	0.0 	0.0 	0 	0.0 	0.0 	0.0 	0.0 	0.0 	-		Las Vegas Raiders	Seattle Seahawks	0 	0.0 	0 	0.0 	1.2 	13 	0.1 	0.0 	0.0 	0.0 	1.7 	WR79		Las Vegas Raiders	Denver Broncos	0 	0.0 	0 	0.0 	1.2 	13 	0.1 	0.0 	0.0 	0.0 	1.7 	WR76		Las Vegas Raiders	Cleveland Browns	0 	0.0 	0 	0.0 	1.1 	13 	0.1 	0.0 	0.0 	0.0 	1.7 	WR93		Las Vegas Raiders	BYE	0 	0.0 	0 	0.0 	0.0 	0 	0.0 	0.0 	0.0 	0.0 	0.0 	-		Las Vegas Raiders	Los Angeles Chargers	0 	0.0 	0 	0.0 	1.2 	13 	0.1 	0.0 	0.0 	0.0 	1.8 	WR86		Las Vegas Raiders	Denver Broncos	0 	0.0 	0 	0.0 	1.2 	13 	0.1 	0.0 	0.0 	0.0 	1.7 	WR93		Las Vegas Raiders	Tennessee Titans	0 	0.0 	0 	0.0 	1.2 	13 	0.1 	0.0 	0.0 	0.0 	1.8 	WR92		Las Vegas Raiders	Arizona Cardinals	0 	0.0 	0 	0.0 	1.2 	13 	0.1 	0.0 	0.0 	0.0 	1.8 	WR92		Actual	Actual	Actual	Forecast	Forecast	Forecast	Forecast	Forecast	Forecast	Forecast	Forecast	Forecast	Forecast	Forecast	Forecast	Forecast	Forecast		Healthy	Healthy	Healthy	Injured	Injured	Injured	Injured	Injured	Injured	Healthy	Healthy	Healthy	Healthy	Healthy	Healthy	Healthy	Healthy		Week 4 2026	9/29/2026	8:41:33 PM	20		6%	5%	0%	0%	0%	0%		(0.1)
	Demarcus Robinson	San Francisco 49ers	WR	WR91	2.4 	26 	0 	0.0 	0.0 	0.0 	0 	0.0 	0.0 	0.0 	11.4 	1.0 	168 	15.3 	1.6 	0.1 	0.0 	0.0 	0.0 	0.071 	1.000 	0.090 	(1)	0.000 	0.000 	239 	0 	(239)	91 	0 	(91)	0.051 				-	-		-	-		-	-		-	-		11.0 	3.4 	0.0 	0.0 	0.0 	0.0 	0.0 	0.0 	1.3 	1.4 	1.4 	1.3 	1.4 	1.3 	1.3 	1.3 	1.3 		WR18	WR52	-	-	-	-	-	-	WR91	WR84	WR80	WR100	WR87	WR93	WR100	WR101	WR100		WR100	1.3 	0.0 	0.0 	0.0 	0.0 	0.7 	9.4 	0.1 	100 	0.043 	1.000 	0.000 	(1)	0.000 	0.000 	257 	0.006 		12 														WR56	7.2 	0.0 	0.0 	0.0 	0.0 	3.2 	42.1 	0.3 	56 	0.155 	1.000 	0.440 	(0)	0.000 	0.000 	#N/A	0.221 		14.4 																	San Francisco 49ers	Los Angeles Rams	0 	0.0 	0 	0.0 	2.0 	50 	1.0 	0.0 	0.0 	0.0 	11.0 	WR18		San Francisco 49ers	Miami Dolphins	0 	0.0 	0 	0.0 	3.0 	34 	0.0 	0.0 	0.0 	0.0 	3.4 	WR52		San Francisco 49ers	Arizona Cardinals	0 	0.0 	0 	0.0 	0.0 	0 	0.0 	0.0 	0.0 	0.0 	0.0 	-		San Francisco 49ers	Denver Broncos	0 	0.0 	0 	0.0 	0.0 	0 	0.0 	0.0 	0.0 	0.0 	0.0 	-		San Francisco 49ers	Seattle Seahawks	0 	0.0 	0 	0.0 	0.0 	0 	0.0 	0.0 	0.0 	0.0 	0.0 	-		San Francisco 49ers	Washington Commanders	0 	0.0 	0 	0.0 	0.0 	0 	0.0 	0.0 	0.0 	0.0 	0.0 	-		San Francisco 49ers	Atlanta Falcons	0 	0.0 	0 	0.0 	0.0 	0 	0.0 	0.0 	0.0 	0.0 	0.0 	-		San Francisco 49ers	BYE	0 	0.0 	0 	0.0 	0.0 	0 	0.0 	0.0 	0.0 	0.0 	0.0 	-		San Francisco 49ers	Las Vegas Raiders	0 	0.0 	0 	0.0 	0.7 	9 	0.1 	0.0 	0.0 	0.0 	1.3 	WR91		San Francisco 49ers	Dallas Cowboys	0 	0.0 	0 	0.0 	0.7 	10 	0.1 	0.0 	0.0 	0.0 	1.4 	WR84		San Francisco 49ers	Minnesota Vikings	0 	0.0 	0 	0.0 	0.7 	9 	0.1 	0.0 	0.0 	0.0 	1.4 	WR80		San Francisco 49ers	Seattle Seahawks	0 	0.0 	0 	0.0 	0.7 	9 	0.1 	0.0 	0.0 	0.0 	1.3 	WR100		San Francisco 49ers	New York Giants	0 	0.0 	0 	0.0 	0.7 	9 	0.1 	0.0 	0.0 	0.0 	1.4 	WR87		San Francisco 49ers	Los Angeles Rams	0 	0.0 	0 	0.0 	0.7 	9 	0.1 	0.0 	0.0 	0.0 	1.3 	WR93		San Francisco 49ers	Los Angeles Chargers	0 	0.0 	0 	0.0 	0.7 	9 	0.1 	0.0 	0.0 	0.0 	1.3 	WR100		San Francisco 49ers	Kansas City Chiefs	0 	0.0 	0 	0.0 	0.7 	9 	0.1 	0.0 	0.0 	0.0 	1.3 	WR101		San Francisco 49ers	Philadelphia Eagles	0 	0.0 	0 	0.0 	0.7 	9 	0.1 	0.0 	0.0 	0.0 	1.3 	WR100		Actual	Actual	Actual	Forecast	Forecast	Forecast	Forecast	Forecast	Forecast	Forecast	Forecast	Forecast	Forecast	Forecast	Forecast	Forecast	Forecast		Healthy	Healthy	Injured	Injured	Injured	Injured	Injured	Healthy	Healthy	Healthy	Healthy	Healthy	Healthy	Healthy	Healthy	Healthy	Healthy		Week 4 2026	9/29/2026	8:41:33 PM	20		4%	4%	0%	0%	0%	0%		(0.2)
	Cyrus Allen	Kansas City Chiefs	WR	WR103	0.7 	9 	0 	0.0 	0.0 	0.0 	0 	0.0 	0.0 	0.0 	4.9 	0.4 	57 	4.4 	0.6 	0.0 	0.0 	0.0 	0.0 	0.025 	1.000 	0.000 	(1)	0.000 	0.000 	262 	252 	(10)	103 	80 	(23)	0.004 																0.0 	0.0 	0.0 	0.7 	0.0 	0.7 	0.7 	0.7 	0.7 	0.7 	0.7 	0.7 	0.7 	0.7 	0.7 	0.7 	0.7 		-	-	-	WR92	-	WR84	WR85	WR88	WR95	WR88	WR82	WR102	WR90	WR97	WR103	WR103	WR103		WR102	0.7 	0.0 	0.0 	0.0 	0.0 	0.4 	4.4 	0.0 	102 	0.033 	1.000 	0.000 	(1)	0.000 	0.000 	259 	0.005 		9 														-	0.0 	0.0 	0.0 	0.0 	0.0 	0.0 	0.0 	0.0 	#N/A	0.000 	1.000 	#N/A	(1)	0.000 	0.000 	#N/A	#N/A		0.0 																	Kansas City Chiefs	Denver Broncos	0 	0.0 	0 	0.0 	0.0 	0 	0.0 	0.0 	0.0 	0.0 	0.0 	-		Kansas City Chiefs	Indianapolis Colts	0 	0.0 	0 	0.0 	0.0 	0 	0.0 	0.0 	0.0 	0.0 	0.0 	-		Kansas City Chiefs	Miami Dolphins	0 	0.0 	0 	0.0 	0.0 	0 	0.0 	0.0 	0.0 	0.0 	0.0 	-		Kansas City Chiefs	Las Vegas Raiders	0 	0.0 	0 	0.0 	0.4 	4 	0.0 	0.0 	0.0 	0.0 	0.7 	WR92		Kansas City Chiefs	BYE	0 	0.0 	0 	0.0 	0.0 	0 	0.0 	0.0 	0.0 	0.0 	0.0 	-		Kansas City Chiefs	Los Angeles Chargers	0 	0.0 	0 	0.0 	0.4 	4 	0.0 	0.0 	0.0 	0.0 	0.7 	WR84		Kansas City Chiefs	Seattle Seahawks	0 	0.0 	0 	0.0 	0.4 	4 	0.0 	0.0 	0.0 	0.0 	0.7 	WR85		Kansas City Chiefs	Denver Broncos	0 	0.0 	0 	0.0 	0.4 	4 	0.0 	0.0 	0.0 	0.0 	0.7 	WR88		Kansas City Chiefs	New York Jets	0 	0.0 	0 	0.0 	0.4 	4 	0.0 	0.0 	0.0 	0.0 	0.7 	WR95		Kansas City Chiefs	Atlanta Falcons	0 	0.0 	0 	0.0 	0.4 	4 	0.0 	0.0 	0.0 	0.0 	0.7 	WR88		Kansas City Chiefs	Arizona Cardinals	0 	0.0 	0 	0.0 	0.4 	4 	0.0 	0.0 	0.0 	0.0 	0.7 	WR82		Kansas City Chiefs	Buffalo Bills	0 	0.0 	0 	0.0 	0.4 	4 	0.0 	0.0 	0.0 	0.0 	0.7 	WR102		Kansas City Chiefs	Los Angeles Rams	0 	0.0 	0 	0.0 	0.4 	4 	0.0 	0.0 	0.0 	0.0 	0.7 	WR90		Kansas City Chiefs	Cincinnati Bengals	0 	0.0 	0 	0.0 	0.4 	4 	0.0 	0.0 	0.0 	0.0 	0.7 	WR97		Kansas City Chiefs	New England Patriots	0 	0.0 	0 	0.0 	0.4 	4 	0.0 	0.0 	0.0 	0.0 	0.7 	WR103		Kansas City Chiefs	San Francisco 49ers	0 	0.0 	0 	0.0 	0.4 	4 	0.0 	0.0 	0.0 	0.0 	0.7 	WR103		Kansas City Chiefs	Los Angeles Chargers	0 	0.0 	0 	0.0 	0.4 	4 	0.0 	0.0 	0.0 	0.0 	0.7 	WR103		Actual	Actual	Actual	Forecast	Forecast	Forecast	Forecast	Forecast	Forecast	Forecast	Forecast	Forecast	Forecast	Forecast	Forecast	Forecast	Forecast		Healthy	Healthy	Healthy	Healthy	Healthy	Healthy	Healthy	Healthy	Healthy	Healthy	Healthy	Healthy	Healthy	Healthy	Healthy	Healthy	Healthy		Week 4 2026	9/29/2026	8:41:33 PM	20		2%	3%	0%	0%	0%	0%		0.0 
	Jaylin Lane	Washington Commanders	WR	WR102	0.8 	11 	0 	0.0 	0.0 	0.0 	0 	0.0 	0.0 	0.0 	6.0 	0.4 	81 	5.4 	0.6 	0.0 	0.0 	0.0 	0.0 	0.031 	1.000 	0.000 	(1)	0.000 	0.000 	261 	0 	(261)	102 	0 	(102)	0.005 																0.4 	0.0 	2.1 	0.7 	0.7 	0.7 	0.0 	0.7 	0.7 	0.7 	0.7 	0.7 	0.7 	0.7 	0.7 	0.7 	0.7 		WR87	-	WR65	WR93	WR91	WR85	-	WR89	WR94	WR89	WR83	WR103	WR91	WR98	WR104	WR104	WR104		WR103	0.7 	0.0 	0.0 	0.0 	0.0 	0.3 	4.3 	0.0 	103 	0.032 	1.000 	0.000 	(1)	0.000 	0.000 	260 	0.005 		9 														WR123	1.3 	0.0 	0.0 	0.0 	0.0 	2.0 	28.0 	0.3 	123 	0.027 	1.000 	0.000 	(1)	0.000 	0.000 	#N/A	0.004 		2.5 																	Washington Commanders	Philadelphia Eagles	0 	0.0 	0 	0.0 	1.0 	4 	0.0 	0.0 	0.0 	0.0 	0.4 	WR87		Washington Commanders	Dallas Cowboys	0 	0.0 	0 	0.0 	0.0 	0 	0.0 	0.0 	0.0 	0.0 	0.0 	-		Washington Commanders	Seattle Seahawks	0 	0.0 	0 	0.0 	1.0 	21 	0.0 	0.0 	0.0 	0.0 	2.1 	WR65		Washington Commanders	Indianapolis Colts	0 	0.0 	0 	0.0 	0.3 	4 	0.0 	0.0 	0.0 	0.0 	0.7 	WR93		Washington Commanders	New York Giants	0 	0.0 	0 	0.0 	0.3 	4 	0.0 	0.0 	0.0 	0.0 	0.7 	WR91		Washington Commanders	San Francisco 49ers	0 	0.0 	0 	0.0 	0.3 	4 	0.0 	0.0 	0.0 	0.0 	0.7 	WR85		Washington Commanders	BYE	0 	0.0 	0 	0.0 	0.0 	0 	0.0 	0.0 	0.0 	0.0 	0.0 	-		Washington Commanders	Philadelphia Eagles	0 	0.0 	0 	0.0 	0.3 	4 	0.0 	0.0 	0.0 	0.0 	0.7 	WR89		Washington Commanders	Los Angeles Rams	0 	0.0 	0 	0.0 	0.3 	4 	0.0 	0.0 	0.0 	0.0 	0.7 	WR94		Washington Commanders	New York Giants	0 	0.0 	0 	0.0 	0.3 	4 	0.0 	0.0 	0.0 	0.0 	0.7 	WR89		Washington Commanders	Cincinnati Bengals	0 	0.0 	0 	0.0 	0.3 	4 	0.0 	0.0 	0.0 	0.0 	0.7 	WR83		Washington Commanders	Arizona Cardinals	0 	0.0 	0 	0.0 	0.3 	4 	0.0 	0.0 	0.0 	0.0 	0.7 	WR103		Washington Commanders	Tennessee Titans	0 	0.0 	0 	0.0 	0.3 	4 	0.0 	0.0 	0.0 	0.0 	0.7 	WR91		Washington Commanders	Houston Texans	0 	0.0 	0 	0.0 	0.3 	4 	0.0 	0.0 	0.0 	0.0 	0.7 	WR98		Washington Commanders	Atlanta Falcons	0 	0.0 	0 	0.0 	0.3 	4 	0.0 	0.0 	0.0 	0.0 	0.7 	WR104		Washington Commanders	Minnesota Vikings	0 	0.0 	0 	0.0 	0.3 	4 	0.0 	0.0 	0.0 	0.0 	0.7 	WR104		Washington Commanders	Jacksonville Jaguars	0 	0.0 	0 	0.0 	0.3 	4 	0.0 	0.0 	0.0 	0.0 	0.7 	WR104		Actual	Actual	Actual	Forecast	Forecast	Forecast	Forecast	Forecast	Forecast	Forecast	Forecast	Forecast	Forecast	Forecast	Forecast	Forecast	Forecast		Healthy	Healthy	Healthy	Healthy	Healthy	Healthy	Healthy	Healthy	Healthy	Healthy	Healthy	Healthy	Healthy	Healthy	Healthy	Healthy	Healthy		Week 4 2026	9/29/2026	8:41:33 PM	20		2%	3%	0%	0%	0%	0%		0.0 
	De’Zhaun Stribling	San Francisco 49ers	WR	WR104	1.6 	8 	0 	0.0 	0.0 	0.0 	0 	0.0 	0.0 	0.0 	4.9 	1.0 	58 	11.6 	0.3 	0.1 	0.0 	0.0 	0.0 	0.021 	1.000 	0.000 	(1)	0.000 	0.000 	263 	0 	(263)	104 	0 	(104)	0.003 																0.0 	0.0 	0.0 	0.0 	0.0 	0.0 	0.0 	0.0 	0.0 	0.0 	0.0 	0.0 	1.6 	1.6 	1.5 	1.5 	1.5 		-	-	-	-	-	-	-	-	-	-	-	-	WR84	WR90	WR96	WR96	WR96		WR104	1.6 	0.0 	0.0 	0.0 	0.0 	1.0 	11.6 	0.1 	104 	0.028 	1.000 	0.000 	(1)	0.000 	0.000 	262 	0.004 		8 														-	0.0 	0.0 	0.0 	0.0 	0.0 	0.0 	0.0 	0.0 	#N/A	0.000 	1.000 	#N/A	(1)	0.000 	0.000 	#N/A	#N/A		0.0 																	San Francisco 49ers	Los Angeles Rams	0 	0.0 	0 	0.0 	0.0 	0 	0.0 	0.0 	0.0 	0.0 	0.0 	-		San Francisco 49ers	Miami Dolphins	0 	0.0 	0 	0.0 	0.0 	0 	0.0 	0.0 	0.0 	0.0 	0.0 	-		San Francisco 49ers	Arizona Cardinals	0 	0.0 	0 	0.0 	0.0 	0 	0.0 	0.0 	0.0 	0.0 	0.0 	-		San Francisco 49ers	Denver Broncos	0 	0.0 	0 	0.0 	0.0 	0 	0.0 	0.0 	0.0 	0.0 	0.0 	-		San Francisco 49ers	Seattle Seahawks	0 	0.0 	0 	0.0 	0.0 	0 	0.0 	0.0 	0.0 	0.0 	0.0 	-		San Francisco 49ers	Washington Commanders	0 	0.0 	0 	0.0 	0.0 	0 	0.0 	0.0 	0.0 	0.0 	0.0 	-		San Francisco 49ers	Atlanta Falcons	0 	0.0 	0 	0.0 	0.0 	0 	0.0 	0.0 	0.0 	0.0 	0.0 	-		San Francisco 49ers	BYE	0 	0.0 	0 	0.0 	0.0 	0 	0.0 	0.0 	0.0 	0.0 	0.0 	-		San Francisco 49ers	Las Vegas Raiders	0 	0.0 	0 	0.0 	0.0 	0 	0.0 	0.0 	0.0 	0.0 	0.0 	-		San Francisco 49ers	Dallas Cowboys	0 	0.0 	0 	0.0 	0.0 	0 	0.0 	0.0 	0.0 	0.0 	0.0 	-		San Francisco 49ers	Minnesota Vikings	0 	0.0 	0 	0.0 	0.0 	0 	0.0 	0.0 	0.0 	0.0 	0.0 	-		San Francisco 49ers	Seattle Seahawks	0 	0.0 	0 	0.0 	0.0 	0 	0.0 	0.0 	0.0 	0.0 	0.0 	-		San Francisco 49ers	New York Giants	0 	0.0 	0 	0.0 	1.0 	12 	0.1 	0.0 	0.0 	0.0 	1.6 	WR84		San Francisco 49ers	Los Angeles Rams	0 	0.0 	0 	0.0 	1.0 	12 	0.1 	0.0 	0.0 	0.0 	1.6 	WR90		San Francisco 49ers	Los Angeles Chargers	0 	0.0 	0 	0.0 	1.0 	12 	0.1 	0.0 	0.0 	0.0 	1.5 	WR96		San Francisco 49ers	Kansas City Chiefs	0 	0.0 	0 	0.0 	1.0 	11 	0.1 	0.0 	0.0 	0.0 	1.5 	WR96		San Francisco 49ers	Philadelphia Eagles	0 	0.0 	0 	0.0 	1.0 	12 	0.1 	0.0 	0.0 	0.0 	1.5 	WR96		Actual	Actual	Actual	Forecast	Forecast	Forecast	Forecast	Forecast	Forecast	Forecast	Forecast	Forecast	Forecast	Forecast	Forecast	Forecast	Forecast		Healthy	Injured	Injured	Injured	Injured	Injured	Injured	Injured	Injured	Injured	Injured	Injured	Healthy	Healthy	Healthy	Healthy	Healthy		Week 4 2026	9/29/2026	8:41:33 PM	20		5%	4%	0%	0%	0%	0%		0.0 
	Tank Dell	Houston Texans	WR		0.6 	7 	0 	0.0 	0.0 	0.0 	0 	0.0 	0.0 	0.0 	3.7 	0.3 	53 	4.4 	0.3 	0.0 	0.0 	0.0 	0.0 	0.020 	1.000 	0.000 	(1)	0.000 	0.000 	264 	268 	4 	105 	89 	(16)	0.003 																0.0 	0.0 	0.0 	0.0 	0.6 	0.6 	0.6 	0.0 	0.6 	0.6 	0.7 	0.6 	0.6 	0.6 	0.6 	0.6 	0.6 		-	-	-	-	WR92	WR86	WR86	-	WR96	WR90	WR84	WR104	WR92	WR99	WR105	WR105	WR105		WR105	0.6 	0.0 	0.0 	0.0 	0.0 	0.3 	4.4 	0.0 	105 	0.026 	1.000 	0.000 	(1)	0.000 	0.000 	263 	0.004 		7 															0.0 	0.0 	0.0 	0.0 	0.0 	0.0 	0.0 	0.0 	#N/A	0.000 	1.000 	#N/A	(1)	0.000 	0.000 	#N/A	#N/A		0.0 																	Houston Texans	Buffalo Bills	0 	0.0 	0 	0.0 	0.0 	0 	0.0 	0.0 	0.0 	0.0 	0.0 	-		Houston Texans	Cincinnati Bengals	0 	0.0 	0 	0.0 	0.0 	0 	0.0 	0.0 	0.0 	0.0 	0.0 	-		Houston Texans	Indianapolis Colts	0 	0.0 	0 	0.0 	0.0 	0 	0.0 	0.0 	0.0 	0.0 	0.0 	-		Houston Texans	Dallas Cowboys	0 	0.0 	0 	0.0 	0.0 	0 	0.0 	0.0 	0.0 	0.0 	0.0 	-		Houston Texans	Tennessee Titans	0 	0.0 	0 	0.0 	0.3 	5 	0.0 	0.0 	0.0 	0.0 	0.6 	WR92		Houston Texans	Jacksonville Jaguars	0 	0.0 	0 	0.0 	0.3 	4 	0.0 	0.0 	0.0 	0.0 	0.6 	WR86		Houston Texans	New York Giants	0 	0.0 	0 	0.0 	0.3 	5 	0.0 	0.0 	0.0 	0.0 	0.6 	WR86		Houston Texans	BYE	0 	0.0 	0 	0.0 	0.0 	0 	0.0 	0.0 	0.0 	0.0 	0.0 	-		Houston Texans	Los Angeles Chargers	0 	0.0 	0 	0.0 	0.3 	4 	0.0 	0.0 	0.0 	0.0 	0.6 	WR96		Houston Texans	Cleveland Browns	0 	0.0 	0 	0.0 	0.3 	4 	0.0 	0.0 	0.0 	0.0 	0.6 	WR90		Houston Texans	Indianapolis Colts	0 	0.0 	0 	0.0 	0.3 	5 	0.0 	0.0 	0.0 	0.0 	0.7 	WR84		Houston Texans	Baltimore Ravens	0 	0.0 	0 	0.0 	0.3 	5 	0.0 	0.0 	0.0 	0.0 	0.6 	WR104		Houston Texans	Pittsburgh Steelers	0 	0.0 	0 	0.0 	0.3 	4 	0.0 	0.0 	0.0 	0.0 	0.6 	WR92		Houston Texans	Washington Commanders	0 	0.0 	0 	0.0 	0.3 	5 	0.0 	0.0 	0.0 	0.0 	0.6 	WR99		Houston Texans	Jacksonville Jaguars	0 	0.0 	0 	0.0 	0.3 	5 	0.0 	0.0 	0.0 	0.0 	0.6 	WR105		Houston Texans	Philadelphia Eagles	0 	0.0 	0 	0.0 	0.3 	4 	0.0 	0.0 	0.0 	0.0 	0.6 	WR105		Houston Texans	Green Bay Packers	0 	0.0 	0 	0.0 	0.3 	4 	0.0 	0.0 	0.0 	0.0 	0.6 	WR105		Actual	Actual	Actual	Forecast	Forecast	Forecast	Forecast	Forecast	Forecast	Forecast	Forecast	Forecast	Forecast	Forecast	Forecast	Forecast	Forecast		Injured	Injured	Injured	Injured	Healthy	Healthy	Healthy	Healthy	Healthy	Healthy	Healthy	Healthy	Healthy	Healthy	Healthy	Healthy	Healthy		Week 4 2026	9/29/2026	8:41:33 PM	20		2%	2%	0%	0%	0%	0%		0.0 
	Fernando Mendoza	Las Vegas Raiders	QB	QB39	1.9 	25 	195 	15.0 	1.3 	0.1 	94 	7.3 	0.6 	0.0 	0.0 	0.0 	0 	0.0 	0.0 	0.0 	0.6 	0.1 	0.0 	0.066 	0.460 	0.000 	(2)	0.000 	0.000 	265 	202 	(63)	40 	26 	(14)	0.000 																0.0 	0.0 	0.0 	1.2 	1.0 	1.1 	1.0 	1.2 	1.0 	1.1 	1.0 	1.2 	0.0 	3.6 	3.5 	3.9 	3.9 		-	-	-	QB34	QB32	QB30	QB30	QB29	QB32	QB30	QB28	QB34	-	QB32	QB34	QB34	QB34		QB37	1.9 	15.0 	0.1 	7.3 	0.0 	0.0 	0.0 	0.0 	37 	0.088 	0.460 	0.009 	(1)	0.000 	0.000 	261 	0.005 		25 															0.0 	0.0 	0.0 	0.0 	0.0 	0.0 	0.0 	0.0 	#N/A	0.000 	0.460 	#N/A	(2)	0.000 	0.000 	#N/A	#N/A		0.0 																	Las Vegas Raiders	Miami Dolphins	0 	0.0 	0 	0.0 	0.0 	0 	0.0 	0.0 	0.0 	0.0 	0.0 	-		Las Vegas Raiders	Los Angeles Chargers	0 	0.0 	0 	0.0 	0.0 	0 	0.0 	0.0 	0.0 	0.0 	0.0 	-		Las Vegas Raiders	New Orleans Saints	0 	0.0 	0 	0.0 	0.0 	0 	0.0 	0.0 	0.0 	0.0 	0.0 	-		Las Vegas Raiders	Kansas City Chiefs	2 	0.0 	8 	0.0 	0.0 	0 	0.0 	0.0 	0.0 	0.0 	1.2 	QB34		Las Vegas Raiders	New England Patriots	2 	0.0 	7 	0.0 	0.0 	0 	0.0 	0.0 	0.0 	0.0 	1.0 	QB32		Las Vegas Raiders	Buffalo Bills	2 	0.0 	7 	0.0 	0.0 	0 	0.0 	0.0 	0.0 	0.0 	1.1 	QB30		Las Vegas Raiders	Los Angeles Rams	2 	0.0 	7 	0.0 	0.0 	0 	0.0 	0.0 	0.0 	0.0 	1.0 	QB30		Las Vegas Raiders	New York Jets	2 	0.0 	8 	0.0 	0.0 	0 	0.0 	0.0 	0.0 	0.0 	1.2 	QB29		Las Vegas Raiders	San Francisco 49ers	2 	0.0 	7 	0.0 	0.0 	0 	0.0 	0.0 	0.0 	0.0 	1.0 	QB32		Las Vegas Raiders	Seattle Seahawks	2 	0.0 	7 	0.0 	0.0 	0 	0.0 	0.0 	0.0 	0.0 	1.1 	QB30		Las Vegas Raiders	Denver Broncos	2 	0.0 	6 	0.0 	0.0 	0 	0.0 	0.0 	0.0 	0.0 	1.0 	QB28		Las Vegas Raiders	Cleveland Browns	2 	0.0 	8 	0.0 	0.0 	0 	0.0 	0.0 	0.0 	0.0 	1.2 	QB34		Las Vegas Raiders	BYE	0 	0.0 	0 	0.0 	0.0 	0 	0.0 	0.0 	0.0 	0.0 	0.0 	-		Las Vegas Raiders	Los Angeles Chargers	44 	0.3 	7 	0.0 	0.0 	0 	0.0 	0.1 	0.0 	0.0 	3.6 	QB32		Las Vegas Raiders	Denver Broncos	43 	0.3 	7 	0.0 	0.0 	0 	0.0 	0.1 	0.0 	0.0 	3.5 	QB34		Las Vegas Raiders	Tennessee Titans	44 	0.3 	8 	0.1 	0.0 	0 	0.0 	0.1 	0.0 	0.0 	3.9 	QB34		Las Vegas Raiders	Arizona Cardinals	44 	0.3 	8 	0.1 	0.0 	0 	0.0 	0.1 	0.0 	0.0 	3.9 	QB34		Actual	Actual	Actual	Forecast	Forecast	Forecast	Forecast	Forecast	Forecast	Forecast	Forecast	Forecast	Forecast	Forecast	Forecast	Forecast	Forecast		Healthy	Healthy	Healthy	Healthy	Healthy	Healthy	Healthy	Healthy	Healthy	Healthy	Healthy	Healthy	Healthy	Healthy	Healthy	Healthy	Healthy		Week 4 2026	9/29/2026	8:41:33 PM	20		0%	0%	7%	7%	20%	20%		0.0 
	Drew Lock	Seattle Seahawks	QB	QB25	17.1 	34 	422 	211.0 	4.0 	2.0 	13 	6.5 	0.0 	0.0 	0.0 	0.0 	0 	0.0 	0.0 	0.0 	0.0 	0.0 	0.0 	0.092 	0.460 	0.009 	1 	0.400 	0.000 	160 	0 	(160)	37 	0 	(37)	0.193 																12.8 	21.4 	0.0 	0.0 	0.0 	0.0 	0.0 	0.0 	0.0 	0.0 	0.0 	0.0 	0.0 	0.0 	0.0 	0.0 	0.0 		QB23	QB9	-	-	-	-	-	-	-	-	-	-	-	-	-	-	-		QB38	0.0 	0.0 	0.0 	0.0 	0.0 	0.0 	0.0 	0.0 	43 	0.000 	0.460 	0.000 	(2)	0.000 	0.000 	264 	0.000 		0 														QB25	17.1 	0.0 	0.0 	0.0 	0.0 	0.0 	0.0 	0.0 	25 	0.368 	0.460 	0.186 	(0)	0.000 	0.000 	#N/A	0.098 		34.2 																	Seattle Seahawks	New England Patriots	187 	1.0 	13 	0.0 	0.0 	0 	0.0 	0.0 	0.0 	0.0 	12.8 	QB23		Seattle Seahawks	Arizona Cardinals	235 	3.0 	0 	0.0 	0.0 	0 	0.0 	0.0 	0.0 	0.0 	21.4 	QB9		Seattle Seahawks	Washington Commanders	0 	0.0 	0 	0.0 	0.0 	0 	0.0 	0.0 	0.0 	0.0 	0.0 	-		Seattle Seahawks	Los Angeles Chargers	0 	0.0 	0 	0.0 	0.0 	0 	0.0 	0.0 	0.0 	0.0 	0.0 	-		Seattle Seahawks	San Francisco 49ers	0 	0.0 	0 	0.0 	0.0 	0 	0.0 	0.0 	0.0 	0.0 	0.0 	-		Seattle Seahawks	Denver Broncos	0 	0.0 	0 	0.0 	0.0 	0 	0.0 	0.0 	0.0 	0.0 	0.0 	-		Seattle Seahawks	Kansas City Chiefs	0 	0.0 	0 	0.0 	0.0 	0 	0.0 	0.0 	0.0 	0.0 	0.0 	-		Seattle Seahawks	Chicago Bears	0 	0.0 	0 	0.0 	0.0 	0 	0.0 	0.0 	0.0 	0.0 	0.0 	-		Seattle Seahawks	Arizona Cardinals	0 	0.0 	0 	0.0 	0.0 	0 	0.0 	0.0 	0.0 	0.0 	0.0 	-		Seattle Seahawks	Las Vegas Raiders	0 	0.0 	0 	0.0 	0.0 	0 	0.0 	0.0 	0.0 	0.0 	0.0 	-		Seattle Seahawks	BYE	0 	0.0 	0 	0.0 	0.0 	0 	0.0 	0.0 	0.0 	0.0 	0.0 	-		Seattle Seahawks	San Francisco 49ers	0 	0.0 	0 	0.0 	0.0 	0 	0.0 	0.0 	0.0 	0.0 	0.0 	-		Seattle Seahawks	Dallas Cowboys	0 	0.0 	0 	0.0 	0.0 	0 	0.0 	0.0 	0.0 	0.0 	0.0 	-		Seattle Seahawks	New York Giants	0 	0.0 	0 	0.0 	0.0 	0 	0.0 	0.0 	0.0 	0.0 	0.0 	-		Seattle Seahawks	Philadelphia Eagles	0 	0.0 	0 	0.0 	0.0 	0 	0.0 	0.0 	0.0 	0.0 	0.0 	-		Seattle Seahawks	Los Angeles Rams	0 	0.0 	0 	0.0 	0.0 	0 	0.0 	0.0 	0.0 	0.0 	0.0 	-		Seattle Seahawks	Carolina Panthers	0 	0.0 	0 	0.0 	0.0 	0 	0.0 	0.0 	0.0 	0.0 	0.0 	-		Actual	Actual	Actual	Forecast	Forecast	Forecast	Forecast	Forecast	Forecast	Forecast	Forecast	Forecast	Forecast	Forecast	Forecast	Forecast	Forecast		Healthy	Healthy	Healthy	Healthy	Healthy	Healthy	Healthy	Healthy	Healthy	Healthy	Healthy	Healthy	Healthy	Healthy	Healthy	Healthy	Healthy		Week 4 2026	9/29/2026	8:41:33 PM	20		0%	0%	0%	0%	0%	0%		0.1 
	Jaxson Dart	New York Giants	QB	QB35	13.7 	27 	250 	125.0 	3.0 	1.5 	54 	27.0 	0.0 	0.0 	0.0 	0.0 	0 	0.0 	0.0 	0.0 	0.0 	0.0 	0.0 	0.074 	0.460 	0.000 	0 	0.072 	0.000 	247 	94 	(153)	38 	11 	(27)	0.034 				-	-		-	-		-	-		-	-		26.6 	0.8 	0.0 	0.0 	0.0 	0.0 	0.0 	0.0 	0.0 	0.0 	0.0 	0.0 	0.0 	0.0 	0.0 	0.0 	0.0 		QB4	QB34	-	-	-	-	-	-	-	-	-	-	-	-	-	-	-		QB38	0.0 	0.0 	0.0 	0.0 	0.0 	0.0 	0.0 	0.0 	43 	0.000 	0.460 	0.000 	(2)	0.000 	0.000 	264 	0.000 		0 														QB31	13.7 	0.0 	0.0 	0.0 	0.0 	0.0 	0.0 	0.0 	31 	0.295 	0.460 	0.100 	(0)	0.000 	0.000 	#N/A	0.053 		27.4 																	New York Giants	Dallas Cowboys	230 	3.0 	54 	0.0 	0.0 	0 	0.0 	0.0 	0.0 	0.0 	26.6 	QB4		New York Giants	Los Angeles Rams	20 	0.0 	0 	0.0 	0.0 	0 	0.0 	0.0 	0.0 	0.0 	0.8 	QB34		New York Giants	Tennessee Titans	0 	0.0 	0 	0.0 	0.0 	0 	0.0 	0.0 	0.0 	0.0 	0.0 	-		New York Giants	Arizona Cardinals	0 	0.0 	0 	0.0 	0.0 	0 	0.0 	0.0 	0.0 	0.0 	0.0 	-		New York Giants	Washington Commanders	0 	0.0 	0 	0.0 	0.0 	0 	0.0 	0.0 	0.0 	0.0 	0.0 	-		New York Giants	New Orleans Saints	0 	0.0 	0 	0.0 	0.0 	0 	0.0 	0.0 	0.0 	0.0 	0.0 	-		New York Giants	Houston Texans	0 	0.0 	0 	0.0 	0.0 	0 	0.0 	0.0 	0.0 	0.0 	0.0 	-		New York Giants	BYE	0 	0.0 	0 	0.0 	0.0 	0 	0.0 	0.0 	0.0 	0.0 	0.0 	-		New York Giants	Philadelphia Eagles	0 	0.0 	0 	0.0 	0.0 	0 	0.0 	0.0 	0.0 	0.0 	0.0 	-		New York Giants	Washington Commanders	0 	0.0 	0 	0.0 	0.0 	0 	0.0 	0.0 	0.0 	0.0 	0.0 	-		New York Giants	Jacksonville Jaguars	0 	0.0 	0 	0.0 	0.0 	0 	0.0 	0.0 	0.0 	0.0 	0.0 	-		New York Giants	Indianapolis Colts	0 	0.0 	0 	0.0 	0.0 	0 	0.0 	0.0 	0.0 	0.0 	0.0 	-		New York Giants	San Francisco 49ers	0 	0.0 	0 	0.0 	0.0 	0 	0.0 	0.0 	0.0 	0.0 	0.0 	-		New York Giants	Seattle Seahawks	0 	0.0 	0 	0.0 	0.0 	0 	0.0 	0.0 	0.0 	0.0 	0.0 	-		New York Giants	Cleveland Browns	0 	0.0 	0 	0.0 	0.0 	0 	0.0 	0.0 	0.0 	0.0 	0.0 	-		New York Giants	Detroit Lions	0 	0.0 	0 	0.0 	0.0 	0 	0.0 	0.0 	0.0 	0.0 	0.0 	-		New York Giants	Dallas Cowboys	0 	0.0 	0 	0.0 	0.0 	0 	0.0 	0.0 	0.0 	0.0 	0.0 	-		Actual	Actual	Actual	Forecast	Forecast	Forecast	Forecast	Forecast	Forecast	Forecast	Forecast	Forecast	Forecast	Forecast	Forecast	Forecast	Forecast		Healthy	Healthy	Injured	Injured	Injured	Injured	Injured	Injured	Injured	Injured	Injured	Injured	Injured	Injured	Injured	Injured	Injured		Week 4 2026	9/29/2026	8:41:33 PM	20		0%	0%	0%	0%	0%	0%		(0.0)
	Tua Tagovailoa	Atlanta Falcons	QB	QB39	0.4 	6 	27 	2.0 	0.2 	0.0 	34 	2.6 	0.1 	0.0 	0.0 	0.0 	0 	0.0 	0.0 	0.0 	0.1 	0.0 	0.0 	0.015 	0.460 	0.000 	(2)	0.000 	0.000 	265 	239 	(26)	42 	33 	(9)	0.000 																0.0 	0.0 	0.0 	0.5 	0.4 	0.5 	0.4 	0.4 	0.4 	0.4 	0.0 	0.4 	0.4 	0.4 	0.4 	0.5 	0.5 		-	-	-	QB36	QB34	QB31	QB31	QB30	QB33	QB31	-	QB36	QB30	QB34	QB35	QB35	QB35		QB38	0.4 	2.0 	0.0 	2.6 	0.0 	0.0 	0.0 	0.0 	38 	0.020 	0.460 	0.000 	(2)	0.000 	0.000 	264 	0.000 		6 														-	0.0 	0.0 	0.0 	0.0 	0.0 	0.0 	0.0 	0.0 	#N/A	0.000 	0.460 	#N/A	(2)	0.000 	0.000 	#N/A	#N/A		0.0 																	Atlanta Falcons	Pittsburgh Steelers	0 	0.0 	0 	0.0 	0.0 	0 	0.0 	0.0 	0.0 	0.0 	0.0 	-		Atlanta Falcons	Carolina Panthers	0 	0.0 	0 	0.0 	0.0 	0 	0.0 	0.0 	0.0 	0.0 	0.0 	-		Atlanta Falcons	Green Bay Packers	0 	0.0 	0 	0.0 	0.0 	0 	0.0 	0.0 	0.0 	0.0 	0.0 	-		Atlanta Falcons	New Orleans Saints	2 	0.0 	3 	0.0 	0.0 	0 	0.0 	0.0 	0.0 	0.0 	0.5 	QB36		Atlanta Falcons	Baltimore Ravens	2 	0.0 	3 	0.0 	0.0 	0 	0.0 	0.0 	0.0 	0.0 	0.4 	QB34		Atlanta Falcons	Chicago Bears	2 	0.0 	3 	0.0 	0.0 	0 	0.0 	0.0 	0.0 	0.0 	0.5 	QB31		Atlanta Falcons	San Francisco 49ers	2 	0.0 	3 	0.0 	0.0 	0 	0.0 	0.0 	0.0 	0.0 	0.4 	QB31		Atlanta Falcons	Tampa Bay Buccaneers	2 	0.0 	3 	0.0 	0.0 	0 	0.0 	0.0 	0.0 	0.0 	0.4 	QB30		Atlanta Falcons	Cincinnati Bengals	2 	0.0 	3 	0.0 	0.0 	0 	0.0 	0.0 	0.0 	0.0 	0.4 	QB33		Atlanta Falcons	Kansas City Chiefs	2 	0.0 	3 	0.0 	0.0 	0 	0.0 	0.0 	0.0 	0.0 	0.4 	QB31		Atlanta Falcons	BYE	0 	0.0 	0 	0.0 	0.0 	0 	0.0 	0.0 	0.0 	0.0 	0.0 	-		Atlanta Falcons	Minnesota Vikings	2 	0.0 	2 	0.0 	0.0 	0 	0.0 	0.0 	0.0 	0.0 	0.4 	QB36		Atlanta Falcons	Detroit Lions	2 	0.0 	3 	0.0 	0.0 	0 	0.0 	0.0 	0.0 	0.0 	0.4 	QB30		Atlanta Falcons	Cleveland Browns	2 	0.0 	3 	0.0 	0.0 	0 	0.0 	0.0 	0.0 	0.0 	0.4 	QB34		Atlanta Falcons	Washington Commanders	2 	0.0 	3 	0.0 	0.0 	0 	0.0 	0.0 	0.0 	0.0 	0.4 	QB35		Atlanta Falcons	Tampa Bay Buccaneers	2 	0.0 	3 	0.0 	0.0 	0 	0.0 	0.0 	0.0 	0.0 	0.5 	QB35		Atlanta Falcons	New Orleans Saints	2 	0.0 	3 	0.0 	0.0 	0 	0.0 	0.0 	0.0 	0.0 	0.5 	QB35		Actual	Actual	Actual	Forecast	Forecast	Forecast	Forecast	Forecast	Forecast	Forecast	Forecast	Forecast	Forecast	Forecast	Forecast	Forecast	Forecast		Injured	Injured	Healthy	Healthy	Healthy	Healthy	Healthy	Healthy	Healthy	Healthy	Healthy	Healthy	Healthy	Healthy	Healthy	Healthy	Healthy		Week 4 2026	9/29/2026	8:41:33 PM	20		0%	0%	2%	1%	1%	1%		0.0 
	Shedeur Sanders	Cleveland Browns	QB	QB39	0.4 	5 	29 	2.2 	0.2 	0.0 	25 	1.9 	0.2 	0.0 	0.0 	0.0 	0 	0.0 	0.0 	0.0 	0.1 	0.0 	0.0 	0.014 	0.460 	0.000 	(2)	0.000 	0.000 	265 	246 	(19)	43 	34 	(9)	0.000 																0.0 	0.0 	0.0 	0.4 	0.4 	0.4 	0.4 	0.4 	0.4 	0.4 	0.0 	0.4 	0.4 	0.4 	0.4 	0.4 	0.4 		-	-	-	QB37	QB35	QB32	QB32	QB32	QB34	QB32	-	QB35	QB31	QB33	QB36	QB37	QB36		QB38	0.4 	2.2 	0.0 	1.9 	0.0 	0.0 	0.0 	0.0 	39 	0.018 	0.460 	0.000 	(2)	0.000 	0.000 	264 	0.000 		5 														-	0.0 	0.0 	0.0 	0.0 	0.0 	0.0 	0.0 	0.0 	#N/A	0.000 	0.460 	#N/A	(2)	0.000 	0.000 	#N/A	#N/A		0.0 																	Cleveland Browns	Jacksonville Jaguars	0 	0.0 	0 	0.0 	0.0 	0 	0.0 	0.0 	0.0 	0.0 	0.0 	-		Cleveland Browns	Tampa Bay Buccaneers	0 	0.0 	0 	0.0 	0.0 	0 	0.0 	0.0 	0.0 	0.0 	0.0 	-		Cleveland Browns	Carolina Panthers	0 	0.0 	0 	0.0 	0.0 	0 	0.0 	0.0 	0.0 	0.0 	0.0 	-		Cleveland Browns	Pittsburgh Steelers	2 	0.0 	2 	0.0 	0.0 	0 	0.0 	0.0 	0.0 	0.0 	0.4 	QB37		Cleveland Browns	New York Jets	2 	0.0 	2 	0.0 	0.0 	0 	0.0 	0.0 	0.0 	0.0 	0.4 	QB35		Cleveland Browns	Baltimore Ravens	2 	0.0 	2 	0.0 	0.0 	0 	0.0 	0.0 	0.0 	0.0 	0.4 	QB32		Cleveland Browns	Tennessee Titans	2 	0.0 	2 	0.0 	0.0 	0 	0.0 	0.0 	0.0 	0.0 	0.4 	QB32		Cleveland Browns	Pittsburgh Steelers	2 	0.0 	2 	0.0 	0.0 	0 	0.0 	0.0 	0.0 	0.0 	0.4 	QB32		Cleveland Browns	New Orleans Saints	2 	0.0 	2 	0.0 	0.0 	0 	0.0 	0.0 	0.0 	0.0 	0.4 	QB34		Cleveland Browns	Houston Texans	2 	0.0 	2 	0.0 	0.0 	0 	0.0 	0.0 	0.0 	0.0 	0.4 	QB32		Cleveland Browns	BYE	0 	0.0 	0 	0.0 	0.0 	0 	0.0 	0.0 	0.0 	0.0 	0.0 	-		Cleveland Browns	Las Vegas Raiders	2 	0.0 	2 	0.0 	0.0 	0 	0.0 	0.0 	0.0 	0.0 	0.4 	QB35		Cleveland Browns	Cincinnati Bengals	2 	0.0 	2 	0.0 	0.0 	0 	0.0 	0.0 	0.0 	0.0 	0.4 	QB31		Cleveland Browns	Atlanta Falcons	2 	0.0 	2 	0.0 	0.0 	0 	0.0 	0.0 	0.0 	0.0 	0.4 	QB33		Cleveland Browns	New York Giants	2 	0.0 	2 	0.0 	0.0 	0 	0.0 	0.0 	0.0 	0.0 	0.4 	QB36		Cleveland Browns	Baltimore Ravens	2 	0.0 	2 	0.0 	0.0 	0 	0.0 	0.0 	0.0 	0.0 	0.4 	QB37		Cleveland Browns	Indianapolis Colts	2 	0.0 	2 	0.0 	0.0 	0 	0.0 	0.0 	0.0 	0.0 	0.4 	QB36		Actual	Actual	Actual	Forecast	Forecast	Forecast	Forecast	Forecast	Forecast	Forecast	Forecast	Forecast	Forecast	Forecast	Forecast	Forecast	Forecast		Healthy	Healthy	Healthy	Healthy	Healthy	Healthy	Healthy	Healthy	Healthy	Healthy	Healthy	Healthy	Healthy	Healthy	Healthy	Healthy	Healthy		Week 4 2026	9/29/2026	8:41:33 PM	20		0%	0%	2%	2%	1%	1%		0.0 
	Carson Wentz	Minnesota Vikings	QB	QB39	6.3 	25 	276 	69.0 	3.0 	0.8 	16 	4.0 	0.1 	0.0 	0.0 	0.0 	0 	0.0 	0.0 	0.0 	0.0 	0.0 	0.0 	0.067 	0.460 	0.000 	(1)	0.000 	0.000 	265 	0 	(265)	39 	0 	(39)	0.000 				-	-		-	-		-	-		-	-		17.2 	6.3 	0.0 	0.8 	0.7 	0.0 	0.0 	0.0 	0.0 	0.0 	0.0 	0.0 	0.0 	0.0 	0.0 	0.0 	0.0 		QB13	QB29	-	QB35	QB33	-	-	-	-	-	-	-	-	-	-	-	-		QB38	0.8 	0.0 	0.0 	5.4 	0.0 	0.0 	0.0 	0.0 	42 	0.006 	0.460 	0.000 	(2)	0.000 	0.000 	264 	0.000 		2 														QB33	11.8 	0.0 	0.0 	5.4 	0.0 	0.0 	0.0 	0.0 	33 	0.253 	0.460 	0.070 	(1)	0.000 	0.000 	#N/A	0.037 		23.5 																	Minnesota Vikings	Green Bay Packers	133 	3.0 	(1)	0.0 	0.0 	0 	0.0 	0.0 	0.0 	0.0 	17.2 	QB13		Minnesota Vikings	Chicago Bears	143 	0.0 	6 	0.0 	0.0 	0 	0.0 	0.0 	0.0 	0.0 	6.3 	QB29		Minnesota Vikings	Tampa Bay Buccaneers	0 	0.0 	0 	0.0 	0.0 	0 	0.0 	0.0 	0.0 	0.0 	0.0 	-		Minnesota Vikings	Miami Dolphins	0 	0.0 	6 	0.0 	0.0 	0 	0.0 	0.0 	0.0 	0.0 	0.8 	QB35		Minnesota Vikings	New Orleans Saints	0 	0.0 	5 	0.0 	0.0 	0 	0.0 	0.0 	0.0 	0.0 	0.7 	QB33		Minnesota Vikings	BYE	0 	0.0 	0 	0.0 	0.0 	0 	0.0 	0.0 	0.0 	0.0 	0.0 	-		Minnesota Vikings	Indianapolis Colts	0 	0.0 	0 	0.0 	0.0 	0 	0.0 	0.0 	0.0 	0.0 	0.0 	-		Minnesota Vikings	Detroit Lions	0 	0.0 	0 	0.0 	0.0 	0 	0.0 	0.0 	0.0 	0.0 	0.0 	-		Minnesota Vikings	Buffalo Bills	0 	0.0 	0 	0.0 	0.0 	0 	0.0 	0.0 	0.0 	0.0 	0.0 	-		Minnesota Vikings	Green Bay Packers	0 	0.0 	0 	0.0 	0.0 	0 	0.0 	0.0 	0.0 	0.0 	0.0 	-		Minnesota Vikings	San Francisco 49ers	0 	0.0 	0 	0.0 	0.0 	0 	0.0 	0.0 	0.0 	0.0 	0.0 	-		Minnesota Vikings	Atlanta Falcons	0 	0.0 	0 	0.0 	0.0 	0 	0.0 	0.0 	0.0 	0.0 	0.0 	-		Minnesota Vikings	Carolina Panthers	0 	0.0 	0 	0.0 	0.0 	0 	0.0 	0.0 	0.0 	0.0 	0.0 	-		Minnesota Vikings	New England Patriots	0 	0.0 	0 	0.0 	0.0 	0 	0.0 	0.0 	0.0 	0.0 	0.0 	-		Minnesota Vikings	Detroit Lions	0 	0.0 	0 	0.0 	0.0 	0 	0.0 	0.0 	0.0 	0.0 	0.0 	-		Minnesota Vikings	Washington Commanders	0 	0.0 	0 	0.0 	0.0 	0 	0.0 	0.0 	0.0 	0.0 	0.0 	-		Minnesota Vikings	New York Jets	0 	0.0 	0 	0.0 	0.0 	0 	0.0 	0.0 	0.0 	0.0 	0.0 	-		Actual	Actual	Actual	Forecast	Forecast	Forecast	Forecast	Forecast	Forecast	Forecast	Forecast	Forecast	Forecast	Forecast	Forecast	Forecast	Forecast		Healthy	Healthy	Healthy	Healthy	Healthy	Healthy	Healthy	Healthy	Healthy	Healthy	Healthy	Healthy	Healthy	Healthy	Healthy	Healthy	Healthy		Week 4 2026	9/29/2026	8:41:33 PM	20		0%	0%	0%	0%	0%	0%		(0.0)
	Carson Beck	Arizona Cardinals	QB	QB39	0.3 	3 	27 	2.3 	0.2 	0.0 	11 	0.9 	0.1 	0.0 	0.0 	0.0 	0 	0.0 	0.0 	0.0 	0.1 	0.0 	0.0 	0.008 	0.460 	0.000 	(2)	0.000 	0.000 	265 	0 	(265)	44 	0 	(44)	0.000 																0.0 	0.0 	0.0 	0.0 	0.3 	0.2 	0.3 	0.3 	0.2 	0.3 	0.2 	0.3 	0.2 	0.0 	0.3 	0.3 	0.3 		-	-	-	-	QB36	QB33	QB34	QB34	QB37	QB34	QB32	QB39	QB34	-	QB39	QB39	QB39		QB38	0.3 	2.3 	0.0 	0.9 	0.0 	0.0 	0.0 	0.0 	40 	0.011 	0.460 	0.000 	(2)	0.000 	0.000 	264 	0.000 		3 															0.0 	0.0 	0.0 	0.0 	0.0 	0.0 	0.0 	0.0 	#N/A	0.000 	0.460 	#N/A	(2)	0.000 	0.000 	#N/A	#N/A		0.0 																	Arizona Cardinals	Los Angeles Chargers	0 	0.0 	0 	0.0 	0.0 	0 	0.0 	0.0 	0.0 	0.0 	0.0 	-		Arizona Cardinals	Seattle Seahawks	0 	0.0 	0 	0.0 	0.0 	0 	0.0 	0.0 	0.0 	0.0 	0.0 	-		Arizona Cardinals	San Francisco 49ers	0 	0.0 	0 	0.0 	0.0 	0 	0.0 	0.0 	0.0 	0.0 	0.0 	-		Arizona Cardinals	New York Giants	0 	0.0 	0 	0.0 	0.0 	0 	0.0 	0.0 	0.0 	0.0 	0.0 	-		Arizona Cardinals	Detroit Lions	2 	0.0 	1 	0.0 	0.0 	0 	0.0 	0.0 	0.0 	0.0 	0.3 	QB36		Arizona Cardinals	Los Angeles Rams	2 	0.0 	1 	0.0 	0.0 	0 	0.0 	0.0 	0.0 	0.0 	0.2 	QB33		Arizona Cardinals	Denver Broncos	2 	0.0 	1 	0.0 	0.0 	0 	0.0 	0.0 	0.0 	0.0 	0.3 	QB34		Arizona Cardinals	Dallas Cowboys	2 	0.0 	1 	0.0 	0.0 	0 	0.0 	0.0 	0.0 	0.0 	0.3 	QB34		Arizona Cardinals	Seattle Seahawks	2 	0.0 	1 	0.0 	0.0 	0 	0.0 	0.0 	0.0 	0.0 	0.2 	QB37		Arizona Cardinals	Los Angeles Rams	2 	0.0 	1 	0.0 	0.0 	0 	0.0 	0.0 	0.0 	0.0 	0.3 	QB34		Arizona Cardinals	Kansas City Chiefs	2 	0.0 	1 	0.0 	0.0 	0 	0.0 	0.0 	0.0 	0.0 	0.2 	QB32		Arizona Cardinals	Washington Commanders	2 	0.0 	1 	0.0 	0.0 	0 	0.0 	0.0 	0.0 	0.0 	0.3 	QB39		Arizona Cardinals	Philadelphia Eagles	2 	0.0 	1 	0.0 	0.0 	0 	0.0 	0.0 	0.0 	0.0 	0.2 	QB34		Arizona Cardinals	BYE	0 	0.0 	0 	0.0 	0.0 	0 	0.0 	0.0 	0.0 	0.0 	0.0 	-		Arizona Cardinals	New York Jets	2 	0.0 	1 	0.0 	0.0 	0 	0.0 	0.0 	0.0 	0.0 	0.3 	QB39		Arizona Cardinals	New Orleans Saints	2 	0.0 	1 	0.0 	0.0 	0 	0.0 	0.0 	0.0 	0.0 	0.3 	QB39		Arizona Cardinals	Las Vegas Raiders	2 	0.0 	1 	0.0 	0.0 	0 	0.0 	0.0 	0.0 	0.0 	0.3 	QB39		Actual	Actual	Actual	Forecast	Forecast	Forecast	Forecast	Forecast	Forecast	Forecast	Forecast	Forecast	Forecast	Forecast	Forecast	Forecast	Forecast		Healthy	Healthy	Healthy	Injured	Healthy	Healthy	Healthy	Healthy	Healthy	Healthy	Healthy	Healthy	Healthy	Healthy	Healthy	Healthy	Healthy		Week 4 2026	9/29/2026	8:41:33 PM	20		0%	0%	1%	1%	1%	1%		0.0 
	Travis Hunter	Jacksonville Jaguars	WR	WR105	0.0 	0 	0 	0.0 	0.0 	0.0 	0 	0.0 	0.0 	0.0 	0.0 	0.0 	0 	0.0 	0.0 	0.0 	0.0 	0.0 	0.0 	0.000 	1.000 	0.000 	(2)	0.000 	0.000 	265 	299 	34 	106 	102 	(4)	0.000 																0.0 	0.0 	0.0 	0.0 	0.0 	0.0 	0.0 	0.0 	0.0 	0.0 	0.0 	0.0 	0.0 	0.0 	0.0 	0.0 	0.0 		-	-	-	-	-	-	-	-	-	-	-	-	-	-	-	-	-		WR106	0.0 	0.0 	0.0 	0.0 	0.0 	0.0 	0.0 	0.0 	106 	0.000 	1.000 	0.000 	(2)	0.000 	0.000 	264 	0.000 		0 														-	0.0 	0.0 	0.0 	0.0 	0.0 	0.0 	0.0 	0.0 	#N/A	0.000 	1.000 	#N/A	(1)	0.000 	0.000 	#N/A	#N/A		0.0 																	Jacksonville Jaguars	Cleveland Browns	0 	0.0 	0 	0.0 	0.0 	0 	0.0 	0.0 	0.0 	0.0 	0.0 	-		Jacksonville Jaguars	Denver Broncos	0 	0.0 	0 	0.0 	0.0 	0 	0.0 	0.0 	0.0 	0.0 	0.0 	-		Jacksonville Jaguars	New England Patriots	0 	0.0 	0 	0.0 	0.0 	0 	0.0 	0.0 	0.0 	0.0 	0.0 	-		Jacksonville Jaguars	Cincinnati Bengals	0 	0.0 	0 	0.0 	0.0 	0 	0.0 	0.0 	0.0 	0.0 	0.0 	-		Jacksonville Jaguars	Philadelphia Eagles	0 	0.0 	0 	0.0 	0.0 	0 	0.0 	0.0 	0.0 	0.0 	0.0 	-		Jacksonville Jaguars	Houston Texans	0 	0.0 	0 	0.0 	0.0 	0 	0.0 	0.0 	0.0 	0.0 	0.0 	-		Jacksonville Jaguars	BYE	0 	0.0 	0 	0.0 	0.0 	0 	0.0 	0.0 	0.0 	0.0 	0.0 	-		Jacksonville Jaguars	Indianapolis Colts	0 	0.0 	0 	0.0 	0.0 	0 	0.0 	0.0 	0.0 	0.0 	0.0 	-		Jacksonville Jaguars	Baltimore Ravens	0 	0.0 	0 	0.0 	0.0 	0 	0.0 	0.0 	0.0 	0.0 	0.0 	-		Jacksonville Jaguars	Tennessee Titans	0 	0.0 	0 	0.0 	0.0 	0 	0.0 	0.0 	0.0 	0.0 	0.0 	-		Jacksonville Jaguars	New York Giants	0 	0.0 	0 	0.0 	0.0 	0 	0.0 	0.0 	0.0 	0.0 	0.0 	-		Jacksonville Jaguars	Tennessee Titans	0 	0.0 	0 	0.0 	0.0 	0 	0.0 	0.0 	0.0 	0.0 	0.0 	-		Jacksonville Jaguars	Chicago Bears	0 	0.0 	0 	0.0 	0.0 	0 	0.0 	0.0 	0.0 	0.0 	0.0 	-		Jacksonville Jaguars	Pittsburgh Steelers	0 	0.0 	0 	0.0 	0.0 	0 	0.0 	0.0 	0.0 	0.0 	0.0 	-		Jacksonville Jaguars	Houston Texans	0 	0.0 	0 	0.0 	0.0 	0 	0.0 	0.0 	0.0 	0.0 	0.0 	-		Jacksonville Jaguars	Dallas Cowboys	0 	0.0 	0 	0.0 	0.0 	0 	0.0 	0.0 	0.0 	0.0 	0.0 	-		Jacksonville Jaguars	Washington Commanders	0 	0.0 	0 	0.0 	0.0 	0 	0.0 	0.0 	0.0 	0.0 	0.0 	-		Actual	Actual	Actual	Forecast	Forecast	Forecast	Forecast	Forecast	Forecast	Forecast	Forecast	Forecast	Forecast	Forecast	Forecast	Forecast	Forecast		Healthy	Healthy	Healthy	Healthy	Healthy	Healthy	Healthy	Healthy	Healthy	Healthy	Healthy	Healthy	Healthy	Healthy	Healthy	Healthy	Healthy		Week 4 2026	9/29/2026	8:41:33 PM	20		0%	0%	0%	0%	0%	0%		0.0 
	Cooper Rush	Atlanta Falcons	QB	QB39	0.6 	8 	229 	16.4 	1.0 	0.1 	36 	2.5 	0.0 	0.0 	0.0 	0.0 	0 	0.0 	0.0 	0.0 	3.2 	1.0 	0.0 	0.022 	0.460 	0.000 	(2)	0.000 	0.000 	265 	0 	(265)	41 	0 	(41)	0.000 																5.7 	1.1 	0.0 	0.0 	0.1 	0.1 	0.1 	0.1 	0.1 	0.1 	0.0 	0.1 	0.1 	0.1 	0.1 	0.1 	0.1 		QB30	QB33	-	-	QB37	QB34	QB36	QB36	QB39	QB35	-	QB41	QB36	QB38	QB41	QB41	QB41		QB38	0.1 	0.0 	0.0 	1.3 	0.0 	0.0 	0.0 	0.0 	41 	0.006 	0.460 	0.000 	(2)	0.000 	0.000 	264 	0.000 		2 														QB38	3.4 	0.0 	0.0 	7.8 	0.0 	0.0 	0.0 	0.0 	38 	0.073 	0.460 	0.000 	(1)	0.000 	0.000 	#N/A	0.000 		6.8 																	Atlanta Falcons	Pittsburgh Steelers	143 	1.0 	0 	0.0 	0.0 	0 	0.0 	2.0 	0.0 	0.0 	5.7 	QB30		Atlanta Falcons	Carolina Panthers	86 	0.0 	20 	0.0 	0.0 	0 	0.0 	1.2 	1.0 	0.0 	1.1 	QB33		Atlanta Falcons	Green Bay Packers	0 	0.0 	0 	0.0 	0.0 	0 	0.0 	0.0 	0.0 	0.0 	0.0 	-		Atlanta Falcons	New Orleans Saints	0 	0.0 	0 	0.0 	0.0 	0 	0.0 	0.0 	0.0 	0.0 	0.0 	-		Atlanta Falcons	Baltimore Ravens	0 	0.0 	1 	0.0 	0.0 	0 	0.0 	0.0 	0.0 	0.0 	0.1 	QB37		Atlanta Falcons	Chicago Bears	0 	0.0 	1 	0.0 	0.0 	0 	0.0 	0.0 	0.0 	0.0 	0.1 	QB34		Atlanta Falcons	San Francisco 49ers	0 	0.0 	1 	0.0 	0.0 	0 	0.0 	0.0 	0.0 	0.0 	0.1 	QB36		Atlanta Falcons	Tampa Bay Buccaneers	0 	0.0 	1 	0.0 	0.0 	0 	0.0 	0.0 	0.0 	0.0 	0.1 	QB36		Atlanta Falcons	Cincinnati Bengals	0 	0.0 	1 	0.0 	0.0 	0 	0.0 	0.0 	0.0 	0.0 	0.1 	QB39		Atlanta Falcons	Kansas City Chiefs	0 	0.0 	1 	0.0 	0.0 	0 	0.0 	0.0 	0.0 	0.0 	0.1 	QB35		Atlanta Falcons	BYE	0 	0.0 	0 	0.0 	0.0 	0 	0.0 	0.0 	0.0 	0.0 	0.0 	-		Atlanta Falcons	Minnesota Vikings	0 	0.0 	1 	0.0 	0.0 	0 	0.0 	0.0 	0.0 	0.0 	0.1 	QB41		Atlanta Falcons	Detroit Lions	0 	0.0 	1 	0.0 	0.0 	0 	0.0 	0.0 	0.0 	0.0 	0.1 	QB36		Atlanta Falcons	Cleveland Browns	0 	0.0 	1 	0.0 	0.0 	0 	0.0 	0.0 	0.0 	0.0 	0.1 	QB38		Atlanta Falcons	Washington Commanders	0 	0.0 	1 	0.0 	0.0 	0 	0.0 	0.0 	0.0 	0.0 	0.1 	QB41		Atlanta Falcons	Tampa Bay Buccaneers	0 	0.0 	1 	0.0 	0.0 	0 	0.0 	0.0 	0.0 	0.0 	0.1 	QB41		Atlanta Falcons	New Orleans Saints	0 	0.0 	1 	0.0 	0.0 	0 	0.0 	0.0 	0.0 	0.0 	0.1 	QB41		Actual	Actual	Actual	Forecast	Forecast	Forecast	Forecast	Forecast	Forecast	Forecast	Forecast	Forecast	Forecast	Forecast	Forecast	Forecast	Forecast		Healthy	Healthy	Injured	Injured	Healthy	Healthy	Healthy	Healthy	Healthy	Healthy	Healthy	Healthy	Healthy	Healthy	Healthy	Healthy	Healthy		Week 4 2026	9/29/2026	8:41:33 PM	20		0%	0%	1%	0%	0%	0%		0.0 
	Ricky Pearsall	San Francisco 49ers	WR	WR105	0.0 	0 	0 	0.0 	0.0 	0.0 	0 	0.0 	0.0 	0.0 	0.0 	0.0 	0 	0.0 	0.0 	0.0 	0.0 	0.0 	0.0 	0.000 	1.000 	0.000 	(2)	0.000 	0.000 	265 	0 	(265)	106 	0 	(106)	0.000 																0.0 	0.0 	0.0 	0.0 	0.0 	0.0 	0.0 	0.0 	0.0 	0.0 	0.0 	0.0 	0.0 	0.0 	0.0 	0.0 	0.0 		-	-	-	-	-	-	-	-	-	-	-	-	-	-	-	-	-		WR106	0.0 	0.0 	0.0 	0.0 	0.0 	0.0 	0.0 	0.0 	106 	0.000 	1.000 	0.000 	(2)	0.000 	0.000 	264 	0.000 		0 														-	0.0 	0.0 	0.0 	0.0 	0.0 	0.0 	0.0 	0.0 	#N/A	0.000 	1.000 	#N/A	(1)	0.000 	0.000 	#N/A	#N/A		0.0 																	San Francisco 49ers	Los Angeles Rams	0 	0.0 	0 	0.0 	0.0 	0 	0.0 	0.0 	0.0 	0.0 	0.0 	-		San Francisco 49ers	Miami Dolphins	0 	0.0 	0 	0.0 	0.0 	0 	0.0 	0.0 	0.0 	0.0 	0.0 	-		San Francisco 49ers	Arizona Cardinals	0 	0.0 	0 	0.0 	0.0 	0 	0.0 	0.0 	0.0 	0.0 	0.0 	-		San Francisco 49ers	Denver Broncos	0 	0.0 	0 	0.0 	0.0 	0 	0.0 	0.0 	0.0 	0.0 	0.0 	-		San Francisco 49ers	Seattle Seahawks	0 	0.0 	0 	0.0 	0.0 	0 	0.0 	0.0 	0.0 	0.0 	0.0 	-		San Francisco 49ers	Washington Commanders	0 	0.0 	0 	0.0 	0.0 	0 	0.0 	0.0 	0.0 	0.0 	0.0 	-		San Francisco 49ers	Atlanta Falcons	0 	0.0 	0 	0.0 	0.0 	0 	0.0 	0.0 	0.0 	0.0 	0.0 	-		San Francisco 49ers	BYE	0 	0.0 	0 	0.0 	0.0 	0 	0.0 	0.0 	0.0 	0.0 	0.0 	-		San Francisco 49ers	Las Vegas Raiders	0 	0.0 	0 	0.0 	0.0 	0 	0.0 	0.0 	0.0 	0.0 	0.0 	-		San Francisco 49ers	Dallas Cowboys	0 	0.0 	0 	0.0 	0.0 	0 	0.0 	0.0 	0.0 	0.0 	0.0 	-		San Francisco 49ers	Minnesota Vikings	0 	0.0 	0 	0.0 	0.0 	0 	0.0 	0.0 	0.0 	0.0 	0.0 	-		San Francisco 49ers	Seattle Seahawks	0 	0.0 	0 	0.0 	0.0 	0 	0.0 	0.0 	0.0 	0.0 	0.0 	-		San Francisco 49ers	New York Giants	0 	0.0 	0 	0.0 	0.0 	0 	0.0 	0.0 	0.0 	0.0 	0.0 	-		San Francisco 49ers	Los Angeles Rams	0 	0.0 	0 	0.0 	0.0 	0 	0.0 	0.0 	0.0 	0.0 	0.0 	-		San Francisco 49ers	Los Angeles Chargers	0 	0.0 	0 	0.0 	0.0 	0 	0.0 	0.0 	0.0 	0.0 	0.0 	-		San Francisco 49ers	Kansas City Chiefs	0 	0.0 	0 	0.0 	0.0 	0 	0.0 	0.0 	0.0 	0.0 	0.0 	-		San Francisco 49ers	Philadelphia Eagles	0 	0.0 	0 	0.0 	0.0 	0 	0.0 	0.0 	0.0 	0.0 	0.0 	-		Actual	Actual	Actual	Forecast	Forecast	Forecast	Forecast	Forecast	Forecast	Forecast	Forecast	Forecast	Forecast	Forecast	Forecast	Forecast	Forecast		Injured	Injured	Injured	Injured	Injured	Injured	Injured	Injured	Injured	Injured	Injured	Injured	Injured	Injured	Injured	Injured	Injured		Week 4 2026	9/29/2026	8:41:33 PM	20		0%	0%	0%	0%	0%	0%		0.0 
	Jayden Higgins	Houston Texans	WR	WR105	0.0 	0 	0 	0.0 	0.0 	0.0 	0 	0.0 	0.0 	0.0 	0.0 	0.0 	0 	0.0 	0.0 	0.0 	0.0 	0.0 	0.0 	0.000 	1.000 	0.000 	(2)	0.000 	0.000 	265 	0 	(265)	106 	0 	(106)	0.000 																0.0 	0.0 	0.0 	0.0 	0.0 	0.0 	0.0 	0.0 	0.0 	0.0 	0.0 	0.0 	0.0 	0.0 	0.0 	0.0 	0.0 		-	-	-	-	-	-	-	-	-	-	-	-	-	-	-	-	-		WR106	0.0 	0.0 	0.0 	0.0 	0.0 	0.0 	0.0 	0.0 	106 	0.000 	1.000 	0.000 	(2)	0.000 	0.000 	264 	0.000 		0 														-	0.0 	0.0 	0.0 	0.0 	0.0 	0.0 	0.0 	0.0 	#N/A	0.000 	1.000 	#N/A	(1)	0.000 	0.000 	#N/A	#N/A		0.0 																	Houston Texans	Buffalo Bills	0 	0.0 	0 	0.0 	0.0 	0 	0.0 	0.0 	0.0 	0.0 	0.0 	-		Houston Texans	Cincinnati Bengals	0 	0.0 	0 	0.0 	0.0 	0 	0.0 	0.0 	0.0 	0.0 	0.0 	-		Houston Texans	Indianapolis Colts	0 	0.0 	0 	0.0 	0.0 	0 	0.0 	0.0 	0.0 	0.0 	0.0 	-		Houston Texans	Dallas Cowboys	0 	0.0 	0 	0.0 	0.0 	0 	0.0 	0.0 	0.0 	0.0 	0.0 	-		Houston Texans	Tennessee Titans	0 	0.0 	0 	0.0 	0.0 	0 	0.0 	0.0 	0.0 	0.0 	0.0 	-		Houston Texans	Jacksonville Jaguars	0 	0.0 	0 	0.0 	0.0 	0 	0.0 	0.0 	0.0 	0.0 	0.0 	-		Houston Texans	New York Giants	0 	0.0 	0 	0.0 	0.0 	0 	0.0 	0.0 	0.0 	0.0 	0.0 	-		Houston Texans	BYE	0 	0.0 	0 	0.0 	0.0 	0 	0.0 	0.0 	0.0 	0.0 	0.0 	-		Houston Texans	Los Angeles Chargers	0 	0.0 	0 	0.0 	0.0 	0 	0.0 	0.0 	0.0 	0.0 	0.0 	-		Houston Texans	Cleveland Browns	0 	0.0 	0 	0.0 	0.0 	0 	0.0 	0.0 	0.0 	0.0 	0.0 	-		Houston Texans	Indianapolis Colts	0 	0.0 	0 	0.0 	0.0 	0 	0.0 	0.0 	0.0 	0.0 	0.0 	-		Houston Texans	Baltimore Ravens	0 	0.0 	0 	0.0 	0.0 	0 	0.0 	0.0 	0.0 	0.0 	0.0 	-		Houston Texans	Pittsburgh Steelers	0 	0.0 	0 	0.0 	0.0 	0 	0.0 	0.0 	0.0 	0.0 	0.0 	-		Houston Texans	Washington Commanders	0 	0.0 	0 	0.0 	0.0 	0 	0.0 	0.0 	0.0 	0.0 	0.0 	-		Houston Texans	Jacksonville Jaguars	0 	0.0 	0 	0.0 	0.0 	0 	0.0 	0.0 	0.0 	0.0 	0.0 	-		Houston Texans	Philadelphia Eagles	0 	0.0 	0 	0.0 	0.0 	0 	0.0 	0.0 	0.0 	0.0 	0.0 	-		Houston Texans	Green Bay Packers	0 	0.0 	0 	0.0 	0.0 	0 	0.0 	0.0 	0.0 	0.0 	0.0 	-		Actual	Actual	Actual	Forecast	Forecast	Forecast	Forecast	Forecast	Forecast	Forecast	Forecast	Forecast	Forecast	Forecast	Forecast	Forecast	Forecast		Injured	Injured	Injured	Injured	Injured	Injured	Injured	Injured	Injured	Injured	Injured	Injured	Injured	Injured	Injured	Injured	Injured		Week 4 2026	9/29/2026	8:41:33 PM	20		0%	0%	0%	0%	0%	0%		0.0 