																																																				Actual	Actual	Actual	Actual	Forecast	Forecast	Forecast	Forecast	Forecast	Forecast	Forecast	Forecast	Forecast	Forecast	Forecast	Forecast	Forecast																																																																																																																																																																																																																																																																																																																																																																																																																															
									Pass TDs		Rush YDs		Rush TDs		Receptions		Rec Yards		Rec TD		Interceptions	Fumbles	Misc. TD																													19	20	21	22	23	24	25	26	27	28	29	30	31	32	33	34	35																																																																																											19	19	19	19	19	19	19	19	19	19	19	19	19				20	20	20	20	20	20	20	20	20	20	20	20	20				21	21	21	21	21	21	21	21	21	21	21	21	21				22	22	22	22	22	22	22	22	22	22	22	22	22				23	23	23	23	23	23	23	23	23	23	23	23	23				24	24	24	24	24	24	24	24	24	24	24	24	24				25	25	25	25	25	25	25	25	25	25	25	25	25				26	26	26	26	26	26	26	26	26	26	26	26	26				27	27	27	27	27	27	27	27	27	27	27	27	27				28	28	28	28	28	28	28	28	28	28	28	28	28				29	29	29	29	29	29	29	29	29	29	29	29	29				30	30	30	30	30	30	30	30	30	30	30	30	30				31	31	31	31	31	31	31	31	31	31	31	31	31				32	32	32	32	32	32	32	32	32	32	32	32	32				33	33	33	33	33	33	33	33	33	33	33	33	33				34	34	34	34	34	34	34	34	34	34	34	34	34				35	35	35	35	35	35	35	35	35	35	35	35	35																																																			Week 2 2026	Week 3 2026	Week 4 2026	Week 5 2026	Week 6 2026	
					Consolidated	Consolidated	Consolidated	Consolidated	Consolidated	Consolidated	Consolidated	Consolidated	Consolidated	Consolidated	Consolidated	Consolidated	Consolidated	Consolidated	Consolidated	Consolidated	Consolidated	Consolidated	Consolidated	Consolidated	Consolidated	Consolidated	Consolidated	Consolidated	Consolidated	Consolidated	Consolidated	Consolidated	Consolidated	Consolidated	Consolidated	Consolidated			Consolidated	Consolidated	Consolidated	Consolidated	Consolidated	Consolidated	Consolidated	Consolidated	Consolidated	Consolidated	Consolidated	Consolidated		Week 1 2026	Week 2 2026	Week 3 2026	Week 4 2026	Week 5 2026	Week 6 2026	Week 7 2026	Week 8 2026	Week 9 2026	Week 10 2026	Week 11 2026	Week 12 2026	Week 13 2026	Week 14 2026	Week 15 2026	Week 16 2026	Week 17 2026		Week 1 2026	Week 2 2026	Week 3 2026	Week 4 2026	Week 5 2026	Week 6 2026	Week 7 2026	Week 8 2026	Week 9 2026	Week 10 2026	Week 11 2026	Week 12 2026	Week 13 2026	Week 14 2026	Week 15 2026	Week 16 2026	Week 17 2026		Rest of Season	Rest of Season	Rest of Season	Rest of Season	Rest of Season	Rest of Season	Rest of Season	Rest of Season	Rest of Season	Rest of Season	Rest of Season	Rest of Season	Rest of Season	Rest of Season	Rest of Season	Rest of Season	Rest of Season	Rest of Season		Rest of Season	Rest of Season	Rest of Season	Rest of Season	Rest of Season	Rest of Season	Rest of Season	Rest of Season	Rest of Season	Rest of Season	Rest of Season	Rest of Season	Rest of Season		YTD	YTD	YTD	YTD	YTD	YTD	YTD	YTD	YTD	YTD	YTD	YTD	YTD	YTD	YTD	YTD	YTD	YTD		YTD	YTD	YTD	YTD	YTD	YTD	YTD	YTD	YTD	YTD	YTD	YTD	YTD						Week 1	Week 1 2026	Week 1 2026	Week 1 2026	Week 1 2026	Week 1 2026	Week 1 2026	Week 1 2026	Week 1 2026	Week 1 2026	Week 1 2026	Week 1 2026	Week 1 2026	Week 1 2026			Week 2	Week 2 2026	Week 2 2026	Week 2 2026	Week 2 2026	Week 2 2026	Week 2 2026	Week 2 2026	Week 2 2026	Week 2 2026	Week 2 2026	Week 2 2026	Week 2 2026	Week 2 2026			Week 3	Week 3 2026	Week 3 2026	Week 3 2026	Week 3 2026	Week 3 2026	Week 3 2026	Week 3 2026	Week 3 2026	Week 3 2026	Week 3 2026	Week 3 2026	Week 3 2026	Week 3 2026			Week 4	Week 4 2026	Week 4 2026	Week 4 2026	Week 4 2026	Week 4 2026	Week 4 2026	Week 4 2026	Week 4 2026	Week 4 2026	Week 4 2026	Week 4 2026	Week 4 2026	Week 4 2026			Week 5	Week 5 2026	Week 5 2026	Week 5 2026	Week 5 2026	Week 5 2026	Week 5 2026	Week 5 2026	Week 5 2026	Week 5 2026	Week 5 2026	Week 5 2026	Week 5 2026	Week 5 2026			Week 6	Week 6 2026	Week 6 2026	Week 6 2026	Week 6 2026	Week 6 2026	Week 6 2026	Week 6 2026	Week 6 2026	Week 6 2026	Week 6 2026	Week 6 2026	Week 6 2026	Week 6 2026			Week 7	Week 7 2026	Week 7 2026	Week 7 2026	Week 7 2026	Week 7 2026	Week 7 2026	Week 7 2026	Week 7 2026	Week 7 2026	Week 7 2026	Week 7 2026	Week 7 2026	Week 7 2026			Week 8	Week 8 2026	Week 8 2026	Week 8 2026	Week 8 2026	Week 8 2026	Week 8 2026	Week 8 2026	Week 8 2026	Week 8 2026	Week 8 2026	Week 8 2026	Week 8 2026	Week 8 2026			Week 9	Week 9 2026	Week 9 2026	Week 9 2026	Week 9 2026	Week 9 2026	Week 9 2026	Week 9 2026	Week 9 2026	Week 9 2026	Week 9 2026	Week 9 2026	Week 9 2026	Week 9 2026			Week 10	Week 10 2026	Week 10 2026	Week 10 2026	Week 10 2026	Week 10 2026	Week 10 2026	Week 10 2026	Week 10 2026	Week 10 2026	Week 10 2026	Week 10 2026	Week 10 2026	Week 10 2026			Week 11	Week 11 2026	Week 11 2026	Week 11 2026	Week 11 2026	Week 11 2026	Week 11 2026	Week 11 2026	Week 11 2026	Week 11 2026	Week 11 2026	Week 11 2026	Week 11 2026	Week 11 2026			Week 12	Week 12 2026	Week 12 2026	Week 12 2026	Week 12 2026	Week 12 2026	Week 12 2026	Week 12 2026	Week 12 2026	Week 12 2026	Week 12 2026	Week 12 2026	Week 12 2026	Week 12 2026			Week 13	Week 13 2026	Week 13 2026	Week 13 2026	Week 13 2026	Week 13 2026	Week 13 2026	Week 13 2026	Week 13 2026	Week 13 2026	Week 13 2026	Week 13 2026	Week 13 2026	Week 13 2026			Week 14	Week 14 2026	Week 14 2026	Week 14 2026	Week 14 2026	Week 14 2026	Week 14 2026	Week 14 2026	Week 14 2026	Week 14 2026	Week 14 2026	Week 14 2026	Week 14 2026	Week 14 2026			Week 15	Week 15 2026	Week 15 2026	Week 15 2026	Week 15 2026	Week 15 2026	Week 15 2026	Week 15 2026	Week 15 2026	Week 15 2026	Week 15 2026	Week 15 2026	Week 15 2026	Week 15 2026			Week 16	Week 16 2026	Week 16 2026	Week 16 2026	Week 16 2026	Week 16 2026	Week 16 2026	Week 16 2026	Week 16 2026	Week 16 2026	Week 16 2026	Week 16 2026	Week 16 2026	Week 16 2026			Week 17	Week 17 2026	Week 17 2026	Week 17 2026	Week 17 2026	Week 17 2026	Week 17 2026	Week 17 2026	Week 17 2026	Week 17 2026	Week 17 2026	Week 17 2026	Week 17 2026	Week 17 2026		Week 1 2026	Week 2 2026	Week 3 2026	Week 4 2026	Week 5 2026	Week 6 2026	Week 7 2026	Week 8 2026	Week 9 2026	Week 10 2026	Week 11 2026	Week 12 2026	Week 13 2026	Week 14 2026	Week 15 2026	Week 16 2026	Week 17 2026		Week 1 2026	Week 2 2026	Week 3 2026	Week 4 2026	Week 5 2026	Week 6 2026	Week 7 2026	Week 8 2026	Week 9 2026	Week 10 2026	Week 11 2026	Week 12 2026	Week 13 2026	Week 14 2026	Week 15 2026	Week 16 2026	Week 17 2026															20 	21 	22 	23 	24 	
	Player	Team	Position	Consolidated Rank	Cons PPG	Season	Pass Yds	Cons Pass YPG	Cons Pass TDs	Cons Pass TDs per Game	Rush Yds	Cons Rush YPG	Cons Rush TDs	Cons Rush TDs per Game	Receptions	Cons Rec PG	Cons Rec Yards	Cons Rec YPG	Cons Rec TD	Cons Rec TDs per Game	Interceptions	Fumbles	Misc. TD	EPS	Pos_Scarcity	Adj_Pos_Scar	z_Score	Pos_Value	PPG Index	Cons Overall Rank	Overall ADP	Delta to ADP	Pos. Rank Pts	Pos. ADP	Delta to Pos. ADP	Cons G-RANK			QB Ranks	Season	Rank	RB Ranks	Season	Rank	WR Ranks	Season	Rank	TE Ranks	Season	Rank		Week 1 2026 Pts	Week 2 2026 Pts	Week 3 2026 Pts	Week 4 2026 Pts	Week 5 2026 Pts	Week 6 2026 Pts	Week 7 2026 Pts	Week 8 2026 Pts	Week 9 2026 Pts	Week 10 2026 Pts	Week 11 2026 Pts	Week 12 2026 Pts	Week 13 2026 Pts	Week 14 2026 Pts	Week 15 2026 Pts	Week 16 2026 Pts	Week 17 2026 Pts		Week 1 2026 Rank	Week 2 2026 Rank	Week 3 2026 Rank	Week 4 2026 Rank	Week 5 2026 Rank	Week 6 2026 Rank	Week 7 2026 Rank	Week 8 2026 Rank	Week 9 2026 Rank	Week 10 2026 Rank	Week 11 2026 Rank	Week 12 2026 Rank	Week 13 2026 Rank	Week 14 2026 Rank	Week 15 2026 Rank	Week 16 2026 Rank	Week 17 2026 Rank		RoS Rank	RoS PPG	RoS Pass YPG	RoS Pass TDs per Game	RoS Rush YPG	RoS Rush TDs	RoS Rec PG	RoS Rec YPG	RoS Rec TD	Pos. Rank Pts	EPS	Pos_Scarcity	Adj_Pos_Scar	z_Score	Pos_Value	PPG Index	RoS Overall Rank	RoS G-RANK		Total Points	QB Ranks	Season	Rank	RB Ranks	Season	Rank	WR Ranks	Season	Rank	TE Ranks	Season	Rank		YTD Rank	YTD PPG	YTD Pass YPG	YTD Pass TDs per Game	YTD Rush YPG	YTD Rush TDs	YTD Rec PG	YTD Rec YPG	YTD Rec TD	Pos Rank	EPS	Pos_Scarcity	Adj_Pos_Scar	z_Score	Pos_Value	Upside Index	YTD Overall Rank	YTD G-RANK		YTD Total Points	QB Ranks	Season	Rank	RB Ranks	Season	Rank	WR Ranks	Season	Rank	TE Ranks	Season	Rank					Week 1 2026 Team	Week 1 2026 Opp	Pass Yds	Pass TDs	Rush Yds	Rush TDs	Receptions	Rec Yards	Rec TD	Interceptions	Fumbles	Misc. TD	2Pt.	Fantasy Pts.	Rank		Week 2 2026 Team	Week 2 2026 Opp	Pass Yds	Pass TDs	Rush Yds	Rush TDs	Receptions	Rec Yards	Rec TD	Interceptions	Fumbles	Misc. TD	2Pt.	Fantasy Pts.	Rank		Week 3 2026 Team	Week 3 2026 Opp	Pass Yds	Pass TDs	Rush Yds	Rush TDs	Receptions	Rec Yards	Rec TD	Interceptions	Fumbles	Misc. TD	2Pt.	Fantasy Pts.	Rank		Week 4 2026 Team	Week 4 2026 Opp	Pass Yds	Pass TDs	Rush Yds	Rush TDs	Receptions	Rec Yards	Rec TD	Interceptions	Fumbles	Misc. TD	2Pt.	Fantasy Pts.	Rank		Week 5 2026 Team	Week 5 2026 Opp	Pass Yds	Pass TDs	Rush Yds	Rush TDs	Receptions	Rec Yards	Rec TD	Interceptions	Fumbles	Misc. TD	2Pt.	Fantasy Pts.	Rank		Week 6 2026 Team	Week 6 2026 Opp	Pass Yds	Pass TDs	Rush Yds	Rush TDs	Receptions	Rec Yards	Rec TD	Interceptions	Fumbles	Misc. TD	2Pt.	Fantasy Pts.	Rank		Week 7 2026 Team	Week 7 2026 Opp	Pass Yds	Pass TDs	Rush Yds	Rush TDs	Receptions	Rec Yards	Rec TD	Interceptions	Fumbles	Misc. TD	2Pt.	Fantasy Pts.	Rank		Week 8 2026 Team	Week 8 2026 Opp	Pass Yds	Pass TDs	Rush Yds	Rush TDs	Receptions	Rec Yards	Rec TD	Interceptions	Fumbles	Misc. TD	2Pt.	Fantasy Pts.	Rank		Week 9 2026 Team	Week 9 2026 Opp	Pass Yds	Pass TDs	Rush Yds	Rush TDs	Receptions	Rec Yards	Rec TD	Interceptions	Fumbles	Misc. TD	2Pt.	Fantasy Pts.	Rank		Week 10 2026 Team	Week 10 2026 Opp	Pass Yds	Pass TDs	Rush Yds	Rush TDs	Receptions	Rec Yards	Rec TD	Interceptions	Fumbles	Misc. TD	2Pt.	Fantasy Pts.	Rank		Week 11 2026 Team	Week 11 2026 Opp	Pass Yds	Pass TDs	Rush Yds	Rush TDs	Receptions	Rec Yards	Rec TD	Interceptions	Fumbles	Misc. TD	2Pt.	Fantasy Pts.	Rank		Week 12 2026 Team	Week 12 2026 Opp	Pass Yds	Pass TDs	Rush Yds	Rush TDs	Receptions	Rec Yards	Rec TD	Interceptions	Fumbles	Misc. TD	2Pt.	Fantasy Pts.	Rank		Week 13 2026 Team	Week 13 2026 Opp	Pass Yds	Pass TDs	Rush Yds	Rush TDs	Receptions	Rec Yards	Rec TD	Interceptions	Fumbles	Misc. TD	2Pt.	Fantasy Pts.	Rank		Week 14 2026 Team	Week 14 2026 Opp	Pass Yds	Pass TDs	Rush Yds	Rush TDs	Receptions	Rec Yards	Rec TD	Interceptions	Fumbles	Misc. TD	2Pt.	Fantasy Pts.	Rank		Week 15 2026 Team	Week 15 2026 Opp	Pass Yds	Pass TDs	Rush Yds	Rush TDs	Receptions	Rec Yards	Rec TD	Interceptions	Fumbles	Misc. TD	2Pt.	Fantasy Pts.	Rank		Week 16 2026 Team	Week 16 2026 Opp	Pass Yds	Pass TDs	Rush Yds	Rush TDs	Receptions	Rec Yards	Rec TD	Interceptions	Fumbles	Misc. TD	2Pt.	Fantasy Pts.	Rank		Week 17 2026 Team	Week 17 2026 Opp	Pass Yds	Pass TDs	Rush Yds	Rush TDs	Receptions	Rec Yards	Rec TD	Interceptions	Fumbles	Misc. TD	2Pt.	Fantasy Pts.	Rank		Week 1 2026 Type	Week 2 2026 Type	Week 3 2026 Type	Week 4 2026 Type	Week 5 2026 Type	Week 6 2026 Type	Week 7 2026 Type	Week 8 2026 Type	Week 9 2026 Type	Week 10 2026 Type	Week 11 2026 Type	Week 12 2026 Type	Week 13 2026 Type	Week 14 2026 Type	Week 15 2026 Type	Week 16 2026 Type	Week 17 2026 Type		Week 1 2026 Health	Week 2 2026 Health	Week 3 2026 Health	Week 4 2026 Health	Week 5 2026 Health	Week 6 2026 Health	Week 7 2026 Health	Week 8 2026 Health	Week 9 2026 Health	Week 10 2026 Health	Week 11 2026 Health	Week 12 2026 Health	Week 13 2026 Health	Week 14 2026 Health	Week 15 2026 Health	Week 16 2026 Health	Week 17 2026 Health		Active Week for Projections	Today		Hour		Proj. Receiving Yards Share	Proj. Receiving TD Share	Proj. Rush Yards Share	Proj. Rush TD Share	Proj. Pass Yards Share	Proj. Pass TD Share		YtD / RoS Delta (G-RANK)	2 Weeks Ago Injury?	1 Week Ago Injury?	This Week Injury?	Next Week Injury?	Following Week Injury?	Trade For / Trade Away
	Jahmyr Gibbs	Detroit Lions	RB	RB1	24.7 	395 	0 	0.0 	0.0 	0.0 	1,387 	86.7 	13.5 	0.8 	80.5 	5.0 	673 	42.0 	6.0 	0.4 	0.0 	4.3 	0.0 	1.000 	1.000 	0.990 	3 	1.000 	0.000 	1 	1 	0 	1 	1 	0 	0.996 			Josh Allen	0.711 	QB1	Jahmyr Gibbs	0.996 	RB1	Jaxon Smith-Njigba	0.992 	WR1	Brock Bowers	0.764 	TE1		33.6 	23.3 	41.4 	17.7 	25.0 	0.0 	23.0 	23.2 	24.1 	22.3 	23.7 	23.5 	22.9 	24.4 	21.9 	23.8 	21.5 		RB3	RB3	RB1	RB17	RB1	-	RB1	RB1	RB1	RB2	RB1	RB1	RB1	RB1	RB2	RB1	RB2		RB1	23.3 	0.0 	0.0 	86.2 	0.7 	4.9 	40.5 	0.3 	1 	1.000 	1.000 	0.990 	3 	1.000 	0.000 	1 	0.996 		279 	Josh Allen	0.711 	QB1	Jahmyr Gibbs	0.996 	RB1	Jaxon Smith-Njigba	0.990 	WR1	Brock Bowers	0.781 	TE1		RB1	29.0 	0.0 	0.0 	258.5 	2.1 	14.6 	121.4 	1.0 	1 	0.994 	1.000 	0.990 	3 	1.000 	0.000 	#N/A	0.995 		116.0 	Josh Allen	112 	QB1	Jahmyr Gibbs	116 	RB1	Jaxon Smith-Njigba	117 	WR1	Brock Bowers	48 	TE9					Detroit Lions	New Orleans Saints	0 	0.0 	156 	2.0 	5.0 	30 	0.0 	0.0 	1.0 	0.0 	0.0 	33.6 	RB3		Detroit Lions	Buffalo Bills	0 	0.0 	52 	0.0 	6.0 	61 	1.0 	0.0 	0.0 	0.0 	0.0 	23.3 	RB3		Detroit Lions	New York Jets	0 	0.0 	99 	2.0 	7.0 	65 	1.0 	0.0 	0.0 	0.0 	0.0 	41.4 	RB1		Detroit Lions	Carolina Panthers	0 	0.0 	46 	1.0 	4.0 	31 	0.0 	0.0 	0.0 	0.0 	0.0 	17.7 	RB17		Detroit Lions	Arizona Cardinals	0 	0.0 	92 	0.8 	5.1 	42 	0.4 	0.0 	0.3 	0.0 	0.0 	25.0 	RB1		Detroit Lions	BYE	0 	0.0 	0 	0.0 	0.0 	0 	0.0 	0.0 	0.0 	0.0 	0.0 	0.0 	-		Detroit Lions	Green Bay Packers	0 	0.0 	84 	0.7 	4.9 	41 	0.3 	0.0 	0.3 	0.0 	0.0 	23.0 	RB1		Detroit Lions	Minnesota Vikings	0 	0.0 	87 	0.7 	4.8 	40 	0.3 	0.0 	0.3 	0.0 	0.0 	23.2 	RB1		Detroit Lions	Miami Dolphins	0 	0.0 	93 	0.8 	4.8 	40 	0.3 	0.0 	0.3 	0.0 	0.0 	24.1 	RB1		Detroit Lions	New England Patriots	0 	0.0 	82 	0.7 	4.8 	40 	0.3 	0.0 	0.3 	0.0 	0.0 	22.3 	RB2		Detroit Lions	Tampa Bay Buccaneers	0 	0.0 	89 	0.7 	4.9 	40 	0.3 	0.0 	0.3 	0.0 	0.0 	23.7 	RB1		Detroit Lions	Chicago Bears	0 	0.0 	85 	0.7 	5.0 	42 	0.4 	0.0 	0.3 	0.0 	0.0 	23.5 	RB1		Detroit Lions	Atlanta Falcons	0 	0.0 	83 	0.7 	4.9 	41 	0.3 	0.0 	0.2 	0.0 	0.0 	22.9 	RB1		Detroit Lions	Tennessee Titans	0 	0.0 	94 	0.8 	4.8 	40 	0.3 	0.0 	0.2 	0.0 	0.0 	24.4 	RB1		Detroit Lions	Minnesota Vikings	0 	0.0 	80 	0.6 	4.8 	39 	0.3 	0.0 	0.2 	0.0 	0.0 	21.9 	RB2		Detroit Lions	New York Giants	0 	0.0 	89 	0.7 	4.9 	40 	0.3 	0.0 	0.2 	0.0 	0.0 	23.8 	RB1		Detroit Lions	Chicago Bears	0 	0.0 	76 	0.6 	4.9 	40 	0.3 	0.0 	0.2 	0.0 	0.0 	21.5 	RB2		Actual	Actual	Actual	Actual	Forecast	Forecast	Forecast	Forecast	Forecast	Forecast	Forecast	Forecast	Forecast	Forecast	Forecast	Forecast	Forecast		Healthy	Healthy	Healthy	Healthy	Healthy	Healthy	Healthy	Healthy	Healthy	Healthy	Healthy	Healthy	Healthy	Healthy	Healthy	Healthy	Healthy		Week 5 2026	10/8/2026	8:57:03 PM	20		16%	18%	78%	76%	0%	0%		0.0 	0	0	0	0	0	0.000849 
	Jaxon Smith-Njigba	Seattle Seahawks	WR	WR1	24.1 	385 	14 	0.9 	0.0 	0.0 	13 	0.8 	0.1 	0.0 	116.4 	7.3 	1,731 	108.2 	15.6 	1.0 	0.0 	0.3 	0.0 	0.975 	1.000 	0.990 	3 	1.000 	0.000 	2 	6 	4 	1 	3 	2 	0.992 			Brock Purdy	0.538 	QB2	Bijan Robinson	0.949 	RB2	CeeDee Lamb	0.926 	WR2	Trey McBride	0.731 	TE2		26.2 	42.5 	35.4 	12.6 	22.6 	21.4 	22.5 	22.8 	23.4 	22.0 	0.0 	22.3 	23.1 	22.6 	21.3 	22.6 	21.9 		WR6	WR1	WR1	WR29	WR1	WR1	WR1	WR1	WR1	WR1	-	WR1	WR1	WR1	WR1	WR1	WR2		WR1	22.4 	0.0 	0.0 	1.1 	0.0 	7.0 	104.1 	0.8 	1 	0.962 	1.000 	0.990 	3 	1.000 	0.000 	2 	0.990 		268 	Brock Purdy	0.502 	QB5	Bijan Robinson	0.960 	RB2	CeeDee Lamb	0.905 	WR3	Trey McBride	0.774 	TE2		WR1	29.2 	0.0 	0.0 	3.4 	0.0 	21.1 	312.4 	2.4 	1 	1.000 	1.000 	0.990 	4 	1.000 	0.000 	#N/A	0.996 		116.7 	Brock Purdy	100 	QB2	Bijan Robinson	105 	RB3	CeeDee Lamb	112 	WR2	Trey McBride	69 	TE1					Seattle Seahawks	New England Patriots	0 	0.0 	0 	0.0 	8.0 	122 	1.0 	0.0 	0.0 	0.0 	0.0 	26.2 	WR6		Seattle Seahawks	Arizona Cardinals	0 	0.0 	0 	0.0 	9.0 	155 	3.0 	0.0 	0.0 	0.0 	0.0 	42.5 	WR1		Seattle Seahawks	Washington Commanders	14 	0.0 	0 	0.0 	10.0 	128 	2.0 	0.0 	0.0 	0.0 	0.0 	35.4 	WR1		Seattle Seahawks	Los Angeles Chargers	0 	0.0 	0 	0.0 	5.0 	76 	0.0 	0.0 	0.0 	0.0 	0.0 	12.6 	WR29		Seattle Seahawks	San Francisco 49ers	0 	0.0 	1 	0.0 	7.1 	105 	0.8 	0.0 	0.0 	0.0 	0.0 	22.6 	WR1		Seattle Seahawks	Denver Broncos	0 	0.0 	1 	0.0 	6.8 	101 	0.7 	0.0 	0.0 	0.0 	0.0 	21.4 	WR1		Seattle Seahawks	Kansas City Chiefs	0 	0.0 	1 	0.0 	7.1 	105 	0.8 	0.0 	0.0 	0.0 	0.0 	22.5 	WR1		Seattle Seahawks	Chicago Bears	0 	0.0 	1 	0.0 	7.1 	106 	0.8 	0.0 	0.0 	0.0 	0.0 	22.8 	WR1		Seattle Seahawks	Arizona Cardinals	0 	0.0 	1 	0.0 	7.2 	106 	0.9 	0.0 	0.0 	0.0 	0.0 	23.4 	WR1		Seattle Seahawks	Las Vegas Raiders	0 	0.0 	1 	0.0 	6.9 	102 	0.8 	0.0 	0.0 	0.0 	0.0 	22.0 	WR1		Seattle Seahawks	BYE	0 	0.0 	0 	0.0 	0.0 	0 	0.0 	0.0 	0.0 	0.0 	0.0 	0.0 	-		Seattle Seahawks	San Francisco 49ers	0 	0.0 	1 	0.0 	7.1 	105 	0.8 	0.0 	0.0 	0.0 	0.0 	22.3 	WR1		Seattle Seahawks	Dallas Cowboys	0 	0.0 	1 	0.0 	7.2 	106 	0.9 	0.0 	0.0 	0.0 	0.0 	23.1 	WR1		Seattle Seahawks	New York Giants	0 	0.0 	1 	0.0 	7.0 	104 	0.8 	0.0 	0.0 	0.0 	0.0 	22.6 	WR1		Seattle Seahawks	Philadelphia Eagles	0 	0.0 	1 	0.0 	6.9 	102 	0.7 	0.0 	0.0 	0.0 	0.0 	21.3 	WR1		Seattle Seahawks	Los Angeles Rams	0 	0.0 	1 	0.0 	7.1 	105 	0.8 	0.0 	0.0 	0.0 	0.0 	22.6 	WR1		Seattle Seahawks	Carolina Panthers	0 	0.0 	1 	0.0 	6.9 	102 	0.8 	0.0 	0.0 	0.0 	0.0 	21.9 	WR2		Actual	Actual	Actual	Actual	Forecast	Forecast	Forecast	Forecast	Forecast	Forecast	Forecast	Forecast	Forecast	Forecast	Forecast	Forecast	Forecast		Healthy	Healthy	Healthy	Healthy	Healthy	Healthy	Healthy	Healthy	Healthy	Healthy	Healthy	Healthy	Healthy	Healthy	Healthy	Healthy	Healthy		Week 5 2026	10/8/2026	8:57:03 PM	20		43%	46%	1%	1%	0%	0%		(0.0)	0	0	0	0	0	(0.005738)
	Bijan Robinson	Atlanta Falcons	RB	RB2	23.3 	373 	0 	0.0 	0.0 	0.0 	1,676 	104.7 	12.1 	0.8 	60.4 	3.8 	547 	34.2 	3.9 	0.2 	0.0 	2.7 	0.0 	0.945 	1.000 	0.979 	3 	0.916 	0.000 	3 	2 	(1)	2 	2 	0 	0.949 			Joe Burrow	0.515 	QB3	Kenneth Walker III	0.889 	RB3	Amon-Ra St. Brown	0.860 	WR3	George Kittle	0.549 	TE3		31.3 	11.1 	35.3 	27.7 	23.8 	23.2 	22.1 	21.9 	22.1 	21.6 	0.0 	21.0 	22.7 	21.3 	22.1 	22.7 	23.5 		RB6	RB20	RB2	RB5	RB2	RB1	RB2	RB2	RB2	RB3	-	RB3	RB2	RB2	RB1	RB2	RB1		RB2	22.3 	0.0 	0.0 	98.5 	0.7 	3.9 	35.5 	0.2 	2 	0.960 	1.000 	0.979 	2 	0.938 	0.000 	3 	0.960 		268 	Joe Burrow	0.583 	QB2	Kenneth Walker III	0.858 	RB4	Amon-Ra St. Brown	0.867 	WR5	George Kittle	0.535 	TE4		RB3	26.4 	0.0 	0.0 	295.5 	2.0 	11.6 	106.6 	0.7 	3 	0.903 	1.000 	0.968 	3 	0.873 	0.000 	#N/A	0.920 		105.4 	Joe Burrow	77 	QB10	Kenneth Walker III	110 	RB2	Amon-Ra St. Brown	91 	WR3	George Kittle	64 	TE2					Atlanta Falcons	Pittsburgh Steelers	0 	0.0 	83 	0.0 	8.0 	90 	1.0 	0.0 	0.0 	0.0 	0.0 	31.3 	RB6		Atlanta Falcons	Carolina Panthers	0 	0.0 	72 	0.0 	3.0 	9 	0.0 	0.0 	0.0 	0.0 	0.0 	11.1 	RB20		Atlanta Falcons	Green Bay Packers	0 	0.0 	194 	2.0 	2.0 	19 	0.0 	0.0 	0.0 	0.0 	0.0 	35.3 	RB2		Atlanta Falcons	New Orleans Saints	0 	0.0 	145 	2.0 	1.0 	2 	0.0 	0.0 	0.0 	0.0 	0.0 	27.7 	RB5		Atlanta Falcons	Baltimore Ravens	0 	0.0 	107 	0.8 	3.8 	35 	0.3 	0.0 	0.2 	0.0 	0.0 	23.8 	RB2		Atlanta Falcons	Chicago Bears	0 	0.0 	103 	0.7 	3.9 	36 	0.3 	0.0 	0.2 	0.0 	0.0 	23.2 	RB1		Atlanta Falcons	San Francisco 49ers	0 	0.0 	96 	0.7 	3.9 	36 	0.2 	0.0 	0.2 	0.0 	0.0 	22.1 	RB2		Atlanta Falcons	Tampa Bay Buccaneers	0 	0.0 	96 	0.6 	3.9 	36 	0.2 	0.0 	0.2 	0.0 	0.0 	21.9 	RB2		Atlanta Falcons	Cincinnati Bengals	0 	0.0 	94 	0.7 	4.0 	37 	0.3 	0.0 	0.2 	0.0 	0.0 	22.1 	RB2		Atlanta Falcons	Kansas City Chiefs	0 	0.0 	95 	0.6 	3.8 	35 	0.2 	0.0 	0.2 	0.0 	0.0 	21.6 	RB3		Atlanta Falcons	BYE	0 	0.0 	0 	0.0 	0.0 	0 	0.0 	0.0 	0.0 	0.0 	0.0 	0.0 	-		Atlanta Falcons	Minnesota Vikings	0 	0.0 	93 	0.6 	3.8 	35 	0.2 	0.0 	0.2 	0.0 	0.0 	21.0 	RB3		Atlanta Falcons	Detroit Lions	0 	0.0 	98 	0.7 	4.0 	37 	0.3 	0.0 	0.2 	0.0 	0.0 	22.7 	RB2		Atlanta Falcons	Cleveland Browns	0 	0.0 	97 	0.6 	3.7 	34 	0.2 	0.0 	0.2 	0.0 	0.0 	21.3 	RB2		Atlanta Falcons	Washington Commanders	0 	0.0 	96 	0.7 	3.9 	36 	0.2 	0.0 	0.2 	0.0 	0.0 	22.1 	RB1		Atlanta Falcons	Tampa Bay Buccaneers	0 	0.0 	101 	0.7 	3.8 	35 	0.2 	0.0 	0.2 	0.0 	0.0 	22.7 	RB2		Atlanta Falcons	New Orleans Saints	0 	0.0 	106 	0.8 	3.8 	35 	0.2 	0.0 	0.2 	0.0 	0.0 	23.5 	RB1		Actual	Actual	Actual	Actual	Forecast	Forecast	Forecast	Forecast	Forecast	Forecast	Forecast	Forecast	Forecast	Forecast	Forecast	Forecast	Forecast		Healthy	Healthy	Healthy	Healthy	Healthy	Healthy	Healthy	Healthy	Healthy	Healthy	Healthy	Healthy	Healthy	Healthy	Healthy	Healthy	Healthy		Week 5 2026	10/8/2026	8:57:03 PM	20		18%	19%	71%	67%	0%	0%		0.0 	0	0	0	0	0	0.039682 
	CeeDee Lamb	Dallas Cowboys	WR	WR2	22.2 	355 	0 	0.0 	0.0 	0.0 	(6)	(0.4)	0.0 	0.0 	117.3 	7.3 	1,638 	102.4 	12.2 	0.8 	0.0 	0.2 	0.0 	0.898 	1.000 	0.980 	3 	0.877 	0.000 	4 	10 	6 	2 	5 	3 	0.926 			Lamar Jackson	0.461 	QB6	Jonathan Taylor	0.867 	RB4	Ja'Marr Chase	0.838 	WR4	Sam LaPorta	0.495 	TE5		15.4 	35.3 	20.2 	41.3 	19.8 	20.5 	19.4 	20.2 	20.8 	20.8 	20.1 	20.1 	19.5 	0.0 	20.4 	20.9 	20.3 		WR20	WR3	WR11	WR2	WR4	WR2	WR4	WR3	WR3	WR3	WR2	WR3	WR4	-	WR3	WR3	WR3		WR3	20.2 	0.0 	0.0 	0.0 	0.0 	6.7 	95.0 	0.7 	3 	0.870 	1.000 	0.970 	2 	0.844 	0.000 	6 	0.905 		243 	Lamar Jackson	0.508 	QB4	Jonathan Taylor	0.905 	RB3	Ja'Marr Chase	0.947 	WR2	Sam LaPorta	0.494 	TE6		WR2	28.1 	0.0 	0.0 	0.0 	0.0 	20.1 	285.0 	2.0 	2 	0.962 	1.000 	0.980 	3 	0.947 	0.000 	#N/A	0.964 		112.2 	Lamar Jackson	79 	QB8	Jonathan Taylor	86 	RB6	Ja'Marr Chase	60 	WR11	Sam LaPorta	57 	TE4					Dallas Cowboys	New York Giants	0 	0.0 	0 	0.0 	5.0 	44 	1.0 	0.0 	0.0 	0.0 	0.0 	15.4 	WR20		Dallas Cowboys	Washington Commanders	0 	0.0 	0 	0.0 	8.0 	153 	2.0 	0.0 	0.0 	0.0 	0.0 	35.3 	WR3		Dallas Cowboys	Baltimore Ravens	0 	0.0 	0 	0.0 	7.0 	112 	0.0 	0.0 	0.0 	0.0 	1.0 	20.2 	WR11		Dallas Cowboys	Houston Texans	0 	0.0 	(6)	0.0 	17.0 	189 	1.0 	0.0 	0.0 	0.0 	0.0 	41.3 	WR2		Dallas Cowboys	Tampa Bay Buccaneers	0 	0.0 	0 	0.0 	6.5 	92 	0.7 	0.0 	0.0 	0.0 	0.0 	19.8 	WR4		Dallas Cowboys	Green Bay Packers	0 	0.0 	0 	0.0 	6.8 	96 	0.7 	0.0 	0.0 	0.0 	0.0 	20.5 	WR2		Dallas Cowboys	Philadelphia Eagles	0 	0.0 	0 	0.0 	6.5 	93 	0.6 	0.0 	0.0 	0.0 	0.0 	19.4 	WR4		Dallas Cowboys	Arizona Cardinals	0 	0.0 	0 	0.0 	6.6 	94 	0.7 	0.0 	0.0 	0.0 	0.0 	20.2 	WR3		Dallas Cowboys	Indianapolis Colts	0 	0.0 	0 	0.0 	6.8 	97 	0.7 	0.0 	0.0 	0.0 	0.0 	20.8 	WR3		Dallas Cowboys	San Francisco 49ers	0 	0.0 	0 	0.0 	6.8 	97 	0.7 	0.0 	0.0 	0.0 	0.0 	20.8 	WR3		Dallas Cowboys	Tennessee Titans	0 	0.0 	0 	0.0 	6.6 	94 	0.7 	0.0 	0.0 	0.0 	0.0 	20.1 	WR2		Dallas Cowboys	Philadelphia Eagles	0 	0.0 	0 	0.0 	6.7 	95 	0.7 	0.0 	0.0 	0.0 	0.0 	20.1 	WR3		Dallas Cowboys	Seattle Seahawks	0 	0.0 	0 	0.0 	6.6 	93 	0.6 	0.0 	0.0 	0.0 	0.0 	19.5 	WR4		Dallas Cowboys	BYE	0 	0.0 	0 	0.0 	0.0 	0 	0.0 	0.0 	0.0 	0.0 	0.0 	0.0 	-		Dallas Cowboys	Los Angeles Rams	0 	0.0 	0 	0.0 	6.8 	97 	0.7 	0.0 	0.0 	0.0 	0.0 	20.4 	WR3		Dallas Cowboys	Jacksonville Jaguars	0 	0.0 	0 	0.0 	6.9 	97 	0.7 	0.0 	0.0 	0.0 	0.0 	20.9 	WR3		Dallas Cowboys	New York Giants	0 	0.0 	0 	0.0 	6.7 	95 	0.7 	0.0 	0.0 	0.0 	0.0 	20.3 	WR3		Actual	Actual	Actual	Actual	Forecast	Forecast	Forecast	Forecast	Forecast	Forecast	Forecast	Forecast	Forecast	Forecast	Forecast	Forecast	Forecast		Healthy	Healthy	Healthy	Healthy	Healthy	Healthy	Healthy	Healthy	Healthy	Healthy	Healthy	Healthy	Healthy	Healthy	Healthy	Healthy	Healthy		Week 5 2026	10/8/2026	8:57:03 PM	20		37%	38%	0%	0%	0%	0%		(0.1)	0	0	0	0	0	(0.059281)
	Kenneth Walker III	Kansas City Chiefs	RB	RB3	21.6 	345 	0 	0.0 	0.0 	0.0 	1,655 	103.4 	11.9 	0.7 	51.8 	3.2 	387 	24.2 	3.8 	0.2 	0.0 	2.5 	0.0 	0.873 	1.000 	0.968 	2 	0.805 	0.000 	5 	18 	13 	3 	11 	8 	0.889 			Dak Prescott	0.480 	QB4	Derrick Henry	0.761 	RB7	Puka Nacua	0.810 	WR6	Tyler Warren	0.520 	TE4		34.1 	23.8 	21.3 	30.9 	0.0 	21.4 	18.0 	17.9 	21.2 	20.3 	22.4 	19.2 	17.8 	19.0 	19.5 	19.9 	18.3 		RB2	RB2	RB7	RB3	-	RB3	RB5	RB6	RB4	RB4	RB2	RB4	RB4	RB3	RB4	RB4	RB5		RB4	19.6 	0.0 	0.0 	93.2 	0.7 	3.3 	25.2 	0.2 	4 	0.842 	1.000 	0.957 	2 	0.753 	0.000 	9 	0.858 		235 	Dak Prescott	0.518 	QB3	Derrick Henry	0.737 	RB8	Puka Nacua	0.876 	WR4	Tyler Warren	0.573 	TE3		RB2	27.5 	0.0 	0.0 	279.5 	2.0 	10.0 	75.7 	0.5 	2 	0.944 	1.000 	0.979 	3 	0.929 	0.000 	#N/A	0.954 		110.1 	Dak Prescott	81 	QB7	Derrick Henry	91 	RB4	Puka Nacua	40 	WR38	Tyler Warren	49 	TE8					Kansas City Chiefs	Denver Broncos	0 	0.0 	173 	1.0 	3.0 	18 	1.0 	0.0 	0.0 	0.0 	0.0 	34.1 	RB2		Kansas City Chiefs	Indianapolis Colts	0 	0.0 	117 	0.0 	6.0 	61 	0.0 	0.0 	0.0 	0.0 	0.0 	23.8 	RB2		Kansas City Chiefs	Miami Dolphins	0 	0.0 	70 	1.0 	2.0 	3 	1.0 	0.0 	0.0 	0.0 	0.0 	21.3 	RB7		Kansas City Chiefs	Las Vegas Raiders	0 	0.0 	177 	2.0 	1.0 	2 	0.0 	0.0 	0.0 	0.0 	0.0 	30.9 	RB3		Kansas City Chiefs	BYE	0 	0.0 	0 	0.0 	0.0 	0 	0.0 	0.0 	0.0 	0.0 	0.0 	0.0 	-		Kansas City Chiefs	Los Angeles Chargers	0 	0.0 	104 	0.8 	3.3 	25 	0.2 	0.0 	0.2 	0.0 	0.0 	21.4 	RB3		Kansas City Chiefs	Seattle Seahawks	0 	0.0 	85 	0.6 	3.3 	25 	0.1 	0.0 	0.2 	0.0 	0.0 	18.0 	RB5		Kansas City Chiefs	Denver Broncos	0 	0.0 	85 	0.5 	3.3 	25 	0.1 	0.0 	0.2 	0.0 	0.0 	17.9 	RB6		Kansas City Chiefs	New York Jets	0 	0.0 	106 	0.8 	3.2 	24 	0.2 	0.0 	0.2 	0.0 	0.0 	21.2 	RB4		Kansas City Chiefs	Atlanta Falcons	0 	0.0 	98 	0.7 	3.3 	25 	0.2 	0.0 	0.2 	0.0 	0.0 	20.3 	RB4		Kansas City Chiefs	Arizona Cardinals	0 	0.0 	110 	0.8 	3.3 	25 	0.2 	0.0 	0.2 	0.0 	0.0 	22.4 	RB2		Kansas City Chiefs	Buffalo Bills	0 	0.0 	89 	0.6 	3.4 	26 	0.2 	0.0 	0.2 	0.0 	0.0 	19.2 	RB4		Kansas City Chiefs	Los Angeles Rams	0 	0.0 	82 	0.5 	3.4 	26 	0.1 	0.0 	0.2 	0.0 	0.0 	17.8 	RB4		Kansas City Chiefs	Cincinnati Bengals	0 	0.0 	88 	0.6 	3.4 	26 	0.2 	0.0 	0.2 	0.0 	0.0 	19.0 	RB3		Kansas City Chiefs	New England Patriots	0 	0.0 	93 	0.7 	3.3 	25 	0.2 	0.0 	0.2 	0.0 	0.0 	19.5 	RB4		Kansas City Chiefs	San Francisco 49ers	0 	0.0 	94 	0.7 	3.4 	26 	0.2 	0.0 	0.2 	0.0 	0.0 	19.9 	RB4		Kansas City Chiefs	Los Angeles Chargers	0 	0.0 	86 	0.6 	3.3 	25 	0.1 	0.0 	0.2 	0.0 	0.0 	18.3 	RB5		Actual	Actual	Actual	Actual	Forecast	Forecast	Forecast	Forecast	Forecast	Forecast	Forecast	Forecast	Forecast	Forecast	Forecast	Forecast	Forecast		Healthy	Healthy	Healthy	Healthy	Healthy	Healthy	Healthy	Healthy	Healthy	Healthy	Healthy	Healthy	Healthy	Healthy	Healthy	Healthy	Healthy		Week 5 2026	10/8/2026	8:57:03 PM	20		12%	10%	67%	65%	0%	0%		(0.1)	0	0	0	0	0	(0.095760)
	Jonathan Taylor	Indianapolis Colts	RB	RB4	21.0 	336 	0 	0.0 	0.0 	0.0 	1,475 	92.2 	17.7 	1.1 	46.5 	2.9 	369 	23.0 	1.2 	0.1 	0.0 	4.0 	0.0 	0.851 	1.000 	0.957 	2 	0.771 	0.000 	6 	7 	1 	4 	4 	0 	0.867 			Tyler Shough	0.474 	QB5	Kyren Williams	0.794 	RB5	Chris Olave	0.818 	WR5	Harold Fannin Jr.	0.488 	TE6		25.1 	29.2 	9.2 	22.7 	19.4 	23.1 	19.9 	19.7 	21.7 	23.9 	18.1 	21.9 	0.0 	18.3 	21.6 	21.7 	20.8 		RB8	RB1	RB27	RB10	RB3	RB2	RB3	RB3	RB3	RB1	RB5	RB2	-	RB5	RB3	RB3	RB3		RB3	20.8 	0.0 	0.0 	93.5 	1.0 	3.0 	25.0 	0.1 	3 	0.896 	1.000 	0.968 	2 	0.838 	0.000 	5 	0.905 		250 	Tyler Shough	0.480 	QB7	Kyren Williams	0.777 	RB7	Chris Olave	0.817 	WR6	Harold Fannin Jr.	0.522 	TE5		RB6	21.6 	0.0 	0.0 	280.6 	2.9 	9.1 	74.9 	0.3 	6 	0.739 	1.000 	0.934 	2 	0.642 	0.000 	#N/A	0.788 		86.2 	Tyler Shough	85 	QB5	Kyren Williams	90 	RB5	Chris Olave	90 	WR4	Harold Fannin Jr.	50 	TE7					Indianapolis Colts	Baltimore Ravens	0 	0.0 	98 	2.0 	3.0 	23 	0.0 	0.0 	1.0 	0.0 	0.0 	25.1 	RB8		Indianapolis Colts	Kansas City Chiefs	0 	0.0 	92 	2.0 	4.0 	40 	0.0 	0.0 	0.0 	0.0 	0.0 	29.2 	RB1		Indianapolis Colts	Houston Texans	0 	0.0 	68 	0.0 	2.0 	4 	0.0 	0.0 	0.0 	0.0 	0.0 	9.2 	RB27		Indianapolis Colts	Washington Commanders	0 	0.0 	95 	2.0 	1.0 	2 	0.0 	0.0 	0.0 	0.0 	0.0 	22.7 	RB10		Indianapolis Colts	Pittsburgh Steelers	0 	0.0 	88 	0.9 	2.9 	24 	0.1 	0.0 	0.2 	0.0 	0.0 	19.4 	RB3		Indianapolis Colts	Tennessee Titans	0 	0.0 	108 	1.1 	3.0 	24 	0.1 	0.0 	0.2 	0.0 	0.0 	23.1 	RB2		Indianapolis Colts	Minnesota Vikings	0 	0.0 	90 	0.9 	3.0 	25 	0.1 	0.0 	0.2 	0.0 	0.0 	19.9 	RB3		Indianapolis Colts	Jacksonville Jaguars	0 	0.0 	86 	0.9 	3.1 	25 	0.1 	0.0 	0.2 	0.0 	0.0 	19.7 	RB3		Indianapolis Colts	Dallas Cowboys	0 	0.0 	95 	1.0 	3.2 	26 	0.1 	0.0 	0.2 	0.0 	0.0 	21.7 	RB3		Indianapolis Colts	Miami Dolphins	0 	0.0 	110 	1.2 	3.0 	25 	0.1 	0.0 	0.2 	0.0 	0.0 	23.9 	RB1		Indianapolis Colts	Houston Texans	0 	0.0 	79 	0.8 	3.0 	25 	0.1 	0.0 	0.2 	0.0 	0.0 	18.1 	RB5		Indianapolis Colts	New York Giants	0 	0.0 	98 	1.1 	3.1 	25 	0.1 	0.0 	0.2 	0.0 	0.0 	21.9 	RB2		Indianapolis Colts	BYE	0 	0.0 	0 	0.0 	0.0 	0 	0.0 	0.0 	0.0 	0.0 	0.0 	0.0 	-		Indianapolis Colts	Philadelphia Eagles	0 	0.0 	80 	0.8 	3.1 	25 	0.1 	0.0 	0.2 	0.0 	0.0 	18.3 	RB5		Indianapolis Colts	Tennessee Titans	0 	0.0 	98 	1.0 	3.1 	25 	0.1 	0.0 	0.2 	0.0 	0.0 	21.6 	RB3		Indianapolis Colts	Cincinnati Bengals	0 	0.0 	95 	1.0 	3.2 	26 	0.1 	0.0 	0.2 	0.0 	0.0 	21.7 	RB3		Indianapolis Colts	Cleveland Browns	0 	0.0 	95 	1.0 	3.0 	24 	0.1 	0.0 	0.2 	0.0 	0.0 	20.8 	RB3		Actual	Actual	Actual	Actual	Forecast	Forecast	Forecast	Forecast	Forecast	Forecast	Forecast	Forecast	Forecast	Forecast	Forecast	Forecast	Forecast		Healthy	Healthy	Healthy	Healthy	Healthy	Healthy	Healthy	Healthy	Healthy	Healthy	Healthy	Healthy	Healthy	Healthy	Healthy	Healthy	Healthy		Week 5 2026	10/8/2026	8:57:03 PM	20		11%	8%	78%	79%	0%	0%		0.1 	0	0	0	0	0	0.117127 
	Amon-Ra St. Brown	Detroit Lions	WR	WR3	20.3 	325 	0 	0.0 	0.0 	0.0 	13 	0.8 	0.1 	0.0 	115.0 	7.2 	1,244 	77.8 	13.9 	0.9 	0.0 	0.2 	0.0 	0.821 	1.000 	0.970 	2 	0.752 	0.000 	7 	8 	1 	3 	4 	1 	0.860 			Jared Goff	0.438 	QB7	Christian McCaffrey	0.772 	RB6	Justin Jefferson	0.718 	WR7	Juwan Johnson	0.471 	TE7		28.7 	35.2 	11.9 	15.5 	20.5 	0.0 	19.7 	19.1 	19.1 	19.1 	19.5 	20.1 	19.5 	19.3 	18.7 	19.5 	19.1 		WR4	WR4	WR34	WR18	WR3	-	WR3	WR5	WR5	WR5	WR3	WR4	WR3	WR4	WR5	WR4	WR5		WR5	19.4 	0.0 	0.0 	1.1 	0.0 	7.0 	78.4 	0.7 	5 	0.836 	1.000 	0.950 	2 	0.786 	0.000 	8 	0.867 		233 	Jared Goff	0.425 	QB10	Christian McCaffrey	0.808 	RB5	Justin Jefferson	0.773 	WR7	Juwan Johnson	0.443 	TE9		WR3	22.8 	0.0 	0.0 	3.3 	0.0 	21.0 	235.3 	2.2 	3 	0.783 	1.000 	0.970 	2 	0.697 	0.000 	#N/A	0.833 		91.3 	Jared Goff	86 	QB4	Christian McCaffrey	74 	RB9	Justin Jefferson	45 	WR27	Juwan Johnson	60 	TE3					Detroit Lions	New Orleans Saints	0 	0.0 	0 	0.0 	10.0 	67 	2.0 	0.0 	0.0 	0.0 	0.0 	28.7 	WR4		Detroit Lions	Buffalo Bills	0 	0.0 	0 	0.0 	9.0 	142 	2.0 	0.0 	0.0 	0.0 	0.0 	35.2 	WR4		Detroit Lions	New York Jets	0 	0.0 	0 	0.0 	4.0 	19 	1.0 	0.0 	0.0 	0.0 	0.0 	11.9 	WR34		Detroit Lions	Carolina Panthers	0 	0.0 	0 	0.0 	8.0 	75 	0.0 	0.0 	0.0 	0.0 	0.0 	15.5 	WR18		Detroit Lions	Arizona Cardinals	0 	0.0 	1 	0.0 	7.3 	81 	0.8 	0.0 	0.0 	0.0 	0.0 	20.5 	WR3		Detroit Lions	BYE	0 	0.0 	0 	0.0 	0.0 	0 	0.0 	0.0 	0.0 	0.0 	0.0 	0.0 	-		Detroit Lions	Green Bay Packers	0 	0.0 	1 	0.0 	7.1 	80 	0.8 	0.0 	0.0 	0.0 	0.0 	19.7 	WR3		Detroit Lions	Minnesota Vikings	0 	0.0 	1 	0.0 	6.9 	77 	0.7 	0.0 	0.0 	0.0 	0.0 	19.1 	WR5		Detroit Lions	Miami Dolphins	0 	0.0 	1 	0.0 	6.9 	77 	0.7 	0.0 	0.0 	0.0 	0.0 	19.1 	WR5		Detroit Lions	New England Patriots	0 	0.0 	1 	0.0 	6.9 	78 	0.7 	0.0 	0.0 	0.0 	0.0 	19.1 	WR5		Detroit Lions	Tampa Bay Buccaneers	0 	0.0 	1 	0.0 	7.0 	78 	0.8 	0.0 	0.0 	0.0 	0.0 	19.5 	WR3		Detroit Lions	Chicago Bears	0 	0.0 	1 	0.0 	7.2 	81 	0.8 	0.0 	0.0 	0.0 	0.0 	20.1 	WR4		Detroit Lions	Atlanta Falcons	0 	0.0 	1 	0.0 	7.0 	79 	0.7 	0.0 	0.0 	0.0 	0.0 	19.5 	WR3		Detroit Lions	Tennessee Titans	0 	0.0 	1 	0.0 	6.9 	77 	0.7 	0.0 	0.0 	0.0 	0.0 	19.3 	WR4		Detroit Lions	Minnesota Vikings	0 	0.0 	1 	0.0 	6.8 	76 	0.7 	0.0 	0.0 	0.0 	0.0 	18.7 	WR5		Detroit Lions	New York Giants	0 	0.0 	1 	0.0 	7.0 	78 	0.8 	0.0 	0.0 	0.0 	0.0 	19.5 	WR4		Detroit Lions	Chicago Bears	0 	0.0 	1 	0.0 	7.0 	78 	0.7 	0.0 	0.0 	0.0 	0.0 	19.1 	WR5		Actual	Actual	Actual	Actual	Forecast	Forecast	Forecast	Forecast	Forecast	Forecast	Forecast	Forecast	Forecast	Forecast	Forecast	Forecast	Forecast		Healthy	Healthy	Healthy	Healthy	Healthy	Healthy	Healthy	Healthy	Healthy	Healthy	Healthy	Healthy	Healthy	Healthy	Healthy	Healthy	Healthy		Week 5 2026	10/8/2026	8:57:03 PM	20		31%	40%	1%	1%	0%	0%		0.0 	0	0	0	0	0	0.034690 
	Derrick Henry	Baltimore Ravens	RB	RB7	18.1 	290 	0 	0.0 	0.0 	0.0 	1,446 	90.4 	17.8 	1.1 	23.0 	1.4 	165 	10.3 	0.6 	0.0 	0.0 	2.2 	0.0 	0.733 	1.000 	0.923 	2 	0.590 	0.000 	14 	16 	2 	7 	10 	3 	0.761 			Bryce Young	0.418 	QB8	Ashton Jeanty	0.754 	RB8	Nico Collins	0.699 	WR8	Travis Kelce	0.427 	TE9		35.3 	17.7 	21.9 	15.9 	13.9 	15.2 	17.6 	16.0 	17.8 	16.8 	17.2 	15.0 	0.0 	18.4 	16.4 	18.6 	16.0 		RB1	RB6	RB3	RB21	RB12	RB9	RB7	RB11	RB7	RB9	RB7	RB12	-	RB4	RB9	RB6	RB11		RB8	16.6 	0.0 	0.0 	89.3 	0.9 	1.3 	10.1 	0.0 	8 	0.713 	1.000 	0.911 	1 	0.551 	0.000 	17 	0.737 		199 	Bryce Young	0.315 	QB22	Ashton Jeanty	0.792 	RB6	Nico Collins	0.711 	WR8	Travis Kelce	0.418 	TE11		RB4	22.7 	0.0 	0.0 	268.0 	2.7 	4.0 	30.3 	0.1 	4 	0.778 	1.000 	0.957 	2 	0.698 	0.000 	#N/A	0.826 		90.8 	Bryce Young	91 	QB3	Ashton Jeanty	74 	RB10	Nico Collins	52 	WR20	Travis Kelce	53 	TE6					Baltimore Ravens	Indianapolis Colts	0 	0.0 	144 	3.0 	1.0 	19 	0.0 	0.0 	0.0 	0.0 	0.0 	35.3 	RB1		Baltimore Ravens	New Orleans Saints	0 	0.0 	68 	1.0 	3.0 	19 	0.0 	0.0 	0.0 	0.0 	0.0 	17.7 	RB6		Baltimore Ravens	Dallas Cowboys	0 	0.0 	89 	2.0 	1.0 	0 	0.0 	0.0 	0.0 	0.0 	0.0 	21.9 	RB3		Baltimore Ravens	Tennessee Titans	0 	0.0 	73 	1.0 	2.0 	6 	0.0 	0.0 	0.0 	0.0 	0.0 	15.9 	RB21		Baltimore Ravens	Atlanta Falcons	0 	0.0 	76 	0.7 	1.3 	10 	0.0 	0.0 	0.2 	0.0 	0.0 	13.9 	RB12		Baltimore Ravens	Cleveland Browns	0 	0.0 	84 	0.8 	1.3 	10 	0.0 	0.0 	0.2 	0.0 	0.0 	15.2 	RB9		Baltimore Ravens	Cincinnati Bengals	0 	0.0 	93 	1.0 	1.4 	11 	0.1 	0.0 	0.2 	0.0 	0.0 	17.6 	RB7		Baltimore Ravens	Buffalo Bills	0 	0.0 	85 	0.9 	1.4 	10 	0.1 	0.0 	0.2 	0.0 	0.0 	16.0 	RB11		Baltimore Ravens	Jacksonville Jaguars	0 	0.0 	95 	1.0 	1.4 	10 	0.1 	0.0 	0.2 	0.0 	0.0 	17.8 	RB7		Baltimore Ravens	Los Angeles Chargers	0 	0.0 	90 	0.9 	1.4 	10 	0.1 	0.0 	0.2 	0.0 	0.0 	16.8 	RB9		Baltimore Ravens	Carolina Panthers	0 	0.0 	93 	0.9 	1.3 	10 	0.0 	0.0 	0.2 	0.0 	0.0 	17.2 	RB7		Baltimore Ravens	Houston Texans	0 	0.0 	82 	0.8 	1.3 	10 	0.0 	0.0 	0.2 	0.0 	0.0 	15.0 	RB12		Baltimore Ravens	BYE	0 	0.0 	0 	0.0 	0.0 	0 	0.0 	0.0 	0.0 	0.0 	0.0 	0.0 	-		Baltimore Ravens	Tampa Bay Buccaneers	0 	0.0 	99 	1.0 	1.3 	10 	0.1 	0.0 	0.2 	0.0 	0.0 	18.4 	RB4		Baltimore Ravens	Pittsburgh Steelers	0 	0.0 	88 	0.9 	1.3 	10 	0.0 	0.0 	0.2 	0.0 	0.0 	16.4 	RB9		Baltimore Ravens	Cleveland Browns	0 	0.0 	101 	1.0 	1.3 	10 	0.0 	0.0 	0.2 	0.0 	0.0 	18.6 	RB6		Baltimore Ravens	Cincinnati Bengals	0 	0.0 	85 	0.9 	1.4 	10 	0.1 	0.0 	0.2 	0.0 	0.0 	16.0 	RB11		Actual	Actual	Actual	Actual	Forecast	Forecast	Forecast	Forecast	Forecast	Forecast	Forecast	Forecast	Forecast	Forecast	Forecast	Forecast	Forecast		Healthy	Healthy	Healthy	Healthy	Healthy	Healthy	Healthy	Healthy	Healthy	Healthy	Healthy	Healthy	Healthy	Healthy	Healthy	Healthy	Healthy		Week 5 2026	10/8/2026	8:57:03 PM	20		5%	4%	59%	65%	0%	0%		(0.1)	0	0	0	0	0	(0.088979)
	Ja'Marr Chase	Cincinnati Bengals	WR	WR4	19.7 	316 	0 	0.0 	0.0 	0.0 	0 	0.0 	0.0 	0.0 	114.1 	7.1 	1,264 	79.0 	12.6 	0.8 	0.0 	0.2 	0.0 	0.799 	1.000 	0.960 	2 	0.716 	0.000 	8 	3 	(5)	4 	1 	(3)	0.838 			Patrick Mahomes II	0.402 	QB9	Javonte Williams	0.732 	RB9	Zay Flowers	0.684 	WR9	Isaiah Likely	0.446 	TE8		3.2 	26.5 	24.8 	5.7 	19.1 	0.0 	21.5 	21.6 	21.8 	21.3 	22.0 	21.3 	20.7 	21.1 	21.1 	22.0 	22.0 		WR79	WR6	WR5	WR58	WR5	-	WR2	WR2	WR2	WR2	WR1	WR2	WR2	WR2	WR2	WR2	WR1		WR2	21.3 	0.0 	0.0 	0.0 	0.0 	7.8 	87.6 	0.8 	2 	0.916 	1.000 	0.980 	2 	0.922 	0.000 	4 	0.947 		256 	Patrick Mahomes II	0.368 	QB16	Javonte Williams	0.730 	RB9	Zay Flowers	0.658 	WR13	Isaiah Likely	0.451 	TE7		WR11	15.1 	0.0 	0.0 	0.0 	0.0 	23.3 	262.9 	2.4 	11 	0.516 	1.000 	0.890 	1 	0.326 	0.000 	#N/A	0.608 		60.2 	Patrick Mahomes II	84 	QB6	Javonte Williams	82 	RB7	Zay Flowers	67 	WR9	Isaiah Likely	53 	TE5					Cincinnati Bengals	Tampa Bay Buccaneers	0 	0.0 	0 	0.0 	2.0 	12 	0.0 	0.0 	0.0 	0.0 	0.0 	3.2 	WR79		Cincinnati Bengals	Houston Texans	0 	0.0 	0 	0.0 	7.0 	75 	2.0 	0.0 	0.0 	0.0 	0.0 	26.5 	WR6		Cincinnati Bengals	Pittsburgh Steelers	0 	0.0 	0 	0.0 	9.0 	98 	1.0 	0.0 	0.0 	0.0 	0.0 	24.8 	WR5		Cincinnati Bengals	Jacksonville Jaguars	0 	0.0 	0 	0.0 	3.0 	27 	0.0 	0.0 	0.0 	0.0 	0.0 	5.7 	WR58		Cincinnati Bengals	Miami Dolphins	0 	0.0 	0 	0.0 	7.0 	79 	0.7 	0.0 	0.0 	0.0 	0.0 	19.1 	WR5		Cincinnati Bengals	BYE	0 	0.0 	0 	0.0 	0.0 	0 	0.0 	0.0 	0.0 	0.0 	0.0 	0.0 	-		Cincinnati Bengals	Baltimore Ravens	0 	0.0 	0 	0.0 	7.9 	89 	0.8 	0.0 	0.0 	0.0 	0.0 	21.5 	WR2		Cincinnati Bengals	Tennessee Titans	0 	0.0 	0 	0.0 	7.8 	88 	0.8 	0.0 	0.0 	0.0 	0.0 	21.6 	WR2		Cincinnati Bengals	Atlanta Falcons	0 	0.0 	0 	0.0 	7.9 	89 	0.8 	0.0 	0.0 	0.0 	0.0 	21.8 	WR2		Cincinnati Bengals	Pittsburgh Steelers	0 	0.0 	0 	0.0 	7.8 	88 	0.8 	0.0 	0.0 	0.0 	0.0 	21.3 	WR2		Cincinnati Bengals	Washington Commanders	0 	0.0 	0 	0.0 	8.0 	90 	0.8 	0.0 	0.0 	0.0 	0.0 	22.0 	WR1		Cincinnati Bengals	New Orleans Saints	0 	0.0 	0 	0.0 	7.7 	87 	0.8 	0.0 	0.0 	0.0 	0.0 	21.3 	WR2		Cincinnati Bengals	Cleveland Browns	0 	0.0 	0 	0.0 	7.6 	86 	0.8 	0.0 	0.0 	0.0 	0.0 	20.7 	WR2		Cincinnati Bengals	Kansas City Chiefs	0 	0.0 	0 	0.0 	7.7 	87 	0.8 	0.0 	0.0 	0.0 	0.0 	21.1 	WR2		Cincinnati Bengals	Carolina Panthers	0 	0.0 	0 	0.0 	7.7 	87 	0.8 	0.0 	0.0 	0.0 	0.0 	21.1 	WR2		Cincinnati Bengals	Indianapolis Colts	0 	0.0 	0 	0.0 	8.0 	90 	0.8 	0.0 	0.0 	0.0 	0.0 	22.0 	WR2		Cincinnati Bengals	Baltimore Ravens	0 	0.0 	0 	0.0 	8.0 	90 	0.8 	0.0 	0.0 	0.0 	0.0 	22.0 	WR1		Actual	Actual	Actual	Actual	Forecast	Forecast	Forecast	Forecast	Forecast	Forecast	Forecast	Forecast	Forecast	Forecast	Forecast	Forecast	Forecast		Healthy	Healthy	Healthy	Healthy	Limited / Handicapped	Healthy	Healthy	Healthy	Healthy	Healthy	Healthy	Healthy	Healthy	Healthy	Healthy	Healthy	Healthy		Week 5 2026	10/8/2026	8:57:03 PM	20		33%	38%	0%	0%	0%	0%		0.3 	0	0	0	0	0	0.338756 
	Puka Nacua	Los Angeles Rams	WR	WR6	19.6 	275 	0 	0.0 	0.0 	0.0 	34 	2.4 	1.1 	0.1 	92.2 	6.6 	1,271 	90.8 	7.6 	0.5 	0.0 	0.2 	0.0 	0.695 	1.000 	0.940 	2 	0.708 	0.000 	10 	4 	(6)	6 	2 	(4)	0.810 			Jalen Hurts	0.390 	QB10	James Cook III	0.691 	RB10	Christian Watson	0.671 	WR11	Dalton Kincaid	0.394 	TE11		12.4 	0.0 	0.0 	27.7 	20.6 	20.1 	19.1 	19.5 	19.9 	19.4 	0.0 	19.3 	19.1 	19.5 	19.9 	18.8 	19.3 		WR27	-	-	WR4	WR2	WR3	WR5	WR4	WR4	WR4	-	WR5	WR5	WR3	WR4	WR5	WR4		WR4	19.5 	0.0 	0.0 	2.7 	0.0 	6.5 	89.3 	0.6 	4 	0.840 	1.000 	0.960 	2 	0.794 	0.000 	7 	0.876 		234 	Jalen Hurts	0.467 	QB8	James Cook III	0.711 	RB11	Christian Watson	0.626 	WR15	Dalton Kincaid	0.406 	TE12		WR39	20.1 	0.0 	0.0 	16.0 	0.1 	39.1 	535.8 	3.8 	39 	0.344 	1.000 	0.610 	0 	0.086 	0.000 	#N/A	0.360 		40.1 	Jalen Hurts	67 	QB12	James Cook III	67 	RB11	Christian Watson	77 	WR5	Dalton Kincaid	46 	TE11					Los Angeles Rams	San Francisco 49ers	0 	0.0 	0 	0.0 	5.0 	74 	0.0 	0.0 	0.0 	0.0 	0.0 	12.4 	WR27		Los Angeles Rams	New York Giants	0 	0.0 	0 	0.0 	0.0 	0 	0.0 	0.0 	0.0 	0.0 	0.0 	0.0 	-		Los Angeles Rams	Denver Broncos	0 	0.0 	0 	0.0 	0.0 	0 	0.0 	0.0 	0.0 	0.0 	0.0 	0.0 	-		Los Angeles Rams	Philadelphia Eagles	0 	0.0 	2 	1.0 	9.0 	125 	0.0 	0.0 	0.0 	0.0 	0.0 	27.7 	WR4		Los Angeles Rams	Buffalo Bills	0 	0.0 	3 	0.0 	6.8 	94 	0.7 	0.0 	0.0 	0.0 	0.0 	20.6 	WR2		Los Angeles Rams	Arizona Cardinals	0 	0.0 	3 	0.0 	6.6 	90 	0.7 	0.0 	0.0 	0.0 	0.0 	20.1 	WR3		Los Angeles Rams	Las Vegas Raiders	0 	0.0 	3 	0.0 	6.4 	87 	0.6 	0.0 	0.0 	0.0 	0.0 	19.1 	WR5		Los Angeles Rams	Los Angeles Chargers	0 	0.0 	2 	0.0 	6.6 	90 	0.6 	0.0 	0.0 	0.0 	0.0 	19.5 	WR4		Los Angeles Rams	Washington Commanders	0 	0.0 	3 	0.0 	6.6 	91 	0.7 	0.0 	0.0 	0.0 	0.0 	19.9 	WR4		Los Angeles Rams	Arizona Cardinals	0 	0.0 	3 	0.0 	6.4 	88 	0.6 	0.0 	0.0 	0.0 	0.0 	19.4 	WR4		Los Angeles Rams	BYE	0 	0.0 	0 	0.0 	0.0 	0 	0.0 	0.0 	0.0 	0.0 	0.0 	0.0 	-		Los Angeles Rams	Green Bay Packers	0 	0.0 	3 	0.0 	6.5 	89 	0.6 	0.0 	0.0 	0.0 	0.0 	19.3 	WR5		Los Angeles Rams	Kansas City Chiefs	0 	0.0 	3 	0.0 	6.4 	88 	0.6 	0.0 	0.0 	0.0 	0.0 	19.1 	WR5		Los Angeles Rams	San Francisco 49ers	0 	0.0 	2 	0.0 	6.6 	90 	0.6 	0.0 	0.0 	0.0 	0.0 	19.5 	WR3		Los Angeles Rams	Dallas Cowboys	0 	0.0 	3 	0.0 	6.6 	90 	0.7 	0.0 	0.0 	0.0 	0.0 	19.9 	WR4		Los Angeles Rams	Seattle Seahawks	0 	0.0 	2 	0.0 	6.4 	88 	0.6 	0.0 	0.0 	0.0 	0.0 	18.8 	WR5		Los Angeles Rams	Tampa Bay Buccaneers	0 	0.0 	3 	0.0 	6.5 	89 	0.6 	0.0 	0.0 	0.0 	0.0 	19.3 	WR4		Actual	Actual	Actual	Actual	Forecast	Forecast	Forecast	Forecast	Forecast	Forecast	Forecast	Forecast	Forecast	Forecast	Forecast	Forecast	Forecast		Healthy	Injured	Injured	Healthy	Healthy	Healthy	Healthy	Healthy	Healthy	Healthy	Healthy	Healthy	Healthy	Healthy	Healthy	Healthy	Healthy		Week 5 2026	10/8/2026	8:57:03 PM	20		38%	33%	2%	1%	0%	0%		0.5 	1	1	0	0	0	
	Kyren Williams	Los Angeles Rams	RB	RB5	18.8 	301 	0 	0.0 	0.0 	0.0 	1,173 	73.3 	10.1 	0.6 	58.4 	3.6 	483 	30.2 	3.8 	0.2 	0.0 	3.1 	0.0 	0.762 	1.000 	0.946 	2 	0.634 	0.000 	11 	29 	18 	5 	14 	9 	0.794 			Jordan Love	0.347 	QB12	Chase Brown	0.671 	RB11	Tee Higgins	0.683 	WR10	Tucker Kraft	0.379 	TE13		15.5 	15.7 	21.8 	36.7 	17.8 	19.7 	17.8 	16.8 	17.9 	18.9 	0.0 	17.3 	17.1 	16.8 	18.7 	15.4 	17.3 		RB15	RB8	RB5	RB1	RB5	RB5	RB6	RB8	RB6	RB5	-	RB7	RB5	RB8	RB5	RB11	RB7		RB7	17.6 	0.0 	0.0 	73.2 	0.6 	3.1 	25.9 	0.2 	7 	0.758 	1.000 	0.923 	2 	0.621 	0.000 	14 	0.777 		211 	Jordan Love	0.408 	QB12	Chase Brown	0.719 	RB10	Tee Higgins	0.668 	WR12	Tucker Kraft	0.448 	TE8		RB5	22.4 	0.0 	0.0 	219.7 	1.8 	9.3 	77.6 	0.7 	5 	0.769 	1.000 	0.946 	2 	0.684 	0.000 	#N/A	0.815 		89.7 	Jordan Love	65 	QB15	Chase Brown	58 	RB14	Tee Higgins	71 	WR8	Tucker Kraft	36 	TE21					Los Angeles Rams	San Francisco 49ers	0 	0.0 	41 	1.0 	3.0 	24 	0.0 	0.0 	0.0 	0.0 	0.0 	15.5 	RB15		Los Angeles Rams	New York Giants	0 	0.0 	85 	0.0 	2.0 	12 	1.0 	0.0 	1.0 	0.0 	0.0 	15.7 	RB8		Los Angeles Rams	Denver Broncos	0 	0.0 	88 	0.0 	6.0 	70 	0.0 	0.0 	0.0 	0.0 	0.0 	21.8 	RB5		Los Angeles Rams	Philadelphia Eagles	0 	0.0 	80 	2.0 	10.0 	67 	0.0 	0.0 	0.0 	0.0 	0.0 	36.7 	RB1		Los Angeles Rams	Buffalo Bills	0 	0.0 	71 	0.6 	3.3 	27 	0.2 	0.0 	0.2 	0.0 	0.0 	17.8 	RB5		Los Angeles Rams	Arizona Cardinals	0 	0.0 	84 	0.7 	3.1 	26 	0.3 	0.0 	0.2 	0.0 	0.0 	19.7 	RB5		Los Angeles Rams	Las Vegas Raiders	0 	0.0 	76 	0.6 	3.0 	25 	0.2 	0.0 	0.2 	0.0 	0.0 	17.8 	RB6		Los Angeles Rams	Los Angeles Chargers	0 	0.0 	69 	0.5 	3.1 	26 	0.2 	0.0 	0.2 	0.0 	0.0 	16.8 	RB8		Los Angeles Rams	Washington Commanders	0 	0.0 	74 	0.6 	3.2 	26 	0.2 	0.0 	0.2 	0.0 	0.0 	17.9 	RB6		Los Angeles Rams	Arizona Cardinals	0 	0.0 	81 	0.7 	3.1 	25 	0.2 	0.0 	0.2 	0.0 	0.0 	18.9 	RB5		Los Angeles Rams	BYE	0 	0.0 	0 	0.0 	0.0 	0 	0.0 	0.0 	0.0 	0.0 	0.0 	0.0 	-		Los Angeles Rams	Green Bay Packers	0 	0.0 	72 	0.6 	3.1 	26 	0.2 	0.0 	0.2 	0.0 	0.0 	17.3 	RB7		Los Angeles Rams	Kansas City Chiefs	0 	0.0 	71 	0.6 	3.1 	25 	0.2 	0.0 	0.2 	0.0 	0.0 	17.1 	RB5		Los Angeles Rams	San Francisco 49ers	0 	0.0 	69 	0.5 	3.1 	26 	0.2 	0.0 	0.2 	0.0 	0.0 	16.8 	RB8		Los Angeles Rams	Dallas Cowboys	0 	0.0 	78 	0.7 	3.1 	26 	0.2 	0.0 	0.2 	0.0 	0.0 	18.7 	RB5		Los Angeles Rams	Seattle Seahawks	0 	0.0 	62 	0.5 	3.1 	25 	0.2 	0.0 	0.2 	0.0 	0.0 	15.4 	RB11		Los Angeles Rams	Tampa Bay Buccaneers	0 	0.0 	72 	0.6 	3.1 	26 	0.2 	0.0 	0.2 	0.0 	0.0 	17.3 	RB7		Actual	Actual	Actual	Actual	Forecast	Forecast	Forecast	Forecast	Forecast	Forecast	Forecast	Forecast	Forecast	Forecast	Forecast	Forecast	Forecast		Healthy	Healthy	Healthy	Healthy	Healthy	Healthy	Healthy	Healthy	Healthy	Healthy	Healthy	Healthy	Healthy	Healthy	Healthy	Healthy	Healthy		Week 5 2026	10/8/2026	8:57:03 PM	20		11%	12%	55%	62%	0%	0%		(0.0)	0	0	0	0	0	(0.037384)
	Chris Olave	New Orleans Saints	WR	WR5	19.2 	308 	0 	0.0 	0.0 	0.0 	0 	0.0 	0.0 	0.0 	115.9 	7.2 	1,487 	92.9 	7.3 	0.5 	0.0 	0.2 	0.0 	0.780 	1.000 	0.950 	2 	0.684 	0.000 	9 	26 	17 	5 	11 	6 	0.818 			Trevor Lawrence	0.354 	QB11	Chuba Hubbard	0.626 	RB12	Tetairoa McMillan	0.637 	WR13	T.J. Hockenson	0.400 	TE10		28.2 	22.6 	19.7 	19.6 	17.7 	19.5 	18.5 	0.0 	17.9 	17.9 	18.0 	18.4 	17.9 	17.5 	18.1 	18.5 	17.9 		WR5	WR8	WR14	WR11	WR6	WR4	WR6	-	WR6	WR6	WR4	WR6	WR6	WR5	WR6	WR6	WR6		WR6	18.2 	0.0 	0.0 	0.0 	0.0 	6.7 	83.0 	0.5 	6 	0.781 	1.000 	0.940 	2 	0.693 	0.000 	10 	0.817 		218 	Trevor Lawrence	0.415 	QB11	Chuba Hubbard	0.565 	RB17	Tetairoa McMillan	0.597 	WR19	T.J. Hockenson	0.399 	TE13		WR4	22.5 	0.0 	0.0 	0.0 	0.0 	20.2 	248.9 	1.6 	4 	0.772 	1.000 	0.960 	2 	0.683 	0.000 	#N/A	0.821 		90.1 	Trevor Lawrence	65 	QB14	Chuba Hubbard	79 	RB8	Tetairoa McMillan	75 	WR6	T.J. Hockenson	48 	TE10					New Orleans Saints	Detroit Lions	0 	0.0 	0 	0.0 	10.0 	182 	0.0 	0.0 	0.0 	0.0 	0.0 	28.2 	WR5		New Orleans Saints	Baltimore Ravens	0 	0.0 	0 	0.0 	8.0 	86 	1.0 	0.0 	0.0 	0.0 	0.0 	22.6 	WR8		New Orleans Saints	Las Vegas Raiders	0 	0.0 	0 	0.0 	9.0 	107 	0.0 	0.0 	0.0 	0.0 	0.0 	19.7 	WR14		New Orleans Saints	Atlanta Falcons	0 	0.0 	0 	0.0 	8.0 	116 	0.0 	0.0 	0.0 	0.0 	0.0 	19.6 	WR11		New Orleans Saints	Minnesota Vikings	0 	0.0 	0 	0.0 	6.6 	81 	0.5 	0.0 	0.0 	0.0 	0.0 	17.7 	WR6		New Orleans Saints	New York Giants	0 	0.0 	0 	0.0 	7.2 	88 	0.6 	0.0 	0.0 	0.0 	0.0 	19.5 	WR4		New Orleans Saints	Pittsburgh Steelers	0 	0.0 	0 	0.0 	6.9 	85 	0.5 	0.0 	0.0 	0.0 	0.0 	18.5 	WR6		New Orleans Saints	BYE	0 	0.0 	0 	0.0 	0.0 	0 	0.0 	0.0 	0.0 	0.0 	0.0 	0.0 	-		New Orleans Saints	Cleveland Browns	0 	0.0 	0 	0.0 	6.6 	82 	0.5 	0.0 	0.0 	0.0 	0.0 	17.9 	WR6		New Orleans Saints	Carolina Panthers	0 	0.0 	0 	0.0 	6.6 	82 	0.5 	0.0 	0.0 	0.0 	0.0 	17.9 	WR6		New Orleans Saints	Chicago Bears	0 	0.0 	0 	0.0 	6.8 	83 	0.5 	0.0 	0.0 	0.0 	0.0 	18.0 	WR4		New Orleans Saints	Cincinnati Bengals	0 	0.0 	0 	0.0 	6.9 	85 	0.5 	0.0 	0.0 	0.0 	0.0 	18.4 	WR6		New Orleans Saints	Green Bay Packers	0 	0.0 	0 	0.0 	6.7 	82 	0.5 	0.0 	0.0 	0.0 	0.0 	17.9 	WR6		New Orleans Saints	Carolina Panthers	0 	0.0 	0 	0.0 	6.5 	81 	0.5 	0.0 	0.0 	0.0 	0.0 	17.5 	WR5		New Orleans Saints	Tampa Bay Buccaneers	0 	0.0 	0 	0.0 	6.7 	83 	0.5 	0.0 	0.0 	0.0 	0.0 	18.1 	WR6		New Orleans Saints	Arizona Cardinals	0 	0.0 	0 	0.0 	6.8 	83 	0.6 	0.0 	0.0 	0.0 	0.0 	18.5 	WR6		New Orleans Saints	Atlanta Falcons	0 	0.0 	0 	0.0 	6.7 	82 	0.5 	0.0 	0.0 	0.0 	0.0 	17.9 	WR6		Actual	Actual	Actual	Actual	Forecast	Forecast	Forecast	Forecast	Forecast	Forecast	Forecast	Forecast	Forecast	Forecast	Forecast	Forecast	Forecast		Healthy	Healthy	Healthy	Healthy	Limited / Handicapped	Healthy	Healthy	Healthy	Healthy	Healthy	Healthy	Healthy	Healthy	Healthy	Healthy	Healthy	Healthy		Week 5 2026	10/8/2026	8:57:03 PM	20		33%	31%	0%	0%	0%	0%		(0.0)	0	0	0	0	0	(0.003644)
	Christian McCaffrey	San Francisco 49ers	RB	RB6	18.3 	293 	0 	0.0 	0.0 	0.0 	978 	61.1 	10.5 	0.7 	65.7 	4.1 	510 	31.8 	3.2 	0.2 	0.0 	2.0 	0.0 	0.741 	1.000 	0.934 	2 	0.602 	0.000 	12 	5 	(7)	6 	3 	(3)	0.772 			Caleb Williams	0.346 	QB13	D'Andre Swift	0.604 	RB14	Garrett Wilson	0.665 	WR12	Dallas Goedert	0.385 	TE12		13.8 	22.6 	21.6 	16.0 	17.0 	20.6 	19.1 	0.0 	20.1 	18.4 	18.4 	17.2 	18.5 	17.6 	17.2 	16.9 	17.8 		RB19	RB4	RB6	RB20	RB7	RB4	RB4	-	RB5	RB6	RB3	RB8	RB3	RB6	RB7	RB7	RB6		RB5	18.2 	0.0 	0.0 	63.4 	0.5 	4.1 	32.3 	0.3 	5 	0.784 	1.000 	0.946 	2 	0.662 	0.000 	11 	0.808 		219 	Caleb Williams	0.395 	QB13	D'Andre Swift	0.603 	RB16	Garrett Wilson	0.692 	WR9	Dallas Goedert	0.422 	TE10		RB9	18.5 	0.0 	0.0 	190.1 	1.6 	12.4 	96.9 	0.8 	9 	0.634 	1.000 	0.900 	1 	0.496 	0.000 	#N/A	0.698 		74.0 	Caleb Williams	46 	QB23	D'Andre Swift	64 	RB12	Garrett Wilson	63 	WR10	Dallas Goedert	25 	TE26					San Francisco 49ers	Los Angeles Rams	0 	0.0 	68 	0.0 	5.0 	20 	0.0 	0.0 	0.0 	0.0 	0.0 	13.8 	RB19		San Francisco 49ers	Miami Dolphins	0 	0.0 	23 	2.0 	4.0 	43 	0.0 	0.0 	0.0 	0.0 	0.0 	22.6 	RB4		San Francisco 49ers	Arizona Cardinals	0 	0.0 	75 	1.0 	4.0 	41 	0.0 	0.0 	0.0 	0.0 	0.0 	21.6 	RB6		San Francisco 49ers	Denver Broncos	0 	0.0 	52 	1.0 	3.0 	18 	0.0 	0.0 	0.0 	0.0 	0.0 	16.0 	RB20		San Francisco 49ers	Seattle Seahawks	0 	0.0 	58 	0.5 	4.1 	32 	0.2 	0.0 	0.2 	0.0 	0.0 	17.0 	RB7		San Francisco 49ers	Washington Commanders	0 	0.0 	74 	0.7 	4.2 	33 	0.3 	0.0 	0.2 	0.0 	0.0 	20.6 	RB4		San Francisco 49ers	Atlanta Falcons	0 	0.0 	68 	0.6 	4.1 	32 	0.3 	0.0 	0.2 	0.0 	0.0 	19.1 	RB4		San Francisco 49ers	BYE	0 	0.0 	0 	0.0 	0.0 	0 	0.0 	0.0 	0.0 	0.0 	0.0 	0.0 	-		San Francisco 49ers	Las Vegas Raiders	0 	0.0 	75 	0.7 	4.0 	32 	0.3 	0.0 	0.2 	0.0 	0.0 	20.1 	RB5		San Francisco 49ers	Dallas Cowboys	0 	0.0 	61 	0.5 	4.3 	34 	0.3 	0.0 	0.2 	0.0 	0.0 	18.4 	RB6		San Francisco 49ers	Minnesota Vikings	0 	0.0 	64 	0.5 	4.2 	33 	0.3 	0.0 	0.2 	0.0 	0.0 	18.4 	RB3		San Francisco 49ers	Seattle Seahawks	0 	0.0 	59 	0.5 	4.1 	32 	0.3 	0.0 	0.2 	0.0 	0.0 	17.2 	RB8		San Francisco 49ers	New York Giants	0 	0.0 	64 	0.6 	4.2 	33 	0.3 	0.0 	0.2 	0.0 	0.0 	18.5 	RB3		San Francisco 49ers	Los Angeles Rams	0 	0.0 	60 	0.5 	4.2 	33 	0.3 	0.0 	0.2 	0.0 	0.0 	17.6 	RB6		San Francisco 49ers	Los Angeles Chargers	0 	0.0 	59 	0.5 	4.1 	32 	0.3 	0.0 	0.2 	0.0 	0.0 	17.2 	RB7		San Francisco 49ers	Kansas City Chiefs	0 	0.0 	58 	0.5 	4.1 	32 	0.2 	0.0 	0.2 	0.0 	0.0 	16.9 	RB7		San Francisco 49ers	Philadelphia Eagles	0 	0.0 	62 	0.5 	4.1 	32 	0.3 	0.0 	0.2 	0.0 	0.0 	17.8 	RB6		Actual	Actual	Actual	Actual	Forecast	Forecast	Forecast	Forecast	Forecast	Forecast	Forecast	Forecast	Forecast	Forecast	Forecast	Forecast	Forecast		Healthy	Healthy	Healthy	Healthy	Healthy	Healthy	Healthy	Healthy	Healthy	Healthy	Healthy	Healthy	Healthy	Healthy	Healthy	Healthy	Healthy		Week 5 2026	10/8/2026	8:57:03 PM	20		14%	16%	52%	60%	0%	0%		0.1 	0	0	0	0	0	0.109717 
	Brock Bowers	Las Vegas Raiders	TE	TE1	17.9 	251 	0 	0.0 	0.0 	0.0 	0 	0.0 	0.0 	0.0 	91.0 	6.5 	1,102 	78.7 	8.3 	0.6 	0.0 	0.2 	0.0 	0.635 	0.560 	0.548 	2 	1.000 	0.000 	13 	22 	9 	2 	1 	(1)	0.764 			Jayden Daniels	0.345 	QB14	Bucky Irving	0.595 	RB15	Davante Adams	0.609 	WR16	Mike Gesicki	0.300 	TE17		0.0 	0.0 	27.6 	20.6 	17.3 	18.3 	17.4 	16.3 	17.2 	16.5 	16.4 	16.1 	0.0 	16.8 	16.3 	16.9 	16.9 		-	-	TE1	TE3	TE2	TE1	TE1	TE2	TE1	TE2	TE1	TE2	-	TE1	TE2	TE1	TE1		TE1	16.9 	0.0 	0.0 	0.0 	0.0 	6.3 	75.0 	0.5 	1 	0.726 	0.560 	0.554 	2 	1.000 	0.000 	13 	0.781 		203 	Jayden Daniels	0.495 	QB6	Bucky Irving	0.660 	RB12	Davante Adams	0.559 	WR22	Mike Gesicki	0.250 	TE23		TE9	24.1 	0.0 	0.0 	0.0 	0.0 	37.5 	450.2 	3.2 	9 	0.413 	0.560 	0.493 	1 	0.464 	0.000 	#N/A	0.468 		48.2 	Jayden Daniels	32 	QB31	Bucky Irving	47 	RB21	Davante Adams	73 	WR7	Mike Gesicki	45 	TE12					Las Vegas Raiders	Miami Dolphins	0 	0.0 	0 	0.0 	0.0 	0 	0.0 	0.0 	0.0 	0.0 	0.0 	0.0 	-		Las Vegas Raiders	Los Angeles Chargers	0 	0.0 	0 	0.0 	0.0 	0 	0.0 	0.0 	0.0 	0.0 	0.0 	0.0 	-		Las Vegas Raiders	New Orleans Saints	0 	0.0 	0 	0.0 	10.0 	116 	1.0 	0.0 	0.0 	0.0 	0.0 	27.6 	TE1		Las Vegas Raiders	Kansas City Chiefs	0 	0.0 	0 	0.0 	6.0 	86 	1.0 	0.0 	0.0 	0.0 	0.0 	20.6 	TE3		Las Vegas Raiders	New England Patriots	0 	0.0 	0 	0.0 	6.4 	76 	0.6 	0.0 	0.0 	0.0 	0.0 	17.3 	TE2		Las Vegas Raiders	Buffalo Bills	0 	0.0 	0 	0.0 	6.6 	80 	0.6 	0.0 	0.0 	0.0 	0.0 	18.3 	TE1		Las Vegas Raiders	Los Angeles Rams	0 	0.0 	0 	0.0 	6.5 	78 	0.5 	0.0 	0.0 	0.0 	0.0 	17.4 	TE1		Las Vegas Raiders	New York Jets	0 	0.0 	0 	0.0 	6.1 	73 	0.5 	0.0 	0.0 	0.0 	0.0 	16.3 	TE2		Las Vegas Raiders	San Francisco 49ers	0 	0.0 	0 	0.0 	6.4 	77 	0.5 	0.0 	0.0 	0.0 	0.0 	17.2 	TE1		Las Vegas Raiders	Seattle Seahawks	0 	0.0 	0 	0.0 	6.2 	74 	0.5 	0.0 	0.0 	0.0 	0.0 	16.5 	TE2		Las Vegas Raiders	Denver Broncos	0 	0.0 	0 	0.0 	6.2 	74 	0.5 	0.0 	0.0 	0.0 	0.0 	16.4 	TE1		Las Vegas Raiders	Cleveland Browns	0 	0.0 	0 	0.0 	6.0 	72 	0.5 	0.0 	0.0 	0.0 	0.0 	16.1 	TE2		Las Vegas Raiders	BYE	0 	0.0 	0 	0.0 	0.0 	0 	0.0 	0.0 	0.0 	0.0 	0.0 	0.0 	-		Las Vegas Raiders	Los Angeles Chargers	0 	0.0 	0 	0.0 	6.3 	75 	0.5 	0.0 	0.0 	0.0 	0.0 	16.8 	TE1		Las Vegas Raiders	Denver Broncos	0 	0.0 	0 	0.0 	6.1 	73 	0.5 	0.0 	0.0 	0.0 	0.0 	16.3 	TE2		Las Vegas Raiders	Tennessee Titans	0 	0.0 	0 	0.0 	6.2 	74 	0.6 	0.0 	0.0 	0.0 	0.0 	16.9 	TE1		Las Vegas Raiders	Arizona Cardinals	0 	0.0 	0 	0.0 	6.2 	74 	0.6 	0.0 	0.0 	0.0 	0.0 	16.9 	TE1		Actual	Actual	Actual	Actual	Forecast	Forecast	Forecast	Forecast	Forecast	Forecast	Forecast	Forecast	Forecast	Forecast	Forecast	Forecast	Forecast		Injured	Injured	Healthy	Healthy	Healthy	Healthy	Healthy	Healthy	Healthy	Healthy	Healthy	Healthy	Healthy	Healthy	Healthy	Healthy	Healthy		Week 5 2026	10/8/2026	8:57:03 PM	20		33%	35%	0%	0%	0%	0%		0.3 	1	0	0	0	0	
	Ashton Jeanty	Las Vegas Raiders	RB	RB8	18.0 	289 	0 	0.0 	0.0 	0.0 	1,055 	65.9 	5.0 	0.3 	74.1 	4.6 	573 	35.8 	4.5 	0.3 	0.0 	2.5 	0.0 	0.731 	1.000 	0.911 	2 	0.586 	0.000 	15 	19 	4 	8 	12 	4 	0.754 			Deshaun Watson	0.336 	QB15	Jaylen Warren	0.616 	RB13	DeVonta Smith	0.626 	WR15	Kenyon Sadiq	0.334 	TE15		32.7 	10.3 	12.3 	18.6 	17.6 	19.6 	17.3 	18.1 	17.1 	17.0 	16.3 	17.9 	0.0 	17.4 	17.4 	19.5 	19.5 		RB4	RB22	RB18	RB14	RB6	RB6	RB8	RB5	RB8	RB7	RB9	RB5	-	RB7	RB6	RB5	RB4		RB6	17.9 	0.0 	0.0 	65.9 	0.4 	4.6 	34.0 	0.2 	6 	0.770 	1.000 	0.934 	2 	0.640 	0.000 	12 	0.792 		215 	Deshaun Watson	0.381 	QB15	Jaylen Warren	0.644 	RB13	DeVonta Smith	0.673 	WR11	Kenyon Sadiq	0.321 	TE17		RB10	18.5 	0.0 	0.0 	197.7 	1.2 	13.8 	101.9 	0.6 	10 	0.633 	1.000 	0.888 	1 	0.495 	0.000 	#N/A	0.692 		73.9 	Deshaun Watson	67 	QB13	Jaylen Warren	56 	RB15	DeVonta Smith	49 	WR24	Kenyon Sadiq	39 	TE18					Las Vegas Raiders	Miami Dolphins	0 	0.0 	102 	0.0 	6.0 	45 	2.0 	0.0 	0.0 	0.0 	0.0 	32.7 	RB4		Las Vegas Raiders	Los Angeles Chargers	0 	0.0 	48 	0.0 	4.0 	15 	0.0 	0.0 	0.0 	0.0 	0.0 	10.3 	RB22		Las Vegas Raiders	New Orleans Saints	0 	0.0 	56 	0.0 	3.0 	37 	0.0 	0.0 	0.0 	0.0 	0.0 	12.3 	RB18		Las Vegas Raiders	Kansas City Chiefs	0 	0.0 	58 	0.0 	6.0 	68 	0.0 	0.0 	0.0 	0.0 	0.0 	18.6 	RB14		Las Vegas Raiders	New England Patriots	0 	0.0 	65 	0.4 	4.5 	33 	0.2 	0.0 	0.2 	0.0 	0.0 	17.6 	RB6		Las Vegas Raiders	Buffalo Bills	0 	0.0 	71 	0.5 	4.9 	36 	0.2 	0.0 	0.2 	0.0 	0.0 	19.6 	RB6		Las Vegas Raiders	Los Angeles Rams	0 	0.0 	60 	0.4 	4.8 	35 	0.2 	0.0 	0.2 	0.0 	0.0 	17.3 	RB8		Las Vegas Raiders	New York Jets	0 	0.0 	69 	0.4 	4.5 	33 	0.2 	0.0 	0.2 	0.0 	0.0 	18.1 	RB5		Las Vegas Raiders	San Francisco 49ers	0 	0.0 	59 	0.4 	4.7 	35 	0.2 	0.0 	0.2 	0.0 	0.0 	17.1 	RB8		Las Vegas Raiders	Seattle Seahawks	0 	0.0 	62 	0.4 	4.6 	34 	0.2 	0.0 	0.2 	0.0 	0.0 	17.0 	RB7		Las Vegas Raiders	Denver Broncos	0 	0.0 	57 	0.3 	4.6 	34 	0.2 	0.0 	0.2 	0.0 	0.0 	16.3 	RB9		Las Vegas Raiders	Cleveland Browns	0 	0.0 	69 	0.4 	4.4 	33 	0.2 	0.0 	0.2 	0.0 	0.0 	17.9 	RB5		Las Vegas Raiders	BYE	0 	0.0 	0 	0.0 	0.0 	0 	0.0 	0.0 	0.0 	0.0 	0.0 	0.0 	-		Las Vegas Raiders	Los Angeles Chargers	0 	0.0 	62 	0.4 	4.6 	34 	0.2 	0.0 	0.2 	0.0 	0.0 	17.4 	RB7		Las Vegas Raiders	Denver Broncos	0 	0.0 	65 	0.4 	4.5 	33 	0.2 	0.0 	0.2 	0.0 	0.0 	17.4 	RB6		Las Vegas Raiders	Tennessee Titans	0 	0.0 	76 	0.5 	4.6 	34 	0.2 	0.0 	0.2 	0.0 	0.0 	19.5 	RB5		Las Vegas Raiders	Arizona Cardinals	0 	0.0 	76 	0.5 	4.6 	34 	0.2 	0.0 	0.2 	0.0 	0.0 	19.5 	RB4		Actual	Actual	Actual	Actual	Forecast	Forecast	Forecast	Forecast	Forecast	Forecast	Forecast	Forecast	Forecast	Forecast	Forecast	Forecast	Forecast		Healthy	Healthy	Healthy	Healthy	Limited / Handicapped	Healthy	Healthy	Healthy	Healthy	Healthy	Healthy	Healthy	Healthy	Healthy	Healthy	Healthy	Healthy		Week 5 2026	10/8/2026	8:57:03 PM	20		15%	14%	67%	70%	0%	0%		0.1 	0	0	0	0	0	0.099374 
	Javonte Williams	Dallas Cowboys	RB	RB9	17.5 	280 	0 	0.0 	0.0 	0.0 	1,035 	64.7 	12.5 	0.8 	56.1 	3.5 	324 	20.2 	2.9 	0.2 	0.0 	2.4 	0.0 	0.708 	1.000 	0.900 	2 	0.551 	0.000 	16 	28 	12 	9 	13 	4 	0.732 			C.J. Stroud	0.320 	QB16	Breece Hall	0.567 	RB16	Drake London	0.631 	WR14	Michael Mayer	0.351 	TE14		24.2 	8.0 	18.3 	31.3 	18.3 	16.5 	14.8 	18.7 	16.7 	16.7 	17.7 	16.2 	14.2 	0.0 	14.3 	16.8 	17.1 		RB9	RB33	RB10	RB2	RB4	RB8	RB12	RB4	RB10	RB10	RB6	RB9	RB10	-	RB16	RB8	RB9		RB9	16.5 	0.0 	0.0 	67.0 	0.6 	3.4 	20.5 	0.2 	9 	0.710 	1.000 	0.900 	1 	0.546 	0.000 	18 	0.730 		198 	C.J. Stroud	0.307 	QB24	Breece Hall	0.610 	RB14	Drake London	0.681 	WR10	Michael Mayer	0.362 	TE14		RB7	20.5 	0.0 	0.0 	200.9 	1.9 	10.3 	61.6 	0.5 	7 	0.701 	1.000 	0.923 	2 	0.590 	0.000 	#N/A	0.756 		81.8 	C.J. Stroud	68 	QB11	Breece Hall	43 	RB26	Drake London	57 	WR14	Michael Mayer	43 	TE13					Dallas Cowboys	New York Giants	0 	0.0 	41 	1.0 	5.0 	31 	1.0 	0.0 	0.0 	0.0 	0.0 	24.2 	RB9		Dallas Cowboys	Washington Commanders	0 	0.0 	30 	0.0 	3.0 	20 	0.0 	0.0 	0.0 	0.0 	0.0 	8.0 	RB33		Dallas Cowboys	Baltimore Ravens	0 	0.0 	98 	1.0 	2.0 	5 	0.0 	0.0 	0.0 	0.0 	0.0 	18.3 	RB10		Dallas Cowboys	Houston Texans	0 	0.0 	62 	3.0 	5.0 	21 	0.0 	0.0 	0.0 	0.0 	0.0 	31.3 	RB2		Dallas Cowboys	Tampa Bay Buccaneers	0 	0.0 	79 	0.7 	3.3 	20 	0.2 	0.0 	0.2 	0.0 	0.0 	18.3 	RB4		Dallas Cowboys	Green Bay Packers	0 	0.0 	66 	0.6 	3.5 	21 	0.2 	0.0 	0.2 	0.0 	0.0 	16.5 	RB8		Dallas Cowboys	Philadelphia Eagles	0 	0.0 	59 	0.5 	3.3 	20 	0.1 	0.0 	0.2 	0.0 	0.0 	14.8 	RB12		Dallas Cowboys	Arizona Cardinals	0 	0.0 	80 	0.8 	3.4 	20 	0.2 	0.0 	0.2 	0.0 	0.0 	18.7 	RB4		Dallas Cowboys	Indianapolis Colts	0 	0.0 	67 	0.6 	3.5 	21 	0.2 	0.0 	0.2 	0.0 	0.0 	16.7 	RB10		Dallas Cowboys	San Francisco 49ers	0 	0.0 	67 	0.6 	3.5 	21 	0.2 	0.0 	0.2 	0.0 	0.0 	16.7 	RB10		Dallas Cowboys	Tennessee Titans	0 	0.0 	75 	0.7 	3.4 	20 	0.2 	0.0 	0.2 	0.0 	0.0 	17.7 	RB6		Dallas Cowboys	Philadelphia Eagles	0 	0.0 	65 	0.6 	3.4 	20 	0.2 	0.0 	0.2 	0.0 	0.0 	16.2 	RB9		Dallas Cowboys	Seattle Seahawks	0 	0.0 	55 	0.5 	3.4 	20 	0.1 	0.0 	0.2 	0.0 	0.0 	14.2 	RB10		Dallas Cowboys	BYE	0 	0.0 	0 	0.0 	0.0 	0 	0.0 	0.0 	0.0 	0.0 	0.0 	0.0 	-		Dallas Cowboys	Los Angeles Rams	0 	0.0 	53 	0.5 	3.5 	21 	0.2 	0.0 	0.2 	0.0 	0.0 	14.3 	RB16		Dallas Cowboys	Jacksonville Jaguars	0 	0.0 	67 	0.6 	3.5 	21 	0.2 	0.0 	0.2 	0.0 	0.0 	16.8 	RB8		Dallas Cowboys	New York Giants	0 	0.0 	70 	0.7 	3.4 	21 	0.2 	0.0 	0.2 	0.0 	0.0 	17.1 	RB9		Actual	Actual	Actual	Actual	Forecast	Forecast	Forecast	Forecast	Forecast	Forecast	Forecast	Forecast	Forecast	Forecast	Forecast	Forecast	Forecast		Healthy	Healthy	Healthy	Healthy	Healthy	Healthy	Healthy	Healthy	Healthy	Healthy	Healthy	Healthy	Healthy	Healthy	Healthy	Healthy	Healthy		Week 5 2026	10/8/2026	8:57:03 PM	20		8%	9%	64%	65%	0%	0%		(0.0)	0	0	0	0	0	(0.026717)
	James Cook III	Buffalo Bills	RB	RB10	16.3 	262 	0 	0.0 	0.0 	0.0 	1,529 	95.6 	9.8 	0.6 	30.5 	1.9 	183 	11.4 	1.3 	0.1 	0.0 	3.5 	0.0 	0.662 	1.000 	0.888 	1 	0.480 	0.000 	21 	9 	(12)	10 	5 	(5)	0.691 			Matthew Stafford	0.309 	QB17	Cam Skattebo	0.557 	RB17	Parker Washington	0.591 	WR17	Darren Waller	0.297 	TE18		9.9 	20.9 	19.4 	16.3 	15.6 	17.0 	0.0 	16.3 	15.9 	17.0 	18.3 	16.2 	14.8 	15.0 	16.5 	15.3 	17.2 		RB27	RB5	RB9	RB19	RB9	RB7	-	RB10	RB11	RB8	RB4	RB10	RB9	RB10	RB8	RB12	RB8		RB11	16.3 	0.0 	0.0 	92.4 	0.6 	2.0 	13.2 	0.1 	11 	0.699 	1.000 	0.876 	1 	0.529 	0.000 	22 	0.711 		195 	Matthew Stafford	0.387 	QB14	Cam Skattebo	0.610 	RB15	Parker Washington	0.643 	WR14	Darren Waller	0.300 	TE19		RB11	16.6 	0.0 	0.0 	277.1 	1.7 	6.1 	39.7 	0.3 	11 	0.570 	1.000 	0.876 	1 	0.406 	0.000 	#N/A	0.642 		66.5 	Matthew Stafford	62 	QB16	Cam Skattebo	44 	RB24	Parker Washington	51 	WR21	Darren Waller	40 	TE15					Buffalo Bills	Houston Texans	0 	0.0 	57 	0.0 	3.0 	12 	0.0 	0.0 	0.0 	0.0 	0.0 	9.9 	RB27		Buffalo Bills	Detroit Lions	0 	0.0 	135 	1.0 	1.0 	4 	0.0 	0.0 	0.0 	0.0 	0.0 	20.9 	RB5		Buffalo Bills	Los Angeles Chargers	0 	0.0 	154 	1.0 	0.0 	0 	0.0 	0.0 	1.0 	0.0 	0.0 	19.4 	RB9		Buffalo Bills	New England Patriots	0 	0.0 	75 	1.0 	2.0 	8 	0.0 	0.0 	0.0 	0.0 	0.0 	16.3 	RB19		Buffalo Bills	Los Angeles Rams	0 	0.0 	86 	0.5 	2.1 	14 	0.1 	0.0 	0.2 	0.0 	0.0 	15.6 	RB9		Buffalo Bills	Las Vegas Raiders	0 	0.0 	97 	0.6 	2.1 	13 	0.1 	0.0 	0.2 	0.0 	0.0 	17.0 	RB7		Buffalo Bills	BYE	0 	0.0 	0 	0.0 	0.0 	0 	0.0 	0.0 	0.0 	0.0 	0.0 	0.0 	-		Buffalo Bills	Baltimore Ravens	0 	0.0 	92 	0.6 	2.1 	14 	0.1 	0.0 	0.2 	0.0 	0.0 	16.3 	RB10		Buffalo Bills	Minnesota Vikings	0 	0.0 	90 	0.5 	2.0 	13 	0.1 	0.0 	0.2 	0.0 	0.0 	15.9 	RB11		Buffalo Bills	New York Jets	0 	0.0 	99 	0.6 	2.0 	13 	0.1 	0.0 	0.2 	0.0 	0.0 	17.0 	RB8		Buffalo Bills	Miami Dolphins	0 	0.0 	106 	0.7 	2.0 	13 	0.1 	0.0 	0.2 	0.0 	0.0 	18.3 	RB4		Buffalo Bills	Kansas City Chiefs	0 	0.0 	91 	0.6 	2.1 	13 	0.1 	0.0 	0.2 	0.0 	0.0 	16.2 	RB10		Buffalo Bills	New England Patriots	0 	0.0 	83 	0.5 	2.0 	13 	0.1 	0.0 	0.2 	0.0 	0.0 	14.8 	RB9		Buffalo Bills	Green Bay Packers	0 	0.0 	84 	0.5 	2.0 	13 	0.1 	0.0 	0.2 	0.0 	0.0 	15.0 	RB10		Buffalo Bills	Chicago Bears	0 	0.0 	92 	0.6 	2.1 	14 	0.1 	0.0 	0.2 	0.0 	0.0 	16.5 	RB8		Buffalo Bills	Denver Broncos	0 	0.0 	88 	0.5 	2.0 	13 	0.1 	0.0 	0.2 	0.0 	0.0 	15.3 	RB12		Buffalo Bills	Miami Dolphins	0 	0.0 	100 	0.6 	2.0 	13 	0.1 	0.0 	0.2 	0.0 	0.0 	17.2 	RB8		Actual	Actual	Actual	Actual	Forecast	Forecast	Forecast	Forecast	Forecast	Forecast	Forecast	Forecast	Forecast	Forecast	Forecast	Forecast	Forecast		Healthy	Healthy	Healthy	Healthy	Healthy	Healthy	Healthy	Healthy	Healthy	Healthy	Healthy	Healthy	Healthy	Healthy	Healthy	Healthy	Healthy		Week 5 2026	10/8/2026	8:57:03 PM	20		6%	8%	65%	40%	0%	0%		0.1 	0	0	0	0	0	0.068744 
	Josh Allen	Buffalo Bills	QB	QB1	23.1 	369 	3,661 	228.8 	22.1 	1.4 	578 	36.2 	16.7 	1.0 	1.0 	0.1 	1 	0.1 	0.0 	0.0 	10.7 	1.9 	0.0 	0.934 	0.460 	0.455 	2 	1.000 	0.000 	19 	21 	2 	1 	1 	0 	0.711 			Drake Maye	0.294 	QB18	Bhayshul Tuten	0.539 	RB18	Matthew Golden	0.563 	WR19	Brenton Strange	0.293 	TE19		35.7 	40.8 	17.5 	18.5 	21.2 	22.3 	0.0 	21.8 	21.1 	21.5 	23.0 	21.5 	19.9 	20.1 	22.1 	20.1 	21.9 		QB2	QB1	QB19	QB10	QB1	QB1	-	QB1	QB1	QB1	QB1	QB1	QB1	QB1	QB1	QB1	QB1		QB1	21.4 	218.5 	1.3 	38.4 	0.8 	0.0 	0.0 	0.0 	1 	0.919 	0.460 	0.455 	1 	1.000 	0.000 	20 	0.711 		256 	Drake Maye	0.451 	QB9	Bhayshul Tuten	0.543 	RB20	Matthew Golden	0.567 	WR21	Brenton Strange	0.324 	TE16		QB1	28.1 	655.6 	4.0 	115.1 	2.4 	0.0 	0.0 	0.0 	1 	0.964 	0.460 	0.455 	2 	1.000 	0.000 	#N/A	0.711 		112.5 	Drake Maye	49 	QB22	Bhayshul Tuten	52 	RB16	Matthew Golden	58 	WR12	Brenton Strange	37 	TE19					Buffalo Bills	Houston Texans	334 	2.0 	23 	2.0 	0.0 	0 	0.0 	0.0 	0.0 	0.0 	0.0 	35.7 	QB2		Buffalo Bills	Detroit Lions	248 	3.0 	69 	2.0 	0.0 	0 	0.0 	0.0 	0.0 	0.0 	0.0 	40.8 	QB1		Buffalo Bills	Los Angeles Chargers	204 	0.0 	22 	2.0 	1.0 	1 	0.0 	2.0 	1.0 	0.0 	0.0 	17.5 	QB19		Buffalo Bills	New England Patriots	253 	1.0 	4 	1.0 	0.0 	0 	0.0 	1.0 	0.0 	0.0 	0.0 	18.5 	QB10		Buffalo Bills	Los Angeles Rams	224 	1.4 	36 	0.8 	0.0 	0 	0.0 	0.6 	0.1 	0.0 	0.0 	21.2 	QB1		Buffalo Bills	Las Vegas Raiders	221 	1.4 	40 	0.9 	0.0 	0 	0.0 	0.6 	0.1 	0.0 	0.0 	22.3 	QB1		Buffalo Bills	BYE	0 	0.0 	0 	0.0 	0.0 	0 	0.0 	0.0 	0.0 	0.0 	0.0 	0.0 	-		Buffalo Bills	Baltimore Ravens	223 	1.4 	38 	0.8 	0.0 	0 	0.0 	0.6 	0.1 	0.0 	0.0 	21.8 	QB1		Buffalo Bills	Minnesota Vikings	219 	1.3 	37 	0.8 	0.0 	0 	0.0 	0.6 	0.1 	0.0 	0.0 	21.1 	QB1		Buffalo Bills	New York Jets	212 	1.3 	41 	0.9 	0.0 	0 	0.0 	0.6 	0.1 	0.0 	0.0 	21.5 	QB1		Buffalo Bills	Miami Dolphins	215 	1.4 	44 	1.0 	0.0 	0 	0.0 	0.6 	0.1 	0.0 	0.0 	23.0 	QB1		Buffalo Bills	Kansas City Chiefs	222 	1.4 	38 	0.8 	0.0 	0 	0.0 	0.6 	0.1 	0.0 	0.0 	21.5 	QB1		Buffalo Bills	New England Patriots	216 	1.3 	35 	0.7 	0.0 	0 	0.0 	0.6 	0.1 	0.0 	0.0 	19.9 	QB1		Buffalo Bills	Green Bay Packers	218 	1.3 	35 	0.7 	0.0 	0 	0.0 	0.6 	0.1 	0.0 	0.0 	20.1 	QB1		Buffalo Bills	Chicago Bears	225 	1.4 	38 	0.8 	0.0 	0 	0.0 	0.6 	0.1 	0.0 	0.0 	22.1 	QB1		Buffalo Bills	Denver Broncos	213 	1.2 	36 	0.7 	0.0 	0 	0.0 	0.6 	0.1 	0.0 	0.0 	20.1 	QB1		Buffalo Bills	Miami Dolphins	214 	1.3 	41 	0.9 	0.0 	0 	0.0 	0.6 	0.1 	0.0 	0.0 	21.9 	QB1		Actual	Actual	Actual	Actual	Forecast	Forecast	Forecast	Forecast	Forecast	Forecast	Forecast	Forecast	Forecast	Forecast	Forecast	Forecast	Forecast		Healthy	Healthy	Healthy	Healthy	Healthy	Healthy	Healthy	Healthy	Healthy	Healthy	Healthy	Healthy	Healthy	Healthy	Healthy	Healthy	Healthy		Week 5 2026	10/8/2026	8:57:03 PM	20		0%	0%	27%	57%	99%	99%		0.0 	0	0	0	0	0	0.000000 
	Justin Jefferson	Minnesota Vikings	WR	WR7	16.6 	249 	0 	0.0 	0.0 	0.0 	0 	0.0 	0.0 	0.0 	83.0 	5.5 	1,124 	74.9 	8.7 	0.6 	0.0 	0.2 	0.0 	0.631 	1.000 	0.930 	1 	0.512 	0.000 	18 	12 	(6)	7 	6 	(1)	0.718 			Bo Nix	0.276 	QB19	Jeremiyah Love	0.533 	RB19	Michael Wilson	0.583 	WR18	Dalton Schultz	0.317 	TE16		31.2 	8.5 	5.2 	0.0 	15.9 	0.0 	17.6 	17.3 	17.4 	16.9 	17.3 	17.0 	17.1 	16.5 	17.3 	17.6 	16.5 		WR3	WR36	WR60	-	WR7	-	WR7	WR6	WR7	WR7	WR5	WR7	WR7	WR6	WR7	WR7	WR7		WR7	17.0 	0.0 	0.0 	0.0 	0.0 	5.8 	78.8 	0.6 	7 	0.733 	1.000 	0.930 	2 	0.612 	0.000 	16 	0.773 		204 	Bo Nix	0.345 	QB19	Jeremiyah Love	0.557 	RB18	Michael Wilson	0.612 	WR17	Dalton Schultz	0.310 	TE18		WR27	15.0 	0.0 	0.0 	0.0 	0.0 	23.3 	315.1 	2.2 	27 	0.385 	1.000 	0.730 	1 	0.143 	0.000 	#N/A	0.443 		44.9 	Bo Nix	57 	QB20	Jeremiyah Love	49 	RB18	Michael Wilson	57 	WR15	Dalton Schultz	42 	TE14					Minnesota Vikings	Green Bay Packers	0 	0.0 	0 	0.0 	8.0 	92 	2.0 	0.0 	0.0 	0.0 	1.0 	31.2 	WR3		Minnesota Vikings	Chicago Bears	0 	0.0 	0 	0.0 	3.0 	55 	0.0 	0.0 	0.0 	0.0 	0.0 	8.5 	WR36		Minnesota Vikings	Tampa Bay Buccaneers	0 	0.0 	0 	0.0 	2.0 	32 	0.0 	0.0 	0.0 	0.0 	0.0 	5.2 	WR60		Minnesota Vikings	Miami Dolphins	0 	0.0 	0 	0.0 	0.0 	0 	0.0 	0.0 	0.0 	0.0 	0.0 	0.0 	-		Minnesota Vikings	New Orleans Saints	0 	0.0 	0 	0.0 	5.4 	73 	0.5 	0.0 	0.0 	0.0 	0.0 	15.9 	WR7		Minnesota Vikings	BYE	0 	0.0 	0 	0.0 	0.0 	0 	0.0 	0.0 	0.0 	0.0 	0.0 	0.0 	-		Minnesota Vikings	Indianapolis Colts	0 	0.0 	0 	0.0 	6.0 	81 	0.6 	0.0 	0.0 	0.0 	0.0 	17.6 	WR7		Minnesota Vikings	Detroit Lions	0 	0.0 	0 	0.0 	5.9 	80 	0.6 	0.0 	0.0 	0.0 	0.0 	17.3 	WR6		Minnesota Vikings	Buffalo Bills	0 	0.0 	0 	0.0 	5.9 	80 	0.6 	0.0 	0.0 	0.0 	0.0 	17.4 	WR7		Minnesota Vikings	Green Bay Packers	0 	0.0 	0 	0.0 	5.8 	79 	0.5 	0.0 	0.0 	0.0 	0.0 	16.9 	WR7		Minnesota Vikings	San Francisco 49ers	0 	0.0 	0 	0.0 	5.9 	80 	0.6 	0.0 	0.0 	0.0 	0.0 	17.3 	WR5		Minnesota Vikings	Atlanta Falcons	0 	0.0 	0 	0.0 	5.8 	78 	0.6 	0.0 	0.0 	0.0 	0.0 	17.0 	WR7		Minnesota Vikings	Carolina Panthers	0 	0.0 	0 	0.0 	5.8 	79 	0.6 	0.0 	0.0 	0.0 	0.0 	17.1 	WR7		Minnesota Vikings	New England Patriots	0 	0.0 	0 	0.0 	5.7 	78 	0.5 	0.0 	0.0 	0.0 	0.0 	16.5 	WR6		Minnesota Vikings	Detroit Lions	0 	0.0 	0 	0.0 	5.9 	80 	0.6 	0.0 	0.0 	0.0 	0.0 	17.3 	WR7		Minnesota Vikings	Washington Commanders	0 	0.0 	0 	0.0 	6.0 	81 	0.6 	0.0 	0.0 	0.0 	0.0 	17.6 	WR7		Minnesota Vikings	New York Jets	0 	0.0 	0 	0.0 	5.7 	77 	0.5 	0.0 	0.0 	0.0 	0.0 	16.5 	WR7		Actual	Actual	Actual	Actual	Forecast	Forecast	Forecast	Forecast	Forecast	Forecast	Forecast	Forecast	Forecast	Forecast	Forecast	Forecast	Forecast		Healthy	Healthy	Healthy	Injured	Limited / Handicapped	Healthy	Healthy	Healthy	Healthy	Healthy	Healthy	Healthy	Healthy	Healthy	Healthy	Healthy	Healthy		Week 5 2026	10/8/2026	8:57:03 PM	20		36%	37%	0%	0%	0%	0%		0.3 	0	0	1	0	0	
	Nico Collins	Houston Texans	WR	WR8	16.9 	237 	0 	0.0 	0.0 	0.0 	7 	0.5 	0.0 	0.0 	73.3 	5.2 	1,095 	78.2 	9.0 	0.6 	0.0 	0.2 	0.0 	0.600 	1.000 	0.880 	2 	0.532 	0.000 	20 	24 	4 	12 	10 	(2)	0.699 			Cam Ward	0.240 	QB21	Omarion Hampton	0.457 	RB23	George Pickens	0.540 	WR20	Pat Freiermuth	0.286 	TE20		21.2 	0.0 	0.0 	30.8 	14.9 	15.2 	16.0 	0.0 	15.3 	15.0 	16.3 	16.0 	15.3 	15.8 	15.9 	14.2 	15.1 		WR8	-	-	WR3	WR10	WR5	WR8	-	WR10	WR10	WR6	WR8	WR10	WR7	WR8	WR13	WR9		WR8	15.4 	0.0 	0.0 	0.0 	0.0 	4.9 	75.1 	0.5 	8 	0.663 	1.000 	0.920 	1 	0.493 	0.000 	21 	0.711 		185 	Cam Ward	0.289 	QB25	Omarion Hampton	0.466 	RB24	George Pickens	0.606 	WR18	Pat Freiermuth	0.296 	TE20		WR20	26.0 	0.0 	0.0 	0.0 	0.0 	29.7 	450.8 	3.0 	20 	0.446 	1.000 	0.800 	1 	0.228 	0.000 	#N/A	0.518 		52.0 	Cam Ward	57 	QB21	Omarion Hampton	45 	RB22	George Pickens	41 	WR36	Pat Freiermuth	39 	TE17					Houston Texans	Buffalo Bills	0 	0.0 	7 	0.0 	7.0 	75 	1.0 	0.0 	0.0 	0.0 	0.0 	21.2 	WR8		Houston Texans	Cincinnati Bengals	0 	0.0 	0 	0.0 	0.0 	0 	0.0 	0.0 	0.0 	0.0 	0.0 	0.0 	-		Houston Texans	Indianapolis Colts	0 	0.0 	0 	0.0 	0.0 	0 	0.0 	0.0 	0.0 	0.0 	0.0 	0.0 	-		Houston Texans	Dallas Cowboys	0 	0.0 	0 	0.0 	7.0 	118 	2.0 	0.0 	0.0 	0.0 	0.0 	30.8 	WR3		Houston Texans	Tennessee Titans	0 	0.0 	0 	0.0 	4.8 	73 	0.5 	0.0 	0.0 	0.0 	0.0 	14.9 	WR10		Houston Texans	Jacksonville Jaguars	0 	0.0 	0 	0.0 	4.9 	75 	0.5 	0.0 	0.0 	0.0 	0.0 	15.2 	WR5		Houston Texans	New York Giants	0 	0.0 	0 	0.0 	5.1 	77 	0.5 	0.0 	0.0 	0.0 	0.0 	16.0 	WR8		Houston Texans	BYE	0 	0.0 	0 	0.0 	0.0 	0 	0.0 	0.0 	0.0 	0.0 	0.0 	0.0 	-		Houston Texans	Los Angeles Chargers	0 	0.0 	0 	0.0 	4.9 	75 	0.5 	0.0 	0.0 	0.0 	0.0 	15.3 	WR10		Houston Texans	Cleveland Browns	0 	0.0 	0 	0.0 	4.8 	73 	0.5 	0.0 	0.0 	0.0 	0.0 	15.0 	WR10		Houston Texans	Indianapolis Colts	0 	0.0 	0 	0.0 	5.1 	78 	0.6 	0.0 	0.0 	0.0 	0.0 	16.3 	WR6		Houston Texans	Baltimore Ravens	0 	0.0 	0 	0.0 	5.1 	77 	0.5 	0.0 	0.0 	0.0 	0.0 	16.0 	WR8		Houston Texans	Pittsburgh Steelers	0 	0.0 	0 	0.0 	4.9 	75 	0.5 	0.0 	0.0 	0.0 	0.0 	15.3 	WR10		Houston Texans	Washington Commanders	0 	0.0 	0 	0.0 	5.0 	77 	0.5 	0.0 	0.0 	0.0 	0.0 	15.8 	WR7		Houston Texans	Jacksonville Jaguars	0 	0.0 	0 	0.0 	5.1 	77 	0.5 	0.0 	0.0 	0.0 	0.0 	15.9 	WR8		Houston Texans	Philadelphia Eagles	0 	0.0 	0 	0.0 	4.7 	71 	0.4 	0.0 	0.0 	0.0 	0.0 	14.2 	WR13		Houston Texans	Green Bay Packers	0 	0.0 	0 	0.0 	4.9 	74 	0.5 	0.0 	0.0 	0.0 	0.0 	15.1 	WR9		Actual	Actual	Actual	Actual	Forecast	Forecast	Forecast	Forecast	Forecast	Forecast	Forecast	Forecast	Forecast	Forecast	Forecast	Forecast	Forecast		Healthy	Injured	Injured	Healthy	Healthy	Healthy	Healthy	Healthy	Healthy	Healthy	Healthy	Healthy	Healthy	Healthy	Healthy	Healthy	Healthy		Week 5 2026	10/8/2026	8:57:03 PM	20		33%	34%	0%	0%	0%	0%		0.2 	1	1	0	0	0	
	Zay Flowers	Baltimore Ravens	WR	WR9	16.1 	242 	0 	0.0 	0.0 	0.0 	56 	3.7 	0.2 	0.0 	74.2 	4.9 	1,222 	81.5 	6.6 	0.4 	0.0 	0.2 	0.0 	0.612 	1.000 	0.890 	1 	0.479 	0.000 	22 	35 	13 	11 	15 	4 	0.684 			Aaron Rodgers	0.223 	QB23	Saquon Barkley	0.442 	RB25	Denzel Boston	0.496 	WR26	Mark Andrews	0.277 	TE21		26.0 	0.0 	15.4 	25.8 	13.3 	13.8 	15.5 	15.0 	15.0 	14.9 	14.6 	14.3 	0.0 	14.7 	14.6 	14.1 	15.0 		WR7	-	WR20	WR6	WR17	WR13	WR10	WR10	WR13	WR11	WR10	WR15	-	WR11	WR12	WR14	WR10		WR13	14.6 	0.0 	0.0 	3.0 	0.0 	4.7 	72.5 	0.4 	13 	0.626 	1.000 	0.870 	1 	0.431 	0.000 	28 	0.658 		175 	Aaron Rodgers	0.243 	QB26	Saquon Barkley	0.556 	RB19	Denzel Boston	0.473 	WR31	Mark Andrews	0.284 	TE21		WR9	22.4 	0.0 	0.0 	12.1 	0.1 	18.7 	290.1 	1.5 	9 	0.576 	1.000 	0.910 	1 	0.409 	0.000 	#N/A	0.660 		67.2 	Aaron Rodgers	61 	QB17	Saquon Barkley	23 	RB41	Denzel Boston	55 	WR17	Mark Andrews	39 	TE16					Baltimore Ravens	Indianapolis Colts	0 	0.0 	0 	0.0 	5.0 	150 	1.0 	0.0 	0.0 	0.0 	0.0 	26.0 	WR7		Baltimore Ravens	New Orleans Saints	0 	0.0 	0 	0.0 	0.0 	0 	0.0 	0.0 	0.0 	0.0 	0.0 	0.0 	-		Baltimore Ravens	Dallas Cowboys	0 	0.0 	20 	0.0 	5.0 	84 	0.0 	0.0 	0.0 	0.0 	0.0 	15.4 	WR20		Baltimore Ravens	Tennessee Titans	0 	0.0 	0 	0.0 	8.0 	118 	1.0 	0.0 	0.0 	0.0 	0.0 	25.8 	WR6		Baltimore Ravens	Atlanta Falcons	0 	0.0 	2 	0.0 	4.4 	68 	0.3 	0.0 	0.0 	0.0 	0.0 	13.3 	WR17		Baltimore Ravens	Cleveland Browns	0 	0.0 	3 	0.0 	4.5 	69 	0.3 	0.0 	0.0 	0.0 	0.0 	13.8 	WR13		Baltimore Ravens	Cincinnati Bengals	0 	0.0 	3 	0.0 	4.9 	77 	0.4 	0.0 	0.0 	0.0 	0.0 	15.5 	WR10		Baltimore Ravens	Buffalo Bills	0 	0.0 	3 	0.0 	4.8 	75 	0.4 	0.0 	0.0 	0.0 	0.0 	15.0 	WR10		Baltimore Ravens	Jacksonville Jaguars	0 	0.0 	3 	0.0 	4.8 	74 	0.4 	0.0 	0.0 	0.0 	0.0 	15.0 	WR13		Baltimore Ravens	Los Angeles Chargers	0 	0.0 	3 	0.0 	4.8 	74 	0.4 	0.0 	0.0 	0.0 	0.0 	14.9 	WR11		Baltimore Ravens	Carolina Panthers	0 	0.0 	3 	0.0 	4.7 	72 	0.4 	0.0 	0.0 	0.0 	0.0 	14.6 	WR10		Baltimore Ravens	Houston Texans	0 	0.0 	3 	0.0 	4.6 	72 	0.4 	0.0 	0.0 	0.0 	0.0 	14.3 	WR15		Baltimore Ravens	BYE	0 	0.0 	0 	0.0 	0.0 	0 	0.0 	0.0 	0.0 	0.0 	0.0 	0.0 	-		Baltimore Ravens	Tampa Bay Buccaneers	0 	0.0 	3 	0.0 	4.7 	72 	0.4 	0.0 	0.0 	0.0 	0.0 	14.7 	WR11		Baltimore Ravens	Pittsburgh Steelers	0 	0.0 	3 	0.0 	4.7 	73 	0.4 	0.0 	0.0 	0.0 	0.0 	14.6 	WR12		Baltimore Ravens	Cleveland Browns	0 	0.0 	3 	0.0 	4.5 	70 	0.4 	0.0 	0.0 	0.0 	0.0 	14.1 	WR14		Baltimore Ravens	Cincinnati Bengals	0 	0.0 	3 	0.0 	4.8 	75 	0.4 	0.0 	0.0 	0.0 	0.0 	15.0 	WR10		Actual	Actual	Actual	Actual	Forecast	Forecast	Forecast	Forecast	Forecast	Forecast	Forecast	Forecast	Forecast	Forecast	Forecast	Forecast	Forecast		Healthy	Injured	Healthy	Healthy	Limited / Handicapped	Healthy	Healthy	Healthy	Healthy	Healthy	Healthy	Healthy	Healthy	Healthy	Healthy	Healthy	Healthy		Week 5 2026	10/8/2026	8:57:03 PM	20		36%	31%	2%	1%	0%	0%		(0.0)	1	0	0	0	0	
	Christian Watson	Green Bay Packers	WR	WR11	15.3 	244 	0 	0.0 	0.0 	0.0 	0 	0.0 	0.0 	0.0 	70.2 	4.4 	1,160 	72.5 	9.7 	0.6 	0.0 	0.2 	0.0 	0.618 	1.000 	0.910 	1 	0.422 	0.000 	25 	64 	39 	9 	29 	20 	0.671 			Sam Darnold	0.227 	QB22	David Montgomery	0.473 	RB22	Malik Nabers	0.526 	WR23	Colston Loveland	0.264 	TE22		32.7 	14.1 	22.6 	7.7 	13.4 	14.2 	14.2 	13.9 	13.7 	13.9 	0.0 	13.9 	13.9 	14.4 	14.1 	13.9 	13.5 		WR2	WR19	WR6	WR48	WR14	WR10	WR15	WR14	WR17	WR16	-	WR17	WR14	WR13	WR15	WR16	WR18		WR15	13.9 	0.0 	0.0 	0.0 	0.0 	4.2 	69.1 	0.5 	15 	0.598 	1.000 	0.850 	1 	0.384 	0.000 	31 	0.626 		167 	Sam Darnold	0.359 	QB17	David Montgomery	0.479 	RB23	Malik Nabers	0.577 	WR20	Colston Loveland	0.352 	TE15		WR5	19.3 	0.0 	0.0 	0.0 	0.0 	12.6 	207.2 	1.4 	5 	0.661 	1.000 	0.950 	2 	0.528 	0.000 	#N/A	0.738 		77.1 	Sam Darnold	42 	QB26	David Montgomery	44 	RB23	Malik Nabers	45 	WR28	Colston Loveland	20 	TE28					Green Bay Packers	Minnesota Vikings	0 	0.0 	0 	0.0 	6.0 	147 	2.0 	0.0 	0.0 	0.0 	0.0 	32.7 	WR2		Green Bay Packers	New York Jets	0 	0.0 	0 	0.0 	4.0 	41 	1.0 	0.0 	0.0 	0.0 	0.0 	14.1 	WR19		Green Bay Packers	Atlanta Falcons	0 	0.0 	0 	0.0 	7.0 	96 	1.0 	0.0 	0.0 	0.0 	0.0 	22.6 	WR6		Green Bay Packers	Tampa Bay Buccaneers	0 	0.0 	0 	0.0 	3.0 	47 	0.0 	0.0 	0.0 	0.0 	0.0 	7.7 	WR48		Green Bay Packers	Chicago Bears	0 	0.0 	0 	0.0 	4.1 	67 	0.4 	0.0 	0.0 	0.0 	0.0 	13.4 	WR14		Green Bay Packers	Dallas Cowboys	0 	0.0 	0 	0.0 	4.3 	70 	0.5 	0.0 	0.0 	0.0 	0.0 	14.2 	WR10		Green Bay Packers	Detroit Lions	0 	0.0 	0 	0.0 	4.3 	70 	0.5 	0.0 	0.0 	0.0 	0.0 	14.2 	WR15		Green Bay Packers	Carolina Panthers	0 	0.0 	0 	0.0 	4.2 	69 	0.5 	0.0 	0.0 	0.0 	0.0 	13.9 	WR14		Green Bay Packers	New England Patriots	0 	0.0 	0 	0.0 	4.2 	69 	0.5 	0.0 	0.0 	0.0 	0.0 	13.7 	WR17		Green Bay Packers	Minnesota Vikings	0 	0.0 	0 	0.0 	4.2 	69 	0.5 	0.0 	0.0 	0.0 	0.0 	13.9 	WR16		Green Bay Packers	BYE	0 	0.0 	0 	0.0 	0.0 	0 	0.0 	0.0 	0.0 	0.0 	0.0 	0.0 	-		Green Bay Packers	Los Angeles Rams	0 	0.0 	0 	0.0 	4.2 	70 	0.5 	0.0 	0.0 	0.0 	0.0 	13.9 	WR17		Green Bay Packers	New Orleans Saints	0 	0.0 	0 	0.0 	4.2 	69 	0.5 	0.0 	0.0 	0.0 	0.0 	13.9 	WR14		Green Bay Packers	Buffalo Bills	0 	0.0 	0 	0.0 	4.3 	71 	0.5 	0.0 	0.0 	0.0 	0.0 	14.4 	WR13		Green Bay Packers	Miami Dolphins	0 	0.0 	0 	0.0 	4.2 	69 	0.5 	0.0 	0.0 	0.0 	0.0 	14.1 	WR15		Green Bay Packers	Chicago Bears	0 	0.0 	0 	0.0 	4.2 	69 	0.5 	0.0 	0.0 	0.0 	0.0 	13.9 	WR16		Green Bay Packers	Houston Texans	0 	0.0 	0 	0.0 	4.1 	67 	0.4 	0.0 	0.0 	0.0 	0.0 	13.5 	WR18		Actual	Actual	Actual	Actual	Forecast	Forecast	Forecast	Forecast	Forecast	Forecast	Forecast	Forecast	Forecast	Forecast	Forecast	Forecast	Forecast		Healthy	Healthy	Healthy	Healthy	Healthy	Healthy	Healthy	Healthy	Healthy	Healthy	Healthy	Healthy	Healthy	Healthy	Healthy	Healthy	Healthy		Week 5 2026	10/8/2026	8:57:03 PM	20		28%	29%	0%	0%	0%	0%		(0.1)	0	0	0	0	0	(0.111951)
	Trey McBride	Arizona Cardinals	TE	TE2	16.9 	271 	0 	0.0 	0.0 	0.0 	0 	0.0 	0.0 	0.0 	118.8 	7.4 	1,058 	66.1 	7.8 	0.5 	0.0 	0.2 	0.0 	0.685 	0.560 	0.554 	2 	0.904 	0.000 	17 	25 	8 	1 	2 	1 	0.731 			Kirk Cousins	0.263 	QB20	Aaron Jones Sr.	0.447 	RB24	Deebo Samuel	0.490 	WR27	Jake Ferguson	0.247 	TE23		24.5 	18.1 	16.5 	10.1 	18.6 	17.6 	16.6 	16.8 	15.8 	16.8 	16.0 	17.2 	16.4 	0.0 	16.5 	16.8 	16.5 		TE2	TE6	TE7	TE17	TE1	TE2	TE2	TE1	TE2	TE1	TE2	TE1	TE1	-	TE1	TE2	TE2		TE2	16.8 	0.0 	0.0 	0.0 	0.0 	7.2 	68.0 	0.5 	2 	0.722 	0.560 	0.548 	2 	0.992 	0.000 	15 	0.774 		202 	Kirk Cousins	0.170 	QB29	Aaron Jones Sr.	0.424 	RB28	Deebo Samuel	0.450 	WR34	Jake Ferguson	0.259 	TE22		TE1	17.3 	0.0 	0.0 	0.0 	0.0 	21.5 	203.9 	1.4 	1 	0.593 	0.560 	0.554 	2 	1.000 	0.000 	#N/A	0.761 		69.2 	Kirk Cousins	79 	QB9	Aaron Jones Sr.	52 	RB17	Deebo Samuel	58 	WR13	Jake Ferguson	36 	TE20					Arizona Cardinals	Los Angeles Chargers	0 	0.0 	0 	0.0 	9.0 	95 	1.0 	0.0 	0.0 	0.0 	0.0 	24.5 	TE2		Arizona Cardinals	Seattle Seahawks	0 	0.0 	0 	0.0 	8.0 	41 	1.0 	0.0 	0.0 	0.0 	0.0 	18.1 	TE6		Arizona Cardinals	San Francisco 49ers	0 	0.0 	0 	0.0 	9.0 	75 	0.0 	0.0 	0.0 	0.0 	0.0 	16.5 	TE7		Arizona Cardinals	New York Giants	0 	0.0 	0 	0.0 	7.0 	31 	0.0 	0.0 	0.0 	0.0 	0.0 	10.1 	TE17		Arizona Cardinals	Detroit Lions	0 	0.0 	0 	0.0 	7.7 	73 	0.6 	0.0 	0.0 	0.0 	0.0 	18.6 	TE1		Arizona Cardinals	Los Angeles Rams	0 	0.0 	0 	0.0 	7.4 	71 	0.5 	0.0 	0.0 	0.0 	0.0 	17.6 	TE2		Arizona Cardinals	Denver Broncos	0 	0.0 	0 	0.0 	7.1 	68 	0.5 	0.0 	0.0 	0.0 	0.0 	16.6 	TE2		Arizona Cardinals	Dallas Cowboys	0 	0.0 	0 	0.0 	7.2 	68 	0.5 	0.0 	0.0 	0.0 	0.0 	16.8 	TE1		Arizona Cardinals	Seattle Seahawks	0 	0.0 	0 	0.0 	6.9 	65 	0.4 	0.0 	0.0 	0.0 	0.0 	15.8 	TE2		Arizona Cardinals	Los Angeles Rams	0 	0.0 	0 	0.0 	7.2 	68 	0.5 	0.0 	0.0 	0.0 	0.0 	16.8 	TE1		Arizona Cardinals	Kansas City Chiefs	0 	0.0 	0 	0.0 	6.9 	66 	0.4 	0.0 	0.0 	0.0 	0.0 	16.0 	TE2		Arizona Cardinals	Washington Commanders	0 	0.0 	0 	0.0 	7.3 	69 	0.5 	0.0 	0.0 	0.0 	0.0 	17.2 	TE1		Arizona Cardinals	Philadelphia Eagles	0 	0.0 	0 	0.0 	7.1 	67 	0.4 	0.0 	0.0 	0.0 	0.0 	16.4 	TE1		Arizona Cardinals	BYE	0 	0.0 	0 	0.0 	0.0 	0 	0.0 	0.0 	0.0 	0.0 	0.0 	0.0 	-		Arizona Cardinals	New York Jets	0 	0.0 	0 	0.0 	6.9 	66 	0.5 	0.0 	0.0 	0.0 	0.0 	16.5 	TE1		Arizona Cardinals	New Orleans Saints	0 	0.0 	0 	0.0 	7.2 	68 	0.5 	0.0 	0.0 	0.0 	0.0 	16.8 	TE2		Arizona Cardinals	Las Vegas Raiders	0 	0.0 	0 	0.0 	7.0 	66 	0.5 	0.0 	0.0 	0.0 	0.0 	16.5 	TE2		Actual	Actual	Actual	Actual	Forecast	Forecast	Forecast	Forecast	Forecast	Forecast	Forecast	Forecast	Forecast	Forecast	Forecast	Forecast	Forecast		Healthy	Healthy	Healthy	Healthy	Healthy	Healthy	Healthy	Healthy	Healthy	Healthy	Healthy	Healthy	Healthy	Healthy	Healthy	Healthy	Healthy		Week 5 2026	10/8/2026	8:57:03 PM	20		30%	33%	0%	0%	0%	0%		0.0 	0	0	0	0	0	0.013197 
	Tee Higgins	Cincinnati Bengals	WR	WR10	15.5 	248 	0 	0.0 	0.0 	0.0 	0 	0.0 	0.0 	0.0 	80.9 	5.1 	1,262 	78.8 	6.8 	0.4 	0.0 	0.2 	0.0 	0.627 	1.000 	0.920 	1 	0.436 	0.000 	23 	41 	18 	8 	18 	10 	0.683 			Drew Lock	0.214 	QB24	Quinshon Judkins	0.479 	RB21	Jalen Coker	0.527 	WR22	Cade Otton	0.198 	TE24		8.9 	14.5 	21.0 	26.7 	13.2 	0.0 	14.9 	14.9 	15.0 	14.7 	15.2 	14.7 	14.3 	14.6 	14.6 	15.2 	15.2 		WR40	WR17	WR7	WR5	WR18	-	WR13	WR11	WR11	WR12	WR7	WR12	WR12	WR12	WR13	WR8	WR8		WR12	14.7 	0.0 	0.0 	0.0 	0.0 	4.7 	71.7 	0.5 	12 	0.632 	1.000 	0.880 	1 	0.442 	0.000 	26 	0.668 		176 	Drew Lock	0.000 	QB38	Quinshon Judkins	0.458 	RB25	Jalen Coker	0.493 	WR29	Cade Otton	0.214 	TE25		WR8	17.8 	0.0 	0.0 	0.0 	0.0 	14.0 	215.1 	1.5 	8 	0.609 	1.000 	0.920 	2 	0.456 	0.000 	#N/A	0.688 		71.1 	Drew Lock	34 	QB30	Quinshon Judkins	48 	RB20	Jalen Coker	52 	WR19	Cade Otton	31 	TE23					Cincinnati Bengals	Tampa Bay Buccaneers	0 	0.0 	0 	0.0 	3.0 	59 	0.0 	0.0 	0.0 	0.0 	0.0 	8.9 	WR40		Cincinnati Bengals	Houston Texans	0 	0.0 	0 	0.0 	5.0 	95 	0.0 	0.0 	0.0 	0.0 	0.0 	14.5 	WR17		Cincinnati Bengals	Pittsburgh Steelers	0 	0.0 	0 	0.0 	6.0 	90 	1.0 	0.0 	0.0 	0.0 	0.0 	21.0 	WR7		Cincinnati Bengals	Jacksonville Jaguars	0 	0.0 	0 	0.0 	11.0 	157 	0.0 	0.0 	0.0 	0.0 	0.0 	26.7 	WR5		Cincinnati Bengals	Miami Dolphins	0 	0.0 	0 	0.0 	4.2 	65 	0.4 	0.0 	0.0 	0.0 	0.0 	13.2 	WR18		Cincinnati Bengals	BYE	0 	0.0 	0 	0.0 	0.0 	0 	0.0 	0.0 	0.0 	0.0 	0.0 	0.0 	-		Cincinnati Bengals	Baltimore Ravens	0 	0.0 	0 	0.0 	4.8 	73 	0.5 	0.0 	0.0 	0.0 	0.0 	14.9 	WR13		Cincinnati Bengals	Tennessee Titans	0 	0.0 	0 	0.0 	4.7 	72 	0.5 	0.0 	0.0 	0.0 	0.0 	14.9 	WR11		Cincinnati Bengals	Atlanta Falcons	0 	0.0 	0 	0.0 	4.7 	73 	0.5 	0.0 	0.0 	0.0 	0.0 	15.0 	WR11		Cincinnati Bengals	Pittsburgh Steelers	0 	0.0 	0 	0.0 	4.7 	72 	0.5 	0.0 	0.0 	0.0 	0.0 	14.7 	WR12		Cincinnati Bengals	Washington Commanders	0 	0.0 	0 	0.0 	4.8 	74 	0.5 	0.0 	0.0 	0.0 	0.0 	15.2 	WR7		Cincinnati Bengals	New Orleans Saints	0 	0.0 	0 	0.0 	4.6 	71 	0.5 	0.0 	0.0 	0.0 	0.0 	14.7 	WR12		Cincinnati Bengals	Cleveland Browns	0 	0.0 	0 	0.0 	4.5 	70 	0.5 	0.0 	0.0 	0.0 	0.0 	14.3 	WR12		Cincinnati Bengals	Kansas City Chiefs	0 	0.0 	0 	0.0 	4.6 	71 	0.5 	0.0 	0.0 	0.0 	0.0 	14.6 	WR12		Cincinnati Bengals	Carolina Panthers	0 	0.0 	0 	0.0 	4.6 	71 	0.5 	0.0 	0.0 	0.0 	0.0 	14.6 	WR13		Cincinnati Bengals	Indianapolis Colts	0 	0.0 	0 	0.0 	4.8 	74 	0.5 	0.0 	0.0 	0.0 	0.0 	15.2 	WR8		Cincinnati Bengals	Baltimore Ravens	0 	0.0 	0 	0.0 	4.8 	74 	0.5 	0.0 	0.0 	0.0 	0.0 	15.2 	WR8		Actual	Actual	Actual	Actual	Forecast	Forecast	Forecast	Forecast	Forecast	Forecast	Forecast	Forecast	Forecast	Forecast	Forecast	Forecast	Forecast		Healthy	Healthy	Healthy	Healthy	Limited / Handicapped	Healthy	Healthy	Healthy	Healthy	Healthy	Healthy	Healthy	Healthy	Healthy	Healthy	Healthy	Healthy		Week 5 2026	10/8/2026	8:57:03 PM	20		27%	23%	0%	0%	0%	0%		(0.0)	0	0	0	0	0	(0.020224)
	Chase Brown	Cincinnati Bengals	RB	RB11	15.9 	254 	0 	0.0 	0.0 	0.0 	1,016 	63.5 	6.6 	0.4 	66.7 	4.2 	391 	24.4 	2.0 	0.1 	0.0 	2.7 	0.0 	0.643 	1.000 	0.876 	1 	0.451 	0.000 	24 	13 	(11)	11 	7 	(4)	0.671 			Justin Herbert	0.196 	QB26	Rhamondre Stevenson	0.437 	RB26	Stefon Diggs	0.531 	WR21	Hunter Henry	0.183 	TE25		18.8 	11.2 	8.9 	19.1 	16.5 	0.0 	14.6 	17.7 	17.0 	15.9 	16.4 	17.5 	16.1 	15.7 	15.7 	16.4 	16.4 		RB14	RB19	RB32	RB13	RB8	-	RB13	RB7	RB9	RB11	RB8	RB6	RB6	RB9	RB11	RB9	RB10		RB10	16.3 	0.0 	0.0 	67.4 	0.5 	3.8 	24.0 	0.2 	10 	0.702 	1.000 	0.888 	1 	0.535 	0.000 	19 	0.719 		196 	Justin Herbert	0.352 	QB18	Rhamondre Stevenson	0.446 	RB27	Stefon Diggs	0.531 	WR24	Hunter Henry	0.190 	TE26		RB14	14.5 	0.0 	0.0 	202.3 	1.4 	11.4 	72.0 	0.5 	14 	0.497 	1.000 	0.840 	1 	0.304 	0.000 	#N/A	0.574 		58.0 	Justin Herbert	43 	QB24	Rhamondre Stevenson	43 	RB25	Stefon Diggs	53 	WR18	Hunter Henry	25 	TE25					Cincinnati Bengals	Tampa Bay Buccaneers	0 	0.0 	56 	1.0 	5.0 	22 	0.0 	0.0 	0.0 	0.0 	0.0 	18.8 	RB14		Cincinnati Bengals	Houston Texans	0 	0.0 	80 	0.0 	3.0 	2 	0.0 	0.0 	0.0 	0.0 	0.0 	11.2 	RB19		Cincinnati Bengals	Pittsburgh Steelers	0 	0.0 	61 	0.0 	2.0 	8 	0.0 	0.0 	0.0 	0.0 	0.0 	8.9 	RB32		Cincinnati Bengals	Jacksonville Jaguars	0 	0.0 	10 	0.0 	11.0 	71 	0.0 	0.0 	0.0 	0.0 	0.0 	19.1 	RB13		Cincinnati Bengals	Miami Dolphins	0 	0.0 	72 	0.5 	3.6 	23 	0.2 	0.0 	0.2 	0.0 	0.0 	16.5 	RB8		Cincinnati Bengals	BYE	0 	0.0 	0 	0.0 	0.0 	0 	0.0 	0.0 	0.0 	0.0 	0.0 	0.0 	-		Cincinnati Bengals	Baltimore Ravens	0 	0.0 	56 	0.4 	3.9 	24 	0.2 	0.0 	0.2 	0.0 	0.0 	14.6 	RB13		Cincinnati Bengals	Tennessee Titans	0 	0.0 	75 	0.6 	3.8 	24 	0.2 	0.0 	0.2 	0.0 	0.0 	17.7 	RB7		Cincinnati Bengals	Atlanta Falcons	0 	0.0 	71 	0.5 	3.9 	24 	0.2 	0.0 	0.2 	0.0 	0.0 	17.0 	RB9		Cincinnati Bengals	Pittsburgh Steelers	0 	0.0 	65 	0.4 	3.8 	24 	0.2 	0.0 	0.2 	0.0 	0.0 	15.9 	RB11		Cincinnati Bengals	Washington Commanders	0 	0.0 	66 	0.5 	3.9 	25 	0.2 	0.0 	0.2 	0.0 	0.0 	16.4 	RB8		Cincinnati Bengals	New Orleans Saints	0 	0.0 	75 	0.5 	3.8 	24 	0.2 	0.0 	0.2 	0.0 	0.0 	17.5 	RB6		Cincinnati Bengals	Cleveland Browns	0 	0.0 	68 	0.5 	3.7 	23 	0.2 	0.0 	0.2 	0.0 	0.0 	16.1 	RB6		Cincinnati Bengals	Kansas City Chiefs	0 	0.0 	64 	0.4 	3.8 	24 	0.2 	0.0 	0.2 	0.0 	0.0 	15.7 	RB9		Cincinnati Bengals	Carolina Panthers	0 	0.0 	64 	0.4 	3.8 	24 	0.2 	0.0 	0.2 	0.0 	0.0 	15.7 	RB11		Cincinnati Bengals	Indianapolis Colts	0 	0.0 	66 	0.5 	3.9 	25 	0.2 	0.0 	0.2 	0.0 	0.0 	16.4 	RB9		Cincinnati Bengals	Baltimore Ravens	0 	0.0 	66 	0.5 	3.9 	25 	0.2 	0.0 	0.2 	0.0 	0.0 	16.4 	RB10		Actual	Actual	Actual	Actual	Forecast	Forecast	Forecast	Forecast	Forecast	Forecast	Forecast	Forecast	Forecast	Forecast	Forecast	Forecast	Forecast		Healthy	Healthy	Healthy	Healthy	Healthy	Healthy	Healthy	Healthy	Healthy	Healthy	Healthy	Healthy	Healthy	Healthy	Healthy	Healthy	Healthy		Week 5 2026	10/8/2026	8:57:03 PM	20		9%	8%	71%	73%	0%	0%		0.1 	0	0	0	0	0	0.144474 
	Chuba Hubbard	Carolina Panthers	RB	RB12	14.6 	233 	0 	0.0 	0.0 	0.0 	1,015 	63.5 	7.8 	0.5 	35.7 	2.2 	302 	18.9 	4.0 	0.2 	0.0 	2.2 	0.0 	0.591 	1.000 	0.864 	1 	0.371 	0.000 	30 	90 	60 	12 	34 	22 	0.626 			Jacoby Brissett	0.207 	QB25	TreVeyon Henderson	0.430 	RB27	Mike Evans	0.500 	WR25	Kyle Pitts Sr.	0.176 	TE26		23.7 	14.4 	15.0 	25.9 	0.0 	13.2 	13.7 	12.2 	12.7 	13.1 	12.8 	12.7 	12.3 	14.1 	13.6 	12.2 	11.7 		RB10	RB10	RB12	RB7	-	RB15	RB14	RB19	RB16	RB16	RB16	RB20	RB16	RB14	RB18	RB21	RB21		RB17	12.9 	0.0 	0.0 	59.1 	0.4 	2.1 	18.2 	0.2 	17 	0.553 	1.000 	0.804 	1 	0.302 	0.000 	43 	0.565 		154 	Jacoby Brissett	0.232 	QB27	TreVeyon Henderson	0.515 	RB21	Mike Evans	0.511 	WR26	Kyle Pitts Sr.	0.221 	TE24		RB8	19.8 	0.0 	0.0 	177.3 	1.2 	6.4 	54.5 	0.5 	8 	0.677 	1.000 	0.911 	2 	0.556 	0.000 	#N/A	0.734 		79.0 	Jacoby Brissett	59 	QB19	TreVeyon Henderson	22 	RB44	Mike Evans	50 	WR22	Kyle Pitts Sr.	12 	TE37					Carolina Panthers	Chicago Bears	0 	0.0 	49 	1.0 	3.0 	38 	1.0 	0.0 	0.0 	0.0 	0.0 	23.7 	RB10		Carolina Panthers	Atlanta Falcons	0 	0.0 	53 	0.0 	2.0 	11 	1.0 	0.0 	0.0 	0.0 	0.0 	14.4 	RB10		Carolina Panthers	Cleveland Browns	0 	0.0 	82 	0.0 	4.0 	28 	0.0 	0.0 	0.0 	0.0 	0.0 	15.0 	RB12		Carolina Panthers	Detroit Lions	0 	0.0 	122 	2.0 	1.0 	7 	0.0 	0.0 	0.0 	0.0 	0.0 	25.9 	RB7		Carolina Panthers	BYE	0 	0.0 	0 	0.0 	0.0 	0 	0.0 	0.0 	0.0 	0.0 	0.0 	0.0 	-		Carolina Panthers	Philadelphia Eagles	0 	0.0 	62 	0.4 	2.1 	18 	0.2 	0.0 	0.2 	0.0 	0.0 	13.2 	RB15		Carolina Panthers	Tampa Bay Buccaneers	0 	0.0 	64 	0.4 	2.2 	18 	0.2 	0.0 	0.2 	0.0 	0.0 	13.7 	RB14		Carolina Panthers	Green Bay Packers	0 	0.0 	55 	0.4 	2.2 	18 	0.2 	0.0 	0.2 	0.0 	0.0 	12.2 	RB19		Carolina Panthers	Denver Broncos	0 	0.0 	59 	0.4 	2.1 	18 	0.2 	0.0 	0.2 	0.0 	0.0 	12.7 	RB16		Carolina Panthers	New Orleans Saints	0 	0.0 	61 	0.4 	2.1 	18 	0.2 	0.0 	0.2 	0.0 	0.0 	13.1 	RB16		Carolina Panthers	Baltimore Ravens	0 	0.0 	58 	0.4 	2.2 	18 	0.2 	0.0 	0.2 	0.0 	0.0 	12.8 	RB16		Carolina Panthers	Tampa Bay Buccaneers	0 	0.0 	57 	0.4 	2.2 	18 	0.2 	0.0 	0.2 	0.0 	0.0 	12.7 	RB20		Carolina Panthers	Minnesota Vikings	0 	0.0 	56 	0.4 	2.1 	18 	0.2 	0.0 	0.2 	0.0 	0.0 	12.3 	RB16		Carolina Panthers	New Orleans Saints	0 	0.0 	66 	0.5 	2.2 	18 	0.2 	0.0 	0.2 	0.0 	0.0 	14.1 	RB14		Carolina Panthers	Cincinnati Bengals	0 	0.0 	62 	0.4 	2.2 	19 	0.2 	0.0 	0.2 	0.0 	0.0 	13.6 	RB18		Carolina Panthers	Pittsburgh Steelers	0 	0.0 	56 	0.4 	2.1 	18 	0.2 	0.0 	0.2 	0.0 	0.0 	12.2 	RB21		Carolina Panthers	Seattle Seahawks	0 	0.0 	53 	0.3 	2.1 	18 	0.2 	0.0 	0.2 	0.0 	0.0 	11.7 	RB21		Actual	Actual	Actual	Actual	Forecast	Forecast	Forecast	Forecast	Forecast	Forecast	Forecast	Forecast	Forecast	Forecast	Forecast	Forecast	Forecast		Healthy	Healthy	Healthy	Healthy	Healthy	Healthy	Healthy	Healthy	Healthy	Healthy	Healthy	Healthy	Healthy	Healthy	Healthy	Healthy	Healthy		Week 5 2026	10/8/2026	8:57:03 PM	20		8%	11%	57%	58%	0%	0%		(0.2)	0	0	0	0	0	(0.168549)
	Tetairoa McMillan	Carolina Panthers	WR	WR13	14.8 	236 	0 	0.0 	0.0 	0.0 	0 	0.0 	0.0 	0.0 	79.1 	4.9 	1,176 	73.5 	7.0 	0.4 	0.0 	1.2 	0.0 	0.598 	1.000 	0.870 	1 	0.390 	0.000 	27 	37 	10 	13 	16 	3 	0.637 			Baker Mayfield	0.186 	QB27	Kyle Monangai	0.388 	RB30	Carnell Tate	0.513 	WR24	Oronde Gadsden II	0.169 	TE27		10.5 	15.1 	3.7 	45.2 	0.0 	13.3 	13.8 	13.5 	13.1 	13.5 	13.8 	13.6 	13.3 	13.8 	13.9 	13.1 	13.3 		WR32	WR15	WR71	WR1	-	WR14	WR16	WR17	WR18	WR18	WR12	WR18	WR16	WR16	WR16	WR20	WR20		WR19	13.5 	0.0 	0.0 	0.0 	0.0 	4.4 	65.9 	0.4 	18 	0.580 	1.000 	0.820 	1 	0.353 	0.000 	38 	0.597 		162 	Baker Mayfield	0.315 	QB23	Kyle Monangai	0.315 	RB36	Carnell Tate	0.541 	WR23	Oronde Gadsden II	0.168 	TE28		WR6	18.6 	0.0 	0.0 	0.0 	0.0 	13.3 	197.7 	1.3 	6 	0.639 	1.000 	0.940 	2 	0.497 	0.000 	#N/A	0.717 		74.5 	Baker Mayfield	35 	QB28	Kyle Monangai	59 	RB13	Carnell Tate	47 	WR26	Oronde Gadsden II	24 	TE27					Carolina Panthers	Chicago Bears	0 	0.0 	0 	0.0 	5.0 	75 	0.0 	0.0 	1.0 	0.0 	0.0 	10.5 	WR32		Carolina Panthers	Atlanta Falcons	0 	0.0 	0 	0.0 	5.0 	101 	0.0 	0.0 	0.0 	0.0 	0.0 	15.1 	WR15		Carolina Panthers	Cleveland Browns	0 	0.0 	0 	0.0 	2.0 	17 	0.0 	0.0 	0.0 	0.0 	0.0 	3.7 	WR71		Carolina Panthers	Detroit Lions	0 	0.0 	0 	0.0 	14.0 	192 	2.0 	0.0 	0.0 	0.0 	0.0 	45.2 	WR1		Carolina Panthers	BYE	0 	0.0 	0 	0.0 	0.0 	0 	0.0 	0.0 	0.0 	0.0 	0.0 	0.0 	-		Carolina Panthers	Philadelphia Eagles	0 	0.0 	0 	0.0 	4.4 	65 	0.4 	0.0 	0.0 	0.0 	0.0 	13.3 	WR14		Carolina Panthers	Tampa Bay Buccaneers	0 	0.0 	0 	0.0 	4.5 	67 	0.4 	0.0 	0.0 	0.0 	0.0 	13.8 	WR16		Carolina Panthers	Green Bay Packers	0 	0.0 	0 	0.0 	4.5 	66 	0.4 	0.0 	0.0 	0.0 	0.0 	13.5 	WR17		Carolina Panthers	Denver Broncos	0 	0.0 	0 	0.0 	4.3 	64 	0.4 	0.0 	0.0 	0.0 	0.0 	13.1 	WR18		Carolina Panthers	New Orleans Saints	0 	0.0 	0 	0.0 	4.4 	66 	0.4 	0.0 	0.0 	0.0 	0.0 	13.5 	WR18		Carolina Panthers	Baltimore Ravens	0 	0.0 	0 	0.0 	4.5 	67 	0.4 	0.0 	0.0 	0.0 	0.0 	13.8 	WR12		Carolina Panthers	Tampa Bay Buccaneers	0 	0.0 	0 	0.0 	4.5 	66 	0.4 	0.0 	0.0 	0.0 	0.0 	13.6 	WR18		Carolina Panthers	Minnesota Vikings	0 	0.0 	0 	0.0 	4.4 	65 	0.4 	0.0 	0.0 	0.0 	0.0 	13.3 	WR16		Carolina Panthers	New Orleans Saints	0 	0.0 	0 	0.0 	4.5 	66 	0.5 	0.0 	0.0 	0.0 	0.0 	13.8 	WR16		Carolina Panthers	Cincinnati Bengals	0 	0.0 	0 	0.0 	4.5 	67 	0.5 	0.0 	0.0 	0.0 	0.0 	13.9 	WR16		Carolina Panthers	Pittsburgh Steelers	0 	0.0 	0 	0.0 	4.3 	65 	0.4 	0.0 	0.0 	0.0 	0.0 	13.1 	WR20		Carolina Panthers	Seattle Seahawks	0 	0.0 	0 	0.0 	4.4 	66 	0.4 	0.0 	0.0 	0.0 	0.0 	13.3 	WR20		Actual	Actual	Actual	Actual	Forecast	Forecast	Forecast	Forecast	Forecast	Forecast	Forecast	Forecast	Forecast	Forecast	Forecast	Forecast	Forecast		Healthy	Healthy	Healthy	Healthy	Healthy	Healthy	Healthy	Healthy	Healthy	Healthy	Healthy	Healthy	Healthy	Healthy	Healthy	Healthy	Healthy		Week 5 2026	10/8/2026	8:57:03 PM	20		29%	28%	0%	0%	0%	0%		(0.1)	0	0	0	0	0	(0.120164)
	Garrett Wilson	New York Jets	WR	WR12	15.2 	243 	0 	0.0 	0.0 	0.0 	0 	0.0 	0.1 	0.0 	93.2 	5.8 	1,059 	66.2 	7.4 	0.5 	0.0 	0.2 	0.0 	0.616 	1.000 	0.900 	1 	0.419 	0.000 	26 	40 	14 	10 	17 	7 	0.665 			Malik Willis	0.176 	QB28	Tony Pollard	0.396 	RB28	Rashee Rice	0.478 	WR28	AJ Barner	0.158 	TE29		13.9 	16.7 	26.7 	5.7 	15.1 	15.2 	15.5 	15.2 	14.6 	15.7 	14.6 	15.0 	0.0 	14.7 	15.1 	14.7 	14.8 		WR23	WR14	WR3	WR58	WR8	WR6	WR11	WR8	WR14	WR8	WR9	WR11	-	WR10	WR9	WR10	WR14		WR9	15.0 	0.0 	0.0 	0.0 	0.0 	5.8 	65.7 	0.4 	9 	0.646 	1.000 	0.910 	1 	0.465 	0.000 	23 	0.692 		180 	Malik Willis	0.337 	QB20	Tony Pollard	0.408 	RB30	Rashee Rice	0.517 	WR25	AJ Barner	0.147 	TE32		WR10	15.8 	0.0 	0.0 	0.0 	0.0 	17.3 	197.1 	1.3 	10 	0.540 	1.000 	0.900 	1 	0.359 	0.000 	#N/A	0.630 		63.0 	Malik Willis	42 	QB25	Tony Pollard	39 	RB27	Rashee Rice	38 	WR41	AJ Barner	25 	TE24					New York Jets	Tennessee Titans	0 	0.0 	0 	0.0 	6.0 	79 	0.0 	0.0 	0.0 	0.0 	0.0 	13.9 	WR23		New York Jets	Green Bay Packers	0 	0.0 	0 	0.0 	5.0 	57 	1.0 	0.0 	0.0 	0.0 	0.0 	16.7 	WR14		New York Jets	Detroit Lions	0 	0.0 	0 	0.0 	10.0 	107 	1.0 	0.0 	0.0 	0.0 	0.0 	26.7 	WR3		New York Jets	Chicago Bears	0 	0.0 	0 	0.0 	3.0 	27 	0.0 	0.0 	0.0 	0.0 	0.0 	5.7 	WR58		New York Jets	Cleveland Browns	0 	0.0 	0 	0.0 	5.7 	65 	0.5 	0.0 	0.0 	0.0 	0.0 	15.1 	WR8		New York Jets	New England Patriots	0 	0.0 	0 	0.0 	5.8 	67 	0.4 	0.0 	0.0 	0.0 	0.0 	15.2 	WR6		New York Jets	Miami Dolphins	0 	0.0 	0 	0.0 	5.8 	66 	0.5 	0.0 	0.0 	0.0 	0.0 	15.5 	WR11		New York Jets	Las Vegas Raiders	0 	0.0 	0 	0.0 	5.7 	65 	0.5 	0.0 	0.0 	0.0 	0.0 	15.2 	WR8		New York Jets	Kansas City Chiefs	0 	0.0 	0 	0.0 	5.7 	65 	0.4 	0.0 	0.0 	0.0 	0.0 	14.6 	WR14		New York Jets	Buffalo Bills	0 	0.0 	0 	0.0 	6.0 	68 	0.5 	0.0 	0.0 	0.0 	0.0 	15.7 	WR8		New York Jets	Los Angeles Chargers	0 	0.0 	0 	0.0 	5.7 	65 	0.4 	0.0 	0.0 	0.0 	0.0 	14.6 	WR9		New York Jets	Miami Dolphins	0 	0.0 	0 	0.0 	5.7 	65 	0.5 	0.0 	0.0 	0.0 	0.0 	15.0 	WR11		New York Jets	BYE	0 	0.0 	0 	0.0 	0.0 	0 	0.0 	0.0 	0.0 	0.0 	0.0 	0.0 	-		New York Jets	Denver Broncos	0 	0.0 	0 	0.0 	5.7 	65 	0.4 	0.0 	0.0 	0.0 	0.0 	14.7 	WR10		New York Jets	Arizona Cardinals	0 	0.0 	0 	0.0 	5.8 	66 	0.5 	0.0 	0.0 	0.0 	0.0 	15.1 	WR9		New York Jets	New England Patriots	0 	0.0 	0 	0.0 	5.7 	65 	0.4 	0.0 	0.0 	0.0 	0.0 	14.7 	WR10		New York Jets	Minnesota Vikings	0 	0.0 	0 	0.0 	5.7 	65 	0.4 	0.0 	0.0 	0.0 	0.0 	14.8 	WR14		Actual	Actual	Actual	Actual	Forecast	Forecast	Forecast	Forecast	Forecast	Forecast	Forecast	Forecast	Forecast	Forecast	Forecast	Forecast	Forecast		Healthy	Healthy	Healthy	Healthy	Healthy	Healthy	Healthy	Healthy	Healthy	Healthy	Healthy	Healthy	Healthy	Healthy	Healthy	Healthy	Healthy		Week 5 2026	10/8/2026	8:57:03 PM	20		30%	35%	0%	1%	0%	0%		0.1 	0	0	0	0	0	0.062715 
	D'Andre Swift	Chicago Bears	RB	RB14	14.2 	228 	0 	0.0 	0.0 	0.0 	1,027 	64.2 	9.3 	0.6 	35.4 	2.2 	308 	19.2 	1.7 	0.1 	0.0 	3.6 	0.0 	0.576 	1.000 	0.840 	1 	0.348 	0.000 	33 	44 	11 	14 	19 	5 	0.604 			Geno Smith	0.150 	QB29	RJ Harvey	0.485 	RB20	Jaylen Waddle	0.473 	WR29	Gunnar Helm	0.163 	TE28		32.4 	12.9 	10.8 	7.4 	12.8 	13.6 	13.7 	12.3 	14.2 	0.0 	14.8 	13.6 	13.9 	14.4 	13.1 	13.7 	14.0 		RB5	RB16	RB22	RB35	RB16	RB13	RB16	RB17	RB13	-	RB10	RB17	RB13	RB11	RB19	RB15	RB15		RB16	13.7 	0.0 	0.0 	59.7 	0.5 	2.1 	18.6 	0.1 	15 	0.588 	1.000 	0.828 	1 	0.356 	0.000 	37 	0.603 		164 	Geno Smith	0.159 	QB30	RJ Harvey	0.501 	RB22	Jaylen Waddle	0.506 	WR27	Gunnar Helm	0.173 	TE27		RB12	15.9 	0.0 	0.0 	179.1 	1.6 	6.4 	55.9 	0.4 	12 	0.544 	1.000 	0.864 	1 	0.370 	0.000 	#N/A	0.618 		63.5 	Geno Smith	60 	QB18	RJ Harvey	38 	RB28	Jaylen Waddle	44 	WR32	Gunnar Helm	17 	TE33					Chicago Bears	Carolina Panthers	0 	0.0 	124 	3.0 	1.0 	10 	0.0 	0.0 	0.0 	0.0 	0.0 	32.4 	RB5		Chicago Bears	Minnesota Vikings	0 	0.0 	45 	0.0 	5.0 	54 	0.0 	0.0 	1.0 	0.0 	0.0 	12.9 	RB16		Chicago Bears	Philadelphia Eagles	0 	0.0 	84 	0.0 	2.0 	4 	0.0 	0.0 	0.0 	0.0 	0.0 	10.8 	RB22		Chicago Bears	New York Jets	0 	0.0 	58 	0.0 	2.0 	16 	0.0 	0.0 	1.0 	0.0 	0.0 	7.4 	RB35		Chicago Bears	Green Bay Packers	0 	0.0 	57 	0.5 	2.0 	18 	0.1 	0.0 	0.2 	0.0 	0.0 	12.8 	RB16		Chicago Bears	Atlanta Falcons	0 	0.0 	60 	0.5 	2.1 	19 	0.1 	0.0 	0.2 	0.0 	0.0 	13.6 	RB13		Chicago Bears	New England Patriots	0 	0.0 	60 	0.5 	2.1 	19 	0.1 	0.0 	0.1 	0.0 	0.0 	13.7 	RB16		Chicago Bears	Seattle Seahawks	0 	0.0 	53 	0.4 	2.1 	19 	0.1 	0.0 	0.1 	0.0 	0.0 	12.3 	RB17		Chicago Bears	Tampa Bay Buccaneers	0 	0.0 	61 	0.6 	2.2 	19 	0.1 	0.0 	0.1 	0.0 	0.0 	14.2 	RB13		Chicago Bears	BYE	0 	0.0 	0 	0.0 	0.0 	0 	0.0 	0.0 	0.0 	0.0 	0.0 	0.0 	-		Chicago Bears	New Orleans Saints	0 	0.0 	66 	0.6 	2.1 	18 	0.1 	0.0 	0.1 	0.0 	0.0 	14.8 	RB10		Chicago Bears	Detroit Lions	0 	0.0 	58 	0.5 	2.2 	19 	0.1 	0.0 	0.1 	0.0 	0.0 	13.6 	RB17		Chicago Bears	Jacksonville Jaguars	0 	0.0 	61 	0.5 	2.1 	19 	0.1 	0.0 	0.1 	0.0 	0.0 	13.9 	RB13		Chicago Bears	Miami Dolphins	0 	0.0 	64 	0.6 	2.1 	19 	0.1 	0.0 	0.1 	0.0 	0.0 	14.4 	RB11		Chicago Bears	Buffalo Bills	0 	0.0 	55 	0.5 	2.2 	19 	0.1 	0.0 	0.1 	0.0 	0.0 	13.1 	RB19		Chicago Bears	Green Bay Packers	0 	0.0 	60 	0.5 	2.1 	19 	0.1 	0.0 	0.1 	0.0 	0.0 	13.7 	RB15		Chicago Bears	Detroit Lions	0 	0.0 	61 	0.5 	2.1 	19 	0.1 	0.0 	0.1 	0.0 	0.0 	14.0 	RB15		Actual	Actual	Actual	Actual	Forecast	Forecast	Forecast	Forecast	Forecast	Forecast	Forecast	Forecast	Forecast	Forecast	Forecast	Forecast	Forecast		Healthy	Healthy	Healthy	Healthy	Limited / Handicapped	Healthy	Healthy	Healthy	Healthy	Healthy	Healthy	Healthy	Healthy	Healthy	Healthy	Healthy	Healthy		Week 5 2026	10/8/2026	8:57:03 PM	20		9%	9%	41%	50%	0%	0%		(0.0)	0	0	0	0	0	(0.015153)
	Davante Adams	Los Angeles Rams	WR	WR16	14.2 	227 	0 	0.0 	0.0 	0.0 	0 	0.0 	0.0 	0.0 	68.0 	4.3 	1,067 	66.7 	8.7 	0.5 	0.0 	0.2 	0.0 	0.573 	1.000 	0.850 	1 	0.350 	0.000 	32 	50 	18 	15 	23 	8 	0.609 			Kyler Murray	0.139 	QB30	Josh Jacobs	0.366 	RB31	Ladd McConkey	0.456 	WR30	Evan Engram	0.153 	TE30		5.6 	39.5 	20.7 	7.2 	13.5 	13.2 	12.5 	12.8 	13.0 	12.7 	0.0 	12.6 	12.5 	12.8 	13.1 	12.2 	12.6 		WR60	WR2	WR10	WR53	WR13	WR16	WR21	WR20	WR19	WR22	-	WR23	WR21	WR20	WR20	WR25	WR21		WR22	12.8 	0.0 	0.0 	0.0 	0.0 	3.8 	56.4 	0.6 	21 	0.550 	1.000 	0.790 	1 	0.302 	0.000 	44 	0.559 		154 	Kyler Murray	0.328 	QB21	Josh Jacobs	0.448 	RB26	Ladd McConkey	0.487 	WR30	Evan Engram	0.161 	TE29		WR7	18.3 	0.0 	0.0 	0.0 	0.0 	11.5 	169.2 	1.7 	7 	0.626 	1.000 	0.930 	2 	0.479 	0.000 	#N/A	0.704 		73.0 	Kyler Murray	23 	QB37	Josh Jacobs	0 	RB73	Ladd McConkey	36 	WR45	Evan Engram	19 	TE31					Los Angeles Rams	San Francisco 49ers	0 	0.0 	0 	0.0 	3.0 	26 	0.0 	0.0 	0.0 	0.0 	0.0 	5.6 	WR60		Los Angeles Rams	New York Giants	0 	0.0 	0 	0.0 	8.0 	195 	2.0 	0.0 	0.0 	0.0 	0.0 	39.5 	WR2		Los Angeles Rams	Denver Broncos	0 	0.0 	0 	0.0 	7.0 	137 	0.0 	0.0 	0.0 	0.0 	0.0 	20.7 	WR10		Los Angeles Rams	Philadelphia Eagles	0 	0.0 	0 	0.0 	4.0 	32 	0.0 	0.0 	0.0 	0.0 	0.0 	7.2 	WR53		Los Angeles Rams	Buffalo Bills	0 	0.0 	0 	0.0 	4.0 	59 	0.6 	0.0 	0.0 	0.0 	0.0 	13.5 	WR13		Los Angeles Rams	Arizona Cardinals	0 	0.0 	0 	0.0 	3.9 	57 	0.6 	0.0 	0.0 	0.0 	0.0 	13.2 	WR16		Los Angeles Rams	Las Vegas Raiders	0 	0.0 	0 	0.0 	3.7 	55 	0.5 	0.0 	0.0 	0.0 	0.0 	12.5 	WR21		Los Angeles Rams	Los Angeles Chargers	0 	0.0 	0 	0.0 	3.9 	57 	0.5 	0.0 	0.0 	0.0 	0.0 	12.8 	WR20		Los Angeles Rams	Washington Commanders	0 	0.0 	0 	0.0 	3.9 	57 	0.6 	0.0 	0.0 	0.0 	0.0 	13.0 	WR19		Los Angeles Rams	Arizona Cardinals	0 	0.0 	0 	0.0 	3.8 	55 	0.6 	0.0 	0.0 	0.0 	0.0 	12.7 	WR22		Los Angeles Rams	BYE	0 	0.0 	0 	0.0 	0.0 	0 	0.0 	0.0 	0.0 	0.0 	0.0 	0.0 	-		Los Angeles Rams	Green Bay Packers	0 	0.0 	0 	0.0 	3.8 	56 	0.5 	0.0 	0.0 	0.0 	0.0 	12.6 	WR23		Los Angeles Rams	Kansas City Chiefs	0 	0.0 	0 	0.0 	3.8 	55 	0.5 	0.0 	0.0 	0.0 	0.0 	12.5 	WR21		Los Angeles Rams	San Francisco 49ers	0 	0.0 	0 	0.0 	3.9 	57 	0.5 	0.0 	0.0 	0.0 	0.0 	12.8 	WR20		Los Angeles Rams	Dallas Cowboys	0 	0.0 	0 	0.0 	3.9 	57 	0.6 	0.0 	0.0 	0.0 	0.0 	13.1 	WR20		Los Angeles Rams	Seattle Seahawks	0 	0.0 	0 	0.0 	3.8 	55 	0.5 	0.0 	0.0 	0.0 	0.0 	12.2 	WR25		Los Angeles Rams	Tampa Bay Buccaneers	0 	0.0 	0 	0.0 	3.8 	56 	0.5 	0.0 	0.0 	0.0 	0.0 	12.6 	WR21		Actual	Actual	Actual	Actual	Forecast	Forecast	Forecast	Forecast	Forecast	Forecast	Forecast	Forecast	Forecast	Forecast	Forecast	Forecast	Forecast		Healthy	Healthy	Healthy	Healthy	Healthy	Healthy	Healthy	Healthy	Healthy	Healthy	Healthy	Healthy	Healthy	Healthy	Healthy	Healthy	Healthy		Week 5 2026	10/8/2026	8:57:03 PM	20		24%	29%	0%	0%	0%	0%		(0.1)	0	0	0	0	0	(0.144795)
	DeVonta Smith	Philadelphia Eagles	WR	WR15	15.0 	225 	0 	0.0 	0.0 	0.0 	0 	0.0 	0.0 	0.0 	80.9 	5.4 	1,046 	69.7 	6.7 	0.4 	0.0 	0.2 	0.0 	0.570 	1.000 	0.840 	1 	0.406 	0.000 	29 	32 	3 	16 	14 	(2)	0.626 			Daniel Jones	0.091 	QB31	Ollie Gordon II	0.390 	RB29	A.J. Brown	0.441 	WR33	Terrance Ferguson	0.138 	TE33		8.3 	27.7 	12.5 	0.0 	13.3 	14.7 	15.6 	15.0 	15.0 	0.0 	14.7 	15.4 	14.5 	15.3 	14.6 	13.8 	14.8 		WR44	WR5	WR31	-	WR16	WR8	WR9	WR9	WR12	-	WR8	WR9	WR11	WR8	WR14	WR17	WR13		WR11	14.7 	0.0 	0.0 	0.0 	0.0 	5.2 	67.6 	0.5 	11 	0.633 	1.000 	0.890 	1 	0.443 	0.000 	25 	0.673 		177 	Daniel Jones	0.224 	QB28	Ollie Gordon II	0.401 	RB31	A.J. Brown	0.621 	WR16	Terrance Ferguson	0.141 	TE33		WR24	16.2 	0.0 	0.0 	0.0 	0.0 	20.6 	270.4 	1.9 	24 	0.416 	1.000 	0.760 	1 	0.186 	0.000 	#N/A	0.479 		48.5 	Daniel Jones	36 	QB27	Ollie Gordon II	33 	RB31	A.J. Brown	6 	WR96	Terrance Ferguson	19 	TE29					Philadelphia Eagles	Washington Commanders	0 	0.0 	0 	0.0 	3.0 	53 	0.0 	0.0 	0.0 	0.0 	0.0 	8.3 	WR44		Philadelphia Eagles	Tennessee Titans	0 	0.0 	0 	0.0 	10.0 	117 	1.0 	0.0 	0.0 	0.0 	0.0 	27.7 	WR5		Philadelphia Eagles	Chicago Bears	0 	0.0 	0 	0.0 	6.0 	65 	0.0 	0.0 	0.0 	0.0 	0.0 	12.5 	WR31		Philadelphia Eagles	Los Angeles Rams	0 	0.0 	0 	0.0 	0.0 	0 	0.0 	0.0 	0.0 	0.0 	0.0 	0.0 	-		Philadelphia Eagles	Jacksonville Jaguars	0 	0.0 	0 	0.0 	4.8 	63 	0.4 	0.0 	0.0 	0.0 	0.0 	13.3 	WR16		Philadelphia Eagles	Carolina Panthers	0 	0.0 	0 	0.0 	5.2 	68 	0.5 	0.0 	0.0 	0.0 	0.0 	14.7 	WR8		Philadelphia Eagles	Dallas Cowboys	0 	0.0 	0 	0.0 	5.4 	71 	0.5 	0.0 	0.0 	0.0 	0.0 	15.6 	WR9		Philadelphia Eagles	Washington Commanders	0 	0.0 	0 	0.0 	5.3 	69 	0.5 	0.0 	0.0 	0.0 	0.0 	15.0 	WR9		Philadelphia Eagles	New York Giants	0 	0.0 	0 	0.0 	5.2 	68 	0.5 	0.0 	0.0 	0.0 	0.0 	15.0 	WR12		Philadelphia Eagles	BYE	0 	0.0 	0 	0.0 	0.0 	0 	0.0 	0.0 	0.0 	0.0 	0.0 	0.0 	-		Philadelphia Eagles	Pittsburgh Steelers	0 	0.0 	0 	0.0 	5.1 	67 	0.5 	0.0 	0.0 	0.0 	0.0 	14.7 	WR8		Philadelphia Eagles	Dallas Cowboys	0 	0.0 	0 	0.0 	5.4 	70 	0.5 	0.0 	0.0 	0.0 	0.0 	15.4 	WR9		Philadelphia Eagles	Arizona Cardinals	0 	0.0 	0 	0.0 	5.0 	66 	0.5 	0.0 	0.0 	0.0 	0.0 	14.5 	WR11		Philadelphia Eagles	Indianapolis Colts	0 	0.0 	0 	0.0 	5.3 	69 	0.5 	0.0 	0.0 	0.0 	0.0 	15.3 	WR8		Philadelphia Eagles	Seattle Seahawks	0 	0.0 	0 	0.0 	5.1 	67 	0.5 	0.0 	0.0 	0.0 	0.0 	14.6 	WR14		Philadelphia Eagles	Houston Texans	0 	0.0 	0 	0.0 	4.9 	64 	0.4 	0.0 	0.0 	0.0 	0.0 	13.8 	WR17		Philadelphia Eagles	San Francisco 49ers	0 	0.0 	0 	0.0 	5.2 	68 	0.5 	0.0 	0.0 	0.0 	0.0 	14.8 	WR13		Actual	Actual	Actual	Actual	Forecast	Forecast	Forecast	Forecast	Forecast	Forecast	Forecast	Forecast	Forecast	Forecast	Forecast	Forecast	Forecast		Healthy	Healthy	Healthy	Injured	Limited / Handicapped	Healthy	Healthy	Healthy	Healthy	Healthy	Healthy	Healthy	Healthy	Healthy	Healthy	Healthy	Healthy		Week 5 2026	10/8/2026	8:57:03 PM	20		32%	31%	0%	0%	0%	0%		0.2 	0	0	1	0	0	
	Bucky Irving	Tampa Bay Buccaneers	RB	RB15	14.1 	226 	0 	0.0 	0.0 	0.0 	1,084 	67.7 	5.9 	0.4 	49.4 	3.1 	305 	19.0 	1.5 	0.1 	0.0 	3.4 	0.0 	0.572 	1.000 	0.828 	1 	0.341 	0.000 	34 	47 	13 	15 	21 	6 	0.595 			Jaxson Dart	0.054 	QB32	J.K. Dobbins	0.346 	RB34	DJ Moore	0.444 	WR32	Greg Dulcich	0.148 	TE31		20.3 	13.0 	7.8 	6.1 	13.1 	13.4 	15.6 	16.6 	14.7 	0.0 	14.7 	15.8 	14.8 	14.0 	16.0 	15.6 	14.5 		RB12	RB15	RB34	RB40	RB15	RB14	RB10	RB9	RB12	-	RB11	RB11	RB8	RB15	RB10	RB10	RB13		RB12	14.9 	0.0 	0.0 	70.2 	0.4 	3.0 	20.3 	0.1 	12 	0.640 	1.000 	0.864 	1 	0.438 	0.000 	27 	0.660 		179 	Jaxson Dart	0.000 	QB38	J.K. Dobbins	0.415 	RB29	DJ Moore	0.500 	WR28	Greg Dulcich	0.152 	TE31		RB21	11.8 	0.0 	0.0 	210.7 	1.2 	9.1 	60.9 	0.4 	21 	0.405 	1.000 	0.755 	1 	0.174 	0.000 	#N/A	0.470 		47.2 	Jaxson Dart	27 	QB32	J.K. Dobbins	21 	RB46	DJ Moore	36 	WR46	Greg Dulcich	18 	TE32					Tampa Bay Buccaneers	Cincinnati Bengals	0 	0.0 	45 	1.0 	7.0 	48 	0.0 	0.0 	1.0 	0.0 	0.0 	20.3 	RB12		Tampa Bay Buccaneers	Cleveland Browns	0 	0.0 	89 	0.0 	4.0 	1 	0.0 	0.0 	0.0 	0.0 	0.0 	13.0 	RB15		Tampa Bay Buccaneers	Minnesota Vikings	0 	0.0 	46 	0.0 	2.0 	12 	0.0 	0.0 	0.0 	0.0 	0.0 	7.8 	RB34		Tampa Bay Buccaneers	Green Bay Packers	0 	0.0 	61 	0.0 	0.0 	0 	0.0 	0.0 	0.0 	0.0 	0.0 	6.1 	RB40		Tampa Bay Buccaneers	Dallas Cowboys	0 	0.0 	58 	0.3 	3.1 	21 	0.1 	0.0 	0.2 	0.0 	0.0 	13.1 	RB15		Tampa Bay Buccaneers	Pittsburgh Steelers	0 	0.0 	66 	0.3 	2.8 	19 	0.1 	0.0 	0.2 	0.0 	0.0 	13.4 	RB14		Tampa Bay Buccaneers	Carolina Panthers	0 	0.0 	75 	0.4 	3.0 	20 	0.1 	0.0 	0.2 	0.0 	0.0 	15.6 	RB10		Tampa Bay Buccaneers	Atlanta Falcons	0 	0.0 	81 	0.5 	3.0 	20 	0.1 	0.0 	0.2 	0.0 	0.0 	16.6 	RB9		Tampa Bay Buccaneers	Chicago Bears	0 	0.0 	68 	0.4 	3.1 	21 	0.1 	0.0 	0.2 	0.0 	0.0 	14.7 	RB12		Tampa Bay Buccaneers	BYE	0 	0.0 	0 	0.0 	0.0 	0 	0.0 	0.0 	0.0 	0.0 	0.0 	0.0 	-		Tampa Bay Buccaneers	Detroit Lions	0 	0.0 	68 	0.4 	3.1 	21 	0.1 	0.0 	0.2 	0.0 	0.0 	14.7 	RB11		Tampa Bay Buccaneers	Carolina Panthers	0 	0.0 	76 	0.5 	3.0 	20 	0.1 	0.0 	0.2 	0.0 	0.0 	15.8 	RB11		Tampa Bay Buccaneers	Los Angeles Chargers	0 	0.0 	70 	0.4 	3.0 	20 	0.1 	0.0 	0.2 	0.0 	0.0 	14.8 	RB8		Tampa Bay Buccaneers	Baltimore Ravens	0 	0.0 	63 	0.4 	3.1 	21 	0.1 	0.0 	0.2 	0.0 	0.0 	14.0 	RB15		Tampa Bay Buccaneers	New Orleans Saints	0 	0.0 	76 	0.5 	3.1 	20 	0.1 	0.0 	0.2 	0.0 	0.0 	16.0 	RB10		Tampa Bay Buccaneers	Atlanta Falcons	0 	0.0 	75 	0.4 	3.0 	20 	0.1 	0.0 	0.2 	0.0 	0.0 	15.6 	RB10		Tampa Bay Buccaneers	Los Angeles Rams	0 	0.0 	67 	0.4 	3.1 	21 	0.1 	0.0 	0.2 	0.0 	0.0 	14.5 	RB13		Actual	Actual	Actual	Actual	Forecast	Forecast	Forecast	Forecast	Forecast	Forecast	Forecast	Forecast	Forecast	Forecast	Forecast	Forecast	Forecast		Healthy	Healthy	Healthy	Healthy	Healthy	Healthy	Healthy	Healthy	Healthy	Healthy	Healthy	Healthy	Healthy	Healthy	Healthy	Healthy	Healthy		Week 5 2026	10/8/2026	8:57:03 PM	20		9%	8%	61%	51%	0%	0%		0.2 	0	0	0	0	0	0.189704 
	Drake London	Atlanta Falcons	WR	WR14	14.7 	235 	0 	0.0 	0.0 	0.0 	4 	0.3 	0.0 	0.0 	80.9 	5.1 	1,223 	76.4 	5.3 	0.3 	0.0 	0.2 	0.0 	0.596 	1.000 	0.860 	1 	0.386 	0.000 	28 	20 	(8)	14 	8 	(6)	0.631 			Jameis Winston	0.053 	QB33	Travis Etienne Jr.	0.360 	RB32	Luther Burden III	0.449 	WR31	Tyler Higbee	0.143 	TE32		5.5 	8.9 	28.4 	14.6 	14.8 	15.1 	15.0 	14.8 	15.5 	14.6 	0.0 	14.3 	15.3 	13.9 	15.0 	14.8 	14.7 		WR63	WR32	WR2	WR22	WR11	WR7	WR12	WR13	WR8	WR13	-	WR14	WR9	WR15	WR10	WR9	WR15		WR10	14.8 	0.0 	0.0 	0.0 	0.0 	5.1 	71.1 	0.4 	10 	0.637 	1.000 	0.900 	1 	0.450 	0.000 	24 	0.681 		178 	Jameis Winston	0.129 	QB31	Travis Etienne Jr.	0.372 	RB32	Luther Burden III	0.434 	WR36	Tyler Higbee	0.130 	TE34		WR14	14.4 	0.0 	0.0 	0.0 	0.0 	15.2 	213.3 	1.3 	14 	0.492 	1.000 	0.860 	1 	0.292 	0.000 	#N/A	0.578 		57.4 	Jameis Winston	27 	QB33	Travis Etienne Jr.	31 	RB32	Luther Burden III	47 	WR25	Tyler Higbee	33 	TE22					Atlanta Falcons	Pittsburgh Steelers	0 	0.0 	6 	0.0 	2.0 	29 	0.0 	0.0 	0.0 	0.0 	0.0 	5.5 	WR63		Atlanta Falcons	Carolina Panthers	0 	0.0 	(2)	0.0 	4.0 	51 	0.0 	0.0 	0.0 	0.0 	0.0 	8.9 	WR32		Atlanta Falcons	Green Bay Packers	0 	0.0 	0 	0.0 	9.0 	194 	0.0 	0.0 	0.0 	0.0 	0.0 	28.4 	WR2		Atlanta Falcons	New Orleans Saints	0 	0.0 	0 	0.0 	5.0 	96 	0.0 	0.0 	0.0 	0.0 	0.0 	14.6 	WR22		Atlanta Falcons	Baltimore Ravens	0 	0.0 	0 	0.0 	5.0 	71 	0.5 	0.0 	0.0 	0.0 	0.0 	14.8 	WR11		Atlanta Falcons	Chicago Bears	0 	0.0 	0 	0.0 	5.1 	72 	0.5 	0.0 	0.0 	0.0 	0.0 	15.1 	WR7		Atlanta Falcons	San Francisco 49ers	0 	0.0 	0 	0.0 	5.1 	72 	0.4 	0.0 	0.0 	0.0 	0.0 	15.0 	WR12		Atlanta Falcons	Tampa Bay Buccaneers	0 	0.0 	0 	0.0 	5.1 	71 	0.4 	0.0 	0.0 	0.0 	0.0 	14.8 	WR13		Atlanta Falcons	Cincinnati Bengals	0 	0.0 	0 	0.0 	5.3 	74 	0.5 	0.0 	0.0 	0.0 	0.0 	15.5 	WR8		Atlanta Falcons	Kansas City Chiefs	0 	0.0 	0 	0.0 	5.0 	71 	0.4 	0.0 	0.0 	0.0 	0.0 	14.6 	WR13		Atlanta Falcons	BYE	0 	0.0 	0 	0.0 	0.0 	0 	0.0 	0.0 	0.0 	0.0 	0.0 	0.0 	-		Atlanta Falcons	Minnesota Vikings	0 	0.0 	0 	0.0 	5.0 	69 	0.4 	0.0 	0.0 	0.0 	0.0 	14.3 	WR14		Atlanta Falcons	Detroit Lions	0 	0.0 	0 	0.0 	5.2 	73 	0.5 	0.0 	0.0 	0.0 	0.0 	15.3 	WR9		Atlanta Falcons	Cleveland Browns	0 	0.0 	0 	0.0 	4.8 	68 	0.4 	0.0 	0.0 	0.0 	0.0 	13.9 	WR15		Atlanta Falcons	Washington Commanders	0 	0.0 	0 	0.0 	5.1 	72 	0.4 	0.0 	0.0 	0.0 	0.0 	15.0 	WR10		Atlanta Falcons	Tampa Bay Buccaneers	0 	0.0 	0 	0.0 	5.0 	71 	0.4 	0.0 	0.0 	0.0 	0.0 	14.8 	WR9		Atlanta Falcons	New Orleans Saints	0 	0.0 	0 	0.0 	5.0 	70 	0.5 	0.0 	0.0 	0.0 	0.0 	14.7 	WR15		Actual	Actual	Actual	Actual	Forecast	Forecast	Forecast	Forecast	Forecast	Forecast	Forecast	Forecast	Forecast	Forecast	Forecast	Forecast	Forecast		Healthy	Healthy	Healthy	Healthy	Healthy	Healthy	Healthy	Healthy	Healthy	Healthy	Healthy	Healthy	Healthy	Healthy	Healthy	Healthy	Healthy		Week 5 2026	10/8/2026	8:57:03 PM	20		36%	35%	0%	0%	0%	0%		0.1 	0	0	0	0	0	0.102916 
	Jaylen Warren	Pittsburgh Steelers	RB	RB13	14.4 	231 	0 	0.0 	0.0 	0.0 	894 	55.9 	3.5 	0.2 	59.3 	3.7 	528 	33.0 	2.3 	0.1 	0.0 	2.7 	0.0 	0.585 	1.000 	0.852 	1 	0.361 	0.000 	31 	68 	37 	13 	27 	14 	0.616 			Michael Penix Jr.	0.045 	QB34	Jacory Croskey-Merritt	0.318 	RB36	DK Metcalf	0.418 	WR35	Chig Okonkwo	0.132 	TE34		10.3 	9.7 	20.6 	15.6 	15.4 	14.6 	15.0 	15.4 	0.0 	14.6 	13.3 	13.7 	14.0 	14.3 	14.7 	15.0 	14.8 		RB25	RB25	RB8	RB22	RB10	RB10	RB11	RB13	-	RB13	RB14	RB16	RB12	RB12	RB15	RB13	RB12		RB13	14.6 	0.0 	0.0 	48.8 	0.3 	3.9 	32.0 	0.2 	13 	0.626 	1.000 	0.852 	1 	0.416 	0.000 	29 	0.644 		175 	Michael Penix Jr.	0.066 	QB32	Jacory Croskey-Merritt	0.327 	RB35	DK Metcalf	0.421 	WR37	Chig Okonkwo	0.157 	TE30		RB15	14.1 	0.0 	0.0 	146.3 	0.9 	11.6 	96.1 	0.6 	15 	0.482 	1.000 	0.828 	1 	0.282 	0.000 	#N/A	0.558 		56.2 	Michael Penix Jr.	27 	QB34	Jacory Croskey-Merritt	31 	RB35	DK Metcalf	43 	WR33	Chig Okonkwo	6 	TE39					Pittsburgh Steelers	Atlanta Falcons	0 	0.0 	46 	0.0 	5.0 	27 	0.0 	0.0 	1.0 	0.0 	0.0 	10.3 	RB25		Pittsburgh Steelers	New England Patriots	0 	0.0 	43 	0.0 	2.0 	34 	0.0 	0.0 	0.0 	0.0 	0.0 	9.7 	RB25		Pittsburgh Steelers	Cincinnati Bengals	0 	0.0 	127 	0.0 	3.0 	49 	0.0 	0.0 	0.0 	0.0 	0.0 	20.6 	RB8		Pittsburgh Steelers	Cleveland Browns	0 	0.0 	93 	0.0 	3.0 	33 	0.0 	0.0 	0.0 	0.0 	0.0 	15.6 	RB22		Pittsburgh Steelers	Indianapolis Colts	0 	0.0 	52 	0.3 	3.9 	33 	0.2 	0.0 	0.1 	0.0 	0.0 	15.4 	RB10		Pittsburgh Steelers	Tampa Bay Buccaneers	0 	0.0 	50 	0.3 	3.8 	32 	0.2 	0.0 	0.1 	0.0 	0.0 	14.6 	RB10		Pittsburgh Steelers	New Orleans Saints	0 	0.0 	51 	0.3 	3.9 	32 	0.2 	0.0 	0.1 	0.0 	0.0 	15.0 	RB11		Pittsburgh Steelers	Cleveland Browns	0 	0.0 	56 	0.4 	3.7 	31 	0.2 	0.0 	0.1 	0.0 	0.0 	15.4 	RB13		Pittsburgh Steelers	BYE	0 	0.0 	0 	0.0 	0.0 	0 	0.0 	0.0 	0.0 	0.0 	0.0 	0.0 	-		Pittsburgh Steelers	Cincinnati Bengals	0 	0.0 	46 	0.3 	4.0 	33 	0.2 	0.0 	0.1 	0.0 	0.0 	14.6 	RB13		Pittsburgh Steelers	Philadelphia Eagles	0 	0.0 	41 	0.2 	3.9 	32 	0.2 	0.0 	0.1 	0.0 	0.0 	13.3 	RB14		Pittsburgh Steelers	Denver Broncos	0 	0.0 	46 	0.3 	3.7 	31 	0.2 	0.0 	0.1 	0.0 	0.0 	13.7 	RB16		Pittsburgh Steelers	Houston Texans	0 	0.0 	47 	0.3 	3.8 	32 	0.2 	0.0 	0.1 	0.0 	0.0 	14.0 	RB12		Pittsburgh Steelers	Jacksonville Jaguars	0 	0.0 	47 	0.3 	3.9 	32 	0.2 	0.0 	0.1 	0.0 	0.0 	14.3 	RB12		Pittsburgh Steelers	Baltimore Ravens	0 	0.0 	48 	0.3 	3.9 	33 	0.2 	0.0 	0.1 	0.0 	0.0 	14.7 	RB15		Pittsburgh Steelers	Carolina Panthers	0 	0.0 	51 	0.3 	3.9 	32 	0.2 	0.0 	0.1 	0.0 	0.0 	15.0 	RB13		Pittsburgh Steelers	Tennessee Titans	0 	0.0 	51 	0.3 	3.9 	32 	0.2 	0.0 	0.1 	0.0 	0.0 	14.8 	RB12		Actual	Actual	Actual	Actual	Forecast	Forecast	Forecast	Forecast	Forecast	Forecast	Forecast	Forecast	Forecast	Forecast	Forecast	Forecast	Forecast		Healthy	Healthy	Healthy	Healthy	Healthy	Healthy	Healthy	Healthy	Healthy	Healthy	Healthy	Healthy	Healthy	Healthy	Healthy	Healthy	Healthy		Week 5 2026	10/8/2026	8:57:03 PM	20		14%	12%	46%	45%	0%	0%		0.1 	0	0	0	0	0	0.085773 
	Parker Washington	Jacksonville Jaguars	WR	WR17	13.9 	222 	0 	0.0 	0.0 	0.0 	3 	0.2 	0.0 	0.0 	73.3 	4.6 	1,053 	65.8 	7.3 	0.5 	0.0 	0.2 	0.0 	0.563 	1.000 	0.830 	1 	0.333 	0.000 	35 	63 	28 	17 	28 	11 	0.591 			Jalon Daniels	0.029 	QB36	Rachaad White	0.352 	RB33	Terry McLaurin	0.412 	WR36	Tommy Tremble	0.122 	TE35		19.3 	16.8 	13.0 	2.0 	13.8 	14.0 	0.0 	14.8 	14.4 	14.3 	14.3 	14.4 	14.1 	14.2 	13.4 	14.7 	14.9 		WR11	WR13	WR28	WR75	WR12	WR11	-	WR12	WR15	WR14	WR11	WR13	WR13	WR14	WR18	WR11	WR12		WR14	14.3 	0.0 	0.0 	0.0 	0.0 	4.8 	68.8 	0.4 	14 	0.614 	1.000 	0.860 	1 	0.410 	0.000 	30 	0.643 		171 	Jalon Daniels	0.037 	QB33	Rachaad White	0.368 	RB33	Terry McLaurin	0.461 	WR33	Tommy Tremble	0.121 	TE35		WR21	12.8 	0.0 	0.0 	0.0 	0.0 	14.3 	206.3 	1.3 	21 	0.438 	1.000 	0.790 	1 	0.217 	0.000 	#N/A	0.508 		51.1 	Jalon Daniels	12 	QB38	Rachaad White	30 	RB37	Terry McLaurin	30 	WR59	Tommy Tremble	19 	TE30					Jacksonville Jaguars	Cleveland Browns	0 	0.0 	0 	0.0 	5.0 	83 	1.0 	0.0 	0.0 	0.0 	0.0 	19.3 	WR11		Jacksonville Jaguars	Denver Broncos	0 	0.0 	0 	0.0 	7.0 	98 	0.0 	0.0 	0.0 	0.0 	0.0 	16.8 	WR13		Jacksonville Jaguars	New England Patriots	0 	0.0 	0 	0.0 	3.0 	40 	1.0 	0.0 	0.0 	0.0 	0.0 	13.0 	WR28		Jacksonville Jaguars	Cincinnati Bengals	0 	0.0 	3 	0.0 	1.0 	7 	0.0 	0.0 	0.0 	0.0 	0.0 	2.0 	WR75		Jacksonville Jaguars	Philadelphia Eagles	0 	0.0 	0 	0.0 	4.6 	66 	0.4 	0.0 	0.0 	0.0 	0.0 	13.8 	WR12		Jacksonville Jaguars	Houston Texans	0 	0.0 	0 	0.0 	4.7 	68 	0.4 	0.0 	0.0 	0.0 	0.0 	14.0 	WR11		Jacksonville Jaguars	BYE	0 	0.0 	0 	0.0 	0.0 	0 	0.0 	0.0 	0.0 	0.0 	0.0 	0.0 	-		Jacksonville Jaguars	Indianapolis Colts	0 	0.0 	0 	0.0 	4.9 	70 	0.5 	0.0 	0.0 	0.0 	0.0 	14.8 	WR12		Jacksonville Jaguars	Baltimore Ravens	0 	0.0 	0 	0.0 	4.9 	70 	0.4 	0.0 	0.0 	0.0 	0.0 	14.4 	WR15		Jacksonville Jaguars	Tennessee Titans	0 	0.0 	0 	0.0 	4.8 	69 	0.4 	0.0 	0.0 	0.0 	0.0 	14.3 	WR14		Jacksonville Jaguars	New York Giants	0 	0.0 	0 	0.0 	4.8 	69 	0.4 	0.0 	0.0 	0.0 	0.0 	14.3 	WR11		Jacksonville Jaguars	Tennessee Titans	0 	0.0 	0 	0.0 	4.8 	69 	0.5 	0.0 	0.0 	0.0 	0.0 	14.4 	WR13		Jacksonville Jaguars	Chicago Bears	0 	0.0 	0 	0.0 	4.7 	68 	0.4 	0.0 	0.0 	0.0 	0.0 	14.1 	WR13		Jacksonville Jaguars	Pittsburgh Steelers	0 	0.0 	0 	0.0 	4.8 	68 	0.4 	0.0 	0.0 	0.0 	0.0 	14.2 	WR14		Jacksonville Jaguars	Houston Texans	0 	0.0 	0 	0.0 	4.6 	66 	0.4 	0.0 	0.0 	0.0 	0.0 	13.4 	WR18		Jacksonville Jaguars	Dallas Cowboys	0 	0.0 	0 	0.0 	4.9 	71 	0.5 	0.0 	0.0 	0.0 	0.0 	14.7 	WR11		Jacksonville Jaguars	Washington Commanders	0 	0.0 	0 	0.0 	4.9 	71 	0.5 	0.0 	0.0 	0.0 	0.0 	14.9 	WR12		Actual	Actual	Actual	Actual	Forecast	Forecast	Forecast	Forecast	Forecast	Forecast	Forecast	Forecast	Forecast	Forecast	Forecast	Forecast	Forecast		Healthy	Healthy	Healthy	Healthy	Healthy	Healthy	Healthy	Healthy	Healthy	Healthy	Healthy	Healthy	Healthy	Healthy	Healthy	Healthy	Healthy		Week 5 2026	10/8/2026	8:57:03 PM	20		30%	27%	0%	0%	0%	0%		0.1 	0	0	0	0	0	0.134862 
	Breece Hall	New York Jets	RB	RB16	14.3 	200 	0 	0.0 	0.0 	0.0 	811 	57.9 	5.7 	0.4 	39.8 	2.8 	391 	27.9 	1.5 	0.1 	0.0 	2.0 	0.0 	0.505 	1.000 	0.780 	1 	0.350 	0.000 	37 	33 	(4)	19 	16 	(3)	0.567 			Marcus Mariota	0.037 	QB35	Blake Corum	0.276 	RB41	Romeo Doubs	0.394 	WR39	Cole Kmet	0.109 	TE36		19.8 	14.2 	8.5 	0.0 	0.0 	13.9 	16.2 	15.8 	12.8 	14.5 	12.8 	14.9 	0.0 	13.5 	15.1 	13.5 	14.1 		RB13	RB12	RB33	-	-	RB12	RB9	RB12	RB15	RB14	RB15	RB13	-	RB16	RB12	RB16	RB14		RB14	14.3 	0.0 	0.0 	58.9 	0.4 	2.7 	26.3 	0.1 	16 	0.563 	1.000 	0.816 	1 	0.397 	0.000 	34 	0.610 		157 	Marcus Mariota	0.021 	QB35	Blake Corum	0.293 	RB38	Romeo Doubs	0.345 	WR47	Cole Kmet	0.102 	TE37		RB26	14.2 	0.0 	0.0 	215.9 	1.6 	9.9 	96.4 	0.5 	26 	0.364 	1.000 	0.694 	0 	0.118 	0.000 	#N/A	0.414 		42.5 	Marcus Mariota	35 	QB29	Blake Corum	22 	RB43	Romeo Doubs	44 	WR30	Cole Kmet	15 	TE35					New York Jets	Tennessee Titans	0 	0.0 	102 	1.0 	2.0 	16 	0.0 	0.0 	0.0 	0.0 	0.0 	19.8 	RB13		New York Jets	Green Bay Packers	0 	0.0 	29 	0.0 	5.0 	63 	0.0 	0.0 	0.0 	0.0 	0.0 	14.2 	RB12		New York Jets	Detroit Lions	0 	0.0 	32 	0.0 	3.0 	23 	0.0 	0.0 	0.0 	0.0 	0.0 	8.5 	RB33		New York Jets	Chicago Bears	0 	0.0 	0 	0.0 	0.0 	0 	0.0 	0.0 	0.0 	0.0 	0.0 	0.0 	-		New York Jets	Cleveland Browns	0 	0.0 	0 	0.0 	0.0 	0 	0.0 	0.0 	0.0 	0.0 	0.0 	0.0 	-		New York Jets	New England Patriots	0 	0.0 	56 	0.4 	2.7 	27 	0.1 	0.0 	0.2 	0.0 	0.0 	13.9 	RB12		New York Jets	Miami Dolphins	0 	0.0 	69 	0.6 	2.7 	27 	0.2 	0.0 	0.2 	0.0 	0.0 	16.2 	RB9		New York Jets	Las Vegas Raiders	0 	0.0 	68 	0.5 	2.7 	26 	0.2 	0.0 	0.2 	0.0 	0.0 	15.8 	RB12		New York Jets	Kansas City Chiefs	0 	0.0 	51 	0.3 	2.7 	26 	0.1 	0.0 	0.2 	0.0 	0.0 	12.8 	RB15		New York Jets	Buffalo Bills	0 	0.0 	58 	0.4 	2.8 	27 	0.2 	0.0 	0.2 	0.0 	0.0 	14.5 	RB14		New York Jets	Los Angeles Chargers	0 	0.0 	51 	0.3 	2.7 	26 	0.1 	0.0 	0.2 	0.0 	0.0 	12.8 	RB15		New York Jets	Miami Dolphins	0 	0.0 	63 	0.5 	2.7 	26 	0.1 	0.0 	0.2 	0.0 	0.0 	14.9 	RB13		New York Jets	BYE	0 	0.0 	0 	0.0 	0.0 	0 	0.0 	0.0 	0.0 	0.0 	0.0 	0.0 	-		New York Jets	Denver Broncos	0 	0.0 	55 	0.4 	2.7 	26 	0.1 	0.0 	0.2 	0.0 	0.0 	13.5 	RB16		New York Jets	Arizona Cardinals	0 	0.0 	64 	0.5 	2.7 	26 	0.1 	0.0 	0.2 	0.0 	0.0 	15.1 	RB12		New York Jets	New England Patriots	0 	0.0 	55 	0.4 	2.7 	26 	0.1 	0.0 	0.2 	0.0 	0.0 	13.5 	RB16		New York Jets	Minnesota Vikings	0 	0.0 	59 	0.4 	2.7 	26 	0.1 	0.0 	0.2 	0.0 	0.0 	14.1 	RB14		Actual	Actual	Actual	Actual	Forecast	Forecast	Forecast	Forecast	Forecast	Forecast	Forecast	Forecast	Forecast	Forecast	Forecast	Forecast	Forecast		Healthy	Healthy	Healthy	Injured	Injured	Healthy	Healthy	Healthy	Healthy	Healthy	Healthy	Healthy	Healthy	Healthy	Healthy	Healthy	Healthy		Week 5 2026	10/8/2026	8:57:03 PM	20		12%	11%	59%	62%	0%	0%		0.2 	0	0	1	1	0	
	Cam Skattebo	New York Giants	RB	RB17	13.1 	209 	0 	0.0 	0.0 	0.0 	1,078 	67.4 	6.8 	0.4 	31.1 	1.9 	266 	16.6 	1.2 	0.1 	0.0 	2.1 	0.0 	0.529 	1.000 	0.816 	1 	0.275 	0.000 	39 	36 	(3)	16 	18 	2 	0.557 			Tyson Bagent	0.021 	QB37	Woody Marks	0.289 	RB39	Josh Downs	0.426 	WR34	Dawson Knox	0.099 	TE38		14.1 	9.5 	13.0 	7.6 	12.4 	14.1 	12.5 	0.0 	12.7 	15.3 	14.3 	14.3 	14.2 	12.2 	14.8 	14.0 	14.0 		RB18	RB26	RB17	RB34	RB17	RB11	RB17	-	RB17	RB12	RB12	RB14	RB11	RB19	RB14	RB14	RB16		RB15	13.7 	0.0 	0.0 	70.2 	0.5 	1.9 	16.5 	0.1 	14 	0.590 	1.000 	0.840 	1 	0.359 	0.000 	35 	0.610 		165 	Tyson Bagent	0.029 	QB34	Woody Marks	0.285 	RB39	Josh Downs	0.466 	WR32	Dawson Knox	0.088 	TE40		RB24	11.1 	0.0 	0.0 	210.7 	1.4 	5.8 	49.6 	0.3 	24 	0.379 	1.000 	0.719 	0 	0.138 	0.000 	#N/A	0.436 		44.2 	Tyson Bagent	11 	QB39	Woody Marks	31 	RB33	Josh Downs	37 	WR44	Dawson Knox	15 	TE34					New York Giants	Dallas Cowboys	0 	0.0 	81 	1.0 	0.0 	0 	0.0 	0.0 	0.0 	0.0 	0.0 	14.1 	RB18		New York Giants	Los Angeles Rams	0 	0.0 	36 	0.0 	4.0 	19 	0.0 	0.0 	0.0 	0.0 	0.0 	9.5 	RB26		New York Giants	Tennessee Titans	0 	0.0 	60 	0.0 	3.0 	40 	0.0 	0.0 	0.0 	0.0 	0.0 	13.0 	RB17		New York Giants	Arizona Cardinals	0 	0.0 	58 	0.0 	1.0 	8 	0.0 	0.0 	0.0 	0.0 	0.0 	7.6 	RB34		New York Giants	Washington Commanders	0 	0.0 	64 	0.4 	1.8 	16 	0.1 	0.0 	0.2 	0.0 	0.0 	12.4 	RB17		New York Giants	New Orleans Saints	0 	0.0 	73 	0.5 	1.9 	17 	0.1 	0.0 	0.2 	0.0 	0.0 	14.1 	RB11		New York Giants	Houston Texans	0 	0.0 	64 	0.4 	1.9 	16 	0.1 	0.0 	0.2 	0.0 	0.0 	12.5 	RB17		New York Giants	BYE	0 	0.0 	0 	0.0 	0.0 	0 	0.0 	0.0 	0.0 	0.0 	0.0 	0.0 	-		New York Giants	Philadelphia Eagles	0 	0.0 	64 	0.4 	1.9 	17 	0.1 	0.0 	0.2 	0.0 	0.0 	12.7 	RB17		New York Giants	Washington Commanders	0 	0.0 	79 	0.6 	2.0 	17 	0.1 	0.0 	0.2 	0.0 	0.0 	15.3 	RB12		New York Giants	Jacksonville Jaguars	0 	0.0 	73 	0.5 	1.9 	17 	0.1 	0.0 	0.2 	0.0 	0.0 	14.3 	RB12		New York Giants	Indianapolis Colts	0 	0.0 	73 	0.5 	1.9 	17 	0.1 	0.0 	0.2 	0.0 	0.0 	14.3 	RB14		New York Giants	San Francisco 49ers	0 	0.0 	73 	0.5 	1.9 	17 	0.1 	0.0 	0.2 	0.0 	0.0 	14.2 	RB11		New York Giants	Seattle Seahawks	0 	0.0 	61 	0.4 	2.0 	17 	0.1 	0.0 	0.2 	0.0 	0.0 	12.2 	RB19		New York Giants	Cleveland Browns	0 	0.0 	79 	0.6 	1.8 	16 	0.1 	0.0 	0.2 	0.0 	0.0 	14.8 	RB14		New York Giants	Detroit Lions	0 	0.0 	70 	0.5 	2.0 	17 	0.1 	0.0 	0.2 	0.0 	0.0 	14.0 	RB14		New York Giants	Dallas Cowboys	0 	0.0 	70 	0.5 	2.0 	17 	0.1 	0.0 	0.2 	0.0 	0.0 	14.0 	RB16		Actual	Actual	Actual	Actual	Forecast	Forecast	Forecast	Forecast	Forecast	Forecast	Forecast	Forecast	Forecast	Forecast	Forecast	Forecast	Forecast		Healthy	Healthy	Healthy	Healthy	Limited / Handicapped	Healthy	Healthy	Healthy	Healthy	Healthy	Healthy	Healthy	Healthy	Healthy	Healthy	Healthy	Healthy		Week 5 2026	10/8/2026	8:57:03 PM	20		8%	7%	55%	54%	0%	0%		0.2 	0	0	0	0	0	0.174599 
	George Kittle	San Francisco 49ers	TE	TE3	13.4 	214 	0 	0.0 	0.0 	0.0 	0 	0.0 	0.0 	0.0 	66.5 	4.2 	936 	58.5 	9.1 	0.6 	0.0 	0.2 	0.0 	0.542 	0.560 	0.541 	1 	0.558 	0.000 	40 	82 	42 	3 	9 	6 	0.549 			Fernando Mendoza	0.000 	QB38	Keaton Mitchell	0.282 	RB40	Malik Washington	0.411 	WR37	David Njoku	0.104 	TE37		3.2 	18.0 	26.2 	17.0 	12.1 	13.1 	12.6 	0.0 	12.4 	13.1 	12.6 	12.2 	12.7 	12.5 	12.2 	12.0 	12.2 		TE31	TE7	TE2	TE4	TE6	TE3	TE4	-	TE5	TE4	TE4	TE6	TE3	TE3	TE4	TE5	TE5		TE4	12.5 	0.0 	0.0 	0.0 	0.0 	4.2 	57.7 	0.4 	4 	0.537 	0.560 	0.533 	1 	0.535 	0.000 	49 	0.535 		150 	Fernando Mendoza	0.000 	QB38	Keaton Mitchell	0.271 	RB41	Malik Washington	0.442 	WR35	David Njoku	0.107 	TE36		TE2	16.1 	0.0 	0.0 	0.0 	0.0 	12.6 	173.0 	1.3 	2 	0.552 	0.560 	0.548 	2 	0.877 	0.000 	#N/A	0.697 		64.4 	Fernando Mendoza	0 	QB41	Keaton Mitchell	31 	RB33	Malik Washington	38 	WR40	David Njoku	13 	TE36					San Francisco 49ers	Los Angeles Rams	0 	0.0 	0 	0.0 	2.0 	12 	0.0 	0.0 	0.0 	0.0 	0.0 	3.2 	TE31		San Francisco 49ers	Miami Dolphins	0 	0.0 	0 	0.0 	4.0 	80 	1.0 	0.0 	0.0 	0.0 	0.0 	18.0 	TE7		San Francisco 49ers	Arizona Cardinals	0 	0.0 	0 	0.0 	6.0 	82 	2.0 	0.0 	0.0 	0.0 	0.0 	26.2 	TE2		San Francisco 49ers	Denver Broncos	0 	0.0 	0 	0.0 	4.0 	70 	1.0 	0.0 	0.0 	0.0 	0.0 	17.0 	TE4		San Francisco 49ers	Seattle Seahawks	0 	0.0 	0 	0.0 	4.1 	57 	0.4 	0.0 	0.0 	0.0 	0.0 	12.1 	TE6		San Francisco 49ers	Washington Commanders	0 	0.0 	0 	0.0 	4.3 	59 	0.5 	0.0 	0.0 	0.0 	0.0 	13.1 	TE3		San Francisco 49ers	Atlanta Falcons	0 	0.0 	0 	0.0 	4.2 	58 	0.4 	0.0 	0.0 	0.0 	0.0 	12.6 	TE4		San Francisco 49ers	BYE	0 	0.0 	0 	0.0 	0.0 	0 	0.0 	0.0 	0.0 	0.0 	0.0 	0.0 	-		San Francisco 49ers	Las Vegas Raiders	0 	0.0 	0 	0.0 	4.1 	56 	0.4 	0.0 	0.0 	0.0 	0.0 	12.4 	TE5		San Francisco 49ers	Dallas Cowboys	0 	0.0 	0 	0.0 	4.4 	60 	0.5 	0.0 	0.0 	0.0 	0.0 	13.1 	TE4		San Francisco 49ers	Minnesota Vikings	0 	0.0 	0 	0.0 	4.2 	58 	0.4 	0.0 	0.0 	0.0 	0.0 	12.6 	TE4		San Francisco 49ers	Seattle Seahawks	0 	0.0 	0 	0.0 	4.2 	57 	0.4 	0.0 	0.0 	0.0 	0.0 	12.2 	TE6		San Francisco 49ers	New York Giants	0 	0.0 	0 	0.0 	4.3 	58 	0.4 	0.0 	0.0 	0.0 	0.0 	12.7 	TE3		San Francisco 49ers	Los Angeles Rams	0 	0.0 	0 	0.0 	4.2 	58 	0.4 	0.0 	0.0 	0.0 	0.0 	12.5 	TE3		San Francisco 49ers	Los Angeles Chargers	0 	0.0 	0 	0.0 	4.2 	57 	0.4 	0.0 	0.0 	0.0 	0.0 	12.2 	TE4		San Francisco 49ers	Kansas City Chiefs	0 	0.0 	0 	0.0 	4.1 	56 	0.4 	0.0 	0.0 	0.0 	0.0 	12.0 	TE5		San Francisco 49ers	Philadelphia Eagles	0 	0.0 	0 	0.0 	4.1 	57 	0.4 	0.0 	0.0 	0.0 	0.0 	12.2 	TE5		Actual	Actual	Actual	Actual	Forecast	Forecast	Forecast	Forecast	Forecast	Forecast	Forecast	Forecast	Forecast	Forecast	Forecast	Forecast	Forecast		Healthy	Healthy	Healthy	Healthy	Healthy	Healthy	Healthy	Healthy	Healthy	Healthy	Healthy	Healthy	Healthy	Healthy	Healthy	Healthy	Healthy		Week 5 2026	10/8/2026	8:57:03 PM	20		25%	25%	0%	0%	0%	0%		(0.2)	0	0	0	0	0	(0.162223)
	Matthew Golden	Green Bay Packers	WR	WR19	13.3 	213 	0 	0.0 	0.0 	0.0 	31 	1.9 	0.1 	0.0 	69.0 	4.3 	1,014 	63.4 	6.5 	0.4 	0.0 	0.2 	0.0 	0.538 	1.000 	0.810 	1 	0.293 	0.000 	38 	127 	89 	19 	50 	31 	0.563 			J.J. McCarthy	0.000 	QB38	Emanuel Wilson	0.297 	RB38	Jameson Williams	0.388 	WR40	Theo Johnson	0.093 	TE39		15.5 	9.8 	21.0 	11.7 	12.5 	13.2 	13.2 	13.0 	12.7 	12.8 	0.0 	12.8 	12.8 	13.3 	13.1 	12.8 	12.5 		WR17	WR30	WR7	WR34	WR19	WR15	WR18	WR19	WR23	WR20	-	WR21	WR19	WR17	WR21	WR21	WR23		WR21	12.9 	0.0 	0.0 	2.1 	0.0 	4.3 	61.7 	0.4 	20 	0.554 	1.000 	0.800 	1 	0.310 	0.000 	42 	0.567 		155 	J.J. McCarthy	0.013 	QB36	Emanuel Wilson	0.279 	RB40	Jameson Williams	0.403 	WR40	Theo Johnson	0.079 	TE42		WR12	14.5 	0.0 	0.0 	6.2 	0.0 	12.8 	185.0 	1.1 	12 	0.497 	1.000 	0.880 	1 	0.300 	0.000 	#N/A	0.590 		58.0 	J.J. McCarthy	0 	QB41	Emanuel Wilson	38 	RB29	Jameson Williams	39 	WR39	Theo Johnson	10 	TE38					Green Bay Packers	Minnesota Vikings	0 	0.0 	0 	0.0 	6.0 	95 	0.0 	0.0 	0.0 	0.0 	0.0 	15.5 	WR17		Green Bay Packers	New York Jets	0 	0.0 	0 	0.0 	4.0 	58 	0.0 	0.0 	0.0 	0.0 	0.0 	9.8 	WR30		Green Bay Packers	Atlanta Falcons	0 	0.0 	0 	0.0 	5.0 	100 	1.0 	0.0 	0.0 	0.0 	0.0 	21.0 	WR7		Green Bay Packers	Tampa Bay Buccaneers	0 	0.0 	6 	0.0 	3.0 	21 	1.0 	0.0 	0.0 	0.0 	0.0 	11.7 	WR34		Green Bay Packers	Chicago Bears	0 	0.0 	2 	0.0 	4.1 	60 	0.3 	0.0 	0.0 	0.0 	0.0 	12.5 	WR19		Green Bay Packers	Dallas Cowboys	0 	0.0 	2 	0.0 	4.3 	63 	0.4 	0.0 	0.0 	0.0 	0.0 	13.2 	WR15		Green Bay Packers	Detroit Lions	0 	0.0 	2 	0.0 	4.3 	63 	0.4 	0.0 	0.0 	0.0 	0.0 	13.2 	WR18		Green Bay Packers	Carolina Panthers	0 	0.0 	2 	0.0 	4.2 	61 	0.4 	0.0 	0.0 	0.0 	0.0 	13.0 	WR19		Green Bay Packers	New England Patriots	0 	0.0 	2 	0.0 	4.2 	61 	0.4 	0.0 	0.0 	0.0 	0.0 	12.7 	WR23		Green Bay Packers	Minnesota Vikings	0 	0.0 	2 	0.0 	4.2 	61 	0.4 	0.0 	0.0 	0.0 	0.0 	12.8 	WR20		Green Bay Packers	BYE	0 	0.0 	0 	0.0 	0.0 	0 	0.0 	0.0 	0.0 	0.0 	0.0 	0.0 	-		Green Bay Packers	Los Angeles Rams	0 	0.0 	2 	0.0 	4.3 	62 	0.4 	0.0 	0.0 	0.0 	0.0 	12.8 	WR21		Green Bay Packers	New Orleans Saints	0 	0.0 	2 	0.0 	4.2 	61 	0.4 	0.0 	0.0 	0.0 	0.0 	12.8 	WR19		Green Bay Packers	Buffalo Bills	0 	0.0 	2 	0.0 	4.4 	63 	0.4 	0.0 	0.0 	0.0 	0.0 	13.3 	WR17		Green Bay Packers	Miami Dolphins	0 	0.0 	3 	0.0 	4.2 	61 	0.4 	0.0 	0.0 	0.0 	0.0 	13.1 	WR21		Green Bay Packers	Chicago Bears	0 	0.0 	2 	0.0 	4.3 	62 	0.4 	0.0 	0.0 	0.0 	0.0 	12.8 	WR21		Green Bay Packers	Houston Texans	0 	0.0 	2 	0.0 	4.1 	60 	0.4 	0.0 	0.0 	0.0 	0.0 	12.5 	WR23		Actual	Actual	Actual	Actual	Forecast	Forecast	Forecast	Forecast	Forecast	Forecast	Forecast	Forecast	Forecast	Forecast	Forecast	Forecast	Forecast		Healthy	Healthy	Healthy	Healthy	Healthy	Healthy	Healthy	Healthy	Healthy	Healthy	Healthy	Healthy	Healthy	Healthy	Healthy	Healthy	Healthy		Week 5 2026	10/8/2026	8:57:03 PM	20		25%	23%	2%	0%	0%	0%		(0.0)	0	0	0	0	0	(0.023359)
	Bhayshul Tuten	Jacksonville Jaguars	RB	RB18	12.7 	203 	0 	0.0 	0.0 	0.0 	1,085 	67.8 	7.5 	0.5 	27.9 	1.7 	219 	13.7 	0.6 	0.0 	0.0 	2.1 	0.0 	0.513 	1.000 	0.804 	1 	0.250 	0.000 	42 	56 	14 	17 	23 	6 	0.539 			Case Keenum	0.000 	QB38	Alvin Kamara	0.344 	RB35	Wan'Dale Robinson	0.401 	WR38	Zach Ertz	0.088 	TE40		9.8 	14.2 	17.0 	11.1 	13.5 	12.3 	0.0 	13.8 	11.5 	12.6 	12.6 	13.3 	11.7 	12.5 	11.2 	12.3 	13.1 		RB28	RB13	RB11	RB28	RB13	RB21	-	RB14	RB22	RB17	RB19	RB18	RB20	RB18	RB25	RB19	RB18		RB20	12.5 	0.0 	0.0 	67.3 	0.5 	1.7 	13.8 	0.0 	19 	0.539 	1.000 	0.780 	1 	0.279 	0.000 	47 	0.543 		150 	Case Keenum	0.000 	QB38	Alvin Kamara	0.345 	RB34	Wan'Dale Robinson	0.409 	WR39	Zach Ertz	0.098 	TE38		RB16	13.0 	0.0 	0.0 	202.0 	1.4 	5.2 	41.3 	0.1 	16 	0.447 	1.000 	0.816 	1 	0.233 	0.000 	#N/A	0.528 		52.1 	Case Keenum	24 	QB36	Alvin Kamara	35 	RB30	Wan'Dale Robinson	40 	WR37	Zach Ertz	5 	TE40					Jacksonville Jaguars	Cleveland Browns	0 	0.0 	66 	0.0 	1.0 	22 	0.0 	0.0 	0.0 	0.0 	0.0 	9.8 	RB28		Jacksonville Jaguars	Denver Broncos	0 	0.0 	65 	1.0 	2.0 	(3)	0.0 	0.0 	0.0 	0.0 	0.0 	14.2 	RB13		Jacksonville Jaguars	New England Patriots	0 	0.0 	73 	1.0 	2.0 	17 	0.0 	0.0 	0.0 	0.0 	0.0 	17.0 	RB11		Jacksonville Jaguars	Cincinnati Bengals	0 	0.0 	73 	0.0 	2.0 	18 	0.0 	0.0 	0.0 	0.0 	0.0 	11.1 	RB28		Jacksonville Jaguars	Philadelphia Eagles	0 	0.0 	74 	0.5 	1.7 	13 	0.0 	0.0 	0.2 	0.0 	0.0 	13.5 	RB13		Jacksonville Jaguars	Houston Texans	0 	0.0 	67 	0.4 	1.7 	14 	0.0 	0.0 	0.2 	0.0 	0.0 	12.3 	RB21		Jacksonville Jaguars	BYE	0 	0.0 	0 	0.0 	0.0 	0 	0.0 	0.0 	0.0 	0.0 	0.0 	0.0 	-		Jacksonville Jaguars	Indianapolis Colts	0 	0.0 	74 	0.5 	1.8 	14 	0.1 	0.0 	0.2 	0.0 	0.0 	13.8 	RB14		Jacksonville Jaguars	Baltimore Ravens	0 	0.0 	60 	0.4 	1.8 	14 	0.0 	0.0 	0.2 	0.0 	0.0 	11.5 	RB22		Jacksonville Jaguars	Tennessee Titans	0 	0.0 	68 	0.5 	1.7 	14 	0.0 	0.0 	0.2 	0.0 	0.0 	12.6 	RB17		Jacksonville Jaguars	New York Giants	0 	0.0 	68 	0.5 	1.7 	14 	0.0 	0.0 	0.2 	0.0 	0.0 	12.6 	RB19		Jacksonville Jaguars	Tennessee Titans	0 	0.0 	72 	0.5 	1.7 	14 	0.1 	0.0 	0.2 	0.0 	0.0 	13.3 	RB18		Jacksonville Jaguars	Chicago Bears	0 	0.0 	63 	0.4 	1.7 	14 	0.0 	0.0 	0.2 	0.0 	0.0 	11.7 	RB20		Jacksonville Jaguars	Pittsburgh Steelers	0 	0.0 	67 	0.5 	1.7 	14 	0.0 	0.0 	0.2 	0.0 	0.0 	12.5 	RB18		Jacksonville Jaguars	Houston Texans	0 	0.0 	61 	0.4 	1.7 	13 	0.0 	0.0 	0.2 	0.0 	0.0 	11.2 	RB25		Jacksonville Jaguars	Dallas Cowboys	0 	0.0 	65 	0.4 	1.8 	14 	0.1 	0.0 	0.2 	0.0 	0.0 	12.3 	RB19		Jacksonville Jaguars	Washington Commanders	0 	0.0 	70 	0.5 	1.8 	14 	0.1 	0.0 	0.2 	0.0 	0.0 	13.1 	RB18		Actual	Actual	Actual	Actual	Forecast	Forecast	Forecast	Forecast	Forecast	Forecast	Forecast	Forecast	Forecast	Forecast	Forecast	Forecast	Forecast		Healthy	Healthy	Healthy	Healthy	Healthy	Healthy	Healthy	Healthy	Healthy	Healthy	Healthy	Healthy	Healthy	Healthy	Healthy	Healthy	Healthy		Week 5 2026	10/8/2026	8:57:03 PM	20		6%	3%	56%	51%	0%	0%		0.0 	0	0	0	0	0	0.015978 
	Michael Wilson	Arizona Cardinals	WR	WR18	13.8 	221 	0 	0.0 	0.0 	0.0 	0 	0.0 	0.0 	0.0 	91.7 	5.7 	992 	62.0 	5.0 	0.3 	0.0 	0.2 	0.0 	0.559 	1.000 	0.820 	1 	0.326 	0.000 	36 	83 	47 	18 	35 	17 	0.583 			Tua Tagovailoa	0.000 	QB38	Rico Dowdle	0.267 	RB42	Jakobi Meyers	0.365 	WR42	Elijah Arroyo	0.083 	TE41		10.6 	3.8 	25.9 	16.5 	15.1 	14.3 	13.5 	13.7 	12.9 	13.7 	13.0 	14.0 	13.3 	0.0 	13.4 	13.7 	13.4 		WR31	WR70	WR4	WR14	WR9	WR9	WR17	WR15	WR21	WR17	WR15	WR16	WR15	-	WR19	WR18	WR19		WR17	13.7 	0.0 	0.0 	0.0 	0.0 	5.6 	61.2 	0.3 	16 	0.587 	1.000 	0.840 	1 	0.365 	0.000 	33 	0.612 		164 	Tua Tagovailoa	0.000 	QB38	Rico Dowdle	0.301 	RB37	Jakobi Meyers	0.363 	WR44	Elijah Arroyo	0.093 	TE39		WR15	14.2 	0.0 	0.0 	0.0 	0.0 	16.7 	183.5 	1.0 	15 	0.487 	1.000 	0.850 	1 	0.285 	0.000 	#N/A	0.570 		56.8 	Tua Tagovailoa	0 	QB41	Rico Dowdle	11 	RB64	Jakobi Meyers	42 	WR34	Elijah Arroyo	3 	TE42					Arizona Cardinals	Los Angeles Chargers	0 	0.0 	0 	0.0 	5.0 	56 	0.0 	0.0 	0.0 	0.0 	0.0 	10.6 	WR31		Arizona Cardinals	Seattle Seahawks	0 	0.0 	0 	0.0 	2.0 	18 	0.0 	0.0 	0.0 	0.0 	0.0 	3.8 	WR70		Arizona Cardinals	San Francisco 49ers	0 	0.0 	0 	0.0 	11.0 	89 	1.0 	0.0 	0.0 	0.0 	0.0 	25.9 	WR4		Arizona Cardinals	New York Giants	0 	0.0 	0 	0.0 	7.0 	95 	0.0 	0.0 	0.0 	0.0 	0.0 	16.5 	WR14		Arizona Cardinals	Detroit Lions	0 	0.0 	0 	0.0 	6.0 	66 	0.4 	0.0 	0.0 	0.0 	0.0 	15.1 	WR9		Arizona Cardinals	Los Angeles Rams	0 	0.0 	0 	0.0 	5.8 	64 	0.4 	0.0 	0.0 	0.0 	0.0 	14.3 	WR9		Arizona Cardinals	Denver Broncos	0 	0.0 	0 	0.0 	5.5 	61 	0.3 	0.0 	0.0 	0.0 	0.0 	13.5 	WR17		Arizona Cardinals	Dallas Cowboys	0 	0.0 	0 	0.0 	5.6 	61 	0.3 	0.0 	0.0 	0.0 	0.0 	13.7 	WR15		Arizona Cardinals	Seattle Seahawks	0 	0.0 	0 	0.0 	5.3 	59 	0.3 	0.0 	0.0 	0.0 	0.0 	12.9 	WR21		Arizona Cardinals	Los Angeles Rams	0 	0.0 	0 	0.0 	5.6 	61 	0.3 	0.0 	0.0 	0.0 	0.0 	13.7 	WR17		Arizona Cardinals	Kansas City Chiefs	0 	0.0 	0 	0.0 	5.4 	59 	0.3 	0.0 	0.0 	0.0 	0.0 	13.0 	WR15		Arizona Cardinals	Washington Commanders	0 	0.0 	0 	0.0 	5.6 	62 	0.4 	0.0 	0.0 	0.0 	0.0 	14.0 	WR16		Arizona Cardinals	Philadelphia Eagles	0 	0.0 	0 	0.0 	5.5 	60 	0.3 	0.0 	0.0 	0.0 	0.0 	13.3 	WR15		Arizona Cardinals	BYE	0 	0.0 	0 	0.0 	0.0 	0 	0.0 	0.0 	0.0 	0.0 	0.0 	0.0 	-		Arizona Cardinals	New York Jets	0 	0.0 	0 	0.0 	5.4 	59 	0.3 	0.0 	0.0 	0.0 	0.0 	13.4 	WR19		Arizona Cardinals	New Orleans Saints	0 	0.0 	0 	0.0 	5.6 	61 	0.3 	0.0 	0.0 	0.0 	0.0 	13.7 	WR18		Arizona Cardinals	Las Vegas Raiders	0 	0.0 	0 	0.0 	5.4 	60 	0.3 	0.0 	0.0 	0.0 	0.0 	13.4 	WR19		Actual	Actual	Actual	Actual	Forecast	Forecast	Forecast	Forecast	Forecast	Forecast	Forecast	Forecast	Forecast	Forecast	Forecast	Forecast	Forecast		Healthy	Healthy	Healthy	Healthy	Healthy	Healthy	Healthy	Healthy	Healthy	Healthy	Healthy	Healthy	Healthy	Healthy	Healthy	Healthy	Healthy		Week 5 2026	10/8/2026	8:57:03 PM	20		27%	23%	0%	0%	0%	0%		0.0 	0	0	0	0	0	0.042593 
	Brock Purdy	San Francisco 49ers	QB	QB2	19.3 	308 	3,748 	234.2 	31.1 	1.9 	371 	23.2 	2.7 	0.2 	0.0 	0.0 	0 	0.0 	0.0 	0.0 	8.7 	0.9 	0.0 	0.781 	0.460 	0.449 	1 	0.638 	0.000 	43 	113 	70 	2 	14 	12 	0.538 			Shedeur Sanders	0.000 	QB38	Tyler Allgeier	0.255 	RB43	Tre Tucker	0.353 	WR44	Colby Parkinson	0.078 	TE42		21.1 	28.5 	31.3 	19.6 	16.3 	19.0 	17.8 	0.0 	18.0 	18.1 	17.6 	16.6 	17.7 	17.1 	16.6 	16.2 	16.9 		QB10	QB5	QB1	QB8	QB10	QB2	QB4	-	QB5	QB3	QB7	QB11	QB4	QB6	QB10	QB13	QB9		QB5	17.3 	228.4 	1.7 	20.7 	0.1 	0.0 	0.0 	0.0 	5 	0.745 	0.460 	0.424 	1 	0.589 	0.000 	58 	0.502 		208 	Shedeur Sanders	0.005 	QB37	Tyler Allgeier	0.238 	RB46	Tre Tucker	0.333 	WR48	Colby Parkinson	0.083 	TE41		QB2	25.1 	685.2 	5.0 	62.1 	0.4 	0.0 	0.0 	0.0 	2 	0.861 	0.460 	0.449 	2 	0.815 	0.000 	#N/A	0.621 		100.5 	Shedeur Sanders	0 	QB41	Tyler Allgeier	31 	RB35	Tre Tucker	44 	WR30	Colby Parkinson	5 	TE41					San Francisco 49ers	Los Angeles Rams	205 	3.0 	29 	0.0 	0.0 	0 	0.0 	1.0 	0.0 	0.0 	0.0 	21.1 	QB10		San Francisco 49ers	Miami Dolphins	287 	2.0 	30 	1.0 	0.0 	0 	0.0 	0.0 	0.0 	0.0 	0.0 	28.5 	QB5		San Francisco 49ers	Arizona Cardinals	297 	4.0 	34 	0.0 	0.0 	0 	0.0 	0.0 	0.0 	0.0 	0.0 	31.3 	QB1		San Francisco 49ers	Denver Broncos	218 	2.0 	29 	0.0 	0.0 	0 	0.0 	0.0 	0.0 	0.0 	0.0 	19.6 	QB8		San Francisco 49ers	Seattle Seahawks	224 	1.5 	19 	0.1 	0.0 	0 	0.0 	0.6 	0.1 	0.0 	0.0 	16.3 	QB10		San Francisco 49ers	Washington Commanders	234 	1.9 	24 	0.2 	0.0 	0 	0.0 	0.6 	0.1 	0.0 	0.0 	19.0 	QB2		San Francisco 49ers	Atlanta Falcons	229 	1.7 	22 	0.2 	0.0 	0 	0.0 	0.6 	0.1 	0.0 	0.0 	17.8 	QB4		San Francisco 49ers	BYE	0 	0.0 	0 	0.0 	0.0 	0 	0.0 	0.0 	0.0 	0.0 	0.0 	0.0 	-		San Francisco 49ers	Las Vegas Raiders	223 	1.8 	25 	0.2 	0.0 	0 	0.0 	0.6 	0.1 	0.0 	0.0 	18.0 	QB5		San Francisco 49ers	Dallas Cowboys	238 	1.8 	20 	0.1 	0.0 	0 	0.0 	0.6 	0.1 	0.0 	0.0 	18.1 	QB3		San Francisco 49ers	Minnesota Vikings	230 	1.7 	21 	0.1 	0.0 	0 	0.0 	0.6 	0.1 	0.0 	0.0 	17.6 	QB7		San Francisco 49ers	Seattle Seahawks	226 	1.6 	19 	0.1 	0.0 	0 	0.0 	0.6 	0.1 	0.0 	0.0 	16.6 	QB11		San Francisco 49ers	New York Giants	231 	1.7 	21 	0.1 	0.0 	0 	0.0 	0.6 	0.1 	0.0 	0.0 	17.7 	QB4		San Francisco 49ers	Los Angeles Rams	230 	1.6 	19 	0.1 	0.0 	0 	0.0 	0.6 	0.1 	0.0 	0.0 	17.1 	QB6		San Francisco 49ers	Los Angeles Chargers	226 	1.6 	19 	0.1 	0.0 	0 	0.0 	0.6 	0.1 	0.0 	0.0 	16.6 	QB10		San Francisco 49ers	Kansas City Chiefs	223 	1.5 	19 	0.1 	0.0 	0 	0.0 	0.6 	0.1 	0.0 	0.0 	16.2 	QB13		San Francisco 49ers	Philadelphia Eagles	225 	1.6 	20 	0.1 	0.0 	0 	0.0 	0.6 	0.1 	0.0 	0.0 	16.9 	QB9		Actual	Actual	Actual	Actual	Forecast	Forecast	Forecast	Forecast	Forecast	Forecast	Forecast	Forecast	Forecast	Forecast	Forecast	Forecast	Forecast		Healthy	Healthy	Healthy	Healthy	Healthy	Healthy	Healthy	Healthy	Healthy	Healthy	Healthy	Healthy	Healthy	Healthy	Healthy	Healthy	Healthy		Week 5 2026	10/8/2026	8:57:03 PM	20		0%	0%	17%	16%	99%	99%		(0.1)	0	0	0	0	0	(0.119439)
	George Pickens	Dallas Cowboys	WR	WR20	12.7 	204 	0 	0.0 	0.0 	0.0 	0 	0.0 	0.0 	0.0 	73.8 	4.6 	995 	62.2 	5.2 	0.3 	0.0 	0.2 	0.0 	0.516 	1.000 	0.800 	1 	0.257 	0.000 	41 	23 	(18)	20 	9 	(11)	0.540 			Carson Wentz	0.000 	QB38	Jordan Mason	0.233 	RB46	Jordan Addison	0.333 	WR47	Mason Taylor	0.070 	TE43		5.8 	10.0 	15.2 	9.5 	13.3 	13.8 	13.1 	13.6 	14.0 	14.0 	13.5 	13.6 	13.1 	0.0 	13.8 	14.0 	13.7 		WR57	WR29	WR22	WR40	WR15	WR12	WR19	WR16	WR16	WR15	WR13	WR19	WR18	-	WR17	WR15	WR16		WR18	13.6 	0.0 	0.0 	0.0 	0.0 	4.7 	64.2 	0.4 	17 	0.586 	1.000 	0.830 	1 	0.363 	0.000 	36 	0.606 		163 	Carson Wentz	0.000 	QB38	Jordan Mason	0.258 	RB43	Jordan Addison	0.357 	WR45	Mason Taylor	0.071 	TE43		WR37	10.1 	0.0 	0.0 	0.0 	0.0 	14.0 	192.6 	1.3 	37 	0.347 	1.000 	0.630 	0 	0.091 	0.000 	#N/A	0.372 		40.5 	Carson Wentz	26 	QB35	Jordan Mason	12 	RB62	Jordan Addison	33 	WR52	Mason Taylor	2 	TE43					Dallas Cowboys	New York Giants	0 	0.0 	0 	0.0 	3.0 	28 	0.0 	0.0 	0.0 	0.0 	0.0 	5.8 	WR57		Dallas Cowboys	Washington Commanders	0 	0.0 	0 	0.0 	6.0 	40 	0.0 	0.0 	0.0 	0.0 	0.0 	10.0 	WR29		Dallas Cowboys	Baltimore Ravens	0 	0.0 	0 	0.0 	7.0 	82 	0.0 	0.0 	0.0 	0.0 	0.0 	15.2 	WR22		Dallas Cowboys	Houston Texans	0 	0.0 	0 	0.0 	2.0 	75 	0.0 	0.0 	0.0 	0.0 	0.0 	9.5 	WR40		Dallas Cowboys	Tampa Bay Buccaneers	0 	0.0 	0 	0.0 	4.5 	62 	0.4 	0.0 	0.0 	0.0 	0.0 	13.3 	WR15		Dallas Cowboys	Green Bay Packers	0 	0.0 	0 	0.0 	4.7 	65 	0.4 	0.0 	0.0 	0.0 	0.0 	13.8 	WR12		Dallas Cowboys	Philadelphia Eagles	0 	0.0 	0 	0.0 	4.5 	63 	0.4 	0.0 	0.0 	0.0 	0.0 	13.1 	WR19		Dallas Cowboys	Arizona Cardinals	0 	0.0 	0 	0.0 	4.6 	63 	0.4 	0.0 	0.0 	0.0 	0.0 	13.6 	WR16		Dallas Cowboys	Indianapolis Colts	0 	0.0 	0 	0.0 	4.8 	66 	0.4 	0.0 	0.0 	0.0 	0.0 	14.0 	WR16		Dallas Cowboys	San Francisco 49ers	0 	0.0 	0 	0.0 	4.8 	66 	0.4 	0.0 	0.0 	0.0 	0.0 	14.0 	WR15		Dallas Cowboys	Tennessee Titans	0 	0.0 	0 	0.0 	4.6 	63 	0.4 	0.0 	0.0 	0.0 	0.0 	13.5 	WR13		Dallas Cowboys	Philadelphia Eagles	0 	0.0 	0 	0.0 	4.6 	64 	0.4 	0.0 	0.0 	0.0 	0.0 	13.6 	WR19		Dallas Cowboys	Seattle Seahawks	0 	0.0 	0 	0.0 	4.6 	63 	0.4 	0.0 	0.0 	0.0 	0.0 	13.1 	WR18		Dallas Cowboys	BYE	0 	0.0 	0 	0.0 	0.0 	0 	0.0 	0.0 	0.0 	0.0 	0.0 	0.0 	-		Dallas Cowboys	Los Angeles Rams	0 	0.0 	0 	0.0 	4.8 	66 	0.4 	0.0 	0.0 	0.0 	0.0 	13.8 	WR17		Dallas Cowboys	Jacksonville Jaguars	0 	0.0 	0 	0.0 	4.8 	66 	0.5 	0.0 	0.0 	0.0 	0.0 	14.0 	WR15		Dallas Cowboys	New York Giants	0 	0.0 	0 	0.0 	4.7 	64 	0.4 	0.0 	0.0 	0.0 	0.0 	13.7 	WR16		Actual	Actual	Actual	Actual	Forecast	Forecast	Forecast	Forecast	Forecast	Forecast	Forecast	Forecast	Forecast	Forecast	Forecast	Forecast	Forecast		Healthy	Healthy	Healthy	Healthy	Healthy	Healthy	Healthy	Healthy	Healthy	Healthy	Healthy	Healthy	Healthy	Healthy	Healthy	Healthy	Healthy		Week 5 2026	10/8/2026	8:57:03 PM	20		25%	24%	0%	0%	0%	0%		0.2 	0	0	0	0	0	0.234554 
	Denzel Boston	Cleveland Browns	WR	WR26	12.2 	195 	0 	0.0 	0.0 	0.0 	0 	0.0 	0.0 	0.0 	58.7 	3.7 	983 	61.4 	6.1 	0.4 	0.0 	0.2 	0.0 	0.494 	1.000 	0.740 	1 	0.222 	0.000 	52 	172 	120 	26 	59 	33 	0.496 			Carson Beck	0.000 	QB38	Tyjae Spears	0.247 	RB44	Emeka Egbuka	0.348 	WR45	Eli Stowers	0.065 	TE44		13.9 	20.5 	8.1 	12.9 	11.4 	11.6 	11.6 	11.4 	11.8 	11.2 	0.0 	11.7 	12.2 	11.8 	11.5 	11.6 	12.0 		WR23	WR12	WR45	WR28	WR26	WR29	WR28	WR28	WR30	WR34	-	WR31	WR25	WR28	WR33	WR32	WR27		WR31	11.7 	0.0 	0.0 	0.0 	0.0 	3.8 	58.2 	0.3 	31 	0.501 	1.000 	0.690 	1 	0.219 	0.000 	67 	0.473 		140 	Carson Beck	0.000 	QB38	Tyjae Spears	0.265 	RB42	Emeka Egbuka	0.379 	WR43	Eli Stowers	0.065 	TE44		WR17	13.9 	0.0 	0.0 	0.0 	0.0 	11.4 	174.6 	1.0 	17 	0.475 	1.000 	0.830 	1 	0.268 	0.000 	#N/A	0.552 		55.4 	Carson Beck	0 	QB41	Tyjae Spears	16 	RB52	Emeka Egbuka	36 	WR47	Eli Stowers	0 	TE44					Cleveland Browns	Jacksonville Jaguars	0 	0.0 	0 	0.0 	2.0 	59 	1.0 	0.0 	0.0 	0.0 	0.0 	13.9 	WR23		Cleveland Browns	Tampa Bay Buccaneers	0 	0.0 	0 	0.0 	5.0 	95 	1.0 	0.0 	0.0 	0.0 	0.0 	20.5 	WR12		Cleveland Browns	Carolina Panthers	0 	0.0 	0 	0.0 	2.0 	41 	0.0 	0.0 	0.0 	0.0 	1.0 	8.1 	WR45		Cleveland Browns	Pittsburgh Steelers	0 	0.0 	0 	0.0 	4.0 	89 	0.0 	0.0 	0.0 	0.0 	0.0 	12.9 	WR28		Cleveland Browns	New York Jets	0 	0.0 	0 	0.0 	3.7 	57 	0.3 	0.0 	0.0 	0.0 	0.0 	11.4 	WR26		Cleveland Browns	Baltimore Ravens	0 	0.0 	0 	0.0 	3.8 	58 	0.3 	0.0 	0.0 	0.0 	0.0 	11.6 	WR29		Cleveland Browns	Tennessee Titans	0 	0.0 	0 	0.0 	3.8 	58 	0.3 	0.0 	0.0 	0.0 	0.0 	11.6 	WR28		Cleveland Browns	Pittsburgh Steelers	0 	0.0 	0 	0.0 	3.8 	58 	0.3 	0.0 	0.0 	0.0 	0.0 	11.4 	WR28		Cleveland Browns	New Orleans Saints	0 	0.0 	0 	0.0 	3.8 	59 	0.3 	0.0 	0.0 	0.0 	0.0 	11.8 	WR30		Cleveland Browns	Houston Texans	0 	0.0 	0 	0.0 	3.7 	57 	0.3 	0.0 	0.0 	0.0 	0.0 	11.2 	WR34		Cleveland Browns	BYE	0 	0.0 	0 	0.0 	0.0 	0 	0.0 	0.0 	0.0 	0.0 	0.0 	0.0 	-		Cleveland Browns	Las Vegas Raiders	0 	0.0 	0 	0.0 	3.8 	58 	0.4 	0.0 	0.0 	0.0 	0.0 	11.7 	WR31		Cleveland Browns	Cincinnati Bengals	0 	0.0 	0 	0.0 	4.0 	60 	0.4 	0.0 	0.0 	0.0 	0.0 	12.2 	WR25		Cleveland Browns	Atlanta Falcons	0 	0.0 	0 	0.0 	3.8 	58 	0.4 	0.0 	0.0 	0.0 	0.0 	11.8 	WR28		Cleveland Browns	New York Giants	0 	0.0 	0 	0.0 	3.8 	58 	0.3 	0.0 	0.0 	0.0 	0.0 	11.5 	WR33		Cleveland Browns	Baltimore Ravens	0 	0.0 	0 	0.0 	3.9 	59 	0.3 	0.0 	0.0 	0.0 	0.0 	11.6 	WR32		Cleveland Browns	Indianapolis Colts	0 	0.0 	0 	0.0 	3.9 	59 	0.4 	0.0 	0.0 	0.0 	0.0 	12.0 	WR27		Actual	Actual	Actual	Actual	Forecast	Forecast	Forecast	Forecast	Forecast	Forecast	Forecast	Forecast	Forecast	Forecast	Forecast	Forecast	Forecast		Healthy	Healthy	Healthy	Healthy	Healthy	Healthy	Healthy	Healthy	Healthy	Healthy	Healthy	Healthy	Healthy	Healthy	Healthy	Healthy	Healthy		Week 5 2026	10/8/2026	8:57:03 PM	20		26%	25%	0%	0%	0%	0%		(0.1)	0	0	0	0	0	(0.078703)
	Jeremiyah Love	Arizona Cardinals	RB	RB19	12.6 	202 	0 	0.0 	0.0 	0.0 	839 	52.5 	4.6 	0.3 	48.5 	3.0 	280 	17.5 	3.1 	0.2 	0.0 	2.0 	0.0 	0.512 	1.000 	0.792 	1 	0.250 	0.000 	44 	30 	(14)	18 	15 	(3)	0.533 			Cooper Rush	0.000 	QB38	Brian Robinson Jr.	0.303 	RB37	Xavier Worthy	0.358 	WR43	Jake Tonges	0.059 	TE45		13.0 	7.5 	21.9 	6.5 	14.1 	13.0 	12.1 	12.3 	11.5 	12.3 	11.7 	13.7 	12.0 	0.0 	14.2 	12.8 	13.6 		RB21	RB35	RB3	RB39	RB11	RB16	RB20	RB18	RB21	RB18	RB21	RB15	RB18	-	RB17	RB17	RB17		RB18	12.8 	0.0 	0.0 	51.4 	0.3 	3.1 	20.3 	0.2 	18 	0.550 	1.000 	0.792 	1 	0.296 	0.000 	45 	0.557 		153 	Cooper Rush	0.000 	QB38	Brian Robinson Jr.	0.245 	RB45	Xavier Worthy	0.397 	WR41	Jake Tonges	0.059 	TE45		RB18	12.2 	0.0 	0.0 	154.1 	0.9 	9.4 	60.9 	0.5 	18 	0.419 	1.000 	0.792 	1 	0.195 	0.000 	#N/A	0.497 		48.9 	Cooper Rush	7 	QB40	Brian Robinson Jr.	49 	RB19	Xavier Worthy	33 	WR51	Jake Tonges	0 	TE44					Arizona Cardinals	Los Angeles Chargers	0 	0.0 	41 	1.0 	2.0 	9 	0.0 	0.0 	0.0 	0.0 	0.0 	13.0 	RB21		Arizona Cardinals	Seattle Seahawks	0 	0.0 	29 	0.0 	3.0 	16 	0.0 	0.0 	0.0 	0.0 	0.0 	7.5 	RB35		Arizona Cardinals	San Francisco 49ers	0 	0.0 	90 	0.0 	5.0 	19 	1.0 	0.0 	0.0 	0.0 	0.0 	21.9 	RB3		Arizona Cardinals	New York Giants	0 	0.0 	63 	0.0 	1.0 	(8)	0.0 	0.0 	0.0 	0.0 	0.0 	6.5 	RB39		Arizona Cardinals	Detroit Lions	0 	0.0 	56 	0.4 	3.2 	21 	0.2 	0.0 	0.2 	0.0 	0.0 	14.1 	RB11		Arizona Cardinals	Los Angeles Rams	0 	0.0 	50 	0.3 	3.3 	21 	0.2 	0.0 	0.2 	0.0 	0.0 	13.0 	RB16		Arizona Cardinals	Denver Broncos	0 	0.0 	48 	0.3 	3.1 	20 	0.2 	0.0 	0.2 	0.0 	0.0 	12.1 	RB20		Arizona Cardinals	Dallas Cowboys	0 	0.0 	48 	0.3 	3.2 	20 	0.2 	0.0 	0.2 	0.0 	0.0 	12.3 	RB18		Arizona Cardinals	Seattle Seahawks	0 	0.0 	46 	0.2 	3.0 	20 	0.1 	0.0 	0.2 	0.0 	0.0 	11.5 	RB21		Arizona Cardinals	Los Angeles Rams	0 	0.0 	48 	0.3 	3.2 	20 	0.2 	0.0 	0.2 	0.0 	0.0 	12.3 	RB18		Arizona Cardinals	Kansas City Chiefs	0 	0.0 	46 	0.2 	3.0 	20 	0.2 	0.0 	0.2 	0.0 	0.0 	11.7 	RB21		Arizona Cardinals	Washington Commanders	0 	0.0 	56 	0.3 	3.2 	21 	0.2 	0.0 	0.2 	0.0 	0.0 	13.7 	RB15		Arizona Cardinals	Philadelphia Eagles	0 	0.0 	47 	0.3 	3.1 	20 	0.2 	0.0 	0.2 	0.0 	0.0 	12.0 	RB18		Arizona Cardinals	BYE	0 	0.0 	0 	0.0 	0.0 	0 	0.0 	0.0 	0.0 	0.0 	0.0 	0.0 	-		Arizona Cardinals	New York Jets	0 	0.0 	61 	0.4 	3.0 	20 	0.2 	0.0 	0.2 	0.0 	0.0 	14.2 	RB17		Arizona Cardinals	New Orleans Saints	0 	0.0 	52 	0.3 	3.1 	20 	0.2 	0.0 	0.2 	0.0 	0.0 	12.8 	RB17		Arizona Cardinals	Las Vegas Raiders	0 	0.0 	58 	0.3 	3.1 	20 	0.2 	0.0 	0.2 	0.0 	0.0 	13.6 	RB17		Actual	Actual	Actual	Actual	Forecast	Forecast	Forecast	Forecast	Forecast	Forecast	Forecast	Forecast	Forecast	Forecast	Forecast	Forecast	Forecast		Healthy	Healthy	Healthy	Healthy	Limited / Handicapped	Healthy	Healthy	Healthy	Healthy	Healthy	Healthy	Healthy	Healthy	Healthy	Healthy	Healthy	Healthy		Week 5 2026	10/8/2026	8:57:03 PM	20		9%	12%	53%	50%	0%	0%		0.1 	0	0	0	0	0	0.060129 
	Joe Burrow	Cincinnati Bengals	QB	QB3	18.9 	302 	4,339 	271.2 	32.1 	2.0 	152 	9.5 	1.6 	0.1 	0.0 	0.0 	0 	0.0 	0.0 	0.0 	10.7 	1.9 	0.0 	0.764 	0.460 	0.441 	1 	0.597 	0.000 	49 	54 	5 	3 	4 	1 	0.515 				-	-	Chris Rodriguez Jr.	0.212 	RB49	Roman Wilson	0.308 	WR49		-	-		14.2 	16.2 	22.6 	23.7 	17.6 	0.0 	18.4 	19.3 	19.3 	18.6 	19.4 	19.0 	18.0 	18.3 	18.3 	19.4 	19.4 		QB19	QB14	QB9	QB2	QB2	-	QB2	QB2	QB2	QB2	QB2	QB2	QB2	QB2	QB2	QB2	QB2		QB2	18.8 	264.0 	2.1 	9.5 	0.1 	0.0 	0.0 	0.0 	2 	0.806 	0.460 	0.449 	1 	0.734 	0.000 	39 	0.583 		225 		-	-	Chris Rodriguez Jr.	0.201 	RB51	Roman Wilson	0.282 	WR53		-	-		QB10	19.2 	792.0 	6.3 	28.5 	0.2 	0.0 	0.0 	0.0 	10 	0.657 	0.460 	0.374 	1 	0.448 	0.000 	#N/A	0.409 		76.6 		-	-	Chris Rodriguez Jr.	23 	RB42	Roman Wilson	45 	WR29		-	-					Cincinnati Bengals	Tampa Bay Buccaneers	254 	1.0 	20 	0.0 	0.0 	0 	0.0 	1.0 	0.0 	0.0 	0.0 	14.2 	QB19		Cincinnati Bengals	Houston Texans	207 	2.0 	(1)	0.0 	0.0 	0 	0.0 	0.0 	0.0 	0.0 	0.0 	16.2 	QB14		Cincinnati Bengals	Pittsburgh Steelers	282 	3.0 	13 	0.0 	0.0 	0 	0.0 	0.0 	1.0 	0.0 	0.0 	22.6 	QB9		Cincinnati Bengals	Jacksonville Jaguars	428 	1.0 	6 	1.0 	0.0 	0 	0.0 	2.0 	0.0 	0.0 	0.0 	23.7 	QB2		Cincinnati Bengals	Miami Dolphins	251 	1.9 	10 	0.1 	0.0 	0 	0.0 	0.6 	0.1 	0.0 	0.0 	17.6 	QB2		Cincinnati Bengals	BYE	0 	0.0 	0 	0.0 	0.0 	0 	0.0 	0.0 	0.0 	0.0 	0.0 	0.0 	-		Cincinnati Bengals	Baltimore Ravens	268 	2.0 	8 	0.0 	0.0 	0 	0.0 	0.6 	0.1 	0.0 	0.0 	18.4 	QB2		Cincinnati Bengals	Tennessee Titans	264 	2.2 	11 	0.1 	0.0 	0 	0.0 	0.6 	0.1 	0.0 	0.0 	19.3 	QB2		Cincinnati Bengals	Atlanta Falcons	267 	2.2 	10 	0.1 	0.0 	0 	0.0 	0.6 	0.1 	0.0 	0.0 	19.3 	QB2		Cincinnati Bengals	Pittsburgh Steelers	264 	2.1 	9 	0.0 	0.0 	0 	0.0 	0.6 	0.1 	0.0 	0.0 	18.6 	QB2		Cincinnati Bengals	Washington Commanders	270 	2.2 	9 	0.1 	0.0 	0 	0.0 	0.6 	0.1 	0.0 	0.0 	19.4 	QB2		Cincinnati Bengals	New Orleans Saints	262 	2.1 	11 	0.1 	0.0 	0 	0.0 	0.6 	0.1 	0.0 	0.0 	19.0 	QB2		Cincinnati Bengals	Cleveland Browns	257 	2.0 	10 	0.1 	0.0 	0 	0.0 	0.6 	0.1 	0.0 	0.0 	18.0 	QB2		Cincinnati Bengals	Kansas City Chiefs	262 	2.0 	9 	0.0 	0.0 	0 	0.0 	0.6 	0.1 	0.0 	0.0 	18.3 	QB2		Cincinnati Bengals	Carolina Panthers	262 	2.0 	9 	0.0 	0.0 	0 	0.0 	0.6 	0.1 	0.0 	0.0 	18.3 	QB2		Cincinnati Bengals	Indianapolis Colts	270 	2.2 	9 	0.1 	0.0 	0 	0.0 	0.6 	0.1 	0.0 	0.0 	19.4 	QB2		Cincinnati Bengals	Baltimore Ravens	270 	2.2 	9 	0.1 	0.0 	0 	0.0 	0.6 	0.1 	0.0 	0.0 	19.4 	QB2		Actual	Actual	Actual	Actual	Forecast	Forecast	Forecast	Forecast	Forecast	Forecast	Forecast	Forecast	Forecast	Forecast	Forecast	Forecast	Forecast		Healthy	Healthy	Healthy	Healthy	Healthy	Healthy	Healthy	Healthy	Healthy	Healthy	Healthy	Healthy	Healthy	Healthy	Healthy	Healthy	Healthy		Week 5 2026	10/8/2026	8:57:03 PM	20		0%	0%	10%	8%	99%	99%		0.2 	0	0	0	0	0	0.173813 
	Malik Nabers	New York Giants	WR	WR23	12.6 	201 	0 	0.0 	0.0 	0.0 	0 	0.0 	0.0 	0.0 	71.3 	4.5 	928 	58.0 	6.3 	0.4 	0.0 	0.2 	0.0 	0.510 	1.000 	0.780 	1 	0.247 	0.000 	47 	27 	(20)	22 	12 	(10)	0.526 				-	-	Emmett Johnson	0.221 	RB48	Rome Odunze	0.299 	WR50		-	-		12.9 	1.1 	7.6 	23.2 	12.1 	13.1 	12.8 	0.0 	12.9 	13.5 	13.2 	13.2 	13.1 	13.1 	12.6 	13.5 	13.5 		WR26	WR86	WR49	WR9	WR21	WR17	WR20	-	WR20	WR19	WR14	WR20	WR17	WR18	WR23	WR19	WR17		WR20	13.1 	0.0 	0.0 	0.0 	0.0 	4.4 	60.0 	0.4 	19 	0.561 	1.000 	0.810 	1 	0.321 	0.000 	40 	0.577 		157 		-	-	Emmett Johnson	0.225 	RB48	Rome Odunze	0.315 	WR49		-	-		WR29	11.2 	0.0 	0.0 	0.0 	0.0 	13.3 	179.9 	1.3 	29 	0.384 	1.000 	0.710 	1 	0.142 	0.000 	#N/A	0.434 		44.8 		-	-	Emmett Johnson	18 	RB50	Rome Odunze	37 	WR43		-	-					New York Giants	Dallas Cowboys	0 	0.0 	0 	0.0 	6.0 	69 	0.0 	0.0 	0.0 	0.0 	0.0 	12.9 	WR26		New York Giants	Los Angeles Rams	0 	0.0 	0 	0.0 	1.0 	1 	0.0 	0.0 	0.0 	0.0 	0.0 	1.1 	WR86		New York Giants	Tennessee Titans	0 	0.0 	0 	0.0 	5.0 	26 	0.0 	0.0 	0.0 	0.0 	0.0 	7.6 	WR49		New York Giants	Arizona Cardinals	0 	0.0 	0 	0.0 	6.0 	112 	1.0 	0.0 	0.0 	0.0 	0.0 	23.2 	WR9		New York Giants	Washington Commanders	0 	0.0 	0 	0.0 	4.2 	56 	0.4 	0.0 	0.0 	0.0 	0.0 	12.1 	WR21		New York Giants	New Orleans Saints	0 	0.0 	0 	0.0 	4.4 	60 	0.4 	0.0 	0.0 	0.0 	0.0 	13.1 	WR17		New York Giants	Houston Texans	0 	0.0 	0 	0.0 	4.4 	60 	0.4 	0.0 	0.0 	0.0 	0.0 	12.8 	WR20		New York Giants	BYE	0 	0.0 	0 	0.0 	0.0 	0 	0.0 	0.0 	0.0 	0.0 	0.0 	0.0 	-		New York Giants	Philadelphia Eagles	0 	0.0 	0 	0.0 	4.5 	60 	0.4 	0.0 	0.0 	0.0 	0.0 	12.9 	WR20		New York Giants	Washington Commanders	0 	0.0 	0 	0.0 	4.5 	61 	0.5 	0.0 	0.0 	0.0 	0.0 	13.5 	WR19		New York Giants	Jacksonville Jaguars	0 	0.0 	0 	0.0 	4.5 	60 	0.5 	0.0 	0.0 	0.0 	0.0 	13.2 	WR14		New York Giants	Indianapolis Colts	0 	0.0 	0 	0.0 	4.5 	60 	0.5 	0.0 	0.0 	0.0 	0.0 	13.2 	WR20		New York Giants	San Francisco 49ers	0 	0.0 	0 	0.0 	4.5 	60 	0.5 	0.0 	0.0 	0.0 	0.0 	13.1 	WR17		New York Giants	Seattle Seahawks	0 	0.0 	0 	0.0 	4.5 	61 	0.4 	0.0 	0.0 	0.0 	0.0 	13.1 	WR18		New York Giants	Cleveland Browns	0 	0.0 	0 	0.0 	4.3 	57 	0.4 	0.0 	0.0 	0.0 	0.0 	12.6 	WR23		New York Giants	Detroit Lions	0 	0.0 	0 	0.0 	4.6 	62 	0.5 	0.0 	0.0 	0.0 	0.0 	13.5 	WR19		New York Giants	Dallas Cowboys	0 	0.0 	0 	0.0 	4.6 	62 	0.5 	0.0 	0.0 	0.0 	0.0 	13.5 	WR17		Actual	Actual	Actual	Actual	Forecast	Forecast	Forecast	Forecast	Forecast	Forecast	Forecast	Forecast	Forecast	Forecast	Forecast	Forecast	Forecast		Healthy	Healthy	Healthy	Healthy	Limited / Handicapped	Healthy	Healthy	Healthy	Healthy	Healthy	Healthy	Healthy	Healthy	Healthy	Healthy	Healthy	Healthy		Week 5 2026	10/8/2026	8:57:03 PM	20		29%	32%	0%	0%	0%	0%		0.1 	0	0	0	0	0	0.143407 
	Deebo Samuel	San Francisco 49ers	WR	WR27	12.2 	195 	0 	0.0 	0.0 	0.0 	162 	10.1 	0.4 	0.0 	58.7 	3.7 	739 	46.2 	7.3 	0.5 	0.0 	0.1 	0.0 	0.493 	1.000 	0.730 	1 	0.219 	0.000 	54 	0 	(54)	27 	0 	(27)	0.490 				-	-	Kenny Gainwell	0.239 	RB45	Chris Godwin Jr.	0.333 	WR48		-	-		18.0 	6.5 	15.4 	18.0 	11.0 	12.1 	11.6 	0.0 	11.5 	11.8 	11.5 	11.1 	11.6 	11.4 	11.1 	10.9 	11.2 		WR13	WR51	WR20	WR12	WR32	WR22	WR27	-	WR34	WR28	WR25	WR37	WR30	WR31	WR38	WR39	WR37		WR34	11.4 	0.0 	0.0 	7.3 	0.0 	3.7 	46.1 	0.4 	34 	0.490 	1.000 	0.660 	1 	0.200 	0.000 	75 	0.450 		137 		-	-	Kenny Gainwell	0.219 	RB49	Chris Godwin Jr.	0.387 	WR42		-	-		WR13	14.5 	0.0 	0.0 	21.9 	0.1 	11.2 	138.4 	1.1 	13 	0.496 	1.000 	0.870 	1 	0.298 	0.000 	#N/A	0.585 		57.9 		-	-	Kenny Gainwell	21 	RB45	Chris Godwin Jr.	32 	WR54		-	-					San Francisco 49ers	Los Angeles Rams	0 	0.0 	12 	0.0 	6.0 	48 	1.0 	0.0 	0.0 	0.0 	0.0 	18.0 	WR13		San Francisco 49ers	Miami Dolphins	0 	0.0 	4 	0.0 	3.0 	31 	0.0 	0.0 	0.0 	0.0 	0.0 	6.5 	WR51		San Francisco 49ers	Arizona Cardinals	0 	0.0 	14 	0.0 	0.0 	80 	1.0 	0.0 	0.0 	0.0 	0.0 	15.4 	WR20		San Francisco 49ers	Denver Broncos	0 	0.0 	44 	0.0 	5.0 	26 	1.0 	0.0 	0.0 	0.0 	0.0 	18.0 	WR12		San Francisco 49ers	Seattle Seahawks	0 	0.0 	7 	0.0 	3.7 	45 	0.3 	0.0 	0.0 	0.0 	0.0 	11.0 	WR32		San Francisco 49ers	Washington Commanders	0 	0.0 	9 	0.0 	3.8 	47 	0.4 	0.0 	0.0 	0.0 	0.0 	12.1 	WR22		San Francisco 49ers	Atlanta Falcons	0 	0.0 	8 	0.0 	3.7 	46 	0.4 	0.0 	0.0 	0.0 	0.0 	11.6 	WR27		San Francisco 49ers	BYE	0 	0.0 	0 	0.0 	0.0 	0 	0.0 	0.0 	0.0 	0.0 	0.0 	0.0 	-		San Francisco 49ers	Las Vegas Raiders	0 	0.0 	9 	0.0 	3.6 	45 	0.4 	0.0 	0.0 	0.0 	0.0 	11.5 	WR34		San Francisco 49ers	Dallas Cowboys	0 	0.0 	7 	0.0 	3.9 	48 	0.4 	0.0 	0.0 	0.0 	0.0 	11.8 	WR28		San Francisco 49ers	Minnesota Vikings	0 	0.0 	7 	0.0 	3.8 	47 	0.4 	0.0 	0.0 	0.0 	0.0 	11.5 	WR25		San Francisco 49ers	Seattle Seahawks	0 	0.0 	7 	0.0 	3.7 	46 	0.3 	0.0 	0.0 	0.0 	0.0 	11.1 	WR37		San Francisco 49ers	New York Giants	0 	0.0 	7 	0.0 	3.8 	47 	0.4 	0.0 	0.0 	0.0 	0.0 	11.6 	WR30		San Francisco 49ers	Los Angeles Rams	0 	0.0 	7 	0.0 	3.7 	46 	0.3 	0.0 	0.0 	0.0 	0.0 	11.4 	WR31		San Francisco 49ers	Los Angeles Chargers	0 	0.0 	7 	0.0 	3.7 	46 	0.3 	0.0 	0.0 	0.0 	0.0 	11.1 	WR38		San Francisco 49ers	Kansas City Chiefs	0 	0.0 	7 	0.0 	3.6 	45 	0.3 	0.0 	0.0 	0.0 	0.0 	10.9 	WR39		San Francisco 49ers	Philadelphia Eagles	0 	0.0 	7 	0.0 	3.7 	45 	0.3 	0.0 	0.0 	0.0 	0.0 	11.2 	WR37		Actual	Actual	Actual	Actual	Forecast	Forecast	Forecast	Forecast	Forecast	Forecast	Forecast	Forecast	Forecast	Forecast	Forecast	Forecast	Forecast		Healthy	Healthy	Healthy	Healthy	Healthy	Healthy	Healthy	Healthy	Healthy	Healthy	Healthy	Healthy	Healthy	Healthy	Healthy	Healthy	Healthy		Week 5 2026	10/8/2026	8:57:03 PM	20		20%	21%	6%	4%	0%	0%		(0.1)	0	0	0	0	0	(0.134792)
	Jalen Coker	Carolina Panthers	WR	WR22	13.0 	196 	0 	0.0 	0.0 	0.0 	0 	0.0 	0.0 	0.0 	71.6 	4.8 	876 	58.4 	6.1 	0.4 	0.0 	0.2 	0.0 	0.495 	1.000 	0.760 	1 	0.277 	0.000 	46 	142 	96 	24 	54 	30 	0.527 				-	-	Raheim Sanders	0.227 	RB47	KC Concepcion	0.342 	WR46		-	-		33.8 	14.6 	3.8 	0.0 	0.0 	11.8 	12.2 	12.0 	11.6 	11.9 	12.2 	12.1 	11.8 	12.2 	12.3 	11.7 	11.8 		WR1	WR16	WR70	-	-	WR27	WR25	WR25	WR33	WR27	WR20	WR27	WR29	WR22	WR27	WR31	WR31		WR29	12.0 	0.0 	0.0 	0.0 	0.0 	4.5 	54.5 	0.3 	29 	0.514 	1.000 	0.710 	1 	0.241 	0.000 	63 	0.493 		144 		-	-	Raheim Sanders	0.213 	RB50	KC Concepcion	0.416 	WR38		-	-		WR19	17.4 	0.0 	0.0 	0.0 	0.0 	17.9 	218.2 	1.4 	19 	0.447 	1.000 	0.810 	1 	0.230 	0.000 	#N/A	0.524 		52.2 		-	-	Raheim Sanders	20 	RB47	KC Concepcion	30 	WR58		-	-					Carolina Panthers	Chicago Bears	0 	0.0 	0 	0.0 	8.0 	138 	2.0 	0.0 	0.0 	0.0 	0.0 	33.8 	WR1		Carolina Panthers	Atlanta Falcons	0 	0.0 	0 	0.0 	8.0 	66 	0.0 	0.0 	0.0 	0.0 	0.0 	14.6 	WR16		Carolina Panthers	Cleveland Browns	0 	0.0 	0 	0.0 	2.0 	18 	0.0 	0.0 	0.0 	0.0 	0.0 	3.8 	WR70		Carolina Panthers	Detroit Lions	0 	0.0 	0 	0.0 	0.0 	0 	0.0 	0.0 	0.0 	0.0 	0.0 	0.0 	-		Carolina Panthers	BYE	0 	0.0 	0 	0.0 	0.0 	0 	0.0 	0.0 	0.0 	0.0 	0.0 	0.0 	-		Carolina Panthers	Philadelphia Eagles	0 	0.0 	0 	0.0 	4.4 	54 	0.3 	0.0 	0.0 	0.0 	0.0 	11.8 	WR27		Carolina Panthers	Tampa Bay Buccaneers	0 	0.0 	0 	0.0 	4.5 	55 	0.4 	0.0 	0.0 	0.0 	0.0 	12.2 	WR25		Carolina Panthers	Green Bay Packers	0 	0.0 	0 	0.0 	4.5 	55 	0.3 	0.0 	0.0 	0.0 	0.0 	12.0 	WR25		Carolina Panthers	Denver Broncos	0 	0.0 	0 	0.0 	4.4 	53 	0.3 	0.0 	0.0 	0.0 	0.0 	11.6 	WR33		Carolina Panthers	New Orleans Saints	0 	0.0 	0 	0.0 	4.4 	54 	0.3 	0.0 	0.0 	0.0 	0.0 	11.9 	WR27		Carolina Panthers	Baltimore Ravens	0 	0.0 	0 	0.0 	4.5 	55 	0.4 	0.0 	0.0 	0.0 	0.0 	12.2 	WR20		Carolina Panthers	Tampa Bay Buccaneers	0 	0.0 	0 	0.0 	4.5 	55 	0.3 	0.0 	0.0 	0.0 	0.0 	12.1 	WR27		Carolina Panthers	Minnesota Vikings	0 	0.0 	0 	0.0 	4.4 	54 	0.3 	0.0 	0.0 	0.0 	0.0 	11.8 	WR29		Carolina Panthers	New Orleans Saints	0 	0.0 	0 	0.0 	4.5 	55 	0.4 	0.0 	0.0 	0.0 	0.0 	12.2 	WR22		Carolina Panthers	Cincinnati Bengals	0 	0.0 	0 	0.0 	4.6 	56 	0.4 	0.0 	0.0 	0.0 	0.0 	12.3 	WR27		Carolina Panthers	Pittsburgh Steelers	0 	0.0 	0 	0.0 	4.4 	54 	0.3 	0.0 	0.0 	0.0 	0.0 	11.7 	WR31		Carolina Panthers	Seattle Seahawks	0 	0.0 	0 	0.0 	4.4 	54 	0.3 	0.0 	0.0 	0.0 	0.0 	11.8 	WR31		Actual	Actual	Actual	Actual	Forecast	Forecast	Forecast	Forecast	Forecast	Forecast	Forecast	Forecast	Forecast	Forecast	Forecast	Forecast	Forecast		Healthy	Healthy	Healthy	Injured	Injured	Healthy	Healthy	Healthy	Healthy	Healthy	Healthy	Healthy	Healthy	Healthy	Healthy	Healthy	Healthy		Week 5 2026	10/8/2026	8:57:03 PM	20		24%	23%	0%	0%	0%	0%		(0.0)	0	0	1	1	0	
	Omarion Hampton	Los Angeles Chargers	RB	RB23	11.1 	177 	0 	0.0 	0.0 	0.0 	996 	62.2 	9.2 	0.6 	14.5 	0.9 	106 	6.6 	0.7 	0.0 	0.0 	3.8 	0.0 	0.448 	1.000 	0.731 	0 	0.151 	0.000 	65 	15 	(50)	23 	9 	(14)	0.457 				-	-	Jaylen Wright	0.206 	RB50	Dontayvion Wicks	0.273 	WR54		-	-		8.3 	17.5 	5.6 	13.3 	9.5 	8.7 	0.0 	10.3 	11.0 	10.1 	12.8 	11.2 	11.5 	11.8 	11.6 	12.7 	11.2 		RB33	RB7	RB38	RB23	RB28	RB28	-	RB22	RB24	RB26	RB17	RB27	RB21	RB22	RB23	RB18	RB25		RB24	11.0 	0.0 	0.0 	63.1 	0.5 	0.9 	6.4 	0.1 	24 	0.474 	1.000 	0.719 	0 	0.178 	0.000 	70 	0.466 		132 		-	-	Jaylen Wright	0.251 	RB44	Dontayvion Wicks	0.274 	WR54		-	-		RB22	11.2 	0.0 	0.0 	189.4 	1.6 	2.6 	19.2 	0.2 	22 	0.383 	1.000 	0.743 	0 	0.144 	0.000 	#N/A	0.450 		44.7 		-	-	Jaylen Wright	2 	RB71	Dontayvion Wicks	38 	WR42		-	-					Los Angeles Chargers	Arizona Cardinals	0 	0.0 	43 	1.0 	0.0 	0 	0.0 	0.0 	1.0 	0.0 	0.0 	8.3 	RB33		Los Angeles Chargers	Las Vegas Raiders	0 	0.0 	94 	1.0 	2.0 	21 	0.0 	0.0 	1.0 	0.0 	0.0 	17.5 	RB7		Los Angeles Chargers	Buffalo Bills	0 	0.0 	56 	0.0 	0.0 	0 	0.0 	0.0 	0.0 	0.0 	0.0 	5.6 	RB38		Los Angeles Chargers	Seattle Seahawks	0 	0.0 	45 	1.0 	2.0 	8 	0.0 	0.0 	0.0 	0.0 	0.0 	13.3 	RB23		Los Angeles Chargers	Denver Broncos	0 	0.0 	55 	0.4 	0.9 	6 	0.1 	0.0 	0.2 	0.0 	0.0 	9.5 	RB28		Los Angeles Chargers	Kansas City Chiefs	0 	0.0 	50 	0.4 	0.9 	7 	0.1 	0.0 	0.2 	0.0 	0.0 	8.7 	RB28		Los Angeles Chargers	BYE	0 	0.0 	0 	0.0 	0.0 	0 	0.0 	0.0 	0.0 	0.0 	0.0 	0.0 	-		Los Angeles Chargers	Los Angeles Rams	0 	0.0 	58 	0.5 	0.9 	7 	0.1 	0.0 	0.2 	0.0 	0.0 	10.3 	RB22		Los Angeles Chargers	Houston Texans	0 	0.0 	64 	0.5 	0.9 	6 	0.1 	0.0 	0.2 	0.0 	0.0 	11.0 	RB24		Los Angeles Chargers	Baltimore Ravens	0 	0.0 	58 	0.5 	0.9 	7 	0.1 	0.0 	0.2 	0.0 	0.0 	10.1 	RB26		Los Angeles Chargers	New York Jets	0 	0.0 	74 	0.6 	0.8 	6 	0.1 	0.0 	0.2 	0.0 	0.0 	12.8 	RB17		Los Angeles Chargers	New England Patriots	0 	0.0 	64 	0.5 	0.9 	6 	0.1 	0.0 	0.2 	0.0 	0.0 	11.2 	RB27		Los Angeles Chargers	Tampa Bay Buccaneers	0 	0.0 	65 	0.6 	0.9 	7 	0.1 	0.0 	0.2 	0.0 	0.0 	11.5 	RB21		Los Angeles Chargers	Las Vegas Raiders	0 	0.0 	68 	0.6 	0.9 	6 	0.1 	0.0 	0.2 	0.0 	0.0 	11.8 	RB22		Los Angeles Chargers	San Francisco 49ers	0 	0.0 	66 	0.6 	0.9 	7 	0.1 	0.0 	0.2 	0.0 	0.0 	11.6 	RB23		Los Angeles Chargers	Miami Dolphins	0 	0.0 	72 	0.6 	0.9 	6 	0.1 	0.0 	0.2 	0.0 	0.0 	12.7 	RB18		Los Angeles Chargers	Kansas City Chiefs	0 	0.0 	64 	0.5 	0.9 	6 	0.1 	0.0 	0.2 	0.0 	0.0 	11.2 	RB25		Actual	Actual	Actual	Actual	Forecast	Forecast	Forecast	Forecast	Forecast	Forecast	Forecast	Forecast	Forecast	Forecast	Forecast	Forecast	Forecast		Healthy	Healthy	Healthy	Healthy	Healthy	Healthy	Healthy	Healthy	Healthy	Healthy	Healthy	Healthy	Healthy	Healthy	Healthy	Healthy	Healthy		Week 5 2026	10/8/2026	8:57:03 PM	20		3%	4%	48%	57%	0%	0%		0.0 	0	0	0	0	0	0.015943 
	Stefon Diggs	Washington Commanders	WR	WR21	12.6 	202 	0 	0.0 	0.0 	0.0 	0 	0.0 	0.0 	0.0 	77.8 	4.9 	786 	49.1 	7.6 	0.5 	0.0 	0.2 	0.0 	0.510 	1.000 	0.790 	1 	0.248 	0.000 	45 	98 	53 	21 	40 	19 	0.531 				-	-	Zach Charbonnet	0.186 	RB53	Tre' Harris	0.281 	WR53		-	-		15.5 	21.7 	7.3 	8.5 	11.6 	12.8 	0.0 	12.2 	12.8 	12.3 	13.0 	12.5 	12.3 	11.9 	12.6 	12.1 	12.5 		WR17	WR11	WR51	WR44	WR24	WR18	-	WR23	WR22	WR24	WR16	WR25	WR23	WR25	WR24	WR27	WR22		WR24	12.4 	0.0 	0.0 	0.0 	0.0 	5.0 	51.3 	0.4 	24 	0.532 	1.000 	0.760 	1 	0.272 	0.000 	50 	0.531 		149 		-	-	Zach Charbonnet	0.232 	RB47	Tre' Harris	0.308 	WR50		-	-		WR18	13.3 	0.0 	0.0 	0.0 	0.0 	14.9 	153.9 	1.1 	18 	0.454 	1.000 	0.820 	1 	0.240 	0.000 	#N/A	0.533 		53.0 		-	-	Zach Charbonnet	0 	RB73	Tre' Harris	34 	WR50		-	-					Washington Commanders	Philadelphia Eagles	0 	0.0 	0 	0.0 	4.0 	55 	1.0 	0.0 	0.0 	0.0 	0.0 	15.5 	WR17		Washington Commanders	Dallas Cowboys	0 	0.0 	0 	0.0 	5.0 	47 	2.0 	0.0 	0.0 	0.0 	0.0 	21.7 	WR11		Washington Commanders	Seattle Seahawks	0 	0.0 	0 	0.0 	4.0 	33 	0.0 	0.0 	0.0 	0.0 	0.0 	7.3 	WR51		Washington Commanders	Indianapolis Colts	0 	0.0 	0 	0.0 	5.0 	35 	0.0 	0.0 	0.0 	0.0 	0.0 	8.5 	WR44		Washington Commanders	New York Giants	0 	0.0 	0 	0.0 	4.6 	48 	0.4 	0.0 	0.0 	0.0 	0.0 	11.6 	WR24		Washington Commanders	San Francisco 49ers	0 	0.0 	0 	0.0 	5.2 	54 	0.4 	0.0 	0.0 	0.0 	0.0 	12.8 	WR18		Washington Commanders	BYE	0 	0.0 	0 	0.0 	0.0 	0 	0.0 	0.0 	0.0 	0.0 	0.0 	0.0 	-		Washington Commanders	Philadelphia Eagles	0 	0.0 	0 	0.0 	4.9 	51 	0.4 	0.0 	0.0 	0.0 	0.0 	12.2 	WR23		Washington Commanders	Los Angeles Rams	0 	0.0 	0 	0.0 	5.2 	53 	0.4 	0.0 	0.0 	0.0 	0.0 	12.8 	WR22		Washington Commanders	New York Giants	0 	0.0 	0 	0.0 	5.0 	51 	0.4 	0.0 	0.0 	0.0 	0.0 	12.3 	WR24		Washington Commanders	Cincinnati Bengals	0 	0.0 	0 	0.0 	5.2 	53 	0.4 	0.0 	0.0 	0.0 	0.0 	13.0 	WR16		Washington Commanders	Arizona Cardinals	0 	0.0 	0 	0.0 	5.0 	51 	0.4 	0.0 	0.0 	0.0 	0.0 	12.5 	WR25		Washington Commanders	Tennessee Titans	0 	0.0 	0 	0.0 	4.9 	51 	0.4 	0.0 	0.0 	0.0 	0.0 	12.3 	WR23		Washington Commanders	Houston Texans	0 	0.0 	0 	0.0 	4.8 	50 	0.4 	0.0 	0.0 	0.0 	0.0 	11.9 	WR25		Washington Commanders	Atlanta Falcons	0 	0.0 	0 	0.0 	5.0 	52 	0.4 	0.0 	0.0 	0.0 	0.0 	12.6 	WR24		Washington Commanders	Minnesota Vikings	0 	0.0 	0 	0.0 	4.9 	50 	0.4 	0.0 	0.0 	0.0 	0.0 	12.1 	WR27		Washington Commanders	Jacksonville Jaguars	0 	0.0 	0 	0.0 	5.0 	52 	0.4 	0.0 	0.0 	0.0 	0.0 	12.5 	WR22		Actual	Actual	Actual	Actual	Forecast	Forecast	Forecast	Forecast	Forecast	Forecast	Forecast	Forecast	Forecast	Forecast	Forecast	Forecast	Forecast		Healthy	Healthy	Healthy	Healthy	Limited / Handicapped	Healthy	Healthy	Healthy	Healthy	Healthy	Healthy	Healthy	Healthy	Healthy	Healthy	Healthy	Healthy		Week 5 2026	10/8/2026	8:57:03 PM	20		24%	26%	0%	0%	0%	0%		(0.0)	0	0	0	0	0	(0.002327)
	Saquon Barkley	Philadelphia Eagles	RB	RB25	11.3 	169 	0 	0.0 	0.0 	0.0 	1,021 	68.1 	5.6 	0.4 	19.8 	1.3 	125 	8.3 	0.9 	0.1 	0.0 	2.0 	0.0 	0.428 	1.000 	0.694 	0 	0.164 	0.000 	71 	14 	(57)	26 	8 	(18)	0.442 				-	-	MarShawn Lloyd	0.199 	RB51	Caleb Douglas	0.291 	WR51		-	-		9.0 	3.0 	9.0 	2.0 	0.0 	12.9 	13.7 	13.2 	13.8 	0.0 	13.6 	12.9 	14.9 	14.2 	12.7 	12.0 	12.3 		RB30	RB54	RB30	RB53	-	RB17	RB15	RB15	RB14	-	RB13	RB19	RB7	RB13	RB20	RB24	RB20		RB19	13.3 	0.0 	0.0 	76.3 	0.5 	1.4 	10.6 	0.1 	20 	0.523 	1.000 	0.768 	1 	0.329 	0.000 	46 	0.556 		146 		-	-	MarShawn Lloyd	0.174 	RB55	Caleb Douglas	0.352 	WR46		-	-		RB41	5.8 	0.0 	0.0 	209.9 	1.4 	3.9 	29.2 	0.2 	41 	0.197 	1.000 	0.506 	(0)	0.000 	0.000 	#N/A	0.257 		23.0 		-	-	MarShawn Lloyd	26 	RB38	Caleb Douglas	18 	WR78		-	-					Philadelphia Eagles	Washington Commanders	0 	0.0 	83 	0.0 	1.0 	(3)	0.0 	0.0 	0.0 	0.0 	0.0 	9.0 	RB30		Philadelphia Eagles	Tennessee Titans	0 	0.0 	9 	0.0 	1.0 	11 	0.0 	0.0 	0.0 	0.0 	0.0 	3.0 	RB54		Philadelphia Eagles	Chicago Bears	0 	0.0 	82 	0.0 	1.0 	(2)	0.0 	0.0 	0.0 	0.0 	0.0 	9.0 	RB30		Philadelphia Eagles	Los Angeles Rams	0 	0.0 	8 	0.0 	1.0 	2 	0.0 	0.0 	0.0 	0.0 	0.0 	2.0 	RB53		Philadelphia Eagles	Jacksonville Jaguars	0 	0.0 	0 	0.0 	0.0 	0 	0.0 	0.0 	0.0 	0.0 	0.0 	0.0 	-		Philadelphia Eagles	Carolina Panthers	0 	0.0 	74 	0.5 	1.4 	11 	0.1 	0.0 	0.2 	0.0 	0.0 	12.9 	RB17		Philadelphia Eagles	Dallas Cowboys	0 	0.0 	78 	0.5 	1.5 	11 	0.1 	0.0 	0.2 	0.0 	0.0 	13.7 	RB15		Philadelphia Eagles	Washington Commanders	0 	0.0 	75 	0.5 	1.5 	11 	0.1 	0.0 	0.2 	0.0 	0.0 	13.2 	RB15		Philadelphia Eagles	New York Giants	0 	0.0 	80 	0.5 	1.4 	11 	0.1 	0.0 	0.2 	0.0 	0.0 	13.8 	RB14		Philadelphia Eagles	BYE	0 	0.0 	0 	0.0 	0.0 	0 	0.0 	0.0 	0.0 	0.0 	0.0 	0.0 	-		Philadelphia Eagles	Pittsburgh Steelers	0 	0.0 	78 	0.5 	1.4 	10 	0.1 	0.0 	0.2 	0.0 	0.0 	13.6 	RB13		Philadelphia Eagles	Dallas Cowboys	0 	0.0 	72 	0.5 	1.5 	11 	0.1 	0.0 	0.2 	0.0 	0.0 	12.9 	RB19		Philadelphia Eagles	Arizona Cardinals	0 	0.0 	87 	0.6 	1.4 	10 	0.1 	0.0 	0.2 	0.0 	0.0 	14.9 	RB7		Philadelphia Eagles	Indianapolis Colts	0 	0.0 	81 	0.6 	1.5 	11 	0.1 	0.0 	0.2 	0.0 	0.0 	14.2 	RB13		Philadelphia Eagles	Seattle Seahawks	0 	0.0 	74 	0.5 	1.4 	10 	0.1 	0.0 	0.2 	0.0 	0.0 	12.7 	RB20		Philadelphia Eagles	Houston Texans	0 	0.0 	70 	0.4 	1.4 	10 	0.1 	0.0 	0.2 	0.0 	0.0 	12.0 	RB24		Philadelphia Eagles	San Francisco 49ers	0 	0.0 	70 	0.4 	1.4 	11 	0.1 	0.0 	0.2 	0.0 	0.0 	12.3 	RB20		Actual	Actual	Actual	Actual	Forecast	Forecast	Forecast	Forecast	Forecast	Forecast	Forecast	Forecast	Forecast	Forecast	Forecast	Forecast	Forecast		Healthy	Healthy	Healthy	Healthy	Injured	Healthy	Healthy	Healthy	Healthy	Healthy	Healthy	Healthy	Healthy	Healthy	Healthy	Healthy	Healthy		Week 5 2026	10/8/2026	8:57:03 PM	20		5%	5%	56%	53%	0%	0%		0.3 	0	0	0	1	0	
	Mike Evans	San Francisco 49ers	WR	WR25	12.2 	195 	0 	0.0 	0.0 	0.0 	0 	0.0 	0.0 	0.0 	68.6 	4.3 	847 	52.9 	7.1 	0.4 	0.0 	0.2 	0.0 	0.494 	1.000 	0.750 	1 	0.222 	0.000 	51 	67 	16 	25 	30 	5 	0.500 				-	-	Jadarian Price	0.174 	RB55	Devaughn Vele	0.371 	WR41		-	-		16.9 	8.4 	12.4 	12.6 	11.2 	12.7 	12.2 	0.0 	12.0 	12.7 	12.3 	11.9 	12.3 	12.2 	11.9 	11.7 	11.9 		WR14	WR37	WR32	WR29	WR29	WR19	WR24	-	WR27	WR21	WR19	WR29	WR22	WR23	WR30	WR29	WR28		WR26	12.1 	0.0 	0.0 	0.0 	0.0 	4.3 	52.8 	0.4 	26 	0.520 	1.000 	0.740 	1 	0.251 	0.000 	55 	0.511 		145 		-	-	Jadarian Price	0.195 	RB52	Devaughn Vele	0.287 	WR52		-	-		WR22	12.6 	0.0 	0.0 	0.0 	0.0 	12.9 	158.5 	1.3 	22 	0.431 	1.000 	0.780 	1 	0.208 	0.000 	#N/A	0.499 		50.3 		-	-	Jadarian Price	14 	RB59	Devaughn Vele	56 	WR16		-	-					San Francisco 49ers	Los Angeles Rams	0 	0.0 	0 	0.0 	6.0 	49 	1.0 	0.0 	0.0 	0.0 	0.0 	16.9 	WR14		San Francisco 49ers	Miami Dolphins	0 	0.0 	0 	0.0 	3.0 	54 	0.0 	0.0 	0.0 	0.0 	0.0 	8.4 	WR37		San Francisco 49ers	Arizona Cardinals	0 	0.0 	0 	0.0 	3.0 	34 	1.0 	0.0 	0.0 	0.0 	0.0 	12.4 	WR32		San Francisco 49ers	Denver Broncos	0 	0.0 	0 	0.0 	5.0 	76 	0.0 	0.0 	0.0 	0.0 	0.0 	12.6 	WR29		San Francisco 49ers	Seattle Seahawks	0 	0.0 	0 	0.0 	4.0 	50 	0.4 	0.0 	0.0 	0.0 	0.0 	11.2 	WR29		San Francisco 49ers	Washington Commanders	0 	0.0 	0 	0.0 	4.4 	54 	0.5 	0.0 	0.0 	0.0 	0.0 	12.7 	WR19		San Francisco 49ers	Atlanta Falcons	0 	0.0 	0 	0.0 	4.3 	53 	0.4 	0.0 	0.0 	0.0 	0.0 	12.2 	WR24		San Francisco 49ers	BYE	0 	0.0 	0 	0.0 	0.0 	0 	0.0 	0.0 	0.0 	0.0 	0.0 	0.0 	-		San Francisco 49ers	Las Vegas Raiders	0 	0.0 	0 	0.0 	4.2 	52 	0.4 	0.0 	0.0 	0.0 	0.0 	12.0 	WR27		San Francisco 49ers	Dallas Cowboys	0 	0.0 	0 	0.0 	4.5 	55 	0.5 	0.0 	0.0 	0.0 	0.0 	12.7 	WR21		San Francisco 49ers	Minnesota Vikings	0 	0.0 	0 	0.0 	4.4 	54 	0.4 	0.0 	0.0 	0.0 	0.0 	12.3 	WR19		San Francisco 49ers	Seattle Seahawks	0 	0.0 	0 	0.0 	4.3 	53 	0.4 	0.0 	0.0 	0.0 	0.0 	11.9 	WR29		San Francisco 49ers	New York Giants	0 	0.0 	0 	0.0 	4.4 	54 	0.4 	0.0 	0.0 	0.0 	0.0 	12.3 	WR22		San Francisco 49ers	Los Angeles Rams	0 	0.0 	0 	0.0 	4.3 	53 	0.4 	0.0 	0.0 	0.0 	0.0 	12.2 	WR23		San Francisco 49ers	Los Angeles Chargers	0 	0.0 	0 	0.0 	4.3 	53 	0.4 	0.0 	0.0 	0.0 	0.0 	11.9 	WR30		San Francisco 49ers	Kansas City Chiefs	0 	0.0 	0 	0.0 	4.2 	52 	0.4 	0.0 	0.0 	0.0 	0.0 	11.7 	WR29		San Francisco 49ers	Philadelphia Eagles	0 	0.0 	0 	0.0 	4.2 	52 	0.4 	0.0 	0.0 	0.0 	0.0 	11.9 	WR28		Actual	Actual	Actual	Actual	Forecast	Forecast	Forecast	Forecast	Forecast	Forecast	Forecast	Forecast	Forecast	Forecast	Forecast	Forecast	Forecast		Healthy	Healthy	Healthy	Healthy	Limited / Handicapped	Healthy	Healthy	Healthy	Healthy	Healthy	Healthy	Healthy	Healthy	Healthy	Healthy	Healthy	Healthy		Week 5 2026	10/8/2026	8:57:03 PM	20		23%	25%	0%	0%	0%	0%		0.0 	0	0	0	0	0	0.012437 
	Sam LaPorta	Detroit Lions	TE	TE5	12.4 	199 	0 	0.0 	0.0 	0.0 	0 	0.0 	0.0 	0.0 	75.7 	4.7 	835 	52.2 	6.7 	0.4 	0.0 	0.1 	0.0 	0.504 	0.560 	0.525 	1 	0.465 	0.000 	53 	70 	17 	5 	7 	2 	0.495 				-	-	George Holani	0.193 	RB52	Kalif Raymond	0.287 	WR52		-	-		9.8 	17.2 	7.4 	22.4 	12.5 	0.0 	12.0 	11.7 	11.6 	11.7 	11.9 	12.3 	11.9 	11.7 	11.4 	11.9 	11.7 		TE16	TE9	TE17	TE2	TE4	-	TE7	TE5	TE6	TE6	TE5	TE5	TE4	TE5	TE6	TE6	TE6		TE6	11.9 	0.0 	0.0 	0.0 	0.0 	4.5 	50.6 	0.4 	6 	0.510 	0.560 	0.518 	1 	0.468 	0.000 	62 	0.494 		142 		-	-	George Holani	0.189 	RB53	Kalif Raymond	0.251 	WR56		-	-		TE4	14.2 	0.0 	0.0 	0.0 	0.0 	13.4 	151.8 	1.2 	4 	0.487 	0.560 	0.533 	1 	0.683 	0.000 	#N/A	0.594 		56.8 		-	-	George Holani	19 	RB48	Kalif Raymond	49 	WR23		-	-					Detroit Lions	New Orleans Saints	0 	0.0 	0 	0.0 	5.0 	48 	0.0 	0.0 	0.0 	0.0 	0.0 	9.8 	TE16		Detroit Lions	Buffalo Bills	0 	0.0 	0 	0.0 	6.0 	52 	1.0 	0.0 	0.0 	0.0 	0.0 	17.2 	TE9		Detroit Lions	New York Jets	0 	0.0 	0 	0.0 	3.0 	44 	0.0 	0.0 	0.0 	0.0 	0.0 	7.4 	TE17		Detroit Lions	Carolina Panthers	0 	0.0 	0 	0.0 	8.0 	84 	1.0 	0.0 	0.0 	0.0 	0.0 	22.4 	TE2		Detroit Lions	Arizona Cardinals	0 	0.0 	0 	0.0 	4.7 	53 	0.4 	0.0 	0.0 	0.0 	0.0 	12.5 	TE4		Detroit Lions	BYE	0 	0.0 	0 	0.0 	0.0 	0 	0.0 	0.0 	0.0 	0.0 	0.0 	0.0 	-		Detroit Lions	Green Bay Packers	0 	0.0 	0 	0.0 	4.5 	51 	0.4 	0.0 	0.0 	0.0 	0.0 	12.0 	TE7		Detroit Lions	Minnesota Vikings	0 	0.0 	0 	0.0 	4.4 	50 	0.4 	0.0 	0.0 	0.0 	0.0 	11.7 	TE5		Detroit Lions	Miami Dolphins	0 	0.0 	0 	0.0 	4.4 	50 	0.4 	0.0 	0.0 	0.0 	0.0 	11.6 	TE6		Detroit Lions	New England Patriots	0 	0.0 	0 	0.0 	4.4 	50 	0.4 	0.0 	0.0 	0.0 	0.0 	11.7 	TE6		Detroit Lions	Tampa Bay Buccaneers	0 	0.0 	0 	0.0 	4.5 	51 	0.4 	0.0 	0.0 	0.0 	0.0 	11.9 	TE5		Detroit Lions	Chicago Bears	0 	0.0 	0 	0.0 	4.6 	52 	0.4 	0.0 	0.0 	0.0 	0.0 	12.3 	TE5		Detroit Lions	Atlanta Falcons	0 	0.0 	0 	0.0 	4.5 	51 	0.4 	0.0 	0.0 	0.0 	0.0 	11.9 	TE4		Detroit Lions	Tennessee Titans	0 	0.0 	0 	0.0 	4.4 	50 	0.4 	0.0 	0.0 	0.0 	0.0 	11.7 	TE5		Detroit Lions	Minnesota Vikings	0 	0.0 	0 	0.0 	4.4 	49 	0.4 	0.0 	0.0 	0.0 	0.0 	11.4 	TE6		Detroit Lions	New York Giants	0 	0.0 	0 	0.0 	4.5 	51 	0.4 	0.0 	0.0 	0.0 	0.0 	11.9 	TE6		Detroit Lions	Chicago Bears	0 	0.0 	0 	0.0 	4.5 	50 	0.4 	0.0 	0.0 	0.0 	0.0 	11.7 	TE6		Actual	Actual	Actual	Actual	Forecast	Forecast	Forecast	Forecast	Forecast	Forecast	Forecast	Forecast	Forecast	Forecast	Forecast	Forecast	Forecast		Healthy	Healthy	Healthy	Healthy	Healthy	Healthy	Healthy	Healthy	Healthy	Healthy	Healthy	Healthy	Healthy	Healthy	Healthy	Healthy	Healthy		Week 5 2026	10/8/2026	8:57:03 PM	20		20%	21%	0%	0%	0%	0%		(0.1)	0	0	0	0	0	(0.099663)
	Lamar Jackson	Baltimore Ravens	QB	QB6	18.0 	287 	3,361 	210.0 	20.6 	1.3 	633 	39.6 	4.8 	0.3 	0.0 	0.0 	0 	0.0 	0.0 	0.0 	8.7 	1.9 	0.0 	0.727 	0.460 	0.415 	1 	0.512 	0.000 	64 	38 	(26)	6 	2 	(4)	0.461 				-	-	Kaelon Black	0.166 	RB56	Keon Coleman	0.249 	WR56		-	-		25.0 	14.8 	20.4 	18.9 	14.7 	16.0 	18.8 	17.5 	18.4 	17.8 	17.7 	16.4 	0.0 	18.3 	17.4 	17.9 	17.5 		QB6	QB17	QB12	QB9	QB21	QB11	QB1	QB4	QB3	QB5	QB5	QB13	-	QB3	QB5	QB5	QB5		QB4	17.4 	199.5 	1.2 	40.7 	0.3 	0.0 	0.0 	0.0 	4 	0.747 	0.460 	0.433 	1 	0.593 	0.000 	56 	0.508 		208 		-	-	Kaelon Black	0.181 	RB54	Keon Coleman	0.243 	WR57		-	-		QB8	19.8 	598.4 	3.6 	122.2 	0.9 	0.0 	0.0 	0.0 	8 	0.678 	0.460 	0.395 	1 	0.486 	0.000 	#N/A	0.438 		79.1 		-	-	Kaelon Black	14 	RB60	Keon Coleman	42 	WR34		-	-					Baltimore Ravens	Indianapolis Colts	324 	1.0 	40 	1.0 	0.0 	0 	0.0 	0.0 	1.0 	0.0 	0.0 	25.0 	QB6		Baltimore Ravens	New Orleans Saints	235 	1.0 	34 	0.0 	0.0 	0 	0.0 	1.0 	0.0 	0.0 	0.0 	14.8 	QB17		Baltimore Ravens	Dallas Cowboys	186 	2.0 	50 	0.0 	0.0 	0 	0.0 	0.0 	0.0 	0.0 	0.0 	20.4 	QB12		Baltimore Ravens	Tennessee Titans	222 	2.0 	20 	0.0 	0.0 	0 	0.0 	0.0 	0.0 	0.0 	0.0 	18.9 	QB9		Baltimore Ravens	Atlanta Falcons	186 	1.0 	33 	0.2 	0.0 	0 	0.0 	0.6 	0.1 	0.0 	0.0 	14.7 	QB21		Baltimore Ravens	Cleveland Browns	191 	1.1 	38 	0.3 	0.0 	0 	0.0 	0.6 	0.1 	0.0 	0.0 	16.0 	QB11		Baltimore Ravens	Cincinnati Bengals	210 	1.4 	42 	0.4 	0.0 	0 	0.0 	0.6 	0.1 	0.0 	0.0 	18.8 	QB1		Baltimore Ravens	Buffalo Bills	206 	1.3 	39 	0.3 	0.0 	0 	0.0 	0.6 	0.1 	0.0 	0.0 	17.5 	QB4		Baltimore Ravens	Jacksonville Jaguars	203 	1.3 	44 	0.4 	0.0 	0 	0.0 	0.6 	0.1 	0.0 	0.0 	18.4 	QB3		Baltimore Ravens	Los Angeles Chargers	204 	1.3 	41 	0.3 	0.0 	0 	0.0 	0.6 	0.1 	0.0 	0.0 	17.8 	QB5		Baltimore Ravens	Carolina Panthers	199 	1.2 	43 	0.3 	0.0 	0 	0.0 	0.6 	0.1 	0.0 	0.0 	17.7 	QB5		Baltimore Ravens	Houston Texans	198 	1.1 	37 	0.3 	0.0 	0 	0.0 	0.6 	0.1 	0.0 	0.0 	16.4 	QB13		Baltimore Ravens	BYE	0 	0.0 	0 	0.0 	0.0 	0 	0.0 	0.0 	0.0 	0.0 	0.0 	0.0 	-		Baltimore Ravens	Tampa Bay Buccaneers	199 	1.3 	45 	0.4 	0.0 	0 	0.0 	0.6 	0.1 	0.0 	0.0 	18.3 	QB3		Baltimore Ravens	Pittsburgh Steelers	201 	1.2 	40 	0.3 	0.0 	0 	0.0 	0.6 	0.1 	0.0 	0.0 	17.4 	QB5		Baltimore Ravens	Cleveland Browns	192 	1.2 	46 	0.4 	0.0 	0 	0.0 	0.6 	0.1 	0.0 	0.0 	17.9 	QB5		Baltimore Ravens	Cincinnati Bengals	206 	1.3 	39 	0.3 	0.0 	0 	0.0 	0.6 	0.1 	0.0 	0.0 	17.5 	QB5		Actual	Actual	Actual	Actual	Forecast	Forecast	Forecast	Forecast	Forecast	Forecast	Forecast	Forecast	Forecast	Forecast	Forecast	Forecast	Forecast		Healthy	Healthy	Healthy	Healthy	Limited / Handicapped	Healthy	Healthy	Healthy	Healthy	Healthy	Healthy	Healthy	Healthy	Healthy	Healthy	Healthy	Healthy		Week 5 2026	10/8/2026	8:57:03 PM	20		0%	0%	27%	23%	99%	99%		0.1 	0	0	0	0	0	0.070269 
	Tyler Warren	Indianapolis Colts	TE	TE4	12.9 	206 	0 	0.0 	0.0 	0.0 	19 	1.2 	0.4 	0.0 	92.7 	5.8 	729 	45.6 	6.0 	0.4 	0.0 	0.1 	0.0 	0.522 	0.560 	0.533 	1 	0.508 	0.000 	48 	52 	4 	4 	4 	0 	0.520 				-	-	Braelon Allen	0.180 	RB54	Keenan Allen	0.265 	WR55		-	-		10.3 	14.4 	14.7 	9.1 	12.6 	12.9 	12.8 	13.3 	13.8 	13.3 	12.8 	13.4 	0.0 	13.0 	13.2 	13.8 	12.8 		TE13	TE10	TE8	TE18	TE3	TE4	TE3	TE3	TE3	TE3	TE3	TE3	-	TE2	TE3	TE3	TE3		TE3	13.1 	0.0 	0.0 	1.2 	0.0 	5.8 	49.9 	0.3 	3 	0.565 	0.560 	0.541 	1 	0.604 	0.000 	41 	0.573 		158 		-	-	Braelon Allen	0.160 	RB57	Keenan Allen	0.292 	WR51		-	-		TE8	12.1 	0.0 	0.0 	3.6 	0.1 	17.4 	149.8 	1.0 	8 	0.416 	0.560 	0.501 	1 	0.471 	0.000 	#N/A	0.475 		48.5 		-	-	Braelon Allen	26 	RB39	Keenan Allen	29 	WR61		-	-					Indianapolis Colts	Baltimore Ravens	0 	0.0 	0 	0.0 	3.0 	13 	1.0 	0.0 	0.0 	0.0 	0.0 	10.3 	TE13		Indianapolis Colts	Kansas City Chiefs	0 	0.0 	3 	0.0 	6.0 	21 	1.0 	0.0 	0.0 	0.0 	0.0 	14.4 	TE10		Indianapolis Colts	Houston Texans	0 	0.0 	2 	0.0 	9.0 	55 	0.0 	0.0 	0.0 	0.0 	0.0 	14.7 	TE8		Indianapolis Colts	Washington Commanders	0 	0.0 	0 	0.0 	5.0 	41 	0.0 	0.0 	0.0 	0.0 	0.0 	9.1 	TE18		Indianapolis Colts	Pittsburgh Steelers	0 	0.0 	1 	0.0 	5.6 	48 	0.3 	0.0 	0.0 	0.0 	0.0 	12.6 	TE3		Indianapolis Colts	Tennessee Titans	0 	0.0 	1 	0.0 	5.6 	48 	0.3 	0.0 	0.0 	0.0 	0.0 	12.9 	TE4		Indianapolis Colts	Minnesota Vikings	0 	0.0 	1 	0.0 	5.7 	49 	0.3 	0.0 	0.0 	0.0 	0.0 	12.8 	TE3		Indianapolis Colts	Jacksonville Jaguars	0 	0.0 	1 	0.0 	5.9 	51 	0.3 	0.0 	0.0 	0.0 	0.0 	13.3 	TE3		Indianapolis Colts	Dallas Cowboys	0 	0.0 	1 	0.0 	6.0 	52 	0.4 	0.0 	0.0 	0.0 	0.0 	13.8 	TE3		Indianapolis Colts	Miami Dolphins	0 	0.0 	1 	0.0 	5.8 	50 	0.4 	0.0 	0.0 	0.0 	0.0 	13.3 	TE3		Indianapolis Colts	Houston Texans	0 	0.0 	1 	0.0 	5.8 	50 	0.3 	0.0 	0.0 	0.0 	0.0 	12.8 	TE3		Indianapolis Colts	New York Giants	0 	0.0 	1 	0.0 	5.9 	50 	0.4 	0.0 	0.0 	0.0 	0.0 	13.4 	TE3		Indianapolis Colts	BYE	0 	0.0 	0 	0.0 	0.0 	0 	0.0 	0.0 	0.0 	0.0 	0.0 	0.0 	-		Indianapolis Colts	Philadelphia Eagles	0 	0.0 	1 	0.0 	5.8 	50 	0.3 	0.0 	0.0 	0.0 	0.0 	13.0 	TE2		Indianapolis Colts	Tennessee Titans	0 	0.0 	1 	0.0 	5.8 	50 	0.3 	0.0 	0.0 	0.0 	0.0 	13.2 	TE3		Indianapolis Colts	Cincinnati Bengals	0 	0.0 	1 	0.0 	6.0 	52 	0.4 	0.0 	0.0 	0.0 	0.0 	13.8 	TE3		Indianapolis Colts	Cleveland Browns	0 	0.0 	1 	0.0 	5.7 	49 	0.3 	0.0 	0.0 	0.0 	0.0 	12.8 	TE3		Actual	Actual	Actual	Actual	Forecast	Forecast	Forecast	Forecast	Forecast	Forecast	Forecast	Forecast	Forecast	Forecast	Forecast	Forecast	Forecast		Healthy	Healthy	Healthy	Healthy	Healthy	Healthy	Healthy	Healthy	Healthy	Healthy	Healthy	Healthy	Healthy	Healthy	Healthy	Healthy	Healthy		Week 5 2026	10/8/2026	8:57:03 PM	20		22%	27%	1%	3%	0%	0%		0.1 	0	0	0	0	0	0.097931 
	David Montgomery	Houston Texans	RB	RB22	11.2 	180 	0 	0.0 	0.0 	0.0 	803 	50.2 	7.7 	0.5 	25.2 	1.6 	204 	12.7 	1.9 	0.1 	0.0 	1.9 	0.0 	0.455 	1.000 	0.755 	0 	0.161 	0.000 	62 	49 	(13)	21 	22 	1 	0.473 				-	-	Mike Washington Jr.	0.160 	RB57	Pat Bryant	0.210 	WR63		-	-		28.9 	4.4 	6.8 	4.3 	12.0 	10.4 	12.3 	0.0 	10.5 	11.4 	12.6 	11.7 	11.1 	11.5 	11.6 	9.7 	10.4 		RB7	RB46	RB35	RB44	RB19	RB24	RB19	-	RB27	RB20	RB18	RB22	RB23	RB24	RB22	RB31	RB28		RB23	11.3 	0.0 	0.0 	56.3 	0.5 	1.5 	11.4 	0.1 	23 	0.485 	1.000 	0.731 	1 	0.194 	0.000 	66 	0.479 		135 		-	-	Mike Washington Jr.	0.154 	RB58	Pat Bryant	0.180 	WR71		-	-		RB23	11.1 	0.0 	0.0 	168.9 	1.4 	4.6 	34.2 	0.2 	23 	0.381 	1.000 	0.731 	0 	0.141 	0.000 	#N/A	0.442 		44.4 		-	-	Mike Washington Jr.	19 	RB49	Pat Bryant	32 	WR53		-	-					Houston Texans	Buffalo Bills	0 	0.0 	60 	2.0 	3.0 	19 	1.0 	0.0 	0.0 	0.0 	0.0 	28.9 	RB7		Houston Texans	Cincinnati Bengals	0 	0.0 	10 	0.0 	2.0 	14 	0.0 	0.0 	0.0 	0.0 	0.0 	4.4 	RB46		Houston Texans	Indianapolis Colts	0 	0.0 	33 	0.0 	2.0 	15 	0.0 	0.0 	0.0 	0.0 	0.0 	6.8 	RB35		Houston Texans	Dallas Cowboys	0 	0.0 	24 	0.0 	0.0 	19 	0.0 	0.0 	0.0 	0.0 	0.0 	4.3 	RB44		Houston Texans	Tennessee Titans	0 	0.0 	62 	0.5 	1.5 	11 	0.1 	0.0 	0.2 	0.0 	0.0 	12.0 	RB19		Houston Texans	Jacksonville Jaguars	0 	0.0 	52 	0.4 	1.5 	11 	0.1 	0.0 	0.2 	0.0 	0.0 	10.4 	RB24		Houston Texans	New York Giants	0 	0.0 	61 	0.6 	1.6 	12 	0.1 	0.0 	0.2 	0.0 	0.0 	12.3 	RB19		Houston Texans	BYE	0 	0.0 	0 	0.0 	0.0 	0 	0.0 	0.0 	0.0 	0.0 	0.0 	0.0 	-		Houston Texans	Los Angeles Chargers	0 	0.0 	52 	0.4 	1.5 	11 	0.1 	0.0 	0.2 	0.0 	0.0 	10.5 	RB27		Houston Texans	Cleveland Browns	0 	0.0 	58 	0.5 	1.5 	11 	0.1 	0.0 	0.2 	0.0 	0.0 	11.4 	RB20		Houston Texans	Indianapolis Colts	0 	0.0 	62 	0.6 	1.6 	12 	0.1 	0.0 	0.2 	0.0 	0.0 	12.6 	RB18		Houston Texans	Baltimore Ravens	0 	0.0 	57 	0.5 	1.6 	12 	0.1 	0.0 	0.2 	0.0 	0.0 	11.7 	RB22		Houston Texans	Pittsburgh Steelers	0 	0.0 	56 	0.5 	1.5 	11 	0.1 	0.0 	0.2 	0.0 	0.0 	11.1 	RB23		Houston Texans	Washington Commanders	0 	0.0 	57 	0.5 	1.5 	12 	0.1 	0.0 	0.2 	0.0 	0.0 	11.5 	RB24		Houston Texans	Jacksonville Jaguars	0 	0.0 	57 	0.5 	1.6 	12 	0.1 	0.0 	0.2 	0.0 	0.0 	11.6 	RB22		Houston Texans	Philadelphia Eagles	0 	0.0 	49 	0.4 	1.4 	11 	0.1 	0.0 	0.2 	0.0 	0.0 	9.7 	RB31		Houston Texans	Green Bay Packers	0 	0.0 	52 	0.4 	1.5 	11 	0.1 	0.0 	0.2 	0.0 	0.0 	10.4 	RB28		Actual	Actual	Actual	Actual	Forecast	Forecast	Forecast	Forecast	Forecast	Forecast	Forecast	Forecast	Forecast	Forecast	Forecast	Forecast	Forecast		Healthy	Healthy	Healthy	Healthy	Healthy	Healthy	Healthy	Healthy	Healthy	Healthy	Healthy	Healthy	Healthy	Healthy	Healthy	Healthy	Healthy		Week 5 2026	10/8/2026	8:57:03 PM	20		5%	5%	51%	56%	0%	0%		0.0 	0	0	0	0	0	0.036952 
	Dak Prescott	Dallas Cowboys	QB	QB4	18.2 	291 	4,116 	257.2 	29.2 	1.8 	204 	12.8 	1.0 	0.1 	0.0 	0.0 	0 	0.0 	0.0 	0.0 	8.7 	0.9 	0.0 	0.736 	0.460 	0.433 	1 	0.533 	0.000 	57 	74 	17 	4 	7 	3 	0.480 				-	-	Jonathon Brooks	0.146 	RB59	Mack Hollins	0.241 	WR57		-	-		14.4 	29.8 	18.9 	18.1 	17.6 	17.8 	16.3 	18.0 	18.0 	18.0 	17.6 	17.3 	16.2 	0.0 	17.1 	18.1 	17.7 		QB18	QB3	QB17	QB11	QB3	QB4	QB14	QB3	QB6	QB4	QB6	QB6	QB13	-	QB6	QB4	QB4		QB3	17.5 	254.2 	1.8 	11.5 	0.1 	0.0 	0.0 	0.0 	3 	0.752 	0.460 	0.441 	1 	0.605 	0.000 	52 	0.518 		210 		-	-	Jonathon Brooks	0.167 	RB56	Mack Hollins	0.209 	WR64		-	-		QB7	20.3 	762.6 	5.3 	34.5 	0.3 	0.0 	0.0 	0.0 	7 	0.696 	0.460 	0.406 	1 	0.518 	0.000 	#N/A	0.459 		81.2 		-	-	Jonathon Brooks	9 	RB65	Mack Hollins	36 	WR48		-	-					Dallas Cowboys	New York Giants	175 	2.0 	14 	0.0 	0.0 	0 	0.0 	1.0 	0.0 	0.0 	0.0 	14.4 	QB18		Dallas Cowboys	Washington Commanders	279 	4.0 	26 	0.0 	0.0 	0 	0.0 	0.0 	0.0 	0.0 	0.0 	29.8 	QB3		Dallas Cowboys	Baltimore Ravens	276 	1.0 	19 	0.0 	0.0 	0 	0.0 	0.0 	0.0 	0.0 	1.0 	18.9 	QB17		Dallas Cowboys	Houston Texans	335 	1.0 	7 	0.0 	0.0 	0 	0.0 	0.0 	0.0 	0.0 	0.0 	18.1 	QB11		Dallas Cowboys	Tampa Bay Buccaneers	247 	1.8 	14 	0.1 	0.0 	0 	0.0 	0.6 	0.1 	0.0 	0.0 	17.6 	QB3		Dallas Cowboys	Green Bay Packers	258 	1.8 	11 	0.1 	0.0 	0 	0.0 	0.6 	0.1 	0.0 	0.0 	17.8 	QB4		Dallas Cowboys	Philadelphia Eagles	248 	1.6 	10 	0.1 	0.0 	0 	0.0 	0.6 	0.1 	0.0 	0.0 	16.3 	QB14		Dallas Cowboys	Arizona Cardinals	251 	1.9 	14 	0.1 	0.0 	0 	0.0 	0.6 	0.1 	0.0 	0.0 	18.0 	QB3		Dallas Cowboys	Indianapolis Colts	260 	1.8 	11 	0.1 	0.0 	0 	0.0 	0.6 	0.1 	0.0 	0.0 	18.0 	QB6		Dallas Cowboys	San Francisco 49ers	260 	1.8 	11 	0.1 	0.0 	0 	0.0 	0.6 	0.1 	0.0 	0.0 	18.0 	QB4		Dallas Cowboys	Tennessee Titans	251 	1.8 	13 	0.1 	0.0 	0 	0.0 	0.6 	0.1 	0.0 	0.0 	17.6 	QB6		Dallas Cowboys	Philadelphia Eagles	254 	1.7 	11 	0.1 	0.0 	0 	0.0 	0.6 	0.1 	0.0 	0.0 	17.3 	QB6		Dallas Cowboys	Seattle Seahawks	250 	1.6 	9 	0.1 	0.0 	0 	0.0 	0.6 	0.1 	0.0 	0.0 	16.2 	QB13		Dallas Cowboys	BYE	0 	0.0 	0 	0.0 	0.0 	0 	0.0 	0.0 	0.0 	0.0 	0.0 	0.0 	-		Dallas Cowboys	Los Angeles Rams	260 	1.7 	9 	0.1 	0.0 	0 	0.0 	0.6 	0.1 	0.0 	0.0 	17.1 	QB6		Dallas Cowboys	Jacksonville Jaguars	261 	1.9 	12 	0.1 	0.0 	0 	0.0 	0.6 	0.1 	0.0 	0.0 	18.1 	QB4		Dallas Cowboys	New York Giants	254 	1.8 	12 	0.1 	0.0 	0 	0.0 	0.6 	0.1 	0.0 	0.0 	17.7 	QB4		Actual	Actual	Actual	Actual	Forecast	Forecast	Forecast	Forecast	Forecast	Forecast	Forecast	Forecast	Forecast	Forecast	Forecast	Forecast	Forecast		Healthy	Healthy	Healthy	Healthy	Healthy	Healthy	Healthy	Healthy	Healthy	Healthy	Healthy	Healthy	Healthy	Healthy	Healthy	Healthy	Healthy		Week 5 2026	10/8/2026	8:57:03 PM	20		0%	0%	11%	9%	99%	99%		0.1 	0	0	0	0	0	0.059532 
	Carnell Tate	Tennessee Titans	WR	WR24	12.3 	197 	0 	0.0 	0.0 	0.0 	0 	0.0 	0.0 	0.0 	79.2 	4.9 	971 	60.7 	3.9 	0.2 	0.0 	1.2 	0.0 	0.499 	1.000 	0.770 	1 	0.230 	0.000 	50 	73 	23 	23 	32 	9 	0.513 				-	-	Justice Hill	0.152 	RB58	Rashod Bateman	0.221 	WR61		-	-		7.8 	5.7 	11.8 	21.5 	11.0 	12.4 	12.3 	13.1 	0.0 	12.6 	13.0 	12.7 	12.8 	13.0 	13.0 	12.3 	12.3 		WR49	WR56	WR35	WR10	WR33	WR20	WR23	WR18	-	WR23	WR17	WR22	WR20	WR19	WR22	WR24	WR24		WR23	12.5 	0.0 	0.0 	0.0 	0.0 	4.8 	58.6 	0.3 	23 	0.539 	1.000 	0.770 	1 	0.284 	0.000 	48 	0.541 		151 		-	-	Justice Hill	0.141 	RB60	Rashod Bateman	0.194 	WR67		-	-		WR26	11.7 	0.0 	0.0 	0.0 	0.0 	14.3 	175.7 	1.0 	26 	0.401 	1.000 	0.740 	1 	0.166 	0.000 	#N/A	0.459 		46.8 		-	-	Justice Hill	15 	RB53	Rashod Bateman	34 	WR49		-	-					Tennessee Titans	New York Jets	0 	0.0 	0 	0.0 	4.0 	38 	0.0 	0.0 	0.0 	0.0 	0.0 	7.8 	WR49		Tennessee Titans	Philadelphia Eagles	0 	0.0 	0 	0.0 	3.0 	27 	0.0 	0.0 	0.0 	0.0 	0.0 	5.7 	WR56		Tennessee Titans	New York Giants	0 	0.0 	0 	0.0 	6.0 	58 	0.0 	0.0 	0.0 	0.0 	0.0 	11.8 	WR35		Tennessee Titans	Baltimore Ravens	0 	0.0 	0 	0.0 	9.0 	145 	0.0 	0.0 	1.0 	0.0 	0.0 	21.5 	WR10		Tennessee Titans	Houston Texans	0 	0.0 	0 	0.0 	4.3 	53 	0.2 	0.0 	0.0 	0.0 	0.0 	11.0 	WR33		Tennessee Titans	Indianapolis Colts	0 	0.0 	0 	0.0 	4.8 	58 	0.3 	0.0 	0.0 	0.0 	0.0 	12.4 	WR20		Tennessee Titans	Cleveland Browns	0 	0.0 	0 	0.0 	4.6 	57 	0.3 	0.0 	0.0 	0.0 	0.0 	12.3 	WR23		Tennessee Titans	Cincinnati Bengals	0 	0.0 	0 	0.0 	5.0 	61 	0.4 	0.0 	0.0 	0.0 	0.0 	13.1 	WR18		Tennessee Titans	BYE	0 	0.0 	0 	0.0 	0.0 	0 	0.0 	0.0 	0.0 	0.0 	0.0 	0.0 	-		Tennessee Titans	Jacksonville Jaguars	0 	0.0 	0 	0.0 	4.8 	58 	0.3 	0.0 	0.0 	0.0 	0.0 	12.6 	WR23		Tennessee Titans	Dallas Cowboys	0 	0.0 	0 	0.0 	4.9 	61 	0.3 	0.0 	0.0 	0.0 	0.0 	13.0 	WR17		Tennessee Titans	Jacksonville Jaguars	0 	0.0 	0 	0.0 	4.8 	60 	0.3 	0.0 	0.0 	0.0 	0.0 	12.7 	WR22		Tennessee Titans	Washington Commanders	0 	0.0 	0 	0.0 	4.8 	59 	0.3 	0.0 	0.0 	0.0 	0.0 	12.8 	WR20		Tennessee Titans	Detroit Lions	0 	0.0 	0 	0.0 	4.9 	61 	0.3 	0.0 	0.0 	0.0 	0.0 	13.0 	WR19		Tennessee Titans	Indianapolis Colts	0 	0.0 	0 	0.0 	4.9 	60 	0.4 	0.0 	0.0 	0.0 	0.0 	13.0 	WR22		Tennessee Titans	Las Vegas Raiders	0 	0.0 	0 	0.0 	4.7 	57 	0.3 	0.0 	0.0 	0.0 	0.0 	12.3 	WR24		Tennessee Titans	Pittsburgh Steelers	0 	0.0 	0 	0.0 	4.7 	57 	0.3 	0.0 	0.0 	0.0 	0.0 	12.3 	WR24		Actual	Actual	Actual	Actual	Forecast	Forecast	Forecast	Forecast	Forecast	Forecast	Forecast	Forecast	Forecast	Forecast	Forecast	Forecast	Forecast		Healthy	Healthy	Healthy	Healthy	Limited / Handicapped	Healthy	Healthy	Healthy	Healthy	Healthy	Healthy	Healthy	Healthy	Healthy	Healthy	Healthy	Healthy		Week 5 2026	10/8/2026	8:57:03 PM	20		26%	23%	0%	0%	0%	0%		0.1 	0	0	0	0	0	0.081574 
	Harold Fannin Jr.	Cleveland Browns	TE	TE6	12.4 	198 	0 	0.0 	0.0 	0.0 	0 	0.0 	0.0 	0.0 	79.2 	5.0 	744 	46.5 	7.4 	0.5 	0.0 	0.1 	0.0 	0.501 	0.560 	0.518 	1 	0.458 	0.000 	55 	66 	11 	6 	5 	(1)	0.488 				-	-	Kaleb Johnson	0.108 	RB65	Brian Thomas Jr.	0.216 	WR62		-	-		4.1 	10.4 	24.1 	11.7 	12.1 	12.2 	12.2 	12.0 	12.5 	11.9 	0.0 	12.4 	12.9 	12.5 	12.2 	12.3 	12.6 		TE27	TE13	TE3	TE12	TE7	TE6	TE5	TE4	TE4	TE5	-	TE4	TE2	TE4	TE5	TE4	TE4		TE5	12.3 	0.0 	0.0 	0.0 	0.0 	5.2 	49.3 	0.4 	5 	0.529 	0.560 	0.525 	1 	0.516 	0.000 	51 	0.522 		148 		-	-	Kaleb Johnson	0.128 	RB62	Brian Thomas Jr.	0.238 	WR58		-	-		TE7	12.6 	0.0 	0.0 	0.0 	0.0 	15.6 	147.8 	1.1 	7 	0.431 	0.560 	0.510 	1 	0.517 	0.000 	#N/A	0.501 		50.3 		-	-	Kaleb Johnson	8 	RB67	Brian Thomas Jr.	26 	WR67		-	-					Cleveland Browns	Jacksonville Jaguars	0 	0.0 	0 	0.0 	2.0 	21 	0.0 	0.0 	0.0 	0.0 	0.0 	4.1 	TE27		Cleveland Browns	Tampa Bay Buccaneers	0 	0.0 	0 	0.0 	5.0 	54 	0.0 	0.0 	0.0 	0.0 	0.0 	10.4 	TE13		Cleveland Browns	Carolina Panthers	0 	0.0 	0 	0.0 	7.0 	51 	2.0 	0.0 	0.0 	0.0 	0.0 	24.1 	TE3		Cleveland Browns	Pittsburgh Steelers	0 	0.0 	0 	0.0 	3.0 	27 	1.0 	0.0 	0.0 	0.0 	0.0 	11.7 	TE12		Cleveland Browns	New York Jets	0 	0.0 	0 	0.0 	5.1 	48 	0.4 	0.0 	0.0 	0.0 	0.0 	12.1 	TE7		Cleveland Browns	Baltimore Ravens	0 	0.0 	0 	0.0 	5.1 	49 	0.4 	0.0 	0.0 	0.0 	0.0 	12.2 	TE6		Cleveland Browns	Tennessee Titans	0 	0.0 	0 	0.0 	5.1 	49 	0.4 	0.0 	0.0 	0.0 	0.0 	12.2 	TE5		Cleveland Browns	Pittsburgh Steelers	0 	0.0 	0 	0.0 	5.1 	49 	0.3 	0.0 	0.0 	0.0 	0.0 	12.0 	TE4		Cleveland Browns	New Orleans Saints	0 	0.0 	0 	0.0 	5.2 	50 	0.4 	0.0 	0.0 	0.0 	0.0 	12.5 	TE4		Cleveland Browns	Houston Texans	0 	0.0 	0 	0.0 	5.1 	48 	0.3 	0.0 	0.0 	0.0 	0.0 	11.9 	TE5		Cleveland Browns	BYE	0 	0.0 	0 	0.0 	0.0 	0 	0.0 	0.0 	0.0 	0.0 	0.0 	0.0 	-		Cleveland Browns	Las Vegas Raiders	0 	0.0 	0 	0.0 	5.2 	49 	0.4 	0.0 	0.0 	0.0 	0.0 	12.4 	TE4		Cleveland Browns	Cincinnati Bengals	0 	0.0 	0 	0.0 	5.4 	51 	0.4 	0.0 	0.0 	0.0 	0.0 	12.9 	TE2		Cleveland Browns	Atlanta Falcons	0 	0.0 	0 	0.0 	5.2 	49 	0.4 	0.0 	0.0 	0.0 	0.0 	12.5 	TE4		Cleveland Browns	New York Giants	0 	0.0 	0 	0.0 	5.2 	49 	0.4 	0.0 	0.0 	0.0 	0.0 	12.2 	TE5		Cleveland Browns	Baltimore Ravens	0 	0.0 	0 	0.0 	5.3 	50 	0.3 	0.0 	0.0 	0.0 	0.0 	12.3 	TE4		Cleveland Browns	Indianapolis Colts	0 	0.0 	0 	0.0 	5.3 	50 	0.4 	0.0 	0.0 	0.0 	0.0 	12.6 	TE4		Actual	Actual	Actual	Actual	Forecast	Forecast	Forecast	Forecast	Forecast	Forecast	Forecast	Forecast	Forecast	Forecast	Forecast	Forecast	Forecast		Healthy	Healthy	Healthy	Healthy	Healthy	Healthy	Healthy	Healthy	Healthy	Healthy	Healthy	Healthy	Healthy	Healthy	Healthy	Healthy	Healthy		Week 5 2026	10/8/2026	8:57:03 PM	20		22%	27%	0%	0%	0%	0%		0.0 	0	0	0	0	0	0.020537 
	Rashee Rice	Kansas City Chiefs	WR	WR28	12.2 	183 	0 	0.0 	0.0 	0.0 	0 	0.0 	0.0 	0.0 	64.0 	4.3 	843 	56.2 	5.9 	0.4 	0.0 	0.2 	0.0 	0.464 	1.000 	0.710 	1 	0.223 	0.000 	59 	31 	(28)	29 	13 	(16)	0.478 				-	-	Samaje Perine	0.139 	RB60	Antonio Williams	0.226 	WR60		-	-		9.9 	12.3 	15.8 	0.0 	0.0 	11.7 	11.8 	11.8 	11.7 	12.2 	12.3 	12.6 	12.2 	12.4 	12.3 	12.5 	12.0 		WR34	WR23	WR19	-	-	WR28	WR26	WR26	WR31	WR25	WR18	WR24	WR26	WR21	WR28	WR22	WR25		WR25	12.1 	0.0 	0.0 	0.0 	0.0 	4.3 	54.4 	0.4 	25 	0.521 	1.000 	0.750 	1 	0.253 	0.000 	53 	0.517 		145 		-	-	Samaje Perine	0.134 	RB61	Antonio Williams	0.229 	WR60		-	-		WR42	12.7 	0.0 	0.0 	0.0 	0.0 	17.0 	217.7 	1.6 	42 	0.326 	1.000 	0.580 	0 	0.061 	0.000 	#N/A	0.334 		38.0 		-	-	Samaje Perine	14 	RB58	Antonio Williams	30 	WR57		-	-					Kansas City Chiefs	Denver Broncos	0 	0.0 	0 	0.0 	2.0 	19 	1.0 	0.0 	0.0 	0.0 	0.0 	9.9 	WR34		Kansas City Chiefs	Indianapolis Colts	0 	0.0 	0 	0.0 	4.0 	83 	0.0 	0.0 	0.0 	0.0 	0.0 	12.3 	WR23		Kansas City Chiefs	Miami Dolphins	0 	0.0 	0 	0.0 	7.0 	88 	0.0 	0.0 	0.0 	0.0 	0.0 	15.8 	WR19		Kansas City Chiefs	Las Vegas Raiders	0 	0.0 	0 	0.0 	0.0 	0 	0.0 	0.0 	0.0 	0.0 	0.0 	0.0 	-		Kansas City Chiefs	BYE	0 	0.0 	0 	0.0 	0.0 	0 	0.0 	0.0 	0.0 	0.0 	0.0 	0.0 	-		Kansas City Chiefs	Los Angeles Chargers	0 	0.0 	0 	0.0 	4.0 	52 	0.4 	0.0 	0.0 	0.0 	0.0 	11.7 	WR28		Kansas City Chiefs	Seattle Seahawks	0 	0.0 	0 	0.0 	4.2 	54 	0.4 	0.0 	0.0 	0.0 	0.0 	11.8 	WR26		Kansas City Chiefs	Denver Broncos	0 	0.0 	0 	0.0 	4.2 	54 	0.4 	0.0 	0.0 	0.0 	0.0 	11.8 	WR26		Kansas City Chiefs	New York Jets	0 	0.0 	0 	0.0 	4.1 	52 	0.4 	0.0 	0.0 	0.0 	0.0 	11.7 	WR31		Kansas City Chiefs	Atlanta Falcons	0 	0.0 	0 	0.0 	4.3 	55 	0.4 	0.0 	0.0 	0.0 	0.0 	12.2 	WR25		Kansas City Chiefs	Arizona Cardinals	0 	0.0 	0 	0.0 	4.2 	54 	0.4 	0.0 	0.0 	0.0 	0.0 	12.3 	WR18		Kansas City Chiefs	Buffalo Bills	0 	0.0 	0 	0.0 	4.4 	56 	0.4 	0.0 	0.0 	0.0 	0.0 	12.6 	WR24		Kansas City Chiefs	Los Angeles Rams	0 	0.0 	0 	0.0 	4.3 	55 	0.4 	0.0 	0.0 	0.0 	0.0 	12.2 	WR26		Kansas City Chiefs	Cincinnati Bengals	0 	0.0 	0 	0.0 	4.4 	56 	0.4 	0.0 	0.0 	0.0 	0.0 	12.4 	WR21		Kansas City Chiefs	New England Patriots	0 	0.0 	0 	0.0 	4.3 	55 	0.4 	0.0 	0.0 	0.0 	0.0 	12.3 	WR28		Kansas City Chiefs	San Francisco 49ers	0 	0.0 	0 	0.0 	4.3 	56 	0.4 	0.0 	0.0 	0.0 	0.0 	12.5 	WR22		Kansas City Chiefs	Los Angeles Chargers	0 	0.0 	0 	0.0 	4.3 	55 	0.4 	0.0 	0.0 	0.0 	0.0 	12.0 	WR25		Actual	Actual	Actual	Actual	Forecast	Forecast	Forecast	Forecast	Forecast	Forecast	Forecast	Forecast	Forecast	Forecast	Forecast	Forecast	Forecast		Healthy	Healthy	Healthy	Healthy	Limited / Handicapped	Limited / Handicapped	Healthy	Healthy	Healthy	Healthy	Healthy	Healthy	Healthy	Healthy	Healthy	Healthy	Healthy		Week 5 2026	10/8/2026	8:57:03 PM	20		26%	27%	0%	0%	0%	0%		0.2 	0	0	0	0	0	0.182545 
	Tyler Shough	New Orleans Saints	QB	QB5	18.1 	290 	4,158 	259.9 	28.7 	1.8 	244 	15.3 	2.3 	0.1 	0.0 	0.0 	0 	0.0 	0.0 	0.0 	10.7 	3.9 	0.0 	0.735 	0.460 	0.424 	1 	0.530 	0.000 	60 	154 	94 	5 	20 	15 	0.474 				-	-	Jonah Coleman	0.119 	RB63	Khalil Shakir	0.231 	WR59		-	-		23.2 	22.4 	23.8 	15.9 	16.7 	18.0 	16.4 	0.0 	17.3 	17.3 	16.6 	17.2 	16.7 	16.5 	17.0 	18.4 	17.0 		QB8	QB8	QB7	QB14	QB9	QB3	QB13	-	QB8	QB6	QB11	QB7	QB9	QB10	QB8	QB3	QB8		QB7	17.1 	246.3 	1.6 	14.4 	0.1 	0.0 	0.0 	0.0 	7 	0.735 	0.460 	0.406 	1 	0.565 	0.000 	65 	0.480 		205 		-	-	Jonah Coleman	0.113 	RB64	Khalil Shakir	0.233 	WR59		-	-		QB5	21.3 	738.8 	4.9 	43.1 	0.3 	0.0 	0.0 	0.0 	5 	0.731 	0.460 	0.424 	1 	0.582 	0.000 	#N/A	0.498 		85.3 		-	-	Jonah Coleman	15 	RB54	Khalil Shakir	31 	WR56		-	-					New Orleans Saints	Detroit Lions	410 	3.0 	8 	0.0 	0.0 	0 	0.0 	2.0 	1.0 	0.0 	0.0 	23.2 	QB8		New Orleans Saints	Baltimore Ravens	252 	1.0 	23 	1.0 	0.0 	0 	0.0 	0.0 	0.0 	0.0 	0.0 	22.4 	QB8		New Orleans Saints	Las Vegas Raiders	255 	4.0 	36 	0.0 	0.0 	0 	0.0 	1.0 	2.0 	0.0 	0.0 	23.8 	QB7		New Orleans Saints	Atlanta Falcons	286 	1.0 	5 	0.0 	0.0 	0 	0.0 	0.0 	0.0 	0.0 	0.0 	15.9 	QB14		New Orleans Saints	Minnesota Vikings	242 	1.6 	15 	0.1 	0.0 	0 	0.0 	0.6 	0.1 	0.0 	0.0 	16.7 	QB9		New Orleans Saints	New York Giants	249 	1.8 	17 	0.1 	0.0 	0 	0.0 	0.6 	0.1 	0.0 	0.0 	18.0 	QB3		New Orleans Saints	Pittsburgh Steelers	240 	1.5 	15 	0.1 	0.0 	0 	0.0 	0.6 	0.1 	0.0 	0.0 	16.4 	QB13		New Orleans Saints	BYE	0 	0.0 	0 	0.0 	0.0 	0 	0.0 	0.0 	0.0 	0.0 	0.0 	0.0 	-		New Orleans Saints	Cleveland Browns	245 	1.7 	15 	0.1 	0.0 	0 	0.0 	0.6 	0.1 	0.0 	0.0 	17.3 	QB8		New Orleans Saints	Carolina Panthers	245 	1.7 	15 	0.1 	0.0 	0 	0.0 	0.6 	0.1 	0.0 	0.0 	17.3 	QB6		New Orleans Saints	Chicago Bears	249 	1.6 	12 	0.1 	0.0 	0 	0.0 	0.6 	0.1 	0.0 	0.0 	16.6 	QB11		New Orleans Saints	Cincinnati Bengals	254 	1.7 	12 	0.1 	0.0 	0 	0.0 	0.6 	0.1 	0.0 	0.0 	17.2 	QB7		New Orleans Saints	Green Bay Packers	247 	1.6 	13 	0.1 	0.0 	0 	0.0 	0.6 	0.1 	0.0 	0.0 	16.7 	QB9		New Orleans Saints	Carolina Panthers	242 	1.6 	14 	0.1 	0.0 	0 	0.0 	0.6 	0.1 	0.0 	0.0 	16.5 	QB10		New Orleans Saints	Tampa Bay Buccaneers	249 	1.6 	13 	0.1 	0.0 	0 	0.0 	0.6 	0.1 	0.0 	0.0 	17.0 	QB8		New Orleans Saints	Arizona Cardinals	250 	1.8 	16 	0.1 	0.0 	0 	0.0 	0.6 	0.1 	0.0 	0.0 	18.4 	QB3		New Orleans Saints	Atlanta Falcons	246 	1.6 	14 	0.1 	0.0 	0 	0.0 	0.6 	0.1 	0.0 	0.0 	17.0 	QB8		Actual	Actual	Actual	Actual	Forecast	Forecast	Forecast	Forecast	Forecast	Forecast	Forecast	Forecast	Forecast	Forecast	Forecast	Forecast	Forecast		Healthy	Healthy	Healthy	Healthy	Healthy	Healthy	Healthy	Healthy	Healthy	Healthy	Healthy	Healthy	Healthy	Healthy	Healthy	Healthy	Healthy		Week 5 2026	10/8/2026	8:57:03 PM	20		0%	0%	16%	18%	99%	99%		(0.0)	0	0	0	0	0	(0.018007)
	Jaylen Waddle	Denver Broncos	WR	WR29	11.8 	189 	0 	0.0 	0.0 	0.0 	14 	0.9 	0.0 	0.0 	66.8 	4.2 	860 	53.8 	5.4 	0.3 	0.0 	0.2 	0.0 	0.477 	1.000 	0.720 	1 	0.194 	0.000 	61 	46 	(15)	28 	21 	(7)	0.473 				-	-	Chris Brooks	0.101 	RB66	Courtland Sutton	0.235 	WR58		-	-		1.2 	21.8 	6.4 	14.5 	12.3 	11.9 	12.3 	12.1 	12.2 	0.0 	12.1 	11.6 	12.2 	11.9 	12.0 	12.4 	11.7 		WR91	WR9	WR55	WR23	WR20	WR25	WR22	WR24	WR24	-	WR22	WR33	WR27	WR27	WR29	WR23	WR32		WR27	12.1 	0.0 	0.0 	0.0 	0.0 	4.2 	56.3 	0.4 	27 	0.518 	1.000 	0.730 	1 	0.249 	0.000 	57 	0.506 		145 		-	-	Chris Brooks	0.107 	RB65	Courtland Sutton	0.258 	WR55		-	-		WR33	11.0 	0.0 	0.0 	0.0 	0.0 	12.7 	168.9 	1.1 	33 	0.376 	1.000 	0.670 	0 	0.131 	0.000 	#N/A	0.410 		43.9 		-	-	Chris Brooks	12 	RB61	Courtland Sutton	18 	WR80		-	-					Denver Broncos	Kansas City Chiefs	0 	0.0 	0 	0.0 	1.0 	2 	0.0 	0.0 	0.0 	0.0 	0.0 	1.2 	WR91		Denver Broncos	Jacksonville Jaguars	0 	0.0 	0 	0.0 	8.0 	138 	0.0 	0.0 	0.0 	0.0 	0.0 	21.8 	WR9		Denver Broncos	Los Angeles Rams	0 	0.0 	14 	0.0 	2.0 	10 	0.0 	0.0 	0.0 	0.0 	1.0 	6.4 	WR55		Denver Broncos	San Francisco 49ers	0 	0.0 	0 	0.0 	5.0 	35 	1.0 	0.0 	0.0 	0.0 	0.0 	14.5 	WR23		Denver Broncos	Los Angeles Chargers	0 	0.0 	0 	0.0 	4.3 	57 	0.4 	0.0 	0.0 	0.0 	0.0 	12.3 	WR20		Denver Broncos	Seattle Seahawks	0 	0.0 	0 	0.0 	4.2 	56 	0.3 	0.0 	0.0 	0.0 	0.0 	11.9 	WR25		Denver Broncos	Arizona Cardinals	0 	0.0 	0 	0.0 	4.3 	57 	0.4 	0.0 	0.0 	0.0 	0.0 	12.3 	WR22		Denver Broncos	Kansas City Chiefs	0 	0.0 	0 	0.0 	4.3 	57 	0.4 	0.0 	0.0 	0.0 	0.0 	12.1 	WR24		Denver Broncos	Carolina Panthers	0 	0.0 	0 	0.0 	4.3 	57 	0.4 	0.0 	0.0 	0.0 	0.0 	12.2 	WR24		Denver Broncos	BYE	0 	0.0 	0 	0.0 	0.0 	0 	0.0 	0.0 	0.0 	0.0 	0.0 	0.0 	-		Denver Broncos	Las Vegas Raiders	0 	0.0 	0 	0.0 	4.2 	56 	0.4 	0.0 	0.0 	0.0 	0.0 	12.1 	WR22		Denver Broncos	Pittsburgh Steelers	0 	0.0 	0 	0.0 	4.1 	55 	0.3 	0.0 	0.0 	0.0 	0.0 	11.6 	WR33		Denver Broncos	Miami Dolphins	0 	0.0 	0 	0.0 	4.2 	56 	0.4 	0.0 	0.0 	0.0 	0.0 	12.2 	WR27		Denver Broncos	New York Jets	0 	0.0 	0 	0.0 	4.2 	55 	0.4 	0.0 	0.0 	0.0 	0.0 	11.9 	WR27		Denver Broncos	Las Vegas Raiders	0 	0.0 	0 	0.0 	4.2 	56 	0.4 	0.0 	0.0 	0.0 	0.0 	12.0 	WR29		Denver Broncos	Buffalo Bills	0 	0.0 	0 	0.0 	4.4 	58 	0.4 	0.0 	0.0 	0.0 	0.0 	12.4 	WR23		Denver Broncos	New England Patriots	0 	0.0 	0 	0.0 	4.2 	56 	0.3 	0.0 	0.0 	0.0 	0.0 	11.7 	WR32		Actual	Actual	Actual	Actual	Forecast	Forecast	Forecast	Forecast	Forecast	Forecast	Forecast	Forecast	Forecast	Forecast	Forecast	Forecast	Forecast		Healthy	Healthy	Healthy	Healthy	Healthy	Healthy	Healthy	Healthy	Healthy	Healthy	Healthy	Healthy	Healthy	Healthy	Healthy	Healthy	Healthy		Week 5 2026	10/8/2026	8:57:03 PM	20		25%	25%	0%	0%	0%	0%		0.1 	0	0	0	0	0	0.095338 
	Ladd McConkey	Los Angeles Chargers	WR	WR30	12.0 	179 	0 	0.0 	0.0 	0.0 	0 	0.0 	0.0 	0.0 	59.1 	3.9 	847 	56.5 	6.0 	0.4 	0.0 	0.2 	0.0 	0.454 	1.000 	0.680 	1 	0.205 	0.000 	66 	43 	(23)	32 	20 	(12)	0.456 				-	-	Kendre Miller	0.126 	RB62	Elic Ayomanor	0.200 	WR65		-	-		19.2 	6.5 	10.6 	0.0 	10.9 	11.8 	0.0 	12.3 	11.8 	12.1 	11.6 	12.0 	12.2 	11.9 	12.4 	12.1 	12.0 		WR12	WR51	WR40	-	WR35	WR26	-	WR22	WR29	WR26	WR24	WR28	WR24	WR26	WR26	WR28	WR26		WR30	11.9 	0.0 	0.0 	0.0 	0.0 	3.9 	55.4 	0.4 	30 	0.513 	1.000 	0.700 	1 	0.239 	0.000 	64 	0.487 		143 		-	-	Kendre Miller	0.120 	RB63	Elic Ayomanor	0.219 	WR62		-	-		WR46	12.1 	0.0 	0.0 	0.0 	0.0 	15.7 	221.4 	1.7 	46 	0.311 	1.000 	0.540 	0 	0.040 	0.000 	#N/A	0.306 		36.3 		-	-	Kendre Miller	15 	RB54	Elic Ayomanor	22 	WR72		-	-					Los Angeles Chargers	Arizona Cardinals	0 	0.0 	0 	0.0 	5.0 	82 	1.0 	0.0 	0.0 	0.0 	0.0 	19.2 	WR12		Los Angeles Chargers	Las Vegas Raiders	0 	0.0 	0 	0.0 	3.0 	35 	0.0 	0.0 	0.0 	0.0 	0.0 	6.5 	WR51		Los Angeles Chargers	Buffalo Bills	0 	0.0 	0 	0.0 	4.0 	66 	0.0 	0.0 	0.0 	0.0 	0.0 	10.6 	WR40		Los Angeles Chargers	Seattle Seahawks	0 	0.0 	0 	0.0 	0.0 	0 	0.0 	0.0 	0.0 	0.0 	0.0 	0.0 	-		Los Angeles Chargers	Denver Broncos	0 	0.0 	0 	0.0 	3.7 	52 	0.3 	0.0 	0.0 	0.0 	0.0 	10.9 	WR35		Los Angeles Chargers	Kansas City Chiefs	0 	0.0 	0 	0.0 	4.0 	56 	0.4 	0.0 	0.0 	0.0 	0.0 	11.8 	WR26		Los Angeles Chargers	BYE	0 	0.0 	0 	0.0 	0.0 	0 	0.0 	0.0 	0.0 	0.0 	0.0 	0.0 	-		Los Angeles Chargers	Los Angeles Rams	0 	0.0 	0 	0.0 	4.1 	57 	0.4 	0.0 	0.0 	0.0 	0.0 	12.3 	WR22		Los Angeles Chargers	Houston Texans	0 	0.0 	0 	0.0 	3.9 	55 	0.4 	0.0 	0.0 	0.0 	0.0 	11.8 	WR29		Los Angeles Chargers	Baltimore Ravens	0 	0.0 	0 	0.0 	4.0 	57 	0.4 	0.0 	0.0 	0.0 	0.0 	12.1 	WR26		Los Angeles Chargers	New York Jets	0 	0.0 	0 	0.0 	3.8 	53 	0.4 	0.0 	0.0 	0.0 	0.0 	11.6 	WR24		Los Angeles Chargers	New England Patriots	0 	0.0 	0 	0.0 	3.9 	55 	0.4 	0.0 	0.0 	0.0 	0.0 	12.0 	WR28		Los Angeles Chargers	Tampa Bay Buccaneers	0 	0.0 	0 	0.0 	4.0 	56 	0.4 	0.0 	0.0 	0.0 	0.0 	12.2 	WR24		Los Angeles Chargers	Las Vegas Raiders	0 	0.0 	0 	0.0 	3.9 	55 	0.4 	0.0 	0.0 	0.0 	0.0 	11.9 	WR26		Los Angeles Chargers	San Francisco 49ers	0 	0.0 	0 	0.0 	4.0 	57 	0.4 	0.0 	0.0 	0.0 	0.0 	12.4 	WR26		Los Angeles Chargers	Miami Dolphins	0 	0.0 	0 	0.0 	3.9 	55 	0.4 	0.0 	0.0 	0.0 	0.0 	12.1 	WR28		Los Angeles Chargers	Kansas City Chiefs	0 	0.0 	0 	0.0 	3.9 	55 	0.4 	0.0 	0.0 	0.0 	0.0 	12.0 	WR26		Actual	Actual	Actual	Actual	Forecast	Forecast	Forecast	Forecast	Forecast	Forecast	Forecast	Forecast	Forecast	Forecast	Forecast	Forecast	Forecast		Healthy	Healthy	Healthy	Healthy	Limited / Handicapped	Healthy	Healthy	Healthy	Healthy	Healthy	Healthy	Healthy	Healthy	Healthy	Healthy	Healthy	Healthy		Week 5 2026	10/8/2026	8:57:03 PM	20		26%	27%	0%	0%	0%	0%		0.2 	0	0	0	0	0	0.181537 
	Aaron Jones Sr.	Minnesota Vikings	RB	RB24	10.9 	175 	0 	0.0 	0.0 	0.0 	841 	52.5 	5.0 	0.3 	35.0 	2.2 	253 	15.8 	0.5 	0.0 	0.0 	1.4 	0.0 	0.443 	1.000 	0.719 	0 	0.143 	0.000 	68 	120 	52 	24 	42 	18 	0.447 				-	-	Will Shipley	0.133 	RB61	Malachi Fields	0.205 	WR64		-	-		10.0 	10.5 	14.2 	16.8 	13.1 	0.0 	10.7 	9.6 	10.1 	9.4 	9.6 	10.7 	10.3 	9.2 	10.0 	10.7 	10.0 		RB26	RB21	RB14	RB18	RB14	-	RB26	RB27	RB29	RB27	RB26	RB28	RB26	RB30	RB30	RB27	RB31		RB28	10.3 	0.0 	0.0 	45.3 	0.3 	2.2 	15.4 	0.0 	27 	0.442 	1.000 	0.682 	0 	0.128 	0.000 	83 	0.424 		123 		-	-	Will Shipley	0.146 	RB59	Malachi Fields	0.205 	WR65		-	-		RB17	12.9 	0.0 	0.0 	135.9 	1.0 	6.5 	46.1 	0.1 	17 	0.441 	1.000 	0.804 	1 	0.226 	0.000 	#N/A	0.518 		51.5 		-	-	Will Shipley	12 	RB63	Malachi Fields	27 	WR65		-	-					Minnesota Vikings	Green Bay Packers	0 	0.0 	40 	1.0 	0.0 	0 	0.0 	0.0 	0.0 	0.0 	0.0 	10.0 	RB26		Minnesota Vikings	Chicago Bears	0 	0.0 	105 	0.0 	0.0 	0 	0.0 	0.0 	0.0 	0.0 	0.0 	10.5 	RB21		Minnesota Vikings	Tampa Bay Buccaneers	0 	0.0 	58 	0.0 	5.0 	34 	0.0 	0.0 	0.0 	0.0 	0.0 	14.2 	RB14		Minnesota Vikings	Miami Dolphins	0 	0.0 	94 	0.0 	4.0 	34 	0.0 	0.0 	0.0 	0.0 	0.0 	16.8 	RB18		Minnesota Vikings	New Orleans Saints	0 	0.0 	68 	0.5 	2.1 	15 	0.0 	0.0 	0.2 	0.0 	0.0 	13.1 	RB14		Minnesota Vikings	BYE	0 	0.0 	0 	0.0 	0.0 	0 	0.0 	0.0 	0.0 	0.0 	0.0 	0.0 	-		Minnesota Vikings	Indianapolis Colts	0 	0.0 	46 	0.4 	2.2 	16 	0.0 	0.0 	0.1 	0.0 	0.0 	10.7 	RB26		Minnesota Vikings	Detroit Lions	0 	0.0 	40 	0.3 	2.2 	16 	0.0 	0.0 	0.1 	0.0 	0.0 	9.6 	RB27		Minnesota Vikings	Buffalo Bills	0 	0.0 	43 	0.3 	2.2 	16 	0.0 	0.0 	0.1 	0.0 	0.0 	10.1 	RB29		Minnesota Vikings	Green Bay Packers	0 	0.0 	40 	0.3 	2.2 	15 	0.0 	0.0 	0.1 	0.0 	0.0 	9.4 	RB27		Minnesota Vikings	San Francisco 49ers	0 	0.0 	40 	0.3 	2.2 	16 	0.0 	0.0 	0.1 	0.0 	0.0 	9.6 	RB26		Minnesota Vikings	Atlanta Falcons	0 	0.0 	48 	0.4 	2.1 	15 	0.0 	0.0 	0.1 	0.0 	0.0 	10.7 	RB28		Minnesota Vikings	Carolina Panthers	0 	0.0 	45 	0.3 	2.2 	15 	0.0 	0.0 	0.1 	0.0 	0.0 	10.3 	RB26		Minnesota Vikings	New England Patriots	0 	0.0 	39 	0.3 	2.1 	15 	0.0 	0.0 	0.1 	0.0 	0.0 	9.2 	RB30		Minnesota Vikings	Detroit Lions	0 	0.0 	43 	0.3 	2.2 	16 	0.0 	0.0 	0.1 	0.0 	0.0 	10.0 	RB30		Minnesota Vikings	Washington Commanders	0 	0.0 	46 	0.4 	2.2 	16 	0.0 	0.0 	0.1 	0.0 	0.0 	10.7 	RB27		Minnesota Vikings	New York Jets	0 	0.0 	44 	0.3 	2.1 	15 	0.0 	0.0 	0.1 	0.0 	0.0 	10.0 	RB31		Actual	Actual	Actual	Actual	Forecast	Forecast	Forecast	Forecast	Forecast	Forecast	Forecast	Forecast	Forecast	Forecast	Forecast	Forecast	Forecast		Healthy	Healthy	Healthy	Healthy	Healthy	Healthy	Healthy	Healthy	Healthy	Healthy	Healthy	Healthy	Healthy	Healthy	Healthy	Healthy	Healthy		Week 5 2026	10/8/2026	8:57:03 PM	20		7%	3%	36%	39%	0%	0%		(0.1)	0	0	0	0	0	(0.094010)
	Juwan Johnson	New Orleans Saints	TE	TE7	12.1 	193 	0 	0.0 	0.0 	0.0 	0 	0.0 	0.0 	0.0 	70.3 	4.4 	799 	49.9 	7.6 	0.5 	0.0 	1.1 	0.0 	0.490 	0.560 	0.510 	1 	0.430 	0.000 	63 	149 	86 	7 	16 	9 	0.471 				-	-	Devin Singletary	0.113 	RB64	Ted Hurst	0.195 	WR66		-	-		14.4 	10.6 	23.3 	11.9 	12.2 	12.8 	12.1 	0.0 	10.7 	10.7 	10.7 	10.9 	10.6 	10.4 	10.7 	11.0 	10.6 		TE7	TE12	TE5	TE11	TE5	TE5	TE6	-	TE11	TE10	TE9	TE11	TE9	TE11	TE10	TE9	TE11		TE9	11.1 	0.0 	0.0 	0.0 	0.0 	4.1 	47.2 	0.4 	9 	0.477 	0.560 	0.493 	1 	0.388 	0.000 	79 	0.443 		133 		-	-	Devin Singletary	0.101 	RB66	Ted Hurst	0.189 	WR68		-	-		TE3	15.1 	0.0 	0.0 	0.0 	0.0 	12.3 	141.7 	1.1 	3 	0.516 	0.560 	0.541 	2 	0.770 	0.000 	#N/A	0.640 		60.2 		-	-	Devin Singletary	15 	RB56	Ted Hurst	27 	WR64		-	-					New Orleans Saints	Detroit Lions	0 	0.0 	0 	0.0 	3.0 	54 	1.0 	0.0 	0.0 	0.0 	0.0 	14.4 	TE7		New Orleans Saints	Baltimore Ravens	0 	0.0 	0 	0.0 	4.0 	66 	0.0 	0.0 	0.0 	0.0 	0.0 	10.6 	TE12		New Orleans Saints	Las Vegas Raiders	0 	0.0 	0 	0.0 	8.0 	53 	2.0 	0.0 	1.0 	0.0 	0.0 	23.3 	TE5		New Orleans Saints	Atlanta Falcons	0 	0.0 	0 	0.0 	6.0 	59 	0.0 	0.0 	0.0 	0.0 	0.0 	11.9 	TE11		New Orleans Saints	Minnesota Vikings	0 	0.0 	0 	0.0 	4.7 	54 	0.4 	0.0 	0.0 	0.0 	0.0 	12.2 	TE5		New Orleans Saints	New York Giants	0 	0.0 	0 	0.0 	4.8 	55 	0.4 	0.0 	0.0 	0.0 	0.0 	12.8 	TE5		New Orleans Saints	Pittsburgh Steelers	0 	0.0 	0 	0.0 	4.6 	53 	0.4 	0.0 	0.0 	0.0 	0.0 	12.1 	TE6		New Orleans Saints	BYE	0 	0.0 	0 	0.0 	0.0 	0 	0.0 	0.0 	0.0 	0.0 	0.0 	0.0 	-		New Orleans Saints	Cleveland Browns	0 	0.0 	0 	0.0 	3.9 	45 	0.4 	0.0 	0.0 	0.0 	0.0 	10.7 	TE11		New Orleans Saints	Carolina Panthers	0 	0.0 	0 	0.0 	3.9 	45 	0.4 	0.0 	0.0 	0.0 	0.0 	10.7 	TE10		New Orleans Saints	Chicago Bears	0 	0.0 	0 	0.0 	3.9 	45 	0.4 	0.0 	0.0 	0.0 	0.0 	10.7 	TE9		New Orleans Saints	Cincinnati Bengals	0 	0.0 	0 	0.0 	4.0 	46 	0.4 	0.0 	0.0 	0.0 	0.0 	10.9 	TE11		New Orleans Saints	Green Bay Packers	0 	0.0 	0 	0.0 	3.9 	45 	0.4 	0.0 	0.0 	0.0 	0.0 	10.6 	TE9		New Orleans Saints	Carolina Panthers	0 	0.0 	0 	0.0 	3.8 	44 	0.4 	0.0 	0.0 	0.0 	0.0 	10.4 	TE11		New Orleans Saints	Tampa Bay Buccaneers	0 	0.0 	0 	0.0 	3.9 	45 	0.4 	0.0 	0.0 	0.0 	0.0 	10.7 	TE10		New Orleans Saints	Arizona Cardinals	0 	0.0 	0 	0.0 	3.9 	45 	0.4 	0.0 	0.0 	0.0 	0.0 	11.0 	TE9		New Orleans Saints	Atlanta Falcons	0 	0.0 	0 	0.0 	3.9 	45 	0.4 	0.0 	0.0 	0.0 	0.0 	10.6 	TE11		Actual	Actual	Actual	Actual	Forecast	Forecast	Forecast	Forecast	Forecast	Forecast	Forecast	Forecast	Forecast	Forecast	Forecast	Forecast	Forecast		Healthy	Healthy	Healthy	Healthy	Healthy	Healthy	Healthy	Healthy	Healthy	Healthy	Healthy	Healthy	Healthy	Healthy	Healthy	Healthy	Healthy		Week 5 2026	10/8/2026	8:57:03 PM	20		18%	23%	0%	0%	0%	0%		(0.2)	0	0	0	0	0	(0.196747)
	Jared Goff	Detroit Lions	QB	QB7	17.6 	281 	4,219 	263.7 	31.1 	1.9 	42 	2.6 	0.2 	0.0 	0.0 	0.0 	0 	0.0 	0.0 	0.0 	7.7 	0.9 	0.0 	0.712 	0.460 	0.406 	1 	0.475 	0.000 	73 	126 	53 	7 	16 	9 	0.438 				-	-	Najee Harris	0.092 	RB67	Cooper Kupp	0.190 	WR67		-	-		16.4 	29.8 	19.4 	20.5 	17.5 	0.0 	16.5 	15.9 	16.0 	15.9 	16.4 	17.0 	16.3 	16.2 	15.4 	16.4 	15.7 		QB17	QB2	QB16	QB7	QB4	-	QB9	QB13	QB15	QB14	QB13	QB8	QB12	QB14	QB22	QB12	QB15		QB10	16.3 	250.4 	1.8 	2.2 	0.0 	0.0 	0.0 	0.0 	10 	0.699 	0.460 	0.374 	1 	0.481 	0.000 	82 	0.425 		195 		-	-	Najee Harris	0.088 	RB68	Cooper Kupp	0.185 	WR69		-	-		QB4	21.5 	751.3 	5.5 	6.6 	0.1 	0.0 	0.0 	0.0 	4 	0.738 	0.460 	0.433 	1 	0.593 	0.000 	#N/A	0.508 		86.1 		-	-	Najee Harris	9 	RB66	Cooper Kupp	26 	WR66		-	-					Detroit Lions	New Orleans Saints	206 	2.0 	2 	0.0 	0.0 	0 	0.0 	0.0 	0.0 	0.0 	0.0 	16.4 	QB17		Detroit Lions	Buffalo Bills	327 	4.0 	7 	0.0 	0.0 	0 	0.0 	0.0 	0.0 	0.0 	0.0 	29.8 	QB2		Detroit Lions	New York Jets	269 	2.0 	6 	0.0 	0.0 	0 	0.0 	0.0 	0.0 	0.0 	0.0 	19.4 	QB16		Detroit Lions	Carolina Panthers	412 	1.0 	0 	0.0 	0.0 	0 	0.0 	0.0 	0.0 	0.0 	0.0 	20.5 	QB7		Detroit Lions	Arizona Cardinals	260 	2.0 	2 	0.0 	0.0 	0 	0.0 	0.6 	0.1 	0.0 	0.0 	17.5 	QB4		Detroit Lions	BYE	0 	0.0 	0 	0.0 	0.0 	0 	0.0 	0.0 	0.0 	0.0 	0.0 	0.0 	-		Detroit Lions	Green Bay Packers	254 	1.9 	2 	0.0 	0.0 	0 	0.0 	0.6 	0.1 	0.0 	0.0 	16.5 	QB9		Detroit Lions	Minnesota Vikings	247 	1.8 	2 	0.0 	0.0 	0 	0.0 	0.6 	0.1 	0.0 	0.0 	15.9 	QB13		Detroit Lions	Miami Dolphins	245 	1.8 	2 	0.0 	0.0 	0 	0.0 	0.6 	0.1 	0.0 	0.0 	16.0 	QB15		Detroit Lions	New England Patriots	248 	1.8 	2 	0.0 	0.0 	0 	0.0 	0.6 	0.1 	0.0 	0.0 	15.9 	QB14		Detroit Lions	Tampa Bay Buccaneers	251 	1.9 	2 	0.0 	0.0 	0 	0.0 	0.6 	0.1 	0.0 	0.0 	16.4 	QB13		Detroit Lions	Chicago Bears	258 	1.9 	2 	0.0 	0.0 	0 	0.0 	0.6 	0.1 	0.0 	0.0 	17.0 	QB8		Detroit Lions	Atlanta Falcons	252 	1.8 	2 	0.0 	0.0 	0 	0.0 	0.6 	0.1 	0.0 	0.0 	16.3 	QB12		Detroit Lions	Tennessee Titans	247 	1.9 	2 	0.0 	0.0 	0 	0.0 	0.6 	0.1 	0.0 	0.0 	16.2 	QB14		Detroit Lions	Minnesota Vikings	244 	1.7 	2 	0.0 	0.0 	0 	0.0 	0.6 	0.1 	0.0 	0.0 	15.4 	QB22		Detroit Lions	New York Giants	251 	1.9 	2 	0.0 	0.0 	0 	0.0 	0.6 	0.1 	0.0 	0.0 	16.4 	QB12		Detroit Lions	Chicago Bears	249 	1.7 	2 	0.0 	0.0 	0 	0.0 	0.6 	0.1 	0.0 	0.0 	15.7 	QB15		Actual	Actual	Actual	Actual	Forecast	Forecast	Forecast	Forecast	Forecast	Forecast	Forecast	Forecast	Forecast	Forecast	Forecast	Forecast	Forecast		Healthy	Healthy	Healthy	Healthy	Healthy	Healthy	Healthy	Healthy	Healthy	Healthy	Healthy	Healthy	Healthy	Healthy	Healthy	Healthy	Healthy		Week 5 2026	10/8/2026	8:57:03 PM	20		0%	0%	2%	2%	99%	99%		(0.1)	0	0	0	0	0	(0.083780)
	Quinshon Judkins	Cleveland Browns	RB	RB21	11.3 	180 	0 	0.0 	0.0 	0.0 	827 	51.7 	3.2 	0.2 	47.6 	3.0 	311 	19.4 	0.7 	0.0 	0.0 	2.1 	0.0 	0.456 	1.000 	0.768 	0 	0.163 	0.000 	58 	45 	(13)	20 	20 	0 	0.479 				-	-	Tank Bigsby	0.085 	RB68	Quentin Johnston	0.185 	WR68		-	-		7.0 	9.8 	9.9 	21.6 	11.0 	11.1 	11.1 	10.1 	10.9 	10.4 	0.0 	11.7 	11.3 	11.9 	10.7 	9.9 	11.5 		RB39	RB24	RB25	RB11	RB24	RB23	RB24	RB23	RB25	RB24	-	RB21	RB22	RB21	RB27	RB30	RB23		RB25	11.0 	0.0 	0.0 	54.1 	0.2 	2.7 	17.9 	0.1 	25 	0.472 	1.000 	0.706 	0 	0.174 	0.000 	72 	0.458 		132 		-	-	Tank Bigsby	0.040 	RB75	Quentin Johnston	0.224 	WR61		-	-		RB20	12.1 	0.0 	0.0 	162.4 	0.5 	8.1 	53.7 	0.2 	20 	0.414 	1.000 	0.768 	1 	0.187 	0.000 	#N/A	0.483 		48.3 		-	-	Tank Bigsby	17 	RB51	Quentin Johnston	18 	WR79		-	-					Cleveland Browns	Jacksonville Jaguars	0 	0.0 	33 	0.0 	2.0 	17 	0.0 	0.0 	0.0 	0.0 	0.0 	7.0 	RB39		Cleveland Browns	Tampa Bay Buccaneers	0 	0.0 	21 	0.0 	5.0 	27 	0.0 	0.0 	0.0 	0.0 	0.0 	9.8 	RB24		Cleveland Browns	Carolina Panthers	0 	0.0 	70 	0.0 	2.0 	9 	0.0 	0.0 	0.0 	0.0 	0.0 	9.9 	RB25		Cleveland Browns	Pittsburgh Steelers	0 	0.0 	53 	1.0 	6.0 	43 	0.0 	0.0 	0.0 	0.0 	0.0 	21.6 	RB11		Cleveland Browns	New York Jets	0 	0.0 	55 	0.2 	2.7 	18 	0.1 	0.0 	0.2 	0.0 	0.0 	11.0 	RB24		Cleveland Browns	Baltimore Ravens	0 	0.0 	56 	0.2 	2.7 	18 	0.1 	0.0 	0.2 	0.0 	0.0 	11.1 	RB23		Cleveland Browns	Tennessee Titans	0 	0.0 	56 	0.2 	2.7 	18 	0.1 	0.0 	0.2 	0.0 	0.0 	11.1 	RB24		Cleveland Browns	Pittsburgh Steelers	0 	0.0 	48 	0.1 	2.7 	18 	0.1 	0.0 	0.2 	0.0 	0.0 	10.1 	RB23		Cleveland Browns	New Orleans Saints	0 	0.0 	53 	0.2 	2.7 	18 	0.1 	0.0 	0.2 	0.0 	0.0 	10.9 	RB25		Cleveland Browns	Houston Texans	0 	0.0 	51 	0.2 	2.6 	17 	0.0 	0.0 	0.2 	0.0 	0.0 	10.4 	RB24		Cleveland Browns	BYE	0 	0.0 	0 	0.0 	0.0 	0 	0.0 	0.0 	0.0 	0.0 	0.0 	0.0 	-		Cleveland Browns	Las Vegas Raiders	0 	0.0 	60 	0.2 	2.7 	18 	0.1 	0.0 	0.2 	0.0 	0.0 	11.7 	RB21		Cleveland Browns	Cincinnati Bengals	0 	0.0 	54 	0.2 	2.8 	19 	0.1 	0.0 	0.2 	0.0 	0.0 	11.3 	RB22		Cleveland Browns	Atlanta Falcons	0 	0.0 	61 	0.2 	2.7 	18 	0.1 	0.0 	0.2 	0.0 	0.0 	11.9 	RB21		Cleveland Browns	New York Giants	0 	0.0 	52 	0.2 	2.7 	18 	0.1 	0.0 	0.2 	0.0 	0.0 	10.7 	RB27		Cleveland Browns	Baltimore Ravens	0 	0.0 	46 	0.1 	2.7 	18 	0.1 	0.0 	0.2 	0.0 	0.0 	9.9 	RB30		Cleveland Browns	Indianapolis Colts	0 	0.0 	57 	0.2 	2.8 	18 	0.1 	0.0 	0.2 	0.0 	0.0 	11.5 	RB23		Actual	Actual	Actual	Actual	Forecast	Forecast	Forecast	Forecast	Forecast	Forecast	Forecast	Forecast	Forecast	Forecast	Forecast	Forecast	Forecast		Healthy	Healthy	Healthy	Healthy	Healthy	Healthy	Healthy	Healthy	Healthy	Healthy	Healthy	Healthy	Healthy	Healthy	Healthy	Healthy	Healthy		Week 5 2026	10/8/2026	8:57:03 PM	20		8%	4%	56%	29%	0%	0%		(0.0)	0	0	0	0	0	(0.024109)
	Travis Kelce	Kansas City Chiefs	TE	TE9	11.4 	182 	0 	0.0 	0.0 	0.0 	0 	0.0 	0.0 	0.0 	60.8 	3.8 	851 	53.2 	6.0 	0.4 	0.0 	0.2 	0.0 	0.460 	0.560 	0.493 	1 	0.358 	0.000 	76 	93 	17 	9 	10 	1 	0.427 				-	-	Kimani Vidal	0.078 	RB69	Jaylin Noel	0.175 	WR70		-	-		10.1 	25.1 	13.9 	3.5 	0.0 	10.8 	10.5 	10.4 	10.3 	10.8 	10.9 	11.1 	10.8 	11.0 	10.8 	11.0 	10.6 		TE15	TE2	TE9	TE26	-	TE9	TE12	TE10	TE13	TE9	TE7	TE9	TE7	TE9	TE9	TE10	TE10		TE11	10.8 	0.0 	0.0 	0.0 	0.0 	3.7 	50.4 	0.3 	11 	0.463 	0.560 	0.476 	1 	0.351 	0.000 	86 	0.418 		129 		-	-	Kimani Vidal	0.052 	RB73	Jaylin Noel	0.158 	WR74		-	-		TE6	13.2 	0.0 	0.0 	0.0 	0.0 	11.2 	151.3 	1.0 	6 	0.451 	0.560 	0.518 	1 	0.576 	0.000 	#N/A	0.534 		52.6 		-	-	Kimani Vidal	15 	RB57	Jaylin Noel	29 	WR60		-	-					Kansas City Chiefs	Denver Broncos	0 	0.0 	0 	0.0 	3.0 	71 	0.0 	0.0 	0.0 	0.0 	0.0 	10.1 	TE15		Kansas City Chiefs	Indianapolis Colts	0 	0.0 	0 	0.0 	9.0 	101 	1.0 	0.0 	0.0 	0.0 	0.0 	25.1 	TE2		Kansas City Chiefs	Miami Dolphins	0 	0.0 	0 	0.0 	2.0 	59 	1.0 	0.0 	0.0 	0.0 	0.0 	13.9 	TE9		Kansas City Chiefs	Las Vegas Raiders	0 	0.0 	0 	0.0 	2.0 	15 	0.0 	0.0 	0.0 	0.0 	0.0 	3.5 	TE26		Kansas City Chiefs	BYE	0 	0.0 	0 	0.0 	0.0 	0 	0.0 	0.0 	0.0 	0.0 	0.0 	0.0 	-		Kansas City Chiefs	Los Angeles Chargers	0 	0.0 	0 	0.0 	3.7 	50 	0.4 	0.0 	0.0 	0.0 	0.0 	10.8 	TE9		Kansas City Chiefs	Seattle Seahawks	0 	0.0 	0 	0.0 	3.7 	50 	0.3 	0.0 	0.0 	0.0 	0.0 	10.5 	TE12		Kansas City Chiefs	Denver Broncos	0 	0.0 	0 	0.0 	3.7 	49 	0.3 	0.0 	0.0 	0.0 	0.0 	10.4 	TE10		Kansas City Chiefs	New York Jets	0 	0.0 	0 	0.0 	3.6 	48 	0.3 	0.0 	0.0 	0.0 	0.0 	10.3 	TE13		Kansas City Chiefs	Atlanta Falcons	0 	0.0 	0 	0.0 	3.7 	50 	0.3 	0.0 	0.0 	0.0 	0.0 	10.8 	TE9		Kansas City Chiefs	Arizona Cardinals	0 	0.0 	0 	0.0 	3.7 	50 	0.4 	0.0 	0.0 	0.0 	0.0 	10.9 	TE7		Kansas City Chiefs	Buffalo Bills	0 	0.0 	0 	0.0 	3.9 	52 	0.3 	0.0 	0.0 	0.0 	0.0 	11.1 	TE9		Kansas City Chiefs	Los Angeles Rams	0 	0.0 	0 	0.0 	3.8 	51 	0.3 	0.0 	0.0 	0.0 	0.0 	10.8 	TE7		Kansas City Chiefs	Cincinnati Bengals	0 	0.0 	0 	0.0 	3.8 	52 	0.3 	0.0 	0.0 	0.0 	0.0 	11.0 	TE9		Kansas City Chiefs	New England Patriots	0 	0.0 	0 	0.0 	3.8 	51 	0.3 	0.0 	0.0 	0.0 	0.0 	10.8 	TE9		Kansas City Chiefs	San Francisco 49ers	0 	0.0 	0 	0.0 	3.8 	51 	0.3 	0.0 	0.0 	0.0 	0.0 	11.0 	TE10		Kansas City Chiefs	Los Angeles Chargers	0 	0.0 	0 	0.0 	3.7 	50 	0.3 	0.0 	0.0 	0.0 	0.0 	10.6 	TE10		Actual	Actual	Actual	Actual	Forecast	Forecast	Forecast	Forecast	Forecast	Forecast	Forecast	Forecast	Forecast	Forecast	Forecast	Forecast	Forecast		Healthy	Healthy	Healthy	Healthy	Healthy	Healthy	Healthy	Healthy	Healthy	Healthy	Healthy	Healthy	Healthy	Healthy	Healthy	Healthy	Healthy		Week 5 2026	10/8/2026	8:57:03 PM	20		24%	22%	0%	0%	0%	0%		(0.1)	0	0	0	0	0	(0.115952)
	Rhamondre Stevenson	New England Patriots	RB	RB26	10.8 	173 	0 	0.0 	0.0 	0.0 	657 	41.1 	5.3 	0.3 	37.4 	2.3 	319 	19.9 	1.4 	0.1 	0.0 	2.3 	0.0 	0.437 	1.000 	0.706 	0 	0.134 	0.000 	74 	65 	(9)	25 	26 	1 	0.437 				-	-	Tyrone Tracy Jr.	0.072 	RB70	Adonai Mitchell	0.180 	WR69		-	-		14.5 	3.6 	6.8 	18.4 	11.3 	12.4 	10.2 	11.6 	10.6 	10.4 	0.0 	10.0 	10.9 	10.8 	9.9 	10.8 	10.3 		RB17	RB51	RB35	RB15	RB22	RB20	RB28	RB21	RB26	RB25	-	RB30	RB25	RB25	RB31	RB26	RB29		RB27	10.8 	0.0 	0.0 	41.2 	0.4 	2.1 	19.1 	0.1 	26 	0.463 	1.000 	0.694 	0 	0.160 	0.000 	78 	0.446 		129 		-	-	Tyrone Tracy Jr.	0.094 	RB67	Adonai Mitchell	0.199 	WR66		-	-		RB25	10.8 	0.0 	0.0 	123.5 	1.1 	6.4 	57.3 	0.3 	25 	0.371 	1.000 	0.706 	0 	0.127 	0.000 	#N/A	0.425 		43.3 		-	-	Tyrone Tracy Jr.	(0)	RB80	Adonai Mitchell	21 	WR74		-	-					New England Patriots	Seattle Seahawks	0 	0.0 	51 	0.0 	5.0 	44 	0.0 	0.0 	0.0 	0.0 	0.0 	14.5 	RB17		New England Patriots	Pittsburgh Steelers	0 	0.0 	43 	0.0 	1.0 	3 	0.0 	0.0 	1.0 	0.0 	0.0 	3.6 	RB51		New England Patriots	Jacksonville Jaguars	0 	0.0 	22 	0.0 	3.0 	16 	0.0 	0.0 	0.0 	0.0 	0.0 	6.8 	RB35		New England Patriots	Buffalo Bills	0 	0.0 	47 	1.0 	3.0 	27 	0.0 	0.0 	0.0 	0.0 	1.0 	18.4 	RB15		New England Patriots	Las Vegas Raiders	0 	0.0 	39 	0.4 	2.5 	22 	0.1 	0.0 	0.1 	0.0 	0.0 	11.3 	RB22		New England Patriots	New York Jets	0 	0.0 	46 	0.4 	2.5 	23 	0.1 	0.0 	0.1 	0.0 	0.0 	12.4 	RB20		New England Patriots	Chicago Bears	0 	0.0 	39 	0.3 	2.1 	19 	0.1 	0.0 	0.1 	0.0 	0.0 	10.2 	RB28		New England Patriots	Miami Dolphins	0 	0.0 	46 	0.4 	2.0 	18 	0.1 	0.0 	0.1 	0.0 	0.0 	11.6 	RB21		New England Patriots	Green Bay Packers	0 	0.0 	41 	0.4 	2.1 	19 	0.1 	0.0 	0.1 	0.0 	0.0 	10.6 	RB26		New England Patriots	Detroit Lions	0 	0.0 	39 	0.3 	2.1 	19 	0.1 	0.0 	0.1 	0.0 	0.0 	10.4 	RB25		New England Patriots	BYE	0 	0.0 	0 	0.0 	0.0 	0 	0.0 	0.0 	0.0 	0.0 	0.0 	0.0 	-		New England Patriots	Los Angeles Chargers	0 	0.0 	38 	0.3 	2.0 	18 	0.1 	0.0 	0.1 	0.0 	0.0 	10.0 	RB30		New England Patriots	Buffalo Bills	0 	0.0 	42 	0.4 	2.1 	19 	0.1 	0.0 	0.1 	0.0 	0.0 	10.9 	RB25		New England Patriots	Minnesota Vikings	0 	0.0 	43 	0.4 	2.0 	18 	0.1 	0.0 	0.1 	0.0 	0.0 	10.8 	RB25		New England Patriots	Kansas City Chiefs	0 	0.0 	38 	0.3 	2.0 	18 	0.1 	0.0 	0.1 	0.0 	0.0 	9.9 	RB31		New England Patriots	New York Jets	0 	0.0 	44 	0.4 	2.0 	18 	0.1 	0.0 	0.1 	0.0 	0.0 	10.8 	RB26		New England Patriots	Denver Broncos	0 	0.0 	40 	0.3 	2.0 	18 	0.1 	0.0 	0.1 	0.0 	0.0 	10.3 	RB29		Actual	Actual	Actual	Actual	Forecast	Forecast	Forecast	Forecast	Forecast	Forecast	Forecast	Forecast	Forecast	Forecast	Forecast	Forecast	Forecast		Healthy	Healthy	Healthy	Healthy	Limited / Handicapped	Healthy	Healthy	Healthy	Healthy	Healthy	Healthy	Healthy	Healthy	Healthy	Healthy	Healthy	Healthy		Week 5 2026	10/8/2026	8:57:03 PM	20		8%	7%	35%	38%	0%	0%		0.0 	0	0	0	0	0	0.021422 
	A.J. Brown	New England Patriots	WR	WR33	14.3 	157 	0 	0.0 	0.0 	0.0 	0 	0.0 	0.0 	0.0 	56.3 	5.1 	713 	64.8 	4.9 	0.4 	0.0 	0.2 	0.0 	0.397 	1.000 	0.530 	1 	0.356 	0.000 	72 	17 	(55)	47 	7 	(40)	0.441 				-	-	Sean Tucker	0.040 	RB75	Michael Pittman Jr.	0.154 	WR74		-	-		5.6 	0.0 	0.0 	0.0 	0.0 	0.0 	14.6 	15.4 	15.4 	15.6 	0.0 	15.1 	15.7 	15.0 	14.9 	14.5 	14.9 		WR60	-	-	-	-	-	WR14	WR7	WR9	WR9	-	WR10	WR8	WR9	WR11	WR12	WR11		WR16	15.1 	0.0 	0.0 	0.0 	0.0 	5.3 	68.7 	0.5 	22 	0.542 	1.000 	0.780 	1 	0.472 	0.000 	32 	0.621 		151 		-	-	Sean Tucker	0.058 	RB72	Michael Pittman Jr.	0.174 	WR72		-	-		WR127	5.6 	0.0 	0.0 	0.0 	0.0 	53.3 	686.9 	4.9 	127 	0.048 	1.000 	0.000 	(1)	0.000 	0.000 	#N/A	0.007 		5.6 		-	-	Sean Tucker	7 	RB68	Michael Pittman Jr.	16 	WR83		-	-					New England Patriots	Seattle Seahawks	0 	0.0 	0 	0.0 	3.0 	26 	0.0 	0.0 	0.0 	0.0 	0.0 	5.6 	WR60		New England Patriots	Pittsburgh Steelers	0 	0.0 	0 	0.0 	0.0 	0 	0.0 	0.0 	0.0 	0.0 	0.0 	0.0 	-		New England Patriots	Jacksonville Jaguars	0 	0.0 	0 	0.0 	0.0 	0 	0.0 	0.0 	0.0 	0.0 	0.0 	0.0 	-		New England Patriots	Buffalo Bills	0 	0.0 	0 	0.0 	0.0 	0 	0.0 	0.0 	0.0 	0.0 	0.0 	0.0 	-		New England Patriots	Las Vegas Raiders	0 	0.0 	0 	0.0 	0.0 	0 	0.0 	0.0 	0.0 	0.0 	0.0 	0.0 	-		New England Patriots	New York Jets	0 	0.0 	0 	0.0 	0.0 	0 	0.0 	0.0 	0.0 	0.0 	0.0 	0.0 	-		New England Patriots	Chicago Bears	0 	0.0 	0 	0.0 	5.2 	67 	0.5 	0.0 	0.0 	0.0 	0.0 	14.6 	WR14		New England Patriots	Miami Dolphins	0 	0.0 	0 	0.0 	5.4 	69 	0.5 	0.0 	0.0 	0.0 	0.0 	15.4 	WR7		New England Patriots	Green Bay Packers	0 	0.0 	0 	0.0 	5.4 	70 	0.5 	0.0 	0.0 	0.0 	0.0 	15.4 	WR9		New England Patriots	Detroit Lions	0 	0.0 	0 	0.0 	5.5 	71 	0.5 	0.0 	0.0 	0.0 	0.0 	15.6 	WR9		New England Patriots	BYE	0 	0.0 	0 	0.0 	0.0 	0 	0.0 	0.0 	0.0 	0.0 	0.0 	0.0 	-		New England Patriots	Los Angeles Chargers	0 	0.0 	0 	0.0 	5.4 	69 	0.5 	0.0 	0.0 	0.0 	0.0 	15.1 	WR10		New England Patriots	Buffalo Bills	0 	0.0 	0 	0.0 	5.5 	71 	0.5 	0.0 	0.0 	0.0 	0.0 	15.7 	WR8		New England Patriots	Minnesota Vikings	0 	0.0 	0 	0.0 	5.3 	68 	0.5 	0.0 	0.0 	0.0 	0.0 	15.0 	WR9		New England Patriots	Kansas City Chiefs	0 	0.0 	0 	0.0 	5.3 	68 	0.5 	0.0 	0.0 	0.0 	0.0 	14.9 	WR11		New England Patriots	New York Jets	0 	0.0 	0 	0.0 	5.1 	66 	0.5 	0.0 	0.0 	0.0 	0.0 	14.5 	WR12		New England Patriots	Denver Broncos	0 	0.0 	0 	0.0 	5.3 	68 	0.5 	0.0 	0.0 	0.0 	0.0 	14.9 	WR11		Actual	Actual	Actual	Actual	Forecast	Forecast	Forecast	Forecast	Forecast	Forecast	Forecast	Forecast	Forecast	Forecast	Forecast	Forecast	Forecast		Healthy	Injured	Injured	Injured	Injured	Injured	Limited / Handicapped	Healthy	Healthy	Healthy	Healthy	Healthy	Healthy	Healthy	Healthy	Healthy	Healthy		Week 5 2026	10/8/2026	8:57:03 PM	20		30%	32%	0%	0%	0%	0%		0.6 	1	1	1	1	1	
	DJ Moore	Buffalo Bills	WR	WR32	11.3 	181 	0 	0.0 	0.0 	0.0 	5 	0.3 	0.0 	0.0 	62.8 	3.9 	864 	54.0 	5.2 	0.3 	0.0 	0.2 	0.0 	0.457 	1.000 	0.690 	0 	0.162 	0.000 	70 	48 	(22)	31 	22 	(9)	0.444 				-	-	Kaytron Allen	0.053 	RB73	Chris Bell	0.170 	WR71		-	-		21.0 	(0.1)	12.7 	2.7 	11.8 	12.3 	0.0 	12.4 	12.1 	11.7 	12.0 	12.3 	11.8 	12.0 	12.5 	11.7 	11.9 		WR9	WR110	WR29	WR71	WR22	WR21	-	WR21	WR26	WR29	WR23	WR26	WR28	WR24	WR25	WR30	WR29		WR28	12.0 	0.0 	0.0 	0.0 	0.0 	4.2 	57.1 	0.4 	28 	0.517 	1.000 	0.720 	1 	0.246 	0.000 	60 	0.500 		144 		-	-	Kaytron Allen	0.066 	RB71	Chris Bell	0.214 	WR63		-	-		WR47	12.1 	0.0 	0.0 	0.0 	0.0 	16.9 	228.6 	1.4 	47 	0.311 	1.000 	0.530 	0 	0.040 	0.000 	#N/A	0.301 		36.3 		-	-	Kaytron Allen	4 	RB69	Chris Bell	14 	WR86		-	-					Buffalo Bills	Houston Texans	0 	0.0 	0 	0.0 	5.0 	100 	1.0 	0.0 	0.0 	0.0 	0.0 	21.0 	WR9		Buffalo Bills	Detroit Lions	0 	0.0 	(1)	0.0 	0.0 	0 	0.0 	0.0 	0.0 	0.0 	0.0 	(0.1)	WR110		Buffalo Bills	Los Angeles Chargers	0 	0.0 	0 	0.0 	6.0 	67 	0.0 	0.0 	0.0 	0.0 	0.0 	12.7 	WR29		Buffalo Bills	New England Patriots	0 	0.0 	6 	0.0 	1.0 	11 	0.0 	0.0 	0.0 	0.0 	0.0 	2.7 	WR71		Buffalo Bills	Los Angeles Rams	0 	0.0 	0 	0.0 	4.1 	56 	0.3 	0.0 	0.0 	0.0 	0.0 	11.8 	WR22		Buffalo Bills	Las Vegas Raiders	0 	0.0 	0 	0.0 	4.3 	58 	0.4 	0.0 	0.0 	0.0 	0.0 	12.3 	WR21		Buffalo Bills	BYE	0 	0.0 	0 	0.0 	0.0 	0 	0.0 	0.0 	0.0 	0.0 	0.0 	0.0 	-		Buffalo Bills	Baltimore Ravens	0 	0.0 	0 	0.0 	4.3 	59 	0.4 	0.0 	0.0 	0.0 	0.0 	12.4 	WR21		Buffalo Bills	Minnesota Vikings	0 	0.0 	0 	0.0 	4.3 	58 	0.4 	0.0 	0.0 	0.0 	0.0 	12.1 	WR26		Buffalo Bills	New York Jets	0 	0.0 	0 	0.0 	4.1 	56 	0.3 	0.0 	0.0 	0.0 	0.0 	11.7 	WR29		Buffalo Bills	Miami Dolphins	0 	0.0 	0 	0.0 	4.2 	56 	0.4 	0.0 	0.0 	0.0 	0.0 	12.0 	WR23		Buffalo Bills	Kansas City Chiefs	0 	0.0 	0 	0.0 	4.3 	58 	0.4 	0.0 	0.0 	0.0 	0.0 	12.3 	WR26		Buffalo Bills	New England Patriots	0 	0.0 	0 	0.0 	4.2 	57 	0.3 	0.0 	0.0 	0.0 	0.0 	11.8 	WR28		Buffalo Bills	Green Bay Packers	0 	0.0 	0 	0.0 	4.2 	57 	0.3 	0.0 	0.0 	0.0 	0.0 	12.0 	WR24		Buffalo Bills	Chicago Bears	0 	0.0 	0 	0.0 	4.4 	59 	0.4 	0.0 	0.0 	0.0 	0.0 	12.5 	WR25		Buffalo Bills	Denver Broncos	0 	0.0 	0 	0.0 	4.1 	56 	0.3 	0.0 	0.0 	0.0 	0.0 	11.7 	WR30		Buffalo Bills	Miami Dolphins	0 	0.0 	0 	0.0 	4.2 	56 	0.4 	0.0 	0.0 	0.0 	0.0 	11.9 	WR29		Actual	Actual	Actual	Actual	Forecast	Forecast	Forecast	Forecast	Forecast	Forecast	Forecast	Forecast	Forecast	Forecast	Forecast	Forecast	Forecast		Healthy	Healthy	Healthy	Healthy	Limited / Handicapped	Healthy	Healthy	Healthy	Healthy	Healthy	Healthy	Healthy	Healthy	Healthy	Healthy	Healthy	Healthy		Week 5 2026	10/8/2026	8:57:03 PM	20		26%	26%	0%	0%	0%	0%		0.2 	0	0	0	0	0	0.198780 
	Isaiah Likely	New York Giants	TE	TE8	11.7 	187 	0 	0.0 	0.0 	0.0 	0 	0.0 	0.0 	0.0 	76.9 	4.8 	761 	47.5 	5.6 	0.4 	0.0 	0.1 	0.0 	0.472 	0.560 	0.501 	1 	0.388 	0.000 	69 	105 	36 	8 	11 	3 	0.446 				-	-	Demond Claiborne	0.059 	RB72	Xavier Hutchinson	0.165 	WR72		-	-		27.8 	8.3 	3.3 	13.6 	10.4 	11.1 	10.9 	0.0 	11.0 	11.4 	11.2 	11.2 	11.2 	11.2 	10.7 	11.5 	11.5 		TE1	TE17	TE27	TE9	TE10	TE8	TE10	-	TE7	TE7	TE6	TE8	TE5	TE8	TE12	TE7	TE7		TE7	11.1 	0.0 	0.0 	0.0 	0.0 	4.6 	47.6 	0.3 	7 	0.478 	0.560 	0.510 	1 	0.390 	0.000 	74 	0.451 		134 		-	-	Demond Claiborne	0.073 	RB70	Xavier Hutchinson	0.148 	WR76		-	-		TE5	13.3 	0.0 	0.0 	0.0 	0.0 	13.7 	142.7 	0.9 	5 	0.454 	0.560 	0.525 	1 	0.586 	0.000 	#N/A	0.542 		53.0 		-	-	Demond Claiborne	3 	RB70	Xavier Hutchinson	29 	WR61		-	-					New York Giants	Dallas Cowboys	0 	0.0 	0 	0.0 	8.0 	78 	2.0 	0.0 	0.0 	0.0 	0.0 	27.8 	TE1		New York Giants	Los Angeles Rams	0 	0.0 	0 	0.0 	5.0 	33 	0.0 	0.0 	0.0 	0.0 	0.0 	8.3 	TE17		New York Giants	Tennessee Titans	0 	0.0 	0 	0.0 	2.0 	13 	0.0 	0.0 	0.0 	0.0 	0.0 	3.3 	TE27		New York Giants	Arizona Cardinals	0 	0.0 	0 	0.0 	7.0 	66 	0.0 	0.0 	0.0 	0.0 	0.0 	13.6 	TE9		New York Giants	Washington Commanders	0 	0.0 	0 	0.0 	4.3 	45 	0.3 	0.0 	0.0 	0.0 	0.0 	10.4 	TE10		New York Giants	New Orleans Saints	0 	0.0 	0 	0.0 	4.6 	47 	0.3 	0.0 	0.0 	0.0 	0.0 	11.1 	TE8		New York Giants	Houston Texans	0 	0.0 	0 	0.0 	4.5 	47 	0.3 	0.0 	0.0 	0.0 	0.0 	10.9 	TE10		New York Giants	BYE	0 	0.0 	0 	0.0 	0.0 	0 	0.0 	0.0 	0.0 	0.0 	0.0 	0.0 	-		New York Giants	Philadelphia Eagles	0 	0.0 	0 	0.0 	4.6 	48 	0.3 	0.0 	0.0 	0.0 	0.0 	11.0 	TE7		New York Giants	Washington Commanders	0 	0.0 	0 	0.0 	4.6 	48 	0.3 	0.0 	0.0 	0.0 	0.0 	11.4 	TE7		New York Giants	Jacksonville Jaguars	0 	0.0 	0 	0.0 	4.6 	48 	0.3 	0.0 	0.0 	0.0 	0.0 	11.2 	TE6		New York Giants	Indianapolis Colts	0 	0.0 	0 	0.0 	4.6 	48 	0.3 	0.0 	0.0 	0.0 	0.0 	11.2 	TE8		New York Giants	San Francisco 49ers	0 	0.0 	0 	0.0 	4.6 	48 	0.3 	0.0 	0.0 	0.0 	0.0 	11.2 	TE5		New York Giants	Seattle Seahawks	0 	0.0 	0 	0.0 	4.7 	48 	0.3 	0.0 	0.0 	0.0 	0.0 	11.2 	TE8		New York Giants	Cleveland Browns	0 	0.0 	0 	0.0 	4.4 	46 	0.3 	0.0 	0.0 	0.0 	0.0 	10.7 	TE12		New York Giants	Detroit Lions	0 	0.0 	0 	0.0 	4.7 	49 	0.3 	0.0 	0.0 	0.0 	0.0 	11.5 	TE7		New York Giants	Dallas Cowboys	0 	0.0 	0 	0.0 	4.7 	49 	0.3 	0.0 	0.0 	0.0 	0.0 	11.5 	TE7		Actual	Actual	Actual	Actual	Forecast	Forecast	Forecast	Forecast	Forecast	Forecast	Forecast	Forecast	Forecast	Forecast	Forecast	Forecast	Forecast		Healthy	Healthy	Healthy	Healthy	Limited / Handicapped	Healthy	Healthy	Healthy	Healthy	Healthy	Healthy	Healthy	Healthy	Healthy	Healthy	Healthy	Healthy		Week 5 2026	10/8/2026	8:57:03 PM	20		23%	22%	0%	0%	0%	0%		(0.1)	0	0	0	0	0	(0.090846)
	Luther Burden III	Chicago Bears	WR	WR31	11.3 	181 	0 	0.0 	0.0 	0.0 	55 	3.4 	0.0 	0.0 	67.7 	4.2 	793 	49.6 	5.1 	0.3 	0.0 	1.1 	0.0 	0.458 	1.000 	0.700 	0 	0.163 	0.000 	67 	51 	(16)	30 	24 	(6)	0.449 				-	-	Dylan Sampson	0.065 	RB71	Isaiah Williams	0.159 	WR73		-	-		9.5 	6.2 	19.8 	11.4 	11.0 	11.1 	11.1 	10.9 	11.4 	0.0 	11.0 	11.4 	11.2 	11.1 	11.5 	11.1 	11.3 		WR35	WR55	WR13	WR35	WR31	WR32	WR32	WR32	WR35	-	WR29	WR34	WR33	WR34	WR34	WR36	WR34		WR36	11.2 	0.0 	0.0 	2.9 	0.0 	4.1 	47.8 	0.3 	36 	0.480 	1.000 	0.640 	0 	0.184 	0.000 	81 	0.434 		134 		-	-	Dylan Sampson	0.081 	RB69	Isaiah Williams	0.135 	WR78		-	-		WR25	11.7 	0.0 	0.0 	8.8 	0.0 	12.2 	143.5 	1.0 	25 	0.402 	1.000 	0.750 	1 	0.167 	0.000 	#N/A	0.465 		46.9 		-	-	Dylan Sampson	0 	RB73	Isaiah Williams	31 	WR55		-	-					Chicago Bears	Carolina Panthers	0 	0.0 	2 	0.0 	5.0 	63 	0.0 	0.0 	1.0 	0.0 	0.0 	9.5 	WR35		Chicago Bears	Minnesota Vikings	0 	0.0 	0 	0.0 	3.0 	32 	0.0 	0.0 	0.0 	0.0 	0.0 	6.2 	WR55		Chicago Bears	Philadelphia Eagles	0 	0.0 	7 	0.0 	7.0 	61 	1.0 	0.0 	0.0 	0.0 	0.0 	19.8 	WR13		Chicago Bears	New York Jets	0 	0.0 	11 	0.0 	4.0 	63 	0.0 	0.0 	0.0 	0.0 	0.0 	11.4 	WR35		Chicago Bears	Green Bay Packers	0 	0.0 	3 	0.0 	4.0 	47 	0.3 	0.0 	0.0 	0.0 	0.0 	11.0 	WR31		Chicago Bears	Atlanta Falcons	0 	0.0 	3 	0.0 	4.0 	47 	0.3 	0.0 	0.0 	0.0 	0.0 	11.1 	WR32		Chicago Bears	New England Patriots	0 	0.0 	3 	0.0 	4.0 	47 	0.3 	0.0 	0.0 	0.0 	0.0 	11.1 	WR32		Chicago Bears	Seattle Seahawks	0 	0.0 	3 	0.0 	4.0 	47 	0.3 	0.0 	0.0 	0.0 	0.0 	10.9 	WR32		Chicago Bears	Tampa Bay Buccaneers	0 	0.0 	3 	0.0 	4.1 	49 	0.4 	0.0 	0.0 	0.0 	0.0 	11.4 	WR35		Chicago Bears	BYE	0 	0.0 	0 	0.0 	0.0 	0 	0.0 	0.0 	0.0 	0.0 	0.0 	0.0 	-		Chicago Bears	New Orleans Saints	0 	0.0 	3 	0.0 	3.9 	46 	0.3 	0.0 	0.0 	0.0 	0.0 	11.0 	WR29		Chicago Bears	Detroit Lions	0 	0.0 	3 	0.0 	4.2 	49 	0.4 	0.0 	0.0 	0.0 	0.0 	11.4 	WR34		Chicago Bears	Jacksonville Jaguars	0 	0.0 	3 	0.0 	4.1 	48 	0.3 	0.0 	0.0 	0.0 	0.0 	11.2 	WR33		Chicago Bears	Miami Dolphins	0 	0.0 	3 	0.0 	4.0 	47 	0.4 	0.0 	0.0 	0.0 	0.0 	11.1 	WR34		Chicago Bears	Buffalo Bills	0 	0.0 	3 	0.0 	4.2 	49 	0.3 	0.0 	0.0 	0.0 	0.0 	11.5 	WR34		Chicago Bears	Green Bay Packers	0 	0.0 	3 	0.0 	4.0 	47 	0.3 	0.0 	0.0 	0.0 	0.0 	11.1 	WR36		Chicago Bears	Detroit Lions	0 	0.0 	3 	0.0 	4.1 	48 	0.4 	0.0 	0.0 	0.0 	0.0 	11.3 	WR34		Actual	Actual	Actual	Actual	Forecast	Forecast	Forecast	Forecast	Forecast	Forecast	Forecast	Forecast	Forecast	Forecast	Forecast	Forecast	Forecast		Healthy	Healthy	Healthy	Healthy	Healthy	Healthy	Healthy	Healthy	Healthy	Healthy	Healthy	Healthy	Healthy	Healthy	Healthy	Healthy	Healthy		Week 5 2026	10/8/2026	8:57:03 PM	20		23%	22%	2%	0%	0%	0%		(0.0)	0	0	0	0	0	(0.030973)
	Bryce Young	Carolina Panthers	QB	QB8	17.3 	276 	3,968 	248.0 	26.7 	1.7 	195 	12.2 	2.0 	0.1 	0.0 	0.0 	0 	0.0 	0.0 	0.0 	9.7 	0.9 	0.0 	0.699 	0.460 	0.395 	1 	0.444 	0.000 	78 	212 	134 	8 	25 	17 	0.418 				-	-	De'Von Achane	0.046 	RB74	Marvin Harrison Jr.	0.143 	WR76		-	-		31.4 	24.1 	13.6 	21.5 	0.0 	15.0 	15.8 	14.9 	15.0 	15.6 	15.9 	15.6 	15.1 	16.4 	16.4 	14.9 	14.8 		QB3	QB7	QB22	QB6	-	QB16	QB16	QB21	QB25	QB15	QB17	QB21	QB23	QB12	QB14	QB25	QB23		QB22	15.5 	225.0 	1.5 	14.7 	0.1 	0.0 	0.0 	0.0 	21 	0.664 	0.460 	0.240 	1 	0.399 	0.000 	124 	0.315 		185 		-	-	De'Von Achane	0.008 	RB79	Marvin Harrison Jr.	0.143 	WR77		-	-		QB3	22.7 	674.9 	4.4 	44.0 	0.3 	0.0 	0.0 	0.0 	3 	0.777 	0.460 	0.441 	1 	0.664 	0.000 	#N/A	0.546 		90.6 		-	-	De'Von Achane	25 	RB40	Marvin Harrison Jr.	20 	WR76		-	-					Carolina Panthers	Chicago Bears	361 	3.0 	10 	1.0 	0.0 	0 	0.0 	1.0 	0.0 	0.0 	0.0 	31.4 	QB3		Carolina Panthers	Atlanta Falcons	287 	3.0 	6 	0.0 	0.0 	0 	0.0 	0.0 	0.0 	0.0 	0.0 	24.1 	QB7		Carolina Panthers	Cleveland Browns	291 	1.0 	0 	0.0 	0.0 	0 	0.0 	1.0 	0.0 	0.0 	0.0 	13.6 	QB22		Carolina Panthers	Detroit Lions	329 	2.0 	3 	0.0 	0.0 	0 	0.0 	0.0 	0.0 	0.0 	0.0 	21.5 	QB6		Carolina Panthers	BYE	0 	0.0 	0 	0.0 	0.0 	0 	0.0 	0.0 	0.0 	0.0 	0.0 	0.0 	-		Carolina Panthers	Philadelphia Eagles	222 	1.5 	13 	0.1 	0.0 	0 	0.0 	0.6 	0.1 	0.0 	0.0 	15.0 	QB16		Carolina Panthers	Tampa Bay Buccaneers	228 	1.6 	13 	0.1 	0.0 	0 	0.0 	0.6 	0.1 	0.0 	0.0 	15.8 	QB16		Carolina Panthers	Green Bay Packers	227 	1.4 	11 	0.1 	0.0 	0 	0.0 	0.6 	0.1 	0.0 	0.0 	14.9 	QB21		Carolina Panthers	Denver Broncos	219 	1.4 	16 	0.1 	0.0 	0 	0.0 	0.6 	0.1 	0.0 	0.0 	15.0 	QB25		Carolina Panthers	New Orleans Saints	224 	1.5 	16 	0.1 	0.0 	0 	0.0 	0.6 	0.1 	0.0 	0.0 	15.6 	QB15		Carolina Panthers	Baltimore Ravens	229 	1.5 	15 	0.1 	0.0 	0 	0.0 	0.6 	0.1 	0.0 	0.0 	15.9 	QB17		Carolina Panthers	Tampa Bay Buccaneers	227 	1.5 	15 	0.1 	0.0 	0 	0.0 	0.6 	0.1 	0.0 	0.0 	15.6 	QB21		Carolina Panthers	Minnesota Vikings	223 	1.4 	15 	0.1 	0.0 	0 	0.0 	0.6 	0.1 	0.0 	0.0 	15.1 	QB23		Carolina Panthers	New Orleans Saints	226 	1.6 	17 	0.1 	0.0 	0 	0.0 	0.6 	0.1 	0.0 	0.0 	16.4 	QB12		Carolina Panthers	Cincinnati Bengals	230 	1.6 	16 	0.1 	0.0 	0 	0.0 	0.6 	0.1 	0.0 	0.0 	16.4 	QB14		Carolina Panthers	Pittsburgh Steelers	221 	1.4 	15 	0.1 	0.0 	0 	0.0 	0.6 	0.1 	0.0 	0.0 	14.9 	QB25		Carolina Panthers	Seattle Seahawks	224 	1.4 	14 	0.1 	0.0 	0 	0.0 	0.6 	0.1 	0.0 	0.0 	14.8 	QB23		Actual	Actual	Actual	Actual	Forecast	Forecast	Forecast	Forecast	Forecast	Forecast	Forecast	Forecast	Forecast	Forecast	Forecast	Forecast	Forecast		Healthy	Healthy	Healthy	Healthy	Healthy	Healthy	Healthy	Healthy	Healthy	Healthy	Healthy	Healthy	Healthy	Healthy	Healthy	Healthy	Healthy		Week 5 2026	10/8/2026	8:57:03 PM	20		0%	0%	15%	13%	99%	99%		(0.2)	0	0	0	0	0	(0.231031)
	TreVeyon Henderson	New England Patriots	RB	RB27	11.1 	166 	0 	0.0 	0.0 	0.0 	679 	45.3 	5.3 	0.4 	36.1 	2.4 	227 	15.1 	1.7 	0.1 	0.0 	1.4 	0.0 	0.420 	1.000 	0.682 	0 	0.151 	0.000 	75 	60 	(15)	27 	25 	(2)	0.430 				-	-	Nicholas Singleton	0.032 	RB76	Alec Pierce	0.132 	WR78		-	-		0.0 	13.6 	3.9 	4.2 	12.2 	12.7 	11.6 	13.0 	12.0 	11.8 	0.0 	11.3 	12.3 	12.2 	11.2 	12.2 	11.6 		-	RB14	RB44	RB45	RB18	RB19	RB21	RB16	RB18	RB19	-	RB24	RB17	RB20	RB24	RB20	RB22		RB21	12.0 	0.0 	0.0 	44.9 	0.4 	2.9 	18.4 	0.1 	21 	0.517 	1.000 	0.755 	1 	0.245 	0.000 	54 	0.515 		144 		-	-	Nicholas Singleton	0.046 	RB74	Alec Pierce	0.153 	WR75		-	-		RB44	7.2 	0.0 	0.0 	179.5 	1.4 	11.7 	73.7 	0.6 	44 	0.186 	1.000 	0.468 	(0)	0.000 	0.000 	#N/A	0.239 		21.7 		-	-	Nicholas Singleton	1 	RB72	Alec Pierce	12 	WR88		-	-					New England Patriots	Seattle Seahawks	0 	0.0 	0 	0.0 	0.0 	0 	0.0 	0.0 	0.0 	0.0 	0.0 	0.0 	-		New England Patriots	Pittsburgh Steelers	0 	0.0 	76 	1.0 	0.0 	0 	0.0 	0.0 	0.0 	0.0 	0.0 	13.6 	RB14		New England Patriots	Jacksonville Jaguars	0 	0.0 	23 	0.0 	1.0 	6 	0.0 	0.0 	0.0 	0.0 	0.0 	3.9 	RB44		New England Patriots	Buffalo Bills	0 	0.0 	42 	0.0 	0.0 	0 	0.0 	0.0 	0.0 	0.0 	0.0 	4.2 	RB45		New England Patriots	Las Vegas Raiders	0 	0.0 	45 	0.4 	3.0 	19 	0.1 	0.0 	0.1 	0.0 	0.0 	12.2 	RB18		New England Patriots	New York Jets	0 	0.0 	49 	0.4 	2.9 	18 	0.1 	0.0 	0.1 	0.0 	0.0 	12.7 	RB19		New England Patriots	Chicago Bears	0 	0.0 	42 	0.3 	3.0 	19 	0.1 	0.0 	0.1 	0.0 	0.0 	11.6 	RB21		New England Patriots	Miami Dolphins	0 	0.0 	50 	0.4 	2.9 	18 	0.1 	0.0 	0.1 	0.0 	0.0 	13.0 	RB16		New England Patriots	Green Bay Packers	0 	0.0 	45 	0.4 	3.0 	19 	0.1 	0.0 	0.1 	0.0 	0.0 	12.0 	RB18		New England Patriots	Detroit Lions	0 	0.0 	42 	0.3 	3.0 	19 	0.1 	0.0 	0.1 	0.0 	0.0 	11.8 	RB19		New England Patriots	BYE	0 	0.0 	0 	0.0 	0.0 	0 	0.0 	0.0 	0.0 	0.0 	0.0 	0.0 	-		New England Patriots	Los Angeles Chargers	0 	0.0 	41 	0.3 	2.9 	18 	0.1 	0.0 	0.1 	0.0 	0.0 	11.3 	RB24		New England Patriots	Buffalo Bills	0 	0.0 	45 	0.4 	3.0 	19 	0.1 	0.0 	0.1 	0.0 	0.0 	12.3 	RB17		New England Patriots	Minnesota Vikings	0 	0.0 	47 	0.4 	2.9 	18 	0.1 	0.0 	0.1 	0.0 	0.0 	12.2 	RB20		New England Patriots	Kansas City Chiefs	0 	0.0 	41 	0.3 	2.9 	18 	0.1 	0.0 	0.1 	0.0 	0.0 	11.2 	RB24		New England Patriots	New York Jets	0 	0.0 	48 	0.4 	2.8 	18 	0.1 	0.0 	0.1 	0.0 	0.0 	12.2 	RB20		New England Patriots	Denver Broncos	0 	0.0 	43 	0.3 	2.9 	18 	0.1 	0.0 	0.1 	0.0 	0.0 	11.6 	RB22		Actual	Actual	Actual	Actual	Forecast	Forecast	Forecast	Forecast	Forecast	Forecast	Forecast	Forecast	Forecast	Forecast	Forecast	Forecast	Forecast		Injured	Healthy	Healthy	Healthy	Healthy	Healthy	Healthy	Healthy	Healthy	Healthy	Healthy	Healthy	Healthy	Healthy	Healthy	Healthy	Healthy		Week 5 2026	10/8/2026	8:57:03 PM	20		8%	9%	38%	38%	0%	0%		0.3 	0	0	0	0	0	0.276767 
	Kyle Monangai	Chicago Bears	RB	RB30	9.9 	159 	0 	0.0 	0.0 	0.0 	883 	55.2 	6.3 	0.4 	15.9 	1.0 	138 	8.7 	0.9 	0.1 	0.0 	1.3 	0.0 	0.402 	1.000 	0.657 	0 	0.080 	0.000 	90 	106 	16 	29 	39 	10 	0.388 				-	-	Isiah Pacheco	0.026 	RB77	Makai Lemon	0.148 	WR75		-	-		20.4 	7.8 	3.1 	28.0 	7.8 	8.3 	8.3 	7.4 	8.6 	0.0 	9.0 	8.2 	8.5 	8.8 	7.9 	8.3 	8.5 		RB11	RB34	RB49	RB4	RB33	RB30	RB29	RB31	RB32	-	RB29	RB35	RB31	RB32	RB36	RB35	RB34		RB36	8.3 	0.0 	0.0 	46.6 	0.3 	0.9 	8.3 	0.1 	35 	0.357 	1.000 	0.582 	(0)	0.000 	0.000 	123 	0.315 		100 		-	-	Isiah Pacheco	0.034 	RB76	Makai Lemon	0.163 	WR73		-	-		RB13	14.8 	0.0 	0.0 	139.8 	0.8 	2.7 	24.9 	0.2 	13 	0.508 	1.000 	0.852 	1 	0.319 	0.000 	#N/A	0.588 		59.3 		-	-	Isiah Pacheco	0 	RB73	Makai Lemon	16 	WR82		-	-					Chicago Bears	Carolina Panthers	0 	0.0 	100 	1.0 	2.0 	24 	0.0 	0.0 	0.0 	0.0 	0.0 	20.4 	RB11		Chicago Bears	Minnesota Vikings	0 	0.0 	47 	0.0 	2.0 	11 	0.0 	0.0 	0.0 	0.0 	0.0 	7.8 	RB34		Chicago Bears	Philadelphia Eagles	0 	0.0 	31 	0.0 	0.0 	0 	0.0 	0.0 	0.0 	0.0 	0.0 	3.1 	RB49		Chicago Bears	New York Jets	0 	0.0 	146 	2.0 	1.0 	4 	0.0 	0.0 	0.0 	0.0 	0.0 	28.0 	RB4		Chicago Bears	Green Bay Packers	0 	0.0 	44 	0.3 	0.9 	8 	0.1 	0.0 	0.1 	0.0 	0.0 	7.8 	RB33		Chicago Bears	Atlanta Falcons	0 	0.0 	47 	0.3 	0.9 	8 	0.1 	0.0 	0.1 	0.0 	0.0 	8.3 	RB30		Chicago Bears	New England Patriots	0 	0.0 	47 	0.3 	0.9 	8 	0.1 	0.0 	0.1 	0.0 	0.0 	8.3 	RB29		Chicago Bears	Seattle Seahawks	0 	0.0 	41 	0.2 	0.9 	8 	0.1 	0.0 	0.1 	0.0 	0.0 	7.4 	RB31		Chicago Bears	Tampa Bay Buccaneers	0 	0.0 	48 	0.3 	0.9 	8 	0.1 	0.0 	0.1 	0.0 	0.0 	8.6 	RB32		Chicago Bears	BYE	0 	0.0 	0 	0.0 	0.0 	0 	0.0 	0.0 	0.0 	0.0 	0.0 	0.0 	-		Chicago Bears	New Orleans Saints	0 	0.0 	52 	0.3 	0.9 	8 	0.1 	0.0 	0.1 	0.0 	0.0 	9.0 	RB29		Chicago Bears	Detroit Lions	0 	0.0 	45 	0.3 	0.9 	9 	0.1 	0.0 	0.1 	0.0 	0.0 	8.2 	RB35		Chicago Bears	Jacksonville Jaguars	0 	0.0 	47 	0.3 	0.9 	8 	0.1 	0.0 	0.1 	0.0 	0.0 	8.5 	RB31		Chicago Bears	Miami Dolphins	0 	0.0 	50 	0.3 	0.9 	8 	0.1 	0.0 	0.1 	0.0 	0.0 	8.8 	RB32		Chicago Bears	Buffalo Bills	0 	0.0 	43 	0.2 	0.9 	9 	0.1 	0.0 	0.1 	0.0 	0.0 	7.9 	RB36		Chicago Bears	Green Bay Packers	0 	0.0 	47 	0.3 	0.9 	8 	0.1 	0.0 	0.1 	0.0 	0.0 	8.3 	RB35		Chicago Bears	Detroit Lions	0 	0.0 	48 	0.3 	0.9 	8 	0.1 	0.0 	0.1 	0.0 	0.0 	8.5 	RB34		Actual	Actual	Actual	Actual	Forecast	Forecast	Forecast	Forecast	Forecast	Forecast	Forecast	Forecast	Forecast	Forecast	Forecast	Forecast	Forecast		Healthy	Healthy	Healthy	Healthy	Limited / Handicapped	Healthy	Healthy	Healthy	Healthy	Healthy	Healthy	Healthy	Healthy	Healthy	Healthy	Healthy	Healthy		Week 5 2026	10/8/2026	8:57:03 PM	20		4%	5%	32%	26%	0%	0%		(0.3)	0	0	0	0	0	(0.272186)
	Tony Pollard	Tennessee Titans	RB	RB28	10.0 	160 	0 	0.0 	0.0 	0.0 	917 	57.3 	6.2 	0.4 	22.8 	1.4 	105 	6.6 	0.3 	0.0 	0.0 	2.1 	0.0 	0.405 	1.000 	0.669 	0 	0.085 	0.000 	85 	75 	(10)	28 	28 	0 	0.396 				-	-	Adam Randall	0.016 	RB78	Jordyn Tyson	0.121 	WR80		-	-		4.4 	7.5 	13.6 	13.0 	8.1 	9.4 	11.1 	10.1 	0.0 	10.8 	9.9 	9.7 	11.0 	9.3 	11.2 	10.5 	10.5 		RB44	RB35	RB16	RB24	RB31	RB25	RB25	RB25	-	RB22	RB24	RB32	RB24	RB29	RB26	RB28	RB27		RB30	10.1 	0.0 	0.0 	58.0 	0.4 	1.2 	6.8 	0.0 	29 	0.436 	1.000 	0.657 	0 	0.118 	0.000 	91 	0.408 		122 		-	-	Adam Randall	0.022 	RB77	Jordyn Tyson	0.181 	WR70		-	-		RB27	9.6 	0.0 	0.0 	174.1 	1.3 	3.7 	20.4 	0.1 	27 	0.330 	1.000 	0.682 	0 	0.070 	0.000 	#N/A	0.384 		38.5 		-	-	Adam Randall	0 	RB73	Jordyn Tyson	0 	WR103		-	-					Tennessee Titans	New York Jets	0 	0.0 	35 	0.0 	1.0 	(1)	0.0 	0.0 	0.0 	0.0 	0.0 	4.4 	RB44		Tennessee Titans	Philadelphia Eagles	0 	0.0 	64 	0.0 	1.0 	1 	0.0 	0.0 	0.0 	0.0 	0.0 	7.5 	RB35		Tennessee Titans	New York Giants	0 	0.0 	74 	0.0 	4.0 	22 	0.0 	0.0 	0.0 	0.0 	0.0 	13.6 	RB16		Tennessee Titans	Baltimore Ravens	0 	0.0 	48 	1.0 	2.0 	2 	0.0 	0.0 	0.0 	0.0 	0.0 	13.0 	RB24		Tennessee Titans	Houston Texans	0 	0.0 	48 	0.3 	1.2 	6 	0.0 	0.0 	0.2 	0.0 	0.0 	8.1 	RB31		Tennessee Titans	Indianapolis Colts	0 	0.0 	54 	0.4 	1.2 	7 	0.0 	0.0 	0.2 	0.0 	0.0 	9.4 	RB25		Tennessee Titans	Cleveland Browns	0 	0.0 	65 	0.5 	1.2 	7 	0.0 	0.0 	0.2 	0.0 	0.0 	11.1 	RB25		Tennessee Titans	Cincinnati Bengals	0 	0.0 	56 	0.4 	1.3 	7 	0.0 	0.0 	0.2 	0.0 	0.0 	10.1 	RB25		Tennessee Titans	BYE	0 	0.0 	0 	0.0 	0.0 	0 	0.0 	0.0 	0.0 	0.0 	0.0 	0.0 	-		Tennessee Titans	Jacksonville Jaguars	0 	0.0 	62 	0.5 	1.2 	7 	0.0 	0.0 	0.2 	0.0 	0.0 	10.8 	RB22		Tennessee Titans	Dallas Cowboys	0 	0.0 	56 	0.4 	1.3 	7 	0.0 	0.0 	0.2 	0.0 	0.0 	9.9 	RB24		Tennessee Titans	Jacksonville Jaguars	0 	0.0 	55 	0.4 	1.2 	7 	0.0 	0.0 	0.2 	0.0 	0.0 	9.7 	RB32		Tennessee Titans	Washington Commanders	0 	0.0 	63 	0.5 	1.2 	7 	0.0 	0.0 	0.2 	0.0 	0.0 	11.0 	RB24		Tennessee Titans	Detroit Lions	0 	0.0 	52 	0.4 	1.3 	7 	0.0 	0.0 	0.2 	0.0 	0.0 	9.3 	RB29		Tennessee Titans	Indianapolis Colts	0 	0.0 	64 	0.5 	1.3 	7 	0.0 	0.0 	0.2 	0.0 	0.0 	11.2 	RB26		Tennessee Titans	Las Vegas Raiders	0 	0.0 	61 	0.5 	1.2 	7 	0.0 	0.0 	0.2 	0.0 	0.0 	10.5 	RB28		Tennessee Titans	Pittsburgh Steelers	0 	0.0 	61 	0.5 	1.2 	7 	0.0 	0.0 	0.2 	0.0 	0.0 	10.5 	RB27		Actual	Actual	Actual	Actual	Forecast	Forecast	Forecast	Forecast	Forecast	Forecast	Forecast	Forecast	Forecast	Forecast	Forecast	Forecast	Forecast		Healthy	Healthy	Healthy	Healthy	Healthy	Healthy	Healthy	Healthy	Healthy	Healthy	Healthy	Healthy	Healthy	Healthy	Healthy	Healthy	Healthy		Week 5 2026	10/8/2026	8:57:03 PM	20		3%	2%	56%	58%	0%	0%		0.0 	0	0	0	0	0	0.023814 
	DK Metcalf	Pittsburgh Steelers	WR	WR35	10.9 	175 	0 	0.0 	0.0 	0.0 	0 	0.0 	0.0 	0.0 	62.1 	3.9 	790 	49.4 	5.6 	0.4 	0.0 	0.1 	0.0 	0.442 	1.000 	0.660 	0 	0.137 	0.000 	79 	80 	1 	34 	34 	0 	0.418 				-	-	James Conner	0.009 	RB79	Rashid Shaheed	0.121 	WR81		-	-		8.0 	6.7 	12.1 	16.5 	11.3 	10.8 	11.1 	10.7 	0.0 	11.5 	10.8 	10.4 	10.7 	10.9 	11.2 	11.1 	11.0 		WR48	WR48	WR33	WR14	WR28	WR35	WR31	WR36	-	WR33	WR33	WR43	WR38	WR37	WR36	WR35	WR38		WR37	11.0 	0.0 	0.0 	0.0 	0.0 	3.8 	48.1 	0.4 	37 	0.471 	1.000 	0.630 	0 	0.168 	0.000 	85 	0.421 		131 		-	-	James Conner	0.015 	RB78	Rashid Shaheed	0.112 	WR82		-	-		WR34	10.8 	0.0 	0.0 	0.0 	0.0 	11.5 	144.2 	1.2 	34 	0.371 	1.000 	0.660 	0 	0.124 	0.000 	#N/A	0.402 		43.3 		-	-	James Conner	0 	RB73	Rashid Shaheed	24 	WR69		-	-					Pittsburgh Steelers	Atlanta Falcons	0 	0.0 	0 	0.0 	4.0 	40 	0.0 	0.0 	0.0 	0.0 	0.0 	8.0 	WR48		Pittsburgh Steelers	New England Patriots	0 	0.0 	0 	0.0 	4.0 	27 	0.0 	0.0 	0.0 	0.0 	0.0 	6.7 	WR48		Pittsburgh Steelers	Cincinnati Bengals	0 	0.0 	0 	0.0 	3.0 	31 	1.0 	0.0 	0.0 	0.0 	0.0 	12.1 	WR33		Pittsburgh Steelers	Cleveland Browns	0 	0.0 	0 	0.0 	5.0 	115 	0.0 	0.0 	0.0 	0.0 	0.0 	16.5 	WR14		Pittsburgh Steelers	Indianapolis Colts	0 	0.0 	0 	0.0 	3.9 	49 	0.4 	0.0 	0.0 	0.0 	0.0 	11.3 	WR28		Pittsburgh Steelers	Tampa Bay Buccaneers	0 	0.0 	0 	0.0 	3.8 	47 	0.4 	0.0 	0.0 	0.0 	0.0 	10.8 	WR35		Pittsburgh Steelers	New Orleans Saints	0 	0.0 	0 	0.0 	3.9 	48 	0.4 	0.0 	0.0 	0.0 	0.0 	11.1 	WR31		Pittsburgh Steelers	Cleveland Browns	0 	0.0 	0 	0.0 	3.7 	46 	0.4 	0.0 	0.0 	0.0 	0.0 	10.7 	WR36		Pittsburgh Steelers	BYE	0 	0.0 	0 	0.0 	0.0 	0 	0.0 	0.0 	0.0 	0.0 	0.0 	0.0 	-		Pittsburgh Steelers	Cincinnati Bengals	0 	0.0 	0 	0.0 	4.0 	50 	0.4 	0.0 	0.0 	0.0 	0.0 	11.5 	WR33		Pittsburgh Steelers	Philadelphia Eagles	0 	0.0 	0 	0.0 	3.9 	48 	0.4 	0.0 	0.0 	0.0 	0.0 	10.8 	WR33		Pittsburgh Steelers	Denver Broncos	0 	0.0 	0 	0.0 	3.7 	47 	0.3 	0.0 	0.0 	0.0 	0.0 	10.4 	WR43		Pittsburgh Steelers	Houston Texans	0 	0.0 	0 	0.0 	3.8 	47 	0.4 	0.0 	0.0 	0.0 	0.0 	10.7 	WR38		Pittsburgh Steelers	Jacksonville Jaguars	0 	0.0 	0 	0.0 	3.8 	48 	0.4 	0.0 	0.0 	0.0 	0.0 	10.9 	WR37		Pittsburgh Steelers	Baltimore Ravens	0 	0.0 	0 	0.0 	3.9 	49 	0.4 	0.0 	0.0 	0.0 	0.0 	11.2 	WR36		Pittsburgh Steelers	Carolina Panthers	0 	0.0 	0 	0.0 	3.9 	48 	0.4 	0.0 	0.0 	0.0 	0.0 	11.1 	WR35		Pittsburgh Steelers	Tennessee Titans	0 	0.0 	0 	0.0 	3.8 	48 	0.4 	0.0 	0.0 	0.0 	0.0 	11.0 	WR38		Actual	Actual	Actual	Actual	Forecast	Forecast	Forecast	Forecast	Forecast	Forecast	Forecast	Forecast	Forecast	Forecast	Forecast	Forecast	Forecast		Healthy	Healthy	Healthy	Healthy	Healthy	Healthy	Healthy	Healthy	Healthy	Healthy	Healthy	Healthy	Healthy	Healthy	Healthy	Healthy	Healthy		Week 5 2026	10/8/2026	8:57:03 PM	20		21%	24%	0%	0%	0%	0%		0.0 	0	0	0	0	0	0.019030 
	Terry McLaurin	Washington Commanders	WR	WR36	11.3 	169 	0 	0.0 	0.0 	0.0 	0 	0.0 	0.0 	0.0 	56.0 	3.7 	808 	53.9 	5.4 	0.4 	0.0 	0.2 	0.0 	0.428 	1.000 	0.630 	0 	0.160 	0.000 	80 	55 	(25)	37 	25 	(12)	0.412 				-	-	Malik Davis	0.002 	RB80	Dohnte Meyers	0.126 	WR79		-	-		3.4 	7.0 	19.7 	0.0 	10.8 	12.0 	0.0 	11.4 	12.0 	11.5 	12.2 	11.7 	11.5 	11.2 	11.7 	11.3 	11.7 		WR78	WR43	WR15	-	WR36	WR24	-	WR29	WR28	WR32	WR21	WR32	WR31	WR33	WR31	WR34	WR33		WR33	11.6 	0.0 	0.0 	0.0 	0.0 	3.8 	55.6 	0.4 	33 	0.498 	1.000 	0.670 	1 	0.213 	0.000 	71 	0.461 		139 		-	-	Malik Davis	0.008 	RB79	Dohnte Meyers	0.117 	WR81		-	-		WR61	10.0 	0.0 	0.0 	0.0 	0.0 	15.3 	222.3 	1.5 	61 	0.258 	1.000 	0.390 	(0)	0.000 	0.000 	#N/A	0.214 		30.1 		-	-	Malik Davis	0 	RB73	Dohnte Meyers	25 	WR68		-	-					Washington Commanders	Philadelphia Eagles	0 	0.0 	0 	0.0 	2.0 	14 	0.0 	0.0 	0.0 	0.0 	0.0 	3.4 	WR78		Washington Commanders	Dallas Cowboys	0 	0.0 	0 	0.0 	2.0 	50 	0.0 	0.0 	0.0 	0.0 	0.0 	7.0 	WR43		Washington Commanders	Seattle Seahawks	0 	0.0 	0 	0.0 	6.0 	77 	1.0 	0.0 	0.0 	0.0 	0.0 	19.7 	WR15		Washington Commanders	Indianapolis Colts	0 	0.0 	0 	0.0 	0.0 	0 	0.0 	0.0 	0.0 	0.0 	0.0 	0.0 	-		Washington Commanders	New York Giants	0 	0.0 	0 	0.0 	3.6 	52 	0.3 	0.0 	0.0 	0.0 	0.0 	10.8 	WR36		Washington Commanders	San Francisco 49ers	0 	0.0 	0 	0.0 	4.0 	58 	0.4 	0.0 	0.0 	0.0 	0.0 	12.0 	WR24		Washington Commanders	BYE	0 	0.0 	0 	0.0 	0.0 	0 	0.0 	0.0 	0.0 	0.0 	0.0 	0.0 	-		Washington Commanders	Philadelphia Eagles	0 	0.0 	0 	0.0 	3.8 	55 	0.4 	0.0 	0.0 	0.0 	0.0 	11.4 	WR29		Washington Commanders	Los Angeles Rams	0 	0.0 	0 	0.0 	4.0 	58 	0.4 	0.0 	0.0 	0.0 	0.0 	12.0 	WR28		Washington Commanders	New York Giants	0 	0.0 	0 	0.0 	3.8 	55 	0.4 	0.0 	0.0 	0.0 	0.0 	11.5 	WR32		Washington Commanders	Cincinnati Bengals	0 	0.0 	0 	0.0 	4.0 	58 	0.4 	0.0 	0.0 	0.0 	0.0 	12.2 	WR21		Washington Commanders	Arizona Cardinals	0 	0.0 	0 	0.0 	3.8 	55 	0.4 	0.0 	0.0 	0.0 	0.0 	11.7 	WR32		Washington Commanders	Tennessee Titans	0 	0.0 	0 	0.0 	3.8 	55 	0.4 	0.0 	0.0 	0.0 	0.0 	11.5 	WR31		Washington Commanders	Houston Texans	0 	0.0 	0 	0.0 	3.7 	54 	0.3 	0.0 	0.0 	0.0 	0.0 	11.2 	WR33		Washington Commanders	Atlanta Falcons	0 	0.0 	0 	0.0 	3.9 	56 	0.4 	0.0 	0.0 	0.0 	0.0 	11.7 	WR31		Washington Commanders	Minnesota Vikings	0 	0.0 	0 	0.0 	3.8 	55 	0.3 	0.0 	0.0 	0.0 	0.0 	11.3 	WR34		Washington Commanders	Jacksonville Jaguars	0 	0.0 	0 	0.0 	3.9 	56 	0.4 	0.0 	0.0 	0.0 	0.0 	11.7 	WR33		Actual	Actual	Actual	Actual	Forecast	Forecast	Forecast	Forecast	Forecast	Forecast	Forecast	Forecast	Forecast	Forecast	Forecast	Forecast	Forecast		Healthy	Healthy	Healthy	Injured	Limited / Handicapped	Healthy	Healthy	Healthy	Healthy	Healthy	Healthy	Healthy	Healthy	Healthy	Healthy	Healthy	Healthy		Week 5 2026	10/8/2026	8:57:03 PM	20		26%	25%	0%	0%	0%	0%		0.2 	0	0	1	0	0	
	Romeo Doubs	New England Patriots	WR	WR39	11.0 	165 	0 	0.0 	0.0 	0.0 	0 	0.0 	0.0 	0.0 	50.4 	3.4 	802 	53.4 	5.8 	0.4 	0.0 	0.1 	0.0 	0.418 	1.000 	0.610 	0 	0.143 	0.000 	86 	130 	44 	39 	51 	12 	0.394 				-	-		-	-	Ryan Flournoy	0.137 	WR77		-	-		0.0 	12.6 	7.9 	23.8 	11.7 	11.4 	9.9 	9.9 	9.9 	10.0 	0.0 	9.7 	10.1 	9.7 	9.6 	9.3 	9.6 		-	WR21	WR46	WR7	WR23	WR30	WR42	WR42	WR45	WR42	-	WR48	WR42	WR45	WR49	WR51	WR49		WR47	10.1 	0.0 	0.0 	0.0 	0.0 	3.2 	49.9 	0.3 	47 	0.433 	1.000 	0.530 	0 	0.103 	0.000 	115 	0.345 		121 		-	-		-	-	Ryan Flournoy	0.129 	WR79		-	-		WR31	14.8 	0.0 	0.0 	0.0 	0.0 	12.8 	199.5 	1.3 	31 	0.380 	1.000 	0.690 	0 	0.136 	0.000 	#N/A	0.422 		44.3 		-	-		-	-	Ryan Flournoy	23 	WR70		-	-					New England Patriots	Seattle Seahawks	0 	0.0 	0 	0.0 	0.0 	0 	0.0 	0.0 	0.0 	0.0 	0.0 	0.0 	-		New England Patriots	Pittsburgh Steelers	0 	0.0 	0 	0.0 	3.0 	96 	0.0 	0.0 	0.0 	0.0 	0.0 	12.6 	WR21		New England Patriots	Jacksonville Jaguars	0 	0.0 	0 	0.0 	3.0 	49 	0.0 	0.0 	0.0 	0.0 	0.0 	7.9 	WR46		New England Patriots	Buffalo Bills	0 	0.0 	0 	0.0 	6.0 	58 	2.0 	0.0 	0.0 	0.0 	0.0 	23.8 	WR7		New England Patriots	Las Vegas Raiders	0 	0.0 	0 	0.0 	3.8 	59 	0.4 	0.0 	0.0 	0.0 	0.0 	11.7 	WR23		New England Patriots	New York Jets	0 	0.0 	0 	0.0 	3.6 	57 	0.3 	0.0 	0.0 	0.0 	0.0 	11.4 	WR30		New England Patriots	Chicago Bears	0 	0.0 	0 	0.0 	3.1 	49 	0.3 	0.0 	0.0 	0.0 	0.0 	9.9 	WR42		New England Patriots	Miami Dolphins	0 	0.0 	0 	0.0 	3.1 	48 	0.3 	0.0 	0.0 	0.0 	0.0 	9.9 	WR42		New England Patriots	Green Bay Packers	0 	0.0 	0 	0.0 	3.1 	49 	0.3 	0.0 	0.0 	0.0 	0.0 	9.9 	WR45		New England Patriots	Detroit Lions	0 	0.0 	0 	0.0 	3.2 	50 	0.3 	0.0 	0.0 	0.0 	0.0 	10.0 	WR42		New England Patriots	BYE	0 	0.0 	0 	0.0 	0.0 	0 	0.0 	0.0 	0.0 	0.0 	0.0 	0.0 	-		New England Patriots	Los Angeles Chargers	0 	0.0 	0 	0.0 	3.1 	48 	0.3 	0.0 	0.0 	0.0 	0.0 	9.7 	WR48		New England Patriots	Buffalo Bills	0 	0.0 	0 	0.0 	3.2 	50 	0.3 	0.0 	0.0 	0.0 	0.0 	10.1 	WR42		New England Patriots	Minnesota Vikings	0 	0.0 	0 	0.0 	3.1 	48 	0.3 	0.0 	0.0 	0.0 	0.0 	9.7 	WR45		New England Patriots	Kansas City Chiefs	0 	0.0 	0 	0.0 	3.1 	48 	0.3 	0.0 	0.0 	0.0 	0.0 	9.6 	WR49		New England Patriots	New York Jets	0 	0.0 	0 	0.0 	3.0 	46 	0.3 	0.0 	0.0 	0.0 	0.0 	9.3 	WR51		New England Patriots	Denver Broncos	0 	0.0 	0 	0.0 	3.1 	48 	0.3 	0.0 	0.0 	0.0 	0.0 	9.6 	WR49		Actual	Actual	Actual	Actual	Forecast	Forecast	Forecast	Forecast	Forecast	Forecast	Forecast	Forecast	Forecast	Forecast	Forecast	Forecast	Forecast		Healthy	Healthy	Healthy	Healthy	Healthy	Healthy	Healthy	Healthy	Healthy	Healthy	Healthy	Healthy	Healthy	Healthy	Healthy	Healthy	Healthy		Week 5 2026	10/8/2026	8:57:03 PM	20		21%	20%	0%	0%	0%	0%		(0.1)	0	0	0	0	0	(0.077114)
	RJ Harvey	Denver Broncos	RB	RB20	11.9 	179 	0 	0.0 	0.0 	0.0 	275 	18.3 	1.7 	0.1 	73.3 	4.9 	537 	35.8 	2.7 	0.2 	0.0 	0.6 	0.0 	0.454 	1.000 	0.743 	1 	0.206 	0.000 	56 	86 	30 	22 	32 	10 	0.485 				-	-		-	-	Kayshon Boutte	0.112 	WR82		-	-		8.1 	0.0 	10.7 	19.3 	11.9 	11.3 	12.3 	11.7 	11.8 	0.0 	12.1 	11.2 	12.3 	11.7 	11.8 	11.8 	11.2 		RB34	-	RB24	RB12	RB20	RB22	RB18	RB20	RB20	-	RB20	RB26	RB15	RB23	RB21	RB25	RB24		RB22	11.8 	0.0 	0.0 	18.8 	0.1 	4.4 	33.8 	0.2 	22 	0.506 	1.000 	0.743 	1 	0.227 	0.000 	59 	0.501 		141 		-	-		-	-	Kayshon Boutte	0.122 	WR80		-	-		RB28	12.7 	0.0 	0.0 	75.2 	0.6 	17.8 	135.1 	0.9 	28 	0.327 	1.000 	0.669 	0 	0.065 	0.000 	#N/A	0.376 		38.1 		-	-		-	-	Kayshon Boutte	21 	WR75		-	-					Denver Broncos	Kansas City Chiefs	0 	0.0 	18 	0.0 	4.0 	23 	0.0 	0.0 	0.0 	0.0 	0.0 	8.1 	RB34		Denver Broncos	Jacksonville Jaguars	0 	0.0 	0 	0.0 	0.0 	0 	0.0 	0.0 	0.0 	0.0 	0.0 	0.0 	-		Denver Broncos	Los Angeles Rams	0 	0.0 	6 	0.0 	6.0 	41 	0.0 	0.0 	0.0 	0.0 	0.0 	10.7 	RB24		Denver Broncos	San Francisco 49ers	0 	0.0 	25 	0.0 	10.0 	68 	0.0 	0.0 	0.0 	0.0 	0.0 	19.3 	RB12		Denver Broncos	Los Angeles Chargers	0 	0.0 	18 	0.1 	4.5 	34 	0.2 	0.0 	0.1 	0.0 	0.0 	11.9 	RB20		Denver Broncos	Seattle Seahawks	0 	0.0 	17 	0.1 	4.4 	34 	0.2 	0.0 	0.1 	0.0 	0.0 	11.3 	RB22		Denver Broncos	Arizona Cardinals	0 	0.0 	21 	0.2 	4.5 	34 	0.2 	0.0 	0.1 	0.0 	0.0 	12.3 	RB18		Denver Broncos	Kansas City Chiefs	0 	0.0 	18 	0.1 	4.5 	34 	0.2 	0.0 	0.1 	0.0 	0.0 	11.7 	RB20		Denver Broncos	Carolina Panthers	0 	0.0 	18 	0.1 	4.5 	34 	0.2 	0.0 	0.1 	0.0 	0.0 	11.8 	RB20		Denver Broncos	BYE	0 	0.0 	0 	0.0 	0.0 	0 	0.0 	0.0 	0.0 	0.0 	0.0 	0.0 	-		Denver Broncos	Las Vegas Raiders	0 	0.0 	21 	0.2 	4.4 	34 	0.2 	0.0 	0.1 	0.0 	0.0 	12.1 	RB20		Denver Broncos	Pittsburgh Steelers	0 	0.0 	18 	0.1 	4.3 	33 	0.2 	0.0 	0.1 	0.0 	0.0 	11.2 	RB26		Denver Broncos	Miami Dolphins	0 	0.0 	22 	0.2 	4.4 	34 	0.2 	0.0 	0.1 	0.0 	0.0 	12.3 	RB15		Denver Broncos	New York Jets	0 	0.0 	19 	0.1 	4.4 	33 	0.2 	0.0 	0.1 	0.0 	0.0 	11.7 	RB23		Denver Broncos	Las Vegas Raiders	0 	0.0 	19 	0.1 	4.4 	34 	0.2 	0.0 	0.1 	0.0 	0.0 	11.8 	RB21		Denver Broncos	Buffalo Bills	0 	0.0 	17 	0.1 	4.6 	35 	0.2 	0.0 	0.1 	0.0 	0.0 	11.8 	RB25		Denver Broncos	New England Patriots	0 	0.0 	17 	0.1 	4.4 	33 	0.2 	0.0 	0.1 	0.0 	0.0 	11.2 	RB24		Actual	Actual	Actual	Actual	Forecast	Forecast	Forecast	Forecast	Forecast	Forecast	Forecast	Forecast	Forecast	Forecast	Forecast	Forecast	Forecast		Healthy	Healthy	Injured	Healthy	Healthy	Healthy	Healthy	Healthy	Healthy	Healthy	Healthy	Healthy	Healthy	Healthy	Healthy	Healthy	Healthy		Week 5 2026	10/8/2026	8:57:03 PM	20		15%	15%	16%	15%	0%	0%		0.1 	0	1	0	0	0	
	Dalton Kincaid	Buffalo Bills	TE	TE11	10.8 	173 	0 	0.0 	0.0 	0.0 	0 	0.0 	0.0 	0.0 	57.4 	3.6 	906 	56.6 	4.6 	0.3 	0.0 	1.2 	0.0 	0.438 	0.560 	0.476 	1 	0.306 	0.000 	87 	122 	35 	11 	14 	3 	0.394 				-	-		-	-	Kendrick Bourne	0.106 	WR83		-	-		18.0 	22.5 	3.8 	1.7 	10.9 	10.8 	0.0 	10.9 	10.6 	10.3 	10.5 	10.8 	10.4 	10.5 	11.0 	10.2 	10.4 		TE5	TE3	TE25	TE34	TE8	TE10	-	TE8	TE12	TE12	TE11	TE12	TE11	TE10	TE8	TE12	TE12		TE12	10.6 	0.0 	0.0 	0.0 	0.0 	3.5 	53.0 	0.3 	12 	0.456 	0.560 	0.467 	1 	0.334 	0.000 	93 	0.406 		127 		-	-		-	-	Kendrick Bourne	0.101 	WR84		-	-		TE11	11.5 	0.0 	0.0 	0.0 	0.0 	10.6 	158.9 	0.9 	11 	0.394 	0.560 	0.476 	1 	0.407 	0.000 	#N/A	0.433 		46.0 		-	-		-	-	Kendrick Bourne	23 	WR71		-	-					Buffalo Bills	Houston Texans	0 	0.0 	0 	0.0 	5.0 	130 	0.0 	0.0 	0.0 	0.0 	0.0 	18.0 	TE5		Buffalo Bills	Detroit Lions	0 	0.0 	0 	0.0 	7.0 	95 	1.0 	0.0 	0.0 	0.0 	0.0 	22.5 	TE3		Buffalo Bills	Los Angeles Chargers	0 	0.0 	0 	0.0 	2.0 	38 	0.0 	0.0 	1.0 	0.0 	0.0 	3.8 	TE25		Buffalo Bills	New England Patriots	0 	0.0 	0 	0.0 	1.0 	7 	0.0 	0.0 	0.0 	0.0 	0.0 	1.7 	TE34		Buffalo Bills	Los Angeles Rams	0 	0.0 	0 	0.0 	3.6 	54 	0.3 	0.0 	0.0 	0.0 	0.0 	10.9 	TE8		Buffalo Bills	Las Vegas Raiders	0 	0.0 	0 	0.0 	3.6 	54 	0.3 	0.0 	0.0 	0.0 	0.0 	10.8 	TE10		Buffalo Bills	BYE	0 	0.0 	0 	0.0 	0.0 	0 	0.0 	0.0 	0.0 	0.0 	0.0 	0.0 	-		Buffalo Bills	Baltimore Ravens	0 	0.0 	0 	0.0 	3.6 	54 	0.3 	0.0 	0.0 	0.0 	0.0 	10.9 	TE8		Buffalo Bills	Minnesota Vikings	0 	0.0 	0 	0.0 	3.5 	53 	0.3 	0.0 	0.0 	0.0 	0.0 	10.6 	TE12		Buffalo Bills	New York Jets	0 	0.0 	0 	0.0 	3.4 	51 	0.3 	0.0 	0.0 	0.0 	0.0 	10.3 	TE12		Buffalo Bills	Miami Dolphins	0 	0.0 	0 	0.0 	3.5 	52 	0.3 	0.0 	0.0 	0.0 	0.0 	10.5 	TE11		Buffalo Bills	Kansas City Chiefs	0 	0.0 	0 	0.0 	3.6 	54 	0.3 	0.0 	0.0 	0.0 	0.0 	10.8 	TE12		Buffalo Bills	New England Patriots	0 	0.0 	0 	0.0 	3.5 	52 	0.3 	0.0 	0.0 	0.0 	0.0 	10.4 	TE11		Buffalo Bills	Green Bay Packers	0 	0.0 	0 	0.0 	3.5 	53 	0.3 	0.0 	0.0 	0.0 	0.0 	10.5 	TE10		Buffalo Bills	Chicago Bears	0 	0.0 	0 	0.0 	3.6 	55 	0.3 	0.0 	0.0 	0.0 	0.0 	11.0 	TE8		Buffalo Bills	Denver Broncos	0 	0.0 	0 	0.0 	3.4 	52 	0.3 	0.0 	0.0 	0.0 	0.0 	10.2 	TE12		Buffalo Bills	Miami Dolphins	0 	0.0 	0 	0.0 	3.5 	52 	0.3 	0.0 	0.0 	0.0 	0.0 	10.4 	TE12		Actual	Actual	Actual	Actual	Forecast	Forecast	Forecast	Forecast	Forecast	Forecast	Forecast	Forecast	Forecast	Forecast	Forecast	Forecast	Forecast		Healthy	Healthy	Healthy	Healthy	Healthy	Healthy	Healthy	Healthy	Healthy	Healthy	Healthy	Healthy	Healthy	Healthy	Healthy	Healthy	Healthy		Week 5 2026	10/8/2026	8:57:03 PM	20		24%	22%	0%	0%	0%	0%		(0.0)	0	0	0	0	0	(0.027260)
	Josh Downs	Indianapolis Colts	WR	WR34	11.0 	176 	0 	0.0 	0.0 	0.0 	0 	0.0 	0.0 	0.0 	70.1 	4.4 	856 	53.5 	3.4 	0.2 	0.0 	0.2 	0.0 	0.446 	1.000 	0.670 	0 	0.143 	0.000 	77 	119 	42 	33 	46 	13 	0.426 				-	-		-	-	Isaac TeSlaa	0.095 	WR85		-	-		5.7 	14.2 	12.7 	4.6 	11.1 	11.3 	11.3 	11.7 	12.2 	11.6 	11.4 	11.8 	0.0 	11.5 	11.6 	12.2 	11.3 		WR58	WR18	WR29	WR64	WR30	WR31	WR30	WR27	WR25	WR31	WR26	WR30	-	WR30	WR32	WR26	WR35		WR32	11.6 	0.0 	0.0 	0.0 	0.0 	4.4 	54.5 	0.3 	32 	0.498 	1.000 	0.680 	1 	0.213 	0.000 	69 	0.466 		139 		-	-		-	-	Isaac TeSlaa	0.087 	WR86		-	-		WR45	9.3 	0.0 	0.0 	0.0 	0.0 	13.3 	163.4 	0.9 	45 	0.319 	1.000 	0.550 	0 	0.051 	0.000 	#N/A	0.316 		37.2 		-	-		-	-	Isaac TeSlaa	28 	WR63		-	-					Indianapolis Colts	Baltimore Ravens	0 	0.0 	0 	0.0 	2.0 	37 	0.0 	0.0 	0.0 	0.0 	0.0 	5.7 	WR58		Indianapolis Colts	Kansas City Chiefs	0 	0.0 	0 	0.0 	7.0 	72 	0.0 	0.0 	0.0 	0.0 	0.0 	14.2 	WR18		Indianapolis Colts	Houston Texans	0 	0.0 	0 	0.0 	5.0 	77 	0.0 	0.0 	0.0 	0.0 	0.0 	12.7 	WR29		Indianapolis Colts	Washington Commanders	0 	0.0 	0 	0.0 	3.0 	16 	0.0 	0.0 	0.0 	0.0 	0.0 	4.6 	WR64		Indianapolis Colts	Pittsburgh Steelers	0 	0.0 	0 	0.0 	4.3 	53 	0.3 	0.0 	0.0 	0.0 	0.0 	11.1 	WR30		Indianapolis Colts	Tennessee Titans	0 	0.0 	0 	0.0 	4.3 	53 	0.3 	0.0 	0.0 	0.0 	0.0 	11.3 	WR31		Indianapolis Colts	Minnesota Vikings	0 	0.0 	0 	0.0 	4.4 	54 	0.3 	0.0 	0.0 	0.0 	0.0 	11.3 	WR30		Indianapolis Colts	Jacksonville Jaguars	0 	0.0 	0 	0.0 	4.5 	55 	0.3 	0.0 	0.0 	0.0 	0.0 	11.7 	WR27		Indianapolis Colts	Dallas Cowboys	0 	0.0 	0 	0.0 	4.6 	57 	0.3 	0.0 	0.0 	0.0 	0.0 	12.2 	WR25		Indianapolis Colts	Miami Dolphins	0 	0.0 	0 	0.0 	4.4 	54 	0.3 	0.0 	0.0 	0.0 	0.0 	11.6 	WR31		Indianapolis Colts	Houston Texans	0 	0.0 	0 	0.0 	4.4 	54 	0.3 	0.0 	0.0 	0.0 	0.0 	11.4 	WR26		Indianapolis Colts	New York Giants	0 	0.0 	0 	0.0 	4.5 	55 	0.3 	0.0 	0.0 	0.0 	0.0 	11.8 	WR30		Indianapolis Colts	BYE	0 	0.0 	0 	0.0 	0.0 	0 	0.0 	0.0 	0.0 	0.0 	0.0 	0.0 	-		Indianapolis Colts	Philadelphia Eagles	0 	0.0 	0 	0.0 	4.4 	55 	0.3 	0.0 	0.0 	0.0 	0.0 	11.5 	WR30		Indianapolis Colts	Tennessee Titans	0 	0.0 	0 	0.0 	4.4 	55 	0.3 	0.0 	0.0 	0.0 	0.0 	11.6 	WR32		Indianapolis Colts	Cincinnati Bengals	0 	0.0 	0 	0.0 	4.6 	57 	0.3 	0.0 	0.0 	0.0 	0.0 	12.2 	WR26		Indianapolis Colts	Cleveland Browns	0 	0.0 	0 	0.0 	4.3 	53 	0.3 	0.0 	0.0 	0.0 	0.0 	11.3 	WR35		Actual	Actual	Actual	Actual	Forecast	Forecast	Forecast	Forecast	Forecast	Forecast	Forecast	Forecast	Forecast	Forecast	Forecast	Forecast	Forecast		Healthy	Healthy	Healthy	Healthy	Healthy	Healthy	Healthy	Healthy	Healthy	Healthy	Healthy	Healthy	Healthy	Healthy	Healthy	Healthy	Healthy		Week 5 2026	10/8/2026	8:57:03 PM	20		24%	23%	0%	0%	0%	0%		0.2 	0	0	0	0	0	0.150202 
	Patrick Mahomes II	Kansas City Chiefs	QB	QB9	17.0 	272 	3,534 	220.9 	27.0 	1.7 	258 	16.1 	3.1 	0.2 	0.0 	0.0 	0 	0.0 	0.0 	0.0 	9.7 	0.9 	0.0 	0.689 	0.460 	0.385 	1 	0.422 	0.000 	82 	111 	29 	9 	13 	4 	0.402 				-	-		-	-	Darnell Mooney	0.099 	WR84		-	-		21.7 	29.0 	15.9 	17.0 	0.0 	16.4 	14.8 	14.7 	15.7 	16.0 	16.8 	16.1 	15.1 	15.8 	15.8 	16.2 	15.1 		QB9	QB4	QB20	QB13	-	QB10	QB22	QB22	QB20	QB12	QB10	QB16	QB22	QB20	QB18	QB15	QB20		QB16	15.7 	208.1 	1.5 	18.1 	0.2 	0.0 	0.0 	0.0 	15 	0.676 	0.460 	0.317 	1 	0.427 	0.000 	104 	0.368 		189 		-	-		-	-	Darnell Mooney	0.106 	WR83		-	-		QB6	20.9 	624.2 	4.5 	54.2 	0.5 	0.0 	0.0 	0.0 	6 	0.716 	0.460 	0.415 	1 	0.555 	0.000 	#N/A	0.481 		83.6 		-	-		-	-	Darnell Mooney	16 	WR81		-	-					Kansas City Chiefs	Denver Broncos	184 	2.0 	23 	1.0 	0.0 	0 	0.0 	1.0 	0.0 	0.0 	0.0 	21.7 	QB9		Kansas City Chiefs	Indianapolis Colts	382 	3.0 	17 	0.0 	0.0 	0 	0.0 	0.0 	0.0 	0.0 	0.0 	29.0 	QB4		Kansas City Chiefs	Miami Dolphins	246 	2.0 	1 	0.0 	0.0 	0 	0.0 	1.0 	0.0 	0.0 	0.0 	15.9 	QB20		Kansas City Chiefs	Las Vegas Raiders	225 	2.0 	0 	0.0 	0.0 	0 	0.0 	0.0 	0.0 	0.0 	0.0 	17.0 	QB13		Kansas City Chiefs	BYE	0 	0.0 	0 	0.0 	0.0 	0 	0.0 	0.0 	0.0 	0.0 	0.0 	0.0 	-		Kansas City Chiefs	Los Angeles Chargers	207 	1.6 	20 	0.2 	0.0 	0 	0.0 	0.6 	0.1 	0.0 	0.0 	16.4 	QB10		Kansas City Chiefs	Seattle Seahawks	205 	1.4 	17 	0.1 	0.0 	0 	0.0 	0.6 	0.1 	0.0 	0.0 	14.8 	QB22		Kansas City Chiefs	Denver Broncos	204 	1.4 	16 	0.1 	0.0 	0 	0.0 	0.6 	0.1 	0.0 	0.0 	14.7 	QB22		Kansas City Chiefs	New York Jets	199 	1.5 	20 	0.2 	0.0 	0 	0.0 	0.6 	0.1 	0.0 	0.0 	15.7 	QB20		Kansas City Chiefs	Atlanta Falcons	208 	1.5 	19 	0.2 	0.0 	0 	0.0 	0.6 	0.1 	0.0 	0.0 	16.0 	QB12		Kansas City Chiefs	Arizona Cardinals	206 	1.6 	21 	0.2 	0.0 	0 	0.0 	0.6 	0.1 	0.0 	0.0 	16.8 	QB10		Kansas City Chiefs	Buffalo Bills	215 	1.6 	17 	0.2 	0.0 	0 	0.0 	0.6 	0.1 	0.0 	0.0 	16.1 	QB16		Kansas City Chiefs	Los Angeles Rams	211 	1.4 	16 	0.1 	0.0 	0 	0.0 	0.6 	0.1 	0.0 	0.0 	15.1 	QB22		Kansas City Chiefs	Cincinnati Bengals	213 	1.5 	17 	0.2 	0.0 	0 	0.0 	0.6 	0.1 	0.0 	0.0 	15.8 	QB20		Kansas City Chiefs	New England Patriots	209 	1.5 	18 	0.2 	0.0 	0 	0.0 	0.6 	0.1 	0.0 	0.0 	15.8 	QB18		Kansas City Chiefs	San Francisco 49ers	212 	1.6 	18 	0.2 	0.0 	0 	0.0 	0.6 	0.1 	0.0 	0.0 	16.2 	QB15		Kansas City Chiefs	Los Angeles Chargers	208 	1.4 	17 	0.2 	0.0 	0 	0.0 	0.6 	0.1 	0.0 	0.0 	15.1 	QB20		Actual	Actual	Actual	Actual	Forecast	Forecast	Forecast	Forecast	Forecast	Forecast	Forecast	Forecast	Forecast	Forecast	Forecast	Forecast	Forecast		Healthy	Healthy	Healthy	Healthy	Healthy	Healthy	Healthy	Healthy	Healthy	Healthy	Healthy	Healthy	Healthy	Healthy	Healthy	Healthy	Healthy		Week 5 2026	10/8/2026	8:57:03 PM	20		0%	0%	13%	17%	99%	99%		(0.1)	0	0	0	0	0	(0.112591)
	Jalen Hurts	Philadelphia Eagles	QB	QB10	16.9 	270 	3,233 	202.0 	25.2 	1.6 	396 	24.8 	3.9 	0.2 	0.0 	0.0 	0 	0.0 	0.0 	0.0 	10.7 	0.9 	0.0 	0.683 	0.460 	0.374 	1 	0.407 	0.000 	88 	61 	(27)	10 	5 	(5)	0.390 				-	-		-	-	Germie Bernard	0.085 	WR86		-	-		24.7 	16.2 	12.6 	13.5 	14.8 	16.8 	18.1 	17.3 	17.5 	0.0 	17.1 	17.5 	17.6 	18.0 	16.5 	15.3 	16.4 		QB7	QB15	QB24	QB17	QB20	QB7	QB3	QB7	QB7	-	QB8	QB5	QB5	QB4	QB11	QB21	QB11		QB8	16.9 	210.0 	1.5 	24.3 	0.2 	0.0 	0.0 	0.0 	8 	0.727 	0.460 	0.395 	1 	0.547 	0.000 	68 	0.467 		203 		-	-		-	-	Germie Bernard	0.092 	WR85		-	-		QB12	16.8 	629.9 	4.6 	72.8 	0.7 	0.0 	0.0 	0.0 	12 	0.574 	0.460 	0.352 	1 	0.300 	0.000 	#N/A	0.328 		67.0 		-	-		-	-	Germie Bernard	13 	WR87		-	-					Philadelphia Eagles	Washington Commanders	203 	3.0 	46 	0.0 	0.0 	0 	0.0 	0.0 	0.0 	0.0 	0.0 	24.7 	QB7		Philadelphia Eagles	Tennessee Titans	264 	2.0 	16 	0.0 	0.0 	0 	0.0 	2.0 	0.0 	0.0 	0.0 	16.2 	QB15		Philadelphia Eagles	Chicago Bears	153 	0.0 	25 	1.0 	0.0 	0 	0.0 	1.0 	0.0 	0.0 	0.0 	12.6 	QB24		Philadelphia Eagles	Los Angeles Rams	93 	2.0 	18 	0.0 	0.0 	0 	0.0 	0.0 	0.0 	0.0 	0.0 	13.5 	QB17		Philadelphia Eagles	Jacksonville Jaguars	205 	1.2 	21 	0.2 	0.0 	0 	0.0 	0.6 	0.1 	0.0 	0.0 	14.8 	QB20		Philadelphia Eagles	Carolina Panthers	209 	1.5 	24 	0.2 	0.0 	0 	0.0 	0.6 	0.1 	0.0 	0.0 	16.8 	QB7		Philadelphia Eagles	Dallas Cowboys	219 	1.7 	25 	0.3 	0.0 	0 	0.0 	0.6 	0.1 	0.0 	0.0 	18.1 	QB3		Philadelphia Eagles	Washington Commanders	213 	1.6 	24 	0.2 	0.0 	0 	0.0 	0.6 	0.1 	0.0 	0.0 	17.3 	QB7		Philadelphia Eagles	New York Giants	211 	1.6 	26 	0.3 	0.0 	0 	0.0 	0.6 	0.1 	0.0 	0.0 	17.5 	QB7		Philadelphia Eagles	BYE	0 	0.0 	0 	0.0 	0.0 	0 	0.0 	0.0 	0.0 	0.0 	0.0 	0.0 	-		Philadelphia Eagles	Pittsburgh Steelers	208 	1.5 	25 	0.3 	0.0 	0 	0.0 	0.6 	0.1 	0.0 	0.0 	17.1 	QB8		Philadelphia Eagles	Dallas Cowboys	218 	1.6 	23 	0.2 	0.0 	0 	0.0 	0.6 	0.1 	0.0 	0.0 	17.5 	QB5		Philadelphia Eagles	Arizona Cardinals	204 	1.6 	28 	0.3 	0.0 	0 	0.0 	0.6 	0.1 	0.0 	0.0 	17.6 	QB5		Philadelphia Eagles	Indianapolis Colts	214 	1.7 	26 	0.3 	0.0 	0 	0.0 	0.6 	0.1 	0.0 	0.0 	18.0 	QB4		Philadelphia Eagles	Seattle Seahawks	208 	1.5 	24 	0.2 	0.0 	0 	0.0 	0.6 	0.1 	0.0 	0.0 	16.5 	QB11		Philadelphia Eagles	Houston Texans	199 	1.3 	23 	0.2 	0.0 	0 	0.0 	0.6 	0.1 	0.0 	0.0 	15.3 	QB21		Philadelphia Eagles	San Francisco 49ers	211 	1.5 	23 	0.2 	0.0 	0 	0.0 	0.6 	0.1 	0.0 	0.0 	16.4 	QB11		Actual	Actual	Actual	Actual	Forecast	Forecast	Forecast	Forecast	Forecast	Forecast	Forecast	Forecast	Forecast	Forecast	Forecast	Forecast	Forecast		Healthy	Healthy	Healthy	Healthy	Healthy	Healthy	Healthy	Healthy	Healthy	Healthy	Healthy	Healthy	Healthy	Healthy	Healthy	Healthy	Healthy		Week 5 2026	10/8/2026	8:57:03 PM	20		0%	0%	18%	26%	99%	99%		0.1 	0	0	0	0	0	0.139010 
	Malik Washington	Miami Dolphins	WR	WR37	10.8 	173 	0 	0.0 	0.0 	0.0 	12 	0.8 	0.0 	0.0 	67.5 	4.2 	875 	54.7 	3.3 	0.2 	0.0 	1.2 	0.0 	0.439 	1.000 	0.650 	0 	0.132 	0.000 	81 	222 	141 	35 	72 	37 	0.411 				-	-		-	-	Tory Horton	0.073 	WR88		-	-		6.3 	8.7 	11.1 	12.0 	10.9 	0.0 	10.9 	11.3 	11.6 	11.6 	11.2 	11.0 	10.9 	11.6 	11.1 	11.3 	11.8 		WR55	WR35	WR37	WR32	WR34	-	WR34	WR31	WR32	WR30	WR27	WR38	WR35	WR29	WR37	WR33	WR30		WR35	11.3 	0.0 	0.0 	0.0 	0.0 	4.2 	54.7 	0.3 	35 	0.485 	1.000 	0.650 	1 	0.192 	0.000 	80 	0.442 		135 		-	-		-	-	Tory Horton	0.069 	WR89		-	-		WR41	9.5 	0.0 	0.0 	0.0 	0.0 	12.6 	164.0 	0.8 	41 	0.327 	1.000 	0.590 	0 	0.062 	0.000 	#N/A	0.339 		38.1 		-	-		-	-	Tory Horton	15 	WR85		-	-					Miami Dolphins	Las Vegas Raiders	0 	0.0 	0 	0.0 	3.0 	53 	0.0 	0.0 	1.0 	0.0 	0.0 	6.3 	WR55		Miami Dolphins	San Francisco 49ers	0 	0.0 	4 	0.0 	4.0 	43 	0.0 	0.0 	0.0 	0.0 	0.0 	8.7 	WR35		Miami Dolphins	Kansas City Chiefs	0 	0.0 	5 	0.0 	5.0 	56 	0.0 	0.0 	0.0 	0.0 	0.0 	11.1 	WR37		Miami Dolphins	Minnesota Vikings	0 	0.0 	3 	0.0 	5.0 	67 	0.0 	0.0 	0.0 	0.0 	0.0 	12.0 	WR32		Miami Dolphins	Cincinnati Bengals	0 	0.0 	0 	0.0 	4.1 	53 	0.3 	0.0 	0.0 	0.0 	0.0 	10.9 	WR34		Miami Dolphins	BYE	0 	0.0 	0 	0.0 	0.0 	0 	0.0 	0.0 	0.0 	0.0 	0.0 	0.0 	-		Miami Dolphins	New York Jets	0 	0.0 	0 	0.0 	4.1 	53 	0.3 	0.0 	0.0 	0.0 	0.0 	10.9 	WR34		Miami Dolphins	New England Patriots	0 	0.0 	0 	0.0 	4.2 	55 	0.3 	0.0 	0.0 	0.0 	0.0 	11.3 	WR31		Miami Dolphins	Detroit Lions	0 	0.0 	0 	0.0 	4.3 	56 	0.3 	0.0 	0.0 	0.0 	0.0 	11.6 	WR32		Miami Dolphins	Indianapolis Colts	0 	0.0 	0 	0.0 	4.3 	56 	0.3 	0.0 	0.0 	0.0 	0.0 	11.6 	WR30		Miami Dolphins	Buffalo Bills	0 	0.0 	0 	0.0 	4.2 	55 	0.3 	0.0 	0.0 	0.0 	0.0 	11.2 	WR27		Miami Dolphins	New York Jets	0 	0.0 	0 	0.0 	4.1 	53 	0.3 	0.0 	0.0 	0.0 	0.0 	11.0 	WR38		Miami Dolphins	Denver Broncos	0 	0.0 	0 	0.0 	4.1 	53 	0.2 	0.0 	0.0 	0.0 	0.0 	10.9 	WR35		Miami Dolphins	Chicago Bears	0 	0.0 	0 	0.0 	4.3 	56 	0.3 	0.0 	0.0 	0.0 	0.0 	11.6 	WR29		Miami Dolphins	Green Bay Packers	0 	0.0 	0 	0.0 	4.2 	54 	0.3 	0.0 	0.0 	0.0 	0.0 	11.1 	WR37		Miami Dolphins	Los Angeles Chargers	0 	0.0 	0 	0.0 	4.2 	55 	0.3 	0.0 	0.0 	0.0 	0.0 	11.3 	WR33		Miami Dolphins	Buffalo Bills	0 	0.0 	0 	0.0 	4.4 	57 	0.3 	0.0 	0.0 	0.0 	0.0 	11.8 	WR30		Actual	Actual	Actual	Actual	Forecast	Forecast	Forecast	Forecast	Forecast	Forecast	Forecast	Forecast	Forecast	Forecast	Forecast	Forecast	Forecast		Healthy	Healthy	Healthy	Healthy	Healthy	Healthy	Healthy	Healthy	Healthy	Healthy	Healthy	Healthy	Healthy	Healthy	Healthy	Healthy	Healthy		Week 5 2026	10/8/2026	8:57:03 PM	20		25%	22%	0%	0%	0%	0%		0.1 	0	0	0	0	0	0.102613 
	Jameson Williams	Detroit Lions	WR	WR40	10.5 	169 	0 	0.0 	0.0 	0.0 	13 	0.8 	0.1 	0.0 	58.8 	3.7 	866 	54.2 	3.6 	0.2 	0.0 	0.1 	0.0 	0.427 	1.000 	0.620 	0 	0.112 	0.000 	91 	57 	(34)	38 	26 	(12)	0.388 				-	-		-	-	Jahan Dotson	0.081 	WR87		-	-		8.5 	5.3 	8.9 	16.2 	11.4 	0.0 	11.0 	10.6 	10.6 	10.6 	10.8 	11.2 	10.9 	10.7 	10.4 	10.8 	10.6 		WR43	WR61	WR42	WR17	WR27	-	WR33	WR37	WR39	WR37	WR32	WR35	WR36	WR39	WR43	WR40	WR42		WR40	10.8 	0.0 	0.0 	1.1 	0.0 	3.6 	53.1 	0.3 	40 	0.465 	1.000 	0.600 	0 	0.157 	0.000 	94 	0.403 		130 		-	-		-	-	Jahan Dotson	0.078 	WR87		-	-		WR40	9.7 	0.0 	0.0 	3.3 	0.0 	10.7 	159.4 	0.9 	40 	0.333 	1.000 	0.600 	0 	0.071 	0.000 	#N/A	0.349 		38.9 		-	-		-	-	Jahan Dotson	22 	WR73		-	-					Detroit Lions	New Orleans Saints	0 	0.0 	0 	0.0 	4.0 	45 	0.0 	0.0 	0.0 	0.0 	0.0 	8.5 	WR43		Detroit Lions	Buffalo Bills	0 	0.0 	0 	0.0 	2.0 	33 	0.0 	0.0 	0.0 	0.0 	0.0 	5.3 	WR61		Detroit Lions	New York Jets	0 	0.0 	0 	0.0 	4.0 	49 	0.0 	0.0 	0.0 	0.0 	0.0 	8.9 	WR42		Detroit Lions	Carolina Panthers	0 	0.0 	0 	0.0 	6.0 	102 	0.0 	0.0 	0.0 	0.0 	0.0 	16.2 	WR17		Detroit Lions	Arizona Cardinals	0 	0.0 	1 	0.0 	3.7 	55 	0.3 	0.0 	0.0 	0.0 	0.0 	11.4 	WR27		Detroit Lions	BYE	0 	0.0 	0 	0.0 	0.0 	0 	0.0 	0.0 	0.0 	0.0 	0.0 	0.0 	-		Detroit Lions	Green Bay Packers	0 	0.0 	1 	0.0 	3.6 	54 	0.3 	0.0 	0.0 	0.0 	0.0 	11.0 	WR33		Detroit Lions	Minnesota Vikings	0 	0.0 	1 	0.0 	3.5 	52 	0.3 	0.0 	0.0 	0.0 	0.0 	10.6 	WR37		Detroit Lions	Miami Dolphins	0 	0.0 	1 	0.0 	3.5 	52 	0.3 	0.0 	0.0 	0.0 	0.0 	10.6 	WR39		Detroit Lions	New England Patriots	0 	0.0 	1 	0.0 	3.5 	53 	0.3 	0.0 	0.0 	0.0 	0.0 	10.6 	WR37		Detroit Lions	Tampa Bay Buccaneers	0 	0.0 	1 	0.0 	3.6 	53 	0.3 	0.0 	0.0 	0.0 	0.0 	10.8 	WR32		Detroit Lions	Chicago Bears	0 	0.0 	1 	0.0 	3.7 	55 	0.3 	0.0 	0.0 	0.0 	0.0 	11.2 	WR35		Detroit Lions	Atlanta Falcons	0 	0.0 	1 	0.0 	3.6 	53 	0.3 	0.0 	0.0 	0.0 	0.0 	10.9 	WR36		Detroit Lions	Tennessee Titans	0 	0.0 	1 	0.0 	3.5 	52 	0.3 	0.0 	0.0 	0.0 	0.0 	10.7 	WR39		Detroit Lions	Minnesota Vikings	0 	0.0 	1 	0.0 	3.5 	52 	0.3 	0.0 	0.0 	0.0 	0.0 	10.4 	WR43		Detroit Lions	New York Giants	0 	0.0 	1 	0.0 	3.6 	53 	0.3 	0.0 	0.0 	0.0 	0.0 	10.8 	WR40		Detroit Lions	Chicago Bears	0 	0.0 	1 	0.0 	3.5 	53 	0.3 	0.0 	0.0 	0.0 	0.0 	10.6 	WR42		Actual	Actual	Actual	Actual	Forecast	Forecast	Forecast	Forecast	Forecast	Forecast	Forecast	Forecast	Forecast	Forecast	Forecast	Forecast	Forecast		Healthy	Healthy	Healthy	Healthy	Healthy	Healthy	Healthy	Healthy	Healthy	Healthy	Healthy	Healthy	Healthy	Healthy	Healthy	Healthy	Healthy		Week 5 2026	10/8/2026	8:57:03 PM	20		21%	16%	1%	1%	0%	0%		0.1 	0	0	0	0	0	0.054053 
	Tucker Kraft	Green Bay Packers	TE	TE13	10.6 	170 	0 	0.0 	0.0 	0.0 	3 	0.2 	0.0 	0.0 	63.5 	4.0 	740 	46.3 	5.3 	0.3 	0.0 	0.1 	0.0 	0.429 	0.560 	0.467 	1 	0.284 	0.000 	93 	69 	(24)	12 	6 	(6)	0.379 				-	-		-	-	Calvin Ridley	0.061 	WR90		-	-		9.5 	3.5 	6.6 	16.5 	10.7 	11.3 	11.3 	11.1 	11.0 	11.1 	0.0 	11.1 	11.1 	11.5 	11.3 	11.1 	10.8 		TE17	TE26	TE20	TE5	TE9	TE7	TE9	TE6	TE9	TE8	-	TE10	TE6	TE6	TE7	TE8	TE9		TE8	11.1 	0.0 	0.0 	0.0 	0.0 	4.0 	49.3 	0.4 	8 	0.478 	0.560 	0.501 	1 	0.390 	0.000 	77 	0.448 		133 		-	-		-	-	Calvin Ridley	0.064 	WR90		-	-		TE21	9.0 	0.0 	0.0 	0.0 	0.0 	12.1 	148.0 	1.1 	21 	0.309 	0.560 	0.385 	0 	0.155 	0.000 	#N/A	0.270 		36.1 		-	-		-	-	Calvin Ridley	8 	WR92		-	-					Green Bay Packers	Minnesota Vikings	0 	0.0 	0 	0.0 	3.0 	65 	0.0 	0.0 	0.0 	0.0 	0.0 	9.5 	TE17		Green Bay Packers	New York Jets	0 	0.0 	0 	0.0 	2.0 	15 	0.0 	0.0 	0.0 	0.0 	0.0 	3.5 	TE26		Green Bay Packers	Atlanta Falcons	0 	0.0 	0 	0.0 	4.0 	26 	0.0 	0.0 	0.0 	0.0 	0.0 	6.6 	TE20		Green Bay Packers	Tampa Bay Buccaneers	0 	0.0 	3 	0.0 	6.0 	42 	1.0 	0.0 	0.0 	0.0 	0.0 	16.5 	TE5		Green Bay Packers	Chicago Bears	0 	0.0 	0 	0.0 	3.9 	48 	0.3 	0.0 	0.0 	0.0 	0.0 	10.7 	TE9		Green Bay Packers	Dallas Cowboys	0 	0.0 	0 	0.0 	4.1 	50 	0.4 	0.0 	0.0 	0.0 	0.0 	11.3 	TE7		Green Bay Packers	Detroit Lions	0 	0.0 	0 	0.0 	4.1 	50 	0.4 	0.0 	0.0 	0.0 	0.0 	11.3 	TE9		Green Bay Packers	Carolina Panthers	0 	0.0 	0 	0.0 	4.0 	49 	0.4 	0.0 	0.0 	0.0 	0.0 	11.1 	TE6		Green Bay Packers	New England Patriots	0 	0.0 	0 	0.0 	4.0 	49 	0.3 	0.0 	0.0 	0.0 	0.0 	11.0 	TE9		Green Bay Packers	Minnesota Vikings	0 	0.0 	0 	0.0 	4.0 	49 	0.4 	0.0 	0.0 	0.0 	0.0 	11.1 	TE8		Green Bay Packers	BYE	0 	0.0 	0 	0.0 	0.0 	0 	0.0 	0.0 	0.0 	0.0 	0.0 	0.0 	-		Green Bay Packers	Los Angeles Rams	0 	0.0 	0 	0.0 	4.1 	50 	0.3 	0.0 	0.0 	0.0 	0.0 	11.1 	TE10		Green Bay Packers	New Orleans Saints	0 	0.0 	0 	0.0 	4.0 	49 	0.4 	0.0 	0.0 	0.0 	0.0 	11.1 	TE6		Green Bay Packers	Buffalo Bills	0 	0.0 	0 	0.0 	4.1 	51 	0.4 	0.0 	0.0 	0.0 	0.0 	11.5 	TE6		Green Bay Packers	Miami Dolphins	0 	0.0 	0 	0.0 	4.0 	49 	0.4 	0.0 	0.0 	0.0 	0.0 	11.3 	TE7		Green Bay Packers	Chicago Bears	0 	0.0 	0 	0.0 	4.1 	50 	0.4 	0.0 	0.0 	0.0 	0.0 	11.1 	TE8		Green Bay Packers	Houston Texans	0 	0.0 	0 	0.0 	3.9 	48 	0.3 	0.0 	0.0 	0.0 	0.0 	10.8 	TE9		Actual	Actual	Actual	Actual	Forecast	Forecast	Forecast	Forecast	Forecast	Forecast	Forecast	Forecast	Forecast	Forecast	Forecast	Forecast	Forecast		Healthy	Healthy	Healthy	Healthy	Healthy	Healthy	Healthy	Healthy	Healthy	Healthy	Healthy	Healthy	Healthy	Healthy	Healthy	Healthy	Healthy		Week 5 2026	10/8/2026	8:57:03 PM	20		20%	22%	0%	0%	0%	0%		0.2 	0	0	0	0	0	0.177459 
	Josh Jacobs	Green Bay Packers	RB	RB31	12.8 	103 	0 	0.0 	0.0 	0.0 	436 	54.5 	4.0 	0.5 	19.2 	2.4 	150 	18.7 	0.6 	0.1 	0.0 	1.4 	0.0 	0.260 	1.000 	0.494 	1 	0.261 	0.000 	95 	76 	(19)	42 	29 	(13)	0.366 				-	-		-	-	Troy Franklin	0.066 	WR89		-	-		0.0 	0.0 	0.0 	0.0 	0.0 	0.0 	0.0 	0.0 	12.0 	13.3 	0.0 	11.6 	13.3 	13.2 	14.9 	12.1 	12.3 		-	-	-	-	-	-	-	-	RB19	RB15	-	RB23	RB14	RB17	RB13	RB22	RB19		RB26	12.8 	0.0 	0.0 	54.5 	0.5 	2.4 	18.7 	0.1 	33 	0.368 	1.000 	0.607 	1 	0.299 	0.000 	76 	0.448 		103 		-	-		-	-	Troy Franklin	0.073 	WR88		-	-		-	0.0 	0.0 	0.0 	0.0 	0.0 	0.0 	0.0 	0.0 	#N/A	0.000 	1.000 	#N/A	(1)	0.000 	0.000 	#N/A	#N/A		0.0 		-	-		-	-	Troy Franklin	7 	WR93		-	-					Green Bay Packers	Minnesota Vikings	0 	0.0 	0 	0.0 	0.0 	0 	0.0 	0.0 	0.0 	0.0 	0.0 	0.0 	-		Green Bay Packers	New York Jets	0 	0.0 	0 	0.0 	0.0 	0 	0.0 	0.0 	0.0 	0.0 	0.0 	0.0 	-		Green Bay Packers	Atlanta Falcons	0 	0.0 	0 	0.0 	0.0 	0 	0.0 	0.0 	0.0 	0.0 	0.0 	0.0 	-		Green Bay Packers	Tampa Bay Buccaneers	0 	0.0 	0 	0.0 	0.0 	0 	0.0 	0.0 	0.0 	0.0 	0.0 	0.0 	-		Green Bay Packers	Chicago Bears	0 	0.0 	0 	0.0 	0.0 	0 	0.0 	0.0 	0.0 	0.0 	0.0 	0.0 	-		Green Bay Packers	Dallas Cowboys	0 	0.0 	0 	0.0 	0.0 	0 	0.0 	0.0 	0.0 	0.0 	0.0 	0.0 	-		Green Bay Packers	Detroit Lions	0 	0.0 	0 	0.0 	0.0 	0 	0.0 	0.0 	0.0 	0.0 	0.0 	0.0 	-		Green Bay Packers	Carolina Panthers	0 	0.0 	0 	0.0 	0.0 	0 	0.0 	0.0 	0.0 	0.0 	0.0 	0.0 	-		Green Bay Packers	New England Patriots	0 	0.0 	50 	0.4 	2.4 	19 	0.1 	0.0 	0.2 	0.0 	0.0 	12.0 	RB19		Green Bay Packers	Minnesota Vikings	0 	0.0 	58 	0.5 	2.4 	19 	0.1 	0.0 	0.2 	0.0 	0.0 	13.3 	RB15		Green Bay Packers	BYE	0 	0.0 	0 	0.0 	0.0 	0 	0.0 	0.0 	0.0 	0.0 	0.0 	0.0 	-		Green Bay Packers	Los Angeles Rams	0 	0.0 	47 	0.4 	2.4 	19 	0.1 	0.0 	0.2 	0.0 	0.0 	11.6 	RB23		Green Bay Packers	New Orleans Saints	0 	0.0 	58 	0.5 	2.4 	19 	0.1 	0.0 	0.2 	0.0 	0.0 	13.3 	RB14		Green Bay Packers	Buffalo Bills	0 	0.0 	55 	0.5 	2.5 	19 	0.1 	0.0 	0.2 	0.0 	0.0 	13.2 	RB17		Green Bay Packers	Miami Dolphins	0 	0.0 	66 	0.6 	2.4 	19 	0.1 	0.0 	0.2 	0.0 	0.0 	14.9 	RB13		Green Bay Packers	Chicago Bears	0 	0.0 	50 	0.4 	2.4 	19 	0.1 	0.0 	0.2 	0.0 	0.0 	12.1 	RB22		Green Bay Packers	Houston Texans	0 	0.0 	53 	0.5 	2.3 	18 	0.1 	0.0 	0.2 	0.0 	0.0 	12.3 	RB19		Actual	Actual	Actual	Actual	Forecast	Forecast	Forecast	Forecast	Forecast	Forecast	Forecast	Forecast	Forecast	Forecast	Forecast	Forecast	Forecast		Injured	Injured	Injured	Injured	Injured	Injured	Injured	Injured	Limited / Handicapped	Limited / Handicapped	Limited / Handicapped	Limited / Handicapped	Limited / Handicapped	Limited / Handicapped	Limited / Handicapped	Limited / Handicapped	Limited / Handicapped		Week 5 2026	10/8/2026	8:57:03 PM	20		8%	5%	55%	57%	0%	0%		0.4 	1	1	1	1	1	
	Wan'Dale Robinson	Tennessee Titans	WR	WR38	10.7 	171 	0 	0.0 	0.0 	0.0 	1 	0.1 	0.0 	0.0 	71.5 	4.5 	639 	39.9 	5.9 	0.4 	0.0 	0.1 	0.0 	0.432 	1.000 	0.640 	0 	0.121 	0.000 	83 	101 	18 	36 	41 	5 	0.401 				-	-		-	-	Jerry Jeudy	0.057 	WR91		-	-		8.8 	1.9 	18.7 	11.0 	9.9 	10.7 	10.6 	11.3 	0.0 	10.8 	11.2 	11.0 	11.1 	11.2 	11.2 	10.6 	10.6 		WR41	WR79	WR17	WR37	WR42	WR36	WR36	WR30	-	WR35	WR28	WR40	WR34	WR32	WR35	WR41	WR45		WR39	10.9 	0.0 	0.0 	0.0 	0.0 	4.6 	43.0 	0.3 	39 	0.467 	1.000 	0.610 	0 	0.161 	0.000 	90 	0.409 		130 		-	-		-	-	Jerry Jeudy	0.057 	WR91		-	-		WR38	10.1 	0.0 	0.0 	0.0 	0.0 	13.9 	128.9 	1.0 	38 	0.346 	1.000 	0.620 	0 	0.089 	0.000 	#N/A	0.367 		40.4 		-	-		-	-	Jerry Jeudy	11 	WR89		-	-					Tennessee Titans	New York Jets	0 	0.0 	0 	0.0 	5.0 	38 	0.0 	0.0 	0.0 	0.0 	0.0 	8.8 	WR41		Tennessee Titans	Philadelphia Eagles	0 	0.0 	0 	0.0 	1.0 	9 	0.0 	0.0 	0.0 	0.0 	0.0 	1.9 	WR79		Tennessee Titans	New York Giants	0 	0.0 	0 	0.0 	7.0 	57 	1.0 	0.0 	0.0 	0.0 	0.0 	18.7 	WR17		Tennessee Titans	Baltimore Ravens	0 	0.0 	1 	0.0 	3.0 	19 	1.0 	0.0 	0.0 	0.0 	0.0 	11.0 	WR37		Tennessee Titans	Houston Texans	0 	0.0 	0 	0.0 	4.4 	41 	0.2 	0.0 	0.0 	0.0 	0.0 	9.9 	WR42		Tennessee Titans	Indianapolis Colts	0 	0.0 	0 	0.0 	4.6 	43 	0.3 	0.0 	0.0 	0.0 	0.0 	10.7 	WR36		Tennessee Titans	Cleveland Browns	0 	0.0 	0 	0.0 	4.5 	42 	0.3 	0.0 	0.0 	0.0 	0.0 	10.6 	WR36		Tennessee Titans	Cincinnati Bengals	0 	0.0 	0 	0.0 	4.8 	45 	0.4 	0.0 	0.0 	0.0 	0.0 	11.3 	WR30		Tennessee Titans	BYE	0 	0.0 	0 	0.0 	0.0 	0 	0.0 	0.0 	0.0 	0.0 	0.0 	0.0 	-		Tennessee Titans	Jacksonville Jaguars	0 	0.0 	0 	0.0 	4.6 	43 	0.3 	0.0 	0.0 	0.0 	0.0 	10.8 	WR35		Tennessee Titans	Dallas Cowboys	0 	0.0 	0 	0.0 	4.8 	44 	0.3 	0.0 	0.0 	0.0 	0.0 	11.2 	WR28		Tennessee Titans	Jacksonville Jaguars	0 	0.0 	0 	0.0 	4.7 	43 	0.3 	0.0 	0.0 	0.0 	0.0 	11.0 	WR40		Tennessee Titans	Washington Commanders	0 	0.0 	0 	0.0 	4.7 	43 	0.3 	0.0 	0.0 	0.0 	0.0 	11.1 	WR34		Tennessee Titans	Detroit Lions	0 	0.0 	0 	0.0 	4.8 	44 	0.3 	0.0 	0.0 	0.0 	0.0 	11.2 	WR32		Tennessee Titans	Indianapolis Colts	0 	0.0 	0 	0.0 	4.7 	44 	0.4 	0.0 	0.0 	0.0 	0.0 	11.2 	WR35		Tennessee Titans	Las Vegas Raiders	0 	0.0 	0 	0.0 	4.5 	42 	0.3 	0.0 	0.0 	0.0 	0.0 	10.6 	WR41		Tennessee Titans	Pittsburgh Steelers	0 	0.0 	0 	0.0 	4.5 	42 	0.3 	0.0 	0.0 	0.0 	0.0 	10.6 	WR45		Actual	Actual	Actual	Actual	Forecast	Forecast	Forecast	Forecast	Forecast	Forecast	Forecast	Forecast	Forecast	Forecast	Forecast	Forecast	Forecast		Healthy	Healthy	Healthy	Healthy	Healthy	Healthy	Healthy	Healthy	Healthy	Healthy	Healthy	Healthy	Healthy	Healthy	Healthy	Healthy	Healthy		Week 5 2026	10/8/2026	8:57:03 PM	20		19%	23%	0%	0%	0%	0%		0.0 	0	0	0	0	0	0.042273 
	Ollie Gordon II	Miami Dolphins	RB	RB29	10.3 	154 	0 	0.0 	0.0 	0.0 	708 	47.2 	6.4 	0.4 	29.8 	2.0 	145 	9.7 	0.7 	0.0 	0.0 	1.7 	0.0 	0.391 	1.000 	0.644 	0 	0.103 	0.000 	89 	420 	331 	30 	104 	74 	0.390 									Demarcus Robinson	0.050 	WR92		-	-		0.0 	0.7 	14.5 	18.0 	9.7 	0.0 	10.6 	10.1 	10.4 	10.4 	9.5 	11.3 	9.1 	10.4 	9.4 	10.1 	10.1 		-	RB65	RB13	RB16	RB27	-	RB27	RB24	RB28	RB23	RB27	RB25	RB29	RB27	RB33	RB29	RB30		RB31	10.1 	0.0 	0.0 	46.6 	0.4 	2.1 	10.9 	0.1 	30 	0.434 	1.000 	0.644 	0 	0.115 	0.000 	95 	0.401 		121 		-	-		-	-	Demarcus Robinson	0.014 	WR99		-	-		RB31	11.1 	0.0 	0.0 	186.5 	1.5 	8.3 	43.7 	0.2 	31 	0.285 	1.000 	0.632 	0 	0.006 	0.000 	#N/A	0.330 		33.2 		-	-		-	-	Demarcus Robinson	19 	WR77		-	-					Miami Dolphins	Las Vegas Raiders	0 	0.0 	0 	0.0 	0.0 	0 	0.0 	0.0 	0.0 	0.0 	0.0 	0.0 	-		Miami Dolphins	San Francisco 49ers	0 	0.0 	7 	0.0 	0.0 	0 	0.0 	0.0 	0.0 	0.0 	0.0 	0.7 	RB65		Miami Dolphins	Kansas City Chiefs	0 	0.0 	41 	1.0 	3.0 	14 	0.0 	0.0 	0.0 	0.0 	0.0 	14.5 	RB13		Miami Dolphins	Minnesota Vikings	0 	0.0 	100 	1.0 	2.0 	0 	0.0 	0.0 	0.0 	0.0 	0.0 	18.0 	RB16		Miami Dolphins	Cincinnati Bengals	0 	0.0 	45 	0.3 	2.0 	11 	0.1 	0.0 	0.1 	0.0 	0.0 	9.7 	RB27		Miami Dolphins	BYE	0 	0.0 	0 	0.0 	0.0 	0 	0.0 	0.0 	0.0 	0.0 	0.0 	0.0 	-		Miami Dolphins	New York Jets	0 	0.0 	51 	0.4 	2.0 	11 	0.1 	0.0 	0.1 	0.0 	0.0 	10.6 	RB27		Miami Dolphins	New England Patriots	0 	0.0 	46 	0.4 	2.1 	11 	0.1 	0.0 	0.1 	0.0 	0.0 	10.1 	RB24		Miami Dolphins	Detroit Lions	0 	0.0 	47 	0.4 	2.1 	11 	0.1 	0.0 	0.1 	0.0 	0.0 	10.4 	RB28		Miami Dolphins	Indianapolis Colts	0 	0.0 	47 	0.4 	2.1 	11 	0.1 	0.0 	0.1 	0.0 	0.0 	10.4 	RB23		Miami Dolphins	Buffalo Bills	0 	0.0 	43 	0.3 	2.1 	11 	0.1 	0.0 	0.1 	0.0 	0.0 	9.5 	RB27		Miami Dolphins	New York Jets	0 	0.0 	55 	0.4 	2.0 	11 	0.1 	0.0 	0.1 	0.0 	0.0 	11.3 	RB25		Miami Dolphins	Denver Broncos	0 	0.0 	42 	0.3 	2.0 	11 	0.1 	0.0 	0.1 	0.0 	0.0 	9.1 	RB29		Miami Dolphins	Chicago Bears	0 	0.0 	47 	0.4 	2.1 	11 	0.1 	0.0 	0.1 	0.0 	0.0 	10.4 	RB27		Miami Dolphins	Green Bay Packers	0 	0.0 	43 	0.3 	2.1 	11 	0.1 	0.0 	0.1 	0.0 	0.0 	9.4 	RB33		Miami Dolphins	Los Angeles Chargers	0 	0.0 	46 	0.4 	2.1 	11 	0.1 	0.0 	0.1 	0.0 	0.0 	10.1 	RB29		Miami Dolphins	Buffalo Bills	0 	0.0 	45 	0.4 	2.1 	11 	0.1 	0.0 	0.1 	0.0 	0.0 	10.1 	RB30		Actual	Actual	Actual	Actual	Forecast	Forecast	Forecast	Forecast	Forecast	Forecast	Forecast	Forecast	Forecast	Forecast	Forecast	Forecast	Forecast		Healthy	Healthy	Healthy	Healthy	Healthy	Healthy	Healthy	Healthy	Healthy	Healthy	Healthy	Healthy	Healthy	Healthy	Healthy	Healthy	Healthy		Week 5 2026	10/8/2026	8:57:03 PM	20		5%	5%	45%	46%	0%	0%		0.1 	0	0	0	0	0	0.071743 
	J.K. Dobbins	Denver Broncos	RB	RB34	8.9 	143 	0 	0.0 	0.0 	0.0 	852 	53.3 	5.8 	0.4 	18.9 	1.2 	70 	4.4 	0.2 	0.0 	0.0 	1.9 	0.0 	0.362 	1.000 	0.632 	0 	0.018 	0.000 	105 	88 	(17)	31 	33 	2 	0.346 				-	-		-	-	Jalen Nailor	0.046 	WR93		-	-		3.6 	3.6 	6.3 	7.2 	10.0 	9.1 	11.3 	9.9 	10.0 	0.0 	11.1 	9.4 	11.9 	10.3 	10.4 	9.6 	9.0 		RB51	RB49	RB37	RB36	RB25	RB26	RB23	RB26	RB30	-	RB22	RB34	RB19	RB28	RB29	RB32	RB33		RB29	10.2 	0.0 	0.0 	57.6 	0.5 	1.3 	4.5 	0.0 	28 	0.438 	1.000 	0.669 	0 	0.121 	0.000 	88 	0.415 		122 		-	-		-	-	Jalen Nailor	0.042 	WR94		-	-		RB46	5.2 	0.0 	0.0 	172.8 	1.4 	4.0 	13.5 	0.0 	46 	0.177 	1.000 	0.443 	(0)	0.000 	0.000 	#N/A	0.226 		20.7 		-	-		-	-	Jalen Nailor	10 	WR90		-	-					Denver Broncos	Kansas City Chiefs	0 	0.0 	36 	0.0 	0.0 	0 	0.0 	0.0 	0.0 	0.0 	0.0 	3.6 	RB51		Denver Broncos	Jacksonville Jaguars	0 	0.0 	36 	0.0 	0.0 	0 	0.0 	0.0 	0.0 	0.0 	0.0 	3.6 	RB49		Denver Broncos	Los Angeles Rams	0 	0.0 	49 	0.0 	1.0 	4 	0.0 	0.0 	0.0 	0.0 	0.0 	6.3 	RB37		Denver Broncos	San Francisco 49ers	0 	0.0 	40 	0.0 	2.0 	12 	0.0 	0.0 	0.0 	0.0 	0.0 	7.2 	RB36		Denver Broncos	Los Angeles Chargers	0 	0.0 	56 	0.5 	1.3 	5 	0.0 	0.0 	0.2 	0.0 	0.0 	10.0 	RB25		Denver Broncos	Seattle Seahawks	0 	0.0 	52 	0.4 	1.3 	4 	0.0 	0.0 	0.2 	0.0 	0.0 	9.1 	RB26		Denver Broncos	Arizona Cardinals	0 	0.0 	64 	0.6 	1.3 	5 	0.0 	0.0 	0.2 	0.0 	0.0 	11.3 	RB23		Denver Broncos	Kansas City Chiefs	0 	0.0 	56 	0.5 	1.3 	5 	0.0 	0.0 	0.2 	0.0 	0.0 	9.9 	RB26		Denver Broncos	Carolina Panthers	0 	0.0 	56 	0.5 	1.3 	5 	0.0 	0.0 	0.2 	0.0 	0.0 	10.0 	RB30		Denver Broncos	BYE	0 	0.0 	0 	0.0 	0.0 	0 	0.0 	0.0 	0.0 	0.0 	0.0 	0.0 	-		Denver Broncos	Las Vegas Raiders	0 	0.0 	63 	0.5 	1.3 	4 	0.0 	0.0 	0.2 	0.0 	0.0 	11.1 	RB22		Denver Broncos	Pittsburgh Steelers	0 	0.0 	54 	0.4 	1.3 	4 	0.0 	0.0 	0.2 	0.0 	0.0 	9.4 	RB34		Denver Broncos	Miami Dolphins	0 	0.0 	67 	0.6 	1.3 	4 	0.0 	0.0 	0.2 	0.0 	0.0 	11.9 	RB19		Denver Broncos	New York Jets	0 	0.0 	59 	0.5 	1.3 	4 	0.0 	0.0 	0.2 	0.0 	0.0 	10.3 	RB28		Denver Broncos	Las Vegas Raiders	0 	0.0 	59 	0.5 	1.3 	4 	0.0 	0.0 	0.2 	0.0 	0.0 	10.4 	RB29		Denver Broncos	Buffalo Bills	0 	0.0 	53 	0.4 	1.4 	5 	0.0 	0.0 	0.2 	0.0 	0.0 	9.6 	RB32		Denver Broncos	New England Patriots	0 	0.0 	51 	0.4 	1.3 	4 	0.0 	0.0 	0.2 	0.0 	0.0 	9.0 	RB33		Actual	Actual	Actual	Actual	Forecast	Forecast	Forecast	Forecast	Forecast	Forecast	Forecast	Forecast	Forecast	Forecast	Forecast	Forecast	Forecast		Healthy	Healthy	Healthy	Healthy	Healthy	Healthy	Healthy	Healthy	Healthy	Healthy	Healthy	Healthy	Healthy	Healthy	Healthy	Healthy	Healthy		Week 5 2026	10/8/2026	8:57:03 PM	20		2%	1%	49%	52%	0%	0%		0.2 	0	0	0	0	0	0.189289 
	Jakobi Meyers	Jacksonville Jaguars	WR	WR42	10.3 	164 	0 	0.0 	0.0 	0.0 	2 	0.1 	0.0 	0.0 	57.0 	3.6 	715 	44.7 	5.9 	0.4 	0.0 	0.1 	0.0 	0.415 	1.000 	0.590 	0 	0.093 	0.000 	96 	123 	27 	41 	48 	7 	0.365 				-	-		-	-	Zachariah Branch	0.041 	WR94		-	-		12.2 	3.8 	19.4 	6.3 	9.9 	10.0 	0.0 	10.6 	10.3 	10.2 	10.2 	10.3 	10.0 	10.1 	9.6 	10.5 	10.6 		WR28	WR69	WR16	WR57	WR43	WR39	-	WR38	WR43	WR40	WR36	WR44	WR43	WR42	WR48	WR45	WR43		WR44	10.2 	0.0 	0.0 	0.0 	0.0 	3.7 	45.8 	0.3 	44 	0.438 	1.000 	0.560 	0 	0.113 	0.000 	106 	0.363 		122 		-	-		-	-	Zachariah Branch	0.047 	WR93		-	-		WR35	10.4 	0.0 	0.0 	0.0 	0.0 	11.0 	137.5 	1.0 	35 	0.357 	1.000 	0.650 	0 	0.105 	0.000 	#N/A	0.388 		41.7 		-	-		-	-	Zachariah Branch	8 	WR91		-	-					Jacksonville Jaguars	Cleveland Browns	0 	0.0 	2 	0.0 	2.0 	40 	1.0 	0.0 	0.0 	0.0 	0.0 	12.2 	WR28		Jacksonville Jaguars	Denver Broncos	0 	0.0 	0 	0.0 	1.0 	28 	0.0 	0.0 	0.0 	0.0 	0.0 	3.8 	WR69		Jacksonville Jaguars	New England Patriots	0 	0.0 	0 	0.0 	7.0 	64 	1.0 	0.0 	0.0 	0.0 	0.0 	19.4 	WR16		Jacksonville Jaguars	Cincinnati Bengals	0 	0.0 	0 	0.0 	3.0 	33 	0.0 	0.0 	0.0 	0.0 	0.0 	6.3 	WR57		Jacksonville Jaguars	Philadelphia Eagles	0 	0.0 	0 	0.0 	3.5 	44 	0.3 	0.0 	0.0 	0.0 	0.0 	9.9 	WR43		Jacksonville Jaguars	Houston Texans	0 	0.0 	0 	0.0 	3.6 	45 	0.3 	0.0 	0.0 	0.0 	0.0 	10.0 	WR39		Jacksonville Jaguars	BYE	0 	0.0 	0 	0.0 	0.0 	0 	0.0 	0.0 	0.0 	0.0 	0.0 	0.0 	-		Jacksonville Jaguars	Indianapolis Colts	0 	0.0 	0 	0.0 	3.8 	47 	0.4 	0.0 	0.0 	0.0 	0.0 	10.6 	WR38		Jacksonville Jaguars	Baltimore Ravens	0 	0.0 	0 	0.0 	3.7 	47 	0.3 	0.0 	0.0 	0.0 	0.0 	10.3 	WR43		Jacksonville Jaguars	Tennessee Titans	0 	0.0 	0 	0.0 	3.7 	46 	0.3 	0.0 	0.0 	0.0 	0.0 	10.2 	WR40		Jacksonville Jaguars	New York Giants	0 	0.0 	0 	0.0 	3.7 	46 	0.3 	0.0 	0.0 	0.0 	0.0 	10.2 	WR36		Jacksonville Jaguars	Tennessee Titans	0 	0.0 	0 	0.0 	3.7 	46 	0.3 	0.0 	0.0 	0.0 	0.0 	10.3 	WR44		Jacksonville Jaguars	Chicago Bears	0 	0.0 	0 	0.0 	3.6 	46 	0.3 	0.0 	0.0 	0.0 	0.0 	10.0 	WR43		Jacksonville Jaguars	Pittsburgh Steelers	0 	0.0 	0 	0.0 	3.6 	46 	0.3 	0.0 	0.0 	0.0 	0.0 	10.1 	WR42		Jacksonville Jaguars	Houston Texans	0 	0.0 	0 	0.0 	3.5 	44 	0.3 	0.0 	0.0 	0.0 	0.0 	9.6 	WR48		Jacksonville Jaguars	Dallas Cowboys	0 	0.0 	0 	0.0 	3.8 	47 	0.3 	0.0 	0.0 	0.0 	0.0 	10.5 	WR45		Jacksonville Jaguars	Washington Commanders	0 	0.0 	0 	0.0 	3.8 	47 	0.4 	0.0 	0.0 	0.0 	0.0 	10.6 	WR43		Actual	Actual	Actual	Actual	Forecast	Forecast	Forecast	Forecast	Forecast	Forecast	Forecast	Forecast	Forecast	Forecast	Forecast	Forecast	Forecast		Healthy	Healthy	Healthy	Healthy	Healthy	Healthy	Healthy	Healthy	Healthy	Healthy	Healthy	Healthy	Healthy	Healthy	Healthy	Healthy	Healthy		Week 5 2026	10/8/2026	8:57:03 PM	20		20%	20%	0%	0%	0%	0%		(0.0)	0	0	0	0	0	(0.025268)
	T.J. Hockenson	Minnesota Vikings	TE	TE10	10.9 	174 	0 	0.0 	0.0 	0.0 	0 	0.0 	0.0 	0.0 	78.9 	4.9 	696 	43.5 	4.3 	0.3 	0.0 	0.1 	0.0 	0.440 	0.560 	0.484 	1 	0.311 	0.000 	84 	167 	83 	10 	19 	9 	0.400 				-	-		-	-	Ja'Kobi Lane	0.035 	WR95		-	-		13.6 	5.9 	3.1 	24.9 	10.3 	0.0 	10.8 	10.7 	10.7 	10.4 	10.7 	10.5 	10.5 	10.2 	10.7 	10.8 	10.2 		TE9	TE21	TE28	TE1	TE11	-	TE11	TE9	TE10	TE11	TE10	TE13	TE10	TE12	TE13	TE11	TE13		TE13	10.5 	0.0 	0.0 	0.0 	0.0 	4.7 	41.7 	0.3 	13 	0.453 	0.560 	0.458 	1 	0.329 	0.000 	96 	0.399 		126 		-	-		-	-	Ja'Kobi Lane	0.053 	WR92		-	-		TE10	11.9 	0.0 	0.0 	0.0 	0.0 	14.2 	125.2 	0.8 	10 	0.407 	0.560 	0.484 	1 	0.446 	0.000 	#N/A	0.455 		47.5 		-	-		-	-	Ja'Kobi Lane	2 	WR102		-	-					Minnesota Vikings	Green Bay Packers	0 	0.0 	0 	0.0 	4.0 	36 	1.0 	0.0 	0.0 	0.0 	0.0 	13.6 	TE9		Minnesota Vikings	Chicago Bears	0 	0.0 	0 	0.0 	3.0 	29 	0.0 	0.0 	0.0 	0.0 	0.0 	5.9 	TE21		Minnesota Vikings	Tampa Bay Buccaneers	0 	0.0 	0 	0.0 	2.0 	11 	0.0 	0.0 	0.0 	0.0 	0.0 	3.1 	TE28		Minnesota Vikings	Miami Dolphins	0 	0.0 	0 	0.0 	13.0 	119 	0.0 	0.0 	0.0 	0.0 	0.0 	24.9 	TE1		Minnesota Vikings	New Orleans Saints	0 	0.0 	0 	0.0 	4.6 	41 	0.3 	0.0 	0.0 	0.0 	0.0 	10.3 	TE11		Minnesota Vikings	BYE	0 	0.0 	0 	0.0 	0.0 	0 	0.0 	0.0 	0.0 	0.0 	0.0 	0.0 	-		Minnesota Vikings	Indianapolis Colts	0 	0.0 	0 	0.0 	4.8 	43 	0.3 	0.0 	0.0 	0.0 	0.0 	10.8 	TE11		Minnesota Vikings	Detroit Lions	0 	0.0 	0 	0.0 	4.8 	42 	0.3 	0.0 	0.0 	0.0 	0.0 	10.7 	TE9		Minnesota Vikings	Buffalo Bills	0 	0.0 	0 	0.0 	4.8 	42 	0.3 	0.0 	0.0 	0.0 	0.0 	10.7 	TE10		Minnesota Vikings	Green Bay Packers	0 	0.0 	0 	0.0 	4.7 	42 	0.3 	0.0 	0.0 	0.0 	0.0 	10.4 	TE11		Minnesota Vikings	San Francisco 49ers	0 	0.0 	0 	0.0 	4.8 	42 	0.3 	0.0 	0.0 	0.0 	0.0 	10.7 	TE10		Minnesota Vikings	Atlanta Falcons	0 	0.0 	0 	0.0 	4.7 	41 	0.3 	0.0 	0.0 	0.0 	0.0 	10.5 	TE13		Minnesota Vikings	Carolina Panthers	0 	0.0 	0 	0.0 	4.7 	42 	0.3 	0.0 	0.0 	0.0 	0.0 	10.5 	TE10		Minnesota Vikings	New England Patriots	0 	0.0 	0 	0.0 	4.7 	41 	0.2 	0.0 	0.0 	0.0 	0.0 	10.2 	TE12		Minnesota Vikings	Detroit Lions	0 	0.0 	0 	0.0 	4.8 	42 	0.3 	0.0 	0.0 	0.0 	0.0 	10.7 	TE13		Minnesota Vikings	Washington Commanders	0 	0.0 	0 	0.0 	4.8 	43 	0.3 	0.0 	0.0 	0.0 	0.0 	10.8 	TE11		Minnesota Vikings	New York Jets	0 	0.0 	0 	0.0 	4.6 	40 	0.3 	0.0 	0.0 	0.0 	0.0 	10.2 	TE13		Actual	Actual	Actual	Actual	Forecast	Forecast	Forecast	Forecast	Forecast	Forecast	Forecast	Forecast	Forecast	Forecast	Forecast	Forecast	Forecast		Healthy	Healthy	Healthy	Healthy	Healthy	Healthy	Healthy	Healthy	Healthy	Healthy	Healthy	Healthy	Healthy	Healthy	Healthy	Healthy	Healthy		Week 5 2026	10/8/2026	8:57:03 PM	20		19%	18%	0%	0%	0%	0%		(0.1)	0	0	0	0	0	(0.056242)
	Jordan Love	Green Bay Packers	QB	QB12	16.2 	259 	3,971 	248.2 	27.5 	1.7 	100 	6.2 	0.9 	0.1 	0.0 	0.0 	0 	0.0 	0.0 	0.0 	10.7 	1.9 	0.0 	0.655 	0.460 	0.352 	1 	0.341 	0.000 	104 	148 	44 	12 	19 	7 	0.347 				-	-		-	-	Andrei Iosivas	0.030 	WR96		-	-		19.5 	13.8 	18.5 	13.1 	15.4 	16.7 	16.7 	16.9 	15.6 	16.1 	0.0 	15.7 	16.1 	16.7 	16.8 	15.8 	15.3 		QB11	QB20	QB18	QB20	QB16	QB9	QB6	QB10	QB21	QB11	-	QB20	QB15	QB8	QB9	QB17	QB18		QB12	16.2 	244.2 	1.6 	9.0 	0.1 	0.0 	0.0 	0.0 	12 	0.695 	0.460 	0.352 	1 	0.470 	0.000 	92 	0.408 		194 		-	-		-	-	Andrei Iosivas	0.037 	WR95		-	-		QB15	16.2 	732.6 	4.9 	26.9 	0.2 	0.0 	0.0 	0.0 	15 	0.556 	0.460 	0.317 	1 	0.266 	0.000 	#N/A	0.293 		64.8 		-	-		-	-	Andrei Iosivas	5 	WR97		-	-					Green Bay Packers	Minnesota Vikings	387 	2.0 	0 	0.0 	0.0 	0 	0.0 	1.0 	1.0 	0.0 	0.0 	19.5 	QB11		Green Bay Packers	New York Jets	145 	2.0 	0 	0.0 	0.0 	0 	0.0 	0.0 	0.0 	0.0 	0.0 	13.8 	QB20		Green Bay Packers	Atlanta Falcons	312 	2.0 	0 	0.0 	0.0 	0 	0.0 	1.0 	0.0 	0.0 	0.0 	18.5 	QB18		Green Bay Packers	Tampa Bay Buccaneers	197 	2.0 	(8)	0.0 	0.0 	0 	0.0 	1.0 	0.0 	0.0 	0.0 	13.1 	QB20		Green Bay Packers	Chicago Bears	238 	1.5 	9 	0.1 	0.0 	0 	0.0 	0.6 	0.1 	0.0 	0.0 	15.4 	QB16		Green Bay Packers	Dallas Cowboys	249 	1.7 	10 	0.1 	0.0 	0 	0.0 	0.6 	0.1 	0.0 	0.0 	16.7 	QB9		Green Bay Packers	Detroit Lions	249 	1.7 	10 	0.1 	0.0 	0 	0.0 	0.6 	0.1 	0.0 	0.0 	16.7 	QB6		Green Bay Packers	Carolina Panthers	242 	1.7 	12 	0.1 	0.0 	0 	0.0 	0.6 	0.1 	0.0 	0.0 	16.9 	QB10		Green Bay Packers	New England Patriots	243 	1.6 	8 	0.1 	0.0 	0 	0.0 	0.6 	0.1 	0.0 	0.0 	15.6 	QB21		Green Bay Packers	Minnesota Vikings	243 	1.6 	9 	0.1 	0.0 	0 	0.0 	0.6 	0.1 	0.0 	0.0 	16.1 	QB11		Green Bay Packers	BYE	0 	0.0 	0 	0.0 	0.0 	0 	0.0 	0.0 	0.0 	0.0 	0.0 	0.0 	-		Green Bay Packers	Los Angeles Rams	246 	1.6 	7 	0.1 	0.0 	0 	0.0 	0.6 	0.1 	0.0 	0.0 	15.7 	QB20		Green Bay Packers	New Orleans Saints	243 	1.6 	9 	0.1 	0.0 	0 	0.0 	0.6 	0.1 	0.0 	0.0 	16.1 	QB15		Green Bay Packers	Buffalo Bills	250 	1.7 	8 	0.1 	0.0 	0 	0.0 	0.6 	0.1 	0.0 	0.0 	16.7 	QB8		Green Bay Packers	Miami Dolphins	243 	1.8 	10 	0.1 	0.0 	0 	0.0 	0.6 	0.1 	0.0 	0.0 	16.8 	QB9		Green Bay Packers	Chicago Bears	245 	1.6 	8 	0.1 	0.0 	0 	0.0 	0.6 	0.1 	0.0 	0.0 	15.8 	QB17		Green Bay Packers	Houston Texans	238 	1.5 	8 	0.1 	0.0 	0 	0.0 	0.6 	0.1 	0.0 	0.0 	15.3 	QB18		Actual	Actual	Actual	Actual	Forecast	Forecast	Forecast	Forecast	Forecast	Forecast	Forecast	Forecast	Forecast	Forecast	Forecast	Forecast	Forecast		Healthy	Healthy	Healthy	Healthy	Healthy	Healthy	Healthy	Healthy	Healthy	Healthy	Healthy	Healthy	Healthy	Healthy	Healthy	Healthy	Healthy		Week 5 2026	10/8/2026	8:57:03 PM	20		0%	0%	8%	7%	99%	99%		0.1 	0	0	0	0	0	0.114678 
	Tre Tucker	Las Vegas Raiders	WR	WR44	10.2 	163 	0 	0.0 	0.0 	0.0 	12 	0.7 	0.0 	0.0 	54.5 	3.4 	806 	50.4 	4.4 	0.3 	0.0 	0.1 	0.0 	0.412 	1.000 	0.570 	0 	0.088 	0.000 	100 	173 	73 	43 	60 	17 	0.353 				-	-		-	-	Jauan Jennings	0.024 	WR97		-	-		4.7 	22.9 	8.3 	8.4 	10.1 	10.7 	10.2 	9.5 	10.0 	9.7 	9.6 	9.4 	0.0 	9.8 	9.5 	9.9 	9.9 		WR68	WR7	WR44	WR45	WR41	WR37	WR41	WR44	WR44	WR43	WR38	WR49	-	WR44	WR50	WR47	WR46		WR48	9.9 	0.0 	0.0 	1.0 	0.0 	3.3 	47.7 	0.3 	48 	0.424 	1.000 	0.520 	0 	0.088 	0.000 	117 	0.333 		118 		-	-		-	-	Jauan Jennings	0.032 	WR96		-	-		WR31	11.1 	0.0 	0.0 	3.0 	0.0 	9.9 	143.2 	0.9 	31 	0.380 	1.000 	0.690 	0 	0.136 	0.000 	#N/A	0.422 		44.3 		-	-		-	-	Jauan Jennings	3 	WR101		-	-					Las Vegas Raiders	Miami Dolphins	0 	0.0 	0 	0.0 	2.0 	27 	0.0 	0.0 	0.0 	0.0 	0.0 	4.7 	WR68		Las Vegas Raiders	Los Angeles Chargers	0 	0.0 	0 	0.0 	5.0 	119 	1.0 	0.0 	0.0 	0.0 	0.0 	22.9 	WR7		Las Vegas Raiders	New Orleans Saints	0 	0.0 	0 	0.0 	4.0 	43 	0.0 	0.0 	0.0 	0.0 	0.0 	8.3 	WR44		Las Vegas Raiders	Kansas City Chiefs	0 	0.0 	0 	0.0 	4.0 	44 	0.0 	0.0 	0.0 	0.0 	0.0 	8.4 	WR45		Las Vegas Raiders	New England Patriots	0 	0.0 	1 	0.0 	3.3 	49 	0.3 	0.0 	0.0 	0.0 	0.0 	10.1 	WR41		Las Vegas Raiders	Buffalo Bills	0 	0.0 	1 	0.0 	3.5 	51 	0.3 	0.0 	0.0 	0.0 	0.0 	10.7 	WR37		Las Vegas Raiders	Los Angeles Rams	0 	0.0 	1 	0.0 	3.4 	49 	0.3 	0.0 	0.0 	0.0 	0.0 	10.2 	WR41		Las Vegas Raiders	New York Jets	0 	0.0 	1 	0.0 	3.2 	46 	0.3 	0.0 	0.0 	0.0 	0.0 	9.5 	WR44		Las Vegas Raiders	San Francisco 49ers	0 	0.0 	1 	0.0 	3.4 	49 	0.3 	0.0 	0.0 	0.0 	0.0 	10.0 	WR44		Las Vegas Raiders	Seattle Seahawks	0 	0.0 	1 	0.0 	3.3 	47 	0.3 	0.0 	0.0 	0.0 	0.0 	9.7 	WR43		Las Vegas Raiders	Denver Broncos	0 	0.0 	1 	0.0 	3.3 	47 	0.3 	0.0 	0.0 	0.0 	0.0 	9.6 	WR38		Las Vegas Raiders	Cleveland Browns	0 	0.0 	1 	0.0 	3.2 	46 	0.3 	0.0 	0.0 	0.0 	0.0 	9.4 	WR49		Las Vegas Raiders	BYE	0 	0.0 	0 	0.0 	0.0 	0 	0.0 	0.0 	0.0 	0.0 	0.0 	0.0 	-		Las Vegas Raiders	Los Angeles Chargers	0 	0.0 	1 	0.0 	3.3 	48 	0.3 	0.0 	0.0 	0.0 	0.0 	9.8 	WR44		Las Vegas Raiders	Denver Broncos	0 	0.0 	1 	0.0 	3.2 	46 	0.3 	0.0 	0.0 	0.0 	0.0 	9.5 	WR50		Las Vegas Raiders	Tennessee Titans	0 	0.0 	1 	0.0 	3.3 	47 	0.3 	0.0 	0.0 	0.0 	0.0 	9.9 	WR47		Las Vegas Raiders	Arizona Cardinals	0 	0.0 	1 	0.0 	3.3 	47 	0.3 	0.0 	0.0 	0.0 	0.0 	9.9 	WR46		Actual	Actual	Actual	Actual	Forecast	Forecast	Forecast	Forecast	Forecast	Forecast	Forecast	Forecast	Forecast	Forecast	Forecast	Forecast	Forecast		Healthy	Healthy	Healthy	Healthy	Healthy	Healthy	Healthy	Healthy	Healthy	Healthy	Healthy	Healthy	Healthy	Healthy	Healthy	Healthy	Healthy		Week 5 2026	10/8/2026	8:57:03 PM	20		21%	19%	1%	0%	0%	0%		(0.1)	0	0	0	0	0	(0.088967)
	Travis Etienne Jr.	New Orleans Saints	RB	RB32	10.6 	128 	0 	0.0 	0.0 	0.0 	470 	39.2 	2.4 	0.2 	35.0 	2.9 	231 	19.2 	1.5 	0.1 	0.0 	1.3 	0.0 	0.323 	1.000 	0.582 	0 	0.125 	0.000 	97 	34 	(63)	35 	17 	(18)	0.360 				-	-		-	-	Jack Bech	0.019 	WR98		-	-		14.8 	7.1 	9.0 	0.0 	0.0 	0.0 	0.0 	0.0 	11.2 	11.2 	10.0 	10.3 	10.3 	10.5 	10.4 	12.1 	10.8 		RB16	RB38	RB31	-	-	-	-	-	RB23	RB21	RB23	RB29	RB27	RB26	RB28	RB23	RB26		RB32	10.8 	0.0 	0.0 	38.0 	0.3 	2.7 	20.0 	0.2 	36 	0.347 	1.000 	0.569 	0 	0.160 	0.000 	103 	0.372 		97 		-	-		-	-	Jack Bech	0.006 	WR104		-	-		RB32	10.3 	0.0 	0.0 	114.1 	0.8 	8.0 	59.9 	0.5 	32 	0.265 	1.000 	0.619 	(0)	0.000 	0.000 	#N/A	0.318 		30.9 		-	-		-	-	Jack Bech	16 	WR84		-	-					New Orleans Saints	Detroit Lions	0 	0.0 	46 	0.0 	7.0 	32 	0.0 	0.0 	0.0 	0.0 	0.0 	14.8 	RB16		New Orleans Saints	Baltimore Ravens	0 	0.0 	25 	0.0 	2.0 	6 	0.0 	0.0 	0.0 	0.0 	1.0 	7.1 	RB38		New Orleans Saints	Las Vegas Raiders	0 	0.0 	57 	0.0 	2.0 	13 	0.0 	0.0 	0.0 	0.0 	0.0 	9.0 	RB31		New Orleans Saints	Atlanta Falcons	0 	0.0 	0 	0.0 	0.0 	0 	0.0 	0.0 	0.0 	0.0 	0.0 	0.0 	-		New Orleans Saints	Minnesota Vikings	0 	0.0 	0 	0.0 	0.0 	0 	0.0 	0.0 	0.0 	0.0 	0.0 	0.0 	-		New Orleans Saints	New York Giants	0 	0.0 	0 	0.0 	0.0 	0 	0.0 	0.0 	0.0 	0.0 	0.0 	0.0 	-		New Orleans Saints	Pittsburgh Steelers	0 	0.0 	0 	0.0 	0.0 	0 	0.0 	0.0 	0.0 	0.0 	0.0 	0.0 	-		New Orleans Saints	BYE	0 	0.0 	0 	0.0 	0.0 	0 	0.0 	0.0 	0.0 	0.0 	0.0 	0.0 	-		New Orleans Saints	Cleveland Browns	0 	0.0 	41 	0.3 	2.6 	20 	0.2 	0.0 	0.1 	0.0 	0.0 	11.2 	RB23		New Orleans Saints	Carolina Panthers	0 	0.0 	41 	0.3 	2.6 	20 	0.2 	0.0 	0.1 	0.0 	0.0 	11.2 	RB21		New Orleans Saints	Chicago Bears	0 	0.0 	33 	0.2 	2.7 	20 	0.2 	0.0 	0.1 	0.0 	0.0 	10.0 	RB23		New Orleans Saints	Cincinnati Bengals	0 	0.0 	34 	0.2 	2.7 	20 	0.2 	0.0 	0.1 	0.0 	0.0 	10.3 	RB29		New Orleans Saints	Green Bay Packers	0 	0.0 	36 	0.2 	2.7 	20 	0.2 	0.0 	0.1 	0.0 	0.0 	10.3 	RB27		New Orleans Saints	Carolina Panthers	0 	0.0 	38 	0.3 	2.6 	20 	0.2 	0.0 	0.1 	0.0 	0.0 	10.5 	RB26		New Orleans Saints	Tampa Bay Buccaneers	0 	0.0 	36 	0.2 	2.7 	20 	0.2 	0.0 	0.1 	0.0 	0.0 	10.4 	RB28		New Orleans Saints	Arizona Cardinals	0 	0.0 	45 	0.3 	2.7 	20 	0.2 	0.0 	0.1 	0.0 	0.0 	12.1 	RB23		New Orleans Saints	Atlanta Falcons	0 	0.0 	38 	0.3 	2.6 	20 	0.2 	0.0 	0.1 	0.0 	0.0 	10.8 	RB26		Actual	Actual	Actual	Actual	Forecast	Forecast	Forecast	Forecast	Forecast	Forecast	Forecast	Forecast	Forecast	Forecast	Forecast	Forecast	Forecast		Healthy	Healthy	Healthy	Injured	Injured	Injured	Injured	Healthy	Healthy	Healthy	Healthy	Healthy	Healthy	Healthy	Healthy	Healthy	Healthy		Week 5 2026	10/8/2026	8:57:03 PM	20		8%	10%	44%	43%	0%	0%		0.1 	0	0	1	1	1	
	Jordan Addison	Minnesota Vikings	WR	WR47	10.3 	155 	0 	0.0 	0.0 	0.0 	13 	0.9 	0.0 	0.0 	51.1 	3.4 	741 	49.4 	4.8 	0.3 	0.0 	0.1 	0.0 	0.393 	1.000 	0.520 	0 	0.100 	0.000 	112 	107 	(5)	48 	43 	(5)	0.333 				-	-		-	-	Jordan Whittington	0.014 	WR99		-	-		0.0 	4.1 	20.0 	9.1 	9.5 	0.0 	10.5 	10.3 	10.4 	10.1 	10.3 	10.2 	10.2 	9.8 	10.3 	10.5 	9.9 		-	WR66	WR12	WR41	WR44	-	WR38	WR40	WR42	WR41	WR35	WR45	WR41	WR43	WR44	WR43	WR47		WR45	10.2 	0.0 	0.0 	1.2 	0.0 	3.3 	48.1 	0.3 	45 	0.437 	1.000 	0.550 	0 	0.111 	0.000 	109 	0.357 		122 		-	-		-	-	Jordan Whittington	0.026 	WR97		-	-		WR53	11.1 	0.0 	0.0 	4.8 	0.0 	13.4 	192.5 	1.3 	53 	0.285 	1.000 	0.470 	0 	0.003 	0.000 	#N/A	0.256 		33.2 		-	-		-	-	Jordan Whittington	3 	WR100		-	-					Minnesota Vikings	Green Bay Packers	0 	0.0 	0 	0.0 	0.0 	0 	0.0 	0.0 	0.0 	0.0 	0.0 	0.0 	-		Minnesota Vikings	Chicago Bears	0 	0.0 	0 	0.0 	2.0 	21 	0.0 	0.0 	0.0 	0.0 	0.0 	4.1 	WR66		Minnesota Vikings	Tampa Bay Buccaneers	0 	0.0 	0 	0.0 	5.0 	90 	1.0 	0.0 	0.0 	0.0 	0.0 	20.0 	WR12		Minnesota Vikings	Miami Dolphins	0 	0.0 	(1)	0.0 	4.0 	52 	0.0 	0.0 	0.0 	0.0 	0.0 	9.1 	WR41		Minnesota Vikings	New Orleans Saints	0 	0.0 	1 	0.0 	3.1 	45 	0.3 	0.0 	0.0 	0.0 	0.0 	9.5 	WR44		Minnesota Vikings	BYE	0 	0.0 	0 	0.0 	0.0 	0 	0.0 	0.0 	0.0 	0.0 	0.0 	0.0 	-		Minnesota Vikings	Indianapolis Colts	0 	0.0 	1 	0.0 	3.4 	49 	0.3 	0.0 	0.0 	0.0 	0.0 	10.5 	WR38		Minnesota Vikings	Detroit Lions	0 	0.0 	1 	0.0 	3.4 	49 	0.3 	0.0 	0.0 	0.0 	0.0 	10.3 	WR40		Minnesota Vikings	Buffalo Bills	0 	0.0 	1 	0.0 	3.4 	49 	0.3 	0.0 	0.0 	0.0 	0.0 	10.4 	WR42		Minnesota Vikings	Green Bay Packers	0 	0.0 	1 	0.0 	3.4 	48 	0.3 	0.0 	0.0 	0.0 	0.0 	10.1 	WR41		Minnesota Vikings	San Francisco 49ers	0 	0.0 	1 	0.0 	3.4 	49 	0.3 	0.0 	0.0 	0.0 	0.0 	10.3 	WR35		Minnesota Vikings	Atlanta Falcons	0 	0.0 	1 	0.0 	3.3 	48 	0.3 	0.0 	0.0 	0.0 	0.0 	10.2 	WR45		Minnesota Vikings	Carolina Panthers	0 	0.0 	1 	0.0 	3.3 	48 	0.3 	0.0 	0.0 	0.0 	0.0 	10.2 	WR41		Minnesota Vikings	New England Patriots	0 	0.0 	1 	0.0 	3.3 	47 	0.3 	0.0 	0.0 	0.0 	0.0 	9.8 	WR43		Minnesota Vikings	Detroit Lions	0 	0.0 	1 	0.0 	3.4 	49 	0.3 	0.0 	0.0 	0.0 	0.0 	10.3 	WR44		Minnesota Vikings	Washington Commanders	0 	0.0 	1 	0.0 	3.4 	49 	0.3 	0.0 	0.0 	0.0 	0.0 	10.5 	WR43		Minnesota Vikings	New York Jets	0 	0.0 	1 	0.0 	3.3 	47 	0.3 	0.0 	0.0 	0.0 	0.0 	9.9 	WR47		Actual	Actual	Actual	Actual	Forecast	Forecast	Forecast	Forecast	Forecast	Forecast	Forecast	Forecast	Forecast	Forecast	Forecast	Forecast	Forecast		Healthy	Healthy	Healthy	Healthy	Limited / Handicapped	Healthy	Healthy	Healthy	Healthy	Healthy	Healthy	Healthy	Healthy	Healthy	Healthy	Healthy	Healthy		Week 5 2026	10/8/2026	8:57:03 PM	20		22%	21%	1%	0%	0%	0%		0.1 	0	0	0	0	0	0.101721 
	Dallas Goedert	Philadelphia Eagles	TE	TE12	11.0 	154 	0 	0.0 	0.0 	0.0 	0 	0.0 	0.0 	0.0 	58.5 	4.2 	611 	43.6 	5.8 	0.4 	0.0 	0.1 	0.0 	0.391 	0.560 	0.450 	1 	0.326 	0.000 	92 	112 	20 	14 	12 	(2)	0.385 				-	-		-	-	Olamide Zaccheaus	0.010 	WR100		-	-		23.7 	1.4 	0.0 	0.0 	9.8 	10.3 	11.5 	11.1 	11.0 	0.0 	10.8 	11.3 	10.7 	11.2 	10.7 	10.1 	10.8 		TE3	TE33	-	-	TE13	TE12	TE8	TE7	TE8	-	TE8	TE7	TE8	TE7	TE11	TE13	TE8		TE10	10.8 	0.0 	0.0 	0.0 	0.0 	4.5 	44.2 	0.3 	10 	0.463 	0.560 	0.484 	1 	0.353 	0.000 	84 	0.422 		129 		-	-		-	-	Olamide Zaccheaus	0.020 	WR98		-	-		TE28	12.6 	0.0 	0.0 	0.0 	0.0 	26.8 	265.0 	1.9 	28 	0.215 	0.560 	0.318 	(0)	0.000 	0.000 	#N/A	0.160 		25.1 		-	-		-	-	Olamide Zaccheaus	6 	WR95		-	-					Philadelphia Eagles	Washington Commanders	0 	0.0 	0 	0.0 	4.0 	77 	2.0 	0.0 	0.0 	0.0 	0.0 	23.7 	TE3		Philadelphia Eagles	Tennessee Titans	0 	0.0 	0 	0.0 	1.0 	4 	0.0 	0.0 	0.0 	0.0 	0.0 	1.4 	TE33		Philadelphia Eagles	Chicago Bears	0 	0.0 	0 	0.0 	0.0 	0 	0.0 	0.0 	0.0 	0.0 	0.0 	0.0 	-		Philadelphia Eagles	Los Angeles Rams	0 	0.0 	0 	0.0 	0.0 	0 	0.0 	0.0 	0.0 	0.0 	0.0 	0.0 	-		Philadelphia Eagles	Jacksonville Jaguars	0 	0.0 	0 	0.0 	4.2 	41 	0.3 	0.0 	0.0 	0.0 	0.0 	9.8 	TE13		Philadelphia Eagles	Carolina Panthers	0 	0.0 	0 	0.0 	4.3 	42 	0.3 	0.0 	0.0 	0.0 	0.0 	10.3 	TE12		Philadelphia Eagles	Dallas Cowboys	0 	0.0 	0 	0.0 	4.7 	46 	0.4 	0.0 	0.0 	0.0 	0.0 	11.5 	TE8		Philadelphia Eagles	Washington Commanders	0 	0.0 	0 	0.0 	4.6 	45 	0.3 	0.0 	0.0 	0.0 	0.0 	11.1 	TE7		Philadelphia Eagles	New York Giants	0 	0.0 	0 	0.0 	4.5 	45 	0.3 	0.0 	0.0 	0.0 	0.0 	11.0 	TE8		Philadelphia Eagles	BYE	0 	0.0 	0 	0.0 	0.0 	0 	0.0 	0.0 	0.0 	0.0 	0.0 	0.0 	-		Philadelphia Eagles	Pittsburgh Steelers	0 	0.0 	0 	0.0 	4.5 	44 	0.3 	0.0 	0.0 	0.0 	0.0 	10.8 	TE8		Philadelphia Eagles	Dallas Cowboys	0 	0.0 	0 	0.0 	4.7 	46 	0.3 	0.0 	0.0 	0.0 	0.0 	11.3 	TE7		Philadelphia Eagles	Arizona Cardinals	0 	0.0 	0 	0.0 	4.4 	43 	0.3 	0.0 	0.0 	0.0 	0.0 	10.7 	TE8		Philadelphia Eagles	Indianapolis Colts	0 	0.0 	0 	0.0 	4.6 	45 	0.4 	0.0 	0.0 	0.0 	0.0 	11.2 	TE7		Philadelphia Eagles	Seattle Seahawks	0 	0.0 	0 	0.0 	4.5 	44 	0.3 	0.0 	0.0 	0.0 	0.0 	10.7 	TE11		Philadelphia Eagles	Houston Texans	0 	0.0 	0 	0.0 	4.3 	42 	0.3 	0.0 	0.0 	0.0 	0.0 	10.1 	TE13		Philadelphia Eagles	San Francisco 49ers	0 	0.0 	0 	0.0 	4.5 	45 	0.3 	0.0 	0.0 	0.0 	0.0 	10.8 	TE8		Actual	Actual	Actual	Actual	Forecast	Forecast	Forecast	Forecast	Forecast	Forecast	Forecast	Forecast	Forecast	Forecast	Forecast	Forecast	Forecast		Healthy	Healthy	Injured	Injured	Limited / Handicapped	Limited / Handicapped	Healthy	Healthy	Healthy	Healthy	Healthy	Healthy	Healthy	Healthy	Healthy	Healthy	Healthy		Week 5 2026	10/8/2026	8:57:03 PM	20		21%	21%	0%	0%	0%	0%		0.3 	0	1	1	0	0	
	Trevor Lawrence	Jacksonville Jaguars	QB	QB11	16.2 	259 	3,566 	222.9 	27.4 	1.7 	193 	12.0 	1.5 	0.1 	0.0 	0.0 	0 	0.0 	0.0 	0.0 	9.7 	0.9 	0.0 	0.656 	0.460 	0.363 	1 	0.344 	0.000 	99 	89 	(10)	11 	10 	(1)	0.354 				-	-		-	-	Omar Cooper Jr.	0.008 	WR101		-	-		26.1 	6.2 	19.8 	13.1 	16.0 	15.8 	0.0 	17.3 	16.0 	16.2 	16.2 	16.6 	15.6 	16.1 	14.7 	16.6 	17.1 		QB5	QB30	QB15	QB19	QB12	QB12	-	QB6	QB16	QB10	QB14	QB10	QB19	QB16	QB27	QB8	QB6		QB11	16.2 	226.9 	1.6 	13.2 	0.1 	0.0 	0.0 	0.0 	11 	0.696 	0.460 	0.363 	1 	0.473 	0.000 	89 	0.415 		194 		-	-		-	-	Omar Cooper Jr.	0.009 	WR100		-	-		QB14	16.3 	680.8 	4.9 	39.7 	0.4 	0.0 	0.0 	0.0 	14 	0.558 	0.460 	0.329 	1 	0.271 	0.000 	#N/A	0.301 		65.1 		-	-		-	-	Omar Cooper Jr.	4 	WR99		-	-					Jacksonville Jaguars	Cleveland Browns	245 	4.0 	3 	0.0 	0.0 	0 	0.0 	0.0 	0.0 	0.0 	0.0 	26.1 	QB5		Jacksonville Jaguars	Denver Broncos	189 	0.0 	6 	0.0 	0.0 	0 	0.0 	1.0 	0.0 	0.0 	0.0 	6.2 	QB30		Jacksonville Jaguars	New England Patriots	182 	3.0 	25 	0.0 	0.0 	0 	0.0 	1.0 	0.0 	0.0 	0.0 	19.8 	QB15		Jacksonville Jaguars	Cincinnati Bengals	227 	1.0 	0 	0.0 	0.0 	0 	0.0 	0.0 	0.0 	0.0 	0.0 	13.1 	QB19		Jacksonville Jaguars	Philadelphia Eagles	219 	1.6 	15 	0.1 	0.0 	0 	0.0 	0.6 	0.1 	0.0 	0.0 	16.0 	QB12		Jacksonville Jaguars	Houston Texans	224 	1.6 	13 	0.1 	0.0 	0 	0.0 	0.6 	0.1 	0.0 	0.0 	15.8 	QB12		Jacksonville Jaguars	BYE	0 	0.0 	0 	0.0 	0.0 	0 	0.0 	0.0 	0.0 	0.0 	0.0 	0.0 	-		Jacksonville Jaguars	Indianapolis Colts	232 	1.8 	15 	0.1 	0.0 	0 	0.0 	0.6 	0.1 	0.0 	0.0 	17.3 	QB6		Jacksonville Jaguars	Baltimore Ravens	231 	1.6 	12 	0.1 	0.0 	0 	0.0 	0.6 	0.1 	0.0 	0.0 	16.0 	QB16		Jacksonville Jaguars	Tennessee Titans	227 	1.6 	13 	0.1 	0.0 	0 	0.0 	0.6 	0.1 	0.0 	0.0 	16.2 	QB10		Jacksonville Jaguars	New York Giants	227 	1.6 	13 	0.1 	0.0 	0 	0.0 	0.6 	0.1 	0.0 	0.0 	16.2 	QB14		Jacksonville Jaguars	Tennessee Titans	227 	1.7 	14 	0.1 	0.0 	0 	0.0 	0.6 	0.1 	0.0 	0.0 	16.6 	QB10		Jacksonville Jaguars	Chicago Bears	225 	1.5 	12 	0.1 	0.0 	0 	0.0 	0.6 	0.1 	0.0 	0.0 	15.6 	QB19		Jacksonville Jaguars	Pittsburgh Steelers	226 	1.6 	13 	0.1 	0.0 	0 	0.0 	0.6 	0.1 	0.0 	0.0 	16.1 	QB16		Jacksonville Jaguars	Houston Texans	218 	1.4 	12 	0.1 	0.0 	0 	0.0 	0.6 	0.1 	0.0 	0.0 	14.7 	QB27		Jacksonville Jaguars	Dallas Cowboys	233 	1.7 	13 	0.1 	0.0 	0 	0.0 	0.6 	0.1 	0.0 	0.0 	16.6 	QB8		Jacksonville Jaguars	Washington Commanders	234 	1.8 	14 	0.1 	0.0 	0 	0.0 	0.6 	0.1 	0.0 	0.0 	17.1 	QB6		Actual	Actual	Actual	Actual	Forecast	Forecast	Forecast	Forecast	Forecast	Forecast	Forecast	Forecast	Forecast	Forecast	Forecast	Forecast	Forecast		Healthy	Healthy	Healthy	Healthy	Healthy	Healthy	Healthy	Healthy	Healthy	Healthy	Healthy	Healthy	Healthy	Healthy	Healthy	Healthy	Healthy		Week 5 2026	10/8/2026	8:57:03 PM	20		0%	0%	11%	14%	99%	99%		0.1 	0	0	0	0	0	0.113390 
	Caleb Williams	Chicago Bears	QB	QB13	18.4 	221 	2,471 	205.9 	17.5 	1.5 	429 	35.7 	4.2 	0.4 	0.0 	0.0 	0 	0.0 	0.0 	0.0 	7.2 	0.8 	0.0 	0.560 	0.460 	0.158 	1 	0.558 	0.000 	106 	78 	(28)	27 	8 	(19)	0.346 				-	-		-	-	Jaylin Lane	0.006 	WR102		-	-		37.3 	8.3 	0.0 	0.0 	0.0 	0.0 	17.4 	16.3 	18.1 	0.0 	17.9 	17.8 	17.7 	17.9 	17.5 	17.4 	17.8 		QB1	QB25	-	-	-	-	QB5	QB11	QB4	-	QB4	QB4	QB3	QB5	QB4	QB6	QB3		QB13	17.6 	206.4 	1.6 	32.2 	0.2 	0.0 	0.0 	0.0 	24 	0.630 	0.460 	0.200 	1 	0.615 	0.000 	98 	0.395 		176 		-	-		-	-	Jaylin Lane	0.006 	WR103		-	-		QB23	22.8 	1,031.8 	7.8 	160.9 	1.1 	0.0 	0.0 	0.0 	23 	0.390 	0.460 	0.213 	(0)	0.000 	0.000 	#N/A	0.113 		45.5 		-	-		-	-	Jaylin Lane	5 	WR98		-	-					Chicago Bears	Carolina Panthers	269 	2.0 	65 	2.0 	0.0 	0 	0.0 	0.0 	0.0 	0.0 	0.0 	37.3 	QB1		Chicago Bears	Minnesota Vikings	138 	0.0 	42 	0.0 	0.0 	0 	0.0 	0.7 	0.0 	0.0 	0.0 	8.3 	QB25		Chicago Bears	Philadelphia Eagles	0 	0.0 	0 	0.0 	0.0 	0 	0.0 	0.0 	0.0 	0.0 	0.0 	0.0 	-		Chicago Bears	New York Jets	0 	0.0 	0 	0.0 	0.0 	0 	0.0 	0.0 	0.0 	0.0 	0.0 	0.0 	-		Chicago Bears	Green Bay Packers	0 	0.0 	0 	0.0 	0.0 	0 	0.0 	0.0 	0.0 	0.0 	0.0 	0.0 	-		Chicago Bears	Atlanta Falcons	0 	0.0 	0 	0.0 	0.0 	0 	0.0 	0.0 	0.0 	0.0 	0.0 	0.0 	-		Chicago Bears	New England Patriots	204 	1.5 	32 	0.2 	0.0 	0 	0.0 	0.6 	0.1 	0.0 	0.0 	17.4 	QB5		Chicago Bears	Seattle Seahawks	204 	1.4 	28 	0.2 	0.0 	0 	0.0 	0.6 	0.1 	0.0 	0.0 	16.3 	QB11		Chicago Bears	Tampa Bay Buccaneers	209 	1.6 	33 	0.2 	0.0 	0 	0.0 	0.6 	0.1 	0.0 	0.0 	18.1 	QB4		Chicago Bears	BYE	0 	0.0 	0 	0.0 	0.0 	0 	0.0 	0.0 	0.0 	0.0 	0.0 	0.0 	-		Chicago Bears	New Orleans Saints	200 	1.6 	36 	0.3 	0.0 	0 	0.0 	0.6 	0.1 	0.0 	0.0 	17.9 	QB4		Chicago Bears	Detroit Lions	211 	1.6 	31 	0.2 	0.0 	0 	0.0 	0.6 	0.1 	0.0 	0.0 	17.8 	QB4		Chicago Bears	Jacksonville Jaguars	207 	1.6 	33 	0.2 	0.0 	0 	0.0 	0.6 	0.1 	0.0 	0.0 	17.7 	QB3		Chicago Bears	Miami Dolphins	204 	1.6 	34 	0.2 	0.0 	0 	0.0 	0.6 	0.1 	0.0 	0.0 	17.9 	QB5		Chicago Bears	Buffalo Bills	213 	1.6 	30 	0.2 	0.0 	0 	0.0 	0.6 	0.1 	0.0 	0.0 	17.5 	QB4		Chicago Bears	Green Bay Packers	204 	1.5 	32 	0.2 	0.0 	0 	0.0 	0.6 	0.1 	0.0 	0.0 	17.4 	QB6		Chicago Bears	Detroit Lions	207 	1.6 	33 	0.2 	0.0 	0 	0.0 	0.6 	0.1 	0.0 	0.0 	17.8 	QB3		Actual	Actual	Actual	Actual	Forecast	Forecast	Forecast	Forecast	Forecast	Forecast	Forecast	Forecast	Forecast	Forecast	Forecast	Forecast	Forecast		Healthy	Healthy	Injured	Injured	Injured	Injured	Healthy	Healthy	Healthy	Healthy	Healthy	Healthy	Healthy	Healthy	Healthy	Healthy	Healthy		Week 5 2026	10/8/2026	8:57:03 PM	20		0%	0%	22%	21%	99%	99%		0.3 	0	1	1	1	1	
	Emeka Egbuka	Tampa Bay Buccaneers	WR	WR45	10.1 	162 	0 	0.0 	0.0 	0.0 	(3)	(0.2)	0.0 	0.0 	61.3 	3.8 	695 	43.5 	5.3 	0.3 	0.0 	0.1 	0.0 	0.410 	1.000 	0.560 	0 	0.086 	0.000 	103 	42 	(61)	44 	19 	(25)	0.348 				-	-		-	-	Cyrus Allen	0.005 	WR103		-	-		11.3 	10.3 	11.2 	3.3 	10.5 	9.5 	10.5 	10.7 	10.7 	0.0 	10.7 	10.6 	10.4 	10.7 	10.7 	10.5 	10.6 		WR29	WR28	WR36	WR67	WR39	WR41	WR39	WR35	WR38	-	WR34	WR42	WR40	WR40	WR42	WR44	WR44		WR43	10.5 	0.0 	0.0 	0.0 	0.0 	3.9 	45.1 	0.4 	43 	0.452 	1.000 	0.570 	0 	0.136 	0.000 	102 	0.379 		126 		-	-		-	-	Cyrus Allen	0.007 	WR101		-	-		WR48	9.0 	0.0 	0.0 	0.0 	0.0 	11.6 	135.3 	1.1 	48 	0.309 	1.000 	0.520 	0 	0.038 	0.000 	#N/A	0.296 		36.1 		-	-		-	-	Cyrus Allen	0 	WR103		-	-					Tampa Bay Buccaneers	Cincinnati Bengals	0 	0.0 	0 	0.0 	5.0 	63 	0.0 	0.0 	0.0 	0.0 	0.0 	11.3 	WR29		Tampa Bay Buccaneers	Cleveland Browns	0 	0.0 	(3)	0.0 	3.0 	16 	1.0 	0.0 	0.0 	0.0 	0.0 	10.3 	WR28		Tampa Bay Buccaneers	Minnesota Vikings	0 	0.0 	0 	0.0 	5.0 	62 	0.0 	0.0 	0.0 	0.0 	0.0 	11.2 	WR36		Tampa Bay Buccaneers	Green Bay Packers	0 	0.0 	0 	0.0 	2.0 	13 	0.0 	0.0 	0.0 	0.0 	0.0 	3.3 	WR67		Tampa Bay Buccaneers	Dallas Cowboys	0 	0.0 	0 	0.0 	3.9 	46 	0.3 	0.0 	0.0 	0.0 	0.0 	10.5 	WR39		Tampa Bay Buccaneers	Pittsburgh Steelers	0 	0.0 	0 	0.0 	3.6 	42 	0.3 	0.0 	0.0 	0.0 	0.0 	9.5 	WR41		Tampa Bay Buccaneers	Carolina Panthers	0 	0.0 	0 	0.0 	3.8 	45 	0.4 	0.0 	0.0 	0.0 	0.0 	10.5 	WR39		Tampa Bay Buccaneers	Atlanta Falcons	0 	0.0 	0 	0.0 	3.9 	45 	0.4 	0.0 	0.0 	0.0 	0.0 	10.7 	WR35		Tampa Bay Buccaneers	Chicago Bears	0 	0.0 	0 	0.0 	3.9 	46 	0.4 	0.0 	0.0 	0.0 	0.0 	10.7 	WR38		Tampa Bay Buccaneers	BYE	0 	0.0 	0 	0.0 	0.0 	0 	0.0 	0.0 	0.0 	0.0 	0.0 	0.0 	-		Tampa Bay Buccaneers	Detroit Lions	0 	0.0 	0 	0.0 	3.9 	46 	0.4 	0.0 	0.0 	0.0 	0.0 	10.7 	WR34		Tampa Bay Buccaneers	Carolina Panthers	0 	0.0 	0 	0.0 	3.9 	45 	0.4 	0.0 	0.0 	0.0 	0.0 	10.6 	WR42		Tampa Bay Buccaneers	Los Angeles Chargers	0 	0.0 	0 	0.0 	3.8 	45 	0.4 	0.0 	0.0 	0.0 	0.0 	10.4 	WR40		Tampa Bay Buccaneers	Baltimore Ravens	0 	0.0 	0 	0.0 	3.9 	46 	0.4 	0.0 	0.0 	0.0 	0.0 	10.7 	WR40		Tampa Bay Buccaneers	New Orleans Saints	0 	0.0 	0 	0.0 	3.9 	45 	0.4 	0.0 	0.0 	0.0 	0.0 	10.7 	WR42		Tampa Bay Buccaneers	Atlanta Falcons	0 	0.0 	0 	0.0 	3.8 	45 	0.4 	0.0 	0.0 	0.0 	0.0 	10.5 	WR44		Tampa Bay Buccaneers	Los Angeles Rams	0 	0.0 	0 	0.0 	3.9 	46 	0.4 	0.0 	0.0 	0.0 	0.0 	10.6 	WR44		Actual	Actual	Actual	Actual	Forecast	Forecast	Forecast	Forecast	Forecast	Forecast	Forecast	Forecast	Forecast	Forecast	Forecast	Forecast	Forecast		Healthy	Healthy	Healthy	Healthy	Healthy	Healthy	Healthy	Healthy	Healthy	Healthy	Healthy	Healthy	Healthy	Healthy	Healthy	Healthy	Healthy		Week 5 2026	10/8/2026	8:57:03 PM	20		20%	23%	0%	0%	0%	0%		0.1 	0	0	0	0	0	0.082872 
	Mike Gesicki	Cincinnati Bengals	TE	TE17	9.7 	146 	0 	0.0 	0.0 	0.0 	0 	0.0 	0.0 	0.0 	43.8 	2.9 	571 	38.1 	7.6 	0.5 	0.0 	0.1 	0.0 	0.370 	0.560 	0.385 	0 	0.200 	0.000 	120 	370 	250 	21 	46 	25 	0.300 				-	-		-	-	De’Zhaun Stribling	0.005 	WR104		-	-		18.8 	0.0 	12.7 	13.0 	8.0 	0.0 	8.5 	8.6 	8.6 	8.4 	8.7 	8.5 	8.2 	8.3 	8.3 	8.7 	8.7 		TE4	-	TE10	TE10	TE23	-	TE20	TE19	TE22	TE21	TE20	TE23	TE19	TE21	TE23	TE21	TE22		TE23	8.5 	0.0 	0.0 	0.0 	0.0 	2.7 	34.7 	0.4 	23 	0.364 	0.560 	0.366 	0 	0.109 	0.000 	148 	0.250 		102 		-	-		-	-	De’Zhaun Stribling	0.007 	WR102		-	-		TE12	14.8 	0.0 	0.0 	0.0 	0.0 	10.9 	138.7 	1.5 	12 	0.381 	0.560 	0.467 	1 	0.369 	0.000 	#N/A	0.410 		44.5 		-	-		-	-	De’Zhaun Stribling	0 	WR103		-	-					Cincinnati Bengals	Tampa Bay Buccaneers	0 	0.0 	0 	0.0 	5.0 	78 	1.0 	0.0 	0.0 	0.0 	0.0 	18.8 	TE4		Cincinnati Bengals	Houston Texans	0 	0.0 	0 	0.0 	0.0 	0 	0.0 	0.0 	0.0 	0.0 	0.0 	0.0 	-		Cincinnati Bengals	Pittsburgh Steelers	0 	0.0 	0 	0.0 	3.0 	37 	1.0 	0.0 	0.0 	0.0 	0.0 	12.7 	TE10		Cincinnati Bengals	Jacksonville Jaguars	0 	0.0 	0 	0.0 	3.0 	40 	1.0 	0.0 	0.0 	0.0 	0.0 	13.0 	TE10		Cincinnati Bengals	Miami Dolphins	0 	0.0 	0 	0.0 	2.6 	33 	0.4 	0.0 	0.0 	0.0 	0.0 	8.0 	TE23		Cincinnati Bengals	BYE	0 	0.0 	0 	0.0 	0.0 	0 	0.0 	0.0 	0.0 	0.0 	0.0 	0.0 	-		Cincinnati Bengals	Baltimore Ravens	0 	0.0 	0 	0.0 	2.8 	35 	0.4 	0.0 	0.0 	0.0 	0.0 	8.5 	TE20		Cincinnati Bengals	Tennessee Titans	0 	0.0 	0 	0.0 	2.7 	35 	0.4 	0.0 	0.0 	0.0 	0.0 	8.6 	TE19		Cincinnati Bengals	Atlanta Falcons	0 	0.0 	0 	0.0 	2.8 	35 	0.4 	0.0 	0.0 	0.0 	0.0 	8.6 	TE22		Cincinnati Bengals	Pittsburgh Steelers	0 	0.0 	0 	0.0 	2.7 	35 	0.4 	0.0 	0.0 	0.0 	0.0 	8.4 	TE21		Cincinnati Bengals	Washington Commanders	0 	0.0 	0 	0.0 	2.8 	36 	0.4 	0.0 	0.0 	0.0 	0.0 	8.7 	TE20		Cincinnati Bengals	New Orleans Saints	0 	0.0 	0 	0.0 	2.7 	34 	0.4 	0.0 	0.0 	0.0 	0.0 	8.5 	TE23		Cincinnati Bengals	Cleveland Browns	0 	0.0 	0 	0.0 	2.7 	34 	0.4 	0.0 	0.0 	0.0 	0.0 	8.2 	TE19		Cincinnati Bengals	Kansas City Chiefs	0 	0.0 	0 	0.0 	2.7 	34 	0.4 	0.0 	0.0 	0.0 	0.0 	8.3 	TE21		Cincinnati Bengals	Carolina Panthers	0 	0.0 	0 	0.0 	2.7 	34 	0.4 	0.0 	0.0 	0.0 	0.0 	8.3 	TE23		Cincinnati Bengals	Indianapolis Colts	0 	0.0 	0 	0.0 	2.8 	36 	0.4 	0.0 	0.0 	0.0 	0.0 	8.7 	TE21		Cincinnati Bengals	Baltimore Ravens	0 	0.0 	0 	0.0 	2.8 	36 	0.4 	0.0 	0.0 	0.0 	0.0 	8.7 	TE22		Actual	Actual	Actual	Actual	Forecast	Forecast	Forecast	Forecast	Forecast	Forecast	Forecast	Forecast	Forecast	Forecast	Forecast	Forecast	Forecast		Healthy	Healthy	Healthy	Healthy	Healthy	Healthy	Healthy	Healthy	Healthy	Healthy	Healthy	Healthy	Healthy	Healthy	Healthy	Healthy	Healthy		Week 5 2026	10/8/2026	8:57:03 PM	20		13%	18%	0%	0%	0%	0%		(0.2)	0	0	0	0	0	(0.160093)
	Jacory Croskey-Merritt	Washington Commanders	RB	RB36	8.3 	133 	0 	0.0 	0.0 	0.0 	705 	44.1 	5.7 	0.4 	15.1 	0.9 	117 	7.3 	0.7 	0.0 	0.0 	1.3 	0.0 	0.337 	1.000 	0.594 	(0)	0.000 	0.000 	115 	109 	(6)	34 	40 	6 	0.318 				-	-		-	-	Jalen McMillan	0.003 	WR106		-	-		12.6 	5.8 	5.3 	7.0 	8.4 	7.5 	0.0 	8.4 	8.0 	8.5 	9.1 	9.7 	9.0 	8.2 	9.2 	8.3 	8.2 		RB22	RB40	RB39	RB37	RB30	RB32	-	RB30	RB33	RB29	RB28	RB33	RB30	RB33	RB34	RB36	RB35		RB35	8.5 	0.0 	0.0 	45.7 	0.4 	0.8 	6.4 	0.1 	34 	0.367 	1.000 	0.594 	0 	0.010 	0.000 	119 	0.327 		102 		-	-		-	-	Jalen McMillan	0.005 	WR105		-	-		RB35	7.7 	0.0 	0.0 	137.0 	1.2 	2.5 	19.2 	0.2 	35 	0.263 	1.000 	0.582 	(0)	0.000 	0.000 	#N/A	0.301 		30.7 		-	-		-	-	Jalen McMillan	0 	WR103		-	-					Washington Commanders	Philadelphia Eagles	0 	0.0 	63 	1.0 	1.0 	(7)	0.0 	0.0 	0.0 	0.0 	0.0 	12.6 	RB22		Washington Commanders	Dallas Cowboys	0 	0.0 	43 	0.0 	1.0 	5 	0.0 	0.0 	0.0 	0.0 	0.0 	5.8 	RB40		Washington Commanders	Seattle Seahawks	0 	0.0 	36 	0.0 	1.0 	7 	0.0 	0.0 	0.0 	0.0 	0.0 	5.3 	RB39		Washington Commanders	Indianapolis Colts	0 	0.0 	15 	0.0 	2.0 	35 	0.0 	0.0 	0.0 	0.0 	0.0 	7.0 	RB37		Washington Commanders	New York Giants	0 	0.0 	46 	0.4 	0.8 	6 	0.1 	0.0 	0.1 	0.0 	0.0 	8.4 	RB30		Washington Commanders	San Francisco 49ers	0 	0.0 	39 	0.3 	0.9 	7 	0.1 	0.0 	0.1 	0.0 	0.0 	7.5 	RB32		Washington Commanders	BYE	0 	0.0 	0 	0.0 	0.0 	0 	0.0 	0.0 	0.0 	0.0 	0.0 	0.0 	-		Washington Commanders	Philadelphia Eagles	0 	0.0 	45 	0.4 	0.8 	6 	0.1 	0.0 	0.1 	0.0 	0.0 	8.4 	RB30		Washington Commanders	Los Angeles Rams	0 	0.0 	42 	0.4 	0.9 	7 	0.1 	0.0 	0.1 	0.0 	0.0 	8.0 	RB33		Washington Commanders	New York Giants	0 	0.0 	46 	0.4 	0.8 	6 	0.1 	0.0 	0.1 	0.0 	0.0 	8.5 	RB29		Washington Commanders	Cincinnati Bengals	0 	0.0 	48 	0.4 	0.9 	7 	0.1 	0.0 	0.1 	0.0 	0.0 	9.1 	RB28		Washington Commanders	Arizona Cardinals	0 	0.0 	52 	0.5 	0.8 	6 	0.1 	0.0 	0.1 	0.0 	0.0 	9.7 	RB33		Washington Commanders	Tennessee Titans	0 	0.0 	48 	0.4 	0.8 	6 	0.1 	0.0 	0.1 	0.0 	0.0 	9.0 	RB30		Washington Commanders	Houston Texans	0 	0.0 	45 	0.4 	0.8 	6 	0.1 	0.0 	0.1 	0.0 	0.0 	8.2 	RB33		Washington Commanders	Atlanta Falcons	0 	0.0 	49 	0.4 	0.8 	6 	0.1 	0.0 	0.1 	0.0 	0.0 	9.2 	RB34		Washington Commanders	Minnesota Vikings	0 	0.0 	45 	0.4 	0.8 	6 	0.1 	0.0 	0.1 	0.0 	0.0 	8.3 	RB36		Washington Commanders	Jacksonville Jaguars	0 	0.0 	44 	0.4 	0.9 	6 	0.1 	0.0 	0.1 	0.0 	0.0 	8.2 	RB35		Actual	Actual	Actual	Actual	Forecast	Forecast	Forecast	Forecast	Forecast	Forecast	Forecast	Forecast	Forecast	Forecast	Forecast	Forecast	Forecast		Healthy	Healthy	Healthy	Healthy	Limited / Handicapped	Healthy	Healthy	Healthy	Healthy	Healthy	Healthy	Healthy	Healthy	Healthy	Healthy	Healthy	Healthy		Week 5 2026	10/8/2026	8:57:03 PM	20		3%	4%	35%	40%	0%	0%		0.0 	0	0	0	0	0	0.025282 
	Jayden Daniels	Washington Commanders	QB	QB14	17.1 	240 	2,810 	200.7 	20.6 	1.5 	477 	34.1 	2.5 	0.2 	0.0 	0.0 	0 	0.0 	0.0 	0.0 	7.7 	0.9 	0.0 	0.607 	0.460 	0.266 	1 	0.433 	0.000 	107 	62 	(45)	19 	6 	(13)	0.345 				-	-		-	-	Jayden Reed	0.003 	WR105		-	-		17.7 	14.7 	0.0 	0.0 	17.2 	16.9 	0.0 	16.9 	17.2 	17.1 	18.4 	18.2 	17.4 	16.4 	17.9 	16.6 	17.1 		QB13	QB18	-	-	QB5	QB6	-	QB9	QB9	QB7	QB3	QB3	QB6	QB11	QB3	QB7	QB7		QB6	17.3 	212.5 	1.5 	31.4 	0.2 	0.0 	0.0 	0.0 	6 	0.743 	0.460 	0.415 	1 	0.585 	0.000 	61 	0.495 		207 		-	-		-	-	Jayden Reed	0.001 	WR107		-	-		QB31	16.2 	1,275.0 	8.8 	188.7 	1.2 	0.0 	0.0 	0.0 	31 	0.278 	0.460 	0.100 	(1)	0.000 	0.000 	#N/A	0.053 		32.4 		-	-		-	-	Jayden Reed	6 	WR94		-	-					Washington Commanders	Philadelphia Eagles	164 	2.0 	31 	0.0 	0.0 	0 	0.0 	0.0 	0.0 	0.0 	0.0 	17.7 	QB13		Washington Commanders	Dallas Cowboys	96 	1.0 	69 	0.0 	0.0 	0 	0.0 	0.0 	0.0 	0.0 	0.0 	14.7 	QB18		Washington Commanders	Seattle Seahawks	0 	0.0 	0 	0.0 	0.0 	0 	0.0 	0.0 	0.0 	0.0 	0.0 	0.0 	-		Washington Commanders	Indianapolis Colts	0 	0.0 	0 	0.0 	0.0 	0 	0.0 	0.0 	0.0 	0.0 	0.0 	0.0 	-		Washington Commanders	New York Giants	208 	1.4 	33 	0.2 	0.0 	0 	0.0 	0.7 	0.1 	0.0 	0.0 	17.2 	QB5		Washington Commanders	San Francisco 49ers	221 	1.5 	27 	0.2 	0.0 	0 	0.0 	0.6 	0.1 	0.0 	0.0 	16.9 	QB6		Washington Commanders	BYE	0 	0.0 	0 	0.0 	0.0 	0 	0.0 	0.0 	0.0 	0.0 	0.0 	0.0 	-		Washington Commanders	Philadelphia Eagles	209 	1.4 	31 	0.2 	0.0 	0 	0.0 	0.6 	0.1 	0.0 	0.0 	16.9 	QB9		Washington Commanders	Los Angeles Rams	220 	1.5 	29 	0.2 	0.0 	0 	0.0 	0.6 	0.1 	0.0 	0.0 	17.2 	QB9		Washington Commanders	New York Giants	211 	1.4 	31 	0.2 	0.0 	0 	0.0 	0.6 	0.1 	0.0 	0.0 	17.1 	QB7		Washington Commanders	Cincinnati Bengals	220 	1.6 	33 	0.2 	0.0 	0 	0.0 	0.6 	0.1 	0.0 	0.0 	18.4 	QB3		Washington Commanders	Arizona Cardinals	211 	1.6 	36 	0.2 	0.0 	0 	0.0 	0.6 	0.1 	0.0 	0.0 	18.2 	QB3		Washington Commanders	Tennessee Titans	209 	1.5 	33 	0.2 	0.0 	0 	0.0 	0.6 	0.1 	0.0 	0.0 	17.4 	QB6		Washington Commanders	Houston Texans	206 	1.3 	31 	0.2 	0.0 	0 	0.0 	0.6 	0.1 	0.0 	0.0 	16.4 	QB11		Washington Commanders	Atlanta Falcons	213 	1.5 	34 	0.2 	0.0 	0 	0.0 	0.6 	0.1 	0.0 	0.0 	17.9 	QB3		Washington Commanders	Minnesota Vikings	208 	1.4 	31 	0.2 	0.0 	0 	0.0 	0.6 	0.1 	0.0 	0.0 	16.6 	QB7		Washington Commanders	Jacksonville Jaguars	214 	1.4 	30 	0.2 	0.0 	0 	0.0 	0.6 	0.1 	0.0 	0.0 	17.1 	QB7		Actual	Actual	Actual	Actual	Forecast	Forecast	Forecast	Forecast	Forecast	Forecast	Forecast	Forecast	Forecast	Forecast	Forecast	Forecast	Forecast		Healthy	Healthy	Injured	Injured	Healthy	Healthy	Healthy	Healthy	Healthy	Healthy	Healthy	Healthy	Healthy	Healthy	Healthy	Healthy	Healthy		Week 5 2026	10/8/2026	8:57:03 PM	20		0%	0%	24%	21%	99%	99%		0.4 	0	1	1	0	0	
	Deshaun Watson	Cleveland Browns	QB	QB15	16.1 	257 	3,515 	219.7 	22.3 	1.4 	405 	25.3 	1.3 	0.1 	0.0 	0.0 	0 	0.0 	0.0 	0.0 	9.7 	1.9 	0.0 	0.651 	0.460 	0.340 	1 	0.331 	0.000 	110 	402 	292 	13 	54 	41 	0.336 									Tank Dell							14.0 	19.7 	20.3 	12.9 	15.6 	15.8 	15.8 	15.0 	16.0 	14.9 	0.0 	16.4 	16.8 	16.7 	15.5 	15.1 	16.6 		QB20	QB12	QB14	QB21	QB14	QB13	QB15	QB20	QB17	QB23	-	QB12	QB8	QB7	QB21	QB22	QB10		QB15	15.8 	221.7 	1.4 	23.2 	0.1 	0.0 	0.0 	0.0 	14 	0.681 	0.460 	0.329 	1 	0.439 	0.000 	101 	0.381 		190 		-	-		-	-	Tank Dell	0.003 	WR106		-	-		QB13	16.7 	665.0 	4.1 	69.6 	0.3 	0.0 	0.0 	0.0 	13 	0.573 	0.460 	0.340 	1 	0.298 	0.000 	#N/A	0.321 		66.9 		-	-		-	-	Tank Dell	0 	WR103		-	-					Cleveland Browns	Jacksonville Jaguars	205 	1.0 	38 	0.0 	0.0 	0 	0.0 	1.0 	0.0 	0.0 	0.0 	14.0 	QB20		Cleveland Browns	Tampa Bay Buccaneers	238 	2.0 	22 	0.0 	0.0 	0 	0.0 	0.0 	0.0 	0.0 	0.0 	19.7 	QB12		Cleveland Browns	Carolina Panthers	144 	2.0 	45 	0.0 	0.0 	0 	0.0 	0.0 	0.0 	0.0 	1.0 	20.3 	QB14		Cleveland Browns	Pittsburgh Steelers	268 	1.0 	22 	0.0 	0.0 	0 	0.0 	1.0 	1.0 	0.0 	0.0 	12.9 	QB21		Cleveland Browns	New York Jets	218 	1.3 	24 	0.1 	0.0 	0 	0.0 	0.6 	0.1 	0.0 	0.0 	15.6 	QB14		Cleveland Browns	Baltimore Ravens	219 	1.4 	24 	0.1 	0.0 	0 	0.0 	0.6 	0.1 	0.0 	0.0 	15.8 	QB13		Cleveland Browns	Tennessee Titans	219 	1.4 	24 	0.1 	0.0 	0 	0.0 	0.6 	0.1 	0.0 	0.0 	15.8 	QB15		Cleveland Browns	Pittsburgh Steelers	220 	1.2 	21 	0.1 	0.0 	0 	0.0 	0.6 	0.1 	0.0 	0.0 	15.0 	QB20		Cleveland Browns	New Orleans Saints	224 	1.4 	23 	0.1 	0.0 	0 	0.0 	0.6 	0.1 	0.0 	0.0 	16.0 	QB17		Cleveland Browns	Houston Texans	216 	1.2 	22 	0.1 	0.0 	0 	0.0 	0.6 	0.1 	0.0 	0.0 	14.9 	QB23		Cleveland Browns	BYE	0 	0.0 	0 	0.0 	0.0 	0 	0.0 	0.0 	0.0 	0.0 	0.0 	0.0 	-		Cleveland Browns	Las Vegas Raiders	220 	1.4 	26 	0.1 	0.0 	0 	0.0 	0.6 	0.1 	0.0 	0.0 	16.4 	QB12		Cleveland Browns	Cincinnati Bengals	230 	1.5 	23 	0.1 	0.0 	0 	0.0 	0.6 	0.1 	0.0 	0.0 	16.8 	QB8		Cleveland Browns	Atlanta Falcons	222 	1.5 	26 	0.1 	0.0 	0 	0.0 	0.6 	0.1 	0.0 	0.0 	16.7 	QB7		Cleveland Browns	New York Giants	220 	1.3 	22 	0.1 	0.0 	0 	0.0 	0.6 	0.1 	0.0 	0.0 	15.5 	QB21		Cleveland Browns	Baltimore Ravens	224 	1.3 	20 	0.1 	0.0 	0 	0.0 	0.6 	0.1 	0.0 	0.0 	15.1 	QB22		Cleveland Browns	Indianapolis Colts	225 	1.5 	25 	0.1 	0.0 	0 	0.0 	0.6 	0.1 	0.0 	0.0 	16.6 	QB10		Actual	Actual	Actual	Actual	Forecast	Forecast	Forecast	Forecast	Forecast	Forecast	Forecast	Forecast	Forecast	Forecast	Forecast	Forecast	Forecast		Healthy	Healthy	Healthy	Healthy	Healthy	Healthy	Healthy	Healthy	Healthy	Healthy	Healthy	Healthy	Healthy	Healthy	Healthy	Healthy	Healthy		Week 5 2026	10/8/2026	8:57:03 PM	20		0%	0%	24%	18%	99%	99%		0.1 	0	0	0	0	0	0.059957 
	Kenyon Sadiq	New York Jets	TE	TE15	10.1 	151 	0 	0.0 	0.0 	0.0 	3 	0.2 	1.0 	0.1 	56.2 	3.7 	642 	42.8 	4.1 	0.3 	0.0 	0.1 	0.0 	0.382 	0.560 	0.432 	1 	0.231 	0.000 	111 	175 	64 	16 	21 	5 	0.334 				-	-		-	-	Travis Hunter	0.000 	WR107		-	-		11.4 	3.7 	23.5 	0.0 	9.4 	9.5 	9.6 	9.4 	9.1 	9.8 	9.1 	9.3 	0.0 	9.2 	9.4 	9.2 	9.2 		TE11	TE23	TE4	-	TE15	TE14	TE15	TE14	TE19	TE13	TE17	TE18	-	TE18	TE18	TE18	TE18		TE17	9.4 	0.0 	0.0 	0.0 	0.0 	3.7 	41.6 	0.3 	17 	0.402 	0.560 	0.422 	0 	0.203 	0.000 	121 	0.321 		112 		-	-		-	-	Travis Hunter	0.000 	WR108		-	-		TE18	12.9 	0.0 	0.0 	0.0 	0.0 	14.7 	166.5 	1.0 	18 	0.331 	0.560 	0.413 	0 	0.218 	0.000 	#N/A	0.313 		38.6 		-	-		-	-	Travis Hunter	0 	WR103		-	-					New York Jets	Tennessee Titans	0 	0.0 	3 	1.0 	3.0 	21 	0.0 	0.0 	0.0 	0.0 	0.0 	11.4 	TE11		New York Jets	Green Bay Packers	0 	0.0 	0 	0.0 	2.0 	17 	0.0 	0.0 	0.0 	0.0 	0.0 	3.7 	TE23		New York Jets	Detroit Lions	0 	0.0 	0 	0.0 	7.0 	105 	1.0 	0.0 	0.0 	0.0 	0.0 	23.5 	TE4		New York Jets	Chicago Bears	0 	0.0 	0 	0.0 	0.0 	0 	0.0 	0.0 	0.0 	0.0 	0.0 	0.0 	-		New York Jets	Cleveland Browns	0 	0.0 	0 	0.0 	3.7 	41 	0.3 	0.0 	0.0 	0.0 	0.0 	9.4 	TE15		New York Jets	New England Patriots	0 	0.0 	0 	0.0 	3.7 	42 	0.3 	0.0 	0.0 	0.0 	0.0 	9.5 	TE14		New York Jets	Miami Dolphins	0 	0.0 	0 	0.0 	3.7 	42 	0.3 	0.0 	0.0 	0.0 	0.0 	9.6 	TE15		New York Jets	Las Vegas Raiders	0 	0.0 	0 	0.0 	3.7 	41 	0.3 	0.0 	0.0 	0.0 	0.0 	9.4 	TE14		New York Jets	Kansas City Chiefs	0 	0.0 	0 	0.0 	3.7 	41 	0.2 	0.0 	0.0 	0.0 	0.0 	9.1 	TE19		New York Jets	Buffalo Bills	0 	0.0 	0 	0.0 	3.8 	43 	0.3 	0.0 	0.0 	0.0 	0.0 	9.8 	TE13		New York Jets	Los Angeles Chargers	0 	0.0 	0 	0.0 	3.7 	41 	0.2 	0.0 	0.0 	0.0 	0.0 	9.1 	TE17		New York Jets	Miami Dolphins	0 	0.0 	0 	0.0 	3.7 	41 	0.3 	0.0 	0.0 	0.0 	0.0 	9.3 	TE18		New York Jets	BYE	0 	0.0 	0 	0.0 	0.0 	0 	0.0 	0.0 	0.0 	0.0 	0.0 	0.0 	-		New York Jets	Denver Broncos	0 	0.0 	0 	0.0 	3.6 	41 	0.2 	0.0 	0.0 	0.0 	0.0 	9.2 	TE18		New York Jets	Arizona Cardinals	0 	0.0 	0 	0.0 	3.7 	42 	0.3 	0.0 	0.0 	0.0 	0.0 	9.4 	TE18		New York Jets	New England Patriots	0 	0.0 	0 	0.0 	3.6 	41 	0.2 	0.0 	0.0 	0.0 	0.0 	9.2 	TE18		New York Jets	Minnesota Vikings	0 	0.0 	0 	0.0 	3.6 	41 	0.2 	0.0 	0.0 	0.0 	0.0 	9.2 	TE18		Actual	Actual	Actual	Actual	Forecast	Forecast	Forecast	Forecast	Forecast	Forecast	Forecast	Forecast	Forecast	Forecast	Forecast	Forecast	Forecast		Healthy	Healthy	Healthy	Healthy	Healthy	Healthy	Healthy	Healthy	Healthy	Healthy	Healthy	Healthy	Healthy	Healthy	Healthy	Healthy	Healthy		Week 5 2026	10/8/2026	8:57:03 PM	20		19%	20%	0%	0%	0%	0%		0.0 	0	0	0	0	0	0.007430 
	Xavier Worthy	Kansas City Chiefs	WR	WR43	10.2 	163 	0 	0.0 	0.0 	0.0 	17 	1.0 	0.1 	0.0 	67.5 	4.2 	663 	41.4 	4.5 	0.3 	0.0 	0.1 	0.0 	0.412 	1.000 	0.580 	0 	0.088 	0.000 	98 	132 	34 	42 	52 	10 	0.358 				-	-		-	-	Ricky Pearsall	0.000 	WR107		-	-		4.8 	13.5 	4.0 	11.0 	0.0 	10.9 	10.5 	10.4 	10.4 	10.8 	10.9 	11.1 	10.8 	11.0 	10.9 	11.0 	10.7 		WR67	WR20	WR68	WR37	-	WR33	WR40	WR39	WR41	WR36	WR30	WR36	WR37	WR36	WR39	WR37	WR40		WR41	10.8 	0.0 	0.0 	1.4 	0.0 	4.5 	44.1 	0.3 	41 	0.463 	1.000 	0.590 	0 	0.155 	0.000 	97 	0.397 		129 		-	-		-	-	Ricky Pearsall	0.000 	WR108		-	-		WR52	8.3 	0.0 	0.0 	4.2 	0.0 	13.4 	132.4 	0.9 	52 	0.285 	1.000 	0.480 	0 	0.005 	0.000 	#N/A	0.261 		33.3 		-	-		-	-	Ricky Pearsall	0 	WR103		-	-					Kansas City Chiefs	Denver Broncos	0 	0.0 	0 	0.0 	3.0 	18 	0.0 	0.0 	0.0 	0.0 	0.0 	4.8 	WR67		Kansas City Chiefs	Indianapolis Colts	0 	0.0 	0 	0.0 	5.0 	25 	1.0 	0.0 	0.0 	0.0 	0.0 	13.5 	WR20		Kansas City Chiefs	Miami Dolphins	0 	0.0 	0 	0.0 	2.0 	20 	0.0 	0.0 	0.0 	0.0 	0.0 	4.0 	WR68		Kansas City Chiefs	Las Vegas Raiders	0 	0.0 	0 	0.0 	4.0 	70 	0.0 	0.0 	0.0 	0.0 	0.0 	11.0 	WR37		Kansas City Chiefs	BYE	0 	0.0 	0 	0.0 	0.0 	0 	0.0 	0.0 	0.0 	0.0 	0.0 	0.0 	-		Kansas City Chiefs	Los Angeles Chargers	0 	0.0 	2 	0.0 	4.4 	44 	0.3 	0.0 	0.0 	0.0 	0.0 	10.9 	WR33		Kansas City Chiefs	Seattle Seahawks	0 	0.0 	1 	0.0 	4.4 	43 	0.3 	0.0 	0.0 	0.0 	0.0 	10.5 	WR40		Kansas City Chiefs	Denver Broncos	0 	0.0 	1 	0.0 	4.4 	43 	0.3 	0.0 	0.0 	0.0 	0.0 	10.4 	WR39		Kansas City Chiefs	New York Jets	0 	0.0 	2 	0.0 	4.3 	42 	0.3 	0.0 	0.0 	0.0 	0.0 	10.4 	WR41		Kansas City Chiefs	Atlanta Falcons	0 	0.0 	1 	0.0 	4.4 	44 	0.3 	0.0 	0.0 	0.0 	0.0 	10.8 	WR36		Kansas City Chiefs	Arizona Cardinals	0 	0.0 	2 	0.0 	4.4 	44 	0.3 	0.0 	0.0 	0.0 	0.0 	10.9 	WR30		Kansas City Chiefs	Buffalo Bills	0 	0.0 	1 	0.0 	4.6 	46 	0.3 	0.0 	0.0 	0.0 	0.0 	11.1 	WR36		Kansas City Chiefs	Los Angeles Rams	0 	0.0 	1 	0.0 	4.5 	45 	0.3 	0.0 	0.0 	0.0 	0.0 	10.8 	WR37		Kansas City Chiefs	Cincinnati Bengals	0 	0.0 	1 	0.0 	4.6 	45 	0.3 	0.0 	0.0 	0.0 	0.0 	11.0 	WR36		Kansas City Chiefs	New England Patriots	0 	0.0 	1 	0.0 	4.5 	44 	0.3 	0.0 	0.0 	0.0 	0.0 	10.9 	WR39		Kansas City Chiefs	San Francisco 49ers	0 	0.0 	1 	0.0 	4.5 	45 	0.3 	0.0 	0.0 	0.0 	0.0 	11.0 	WR37		Kansas City Chiefs	Los Angeles Chargers	0 	0.0 	1 	0.0 	4.4 	44 	0.3 	0.0 	0.0 	0.0 	0.0 	10.7 	WR40		Actual	Actual	Actual	Actual	Forecast	Forecast	Forecast	Forecast	Forecast	Forecast	Forecast	Forecast	Forecast	Forecast	Forecast	Forecast	Forecast		Healthy	Healthy	Healthy	Healthy	Healthy	Healthy	Healthy	Healthy	Healthy	Healthy	Healthy	Healthy	Healthy	Healthy	Healthy	Healthy	Healthy		Week 5 2026	10/8/2026	8:57:03 PM	20		21%	19%	1%	1%	0%	0%		0.1 	0	0	0	0	0	0.136538 
	Rachaad White	Washington Commanders	RB	RB33	9.4 	141 	0 	0.0 	0.0 	0.0 	413 	27.5 	2.7 	0.2 	46.3 	3.1 	256 	17.1 	2.2 	0.1 	0.0 	0.8 	0.0 	0.358 	1.000 	0.619 	0 	0.049 	0.000 	101 	117 	16 	32 	41 	9 	0.352 				-	-		-	-	Jayden Higgins	0.000 	WR107		-	-		4.7 	14.3 	11.1 	0.0 	8.9 	8.9 	0.0 	9.1 	9.1 	9.3 	9.8 	9.9 	9.5 	8.9 	9.7 	9.0 	9.1 		RB43	RB11	RB20	-	RB29	RB27	-	RB28	RB31	RB28	RB25	RB31	RB28	RB31	RB32	RB33	RB32		RB33	9.3 	0.0 	0.0 	26.1 	0.2 	3.1 	17.1 	0.1 	31 	0.399 	1.000 	0.632 	0 	0.060 	0.000 	105 	0.368 		111 		-	-		-	-	Jayden Higgins	0.000 	WR108		-	-		RB37	10.0 	0.0 	0.0 	104.4 	0.9 	12.4 	68.4 	0.4 	37 	0.258 	1.000 	0.557 	(0)	0.000 	0.000 	#N/A	0.289 		30.1 		-	-		-	-	Jayden Higgins	0 	WR103		-	-					Washington Commanders	Philadelphia Eagles	0 	0.0 	22 	0.0 	2.0 	5 	0.0 	0.0 	0.0 	0.0 	0.0 	4.7 	RB43		Washington Commanders	Dallas Cowboys	0 	0.0 	43 	0.0 	6.0 	40 	0.0 	0.0 	0.0 	0.0 	0.0 	14.3 	RB11		Washington Commanders	Seattle Seahawks	0 	0.0 	35 	0.0 	1.0 	6 	1.0 	0.0 	0.0 	0.0 	0.0 	11.1 	RB20		Washington Commanders	Indianapolis Colts	0 	0.0 	0 	0.0 	0.0 	0 	0.0 	0.0 	0.0 	0.0 	0.0 	0.0 	-		Washington Commanders	New York Giants	0 	0.0 	26 	0.2 	2.9 	16 	0.1 	0.0 	0.1 	0.0 	0.0 	8.9 	RB29		Washington Commanders	San Francisco 49ers	0 	0.0 	22 	0.2 	3.2 	18 	0.1 	0.0 	0.1 	0.0 	0.0 	8.9 	RB27		Washington Commanders	BYE	0 	0.0 	0 	0.0 	0.0 	0 	0.0 	0.0 	0.0 	0.0 	0.0 	0.0 	-		Washington Commanders	Philadelphia Eagles	0 	0.0 	26 	0.2 	3.1 	17 	0.1 	0.0 	0.1 	0.0 	0.0 	9.1 	RB28		Washington Commanders	Los Angeles Rams	0 	0.0 	24 	0.2 	3.2 	18 	0.1 	0.0 	0.1 	0.0 	0.0 	9.1 	RB31		Washington Commanders	New York Giants	0 	0.0 	26 	0.2 	3.1 	17 	0.1 	0.0 	0.1 	0.0 	0.0 	9.3 	RB28		Washington Commanders	Cincinnati Bengals	0 	0.0 	27 	0.2 	3.2 	18 	0.1 	0.0 	0.1 	0.0 	0.0 	9.8 	RB25		Washington Commanders	Arizona Cardinals	0 	0.0 	30 	0.3 	3.1 	17 	0.1 	0.0 	0.1 	0.0 	0.0 	9.9 	RB31		Washington Commanders	Tennessee Titans	0 	0.0 	28 	0.2 	3.1 	17 	0.1 	0.0 	0.1 	0.0 	0.0 	9.5 	RB28		Washington Commanders	Houston Texans	0 	0.0 	25 	0.2 	3.0 	17 	0.1 	0.0 	0.1 	0.0 	0.0 	8.9 	RB31		Washington Commanders	Atlanta Falcons	0 	0.0 	28 	0.3 	3.1 	17 	0.1 	0.0 	0.1 	0.0 	0.0 	9.7 	RB32		Washington Commanders	Minnesota Vikings	0 	0.0 	26 	0.2 	3.1 	17 	0.1 	0.0 	0.1 	0.0 	0.0 	9.0 	RB33		Washington Commanders	Jacksonville Jaguars	0 	0.0 	25 	0.2 	3.2 	17 	0.1 	0.0 	0.1 	0.0 	0.0 	9.1 	RB32		Actual	Actual	Actual	Actual	Forecast	Forecast	Forecast	Forecast	Forecast	Forecast	Forecast	Forecast	Forecast	Forecast	Forecast	Forecast	Forecast		Healthy	Healthy	Healthy	Injured	Limited / Handicapped	Healthy	Healthy	Healthy	Healthy	Healthy	Healthy	Healthy	Healthy	Healthy	Healthy	Healthy	Healthy		Week 5 2026	10/8/2026	8:57:03 PM	20		8%	7%	20%	23%	0%	0%		0.1 	0	0	1	0	0	
	Michael Mayer	Las Vegas Raiders	TE	TE14	10.1 	162 	0 	0.0 	0.0 	0.0 	0 	0.0 	0.0 	0.0 	71.7 	4.5 	660 	41.3 	4.1 	0.3 	0.0 	0.1 	0.0 	0.410 	0.560 	0.458 	1 	0.237 	0.000 	102 	456 	354 	13 	68 	55 	0.351 																9.2 	5.3 	12.2 	16.2 	10.1 	10.7 	10.2 	9.6 	10.1 	9.7 	9.6 	9.5 	0.0 	9.9 	9.6 	9.9 	9.9 		TE18	TE22	TE11	TE7	TE12	TE11	TE13	TE12	TE14	TE14	TE13	TE16	-	TE13	TE15	TE14	TE14		TE14	9.9 	0.0 	0.0 	0.0 	0.0 	4.3 	40.9 	0.3 	14 	0.426 	0.560 	0.450 	1 	0.262 	0.000 	107 	0.362 		119 		-	-		-	-		-	-		-	-		TE13	10.7 	0.0 	0.0 	0.0 	0.0 	12.9 	122.8 	0.8 	13 	0.368 	0.560 	0.458 	1 	0.328 	0.000 	#N/A	0.386 		42.9 		-	-		-	-		-	-		-	-					Las Vegas Raiders	Miami Dolphins	0 	0.0 	0 	0.0 	6.0 	32 	0.0 	0.0 	0.0 	0.0 	0.0 	9.2 	TE18		Las Vegas Raiders	Los Angeles Chargers	0 	0.0 	0 	0.0 	3.0 	23 	0.0 	0.0 	0.0 	0.0 	0.0 	5.3 	TE22		Las Vegas Raiders	New Orleans Saints	0 	0.0 	0 	0.0 	3.0 	32 	1.0 	0.0 	0.0 	0.0 	0.0 	12.2 	TE11		Las Vegas Raiders	Kansas City Chiefs	0 	0.0 	0 	0.0 	8.0 	82 	0.0 	0.0 	0.0 	0.0 	0.0 	16.2 	TE7		Las Vegas Raiders	New England Patriots	0 	0.0 	0 	0.0 	4.4 	42 	0.3 	0.0 	0.0 	0.0 	0.0 	10.1 	TE12		Las Vegas Raiders	Buffalo Bills	0 	0.0 	0 	0.0 	4.6 	43 	0.3 	0.0 	0.0 	0.0 	0.0 	10.7 	TE11		Las Vegas Raiders	Los Angeles Rams	0 	0.0 	0 	0.0 	4.5 	42 	0.3 	0.0 	0.0 	0.0 	0.0 	10.2 	TE13		Las Vegas Raiders	New York Jets	0 	0.0 	0 	0.0 	4.2 	40 	0.2 	0.0 	0.0 	0.0 	0.0 	9.6 	TE12		Las Vegas Raiders	San Francisco 49ers	0 	0.0 	0 	0.0 	4.4 	42 	0.3 	0.0 	0.0 	0.0 	0.0 	10.1 	TE14		Las Vegas Raiders	Seattle Seahawks	0 	0.0 	0 	0.0 	4.3 	41 	0.2 	0.0 	0.0 	0.0 	0.0 	9.7 	TE14		Las Vegas Raiders	Denver Broncos	0 	0.0 	0 	0.0 	4.3 	40 	0.2 	0.0 	0.0 	0.0 	0.0 	9.6 	TE13		Las Vegas Raiders	Cleveland Browns	0 	0.0 	0 	0.0 	4.1 	39 	0.2 	0.0 	0.0 	0.0 	0.0 	9.5 	TE16		Las Vegas Raiders	BYE	0 	0.0 	0 	0.0 	0.0 	0 	0.0 	0.0 	0.0 	0.0 	0.0 	0.0 	-		Las Vegas Raiders	Los Angeles Chargers	0 	0.0 	0 	0.0 	4.3 	41 	0.2 	0.0 	0.0 	0.0 	0.0 	9.9 	TE13		Las Vegas Raiders	Denver Broncos	0 	0.0 	0 	0.0 	4.2 	40 	0.2 	0.0 	0.0 	0.0 	0.0 	9.6 	TE15		Las Vegas Raiders	Tennessee Titans	0 	0.0 	0 	0.0 	4.3 	40 	0.3 	0.0 	0.0 	0.0 	0.0 	9.9 	TE14		Las Vegas Raiders	Arizona Cardinals	0 	0.0 	0 	0.0 	4.3 	40 	0.3 	0.0 	0.0 	0.0 	0.0 	9.9 	TE14		Actual	Actual	Actual	Actual	Forecast	Forecast	Forecast	Forecast	Forecast	Forecast	Forecast	Forecast	Forecast	Forecast	Forecast	Forecast	Forecast		Healthy	Healthy	Healthy	Healthy	Healthy	Healthy	Healthy	Healthy	Healthy	Healthy	Healthy	Healthy	Healthy	Healthy	Healthy	Healthy	Healthy		Week 5 2026	10/8/2026	8:57:03 PM	20		18%	17%	0%	0%	0%	0%		(0.0)	0	0	0	0	0	(0.024542)
	C.J. Stroud	Houston Texans	QB	QB16	15.8 	254 	3,846 	240.4 	22.4 	1.4 	252 	15.7 	1.0 	0.1 	0.0 	0.0 	0 	0.0 	0.0 	0.0 	7.7 	2.9 	0.0 	0.642 	0.460 	0.329 	0 	0.310 	0.000 	114 	182 	68 	14 	23 	9 	0.320 				-	-		-	-		-	-		-	-		16.5 	17.0 	11.7 	23.1 	15.2 	14.9 	16.4 	0.0 	15.0 	15.0 	16.9 	16.2 	15.3 	16.0 	16.1 	13.6 	14.8 		QB16	QB13	QB25	QB3	QB18	QB18	QB12	-	QB24	QB21	QB9	QB14	QB21	QB17	QB16	QB30	QB24		QB24	15.4 	225.4 	1.5 	15.5 	0.1 	0.0 	0.0 	0.0 	22 	0.664 	0.460 	0.227 	1 	0.398 	0.000 	128 	0.307 		185 		-	-		-	-		-	-		-	-		QB11	17.1 	676.2 	4.4 	46.4 	0.3 	0.0 	0.0 	0.0 	11 	0.585 	0.460 	0.363 	1 	0.319 	0.000 	#N/A	0.342 		68.2 		-	-		-	-		-	-		-	-					Houston Texans	Buffalo Bills	274 	2.0 	15 	0.0 	0.0 	0 	0.0 	0.0 	2.0 	0.0 	0.0 	16.5 	QB16		Houston Texans	Cincinnati Bengals	353 	0.0 	29 	0.0 	0.0 	0 	0.0 	0.0 	0.0 	0.0 	0.0 	17.0 	QB13		Houston Texans	Indianapolis Colts	167 	1.0 	10 	0.0 	0.0 	0 	0.0 	0.0 	0.0 	0.0 	0.0 	11.7 	QB25		Houston Texans	Dallas Cowboys	347 	2.0 	12 	0.0 	0.0 	0 	0.0 	0.0 	0.0 	0.0 	0.0 	23.1 	QB3		Houston Texans	Tennessee Titans	218 	1.4 	17 	0.1 	0.0 	0 	0.0 	0.6 	0.1 	0.0 	0.0 	15.2 	QB18		Houston Texans	Jacksonville Jaguars	224 	1.4 	14 	0.1 	0.0 	0 	0.0 	0.6 	0.1 	0.0 	0.0 	14.9 	QB18		Houston Texans	New York Giants	230 	1.6 	17 	0.1 	0.0 	0 	0.0 	0.6 	0.1 	0.0 	0.0 	16.4 	QB12		Houston Texans	BYE	0 	0.0 	0 	0.0 	0.0 	0 	0.0 	0.0 	0.0 	0.0 	0.0 	0.0 	-		Houston Texans	Los Angeles Chargers	225 	1.4 	14 	0.1 	0.0 	0 	0.0 	0.6 	0.1 	0.0 	0.0 	15.0 	QB24		Houston Texans	Cleveland Browns	219 	1.4 	16 	0.1 	0.0 	0 	0.0 	0.6 	0.1 	0.0 	0.0 	15.0 	QB21		Houston Texans	Indianapolis Colts	234 	1.7 	17 	0.1 	0.0 	0 	0.0 	0.6 	0.1 	0.0 	0.0 	16.9 	QB9		Houston Texans	Baltimore Ravens	232 	1.6 	16 	0.1 	0.0 	0 	0.0 	0.6 	0.1 	0.0 	0.0 	16.2 	QB14		Houston Texans	Pittsburgh Steelers	224 	1.4 	15 	0.1 	0.0 	0 	0.0 	0.6 	0.1 	0.0 	0.0 	15.3 	QB21		Houston Texans	Washington Commanders	230 	1.5 	16 	0.1 	0.0 	0 	0.0 	0.6 	0.1 	0.0 	0.0 	16.0 	QB17		Houston Texans	Jacksonville Jaguars	231 	1.5 	16 	0.1 	0.0 	0 	0.0 	0.6 	0.1 	0.0 	0.0 	16.1 	QB16		Houston Texans	Philadelphia Eagles	214 	1.2 	14 	0.1 	0.0 	0 	0.0 	0.6 	0.1 	0.0 	0.0 	13.6 	QB30		Houston Texans	Green Bay Packers	223 	1.4 	14 	0.1 	0.0 	0 	0.0 	0.6 	0.1 	0.0 	0.0 	14.8 	QB24		Actual	Actual	Actual	Actual	Forecast	Forecast	Forecast	Forecast	Forecast	Forecast	Forecast	Forecast	Forecast	Forecast	Forecast	Forecast	Forecast		Healthy	Healthy	Healthy	Healthy	Healthy	Healthy	Healthy	Healthy	Healthy	Healthy	Healthy	Healthy	Healthy	Healthy	Healthy	Healthy	Healthy		Week 5 2026	10/8/2026	8:57:03 PM	20		0%	0%	14%	10%	99%	99%		(0.0)	0	0	0	0	0	(0.035078)
	Roman Wilson	Pittsburgh Steelers	WR	WR49	9.6 	154 	0 	0.0 	0.0 	0.0 	0 	0.0 	0.0 	0.0 	51.5 	3.2 	682 	42.7 	5.7 	0.4 	0.0 	0.1 	0.0 	0.389 	1.000 	0.510 	0 	0.050 	0.000 	118 	516 	398 	49 	166 	117 	0.308 																5.6 	7.8 	15.0 	16.4 	9.4 	8.9 	9.2 	8.8 	0.0 	9.5 	8.9 	8.6 	8.9 	9.0 	9.3 	9.2 	9.1 		WR60	WR39	WR23	WR16	WR46	WR45	WR46	WR48	-	WR45	WR44	WR54	WR48	WR50	WR51	WR53	WR51		WR53	9.1 	0.0 	0.0 	0.0 	0.0 	3.1 	41.2 	0.3 	53 	0.390 	1.000 	0.470 	0 	0.030 	0.000 	138 	0.282 		109 		-	-		-	-		-	-		-	-		WR30	11.2 	0.0 	0.0 	0.0 	0.0 	9.4 	123.6 	0.9 	30 	0.384 	1.000 	0.700 	1 	0.142 	0.000 	#N/A	0.429 		44.8 		-	-		-	-		-	-		-	-					Pittsburgh Steelers	Atlanta Falcons	0 	0.0 	0 	0.0 	3.0 	26 	0.0 	0.0 	0.0 	0.0 	0.0 	5.6 	WR60		Pittsburgh Steelers	New England Patriots	0 	0.0 	0 	0.0 	5.0 	28 	0.0 	0.0 	0.0 	0.0 	0.0 	7.8 	WR39		Pittsburgh Steelers	Cincinnati Bengals	0 	0.0 	0 	0.0 	3.0 	60 	1.0 	0.0 	0.0 	0.0 	0.0 	15.0 	WR23		Pittsburgh Steelers	Cleveland Browns	0 	0.0 	0 	0.0 	3.0 	74 	1.0 	0.0 	0.0 	0.0 	0.0 	16.4 	WR16		Pittsburgh Steelers	Indianapolis Colts	0 	0.0 	0 	0.0 	3.2 	42 	0.3 	0.0 	0.0 	0.0 	0.0 	9.4 	WR46		Pittsburgh Steelers	Tampa Bay Buccaneers	0 	0.0 	0 	0.0 	3.1 	41 	0.3 	0.0 	0.0 	0.0 	0.0 	8.9 	WR45		Pittsburgh Steelers	New Orleans Saints	0 	0.0 	0 	0.0 	3.1 	41 	0.3 	0.0 	0.0 	0.0 	0.0 	9.2 	WR46		Pittsburgh Steelers	Cleveland Browns	0 	0.0 	0 	0.0 	3.0 	40 	0.3 	0.0 	0.0 	0.0 	0.0 	8.8 	WR48		Pittsburgh Steelers	BYE	0 	0.0 	0 	0.0 	0.0 	0 	0.0 	0.0 	0.0 	0.0 	0.0 	0.0 	-		Pittsburgh Steelers	Cincinnati Bengals	0 	0.0 	0 	0.0 	3.3 	43 	0.3 	0.0 	0.0 	0.0 	0.0 	9.5 	WR45		Pittsburgh Steelers	Philadelphia Eagles	0 	0.0 	0 	0.0 	3.1 	41 	0.3 	0.0 	0.0 	0.0 	0.0 	8.9 	WR44		Pittsburgh Steelers	Denver Broncos	0 	0.0 	0 	0.0 	3.0 	40 	0.3 	0.0 	0.0 	0.0 	0.0 	8.6 	WR54		Pittsburgh Steelers	Houston Texans	0 	0.0 	0 	0.0 	3.1 	41 	0.3 	0.0 	0.0 	0.0 	0.0 	8.9 	WR48		Pittsburgh Steelers	Jacksonville Jaguars	0 	0.0 	0 	0.0 	3.1 	41 	0.3 	0.0 	0.0 	0.0 	0.0 	9.0 	WR50		Pittsburgh Steelers	Baltimore Ravens	0 	0.0 	0 	0.0 	3.2 	42 	0.3 	0.0 	0.0 	0.0 	0.0 	9.3 	WR51		Pittsburgh Steelers	Carolina Panthers	0 	0.0 	0 	0.0 	3.1 	41 	0.3 	0.0 	0.0 	0.0 	0.0 	9.2 	WR53		Pittsburgh Steelers	Tennessee Titans	0 	0.0 	0 	0.0 	3.1 	41 	0.3 	0.0 	0.0 	0.0 	0.0 	9.1 	WR51		Actual	Actual	Actual	Actual	Forecast	Forecast	Forecast	Forecast	Forecast	Forecast	Forecast	Forecast	Forecast	Forecast	Forecast	Forecast	Forecast		Healthy	Healthy	Healthy	Healthy	Healthy	Healthy	Healthy	Healthy	Healthy	Healthy	Healthy	Healthy	Healthy	Healthy	Healthy	Healthy	Healthy		Week 5 2026	10/8/2026	8:57:03 PM	20		18%	19%	0%	0%	0%	0%		(0.1)	0	0	0	0	0	(0.147390)
	Rome Odunze	Chicago Bears	WR	WR50	9.5 	151 	0 	0.0 	0.0 	0.0 	0 	0.0 	0.0 	0.0 	49.7 	3.1 	782 	48.9 	3.9 	0.2 	0.0 	0.1 	0.0 	0.383 	1.000 	0.500 	0 	0.041 	0.000 	121 	59 	(62)	50 	27 	(23)	0.299 				-	-		-	-		-	-		-	-		7.2 	7.3 	7.4 	15.4 	9.4 	9.4 	9.4 	9.3 	9.7 	0.0 	9.3 	9.7 	9.6 	9.5 	9.8 	9.4 	9.6 		WR52	WR42	WR50	WR19	WR47	WR42	WR45	WR45	WR46	-	WR39	WR47	WR46	WR46	WR46	WR50	WR48		WR49	9.5 	0.0 	0.0 	0.0 	0.0 	3.0 	45.8 	0.3 	49 	0.408 	1.000 	0.510 	0 	0.062 	0.000 	122 	0.315 		114 		-	-		-	-		-	-		-	-		WR44	9.3 	0.0 	0.0 	0.0 	0.0 	8.9 	137.3 	1.0 	44 	0.320 	1.000 	0.560 	0 	0.052 	0.000 	#N/A	0.321 		37.3 		-	-		-	-		-	-		-	-					Chicago Bears	Carolina Panthers	0 	0.0 	0 	0.0 	2.0 	52 	0.0 	0.0 	0.0 	0.0 	0.0 	7.2 	WR52		Chicago Bears	Minnesota Vikings	0 	0.0 	0 	0.0 	3.0 	43 	0.0 	0.0 	0.0 	0.0 	0.0 	7.3 	WR42		Chicago Bears	Philadelphia Eagles	0 	0.0 	0 	0.0 	3.0 	44 	0.0 	0.0 	0.0 	0.0 	0.0 	7.4 	WR50		Chicago Bears	New York Jets	0 	0.0 	0 	0.0 	6.0 	94 	0.0 	0.0 	0.0 	0.0 	0.0 	15.4 	WR19		Chicago Bears	Green Bay Packers	0 	0.0 	0 	0.0 	2.9 	45 	0.3 	0.0 	0.0 	0.0 	0.0 	9.4 	WR47		Chicago Bears	Atlanta Falcons	0 	0.0 	0 	0.0 	2.9 	45 	0.3 	0.0 	0.0 	0.0 	0.0 	9.4 	WR42		Chicago Bears	New England Patriots	0 	0.0 	0 	0.0 	2.9 	45 	0.3 	0.0 	0.0 	0.0 	0.0 	9.4 	WR45		Chicago Bears	Seattle Seahawks	0 	0.0 	0 	0.0 	2.9 	45 	0.3 	0.0 	0.0 	0.0 	0.0 	9.3 	WR45		Chicago Bears	Tampa Bay Buccaneers	0 	0.0 	0 	0.0 	3.0 	46 	0.3 	0.0 	0.0 	0.0 	0.0 	9.7 	WR46		Chicago Bears	BYE	0 	0.0 	0 	0.0 	0.0 	0 	0.0 	0.0 	0.0 	0.0 	0.0 	0.0 	-		Chicago Bears	New Orleans Saints	0 	0.0 	0 	0.0 	2.9 	44 	0.3 	0.0 	0.0 	0.0 	0.0 	9.3 	WR39		Chicago Bears	Detroit Lions	0 	0.0 	0 	0.0 	3.0 	47 	0.3 	0.0 	0.0 	0.0 	0.0 	9.7 	WR47		Chicago Bears	Jacksonville Jaguars	0 	0.0 	0 	0.0 	3.0 	46 	0.3 	0.0 	0.0 	0.0 	0.0 	9.6 	WR46		Chicago Bears	Miami Dolphins	0 	0.0 	0 	0.0 	2.9 	45 	0.3 	0.0 	0.0 	0.0 	0.0 	9.5 	WR46		Chicago Bears	Buffalo Bills	0 	0.0 	0 	0.0 	3.1 	47 	0.3 	0.0 	0.0 	0.0 	0.0 	9.8 	WR46		Chicago Bears	Green Bay Packers	0 	0.0 	0 	0.0 	2.9 	45 	0.3 	0.0 	0.0 	0.0 	0.0 	9.4 	WR50		Chicago Bears	Detroit Lions	0 	0.0 	0 	0.0 	3.0 	46 	0.3 	0.0 	0.0 	0.0 	0.0 	9.6 	WR48		Actual	Actual	Actual	Actual	Forecast	Forecast	Forecast	Forecast	Forecast	Forecast	Forecast	Forecast	Forecast	Forecast	Forecast	Forecast	Forecast		Healthy	Healthy	Healthy	Healthy	Healthy	Healthy	Healthy	Healthy	Healthy	Healthy	Healthy	Healthy	Healthy	Healthy	Healthy	Healthy	Healthy		Week 5 2026	10/8/2026	8:57:03 PM	20		22%	21%	0%	0%	0%	0%		(0.0)	0	0	0	0	0	(0.005443)
	Matthew Stafford	Los Angeles Rams	QB	QB17	15.8 	252 	3,981 	248.8 	28.8 	1.8 	53 	3.3 	0.2 	0.0 	0.0 	0.0 	0 	0.0 	0.0 	0.0 	13.6 	0.9 	0.0 	0.638 	0.460 	0.317 	0 	0.301 	0.000 	117 	99 	(18)	15 	12 	(3)	0.309 				-	-		-	-		-	-		-	-		4.3 	27.0 	20.9 	9.7 	16.9 	16.7 	15.4 	15.7 	16.2 	15.9 	0.0 	15.6 	15.4 	15.7 	16.4 	14.7 	15.6 		QB32	QB6	QB11	QB26	QB7	QB8	QB19	QB15	QB14	QB13	-	QB22	QB20	QB21	QB13	QB26	QB17		QB14	15.9 	232.7 	1.9 	2.7 	0.0 	0.0 	0.0 	0.0 	13 	0.682 	0.460 	0.340 	1 	0.440 	0.000 	99 	0.387 		190 		-	-		-	-		-	-		-	-		QB16	15.5 	698.0 	5.7 	8.0 	0.1 	0.0 	0.0 	0.0 	16 	0.530 	0.460 	0.304 	0 	0.220 	0.000 	#N/A	0.265 		61.8 		-	-		-	-		-	-		-	-					Los Angeles Rams	San Francisco 49ers	155 	0.0 	(1)	0.0 	0.0 	0 	0.0 	0.9 	0.0 	0.0 	0.0 	4.3 	QB32		Los Angeles Rams	New York Giants	327 	4.0 	(1)	0.0 	0.0 	0 	0.0 	1.0 	0.0 	0.0 	0.0 	27.0 	QB6		Los Angeles Rams	Denver Broncos	390 	2.0 	13 	0.0 	0.0 	0 	0.0 	2.0 	0.0 	0.0 	0.0 	20.9 	QB11		Los Angeles Rams	Philadelphia Eagles	317 	0.0 	10 	0.0 	0.0 	0 	0.0 	2.0 	0.0 	0.0 	0.0 	9.7 	QB26		Los Angeles Rams	Buffalo Bills	244 	2.1 	3 	0.0 	0.0 	0 	0.0 	0.6 	0.1 	0.0 	0.0 	16.9 	QB7		Los Angeles Rams	Arizona Cardinals	235 	2.1 	3 	0.0 	0.0 	0 	0.0 	0.6 	0.1 	0.0 	0.0 	16.7 	QB8		Los Angeles Rams	Las Vegas Raiders	227 	1.8 	3 	0.0 	0.0 	0 	0.0 	0.6 	0.1 	0.0 	0.0 	15.4 	QB19		Los Angeles Rams	Los Angeles Chargers	234 	1.9 	2 	0.0 	0.0 	0 	0.0 	0.6 	0.1 	0.0 	0.0 	15.7 	QB15		Los Angeles Rams	Washington Commanders	236 	2.0 	3 	0.0 	0.0 	0 	0.0 	0.6 	0.1 	0.0 	0.0 	16.2 	QB14		Los Angeles Rams	Arizona Cardinals	228 	1.9 	3 	0.0 	0.0 	0 	0.0 	0.6 	0.1 	0.0 	0.0 	15.9 	QB13		Los Angeles Rams	BYE	0 	0.0 	0 	0.0 	0.0 	0 	0.0 	0.0 	0.0 	0.0 	0.0 	0.0 	-		Los Angeles Rams	Green Bay Packers	231 	1.9 	3 	0.0 	0.0 	0 	0.0 	0.6 	0.1 	0.0 	0.0 	15.6 	QB22		Los Angeles Rams	Kansas City Chiefs	229 	1.8 	3 	0.0 	0.0 	0 	0.0 	0.6 	0.1 	0.0 	0.0 	15.4 	QB20		Los Angeles Rams	San Francisco 49ers	234 	1.9 	2 	0.0 	0.0 	0 	0.0 	0.6 	0.1 	0.0 	0.0 	15.7 	QB21		Los Angeles Rams	Dallas Cowboys	235 	2.0 	3 	0.0 	0.0 	0 	0.0 	0.6 	0.1 	0.0 	0.0 	16.4 	QB13		Los Angeles Rams	Seattle Seahawks	228 	1.7 	2 	0.0 	0.0 	0 	0.0 	0.6 	0.1 	0.0 	0.0 	14.7 	QB26		Los Angeles Rams	Tampa Bay Buccaneers	231 	1.9 	3 	0.0 	0.0 	0 	0.0 	0.6 	0.1 	0.0 	0.0 	15.6 	QB17		Actual	Actual	Actual	Actual	Forecast	Forecast	Forecast	Forecast	Forecast	Forecast	Forecast	Forecast	Forecast	Forecast	Forecast	Forecast	Forecast		Healthy	Healthy	Healthy	Healthy	Healthy	Healthy	Healthy	Healthy	Healthy	Healthy	Healthy	Healthy	Healthy	Healthy	Healthy	Healthy	Healthy		Week 5 2026	10/8/2026	8:57:03 PM	20		0%	0%	2%	2%	99%	99%		0.1 	0	0	0	0	0	0.122605 
	Blake Corum	Los Angeles Rams	RB	RB41	7.0 	112 	0 	0.0 	0.0 	0.0 	753 	47.1 	3.8 	0.2 	10.3 	0.6 	48 	3.0 	0.2 	0.0 	0.0 	1.4 	0.0 	0.283 	1.000 	0.519 	(0)	0.000 	0.000 	134 	100 	(34)	40 	37 	(3)	0.276 				-	-		-	-		-	-		-	-		5.4 	10.2 	3.5 	3.1 	7.4 	8.6 	7.7 	7.0 	7.5 	8.3 	0.0 	7.3 	7.2 	7.0 	8.0 	6.3 	7.3 		RB41	RB23	RB47	RB47	RB36	RB29	RB31	RB32	RB37	RB30	-	RB39	RB35	RB40	RB35	RB44	RB38		RB38	7.5 	0.0 	0.0 	49.3 	0.3 	0.5 	2.4 	0.0 	38 	0.321 	1.000 	0.544 	(0)	0.000 	0.000 	132 	0.293 		90 		-	-		-	-		-	-		-	-		RB43	5.6 	0.0 	0.0 	147.8 	0.9 	1.6 	7.1 	0.1 	43 	0.190 	1.000 	0.481 	(0)	0.000 	0.000 	#N/A	0.245 		22.2 		-	-		-	-		-	-		-	-					Los Angeles Rams	San Francisco 49ers	0 	0.0 	54 	0.0 	0.0 	0 	0.0 	0.0 	0.0 	0.0 	0.0 	5.4 	RB41		Los Angeles Rams	New York Giants	0 	0.0 	79 	0.0 	1.0 	13 	0.0 	0.0 	0.0 	0.0 	0.0 	10.2 	RB23		Los Angeles Rams	Denver Broncos	0 	0.0 	15 	0.0 	2.0 	0 	0.0 	0.0 	0.0 	0.0 	0.0 	3.5 	RB47		Los Angeles Rams	Philadelphia Eagles	0 	0.0 	14 	0.0 	1.0 	7 	0.0 	0.0 	0.0 	0.0 	0.0 	3.1 	RB47		Los Angeles Rams	Buffalo Bills	0 	0.0 	48 	0.3 	0.5 	2 	0.0 	0.0 	0.1 	0.0 	0.0 	7.4 	RB36		Los Angeles Rams	Arizona Cardinals	0 	0.0 	56 	0.4 	0.5 	2 	0.0 	0.0 	0.1 	0.0 	0.0 	8.6 	RB29		Los Angeles Rams	Las Vegas Raiders	0 	0.0 	51 	0.3 	0.5 	2 	0.0 	0.0 	0.1 	0.0 	0.0 	7.7 	RB31		Los Angeles Rams	Los Angeles Chargers	0 	0.0 	46 	0.3 	0.5 	2 	0.0 	0.0 	0.1 	0.0 	0.0 	7.0 	RB32		Los Angeles Rams	Washington Commanders	0 	0.0 	50 	0.3 	0.5 	2 	0.0 	0.0 	0.1 	0.0 	0.0 	7.5 	RB37		Los Angeles Rams	Arizona Cardinals	0 	0.0 	55 	0.4 	0.5 	2 	0.0 	0.0 	0.1 	0.0 	0.0 	8.3 	RB30		Los Angeles Rams	BYE	0 	0.0 	0 	0.0 	0.0 	0 	0.0 	0.0 	0.0 	0.0 	0.0 	0.0 	-		Los Angeles Rams	Green Bay Packers	0 	0.0 	48 	0.3 	0.5 	2 	0.0 	0.0 	0.1 	0.0 	0.0 	7.3 	RB39		Los Angeles Rams	Kansas City Chiefs	0 	0.0 	48 	0.3 	0.5 	2 	0.0 	0.0 	0.1 	0.0 	0.0 	7.2 	RB35		Los Angeles Rams	San Francisco 49ers	0 	0.0 	46 	0.3 	0.5 	2 	0.0 	0.0 	0.1 	0.0 	0.0 	7.0 	RB40		Los Angeles Rams	Dallas Cowboys	0 	0.0 	53 	0.4 	0.5 	2 	0.0 	0.0 	0.1 	0.0 	0.0 	8.0 	RB35		Los Angeles Rams	Seattle Seahawks	0 	0.0 	42 	0.2 	0.5 	2 	0.0 	0.0 	0.1 	0.0 	0.0 	6.3 	RB44		Los Angeles Rams	Tampa Bay Buccaneers	0 	0.0 	48 	0.3 	0.5 	2 	0.0 	0.0 	0.1 	0.0 	0.0 	7.3 	RB38		Actual	Actual	Actual	Actual	Forecast	Forecast	Forecast	Forecast	Forecast	Forecast	Forecast	Forecast	Forecast	Forecast	Forecast	Forecast	Forecast		Healthy	Healthy	Healthy	Healthy	Healthy	Healthy	Healthy	Healthy	Healthy	Healthy	Healthy	Healthy	Healthy	Healthy	Healthy	Healthy	Healthy		Week 5 2026	10/8/2026	8:57:03 PM	20		1%	1%	37%	33%	0%	0%		0.0 	0	0	0	0	0	0.047996 
	Chris Godwin Jr.	Tampa Bay Buccaneers	WR	WR48	9.9 	159 	0 	0.0 	0.0 	0.0 	15 	0.9 	0.0 	0.0 	69.6 	4.3 	656 	41.0 	3.8 	0.2 	0.0 	0.1 	0.0 	0.402 	1.000 	0.540 	0 	0.073 	0.000 	113 	87 	(26)	46 	37 	(9)	0.333 				-	-		-	-		-	-		-	-		8.3 	8.8 	5.5 	9.1 	10.6 	9.6 	10.6 	10.8 	10.8 	0.0 	10.8 	10.7 	10.5 	10.8 	10.8 	10.6 	10.7 		WR44	WR34	WR59	WR41	WR38	WR40	WR37	WR33	WR37	-	WR31	WR41	WR39	WR38	WR41	WR42	WR39		WR42	10.6 	0.0 	0.0 	0.0 	0.0 	4.5 	42.9 	0.3 	42 	0.456 	1.000 	0.580 	0 	0.143 	0.000 	100 	0.387 		127 		-	-		-	-		-	-		-	-		WR55	7.9 	0.0 	0.0 	0.0 	0.0 	13.4 	128.6 	0.9 	55 	0.272 	1.000 	0.450 	(0)	0.000 	0.000 	#N/A	0.243 		31.7 		-	-		-	-		-	-		-	-					Tampa Bay Buccaneers	Cincinnati Bengals	0 	0.0 	3 	0.0 	4.0 	40 	0.0 	0.0 	0.0 	0.0 	0.0 	8.3 	WR44		Tampa Bay Buccaneers	Cleveland Browns	0 	0.0 	12 	0.0 	3.0 	46 	0.0 	0.0 	0.0 	0.0 	0.0 	8.8 	WR34		Tampa Bay Buccaneers	Minnesota Vikings	0 	0.0 	0 	0.0 	3.0 	25 	0.0 	0.0 	0.0 	0.0 	0.0 	5.5 	WR59		Tampa Bay Buccaneers	Green Bay Packers	0 	0.0 	0 	0.0 	6.0 	31 	0.0 	0.0 	0.0 	0.0 	0.0 	9.1 	WR41		Tampa Bay Buccaneers	Dallas Cowboys	0 	0.0 	0 	0.0 	4.5 	43 	0.3 	0.0 	0.0 	0.0 	0.0 	10.6 	WR38		Tampa Bay Buccaneers	Pittsburgh Steelers	0 	0.0 	0 	0.0 	4.1 	40 	0.3 	0.0 	0.0 	0.0 	0.0 	9.6 	WR40		Tampa Bay Buccaneers	Carolina Panthers	0 	0.0 	0 	0.0 	4.4 	43 	0.3 	0.0 	0.0 	0.0 	0.0 	10.6 	WR37		Tampa Bay Buccaneers	Atlanta Falcons	0 	0.0 	0 	0.0 	4.5 	43 	0.3 	0.0 	0.0 	0.0 	0.0 	10.8 	WR33		Tampa Bay Buccaneers	Chicago Bears	0 	0.0 	0 	0.0 	4.6 	44 	0.3 	0.0 	0.0 	0.0 	0.0 	10.8 	WR37		Tampa Bay Buccaneers	BYE	0 	0.0 	0 	0.0 	0.0 	0 	0.0 	0.0 	0.0 	0.0 	0.0 	0.0 	-		Tampa Bay Buccaneers	Detroit Lions	0 	0.0 	0 	0.0 	4.6 	44 	0.3 	0.0 	0.0 	0.0 	0.0 	10.8 	WR31		Tampa Bay Buccaneers	Carolina Panthers	0 	0.0 	0 	0.0 	4.5 	43 	0.3 	0.0 	0.0 	0.0 	0.0 	10.7 	WR41		Tampa Bay Buccaneers	Los Angeles Chargers	0 	0.0 	0 	0.0 	4.4 	42 	0.3 	0.0 	0.0 	0.0 	0.0 	10.5 	WR39		Tampa Bay Buccaneers	Baltimore Ravens	0 	0.0 	0 	0.0 	4.6 	44 	0.3 	0.0 	0.0 	0.0 	0.0 	10.8 	WR38		Tampa Bay Buccaneers	New Orleans Saints	0 	0.0 	0 	0.0 	4.5 	43 	0.3 	0.0 	0.0 	0.0 	0.0 	10.8 	WR41		Tampa Bay Buccaneers	Atlanta Falcons	0 	0.0 	0 	0.0 	4.4 	43 	0.3 	0.0 	0.0 	0.0 	0.0 	10.6 	WR42		Tampa Bay Buccaneers	Los Angeles Rams	0 	0.0 	0 	0.0 	4.5 	43 	0.3 	0.0 	0.0 	0.0 	0.0 	10.7 	WR39		Actual	Actual	Actual	Actual	Forecast	Forecast	Forecast	Forecast	Forecast	Forecast	Forecast	Forecast	Forecast	Forecast	Forecast	Forecast	Forecast		Healthy	Healthy	Healthy	Healthy	Healthy	Healthy	Healthy	Healthy	Healthy	Healthy	Healthy	Healthy	Healthy	Healthy	Healthy	Healthy	Healthy		Week 5 2026	10/8/2026	8:57:03 PM	20		19%	20%	0%	0%	0%	0%		0.1 	0	0	0	0	0	0.143377 
	Woody Marks	Houston Texans	RB	RB39	7.2 	116 	0 	0.0 	0.0 	0.0 	458 	28.6 	5.0 	0.3 	23.8 	1.5 	140 	8.8 	0.7 	0.0 	0.0 	1.1 	0.0 	0.292 	1.000 	0.544 	(0)	0.000 	0.000 	127 	131 	4 	38 	44 	6 	0.289 				-	-		-	-		-	-		-	-		5.0 	8.5 	9.1 	8.2 	7.4 	6.6 	7.6 	0.0 	6.7 	7.1 	7.8 	7.3 	7.0 	7.2 	7.3 	6.1 	6.6 		RB42	RB31	RB29	RB33	RB35	RB33	RB32	-	RB41	RB33	RB30	RB38	RB38	RB36	RB39	RB46	RB43		RB39	7.1 	0.0 	0.0 	30.9 	0.2 	1.4 	9.1 	0.1 	39 	0.304 	1.000 	0.532 	(0)	0.000 	0.000 	136 	0.285 		85 		-	-		-	-		-	-		-	-		RB33	7.7 	0.0 	0.0 	92.8 	0.7 	4.2 	27.3 	0.2 	33 	0.264 	1.000 	0.607 	(0)	0.000 	0.000 	#N/A	0.313 		30.8 		-	-		-	-		-	-		-	-					Houston Texans	Buffalo Bills	0 	0.0 	42 	0.0 	1.0 	(2)	0.0 	0.0 	0.0 	0.0 	0.0 	5.0 	RB42		Houston Texans	Cincinnati Bengals	0 	0.0 	8 	0.0 	5.0 	27 	0.0 	0.0 	0.0 	0.0 	0.0 	8.5 	RB31		Houston Texans	Indianapolis Colts	0 	0.0 	15 	1.0 	1.0 	6 	0.0 	0.0 	0.0 	0.0 	0.0 	9.1 	RB29		Houston Texans	Dallas Cowboys	0 	0.0 	22 	1.0 	0.0 	0 	0.0 	0.0 	0.0 	0.0 	0.0 	8.2 	RB33		Houston Texans	Tennessee Titans	0 	0.0 	34 	0.3 	1.4 	9 	0.1 	0.0 	0.1 	0.0 	0.0 	7.4 	RB35		Houston Texans	Jacksonville Jaguars	0 	0.0 	29 	0.2 	1.4 	9 	0.1 	0.0 	0.1 	0.0 	0.0 	6.6 	RB33		Houston Texans	New York Giants	0 	0.0 	34 	0.3 	1.4 	9 	0.1 	0.0 	0.1 	0.0 	0.0 	7.6 	RB32		Houston Texans	BYE	0 	0.0 	0 	0.0 	0.0 	0 	0.0 	0.0 	0.0 	0.0 	0.0 	0.0 	-		Houston Texans	Los Angeles Chargers	0 	0.0 	29 	0.2 	1.4 	9 	0.1 	0.0 	0.1 	0.0 	0.0 	6.7 	RB41		Houston Texans	Cleveland Browns	0 	0.0 	32 	0.3 	1.4 	9 	0.1 	0.0 	0.1 	0.0 	0.0 	7.1 	RB33		Houston Texans	Indianapolis Colts	0 	0.0 	34 	0.3 	1.5 	9 	0.1 	0.0 	0.1 	0.0 	0.0 	7.8 	RB30		Houston Texans	Baltimore Ravens	0 	0.0 	32 	0.3 	1.4 	9 	0.1 	0.0 	0.1 	0.0 	0.0 	7.3 	RB38		Houston Texans	Pittsburgh Steelers	0 	0.0 	31 	0.2 	1.4 	9 	0.1 	0.0 	0.1 	0.0 	0.0 	7.0 	RB38		Houston Texans	Washington Commanders	0 	0.0 	31 	0.3 	1.4 	9 	0.1 	0.0 	0.1 	0.0 	0.0 	7.2 	RB36		Houston Texans	Jacksonville Jaguars	0 	0.0 	31 	0.3 	1.4 	9 	0.1 	0.0 	0.1 	0.0 	0.0 	7.3 	RB39		Houston Texans	Philadelphia Eagles	0 	0.0 	27 	0.2 	1.3 	9 	0.0 	0.0 	0.1 	0.0 	0.0 	6.1 	RB46		Houston Texans	Green Bay Packers	0 	0.0 	28 	0.2 	1.4 	9 	0.1 	0.0 	0.1 	0.0 	0.0 	6.6 	RB43		Actual	Actual	Actual	Actual	Forecast	Forecast	Forecast	Forecast	Forecast	Forecast	Forecast	Forecast	Forecast	Forecast	Forecast	Forecast	Forecast		Healthy	Healthy	Healthy	Healthy	Healthy	Healthy	Healthy	Healthy	Healthy	Healthy	Healthy	Healthy	Healthy	Healthy	Healthy	Healthy	Healthy		Week 5 2026	10/8/2026	8:57:03 PM	20		4%	4%	28%	29%	0%	0%		(0.0)	0	0	0	0	0	(0.027970)
	Darren Waller	Carolina Panthers	TE	TE18	9.3 	149 	0 	0.0 	0.0 	0.0 	0 	0.0 	0.0 	0.0 	55.4 	3.5 	584 	36.5 	5.9 	0.4 	0.0 	0.1 	0.0 	0.378 	0.560 	0.422 	0 	0.160 	0.000 	122 	424 	302 	17 	61 	44 	0.297 				-	-		-	-		-	-		-	-		4.8 	18.3 	10.1 	6.6 	0.0 	9.0 	9.3 	9.1 	8.8 	9.1 	9.3 	9.2 	9.0 	9.3 	9.4 	8.9 	8.9 		TE26	TE5	TE14	TE23	-	TE17	TE18	TE16	TE20	TE18	TE16	TE19	TE15	TE16	TE17	TE19	TE21		TE19	9.1 	0.0 	0.0 	0.0 	0.0 	3.5 	36.4 	0.3 	19 	0.392 	0.560 	0.404 	0 	0.178 	0.000 	130 	0.300 		109 		-	-		-	-		-	-		-	-		TE15	10.0 	0.0 	0.0 	0.0 	0.0 	10.6 	109.1 	1.0 	15 	0.341 	0.560 	0.441 	1 	0.249 	0.000 	#N/A	0.339 		39.8 		-	-		-	-		-	-		-	-					Carolina Panthers	Chicago Bears	0 	0.0 	0 	0.0 	2.0 	28 	0.0 	0.0 	0.0 	0.0 	0.0 	4.8 	TE26		Carolina Panthers	Atlanta Falcons	0 	0.0 	0 	0.0 	3.0 	33 	2.0 	0.0 	0.0 	0.0 	0.0 	18.3 	TE5		Carolina Panthers	Cleveland Browns	0 	0.0 	0 	0.0 	5.0 	51 	0.0 	0.0 	0.0 	0.0 	0.0 	10.1 	TE14		Carolina Panthers	Detroit Lions	0 	0.0 	0 	0.0 	3.0 	36 	0.0 	0.0 	0.0 	0.0 	0.0 	6.6 	TE23		Carolina Panthers	BYE	0 	0.0 	0 	0.0 	0.0 	0 	0.0 	0.0 	0.0 	0.0 	0.0 	0.0 	-		Carolina Panthers	Philadelphia Eagles	0 	0.0 	0 	0.0 	3.5 	36 	0.3 	0.0 	0.0 	0.0 	0.0 	9.0 	TE17		Carolina Panthers	Tampa Bay Buccaneers	0 	0.0 	0 	0.0 	3.6 	37 	0.3 	0.0 	0.0 	0.0 	0.0 	9.3 	TE18		Carolina Panthers	Green Bay Packers	0 	0.0 	0 	0.0 	3.6 	37 	0.3 	0.0 	0.0 	0.0 	0.0 	9.1 	TE16		Carolina Panthers	Denver Broncos	0 	0.0 	0 	0.0 	3.4 	35 	0.3 	0.0 	0.0 	0.0 	0.0 	8.8 	TE20		Carolina Panthers	New Orleans Saints	0 	0.0 	0 	0.0 	3.5 	36 	0.3 	0.0 	0.0 	0.0 	0.0 	9.1 	TE18		Carolina Panthers	Baltimore Ravens	0 	0.0 	0 	0.0 	3.6 	37 	0.3 	0.0 	0.0 	0.0 	0.0 	9.3 	TE16		Carolina Panthers	Tampa Bay Buccaneers	0 	0.0 	0 	0.0 	3.6 	37 	0.3 	0.0 	0.0 	0.0 	0.0 	9.2 	TE19		Carolina Panthers	Minnesota Vikings	0 	0.0 	0 	0.0 	3.5 	36 	0.3 	0.0 	0.0 	0.0 	0.0 	9.0 	TE15		Carolina Panthers	New Orleans Saints	0 	0.0 	0 	0.0 	3.6 	37 	0.4 	0.0 	0.0 	0.0 	0.0 	9.3 	TE16		Carolina Panthers	Cincinnati Bengals	0 	0.0 	0 	0.0 	3.6 	37 	0.4 	0.0 	0.0 	0.0 	0.0 	9.4 	TE17		Carolina Panthers	Pittsburgh Steelers	0 	0.0 	0 	0.0 	3.5 	36 	0.3 	0.0 	0.0 	0.0 	0.0 	8.9 	TE19		Carolina Panthers	Seattle Seahawks	0 	0.0 	0 	0.0 	3.5 	36 	0.3 	0.0 	0.0 	0.0 	0.0 	8.9 	TE21		Actual	Actual	Actual	Actual	Forecast	Forecast	Forecast	Forecast	Forecast	Forecast	Forecast	Forecast	Forecast	Forecast	Forecast	Forecast	Forecast		Healthy	Healthy	Healthy	Healthy	Healthy	Healthy	Healthy	Healthy	Healthy	Healthy	Healthy	Healthy	Healthy	Healthy	Healthy	Healthy	Healthy		Week 5 2026	10/8/2026	8:57:03 PM	20		16%	22%	0%	0%	0%	0%		(0.0)	0	0	0	0	0	(0.038988)
	KC Concepcion	Cleveland Browns	WR	WR46	10.1 	162 	0 	0.0 	0.0 	0.0 	9 	0.6 	0.0 	0.0 	76.1 	4.8 	681 	42.6 	3.1 	0.2 	0.0 	1.1 	0.0 	0.409 	1.000 	0.550 	0 	0.084 	0.000 	109 	125 	16 	45 	49 	4 	0.342 				-	-		-	-		-	-		-	-		7.8 	8.2 	2.9 	11.4 	10.7 	10.8 	10.8 	10.7 	11.1 	10.6 	0.0 	11.0 	11.5 	11.1 	10.8 	11.0 	11.2 		WR49	WR38	WR78	WR35	WR37	WR34	WR35	WR34	WR36	WR38	-	WR39	WR32	WR35	WR40	WR38	WR36		WR38	10.9 	0.0 	0.0 	0.0 	0.0 	4.9 	44.8 	0.3 	38 	0.470 	1.000 	0.620 	0 	0.167 	0.000 	87 	0.416 		131 		-	-		-	-		-	-		-	-		WR60	7.6 	0.0 	0.0 	0.0 	0.0 	14.8 	134.3 	0.8 	60 	0.260 	1.000 	0.400 	(0)	0.000 	0.000 	#N/A	0.219 		30.3 		-	-		-	-		-	-		-	-					Cleveland Browns	Jacksonville Jaguars	0 	0.0 	15 	0.0 	4.0 	43 	0.0 	0.0 	1.0 	0.0 	0.0 	7.8 	WR49		Cleveland Browns	Tampa Bay Buccaneers	0 	0.0 	(6)	0.0 	6.0 	28 	0.0 	0.0 	0.0 	0.0 	0.0 	8.2 	WR38		Cleveland Browns	Carolina Panthers	0 	0.0 	0 	0.0 	2.0 	9 	0.0 	0.0 	0.0 	0.0 	0.0 	2.9 	WR78		Cleveland Browns	Pittsburgh Steelers	0 	0.0 	0 	0.0 	5.0 	64 	0.0 	0.0 	0.0 	0.0 	0.0 	11.4 	WR35		Cleveland Browns	New York Jets	0 	0.0 	0 	0.0 	4.8 	44 	0.3 	0.0 	0.0 	0.0 	0.0 	10.7 	WR37		Cleveland Browns	Baltimore Ravens	0 	0.0 	0 	0.0 	4.9 	44 	0.3 	0.0 	0.0 	0.0 	0.0 	10.8 	WR34		Cleveland Browns	Tennessee Titans	0 	0.0 	0 	0.0 	4.9 	44 	0.3 	0.0 	0.0 	0.0 	0.0 	10.8 	WR35		Cleveland Browns	Pittsburgh Steelers	0 	0.0 	0 	0.0 	4.9 	44 	0.2 	0.0 	0.0 	0.0 	0.0 	10.7 	WR34		Cleveland Browns	New Orleans Saints	0 	0.0 	0 	0.0 	5.0 	45 	0.3 	0.0 	0.0 	0.0 	0.0 	11.1 	WR36		Cleveland Browns	Houston Texans	0 	0.0 	0 	0.0 	4.8 	44 	0.2 	0.0 	0.0 	0.0 	0.0 	10.6 	WR38		Cleveland Browns	BYE	0 	0.0 	0 	0.0 	0.0 	0 	0.0 	0.0 	0.0 	0.0 	0.0 	0.0 	-		Cleveland Browns	Las Vegas Raiders	0 	0.0 	0 	0.0 	4.9 	45 	0.3 	0.0 	0.0 	0.0 	0.0 	11.0 	WR39		Cleveland Browns	Cincinnati Bengals	0 	0.0 	0 	0.0 	5.1 	47 	0.3 	0.0 	0.0 	0.0 	0.0 	11.5 	WR32		Cleveland Browns	Atlanta Falcons	0 	0.0 	0 	0.0 	4.9 	45 	0.3 	0.0 	0.0 	0.0 	0.0 	11.1 	WR35		Cleveland Browns	New York Giants	0 	0.0 	0 	0.0 	4.9 	45 	0.3 	0.0 	0.0 	0.0 	0.0 	10.8 	WR40		Cleveland Browns	Baltimore Ravens	0 	0.0 	0 	0.0 	5.0 	45 	0.2 	0.0 	0.0 	0.0 	0.0 	11.0 	WR38		Cleveland Browns	Indianapolis Colts	0 	0.0 	0 	0.0 	5.0 	46 	0.3 	0.0 	0.0 	0.0 	0.0 	11.2 	WR36		Actual	Actual	Actual	Actual	Forecast	Forecast	Forecast	Forecast	Forecast	Forecast	Forecast	Forecast	Forecast	Forecast	Forecast	Forecast	Forecast		Healthy	Healthy	Healthy	Healthy	Healthy	Healthy	Healthy	Healthy	Healthy	Healthy	Healthy	Healthy	Healthy	Healthy	Healthy	Healthy	Healthy		Week 5 2026	10/8/2026	8:57:03 PM	20		20%	19%	0%	0%	0%	0%		0.2 	0	0	0	0	0	0.197521 
	Drake Maye	New England Patriots	QB	QB18	15.6 	249 	3,589 	224.3 	22.5 	1.4 	391 	24.4 	1.5 	0.1 	0.0 	0.0 	0 	0.0 	0.0 	0.0 	14.3 	2.9 	0.0 	0.630 	0.460 	0.304 	0 	0.282 	0.000 	124 	53 	(71)	16 	3 	(13)	0.294 				-	-		-	-		-	-		-	-		9.8 	8.0 	4.5 	26.2 	17.1 	17.0 	16.6 	17.5 	16.9 	16.9 	0.0 	16.2 	17.4 	16.7 	15.9 	16.2 	16.2 		QB27	QB26	QB32	QB1	QB6	QB5	QB7	QB5	QB10	QB8	-	QB15	QB7	QB9	QB17	QB14	QB14		QB9	16.7 	227.9 	1.5 	21.3 	0.1 	0.0 	0.0 	0.0 	9 	0.718 	0.460 	0.385 	1 	0.526 	0.000 	73 	0.451 		200 		-	-		-	-		-	-		-	-		QB22	12.1 	683.7 	4.6 	63.8 	0.4 	0.0 	0.0 	0.0 	22 	0.416 	0.460 	0.227 	0 	0.015 	0.000 	#N/A	0.127 		48.5 		-	-		-	-		-	-		-	-					New England Patriots	Seattle Seahawks	178 	1.0 	47 	0.0 	0.0 	0 	0.0 	3.0 	0.0 	0.0 	0.0 	9.8 	QB27		New England Patriots	Pittsburgh Steelers	208 	0.0 	17 	0.0 	0.0 	0 	0.0 	1.0 	0.0 	0.0 	0.0 	8.0 	QB26		New England Patriots	Jacksonville Jaguars	199 	0.0 	18 	0.0 	0.0 	0 	0.0 	1.6 	1.0 	0.0 	0.0 	4.5 	QB32		New England Patriots	Buffalo Bills	269 	3.0 	54 	0.0 	0.0 	0 	0.0 	1.0 	1.0 	0.0 	1.0 	26.2 	QB1		New England Patriots	Las Vegas Raiders	232 	1.6 	21 	0.1 	0.0 	0 	0.0 	0.6 	0.1 	0.0 	0.0 	17.1 	QB6		New England Patriots	New York Jets	224 	1.6 	23 	0.1 	0.0 	0 	0.0 	0.6 	0.1 	0.0 	0.0 	17.0 	QB5		New England Patriots	Chicago Bears	232 	1.5 	20 	0.1 	0.0 	0 	0.0 	0.6 	0.1 	0.0 	0.0 	16.6 	QB7		New England Patriots	Miami Dolphins	228 	1.6 	24 	0.1 	0.0 	0 	0.0 	0.6 	0.1 	0.0 	0.0 	17.5 	QB5		New England Patriots	Green Bay Packers	230 	1.6 	21 	0.1 	0.0 	0 	0.0 	0.6 	0.1 	0.0 	0.0 	16.9 	QB10		New England Patriots	Detroit Lions	234 	1.6 	20 	0.1 	0.0 	0 	0.0 	0.6 	0.1 	0.0 	0.0 	16.9 	QB8		New England Patriots	BYE	0 	0.0 	0 	0.0 	0.0 	0 	0.0 	0.0 	0.0 	0.0 	0.0 	0.0 	-		New England Patriots	Los Angeles Chargers	228 	1.5 	19 	0.1 	0.0 	0 	0.0 	0.6 	0.1 	0.0 	0.0 	16.2 	QB15		New England Patriots	Buffalo Bills	234 	1.6 	21 	0.1 	0.0 	0 	0.0 	0.6 	0.1 	0.0 	0.0 	17.4 	QB7		New England Patriots	Minnesota Vikings	225 	1.5 	22 	0.1 	0.0 	0 	0.0 	0.6 	0.1 	0.0 	0.0 	16.7 	QB9		New England Patriots	Kansas City Chiefs	226 	1.4 	19 	0.1 	0.0 	0 	0.0 	0.6 	0.1 	0.0 	0.0 	15.9 	QB17		New England Patriots	New York Jets	218 	1.5 	23 	0.1 	0.0 	0 	0.0 	0.6 	0.1 	0.0 	0.0 	16.2 	QB14		New England Patriots	Denver Broncos	225 	1.5 	21 	0.1 	0.0 	0 	0.0 	0.6 	0.1 	0.0 	0.0 	16.2 	QB14		Actual	Actual	Actual	Actual	Forecast	Forecast	Forecast	Forecast	Forecast	Forecast	Forecast	Forecast	Forecast	Forecast	Forecast	Forecast	Forecast		Healthy	Healthy	Healthy	Healthy	Healthy	Healthy	Healthy	Healthy	Healthy	Healthy	Healthy	Healthy	Healthy	Healthy	Healthy	Healthy	Healthy		Week 5 2026	10/8/2026	8:57:03 PM	20		0%	0%	18%	13%	99%	99%		0.3 	0	0	0	0	0	0.324258 
	Keaton Mitchell	Los Angeles Chargers	RB	RB40	7.0 	112 	0 	0.0 	0.0 	0.0 	550 	34.4 	1.9 	0.1 	23.3 	1.5 	162 	10.1 	1.4 	0.1 	0.0 	1.0 	0.0 	0.283 	1.000 	0.532 	(0)	0.000 	0.000 	130 	161 	31 	39 	51 	12 	0.282 																0.9 	4.9 	13.7 	11.3 	6.0 	5.7 	0.0 	6.4 	6.8 	6.4 	7.5 	6.8 	7.0 	7.1 	7.0 	7.5 	6.8 		RB59	RB43	RB15	RB27	RB40	RB39	-	RB37	RB40	RB39	RB31	RB42	RB37	RB37	RB41	RB39	RB40		RB41	6.8 	0.0 	0.0 	35.5 	0.2 	1.2 	10.7 	0.0 	41 	0.290 	1.000 	0.506 	(0)	0.000 	0.000 	141 	0.271 		81 		-	-		-	-		-	-		-	-		RB33	7.7 	0.0 	0.0 	106.5 	0.5 	3.6 	32.1 	0.1 	33 	0.264 	1.000 	0.607 	(0)	0.000 	0.000 	#N/A	0.313 		30.8 		-	-		-	-		-	-		-	-					Los Angeles Chargers	Arizona Cardinals	0 	0.0 	9 	0.0 	0.0 	0 	0.0 	0.0 	0.0 	0.0 	0.0 	0.9 	RB59		Los Angeles Chargers	Las Vegas Raiders	0 	0.0 	24 	0.0 	1.0 	15 	0.0 	0.0 	0.0 	0.0 	0.0 	4.9 	RB43		Los Angeles Chargers	Buffalo Bills	0 	0.0 	52 	0.0 	3.0 	(5)	1.0 	0.0 	0.0 	0.0 	0.0 	13.7 	RB15		Los Angeles Chargers	Seattle Seahawks	0 	0.0 	39 	0.0 	5.0 	24 	0.0 	0.0 	0.0 	0.0 	0.0 	11.3 	RB27		Los Angeles Chargers	Denver Broncos	0 	0.0 	31 	0.1 	1.2 	10 	0.0 	0.0 	0.1 	0.0 	0.0 	6.0 	RB40		Los Angeles Chargers	Kansas City Chiefs	0 	0.0 	28 	0.1 	1.2 	11 	0.0 	0.0 	0.1 	0.0 	0.0 	5.7 	RB39		Los Angeles Chargers	BYE	0 	0.0 	0 	0.0 	0.0 	0 	0.0 	0.0 	0.0 	0.0 	0.0 	0.0 	-		Los Angeles Chargers	Los Angeles Rams	0 	0.0 	33 	0.1 	1.2 	11 	0.0 	0.0 	0.1 	0.0 	0.0 	6.4 	RB37		Los Angeles Chargers	Houston Texans	0 	0.0 	36 	0.2 	1.2 	11 	0.0 	0.0 	0.1 	0.0 	0.0 	6.8 	RB40		Los Angeles Chargers	Baltimore Ravens	0 	0.0 	32 	0.1 	1.2 	11 	0.0 	0.0 	0.1 	0.0 	0.0 	6.4 	RB39		Los Angeles Chargers	New York Jets	0 	0.0 	42 	0.2 	1.1 	10 	0.0 	0.0 	0.1 	0.0 	0.0 	7.5 	RB31		Los Angeles Chargers	New England Patriots	0 	0.0 	36 	0.2 	1.2 	11 	0.0 	0.0 	0.1 	0.0 	0.0 	6.8 	RB42		Los Angeles Chargers	Tampa Bay Buccaneers	0 	0.0 	37 	0.2 	1.2 	11 	0.0 	0.0 	0.1 	0.0 	0.0 	7.0 	RB37		Los Angeles Chargers	Las Vegas Raiders	0 	0.0 	38 	0.2 	1.2 	11 	0.0 	0.0 	0.1 	0.0 	0.0 	7.1 	RB37		Los Angeles Chargers	San Francisco 49ers	0 	0.0 	37 	0.2 	1.2 	11 	0.0 	0.0 	0.1 	0.0 	0.0 	7.0 	RB41		Los Angeles Chargers	Miami Dolphins	0 	0.0 	41 	0.2 	1.2 	11 	0.0 	0.0 	0.1 	0.0 	0.0 	7.5 	RB39		Los Angeles Chargers	Kansas City Chiefs	0 	0.0 	36 	0.2 	1.2 	11 	0.0 	0.0 	0.1 	0.0 	0.0 	6.8 	RB40		Actual	Actual	Actual	Actual	Forecast	Forecast	Forecast	Forecast	Forecast	Forecast	Forecast	Forecast	Forecast	Forecast	Forecast	Forecast	Forecast		Healthy	Healthy	Healthy	Healthy	Healthy	Healthy	Healthy	Healthy	Healthy	Healthy	Healthy	Healthy	Healthy	Healthy	Healthy	Healthy	Healthy		Week 5 2026	10/8/2026	8:57:03 PM	20		5%	2%	27%	17%	0%	0%		(0.0)	0	0	0	0	0	(0.041315)
	Brenton Strange	Jacksonville Jaguars	TE	TE19	9.3 	149 	0 	0.0 	0.0 	0.0 	0 	0.0 	0.0 	0.0 	58.2 	3.6 	662 	41.4 	4.1 	0.3 	0.0 	0.1 	0.0 	0.377 	0.560 	0.413 	0 	0.158 	0.000 	125 	157 	32 	18 	18 	0 	0.293 				-	-		-	-		-	-		-	-		10.3 	3.7 	6.2 	16.5 	9.1 	9.2 	0.0 	9.7 	9.5 	9.4 	9.4 	9.4 	9.2 	9.3 	8.8 	9.6 	9.7 		TE13	TE23	TE21	TE5	TE17	TE15	-	TE11	TE16	TE16	TE15	TE17	TE13	TE17	TE21	TE16	TE16		TE16	9.4 	0.0 	0.0 	0.0 	0.0 	3.7 	41.3 	0.3 	16 	0.402 	0.560 	0.432 	0 	0.203 	0.000 	120 	0.324 		112 		-	-		-	-		-	-		-	-		TE19	9.2 	0.0 	0.0 	0.0 	0.0 	11.1 	123.8 	0.8 	19 	0.315 	0.560 	0.404 	0 	0.170 	0.000 	#N/A	0.285 		36.7 		-	-		-	-		-	-		-	-					Jacksonville Jaguars	Cleveland Browns	0 	0.0 	0 	0.0 	2.0 	23 	1.0 	0.0 	0.0 	0.0 	0.0 	10.3 	TE13		Jacksonville Jaguars	Denver Broncos	0 	0.0 	0 	0.0 	2.0 	17 	0.0 	0.0 	0.0 	0.0 	0.0 	3.7 	TE23		Jacksonville Jaguars	New England Patriots	0 	0.0 	0 	0.0 	3.0 	32 	0.0 	0.0 	0.0 	0.0 	0.0 	6.2 	TE21		Jacksonville Jaguars	Cincinnati Bengals	0 	0.0 	0 	0.0 	7.0 	95 	0.0 	0.0 	0.0 	0.0 	0.0 	16.5 	TE5		Jacksonville Jaguars	Philadelphia Eagles	0 	0.0 	0 	0.0 	3.6 	40 	0.3 	0.0 	0.0 	0.0 	0.0 	9.1 	TE17		Jacksonville Jaguars	Houston Texans	0 	0.0 	0 	0.0 	3.6 	41 	0.3 	0.0 	0.0 	0.0 	0.0 	9.2 	TE15		Jacksonville Jaguars	BYE	0 	0.0 	0 	0.0 	0.0 	0 	0.0 	0.0 	0.0 	0.0 	0.0 	0.0 	-		Jacksonville Jaguars	Indianapolis Colts	0 	0.0 	0 	0.0 	3.8 	42 	0.3 	0.0 	0.0 	0.0 	0.0 	9.7 	TE11		Jacksonville Jaguars	Baltimore Ravens	0 	0.0 	0 	0.0 	3.8 	42 	0.3 	0.0 	0.0 	0.0 	0.0 	9.5 	TE16		Jacksonville Jaguars	Tennessee Titans	0 	0.0 	0 	0.0 	3.7 	41 	0.3 	0.0 	0.0 	0.0 	0.0 	9.4 	TE16		Jacksonville Jaguars	New York Giants	0 	0.0 	0 	0.0 	3.7 	41 	0.3 	0.0 	0.0 	0.0 	0.0 	9.4 	TE15		Jacksonville Jaguars	Tennessee Titans	0 	0.0 	0 	0.0 	3.7 	41 	0.3 	0.0 	0.0 	0.0 	0.0 	9.4 	TE17		Jacksonville Jaguars	Chicago Bears	0 	0.0 	0 	0.0 	3.7 	41 	0.2 	0.0 	0.0 	0.0 	0.0 	9.2 	TE13		Jacksonville Jaguars	Pittsburgh Steelers	0 	0.0 	0 	0.0 	3.7 	41 	0.3 	0.0 	0.0 	0.0 	0.0 	9.3 	TE17		Jacksonville Jaguars	Houston Texans	0 	0.0 	0 	0.0 	3.5 	40 	0.2 	0.0 	0.0 	0.0 	0.0 	8.8 	TE21		Jacksonville Jaguars	Dallas Cowboys	0 	0.0 	0 	0.0 	3.8 	42 	0.3 	0.0 	0.0 	0.0 	0.0 	9.6 	TE16		Jacksonville Jaguars	Washington Commanders	0 	0.0 	0 	0.0 	3.8 	43 	0.3 	0.0 	0.0 	0.0 	0.0 	9.7 	TE16		Actual	Actual	Actual	Actual	Forecast	Forecast	Forecast	Forecast	Forecast	Forecast	Forecast	Forecast	Forecast	Forecast	Forecast	Forecast	Forecast		Healthy	Healthy	Healthy	Healthy	Healthy	Healthy	Healthy	Healthy	Healthy	Healthy	Healthy	Healthy	Healthy	Healthy	Healthy	Healthy	Healthy		Week 5 2026	10/8/2026	8:57:03 PM	20		18%	16%	0%	0%	0%	0%		0.0 	0	0	0	0	0	0.039265 
	Dontayvion Wicks	Philadelphia Eagles	WR	WR54	9.1 	145 	0 	0.0 	0.0 	0.0 	0 	0.0 	0.0 	0.0 	47.0 	2.9 	704 	44.0 	4.7 	0.3 	0.0 	0.1 	0.0 	0.367 	1.000 	0.470 	0 	0.016 	0.000 	135 	257 	122 	53 	84 	31 	0.273 				-	-		-	-		-	-		-	-		15.3 	12.4 	5.2 	4.8 	8.1 	9.0 	9.5 	9.1 	9.1 	0.0 	8.9 	9.4 	8.8 	9.3 	8.9 	8.4 	9.0 		WR21	WR22	WR60	WR63	WR52	WR44	WR44	WR47	WR49	-	WR43	WR51	WR49	WR48	WR54	WR56	WR53		WR54	9.0 	0.0 	0.0 	0.0 	0.0 	2.9 	42.2 	0.3 	54 	0.385 	1.000 	0.460 	0 	0.022 	0.000 	140 	0.274 		107 		-	-		-	-		-	-		-	-		WR43	9.4 	0.0 	0.0 	0.0 	0.0 	8.7 	126.7 	0.9 	43 	0.323 	1.000 	0.570 	0 	0.057 	0.000 	#N/A	0.328 		37.7 		-	-		-	-		-	-		-	-					Philadelphia Eagles	Washington Commanders	0 	0.0 	0 	0.0 	2.0 	73 	1.0 	0.0 	0.0 	0.0 	0.0 	15.3 	WR21		Philadelphia Eagles	Tennessee Titans	0 	0.0 	0 	0.0 	5.0 	74 	0.0 	0.0 	0.0 	0.0 	0.0 	12.4 	WR22		Philadelphia Eagles	Chicago Bears	0 	0.0 	0 	0.0 	2.0 	32 	0.0 	0.0 	0.0 	0.0 	0.0 	5.2 	WR60		Philadelphia Eagles	Los Angeles Rams	0 	0.0 	0 	0.0 	3.0 	18 	0.0 	0.0 	0.0 	0.0 	0.0 	4.8 	WR63		Philadelphia Eagles	Jacksonville Jaguars	0 	0.0 	0 	0.0 	2.7 	39 	0.2 	0.0 	0.0 	0.0 	0.0 	8.1 	WR52		Philadelphia Eagles	Carolina Panthers	0 	0.0 	0 	0.0 	2.9 	42 	0.3 	0.0 	0.0 	0.0 	0.0 	9.0 	WR44		Philadelphia Eagles	Dallas Cowboys	0 	0.0 	0 	0.0 	3.1 	44 	0.3 	0.0 	0.0 	0.0 	0.0 	9.5 	WR44		Philadelphia Eagles	Washington Commanders	0 	0.0 	0 	0.0 	3.0 	43 	0.3 	0.0 	0.0 	0.0 	0.0 	9.1 	WR47		Philadelphia Eagles	New York Giants	0 	0.0 	0 	0.0 	2.9 	43 	0.3 	0.0 	0.0 	0.0 	0.0 	9.1 	WR49		Philadelphia Eagles	BYE	0 	0.0 	0 	0.0 	0.0 	0 	0.0 	0.0 	0.0 	0.0 	0.0 	0.0 	-		Philadelphia Eagles	Pittsburgh Steelers	0 	0.0 	0 	0.0 	2.9 	42 	0.3 	0.0 	0.0 	0.0 	0.0 	8.9 	WR43		Philadelphia Eagles	Dallas Cowboys	0 	0.0 	0 	0.0 	3.0 	44 	0.3 	0.0 	0.0 	0.0 	0.0 	9.4 	WR51		Philadelphia Eagles	Arizona Cardinals	0 	0.0 	0 	0.0 	2.8 	41 	0.3 	0.0 	0.0 	0.0 	0.0 	8.8 	WR49		Philadelphia Eagles	Indianapolis Colts	0 	0.0 	0 	0.0 	3.0 	43 	0.3 	0.0 	0.0 	0.0 	0.0 	9.3 	WR48		Philadelphia Eagles	Seattle Seahawks	0 	0.0 	0 	0.0 	2.9 	42 	0.3 	0.0 	0.0 	0.0 	0.0 	8.9 	WR54		Philadelphia Eagles	Houston Texans	0 	0.0 	0 	0.0 	2.8 	40 	0.3 	0.0 	0.0 	0.0 	0.0 	8.4 	WR56		Philadelphia Eagles	San Francisco 49ers	0 	0.0 	0 	0.0 	2.9 	43 	0.3 	0.0 	0.0 	0.0 	0.0 	9.0 	WR53		Actual	Actual	Actual	Actual	Forecast	Forecast	Forecast	Forecast	Forecast	Forecast	Forecast	Forecast	Forecast	Forecast	Forecast	Forecast	Forecast		Healthy	Healthy	Healthy	Healthy	Limited / Handicapped	Healthy	Healthy	Healthy	Healthy	Healthy	Healthy	Healthy	Healthy	Healthy	Healthy	Healthy	Healthy		Week 5 2026	10/8/2026	8:57:03 PM	20		20%	20%	0%	0%	0%	0%		(0.1)	0	0	0	0	0	(0.054214)
	Emanuel Wilson	Seattle Seahawks	RB	RB38	7.7 	122 	0 	0.0 	0.0 	0.0 	601 	37.5 	3.7 	0.2 	15.9 	1.0 	155 	9.7 	1.8 	0.1 	0.0 	1.2 	0.0 	0.310 	1.000 	0.557 	(0)	0.000 	0.000 	123 	311 	188 	37 	81 	44 	0.297 																0.3 	9.2 	1.4 	27.0 	11.4 	6.0 	6.4 	6.9 	7.7 	6.9 	0.0 	6.4 	6.9 	7.1 	5.8 	6.5 	6.6 		RB60	RB27	RB58	RB6	RB21	RB37	RB36	RB33	RB36	RB34	-	RB45	RB39	RB38	RB47	RB41	RB44		RB40	7.0 	0.0 	0.0 	34.2 	0.2 	1.1 	9.7 	0.1 	40 	0.303 	1.000 	0.519 	(0)	0.000 	0.000 	139 	0.279 		85 		-	-		-	-		-	-		-	-		RB29	9.5 	0.0 	0.0 	102.6 	0.7 	3.2 	29.1 	0.2 	29 	0.325 	1.000 	0.657 	0 	0.063 	0.000 	#N/A	0.369 		37.9 		-	-		-	-		-	-		-	-					Seattle Seahawks	New England Patriots	0 	0.0 	3 	0.0 	0.0 	0 	0.0 	0.0 	0.0 	0.0 	0.0 	0.3 	RB60		Seattle Seahawks	Arizona Cardinals	0 	0.0 	92 	0.0 	0.0 	0 	0.0 	0.0 	0.0 	0.0 	0.0 	9.2 	RB27		Seattle Seahawks	Washington Commanders	0 	0.0 	14 	0.0 	0.0 	0 	0.0 	0.0 	0.0 	0.0 	0.0 	1.4 	RB58		Seattle Seahawks	Los Angeles Chargers	0 	0.0 	81 	1.0 	3.0 	39 	1.0 	0.0 	0.0 	0.0 	0.0 	27.0 	RB6		Seattle Seahawks	San Francisco 49ers	0 	0.0 	63 	0.5 	1.1 	10 	0.1 	0.0 	0.2 	0.0 	0.0 	11.4 	RB21		Seattle Seahawks	Denver Broncos	0 	0.0 	29 	0.2 	1.0 	9 	0.1 	0.0 	0.1 	0.0 	0.0 	6.0 	RB37		Seattle Seahawks	Kansas City Chiefs	0 	0.0 	30 	0.2 	1.1 	10 	0.1 	0.0 	0.1 	0.0 	0.0 	6.4 	RB36		Seattle Seahawks	Chicago Bears	0 	0.0 	32 	0.2 	1.1 	10 	0.1 	0.0 	0.1 	0.0 	0.0 	6.9 	RB33		Seattle Seahawks	Arizona Cardinals	0 	0.0 	37 	0.3 	1.1 	10 	0.1 	0.0 	0.1 	0.0 	0.0 	7.7 	RB36		Seattle Seahawks	Las Vegas Raiders	0 	0.0 	33 	0.2 	1.1 	9 	0.1 	0.0 	0.1 	0.0 	0.0 	6.9 	RB34		Seattle Seahawks	BYE	0 	0.0 	0 	0.0 	0.0 	0 	0.0 	0.0 	0.0 	0.0 	0.0 	0.0 	-		Seattle Seahawks	San Francisco 49ers	0 	0.0 	30 	0.2 	1.1 	10 	0.1 	0.0 	0.1 	0.0 	0.0 	6.4 	RB45		Seattle Seahawks	Dallas Cowboys	0 	0.0 	33 	0.2 	1.1 	10 	0.1 	0.0 	0.1 	0.0 	0.0 	6.9 	RB39		Seattle Seahawks	New York Giants	0 	0.0 	34 	0.2 	1.1 	10 	0.1 	0.0 	0.1 	0.0 	0.0 	7.1 	RB38		Seattle Seahawks	Philadelphia Eagles	0 	0.0 	27 	0.2 	1.0 	9 	0.1 	0.0 	0.1 	0.0 	0.0 	5.8 	RB47		Seattle Seahawks	Los Angeles Rams	0 	0.0 	30 	0.2 	1.1 	10 	0.1 	0.0 	0.1 	0.0 	0.0 	6.5 	RB41		Seattle Seahawks	Carolina Panthers	0 	0.0 	31 	0.2 	1.1 	10 	0.1 	0.0 	0.1 	0.0 	0.0 	6.6 	RB44		Actual	Actual	Actual	Actual	Forecast	Forecast	Forecast	Forecast	Forecast	Forecast	Forecast	Forecast	Forecast	Forecast	Forecast	Forecast	Forecast		Healthy	Healthy	Healthy	Healthy	Healthy	Healthy	Healthy	Healthy	Healthy	Healthy	Healthy	Healthy	Healthy	Healthy	Healthy	Healthy	Healthy		Week 5 2026	10/8/2026	8:57:03 PM	20		4%	4%	28%	23%	0%	0%		(0.1)	0	0	0	0	0	(0.090370)
	Dalton Schultz	Houston Texans	TE	TE16	9.6 	153 	0 	0.0 	0.0 	0.0 	0 	0.0 	0.0 	0.0 	67.4 	4.2 	678 	42.4 	3.0 	0.2 	0.0 	0.1 	0.0 	0.387 	0.560 	0.441 	0 	0.183 	0.000 	116 	174 	58 	15 	20 	5 	0.317 				-	-		-	-		-	-		-	-		7.5 	26.0 	6.0 	2.9 	8.9 	9.1 	9.5 	0.0 	9.2 	8.9 	9.7 	9.6 	9.2 	9.5 	9.5 	8.5 	9.1 		TE20	TE1	TE22	TE31	TE18	TE16	TE16	-	TE18	TE19	TE12	TE15	TE14	TE15	TE16	TE23	TE20		TE18	9.2 	0.0 	0.0 	0.0 	0.0 	3.9 	38.7 	0.2 	18 	0.396 	0.560 	0.413 	0 	0.189 	0.000 	126 	0.310 		111 		-	-		-	-		-	-		-	-		TE14	10.6 	0.0 	0.0 	0.0 	0.0 	11.6 	116.1 	0.7 	14 	0.363 	0.560 	0.450 	1 	0.315 	0.000 	#N/A	0.376 		42.4 		-	-		-	-		-	-		-	-					Houston Texans	Buffalo Bills	0 	0.0 	0 	0.0 	4.0 	35 	0.0 	0.0 	0.0 	0.0 	0.0 	7.5 	TE20		Houston Texans	Cincinnati Bengals	0 	0.0 	0 	0.0 	12.0 	140 	0.0 	0.0 	0.0 	0.0 	0.0 	26.0 	TE1		Houston Texans	Indianapolis Colts	0 	0.0 	0 	0.0 	3.0 	30 	0.0 	0.0 	0.0 	0.0 	0.0 	6.0 	TE22		Houston Texans	Dallas Cowboys	0 	0.0 	0 	0.0 	2.0 	9 	0.0 	0.0 	0.0 	0.0 	0.0 	2.9 	TE31		Houston Texans	Tennessee Titans	0 	0.0 	0 	0.0 	3.7 	37 	0.2 	0.0 	0.0 	0.0 	0.0 	8.9 	TE18		Houston Texans	Jacksonville Jaguars	0 	0.0 	0 	0.0 	3.9 	39 	0.2 	0.0 	0.0 	0.0 	0.0 	9.1 	TE16		Houston Texans	New York Giants	0 	0.0 	0 	0.0 	4.0 	40 	0.3 	0.0 	0.0 	0.0 	0.0 	9.5 	TE16		Houston Texans	BYE	0 	0.0 	0 	0.0 	0.0 	0 	0.0 	0.0 	0.0 	0.0 	0.0 	0.0 	-		Houston Texans	Los Angeles Chargers	0 	0.0 	0 	0.0 	3.9 	39 	0.2 	0.0 	0.0 	0.0 	0.0 	9.2 	TE18		Houston Texans	Cleveland Browns	0 	0.0 	0 	0.0 	3.8 	38 	0.2 	0.0 	0.0 	0.0 	0.0 	8.9 	TE19		Houston Texans	Indianapolis Colts	0 	0.0 	0 	0.0 	4.0 	40 	0.3 	0.0 	0.0 	0.0 	0.0 	9.7 	TE12		Houston Texans	Baltimore Ravens	0 	0.0 	0 	0.0 	4.0 	40 	0.3 	0.0 	0.0 	0.0 	0.0 	9.6 	TE15		Houston Texans	Pittsburgh Steelers	0 	0.0 	0 	0.0 	3.8 	38 	0.2 	0.0 	0.0 	0.0 	0.0 	9.2 	TE14		Houston Texans	Washington Commanders	0 	0.0 	0 	0.0 	3.9 	39 	0.3 	0.0 	0.0 	0.0 	0.0 	9.5 	TE15		Houston Texans	Jacksonville Jaguars	0 	0.0 	0 	0.0 	4.0 	40 	0.3 	0.0 	0.0 	0.0 	0.0 	9.5 	TE16		Houston Texans	Philadelphia Eagles	0 	0.0 	0 	0.0 	3.7 	37 	0.2 	0.0 	0.0 	0.0 	0.0 	8.5 	TE23		Houston Texans	Green Bay Packers	0 	0.0 	0 	0.0 	3.8 	38 	0.2 	0.0 	0.0 	0.0 	0.0 	9.1 	TE20		Actual	Actual	Actual	Actual	Forecast	Forecast	Forecast	Forecast	Forecast	Forecast	Forecast	Forecast	Forecast	Forecast	Forecast	Forecast	Forecast		Healthy	Healthy	Healthy	Healthy	Healthy	Healthy	Healthy	Healthy	Healthy	Healthy	Healthy	Healthy	Healthy	Healthy	Healthy	Healthy	Healthy		Week 5 2026	10/8/2026	8:57:03 PM	20		17%	17%	0%	0%	0%	0%		(0.1)	0	0	0	0	0	(0.066655)
	Tre' Harris	Los Angeles Chargers	WR	WR53	9.2 	147 	0 	0.0 	0.0 	0.0 	0 	0.0 	0.0 	0.0 	51.2 	3.2 	748 	46.7 	3.5 	0.2 	0.0 	0.1 	0.0 	0.372 	1.000 	0.480 	0 	0.023 	0.000 	131 	237 	106 	52 	77 	25 	0.281 																5.0 	6.3 	13.6 	9.0 	9.0 	9.3 	0.0 	9.7 	9.3 	9.5 	9.1 	9.4 	9.6 	9.4 	9.7 	9.5 	9.4 		WR65	WR54	WR27	WR43	WR48	WR43	-	WR43	WR48	WR44	WR40	WR50	WR45	WR47	WR47	WR49	WR50		WR50	9.4 	0.0 	0.0 	0.0 	0.0 	3.2 	44.9 	0.3 	50 	0.405 	1.000 	0.500 	0 	0.056 	0.000 	127 	0.308 		113 		-	-		-	-		-	-		-	-		WR51	8.5 	0.0 	0.0 	0.0 	0.0 	9.6 	134.7 	0.9 	51 	0.291 	1.000 	0.490 	0 	0.012 	0.000 	#N/A	0.269 		33.9 		-	-		-	-		-	-		-	-					Los Angeles Chargers	Arizona Cardinals	0 	0.0 	0 	0.0 	3.0 	20 	0.0 	0.0 	0.0 	0.0 	0.0 	5.0 	WR65		Los Angeles Chargers	Las Vegas Raiders	0 	0.0 	0 	0.0 	1.0 	53 	0.0 	0.0 	0.0 	0.0 	0.0 	6.3 	WR54		Los Angeles Chargers	Buffalo Bills	0 	0.0 	0 	0.0 	6.0 	76 	0.0 	0.0 	0.0 	0.0 	0.0 	13.6 	WR27		Los Angeles Chargers	Seattle Seahawks	0 	0.0 	0 	0.0 	3.0 	60 	0.0 	0.0 	0.0 	0.0 	0.0 	9.0 	WR43		Los Angeles Chargers	Denver Broncos	0 	0.0 	0 	0.0 	3.1 	44 	0.3 	0.0 	0.0 	0.0 	0.0 	9.0 	WR48		Los Angeles Chargers	Kansas City Chiefs	0 	0.0 	0 	0.0 	3.2 	46 	0.3 	0.0 	0.0 	0.0 	0.0 	9.3 	WR43		Los Angeles Chargers	BYE	0 	0.0 	0 	0.0 	0.0 	0 	0.0 	0.0 	0.0 	0.0 	0.0 	0.0 	-		Los Angeles Chargers	Los Angeles Rams	0 	0.0 	0 	0.0 	3.3 	46 	0.3 	0.0 	0.0 	0.0 	0.0 	9.7 	WR43		Los Angeles Chargers	Houston Texans	0 	0.0 	0 	0.0 	3.2 	44 	0.3 	0.0 	0.0 	0.0 	0.0 	9.3 	WR48		Los Angeles Chargers	Baltimore Ravens	0 	0.0 	0 	0.0 	3.3 	46 	0.3 	0.0 	0.0 	0.0 	0.0 	9.5 	WR44		Los Angeles Chargers	New York Jets	0 	0.0 	0 	0.0 	3.0 	43 	0.3 	0.0 	0.0 	0.0 	0.0 	9.1 	WR40		Los Angeles Chargers	New England Patriots	0 	0.0 	0 	0.0 	3.2 	45 	0.3 	0.0 	0.0 	0.0 	0.0 	9.4 	WR50		Los Angeles Chargers	Tampa Bay Buccaneers	0 	0.0 	0 	0.0 	3.2 	46 	0.3 	0.0 	0.0 	0.0 	0.0 	9.6 	WR45		Los Angeles Chargers	Las Vegas Raiders	0 	0.0 	0 	0.0 	3.2 	44 	0.3 	0.0 	0.0 	0.0 	0.0 	9.4 	WR47		Los Angeles Chargers	San Francisco 49ers	0 	0.0 	0 	0.0 	3.3 	46 	0.3 	0.0 	0.0 	0.0 	0.0 	9.7 	WR47		Los Angeles Chargers	Miami Dolphins	0 	0.0 	0 	0.0 	3.2 	45 	0.3 	0.0 	0.0 	0.0 	0.0 	9.5 	WR49		Los Angeles Chargers	Kansas City Chiefs	0 	0.0 	0 	0.0 	3.2 	45 	0.3 	0.0 	0.0 	0.0 	0.0 	9.4 	WR50		Actual	Actual	Actual	Actual	Forecast	Forecast	Forecast	Forecast	Forecast	Forecast	Forecast	Forecast	Forecast	Forecast	Forecast	Forecast	Forecast		Healthy	Healthy	Healthy	Healthy	Healthy	Healthy	Healthy	Healthy	Healthy	Healthy	Healthy	Healthy	Healthy	Healthy	Healthy	Healthy	Healthy		Week 5 2026	10/8/2026	8:57:03 PM	20		21%	19%	0%	0%	0%	0%		0.0 	0	0	0	0	0	0.039097 
	Caleb Douglas	Miami Dolphins	WR	WR51	10.0 	140 	0 	0.0 	0.0 	0.0 	0 	0.0 	0.0 	0.0 	53.0 	3.8 	688 	49.1 	3.1 	0.2 	0.0 	0.1 	0.0 	0.355 	1.000 	0.460 	0 	0.078 	0.000 	126 	211 	85 	54 	71 	17 	0.291 				-	-		-	-		-	-		-	-		14.4 	3.9 	0.0 	0.0 	9.4 	0.0 	9.8 	10.2 	10.5 	10.5 	10.2 	9.9 	9.8 	10.5 	10.0 	10.2 	10.6 		WR22	WR68	-	-	WR45	-	WR43	WR41	WR40	WR39	WR37	WR46	WR44	WR41	WR45	WR46	WR41		WR46	10.2 	0.0 	0.0 	0.0 	0.0 	3.8 	47.9 	0.3 	46 	0.436 	1.000 	0.540 	0 	0.110 	0.000 	110 	0.352 		122 		-	-		-	-		-	-		-	-		WR86	9.2 	0.0 	0.0 	0.0 	0.0 	23.0 	287.5 	1.5 	86 	0.157 	1.000 	0.140 	(1)	0.000 	0.000 	#N/A	0.087 		18.3 		-	-		-	-		-	-		-	-					Miami Dolphins	Las Vegas Raiders	0 	0.0 	0 	0.0 	5.0 	94 	0.0 	0.0 	0.0 	0.0 	0.0 	14.4 	WR22		Miami Dolphins	San Francisco 49ers	0 	0.0 	0 	0.0 	2.0 	19 	0.0 	0.0 	0.0 	0.0 	0.0 	3.9 	WR68		Miami Dolphins	Kansas City Chiefs	0 	0.0 	0 	0.0 	0.0 	0 	0.0 	0.0 	0.0 	0.0 	0.0 	0.0 	-		Miami Dolphins	Minnesota Vikings	0 	0.0 	0 	0.0 	0.0 	0 	0.0 	0.0 	0.0 	0.0 	0.0 	0.0 	-		Miami Dolphins	Cincinnati Bengals	0 	0.0 	0 	0.0 	3.6 	45 	0.2 	0.0 	0.0 	0.0 	0.0 	9.4 	WR45		Miami Dolphins	BYE	0 	0.0 	0 	0.0 	0.0 	0 	0.0 	0.0 	0.0 	0.0 	0.0 	0.0 	-		Miami Dolphins	New York Jets	0 	0.0 	0 	0.0 	3.7 	46 	0.3 	0.0 	0.0 	0.0 	0.0 	9.8 	WR43		Miami Dolphins	New England Patriots	0 	0.0 	0 	0.0 	3.9 	48 	0.3 	0.0 	0.0 	0.0 	0.0 	10.2 	WR41		Miami Dolphins	Detroit Lions	0 	0.0 	0 	0.0 	3.9 	49 	0.3 	0.0 	0.0 	0.0 	0.0 	10.5 	WR40		Miami Dolphins	Indianapolis Colts	0 	0.0 	0 	0.0 	3.9 	49 	0.3 	0.0 	0.0 	0.0 	0.0 	10.5 	WR39		Miami Dolphins	Buffalo Bills	0 	0.0 	0 	0.0 	3.9 	48 	0.2 	0.0 	0.0 	0.0 	0.0 	10.2 	WR37		Miami Dolphins	New York Jets	0 	0.0 	0 	0.0 	3.7 	46 	0.3 	0.0 	0.0 	0.0 	0.0 	9.9 	WR46		Miami Dolphins	Denver Broncos	0 	0.0 	0 	0.0 	3.8 	47 	0.2 	0.0 	0.0 	0.0 	0.0 	9.8 	WR44		Miami Dolphins	Chicago Bears	0 	0.0 	0 	0.0 	3.9 	49 	0.3 	0.0 	0.0 	0.0 	0.0 	10.5 	WR41		Miami Dolphins	Green Bay Packers	0 	0.0 	0 	0.0 	3.8 	48 	0.2 	0.0 	0.0 	0.0 	0.0 	10.0 	WR45		Miami Dolphins	Los Angeles Chargers	0 	0.0 	0 	0.0 	3.9 	48 	0.3 	0.0 	0.0 	0.0 	0.0 	10.2 	WR46		Miami Dolphins	Buffalo Bills	0 	0.0 	0 	0.0 	4.0 	50 	0.3 	0.0 	0.0 	0.0 	0.0 	10.6 	WR41		Actual	Actual	Actual	Actual	Forecast	Forecast	Forecast	Forecast	Forecast	Forecast	Forecast	Forecast	Forecast	Forecast	Forecast	Forecast	Forecast		Healthy	Healthy	Injured	Injured	Limited / Handicapped	Healthy	Healthy	Healthy	Healthy	Healthy	Healthy	Healthy	Healthy	Healthy	Healthy	Healthy	Healthy		Week 5 2026	10/8/2026	8:57:03 PM	20		22%	21%	0%	0%	0%	0%		0.3 	0	1	1	0	0	
	Alvin Kamara	New Orleans Saints	RB	RB35	9.3 	140 	0 	0.0 	0.0 	0.0 	365 	24.4 	3.7 	0.2 	50.7 	3.4 	270 	18.0 	0.9 	0.1 	0.0 	1.1 	0.0 	0.355 	1.000 	0.607 	0 	0.044 	0.000 	108 	158 	50 	33 	50 	17 	0.344 				-	-		-	-		-	-		-	-		0.0 	7.2 	5.1 	22.8 	11.1 	12.7 	11.6 	0.0 	7.9 	7.9 	7.4 	7.6 	7.5 	7.6 	7.6 	8.4 	7.7 		-	RB37	RB41	RB9	RB23	RB18	RB22	-	RB34	RB31	RB32	RB37	RB32	RB35	RB38	RB34	RB37		RB34	8.8 	0.0 	0.0 	24.3 	0.1 	3.3 	18.5 	0.1 	32 	0.377 	1.000 	0.619 	0 	0.026 	0.000 	113 	0.345 		105 		-	-		-	-		-	-		-	-		RB30	11.7 	0.0 	0.0 	97.2 	0.6 	13.2 	74.2 	0.3 	30 	0.301 	1.000 	0.644 	0 	0.029 	0.000 	#N/A	0.347 		35.1 		-	-		-	-		-	-		-	-					New Orleans Saints	Detroit Lions	0 	0.0 	0 	0.0 	0.0 	0 	0.0 	0.0 	0.0 	0.0 	0.0 	0.0 	-		New Orleans Saints	Baltimore Ravens	0 	0.0 	15 	0.0 	5.0 	7 	0.0 	0.0 	0.0 	0.0 	0.0 	7.2 	RB37		New Orleans Saints	Las Vegas Raiders	0 	0.0 	36 	0.0 	1.0 	5 	0.0 	0.0 	0.0 	0.0 	0.0 	5.1 	RB41		New Orleans Saints	Atlanta Falcons	0 	0.0 	23 	2.0 	5.0 	35 	0.0 	0.0 	0.0 	0.0 	0.0 	22.8 	RB9		New Orleans Saints	Minnesota Vikings	0 	0.0 	35 	0.2 	3.7 	21 	0.1 	0.0 	0.1 	0.0 	0.0 	11.1 	RB23		New Orleans Saints	New York Giants	0 	0.0 	41 	0.3 	4.0 	23 	0.1 	0.0 	0.1 	0.0 	0.0 	12.7 	RB18		New Orleans Saints	Pittsburgh Steelers	0 	0.0 	37 	0.3 	3.9 	22 	0.1 	0.0 	0.1 	0.0 	0.0 	11.6 	RB22		New Orleans Saints	BYE	0 	0.0 	0 	0.0 	0.0 	0 	0.0 	0.0 	0.0 	0.0 	0.0 	0.0 	-		New Orleans Saints	Cleveland Browns	0 	0.0 	22 	0.1 	3.1 	17 	0.1 	0.0 	0.1 	0.0 	0.0 	7.9 	RB34		New Orleans Saints	Carolina Panthers	0 	0.0 	22 	0.1 	3.1 	17 	0.1 	0.0 	0.1 	0.0 	0.0 	7.9 	RB31		New Orleans Saints	Chicago Bears	0 	0.0 	17 	0.1 	3.1 	18 	0.1 	0.0 	0.1 	0.0 	0.0 	7.4 	RB32		New Orleans Saints	Cincinnati Bengals	0 	0.0 	18 	0.1 	3.2 	18 	0.1 	0.0 	0.1 	0.0 	0.0 	7.6 	RB37		New Orleans Saints	Green Bay Packers	0 	0.0 	19 	0.1 	3.1 	17 	0.1 	0.0 	0.1 	0.0 	0.0 	7.5 	RB32		New Orleans Saints	Carolina Panthers	0 	0.0 	20 	0.1 	3.1 	17 	0.1 	0.0 	0.1 	0.0 	0.0 	7.6 	RB35		New Orleans Saints	Tampa Bay Buccaneers	0 	0.0 	19 	0.1 	3.1 	18 	0.1 	0.0 	0.1 	0.0 	0.0 	7.6 	RB38		New Orleans Saints	Arizona Cardinals	0 	0.0 	24 	0.1 	3.2 	18 	0.1 	0.0 	0.1 	0.0 	0.0 	8.4 	RB34		New Orleans Saints	Atlanta Falcons	0 	0.0 	20 	0.1 	3.1 	17 	0.1 	0.0 	0.1 	0.0 	0.0 	7.7 	RB37		Actual	Actual	Actual	Actual	Forecast	Forecast	Forecast	Forecast	Forecast	Forecast	Forecast	Forecast	Forecast	Forecast	Forecast	Forecast	Forecast		Injured	Healthy	Healthy	Healthy	Limited / Handicapped	Healthy	Healthy	Healthy	Healthy	Healthy	Healthy	Healthy	Healthy	Healthy	Healthy	Healthy	Healthy		Week 5 2026	10/8/2026	8:57:03 PM	20		7%	4%	23%	17%	0%	0%		(0.0)	0	0	0	0	0	(0.001253)
	Devaughn Vele	New Orleans Saints	WR	WR41	10.3 	165 	0 	0.0 	0.0 	0.0 	0 	0.0 	0.0 	0.0 	63.1 	3.9 	718 	44.9 	5.0 	0.3 	0.0 	0.1 	0.0 	0.416 	1.000 	0.600 	0 	0.096 	0.000 	94 	250 	156 	40 	82 	42 	0.371 				-	-		-	-		-	-		-	-		19.9 	11.4 	6.9 	17.4 	11.5 	12.0 	11.3 	0.0 	8.2 	8.2 	8.2 	8.4 	8.2 	8.0 	8.3 	8.4 	8.2 		WR10	WR26	WR54	WR13	WR25	WR23	WR29	-	WR53	WR48	WR46	WR56	WR52	WR54	WR57	WR55	WR57		WR52	9.1 	0.0 	0.0 	0.0 	0.0 	3.5 	41.0 	0.2 	52 	0.390 	1.000 	0.480 	0 	0.032 	0.000 	135 	0.287 		109 		-	-		-	-		-	-		-	-		WR16	13.9 	0.0 	0.0 	0.0 	0.0 	10.5 	123.0 	0.7 	16 	0.477 	1.000 	0.840 	1 	0.271 	0.000 	#N/A	0.558 		55.6 		-	-		-	-		-	-		-	-					New Orleans Saints	Detroit Lions	0 	0.0 	0 	0.0 	7.0 	69 	1.0 	0.0 	0.0 	0.0 	0.0 	19.9 	WR10		New Orleans Saints	Baltimore Ravens	0 	0.0 	0 	0.0 	5.0 	64 	0.0 	0.0 	0.0 	0.0 	0.0 	11.4 	WR26		New Orleans Saints	Las Vegas Raiders	0 	0.0 	0 	0.0 	3.0 	39 	0.0 	0.0 	0.0 	0.0 	0.0 	6.9 	WR54		New Orleans Saints	Atlanta Falcons	0 	0.0 	0 	0.0 	6.0 	54 	1.0 	0.0 	0.0 	0.0 	0.0 	17.4 	WR13		New Orleans Saints	Minnesota Vikings	0 	0.0 	0 	0.0 	4.4 	51 	0.3 	0.0 	0.0 	0.0 	0.0 	11.5 	WR25		New Orleans Saints	New York Giants	0 	0.0 	0 	0.0 	4.5 	53 	0.4 	0.0 	0.0 	0.0 	0.0 	12.0 	WR23		New Orleans Saints	Pittsburgh Steelers	0 	0.0 	0 	0.0 	4.3 	51 	0.3 	0.0 	0.0 	0.0 	0.0 	11.3 	WR29		New Orleans Saints	BYE	0 	0.0 	0 	0.0 	0.0 	0 	0.0 	0.0 	0.0 	0.0 	0.0 	0.0 	-		New Orleans Saints	Cleveland Browns	0 	0.0 	0 	0.0 	3.2 	37 	0.2 	0.0 	0.0 	0.0 	0.0 	8.2 	WR53		New Orleans Saints	Carolina Panthers	0 	0.0 	0 	0.0 	3.2 	37 	0.2 	0.0 	0.0 	0.0 	0.0 	8.2 	WR48		New Orleans Saints	Chicago Bears	0 	0.0 	0 	0.0 	3.2 	38 	0.2 	0.0 	0.0 	0.0 	0.0 	8.2 	WR46		New Orleans Saints	Cincinnati Bengals	0 	0.0 	0 	0.0 	3.3 	38 	0.2 	0.0 	0.0 	0.0 	0.0 	8.4 	WR56		New Orleans Saints	Green Bay Packers	0 	0.0 	0 	0.0 	3.2 	37 	0.2 	0.0 	0.0 	0.0 	0.0 	8.2 	WR52		New Orleans Saints	Carolina Panthers	0 	0.0 	0 	0.0 	3.1 	37 	0.2 	0.0 	0.0 	0.0 	0.0 	8.0 	WR54		New Orleans Saints	Tampa Bay Buccaneers	0 	0.0 	0 	0.0 	3.2 	38 	0.2 	0.0 	0.0 	0.0 	0.0 	8.3 	WR57		New Orleans Saints	Arizona Cardinals	0 	0.0 	0 	0.0 	3.2 	38 	0.2 	0.0 	0.0 	0.0 	0.0 	8.4 	WR55		New Orleans Saints	Atlanta Falcons	0 	0.0 	0 	0.0 	3.2 	37 	0.2 	0.0 	0.0 	0.0 	0.0 	8.2 	WR57		Actual	Actual	Actual	Actual	Forecast	Forecast	Forecast	Forecast	Forecast	Forecast	Forecast	Forecast	Forecast	Forecast	Forecast	Forecast	Forecast		Healthy	Healthy	Healthy	Healthy	Healthy	Healthy	Healthy	Healthy	Healthy	Healthy	Healthy	Healthy	Healthy	Healthy	Healthy	Healthy	Healthy		Week 5 2026	10/8/2026	8:57:03 PM	20		15%	13%	0%	0%	0%	0%		(0.3)	0	0	0	0	0	(0.270675)
	Bo Nix	Denver Broncos	QB	QB19	15.3 	245 	3,494 	218.4 	22.6 	1.4 	208 	13.0 	2.6 	0.2 	0.0 	0.0 	0 	0.0 	0.0 	0.0 	10.7 	1.9 	0.0 	0.620 	0.460 	0.292 	0 	0.259 	0.000 	133 	118 	(15)	17 	15 	(2)	0.276 				-	-		-	-		-	-		-	-		5.4 	14.1 	24.1 	13.6 	15.9 	15.0 	16.5 	15.7 	15.8 	0.0 	16.1 	14.7 	16.5 	15.4 	15.6 	15.9 	14.7 		QB31	QB19	QB6	QB16	QB13	QB17	QB8	QB18	QB19	-	QB15	QB27	QB10	QB22	QB20	QB16	QB25		QB19	15.6 	222.9 	1.5 	15.3 	0.1 	0.0 	0.0 	0.0 	18 	0.673 	0.460 	0.279 	1 	0.419 	0.000 	114 	0.345 		188 		-	-		-	-		-	-		-	-		QB20	14.3 	668.7 	4.4 	45.8 	0.4 	0.0 	0.0 	0.0 	20 	0.491 	0.460 	0.253 	0 	0.150 	0.000 	#N/A	0.205 		57.3 		-	-		-	-		-	-		-	-					Denver Broncos	Kansas City Chiefs	131 	1.0 	2 	0.0 	0.0 	0 	0.0 	1.0 	1.0 	0.0 	0.0 	5.4 	QB31		Denver Broncos	Jacksonville Jaguars	288 	1.0 	6 	0.0 	0.0 	0 	0.0 	1.0 	0.0 	0.0 	0.0 	14.1 	QB19		Denver Broncos	Los Angeles Rams	186 	2.0 	7 	1.0 	0.0 	0 	0.0 	1.0 	0.0 	0.0 	2.0 	24.1 	QB6		Denver Broncos	San Francisco 49ers	214 	1.0 	10 	0.0 	0.0 	0 	0.0 	0.0 	0.0 	0.0 	0.0 	13.6 	QB16		Denver Broncos	Los Angeles Chargers	226 	1.5 	15 	0.1 	0.0 	0 	0.0 	0.6 	0.1 	0.0 	0.0 	15.9 	QB13		Denver Broncos	Seattle Seahawks	222 	1.4 	14 	0.1 	0.0 	0 	0.0 	0.6 	0.1 	0.0 	0.0 	15.0 	QB17		Denver Broncos	Arizona Cardinals	225 	1.6 	17 	0.2 	0.0 	0 	0.0 	0.6 	0.1 	0.0 	0.0 	16.5 	QB8		Denver Broncos	Kansas City Chiefs	225 	1.5 	15 	0.1 	0.0 	0 	0.0 	0.6 	0.1 	0.0 	0.0 	15.7 	QB18		Denver Broncos	Carolina Panthers	226 	1.5 	15 	0.1 	0.0 	0 	0.0 	0.6 	0.1 	0.0 	0.0 	15.8 	QB19		Denver Broncos	BYE	0 	0.0 	0 	0.0 	0.0 	0 	0.0 	0.0 	0.0 	0.0 	0.0 	0.0 	-		Denver Broncos	Las Vegas Raiders	222 	1.5 	17 	0.1 	0.0 	0 	0.0 	0.6 	0.1 	0.0 	0.0 	16.1 	QB15		Denver Broncos	Pittsburgh Steelers	217 	1.3 	14 	0.1 	0.0 	0 	0.0 	0.6 	0.1 	0.0 	0.0 	14.7 	QB27		Denver Broncos	Miami Dolphins	222 	1.6 	18 	0.2 	0.0 	0 	0.0 	0.6 	0.1 	0.0 	0.0 	16.5 	QB10		Denver Broncos	New York Jets	220 	1.4 	16 	0.1 	0.0 	0 	0.0 	0.6 	0.1 	0.0 	0.0 	15.4 	QB22		Denver Broncos	Las Vegas Raiders	221 	1.5 	16 	0.1 	0.0 	0 	0.0 	0.6 	0.1 	0.0 	0.0 	15.6 	QB20		Denver Broncos	Buffalo Bills	230 	1.5 	14 	0.1 	0.0 	0 	0.0 	0.6 	0.1 	0.0 	0.0 	15.9 	QB16		Denver Broncos	New England Patriots	220 	1.3 	14 	0.1 	0.0 	0 	0.0 	0.6 	0.1 	0.0 	0.0 	14.7 	QB25		Actual	Actual	Actual	Actual	Forecast	Forecast	Forecast	Forecast	Forecast	Forecast	Forecast	Forecast	Forecast	Forecast	Forecast	Forecast	Forecast		Healthy	Healthy	Healthy	Healthy	Healthy	Healthy	Healthy	Healthy	Healthy	Healthy	Healthy	Healthy	Healthy	Healthy	Healthy	Healthy	Healthy		Week 5 2026	10/8/2026	8:57:03 PM	20		0%	0%	13%	14%	99%	99%		0.1 	0	0	0	0	0	0.140199 
	Rico Dowdle	Pittsburgh Steelers	RB	RB42	7.4 	104 	0 	0.0 	0.0 	0.0 	531 	37.9 	3.3 	0.2 	18.4 	1.3 	137 	9.8 	0.4 	0.0 	0.0 	1.5 	0.0 	0.264 	1.000 	0.506 	(0)	0.000 	0.000 	136 	79 	(57)	41 	30 	(11)	0.267 				-	-		-	-		-	-		-	-		4.1 	6.4 	0.0 	0.0 	8.0 	7.9 	8.2 	8.7 	0.0 	7.6 	6.8 	7.3 	7.5 	7.6 	7.8 	8.2 	8.1 		RB47	RB39	-	-	RB32	RB31	RB30	RB29	-	RB32	RB33	RB40	RB33	RB34	RB37	RB37	RB36		RB37	7.8 	0.0 	0.0 	41.2 	0.3 	1.2 	9.1 	0.0 	37 	0.335 	1.000 	0.557 	(0)	0.000 	0.000 	129 	0.301 		94 		-	-		-	-		-	-		-	-		RB67	5.3 	0.0 	0.0 	247.0 	1.6 	7.2 	54.7 	0.2 	67 	0.090 	1.000 	0.173 	(1)	0.000 	0.000 	#N/A	0.091 		10.5 		-	-		-	-		-	-		-	-					Pittsburgh Steelers	Atlanta Falcons	0 	0.0 	15 	0.0 	2.0 	6 	0.0 	0.0 	0.0 	0.0 	0.0 	4.1 	RB47		Pittsburgh Steelers	New England Patriots	0 	0.0 	22 	0.0 	2.0 	22 	0.0 	0.0 	0.0 	0.0 	0.0 	6.4 	RB39		Pittsburgh Steelers	Cincinnati Bengals	0 	0.0 	0 	0.0 	0.0 	0 	0.0 	0.0 	0.0 	0.0 	0.0 	0.0 	-		Pittsburgh Steelers	Cleveland Browns	0 	0.0 	0 	0.0 	0.0 	0 	0.0 	0.0 	0.0 	0.0 	0.0 	0.0 	-		Pittsburgh Steelers	Indianapolis Colts	0 	0.0 	42 	0.3 	1.2 	9 	0.0 	0.0 	0.1 	0.0 	0.0 	8.0 	RB32		Pittsburgh Steelers	Tampa Bay Buccaneers	0 	0.0 	42 	0.3 	1.2 	9 	0.0 	0.0 	0.1 	0.0 	0.0 	7.9 	RB31		Pittsburgh Steelers	New Orleans Saints	0 	0.0 	43 	0.3 	1.2 	9 	0.0 	0.0 	0.1 	0.0 	0.0 	8.2 	RB30		Pittsburgh Steelers	Cleveland Browns	0 	0.0 	47 	0.3 	1.2 	9 	0.0 	0.0 	0.1 	0.0 	0.0 	8.7 	RB29		Pittsburgh Steelers	BYE	0 	0.0 	0 	0.0 	0.0 	0 	0.0 	0.0 	0.0 	0.0 	0.0 	0.0 	-		Pittsburgh Steelers	Cincinnati Bengals	0 	0.0 	39 	0.3 	1.3 	10 	0.0 	0.0 	0.1 	0.0 	0.0 	7.6 	RB32		Pittsburgh Steelers	Philadelphia Eagles	0 	0.0 	35 	0.2 	1.2 	9 	0.0 	0.0 	0.1 	0.0 	0.0 	6.8 	RB33		Pittsburgh Steelers	Denver Broncos	0 	0.0 	39 	0.2 	1.2 	9 	0.0 	0.0 	0.1 	0.0 	0.0 	7.3 	RB40		Pittsburgh Steelers	Houston Texans	0 	0.0 	40 	0.2 	1.2 	9 	0.0 	0.0 	0.1 	0.0 	0.0 	7.5 	RB33		Pittsburgh Steelers	Jacksonville Jaguars	0 	0.0 	40 	0.3 	1.2 	9 	0.0 	0.0 	0.1 	0.0 	0.0 	7.6 	RB34		Pittsburgh Steelers	Baltimore Ravens	0 	0.0 	41 	0.3 	1.2 	9 	0.0 	0.0 	0.1 	0.0 	0.0 	7.8 	RB37		Pittsburgh Steelers	Carolina Panthers	0 	0.0 	43 	0.3 	1.2 	9 	0.0 	0.0 	0.1 	0.0 	0.0 	8.2 	RB37		Pittsburgh Steelers	Tennessee Titans	0 	0.0 	43 	0.3 	1.2 	9 	0.0 	0.0 	0.1 	0.0 	0.0 	8.1 	RB36		Actual	Actual	Actual	Actual	Forecast	Forecast	Forecast	Forecast	Forecast	Forecast	Forecast	Forecast	Forecast	Forecast	Forecast	Forecast	Forecast		Healthy	Healthy	Injured	Injured	Limited / Handicapped	Healthy	Healthy	Healthy	Healthy	Healthy	Healthy	Healthy	Healthy	Healthy	Healthy	Healthy	Healthy		Week 5 2026	10/8/2026	8:57:03 PM	20		4%	2%	39%	42%	0%	0%		0.2 	0	1	1	0	0	
	Pat Freiermuth	Pittsburgh Steelers	TE	TE20	9.3 	148 	0 	0.0 	0.0 	0.0 	3 	0.2 	0.0 	0.0 	62.5 	3.9 	537 	33.6 	5.3 	0.3 	0.0 	0.1 	0.0 	0.375 	0.560 	0.404 	0 	0.152 	0.000 	129 	244 	115 	19 	28 	9 	0.286 				-	-		-	-		-	-		-	-		15.6 	7.4 	5.1 	10.7 	9.4 	9.0 	9.2 	8.9 	0.0 	9.5 	9.0 	8.7 	8.9 	9.1 	9.3 	9.2 	9.1 		TE6	TE19	TE24	TE16	TE16	TE18	TE19	TE17	-	TE15	TE18	TE21	TE16	TE19	TE19	TE17	TE19		TE20	9.1 	0.0 	0.0 	0.0 	0.0 	4.0 	34.3 	0.3 	20 	0.391 	0.560 	0.395 	0 	0.176 	0.000 	131 	0.296 		109 		-	-		-	-		-	-		-	-		TE17	9.7 	0.0 	0.0 	0.0 	0.0 	12.1 	103.0 	0.8 	17 	0.333 	0.560 	0.422 	0 	0.223 	0.000 	#N/A	0.319 		38.8 		-	-		-	-		-	-		-	-					Pittsburgh Steelers	Atlanta Falcons	0 	0.0 	0 	0.0 	5.0 	46 	1.0 	0.0 	0.0 	0.0 	0.0 	15.6 	TE6		Pittsburgh Steelers	New England Patriots	0 	0.0 	2 	0.0 	4.0 	32 	0.0 	0.0 	0.0 	0.0 	0.0 	7.4 	TE19		Pittsburgh Steelers	Cincinnati Bengals	0 	0.0 	1 	0.0 	2.0 	30 	0.0 	0.0 	0.0 	0.0 	0.0 	5.1 	TE24		Pittsburgh Steelers	Cleveland Browns	0 	0.0 	0 	0.0 	3.0 	17 	1.0 	0.0 	0.0 	0.0 	0.0 	10.7 	TE16		Pittsburgh Steelers	Indianapolis Colts	0 	0.0 	0 	0.0 	4.1 	35 	0.3 	0.0 	0.0 	0.0 	0.0 	9.4 	TE16		Pittsburgh Steelers	Tampa Bay Buccaneers	0 	0.0 	0 	0.0 	4.0 	34 	0.3 	0.0 	0.0 	0.0 	0.0 	9.0 	TE18		Pittsburgh Steelers	New Orleans Saints	0 	0.0 	0 	0.0 	4.1 	35 	0.3 	0.0 	0.0 	0.0 	0.0 	9.2 	TE19		Pittsburgh Steelers	Cleveland Browns	0 	0.0 	0 	0.0 	3.9 	33 	0.3 	0.0 	0.0 	0.0 	0.0 	8.9 	TE17		Pittsburgh Steelers	BYE	0 	0.0 	0 	0.0 	0.0 	0 	0.0 	0.0 	0.0 	0.0 	0.0 	0.0 	-		Pittsburgh Steelers	Cincinnati Bengals	0 	0.0 	0 	0.0 	4.2 	36 	0.3 	0.0 	0.0 	0.0 	0.0 	9.5 	TE15		Pittsburgh Steelers	Philadelphia Eagles	0 	0.0 	0 	0.0 	4.0 	34 	0.2 	0.0 	0.0 	0.0 	0.0 	9.0 	TE18		Pittsburgh Steelers	Denver Broncos	0 	0.0 	0 	0.0 	3.9 	33 	0.2 	0.0 	0.0 	0.0 	0.0 	8.7 	TE21		Pittsburgh Steelers	Houston Texans	0 	0.0 	0 	0.0 	4.0 	34 	0.3 	0.0 	0.0 	0.0 	0.0 	8.9 	TE16		Pittsburgh Steelers	Jacksonville Jaguars	0 	0.0 	0 	0.0 	4.0 	34 	0.3 	0.0 	0.0 	0.0 	0.0 	9.1 	TE19		Pittsburgh Steelers	Baltimore Ravens	0 	0.0 	0 	0.0 	4.1 	35 	0.3 	0.0 	0.0 	0.0 	0.0 	9.3 	TE19		Pittsburgh Steelers	Carolina Panthers	0 	0.0 	0 	0.0 	4.1 	35 	0.3 	0.0 	0.0 	0.0 	0.0 	9.2 	TE17		Pittsburgh Steelers	Tennessee Titans	0 	0.0 	0 	0.0 	4.0 	34 	0.3 	0.0 	0.0 	0.0 	0.0 	9.1 	TE19		Actual	Actual	Actual	Actual	Forecast	Forecast	Forecast	Forecast	Forecast	Forecast	Forecast	Forecast	Forecast	Forecast	Forecast	Forecast	Forecast		Healthy	Healthy	Healthy	Healthy	Healthy	Healthy	Healthy	Healthy	Healthy	Healthy	Healthy	Healthy	Healthy	Healthy	Healthy	Healthy	Healthy		Week 5 2026	10/8/2026	8:57:03 PM	20		15%	17%	0%	0%	0%	0%		(0.0)	0	0	0	0	0	(0.023735)
	Kalif Raymond	Chicago Bears	WR	WR52	9.2 	148 	0 	0.0 	0.0 	0.0 	0 	0.0 	0.0 	0.0 	59.6 	3.7 	644 	40.3 	4.0 	0.3 	0.0 	0.1 	0.0 	0.374 	1.000 	0.490 	0 	0.027 	0.000 	128 	428 	300 	51 	132 	81 	0.287 																16.4 	9.0 	21.0 	2.6 	8.1 	8.2 	8.2 	8.0 	8.4 	0.0 	8.1 	8.4 	8.3 	8.2 	8.5 	8.2 	8.3 		WR15	WR31	WR7	WR72	WR51	WR48	WR49	WR50	WR52	-	WR47	WR55	WR51	WR53	WR56	WR57	WR56		WR56	8.2 	0.0 	0.0 	0.0 	0.0 	3.2 	35.4 	0.3 	56 	0.354 	1.000 	0.440 	(0)	0.000 	0.000 	147 	0.251 		99 		-	-		-	-		-	-		-	-		WR23	12.3 	0.0 	0.0 	0.0 	0.0 	9.6 	106.1 	0.8 	23 	0.420 	1.000 	0.770 	1 	0.192 	0.000 	#N/A	0.486 		49.0 		-	-		-	-		-	-		-	-					Chicago Bears	Carolina Panthers	0 	0.0 	0 	0.0 	8.0 	84 	0.0 	0.0 	0.0 	0.0 	0.0 	16.4 	WR15		Chicago Bears	Minnesota Vikings	0 	0.0 	0 	0.0 	5.0 	40 	0.0 	0.0 	0.0 	0.0 	0.0 	9.0 	WR31		Chicago Bears	Philadelphia Eagles	0 	0.0 	0 	0.0 	6.0 	90 	1.0 	0.0 	0.0 	0.0 	0.0 	21.0 	WR7		Chicago Bears	New York Jets	0 	0.0 	0 	0.0 	2.0 	6 	0.0 	0.0 	0.0 	0.0 	0.0 	2.6 	WR72		Chicago Bears	Green Bay Packers	0 	0.0 	0 	0.0 	3.2 	35 	0.2 	0.0 	0.0 	0.0 	0.0 	8.1 	WR51		Chicago Bears	Atlanta Falcons	0 	0.0 	0 	0.0 	3.2 	35 	0.2 	0.0 	0.0 	0.0 	0.0 	8.2 	WR48		Chicago Bears	New England Patriots	0 	0.0 	0 	0.0 	3.2 	35 	0.2 	0.0 	0.0 	0.0 	0.0 	8.2 	WR49		Chicago Bears	Seattle Seahawks	0 	0.0 	0 	0.0 	3.2 	35 	0.2 	0.0 	0.0 	0.0 	0.0 	8.0 	WR50		Chicago Bears	Tampa Bay Buccaneers	0 	0.0 	0 	0.0 	3.3 	36 	0.3 	0.0 	0.0 	0.0 	0.0 	8.4 	WR52		Chicago Bears	BYE	0 	0.0 	0 	0.0 	0.0 	0 	0.0 	0.0 	0.0 	0.0 	0.0 	0.0 	-		Chicago Bears	New Orleans Saints	0 	0.0 	0 	0.0 	3.1 	34 	0.3 	0.0 	0.0 	0.0 	0.0 	8.1 	WR47		Chicago Bears	Detroit Lions	0 	0.0 	0 	0.0 	3.3 	36 	0.3 	0.0 	0.0 	0.0 	0.0 	8.4 	WR55		Chicago Bears	Jacksonville Jaguars	0 	0.0 	0 	0.0 	3.2 	35 	0.3 	0.0 	0.0 	0.0 	0.0 	8.3 	WR51		Chicago Bears	Miami Dolphins	0 	0.0 	0 	0.0 	3.2 	35 	0.3 	0.0 	0.0 	0.0 	0.0 	8.2 	WR53		Chicago Bears	Buffalo Bills	0 	0.0 	0 	0.0 	3.3 	37 	0.3 	0.0 	0.0 	0.0 	0.0 	8.5 	WR56		Chicago Bears	Green Bay Packers	0 	0.0 	0 	0.0 	3.2 	35 	0.2 	0.0 	0.0 	0.0 	0.0 	8.2 	WR57		Chicago Bears	Detroit Lions	0 	0.0 	0 	0.0 	3.2 	36 	0.3 	0.0 	0.0 	0.0 	0.0 	8.3 	WR56		Actual	Actual	Actual	Actual	Forecast	Forecast	Forecast	Forecast	Forecast	Forecast	Forecast	Forecast	Forecast	Forecast	Forecast	Forecast	Forecast		Healthy	Healthy	Healthy	Healthy	Healthy	Healthy	Healthy	Healthy	Healthy	Healthy	Healthy	Healthy	Healthy	Healthy	Healthy	Healthy	Healthy		Week 5 2026	10/8/2026	8:57:03 PM	20		17%	16%	0%	0%	0%	0%		(0.2)	0	0	0	0	0	(0.235228)
	Tyler Allgeier	Arizona Cardinals	RB	RB43	6.4 	102 	0 	0.0 	0.0 	0.0 	451 	28.2 	3.4 	0.2 	24.1 	1.5 	117 	7.3 	0.5 	0.0 	0.0 	1.1 	0.0 	0.258 	1.000 	0.481 	(0)	0.000 	0.000 	140 	141 	1 	43 	46 	3 	0.255 				-	-		-	-		-	-		-	-		9.0 	3.9 	4.9 	12.9 	7.0 	5.9 	5.6 	5.6 	5.3 	5.6 	5.3 	6.4 	5.5 	0.0 	6.7 	5.9 	6.4 		RB29	RB47	RB42	RB25	RB38	RB38	RB41	RB43	RB47	RB43	RB39	RB44	RB46	-	RB43	RB47	RB45		RB46	5.9 	0.0 	0.0 	28.2 	0.2 	1.2 	6.8 	0.0 	46 	0.255 	1.000 	0.443 	(0)	0.000 	0.000 	153 	0.238 		71 		-	-		-	-		-	-		-	-		RB35	7.7 	0.0 	0.0 	84.7 	0.6 	3.5 	20.4 	0.1 	35 	0.263 	1.000 	0.582 	(0)	0.000 	0.000 	#N/A	0.301 		30.7 		-	-		-	-		-	-		-	-					Arizona Cardinals	Los Angeles Chargers	0 	0.0 	61 	0.0 	2.0 	9 	0.0 	0.0 	0.0 	0.0 	0.0 	9.0 	RB29		Arizona Cardinals	Seattle Seahawks	0 	0.0 	10 	0.0 	2.0 	9 	0.0 	0.0 	0.0 	0.0 	0.0 	3.9 	RB47		Arizona Cardinals	San Francisco 49ers	0 	0.0 	(1)	0.0 	4.0 	10 	0.0 	0.0 	0.0 	0.0 	0.0 	4.9 	RB42		Arizona Cardinals	New York Giants	0 	0.0 	42 	1.0 	2.0 	7 	0.0 	0.0 	0.0 	0.0 	0.0 	12.9 	RB25		Arizona Cardinals	Detroit Lions	0 	0.0 	32 	0.3 	1.3 	7 	0.1 	0.0 	0.1 	0.0 	0.0 	7.0 	RB38		Arizona Cardinals	Los Angeles Rams	0 	0.0 	27 	0.2 	1.2 	7 	0.0 	0.0 	0.1 	0.0 	0.0 	5.9 	RB38		Arizona Cardinals	Denver Broncos	0 	0.0 	26 	0.2 	1.2 	7 	0.0 	0.0 	0.1 	0.0 	0.0 	5.6 	RB41		Arizona Cardinals	Dallas Cowboys	0 	0.0 	26 	0.2 	1.2 	7 	0.0 	0.0 	0.1 	0.0 	0.0 	5.6 	RB43		Arizona Cardinals	Seattle Seahawks	0 	0.0 	25 	0.2 	1.1 	7 	0.0 	0.0 	0.1 	0.0 	0.0 	5.3 	RB47		Arizona Cardinals	Los Angeles Rams	0 	0.0 	26 	0.2 	1.2 	7 	0.0 	0.0 	0.1 	0.0 	0.0 	5.6 	RB43		Arizona Cardinals	Kansas City Chiefs	0 	0.0 	25 	0.2 	1.1 	7 	0.0 	0.0 	0.1 	0.0 	0.0 	5.3 	RB39		Arizona Cardinals	Washington Commanders	0 	0.0 	31 	0.2 	1.2 	7 	0.0 	0.0 	0.1 	0.0 	0.0 	6.4 	RB44		Arizona Cardinals	Philadelphia Eagles	0 	0.0 	26 	0.2 	1.2 	7 	0.0 	0.0 	0.1 	0.0 	0.0 	5.5 	RB46		Arizona Cardinals	BYE	0 	0.0 	0 	0.0 	0.0 	0 	0.0 	0.0 	0.0 	0.0 	0.0 	0.0 	-		Arizona Cardinals	New York Jets	0 	0.0 	34 	0.3 	1.1 	7 	0.0 	0.0 	0.1 	0.0 	0.0 	6.7 	RB43		Arizona Cardinals	New Orleans Saints	0 	0.0 	28 	0.2 	1.2 	7 	0.0 	0.0 	0.1 	0.0 	0.0 	5.9 	RB47		Arizona Cardinals	Las Vegas Raiders	0 	0.0 	32 	0.2 	1.1 	7 	0.0 	0.0 	0.1 	0.0 	0.0 	6.4 	RB45		Actual	Actual	Actual	Actual	Forecast	Forecast	Forecast	Forecast	Forecast	Forecast	Forecast	Forecast	Forecast	Forecast	Forecast	Forecast	Forecast		Healthy	Healthy	Healthy	Healthy	Healthy	Healthy	Healthy	Healthy	Healthy	Healthy	Healthy	Healthy	Healthy	Healthy	Healthy	Healthy	Healthy		Week 5 2026	10/8/2026	8:57:03 PM	20		3%	3%	29%	33%	0%	0%		(0.1)	0	0	0	0	0	(0.063692)
	Cam Ward	Tennessee Titans	QB	QB21	15.0 	239 	3,413 	213.3 	19.9 	1.2 	231 	14.4 	3.3 	0.2 	0.0 	0.0 	0 	0.0 	0.0 	0.0 	9.7 	0.9 	0.0 	0.606 	0.460 	0.253 	0 	0.224 	0.000 	145 	230 	85 	20 	28 	8 	0.240 				-	-		-	-		-	-		-	-		11.7 	20.0 	9.4 	15.6 	12.9 	14.7 	15.2 	15.9 	0.0 	15.5 	15.7 	15.2 	15.9 	15.4 	16.2 	15.0 	15.0 		QB25	QB11	QB29	QB15	QB27	QB19	QB20	QB14	-	QB17	QB18	QB25	QB17	QB23	QB15	QB23	QB22		QB25	15.2 	223.9 	1.4 	14.5 	0.1 	0.0 	0.0 	0.0 	23 	0.654 	0.460 	0.213 	1 	0.374 	0.000 	134 	0.289 		183 		-	-		-	-		-	-		-	-		QB21	14.2 	671.8 	4.2 	43.5 	0.3 	0.0 	0.0 	0.0 	21 	0.486 	0.460 	0.240 	0 	0.142 	0.000 	#N/A	0.194 		56.7 		-	-		-	-		-	-		-	-					Tennessee Titans	New York Jets	140 	1.0 	21 	0.0 	0.0 	0 	0.0 	0.0 	0.0 	0.0 	0.0 	11.7 	QB25		Tennessee Titans	Philadelphia Eagles	183 	0.0 	7 	2.0 	0.0 	0 	0.0 	0.0 	0.0 	0.0 	0.0 	20.0 	QB11		Tennessee Titans	New York Giants	181 	1.0 	2 	0.0 	0.0 	0 	0.0 	1.0 	0.0 	0.0 	0.0 	9.4 	QB29		Tennessee Titans	Baltimore Ravens	222 	1.0 	27 	0.0 	0.0 	0 	0.0 	1.0 	0.0 	0.0 	1.0 	15.6 	QB15		Tennessee Titans	Houston Texans	211 	1.1 	12 	0.1 	0.0 	0 	0.0 	0.6 	0.1 	0.0 	0.0 	12.9 	QB27		Tennessee Titans	Indianapolis Colts	223 	1.3 	13 	0.1 	0.0 	0 	0.0 	0.6 	0.1 	0.0 	0.0 	14.7 	QB19		Tennessee Titans	Cleveland Browns	218 	1.4 	16 	0.1 	0.0 	0 	0.0 	0.6 	0.1 	0.0 	0.0 	15.2 	QB20		Tennessee Titans	Cincinnati Bengals	232 	1.5 	14 	0.1 	0.0 	0 	0.0 	0.6 	0.1 	0.0 	0.0 	15.9 	QB14		Tennessee Titans	BYE	0 	0.0 	0 	0.0 	0.0 	0 	0.0 	0.0 	0.0 	0.0 	0.0 	0.0 	-		Tennessee Titans	Jacksonville Jaguars	223 	1.4 	15 	0.1 	0.0 	0 	0.0 	0.6 	0.1 	0.0 	0.0 	15.5 	QB17		Tennessee Titans	Dallas Cowboys	231 	1.5 	14 	0.1 	0.0 	0 	0.0 	0.6 	0.1 	0.0 	0.0 	15.7 	QB18		Tennessee Titans	Jacksonville Jaguars	227 	1.4 	14 	0.1 	0.0 	0 	0.0 	0.6 	0.1 	0.0 	0.0 	15.2 	QB25		Tennessee Titans	Washington Commanders	226 	1.5 	16 	0.1 	0.0 	0 	0.0 	0.6 	0.1 	0.0 	0.0 	15.9 	QB17		Tennessee Titans	Detroit Lions	231 	1.4 	13 	0.1 	0.0 	0 	0.0 	0.6 	0.1 	0.0 	0.0 	15.4 	QB23		Tennessee Titans	Indianapolis Colts	228 	1.5 	16 	0.1 	0.0 	0 	0.0 	0.6 	0.1 	0.0 	0.0 	16.2 	QB15		Tennessee Titans	Las Vegas Raiders	219 	1.4 	15 	0.1 	0.0 	0 	0.0 	0.6 	0.1 	0.0 	0.0 	15.0 	QB23		Tennessee Titans	Pittsburgh Steelers	219 	1.4 	15 	0.1 	0.0 	0 	0.0 	0.6 	0.1 	0.0 	0.0 	15.0 	QB22		Actual	Actual	Actual	Actual	Forecast	Forecast	Forecast	Forecast	Forecast	Forecast	Forecast	Forecast	Forecast	Forecast	Forecast	Forecast	Forecast		Healthy	Healthy	Healthy	Healthy	Healthy	Healthy	Healthy	Healthy	Healthy	Healthy	Healthy	Healthy	Healthy	Healthy	Healthy	Healthy	Healthy		Week 5 2026	10/8/2026	8:57:03 PM	20		0%	0%	14%	14%	99%	99%		0.1 	0	0	0	0	0	0.095136 
	Mark Andrews	Baltimore Ravens	TE	TE21	9.1 	146 	0 	0.0 	0.0 	0.0 	0 	0.0 	0.0 	0.0 	64.9 	4.1 	562 	35.1 	4.2 	0.3 	0.0 	0.1 	0.0 	0.370 	0.560 	0.395 	0 	0.142 	0.000 	132 	128 	(4)	20 	15 	(5)	0.277 				-	-		-	-		-	-		-	-		8.9 	10.9 	5.4 	13.7 	8.6 	8.4 	9.5 	9.2 	9.2 	9.2 	8.9 	8.7 	0.0 	9.0 	9.0 	8.6 	9.2 		TE19	TE11	TE23	TE8	TE20	TE21	TE17	TE15	TE17	TE17	TE19	TE20	-	TE20	TE20	TE22	TE17		TE21	9.0 	0.0 	0.0 	0.0 	0.0 	3.9 	34.4 	0.3 	21 	0.385 	0.560 	0.385 	0 	0.160 	0.000 	137 	0.284 		107 		-	-		-	-		-	-		-	-		TE16	9.7 	0.0 	0.0 	0.0 	0.0 	11.7 	103.2 	0.8 	16 	0.333 	0.560 	0.432 	0 	0.226 	0.000 	#N/A	0.324 		38.9 		-	-		-	-		-	-		-	-					Baltimore Ravens	Indianapolis Colts	0 	0.0 	0 	0.0 	4.0 	49 	0.0 	0.0 	0.0 	0.0 	0.0 	8.9 	TE19		Baltimore Ravens	New Orleans Saints	0 	0.0 	0 	0.0 	6.0 	49 	0.0 	0.0 	0.0 	0.0 	0.0 	10.9 	TE11		Baltimore Ravens	Dallas Cowboys	0 	0.0 	0 	0.0 	3.0 	24 	0.0 	0.0 	0.0 	0.0 	0.0 	5.4 	TE23		Baltimore Ravens	Tennessee Titans	0 	0.0 	0 	0.0 	5.0 	27 	1.0 	0.0 	0.0 	0.0 	0.0 	13.7 	TE8		Baltimore Ravens	Atlanta Falcons	0 	0.0 	0 	0.0 	3.8 	34 	0.2 	0.0 	0.0 	0.0 	0.0 	8.6 	TE20		Baltimore Ravens	Cleveland Browns	0 	0.0 	0 	0.0 	3.7 	33 	0.2 	0.0 	0.0 	0.0 	0.0 	8.4 	TE21		Baltimore Ravens	Cincinnati Bengals	0 	0.0 	0 	0.0 	4.1 	36 	0.3 	0.0 	0.0 	0.0 	0.0 	9.5 	TE17		Baltimore Ravens	Buffalo Bills	0 	0.0 	0 	0.0 	4.0 	35 	0.3 	0.0 	0.0 	0.0 	0.0 	9.2 	TE15		Baltimore Ravens	Jacksonville Jaguars	0 	0.0 	0 	0.0 	4.0 	35 	0.3 	0.0 	0.0 	0.0 	0.0 	9.2 	TE17		Baltimore Ravens	Los Angeles Chargers	0 	0.0 	0 	0.0 	4.0 	35 	0.3 	0.0 	0.0 	0.0 	0.0 	9.2 	TE17		Baltimore Ravens	Carolina Panthers	0 	0.0 	0 	0.0 	3.9 	34 	0.3 	0.0 	0.0 	0.0 	0.0 	8.9 	TE19		Baltimore Ravens	Houston Texans	0 	0.0 	0 	0.0 	3.9 	34 	0.3 	0.0 	0.0 	0.0 	0.0 	8.7 	TE20		Baltimore Ravens	BYE	0 	0.0 	0 	0.0 	0.0 	0 	0.0 	0.0 	0.0 	0.0 	0.0 	0.0 	-		Baltimore Ravens	Tampa Bay Buccaneers	0 	0.0 	0 	0.0 	3.9 	34 	0.3 	0.0 	0.0 	0.0 	0.0 	9.0 	TE20		Baltimore Ravens	Pittsburgh Steelers	0 	0.0 	0 	0.0 	3.9 	34 	0.3 	0.0 	0.0 	0.0 	0.0 	9.0 	TE20		Baltimore Ravens	Cleveland Browns	0 	0.0 	0 	0.0 	3.7 	33 	0.3 	0.0 	0.0 	0.0 	0.0 	8.6 	TE22		Baltimore Ravens	Cincinnati Bengals	0 	0.0 	0 	0.0 	4.0 	35 	0.3 	0.0 	0.0 	0.0 	0.0 	9.2 	TE17		Actual	Actual	Actual	Actual	Forecast	Forecast	Forecast	Forecast	Forecast	Forecast	Forecast	Forecast	Forecast	Forecast	Forecast	Forecast	Forecast		Healthy	Healthy	Healthy	Healthy	Healthy	Healthy	Healthy	Healthy	Healthy	Healthy	Healthy	Healthy	Healthy	Healthy	Healthy	Healthy	Healthy		Week 5 2026	10/8/2026	8:57:03 PM	20		17%	22%	0%	0%	0%	0%		(0.0)	0	0	0	0	0	(0.040380)
	Jordan Mason	Minnesota Vikings	RB	RB46	7.4 	89 	0 	0.0 	0.0 	0.0 	495 	41.3 	4.4 	0.4 	9.7 	0.8 	48 	4.0 	0.2 	0.0 	0.0 	1.1 	0.0 	0.226 	1.000 	0.443 	(0)	0.000 	0.000 	148 	102 	(46)	46 	38 	(8)	0.233 				-	-		-	-		-	-		-	-		11.9 	0.0 	0.0 	0.0 	0.0 	0.0 	7.6 	6.6 	7.0 	6.5 	6.6 	7.7 	7.3 	6.3 	7.0 	7.6 	7.0 		RB23	-	-	-	-	-	RB33	RB36	RB39	RB38	RB35	RB36	RB34	RB44	RB42	RB38	RB39		RB43	7.0 	0.0 	0.0 	39.6 	0.3 	0.9 	4.4 	0.0 	43 	0.277 	1.000 	0.481 	(0)	0.000 	0.000 	145 	0.258 		77 		-	-		-	-		-	-		-	-		RB65	11.9 	0.0 	0.0 	436.1 	3.4 	9.7 	48.4 	0.2 	65 	0.102 	1.000 	0.199 	(1)	0.000 	0.000 	#N/A	0.105 		11.9 		-	-		-	-		-	-		-	-					Minnesota Vikings	Green Bay Packers	0 	0.0 	59 	1.0 	0.0 	0 	0.0 	0.0 	0.0 	0.0 	0.0 	11.9 	RB23		Minnesota Vikings	Chicago Bears	0 	0.0 	0 	0.0 	0.0 	0 	0.0 	0.0 	0.0 	0.0 	0.0 	0.0 	-		Minnesota Vikings	Tampa Bay Buccaneers	0 	0.0 	0 	0.0 	0.0 	0 	0.0 	0.0 	0.0 	0.0 	0.0 	0.0 	-		Minnesota Vikings	Miami Dolphins	0 	0.0 	0 	0.0 	0.0 	0 	0.0 	0.0 	0.0 	0.0 	0.0 	0.0 	-		Minnesota Vikings	New Orleans Saints	0 	0.0 	0 	0.0 	0.0 	0 	0.0 	0.0 	0.0 	0.0 	0.0 	0.0 	-		Minnesota Vikings	BYE	0 	0.0 	0 	0.0 	0.0 	0 	0.0 	0.0 	0.0 	0.0 	0.0 	0.0 	-		Minnesota Vikings	Indianapolis Colts	0 	0.0 	42 	0.3 	0.9 	4 	0.0 	0.0 	0.1 	0.0 	0.0 	7.6 	RB33		Minnesota Vikings	Detroit Lions	0 	0.0 	37 	0.3 	0.9 	4 	0.0 	0.0 	0.1 	0.0 	0.0 	6.6 	RB36		Minnesota Vikings	Buffalo Bills	0 	0.0 	40 	0.3 	0.9 	4 	0.0 	0.0 	0.1 	0.0 	0.0 	7.0 	RB39		Minnesota Vikings	Green Bay Packers	0 	0.0 	36 	0.3 	0.9 	4 	0.0 	0.0 	0.1 	0.0 	0.0 	6.5 	RB38		Minnesota Vikings	San Francisco 49ers	0 	0.0 	37 	0.3 	0.9 	4 	0.0 	0.0 	0.1 	0.0 	0.0 	6.6 	RB35		Minnesota Vikings	Atlanta Falcons	0 	0.0 	44 	0.4 	0.9 	4 	0.0 	0.0 	0.1 	0.0 	0.0 	7.7 	RB36		Minnesota Vikings	Carolina Panthers	0 	0.0 	41 	0.3 	0.9 	4 	0.0 	0.0 	0.1 	0.0 	0.0 	7.3 	RB34		Minnesota Vikings	New England Patriots	0 	0.0 	36 	0.3 	0.9 	4 	0.0 	0.0 	0.1 	0.0 	0.0 	6.3 	RB44		Minnesota Vikings	Detroit Lions	0 	0.0 	39 	0.3 	0.9 	4 	0.0 	0.0 	0.1 	0.0 	0.0 	7.0 	RB42		Minnesota Vikings	Washington Commanders	0 	0.0 	42 	0.3 	0.9 	4 	0.0 	0.0 	0.1 	0.0 	0.0 	7.6 	RB38		Minnesota Vikings	New York Jets	0 	0.0 	40 	0.3 	0.9 	4 	0.0 	0.0 	0.1 	0.0 	0.0 	7.0 	RB39		Actual	Actual	Actual	Actual	Forecast	Forecast	Forecast	Forecast	Forecast	Forecast	Forecast	Forecast	Forecast	Forecast	Forecast	Forecast	Forecast		Healthy	Injured	Injured	Injured	Injured	Healthy	Healthy	Healthy	Healthy	Healthy	Healthy	Healthy	Healthy	Healthy	Healthy	Healthy	Healthy		Week 5 2026	10/8/2026	8:57:03 PM	20		2%	1%	33%	37%	0%	0%		0.2 	1	1	1	1	0	
	Keon Coleman	Buffalo Bills	WR	WR56	8.4 	134 	0 	0.0 	0.0 	0.0 	0 	0.0 	0.0 	0.0 	45.9 	2.9 	667 	41.7 	3.6 	0.2 	0.0 	0.1 	0.0 	0.339 	1.000 	0.440 	(0)	0.000 	0.000 	141 	299 	158 	56 	98 	42 	0.249 																1.1 	12.3 	4.7 	23.6 	7.9 	7.8 	0.0 	7.9 	7.7 	7.5 	7.6 	7.8 	7.5 	7.6 	8.0 	7.4 	7.6 		WR92	WR23	WR63	WR8	WR53	WR49	-	WR52	WR57	WR58	WR51	WR58	WR57	WR59	WR58	WR66	WR62		WR57	7.7 	0.0 	0.0 	0.0 	0.0 	2.7 	37.5 	0.2 	57 	0.331 	1.000 	0.430 	(0)	0.000 	0.000 	150 	0.243 		92 		-	-		-	-		-	-		-	-		WR35	10.4 	0.0 	0.0 	0.0 	0.0 	8.0 	112.6 	0.7 	35 	0.357 	1.000 	0.650 	0 	0.105 	0.000 	#N/A	0.388 		41.7 		-	-		-	-		-	-		-	-					Buffalo Bills	Houston Texans	0 	0.0 	0 	0.0 	1.0 	1 	0.0 	0.0 	0.0 	0.0 	0.0 	1.1 	WR92		Buffalo Bills	Detroit Lions	0 	0.0 	0 	0.0 	6.0 	63 	0.0 	0.0 	0.0 	0.0 	0.0 	12.3 	WR23		Buffalo Bills	Los Angeles Chargers	0 	0.0 	0 	0.0 	1.0 	37 	0.0 	0.0 	0.0 	0.0 	0.0 	4.7 	WR63		Buffalo Bills	New England Patriots	0 	0.0 	0 	0.0 	6.0 	116 	1.0 	0.0 	0.0 	0.0 	0.0 	23.6 	WR8		Buffalo Bills	Los Angeles Rams	0 	0.0 	0 	0.0 	2.7 	39 	0.2 	0.0 	0.0 	0.0 	0.0 	7.9 	WR53		Buffalo Bills	Las Vegas Raiders	0 	0.0 	0 	0.0 	2.7 	38 	0.2 	0.0 	0.0 	0.0 	0.0 	7.8 	WR49		Buffalo Bills	BYE	0 	0.0 	0 	0.0 	0.0 	0 	0.0 	0.0 	0.0 	0.0 	0.0 	0.0 	-		Buffalo Bills	Baltimore Ravens	0 	0.0 	0 	0.0 	2.7 	38 	0.2 	0.0 	0.0 	0.0 	0.0 	7.9 	WR52		Buffalo Bills	Minnesota Vikings	0 	0.0 	0 	0.0 	2.7 	38 	0.2 	0.0 	0.0 	0.0 	0.0 	7.7 	WR57		Buffalo Bills	New York Jets	0 	0.0 	0 	0.0 	2.6 	36 	0.2 	0.0 	0.0 	0.0 	0.0 	7.5 	WR58		Buffalo Bills	Miami Dolphins	0 	0.0 	0 	0.0 	2.6 	37 	0.2 	0.0 	0.0 	0.0 	0.0 	7.6 	WR51		Buffalo Bills	Kansas City Chiefs	0 	0.0 	0 	0.0 	2.7 	38 	0.2 	0.0 	0.0 	0.0 	0.0 	7.8 	WR58		Buffalo Bills	New England Patriots	0 	0.0 	0 	0.0 	2.6 	37 	0.2 	0.0 	0.0 	0.0 	0.0 	7.5 	WR57		Buffalo Bills	Green Bay Packers	0 	0.0 	0 	0.0 	2.7 	37 	0.2 	0.0 	0.0 	0.0 	0.0 	7.6 	WR59		Buffalo Bills	Chicago Bears	0 	0.0 	0 	0.0 	2.7 	39 	0.2 	0.0 	0.0 	0.0 	0.0 	8.0 	WR58		Buffalo Bills	Denver Broncos	0 	0.0 	0 	0.0 	2.6 	37 	0.2 	0.0 	0.0 	0.0 	0.0 	7.4 	WR66		Buffalo Bills	Miami Dolphins	0 	0.0 	0 	0.0 	2.6 	37 	0.2 	0.0 	0.0 	0.0 	0.0 	7.6 	WR62		Actual	Actual	Actual	Actual	Forecast	Forecast	Forecast	Forecast	Forecast	Forecast	Forecast	Forecast	Forecast	Forecast	Forecast	Forecast	Forecast		Healthy	Healthy	Healthy	Healthy	Healthy	Healthy	Healthy	Healthy	Healthy	Healthy	Healthy	Healthy	Healthy	Healthy	Healthy	Healthy	Healthy		Week 5 2026	10/8/2026	8:57:03 PM	20		17%	16%	0%	0%	0%	0%		(0.1)	0	0	0	0	0	(0.144930)
	Colston Loveland	Chicago Bears	TE	TE22	9.2 	138 	0 	0.0 	0.0 	0.0 	0 	0.0 	0.0 	0.0 	58.9 	3.9 	565 	37.7 	3.8 	0.3 	0.0 	0.1 	0.0 	0.349 	0.560 	0.366 	0 	0.145 	0.000 	138 	39 	(99)	23 	3 	(20)	0.264 				-	-		-	-		-	-		-	-		0.0 	1.3 	7.1 	11.7 	9.7 	9.7 	9.7 	9.6 	10.0 	0.0 	9.6 	10.1 	9.9 	9.8 	10.1 	9.7 	9.9 		-	TE35	TE19	TE12	TE14	TE13	TE14	TE13	TE15	-	TE14	TE14	TE12	TE14	TE14	TE15	TE15		TE15	9.8 	0.0 	0.0 	0.0 	0.0 	4.0 	39.5 	0.3 	15 	0.421 	0.560 	0.441 	1 	0.250 	0.000 	111 	0.352 		118 		-	-		-	-		-	-		-	-		TE31	6.7 	0.0 	0.0 	0.0 	0.0 	16.0 	158.1 	1.3 	31 	0.172 	0.560 	0.289 	(1)	0.000 	0.000 	#N/A	0.141 		20.1 		-	-		-	-		-	-		-	-					Chicago Bears	Carolina Panthers	0 	0.0 	0 	0.0 	0.0 	0 	0.0 	0.0 	0.0 	0.0 	0.0 	0.0 	-		Chicago Bears	Minnesota Vikings	0 	0.0 	0 	0.0 	1.0 	3 	0.0 	0.0 	0.0 	0.0 	0.0 	1.3 	TE35		Chicago Bears	Philadelphia Eagles	0 	0.0 	0 	0.0 	4.0 	31 	0.0 	0.0 	0.0 	0.0 	0.0 	7.1 	TE19		Chicago Bears	New York Jets	0 	0.0 	0 	0.0 	6.0 	57 	0.0 	0.0 	0.0 	0.0 	0.0 	11.7 	TE12		Chicago Bears	Green Bay Packers	0 	0.0 	0 	0.0 	3.9 	39 	0.3 	0.0 	0.0 	0.0 	0.0 	9.7 	TE14		Chicago Bears	Atlanta Falcons	0 	0.0 	0 	0.0 	4.0 	39 	0.3 	0.0 	0.0 	0.0 	0.0 	9.7 	TE13		Chicago Bears	New England Patriots	0 	0.0 	0 	0.0 	4.0 	39 	0.3 	0.0 	0.0 	0.0 	0.0 	9.7 	TE14		Chicago Bears	Seattle Seahawks	0 	0.0 	0 	0.0 	4.0 	39 	0.3 	0.0 	0.0 	0.0 	0.0 	9.6 	TE13		Chicago Bears	Tampa Bay Buccaneers	0 	0.0 	0 	0.0 	4.1 	40 	0.3 	0.0 	0.0 	0.0 	0.0 	10.0 	TE15		Chicago Bears	BYE	0 	0.0 	0 	0.0 	0.0 	0 	0.0 	0.0 	0.0 	0.0 	0.0 	0.0 	-		Chicago Bears	New Orleans Saints	0 	0.0 	0 	0.0 	3.9 	38 	0.3 	0.0 	0.0 	0.0 	0.0 	9.6 	TE14		Chicago Bears	Detroit Lions	0 	0.0 	0 	0.0 	4.1 	41 	0.3 	0.0 	0.0 	0.0 	0.0 	10.1 	TE14		Chicago Bears	Jacksonville Jaguars	0 	0.0 	0 	0.0 	4.0 	40 	0.3 	0.0 	0.0 	0.0 	0.0 	9.9 	TE12		Chicago Bears	Miami Dolphins	0 	0.0 	0 	0.0 	3.9 	39 	0.3 	0.0 	0.0 	0.0 	0.0 	9.8 	TE14		Chicago Bears	Buffalo Bills	0 	0.0 	0 	0.0 	4.1 	41 	0.3 	0.0 	0.0 	0.0 	0.0 	10.1 	TE14		Chicago Bears	Green Bay Packers	0 	0.0 	0 	0.0 	4.0 	39 	0.3 	0.0 	0.0 	0.0 	0.0 	9.7 	TE15		Chicago Bears	Detroit Lions	0 	0.0 	0 	0.0 	4.0 	40 	0.3 	0.0 	0.0 	0.0 	0.0 	9.9 	TE15		Actual	Actual	Actual	Actual	Forecast	Forecast	Forecast	Forecast	Forecast	Forecast	Forecast	Forecast	Forecast	Forecast	Forecast	Forecast	Forecast		Healthy	Healthy	Healthy	Healthy	Healthy	Healthy	Healthy	Healthy	Healthy	Healthy	Healthy	Healthy	Healthy	Healthy	Healthy	Healthy	Healthy		Week 5 2026	10/8/2026	8:57:03 PM	20		19%	20%	0%	0%	0%	0%		0.2 	0	0	0	0	0	0.210584 
	Tyjae Spears	Tennessee Titans	RB	RB44	6.0 	95 	0 	0.0 	0.0 	0.0 	326 	20.4 	1.3 	0.1 	27.1 	1.7 	230 	14.4 	1.0 	0.1 	0.0 	0.8 	0.0 	0.241 	1.000 	0.468 	(0)	0.000 	0.000 	142 	143 	1 	44 	47 	3 	0.247 				-	-		-	-		-	-		-	-		4.4 	9.0 	0.5 	1.6 	5.7 	6.4 	6.9 	6.8 	0.0 	6.9 	6.7 	6.5 	7.0 	6.5 	7.1 	6.7 	6.7 		RB44	RB28	RB61	RB56	RB41	RB35	RB34	RB34	-	RB35	RB34	RB43	RB36	RB42	RB40	RB40	RB41		RB42	6.7 	0.0 	0.0 	21.8 	0.1 	1.8 	15.8 	0.1 	42 	0.286 	1.000 	0.494 	(0)	0.000 	0.000 	142 	0.265 		80 		-	-		-	-		-	-		-	-		RB52	3.9 	0.0 	0.0 	65.3 	0.3 	5.5 	47.5 	0.3 	52 	0.133 	1.000 	0.366 	(1)	0.000 	0.000 	#N/A	0.185 		15.5 		-	-		-	-		-	-		-	-					Tennessee Titans	New York Jets	0 	0.0 	12 	0.0 	2.0 	12 	0.0 	0.0 	0.0 	0.0 	0.0 	4.4 	RB44		Tennessee Titans	Philadelphia Eagles	0 	0.0 	41 	0.0 	2.0 	29 	0.0 	0.0 	0.0 	0.0 	0.0 	9.0 	RB28		Tennessee Titans	New York Giants	0 	0.0 	5 	0.0 	0.0 	0 	0.0 	0.0 	0.0 	0.0 	0.0 	0.5 	RB61		Tennessee Titans	Baltimore Ravens	0 	0.0 	7 	0.0 	1.0 	(1)	0.0 	0.0 	0.0 	0.0 	0.0 	1.6 	RB56		Tennessee Titans	Houston Texans	0 	0.0 	18 	0.1 	1.7 	15 	0.1 	0.0 	0.1 	0.0 	0.0 	5.7 	RB41		Tennessee Titans	Indianapolis Colts	0 	0.0 	20 	0.1 	1.8 	16 	0.1 	0.0 	0.1 	0.0 	0.0 	6.4 	RB35		Tennessee Titans	Cleveland Browns	0 	0.0 	24 	0.1 	1.8 	15 	0.1 	0.0 	0.1 	0.0 	0.0 	6.9 	RB34		Tennessee Titans	Cincinnati Bengals	0 	0.0 	21 	0.1 	1.9 	16 	0.1 	0.0 	0.1 	0.0 	0.0 	6.8 	RB34		Tennessee Titans	BYE	0 	0.0 	0 	0.0 	0.0 	0 	0.0 	0.0 	0.0 	0.0 	0.0 	0.0 	-		Tennessee Titans	Jacksonville Jaguars	0 	0.0 	23 	0.1 	1.8 	16 	0.1 	0.0 	0.1 	0.0 	0.0 	6.9 	RB35		Tennessee Titans	Dallas Cowboys	0 	0.0 	21 	0.1 	1.9 	16 	0.1 	0.0 	0.1 	0.0 	0.0 	6.7 	RB34		Tennessee Titans	Jacksonville Jaguars	0 	0.0 	21 	0.1 	1.9 	16 	0.1 	0.0 	0.1 	0.0 	0.0 	6.5 	RB43		Tennessee Titans	Washington Commanders	0 	0.0 	24 	0.1 	1.9 	16 	0.1 	0.0 	0.1 	0.0 	0.0 	7.0 	RB36		Tennessee Titans	Detroit Lions	0 	0.0 	20 	0.1 	1.9 	16 	0.1 	0.0 	0.1 	0.0 	0.0 	6.5 	RB42		Tennessee Titans	Indianapolis Colts	0 	0.0 	24 	0.1 	1.9 	16 	0.1 	0.0 	0.1 	0.0 	0.0 	7.1 	RB40		Tennessee Titans	Las Vegas Raiders	0 	0.0 	23 	0.1 	1.8 	15 	0.1 	0.0 	0.1 	0.0 	0.0 	6.7 	RB40		Tennessee Titans	Pittsburgh Steelers	0 	0.0 	23 	0.1 	1.8 	15 	0.1 	0.0 	0.1 	0.0 	0.0 	6.7 	RB41		Actual	Actual	Actual	Actual	Forecast	Forecast	Forecast	Forecast	Forecast	Forecast	Forecast	Forecast	Forecast	Forecast	Forecast	Forecast	Forecast		Healthy	Healthy	Healthy	Healthy	Healthy	Healthy	Healthy	Healthy	Healthy	Healthy	Healthy	Healthy	Healthy	Healthy	Healthy	Healthy	Healthy		Week 5 2026	10/8/2026	8:57:03 PM	20		7%	6%	21%	15%	0%	0%		0.1 	0	0	0	0	0	0.080244 
	Jake Ferguson	Dallas Cowboys	TE	TE23	8.7 	139 	0 	0.0 	0.0 	0.0 	0 	0.0 	0.0 	0.0 	53.8 	3.4 	422 	26.4 	7.5 	0.5 	0.0 	1.1 	0.0 	0.352 	0.560 	0.376 	0 	0.097 	0.000 	143 	114 	(29)	22 	13 	(9)	0.247 				-	-		-	-		-	-		-	-		2.6 	20.3 	9.3 	4.1 	8.4 	8.7 	8.2 	8.6 	8.8 	8.8 	8.5 	8.5 	8.2 	0.0 	8.6 	8.8 	8.6 		TE32	TE4	TE15	TE25	TE21	TE19	TE21	TE18	TE21	TE20	TE21	TE22	TE18	-	TE22	TE20	TE23		TE22	8.6 	0.0 	0.0 	0.0 	0.0 	3.5 	28.2 	0.4 	22 	0.368 	0.560 	0.376 	0 	0.118 	0.000 	143 	0.259 		103 		-	-		-	-		-	-		-	-		TE20	9.1 	0.0 	0.0 	0.0 	0.0 	10.5 	84.7 	1.1 	20 	0.311 	0.560 	0.395 	0 	0.160 	0.000 	#N/A	0.276 		36.3 		-	-		-	-		-	-		-	-					Dallas Cowboys	New York Giants	0 	0.0 	0 	0.0 	2.0 	6 	0.0 	0.0 	0.0 	0.0 	0.0 	2.6 	TE32		Dallas Cowboys	Washington Commanders	0 	0.0 	0 	0.0 	4.0 	43 	2.0 	0.0 	0.0 	0.0 	0.0 	20.3 	TE4		Dallas Cowboys	Baltimore Ravens	0 	0.0 	0 	0.0 	3.0 	23 	1.0 	0.0 	1.0 	0.0 	0.0 	9.3 	TE15		Dallas Cowboys	Houston Texans	0 	0.0 	0 	0.0 	3.0 	11 	0.0 	0.0 	0.0 	0.0 	0.0 	4.1 	TE25		Dallas Cowboys	Tampa Bay Buccaneers	0 	0.0 	0 	0.0 	3.4 	27 	0.4 	0.0 	0.0 	0.0 	0.0 	8.4 	TE21		Dallas Cowboys	Green Bay Packers	0 	0.0 	0 	0.0 	3.5 	29 	0.4 	0.0 	0.0 	0.0 	0.0 	8.7 	TE19		Dallas Cowboys	Philadelphia Eagles	0 	0.0 	0 	0.0 	3.4 	28 	0.3 	0.0 	0.0 	0.0 	0.0 	8.2 	TE21		Dallas Cowboys	Arizona Cardinals	0 	0.0 	0 	0.0 	3.4 	28 	0.4 	0.0 	0.0 	0.0 	0.0 	8.6 	TE18		Dallas Cowboys	Indianapolis Colts	0 	0.0 	0 	0.0 	3.6 	29 	0.4 	0.0 	0.0 	0.0 	0.0 	8.8 	TE21		Dallas Cowboys	San Francisco 49ers	0 	0.0 	0 	0.0 	3.6 	29 	0.4 	0.0 	0.0 	0.0 	0.0 	8.8 	TE20		Dallas Cowboys	Tennessee Titans	0 	0.0 	0 	0.0 	3.4 	28 	0.4 	0.0 	0.0 	0.0 	0.0 	8.5 	TE21		Dallas Cowboys	Philadelphia Eagles	0 	0.0 	0 	0.0 	3.5 	28 	0.4 	0.0 	0.0 	0.0 	0.0 	8.5 	TE22		Dallas Cowboys	Seattle Seahawks	0 	0.0 	0 	0.0 	3.4 	28 	0.3 	0.0 	0.0 	0.0 	0.0 	8.2 	TE18		Dallas Cowboys	BYE	0 	0.0 	0 	0.0 	0.0 	0 	0.0 	0.0 	0.0 	0.0 	0.0 	0.0 	-		Dallas Cowboys	Los Angeles Rams	0 	0.0 	0 	0.0 	3.6 	29 	0.4 	0.0 	0.0 	0.0 	0.0 	8.6 	TE22		Dallas Cowboys	Jacksonville Jaguars	0 	0.0 	0 	0.0 	3.6 	29 	0.4 	0.0 	0.0 	0.0 	0.0 	8.8 	TE20		Dallas Cowboys	New York Giants	0 	0.0 	0 	0.0 	3.5 	28 	0.4 	0.0 	0.0 	0.0 	0.0 	8.6 	TE23		Actual	Actual	Actual	Actual	Forecast	Forecast	Forecast	Forecast	Forecast	Forecast	Forecast	Forecast	Forecast	Forecast	Forecast	Forecast	Forecast		Healthy	Healthy	Healthy	Healthy	Healthy	Healthy	Healthy	Healthy	Healthy	Healthy	Healthy	Healthy	Healthy	Healthy	Healthy	Healthy	Healthy		Week 5 2026	10/8/2026	8:57:03 PM	20		11%	21%	0%	0%	0%	0%		(0.0)	0	0	0	0	0	(0.017834)
	Keenan Allen	Indianapolis Colts	WR	WR55	9.2 	138 	0 	0.0 	0.0 	0.0 	0 	0.0 	0.0 	0.0 	64.3 	4.3 	536 	35.7 	3.4 	0.2 	0.0 	0.1 	0.0 	0.349 	1.000 	0.450 	0 	0.025 	0.000 	137 	162 	25 	55 	58 	3 	0.265 				-	-		-	-		-	-		-	-		9.2 	1.5 	18.3 	0.0 	8.7 	8.9 	8.9 	9.2 	9.5 	9.1 	8.9 	9.2 	0.0 	9.0 	9.1 	9.5 	8.9 		WR36	WR83	WR18	-	WR50	WR46	WR47	WR46	WR47	WR46	WR42	WR53	-	WR49	WR52	WR48	WR54		WR51	9.1 	0.0 	0.0 	0.0 	0.0 	4.3 	36.3 	0.2 	51 	0.391 	1.000 	0.490 	0 	0.032 	0.000 	133 	0.292 		109 		-	-		-	-		-	-		-	-		WR63	9.7 	0.0 	0.0 	0.0 	0.0 	17.1 	145.3 	0.8 	63 	0.249 	1.000 	0.370 	(0)	0.000 	0.000 	#N/A	0.204 		29.0 		-	-		-	-		-	-		-	-					Indianapolis Colts	Baltimore Ravens	0 	0.0 	0 	0.0 	6.0 	32 	0.0 	0.0 	0.0 	0.0 	0.0 	9.2 	WR36		Indianapolis Colts	Kansas City Chiefs	0 	0.0 	0 	0.0 	1.0 	5 	0.0 	0.0 	0.0 	0.0 	0.0 	1.5 	WR83		Indianapolis Colts	Houston Texans	0 	0.0 	0 	0.0 	6.0 	63 	1.0 	0.0 	0.0 	0.0 	0.0 	18.3 	WR18		Indianapolis Colts	Washington Commanders	0 	0.0 	0 	0.0 	0.0 	0 	0.0 	0.0 	0.0 	0.0 	0.0 	0.0 	-		Indianapolis Colts	Pittsburgh Steelers	0 	0.0 	0 	0.0 	4.1 	35 	0.2 	0.0 	0.0 	0.0 	0.0 	8.7 	WR50		Indianapolis Colts	Tennessee Titans	0 	0.0 	0 	0.0 	4.1 	35 	0.2 	0.0 	0.0 	0.0 	0.0 	8.9 	WR46		Indianapolis Colts	Minnesota Vikings	0 	0.0 	0 	0.0 	4.2 	36 	0.2 	0.0 	0.0 	0.0 	0.0 	8.9 	WR47		Indianapolis Colts	Jacksonville Jaguars	0 	0.0 	0 	0.0 	4.3 	37 	0.2 	0.0 	0.0 	0.0 	0.0 	9.2 	WR46		Indianapolis Colts	Dallas Cowboys	0 	0.0 	0 	0.0 	4.5 	38 	0.2 	0.0 	0.0 	0.0 	0.0 	9.5 	WR47		Indianapolis Colts	Miami Dolphins	0 	0.0 	0 	0.0 	4.2 	36 	0.2 	0.0 	0.0 	0.0 	0.0 	9.1 	WR46		Indianapolis Colts	Houston Texans	0 	0.0 	0 	0.0 	4.2 	36 	0.2 	0.0 	0.0 	0.0 	0.0 	8.9 	WR42		Indianapolis Colts	New York Giants	0 	0.0 	0 	0.0 	4.3 	37 	0.2 	0.0 	0.0 	0.0 	0.0 	9.2 	WR53		Indianapolis Colts	BYE	0 	0.0 	0 	0.0 	0.0 	0 	0.0 	0.0 	0.0 	0.0 	0.0 	0.0 	-		Indianapolis Colts	Philadelphia Eagles	0 	0.0 	0 	0.0 	4.3 	36 	0.2 	0.0 	0.0 	0.0 	0.0 	9.0 	WR49		Indianapolis Colts	Tennessee Titans	0 	0.0 	0 	0.0 	4.3 	36 	0.2 	0.0 	0.0 	0.0 	0.0 	9.1 	WR52		Indianapolis Colts	Cincinnati Bengals	0 	0.0 	0 	0.0 	4.5 	38 	0.2 	0.0 	0.0 	0.0 	0.0 	9.5 	WR48		Indianapolis Colts	Cleveland Browns	0 	0.0 	0 	0.0 	4.2 	36 	0.2 	0.0 	0.0 	0.0 	0.0 	8.9 	WR54		Actual	Actual	Actual	Actual	Forecast	Forecast	Forecast	Forecast	Forecast	Forecast	Forecast	Forecast	Forecast	Forecast	Forecast	Forecast	Forecast		Healthy	Healthy	Healthy	Injured	Healthy	Healthy	Healthy	Healthy	Healthy	Healthy	Healthy	Healthy	Healthy	Healthy	Healthy	Healthy	Healthy		Week 5 2026	10/8/2026	8:57:03 PM	20		16%	16%	0%	0%	0%	0%		0.1 	0	0	1	0	0	
	Brian Robinson Jr.	Atlanta Falcons	RB	RB37	7.7 	122 	0 	0.0 	0.0 	0.0 	610 	38.1 	7.4 	0.5 	10.3 	0.6 	68 	4.3 	0.3 	0.0 	0.0 	0.9 	0.0 	0.310 	1.000 	0.569 	(0)	0.000 	0.000 	119 	163 	44 	36 	52 	16 	0.303 				-	-		-	-		-	-		-	-		3.1 	8.7 	11.0 	25.7 	6.7 	6.5 	6.1 	6.0 	6.0 	5.9 	0.0 	5.7 	6.2 	5.9 	6.1 	6.3 	6.6 		RB52	RB29	RB21	RB8	RB39	RB34	RB38	RB42	RB43	RB41	-	RB51	RB42	RB46	RB44	RB42	RB42		RB45	6.2 	0.0 	0.0 	34.7 	0.3 	0.6 	3.9 	0.0 	45 	0.265 	1.000 	0.456 	(0)	0.000 	0.000 	149 	0.245 		74 		-	-		-	-		-	-		-	-		RB19	12.1 	0.0 	0.0 	104.0 	0.8 	1.8 	11.8 	0.1 	19 	0.416 	1.000 	0.780 	1 	0.190 	0.000 	#N/A	0.489 		48.5 		-	-		-	-		-	-		-	-					Atlanta Falcons	Pittsburgh Steelers	0 	0.0 	31 	0.0 	0.0 	0 	0.0 	0.0 	0.0 	0.0 	0.0 	3.1 	RB52		Atlanta Falcons	Carolina Panthers	0 	0.0 	51 	0.0 	2.0 	16 	0.0 	0.0 	0.0 	0.0 	0.0 	8.7 	RB29		Atlanta Falcons	Green Bay Packers	0 	0.0 	50 	1.0 	0.0 	0 	0.0 	0.0 	0.0 	0.0 	0.0 	11.0 	RB21		Atlanta Falcons	New Orleans Saints	0 	0.0 	62 	3.0 	1.0 	5 	0.0 	0.0 	0.0 	0.0 	0.0 	25.7 	RB8		Atlanta Falcons	Baltimore Ravens	0 	0.0 	38 	0.3 	0.6 	4 	0.0 	0.0 	0.1 	0.0 	0.0 	6.7 	RB39		Atlanta Falcons	Chicago Bears	0 	0.0 	36 	0.3 	0.6 	4 	0.0 	0.0 	0.1 	0.0 	0.0 	6.5 	RB34		Atlanta Falcons	San Francisco 49ers	0 	0.0 	34 	0.3 	0.6 	4 	0.0 	0.0 	0.1 	0.0 	0.0 	6.1 	RB38		Atlanta Falcons	Tampa Bay Buccaneers	0 	0.0 	34 	0.3 	0.6 	4 	0.0 	0.0 	0.1 	0.0 	0.0 	6.0 	RB42		Atlanta Falcons	Cincinnati Bengals	0 	0.0 	33 	0.3 	0.6 	4 	0.0 	0.0 	0.1 	0.0 	0.0 	6.0 	RB43		Atlanta Falcons	Kansas City Chiefs	0 	0.0 	33 	0.3 	0.6 	4 	0.0 	0.0 	0.1 	0.0 	0.0 	5.9 	RB41		Atlanta Falcons	BYE	0 	0.0 	0 	0.0 	0.0 	0 	0.0 	0.0 	0.0 	0.0 	0.0 	0.0 	-		Atlanta Falcons	Minnesota Vikings	0 	0.0 	33 	0.3 	0.6 	4 	0.0 	0.0 	0.1 	0.0 	0.0 	5.7 	RB51		Atlanta Falcons	Detroit Lions	0 	0.0 	35 	0.3 	0.6 	4 	0.0 	0.0 	0.1 	0.0 	0.0 	6.2 	RB42		Atlanta Falcons	Cleveland Browns	0 	0.0 	34 	0.3 	0.6 	4 	0.0 	0.0 	0.1 	0.0 	0.0 	5.9 	RB46		Atlanta Falcons	Washington Commanders	0 	0.0 	34 	0.3 	0.6 	4 	0.0 	0.0 	0.1 	0.0 	0.0 	6.1 	RB44		Atlanta Falcons	Tampa Bay Buccaneers	0 	0.0 	36 	0.3 	0.6 	4 	0.0 	0.0 	0.1 	0.0 	0.0 	6.3 	RB42		Atlanta Falcons	New Orleans Saints	0 	0.0 	37 	0.3 	0.6 	4 	0.0 	0.0 	0.1 	0.0 	0.0 	6.6 	RB42		Actual	Actual	Actual	Actual	Forecast	Forecast	Forecast	Forecast	Forecast	Forecast	Forecast	Forecast	Forecast	Forecast	Forecast	Forecast	Forecast		Healthy	Healthy	Healthy	Healthy	Healthy	Healthy	Healthy	Healthy	Healthy	Healthy	Healthy	Healthy	Healthy	Healthy	Healthy	Healthy	Healthy		Week 5 2026	10/8/2026	8:57:03 PM	20		2%	2%	25%	28%	0%	0%		(0.2)	0	0	0	0	0	(0.244437)
	Pat Bryant	Denver Broncos	WR	WR63	7.7 	115 	0 	0.0 	0.0 	0.0 	16 	1.1 	0.0 	0.0 	38.5 	2.6 	529 	35.2 	3.4 	0.2 	0.0 	0.1 	0.0 	0.292 	1.000 	0.370 	(0)	0.000 	0.000 	159 	278 	119 	63 	91 	28 	0.210 				-	-		-	-		-	-		-	-		8.2 	1.6 	14.4 	7.7 	0.0 	7.5 	7.8 	7.7 	7.7 	0.0 	7.6 	7.3 	7.7 	7.5 	7.6 	7.8 	7.4 		WR46	WR82	WR26	WR48	-	WR53	WR51	WR57	WR58	-	WR52	WR67	WR54	WR61	WR65	WR60	WR67		WR71	7.6 	0.0 	0.0 	0.0 	0.0 	2.7 	36.0 	0.2 	70 	0.299 	1.000 	0.300 	(0)	0.000 	0.000 	179 	0.180 		84 		-	-		-	-		-	-		-	-		WR54	8.0 	0.0 	0.0 	0.0 	0.0 	7.4 	98.9 	0.6 	54 	0.273 	1.000 	0.460 	(0)	0.000 	0.000 	#N/A	0.248 		31.9 		-	-		-	-		-	-		-	-					Denver Broncos	Kansas City Chiefs	0 	0.0 	0 	0.0 	4.0 	42 	0.0 	0.0 	0.0 	0.0 	0.0 	8.2 	WR46		Denver Broncos	Jacksonville Jaguars	0 	0.0 	16 	0.0 	0.0 	0 	0.0 	0.0 	0.0 	0.0 	0.0 	1.6 	WR82		Denver Broncos	Los Angeles Rams	0 	0.0 	0 	0.0 	2.0 	44 	1.0 	0.0 	0.0 	0.0 	1.0 	14.4 	WR26		Denver Broncos	San Francisco 49ers	0 	0.0 	0 	0.0 	3.0 	47 	0.0 	0.0 	0.0 	0.0 	0.0 	7.7 	WR48		Denver Broncos	Los Angeles Chargers	0 	0.0 	0 	0.0 	0.0 	0 	0.0 	0.0 	0.0 	0.0 	0.0 	0.0 	-		Denver Broncos	Seattle Seahawks	0 	0.0 	0 	0.0 	2.7 	36 	0.2 	0.0 	0.0 	0.0 	0.0 	7.5 	WR53		Denver Broncos	Arizona Cardinals	0 	0.0 	0 	0.0 	2.7 	36 	0.2 	0.0 	0.0 	0.0 	0.0 	7.8 	WR51		Denver Broncos	Kansas City Chiefs	0 	0.0 	0 	0.0 	2.7 	36 	0.2 	0.0 	0.0 	0.0 	0.0 	7.7 	WR57		Denver Broncos	Carolina Panthers	0 	0.0 	0 	0.0 	2.7 	36 	0.2 	0.0 	0.0 	0.0 	0.0 	7.7 	WR58		Denver Broncos	BYE	0 	0.0 	0 	0.0 	0.0 	0 	0.0 	0.0 	0.0 	0.0 	0.0 	0.0 	-		Denver Broncos	Las Vegas Raiders	0 	0.0 	0 	0.0 	2.7 	36 	0.2 	0.0 	0.0 	0.0 	0.0 	7.6 	WR52		Denver Broncos	Pittsburgh Steelers	0 	0.0 	0 	0.0 	2.6 	35 	0.2 	0.0 	0.0 	0.0 	0.0 	7.3 	WR67		Denver Broncos	Miami Dolphins	0 	0.0 	0 	0.0 	2.7 	36 	0.2 	0.0 	0.0 	0.0 	0.0 	7.7 	WR54		Denver Broncos	New York Jets	0 	0.0 	0 	0.0 	2.6 	35 	0.2 	0.0 	0.0 	0.0 	0.0 	7.5 	WR61		Denver Broncos	Las Vegas Raiders	0 	0.0 	0 	0.0 	2.7 	36 	0.2 	0.0 	0.0 	0.0 	0.0 	7.6 	WR65		Denver Broncos	Buffalo Bills	0 	0.0 	0 	0.0 	2.8 	37 	0.2 	0.0 	0.0 	0.0 	0.0 	7.8 	WR60		Denver Broncos	New England Patriots	0 	0.0 	0 	0.0 	2.7 	36 	0.2 	0.0 	0.0 	0.0 	0.0 	7.4 	WR67		Actual	Actual	Actual	Actual	Forecast	Forecast	Forecast	Forecast	Forecast	Forecast	Forecast	Forecast	Forecast	Forecast	Forecast	Forecast	Forecast		Healthy	Healthy	Healthy	Healthy	Injured	Healthy	Healthy	Healthy	Healthy	Healthy	Healthy	Healthy	Healthy	Healthy	Healthy	Healthy	Healthy		Week 5 2026	10/8/2026	8:57:03 PM	20		16%	15%	0%	0%	0%	0%		(0.1)	0	0	0	1	0	
	Aaron Rodgers	Pittsburgh Steelers	QB	QB23	14.7 	236 	3,718 	232.4 	26.1 	1.6 	63 	3.9 	0.2 	0.0 	0.0 	0.0 	0 	0.0 	0.0 	0.0 	11.7 	1.9 	0.0 	0.597 	0.460 	0.240 	0 	0.203 	0.000 	153 	235 	82 	21 	29 	8 	0.223 																12.5 	4.0 	22.7 	22.0 	15.3 	14.3 	14.9 	14.4 	0.0 	15.3 	13.9 	13.6 	14.0 	14.4 	15.0 	14.9 	14.7 		QB24	QB31	QB8	QB5	QB17	QB23	QB21	QB24	-	QB19	QB21	QB29	QB25	QB25	QB23	QB24	QB26		QB26	14.5 	226.6 	1.6 	4.2 	0.0 	0.0 	0.0 	0.0 	25 	0.625 	0.460 	0.186 	0 	0.307 	0.000 	151 	0.243 		175 		-	-		-	-		-	-		-	-		QB17	15.3 	679.8 	4.8 	12.7 	0.1 	0.0 	0.0 	0.0 	17 	0.524 	0.460 	0.292 	0 	0.210 	0.000 	#N/A	0.253 		61.2 		-	-		-	-		-	-		-	-					Pittsburgh Steelers	Atlanta Falcons	221 	1.0 	(3)	0.0 	0.0 	0 	0.0 	0.0 	0.0 	0.0 	0.0 	12.5 	QB24		Pittsburgh Steelers	New England Patriots	187 	0.0 	5 	0.0 	0.0 	0 	0.0 	1.0 	1.0 	0.0 	0.0 	4.0 	QB31		Pittsburgh Steelers	Cincinnati Bengals	292 	3.0 	10 	0.0 	0.0 	0 	0.0 	1.0 	0.0 	0.0 	0.0 	22.7 	QB8		Pittsburgh Steelers	Cleveland Browns	299 	3.0 	0 	0.0 	0.0 	0 	0.0 	2.0 	0.0 	0.0 	1.0 	22.0 	QB5		Pittsburgh Steelers	Indianapolis Colts	232 	1.7 	5 	0.0 	0.0 	0 	0.0 	0.6 	0.1 	0.0 	0.0 	15.3 	QB17		Pittsburgh Steelers	Tampa Bay Buccaneers	223 	1.6 	4 	0.0 	0.0 	0 	0.0 	0.6 	0.1 	0.0 	0.0 	14.3 	QB23		Pittsburgh Steelers	New Orleans Saints	228 	1.7 	4 	0.0 	0.0 	0 	0.0 	0.6 	0.1 	0.0 	0.0 	14.9 	QB21		Pittsburgh Steelers	Cleveland Browns	219 	1.6 	5 	0.0 	0.0 	0 	0.0 	0.6 	0.1 	0.0 	0.0 	14.4 	QB24		Pittsburgh Steelers	BYE	0 	0.0 	0 	0.0 	0.0 	0 	0.0 	0.0 	0.0 	0.0 	0.0 	0.0 	-		Pittsburgh Steelers	Cincinnati Bengals	236 	1.7 	4 	0.0 	0.0 	0 	0.0 	0.6 	0.1 	0.0 	0.0 	15.3 	QB19		Pittsburgh Steelers	Philadelphia Eagles	227 	1.5 	4 	0.0 	0.0 	0 	0.0 	0.6 	0.1 	0.0 	0.0 	13.9 	QB21		Pittsburgh Steelers	Denver Broncos	219 	1.4 	4 	0.0 	0.0 	0 	0.0 	0.6 	0.1 	0.0 	0.0 	13.6 	QB29		Pittsburgh Steelers	Houston Texans	223 	1.5 	4 	0.0 	0.0 	0 	0.0 	0.6 	0.1 	0.0 	0.0 	14.0 	QB25		Pittsburgh Steelers	Jacksonville Jaguars	226 	1.6 	4 	0.0 	0.0 	0 	0.0 	0.6 	0.1 	0.0 	0.0 	14.4 	QB25		Pittsburgh Steelers	Baltimore Ravens	231 	1.7 	4 	0.0 	0.0 	0 	0.0 	0.6 	0.1 	0.0 	0.0 	15.0 	QB23		Pittsburgh Steelers	Carolina Panthers	228 	1.7 	4 	0.0 	0.0 	0 	0.0 	0.6 	0.1 	0.0 	0.0 	14.9 	QB24		Pittsburgh Steelers	Tennessee Titans	226 	1.6 	4 	0.0 	0.0 	0 	0.0 	0.6 	0.1 	0.0 	0.0 	14.7 	QB26		Actual	Actual	Actual	Actual	Forecast	Forecast	Forecast	Forecast	Forecast	Forecast	Forecast	Forecast	Forecast	Forecast	Forecast	Forecast	Forecast		Healthy	Healthy	Healthy	Healthy	Healthy	Healthy	Healthy	Healthy	Healthy	Healthy	Healthy	Healthy	Healthy	Healthy	Healthy	Healthy	Healthy		Week 5 2026	10/8/2026	8:57:03 PM	20		0%	0%	4%	3%	99%	99%		(0.0)	0	0	0	0	0	(0.010703)
	Chris Rodriguez Jr.	Jacksonville Jaguars	RB	RB49	5.0 	80 	0 	0.0 	0.0 	0.0 	425 	26.6 	5.6 	0.3 	2.8 	0.2 	28 	1.7 	0.0 	0.0 	0.0 	0.8 	0.0 	0.202 	1.000 	0.405 	(1)	0.000 	0.000 	158 	135 	(23)	49 	45 	(4)	0.212 				-	-		-	-		-	-		-	-		2.3 	1.3 	9.7 	9.5 	5.2 	4.7 	0.0 	5.3 	4.2 	4.8 	4.8 	5.1 	4.4 	4.7 	4.1 	4.6 	5.0 		RB56	RB60	RB26	RB31	RB45	RB45	-	RB47	RB51	RB46	RB41	RB52	RB50	RB50	RB53	RB53	RB52		RB51	4.7 	0.0 	0.0 	26.5 	0.3 	0.2 	2.3 	0.0 	51 	0.204 	1.000 	0.379 	(1)	0.000 	0.000 	169 	0.201 		57 		-	-		-	-		-	-		-	-		RB42	5.7 	0.0 	0.0 	79.4 	0.9 	0.7 	6.9 	0.0 	42 	0.195 	1.000 	0.494 	(0)	0.000 	0.000 	#N/A	0.251 		22.8 		-	-		-	-		-	-		-	-					Jacksonville Jaguars	Cleveland Browns	0 	0.0 	23 	0.0 	0.0 	0 	0.0 	0.0 	0.0 	0.0 	0.0 	2.3 	RB56		Jacksonville Jaguars	Denver Broncos	0 	0.0 	13 	0.0 	0.0 	0 	0.0 	0.0 	0.0 	0.0 	0.0 	1.3 	RB60		Jacksonville Jaguars	New England Patriots	0 	0.0 	37 	1.0 	0.0 	0 	0.0 	0.0 	0.0 	0.0 	0.0 	9.7 	RB26		Jacksonville Jaguars	Cincinnati Bengals	0 	0.0 	35 	1.0 	0.0 	0 	0.0 	0.0 	0.0 	0.0 	0.0 	9.5 	RB31		Jacksonville Jaguars	Philadelphia Eagles	0 	0.0 	29 	0.3 	0.2 	2 	0.0 	0.0 	0.1 	0.0 	0.0 	5.2 	RB45		Jacksonville Jaguars	Houston Texans	0 	0.0 	26 	0.3 	0.2 	2 	0.0 	0.0 	0.1 	0.0 	0.0 	4.7 	RB45		Jacksonville Jaguars	BYE	0 	0.0 	0 	0.0 	0.0 	0 	0.0 	0.0 	0.0 	0.0 	0.0 	0.0 	-		Jacksonville Jaguars	Indianapolis Colts	0 	0.0 	29 	0.3 	0.2 	2 	0.0 	0.0 	0.1 	0.0 	0.0 	5.3 	RB47		Jacksonville Jaguars	Baltimore Ravens	0 	0.0 	24 	0.3 	0.2 	2 	0.0 	0.0 	0.1 	0.0 	0.0 	4.2 	RB51		Jacksonville Jaguars	Tennessee Titans	0 	0.0 	27 	0.3 	0.2 	2 	0.0 	0.0 	0.1 	0.0 	0.0 	4.8 	RB46		Jacksonville Jaguars	New York Giants	0 	0.0 	27 	0.3 	0.2 	2 	0.0 	0.0 	0.1 	0.0 	0.0 	4.8 	RB41		Jacksonville Jaguars	Tennessee Titans	0 	0.0 	28 	0.3 	0.2 	2 	0.0 	0.0 	0.1 	0.0 	0.0 	5.1 	RB52		Jacksonville Jaguars	Chicago Bears	0 	0.0 	25 	0.3 	0.2 	2 	0.0 	0.0 	0.1 	0.0 	0.0 	4.4 	RB50		Jacksonville Jaguars	Pittsburgh Steelers	0 	0.0 	26 	0.3 	0.2 	2 	0.0 	0.0 	0.1 	0.0 	0.0 	4.7 	RB50		Jacksonville Jaguars	Houston Texans	0 	0.0 	24 	0.2 	0.2 	2 	0.0 	0.0 	0.1 	0.0 	0.0 	4.1 	RB53		Jacksonville Jaguars	Dallas Cowboys	0 	0.0 	25 	0.3 	0.2 	2 	0.0 	0.0 	0.1 	0.0 	0.0 	4.6 	RB53		Jacksonville Jaguars	Washington Commanders	0 	0.0 	27 	0.3 	0.2 	2 	0.0 	0.0 	0.1 	0.0 	0.0 	5.0 	RB52		Actual	Actual	Actual	Actual	Forecast	Forecast	Forecast	Forecast	Forecast	Forecast	Forecast	Forecast	Forecast	Forecast	Forecast	Forecast	Forecast		Healthy	Healthy	Healthy	Healthy	Healthy	Healthy	Healthy	Healthy	Healthy	Healthy	Healthy	Healthy	Healthy	Healthy	Healthy	Healthy	Healthy		Week 5 2026	10/8/2026	8:57:03 PM	20		1%	0%	22%	33%	0%	0%		(0.1)	0	0	0	0	0	(0.050257)
	Mack Hollins	New England Patriots	WR	WR57	7.8 	124 	0 	0.0 	0.0 	0.0 	0 	0.0 	0.0 	0.0 	46.6 	2.9 	626 	39.1 	2.5 	0.2 	0.0 	0.1 	0.0 	0.314 	1.000 	0.430 	(0)	0.000 	0.000 	144 	0 	(144)	57 	0 	(57)	0.241 				-	-		-	-		-	-		-	-		9.1 	3.8 	14.7 	8.3 	10.2 	10.4 	6.9 	6.8 	6.8 	6.9 	0.0 	6.7 	7.0 	6.7 	6.6 	6.5 	6.6 		WR37	WR70	WR24	WR46	WR40	WR38	WR60	WR65	WR67	WR61	-	WR73	WR64	WR70	WR73	WR73	WR73		WR64	7.4 	0.0 	0.0 	0.0 	0.0 	2.6 	34.7 	0.2 	64 	0.316 	1.000 	0.360 	(0)	0.000 	0.000 	167 	0.209 		88 		-	-		-	-		-	-		-	-		WR49	9.0 	0.0 	0.0 	0.0 	0.0 	7.9 	104.1 	0.6 	49 	0.308 	1.000 	0.510 	0 	0.036 	0.000 	#N/A	0.290 		35.9 		-	-		-	-		-	-		-	-					New England Patriots	Seattle Seahawks	0 	0.0 	0 	0.0 	4.0 	51 	0.0 	0.0 	0.0 	0.0 	0.0 	9.1 	WR37		New England Patriots	Pittsburgh Steelers	0 	0.0 	0 	0.0 	2.0 	18 	0.0 	0.0 	0.0 	0.0 	0.0 	3.8 	WR70		New England Patriots	Jacksonville Jaguars	0 	0.0 	0 	0.0 	6.0 	87 	0.0 	0.0 	0.0 	0.0 	0.0 	14.7 	WR24		New England Patriots	Buffalo Bills	0 	0.0 	0 	0.0 	3.0 	53 	0.0 	0.0 	0.0 	0.0 	0.0 	8.3 	WR46		New England Patriots	Las Vegas Raiders	0 	0.0 	0 	0.0 	3.5 	47 	0.3 	0.0 	0.0 	0.0 	0.0 	10.2 	WR40		New England Patriots	New York Jets	0 	0.0 	0 	0.0 	3.6 	48 	0.3 	0.0 	0.0 	0.0 	0.0 	10.4 	WR38		New England Patriots	Chicago Bears	0 	0.0 	0 	0.0 	2.5 	33 	0.2 	0.0 	0.0 	0.0 	0.0 	6.9 	WR60		New England Patriots	Miami Dolphins	0 	0.0 	0 	0.0 	2.4 	32 	0.2 	0.0 	0.0 	0.0 	0.0 	6.8 	WR65		New England Patriots	Green Bay Packers	0 	0.0 	0 	0.0 	2.5 	33 	0.2 	0.0 	0.0 	0.0 	0.0 	6.8 	WR67		New England Patriots	Detroit Lions	0 	0.0 	0 	0.0 	2.5 	33 	0.2 	0.0 	0.0 	0.0 	0.0 	6.9 	WR61		New England Patriots	BYE	0 	0.0 	0 	0.0 	0.0 	0 	0.0 	0.0 	0.0 	0.0 	0.0 	0.0 	-		New England Patriots	Los Angeles Chargers	0 	0.0 	0 	0.0 	2.4 	32 	0.2 	0.0 	0.0 	0.0 	0.0 	6.7 	WR73		New England Patriots	Buffalo Bills	0 	0.0 	0 	0.0 	2.5 	33 	0.2 	0.0 	0.0 	0.0 	0.0 	7.0 	WR64		New England Patriots	Minnesota Vikings	0 	0.0 	0 	0.0 	2.4 	32 	0.2 	0.0 	0.0 	0.0 	0.0 	6.7 	WR70		New England Patriots	Kansas City Chiefs	0 	0.0 	0 	0.0 	2.4 	32 	0.2 	0.0 	0.0 	0.0 	0.0 	6.6 	WR73		New England Patriots	New York Jets	0 	0.0 	0 	0.0 	2.3 	31 	0.2 	0.0 	0.0 	0.0 	0.0 	6.5 	WR73		New England Patriots	Denver Broncos	0 	0.0 	0 	0.0 	2.4 	32 	0.2 	0.0 	0.0 	0.0 	0.0 	6.6 	WR73		Actual	Actual	Actual	Actual	Forecast	Forecast	Forecast	Forecast	Forecast	Forecast	Forecast	Forecast	Forecast	Forecast	Forecast	Forecast	Forecast		Healthy	Healthy	Healthy	Healthy	Limited / Handicapped	Healthy	Healthy	Healthy	Healthy	Healthy	Healthy	Healthy	Healthy	Healthy	Healthy	Healthy	Healthy		Week 5 2026	10/8/2026	8:57:03 PM	20		14%	12%	0%	0%	0%	0%		(0.1)	0	0	0	0	0	(0.080461)
	Sam Darnold	Seattle Seahawks	QB	QB22	15.3 	230 	3,437 	229.1 	26.7 	1.8 	66 	4.4 	0.4 	0.0 	0.0 	0.0 	0 	0.0 	0.0 	0.0 	10.7 	0.9 	0.0 	0.581 	0.460 	0.200 	0 	0.258 	0.000 	151 	184 	33 	24 	24 	0 	0.227 																0.5 	0.0 	27.8 	13.3 	16.1 	14.6 	15.6 	16.1 	16.9 	15.4 	0.0 	15.5 	16.3 	16.0 	14.5 	15.8 	15.2 		QB34	-	QB2	QB18	QB11	QB20	QB17	QB12	QB11	QB18	-	QB23	QB11	QB19	QB28	QB18	QB19		QB17	15.7 	239.8 	1.7 	4.6 	0.0 	0.0 	0.0 	0.0 	16 	0.674 	0.460 	0.304 	1 	0.421 	0.000 	108 	0.359 		188 		-	-		-	-		-	-		-	-		QB26	13.9 	959.0 	6.9 	18.3 	0.1 	0.0 	0.0 	0.0 	26 	0.357 	0.460 	0.172 	(0)	0.000 	0.000 	#N/A	0.091 		41.6 		-	-		-	-		-	-		-	-					Seattle Seahawks	New England Patriots	13 	0.0 	0 	0.0 	0.0 	0 	0.0 	0.0 	0.0 	0.0 	0.0 	0.5 	QB34		Seattle Seahawks	Arizona Cardinals	0 	0.0 	0 	0.0 	0.0 	0 	0.0 	0.0 	0.0 	0.0 	0.0 	0.0 	-		Seattle Seahawks	Washington Commanders	379 	4.0 	5 	0.0 	0.0 	0 	0.0 	1.9 	0.0 	0.0 	0.0 	27.8 	QB2		Seattle Seahawks	Los Angeles Chargers	168 	2.0 	6 	0.0 	0.0 	0 	0.0 	1.0 	0.0 	0.0 	0.0 	13.3 	QB18		Seattle Seahawks	San Francisco 49ers	243 	1.7 	5 	0.1 	0.0 	0 	0.0 	0.6 	0.1 	0.0 	0.0 	16.1 	QB11		Seattle Seahawks	Denver Broncos	233 	1.6 	4 	0.0 	0.0 	0 	0.0 	0.6 	0.1 	0.0 	0.0 	14.6 	QB20		Seattle Seahawks	Kansas City Chiefs	242 	1.7 	4 	0.0 	0.0 	0 	0.0 	0.6 	0.1 	0.0 	0.0 	15.6 	QB17		Seattle Seahawks	Chicago Bears	243 	1.8 	5 	0.0 	0.0 	0 	0.0 	0.6 	0.1 	0.0 	0.0 	16.1 	QB12		Seattle Seahawks	Arizona Cardinals	245 	1.9 	5 	0.0 	0.0 	0 	0.0 	0.6 	0.1 	0.0 	0.0 	16.9 	QB11		Seattle Seahawks	Las Vegas Raiders	235 	1.7 	5 	0.0 	0.0 	0 	0.0 	0.6 	0.1 	0.0 	0.0 	15.4 	QB18		Seattle Seahawks	BYE	0 	0.0 	0 	0.0 	0.0 	0 	0.0 	0.0 	0.0 	0.0 	0.0 	0.0 	-		Seattle Seahawks	San Francisco 49ers	241 	1.7 	4 	0.0 	0.0 	0 	0.0 	0.6 	0.1 	0.0 	0.0 	15.5 	QB23		Seattle Seahawks	Dallas Cowboys	245 	1.8 	5 	0.0 	0.0 	0 	0.0 	0.6 	0.1 	0.0 	0.0 	16.3 	QB11		Seattle Seahawks	New York Giants	240 	1.8 	5 	0.0 	0.0 	0 	0.0 	0.6 	0.1 	0.0 	0.0 	16.0 	QB19		Seattle Seahawks	Philadelphia Eagles	234 	1.5 	4 	0.0 	0.0 	0 	0.0 	0.6 	0.1 	0.0 	0.0 	14.5 	QB28		Seattle Seahawks	Los Angeles Rams	243 	1.7 	4 	0.0 	0.0 	0 	0.0 	0.6 	0.1 	0.0 	0.0 	15.8 	QB18		Seattle Seahawks	Carolina Panthers	235 	1.7 	4 	0.0 	0.0 	0 	0.0 	0.6 	0.1 	0.0 	0.0 	15.2 	QB19		Actual	Actual	Actual	Actual	Forecast	Forecast	Forecast	Forecast	Forecast	Forecast	Forecast	Forecast	Forecast	Forecast	Forecast	Forecast	Forecast		Healthy	Injured	Healthy	Healthy	Healthy	Healthy	Healthy	Healthy	Healthy	Healthy	Healthy	Healthy	Healthy	Healthy	Healthy	Healthy	Healthy		Week 5 2026	10/8/2026	8:57:03 PM	20		0%	0%	4%	3%	99%	99%		0.3 	1	0	0	0	0	
	Rashod Bateman	Baltimore Ravens	WR	WR61	7.9 	119 	0 	0.0 	0.0 	0.0 	0 	0.0 	0.0 	0.0 	41.6 	2.8 	584 	38.9 	3.2 	0.2 	0.0 	0.1 	0.0 	0.301 	1.000 	0.390 	(0)	0.000 	0.000 	155 	280 	125 	61 	92 	31 	0.221 				-	-		-	-		-	-		-	-		0.0 	21.8 	5.7 	6.6 	6.8 	6.7 	7.5 	7.3 	7.2 	7.2 	7.0 	6.9 	0.0 	7.1 	7.1 	6.8 	7.3 		-	WR9	WR58	WR54	WR63	WR60	WR53	WR61	WR65	WR60	WR61	WR72	-	WR68	WR70	WR72	WR70		WR67	7.1 	0.0 	0.0 	0.0 	0.0 	2.5 	34.4 	0.2 	67 	0.304 	1.000 	0.330 	(0)	0.000 	0.000 	172 	0.194 		85 		-	-		-	-		-	-		-	-		WR50	11.4 	0.0 	0.0 	0.0 	0.0 	10.2 	137.6 	0.7 	50 	0.292 	1.000 	0.500 	0 	0.014 	0.000 	#N/A	0.275 		34.1 		-	-		-	-		-	-		-	-					Baltimore Ravens	Indianapolis Colts	0 	0.0 	0 	0.0 	0.0 	0 	0.0 	0.0 	0.0 	0.0 	0.0 	0.0 	-		Baltimore Ravens	New Orleans Saints	0 	0.0 	0 	0.0 	7.0 	88 	1.0 	0.0 	0.0 	0.0 	0.0 	21.8 	WR9		Baltimore Ravens	Dallas Cowboys	0 	0.0 	0 	0.0 	2.0 	37 	0.0 	0.0 	0.0 	0.0 	0.0 	5.7 	WR58		Baltimore Ravens	Tennessee Titans	0 	0.0 	0 	0.0 	2.0 	46 	0.0 	0.0 	0.0 	0.0 	0.0 	6.6 	WR54		Baltimore Ravens	Atlanta Falcons	0 	0.0 	0 	0.0 	2.5 	34 	0.2 	0.0 	0.0 	0.0 	0.0 	6.8 	WR63		Baltimore Ravens	Cleveland Browns	0 	0.0 	0 	0.0 	2.4 	33 	0.2 	0.0 	0.0 	0.0 	0.0 	6.7 	WR60		Baltimore Ravens	Cincinnati Bengals	0 	0.0 	0 	0.0 	2.7 	36 	0.2 	0.0 	0.0 	0.0 	0.0 	7.5 	WR53		Baltimore Ravens	Buffalo Bills	0 	0.0 	0 	0.0 	2.6 	35 	0.2 	0.0 	0.0 	0.0 	0.0 	7.3 	WR61		Baltimore Ravens	Jacksonville Jaguars	0 	0.0 	0 	0.0 	2.6 	35 	0.2 	0.0 	0.0 	0.0 	0.0 	7.2 	WR65		Baltimore Ravens	Los Angeles Chargers	0 	0.0 	0 	0.0 	2.6 	35 	0.2 	0.0 	0.0 	0.0 	0.0 	7.2 	WR60		Baltimore Ravens	Carolina Panthers	0 	0.0 	0 	0.0 	2.5 	34 	0.2 	0.0 	0.0 	0.0 	0.0 	7.0 	WR61		Baltimore Ravens	Houston Texans	0 	0.0 	0 	0.0 	2.5 	34 	0.2 	0.0 	0.0 	0.0 	0.0 	6.9 	WR72		Baltimore Ravens	BYE	0 	0.0 	0 	0.0 	0.0 	0 	0.0 	0.0 	0.0 	0.0 	0.0 	0.0 	-		Baltimore Ravens	Tampa Bay Buccaneers	0 	0.0 	0 	0.0 	2.5 	34 	0.2 	0.0 	0.0 	0.0 	0.0 	7.1 	WR68		Baltimore Ravens	Pittsburgh Steelers	0 	0.0 	0 	0.0 	2.6 	34 	0.2 	0.0 	0.0 	0.0 	0.0 	7.1 	WR70		Baltimore Ravens	Cleveland Browns	0 	0.0 	0 	0.0 	2.4 	33 	0.2 	0.0 	0.0 	0.0 	0.0 	6.8 	WR72		Baltimore Ravens	Cincinnati Bengals	0 	0.0 	0 	0.0 	2.6 	35 	0.2 	0.0 	0.0 	0.0 	0.0 	7.3 	WR70		Actual	Actual	Actual	Actual	Forecast	Forecast	Forecast	Forecast	Forecast	Forecast	Forecast	Forecast	Forecast	Forecast	Forecast	Forecast	Forecast		Healthy	Healthy	Healthy	Healthy	Healthy	Healthy	Healthy	Healthy	Healthy	Healthy	Healthy	Healthy	Healthy	Healthy	Healthy	Healthy	Healthy		Week 5 2026	10/8/2026	8:57:03 PM	20		17%	15%	0%	0%	0%	0%		(0.1)	0	0	0	0	0	(0.080367)
	Emmett Johnson	Kansas City Chiefs	RB	RB48	5.4 	87 	0 	0.0 	0.0 	0.0 	240 	15.0 	1.6 	0.1 	26.6 	1.7 	225 	14.1 	0.9 	0.1 	0.0 	0.4 	0.0 	0.221 	1.000 	0.417 	(1)	0.000 	0.000 	154 	185 	31 	48 	56 	8 	0.221 				-	-		-	-		-	-		-	-		8.8 	5.5 	1.7 	2.0 	0.0 	6.1 	5.4 	5.4 	6.0 	5.9 	6.3 	5.8 	5.5 	5.7 	5.8 	5.9 	5.5 		RB32	RB41	RB55	RB53	-	RB36	RB43	RB46	RB44	RB42	RB36	RB50	RB47	RB48	RB48	RB48	RB51		RB48	5.8 	0.0 	0.0 	15.3 	0.1 	1.8 	12.6 	0.1 	48 	0.248 	1.000 	0.417 	(0)	0.000 	0.000 	158 	0.225 		69 		-	-		-	-		-	-		-	-		RB50	4.5 	0.0 	0.0 	45.9 	0.4 	5.4 	37.8 	0.2 	50 	0.154 	1.000 	0.392 	(1)	0.000 	0.000 	#N/A	0.200 		18.0 		-	-		-	-		-	-		-	-					Kansas City Chiefs	Denver Broncos	0 	0.0 	24 	0.0 	2.0 	44 	0.0 	0.0 	0.0 	0.0 	0.0 	8.8 	RB32		Kansas City Chiefs	Indianapolis Colts	0 	0.0 	15 	0.0 	2.0 	20 	0.0 	0.0 	0.0 	0.0 	0.0 	5.5 	RB41		Kansas City Chiefs	Miami Dolphins	0 	0.0 	17 	0.0 	0.0 	0 	0.0 	0.0 	0.0 	0.0 	0.0 	1.7 	RB55		Kansas City Chiefs	Las Vegas Raiders	0 	0.0 	0 	0.0 	1.0 	10 	0.0 	0.0 	0.0 	0.0 	0.0 	2.0 	RB53		Kansas City Chiefs	BYE	0 	0.0 	0 	0.0 	0.0 	0 	0.0 	0.0 	0.0 	0.0 	0.0 	0.0 	-		Kansas City Chiefs	Los Angeles Chargers	0 	0.0 	17 	0.2 	1.8 	13 	0.1 	0.0 	0.0 	0.0 	0.0 	6.1 	RB36		Kansas City Chiefs	Seattle Seahawks	0 	0.0 	14 	0.1 	1.8 	12 	0.1 	0.0 	0.0 	0.0 	0.0 	5.4 	RB43		Kansas City Chiefs	Denver Broncos	0 	0.0 	14 	0.1 	1.8 	12 	0.1 	0.0 	0.0 	0.0 	0.0 	5.4 	RB46		Kansas City Chiefs	New York Jets	0 	0.0 	17 	0.2 	1.7 	12 	0.1 	0.0 	0.0 	0.0 	0.0 	6.0 	RB44		Kansas City Chiefs	Atlanta Falcons	0 	0.0 	16 	0.1 	1.8 	13 	0.1 	0.0 	0.0 	0.0 	0.0 	5.9 	RB42		Kansas City Chiefs	Arizona Cardinals	0 	0.0 	18 	0.2 	1.8 	13 	0.1 	0.0 	0.0 	0.0 	0.0 	6.3 	RB36		Kansas City Chiefs	Buffalo Bills	0 	0.0 	15 	0.1 	1.9 	13 	0.1 	0.0 	0.0 	0.0 	0.0 	5.8 	RB50		Kansas City Chiefs	Los Angeles Rams	0 	0.0 	13 	0.1 	1.8 	13 	0.1 	0.0 	0.0 	0.0 	0.0 	5.5 	RB47		Kansas City Chiefs	Cincinnati Bengals	0 	0.0 	14 	0.1 	1.8 	13 	0.1 	0.0 	0.0 	0.0 	0.0 	5.7 	RB48		Kansas City Chiefs	New England Patriots	0 	0.0 	15 	0.1 	1.8 	13 	0.1 	0.0 	0.0 	0.0 	0.0 	5.8 	RB48		Kansas City Chiefs	San Francisco 49ers	0 	0.0 	15 	0.1 	1.8 	13 	0.1 	0.0 	0.0 	0.0 	0.0 	5.9 	RB48		Kansas City Chiefs	Los Angeles Chargers	0 	0.0 	14 	0.1 	1.8 	13 	0.1 	0.0 	0.0 	0.0 	0.0 	5.5 	RB51		Actual	Actual	Actual	Actual	Forecast	Forecast	Forecast	Forecast	Forecast	Forecast	Forecast	Forecast	Forecast	Forecast	Forecast	Forecast	Forecast		Healthy	Healthy	Healthy	Healthy	Healthy	Healthy	Healthy	Healthy	Healthy	Healthy	Healthy	Healthy	Healthy	Healthy	Healthy	Healthy	Healthy		Week 5 2026	10/8/2026	8:57:03 PM	20		6%	5%	11%	13%	0%	0%		0.0 	0	0	0	0	0	0.025519 
	Brian Thomas Jr.	Jacksonville Jaguars	WR	WR62	7.3 	118 	0 	0.0 	0.0 	0.0 	0 	0.0 	0.0 	0.0 	40.0 	2.5 	518 	32.4 	4.3 	0.3 	0.0 	0.1 	0.0 	0.298 	1.000 	0.380 	(0)	0.000 	0.000 	156 	85 	(71)	62 	36 	(26)	0.216 				-	-		-	-		-	-		-	-		7.0 	7.0 	1.8 	9.7 	7.4 	7.5 	0.0 	8.0 	7.8 	7.7 	7.7 	7.7 	7.5 	7.6 	7.2 	7.9 	8.0 		WR53	WR43	WR84	WR39	WR55	WR52	-	WR51	WR56	WR51	WR50	WR60	WR56	WR58	WR68	WR59	WR58		WR58	7.7 	0.0 	0.0 	0.0 	0.0 	2.6 	34.4 	0.3 	58 	0.330 	1.000 	0.420 	(0)	0.000 	0.000 	152 	0.238 		92 		-	-		-	-		-	-		-	-		WR70	6.4 	0.0 	0.0 	0.0 	0.0 	7.8 	103.2 	0.8 	70 	0.219 	1.000 	0.300 	(0)	0.000 	0.000 	#N/A	0.168 		25.5 		-	-		-	-		-	-		-	-					Jacksonville Jaguars	Cleveland Browns	0 	0.0 	0 	0.0 	3.0 	40 	0.0 	0.0 	0.0 	0.0 	0.0 	7.0 	WR53		Jacksonville Jaguars	Denver Broncos	0 	0.0 	0 	0.0 	3.0 	40 	0.0 	0.0 	0.0 	0.0 	0.0 	7.0 	WR43		Jacksonville Jaguars	New England Patriots	0 	0.0 	0 	0.0 	1.0 	8 	0.0 	0.0 	0.0 	0.0 	0.0 	1.8 	WR84		Jacksonville Jaguars	Cincinnati Bengals	0 	0.0 	0 	0.0 	2.0 	17 	1.0 	0.0 	0.0 	0.0 	0.0 	9.7 	WR39		Jacksonville Jaguars	Philadelphia Eagles	0 	0.0 	0 	0.0 	2.5 	33 	0.3 	0.0 	0.0 	0.0 	0.0 	7.4 	WR55		Jacksonville Jaguars	Houston Texans	0 	0.0 	0 	0.0 	2.6 	34 	0.3 	0.0 	0.0 	0.0 	0.0 	7.5 	WR52		Jacksonville Jaguars	BYE	0 	0.0 	0 	0.0 	0.0 	0 	0.0 	0.0 	0.0 	0.0 	0.0 	0.0 	-		Jacksonville Jaguars	Indianapolis Colts	0 	0.0 	0 	0.0 	2.6 	35 	0.3 	0.0 	0.0 	0.0 	0.0 	8.0 	WR51		Jacksonville Jaguars	Baltimore Ravens	0 	0.0 	0 	0.0 	2.6 	35 	0.3 	0.0 	0.0 	0.0 	0.0 	7.8 	WR56		Jacksonville Jaguars	Tennessee Titans	0 	0.0 	0 	0.0 	2.6 	34 	0.3 	0.0 	0.0 	0.0 	0.0 	7.7 	WR51		Jacksonville Jaguars	New York Giants	0 	0.0 	0 	0.0 	2.6 	34 	0.3 	0.0 	0.0 	0.0 	0.0 	7.7 	WR50		Jacksonville Jaguars	Tennessee Titans	0 	0.0 	0 	0.0 	2.6 	34 	0.3 	0.0 	0.0 	0.0 	0.0 	7.7 	WR60		Jacksonville Jaguars	Chicago Bears	0 	0.0 	0 	0.0 	2.6 	34 	0.3 	0.0 	0.0 	0.0 	0.0 	7.5 	WR56		Jacksonville Jaguars	Pittsburgh Steelers	0 	0.0 	0 	0.0 	2.6 	34 	0.3 	0.0 	0.0 	0.0 	0.0 	7.6 	WR58		Jacksonville Jaguars	Houston Texans	0 	0.0 	0 	0.0 	2.5 	33 	0.2 	0.0 	0.0 	0.0 	0.0 	7.2 	WR68		Jacksonville Jaguars	Dallas Cowboys	0 	0.0 	0 	0.0 	2.7 	35 	0.3 	0.0 	0.0 	0.0 	0.0 	7.9 	WR59		Jacksonville Jaguars	Washington Commanders	0 	0.0 	0 	0.0 	2.7 	35 	0.3 	0.0 	0.0 	0.0 	0.0 	8.0 	WR58		Actual	Actual	Actual	Actual	Forecast	Forecast	Forecast	Forecast	Forecast	Forecast	Forecast	Forecast	Forecast	Forecast	Forecast	Forecast	Forecast		Healthy	Healthy	Healthy	Healthy	Healthy	Healthy	Healthy	Healthy	Healthy	Healthy	Healthy	Healthy	Healthy	Healthy	Healthy	Healthy	Healthy		Week 5 2026	10/8/2026	8:57:03 PM	20		15%	17%	0%	0%	0%	0%		0.1 	0	0	0	0	0	0.070712 
	Kirk Cousins	Las Vegas Raiders	QB	QB20	15.2 	243 	3,727 	232.9 	28.9 	1.8 	10 	0.6 	0.1 	0.0 	0.0 	0.0 	0 	0.0 	0.0 	0.0 	11.7 	0.9 	0.0 	0.614 	0.460 	0.279 	0 	0.244 	0.000 	139 	293 	154 	18 	35 	17 	0.263 																13.8 	20.2 	22.2 	22.6 	14.1 	15.3 	14.1 	13.1 	13.8 	13.2 	12.9 	12.9 	0.0 	13.5 	13.0 	13.9 	13.9 		QB21	QB10	QB10	QB4	QB23	QB14	QB24	QB27	QB26	QB27	QB25	QB31	-	QB27	QB30	QB28	QB29		QB29	13.6 	225.1 	1.5 	1.0 	0.0 	0.0 	0.0 	0.0 	29 	0.587 	0.460 	0.129 	0 	0.215 	0.000 	183 	0.170 		164 		-	-		-	-		-	-		-	-		QB9	19.7 	675.3 	4.5 	3.0 	0.0 	0.0 	0.0 	0.0 	9 	0.676 	0.460 	0.385 	1 	0.482 	0.000 	#N/A	0.431 		78.8 		-	-		-	-		-	-		-	-					Las Vegas Raiders	Miami Dolphins	160 	3.0 	(6)	0.0 	0.0 	0 	0.0 	2.0 	0.0 	0.0 	0.0 	13.8 	QB21		Las Vegas Raiders	Los Angeles Chargers	253 	3.0 	1 	0.0 	0.0 	0 	0.0 	1.0 	0.0 	0.0 	0.0 	20.2 	QB10		Las Vegas Raiders	New Orleans Saints	248 	3.0 	3 	0.0 	0.0 	0 	0.0 	0.0 	0.0 	0.0 	0.0 	22.2 	QB10		Las Vegas Raiders	Kansas City Chiefs	365 	2.0 	0 	0.0 	0.0 	0 	0.0 	1.0 	0.0 	0.0 	1.0 	22.6 	QB4		Las Vegas Raiders	New England Patriots	229 	1.6 	1 	0.0 	0.0 	0 	0.0 	0.6 	0.1 	0.0 	0.0 	14.1 	QB23		Las Vegas Raiders	Buffalo Bills	239 	1.8 	1 	0.0 	0.0 	0 	0.0 	0.6 	0.1 	0.0 	0.0 	15.3 	QB14		Las Vegas Raiders	Los Angeles Rams	233 	1.5 	1 	0.0 	0.0 	0 	0.0 	0.6 	0.1 	0.0 	0.0 	14.1 	QB24		Las Vegas Raiders	New York Jets	218 	1.4 	1 	0.0 	0.0 	0 	0.0 	0.6 	0.1 	0.0 	0.0 	13.1 	QB27		Las Vegas Raiders	San Francisco 49ers	231 	1.5 	1 	0.0 	0.0 	0 	0.0 	0.6 	0.1 	0.0 	0.0 	13.8 	QB26		Las Vegas Raiders	Seattle Seahawks	223 	1.4 	1 	0.0 	0.0 	0 	0.0 	0.6 	0.1 	0.0 	0.0 	13.2 	QB27		Las Vegas Raiders	Denver Broncos	222 	1.3 	1 	0.0 	0.0 	0 	0.0 	0.6 	0.1 	0.0 	0.0 	12.9 	QB25		Las Vegas Raiders	Cleveland Browns	216 	1.4 	1 	0.0 	0.0 	0 	0.0 	0.6 	0.1 	0.0 	0.0 	12.9 	QB31		Las Vegas Raiders	BYE	0 	0.0 	0 	0.0 	0.0 	0 	0.0 	0.0 	0.0 	0.0 	0.0 	0.0 	-		Las Vegas Raiders	Los Angeles Chargers	226 	1.5 	1 	0.0 	0.0 	0 	0.0 	0.6 	0.1 	0.0 	0.0 	13.5 	QB27		Las Vegas Raiders	Denver Broncos	219 	1.4 	1 	0.0 	0.0 	0 	0.0 	0.6 	0.1 	0.0 	0.0 	13.0 	QB30		Las Vegas Raiders	Tennessee Titans	223 	1.6 	1 	0.0 	0.0 	0 	0.0 	0.6 	0.1 	0.0 	0.0 	13.9 	QB28		Las Vegas Raiders	Arizona Cardinals	223 	1.6 	1 	0.0 	0.0 	0 	0.0 	0.6 	0.1 	0.0 	0.0 	13.9 	QB29		Actual	Actual	Actual	Actual	Forecast	Forecast	Forecast	Forecast	Forecast	Forecast	Forecast	Forecast	Forecast	Forecast	Forecast	Forecast	Forecast		Healthy	Healthy	Healthy	Healthy	Healthy	Healthy	Healthy	Healthy	Healthy	Healthy	Healthy	Healthy	Healthy	Healthy	Healthy	Healthy	Healthy		Week 5 2026	10/8/2026	8:57:03 PM	20		0%	0%	1%	1%	99%	99%		(0.3)	0	0	0	0	0	(0.261084)
	Kenny Gainwell	Tampa Bay Buccaneers	RB	RB45	5.6 	90 	0 	0.0 	0.0 	0.0 	150 	9.4 	0.9 	0.1 	36.0 	2.2 	206 	12.9 	2.3 	0.1 	0.0 	0.4 	0.0 	0.228 	1.000 	0.456 	(1)	0.000 	0.000 	146 	94 	(52)	45 	36 	(9)	0.239 				-	-		-	-		-	-		-	-		2.8 	4.5 	3.0 	10.7 	5.5 	5.2 	5.9 	6.1 	5.8 	0.0 	5.8 	5.9 	5.7 	5.7 	6.0 	5.9 	5.7 		RB55	RB45	RB50	RB29	RB44	RB43	RB39	RB41	RB45	-	RB38	RB47	RB45	RB49	RB45	RB50	RB50		RB49	5.8 	0.0 	0.0 	10.4 	0.1 	2.3 	13.5 	0.1 	49 	0.247 	1.000 	0.405 	(0)	0.000 	0.000 	162 	0.219 		69 		-	-		-	-		-	-		-	-		RB45	5.3 	0.0 	0.0 	31.1 	0.2 	7.0 	40.6 	0.3 	45 	0.180 	1.000 	0.456 	(0)	0.000 	0.000 	#N/A	0.232 		21.0 		-	-		-	-		-	-		-	-					Tampa Bay Buccaneers	Cincinnati Bengals	0 	0.0 	15 	0.0 	1.0 	3 	0.0 	0.0 	0.0 	0.0 	0.0 	2.8 	RB55		Tampa Bay Buccaneers	Cleveland Browns	0 	0.0 	10 	0.0 	3.0 	5 	0.0 	0.0 	0.0 	0.0 	0.0 	4.5 	RB45		Tampa Bay Buccaneers	Minnesota Vikings	0 	0.0 	(4)	0.0 	2.0 	14 	0.0 	0.0 	0.0 	0.0 	0.0 	3.0 	RB50		Tampa Bay Buccaneers	Green Bay Packers	0 	0.0 	5 	0.0 	2.0 	22 	1.0 	0.0 	0.0 	0.0 	0.0 	10.7 	RB29		Tampa Bay Buccaneers	Dallas Cowboys	0 	0.0 	9 	0.1 	2.4 	14 	0.1 	0.0 	0.0 	0.0 	0.0 	5.5 	RB44		Tampa Bay Buccaneers	Pittsburgh Steelers	0 	0.0 	10 	0.1 	2.2 	13 	0.1 	0.0 	0.0 	0.0 	0.0 	5.2 	RB43		Tampa Bay Buccaneers	Carolina Panthers	0 	0.0 	11 	0.1 	2.3 	13 	0.1 	0.0 	0.0 	0.0 	0.0 	5.9 	RB39		Tampa Bay Buccaneers	Atlanta Falcons	0 	0.0 	12 	0.1 	2.3 	14 	0.1 	0.0 	0.0 	0.0 	0.0 	6.1 	RB41		Tampa Bay Buccaneers	Chicago Bears	0 	0.0 	10 	0.1 	2.4 	14 	0.1 	0.0 	0.0 	0.0 	0.0 	5.8 	RB45		Tampa Bay Buccaneers	BYE	0 	0.0 	0 	0.0 	0.0 	0 	0.0 	0.0 	0.0 	0.0 	0.0 	0.0 	-		Tampa Bay Buccaneers	Detroit Lions	0 	0.0 	10 	0.1 	2.4 	14 	0.1 	0.0 	0.0 	0.0 	0.0 	5.8 	RB38		Tampa Bay Buccaneers	Carolina Panthers	0 	0.0 	11 	0.1 	2.3 	14 	0.1 	0.0 	0.0 	0.0 	0.0 	5.9 	RB47		Tampa Bay Buccaneers	Los Angeles Chargers	0 	0.0 	10 	0.1 	2.3 	13 	0.1 	0.0 	0.0 	0.0 	0.0 	5.7 	RB45		Tampa Bay Buccaneers	Baltimore Ravens	0 	0.0 	9 	0.1 	2.4 	14 	0.1 	0.0 	0.0 	0.0 	0.0 	5.7 	RB49		Tampa Bay Buccaneers	New Orleans Saints	0 	0.0 	11 	0.1 	2.4 	14 	0.1 	0.0 	0.0 	0.0 	0.0 	6.0 	RB45		Tampa Bay Buccaneers	Atlanta Falcons	0 	0.0 	11 	0.1 	2.3 	13 	0.1 	0.0 	0.0 	0.0 	0.0 	5.9 	RB50		Tampa Bay Buccaneers	Los Angeles Rams	0 	0.0 	10 	0.1 	2.4 	14 	0.1 	0.0 	0.0 	0.0 	0.0 	5.7 	RB50		Actual	Actual	Actual	Actual	Forecast	Forecast	Forecast	Forecast	Forecast	Forecast	Forecast	Forecast	Forecast	Forecast	Forecast	Forecast	Forecast		Healthy	Healthy	Healthy	Healthy	Healthy	Healthy	Healthy	Healthy	Healthy	Healthy	Healthy	Healthy	Healthy	Healthy	Healthy	Healthy	Healthy		Week 5 2026	10/8/2026	8:57:03 PM	20		6%	7%	9%	9%	0%	0%		(0.0)	0	0	0	0	0	(0.012792)
	Drew Lock	Seattle Seahawks	QB	QB24	17.1 	34 	422 	211.0 	4.0 	2.0 	13 	6.5 	0.0 	0.0 	0.0 	0.0 	0 	0.0 	0.0 	0.0 	0.0 	0.0 	0.0 	0.087 	0.460 	0.024 	1 	0.429 	0.000 	157 	339 	182 	36 	42 	6 	0.214 																12.8 	21.4 	0.0 	0.0 	0.0 	0.0 	0.0 	0.0 	0.0 	0.0 	0.0 	0.0 	0.0 	0.0 	0.0 	0.0 	0.0 		QB23	QB9	-	-	-	-	-	-	-	-	-	-	-	-	-	-	-		QB38	0.0 	0.0 	0.0 	0.0 	0.0 	0.0 	0.0 	0.0 	44 	0.000 	0.460 	0.000 	(2)	0.000 	0.000 	270 	0.000 		0 		-	-		-	-		-	-		-	-		QB30	17.1 	0.0 	0.0 	0.0 	0.0 	0.0 	0.0 	0.0 	30 	0.293 	0.460 	0.114 	(0)	0.000 	0.000 	#N/A	0.061 		34.2 		-	-		-	-		-	-		-	-					Seattle Seahawks	New England Patriots	187 	1.0 	13 	0.0 	0.0 	0 	0.0 	0.0 	0.0 	0.0 	0.0 	12.8 	QB23		Seattle Seahawks	Arizona Cardinals	235 	3.0 	0 	0.0 	0.0 	0 	0.0 	0.0 	0.0 	0.0 	0.0 	21.4 	QB9		Seattle Seahawks	Washington Commanders	0 	0.0 	0 	0.0 	0.0 	0 	0.0 	0.0 	0.0 	0.0 	0.0 	0.0 	-		Seattle Seahawks	Los Angeles Chargers	0 	0.0 	0 	0.0 	0.0 	0 	0.0 	0.0 	0.0 	0.0 	0.0 	0.0 	-		Seattle Seahawks	San Francisco 49ers	0 	0.0 	0 	0.0 	0.0 	0 	0.0 	0.0 	0.0 	0.0 	0.0 	0.0 	-		Seattle Seahawks	Denver Broncos	0 	0.0 	0 	0.0 	0.0 	0 	0.0 	0.0 	0.0 	0.0 	0.0 	0.0 	-		Seattle Seahawks	Kansas City Chiefs	0 	0.0 	0 	0.0 	0.0 	0 	0.0 	0.0 	0.0 	0.0 	0.0 	0.0 	-		Seattle Seahawks	Chicago Bears	0 	0.0 	0 	0.0 	0.0 	0 	0.0 	0.0 	0.0 	0.0 	0.0 	0.0 	-		Seattle Seahawks	Arizona Cardinals	0 	0.0 	0 	0.0 	0.0 	0 	0.0 	0.0 	0.0 	0.0 	0.0 	0.0 	-		Seattle Seahawks	Las Vegas Raiders	0 	0.0 	0 	0.0 	0.0 	0 	0.0 	0.0 	0.0 	0.0 	0.0 	0.0 	-		Seattle Seahawks	BYE	0 	0.0 	0 	0.0 	0.0 	0 	0.0 	0.0 	0.0 	0.0 	0.0 	0.0 	-		Seattle Seahawks	San Francisco 49ers	0 	0.0 	0 	0.0 	0.0 	0 	0.0 	0.0 	0.0 	0.0 	0.0 	0.0 	-		Seattle Seahawks	Dallas Cowboys	0 	0.0 	0 	0.0 	0.0 	0 	0.0 	0.0 	0.0 	0.0 	0.0 	0.0 	-		Seattle Seahawks	New York Giants	0 	0.0 	0 	0.0 	0.0 	0 	0.0 	0.0 	0.0 	0.0 	0.0 	0.0 	-		Seattle Seahawks	Philadelphia Eagles	0 	0.0 	0 	0.0 	0.0 	0 	0.0 	0.0 	0.0 	0.0 	0.0 	0.0 	-		Seattle Seahawks	Los Angeles Rams	0 	0.0 	0 	0.0 	0.0 	0 	0.0 	0.0 	0.0 	0.0 	0.0 	0.0 	-		Seattle Seahawks	Carolina Panthers	0 	0.0 	0 	0.0 	0.0 	0 	0.0 	0.0 	0.0 	0.0 	0.0 	0.0 	-		Actual	Actual	Actual	Actual	Forecast	Forecast	Forecast	Forecast	Forecast	Forecast	Forecast	Forecast	Forecast	Forecast	Forecast	Forecast	Forecast		Healthy	Healthy	Healthy	Healthy	Healthy	Healthy	Healthy	Healthy	Healthy	Healthy	Healthy	Healthy	Healthy	Healthy	Healthy	Healthy	Healthy		Week 5 2026	10/8/2026	8:57:03 PM	20		0%	0%	0%	0%	0%	0%		(0.1)	0	0	0	0	0	(0.060578)
	Antonio Williams	Washington Commanders	WR	WR60	7.6 	121 	0 	0.0 	0.0 	0.0 	0 	0.0 	0.0 	0.0 	47.8 	3.0 	536 	33.5 	3.3 	0.2 	0.0 	0.1 	0.0 	0.306 	1.000 	0.400 	(0)	0.000 	0.000 	152 	271 	119 	60 	89 	29 	0.226 				-	-		-	-		-	-		-	-		16.4 	5.4 	3.5 	5.1 	7.4 	7.8 	0.0 	7.4 	7.8 	7.5 	7.9 	7.6 	7.5 	7.3 	7.6 	7.3 	7.6 		WR15	WR59	WR73	WR61	WR56	WR50	-	WR60	WR55	WR56	WR48	WR63	WR58	WR66	WR64	WR67	WR61		WR60	7.6 	0.0 	0.0 	0.0 	0.0 	3.0 	34.3 	0.2 	60 	0.325 	1.000 	0.400 	(0)	0.000 	0.000 	157 	0.229 		91 		-	-		-	-		-	-		-	-		WR59	7.6 	0.0 	0.0 	0.0 	0.0 	9.0 	103.0 	0.6 	59 	0.261 	1.000 	0.410 	(0)	0.000 	0.000 	#N/A	0.224 		30.4 		-	-		-	-		-	-		-	-					Washington Commanders	Philadelphia Eagles	0 	0.0 	0 	0.0 	4.0 	64 	1.0 	0.0 	0.0 	0.0 	0.0 	16.4 	WR15		Washington Commanders	Dallas Cowboys	0 	0.0 	0 	0.0 	3.0 	24 	0.0 	0.0 	0.0 	0.0 	0.0 	5.4 	WR59		Washington Commanders	Seattle Seahawks	0 	0.0 	0 	0.0 	2.0 	15 	0.0 	0.0 	0.0 	0.0 	0.0 	3.5 	WR73		Washington Commanders	Indianapolis Colts	0 	0.0 	0 	0.0 	3.0 	21 	0.0 	0.0 	0.0 	0.0 	0.0 	5.1 	WR61		Washington Commanders	New York Giants	0 	0.0 	0 	0.0 	2.9 	34 	0.2 	0.0 	0.0 	0.0 	0.0 	7.4 	WR56		Washington Commanders	San Francisco 49ers	0 	0.0 	0 	0.0 	3.1 	36 	0.2 	0.0 	0.0 	0.0 	0.0 	7.8 	WR50		Washington Commanders	BYE	0 	0.0 	0 	0.0 	0.0 	0 	0.0 	0.0 	0.0 	0.0 	0.0 	0.0 	-		Washington Commanders	Philadelphia Eagles	0 	0.0 	0 	0.0 	2.9 	34 	0.2 	0.0 	0.0 	0.0 	0.0 	7.4 	WR60		Washington Commanders	Los Angeles Rams	0 	0.0 	0 	0.0 	3.1 	35 	0.2 	0.0 	0.0 	0.0 	0.0 	7.8 	WR55		Washington Commanders	New York Giants	0 	0.0 	0 	0.0 	3.0 	34 	0.2 	0.0 	0.0 	0.0 	0.0 	7.5 	WR56		Washington Commanders	Cincinnati Bengals	0 	0.0 	0 	0.0 	3.1 	36 	0.2 	0.0 	0.0 	0.0 	0.0 	7.9 	WR48		Washington Commanders	Arizona Cardinals	0 	0.0 	0 	0.0 	3.0 	34 	0.2 	0.0 	0.0 	0.0 	0.0 	7.6 	WR63		Washington Commanders	Tennessee Titans	0 	0.0 	0 	0.0 	2.9 	34 	0.2 	0.0 	0.0 	0.0 	0.0 	7.5 	WR58		Washington Commanders	Houston Texans	0 	0.0 	0 	0.0 	2.9 	33 	0.2 	0.0 	0.0 	0.0 	0.0 	7.3 	WR66		Washington Commanders	Atlanta Falcons	0 	0.0 	0 	0.0 	3.0 	34 	0.2 	0.0 	0.0 	0.0 	0.0 	7.6 	WR64		Washington Commanders	Minnesota Vikings	0 	0.0 	0 	0.0 	2.9 	34 	0.2 	0.0 	0.0 	0.0 	0.0 	7.3 	WR67		Washington Commanders	Jacksonville Jaguars	0 	0.0 	0 	0.0 	3.0 	35 	0.2 	0.0 	0.0 	0.0 	0.0 	7.6 	WR61		Actual	Actual	Actual	Actual	Forecast	Forecast	Forecast	Forecast	Forecast	Forecast	Forecast	Forecast	Forecast	Forecast	Forecast	Forecast	Forecast		Healthy	Healthy	Healthy	Healthy	Healthy	Healthy	Healthy	Healthy	Healthy	Healthy	Healthy	Healthy	Healthy	Healthy	Healthy	Healthy	Healthy		Week 5 2026	10/8/2026	8:57:03 PM	20		16%	13%	0%	0%	0%	0%		0.0 	0	0	0	0	0	0.005146 
	Raheim Sanders	Cleveland Browns	RB	RB47	5.6 	89 	0 	0.0 	0.0 	0.0 	135 	8.5 	0.7 	0.0 	36.9 	2.3 	288 	18.0 	1.0 	0.1 	0.0 	0.3 	0.0 	0.225 	1.000 	0.430 	(1)	0.000 	0.000 	150 	0 	(150)	47 	0 	(47)	0.227 																5.6 	2.1 	9.1 	3.6 	5.6 	5.7 	5.7 	5.5 	5.7 	5.5 	0.0 	5.9 	5.9 	5.9 	5.6 	5.5 	5.9 		RB40	RB58	RB28	RB46	RB43	RB40	RB40	RB45	RB46	RB44	-	RB48	RB43	RB45	RB49	RB51	RB49		RB50	5.7 	0.0 	0.0 	8.7 	0.1 	2.2 	17.9 	0.1 	50 	0.246 	1.000 	0.392 	(0)	0.000 	0.000 	166 	0.213 		69 		-	-		-	-		-	-		-	-		RB47	5.1 	0.0 	0.0 	26.1 	0.2 	6.7 	53.7 	0.2 	47 	0.175 	1.000 	0.430 	(0)	0.000 	0.000 	#N/A	0.220 		20.4 		-	-		-	-		-	-		-	-					Cleveland Browns	Jacksonville Jaguars	0 	0.0 	1 	0.0 	3.0 	25 	0.0 	0.0 	0.0 	0.0 	0.0 	5.6 	RB40		Cleveland Browns	Tampa Bay Buccaneers	0 	0.0 	4 	0.0 	1.0 	7 	0.0 	0.0 	0.0 	0.0 	0.0 	2.1 	RB58		Cleveland Browns	Carolina Panthers	0 	0.0 	17 	0.0 	4.0 	34 	0.0 	0.0 	0.0 	0.0 	0.0 	9.1 	RB28		Cleveland Browns	Pittsburgh Steelers	0 	0.0 	9 	0.0 	2.0 	7 	0.0 	0.0 	0.0 	0.0 	0.0 	3.6 	RB46		Cleveland Browns	New York Jets	0 	0.0 	9 	0.1 	2.2 	18 	0.1 	0.0 	0.0 	0.0 	0.0 	5.6 	RB43		Cleveland Browns	Baltimore Ravens	0 	0.0 	9 	0.1 	2.2 	18 	0.1 	0.0 	0.0 	0.0 	0.0 	5.7 	RB40		Cleveland Browns	Tennessee Titans	0 	0.0 	9 	0.1 	2.2 	18 	0.1 	0.0 	0.0 	0.0 	0.0 	5.7 	RB40		Cleveland Browns	Pittsburgh Steelers	0 	0.0 	8 	0.1 	2.2 	18 	0.1 	0.0 	0.0 	0.0 	0.0 	5.5 	RB45		Cleveland Browns	New Orleans Saints	0 	0.0 	9 	0.1 	2.3 	18 	0.1 	0.0 	0.0 	0.0 	0.0 	5.7 	RB46		Cleveland Browns	Houston Texans	0 	0.0 	8 	0.1 	2.2 	17 	0.1 	0.0 	0.0 	0.0 	0.0 	5.5 	RB44		Cleveland Browns	BYE	0 	0.0 	0 	0.0 	0.0 	0 	0.0 	0.0 	0.0 	0.0 	0.0 	0.0 	-		Cleveland Browns	Las Vegas Raiders	0 	0.0 	10 	0.1 	2.2 	18 	0.1 	0.0 	0.0 	0.0 	0.0 	5.9 	RB48		Cleveland Browns	Cincinnati Bengals	0 	0.0 	9 	0.1 	2.3 	19 	0.1 	0.0 	0.0 	0.0 	0.0 	5.9 	RB43		Cleveland Browns	Atlanta Falcons	0 	0.0 	10 	0.1 	2.2 	18 	0.1 	0.0 	0.0 	0.0 	0.0 	5.9 	RB45		Cleveland Browns	New York Giants	0 	0.0 	8 	0.1 	2.2 	18 	0.1 	0.0 	0.0 	0.0 	0.0 	5.6 	RB49		Cleveland Browns	Baltimore Ravens	0 	0.0 	7 	0.0 	2.3 	18 	0.1 	0.0 	0.0 	0.0 	0.0 	5.5 	RB51		Cleveland Browns	Indianapolis Colts	0 	0.0 	9 	0.1 	2.3 	18 	0.1 	0.0 	0.0 	0.0 	0.0 	5.9 	RB49		Actual	Actual	Actual	Actual	Forecast	Forecast	Forecast	Forecast	Forecast	Forecast	Forecast	Forecast	Forecast	Forecast	Forecast	Forecast	Forecast		Healthy	Injured	Healthy	Healthy	Healthy	Healthy	Healthy	Healthy	Healthy	Healthy	Healthy	Healthy	Healthy	Healthy	Healthy	Healthy	Healthy		Week 5 2026	10/8/2026	8:57:03 PM	20		8%	6%	9%	10%	0%	0%		(0.0)	1	0	0	0	0	
	Khalil Shakir	Buffalo Bills	WR	WR59	7.6 	121 	0 	0.0 	0.0 	0.0 	17 	1.1 	0.0 	0.0 	49.9 	3.1 	573 	35.8 	2.4 	0.2 	0.0 	1.1 	0.0 	0.307 	1.000 	0.410 	(0)	0.000 	0.000 	149 	147 	(2)	59 	57 	(2)	0.231 				-	-		-	-		-	-		-	-		9.0 	6.8 	1.6 	13.2 	7.7 	7.7 	0.0 	7.7 	7.6 	7.3 	7.5 	7.7 	7.4 	7.5 	7.8 	7.3 	7.4 		WR38	WR46	WR86	WR26	WR54	WR51	-	WR55	WR61	WR59	WR54	WR61	WR59	WR62	WR60	WR69	WR66		WR59	7.6 	0.0 	0.0 	1.4 	0.0 	2.9 	33.1 	0.2 	59 	0.325 	1.000 	0.410 	(0)	0.000 	0.000 	154 	0.233 		91 		-	-		-	-		-	-		-	-		WR58	7.7 	0.0 	0.0 	4.3 	0.0 	8.7 	99.3 	0.6 	58 	0.262 	1.000 	0.420 	(0)	0.000 	0.000 	#N/A	0.228 		30.6 		-	-		-	-		-	-		-	-					Buffalo Bills	Houston Texans	0 	0.0 	0 	0.0 	4.0 	50 	0.0 	0.0 	0.0 	0.0 	0.0 	9.0 	WR38		Buffalo Bills	Detroit Lions	0 	0.0 	0 	0.0 	3.0 	38 	0.0 	0.0 	0.0 	0.0 	0.0 	6.8 	WR46		Buffalo Bills	Los Angeles Chargers	0 	0.0 	0 	0.0 	1.0 	6 	0.0 	0.0 	0.0 	0.0 	0.0 	1.6 	WR86		Buffalo Bills	New England Patriots	0 	0.0 	0 	0.0 	7.0 	82 	0.0 	0.0 	1.0 	0.0 	0.0 	13.2 	WR26		Buffalo Bills	Los Angeles Rams	0 	0.0 	1 	0.0 	3.0 	34 	0.2 	0.0 	0.0 	0.0 	0.0 	7.7 	WR54		Buffalo Bills	Las Vegas Raiders	0 	0.0 	1 	0.0 	2.9 	34 	0.2 	0.0 	0.0 	0.0 	0.0 	7.7 	WR51		Buffalo Bills	BYE	0 	0.0 	0 	0.0 	0.0 	0 	0.0 	0.0 	0.0 	0.0 	0.0 	0.0 	-		Buffalo Bills	Baltimore Ravens	0 	0.0 	1 	0.0 	3.0 	34 	0.2 	0.0 	0.0 	0.0 	0.0 	7.7 	WR55		Buffalo Bills	Minnesota Vikings	0 	0.0 	1 	0.0 	2.9 	33 	0.2 	0.0 	0.0 	0.0 	0.0 	7.6 	WR61		Buffalo Bills	New York Jets	0 	0.0 	2 	0.0 	2.8 	32 	0.2 	0.0 	0.0 	0.0 	0.0 	7.3 	WR59		Buffalo Bills	Miami Dolphins	0 	0.0 	2 	0.0 	2.9 	33 	0.2 	0.0 	0.0 	0.0 	0.0 	7.5 	WR54		Buffalo Bills	Kansas City Chiefs	0 	0.0 	1 	0.0 	2.9 	34 	0.2 	0.0 	0.0 	0.0 	0.0 	7.7 	WR61		Buffalo Bills	New England Patriots	0 	0.0 	1 	0.0 	2.9 	33 	0.2 	0.0 	0.0 	0.0 	0.0 	7.4 	WR59		Buffalo Bills	Green Bay Packers	0 	0.0 	1 	0.0 	2.9 	33 	0.2 	0.0 	0.0 	0.0 	0.0 	7.5 	WR62		Buffalo Bills	Chicago Bears	0 	0.0 	1 	0.0 	3.0 	34 	0.2 	0.0 	0.0 	0.0 	0.0 	7.8 	WR60		Buffalo Bills	Denver Broncos	0 	0.0 	1 	0.0 	2.8 	32 	0.2 	0.0 	0.0 	0.0 	0.0 	7.3 	WR69		Buffalo Bills	Miami Dolphins	0 	0.0 	2 	0.0 	2.8 	32 	0.2 	0.0 	0.0 	0.0 	0.0 	7.4 	WR66		Actual	Actual	Actual	Actual	Forecast	Forecast	Forecast	Forecast	Forecast	Forecast	Forecast	Forecast	Forecast	Forecast	Forecast	Forecast	Forecast		Healthy	Healthy	Healthy	Healthy	Healthy	Healthy	Healthy	Healthy	Healthy	Healthy	Healthy	Healthy	Healthy	Healthy	Healthy	Healthy	Healthy		Week 5 2026	10/8/2026	8:57:03 PM	20		15%	15%	1%	0%	0%	0%		0.0 	0	0	0	0	0	0.004929 
	Courtland Sutton	Denver Broncos	WR	WR58	7.6 	121 	0 	0.0 	0.0 	0.0 	0 	0.0 	0.0 	0.0 	50.6 	3.2 	518 	32.4 	3.2 	0.2 	0.0 	0.1 	0.0 	0.307 	1.000 	0.420 	(0)	0.000 	0.000 	147 	77 	(70)	58 	33 	(25)	0.235 				-	-		-	-		-	-		-	-		3.1 	5.5 	7.6 	1.4 	8.8 	8.5 	8.9 	8.7 	8.8 	0.0 	8.7 	8.3 	8.7 	8.5 	8.6 	8.9 	8.4 		WR81	WR57	WR48	WR77	WR49	WR47	WR48	WR49	WR50	-	WR45	WR57	WR50	WR52	WR55	WR54	WR55		WR55	8.7 	0.0 	0.0 	0.0 	0.0 	3.5 	36.0 	0.3 	55 	0.372 	1.000 	0.450 	0 	0.000 	0.000 	144 	0.258 		104 		-	-		-	-		-	-		-	-		WR89	4.4 	0.0 	0.0 	0.0 	0.0 	10.4 	108.1 	0.8 	89 	0.151 	1.000 	0.110 	(1)	0.000 	0.000 	#N/A	0.072 		17.6 		-	-		-	-		-	-		-	-					Denver Broncos	Kansas City Chiefs	0 	0.0 	0 	0.0 	2.0 	11 	0.0 	0.0 	0.0 	0.0 	0.0 	3.1 	WR81		Denver Broncos	Jacksonville Jaguars	0 	0.0 	0 	0.0 	3.0 	25 	0.0 	0.0 	0.0 	0.0 	0.0 	5.5 	WR57		Denver Broncos	Los Angeles Rams	0 	0.0 	0 	0.0 	3.0 	46 	0.0 	0.0 	0.0 	0.0 	0.0 	7.6 	WR48		Denver Broncos	San Francisco 49ers	0 	0.0 	0 	0.0 	1.0 	4 	0.0 	0.0 	0.0 	0.0 	0.0 	1.4 	WR77		Denver Broncos	Los Angeles Chargers	0 	0.0 	0 	0.0 	3.5 	37 	0.3 	0.0 	0.0 	0.0 	0.0 	8.8 	WR49		Denver Broncos	Seattle Seahawks	0 	0.0 	0 	0.0 	3.5 	36 	0.2 	0.0 	0.0 	0.0 	0.0 	8.5 	WR47		Denver Broncos	Arizona Cardinals	0 	0.0 	0 	0.0 	3.5 	36 	0.3 	0.0 	0.0 	0.0 	0.0 	8.9 	WR48		Denver Broncos	Kansas City Chiefs	0 	0.0 	0 	0.0 	3.5 	36 	0.3 	0.0 	0.0 	0.0 	0.0 	8.7 	WR49		Denver Broncos	Carolina Panthers	0 	0.0 	0 	0.0 	3.5 	36 	0.3 	0.0 	0.0 	0.0 	0.0 	8.8 	WR50		Denver Broncos	BYE	0 	0.0 	0 	0.0 	0.0 	0 	0.0 	0.0 	0.0 	0.0 	0.0 	0.0 	-		Denver Broncos	Las Vegas Raiders	0 	0.0 	0 	0.0 	3.4 	36 	0.3 	0.0 	0.0 	0.0 	0.0 	8.7 	WR45		Denver Broncos	Pittsburgh Steelers	0 	0.0 	0 	0.0 	3.4 	35 	0.2 	0.0 	0.0 	0.0 	0.0 	8.3 	WR57		Denver Broncos	Miami Dolphins	0 	0.0 	0 	0.0 	3.4 	36 	0.3 	0.0 	0.0 	0.0 	0.0 	8.7 	WR50		Denver Broncos	New York Jets	0 	0.0 	0 	0.0 	3.4 	35 	0.3 	0.0 	0.0 	0.0 	0.0 	8.5 	WR52		Denver Broncos	Las Vegas Raiders	0 	0.0 	0 	0.0 	3.4 	36 	0.3 	0.0 	0.0 	0.0 	0.0 	8.6 	WR55		Denver Broncos	Buffalo Bills	0 	0.0 	0 	0.0 	3.6 	37 	0.3 	0.0 	0.0 	0.0 	0.0 	8.9 	WR54		Denver Broncos	New England Patriots	0 	0.0 	0 	0.0 	3.4 	36 	0.2 	0.0 	0.0 	0.0 	0.0 	8.4 	WR55		Actual	Actual	Actual	Actual	Forecast	Forecast	Forecast	Forecast	Forecast	Forecast	Forecast	Forecast	Forecast	Forecast	Forecast	Forecast	Forecast		Healthy	Healthy	Healthy	Healthy	Healthy	Healthy	Healthy	Healthy	Healthy	Healthy	Healthy	Healthy	Healthy	Healthy	Healthy	Healthy	Healthy		Week 5 2026	10/8/2026	8:57:03 PM	20		16%	18%	0%	0%	0%	0%		0.2 	0	0	0	0	0	0.186298 
	Justin Herbert	Los Angeles Chargers	QB	QB26	14.5 	231 	3,253 	203.3 	21.6 	1.3 	356 	22.3 	1.6 	0.1 	0.0 	0.0 	0 	0.0 	0.0 	0.0 	13.4 	1.9 	0.0 	0.585 	0.460 	0.213 	0 	0.176 	0.000 	166 	84 	(82)	23 	9 	(14)	0.196 				-	-		-	-		-	-		-	-		13.3 	7.9 	12.7 	9.6 	14.3 	14.4 	0.0 	15.7 	15.5 	15.5 	15.9 	15.7 	16.2 	16.0 	16.4 	16.5 	15.7 		QB22	QB27	QB23	QB27	QB22	QB22	-	QB16	QB22	QB16	QB16	QB19	QB14	QB18	QB12	QB9	QB16		QB18	15.7 	203.1 	1.5 	22.4 	0.1 	0.0 	0.0 	0.0 	17 	0.673 	0.460 	0.292 	1 	0.419 	0.000 	112 	0.352 		188 		-	-		-	-		-	-		-	-		QB24	10.9 	609.3 	4.4 	67.1 	0.4 	0.0 	0.0 	0.0 	24 	0.372 	0.460 	0.200 	(0)	0.000 	0.000 	#N/A	0.106 		43.4 		-	-		-	-		-	-		-	-					Los Angeles Chargers	Arizona Cardinals	209 	1.0 	29 	0.0 	0.0 	0 	0.0 	1.0 	0.0 	0.0 	0.0 	13.3 	QB22		Los Angeles Chargers	Las Vegas Raiders	192 	1.0 	2 	0.0 	0.0 	0 	0.0 	2.0 	0.0 	0.0 	0.0 	7.9 	QB27		Los Angeles Chargers	Buffalo Bills	226 	1.0 	17 	0.0 	0.0 	0 	0.0 	1.0 	0.0 	0.0 	0.0 	12.7 	QB23		Los Angeles Chargers	Seattle Seahawks	189 	1.0 	40 	0.0 	0.0 	0 	0.0 	2.0 	1.0 	0.0 	0.0 	9.6 	QB27		Los Angeles Chargers	Denver Broncos	199 	1.3 	20 	0.1 	0.0 	0 	0.0 	0.6 	0.1 	0.0 	0.0 	14.3 	QB22		Los Angeles Chargers	Kansas City Chiefs	206 	1.3 	18 	0.1 	0.0 	0 	0.0 	0.6 	0.1 	0.0 	0.0 	14.4 	QB22		Los Angeles Chargers	BYE	0 	0.0 	0 	0.0 	0.0 	0 	0.0 	0.0 	0.0 	0.0 	0.0 	0.0 	-		Los Angeles Chargers	Los Angeles Rams	209 	1.5 	21 	0.1 	0.0 	0 	0.0 	0.6 	0.1 	0.0 	0.0 	15.7 	QB16		Los Angeles Chargers	Houston Texans	201 	1.4 	23 	0.1 	0.0 	0 	0.0 	0.6 	0.1 	0.0 	0.0 	15.5 	QB22		Los Angeles Chargers	Baltimore Ravens	207 	1.4 	20 	0.1 	0.0 	0 	0.0 	0.6 	0.1 	0.0 	0.0 	15.5 	QB16		Los Angeles Chargers	New York Jets	194 	1.5 	26 	0.2 	0.0 	0 	0.0 	0.6 	0.1 	0.0 	0.0 	15.9 	QB16		Los Angeles Chargers	New England Patriots	203 	1.5 	23 	0.1 	0.0 	0 	0.0 	0.6 	0.1 	0.0 	0.0 	15.7 	QB19		Los Angeles Chargers	Tampa Bay Buccaneers	206 	1.5 	23 	0.1 	0.0 	0 	0.0 	0.6 	0.1 	0.0 	0.0 	16.2 	QB14		Los Angeles Chargers	Las Vegas Raiders	201 	1.5 	24 	0.2 	0.0 	0 	0.0 	0.6 	0.1 	0.0 	0.0 	16.0 	QB18		Los Angeles Chargers	San Francisco 49ers	208 	1.6 	23 	0.1 	0.0 	0 	0.0 	0.6 	0.1 	0.0 	0.0 	16.4 	QB12		Los Angeles Chargers	Miami Dolphins	201 	1.6 	26 	0.2 	0.0 	0 	0.0 	0.6 	0.1 	0.0 	0.0 	16.5 	QB9		Los Angeles Chargers	Kansas City Chiefs	203 	1.5 	23 	0.1 	0.0 	0 	0.0 	0.6 	0.1 	0.0 	0.0 	15.7 	QB16		Actual	Actual	Actual	Actual	Forecast	Forecast	Forecast	Forecast	Forecast	Forecast	Forecast	Forecast	Forecast	Forecast	Forecast	Forecast	Forecast		Healthy	Healthy	Healthy	Healthy	Healthy	Healthy	Healthy	Healthy	Healthy	Healthy	Healthy	Healthy	Healthy	Healthy	Healthy	Healthy	Healthy		Week 5 2026	10/8/2026	8:57:03 PM	20		0%	0%	17%	15%	95%	95%		0.2 	0	0	0	0	0	0.245922 
	Jaylen Wright	Miami Dolphins	RB	RB50	5.1 	77 	0 	0.0 	0.0 	0.0 	327 	21.8 	2.7 	0.2 	16.1 	1.1 	105 	7.0 	0.6 	0.0 	0.0 	0.9 	0.0 	0.194 	1.000 	0.392 	(1)	0.000 	0.000 	161 	249 	88 	50 	69 	19 	0.206 																(0.1)	1.1 	0.0 	0.7 	5.7 	0.0 	6.6 	6.3 	6.5 	6.5 	6.0 	6.9 	5.7 	6.5 	5.9 	6.3 	6.3 		RB79	RB62	-	RB59	RB42	-	RB35	RB39	RB42	RB37	RB37	RB41	RB44	RB41	RB46	RB43	RB47		RB44	6.3 	0.0 	0.0 	25.8 	0.2 	1.3 	8.7 	0.0 	44 	0.269 	1.000 	0.468 	(0)	0.000 	0.000 	146 	0.251 		75 		-	-		-	-		-	-		-	-		RB90	0.9 	0.0 	0.0 	154.8 	1.3 	8.0 	52.3 	0.3 	90 	0.015 	1.000 	0.000 	(1)	0.000 	0.000 	#N/A	0.002 		1.7 		-	-		-	-		-	-		-	-					Miami Dolphins	Las Vegas Raiders	0 	0.0 	(1)	0.0 	0.0 	0 	0.0 	0.0 	0.0 	0.0 	0.0 	(0.1)	RB79		Miami Dolphins	San Francisco 49ers	0 	0.0 	11 	0.0 	0.0 	0 	0.0 	0.0 	0.0 	0.0 	0.0 	1.1 	RB62		Miami Dolphins	Kansas City Chiefs	0 	0.0 	0 	0.0 	0.0 	0 	0.0 	0.0 	0.0 	0.0 	0.0 	0.0 	-		Miami Dolphins	Minnesota Vikings	0 	0.0 	7 	0.0 	0.0 	0 	0.0 	0.0 	0.0 	0.0 	0.0 	0.7 	RB59		Miami Dolphins	Cincinnati Bengals	0 	0.0 	24 	0.2 	1.2 	8 	0.0 	0.0 	0.1 	0.0 	0.0 	5.7 	RB42		Miami Dolphins	BYE	0 	0.0 	0 	0.0 	0.0 	0 	0.0 	0.0 	0.0 	0.0 	0.0 	0.0 	-		Miami Dolphins	New York Jets	0 	0.0 	28 	0.2 	1.3 	8 	0.0 	0.0 	0.1 	0.0 	0.0 	6.6 	RB35		Miami Dolphins	New England Patriots	0 	0.0 	26 	0.2 	1.4 	9 	0.0 	0.0 	0.1 	0.0 	0.0 	6.3 	RB39		Miami Dolphins	Detroit Lions	0 	0.0 	26 	0.2 	1.4 	9 	0.1 	0.0 	0.1 	0.0 	0.0 	6.5 	RB42		Miami Dolphins	Indianapolis Colts	0 	0.0 	26 	0.2 	1.4 	9 	0.1 	0.0 	0.1 	0.0 	0.0 	6.5 	RB37		Miami Dolphins	Buffalo Bills	0 	0.0 	24 	0.2 	1.3 	9 	0.0 	0.0 	0.1 	0.0 	0.0 	6.0 	RB37		Miami Dolphins	New York Jets	0 	0.0 	30 	0.3 	1.3 	8 	0.1 	0.0 	0.1 	0.0 	0.0 	6.9 	RB41		Miami Dolphins	Denver Broncos	0 	0.0 	23 	0.2 	1.3 	9 	0.0 	0.0 	0.1 	0.0 	0.0 	5.7 	RB44		Miami Dolphins	Chicago Bears	0 	0.0 	26 	0.2 	1.4 	9 	0.1 	0.0 	0.1 	0.0 	0.0 	6.5 	RB41		Miami Dolphins	Green Bay Packers	0 	0.0 	24 	0.2 	1.3 	9 	0.0 	0.0 	0.1 	0.0 	0.0 	5.9 	RB46		Miami Dolphins	Los Angeles Chargers	0 	0.0 	26 	0.2 	1.4 	9 	0.0 	0.0 	0.1 	0.0 	0.0 	6.3 	RB43		Miami Dolphins	Buffalo Bills	0 	0.0 	25 	0.2 	1.4 	9 	0.1 	0.0 	0.1 	0.0 	0.0 	6.3 	RB47		Actual	Actual	Actual	Actual	Forecast	Forecast	Forecast	Forecast	Forecast	Forecast	Forecast	Forecast	Forecast	Forecast	Forecast	Forecast	Forecast		Healthy	Healthy	Injured	Healthy	Limited / Handicapped	Healthy	Healthy	Healthy	Healthy	Healthy	Healthy	Healthy	Healthy	Healthy	Healthy	Healthy	Healthy		Week 5 2026	10/8/2026	8:57:03 PM	20		4%	4%	25%	28%	0%	0%		0.2 	0	1	0	0	0	
	Elic Ayomanor	Tennessee Titans	WR	WR65	7.0 	112 	0 	0.0 	0.0 	0.0 	0 	0.0 	0.0 	0.0 	35.2 	2.2 	547 	34.2 	3.7 	0.2 	0.0 	0.1 	0.0 	0.284 	1.000 	0.350 	(0)	0.000 	0.000 	163 	309 	146 	65 	103 	38 	0.200 																8.1 	8.9 	2.1 	3.2 	6.8 	7.4 	7.3 	7.8 	0.0 	7.5 	7.7 	7.5 	7.6 	7.7 	7.7 	7.3 	7.3 		WR47	WR32	WR82	WR68	WR62	WR56	WR55	WR54	-	WR57	WR49	WR65	WR55	WR55	WR62	WR68	WR69		WR62	7.5 	0.0 	0.0 	0.0 	0.0 	2.5 	36.2 	0.2 	62 	0.322 	1.000 	0.380 	(0)	0.000 	0.000 	163 	0.219 		90 		-	-		-	-		-	-		-	-		WR78	5.6 	0.0 	0.0 	0.0 	0.0 	7.5 	108.6 	0.7 	78 	0.191 	1.000 	0.220 	(0)	0.000 	0.000 	#N/A	0.128 		22.3 		-	-		-	-		-	-		-	-					Tennessee Titans	New York Jets	0 	0.0 	0 	0.0 	1.0 	11 	1.0 	0.0 	0.0 	0.0 	0.0 	8.1 	WR47		Tennessee Titans	Philadelphia Eagles	0 	0.0 	0 	0.0 	2.0 	69 	0.0 	0.0 	0.0 	0.0 	0.0 	8.9 	WR32		Tennessee Titans	New York Giants	0 	0.0 	0 	0.0 	1.0 	11 	0.0 	0.0 	0.0 	0.0 	0.0 	2.1 	WR82		Tennessee Titans	Baltimore Ravens	0 	0.0 	0 	0.0 	1.0 	22 	0.0 	0.0 	0.0 	0.0 	0.0 	3.2 	WR68		Tennessee Titans	Houston Texans	0 	0.0 	0 	0.0 	2.4 	34 	0.2 	0.0 	0.0 	0.0 	0.0 	6.8 	WR62		Tennessee Titans	Indianapolis Colts	0 	0.0 	0 	0.0 	2.5 	36 	0.2 	0.0 	0.0 	0.0 	0.0 	7.4 	WR56		Tennessee Titans	Cleveland Browns	0 	0.0 	0 	0.0 	2.4 	35 	0.2 	0.0 	0.0 	0.0 	0.0 	7.3 	WR55		Tennessee Titans	Cincinnati Bengals	0 	0.0 	0 	0.0 	2.6 	38 	0.2 	0.0 	0.0 	0.0 	0.0 	7.8 	WR54		Tennessee Titans	BYE	0 	0.0 	0 	0.0 	0.0 	0 	0.0 	0.0 	0.0 	0.0 	0.0 	0.0 	-		Tennessee Titans	Jacksonville Jaguars	0 	0.0 	0 	0.0 	2.5 	36 	0.2 	0.0 	0.0 	0.0 	0.0 	7.5 	WR57		Tennessee Titans	Dallas Cowboys	0 	0.0 	0 	0.0 	2.6 	37 	0.2 	0.0 	0.0 	0.0 	0.0 	7.7 	WR49		Tennessee Titans	Jacksonville Jaguars	0 	0.0 	0 	0.0 	2.5 	37 	0.2 	0.0 	0.0 	0.0 	0.0 	7.5 	WR65		Tennessee Titans	Washington Commanders	0 	0.0 	0 	0.0 	2.5 	37 	0.2 	0.0 	0.0 	0.0 	0.0 	7.6 	WR55		Tennessee Titans	Detroit Lions	0 	0.0 	0 	0.0 	2.6 	37 	0.2 	0.0 	0.0 	0.0 	0.0 	7.7 	WR55		Tennessee Titans	Indianapolis Colts	0 	0.0 	0 	0.0 	2.6 	37 	0.2 	0.0 	0.0 	0.0 	0.0 	7.7 	WR62		Tennessee Titans	Las Vegas Raiders	0 	0.0 	0 	0.0 	2.5 	35 	0.2 	0.0 	0.0 	0.0 	0.0 	7.3 	WR68		Tennessee Titans	Pittsburgh Steelers	0 	0.0 	0 	0.0 	2.5 	35 	0.2 	0.0 	0.0 	0.0 	0.0 	7.3 	WR69		Actual	Actual	Actual	Actual	Forecast	Forecast	Forecast	Forecast	Forecast	Forecast	Forecast	Forecast	Forecast	Forecast	Forecast	Forecast	Forecast		Healthy	Healthy	Healthy	Healthy	Healthy	Healthy	Healthy	Healthy	Healthy	Healthy	Healthy	Healthy	Healthy	Healthy	Healthy	Healthy	Healthy		Week 5 2026	10/8/2026	8:57:03 PM	20		16%	16%	0%	0%	0%	0%		0.1 	0	0	0	0	0	0.091555 
	Zach Charbonnet	Seattle Seahawks	RB	RB53	6.4 	71 	0 	0.0 	0.0 	0.0 	407 	37.0 	4.2 	0.4 	3.7 	0.3 	26 	2.4 	0.2 	0.0 	0.0 	1.2 	0.0 	0.179 	1.000 	0.354 	(0)	0.000 	0.000 	171 	145 	(26)	53 	48 	(5)	0.186 				-	-		-	-		-	-		-	-		0.0 	0.0 	0.0 	0.0 	0.0 	5.4 	6.1 	6.7 	7.9 	6.8 	0.0 	6.1 	6.8 	7.1 	5.4 	6.2 	6.4 		-	-	-	-	-	RB42	RB37	RB35	RB35	RB36	-	RB46	RB40	RB39	RB51	RB45	RB46		RB47	6.4 	0.0 	0.0 	37.0 	0.4 	0.3 	2.4 	0.0 	47 	0.254 	1.000 	0.430 	(0)	0.000 	0.000 	156 	0.232 		71 		-	-		-	-		-	-		-	-		-	0.0 	0.0 	0.0 	0.0 	0.0 	0.0 	0.0 	0.0 	#N/A	0.000 	1.000 	#N/A	(1)	0.000 	0.000 	#N/A	#N/A		0.0 		-	-		-	-		-	-		-	-					Seattle Seahawks	New England Patriots	0 	0.0 	0 	0.0 	0.0 	0 	0.0 	0.0 	0.0 	0.0 	0.0 	0.0 	-		Seattle Seahawks	Arizona Cardinals	0 	0.0 	0 	0.0 	0.0 	0 	0.0 	0.0 	0.0 	0.0 	0.0 	0.0 	-		Seattle Seahawks	Washington Commanders	0 	0.0 	0 	0.0 	0.0 	0 	0.0 	0.0 	0.0 	0.0 	0.0 	0.0 	-		Seattle Seahawks	Los Angeles Chargers	0 	0.0 	0 	0.0 	0.0 	0 	0.0 	0.0 	0.0 	0.0 	0.0 	0.0 	-		Seattle Seahawks	San Francisco 49ers	0 	0.0 	0 	0.0 	0.0 	0 	0.0 	0.0 	0.0 	0.0 	0.0 	0.0 	-		Seattle Seahawks	Denver Broncos	0 	0.0 	32 	0.3 	0.3 	2 	0.0 	0.0 	0.1 	0.0 	0.0 	5.4 	RB42		Seattle Seahawks	Kansas City Chiefs	0 	0.0 	35 	0.4 	0.3 	2 	0.0 	0.0 	0.1 	0.0 	0.0 	6.1 	RB37		Seattle Seahawks	Chicago Bears	0 	0.0 	38 	0.4 	0.3 	2 	0.0 	0.0 	0.1 	0.0 	0.0 	6.7 	RB35		Seattle Seahawks	Arizona Cardinals	0 	0.0 	44 	0.5 	0.3 	2 	0.0 	0.0 	0.1 	0.0 	0.0 	7.9 	RB35		Seattle Seahawks	Las Vegas Raiders	0 	0.0 	39 	0.4 	0.3 	2 	0.0 	0.0 	0.1 	0.0 	0.0 	6.8 	RB36		Seattle Seahawks	BYE	0 	0.0 	0 	0.0 	0.0 	0 	0.0 	0.0 	0.0 	0.0 	0.0 	0.0 	-		Seattle Seahawks	San Francisco 49ers	0 	0.0 	35 	0.4 	0.3 	2 	0.0 	0.0 	0.1 	0.0 	0.0 	6.1 	RB46		Seattle Seahawks	Dallas Cowboys	0 	0.0 	38 	0.4 	0.3 	2 	0.0 	0.0 	0.1 	0.0 	0.0 	6.8 	RB40		Seattle Seahawks	New York Giants	0 	0.0 	40 	0.4 	0.3 	2 	0.0 	0.0 	0.1 	0.0 	0.0 	7.1 	RB39		Seattle Seahawks	Philadelphia Eagles	0 	0.0 	32 	0.3 	0.3 	2 	0.0 	0.0 	0.1 	0.0 	0.0 	5.4 	RB51		Seattle Seahawks	Los Angeles Rams	0 	0.0 	35 	0.4 	0.3 	2 	0.0 	0.0 	0.1 	0.0 	0.0 	6.2 	RB45		Seattle Seahawks	Carolina Panthers	0 	0.0 	37 	0.4 	0.3 	2 	0.0 	0.0 	0.1 	0.0 	0.0 	6.4 	RB46		Actual	Actual	Actual	Actual	Forecast	Forecast	Forecast	Forecast	Forecast	Forecast	Forecast	Forecast	Forecast	Forecast	Forecast	Forecast	Forecast		Injured	Injured	Injured	Injured	Injured	Limited / Handicapped	Healthy	Healthy	Healthy	Healthy	Healthy	Healthy	Healthy	Healthy	Healthy	Healthy	Healthy		Week 5 2026	10/8/2026	8:57:03 PM	20		1%	1%	33%	43%	0%	0%		0.2 	1	1	1	1	0	
	Malachi Fields	New York Giants	WR	WR64	7.2 	115 	0 	0.0 	0.0 	0.0 	0 	0.0 	0.0 	0.0 	39.9 	2.5 	550 	34.4 	3.3 	0.2 	0.0 	0.1 	0.0 	0.290 	1.000 	0.360 	(0)	0.000 	0.000 	162 	228 	66 	64 	74 	10 	0.205 				-	-		-	-		-	-		-	-		4.5 	5.0 	3.9 	13.2 	7.2 	7.3 	7.2 	0.0 	7.3 	7.5 	7.4 	7.4 	7.3 	7.3 	7.0 	7.6 	7.6 		WR71	WR62	WR69	WR27	WR57	WR58	WR56	-	WR64	WR55	WR56	WR66	WR60	WR65	WR71	WR63	WR63		WR65	7.3 	0.0 	0.0 	0.0 	0.0 	2.7 	35.3 	0.2 	65 	0.315 	1.000 	0.350 	(0)	0.000 	0.000 	168 	0.205 		88 		-	-		-	-		-	-		-	-		WR68	6.7 	0.0 	0.0 	0.0 	0.0 	8.0 	105.9 	0.6 	68 	0.228 	1.000 	0.320 	(0)	0.000 	0.000 	#N/A	0.178 		26.6 		-	-		-	-		-	-		-	-					New York Giants	Dallas Cowboys	0 	0.0 	0 	0.0 	2.0 	25 	0.0 	0.0 	0.0 	0.0 	0.0 	4.5 	WR71		New York Giants	Los Angeles Rams	0 	0.0 	0 	0.0 	2.0 	30 	0.0 	0.0 	0.0 	0.0 	0.0 	5.0 	WR62		New York Giants	Tennessee Titans	0 	0.0 	0 	0.0 	2.0 	19 	0.0 	0.0 	0.0 	0.0 	0.0 	3.9 	WR69		New York Giants	Arizona Cardinals	0 	0.0 	0 	0.0 	2.0 	52 	1.0 	0.0 	0.0 	0.0 	0.0 	13.2 	WR27		New York Giants	Washington Commanders	0 	0.0 	0 	0.0 	2.6 	35 	0.2 	0.0 	0.0 	0.0 	0.0 	7.2 	WR57		New York Giants	New Orleans Saints	0 	0.0 	0 	0.0 	2.6 	35 	0.2 	0.0 	0.0 	0.0 	0.0 	7.3 	WR58		New York Giants	Houston Texans	0 	0.0 	0 	0.0 	2.6 	35 	0.2 	0.0 	0.0 	0.0 	0.0 	7.2 	WR56		New York Giants	BYE	0 	0.0 	0 	0.0 	0.0 	0 	0.0 	0.0 	0.0 	0.0 	0.0 	0.0 	-		New York Giants	Philadelphia Eagles	0 	0.0 	0 	0.0 	2.7 	35 	0.2 	0.0 	0.0 	0.0 	0.0 	7.3 	WR64		New York Giants	Washington Commanders	0 	0.0 	0 	0.0 	2.7 	36 	0.2 	0.0 	0.0 	0.0 	0.0 	7.5 	WR55		New York Giants	Jacksonville Jaguars	0 	0.0 	0 	0.0 	2.7 	35 	0.2 	0.0 	0.0 	0.0 	0.0 	7.4 	WR56		New York Giants	Indianapolis Colts	0 	0.0 	0 	0.0 	2.7 	35 	0.2 	0.0 	0.0 	0.0 	0.0 	7.4 	WR66		New York Giants	San Francisco 49ers	0 	0.0 	0 	0.0 	2.6 	35 	0.2 	0.0 	0.0 	0.0 	0.0 	7.3 	WR60		New York Giants	Seattle Seahawks	0 	0.0 	0 	0.0 	2.7 	36 	0.2 	0.0 	0.0 	0.0 	0.0 	7.3 	WR65		New York Giants	Cleveland Browns	0 	0.0 	0 	0.0 	2.5 	34 	0.2 	0.0 	0.0 	0.0 	0.0 	7.0 	WR71		New York Giants	Detroit Lions	0 	0.0 	0 	0.0 	2.7 	36 	0.2 	0.0 	0.0 	0.0 	0.0 	7.6 	WR63		New York Giants	Dallas Cowboys	0 	0.0 	0 	0.0 	2.7 	36 	0.2 	0.0 	0.0 	0.0 	0.0 	7.6 	WR63		Actual	Actual	Actual	Actual	Forecast	Forecast	Forecast	Forecast	Forecast	Forecast	Forecast	Forecast	Forecast	Forecast	Forecast	Forecast	Forecast		Healthy	Healthy	Healthy	Healthy	Healthy	Healthy	Healthy	Healthy	Healthy	Healthy	Healthy	Healthy	Healthy	Healthy	Healthy	Healthy	Healthy		Week 5 2026	10/8/2026	8:57:03 PM	20		17%	14%	0%	0%	0%	0%		0.0 	0	0	0	0	0	0.026568 
	Jacoby Brissett	Arizona Cardinals	QB	QB25	14.6 	233 	3,509 	219.3 	23.3 	1.5 	160 	10.0 	1.4 	0.1 	0.0 	0.0 	0 	0.0 	0.0 	0.0 	11.7 	0.9 	0.0 	0.589 	0.460 	0.227 	0 	0.186 	0.000 	160 	220 	60 	22 	26 	4 	0.207 																16.5 	6.5 	25.6 	10.4 	16.9 	15.3 	14.0 	14.3 	13.1 	14.3 	13.3 	15.2 	13.8 	0.0 	14.7 	14.5 	14.5 		QB15	QB28	QB4	QB25	QB8	QB15	QB25	QB25	QB27	QB25	QB24	QB24	QB26	-	QB26	QB27	QB27		QB27	14.5 	224.3 	1.4 	9.7 	0.0 	0.0 	0.0 	0.0 	26 	0.623 	0.460 	0.172 	0 	0.301 	0.000 	155 	0.232 		174 		-	-		-	-		-	-		-	-		QB19	14.8 	672.8 	4.3 	29.2 	0.1 	0.0 	0.0 	0.0 	19 	0.506 	0.460 	0.266 	0 	0.177 	0.000 	#N/A	0.224 		59.0 		-	-		-	-		-	-		-	-					Arizona Cardinals	Los Angeles Chargers	277 	1.0 	14 	0.0 	0.0 	0 	0.0 	0.0 	0.0 	0.0 	0.0 	16.5 	QB15		Arizona Cardinals	Seattle Seahawks	95 	1.0 	7 	0.0 	0.0 	0 	0.0 	1.0 	0.0 	0.0 	0.0 	6.5 	QB28		Arizona Cardinals	San Francisco 49ers	280 	2.0 	4 	1.0 	0.0 	0 	0.0 	0.0 	0.0 	0.0 	0.0 	25.6 	QB4		Arizona Cardinals	New York Giants	166 	2.0 	18 	0.0 	0.0 	0 	0.0 	3.0 	0.0 	0.0 	0.0 	10.4 	QB25		Arizona Cardinals	Detroit Lions	241 	1.8 	11 	0.0 	0.0 	0 	0.0 	0.6 	0.1 	0.0 	0.0 	16.9 	QB8		Arizona Cardinals	Los Angeles Rams	233 	1.6 	9 	0.0 	0.0 	0 	0.0 	0.6 	0.1 	0.0 	0.0 	15.3 	QB15		Arizona Cardinals	Denver Broncos	223 	1.4 	9 	0.0 	0.0 	0 	0.0 	0.6 	0.1 	0.0 	0.0 	14.0 	QB25		Arizona Cardinals	Dallas Cowboys	225 	1.4 	9 	0.0 	0.0 	0 	0.0 	0.6 	0.1 	0.0 	0.0 	14.3 	QB25		Arizona Cardinals	Seattle Seahawks	215 	1.2 	9 	0.0 	0.0 	0 	0.0 	0.6 	0.1 	0.0 	0.0 	13.1 	QB27		Arizona Cardinals	Los Angeles Rams	225 	1.4 	9 	0.0 	0.0 	0 	0.0 	0.6 	0.1 	0.0 	0.0 	14.3 	QB25		Arizona Cardinals	Kansas City Chiefs	217 	1.3 	9 	0.0 	0.0 	0 	0.0 	0.6 	0.1 	0.0 	0.0 	13.3 	QB24		Arizona Cardinals	Washington Commanders	228 	1.6 	11 	0.0 	0.0 	0 	0.0 	0.6 	0.1 	0.0 	0.0 	15.2 	QB24		Arizona Cardinals	Philadelphia Eagles	221 	1.3 	9 	0.0 	0.0 	0 	0.0 	0.6 	0.1 	0.0 	0.0 	13.8 	QB26		Arizona Cardinals	BYE	0 	0.0 	0 	0.0 	0.0 	0 	0.0 	0.0 	0.0 	0.0 	0.0 	0.0 	-		Arizona Cardinals	New York Jets	218 	1.5 	12 	0.0 	0.0 	0 	0.0 	0.6 	0.1 	0.0 	0.0 	14.7 	QB26		Arizona Cardinals	New Orleans Saints	225 	1.4 	10 	0.0 	0.0 	0 	0.0 	0.6 	0.1 	0.0 	0.0 	14.5 	QB27		Arizona Cardinals	Las Vegas Raiders	219 	1.5 	11 	0.0 	0.0 	0 	0.0 	0.6 	0.1 	0.0 	0.0 	14.5 	QB27		Actual	Actual	Actual	Actual	Forecast	Forecast	Forecast	Forecast	Forecast	Forecast	Forecast	Forecast	Forecast	Forecast	Forecast	Forecast	Forecast		Healthy	Healthy	Healthy	Healthy	Healthy	Healthy	Healthy	Healthy	Healthy	Healthy	Healthy	Healthy	Healthy	Healthy	Healthy	Healthy	Healthy		Week 5 2026	10/8/2026	8:57:03 PM	20		0%	0%	10%	6%	99%	99%		0.0 	0	0	0	0	0	0.008014 
	MarShawn Lloyd	Green Bay Packers	RB	RB51	4.7 	74 	0 	0.0 	0.0 	0.0 	295 	18.4 	2.0 	0.1 	18.1 	1.1 	108 	6.8 	1.2 	0.1 	0.0 	1.7 	0.0 	0.188 	1.000 	0.379 	(1)	0.000 	0.000 	164 	92 	(72)	51 	35 	(16)	0.199 				-	-		-	-		-	-		-	-		3.7 	8.6 	3.8 	9.9 	5.1 	5.5 	5.5 	6.4 	3.0 	3.4 	0.0 	2.9 	3.4 	3.3 	3.7 	3.1 	3.1 		RB50	RB30	RB46	RB30	RB46	RB41	RB42	RB38	RB57	RB51	-	RB62	RB53	RB57	RB57	RB61	RB61		RB55	4.0 	0.0 	0.0 	17.8 	0.2 	0.8 	4.9 	0.0 	55 	0.173 	1.000 	0.328 	(1)	0.000 	0.000 	181 	0.174 		48 		-	-		-	-		-	-		-	-		RB38	6.5 	0.0 	0.0 	53.5 	0.5 	2.3 	14.8 	0.0 	38 	0.223 	1.000 	0.544 	(0)	0.000 	0.000 	#N/A	0.278 		26.0 		-	-		-	-		-	-		-	-					Green Bay Packers	Minnesota Vikings	0 	0.0 	37 	0.0 	0.0 	0 	0.0 	0.0 	0.0 	0.0 	0.0 	3.7 	RB50		Green Bay Packers	New York Jets	0 	0.0 	20 	0.0 	2.0 	6 	1.0 	0.0 	1.0 	0.0 	0.0 	8.6 	RB30		Green Bay Packers	Atlanta Falcons	0 	0.0 	11 	0.0 	2.0 	7 	0.0 	0.0 	0.0 	0.0 	0.0 	3.8 	RB46		Green Bay Packers	Tampa Bay Buccaneers	0 	0.0 	13 	0.0 	5.0 	36 	0.0 	0.0 	0.0 	0.0 	0.0 	9.9 	RB30		Green Bay Packers	Chicago Bears	0 	0.0 	26 	0.2 	0.7 	5 	0.0 	0.0 	0.1 	0.0 	0.0 	5.1 	RB46		Green Bay Packers	Dallas Cowboys	0 	0.0 	27 	0.3 	0.8 	5 	0.0 	0.0 	0.1 	0.0 	0.0 	5.5 	RB41		Green Bay Packers	Detroit Lions	0 	0.0 	27 	0.3 	0.8 	5 	0.0 	0.0 	0.1 	0.0 	0.0 	5.5 	RB42		Green Bay Packers	Carolina Panthers	0 	0.0 	33 	0.3 	0.8 	5 	0.0 	0.0 	0.1 	0.0 	0.0 	6.4 	RB38		Green Bay Packers	New England Patriots	0 	0.0 	11 	0.1 	0.8 	5 	0.0 	0.0 	0.0 	0.0 	0.0 	3.0 	RB57		Green Bay Packers	Minnesota Vikings	0 	0.0 	13 	0.1 	0.8 	5 	0.0 	0.0 	0.0 	0.0 	0.0 	3.4 	RB51		Green Bay Packers	BYE	0 	0.0 	0 	0.0 	0.0 	0 	0.0 	0.0 	0.0 	0.0 	0.0 	0.0 	-		Green Bay Packers	Los Angeles Rams	0 	0.0 	11 	0.1 	0.8 	5 	0.0 	0.0 	0.0 	0.0 	0.0 	2.9 	RB62		Green Bay Packers	New Orleans Saints	0 	0.0 	13 	0.1 	0.8 	5 	0.0 	0.0 	0.0 	0.0 	0.0 	3.4 	RB53		Green Bay Packers	Buffalo Bills	0 	0.0 	13 	0.1 	0.8 	5 	0.0 	0.0 	0.0 	0.0 	0.0 	3.3 	RB57		Green Bay Packers	Miami Dolphins	0 	0.0 	15 	0.2 	0.8 	5 	0.0 	0.0 	0.0 	0.0 	0.0 	3.7 	RB57		Green Bay Packers	Chicago Bears	0 	0.0 	12 	0.1 	0.8 	5 	0.0 	0.0 	0.0 	0.0 	0.0 	3.1 	RB61		Green Bay Packers	Houston Texans	0 	0.0 	12 	0.1 	0.7 	5 	0.0 	0.0 	0.0 	0.0 	0.0 	3.1 	RB61		Actual	Actual	Actual	Actual	Forecast	Forecast	Forecast	Forecast	Forecast	Forecast	Forecast	Forecast	Forecast	Forecast	Forecast	Forecast	Forecast		Healthy	Healthy	Healthy	Healthy	Healthy	Healthy	Healthy	Healthy	Healthy	Healthy	Healthy	Healthy	Healthy	Healthy	Healthy	Healthy	Healthy		Week 5 2026	10/8/2026	8:57:03 PM	20		2%	1%	12%	13%	0%	0%		(0.1)	0	0	0	0	0	(0.104711)
	Ted Hurst	Tampa Bay Buccaneers	WR	WR66	7.0 	111 	0 	0.0 	0.0 	0.0 	0 	0.0 	0.0 	0.0 	36.4 	2.3 	534 	33.4 	3.6 	0.2 	0.0 	0.1 	0.0 	0.282 	1.000 	0.340 	(0)	0.000 	0.000 	167 	0 	(167)	66 	0 	(66)	0.195 																6.6 	4.7 	11.0 	4.5 	7.0 	6.4 	7.0 	7.2 	7.2 	0.0 	7.2 	7.1 	7.0 	7.2 	7.2 	7.0 	7.1 		WR54	WR63	WR38	WR65	WR59	WR62	WR59	WR63	WR66	-	WR60	WR69	WR65	WR67	WR69	WR71	WR71		WR68	7.0 	0.0 	0.0 	0.0 	0.0 	2.4 	33.8 	0.2 	68 	0.303 	1.000 	0.320 	(0)	0.000 	0.000 	174 	0.189 		85 		-	-		-	-		-	-		-	-		WR67	6.7 	0.0 	0.0 	0.0 	0.0 	7.1 	101.5 	0.7 	67 	0.230 	1.000 	0.330 	(0)	0.000 	0.000 	#N/A	0.183 		26.8 		-	-		-	-		-	-		-	-					Tampa Bay Buccaneers	Cincinnati Bengals	0 	0.0 	0 	0.0 	3.0 	36 	0.0 	0.0 	0.0 	0.0 	0.0 	6.6 	WR54		Tampa Bay Buccaneers	Cleveland Browns	0 	0.0 	0 	0.0 	2.0 	27 	0.0 	0.0 	0.0 	0.0 	0.0 	4.7 	WR63		Tampa Bay Buccaneers	Minnesota Vikings	0 	0.0 	0 	0.0 	1.0 	40 	1.0 	0.0 	0.0 	0.0 	0.0 	11.0 	WR38		Tampa Bay Buccaneers	Green Bay Packers	0 	0.0 	0 	0.0 	2.0 	25 	0.0 	0.0 	0.0 	0.0 	0.0 	4.5 	WR65		Tampa Bay Buccaneers	Dallas Cowboys	0 	0.0 	0 	0.0 	2.4 	34 	0.2 	0.0 	0.0 	0.0 	0.0 	7.0 	WR59		Tampa Bay Buccaneers	Pittsburgh Steelers	0 	0.0 	0 	0.0 	2.2 	31 	0.2 	0.0 	0.0 	0.0 	0.0 	6.4 	WR62		Tampa Bay Buccaneers	Carolina Panthers	0 	0.0 	0 	0.0 	2.3 	34 	0.2 	0.0 	0.0 	0.0 	0.0 	7.0 	WR59		Tampa Bay Buccaneers	Atlanta Falcons	0 	0.0 	0 	0.0 	2.4 	34 	0.2 	0.0 	0.0 	0.0 	0.0 	7.2 	WR63		Tampa Bay Buccaneers	Chicago Bears	0 	0.0 	0 	0.0 	2.4 	35 	0.2 	0.0 	0.0 	0.0 	0.0 	7.2 	WR66		Tampa Bay Buccaneers	BYE	0 	0.0 	0 	0.0 	0.0 	0 	0.0 	0.0 	0.0 	0.0 	0.0 	0.0 	-		Tampa Bay Buccaneers	Detroit Lions	0 	0.0 	0 	0.0 	2.4 	35 	0.2 	0.0 	0.0 	0.0 	0.0 	7.2 	WR60		Tampa Bay Buccaneers	Carolina Panthers	0 	0.0 	0 	0.0 	2.4 	34 	0.2 	0.0 	0.0 	0.0 	0.0 	7.1 	WR69		Tampa Bay Buccaneers	Los Angeles Chargers	0 	0.0 	0 	0.0 	2.3 	33 	0.2 	0.0 	0.0 	0.0 	0.0 	7.0 	WR65		Tampa Bay Buccaneers	Baltimore Ravens	0 	0.0 	0 	0.0 	2.4 	35 	0.2 	0.0 	0.0 	0.0 	0.0 	7.2 	WR67		Tampa Bay Buccaneers	New Orleans Saints	0 	0.0 	0 	0.0 	2.4 	34 	0.2 	0.0 	0.0 	0.0 	0.0 	7.2 	WR69		Tampa Bay Buccaneers	Atlanta Falcons	0 	0.0 	0 	0.0 	2.3 	34 	0.2 	0.0 	0.0 	0.0 	0.0 	7.0 	WR71		Tampa Bay Buccaneers	Los Angeles Rams	0 	0.0 	0 	0.0 	2.4 	34 	0.2 	0.0 	0.0 	0.0 	0.0 	7.1 	WR71		Actual	Actual	Actual	Actual	Forecast	Forecast	Forecast	Forecast	Forecast	Forecast	Forecast	Forecast	Forecast	Forecast	Forecast	Forecast	Forecast		Healthy	Healthy	Healthy	Healthy	Healthy	Healthy	Healthy	Healthy	Healthy	Healthy	Healthy	Healthy	Healthy	Healthy	Healthy	Healthy	Healthy		Week 5 2026	10/8/2026	8:57:03 PM	20		15%	14%	0%	0%	0%	0%		0.0 	0	0	0	0	0	0.006503 
	Baker Mayfield	Tampa Bay Buccaneers	QB	QB27	15.4 	200 	2,861 	220.1 	17.9 	1.4 	242 	18.6 	2.4 	0.2 	0.0 	0.0 	0 	0.0 	0.0 	0.0 	8.4 	3.8 	0.0 	0.507 	0.460 	0.114 	0 	0.268 	0.000 	170 	140 	(30)	30 	18 	(12)	0.186 				-	-		-	-		-	-		-	-		11.6 	12.2 	11.3 	0.0 	0.0 	0.0 	16.5 	17.2 	16.5 	0.0 	16.5 	16.7 	16.0 	16.1 	17.0 	16.5 	16.2 		QB26	QB22	QB26	-	-	-	QB10	QB8	QB12	-	QB12	QB9	QB16	QB15	QB7	QB10	QB12		QB23	16.5 	224.6 	1.6 	17.7 	0.1 	0.0 	0.0 	0.0 	28 	0.592 	0.460 	0.143 	1 	0.508 	0.000 	125 	0.315 		165 		-	-		-	-		-	-		-	-		QB28	11.7 	748.7 	5.3 	58.9 	0.5 	0.0 	0.0 	0.0 	28 	0.301 	0.460 	0.143 	(0)	0.000 	0.000 	#N/A	0.076 		35.1 		-	-		-	-		-	-		-	-					Tampa Bay Buccaneers	Cincinnati Bengals	216 	0.0 	30 	1.0 	0.0 	0 	0.0 	0.0 	3.0 	0.0 	0.0 	11.6 	QB26		Tampa Bay Buccaneers	Cleveland Browns	182 	1.0 	29 	0.0 	0.0 	0 	0.0 	1.0 	0.0 	0.0 	0.0 	12.2 	QB22		Tampa Bay Buccaneers	Minnesota Vikings	217 	1.0 	6 	0.0 	0.0 	0 	0.0 	1.0 	0.0 	0.0 	0.0 	11.3 	QB26		Tampa Bay Buccaneers	Green Bay Packers	0 	0.0 	0 	0.0 	0.0 	0 	0.0 	0.0 	0.0 	0.0 	0.0 	0.0 	-		Tampa Bay Buccaneers	Dallas Cowboys	0 	0.0 	0 	0.0 	0.0 	0 	0.0 	0.0 	0.0 	0.0 	0.0 	0.0 	-		Tampa Bay Buccaneers	Pittsburgh Steelers	0 	0.0 	0 	0.0 	0.0 	0 	0.0 	0.0 	0.0 	0.0 	0.0 	0.0 	-		Tampa Bay Buccaneers	Carolina Panthers	221 	1.6 	18 	0.1 	0.0 	0 	0.0 	0.6 	0.1 	0.0 	0.0 	16.5 	QB10		Tampa Bay Buccaneers	Atlanta Falcons	223 	1.7 	20 	0.2 	0.0 	0 	0.0 	0.6 	0.1 	0.0 	0.0 	17.2 	QB8		Tampa Bay Buccaneers	Chicago Bears	228 	1.6 	17 	0.1 	0.0 	0 	0.0 	0.6 	0.1 	0.0 	0.0 	16.5 	QB12		Tampa Bay Buccaneers	BYE	0 	0.0 	0 	0.0 	0.0 	0 	0.0 	0.0 	0.0 	0.0 	0.0 	0.0 	-		Tampa Bay Buccaneers	Detroit Lions	228 	1.6 	17 	0.1 	0.0 	0 	0.0 	0.6 	0.1 	0.0 	0.0 	16.5 	QB12		Tampa Bay Buccaneers	Carolina Panthers	223 	1.6 	19 	0.2 	0.0 	0 	0.0 	0.6 	0.1 	0.0 	0.0 	16.7 	QB9		Tampa Bay Buccaneers	Los Angeles Chargers	221 	1.5 	17 	0.1 	0.0 	0 	0.0 	0.6 	0.1 	0.0 	0.0 	16.0 	QB16		Tampa Bay Buccaneers	Baltimore Ravens	228 	1.5 	16 	0.1 	0.0 	0 	0.0 	0.6 	0.1 	0.0 	0.0 	16.1 	QB15		Tampa Bay Buccaneers	New Orleans Saints	225 	1.7 	19 	0.2 	0.0 	0 	0.0 	0.6 	0.1 	0.0 	0.0 	17.0 	QB7		Tampa Bay Buccaneers	Atlanta Falcons	221 	1.6 	18 	0.1 	0.0 	0 	0.0 	0.6 	0.1 	0.0 	0.0 	16.5 	QB10		Tampa Bay Buccaneers	Los Angeles Rams	226 	1.6 	16 	0.1 	0.0 	0 	0.0 	0.6 	0.1 	0.0 	0.0 	16.2 	QB12		Actual	Actual	Actual	Actual	Forecast	Forecast	Forecast	Forecast	Forecast	Forecast	Forecast	Forecast	Forecast	Forecast	Forecast	Forecast	Forecast		Healthy	Healthy	Healthy	Injured	Injured	Injured	Healthy	Healthy	Healthy	Healthy	Healthy	Healthy	Healthy	Healthy	Healthy	Healthy	Healthy		Week 5 2026	10/8/2026	8:57:03 PM	20		0%	0%	15%	17%	99%	99%		0.2 	0	0	1	1	1	
	Cooper Kupp	Seattle Seahawks	WR	WR67	6.9 	111 	0 	0.0 	0.0 	0.0 	0 	0.0 	0.0 	0.0 	39.2 	2.5 	492 	30.7 	3.7 	0.2 	0.0 	0.1 	0.0 	0.280 	1.000 	0.330 	(0)	0.000 	0.000 	169 	209 	40 	67 	70 	3 	0.190 																5.5 	4.0 	14.6 	2.3 	7.1 	6.7 	7.0 	7.1 	7.3 	6.9 	0.0 	7.0 	7.2 	7.1 	6.7 	7.1 	6.9 		WR63	WR67	WR25	WR73	WR58	WR59	WR58	WR64	WR63	WR62	-	WR71	WR62	WR69	WR72	WR70	WR72		WR69	7.0 	0.0 	0.0 	0.0 	0.0 	2.5 	31.5 	0.2 	69 	0.301 	1.000 	0.310 	(0)	0.000 	0.000 	176 	0.185 		84 		-	-		-	-		-	-		-	-		WR69	6.6 	0.0 	0.0 	0.0 	0.0 	7.6 	94.4 	0.7 	69 	0.226 	1.000 	0.310 	(0)	0.000 	0.000 	#N/A	0.173 		26.4 		-	-		-	-		-	-		-	-					Seattle Seahawks	New England Patriots	0 	0.0 	0 	0.0 	2.0 	35 	0.0 	0.0 	0.0 	0.0 	0.0 	5.5 	WR63		Seattle Seahawks	Arizona Cardinals	0 	0.0 	0 	0.0 	2.0 	20 	0.0 	0.0 	0.0 	0.0 	0.0 	4.0 	WR67		Seattle Seahawks	Washington Commanders	0 	0.0 	0 	0.0 	4.0 	46 	1.0 	0.0 	0.0 	0.0 	0.0 	14.6 	WR25		Seattle Seahawks	Los Angeles Chargers	0 	0.0 	0 	0.0 	1.0 	13 	0.0 	0.0 	0.0 	0.0 	0.0 	2.3 	WR73		Seattle Seahawks	San Francisco 49ers	0 	0.0 	0 	0.0 	2.5 	32 	0.2 	0.0 	0.0 	0.0 	0.0 	7.1 	WR58		Seattle Seahawks	Denver Broncos	0 	0.0 	0 	0.0 	2.4 	31 	0.2 	0.0 	0.0 	0.0 	0.0 	6.7 	WR59		Seattle Seahawks	Kansas City Chiefs	0 	0.0 	0 	0.0 	2.5 	32 	0.2 	0.0 	0.0 	0.0 	0.0 	7.0 	WR58		Seattle Seahawks	Chicago Bears	0 	0.0 	0 	0.0 	2.6 	32 	0.2 	0.0 	0.0 	0.0 	0.0 	7.1 	WR64		Seattle Seahawks	Arizona Cardinals	0 	0.0 	0 	0.0 	2.6 	32 	0.3 	0.0 	0.0 	0.0 	0.0 	7.3 	WR63		Seattle Seahawks	Las Vegas Raiders	0 	0.0 	0 	0.0 	2.5 	31 	0.2 	0.0 	0.0 	0.0 	0.0 	6.9 	WR62		Seattle Seahawks	BYE	0 	0.0 	0 	0.0 	0.0 	0 	0.0 	0.0 	0.0 	0.0 	0.0 	0.0 	-		Seattle Seahawks	San Francisco 49ers	0 	0.0 	0 	0.0 	2.5 	32 	0.2 	0.0 	0.0 	0.0 	0.0 	7.0 	WR71		Seattle Seahawks	Dallas Cowboys	0 	0.0 	0 	0.0 	2.6 	32 	0.2 	0.0 	0.0 	0.0 	0.0 	7.2 	WR62		Seattle Seahawks	New York Giants	0 	0.0 	0 	0.0 	2.5 	31 	0.2 	0.0 	0.0 	0.0 	0.0 	7.1 	WR69		Seattle Seahawks	Philadelphia Eagles	0 	0.0 	0 	0.0 	2.5 	31 	0.2 	0.0 	0.0 	0.0 	0.0 	6.7 	WR72		Seattle Seahawks	Los Angeles Rams	0 	0.0 	0 	0.0 	2.5 	32 	0.2 	0.0 	0.0 	0.0 	0.0 	7.1 	WR70		Seattle Seahawks	Carolina Panthers	0 	0.0 	0 	0.0 	2.5 	31 	0.2 	0.0 	0.0 	0.0 	0.0 	6.9 	WR72		Actual	Actual	Actual	Actual	Forecast	Forecast	Forecast	Forecast	Forecast	Forecast	Forecast	Forecast	Forecast	Forecast	Forecast	Forecast	Forecast		Healthy	Healthy	Healthy	Healthy	Healthy	Healthy	Healthy	Healthy	Healthy	Healthy	Healthy	Healthy	Healthy	Healthy	Healthy	Healthy	Healthy		Week 5 2026	10/8/2026	8:57:03 PM	20		13%	13%	0%	0%	0%	0%		0.0 	0	0	0	0	0	0.011261 
	Jadarian Price	Seattle Seahawks	RB	RB55	5.8 	69 	0 	0.0 	0.0 	0.0 	407 	33.9 	2.0 	0.2 	11.3 	0.9 	86 	7.2 	0.3 	0.0 	0.0 	2.8 	0.0 	0.175 	1.000 	0.328 	(0)	0.000 	0.000 	179 	58 	(121)	55 	24 	(31)	0.174 				-	-		-	-		-	-		-	-		7.8 	5.0 	1.2 	0.0 	0.0 	0.0 	0.0 	6.2 	7.1 	6.3 	0.0 	5.8 	6.3 	6.5 	5.2 	5.9 	6.0 		RB37	RB42	RB60	-	-	-	-	RB40	RB38	RB40	-	RB49	RB41	RB43	RB52	RB49	RB48		RB52	6.1 	0.0 	0.0 	32.0 	0.2 	0.8 	7.3 	0.0 	52 	0.198 	1.000 	0.366 	(0)	0.000 	0.000 	171 	0.195 		55 		-	-		-	-		-	-		-	-		RB60	4.7 	0.0 	0.0 	96.1 	0.7 	2.4 	21.8 	0.1 	60 	0.120 	1.000 	0.264 	(1)	0.000 	0.000 	#N/A	0.137 		14.0 		-	-		-	-		-	-		-	-					Seattle Seahawks	New England Patriots	0 	0.0 	52 	0.0 	2.0 	6 	0.0 	0.0 	0.0 	0.0 	0.0 	7.8 	RB37		Seattle Seahawks	Arizona Cardinals	0 	0.0 	52 	0.0 	1.0 	8 	0.0 	0.0 	1.0 	0.0 	0.0 	5.0 	RB42		Seattle Seahawks	Washington Commanders	0 	0.0 	15 	0.0 	1.0 	7 	0.0 	0.0 	1.0 	0.0 	0.0 	1.2 	RB60		Seattle Seahawks	Los Angeles Chargers	0 	0.0 	0 	0.0 	0.0 	0 	0.0 	0.0 	0.0 	0.0 	0.0 	0.0 	-		Seattle Seahawks	San Francisco 49ers	0 	0.0 	0 	0.0 	0.0 	0 	0.0 	0.0 	0.0 	0.0 	0.0 	0.0 	-		Seattle Seahawks	Denver Broncos	0 	0.0 	0 	0.0 	0.0 	0 	0.0 	0.0 	0.0 	0.0 	0.0 	0.0 	-		Seattle Seahawks	Kansas City Chiefs	0 	0.0 	0 	0.0 	0.0 	0 	0.0 	0.0 	0.0 	0.0 	0.0 	0.0 	-		Seattle Seahawks	Chicago Bears	0 	0.0 	32 	0.2 	0.8 	7 	0.0 	0.0 	0.1 	0.0 	0.0 	6.2 	RB40		Seattle Seahawks	Arizona Cardinals	0 	0.0 	37 	0.3 	0.8 	7 	0.0 	0.0 	0.1 	0.0 	0.0 	7.1 	RB38		Seattle Seahawks	Las Vegas Raiders	0 	0.0 	33 	0.2 	0.8 	7 	0.0 	0.0 	0.1 	0.0 	0.0 	6.3 	RB40		Seattle Seahawks	BYE	0 	0.0 	0 	0.0 	0.0 	0 	0.0 	0.0 	0.0 	0.0 	0.0 	0.0 	-		Seattle Seahawks	San Francisco 49ers	0 	0.0 	30 	0.2 	0.8 	7 	0.0 	0.0 	0.1 	0.0 	0.0 	5.8 	RB49		Seattle Seahawks	Dallas Cowboys	0 	0.0 	33 	0.2 	0.8 	7 	0.0 	0.0 	0.1 	0.0 	0.0 	6.3 	RB41		Seattle Seahawks	New York Giants	0 	0.0 	34 	0.2 	0.8 	7 	0.0 	0.0 	0.1 	0.0 	0.0 	6.5 	RB43		Seattle Seahawks	Philadelphia Eagles	0 	0.0 	27 	0.2 	0.8 	7 	0.0 	0.0 	0.1 	0.0 	0.0 	5.2 	RB52		Seattle Seahawks	Los Angeles Rams	0 	0.0 	30 	0.2 	0.8 	7 	0.0 	0.0 	0.1 	0.0 	0.0 	5.9 	RB49		Seattle Seahawks	Carolina Panthers	0 	0.0 	31 	0.2 	0.8 	7 	0.0 	0.0 	0.1 	0.0 	0.0 	6.0 	RB48		Actual	Actual	Actual	Actual	Forecast	Forecast	Forecast	Forecast	Forecast	Forecast	Forecast	Forecast	Forecast	Forecast	Forecast	Forecast	Forecast		Healthy	Healthy	Healthy	Injured	Injured	Injured	Injured	Healthy	Healthy	Healthy	Healthy	Healthy	Healthy	Healthy	Healthy	Healthy	Healthy		Week 5 2026	10/8/2026	8:57:03 PM	20		3%	2%	28%	25%	0%	0%		0.1 	0	0	1	1	1	
	Cade Otton	Tampa Bay Buccaneers	TE	TE24	7.9 	126 	0 	0.0 	0.0 	0.0 	0 	0.0 	0.0 	0.0 	54.0 	3.4 	563 	35.2 	2.6 	0.2 	0.0 	0.1 	0.0 	0.319 	0.560 	0.357 	0 	0.017 	0.000 	165 	218 	53 	24 	27 	3 	0.198 				-	-		-	-		-	-		-	-		5.6 	8.8 	8.6 	7.7 	7.9 	7.2 	7.9 	8.1 	8.1 	0.0 	8.1 	8.0 	7.8 	8.1 	8.1 	7.9 	8.0 		TE22	TE15	TE16	TE21	TE24	TE23	TE23	TE20	TE24	-	TE22	TE24	TE20	TE22	TE25	TE25	TE24		TE25	7.9 	0.0 	0.0 	0.0 	0.0 	3.3 	33.8 	0.2 	25 	0.341 	0.560 	0.347 	0 	0.052 	0.000 	165 	0.214 		95 		-	-		-	-		-	-		-	-		TE24	7.7 	0.0 	0.0 	0.0 	0.0 	9.8 	101.5 	0.7 	24 	0.263 	0.560 	0.357 	0 	0.017 	0.000 	#N/A	0.190 		30.7 		-	-		-	-		-	-		-	-					Tampa Bay Buccaneers	Cincinnati Bengals	0 	0.0 	0 	0.0 	3.0 	26 	0.0 	0.0 	0.0 	0.0 	0.0 	5.6 	TE22		Tampa Bay Buccaneers	Cleveland Browns	0 	0.0 	0 	0.0 	5.0 	38 	0.0 	0.0 	0.0 	0.0 	0.0 	8.8 	TE15		Tampa Bay Buccaneers	Minnesota Vikings	0 	0.0 	0 	0.0 	3.0 	56 	0.0 	0.0 	0.0 	0.0 	0.0 	8.6 	TE16		Tampa Bay Buccaneers	Green Bay Packers	0 	0.0 	0 	0.0 	4.0 	37 	0.0 	0.0 	0.0 	0.0 	0.0 	7.7 	TE21		Tampa Bay Buccaneers	Dallas Cowboys	0 	0.0 	0 	0.0 	3.3 	34 	0.2 	0.0 	0.0 	0.0 	0.0 	7.9 	TE24		Tampa Bay Buccaneers	Pittsburgh Steelers	0 	0.0 	0 	0.0 	3.0 	31 	0.2 	0.0 	0.0 	0.0 	0.0 	7.2 	TE23		Tampa Bay Buccaneers	Carolina Panthers	0 	0.0 	0 	0.0 	3.2 	34 	0.2 	0.0 	0.0 	0.0 	0.0 	7.9 	TE23		Tampa Bay Buccaneers	Atlanta Falcons	0 	0.0 	0 	0.0 	3.3 	34 	0.2 	0.0 	0.0 	0.0 	0.0 	8.1 	TE20		Tampa Bay Buccaneers	Chicago Bears	0 	0.0 	0 	0.0 	3.3 	35 	0.2 	0.0 	0.0 	0.0 	0.0 	8.1 	TE24		Tampa Bay Buccaneers	BYE	0 	0.0 	0 	0.0 	0.0 	0 	0.0 	0.0 	0.0 	0.0 	0.0 	0.0 	-		Tampa Bay Buccaneers	Detroit Lions	0 	0.0 	0 	0.0 	3.3 	35 	0.2 	0.0 	0.0 	0.0 	0.0 	8.1 	TE22		Tampa Bay Buccaneers	Carolina Panthers	0 	0.0 	0 	0.0 	3.3 	34 	0.2 	0.0 	0.0 	0.0 	0.0 	8.0 	TE24		Tampa Bay Buccaneers	Los Angeles Chargers	0 	0.0 	0 	0.0 	3.2 	33 	0.2 	0.0 	0.0 	0.0 	0.0 	7.8 	TE20		Tampa Bay Buccaneers	Baltimore Ravens	0 	0.0 	0 	0.0 	3.3 	35 	0.2 	0.0 	0.0 	0.0 	0.0 	8.1 	TE22		Tampa Bay Buccaneers	New Orleans Saints	0 	0.0 	0 	0.0 	3.3 	34 	0.2 	0.0 	0.0 	0.0 	0.0 	8.1 	TE25		Tampa Bay Buccaneers	Atlanta Falcons	0 	0.0 	0 	0.0 	3.2 	34 	0.2 	0.0 	0.0 	0.0 	0.0 	7.9 	TE25		Tampa Bay Buccaneers	Los Angeles Rams	0 	0.0 	0 	0.0 	3.3 	34 	0.2 	0.0 	0.0 	0.0 	0.0 	8.0 	TE24		Actual	Actual	Actual	Actual	Forecast	Forecast	Forecast	Forecast	Forecast	Forecast	Forecast	Forecast	Forecast	Forecast	Forecast	Forecast	Forecast		Healthy	Healthy	Healthy	Healthy	Healthy	Healthy	Healthy	Healthy	Healthy	Healthy	Healthy	Healthy	Healthy	Healthy	Healthy	Healthy	Healthy		Week 5 2026	10/8/2026	8:57:03 PM	20		15%	14%	0%	0%	0%	0%		0.0 	0	0	0	0	0	0.023986 
	Quentin Johnston	Los Angeles Chargers	WR	WR68	6.8 	108 	0 	0.0 	0.0 	0.0 	3 	0.2 	0.0 	0.0 	38.2 	2.4 	491 	30.7 	3.5 	0.2 	0.0 	0.1 	0.0 	0.274 	1.000 	0.320 	(0)	0.000 	0.000 	172 	104 	(68)	68 	42 	(26)	0.185 				-	-		-	-		-	-		-	-		3.7 	2.4 	7.0 	5.0 	6.8 	7.4 	0.0 	7.7 	7.5 	7.7 	7.3 	7.6 	7.7 	7.5 	7.8 	7.6 	7.6 		WR76	WR76	WR52	WR62	WR60	WR55	-	WR56	WR62	WR52	WR59	WR64	WR53	WR60	WR61	WR62	WR64		WR61	7.5 	0.0 	0.0 	0.0 	0.0 	2.6 	31.9 	0.3 	61 	0.324 	1.000 	0.390 	(0)	0.000 	0.000 	159 	0.224 		90 		-	-		-	-		-	-		-	-		WR88	4.5 	0.0 	0.0 	0.0 	0.0 	7.8 	95.8 	0.9 	88 	0.155 	1.000 	0.120 	(1)	0.000 	0.000 	#N/A	0.077 		18.1 		-	-		-	-		-	-		-	-					Los Angeles Chargers	Arizona Cardinals	0 	0.0 	0 	0.0 	2.0 	17 	0.0 	0.0 	0.0 	0.0 	0.0 	3.7 	WR76		Los Angeles Chargers	Las Vegas Raiders	0 	0.0 	7 	0.0 	1.0 	7 	0.0 	0.0 	0.0 	0.0 	0.0 	2.4 	WR76		Los Angeles Chargers	Buffalo Bills	0 	0.0 	0 	0.0 	3.0 	40 	0.0 	0.0 	0.0 	0.0 	0.0 	7.0 	WR52		Los Angeles Chargers	Seattle Seahawks	0 	0.0 	(4)	0.0 	1.0 	44 	0.0 	0.0 	0.0 	0.0 	0.0 	5.0 	WR62		Los Angeles Chargers	Denver Broncos	0 	0.0 	0 	0.0 	2.4 	30 	0.2 	0.0 	0.0 	0.0 	0.0 	6.8 	WR60		Los Angeles Chargers	Kansas City Chiefs	0 	0.0 	0 	0.0 	2.6 	33 	0.3 	0.0 	0.0 	0.0 	0.0 	7.4 	WR55		Los Angeles Chargers	BYE	0 	0.0 	0 	0.0 	0.0 	0 	0.0 	0.0 	0.0 	0.0 	0.0 	0.0 	-		Los Angeles Chargers	Los Angeles Rams	0 	0.0 	0 	0.0 	2.7 	33 	0.3 	0.0 	0.0 	0.0 	0.0 	7.7 	WR56		Los Angeles Chargers	Houston Texans	0 	0.0 	0 	0.0 	2.6 	32 	0.3 	0.0 	0.0 	0.0 	0.0 	7.5 	WR62		Los Angeles Chargers	Baltimore Ravens	0 	0.0 	0 	0.0 	2.7 	33 	0.3 	0.0 	0.0 	0.0 	0.0 	7.7 	WR52		Los Angeles Chargers	New York Jets	0 	0.0 	0 	0.0 	2.5 	31 	0.3 	0.0 	0.0 	0.0 	0.0 	7.3 	WR59		Los Angeles Chargers	New England Patriots	0 	0.0 	0 	0.0 	2.6 	32 	0.3 	0.0 	0.0 	0.0 	0.0 	7.6 	WR64		Los Angeles Chargers	Tampa Bay Buccaneers	0 	0.0 	0 	0.0 	2.6 	33 	0.3 	0.0 	0.0 	0.0 	0.0 	7.7 	WR53		Los Angeles Chargers	Las Vegas Raiders	0 	0.0 	0 	0.0 	2.6 	32 	0.3 	0.0 	0.0 	0.0 	0.0 	7.5 	WR60		Los Angeles Chargers	San Francisco 49ers	0 	0.0 	0 	0.0 	2.7 	33 	0.3 	0.0 	0.0 	0.0 	0.0 	7.8 	WR61		Los Angeles Chargers	Miami Dolphins	0 	0.0 	0 	0.0 	2.6 	32 	0.3 	0.0 	0.0 	0.0 	0.0 	7.6 	WR62		Los Angeles Chargers	Kansas City Chiefs	0 	0.0 	0 	0.0 	2.6 	32 	0.3 	0.0 	0.0 	0.0 	0.0 	7.6 	WR64		Actual	Actual	Actual	Actual	Forecast	Forecast	Forecast	Forecast	Forecast	Forecast	Forecast	Forecast	Forecast	Forecast	Forecast	Forecast	Forecast		Healthy	Healthy	Healthy	Healthy	Limited / Handicapped	Healthy	Healthy	Healthy	Healthy	Healthy	Healthy	Healthy	Healthy	Healthy	Healthy	Healthy	Healthy		Week 5 2026	10/8/2026	8:57:03 PM	20		15%	19%	0%	0%	0%	0%		0.1 	0	0	0	0	0	0.146759 
	George Holani	Seattle Seahawks	RB	RB52	4.6 	74 	0 	0.0 	0.0 	0.0 	158 	9.8 	0.6 	0.0 	24.9 	1.6 	226 	14.1 	1.2 	0.1 	0.0 	0.3 	0.0 	0.187 	1.000 	0.366 	(1)	0.000 	0.000 	168 	259 	91 	52 	70 	18 	0.193 				-	-		-	-		-	-		-	-		2.9 	2.5 	10.8 	3.0 	7.2 	4.1 	4.3 	4.4 	4.6 	4.3 	0.0 	4.3 	4.5 	4.4 	4.0 	4.3 	4.2 		RB53	RB55	RB22	RB48	RB37	RB49	RB47	RB49	RB50	RB47	-	RB54	RB49	RB51	RB54	RB54	RB55		RB53	4.6 	0.0 	0.0 	7.3 	0.1 	1.5 	14.5 	0.1 	53 	0.196 	1.000 	0.354 	(1)	0.000 	0.000 	175 	0.189 		55 		-	-		-	-		-	-		-	-		RB48	4.8 	0.0 	0.0 	21.9 	0.2 	4.5 	43.4 	0.3 	48 	0.165 	1.000 	0.417 	(0)	0.000 	0.000 	#N/A	0.213 		19.2 		-	-		-	-		-	-		-	-					Seattle Seahawks	New England Patriots	0 	0.0 	29 	0.0 	0.0 	0 	0.0 	0.0 	0.0 	0.0 	0.0 	2.9 	RB53		Seattle Seahawks	Arizona Cardinals	0 	0.0 	13 	0.0 	1.0 	2 	0.0 	0.0 	0.0 	0.0 	0.0 	2.5 	RB55		Seattle Seahawks	Washington Commanders	0 	0.0 	10 	0.0 	5.0 	48 	0.0 	0.0 	0.0 	0.0 	0.0 	10.8 	RB22		Seattle Seahawks	Los Angeles Chargers	0 	0.0 	18 	0.0 	1.0 	2 	0.0 	0.0 	0.0 	0.0 	0.0 	3.0 	RB48		Seattle Seahawks	San Francisco 49ers	0 	0.0 	26 	0.2 	1.4 	14 	0.1 	0.0 	0.1 	0.0 	0.0 	7.2 	RB37		Seattle Seahawks	Denver Broncos	0 	0.0 	5 	0.0 	1.5 	14 	0.1 	0.0 	0.0 	0.0 	0.0 	4.1 	RB49		Seattle Seahawks	Kansas City Chiefs	0 	0.0 	5 	0.0 	1.5 	15 	0.1 	0.0 	0.0 	0.0 	0.0 	4.3 	RB47		Seattle Seahawks	Chicago Bears	0 	0.0 	6 	0.0 	1.5 	15 	0.1 	0.0 	0.0 	0.0 	0.0 	4.4 	RB49		Seattle Seahawks	Arizona Cardinals	0 	0.0 	7 	0.0 	1.5 	15 	0.1 	0.0 	0.0 	0.0 	0.0 	4.6 	RB50		Seattle Seahawks	Las Vegas Raiders	0 	0.0 	6 	0.0 	1.5 	14 	0.1 	0.0 	0.0 	0.0 	0.0 	4.3 	RB47		Seattle Seahawks	BYE	0 	0.0 	0 	0.0 	0.0 	0 	0.0 	0.0 	0.0 	0.0 	0.0 	0.0 	-		Seattle Seahawks	San Francisco 49ers	0 	0.0 	5 	0.0 	1.5 	15 	0.1 	0.0 	0.0 	0.0 	0.0 	4.3 	RB54		Seattle Seahawks	Dallas Cowboys	0 	0.0 	6 	0.0 	1.5 	15 	0.1 	0.0 	0.0 	0.0 	0.0 	4.5 	RB49		Seattle Seahawks	New York Giants	0 	0.0 	6 	0.0 	1.5 	15 	0.1 	0.0 	0.0 	0.0 	0.0 	4.4 	RB51		Seattle Seahawks	Philadelphia Eagles	0 	0.0 	5 	0.0 	1.5 	14 	0.1 	0.0 	0.0 	0.0 	0.0 	4.0 	RB54		Seattle Seahawks	Los Angeles Rams	0 	0.0 	5 	0.0 	1.5 	15 	0.1 	0.0 	0.0 	0.0 	0.0 	4.3 	RB54		Seattle Seahawks	Carolina Panthers	0 	0.0 	6 	0.0 	1.5 	14 	0.1 	0.0 	0.0 	0.0 	0.0 	4.2 	RB55		Actual	Actual	Actual	Actual	Forecast	Forecast	Forecast	Forecast	Forecast	Forecast	Forecast	Forecast	Forecast	Forecast	Forecast	Forecast	Forecast		Healthy	Healthy	Healthy	Healthy	Limited / Handicapped	Healthy	Healthy	Healthy	Healthy	Healthy	Healthy	Healthy	Healthy	Healthy	Healthy	Healthy	Healthy		Week 5 2026	10/8/2026	8:57:03 PM	20		6%	6%	5%	4%	0%	0%		(0.0)	0	0	0	0	0	(0.024052)
	Hunter Henry	New England Patriots	TE	TE25	7.3 	116 	0 	0.0 	0.0 	0.0 	0 	0.0 	0.0 	0.0 	46.1 	2.9 	529 	33.1 	2.9 	0.2 	0.0 	0.1 	0.0 	0.294 	0.560 	0.347 	(0)	0.000 	0.000 	173 	155 	(18)	25 	17 	(8)	0.183 				-	-		-	-		-	-		-	-		5.6 	7.0 	1.5 	11.2 	8.7 	8.4 	7.5 	7.5 	7.5 	7.6 	0.0 	7.3 	7.6 	7.3 	7.2 	7.1 	7.2 		TE22	TE20	TE31	TE15	TE19	TE20	TE24	TE22	TE25	TE23	-	TE26	TE21	TE24	TE26	TE26	TE26		TE26	7.6 	0.0 	0.0 	0.0 	0.0 	2.8 	33.0 	0.2 	26 	0.326 	0.560 	0.338 	0 	0.015 	0.000 	173 	0.190 		91 		-	-		-	-		-	-		-	-		TE27	6.3 	0.0 	0.0 	0.0 	0.0 	8.5 	99.0 	0.7 	27 	0.217 	0.560 	0.328 	(0)	0.000 	0.000 	#N/A	0.164 		25.3 		-	-		-	-		-	-		-	-					New England Patriots	Seattle Seahawks	0 	0.0 	0 	0.0 	3.0 	26 	0.0 	0.0 	0.0 	0.0 	0.0 	5.6 	TE22		New England Patriots	Pittsburgh Steelers	0 	0.0 	0 	0.0 	3.0 	40 	0.0 	0.0 	0.0 	0.0 	0.0 	7.0 	TE20		New England Patriots	Jacksonville Jaguars	0 	0.0 	0 	0.0 	1.0 	5 	0.0 	0.0 	0.0 	0.0 	0.0 	1.5 	TE31		New England Patriots	Buffalo Bills	0 	0.0 	0 	0.0 	5.0 	62 	0.0 	0.0 	0.0 	0.0 	0.0 	11.2 	TE15		New England Patriots	Las Vegas Raiders	0 	0.0 	0 	0.0 	3.2 	38 	0.3 	0.0 	0.0 	0.0 	0.0 	8.7 	TE19		New England Patriots	New York Jets	0 	0.0 	0 	0.0 	3.1 	36 	0.3 	0.0 	0.0 	0.0 	0.0 	8.4 	TE20		New England Patriots	Chicago Bears	0 	0.0 	0 	0.0 	2.8 	33 	0.2 	0.0 	0.0 	0.0 	0.0 	7.5 	TE24		New England Patriots	Miami Dolphins	0 	0.0 	0 	0.0 	2.8 	32 	0.2 	0.0 	0.0 	0.0 	0.0 	7.5 	TE22		New England Patriots	Green Bay Packers	0 	0.0 	0 	0.0 	2.8 	33 	0.2 	0.0 	0.0 	0.0 	0.0 	7.5 	TE25		New England Patriots	Detroit Lions	0 	0.0 	0 	0.0 	2.8 	33 	0.2 	0.0 	0.0 	0.0 	0.0 	7.6 	TE23		New England Patriots	BYE	0 	0.0 	0 	0.0 	0.0 	0 	0.0 	0.0 	0.0 	0.0 	0.0 	0.0 	-		New England Patriots	Los Angeles Chargers	0 	0.0 	0 	0.0 	2.8 	32 	0.2 	0.0 	0.0 	0.0 	0.0 	7.3 	TE26		New England Patriots	Buffalo Bills	0 	0.0 	0 	0.0 	2.9 	33 	0.2 	0.0 	0.0 	0.0 	0.0 	7.6 	TE21		New England Patriots	Minnesota Vikings	0 	0.0 	0 	0.0 	2.7 	32 	0.2 	0.0 	0.0 	0.0 	0.0 	7.3 	TE24		New England Patriots	Kansas City Chiefs	0 	0.0 	0 	0.0 	2.8 	32 	0.2 	0.0 	0.0 	0.0 	0.0 	7.2 	TE26		New England Patriots	New York Jets	0 	0.0 	0 	0.0 	2.7 	31 	0.2 	0.0 	0.0 	0.0 	0.0 	7.1 	TE26		New England Patriots	Denver Broncos	0 	0.0 	0 	0.0 	2.7 	32 	0.2 	0.0 	0.0 	0.0 	0.0 	7.2 	TE26		Actual	Actual	Actual	Actual	Forecast	Forecast	Forecast	Forecast	Forecast	Forecast	Forecast	Forecast	Forecast	Forecast	Forecast	Forecast	Forecast		Healthy	Healthy	Healthy	Healthy	Healthy	Healthy	Healthy	Healthy	Healthy	Healthy	Healthy	Healthy	Healthy	Healthy	Healthy	Healthy	Healthy		Week 5 2026	10/8/2026	8:57:03 PM	20		14%	15%	0%	0%	0%	0%		0.0 	0	0	0	0	0	0.026760 
	Malik Willis	Miami Dolphins	QB	QB28	14.3 	229 	3,310 	206.9 	15.6 	1.0 	410 	25.7 	3.1 	0.2 	0.0 	0.0 	0 	0.0 	0.0 	0.0 	9.7 	2.9 	0.0 	0.580 	0.460 	0.186 	0 	0.164 	0.000 	177 	168 	(9)	25 	21 	(4)	0.176 				-	-		-	-		-	-		-	-		16.7 	12.5 	10.0 	2.5 	14.9 	0.0 	15.5 	15.7 	16.3 	16.3 	15.2 	16.1 	14.4 	16.3 	14.9 	15.7 	16.2 		QB14	QB21	QB28	QB32	QB19	-	QB18	QB17	QB13	QB9	QB20	QB17	QB24	QB13	QB24	QB19	QB13		QB20	15.6 	216.5 	1.2 	24.9 	0.2 	0.0 	0.0 	0.0 	19 	0.672 	0.460 	0.266 	1 	0.417 	0.000 	116 	0.337 		188 		-	-		-	-		-	-		-	-		QB25	10.4 	649.6 	3.7 	74.6 	0.5 	0.0 	0.0 	0.0 	25 	0.357 	0.460 	0.186 	(0)	0.000 	0.000 	#N/A	0.098 		41.7 		-	-		-	-		-	-		-	-					Miami Dolphins	Las Vegas Raiders	220 	0.0 	39 	1.0 	0.0 	0 	0.0 	1.0 	0.0 	0.0 	0.0 	16.7 	QB14		Miami Dolphins	San Francisco 49ers	197 	1.0 	6 	0.0 	0.0 	0 	0.0 	0.0 	0.0 	0.0 	0.0 	12.5 	QB21		Miami Dolphins	Kansas City Chiefs	210 	0.0 	56 	0.0 	0.0 	0 	0.0 	1.0 	1.0 	0.0 	0.0 	10.0 	QB28		Miami Dolphins	Minnesota Vikings	85 	0.0 	11 	0.0 	0.0 	0 	0.0 	0.0 	1.0 	0.0 	0.0 	2.5 	QB32		Miami Dolphins	Cincinnati Bengals	212 	1.1 	24 	0.2 	0.0 	0 	0.0 	0.6 	0.1 	0.0 	0.0 	14.9 	QB19		Miami Dolphins	BYE	0 	0.0 	0 	0.0 	0.0 	0 	0.0 	0.0 	0.0 	0.0 	0.0 	0.0 	-		Miami Dolphins	New York Jets	209 	1.2 	27 	0.2 	0.0 	0 	0.0 	0.6 	0.1 	0.0 	0.0 	15.5 	QB18		Miami Dolphins	New England Patriots	217 	1.2 	25 	0.2 	0.0 	0 	0.0 	0.6 	0.1 	0.0 	0.0 	15.7 	QB17		Miami Dolphins	Detroit Lions	222 	1.3 	25 	0.2 	0.0 	0 	0.0 	0.6 	0.1 	0.0 	0.0 	16.3 	QB13		Miami Dolphins	Indianapolis Colts	222 	1.3 	25 	0.2 	0.0 	0 	0.0 	0.6 	0.1 	0.0 	0.0 	16.3 	QB9		Miami Dolphins	Buffalo Bills	217 	1.2 	23 	0.2 	0.0 	0 	0.0 	0.6 	0.1 	0.0 	0.0 	15.2 	QB20		Miami Dolphins	New York Jets	209 	1.2 	29 	0.2 	0.0 	0 	0.0 	0.6 	0.1 	0.0 	0.0 	16.1 	QB17		Miami Dolphins	Denver Broncos	211 	1.1 	22 	0.1 	0.0 	0 	0.0 	0.6 	0.1 	0.0 	0.0 	14.4 	QB24		Miami Dolphins	Chicago Bears	222 	1.3 	25 	0.2 	0.0 	0 	0.0 	0.6 	0.1 	0.0 	0.0 	16.3 	QB13		Miami Dolphins	Green Bay Packers	215 	1.1 	23 	0.2 	0.0 	0 	0.0 	0.6 	0.1 	0.0 	0.0 	14.9 	QB24		Miami Dolphins	Los Angeles Chargers	217 	1.2 	25 	0.2 	0.0 	0 	0.0 	0.6 	0.1 	0.0 	0.0 	15.7 	QB19		Miami Dolphins	Buffalo Bills	225 	1.3 	24 	0.2 	0.0 	0 	0.0 	0.6 	0.1 	0.0 	0.0 	16.2 	QB13		Actual	Actual	Actual	Actual	Forecast	Forecast	Forecast	Forecast	Forecast	Forecast	Forecast	Forecast	Forecast	Forecast	Forecast	Forecast	Forecast		Healthy	Healthy	Healthy	Healthy	Healthy	Healthy	Healthy	Healthy	Healthy	Healthy	Healthy	Healthy	Healthy	Healthy	Healthy	Healthy	Healthy		Week 5 2026	10/8/2026	8:57:03 PM	20		0%	0%	24%	22%	99%	99%		0.2 	0	0	0	0	0	0.238986 
	Jaylin Noel	Houston Texans	WR	WR70	6.6 	105 	0 	0.0 	0.0 	0.0 	25 	1.6 	0.0 	0.0 	33.3 	2.1 	569 	35.5 	2.1 	0.1 	0.0 	0.1 	0.0 	0.266 	1.000 	0.300 	(0)	0.000 	0.000 	178 	277 	99 	70 	90 	20 	0.175 				-	-		-	-		-	-		-	-		7.3 	5.4 	4.5 	11.9 	6.1 	6.3 	6.6 	0.0 	6.3 	6.2 	6.7 	6.6 	6.3 	6.5 	6.5 	5.9 	6.2 		WR51	WR59	WR64	WR33	WR65	WR64	WR62	-	WR69	WR63	WR62	WR75	WR67	WR72	WR74	WR76	WR75		WR74	6.3 	0.0 	0.0 	0.0 	0.0 	2.1 	31.9 	0.2 	74 	0.273 	1.000 	0.260 	(0)	0.000 	0.000 	190 	0.158 		76 		-	-		-	-		-	-		-	-		WR62	7.3 	0.0 	0.0 	0.0 	0.0 	6.3 	95.6 	0.5 	62 	0.249 	1.000 	0.380 	(0)	0.000 	0.000 	#N/A	0.208 		29.1 		-	-		-	-		-	-		-	-					Houston Texans	Buffalo Bills	0 	0.0 	0 	0.0 	2.0 	53 	0.0 	0.0 	0.0 	0.0 	0.0 	7.3 	WR51		Houston Texans	Cincinnati Bengals	0 	0.0 	13 	0.0 	1.0 	31 	0.0 	0.0 	0.0 	0.0 	0.0 	5.4 	WR59		Houston Texans	Indianapolis Colts	0 	0.0 	8 	0.0 	2.0 	17 	0.0 	0.0 	0.0 	0.0 	0.0 	4.5 	WR64		Houston Texans	Dallas Cowboys	0 	0.0 	4 	0.0 	3.0 	85 	0.0 	0.0 	0.0 	0.0 	0.0 	11.9 	WR33		Houston Texans	Tennessee Titans	0 	0.0 	0 	0.0 	2.0 	31 	0.2 	0.0 	0.0 	0.0 	0.0 	6.1 	WR65		Houston Texans	Jacksonville Jaguars	0 	0.0 	0 	0.0 	2.1 	32 	0.2 	0.0 	0.0 	0.0 	0.0 	6.3 	WR64		Houston Texans	New York Giants	0 	0.0 	0 	0.0 	2.2 	33 	0.2 	0.0 	0.0 	0.0 	0.0 	6.6 	WR62		Houston Texans	BYE	0 	0.0 	0 	0.0 	0.0 	0 	0.0 	0.0 	0.0 	0.0 	0.0 	0.0 	-		Houston Texans	Los Angeles Chargers	0 	0.0 	0 	0.0 	2.1 	32 	0.2 	0.0 	0.0 	0.0 	0.0 	6.3 	WR69		Houston Texans	Cleveland Browns	0 	0.0 	0 	0.0 	2.1 	31 	0.2 	0.0 	0.0 	0.0 	0.0 	6.2 	WR63		Houston Texans	Indianapolis Colts	0 	0.0 	0 	0.0 	2.2 	33 	0.2 	0.0 	0.0 	0.0 	0.0 	6.7 	WR62		Houston Texans	Baltimore Ravens	0 	0.0 	0 	0.0 	2.2 	33 	0.2 	0.0 	0.0 	0.0 	0.0 	6.6 	WR75		Houston Texans	Pittsburgh Steelers	0 	0.0 	0 	0.0 	2.1 	32 	0.2 	0.0 	0.0 	0.0 	0.0 	6.3 	WR67		Houston Texans	Washington Commanders	0 	0.0 	0 	0.0 	2.2 	33 	0.2 	0.0 	0.0 	0.0 	0.0 	6.5 	WR72		Houston Texans	Jacksonville Jaguars	0 	0.0 	0 	0.0 	2.2 	33 	0.2 	0.0 	0.0 	0.0 	0.0 	6.5 	WR74		Houston Texans	Philadelphia Eagles	0 	0.0 	0 	0.0 	2.0 	30 	0.1 	0.0 	0.0 	0.0 	0.0 	5.9 	WR76		Houston Texans	Green Bay Packers	0 	0.0 	0 	0.0 	2.1 	32 	0.2 	0.0 	0.0 	0.0 	0.0 	6.2 	WR75		Actual	Actual	Actual	Actual	Forecast	Forecast	Forecast	Forecast	Forecast	Forecast	Forecast	Forecast	Forecast	Forecast	Forecast	Forecast	Forecast		Healthy	Healthy	Healthy	Healthy	Healthy	Healthy	Healthy	Healthy	Healthy	Healthy	Healthy	Healthy	Healthy	Healthy	Healthy	Healthy	Healthy		Week 5 2026	10/8/2026	8:57:03 PM	20		14%	12%	0%	0%	0%	0%		(0.1)	0	0	0	0	0	(0.050520)
	Kaelon Black	San Francisco 49ers	RB	RB56	4.1 	65 	0 	0.0 	0.0 	0.0 	456 	28.5 	1.9 	0.1 	6.0 	0.4 	33 	2.0 	0.0 	0.0 	0.0 	0.9 	0.0 	0.164 	1.000 	0.315 	(1)	0.000 	0.000 	182 	195 	13 	56 	58 	2 	0.166 				-	-		-	-		-	-		-	-		8.0 	2.5 	1.7 	1.3 	3.9 	5.0 	4.6 	0.0 	5.0 	4.2 	4.3 	3.9 	4.3 	4.0 	3.9 	3.9 	4.2 		RB35	RB55	RB55	RB57	RB50	RB44	RB45	-	RB49	RB48	RB42	RB55	RB51	RB52	RB55	RB56	RB56		RB54	4.3 	0.0 	0.0 	28.0 	0.2 	0.4 	2.3 	0.0 	54 	0.184 	1.000 	0.341 	(1)	0.000 	0.000 	177 	0.181 		51 		-	-		-	-		-	-		-	-		RB61	3.4 	0.0 	0.0 	84.1 	0.5 	1.3 	6.9 	0.0 	61 	0.116 	1.000 	0.251 	(1)	0.000 	0.000 	#N/A	0.130 		13.5 		-	-		-	-		-	-		-	-					San Francisco 49ers	Los Angeles Rams	0 	0.0 	65 	0.0 	1.0 	5 	0.0 	0.0 	0.0 	0.0 	0.0 	8.0 	RB35		San Francisco 49ers	Miami Dolphins	0 	0.0 	25 	0.0 	0.0 	0 	0.0 	0.0 	0.0 	0.0 	0.0 	2.5 	RB55		San Francisco 49ers	Arizona Cardinals	0 	0.0 	17 	0.0 	0.0 	0 	0.0 	0.0 	0.0 	0.0 	0.0 	1.7 	RB55		San Francisco 49ers	Denver Broncos	0 	0.0 	13 	0.0 	0.0 	0 	0.0 	0.0 	0.0 	0.0 	0.0 	1.3 	RB57		San Francisco 49ers	Seattle Seahawks	0 	0.0 	26 	0.1 	0.4 	2 	0.0 	0.0 	0.1 	0.0 	0.0 	3.9 	RB50		San Francisco 49ers	Washington Commanders	0 	0.0 	33 	0.2 	0.4 	2 	0.0 	0.0 	0.1 	0.0 	0.0 	5.0 	RB44		San Francisco 49ers	Atlanta Falcons	0 	0.0 	30 	0.2 	0.4 	2 	0.0 	0.0 	0.1 	0.0 	0.0 	4.6 	RB45		San Francisco 49ers	BYE	0 	0.0 	0 	0.0 	0.0 	0 	0.0 	0.0 	0.0 	0.0 	0.0 	0.0 	-		San Francisco 49ers	Las Vegas Raiders	0 	0.0 	33 	0.2 	0.4 	2 	0.0 	0.0 	0.1 	0.0 	0.0 	5.0 	RB49		San Francisco 49ers	Dallas Cowboys	0 	0.0 	27 	0.2 	0.4 	2 	0.0 	0.0 	0.1 	0.0 	0.0 	4.2 	RB48		San Francisco 49ers	Minnesota Vikings	0 	0.0 	28 	0.2 	0.4 	2 	0.0 	0.0 	0.1 	0.0 	0.0 	4.3 	RB42		San Francisco 49ers	Seattle Seahawks	0 	0.0 	26 	0.1 	0.4 	2 	0.0 	0.0 	0.1 	0.0 	0.0 	3.9 	RB55		San Francisco 49ers	New York Giants	0 	0.0 	28 	0.2 	0.4 	2 	0.0 	0.0 	0.1 	0.0 	0.0 	4.3 	RB51		San Francisco 49ers	Los Angeles Rams	0 	0.0 	26 	0.1 	0.4 	2 	0.0 	0.0 	0.1 	0.0 	0.0 	4.0 	RB52		San Francisco 49ers	Los Angeles Chargers	0 	0.0 	26 	0.1 	0.4 	2 	0.0 	0.0 	0.1 	0.0 	0.0 	3.9 	RB55		San Francisco 49ers	Kansas City Chiefs	0 	0.0 	26 	0.1 	0.4 	2 	0.0 	0.0 	0.1 	0.0 	0.0 	3.9 	RB56		San Francisco 49ers	Philadelphia Eagles	0 	0.0 	28 	0.2 	0.4 	2 	0.0 	0.0 	0.1 	0.0 	0.0 	4.2 	RB56		Actual	Actual	Actual	Actual	Forecast	Forecast	Forecast	Forecast	Forecast	Forecast	Forecast	Forecast	Forecast	Forecast	Forecast	Forecast	Forecast		Healthy	Healthy	Healthy	Healthy	Healthy	Healthy	Healthy	Healthy	Healthy	Healthy	Healthy	Healthy	Healthy	Healthy	Healthy	Healthy	Healthy		Week 5 2026	10/8/2026	8:57:03 PM	20		1%	0%	23%	18%	0%	0%		0.1 	0	0	0	0	0	0.050720 
	Adonai Mitchell	New York Jets	WR	WR69	8.2 	107 	0 	0.0 	0.0 	0.0 	0 	0.0 	0.0 	0.0 	40.4 	3.1 	531 	40.8 	2.2 	0.2 	0.0 	0.1 	0.0 	0.270 	1.000 	0.310 	(0)	0.000 	0.000 	175 	232 	57 	69 	75 	6 	0.180 				-	-		-	-		-	-		-	-		9.0 	12.3 	0.0 	0.0 	0.0 	7.5 	8.0 	7.8 	7.6 	8.2 	7.6 	7.8 	0.0 	7.6 	7.8 	7.6 	7.7 		WR38	WR23	-	-	-	WR54	WR50	WR53	WR60	WR49	WR53	WR59	-	WR57	WR59	WR61	WR60		WR66	7.8 	0.0 	0.0 	0.0 	0.0 	2.9 	37.1 	0.2 	66 	0.306 	1.000 	0.340 	(0)	0.000 	0.000 	170 	0.199 		85 		-	-		-	-		-	-		-	-		WR80	10.7 	0.0 	0.0 	0.0 	0.0 	15.7 	204.0 	1.1 	80 	0.183 	1.000 	0.200 	(0)	0.000 	0.000 	#N/A	0.117 		21.3 		-	-		-	-		-	-		-	-					New York Jets	Tennessee Titans	0 	0.0 	0 	0.0 	3.0 	60 	0.0 	0.0 	0.0 	0.0 	0.0 	9.0 	WR38		New York Jets	Green Bay Packers	0 	0.0 	0 	0.0 	6.0 	63 	0.0 	0.0 	0.0 	0.0 	0.0 	12.3 	WR23		New York Jets	Detroit Lions	0 	0.0 	0 	0.0 	0.0 	0 	0.0 	0.0 	0.0 	0.0 	0.0 	0.0 	-		New York Jets	Chicago Bears	0 	0.0 	0 	0.0 	0.0 	0 	0.0 	0.0 	0.0 	0.0 	0.0 	0.0 	-		New York Jets	Cleveland Browns	0 	0.0 	0 	0.0 	0.0 	0 	0.0 	0.0 	0.0 	0.0 	0.0 	0.0 	-		New York Jets	New England Patriots	0 	0.0 	0 	0.0 	2.8 	36 	0.2 	0.0 	0.0 	0.0 	0.0 	7.5 	WR54		New York Jets	Miami Dolphins	0 	0.0 	0 	0.0 	2.9 	38 	0.2 	0.0 	0.0 	0.0 	0.0 	8.0 	WR50		New York Jets	Las Vegas Raiders	0 	0.0 	0 	0.0 	2.8 	37 	0.2 	0.0 	0.0 	0.0 	0.0 	7.8 	WR53		New York Jets	Kansas City Chiefs	0 	0.0 	0 	0.0 	2.8 	37 	0.2 	0.0 	0.0 	0.0 	0.0 	7.6 	WR60		New York Jets	Buffalo Bills	0 	0.0 	0 	0.0 	3.0 	39 	0.2 	0.0 	0.0 	0.0 	0.0 	8.2 	WR49		New York Jets	Los Angeles Chargers	0 	0.0 	0 	0.0 	2.8 	37 	0.2 	0.0 	0.0 	0.0 	0.0 	7.6 	WR53		New York Jets	Miami Dolphins	0 	0.0 	0 	0.0 	2.8 	37 	0.2 	0.0 	0.0 	0.0 	0.0 	7.8 	WR59		New York Jets	BYE	0 	0.0 	0 	0.0 	0.0 	0 	0.0 	0.0 	0.0 	0.0 	0.0 	0.0 	-		New York Jets	Denver Broncos	0 	0.0 	0 	0.0 	2.8 	37 	0.2 	0.0 	0.0 	0.0 	0.0 	7.6 	WR57		New York Jets	Arizona Cardinals	0 	0.0 	0 	0.0 	2.9 	37 	0.2 	0.0 	0.0 	0.0 	0.0 	7.8 	WR59		New York Jets	New England Patriots	0 	0.0 	0 	0.0 	2.8 	37 	0.2 	0.0 	0.0 	0.0 	0.0 	7.6 	WR61		New York Jets	Minnesota Vikings	0 	0.0 	0 	0.0 	2.8 	37 	0.2 	0.0 	0.0 	0.0 	0.0 	7.7 	WR60		Actual	Actual	Actual	Actual	Forecast	Forecast	Forecast	Forecast	Forecast	Forecast	Forecast	Forecast	Forecast	Forecast	Forecast	Forecast	Forecast		Healthy	Healthy	Injured	Injured	Injured	Limited / Handicapped	Healthy	Healthy	Healthy	Healthy	Healthy	Healthy	Healthy	Healthy	Healthy	Healthy	Healthy		Week 5 2026	10/8/2026	8:57:03 PM	20		17%	16%	0%	0%	0%	0%		0.1 	0	1	1	1	0	
	Kyle Pitts Sr.	Atlanta Falcons	TE	TE26	7.2 	108 	0 	0.0 	0.0 	0.0 	0 	0.0 	0.0 	0.0 	42.1 	2.8 	494 	32.9 	2.7 	0.2 	0.0 	0.1 	0.0 	0.273 	0.560 	0.338 	(0)	0.000 	0.000 	176 	71 	(105)	26 	8 	(18)	0.176 				-	-		-	-		-	-		-	-		0.0 	2.5 	1.5 	7.7 	8.0 	8.1 	8.1 	8.0 	8.4 	7.9 	0.0 	7.7 	8.3 	7.5 	8.1 	8.0 	7.9 		-	TE31	TE31	TE21	TE22	TE22	TE22	TE21	TE23	TE22	-	TE25	TE17	TE23	TE24	TE24	TE25		TE24	8.0 	0.0 	0.0 	0.0 	0.0 	3.1 	35.5 	0.2 	24 	0.344 	0.560 	0.357 	0 	0.059 	0.000 	161 	0.221 		96 		-	-		-	-		-	-		-	-		TE50	3.9 	0.0 	0.0 	0.0 	0.0 	12.4 	142.2 	0.9 	50 	0.100 	0.560 	0.094 	(1)	0.000 	0.000 	#N/A	0.053 		11.7 		-	-		-	-		-	-		-	-					Atlanta Falcons	Pittsburgh Steelers	0 	0.0 	0 	0.0 	0.0 	0 	0.0 	0.0 	0.0 	0.0 	0.0 	0.0 	-		Atlanta Falcons	Carolina Panthers	0 	0.0 	0 	0.0 	1.0 	15 	0.0 	0.0 	0.0 	0.0 	0.0 	2.5 	TE31		Atlanta Falcons	Green Bay Packers	0 	0.0 	0 	0.0 	1.0 	5 	0.0 	0.0 	0.0 	0.0 	0.0 	1.5 	TE31		Atlanta Falcons	New Orleans Saints	0 	0.0 	0 	0.0 	3.0 	47 	0.0 	0.0 	0.0 	0.0 	0.0 	7.7 	TE21		Atlanta Falcons	Baltimore Ravens	0 	0.0 	0 	0.0 	3.1 	35 	0.2 	0.0 	0.0 	0.0 	0.0 	8.0 	TE22		Atlanta Falcons	Chicago Bears	0 	0.0 	0 	0.0 	3.1 	36 	0.2 	0.0 	0.0 	0.0 	0.0 	8.1 	TE22		Atlanta Falcons	San Francisco 49ers	0 	0.0 	0 	0.0 	3.1 	36 	0.2 	0.0 	0.0 	0.0 	0.0 	8.1 	TE22		Atlanta Falcons	Tampa Bay Buccaneers	0 	0.0 	0 	0.0 	3.1 	36 	0.2 	0.0 	0.0 	0.0 	0.0 	8.0 	TE21		Atlanta Falcons	Cincinnati Bengals	0 	0.0 	0 	0.0 	3.2 	37 	0.2 	0.0 	0.0 	0.0 	0.0 	8.4 	TE23		Atlanta Falcons	Kansas City Chiefs	0 	0.0 	0 	0.0 	3.1 	35 	0.2 	0.0 	0.0 	0.0 	0.0 	7.9 	TE22		Atlanta Falcons	BYE	0 	0.0 	0 	0.0 	0.0 	0 	0.0 	0.0 	0.0 	0.0 	0.0 	0.0 	-		Atlanta Falcons	Minnesota Vikings	0 	0.0 	0 	0.0 	3.0 	35 	0.2 	0.0 	0.0 	0.0 	0.0 	7.7 	TE25		Atlanta Falcons	Detroit Lions	0 	0.0 	0 	0.0 	3.2 	37 	0.2 	0.0 	0.0 	0.0 	0.0 	8.3 	TE17		Atlanta Falcons	Cleveland Browns	0 	0.0 	0 	0.0 	2.9 	34 	0.2 	0.0 	0.0 	0.0 	0.0 	7.5 	TE23		Atlanta Falcons	Washington Commanders	0 	0.0 	0 	0.0 	3.1 	36 	0.2 	0.0 	0.0 	0.0 	0.0 	8.1 	TE24		Atlanta Falcons	Tampa Bay Buccaneers	0 	0.0 	0 	0.0 	3.1 	35 	0.2 	0.0 	0.0 	0.0 	0.0 	8.0 	TE24		Atlanta Falcons	New Orleans Saints	0 	0.0 	0 	0.0 	3.0 	35 	0.2 	0.0 	0.0 	0.0 	0.0 	7.9 	TE25		Actual	Actual	Actual	Actual	Forecast	Forecast	Forecast	Forecast	Forecast	Forecast	Forecast	Forecast	Forecast	Forecast	Forecast	Forecast	Forecast		Healthy	Healthy	Healthy	Healthy	Healthy	Healthy	Healthy	Healthy	Healthy	Healthy	Healthy	Healthy	Healthy	Healthy	Healthy	Healthy	Healthy		Week 5 2026	10/8/2026	8:57:03 PM	20		18%	18%	0%	0%	0%	0%		0.2 	0	0	0	0	0	0.168245 
	Braelon Allen	New York Jets	RB	RB54	4.4 	71 	0 	0.0 	0.0 	0.0 	418 	26.1 	3.4 	0.2 	6.0 	0.4 	45 	2.8 	0.0 	0.0 	0.0 	0.9 	0.0 	0.179 	1.000 	0.341 	(1)	0.000 	0.000 	174 	197 	23 	54 	59 	5 	0.180 				-	-		-	-		-	-		-	-		4.0 	8.5 	4.7 	8.7 	9.9 	3.0 	3.8 	3.7 	2.7 	3.2 	2.7 	3.4 	0.0 	2.9 	3.5 	2.9 	3.1 		RB48	RB31	RB43	RB32	RB26	RB52	RB49	RB51	RB58	RB53	RB49	RB59	-	RB60	RB59	RB62	RB60		RB57	3.7 	0.0 	0.0 	24.9 	0.2 	0.0 	2.2 	0.0 	57 	0.161 	1.000 	0.302 	(1)	0.000 	0.000 	188 	0.160 		45 		-	-		-	-		-	-		-	-		RB39	6.5 	0.0 	0.0 	74.6 	0.6 	0.0 	6.6 	0.0 	39 	0.222 	1.000 	0.532 	(0)	0.000 	0.000 	#N/A	0.273 		25.9 		-	-		-	-		-	-		-	-					New York Jets	Tennessee Titans	0 	0.0 	40 	0.0 	0.0 	0 	0.0 	0.0 	0.0 	0.0 	0.0 	4.0 	RB48		New York Jets	Green Bay Packers	0 	0.0 	7 	1.0 	1.0 	8 	0.0 	0.0 	0.0 	0.0 	0.0 	8.5 	RB31		New York Jets	Detroit Lions	0 	0.0 	14 	0.0 	3.0 	3 	0.0 	0.0 	0.0 	0.0 	0.0 	4.7 	RB43		New York Jets	Chicago Bears	0 	0.0 	59 	0.0 	2.0 	8 	0.0 	0.0 	0.0 	0.0 	0.0 	8.7 	RB32		New York Jets	Cleveland Browns	0 	0.0 	68 	0.5 	0.0 	2 	0.0 	0.0 	0.2 	0.0 	0.0 	9.9 	RB26		New York Jets	New England Patriots	0 	0.0 	20 	0.2 	0.0 	2 	0.0 	0.0 	0.1 	0.0 	0.0 	3.0 	RB52		New York Jets	Miami Dolphins	0 	0.0 	25 	0.2 	0.0 	2 	0.0 	0.0 	0.1 	0.0 	0.0 	3.8 	RB49		New York Jets	Las Vegas Raiders	0 	0.0 	24 	0.2 	0.0 	2 	0.0 	0.0 	0.1 	0.0 	0.0 	3.7 	RB51		New York Jets	Kansas City Chiefs	0 	0.0 	18 	0.1 	0.0 	2 	0.0 	0.0 	0.1 	0.0 	0.0 	2.7 	RB58		New York Jets	Buffalo Bills	0 	0.0 	21 	0.2 	0.0 	2 	0.0 	0.0 	0.1 	0.0 	0.0 	3.2 	RB53		New York Jets	Los Angeles Chargers	0 	0.0 	18 	0.1 	0.0 	2 	0.0 	0.0 	0.1 	0.0 	0.0 	2.7 	RB49		New York Jets	Miami Dolphins	0 	0.0 	22 	0.2 	0.0 	2 	0.0 	0.0 	0.1 	0.0 	0.0 	3.4 	RB59		New York Jets	BYE	0 	0.0 	0 	0.0 	0.0 	0 	0.0 	0.0 	0.0 	0.0 	0.0 	0.0 	-		New York Jets	Denver Broncos	0 	0.0 	20 	0.1 	0.0 	2 	0.0 	0.0 	0.1 	0.0 	0.0 	2.9 	RB60		New York Jets	Arizona Cardinals	0 	0.0 	23 	0.2 	0.0 	2 	0.0 	0.0 	0.1 	0.0 	0.0 	3.5 	RB59		New York Jets	New England Patriots	0 	0.0 	20 	0.1 	0.0 	2 	0.0 	0.0 	0.1 	0.0 	0.0 	2.9 	RB62		New York Jets	Minnesota Vikings	0 	0.0 	21 	0.2 	0.0 	2 	0.0 	0.0 	0.1 	0.0 	0.0 	3.1 	RB60		Actual	Actual	Actual	Actual	Forecast	Forecast	Forecast	Forecast	Forecast	Forecast	Forecast	Forecast	Forecast	Forecast	Forecast	Forecast	Forecast		Healthy	Healthy	Healthy	Healthy	Healthy	Healthy	Healthy	Healthy	Healthy	Healthy	Healthy	Healthy	Healthy	Healthy	Healthy	Healthy	Healthy		Week 5 2026	10/8/2026	8:57:03 PM	20		1%	0%	21%	24%	0%	0%		(0.1)	0	0	0	0	0	(0.112339)
	Michael Pittman Jr.	Pittsburgh Steelers	WR	WR74	7.0 	98 	0 	0.0 	0.0 	0.0 	0 	0.0 	0.0 	0.0 	36.8 	2.6 	441 	31.5 	2.8 	0.2 	0.0 	0.1 	0.0 	0.247 	1.000 	0.260 	(0)	0.000 	0.000 	188 	95 	(93)	74 	39 	(35)	0.154 							-	-		-	-		-	-		8.8 	0.0 	3.6 	3.5 	0.0 	7.3 	7.6 	7.3 	0.0 	7.8 	7.3 	7.1 	7.3 	7.4 	7.6 	7.6 	7.5 		WR41	-	WR72	WR66	-	WR57	WR52	WR62	-	WR50	WR58	WR70	WR61	WR64	WR63	WR64	WR65		WR72	7.4 	0.0 	0.0 	0.0 	0.0 	2.7 	32.0 	0.3 	71 	0.293 	1.000 	0.290 	(0)	0.000 	0.000 	180 	0.174 		82 		-	-		-	-		-	-		-	-		WR95	5.3 	0.0 	0.0 	0.0 	0.0 	9.9 	117.3 	0.9 	95 	0.136 	1.000 	0.050 	(1)	0.000 	0.000 	#N/A	0.043 		15.9 		-	-		-	-		-	-		-	-					Pittsburgh Steelers	Atlanta Falcons	0 	0.0 	0 	0.0 	3.0 	58 	0.0 	0.0 	0.0 	0.0 	0.0 	8.8 	WR41		Pittsburgh Steelers	New England Patriots	0 	0.0 	0 	0.0 	0.0 	0 	0.0 	0.0 	0.0 	0.0 	0.0 	0.0 	-		Pittsburgh Steelers	Cincinnati Bengals	0 	0.0 	0 	0.0 	2.0 	16 	0.0 	0.0 	0.0 	0.0 	0.0 	3.6 	WR72		Pittsburgh Steelers	Cleveland Browns	0 	0.0 	0 	0.0 	2.0 	15 	0.0 	0.0 	0.0 	0.0 	0.0 	3.5 	WR66		Pittsburgh Steelers	Indianapolis Colts	0 	0.0 	0 	0.0 	0.0 	0 	0.0 	0.0 	0.0 	0.0 	0.0 	0.0 	-		Pittsburgh Steelers	Tampa Bay Buccaneers	0 	0.0 	0 	0.0 	2.7 	32 	0.3 	0.0 	0.0 	0.0 	0.0 	7.3 	WR57		Pittsburgh Steelers	New Orleans Saints	0 	0.0 	0 	0.0 	2.7 	32 	0.3 	0.0 	0.0 	0.0 	0.0 	7.6 	WR52		Pittsburgh Steelers	Cleveland Browns	0 	0.0 	0 	0.0 	2.6 	31 	0.3 	0.0 	0.0 	0.0 	0.0 	7.3 	WR62		Pittsburgh Steelers	BYE	0 	0.0 	0 	0.0 	0.0 	0 	0.0 	0.0 	0.0 	0.0 	0.0 	0.0 	-		Pittsburgh Steelers	Cincinnati Bengals	0 	0.0 	0 	0.0 	2.8 	33 	0.3 	0.0 	0.0 	0.0 	0.0 	7.8 	WR50		Pittsburgh Steelers	Philadelphia Eagles	0 	0.0 	0 	0.0 	2.7 	32 	0.2 	0.0 	0.0 	0.0 	0.0 	7.3 	WR58		Pittsburgh Steelers	Denver Broncos	0 	0.0 	0 	0.0 	2.6 	31 	0.2 	0.0 	0.0 	0.0 	0.0 	7.1 	WR70		Pittsburgh Steelers	Houston Texans	0 	0.0 	0 	0.0 	2.7 	32 	0.2 	0.0 	0.0 	0.0 	0.0 	7.3 	WR61		Pittsburgh Steelers	Jacksonville Jaguars	0 	0.0 	0 	0.0 	2.7 	32 	0.3 	0.0 	0.0 	0.0 	0.0 	7.4 	WR64		Pittsburgh Steelers	Baltimore Ravens	0 	0.0 	0 	0.0 	2.8 	33 	0.3 	0.0 	0.0 	0.0 	0.0 	7.6 	WR63		Pittsburgh Steelers	Carolina Panthers	0 	0.0 	0 	0.0 	2.7 	32 	0.3 	0.0 	0.0 	0.0 	0.0 	7.6 	WR64		Pittsburgh Steelers	Tennessee Titans	0 	0.0 	0 	0.0 	2.7 	32 	0.3 	0.0 	0.0 	0.0 	0.0 	7.5 	WR65		Actual	Actual	Actual	Actual	Forecast	Forecast	Forecast	Forecast	Forecast	Forecast	Forecast	Forecast	Forecast	Forecast	Forecast	Forecast	Forecast		Healthy	Injured	Healthy	Healthy	Injured	Healthy	Healthy	Healthy	Healthy	Healthy	Healthy	Healthy	Healthy	Healthy	Healthy	Healthy	Healthy		Week 5 2026	10/8/2026	8:57:03 PM	20		14%	16%	0%	0%	0%	0%		0.1 	1	0	0	1	0	
	Oronde Gadsden II	Los Angeles Chargers	TE	TE27	6.7 	100 	0 	0.0 	0.0 	0.0 	2 	0.1 	0.0 	0.0 	38.0 	2.5 	420 	28.0 	3.4 	0.2 	0.0 	0.1 	0.0 	0.254 	0.560 	0.328 	(0)	0.000 	0.000 	181 	253 	72 	27 	29 	2 	0.169 				-	-		-	-		-	-		-	-		5.2 	9.8 	0.0 	8.8 	6.1 	6.3 	0.0 	6.5 	6.3 	6.5 	6.2 	6.4 	6.5 	6.4 	6.6 	6.4 	6.4 		TE25	TE14	-	TE19	TE25	TE25	-	TE24	TE26	TE25	TE24	TE28	TE23	TE26	TE28	TE27	TE27		TE28	6.4 	0.0 	0.0 	0.0 	0.0 	2.4 	27.8 	0.2 	28 	0.275 	0.560 	0.318 	(0)	0.000 	0.000 	184 	0.168 		77 		-	-		-	-		-	-		-	-		TE29	7.9 	0.0 	0.0 	0.0 	0.0 	9.7 	111.2 	0.8 	29 	0.204 	0.560 	0.308 	(0)	0.000 	0.000 	#N/A	0.154 		23.8 		-	-		-	-		-	-		-	-					Los Angeles Chargers	Arizona Cardinals	0 	0.0 	0 	0.0 	2.0 	32 	0.0 	0.0 	0.0 	0.0 	0.0 	5.2 	TE25		Los Angeles Chargers	Las Vegas Raiders	0 	0.0 	0 	0.0 	2.0 	18 	1.0 	0.0 	0.0 	0.0 	0.0 	9.8 	TE14		Los Angeles Chargers	Buffalo Bills	0 	0.0 	0 	0.0 	0.0 	0 	0.0 	0.0 	0.0 	0.0 	0.0 	0.0 	-		Los Angeles Chargers	Seattle Seahawks	0 	0.0 	2 	0.0 	5.0 	36 	0.0 	0.0 	0.0 	0.0 	0.0 	8.8 	TE19		Los Angeles Chargers	Denver Broncos	0 	0.0 	0 	0.0 	2.4 	27 	0.2 	0.0 	0.0 	0.0 	0.0 	6.1 	TE25		Los Angeles Chargers	Kansas City Chiefs	0 	0.0 	0 	0.0 	2.5 	28 	0.2 	0.0 	0.0 	0.0 	0.0 	6.3 	TE25		Los Angeles Chargers	BYE	0 	0.0 	0 	0.0 	0.0 	0 	0.0 	0.0 	0.0 	0.0 	0.0 	0.0 	-		Los Angeles Chargers	Los Angeles Rams	0 	0.0 	0 	0.0 	2.5 	29 	0.2 	0.0 	0.0 	0.0 	0.0 	6.5 	TE24		Los Angeles Chargers	Houston Texans	0 	0.0 	0 	0.0 	2.4 	28 	0.2 	0.0 	0.0 	0.0 	0.0 	6.3 	TE26		Los Angeles Chargers	Baltimore Ravens	0 	0.0 	0 	0.0 	2.5 	28 	0.2 	0.0 	0.0 	0.0 	0.0 	6.5 	TE25		Los Angeles Chargers	New York Jets	0 	0.0 	0 	0.0 	2.3 	27 	0.2 	0.0 	0.0 	0.0 	0.0 	6.2 	TE24		Los Angeles Chargers	New England Patriots	0 	0.0 	0 	0.0 	2.4 	28 	0.2 	0.0 	0.0 	0.0 	0.0 	6.4 	TE28		Los Angeles Chargers	Tampa Bay Buccaneers	0 	0.0 	0 	0.0 	2.5 	28 	0.2 	0.0 	0.0 	0.0 	0.0 	6.5 	TE23		Los Angeles Chargers	Las Vegas Raiders	0 	0.0 	0 	0.0 	2.4 	27 	0.2 	0.0 	0.0 	0.0 	0.0 	6.4 	TE26		Los Angeles Chargers	San Francisco 49ers	0 	0.0 	0 	0.0 	2.5 	28 	0.2 	0.0 	0.0 	0.0 	0.0 	6.6 	TE28		Los Angeles Chargers	Miami Dolphins	0 	0.0 	0 	0.0 	2.4 	28 	0.2 	0.0 	0.0 	0.0 	0.0 	6.4 	TE27		Los Angeles Chargers	Kansas City Chiefs	0 	0.0 	0 	0.0 	2.4 	28 	0.2 	0.0 	0.0 	0.0 	0.0 	6.4 	TE27		Actual	Actual	Actual	Actual	Forecast	Forecast	Forecast	Forecast	Forecast	Forecast	Forecast	Forecast	Forecast	Forecast	Forecast	Forecast	Forecast		Healthy	Healthy	Healthy	Healthy	Healthy	Healthy	Healthy	Healthy	Healthy	Healthy	Healthy	Healthy	Healthy	Healthy	Healthy	Healthy	Healthy		Week 5 2026	10/8/2026	8:57:03 PM	20		13%	13%	0%	0%	0%	0%		0.0 	0	0	0	0	0	0.014486 
	Mike Washington Jr.	Las Vegas Raiders	RB	RB57	4.0 	63 	0 	0.0 	0.0 	0.0 	416 	26.0 	2.5 	0.2 	4.9 	0.3 	26 	1.6 	0.2 	0.0 	0.0 	1.0 	0.0 	0.160 	1.000 	0.302 	(1)	0.000 	0.000 	185 	129 	(56)	57 	43 	(14)	0.160 				-	-		-	-		-	-		-	-		4.1 	0.7 	11.4 	2.7 	3.8 	4.1 	3.4 	3.8 	3.4 	3.4 	3.2 	3.8 	0.0 	3.5 	3.6 	4.2 	4.2 		RB46	RB65	RB19	RB50	RB51	RB50	RB51	RB50	RB55	RB50	RB46	RB56	-	RB56	RB58	RB55	RB54		RB58	3.7 	0.0 	0.0 	24.7 	0.1 	0.3 	2.3 	0.0 	58 	0.159 	1.000 	0.289 	(1)	0.000 	0.000 	192 	0.154 		44 		-	-		-	-		-	-		-	-		RB49	4.7 	0.0 	0.0 	74.1 	0.4 	1.0 	6.8 	0.0 	49 	0.162 	1.000 	0.405 	(0)	0.000 	0.000 	#N/A	0.206 		18.9 		-	-		-	-		-	-		-	-					Las Vegas Raiders	Miami Dolphins	0 	0.0 	41 	0.0 	0.0 	0 	0.0 	0.0 	0.0 	0.0 	0.0 	4.1 	RB46		Las Vegas Raiders	Los Angeles Chargers	0 	0.0 	7 	0.0 	0.0 	0 	0.0 	0.0 	0.0 	0.0 	0.0 	0.7 	RB65		Las Vegas Raiders	New Orleans Saints	0 	0.0 	54 	1.0 	0.0 	0 	0.0 	0.0 	0.0 	0.0 	0.0 	11.4 	RB19		Las Vegas Raiders	Kansas City Chiefs	0 	0.0 	18 	0.0 	1.0 	(1)	0.0 	0.0 	0.0 	0.0 	0.0 	2.7 	RB50		Las Vegas Raiders	New England Patriots	0 	0.0 	25 	0.1 	0.3 	2 	0.0 	0.0 	0.1 	0.0 	0.0 	3.8 	RB51		Las Vegas Raiders	Buffalo Bills	0 	0.0 	26 	0.1 	0.3 	2 	0.0 	0.0 	0.1 	0.0 	0.0 	4.1 	RB50		Las Vegas Raiders	Los Angeles Rams	0 	0.0 	22 	0.1 	0.3 	2 	0.0 	0.0 	0.1 	0.0 	0.0 	3.4 	RB51		Las Vegas Raiders	New York Jets	0 	0.0 	26 	0.1 	0.3 	2 	0.0 	0.0 	0.1 	0.0 	0.0 	3.8 	RB50		Las Vegas Raiders	San Francisco 49ers	0 	0.0 	22 	0.1 	0.3 	2 	0.0 	0.0 	0.1 	0.0 	0.0 	3.4 	RB55		Las Vegas Raiders	Seattle Seahawks	0 	0.0 	23 	0.1 	0.3 	2 	0.0 	0.0 	0.1 	0.0 	0.0 	3.4 	RB50		Las Vegas Raiders	Denver Broncos	0 	0.0 	21 	0.1 	0.3 	2 	0.0 	0.0 	0.1 	0.0 	0.0 	3.2 	RB46		Las Vegas Raiders	Cleveland Browns	0 	0.0 	26 	0.1 	0.3 	2 	0.0 	0.0 	0.1 	0.0 	0.0 	3.8 	RB56		Las Vegas Raiders	BYE	0 	0.0 	0 	0.0 	0.0 	0 	0.0 	0.0 	0.0 	0.0 	0.0 	0.0 	-		Las Vegas Raiders	Los Angeles Chargers	0 	0.0 	23 	0.1 	0.3 	2 	0.0 	0.0 	0.1 	0.0 	0.0 	3.5 	RB56		Las Vegas Raiders	Denver Broncos	0 	0.0 	24 	0.1 	0.3 	2 	0.0 	0.0 	0.1 	0.0 	0.0 	3.6 	RB58		Las Vegas Raiders	Tennessee Titans	0 	0.0 	28 	0.2 	0.3 	2 	0.0 	0.0 	0.1 	0.0 	0.0 	4.2 	RB55		Las Vegas Raiders	Arizona Cardinals	0 	0.0 	28 	0.2 	0.3 	2 	0.0 	0.0 	0.1 	0.0 	0.0 	4.2 	RB54		Actual	Actual	Actual	Actual	Forecast	Forecast	Forecast	Forecast	Forecast	Forecast	Forecast	Forecast	Forecast	Forecast	Forecast	Forecast	Forecast		Healthy	Healthy	Healthy	Healthy	Healthy	Healthy	Healthy	Healthy	Healthy	Healthy	Healthy	Healthy	Healthy	Healthy	Healthy	Healthy	Healthy		Week 5 2026	10/8/2026	8:57:03 PM	20		1%	1%	25%	21%	0%	0%		(0.1)	0	0	0	0	0	(0.052301)
	Chris Bell	Miami Dolphins	WR	WR71	7.3 	103 	0 	0.0 	0.0 	0.0 	0 	0.0 	0.0 	0.0 	36.1 	2.6 	536 	38.3 	2.2 	0.2 	0.0 	0.1 	0.0 	0.260 	1.000 	0.290 	(0)	0.000 	0.000 	180 	245 	65 	71 	80 	9 	0.170 				-	-		-	-		-	-		-	-		3.5 	0.0 	10.7 	0.0 	6.8 	0.0 	7.1 	7.4 	7.7 	7.7 	7.4 	7.2 	7.1 	7.7 	7.3 	7.4 	7.7 		WR77	-	WR39	-	WR61	-	WR57	WR59	WR59	WR53	WR55	WR68	WR63	WR56	WR67	WR65	WR59		WR63	7.4 	0.0 	0.0 	0.0 	0.0 	2.6 	37.0 	0.2 	63 	0.317 	1.000 	0.370 	(0)	0.000 	0.000 	164 	0.214 		89 		-	-		-	-		-	-		-	-		WR100	7.1 	0.0 	0.0 	0.0 	0.0 	15.5 	222.2 	1.1 	100 	0.122 	1.000 	0.000 	(1)	0.000 	0.000 	#N/A	0.018 		14.2 		-	-		-	-		-	-		-	-					Miami Dolphins	Las Vegas Raiders	0 	0.0 	0 	0.0 	1.0 	25 	0.0 	0.0 	0.0 	0.0 	0.0 	3.5 	WR77		Miami Dolphins	San Francisco 49ers	0 	0.0 	0 	0.0 	0.0 	0 	0.0 	0.0 	0.0 	0.0 	0.0 	0.0 	-		Miami Dolphins	Kansas City Chiefs	0 	0.0 	0 	0.0 	4.0 	67 	0.0 	0.0 	0.0 	0.0 	0.0 	10.7 	WR39		Miami Dolphins	Minnesota Vikings	0 	0.0 	0 	0.0 	0.0 	0 	0.0 	0.0 	0.0 	0.0 	0.0 	0.0 	-		Miami Dolphins	Cincinnati Bengals	0 	0.0 	0 	0.0 	2.4 	35 	0.2 	0.0 	0.0 	0.0 	0.0 	6.8 	WR61		Miami Dolphins	BYE	0 	0.0 	0 	0.0 	0.0 	0 	0.0 	0.0 	0.0 	0.0 	0.0 	0.0 	-		Miami Dolphins	New York Jets	0 	0.0 	0 	0.0 	2.5 	36 	0.2 	0.0 	0.0 	0.0 	0.0 	7.1 	WR57		Miami Dolphins	New England Patriots	0 	0.0 	0 	0.0 	2.6 	37 	0.2 	0.0 	0.0 	0.0 	0.0 	7.4 	WR59		Miami Dolphins	Detroit Lions	0 	0.0 	0 	0.0 	2.7 	38 	0.2 	0.0 	0.0 	0.0 	0.0 	7.7 	WR59		Miami Dolphins	Indianapolis Colts	0 	0.0 	0 	0.0 	2.7 	38 	0.2 	0.0 	0.0 	0.0 	0.0 	7.7 	WR53		Miami Dolphins	Buffalo Bills	0 	0.0 	0 	0.0 	2.6 	37 	0.2 	0.0 	0.0 	0.0 	0.0 	7.4 	WR55		Miami Dolphins	New York Jets	0 	0.0 	0 	0.0 	2.5 	36 	0.2 	0.0 	0.0 	0.0 	0.0 	7.2 	WR68		Miami Dolphins	Denver Broncos	0 	0.0 	0 	0.0 	2.5 	36 	0.2 	0.0 	0.0 	0.0 	0.0 	7.1 	WR63		Miami Dolphins	Chicago Bears	0 	0.0 	0 	0.0 	2.7 	38 	0.2 	0.0 	0.0 	0.0 	0.0 	7.7 	WR56		Miami Dolphins	Green Bay Packers	0 	0.0 	0 	0.0 	2.6 	37 	0.2 	0.0 	0.0 	0.0 	0.0 	7.3 	WR67		Miami Dolphins	Los Angeles Chargers	0 	0.0 	0 	0.0 	2.6 	37 	0.2 	0.0 	0.0 	0.0 	0.0 	7.4 	WR65		Miami Dolphins	Buffalo Bills	0 	0.0 	0 	0.0 	2.7 	39 	0.2 	0.0 	0.0 	0.0 	0.0 	7.7 	WR59		Actual	Actual	Actual	Actual	Forecast	Forecast	Forecast	Forecast	Forecast	Forecast	Forecast	Forecast	Forecast	Forecast	Forecast	Forecast	Forecast		Healthy	Healthy	Healthy	Healthy	Limited / Handicapped	Healthy	Healthy	Healthy	Healthy	Healthy	Healthy	Healthy	Healthy	Healthy	Healthy	Healthy	Healthy		Week 5 2026	10/8/2026	8:57:03 PM	20		17%	15%	0%	0%	0%	0%		0.2 	0	0	0	0	0	0.195841 
	AJ Barner	Seattle Seahawks	TE	TE29	5.7 	90 	0 	0.0 	0.0 	0.0 	1 	0.1 	1.0 	0.1 	35.2 	2.2 	393 	24.5 	1.7 	0.1 	0.0 	0.1 	0.0 	0.229 	0.560 	0.308 	(0)	0.000 	0.000 	187 	208 	21 	29 	24 	(5)	0.158 				-	-		-	-		-	-		-	-		3.3 	7.9 	11.9 	2.2 	5.5 	5.2 	5.5 	5.5 	5.6 	5.3 	0.0 	5.4 	5.6 	5.5 	5.2 	5.5 	5.3 		TE30	TE18	TE12	TE33	TE29	TE29	TE29	TE29	TE31	TE29	-	TE33	TE26	TE31	TE33	TE32	TE33		TE32	5.4 	0.0 	0.0 	0.0 	0.0 	2.2 	24.2 	0.1 	32 	0.233 	0.560 	0.279 	(0)	0.000 	0.000 	196 	0.147 		65 		-	-		-	-		-	-		-	-		TE26	6.3 	0.0 	0.0 	0.0 	0.0 	6.5 	72.7 	0.4 	26 	0.217 	0.560 	0.338 	(0)	0.000 	0.000 	#N/A	0.168 		25.3 		-	-		-	-		-	-		-	-					Seattle Seahawks	New England Patriots	0 	0.0 	0 	0.0 	2.0 	13 	0.0 	0.0 	0.0 	0.0 	0.0 	3.3 	TE30		Seattle Seahawks	Arizona Cardinals	0 	0.0 	1 	1.0 	1.0 	8 	0.0 	0.0 	0.0 	0.0 	0.0 	7.9 	TE18		Seattle Seahawks	Washington Commanders	0 	0.0 	0 	0.0 	5.0 	69 	0.0 	0.0 	0.0 	0.0 	0.0 	11.9 	TE12		Seattle Seahawks	Los Angeles Chargers	0 	0.0 	0 	0.0 	1.0 	12 	0.0 	0.0 	0.0 	0.0 	0.0 	2.2 	TE33		Seattle Seahawks	San Francisco 49ers	0 	0.0 	0 	0.0 	2.2 	25 	0.1 	0.0 	0.0 	0.0 	0.0 	5.5 	TE29		Seattle Seahawks	Denver Broncos	0 	0.0 	0 	0.0 	2.1 	24 	0.1 	0.0 	0.0 	0.0 	0.0 	5.2 	TE29		Seattle Seahawks	Kansas City Chiefs	0 	0.0 	0 	0.0 	2.2 	24 	0.1 	0.0 	0.0 	0.0 	0.0 	5.5 	TE29		Seattle Seahawks	Chicago Bears	0 	0.0 	0 	0.0 	2.2 	25 	0.1 	0.0 	0.0 	0.0 	0.0 	5.5 	TE29		Seattle Seahawks	Arizona Cardinals	0 	0.0 	0 	0.0 	2.2 	25 	0.2 	0.0 	0.0 	0.0 	0.0 	5.6 	TE31		Seattle Seahawks	Las Vegas Raiders	0 	0.0 	0 	0.0 	2.1 	24 	0.1 	0.0 	0.0 	0.0 	0.0 	5.3 	TE29		Seattle Seahawks	BYE	0 	0.0 	0 	0.0 	0.0 	0 	0.0 	0.0 	0.0 	0.0 	0.0 	0.0 	-		Seattle Seahawks	San Francisco 49ers	0 	0.0 	0 	0.0 	2.2 	24 	0.1 	0.0 	0.0 	0.0 	0.0 	5.4 	TE33		Seattle Seahawks	Dallas Cowboys	0 	0.0 	0 	0.0 	2.2 	25 	0.1 	0.0 	0.0 	0.0 	0.0 	5.6 	TE26		Seattle Seahawks	New York Giants	0 	0.0 	0 	0.0 	2.2 	24 	0.1 	0.0 	0.0 	0.0 	0.0 	5.5 	TE31		Seattle Seahawks	Philadelphia Eagles	0 	0.0 	0 	0.0 	2.1 	24 	0.1 	0.0 	0.0 	0.0 	0.0 	5.2 	TE33		Seattle Seahawks	Los Angeles Rams	0 	0.0 	0 	0.0 	2.2 	25 	0.1 	0.0 	0.0 	0.0 	0.0 	5.5 	TE32		Seattle Seahawks	Carolina Panthers	0 	0.0 	0 	0.0 	2.1 	24 	0.1 	0.0 	0.0 	0.0 	0.0 	5.3 	TE33		Actual	Actual	Actual	Actual	Forecast	Forecast	Forecast	Forecast	Forecast	Forecast	Forecast	Forecast	Forecast	Forecast	Forecast	Forecast	Forecast		Healthy	Healthy	Healthy	Healthy	Healthy	Healthy	Healthy	Healthy	Healthy	Healthy	Healthy	Healthy	Healthy	Healthy	Healthy	Healthy	Healthy		Week 5 2026	10/8/2026	8:57:03 PM	20		10%	8%	0%	0%	0%	0%		(0.0)	0	0	0	0	0	(0.021050)
	Xavier Hutchinson	Houston Texans	WR	WR72	6.4 	103 	0 	0.0 	0.0 	0.0 	4 	0.3 	0.0 	0.0 	38.7 	2.4 	521 	32.6 	1.9 	0.1 	0.0 	0.1 	0.0 	0.260 	1.000 	0.280 	(0)	0.000 	0.000 	183 	0 	(183)	72 	0 	(72)	0.165 																6.2 	6.7 	8.5 	7.6 	5.9 	6.1 	6.3 	0.0 	6.1 	6.0 	6.5 	6.4 	6.1 	6.3 	6.3 	5.7 	6.0 		WR56	WR48	WR43	WR51	WR67	WR65	WR63	-	WR70	WR65	WR63	WR76	WR68	WR73	WR76	WR77	WR76		WR76	6.1 	0.0 	0.0 	0.0 	0.0 	2.2 	29.6 	0.2 	76 	0.264 	1.000 	0.240 	(0)	0.000 	0.000 	195 	0.148 		74 		-	-		-	-		-	-		-	-		WR63	7.3 	0.0 	0.0 	0.0 	0.0 	6.7 	88.8 	0.5 	63 	0.249 	1.000 	0.370 	(0)	0.000 	0.000 	#N/A	0.204 		29.0 		-	-		-	-		-	-		-	-					Houston Texans	Buffalo Bills	0 	0.0 	0 	0.0 	3.0 	32 	0.0 	0.0 	0.0 	0.0 	0.0 	6.2 	WR56		Houston Texans	Cincinnati Bengals	0 	0.0 	0 	0.0 	3.0 	37 	0.0 	0.0 	0.0 	0.0 	0.0 	6.7 	WR48		Houston Texans	Indianapolis Colts	0 	0.0 	4 	0.0 	3.0 	51 	0.0 	0.0 	0.0 	0.0 	0.0 	8.5 	WR43		Houston Texans	Dallas Cowboys	0 	0.0 	0 	0.0 	3.0 	46 	0.0 	0.0 	0.0 	0.0 	0.0 	7.6 	WR51		Houston Texans	Tennessee Titans	0 	0.0 	0 	0.0 	2.2 	29 	0.2 	0.0 	0.0 	0.0 	0.0 	5.9 	WR67		Houston Texans	Jacksonville Jaguars	0 	0.0 	0 	0.0 	2.2 	29 	0.2 	0.0 	0.0 	0.0 	0.0 	6.1 	WR65		Houston Texans	New York Giants	0 	0.0 	0 	0.0 	2.3 	30 	0.2 	0.0 	0.0 	0.0 	0.0 	6.3 	WR63		Houston Texans	BYE	0 	0.0 	0 	0.0 	0.0 	0 	0.0 	0.0 	0.0 	0.0 	0.0 	0.0 	-		Houston Texans	Los Angeles Chargers	0 	0.0 	0 	0.0 	2.2 	30 	0.2 	0.0 	0.0 	0.0 	0.0 	6.1 	WR70		Houston Texans	Cleveland Browns	0 	0.0 	0 	0.0 	2.2 	29 	0.2 	0.0 	0.0 	0.0 	0.0 	6.0 	WR65		Houston Texans	Indianapolis Colts	0 	0.0 	0 	0.0 	2.3 	31 	0.2 	0.0 	0.0 	0.0 	0.0 	6.5 	WR63		Houston Texans	Baltimore Ravens	0 	0.0 	0 	0.0 	2.3 	30 	0.2 	0.0 	0.0 	0.0 	0.0 	6.4 	WR76		Houston Texans	Pittsburgh Steelers	0 	0.0 	0 	0.0 	2.2 	29 	0.2 	0.0 	0.0 	0.0 	0.0 	6.1 	WR68		Houston Texans	Washington Commanders	0 	0.0 	0 	0.0 	2.3 	30 	0.2 	0.0 	0.0 	0.0 	0.0 	6.3 	WR73		Houston Texans	Jacksonville Jaguars	0 	0.0 	0 	0.0 	2.3 	30 	0.2 	0.0 	0.0 	0.0 	0.0 	6.3 	WR76		Houston Texans	Philadelphia Eagles	0 	0.0 	0 	0.0 	2.1 	28 	0.1 	0.0 	0.0 	0.0 	0.0 	5.7 	WR77		Houston Texans	Green Bay Packers	0 	0.0 	0 	0.0 	2.2 	29 	0.2 	0.0 	0.0 	0.0 	0.0 	6.0 	WR76		Actual	Actual	Actual	Actual	Forecast	Forecast	Forecast	Forecast	Forecast	Forecast	Forecast	Forecast	Forecast	Forecast	Forecast	Forecast	Forecast		Healthy	Healthy	Healthy	Healthy	Healthy	Healthy	Healthy	Healthy	Healthy	Healthy	Healthy	Healthy	Healthy	Healthy	Healthy	Healthy	Healthy		Week 5 2026	10/8/2026	8:57:03 PM	20		13%	11%	0%	0%	0%	0%		(0.1)	0	0	0	0	0	(0.056183)
	Gunnar Helm	Tennessee Titans	TE	TE28	5.9 	95 	0 	0.0 	0.0 	0.0 	0 	0.0 	0.0 	0.0 	47.1 	2.9 	357 	22.3 	1.7 	0.1 	0.0 	0.1 	0.0 	0.240 	0.560 	0.318 	(0)	0.000 	0.000 	184 	279 	95 	28 	31 	3 	0.163 				-	-		-	-		-	-		-	-		6.8 	3.3 	3.4 	3.5 	5.7 	6.4 	6.4 	6.8 	0.0 	6.5 	6.7 	6.6 	6.6 	6.7 	6.7 	6.4 	6.4 		TE21	TE28	TE26	TE26	TE27	TE24	TE25	TE23	-	TE24	TE23	TE27	TE22	TE25	TE27	TE28	TE28		TE27	6.5 	0.0 	0.0 	0.0 	0.0 	3.2 	24.8 	0.1 	27 	0.279 	0.560 	0.328 	(0)	0.000 	0.000 	182 	0.173 		78 		-	-		-	-		-	-		-	-		TE39	4.3 	0.0 	0.0 	0.0 	0.0 	9.5 	74.4 	0.4 	39 	0.146 	0.560 	0.208 	(1)	0.000 	0.000 	#N/A	0.105 		17.0 		-	-		-	-		-	-		-	-					Tennessee Titans	New York Jets	0 	0.0 	0 	0.0 	4.0 	28 	0.0 	0.0 	0.0 	0.0 	0.0 	6.8 	TE21		Tennessee Titans	Philadelphia Eagles	0 	0.0 	0 	0.0 	2.0 	13 	0.0 	0.0 	0.0 	0.0 	0.0 	3.3 	TE28		Tennessee Titans	New York Giants	0 	0.0 	0 	0.0 	2.0 	14 	0.0 	0.0 	0.0 	0.0 	0.0 	3.4 	TE26		Tennessee Titans	Baltimore Ravens	0 	0.0 	0 	0.0 	1.0 	5 	0.0 	0.0 	0.0 	0.0 	1.0 	3.5 	TE26		Tennessee Titans	Houston Texans	0 	0.0 	0 	0.0 	2.9 	22 	0.1 	0.0 	0.0 	0.0 	0.0 	5.7 	TE27		Tennessee Titans	Indianapolis Colts	0 	0.0 	0 	0.0 	3.2 	25 	0.1 	0.0 	0.0 	0.0 	0.0 	6.4 	TE24		Tennessee Titans	Cleveland Browns	0 	0.0 	0 	0.0 	3.1 	24 	0.1 	0.0 	0.0 	0.0 	0.0 	6.4 	TE25		Tennessee Titans	Cincinnati Bengals	0 	0.0 	0 	0.0 	3.3 	26 	0.2 	0.0 	0.0 	0.0 	0.0 	6.8 	TE23		Tennessee Titans	BYE	0 	0.0 	0 	0.0 	0.0 	0 	0.0 	0.0 	0.0 	0.0 	0.0 	0.0 	-		Tennessee Titans	Jacksonville Jaguars	0 	0.0 	0 	0.0 	3.2 	25 	0.1 	0.0 	0.0 	0.0 	0.0 	6.5 	TE24		Tennessee Titans	Dallas Cowboys	0 	0.0 	0 	0.0 	3.3 	26 	0.1 	0.0 	0.0 	0.0 	0.0 	6.7 	TE23		Tennessee Titans	Jacksonville Jaguars	0 	0.0 	0 	0.0 	3.2 	25 	0.1 	0.0 	0.0 	0.0 	0.0 	6.6 	TE27		Tennessee Titans	Washington Commanders	0 	0.0 	0 	0.0 	3.2 	25 	0.2 	0.0 	0.0 	0.0 	0.0 	6.6 	TE22		Tennessee Titans	Detroit Lions	0 	0.0 	0 	0.0 	3.3 	26 	0.1 	0.0 	0.0 	0.0 	0.0 	6.7 	TE25		Tennessee Titans	Indianapolis Colts	0 	0.0 	0 	0.0 	3.3 	25 	0.2 	0.0 	0.0 	0.0 	0.0 	6.7 	TE27		Tennessee Titans	Las Vegas Raiders	0 	0.0 	0 	0.0 	3.1 	24 	0.1 	0.0 	0.0 	0.0 	0.0 	6.4 	TE28		Tennessee Titans	Pittsburgh Steelers	0 	0.0 	0 	0.0 	3.1 	24 	0.1 	0.0 	0.0 	0.0 	0.0 	6.4 	TE28		Actual	Actual	Actual	Actual	Forecast	Forecast	Forecast	Forecast	Forecast	Forecast	Forecast	Forecast	Forecast	Forecast	Forecast	Forecast	Forecast		Healthy	Healthy	Healthy	Healthy	Limited / Handicapped	Healthy	Healthy	Healthy	Healthy	Healthy	Healthy	Healthy	Healthy	Healthy	Healthy	Healthy	Healthy		Week 5 2026	10/8/2026	8:57:03 PM	20		11%	10%	0%	0%	0%	0%		0.1 	0	0	0	0	0	0.067841 
	Jonathon Brooks	Carolina Panthers	RB	RB59	5.1 	56 	0 	0.0 	0.0 	0.0 	262 	23.8 	1.5 	0.1 	9.7 	0.9 	104 	9.5 	0.4 	0.0 	0.0 	0.7 	0.0 	0.142 	1.000 	0.277 	(1)	0.000 	0.000 	194 	81 	(113)	59 	31 	(28)	0.146 				-	-		-	-		-	-		-	-		7.2 	2.1 	0.0 	0.0 	0.0 	0.0 	0.0 	0.0 	5.2 	5.3 	5.2 	5.1 	5.0 	5.7 	5.5 	4.9 	4.7 		RB38	RB58	-	-	-	-	-	-	RB48	RB45	RB40	RB53	RB48	RB47	RB50	RB52	RB53		RB56	5.2 	0.0 	0.0 	25.7 	0.2 	0.9 	6.8 	0.0 	56 	0.167 	1.000 	0.315 	(1)	0.000 	0.000 	185 	0.167 		47 		-	-		-	-		-	-		-	-		RB68	4.7 	0.0 	0.0 	115.8 	0.7 	3.8 	30.7 	0.2 	68 	0.080 	1.000 	0.160 	(1)	0.000 	0.000 	#N/A	0.084 		9.3 		-	-		-	-		-	-		-	-					Carolina Panthers	Chicago Bears	0 	0.0 	14 	0.0 	1.0 	48 	0.0 	0.0 	0.0 	0.0 	0.0 	7.2 	RB38		Carolina Panthers	Atlanta Falcons	0 	0.0 	16 	0.0 	1.0 	(5)	0.0 	0.0 	0.0 	0.0 	0.0 	2.1 	RB58		Carolina Panthers	Cleveland Browns	0 	0.0 	0 	0.0 	0.0 	0 	0.0 	0.0 	0.0 	0.0 	0.0 	0.0 	-		Carolina Panthers	Detroit Lions	0 	0.0 	0 	0.0 	0.0 	0 	0.0 	0.0 	0.0 	0.0 	0.0 	0.0 	-		Carolina Panthers	BYE	0 	0.0 	0 	0.0 	0.0 	0 	0.0 	0.0 	0.0 	0.0 	0.0 	0.0 	-		Carolina Panthers	Philadelphia Eagles	0 	0.0 	0 	0.0 	0.0 	0 	0.0 	0.0 	0.0 	0.0 	0.0 	0.0 	-		Carolina Panthers	Tampa Bay Buccaneers	0 	0.0 	0 	0.0 	0.0 	0 	0.0 	0.0 	0.0 	0.0 	0.0 	0.0 	-		Carolina Panthers	Green Bay Packers	0 	0.0 	0 	0.0 	0.0 	0 	0.0 	0.0 	0.0 	0.0 	0.0 	0.0 	-		Carolina Panthers	Denver Broncos	0 	0.0 	26 	0.2 	0.8 	7 	0.0 	0.0 	0.1 	0.0 	0.0 	5.2 	RB48		Carolina Panthers	New Orleans Saints	0 	0.0 	27 	0.2 	0.8 	7 	0.0 	0.0 	0.1 	0.0 	0.0 	5.3 	RB45		Carolina Panthers	Baltimore Ravens	0 	0.0 	25 	0.2 	0.9 	7 	0.0 	0.0 	0.1 	0.0 	0.0 	5.2 	RB40		Carolina Panthers	Tampa Bay Buccaneers	0 	0.0 	25 	0.2 	0.9 	7 	0.0 	0.0 	0.1 	0.0 	0.0 	5.1 	RB53		Carolina Panthers	Minnesota Vikings	0 	0.0 	25 	0.2 	0.8 	7 	0.0 	0.0 	0.1 	0.0 	0.0 	5.0 	RB48		Carolina Panthers	New Orleans Saints	0 	0.0 	29 	0.2 	0.9 	7 	0.0 	0.0 	0.1 	0.0 	0.0 	5.7 	RB47		Carolina Panthers	Cincinnati Bengals	0 	0.0 	27 	0.2 	0.9 	7 	0.0 	0.0 	0.1 	0.0 	0.0 	5.5 	RB50		Carolina Panthers	Pittsburgh Steelers	0 	0.0 	24 	0.1 	0.8 	7 	0.0 	0.0 	0.1 	0.0 	0.0 	4.9 	RB52		Carolina Panthers	Seattle Seahawks	0 	0.0 	23 	0.1 	0.8 	7 	0.0 	0.0 	0.1 	0.0 	0.0 	4.7 	RB53		Actual	Actual	Actual	Actual	Forecast	Forecast	Forecast	Forecast	Forecast	Forecast	Forecast	Forecast	Forecast	Forecast	Forecast	Forecast	Forecast		Healthy	Healthy	Injured	Injured	Injured	Injured	Injured	Injured	Healthy	Healthy	Healthy	Healthy	Healthy	Healthy	Healthy	Healthy	Healthy		Week 5 2026	10/8/2026	8:57:03 PM	20		3%	3%	25%	24%	0%	0%		0.1 	0	1	1	1	1	
	Isaiah Williams	New York Jets	WR	WR73	6.2 	99 	0 	0.0 	0.0 	0.0 	63 	3.9 	0.0 	0.0 	36.6 	2.3 	398 	24.9 	2.7 	0.2 	0.0 	0.1 	0.0 	0.249 	1.000 	0.270 	(1)	0.000 	0.000 	186 	0 	(186)	73 	0 	(73)	0.159 																1.7 	10.8 	3.1 	15.3 	5.7 	5.7 	5.9 	5.7 	5.5 	5.9 	5.5 	5.6 	0.0 	5.5 	5.7 	5.5 	5.5 		WR87	WR27	WR75	WR20	WR68	WR66	WR65	WR68	WR73	WR66	WR66	WR78	-	WR74	WR78	WR79	WR78		WR78	5.6 	0.0 	0.0 	4.0 	0.0 	2.2 	21.9 	0.1 	78 	0.242 	1.000 	0.220 	(1)	0.000 	0.000 	201 	0.135 		68 		-	-		-	-		-	-		-	-		WR57	7.7 	0.0 	0.0 	12.1 	0.0 	6.6 	65.7 	0.4 	57 	0.265 	1.000 	0.430 	(0)	0.000 	0.000 	#N/A	0.233 		30.9 		-	-		-	-		-	-		-	-					New York Jets	Tennessee Titans	0 	0.0 	0 	0.0 	1.0 	7 	0.0 	0.0 	0.0 	0.0 	0.0 	1.7 	WR87		New York Jets	Green Bay Packers	0 	0.0 	14 	0.0 	6.0 	34 	0.0 	0.0 	0.0 	0.0 	0.0 	10.8 	WR27		New York Jets	Detroit Lions	0 	0.0 	0 	0.0 	1.0 	21 	0.0 	0.0 	0.0 	0.0 	0.0 	3.1 	WR75		New York Jets	Chicago Bears	0 	0.0 	0 	0.0 	2.0 	73 	1.0 	0.0 	0.0 	0.0 	0.0 	15.3 	WR20		New York Jets	Cleveland Browns	0 	0.0 	5 	0.0 	2.2 	22 	0.2 	0.0 	0.0 	0.0 	0.0 	5.7 	WR68		New York Jets	New England Patriots	0 	0.0 	4 	0.0 	2.2 	22 	0.1 	0.0 	0.0 	0.0 	0.0 	5.7 	WR66		New York Jets	Miami Dolphins	0 	0.0 	5 	0.0 	2.2 	22 	0.2 	0.0 	0.0 	0.0 	0.0 	5.9 	WR65		New York Jets	Las Vegas Raiders	0 	0.0 	5 	0.0 	2.2 	22 	0.2 	0.0 	0.0 	0.0 	0.0 	5.7 	WR68		New York Jets	Kansas City Chiefs	0 	0.0 	3 	0.0 	2.2 	22 	0.1 	0.0 	0.0 	0.0 	0.0 	5.5 	WR73		New York Jets	Buffalo Bills	0 	0.0 	4 	0.0 	2.3 	23 	0.2 	0.0 	0.0 	0.0 	0.0 	5.9 	WR66		New York Jets	Los Angeles Chargers	0 	0.0 	3 	0.0 	2.2 	22 	0.1 	0.0 	0.0 	0.0 	0.0 	5.5 	WR66		New York Jets	Miami Dolphins	0 	0.0 	4 	0.0 	2.2 	22 	0.1 	0.0 	0.0 	0.0 	0.0 	5.6 	WR78		New York Jets	BYE	0 	0.0 	0 	0.0 	0.0 	0 	0.0 	0.0 	0.0 	0.0 	0.0 	0.0 	-		New York Jets	Denver Broncos	0 	0.0 	4 	0.0 	2.2 	22 	0.1 	0.0 	0.0 	0.0 	0.0 	5.5 	WR74		New York Jets	Arizona Cardinals	0 	0.0 	4 	0.0 	2.2 	22 	0.1 	0.0 	0.0 	0.0 	0.0 	5.7 	WR78		New York Jets	New England Patriots	0 	0.0 	4 	0.0 	2.2 	22 	0.1 	0.0 	0.0 	0.0 	0.0 	5.5 	WR79		New York Jets	Minnesota Vikings	0 	0.0 	4 	0.0 	2.2 	22 	0.1 	0.0 	0.0 	0.0 	0.0 	5.5 	WR78		Actual	Actual	Actual	Actual	Forecast	Forecast	Forecast	Forecast	Forecast	Forecast	Forecast	Forecast	Forecast	Forecast	Forecast	Forecast	Forecast		Healthy	Healthy	Healthy	Healthy	Healthy	Healthy	Healthy	Healthy	Healthy	Healthy	Healthy	Healthy	Healthy	Healthy	Healthy	Healthy	Healthy		Week 5 2026	10/8/2026	8:57:03 PM	20		10%	11%	4%	0%	0%	0%		(0.1)	0	0	0	0	0	(0.097861)
	Evan Engram	Denver Broncos	TE	TE30	5.9 	89 	0 	0.0 	0.0 	0.0 	0 	0.0 	0.0 	0.0 	33.5 	2.2 	363 	24.2 	3.1 	0.2 	0.0 	0.1 	0.0 	0.224 	0.560 	0.299 	(0)	0.000 	0.000 	189 	361 	172 	30 	43 	13 	0.153 																14.3 	2.7 	0.0 	1.6 	5.9 	5.7 	6.0 	5.9 	5.9 	0.0 	5.8 	5.6 	5.9 	5.7 	5.8 	6.0 	5.7 		TE8	TE29	-	TE35	TE26	TE28	TE26	TE25	TE28	-	TE26	TE30	TE24	TE28	TE30	TE29	TE31		TE29	5.8 	0.0 	0.0 	0.0 	0.0 	2.3 	24.8 	0.2 	29 	0.250 	0.560 	0.308 	(0)	0.000 	0.000 	187 	0.161 		70 		-	-		-	-		-	-		-	-		TE36	6.2 	0.0 	0.0 	0.0 	0.0 	9.2 	99.1 	0.7 	36 	0.159 	0.560 	0.239 	(1)	0.000 	0.000 	#N/A	0.119 		18.6 		-	-		-	-		-	-		-	-					Denver Broncos	Kansas City Chiefs	0 	0.0 	0 	0.0 	4.0 	43 	1.0 	0.0 	0.0 	0.0 	0.0 	14.3 	TE8		Denver Broncos	Jacksonville Jaguars	0 	0.0 	0 	0.0 	1.0 	17 	0.0 	0.0 	0.0 	0.0 	0.0 	2.7 	TE29		Denver Broncos	Los Angeles Rams	0 	0.0 	0 	0.0 	0.0 	0 	0.0 	0.0 	0.0 	0.0 	0.0 	0.0 	-		Denver Broncos	San Francisco 49ers	0 	0.0 	0 	0.0 	1.0 	6 	0.0 	0.0 	0.0 	0.0 	0.0 	1.6 	TE35		Denver Broncos	Los Angeles Chargers	0 	0.0 	0 	0.0 	2.3 	25 	0.2 	0.0 	0.0 	0.0 	0.0 	5.9 	TE26		Denver Broncos	Seattle Seahawks	0 	0.0 	0 	0.0 	2.3 	25 	0.2 	0.0 	0.0 	0.0 	0.0 	5.7 	TE28		Denver Broncos	Arizona Cardinals	0 	0.0 	0 	0.0 	2.3 	25 	0.2 	0.0 	0.0 	0.0 	0.0 	6.0 	TE26		Denver Broncos	Kansas City Chiefs	0 	0.0 	0 	0.0 	2.3 	25 	0.2 	0.0 	0.0 	0.0 	0.0 	5.9 	TE25		Denver Broncos	Carolina Panthers	0 	0.0 	0 	0.0 	2.3 	25 	0.2 	0.0 	0.0 	0.0 	0.0 	5.9 	TE28		Denver Broncos	BYE	0 	0.0 	0 	0.0 	0.0 	0 	0.0 	0.0 	0.0 	0.0 	0.0 	0.0 	-		Denver Broncos	Las Vegas Raiders	0 	0.0 	0 	0.0 	2.3 	25 	0.2 	0.0 	0.0 	0.0 	0.0 	5.8 	TE26		Denver Broncos	Pittsburgh Steelers	0 	0.0 	0 	0.0 	2.2 	24 	0.2 	0.0 	0.0 	0.0 	0.0 	5.6 	TE30		Denver Broncos	Miami Dolphins	0 	0.0 	0 	0.0 	2.3 	25 	0.2 	0.0 	0.0 	0.0 	0.0 	5.9 	TE24		Denver Broncos	New York Jets	0 	0.0 	0 	0.0 	2.3 	24 	0.2 	0.0 	0.0 	0.0 	0.0 	5.7 	TE28		Denver Broncos	Las Vegas Raiders	0 	0.0 	0 	0.0 	2.3 	25 	0.2 	0.0 	0.0 	0.0 	0.0 	5.8 	TE30		Denver Broncos	Buffalo Bills	0 	0.0 	0 	0.0 	2.4 	26 	0.2 	0.0 	0.0 	0.0 	0.0 	6.0 	TE29		Denver Broncos	New England Patriots	0 	0.0 	0 	0.0 	2.3 	24 	0.2 	0.0 	0.0 	0.0 	0.0 	5.7 	TE31		Actual	Actual	Actual	Actual	Forecast	Forecast	Forecast	Forecast	Forecast	Forecast	Forecast	Forecast	Forecast	Forecast	Forecast	Forecast	Forecast		Healthy	Healthy	Healthy	Healthy	Healthy	Healthy	Healthy	Healthy	Healthy	Healthy	Healthy	Healthy	Healthy	Healthy	Healthy	Healthy	Healthy		Week 5 2026	10/8/2026	8:57:03 PM	20		11%	12%	0%	0%	0%	0%		0.0 	0	0	0	0	0	0.041512 
	Geno Smith	New York Jets	QB	QB29	13.9 	223 	3,504 	219.0 	20.2 	1.3 	157 	9.8 	0.6 	0.0 	0.0 	0.0 	0 	0.0 	0.0 	0.0 	7.7 	1.9 	0.0 	0.564 	0.460 	0.172 	0 	0.126 	0.000 	191 	385 	194 	26 	52 	26 	0.150 																9.3 	15.6 	26.0 	8.8 	14.1 	13.6 	14.5 	14.1 	12.8 	14.3 	12.8 	13.7 	0.0 	13.0 	13.9 	13.0 	13.3 		QB28	QB16	QB3	QB29	QB24	QB24	QB23	QB26	QB28	QB24	QB26	QB28	-	QB28	QB29	QB31	QB31		QB30	13.6 	216.9 	1.3 	10.1 	0.0 	0.0 	0.0 	0.0 	30 	0.585 	0.460 	0.114 	0 	0.210 	0.000 	189 	0.159 		163 		-	-		-	-		-	-		-	-		QB18	14.9 	650.6 	3.8 	30.3 	0.1 	0.0 	0.0 	0.0 	18 	0.512 	0.460 	0.279 	0 	0.187 	0.000 	#N/A	0.236 		59.7 		-	-		-	-		-	-		-	-					New York Jets	Tennessee Titans	215 	0.0 	7 	0.0 	0.0 	0 	0.0 	0.0 	0.0 	0.0 	0.0 	9.3 	QB28		New York Jets	Green Bay Packers	247 	1.0 	17 	0.0 	0.0 	0 	0.0 	0.0 	0.0 	0.0 	0.0 	15.6 	QB16		New York Jets	Detroit Lions	321 	3.0 	12 	0.0 	0.0 	0 	0.0 	0.0 	1.0 	0.0 	1.0 	26.0 	QB3		New York Jets	Chicago Bears	119 	1.0 	0 	0.0 	0.0 	0 	0.0 	0.0 	0.0 	0.0 	0.0 	8.8 	QB29		New York Jets	Cleveland Browns	216 	1.4 	11 	0.1 	0.0 	0 	0.0 	0.6 	0.1 	0.0 	0.0 	14.1 	QB24		New York Jets	New England Patriots	220 	1.3 	10 	0.0 	0.0 	0 	0.0 	0.6 	0.1 	0.0 	0.0 	13.6 	QB24		New York Jets	Miami Dolphins	219 	1.4 	12 	0.1 	0.0 	0 	0.0 	0.6 	0.1 	0.0 	0.0 	14.5 	QB23		New York Jets	Las Vegas Raiders	216 	1.4 	11 	0.1 	0.0 	0 	0.0 	0.6 	0.1 	0.0 	0.0 	14.1 	QB26		New York Jets	Kansas City Chiefs	215 	1.1 	9 	0.0 	0.0 	0 	0.0 	0.6 	0.1 	0.0 	0.0 	12.8 	QB28		New York Jets	Buffalo Bills	226 	1.4 	10 	0.0 	0.0 	0 	0.0 	0.6 	0.1 	0.0 	0.0 	14.3 	QB24		New York Jets	Los Angeles Chargers	215 	1.1 	9 	0.0 	0.0 	0 	0.0 	0.6 	0.1 	0.0 	0.0 	12.8 	QB26		New York Jets	Miami Dolphins	215 	1.3 	11 	0.1 	0.0 	0 	0.0 	0.6 	0.1 	0.0 	0.0 	13.7 	QB28		New York Jets	BYE	0 	0.0 	0 	0.0 	0.0 	0 	0.0 	0.0 	0.0 	0.0 	0.0 	0.0 	-		New York Jets	Denver Broncos	215 	1.2 	9 	0.0 	0.0 	0 	0.0 	0.6 	0.1 	0.0 	0.0 	13.0 	QB28		New York Jets	Arizona Cardinals	217 	1.3 	11 	0.1 	0.0 	0 	0.0 	0.6 	0.1 	0.0 	0.0 	13.9 	QB29		New York Jets	New England Patriots	215 	1.2 	9 	0.0 	0.0 	0 	0.0 	0.6 	0.1 	0.0 	0.0 	13.0 	QB31		New York Jets	Minnesota Vikings	214 	1.2 	10 	0.0 	0.0 	0 	0.0 	0.6 	0.1 	0.0 	0.0 	13.3 	QB31		Actual	Actual	Actual	Actual	Forecast	Forecast	Forecast	Forecast	Forecast	Forecast	Forecast	Forecast	Forecast	Forecast	Forecast	Forecast	Forecast		Healthy	Healthy	Healthy	Healthy	Healthy	Healthy	Healthy	Healthy	Healthy	Healthy	Healthy	Healthy	Healthy	Healthy	Healthy	Healthy	Healthy		Week 5 2026	10/8/2026	8:57:03 PM	20		0%	0%	10%	7%	99%	99%		(0.1)	0	0	0	0	0	(0.076449)
	Justice Hill	Baltimore Ravens	RB	RB58	3.5 	56 	0 	0.0 	0.0 	0.0 	224 	14.0 	1.0 	0.1 	14.1 	0.9 	117 	7.3 	0.4 	0.0 	0.0 	0.3 	0.0 	0.142 	1.000 	0.289 	(1)	0.000 	0.000 	190 	223 	33 	58 	61 	3 	0.152 				-	-		-	-		-	-		-	-		3.8 	3.8 	3.3 	4.5 	3.0 	3.2 	3.6 	3.4 	3.6 	3.4 	3.5 	3.2 	0.0 	3.6 	3.4 	3.6 	3.4 		RB49	RB48	RB48	RB42	RB53	RB51	RB50	RB54	RB53	RB49	RB44	RB60	-	RB55	RB60	RB57	RB57		RB60	3.4 	0.0 	0.0 	13.6 	0.1 	0.8 	6.1 	0.0 	60 	0.146 	1.000 	0.264 	(1)	0.000 	0.000 	200 	0.141 		41 														RB53	3.9 	0.0 	0.0 	40.9 	0.2 	2.3 	18.2 	0.1 	53 	0.132 	1.000 	0.354 	(1)	0.000 	0.000 	#N/A	0.179 		15.4 																	Baltimore Ravens	Indianapolis Colts	0 	0.0 	18 	0.0 	1.0 	10 	0.0 	0.0 	0.0 	0.0 	0.0 	3.8 	RB49		Baltimore Ravens	New Orleans Saints	0 	0.0 	6 	0.0 	2.0 	12 	0.0 	0.0 	0.0 	0.0 	0.0 	3.8 	RB48		Baltimore Ravens	Dallas Cowboys	0 	0.0 	33 	0.0 	0.0 	0 	0.0 	0.0 	0.0 	0.0 	0.0 	3.3 	RB48		Baltimore Ravens	Tennessee Titans	0 	0.0 	3 	0.0 	2.0 	22 	0.0 	0.0 	0.0 	0.0 	0.0 	4.5 	RB42		Baltimore Ravens	Atlanta Falcons	0 	0.0 	12 	0.1 	0.7 	6 	0.0 	0.0 	0.0 	0.0 	0.0 	3.0 	RB53		Baltimore Ravens	Cleveland Browns	0 	0.0 	13 	0.1 	0.7 	6 	0.0 	0.0 	0.0 	0.0 	0.0 	3.2 	RB51		Baltimore Ravens	Cincinnati Bengals	0 	0.0 	14 	0.1 	0.8 	6 	0.0 	0.0 	0.0 	0.0 	0.0 	3.6 	RB50		Baltimore Ravens	Buffalo Bills	0 	0.0 	13 	0.1 	0.8 	6 	0.0 	0.0 	0.0 	0.0 	0.0 	3.4 	RB54		Baltimore Ravens	Jacksonville Jaguars	0 	0.0 	15 	0.1 	0.8 	6 	0.0 	0.0 	0.0 	0.0 	0.0 	3.6 	RB53		Baltimore Ravens	Los Angeles Chargers	0 	0.0 	14 	0.1 	0.8 	6 	0.0 	0.0 	0.0 	0.0 	0.0 	3.4 	RB49		Baltimore Ravens	Carolina Panthers	0 	0.0 	14 	0.1 	0.8 	6 	0.0 	0.0 	0.0 	0.0 	0.0 	3.5 	RB44		Baltimore Ravens	Houston Texans	0 	0.0 	12 	0.1 	0.7 	6 	0.0 	0.0 	0.0 	0.0 	0.0 	3.2 	RB60		Baltimore Ravens	BYE	0 	0.0 	0 	0.0 	0.0 	0 	0.0 	0.0 	0.0 	0.0 	0.0 	0.0 	-		Baltimore Ravens	Tampa Bay Buccaneers	0 	0.0 	15 	0.1 	0.8 	6 	0.0 	0.0 	0.0 	0.0 	0.0 	3.6 	RB55		Baltimore Ravens	Pittsburgh Steelers	0 	0.0 	13 	0.1 	0.8 	6 	0.0 	0.0 	0.0 	0.0 	0.0 	3.4 	RB60		Baltimore Ravens	Cleveland Browns	0 	0.0 	15 	0.1 	0.7 	6 	0.0 	0.0 	0.0 	0.0 	0.0 	3.6 	RB57		Baltimore Ravens	Cincinnati Bengals	0 	0.0 	13 	0.1 	0.8 	6 	0.0 	0.0 	0.0 	0.0 	0.0 	3.4 	RB57		Actual	Actual	Actual	Actual	Forecast	Forecast	Forecast	Forecast	Forecast	Forecast	Forecast	Forecast	Forecast	Forecast	Forecast	Forecast	Forecast		Healthy	Healthy	Healthy	Healthy	Healthy	Healthy	Healthy	Healthy	Healthy	Healthy	Healthy	Healthy	Healthy	Healthy	Healthy	Healthy	Healthy		Week 5 2026	10/8/2026	8:57:03 PM	20		3%	3%	9%	6%	0%	0%		(0.0)	0	0	0	0	0	(0.038404)
	Marvin Harrison Jr.	Arizona Cardinals	WR	WR76	6.2 	92 	0 	0.0 	0.0 	0.0 	0 	0.0 	0.0 	0.0 	28.1 	1.9 	438 	29.2 	3.4 	0.2 	0.0 	0.1 	0.0 	0.234 	1.000 	0.240 	(1)	0.000 	0.000 	195 	72 	(123)	76 	31 	(45)	0.143 				-	-		-	-		-	-		-	-		4.3 	0.0 	7.0 	8.2 	6.8 	6.4 	6.0 	6.1 	5.7 	6.1 	5.8 	6.3 	5.9 	0.0 	6.0 	6.1 	6.0 		WR72	-	WR52	WR47	WR64	WR63	WR64	WR67	WR71	WR64	WR65	WR77	WR69	-	WR77	WR74	WR77		WR77	6.1 	0.0 	0.0 	0.0 	0.0 	1.9 	29.5 	0.2 	77 	0.261 	1.000 	0.230 	(0)	0.000 	0.000 	198 	0.143 		73 														WR84	6.5 	0.0 	0.0 	0.0 	0.0 	7.7 	117.8 	0.8 	84 	0.167 	1.000 	0.160 	(1)	0.000 	0.000 	#N/A	0.097 		19.5 																	Arizona Cardinals	Los Angeles Chargers	0 	0.0 	0 	0.0 	1.0 	33 	0.0 	0.0 	0.0 	0.0 	0.0 	4.3 	WR72		Arizona Cardinals	Seattle Seahawks	0 	0.0 	0 	0.0 	0.0 	0 	0.0 	0.0 	0.0 	0.0 	0.0 	0.0 	-		Arizona Cardinals	San Francisco 49ers	0 	0.0 	0 	0.0 	3.0 	40 	0.0 	0.0 	0.0 	0.0 	0.0 	7.0 	WR52		Arizona Cardinals	New York Giants	0 	0.0 	0 	0.0 	1.0 	12 	1.0 	0.0 	0.0 	0.0 	0.0 	8.2 	WR47		Arizona Cardinals	Detroit Lions	0 	0.0 	0 	0.0 	2.1 	32 	0.3 	0.0 	0.0 	0.0 	0.0 	6.8 	WR64		Arizona Cardinals	Los Angeles Rams	0 	0.0 	0 	0.0 	2.0 	31 	0.2 	0.0 	0.0 	0.0 	0.0 	6.4 	WR63		Arizona Cardinals	Denver Broncos	0 	0.0 	0 	0.0 	1.9 	29 	0.2 	0.0 	0.0 	0.0 	0.0 	6.0 	WR64		Arizona Cardinals	Dallas Cowboys	0 	0.0 	0 	0.0 	1.9 	30 	0.2 	0.0 	0.0 	0.0 	0.0 	6.1 	WR67		Arizona Cardinals	Seattle Seahawks	0 	0.0 	0 	0.0 	1.8 	28 	0.2 	0.0 	0.0 	0.0 	0.0 	5.7 	WR71		Arizona Cardinals	Los Angeles Rams	0 	0.0 	0 	0.0 	1.9 	30 	0.2 	0.0 	0.0 	0.0 	0.0 	6.1 	WR64		Arizona Cardinals	Kansas City Chiefs	0 	0.0 	0 	0.0 	1.9 	29 	0.2 	0.0 	0.0 	0.0 	0.0 	5.8 	WR65		Arizona Cardinals	Washington Commanders	0 	0.0 	0 	0.0 	2.0 	30 	0.2 	0.0 	0.0 	0.0 	0.0 	6.3 	WR77		Arizona Cardinals	Philadelphia Eagles	0 	0.0 	0 	0.0 	1.9 	29 	0.2 	0.0 	0.0 	0.0 	0.0 	5.9 	WR69		Arizona Cardinals	BYE	0 	0.0 	0 	0.0 	0.0 	0 	0.0 	0.0 	0.0 	0.0 	0.0 	0.0 	-		Arizona Cardinals	New York Jets	0 	0.0 	0 	0.0 	1.9 	29 	0.2 	0.0 	0.0 	0.0 	0.0 	6.0 	WR77		Arizona Cardinals	New Orleans Saints	0 	0.0 	0 	0.0 	1.9 	29 	0.2 	0.0 	0.0 	0.0 	0.0 	6.1 	WR74		Arizona Cardinals	Las Vegas Raiders	0 	0.0 	0 	0.0 	1.9 	29 	0.2 	0.0 	0.0 	0.0 	0.0 	6.0 	WR77		Actual	Actual	Actual	Actual	Forecast	Forecast	Forecast	Forecast	Forecast	Forecast	Forecast	Forecast	Forecast	Forecast	Forecast	Forecast	Forecast		Healthy	Healthy	Healthy	Healthy	Healthy	Healthy	Healthy	Healthy	Healthy	Healthy	Healthy	Healthy	Healthy	Healthy	Healthy	Healthy	Healthy		Week 5 2026	10/8/2026	8:57:03 PM	20		13%	14%	0%	0%	0%	0%		0.0 	0	0	0	0	0	0.045637 
	Terrance Ferguson	Los Angeles Rams	TE	TE33	6.2 	81 	0 	0.0 	0.0 	0.0 	0 	0.0 	0.0 	0.0 	33.0 	2.5 	320 	24.6 	2.7 	0.2 	0.0 	0.1 	0.0 	0.205 	0.560 	0.269 	(0)	0.000 	0.000 	199 	199 	0 	33 	22 	(11)	0.138 																0.0 	17.4 	1.9 	0.0 	0.0 	5.8 	5.5 	5.6 	5.7 	5.6 	0.0 	5.6 	5.5 	5.6 	5.7 	5.4 	5.6 		-	TE8	TE29	-	-	TE27	TE28	TE28	TE30	TE28	-	TE31	TE27	TE29	TE31	TE33	TE32		TE33	5.6 	0.0 	0.0 	0.0 	0.0 	2.4 	23.4 	0.2 	33 	0.221 	0.560 	0.269 	(0)	0.000 	0.000 	199 	0.141 		62 														TE32	9.7 	0.0 	0.0 	0.0 	0.0 	13.0 	128.7 	0.8 	32 	0.165 	0.560 	0.279 	(1)	0.000 	0.000 	#N/A	0.136 		19.3 																	Los Angeles Rams	San Francisco 49ers	0 	0.0 	0 	0.0 	0.0 	0 	0.0 	0.0 	0.0 	0.0 	0.0 	0.0 	-		Los Angeles Rams	New York Giants	0 	0.0 	0 	0.0 	6.0 	54 	1.0 	0.0 	0.0 	0.0 	0.0 	17.4 	TE8		Los Angeles Rams	Denver Broncos	0 	0.0 	0 	0.0 	1.0 	9 	0.0 	0.0 	0.0 	0.0 	0.0 	1.9 	TE29		Los Angeles Rams	Philadelphia Eagles	0 	0.0 	0 	0.0 	0.0 	0 	0.0 	0.0 	0.0 	0.0 	0.0 	0.0 	-		Los Angeles Rams	Buffalo Bills	0 	0.0 	0 	0.0 	0.0 	0 	0.0 	0.0 	0.0 	0.0 	0.0 	0.0 	-		Los Angeles Rams	Arizona Cardinals	0 	0.0 	0 	0.0 	2.4 	24 	0.2 	0.0 	0.0 	0.0 	0.0 	5.8 	TE27		Los Angeles Rams	Las Vegas Raiders	0 	0.0 	0 	0.0 	2.3 	23 	0.1 	0.0 	0.0 	0.0 	0.0 	5.5 	TE28		Los Angeles Rams	Los Angeles Chargers	0 	0.0 	0 	0.0 	2.4 	24 	0.2 	0.0 	0.0 	0.0 	0.0 	5.6 	TE28		Los Angeles Rams	Washington Commanders	0 	0.0 	0 	0.0 	2.4 	24 	0.2 	0.0 	0.0 	0.0 	0.0 	5.7 	TE30		Los Angeles Rams	Arizona Cardinals	0 	0.0 	0 	0.0 	2.3 	23 	0.2 	0.0 	0.0 	0.0 	0.0 	5.6 	TE28		Los Angeles Rams	BYE	0 	0.0 	0 	0.0 	0.0 	0 	0.0 	0.0 	0.0 	0.0 	0.0 	0.0 	-		Los Angeles Rams	Green Bay Packers	0 	0.0 	0 	0.0 	2.4 	23 	0.2 	0.0 	0.0 	0.0 	0.0 	5.6 	TE31		Los Angeles Rams	Kansas City Chiefs	0 	0.0 	0 	0.0 	2.3 	23 	0.1 	0.0 	0.0 	0.0 	0.0 	5.5 	TE27		Los Angeles Rams	San Francisco 49ers	0 	0.0 	0 	0.0 	2.4 	24 	0.2 	0.0 	0.0 	0.0 	0.0 	5.6 	TE29		Los Angeles Rams	Dallas Cowboys	0 	0.0 	0 	0.0 	2.4 	24 	0.2 	0.0 	0.0 	0.0 	0.0 	5.7 	TE31		Los Angeles Rams	Seattle Seahawks	0 	0.0 	0 	0.0 	2.3 	23 	0.1 	0.0 	0.0 	0.0 	0.0 	5.4 	TE33		Los Angeles Rams	Tampa Bay Buccaneers	0 	0.0 	0 	0.0 	2.4 	23 	0.2 	0.0 	0.0 	0.0 	0.0 	5.6 	TE32		Actual	Actual	Actual	Actual	Forecast	Forecast	Forecast	Forecast	Forecast	Forecast	Forecast	Forecast	Forecast	Forecast	Forecast	Forecast	Forecast		Healthy	Healthy	Healthy	Injured	Injured	Healthy	Healthy	Healthy	Healthy	Healthy	Healthy	Healthy	Healthy	Healthy	Healthy	Healthy	Healthy		Week 5 2026	10/8/2026	8:57:03 PM	20		10%	8%	0%	0%	0%	0%		0.0 	0	0	1	1	0	
	Kyler Murray	Minnesota Vikings	QB	QB30	14.0 	210 	3,043 	202.9 	19.1 	1.3 	246 	16.4 	1.2 	0.1 	0.0 	0.0 	0 	0.0 	0.0 	0.0 	8.8 	0.9 	0.0 	0.532 	0.460 	0.143 	0 	0.135 	0.000 	197 	138 	(59)	28 	17 	(11)	0.139 				-	-		-	-		-	-		-	-		1.4 	0.0 	10.4 	11.5 	15.4 	0.0 	16.4 	15.5 	15.8 	15.0 	15.5 	15.9 	15.7 	14.5 	15.7 	16.4 	15.0 		QB33	-	QB27	QB23	QB15	-	QB11	QB19	QB18	QB22	QB19	QB18	QB18	QB24	QB19	QB11	QB21		QB21	15.6 	217.5 	1.5 	17.0 	0.1 	0.0 	0.0 	0.0 	20 	0.670 	0.460 	0.253 	1 	0.412 	0.000 	118 	0.328 		187 														QB37	7.8 	870.0 	6.0 	67.8 	0.4 	0.0 	0.0 	0.0 	37 	0.200 	0.460 	0.009 	(1)	0.000 	0.000 	#N/A	0.005 		23.3 																	Minnesota Vikings	Green Bay Packers	18 	0.0 	9 	0.0 	0.0 	0 	0.0 	0.1 	0.0 	0.0 	0.0 	1.4 	QB33		Minnesota Vikings	Chicago Bears	0 	0.0 	0 	0.0 	0.0 	0 	0.0 	0.0 	0.0 	0.0 	0.0 	0.0 	-		Minnesota Vikings	Tampa Bay Buccaneers	168 	1.0 	17 	0.0 	0.0 	0 	0.0 	1.0 	0.0 	0.0 	0.0 	10.4 	QB27		Minnesota Vikings	Miami Dolphins	247 	0.0 	16 	0.0 	0.0 	0 	0.0 	0.0 	0.0 	0.0 	0.0 	11.5 	QB23		Minnesota Vikings	New Orleans Saints	213 	1.5 	19 	0.1 	0.0 	0 	0.0 	0.6 	0.1 	0.0 	0.0 	15.4 	QB15		Minnesota Vikings	BYE	0 	0.0 	0 	0.0 	0.0 	0 	0.0 	0.0 	0.0 	0.0 	0.0 	0.0 	-		Minnesota Vikings	Indianapolis Colts	222 	1.6 	18 	0.1 	0.0 	0 	0.0 	0.6 	0.1 	0.0 	0.0 	16.4 	QB11		Minnesota Vikings	Detroit Lions	221 	1.5 	16 	0.1 	0.0 	0 	0.0 	0.6 	0.1 	0.0 	0.0 	15.5 	QB19		Minnesota Vikings	Buffalo Bills	220 	1.5 	17 	0.1 	0.0 	0 	0.0 	0.6 	0.1 	0.0 	0.0 	15.8 	QB18		Minnesota Vikings	Green Bay Packers	217 	1.4 	15 	0.1 	0.0 	0 	0.0 	0.6 	0.1 	0.0 	0.0 	15.0 	QB22		Minnesota Vikings	San Francisco 49ers	221 	1.5 	16 	0.1 	0.0 	0 	0.0 	0.6 	0.1 	0.0 	0.0 	15.5 	QB19		Minnesota Vikings	Atlanta Falcons	215 	1.6 	19 	0.1 	0.0 	0 	0.0 	0.6 	0.1 	0.0 	0.0 	15.9 	QB18		Minnesota Vikings	Carolina Panthers	216 	1.5 	18 	0.1 	0.0 	0 	0.0 	0.6 	0.1 	0.0 	0.0 	15.7 	QB18		Minnesota Vikings	New England Patriots	213 	1.4 	15 	0.1 	0.0 	0 	0.0 	0.6 	0.1 	0.0 	0.0 	14.5 	QB24		Minnesota Vikings	Detroit Lions	220 	1.5 	17 	0.1 	0.0 	0 	0.0 	0.6 	0.1 	0.0 	0.0 	15.7 	QB19		Minnesota Vikings	Washington Commanders	222 	1.6 	18 	0.1 	0.0 	0 	0.0 	0.6 	0.1 	0.0 	0.0 	16.4 	QB11		Minnesota Vikings	New York Jets	211 	1.4 	17 	0.1 	0.0 	0 	0.0 	0.6 	0.1 	0.0 	0.0 	15.0 	QB21		Actual	Actual	Actual	Actual	Forecast	Forecast	Forecast	Forecast	Forecast	Forecast	Forecast	Forecast	Forecast	Forecast	Forecast	Forecast	Forecast		Healthy	Injured	Healthy	Healthy	Healthy	Healthy	Healthy	Healthy	Healthy	Healthy	Healthy	Healthy	Healthy	Healthy	Healthy	Healthy	Healthy		Week 5 2026	10/8/2026	8:57:03 PM	20		0%	0%	14%	12%	99%	99%		0.3 	1	0	0	0	0	
	Greg Dulcich	Miami Dolphins	TE	TE31	5.8 	86 	0 	0.0 	0.0 	0.0 	0 	0.0 	0.0 	0.0 	35.5 	2.4 	405 	27.0 	1.8 	0.1 	0.0 	0.1 	0.0 	0.219 	0.560 	0.289 	(0)	0.000 	0.000 	192 	215 	23 	31 	26 	(5)	0.148 				-	-		-	-		-	-		-	-		3.8 	3.7 	10.5 	0.0 	5.5 	0.0 	5.5 	5.7 	5.9 	5.9 	5.7 	5.6 	5.5 	5.9 	5.6 	5.7 	6.0 		TE28	TE23	TE13	-	TE28	-	TE27	TE26	TE29	TE26	TE27	TE32	TE28	TE27	TE32	TE30	TE29		TE31	5.7 	0.0 	0.0 	0.0 	0.0 	2.2 	26.2 	0.1 	31 	0.245 	0.560 	0.289 	(0)	0.000 	0.000 	194 	0.152 		68 														TE37	6.0 	0.0 	0.0 	0.0 	0.0 	8.8 	105.0 	0.6 	37 	0.154 	0.560 	0.229 	(1)	0.000 	0.000 	#N/A	0.115 		18.0 																	Miami Dolphins	Las Vegas Raiders	0 	0.0 	0 	0.0 	2.0 	18 	0.0 	0.0 	0.0 	0.0 	0.0 	3.8 	TE28		Miami Dolphins	San Francisco 49ers	0 	0.0 	0 	0.0 	2.0 	17 	0.0 	0.0 	0.0 	0.0 	0.0 	3.7 	TE23		Miami Dolphins	Kansas City Chiefs	0 	0.0 	0 	0.0 	5.0 	55 	0.0 	0.0 	0.0 	0.0 	0.0 	10.5 	TE13		Miami Dolphins	Minnesota Vikings	0 	0.0 	0 	0.0 	0.0 	0 	0.0 	0.0 	0.0 	0.0 	0.0 	0.0 	-		Miami Dolphins	Cincinnati Bengals	0 	0.0 	0 	0.0 	2.2 	26 	0.1 	0.0 	0.0 	0.0 	0.0 	5.5 	TE28		Miami Dolphins	BYE	0 	0.0 	0 	0.0 	0.0 	0 	0.0 	0.0 	0.0 	0.0 	0.0 	0.0 	-		Miami Dolphins	New York Jets	0 	0.0 	0 	0.0 	2.1 	25 	0.1 	0.0 	0.0 	0.0 	0.0 	5.5 	TE27		Miami Dolphins	New England Patriots	0 	0.0 	0 	0.0 	2.2 	26 	0.1 	0.0 	0.0 	0.0 	0.0 	5.7 	TE26		Miami Dolphins	Detroit Lions	0 	0.0 	0 	0.0 	2.3 	27 	0.2 	0.0 	0.0 	0.0 	0.0 	5.9 	TE29		Miami Dolphins	Indianapolis Colts	0 	0.0 	0 	0.0 	2.3 	27 	0.2 	0.0 	0.0 	0.0 	0.0 	5.9 	TE26		Miami Dolphins	Buffalo Bills	0 	0.0 	0 	0.0 	2.2 	26 	0.1 	0.0 	0.0 	0.0 	0.0 	5.7 	TE27		Miami Dolphins	New York Jets	0 	0.0 	0 	0.0 	2.1 	25 	0.2 	0.0 	0.0 	0.0 	0.0 	5.6 	TE32		Miami Dolphins	Denver Broncos	0 	0.0 	0 	0.0 	2.2 	26 	0.1 	0.0 	0.0 	0.0 	0.0 	5.5 	TE28		Miami Dolphins	Chicago Bears	0 	0.0 	0 	0.0 	2.3 	27 	0.2 	0.0 	0.0 	0.0 	0.0 	5.9 	TE27		Miami Dolphins	Green Bay Packers	0 	0.0 	0 	0.0 	2.2 	26 	0.1 	0.0 	0.0 	0.0 	0.0 	5.6 	TE32		Miami Dolphins	Los Angeles Chargers	0 	0.0 	0 	0.0 	2.2 	26 	0.1 	0.0 	0.0 	0.0 	0.0 	5.7 	TE30		Miami Dolphins	Buffalo Bills	0 	0.0 	0 	0.0 	2.3 	27 	0.2 	0.0 	0.0 	0.0 	0.0 	6.0 	TE29		Actual	Actual	Actual	Actual	Forecast	Forecast	Forecast	Forecast	Forecast	Forecast	Forecast	Forecast	Forecast	Forecast	Forecast	Forecast	Forecast		Healthy	Healthy	Healthy	Healthy	Healthy	Healthy	Healthy	Healthy	Healthy	Healthy	Healthy	Healthy	Healthy	Healthy	Healthy	Healthy	Healthy		Week 5 2026	10/8/2026	8:57:03 PM	20		12%	12%	0%	0%	0%	0%		0.0 	0	0	0	0	0	0.037669 
	Alec Pierce	Indianapolis Colts	WR	WR78	7.3 	88 	0 	0.0 	0.0 	0.0 	0 	0.0 	0.0 	0.0 	26.1 	2.2 	483 	40.3 	2.3 	0.2 	0.0 	0.1 	0.0 	0.222 	1.000 	0.220 	(0)	0.000 	0.000 	202 	91 	(111)	78 	38 	(40)	0.132 				-	-		-	-		-	-		-	-		10.1 	2.1 	0.0 	0.0 	0.0 	0.0 	7.3 	7.6 	7.9 	7.6 	7.4 	7.6 	0.0 	7.4 	7.6 	7.9 	7.3 		WR33	WR77	-	-	-	-	WR54	WR58	WR54	WR54	WR57	WR62	-	WR63	WR66	WR58	WR68		WR75	7.6 	0.0 	0.0 	0.0 	0.0 	2.1 	41.1 	0.2 	75 	0.271 	1.000 	0.250 	(0)	0.000 	0.000 	193 	0.153 		76 														WR103	6.1 	0.0 	0.0 	0.0 	0.0 	10.5 	205.5 	1.1 	103 	0.105 	1.000 	0.000 	(1)	0.000 	0.000 	#N/A	0.016 		12.2 																	Indianapolis Colts	Baltimore Ravens	0 	0.0 	0 	0.0 	4.0 	61 	0.0 	0.0 	0.0 	0.0 	0.0 	10.1 	WR33		Indianapolis Colts	Kansas City Chiefs	0 	0.0 	0 	0.0 	1.0 	11 	0.0 	0.0 	0.0 	0.0 	0.0 	2.1 	WR77		Indianapolis Colts	Houston Texans	0 	0.0 	0 	0.0 	0.0 	0 	0.0 	0.0 	0.0 	0.0 	0.0 	0.0 	-		Indianapolis Colts	Washington Commanders	0 	0.0 	0 	0.0 	0.0 	0 	0.0 	0.0 	0.0 	0.0 	0.0 	0.0 	-		Indianapolis Colts	Pittsburgh Steelers	0 	0.0 	0 	0.0 	0.0 	0 	0.0 	0.0 	0.0 	0.0 	0.0 	0.0 	-		Indianapolis Colts	Tennessee Titans	0 	0.0 	0 	0.0 	0.0 	0 	0.0 	0.0 	0.0 	0.0 	0.0 	0.0 	-		Indianapolis Colts	Minnesota Vikings	0 	0.0 	0 	0.0 	2.1 	40 	0.2 	0.0 	0.0 	0.0 	0.0 	7.3 	WR54		Indianapolis Colts	Jacksonville Jaguars	0 	0.0 	0 	0.0 	2.1 	41 	0.2 	0.0 	0.0 	0.0 	0.0 	7.6 	WR58		Indianapolis Colts	Dallas Cowboys	0 	0.0 	0 	0.0 	2.2 	43 	0.2 	0.0 	0.0 	0.0 	0.0 	7.9 	WR54		Indianapolis Colts	Miami Dolphins	0 	0.0 	0 	0.0 	2.1 	41 	0.2 	0.0 	0.0 	0.0 	0.0 	7.6 	WR54		Indianapolis Colts	Houston Texans	0 	0.0 	0 	0.0 	2.1 	41 	0.2 	0.0 	0.0 	0.0 	0.0 	7.4 	WR57		Indianapolis Colts	New York Giants	0 	0.0 	0 	0.0 	2.1 	41 	0.2 	0.0 	0.0 	0.0 	0.0 	7.6 	WR62		Indianapolis Colts	BYE	0 	0.0 	0 	0.0 	0.0 	0 	0.0 	0.0 	0.0 	0.0 	0.0 	0.0 	-		Indianapolis Colts	Philadelphia Eagles	0 	0.0 	0 	0.0 	2.1 	41 	0.2 	0.0 	0.0 	0.0 	0.0 	7.4 	WR63		Indianapolis Colts	Tennessee Titans	0 	0.0 	0 	0.0 	2.1 	41 	0.2 	0.0 	0.0 	0.0 	0.0 	7.6 	WR66		Indianapolis Colts	Cincinnati Bengals	0 	0.0 	0 	0.0 	2.2 	43 	0.2 	0.0 	0.0 	0.0 	0.0 	7.9 	WR58		Indianapolis Colts	Cleveland Browns	0 	0.0 	0 	0.0 	2.0 	40 	0.2 	0.0 	0.0 	0.0 	0.0 	7.3 	WR68		Actual	Actual	Actual	Actual	Forecast	Forecast	Forecast	Forecast	Forecast	Forecast	Forecast	Forecast	Forecast	Forecast	Forecast	Forecast	Forecast		Healthy	Healthy	Injured	Injured	Injured	Injured	Healthy	Healthy	Healthy	Healthy	Healthy	Healthy	Healthy	Healthy	Healthy	Healthy	Healthy		Week 5 2026	10/8/2026	8:57:03 PM	20		18%	18%	0%	0%	0%	0%		0.1 	0	1	1	1	1	
	Kaleb Johnson	Green Bay Packers	RB	RB65	3.1 	47 	0 	0.0 	0.0 	0.0 	303 	20.2 	1.8 	0.1 	4.6 	0.3 	40 	2.6 	0.2 	0.0 	0.0 	1.7 	0.0 	0.119 	1.000 	0.199 	(1)	0.000 	0.000 	213 	219 	6 	65 	60 	(5)	0.108 																0.0 	3.2 	2.6 	2.2 	4.3 	4.6 	4.6 	5.5 	2.3 	2.6 	0.0 	2.2 	2.6 	2.6 	3.0 	2.4 	2.4 		-	RB52	RB52	RB52	RB47	RB46	RB44	RB44	RB62	RB57	-	RB68	RB59	RB63	RB63	RB68	RB69		RB62	3.3 	0.0 	0.0 	18.5 	0.1 	0.3 	2.5 	0.0 	62 	0.140 	1.000 	0.238 	(1)	0.000 	0.000 	206 	0.128 		39 														RB71	2.7 	0.0 	0.0 	74.2 	0.6 	1.2 	9.9 	0.1 	71 	0.069 	1.000 	0.121 	(1)	0.000 	0.000 	#N/A	0.065 		8.0 																	Green Bay Packers	Minnesota Vikings	0 	0.0 	0 	0.0 	0.0 	0 	0.0 	0.0 	0.0 	0.0 	0.0 	0.0 	-		Green Bay Packers	New York Jets	0 	0.0 	32 	0.0 	0.0 	0 	0.0 	0.0 	0.0 	0.0 	0.0 	3.2 	RB52		Green Bay Packers	Atlanta Falcons	0 	0.0 	6 	0.0 	1.0 	10 	0.0 	0.0 	0.0 	0.0 	0.0 	2.6 	RB52		Green Bay Packers	Tampa Bay Buccaneers	0 	0.0 	42 	0.0 	0.0 	0 	0.0 	0.0 	1.0 	0.0 	0.0 	2.2 	RB52		Green Bay Packers	Chicago Bears	0 	0.0 	26 	0.2 	0.3 	2 	0.0 	0.0 	0.1 	0.0 	0.0 	4.3 	RB47		Green Bay Packers	Dallas Cowboys	0 	0.0 	27 	0.2 	0.3 	3 	0.0 	0.0 	0.1 	0.0 	0.0 	4.6 	RB46		Green Bay Packers	Detroit Lions	0 	0.0 	27 	0.2 	0.3 	3 	0.0 	0.0 	0.1 	0.0 	0.0 	4.6 	RB44		Green Bay Packers	Carolina Panthers	0 	0.0 	33 	0.3 	0.3 	2 	0.0 	0.0 	0.1 	0.0 	0.0 	5.5 	RB44		Green Bay Packers	New England Patriots	0 	0.0 	12 	0.1 	0.3 	2 	0.0 	0.0 	0.0 	0.0 	0.0 	2.3 	RB62		Green Bay Packers	Minnesota Vikings	0 	0.0 	14 	0.1 	0.3 	2 	0.0 	0.0 	0.0 	0.0 	0.0 	2.6 	RB57		Green Bay Packers	BYE	0 	0.0 	0 	0.0 	0.0 	0 	0.0 	0.0 	0.0 	0.0 	0.0 	0.0 	-		Green Bay Packers	Los Angeles Rams	0 	0.0 	12 	0.1 	0.3 	2 	0.0 	0.0 	0.0 	0.0 	0.0 	2.2 	RB68		Green Bay Packers	New Orleans Saints	0 	0.0 	14 	0.1 	0.3 	2 	0.0 	0.0 	0.0 	0.0 	0.0 	2.6 	RB59		Green Bay Packers	Buffalo Bills	0 	0.0 	14 	0.1 	0.3 	3 	0.0 	0.0 	0.0 	0.0 	0.0 	2.6 	RB63		Green Bay Packers	Miami Dolphins	0 	0.0 	16 	0.1 	0.3 	2 	0.0 	0.0 	0.0 	0.0 	0.0 	3.0 	RB63		Green Bay Packers	Chicago Bears	0 	0.0 	13 	0.1 	0.3 	2 	0.0 	0.0 	0.0 	0.0 	0.0 	2.4 	RB68		Green Bay Packers	Houston Texans	0 	0.0 	13 	0.1 	0.3 	2 	0.0 	0.0 	0.0 	0.0 	0.0 	2.4 	RB69		Actual	Actual	Actual	Actual	Forecast	Forecast	Forecast	Forecast	Forecast	Forecast	Forecast	Forecast	Forecast	Forecast	Forecast	Forecast	Forecast		Healthy	Healthy	Healthy	Healthy	Healthy	Healthy	Healthy	Healthy	Healthy	Healthy	Healthy	Healthy	Healthy	Healthy	Healthy	Healthy	Healthy		Week 5 2026	10/8/2026	8:57:03 PM	20		1%	1%	13%	11%	0%	0%		0.1 	0	0	0	0	0	0.063220 
	Tyler Higbee	Los Angeles Rams	TE	TE32	5.5 	82 	0 	0.0 	0.0 	0.0 	0 	0.0 	0.0 	0.0 	35.8 	2.4 	338 	22.6 	2.4 	0.2 	0.0 	1.0 	0.0 	0.207 	0.560 	0.279 	(1)	0.000 	0.000 	196 	346 	150 	32 	40 	8 	0.143 																1.2 	0.0 	20.2 	11.7 	4.3 	4.2 	4.0 	4.1 	4.1 	4.0 	0.0 	4.0 	4.0 	4.1 	4.1 	3.9 	4.0 		TE37	-	TE6	TE12	TE31	TE30	TE30	TE30	TE32	TE30	-	TE34	TE29	TE32	TE34	TE34	TE34		TE34	4.1 	0.0 	0.0 	0.0 	0.0 	1.7 	16.5 	0.1 	34 	0.175 	0.560 	0.259 	(1)	0.000 	0.000 	203 	0.130 		49 														TE22	11.0 	0.0 	0.0 	0.0 	0.0 	6.9 	65.8 	0.5 	22 	0.284 	0.560 	0.376 	0 	0.078 	0.000 	#N/A	0.228 		33.1 																	Los Angeles Rams	San Francisco 49ers	0 	0.0 	0 	0.0 	2.0 	12 	0.0 	0.0 	1.0 	0.0 	0.0 	1.2 	TE37		Los Angeles Rams	New York Giants	0 	0.0 	0 	0.0 	0.0 	0 	0.0 	0.0 	0.0 	0.0 	0.0 	0.0 	-		Los Angeles Rams	Denver Broncos	0 	0.0 	0 	0.0 	8.0 	62 	1.0 	0.0 	0.0 	0.0 	0.0 	20.2 	TE6		Los Angeles Rams	Philadelphia Eagles	0 	0.0 	0 	0.0 	5.0 	67 	0.0 	0.0 	0.0 	0.0 	0.0 	11.7 	TE12		Los Angeles Rams	Buffalo Bills	0 	0.0 	0 	0.0 	1.8 	17 	0.1 	0.0 	0.0 	0.0 	0.0 	4.3 	TE31		Los Angeles Rams	Arizona Cardinals	0 	0.0 	0 	0.0 	1.8 	17 	0.1 	0.0 	0.0 	0.0 	0.0 	4.2 	TE30		Los Angeles Rams	Las Vegas Raiders	0 	0.0 	0 	0.0 	1.7 	16 	0.1 	0.0 	0.0 	0.0 	0.0 	4.0 	TE30		Los Angeles Rams	Los Angeles Chargers	0 	0.0 	0 	0.0 	1.7 	17 	0.1 	0.0 	0.0 	0.0 	0.0 	4.1 	TE30		Los Angeles Rams	Washington Commanders	0 	0.0 	0 	0.0 	1.8 	17 	0.1 	0.0 	0.0 	0.0 	0.0 	4.1 	TE32		Los Angeles Rams	Arizona Cardinals	0 	0.0 	0 	0.0 	1.7 	16 	0.1 	0.0 	0.0 	0.0 	0.0 	4.0 	TE30		Los Angeles Rams	BYE	0 	0.0 	0 	0.0 	0.0 	0 	0.0 	0.0 	0.0 	0.0 	0.0 	0.0 	-		Los Angeles Rams	Green Bay Packers	0 	0.0 	0 	0.0 	1.7 	16 	0.1 	0.0 	0.0 	0.0 	0.0 	4.0 	TE34		Los Angeles Rams	Kansas City Chiefs	0 	0.0 	0 	0.0 	1.7 	16 	0.1 	0.0 	0.0 	0.0 	0.0 	4.0 	TE29		Los Angeles Rams	San Francisco 49ers	0 	0.0 	0 	0.0 	1.7 	17 	0.1 	0.0 	0.0 	0.0 	0.0 	4.1 	TE32		Los Angeles Rams	Dallas Cowboys	0 	0.0 	0 	0.0 	1.7 	17 	0.1 	0.0 	0.0 	0.0 	0.0 	4.1 	TE34		Los Angeles Rams	Seattle Seahawks	0 	0.0 	0 	0.0 	1.7 	16 	0.1 	0.0 	0.0 	0.0 	0.0 	3.9 	TE34		Los Angeles Rams	Tampa Bay Buccaneers	0 	0.0 	0 	0.0 	1.7 	16 	0.1 	0.0 	0.0 	0.0 	0.0 	4.0 	TE34		Actual	Actual	Actual	Actual	Forecast	Forecast	Forecast	Forecast	Forecast	Forecast	Forecast	Forecast	Forecast	Forecast	Forecast	Forecast	Forecast		Healthy	Healthy	Healthy	Healthy	Healthy	Healthy	Healthy	Healthy	Healthy	Healthy	Healthy	Healthy	Healthy	Healthy	Healthy	Healthy	Healthy		Week 5 2026	10/8/2026	8:57:03 PM	20		7%	6%	0%	0%	0%	0%		(0.1)	0	0	0	0	0	(0.098212)
	Makai Lemon	Philadelphia Eagles	WR	WR75	5.8 	93 	0 	0.0 	0.0 	0.0 	(5)	(0.3)	0.0 	0.0 	44.7 	2.8 	370 	23.2 	2.0 	0.1 	0.0 	0.1 	0.0 	0.236 	1.000 	0.250 	(1)	0.000 	0.000 	193 	115 	(78)	75 	45 	(30)	0.148 				-	-		-	-		-	-		-	-		2.5 	1.9 	5.9 	5.7 	6.1 	6.4 	6.8 	6.5 	6.5 	0.0 	6.4 	6.7 	6.3 	6.6 	6.3 	6.0 	6.4 		WR84	WR78	WR56	WR58	WR66	WR61	WR61	WR66	WR68	-	WR64	WR74	WR66	WR71	WR75	WR75	WR74		WR73	6.4 	0.0 	0.0 	0.0 	0.0 	2.9 	25.5 	0.2 	73 	0.277 	1.000 	0.270 	(0)	0.000 	0.000 	186 	0.163 		77 														WR94	4.0 	0.0 	0.0 	0.0 	0.0 	8.7 	76.4 	0.5 	94 	0.137 	1.000 	0.060 	(1)	0.000 	0.000 	#N/A	0.048 		16.0 																	Philadelphia Eagles	Washington Commanders	0 	0.0 	0 	0.0 	3.0 	(5)	0.0 	0.0 	0.0 	0.0 	0.0 	2.5 	WR84		Philadelphia Eagles	Tennessee Titans	0 	0.0 	(5)	0.0 	1.0 	14 	0.0 	0.0 	0.0 	0.0 	0.0 	1.9 	WR78		Philadelphia Eagles	Chicago Bears	0 	0.0 	0 	0.0 	3.0 	29 	0.0 	0.0 	0.0 	0.0 	0.0 	5.9 	WR56		Philadelphia Eagles	Los Angeles Rams	0 	0.0 	0 	0.0 	3.0 	27 	0.0 	0.0 	0.0 	0.0 	0.0 	5.7 	WR58		Philadelphia Eagles	Jacksonville Jaguars	0 	0.0 	0 	0.0 	2.8 	25 	0.1 	0.0 	0.0 	0.0 	0.0 	6.1 	WR66		Philadelphia Eagles	Carolina Panthers	0 	0.0 	0 	0.0 	2.9 	25 	0.2 	0.0 	0.0 	0.0 	0.0 	6.4 	WR61		Philadelphia Eagles	Dallas Cowboys	0 	0.0 	0 	0.0 	3.0 	27 	0.2 	0.0 	0.0 	0.0 	0.0 	6.8 	WR61		Philadelphia Eagles	Washington Commanders	0 	0.0 	0 	0.0 	2.9 	26 	0.2 	0.0 	0.0 	0.0 	0.0 	6.5 	WR66		Philadelphia Eagles	New York Giants	0 	0.0 	0 	0.0 	2.9 	26 	0.2 	0.0 	0.0 	0.0 	0.0 	6.5 	WR68		Philadelphia Eagles	BYE	0 	0.0 	0 	0.0 	0.0 	0 	0.0 	0.0 	0.0 	0.0 	0.0 	0.0 	-		Philadelphia Eagles	Pittsburgh Steelers	0 	0.0 	0 	0.0 	2.9 	25 	0.2 	0.0 	0.0 	0.0 	0.0 	6.4 	WR64		Philadelphia Eagles	Dallas Cowboys	0 	0.0 	0 	0.0 	3.0 	26 	0.2 	0.0 	0.0 	0.0 	0.0 	6.7 	WR74		Philadelphia Eagles	Arizona Cardinals	0 	0.0 	0 	0.0 	2.8 	25 	0.2 	0.0 	0.0 	0.0 	0.0 	6.3 	WR66		Philadelphia Eagles	Indianapolis Colts	0 	0.0 	0 	0.0 	3.0 	26 	0.2 	0.0 	0.0 	0.0 	0.0 	6.6 	WR71		Philadelphia Eagles	Seattle Seahawks	0 	0.0 	0 	0.0 	2.9 	25 	0.2 	0.0 	0.0 	0.0 	0.0 	6.3 	WR75		Philadelphia Eagles	Houston Texans	0 	0.0 	0 	0.0 	2.7 	24 	0.1 	0.0 	0.0 	0.0 	0.0 	6.0 	WR75		Philadelphia Eagles	San Francisco 49ers	0 	0.0 	0 	0.0 	2.9 	26 	0.2 	0.0 	0.0 	0.0 	0.0 	6.4 	WR74		Actual	Actual	Actual	Actual	Forecast	Forecast	Forecast	Forecast	Forecast	Forecast	Forecast	Forecast	Forecast	Forecast	Forecast	Forecast	Forecast		Healthy	Healthy	Healthy	Healthy	Healthy	Healthy	Healthy	Healthy	Healthy	Healthy	Healthy	Healthy	Healthy	Healthy	Healthy	Healthy	Healthy		Week 5 2026	10/8/2026	8:57:03 PM	20		12%	11%	0%	0%	0%	0%		0.1 	0	0	0	0	0	0.115442 
	Samaje Perine	Cincinnati Bengals	RB	RB60	3.3 	54 	0 	0.0 	0.0 	0.0 	179 	11.2 	0.7 	0.0 	16.2 	1.0 	147 	9.2 	0.3 	0.0 	0.0 	0.5 	0.0 	0.135 	1.000 	0.264 	(1)	0.000 	0.000 	198 	365 	167 	60 	89 	29 	0.139 																8.0 	3.2 	2.4 	0.7 	3.3 	0.0 	3.0 	3.5 	3.4 	3.2 	3.3 	3.4 	3.2 	3.2 	3.2 	3.3 	3.3 		RB35	RB52	RB53	RB59	RB52	-	RB53	RB53	RB54	RB52	RB45	RB58	RB56	RB59	RB61	RB60	RB59		RB61	3.3 	0.0 	0.0 	11.4 	0.1 	0.9 	8.0 	0.0 	61 	0.141 	1.000 	0.251 	(1)	0.000 	0.000 	202 	0.134 		39 														RB59	3.6 	0.0 	0.0 	34.2 	0.2 	2.8 	24.0 	0.1 	59 	0.123 	1.000 	0.277 	(1)	0.000 	0.000 	#N/A	0.143 		14.3 																	Cincinnati Bengals	Tampa Bay Buccaneers	0 	0.0 	20 	0.0 	3.0 	30 	0.0 	0.0 	0.0 	0.0 	0.0 	8.0 	RB35		Cincinnati Bengals	Houston Texans	0 	0.0 	6 	0.0 	1.0 	16 	0.0 	0.0 	0.0 	0.0 	0.0 	3.2 	RB52		Cincinnati Bengals	Pittsburgh Steelers	0 	0.0 	9 	0.0 	1.0 	5 	0.0 	0.0 	0.0 	0.0 	0.0 	2.4 	RB53		Cincinnati Bengals	Jacksonville Jaguars	0 	0.0 	7 	0.0 	0.0 	0 	0.0 	0.0 	0.0 	0.0 	0.0 	0.7 	RB59		Cincinnati Bengals	Miami Dolphins	0 	0.0 	12 	0.1 	0.9 	8 	0.0 	0.0 	0.0 	0.0 	0.0 	3.3 	RB52		Cincinnati Bengals	BYE	0 	0.0 	0 	0.0 	0.0 	0 	0.0 	0.0 	0.0 	0.0 	0.0 	0.0 	-		Cincinnati Bengals	Baltimore Ravens	0 	0.0 	9 	0.0 	0.9 	8 	0.0 	0.0 	0.0 	0.0 	0.0 	3.0 	RB53		Cincinnati Bengals	Tennessee Titans	0 	0.0 	13 	0.1 	0.9 	8 	0.0 	0.0 	0.0 	0.0 	0.0 	3.5 	RB53		Cincinnati Bengals	Atlanta Falcons	0 	0.0 	12 	0.1 	0.9 	8 	0.0 	0.0 	0.0 	0.0 	0.0 	3.4 	RB54		Cincinnati Bengals	Pittsburgh Steelers	0 	0.0 	11 	0.1 	0.9 	8 	0.0 	0.0 	0.0 	0.0 	0.0 	3.2 	RB52		Cincinnati Bengals	Washington Commanders	0 	0.0 	11 	0.1 	1.0 	8 	0.0 	0.0 	0.0 	0.0 	0.0 	3.3 	RB45		Cincinnati Bengals	New Orleans Saints	0 	0.0 	13 	0.1 	0.9 	8 	0.0 	0.0 	0.0 	0.0 	0.0 	3.4 	RB58		Cincinnati Bengals	Cleveland Browns	0 	0.0 	12 	0.1 	0.9 	8 	0.0 	0.0 	0.0 	0.0 	0.0 	3.2 	RB56		Cincinnati Bengals	Kansas City Chiefs	0 	0.0 	11 	0.1 	0.9 	8 	0.0 	0.0 	0.0 	0.0 	0.0 	3.2 	RB59		Cincinnati Bengals	Carolina Panthers	0 	0.0 	11 	0.1 	0.9 	8 	0.0 	0.0 	0.0 	0.0 	0.0 	3.2 	RB61		Cincinnati Bengals	Indianapolis Colts	0 	0.0 	11 	0.1 	1.0 	8 	0.0 	0.0 	0.0 	0.0 	0.0 	3.3 	RB60		Cincinnati Bengals	Baltimore Ravens	0 	0.0 	11 	0.1 	1.0 	8 	0.0 	0.0 	0.0 	0.0 	0.0 	3.3 	RB59		Actual	Actual	Actual	Actual	Forecast	Forecast	Forecast	Forecast	Forecast	Forecast	Forecast	Forecast	Forecast	Forecast	Forecast	Forecast	Forecast		Healthy	Healthy	Healthy	Healthy	Healthy	Healthy	Healthy	Healthy	Healthy	Healthy	Healthy	Healthy	Healthy	Healthy	Healthy	Healthy	Healthy		Week 5 2026	10/8/2026	8:57:03 PM	20		3%	1%	12%	9%	0%	0%		(0.0)	0	0	0	0	0	(0.008905)
	Jordyn Tyson	New Orleans Saints	WR	WR80	9.0 	81 	0 	0.0 	0.0 	0.0 	0 	0.0 	0.0 	0.0 	30.3 	3.4 	358 	39.7 	2.5 	0.3 	0.0 	0.1 	0.0 	0.205 	1.000 	0.190 	0 	0.013 	0.000 	207 	146 	(61)	81 	56 	(25)	0.121 				-	-		-	-		-	-		-	-		0.0 	0.0 	0.0 	0.0 	0.0 	0.0 	0.0 	0.0 	8.6 	9.0 	9.1 	9.3 	9.0 	8.8 	9.1 	9.3 	9.0 		-	-	-	-	-	-	-	-	WR51	WR47	WR41	WR52	WR47	WR51	WR53	WR52	WR52		WR70	9.0 	0.0 	0.0 	0.0 	0.0 	3.4 	39.7 	0.3 	72 	0.291 	1.000 	0.280 	0 	0.027 	0.000 	178 	0.181 		81 															0.0 	0.0 	0.0 	0.0 	0.0 	0.0 	0.0 	0.0 	#N/A	0.000 	1.000 	#N/A	(1)	0.000 	0.000 	#N/A	#N/A		0.0 																	New Orleans Saints	Detroit Lions	0 	0.0 	0 	0.0 	0.0 	0 	0.0 	0.0 	0.0 	0.0 	0.0 	0.0 	-		New Orleans Saints	Baltimore Ravens	0 	0.0 	0 	0.0 	0.0 	0 	0.0 	0.0 	0.0 	0.0 	0.0 	0.0 	-		New Orleans Saints	Las Vegas Raiders	0 	0.0 	0 	0.0 	0.0 	0 	0.0 	0.0 	0.0 	0.0 	0.0 	0.0 	-		New Orleans Saints	Atlanta Falcons	0 	0.0 	0 	0.0 	0.0 	0 	0.0 	0.0 	0.0 	0.0 	0.0 	0.0 	-		New Orleans Saints	Minnesota Vikings	0 	0.0 	0 	0.0 	0.0 	0 	0.0 	0.0 	0.0 	0.0 	0.0 	0.0 	-		New Orleans Saints	New York Giants	0 	0.0 	0 	0.0 	0.0 	0 	0.0 	0.0 	0.0 	0.0 	0.0 	0.0 	-		New Orleans Saints	Pittsburgh Steelers	0 	0.0 	0 	0.0 	0.0 	0 	0.0 	0.0 	0.0 	0.0 	0.0 	0.0 	-		New Orleans Saints	BYE	0 	0.0 	0 	0.0 	0.0 	0 	0.0 	0.0 	0.0 	0.0 	0.0 	0.0 	-		New Orleans Saints	Cleveland Browns	0 	0.0 	0 	0.0 	3.2 	38 	0.3 	0.0 	0.0 	0.0 	0.0 	8.6 	WR51		New Orleans Saints	Carolina Panthers	0 	0.0 	0 	0.0 	3.4 	40 	0.3 	0.0 	0.0 	0.0 	0.0 	9.0 	WR47		New Orleans Saints	Chicago Bears	0 	0.0 	0 	0.0 	3.4 	40 	0.3 	0.0 	0.0 	0.0 	0.0 	9.1 	WR41		New Orleans Saints	Cincinnati Bengals	0 	0.0 	0 	0.0 	3.5 	41 	0.3 	0.0 	0.0 	0.0 	0.0 	9.3 	WR52		New Orleans Saints	Green Bay Packers	0 	0.0 	0 	0.0 	3.4 	40 	0.3 	0.0 	0.0 	0.0 	0.0 	9.0 	WR47		New Orleans Saints	Carolina Panthers	0 	0.0 	0 	0.0 	3.3 	39 	0.3 	0.0 	0.0 	0.0 	0.0 	8.8 	WR51		New Orleans Saints	Tampa Bay Buccaneers	0 	0.0 	0 	0.0 	3.4 	40 	0.3 	0.0 	0.0 	0.0 	0.0 	9.1 	WR53		New Orleans Saints	Arizona Cardinals	0 	0.0 	0 	0.0 	3.4 	40 	0.3 	0.0 	0.0 	0.0 	0.0 	9.3 	WR52		New Orleans Saints	Atlanta Falcons	0 	0.0 	0 	0.0 	3.4 	40 	0.3 	0.0 	0.0 	0.0 	0.0 	9.0 	WR52		Actual	Actual	Actual	Actual	Forecast	Forecast	Forecast	Forecast	Forecast	Forecast	Forecast	Forecast	Forecast	Forecast	Forecast	Forecast	Forecast		Injured	Injured	Injured	Injured	Injured	Injured	Injured	Injured	Limited / Handicapped	Healthy	Healthy	Healthy	Healthy	Healthy	Healthy	Healthy	Healthy		Week 5 2026	10/8/2026	8:57:03 PM	20		16%	17%	0%	0%	0%	0%		0.2 	1	1	1	1	1	
	Chig Okonkwo	Washington Commanders	TE	TE34	5.4 	75 	0 	0.0 	0.0 	0.0 	0 	0.0 	0.0 	0.0 	32.2 	2.3 	303 	21.7 	2.1 	0.2 	0.0 	0.1 	0.0 	0.190 	0.560 	0.259 	(1)	0.000 	0.000 	203 	201 	(2)	34 	23 	(11)	0.132 				-	-		-	-		-	-		-	-		3.6 	0.0 	0.0 	2.5 	5.4 	6.0 	0.0 	5.7 	5.9 	5.7 	6.0 	5.8 	5.7 	5.5 	5.8 	5.6 	5.8 		TE29	-	-	TE32	TE30	TE26	-	TE27	TE27	TE27	TE25	TE29	TE25	TE30	TE29	TE31	TE30		TE30	5.8 	0.0 	0.0 	0.0 	0.0 	2.4 	23.5 	0.2 	30 	0.247 	0.560 	0.299 	(0)	0.000 	0.000 	191 	0.157 		69 														TE60	3.1 	0.0 	0.0 	0.0 	0.0 	14.1 	141.1 	1.1 	60 	0.052 	0.560 	0.000 	(1)	0.000 	0.000 	#N/A	0.008 		6.1 																	Washington Commanders	Philadelphia Eagles	0 	0.0 	0 	0.0 	2.0 	16 	0.0 	0.0 	0.0 	0.0 	0.0 	3.6 	TE29		Washington Commanders	Dallas Cowboys	0 	0.0 	0 	0.0 	0.0 	0 	0.0 	0.0 	0.0 	0.0 	0.0 	0.0 	-		Washington Commanders	Seattle Seahawks	0 	0.0 	0 	0.0 	0.0 	0 	0.0 	0.0 	0.0 	0.0 	0.0 	0.0 	-		Washington Commanders	Indianapolis Colts	0 	0.0 	0 	0.0 	2.0 	5 	0.0 	0.0 	0.0 	0.0 	0.0 	2.5 	TE32		Washington Commanders	New York Giants	0 	0.0 	0 	0.0 	2.2 	22 	0.2 	0.0 	0.0 	0.0 	0.0 	5.4 	TE30		Washington Commanders	San Francisco 49ers	0 	0.0 	0 	0.0 	2.5 	25 	0.2 	0.0 	0.0 	0.0 	0.0 	6.0 	TE26		Washington Commanders	BYE	0 	0.0 	0 	0.0 	0.0 	0 	0.0 	0.0 	0.0 	0.0 	0.0 	0.0 	-		Washington Commanders	Philadelphia Eagles	0 	0.0 	0 	0.0 	2.3 	23 	0.2 	0.0 	0.0 	0.0 	0.0 	5.7 	TE27		Washington Commanders	Los Angeles Rams	0 	0.0 	0 	0.0 	2.4 	24 	0.2 	0.0 	0.0 	0.0 	0.0 	5.9 	TE27		Washington Commanders	New York Giants	0 	0.0 	0 	0.0 	2.3 	23 	0.2 	0.0 	0.0 	0.0 	0.0 	5.7 	TE27		Washington Commanders	Cincinnati Bengals	0 	0.0 	0 	0.0 	2.4 	24 	0.2 	0.0 	0.0 	0.0 	0.0 	6.0 	TE25		Washington Commanders	Arizona Cardinals	0 	0.0 	0 	0.0 	2.3 	23 	0.2 	0.0 	0.0 	0.0 	0.0 	5.8 	TE29		Washington Commanders	Tennessee Titans	0 	0.0 	0 	0.0 	2.3 	23 	0.2 	0.0 	0.0 	0.0 	0.0 	5.7 	TE25		Washington Commanders	Houston Texans	0 	0.0 	0 	0.0 	2.3 	23 	0.2 	0.0 	0.0 	0.0 	0.0 	5.5 	TE30		Washington Commanders	Atlanta Falcons	0 	0.0 	0 	0.0 	2.4 	24 	0.2 	0.0 	0.0 	0.0 	0.0 	5.8 	TE29		Washington Commanders	Minnesota Vikings	0 	0.0 	0 	0.0 	2.3 	23 	0.2 	0.0 	0.0 	0.0 	0.0 	5.6 	TE31		Washington Commanders	Jacksonville Jaguars	0 	0.0 	0 	0.0 	2.4 	24 	0.2 	0.0 	0.0 	0.0 	0.0 	5.8 	TE30		Actual	Actual	Actual	Actual	Forecast	Forecast	Forecast	Forecast	Forecast	Forecast	Forecast	Forecast	Forecast	Forecast	Forecast	Forecast	Forecast		Healthy	Injured	Injured	Healthy	Limited / Handicapped	Healthy	Healthy	Healthy	Healthy	Healthy	Healthy	Healthy	Healthy	Healthy	Healthy	Healthy	Healthy		Week 5 2026	10/8/2026	8:57:03 PM	20		11%	12%	0%	0%	0%	0%		0.1 	1	1	0	0	0	
	Rashid Shaheed	Seattle Seahawks	WR	WR81	5.2 	82 	0 	0.0 	0.0 	0.0 	37 	2.3 	1.0 	0.1 	29.4 	1.8 	335 	20.9 	1.7 	0.1 	0.0 	0.1 	0.0 	0.209 	1.000 	0.200 	(1)	0.000 	0.000 	208 	144 	(64)	80 	55 	(25)	0.121 				-	-		-	-		-	-		-	-		1.4 	6.9 	3.4 	12.3 	4.9 	4.7 	4.9 	5.0 	5.1 	4.8 	0.0 	4.9 	5.0 	4.9 	4.7 	4.9 	4.8 		WR89	WR45	WR74	WR31	WR71	WR70	WR69	WR70	WR74	WR70	-	WR82	WR71	WR76	WR82	WR81	WR83		WR82	4.9 	0.0 	0.0 	0.0 	0.0 	1.9 	21.8 	0.1 	82 	0.209 	1.000 	0.180 	(1)	0.000 	0.000 	212 	0.112 		58 														WR73	6.0 	0.0 	0.0 	0.0 	0.0 	5.6 	65.4 	0.4 	73 	0.206 	1.000 	0.270 	(0)	0.000 	0.000 	#N/A	0.152 		24.0 																	Seattle Seahawks	New England Patriots	0 	0.0 	0 	0.0 	1.0 	4 	0.0 	0.0 	0.0 	0.0 	0.0 	1.4 	WR89		Seattle Seahawks	Arizona Cardinals	0 	0.0 	4 	0.0 	3.0 	35 	0.0 	0.0 	0.0 	0.0 	0.0 	6.9 	WR45		Seattle Seahawks	Washington Commanders	0 	0.0 	0 	0.0 	2.0 	14 	0.0 	0.0 	0.0 	0.0 	0.0 	3.4 	WR74		Seattle Seahawks	Los Angeles Chargers	0 	0.0 	33 	1.0 	1.0 	20 	0.0 	0.0 	0.0 	0.0 	0.0 	12.3 	WR31		Seattle Seahawks	San Francisco 49ers	0 	0.0 	0 	0.0 	1.9 	22 	0.1 	0.0 	0.0 	0.0 	0.0 	4.9 	WR71		Seattle Seahawks	Denver Broncos	0 	0.0 	0 	0.0 	1.8 	21 	0.1 	0.0 	0.0 	0.0 	0.0 	4.7 	WR70		Seattle Seahawks	Kansas City Chiefs	0 	0.0 	0 	0.0 	1.9 	22 	0.1 	0.0 	0.0 	0.0 	0.0 	4.9 	WR69		Seattle Seahawks	Chicago Bears	0 	0.0 	0 	0.0 	1.9 	22 	0.1 	0.0 	0.0 	0.0 	0.0 	5.0 	WR70		Seattle Seahawks	Arizona Cardinals	0 	0.0 	0 	0.0 	1.9 	22 	0.2 	0.0 	0.0 	0.0 	0.0 	5.1 	WR74		Seattle Seahawks	Las Vegas Raiders	0 	0.0 	0 	0.0 	1.8 	21 	0.1 	0.0 	0.0 	0.0 	0.0 	4.8 	WR70		Seattle Seahawks	BYE	0 	0.0 	0 	0.0 	0.0 	0 	0.0 	0.0 	0.0 	0.0 	0.0 	0.0 	-		Seattle Seahawks	San Francisco 49ers	0 	0.0 	0 	0.0 	1.9 	22 	0.1 	0.0 	0.0 	0.0 	0.0 	4.9 	WR82		Seattle Seahawks	Dallas Cowboys	0 	0.0 	0 	0.0 	1.9 	22 	0.1 	0.0 	0.0 	0.0 	0.0 	5.0 	WR71		Seattle Seahawks	New York Giants	0 	0.0 	0 	0.0 	1.9 	22 	0.1 	0.0 	0.0 	0.0 	0.0 	4.9 	WR76		Seattle Seahawks	Philadelphia Eagles	0 	0.0 	0 	0.0 	1.8 	21 	0.1 	0.0 	0.0 	0.0 	0.0 	4.7 	WR82		Seattle Seahawks	Los Angeles Rams	0 	0.0 	0 	0.0 	1.9 	22 	0.1 	0.0 	0.0 	0.0 	0.0 	4.9 	WR81		Seattle Seahawks	Carolina Panthers	0 	0.0 	0 	0.0 	1.8 	21 	0.1 	0.0 	0.0 	0.0 	0.0 	4.8 	WR83		Actual	Actual	Actual	Actual	Forecast	Forecast	Forecast	Forecast	Forecast	Forecast	Forecast	Forecast	Forecast	Forecast	Forecast	Forecast	Forecast		Healthy	Healthy	Healthy	Healthy	Healthy	Healthy	Healthy	Healthy	Healthy	Healthy	Healthy	Healthy	Healthy	Healthy	Healthy	Healthy	Healthy		Week 5 2026	10/8/2026	8:57:03 PM	20		9%	8%	0%	0%	0%	0%		(0.0)	0	0	0	0	0	(0.039966)
	Jonah Coleman	Denver Broncos	RB	RB63	4.8 	48 	0 	0.0 	0.0 	0.0 	198 	19.8 	2.2 	0.2 	8.8 	0.9 	59 	5.9 	0.1 	0.0 	0.0 	0.4 	0.0 	0.121 	1.000 	0.225 	(1)	0.000 	0.000 	209 	152 	(57)	63 	49 	(14)	0.119 																0.0 	14.8 	0.0 	0.0 	0.0 	0.0 	0.0 	3.6 	3.6 	0.0 	4.0 	3.4 	4.2 	3.7 	3.7 	3.5 	3.3 		-	RB9	-	-	-	-	-	RB52	RB52	-	RB43	RB57	RB52	RB53	RB56	RB58	RB58		RB64	3.7 	0.0 	0.0 	17.7 	0.1 	0.6 	4.5 	0.0 	64 	0.119 	1.000 	0.212 	(1)	0.000 	0.000 	211 	0.113 		33 														RB55	14.8 	0.0 	0.0 	158.9 	1.2 	5.8 	40.4 	0.1 	55 	0.127 	1.000 	0.328 	(1)	0.000 	0.000 	#N/A	0.167 		14.8 																	Denver Broncos	Kansas City Chiefs	0 	0.0 	0 	0.0 	0.0 	0 	0.0 	0.0 	0.0 	0.0 	0.0 	0.0 	-		Denver Broncos	Jacksonville Jaguars	0 	0.0 	39 	1.0 	3.0 	19 	0.0 	0.0 	0.0 	0.0 	0.0 	14.8 	RB9		Denver Broncos	Los Angeles Rams	0 	0.0 	0 	0.0 	0.0 	0 	0.0 	0.0 	0.0 	0.0 	0.0 	0.0 	-		Denver Broncos	San Francisco 49ers	0 	0.0 	0 	0.0 	0.0 	0 	0.0 	0.0 	0.0 	0.0 	0.0 	0.0 	-		Denver Broncos	Los Angeles Chargers	0 	0.0 	0 	0.0 	0.0 	0 	0.0 	0.0 	0.0 	0.0 	0.0 	0.0 	-		Denver Broncos	Seattle Seahawks	0 	0.0 	0 	0.0 	0.0 	0 	0.0 	0.0 	0.0 	0.0 	0.0 	0.0 	-		Denver Broncos	Arizona Cardinals	0 	0.0 	0 	0.0 	0.0 	0 	0.0 	0.0 	0.0 	0.0 	0.0 	0.0 	-		Denver Broncos	Kansas City Chiefs	0 	0.0 	17 	0.1 	0.6 	5 	0.0 	0.0 	0.0 	0.0 	0.0 	3.6 	RB52		Denver Broncos	Carolina Panthers	0 	0.0 	17 	0.1 	0.7 	5 	0.0 	0.0 	0.0 	0.0 	0.0 	3.6 	RB52		Denver Broncos	BYE	0 	0.0 	0 	0.0 	0.0 	0 	0.0 	0.0 	0.0 	0.0 	0.0 	0.0 	-		Denver Broncos	Las Vegas Raiders	0 	0.0 	19 	0.2 	0.6 	4 	0.0 	0.0 	0.0 	0.0 	0.0 	4.0 	RB43		Denver Broncos	Pittsburgh Steelers	0 	0.0 	17 	0.1 	0.6 	4 	0.0 	0.0 	0.0 	0.0 	0.0 	3.4 	RB57		Denver Broncos	Miami Dolphins	0 	0.0 	21 	0.2 	0.6 	4 	0.0 	0.0 	0.0 	0.0 	0.0 	4.2 	RB52		Denver Broncos	New York Jets	0 	0.0 	18 	0.1 	0.6 	4 	0.0 	0.0 	0.0 	0.0 	0.0 	3.7 	RB53		Denver Broncos	Las Vegas Raiders	0 	0.0 	18 	0.1 	0.6 	4 	0.0 	0.0 	0.0 	0.0 	0.0 	3.7 	RB56		Denver Broncos	Buffalo Bills	0 	0.0 	16 	0.1 	0.7 	5 	0.0 	0.0 	0.0 	0.0 	0.0 	3.5 	RB58		Denver Broncos	New England Patriots	0 	0.0 	16 	0.1 	0.6 	4 	0.0 	0.0 	0.0 	0.0 	0.0 	3.3 	RB58		Actual	Actual	Actual	Actual	Forecast	Forecast	Forecast	Forecast	Forecast	Forecast	Forecast	Forecast	Forecast	Forecast	Forecast	Forecast	Forecast		Healthy	Healthy	Injured	Injured	Injured	Injured	Injured	Healthy	Healthy	Healthy	Healthy	Healthy	Healthy	Healthy	Healthy	Healthy	Healthy		Week 5 2026	10/8/2026	8:57:03 PM	20		2%	1%	15%	15%	0%	0%		(0.1)	0	1	1	1	1	
	Chris Brooks	Green Bay Packers	RB	RB66	2.8 	45 	0 	0.0 	0.0 	0.0 	241 	15.1 	1.6 	0.1 	6.4 	0.4 	53 	3.3 	0.2 	0.0 	0.0 	0.5 	0.0 	0.115 	1.000 	0.186 	(1)	0.000 	0.000 	216 	273 	57 	66 	76 	10 	0.101 				-	-		-	-		-	-		-	-		2.9 	3.6 	1.4 	4.5 	3.9 	4.5 	4.5 	5.3 	1.7 	1.9 	0.0 	1.7 	1.9 	1.9 	2.2 	1.7 	1.8 		RB53	RB49	RB59	RB42	RB49	RB48	RB46	RB48	RB66	RB60	-	RB72	RB65	RB68	RB71	RB72	RB72		RB65	2.7 	0.0 	0.0 	14.3 	0.1 	0.3 	2.5 	0.0 	65 	0.118 	1.000 	0.199 	(1)	0.000 	0.000 	213 	0.107 		33 														RB63	3.1 	0.0 	0.0 	42.9 	0.4 	0.8 	7.4 	0.0 	63 	0.106 	1.000 	0.225 	(1)	0.000 	0.000 	#N/A	0.117 		12.4 																	Green Bay Packers	Minnesota Vikings	0 	0.0 	29 	0.0 	0.0 	0 	0.0 	0.0 	0.0 	0.0 	0.0 	2.9 	RB53		Green Bay Packers	New York Jets	0 	0.0 	11 	0.0 	1.0 	15 	0.0 	0.0 	0.0 	0.0 	0.0 	3.6 	RB49		Green Bay Packers	Atlanta Falcons	0 	0.0 	0 	0.0 	1.0 	4 	0.0 	0.0 	0.0 	0.0 	0.0 	1.4 	RB59		Green Bay Packers	Tampa Bay Buccaneers	0 	0.0 	30 	0.0 	1.0 	5 	0.0 	0.0 	0.0 	0.0 	0.0 	4.5 	RB42		Green Bay Packers	Chicago Bears	0 	0.0 	23 	0.2 	0.3 	2 	0.0 	0.0 	0.1 	0.0 	0.0 	3.9 	RB49		Green Bay Packers	Dallas Cowboys	0 	0.0 	25 	0.2 	0.3 	3 	0.0 	0.0 	0.1 	0.0 	0.0 	4.5 	RB48		Green Bay Packers	Detroit Lions	0 	0.0 	25 	0.2 	0.3 	3 	0.0 	0.0 	0.1 	0.0 	0.0 	4.5 	RB46		Green Bay Packers	Carolina Panthers	0 	0.0 	31 	0.3 	0.3 	2 	0.0 	0.0 	0.1 	0.0 	0.0 	5.3 	RB48		Green Bay Packers	New England Patriots	0 	0.0 	8 	0.1 	0.3 	2 	0.0 	0.0 	0.0 	0.0 	0.0 	1.7 	RB66		Green Bay Packers	Minnesota Vikings	0 	0.0 	9 	0.1 	0.3 	2 	0.0 	0.0 	0.0 	0.0 	0.0 	1.9 	RB60		Green Bay Packers	BYE	0 	0.0 	0 	0.0 	0.0 	0 	0.0 	0.0 	0.0 	0.0 	0.0 	0.0 	-		Green Bay Packers	Los Angeles Rams	0 	0.0 	7 	0.1 	0.3 	2 	0.0 	0.0 	0.0 	0.0 	0.0 	1.7 	RB72		Green Bay Packers	New Orleans Saints	0 	0.0 	9 	0.1 	0.3 	2 	0.0 	0.0 	0.0 	0.0 	0.0 	1.9 	RB65		Green Bay Packers	Buffalo Bills	0 	0.0 	8 	0.1 	0.3 	3 	0.0 	0.0 	0.0 	0.0 	0.0 	1.9 	RB68		Green Bay Packers	Miami Dolphins	0 	0.0 	10 	0.1 	0.3 	2 	0.0 	0.0 	0.0 	0.0 	0.0 	2.2 	RB71		Green Bay Packers	Chicago Bears	0 	0.0 	8 	0.1 	0.3 	2 	0.0 	0.0 	0.0 	0.0 	0.0 	1.7 	RB72		Green Bay Packers	Houston Texans	0 	0.0 	8 	0.1 	0.3 	2 	0.0 	0.0 	0.0 	0.0 	0.0 	1.8 	RB72		Actual	Actual	Actual	Actual	Forecast	Forecast	Forecast	Forecast	Forecast	Forecast	Forecast	Forecast	Forecast	Forecast	Forecast	Forecast	Forecast		Healthy	Healthy	Healthy	Healthy	Limited / Handicapped	Healthy	Healthy	Healthy	Healthy	Healthy	Healthy	Healthy	Healthy	Healthy	Healthy	Healthy	Healthy		Week 5 2026	10/8/2026	8:57:03 PM	20		1%	1%	8%	8%	0%	0%		(0.0)	0	0	0	0	0	(0.009854)
	Tommy Tremble	Carolina Panthers	TE	TE35	3.7 	59 	0 	0.0 	0.0 	0.0 	0 	0.0 	0.0 	0.0 	28.8 	1.8 	246 	15.4 	0.9 	0.1 	0.0 	0.0 	0.0 	0.148 	0.560 	0.249 	(1)	0.000 	0.000 	206 	391 	185 	35 	52 	17 	0.122 																5.5 	1.4 	7.1 	5.2 	0.0 	3.2 	3.3 	3.3 	3.2 	3.3 	3.4 	3.3 	3.2 	3.3 	3.4 	3.2 	3.2 		TE24	TE33	TE18	TE24	-	TE31	TE31	TE31	TE33	TE31	TE28	TE35	TE30	TE33	TE35	TE35	TE35		TE35	3.3 	0.0 	0.0 	0.0 	0.0 	1.5 	13.6 	0.1 	35 	0.141 	0.560 	0.249 	(1)	0.000 	0.000 	208 	0.121 		39 														TE33	4.8 	0.0 	0.0 	0.0 	0.0 	4.4 	40.9 	0.2 	33 	0.165 	0.560 	0.269 	(1)	0.000 	0.000 	#N/A	0.132 		19.2 																	Carolina Panthers	Chicago Bears	0 	0.0 	0 	0.0 	3.0 	25 	0.0 	0.0 	0.0 	0.0 	0.0 	5.5 	TE24		Carolina Panthers	Atlanta Falcons	0 	0.0 	0 	0.0 	1.0 	4 	0.0 	0.0 	0.0 	0.0 	0.0 	1.4 	TE33		Carolina Panthers	Cleveland Browns	0 	0.0 	0 	0.0 	3.0 	41 	0.0 	0.0 	0.0 	0.0 	0.0 	7.1 	TE18		Carolina Panthers	Detroit Lions	0 	0.0 	0 	0.0 	4.0 	12 	0.0 	0.0 	0.0 	0.0 	0.0 	5.2 	TE24		Carolina Panthers	BYE	0 	0.0 	0 	0.0 	0.0 	0 	0.0 	0.0 	0.0 	0.0 	0.0 	0.0 	-		Carolina Panthers	Philadelphia Eagles	0 	0.0 	0 	0.0 	1.5 	13 	0.1 	0.0 	0.0 	0.0 	0.0 	3.2 	TE31		Carolina Panthers	Tampa Bay Buccaneers	0 	0.0 	0 	0.0 	1.5 	14 	0.1 	0.0 	0.0 	0.0 	0.0 	3.3 	TE31		Carolina Panthers	Green Bay Packers	0 	0.0 	0 	0.0 	1.5 	14 	0.1 	0.0 	0.0 	0.0 	0.0 	3.3 	TE31		Carolina Panthers	Denver Broncos	0 	0.0 	0 	0.0 	1.4 	13 	0.1 	0.0 	0.0 	0.0 	0.0 	3.2 	TE33		Carolina Panthers	New Orleans Saints	0 	0.0 	0 	0.0 	1.5 	14 	0.1 	0.0 	0.0 	0.0 	0.0 	3.3 	TE31		Carolina Panthers	Baltimore Ravens	0 	0.0 	0 	0.0 	1.5 	14 	0.1 	0.0 	0.0 	0.0 	0.0 	3.4 	TE28		Carolina Panthers	Tampa Bay Buccaneers	0 	0.0 	0 	0.0 	1.5 	14 	0.1 	0.0 	0.0 	0.0 	0.0 	3.3 	TE35		Carolina Panthers	Minnesota Vikings	0 	0.0 	0 	0.0 	1.5 	14 	0.1 	0.0 	0.0 	0.0 	0.0 	3.2 	TE30		Carolina Panthers	New Orleans Saints	0 	0.0 	0 	0.0 	1.5 	14 	0.1 	0.0 	0.0 	0.0 	0.0 	3.3 	TE33		Carolina Panthers	Cincinnati Bengals	0 	0.0 	0 	0.0 	1.5 	14 	0.1 	0.0 	0.0 	0.0 	0.0 	3.4 	TE35		Carolina Panthers	Pittsburgh Steelers	0 	0.0 	0 	0.0 	1.5 	13 	0.1 	0.0 	0.0 	0.0 	0.0 	3.2 	TE35		Carolina Panthers	Seattle Seahawks	0 	0.0 	0 	0.0 	1.5 	14 	0.1 	0.0 	0.0 	0.0 	0.0 	3.2 	TE35		Actual	Actual	Actual	Actual	Forecast	Forecast	Forecast	Forecast	Forecast	Forecast	Forecast	Forecast	Forecast	Forecast	Forecast	Forecast	Forecast		Healthy	Healthy	Healthy	Healthy	Healthy	Healthy	Healthy	Healthy	Healthy	Healthy	Healthy	Healthy	Healthy	Healthy	Healthy	Healthy	Healthy		Week 5 2026	10/8/2026	8:57:03 PM	20		6%	5%	0%	0%	0%	0%		(0.0)	0	0	0	0	0	(0.011493)
	Dohnte Meyers	Cincinnati Bengals	WR	WR79	5.6 	84 	0 	0.0 	0.0 	0.0 	10 	0.7 	0.0 	0.0 	33.9 	2.3 	385 	25.7 	1.8 	0.1 	0.0 	0.1 	0.0 	0.212 	1.000 	0.210 	(1)	0.000 	0.000 	204 	332 	128 	79 	108 	29 	0.126 																3.8 	0.0 	5.9 	15.2 	4.6 	0.0 	5.0 	4.9 	5.0 	4.9 	5.1 	4.9 	4.8 	4.9 	4.9 	5.1 	5.1 		WR75	-	WR56	WR21	WR73	-	WR68	WR71	WR75	WR68	WR69	WR81	WR73	WR77	WR81	WR80	WR80		WR81	4.9 	0.0 	0.0 	0.0 	0.0 	1.9 	21.3 	0.1 	81 	0.211 	1.000 	0.190 	(1)	0.000 	0.000 	210 	0.117 		59 														WR71	8.3 	0.0 	0.0 	0.0 	0.0 	7.6 	85.3 	0.6 	71 	0.213 	1.000 	0.290 	(0)	0.000 	0.000 	#N/A	0.163 		24.9 																	Cincinnati Bengals	Tampa Bay Buccaneers	0 	0.0 	10 	0.0 	1.0 	18 	0.0 	0.0 	0.0 	0.0 	0.0 	3.8 	WR75		Cincinnati Bengals	Houston Texans	0 	0.0 	0 	0.0 	0.0 	0 	0.0 	0.0 	0.0 	0.0 	0.0 	0.0 	-		Cincinnati Bengals	Pittsburgh Steelers	0 	0.0 	0 	0.0 	3.0 	29 	0.0 	0.0 	0.0 	0.0 	0.0 	5.9 	WR56		Cincinnati Bengals	Jacksonville Jaguars	0 	0.0 	0 	0.0 	7.0 	82 	0.0 	0.0 	0.0 	0.0 	0.0 	15.2 	WR21		Cincinnati Bengals	Miami Dolphins	0 	0.0 	0 	0.0 	1.8 	20 	0.1 	0.0 	0.0 	0.0 	0.0 	4.6 	WR73		Cincinnati Bengals	BYE	0 	0.0 	0 	0.0 	0.0 	0 	0.0 	0.0 	0.0 	0.0 	0.0 	0.0 	-		Cincinnati Bengals	Baltimore Ravens	0 	0.0 	0 	0.0 	1.9 	22 	0.1 	0.0 	0.0 	0.0 	0.0 	5.0 	WR68		Cincinnati Bengals	Tennessee Titans	0 	0.0 	0 	0.0 	1.9 	21 	0.2 	0.0 	0.0 	0.0 	0.0 	4.9 	WR71		Cincinnati Bengals	Atlanta Falcons	0 	0.0 	0 	0.0 	1.9 	22 	0.2 	0.0 	0.0 	0.0 	0.0 	5.0 	WR75		Cincinnati Bengals	Pittsburgh Steelers	0 	0.0 	0 	0.0 	1.9 	21 	0.1 	0.0 	0.0 	0.0 	0.0 	4.9 	WR68		Cincinnati Bengals	Washington Commanders	0 	0.0 	0 	0.0 	2.0 	22 	0.2 	0.0 	0.0 	0.0 	0.0 	5.1 	WR69		Cincinnati Bengals	New Orleans Saints	0 	0.0 	0 	0.0 	1.9 	21 	0.2 	0.0 	0.0 	0.0 	0.0 	4.9 	WR81		Cincinnati Bengals	Cleveland Browns	0 	0.0 	0 	0.0 	1.9 	21 	0.1 	0.0 	0.0 	0.0 	0.0 	4.8 	WR73		Cincinnati Bengals	Kansas City Chiefs	0 	0.0 	0 	0.0 	1.9 	21 	0.1 	0.0 	0.0 	0.0 	0.0 	4.9 	WR77		Cincinnati Bengals	Carolina Panthers	0 	0.0 	0 	0.0 	1.9 	21 	0.1 	0.0 	0.0 	0.0 	0.0 	4.9 	WR81		Cincinnati Bengals	Indianapolis Colts	0 	0.0 	0 	0.0 	2.0 	22 	0.2 	0.0 	0.0 	0.0 	0.0 	5.1 	WR80		Cincinnati Bengals	Baltimore Ravens	0 	0.0 	0 	0.0 	2.0 	22 	0.2 	0.0 	0.0 	0.0 	0.0 	5.1 	WR80		Actual	Actual	Actual	Actual	Forecast	Forecast	Forecast	Forecast	Forecast	Forecast	Forecast	Forecast	Forecast	Forecast	Forecast	Forecast	Forecast		Healthy	Healthy	Injured	Healthy	Healthy	Healthy	Healthy	Healthy	Healthy	Healthy	Healthy	Healthy	Healthy	Healthy	Healthy	Healthy	Healthy		Week 5 2026	10/8/2026	8:57:03 PM	20		8%	7%	0%	0%	0%	0%		(0.0)	0	1	0	0	0	
	Ryan Flournoy	Dallas Cowboys	WR	WR77	5.5 	88 	0 	0.0 	0.0 	0.0 	0 	0.0 	0.0 	0.0 	42.2 	2.6 	381 	23.8 	1.3 	0.1 	0.0 	0.1 	0.0 	0.223 	1.000 	0.230 	(1)	0.000 	0.000 	200 	233 	33 	77 	76 	(1)	0.137 																4.2 	7.3 	4.2 	7.7 	5.2 	5.5 	5.2 	5.3 	5.5 	5.5 	5.3 	5.4 	5.2 	0.0 	5.5 	5.5 	5.4 		WR73	WR41	WR65	WR48	WR69	WR67	WR66	WR69	WR72	WR67	WR67	WR79	WR70	-	WR79	WR78	WR79		WR79	5.4 	0.0 	0.0 	0.0 	0.0 	2.4 	23.1 	0.1 	79 	0.231 	1.000 	0.210 	(1)	0.000 	0.000 	204 	0.129 		65 														WR74	5.9 	0.0 	0.0 	0.0 	0.0 	7.3 	69.3 	0.3 	74 	0.201 	1.000 	0.260 	(0)	0.000 	0.000 	#N/A	0.147 		23.4 																	Dallas Cowboys	New York Giants	0 	0.0 	0 	0.0 	2.0 	22 	0.0 	0.0 	0.0 	0.0 	0.0 	4.2 	WR73		Dallas Cowboys	Washington Commanders	0 	0.0 	0 	0.0 	5.0 	23 	0.0 	0.0 	0.0 	0.0 	0.0 	7.3 	WR41		Dallas Cowboys	Baltimore Ravens	0 	0.0 	0 	0.0 	2.0 	22 	0.0 	0.0 	0.0 	0.0 	0.0 	4.2 	WR65		Dallas Cowboys	Houston Texans	0 	0.0 	0 	0.0 	4.0 	37 	0.0 	0.0 	0.0 	0.0 	0.0 	7.7 	WR48		Dallas Cowboys	Tampa Bay Buccaneers	0 	0.0 	0 	0.0 	2.4 	22 	0.1 	0.0 	0.0 	0.0 	0.0 	5.2 	WR69		Dallas Cowboys	Green Bay Packers	0 	0.0 	0 	0.0 	2.5 	23 	0.1 	0.0 	0.0 	0.0 	0.0 	5.5 	WR67		Dallas Cowboys	Philadelphia Eagles	0 	0.0 	0 	0.0 	2.4 	23 	0.1 	0.0 	0.0 	0.0 	0.0 	5.2 	WR66		Dallas Cowboys	Arizona Cardinals	0 	0.0 	0 	0.0 	2.4 	23 	0.1 	0.0 	0.0 	0.0 	0.0 	5.3 	WR69		Dallas Cowboys	Indianapolis Colts	0 	0.0 	0 	0.0 	2.5 	24 	0.1 	0.0 	0.0 	0.0 	0.0 	5.5 	WR72		Dallas Cowboys	San Francisco 49ers	0 	0.0 	0 	0.0 	2.5 	24 	0.1 	0.0 	0.0 	0.0 	0.0 	5.5 	WR67		Dallas Cowboys	Tennessee Titans	0 	0.0 	0 	0.0 	2.4 	23 	0.1 	0.0 	0.0 	0.0 	0.0 	5.3 	WR67		Dallas Cowboys	Philadelphia Eagles	0 	0.0 	0 	0.0 	2.4 	23 	0.1 	0.0 	0.0 	0.0 	0.0 	5.4 	WR79		Dallas Cowboys	Seattle Seahawks	0 	0.0 	0 	0.0 	2.4 	23 	0.1 	0.0 	0.0 	0.0 	0.0 	5.2 	WR70		Dallas Cowboys	BYE	0 	0.0 	0 	0.0 	0.0 	0 	0.0 	0.0 	0.0 	0.0 	0.0 	0.0 	-		Dallas Cowboys	Los Angeles Rams	0 	0.0 	0 	0.0 	2.5 	24 	0.1 	0.0 	0.0 	0.0 	0.0 	5.5 	WR79		Dallas Cowboys	Jacksonville Jaguars	0 	0.0 	0 	0.0 	2.5 	24 	0.1 	0.0 	0.0 	0.0 	0.0 	5.5 	WR78		Dallas Cowboys	New York Giants	0 	0.0 	0 	0.0 	2.4 	23 	0.1 	0.0 	0.0 	0.0 	0.0 	5.4 	WR79		Actual	Actual	Actual	Actual	Forecast	Forecast	Forecast	Forecast	Forecast	Forecast	Forecast	Forecast	Forecast	Forecast	Forecast	Forecast	Forecast		Healthy	Healthy	Healthy	Healthy	Healthy	Healthy	Healthy	Healthy	Healthy	Healthy	Healthy	Healthy	Healthy	Healthy	Healthy	Healthy	Healthy		Week 5 2026	10/8/2026	8:57:03 PM	20		9%	6%	0%	0%	0%	0%		(0.0)	0	0	0	0	0	(0.017900)
	Kendre Miller	New Orleans Saints	RB	RB62	3.3 	49 	0 	0.0 	0.0 	0.0 	247 	16.5 	2.3 	0.2 	9.3 	0.6 	45 	3.0 	0.0 	0.0 	0.0 	1.7 	0.0 	0.124 	1.000 	0.238 	(1)	0.000 	0.000 	205 	325 	120 	62 	82 	20 	0.126 																9.0 	0.0 	3.9 	1.9 	4.0 	4.5 	3.9 	0.0 	2.6 	2.6 	2.2 	2.2 	2.3 	2.4 	2.3 	2.8 	2.4 		RB30	-	RB44	RB55	RB48	RB47	RB48	-	RB60	RB58	RB53	RB69	RB63	RB65	RB70	RB63	RB67		RB63	2.8 	0.0 	0.0 	16.2 	0.1 	0.4 	2.5 	0.0 	63 	0.122 	1.000 	0.225 	(1)	0.000 	0.000 	209 	0.120 		34 														RB55	4.9 	0.0 	0.0 	64.6 	0.4 	1.8 	9.9 	0.0 	55 	0.127 	1.000 	0.328 	(1)	0.000 	0.000 	#N/A	0.167 		14.8 																	New Orleans Saints	Detroit Lions	0 	0.0 	30 	1.0 	0.0 	0 	0.0 	0.0 	0.0 	0.0 	0.0 	9.0 	RB30		New Orleans Saints	Baltimore Ravens	0 	0.0 	0 	0.0 	0.0 	0 	0.0 	0.0 	0.0 	0.0 	0.0 	0.0 	-		New Orleans Saints	Las Vegas Raiders	0 	0.0 	14 	0.0 	2.0 	5 	0.0 	0.0 	0.0 	0.0 	0.0 	3.9 	RB44		New Orleans Saints	Atlanta Falcons	0 	0.0 	9 	0.0 	2.0 	10 	0.0 	0.0 	1.0 	0.0 	0.0 	1.9 	RB55		New Orleans Saints	Minnesota Vikings	0 	0.0 	25 	0.2 	0.4 	2 	0.0 	0.0 	0.1 	0.0 	0.0 	4.0 	RB48		New Orleans Saints	New York Giants	0 	0.0 	28 	0.2 	0.4 	3 	0.0 	0.0 	0.1 	0.0 	0.0 	4.5 	RB47		New Orleans Saints	Pittsburgh Steelers	0 	0.0 	25 	0.2 	0.4 	2 	0.0 	0.0 	0.1 	0.0 	0.0 	3.9 	RB48		New Orleans Saints	BYE	0 	0.0 	0 	0.0 	0.0 	0 	0.0 	0.0 	0.0 	0.0 	0.0 	0.0 	-		New Orleans Saints	Cleveland Browns	0 	0.0 	14 	0.1 	0.4 	2 	0.0 	0.0 	0.0 	0.0 	0.0 	2.6 	RB60		New Orleans Saints	Carolina Panthers	0 	0.0 	14 	0.1 	0.4 	2 	0.0 	0.0 	0.0 	0.0 	0.0 	2.6 	RB58		New Orleans Saints	Chicago Bears	0 	0.0 	11 	0.1 	0.4 	3 	0.0 	0.0 	0.0 	0.0 	0.0 	2.2 	RB53		New Orleans Saints	Cincinnati Bengals	0 	0.0 	11 	0.1 	0.5 	3 	0.0 	0.0 	0.0 	0.0 	0.0 	2.2 	RB69		New Orleans Saints	Green Bay Packers	0 	0.0 	12 	0.1 	0.4 	2 	0.0 	0.0 	0.0 	0.0 	0.0 	2.3 	RB63		New Orleans Saints	Carolina Panthers	0 	0.0 	13 	0.1 	0.4 	2 	0.0 	0.0 	0.0 	0.0 	0.0 	2.4 	RB65		New Orleans Saints	Tampa Bay Buccaneers	0 	0.0 	12 	0.1 	0.4 	3 	0.0 	0.0 	0.0 	0.0 	0.0 	2.3 	RB70		New Orleans Saints	Arizona Cardinals	0 	0.0 	15 	0.1 	0.5 	3 	0.0 	0.0 	0.0 	0.0 	0.0 	2.8 	RB63		New Orleans Saints	Atlanta Falcons	0 	0.0 	13 	0.1 	0.4 	2 	0.0 	0.0 	0.0 	0.0 	0.0 	2.4 	RB67		Actual	Actual	Actual	Actual	Forecast	Forecast	Forecast	Forecast	Forecast	Forecast	Forecast	Forecast	Forecast	Forecast	Forecast	Forecast	Forecast		Healthy	Healthy	Healthy	Healthy	Healthy	Healthy	Healthy	Healthy	Healthy	Healthy	Healthy	Healthy	Healthy	Healthy	Healthy	Healthy	Healthy		Week 5 2026	10/8/2026	8:57:03 PM	20		1%	0%	15%	14%	0%	0%		(0.0)	0	0	0	0	0	(0.047017)
	Kayshon Boutte	Houston Texans	WR	WR82	5.0 	80 	0 	0.0 	0.0 	0.0 	0 	0.0 	0.0 	0.0 	29.1 	1.8 	388 	24.3 	2.1 	0.1 	0.0 	0.1 	0.0 	0.204 	1.000 	0.180 	(1)	0.000 	0.000 	211 	196 	(15)	82 	64 	(18)	0.112 				-	-		-	-		-	-		-	-		3.1 	6.7 	4.1 	6.6 	4.8 	4.9 	5.2 	0.0 	5.0 	4.8 	5.3 	5.2 	5.0 	5.1 	5.2 	4.6 	4.9 		WR81	WR48	WR67	WR55	WR72	WR68	WR67	-	WR76	WR69	WR68	WR80	WR72	WR75	WR80	WR83	WR81		WR80	5.0 	0.0 	0.0 	0.0 	0.0 	1.7 	22.8 	0.2 	80 	0.215 	1.000 	0.200 	(1)	0.000 	0.000 	207 	0.122 		60 														WR83	5.1 	0.0 	0.0 	0.0 	0.0 	5.0 	68.3 	0.5 	83 	0.176 	1.000 	0.170 	(1)	0.000 	0.000 	#N/A	0.103 		20.5 																	Houston Texans	Buffalo Bills	0 	0.0 	0 	0.0 	1.0 	21 	0.0 	0.0 	0.0 	0.0 	0.0 	3.1 	WR81		Houston Texans	Cincinnati Bengals	0 	0.0 	0 	0.0 	3.0 	37 	0.0 	0.0 	0.0 	0.0 	0.0 	6.7 	WR48		Houston Texans	Indianapolis Colts	0 	0.0 	0 	0.0 	2.0 	21 	0.0 	0.0 	0.0 	0.0 	0.0 	4.1 	WR67		Houston Texans	Dallas Cowboys	0 	0.0 	0 	0.0 	3.0 	36 	0.0 	0.0 	0.0 	0.0 	0.0 	6.6 	WR55		Houston Texans	Tennessee Titans	0 	0.0 	0 	0.0 	1.6 	22 	0.2 	0.0 	0.0 	0.0 	0.0 	4.8 	WR72		Houston Texans	Jacksonville Jaguars	0 	0.0 	0 	0.0 	1.7 	23 	0.2 	0.0 	0.0 	0.0 	0.0 	4.9 	WR68		Houston Texans	New York Giants	0 	0.0 	0 	0.0 	1.7 	23 	0.2 	0.0 	0.0 	0.0 	0.0 	5.2 	WR67		Houston Texans	BYE	0 	0.0 	0 	0.0 	0.0 	0 	0.0 	0.0 	0.0 	0.0 	0.0 	0.0 	-		Houston Texans	Los Angeles Chargers	0 	0.0 	0 	0.0 	1.7 	23 	0.2 	0.0 	0.0 	0.0 	0.0 	5.0 	WR76		Houston Texans	Cleveland Browns	0 	0.0 	0 	0.0 	1.6 	22 	0.2 	0.0 	0.0 	0.0 	0.0 	4.8 	WR69		Houston Texans	Indianapolis Colts	0 	0.0 	0 	0.0 	1.7 	24 	0.2 	0.0 	0.0 	0.0 	0.0 	5.3 	WR68		Houston Texans	Baltimore Ravens	0 	0.0 	0 	0.0 	1.7 	23 	0.2 	0.0 	0.0 	0.0 	0.0 	5.2 	WR80		Houston Texans	Pittsburgh Steelers	0 	0.0 	0 	0.0 	1.7 	23 	0.2 	0.0 	0.0 	0.0 	0.0 	5.0 	WR72		Houston Texans	Washington Commanders	0 	0.0 	0 	0.0 	1.7 	23 	0.2 	0.0 	0.0 	0.0 	0.0 	5.1 	WR75		Houston Texans	Jacksonville Jaguars	0 	0.0 	0 	0.0 	1.7 	23 	0.2 	0.0 	0.0 	0.0 	0.0 	5.2 	WR80		Houston Texans	Philadelphia Eagles	0 	0.0 	0 	0.0 	1.6 	22 	0.1 	0.0 	0.0 	0.0 	0.0 	4.6 	WR83		Houston Texans	Green Bay Packers	0 	0.0 	0 	0.0 	1.7 	23 	0.2 	0.0 	0.0 	0.0 	0.0 	4.9 	WR81		Actual	Actual	Actual	Actual	Forecast	Forecast	Forecast	Forecast	Forecast	Forecast	Forecast	Forecast	Forecast	Forecast	Forecast	Forecast	Forecast		Healthy	Healthy	Healthy	Healthy	Healthy	Healthy	Healthy	Healthy	Healthy	Healthy	Healthy	Healthy	Healthy	Healthy	Healthy	Healthy	Healthy		Week 5 2026	10/8/2026	8:57:03 PM	20		10%	12%	0%	0%	0%	0%		0.0 	0	0	0	0	0	0.019373 
	Cole Kmet	Chicago Bears	TE	TE36	2.5 	34 	0 	0.0 	0.0 	0.0 	0 	0.0 	0.0 	0.0 	10.5 	0.7 	123 	8.8 	1.9 	0.1 	0.0 	0.0 	0.0 	0.087 	0.560 	0.239 	(1)	0.000 	0.000 	212 	294 	82 	36 	33 	(3)	0.109 																11.5 	0.0 	0.0 	3.3 	1.6 	1.6 	1.6 	1.6 	1.7 	0.0 	1.6 	1.7 	1.6 	1.6 	1.7 	1.6 	1.6 		TE10	-	-	TE28	TE32	TE32	TE33	TE34	TE35	-	TE30	TE37	TE32	TE35	TE37	TE37	TE37		TE37	1.6 	0.0 	0.0 	0.0 	0.0 	0.5 	6.2 	0.1 	37 	0.070 	0.560 	0.229 	(1)	0.000 	0.000 	216 	0.102 		20 														TE43	7.4 	0.0 	0.0 	0.0 	0.0 	3.2 	37.4 	0.5 	43 	0.127 	0.560 	0.167 	(1)	0.000 	0.000 	#N/A	0.086 		14.8 																	Chicago Bears	Carolina Panthers	0 	0.0 	0 	0.0 	2.0 	35 	1.0 	0.0 	0.0 	0.0 	0.0 	11.5 	TE10		Chicago Bears	Minnesota Vikings	0 	0.0 	0 	0.0 	0.0 	0 	0.0 	0.0 	0.0 	0.0 	0.0 	0.0 	-		Chicago Bears	Philadelphia Eagles	0 	0.0 	0 	0.0 	0.0 	0 	0.0 	0.0 	0.0 	0.0 	0.0 	0.0 	-		Chicago Bears	New York Jets	0 	0.0 	0 	0.0 	2.0 	13 	0.0 	0.0 	0.0 	0.0 	0.0 	3.3 	TE28		Chicago Bears	Green Bay Packers	0 	0.0 	0 	0.0 	0.5 	6 	0.1 	0.0 	0.0 	0.0 	0.0 	1.6 	TE32		Chicago Bears	Atlanta Falcons	0 	0.0 	0 	0.0 	0.5 	6 	0.1 	0.0 	0.0 	0.0 	0.0 	1.6 	TE32		Chicago Bears	New England Patriots	0 	0.0 	0 	0.0 	0.5 	6 	0.1 	0.0 	0.0 	0.0 	0.0 	1.6 	TE33		Chicago Bears	Seattle Seahawks	0 	0.0 	0 	0.0 	0.5 	6 	0.1 	0.0 	0.0 	0.0 	0.0 	1.6 	TE34		Chicago Bears	Tampa Bay Buccaneers	0 	0.0 	0 	0.0 	0.5 	6 	0.1 	0.0 	0.0 	0.0 	0.0 	1.7 	TE35		Chicago Bears	BYE	0 	0.0 	0 	0.0 	0.0 	0 	0.0 	0.0 	0.0 	0.0 	0.0 	0.0 	-		Chicago Bears	New Orleans Saints	0 	0.0 	0 	0.0 	0.5 	6 	0.1 	0.0 	0.0 	0.0 	0.0 	1.6 	TE30		Chicago Bears	Detroit Lions	0 	0.0 	0 	0.0 	0.6 	6 	0.1 	0.0 	0.0 	0.0 	0.0 	1.7 	TE37		Chicago Bears	Jacksonville Jaguars	0 	0.0 	0 	0.0 	0.5 	6 	0.1 	0.0 	0.0 	0.0 	0.0 	1.6 	TE32		Chicago Bears	Miami Dolphins	0 	0.0 	0 	0.0 	0.5 	6 	0.1 	0.0 	0.0 	0.0 	0.0 	1.6 	TE35		Chicago Bears	Buffalo Bills	0 	0.0 	0 	0.0 	0.6 	6 	0.1 	0.0 	0.0 	0.0 	0.0 	1.7 	TE37		Chicago Bears	Green Bay Packers	0 	0.0 	0 	0.0 	0.5 	6 	0.1 	0.0 	0.0 	0.0 	0.0 	1.6 	TE37		Chicago Bears	Detroit Lions	0 	0.0 	0 	0.0 	0.5 	6 	0.1 	0.0 	0.0 	0.0 	0.0 	1.6 	TE37		Actual	Actual	Actual	Actual	Forecast	Forecast	Forecast	Forecast	Forecast	Forecast	Forecast	Forecast	Forecast	Forecast	Forecast	Forecast	Forecast		Healthy	Healthy	Healthy	Healthy	Healthy	Healthy	Healthy	Healthy	Healthy	Healthy	Healthy	Healthy	Healthy	Healthy	Healthy	Healthy	Healthy		Week 5 2026	10/8/2026	8:57:03 PM	20		3%	5%	0%	0%	0%	0%		0.0 	0	0	0	0	0	0.015999 
	Will Shipley	Philadelphia Eagles	RB	RB61	3.3 	52 	0 	0.0 	0.0 	0.0 	251 	15.7 	1.1 	0.1 	11.8 	0.7 	75 	4.7 	0.4 	0.0 	0.0 	0.5 	0.0 	0.133 	1.000 	0.251 	(1)	0.000 	0.000 	201 	0 	(201)	61 	0 	(61)	0.133 																2.2 	4.9 	2.1 	2.3 	7.6 	2.9 	3.1 	3.0 	3.1 	0.0 	3.1 	3.0 	3.3 	3.2 	2.9 	2.8 	2.9 		RB57	RB43	RB54	RB51	RB34	RB53	RB52	RB55	RB56	-	RB47	RB61	RB55	RB58	RB64	RB65	RB63		RB59	3.4 	0.0 	0.0 	16.7 	0.1 	0.7 	4.2 	0.0 	59 	0.146 	1.000 	0.277 	(1)	0.000 	0.000 	197 	0.146 		41 														RB66	2.9 	0.0 	0.0 	50.0 	0.3 	2.0 	12.7 	0.1 	66 	0.099 	1.000 	0.186 	(1)	0.000 	0.000 	#N/A	0.099 		11.5 																	Philadelphia Eagles	Washington Commanders	0 	0.0 	4 	0.0 	1.0 	8 	0.0 	0.0 	0.0 	0.0 	0.0 	2.2 	RB57		Philadelphia Eagles	Tennessee Titans	0 	0.0 	24 	0.0 	2.0 	5 	0.0 	0.0 	0.0 	0.0 	0.0 	4.9 	RB43		Philadelphia Eagles	Chicago Bears	0 	0.0 	0 	0.0 	1.0 	11 	0.0 	0.0 	0.0 	0.0 	0.0 	2.1 	RB54		Philadelphia Eagles	Los Angeles Rams	0 	0.0 	23 	0.0 	0.0 	0 	0.0 	0.0 	0.0 	0.0 	0.0 	2.3 	RB51		Philadelphia Eagles	Jacksonville Jaguars	0 	0.0 	50 	0.3 	0.6 	4 	0.0 	0.0 	0.2 	0.0 	0.0 	7.6 	RB34		Philadelphia Eagles	Carolina Panthers	0 	0.0 	13 	0.1 	0.7 	4 	0.0 	0.0 	0.0 	0.0 	0.0 	2.9 	RB53		Philadelphia Eagles	Dallas Cowboys	0 	0.0 	14 	0.1 	0.7 	4 	0.0 	0.0 	0.0 	0.0 	0.0 	3.1 	RB52		Philadelphia Eagles	Washington Commanders	0 	0.0 	13 	0.1 	0.7 	4 	0.0 	0.0 	0.0 	0.0 	0.0 	3.0 	RB55		Philadelphia Eagles	New York Giants	0 	0.0 	14 	0.1 	0.7 	4 	0.0 	0.0 	0.0 	0.0 	0.0 	3.1 	RB56		Philadelphia Eagles	BYE	0 	0.0 	0 	0.0 	0.0 	0 	0.0 	0.0 	0.0 	0.0 	0.0 	0.0 	-		Philadelphia Eagles	Pittsburgh Steelers	0 	0.0 	14 	0.1 	0.6 	4 	0.0 	0.0 	0.0 	0.0 	0.0 	3.1 	RB47		Philadelphia Eagles	Dallas Cowboys	0 	0.0 	13 	0.1 	0.7 	4 	0.0 	0.0 	0.0 	0.0 	0.0 	3.0 	RB61		Philadelphia Eagles	Arizona Cardinals	0 	0.0 	16 	0.1 	0.6 	4 	0.0 	0.0 	0.0 	0.0 	0.0 	3.3 	RB55		Philadelphia Eagles	Indianapolis Colts	0 	0.0 	14 	0.1 	0.7 	4 	0.0 	0.0 	0.0 	0.0 	0.0 	3.2 	RB58		Philadelphia Eagles	Seattle Seahawks	0 	0.0 	13 	0.1 	0.6 	4 	0.0 	0.0 	0.0 	0.0 	0.0 	2.9 	RB64		Philadelphia Eagles	Houston Texans	0 	0.0 	13 	0.1 	0.6 	4 	0.0 	0.0 	0.0 	0.0 	0.0 	2.8 	RB65		Philadelphia Eagles	San Francisco 49ers	0 	0.0 	13 	0.1 	0.7 	4 	0.0 	0.0 	0.0 	0.0 	0.0 	2.9 	RB63		Actual	Actual	Actual	Actual	Forecast	Forecast	Forecast	Forecast	Forecast	Forecast	Forecast	Forecast	Forecast	Forecast	Forecast	Forecast	Forecast		Healthy	Healthy	Healthy	Healthy	Healthy	Healthy	Healthy	Healthy	Healthy	Healthy	Healthy	Healthy	Healthy	Healthy	Healthy	Healthy	Healthy		Week 5 2026	10/8/2026	8:57:03 PM	20		2%	2%	10%	8%	0%	0%		0.0 	0	0	0	0	0	0.047841 
	Dawson Knox	Buffalo Bills	TE	TE38	1.9 	30 	0 	0.0 	0.0 	0.0 	0 	0.0 	0.0 	0.0 	6.0 	0.4 	136 	8.5 	1.8 	0.1 	0.0 	0.0 	0.0 	0.077 	0.560 	0.219 	(1)	0.000 	0.000 	218 	322 	104 	38 	38 	0 	0.099 																1.7 	8.5 	1.5 	3.3 	1.3 	1.3 	0.0 	1.3 	1.3 	1.2 	1.3 	1.3 	1.2 	1.3 	1.3 	1.2 	1.3 		TE35	TE16	TE31	TE28	TE35	TE35	-	TE36	TE38	TE34	TE32	TE40	TE35	TE38	TE40	TE40	TE40		TE40	1.3 	0.0 	0.0 	0.0 	0.0 	0.0 	8.8 	0.1 	40 	0.055 	0.560 	0.198 	(1)	0.000 	0.000 	224 	0.088 		15 														TE40	3.8 	0.0 	0.0 	0.0 	0.0 	0.0 	26.5 	0.2 	40 	0.129 	0.560 	0.198 	(1)	0.000 	0.000 	#N/A	0.099 		15.0 																	Buffalo Bills	Houston Texans	0 	0.0 	0 	0.0 	1.0 	7 	0.0 	0.0 	0.0 	0.0 	0.0 	1.7 	TE35		Buffalo Bills	Detroit Lions	0 	0.0 	0 	0.0 	2.0 	5 	1.0 	0.0 	0.0 	0.0 	0.0 	8.5 	TE16		Buffalo Bills	Los Angeles Chargers	0 	0.0 	0 	0.0 	1.0 	5 	0.0 	0.0 	0.0 	0.0 	0.0 	1.5 	TE31		Buffalo Bills	New England Patriots	0 	0.0 	0 	0.0 	2.0 	13 	0.0 	0.0 	0.0 	0.0 	0.0 	3.3 	TE28		Buffalo Bills	Los Angeles Rams	0 	0.0 	0 	0.0 	0.0 	9 	0.1 	0.0 	0.0 	0.0 	0.0 	1.3 	TE35		Buffalo Bills	Las Vegas Raiders	0 	0.0 	0 	0.0 	0.0 	9 	0.1 	0.0 	0.0 	0.0 	0.0 	1.3 	TE35		Buffalo Bills	BYE	0 	0.0 	0 	0.0 	0.0 	0 	0.0 	0.0 	0.0 	0.0 	0.0 	0.0 	-		Buffalo Bills	Baltimore Ravens	0 	0.0 	0 	0.0 	0.0 	9 	0.1 	0.0 	0.0 	0.0 	0.0 	1.3 	TE36		Buffalo Bills	Minnesota Vikings	0 	0.0 	0 	0.0 	0.0 	9 	0.1 	0.0 	0.0 	0.0 	0.0 	1.3 	TE38		Buffalo Bills	New York Jets	0 	0.0 	0 	0.0 	0.0 	9 	0.1 	0.0 	0.0 	0.0 	0.0 	1.2 	TE34		Buffalo Bills	Miami Dolphins	0 	0.0 	0 	0.0 	0.0 	9 	0.1 	0.0 	0.0 	0.0 	0.0 	1.3 	TE32		Buffalo Bills	Kansas City Chiefs	0 	0.0 	0 	0.0 	0.0 	9 	0.1 	0.0 	0.0 	0.0 	0.0 	1.3 	TE40		Buffalo Bills	New England Patriots	0 	0.0 	0 	0.0 	0.0 	9 	0.1 	0.0 	0.0 	0.0 	0.0 	1.2 	TE35		Buffalo Bills	Green Bay Packers	0 	0.0 	0 	0.0 	0.0 	9 	0.1 	0.0 	0.0 	0.0 	0.0 	1.3 	TE38		Buffalo Bills	Chicago Bears	0 	0.0 	0 	0.0 	0.0 	9 	0.1 	0.0 	0.0 	0.0 	0.0 	1.3 	TE40		Buffalo Bills	Denver Broncos	0 	0.0 	0 	0.0 	0.0 	9 	0.1 	0.0 	0.0 	0.0 	0.0 	1.2 	TE40		Buffalo Bills	Miami Dolphins	0 	0.0 	0 	0.0 	0.0 	9 	0.1 	0.0 	0.0 	0.0 	0.0 	1.3 	TE40		Actual	Actual	Actual	Actual	Forecast	Forecast	Forecast	Forecast	Forecast	Forecast	Forecast	Forecast	Forecast	Forecast	Forecast	Forecast	Forecast		Healthy	Healthy	Healthy	Healthy	Healthy	Healthy	Healthy	Healthy	Healthy	Healthy	Healthy	Healthy	Healthy	Healthy	Healthy	Healthy	Healthy		Week 5 2026	10/8/2026	8:57:03 PM	20		4%	5%	0%	0%	0%	0%		(0.0)	0	0	0	0	0	(0.010995)
	Kendrick Bourne	Arizona Cardinals	WR	WR83	5.2 	78 	0 	0.0 	0.0 	0.0 	0 	0.0 	0.0 	0.0 	35.6 	2.4 	325 	21.7 	1.6 	0.1 	0.0 	0.1 	0.0 	0.196 	1.000 	0.170 	(1)	0.000 	0.000 	214 	0 	(214)	83 	0 	(83)	0.106 																15.5 	3.1 	4.2 	0.0 	5.0 	4.8 	4.5 	4.6 	4.3 	4.6 	4.3 	4.7 	4.4 	0.0 	4.5 	4.6 	4.5 		WR17	WR74	WR65	-	WR70	WR69	WR71	WR72	WR78	WR72	WR71	WR83	WR75	-	WR83	WR84	WR84		WR84	4.6 	0.0 	0.0 	0.0 	0.0 	2.0 	18.1 	0.1 	84 	0.196 	1.000 	0.160 	(1)	0.000 	0.000 	217 	0.101 		55 														WR77	7.6 	0.0 	0.0 	0.0 	0.0 	7.9 	72.5 	0.5 	77 	0.195 	1.000 	0.230 	(0)	0.000 	0.000 	#N/A	0.133 		22.8 																	Arizona Cardinals	Los Angeles Chargers	0 	0.0 	0 	0.0 	8.0 	75 	0.0 	0.0 	0.0 	0.0 	0.0 	15.5 	WR17		Arizona Cardinals	Seattle Seahawks	0 	0.0 	0 	0.0 	2.0 	11 	0.0 	0.0 	0.0 	0.0 	0.0 	3.1 	WR74		Arizona Cardinals	San Francisco 49ers	0 	0.0 	0 	0.0 	2.0 	22 	0.0 	0.0 	0.0 	0.0 	0.0 	4.2 	WR65		Arizona Cardinals	New York Giants	0 	0.0 	0 	0.0 	0.0 	0 	0.0 	0.0 	0.0 	0.0 	0.0 	0.0 	-		Arizona Cardinals	Detroit Lions	0 	0.0 	0 	0.0 	2.1 	19 	0.2 	0.0 	0.0 	0.0 	0.0 	5.0 	WR70		Arizona Cardinals	Los Angeles Rams	0 	0.0 	0 	0.0 	2.1 	19 	0.1 	0.0 	0.0 	0.0 	0.0 	4.8 	WR69		Arizona Cardinals	Denver Broncos	0 	0.0 	0 	0.0 	2.0 	18 	0.1 	0.0 	0.0 	0.0 	0.0 	4.5 	WR71		Arizona Cardinals	Dallas Cowboys	0 	0.0 	0 	0.0 	2.0 	18 	0.1 	0.0 	0.0 	0.0 	0.0 	4.6 	WR72		Arizona Cardinals	Seattle Seahawks	0 	0.0 	0 	0.0 	1.9 	17 	0.1 	0.0 	0.0 	0.0 	0.0 	4.3 	WR78		Arizona Cardinals	Los Angeles Rams	0 	0.0 	0 	0.0 	2.0 	18 	0.1 	0.0 	0.0 	0.0 	0.0 	4.6 	WR72		Arizona Cardinals	Kansas City Chiefs	0 	0.0 	0 	0.0 	1.9 	18 	0.1 	0.0 	0.0 	0.0 	0.0 	4.3 	WR71		Arizona Cardinals	Washington Commanders	0 	0.0 	0 	0.0 	2.0 	18 	0.1 	0.0 	0.0 	0.0 	0.0 	4.7 	WR83		Arizona Cardinals	Philadelphia Eagles	0 	0.0 	0 	0.0 	1.9 	18 	0.1 	0.0 	0.0 	0.0 	0.0 	4.4 	WR75		Arizona Cardinals	BYE	0 	0.0 	0 	0.0 	0.0 	0 	0.0 	0.0 	0.0 	0.0 	0.0 	0.0 	-		Arizona Cardinals	New York Jets	0 	0.0 	0 	0.0 	1.9 	18 	0.1 	0.0 	0.0 	0.0 	0.0 	4.5 	WR83		Arizona Cardinals	New Orleans Saints	0 	0.0 	0 	0.0 	2.0 	18 	0.1 	0.0 	0.0 	0.0 	0.0 	4.6 	WR84		Arizona Cardinals	Las Vegas Raiders	0 	0.0 	0 	0.0 	1.9 	18 	0.1 	0.0 	0.0 	0.0 	0.0 	4.5 	WR84		Actual	Actual	Actual	Actual	Forecast	Forecast	Forecast	Forecast	Forecast	Forecast	Forecast	Forecast	Forecast	Forecast	Forecast	Forecast	Forecast		Healthy	Healthy	Healthy	Healthy	Healthy	Healthy	Healthy	Healthy	Healthy	Healthy	Healthy	Healthy	Healthy	Healthy	Healthy	Healthy	Healthy		Week 5 2026	10/8/2026	8:57:03 PM	20		8%	9%	0%	0%	0%	0%		(0.0)	0	0	0	0	0	(0.031404)
	Devin Singletary	New York Giants	RB	RB64	3.4 	47 	0 	0.0 	0.0 	0.0 	102 	7.3 	0.8 	0.1 	15.5 	1.1 	97 	6.9 	1.3 	0.1 	0.0 	0.2 	0.0 	0.120 	1.000 	0.212 	(1)	0.000 	0.000 	210 	260 	50 	64 	71 	7 	0.113 				-	-		-	-		-	-		-	-		13.8 	0.9 	0.0 	0.0 	2.6 	2.8 	2.6 	0.0 	2.6 	2.9 	2.8 	2.8 	2.8 	2.6 	2.8 	2.8 	2.8 		RB19	RB64	-	-	RB54	RB54	RB54	-	RB59	RB54	RB48	RB63	RB57	RB64	RB65	RB64	RB64		RB66	2.7 	0.0 	0.0 	6.4 	0.1 	1.0 	6.2 	0.0 	66 	0.117 	1.000 	0.186 	(1)	0.000 	0.000 	218 	0.101 		33 														RB57	7.4 	0.0 	0.0 	38.5 	0.4 	5.8 	37.4 	0.2 	57 	0.126 	1.000 	0.302 	(1)	0.000 	0.000 	#N/A	0.155 		14.7 																	New York Giants	Dallas Cowboys	0 	0.0 	16 	0.0 	4.0 	22 	1.0 	0.0 	0.0 	0.0 	0.0 	13.8 	RB19		New York Giants	Los Angeles Rams	0 	0.0 	9 	0.0 	0.0 	0 	0.0 	0.0 	0.0 	0.0 	0.0 	0.9 	RB64		New York Giants	Tennessee Titans	0 	0.0 	0 	0.0 	0.0 	0 	0.0 	0.0 	0.0 	0.0 	0.0 	0.0 	-		New York Giants	Arizona Cardinals	0 	0.0 	0 	0.0 	0.0 	0 	0.0 	0.0 	0.0 	0.0 	0.0 	0.0 	-		New York Giants	Washington Commanders	0 	0.0 	6 	0.1 	0.9 	6 	0.0 	0.0 	0.0 	0.0 	0.0 	2.6 	RB54		New York Giants	New Orleans Saints	0 	0.0 	7 	0.1 	1.0 	6 	0.0 	0.0 	0.0 	0.0 	0.0 	2.8 	RB54		New York Giants	Houston Texans	0 	0.0 	6 	0.1 	0.9 	6 	0.0 	0.0 	0.0 	0.0 	0.0 	2.6 	RB54		New York Giants	BYE	0 	0.0 	0 	0.0 	0.0 	0 	0.0 	0.0 	0.0 	0.0 	0.0 	0.0 	-		New York Giants	Philadelphia Eagles	0 	0.0 	6 	0.1 	1.0 	6 	0.0 	0.0 	0.0 	0.0 	0.0 	2.6 	RB59		New York Giants	Washington Commanders	0 	0.0 	7 	0.1 	1.0 	6 	0.0 	0.0 	0.0 	0.0 	0.0 	2.9 	RB54		New York Giants	Jacksonville Jaguars	0 	0.0 	7 	0.1 	1.0 	6 	0.0 	0.0 	0.0 	0.0 	0.0 	2.8 	RB48		New York Giants	Indianapolis Colts	0 	0.0 	7 	0.1 	1.0 	6 	0.0 	0.0 	0.0 	0.0 	0.0 	2.8 	RB63		New York Giants	San Francisco 49ers	0 	0.0 	7 	0.1 	1.0 	6 	0.0 	0.0 	0.0 	0.0 	0.0 	2.8 	RB57		New York Giants	Seattle Seahawks	0 	0.0 	6 	0.0 	1.0 	6 	0.0 	0.0 	0.0 	0.0 	0.0 	2.6 	RB64		New York Giants	Cleveland Browns	0 	0.0 	7 	0.1 	0.9 	6 	0.0 	0.0 	0.0 	0.0 	0.0 	2.8 	RB65		New York Giants	Detroit Lions	0 	0.0 	6 	0.1 	1.0 	6 	0.0 	0.0 	0.0 	0.0 	0.0 	2.8 	RB64		New York Giants	Dallas Cowboys	0 	0.0 	6 	0.1 	1.0 	6 	0.0 	0.0 	0.0 	0.0 	0.0 	2.8 	RB64		Actual	Actual	Actual	Actual	Forecast	Forecast	Forecast	Forecast	Forecast	Forecast	Forecast	Forecast	Forecast	Forecast	Forecast	Forecast	Forecast		Healthy	Healthy	Healthy	Healthy	Healthy	Healthy	Healthy	Healthy	Healthy	Healthy	Healthy	Healthy	Healthy	Healthy	Healthy	Healthy	Healthy		Week 5 2026	10/8/2026	8:57:03 PM	20		3%	2%	5%	7%	0%	0%		(0.1)	0	0	0	0	0	(0.053526)
	David Njoku	Los Angeles Chargers	TE	TE37	2.8 	34 	0 	0.0 	0.0 	0.0 	0 	0.0 	0.0 	0.0 	13.9 	1.2 	153 	12.7 	0.8 	0.1 	0.0 	0.0 	0.0 	0.086 	0.560 	0.229 	(1)	0.000 	0.000 	215 	214 	(1)	37 	25 	(12)	0.104 				-	-		-	-		-	-		-	-		10.8 	1.9 	0.0 	0.0 	0.0 	0.0 	0.0 	2.2 	2.1 	2.1 	2.0 	2.1 	2.1 	2.1 	2.2 	2.1 	2.1 		TE12	TE32	-	-	-	-	-	TE32	TE34	TE32	TE29	TE36	TE31	TE34	TE36	TE36	TE36		TE36	2.1 	0.0 	0.0 	0.0 	0.0 	0.8 	8.6 	0.1 	36 	0.076 	0.560 	0.239 	(1)	0.000 	0.000 	214 	0.107 		21 														TE47	6.4 	0.0 	0.0 	0.0 	0.0 	3.9 	42.8 	0.4 	47 	0.109 	0.560 	0.126 	(1)	0.000 	0.000 	#N/A	0.067 		12.7 																	Los Angeles Chargers	Arizona Cardinals	0 	0.0 	0 	0.0 	5.0 	58 	0.0 	0.0 	0.0 	0.0 	0.0 	10.8 	TE12		Los Angeles Chargers	Las Vegas Raiders	0 	0.0 	0 	0.0 	1.0 	9 	0.0 	0.0 	0.0 	0.0 	0.0 	1.9 	TE32		Los Angeles Chargers	Buffalo Bills	0 	0.0 	0 	0.0 	0.0 	0 	0.0 	0.0 	0.0 	0.0 	0.0 	0.0 	-		Los Angeles Chargers	Seattle Seahawks	0 	0.0 	0 	0.0 	0.0 	0 	0.0 	0.0 	0.0 	0.0 	0.0 	0.0 	-		Los Angeles Chargers	Denver Broncos	0 	0.0 	0 	0.0 	0.0 	0 	0.0 	0.0 	0.0 	0.0 	0.0 	0.0 	-		Los Angeles Chargers	Kansas City Chiefs	0 	0.0 	0 	0.0 	0.0 	0 	0.0 	0.0 	0.0 	0.0 	0.0 	0.0 	-		Los Angeles Chargers	BYE	0 	0.0 	0 	0.0 	0.0 	0 	0.0 	0.0 	0.0 	0.0 	0.0 	0.0 	-		Los Angeles Chargers	Los Angeles Rams	0 	0.0 	0 	0.0 	0.8 	9 	0.1 	0.0 	0.0 	0.0 	0.0 	2.2 	TE32		Los Angeles Chargers	Houston Texans	0 	0.0 	0 	0.0 	0.8 	8 	0.1 	0.0 	0.0 	0.0 	0.0 	2.1 	TE34		Los Angeles Chargers	Baltimore Ravens	0 	0.0 	0 	0.0 	0.8 	9 	0.1 	0.0 	0.0 	0.0 	0.0 	2.1 	TE32		Los Angeles Chargers	New York Jets	0 	0.0 	0 	0.0 	0.7 	8 	0.1 	0.0 	0.0 	0.0 	0.0 	2.0 	TE29		Los Angeles Chargers	New England Patriots	0 	0.0 	0 	0.0 	0.8 	9 	0.1 	0.0 	0.0 	0.0 	0.0 	2.1 	TE36		Los Angeles Chargers	Tampa Bay Buccaneers	0 	0.0 	0 	0.0 	0.8 	9 	0.1 	0.0 	0.0 	0.0 	0.0 	2.1 	TE31		Los Angeles Chargers	Las Vegas Raiders	0 	0.0 	0 	0.0 	0.8 	8 	0.1 	0.0 	0.0 	0.0 	0.0 	2.1 	TE34		Los Angeles Chargers	San Francisco 49ers	0 	0.0 	0 	0.0 	0.8 	9 	0.1 	0.0 	0.0 	0.0 	0.0 	2.2 	TE36		Los Angeles Chargers	Miami Dolphins	0 	0.0 	0 	0.0 	0.8 	8 	0.1 	0.0 	0.0 	0.0 	0.0 	2.1 	TE36		Los Angeles Chargers	Kansas City Chiefs	0 	0.0 	0 	0.0 	0.8 	9 	0.1 	0.0 	0.0 	0.0 	0.0 	2.1 	TE36		Actual	Actual	Actual	Actual	Forecast	Forecast	Forecast	Forecast	Forecast	Forecast	Forecast	Forecast	Forecast	Forecast	Forecast	Forecast	Forecast		Healthy	Healthy	Injured	Injured	Injured	Injured	Injured	Healthy	Healthy	Healthy	Healthy	Healthy	Healthy	Healthy	Healthy	Healthy	Healthy		Week 5 2026	10/8/2026	8:57:03 PM	20		4%	5%	0%	0%	0%	0%		0.0 	0	1	1	1	1	
	Isaac TeSlaa	Detroit Lions	WR	WR85	4.8 	72 	0 	0.0 	0.0 	0.0 	0 	0.0 	0.0 	0.0 	24.7 	1.6 	430 	28.7 	0.7 	0.0 	0.0 	0.1 	0.0 	0.181 	1.000 	0.150 	(1)	0.000 	0.000 	219 	241 	22 	85 	79 	(6)	0.095 																0.0 	4.6 	9.6 	13.5 	3.8 	0.0 	3.7 	3.6 	3.6 	3.6 	3.7 	3.8 	3.7 	3.6 	3.5 	3.7 	3.6 		-	WR64	WR41	WR24	WR76	-	WR73	WR74	WR79	WR74	WR73	WR85	WR77	WR80	WR86	WR86	WR86		WR86	3.7 	0.0 	0.0 	0.0 	0.0 	1.3 	20.2 	0.1 	86 	0.157 	1.000 	0.140 	(1)	0.000 	0.000 	225 	0.087 		44 														WR66	9.2 	0.0 	0.0 	0.0 	0.0 	5.2 	80.9 	0.2 	66 	0.237 	1.000 	0.340 	(0)	0.000 	0.000 	#N/A	0.189 		27.7 																	Detroit Lions	New Orleans Saints	0 	0.0 	0 	0.0 	0.0 	0 	0.0 	0.0 	0.0 	0.0 	0.0 	0.0 	-		Detroit Lions	Buffalo Bills	0 	0.0 	0 	0.0 	2.0 	26 	0.0 	0.0 	0.0 	0.0 	0.0 	4.6 	WR64		Detroit Lions	New York Jets	0 	0.0 	0 	0.0 	3.0 	66 	0.0 	0.0 	0.0 	0.0 	0.0 	9.6 	WR41		Detroit Lions	Carolina Panthers	0 	0.0 	0 	0.0 	4.0 	95 	0.0 	0.0 	0.0 	0.0 	0.0 	13.5 	WR24		Detroit Lions	Arizona Cardinals	0 	0.0 	0 	0.0 	1.4 	21 	0.1 	0.0 	0.0 	0.0 	0.0 	3.8 	WR76		Detroit Lions	BYE	0 	0.0 	0 	0.0 	0.0 	0 	0.0 	0.0 	0.0 	0.0 	0.0 	0.0 	-		Detroit Lions	Green Bay Packers	0 	0.0 	0 	0.0 	1.3 	21 	0.1 	0.0 	0.0 	0.0 	0.0 	3.7 	WR73		Detroit Lions	Minnesota Vikings	0 	0.0 	0 	0.0 	1.3 	20 	0.1 	0.0 	0.0 	0.0 	0.0 	3.6 	WR74		Detroit Lions	Miami Dolphins	0 	0.0 	0 	0.0 	1.3 	20 	0.1 	0.0 	0.0 	0.0 	0.0 	3.6 	WR79		Detroit Lions	New England Patriots	0 	0.0 	0 	0.0 	1.3 	20 	0.1 	0.0 	0.0 	0.0 	0.0 	3.6 	WR74		Detroit Lions	Tampa Bay Buccaneers	0 	0.0 	0 	0.0 	1.3 	20 	0.1 	0.0 	0.0 	0.0 	0.0 	3.7 	WR73		Detroit Lions	Chicago Bears	0 	0.0 	0 	0.0 	1.3 	21 	0.1 	0.0 	0.0 	0.0 	0.0 	3.8 	WR85		Detroit Lions	Atlanta Falcons	0 	0.0 	0 	0.0 	1.3 	20 	0.1 	0.0 	0.0 	0.0 	0.0 	3.7 	WR77		Detroit Lions	Tennessee Titans	0 	0.0 	0 	0.0 	1.3 	20 	0.1 	0.0 	0.0 	0.0 	0.0 	3.6 	WR80		Detroit Lions	Minnesota Vikings	0 	0.0 	0 	0.0 	1.3 	20 	0.1 	0.0 	0.0 	0.0 	0.0 	3.5 	WR86		Detroit Lions	New York Giants	0 	0.0 	0 	0.0 	1.3 	20 	0.1 	0.0 	0.0 	0.0 	0.0 	3.7 	WR86		Detroit Lions	Chicago Bears	0 	0.0 	0 	0.0 	1.3 	20 	0.1 	0.0 	0.0 	0.0 	0.0 	3.6 	WR86		Actual	Actual	Actual	Actual	Forecast	Forecast	Forecast	Forecast	Forecast	Forecast	Forecast	Forecast	Forecast	Forecast	Forecast	Forecast	Forecast		Healthy	Healthy	Healthy	Healthy	Healthy	Healthy	Healthy	Healthy	Healthy	Healthy	Healthy	Healthy	Healthy	Healthy	Healthy	Healthy	Healthy		Week 5 2026	10/8/2026	8:57:03 PM	20		8%	3%	0%	0%	0%	0%		(0.1)	0	0	0	0	0	(0.102040)
	Najee Harris	New York Giants	RB	RB67	2.5 	38 	0 	0.0 	0.0 	0.0 	303 	20.2 	1.4 	0.1 	0.0 	0.0 	0 	0.0 	0.0 	0.0 	0.0 	1.5 	0.0 	0.095 	1.000 	0.173 	(1)	0.000 	0.000 	221 	236 	15 	67 	64 	(3)	0.092 																0.0 	0.6 	5.2 	3.0 	2.3 	2.5 	2.1 	0.0 	2.1 	2.7 	2.5 	2.5 	2.5 	2.0 	2.7 	2.4 	2.4 		-	RB67	RB40	RB48	RB56	RB56	RB58	-	RB64	RB56	RB51	RB66	RB62	RB67	RB66	RB67	RB68		RB68	2.4 	0.0 	0.0 	17.9 	0.1 	0.0 	0.0 	0.0 	68 	0.103 	1.000 	0.160 	(1)	0.000 	0.000 	223 	0.088 		29 														RB70	2.9 	0.0 	0.0 	71.8 	0.5 	0.0 	0.0 	0.0 	70 	0.075 	1.000 	0.134 	(1)	0.000 	0.000 	#N/A	0.072 		8.8 																	New York Giants	Dallas Cowboys	0 	0.0 	0 	0.0 	0.0 	0 	0.0 	0.0 	0.0 	0.0 	0.0 	0.0 	-		New York Giants	Los Angeles Rams	0 	0.0 	6 	0.0 	0.0 	0 	0.0 	0.0 	0.0 	0.0 	0.0 	0.6 	RB67		New York Giants	Tennessee Titans	0 	0.0 	52 	0.0 	0.0 	0 	0.0 	0.0 	0.0 	0.0 	0.0 	5.2 	RB40		New York Giants	Arizona Cardinals	0 	0.0 	30 	0.0 	0.0 	0 	0.0 	0.0 	1.0 	0.0 	1.0 	3.0 	RB48		New York Giants	Washington Commanders	0 	0.0 	17 	0.1 	0.0 	0 	0.0 	0.0 	0.0 	0.0 	0.0 	2.3 	RB56		New York Giants	New Orleans Saints	0 	0.0 	18 	0.1 	0.0 	0 	0.0 	0.0 	0.0 	0.0 	0.0 	2.5 	RB56		New York Giants	Houston Texans	0 	0.0 	16 	0.1 	0.0 	0 	0.0 	0.0 	0.0 	0.0 	0.0 	2.1 	RB58		New York Giants	BYE	0 	0.0 	0 	0.0 	0.0 	0 	0.0 	0.0 	0.0 	0.0 	0.0 	0.0 	-		New York Giants	Philadelphia Eagles	0 	0.0 	16 	0.1 	0.0 	0 	0.0 	0.0 	0.0 	0.0 	0.0 	2.1 	RB64		New York Giants	Washington Commanders	0 	0.0 	20 	0.1 	0.0 	0 	0.0 	0.0 	0.0 	0.0 	0.0 	2.7 	RB56		New York Giants	Jacksonville Jaguars	0 	0.0 	19 	0.1 	0.0 	0 	0.0 	0.0 	0.0 	0.0 	0.0 	2.5 	RB51		New York Giants	Indianapolis Colts	0 	0.0 	19 	0.1 	0.0 	0 	0.0 	0.0 	0.0 	0.0 	0.0 	2.5 	RB66		New York Giants	San Francisco 49ers	0 	0.0 	19 	0.1 	0.0 	0 	0.0 	0.0 	0.0 	0.0 	0.0 	2.5 	RB62		New York Giants	Seattle Seahawks	0 	0.0 	16 	0.1 	0.0 	0 	0.0 	0.0 	0.0 	0.0 	0.0 	2.0 	RB67		New York Giants	Cleveland Browns	0 	0.0 	20 	0.1 	0.0 	0 	0.0 	0.0 	0.0 	0.0 	0.0 	2.7 	RB66		New York Giants	Detroit Lions	0 	0.0 	18 	0.1 	0.0 	0 	0.0 	0.0 	0.0 	0.0 	0.0 	2.4 	RB67		New York Giants	Dallas Cowboys	0 	0.0 	18 	0.1 	0.0 	0 	0.0 	0.0 	0.0 	0.0 	0.0 	2.4 	RB68		Actual	Actual	Actual	Actual	Forecast	Forecast	Forecast	Forecast	Forecast	Forecast	Forecast	Forecast	Forecast	Forecast	Forecast	Forecast	Forecast		Healthy	Healthy	Healthy	Healthy	Healthy	Healthy	Healthy	Healthy	Healthy	Healthy	Healthy	Healthy	Healthy	Healthy	Healthy	Healthy	Healthy		Week 5 2026	10/8/2026	8:57:03 PM	20		0%	0%	14%	13%	0%	0%		0.0 	0	0	0	0	0	0.015866 
	Daniel Jones	Indianapolis Colts	QB	QB31	13.1 	210 	3,450 	215.6 	17.8 	1.1 	150 	9.4 	2.8 	0.2 	0.0 	0.0 	0 	0.0 	0.0 	0.0 	11.7 	3.9 	0.0 	0.531 	0.460 	0.129 	0 	0.048 	0.000 	222 	177 	(45)	29 	22 	(7)	0.091 				-	-		-	-		-	-		-	-		9.0 	11.4 	7.9 	7.9 	13.5 	14.5 	13.9 	14.4 	15.4 	15.1 	13.6 	14.9 	0.0 	13.8 	14.7 	15.4 	14.1 		QB29	QB23	QB30	QB30	QB26	QB21	QB26	QB23	QB23	QB20	QB22	QB26	-	QB26	QB25	QB20	QB28		QB28	14.5 	224.7 	1.2 	10.8 	0.1 	0.0 	0.0 	0.0 	27 	0.622 	0.460 	0.158 	0 	0.298 	0.000 	160 	0.224 		174 														QB27	9.1 	674.1 	3.7 	32.4 	0.4 	0.0 	0.0 	0.0 	27 	0.311 	0.460 	0.158 	(0)	0.000 	0.000 	#N/A	0.084 		36.3 																	Indianapolis Colts	Baltimore Ravens	166 	1.0 	4 	0.0 	0.0 	0 	0.0 	1.0 	0.0 	0.0 	0.0 	9.0 	QB29		Indianapolis Colts	Kansas City Chiefs	210 	1.0 	10 	0.0 	0.0 	0 	0.0 	1.0 	0.0 	0.0 	0.0 	11.4 	QB23		Indianapolis Colts	Houston Texans	235 	1.0 	5 	0.0 	0.0 	0 	0.0 	1.0 	2.0 	0.0 	0.0 	7.9 	QB30		Indianapolis Colts	Washington Commanders	143 	0.0 	2 	1.0 	0.0 	0 	0.0 	1.0 	1.0 	0.0 	0.0 	7.9 	QB30		Indianapolis Colts	Pittsburgh Steelers	217 	1.1 	10 	0.1 	0.0 	0 	0.0 	0.6 	0.1 	0.0 	0.0 	13.5 	QB26		Indianapolis Colts	Tennessee Titans	218 	1.2 	12 	0.2 	0.0 	0 	0.0 	0.6 	0.1 	0.0 	0.0 	14.5 	QB21		Indianapolis Colts	Minnesota Vikings	221 	1.2 	10 	0.1 	0.0 	0 	0.0 	0.6 	0.1 	0.0 	0.0 	13.9 	QB26		Indianapolis Colts	Jacksonville Jaguars	228 	1.2 	10 	0.1 	0.0 	0 	0.0 	0.6 	0.1 	0.0 	0.0 	14.4 	QB23		Indianapolis Colts	Dallas Cowboys	234 	1.4 	11 	0.2 	0.0 	0 	0.0 	0.6 	0.1 	0.0 	0.0 	15.4 	QB23		Indianapolis Colts	Miami Dolphins	223 	1.3 	13 	0.2 	0.0 	0 	0.0 	0.6 	0.1 	0.0 	0.0 	15.1 	QB20		Indianapolis Colts	Houston Texans	223 	1.1 	9 	0.1 	0.0 	0 	0.0 	0.6 	0.1 	0.0 	0.0 	13.6 	QB22		Indianapolis Colts	New York Giants	227 	1.3 	11 	0.2 	0.0 	0 	0.0 	0.6 	0.1 	0.0 	0.0 	14.9 	QB26		Indianapolis Colts	BYE	0 	0.0 	0 	0.0 	0.0 	0 	0.0 	0.0 	0.0 	0.0 	0.0 	0.0 	-		Indianapolis Colts	Philadelphia Eagles	225 	1.2 	9 	0.1 	0.0 	0 	0.0 	0.6 	0.1 	0.0 	0.0 	13.8 	QB26		Indianapolis Colts	Tennessee Titans	225 	1.3 	11 	0.2 	0.0 	0 	0.0 	0.6 	0.1 	0.0 	0.0 	14.7 	QB25		Indianapolis Colts	Cincinnati Bengals	234 	1.4 	11 	0.2 	0.0 	0 	0.0 	0.6 	0.1 	0.0 	0.0 	15.4 	QB20		Indianapolis Colts	Cleveland Browns	220 	1.2 	11 	0.1 	0.0 	0 	0.0 	0.6 	0.1 	0.0 	0.0 	14.1 	QB28		Actual	Actual	Actual	Actual	Forecast	Forecast	Forecast	Forecast	Forecast	Forecast	Forecast	Forecast	Forecast	Forecast	Forecast	Forecast	Forecast		Healthy	Healthy	Healthy	Healthy	Healthy	Healthy	Healthy	Healthy	Healthy	Healthy	Healthy	Healthy	Healthy	Healthy	Healthy	Healthy	Healthy		Week 5 2026	10/8/2026	8:57:03 PM	20		0%	0%	9%	12%	99%	99%		0.1 	0	0	0	0	0	0.140110 
	Theo Johnson	New York Giants	TE	TE39	1.7 	24 	0 	0.0 	0.0 	0.0 	0 	0.0 	0.0 	0.0 	6.3 	0.4 	70 	5.0 	1.8 	0.1 	0.0 	0.0 	0.0 	0.061 	0.560 	0.208 	(1)	0.000 	0.000 	220 	327 	107 	39 	39 	0 	0.093 																1.9 	0.0 	0.0 	8.1 	1.1 	1.2 	1.1 	0.0 	1.2 	1.2 	1.2 	1.2 	1.2 	1.2 	1.1 	1.2 	1.2 		TE33	-	-	TE20	TE37	TE37	TE36	-	TE40	TE35	TE33	TE41	TE36	TE40	TE42	TE41	TE41		TE42	1.2 	0.0 	0.0 	0.0 	0.0 	0.4 	4.2 	0.1 	42 	0.051 	0.560 	0.178 	(1)	0.000 	0.000 	228 	0.079 		14 														TE52	5.0 	0.0 	0.0 	0.0 	0.0 	2.1 	24.9 	0.4 	52 	0.086 	0.560 	0.073 	(1)	0.000 	0.000 	#N/A	0.042 		10.0 																	New York Giants	Dallas Cowboys	0 	0.0 	0 	0.0 	1.0 	9 	0.0 	0.0 	0.0 	0.0 	0.0 	1.9 	TE33		New York Giants	Los Angeles Rams	0 	0.0 	0 	0.0 	0.0 	0 	0.0 	0.0 	0.0 	0.0 	0.0 	0.0 	-		New York Giants	Tennessee Titans	0 	0.0 	0 	0.0 	0.0 	0 	0.0 	0.0 	0.0 	0.0 	0.0 	0.0 	-		New York Giants	Arizona Cardinals	0 	0.0 	0 	0.0 	1.0 	11 	1.0 	0.0 	0.0 	0.0 	0.0 	8.1 	TE20		New York Giants	Washington Commanders	0 	0.0 	0 	0.0 	0.3 	4 	0.1 	0.0 	0.0 	0.0 	0.0 	1.1 	TE37		New York Giants	New Orleans Saints	0 	0.0 	0 	0.0 	0.4 	4 	0.1 	0.0 	0.0 	0.0 	0.0 	1.2 	TE37		New York Giants	Houston Texans	0 	0.0 	0 	0.0 	0.4 	4 	0.1 	0.0 	0.0 	0.0 	0.0 	1.1 	TE36		New York Giants	BYE	0 	0.0 	0 	0.0 	0.0 	0 	0.0 	0.0 	0.0 	0.0 	0.0 	0.0 	-		New York Giants	Philadelphia Eagles	0 	0.0 	0 	0.0 	0.4 	4 	0.1 	0.0 	0.0 	0.0 	0.0 	1.2 	TE40		New York Giants	Washington Commanders	0 	0.0 	0 	0.0 	0.4 	4 	0.1 	0.0 	0.0 	0.0 	0.0 	1.2 	TE35		New York Giants	Jacksonville Jaguars	0 	0.0 	0 	0.0 	0.4 	4 	0.1 	0.0 	0.0 	0.0 	0.0 	1.2 	TE33		New York Giants	Indianapolis Colts	0 	0.0 	0 	0.0 	0.4 	4 	0.1 	0.0 	0.0 	0.0 	0.0 	1.2 	TE41		New York Giants	San Francisco 49ers	0 	0.0 	0 	0.0 	0.4 	4 	0.1 	0.0 	0.0 	0.0 	0.0 	1.2 	TE36		New York Giants	Seattle Seahawks	0 	0.0 	0 	0.0 	0.4 	4 	0.1 	0.0 	0.0 	0.0 	0.0 	1.2 	TE40		New York Giants	Cleveland Browns	0 	0.0 	0 	0.0 	0.3 	4 	0.1 	0.0 	0.0 	0.0 	0.0 	1.1 	TE42		New York Giants	Detroit Lions	0 	0.0 	0 	0.0 	0.4 	4 	0.1 	0.0 	0.0 	0.0 	0.0 	1.2 	TE41		New York Giants	Dallas Cowboys	0 	0.0 	0 	0.0 	0.4 	4 	0.1 	0.0 	0.0 	0.0 	0.0 	1.2 	TE41		Actual	Actual	Actual	Actual	Forecast	Forecast	Forecast	Forecast	Forecast	Forecast	Forecast	Forecast	Forecast	Forecast	Forecast	Forecast	Forecast		Healthy	Healthy	Healthy	Healthy	Healthy	Healthy	Healthy	Healthy	Healthy	Healthy	Healthy	Healthy	Healthy	Healthy	Healthy	Healthy	Healthy		Week 5 2026	10/8/2026	8:57:03 PM	20		2%	5%	0%	0%	0%	0%		0.0 	0	0	0	0	0	0.036520 
	Darnell Mooney	New York Giants	WR	WR84	4.8 	72 	0 	0.0 	0.0 	0.0 	9 	0.6 	0.0 	0.0 	25.2 	1.7 	369 	24.6 	1.5 	0.1 	0.0 	0.1 	0.0 	0.182 	1.000 	0.160 	(1)	0.000 	0.000 	217 	300 	83 	84 	99 	15 	0.099 																4.7 	6.8 	4.9 	0.0 	4.5 	4.6 	4.5 	0.0 	4.6 	4.7 	4.6 	4.6 	4.6 	4.6 	4.4 	4.8 	4.8 		WR68	WR46	WR62	-	WR74	WR71	WR70	-	WR77	WR71	WR70	WR84	WR74	WR78	WR84	WR82	WR82		WR83	4.6 	0.0 	0.0 	0.0 	0.0 	1.6 	22.8 	0.1 	83 	0.199 	1.000 	0.170 	(1)	0.000 	0.000 	215 	0.106 		55 														WR93	5.5 	0.0 	0.0 	0.0 	0.0 	6.4 	91.4 	0.5 	93 	0.141 	1.000 	0.070 	(1)	0.000 	0.000 	#N/A	0.053 		16.4 																	New York Giants	Dallas Cowboys	0 	0.0 	0 	0.0 	2.0 	27 	0.0 	0.0 	0.0 	0.0 	0.0 	4.7 	WR68		New York Giants	Los Angeles Rams	0 	0.0 	0 	0.0 	2.0 	48 	0.0 	0.0 	0.0 	0.0 	0.0 	6.8 	WR46		New York Giants	Tennessee Titans	0 	0.0 	9 	0.0 	2.0 	20 	0.0 	0.0 	0.0 	0.0 	0.0 	4.9 	WR62		New York Giants	Arizona Cardinals	0 	0.0 	0 	0.0 	0.0 	0 	0.0 	0.0 	0.0 	0.0 	0.0 	0.0 	-		New York Giants	Washington Commanders	0 	0.0 	0 	0.0 	1.6 	22 	0.1 	0.0 	0.0 	0.0 	0.0 	4.5 	WR74		New York Giants	New Orleans Saints	0 	0.0 	0 	0.0 	1.6 	23 	0.1 	0.0 	0.0 	0.0 	0.0 	4.6 	WR71		New York Giants	Houston Texans	0 	0.0 	0 	0.0 	1.6 	23 	0.1 	0.0 	0.0 	0.0 	0.0 	4.5 	WR70		New York Giants	BYE	0 	0.0 	0 	0.0 	0.0 	0 	0.0 	0.0 	0.0 	0.0 	0.0 	0.0 	-		New York Giants	Philadelphia Eagles	0 	0.0 	0 	0.0 	1.6 	23 	0.1 	0.0 	0.0 	0.0 	0.0 	4.6 	WR77		New York Giants	Washington Commanders	0 	0.0 	0 	0.0 	1.6 	23 	0.1 	0.0 	0.0 	0.0 	0.0 	4.7 	WR71		New York Giants	Jacksonville Jaguars	0 	0.0 	0 	0.0 	1.6 	23 	0.1 	0.0 	0.0 	0.0 	0.0 	4.6 	WR70		New York Giants	Indianapolis Colts	0 	0.0 	0 	0.0 	1.6 	23 	0.1 	0.0 	0.0 	0.0 	0.0 	4.6 	WR84		New York Giants	San Francisco 49ers	0 	0.0 	0 	0.0 	1.6 	23 	0.1 	0.0 	0.0 	0.0 	0.0 	4.6 	WR74		New York Giants	Seattle Seahawks	0 	0.0 	0 	0.0 	1.6 	23 	0.1 	0.0 	0.0 	0.0 	0.0 	4.6 	WR78		New York Giants	Cleveland Browns	0 	0.0 	0 	0.0 	1.5 	22 	0.1 	0.0 	0.0 	0.0 	0.0 	4.4 	WR84		New York Giants	Detroit Lions	0 	0.0 	0 	0.0 	1.6 	23 	0.1 	0.0 	0.0 	0.0 	0.0 	4.8 	WR82		New York Giants	Dallas Cowboys	0 	0.0 	0 	0.0 	1.6 	23 	0.1 	0.0 	0.0 	0.0 	0.0 	4.8 	WR82		Actual	Actual	Actual	Actual	Forecast	Forecast	Forecast	Forecast	Forecast	Forecast	Forecast	Forecast	Forecast	Forecast	Forecast	Forecast	Forecast		Healthy	Healthy	Healthy	Healthy	Healthy	Healthy	Healthy	Healthy	Healthy	Healthy	Healthy	Healthy	Healthy	Healthy	Healthy	Healthy	Healthy		Week 5 2026	10/8/2026	8:57:03 PM	20		11%	9%	0%	0%	0%	0%		0.1 	0	0	0	0	0	0.053694 
	Zach Ertz	Philadelphia Eagles	TE	TE40	1.7 	24 	0 	0.0 	0.0 	0.0 	0 	0.0 	0.0 	0.0 	12.0 	0.9 	98 	7.0 	0.4 	0.0 	0.0 	0.0 	0.0 	0.061 	0.560 	0.198 	(1)	0.000 	0.000 	223 	0 	(223)	40 	0 	(40)	0.088 																0.0 	0.0 	1.9 	3.3 	1.5 	1.6 	1.6 	1.6 	1.6 	0.0 	1.6 	1.6 	1.5 	1.6 	1.5 	1.5 	1.6 		-	-	TE29	TE28	TE34	TE33	TE32	TE33	TE37	-	TE31	TE38	TE34	TE36	TE38	TE39	TE38		TE38	1.6 	0.0 	0.0 	0.0 	0.0 	0.7 	6.4 	0.0 	38 	0.067 	0.560 	0.219 	(1)	0.000 	0.000 	219 	0.098 		19 														TE64	2.6 	0.0 	0.0 	0.0 	0.0 	4.5 	38.2 	0.2 	64 	0.045 	0.560 	0.000 	(1)	0.000 	0.000 	#N/A	0.007 		5.2 																	Philadelphia Eagles	Washington Commanders	0 	0.0 	0 	0.0 	0.0 	0 	0.0 	0.0 	0.0 	0.0 	0.0 	0.0 	-		Philadelphia Eagles	Tennessee Titans	0 	0.0 	0 	0.0 	0.0 	0 	0.0 	0.0 	0.0 	0.0 	0.0 	0.0 	-		Philadelphia Eagles	Chicago Bears	0 	0.0 	0 	0.0 	1.0 	9 	0.0 	0.0 	0.0 	0.0 	0.0 	1.9 	TE29		Philadelphia Eagles	Los Angeles Rams	0 	0.0 	0 	0.0 	2.0 	13 	0.0 	0.0 	0.0 	0.0 	0.0 	3.3 	TE28		Philadelphia Eagles	Jacksonville Jaguars	0 	0.0 	0 	0.0 	0.7 	6 	0.0 	0.0 	0.0 	0.0 	0.0 	1.5 	TE34		Philadelphia Eagles	Carolina Panthers	0 	0.0 	0 	0.0 	0.7 	6 	0.0 	0.0 	0.0 	0.0 	0.0 	1.6 	TE33		Philadelphia Eagles	Dallas Cowboys	0 	0.0 	0 	0.0 	0.8 	7 	0.0 	0.0 	0.0 	0.0 	0.0 	1.6 	TE32		Philadelphia Eagles	Washington Commanders	0 	0.0 	0 	0.0 	0.8 	6 	0.0 	0.0 	0.0 	0.0 	0.0 	1.6 	TE33		Philadelphia Eagles	New York Giants	0 	0.0 	0 	0.0 	0.8 	6 	0.0 	0.0 	0.0 	0.0 	0.0 	1.6 	TE37		Philadelphia Eagles	BYE	0 	0.0 	0 	0.0 	0.0 	0 	0.0 	0.0 	0.0 	0.0 	0.0 	0.0 	-		Philadelphia Eagles	Pittsburgh Steelers	0 	0.0 	0 	0.0 	0.7 	6 	0.0 	0.0 	0.0 	0.0 	0.0 	1.6 	TE31		Philadelphia Eagles	Dallas Cowboys	0 	0.0 	0 	0.0 	0.8 	7 	0.0 	0.0 	0.0 	0.0 	0.0 	1.6 	TE38		Philadelphia Eagles	Arizona Cardinals	0 	0.0 	0 	0.0 	0.7 	6 	0.0 	0.0 	0.0 	0.0 	0.0 	1.5 	TE34		Philadelphia Eagles	Indianapolis Colts	0 	0.0 	0 	0.0 	0.8 	6 	0.0 	0.0 	0.0 	0.0 	0.0 	1.6 	TE36		Philadelphia Eagles	Seattle Seahawks	0 	0.0 	0 	0.0 	0.7 	6 	0.0 	0.0 	0.0 	0.0 	0.0 	1.5 	TE38		Philadelphia Eagles	Houston Texans	0 	0.0 	0 	0.0 	0.7 	6 	0.0 	0.0 	0.0 	0.0 	0.0 	1.5 	TE39		Philadelphia Eagles	San Francisco 49ers	0 	0.0 	0 	0.0 	0.8 	6 	0.0 	0.0 	0.0 	0.0 	0.0 	1.6 	TE38		Actual	Actual	Actual	Actual	Forecast	Forecast	Forecast	Forecast	Forecast	Forecast	Forecast	Forecast	Forecast	Forecast	Forecast	Forecast	Forecast		Healthy	Healthy	Healthy	Healthy	Healthy	Healthy	Healthy	Healthy	Healthy	Healthy	Healthy	Healthy	Healthy	Healthy	Healthy	Healthy	Healthy		Week 5 2026	10/8/2026	8:57:03 PM	20		3%	2%	0%	0%	0%	0%		0.1 	0	0	0	0	0	0.090827 
	Tank Bigsby	Philadelphia Eagles	RB	RB68	3.1 	34 	0 	0.0 	0.0 	0.0 	204 	18.6 	1.5 	0.1 	4.4 	0.4 	25 	2.2 	0.0 	0.0 	0.0 	1.3 	0.0 	0.086 	1.000 	0.160 	(1)	0.000 	0.000 	225 	165 	(60)	68 	53 	(15)	0.085 																0.3 	11.8 	(0.5)	5.5 	0.0 	0.0 	0.0 	0.0 	0.0 	0.0 	2.4 	2.3 	2.7 	2.6 	2.3 	2.2 	2.2 		RB60	RB18	RB80	RB41	-	-	-	-	-	-	RB52	RB67	RB58	RB61	RB69	RB70	RB70		RB75	2.4 	0.0 	0.0 	16.2 	0.1 	0.2 	2.1 	0.0 	75 	0.060 	1.000 	0.069 	(1)	0.000 	0.000 	246 	0.040 		17 														RB51	5.7 	0.0 	0.0 	37.8 	0.2 	0.5 	4.9 	0.0 	51 	0.147 	1.000 	0.379 	(1)	0.000 	0.000 	#N/A	0.193 		17.1 																	Philadelphia Eagles	Washington Commanders	0 	0.0 	3 	0.0 	0.0 	0 	0.0 	0.0 	0.0 	0.0 	0.0 	0.3 	RB60		Philadelphia Eagles	Tennessee Titans	0 	0.0 	33 	1.0 	2.0 	5 	0.0 	0.0 	0.0 	0.0 	0.0 	11.8 	RB18		Philadelphia Eagles	Chicago Bears	0 	0.0 	0 	0.0 	1.0 	5 	0.0 	0.0 	1.0 	0.0 	0.0 	(0.5)	RB80		Philadelphia Eagles	Los Angeles Rams	0 	0.0 	55 	0.0 	0.0 	0 	0.0 	0.0 	0.0 	0.0 	0.0 	5.5 	RB41		Philadelphia Eagles	Jacksonville Jaguars	0 	0.0 	0 	0.0 	0.0 	0 	0.0 	0.0 	0.0 	0.0 	0.0 	0.0 	-		Philadelphia Eagles	Carolina Panthers	0 	0.0 	0 	0.0 	0.0 	0 	0.0 	0.0 	0.0 	0.0 	0.0 	0.0 	-		Philadelphia Eagles	Dallas Cowboys	0 	0.0 	0 	0.0 	0.0 	0 	0.0 	0.0 	0.0 	0.0 	0.0 	0.0 	-		Philadelphia Eagles	Washington Commanders	0 	0.0 	0 	0.0 	0.0 	0 	0.0 	0.0 	0.0 	0.0 	0.0 	0.0 	-		Philadelphia Eagles	New York Giants	0 	0.0 	0 	0.0 	0.0 	0 	0.0 	0.0 	0.0 	0.0 	0.0 	0.0 	-		Philadelphia Eagles	BYE	0 	0.0 	0 	0.0 	0.0 	0 	0.0 	0.0 	0.0 	0.0 	0.0 	0.0 	-		Philadelphia Eagles	Pittsburgh Steelers	0 	0.0 	16 	0.1 	0.2 	2 	0.0 	0.0 	0.0 	0.0 	0.0 	2.4 	RB52		Philadelphia Eagles	Dallas Cowboys	0 	0.0 	16 	0.1 	0.2 	2 	0.0 	0.0 	0.0 	0.0 	0.0 	2.3 	RB67		Philadelphia Eagles	Arizona Cardinals	0 	0.0 	19 	0.1 	0.2 	2 	0.0 	0.0 	0.0 	0.0 	0.0 	2.7 	RB58		Philadelphia Eagles	Indianapolis Colts	0 	0.0 	17 	0.1 	0.2 	2 	0.0 	0.0 	0.0 	0.0 	0.0 	2.6 	RB61		Philadelphia Eagles	Seattle Seahawks	0 	0.0 	16 	0.1 	0.2 	2 	0.0 	0.0 	0.0 	0.0 	0.0 	2.3 	RB69		Philadelphia Eagles	Houston Texans	0 	0.0 	15 	0.1 	0.2 	2 	0.0 	0.0 	0.0 	0.0 	0.0 	2.2 	RB70		Philadelphia Eagles	San Francisco 49ers	0 	0.0 	15 	0.1 	0.2 	2 	0.0 	0.0 	0.0 	0.0 	0.0 	2.2 	RB70		Actual	Actual	Actual	Actual	Forecast	Forecast	Forecast	Forecast	Forecast	Forecast	Forecast	Forecast	Forecast	Forecast	Forecast	Forecast	Forecast		Healthy	Healthy	Healthy	Healthy	Injured	Injured	Injured	Injured	Injured	Injured	Limited / Handicapped	Healthy	Healthy	Healthy	Healthy	Healthy	Healthy		Week 5 2026	10/8/2026	8:57:03 PM	20		1%	0%	12%	8%	0%	0%		(0.2)	0	0	0	1	1	
	Elijah Arroyo	Seattle Seahawks	TE	TE41	1.6 	21 	0 	0.0 	0.0 	0.0 	0 	0.0 	0.0 	0.0 	6.9 	0.5 	104 	8.0 	0.6 	0.0 	0.0 	0.0 	0.0 	0.053 	0.560 	0.188 	(1)	0.000 	0.000 	226 	353 	127 	41 	42 	1 	0.083 																0.0 	2.7 	0.0 	0.0 	1.5 	1.5 	1.5 	1.6 	1.6 	1.5 	0.0 	1.5 	1.6 	1.5 	1.5 	1.5 	1.5 		-	TE29	-	-	TE33	TE34	TE34	TE35	TE36	TE33	-	TE39	TE33	TE37	TE39	TE38	TE39		TE39	1.5 	0.0 	0.0 	0.0 	0.0 	0.5 	7.3 	0.1 	39 	0.066 	0.560 	0.208 	(1)	0.000 	0.000 	221 	0.093 		18 														TE79	2.7 	0.0 	0.0 	0.0 	0.0 	5.9 	87.2 	0.6 	79 	0.023 	0.560 	0.000 	(1)	0.000 	0.000 	#N/A	0.003 		2.7 																	Seattle Seahawks	New England Patriots	0 	0.0 	0 	0.0 	0.0 	0 	0.0 	0.0 	0.0 	0.0 	0.0 	0.0 	-		Seattle Seahawks	Arizona Cardinals	0 	0.0 	0 	0.0 	1.0 	17 	0.0 	0.0 	0.0 	0.0 	0.0 	2.7 	TE29		Seattle Seahawks	Washington Commanders	0 	0.0 	0 	0.0 	0.0 	0 	0.0 	0.0 	0.0 	0.0 	0.0 	0.0 	-		Seattle Seahawks	Los Angeles Chargers	0 	0.0 	0 	0.0 	0.0 	0 	0.0 	0.0 	0.0 	0.0 	0.0 	0.0 	-		Seattle Seahawks	San Francisco 49ers	0 	0.0 	0 	0.0 	0.5 	7 	0.1 	0.0 	0.0 	0.0 	0.0 	1.5 	TE33		Seattle Seahawks	Denver Broncos	0 	0.0 	0 	0.0 	0.5 	7 	0.0 	0.0 	0.0 	0.0 	0.0 	1.5 	TE34		Seattle Seahawks	Kansas City Chiefs	0 	0.0 	0 	0.0 	0.5 	7 	0.1 	0.0 	0.0 	0.0 	0.0 	1.5 	TE34		Seattle Seahawks	Chicago Bears	0 	0.0 	0 	0.0 	0.5 	7 	0.1 	0.0 	0.0 	0.0 	0.0 	1.6 	TE35		Seattle Seahawks	Arizona Cardinals	0 	0.0 	0 	0.0 	0.5 	7 	0.1 	0.0 	0.0 	0.0 	0.0 	1.6 	TE36		Seattle Seahawks	Las Vegas Raiders	0 	0.0 	0 	0.0 	0.5 	7 	0.1 	0.0 	0.0 	0.0 	0.0 	1.5 	TE33		Seattle Seahawks	BYE	0 	0.0 	0 	0.0 	0.0 	0 	0.0 	0.0 	0.0 	0.0 	0.0 	0.0 	-		Seattle Seahawks	San Francisco 49ers	0 	0.0 	0 	0.0 	0.5 	7 	0.1 	0.0 	0.0 	0.0 	0.0 	1.5 	TE39		Seattle Seahawks	Dallas Cowboys	0 	0.0 	0 	0.0 	0.5 	7 	0.1 	0.0 	0.0 	0.0 	0.0 	1.6 	TE33		Seattle Seahawks	New York Giants	0 	0.0 	0 	0.0 	0.5 	7 	0.1 	0.0 	0.0 	0.0 	0.0 	1.5 	TE37		Seattle Seahawks	Philadelphia Eagles	0 	0.0 	0 	0.0 	0.5 	7 	0.0 	0.0 	0.0 	0.0 	0.0 	1.5 	TE39		Seattle Seahawks	Los Angeles Rams	0 	0.0 	0 	0.0 	0.5 	7 	0.1 	0.0 	0.0 	0.0 	0.0 	1.5 	TE38		Seattle Seahawks	Carolina Panthers	0 	0.0 	0 	0.0 	0.5 	7 	0.1 	0.0 	0.0 	0.0 	0.0 	1.5 	TE39		Actual	Actual	Actual	Actual	Forecast	Forecast	Forecast	Forecast	Forecast	Forecast	Forecast	Forecast	Forecast	Forecast	Forecast	Forecast	Forecast		Healthy	Healthy	Healthy	Healthy	Healthy	Healthy	Healthy	Healthy	Healthy	Healthy	Healthy	Healthy	Healthy	Healthy	Healthy	Healthy	Healthy		Week 5 2026	10/8/2026	8:57:03 PM	20		3%	3%	0%	0%	0%	0%		0.1 	0	0	0	0	0	0.089724 
	Germie Bernard	Pittsburgh Steelers	WR	WR86	3.9 	59 	0 	0.0 	0.0 	0.0 	0 	0.0 	0.0 	0.0 	26.8 	1.8 	252 	16.8 	1.2 	0.1 	0.0 	0.0 	0.0 	0.149 	1.000 	0.140 	(1)	0.000 	0.000 	224 	284 	60 	86 	94 	8 	0.085 																0.0 	7.5 	2.4 	3.1 	4.0 	3.8 	3.9 	3.7 	0.0 	4.0 	3.8 	3.7 	3.7 	3.8 	3.9 	3.9 	3.8 		-	WR40	WR81	WR69	WR75	WR72	WR72	WR73	-	WR73	WR72	WR86	WR76	WR79	WR85	WR85	WR85		WR85	3.8 	0.0 	0.0 	0.0 	0.0 	1.7 	16.0 	0.1 	85 	0.165 	1.000 	0.150 	(1)	0.000 	0.000 	222 	0.092 		46 														WR102	4.3 	0.0 	0.0 	0.0 	0.0 	6.6 	64.1 	0.4 	102 	0.111 	1.000 	0.000 	(1)	0.000 	0.000 	#N/A	0.017 		13.0 																	Pittsburgh Steelers	Atlanta Falcons	0 	0.0 	0 	0.0 	0.0 	0 	0.0 	0.0 	0.0 	0.0 	0.0 	0.0 	-		Pittsburgh Steelers	New England Patriots	0 	0.0 	0 	0.0 	4.0 	35 	0.0 	0.0 	0.0 	0.0 	0.0 	7.5 	WR40		Pittsburgh Steelers	Cincinnati Bengals	0 	0.0 	0 	0.0 	1.0 	14 	0.0 	0.0 	0.0 	0.0 	0.0 	2.4 	WR81		Pittsburgh Steelers	Cleveland Browns	0 	0.0 	0 	0.0 	2.0 	11 	0.0 	0.0 	0.0 	0.0 	0.0 	3.1 	WR69		Pittsburgh Steelers	Indianapolis Colts	0 	0.0 	0 	0.0 	1.7 	16 	0.1 	0.0 	0.0 	0.0 	0.0 	4.0 	WR75		Pittsburgh Steelers	Tampa Bay Buccaneers	0 	0.0 	0 	0.0 	1.6 	16 	0.1 	0.0 	0.0 	0.0 	0.0 	3.8 	WR72		Pittsburgh Steelers	New Orleans Saints	0 	0.0 	0 	0.0 	1.7 	16 	0.1 	0.0 	0.0 	0.0 	0.0 	3.9 	WR72		Pittsburgh Steelers	Cleveland Browns	0 	0.0 	0 	0.0 	1.6 	15 	0.1 	0.0 	0.0 	0.0 	0.0 	3.7 	WR73		Pittsburgh Steelers	BYE	0 	0.0 	0 	0.0 	0.0 	0 	0.0 	0.0 	0.0 	0.0 	0.0 	0.0 	-		Pittsburgh Steelers	Cincinnati Bengals	0 	0.0 	0 	0.0 	1.7 	17 	0.1 	0.0 	0.0 	0.0 	0.0 	4.0 	WR73		Pittsburgh Steelers	Philadelphia Eagles	0 	0.0 	0 	0.0 	1.7 	16 	0.1 	0.0 	0.0 	0.0 	0.0 	3.8 	WR72		Pittsburgh Steelers	Denver Broncos	0 	0.0 	0 	0.0 	1.6 	16 	0.1 	0.0 	0.0 	0.0 	0.0 	3.7 	WR86		Pittsburgh Steelers	Houston Texans	0 	0.0 	0 	0.0 	1.6 	16 	0.1 	0.0 	0.0 	0.0 	0.0 	3.7 	WR76		Pittsburgh Steelers	Jacksonville Jaguars	0 	0.0 	0 	0.0 	1.6 	16 	0.1 	0.0 	0.0 	0.0 	0.0 	3.8 	WR79		Pittsburgh Steelers	Baltimore Ravens	0 	0.0 	0 	0.0 	1.7 	16 	0.1 	0.0 	0.0 	0.0 	0.0 	3.9 	WR85		Pittsburgh Steelers	Carolina Panthers	0 	0.0 	0 	0.0 	1.7 	16 	0.1 	0.0 	0.0 	0.0 	0.0 	3.9 	WR85		Pittsburgh Steelers	Tennessee Titans	0 	0.0 	0 	0.0 	1.6 	16 	0.1 	0.0 	0.0 	0.0 	0.0 	3.8 	WR85		Actual	Actual	Actual	Actual	Forecast	Forecast	Forecast	Forecast	Forecast	Forecast	Forecast	Forecast	Forecast	Forecast	Forecast	Forecast	Forecast		Healthy	Healthy	Healthy	Healthy	Healthy	Healthy	Healthy	Healthy	Healthy	Healthy	Healthy	Healthy	Healthy	Healthy	Healthy	Healthy	Healthy		Week 5 2026	10/8/2026	8:57:03 PM	20		7%	6%	0%	0%	0%	0%		0.1 	0	0	0	0	0	0.075466 
	Kimani Vidal	Los Angeles Chargers	RB	RB69	2.3 	32 	0 	0.0 	0.0 	0.0 	110 	7.9 	0.5 	0.0 	6.0 	0.4 	51 	3.6 	1.2 	0.1 	0.0 	0.2 	0.0 	0.081 	1.000 	0.147 	(1)	0.000 	0.000 	228 	240 	12 	69 	66 	(3)	0.078 																0.0 	0.0 	3.0 	11.6 	1.3 	1.2 	0.0 	1.4 	1.5 	1.4 	1.6 	1.5 	1.5 	1.5 	1.5 	1.6 	1.5 		-	-	RB50	RB26	RB59	RB61	-	RB61	RB68	RB64	RB56	RB74	RB68	RB71	RB76	RB74	RB74		RB73	1.5 	0.0 	0.0 	6.6 	0.0 	0.3 	2.1 	0.0 	73 	0.063 	1.000 	0.095 	(1)	0.000 	0.000 	242 	0.052 		17 														RB58	7.3 	0.0 	0.0 	39.5 	0.3 	1.5 	12.8 	0.1 	58 	0.125 	1.000 	0.289 	(1)	0.000 	0.000 	#N/A	0.149 		14.6 																	Los Angeles Chargers	Arizona Cardinals	0 	0.0 	0 	0.0 	0.0 	0 	0.0 	0.0 	0.0 	0.0 	0.0 	0.0 	-		Los Angeles Chargers	Las Vegas Raiders	0 	0.0 	0 	0.0 	0.0 	0 	0.0 	0.0 	0.0 	0.0 	0.0 	0.0 	-		Los Angeles Chargers	Buffalo Bills	0 	0.0 	6 	0.0 	1.0 	14 	0.0 	0.0 	0.0 	0.0 	0.0 	3.0 	RB50		Los Angeles Chargers	Seattle Seahawks	0 	0.0 	25 	0.0 	2.0 	11 	1.0 	0.0 	0.0 	0.0 	0.0 	11.6 	RB26		Los Angeles Chargers	Denver Broncos	0 	0.0 	6 	0.0 	0.2 	2 	0.0 	0.0 	0.0 	0.0 	0.0 	1.3 	RB59		Los Angeles Chargers	Kansas City Chiefs	0 	0.0 	5 	0.0 	0.3 	2 	0.0 	0.0 	0.0 	0.0 	0.0 	1.2 	RB61		Los Angeles Chargers	BYE	0 	0.0 	0 	0.0 	0.0 	0 	0.0 	0.0 	0.0 	0.0 	0.0 	0.0 	-		Los Angeles Chargers	Los Angeles Rams	0 	0.0 	6 	0.0 	0.3 	2 	0.0 	0.0 	0.0 	0.0 	0.0 	1.4 	RB61		Los Angeles Chargers	Houston Texans	0 	0.0 	7 	0.0 	0.2 	2 	0.0 	0.0 	0.0 	0.0 	0.0 	1.5 	RB68		Los Angeles Chargers	Baltimore Ravens	0 	0.0 	6 	0.0 	0.3 	2 	0.0 	0.0 	0.0 	0.0 	0.0 	1.4 	RB64		Los Angeles Chargers	New York Jets	0 	0.0 	8 	0.1 	0.2 	2 	0.0 	0.0 	0.0 	0.0 	0.0 	1.6 	RB56		Los Angeles Chargers	New England Patriots	0 	0.0 	7 	0.0 	0.3 	2 	0.0 	0.0 	0.0 	0.0 	0.0 	1.5 	RB74		Los Angeles Chargers	Tampa Bay Buccaneers	0 	0.0 	7 	0.0 	0.3 	2 	0.0 	0.0 	0.0 	0.0 	0.0 	1.5 	RB68		Los Angeles Chargers	Las Vegas Raiders	0 	0.0 	7 	0.1 	0.2 	2 	0.0 	0.0 	0.0 	0.0 	0.0 	1.5 	RB71		Los Angeles Chargers	San Francisco 49ers	0 	0.0 	7 	0.0 	0.3 	2 	0.0 	0.0 	0.0 	0.0 	0.0 	1.5 	RB76		Los Angeles Chargers	Miami Dolphins	0 	0.0 	8 	0.1 	0.2 	2 	0.0 	0.0 	0.0 	0.0 	0.0 	1.6 	RB74		Los Angeles Chargers	Kansas City Chiefs	0 	0.0 	7 	0.0 	0.3 	2 	0.0 	0.0 	0.0 	0.0 	0.0 	1.5 	RB74		Actual	Actual	Actual	Actual	Forecast	Forecast	Forecast	Forecast	Forecast	Forecast	Forecast	Forecast	Forecast	Forecast	Forecast	Forecast	Forecast		Healthy	Healthy	Healthy	Healthy	Healthy	Healthy	Healthy	Healthy	Healthy	Healthy	Healthy	Healthy	Healthy	Healthy	Healthy	Healthy	Healthy		Week 5 2026	10/8/2026	8:57:03 PM	20		1%	1%	5%	5%	0%	0%		(0.1)	0	0	0	0	0	(0.096719)
	Colby Parkinson	Los Angeles Rams	TE	TE42	1.4 	19 	0 	0.0 	0.0 	0.0 	0 	0.0 	0.0 	0.0 	8.9 	0.6 	77 	5.5 	0.5 	0.0 	0.0 	0.0 	0.0 	0.049 	0.560 	0.178 	(1)	0.000 	0.000 	229 	312 	83 	42 	36 	(6)	0.078 																1.6 	3.5 	0.0 	0.0 	1.2 	1.2 	1.2 	1.2 	1.2 	1.2 	0.0 	1.2 	1.2 	1.2 	1.2 	1.1 	1.2 		TE36	TE26	-	-	TE36	TE36	TE35	TE37	TE39	TE36	-	TE42	TE37	TE39	TE41	TE42	TE42		TE41	1.2 	0.0 	0.0 	0.0 	0.0 	0.5 	4.7 	0.0 	41 	0.051 	0.560 	0.188 	(1)	0.000 	0.000 	226 	0.083 		14 														TE66	2.6 	0.0 	0.0 	0.0 	0.0 	3.0 	28.1 	0.2 	66 	0.044 	0.560 	0.000 	(1)	0.000 	0.000 	#N/A	0.007 		5.1 																	Los Angeles Rams	San Francisco 49ers	0 	0.0 	0 	0.0 	1.0 	6 	0.0 	0.0 	0.0 	0.0 	0.0 	1.6 	TE36		Los Angeles Rams	New York Giants	0 	0.0 	0 	0.0 	2.0 	15 	0.0 	0.0 	0.0 	0.0 	0.0 	3.5 	TE26		Los Angeles Rams	Denver Broncos	0 	0.0 	0 	0.0 	0.0 	0 	0.0 	0.0 	0.0 	0.0 	0.0 	0.0 	-		Los Angeles Rams	Philadelphia Eagles	0 	0.0 	0 	0.0 	0.0 	0 	0.0 	0.0 	0.0 	0.0 	0.0 	0.0 	-		Los Angeles Rams	Buffalo Bills	0 	0.0 	0 	0.0 	0.5 	5 	0.0 	0.0 	0.0 	0.0 	0.0 	1.2 	TE36		Los Angeles Rams	Arizona Cardinals	0 	0.0 	0 	0.0 	0.5 	5 	0.0 	0.0 	0.0 	0.0 	0.0 	1.2 	TE36		Los Angeles Rams	Las Vegas Raiders	0 	0.0 	0 	0.0 	0.5 	5 	0.0 	0.0 	0.0 	0.0 	0.0 	1.2 	TE35		Los Angeles Rams	Los Angeles Chargers	0 	0.0 	0 	0.0 	0.5 	5 	0.0 	0.0 	0.0 	0.0 	0.0 	1.2 	TE37		Los Angeles Rams	Washington Commanders	0 	0.0 	0 	0.0 	0.5 	5 	0.0 	0.0 	0.0 	0.0 	0.0 	1.2 	TE39		Los Angeles Rams	Arizona Cardinals	0 	0.0 	0 	0.0 	0.5 	5 	0.0 	0.0 	0.0 	0.0 	0.0 	1.2 	TE36		Los Angeles Rams	BYE	0 	0.0 	0 	0.0 	0.0 	0 	0.0 	0.0 	0.0 	0.0 	0.0 	0.0 	-		Los Angeles Rams	Green Bay Packers	0 	0.0 	0 	0.0 	0.5 	5 	0.0 	0.0 	0.0 	0.0 	0.0 	1.2 	TE42		Los Angeles Rams	Kansas City Chiefs	0 	0.0 	0 	0.0 	0.5 	5 	0.0 	0.0 	0.0 	0.0 	0.0 	1.2 	TE37		Los Angeles Rams	San Francisco 49ers	0 	0.0 	0 	0.0 	0.5 	5 	0.0 	0.0 	0.0 	0.0 	0.0 	1.2 	TE39		Los Angeles Rams	Dallas Cowboys	0 	0.0 	0 	0.0 	0.5 	5 	0.0 	0.0 	0.0 	0.0 	0.0 	1.2 	TE41		Los Angeles Rams	Seattle Seahawks	0 	0.0 	0 	0.0 	0.5 	5 	0.0 	0.0 	0.0 	0.0 	0.0 	1.1 	TE42		Los Angeles Rams	Tampa Bay Buccaneers	0 	0.0 	0 	0.0 	0.5 	5 	0.0 	0.0 	0.0 	0.0 	0.0 	1.2 	TE42		Actual	Actual	Actual	Actual	Forecast	Forecast	Forecast	Forecast	Forecast	Forecast	Forecast	Forecast	Forecast	Forecast	Forecast	Forecast	Forecast		Healthy	Healthy	Healthy	Injured	Limited / Handicapped	Healthy	Healthy	Healthy	Healthy	Healthy	Healthy	Healthy	Healthy	Healthy	Healthy	Healthy	Healthy		Week 5 2026	10/8/2026	8:57:03 PM	20		2%	2%	0%	0%	0%	0%		0.1 	0	0	1	0	0	
	Tory Horton	Seattle Seahawks	WR	WR88	3.7 	51 	0 	0.0 	0.0 	0.0 	0 	0.0 	0.0 	0.0 	16.2 	1.2 	228 	16.3 	2.0 	0.1 	0.0 	0.0 	0.0 	0.130 	1.000 	0.120 	(1)	0.000 	0.000 	230 	301 	71 	88 	100 	12 	0.073 																0.0 	0.0 	7.8 	7.6 	3.0 	2.9 	3.0 	3.0 	3.1 	2.9 	0.0 	3.0 	3.1 	3.0 	2.9 	3.0 	2.9 		-	-	WR47	WR52	WR79	WR76	WR76	WR77	WR81	WR77	-	WR88	WR79	WR82	WR90	WR89	WR88		WR89	3.0 	0.0 	0.0 	0.0 	0.0 	1.0 	14.5 	0.1 	89 	0.128 	1.000 	0.110 	(1)	0.000 	0.000 	233 	0.069 		36 														WR97	7.7 	0.0 	0.0 	0.0 	0.0 	6.1 	87.2 	0.5 	97 	0.132 	1.000 	0.030 	(1)	0.000 	0.000 	#N/A	0.033 		15.4 																	Seattle Seahawks	New England Patriots	0 	0.0 	0 	0.0 	0.0 	0 	0.0 	0.0 	0.0 	0.0 	0.0 	0.0 	-		Seattle Seahawks	Arizona Cardinals	0 	0.0 	0 	0.0 	0.0 	0 	0.0 	0.0 	0.0 	0.0 	0.0 	0.0 	-		Seattle Seahawks	Washington Commanders	0 	0.0 	0 	0.0 	3.0 	48 	0.0 	0.0 	0.0 	0.0 	0.0 	7.8 	WR47		Seattle Seahawks	Los Angeles Chargers	0 	0.0 	0 	0.0 	1.0 	6 	1.0 	0.0 	0.0 	0.0 	0.0 	7.6 	WR52		Seattle Seahawks	San Francisco 49ers	0 	0.0 	0 	0.0 	1.0 	15 	0.1 	0.0 	0.0 	0.0 	0.0 	3.0 	WR79		Seattle Seahawks	Denver Broncos	0 	0.0 	0 	0.0 	1.0 	14 	0.1 	0.0 	0.0 	0.0 	0.0 	2.9 	WR76		Seattle Seahawks	Kansas City Chiefs	0 	0.0 	0 	0.0 	1.0 	15 	0.1 	0.0 	0.0 	0.0 	0.0 	3.0 	WR76		Seattle Seahawks	Chicago Bears	0 	0.0 	0 	0.0 	1.0 	15 	0.1 	0.0 	0.0 	0.0 	0.0 	3.0 	WR77		Seattle Seahawks	Arizona Cardinals	0 	0.0 	0 	0.0 	1.0 	15 	0.1 	0.0 	0.0 	0.0 	0.0 	3.1 	WR81		Seattle Seahawks	Las Vegas Raiders	0 	0.0 	0 	0.0 	1.0 	14 	0.1 	0.0 	0.0 	0.0 	0.0 	2.9 	WR77		Seattle Seahawks	BYE	0 	0.0 	0 	0.0 	0.0 	0 	0.0 	0.0 	0.0 	0.0 	0.0 	0.0 	-		Seattle Seahawks	San Francisco 49ers	0 	0.0 	0 	0.0 	1.0 	15 	0.1 	0.0 	0.0 	0.0 	0.0 	3.0 	WR88		Seattle Seahawks	Dallas Cowboys	0 	0.0 	0 	0.0 	1.0 	15 	0.1 	0.0 	0.0 	0.0 	0.0 	3.1 	WR79		Seattle Seahawks	New York Giants	0 	0.0 	0 	0.0 	1.0 	15 	0.1 	0.0 	0.0 	0.0 	0.0 	3.0 	WR82		Seattle Seahawks	Philadelphia Eagles	0 	0.0 	0 	0.0 	1.0 	14 	0.1 	0.0 	0.0 	0.0 	0.0 	2.9 	WR90		Seattle Seahawks	Los Angeles Rams	0 	0.0 	0 	0.0 	1.0 	15 	0.1 	0.0 	0.0 	0.0 	0.0 	3.0 	WR89		Seattle Seahawks	Carolina Panthers	0 	0.0 	0 	0.0 	1.0 	14 	0.1 	0.0 	0.0 	0.0 	0.0 	2.9 	WR88		Actual	Actual	Actual	Actual	Forecast	Forecast	Forecast	Forecast	Forecast	Forecast	Forecast	Forecast	Forecast	Forecast	Forecast	Forecast	Forecast		Injured	Healthy	Healthy	Healthy	Healthy	Healthy	Healthy	Healthy	Healthy	Healthy	Healthy	Healthy	Healthy	Healthy	Healthy	Healthy	Healthy		Week 5 2026	10/8/2026	8:57:03 PM	20		6%	5%	0%	0%	0%	0%		0.0 	0	0	0	0	0	0.035447 
	Tyrone Tracy Jr.	New York Giants	RB	RB70	1.9 	29 	0 	0.0 	0.0 	0.0 	201 	13.4 	1.1 	0.1 	3.1 	0.2 	25 	1.7 	0.0 	0.0 	0.0 	1.5 	0.0 	0.074 	1.000 	0.134 	(1)	0.000 	0.000 	231 	192 	(39)	70 	57 	(13)	0.072 																(0.6)	0.0 	0.3 	(0.1)	2.3 	2.5 	2.2 	0.0 	2.2 	2.8 	2.6 	2.6 	2.5 	2.2 	2.7 	2.5 	2.5 		RB80	-	RB62	RB80	RB55	RB55	RB56	-	RB63	RB55	RB50	RB64	RB61	RB66	RB67	RB66	RB66		RB67	2.5 	0.0 	0.0 	15.4 	0.1 	0.3 	2.1 	0.0 	67 	0.106 	1.000 	0.173 	(1)	0.000 	0.000 	220 	0.094 		30 														-	(0.4)	0.0 	0.0 	184.6 	1.1 	3.1 	24.9 	0.0 	#N/A	(0.003)	1.000 	#N/A	(1)	0.000 	0.000 	#N/A	#N/A		(0.4)																	New York Giants	Dallas Cowboys	0 	0.0 	14 	0.0 	0.0 	0 	0.0 	0.0 	1.0 	0.0 	0.0 	(0.6)	RB80		New York Giants	Los Angeles Rams	0 	0.0 	0 	0.0 	0.0 	0 	0.0 	0.0 	0.0 	0.0 	0.0 	0.0 	-		New York Giants	Tennessee Titans	0 	0.0 	3 	0.0 	0.0 	0 	0.0 	0.0 	0.0 	0.0 	0.0 	0.3 	RB62		New York Giants	Arizona Cardinals	0 	0.0 	(1)	0.0 	0.0 	0 	0.0 	0.0 	0.0 	0.0 	0.0 	(0.1)	RB80		New York Giants	Washington Commanders	0 	0.0 	15 	0.1 	0.3 	2 	0.0 	0.0 	0.0 	0.0 	0.0 	2.3 	RB55		New York Giants	New Orleans Saints	0 	0.0 	16 	0.1 	0.3 	2 	0.0 	0.0 	0.0 	0.0 	0.0 	2.5 	RB55		New York Giants	Houston Texans	0 	0.0 	14 	0.1 	0.3 	2 	0.0 	0.0 	0.0 	0.0 	0.0 	2.2 	RB56		New York Giants	BYE	0 	0.0 	0 	0.0 	0.0 	0 	0.0 	0.0 	0.0 	0.0 	0.0 	0.0 	-		New York Giants	Philadelphia Eagles	0 	0.0 	14 	0.1 	0.3 	2 	0.0 	0.0 	0.0 	0.0 	0.0 	2.2 	RB63		New York Giants	Washington Commanders	0 	0.0 	17 	0.1 	0.3 	2 	0.0 	0.0 	0.0 	0.0 	0.0 	2.8 	RB55		New York Giants	Jacksonville Jaguars	0 	0.0 	16 	0.1 	0.3 	2 	0.0 	0.0 	0.0 	0.0 	0.0 	2.6 	RB50		New York Giants	Indianapolis Colts	0 	0.0 	16 	0.1 	0.3 	2 	0.0 	0.0 	0.0 	0.0 	0.0 	2.6 	RB64		New York Giants	San Francisco 49ers	0 	0.0 	16 	0.1 	0.3 	2 	0.0 	0.0 	0.0 	0.0 	0.0 	2.5 	RB61		New York Giants	Seattle Seahawks	0 	0.0 	13 	0.1 	0.3 	2 	0.0 	0.0 	0.0 	0.0 	0.0 	2.2 	RB66		New York Giants	Cleveland Browns	0 	0.0 	17 	0.1 	0.2 	2 	0.0 	0.0 	0.0 	0.0 	0.0 	2.7 	RB67		New York Giants	Detroit Lions	0 	0.0 	15 	0.1 	0.3 	2 	0.0 	0.0 	0.0 	0.0 	0.0 	2.5 	RB66		New York Giants	Dallas Cowboys	0 	0.0 	15 	0.1 	0.3 	2 	0.0 	0.0 	0.0 	0.0 	0.0 	2.5 	RB66		Actual	Actual	Actual	Actual	Forecast	Forecast	Forecast	Forecast	Forecast	Forecast	Forecast	Forecast	Forecast	Forecast	Forecast	Forecast	Forecast		Healthy	Healthy	Healthy	Healthy	Healthy	Healthy	Healthy	Healthy	Healthy	Healthy	Healthy	Healthy	Healthy	Healthy	Healthy	Healthy	Healthy		Week 5 2026	10/8/2026	8:57:03 PM	20		1%	0%	12%	10%	0%	0%		0.1 	0	0	0	0	0	0.093865 
	Mason Taylor	New York Jets	TE	TE43	0.7 	8 	0 	0.0 	0.0 	0.0 	0 	0.0 	0.0 	0.0 	5.1 	0.4 	24 	1.9 	0.2 	0.0 	0.0 	0.0 	0.0 	0.021 	0.560 	0.167 	(2)	0.000 	0.000 	232 	286 	54 	43 	32 	(11)	0.070 																1.8 	0.0 	0.0 	0.0 	0.6 	0.6 	0.6 	0.6 	0.5 	0.6 	0.5 	0.6 	0.0 	0.5 	0.6 	0.5 	0.5 		TE34	-	-	-	TE38	TE38	TE37	TE38	TE41	TE37	TE34	TE43	-	TE41	TE43	TE43	TE43		TE43	0.6 	0.0 	0.0 	0.0 	0.0 	0.3 	2.2 	0.0 	43 	0.024 	0.560 	0.167 	(2)	0.000 	0.000 	232 	0.071 		7 														TE86	1.8 	0.0 	0.0 	0.0 	0.0 	3.1 	26.3 	0.2 	86 	0.015 	0.560 	0.000 	(2)	0.000 	0.000 	#N/A	0.002 		1.8 																	New York Jets	Tennessee Titans	0 	0.0 	0 	0.0 	2.0 	(2)	0.0 	0.0 	0.0 	0.0 	0.0 	1.8 	TE34		New York Jets	Green Bay Packers	0 	0.0 	0 	0.0 	0.0 	0 	0.0 	0.0 	0.0 	0.0 	0.0 	0.0 	-		New York Jets	Detroit Lions	0 	0.0 	0 	0.0 	0.0 	0 	0.0 	0.0 	0.0 	0.0 	0.0 	0.0 	-		New York Jets	Chicago Bears	0 	0.0 	0 	0.0 	0.0 	0 	0.0 	0.0 	0.0 	0.0 	0.0 	0.0 	-		New York Jets	Cleveland Browns	0 	0.0 	0 	0.0 	0.3 	2 	0.0 	0.0 	0.0 	0.0 	0.0 	0.6 	TE38		New York Jets	New England Patriots	0 	0.0 	0 	0.0 	0.3 	2 	0.0 	0.0 	0.0 	0.0 	0.0 	0.6 	TE38		New York Jets	Miami Dolphins	0 	0.0 	0 	0.0 	0.3 	2 	0.0 	0.0 	0.0 	0.0 	0.0 	0.6 	TE37		New York Jets	Las Vegas Raiders	0 	0.0 	0 	0.0 	0.3 	2 	0.0 	0.0 	0.0 	0.0 	0.0 	0.6 	TE38		New York Jets	Kansas City Chiefs	0 	0.0 	0 	0.0 	0.3 	2 	0.0 	0.0 	0.0 	0.0 	0.0 	0.5 	TE41		New York Jets	Buffalo Bills	0 	0.0 	0 	0.0 	0.3 	2 	0.0 	0.0 	0.0 	0.0 	0.0 	0.6 	TE37		New York Jets	Los Angeles Chargers	0 	0.0 	0 	0.0 	0.3 	2 	0.0 	0.0 	0.0 	0.0 	0.0 	0.5 	TE34		New York Jets	Miami Dolphins	0 	0.0 	0 	0.0 	0.3 	2 	0.0 	0.0 	0.0 	0.0 	0.0 	0.6 	TE43		New York Jets	BYE	0 	0.0 	0 	0.0 	0.0 	0 	0.0 	0.0 	0.0 	0.0 	0.0 	0.0 	-		New York Jets	Denver Broncos	0 	0.0 	0 	0.0 	0.3 	2 	0.0 	0.0 	0.0 	0.0 	0.0 	0.5 	TE41		New York Jets	Arizona Cardinals	0 	0.0 	0 	0.0 	0.3 	2 	0.0 	0.0 	0.0 	0.0 	0.0 	0.6 	TE43		New York Jets	New England Patriots	0 	0.0 	0 	0.0 	0.3 	2 	0.0 	0.0 	0.0 	0.0 	0.0 	0.5 	TE43		New York Jets	Minnesota Vikings	0 	0.0 	0 	0.0 	0.3 	2 	0.0 	0.0 	0.0 	0.0 	0.0 	0.5 	TE43		Actual	Actual	Actual	Actual	Forecast	Forecast	Forecast	Forecast	Forecast	Forecast	Forecast	Forecast	Forecast	Forecast	Forecast	Forecast	Forecast		Healthy	Healthy	Injured	Injured	Healthy	Healthy	Healthy	Healthy	Healthy	Healthy	Healthy	Healthy	Healthy	Healthy	Healthy	Healthy	Healthy		Week 5 2026	10/8/2026	8:57:03 PM	20		1%	1%	0%	0%	0%	0%		0.1 	0	1	1	0	0	
	Jahan Dotson	Atlanta Falcons	WR	WR87	3.7 	59 	0 	0.0 	0.0 	0.0 	0 	0.0 	0.0 	0.0 	21.1 	1.3 	261 	16.3 	1.9 	0.1 	0.0 	0.0 	0.0 	0.148 	1.000 	0.130 	(1)	0.000 	0.000 	227 	538 	311 	87 	175 	88 	0.081 																2.9 	3.1 	2.1 	13.4 	3.1 	3.1 	3.1 	3.1 	3.2 	3.1 	0.0 	3.0 	3.2 	2.9 	3.1 	3.1 	3.1 		WR83	WR74	WR82	WR25	WR77	WR73	WR74	WR75	WR80	WR75	-	WR87	WR78	WR84	WR87	WR87	WR87		WR87	3.1 	0.0 	0.0 	0.0 	0.0 	1.3 	13.8 	0.1 	87 	0.133 	1.000 	0.130 	(1)	0.000 	0.000 	229 	0.078 		37 														WR79	5.4 	0.0 	0.0 	0.0 	0.0 	3.8 	41.5 	0.2 	79 	0.184 	1.000 	0.210 	(0)	0.000 	0.000 	#N/A	0.122 		21.5 																	Atlanta Falcons	Pittsburgh Steelers	0 	0.0 	0 	0.0 	1.0 	19 	0.0 	0.0 	0.0 	0.0 	0.0 	2.9 	WR83		Atlanta Falcons	Carolina Panthers	0 	0.0 	0 	0.0 	2.0 	11 	0.0 	0.0 	0.0 	0.0 	0.0 	3.1 	WR74		Atlanta Falcons	Green Bay Packers	0 	0.0 	0 	0.0 	1.0 	11 	0.0 	0.0 	0.0 	0.0 	0.0 	2.1 	WR82		Atlanta Falcons	New Orleans Saints	0 	0.0 	0 	0.0 	2.0 	54 	1.0 	0.0 	0.0 	0.0 	0.0 	13.4 	WR25		Atlanta Falcons	Baltimore Ravens	0 	0.0 	0 	0.0 	1.2 	14 	0.1 	0.0 	0.0 	0.0 	0.0 	3.1 	WR77		Atlanta Falcons	Chicago Bears	0 	0.0 	0 	0.0 	1.3 	14 	0.1 	0.0 	0.0 	0.0 	0.0 	3.1 	WR73		Atlanta Falcons	San Francisco 49ers	0 	0.0 	0 	0.0 	1.3 	14 	0.1 	0.0 	0.0 	0.0 	0.0 	3.1 	WR74		Atlanta Falcons	Tampa Bay Buccaneers	0 	0.0 	0 	0.0 	1.3 	14 	0.1 	0.0 	0.0 	0.0 	0.0 	3.1 	WR75		Atlanta Falcons	Cincinnati Bengals	0 	0.0 	0 	0.0 	1.3 	14 	0.1 	0.0 	0.0 	0.0 	0.0 	3.2 	WR80		Atlanta Falcons	Kansas City Chiefs	0 	0.0 	0 	0.0 	1.2 	14 	0.1 	0.0 	0.0 	0.0 	0.0 	3.1 	WR75		Atlanta Falcons	BYE	0 	0.0 	0 	0.0 	0.0 	0 	0.0 	0.0 	0.0 	0.0 	0.0 	0.0 	-		Atlanta Falcons	Minnesota Vikings	0 	0.0 	0 	0.0 	1.2 	14 	0.1 	0.0 	0.0 	0.0 	0.0 	3.0 	WR87		Atlanta Falcons	Detroit Lions	0 	0.0 	0 	0.0 	1.3 	14 	0.1 	0.0 	0.0 	0.0 	0.0 	3.2 	WR78		Atlanta Falcons	Cleveland Browns	0 	0.0 	0 	0.0 	1.2 	13 	0.1 	0.0 	0.0 	0.0 	0.0 	2.9 	WR84		Atlanta Falcons	Washington Commanders	0 	0.0 	0 	0.0 	1.3 	14 	0.1 	0.0 	0.0 	0.0 	0.0 	3.1 	WR87		Atlanta Falcons	Tampa Bay Buccaneers	0 	0.0 	0 	0.0 	1.2 	14 	0.1 	0.0 	0.0 	0.0 	0.0 	3.1 	WR87		Atlanta Falcons	New Orleans Saints	0 	0.0 	0 	0.0 	1.2 	14 	0.1 	0.0 	0.0 	0.0 	0.0 	3.1 	WR87		Actual	Actual	Actual	Actual	Forecast	Forecast	Forecast	Forecast	Forecast	Forecast	Forecast	Forecast	Forecast	Forecast	Forecast	Forecast	Forecast		Healthy	Healthy	Healthy	Healthy	Healthy	Healthy	Healthy	Healthy	Healthy	Healthy	Healthy	Healthy	Healthy	Healthy	Healthy	Healthy	Healthy		Week 5 2026	10/8/2026	8:57:03 PM	20		7%	6%	0%	0%	0%	0%		(0.0)	0	0	0	0	0	(0.043715)
	Sean Tucker	Tampa Bay Buccaneers	RB	RB75	1.9 	24 	0 	0.0 	0.0 	0.0 	79 	6.1 	2.8 	0.2 	0.0 	0.0 	0 	0.0 	0.0 	0.0 	0.0 	0.2 	0.0 	0.062 	1.000 	0.069 	(1)	0.000 	0.000 	248 	243 	(5)	75 	67 	(8)	0.040 																0.0 	0.0 	0.0 	7.0 	1.1 	1.2 	1.6 	1.8 	1.4 	0.0 	1.4 	1.6 	1.4 	1.3 	1.6 	1.6 	1.4 		-	-	-	RB37	RB61	RB60	RB59	RB58	RB69	-	RB58	RB73	RB69	RB73	RB74	RB75	RB76		RB72	1.5 	0.0 	0.0 	5.8 	0.2 	0.0 	0.0 	0.0 	72 	0.063 	1.000 	0.108 	(1)	0.000 	0.000 	239 	0.058 		17 														RB73	7.0 	0.0 	0.0 	69.1 	1.8 	0.0 	0.0 	0.0 	73 	0.060 	1.000 	0.095 	(1)	0.000 	0.000 	#N/A	0.052 		7.0 																	Tampa Bay Buccaneers	Cincinnati Bengals	0 	0.0 	0 	0.0 	0.0 	0 	0.0 	0.0 	0.0 	0.0 	0.0 	0.0 	-		Tampa Bay Buccaneers	Cleveland Browns	0 	0.0 	0 	0.0 	0.0 	0 	0.0 	0.0 	0.0 	0.0 	0.0 	0.0 	-		Tampa Bay Buccaneers	Minnesota Vikings	0 	0.0 	0 	0.0 	0.0 	0 	0.0 	0.0 	0.0 	0.0 	0.0 	0.0 	-		Tampa Bay Buccaneers	Green Bay Packers	0 	0.0 	10 	1.0 	0.0 	0 	0.0 	0.0 	0.0 	0.0 	0.0 	7.0 	RB37		Tampa Bay Buccaneers	Dallas Cowboys	0 	0.0 	5 	0.1 	0.0 	0 	0.0 	0.0 	0.0 	0.0 	0.0 	1.1 	RB61		Tampa Bay Buccaneers	Pittsburgh Steelers	0 	0.0 	5 	0.1 	0.0 	0 	0.0 	0.0 	0.0 	0.0 	0.0 	1.2 	RB60		Tampa Bay Buccaneers	Carolina Panthers	0 	0.0 	6 	0.2 	0.0 	0 	0.0 	0.0 	0.0 	0.0 	0.0 	1.6 	RB59		Tampa Bay Buccaneers	Atlanta Falcons	0 	0.0 	7 	0.2 	0.0 	0 	0.0 	0.0 	0.0 	0.0 	0.0 	1.8 	RB58		Tampa Bay Buccaneers	Chicago Bears	0 	0.0 	6 	0.1 	0.0 	0 	0.0 	0.0 	0.0 	0.0 	0.0 	1.4 	RB69		Tampa Bay Buccaneers	BYE	0 	0.0 	0 	0.0 	0.0 	0 	0.0 	0.0 	0.0 	0.0 	0.0 	0.0 	-		Tampa Bay Buccaneers	Detroit Lions	0 	0.0 	6 	0.1 	0.0 	0 	0.0 	0.0 	0.0 	0.0 	0.0 	1.4 	RB58		Tampa Bay Buccaneers	Carolina Panthers	0 	0.0 	6 	0.2 	0.0 	0 	0.0 	0.0 	0.0 	0.0 	0.0 	1.6 	RB73		Tampa Bay Buccaneers	Los Angeles Chargers	0 	0.0 	6 	0.2 	0.0 	0 	0.0 	0.0 	0.0 	0.0 	0.0 	1.4 	RB69		Tampa Bay Buccaneers	Baltimore Ravens	0 	0.0 	5 	0.1 	0.0 	0 	0.0 	0.0 	0.0 	0.0 	0.0 	1.3 	RB73		Tampa Bay Buccaneers	New Orleans Saints	0 	0.0 	6 	0.2 	0.0 	0 	0.0 	0.0 	0.0 	0.0 	0.0 	1.6 	RB74		Tampa Bay Buccaneers	Atlanta Falcons	0 	0.0 	6 	0.2 	0.0 	0 	0.0 	0.0 	0.0 	0.0 	0.0 	1.6 	RB75		Tampa Bay Buccaneers	Los Angeles Rams	0 	0.0 	5 	0.1 	0.0 	0 	0.0 	0.0 	0.0 	0.0 	0.0 	1.4 	RB76		Actual	Actual	Actual	Actual	Forecast	Forecast	Forecast	Forecast	Forecast	Forecast	Forecast	Forecast	Forecast	Forecast	Forecast	Forecast	Forecast		Injured	Healthy	Healthy	Healthy	Healthy	Healthy	Healthy	Healthy	Healthy	Healthy	Healthy	Healthy	Healthy	Healthy	Healthy	Healthy	Healthy		Week 5 2026	10/8/2026	8:57:03 PM	20		0%	0%	5%	19%	0%	0%		0.0 	0	0	0	0	0	0.006257 
	Eli Stowers	Philadelphia Eagles	TE	TE44	0.5 	5 	0 	0.0 	0.0 	0.0 	0 	0.0 	0.0 	0.0 	2.6 	0.2 	23 	2.1 	0.0 	0.0 	0.0 	0.0 	0.0 	0.013 	0.560 	0.157 	(2)	0.000 	0.000 	235 	264 	29 	44 	30 	(14)	0.065 																0.0 	0.0 	0.0 	0.0 	0.0 	0.4 	0.5 	0.5 	0.5 	0.0 	0.4 	0.5 	0.4 	0.5 	0.4 	0.4 	0.5 		-	-	-	-	-	TE39	TE38	TE39	TE42	-	TE35	TE44	TE38	TE42	TE44	TE44	TE44		TE44	0.5 	0.0 	0.0 	0.0 	0.0 	0.2 	2.1 	0.0 	44 	0.018 	0.560 	0.157 	(2)	0.000 	0.000 	236 	0.065 		5 															0.0 	0.0 	0.0 	0.0 	0.0 	0.0 	0.0 	0.0 	#N/A	0.000 	0.560 	#N/A	(2)	0.000 	0.000 	#N/A	#N/A		0.0 																	Philadelphia Eagles	Washington Commanders	0 	0.0 	0 	0.0 	0.0 	0 	0.0 	0.0 	0.0 	0.0 	0.0 	0.0 	-		Philadelphia Eagles	Tennessee Titans	0 	0.0 	0 	0.0 	0.0 	0 	0.0 	0.0 	0.0 	0.0 	0.0 	0.0 	-		Philadelphia Eagles	Chicago Bears	0 	0.0 	0 	0.0 	0.0 	0 	0.0 	0.0 	0.0 	0.0 	0.0 	0.0 	-		Philadelphia Eagles	Los Angeles Rams	0 	0.0 	0 	0.0 	0.0 	0 	0.0 	0.0 	0.0 	0.0 	0.0 	0.0 	-		Philadelphia Eagles	Jacksonville Jaguars	0 	0.0 	0 	0.0 	0.0 	0 	0.0 	0.0 	0.0 	0.0 	0.0 	0.0 	-		Philadelphia Eagles	Carolina Panthers	0 	0.0 	0 	0.0 	0.2 	2 	0.0 	0.0 	0.0 	0.0 	0.0 	0.4 	TE39		Philadelphia Eagles	Dallas Cowboys	0 	0.0 	0 	0.0 	0.2 	2 	0.0 	0.0 	0.0 	0.0 	0.0 	0.5 	TE38		Philadelphia Eagles	Washington Commanders	0 	0.0 	0 	0.0 	0.2 	2 	0.0 	0.0 	0.0 	0.0 	0.0 	0.5 	TE39		Philadelphia Eagles	New York Giants	0 	0.0 	0 	0.0 	0.2 	2 	0.0 	0.0 	0.0 	0.0 	0.0 	0.5 	TE42		Philadelphia Eagles	BYE	0 	0.0 	0 	0.0 	0.0 	0 	0.0 	0.0 	0.0 	0.0 	0.0 	0.0 	-		Philadelphia Eagles	Pittsburgh Steelers	0 	0.0 	0 	0.0 	0.2 	2 	0.0 	0.0 	0.0 	0.0 	0.0 	0.4 	TE35		Philadelphia Eagles	Dallas Cowboys	0 	0.0 	0 	0.0 	0.2 	2 	0.0 	0.0 	0.0 	0.0 	0.0 	0.5 	TE44		Philadelphia Eagles	Arizona Cardinals	0 	0.0 	0 	0.0 	0.2 	2 	0.0 	0.0 	0.0 	0.0 	0.0 	0.4 	TE38		Philadelphia Eagles	Indianapolis Colts	0 	0.0 	0 	0.0 	0.2 	2 	0.0 	0.0 	0.0 	0.0 	0.0 	0.5 	TE42		Philadelphia Eagles	Seattle Seahawks	0 	0.0 	0 	0.0 	0.2 	2 	0.0 	0.0 	0.0 	0.0 	0.0 	0.4 	TE44		Philadelphia Eagles	Houston Texans	0 	0.0 	0 	0.0 	0.2 	2 	0.0 	0.0 	0.0 	0.0 	0.0 	0.4 	TE44		Philadelphia Eagles	San Francisco 49ers	0 	0.0 	0 	0.0 	0.2 	2 	0.0 	0.0 	0.0 	0.0 	0.0 	0.5 	TE44		Actual	Actual	Actual	Actual	Forecast	Forecast	Forecast	Forecast	Forecast	Forecast	Forecast	Forecast	Forecast	Forecast	Forecast	Forecast	Forecast		Injured	Injured	Injured	Injured	Injured	Healthy	Healthy	Healthy	Healthy	Healthy	Healthy	Healthy	Healthy	Healthy	Healthy	Healthy	Healthy		Week 5 2026	10/8/2026	8:57:03 PM	20		1%	0%	0%	0%	0%	0%		0.1 	1	1	1	1	0	
	Calvin Ridley	Tennessee Titans	WR	WR90	3.1 	43 	0 	0.0 	0.0 	0.0 	0 	0.0 	0.0 	0.0 	14.3 	1.0 	238 	17.0 	0.9 	0.1 	0.0 	0.0 	0.0 	0.109 	1.000 	0.100 	(1)	0.000 	0.000 	236 	193 	(43)	90 	63 	(27)	0.061 																0.0 	5.5 	0.0 	2.3 	2.7 	2.9 	2.9 	3.1 	0.0 	2.9 	3.0 	3.0 	3.0 	3.0 	3.0 	2.9 	2.9 		-	WR57	-	WR73	WR80	WR75	WR78	WR76	-	WR76	WR74	WR89	WR81	WR81	WR88	WR90	WR91		WR90	2.9 	0.0 	0.0 	0.0 	0.0 	0.9 	15.8 	0.1 	90 	0.127 	1.000 	0.100 	(1)	0.000 	0.000 	237 	0.064 		35 														WR119	3.9 	0.0 	0.0 	0.0 	0.0 	5.7 	95.0 	0.4 	119 	0.067 	1.000 	0.000 	(1)	0.000 	0.000 	#N/A	0.010 		7.8 																	Tennessee Titans	New York Jets	0 	0.0 	0 	0.0 	0.0 	0 	0.0 	0.0 	0.0 	0.0 	0.0 	0.0 	-		Tennessee Titans	Philadelphia Eagles	0 	0.0 	0 	0.0 	2.0 	35 	0.0 	0.0 	0.0 	0.0 	0.0 	5.5 	WR57		Tennessee Titans	New York Giants	0 	0.0 	0 	0.0 	0.0 	0 	0.0 	0.0 	0.0 	0.0 	0.0 	0.0 	-		Tennessee Titans	Baltimore Ravens	0 	0.0 	0 	0.0 	1.0 	13 	0.0 	0.0 	0.0 	0.0 	0.0 	2.3 	WR73		Tennessee Titans	Houston Texans	0 	0.0 	0 	0.0 	0.9 	15 	0.1 	0.0 	0.0 	0.0 	0.0 	2.7 	WR80		Tennessee Titans	Indianapolis Colts	0 	0.0 	0 	0.0 	0.9 	16 	0.1 	0.0 	0.0 	0.0 	0.0 	2.9 	WR75		Tennessee Titans	Cleveland Browns	0 	0.0 	0 	0.0 	0.9 	15 	0.1 	0.0 	0.0 	0.0 	0.0 	2.9 	WR78		Tennessee Titans	Cincinnati Bengals	0 	0.0 	0 	0.0 	1.0 	16 	0.1 	0.0 	0.0 	0.0 	0.0 	3.1 	WR76		Tennessee Titans	BYE	0 	0.0 	0 	0.0 	0.0 	0 	0.0 	0.0 	0.0 	0.0 	0.0 	0.0 	-		Tennessee Titans	Jacksonville Jaguars	0 	0.0 	0 	0.0 	0.9 	16 	0.1 	0.0 	0.0 	0.0 	0.0 	2.9 	WR76		Tennessee Titans	Dallas Cowboys	0 	0.0 	0 	0.0 	1.0 	16 	0.1 	0.0 	0.0 	0.0 	0.0 	3.0 	WR74		Tennessee Titans	Jacksonville Jaguars	0 	0.0 	0 	0.0 	1.0 	16 	0.1 	0.0 	0.0 	0.0 	0.0 	3.0 	WR89		Tennessee Titans	Washington Commanders	0 	0.0 	0 	0.0 	1.0 	16 	0.1 	0.0 	0.0 	0.0 	0.0 	3.0 	WR81		Tennessee Titans	Detroit Lions	0 	0.0 	0 	0.0 	1.0 	16 	0.1 	0.0 	0.0 	0.0 	0.0 	3.0 	WR81		Tennessee Titans	Indianapolis Colts	0 	0.0 	0 	0.0 	1.0 	16 	0.1 	0.0 	0.0 	0.0 	0.0 	3.0 	WR88		Tennessee Titans	Las Vegas Raiders	0 	0.0 	0 	0.0 	0.9 	15 	0.1 	0.0 	0.0 	0.0 	0.0 	2.9 	WR90		Tennessee Titans	Pittsburgh Steelers	0 	0.0 	0 	0.0 	0.9 	15 	0.1 	0.0 	0.0 	0.0 	0.0 	2.9 	WR91		Actual	Actual	Actual	Actual	Forecast	Forecast	Forecast	Forecast	Forecast	Forecast	Forecast	Forecast	Forecast	Forecast	Forecast	Forecast	Forecast		Healthy	Healthy	Healthy	Healthy	Healthy	Healthy	Healthy	Healthy	Healthy	Healthy	Healthy	Healthy	Healthy	Healthy	Healthy	Healthy	Healthy		Week 5 2026	10/8/2026	8:57:03 PM	20		7%	5%	0%	0%	0%	0%		0.1 	0	0	0	0	0	0.053959 
	Troy Franklin	Denver Broncos	WR	WR89	2.9 	43 	0 	0.0 	0.0 	0.0 	19 	1.3 	0.0 	0.0 	15.1 	1.0 	210 	14.0 	0.9 	0.1 	0.0 	0.0 	0.0 	0.109 	1.000 	0.110 	(1)	0.000 	0.000 	233 	292 	59 	89 	95 	6 	0.066 																0.5 	3.7 	3.1 	0.0 	3.0 	2.9 	3.1 	3.0 	3.0 	0.0 	3.0 	2.9 	3.0 	3.0 	3.0 	3.1 	2.9 		WR93	WR72	WR75	-	WR78	WR74	WR75	WR78	WR82	-	WR75	WR90	WR80	WR83	WR89	WR88	WR89		WR88	3.0 	0.0 	0.0 	1.2 	0.0 	1.1 	13.5 	0.1 	88 	0.129 	1.000 	0.120 	(1)	0.000 	0.000 	230 	0.073 		36 														WR120	2.4 	0.0 	0.0 	4.7 	0.0 	4.4 	54.0 	0.3 	120 	0.063 	1.000 	0.000 	(1)	0.000 	0.000 	#N/A	0.009 		7.3 																	Denver Broncos	Kansas City Chiefs	0 	0.0 	5 	0.0 	0.0 	0 	0.0 	0.0 	0.0 	0.0 	0.0 	0.5 	WR93		Denver Broncos	Jacksonville Jaguars	0 	0.0 	0 	0.0 	1.0 	27 	0.0 	0.0 	0.0 	0.0 	0.0 	3.7 	WR72		Denver Broncos	Los Angeles Rams	0 	0.0 	0 	0.0 	1.0 	21 	0.0 	0.0 	0.0 	0.0 	0.0 	3.1 	WR75		Denver Broncos	San Francisco 49ers	0 	0.0 	0 	0.0 	0.0 	0 	0.0 	0.0 	0.0 	0.0 	0.0 	0.0 	-		Denver Broncos	Los Angeles Chargers	0 	0.0 	1 	0.0 	1.1 	14 	0.1 	0.0 	0.0 	0.0 	0.0 	3.0 	WR78		Denver Broncos	Seattle Seahawks	0 	0.0 	1 	0.0 	1.1 	13 	0.1 	0.0 	0.0 	0.0 	0.0 	2.9 	WR74		Denver Broncos	Arizona Cardinals	0 	0.0 	1 	0.0 	1.1 	14 	0.1 	0.0 	0.0 	0.0 	0.0 	3.1 	WR75		Denver Broncos	Kansas City Chiefs	0 	0.0 	1 	0.0 	1.1 	14 	0.1 	0.0 	0.0 	0.0 	0.0 	3.0 	WR78		Denver Broncos	Carolina Panthers	0 	0.0 	1 	0.0 	1.1 	14 	0.1 	0.0 	0.0 	0.0 	0.0 	3.0 	WR82		Denver Broncos	BYE	0 	0.0 	0 	0.0 	0.0 	0 	0.0 	0.0 	0.0 	0.0 	0.0 	0.0 	-		Denver Broncos	Las Vegas Raiders	0 	0.0 	1 	0.0 	1.1 	13 	0.1 	0.0 	0.0 	0.0 	0.0 	3.0 	WR75		Denver Broncos	Pittsburgh Steelers	0 	0.0 	1 	0.0 	1.1 	13 	0.1 	0.0 	0.0 	0.0 	0.0 	2.9 	WR90		Denver Broncos	Miami Dolphins	0 	0.0 	1 	0.0 	1.1 	13 	0.1 	0.0 	0.0 	0.0 	0.0 	3.0 	WR80		Denver Broncos	New York Jets	0 	0.0 	1 	0.0 	1.1 	13 	0.1 	0.0 	0.0 	0.0 	0.0 	3.0 	WR83		Denver Broncos	Las Vegas Raiders	0 	0.0 	1 	0.0 	1.1 	13 	0.1 	0.0 	0.0 	0.0 	0.0 	3.0 	WR89		Denver Broncos	Buffalo Bills	0 	0.0 	1 	0.0 	1.1 	14 	0.1 	0.0 	0.0 	0.0 	0.0 	3.1 	WR88		Denver Broncos	New England Patriots	0 	0.0 	1 	0.0 	1.1 	13 	0.1 	0.0 	0.0 	0.0 	0.0 	2.9 	WR89		Actual	Actual	Actual	Actual	Forecast	Forecast	Forecast	Forecast	Forecast	Forecast	Forecast	Forecast	Forecast	Forecast	Forecast	Forecast	Forecast		Healthy	Healthy	Healthy	Healthy	Healthy	Healthy	Healthy	Healthy	Healthy	Healthy	Healthy	Healthy	Healthy	Healthy	Healthy	Healthy	Healthy		Week 5 2026	10/8/2026	8:57:03 PM	20		6%	5%	1%	0%	0%	0%		0.1 	0	0	0	0	0	0.063939 
	Jake Tonges	San Francisco 49ers	TE	TE45	0.0 	0 	0 	0.0 	0.0 	0.0 	0 	0.0 	0.0 	0.0 	0.0 	0.0 	0 	0.0 	0.0 	0.0 	0.0 	0.0 	0.0 	0.000 	0.560 	0.147 	(2)	0.000 	0.000 	237 	307 	70 	45 	35 	(10)	0.059 																0.0 	0.0 	0.0 	0.0 	0.0 	0.0 	0.0 	0.0 	0.0 	0.0 	0.0 	0.0 	0.0 	0.0 	0.0 	0.0 	0.0 		-	-	-	-	-	-	-	-	-	-	-	-	-	-	-	-	-		TE45	0.0 	0.0 	0.0 	0.0 	0.0 	0.0 	0.0 	0.0 	45 	0.000 	0.560 	0.147 	(2)	0.000 	0.000 	238 	0.059 		0 														-	0.0 	0.0 	0.0 	0.0 	0.0 	0.0 	0.0 	0.0 	#N/A	0.000 	0.560 	#N/A	(2)	0.000 	0.000 	#N/A	#N/A		0.0 																	San Francisco 49ers	Los Angeles Rams	0 	0.0 	0 	0.0 	0.0 	0 	0.0 	0.0 	0.0 	0.0 	0.0 	0.0 	-		San Francisco 49ers	Miami Dolphins	0 	0.0 	0 	0.0 	0.0 	0 	0.0 	0.0 	0.0 	0.0 	0.0 	0.0 	-		San Francisco 49ers	Arizona Cardinals	0 	0.0 	0 	0.0 	0.0 	0 	0.0 	0.0 	0.0 	0.0 	0.0 	0.0 	-		San Francisco 49ers	Denver Broncos	0 	0.0 	0 	0.0 	0.0 	0 	0.0 	0.0 	0.0 	0.0 	0.0 	0.0 	-		San Francisco 49ers	Seattle Seahawks	0 	0.0 	0 	0.0 	0.0 	0 	0.0 	0.0 	0.0 	0.0 	0.0 	0.0 	-		San Francisco 49ers	Washington Commanders	0 	0.0 	0 	0.0 	0.0 	0 	0.0 	0.0 	0.0 	0.0 	0.0 	0.0 	-		San Francisco 49ers	Atlanta Falcons	0 	0.0 	0 	0.0 	0.0 	0 	0.0 	0.0 	0.0 	0.0 	0.0 	0.0 	-		San Francisco 49ers	BYE	0 	0.0 	0 	0.0 	0.0 	0 	0.0 	0.0 	0.0 	0.0 	0.0 	0.0 	-		San Francisco 49ers	Las Vegas Raiders	0 	0.0 	0 	0.0 	0.0 	0 	0.0 	0.0 	0.0 	0.0 	0.0 	0.0 	-		San Francisco 49ers	Dallas Cowboys	0 	0.0 	0 	0.0 	0.0 	0 	0.0 	0.0 	0.0 	0.0 	0.0 	0.0 	-		San Francisco 49ers	Minnesota Vikings	0 	0.0 	0 	0.0 	0.0 	0 	0.0 	0.0 	0.0 	0.0 	0.0 	0.0 	-		San Francisco 49ers	Seattle Seahawks	0 	0.0 	0 	0.0 	0.0 	0 	0.0 	0.0 	0.0 	0.0 	0.0 	0.0 	-		San Francisco 49ers	New York Giants	0 	0.0 	0 	0.0 	0.0 	0 	0.0 	0.0 	0.0 	0.0 	0.0 	0.0 	-		San Francisco 49ers	Los Angeles Rams	0 	0.0 	0 	0.0 	0.0 	0 	0.0 	0.0 	0.0 	0.0 	0.0 	0.0 	-		San Francisco 49ers	Los Angeles Chargers	0 	0.0 	0 	0.0 	0.0 	0 	0.0 	0.0 	0.0 	0.0 	0.0 	0.0 	-		San Francisco 49ers	Kansas City Chiefs	0 	0.0 	0 	0.0 	0.0 	0 	0.0 	0.0 	0.0 	0.0 	0.0 	0.0 	-		San Francisco 49ers	Philadelphia Eagles	0 	0.0 	0 	0.0 	0.0 	0 	0.0 	0.0 	0.0 	0.0 	0.0 	0.0 	-		Actual	Actual	Actual	Actual	Forecast	Forecast	Forecast	Forecast	Forecast	Forecast	Forecast	Forecast	Forecast	Forecast	Forecast	Forecast	Forecast		Limited / Handicapped	Injured	Injured	Injured	Injured	Injured	Injured	Injured	Injured	Injured	Injured	Injured	Injured	Injured	Injured	Injured	Injured		Week 5 2026	10/8/2026	8:57:03 PM	20		0%	0%	0%	0%	0%	0%		0.1 	1	1	1	1	1	
	Kaytron Allen	Washington Commanders	RB	RB73	1.7 	25 	0 	0.0 	0.0 	0.0 	151 	10.1 	0.6 	0.0 	3.7 	0.2 	26 	1.7 	0.2 	0.0 	0.0 	0.3 	0.0 	0.064 	1.000 	0.095 	(1)	0.000 	0.000 	242 	247 	5 	73 	68 	(5)	0.053 																1.6 	2.4 	0.0 	0.1 	1.8 	1.6 	0.0 	1.7 	1.7 	1.8 	1.9 	2.0 	1.8 	1.7 	1.9 	1.7 	1.7 		RB58	RB57	-	RB62	RB57	RB58	-	RB59	RB67	RB62	RB55	RB71	RB66	RB70	RB73	RB73	RB73		RB71	1.8 	0.0 	0.0 	9.2 	0.0 	0.3 	2.1 	0.0 	71 	0.076 	1.000 	0.121 	(1)	0.000 	0.000 	234 	0.066 		21 														RB80	1.4 	0.0 	0.0 	36.7 	0.2 	1.2 	8.6 	0.1 	80 	0.035 	1.000 	0.004 	(1)	0.000 	0.000 	#N/A	0.007 		4.1 																	Washington Commanders	Philadelphia Eagles	0 	0.0 	16 	0.0 	0.0 	0 	0.0 	0.0 	0.0 	0.0 	0.0 	1.6 	RB58		Washington Commanders	Dallas Cowboys	0 	0.0 	24 	0.0 	0.0 	0 	0.0 	0.0 	0.0 	0.0 	0.0 	2.4 	RB57		Washington Commanders	Seattle Seahawks	0 	0.0 	0 	0.0 	0.0 	0 	0.0 	0.0 	0.0 	0.0 	0.0 	0.0 	-		Washington Commanders	Indianapolis Colts	0 	0.0 	1 	0.0 	0.0 	0 	0.0 	0.0 	0.0 	0.0 	0.0 	0.1 	RB62		Washington Commanders	New York Giants	0 	0.0 	10 	0.1 	0.3 	2 	0.0 	0.0 	0.0 	0.0 	0.0 	1.8 	RB57		Washington Commanders	San Francisco 49ers	0 	0.0 	8 	0.0 	0.3 	2 	0.0 	0.0 	0.0 	0.0 	0.0 	1.6 	RB58		Washington Commanders	BYE	0 	0.0 	0 	0.0 	0.0 	0 	0.0 	0.0 	0.0 	0.0 	0.0 	0.0 	-		Washington Commanders	Philadelphia Eagles	0 	0.0 	9 	0.0 	0.3 	2 	0.0 	0.0 	0.0 	0.0 	0.0 	1.7 	RB59		Washington Commanders	Los Angeles Rams	0 	0.0 	8 	0.0 	0.3 	2 	0.0 	0.0 	0.0 	0.0 	0.0 	1.7 	RB67		Washington Commanders	New York Giants	0 	0.0 	9 	0.0 	0.3 	2 	0.0 	0.0 	0.0 	0.0 	0.0 	1.8 	RB62		Washington Commanders	Cincinnati Bengals	0 	0.0 	10 	0.1 	0.3 	2 	0.0 	0.0 	0.0 	0.0 	0.0 	1.9 	RB55		Washington Commanders	Arizona Cardinals	0 	0.0 	10 	0.1 	0.3 	2 	0.0 	0.0 	0.0 	0.0 	0.0 	2.0 	RB71		Washington Commanders	Tennessee Titans	0 	0.0 	10 	0.1 	0.3 	2 	0.0 	0.0 	0.0 	0.0 	0.0 	1.8 	RB66		Washington Commanders	Houston Texans	0 	0.0 	9 	0.0 	0.3 	2 	0.0 	0.0 	0.0 	0.0 	0.0 	1.7 	RB70		Washington Commanders	Atlanta Falcons	0 	0.0 	10 	0.1 	0.3 	2 	0.0 	0.0 	0.0 	0.0 	0.0 	1.9 	RB73		Washington Commanders	Minnesota Vikings	0 	0.0 	9 	0.0 	0.3 	2 	0.0 	0.0 	0.0 	0.0 	0.0 	1.7 	RB73		Washington Commanders	Jacksonville Jaguars	0 	0.0 	9 	0.0 	0.3 	2 	0.0 	0.0 	0.0 	0.0 	0.0 	1.7 	RB73		Actual	Actual	Actual	Actual	Forecast	Forecast	Forecast	Forecast	Forecast	Forecast	Forecast	Forecast	Forecast	Forecast	Forecast	Forecast	Forecast		Healthy	Healthy	Healthy	Healthy	Healthy	Healthy	Healthy	Healthy	Healthy	Healthy	Healthy	Healthy	Healthy	Healthy	Healthy	Healthy	Healthy		Week 5 2026	10/8/2026	8:57:03 PM	20		1%	1%	7%	5%	0%	0%		0.1 	0	0	0	0	0	0.058982 
	Jerry Jeudy	Cleveland Browns	WR	WR91	3.0 	42 	0 	0.0 	0.0 	0.0 	0 	0.0 	0.0 	0.0 	15.8 	1.1 	196 	14.0 	1.2 	0.1 	0.0 	0.0 	0.0 	0.107 	1.000 	0.090 	(1)	0.000 	0.000 	239 	180 	(59)	91 	62 	(29)	0.057 				-	-		-	-		-	-		-	-		4.6 	0.0 	0.0 	6.6 	2.5 	2.6 	2.6 	2.5 	2.6 	2.5 	0.0 	2.6 	2.7 	2.6 	2.6 	2.6 	2.7 		WR70	-	-	WR55	WR81	WR78	WR79	WR80	WR84	WR79	-	WR92	WR82	WR86	WR92	WR92	WR92		WR91	2.6 	0.0 	0.0 	0.0 	0.0 	0.9 	11.2 	0.1 	91 	0.111 	1.000 	0.090 	(1)	0.000 	0.000 	240 	0.057 		31 														WR106	5.6 	0.0 	0.0 	0.0 	0.0 	5.4 	67.2 	0.6 	106 	0.096 	1.000 	0.000 	(1)	0.000 	0.000 	#N/A	0.014 		11.2 																	Cleveland Browns	Jacksonville Jaguars	0 	0.0 	0 	0.0 	2.0 	26 	0.0 	0.0 	0.0 	0.0 	0.0 	4.6 	WR70		Cleveland Browns	Tampa Bay Buccaneers	0 	0.0 	0 	0.0 	0.0 	0 	0.0 	0.0 	0.0 	0.0 	0.0 	0.0 	-		Cleveland Browns	Carolina Panthers	0 	0.0 	0 	0.0 	0.0 	0 	0.0 	0.0 	0.0 	0.0 	0.0 	0.0 	-		Cleveland Browns	Pittsburgh Steelers	0 	0.0 	0 	0.0 	3.0 	36 	0.0 	0.0 	0.0 	0.0 	0.0 	6.6 	WR55		Cleveland Browns	New York Jets	0 	0.0 	0 	0.0 	0.9 	11 	0.1 	0.0 	0.0 	0.0 	0.0 	2.5 	WR81		Cleveland Browns	Baltimore Ravens	0 	0.0 	0 	0.0 	0.9 	11 	0.1 	0.0 	0.0 	0.0 	0.0 	2.6 	WR78		Cleveland Browns	Tennessee Titans	0 	0.0 	0 	0.0 	0.9 	11 	0.1 	0.0 	0.0 	0.0 	0.0 	2.6 	WR79		Cleveland Browns	Pittsburgh Steelers	0 	0.0 	0 	0.0 	0.9 	11 	0.1 	0.0 	0.0 	0.0 	0.0 	2.5 	WR80		Cleveland Browns	New Orleans Saints	0 	0.0 	0 	0.0 	0.9 	11 	0.1 	0.0 	0.0 	0.0 	0.0 	2.6 	WR84		Cleveland Browns	Houston Texans	0 	0.0 	0 	0.0 	0.9 	11 	0.1 	0.0 	0.0 	0.0 	0.0 	2.5 	WR79		Cleveland Browns	BYE	0 	0.0 	0 	0.0 	0.0 	0 	0.0 	0.0 	0.0 	0.0 	0.0 	0.0 	-		Cleveland Browns	Las Vegas Raiders	0 	0.0 	0 	0.0 	0.9 	11 	0.1 	0.0 	0.0 	0.0 	0.0 	2.6 	WR92		Cleveland Browns	Cincinnati Bengals	0 	0.0 	0 	0.0 	0.9 	12 	0.1 	0.0 	0.0 	0.0 	0.0 	2.7 	WR82		Cleveland Browns	Atlanta Falcons	0 	0.0 	0 	0.0 	0.9 	11 	0.1 	0.0 	0.0 	0.0 	0.0 	2.6 	WR86		Cleveland Browns	New York Giants	0 	0.0 	0 	0.0 	0.9 	11 	0.1 	0.0 	0.0 	0.0 	0.0 	2.6 	WR92		Cleveland Browns	Baltimore Ravens	0 	0.0 	0 	0.0 	0.9 	11 	0.1 	0.0 	0.0 	0.0 	0.0 	2.6 	WR92		Cleveland Browns	Indianapolis Colts	0 	0.0 	0 	0.0 	0.9 	11 	0.1 	0.0 	0.0 	0.0 	0.0 	2.7 	WR92		Actual	Actual	Actual	Actual	Forecast	Forecast	Forecast	Forecast	Forecast	Forecast	Forecast	Forecast	Forecast	Forecast	Forecast	Forecast	Forecast		Healthy	Healthy	Healthy	Healthy	Healthy	Healthy	Healthy	Healthy	Healthy	Healthy	Healthy	Healthy	Healthy	Healthy	Healthy	Healthy	Healthy		Week 5 2026	10/8/2026	8:57:03 PM	20		5%	7%	0%	0%	0%	0%		0.0 	0	0	0	0	0	0.042824 
	Jaxson Dart	New York Giants	QB	QB32	13.7 	27 	250 	125.0 	3.0 	1.5 	54 	27.0 	0.0 	0.0 	0.0 	0.0 	0 	0.0 	0.0 	0.0 	0.0 	0.0 	0.0 	0.069 	0.460 	0.009 	0 	0.104 	0.000 	240 	97 	(143)	37 	11 	(26)	0.054 				-	-		-	-		-	-		-	-		26.6 	0.8 	0.0 	0.0 	0.0 	0.0 	0.0 	0.0 	0.0 	0.0 	0.0 	0.0 	0.0 	0.0 	0.0 	0.0 	0.0 		QB4	QB35	-	-	-	-	-	-	-	-	-	-	-	-	-	-	-		QB38	0.0 	0.0 	0.0 	0.0 	0.0 	0.0 	0.0 	0.0 	44 	0.000 	0.460 	0.000 	(2)	0.000 	0.000 	270 	0.000 		0 														QB32	13.7 	0.0 	0.0 	0.0 	0.0 	0.0 	0.0 	0.0 	32 	0.235 	0.460 	0.085 	(1)	0.000 	0.000 	#N/A	0.045 		27.4 																	New York Giants	Dallas Cowboys	230 	3.0 	54 	0.0 	0.0 	0 	0.0 	0.0 	0.0 	0.0 	0.0 	26.6 	QB4		New York Giants	Los Angeles Rams	20 	0.0 	0 	0.0 	0.0 	0 	0.0 	0.0 	0.0 	0.0 	0.0 	0.8 	QB35		New York Giants	Tennessee Titans	0 	0.0 	0 	0.0 	0.0 	0 	0.0 	0.0 	0.0 	0.0 	0.0 	0.0 	-		New York Giants	Arizona Cardinals	0 	0.0 	0 	0.0 	0.0 	0 	0.0 	0.0 	0.0 	0.0 	0.0 	0.0 	-		New York Giants	Washington Commanders	0 	0.0 	0 	0.0 	0.0 	0 	0.0 	0.0 	0.0 	0.0 	0.0 	0.0 	-		New York Giants	New Orleans Saints	0 	0.0 	0 	0.0 	0.0 	0 	0.0 	0.0 	0.0 	0.0 	0.0 	0.0 	-		New York Giants	Houston Texans	0 	0.0 	0 	0.0 	0.0 	0 	0.0 	0.0 	0.0 	0.0 	0.0 	0.0 	-		New York Giants	BYE	0 	0.0 	0 	0.0 	0.0 	0 	0.0 	0.0 	0.0 	0.0 	0.0 	0.0 	-		New York Giants	Philadelphia Eagles	0 	0.0 	0 	0.0 	0.0 	0 	0.0 	0.0 	0.0 	0.0 	0.0 	0.0 	-		New York Giants	Washington Commanders	0 	0.0 	0 	0.0 	0.0 	0 	0.0 	0.0 	0.0 	0.0 	0.0 	0.0 	-		New York Giants	Jacksonville Jaguars	0 	0.0 	0 	0.0 	0.0 	0 	0.0 	0.0 	0.0 	0.0 	0.0 	0.0 	-		New York Giants	Indianapolis Colts	0 	0.0 	0 	0.0 	0.0 	0 	0.0 	0.0 	0.0 	0.0 	0.0 	0.0 	-		New York Giants	San Francisco 49ers	0 	0.0 	0 	0.0 	0.0 	0 	0.0 	0.0 	0.0 	0.0 	0.0 	0.0 	-		New York Giants	Seattle Seahawks	0 	0.0 	0 	0.0 	0.0 	0 	0.0 	0.0 	0.0 	0.0 	0.0 	0.0 	-		New York Giants	Cleveland Browns	0 	0.0 	0 	0.0 	0.0 	0 	0.0 	0.0 	0.0 	0.0 	0.0 	0.0 	-		New York Giants	Detroit Lions	0 	0.0 	0 	0.0 	0.0 	0 	0.0 	0.0 	0.0 	0.0 	0.0 	0.0 	-		New York Giants	Dallas Cowboys	0 	0.0 	0 	0.0 	0.0 	0 	0.0 	0.0 	0.0 	0.0 	0.0 	0.0 	-		Actual	Actual	Actual	Actual	Forecast	Forecast	Forecast	Forecast	Forecast	Forecast	Forecast	Forecast	Forecast	Forecast	Forecast	Forecast	Forecast		Healthy	Healthy	Injured	Injured	Injured	Injured	Injured	Injured	Injured	Injured	Injured	Injured	Injured	Injured	Injured	Injured	Injured		Week 5 2026	10/8/2026	8:57:03 PM	20		0%	0%	0%	0%	0%	0%		(0.0)	0	1	1	1	1	
	Jameis Winston	New York Giants	QB	QB33	12.3 	184 	2,946 	196.4 	19.4 	1.3 	92 	6.1 	0.4 	0.0 	0.0 	0.0 	0 	0.0 	0.0 	0.0 	10.6 	0.9 	0.0 	0.467 	0.460 	0.100 	(0)	0.000 	0.000 	241 	315 	74 	31 	36 	5 	0.053 																0.0 	2.8 	6.1 	18.0 	12.6 	13.1 	12.5 	0.0 	12.7 	13.8 	13.3 	13.3 	13.2 	12.7 	12.7 	13.6 	13.6 		-	QB32	QB31	QB12	QB29	QB25	QB27	-	QB29	QB26	QB23	QB30	QB27	QB29	QB31	QB29	QB30		QB31	13.1 	205.6 	1.4 	6.4 	0.0 	0.0 	0.0 	0.0 	31 	0.564 	0.460 	0.100 	0 	0.162 	0.000 	205 	0.129 		157 														QB34	9.0 	822.3 	5.5 	25.6 	0.1 	0.0 	0.0 	0.0 	34 	0.231 	0.460 	0.055 	(1)	0.000 	0.000 	#N/A	0.029 		27.0 																	New York Giants	Dallas Cowboys	0 	0.0 	0 	0.0 	0.0 	0 	0.0 	0.0 	0.0 	0.0 	0.0 	0.0 	-		New York Giants	Los Angeles Rams	111 	0.0 	1 	0.0 	0.0 	0 	0.0 	0.8 	0.0 	0.0 	0.0 	2.8 	QB32		New York Giants	Tennessee Titans	118 	0.0 	14 	0.0 	0.0 	0 	0.0 	0.0 	0.0 	0.0 	0.0 	6.1 	QB31		New York Giants	Arizona Cardinals	250 	3.0 	0 	0.0 	0.0 	0 	0.0 	2.0 	0.0 	0.0 	0.0 	18.0 	QB12		New York Giants	Washington Commanders	202 	1.3 	6 	0.0 	0.0 	0 	0.0 	0.6 	0.1 	0.0 	0.0 	12.6 	QB29		New York Giants	New Orleans Saints	204 	1.4 	7 	0.0 	0.0 	0 	0.0 	0.6 	0.1 	0.0 	0.0 	13.1 	QB25		New York Giants	Houston Texans	204 	1.3 	6 	0.0 	0.0 	0 	0.0 	0.6 	0.1 	0.0 	0.0 	12.5 	QB27		New York Giants	BYE	0 	0.0 	0 	0.0 	0.0 	0 	0.0 	0.0 	0.0 	0.0 	0.0 	0.0 	-		New York Giants	Philadelphia Eagles	205 	1.3 	6 	0.0 	0.0 	0 	0.0 	0.6 	0.1 	0.0 	0.0 	12.7 	QB29		New York Giants	Washington Commanders	208 	1.5 	7 	0.0 	0.0 	0 	0.0 	0.6 	0.1 	0.0 	0.0 	13.8 	QB26		New York Giants	Jacksonville Jaguars	206 	1.4 	7 	0.0 	0.0 	0 	0.0 	0.6 	0.1 	0.0 	0.0 	13.3 	QB23		New York Giants	Indianapolis Colts	206 	1.4 	7 	0.0 	0.0 	0 	0.0 	0.6 	0.1 	0.0 	0.0 	13.3 	QB30		New York Giants	San Francisco 49ers	205 	1.4 	7 	0.0 	0.0 	0 	0.0 	0.6 	0.1 	0.0 	0.0 	13.2 	QB27		New York Giants	Seattle Seahawks	208 	1.3 	6 	0.0 	0.0 	0 	0.0 	0.6 	0.1 	0.0 	0.0 	12.7 	QB29		New York Giants	Cleveland Browns	196 	1.3 	7 	0.0 	0.0 	0 	0.0 	0.6 	0.1 	0.0 	0.0 	12.7 	QB31		New York Giants	Detroit Lions	211 	1.4 	6 	0.0 	0.0 	0 	0.0 	0.6 	0.1 	0.0 	0.0 	13.6 	QB29		New York Giants	Dallas Cowboys	211 	1.4 	6 	0.0 	0.0 	0 	0.0 	0.6 	0.1 	0.0 	0.0 	13.6 	QB30		Actual	Actual	Actual	Actual	Forecast	Forecast	Forecast	Forecast	Forecast	Forecast	Forecast	Forecast	Forecast	Forecast	Forecast	Forecast	Forecast		Healthy	Healthy	Healthy	Healthy	Healthy	Healthy	Healthy	Healthy	Healthy	Healthy	Healthy	Healthy	Healthy	Healthy	Healthy	Healthy	Healthy		Week 5 2026	10/8/2026	8:57:03 PM	20		0%	0%	5%	4%	99%	99%		0.1 	0	0	0	0	0	0.099787 
	Demond Claiborne	Minnesota Vikings	RB	RB72	1.7 	26 	0 	0.0 	0.0 	0.0 	125 	8.3 	0.9 	0.1 	4.8 	0.3 	28 	1.9 	0.2 	0.0 	0.0 	0.3 	0.0 	0.066 	1.000 	0.108 	(1)	0.000 	0.000 	238 	310 	72 	72 	80 	8 	0.059 																0.0 	1.2 	0.1 	1.2 	1.6 	0.0 	2.1 	1.9 	2.0 	1.8 	1.9 	2.2 	2.1 	1.8 	2.0 	2.1 	2.0 		-	RB61	RB63	RB58	RB58	-	RB57	RB57	RB65	RB61	RB54	RB70	RB64	RB69	RB72	RB71	RB71		RB70	2.0 	0.0 	0.0 	9.3 	0.1 	0.3 	2.2 	0.0 	70 	0.084 	1.000 	0.134 	(1)	0.000 	0.000 	231 	0.073 		23 														RB87	0.8 	0.0 	0.0 	37.3 	0.3 	1.3 	8.8 	0.1 	87 	0.021 	1.000 	0.000 	(1)	0.000 	0.000 	#N/A	0.003 		2.5 																	Minnesota Vikings	Green Bay Packers	0 	0.0 	0 	0.0 	0.0 	0 	0.0 	0.0 	0.0 	0.0 	0.0 	0.0 	-		Minnesota Vikings	Chicago Bears	0 	0.0 	0 	0.0 	1.0 	2 	0.0 	0.0 	0.0 	0.0 	0.0 	1.2 	RB61		Minnesota Vikings	Tampa Bay Buccaneers	0 	0.0 	1 	0.0 	0.0 	0 	0.0 	0.0 	0.0 	0.0 	0.0 	0.1 	RB63		Minnesota Vikings	Miami Dolphins	0 	0.0 	12 	0.0 	0.0 	0 	0.0 	0.0 	0.0 	0.0 	0.0 	1.2 	RB58		Minnesota Vikings	New Orleans Saints	0 	0.0 	6 	0.1 	0.3 	2 	0.0 	0.0 	0.0 	0.0 	0.0 	1.6 	RB58		Minnesota Vikings	BYE	0 	0.0 	0 	0.0 	0.0 	0 	0.0 	0.0 	0.0 	0.0 	0.0 	0.0 	-		Minnesota Vikings	Indianapolis Colts	0 	0.0 	10 	0.1 	0.3 	2 	0.0 	0.0 	0.0 	0.0 	0.0 	2.1 	RB57		Minnesota Vikings	Detroit Lions	0 	0.0 	9 	0.1 	0.3 	2 	0.0 	0.0 	0.0 	0.0 	0.0 	1.9 	RB57		Minnesota Vikings	Buffalo Bills	0 	0.0 	10 	0.1 	0.3 	2 	0.0 	0.0 	0.0 	0.0 	0.0 	2.0 	RB65		Minnesota Vikings	Green Bay Packers	0 	0.0 	9 	0.1 	0.3 	2 	0.0 	0.0 	0.0 	0.0 	0.0 	1.8 	RB61		Minnesota Vikings	San Francisco 49ers	0 	0.0 	9 	0.1 	0.3 	2 	0.0 	0.0 	0.0 	0.0 	0.0 	1.9 	RB54		Minnesota Vikings	Atlanta Falcons	0 	0.0 	11 	0.1 	0.3 	2 	0.0 	0.0 	0.0 	0.0 	0.0 	2.2 	RB70		Minnesota Vikings	Carolina Panthers	0 	0.0 	10 	0.1 	0.3 	2 	0.0 	0.0 	0.0 	0.0 	0.0 	2.1 	RB64		Minnesota Vikings	New England Patriots	0 	0.0 	9 	0.1 	0.3 	2 	0.0 	0.0 	0.0 	0.0 	0.0 	1.8 	RB69		Minnesota Vikings	Detroit Lions	0 	0.0 	10 	0.1 	0.3 	2 	0.0 	0.0 	0.0 	0.0 	0.0 	2.0 	RB72		Minnesota Vikings	Washington Commanders	0 	0.0 	10 	0.1 	0.3 	2 	0.0 	0.0 	0.0 	0.0 	0.0 	2.1 	RB71		Minnesota Vikings	New York Jets	0 	0.0 	10 	0.1 	0.3 	2 	0.0 	0.0 	0.0 	0.0 	0.0 	2.0 	RB71		Actual	Actual	Actual	Actual	Forecast	Forecast	Forecast	Forecast	Forecast	Forecast	Forecast	Forecast	Forecast	Forecast	Forecast	Forecast	Forecast		Healthy	Healthy	Healthy	Healthy	Healthy	Healthy	Healthy	Healthy	Healthy	Healthy	Healthy	Healthy	Healthy	Healthy	Healthy	Healthy	Healthy		Week 5 2026	10/8/2026	8:57:03 PM	20		1%	1%	8%	9%	0%	0%		0.1 	0	0	0	0	0	0.069818 
	Demarcus Robinson	San Francisco 49ers	WR	WR92	3.4 	38 	0 	0.0 	0.0 	0.0 	0 	0.0 	0.0 	0.0 	11.3 	1.0 	167 	15.2 	1.6 	0.1 	0.0 	0.0 	0.0 	0.095 	1.000 	0.080 	(1)	0.000 	0.000 	243 	406 	163 	92 	125 	33 	0.050 				-	-		-	-		-	-		-	-		13.0 	6.4 	0.0 	0.0 	0.0 	0.0 	0.0 	0.0 	2.0 	2.1 	2.1 	2.0 	2.1 	2.0 	2.0 	2.0 	2.0 		WR25	WR53	-	-	-	-	-	-	WR89	WR83	WR80	WR97	WR87	WR92	WR98	WR98	WR98		WR99	2.0 	0.0 	0.0 	0.0 	0.0 	0.7 	9.2 	0.1 	99 	0.065 	1.000 	0.010 	(1)	0.000 	0.000 	257 	0.014 		18 														WR85	9.7 	0.0 	0.0 	0.0 	0.0 	3.2 	41.5 	0.3 	85 	0.166 	1.000 	0.150 	(1)	0.000 	0.000 	#N/A	0.092 		19.4 																	San Francisco 49ers	Los Angeles Rams	0 	0.0 	0 	0.0 	2.0 	50 	1.0 	0.0 	0.0 	0.0 	0.0 	13.0 	WR25		San Francisco 49ers	Miami Dolphins	0 	0.0 	0 	0.0 	3.0 	34 	0.0 	0.0 	0.0 	0.0 	0.0 	6.4 	WR53		San Francisco 49ers	Arizona Cardinals	0 	0.0 	0 	0.0 	0.0 	0 	0.0 	0.0 	0.0 	0.0 	0.0 	0.0 	-		San Francisco 49ers	Denver Broncos	0 	0.0 	0 	0.0 	0.0 	0 	0.0 	0.0 	0.0 	0.0 	0.0 	0.0 	-		San Francisco 49ers	Seattle Seahawks	0 	0.0 	0 	0.0 	0.0 	0 	0.0 	0.0 	0.0 	0.0 	0.0 	0.0 	-		San Francisco 49ers	Washington Commanders	0 	0.0 	0 	0.0 	0.0 	0 	0.0 	0.0 	0.0 	0.0 	0.0 	0.0 	-		San Francisco 49ers	Atlanta Falcons	0 	0.0 	0 	0.0 	0.0 	0 	0.0 	0.0 	0.0 	0.0 	0.0 	0.0 	-		San Francisco 49ers	BYE	0 	0.0 	0 	0.0 	0.0 	0 	0.0 	0.0 	0.0 	0.0 	0.0 	0.0 	-		San Francisco 49ers	Las Vegas Raiders	0 	0.0 	0 	0.0 	0.7 	9 	0.1 	0.0 	0.0 	0.0 	0.0 	2.0 	WR89		San Francisco 49ers	Dallas Cowboys	0 	0.0 	0 	0.0 	0.7 	10 	0.1 	0.0 	0.0 	0.0 	0.0 	2.1 	WR83		San Francisco 49ers	Minnesota Vikings	0 	0.0 	0 	0.0 	0.7 	9 	0.1 	0.0 	0.0 	0.0 	0.0 	2.1 	WR80		San Francisco 49ers	Seattle Seahawks	0 	0.0 	0 	0.0 	0.7 	9 	0.1 	0.0 	0.0 	0.0 	0.0 	2.0 	WR97		San Francisco 49ers	New York Giants	0 	0.0 	0 	0.0 	0.7 	9 	0.1 	0.0 	0.0 	0.0 	0.0 	2.1 	WR87		San Francisco 49ers	Los Angeles Rams	0 	0.0 	0 	0.0 	0.7 	9 	0.1 	0.0 	0.0 	0.0 	0.0 	2.0 	WR92		San Francisco 49ers	Los Angeles Chargers	0 	0.0 	0 	0.0 	0.7 	9 	0.1 	0.0 	0.0 	0.0 	0.0 	2.0 	WR98		San Francisco 49ers	Kansas City Chiefs	0 	0.0 	0 	0.0 	0.7 	9 	0.1 	0.0 	0.0 	0.0 	0.0 	2.0 	WR98		San Francisco 49ers	Philadelphia Eagles	0 	0.0 	0 	0.0 	0.7 	9 	0.1 	0.0 	0.0 	0.0 	0.0 	2.0 	WR98		Actual	Actual	Actual	Actual	Forecast	Forecast	Forecast	Forecast	Forecast	Forecast	Forecast	Forecast	Forecast	Forecast	Forecast	Forecast	Forecast		Healthy	Healthy	Injured	Injured	Injured	Injured	Injured	Healthy	Healthy	Healthy	Healthy	Healthy	Healthy	Healthy	Healthy	Healthy	Healthy		Week 5 2026	10/8/2026	8:57:03 PM	20		4%	4%	0%	0%	0%	0%		(0.1)	0	1	1	1	1	
	Dylan Sampson	Cleveland Browns	RB	RB71	2.5 	27 	0 	0.0 	0.0 	0.0 	64 	5.8 	0.3 	0.0 	9.9 	0.9 	74 	6.7 	0.3 	0.0 	0.0 	0.2 	0.0 	0.069 	1.000 	0.121 	(1)	0.000 	0.000 	234 	170 	(64)	71 	55 	(16)	0.065 				-	-		-	-		-	-		-	-		0.0 	0.0 	0.0 	0.0 	0.0 	2.5 	2.5 	2.3 	2.5 	2.4 	0.0 	2.6 	2.6 	2.6 	2.4 	2.3 	2.6 		-	-	-	-	-	RB57	RB55	RB56	RB61	RB59	-	RB65	RB60	RB62	RB68	RB69	RB65		RB69	2.5 	0.0 	0.0 	5.8 	0.0 	0.9 	6.7 	0.0 	69 	0.097 	1.000 	0.147 	(1)	0.000 	0.000 	227 	0.081 		27 														-	0.0 	0.0 	0.0 	0.0 	0.0 	0.0 	0.0 	0.0 	#N/A	0.000 	1.000 	#N/A	(1)	0.000 	0.000 	#N/A	#N/A		0.0 																	Cleveland Browns	Jacksonville Jaguars	0 	0.0 	0 	0.0 	0.0 	0 	0.0 	0.0 	0.0 	0.0 	0.0 	0.0 	-		Cleveland Browns	Tampa Bay Buccaneers	0 	0.0 	0 	0.0 	0.0 	0 	0.0 	0.0 	0.0 	0.0 	0.0 	0.0 	-		Cleveland Browns	Carolina Panthers	0 	0.0 	0 	0.0 	0.0 	0 	0.0 	0.0 	0.0 	0.0 	0.0 	0.0 	-		Cleveland Browns	Pittsburgh Steelers	0 	0.0 	0 	0.0 	0.0 	0 	0.0 	0.0 	0.0 	0.0 	0.0 	0.0 	-		Cleveland Browns	New York Jets	0 	0.0 	0 	0.0 	0.0 	0 	0.0 	0.0 	0.0 	0.0 	0.0 	0.0 	-		Cleveland Browns	Baltimore Ravens	0 	0.0 	6 	0.0 	0.9 	7 	0.0 	0.0 	0.0 	0.0 	0.0 	2.5 	RB57		Cleveland Browns	Tennessee Titans	0 	0.0 	6 	0.0 	0.9 	7 	0.0 	0.0 	0.0 	0.0 	0.0 	2.5 	RB55		Cleveland Browns	Pittsburgh Steelers	0 	0.0 	5 	0.0 	0.9 	7 	0.0 	0.0 	0.0 	0.0 	0.0 	2.3 	RB56		Cleveland Browns	New Orleans Saints	0 	0.0 	6 	0.0 	0.9 	7 	0.0 	0.0 	0.0 	0.0 	0.0 	2.5 	RB61		Cleveland Browns	Houston Texans	0 	0.0 	5 	0.0 	0.9 	7 	0.0 	0.0 	0.0 	0.0 	0.0 	2.4 	RB59		Cleveland Browns	BYE	0 	0.0 	0 	0.0 	0.0 	0 	0.0 	0.0 	0.0 	0.0 	0.0 	0.0 	-		Cleveland Browns	Las Vegas Raiders	0 	0.0 	6 	0.0 	0.9 	7 	0.0 	0.0 	0.0 	0.0 	0.0 	2.6 	RB65		Cleveland Browns	Cincinnati Bengals	0 	0.0 	6 	0.0 	0.9 	7 	0.0 	0.0 	0.0 	0.0 	0.0 	2.6 	RB60		Cleveland Browns	Atlanta Falcons	0 	0.0 	6 	0.0 	0.9 	7 	0.0 	0.0 	0.0 	0.0 	0.0 	2.6 	RB62		Cleveland Browns	New York Giants	0 	0.0 	6 	0.0 	0.9 	7 	0.0 	0.0 	0.0 	0.0 	0.0 	2.4 	RB68		Cleveland Browns	Baltimore Ravens	0 	0.0 	5 	0.0 	0.9 	7 	0.0 	0.0 	0.0 	0.0 	0.0 	2.3 	RB69		Cleveland Browns	Indianapolis Colts	0 	0.0 	6 	0.0 	0.9 	7 	0.0 	0.0 	0.0 	0.0 	0.0 	2.6 	RB65		Actual	Actual	Actual	Actual	Forecast	Forecast	Forecast	Forecast	Forecast	Forecast	Forecast	Forecast	Forecast	Forecast	Forecast	Forecast	Forecast		Healthy	Injured	Injured	Injured	Injured	Healthy	Healthy	Healthy	Healthy	Healthy	Healthy	Healthy	Healthy	Healthy	Healthy	Healthy	Healthy		Week 5 2026	10/8/2026	8:57:03 PM	20		3%	2%	6%	5%	0%	0%		0.1 	1	1	1	1	0	
	Michael Penix Jr.	Atlanta Falcons	QB	QB34	12.2 	170 	2,825 	201.8 	17.1 	1.2 	46 	3.3 	0.2 	0.0 	0.0 	0.0 	0 	0.0 	0.0 	0.0 	8.7 	0.9 	0.0 	0.431 	0.460 	0.085 	(0)	0.000 	0.000 	246 	283 	37 	32 	33 	1 	0.045 																0.0 	0.0 	14.0 	12.7 	12.2 	12.3 	12.1 	11.9 	12.6 	11.7 	0.0 	11.3 	12.5 	11.0 	12.1 	11.9 	12.0 		-	-	QB21	QB22	QB30	QB27	QB28	QB28	QB30	QB28	-	QB32	QB28	QB30	QB32	QB32	QB32		QB32	12.0 	195.5 	1.3 	4.2 	0.0 	0.0 	0.0 	0.0 	32 	0.514 	0.460 	0.085 	0 	0.044 	0.000 	235 	0.066 		143 														QB33	13.4 	1,173.0 	7.6 	25.0 	0.1 	0.0 	0.0 	0.0 	33 	0.229 	0.460 	0.070 	(1)	0.000 	0.000 	#N/A	0.037 		26.8 																	Atlanta Falcons	Pittsburgh Steelers	0 	0.0 	0 	0.0 	0.0 	0 	0.0 	0.0 	0.0 	0.0 	0.0 	0.0 	-		Atlanta Falcons	Carolina Panthers	0 	0.0 	0 	0.0 	0.0 	0 	0.0 	0.0 	0.0 	0.0 	0.0 	0.0 	-		Atlanta Falcons	Green Bay Packers	256 	1.0 	(2)	0.0 	0.0 	0 	0.0 	1.0 	0.0 	0.0 	1.0 	14.0 	QB21		Atlanta Falcons	New Orleans Saints	223 	1.0 	(2)	0.0 	0.0 	0 	0.0 	0.0 	0.0 	0.0 	0.0 	12.7 	QB22		Atlanta Falcons	Baltimore Ravens	194 	1.3 	5 	0.0 	0.0 	0 	0.0 	0.6 	0.1 	0.0 	0.0 	12.2 	QB30		Atlanta Falcons	Chicago Bears	198 	1.3 	4 	0.0 	0.0 	0 	0.0 	0.6 	0.1 	0.0 	0.0 	12.3 	QB27		Atlanta Falcons	San Francisco 49ers	198 	1.3 	4 	0.0 	0.0 	0 	0.0 	0.6 	0.1 	0.0 	0.0 	12.1 	QB28		Atlanta Falcons	Tampa Bay Buccaneers	196 	1.2 	4 	0.0 	0.0 	0 	0.0 	0.6 	0.1 	0.0 	0.0 	11.9 	QB28		Atlanta Falcons	Cincinnati Bengals	204 	1.3 	4 	0.0 	0.0 	0 	0.0 	0.6 	0.1 	0.0 	0.0 	12.6 	QB30		Atlanta Falcons	Kansas City Chiefs	194 	1.2 	4 	0.0 	0.0 	0 	0.0 	0.6 	0.1 	0.0 	0.0 	11.7 	QB28		Atlanta Falcons	BYE	0 	0.0 	0 	0.0 	0.0 	0 	0.0 	0.0 	0.0 	0.0 	0.0 	0.0 	-		Atlanta Falcons	Minnesota Vikings	191 	1.2 	4 	0.0 	0.0 	0 	0.0 	0.6 	0.1 	0.0 	0.0 	11.3 	QB32		Atlanta Falcons	Detroit Lions	201 	1.3 	4 	0.0 	0.0 	0 	0.0 	0.6 	0.1 	0.0 	0.0 	12.5 	QB28		Atlanta Falcons	Cleveland Browns	186 	1.1 	4 	0.0 	0.0 	0 	0.0 	0.6 	0.1 	0.0 	0.0 	11.0 	QB30		Atlanta Falcons	Washington Commanders	198 	1.3 	4 	0.0 	0.0 	0 	0.0 	0.6 	0.1 	0.0 	0.0 	12.1 	QB32		Atlanta Falcons	Tampa Bay Buccaneers	194 	1.3 	4 	0.0 	0.0 	0 	0.0 	0.6 	0.1 	0.0 	0.0 	11.9 	QB32		Atlanta Falcons	New Orleans Saints	192 	1.3 	4 	0.0 	0.0 	0 	0.0 	0.6 	0.1 	0.0 	0.0 	12.0 	QB32		Actual	Actual	Actual	Actual	Forecast	Forecast	Forecast	Forecast	Forecast	Forecast	Forecast	Forecast	Forecast	Forecast	Forecast	Forecast	Forecast		Injured	Injured	Healthy	Healthy	Healthy	Healthy	Healthy	Healthy	Healthy	Healthy	Healthy	Healthy	Healthy	Healthy	Healthy	Healthy	Healthy		Week 5 2026	10/8/2026	8:57:03 PM	20		0%	0%	3%	2%	99%	99%		0.0 	1	0	0	0	0	
	Jalen Nailor	Las Vegas Raiders	WR	WR93	2.5 	37 	0 	0.0 	0.0 	0.0 	0 	0.0 	0.0 	0.0 	14.7 	1.0 	161 	10.7 	1.1 	0.1 	0.0 	0.0 	0.0 	0.094 	1.000 	0.070 	(1)	0.000 	0.000 	245 	200 	(45)	93 	65 	(28)	0.046 				-	-		-	-		-	-		-	-		5.7 	1.9 	2.6 	0.0 	2.2 	2.5 	2.3 	2.2 	2.3 	2.2 	2.2 	2.2 	0.0 	2.3 	2.2 	2.3 	2.3 		WR58	WR79	WR80	-	WR83	WR79	WR82	WR83	WR87	WR82	WR78	WR95	-	WR90	WR96	WR96	WR96		WR94	2.2 	0.0 	0.0 	0.0 	0.0 	0.8 	9.1 	0.1 	94 	0.097 	1.000 	0.060 	(1)	0.000 	0.000 	245 	0.042 		27 														WR111	3.4 	0.0 	0.0 	0.0 	0.0 	3.2 	36.2 	0.4 	111 	0.087 	1.000 	0.000 	(1)	0.000 	0.000 	#N/A	0.013 		10.2 																	Las Vegas Raiders	Miami Dolphins	0 	0.0 	0 	0.0 	3.0 	27 	0.0 	0.0 	0.0 	0.0 	0.0 	5.7 	WR58		Las Vegas Raiders	Los Angeles Chargers	0 	0.0 	0 	0.0 	1.0 	9 	0.0 	0.0 	0.0 	0.0 	0.0 	1.9 	WR79		Las Vegas Raiders	New Orleans Saints	0 	0.0 	0 	0.0 	1.0 	16 	0.0 	0.0 	0.0 	0.0 	0.0 	2.6 	WR80		Las Vegas Raiders	Kansas City Chiefs	0 	0.0 	0 	0.0 	0.0 	0 	0.0 	0.0 	0.0 	0.0 	0.0 	0.0 	-		Las Vegas Raiders	New England Patriots	0 	0.0 	0 	0.0 	0.8 	9 	0.1 	0.0 	0.0 	0.0 	0.0 	2.2 	WR83		Las Vegas Raiders	Buffalo Bills	0 	0.0 	0 	0.0 	0.9 	10 	0.1 	0.0 	0.0 	0.0 	0.0 	2.5 	WR79		Las Vegas Raiders	Los Angeles Rams	0 	0.0 	0 	0.0 	0.8 	9 	0.1 	0.0 	0.0 	0.0 	0.0 	2.3 	WR82		Las Vegas Raiders	New York Jets	0 	0.0 	0 	0.0 	0.8 	9 	0.1 	0.0 	0.0 	0.0 	0.0 	2.2 	WR83		Las Vegas Raiders	San Francisco 49ers	0 	0.0 	0 	0.0 	0.8 	9 	0.1 	0.0 	0.0 	0.0 	0.0 	2.3 	WR87		Las Vegas Raiders	Seattle Seahawks	0 	0.0 	0 	0.0 	0.8 	9 	0.1 	0.0 	0.0 	0.0 	0.0 	2.2 	WR82		Las Vegas Raiders	Denver Broncos	0 	0.0 	0 	0.0 	0.8 	9 	0.1 	0.0 	0.0 	0.0 	0.0 	2.2 	WR78		Las Vegas Raiders	Cleveland Browns	0 	0.0 	0 	0.0 	0.8 	9 	0.1 	0.0 	0.0 	0.0 	0.0 	2.2 	WR95		Las Vegas Raiders	BYE	0 	0.0 	0 	0.0 	0.0 	0 	0.0 	0.0 	0.0 	0.0 	0.0 	0.0 	-		Las Vegas Raiders	Los Angeles Chargers	0 	0.0 	0 	0.0 	0.8 	9 	0.1 	0.0 	0.0 	0.0 	0.0 	2.3 	WR90		Las Vegas Raiders	Denver Broncos	0 	0.0 	0 	0.0 	0.8 	9 	0.1 	0.0 	0.0 	0.0 	0.0 	2.2 	WR96		Las Vegas Raiders	Tennessee Titans	0 	0.0 	0 	0.0 	0.8 	9 	0.1 	0.0 	0.0 	0.0 	0.0 	2.3 	WR96		Las Vegas Raiders	Arizona Cardinals	0 	0.0 	0 	0.0 	0.8 	9 	0.1 	0.0 	0.0 	0.0 	0.0 	2.3 	WR96		Actual	Actual	Actual	Actual	Forecast	Forecast	Forecast	Forecast	Forecast	Forecast	Forecast	Forecast	Forecast	Forecast	Forecast	Forecast	Forecast		Healthy	Healthy	Healthy	Healthy	Limited / Handicapped	Healthy	Healthy	Healthy	Healthy	Healthy	Healthy	Healthy	Healthy	Healthy	Healthy	Healthy	Healthy		Week 5 2026	10/8/2026	8:57:03 PM	20		4%	6%	0%	0%	0%	0%		0.0 	0	0	0	0	0	0.028387 
	De'Von Achane	Miami Dolphins	RB	RB74	8.2 	25 	0 	0.0 	0.0 	0.0 	127 	42.3 	0.0 	0.0 	7.0 	2.3 	49 	16.3 	0.0 	0.0 	0.0 	0.0 	0.0 	0.062 	1.000 	0.082 	(0)	0.000 	0.000 	244 	11 	(233)	74 	6 	(68)	0.046 				-	-		-	-		-	-		-	-		10.6 	12.3 	1.7 	0.0 	0.0 	0.0 	0.0 	0.0 	0.0 	0.0 	0.0 	0.0 	0.0 	0.0 	0.0 	0.0 	0.0 		RB24	RB17	RB55	-	-	-	-	-	-	-	-	-	-	-	-	-	-		RB79	0.0 	0.0 	0.0 	0.0 	0.0 	0.0 	0.0 	0.0 	79 	0.000 	1.000 	0.017 	(1)	0.000 	0.000 	260 	0.008 		0 														RB40	8.2 	0.0 	0.0 	0.0 	0.0 	0.0 	0.0 	0.0 	40 	0.211 	1.000 	0.519 	(0)	0.000 	0.000 	#N/A	0.265 		24.6 																	Miami Dolphins	Las Vegas Raiders	0 	0.0 	36 	0.0 	4.0 	30 	0.0 	0.0 	0.0 	0.0 	0.0 	10.6 	RB24		Miami Dolphins	San Francisco 49ers	0 	0.0 	74 	0.0 	3.0 	19 	0.0 	0.0 	0.0 	0.0 	0.0 	12.3 	RB17		Miami Dolphins	Kansas City Chiefs	0 	0.0 	17 	0.0 	0.0 	0 	0.0 	0.0 	0.0 	0.0 	0.0 	1.7 	RB55		Miami Dolphins	Minnesota Vikings	0 	0.0 	0 	0.0 	0.0 	0 	0.0 	0.0 	0.0 	0.0 	0.0 	0.0 	-		Miami Dolphins	Cincinnati Bengals	0 	0.0 	0 	0.0 	0.0 	0 	0.0 	0.0 	0.0 	0.0 	0.0 	0.0 	-		Miami Dolphins	BYE	0 	0.0 	0 	0.0 	0.0 	0 	0.0 	0.0 	0.0 	0.0 	0.0 	0.0 	-		Miami Dolphins	New York Jets	0 	0.0 	0 	0.0 	0.0 	0 	0.0 	0.0 	0.0 	0.0 	0.0 	0.0 	-		Miami Dolphins	New England Patriots	0 	0.0 	0 	0.0 	0.0 	0 	0.0 	0.0 	0.0 	0.0 	0.0 	0.0 	-		Miami Dolphins	Detroit Lions	0 	0.0 	0 	0.0 	0.0 	0 	0.0 	0.0 	0.0 	0.0 	0.0 	0.0 	-		Miami Dolphins	Indianapolis Colts	0 	0.0 	0 	0.0 	0.0 	0 	0.0 	0.0 	0.0 	0.0 	0.0 	0.0 	-		Miami Dolphins	Buffalo Bills	0 	0.0 	0 	0.0 	0.0 	0 	0.0 	0.0 	0.0 	0.0 	0.0 	0.0 	-		Miami Dolphins	New York Jets	0 	0.0 	0 	0.0 	0.0 	0 	0.0 	0.0 	0.0 	0.0 	0.0 	0.0 	-		Miami Dolphins	Denver Broncos	0 	0.0 	0 	0.0 	0.0 	0 	0.0 	0.0 	0.0 	0.0 	0.0 	0.0 	-		Miami Dolphins	Chicago Bears	0 	0.0 	0 	0.0 	0.0 	0 	0.0 	0.0 	0.0 	0.0 	0.0 	0.0 	-		Miami Dolphins	Green Bay Packers	0 	0.0 	0 	0.0 	0.0 	0 	0.0 	0.0 	0.0 	0.0 	0.0 	0.0 	-		Miami Dolphins	Los Angeles Chargers	0 	0.0 	0 	0.0 	0.0 	0 	0.0 	0.0 	0.0 	0.0 	0.0 	0.0 	-		Miami Dolphins	Buffalo Bills	0 	0.0 	0 	0.0 	0.0 	0 	0.0 	0.0 	0.0 	0.0 	0.0 	0.0 	-		Actual	Actual	Actual	Actual	Forecast	Forecast	Forecast	Forecast	Forecast	Forecast	Forecast	Forecast	Forecast	Forecast	Forecast	Forecast	Forecast		Healthy	Healthy	Healthy	Injured	Injured	Injured	Injured	Injured	Injured	Injured	Injured	Injured	Injured	Injured	Injured	Injured	Injured		Week 5 2026	10/8/2026	8:57:03 PM	20		0%	0%	0%	0%	0%	0%		(0.3)	0	0	1	1	1	
	Zachariah Branch	Atlanta Falcons	WR	WR94	2.5 	37 	0 	0.0 	0.0 	0.0 	0 	0.0 	0.0 	0.0 	17.5 	1.2 	149 	10.0 	0.8 	0.1 	0.0 	0.0 	0.0 	0.094 	1.000 	0.060 	(1)	0.000 	0.000 	247 	239 	(8)	94 	78 	(16)	0.041 																0.0 	3.4 	1.7 	3.0 	2.4 	2.4 	2.4 	2.4 	2.5 	2.4 	0.0 	2.3 	2.5 	2.3 	2.4 	2.4 	2.4 		-	WR73	WR85	WR70	WR82	WR80	WR81	WR82	WR85	WR81	-	WR94	WR84	WR89	WR94	WR95	WR95		WR93	2.4 	0.0 	0.0 	0.0 	0.0 	1.0 	9.9 	0.1 	93 	0.103 	1.000 	0.070 	(1)	0.000 	0.000 	243 	0.047 		29 														WR116	2.7 	0.0 	0.0 	0.0 	0.0 	4.2 	39.5 	0.3 	116 	0.069 	1.000 	0.000 	(1)	0.000 	0.000 	#N/A	0.010 		8.1 																	Atlanta Falcons	Pittsburgh Steelers	0 	0.0 	0 	0.0 	0.0 	0 	0.0 	0.0 	0.0 	0.0 	0.0 	0.0 	-		Atlanta Falcons	Carolina Panthers	0 	0.0 	0 	0.0 	2.0 	14 	0.0 	0.0 	0.0 	0.0 	0.0 	3.4 	WR73		Atlanta Falcons	Green Bay Packers	0 	0.0 	0 	0.0 	1.0 	7 	0.0 	0.0 	0.0 	0.0 	0.0 	1.7 	WR85		Atlanta Falcons	New Orleans Saints	0 	0.0 	0 	0.0 	2.0 	10 	0.0 	0.0 	0.0 	0.0 	0.0 	3.0 	WR70		Atlanta Falcons	Baltimore Ravens	0 	0.0 	0 	0.0 	1.0 	10 	0.1 	0.0 	0.0 	0.0 	0.0 	2.4 	WR82		Atlanta Falcons	Chicago Bears	0 	0.0 	0 	0.0 	1.1 	10 	0.1 	0.0 	0.0 	0.0 	0.0 	2.4 	WR80		Atlanta Falcons	San Francisco 49ers	0 	0.0 	0 	0.0 	1.1 	10 	0.1 	0.0 	0.0 	0.0 	0.0 	2.4 	WR81		Atlanta Falcons	Tampa Bay Buccaneers	0 	0.0 	0 	0.0 	1.0 	10 	0.1 	0.0 	0.0 	0.0 	0.0 	2.4 	WR82		Atlanta Falcons	Cincinnati Bengals	0 	0.0 	0 	0.0 	1.1 	10 	0.1 	0.0 	0.0 	0.0 	0.0 	2.5 	WR85		Atlanta Falcons	Kansas City Chiefs	0 	0.0 	0 	0.0 	1.0 	10 	0.1 	0.0 	0.0 	0.0 	0.0 	2.4 	WR81		Atlanta Falcons	BYE	0 	0.0 	0 	0.0 	0.0 	0 	0.0 	0.0 	0.0 	0.0 	0.0 	0.0 	-		Atlanta Falcons	Minnesota Vikings	0 	0.0 	0 	0.0 	1.0 	10 	0.1 	0.0 	0.0 	0.0 	0.0 	2.3 	WR94		Atlanta Falcons	Detroit Lions	0 	0.0 	0 	0.0 	1.1 	10 	0.1 	0.0 	0.0 	0.0 	0.0 	2.5 	WR84		Atlanta Falcons	Cleveland Browns	0 	0.0 	0 	0.0 	1.0 	9 	0.1 	0.0 	0.0 	0.0 	0.0 	2.3 	WR89		Atlanta Falcons	Washington Commanders	0 	0.0 	0 	0.0 	1.1 	10 	0.1 	0.0 	0.0 	0.0 	0.0 	2.4 	WR94		Atlanta Falcons	Tampa Bay Buccaneers	0 	0.0 	0 	0.0 	1.0 	10 	0.1 	0.0 	0.0 	0.0 	0.0 	2.4 	WR95		Atlanta Falcons	New Orleans Saints	0 	0.0 	0 	0.0 	1.0 	10 	0.1 	0.0 	0.0 	0.0 	0.0 	2.4 	WR95		Actual	Actual	Actual	Actual	Forecast	Forecast	Forecast	Forecast	Forecast	Forecast	Forecast	Forecast	Forecast	Forecast	Forecast	Forecast	Forecast		Healthy	Healthy	Healthy	Healthy	Healthy	Healthy	Healthy	Healthy	Healthy	Healthy	Healthy	Healthy	Healthy	Healthy	Healthy	Healthy	Healthy		Week 5 2026	10/8/2026	8:57:03 PM	20		5%	5%	0%	0%	0%	0%		0.0 	0	0	0	0	0	0.036587 
	Jalon Daniels	Tampa Bay Buccaneers	QB	QB36	3.0 	41 	581 	41.5 	3.7 	0.3 	92 	6.5 	0.2 	0.0 	0.0 	0.0 	0 	0.0 	0.0 	0.0 	3.3 	0.2 	0.0 	0.105 	0.460 	0.055 	(1)	0.000 	0.000 	253 	379 	126 	34 	51 	17 	0.029 																0.0 	0.0 	0.9 	11.4 	13.6 	12.2 	0.4 	0.4 	0.3 	0.0 	0.3 	0.4 	0.3 	0.3 	0.4 	0.4 	0.3 		-	-	QB33	QB24	QB25	QB28	QB31	QB30	QB34	-	QB29	QB36	QB32	QB34	QB36	QB35	QB36		QB33	2.4 	36.1 	0.2 	2.3 	0.0 	0.0 	0.0 	0.0 	33 	0.104 	0.460 	0.070 	(1)	0.000 	0.000 	247 	0.037 		29 														QB40	6.2 	216.7 	1.3 	13.8 	0.1 	0.0 	0.0 	0.0 	40 	0.106 	0.460 	0.000 	(1)	0.000 	0.000 	#N/A	0.000 		12.3 																	Tampa Bay Buccaneers	Cincinnati Bengals	0 	0.0 	0 	0.0 	0.0 	0 	0.0 	0.0 	0.0 	0.0 	0.0 	0.0 	-		Tampa Bay Buccaneers	Cleveland Browns	0 	0.0 	0 	0.0 	0.0 	0 	0.0 	0.0 	0.0 	0.0 	0.0 	0.0 	-		Tampa Bay Buccaneers	Minnesota Vikings	0 	0.0 	9 	0.0 	0.0 	0 	0.0 	0.0 	0.0 	0.0 	0.0 	0.9 	QB33		Tampa Bay Buccaneers	Green Bay Packers	148 	1.0 	55 	0.0 	0.0 	0 	0.0 	2.0 	0.0 	0.0 	0.0 	11.4 	QB24		Tampa Bay Buccaneers	Dallas Cowboys	226 	1.4 	2 	0.0 	0.0 	0 	0.0 	0.6 	0.1 	0.0 	0.0 	13.6 	QB25		Tampa Bay Buccaneers	Pittsburgh Steelers	207 	1.3 	2 	0.0 	0.0 	0 	0.0 	0.6 	0.1 	0.0 	0.0 	12.2 	QB28		Tampa Bay Buccaneers	Carolina Panthers	0 	0.0 	2 	0.0 	0.0 	0 	0.0 	0.0 	0.0 	0.0 	0.0 	0.4 	QB31		Tampa Bay Buccaneers	Atlanta Falcons	0 	0.0 	3 	0.0 	0.0 	0 	0.0 	0.0 	0.0 	0.0 	0.0 	0.4 	QB30		Tampa Bay Buccaneers	Chicago Bears	0 	0.0 	2 	0.0 	0.0 	0 	0.0 	0.0 	0.0 	0.0 	0.0 	0.3 	QB34		Tampa Bay Buccaneers	BYE	0 	0.0 	0 	0.0 	0.0 	0 	0.0 	0.0 	0.0 	0.0 	0.0 	0.0 	-		Tampa Bay Buccaneers	Detroit Lions	0 	0.0 	2 	0.0 	0.0 	0 	0.0 	0.0 	0.0 	0.0 	0.0 	0.3 	QB29		Tampa Bay Buccaneers	Carolina Panthers	0 	0.0 	2 	0.0 	0.0 	0 	0.0 	0.0 	0.0 	0.0 	0.0 	0.4 	QB36		Tampa Bay Buccaneers	Los Angeles Chargers	0 	0.0 	2 	0.0 	0.0 	0 	0.0 	0.0 	0.0 	0.0 	0.0 	0.3 	QB32		Tampa Bay Buccaneers	Baltimore Ravens	0 	0.0 	2 	0.0 	0.0 	0 	0.0 	0.0 	0.0 	0.0 	0.0 	0.3 	QB34		Tampa Bay Buccaneers	New Orleans Saints	0 	0.0 	3 	0.0 	0.0 	0 	0.0 	0.0 	0.0 	0.0 	0.0 	0.4 	QB36		Tampa Bay Buccaneers	Atlanta Falcons	0 	0.0 	2 	0.0 	0.0 	0 	0.0 	0.0 	0.0 	0.0 	0.0 	0.4 	QB35		Tampa Bay Buccaneers	Los Angeles Rams	0 	0.0 	2 	0.0 	0.0 	0 	0.0 	0.0 	0.0 	0.0 	0.0 	0.3 	QB36		Actual	Actual	Actual	Actual	Forecast	Forecast	Forecast	Forecast	Forecast	Forecast	Forecast	Forecast	Forecast	Forecast	Forecast	Forecast	Forecast		Healthy	Healthy	Healthy	Healthy	Healthy	Healthy	Healthy	Healthy	Healthy	Healthy	Healthy	Healthy	Healthy	Healthy	Healthy	Healthy	Healthy		Week 5 2026	10/8/2026	8:57:03 PM	20		0%	0%	2%	2%	0%	0%		0.0 	0	0	0	0	0	0.037002 
	Ja'Kobi Lane	Baltimore Ravens	WR	WR95	2.8 	33 	0 	0.0 	0.0 	0.0 	0 	0.0 	0.0 	0.0 	12.9 	1.1 	145 	12.1 	1.0 	0.1 	0.0 	0.0 	0.0 	0.084 	1.000 	0.050 	(1)	0.000 	0.000 	250 	176 	(74)	95 	61 	(34)	0.035 																2.1 	0.0 	0.0 	0.0 	0.0 	2.6 	3.0 	2.9 	2.9 	2.9 	2.8 	2.7 	0.0 	2.8 	2.8 	2.7 	2.9 		WR85	-	-	-	-	WR77	WR77	WR79	WR83	WR78	WR76	WR91	-	WR85	WR91	WR91	WR90		WR92	2.8 	0.0 	0.0 	0.0 	0.0 	1.1 	12.2 	0.1 	92 	0.111 	1.000 	0.080 	(1)	0.000 	0.000 	241 	0.053 		31 														WR146	2.1 	0.0 	0.0 	0.0 	0.0 	11.9 	133.8 	1.0 	146 	0.018 	1.000 	0.000 	(1)	0.000 	0.000 	#N/A	0.003 		2.1 																	Baltimore Ravens	Indianapolis Colts	0 	0.0 	0 	0.0 	1.0 	11 	0.0 	0.0 	0.0 	0.0 	0.0 	2.1 	WR85		Baltimore Ravens	New Orleans Saints	0 	0.0 	0 	0.0 	0.0 	0 	0.0 	0.0 	0.0 	0.0 	0.0 	0.0 	-		Baltimore Ravens	Dallas Cowboys	0 	0.0 	0 	0.0 	0.0 	0 	0.0 	0.0 	0.0 	0.0 	0.0 	0.0 	-		Baltimore Ravens	Tennessee Titans	0 	0.0 	0 	0.0 	0.0 	0 	0.0 	0.0 	0.0 	0.0 	0.0 	0.0 	-		Baltimore Ravens	Atlanta Falcons	0 	0.0 	0 	0.0 	0.0 	0 	0.0 	0.0 	0.0 	0.0 	0.0 	0.0 	-		Baltimore Ravens	Cleveland Browns	0 	0.0 	0 	0.0 	1.0 	12 	0.1 	0.0 	0.0 	0.0 	0.0 	2.6 	WR77		Baltimore Ravens	Cincinnati Bengals	0 	0.0 	0 	0.0 	1.1 	13 	0.1 	0.0 	0.0 	0.0 	0.0 	3.0 	WR77		Baltimore Ravens	Buffalo Bills	0 	0.0 	0 	0.0 	1.1 	12 	0.1 	0.0 	0.0 	0.0 	0.0 	2.9 	WR79		Baltimore Ravens	Jacksonville Jaguars	0 	0.0 	0 	0.0 	1.1 	12 	0.1 	0.0 	0.0 	0.0 	0.0 	2.9 	WR83		Baltimore Ravens	Los Angeles Chargers	0 	0.0 	0 	0.0 	1.1 	12 	0.1 	0.0 	0.0 	0.0 	0.0 	2.9 	WR78		Baltimore Ravens	Carolina Panthers	0 	0.0 	0 	0.0 	1.1 	12 	0.1 	0.0 	0.0 	0.0 	0.0 	2.8 	WR76		Baltimore Ravens	Houston Texans	0 	0.0 	0 	0.0 	1.1 	12 	0.1 	0.0 	0.0 	0.0 	0.0 	2.7 	WR91		Baltimore Ravens	BYE	0 	0.0 	0 	0.0 	0.0 	0 	0.0 	0.0 	0.0 	0.0 	0.0 	0.0 	-		Baltimore Ravens	Tampa Bay Buccaneers	0 	0.0 	0 	0.0 	1.1 	12 	0.1 	0.0 	0.0 	0.0 	0.0 	2.8 	WR85		Baltimore Ravens	Pittsburgh Steelers	0 	0.0 	0 	0.0 	1.1 	12 	0.1 	0.0 	0.0 	0.0 	0.0 	2.8 	WR91		Baltimore Ravens	Cleveland Browns	0 	0.0 	0 	0.0 	1.0 	12 	0.1 	0.0 	0.0 	0.0 	0.0 	2.7 	WR91		Baltimore Ravens	Cincinnati Bengals	0 	0.0 	0 	0.0 	1.1 	12 	0.1 	0.0 	0.0 	0.0 	0.0 	2.9 	WR90		Actual	Actual	Actual	Actual	Forecast	Forecast	Forecast	Forecast	Forecast	Forecast	Forecast	Forecast	Forecast	Forecast	Forecast	Forecast	Forecast		Healthy	Injured	Injured	Injured	Injured	Healthy	Healthy	Healthy	Healthy	Healthy	Healthy	Healthy	Healthy	Healthy	Healthy	Healthy	Healthy		Week 5 2026	10/8/2026	8:57:03 PM	20		6%	7%	0%	0%	0%	0%		0.0 	1	1	1	1	0	
	Nicholas Singleton	Tennessee Titans	RB	RB76	1.3 	18 	0 	0.0 	0.0 	0.0 	74 	5.3 	0.6 	0.0 	3.9 	0.3 	27 	1.9 	0.2 	0.0 	0.0 	0.2 	0.0 	0.047 	1.000 	0.056 	(1)	0.000 	0.000 	251 	238 	(13)	76 	65 	(11)	0.032 																0.0 	1.0 	0.0 	0.2 	1.2 	1.4 	1.5 	1.4 	0.0 	1.5 	1.4 	1.4 	1.5 	1.4 	1.6 	1.5 	1.5 		-	RB63	-	RB61	RB60	RB59	RB60	RB60	-	RB63	RB57	RB75	RB67	RB72	RB75	RB76	RB75		RB74	1.4 	0.0 	0.0 	5.2 	0.1 	0.3 	2.3 	0.0 	74 	0.062 	1.000 	0.082 	(1)	0.000 	0.000 	244 	0.046 		17 														RB96	0.6 	0.0 	0.0 	31.1 	0.3 	1.9 	13.6 	0.1 	96 	0.010 	1.000 	0.000 	(1)	0.000 	0.000 	#N/A	0.002 		1.2 																	Tennessee Titans	New York Jets	0 	0.0 	0 	0.0 	0.0 	0 	0.0 	0.0 	0.0 	0.0 	0.0 	0.0 	-		Tennessee Titans	Philadelphia Eagles	0 	0.0 	10 	0.0 	0.0 	0 	0.0 	0.0 	0.0 	0.0 	0.0 	1.0 	RB63		Tennessee Titans	New York Giants	0 	0.0 	0 	0.0 	0.0 	0 	0.0 	0.0 	0.0 	0.0 	0.0 	0.0 	-		Tennessee Titans	Baltimore Ravens	0 	0.0 	2 	0.0 	0.0 	0 	0.0 	0.0 	0.0 	0.0 	0.0 	0.2 	RB61		Tennessee Titans	Houston Texans	0 	0.0 	4 	0.0 	0.3 	2 	0.0 	0.0 	0.0 	0.0 	0.0 	1.2 	RB60		Tennessee Titans	Indianapolis Colts	0 	0.0 	5 	0.0 	0.3 	2 	0.0 	0.0 	0.0 	0.0 	0.0 	1.4 	RB59		Tennessee Titans	Cleveland Browns	0 	0.0 	6 	0.1 	0.3 	2 	0.0 	0.0 	0.0 	0.0 	0.0 	1.5 	RB60		Tennessee Titans	Cincinnati Bengals	0 	0.0 	5 	0.1 	0.3 	2 	0.0 	0.0 	0.0 	0.0 	0.0 	1.4 	RB60		Tennessee Titans	BYE	0 	0.0 	0 	0.0 	0.0 	0 	0.0 	0.0 	0.0 	0.0 	0.0 	0.0 	-		Tennessee Titans	Jacksonville Jaguars	0 	0.0 	6 	0.1 	0.3 	2 	0.0 	0.0 	0.0 	0.0 	0.0 	1.5 	RB63		Tennessee Titans	Dallas Cowboys	0 	0.0 	5 	0.1 	0.3 	2 	0.0 	0.0 	0.0 	0.0 	0.0 	1.4 	RB57		Tennessee Titans	Jacksonville Jaguars	0 	0.0 	5 	0.0 	0.3 	2 	0.0 	0.0 	0.0 	0.0 	0.0 	1.4 	RB75		Tennessee Titans	Washington Commanders	0 	0.0 	6 	0.1 	0.3 	2 	0.0 	0.0 	0.0 	0.0 	0.0 	1.5 	RB67		Tennessee Titans	Detroit Lions	0 	0.0 	5 	0.0 	0.3 	2 	0.0 	0.0 	0.0 	0.0 	0.0 	1.4 	RB72		Tennessee Titans	Indianapolis Colts	0 	0.0 	6 	0.1 	0.3 	2 	0.0 	0.0 	0.0 	0.0 	0.0 	1.6 	RB75		Tennessee Titans	Las Vegas Raiders	0 	0.0 	5 	0.1 	0.3 	2 	0.0 	0.0 	0.0 	0.0 	0.0 	1.5 	RB76		Tennessee Titans	Pittsburgh Steelers	0 	0.0 	5 	0.1 	0.3 	2 	0.0 	0.0 	0.0 	0.0 	0.0 	1.5 	RB75		Actual	Actual	Actual	Actual	Forecast	Forecast	Forecast	Forecast	Forecast	Forecast	Forecast	Forecast	Forecast	Forecast	Forecast	Forecast	Forecast		Injured	Healthy	Healthy	Healthy	Healthy	Healthy	Healthy	Healthy	Healthy	Healthy	Healthy	Healthy	Healthy	Healthy	Healthy	Healthy	Healthy		Week 5 2026	10/8/2026	8:57:03 PM	20		1%	1%	5%	7%	0%	0%		0.0 	0	0	0	0	0	0.044753 
	Marcus Mariota	Washington Commanders	QB	QB35	3.0 	42 	364 	26.0 	4.2 	0.3 	92 	6.6 	0.3 	0.0 	0.0 	0.0 	0 	0.0 	0.0 	0.0 	0.1 	0.0 	0.0 	0.107 	0.460 	0.070 	(1)	0.000 	0.000 	249 	526 	277 	33 	72 	39 	0.037 																0.0 	8.7 	20.4 	5.3 	0.0 	0.6 	0.0 	0.7 	0.7 	0.7 	0.7 	0.8 	0.7 	0.7 	0.8 	0.7 	0.7 		-	QB24	QB13	QB31	-	QB29	-	QB29	QB31	QB29	QB27	QB33	QB29	QB31	QB33	QB33	QB33		QB35	0.7 	2.2 	0.0 	3.9 	0.0 	0.0 	0.0 	0.0 	35 	0.028 	0.460 	0.040 	(2)	0.000 	0.000 	254 	0.021 		8 														QB29	11.5 	7.9 	0.1 	14.4 	0.1 	0.0 	0.0 	0.0 	29 	0.296 	0.460 	0.129 	(0)	0.000 	0.000 	#N/A	0.068 		34.5 																	Washington Commanders	Philadelphia Eagles	0 	0.0 	0 	0.0 	0.0 	0 	0.0 	0.0 	0.0 	0.0 	0.0 	0.0 	-		Washington Commanders	Dallas Cowboys	111 	1.0 	3 	0.0 	0.0 	0 	0.0 	0.0 	0.0 	0.0 	0.0 	8.7 	QB24		Washington Commanders	Seattle Seahawks	183 	3.0 	11 	0.0 	0.0 	0 	0.0 	0.0 	0.0 	0.0 	0.0 	20.4 	QB13		Washington Commanders	Indianapolis Colts	46 	0.0 	35 	0.0 	0.0 	0 	0.0 	0.0 	0.0 	0.0 	0.0 	5.3 	QB31		Washington Commanders	New York Giants	0 	0.0 	0 	0.0 	0.0 	0 	0.0 	0.0 	0.0 	0.0 	0.0 	0.0 	-		Washington Commanders	San Francisco 49ers	2 	0.0 	3 	0.0 	0.0 	0 	0.0 	0.0 	0.0 	0.0 	0.0 	0.6 	QB29		Washington Commanders	BYE	0 	0.0 	0 	0.0 	0.0 	0 	0.0 	0.0 	0.0 	0.0 	0.0 	0.0 	-		Washington Commanders	Philadelphia Eagles	2 	0.0 	4 	0.0 	0.0 	0 	0.0 	0.0 	0.0 	0.0 	0.0 	0.7 	QB29		Washington Commanders	Los Angeles Rams	2 	0.0 	4 	0.0 	0.0 	0 	0.0 	0.0 	0.0 	0.0 	0.0 	0.7 	QB31		Washington Commanders	New York Giants	2 	0.0 	4 	0.0 	0.0 	0 	0.0 	0.0 	0.0 	0.0 	0.0 	0.7 	QB29		Washington Commanders	Cincinnati Bengals	2 	0.0 	4 	0.0 	0.0 	0 	0.0 	0.0 	0.0 	0.0 	0.0 	0.7 	QB27		Washington Commanders	Arizona Cardinals	2 	0.0 	4 	0.0 	0.0 	0 	0.0 	0.0 	0.0 	0.0 	0.0 	0.8 	QB33		Washington Commanders	Tennessee Titans	2 	0.0 	4 	0.0 	0.0 	0 	0.0 	0.0 	0.0 	0.0 	0.0 	0.7 	QB29		Washington Commanders	Houston Texans	2 	0.0 	4 	0.0 	0.0 	0 	0.0 	0.0 	0.0 	0.0 	0.0 	0.7 	QB31		Washington Commanders	Atlanta Falcons	2 	0.0 	4 	0.0 	0.0 	0 	0.0 	0.0 	0.0 	0.0 	0.0 	0.8 	QB33		Washington Commanders	Minnesota Vikings	2 	0.0 	4 	0.0 	0.0 	0 	0.0 	0.0 	0.0 	0.0 	0.0 	0.7 	QB33		Washington Commanders	Jacksonville Jaguars	2 	0.0 	4 	0.0 	0.0 	0 	0.0 	0.0 	0.0 	0.0 	0.0 	0.7 	QB33		Actual	Actual	Actual	Actual	Forecast	Forecast	Forecast	Forecast	Forecast	Forecast	Forecast	Forecast	Forecast	Forecast	Forecast	Forecast	Forecast		Healthy	Healthy	Healthy	Healthy	Injured	Healthy	Healthy	Healthy	Healthy	Healthy	Healthy	Healthy	Healthy	Healthy	Healthy	Healthy	Healthy		Week 5 2026	10/8/2026	8:57:03 PM	20		0%	0%	3%	3%	1%	1%		(0.0)	0	0	0	1	0	
	Andrei Iosivas	Cincinnati Bengals	WR	WR96	2.5 	32 	0 	0.0 	0.0 	0.0 	0 	0.0 	0.0 	0.0 	15.4 	1.2 	137 	10.5 	0.5 	0.0 	0.0 	0.0 	0.0 	0.081 	1.000 	0.040 	(1)	0.000 	0.000 	252 	425 	173 	96 	130 	34 	0.030 																3.2 	1.7 	0.0 	0.0 	0.0 	0.0 	2.5 	2.4 	2.5 	2.4 	2.5 	2.4 	2.4 	2.4 	2.4 	2.5 	2.5 		WR79	WR81	-	-	-	-	WR80	WR81	WR86	WR80	WR77	WR93	WR85	WR88	WR95	WR93	WR93		WR95	2.5 	0.0 	0.0 	0.0 	0.0 	1.1 	10.7 	0.0 	95 	0.097 	1.000 	0.050 	(1)	0.000 	0.000 	248 	0.037 		27 														WR129	2.5 	0.0 	0.0 	0.0 	0.0 	6.2 	58.9 	0.2 	129 	0.042 	1.000 	0.000 	(1)	0.000 	0.000 	#N/A	0.006 		4.9 																	Cincinnati Bengals	Tampa Bay Buccaneers	0 	0.0 	0 	0.0 	2.0 	12 	0.0 	0.0 	0.0 	0.0 	0.0 	3.2 	WR79		Cincinnati Bengals	Houston Texans	0 	0.0 	0 	0.0 	1.0 	7 	0.0 	0.0 	0.0 	0.0 	0.0 	1.7 	WR81		Cincinnati Bengals	Pittsburgh Steelers	0 	0.0 	0 	0.0 	0.0 	0 	0.0 	0.0 	0.0 	0.0 	0.0 	0.0 	-		Cincinnati Bengals	Jacksonville Jaguars	0 	0.0 	0 	0.0 	0.0 	0 	0.0 	0.0 	0.0 	0.0 	0.0 	0.0 	-		Cincinnati Bengals	Miami Dolphins	0 	0.0 	0 	0.0 	0.0 	0 	0.0 	0.0 	0.0 	0.0 	0.0 	0.0 	-		Cincinnati Bengals	BYE	0 	0.0 	0 	0.0 	0.0 	0 	0.0 	0.0 	0.0 	0.0 	0.0 	0.0 	-		Cincinnati Bengals	Baltimore Ravens	0 	0.0 	0 	0.0 	1.1 	11 	0.0 	0.0 	0.0 	0.0 	0.0 	2.5 	WR80		Cincinnati Bengals	Tennessee Titans	0 	0.0 	0 	0.0 	1.1 	11 	0.0 	0.0 	0.0 	0.0 	0.0 	2.4 	WR81		Cincinnati Bengals	Atlanta Falcons	0 	0.0 	0 	0.0 	1.1 	11 	0.0 	0.0 	0.0 	0.0 	0.0 	2.5 	WR86		Cincinnati Bengals	Pittsburgh Steelers	0 	0.0 	0 	0.0 	1.1 	11 	0.0 	0.0 	0.0 	0.0 	0.0 	2.4 	WR80		Cincinnati Bengals	Washington Commanders	0 	0.0 	0 	0.0 	1.2 	11 	0.0 	0.0 	0.0 	0.0 	0.0 	2.5 	WR77		Cincinnati Bengals	New Orleans Saints	0 	0.0 	0 	0.0 	1.1 	11 	0.0 	0.0 	0.0 	0.0 	0.0 	2.4 	WR93		Cincinnati Bengals	Cleveland Browns	0 	0.0 	0 	0.0 	1.1 	10 	0.0 	0.0 	0.0 	0.0 	0.0 	2.4 	WR85		Cincinnati Bengals	Kansas City Chiefs	0 	0.0 	0 	0.0 	1.1 	11 	0.0 	0.0 	0.0 	0.0 	0.0 	2.4 	WR88		Cincinnati Bengals	Carolina Panthers	0 	0.0 	0 	0.0 	1.1 	11 	0.0 	0.0 	0.0 	0.0 	0.0 	2.4 	WR95		Cincinnati Bengals	Indianapolis Colts	0 	0.0 	0 	0.0 	1.2 	11 	0.0 	0.0 	0.0 	0.0 	0.0 	2.5 	WR93		Cincinnati Bengals	Baltimore Ravens	0 	0.0 	0 	0.0 	1.2 	11 	0.0 	0.0 	0.0 	0.0 	0.0 	2.5 	WR93		Actual	Actual	Actual	Actual	Forecast	Forecast	Forecast	Forecast	Forecast	Forecast	Forecast	Forecast	Forecast	Forecast	Forecast	Forecast	Forecast		Healthy	Healthy	Injured	Injured	Injured	Healthy	Healthy	Healthy	Healthy	Healthy	Healthy	Healthy	Healthy	Healthy	Healthy	Healthy	Healthy		Week 5 2026	10/8/2026	8:57:03 PM	20		4%	2%	0%	0%	0%	0%		0.0 	0	1	1	1	0	
	Jauan Jennings	Minnesota Vikings	WR	WR97	2.0 	29 	0 	0.0 	0.0 	0.0 	0 	0.0 	0.0 	0.0 	12.8 	0.9 	114 	8.2 	0.7 	0.1 	0.0 	0.0 	0.0 	0.072 	1.000 	0.030 	(1)	0.000 	0.000 	255 	202 	(53)	97 	66 	(31)	0.024 																0.0 	0.0 	1.1 	1.8 	2.1 	0.0 	2.2 	2.2 	2.2 	2.1 	2.2 	2.1 	2.1 	2.1 	2.2 	2.2 	2.1 		-	-	WR87	WR76	WR84	-	WR83	WR84	WR88	WR84	WR79	WR96	WR86	WR91	WR97	WR97	WR97		WR96	2.1 	0.0 	0.0 	0.0 	0.0 	0.9 	8.8 	0.1 	96 	0.092 	1.000 	0.040 	(1)	0.000 	0.000 	250 	0.032 		26 														WR139	1.5 	0.0 	0.0 	0.0 	0.0 	5.4 	52.7 	0.4 	139 	0.025 	1.000 	0.000 	(1)	0.000 	0.000 	#N/A	0.004 		2.9 																	Minnesota Vikings	Green Bay Packers	0 	0.0 	0 	0.0 	0.0 	0 	0.0 	0.0 	0.0 	0.0 	0.0 	0.0 	-		Minnesota Vikings	Chicago Bears	0 	0.0 	0 	0.0 	0.0 	0 	0.0 	0.0 	0.0 	0.0 	0.0 	0.0 	-		Minnesota Vikings	Tampa Bay Buccaneers	0 	0.0 	0 	0.0 	1.0 	1 	0.0 	0.0 	0.0 	0.0 	0.0 	1.1 	WR87		Minnesota Vikings	Miami Dolphins	0 	0.0 	0 	0.0 	1.0 	8 	0.0 	0.0 	0.0 	0.0 	0.0 	1.8 	WR76		Minnesota Vikings	New Orleans Saints	0 	0.0 	0 	0.0 	0.9 	9 	0.1 	0.0 	0.0 	0.0 	0.0 	2.1 	WR84		Minnesota Vikings	BYE	0 	0.0 	0 	0.0 	0.0 	0 	0.0 	0.0 	0.0 	0.0 	0.0 	0.0 	-		Minnesota Vikings	Indianapolis Colts	0 	0.0 	0 	0.0 	0.9 	9 	0.1 	0.0 	0.0 	0.0 	0.0 	2.2 	WR83		Minnesota Vikings	Detroit Lions	0 	0.0 	0 	0.0 	0.9 	9 	0.1 	0.0 	0.0 	0.0 	0.0 	2.2 	WR84		Minnesota Vikings	Buffalo Bills	0 	0.0 	0 	0.0 	0.9 	9 	0.1 	0.0 	0.0 	0.0 	0.0 	2.2 	WR88		Minnesota Vikings	Green Bay Packers	0 	0.0 	0 	0.0 	0.9 	9 	0.1 	0.0 	0.0 	0.0 	0.0 	2.1 	WR84		Minnesota Vikings	San Francisco 49ers	0 	0.0 	0 	0.0 	0.9 	9 	0.1 	0.0 	0.0 	0.0 	0.0 	2.2 	WR79		Minnesota Vikings	Atlanta Falcons	0 	0.0 	0 	0.0 	0.9 	9 	0.1 	0.0 	0.0 	0.0 	0.0 	2.1 	WR96		Minnesota Vikings	Carolina Panthers	0 	0.0 	0 	0.0 	0.9 	9 	0.1 	0.0 	0.0 	0.0 	0.0 	2.1 	WR86		Minnesota Vikings	New England Patriots	0 	0.0 	0 	0.0 	0.9 	9 	0.1 	0.0 	0.0 	0.0 	0.0 	2.1 	WR91		Minnesota Vikings	Detroit Lions	0 	0.0 	0 	0.0 	0.9 	9 	0.1 	0.0 	0.0 	0.0 	0.0 	2.2 	WR97		Minnesota Vikings	Washington Commanders	0 	0.0 	0 	0.0 	0.9 	9 	0.1 	0.0 	0.0 	0.0 	0.0 	2.2 	WR97		Minnesota Vikings	New York Jets	0 	0.0 	0 	0.0 	0.9 	9 	0.1 	0.0 	0.0 	0.0 	0.0 	2.1 	WR97		Actual	Actual	Actual	Actual	Forecast	Forecast	Forecast	Forecast	Forecast	Forecast	Forecast	Forecast	Forecast	Forecast	Forecast	Forecast	Forecast		Healthy	Injured	Healthy	Healthy	Healthy	Healthy	Healthy	Healthy	Healthy	Healthy	Healthy	Healthy	Healthy	Healthy	Healthy	Healthy	Healthy		Week 5 2026	10/8/2026	8:57:03 PM	20		4%	4%	0%	0%	0%	0%		0.0 	1	0	0	0	0	
	Tyson Bagent	Chicago Bears	QB	QB37	2.7 	38 	750 	53.6 	3.2 	0.2 	1 	0.1 	0.0 	0.0 	0.0 	0.0 	0 	0.0 	0.0 	0.0 	2.4 	0.2 	0.0 	0.096 	0.460 	0.040 	(2)	0.000 	0.000 	256 	347 	91 	35 	44 	9 	0.021 																0.0 	2.2 	0.0 	8.8 	12.7 	12.8 	0.1 	0.1 	0.1 	0.0 	0.1 	0.1 	0.1 	0.1 	0.1 	0.1 	0.1 		-	QB33	-	QB28	QB28	QB26	QB37	QB37	QB39	-	QB33	QB41	QB37	QB39	QB42	QB42	QB42		QB34	2.2 	35.7 	0.3 	0.0 	0.0 	0.0 	0.0 	0.0 	34 	0.096 	0.460 	0.055 	(1)	0.000 	0.000 	251 	0.029 		27 														QB39	5.5 	214.2 	1.6 	0.0 	0.0 	0.0 	0.0 	0.0 	39 	0.094 	0.460 	0.000 	(1)	0.000 	0.000 	#N/A	0.000 		11.0 																	Chicago Bears	Carolina Panthers	0 	0.0 	0 	0.0 	0.0 	0 	0.0 	0.0 	0.0 	0.0 	0.0 	0.0 	-		Chicago Bears	Minnesota Vikings	54 	0.0 	0 	0.0 	0.0 	0 	0.0 	0.0 	0.0 	0.0 	0.0 	2.2 	QB33		Chicago Bears	Philadelphia Eagles	0 	0.0 	0 	0.0 	0.0 	0 	0.0 	0.0 	0.0 	0.0 	0.0 	0.0 	-		Chicago Bears	New York Jets	268 	0.0 	1 	0.0 	0.0 	0 	0.0 	1.0 	0.0 	0.0 	0.0 	8.8 	QB28		Chicago Bears	Green Bay Packers	203 	1.5 	0 	0.0 	0.0 	0 	0.0 	0.6 	0.1 	0.0 	0.0 	12.7 	QB28		Chicago Bears	Atlanta Falcons	204 	1.5 	0 	0.0 	0.0 	0 	0.0 	0.6 	0.1 	0.0 	0.0 	12.8 	QB26		Chicago Bears	New England Patriots	2 	0.0 	0 	0.0 	0.0 	0 	0.0 	0.0 	0.0 	0.0 	0.0 	0.1 	QB37		Chicago Bears	Seattle Seahawks	2 	0.0 	0 	0.0 	0.0 	0 	0.0 	0.0 	0.0 	0.0 	0.0 	0.1 	QB37		Chicago Bears	Tampa Bay Buccaneers	2 	0.0 	0 	0.0 	0.0 	0 	0.0 	0.0 	0.0 	0.0 	0.0 	0.1 	QB39		Chicago Bears	BYE	0 	0.0 	0 	0.0 	0.0 	0 	0.0 	0.0 	0.0 	0.0 	0.0 	0.0 	-		Chicago Bears	New Orleans Saints	2 	0.0 	0 	0.0 	0.0 	0 	0.0 	0.0 	0.0 	0.0 	0.0 	0.1 	QB33		Chicago Bears	Detroit Lions	2 	0.0 	0 	0.0 	0.0 	0 	0.0 	0.0 	0.0 	0.0 	0.0 	0.1 	QB41		Chicago Bears	Jacksonville Jaguars	2 	0.0 	0 	0.0 	0.0 	0 	0.0 	0.0 	0.0 	0.0 	0.0 	0.1 	QB37		Chicago Bears	Miami Dolphins	2 	0.0 	0 	0.0 	0.0 	0 	0.0 	0.0 	0.0 	0.0 	0.0 	0.1 	QB39		Chicago Bears	Buffalo Bills	2 	0.0 	0 	0.0 	0.0 	0 	0.0 	0.0 	0.0 	0.0 	0.0 	0.1 	QB42		Chicago Bears	Green Bay Packers	2 	0.0 	0 	0.0 	0.0 	0 	0.0 	0.0 	0.0 	0.0 	0.0 	0.1 	QB42		Chicago Bears	Detroit Lions	2 	0.0 	0 	0.0 	0.0 	0 	0.0 	0.0 	0.0 	0.0 	0.0 	0.1 	QB42		Actual	Actual	Actual	Actual	Forecast	Forecast	Forecast	Forecast	Forecast	Forecast	Forecast	Forecast	Forecast	Forecast	Forecast	Forecast	Forecast		Healthy	Healthy	Healthy	Healthy	Healthy	Healthy	Healthy	Healthy	Healthy	Healthy	Healthy	Healthy	Healthy	Healthy	Healthy	Healthy	Healthy		Week 5 2026	10/8/2026	8:57:03 PM	20		0%	0%	0%	0%	1%	1%		0.0 	0	0	0	0	0	0.029011 
	Isiah Pacheco	Detroit Lions	RB	RB77	3.3 	17 	0 	0.0 	0.0 	0.0 	81 	16.2 	0.8 	0.2 	2.4 	0.5 	13 	2.5 	0.1 	0.0 	0.0 	0.2 	0.0 	0.042 	1.000 	0.043 	(1)	0.000 	0.000 	254 	169 	(85)	77 	54 	(23)	0.026 				-	-		-	-		-	-		-	-		0.0 	0.0 	0.0 	0.0 	0.0 	0.0 	0.0 	0.0 	0.0 	0.0 	0.0 	0.0 	3.3 	3.7 	3.2 	3.5 	3.1 		-	-	-	-	-	-	-	-	-	-	-	-	RB54	RB54	RB62	RB59	RB62		RB76	3.3 	0.0 	0.0 	16.2 	0.2 	0.5 	2.5 	0.0 	76 	0.060 	1.000 	0.056 	(1)	0.000 	0.000 	249 	0.034 		17 														-	0.0 	0.0 	0.0 	0.0 	0.0 	0.0 	0.0 	0.0 	#N/A	0.000 	1.000 	#N/A	(1)	0.000 	0.000 	#N/A	#N/A		0.0 																	Detroit Lions	New Orleans Saints	0 	0.0 	0 	0.0 	0.0 	0 	0.0 	0.0 	0.0 	0.0 	0.0 	0.0 	-		Detroit Lions	Buffalo Bills	0 	0.0 	0 	0.0 	0.0 	0 	0.0 	0.0 	0.0 	0.0 	0.0 	0.0 	-		Detroit Lions	New York Jets	0 	0.0 	0 	0.0 	0.0 	0 	0.0 	0.0 	0.0 	0.0 	0.0 	0.0 	-		Detroit Lions	Carolina Panthers	0 	0.0 	0 	0.0 	0.0 	0 	0.0 	0.0 	0.0 	0.0 	0.0 	0.0 	-		Detroit Lions	Arizona Cardinals	0 	0.0 	0 	0.0 	0.0 	0 	0.0 	0.0 	0.0 	0.0 	0.0 	0.0 	-		Detroit Lions	BYE	0 	0.0 	0 	0.0 	0.0 	0 	0.0 	0.0 	0.0 	0.0 	0.0 	0.0 	-		Detroit Lions	Green Bay Packers	0 	0.0 	0 	0.0 	0.0 	0 	0.0 	0.0 	0.0 	0.0 	0.0 	0.0 	-		Detroit Lions	Minnesota Vikings	0 	0.0 	0 	0.0 	0.0 	0 	0.0 	0.0 	0.0 	0.0 	0.0 	0.0 	-		Detroit Lions	Miami Dolphins	0 	0.0 	0 	0.0 	0.0 	0 	0.0 	0.0 	0.0 	0.0 	0.0 	0.0 	-		Detroit Lions	New England Patriots	0 	0.0 	0 	0.0 	0.0 	0 	0.0 	0.0 	0.0 	0.0 	0.0 	0.0 	-		Detroit Lions	Tampa Bay Buccaneers	0 	0.0 	0 	0.0 	0.0 	0 	0.0 	0.0 	0.0 	0.0 	0.0 	0.0 	-		Detroit Lions	Chicago Bears	0 	0.0 	0 	0.0 	0.0 	0 	0.0 	0.0 	0.0 	0.0 	0.0 	0.0 	-		Detroit Lions	Atlanta Falcons	0 	0.0 	16 	0.2 	0.5 	3 	0.0 	0.0 	0.0 	0.0 	0.0 	3.3 	RB54		Detroit Lions	Tennessee Titans	0 	0.0 	18 	0.2 	0.5 	2 	0.0 	0.0 	0.0 	0.0 	0.0 	3.7 	RB54		Detroit Lions	Minnesota Vikings	0 	0.0 	15 	0.1 	0.5 	2 	0.0 	0.0 	0.0 	0.0 	0.0 	3.2 	RB62		Detroit Lions	New York Giants	0 	0.0 	17 	0.2 	0.5 	3 	0.0 	0.0 	0.0 	0.0 	0.0 	3.5 	RB59		Detroit Lions	Chicago Bears	0 	0.0 	15 	0.1 	0.5 	3 	0.0 	0.0 	0.0 	0.0 	0.0 	3.1 	RB62		Actual	Actual	Actual	Actual	Forecast	Forecast	Forecast	Forecast	Forecast	Forecast	Forecast	Forecast	Forecast	Forecast	Forecast	Forecast	Forecast		Injured	Injured	Injured	Injured	Injured	Injured	Injured	Injured	Injured	Injured	Injured	Injured	Healthy	Healthy	Healthy	Healthy	Healthy		Week 5 2026	10/8/2026	8:57:03 PM	20		1%	1%	15%	18%	0%	0%		0.0 	1	1	1	1	1	
	Jack Bech	Las Vegas Raiders	WR	WR98	2.9 	27 	0 	0.0 	0.0 	0.0 	0 	0.0 	0.0 	0.0 	9.2 	1.0 	95 	10.6 	1.3 	0.1 	0.0 	0.0 	0.0 	0.067 	1.000 	0.020 	(1)	0.000 	0.000 	257 	302 	45 	98 	101 	3 	0.019 				-	-		-	-		-	-		-	-		11.3 	4.5 	0.0 	0.0 	0.0 	0.0 	0.0 	0.0 	0.0 	1.5 	1.5 	1.5 	0.0 	1.6 	1.5 	1.6 	1.6 		WR29	WR65	-	-	-	-	-	-	-	WR88	WR81	WR100	-	WR95	WR101	WR101	WR101		WR104	1.5 	0.0 	0.0 	0.0 	0.0 	0.6 	6.7 	0.0 	104 	0.038 	1.000 	0.000 	(1)	0.000 	0.000 	265 	0.006 		11 														WR96	7.9 	0.0 	0.0 	0.0 	0.0 	2.1 	23.5 	0.2 	96 	0.135 	1.000 	0.040 	(1)	0.000 	0.000 	#N/A	0.038 		15.8 																	Las Vegas Raiders	Miami Dolphins	0 	0.0 	0 	0.0 	3.0 	23 	1.0 	0.0 	0.0 	0.0 	0.0 	11.3 	WR29		Las Vegas Raiders	Los Angeles Chargers	0 	0.0 	0 	0.0 	2.0 	25 	0.0 	0.0 	0.0 	0.0 	0.0 	4.5 	WR65		Las Vegas Raiders	New Orleans Saints	0 	0.0 	0 	0.0 	0.0 	0 	0.0 	0.0 	0.0 	0.0 	0.0 	0.0 	-		Las Vegas Raiders	Kansas City Chiefs	0 	0.0 	0 	0.0 	0.0 	0 	0.0 	0.0 	0.0 	0.0 	0.0 	0.0 	-		Las Vegas Raiders	New England Patriots	0 	0.0 	0 	0.0 	0.0 	0 	0.0 	0.0 	0.0 	0.0 	0.0 	0.0 	-		Las Vegas Raiders	Buffalo Bills	0 	0.0 	0 	0.0 	0.0 	0 	0.0 	0.0 	0.0 	0.0 	0.0 	0.0 	-		Las Vegas Raiders	Los Angeles Rams	0 	0.0 	0 	0.0 	0.0 	0 	0.0 	0.0 	0.0 	0.0 	0.0 	0.0 	-		Las Vegas Raiders	New York Jets	0 	0.0 	0 	0.0 	0.0 	0 	0.0 	0.0 	0.0 	0.0 	0.0 	0.0 	-		Las Vegas Raiders	San Francisco 49ers	0 	0.0 	0 	0.0 	0.0 	0 	0.0 	0.0 	0.0 	0.0 	0.0 	0.0 	-		Las Vegas Raiders	Seattle Seahawks	0 	0.0 	0 	0.0 	0.6 	7 	0.0 	0.0 	0.0 	0.0 	0.0 	1.5 	WR88		Las Vegas Raiders	Denver Broncos	0 	0.0 	0 	0.0 	0.6 	7 	0.0 	0.0 	0.0 	0.0 	0.0 	1.5 	WR81		Las Vegas Raiders	Cleveland Browns	0 	0.0 	0 	0.0 	0.6 	7 	0.0 	0.0 	0.0 	0.0 	0.0 	1.5 	WR100		Las Vegas Raiders	BYE	0 	0.0 	0 	0.0 	0.0 	0 	0.0 	0.0 	0.0 	0.0 	0.0 	0.0 	-		Las Vegas Raiders	Los Angeles Chargers	0 	0.0 	0 	0.0 	0.6 	7 	0.0 	0.0 	0.0 	0.0 	0.0 	1.6 	WR95		Las Vegas Raiders	Denver Broncos	0 	0.0 	0 	0.0 	0.6 	7 	0.0 	0.0 	0.0 	0.0 	0.0 	1.5 	WR101		Las Vegas Raiders	Tennessee Titans	0 	0.0 	0 	0.0 	0.6 	7 	0.0 	0.0 	0.0 	0.0 	0.0 	1.6 	WR101		Las Vegas Raiders	Arizona Cardinals	0 	0.0 	0 	0.0 	0.6 	7 	0.0 	0.0 	0.0 	0.0 	0.0 	1.6 	WR101		Actual	Actual	Actual	Actual	Forecast	Forecast	Forecast	Forecast	Forecast	Forecast	Forecast	Forecast	Forecast	Forecast	Forecast	Forecast	Forecast		Healthy	Healthy	Healthy	Injured	Injured	Injured	Injured	Injured	Injured	Healthy	Healthy	Healthy	Healthy	Healthy	Healthy	Healthy	Healthy		Week 5 2026	10/8/2026	8:57:03 PM	20		3%	3%	0%	0%	0%	0%		(0.0)	0	0	1	1	1	
	Jordan Whittington	Los Angeles Rams	WR	WR99	1.9 	26 	0 	0.0 	0.0 	0.0 	0 	0.0 	0.0 	0.0 	10.9 	0.8 	97 	6.9 	0.9 	0.1 	0.0 	0.0 	0.0 	0.066 	1.000 	0.010 	(1)	0.000 	0.000 	259 	373 	114 	99 	117 	18 	0.014 																1.8 	0.0 	0.0 	1.4 	2.0 	2.0 	1.9 	1.9 	1.9 	1.9 	0.0 	1.9 	1.9 	1.9 	1.9 	1.8 	1.9 		WR86	-	-	WR77	WR85	WR81	WR84	WR85	WR90	WR85	-	WR98	WR88	WR93	WR99	WR99	WR99		WR97	1.9 	0.0 	0.0 	0.0 	0.0 	0.7 	7.1 	0.1 	97 	0.082 	1.000 	0.030 	(1)	0.000 	0.000 	252 	0.026 		23 														WR136	1.6 	0.0 	0.0 	0.0 	0.0 	4.5 	42.3 	0.5 	136 	0.027 	1.000 	0.000 	(1)	0.000 	0.000 	#N/A	0.004 		3.2 																	Los Angeles Rams	San Francisco 49ers	0 	0.0 	0 	0.0 	1.0 	8 	0.0 	0.0 	0.0 	0.0 	0.0 	1.8 	WR86		Los Angeles Rams	New York Giants	0 	0.0 	0 	0.0 	0.0 	0 	0.0 	0.0 	0.0 	0.0 	0.0 	0.0 	-		Los Angeles Rams	Denver Broncos	0 	0.0 	0 	0.0 	0.0 	0 	0.0 	0.0 	0.0 	0.0 	0.0 	0.0 	-		Los Angeles Rams	Philadelphia Eagles	0 	0.0 	0 	0.0 	1.0 	4 	0.0 	0.0 	0.0 	0.0 	0.0 	1.4 	WR77		Los Angeles Rams	Buffalo Bills	0 	0.0 	0 	0.0 	0.8 	7 	0.1 	0.0 	0.0 	0.0 	0.0 	2.0 	WR85		Los Angeles Rams	Arizona Cardinals	0 	0.0 	0 	0.0 	0.8 	7 	0.1 	0.0 	0.0 	0.0 	0.0 	2.0 	WR81		Los Angeles Rams	Las Vegas Raiders	0 	0.0 	0 	0.0 	0.7 	7 	0.1 	0.0 	0.0 	0.0 	0.0 	1.9 	WR84		Los Angeles Rams	Los Angeles Chargers	0 	0.0 	0 	0.0 	0.7 	7 	0.1 	0.0 	0.0 	0.0 	0.0 	1.9 	WR85		Los Angeles Rams	Washington Commanders	0 	0.0 	0 	0.0 	0.8 	7 	0.1 	0.0 	0.0 	0.0 	0.0 	1.9 	WR90		Los Angeles Rams	Arizona Cardinals	0 	0.0 	0 	0.0 	0.7 	7 	0.1 	0.0 	0.0 	0.0 	0.0 	1.9 	WR85		Los Angeles Rams	BYE	0 	0.0 	0 	0.0 	0.0 	0 	0.0 	0.0 	0.0 	0.0 	0.0 	0.0 	-		Los Angeles Rams	Green Bay Packers	0 	0.0 	0 	0.0 	0.7 	7 	0.1 	0.0 	0.0 	0.0 	0.0 	1.9 	WR98		Los Angeles Rams	Kansas City Chiefs	0 	0.0 	0 	0.0 	0.7 	7 	0.1 	0.0 	0.0 	0.0 	0.0 	1.9 	WR88		Los Angeles Rams	San Francisco 49ers	0 	0.0 	0 	0.0 	0.7 	7 	0.1 	0.0 	0.0 	0.0 	0.0 	1.9 	WR93		Los Angeles Rams	Dallas Cowboys	0 	0.0 	0 	0.0 	0.7 	7 	0.1 	0.0 	0.0 	0.0 	0.0 	1.9 	WR99		Los Angeles Rams	Seattle Seahawks	0 	0.0 	0 	0.0 	0.7 	7 	0.1 	0.0 	0.0 	0.0 	0.0 	1.8 	WR99		Los Angeles Rams	Tampa Bay Buccaneers	0 	0.0 	0 	0.0 	0.7 	7 	0.1 	0.0 	0.0 	0.0 	0.0 	1.9 	WR99		Actual	Actual	Actual	Actual	Forecast	Forecast	Forecast	Forecast	Forecast	Forecast	Forecast	Forecast	Forecast	Forecast	Forecast	Forecast	Forecast		Healthy	Injured	Healthy	Healthy	Healthy	Healthy	Healthy	Healthy	Healthy	Healthy	Healthy	Healthy	Healthy	Healthy	Healthy	Healthy	Healthy		Week 5 2026	10/8/2026	8:57:03 PM	20		3%	4%	0%	0%	0%	0%		0.0 	1	0	0	0	0	
	Adam Randall	Baltimore Ravens	RB	RB78	0.5 	5 	0 	0.0 	0.0 	0.0 	34 	3.1 	0.3 	0.0 	0.0 	0.0 	0 	0.0 	0.0 	0.0 	0.0 	0.1 	0.0 	0.013 	1.000 	0.030 	(1)	0.000 	0.000 	258 	0 	(258)	78 	0 	(78)	0.016 																0.0 	0.0 	0.0 	0.0 	0.0 	0.4 	0.5 	0.4 	0.5 	0.5 	0.5 	0.4 	0.0 	0.5 	0.5 	0.5 	0.4 		-	-	-	-	-	RB62	RB61	RB62	RB70	RB65	RB59	RB76	-	RB74	RB77	RB77	RB77		RB77	0.5 	0.0 	0.0 	3.1 	0.0 	0.0 	0.0 	0.0 	77 	0.018 	1.000 	0.043 	(1)	0.000 	0.000 	253 	0.022 		5 															0.0 	0.0 	0.0 	0.0 	0.0 	0.0 	0.0 	0.0 	#N/A	0.000 	1.000 	#N/A	(1)	0.000 	0.000 	#N/A	#N/A		0.0 																	Baltimore Ravens	Indianapolis Colts	0 	0.0 	0 	0.0 	0.0 	0 	0.0 	0.0 	0.0 	0.0 	0.0 	0.0 	-		Baltimore Ravens	New Orleans Saints	0 	0.0 	0 	0.0 	0.0 	0 	0.0 	0.0 	0.0 	0.0 	0.0 	0.0 	-		Baltimore Ravens	Dallas Cowboys	0 	0.0 	0 	0.0 	0.0 	0 	0.0 	0.0 	0.0 	0.0 	0.0 	0.0 	-		Baltimore Ravens	Tennessee Titans	0 	0.0 	0 	0.0 	0.0 	0 	0.0 	0.0 	0.0 	0.0 	0.0 	0.0 	-		Baltimore Ravens	Atlanta Falcons	0 	0.0 	0 	0.0 	0.0 	0 	0.0 	0.0 	0.0 	0.0 	0.0 	0.0 	-		Baltimore Ravens	Cleveland Browns	0 	0.0 	3 	0.0 	0.0 	0 	0.0 	0.0 	0.0 	0.0 	0.0 	0.4 	RB62		Baltimore Ravens	Cincinnati Bengals	0 	0.0 	3 	0.0 	0.0 	0 	0.0 	0.0 	0.0 	0.0 	0.0 	0.5 	RB61		Baltimore Ravens	Buffalo Bills	0 	0.0 	3 	0.0 	0.0 	0 	0.0 	0.0 	0.0 	0.0 	0.0 	0.4 	RB62		Baltimore Ravens	Jacksonville Jaguars	0 	0.0 	3 	0.0 	0.0 	0 	0.0 	0.0 	0.0 	0.0 	0.0 	0.5 	RB70		Baltimore Ravens	Los Angeles Chargers	0 	0.0 	3 	0.0 	0.0 	0 	0.0 	0.0 	0.0 	0.0 	0.0 	0.5 	RB65		Baltimore Ravens	Carolina Panthers	0 	0.0 	3 	0.0 	0.0 	0 	0.0 	0.0 	0.0 	0.0 	0.0 	0.5 	RB59		Baltimore Ravens	Houston Texans	0 	0.0 	3 	0.0 	0.0 	0 	0.0 	0.0 	0.0 	0.0 	0.0 	0.4 	RB76		Baltimore Ravens	BYE	0 	0.0 	0 	0.0 	0.0 	0 	0.0 	0.0 	0.0 	0.0 	0.0 	0.0 	-		Baltimore Ravens	Tampa Bay Buccaneers	0 	0.0 	3 	0.0 	0.0 	0 	0.0 	0.0 	0.0 	0.0 	0.0 	0.5 	RB74		Baltimore Ravens	Pittsburgh Steelers	0 	0.0 	3 	0.0 	0.0 	0 	0.0 	0.0 	0.0 	0.0 	0.0 	0.5 	RB77		Baltimore Ravens	Cleveland Browns	0 	0.0 	3 	0.0 	0.0 	0 	0.0 	0.0 	0.0 	0.0 	0.0 	0.5 	RB77		Baltimore Ravens	Cincinnati Bengals	0 	0.0 	3 	0.0 	0.0 	0 	0.0 	0.0 	0.0 	0.0 	0.0 	0.4 	RB77		Actual	Actual	Actual	Actual	Forecast	Forecast	Forecast	Forecast	Forecast	Forecast	Forecast	Forecast	Forecast	Forecast	Forecast	Forecast	Forecast		Injured	Injured	Injured	Injured	Injured	Healthy	Healthy	Healthy	Healthy	Healthy	Healthy	Healthy	Healthy	Healthy	Healthy	Healthy	Healthy		Week 5 2026	10/8/2026	8:57:03 PM	20		0%	0%	2%	2%	0%	0%		0.0 	1	1	1	1	0	
	Olamide Zaccheaus	Atlanta Falcons	WR	WR100	1.7 	26 	0 	0.0 	0.0 	0.0 	0 	0.0 	0.0 	0.0 	13.5 	0.9 	88 	5.9 	0.6 	0.0 	0.0 	0.0 	0.0 	0.066 	1.000 	0.000 	(1)	0.000 	0.000 	260 	0 	(260)	100 	0 	(100)	0.010 																1.5 	1.3 	2.9 	0.0 	1.7 	1.7 	1.7 	1.7 	1.8 	1.7 	0.0 	1.6 	1.7 	1.6 	1.7 	1.7 	1.7 		WR88	WR85	WR78	-	WR86	WR82	WR85	WR86	WR91	WR86	-	WR99	WR89	WR94	WR100	WR100	WR100		WR98	1.7 	0.0 	0.0 	0.0 	0.0 	0.8 	5.9 	0.1 	98 	0.072 	1.000 	0.020 	(1)	0.000 	0.000 	255 	0.020 		20 														WR126	1.9 	0.0 	0.0 	0.0 	0.0 	3.2 	23.7 	0.2 	126 	0.049 	1.000 	0.000 	(1)	0.000 	0.000 	#N/A	0.007 		5.7 																	Atlanta Falcons	Pittsburgh Steelers	0 	0.0 	0 	0.0 	1.0 	5 	0.0 	0.0 	0.0 	0.0 	0.0 	1.5 	WR88		Atlanta Falcons	Carolina Panthers	0 	0.0 	0 	0.0 	1.0 	3 	0.0 	0.0 	0.0 	0.0 	0.0 	1.3 	WR85		Atlanta Falcons	Green Bay Packers	0 	0.0 	0 	0.0 	2.0 	9 	0.0 	0.0 	0.0 	0.0 	0.0 	2.9 	WR78		Atlanta Falcons	New Orleans Saints	0 	0.0 	0 	0.0 	0.0 	0 	0.0 	0.0 	0.0 	0.0 	0.0 	0.0 	-		Atlanta Falcons	Baltimore Ravens	0 	0.0 	0 	0.0 	0.8 	6 	0.1 	0.0 	0.0 	0.0 	0.0 	1.7 	WR86		Atlanta Falcons	Chicago Bears	0 	0.0 	0 	0.0 	0.8 	6 	0.1 	0.0 	0.0 	0.0 	0.0 	1.7 	WR82		Atlanta Falcons	San Francisco 49ers	0 	0.0 	0 	0.0 	0.8 	6 	0.1 	0.0 	0.0 	0.0 	0.0 	1.7 	WR85		Atlanta Falcons	Tampa Bay Buccaneers	0 	0.0 	0 	0.0 	0.8 	6 	0.1 	0.0 	0.0 	0.0 	0.0 	1.7 	WR86		Atlanta Falcons	Cincinnati Bengals	0 	0.0 	0 	0.0 	0.8 	6 	0.1 	0.0 	0.0 	0.0 	0.0 	1.8 	WR91		Atlanta Falcons	Kansas City Chiefs	0 	0.0 	0 	0.0 	0.8 	6 	0.0 	0.0 	0.0 	0.0 	0.0 	1.7 	WR86		Atlanta Falcons	BYE	0 	0.0 	0 	0.0 	0.0 	0 	0.0 	0.0 	0.0 	0.0 	0.0 	0.0 	-		Atlanta Falcons	Minnesota Vikings	0 	0.0 	0 	0.0 	0.8 	6 	0.0 	0.0 	0.0 	0.0 	0.0 	1.6 	WR99		Atlanta Falcons	Detroit Lions	0 	0.0 	0 	0.0 	0.8 	6 	0.1 	0.0 	0.0 	0.0 	0.0 	1.7 	WR89		Atlanta Falcons	Cleveland Browns	0 	0.0 	0 	0.0 	0.8 	6 	0.0 	0.0 	0.0 	0.0 	0.0 	1.6 	WR94		Atlanta Falcons	Washington Commanders	0 	0.0 	0 	0.0 	0.8 	6 	0.1 	0.0 	0.0 	0.0 	0.0 	1.7 	WR100		Atlanta Falcons	Tampa Bay Buccaneers	0 	0.0 	0 	0.0 	0.8 	6 	0.1 	0.0 	0.0 	0.0 	0.0 	1.7 	WR100		Atlanta Falcons	New Orleans Saints	0 	0.0 	0 	0.0 	0.8 	6 	0.1 	0.0 	0.0 	0.0 	0.0 	1.7 	WR100		Actual	Actual	Actual	Actual	Forecast	Forecast	Forecast	Forecast	Forecast	Forecast	Forecast	Forecast	Forecast	Forecast	Forecast	Forecast	Forecast		Healthy	Healthy	Healthy	Healthy	Healthy	Healthy	Healthy	Healthy	Healthy	Healthy	Healthy	Healthy	Healthy	Healthy	Healthy	Healthy	Healthy		Week 5 2026	10/8/2026	8:57:03 PM	20		3%	4%	0%	0%	0%	0%		0.0 	0	0	0	0	0	0.012537 
	Omar Cooper Jr.	New York Jets	WR	WR101	1.7 	20 	0 	0.0 	0.0 	0.0 	0 	0.0 	0.0 	0.0 	6.5 	0.5 	102 	8.5 	0.6 	0.0 	0.0 	0.0 	0.0 	0.051 	1.000 	0.000 	(1)	0.000 	0.000 	262 	224 	(38)	101 	73 	(28)	0.008 																4.0 	0.0 	0.0 	0.0 	0.0 	1.4 	1.5 	1.5 	1.4 	1.5 	1.4 	1.5 	0.0 	1.4 	1.5 	1.4 	1.4 		WR74	-	-	-	-	WR83	WR86	WR87	WR92	WR87	WR82	WR101	-	WR96	WR102	WR102	WR102		WR100	1.5 	0.0 	0.0 	0.0 	0.0 	0.5 	6.5 	0.1 	100 	0.057 	1.000 	0.000 	(1)	0.000 	0.000 	259 	0.009 		16 														WR132	4.0 	0.0 	0.0 	0.0 	0.0 	5.5 	72.0 	0.6 	132 	0.034 	1.000 	0.000 	(1)	0.000 	0.000 	#N/A	0.005 		4.0 																	New York Jets	Tennessee Titans	0 	0.0 	0 	0.0 	1.0 	30 	0.0 	0.0 	0.0 	0.0 	0.0 	4.0 	WR74		New York Jets	Green Bay Packers	0 	0.0 	0 	0.0 	0.0 	0 	0.0 	0.0 	0.0 	0.0 	0.0 	0.0 	-		New York Jets	Detroit Lions	0 	0.0 	0 	0.0 	0.0 	0 	0.0 	0.0 	0.0 	0.0 	0.0 	0.0 	-		New York Jets	Chicago Bears	0 	0.0 	0 	0.0 	0.0 	0 	0.0 	0.0 	0.0 	0.0 	0.0 	0.0 	-		New York Jets	Cleveland Browns	0 	0.0 	0 	0.0 	0.0 	0 	0.0 	0.0 	0.0 	0.0 	0.0 	0.0 	-		New York Jets	New England Patriots	0 	0.0 	0 	0.0 	0.5 	6 	0.0 	0.0 	0.0 	0.0 	0.0 	1.4 	WR83		New York Jets	Miami Dolphins	0 	0.0 	0 	0.0 	0.5 	7 	0.1 	0.0 	0.0 	0.0 	0.0 	1.5 	WR86		New York Jets	Las Vegas Raiders	0 	0.0 	0 	0.0 	0.5 	7 	0.1 	0.0 	0.0 	0.0 	0.0 	1.5 	WR87		New York Jets	Kansas City Chiefs	0 	0.0 	0 	0.0 	0.5 	7 	0.0 	0.0 	0.0 	0.0 	0.0 	1.4 	WR92		New York Jets	Buffalo Bills	0 	0.0 	0 	0.0 	0.5 	7 	0.1 	0.0 	0.0 	0.0 	0.0 	1.5 	WR87		New York Jets	Los Angeles Chargers	0 	0.0 	0 	0.0 	0.5 	7 	0.0 	0.0 	0.0 	0.0 	0.0 	1.4 	WR82		New York Jets	Miami Dolphins	0 	0.0 	0 	0.0 	0.5 	7 	0.1 	0.0 	0.0 	0.0 	0.0 	1.5 	WR101		New York Jets	BYE	0 	0.0 	0 	0.0 	0.0 	0 	0.0 	0.0 	0.0 	0.0 	0.0 	0.0 	-		New York Jets	Denver Broncos	0 	0.0 	0 	0.0 	0.5 	7 	0.0 	0.0 	0.0 	0.0 	0.0 	1.4 	WR96		New York Jets	Arizona Cardinals	0 	0.0 	0 	0.0 	0.5 	7 	0.1 	0.0 	0.0 	0.0 	0.0 	1.5 	WR102		New York Jets	New England Patriots	0 	0.0 	0 	0.0 	0.5 	7 	0.0 	0.0 	0.0 	0.0 	0.0 	1.4 	WR102		New York Jets	Minnesota Vikings	0 	0.0 	0 	0.0 	0.5 	6 	0.0 	0.0 	0.0 	0.0 	0.0 	1.4 	WR102		Actual	Actual	Actual	Actual	Forecast	Forecast	Forecast	Forecast	Forecast	Forecast	Forecast	Forecast	Forecast	Forecast	Forecast	Forecast	Forecast		Healthy	Injured	Injured	Injured	Injured	Limited / Handicapped	Healthy	Healthy	Healthy	Healthy	Healthy	Healthy	Healthy	Healthy	Healthy	Healthy	Healthy		Week 5 2026	10/8/2026	8:57:03 PM	20		3%	4%	0%	0%	0%	0%		0.0 	1	1	1	1	0	
	Jaylin Lane	Washington Commanders	WR	WR102	1.2 	16 	0 	0.0 	0.0 	0.0 	0 	0.0 	0.0 	0.0 	5.5 	0.4 	72 	5.6 	0.5 	0.0 	0.0 	0.0 	0.0 	0.040 	1.000 	0.000 	(1)	0.000 	0.000 	263 	0 	(263)	102 	0 	(102)	0.006 																1.4 	0.0 	3.1 	0.0 	0.0 	1.0 	0.0 	1.0 	1.0 	1.0 	1.1 	1.0 	1.0 	1.0 	1.0 	1.0 	1.0 		WR89	-	WR75	-	-	WR85	-	WR89	WR93	WR90	WR84	WR103	WR91	WR98	WR104	WR104	WR104		WR103	1.0 	0.0 	0.0 	0.0 	0.0 	0.3 	4.3 	0.0 	103 	0.040 	1.000 	0.000 	(1)	0.000 	0.000 	264 	0.006 		11 														WR131	2.3 	0.0 	0.0 	0.0 	0.0 	1.7 	23.7 	0.2 	131 	0.039 	1.000 	0.000 	(1)	0.000 	0.000 	#N/A	0.006 		4.5 																	Washington Commanders	Philadelphia Eagles	0 	0.0 	0 	0.0 	1.0 	4 	0.0 	0.0 	0.0 	0.0 	0.0 	1.4 	WR89		Washington Commanders	Dallas Cowboys	0 	0.0 	0 	0.0 	0.0 	0 	0.0 	0.0 	0.0 	0.0 	0.0 	0.0 	-		Washington Commanders	Seattle Seahawks	0 	0.0 	0 	0.0 	1.0 	21 	0.0 	0.0 	0.0 	0.0 	0.0 	3.1 	WR75		Washington Commanders	Indianapolis Colts	0 	0.0 	0 	0.0 	0.0 	0 	0.0 	0.0 	0.0 	0.0 	0.0 	0.0 	-		Washington Commanders	New York Giants	0 	0.0 	0 	0.0 	0.0 	0 	0.0 	0.0 	0.0 	0.0 	0.0 	0.0 	-		Washington Commanders	San Francisco 49ers	0 	0.0 	0 	0.0 	0.3 	4 	0.0 	0.0 	0.0 	0.0 	0.0 	1.0 	WR85		Washington Commanders	BYE	0 	0.0 	0 	0.0 	0.0 	0 	0.0 	0.0 	0.0 	0.0 	0.0 	0.0 	-		Washington Commanders	Philadelphia Eagles	0 	0.0 	0 	0.0 	0.3 	4 	0.0 	0.0 	0.0 	0.0 	0.0 	1.0 	WR89		Washington Commanders	Los Angeles Rams	0 	0.0 	0 	0.0 	0.3 	4 	0.0 	0.0 	0.0 	0.0 	0.0 	1.0 	WR93		Washington Commanders	New York Giants	0 	0.0 	0 	0.0 	0.3 	4 	0.0 	0.0 	0.0 	0.0 	0.0 	1.0 	WR90		Washington Commanders	Cincinnati Bengals	0 	0.0 	0 	0.0 	0.3 	4 	0.0 	0.0 	0.0 	0.0 	0.0 	1.1 	WR84		Washington Commanders	Arizona Cardinals	0 	0.0 	0 	0.0 	0.3 	4 	0.0 	0.0 	0.0 	0.0 	0.0 	1.0 	WR103		Washington Commanders	Tennessee Titans	0 	0.0 	0 	0.0 	0.3 	4 	0.0 	0.0 	0.0 	0.0 	0.0 	1.0 	WR91		Washington Commanders	Houston Texans	0 	0.0 	0 	0.0 	0.3 	4 	0.0 	0.0 	0.0 	0.0 	0.0 	1.0 	WR98		Washington Commanders	Atlanta Falcons	0 	0.0 	0 	0.0 	0.3 	4 	0.0 	0.0 	0.0 	0.0 	0.0 	1.0 	WR104		Washington Commanders	Minnesota Vikings	0 	0.0 	0 	0.0 	0.3 	4 	0.0 	0.0 	0.0 	0.0 	0.0 	1.0 	WR104		Washington Commanders	Jacksonville Jaguars	0 	0.0 	0 	0.0 	0.3 	4 	0.0 	0.0 	0.0 	0.0 	0.0 	1.0 	WR104		Actual	Actual	Actual	Actual	Forecast	Forecast	Forecast	Forecast	Forecast	Forecast	Forecast	Forecast	Forecast	Forecast	Forecast	Forecast	Forecast		Healthy	Healthy	Healthy	Healthy	Injured	Healthy	Healthy	Healthy	Healthy	Healthy	Healthy	Healthy	Healthy	Healthy	Healthy	Healthy	Healthy		Week 5 2026	10/8/2026	8:57:03 PM	20		2%	3%	0%	0%	0%	0%		0.0 	0	0	0	1	0	
	Cyrus Allen	Kansas City Chiefs	WR	WR103	1.1 	13 	0 	0.0 	0.0 	0.0 	0 	0.0 	0.0 	0.0 	4.4 	0.4 	50 	4.2 	0.5 	0.0 	0.0 	0.0 	0.0 	0.032 	1.000 	0.000 	(1)	0.000 	0.000 	264 	203 	(61)	103 	67 	(36)	0.005 																0.0 	0.0 	0.0 	0.0 	0.0 	1.1 	1.0 	1.0 	1.0 	1.1 	1.1 	1.1 	1.1 	1.1 	1.1 	1.1 	1.0 		-	-	-	-	-	WR84	WR87	WR88	WR94	WR89	WR83	WR102	WR90	WR97	WR103	WR103	WR103		WR101	1.1 	0.0 	0.0 	0.0 	0.0 	0.4 	4.2 	0.0 	101 	0.045 	1.000 	0.000 	(1)	0.000 	0.000 	262 	0.007 		13 														-	0.0 	0.0 	0.0 	0.0 	0.0 	0.0 	0.0 	0.0 	#N/A	0.000 	1.000 	#N/A	(1)	0.000 	0.000 	#N/A	#N/A		0.0 																	Kansas City Chiefs	Denver Broncos	0 	0.0 	0 	0.0 	0.0 	0 	0.0 	0.0 	0.0 	0.0 	0.0 	0.0 	-		Kansas City Chiefs	Indianapolis Colts	0 	0.0 	0 	0.0 	0.0 	0 	0.0 	0.0 	0.0 	0.0 	0.0 	0.0 	-		Kansas City Chiefs	Miami Dolphins	0 	0.0 	0 	0.0 	0.0 	0 	0.0 	0.0 	0.0 	0.0 	0.0 	0.0 	-		Kansas City Chiefs	Las Vegas Raiders	0 	0.0 	0 	0.0 	0.0 	0 	0.0 	0.0 	0.0 	0.0 	0.0 	0.0 	-		Kansas City Chiefs	BYE	0 	0.0 	0 	0.0 	0.0 	0 	0.0 	0.0 	0.0 	0.0 	0.0 	0.0 	-		Kansas City Chiefs	Los Angeles Chargers	0 	0.0 	0 	0.0 	0.4 	4 	0.0 	0.0 	0.0 	0.0 	0.0 	1.1 	WR84		Kansas City Chiefs	Seattle Seahawks	0 	0.0 	0 	0.0 	0.4 	4 	0.0 	0.0 	0.0 	0.0 	0.0 	1.0 	WR87		Kansas City Chiefs	Denver Broncos	0 	0.0 	0 	0.0 	0.4 	4 	0.0 	0.0 	0.0 	0.0 	0.0 	1.0 	WR88		Kansas City Chiefs	New York Jets	0 	0.0 	0 	0.0 	0.3 	4 	0.0 	0.0 	0.0 	0.0 	0.0 	1.0 	WR94		Kansas City Chiefs	Atlanta Falcons	0 	0.0 	0 	0.0 	0.4 	4 	0.0 	0.0 	0.0 	0.0 	0.0 	1.1 	WR89		Kansas City Chiefs	Arizona Cardinals	0 	0.0 	0 	0.0 	0.4 	4 	0.0 	0.0 	0.0 	0.0 	0.0 	1.1 	WR83		Kansas City Chiefs	Buffalo Bills	0 	0.0 	0 	0.0 	0.4 	4 	0.0 	0.0 	0.0 	0.0 	0.0 	1.1 	WR102		Kansas City Chiefs	Los Angeles Rams	0 	0.0 	0 	0.0 	0.4 	4 	0.0 	0.0 	0.0 	0.0 	0.0 	1.1 	WR90		Kansas City Chiefs	Cincinnati Bengals	0 	0.0 	0 	0.0 	0.4 	4 	0.0 	0.0 	0.0 	0.0 	0.0 	1.1 	WR97		Kansas City Chiefs	New England Patriots	0 	0.0 	0 	0.0 	0.4 	4 	0.0 	0.0 	0.0 	0.0 	0.0 	1.1 	WR103		Kansas City Chiefs	San Francisco 49ers	0 	0.0 	0 	0.0 	0.4 	4 	0.0 	0.0 	0.0 	0.0 	0.0 	1.1 	WR103		Kansas City Chiefs	Los Angeles Chargers	0 	0.0 	0 	0.0 	0.4 	4 	0.0 	0.0 	0.0 	0.0 	0.0 	1.0 	WR103		Actual	Actual	Actual	Actual	Forecast	Forecast	Forecast	Forecast	Forecast	Forecast	Forecast	Forecast	Forecast	Forecast	Forecast	Forecast	Forecast		Healthy	Healthy	Healthy	Healthy	Healthy	Healthy	Healthy	Healthy	Healthy	Healthy	Healthy	Healthy	Healthy	Healthy	Healthy	Healthy	Healthy		Week 5 2026	10/8/2026	8:57:03 PM	20		2%	3%	0%	0%	0%	0%		0.0 	0	0	0	0	0	0.006817 
	De’Zhaun Stribling	San Francisco 49ers	WR	WR104	2.5 	12 	0 	0.0 	0.0 	0.0 	0 	0.0 	0.0 	0.0 	4.8 	1.0 	57 	11.5 	0.3 	0.1 	0.0 	0.0 	0.0 	0.032 	1.000 	0.000 	(1)	0.000 	0.000 	265 	0 	(265)	104 	0 	(104)	0.005 																0.0 	0.0 	0.0 	0.0 	0.0 	0.0 	0.0 	0.0 	0.0 	0.0 	0.0 	0.0 	2.6 	2.5 	2.5 	2.4 	2.5 		-	-	-	-	-	-	-	-	-	-	-	-	WR83	WR87	WR93	WR94	WR94		WR102	2.5 	0.0 	0.0 	0.0 	0.0 	1.0 	11.5 	0.1 	102 	0.045 	1.000 	0.000 	(1)	0.000 	0.000 	263 	0.007 		12 														-	0.0 	0.0 	0.0 	0.0 	0.0 	0.0 	0.0 	0.0 	#N/A	0.000 	1.000 	#N/A	(1)	0.000 	0.000 	#N/A	#N/A		0.0 																	San Francisco 49ers	Los Angeles Rams	0 	0.0 	0 	0.0 	0.0 	0 	0.0 	0.0 	0.0 	0.0 	0.0 	0.0 	-		San Francisco 49ers	Miami Dolphins	0 	0.0 	0 	0.0 	0.0 	0 	0.0 	0.0 	0.0 	0.0 	0.0 	0.0 	-		San Francisco 49ers	Arizona Cardinals	0 	0.0 	0 	0.0 	0.0 	0 	0.0 	0.0 	0.0 	0.0 	0.0 	0.0 	-		San Francisco 49ers	Denver Broncos	0 	0.0 	0 	0.0 	0.0 	0 	0.0 	0.0 	0.0 	0.0 	0.0 	0.0 	-		San Francisco 49ers	Seattle Seahawks	0 	0.0 	0 	0.0 	0.0 	0 	0.0 	0.0 	0.0 	0.0 	0.0 	0.0 	-		San Francisco 49ers	Washington Commanders	0 	0.0 	0 	0.0 	0.0 	0 	0.0 	0.0 	0.0 	0.0 	0.0 	0.0 	-		San Francisco 49ers	Atlanta Falcons	0 	0.0 	0 	0.0 	0.0 	0 	0.0 	0.0 	0.0 	0.0 	0.0 	0.0 	-		San Francisco 49ers	BYE	0 	0.0 	0 	0.0 	0.0 	0 	0.0 	0.0 	0.0 	0.0 	0.0 	0.0 	-		San Francisco 49ers	Las Vegas Raiders	0 	0.0 	0 	0.0 	0.0 	0 	0.0 	0.0 	0.0 	0.0 	0.0 	0.0 	-		San Francisco 49ers	Dallas Cowboys	0 	0.0 	0 	0.0 	0.0 	0 	0.0 	0.0 	0.0 	0.0 	0.0 	0.0 	-		San Francisco 49ers	Minnesota Vikings	0 	0.0 	0 	0.0 	0.0 	0 	0.0 	0.0 	0.0 	0.0 	0.0 	0.0 	-		San Francisco 49ers	Seattle Seahawks	0 	0.0 	0 	0.0 	0.0 	0 	0.0 	0.0 	0.0 	0.0 	0.0 	0.0 	-		San Francisco 49ers	New York Giants	0 	0.0 	0 	0.0 	1.0 	12 	0.1 	0.0 	0.0 	0.0 	0.0 	2.6 	WR83		San Francisco 49ers	Los Angeles Rams	0 	0.0 	0 	0.0 	1.0 	12 	0.1 	0.0 	0.0 	0.0 	0.0 	2.5 	WR87		San Francisco 49ers	Los Angeles Chargers	0 	0.0 	0 	0.0 	1.0 	11 	0.1 	0.0 	0.0 	0.0 	0.0 	2.5 	WR93		San Francisco 49ers	Kansas City Chiefs	0 	0.0 	0 	0.0 	0.9 	11 	0.1 	0.0 	0.0 	0.0 	0.0 	2.4 	WR94		San Francisco 49ers	Philadelphia Eagles	0 	0.0 	0 	0.0 	0.9 	11 	0.1 	0.0 	0.0 	0.0 	0.0 	2.5 	WR94		Actual	Actual	Actual	Actual	Forecast	Forecast	Forecast	Forecast	Forecast	Forecast	Forecast	Forecast	Forecast	Forecast	Forecast	Forecast	Forecast		Healthy	Injured	Injured	Injured	Injured	Injured	Injured	Injured	Injured	Injured	Injured	Injured	Healthy	Healthy	Healthy	Healthy	Healthy		Week 5 2026	10/8/2026	8:57:03 PM	20		5%	4%	0%	0%	0%	0%		0.0 	1	1	1	1	1	
	James Conner	Arizona Cardinals	RB	RB79	0.3 	4 	0 	0.0 	0.0 	0.0 	21 	1.9 	0.3 	0.0 	0.0 	0.0 	0 	0.0 	0.0 	0.0 	0.0 	0.1 	0.0 	0.009 	1.000 	0.017 	(1)	0.000 	0.000 	261 	272 	11 	79 	75 	(4)	0.009 																0.0 	0.0 	0.0 	0.0 	0.0 	0.3 	0.3 	0.3 	0.3 	0.3 	0.3 	0.4 	0.3 	0.0 	0.4 	0.3 	0.4 		-	-	-	-	-	RB63	RB62	RB63	RB71	RB66	RB60	RB77	RB70	-	RB78	RB78	RB78		RB78	0.3 	0.0 	0.0 	1.9 	0.0 	0.0 	0.0 	0.0 	78 	0.013 	1.000 	0.030 	(1)	0.000 	0.000 	256 	0.015 		4 														-	0.0 	0.0 	0.0 	0.0 	0.0 	0.0 	0.0 	0.0 	#N/A	0.000 	1.000 	#N/A	(1)	0.000 	0.000 	#N/A	#N/A		0.0 																	Arizona Cardinals	Los Angeles Chargers	0 	0.0 	0 	0.0 	0.0 	0 	0.0 	0.0 	0.0 	0.0 	0.0 	0.0 	-		Arizona Cardinals	Seattle Seahawks	0 	0.0 	0 	0.0 	0.0 	0 	0.0 	0.0 	0.0 	0.0 	0.0 	0.0 	-		Arizona Cardinals	San Francisco 49ers	0 	0.0 	0 	0.0 	0.0 	0 	0.0 	0.0 	0.0 	0.0 	0.0 	0.0 	-		Arizona Cardinals	New York Giants	0 	0.0 	0 	0.0 	0.0 	0 	0.0 	0.0 	0.0 	0.0 	0.0 	0.0 	-		Arizona Cardinals	Detroit Lions	0 	0.0 	0 	0.0 	0.0 	0 	0.0 	0.0 	0.0 	0.0 	0.0 	0.0 	-		Arizona Cardinals	Los Angeles Rams	0 	0.0 	2 	0.0 	0.0 	0 	0.0 	0.0 	0.0 	0.0 	0.0 	0.3 	RB63		Arizona Cardinals	Denver Broncos	0 	0.0 	2 	0.0 	0.0 	0 	0.0 	0.0 	0.0 	0.0 	0.0 	0.3 	RB62		Arizona Cardinals	Dallas Cowboys	0 	0.0 	2 	0.0 	0.0 	0 	0.0 	0.0 	0.0 	0.0 	0.0 	0.3 	RB63		Arizona Cardinals	Seattle Seahawks	0 	0.0 	2 	0.0 	0.0 	0 	0.0 	0.0 	0.0 	0.0 	0.0 	0.3 	RB71		Arizona Cardinals	Los Angeles Rams	0 	0.0 	2 	0.0 	0.0 	0 	0.0 	0.0 	0.0 	0.0 	0.0 	0.3 	RB66		Arizona Cardinals	Kansas City Chiefs	0 	0.0 	2 	0.0 	0.0 	0 	0.0 	0.0 	0.0 	0.0 	0.0 	0.3 	RB60		Arizona Cardinals	Washington Commanders	0 	0.0 	2 	0.0 	0.0 	0 	0.0 	0.0 	0.0 	0.0 	0.0 	0.4 	RB77		Arizona Cardinals	Philadelphia Eagles	0 	0.0 	2 	0.0 	0.0 	0 	0.0 	0.0 	0.0 	0.0 	0.0 	0.3 	RB70		Arizona Cardinals	BYE	0 	0.0 	0 	0.0 	0.0 	0 	0.0 	0.0 	0.0 	0.0 	0.0 	0.0 	-		Arizona Cardinals	New York Jets	0 	0.0 	2 	0.0 	0.0 	0 	0.0 	0.0 	0.0 	0.0 	0.0 	0.4 	RB78		Arizona Cardinals	New Orleans Saints	0 	0.0 	2 	0.0 	0.0 	0 	0.0 	0.0 	0.0 	0.0 	0.0 	0.3 	RB78		Arizona Cardinals	Las Vegas Raiders	0 	0.0 	2 	0.0 	0.0 	0 	0.0 	0.0 	0.0 	0.0 	0.0 	0.4 	RB78		Actual	Actual	Actual	Actual	Forecast	Forecast	Forecast	Forecast	Forecast	Forecast	Forecast	Forecast	Forecast	Forecast	Forecast	Forecast	Forecast		Injured	Injured	Injured	Injured	Injured	Healthy	Healthy	Healthy	Healthy	Healthy	Healthy	Healthy	Healthy	Healthy	Healthy	Healthy	Healthy		Week 5 2026	10/8/2026	8:57:03 PM	20		0%	0%	2%	4%	0%	0%		0.0 	1	1	1	1	0	
	Jalen McMillan	Tampa Bay Buccaneers	WR	WR106	1.0 	9 	0 	0.0 	0.0 	0.0 	0 	0.0 	0.0 	0.0 	2.8 	0.3 	41 	4.5 	0.3 	0.0 	0.0 	0.0 	0.0 	0.022 	1.000 	0.000 	(2)	0.000 	0.000 	267 	205 	(62)	106 	69 	(37)	0.003 																0.0 	0.0 	0.0 	0.0 	0.0 	0.0 	0.0 	1.0 	1.0 	0.0 	1.0 	1.0 	0.9 	1.0 	1.0 	0.9 	1.0 		-	-	-	-	-	-	-	WR90	WR95	-	WR85	WR104	WR92	WR99	WR105	WR105	WR105		WR105	1.0 	0.0 	0.0 	0.0 	0.0 	0.3 	4.5 	0.0 	105 	0.031 	1.000 	0.000 	(1)	0.000 	0.000 	267 	0.005 		9 														-	0.0 	0.0 	0.0 	0.0 	0.0 	0.0 	0.0 	0.0 	#N/A	0.000 	1.000 	#N/A	(1)	0.000 	0.000 	#N/A	#N/A		0.0 																	Tampa Bay Buccaneers	Cincinnati Bengals	0 	0.0 	0 	0.0 	0.0 	0 	0.0 	0.0 	0.0 	0.0 	0.0 	0.0 	-		Tampa Bay Buccaneers	Cleveland Browns	0 	0.0 	0 	0.0 	0.0 	0 	0.0 	0.0 	0.0 	0.0 	0.0 	0.0 	-		Tampa Bay Buccaneers	Minnesota Vikings	0 	0.0 	0 	0.0 	0.0 	0 	0.0 	0.0 	0.0 	0.0 	0.0 	0.0 	-		Tampa Bay Buccaneers	Green Bay Packers	0 	0.0 	0 	0.0 	0.0 	0 	0.0 	0.0 	0.0 	0.0 	0.0 	0.0 	-		Tampa Bay Buccaneers	Dallas Cowboys	0 	0.0 	0 	0.0 	0.0 	0 	0.0 	0.0 	0.0 	0.0 	0.0 	0.0 	-		Tampa Bay Buccaneers	Pittsburgh Steelers	0 	0.0 	0 	0.0 	0.0 	0 	0.0 	0.0 	0.0 	0.0 	0.0 	0.0 	-		Tampa Bay Buccaneers	Carolina Panthers	0 	0.0 	0 	0.0 	0.0 	0 	0.0 	0.0 	0.0 	0.0 	0.0 	0.0 	-		Tampa Bay Buccaneers	Atlanta Falcons	0 	0.0 	0 	0.0 	0.3 	5 	0.0 	0.0 	0.0 	0.0 	0.0 	1.0 	WR90		Tampa Bay Buccaneers	Chicago Bears	0 	0.0 	0 	0.0 	0.3 	5 	0.0 	0.0 	0.0 	0.0 	0.0 	1.0 	WR95		Tampa Bay Buccaneers	BYE	0 	0.0 	0 	0.0 	0.0 	0 	0.0 	0.0 	0.0 	0.0 	0.0 	0.0 	-		Tampa Bay Buccaneers	Detroit Lions	0 	0.0 	0 	0.0 	0.3 	5 	0.0 	0.0 	0.0 	0.0 	0.0 	1.0 	WR85		Tampa Bay Buccaneers	Carolina Panthers	0 	0.0 	0 	0.0 	0.3 	5 	0.0 	0.0 	0.0 	0.0 	0.0 	1.0 	WR104		Tampa Bay Buccaneers	Los Angeles Chargers	0 	0.0 	0 	0.0 	0.3 	4 	0.0 	0.0 	0.0 	0.0 	0.0 	0.9 	WR92		Tampa Bay Buccaneers	Baltimore Ravens	0 	0.0 	0 	0.0 	0.3 	5 	0.0 	0.0 	0.0 	0.0 	0.0 	1.0 	WR99		Tampa Bay Buccaneers	New Orleans Saints	0 	0.0 	0 	0.0 	0.3 	5 	0.0 	0.0 	0.0 	0.0 	0.0 	1.0 	WR105		Tampa Bay Buccaneers	Atlanta Falcons	0 	0.0 	0 	0.0 	0.3 	4 	0.0 	0.0 	0.0 	0.0 	0.0 	0.9 	WR105		Tampa Bay Buccaneers	Los Angeles Rams	0 	0.0 	0 	0.0 	0.3 	5 	0.0 	0.0 	0.0 	0.0 	0.0 	1.0 	WR105		Actual	Actual	Actual	Actual	Forecast	Forecast	Forecast	Forecast	Forecast	Forecast	Forecast	Forecast	Forecast	Forecast	Forecast	Forecast	Forecast		Injured	Healthy	Healthy	Injured	Injured	Injured	Injured	Healthy	Healthy	Healthy	Healthy	Healthy	Healthy	Healthy	Healthy	Healthy	Healthy		Week 5 2026	10/8/2026	8:57:03 PM	20		2%	2%	0%	0%	0%	0%		0.0 	0	0	1	1	1	
	Jayden Reed	Green Bay Packers	WR	WR105	1.5 	9 	0 	0.0 	0.0 	0.0 	0 	0.0 	0.0 	0.0 	5.0 	0.8 	34 	5.6 	0.1 	0.0 	0.0 	0.0 	0.0 	0.022 	1.000 	0.000 	(1)	0.000 	0.000 	266 	121 	(145)	105 	47 	(58)	0.003 				-	-		-	-		-	-		-	-		5.0 	1.4 	0.0 	0.0 	0.0 	0.0 	0.0 	0.0 	0.0 	0.0 	0.0 	0.0 	0.0 	0.6 	0.6 	0.6 	0.6 		WR65	WR84	-	-	-	-	-	-	-	-	-	-	-	WR100	WR106	WR106	WR106		WR107	0.6 	0.0 	0.0 	0.0 	0.0 	0.3 	2.5 	0.0 	107 	0.009 	1.000 	0.000 	(2)	0.000 	0.000 	269 	0.001 		2 														WR122	3.2 	0.0 	0.0 	0.0 	0.0 	0.5 	4.9 	0.0 	122 	0.055 	1.000 	0.000 	(1)	0.000 	0.000 	#N/A	0.008 		6.4 																	Green Bay Packers	Minnesota Vikings	0 	0.0 	0 	0.0 	3.0 	20 	0.0 	0.0 	0.0 	0.0 	0.0 	5.0 	WR65		Green Bay Packers	New York Jets	0 	0.0 	0 	0.0 	1.0 	4 	0.0 	0.0 	0.0 	0.0 	0.0 	1.4 	WR84		Green Bay Packers	Atlanta Falcons	0 	0.0 	0 	0.0 	0.0 	0 	0.0 	0.0 	0.0 	0.0 	0.0 	0.0 	-		Green Bay Packers	Tampa Bay Buccaneers	0 	0.0 	0 	0.0 	0.0 	0 	0.0 	0.0 	0.0 	0.0 	0.0 	0.0 	-		Green Bay Packers	Chicago Bears	0 	0.0 	0 	0.0 	0.0 	0 	0.0 	0.0 	0.0 	0.0 	0.0 	0.0 	-		Green Bay Packers	Dallas Cowboys	0 	0.0 	0 	0.0 	0.0 	0 	0.0 	0.0 	0.0 	0.0 	0.0 	0.0 	-		Green Bay Packers	Detroit Lions	0 	0.0 	0 	0.0 	0.0 	0 	0.0 	0.0 	0.0 	0.0 	0.0 	0.0 	-		Green Bay Packers	Carolina Panthers	0 	0.0 	0 	0.0 	0.0 	0 	0.0 	0.0 	0.0 	0.0 	0.0 	0.0 	-		Green Bay Packers	New England Patriots	0 	0.0 	0 	0.0 	0.0 	0 	0.0 	0.0 	0.0 	0.0 	0.0 	0.0 	-		Green Bay Packers	Minnesota Vikings	0 	0.0 	0 	0.0 	0.0 	0 	0.0 	0.0 	0.0 	0.0 	0.0 	0.0 	-		Green Bay Packers	BYE	0 	0.0 	0 	0.0 	0.0 	0 	0.0 	0.0 	0.0 	0.0 	0.0 	0.0 	-		Green Bay Packers	Los Angeles Rams	0 	0.0 	0 	0.0 	0.0 	0 	0.0 	0.0 	0.0 	0.0 	0.0 	0.0 	-		Green Bay Packers	New Orleans Saints	0 	0.0 	0 	0.0 	0.0 	0 	0.0 	0.0 	0.0 	0.0 	0.0 	0.0 	-		Green Bay Packers	Buffalo Bills	0 	0.0 	0 	0.0 	0.3 	3 	0.0 	0.0 	0.0 	0.0 	0.0 	0.6 	WR100		Green Bay Packers	Miami Dolphins	0 	0.0 	0 	0.0 	0.3 	2 	0.0 	0.0 	0.0 	0.0 	0.0 	0.6 	WR106		Green Bay Packers	Chicago Bears	0 	0.0 	0 	0.0 	0.3 	2 	0.0 	0.0 	0.0 	0.0 	0.0 	0.6 	WR106		Green Bay Packers	Houston Texans	0 	0.0 	0 	0.0 	0.3 	2 	0.0 	0.0 	0.0 	0.0 	0.0 	0.6 	WR106		Actual	Actual	Actual	Actual	Forecast	Forecast	Forecast	Forecast	Forecast	Forecast	Forecast	Forecast	Forecast	Forecast	Forecast	Forecast	Forecast		Healthy	Healthy	Injured	Injured	Injured	Injured	Injured	Injured	Injured	Injured	Injured	Injured	Injured	Healthy	Healthy	Healthy	Healthy		Week 5 2026	10/8/2026	8:57:03 PM	20		1%	1%	0%	0%	0%	0%		(0.0)	0	1	1	1	1	
	Tank Dell	Houston Texans	WR		0.5 	5 	0 	0.0 	0.0 	0.0 	0 	0.0 	0.0 	0.0 	1.7 	0.2 	25 	2.3 	0.2 	0.0 	0.0 	0.0 	0.0 	0.013 	1.000 	0.000 	(2)	0.000 	0.000 	268 	204 	(64)	107 	68 	(39)	0.002 																0.0 	0.0 	0.0 	0.0 	0.0 	0.5 	0.5 	0.0 	0.5 	0.5 	0.5 	0.5 	0.5 	0.5 	0.5 	0.4 	0.5 		-	-	-	-	-	WR86	WR88	-	WR96	WR91	WR86	WR105	WR93	WR101	WR107	WR107	WR107		WR106	0.5 	0.0 	0.0 	0.0 	0.0 	0.2 	2.3 	0.0 	106 	0.019 	1.000 	0.000 	(2)	0.000 	0.000 	268 	0.003 		5 															0.0 	0.0 	0.0 	0.0 	0.0 	0.0 	0.0 	0.0 	#N/A	0.000 	1.000 	#N/A	(1)	0.000 	0.000 	#N/A	#N/A		0.0 																	Houston Texans	Buffalo Bills	0 	0.0 	0 	0.0 	0.0 	0 	0.0 	0.0 	0.0 	0.0 	0.0 	0.0 	-		Houston Texans	Cincinnati Bengals	0 	0.0 	0 	0.0 	0.0 	0 	0.0 	0.0 	0.0 	0.0 	0.0 	0.0 	-		Houston Texans	Indianapolis Colts	0 	0.0 	0 	0.0 	0.0 	0 	0.0 	0.0 	0.0 	0.0 	0.0 	0.0 	-		Houston Texans	Dallas Cowboys	0 	0.0 	0 	0.0 	0.0 	0 	0.0 	0.0 	0.0 	0.0 	0.0 	0.0 	-		Houston Texans	Tennessee Titans	0 	0.0 	0 	0.0 	0.0 	0 	0.0 	0.0 	0.0 	0.0 	0.0 	0.0 	-		Houston Texans	Jacksonville Jaguars	0 	0.0 	0 	0.0 	0.2 	2 	0.0 	0.0 	0.0 	0.0 	0.0 	0.5 	WR86		Houston Texans	New York Giants	0 	0.0 	0 	0.0 	0.2 	2 	0.0 	0.0 	0.0 	0.0 	0.0 	0.5 	WR88		Houston Texans	BYE	0 	0.0 	0 	0.0 	0.0 	0 	0.0 	0.0 	0.0 	0.0 	0.0 	0.0 	-		Houston Texans	Los Angeles Chargers	0 	0.0 	0 	0.0 	0.2 	2 	0.0 	0.0 	0.0 	0.0 	0.0 	0.5 	WR96		Houston Texans	Cleveland Browns	0 	0.0 	0 	0.0 	0.2 	2 	0.0 	0.0 	0.0 	0.0 	0.0 	0.5 	WR91		Houston Texans	Indianapolis Colts	0 	0.0 	0 	0.0 	0.2 	2 	0.0 	0.0 	0.0 	0.0 	0.0 	0.5 	WR86		Houston Texans	Baltimore Ravens	0 	0.0 	0 	0.0 	0.2 	2 	0.0 	0.0 	0.0 	0.0 	0.0 	0.5 	WR105		Houston Texans	Pittsburgh Steelers	0 	0.0 	0 	0.0 	0.2 	2 	0.0 	0.0 	0.0 	0.0 	0.0 	0.5 	WR93		Houston Texans	Washington Commanders	0 	0.0 	0 	0.0 	0.2 	2 	0.0 	0.0 	0.0 	0.0 	0.0 	0.5 	WR101		Houston Texans	Jacksonville Jaguars	0 	0.0 	0 	0.0 	0.2 	2 	0.0 	0.0 	0.0 	0.0 	0.0 	0.5 	WR107		Houston Texans	Philadelphia Eagles	0 	0.0 	0 	0.0 	0.1 	2 	0.0 	0.0 	0.0 	0.0 	0.0 	0.4 	WR107		Houston Texans	Green Bay Packers	0 	0.0 	0 	0.0 	0.2 	2 	0.0 	0.0 	0.0 	0.0 	0.0 	0.5 	WR107		Actual	Actual	Actual	Actual	Forecast	Forecast	Forecast	Forecast	Forecast	Forecast	Forecast	Forecast	Forecast	Forecast	Forecast	Forecast	Forecast		Injured	Injured	Injured	Injured	Injured	Healthy	Healthy	Healthy	Healthy	Healthy	Healthy	Healthy	Healthy	Healthy	Healthy	Healthy	Healthy		Week 5 2026	10/8/2026	8:57:03 PM	20		1%	1%	0%	0%	0%	0%		0.0 	1	1	1	1	0	
	Fernando Mendoza	Las Vegas Raiders	QB	QB38	0.3 	3 	27 	2.3 	0.2 	0.0 	12 	1.0 	0.1 	0.0 	0.0 	0.0 	0 	0.0 	0.0 	0.0 	0.1 	0.0 	0.0 	0.008 	0.460 	0.000 	(2)	0.000 	0.000 	270 	227 	(43)	43 	27 	(16)	0.000 																0.0 	0.0 	0.0 	0.0 	0.3 	0.3 	0.3 	0.3 	0.3 	0.3 	0.2 	0.3 	0.0 	0.3 	0.3 	0.3 	0.3 		-	-	-	-	QB35	QB32	QB32	QB32	QB35	QB33	QB30	QB38	-	QB35	QB38	QB37	QB37		QB38	0.3 	2.3 	0.0 	1.0 	0.0 	0.0 	0.0 	0.0 	38 	0.012 	0.460 	0.000 	(2)	0.000 	0.000 	270 	0.000 		3 															0.0 	0.0 	0.0 	0.0 	0.0 	0.0 	0.0 	0.0 	#N/A	0.000 	0.460 	#N/A	(2)	0.000 	0.000 	#N/A	#N/A		0.0 																	Las Vegas Raiders	Miami Dolphins	0 	0.0 	0 	0.0 	0.0 	0 	0.0 	0.0 	0.0 	0.0 	0.0 	0.0 	-		Las Vegas Raiders	Los Angeles Chargers	0 	0.0 	0 	0.0 	0.0 	0 	0.0 	0.0 	0.0 	0.0 	0.0 	0.0 	-		Las Vegas Raiders	New Orleans Saints	0 	0.0 	0 	0.0 	0.0 	0 	0.0 	0.0 	0.0 	0.0 	0.0 	0.0 	-		Las Vegas Raiders	Kansas City Chiefs	0 	0.0 	0 	0.0 	0.0 	0 	0.0 	0.0 	0.0 	0.0 	0.0 	0.0 	-		Las Vegas Raiders	New England Patriots	2 	0.0 	1 	0.0 	0.0 	0 	0.0 	0.0 	0.0 	0.0 	0.0 	0.3 	QB35		Las Vegas Raiders	Buffalo Bills	2 	0.0 	1 	0.0 	0.0 	0 	0.0 	0.0 	0.0 	0.0 	0.0 	0.3 	QB32		Las Vegas Raiders	Los Angeles Rams	2 	0.0 	1 	0.0 	0.0 	0 	0.0 	0.0 	0.0 	0.0 	0.0 	0.3 	QB32		Las Vegas Raiders	New York Jets	2 	0.0 	1 	0.0 	0.0 	0 	0.0 	0.0 	0.0 	0.0 	0.0 	0.3 	QB32		Las Vegas Raiders	San Francisco 49ers	2 	0.0 	1 	0.0 	0.0 	0 	0.0 	0.0 	0.0 	0.0 	0.0 	0.3 	QB35		Las Vegas Raiders	Seattle Seahawks	2 	0.0 	1 	0.0 	0.0 	0 	0.0 	0.0 	0.0 	0.0 	0.0 	0.3 	QB33		Las Vegas Raiders	Denver Broncos	2 	0.0 	1 	0.0 	0.0 	0 	0.0 	0.0 	0.0 	0.0 	0.0 	0.2 	QB30		Las Vegas Raiders	Cleveland Browns	2 	0.0 	1 	0.0 	0.0 	0 	0.0 	0.0 	0.0 	0.0 	0.0 	0.3 	QB38		Las Vegas Raiders	BYE	0 	0.0 	0 	0.0 	0.0 	0 	0.0 	0.0 	0.0 	0.0 	0.0 	0.0 	-		Las Vegas Raiders	Los Angeles Chargers	2 	0.0 	1 	0.0 	0.0 	0 	0.0 	0.0 	0.0 	0.0 	0.0 	0.3 	QB35		Las Vegas Raiders	Denver Broncos	2 	0.0 	1 	0.0 	0.0 	0 	0.0 	0.0 	0.0 	0.0 	0.0 	0.3 	QB38		Las Vegas Raiders	Tennessee Titans	2 	0.0 	1 	0.0 	0.0 	0 	0.0 	0.0 	0.0 	0.0 	0.0 	0.3 	QB37		Las Vegas Raiders	Arizona Cardinals	2 	0.0 	1 	0.0 	0.0 	0 	0.0 	0.0 	0.0 	0.0 	0.0 	0.3 	QB37		Actual	Actual	Actual	Actual	Forecast	Forecast	Forecast	Forecast	Forecast	Forecast	Forecast	Forecast	Forecast	Forecast	Forecast	Forecast	Forecast		Healthy	Healthy	Healthy	Healthy	Healthy	Healthy	Healthy	Healthy	Healthy	Healthy	Healthy	Healthy	Healthy	Healthy	Healthy	Healthy	Healthy		Week 5 2026	10/8/2026	8:57:03 PM	20		0%	0%	1%	1%	1%	1%		0.0 	0	0	0	0	0	0.000000 
	J.J. McCarthy	New York Giants	QB	QB38	0.5 	6 	25 	2.1 	0.2 	0.0 	31 	2.6 	0.2 	0.0 	0.0 	0.0 	0 	0.0 	0.0 	0.0 	0.1 	0.0 	0.0 	0.015 	0.460 	0.000 	(2)	0.000 	0.000 	270 	251 	(19)	41 	30 	(11)	0.000 																0.0 	0.0 	0.0 	0.0 	0.5 	0.5 	0.4 	0.0 	0.4 	0.5 	0.5 	0.5 	0.5 	0.4 	0.5 	0.5 	0.5 		-	-	-	-	QB32	QB30	QB29	-	QB32	QB30	QB28	QB34	QB30	QB33	QB34	QB34	QB34		QB36	0.5 	2.1 	0.0 	2.6 	0.0 	0.0 	0.0 	0.0 	36 	0.021 	0.460 	0.024 	(2)	0.000 	0.000 	258 	0.013 		6 														-	0.0 	0.0 	0.0 	0.0 	0.0 	0.0 	0.0 	0.0 	#N/A	0.000 	0.460 	#N/A	(2)	0.000 	0.000 	#N/A	#N/A		0.0 																	New York Giants	Dallas Cowboys	0 	0.0 	0 	0.0 	0.0 	0 	0.0 	0.0 	0.0 	0.0 	0.0 	0.0 	-		New York Giants	Los Angeles Rams	0 	0.0 	0 	0.0 	0.0 	0 	0.0 	0.0 	0.0 	0.0 	0.0 	0.0 	-		New York Giants	Tennessee Titans	0 	0.0 	0 	0.0 	0.0 	0 	0.0 	0.0 	0.0 	0.0 	0.0 	0.0 	-		New York Giants	Arizona Cardinals	0 	0.0 	0 	0.0 	0.0 	0 	0.0 	0.0 	0.0 	0.0 	0.0 	0.0 	-		New York Giants	Washington Commanders	2 	0.0 	2 	0.0 	0.0 	0 	0.0 	0.0 	0.0 	0.0 	0.0 	0.5 	QB32		New York Giants	New Orleans Saints	2 	0.0 	3 	0.0 	0.0 	0 	0.0 	0.0 	0.0 	0.0 	0.0 	0.5 	QB30		New York Giants	Houston Texans	2 	0.0 	2 	0.0 	0.0 	0 	0.0 	0.0 	0.0 	0.0 	0.0 	0.4 	QB29		New York Giants	BYE	0 	0.0 	0 	0.0 	0.0 	0 	0.0 	0.0 	0.0 	0.0 	0.0 	0.0 	-		New York Giants	Philadelphia Eagles	2 	0.0 	2 	0.0 	0.0 	0 	0.0 	0.0 	0.0 	0.0 	0.0 	0.4 	QB32		New York Giants	Washington Commanders	2 	0.0 	3 	0.0 	0.0 	0 	0.0 	0.0 	0.0 	0.0 	0.0 	0.5 	QB30		New York Giants	Jacksonville Jaguars	2 	0.0 	3 	0.0 	0.0 	0 	0.0 	0.0 	0.0 	0.0 	0.0 	0.5 	QB28		New York Giants	Indianapolis Colts	2 	0.0 	3 	0.0 	0.0 	0 	0.0 	0.0 	0.0 	0.0 	0.0 	0.5 	QB34		New York Giants	San Francisco 49ers	2 	0.0 	3 	0.0 	0.0 	0 	0.0 	0.0 	0.0 	0.0 	0.0 	0.5 	QB30		New York Giants	Seattle Seahawks	2 	0.0 	2 	0.0 	0.0 	0 	0.0 	0.0 	0.0 	0.0 	0.0 	0.4 	QB33		New York Giants	Cleveland Browns	2 	0.0 	3 	0.0 	0.0 	0 	0.0 	0.0 	0.0 	0.0 	0.0 	0.5 	QB34		New York Giants	Detroit Lions	2 	0.0 	3 	0.0 	0.0 	0 	0.0 	0.0 	0.0 	0.0 	0.0 	0.5 	QB34		New York Giants	Dallas Cowboys	2 	0.0 	3 	0.0 	0.0 	0 	0.0 	0.0 	0.0 	0.0 	0.0 	0.5 	QB34		Actual	Actual	Actual	Actual	Forecast	Forecast	Forecast	Forecast	Forecast	Forecast	Forecast	Forecast	Forecast	Forecast	Forecast	Forecast	Forecast		Healthy	Healthy	Healthy	Healthy	Healthy	Healthy	Healthy	Healthy	Healthy	Healthy	Healthy	Healthy	Healthy	Healthy	Healthy	Healthy	Healthy		Week 5 2026	10/8/2026	8:57:03 PM	20		0%	0%	0%	0%	0%	0%		0.0 	0	0	0	0	0	0.012839 
	Malik Davis	Dallas Cowboys	RB	RB80	0.0 	0 	0 	0.0 	0.0 	0.0 	0 	0.0 	0.0 	0.0 	0.0 	0.0 	0 	0.0 	0.0 	0.0 	0.0 	0.0 	0.0 	0.000 	1.000 	0.004 	(1)	0.000 	0.000 	269 	268 	(1)	80 	73 	(7)	0.002 																0.0 	0.0 	0.0 	0.0 	0.0 	0.0 	0.0 	0.0 	0.0 	0.0 	0.0 	0.0 	0.0 	0.0 	0.0 	0.0 	0.0 		-	-	-	-	-	-	-	-	-	-	-	-	-	-	-	-	-		RB79	0.0 	0.0 	0.0 	0.0 	0.0 	0.0 	0.0 	0.0 	79 	0.000 	1.000 	0.017 	(1)	0.000 	0.000 	260 	0.008 		0 														-	0.0 	0.0 	0.0 	0.0 	0.0 	0.0 	0.0 	0.0 	#N/A	0.000 	1.000 	#N/A	(1)	0.000 	0.000 	#N/A	#N/A		0.0 																	Dallas Cowboys	New York Giants	0 	0.0 	0 	0.0 	0.0 	0 	0.0 	0.0 	0.0 	0.0 	0.0 	0.0 	-		Dallas Cowboys	Washington Commanders	0 	0.0 	0 	0.0 	0.0 	0 	0.0 	0.0 	0.0 	0.0 	0.0 	0.0 	-		Dallas Cowboys	Baltimore Ravens	0 	0.0 	0 	0.0 	0.0 	0 	0.0 	0.0 	0.0 	0.0 	0.0 	0.0 	-		Dallas Cowboys	Houston Texans	0 	0.0 	0 	0.0 	0.0 	0 	0.0 	0.0 	0.0 	0.0 	0.0 	0.0 	-		Dallas Cowboys	Tampa Bay Buccaneers	0 	0.0 	0 	0.0 	0.0 	0 	0.0 	0.0 	0.0 	0.0 	0.0 	0.0 	-		Dallas Cowboys	Green Bay Packers	0 	0.0 	0 	0.0 	0.0 	0 	0.0 	0.0 	0.0 	0.0 	0.0 	0.0 	-		Dallas Cowboys	Philadelphia Eagles	0 	0.0 	0 	0.0 	0.0 	0 	0.0 	0.0 	0.0 	0.0 	0.0 	0.0 	-		Dallas Cowboys	Arizona Cardinals	0 	0.0 	0 	0.0 	0.0 	0 	0.0 	0.0 	0.0 	0.0 	0.0 	0.0 	-		Dallas Cowboys	Indianapolis Colts	0 	0.0 	0 	0.0 	0.0 	0 	0.0 	0.0 	0.0 	0.0 	0.0 	0.0 	-		Dallas Cowboys	San Francisco 49ers	0 	0.0 	0 	0.0 	0.0 	0 	0.0 	0.0 	0.0 	0.0 	0.0 	0.0 	-		Dallas Cowboys	Tennessee Titans	0 	0.0 	0 	0.0 	0.0 	0 	0.0 	0.0 	0.0 	0.0 	0.0 	0.0 	-		Dallas Cowboys	Philadelphia Eagles	0 	0.0 	0 	0.0 	0.0 	0 	0.0 	0.0 	0.0 	0.0 	0.0 	0.0 	-		Dallas Cowboys	Seattle Seahawks	0 	0.0 	0 	0.0 	0.0 	0 	0.0 	0.0 	0.0 	0.0 	0.0 	0.0 	-		Dallas Cowboys	BYE	0 	0.0 	0 	0.0 	0.0 	0 	0.0 	0.0 	0.0 	0.0 	0.0 	0.0 	-		Dallas Cowboys	Los Angeles Rams	0 	0.0 	0 	0.0 	0.0 	0 	0.0 	0.0 	0.0 	0.0 	0.0 	0.0 	-		Dallas Cowboys	Jacksonville Jaguars	0 	0.0 	0 	0.0 	0.0 	0 	0.0 	0.0 	0.0 	0.0 	0.0 	0.0 	-		Dallas Cowboys	New York Giants	0 	0.0 	0 	0.0 	0.0 	0 	0.0 	0.0 	0.0 	0.0 	0.0 	0.0 	-		Actual	Actual	Actual	Actual	Forecast	Forecast	Forecast	Forecast	Forecast	Forecast	Forecast	Forecast	Forecast	Forecast	Forecast	Forecast	Forecast		Injured	Injured	Injured	Injured	Injured	Injured	Injured	Injured	Injured	Injured	Injured	Injured	Injured	Injured	Injured	Injured	Injured		Week 5 2026	10/8/2026	8:57:03 PM	20		0%	0%	0%	0%	0%	0%		0.0 	1	1	1	1	1	
	Case Keenum	Chicago Bears	QB	QB38	2.1 	27 	247 	19.0 	2.0 	0.2 	24 	1.8 	1.1 	0.1 	0.0 	0.0 	0 	0.0 	0.0 	0.0 	0.0 	0.0 	0.0 	0.068 	0.460 	0.000 	(2)	0.000 	0.000 	270 	0 	(270)	38 	0 	(38)	0.000 																0.0 	0.0 	24.5 	0.0 	0.2 	0.2 	0.2 	0.2 	0.2 	0.0 	0.2 	0.2 	0.2 	0.2 	0.2 	0.2 	0.2 		-	-	QB5	-	QB36	QB34	QB34	QB34	QB37	-	QB32	QB39	QB34	QB36	QB39	QB39	QB39		QB38	0.2 	0.0 	0.0 	1.5 	0.0 	0.0 	0.0 	0.0 	40 	0.009 	0.460 	0.000 	(2)	0.000 	0.000 	270 	0.000 		3 														QB36	24.5 	0.0 	0.0 	17.5 	0.1 	0.0 	0.0 	0.0 	36 	0.210 	0.460 	0.024 	(1)	0.000 	0.000 	#N/A	0.013 		24.5 																	Chicago Bears	Carolina Panthers	0 	0.0 	0 	0.0 	0.0 	0 	0.0 	0.0 	0.0 	0.0 	0.0 	0.0 	-		Chicago Bears	Minnesota Vikings	0 	0.0 	0 	0.0 	0.0 	0 	0.0 	0.0 	0.0 	0.0 	0.0 	0.0 	-		Chicago Bears	Philadelphia Eagles	247 	2.0 	6 	1.0 	0.0 	0 	0.0 	0.0 	0.0 	0.0 	0.0 	24.5 	QB5		Chicago Bears	New York Jets	0 	0.0 	0 	0.0 	0.0 	0 	0.0 	0.0 	0.0 	0.0 	0.0 	0.0 	-		Chicago Bears	Green Bay Packers	0 	0.0 	1 	0.0 	0.0 	0 	0.0 	0.0 	0.0 	0.0 	0.0 	0.2 	QB36		Chicago Bears	Atlanta Falcons	0 	0.0 	1 	0.0 	0.0 	0 	0.0 	0.0 	0.0 	0.0 	0.0 	0.2 	QB34		Chicago Bears	New England Patriots	0 	0.0 	1 	0.0 	0.0 	0 	0.0 	0.0 	0.0 	0.0 	0.0 	0.2 	QB34		Chicago Bears	Seattle Seahawks	0 	0.0 	1 	0.0 	0.0 	0 	0.0 	0.0 	0.0 	0.0 	0.0 	0.2 	QB34		Chicago Bears	Tampa Bay Buccaneers	0 	0.0 	1 	0.0 	0.0 	0 	0.0 	0.0 	0.0 	0.0 	0.0 	0.2 	QB37		Chicago Bears	BYE	0 	0.0 	0 	0.0 	0.0 	0 	0.0 	0.0 	0.0 	0.0 	0.0 	0.0 	-		Chicago Bears	New Orleans Saints	0 	0.0 	2 	0.0 	0.0 	0 	0.0 	0.0 	0.0 	0.0 	0.0 	0.2 	QB32		Chicago Bears	Detroit Lions	0 	0.0 	1 	0.0 	0.0 	0 	0.0 	0.0 	0.0 	0.0 	0.0 	0.2 	QB39		Chicago Bears	Jacksonville Jaguars	0 	0.0 	1 	0.0 	0.0 	0 	0.0 	0.0 	0.0 	0.0 	0.0 	0.2 	QB34		Chicago Bears	Miami Dolphins	0 	0.0 	2 	0.0 	0.0 	0 	0.0 	0.0 	0.0 	0.0 	0.0 	0.2 	QB36		Chicago Bears	Buffalo Bills	0 	0.0 	1 	0.0 	0.0 	0 	0.0 	0.0 	0.0 	0.0 	0.0 	0.2 	QB39		Chicago Bears	Green Bay Packers	0 	0.0 	1 	0.0 	0.0 	0 	0.0 	0.0 	0.0 	0.0 	0.0 	0.2 	QB39		Chicago Bears	Detroit Lions	0 	0.0 	1 	0.0 	0.0 	0 	0.0 	0.0 	0.0 	0.0 	0.0 	0.2 	QB39		Actual	Actual	Actual	Actual	Forecast	Forecast	Forecast	Forecast	Forecast	Forecast	Forecast	Forecast	Forecast	Forecast	Forecast	Forecast	Forecast		Healthy	Healthy	Healthy	Healthy	Healthy	Healthy	Healthy	Healthy	Healthy	Healthy	Healthy	Healthy	Healthy	Healthy	Healthy	Healthy	Healthy		Week 5 2026	10/8/2026	8:57:03 PM	20		0%	0%	1%	1%	0%	0%		(0.0)	0	0	0	0	0	(0.012839)
	Tua Tagovailoa	Atlanta Falcons	QB	QB38	0.2 	2 	24 	2.0 	0.2 	0.0 	0 	0.0 	0.1 	0.0 	0.0 	0.0 	0 	0.0 	0.0 	0.0 	0.1 	0.0 	0.0 	0.005 	0.460 	0.000 	(2)	0.000 	0.000 	270 	285 	15 	45 	34 	(11)	0.000 																0.0 	0.0 	0.0 	0.0 	0.2 	0.2 	0.2 	0.2 	0.2 	0.2 	0.0 	0.2 	0.2 	0.2 	0.2 	0.2 	0.2 		-	-	-	-	QB37	QB35	QB35	QB35	QB38	QB34	-	QB40	QB35	QB37	QB40	QB40	QB40		QB38	0.2 	2.0 	0.0 	0.0 	0.0 	0.0 	0.0 	0.0 	41 	0.008 	0.460 	0.000 	(2)	0.000 	0.000 	270 	0.000 		2 														-	0.0 	0.0 	0.0 	0.0 	0.0 	0.0 	0.0 	0.0 	#N/A	0.000 	0.460 	#N/A	(2)	0.000 	0.000 	#N/A	#N/A		0.0 																	Atlanta Falcons	Pittsburgh Steelers	0 	0.0 	0 	0.0 	0.0 	0 	0.0 	0.0 	0.0 	0.0 	0.0 	0.0 	-		Atlanta Falcons	Carolina Panthers	0 	0.0 	0 	0.0 	0.0 	0 	0.0 	0.0 	0.0 	0.0 	0.0 	0.0 	-		Atlanta Falcons	Green Bay Packers	0 	0.0 	0 	0.0 	0.0 	0 	0.0 	0.0 	0.0 	0.0 	0.0 	0.0 	-		Atlanta Falcons	New Orleans Saints	0 	0.0 	0 	0.0 	0.0 	0 	0.0 	0.0 	0.0 	0.0 	0.0 	0.0 	-		Atlanta Falcons	Baltimore Ravens	2 	0.0 	0 	0.0 	0.0 	0 	0.0 	0.0 	0.0 	0.0 	0.0 	0.2 	QB37		Atlanta Falcons	Chicago Bears	2 	0.0 	0 	0.0 	0.0 	0 	0.0 	0.0 	0.0 	0.0 	0.0 	0.2 	QB35		Atlanta Falcons	San Francisco 49ers	2 	0.0 	0 	0.0 	0.0 	0 	0.0 	0.0 	0.0 	0.0 	0.0 	0.2 	QB35		Atlanta Falcons	Tampa Bay Buccaneers	2 	0.0 	0 	0.0 	0.0 	0 	0.0 	0.0 	0.0 	0.0 	0.0 	0.2 	QB35		Atlanta Falcons	Cincinnati Bengals	2 	0.0 	0 	0.0 	0.0 	0 	0.0 	0.0 	0.0 	0.0 	0.0 	0.2 	QB38		Atlanta Falcons	Kansas City Chiefs	2 	0.0 	0 	0.0 	0.0 	0 	0.0 	0.0 	0.0 	0.0 	0.0 	0.2 	QB34		Atlanta Falcons	BYE	0 	0.0 	0 	0.0 	0.0 	0 	0.0 	0.0 	0.0 	0.0 	0.0 	0.0 	-		Atlanta Falcons	Minnesota Vikings	2 	0.0 	0 	0.0 	0.0 	0 	0.0 	0.0 	0.0 	0.0 	0.0 	0.2 	QB40		Atlanta Falcons	Detroit Lions	2 	0.0 	0 	0.0 	0.0 	0 	0.0 	0.0 	0.0 	0.0 	0.0 	0.2 	QB35		Atlanta Falcons	Cleveland Browns	2 	0.0 	0 	0.0 	0.0 	0 	0.0 	0.0 	0.0 	0.0 	0.0 	0.2 	QB37		Atlanta Falcons	Washington Commanders	2 	0.0 	0 	0.0 	0.0 	0 	0.0 	0.0 	0.0 	0.0 	0.0 	0.2 	QB40		Atlanta Falcons	Tampa Bay Buccaneers	2 	0.0 	0 	0.0 	0.0 	0 	0.0 	0.0 	0.0 	0.0 	0.0 	0.2 	QB40		Atlanta Falcons	New Orleans Saints	2 	0.0 	0 	0.0 	0.0 	0 	0.0 	0.0 	0.0 	0.0 	0.0 	0.2 	QB40		Actual	Actual	Actual	Actual	Forecast	Forecast	Forecast	Forecast	Forecast	Forecast	Forecast	Forecast	Forecast	Forecast	Forecast	Forecast	Forecast		Injured	Injured	Healthy	Healthy	Healthy	Healthy	Healthy	Healthy	Healthy	Healthy	Healthy	Healthy	Healthy	Healthy	Healthy	Healthy	Healthy		Week 5 2026	10/8/2026	8:57:03 PM	20		0%	0%	0%	1%	1%	1%		0.0 	1	0	0	0	0	
	Shedeur Sanders	Cleveland Browns	QB	QB38	0.4 	5 	27 	2.2 	0.2 	0.0 	23 	1.9 	0.1 	0.0 	0.0 	0.0 	0 	0.0 	0.0 	0.0 	0.1 	0.0 	0.0 	0.012 	0.460 	0.000 	(2)	0.000 	0.000 	270 	252 	(18)	42 	31 	(11)	0.000 																0.0 	0.0 	0.0 	0.0 	0.4 	0.4 	0.4 	0.4 	0.4 	0.4 	0.0 	0.4 	0.4 	0.4 	0.4 	0.3 	0.4 		-	-	-	-	QB33	QB31	QB30	QB31	QB33	QB31	-	QB35	QB31	QB32	QB35	QB36	QB35		QB37	0.4 	2.2 	0.0 	1.9 	0.0 	0.0 	0.0 	0.0 	37 	0.017 	0.460 	0.009 	(2)	0.000 	0.000 	266 	0.005 		5 														-	0.0 	0.0 	0.0 	0.0 	0.0 	0.0 	0.0 	0.0 	#N/A	0.000 	0.460 	#N/A	(2)	0.000 	0.000 	#N/A	#N/A		0.0 																	Cleveland Browns	Jacksonville Jaguars	0 	0.0 	0 	0.0 	0.0 	0 	0.0 	0.0 	0.0 	0.0 	0.0 	0.0 	-		Cleveland Browns	Tampa Bay Buccaneers	0 	0.0 	0 	0.0 	0.0 	0 	0.0 	0.0 	0.0 	0.0 	0.0 	0.0 	-		Cleveland Browns	Carolina Panthers	0 	0.0 	0 	0.0 	0.0 	0 	0.0 	0.0 	0.0 	0.0 	0.0 	0.0 	-		Cleveland Browns	Pittsburgh Steelers	0 	0.0 	0 	0.0 	0.0 	0 	0.0 	0.0 	0.0 	0.0 	0.0 	0.0 	-		Cleveland Browns	New York Jets	2 	0.0 	2 	0.0 	0.0 	0 	0.0 	0.0 	0.0 	0.0 	0.0 	0.4 	QB33		Cleveland Browns	Baltimore Ravens	2 	0.0 	2 	0.0 	0.0 	0 	0.0 	0.0 	0.0 	0.0 	0.0 	0.4 	QB31		Cleveland Browns	Tennessee Titans	2 	0.0 	2 	0.0 	0.0 	0 	0.0 	0.0 	0.0 	0.0 	0.0 	0.4 	QB30		Cleveland Browns	Pittsburgh Steelers	2 	0.0 	2 	0.0 	0.0 	0 	0.0 	0.0 	0.0 	0.0 	0.0 	0.4 	QB31		Cleveland Browns	New Orleans Saints	2 	0.0 	2 	0.0 	0.0 	0 	0.0 	0.0 	0.0 	0.0 	0.0 	0.4 	QB33		Cleveland Browns	Houston Texans	2 	0.0 	2 	0.0 	0.0 	0 	0.0 	0.0 	0.0 	0.0 	0.0 	0.4 	QB31		Cleveland Browns	BYE	0 	0.0 	0 	0.0 	0.0 	0 	0.0 	0.0 	0.0 	0.0 	0.0 	0.0 	-		Cleveland Browns	Las Vegas Raiders	2 	0.0 	2 	0.0 	0.0 	0 	0.0 	0.0 	0.0 	0.0 	0.0 	0.4 	QB35		Cleveland Browns	Cincinnati Bengals	2 	0.0 	2 	0.0 	0.0 	0 	0.0 	0.0 	0.0 	0.0 	0.0 	0.4 	QB31		Cleveland Browns	Atlanta Falcons	2 	0.0 	2 	0.0 	0.0 	0 	0.0 	0.0 	0.0 	0.0 	0.0 	0.4 	QB32		Cleveland Browns	New York Giants	2 	0.0 	2 	0.0 	0.0 	0 	0.0 	0.0 	0.0 	0.0 	0.0 	0.4 	QB35		Cleveland Browns	Baltimore Ravens	2 	0.0 	2 	0.0 	0.0 	0 	0.0 	0.0 	0.0 	0.0 	0.0 	0.3 	QB36		Cleveland Browns	Indianapolis Colts	2 	0.0 	2 	0.0 	0.0 	0 	0.0 	0.0 	0.0 	0.0 	0.0 	0.4 	QB35		Actual	Actual	Actual	Actual	Forecast	Forecast	Forecast	Forecast	Forecast	Forecast	Forecast	Forecast	Forecast	Forecast	Forecast	Forecast	Forecast		Healthy	Healthy	Healthy	Healthy	Healthy	Healthy	Healthy	Healthy	Healthy	Healthy	Healthy	Healthy	Healthy	Healthy	Healthy	Healthy	Healthy		Week 5 2026	10/8/2026	8:57:03 PM	20		0%	0%	2%	2%	1%	1%		0.0 	0	0	0	0	0	0.004661 
	Carson Wentz	Minnesota Vikings	QB	QB38	8.7 	26 	276 	92.0 	3.0 	1.0 	10 	3.3 	0.0 	0.0 	0.0 	0.0 	0 	0.0 	0.0 	0.0 	0.0 	0.0 	0.0 	0.066 	0.460 	0.000 	(1)	0.000 	0.000 	270 	435 	165 	39 	59 	20 	0.000 				-	-		-	-		-	-		-	-		19.2 	6.3 	0.0 	0.0 	0.7 	0.0 	0.0 	0.0 	0.0 	0.0 	0.0 	0.0 	0.0 	0.0 	0.0 	0.0 	0.0 		QB12	QB29	-	-	QB31	-	-	-	-	-	-	-	-	-	-	-	-		QB38	0.7 	0.0 	0.0 	4.9 	0.0 	0.0 	0.0 	0.0 	43 	0.002 	0.460 	0.000 	(2)	0.000 	0.000 	270 	0.000 		1 														QB35	12.8 	0.0 	0.0 	2.5 	0.0 	0.0 	0.0 	0.0 	35 	0.219 	0.460 	0.040 	(1)	0.000 	0.000 	#N/A	0.021 		25.5 																	Minnesota Vikings	Green Bay Packers	133 	3.0 	(1)	0.0 	0.0 	0 	0.0 	0.0 	0.0 	0.0 	1.0 	19.2 	QB12		Minnesota Vikings	Chicago Bears	143 	0.0 	6 	0.0 	0.0 	0 	0.0 	0.0 	0.0 	0.0 	0.0 	6.3 	QB29		Minnesota Vikings	Tampa Bay Buccaneers	0 	0.0 	0 	0.0 	0.0 	0 	0.0 	0.0 	0.0 	0.0 	0.0 	0.0 	-		Minnesota Vikings	Miami Dolphins	0 	0.0 	0 	0.0 	0.0 	0 	0.0 	0.0 	0.0 	0.0 	0.0 	0.0 	-		Minnesota Vikings	New Orleans Saints	0 	0.0 	5 	0.0 	0.0 	0 	0.0 	0.0 	0.0 	0.0 	0.0 	0.7 	QB31		Minnesota Vikings	BYE	0 	0.0 	0 	0.0 	0.0 	0 	0.0 	0.0 	0.0 	0.0 	0.0 	0.0 	-		Minnesota Vikings	Indianapolis Colts	0 	0.0 	0 	0.0 	0.0 	0 	0.0 	0.0 	0.0 	0.0 	0.0 	0.0 	-		Minnesota Vikings	Detroit Lions	0 	0.0 	0 	0.0 	0.0 	0 	0.0 	0.0 	0.0 	0.0 	0.0 	0.0 	-		Minnesota Vikings	Buffalo Bills	0 	0.0 	0 	0.0 	0.0 	0 	0.0 	0.0 	0.0 	0.0 	0.0 	0.0 	-		Minnesota Vikings	Green Bay Packers	0 	0.0 	0 	0.0 	0.0 	0 	0.0 	0.0 	0.0 	0.0 	0.0 	0.0 	-		Minnesota Vikings	San Francisco 49ers	0 	0.0 	0 	0.0 	0.0 	0 	0.0 	0.0 	0.0 	0.0 	0.0 	0.0 	-		Minnesota Vikings	Atlanta Falcons	0 	0.0 	0 	0.0 	0.0 	0 	0.0 	0.0 	0.0 	0.0 	0.0 	0.0 	-		Minnesota Vikings	Carolina Panthers	0 	0.0 	0 	0.0 	0.0 	0 	0.0 	0.0 	0.0 	0.0 	0.0 	0.0 	-		Minnesota Vikings	New England Patriots	0 	0.0 	0 	0.0 	0.0 	0 	0.0 	0.0 	0.0 	0.0 	0.0 	0.0 	-		Minnesota Vikings	Detroit Lions	0 	0.0 	0 	0.0 	0.0 	0 	0.0 	0.0 	0.0 	0.0 	0.0 	0.0 	-		Minnesota Vikings	Washington Commanders	0 	0.0 	0 	0.0 	0.0 	0 	0.0 	0.0 	0.0 	0.0 	0.0 	0.0 	-		Minnesota Vikings	New York Jets	0 	0.0 	0 	0.0 	0.0 	0 	0.0 	0.0 	0.0 	0.0 	0.0 	0.0 	-		Actual	Actual	Actual	Actual	Forecast	Forecast	Forecast	Forecast	Forecast	Forecast	Forecast	Forecast	Forecast	Forecast	Forecast	Forecast	Forecast		Healthy	Healthy	Healthy	Healthy	Healthy	Healthy	Healthy	Healthy	Healthy	Healthy	Healthy	Healthy	Healthy	Healthy	Healthy	Healthy	Healthy		Week 5 2026	10/8/2026	8:57:03 PM	20		0%	0%	0%	0%	0%	0%		(0.0)	0	0	0	0	0	(0.020956)
	Carson Beck	Arizona Cardinals	QB	QB38	0.3 	3 	27 	2.3 	0.2 	0.0 	12 	1.0 	0.1 	0.0 	0.0 	0.0 	0 	0.0 	0.0 	0.0 	0.1 	0.0 	0.0 	0.008 	0.460 	0.000 	(2)	0.000 	0.000 	270 	444 	174 	44 	61 	17 	0.000 																0.0 	0.0 	0.0 	0.0 	0.3 	0.3 	0.3 	0.3 	0.2 	0.3 	0.2 	0.3 	0.2 	0.0 	0.3 	0.3 	0.3 		-	-	-	-	QB34	QB33	QB33	QB33	QB36	QB32	QB31	QB37	QB33	-	QB37	QB38	QB38		QB38	0.3 	2.3 	0.0 	1.0 	0.0 	0.0 	0.0 	0.0 	39 	0.012 	0.460 	0.000 	(2)	0.000 	0.000 	270 	0.000 		3 															0.0 	0.0 	0.0 	0.0 	0.0 	0.0 	0.0 	0.0 	#N/A	0.000 	0.460 	#N/A	(2)	0.000 	0.000 	#N/A	#N/A		0.0 																	Arizona Cardinals	Los Angeles Chargers	0 	0.0 	0 	0.0 	0.0 	0 	0.0 	0.0 	0.0 	0.0 	0.0 	0.0 	-		Arizona Cardinals	Seattle Seahawks	0 	0.0 	0 	0.0 	0.0 	0 	0.0 	0.0 	0.0 	0.0 	0.0 	0.0 	-		Arizona Cardinals	San Francisco 49ers	0 	0.0 	0 	0.0 	0.0 	0 	0.0 	0.0 	0.0 	0.0 	0.0 	0.0 	-		Arizona Cardinals	New York Giants	0 	0.0 	0 	0.0 	0.0 	0 	0.0 	0.0 	0.0 	0.0 	0.0 	0.0 	-		Arizona Cardinals	Detroit Lions	2 	0.0 	1 	0.0 	0.0 	0 	0.0 	0.0 	0.0 	0.0 	0.0 	0.3 	QB34		Arizona Cardinals	Los Angeles Rams	2 	0.0 	1 	0.0 	0.0 	0 	0.0 	0.0 	0.0 	0.0 	0.0 	0.3 	QB33		Arizona Cardinals	Denver Broncos	2 	0.0 	1 	0.0 	0.0 	0 	0.0 	0.0 	0.0 	0.0 	0.0 	0.3 	QB33		Arizona Cardinals	Dallas Cowboys	2 	0.0 	1 	0.0 	0.0 	0 	0.0 	0.0 	0.0 	0.0 	0.0 	0.3 	QB33		Arizona Cardinals	Seattle Seahawks	2 	0.0 	1 	0.0 	0.0 	0 	0.0 	0.0 	0.0 	0.0 	0.0 	0.2 	QB36		Arizona Cardinals	Los Angeles Rams	2 	0.0 	1 	0.0 	0.0 	0 	0.0 	0.0 	0.0 	0.0 	0.0 	0.3 	QB32		Arizona Cardinals	Kansas City Chiefs	2 	0.0 	1 	0.0 	0.0 	0 	0.0 	0.0 	0.0 	0.0 	0.0 	0.2 	QB31		Arizona Cardinals	Washington Commanders	2 	0.0 	1 	0.0 	0.0 	0 	0.0 	0.0 	0.0 	0.0 	0.0 	0.3 	QB37		Arizona Cardinals	Philadelphia Eagles	2 	0.0 	1 	0.0 	0.0 	0 	0.0 	0.0 	0.0 	0.0 	0.0 	0.2 	QB33		Arizona Cardinals	BYE	0 	0.0 	0 	0.0 	0.0 	0 	0.0 	0.0 	0.0 	0.0 	0.0 	0.0 	-		Arizona Cardinals	New York Jets	2 	0.0 	1 	0.0 	0.0 	0 	0.0 	0.0 	0.0 	0.0 	0.0 	0.3 	QB37		Arizona Cardinals	New Orleans Saints	2 	0.0 	1 	0.0 	0.0 	0 	0.0 	0.0 	0.0 	0.0 	0.0 	0.3 	QB38		Arizona Cardinals	Las Vegas Raiders	2 	0.0 	1 	0.0 	0.0 	0 	0.0 	0.0 	0.0 	0.0 	0.0 	0.3 	QB38		Actual	Actual	Actual	Actual	Forecast	Forecast	Forecast	Forecast	Forecast	Forecast	Forecast	Forecast	Forecast	Forecast	Forecast	Forecast	Forecast		Healthy	Healthy	Healthy	Injured	Healthy	Healthy	Healthy	Healthy	Healthy	Healthy	Healthy	Healthy	Healthy	Healthy	Healthy	Healthy	Healthy		Week 5 2026	10/8/2026	8:57:03 PM	20		0%	0%	1%	1%	1%	1%		0.0 	0	0	1	0	0	
	Travis Hunter	Jacksonville Jaguars	WR	WR107	0.0 	0 	0 	0.0 	0.0 	0.0 	0 	0.0 	0.0 	0.0 	0.0 	0.0 	0 	0.0 	0.0 	0.0 	0.0 	0.0 	0.0 	0.000 	1.000 	0.000 	(2)	0.000 	0.000 	270 	256 	(14)	108 	83 	(25)	0.000 																0.0 	0.0 	0.0 	0.0 	0.0 	0.0 	0.0 	0.0 	0.0 	0.0 	0.0 	0.0 	0.0 	0.0 	0.0 	0.0 	0.0 		-	-	-	-	-	-	-	-	-	-	-	-	-	-	-	-	-		WR108	0.0 	0.0 	0.0 	0.0 	0.0 	0.0 	0.0 	0.0 	108 	0.000 	1.000 	0.000 	(2)	0.000 	0.000 	270 	0.000 		0 														-	0.0 	0.0 	0.0 	0.0 	0.0 	0.0 	0.0 	0.0 	#N/A	0.000 	1.000 	#N/A	(1)	0.000 	0.000 	#N/A	#N/A		0.0 																	Jacksonville Jaguars	Cleveland Browns	0 	0.0 	0 	0.0 	0.0 	0 	0.0 	0.0 	0.0 	0.0 	0.0 	0.0 	-		Jacksonville Jaguars	Denver Broncos	0 	0.0 	0 	0.0 	0.0 	0 	0.0 	0.0 	0.0 	0.0 	0.0 	0.0 	-		Jacksonville Jaguars	New England Patriots	0 	0.0 	0 	0.0 	0.0 	0 	0.0 	0.0 	0.0 	0.0 	0.0 	0.0 	-		Jacksonville Jaguars	Cincinnati Bengals	0 	0.0 	0 	0.0 	0.0 	0 	0.0 	0.0 	0.0 	0.0 	0.0 	0.0 	-		Jacksonville Jaguars	Philadelphia Eagles	0 	0.0 	0 	0.0 	0.0 	0 	0.0 	0.0 	0.0 	0.0 	0.0 	0.0 	-		Jacksonville Jaguars	Houston Texans	0 	0.0 	0 	0.0 	0.0 	0 	0.0 	0.0 	0.0 	0.0 	0.0 	0.0 	-		Jacksonville Jaguars	BYE	0 	0.0 	0 	0.0 	0.0 	0 	0.0 	0.0 	0.0 	0.0 	0.0 	0.0 	-		Jacksonville Jaguars	Indianapolis Colts	0 	0.0 	0 	0.0 	0.0 	0 	0.0 	0.0 	0.0 	0.0 	0.0 	0.0 	-		Jacksonville Jaguars	Baltimore Ravens	0 	0.0 	0 	0.0 	0.0 	0 	0.0 	0.0 	0.0 	0.0 	0.0 	0.0 	-		Jacksonville Jaguars	Tennessee Titans	0 	0.0 	0 	0.0 	0.0 	0 	0.0 	0.0 	0.0 	0.0 	0.0 	0.0 	-		Jacksonville Jaguars	New York Giants	0 	0.0 	0 	0.0 	0.0 	0 	0.0 	0.0 	0.0 	0.0 	0.0 	0.0 	-		Jacksonville Jaguars	Tennessee Titans	0 	0.0 	0 	0.0 	0.0 	0 	0.0 	0.0 	0.0 	0.0 	0.0 	0.0 	-		Jacksonville Jaguars	Chicago Bears	0 	0.0 	0 	0.0 	0.0 	0 	0.0 	0.0 	0.0 	0.0 	0.0 	0.0 	-		Jacksonville Jaguars	Pittsburgh Steelers	0 	0.0 	0 	0.0 	0.0 	0 	0.0 	0.0 	0.0 	0.0 	0.0 	0.0 	-		Jacksonville Jaguars	Houston Texans	0 	0.0 	0 	0.0 	0.0 	0 	0.0 	0.0 	0.0 	0.0 	0.0 	0.0 	-		Jacksonville Jaguars	Dallas Cowboys	0 	0.0 	0 	0.0 	0.0 	0 	0.0 	0.0 	0.0 	0.0 	0.0 	0.0 	-		Jacksonville Jaguars	Washington Commanders	0 	0.0 	0 	0.0 	0.0 	0 	0.0 	0.0 	0.0 	0.0 	0.0 	0.0 	-		Actual	Actual	Actual	Actual	Forecast	Forecast	Forecast	Forecast	Forecast	Forecast	Forecast	Forecast	Forecast	Forecast	Forecast	Forecast	Forecast		Healthy	Healthy	Healthy	Healthy	Injured	Healthy	Healthy	Healthy	Healthy	Healthy	Healthy	Healthy	Healthy	Healthy	Healthy	Healthy	Healthy		Week 5 2026	10/8/2026	8:57:03 PM	20		0%	0%	0%	0%	0%	0%		0.0 	0	0	0	1	0	
	Cooper Rush	Atlanta Falcons	QB	QB38	0.6 	8 	229 	16.4 	1.0 	0.1 	37 	2.6 	0.0 	0.0 	0.0 	0.0 	0 	0.0 	0.0 	0.0 	3.2 	1.0 	0.0 	0.021 	0.460 	0.000 	(2)	0.000 	0.000 	270 	0 	(270)	40 	0 	(40)	0.000 																5.7 	1.1 	0.0 	0.0 	0.2 	0.1 	0.1 	0.1 	0.1 	0.1 	0.0 	0.1 	0.1 	0.1 	0.1 	0.1 	0.1 		QB30	QB34	-	-	QB38	QB36	QB36	QB36	QB40	QB35	-	QB42	QB36	QB38	QB41	QB41	QB41		QB38	0.1 	0.0 	0.0 	1.4 	0.0 	0.0 	0.0 	0.0 	42 	0.006 	0.460 	0.000 	(2)	0.000 	0.000 	270 	0.000 		2 														QB41	3.4 	0.0 	0.0 	8.3 	0.0 	0.0 	0.0 	0.0 	41 	0.058 	0.460 	0.000 	(1)	0.000 	0.000 	#N/A	0.000 		6.8 																	Atlanta Falcons	Pittsburgh Steelers	143 	1.0 	0 	0.0 	0.0 	0 	0.0 	2.0 	0.0 	0.0 	0.0 	5.7 	QB30		Atlanta Falcons	Carolina Panthers	86 	0.0 	20 	0.0 	0.0 	0 	0.0 	1.2 	1.0 	0.0 	0.0 	1.1 	QB34		Atlanta Falcons	Green Bay Packers	0 	0.0 	0 	0.0 	0.0 	0 	0.0 	0.0 	0.0 	0.0 	0.0 	0.0 	-		Atlanta Falcons	New Orleans Saints	0 	0.0 	0 	0.0 	0.0 	0 	0.0 	0.0 	0.0 	0.0 	0.0 	0.0 	-		Atlanta Falcons	Baltimore Ravens	0 	0.0 	2 	0.0 	0.0 	0 	0.0 	0.0 	0.0 	0.0 	0.0 	0.2 	QB38		Atlanta Falcons	Chicago Bears	0 	0.0 	1 	0.0 	0.0 	0 	0.0 	0.0 	0.0 	0.0 	0.0 	0.1 	QB36		Atlanta Falcons	San Francisco 49ers	0 	0.0 	1 	0.0 	0.0 	0 	0.0 	0.0 	0.0 	0.0 	0.0 	0.1 	QB36		Atlanta Falcons	Tampa Bay Buccaneers	0 	0.0 	1 	0.0 	0.0 	0 	0.0 	0.0 	0.0 	0.0 	0.0 	0.1 	QB36		Atlanta Falcons	Cincinnati Bengals	0 	0.0 	1 	0.0 	0.0 	0 	0.0 	0.0 	0.0 	0.0 	0.0 	0.1 	QB40		Atlanta Falcons	Kansas City Chiefs	0 	0.0 	1 	0.0 	0.0 	0 	0.0 	0.0 	0.0 	0.0 	0.0 	0.1 	QB35		Atlanta Falcons	BYE	0 	0.0 	0 	0.0 	0.0 	0 	0.0 	0.0 	0.0 	0.0 	0.0 	0.0 	-		Atlanta Falcons	Minnesota Vikings	0 	0.0 	1 	0.0 	0.0 	0 	0.0 	0.0 	0.0 	0.0 	0.0 	0.1 	QB42		Atlanta Falcons	Detroit Lions	0 	0.0 	1 	0.0 	0.0 	0 	0.0 	0.0 	0.0 	0.0 	0.0 	0.1 	QB36		Atlanta Falcons	Cleveland Browns	0 	0.0 	1 	0.0 	0.0 	0 	0.0 	0.0 	0.0 	0.0 	0.0 	0.1 	QB38		Atlanta Falcons	Washington Commanders	0 	0.0 	1 	0.0 	0.0 	0 	0.0 	0.0 	0.0 	0.0 	0.0 	0.1 	QB41		Atlanta Falcons	Tampa Bay Buccaneers	0 	0.0 	1 	0.0 	0.0 	0 	0.0 	0.0 	0.0 	0.0 	0.0 	0.1 	QB41		Atlanta Falcons	New Orleans Saints	0 	0.0 	1 	0.0 	0.0 	0 	0.0 	0.0 	0.0 	0.0 	0.0 	0.1 	QB41		Actual	Actual	Actual	Actual	Forecast	Forecast	Forecast	Forecast	Forecast	Forecast	Forecast	Forecast	Forecast	Forecast	Forecast	Forecast	Forecast		Healthy	Healthy	Injured	Healthy	Healthy	Healthy	Healthy	Healthy	Healthy	Healthy	Healthy	Healthy	Healthy	Healthy	Healthy	Healthy	Healthy		Week 5 2026	10/8/2026	8:57:03 PM	20		0%	0%	1%	0%	0%	0%		0.0 	0	1	0	0	0	
	Ricky Pearsall	San Francisco 49ers	WR	WR107	0.0 	0 	0 	0.0 	0.0 	0.0 	0 	0.0 	0.0 	0.0 	0.0 	0.0 	0 	0.0 	0.0 	0.0 	0.0 	0.0 	0.0 	0.000 	1.000 	0.000 	(2)	0.000 	0.000 	270 	0 	(270)	108 	0 	(108)	0.000 																0.0 	0.0 	0.0 	0.0 	0.0 	0.0 	0.0 	0.0 	0.0 	0.0 	0.0 	0.0 	0.0 	0.0 	0.0 	0.0 	0.0 		-	-	-	-	-	-	-	-	-	-	-	-	-	-	-	-	-		WR108	0.0 	0.0 	0.0 	0.0 	0.0 	0.0 	0.0 	0.0 	108 	0.000 	1.000 	0.000 	(2)	0.000 	0.000 	270 	0.000 		0 														-	0.0 	0.0 	0.0 	0.0 	0.0 	0.0 	0.0 	0.0 	#N/A	0.000 	1.000 	#N/A	(1)	0.000 	0.000 	#N/A	#N/A		0.0 																	San Francisco 49ers	Los Angeles Rams	0 	0.0 	0 	0.0 	0.0 	0 	0.0 	0.0 	0.0 	0.0 	0.0 	0.0 	-		San Francisco 49ers	Miami Dolphins	0 	0.0 	0 	0.0 	0.0 	0 	0.0 	0.0 	0.0 	0.0 	0.0 	0.0 	-		San Francisco 49ers	Arizona Cardinals	0 	0.0 	0 	0.0 	0.0 	0 	0.0 	0.0 	0.0 	0.0 	0.0 	0.0 	-		San Francisco 49ers	Denver Broncos	0 	0.0 	0 	0.0 	0.0 	0 	0.0 	0.0 	0.0 	0.0 	0.0 	0.0 	-		San Francisco 49ers	Seattle Seahawks	0 	0.0 	0 	0.0 	0.0 	0 	0.0 	0.0 	0.0 	0.0 	0.0 	0.0 	-		San Francisco 49ers	Washington Commanders	0 	0.0 	0 	0.0 	0.0 	0 	0.0 	0.0 	0.0 	0.0 	0.0 	0.0 	-		San Francisco 49ers	Atlanta Falcons	0 	0.0 	0 	0.0 	0.0 	0 	0.0 	0.0 	0.0 	0.0 	0.0 	0.0 	-		San Francisco 49ers	BYE	0 	0.0 	0 	0.0 	0.0 	0 	0.0 	0.0 	0.0 	0.0 	0.0 	0.0 	-		San Francisco 49ers	Las Vegas Raiders	0 	0.0 	0 	0.0 	0.0 	0 	0.0 	0.0 	0.0 	0.0 	0.0 	0.0 	-		San Francisco 49ers	Dallas Cowboys	0 	0.0 	0 	0.0 	0.0 	0 	0.0 	0.0 	0.0 	0.0 	0.0 	0.0 	-		San Francisco 49ers	Minnesota Vikings	0 	0.0 	0 	0.0 	0.0 	0 	0.0 	0.0 	0.0 	0.0 	0.0 	0.0 	-		San Francisco 49ers	Seattle Seahawks	0 	0.0 	0 	0.0 	0.0 	0 	0.0 	0.0 	0.0 	0.0 	0.0 	0.0 	-		San Francisco 49ers	New York Giants	0 	0.0 	0 	0.0 	0.0 	0 	0.0 	0.0 	0.0 	0.0 	0.0 	0.0 	-		San Francisco 49ers	Los Angeles Rams	0 	0.0 	0 	0.0 	0.0 	0 	0.0 	0.0 	0.0 	0.0 	0.0 	0.0 	-		San Francisco 49ers	Los Angeles Chargers	0 	0.0 	0 	0.0 	0.0 	0 	0.0 	0.0 	0.0 	0.0 	0.0 	0.0 	-		San Francisco 49ers	Kansas City Chiefs	0 	0.0 	0 	0.0 	0.0 	0 	0.0 	0.0 	0.0 	0.0 	0.0 	0.0 	-		San Francisco 49ers	Philadelphia Eagles	0 	0.0 	0 	0.0 	0.0 	0 	0.0 	0.0 	0.0 	0.0 	0.0 	0.0 	-		Actual	Actual	Actual	Actual	Forecast	Forecast	Forecast	Forecast	Forecast	Forecast	Forecast	Forecast	Forecast	Forecast	Forecast	Forecast	Forecast		Injured	Injured	Injured	Injured	Injured	Injured	Injured	Injured	Injured	Injured	Injured	Injured	Injured	Injured	Injured	Injured	Injured		Week 5 2026	10/8/2026	8:57:03 PM	20		0%	0%	0%	0%	0%	0%		0.0 	1	1	1	1	1	
	Jayden Higgins	Houston Texans	WR	WR107	0.0 	0 	0 	0.0 	0.0 	0.0 	0 	0.0 	0.0 	0.0 	0.0 	0.0 	0 	0.0 	0.0 	0.0 	0.0 	0.0 	0.0 	0.000 	1.000 	0.000 	(2)	0.000 	0.000 	270 	0 	(270)	108 	0 	(108)	0.000 																0.0 	0.0 	0.0 	0.0 	0.0 	0.0 	0.0 	0.0 	0.0 	0.0 	0.0 	0.0 	0.0 	0.0 	0.0 	0.0 	0.0 		-	-	-	-	-	-	-	-	-	-	-	-	-	-	-	-	-		WR108	0.0 	0.0 	0.0 	0.0 	0.0 	0.0 	0.0 	0.0 	108 	0.000 	1.000 	0.000 	(2)	0.000 	0.000 	270 	0.000 		0 														-	0.0 	0.0 	0.0 	0.0 	0.0 	0.0 	0.0 	0.0 	#N/A	0.000 	1.000 	#N/A	(1)	0.000 	0.000 	#N/A	#N/A		0.0 																	Houston Texans	Buffalo Bills	0 	0.0 	0 	0.0 	0.0 	0 	0.0 	0.0 	0.0 	0.0 	0.0 	0.0 	-		Houston Texans	Cincinnati Bengals	0 	0.0 	0 	0.0 	0.0 	0 	0.0 	0.0 	0.0 	0.0 	0.0 	0.0 	-		Houston Texans	Indianapolis Colts	0 	0.0 	0 	0.0 	0.0 	0 	0.0 	0.0 	0.0 	0.0 	0.0 	0.0 	-		Houston Texans	Dallas Cowboys	0 	0.0 	0 	0.0 	0.0 	0 	0.0 	0.0 	0.0 	0.0 	0.0 	0.0 	-		Houston Texans	Tennessee Titans	0 	0.0 	0 	0.0 	0.0 	0 	0.0 	0.0 	0.0 	0.0 	0.0 	0.0 	-		Houston Texans	Jacksonville Jaguars	0 	0.0 	0 	0.0 	0.0 	0 	0.0 	0.0 	0.0 	0.0 	0.0 	0.0 	-		Houston Texans	New York Giants	0 	0.0 	0 	0.0 	0.0 	0 	0.0 	0.0 	0.0 	0.0 	0.0 	0.0 	-		Houston Texans	BYE	0 	0.0 	0 	0.0 	0.0 	0 	0.0 	0.0 	0.0 	0.0 	0.0 	0.0 	-		Houston Texans	Los Angeles Chargers	0 	0.0 	0 	0.0 	0.0 	0 	0.0 	0.0 	0.0 	0.0 	0.0 	0.0 	-		Houston Texans	Cleveland Browns	0 	0.0 	0 	0.0 	0.0 	0 	0.0 	0.0 	0.0 	0.0 	0.0 	0.0 	-		Houston Texans	Indianapolis Colts	0 	0.0 	0 	0.0 	0.0 	0 	0.0 	0.0 	0.0 	0.0 	0.0 	0.0 	-		Houston Texans	Baltimore Ravens	0 	0.0 	0 	0.0 	0.0 	0 	0.0 	0.0 	0.0 	0.0 	0.0 	0.0 	-		Houston Texans	Pittsburgh Steelers	0 	0.0 	0 	0.0 	0.0 	0 	0.0 	0.0 	0.0 	0.0 	0.0 	0.0 	-		Houston Texans	Washington Commanders	0 	0.0 	0 	0.0 	0.0 	0 	0.0 	0.0 	0.0 	0.0 	0.0 	0.0 	-		Houston Texans	Jacksonville Jaguars	0 	0.0 	0 	0.0 	0.0 	0 	0.0 	0.0 	0.0 	0.0 	0.0 	0.0 	-		Houston Texans	Philadelphia Eagles	0 	0.0 	0 	0.0 	0.0 	0 	0.0 	0.0 	0.0 	0.0 	0.0 	0.0 	-		Houston Texans	Green Bay Packers	0 	0.0 	0 	0.0 	0.0 	0 	0.0 	0.0 	0.0 	0.0 	0.0 	0.0 	-		Actual	Actual	Actual	Actual	Forecast	Forecast	Forecast	Forecast	Forecast	Forecast	Forecast	Forecast	Forecast	Forecast	Forecast	Forecast	Forecast		Injured	Injured	Injured	Injured	Injured	Injured	Injured	Injured	Injured	Injured	Injured	Injured	Injured	Injured	Injured	Injured	Injured		Week 5 2026	10/8/2026	8:57:03 PM	20		0%	0%	0%	0%	0%	0%		0.0 	1	1	1	1	1	