																																																				Actual	Actual	Actual	Forecast	Forecast	Forecast	Forecast	Forecast	Forecast	Forecast	Forecast	Forecast	Forecast	Forecast	Forecast	Forecast	Forecast																																																																																																																																																																																																																																																																																																																																																																																																																															
									Pass TDs		Rush YDs		Rush TDs		Receptions		Rec Yards		Rec TD		Interceptions	Fumbles	Misc. TD																													19	20	21	22	23	24	25	26	27	28	29	30	31	32	33	34	35																																																																																											19	19	19	19	19	19	19	19	19	19	19	19	19				20	20	20	20	20	20	20	20	20	20	20	20	20				21	21	21	21	21	21	21	21	21	21	21	21	21				22	22	22	22	22	22	22	22	22	22	22	22	22				23	23	23	23	23	23	23	23	23	23	23	23	23				24	24	24	24	24	24	24	24	24	24	24	24	24				25	25	25	25	25	25	25	25	25	25	25	25	25				26	26	26	26	26	26	26	26	26	26	26	26	26				27	27	27	27	27	27	27	27	27	27	27	27	27				28	28	28	28	28	28	28	28	28	28	28	28	28				29	29	29	29	29	29	29	29	29	29	29	29	29				30	30	30	30	30	30	30	30	30	30	30	30	30				31	31	31	31	31	31	31	31	31	31	31	31	31				32	32	32	32	32	32	32	32	32	32	32	32	32				33	33	33	33	33	33	33	33	33	33	33	33	33				34	34	34	34	34	34	34	34	34	34	34	34	34				35	35	35	35	35	35	35	35	35	35	35	35	35																																																			Week 1 2026	Week 2 2026	Week 3 2026	Week 4 2026	Week 5 2026	
					Consolidated	Consolidated	Consolidated	Consolidated	Consolidated	Consolidated	Consolidated	Consolidated	Consolidated	Consolidated	Consolidated	Consolidated	Consolidated	Consolidated	Consolidated	Consolidated	Consolidated	Consolidated	Consolidated	Consolidated	Consolidated	Consolidated	Consolidated	Consolidated	Consolidated	Consolidated	Consolidated	Consolidated	Consolidated	Consolidated	Consolidated	Consolidated			Consolidated	Consolidated	Consolidated	Consolidated	Consolidated	Consolidated	Consolidated	Consolidated	Consolidated	Consolidated	Consolidated	Consolidated		Week 1 2026	Week 2 2026	Week 3 2026	Week 4 2026	Week 5 2026	Week 6 2026	Week 7 2026	Week 8 2026	Week 9 2026	Week 10 2026	Week 11 2026	Week 12 2026	Week 13 2026	Week 14 2026	Week 15 2026	Week 16 2026	Week 17 2026		Week 1 2026	Week 2 2026	Week 3 2026	Week 4 2026	Week 5 2026	Week 6 2026	Week 7 2026	Week 8 2026	Week 9 2026	Week 10 2026	Week 11 2026	Week 12 2026	Week 13 2026	Week 14 2026	Week 15 2026	Week 16 2026	Week 17 2026		Rest of Season	Rest of Season	Rest of Season	Rest of Season	Rest of Season	Rest of Season	Rest of Season	Rest of Season	Rest of Season	Rest of Season	Rest of Season	Rest of Season	Rest of Season	Rest of Season	Rest of Season	Rest of Season	Rest of Season	Rest of Season		Rest of Season	Rest of Season	Rest of Season	Rest of Season	Rest of Season	Rest of Season	Rest of Season	Rest of Season	Rest of Season	Rest of Season	Rest of Season	Rest of Season	Rest of Season		YTD	YTD	YTD	YTD	YTD	YTD	YTD	YTD	YTD	YTD	YTD	YTD	YTD	YTD	YTD	YTD	YTD	YTD		YTD	YTD	YTD	YTD	YTD	YTD	YTD	YTD	YTD	YTD	YTD	YTD	YTD						Week 1	Week 1 2026	Week 1 2026	Week 1 2026	Week 1 2026	Week 1 2026	Week 1 2026	Week 1 2026	Week 1 2026	Week 1 2026	Week 1 2026	Week 1 2026	Week 1 2026	Week 1 2026			Week 2	Week 2 2026	Week 2 2026	Week 2 2026	Week 2 2026	Week 2 2026	Week 2 2026	Week 2 2026	Week 2 2026	Week 2 2026	Week 2 2026	Week 2 2026	Week 2 2026	Week 2 2026			Week 3	Week 3 2026	Week 3 2026	Week 3 2026	Week 3 2026	Week 3 2026	Week 3 2026	Week 3 2026	Week 3 2026	Week 3 2026	Week 3 2026	Week 3 2026	Week 3 2026	Week 3 2026			Week 4	Week 4 2026	Week 4 2026	Week 4 2026	Week 4 2026	Week 4 2026	Week 4 2026	Week 4 2026	Week 4 2026	Week 4 2026	Week 4 2026	Week 4 2026	Week 4 2026	Week 4 2026			Week 5	Week 5 2026	Week 5 2026	Week 5 2026	Week 5 2026	Week 5 2026	Week 5 2026	Week 5 2026	Week 5 2026	Week 5 2026	Week 5 2026	Week 5 2026	Week 5 2026	Week 5 2026			Week 6	Week 6 2026	Week 6 2026	Week 6 2026	Week 6 2026	Week 6 2026	Week 6 2026	Week 6 2026	Week 6 2026	Week 6 2026	Week 6 2026	Week 6 2026	Week 6 2026	Week 6 2026			Week 7	Week 7 2026	Week 7 2026	Week 7 2026	Week 7 2026	Week 7 2026	Week 7 2026	Week 7 2026	Week 7 2026	Week 7 2026	Week 7 2026	Week 7 2026	Week 7 2026	Week 7 2026			Week 8	Week 8 2026	Week 8 2026	Week 8 2026	Week 8 2026	Week 8 2026	Week 8 2026	Week 8 2026	Week 8 2026	Week 8 2026	Week 8 2026	Week 8 2026	Week 8 2026	Week 8 2026			Week 9	Week 9 2026	Week 9 2026	Week 9 2026	Week 9 2026	Week 9 2026	Week 9 2026	Week 9 2026	Week 9 2026	Week 9 2026	Week 9 2026	Week 9 2026	Week 9 2026	Week 9 2026			Week 10	Week 10 2026	Week 10 2026	Week 10 2026	Week 10 2026	Week 10 2026	Week 10 2026	Week 10 2026	Week 10 2026	Week 10 2026	Week 10 2026	Week 10 2026	Week 10 2026	Week 10 2026			Week 11	Week 11 2026	Week 11 2026	Week 11 2026	Week 11 2026	Week 11 2026	Week 11 2026	Week 11 2026	Week 11 2026	Week 11 2026	Week 11 2026	Week 11 2026	Week 11 2026	Week 11 2026			Week 12	Week 12 2026	Week 12 2026	Week 12 2026	Week 12 2026	Week 12 2026	Week 12 2026	Week 12 2026	Week 12 2026	Week 12 2026	Week 12 2026	Week 12 2026	Week 12 2026	Week 12 2026			Week 13	Week 13 2026	Week 13 2026	Week 13 2026	Week 13 2026	Week 13 2026	Week 13 2026	Week 13 2026	Week 13 2026	Week 13 2026	Week 13 2026	Week 13 2026	Week 13 2026	Week 13 2026			Week 14	Week 14 2026	Week 14 2026	Week 14 2026	Week 14 2026	Week 14 2026	Week 14 2026	Week 14 2026	Week 14 2026	Week 14 2026	Week 14 2026	Week 14 2026	Week 14 2026	Week 14 2026			Week 15	Week 15 2026	Week 15 2026	Week 15 2026	Week 15 2026	Week 15 2026	Week 15 2026	Week 15 2026	Week 15 2026	Week 15 2026	Week 15 2026	Week 15 2026	Week 15 2026	Week 15 2026			Week 16	Week 16 2026	Week 16 2026	Week 16 2026	Week 16 2026	Week 16 2026	Week 16 2026	Week 16 2026	Week 16 2026	Week 16 2026	Week 16 2026	Week 16 2026	Week 16 2026	Week 16 2026			Week 17	Week 17 2026	Week 17 2026	Week 17 2026	Week 17 2026	Week 17 2026	Week 17 2026	Week 17 2026	Week 17 2026	Week 17 2026	Week 17 2026	Week 17 2026	Week 17 2026	Week 17 2026		Week 1 2026	Week 2 2026	Week 3 2026	Week 4 2026	Week 5 2026	Week 6 2026	Week 7 2026	Week 8 2026	Week 9 2026	Week 10 2026	Week 11 2026	Week 12 2026	Week 13 2026	Week 14 2026	Week 15 2026	Week 16 2026	Week 17 2026		Week 1 2026	Week 2 2026	Week 3 2026	Week 4 2026	Week 5 2026	Week 6 2026	Week 7 2026	Week 8 2026	Week 9 2026	Week 10 2026	Week 11 2026	Week 12 2026	Week 13 2026	Week 14 2026	Week 15 2026	Week 16 2026	Week 17 2026															19 	20 	21 	22 	23 	
	Player	Team	Position	Consolidated Rank	Cons PPG	Season	Pass Yds	Cons Pass YPG	Cons Pass TDs	Cons Pass TDs per Game	Rush Yds	Cons Rush YPG	Cons Rush TDs	Cons Rush TDs per Game	Receptions	Cons Rec PG	Cons Rec Yards	Cons Rec YPG	Cons Rec TD	Cons Rec TDs per Game	Interceptions	Fumbles	Misc. TD	EPS	Pos_Scarcity	Adj_Pos_Scar	z_Score	Pos_Value	PPG Index	Cons Overall Rank	Overall ADP	Delta to ADP	Pos. Rank Pts	Pos. ADP	Delta to Pos. ADP	Cons G-RANK			QB Ranks	Season	Rank	RB Ranks	Season	Rank	WR Ranks	Season	Rank	TE Ranks	Season	Rank		Week 1 2026 Pts	Week 2 2026 Pts	Week 3 2026 Pts	Week 4 2026 Pts	Week 5 2026 Pts	Week 6 2026 Pts	Week 7 2026 Pts	Week 8 2026 Pts	Week 9 2026 Pts	Week 10 2026 Pts	Week 11 2026 Pts	Week 12 2026 Pts	Week 13 2026 Pts	Week 14 2026 Pts	Week 15 2026 Pts	Week 16 2026 Pts	Week 17 2026 Pts		Week 1 2026 Rank	Week 2 2026 Rank	Week 3 2026 Rank	Week 4 2026 Rank	Week 5 2026 Rank	Week 6 2026 Rank	Week 7 2026 Rank	Week 8 2026 Rank	Week 9 2026 Rank	Week 10 2026 Rank	Week 11 2026 Rank	Week 12 2026 Rank	Week 13 2026 Rank	Week 14 2026 Rank	Week 15 2026 Rank	Week 16 2026 Rank	Week 17 2026 Rank		RoS Rank	RoS PPG	RoS Pass YPG	RoS Pass TDs per Game	RoS Rush YPG	RoS Rush TDs	RoS Rec PG	RoS Rec YPG	RoS Rec TD	Pos. Rank Pts	EPS	Pos_Scarcity	Adj_Pos_Scar	z_Score	Pos_Value	PPG Index	RoS Overall Rank	RoS G-RANK		Total Points	QB Ranks	Season	Rank	RB Ranks	Season	Rank	WR Ranks	Season	Rank	TE Ranks	Season	Rank		YTD Rank	YTD PPG	YTD Pass YPG	YTD Pass TDs per Game	YTD Rush YPG	YTD Rush TDs	YTD Rec PG	YTD Rec YPG	YTD Rec TD	Pos Rank	EPS	Pos_Scarcity	Adj_Pos_Scar	z_Score	Pos_Value	Upside Index	YTD Overall Rank	YTD G-RANK		YTD Total Points	QB Ranks	Season	Rank	RB Ranks	Season	Rank	WR Ranks	Season	Rank	TE Ranks	Season	Rank					Week 1 2026 Team	Week 1 2026 Opp	Pass Yds	Pass TDs	Rush Yds	Rush TDs	Receptions	Rec Yards	Rec TD	Interceptions	Fumbles	Misc. TD	2Pt.	Fantasy Pts.	Rank		Week 2 2026 Team	Week 2 2026 Opp	Pass Yds	Pass TDs	Rush Yds	Rush TDs	Receptions	Rec Yards	Rec TD	Interceptions	Fumbles	Misc. TD	2Pt.	Fantasy Pts.	Rank		Week 3 2026 Team	Week 3 2026 Opp	Pass Yds	Pass TDs	Rush Yds	Rush TDs	Receptions	Rec Yards	Rec TD	Interceptions	Fumbles	Misc. TD	2Pt.	Fantasy Pts.	Rank		Week 4 2026 Team	Week 4 2026 Opp	Pass Yds	Pass TDs	Rush Yds	Rush TDs	Receptions	Rec Yards	Rec TD	Interceptions	Fumbles	Misc. TD	2Pt.	Fantasy Pts.	Rank		Week 5 2026 Team	Week 5 2026 Opp	Pass Yds	Pass TDs	Rush Yds	Rush TDs	Receptions	Rec Yards	Rec TD	Interceptions	Fumbles	Misc. TD	2Pt.	Fantasy Pts.	Rank		Week 6 2026 Team	Week 6 2026 Opp	Pass Yds	Pass TDs	Rush Yds	Rush TDs	Receptions	Rec Yards	Rec TD	Interceptions	Fumbles	Misc. TD	2Pt.	Fantasy Pts.	Rank		Week 7 2026 Team	Week 7 2026 Opp	Pass Yds	Pass TDs	Rush Yds	Rush TDs	Receptions	Rec Yards	Rec TD	Interceptions	Fumbles	Misc. TD	2Pt.	Fantasy Pts.	Rank		Week 8 2026 Team	Week 8 2026 Opp	Pass Yds	Pass TDs	Rush Yds	Rush TDs	Receptions	Rec Yards	Rec TD	Interceptions	Fumbles	Misc. TD	2Pt.	Fantasy Pts.	Rank		Week 9 2026 Team	Week 9 2026 Opp	Pass Yds	Pass TDs	Rush Yds	Rush TDs	Receptions	Rec Yards	Rec TD	Interceptions	Fumbles	Misc. TD	2Pt.	Fantasy Pts.	Rank		Week 10 2026 Team	Week 10 2026 Opp	Pass Yds	Pass TDs	Rush Yds	Rush TDs	Receptions	Rec Yards	Rec TD	Interceptions	Fumbles	Misc. TD	2Pt.	Fantasy Pts.	Rank		Week 11 2026 Team	Week 11 2026 Opp	Pass Yds	Pass TDs	Rush Yds	Rush TDs	Receptions	Rec Yards	Rec TD	Interceptions	Fumbles	Misc. TD	2Pt.	Fantasy Pts.	Rank		Week 12 2026 Team	Week 12 2026 Opp	Pass Yds	Pass TDs	Rush Yds	Rush TDs	Receptions	Rec Yards	Rec TD	Interceptions	Fumbles	Misc. TD	2Pt.	Fantasy Pts.	Rank		Week 13 2026 Team	Week 13 2026 Opp	Pass Yds	Pass TDs	Rush Yds	Rush TDs	Receptions	Rec Yards	Rec TD	Interceptions	Fumbles	Misc. TD	2Pt.	Fantasy Pts.	Rank		Week 14 2026 Team	Week 14 2026 Opp	Pass Yds	Pass TDs	Rush Yds	Rush TDs	Receptions	Rec Yards	Rec TD	Interceptions	Fumbles	Misc. TD	2Pt.	Fantasy Pts.	Rank		Week 15 2026 Team	Week 15 2026 Opp	Pass Yds	Pass TDs	Rush Yds	Rush TDs	Receptions	Rec Yards	Rec TD	Interceptions	Fumbles	Misc. TD	2Pt.	Fantasy Pts.	Rank		Week 16 2026 Team	Week 16 2026 Opp	Pass Yds	Pass TDs	Rush Yds	Rush TDs	Receptions	Rec Yards	Rec TD	Interceptions	Fumbles	Misc. TD	2Pt.	Fantasy Pts.	Rank		Week 17 2026 Team	Week 17 2026 Opp	Pass Yds	Pass TDs	Rush Yds	Rush TDs	Receptions	Rec Yards	Rec TD	Interceptions	Fumbles	Misc. TD	2Pt.	Fantasy Pts.	Rank		Week 1 2026 Type	Week 2 2026 Type	Week 3 2026 Type	Week 4 2026 Type	Week 5 2026 Type	Week 6 2026 Type	Week 7 2026 Type	Week 8 2026 Type	Week 9 2026 Type	Week 10 2026 Type	Week 11 2026 Type	Week 12 2026 Type	Week 13 2026 Type	Week 14 2026 Type	Week 15 2026 Type	Week 16 2026 Type	Week 17 2026 Type		Week 1 2026 Health	Week 2 2026 Health	Week 3 2026 Health	Week 4 2026 Health	Week 5 2026 Health	Week 6 2026 Health	Week 7 2026 Health	Week 8 2026 Health	Week 9 2026 Health	Week 10 2026 Health	Week 11 2026 Health	Week 12 2026 Health	Week 13 2026 Health	Week 14 2026 Health	Week 15 2026 Health	Week 16 2026 Health	Week 17 2026 Health		Active Week for Projections	Today		Hour		Proj. Receiving Yards Share	Proj. Receiving TD Share	Proj. Rush Yards Share	Proj. Rush TD Share	Proj. Pass Yards Share	Proj. Pass TD Share		YtD / RoS Delta (G-RANK)	2 Weeks Ago Injury?	1 Week Ago Injury?	This Week Injury?	Next Week Injury?	Following Week Injury?	Trade For / Trade Away
	Jahmyr Gibbs	Detroit Lions	RB	RB1	25.5 	408 	0 	0.0 	0.0 	0.0 	1,447 	90.4 	13.2 	0.8 	84.5 	5.3 	708 	44.2 	6.4 	0.4 	0.0 	4.5 	0.0 	1.000 	1.000 	0.990 	3 	1.000 	0.000 	1 	1 	0 	1 	1 	0 	0.996 			Josh Allen	0.711 	QB1	Jahmyr Gibbs	0.996 	RB1	Jaxon Smith-Njigba	0.991 	WR1	Trey McBride	0.779 	TE1		33.6 	23.3 	41.4 	23.9 	25.3 	0.0 	23.6 	23.7 	24.6 	22.9 	24.3 	24.2 	23.5 	25.0 	22.4 	24.4 	22.1 		RB3	RB3	RB1	RB1	RB1	-	RB1	RB1	RB1	RB2	RB1	RB1	RB1	RB1	RB1	RB1	RB2		RB1	23.8 	0.0 	0.0 	87.7 	0.7 	5.1 	42.4 	0.3 	1 	1.000 	1.000 	0.990 	3 	1.000 	0.000 	1 	0.996 		310 	Josh Allen	0.711 	QB1	Jahmyr Gibbs	0.996 	RB1	Jaxon Smith-Njigba	0.987 	WR1	Trey McBride	0.784 	TE1		RB1	32.8 	0.0 	0.0 	379.9 	3.1 	22.2 	183.9 	1.5 	1 	0.945 	1.000 	0.990 	3 	1.000 	0.000 	#N/A	0.987 		98.3 	Josh Allen	94 	QB1	Jahmyr Gibbs	98 	RB1	Jaxon Smith-Njigba	104 	WR1	Trey McBride	59 	TE1					Detroit Lions	New Orleans Saints	0 	0.0 	156 	2.0 	5.0 	30 	0.0 	0.0 	1.0 	0.0 	0.0 	33.6 	RB3		Detroit Lions	Buffalo Bills	0 	0.0 	52 	0.0 	6.0 	61 	1.0 	0.0 	0.0 	0.0 	0.0 	23.3 	RB3		Detroit Lions	New York Jets	0 	0.0 	99 	2.0 	7.0 	65 	1.0 	0.0 	0.0 	0.0 	0.0 	41.4 	RB1		Detroit Lions	Carolina Panthers	0 	0.0 	86 	0.7 	5.2 	43 	0.3 	0.0 	0.3 	0.0 	0.0 	23.9 	RB1		Detroit Lions	Arizona Cardinals	0 	0.0 	93 	0.8 	5.3 	44 	0.4 	0.0 	0.3 	0.0 	0.0 	25.3 	RB1		Detroit Lions	BYE	0 	0.0 	0 	0.0 	0.0 	0 	0.0 	0.0 	0.0 	0.0 	0.0 	0.0 	-		Detroit Lions	Green Bay Packers	0 	0.0 	85 	0.7 	5.2 	43 	0.3 	0.0 	0.3 	0.0 	0.0 	23.6 	RB1		Detroit Lions	Minnesota Vikings	0 	0.0 	89 	0.7 	5.0 	42 	0.3 	0.0 	0.3 	0.0 	0.0 	23.7 	RB1		Detroit Lions	Miami Dolphins	0 	0.0 	95 	0.8 	5.0 	41 	0.3 	0.0 	0.3 	0.0 	0.0 	24.6 	RB1		Detroit Lions	New England Patriots	0 	0.0 	83 	0.7 	5.1 	42 	0.3 	0.0 	0.3 	0.0 	0.0 	22.9 	RB2		Detroit Lions	Tampa Bay Buccaneers	0 	0.0 	90 	0.7 	5.1 	42 	0.3 	0.0 	0.3 	0.0 	0.0 	24.3 	RB1		Detroit Lions	Chicago Bears	0 	0.0 	87 	0.7 	5.3 	44 	0.4 	0.0 	0.3 	0.0 	0.0 	24.2 	RB1		Detroit Lions	Atlanta Falcons	0 	0.0 	85 	0.7 	5.1 	43 	0.3 	0.0 	0.2 	0.0 	0.0 	23.5 	RB1		Detroit Lions	Tennessee Titans	0 	0.0 	95 	0.8 	5.0 	42 	0.3 	0.0 	0.2 	0.0 	0.0 	25.0 	RB1		Detroit Lions	Minnesota Vikings	0 	0.0 	82 	0.6 	5.0 	41 	0.3 	0.0 	0.2 	0.0 	0.0 	22.4 	RB1		Detroit Lions	New York Giants	0 	0.0 	90 	0.7 	5.1 	42 	0.3 	0.0 	0.2 	0.0 	0.0 	24.4 	RB1		Detroit Lions	Chicago Bears	0 	0.0 	78 	0.6 	5.1 	42 	0.3 	0.0 	0.2 	0.0 	0.0 	22.1 	RB2		Actual	Actual	Actual	Forecast	Forecast	Forecast	Forecast	Forecast	Forecast	Forecast	Forecast	Forecast	Forecast	Forecast	Forecast	Forecast	Forecast		Healthy	Healthy	Healthy	Healthy	Healthy	Healthy	Healthy	Healthy	Healthy	Healthy	Healthy	Healthy	Healthy	Healthy	Healthy	Healthy	Healthy		Week 4 2026	10/3/2026	9:38:40 AM	9		17%	18%	77%	76%	0%	0%		0.0 	0	0	0	0	0	0.008303 
	Jaxon Smith-Njigba	Seattle Seahawks	WR	WR1	24.7 	396 	14 	0.9 	0.0 	0.0 	15 	0.9 	0.1 	0.0 	118.5 	7.4 	1,759 	109.9 	16.6 	1.0 	0.0 	0.3 	0.0 	0.970 	1.000 	0.990 	3 	1.000 	0.000 	2 	6 	4 	1 	3 	2 	0.991 			Joe Burrow	0.480 	QB3	Bijan Robinson	0.911 	RB2	Ja'Marr Chase	0.856 	WR3	Brock Bowers	0.738 	TE2		26.2 	42.5 	35.4 	21.8 	23.0 	21.9 	22.5 	22.9 	23.5 	22.0 	0.0 	22.4 	23.1 	22.6 	21.4 	22.7 	21.9 		WR6	WR1	WR1	WR1	WR1	WR1	WR1	WR1	WR1	WR1	-	WR1	WR1	WR1	WR1	WR1	WR1		WR1	22.5 	0.0 	0.0 	1.1 	0.0 	7.0 	104.1 	0.8 	1 	0.942 	1.000 	0.990 	3 	1.000 	0.000 	2 	0.987 		292 	Joe Burrow	0.562 	QB2	Bijan Robinson	0.934 	RB2	Ja'Marr Chase	0.940 	WR2	Brock Bowers	0.736 	TE2		WR1	34.7 	0.0 	0.0 	4.9 	0.0 	30.5 	451.3 	3.5 	1 	1.000 	1.000 	0.990 	4 	1.000 	0.000 	#N/A	0.996 		104.1 	Joe Burrow	53 	QB12	Bijan Robinson	78 	RB3	Ja'Marr Chase	55 	WR8	Brock Bowers	28 	TE16					Seattle Seahawks	New England Patriots	0 	0.0 	0 	0.0 	8.0 	122 	1.0 	0.0 	0.0 	0.0 	0.0 	26.2 	WR6		Seattle Seahawks	Arizona Cardinals	0 	0.0 	0 	0.0 	9.0 	155 	3.0 	0.0 	0.0 	0.0 	0.0 	42.5 	WR1		Seattle Seahawks	Washington Commanders	14 	0.0 	0 	0.0 	10.0 	128 	2.0 	0.0 	0.0 	0.0 	0.0 	35.4 	WR1		Seattle Seahawks	Los Angeles Chargers	0 	0.0 	1 	0.0 	6.8 	101 	0.8 	0.0 	0.0 	0.0 	0.0 	21.8 	WR1		Seattle Seahawks	San Francisco 49ers	0 	0.0 	1 	0.0 	7.2 	107 	0.8 	0.0 	0.0 	0.0 	0.0 	23.0 	WR1		Seattle Seahawks	Denver Broncos	0 	0.0 	1 	0.0 	6.9 	103 	0.8 	0.0 	0.0 	0.0 	0.0 	21.9 	WR1		Seattle Seahawks	Kansas City Chiefs	0 	0.0 	1 	0.0 	7.1 	105 	0.8 	0.0 	0.0 	0.0 	0.0 	22.5 	WR1		Seattle Seahawks	Chicago Bears	0 	0.0 	1 	0.0 	7.1 	106 	0.8 	0.0 	0.0 	0.0 	0.0 	22.9 	WR1		Seattle Seahawks	Arizona Cardinals	0 	0.0 	1 	0.0 	7.2 	106 	0.9 	0.0 	0.0 	0.0 	0.0 	23.5 	WR1		Seattle Seahawks	Las Vegas Raiders	0 	0.0 	1 	0.0 	6.9 	102 	0.8 	0.0 	0.0 	0.0 	0.0 	22.0 	WR1		Seattle Seahawks	BYE	0 	0.0 	0 	0.0 	0.0 	0 	0.0 	0.0 	0.0 	0.0 	0.0 	0.0 	-		Seattle Seahawks	San Francisco 49ers	0 	0.0 	1 	0.0 	7.1 	105 	0.8 	0.0 	0.0 	0.0 	0.0 	22.4 	WR1		Seattle Seahawks	Dallas Cowboys	0 	0.0 	1 	0.0 	7.2 	106 	0.9 	0.0 	0.0 	0.0 	0.0 	23.1 	WR1		Seattle Seahawks	New York Giants	0 	0.0 	1 	0.0 	7.0 	104 	0.8 	0.0 	0.0 	0.0 	0.0 	22.6 	WR1		Seattle Seahawks	Philadelphia Eagles	0 	0.0 	1 	0.0 	6.9 	102 	0.7 	0.0 	0.0 	0.0 	0.0 	21.4 	WR1		Seattle Seahawks	Los Angeles Rams	0 	0.0 	1 	0.0 	7.1 	105 	0.8 	0.0 	0.0 	0.0 	0.0 	22.7 	WR1		Seattle Seahawks	Carolina Panthers	0 	0.0 	1 	0.0 	6.9 	102 	0.8 	0.0 	0.0 	0.0 	0.0 	21.9 	WR1		Actual	Actual	Actual	Forecast	Forecast	Forecast	Forecast	Forecast	Forecast	Forecast	Forecast	Forecast	Forecast	Forecast	Forecast	Forecast	Forecast		Healthy	Healthy	Healthy	Healthy	Healthy	Healthy	Healthy	Healthy	Healthy	Healthy	Healthy	Healthy	Healthy	Healthy	Healthy	Healthy	Healthy		Week 4 2026	10/3/2026	9:38:40 AM	9		43%	46%	1%	1%	0%	0%		(0.0)	0	0	0	0	0	(0.008673)
	Bijan Robinson	Atlanta Falcons	RB	RB2	22.8 	365 	0 	0.0 	0.0 	0.0 	1,556 	97.2 	10.9 	0.7 	65.1 	4.1 	597 	37.3 	4.2 	0.3 	0.0 	2.9 	0.0 	0.894 	1.000 	0.979 	2 	0.839 	0.000 	3 	2 	(1)	2 	2 	0 	0.911 			Jalen Hurts	0.416 	QB7	Jonathan Taylor	0.844 	RB3	Amon-Ra St. Brown	0.881 	WR2	Tyler Warren	0.537 	TE3		31.3 	11.1 	35.3 	22.8 	21.9 	22.7 	22.0 	21.7 	22.0 	21.5 	0.0 	20.9 	22.6 	21.2 	22.0 	22.6 	23.4 		RB6	RB20	RB2	RB2	RB2	RB1	RB2	RB2	RB2	RB3	-	RB3	RB2	RB2	RB2	RB2	RB1		RB2	22.1 	0.0 	0.0 	92.8 	0.7 	4.0 	36.9 	0.2 	2 	0.927 	1.000 	0.979 	2 	0.887 	0.000 	4 	0.934 		287 	Jalen Hurts	0.488 	QB5	Jonathan Taylor	0.882 	RB3	Amon-Ra St. Brown	0.906 	WR3	Tyler Warren	0.557 	TE3		RB3	25.9 	0.0 	0.0 	402.2 	3.0 	17.4 	159.7 	1.1 	3 	0.747 	1.000 	0.968 	2 	0.721 	0.000 	#N/A	0.836 		77.7 	Jalen Hurts	54 	QB11	Jonathan Taylor	64 	RB5	Amon-Ra St. Brown	76 	WR2	Tyler Warren	39 	TE7					Atlanta Falcons	Pittsburgh Steelers	0 	0.0 	83 	0.0 	8.0 	90 	1.0 	0.0 	0.0 	0.0 	0.0 	31.3 	RB6		Atlanta Falcons	Carolina Panthers	0 	0.0 	72 	0.0 	3.0 	9 	0.0 	0.0 	0.0 	0.0 	0.0 	11.1 	RB20		Atlanta Falcons	Green Bay Packers	0 	0.0 	194 	2.0 	2.0 	19 	0.0 	0.0 	0.0 	0.0 	0.0 	35.3 	RB2		Atlanta Falcons	New Orleans Saints	0 	0.0 	97 	0.7 	4.0 	37 	0.3 	0.0 	0.2 	0.0 	0.0 	22.8 	RB2		Atlanta Falcons	Baltimore Ravens	0 	0.0 	89 	0.7 	4.2 	38 	0.3 	0.0 	0.2 	0.0 	0.0 	21.9 	RB2		Atlanta Falcons	Chicago Bears	0 	0.0 	96 	0.7 	4.0 	37 	0.3 	0.0 	0.2 	0.0 	0.0 	22.7 	RB1		Atlanta Falcons	San Francisco 49ers	0 	0.0 	92 	0.7 	4.0 	37 	0.2 	0.0 	0.2 	0.0 	0.0 	22.0 	RB2		Atlanta Falcons	Tampa Bay Buccaneers	0 	0.0 	91 	0.7 	4.0 	37 	0.2 	0.0 	0.2 	0.0 	0.0 	21.7 	RB2		Atlanta Falcons	Cincinnati Bengals	0 	0.0 	89 	0.7 	4.2 	38 	0.3 	0.0 	0.2 	0.0 	0.0 	22.0 	RB2		Atlanta Falcons	Kansas City Chiefs	0 	0.0 	90 	0.6 	4.0 	37 	0.2 	0.0 	0.2 	0.0 	0.0 	21.5 	RB3		Atlanta Falcons	BYE	0 	0.0 	0 	0.0 	0.0 	0 	0.0 	0.0 	0.0 	0.0 	0.0 	0.0 	-		Atlanta Falcons	Minnesota Vikings	0 	0.0 	89 	0.6 	3.9 	36 	0.2 	0.0 	0.2 	0.0 	0.0 	20.9 	RB3		Atlanta Falcons	Detroit Lions	0 	0.0 	93 	0.7 	4.1 	38 	0.3 	0.0 	0.2 	0.0 	0.0 	22.6 	RB2		Atlanta Falcons	Cleveland Browns	0 	0.0 	92 	0.6 	3.8 	35 	0.2 	0.0 	0.2 	0.0 	0.0 	21.2 	RB2		Atlanta Falcons	Washington Commanders	0 	0.0 	92 	0.7 	4.0 	37 	0.2 	0.0 	0.2 	0.0 	0.0 	22.0 	RB2		Atlanta Falcons	Tampa Bay Buccaneers	0 	0.0 	96 	0.7 	4.0 	37 	0.2 	0.0 	0.2 	0.0 	0.0 	22.6 	RB2		Atlanta Falcons	New Orleans Saints	0 	0.0 	101 	0.8 	3.9 	36 	0.3 	0.0 	0.2 	0.0 	0.0 	23.4 	RB1		Actual	Actual	Actual	Forecast	Forecast	Forecast	Forecast	Forecast	Forecast	Forecast	Forecast	Forecast	Forecast	Forecast	Forecast	Forecast	Forecast		Healthy	Healthy	Healthy	Healthy	Healthy	Healthy	Healthy	Healthy	Healthy	Healthy	Healthy	Healthy	Healthy	Healthy	Healthy	Healthy	Healthy		Week 4 2026	10/3/2026	9:38:40 AM	9		18%	19%	71%	70%	0%	0%		0.1 	0	0	0	0	0	0.098147 
	Ja'Marr Chase	Cincinnati Bengals	WR	WR3	20.7 	331 	0 	0.0 	0.0 	0.0 	0 	0.0 	0.0 	0.0 	118.2 	7.4 	1,317 	82.3 	13.6 	0.8 	0.0 	0.2 	0.0 	0.811 	1.000 	0.970 	2 	0.744 	0.000 	5 	3 	(2)	3 	1 	(2)	0.856 			Lamar Jackson	0.447 	QB6	Kenneth Walker III	0.819 	RB4	CeeDee Lamb	0.834 	WR4	George Kittle	0.516 	TE4		3.2 	26.5 	24.8 	21.8 	20.7 	0.0 	21.3 	21.3 	21.6 	21.1 	21.8 	21.1 	20.5 	20.9 	20.9 	21.8 	21.8 		WR77	WR6	WR5	WR2	WR3	-	WR2	WR2	WR2	WR2	WR1	WR3	WR3	WR2	WR2	WR2	WR2		WR2	21.3 	0.0 	0.0 	0.0 	0.0 	7.7 	87.1 	0.8 	2 	0.892 	1.000 	0.980 	2 	0.912 	0.000 	3 	0.940 		276 	Lamar Jackson	0.507 	QB3	Kenneth Walker III	0.800 	RB6	CeeDee Lamb	0.858 	WR5	George Kittle	0.500 	TE4		WR8	18.2 	0.0 	0.0 	0.0 	0.0 	33.4 	377.5 	3.5 	8 	0.524 	1.000 	0.920 	2 	0.375 	0.000 	#N/A	0.643 		54.5 	Lamar Jackson	60 	QB8	Kenneth Walker III	79 	RB2	CeeDee Lamb	71 	WR3	George Kittle	47 	TE4					Cincinnati Bengals	Tampa Bay Buccaneers	0 	0.0 	0 	0.0 	2.0 	12 	0.0 	0.0 	0.0 	0.0 	0.0 	3.2 	WR77		Cincinnati Bengals	Houston Texans	0 	0.0 	0 	0.0 	7.0 	75 	2.0 	0.0 	0.0 	0.0 	0.0 	26.5 	WR6		Cincinnati Bengals	Pittsburgh Steelers	0 	0.0 	0 	0.0 	9.0 	98 	1.0 	0.0 	0.0 	0.0 	0.0 	24.8 	WR5		Cincinnati Bengals	Jacksonville Jaguars	0 	0.0 	0 	0.0 	7.9 	89 	0.8 	0.0 	0.0 	0.0 	0.0 	21.8 	WR2		Cincinnati Bengals	Miami Dolphins	0 	0.0 	0 	0.0 	7.4 	84 	0.8 	0.0 	0.0 	0.0 	0.0 	20.7 	WR3		Cincinnati Bengals	BYE	0 	0.0 	0 	0.0 	0.0 	0 	0.0 	0.0 	0.0 	0.0 	0.0 	0.0 	-		Cincinnati Bengals	Baltimore Ravens	0 	0.0 	0 	0.0 	7.8 	88 	0.8 	0.0 	0.0 	0.0 	0.0 	21.3 	WR2		Cincinnati Bengals	Tennessee Titans	0 	0.0 	0 	0.0 	7.7 	87 	0.8 	0.0 	0.0 	0.0 	0.0 	21.3 	WR2		Cincinnati Bengals	Atlanta Falcons	0 	0.0 	0 	0.0 	7.8 	88 	0.8 	0.0 	0.0 	0.0 	0.0 	21.6 	WR2		Cincinnati Bengals	Pittsburgh Steelers	0 	0.0 	0 	0.0 	7.7 	87 	0.8 	0.0 	0.0 	0.0 	0.0 	21.1 	WR2		Cincinnati Bengals	Washington Commanders	0 	0.0 	0 	0.0 	7.9 	89 	0.8 	0.0 	0.0 	0.0 	0.0 	21.8 	WR1		Cincinnati Bengals	New Orleans Saints	0 	0.0 	0 	0.0 	7.6 	86 	0.8 	0.0 	0.0 	0.0 	0.0 	21.1 	WR3		Cincinnati Bengals	Cleveland Browns	0 	0.0 	0 	0.0 	7.5 	84 	0.8 	0.0 	0.0 	0.0 	0.0 	20.5 	WR3		Cincinnati Bengals	Kansas City Chiefs	0 	0.0 	0 	0.0 	7.6 	86 	0.8 	0.0 	0.0 	0.0 	0.0 	20.9 	WR2		Cincinnati Bengals	Carolina Panthers	0 	0.0 	0 	0.0 	7.6 	86 	0.8 	0.0 	0.0 	0.0 	0.0 	20.9 	WR2		Cincinnati Bengals	Indianapolis Colts	0 	0.0 	0 	0.0 	7.9 	89 	0.8 	0.0 	0.0 	0.0 	0.0 	21.8 	WR2		Cincinnati Bengals	Baltimore Ravens	0 	0.0 	0 	0.0 	7.9 	89 	0.8 	0.0 	0.0 	0.0 	0.0 	21.8 	WR2		Actual	Actual	Actual	Forecast	Forecast	Forecast	Forecast	Forecast	Forecast	Forecast	Forecast	Forecast	Forecast	Forecast	Forecast	Forecast	Forecast		Healthy	Healthy	Healthy	Healthy	Healthy	Healthy	Healthy	Healthy	Healthy	Healthy	Healthy	Healthy	Healthy	Healthy	Healthy	Healthy	Healthy		Week 4 2026	10/3/2026	9:38:40 AM	9		33%	38%	0%	0%	0%	0%		0.3 	0	0	0	0	0	0.297091 
	Jonathan Taylor	Indianapolis Colts	RB	RB3	20.7 	332 	0 	0.0 	0.0 	0.0 	1,476 	92.3 	16.1 	1.0 	48.7 	3.0 	393 	24.5 	1.4 	0.1 	0.0 	4.2 	0.0 	0.813 	1.000 	0.968 	2 	0.716 	0.000 	6 	7 	1 	3 	4 	1 	0.844 			Dak Prescott	0.455 	QB5	Christian McCaffrey	0.791 	RB5	Puka Nacua	0.771 	WR6	Harold Fannin Jr.	0.477 	TE5		25.1 	29.2 	9.2 	22.6 	19.1 	21.8 	19.6 	19.5 	21.4 	23.6 	17.8 	21.6 	0.0 	18.1 	21.3 	21.4 	20.6 		RB8	RB1	RB27	RB3	RB3	RB2	RB4	RB3	RB3	RB1	RB5	RB2	-	RB6	RB3	RB3	RB3		RB3	20.6 	0.0 	0.0 	93.7 	0.9 	3.1 	25.1 	0.1 	3 	0.866 	1.000 	0.968 	2 	0.791 	0.000 	6 	0.882 		268 	Dak Prescott	0.495 	QB4	Christian McCaffrey	0.833 	RB4	Puka Nacua	0.862 	WR4	Harold Fannin Jr.	0.485 	TE5		RB5	21.2 	0.0 	0.0 	406.0 	4.0 	13.2 	108.6 	0.5 	5 	0.610 	1.000 	0.946 	2 	0.529 	0.000 	#N/A	0.729 		63.5 	Dak Prescott	63 	QB7	Christian McCaffrey	58 	RB6	Puka Nacua	12 	WR78	Harold Fannin Jr.	39 	TE9					Indianapolis Colts	Baltimore Ravens	0 	0.0 	98 	2.0 	3.0 	23 	0.0 	0.0 	1.0 	0.0 	0.0 	25.1 	RB8		Indianapolis Colts	Kansas City Chiefs	0 	0.0 	92 	2.0 	4.0 	40 	0.0 	0.0 	0.0 	0.0 	0.0 	29.2 	RB1		Indianapolis Colts	Houston Texans	0 	0.0 	68 	0.0 	2.0 	4 	0.0 	0.0 	0.0 	0.0 	0.0 	9.2 	RB27		Indianapolis Colts	Washington Commanders	0 	0.0 	104 	1.1 	3.1 	25 	0.1 	0.0 	0.2 	0.0 	0.0 	22.6 	RB3		Indianapolis Colts	Pittsburgh Steelers	0 	0.0 	88 	0.8 	2.9 	24 	0.1 	0.0 	0.2 	0.0 	0.0 	19.1 	RB3		Indianapolis Colts	Tennessee Titans	0 	0.0 	99 	1.0 	3.1 	25 	0.1 	0.0 	0.2 	0.0 	0.0 	21.8 	RB2		Indianapolis Colts	Minnesota Vikings	0 	0.0 	90 	0.9 	3.0 	25 	0.1 	0.0 	0.2 	0.0 	0.0 	19.6 	RB4		Indianapolis Colts	Jacksonville Jaguars	0 	0.0 	86 	0.8 	3.1 	25 	0.1 	0.0 	0.2 	0.0 	0.0 	19.5 	RB3		Indianapolis Colts	Dallas Cowboys	0 	0.0 	95 	1.0 	3.2 	26 	0.1 	0.0 	0.2 	0.0 	0.0 	21.4 	RB3		Indianapolis Colts	Miami Dolphins	0 	0.0 	110 	1.1 	3.0 	25 	0.1 	0.0 	0.2 	0.0 	0.0 	23.6 	RB1		Indianapolis Colts	Houston Texans	0 	0.0 	79 	0.7 	3.0 	25 	0.1 	0.0 	0.2 	0.0 	0.0 	17.8 	RB5		Indianapolis Colts	New York Giants	0 	0.0 	98 	1.0 	3.1 	25 	0.1 	0.0 	0.2 	0.0 	0.0 	21.6 	RB2		Indianapolis Colts	BYE	0 	0.0 	0 	0.0 	0.0 	0 	0.0 	0.0 	0.0 	0.0 	0.0 	0.0 	-		Indianapolis Colts	Philadelphia Eagles	0 	0.0 	80 	0.7 	3.1 	25 	0.1 	0.0 	0.2 	0.0 	0.0 	18.1 	RB6		Indianapolis Colts	Tennessee Titans	0 	0.0 	98 	1.0 	3.1 	25 	0.1 	0.0 	0.2 	0.0 	0.0 	21.3 	RB3		Indianapolis Colts	Cincinnati Bengals	0 	0.0 	95 	1.0 	3.2 	26 	0.1 	0.0 	0.2 	0.0 	0.0 	21.4 	RB3		Indianapolis Colts	Cleveland Browns	0 	0.0 	95 	0.9 	3.0 	24 	0.1 	0.0 	0.2 	0.0 	0.0 	20.6 	RB3		Actual	Actual	Actual	Forecast	Forecast	Forecast	Forecast	Forecast	Forecast	Forecast	Forecast	Forecast	Forecast	Forecast	Forecast	Forecast	Forecast		Healthy	Healthy	Healthy	Healthy	Healthy	Healthy	Healthy	Healthy	Healthy	Healthy	Healthy	Healthy	Healthy	Healthy	Healthy	Healthy	Healthy		Week 4 2026	10/3/2026	9:38:40 AM	9		11%	8%	78%	78%	0%	0%		0.2 	0	0	0	0	0	0.153356 
	Amon-Ra St. Brown	Detroit Lions	WR	WR2	21.3 	342 	0 	0.0 	0.0 	0.0 	15 	0.9 	0.1 	0.0 	121.5 	7.6 	1,331 	83.2 	14.2 	0.9 	0.0 	0.2 	0.0 	0.837 	1.000 	0.980 	2 	0.786 	0.000 	4 	8 	4 	2 	4 	2 	0.881 			Tyler Shough	0.469 	QB4	Derrick Henry	0.772 	RB6	Chris Olave	0.808 	WR5	Dalton Kincaid	0.445 	TE8		28.7 	35.2 	11.9 	20.9 	21.3 	0.0 	20.7 	20.1 	20.0 	20.1 	20.5 	21.1 	20.5 	20.2 	19.7 	20.5 	20.1 		WR4	WR4	WR33	WR3	WR2	-	WR3	WR3	WR3	WR3	WR2	WR2	WR2	WR3	WR4	WR3	WR3		WR3	20.4 	0.0 	0.0 	1.1 	0.0 	7.6 	84.9 	0.7 	3 	0.858 	1.000 	0.970 	2 	0.853 	0.000 	5 	0.906 		266 	Tyler Shough	0.475 	QB6	Derrick Henry	0.757 	RB7	Chris Olave	0.824 	WR6	Dalton Kincaid	0.426 	TE8		WR2	25.3 	0.0 	0.0 	4.9 	0.0 	32.8 	367.8 	3.1 	2 	0.728 	1.000 	0.980 	3 	0.644 	0.000 	#N/A	0.808 		75.8 	Tyler Shough	69 	QB3	Derrick Henry	75 	RB4	Chris Olave	71 	WR4	Dalton Kincaid	44 	TE5					Detroit Lions	New Orleans Saints	0 	0.0 	0 	0.0 	10.0 	67 	2.0 	0.0 	0.0 	0.0 	0.0 	28.7 	WR4		Detroit Lions	Buffalo Bills	0 	0.0 	0 	0.0 	9.0 	142 	2.0 	0.0 	0.0 	0.0 	0.0 	35.2 	WR4		Detroit Lions	New York Jets	0 	0.0 	0 	0.0 	4.0 	19 	1.0 	0.0 	0.0 	0.0 	0.0 	11.9 	WR33		Detroit Lions	Carolina Panthers	0 	0.0 	1 	0.0 	7.7 	87 	0.7 	0.0 	0.0 	0.0 	0.0 	20.9 	WR3		Detroit Lions	Arizona Cardinals	0 	0.0 	1 	0.0 	7.8 	87 	0.8 	0.0 	0.0 	0.0 	0.0 	21.3 	WR2		Detroit Lions	BYE	0 	0.0 	0 	0.0 	0.0 	0 	0.0 	0.0 	0.0 	0.0 	0.0 	0.0 	-		Detroit Lions	Green Bay Packers	0 	0.0 	1 	0.0 	7.7 	86 	0.7 	0.0 	0.0 	0.0 	0.0 	20.7 	WR3		Detroit Lions	Minnesota Vikings	0 	0.0 	1 	0.0 	7.5 	83 	0.7 	0.0 	0.0 	0.0 	0.0 	20.1 	WR3		Detroit Lions	Miami Dolphins	0 	0.0 	1 	0.0 	7.4 	83 	0.7 	0.0 	0.0 	0.0 	0.0 	20.0 	WR3		Detroit Lions	New England Patriots	0 	0.0 	1 	0.0 	7.5 	84 	0.7 	0.0 	0.0 	0.0 	0.0 	20.1 	WR3		Detroit Lions	Tampa Bay Buccaneers	0 	0.0 	1 	0.0 	7.6 	85 	0.7 	0.0 	0.0 	0.0 	0.0 	20.5 	WR2		Detroit Lions	Chicago Bears	0 	0.0 	1 	0.0 	7.8 	87 	0.7 	0.0 	0.0 	0.0 	0.0 	21.1 	WR2		Detroit Lions	Atlanta Falcons	0 	0.0 	1 	0.0 	7.6 	85 	0.7 	0.0 	0.0 	0.0 	0.0 	20.5 	WR2		Detroit Lions	Tennessee Titans	0 	0.0 	1 	0.0 	7.5 	84 	0.7 	0.0 	0.0 	0.0 	0.0 	20.2 	WR3		Detroit Lions	Minnesota Vikings	0 	0.0 	1 	0.0 	7.4 	83 	0.7 	0.0 	0.0 	0.0 	0.0 	19.7 	WR4		Detroit Lions	New York Giants	0 	0.0 	1 	0.0 	7.6 	85 	0.7 	0.0 	0.0 	0.0 	0.0 	20.5 	WR3		Detroit Lions	Chicago Bears	0 	0.0 	1 	0.0 	7.5 	84 	0.7 	0.0 	0.0 	0.0 	0.0 	20.1 	WR3		Actual	Actual	Actual	Forecast	Forecast	Forecast	Forecast	Forecast	Forecast	Forecast	Forecast	Forecast	Forecast	Forecast	Forecast	Forecast	Forecast		Healthy	Healthy	Healthy	Healthy	Healthy	Healthy	Healthy	Healthy	Healthy	Healthy	Healthy	Healthy	Healthy	Healthy	Healthy	Healthy	Healthy		Week 4 2026	10/3/2026	9:38:40 AM	9		34%	38%	1%	1%	0%	0%		0.1 	0	0	0	0	0	0.098537 
	CeeDee Lamb	Dallas Cowboys	WR	WR4	20.1 	322 	0 	0.0 	0.0 	0.0 	0 	0.0 	0.0 	0.0 	102.1 	6.4 	1,508 	94.2 	11.3 	0.7 	0.0 	0.2 	0.0 	0.789 	1.000 	0.960 	2 	0.710 	0.000 	7 	10 	3 	4 	5 	1 	0.834 			Brock Purdy	0.509 	QB2	Ashton Jeanty	0.760 	RB7	Justin Jefferson	0.714 	WR7	Travis Kelce	0.469 	TE6		15.4 	35.3 	20.2 	18.6 	19.2 	19.2 	18.6 	19.4 	19.9 	19.9 	19.3 	19.3 	18.7 	0.0 	19.6 	20.0 	19.5 		WR20	WR3	WR11	WR5	WR5	WR3	WR5	WR5	WR4	WR4	WR3	WR4	WR5	-	WR5	WR4	WR4		WR5	19.3 	0.0 	0.0 	0.0 	0.0 	6.3 	92.2 	0.6 	5 	0.811 	1.000 	0.950 	2 	0.771 	0.000 	8 	0.858 		251 	Brock Purdy	0.469 	QB7	Ashton Jeanty	0.807 	RB5	Justin Jefferson	0.777 	WR7	Travis Kelce	0.437 	TE6		WR3	23.6 	0.0 	0.0 	0.0 	0.0 	27.4 	399.5 	2.8 	3 	0.681 	1.000 	0.970 	2 	0.582 	0.000 	#N/A	0.771 		70.9 	Brock Purdy	81 	QB2	Ashton Jeanty	55 	RB8	Justin Jefferson	45 	WR14	Travis Kelce	49 	TE2					Dallas Cowboys	New York Giants	0 	0.0 	0 	0.0 	5.0 	44 	1.0 	0.0 	0.0 	0.0 	0.0 	15.4 	WR20		Dallas Cowboys	Washington Commanders	0 	0.0 	0 	0.0 	8.0 	153 	2.0 	0.0 	0.0 	0.0 	0.0 	35.3 	WR3		Dallas Cowboys	Baltimore Ravens	0 	0.0 	0 	0.0 	7.0 	112 	0.0 	0.0 	0.0 	0.0 	1.0 	20.2 	WR11		Dallas Cowboys	Houston Texans	0 	0.0 	0 	0.0 	6.2 	90 	0.6 	0.0 	0.0 	0.0 	0.0 	18.6 	WR5		Dallas Cowboys	Tampa Bay Buccaneers	0 	0.0 	0 	0.0 	6.2 	91 	0.7 	0.0 	0.0 	0.0 	0.0 	19.2 	WR5		Dallas Cowboys	Green Bay Packers	0 	0.0 	0 	0.0 	6.3 	92 	0.6 	0.0 	0.0 	0.0 	0.0 	19.2 	WR3		Dallas Cowboys	Philadelphia Eagles	0 	0.0 	0 	0.0 	6.2 	90 	0.6 	0.0 	0.0 	0.0 	0.0 	18.6 	WR5		Dallas Cowboys	Arizona Cardinals	0 	0.0 	0 	0.0 	6.2 	91 	0.7 	0.0 	0.0 	0.0 	0.0 	19.4 	WR5		Dallas Cowboys	Indianapolis Colts	0 	0.0 	0 	0.0 	6.5 	94 	0.7 	0.0 	0.0 	0.0 	0.0 	19.9 	WR4		Dallas Cowboys	San Francisco 49ers	0 	0.0 	0 	0.0 	6.5 	94 	0.7 	0.0 	0.0 	0.0 	0.0 	19.9 	WR4		Dallas Cowboys	Tennessee Titans	0 	0.0 	0 	0.0 	6.2 	91 	0.7 	0.0 	0.0 	0.0 	0.0 	19.3 	WR3		Dallas Cowboys	Philadelphia Eagles	0 	0.0 	0 	0.0 	6.3 	92 	0.6 	0.0 	0.0 	0.0 	0.0 	19.3 	WR4		Dallas Cowboys	Seattle Seahawks	0 	0.0 	0 	0.0 	6.2 	91 	0.6 	0.0 	0.0 	0.0 	0.0 	18.7 	WR5		Dallas Cowboys	BYE	0 	0.0 	0 	0.0 	0.0 	0 	0.0 	0.0 	0.0 	0.0 	0.0 	0.0 	-		Dallas Cowboys	Los Angeles Rams	0 	0.0 	0 	0.0 	6.5 	95 	0.6 	0.0 	0.0 	0.0 	0.0 	19.6 	WR5		Dallas Cowboys	Jacksonville Jaguars	0 	0.0 	0 	0.0 	6.5 	95 	0.7 	0.0 	0.0 	0.0 	0.0 	20.0 	WR4		Dallas Cowboys	New York Giants	0 	0.0 	0 	0.0 	6.3 	92 	0.7 	0.0 	0.0 	0.0 	0.0 	19.5 	WR4		Actual	Actual	Actual	Forecast	Forecast	Forecast	Forecast	Forecast	Forecast	Forecast	Forecast	Forecast	Forecast	Forecast	Forecast	Forecast	Forecast		Healthy	Healthy	Healthy	Healthy	Healthy	Healthy	Healthy	Healthy	Healthy	Healthy	Healthy	Healthy	Healthy	Healthy	Healthy	Healthy	Healthy		Week 4 2026	10/3/2026	9:38:40 AM	9		36%	35%	0%	0%	0%	0%		0.1 	0	0	0	0	0	0.086184 
	Puka Nacua	Los Angeles Rams	WR	WR6	18.8 	264 	0 	0.0 	0.0 	0.0 	35 	2.5 	0.1 	0.0 	90.5 	6.5 	1,211 	86.5 	8.1 	0.6 	0.0 	0.3 	0.0 	0.646 	1.000 	0.940 	2 	0.628 	0.000 	13 	4 	(9)	6 	2 	(4)	0.771 			Drake Maye	0.226 	QB22	James Cook III	0.685 	RB8	Garrett Wilson	0.705 	WR8	Sam LaPorta	0.414 	TE9		12.4 	0.0 	0.0 	18.3 	20.1 	19.8 	19.0 	19.5 	19.8 	19.3 	0.0 	19.2 	19.0 	19.5 	19.8 	18.7 	19.2 		WR27	-	-	WR6	WR4	WR2	WR4	WR4	WR5	WR5	-	WR5	WR4	WR4	WR3	WR6	WR5		WR4	19.3 	0.0 	0.0 	2.7 	0.0 	6.6 	87.4 	0.6 	4 	0.811 	1.000 	0.960 	2 	0.772 	0.000 	7 	0.862 		251 	Drake Maye	0.428 	QB9	James Cook III	0.710 	RB8	Garrett Wilson	0.718 	WR8	Sam LaPorta	0.432 	TE7		WR87	12.4 	0.0 	0.0 	35.2 	0.1 	85.5 	1,136.8 	8.1 	87 	0.119 	1.000 	0.130 	(1)	0.000 	0.000 	#N/A	0.076 		12.4 	Drake Maye	22 	QB34	James Cook III	50 	RB12	Garrett Wilson	57 	WR7	Sam LaPorta	34 	TE11					Los Angeles Rams	San Francisco 49ers	0 	0.0 	0 	0.0 	5.0 	74 	0.0 	0.0 	0.0 	0.0 	0.0 	12.4 	WR27		Los Angeles Rams	New York Giants	0 	0.0 	0 	0.0 	0.0 	0 	0.0 	0.0 	0.0 	0.0 	0.0 	0.0 	-		Los Angeles Rams	Denver Broncos	0 	0.0 	0 	0.0 	0.0 	0 	0.0 	0.0 	0.0 	0.0 	0.0 	0.0 	-		Los Angeles Rams	Philadelphia Eagles	0 	0.0 	2 	0.0 	6.3 	84 	0.5 	0.0 	0.0 	0.0 	0.0 	18.3 	WR6		Los Angeles Rams	Buffalo Bills	0 	0.0 	3 	0.0 	6.8 	91 	0.7 	0.0 	0.0 	0.0 	0.0 	20.1 	WR4		Los Angeles Rams	Arizona Cardinals	0 	0.0 	3 	0.0 	6.6 	88 	0.7 	0.0 	0.0 	0.0 	0.0 	19.8 	WR2		Los Angeles Rams	Las Vegas Raiders	0 	0.0 	3 	0.0 	6.4 	86 	0.6 	0.0 	0.0 	0.0 	0.0 	19.0 	WR4		Los Angeles Rams	Los Angeles Chargers	0 	0.0 	3 	0.0 	6.7 	88 	0.6 	0.0 	0.0 	0.0 	0.0 	19.5 	WR4		Los Angeles Rams	Washington Commanders	0 	0.0 	3 	0.0 	6.7 	89 	0.7 	0.0 	0.0 	0.0 	0.0 	19.8 	WR5		Los Angeles Rams	Arizona Cardinals	0 	0.0 	3 	0.0 	6.5 	86 	0.6 	0.0 	0.0 	0.0 	0.0 	19.3 	WR5		Los Angeles Rams	BYE	0 	0.0 	0 	0.0 	0.0 	0 	0.0 	0.0 	0.0 	0.0 	0.0 	0.0 	-		Los Angeles Rams	Green Bay Packers	0 	0.0 	3 	0.0 	6.6 	87 	0.6 	0.0 	0.0 	0.0 	0.0 	19.2 	WR5		Los Angeles Rams	Kansas City Chiefs	0 	0.0 	3 	0.0 	6.5 	86 	0.6 	0.0 	0.0 	0.0 	0.0 	19.0 	WR4		Los Angeles Rams	San Francisco 49ers	0 	0.0 	3 	0.0 	6.7 	88 	0.6 	0.0 	0.0 	0.0 	0.0 	19.5 	WR4		Los Angeles Rams	Dallas Cowboys	0 	0.0 	3 	0.0 	6.7 	89 	0.7 	0.0 	0.0 	0.0 	0.0 	19.8 	WR3		Los Angeles Rams	Seattle Seahawks	0 	0.0 	2 	0.0 	6.5 	86 	0.6 	0.0 	0.0 	0.0 	0.0 	18.7 	WR6		Los Angeles Rams	Tampa Bay Buccaneers	0 	0.0 	3 	0.0 	6.6 	87 	0.6 	0.0 	0.0 	0.0 	0.0 	19.2 	WR5		Actual	Actual	Actual	Forecast	Forecast	Forecast	Forecast	Forecast	Forecast	Forecast	Forecast	Forecast	Forecast	Forecast	Forecast	Forecast	Forecast		Healthy	Injured	Injured	Healthy	Healthy	Healthy	Healthy	Healthy	Healthy	Healthy	Healthy	Healthy	Healthy	Healthy	Healthy	Healthy	Healthy		Week 4 2026	10/3/2026	9:38:40 AM	9		38%	31%	2%	1%	0%	0%		0.8 	0	1	1	0	0	
	Kenneth Walker III	Kansas City Chiefs	RB	RB4	20.1 	321 	0 	0.0 	0.0 	0.0 	1,472 	92.0 	10.5 	0.7 	50.0 	3.1 	422 	26.3 	4.0 	0.2 	0.0 	2.7 	0.0 	0.786 	1.000 	0.957 	2 	0.675 	0.000 	8 	18 	10 	4 	11 	7 	0.819 			Trevor Lawrence	0.367 	QB10	Saquon Barkley	0.553 	RB17	Nico Collins	0.609 	WR15	Juwan Johnson	0.451 	TE7		34.1 	23.8 	21.3 	19.8 	0.0 	18.8 	17.1 	17.0 	20.3 	19.3 	21.4 	18.2 	16.9 	18.0 	18.6 	18.9 	17.4 		RB2	RB2	RB7	RB4	-	RB4	RB7	RB7	RB5	RB5	RB2	RB5	RB4	RB7	RB4	RB5	RB6		RB6	18.6 	0.0 	0.0 	85.5 	0.7 	3.0 	26.1 	0.2 	6 	0.780 	1.000 	0.934 	2 	0.656 	0.000 	12 	0.800 		242 	Trevor Lawrence	0.434 	QB8	Saquon Barkley	0.643 	RB13	Nico Collins	0.674 	WR10	Juwan Johnson	0.412 	TE9		RB2	26.4 	0.0 	0.0 	370.6 	2.8 	13.0 	113.2 	0.7 	2 	0.761 	1.000 	0.979 	3 	0.742 	0.000 	#N/A	0.851 		79.2 	Trevor Lawrence	52 	QB14	Saquon Barkley	21 	RB33	Nico Collins	21 	WR58	Juwan Johnson	48 	TE3					Kansas City Chiefs	Denver Broncos	0 	0.0 	173 	1.0 	3.0 	18 	1.0 	0.0 	0.0 	0.0 	0.0 	34.1 	RB2		Kansas City Chiefs	Indianapolis Colts	0 	0.0 	117 	0.0 	6.0 	61 	0.0 	0.0 	0.0 	0.0 	0.0 	23.8 	RB2		Kansas City Chiefs	Miami Dolphins	0 	0.0 	70 	1.0 	2.0 	3 	1.0 	0.0 	0.0 	0.0 	0.0 	21.3 	RB7		Kansas City Chiefs	Las Vegas Raiders	0 	0.0 	92 	0.7 	3.0 	26 	0.2 	0.0 	0.2 	0.0 	0.0 	19.8 	RB4		Kansas City Chiefs	BYE	0 	0.0 	0 	0.0 	0.0 	0 	0.0 	0.0 	0.0 	0.0 	0.0 	0.0 	-		Kansas City Chiefs	Los Angeles Chargers	0 	0.0 	86 	0.7 	3.0 	26 	0.2 	0.0 	0.2 	0.0 	0.0 	18.8 	RB4		Kansas City Chiefs	Seattle Seahawks	0 	0.0 	78 	0.6 	2.9 	26 	0.1 	0.0 	0.2 	0.0 	0.0 	17.1 	RB7		Kansas City Chiefs	Denver Broncos	0 	0.0 	78 	0.5 	2.9 	26 	0.1 	0.0 	0.2 	0.0 	0.0 	17.0 	RB7		Kansas City Chiefs	New York Jets	0 	0.0 	98 	0.8 	2.9 	25 	0.2 	0.0 	0.2 	0.0 	0.0 	20.3 	RB5		Kansas City Chiefs	Atlanta Falcons	0 	0.0 	90 	0.7 	3.0 	26 	0.2 	0.0 	0.2 	0.0 	0.0 	19.3 	RB5		Kansas City Chiefs	Arizona Cardinals	0 	0.0 	102 	0.8 	3.0 	26 	0.2 	0.0 	0.2 	0.0 	0.0 	21.4 	RB2		Kansas City Chiefs	Buffalo Bills	0 	0.0 	82 	0.6 	3.1 	27 	0.2 	0.0 	0.2 	0.0 	0.0 	18.2 	RB5		Kansas City Chiefs	Los Angeles Rams	0 	0.0 	75 	0.5 	3.0 	26 	0.1 	0.0 	0.2 	0.0 	0.0 	16.9 	RB4		Kansas City Chiefs	Cincinnati Bengals	0 	0.0 	81 	0.6 	3.1 	27 	0.2 	0.0 	0.2 	0.0 	0.0 	18.0 	RB7		Kansas City Chiefs	New England Patriots	0 	0.0 	85 	0.7 	3.0 	26 	0.2 	0.0 	0.2 	0.0 	0.0 	18.6 	RB4		Kansas City Chiefs	San Francisco 49ers	0 	0.0 	86 	0.7 	3.1 	27 	0.2 	0.0 	0.2 	0.0 	0.0 	18.9 	RB5		Kansas City Chiefs	Los Angeles Chargers	0 	0.0 	79 	0.6 	3.0 	26 	0.1 	0.0 	0.2 	0.0 	0.0 	17.4 	RB6		Actual	Actual	Actual	Forecast	Forecast	Forecast	Forecast	Forecast	Forecast	Forecast	Forecast	Forecast	Forecast	Forecast	Forecast	Forecast	Forecast		Healthy	Healthy	Healthy	Healthy	Healthy	Healthy	Healthy	Healthy	Healthy	Healthy	Healthy	Healthy	Healthy	Healthy	Healthy	Healthy	Healthy		Week 4 2026	10/3/2026	9:38:40 AM	9		12%	10%	65%	65%	0%	0%		(0.1)	0	0	0	0	0	(0.051411)
	Christian McCaffrey	San Francisco 49ers	RB	RB5	19.3 	309 	0 	0.0 	0.0 	0.0 	1,009 	63.0 	9.8 	0.6 	70.4 	4.4 	592 	37.0 	4.0 	0.2 	0.0 	2.3 	0.0 	0.757 	1.000 	0.946 	2 	0.630 	0.000 	10 	5 	(5)	5 	3 	(2)	0.791 			Kyler Murray	0.192 	QB25	Kyren Williams	0.679 	RB9	Drake London	0.634 	WR12	Colston Loveland	0.278 	TE19		13.8 	22.6 	21.6 	19.6 	18.1 	21.1 	20.2 	0.0 	21.3 	19.5 	19.5 	18.2 	19.6 	18.7 	18.2 	17.9 	18.9 		RB19	RB4	RB6	RB5	RB6	RB3	RB3	-	RB4	RB4	RB3	RB6	RB3	RB3	RB5	RB7	RB5		RB4	19.3 	0.0 	0.0 	64.8 	0.5 	4.4 	37.6 	0.3 	4 	0.810 	1.000 	0.957 	2 	0.703 	0.000 	9 	0.833 		251 	Kyler Murray	0.417 	QB10	Kyren Williams	0.686 	RB11	Drake London	0.685 	WR9	Colston Loveland	0.361 	TE11		RB6	19.3 	0.0 	0.0 	280.9 	2.3 	19.1 	162.7 	1.3 	6 	0.557 	1.000 	0.934 	2 	0.455 	0.000 	#N/A	0.686 		58.0 	Kyler Murray	12 	QB36	Kyren Williams	53 	RB10	Drake London	43 	WR17	Colston Loveland	8 	TE35					San Francisco 49ers	Los Angeles Rams	0 	0.0 	68 	0.0 	5.0 	20 	0.0 	0.0 	0.0 	0.0 	0.0 	13.8 	RB19		San Francisco 49ers	Miami Dolphins	0 	0.0 	23 	2.0 	4.0 	43 	0.0 	0.0 	0.0 	0.0 	0.0 	22.6 	RB4		San Francisco 49ers	Arizona Cardinals	0 	0.0 	75 	1.0 	4.0 	41 	0.0 	0.0 	0.0 	0.0 	0.0 	21.6 	RB6		San Francisco 49ers	Denver Broncos	0 	0.0 	66 	0.5 	4.5 	38 	0.3 	0.0 	0.2 	0.0 	0.0 	19.6 	RB5		San Francisco 49ers	Seattle Seahawks	0 	0.0 	60 	0.5 	4.3 	37 	0.3 	0.0 	0.2 	0.0 	0.0 	18.1 	RB6		San Francisco 49ers	Washington Commanders	0 	0.0 	72 	0.6 	4.6 	39 	0.3 	0.0 	0.2 	0.0 	0.0 	21.1 	RB3		San Francisco 49ers	Atlanta Falcons	0 	0.0 	70 	0.6 	4.4 	38 	0.3 	0.0 	0.2 	0.0 	0.0 	20.2 	RB3		San Francisco 49ers	BYE	0 	0.0 	0 	0.0 	0.0 	0 	0.0 	0.0 	0.0 	0.0 	0.0 	0.0 	-		San Francisco 49ers	Las Vegas Raiders	0 	0.0 	77 	0.7 	4.3 	37 	0.3 	0.0 	0.2 	0.0 	0.0 	21.3 	RB4		San Francisco 49ers	Dallas Cowboys	0 	0.0 	63 	0.5 	4.6 	39 	0.3 	0.0 	0.2 	0.0 	0.0 	19.5 	RB4		San Francisco 49ers	Minnesota Vikings	0 	0.0 	65 	0.5 	4.4 	38 	0.3 	0.0 	0.2 	0.0 	0.0 	19.5 	RB3		San Francisco 49ers	Seattle Seahawks	0 	0.0 	60 	0.5 	4.4 	37 	0.3 	0.0 	0.2 	0.0 	0.0 	18.2 	RB6		San Francisco 49ers	New York Giants	0 	0.0 	66 	0.5 	4.5 	38 	0.3 	0.0 	0.2 	0.0 	0.0 	19.6 	RB3		San Francisco 49ers	Los Angeles Rams	0 	0.0 	61 	0.5 	4.4 	38 	0.3 	0.0 	0.2 	0.0 	0.0 	18.7 	RB3		San Francisco 49ers	Los Angeles Chargers	0 	0.0 	60 	0.5 	4.4 	37 	0.3 	0.0 	0.2 	0.0 	0.0 	18.2 	RB5		San Francisco 49ers	Kansas City Chiefs	0 	0.0 	59 	0.4 	4.3 	37 	0.3 	0.0 	0.2 	0.0 	0.0 	17.9 	RB7		San Francisco 49ers	Philadelphia Eagles	0 	0.0 	64 	0.5 	4.3 	37 	0.3 	0.0 	0.2 	0.0 	0.0 	18.9 	RB5		Actual	Actual	Actual	Forecast	Forecast	Forecast	Forecast	Forecast	Forecast	Forecast	Forecast	Forecast	Forecast	Forecast	Forecast	Forecast	Forecast		Healthy	Healthy	Healthy	Healthy	Healthy	Healthy	Healthy	Healthy	Healthy	Healthy	Healthy	Healthy	Healthy	Healthy	Healthy	Healthy	Healthy		Week 4 2026	10/3/2026	9:38:40 AM	9		16%	18%	55%	59%	0%	0%		0.1 	0	0	0	0	0	0.147337 
	Derrick Henry	Baltimore Ravens	RB	RB6	18.8 	301 	0 	0.0 	0.0 	0.0 	1,571 	98.2 	18.2 	1.1 	19.6 	1.2 	162 	10.2 	0.7 	0.0 	0.0 	2.4 	0.0 	0.738 	1.000 	0.934 	2 	0.602 	0.000 	12 	16 	4 	6 	10 	4 	0.772 			Jordan Love	0.343 	QB12	Chase Brown	0.643 	RB11	George Pickens	0.587 	WR17	Dalton Schultz	0.403 	TE10		35.3 	17.7 	21.9 	18.8 	18.7 	17.7 	17.8 	16.2 	18.0 	17.0 	17.3 	15.2 	0.0 	18.5 	16.5 	18.7 	16.2 		RB1	RB6	RB3	RB7	RB5	RB7	RB6	RB11	RB6	RB8	RB7	RB13	-	RB4	RB8	RB6	RB9		RB7	17.4 	0.0 	0.0 	97.7 	0.9 	1.1 	9.6 	0.1 	7 	0.731 	1.000 	0.923 	2 	0.580 	0.000 	15 	0.757 		226 	Jordan Love	0.403 	QB11	Chase Brown	0.693 	RB10	George Pickens	0.657 	WR12	Dalton Schultz	0.393 	TE10		RB4	25.0 	0.0 	0.0 	423.3 	4.1 	4.9 	41.5 	0.2 	4 	0.720 	1.000 	0.957 	2 	0.683 	0.000 	#N/A	0.812 		74.9 	Jordan Love	52 	QB15	Chase Brown	39 	RB19	George Pickens	31 	WR33	Dalton Schultz	40 	TE6					Baltimore Ravens	Indianapolis Colts	0 	0.0 	144 	3.0 	1.0 	19 	0.0 	0.0 	0.0 	0.0 	0.0 	35.3 	RB1		Baltimore Ravens	New Orleans Saints	0 	0.0 	68 	1.0 	3.0 	19 	0.0 	0.0 	0.0 	0.0 	0.0 	17.7 	RB6		Baltimore Ravens	Dallas Cowboys	0 	0.0 	89 	2.0 	1.0 	0 	0.0 	0.0 	0.0 	0.0 	0.0 	21.9 	RB3		Baltimore Ravens	Tennessee Titans	0 	0.0 	106 	1.0 	1.1 	9 	0.0 	0.0 	0.2 	0.0 	0.0 	18.8 	RB7		Baltimore Ravens	Atlanta Falcons	0 	0.0 	104 	1.0 	1.1 	10 	0.1 	0.0 	0.2 	0.0 	0.0 	18.7 	RB5		Baltimore Ravens	Cleveland Browns	0 	0.0 	101 	1.0 	1.1 	9 	0.0 	0.0 	0.2 	0.0 	0.0 	17.7 	RB7		Baltimore Ravens	Cincinnati Bengals	0 	0.0 	98 	1.0 	1.2 	10 	0.1 	0.0 	0.2 	0.0 	0.0 	17.8 	RB6		Baltimore Ravens	Buffalo Bills	0 	0.0 	90 	0.8 	1.2 	10 	0.1 	0.0 	0.2 	0.0 	0.0 	16.2 	RB11		Baltimore Ravens	Jacksonville Jaguars	0 	0.0 	100 	1.0 	1.1 	10 	0.1 	0.0 	0.2 	0.0 	0.0 	18.0 	RB6		Baltimore Ravens	Los Angeles Chargers	0 	0.0 	95 	0.9 	1.1 	10 	0.1 	0.0 	0.2 	0.0 	0.0 	17.0 	RB8		Baltimore Ravens	Carolina Panthers	0 	0.0 	98 	0.9 	1.1 	9 	0.0 	0.0 	0.2 	0.0 	0.0 	17.3 	RB7		Baltimore Ravens	Houston Texans	0 	0.0 	86 	0.8 	1.1 	9 	0.0 	0.0 	0.2 	0.0 	0.0 	15.2 	RB13		Baltimore Ravens	BYE	0 	0.0 	0 	0.0 	0.0 	0 	0.0 	0.0 	0.0 	0.0 	0.0 	0.0 	-		Baltimore Ravens	Tampa Bay Buccaneers	0 	0.0 	104 	1.0 	1.1 	9 	0.1 	0.0 	0.2 	0.0 	0.0 	18.5 	RB4		Baltimore Ravens	Pittsburgh Steelers	0 	0.0 	93 	0.9 	1.1 	10 	0.0 	0.0 	0.2 	0.0 	0.0 	16.5 	RB8		Baltimore Ravens	Cleveland Browns	0 	0.0 	106 	1.0 	1.1 	9 	0.0 	0.0 	0.2 	0.0 	0.0 	18.7 	RB6		Baltimore Ravens	Cincinnati Bengals	0 	0.0 	90 	0.8 	1.2 	10 	0.1 	0.0 	0.2 	0.0 	0.0 	16.2 	RB9		Actual	Actual	Actual	Forecast	Forecast	Forecast	Forecast	Forecast	Forecast	Forecast	Forecast	Forecast	Forecast	Forecast	Forecast	Forecast	Forecast		Healthy	Healthy	Healthy	Healthy	Healthy	Healthy	Healthy	Healthy	Healthy	Healthy	Healthy	Healthy	Healthy	Healthy	Healthy	Healthy	Healthy		Week 4 2026	10/3/2026	9:38:40 AM	9		5%	4%	58%	64%	0%	0%		(0.1)	0	0	0	0	0	(0.055155)
	Chris Olave	New Orleans Saints	WR	WR5	19.4 	311 	0 	0.0 	0.0 	0.0 	0 	0.0 	0.0 	0.0 	116.1 	7.3 	1,471 	92.0 	8.0 	0.5 	0.0 	0.2 	0.0 	0.762 	1.000 	0.950 	2 	0.666 	0.000 	9 	26 	17 	5 	11 	6 	0.808 			Jayden Daniels	0.298 	QB16	Javonte Williams	0.672 	RB10	Parker Washington	0.642 	WR11	Isaiah Likely	0.362 	TE11		28.2 	22.6 	19.7 	20.0 	18.7 	18.7 	18.3 	0.0 	18.2 	18.2 	18.3 	18.7 	18.2 	17.8 	18.4 	18.8 	18.2 		WR5	WR8	WR14	WR4	WR6	WR4	WR6	-	WR6	WR6	WR4	WR6	WR6	WR5	WR6	WR5	WR6		WR6	18.5 	0.0 	0.0 	0.0 	0.0 	6.9 	84.3 	0.5 	6 	0.776 	1.000 	0.940 	2 	0.711 	0.000 	10 	0.824 		240 	Jayden Daniels	0.380 	QB14	Javonte Williams	0.700 	RB9	Parker Washington	0.664 	WR11	Isaiah Likely	0.341 	TE13		WR4	23.5 	0.0 	0.0 	0.0 	0.0 	29.7 	365.4 	2.3 	4 	0.677 	1.000 	0.960 	2 	0.577 	0.000 	#N/A	0.764 		70.5 	Jayden Daniels	32 	QB27	Javonte Williams	51 	RB11	Parker Washington	49 	WR10	Isaiah Likely	39 	TE8					New Orleans Saints	Detroit Lions	0 	0.0 	0 	0.0 	10.0 	182 	0.0 	0.0 	0.0 	0.0 	0.0 	28.2 	WR5		New Orleans Saints	Baltimore Ravens	0 	0.0 	0 	0.0 	8.0 	86 	1.0 	0.0 	0.0 	0.0 	0.0 	22.6 	WR8		New Orleans Saints	Las Vegas Raiders	0 	0.0 	0 	0.0 	9.0 	107 	0.0 	0.0 	0.0 	0.0 	0.0 	19.7 	WR14		New Orleans Saints	Atlanta Falcons	0 	0.0 	0 	0.0 	7.2 	89 	0.7 	0.0 	0.0 	0.0 	0.0 	20.0 	WR4		New Orleans Saints	Minnesota Vikings	0 	0.0 	0 	0.0 	6.9 	85 	0.6 	0.0 	0.0 	0.0 	0.0 	18.7 	WR6		New Orleans Saints	New York Giants	0 	0.0 	0 	0.0 	6.9 	85 	0.6 	0.0 	0.0 	0.0 	0.0 	18.7 	WR4		New Orleans Saints	Pittsburgh Steelers	0 	0.0 	0 	0.0 	6.8 	84 	0.5 	0.0 	0.0 	0.0 	0.0 	18.3 	WR6		New Orleans Saints	BYE	0 	0.0 	0 	0.0 	0.0 	0 	0.0 	0.0 	0.0 	0.0 	0.0 	0.0 	-		New Orleans Saints	Cleveland Browns	0 	0.0 	0 	0.0 	6.7 	83 	0.5 	0.0 	0.0 	0.0 	0.0 	18.2 	WR6		New Orleans Saints	Carolina Panthers	0 	0.0 	0 	0.0 	6.7 	83 	0.5 	0.0 	0.0 	0.0 	0.0 	18.2 	WR6		New Orleans Saints	Chicago Bears	0 	0.0 	0 	0.0 	6.9 	84 	0.5 	0.0 	0.0 	0.0 	0.0 	18.3 	WR4		New Orleans Saints	Cincinnati Bengals	0 	0.0 	0 	0.0 	7.0 	86 	0.5 	0.0 	0.0 	0.0 	0.0 	18.7 	WR6		New Orleans Saints	Green Bay Packers	0 	0.0 	0 	0.0 	6.8 	84 	0.5 	0.0 	0.0 	0.0 	0.0 	18.2 	WR6		New Orleans Saints	Carolina Panthers	0 	0.0 	0 	0.0 	6.7 	82 	0.5 	0.0 	0.0 	0.0 	0.0 	17.8 	WR5		New Orleans Saints	Tampa Bay Buccaneers	0 	0.0 	0 	0.0 	6.9 	84 	0.5 	0.0 	0.0 	0.0 	0.0 	18.4 	WR6		New Orleans Saints	Arizona Cardinals	0 	0.0 	0 	0.0 	6.9 	85 	0.6 	0.0 	0.0 	0.0 	0.0 	18.8 	WR5		New Orleans Saints	Atlanta Falcons	0 	0.0 	0 	0.0 	6.8 	83 	0.5 	0.0 	0.0 	0.0 	0.0 	18.2 	WR6		Actual	Actual	Actual	Forecast	Forecast	Forecast	Forecast	Forecast	Forecast	Forecast	Forecast	Forecast	Forecast	Forecast	Forecast	Forecast	Forecast		Healthy	Healthy	Healthy	Healthy	Healthy	Healthy	Healthy	Healthy	Healthy	Healthy	Healthy	Healthy	Healthy	Healthy	Healthy	Healthy	Healthy		Week 4 2026	10/3/2026	9:38:40 AM	9		34%	31%	0%	0%	0%	0%		0.1 	0	0	0	0	0	0.059349 
	Ashton Jeanty	Las Vegas Raiders	RB	RB7	18.6 	298 	0 	0.0 	0.0 	0.0 	1,145 	71.6 	5.9 	0.4 	76.7 	4.8 	499 	31.2 	4.5 	0.3 	0.0 	2.8 	0.0 	0.729 	1.000 	0.923 	2 	0.588 	0.000 	14 	19 	5 	7 	12 	5 	0.760 			Patrick Mahomes II	0.405 	QB8	Bucky Irving	0.614 	RB13	Tee Higgins	0.617 	WR14	Tucker Kraft	0.267 	TE20		32.7 	10.3 	12.3 	19.5 	19.1 	18.8 	18.1 	18.9 	17.8 	17.8 	16.9 	18.6 	0.0 	18.1 	18.1 	20.3 	20.3 		RB4	RB22	RB18	RB6	RB4	RB5	RB5	RB4	RB7	RB6	RB8	RB4	-	RB5	RB6	RB4	RB4		RB5	18.6 	0.0 	0.0 	72.3 	0.5 	4.9 	30.9 	0.2 	5 	0.782 	1.000 	0.946 	2 	0.659 	0.000 	11 	0.807 		242 	Patrick Mahomes II	0.393 	QB12	Bucky Irving	0.652 	RB12	Tee Higgins	0.646 	WR13	Tucker Kraft	0.316 	TE16		RB8	18.4 	0.0 	0.0 	313.1 	2.0 	21.2 	133.8 	0.8 	8 	0.531 	1.000 	0.911 	1 	0.418 	0.000 	#N/A	0.657 		55.3 	Patrick Mahomes II	67 	QB5	Bucky Irving	41 	RB15	Tee Higgins	44 	WR16	Tucker Kraft	20 	TE24					Las Vegas Raiders	Miami Dolphins	0 	0.0 	102 	0.0 	6.0 	45 	2.0 	0.0 	0.0 	0.0 	0.0 	32.7 	RB4		Las Vegas Raiders	Los Angeles Chargers	0 	0.0 	48 	0.0 	4.0 	15 	0.0 	0.0 	0.0 	0.0 	0.0 	10.3 	RB22		Las Vegas Raiders	New Orleans Saints	0 	0.0 	56 	0.0 	3.0 	37 	0.0 	0.0 	0.0 	0.0 	0.0 	12.3 	RB18		Las Vegas Raiders	Kansas City Chiefs	0 	0.0 	75 	0.5 	5.0 	32 	0.2 	0.0 	0.2 	0.0 	0.0 	19.5 	RB6		Las Vegas Raiders	New England Patriots	0 	0.0 	74 	0.5 	4.9 	31 	0.2 	0.0 	0.2 	0.0 	0.0 	19.1 	RB4		Las Vegas Raiders	Buffalo Bills	0 	0.0 	71 	0.5 	5.1 	32 	0.2 	0.0 	0.2 	0.0 	0.0 	18.8 	RB5		Las Vegas Raiders	Los Angeles Rams	0 	0.0 	66 	0.4 	5.1 	32 	0.2 	0.0 	0.2 	0.0 	0.0 	18.1 	RB5		Las Vegas Raiders	New York Jets	0 	0.0 	76 	0.5 	4.8 	30 	0.2 	0.0 	0.2 	0.0 	0.0 	18.9 	RB4		Las Vegas Raiders	San Francisco 49ers	0 	0.0 	65 	0.4 	5.0 	32 	0.2 	0.0 	0.2 	0.0 	0.0 	17.8 	RB7		Las Vegas Raiders	Seattle Seahawks	0 	0.0 	68 	0.4 	4.9 	31 	0.2 	0.0 	0.2 	0.0 	0.0 	17.8 	RB6		Las Vegas Raiders	Denver Broncos	0 	0.0 	63 	0.4 	4.9 	31 	0.2 	0.0 	0.2 	0.0 	0.0 	16.9 	RB8		Las Vegas Raiders	Cleveland Browns	0 	0.0 	75 	0.5 	4.7 	30 	0.2 	0.0 	0.2 	0.0 	0.0 	18.6 	RB4		Las Vegas Raiders	BYE	0 	0.0 	0 	0.0 	0.0 	0 	0.0 	0.0 	0.0 	0.0 	0.0 	0.0 	-		Las Vegas Raiders	Los Angeles Chargers	0 	0.0 	69 	0.4 	4.9 	31 	0.2 	0.0 	0.2 	0.0 	0.0 	18.1 	RB5		Las Vegas Raiders	Denver Broncos	0 	0.0 	71 	0.4 	4.8 	30 	0.2 	0.0 	0.2 	0.0 	0.0 	18.1 	RB6		Las Vegas Raiders	Tennessee Titans	0 	0.0 	83 	0.6 	4.8 	31 	0.2 	0.0 	0.2 	0.0 	0.0 	20.3 	RB4		Las Vegas Raiders	Arizona Cardinals	0 	0.0 	83 	0.6 	4.8 	31 	0.2 	0.0 	0.2 	0.0 	0.0 	20.3 	RB4		Actual	Actual	Actual	Forecast	Forecast	Forecast	Forecast	Forecast	Forecast	Forecast	Forecast	Forecast	Forecast	Forecast	Forecast	Forecast	Forecast		Healthy	Healthy	Healthy	Healthy	Healthy	Healthy	Healthy	Healthy	Healthy	Healthy	Healthy	Healthy	Healthy	Healthy	Healthy	Healthy	Healthy		Week 4 2026	10/3/2026	9:38:40 AM	9		14%	13%	69%	72%	0%	0%		0.1 	0	0	0	0	0	0.149609 
	Trey McBride	Arizona Cardinals	TE	TE1	18.2 	291 	0 	0.0 	0.0 	0.0 	0 	0.0 	0.0 	0.0 	126.1 	7.9 	1,162 	72.6 	8.2 	0.5 	0.0 	0.2 	0.0 	0.713 	0.560 	0.554 	2 	1.000 	0.000 	11 	25 	14 	1 	2 	1 	0.779 			Malik Willis	0.283 	QB17	D'Andre Swift	0.634 	RB12	Christian Watson	0.679 	WR9	Dallas Goedert	0.358 	TE12		24.5 	18.1 	16.5 	18.4 	19.6 	17.3 	17.7 	17.9 	16.9 	17.9 	17.1 	18.4 	17.5 	0.0 	17.6 	18.0 	17.6 		TE2	TE6	TE6	TE1	TE1	TE2	TE1	TE1	TE2	TE1	TE1	TE1	TE1	-	TE1	TE1	TE1		TE1	17.8 	0.0 	0.0 	0.0 	0.0 	7.7 	73.2 	0.5 	1 	0.749 	0.560 	0.554 	2 	1.000 	0.000 	13 	0.784 		232 	Malik Willis	0.382 	QB13	D'Andre Swift	0.623 	RB14	Christian Watson	0.635 	WR15	Dallas Goedert	0.360 	TE12		TE1	19.7 	0.0 	0.0 	0.0 	0.0 	33.4 	317.1 	2.1 	1 	0.568 	0.560 	0.554 	2 	1.000 	0.000 	#N/A	0.757 		59.1 	Malik Willis	39 	QB23	D'Andre Swift	56 	RB7	Christian Watson	69 	WR5	Dallas Goedert	25 	TE19					Arizona Cardinals	Los Angeles Chargers	0 	0.0 	0 	0.0 	9.0 	95 	1.0 	0.0 	0.0 	0.0 	0.0 	24.5 	TE2		Arizona Cardinals	Seattle Seahawks	0 	0.0 	0 	0.0 	8.0 	41 	1.0 	0.0 	0.0 	0.0 	0.0 	18.1 	TE6		Arizona Cardinals	San Francisco 49ers	0 	0.0 	0 	0.0 	9.0 	75 	0.0 	0.0 	0.0 	0.0 	0.0 	16.5 	TE6		Arizona Cardinals	New York Giants	0 	0.0 	0 	0.0 	7.8 	74 	0.5 	0.0 	0.0 	0.0 	0.0 	18.4 	TE1		Arizona Cardinals	Detroit Lions	0 	0.0 	0 	0.0 	8.3 	79 	0.6 	0.0 	0.0 	0.0 	0.0 	19.6 	TE1		Arizona Cardinals	Los Angeles Rams	0 	0.0 	0 	0.0 	7.6 	72 	0.4 	0.0 	0.0 	0.0 	0.0 	17.3 	TE2		Arizona Cardinals	Denver Broncos	0 	0.0 	0 	0.0 	7.7 	73 	0.5 	0.0 	0.0 	0.0 	0.0 	17.7 	TE1		Arizona Cardinals	Dallas Cowboys	0 	0.0 	0 	0.0 	7.8 	74 	0.5 	0.0 	0.0 	0.0 	0.0 	17.9 	TE1		Arizona Cardinals	Seattle Seahawks	0 	0.0 	0 	0.0 	7.4 	71 	0.4 	0.0 	0.0 	0.0 	0.0 	16.9 	TE2		Arizona Cardinals	Los Angeles Rams	0 	0.0 	0 	0.0 	7.8 	74 	0.5 	0.0 	0.0 	0.0 	0.0 	17.9 	TE1		Arizona Cardinals	Kansas City Chiefs	0 	0.0 	0 	0.0 	7.5 	71 	0.4 	0.0 	0.0 	0.0 	0.0 	17.1 	TE1		Arizona Cardinals	Washington Commanders	0 	0.0 	0 	0.0 	7.9 	75 	0.5 	0.0 	0.0 	0.0 	0.0 	18.4 	TE1		Arizona Cardinals	Philadelphia Eagles	0 	0.0 	0 	0.0 	7.6 	73 	0.4 	0.0 	0.0 	0.0 	0.0 	17.5 	TE1		Arizona Cardinals	BYE	0 	0.0 	0 	0.0 	0.0 	0 	0.0 	0.0 	0.0 	0.0 	0.0 	0.0 	-		Arizona Cardinals	New York Jets	0 	0.0 	0 	0.0 	7.5 	71 	0.5 	0.0 	0.0 	0.0 	0.0 	17.6 	TE1		Arizona Cardinals	New Orleans Saints	0 	0.0 	0 	0.0 	7.8 	74 	0.5 	0.0 	0.0 	0.0 	0.0 	18.0 	TE1		Arizona Cardinals	Las Vegas Raiders	0 	0.0 	0 	0.0 	7.6 	72 	0.5 	0.0 	0.0 	0.0 	0.0 	17.6 	TE1		Actual	Actual	Actual	Forecast	Forecast	Forecast	Forecast	Forecast	Forecast	Forecast	Forecast	Forecast	Forecast	Forecast	Forecast	Forecast	Forecast		Healthy	Healthy	Healthy	Healthy	Healthy	Healthy	Healthy	Healthy	Healthy	Healthy	Healthy	Healthy	Healthy	Healthy	Healthy	Healthy	Healthy		Week 4 2026	10/3/2026	9:38:40 AM	9		32%	33%	0%	0%	0%	0%		0.0 	0	0	0	0	0	0.027137 
	Justin Jefferson	Minnesota Vikings	WR	WR7	17.0 	255 	0 	0.0 	0.0 	0.0 	0 	0.0 	0.0 	0.0 	85.4 	5.7 	1,156 	77.1 	8.8 	0.6 	0.0 	0.2 	0.0 	0.626 	1.000 	0.920 	2 	0.514 	0.000 	16 	12 	(4)	8 	6 	(2)	0.714 			Justin Herbert	0.246 	QB20	Omarion Hampton	0.543 	RB18	DeVonta Smith	0.623 	WR13	T.J. Hockenson	0.278 	TE18		31.2 	8.5 	5.2 	0.0 	17.6 	0.0 	18.0 	17.7 	17.8 	17.3 	17.7 	17.4 	17.5 	16.9 	17.7 	18.0 	16.9 		WR3	WR36	WR58	-	WR7	-	WR7	WR6	WR7	WR7	WR5	WR7	WR7	WR6	WR7	WR7	WR7		WR7	17.5 	0.0 	0.0 	0.0 	0.0 	6.0 	81.5 	0.6 	7 	0.679 	1.000 	0.930 	2 	0.641 	0.000 	14 	0.777 		210 	Justin Herbert	0.366 	QB16	Omarion Hampton	0.590 	RB18	DeVonta Smith	0.636 	WR14	T.J. Hockenson	0.308 	TE18		WR14	15.0 	0.0 	0.0 	0.0 	0.0 	24.1 	325.8 	2.3 	14 	0.431 	1.000 	0.860 	1 	0.254 	0.000 	#N/A	0.553 		44.9 	Justin Herbert	34 	QB26	Omarion Hampton	31 	RB22	DeVonta Smith	49 	WR11	T.J. Hockenson	23 	TE22					Minnesota Vikings	Green Bay Packers	0 	0.0 	0 	0.0 	8.0 	92 	2.0 	0.0 	0.0 	0.0 	1.0 	31.2 	WR3		Minnesota Vikings	Chicago Bears	0 	0.0 	0 	0.0 	3.0 	55 	0.0 	0.0 	0.0 	0.0 	0.0 	8.5 	WR36		Minnesota Vikings	Tampa Bay Buccaneers	0 	0.0 	0 	0.0 	2.0 	32 	0.0 	0.0 	0.0 	0.0 	0.0 	5.2 	WR58		Minnesota Vikings	Miami Dolphins	0 	0.0 	0 	0.0 	0.0 	0 	0.0 	0.0 	0.0 	0.0 	0.0 	0.0 	-		Minnesota Vikings	New Orleans Saints	0 	0.0 	0 	0.0 	6.0 	81 	0.6 	0.0 	0.0 	0.0 	0.0 	17.6 	WR7		Minnesota Vikings	BYE	0 	0.0 	0 	0.0 	0.0 	0 	0.0 	0.0 	0.0 	0.0 	0.0 	0.0 	-		Minnesota Vikings	Indianapolis Colts	0 	0.0 	0 	0.0 	6.1 	83 	0.6 	0.0 	0.0 	0.0 	0.0 	18.0 	WR7		Minnesota Vikings	Detroit Lions	0 	0.0 	0 	0.0 	6.1 	83 	0.6 	0.0 	0.0 	0.0 	0.0 	17.7 	WR6		Minnesota Vikings	Buffalo Bills	0 	0.0 	0 	0.0 	6.1 	82 	0.6 	0.0 	0.0 	0.0 	0.0 	17.8 	WR7		Minnesota Vikings	Green Bay Packers	0 	0.0 	0 	0.0 	6.0 	81 	0.5 	0.0 	0.0 	0.0 	0.0 	17.3 	WR7		Minnesota Vikings	San Francisco 49ers	0 	0.0 	0 	0.0 	6.1 	83 	0.6 	0.0 	0.0 	0.0 	0.0 	17.7 	WR5		Minnesota Vikings	Atlanta Falcons	0 	0.0 	0 	0.0 	5.9 	80 	0.6 	0.0 	0.0 	0.0 	0.0 	17.4 	WR7		Minnesota Vikings	Carolina Panthers	0 	0.0 	0 	0.0 	6.0 	81 	0.6 	0.0 	0.0 	0.0 	0.0 	17.5 	WR7		Minnesota Vikings	New England Patriots	0 	0.0 	0 	0.0 	5.9 	80 	0.5 	0.0 	0.0 	0.0 	0.0 	16.9 	WR6		Minnesota Vikings	Detroit Lions	0 	0.0 	0 	0.0 	6.1 	82 	0.6 	0.0 	0.0 	0.0 	0.0 	17.7 	WR7		Minnesota Vikings	Washington Commanders	0 	0.0 	0 	0.0 	6.1 	83 	0.6 	0.0 	0.0 	0.0 	0.0 	18.0 	WR7		Minnesota Vikings	New York Jets	0 	0.0 	0 	0.0 	5.8 	79 	0.5 	0.0 	0.0 	0.0 	0.0 	16.9 	WR7		Actual	Actual	Actual	Forecast	Forecast	Forecast	Forecast	Forecast	Forecast	Forecast	Forecast	Forecast	Forecast	Forecast	Forecast	Forecast	Forecast		Healthy	Healthy	Healthy	Injured	Healthy	Healthy	Healthy	Healthy	Healthy	Healthy	Healthy	Healthy	Healthy	Healthy	Healthy	Healthy	Healthy		Week 4 2026	10/3/2026	9:38:40 AM	9		37%	37%	0%	0%	0%	0%		0.2 	0	0	0	1	0	
	Brock Bowers	Las Vegas Raiders	TE	TE2	17.7 	247 	0 	0.0 	0.0 	0.0 	0 	0.0 	0.0 	0.0 	96.0 	6.9 	1,062 	75.9 	7.6 	0.5 	0.0 	0.2 	0.0 	0.606 	0.560 	0.548 	2 	0.951 	0.000 	15 	22 	7 	2 	1 	(1)	0.738 			Jared Goff	0.391 	QB9	Cam Skattebo	0.574 	RB16	Zay Flowers	0.602 	WR16	Jake Ferguson	0.320 	TE16		0.0 	0.0 	27.6 	17.5 	17.1 	17.5 	17.5 	16.4 	17.3 	16.6 	16.5 	16.2 	0.0 	16.9 	16.4 	17.0 	17.0 		-	-	TE1	TE2	TE2	TE1	TE2	TE2	TE1	TE2	TE2	TE2	-	TE1	TE2	TE2	TE2		TE2	16.9 	0.0 	0.0 	0.0 	0.0 	6.6 	72.8 	0.5 	2 	0.710 	0.560 	0.548 	2 	0.911 	0.000 	16 	0.736 		220 	Jared Goff	0.373 	QB15	Cam Skattebo	0.602 	RB17	Zay Flowers	0.610 	WR16	Jake Ferguson	0.324 	TE14		TE17	27.6 	0.0 	0.0 	0.0 	0.0 	86.0 	946.5 	6.6 	17 	0.265 	0.560 	0.422 	0 	0.138 	0.000 	#N/A	0.271 		27.6 	Jared Goff	66 	QB6	Cam Skattebo	37 	RB20	Zay Flowers	41 	WR19	Jake Ferguson	32 	TE13					Las Vegas Raiders	Miami Dolphins	0 	0.0 	0 	0.0 	0.0 	0 	0.0 	0.0 	0.0 	0.0 	0.0 	0.0 	-		Las Vegas Raiders	Los Angeles Chargers	0 	0.0 	0 	0.0 	0.0 	0 	0.0 	0.0 	0.0 	0.0 	0.0 	0.0 	-		Las Vegas Raiders	New Orleans Saints	0 	0.0 	0 	0.0 	10.0 	116 	1.0 	0.0 	0.0 	0.0 	0.0 	27.6 	TE1		Las Vegas Raiders	Kansas City Chiefs	0 	0.0 	0 	0.0 	6.8 	75 	0.6 	0.0 	0.0 	0.0 	0.0 	17.5 	TE2		Las Vegas Raiders	New England Patriots	0 	0.0 	0 	0.0 	6.7 	73 	0.5 	0.0 	0.0 	0.0 	0.0 	17.1 	TE2		Las Vegas Raiders	Buffalo Bills	0 	0.0 	0 	0.0 	6.8 	75 	0.5 	0.0 	0.0 	0.0 	0.0 	17.5 	TE1		Las Vegas Raiders	Los Angeles Rams	0 	0.0 	0 	0.0 	6.9 	75 	0.5 	0.0 	0.0 	0.0 	0.0 	17.5 	TE2		Las Vegas Raiders	New York Jets	0 	0.0 	0 	0.0 	6.4 	71 	0.5 	0.0 	0.0 	0.0 	0.0 	16.4 	TE2		Las Vegas Raiders	San Francisco 49ers	0 	0.0 	0 	0.0 	6.8 	75 	0.5 	0.0 	0.0 	0.0 	0.0 	17.3 	TE1		Las Vegas Raiders	Seattle Seahawks	0 	0.0 	0 	0.0 	6.6 	72 	0.5 	0.0 	0.0 	0.0 	0.0 	16.6 	TE2		Las Vegas Raiders	Denver Broncos	0 	0.0 	0 	0.0 	6.6 	72 	0.5 	0.0 	0.0 	0.0 	0.0 	16.5 	TE2		Las Vegas Raiders	Cleveland Browns	0 	0.0 	0 	0.0 	6.4 	70 	0.5 	0.0 	0.0 	0.0 	0.0 	16.2 	TE2		Las Vegas Raiders	BYE	0 	0.0 	0 	0.0 	0.0 	0 	0.0 	0.0 	0.0 	0.0 	0.0 	0.0 	-		Las Vegas Raiders	Los Angeles Chargers	0 	0.0 	0 	0.0 	6.7 	73 	0.5 	0.0 	0.0 	0.0 	0.0 	16.9 	TE1		Las Vegas Raiders	Denver Broncos	0 	0.0 	0 	0.0 	6.4 	71 	0.5 	0.0 	0.0 	0.0 	0.0 	16.4 	TE2		Las Vegas Raiders	Tennessee Titans	0 	0.0 	0 	0.0 	6.5 	72 	0.5 	0.0 	0.0 	0.0 	0.0 	17.0 	TE2		Las Vegas Raiders	Arizona Cardinals	0 	0.0 	0 	0.0 	6.5 	72 	0.5 	0.0 	0.0 	0.0 	0.0 	17.0 	TE2		Actual	Actual	Actual	Forecast	Forecast	Forecast	Forecast	Forecast	Forecast	Forecast	Forecast	Forecast	Forecast	Forecast	Forecast	Forecast	Forecast		Injured	Injured	Healthy	Healthy	Healthy	Healthy	Healthy	Healthy	Healthy	Healthy	Healthy	Healthy	Healthy	Healthy	Healthy	Healthy	Healthy		Week 4 2026	10/3/2026	9:38:40 AM	9		33%	35%	0%	0%	0%	0%		0.5 	1	1	0	0	0	
	James Cook III	Buffalo Bills	RB	RB8	16.3 	260 	0 	0.0 	0.0 	0.0 	1,519 	94.9 	9.6 	0.6 	30.4 	1.9 	187 	11.7 	1.4 	0.1 	0.0 	3.6 	0.0 	0.637 	1.000 	0.911 	1 	0.449 	0.000 	19 	9 	(10)	8 	5 	(3)	0.685 			Matthew Stafford	0.323 	QB13	Breece Hall	0.590 	RB15	Davante Adams	0.647 	WR10	Mike Gesicki	0.326 	TE14		9.9 	20.9 	19.4 	17.3 	15.1 	16.8 	0.0 	16.2 	15.7 	16.8 	18.1 	16.0 	14.6 	14.8 	16.3 	15.1 	17.0 		RB27	RB5	RB9	RB8	RB11	RB8	-	RB10	RB11	RB9	RB4	RB8	RB10	RB13	RB9	RB12	RB7		RB8	16.1 	0.0 	0.0 	90.2 	0.6 	2.0 	13.2 	0.1 	8 	0.677 	1.000 	0.911 	1 	0.496 	0.000 	19 	0.710 		210 	Matthew Stafford	0.351 	QB17	Breece Hall	0.606 	RB16	Davante Adams	0.592 	WR17	Mike Gesicki	0.285 	TE20		RB12	16.7 	0.0 	0.0 	391.0 	2.5 	8.8 	57.1 	0.5 	12 	0.482 	1.000 	0.864 	1 	0.349 	0.000 	#N/A	0.601 		50.2 	Matthew Stafford	52 	QB13	Breece Hall	43 	RB13	Davante Adams	66 	WR6	Mike Gesicki	32 	TE14					Buffalo Bills	Houston Texans	0 	0.0 	57 	0.0 	3.0 	12 	0.0 	0.0 	0.0 	0.0 	0.0 	9.9 	RB27		Buffalo Bills	Detroit Lions	0 	0.0 	135 	1.0 	1.0 	4 	0.0 	0.0 	0.0 	0.0 	0.0 	20.9 	RB5		Buffalo Bills	Los Angeles Chargers	0 	0.0 	154 	1.0 	0.0 	0 	0.0 	0.0 	1.0 	0.0 	0.0 	19.4 	RB9		Buffalo Bills	New England Patriots	0 	0.0 	98 	0.7 	2.0 	13 	0.1 	0.0 	0.2 	0.0 	0.0 	17.3 	RB8		Buffalo Bills	Los Angeles Rams	0 	0.0 	83 	0.5 	2.1 	13 	0.1 	0.0 	0.2 	0.0 	0.0 	15.1 	RB11		Buffalo Bills	Las Vegas Raiders	0 	0.0 	96 	0.6 	2.0 	13 	0.1 	0.0 	0.2 	0.0 	0.0 	16.8 	RB8		Buffalo Bills	BYE	0 	0.0 	0 	0.0 	0.0 	0 	0.0 	0.0 	0.0 	0.0 	0.0 	0.0 	-		Buffalo Bills	Baltimore Ravens	0 	0.0 	89 	0.6 	2.1 	14 	0.1 	0.0 	0.2 	0.0 	0.0 	16.2 	RB10		Buffalo Bills	Minnesota Vikings	0 	0.0 	87 	0.6 	2.0 	13 	0.1 	0.0 	0.2 	0.0 	0.0 	15.7 	RB11		Buffalo Bills	New York Jets	0 	0.0 	96 	0.6 	2.0 	13 	0.1 	0.0 	0.2 	0.0 	0.0 	16.8 	RB9		Buffalo Bills	Miami Dolphins	0 	0.0 	103 	0.7 	2.0 	13 	0.1 	0.0 	0.2 	0.0 	0.0 	18.1 	RB4		Buffalo Bills	Kansas City Chiefs	0 	0.0 	88 	0.6 	2.1 	13 	0.1 	0.0 	0.2 	0.0 	0.0 	16.0 	RB8		Buffalo Bills	New England Patriots	0 	0.0 	81 	0.5 	2.0 	13 	0.1 	0.0 	0.2 	0.0 	0.0 	14.6 	RB10		Buffalo Bills	Green Bay Packers	0 	0.0 	82 	0.5 	2.0 	13 	0.1 	0.0 	0.2 	0.0 	0.0 	14.8 	RB13		Buffalo Bills	Chicago Bears	0 	0.0 	90 	0.6 	2.1 	14 	0.1 	0.0 	0.2 	0.0 	0.0 	16.3 	RB9		Buffalo Bills	Denver Broncos	0 	0.0 	85 	0.5 	2.0 	13 	0.1 	0.0 	0.2 	0.0 	0.0 	15.1 	RB12		Buffalo Bills	Miami Dolphins	0 	0.0 	97 	0.6 	2.0 	13 	0.1 	0.0 	0.2 	0.0 	0.0 	17.0 	RB7		Actual	Actual	Actual	Forecast	Forecast	Forecast	Forecast	Forecast	Forecast	Forecast	Forecast	Forecast	Forecast	Forecast	Forecast	Forecast	Forecast		Healthy	Healthy	Healthy	Healthy	Healthy	Healthy	Healthy	Healthy	Healthy	Healthy	Healthy	Healthy	Healthy	Healthy	Healthy	Healthy	Healthy		Week 4 2026	10/3/2026	9:38:40 AM	9		6%	8%	63%	41%	0%	0%		0.1 	0	0	0	0	0	0.109234 
	Josh Allen	Buffalo Bills	QB	QB1	23.4 	375 	3,613 	225.8 	22.4 	1.4 	673 	42.0 	16.2 	1.0 	1.0 	0.1 	1 	0.1 	0.0 	0.0 	10.4 	2.0 	0.0 	0.919 	0.460 	0.455 	2 	1.000 	0.000 	17 	21 	4 	1 	1 	0 	0.711 			Sam Darnold	0.231 	QB21	Jaylen Warren	0.592 	RB14	Ladd McConkey	0.543 	WR20	Mark Andrews	0.291 	TE17		35.7 	40.8 	17.5 	22.6 	21.0 	21.9 	0.0 	22.1 	21.3 	21.8 	23.3 	21.8 	20.1 	20.4 	22.4 	20.3 	22.2 		QB2	QB1	QB19	QB1	QB1	QB1	-	QB1	QB1	QB1	QB1	QB1	QB1	QB1	QB1	QB1	QB1		QB1	21.6 	217.5 	1.3 	43.0 	0.8 	0.0 	0.0 	0.0 	1 	0.907 	0.460 	0.455 	1 	1.000 	0.000 	18 	0.711 		281 	Sam Darnold	0.343 	QB18	Jaylen Warren	0.614 	RB15	Ladd McConkey	0.584 	WR18	Mark Andrews	0.320 	TE15		QB1	31.3 	942.4 	5.8 	186.2 	3.4 	0.0 	0.0 	0.0 	1 	0.903 	0.460 	0.455 	2 	1.000 	0.000 	#N/A	0.711 		93.9 	Sam Darnold	28 	QB30	Jaylen Warren	41 	RB17	Ladd McConkey	36 	WR25	Mark Andrews	25 	TE18					Buffalo Bills	Houston Texans	334 	2.0 	23 	2.0 	0.0 	0 	0.0 	0.0 	0.0 	0.0 	0.0 	35.7 	QB2		Buffalo Bills	Detroit Lions	248 	3.0 	69 	2.0 	0.0 	0 	0.0 	0.0 	0.0 	0.0 	0.0 	40.8 	QB1		Buffalo Bills	Los Angeles Chargers	204 	0.0 	22 	2.0 	1.0 	1 	0.0 	2.0 	1.0 	0.0 	0.0 	17.5 	QB19		Buffalo Bills	New England Patriots	217 	1.4 	47 	0.9 	0.0 	0 	0.0 	0.6 	0.1 	0.0 	0.0 	22.6 	QB1		Buffalo Bills	Los Angeles Rams	222 	1.3 	39 	0.7 	0.0 	0 	0.0 	0.6 	0.1 	0.0 	0.0 	21.0 	QB1		Buffalo Bills	Las Vegas Raiders	212 	1.3 	46 	0.8 	0.0 	0 	0.0 	0.6 	0.1 	0.0 	0.0 	21.9 	QB1		Buffalo Bills	BYE	0 	0.0 	0 	0.0 	0.0 	0 	0.0 	0.0 	0.0 	0.0 	0.0 	0.0 	-		Buffalo Bills	Baltimore Ravens	223 	1.4 	42 	0.8 	0.0 	0 	0.0 	0.6 	0.1 	0.0 	0.0 	22.1 	QB1		Buffalo Bills	Minnesota Vikings	219 	1.3 	42 	0.8 	0.0 	0 	0.0 	0.6 	0.1 	0.0 	0.0 	21.3 	QB1		Buffalo Bills	New York Jets	212 	1.3 	45 	0.8 	0.0 	0 	0.0 	0.6 	0.1 	0.0 	0.0 	21.8 	QB1		Buffalo Bills	Miami Dolphins	215 	1.4 	49 	0.9 	0.0 	0 	0.0 	0.6 	0.1 	0.0 	0.0 	23.3 	QB1		Buffalo Bills	Kansas City Chiefs	222 	1.4 	42 	0.8 	0.0 	0 	0.0 	0.6 	0.1 	0.0 	0.0 	21.8 	QB1		Buffalo Bills	New England Patriots	216 	1.3 	39 	0.7 	0.0 	0 	0.0 	0.6 	0.1 	0.0 	0.0 	20.1 	QB1		Buffalo Bills	Green Bay Packers	218 	1.3 	39 	0.7 	0.0 	0 	0.0 	0.6 	0.1 	0.0 	0.0 	20.4 	QB1		Buffalo Bills	Chicago Bears	225 	1.4 	43 	0.8 	0.0 	0 	0.0 	0.6 	0.1 	0.0 	0.0 	22.4 	QB1		Buffalo Bills	Denver Broncos	213 	1.2 	40 	0.7 	0.0 	0 	0.0 	0.6 	0.1 	0.0 	0.0 	20.3 	QB1		Buffalo Bills	Miami Dolphins	214 	1.3 	46 	0.9 	0.0 	0 	0.0 	0.6 	0.1 	0.0 	0.0 	22.2 	QB1		Actual	Actual	Actual	Forecast	Forecast	Forecast	Forecast	Forecast	Forecast	Forecast	Forecast	Forecast	Forecast	Forecast	Forecast	Forecast	Forecast		Healthy	Healthy	Healthy	Healthy	Healthy	Healthy	Healthy	Healthy	Healthy	Healthy	Healthy	Healthy	Healthy	Healthy	Healthy	Healthy	Healthy		Week 4 2026	10/3/2026	9:38:40 AM	9		0%	0%	30%	55%	99%	99%		0.0 	0	0	0	0	0	0.000000 
	Saquon Barkley	Philadelphia Eagles	RB	RB17	13.4 	215 	0 	0.0 	0.0 	0.0 	1,208 	75.5 	7.0 	0.4 	29.0 	1.8 	199 	12.4 	1.3 	0.1 	0.0 	2.4 	0.0 	0.526 	1.000 	0.804 	1 	0.280 	0.000 	38 	14 	(24)	17 	8 	(9)	0.553 			Bo Nix	0.272 	QB18	Bhayshul Tuten	0.504 	RB21	Matthew Golden	0.566 	WR18	Kenyon Sadiq	0.340 	TE13		9.0 	3.0 	9.0 	12.9 	13.6 	16.0 	15.6 	15.0 	15.7 	0.0 	15.3 	14.7 	16.7 	16.1 	14.5 	13.6 	14.0 		RB30	RB52	RB30	RB20	RB15	RB9	RB11	RB13	RB12	-	RB12	RB14	RB5	RB8	RB16	RB18	RB18		RB13	14.9 	0.0 	0.0 	79.5 	0.5 	2.0 	14.8 	0.1 	13 	0.625 	1.000 	0.852 	1 	0.415 	0.000 	29 	0.643 		194 	Bo Nix	0.327 	QB20	Bhayshul Tuten	0.508 	RB22	Matthew Golden	0.566 	WR19	Kenyon Sadiq	0.298 	TE19		RB33	7.0 	0.0 	0.0 	344.5 	2.3 	8.7 	64.2 	0.4 	33 	0.202 	1.000 	0.607 	(0)	0.000 	0.000 	#N/A	0.303 		21.0 	Bo Nix	44 	QB20	Bhayshul Tuten	41 	RB16	Matthew Golden	46 	WR13	Kenyon Sadiq	39 	TE9					Philadelphia Eagles	Washington Commanders	0 	0.0 	83 	0.0 	1.0 	(3)	0.0 	0.0 	0.0 	0.0 	0.0 	9.0 	RB30		Philadelphia Eagles	Tennessee Titans	0 	0.0 	9 	0.0 	1.0 	11 	0.0 	0.0 	0.0 	0.0 	0.0 	3.0 	RB52		Philadelphia Eagles	Chicago Bears	0 	0.0 	82 	0.0 	1.0 	(2)	0.0 	0.0 	0.0 	0.0 	0.0 	9.0 	RB30		Philadelphia Eagles	Los Angeles Rams	0 	0.0 	68 	0.4 	2.0 	15 	0.1 	0.0 	0.2 	0.0 	0.0 	12.9 	RB20		Philadelphia Eagles	Jacksonville Jaguars	0 	0.0 	72 	0.5 	2.0 	15 	0.1 	0.0 	0.2 	0.0 	0.0 	13.6 	RB15		Philadelphia Eagles	Carolina Panthers	0 	0.0 	87 	0.6 	2.0 	15 	0.1 	0.0 	0.2 	0.0 	0.0 	16.0 	RB9		Philadelphia Eagles	Dallas Cowboys	0 	0.0 	82 	0.6 	2.1 	15 	0.1 	0.0 	0.2 	0.0 	0.0 	15.6 	RB11		Philadelphia Eagles	Washington Commanders	0 	0.0 	79 	0.5 	2.0 	15 	0.1 	0.0 	0.2 	0.0 	0.0 	15.0 	RB13		Philadelphia Eagles	New York Giants	0 	0.0 	84 	0.6 	2.0 	15 	0.1 	0.0 	0.2 	0.0 	0.0 	15.7 	RB12		Philadelphia Eagles	BYE	0 	0.0 	0 	0.0 	0.0 	0 	0.0 	0.0 	0.0 	0.0 	0.0 	0.0 	-		Philadelphia Eagles	Pittsburgh Steelers	0 	0.0 	83 	0.6 	2.0 	15 	0.1 	0.0 	0.2 	0.0 	0.0 	15.3 	RB12		Philadelphia Eagles	Dallas Cowboys	0 	0.0 	76 	0.5 	2.1 	15 	0.1 	0.0 	0.2 	0.0 	0.0 	14.7 	RB14		Philadelphia Eagles	Arizona Cardinals	0 	0.0 	92 	0.7 	1.9 	14 	0.1 	0.0 	0.2 	0.0 	0.0 	16.7 	RB5		Philadelphia Eagles	Indianapolis Colts	0 	0.0 	85 	0.6 	2.0 	15 	0.1 	0.0 	0.2 	0.0 	0.0 	16.1 	RB8		Philadelphia Eagles	Seattle Seahawks	0 	0.0 	77 	0.5 	2.0 	15 	0.1 	0.0 	0.2 	0.0 	0.0 	14.5 	RB16		Philadelphia Eagles	Houston Texans	0 	0.0 	74 	0.5 	1.9 	14 	0.1 	0.0 	0.2 	0.0 	0.0 	13.6 	RB18		Philadelphia Eagles	San Francisco 49ers	0 	0.0 	74 	0.5 	2.0 	15 	0.1 	0.0 	0.2 	0.0 	0.0 	14.0 	RB18		Actual	Actual	Actual	Forecast	Forecast	Forecast	Forecast	Forecast	Forecast	Forecast	Forecast	Forecast	Forecast	Forecast	Forecast	Forecast	Forecast		Healthy	Healthy	Healthy	Healthy	Healthy	Healthy	Healthy	Healthy	Healthy	Healthy	Healthy	Healthy	Healthy	Healthy	Healthy	Healthy	Healthy		Week 4 2026	10/3/2026	9:38:40 AM	9		7%	7%	59%	53%	0%	0%		0.3 	0	0	0	0	0	0.339705 
	Kyren Williams	Los Angeles Rams	RB	RB9	16.2 	260 	0 	0.0 	0.0 	0.0 	1,129 	70.6 	7.5 	0.5 	47.0 	2.9 	405 	25.3 	3.3 	0.2 	0.0 	3.1 	0.0 	0.636 	1.000 	0.900 	1 	0.447 	0.000 	21 	29 	8 	9 	14 	5 	0.679 			Deshaun Watson	0.301 	QB15	Jeremiyah Love	0.530 	RB19	A.J. Brown	0.440 	WR32	Kyle Pitts Sr.	0.188 	TE23		15.5 	15.7 	21.8 	14.3 	15.8 	17.8 	16.2 	15.3 	16.3 	17.3 	0.0 	15.8 	15.6 	15.3 	17.0 	14.0 	15.8 		RB15	RB8	RB5	RB14	RB10	RB6	RB9	RB12	RB10	RB7	-	RB11	RB7	RB9	RB7	RB16	RB11		RB11	15.9 	0.0 	0.0 	70.4 	0.5 	2.8 	23.0 	0.2 	11 	0.667 	1.000 	0.876 	1 	0.479 	0.000 	22 	0.686 		207 	Deshaun Watson	0.296 	QB21	Jeremiyah Love	0.541 	RB19	A.J. Brown	0.565 	WR20	Kyle Pitts Sr.	0.247 	TE21		RB10	17.7 	0.0 	0.0 	305.2 	2.2 	12.0 	99.7 	0.8 	10 	0.509 	1.000 	0.888 	1 	0.387 	0.000 	#N/A	0.631 		53.0 	Deshaun Watson	54 	QB10	Jeremiyah Love	42 	RB14	A.J. Brown	6 	WR91	Kyle Pitts Sr.	4 	TE37					Los Angeles Rams	San Francisco 49ers	0 	0.0 	41 	1.0 	3.0 	24 	0.0 	0.0 	0.0 	0.0 	0.0 	15.5 	RB15		Los Angeles Rams	New York Giants	0 	0.0 	85 	0.0 	2.0 	12 	1.0 	0.0 	1.0 	0.0 	0.0 	15.7 	RB8		Los Angeles Rams	Denver Broncos	0 	0.0 	88 	0.0 	6.0 	70 	0.0 	0.0 	0.0 	0.0 	0.0 	21.8 	RB5		Los Angeles Rams	Philadelphia Eagles	0 	0.0 	64 	0.4 	2.7 	22 	0.2 	0.0 	0.2 	0.0 	0.0 	14.3 	RB14		Los Angeles Rams	Buffalo Bills	0 	0.0 	68 	0.5 	2.9 	24 	0.2 	0.0 	0.2 	0.0 	0.0 	15.8 	RB10		Los Angeles Rams	Arizona Cardinals	0 	0.0 	80 	0.6 	2.8 	23 	0.2 	0.0 	0.2 	0.0 	0.0 	17.8 	RB6		Los Angeles Rams	Las Vegas Raiders	0 	0.0 	73 	0.5 	2.7 	23 	0.2 	0.0 	0.2 	0.0 	0.0 	16.2 	RB9		Los Angeles Rams	Los Angeles Chargers	0 	0.0 	67 	0.5 	2.8 	23 	0.2 	0.0 	0.2 	0.0 	0.0 	15.3 	RB12		Los Angeles Rams	Washington Commanders	0 	0.0 	72 	0.5 	2.8 	23 	0.2 	0.0 	0.2 	0.0 	0.0 	16.3 	RB10		Los Angeles Rams	Arizona Cardinals	0 	0.0 	79 	0.6 	2.7 	23 	0.2 	0.0 	0.2 	0.0 	0.0 	17.3 	RB7		Los Angeles Rams	BYE	0 	0.0 	0 	0.0 	0.0 	0 	0.0 	0.0 	0.0 	0.0 	0.0 	0.0 	-		Los Angeles Rams	Green Bay Packers	0 	0.0 	70 	0.5 	2.8 	23 	0.2 	0.0 	0.2 	0.0 	0.0 	15.8 	RB11		Los Angeles Rams	Kansas City Chiefs	0 	0.0 	69 	0.5 	2.7 	23 	0.2 	0.0 	0.2 	0.0 	0.0 	15.6 	RB7		Los Angeles Rams	San Francisco 49ers	0 	0.0 	67 	0.5 	2.8 	23 	0.2 	0.0 	0.2 	0.0 	0.0 	15.3 	RB9		Los Angeles Rams	Dallas Cowboys	0 	0.0 	76 	0.6 	2.8 	23 	0.2 	0.0 	0.2 	0.0 	0.0 	17.0 	RB7		Los Angeles Rams	Seattle Seahawks	0 	0.0 	61 	0.4 	2.7 	23 	0.2 	0.0 	0.2 	0.0 	0.0 	14.0 	RB16		Los Angeles Rams	Tampa Bay Buccaneers	0 	0.0 	70 	0.5 	2.8 	23 	0.2 	0.0 	0.2 	0.0 	0.0 	15.8 	RB11		Actual	Actual	Actual	Forecast	Forecast	Forecast	Forecast	Forecast	Forecast	Forecast	Forecast	Forecast	Forecast	Forecast	Forecast	Forecast	Forecast		Healthy	Healthy	Healthy	Healthy	Healthy	Healthy	Healthy	Healthy	Healthy	Healthy	Healthy	Healthy	Healthy	Healthy	Healthy	Healthy	Healthy		Week 4 2026	10/3/2026	9:38:40 AM	9		10%	9%	52%	61%	0%	0%		0.1 	0	0	0	0	0	0.055138 
	Garrett Wilson	New York Jets	WR	WR8	16.4 	262 	0 	0.0 	0.0 	0.0 	0 	0.0 	0.1 	0.0 	101.5 	6.3 	1,128 	70.5 	8.0 	0.5 	0.0 	0.2 	0.0 	0.643 	1.000 	0.930 	1 	0.475 	0.000 	18 	40 	22 	7 	17 	10 	0.705 			Baker Mayfield	0.173 	QB27	David Montgomery	0.487 	RB22	Tetairoa McMillan	0.481 	WR27	Cade Otton	0.211 	TE21		13.9 	16.7 	26.7 	16.2 	15.9 	15.6 	16.2 	15.9 	15.4 	16.5 	15.4 	15.7 	0.0 	15.4 	15.9 	15.4 	15.5 		WR23	WR14	WR3	WR7	WR8	WR5	WR8	WR8	WR10	WR8	WR7	WR9	-	WR8	WR8	WR8	WR9		WR8	15.8 	0.0 	0.0 	0.0 	0.0 	6.2 	68.1 	0.5 	8 	0.661 	1.000 	0.920 	1 	0.511 	0.000 	17 	0.718 		205 	Baker Mayfield	0.293 	QB22	David Montgomery	0.490 	RB23	Tetairoa McMillan	0.539 	WR24	Cade Otton	0.222 	TE22		WR7	19.1 	0.0 	0.0 	0.0 	0.0 	26.8 	295.2 	2.0 	7 	0.551 	1.000 	0.930 	2 	0.410 	0.000 	#N/A	0.665 		57.3 	Baker Mayfield	35 	QB24	David Montgomery	40 	RB18	Tetairoa McMillan	29 	WR37	Cade Otton	23 	TE21					New York Jets	Tennessee Titans	0 	0.0 	0 	0.0 	6.0 	79 	0.0 	0.0 	0.0 	0.0 	0.0 	13.9 	WR23		New York Jets	Green Bay Packers	0 	0.0 	0 	0.0 	5.0 	57 	1.0 	0.0 	0.0 	0.0 	0.0 	16.7 	WR14		New York Jets	Detroit Lions	0 	0.0 	0 	0.0 	10.0 	107 	1.0 	0.0 	0.0 	0.0 	0.0 	26.7 	WR3		New York Jets	Chicago Bears	0 	0.0 	0 	0.0 	6.3 	70 	0.5 	0.0 	0.0 	0.0 	0.0 	16.2 	WR7		New York Jets	Cleveland Browns	0 	0.0 	0 	0.0 	6.1 	68 	0.5 	0.0 	0.0 	0.0 	0.0 	15.9 	WR8		New York Jets	New England Patriots	0 	0.0 	0 	0.0 	6.2 	68 	0.4 	0.0 	0.0 	0.0 	0.0 	15.6 	WR5		New York Jets	Miami Dolphins	0 	0.0 	0 	0.0 	6.3 	69 	0.5 	0.0 	0.0 	0.0 	0.0 	16.2 	WR8		New York Jets	Las Vegas Raiders	0 	0.0 	0 	0.0 	6.1 	68 	0.5 	0.0 	0.0 	0.0 	0.0 	15.9 	WR8		New York Jets	Kansas City Chiefs	0 	0.0 	0 	0.0 	6.2 	68 	0.4 	0.0 	0.0 	0.0 	0.0 	15.4 	WR10		New York Jets	Buffalo Bills	0 	0.0 	0 	0.0 	6.4 	71 	0.5 	0.0 	0.0 	0.0 	0.0 	16.5 	WR8		New York Jets	Los Angeles Chargers	0 	0.0 	0 	0.0 	6.2 	68 	0.4 	0.0 	0.0 	0.0 	0.0 	15.4 	WR7		New York Jets	Miami Dolphins	0 	0.0 	0 	0.0 	6.1 	67 	0.5 	0.0 	0.0 	0.0 	0.0 	15.7 	WR9		New York Jets	BYE	0 	0.0 	0 	0.0 	0.0 	0 	0.0 	0.0 	0.0 	0.0 	0.0 	0.0 	-		New York Jets	Denver Broncos	0 	0.0 	0 	0.0 	6.1 	67 	0.4 	0.0 	0.0 	0.0 	0.0 	15.4 	WR8		New York Jets	Arizona Cardinals	0 	0.0 	0 	0.0 	6.2 	68 	0.5 	0.0 	0.0 	0.0 	0.0 	15.9 	WR8		New York Jets	New England Patriots	0 	0.0 	0 	0.0 	6.1 	67 	0.4 	0.0 	0.0 	0.0 	0.0 	15.4 	WR8		New York Jets	Minnesota Vikings	0 	0.0 	0 	0.0 	6.1 	67 	0.4 	0.0 	0.0 	0.0 	0.0 	15.5 	WR9		Actual	Actual	Actual	Forecast	Forecast	Forecast	Forecast	Forecast	Forecast	Forecast	Forecast	Forecast	Forecast	Forecast	Forecast	Forecast	Forecast		Healthy	Healthy	Healthy	Healthy	Healthy	Healthy	Healthy	Healthy	Healthy	Healthy	Healthy	Healthy	Healthy	Healthy	Healthy	Healthy	Healthy		Week 4 2026	10/3/2026	9:38:40 AM	9		32%	36%	0%	1%	0%	0%		0.1 	0	0	0	0	0	0.052540 
	Chase Brown	Cincinnati Bengals	RB	RB11	15.4 	246 	0 	0.0 	0.0 	0.0 	1,113 	69.6 	7.2 	0.4 	53.6 	3.3 	307 	19.2 	2.2 	0.1 	0.0 	2.9 	0.0 	0.603 	1.000 	0.876 	1 	0.397 	0.000 	24 	13 	(11)	11 	7 	(4)	0.643 			C.J. Stroud	0.255 	QB19	Quinshon Judkins	0.469 	RB23	Malik Nabers	0.452 	WR30	Darren Waller	0.325 	TE15		18.8 	11.2 	8.9 	15.9 	17.4 	0.0 	14.1 	17.1 	16.5 	15.4 	15.9 	17.0 	15.7 	15.2 	15.2 	15.9 	15.9 		RB14	RB19	RB32	RB10	RB8	-	RB15	RB6	RB8	RB12	RB10	RB7	RB6	RB11	RB12	RB9	RB10		RB10	15.9 	0.0 	0.0 	70.5 	0.5 	3.4 	21.1 	0.2 	10 	0.669 	1.000 	0.888 	1 	0.483 	0.000 	21 	0.693 		207 	C.J. Stroud	0.288 	QB23	Quinshon Judkins	0.523 	RB20	Malik Nabers	0.534 	WR25	Darren Waller	0.312 	TE17		RB19	13.0 	0.0 	0.0 	305.5 	2.1 	14.5 	91.5 	0.7 	19 	0.374 	1.000 	0.780 	1 	0.196 	0.000 	#N/A	0.486 		38.9 	C.J. Stroud	45 	QB19	Quinshon Judkins	27 	RB26	Malik Nabers	22 	WR55	Darren Waller	33 	TE12					Cincinnati Bengals	Tampa Bay Buccaneers	0 	0.0 	56 	1.0 	5.0 	22 	0.0 	0.0 	0.0 	0.0 	0.0 	18.8 	RB14		Cincinnati Bengals	Houston Texans	0 	0.0 	80 	0.0 	3.0 	2 	0.0 	0.0 	0.0 	0.0 	0.0 	11.2 	RB19		Cincinnati Bengals	Pittsburgh Steelers	0 	0.0 	61 	0.0 	2.0 	8 	0.0 	0.0 	0.0 	0.0 	0.0 	8.9 	RB32		Cincinnati Bengals	Jacksonville Jaguars	0 	0.0 	69 	0.5 	3.4 	22 	0.2 	0.0 	0.2 	0.0 	0.0 	15.9 	RB10		Cincinnati Bengals	Miami Dolphins	0 	0.0 	81 	0.6 	3.2 	20 	0.2 	0.0 	0.2 	0.0 	0.0 	17.4 	RB8		Cincinnati Bengals	BYE	0 	0.0 	0 	0.0 	0.0 	0 	0.0 	0.0 	0.0 	0.0 	0.0 	0.0 	-		Cincinnati Bengals	Baltimore Ravens	0 	0.0 	58 	0.4 	3.4 	21 	0.2 	0.0 	0.2 	0.0 	0.0 	14.1 	RB15		Cincinnati Bengals	Tennessee Titans	0 	0.0 	78 	0.6 	3.3 	21 	0.2 	0.0 	0.2 	0.0 	0.0 	17.1 	RB6		Cincinnati Bengals	Atlanta Falcons	0 	0.0 	73 	0.5 	3.4 	21 	0.2 	0.0 	0.2 	0.0 	0.0 	16.5 	RB8		Cincinnati Bengals	Pittsburgh Steelers	0 	0.0 	67 	0.4 	3.3 	21 	0.2 	0.0 	0.2 	0.0 	0.0 	15.4 	RB12		Cincinnati Bengals	Washington Commanders	0 	0.0 	69 	0.5 	3.4 	22 	0.2 	0.0 	0.2 	0.0 	0.0 	15.9 	RB10		Cincinnati Bengals	New Orleans Saints	0 	0.0 	77 	0.5 	3.3 	21 	0.2 	0.0 	0.2 	0.0 	0.0 	17.0 	RB7		Cincinnati Bengals	Cleveland Browns	0 	0.0 	71 	0.5 	3.2 	20 	0.2 	0.0 	0.2 	0.0 	0.0 	15.7 	RB6		Cincinnati Bengals	Kansas City Chiefs	0 	0.0 	67 	0.4 	3.3 	21 	0.2 	0.0 	0.2 	0.0 	0.0 	15.2 	RB11		Cincinnati Bengals	Carolina Panthers	0 	0.0 	67 	0.4 	3.3 	21 	0.2 	0.0 	0.2 	0.0 	0.0 	15.2 	RB12		Cincinnati Bengals	Indianapolis Colts	0 	0.0 	69 	0.5 	3.4 	22 	0.2 	0.0 	0.2 	0.0 	0.0 	15.9 	RB9		Cincinnati Bengals	Baltimore Ravens	0 	0.0 	69 	0.5 	3.4 	22 	0.2 	0.0 	0.2 	0.0 	0.0 	15.9 	RB10		Actual	Actual	Actual	Forecast	Forecast	Forecast	Forecast	Forecast	Forecast	Forecast	Forecast	Forecast	Forecast	Forecast	Forecast	Forecast	Forecast		Healthy	Healthy	Healthy	Healthy	Healthy	Healthy	Healthy	Healthy	Healthy	Healthy	Healthy	Healthy	Healthy	Healthy	Healthy	Healthy	Healthy		Week 4 2026	10/3/2026	9:38:40 AM	9		8%	8%	71%	73%	0%	0%		0.2 	0	0	0	0	0	0.207473 
	Javonte Williams	Dallas Cowboys	RB	RB10	16.2 	259 	0 	0.0 	0.0 	0.0 	1,027 	64.2 	9.3 	0.6 	54.4 	3.4 	322 	20.1 	3.1 	0.2 	0.0 	2.6 	0.0 	0.634 	1.000 	0.888 	1 	0.443 	0.000 	22 	28 	6 	10 	13 	3 	0.672 			Caleb Williams	0.313 	QB14	TreVeyon Henderson	0.465 	RB24	Rashee Rice	0.526 	WR22	Brenton Strange	0.193 	TE22		24.2 	8.0 	18.3 	14.6 	18.1 	15.1 	14.6 	18.3 	16.4 	16.4 	17.4 	15.9 	14.0 	0.0 	14.1 	16.5 	16.8 		RB9	RB33	RB10	RB13	RB7	RB12	RB13	RB5	RB9	RB10	RB6	RB10	RB13	-	RB19	RB8	RB8		RB9	16.0 	0.0 	0.0 	66.0 	0.6 	3.4 	20.5 	0.2 	9 	0.672 	1.000 	0.900 	1 	0.487 	0.000 	20 	0.700 		208 	Caleb Williams	0.339 	QB19	TreVeyon Henderson	0.518 	RB21	Rashee Rice	0.560 	WR21	Brenton Strange	0.193 	TE23		RB11	16.8 	0.0 	0.0 	285.9 	2.4 	14.8 	88.8 	0.7 	11 	0.485 	1.000 	0.876 	1 	0.353 	0.000 	#N/A	0.608 		50.5 	Caleb Williams	46 	QB18	TreVeyon Henderson	18 	RB38	Rashee Rice	38 	WR23	Brenton Strange	20 	TE23					Dallas Cowboys	New York Giants	0 	0.0 	41 	1.0 	5.0 	31 	1.0 	0.0 	0.0 	0.0 	0.0 	24.2 	RB9		Dallas Cowboys	Washington Commanders	0 	0.0 	30 	0.0 	3.0 	20 	0.0 	0.0 	0.0 	0.0 	0.0 	8.0 	RB33		Dallas Cowboys	Baltimore Ravens	0 	0.0 	98 	1.0 	2.0 	5 	0.0 	0.0 	0.0 	0.0 	0.0 	18.3 	RB10		Dallas Cowboys	Houston Texans	0 	0.0 	59 	0.5 	3.3 	20 	0.1 	0.0 	0.2 	0.0 	0.0 	14.6 	RB13		Dallas Cowboys	Tampa Bay Buccaneers	0 	0.0 	79 	0.7 	3.4 	20 	0.2 	0.0 	0.2 	0.0 	0.0 	18.1 	RB7		Dallas Cowboys	Green Bay Packers	0 	0.0 	61 	0.5 	3.4 	21 	0.2 	0.0 	0.2 	0.0 	0.0 	15.1 	RB12		Dallas Cowboys	Philadelphia Eagles	0 	0.0 	59 	0.5 	3.3 	20 	0.1 	0.0 	0.2 	0.0 	0.0 	14.6 	RB13		Dallas Cowboys	Arizona Cardinals	0 	0.0 	80 	0.7 	3.4 	20 	0.2 	0.0 	0.2 	0.0 	0.0 	18.3 	RB5		Dallas Cowboys	Indianapolis Colts	0 	0.0 	67 	0.6 	3.5 	21 	0.2 	0.0 	0.2 	0.0 	0.0 	16.4 	RB9		Dallas Cowboys	San Francisco 49ers	0 	0.0 	67 	0.6 	3.5 	21 	0.2 	0.0 	0.2 	0.0 	0.0 	16.4 	RB10		Dallas Cowboys	Tennessee Titans	0 	0.0 	75 	0.6 	3.4 	20 	0.2 	0.0 	0.2 	0.0 	0.0 	17.4 	RB6		Dallas Cowboys	Philadelphia Eagles	0 	0.0 	65 	0.6 	3.4 	20 	0.2 	0.0 	0.2 	0.0 	0.0 	15.9 	RB10		Dallas Cowboys	Seattle Seahawks	0 	0.0 	55 	0.4 	3.4 	20 	0.1 	0.0 	0.2 	0.0 	0.0 	14.0 	RB13		Dallas Cowboys	BYE	0 	0.0 	0 	0.0 	0.0 	0 	0.0 	0.0 	0.0 	0.0 	0.0 	0.0 	-		Dallas Cowboys	Los Angeles Rams	0 	0.0 	53 	0.4 	3.5 	21 	0.2 	0.0 	0.2 	0.0 	0.0 	14.1 	RB19		Dallas Cowboys	Jacksonville Jaguars	0 	0.0 	67 	0.6 	3.5 	21 	0.2 	0.0 	0.2 	0.0 	0.0 	16.5 	RB8		Dallas Cowboys	New York Giants	0 	0.0 	70 	0.6 	3.4 	21 	0.2 	0.0 	0.2 	0.0 	0.0 	16.8 	RB8		Actual	Actual	Actual	Forecast	Forecast	Forecast	Forecast	Forecast	Forecast	Forecast	Forecast	Forecast	Forecast	Forecast	Forecast	Forecast	Forecast		Healthy	Healthy	Healthy	Healthy	Healthy	Healthy	Healthy	Healthy	Healthy	Healthy	Healthy	Healthy	Healthy	Healthy	Healthy	Healthy	Healthy		Week 4 2026	10/3/2026	9:38:40 AM	9		8%	9%	64%	63%	0%	0%		0.1 	0	0	0	0	0	0.092069 
	Nico Collins	Houston Texans	WR	WR15	15.2 	213 	0 	0.0 	0.0 	0.0 	7 	0.5 	0.0 	0.0 	67.7 	4.8 	1,028 	73.5 	7.1 	0.5 	0.0 	0.2 	0.0 	0.523 	1.000 	0.820 	1 	0.403 	0.000 	31 	24 	(7)	18 	10 	(8)	0.609 			Cam Ward	0.217 	QB23	Chuba Hubbard	0.519 	RB20	Jaylen Waddle	0.486 	WR26	Hunter Henry	0.182 	TE24		21.2 	0.0 	0.0 	16.0 	14.4 	14.6 	15.2 	0.0 	14.6 	14.2 	15.5 	15.2 	14.6 	15.1 	15.1 	13.6 	14.4 		WR8	-	-	WR8	WR12	WR8	WR10	-	WR14	WR14	WR6	WR11	WR10	WR10	WR10	WR16	WR15		WR10	14.8 	0.0 	0.0 	0.0 	0.0 	4.7 	73.3 	0.5 	10 	0.621 	1.000 	0.900 	1 	0.440 	0.000 	24 	0.674 		192 	Cam Ward	0.264 	QB25	Chuba Hubbard	0.480 	RB24	Jaylen Waddle	0.544 	WR23	Hunter Henry	0.188 	TE24		WR62	21.2 	0.0 	0.0 	0.0 	0.0 	60.7 	953.5 	6.1 	62 	0.204 	1.000 	0.380 	(0)	0.000 	0.000 	#N/A	0.202 		21.2 	Cam Ward	41 	QB21	Chuba Hubbard	53 	RB9	Jaylen Waddle	29 	WR35	Hunter Henry	14 	TE29					Houston Texans	Buffalo Bills	0 	0.0 	7 	0.0 	7.0 	75 	1.0 	0.0 	0.0 	0.0 	0.0 	21.2 	WR8		Houston Texans	Cincinnati Bengals	0 	0.0 	0 	0.0 	0.0 	0 	0.0 	0.0 	0.0 	0.0 	0.0 	0.0 	-		Houston Texans	Indianapolis Colts	0 	0.0 	0 	0.0 	0.0 	0 	0.0 	0.0 	0.0 	0.0 	0.0 	0.0 	-		Houston Texans	Dallas Cowboys	0 	0.0 	0 	0.0 	5.0 	78 	0.5 	0.0 	0.0 	0.0 	0.0 	16.0 	WR8		Houston Texans	Tennessee Titans	0 	0.0 	0 	0.0 	4.5 	71 	0.5 	0.0 	0.0 	0.0 	0.0 	14.4 	WR12		Houston Texans	Jacksonville Jaguars	0 	0.0 	0 	0.0 	4.6 	73 	0.4 	0.0 	0.0 	0.0 	0.0 	14.6 	WR8		Houston Texans	New York Giants	0 	0.0 	0 	0.0 	4.7 	74 	0.5 	0.0 	0.0 	0.0 	0.0 	15.2 	WR10		Houston Texans	BYE	0 	0.0 	0 	0.0 	0.0 	0 	0.0 	0.0 	0.0 	0.0 	0.0 	0.0 	-		Houston Texans	Los Angeles Chargers	0 	0.0 	0 	0.0 	4.6 	73 	0.4 	0.0 	0.0 	0.0 	0.0 	14.6 	WR14		Houston Texans	Cleveland Browns	0 	0.0 	0 	0.0 	4.5 	71 	0.4 	0.0 	0.0 	0.0 	0.0 	14.2 	WR14		Houston Texans	Indianapolis Colts	0 	0.0 	0 	0.0 	4.8 	76 	0.5 	0.0 	0.0 	0.0 	0.0 	15.5 	WR6		Houston Texans	Baltimore Ravens	0 	0.0 	0 	0.0 	4.8 	75 	0.5 	0.0 	0.0 	0.0 	0.0 	15.2 	WR11		Houston Texans	Pittsburgh Steelers	0 	0.0 	0 	0.0 	4.6 	73 	0.5 	0.0 	0.0 	0.0 	0.0 	14.6 	WR10		Houston Texans	Washington Commanders	0 	0.0 	0 	0.0 	4.7 	74 	0.5 	0.0 	0.0 	0.0 	0.0 	15.1 	WR10		Houston Texans	Jacksonville Jaguars	0 	0.0 	0 	0.0 	4.8 	75 	0.5 	0.0 	0.0 	0.0 	0.0 	15.1 	WR10		Houston Texans	Philadelphia Eagles	0 	0.0 	0 	0.0 	4.4 	69 	0.4 	0.0 	0.0 	0.0 	0.0 	13.6 	WR16		Houston Texans	Green Bay Packers	0 	0.0 	0 	0.0 	4.6 	72 	0.4 	0.0 	0.0 	0.0 	0.0 	14.4 	WR15		Actual	Actual	Actual	Forecast	Forecast	Forecast	Forecast	Forecast	Forecast	Forecast	Forecast	Forecast	Forecast	Forecast	Forecast	Forecast	Forecast		Healthy	Injured	Injured	Healthy	Healthy	Healthy	Healthy	Healthy	Healthy	Healthy	Healthy	Healthy	Healthy	Healthy	Healthy	Healthy	Healthy		Week 4 2026	10/3/2026	9:38:40 AM	9		33%	32%	0%	0%	0%	0%		0.5 	0	1	1	0	0	
	Drake London	Atlanta Falcons	WR	WR12	14.8 	237 	0 	0.0 	0.0 	0.0 	4 	0.3 	0.0 	0.0 	81.5 	5.1 	1,206 	75.4 	5.9 	0.4 	0.0 	0.2 	0.0 	0.582 	1.000 	0.880 	1 	0.377 	0.000 	27 	20 	(7)	12 	8 	(4)	0.634 			Bryce Young	0.357 	QB11	Josh Jacobs	0.381 	RB28	Emeka Egbuka	0.495 	WR25	Chig Okonkwo	0.145 	TE32		5.5 	8.9 	28.4 	15.0 	15.5 	15.0 	15.1 	14.9 	15.6 	14.7 	0.0 	14.4 	15.4 	14.1 	15.1 	14.9 	14.8 		WR62	WR32	WR2	WR10	WR9	WR7	WR11	WR10	WR9	WR11	-	WR14	WR9	WR14	WR11	WR12	WR11		WR9	15.0 	0.0 	0.0 	0.0 	0.0 	5.1 	71.7 	0.5 	9 	0.628 	1.000 	0.910 	1 	0.453 	0.000 	23 	0.685 		195 	Bryce Young	0.276 	QB24	Josh Jacobs	0.453 	RB25	Emeka Egbuka	0.527 	WR26	Chig Okonkwo	0.178 	TE26		WR17	14.3 	0.0 	0.0 	0.0 	0.0 	22.2 	310.6 	2.0 	17 	0.411 	1.000 	0.830 	1 	0.228 	0.000 	#N/A	0.526 		42.8 	Bryce Young	69 	QB4	Josh Jacobs	0 	RB69	Emeka Egbuka	33 	WR31	Chig Okonkwo	4 	TE38					Atlanta Falcons	Pittsburgh Steelers	0 	0.0 	6 	0.0 	2.0 	29 	0.0 	0.0 	0.0 	0.0 	0.0 	5.5 	WR62		Atlanta Falcons	Carolina Panthers	0 	0.0 	(2)	0.0 	4.0 	51 	0.0 	0.0 	0.0 	0.0 	0.0 	8.9 	WR32		Atlanta Falcons	Green Bay Packers	0 	0.0 	0 	0.0 	9.0 	194 	0.0 	0.0 	0.0 	0.0 	0.0 	28.4 	WR2		Atlanta Falcons	New Orleans Saints	0 	0.0 	0 	0.0 	5.1 	72 	0.5 	0.0 	0.0 	0.0 	0.0 	15.0 	WR10		Atlanta Falcons	Baltimore Ravens	0 	0.0 	0 	0.0 	5.3 	74 	0.5 	0.0 	0.0 	0.0 	0.0 	15.5 	WR9		Atlanta Falcons	Chicago Bears	0 	0.0 	0 	0.0 	5.1 	71 	0.5 	0.0 	0.0 	0.0 	0.0 	15.0 	WR7		Atlanta Falcons	San Francisco 49ers	0 	0.0 	0 	0.0 	5.2 	72 	0.5 	0.0 	0.0 	0.0 	0.0 	15.1 	WR11		Atlanta Falcons	Tampa Bay Buccaneers	0 	0.0 	0 	0.0 	5.1 	72 	0.4 	0.0 	0.0 	0.0 	0.0 	14.9 	WR10		Atlanta Falcons	Cincinnati Bengals	0 	0.0 	0 	0.0 	5.3 	75 	0.5 	0.0 	0.0 	0.0 	0.0 	15.6 	WR9		Atlanta Falcons	Kansas City Chiefs	0 	0.0 	0 	0.0 	5.1 	71 	0.4 	0.0 	0.0 	0.0 	0.0 	14.7 	WR11		Atlanta Falcons	BYE	0 	0.0 	0 	0.0 	0.0 	0 	0.0 	0.0 	0.0 	0.0 	0.0 	0.0 	-		Atlanta Falcons	Minnesota Vikings	0 	0.0 	0 	0.0 	5.0 	70 	0.4 	0.0 	0.0 	0.0 	0.0 	14.4 	WR14		Atlanta Falcons	Detroit Lions	0 	0.0 	0 	0.0 	5.2 	73 	0.5 	0.0 	0.0 	0.0 	0.0 	15.4 	WR9		Atlanta Falcons	Cleveland Browns	0 	0.0 	0 	0.0 	4.9 	68 	0.4 	0.0 	0.0 	0.0 	0.0 	14.1 	WR14		Atlanta Falcons	Washington Commanders	0 	0.0 	0 	0.0 	5.2 	72 	0.5 	0.0 	0.0 	0.0 	0.0 	15.1 	WR11		Atlanta Falcons	Tampa Bay Buccaneers	0 	0.0 	0 	0.0 	5.1 	71 	0.5 	0.0 	0.0 	0.0 	0.0 	14.9 	WR12		Atlanta Falcons	New Orleans Saints	0 	0.0 	0 	0.0 	5.0 	70 	0.5 	0.0 	0.0 	0.0 	0.0 	14.8 	WR11		Actual	Actual	Actual	Forecast	Forecast	Forecast	Forecast	Forecast	Forecast	Forecast	Forecast	Forecast	Forecast	Forecast	Forecast	Forecast	Forecast		Healthy	Healthy	Healthy	Healthy	Healthy	Healthy	Healthy	Healthy	Healthy	Healthy	Healthy	Healthy	Healthy	Healthy	Healthy	Healthy	Healthy		Week 4 2026	10/3/2026	9:38:40 AM	9		35%	35%	0%	0%	0%	0%		0.2 	0	0	0	0	0	0.158788 
	George Pickens	Dallas Cowboys	WR	WR17	13.8 	220 	0 	0.0 	0.0 	0.0 	0 	0.0 	0.0 	0.0 	78.9 	4.9 	1,049 	65.6 	6.2 	0.4 	0.0 	0.2 	0.0 	0.540 	1.000 	0.850 	1 	0.310 	0.000 	35 	23 	(12)	15 	9 	(6)	0.587 			Daniel Jones	0.102 	QB31	Rhamondre Stevenson	0.414 	RB25	Mike Evans	0.504 	WR24	Oronde Gadsden II	0.168 	TE27		5.8 	10.0 	15.2 	14.0 	14.5 	14.5 	14.0 	14.6 	15.0 	15.0 	14.5 	14.6 	14.1 	0.0 	14.8 	15.1 	14.7 		WR57	WR29	WR22	WR12	WR11	WR9	WR15	WR12	WR11	WR10	WR11	WR13	WR14	-	WR12	WR10	WR13		WR12	14.6 	0.0 	0.0 	0.0 	0.0 	4.8 	69.2 	0.5 	12 	0.611 	1.000 	0.880 	1 	0.424 	0.000 	26 	0.657 		189 	Daniel Jones	0.240 	QB26	Rhamondre Stevenson	0.440 	RB26	Mike Evans	0.516 	WR27	Oronde Gadsden II	0.172 	TE27		WR33	10.3 	0.0 	0.0 	0.0 	0.0 	21.0 	299.7 	2.1 	33 	0.298 	1.000 	0.670 	0 	0.079 	0.000 	#N/A	0.378 		31.0 	Daniel Jones	28 	QB29	Rhamondre Stevenson	25 	RB28	Mike Evans	38 	WR24	Oronde Gadsden II	15 	TE28					Dallas Cowboys	New York Giants	0 	0.0 	0 	0.0 	3.0 	28 	0.0 	0.0 	0.0 	0.0 	0.0 	5.8 	WR57		Dallas Cowboys	Washington Commanders	0 	0.0 	0 	0.0 	6.0 	40 	0.0 	0.0 	0.0 	0.0 	0.0 	10.0 	WR29		Dallas Cowboys	Baltimore Ravens	0 	0.0 	0 	0.0 	7.0 	82 	0.0 	0.0 	0.0 	0.0 	0.0 	15.2 	WR22		Dallas Cowboys	Houston Texans	0 	0.0 	0 	0.0 	4.7 	68 	0.4 	0.0 	0.0 	0.0 	0.0 	14.0 	WR12		Dallas Cowboys	Tampa Bay Buccaneers	0 	0.0 	0 	0.0 	4.7 	68 	0.5 	0.0 	0.0 	0.0 	0.0 	14.5 	WR11		Dallas Cowboys	Green Bay Packers	0 	0.0 	0 	0.0 	4.8 	69 	0.5 	0.0 	0.0 	0.0 	0.0 	14.5 	WR9		Dallas Cowboys	Philadelphia Eagles	0 	0.0 	0 	0.0 	4.7 	68 	0.4 	0.0 	0.0 	0.0 	0.0 	14.0 	WR15		Dallas Cowboys	Arizona Cardinals	0 	0.0 	0 	0.0 	4.8 	68 	0.5 	0.0 	0.0 	0.0 	0.0 	14.6 	WR12		Dallas Cowboys	Indianapolis Colts	0 	0.0 	0 	0.0 	5.0 	71 	0.5 	0.0 	0.0 	0.0 	0.0 	15.0 	WR11		Dallas Cowboys	San Francisco 49ers	0 	0.0 	0 	0.0 	5.0 	71 	0.5 	0.0 	0.0 	0.0 	0.0 	15.0 	WR10		Dallas Cowboys	Tennessee Titans	0 	0.0 	0 	0.0 	4.8 	68 	0.5 	0.0 	0.0 	0.0 	0.0 	14.5 	WR11		Dallas Cowboys	Philadelphia Eagles	0 	0.0 	0 	0.0 	4.8 	69 	0.5 	0.0 	0.0 	0.0 	0.0 	14.6 	WR13		Dallas Cowboys	Seattle Seahawks	0 	0.0 	0 	0.0 	4.8 	68 	0.4 	0.0 	0.0 	0.0 	0.0 	14.1 	WR14		Dallas Cowboys	BYE	0 	0.0 	0 	0.0 	0.0 	0 	0.0 	0.0 	0.0 	0.0 	0.0 	0.0 	-		Dallas Cowboys	Los Angeles Rams	0 	0.0 	0 	0.0 	5.0 	71 	0.5 	0.0 	0.0 	0.0 	0.0 	14.8 	WR12		Dallas Cowboys	Jacksonville Jaguars	0 	0.0 	0 	0.0 	5.0 	71 	0.5 	0.0 	0.0 	0.0 	0.0 	15.1 	WR10		Dallas Cowboys	New York Giants	0 	0.0 	0 	0.0 	4.8 	69 	0.5 	0.0 	0.0 	0.0 	0.0 	14.7 	WR13		Actual	Actual	Actual	Forecast	Forecast	Forecast	Forecast	Forecast	Forecast	Forecast	Forecast	Forecast	Forecast	Forecast	Forecast	Forecast	Forecast		Healthy	Healthy	Healthy	Healthy	Healthy	Healthy	Healthy	Healthy	Healthy	Healthy	Healthy	Healthy	Healthy	Healthy	Healthy	Healthy	Healthy		Week 4 2026	10/3/2026	9:38:40 AM	9		27%	26%	0%	0%	0%	0%		0.3 	0	0	0	0	0	0.279462 
	Bucky Irving	Tampa Bay Buccaneers	RB	RB13	14.8 	236 	0 	0.0 	0.0 	0.0 	1,094 	68.4 	6.5 	0.4 	52.4 	3.3 	325 	20.3 	1.6 	0.1 	0.0 	3.6 	0.0 	0.579 	1.000 	0.852 	1 	0.359 	0.000 	30 	47 	17 	13 	21 	8 	0.614 			Aaron Rodgers	0.139 	QB29	Tony Pollard	0.385 	RB27	Michael Wilson	0.531 	WR21	Gunnar Helm	0.173 	TE26		20.3 	13.0 	7.8 	13.2 	13.0 	15.6 	15.7 	16.7 	14.8 	0.0 	14.8 	15.9 	14.9 	14.1 	16.1 	15.7 	14.6 		RB12	RB15	RB34	RB18	RB18	RB10	RB10	RB8	RB14	-	RB13	RB9	RB8	RB14	RB10	RB11	RB13		RB12	15.0 	0.0 	0.0 	70.3 	0.4 	3.0 	20.3 	0.1 	12 	0.629 	1.000 	0.864 	1 	0.421 	0.000 	27 	0.652 		195 	Aaron Rodgers	0.203 	QB28	Tony Pollard	0.409 	RB27	Michael Wilson	0.550 	WR22	Gunnar Helm	0.182 	TE25		RB15	13.7 	0.0 	0.0 	304.8 	1.8 	13.1 	88.0 	0.5 	15 	0.395 	1.000 	0.828 	1 	0.226 	0.000 	#N/A	0.522 		41.1 	Aaron Rodgers	39 	QB22	Tony Pollard	26 	RB27	Michael Wilson	40 	WR20	Gunnar Helm	14 	TE31					Tampa Bay Buccaneers	Cincinnati Bengals	0 	0.0 	45 	1.0 	7.0 	48 	0.0 	0.0 	1.0 	0.0 	0.0 	20.3 	RB12		Tampa Bay Buccaneers	Cleveland Browns	0 	0.0 	89 	0.0 	4.0 	1 	0.0 	0.0 	0.0 	0.0 	0.0 	13.0 	RB15		Tampa Bay Buccaneers	Minnesota Vikings	0 	0.0 	46 	0.0 	2.0 	12 	0.0 	0.0 	0.0 	0.0 	0.0 	7.8 	RB34		Tampa Bay Buccaneers	Green Bay Packers	0 	0.0 	63 	0.3 	2.9 	19 	0.1 	0.0 	0.2 	0.0 	0.0 	13.2 	RB18		Tampa Bay Buccaneers	Dallas Cowboys	0 	0.0 	58 	0.3 	3.0 	20 	0.1 	0.0 	0.2 	0.0 	0.0 	13.0 	RB18		Tampa Bay Buccaneers	Pittsburgh Steelers	0 	0.0 	75 	0.5 	3.0 	20 	0.1 	0.0 	0.2 	0.0 	0.0 	15.6 	RB10		Tampa Bay Buccaneers	Carolina Panthers	0 	0.0 	75 	0.5 	3.0 	20 	0.1 	0.0 	0.2 	0.0 	0.0 	15.7 	RB10		Tampa Bay Buccaneers	Atlanta Falcons	0 	0.0 	81 	0.5 	3.0 	20 	0.1 	0.0 	0.2 	0.0 	0.0 	16.7 	RB8		Tampa Bay Buccaneers	Chicago Bears	0 	0.0 	68 	0.4 	3.1 	21 	0.1 	0.0 	0.2 	0.0 	0.0 	14.8 	RB14		Tampa Bay Buccaneers	BYE	0 	0.0 	0 	0.0 	0.0 	0 	0.0 	0.0 	0.0 	0.0 	0.0 	0.0 	-		Tampa Bay Buccaneers	Detroit Lions	0 	0.0 	68 	0.4 	3.1 	21 	0.1 	0.0 	0.2 	0.0 	0.0 	14.8 	RB13		Tampa Bay Buccaneers	Carolina Panthers	0 	0.0 	76 	0.5 	3.0 	20 	0.1 	0.0 	0.2 	0.0 	0.0 	15.9 	RB9		Tampa Bay Buccaneers	Los Angeles Chargers	0 	0.0 	70 	0.4 	3.0 	20 	0.1 	0.0 	0.2 	0.0 	0.0 	14.9 	RB8		Tampa Bay Buccaneers	Baltimore Ravens	0 	0.0 	63 	0.4 	3.1 	21 	0.1 	0.0 	0.2 	0.0 	0.0 	14.1 	RB14		Tampa Bay Buccaneers	New Orleans Saints	0 	0.0 	76 	0.5 	3.1 	20 	0.1 	0.0 	0.2 	0.0 	0.0 	16.1 	RB10		Tampa Bay Buccaneers	Atlanta Falcons	0 	0.0 	75 	0.5 	3.0 	20 	0.1 	0.0 	0.2 	0.0 	0.0 	15.7 	RB11		Tampa Bay Buccaneers	Los Angeles Rams	0 	0.0 	67 	0.4 	3.1 	21 	0.1 	0.0 	0.2 	0.0 	0.0 	14.6 	RB13		Actual	Actual	Actual	Forecast	Forecast	Forecast	Forecast	Forecast	Forecast	Forecast	Forecast	Forecast	Forecast	Forecast	Forecast	Forecast	Forecast		Healthy	Healthy	Healthy	Healthy	Healthy	Healthy	Healthy	Healthy	Healthy	Healthy	Healthy	Healthy	Healthy	Healthy	Healthy	Healthy	Healthy		Week 4 2026	10/3/2026	9:38:40 AM	9		9%	8%	61%	53%	0%	0%		0.1 	0	0	0	0	0	0.129404 
	Parker Washington	Jacksonville Jaguars	WR	WR11	15.0 	239 	0 	0.0 	0.0 	0.0 	0 	0.0 	0.0 	0.0 	78.5 	4.9 	1,148 	71.7 	7.7 	0.5 	0.0 	0.2 	0.0 	0.586 	1.000 	0.890 	1 	0.384 	0.000 	25 	63 	38 	11 	28 	17 	0.642 			Jacoby Brissett	0.198 	QB24	Jacory Croskey-Merritt	0.354 	RB32	Josh Downs	0.465 	WR29	Pat Freiermuth	0.158 	TE29		19.3 	16.8 	13.0 	15.1 	14.5 	14.0 	0.0 	15.1 	14.8 	14.6 	14.6 	14.7 	14.4 	14.5 	13.7 	15.0 	15.2 		WR11	WR13	WR27	WR9	WR10	WR11	-	WR9	WR13	WR12	WR9	WR12	WR12	WR12	WR18	WR11	WR10		WR11	14.6 	0.0 	0.0 	0.0 	0.0 	4.9 	71.3 	0.4 	11 	0.614 	1.000 	0.890 	1 	0.428 	0.000 	25 	0.664 		190 	Jacoby Brissett	0.215 	QB27	Jacory Croskey-Merritt	0.364 	RB31	Josh Downs	0.492 	WR30	Pat Freiermuth	0.144 	TE32		WR10	16.4 	0.0 	0.0 	0.0 	0.0 	21.2 	308.9 	1.9 	10 	0.472 	1.000 	0.900 	1 	0.307 	0.000 	#N/A	0.599 		49.1 	Jacoby Brissett	49 	QB17	Jacory Croskey-Merritt	24 	RB30	Josh Downs	33 	WR32	Pat Freiermuth	28 	TE15					Jacksonville Jaguars	Cleveland Browns	0 	0.0 	0 	0.0 	5.0 	83 	1.0 	0.0 	0.0 	0.0 	0.0 	19.3 	WR11		Jacksonville Jaguars	Denver Broncos	0 	0.0 	0 	0.0 	7.0 	98 	0.0 	0.0 	0.0 	0.0 	0.0 	16.8 	WR13		Jacksonville Jaguars	New England Patriots	0 	0.0 	0 	0.0 	3.0 	40 	1.0 	0.0 	0.0 	0.0 	0.0 	13.0 	WR27		Jacksonville Jaguars	Cincinnati Bengals	0 	0.0 	0 	0.0 	5.0 	73 	0.5 	0.0 	0.0 	0.0 	0.0 	15.1 	WR9		Jacksonville Jaguars	Philadelphia Eagles	0 	0.0 	0 	0.0 	4.8 	71 	0.4 	0.0 	0.0 	0.0 	0.0 	14.5 	WR10		Jacksonville Jaguars	Houston Texans	0 	0.0 	0 	0.0 	4.7 	69 	0.4 	0.0 	0.0 	0.0 	0.0 	14.0 	WR11		Jacksonville Jaguars	BYE	0 	0.0 	0 	0.0 	0.0 	0 	0.0 	0.0 	0.0 	0.0 	0.0 	0.0 	-		Jacksonville Jaguars	Indianapolis Colts	0 	0.0 	0 	0.0 	5.0 	73 	0.5 	0.0 	0.0 	0.0 	0.0 	15.1 	WR9		Jacksonville Jaguars	Baltimore Ravens	0 	0.0 	0 	0.0 	5.0 	72 	0.4 	0.0 	0.0 	0.0 	0.0 	14.8 	WR13		Jacksonville Jaguars	Tennessee Titans	0 	0.0 	0 	0.0 	4.9 	71 	0.4 	0.0 	0.0 	0.0 	0.0 	14.6 	WR12		Jacksonville Jaguars	New York Giants	0 	0.0 	0 	0.0 	4.9 	71 	0.4 	0.0 	0.0 	0.0 	0.0 	14.6 	WR9		Jacksonville Jaguars	Tennessee Titans	0 	0.0 	0 	0.0 	4.9 	71 	0.5 	0.0 	0.0 	0.0 	0.0 	14.7 	WR12		Jacksonville Jaguars	Chicago Bears	0 	0.0 	0 	0.0 	4.8 	71 	0.4 	0.0 	0.0 	0.0 	0.0 	14.4 	WR12		Jacksonville Jaguars	Pittsburgh Steelers	0 	0.0 	0 	0.0 	4.8 	71 	0.4 	0.0 	0.0 	0.0 	0.0 	14.5 	WR12		Jacksonville Jaguars	Houston Texans	0 	0.0 	0 	0.0 	4.7 	68 	0.4 	0.0 	0.0 	0.0 	0.0 	13.7 	WR18		Jacksonville Jaguars	Dallas Cowboys	0 	0.0 	0 	0.0 	5.0 	73 	0.5 	0.0 	0.0 	0.0 	0.0 	15.0 	WR11		Jacksonville Jaguars	Washington Commanders	0 	0.0 	0 	0.0 	5.0 	73 	0.5 	0.0 	0.0 	0.0 	0.0 	15.2 	WR10		Actual	Actual	Actual	Forecast	Forecast	Forecast	Forecast	Forecast	Forecast	Forecast	Forecast	Forecast	Forecast	Forecast	Forecast	Forecast	Forecast		Healthy	Healthy	Healthy	Healthy	Healthy	Healthy	Healthy	Healthy	Healthy	Healthy	Healthy	Healthy	Healthy	Healthy	Healthy	Healthy	Healthy		Week 4 2026	10/3/2026	9:38:40 AM	9		31%	27%	0%	0%	0%	0%		0.1 	0	0	0	0	0	0.065204 
	Tee Higgins	Cincinnati Bengals	WR	WR14	14.4 	231 	0 	0.0 	0.0 	0.0 	0 	0.0 	0.0 	0.0 	71.9 	4.5 	1,136 	71.0 	7.7 	0.5 	0.0 	0.2 	0.0 	0.566 	1.000 	0.870 	1 	0.352 	0.000 	29 	41 	12 	13 	18 	5 	0.617 			Geno Smith	0.158 	QB28	J.K. Dobbins	0.340 	RB33	Jalen Coker	0.548 	WR19	Evan Engram	0.163 	TE28		8.9 	14.5 	21.0 	14.7 	14.0 	0.0 	14.4 	14.4 	14.6 	14.3 	14.7 	14.3 	13.8 	14.1 	14.1 	14.7 	14.7 		WR40	WR17	WR7	WR11	WR16	-	WR14	WR13	WR15	WR13	WR8	WR15	WR15	WR13	WR15	WR13	WR12		WR13	14.4 	0.0 	0.0 	0.0 	0.0 	4.5 	68.6 	0.5 	13 	0.603 	1.000 	0.870 	1 	0.409 	0.000 	28 	0.646 		187 	Geno Smith	0.158 	QB29	J.K. Dobbins	0.403 	RB28	Jalen Coker	0.497 	WR29	Evan Engram	0.167 	TE28		WR16	14.8 	0.0 	0.0 	0.0 	0.0 	19.3 	297.4 	2.2 	16 	0.427 	1.000 	0.840 	1 	0.248 	0.000 	#N/A	0.541 		44.4 	Geno Smith	51 	QB16	J.K. Dobbins	14 	RB51	Jalen Coker	52 	WR9	Evan Engram	17 	TE27					Cincinnati Bengals	Tampa Bay Buccaneers	0 	0.0 	0 	0.0 	3.0 	59 	0.0 	0.0 	0.0 	0.0 	0.0 	8.9 	WR40		Cincinnati Bengals	Houston Texans	0 	0.0 	0 	0.0 	5.0 	95 	0.0 	0.0 	0.0 	0.0 	0.0 	14.5 	WR17		Cincinnati Bengals	Pittsburgh Steelers	0 	0.0 	0 	0.0 	6.0 	90 	1.0 	0.0 	0.0 	0.0 	0.0 	21.0 	WR7		Cincinnati Bengals	Jacksonville Jaguars	0 	0.0 	0 	0.0 	4.6 	70 	0.5 	0.0 	0.0 	0.0 	0.0 	14.7 	WR11		Cincinnati Bengals	Miami Dolphins	0 	0.0 	0 	0.0 	4.3 	66 	0.5 	0.0 	0.0 	0.0 	0.0 	14.0 	WR16		Cincinnati Bengals	BYE	0 	0.0 	0 	0.0 	0.0 	0 	0.0 	0.0 	0.0 	0.0 	0.0 	0.0 	-		Cincinnati Bengals	Baltimore Ravens	0 	0.0 	0 	0.0 	4.5 	70 	0.5 	0.0 	0.0 	0.0 	0.0 	14.4 	WR14		Cincinnati Bengals	Tennessee Titans	0 	0.0 	0 	0.0 	4.4 	68 	0.5 	0.0 	0.0 	0.0 	0.0 	14.4 	WR13		Cincinnati Bengals	Atlanta Falcons	0 	0.0 	0 	0.0 	4.5 	69 	0.5 	0.0 	0.0 	0.0 	0.0 	14.6 	WR15		Cincinnati Bengals	Pittsburgh Steelers	0 	0.0 	0 	0.0 	4.4 	68 	0.5 	0.0 	0.0 	0.0 	0.0 	14.3 	WR13		Cincinnati Bengals	Washington Commanders	0 	0.0 	0 	0.0 	4.6 	70 	0.5 	0.0 	0.0 	0.0 	0.0 	14.7 	WR8		Cincinnati Bengals	New Orleans Saints	0 	0.0 	0 	0.0 	4.4 	68 	0.5 	0.0 	0.0 	0.0 	0.0 	14.3 	WR15		Cincinnati Bengals	Cleveland Browns	0 	0.0 	0 	0.0 	4.3 	67 	0.5 	0.0 	0.0 	0.0 	0.0 	13.8 	WR15		Cincinnati Bengals	Kansas City Chiefs	0 	0.0 	0 	0.0 	4.4 	68 	0.5 	0.0 	0.0 	0.0 	0.0 	14.1 	WR13		Cincinnati Bengals	Carolina Panthers	0 	0.0 	0 	0.0 	4.4 	68 	0.5 	0.0 	0.0 	0.0 	0.0 	14.1 	WR15		Cincinnati Bengals	Indianapolis Colts	0 	0.0 	0 	0.0 	4.6 	70 	0.5 	0.0 	0.0 	0.0 	0.0 	14.7 	WR13		Cincinnati Bengals	Baltimore Ravens	0 	0.0 	0 	0.0 	4.6 	70 	0.5 	0.0 	0.0 	0.0 	0.0 	14.7 	WR12		Actual	Actual	Actual	Forecast	Forecast	Forecast	Forecast	Forecast	Forecast	Forecast	Forecast	Forecast	Forecast	Forecast	Forecast	Forecast	Forecast		Healthy	Healthy	Healthy	Healthy	Healthy	Healthy	Healthy	Healthy	Healthy	Healthy	Healthy	Healthy	Healthy	Healthy	Healthy	Healthy	Healthy		Week 4 2026	10/3/2026	9:38:40 AM	9		26%	24%	0%	0%	0%	0%		0.1 	0	0	0	0	0	0.104574 
	Christian Watson	Green Bay Packers	WR	WR9	15.9 	254 	0 	0.0 	0.0 	0.0 	0 	0.0 	0.0 	0.0 	71.4 	4.5 	1,215 	75.9 	10.2 	0.6 	0.0 	0.2 	0.0 	0.622 	1.000 	0.910 	1 	0.441 	0.000 	20 	64 	44 	9 	29 	20 	0.679 			Kirk Cousins	0.120 	QB30	Rico Dowdle	0.308 	RB36	Stefon Diggs	0.517 	WR23	Michael Mayer	0.178 	TE25		32.7 	14.1 	22.6 	13.4 	14.1 	15.1 	14.4 	14.2 	14.0 	14.1 	0.0 	14.1 	14.1 	14.6 	14.4 	14.1 	13.7 		WR2	WR19	WR6	WR14	WR14	WR6	WR13	WR14	WR16	WR15	-	WR16	WR13	WR11	WR14	WR14	WR17		WR15	14.2 	0.0 	0.0 	0.0 	0.0 	4.2 	71.6 	0.5 	14 	0.595 	1.000 	0.860 	1 	0.396 	0.000 	31 	0.635 		184 	Kirk Cousins	0.095 	QB30	Rico Dowdle	0.348 	RB34	Stefon Diggs	0.504 	WR28	Michael Mayer	0.162 	TE29		WR5	23.1 	0.0 	0.0 	0.0 	0.0 	18.1 	310.3 	2.1 	5 	0.667 	1.000 	0.950 	2 	0.563 	0.000 	#N/A	0.753 		69.4 	Kirk Cousins	56 	QB9	Rico Dowdle	11 	RB60	Stefon Diggs	45 	WR15	Michael Mayer	27 	TE17					Green Bay Packers	Minnesota Vikings	0 	0.0 	0 	0.0 	6.0 	147 	2.0 	0.0 	0.0 	0.0 	0.0 	32.7 	WR2		Green Bay Packers	New York Jets	0 	0.0 	0 	0.0 	4.0 	41 	1.0 	0.0 	0.0 	0.0 	0.0 	14.1 	WR19		Green Bay Packers	Atlanta Falcons	0 	0.0 	0 	0.0 	7.0 	96 	1.0 	0.0 	0.0 	0.0 	0.0 	22.6 	WR6		Green Bay Packers	Tampa Bay Buccaneers	0 	0.0 	0 	0.0 	4.0 	69 	0.4 	0.0 	0.0 	0.0 	0.0 	13.4 	WR14		Green Bay Packers	Chicago Bears	0 	0.0 	0 	0.0 	4.2 	71 	0.5 	0.0 	0.0 	0.0 	0.0 	14.1 	WR14		Green Bay Packers	Dallas Cowboys	0 	0.0 	0 	0.0 	4.4 	75 	0.5 	0.0 	0.0 	0.0 	0.0 	15.1 	WR6		Green Bay Packers	Detroit Lions	0 	0.0 	0 	0.0 	4.3 	73 	0.5 	0.0 	0.0 	0.0 	0.0 	14.4 	WR13		Green Bay Packers	Carolina Panthers	0 	0.0 	0 	0.0 	4.1 	71 	0.5 	0.0 	0.0 	0.0 	0.0 	14.2 	WR14		Green Bay Packers	New England Patriots	0 	0.0 	0 	0.0 	4.2 	71 	0.5 	0.0 	0.0 	0.0 	0.0 	14.0 	WR16		Green Bay Packers	Minnesota Vikings	0 	0.0 	0 	0.0 	4.2 	71 	0.5 	0.0 	0.0 	0.0 	0.0 	14.1 	WR15		Green Bay Packers	BYE	0 	0.0 	0 	0.0 	0.0 	0 	0.0 	0.0 	0.0 	0.0 	0.0 	0.0 	-		Green Bay Packers	Los Angeles Rams	0 	0.0 	0 	0.0 	4.2 	72 	0.5 	0.0 	0.0 	0.0 	0.0 	14.1 	WR16		Green Bay Packers	New Orleans Saints	0 	0.0 	0 	0.0 	4.2 	71 	0.5 	0.0 	0.0 	0.0 	0.0 	14.1 	WR13		Green Bay Packers	Buffalo Bills	0 	0.0 	0 	0.0 	4.3 	73 	0.5 	0.0 	0.0 	0.0 	0.0 	14.6 	WR11		Green Bay Packers	Miami Dolphins	0 	0.0 	0 	0.0 	4.2 	71 	0.5 	0.0 	0.0 	0.0 	0.0 	14.4 	WR14		Green Bay Packers	Chicago Bears	0 	0.0 	0 	0.0 	4.2 	72 	0.5 	0.0 	0.0 	0.0 	0.0 	14.1 	WR14		Green Bay Packers	Houston Texans	0 	0.0 	0 	0.0 	4.1 	70 	0.4 	0.0 	0.0 	0.0 	0.0 	13.7 	WR17		Actual	Actual	Actual	Forecast	Forecast	Forecast	Forecast	Forecast	Forecast	Forecast	Forecast	Forecast	Forecast	Forecast	Forecast	Forecast	Forecast		Healthy	Healthy	Healthy	Healthy	Healthy	Healthy	Healthy	Healthy	Healthy	Healthy	Healthy	Healthy	Healthy	Healthy	Healthy	Healthy	Healthy		Week 4 2026	10/3/2026	9:38:40 AM	9		29%	29%	0%	0%	0%	0%		(0.1)	0	0	0	0	0	(0.117951)
	D'Andre Swift	Chicago Bears	RB	RB12	15.3 	244 	0 	0.0 	0.0 	0.0 	1,104 	69.0 	10.5 	0.7 	35.1 	2.2 	307 	19.2 	1.8 	0.1 	0.0 	2.9 	0.0 	0.598 	1.000 	0.864 	1 	0.389 	0.000 	26 	44 	18 	12 	19 	7 	0.634 			Michael Penix Jr.	0.053 	QB32	Aaron Jones Sr.	0.400 	RB26	Terry McLaurin	0.427 	WR34	Greg Dulcich	0.150 	TE31		32.4 	12.9 	10.8 	14.1 	13.2 	14.7 	14.5 	13.0 	15.0 	0.0 	15.7 	14.4 	14.8 	15.3 	13.9 	14.5 	14.9 		RB5	RB16	RB22	RB15	RB16	RB13	RB14	RB19	RB13	-	RB11	RB16	RB9	RB10	RB20	RB14	RB12		RB14	14.5 	0.0 	0.0 	65.5 	0.6 	2.1 	18.4 	0.1 	14 	0.607 	1.000 	0.840 	1 	0.386 	0.000 	32 	0.623 		188 	Michael Penix Jr.	0.081 	QB31	Aaron Jones Sr.	0.388 	RB29	Terry McLaurin	0.458 	WR33	Greg Dulcich	0.156 	TE30		RB7	18.7 	0.0 	0.0 	283.7 	2.5 	9.0 	79.5 	0.6 	7 	0.539 	1.000 	0.923 	1 	0.429 	0.000 	#N/A	0.668 		56.1 	Michael Penix Jr.	14 	QB35	Aaron Jones Sr.	35 	RB21	Terry McLaurin	30 	WR34	Greg Dulcich	18 	TE26					Chicago Bears	Carolina Panthers	0 	0.0 	124 	3.0 	1.0 	10 	0.0 	0.0 	0.0 	0.0 	0.0 	32.4 	RB5		Chicago Bears	Minnesota Vikings	0 	0.0 	45 	0.0 	5.0 	54 	0.0 	0.0 	1.0 	0.0 	0.0 	12.9 	RB16		Chicago Bears	Philadelphia Eagles	0 	0.0 	84 	0.0 	2.0 	4 	0.0 	0.0 	0.0 	0.0 	0.0 	10.8 	RB22		Chicago Bears	New York Jets	0 	0.0 	65 	0.6 	2.0 	18 	0.1 	0.0 	0.2 	0.0 	0.0 	14.1 	RB15		Chicago Bears	Green Bay Packers	0 	0.0 	61 	0.5 	2.0 	18 	0.1 	0.0 	0.2 	0.0 	0.0 	13.2 	RB16		Chicago Bears	Atlanta Falcons	0 	0.0 	67 	0.6 	2.1 	18 	0.1 	0.0 	0.2 	0.0 	0.0 	14.7 	RB13		Chicago Bears	New England Patriots	0 	0.0 	66 	0.6 	2.1 	18 	0.1 	0.0 	0.1 	0.0 	0.0 	14.5 	RB14		Chicago Bears	Seattle Seahawks	0 	0.0 	58 	0.5 	2.1 	18 	0.1 	0.0 	0.1 	0.0 	0.0 	13.0 	RB19		Chicago Bears	Tampa Bay Buccaneers	0 	0.0 	68 	0.6 	2.1 	19 	0.1 	0.0 	0.1 	0.0 	0.0 	15.0 	RB13		Chicago Bears	BYE	0 	0.0 	0 	0.0 	0.0 	0 	0.0 	0.0 	0.0 	0.0 	0.0 	0.0 	-		Chicago Bears	New Orleans Saints	0 	0.0 	73 	0.7 	2.0 	18 	0.1 	0.0 	0.1 	0.0 	0.0 	15.7 	RB11		Chicago Bears	Detroit Lions	0 	0.0 	64 	0.6 	2.1 	19 	0.1 	0.0 	0.1 	0.0 	0.0 	14.4 	RB16		Chicago Bears	Jacksonville Jaguars	0 	0.0 	67 	0.6 	2.1 	18 	0.1 	0.0 	0.1 	0.0 	0.0 	14.8 	RB9		Chicago Bears	Miami Dolphins	0 	0.0 	70 	0.6 	2.1 	18 	0.1 	0.0 	0.1 	0.0 	0.0 	15.3 	RB10		Chicago Bears	Buffalo Bills	0 	0.0 	61 	0.5 	2.2 	19 	0.1 	0.0 	0.1 	0.0 	0.0 	13.9 	RB20		Chicago Bears	Green Bay Packers	0 	0.0 	66 	0.6 	2.1 	18 	0.1 	0.0 	0.1 	0.0 	0.0 	14.5 	RB14		Chicago Bears	Detroit Lions	0 	0.0 	67 	0.6 	2.1 	19 	0.1 	0.0 	0.1 	0.0 	0.0 	14.9 	RB12		Actual	Actual	Actual	Forecast	Forecast	Forecast	Forecast	Forecast	Forecast	Forecast	Forecast	Forecast	Forecast	Forecast	Forecast	Forecast	Forecast		Healthy	Healthy	Healthy	Healthy	Healthy	Healthy	Healthy	Healthy	Healthy	Healthy	Healthy	Healthy	Healthy	Healthy	Healthy	Healthy	Healthy		Week 4 2026	10/3/2026	9:38:40 AM	9		9%	9%	44%	54%	0%	0%		(0.0)	0	0	0	0	0	(0.044382)
	Omarion Hampton	Los Angeles Chargers	RB	RB18	13.3 	213 	0 	0.0 	0.0 	0.0 	1,204 	75.2 	9.5 	0.6 	21.0 	1.3 	159 	10.0 	1.2 	0.1 	0.0 	4.4 	0.0 	0.521 	1.000 	0.792 	1 	0.272 	0.000 	40 	15 	(25)	18 	9 	(9)	0.543 			Jameis Winston	0.045 	QB33	Travis Etienne Jr.	0.374 	RB30	Deebo Samuel	0.470 	WR28	AJ Barner	0.154 	TE30		8.3 	17.5 	5.6 	11.2 	12.8 	13.3 	0.0 	13.1 	14.0 	12.9 	16.0 	14.1 	14.5 	14.9 	14.7 	15.9 	14.1 		RB33	RB7	RB38	RB24	RB19	RB17	-	RB18	RB15	RB16	RB9	RB17	RB11	RB12	RB15	RB10	RB17		RB18	13.9 	0.0 	0.0 	77.7 	0.6 	1.5 	10.6 	0.1 	17 	0.585 	1.000 	0.804 	1 	0.352 	0.000 	38 	0.590 		181 	Jameis Winston	0.045 	QB32	Travis Etienne Jr.	0.361 	RB33	Deebo Samuel	0.465 	WR32	AJ Barner	0.150 	TE31		RB22	10.5 	0.0 	0.0 	336.9 	2.5 	6.3 	46.1 	0.4 	22 	0.302 	1.000 	0.743 	0 	0.095 	0.000 	#N/A	0.418 		31.4 	Jameis Winston	9 	QB37	Travis Etienne Jr.	31 	RB24	Deebo Samuel	40 	WR21	AJ Barner	23 	TE20					Los Angeles Chargers	Arizona Cardinals	0 	0.0 	43 	1.0 	0.0 	0 	0.0 	0.0 	1.0 	0.0 	0.0 	8.3 	RB33		Los Angeles Chargers	Las Vegas Raiders	0 	0.0 	94 	1.0 	2.0 	21 	0.0 	0.0 	1.0 	0.0 	0.0 	17.5 	RB7		Los Angeles Chargers	Buffalo Bills	0 	0.0 	56 	0.0 	0.0 	0 	0.0 	0.0 	0.0 	0.0 	0.0 	5.6 	RB38		Los Angeles Chargers	Seattle Seahawks	0 	0.0 	63 	0.4 	1.4 	10 	0.1 	0.0 	0.2 	0.0 	0.0 	11.2 	RB24		Los Angeles Chargers	Denver Broncos	0 	0.0 	72 	0.5 	1.4 	10 	0.1 	0.0 	0.2 	0.0 	0.0 	12.8 	RB19		Los Angeles Chargers	Kansas City Chiefs	0 	0.0 	74 	0.5 	1.5 	11 	0.1 	0.0 	0.2 	0.0 	0.0 	13.3 	RB17		Los Angeles Chargers	BYE	0 	0.0 	0 	0.0 	0.0 	0 	0.0 	0.0 	0.0 	0.0 	0.0 	0.0 	-		Los Angeles Chargers	Los Angeles Rams	0 	0.0 	71 	0.5 	1.5 	11 	0.1 	0.0 	0.2 	0.0 	0.0 	13.1 	RB18		Los Angeles Chargers	Houston Texans	0 	0.0 	78 	0.6 	1.4 	11 	0.1 	0.0 	0.2 	0.0 	0.0 	14.0 	RB15		Los Angeles Chargers	Baltimore Ravens	0 	0.0 	71 	0.5 	1.5 	11 	0.1 	0.0 	0.2 	0.0 	0.0 	12.9 	RB16		Los Angeles Chargers	New York Jets	0 	0.0 	91 	0.7 	1.4 	10 	0.1 	0.0 	0.2 	0.0 	0.0 	16.0 	RB9		Los Angeles Chargers	New England Patriots	0 	0.0 	79 	0.6 	1.5 	11 	0.1 	0.0 	0.2 	0.0 	0.0 	14.1 	RB17		Los Angeles Chargers	Tampa Bay Buccaneers	0 	0.0 	80 	0.6 	1.5 	11 	0.1 	0.0 	0.2 	0.0 	0.0 	14.5 	RB11		Los Angeles Chargers	Las Vegas Raiders	0 	0.0 	83 	0.6 	1.4 	11 	0.1 	0.0 	0.2 	0.0 	0.0 	14.9 	RB12		Los Angeles Chargers	San Francisco 49ers	0 	0.0 	81 	0.6 	1.5 	11 	0.1 	0.0 	0.2 	0.0 	0.0 	14.7 	RB15		Los Angeles Chargers	Miami Dolphins	0 	0.0 	89 	0.7 	1.5 	11 	0.1 	0.0 	0.2 	0.0 	0.0 	15.9 	RB10		Los Angeles Chargers	Kansas City Chiefs	0 	0.0 	79 	0.6 	1.5 	11 	0.1 	0.0 	0.2 	0.0 	0.0 	14.1 	RB17		Actual	Actual	Actual	Forecast	Forecast	Forecast	Forecast	Forecast	Forecast	Forecast	Forecast	Forecast	Forecast	Forecast	Forecast	Forecast	Forecast		Healthy	Healthy	Healthy	Healthy	Healthy	Healthy	Healthy	Healthy	Healthy	Healthy	Healthy	Healthy	Healthy	Healthy	Healthy	Healthy	Healthy		Week 4 2026	10/3/2026	9:38:40 AM	9		5%	6%	59%	65%	0%	0%		0.2 	0	0	0	0	0	0.172789 
	Cam Skattebo	New York Giants	RB	RB16	13.8 	220 	0 	0.0 	0.0 	0.0 	1,127 	70.4 	7.7 	0.5 	31.6 	2.0 	271 	16.9 	1.2 	0.1 	0.0 	2.3 	0.0 	0.540 	1.000 	0.828 	1 	0.300 	0.000 	36 	36 	0 	15 	18 	3 	0.574 			J.J. McCarthy	0.021 	QB37	Rachaad White	0.378 	RB29	Carnell Tate	0.422 	WR35	Terrance Ferguson	0.139 	TE33		14.1 	9.5 	13.0 	14.0 	13.8 	15.2 	12.7 	0.0 	12.9 	15.5 	14.5 	14.5 	14.4 	12.5 	15.1 	14.2 	14.2 		RB18	RB26	RB17	RB16	RB14	RB11	RB18	-	RB17	RB11	RB14	RB15	RB12	RB20	RB13	RB15	RB16		RB17	14.1 	0.0 	0.0 	73.0 	0.5 	1.9 	16.3 	0.1 	16 	0.593 	1.000 	0.816 	1 	0.364 	0.000 	36 	0.602 		184 	J.J. McCarthy	0.037 	QB33	Rachaad White	0.362 	RB32	Carnell Tate	0.479 	WR31	Terrance Ferguson	0.139 	TE33		RB20	12.2 	0.0 	0.0 	316.5 	2.2 	8.2 	70.6 	0.4 	20 	0.352 	1.000 	0.768 	1 	0.165 	0.000 	#N/A	0.464 		36.6 	J.J. McCarthy	0 	QB40	Rachaad White	30 	RB25	Carnell Tate	25 	WR43	Terrance Ferguson	19 	TE25					New York Giants	Dallas Cowboys	0 	0.0 	81 	1.0 	0.0 	0 	0.0 	0.0 	0.0 	0.0 	0.0 	14.1 	RB18		New York Giants	Los Angeles Rams	0 	0.0 	36 	0.0 	4.0 	19 	0.0 	0.0 	0.0 	0.0 	0.0 	9.5 	RB26		New York Giants	Tennessee Titans	0 	0.0 	60 	0.0 	3.0 	40 	0.0 	0.0 	0.0 	0.0 	0.0 	13.0 	RB17		New York Giants	Arizona Cardinals	0 	0.0 	73 	0.5 	1.9 	16 	0.1 	0.0 	0.2 	0.0 	0.0 	14.0 	RB16		New York Giants	Washington Commanders	0 	0.0 	73 	0.5 	1.8 	16 	0.1 	0.0 	0.2 	0.0 	0.0 	13.8 	RB14		New York Giants	New Orleans Saints	0 	0.0 	79 	0.6 	1.9 	16 	0.1 	0.0 	0.2 	0.0 	0.0 	15.2 	RB11		New York Giants	Houston Texans	0 	0.0 	65 	0.4 	1.9 	16 	0.1 	0.0 	0.2 	0.0 	0.0 	12.7 	RB18		New York Giants	BYE	0 	0.0 	0 	0.0 	0.0 	0 	0.0 	0.0 	0.0 	0.0 	0.0 	0.0 	-		New York Giants	Philadelphia Eagles	0 	0.0 	66 	0.4 	1.9 	16 	0.1 	0.0 	0.2 	0.0 	0.0 	12.9 	RB17		New York Giants	Washington Commanders	0 	0.0 	80 	0.6 	1.9 	16 	0.1 	0.0 	0.2 	0.0 	0.0 	15.5 	RB11		New York Giants	Jacksonville Jaguars	0 	0.0 	75 	0.5 	1.9 	16 	0.1 	0.0 	0.2 	0.0 	0.0 	14.5 	RB14		New York Giants	Indianapolis Colts	0 	0.0 	75 	0.5 	1.9 	16 	0.1 	0.0 	0.2 	0.0 	0.0 	14.5 	RB15		New York Giants	San Francisco 49ers	0 	0.0 	75 	0.5 	1.9 	16 	0.1 	0.0 	0.2 	0.0 	0.0 	14.4 	RB12		New York Giants	Seattle Seahawks	0 	0.0 	63 	0.4 	1.9 	17 	0.1 	0.0 	0.2 	0.0 	0.0 	12.5 	RB20		New York Giants	Cleveland Browns	0 	0.0 	81 	0.6 	1.8 	16 	0.1 	0.0 	0.2 	0.0 	0.0 	15.1 	RB13		New York Giants	Detroit Lions	0 	0.0 	72 	0.5 	2.0 	17 	0.1 	0.0 	0.2 	0.0 	0.0 	14.2 	RB15		New York Giants	Dallas Cowboys	0 	0.0 	72 	0.5 	2.0 	17 	0.1 	0.0 	0.2 	0.0 	0.0 	14.2 	RB16		Actual	Actual	Actual	Forecast	Forecast	Forecast	Forecast	Forecast	Forecast	Forecast	Forecast	Forecast	Forecast	Forecast	Forecast	Forecast	Forecast		Healthy	Healthy	Healthy	Healthy	Healthy	Healthy	Healthy	Healthy	Healthy	Healthy	Healthy	Healthy	Healthy	Healthy	Healthy	Healthy	Healthy		Week 4 2026	10/3/2026	9:38:40 AM	9		8%	7%	55%	54%	0%	0%		0.1 	0	0	0	0	0	0.137419 
	DeVonta Smith	Philadelphia Eagles	WR	WR13	15.0 	224 	0 	0.0 	0.0 	0.0 	0 	0.0 	0.0 	0.0 	81.1 	5.4 	1,049 	69.9 	6.5 	0.4 	0.0 	0.2 	0.0 	0.550 	1.000 	0.860 	1 	0.385 	0.000 	28 	32 	4 	14 	14 	0 	0.623 			Marcus Mariota	0.029 	QB36	Jadarian Price	0.288 	RB39	DJ Moore	0.442 	WR31	Tommy Tremble	0.124 	TE34		8.3 	27.7 	12.5 	0.0 	14.2 	14.5 	15.5 	14.9 	14.8 	0.0 	14.5 	15.3 	14.4 	15.2 	14.4 	13.7 	14.6 		WR44	WR5	WR30	-	WR13	WR10	WR9	WR11	WR12	-	WR10	WR10	WR11	WR9	WR13	WR15	WR14		WR14	14.7 	0.0 	0.0 	0.0 	0.0 	5.2 	67.8 	0.5 	16 	0.568 	1.000 	0.840 	1 	0.431 	0.000 	30 	0.636 		176 	Marcus Mariota	0.005 	QB37	Jadarian Price	0.315 	RB36	DJ Moore	0.453 	WR34	Tommy Tremble	0.124 	TE34		WR11	16.2 	0.0 	0.0 	0.0 	0.0 	20.7 	271.2 	1.8 	11 	0.466 	1.000 	0.890 	1 	0.299 	0.000 	#N/A	0.590 		48.5 	Marcus Mariota	29 	QB28	Jadarian Price	14 	RB48	DJ Moore	34 	WR29	Tommy Tremble	14 	TE30					Philadelphia Eagles	Washington Commanders	0 	0.0 	0 	0.0 	3.0 	53 	0.0 	0.0 	0.0 	0.0 	0.0 	8.3 	WR44		Philadelphia Eagles	Tennessee Titans	0 	0.0 	0 	0.0 	10.0 	117 	1.0 	0.0 	0.0 	0.0 	0.0 	27.7 	WR5		Philadelphia Eagles	Chicago Bears	0 	0.0 	0 	0.0 	6.0 	65 	0.0 	0.0 	0.0 	0.0 	0.0 	12.5 	WR30		Philadelphia Eagles	Los Angeles Rams	0 	0.0 	0 	0.0 	0.0 	0 	0.0 	0.0 	0.0 	0.0 	0.0 	0.0 	-		Philadelphia Eagles	Jacksonville Jaguars	0 	0.0 	0 	0.0 	5.1 	67 	0.4 	0.0 	0.0 	0.0 	0.0 	14.2 	WR13		Philadelphia Eagles	Carolina Panthers	0 	0.0 	0 	0.0 	5.1 	67 	0.5 	0.0 	0.0 	0.0 	0.0 	14.5 	WR10		Philadelphia Eagles	Dallas Cowboys	0 	0.0 	0 	0.0 	5.4 	71 	0.5 	0.0 	0.0 	0.0 	0.0 	15.5 	WR9		Philadelphia Eagles	Washington Commanders	0 	0.0 	0 	0.0 	5.3 	69 	0.5 	0.0 	0.0 	0.0 	0.0 	14.9 	WR11		Philadelphia Eagles	New York Giants	0 	0.0 	0 	0.0 	5.2 	68 	0.5 	0.0 	0.0 	0.0 	0.0 	14.8 	WR12		Philadelphia Eagles	BYE	0 	0.0 	0 	0.0 	0.0 	0 	0.0 	0.0 	0.0 	0.0 	0.0 	0.0 	-		Philadelphia Eagles	Pittsburgh Steelers	0 	0.0 	0 	0.0 	5.1 	67 	0.5 	0.0 	0.0 	0.0 	0.0 	14.5 	WR10		Philadelphia Eagles	Dallas Cowboys	0 	0.0 	0 	0.0 	5.4 	70 	0.5 	0.0 	0.0 	0.0 	0.0 	15.3 	WR10		Philadelphia Eagles	Arizona Cardinals	0 	0.0 	0 	0.0 	5.0 	66 	0.5 	0.0 	0.0 	0.0 	0.0 	14.4 	WR11		Philadelphia Eagles	Indianapolis Colts	0 	0.0 	0 	0.0 	5.3 	69 	0.5 	0.0 	0.0 	0.0 	0.0 	15.2 	WR9		Philadelphia Eagles	Seattle Seahawks	0 	0.0 	0 	0.0 	5.1 	67 	0.4 	0.0 	0.0 	0.0 	0.0 	14.4 	WR13		Philadelphia Eagles	Houston Texans	0 	0.0 	0 	0.0 	4.9 	64 	0.4 	0.0 	0.0 	0.0 	0.0 	13.7 	WR15		Philadelphia Eagles	San Francisco 49ers	0 	0.0 	0 	0.0 	5.2 	68 	0.4 	0.0 	0.0 	0.0 	0.0 	14.6 	WR14		Actual	Actual	Actual	Forecast	Forecast	Forecast	Forecast	Forecast	Forecast	Forecast	Forecast	Forecast	Forecast	Forecast	Forecast	Forecast	Forecast		Healthy	Healthy	Healthy	Injured	Healthy	Healthy	Healthy	Healthy	Healthy	Healthy	Healthy	Healthy	Healthy	Healthy	Healthy	Healthy	Healthy		Week 4 2026	10/3/2026	9:38:40 AM	9		32%	31%	0%	0%	0%	0%		0.0 	0	0	0	1	0	
	Breece Hall	New York Jets	RB	RB15	14.7 	220 	0 	0.0 	0.0 	0.0 	945 	63.0 	6.3 	0.4 	41.5 	2.8 	408 	27.2 	1.7 	0.1 	0.0 	2.3 	0.0 	0.539 	1.000 	0.816 	1 	0.354 	0.000 	34 	33 	(1)	16 	16 	0 	0.590 			Jalon Daniels	0.013 	QB38	Kyle Monangai	0.328 	RB34	Jameson Williams	0.358 	WR42	Colby Parkinson	0.115 	TE35		19.8 	14.2 	8.5 	0.0 	16.3 	13.4 	16.7 	16.3 	13.3 	15.0 	13.3 	15.4 	0.0 	13.9 	15.6 	13.9 	14.5 		RB13	RB12	RB33	-	RB9	RB16	RB8	RB9	RB16	RB13	RB15	RB12	-	RB16	RB11	RB17	RB14		RB16	14.8 	0.0 	0.0 	65.2 	0.4 	2.6 	25.5 	0.1 	18 	0.573 	1.000 	0.792 	1 	0.408 	0.000 	35 	0.606 		178 	Jalon Daniels	0.029 	QB34	Kyle Monangai	0.306 	RB37	Jameson Williams	0.405 	WR38	Colby Parkinson	0.117 	TE35		RB13	14.2 	0.0 	0.0 	260.6 	1.8 	10.5 	102.0 	0.6 	13 	0.408 	1.000 	0.852 	1 	0.245 	0.000 	#N/A	0.543 		42.5 	Jalon Daniels	1 	QB39	Kyle Monangai	31 	RB23	Jameson Williams	23 	WR50	Colby Parkinson	5 	TE36					New York Jets	Tennessee Titans	0 	0.0 	102 	1.0 	2.0 	16 	0.0 	0.0 	0.0 	0.0 	0.0 	19.8 	RB13		New York Jets	Green Bay Packers	0 	0.0 	29 	0.0 	5.0 	63 	0.0 	0.0 	0.0 	0.0 	0.0 	14.2 	RB12		New York Jets	Detroit Lions	0 	0.0 	32 	0.0 	3.0 	23 	0.0 	0.0 	0.0 	0.0 	0.0 	8.5 	RB33		New York Jets	Chicago Bears	0 	0.0 	0 	0.0 	0.0 	0 	0.0 	0.0 	0.0 	0.0 	0.0 	0.0 	-		New York Jets	Cleveland Browns	0 	0.0 	74 	0.5 	2.6 	25 	0.2 	0.0 	0.2 	0.0 	0.0 	16.3 	RB9		New York Jets	New England Patriots	0 	0.0 	57 	0.4 	2.6 	26 	0.1 	0.0 	0.2 	0.0 	0.0 	13.4 	RB16		New York Jets	Miami Dolphins	0 	0.0 	75 	0.6 	2.7 	26 	0.2 	0.0 	0.2 	0.0 	0.0 	16.7 	RB8		New York Jets	Las Vegas Raiders	0 	0.0 	74 	0.5 	2.6 	25 	0.2 	0.0 	0.2 	0.0 	0.0 	16.3 	RB9		New York Jets	Kansas City Chiefs	0 	0.0 	57 	0.3 	2.6 	25 	0.1 	0.0 	0.2 	0.0 	0.0 	13.3 	RB16		New York Jets	Buffalo Bills	0 	0.0 	64 	0.4 	2.7 	27 	0.2 	0.0 	0.2 	0.0 	0.0 	15.0 	RB13		New York Jets	Los Angeles Chargers	0 	0.0 	57 	0.3 	2.6 	25 	0.1 	0.0 	0.2 	0.0 	0.0 	13.3 	RB15		New York Jets	Miami Dolphins	0 	0.0 	69 	0.5 	2.6 	25 	0.1 	0.0 	0.2 	0.0 	0.0 	15.4 	RB12		New York Jets	BYE	0 	0.0 	0 	0.0 	0.0 	0 	0.0 	0.0 	0.0 	0.0 	0.0 	0.0 	-		New York Jets	Denver Broncos	0 	0.0 	60 	0.4 	2.6 	25 	0.1 	0.0 	0.2 	0.0 	0.0 	13.9 	RB16		New York Jets	Arizona Cardinals	0 	0.0 	70 	0.5 	2.6 	26 	0.1 	0.0 	0.2 	0.0 	0.0 	15.6 	RB11		New York Jets	New England Patriots	0 	0.0 	60 	0.4 	2.6 	25 	0.1 	0.0 	0.2 	0.0 	0.0 	13.9 	RB17		New York Jets	Minnesota Vikings	0 	0.0 	64 	0.4 	2.6 	25 	0.1 	0.0 	0.2 	0.0 	0.0 	14.5 	RB14		Actual	Actual	Actual	Forecast	Forecast	Forecast	Forecast	Forecast	Forecast	Forecast	Forecast	Forecast	Forecast	Forecast	Forecast	Forecast	Forecast		Healthy	Healthy	Healthy	Injured	Healthy	Healthy	Healthy	Healthy	Healthy	Healthy	Healthy	Healthy	Healthy	Healthy	Healthy	Healthy	Healthy		Week 4 2026	10/3/2026	9:38:40 AM	9		12%	11%	61%	63%	0%	0%		0.1 	0	0	0	1	0	
	Zay Flowers	Baltimore Ravens	WR	WR16	14.6 	218 	0 	0.0 	0.0 	0.0 	64 	4.2 	0.2 	0.0 	66.0 	4.4 	1,102 	73.5 	5.9 	0.4 	0.0 	0.2 	0.0 	0.535 	1.000 	0.840 	1 	0.360 	0.000 	32 	35 	3 	16 	15 	(1)	0.602 			Case Keenum	0.037 	QB34	RJ Harvey	0.361 	RB31	Malik Washington	0.386 	WR39	David Njoku	0.110 	TE36		26.0 	0.0 	15.4 	12.5 	13.8 	13.2 	14.5 	14.0 	14.0 	13.9 	13.5 	13.3 	0.0 	13.6 	13.6 	13.1 	14.0 		WR7	-	WR20	WR19	WR18	WR15	WR12	WR15	WR17	WR16	WR12	WR19	-	WR15	WR19	WR18	WR16		WR16	13.6 	0.0 	0.0 	3.4 	0.0 	4.3 	66.8 	0.4 	15 	0.572 	1.000 	0.850 	1 	0.355 	0.000 	34 	0.610 		177 	Case Keenum	0.021 	QB35	RJ Harvey	0.380 	RB30	Malik Washington	0.429 	WR36	David Njoku	0.108 	TE36		WR19	20.7 	0.0 	0.0 	21.8 	0.1 	28.0 	433.9 	2.4 	19 	0.398 	1.000 	0.810 	1 	0.210 	0.000 	#N/A	0.508 		41.4 	Case Keenum	24 	QB33	RJ Harvey	19 	RB36	Malik Washington	26 	WR42	David Njoku	13 	TE32					Baltimore Ravens	Indianapolis Colts	0 	0.0 	0 	0.0 	5.0 	150 	1.0 	0.0 	0.0 	0.0 	0.0 	26.0 	WR7		Baltimore Ravens	New Orleans Saints	0 	0.0 	0 	0.0 	0.0 	0 	0.0 	0.0 	0.0 	0.0 	0.0 	0.0 	-		Baltimore Ravens	Dallas Cowboys	0 	0.0 	20 	0.0 	5.0 	84 	0.0 	0.0 	0.0 	0.0 	0.0 	15.4 	WR20		Baltimore Ravens	Tennessee Titans	0 	0.0 	3 	0.0 	3.9 	61 	0.3 	0.0 	0.0 	0.0 	0.0 	12.5 	WR19		Baltimore Ravens	Atlanta Falcons	0 	0.0 	4 	0.0 	4.3 	67 	0.4 	0.0 	0.0 	0.0 	0.0 	13.8 	WR18		Baltimore Ravens	Cleveland Browns	0 	0.0 	3 	0.0 	4.2 	65 	0.4 	0.0 	0.0 	0.0 	0.0 	13.2 	WR15		Baltimore Ravens	Cincinnati Bengals	0 	0.0 	3 	0.0 	4.5 	70 	0.4 	0.0 	0.0 	0.0 	0.0 	14.5 	WR12		Baltimore Ravens	Buffalo Bills	0 	0.0 	3 	0.0 	4.5 	69 	0.4 	0.0 	0.0 	0.0 	0.0 	14.0 	WR15		Baltimore Ravens	Jacksonville Jaguars	0 	0.0 	3 	0.0 	4.4 	68 	0.4 	0.0 	0.0 	0.0 	0.0 	14.0 	WR17		Baltimore Ravens	Los Angeles Chargers	0 	0.0 	3 	0.0 	4.4 	68 	0.4 	0.0 	0.0 	0.0 	0.0 	13.9 	WR16		Baltimore Ravens	Carolina Panthers	0 	0.0 	3 	0.0 	4.3 	66 	0.4 	0.0 	0.0 	0.0 	0.0 	13.5 	WR12		Baltimore Ravens	Houston Texans	0 	0.0 	3 	0.0 	4.3 	66 	0.3 	0.0 	0.0 	0.0 	0.0 	13.3 	WR19		Baltimore Ravens	BYE	0 	0.0 	0 	0.0 	0.0 	0 	0.0 	0.0 	0.0 	0.0 	0.0 	0.0 	-		Baltimore Ravens	Tampa Bay Buccaneers	0 	0.0 	4 	0.0 	4.3 	66 	0.4 	0.0 	0.0 	0.0 	0.0 	13.6 	WR15		Baltimore Ravens	Pittsburgh Steelers	0 	0.0 	3 	0.0 	4.3 	67 	0.4 	0.0 	0.0 	0.0 	0.0 	13.6 	WR19		Baltimore Ravens	Cleveland Browns	0 	0.0 	4 	0.0 	4.1 	64 	0.4 	0.0 	0.0 	0.0 	0.0 	13.1 	WR18		Baltimore Ravens	Cincinnati Bengals	0 	0.0 	3 	0.0 	4.5 	69 	0.4 	0.0 	0.0 	0.0 	0.0 	14.0 	WR16		Actual	Actual	Actual	Forecast	Forecast	Forecast	Forecast	Forecast	Forecast	Forecast	Forecast	Forecast	Forecast	Forecast	Forecast	Forecast	Forecast		Healthy	Injured	Healthy	Limited / Handicapped	Healthy	Healthy	Healthy	Healthy	Healthy	Healthy	Healthy	Healthy	Healthy	Healthy	Healthy	Healthy	Healthy		Week 4 2026	10/3/2026	9:38:40 AM	9		35%	30%	2%	1%	0%	0%		0.1 	0	1	0	0	0	
	Davante Adams	Los Angeles Rams	WR	WR10	15.0 	240 	0 	0.0 	0.0 	0.0 	0 	0.0 	0.0 	0.0 	68.9 	4.3 	1,106 	69.1 	10.1 	0.6 	0.0 	0.2 	0.0 	0.587 	1.000 	0.900 	1 	0.386 	0.000 	23 	50 	27 	10 	23 	13 	0.647 			Fernando Mendoza	0.000 	QB39	Blake Corum	0.301 	RB37	Denzel Boston	0.436 	WR33	Cole Kmet	0.103 	TE37		5.6 	39.5 	20.7 	12.6 	13.9 	13.8 	13.1 	13.5 	13.7 	13.4 	0.0 	13.3 	13.2 	13.5 	13.8 	12.9 	13.3 		WR60	WR2	WR10	WR18	WR17	WR12	WR17	WR17	WR18	WR18	-	WR18	WR17	WR16	WR17	WR22	WR19		WR17	13.4 	0.0 	0.0 	0.0 	0.0 	3.9 	57.5 	0.6 	17 	0.561 	1.000 	0.830 	1 	0.337 	0.000 	37 	0.592 		174 	Fernando Mendoza	0.013 	QB36	Blake Corum	0.300 	RB38	Denzel Boston	0.394 	WR40	Cole Kmet	0.101 	TE37		WR6	21.9 	0.0 	0.0 	0.0 	0.0 	17.0 	249.3 	2.7 	6 	0.632 	1.000 	0.940 	2 	0.518 	0.000 	#N/A	0.725 		65.8 	Fernando Mendoza	0 	QB40	Blake Corum	19 	RB35	Denzel Boston	43 	WR18	Cole Kmet	12 	TE34					Los Angeles Rams	San Francisco 49ers	0 	0.0 	0 	0.0 	3.0 	26 	0.0 	0.0 	0.0 	0.0 	0.0 	5.6 	WR60		Los Angeles Rams	New York Giants	0 	0.0 	0 	0.0 	8.0 	195 	2.0 	0.0 	0.0 	0.0 	0.0 	39.5 	WR2		Los Angeles Rams	Denver Broncos	0 	0.0 	0 	0.0 	7.0 	137 	0.0 	0.0 	0.0 	0.0 	0.0 	20.7 	WR10		Los Angeles Rams	Philadelphia Eagles	0 	0.0 	0 	0.0 	3.8 	55 	0.5 	0.0 	0.0 	0.0 	0.0 	12.6 	WR18		Los Angeles Rams	Buffalo Bills	0 	0.0 	0 	0.0 	4.1 	60 	0.7 	0.0 	0.0 	0.0 	0.0 	13.9 	WR17		Los Angeles Rams	Arizona Cardinals	0 	0.0 	0 	0.0 	3.9 	58 	0.7 	0.0 	0.0 	0.0 	0.0 	13.8 	WR12		Los Angeles Rams	Las Vegas Raiders	0 	0.0 	0 	0.0 	3.8 	56 	0.6 	0.0 	0.0 	0.0 	0.0 	13.1 	WR17		Los Angeles Rams	Los Angeles Chargers	0 	0.0 	0 	0.0 	4.0 	58 	0.6 	0.0 	0.0 	0.0 	0.0 	13.5 	WR17		Los Angeles Rams	Washington Commanders	0 	0.0 	0 	0.0 	4.0 	59 	0.7 	0.0 	0.0 	0.0 	0.0 	13.7 	WR18		Los Angeles Rams	Arizona Cardinals	0 	0.0 	0 	0.0 	3.9 	57 	0.6 	0.0 	0.0 	0.0 	0.0 	13.4 	WR18		Los Angeles Rams	BYE	0 	0.0 	0 	0.0 	0.0 	0 	0.0 	0.0 	0.0 	0.0 	0.0 	0.0 	-		Los Angeles Rams	Green Bay Packers	0 	0.0 	0 	0.0 	3.9 	57 	0.6 	0.0 	0.0 	0.0 	0.0 	13.3 	WR18		Los Angeles Rams	Kansas City Chiefs	0 	0.0 	0 	0.0 	3.9 	57 	0.6 	0.0 	0.0 	0.0 	0.0 	13.2 	WR17		Los Angeles Rams	San Francisco 49ers	0 	0.0 	0 	0.0 	4.0 	58 	0.6 	0.0 	0.0 	0.0 	0.0 	13.5 	WR16		Los Angeles Rams	Dallas Cowboys	0 	0.0 	0 	0.0 	4.0 	58 	0.7 	0.0 	0.0 	0.0 	0.0 	13.8 	WR17		Los Angeles Rams	Seattle Seahawks	0 	0.0 	0 	0.0 	3.9 	57 	0.6 	0.0 	0.0 	0.0 	0.0 	12.9 	WR22		Los Angeles Rams	Tampa Bay Buccaneers	0 	0.0 	0 	0.0 	3.9 	57 	0.6 	0.0 	0.0 	0.0 	0.0 	13.3 	WR19		Actual	Actual	Actual	Forecast	Forecast	Forecast	Forecast	Forecast	Forecast	Forecast	Forecast	Forecast	Forecast	Forecast	Forecast	Forecast	Forecast		Healthy	Healthy	Healthy	Healthy	Healthy	Healthy	Healthy	Healthy	Healthy	Healthy	Healthy	Healthy	Healthy	Healthy	Healthy	Healthy	Healthy		Week 4 2026	10/3/2026	9:38:40 AM	9		25%	31%	0%	0%	0%	0%		(0.1)	0	0	0	0	0	(0.132594)
	Ladd McConkey	Los Angeles Chargers	WR	WR20	13.1 	209 	0 	0.0 	0.0 	0.0 	0 	0.0 	0.0 	0.0 	69.9 	4.4 	983 	61.4 	6.8 	0.4 	0.0 	0.2 	0.0 	0.512 	1.000 	0.800 	1 	0.265 	0.000 	41 	43 	2 	20 	20 	0 	0.543 			Drew Lock	0.191 	QB26	Ollie Gordon II	0.314 	RB35	DK Metcalf	0.402 	WR36	Zach Ertz	0.081 	TE41		19.2 	6.5 	10.6 	11.9 	12.8 	13.3 	0.0 	13.7 	13.2 	13.6 	12.9 	13.4 	13.7 	13.3 	13.8 	13.5 	13.4 		WR12	WR50	WR39	WR27	WR21	WR14	-	WR16	WR19	WR17	WR14	WR17	WR16	WR17	WR16	WR17	WR18		WR18	13.3 	0.0 	0.0 	0.0 	0.0 	4.5 	61.5 	0.4 	18 	0.557 	1.000 	0.820 	1 	0.330 	0.000 	39 	0.584 		173 	Drew Lock	0.000 	QB38	Ollie Gordon II	0.321 	RB35	DK Metcalf	0.435 	WR35	Zach Ertz	0.081 	TE41		WR25	12.1 	0.0 	0.0 	0.0 	0.0 	19.3 	266.6 	1.9 	25 	0.349 	1.000 	0.750 	1 	0.146 	0.000 	#N/A	0.448 		36.3 	Drew Lock	34 	QB25	Ollie Gordon II	15 	RB45	DK Metcalf	27 	WR41	Zach Ertz	2 	TE40					Los Angeles Chargers	Arizona Cardinals	0 	0.0 	0 	0.0 	5.0 	82 	1.0 	0.0 	0.0 	0.0 	0.0 	19.2 	WR12		Los Angeles Chargers	Las Vegas Raiders	0 	0.0 	0 	0.0 	3.0 	35 	0.0 	0.0 	0.0 	0.0 	0.0 	6.5 	WR50		Los Angeles Chargers	Buffalo Bills	0 	0.0 	0 	0.0 	4.0 	66 	0.0 	0.0 	0.0 	0.0 	0.0 	10.6 	WR39		Los Angeles Chargers	Seattle Seahawks	0 	0.0 	0 	0.0 	4.1 	57 	0.4 	0.0 	0.0 	0.0 	0.0 	11.9 	WR27		Los Angeles Chargers	Denver Broncos	0 	0.0 	0 	0.0 	4.4 	60 	0.4 	0.0 	0.0 	0.0 	0.0 	12.8 	WR21		Los Angeles Chargers	Kansas City Chiefs	0 	0.0 	0 	0.0 	4.5 	62 	0.4 	0.0 	0.0 	0.0 	0.0 	13.3 	WR14		Los Angeles Chargers	BYE	0 	0.0 	0 	0.0 	0.0 	0 	0.0 	0.0 	0.0 	0.0 	0.0 	0.0 	-		Los Angeles Chargers	Los Angeles Rams	0 	0.0 	0 	0.0 	4.6 	64 	0.5 	0.0 	0.0 	0.0 	0.0 	13.7 	WR16		Los Angeles Chargers	Houston Texans	0 	0.0 	0 	0.0 	4.4 	61 	0.4 	0.0 	0.0 	0.0 	0.0 	13.2 	WR19		Los Angeles Chargers	Baltimore Ravens	0 	0.0 	0 	0.0 	4.6 	63 	0.4 	0.0 	0.0 	0.0 	0.0 	13.6 	WR17		Los Angeles Chargers	New York Jets	0 	0.0 	0 	0.0 	4.3 	59 	0.5 	0.0 	0.0 	0.0 	0.0 	12.9 	WR14		Los Angeles Chargers	New England Patriots	0 	0.0 	0 	0.0 	4.5 	62 	0.5 	0.0 	0.0 	0.0 	0.0 	13.4 	WR17		Los Angeles Chargers	Tampa Bay Buccaneers	0 	0.0 	0 	0.0 	4.6 	63 	0.5 	0.0 	0.0 	0.0 	0.0 	13.7 	WR16		Los Angeles Chargers	Las Vegas Raiders	0 	0.0 	0 	0.0 	4.4 	61 	0.5 	0.0 	0.0 	0.0 	0.0 	13.3 	WR17		Los Angeles Chargers	San Francisco 49ers	0 	0.0 	0 	0.0 	4.6 	63 	0.5 	0.0 	0.0 	0.0 	0.0 	13.8 	WR16		Los Angeles Chargers	Miami Dolphins	0 	0.0 	0 	0.0 	4.5 	61 	0.5 	0.0 	0.0 	0.0 	0.0 	13.5 	WR17		Los Angeles Chargers	Kansas City Chiefs	0 	0.0 	0 	0.0 	4.5 	62 	0.5 	0.0 	0.0 	0.0 	0.0 	13.4 	WR18		Actual	Actual	Actual	Forecast	Forecast	Forecast	Forecast	Forecast	Forecast	Forecast	Forecast	Forecast	Forecast	Forecast	Forecast	Forecast	Forecast		Healthy	Healthy	Healthy	Limited / Handicapped	Healthy	Healthy	Healthy	Healthy	Healthy	Healthy	Healthy	Healthy	Healthy	Healthy	Healthy	Healthy	Healthy		Week 4 2026	10/3/2026	9:38:40 AM	9		29%	29%	0%	0%	0%	0%		0.1 	0	0	0	0	0	0.136275 
	Jaylen Warren	Pittsburgh Steelers	RB	RB14	14.2 	227 	0 	0.0 	0.0 	0.0 	829 	51.8 	3.9 	0.2 	59.5 	3.7 	521 	32.5 	2.4 	0.2 	0.0 	2.8 	0.0 	0.556 	1.000 	0.840 	1 	0.325 	0.000 	33 	68 	35 	14 	27 	13 	0.592 			Jaxson Dart	0.036 	QB35	Woody Marks	0.295 	RB38	Wan'Dale Robinson	0.396 	WR37	Elijah Arroyo	0.092 	TE39		10.3 	9.7 	20.6 	16.2 	14.9 	14.3 	14.6 	14.9 	0.0 	14.2 	13.0 	13.3 	13.7 	13.9 	14.3 	14.6 	14.4 		RB25	RB25	RB8	RB9	RB12	RB14	RB12	RB14	-	RB14	RB17	RB20	RB14	RB15	RB17	RB13	RB15		RB15	14.3 	0.0 	0.0 	47.1 	0.3 	3.8 	31.6 	0.2 	15 	0.601 	1.000 	0.828 	1 	0.377 	0.000 	33 	0.614 		186 	Jaxson Dart	0.000 	QB38	Woody Marks	0.287 	RB39	Wan'Dale Robinson	0.413 	WR37	Elijah Arroyo	0.097 	TE38		RB17	13.5 	0.0 	0.0 	204.2 	1.3 	16.5 	136.9 	0.8 	17 	0.390 	1.000 	0.804 	1 	0.219 	0.000 	#N/A	0.508 		40.6 	Jaxson Dart	27 	QB31	Woody Marks	23 	RB32	Wan'Dale Robinson	29 	WR35	Elijah Arroyo	3 	TE39					Pittsburgh Steelers	Atlanta Falcons	0 	0.0 	46 	0.0 	5.0 	27 	0.0 	0.0 	1.0 	0.0 	0.0 	10.3 	RB25		Pittsburgh Steelers	New England Patriots	0 	0.0 	43 	0.0 	2.0 	34 	0.0 	0.0 	0.0 	0.0 	0.0 	9.7 	RB25		Pittsburgh Steelers	Cincinnati Bengals	0 	0.0 	127 	0.0 	3.0 	49 	0.0 	0.0 	0.0 	0.0 	0.0 	20.6 	RB8		Pittsburgh Steelers	Cleveland Browns	0 	0.0 	63 	0.4 	3.7 	31 	0.2 	0.0 	0.2 	0.0 	0.0 	16.2 	RB9		Pittsburgh Steelers	Indianapolis Colts	0 	0.0 	49 	0.3 	3.9 	32 	0.2 	0.0 	0.1 	0.0 	0.0 	14.9 	RB12		Pittsburgh Steelers	Tampa Bay Buccaneers	0 	0.0 	45 	0.3 	3.9 	32 	0.2 	0.0 	0.1 	0.0 	0.0 	14.3 	RB14		Pittsburgh Steelers	New Orleans Saints	0 	0.0 	48 	0.3 	3.8 	32 	0.2 	0.0 	0.1 	0.0 	0.0 	14.6 	RB12		Pittsburgh Steelers	Cleveland Browns	0 	0.0 	53 	0.3 	3.7 	30 	0.2 	0.0 	0.1 	0.0 	0.0 	14.9 	RB14		Pittsburgh Steelers	BYE	0 	0.0 	0 	0.0 	0.0 	0 	0.0 	0.0 	0.0 	0.0 	0.0 	0.0 	-		Pittsburgh Steelers	Cincinnati Bengals	0 	0.0 	43 	0.3 	4.0 	33 	0.2 	0.0 	0.1 	0.0 	0.0 	14.2 	RB14		Pittsburgh Steelers	Philadelphia Eagles	0 	0.0 	39 	0.2 	3.8 	32 	0.2 	0.0 	0.1 	0.0 	0.0 	13.0 	RB17		Pittsburgh Steelers	Denver Broncos	0 	0.0 	43 	0.3 	3.7 	31 	0.2 	0.0 	0.1 	0.0 	0.0 	13.3 	RB20		Pittsburgh Steelers	Houston Texans	0 	0.0 	44 	0.3 	3.8 	31 	0.2 	0.0 	0.1 	0.0 	0.0 	13.7 	RB14		Pittsburgh Steelers	Jacksonville Jaguars	0 	0.0 	45 	0.3 	3.8 	32 	0.2 	0.0 	0.1 	0.0 	0.0 	13.9 	RB15		Pittsburgh Steelers	Baltimore Ravens	0 	0.0 	45 	0.3 	3.9 	32 	0.2 	0.0 	0.1 	0.0 	0.0 	14.3 	RB17		Pittsburgh Steelers	Carolina Panthers	0 	0.0 	48 	0.3 	3.8 	32 	0.2 	0.0 	0.1 	0.0 	0.0 	14.6 	RB13		Pittsburgh Steelers	Tennessee Titans	0 	0.0 	48 	0.3 	3.8 	31 	0.2 	0.0 	0.1 	0.0 	0.0 	14.4 	RB15		Actual	Actual	Actual	Forecast	Forecast	Forecast	Forecast	Forecast	Forecast	Forecast	Forecast	Forecast	Forecast	Forecast	Forecast	Forecast	Forecast		Healthy	Healthy	Healthy	Healthy	Healthy	Healthy	Healthy	Healthy	Healthy	Healthy	Healthy	Healthy	Healthy	Healthy	Healthy	Healthy	Healthy		Week 4 2026	10/3/2026	9:38:40 AM	9		14%	12%	42%	41%	0%	0%		0.1 	0	0	0	0	0	0.105764 
	Joe Burrow	Cincinnati Bengals	QB	QB3	18.4 	295 	4,140 	258.8 	33.5 	2.1 	148 	9.3 	0.5 	0.0 	0.0 	0.0 	0 	0.0 	0.0 	0.0 	9.4 	2.0 	0.0 	0.722 	0.460 	0.441 	1 	0.523 	0.000 	56 	54 	(2)	3 	4 	1 	0.480 			Tua Tagovailoa	0.000 	QB39	Jaylen Wright	0.233 	RB46	Jakobi Meyers	0.380 	WR40	Dawson Knox	0.098 	TE38		14.2 	16.2 	22.6 	19.1 	18.4 	0.0 	18.2 	18.9 	19.0 	18.3 	19.1 	18.7 	17.8 	18.1 	18.1 	19.1 	19.1 		QB19	QB14	QB9	QB2	QB2	-	QB3	QB2	QB2	QB2	QB2	QB2	QB3	QB3	QB3	QB2	QB2		QB2	18.6 	261.3 	2.1 	8.9 	0.0 	0.0 	0.0 	0.0 	2 	0.780 	0.460 	0.449 	1 	0.690 	0.000 	42 	0.562 		242 	Tua Tagovailoa	0.000 	QB38	Jaylen Wright	0.266 	RB42	Jakobi Meyers	0.370 	WR42	Dawson Knox	0.091 	TE39		QB12	17.6 	1,132.4 	9.2 	38.7 	0.2 	0.0 	0.0 	0.0 	12 	0.509 	0.460 	0.352 	1 	0.271 	0.000 	#N/A	0.314 		52.9 	Tua Tagovailoa	0 	QB40	Jaylen Wright	1 	RB67	Jakobi Meyers	35 	WR28	Dawson Knox	12 	TE33					Cincinnati Bengals	Tampa Bay Buccaneers	254 	1.0 	20 	0.0 	0.0 	0 	0.0 	1.0 	0.0 	0.0 	0.0 	14.2 	QB19		Cincinnati Bengals	Houston Texans	207 	2.0 	(1)	0.0 	0.0 	0 	0.0 	0.0 	0.0 	0.0 	0.0 	16.2 	QB14		Cincinnati Bengals	Pittsburgh Steelers	282 	3.0 	13 	0.0 	0.0 	0 	0.0 	0.0 	1.0 	0.0 	0.0 	22.6 	QB9		Cincinnati Bengals	Jacksonville Jaguars	267 	2.2 	9 	0.0 	0.0 	0 	0.0 	0.6 	0.1 	0.0 	0.0 	19.1 	QB2		Cincinnati Bengals	Miami Dolphins	252 	2.1 	10 	0.0 	0.0 	0 	0.0 	0.6 	0.1 	0.0 	0.0 	18.4 	QB2		Cincinnati Bengals	BYE	0 	0.0 	0 	0.0 	0.0 	0 	0.0 	0.0 	0.0 	0.0 	0.0 	0.0 	-		Cincinnati Bengals	Baltimore Ravens	265 	2.0 	7 	0.0 	0.0 	0 	0.0 	0.6 	0.1 	0.0 	0.0 	18.2 	QB3		Cincinnati Bengals	Tennessee Titans	260 	2.2 	10 	0.0 	0.0 	0 	0.0 	0.6 	0.1 	0.0 	0.0 	18.9 	QB2		Cincinnati Bengals	Atlanta Falcons	263 	2.2 	9 	0.0 	0.0 	0 	0.0 	0.6 	0.1 	0.0 	0.0 	19.0 	QB2		Cincinnati Bengals	Pittsburgh Steelers	261 	2.1 	9 	0.0 	0.0 	0 	0.0 	0.6 	0.1 	0.0 	0.0 	18.3 	QB2		Cincinnati Bengals	Washington Commanders	267 	2.2 	9 	0.0 	0.0 	0 	0.0 	0.6 	0.1 	0.0 	0.0 	19.1 	QB2		Cincinnati Bengals	New Orleans Saints	258 	2.1 	10 	0.0 	0.0 	0 	0.0 	0.6 	0.1 	0.0 	0.0 	18.7 	QB2		Cincinnati Bengals	Cleveland Browns	253 	2.0 	9 	0.0 	0.0 	0 	0.0 	0.6 	0.1 	0.0 	0.0 	17.8 	QB3		Cincinnati Bengals	Kansas City Chiefs	259 	2.0 	8 	0.0 	0.0 	0 	0.0 	0.6 	0.1 	0.0 	0.0 	18.1 	QB3		Cincinnati Bengals	Carolina Panthers	259 	2.0 	8 	0.0 	0.0 	0 	0.0 	0.6 	0.1 	0.0 	0.0 	18.1 	QB3		Cincinnati Bengals	Indianapolis Colts	267 	2.2 	9 	0.0 	0.0 	0 	0.0 	0.6 	0.1 	0.0 	0.0 	19.1 	QB2		Cincinnati Bengals	Baltimore Ravens	267 	2.2 	9 	0.0 	0.0 	0 	0.0 	0.6 	0.1 	0.0 	0.0 	19.1 	QB2		Actual	Actual	Actual	Forecast	Forecast	Forecast	Forecast	Forecast	Forecast	Forecast	Forecast	Forecast	Forecast	Forecast	Forecast	Forecast	Forecast		Healthy	Healthy	Healthy	Healthy	Healthy	Healthy	Healthy	Healthy	Healthy	Healthy	Healthy	Healthy	Healthy	Healthy	Healthy	Healthy	Healthy		Week 4 2026	10/3/2026	9:38:40 AM	9		0%	0%	9%	6%	99%	99%		0.2 	0	0	0	0	0	0.248551 
	Matthew Golden	Green Bay Packers	WR	WR18	13.4 	214 	0 	0.0 	0.0 	0.0 	27 	1.7 	0.1 	0.0 	71.1 	4.4 	1,056 	66.0 	5.7 	0.4 	0.0 	0.2 	0.0 	0.524 	1.000 	0.830 	1 	0.284 	0.000 	37 	127 	90 	17 	50 	33 	0.566 			Shedeur Sanders	0.000 	QB39	Tyjae Spears	0.273 	RB40	Rome Odunze	0.263 	WR53	Theo Johnson	0.085 	TE40		15.5 	9.8 	21.0 	12.2 	12.9 	13.8 	13.2 	12.9 	12.7 	12.8 	0.0 	12.8 	12.8 	13.2 	13.0 	12.8 	12.4 		WR17	WR30	WR7	WR23	WR19	WR13	WR16	WR18	WR22	WR22	-	WR22	WR18	WR18	WR20	WR23	WR24		WR19	12.9 	0.0 	0.0 	2.1 	0.0 	4.3 	61.7 	0.4 	19 	0.541 	1.000 	0.810 	1 	0.301 	0.000 	40 	0.566 		167 	Shedeur Sanders	0.000 	QB38	Tyjae Spears	0.273 	RB41	Rome Odunze	0.282 	WR52	Theo Johnson	0.087 	TE40		WR13	15.4 	0.0 	0.0 	9.1 	0.0 	18.7 	267.5 	1.6 	13 	0.445 	1.000 	0.870 	1 	0.272 	0.000 	#N/A	0.567 		46.3 	Shedeur Sanders	0 	QB40	Tyjae Spears	14 	RB49	Rome Odunze	22 	WR54	Theo Johnson	2 	TE40					Green Bay Packers	Minnesota Vikings	0 	0.0 	0 	0.0 	6.0 	95 	0.0 	0.0 	0.0 	0.0 	0.0 	15.5 	WR17		Green Bay Packers	New York Jets	0 	0.0 	0 	0.0 	4.0 	58 	0.0 	0.0 	0.0 	0.0 	0.0 	9.8 	WR30		Green Bay Packers	Atlanta Falcons	0 	0.0 	0 	0.0 	5.0 	100 	1.0 	0.0 	0.0 	0.0 	0.0 	21.0 	WR7		Green Bay Packers	Tampa Bay Buccaneers	0 	0.0 	2 	0.0 	4.1 	59 	0.3 	0.0 	0.0 	0.0 	0.0 	12.2 	WR23		Green Bay Packers	Chicago Bears	0 	0.0 	2 	0.0 	4.3 	62 	0.4 	0.0 	0.0 	0.0 	0.0 	12.9 	WR19		Green Bay Packers	Dallas Cowboys	0 	0.0 	2 	0.0 	4.5 	65 	0.4 	0.0 	0.0 	0.0 	0.0 	13.8 	WR13		Green Bay Packers	Detroit Lions	0 	0.0 	2 	0.0 	4.4 	63 	0.4 	0.0 	0.0 	0.0 	0.0 	13.2 	WR16		Green Bay Packers	Carolina Panthers	0 	0.0 	2 	0.0 	4.3 	61 	0.4 	0.0 	0.0 	0.0 	0.0 	12.9 	WR18		Green Bay Packers	New England Patriots	0 	0.0 	2 	0.0 	4.3 	61 	0.3 	0.0 	0.0 	0.0 	0.0 	12.7 	WR22		Green Bay Packers	Minnesota Vikings	0 	0.0 	2 	0.0 	4.3 	61 	0.4 	0.0 	0.0 	0.0 	0.0 	12.8 	WR22		Green Bay Packers	BYE	0 	0.0 	0 	0.0 	0.0 	0 	0.0 	0.0 	0.0 	0.0 	0.0 	0.0 	-		Green Bay Packers	Los Angeles Rams	0 	0.0 	2 	0.0 	4.3 	62 	0.3 	0.0 	0.0 	0.0 	0.0 	12.8 	WR22		Green Bay Packers	New Orleans Saints	0 	0.0 	2 	0.0 	4.3 	61 	0.4 	0.0 	0.0 	0.0 	0.0 	12.8 	WR18		Green Bay Packers	Buffalo Bills	0 	0.0 	2 	0.0 	4.4 	63 	0.4 	0.0 	0.0 	0.0 	0.0 	13.2 	WR18		Green Bay Packers	Miami Dolphins	0 	0.0 	3 	0.0 	4.3 	61 	0.4 	0.0 	0.0 	0.0 	0.0 	13.0 	WR20		Green Bay Packers	Chicago Bears	0 	0.0 	2 	0.0 	4.3 	62 	0.4 	0.0 	0.0 	0.0 	0.0 	12.8 	WR23		Green Bay Packers	Houston Texans	0 	0.0 	2 	0.0 	4.2 	60 	0.3 	0.0 	0.0 	0.0 	0.0 	12.4 	WR24		Actual	Actual	Actual	Forecast	Forecast	Forecast	Forecast	Forecast	Forecast	Forecast	Forecast	Forecast	Forecast	Forecast	Forecast	Forecast	Forecast		Healthy	Healthy	Healthy	Healthy	Healthy	Healthy	Healthy	Healthy	Healthy	Healthy	Healthy	Healthy	Healthy	Healthy	Healthy	Healthy	Healthy		Week 4 2026	10/3/2026	9:38:40 AM	9		25%	22%	2%	0%	0%	0%		(0.0)	0	0	0	0	0	(0.000966)
	A.J. Brown	New England Patriots	WR	WR32	14.9 	149 	0 	0.0 	0.0 	0.0 	0 	0.0 	0.0 	0.0 	54.3 	5.4 	688 	68.8 	4.3 	0.4 	0.0 	0.2 	0.0 	0.364 	1.000 	0.520 	1 	0.378 	0.000 	70 	17 	(53)	48 	7 	(41)	0.440 			Carson Wentz	0.000 	QB39	Jordan Mason	0.251 	RB43	KC Concepcion	0.346 	WR43	Mason Taylor	0.074 	TE42		5.6 	0.0 	0.0 	0.0 	0.0 	0.0 	0.0 	16.1 	16.1 	16.3 	0.0 	15.8 	16.5 	15.8 	15.6 	15.2 	15.6 		WR60	-	-	-	-	-	-	WR7	WR8	WR9	-	WR8	WR8	WR7	WR9	WR9	WR8		WR20	15.9 	0.0 	0.0 	0.0 	0.0 	5.7 	73.5 	0.5 	36 	0.462 	1.000 	0.640 	1 	0.521 	0.000 	41 	0.565 		143 	Carson Wentz	0.000 	QB38	Jordan Mason	0.256 	RB43	KC Concepcion	0.399 	WR39	Mason Taylor	0.074 	TE42		WR120	5.6 	0.0 	0.0 	0.0 	0.0 	51.3 	661.6 	4.3 	120 	0.054 	1.000 	0.000 	(1)	0.000 	0.000 	#N/A	0.008 		5.6 	Carson Wentz	26 	QB32	Jordan Mason	12 	RB56	KC Concepcion	19 	WR62	Mason Taylor	2 	TE42					New England Patriots	Seattle Seahawks	0 	0.0 	0 	0.0 	3.0 	26 	0.0 	0.0 	0.0 	0.0 	0.0 	5.6 	WR60		New England Patriots	Pittsburgh Steelers	0 	0.0 	0 	0.0 	0.0 	0 	0.0 	0.0 	0.0 	0.0 	0.0 	0.0 	-		New England Patriots	Jacksonville Jaguars	0 	0.0 	0 	0.0 	0.0 	0 	0.0 	0.0 	0.0 	0.0 	0.0 	0.0 	-		New England Patriots	Buffalo Bills	0 	0.0 	0 	0.0 	0.0 	0 	0.0 	0.0 	0.0 	0.0 	0.0 	0.0 	-		New England Patriots	Las Vegas Raiders	0 	0.0 	0 	0.0 	0.0 	0 	0.0 	0.0 	0.0 	0.0 	0.0 	0.0 	-		New England Patriots	New York Jets	0 	0.0 	0 	0.0 	0.0 	0 	0.0 	0.0 	0.0 	0.0 	0.0 	0.0 	-		New England Patriots	Chicago Bears	0 	0.0 	0 	0.0 	0.0 	0 	0.0 	0.0 	0.0 	0.0 	0.0 	0.0 	-		New England Patriots	Miami Dolphins	0 	0.0 	0 	0.0 	5.7 	74 	0.5 	0.0 	0.0 	0.0 	0.0 	16.1 	WR7		New England Patriots	Green Bay Packers	0 	0.0 	0 	0.0 	5.8 	74 	0.5 	0.0 	0.0 	0.0 	0.0 	16.1 	WR8		New England Patriots	Detroit Lions	0 	0.0 	0 	0.0 	5.9 	75 	0.5 	0.0 	0.0 	0.0 	0.0 	16.3 	WR9		New England Patriots	BYE	0 	0.0 	0 	0.0 	0.0 	0 	0.0 	0.0 	0.0 	0.0 	0.0 	0.0 	-		New England Patriots	Los Angeles Chargers	0 	0.0 	0 	0.0 	5.7 	74 	0.5 	0.0 	0.0 	0.0 	0.0 	15.8 	WR8		New England Patriots	Buffalo Bills	0 	0.0 	0 	0.0 	5.9 	76 	0.5 	0.0 	0.0 	0.0 	0.0 	16.5 	WR8		New England Patriots	Minnesota Vikings	0 	0.0 	0 	0.0 	5.6 	73 	0.5 	0.0 	0.0 	0.0 	0.0 	15.8 	WR7		New England Patriots	Kansas City Chiefs	0 	0.0 	0 	0.0 	5.7 	73 	0.5 	0.0 	0.0 	0.0 	0.0 	15.6 	WR9		New England Patriots	New York Jets	0 	0.0 	0 	0.0 	5.5 	70 	0.5 	0.0 	0.0 	0.0 	0.0 	15.2 	WR9		New England Patriots	Denver Broncos	0 	0.0 	0 	0.0 	5.6 	73 	0.5 	0.0 	0.0 	0.0 	0.0 	15.6 	WR8		Actual	Actual	Actual	Forecast	Forecast	Forecast	Forecast	Forecast	Forecast	Forecast	Forecast	Forecast	Forecast	Forecast	Forecast	Forecast	Forecast		Healthy	Injured	Injured	Injured	Injured	Injured	Injured	Healthy	Healthy	Healthy	Healthy	Healthy	Healthy	Healthy	Healthy	Healthy	Healthy		Week 4 2026	10/3/2026	9:38:40 AM	9		32%	32%	0%	0%	0%	0%		0.6 	0	1	1	1	1	
	Tyler Warren	Indianapolis Colts	TE	TE3	13.3 	213 	0 	0.0 	0.0 	0.0 	21 	1.3 	0.5 	0.0 	90.5 	5.7 	770 	48.1 	6.8 	0.4 	0.0 	0.2 	0.0 	0.521 	0.560 	0.541 	1 	0.539 	0.000 	42 	52 	10 	3 	4 	1 	0.537 			Carson Beck	0.000 	QB39	Alvin Kamara	0.267 	RB41	Dontayvion Wicks	0.364 	WR41	Eli Stowers	0.069 	TE43		10.3 	14.4 	14.7 	13.5 	12.7 	13.6 	13.0 	13.4 	13.9 	13.4 	12.9 	13.5 	0.0 	13.1 	13.4 	13.9 	12.9 		TE13	TE10	TE7	TE3	TE3	TE3	TE3	TE3	TE3	TE3	TE3	TE3	-	TE2	TE3	TE3	TE3		TE3	13.3 	0.0 	0.0 	1.2 	0.0 	5.6 	52.4 	0.4 	3 	0.559 	0.560 	0.541 	1 	0.570 	0.000 	44 	0.557 		173 	Carson Beck	0.000 	QB38	Alvin Kamara	0.279 	RB40	Dontayvion Wicks	0.352 	WR44	Eli Stowers	0.070 	TE43		TE7	13.1 	0.0 	0.0 	5.2 	0.2 	24.2 	227.1 	1.6 	7 	0.379 	0.560 	0.510 	1 	0.461 	0.000 	#N/A	0.468 		39.4 	Carson Beck	0 	QB40	Alvin Kamara	12 	RB54	Dontayvion Wicks	33 	WR30	Eli Stowers	0 	TE43					Indianapolis Colts	Baltimore Ravens	0 	0.0 	0 	0.0 	3.0 	13 	1.0 	0.0 	0.0 	0.0 	0.0 	10.3 	TE13		Indianapolis Colts	Kansas City Chiefs	0 	0.0 	3 	0.0 	6.0 	21 	1.0 	0.0 	0.0 	0.0 	0.0 	14.4 	TE10		Indianapolis Colts	Houston Texans	0 	0.0 	2 	0.0 	9.0 	55 	0.0 	0.0 	0.0 	0.0 	0.0 	14.7 	TE7		Indianapolis Colts	Washington Commanders	0 	0.0 	1 	0.0 	5.6 	52 	0.4 	0.0 	0.0 	0.0 	0.0 	13.5 	TE3		Indianapolis Colts	Pittsburgh Steelers	0 	0.0 	1 	0.0 	5.4 	50 	0.3 	0.0 	0.0 	0.0 	0.0 	12.7 	TE3		Indianapolis Colts	Tennessee Titans	0 	0.0 	1 	0.0 	5.7 	53 	0.4 	0.0 	0.0 	0.0 	0.0 	13.6 	TE3		Indianapolis Colts	Minnesota Vikings	0 	0.0 	1 	0.0 	5.5 	51 	0.3 	0.0 	0.0 	0.0 	0.0 	13.0 	TE3		Indianapolis Colts	Jacksonville Jaguars	0 	0.0 	1 	0.0 	5.6 	53 	0.4 	0.0 	0.0 	0.0 	0.0 	13.4 	TE3		Indianapolis Colts	Dallas Cowboys	0 	0.0 	1 	0.0 	5.8 	54 	0.4 	0.0 	0.0 	0.0 	0.0 	13.9 	TE3		Indianapolis Colts	Miami Dolphins	0 	0.0 	1 	0.0 	5.5 	52 	0.4 	0.0 	0.0 	0.0 	0.0 	13.4 	TE3		Indianapolis Colts	Houston Texans	0 	0.0 	1 	0.0 	5.5 	52 	0.3 	0.0 	0.0 	0.0 	0.0 	12.9 	TE3		Indianapolis Colts	New York Giants	0 	0.0 	1 	0.0 	5.6 	53 	0.4 	0.0 	0.0 	0.0 	0.0 	13.5 	TE3		Indianapolis Colts	BYE	0 	0.0 	0 	0.0 	0.0 	0 	0.0 	0.0 	0.0 	0.0 	0.0 	0.0 	-		Indianapolis Colts	Philadelphia Eagles	0 	0.0 	1 	0.0 	5.6 	52 	0.3 	0.0 	0.0 	0.0 	0.0 	13.1 	TE2		Indianapolis Colts	Tennessee Titans	0 	0.0 	1 	0.0 	5.6 	52 	0.4 	0.0 	0.0 	0.0 	0.0 	13.4 	TE3		Indianapolis Colts	Cincinnati Bengals	0 	0.0 	1 	0.0 	5.8 	54 	0.4 	0.0 	0.0 	0.0 	0.0 	13.9 	TE3		Indianapolis Colts	Cleveland Browns	0 	0.0 	1 	0.0 	5.4 	51 	0.4 	0.0 	0.0 	0.0 	0.0 	12.9 	TE3		Actual	Actual	Actual	Forecast	Forecast	Forecast	Forecast	Forecast	Forecast	Forecast	Forecast	Forecast	Forecast	Forecast	Forecast	Forecast	Forecast		Healthy	Healthy	Healthy	Healthy	Healthy	Healthy	Healthy	Healthy	Healthy	Healthy	Healthy	Healthy	Healthy	Healthy	Healthy	Healthy	Healthy		Week 4 2026	10/3/2026	9:38:40 AM	9		23%	28%	1%	3%	0%	0%		0.1 	0	0	0	0	0	0.088732 
	Tetairoa McMillan	Carolina Panthers	WR	WR27	12.1 	193 	0 	0.0 	0.0 	0.0 	0 	0.0 	0.0 	0.0 	64.1 	4.0 	1,000 	62.5 	5.3 	0.3 	0.0 	1.2 	0.0 	0.474 	1.000 	0.730 	1 	0.204 	0.000 	55 	37 	(18)	27 	16 	(11)	0.481 			Cooper Rush	0.000 	QB39	Tyler Allgeier	0.245 	RB44	Chris Godwin Jr.	0.318 	WR48	Jake Tonges	0.063 	TE44		10.5 	15.1 	3.7 	13.5 	0.0 	12.3 	12.8 	12.6 	12.2 	12.5 	12.8 	12.7 	12.4 	12.8 	13.0 	12.2 	12.3 		WR32	WR15	WR69	WR13	-	WR22	WR19	WR22	WR28	WR24	WR16	WR24	WR25	WR20	WR21	WR27	WR25		WR24	12.6 	0.0 	0.0 	0.0 	0.0 	4.0 	62.1 	0.4 	23 	0.530 	1.000 	0.770 	1 	0.282 	0.000 	48 	0.539 		164 	Cooper Rush	0.000 	QB38	Tyler Allgeier	0.235 	RB46	Chris Godwin Jr.	0.358 	WR43	Jake Tonges	0.063 	TE44		WR37	9.8 	0.0 	0.0 	0.0 	0.0 	17.4 	269.2 	1.8 	37 	0.282 	1.000 	0.630 	0 	0.057 	0.000 	#N/A	0.349 		29.3 	Cooper Rush	7 	QB38	Tyler Allgeier	18 	RB37	Chris Godwin Jr.	23 	WR51	Jake Tonges	0 	TE43					Carolina Panthers	Chicago Bears	0 	0.0 	0 	0.0 	5.0 	75 	0.0 	0.0 	1.0 	0.0 	0.0 	10.5 	WR32		Carolina Panthers	Atlanta Falcons	0 	0.0 	0 	0.0 	5.0 	101 	0.0 	0.0 	0.0 	0.0 	0.0 	15.1 	WR15		Carolina Panthers	Cleveland Browns	0 	0.0 	0 	0.0 	2.0 	17 	0.0 	0.0 	0.0 	0.0 	0.0 	3.7 	WR69		Carolina Panthers	Detroit Lions	0 	0.0 	0 	0.0 	4.2 	66 	0.5 	0.0 	0.0 	0.0 	0.0 	13.5 	WR13		Carolina Panthers	BYE	0 	0.0 	0 	0.0 	0.0 	0 	0.0 	0.0 	0.0 	0.0 	0.0 	0.0 	-		Carolina Panthers	Philadelphia Eagles	0 	0.0 	0 	0.0 	4.0 	62 	0.4 	0.0 	0.0 	0.0 	0.0 	12.3 	WR22		Carolina Panthers	Tampa Bay Buccaneers	0 	0.0 	0 	0.0 	4.0 	63 	0.4 	0.0 	0.0 	0.0 	0.0 	12.8 	WR19		Carolina Panthers	Green Bay Packers	0 	0.0 	0 	0.0 	4.0 	62 	0.4 	0.0 	0.0 	0.0 	0.0 	12.6 	WR22		Carolina Panthers	Denver Broncos	0 	0.0 	0 	0.0 	3.9 	60 	0.4 	0.0 	0.0 	0.0 	0.0 	12.2 	WR28		Carolina Panthers	New Orleans Saints	0 	0.0 	0 	0.0 	4.0 	61 	0.4 	0.0 	0.0 	0.0 	0.0 	12.5 	WR24		Carolina Panthers	Baltimore Ravens	0 	0.0 	0 	0.0 	4.1 	63 	0.4 	0.0 	0.0 	0.0 	0.0 	12.8 	WR16		Carolina Panthers	Tampa Bay Buccaneers	0 	0.0 	0 	0.0 	4.0 	62 	0.4 	0.0 	0.0 	0.0 	0.0 	12.7 	WR24		Carolina Panthers	Minnesota Vikings	0 	0.0 	0 	0.0 	4.0 	61 	0.4 	0.0 	0.0 	0.0 	0.0 	12.4 	WR25		Carolina Panthers	New Orleans Saints	0 	0.0 	0 	0.0 	4.0 	62 	0.4 	0.0 	0.0 	0.0 	0.0 	12.8 	WR20		Carolina Panthers	Cincinnati Bengals	0 	0.0 	0 	0.0 	4.1 	63 	0.4 	0.0 	0.0 	0.0 	0.0 	13.0 	WR21		Carolina Panthers	Pittsburgh Steelers	0 	0.0 	0 	0.0 	3.9 	61 	0.4 	0.0 	0.0 	0.0 	0.0 	12.2 	WR27		Carolina Panthers	Seattle Seahawks	0 	0.0 	0 	0.0 	4.0 	62 	0.4 	0.0 	0.0 	0.0 	0.0 	12.3 	WR25		Actual	Actual	Actual	Forecast	Forecast	Forecast	Forecast	Forecast	Forecast	Forecast	Forecast	Forecast	Forecast	Forecast	Forecast	Forecast	Forecast		Healthy	Healthy	Healthy	Healthy	Healthy	Healthy	Healthy	Healthy	Healthy	Healthy	Healthy	Healthy	Healthy	Healthy	Healthy	Healthy	Healthy		Week 4 2026	10/3/2026	9:38:40 AM	9		28%	27%	0%	0%	0%	0%		0.2 	0	0	0	0	0	0.190155 
	Malik Nabers	New York Giants	WR	WR30	11.6 	185 	0 	0.0 	0.0 	0.0 	0 	0.0 	0.0 	0.0 	66.1 	4.1 	864 	54.0 	5.6 	0.3 	0.0 	0.2 	0.0 	0.454 	1.000 	0.700 	1 	0.173 	0.000 	65 	27 	(38)	30 	12 	(18)	0.452 				-	-	Emmett Johnson	0.256 	RB42	Jordan Addison	0.329 	WR46		-	-		12.9 	1.1 	7.6 	12.3 	12.2 	12.7 	12.3 	0.0 	12.5 	13.0 	12.7 	12.7 	12.7 	12.6 	12.1 	13.1 	13.1 		WR26	WR85	WR48	WR21	WR23	WR18	WR24	-	WR25	WR19	WR17	WR23	WR21	WR22	WR30	WR20	WR20		WR25	12.6 	0.0 	0.0 	0.0 	0.0 	4.2 	59.1 	0.4 	24 	0.529 	1.000 	0.760 	1 	0.281 	0.000 	49 	0.534 		164 		-	-	Emmett Johnson	0.242 	RB45	Jordan Addison	0.339 	WR47		-	-		WR58	7.2 	0.0 	0.0 	0.0 	0.0 	18.0 	256.0 	1.9 	58 	0.208 	1.000 	0.420 	(0)	0.000 	0.000 	#N/A	0.220 		21.6 		-	-	Emmett Johnson	16 	RB44	Jordan Addison	24 	WR47		-	-					New York Giants	Dallas Cowboys	0 	0.0 	0 	0.0 	6.0 	69 	0.0 	0.0 	0.0 	0.0 	0.0 	12.9 	WR26		New York Giants	Los Angeles Rams	0 	0.0 	0 	0.0 	1.0 	1 	0.0 	0.0 	0.0 	0.0 	0.0 	1.1 	WR85		New York Giants	Tennessee Titans	0 	0.0 	0 	0.0 	5.0 	26 	0.0 	0.0 	0.0 	0.0 	0.0 	7.6 	WR48		New York Giants	Arizona Cardinals	0 	0.0 	0 	0.0 	4.1 	58 	0.4 	0.0 	0.0 	0.0 	0.0 	12.3 	WR21		New York Giants	Washington Commanders	0 	0.0 	0 	0.0 	4.0 	57 	0.4 	0.0 	0.0 	0.0 	0.0 	12.2 	WR23		New York Giants	New Orleans Saints	0 	0.0 	0 	0.0 	4.1 	59 	0.4 	0.0 	0.0 	0.0 	0.0 	12.7 	WR18		New York Giants	Houston Texans	0 	0.0 	0 	0.0 	4.1 	59 	0.4 	0.0 	0.0 	0.0 	0.0 	12.3 	WR24		New York Giants	BYE	0 	0.0 	0 	0.0 	0.0 	0 	0.0 	0.0 	0.0 	0.0 	0.0 	0.0 	-		New York Giants	Philadelphia Eagles	0 	0.0 	0 	0.0 	4.2 	59 	0.4 	0.0 	0.0 	0.0 	0.0 	12.5 	WR25		New York Giants	Washington Commanders	0 	0.0 	0 	0.0 	4.2 	60 	0.5 	0.0 	0.0 	0.0 	0.0 	13.0 	WR19		New York Giants	Jacksonville Jaguars	0 	0.0 	0 	0.0 	4.2 	59 	0.4 	0.0 	0.0 	0.0 	0.0 	12.7 	WR17		New York Giants	Indianapolis Colts	0 	0.0 	0 	0.0 	4.2 	59 	0.4 	0.0 	0.0 	0.0 	0.0 	12.7 	WR23		New York Giants	San Francisco 49ers	0 	0.0 	0 	0.0 	4.2 	59 	0.4 	0.0 	0.0 	0.0 	0.0 	12.7 	WR21		New York Giants	Seattle Seahawks	0 	0.0 	0 	0.0 	4.2 	60 	0.4 	0.0 	0.0 	0.0 	0.0 	12.6 	WR22		New York Giants	Cleveland Browns	0 	0.0 	0 	0.0 	4.0 	56 	0.4 	0.0 	0.0 	0.0 	0.0 	12.1 	WR30		New York Giants	Detroit Lions	0 	0.0 	0 	0.0 	4.3 	61 	0.5 	0.0 	0.0 	0.0 	0.0 	13.1 	WR20		New York Giants	Dallas Cowboys	0 	0.0 	0 	0.0 	4.3 	61 	0.5 	0.0 	0.0 	0.0 	0.0 	13.1 	WR20		Actual	Actual	Actual	Forecast	Forecast	Forecast	Forecast	Forecast	Forecast	Forecast	Forecast	Forecast	Forecast	Forecast	Forecast	Forecast	Forecast		Healthy	Healthy	Healthy	Healthy	Healthy	Healthy	Healthy	Healthy	Healthy	Healthy	Healthy	Healthy	Healthy	Healthy	Healthy	Healthy	Healthy		Week 4 2026	10/3/2026	9:38:40 AM	9		29%	32%	0%	0%	0%	0%		0.3 	0	0	0	0	0	0.313489 
	Rashee Rice	Kansas City Chiefs	WR	WR22	12.8 	205 	0 	0.0 	0.0 	0.0 	0 	0.0 	0.0 	0.0 	73.3 	4.6 	926 	57.9 	6.5 	0.4 	0.0 	0.2 	0.0 	0.502 	1.000 	0.780 	1 	0.249 	0.000 	45 	31 	(14)	22 	13 	(9)	0.526 				-	-	Brian Robinson Jr.	0.239 	RB45	Romeo Doubs	0.303 	WR50		-	-		9.9 	12.3 	15.8 	13.1 	0.0 	13.0 	12.4 	12.4 	12.3 	12.8 	13.0 	13.2 	12.8 	13.1 	12.9 	13.1 	12.6 		WR34	WR23	WR19	WR15	-	WR16	WR23	WR23	WR26	WR21	WR13	WR20	WR19	WR19	WR22	WR19	WR22		WR21	12.8 	0.0 	0.0 	0.0 	0.0 	4.6 	56.6 	0.4 	20 	0.538 	1.000 	0.800 	1 	0.297 	0.000 	43 	0.560 		167 		-	-	Brian Robinson Jr.	0.221 	RB48	Romeo Doubs	0.328 	WR48		-	-		WR23	12.7 	0.0 	0.0 	0.0 	0.0 	20.1 	245.2 	1.8 	23 	0.365 	1.000 	0.770 	1 	0.167 	0.000 	#N/A	0.468 		38.0 		-	-	Brian Robinson Jr.	23 	RB31	Romeo Doubs	21 	WR59		-	-					Kansas City Chiefs	Denver Broncos	0 	0.0 	0 	0.0 	2.0 	19 	1.0 	0.0 	0.0 	0.0 	0.0 	9.9 	WR34		Kansas City Chiefs	Indianapolis Colts	0 	0.0 	0 	0.0 	4.0 	83 	0.0 	0.0 	0.0 	0.0 	0.0 	12.3 	WR23		Kansas City Chiefs	Miami Dolphins	0 	0.0 	0 	0.0 	7.0 	88 	0.0 	0.0 	0.0 	0.0 	0.0 	15.8 	WR19		Kansas City Chiefs	Las Vegas Raiders	0 	0.0 	0 	0.0 	4.7 	57 	0.5 	0.0 	0.0 	0.0 	0.0 	13.1 	WR15		Kansas City Chiefs	BYE	0 	0.0 	0 	0.0 	0.0 	0 	0.0 	0.0 	0.0 	0.0 	0.0 	0.0 	-		Kansas City Chiefs	Los Angeles Chargers	0 	0.0 	0 	0.0 	4.7 	57 	0.4 	0.0 	0.0 	0.0 	0.0 	13.0 	WR16		Kansas City Chiefs	Seattle Seahawks	0 	0.0 	0 	0.0 	4.6 	56 	0.4 	0.0 	0.0 	0.0 	0.0 	12.4 	WR23		Kansas City Chiefs	Denver Broncos	0 	0.0 	0 	0.0 	4.5 	55 	0.4 	0.0 	0.0 	0.0 	0.0 	12.4 	WR23		Kansas City Chiefs	New York Jets	0 	0.0 	0 	0.0 	4.4 	54 	0.4 	0.0 	0.0 	0.0 	0.0 	12.3 	WR26		Kansas City Chiefs	Atlanta Falcons	0 	0.0 	0 	0.0 	4.6 	56 	0.4 	0.0 	0.0 	0.0 	0.0 	12.8 	WR21		Kansas City Chiefs	Arizona Cardinals	0 	0.0 	0 	0.0 	4.6 	56 	0.5 	0.0 	0.0 	0.0 	0.0 	13.0 	WR13		Kansas City Chiefs	Buffalo Bills	0 	0.0 	0 	0.0 	4.8 	58 	0.4 	0.0 	0.0 	0.0 	0.0 	13.2 	WR20		Kansas City Chiefs	Los Angeles Rams	0 	0.0 	0 	0.0 	4.7 	57 	0.4 	0.0 	0.0 	0.0 	0.0 	12.8 	WR19		Kansas City Chiefs	Cincinnati Bengals	0 	0.0 	0 	0.0 	4.7 	58 	0.4 	0.0 	0.0 	0.0 	0.0 	13.1 	WR19		Kansas City Chiefs	New England Patriots	0 	0.0 	0 	0.0 	4.7 	57 	0.4 	0.0 	0.0 	0.0 	0.0 	12.9 	WR22		Kansas City Chiefs	San Francisco 49ers	0 	0.0 	0 	0.0 	4.7 	58 	0.4 	0.0 	0.0 	0.0 	0.0 	13.1 	WR19		Kansas City Chiefs	Los Angeles Chargers	0 	0.0 	0 	0.0 	4.6 	56 	0.4 	0.0 	0.0 	0.0 	0.0 	12.6 	WR22		Actual	Actual	Actual	Forecast	Forecast	Forecast	Forecast	Forecast	Forecast	Forecast	Forecast	Forecast	Forecast	Forecast	Forecast	Forecast	Forecast		Healthy	Healthy	Healthy	Healthy	Healthy	Healthy	Healthy	Healthy	Healthy	Healthy	Healthy	Healthy	Healthy	Healthy	Healthy	Healthy	Healthy		Week 4 2026	10/3/2026	9:38:40 AM	9		26%	28%	0%	0%	0%	0%		0.1 	0	0	0	0	0	0.091400 
	Bhayshul Tuten	Jacksonville Jaguars	RB	RB21	12.5 	200 	0 	0.0 	0.0 	0.0 	1,053 	65.8 	7.7 	0.5 	27.7 	1.7 	215 	13.5 	0.6 	0.0 	0.0 	2.3 	0.0 	0.491 	1.000 	0.755 	1 	0.226 	0.000 	51 	56 	5 	21 	23 	2 	0.504 				-	-	Zach Charbonnet	0.216 	RB48	Caleb Douglas	0.310 	WR49		-	-		9.8 	14.2 	17.0 	12.2 	12.3 	11.8 	0.0 	13.6 	11.3 	12.4 	12.4 	13.2 	11.6 	12.3 	11.0 	12.1 	13.0 		RB28	RB13	RB11	RB22	RB23	RB20	-	RB16	RB23	RB17	RB18	RB21	RB19	RB21	RB25	RB22	RB21		RB22	12.3 	0.0 	0.0 	65.3 	0.4 	1.7 	13.8 	0.0 	22 	0.514 	1.000 	0.743 	1 	0.241 	0.000 	54 	0.508 		159 		-	-	Zach Charbonnet	0.248 	RB44	Caleb Douglas	0.345 	WR45		-	-		RB16	13.7 	0.0 	0.0 	283.1 	1.9 	7.6 	59.8 	0.2 	16 	0.394 	1.000 	0.816 	1 	0.225 	0.000 	#N/A	0.516 		41.0 		-	-	Zach Charbonnet	0 	RB69	Caleb Douglas	18 	WR63		-	-					Jacksonville Jaguars	Cleveland Browns	0 	0.0 	66 	0.0 	1.0 	22 	0.0 	0.0 	0.0 	0.0 	0.0 	9.8 	RB28		Jacksonville Jaguars	Denver Broncos	0 	0.0 	65 	1.0 	2.0 	(3)	0.0 	0.0 	0.0 	0.0 	0.0 	14.2 	RB13		Jacksonville Jaguars	New England Patriots	0 	0.0 	73 	1.0 	2.0 	17 	0.0 	0.0 	0.0 	0.0 	0.0 	17.0 	RB11		Jacksonville Jaguars	Cincinnati Bengals	0 	0.0 	64 	0.4 	1.8 	14 	0.1 	0.0 	0.2 	0.0 	0.0 	12.2 	RB22		Jacksonville Jaguars	Philadelphia Eagles	0 	0.0 	66 	0.4 	1.7 	14 	0.0 	0.0 	0.2 	0.0 	0.0 	12.3 	RB23		Jacksonville Jaguars	Houston Texans	0 	0.0 	64 	0.4 	1.7 	13 	0.0 	0.0 	0.2 	0.0 	0.0 	11.8 	RB20		Jacksonville Jaguars	BYE	0 	0.0 	0 	0.0 	0.0 	0 	0.0 	0.0 	0.0 	0.0 	0.0 	0.0 	-		Jacksonville Jaguars	Indianapolis Colts	0 	0.0 	73 	0.5 	1.8 	14 	0.1 	0.0 	0.2 	0.0 	0.0 	13.6 	RB16		Jacksonville Jaguars	Baltimore Ravens	0 	0.0 	59 	0.4 	1.8 	14 	0.0 	0.0 	0.2 	0.0 	0.0 	11.3 	RB23		Jacksonville Jaguars	Tennessee Titans	0 	0.0 	66 	0.5 	1.7 	14 	0.0 	0.0 	0.2 	0.0 	0.0 	12.4 	RB17		Jacksonville Jaguars	New York Giants	0 	0.0 	66 	0.5 	1.7 	14 	0.0 	0.0 	0.2 	0.0 	0.0 	12.4 	RB18		Jacksonville Jaguars	Tennessee Titans	0 	0.0 	71 	0.5 	1.7 	14 	0.1 	0.0 	0.2 	0.0 	0.0 	13.2 	RB21		Jacksonville Jaguars	Chicago Bears	0 	0.0 	62 	0.4 	1.7 	14 	0.0 	0.0 	0.2 	0.0 	0.0 	11.6 	RB19		Jacksonville Jaguars	Pittsburgh Steelers	0 	0.0 	66 	0.4 	1.7 	14 	0.0 	0.0 	0.2 	0.0 	0.0 	12.3 	RB21		Jacksonville Jaguars	Houston Texans	0 	0.0 	60 	0.4 	1.7 	13 	0.0 	0.0 	0.2 	0.0 	0.0 	11.0 	RB25		Jacksonville Jaguars	Dallas Cowboys	0 	0.0 	64 	0.4 	1.8 	14 	0.1 	0.0 	0.2 	0.0 	0.0 	12.1 	RB22		Jacksonville Jaguars	Washington Commanders	0 	0.0 	69 	0.5 	1.8 	14 	0.1 	0.0 	0.2 	0.0 	0.0 	13.0 	RB21		Actual	Actual	Actual	Forecast	Forecast	Forecast	Forecast	Forecast	Forecast	Forecast	Forecast	Forecast	Forecast	Forecast	Forecast	Forecast	Forecast		Healthy	Healthy	Healthy	Healthy	Healthy	Healthy	Healthy	Healthy	Healthy	Healthy	Healthy	Healthy	Healthy	Healthy	Healthy	Healthy	Healthy		Week 4 2026	10/3/2026	9:38:40 AM	9		6%	3%	55%	50%	0%	0%		(0.0)	0	0	0	0	0	(0.008164)
	Jaylen Waddle	Denver Broncos	WR	WR26	12.1 	194 	0 	0.0 	0.0 	0.0 	14 	0.9 	0.0 	0.0 	66.8 	4.2 	942 	58.9 	4.9 	0.3 	0.0 	0.2 	0.0 	0.474 	1.000 	0.740 	1 	0.205 	0.000 	54 	46 	(8)	26 	21 	(5)	0.486 				-	-	Raheim Sanders	0.227 	RB47	Luther Burden III	0.391 	WR38		-	-		1.2 	21.8 	6.4 	12.9 	12.8 	12.4 	12.9 	12.7 	12.8 	0.0 	12.6 	12.1 	12.7 	12.4 	12.5 	13.0 	12.3 		WR89	WR9	WR54	WR17	WR20	WR21	WR18	WR21	WR21	-	WR19	WR29	WR20	WR24	WR24	WR21	WR26		WR23	12.6 	0.0 	0.0 	0.0 	0.0 	4.3 	60.9 	0.4 	22 	0.530 	1.000 	0.780 	1 	0.283 	0.000 	46 	0.544 		164 		-	-	Raheim Sanders	0.229 	RB47	Luther Burden III	0.377 	WR41		-	-		WR35	9.8 	0.0 	0.0 	0.0 	0.0 	18.6 	264.0 	1.6 	35 	0.283 	1.000 	0.650 	0 	0.059 	0.000 	#N/A	0.358 		29.4 		-	-	Raheim Sanders	17 	RB40	Luther Burden III	36 	WR27		-	-					Denver Broncos	Kansas City Chiefs	0 	0.0 	0 	0.0 	1.0 	2 	0.0 	0.0 	0.0 	0.0 	0.0 	1.2 	WR89		Denver Broncos	Jacksonville Jaguars	0 	0.0 	0 	0.0 	8.0 	138 	0.0 	0.0 	0.0 	0.0 	0.0 	21.8 	WR9		Denver Broncos	Los Angeles Rams	0 	0.0 	14 	0.0 	2.0 	10 	0.0 	0.0 	0.0 	0.0 	1.0 	6.4 	WR54		Denver Broncos	San Francisco 49ers	0 	0.0 	0 	0.0 	4.4 	62 	0.4 	0.0 	0.0 	0.0 	0.0 	12.9 	WR17		Denver Broncos	Los Angeles Chargers	0 	0.0 	0 	0.0 	4.3 	62 	0.4 	0.0 	0.0 	0.0 	0.0 	12.8 	WR20		Denver Broncos	Seattle Seahawks	0 	0.0 	0 	0.0 	4.3 	61 	0.4 	0.0 	0.0 	0.0 	0.0 	12.4 	WR21		Denver Broncos	Arizona Cardinals	0 	0.0 	0 	0.0 	4.3 	61 	0.4 	0.0 	0.0 	0.0 	0.0 	12.9 	WR18		Denver Broncos	Kansas City Chiefs	0 	0.0 	0 	0.0 	4.3 	61 	0.4 	0.0 	0.0 	0.0 	0.0 	12.7 	WR21		Denver Broncos	Carolina Panthers	0 	0.0 	0 	0.0 	4.3 	62 	0.4 	0.0 	0.0 	0.0 	0.0 	12.8 	WR21		Denver Broncos	BYE	0 	0.0 	0 	0.0 	0.0 	0 	0.0 	0.0 	0.0 	0.0 	0.0 	0.0 	-		Denver Broncos	Las Vegas Raiders	0 	0.0 	0 	0.0 	4.3 	60 	0.4 	0.0 	0.0 	0.0 	0.0 	12.6 	WR19		Denver Broncos	Pittsburgh Steelers	0 	0.0 	0 	0.0 	4.2 	59 	0.3 	0.0 	0.0 	0.0 	0.0 	12.1 	WR29		Denver Broncos	Miami Dolphins	0 	0.0 	0 	0.0 	4.3 	60 	0.4 	0.0 	0.0 	0.0 	0.0 	12.7 	WR20		Denver Broncos	New York Jets	0 	0.0 	0 	0.0 	4.2 	60 	0.4 	0.0 	0.0 	0.0 	0.0 	12.4 	WR24		Denver Broncos	Las Vegas Raiders	0 	0.0 	0 	0.0 	4.3 	60 	0.4 	0.0 	0.0 	0.0 	0.0 	12.5 	WR24		Denver Broncos	Buffalo Bills	0 	0.0 	0 	0.0 	4.4 	63 	0.4 	0.0 	0.0 	0.0 	0.0 	13.0 	WR21		Denver Broncos	New England Patriots	0 	0.0 	0 	0.0 	4.2 	60 	0.3 	0.0 	0.0 	0.0 	0.0 	12.3 	WR26		Actual	Actual	Actual	Forecast	Forecast	Forecast	Forecast	Forecast	Forecast	Forecast	Forecast	Forecast	Forecast	Forecast	Forecast	Forecast	Forecast		Healthy	Healthy	Healthy	Healthy	Healthy	Healthy	Healthy	Healthy	Healthy	Healthy	Healthy	Healthy	Healthy	Healthy	Healthy	Healthy	Healthy		Week 4 2026	10/3/2026	9:38:40 AM	9		27%	26%	0%	0%	0%	0%		0.2 	0	0	0	0	0	0.185156 
	Jalen Hurts	Philadelphia Eagles	QB	QB7	17.4 	279 	3,344 	209.0 	23.8 	1.5 	455 	28.4 	4.8 	0.3 	0.0 	0.0 	0 	0.0 	0.0 	0.0 	11.4 	1.0 	0.0 	0.683 	0.460 	0.406 	1 	0.428 	0.000 	74 	61 	(13)	7 	5 	(2)	0.416 				-	-	Chris Rodriguez Jr.	0.197 	RB51	Michael Pittman Jr.	0.282 	WR52		-	-		24.7 	16.2 	12.6 	15.7 	16.2 	17.8 	18.6 	17.7 	18.0 	0.0 	17.5 	17.8 	18.1 	18.5 	16.9 	15.6 	16.8 		QB7	QB15	QB24	QB15	QB16	QB4	QB1	QB5	QB5	-	QB6	QB4	QB2	QB2	QB9	QB20	QB9		QB5	17.3 	209.6 	1.4 	28.3 	0.3 	0.0 	0.0 	0.0 	5 	0.727 	0.460 	0.424 	1 	0.559 	0.000 	62 	0.488 		225 		-	-	Chris Rodriguez Jr.	0.199 	RB51	Michael Pittman Jr.	0.344 	WR46		-	-		QB11	17.8 	908.1 	6.3 	122.6 	1.3 	0.0 	0.0 	0.0 	11 	0.514 	0.460 	0.363 	1 	0.281 	0.000 	#N/A	0.325 		53.5 		-	-	Chris Rodriguez Jr.	13 	RB52	Michael Pittman Jr.	12 	WR78		-	-					Philadelphia Eagles	Washington Commanders	203 	3.0 	46 	0.0 	0.0 	0 	0.0 	0.0 	0.0 	0.0 	0.0 	24.7 	QB7		Philadelphia Eagles	Tennessee Titans	264 	2.0 	16 	0.0 	0.0 	0 	0.0 	2.0 	0.0 	0.0 	0.0 	16.2 	QB15		Philadelphia Eagles	Chicago Bears	153 	0.0 	25 	1.0 	0.0 	0 	0.0 	1.0 	0.0 	0.0 	0.0 	12.6 	QB24		Philadelphia Eagles	Los Angeles Rams	207 	1.3 	24 	0.2 	0.0 	0 	0.0 	0.6 	0.1 	0.0 	0.0 	15.7 	QB15		Philadelphia Eagles	Jacksonville Jaguars	207 	1.3 	26 	0.2 	0.0 	0 	0.0 	0.6 	0.1 	0.0 	0.0 	16.2 	QB16		Philadelphia Eagles	Carolina Panthers	206 	1.5 	31 	0.3 	0.0 	0 	0.0 	0.6 	0.1 	0.0 	0.0 	17.8 	QB4		Philadelphia Eagles	Dallas Cowboys	219 	1.6 	29 	0.3 	0.0 	0 	0.0 	0.6 	0.1 	0.0 	0.0 	18.6 	QB1		Philadelphia Eagles	Washington Commanders	213 	1.5 	28 	0.3 	0.0 	0 	0.0 	0.6 	0.1 	0.0 	0.0 	17.7 	QB5		Philadelphia Eagles	New York Giants	211 	1.5 	30 	0.3 	0.0 	0 	0.0 	0.6 	0.1 	0.0 	0.0 	18.0 	QB5		Philadelphia Eagles	BYE	0 	0.0 	0 	0.0 	0.0 	0 	0.0 	0.0 	0.0 	0.0 	0.0 	0.0 	-		Philadelphia Eagles	Pittsburgh Steelers	208 	1.5 	29 	0.3 	0.0 	0 	0.0 	0.6 	0.1 	0.0 	0.0 	17.5 	QB6		Philadelphia Eagles	Dallas Cowboys	218 	1.5 	27 	0.3 	0.0 	0 	0.0 	0.6 	0.1 	0.0 	0.0 	17.8 	QB4		Philadelphia Eagles	Arizona Cardinals	204 	1.5 	33 	0.4 	0.0 	0 	0.0 	0.6 	0.1 	0.0 	0.0 	18.1 	QB2		Philadelphia Eagles	Indianapolis Colts	214 	1.6 	30 	0.3 	0.0 	0 	0.0 	0.6 	0.1 	0.0 	0.0 	18.5 	QB2		Philadelphia Eagles	Seattle Seahawks	208 	1.4 	28 	0.3 	0.0 	0 	0.0 	0.6 	0.1 	0.0 	0.0 	16.9 	QB9		Philadelphia Eagles	Houston Texans	199 	1.2 	26 	0.2 	0.0 	0 	0.0 	0.6 	0.1 	0.0 	0.0 	15.6 	QB20		Philadelphia Eagles	San Francisco 49ers	211 	1.4 	26 	0.3 	0.0 	0 	0.0 	0.6 	0.1 	0.0 	0.0 	16.8 	QB9		Actual	Actual	Actual	Forecast	Forecast	Forecast	Forecast	Forecast	Forecast	Forecast	Forecast	Forecast	Forecast	Forecast	Forecast	Forecast	Forecast		Healthy	Healthy	Healthy	Healthy	Healthy	Healthy	Healthy	Healthy	Healthy	Healthy	Healthy	Healthy	Healthy	Healthy	Healthy	Healthy	Healthy		Week 4 2026	10/3/2026	9:38:40 AM	9		0%	0%	21%	29%	99%	99%		0.2 	0	0	0	0	0	0.163174 
	Emeka Egbuka	Tampa Bay Buccaneers	WR	WR25	12.2 	196 	0 	0.0 	0.0 	0.0 	(3)	(0.2)	0.0 	0.0 	72.6 	4.5 	874 	54.6 	6.1 	0.4 	0.0 	0.2 	0.0 	0.480 	1.000 	0.750 	1 	0.214 	0.000 	52 	42 	(10)	25 	19 	(6)	0.495 				-	-	Kaelon Black	0.191 	RB52	Tre Tucker	0.324 	WR47		-	-		11.3 	10.3 	11.2 	11.6 	12.4 	12.5 	12.5 	12.7 	12.8 	0.0 	12.8 	12.7 	12.4 	12.7 	12.8 	12.5 	12.7 		WR29	WR28	WR35	WR29	WR22	WR20	WR21	WR20	WR20	-	WR15	WR25	WR24	WR21	WR23	WR26	WR21		WR26	12.5 	0.0 	0.0 	0.0 	0.0 	4.6 	56.4 	0.4 	25 	0.526 	1.000 	0.750 	1 	0.276 	0.000 	50 	0.527 		163 		-	-	Kaelon Black	0.205 	RB50	Tre Tucker	0.288 	WR51		-	-		WR31	10.9 	0.0 	0.0 	0.0 	0.0 	19.9 	244.3 	1.7 	31 	0.315 	1.000 	0.690 	0 	0.102 	0.000 	#N/A	0.398 		32.8 		-	-	Kaelon Black	12 	RB55	Tre Tucker	36 	WR26		-	-					Tampa Bay Buccaneers	Cincinnati Bengals	0 	0.0 	0 	0.0 	5.0 	63 	0.0 	0.0 	0.0 	0.0 	0.0 	11.3 	WR29		Tampa Bay Buccaneers	Cleveland Browns	0 	0.0 	(3)	0.0 	3.0 	16 	1.0 	0.0 	0.0 	0.0 	0.0 	10.3 	WR28		Tampa Bay Buccaneers	Minnesota Vikings	0 	0.0 	0 	0.0 	5.0 	62 	0.0 	0.0 	0.0 	0.0 	0.0 	11.2 	WR35		Tampa Bay Buccaneers	Green Bay Packers	0 	0.0 	0 	0.0 	4.3 	53 	0.3 	0.0 	0.0 	0.0 	0.0 	11.6 	WR29		Tampa Bay Buccaneers	Dallas Cowboys	0 	0.0 	0 	0.0 	4.6 	57 	0.4 	0.0 	0.0 	0.0 	0.0 	12.4 	WR22		Tampa Bay Buccaneers	Pittsburgh Steelers	0 	0.0 	0 	0.0 	4.5 	56 	0.4 	0.0 	0.0 	0.0 	0.0 	12.5 	WR20		Tampa Bay Buccaneers	Carolina Panthers	0 	0.0 	0 	0.0 	4.5 	56 	0.4 	0.0 	0.0 	0.0 	0.0 	12.5 	WR21		Tampa Bay Buccaneers	Atlanta Falcons	0 	0.0 	0 	0.0 	4.6 	56 	0.4 	0.0 	0.0 	0.0 	0.0 	12.7 	WR20		Tampa Bay Buccaneers	Chicago Bears	0 	0.0 	0 	0.0 	4.7 	58 	0.4 	0.0 	0.0 	0.0 	0.0 	12.8 	WR20		Tampa Bay Buccaneers	BYE	0 	0.0 	0 	0.0 	0.0 	0 	0.0 	0.0 	0.0 	0.0 	0.0 	0.0 	-		Tampa Bay Buccaneers	Detroit Lions	0 	0.0 	0 	0.0 	4.7 	58 	0.4 	0.0 	0.0 	0.0 	0.0 	12.8 	WR15		Tampa Bay Buccaneers	Carolina Panthers	0 	0.0 	0 	0.0 	4.6 	56 	0.4 	0.0 	0.0 	0.0 	0.0 	12.7 	WR25		Tampa Bay Buccaneers	Los Angeles Chargers	0 	0.0 	0 	0.0 	4.5 	56 	0.4 	0.0 	0.0 	0.0 	0.0 	12.4 	WR24		Tampa Bay Buccaneers	Baltimore Ravens	0 	0.0 	0 	0.0 	4.7 	58 	0.4 	0.0 	0.0 	0.0 	0.0 	12.7 	WR21		Tampa Bay Buccaneers	New Orleans Saints	0 	0.0 	0 	0.0 	4.6 	57 	0.4 	0.0 	0.0 	0.0 	0.0 	12.8 	WR23		Tampa Bay Buccaneers	Atlanta Falcons	0 	0.0 	0 	0.0 	4.5 	56 	0.4 	0.0 	0.0 	0.0 	0.0 	12.5 	WR26		Tampa Bay Buccaneers	Los Angeles Rams	0 	0.0 	0 	0.0 	4.6 	57 	0.4 	0.0 	0.0 	0.0 	0.0 	12.7 	WR21		Actual	Actual	Actual	Forecast	Forecast	Forecast	Forecast	Forecast	Forecast	Forecast	Forecast	Forecast	Forecast	Forecast	Forecast	Forecast	Forecast		Healthy	Healthy	Healthy	Healthy	Healthy	Healthy	Healthy	Healthy	Healthy	Healthy	Healthy	Healthy	Healthy	Healthy	Healthy	Healthy	Healthy		Week 4 2026	10/3/2026	9:38:40 AM	9		25%	25%	0%	0%	0%	0%		0.1 	0	0	0	0	0	0.128612 
	Jeremiyah Love	Arizona Cardinals	RB	RB19	13.0 	208 	0 	0.0 	0.0 	0.0 	813 	50.8 	4.9 	0.3 	51.2 	3.2 	312 	19.5 	3.3 	0.2 	0.0 	2.2 	0.0 	0.510 	1.000 	0.780 	1 	0.256 	0.000 	44 	30 	(14)	19 	15 	(4)	0.530 				-	-	Kenny Gainwell	0.210 	RB49	Devaughn Vele	0.341 	WR44		-	-		13.0 	7.5 	21.9 	14.8 	14.1 	11.7 	12.1 	12.2 	11.4 	12.2 	11.6 	13.6 	11.9 	0.0 	14.1 	12.8 	13.5 		RB21	RB35	RB3	RB12	RB13	RB21	RB20	RB20	RB22	RB18	RB19	RB18	RB18	-	RB18	RB19	RB19		RB19	12.8 	0.0 	0.0 	50.2 	0.3 	3.2 	20.6 	0.2 	19 	0.536 	1.000 	0.780 	1 	0.275 	0.000 	47 	0.541 		166 		-	-	Kenny Gainwell	0.215 	RB49	Devaughn Vele	0.301 	WR49		-	-		RB14	14.1 	0.0 	0.0 	217.7 	1.3 	13.7 	89.2 	0.8 	14 	0.407 	1.000 	0.840 	1 	0.244 	0.000 	#N/A	0.537 		42.4 		-	-	Kenny Gainwell	10 	RB61	Devaughn Vele	38 	WR22		-	-					Arizona Cardinals	Los Angeles Chargers	0 	0.0 	41 	1.0 	2.0 	9 	0.0 	0.0 	0.0 	0.0 	0.0 	13.0 	RB21		Arizona Cardinals	Seattle Seahawks	0 	0.0 	29 	0.0 	3.0 	16 	0.0 	0.0 	0.0 	0.0 	0.0 	7.5 	RB35		Arizona Cardinals	San Francisco 49ers	0 	0.0 	90 	0.0 	5.0 	19 	1.0 	0.0 	0.0 	0.0 	0.0 	21.9 	RB3		Arizona Cardinals	New York Giants	0 	0.0 	62 	0.4 	3.2 	21 	0.2 	0.0 	0.2 	0.0 	0.0 	14.8 	RB12		Arizona Cardinals	Detroit Lions	0 	0.0 	53 	0.4 	3.4 	22 	0.2 	0.0 	0.2 	0.0 	0.0 	14.1 	RB13		Arizona Cardinals	Los Angeles Rams	0 	0.0 	45 	0.2 	3.1 	20 	0.2 	0.0 	0.2 	0.0 	0.0 	11.7 	RB21		Arizona Cardinals	Denver Broncos	0 	0.0 	46 	0.3 	3.2 	21 	0.2 	0.0 	0.2 	0.0 	0.0 	12.1 	RB20		Arizona Cardinals	Dallas Cowboys	0 	0.0 	46 	0.3 	3.2 	21 	0.2 	0.0 	0.2 	0.0 	0.0 	12.2 	RB20		Arizona Cardinals	Seattle Seahawks	0 	0.0 	44 	0.2 	3.1 	20 	0.1 	0.0 	0.2 	0.0 	0.0 	11.4 	RB22		Arizona Cardinals	Los Angeles Rams	0 	0.0 	46 	0.3 	3.2 	21 	0.2 	0.0 	0.2 	0.0 	0.0 	12.2 	RB18		Arizona Cardinals	Kansas City Chiefs	0 	0.0 	45 	0.2 	3.1 	20 	0.2 	0.0 	0.2 	0.0 	0.0 	11.6 	RB19		Arizona Cardinals	Washington Commanders	0 	0.0 	54 	0.3 	3.2 	21 	0.2 	0.0 	0.2 	0.0 	0.0 	13.6 	RB18		Arizona Cardinals	Philadelphia Eagles	0 	0.0 	46 	0.3 	3.1 	20 	0.2 	0.0 	0.2 	0.0 	0.0 	11.9 	RB18		Arizona Cardinals	BYE	0 	0.0 	0 	0.0 	0.0 	0 	0.0 	0.0 	0.0 	0.0 	0.0 	0.0 	-		Arizona Cardinals	New York Jets	0 	0.0 	60 	0.4 	3.1 	20 	0.2 	0.0 	0.2 	0.0 	0.0 	14.1 	RB18		Arizona Cardinals	New Orleans Saints	0 	0.0 	50 	0.3 	3.2 	21 	0.2 	0.0 	0.2 	0.0 	0.0 	12.8 	RB19		Arizona Cardinals	Las Vegas Raiders	0 	0.0 	56 	0.3 	3.1 	20 	0.2 	0.0 	0.2 	0.0 	0.0 	13.5 	RB19		Actual	Actual	Actual	Forecast	Forecast	Forecast	Forecast	Forecast	Forecast	Forecast	Forecast	Forecast	Forecast	Forecast	Forecast	Forecast	Forecast		Healthy	Healthy	Healthy	Healthy	Healthy	Healthy	Healthy	Healthy	Healthy	Healthy	Healthy	Healthy	Healthy	Healthy	Healthy	Healthy	Healthy		Week 4 2026	10/3/2026	9:38:40 AM	9		9%	12%	53%	50%	0%	0%		0.0 	0	0	0	0	0	0.004403 
	George Kittle	San Francisco 49ers	TE	TE4	12.9 	206 	0 	0.0 	0.0 	0.0 	0 	0.0 	0.0 	0.0 	68.1 	4.3 	876 	54.7 	8.5 	0.5 	0.0 	0.2 	0.0 	0.506 	0.560 	0.533 	1 	0.503 	0.000 	48 	82 	34 	4 	9 	5 	0.516 				-	-	Keaton Mitchell	0.205 	RB50	Brian Thomas Jr.	0.250 	WR55		-	-		3.2 	18.0 	26.2 	12.4 	11.9 	12.8 	12.3 	0.0 	12.1 	12.8 	12.4 	12.0 	12.4 	12.2 	12.0 	11.8 	12.0 		TE31	TE7	TE2	TE5	TE5	TE4	TE4	-	TE5	TE4	TE4	TE5	TE3	TE3	TE4	TE5	TE5		TE4	12.2 	0.0 	0.0 	0.0 	0.0 	4.3 	54.0 	0.4 	4 	0.513 	0.560 	0.533 	1 	0.467 	0.000 	57 	0.500 		159 		-	-	Keaton Mitchell	0.193 	RB52	Brian Thomas Jr.	0.268 	WR53		-	-		TE4	15.8 	0.0 	0.0 	0.0 	0.0 	18.7 	233.9 	1.8 	4 	0.456 	0.560 	0.533 	2 	0.680 	0.000 	#N/A	0.588 		47.4 		-	-	Keaton Mitchell	20 	RB34	Brian Thomas Jr.	16 	WR69		-	-					San Francisco 49ers	Los Angeles Rams	0 	0.0 	0 	0.0 	2.0 	12 	0.0 	0.0 	0.0 	0.0 	0.0 	3.2 	TE31		San Francisco 49ers	Miami Dolphins	0 	0.0 	0 	0.0 	4.0 	80 	1.0 	0.0 	0.0 	0.0 	0.0 	18.0 	TE7		San Francisco 49ers	Arizona Cardinals	0 	0.0 	0 	0.0 	6.0 	82 	2.0 	0.0 	0.0 	0.0 	0.0 	26.2 	TE2		San Francisco 49ers	Denver Broncos	0 	0.0 	0 	0.0 	4.4 	55 	0.4 	0.0 	0.0 	0.0 	0.0 	12.4 	TE5		San Francisco 49ers	Seattle Seahawks	0 	0.0 	0 	0.0 	4.3 	53 	0.4 	0.0 	0.0 	0.0 	0.0 	11.9 	TE5		San Francisco 49ers	Washington Commanders	0 	0.0 	0 	0.0 	4.5 	56 	0.5 	0.0 	0.0 	0.0 	0.0 	12.8 	TE4		San Francisco 49ers	Atlanta Falcons	0 	0.0 	0 	0.0 	4.3 	54 	0.4 	0.0 	0.0 	0.0 	0.0 	12.3 	TE4		San Francisco 49ers	BYE	0 	0.0 	0 	0.0 	0.0 	0 	0.0 	0.0 	0.0 	0.0 	0.0 	0.0 	-		San Francisco 49ers	Las Vegas Raiders	0 	0.0 	0 	0.0 	4.2 	53 	0.4 	0.0 	0.0 	0.0 	0.0 	12.1 	TE5		San Francisco 49ers	Dallas Cowboys	0 	0.0 	0 	0.0 	4.5 	56 	0.5 	0.0 	0.0 	0.0 	0.0 	12.8 	TE4		San Francisco 49ers	Minnesota Vikings	0 	0.0 	0 	0.0 	4.3 	54 	0.4 	0.0 	0.0 	0.0 	0.0 	12.4 	TE4		San Francisco 49ers	Seattle Seahawks	0 	0.0 	0 	0.0 	4.3 	53 	0.4 	0.0 	0.0 	0.0 	0.0 	12.0 	TE5		San Francisco 49ers	New York Giants	0 	0.0 	0 	0.0 	4.4 	55 	0.4 	0.0 	0.0 	0.0 	0.0 	12.4 	TE3		San Francisco 49ers	Los Angeles Rams	0 	0.0 	0 	0.0 	4.3 	54 	0.4 	0.0 	0.0 	0.0 	0.0 	12.2 	TE3		San Francisco 49ers	Los Angeles Chargers	0 	0.0 	0 	0.0 	4.3 	53 	0.4 	0.0 	0.0 	0.0 	0.0 	12.0 	TE4		San Francisco 49ers	Kansas City Chiefs	0 	0.0 	0 	0.0 	4.2 	53 	0.4 	0.0 	0.0 	0.0 	0.0 	11.8 	TE5		San Francisco 49ers	Philadelphia Eagles	0 	0.0 	0 	0.0 	4.2 	53 	0.4 	0.0 	0.0 	0.0 	0.0 	12.0 	TE5		Actual	Actual	Actual	Forecast	Forecast	Forecast	Forecast	Forecast	Forecast	Forecast	Forecast	Forecast	Forecast	Forecast	Forecast	Forecast	Forecast		Healthy	Healthy	Healthy	Healthy	Healthy	Healthy	Healthy	Healthy	Healthy	Healthy	Healthy	Healthy	Healthy	Healthy	Healthy	Healthy	Healthy		Week 4 2026	10/3/2026	9:38:40 AM	9		23%	25%	0%	0%	0%	0%		(0.1)	0	0	0	0	0	(0.087321)
	David Montgomery	Houston Texans	RB	RB22	12.1 	194 	0 	0.0 	0.0 	0.0 	884 	55.3 	8.8 	0.6 	26.3 	1.6 	192 	12.0 	2.0 	0.1 	0.0 	2.1 	0.0 	0.476 	1.000 	0.743 	1 	0.204 	0.000 	53 	49 	(4)	22 	22 	0 	0.487 				-	-	Jonathon Brooks	0.159 	RB57	Courtland Sutton	0.241 	WR57		-	-		28.9 	4.4 	6.8 	12.9 	12.7 	11.0 	12.8 	0.0 	11.0 	11.9 	13.1 	12.2 	11.6 	12.0 	12.1 	10.1 	10.8 		RB7	RB45	RB35	RB19	RB20	RB23	RB17	-	RB25	RB20	RB16	RB22	RB20	RB23	RB21	RB28	RB25		RB23	11.9 	0.0 	0.0 	60.1 	0.5 	1.5 	11.1 	0.1 	23 	0.498 	1.000 	0.731 	1 	0.216 	0.000 	61 	0.490 		154 		-	-	Jonathon Brooks	0.184 	RB53	Courtland Sutton	0.262 	WR54		-	-		RB18	13.4 	0.0 	0.0 	260.4 	2.3 	6.4 	48.2 	0.3 	18 	0.385 	1.000 	0.792 	1 	0.213 	0.000 	#N/A	0.499 		40.1 		-	-	Jonathon Brooks	9 	RB62	Courtland Sutton	16 	WR68		-	-					Houston Texans	Buffalo Bills	0 	0.0 	60 	2.0 	3.0 	19 	1.0 	0.0 	0.0 	0.0 	0.0 	28.9 	RB7		Houston Texans	Cincinnati Bengals	0 	0.0 	10 	0.0 	2.0 	14 	0.0 	0.0 	0.0 	0.0 	0.0 	4.4 	RB45		Houston Texans	Indianapolis Colts	0 	0.0 	33 	0.0 	2.0 	15 	0.0 	0.0 	0.0 	0.0 	0.0 	6.8 	RB35		Houston Texans	Dallas Cowboys	0 	0.0 	63 	0.6 	1.6 	12 	0.1 	0.0 	0.2 	0.0 	0.0 	12.9 	RB19		Houston Texans	Tennessee Titans	0 	0.0 	66 	0.6 	1.4 	11 	0.1 	0.0 	0.2 	0.0 	0.0 	12.7 	RB20		Houston Texans	Jacksonville Jaguars	0 	0.0 	56 	0.5 	1.5 	11 	0.1 	0.0 	0.2 	0.0 	0.0 	11.0 	RB23		Houston Texans	New York Giants	0 	0.0 	65 	0.6 	1.5 	11 	0.1 	0.0 	0.2 	0.0 	0.0 	12.8 	RB17		Houston Texans	BYE	0 	0.0 	0 	0.0 	0.0 	0 	0.0 	0.0 	0.0 	0.0 	0.0 	0.0 	-		Houston Texans	Los Angeles Chargers	0 	0.0 	56 	0.5 	1.5 	11 	0.1 	0.0 	0.2 	0.0 	0.0 	11.0 	RB25		Houston Texans	Cleveland Browns	0 	0.0 	62 	0.5 	1.4 	11 	0.1 	0.0 	0.2 	0.0 	0.0 	11.9 	RB20		Houston Texans	Indianapolis Colts	0 	0.0 	66 	0.6 	1.5 	11 	0.1 	0.0 	0.2 	0.0 	0.0 	13.1 	RB16		Houston Texans	Baltimore Ravens	0 	0.0 	61 	0.5 	1.5 	11 	0.1 	0.0 	0.2 	0.0 	0.0 	12.2 	RB22		Houston Texans	Pittsburgh Steelers	0 	0.0 	59 	0.5 	1.5 	11 	0.1 	0.0 	0.2 	0.0 	0.0 	11.6 	RB20		Houston Texans	Washington Commanders	0 	0.0 	61 	0.5 	1.5 	11 	0.1 	0.0 	0.2 	0.0 	0.0 	12.0 	RB23		Houston Texans	Jacksonville Jaguars	0 	0.0 	61 	0.5 	1.5 	11 	0.1 	0.0 	0.2 	0.0 	0.0 	12.1 	RB21		Houston Texans	Philadelphia Eagles	0 	0.0 	53 	0.4 	1.4 	10 	0.1 	0.0 	0.2 	0.0 	0.0 	10.1 	RB28		Houston Texans	Green Bay Packers	0 	0.0 	55 	0.4 	1.5 	11 	0.1 	0.0 	0.2 	0.0 	0.0 	10.8 	RB25		Actual	Actual	Actual	Forecast	Forecast	Forecast	Forecast	Forecast	Forecast	Forecast	Forecast	Forecast	Forecast	Forecast	Forecast	Forecast	Forecast		Healthy	Healthy	Healthy	Healthy	Healthy	Healthy	Healthy	Healthy	Healthy	Healthy	Healthy	Healthy	Healthy	Healthy	Healthy	Healthy	Healthy		Week 4 2026	10/3/2026	9:38:40 AM	9		5%	5%	51%	59%	0%	0%		(0.0)	0	0	0	0	0	(0.009285)
	Mike Evans	San Francisco 49ers	WR	WR24	12.4 	198 	0 	0.0 	0.0 	0.0 	0 	0.0 	0.0 	0.0 	68.8 	4.3 	836 	52.3 	7.7 	0.5 	0.0 	0.2 	0.0 	0.486 	1.000 	0.760 	1 	0.223 	0.000 	50 	67 	17 	24 	30 	6 	0.504 				-	-	Jonah Coleman	0.118 	RB63	Keenan Allen	0.295 	WR51		-	-		16.9 	8.4 	12.4 	12.0 	12.1 	13.0 	12.5 	0.0 	12.3 	12.9 	12.5 	12.1 	12.6 	12.4 	12.1 	11.9 	12.1 		WR14	WR37	WR31	WR26	WR24	WR17	WR22	-	WR27	WR20	WR20	WR30	WR22	WR23	WR29	WR28	WR28		WR27	12.4 	0.0 	0.0 	0.0 	0.0 	4.4 	53.8 	0.4 	26 	0.519 	1.000 	0.740 	1 	0.263 	0.000 	53 	0.516 		161 		-	-	Jonah Coleman	0.099 	RB66	Keenan Allen	0.295 	WR50		-	-		WR24	12.6 	0.0 	0.0 	0.0 	0.0 	18.9 	233.0 	1.9 	24 	0.362 	1.000 	0.760 	1 	0.163 	0.000 	#N/A	0.462 		37.7 		-	-	Jonah Coleman	15 	RB46	Keenan Allen	29 	WR38		-	-					San Francisco 49ers	Los Angeles Rams	0 	0.0 	0 	0.0 	6.0 	49 	1.0 	0.0 	0.0 	0.0 	0.0 	16.9 	WR14		San Francisco 49ers	Miami Dolphins	0 	0.0 	0 	0.0 	3.0 	54 	0.0 	0.0 	0.0 	0.0 	0.0 	8.4 	WR37		San Francisco 49ers	Arizona Cardinals	0 	0.0 	0 	0.0 	3.0 	34 	1.0 	0.0 	0.0 	0.0 	0.0 	12.4 	WR31		San Francisco 49ers	Denver Broncos	0 	0.0 	0 	0.0 	4.2 	52 	0.4 	0.0 	0.0 	0.0 	0.0 	12.0 	WR26		San Francisco 49ers	Seattle Seahawks	0 	0.0 	0 	0.0 	4.3 	53 	0.4 	0.0 	0.0 	0.0 	0.0 	12.1 	WR24		San Francisco 49ers	Washington Commanders	0 	0.0 	0 	0.0 	4.5 	56 	0.5 	0.0 	0.0 	0.0 	0.0 	13.0 	WR17		San Francisco 49ers	Atlanta Falcons	0 	0.0 	0 	0.0 	4.4 	54 	0.5 	0.0 	0.0 	0.0 	0.0 	12.5 	WR22		San Francisco 49ers	BYE	0 	0.0 	0 	0.0 	0.0 	0 	0.0 	0.0 	0.0 	0.0 	0.0 	0.0 	-		San Francisco 49ers	Las Vegas Raiders	0 	0.0 	0 	0.0 	4.3 	53 	0.5 	0.0 	0.0 	0.0 	0.0 	12.3 	WR27		San Francisco 49ers	Dallas Cowboys	0 	0.0 	0 	0.0 	4.6 	56 	0.5 	0.0 	0.0 	0.0 	0.0 	12.9 	WR20		San Francisco 49ers	Minnesota Vikings	0 	0.0 	0 	0.0 	4.4 	54 	0.4 	0.0 	0.0 	0.0 	0.0 	12.5 	WR20		San Francisco 49ers	Seattle Seahawks	0 	0.0 	0 	0.0 	4.3 	53 	0.4 	0.0 	0.0 	0.0 	0.0 	12.1 	WR30		San Francisco 49ers	New York Giants	0 	0.0 	0 	0.0 	4.4 	55 	0.5 	0.0 	0.0 	0.0 	0.0 	12.6 	WR22		San Francisco 49ers	Los Angeles Rams	0 	0.0 	0 	0.0 	4.4 	54 	0.4 	0.0 	0.0 	0.0 	0.0 	12.4 	WR23		San Francisco 49ers	Los Angeles Chargers	0 	0.0 	0 	0.0 	4.3 	53 	0.4 	0.0 	0.0 	0.0 	0.0 	12.1 	WR29		San Francisco 49ers	Kansas City Chiefs	0 	0.0 	0 	0.0 	4.3 	53 	0.4 	0.0 	0.0 	0.0 	0.0 	11.9 	WR28		San Francisco 49ers	Philadelphia Eagles	0 	0.0 	0 	0.0 	4.3 	53 	0.4 	0.0 	0.0 	0.0 	0.0 	12.1 	WR28		Actual	Actual	Actual	Forecast	Forecast	Forecast	Forecast	Forecast	Forecast	Forecast	Forecast	Forecast	Forecast	Forecast	Forecast	Forecast	Forecast		Healthy	Healthy	Healthy	Limited / Handicapped	Healthy	Healthy	Healthy	Healthy	Healthy	Healthy	Healthy	Healthy	Healthy	Healthy	Healthy	Healthy	Healthy		Week 4 2026	10/3/2026	9:38:40 AM	9		23%	26%	0%	0%	0%	0%		0.1 	0	0	0	0	0	0.054146 
	Quinshon Judkins	Cleveland Browns	RB	RB23	11.7 	188 	0 	0.0 	0.0 	0.0 	861 	53.8 	4.9 	0.3 	44.3 	2.8 	286 	17.9 	0.7 	0.0 	0.0 	2.4 	0.0 	0.460 	1.000 	0.731 	1 	0.179 	0.000 	59 	45 	(14)	23 	20 	(3)	0.469 				-	-	Braelon Allen	0.171 	RB55	Adonai Mitchell	0.229 	WR59		-	-		7.0 	9.8 	9.9 	12.3 	12.4 	12.1 	12.6 	11.4 	12.3 	11.7 	0.0 	13.4 	12.8 	13.6 	12.0 	11.1 	13.1 		RB39	RB24	RB25	RB21	RB22	RB19	RB19	RB22	RB19	RB21	-	RB19	RB16	RB17	RB22	RB24	RB20		RB20	12.4 	0.0 	0.0 	56.7 	0.4 	2.7 	17.9 	0.1 	20 	0.519 	1.000 	0.768 	1 	0.249 	0.000 	51 	0.523 		161 		-	-	Braelon Allen	0.146 	RB59	Adonai Mitchell	0.229 	WR60		-	-		RB26	8.9 	0.0 	0.0 	245.5 	1.6 	11.8 	77.7 	0.2 	26 	0.257 	1.000 	0.694 	0 	0.031 	0.000 	#N/A	0.363 		26.7 		-	-	Braelon Allen	17 	RB39	Adonai Mitchell	21 	WR57		-	-					Cleveland Browns	Jacksonville Jaguars	0 	0.0 	33 	0.0 	2.0 	17 	0.0 	0.0 	0.0 	0.0 	0.0 	7.0 	RB39		Cleveland Browns	Tampa Bay Buccaneers	0 	0.0 	21 	0.0 	5.0 	27 	0.0 	0.0 	0.0 	0.0 	0.0 	9.8 	RB24		Cleveland Browns	Carolina Panthers	0 	0.0 	70 	0.0 	2.0 	9 	0.0 	0.0 	0.0 	0.0 	0.0 	9.9 	RB25		Cleveland Browns	Pittsburgh Steelers	0 	0.0 	58 	0.4 	2.6 	17 	0.1 	0.0 	0.2 	0.0 	0.0 	12.3 	RB21		Cleveland Browns	New York Jets	0 	0.0 	58 	0.4 	2.7 	18 	0.1 	0.0 	0.2 	0.0 	0.0 	12.4 	RB22		Cleveland Browns	Baltimore Ravens	0 	0.0 	53 	0.4 	2.8 	19 	0.1 	0.0 	0.2 	0.0 	0.0 	12.1 	RB19		Cleveland Browns	Tennessee Titans	0 	0.0 	59 	0.4 	2.7 	18 	0.1 	0.0 	0.2 	0.0 	0.0 	12.6 	RB19		Cleveland Browns	Pittsburgh Steelers	0 	0.0 	51 	0.3 	2.7 	18 	0.0 	0.0 	0.2 	0.0 	0.0 	11.4 	RB22		Cleveland Browns	New Orleans Saints	0 	0.0 	56 	0.4 	2.7 	18 	0.1 	0.0 	0.2 	0.0 	0.0 	12.3 	RB19		Cleveland Browns	Houston Texans	0 	0.0 	54 	0.3 	2.6 	17 	0.0 	0.0 	0.2 	0.0 	0.0 	11.7 	RB21		Cleveland Browns	BYE	0 	0.0 	0 	0.0 	0.0 	0 	0.0 	0.0 	0.0 	0.0 	0.0 	0.0 	-		Cleveland Browns	Las Vegas Raiders	0 	0.0 	63 	0.4 	2.7 	18 	0.1 	0.0 	0.2 	0.0 	0.0 	13.4 	RB19		Cleveland Browns	Cincinnati Bengals	0 	0.0 	57 	0.4 	2.8 	19 	0.1 	0.0 	0.2 	0.0 	0.0 	12.8 	RB16		Cleveland Browns	Atlanta Falcons	0 	0.0 	64 	0.5 	2.7 	18 	0.1 	0.0 	0.2 	0.0 	0.0 	13.6 	RB17		Cleveland Browns	New York Giants	0 	0.0 	55 	0.4 	2.7 	18 	0.1 	0.0 	0.2 	0.0 	0.0 	12.0 	RB22		Cleveland Browns	Baltimore Ravens	0 	0.0 	48 	0.3 	2.7 	18 	0.1 	0.0 	0.2 	0.0 	0.0 	11.1 	RB24		Cleveland Browns	Indianapolis Colts	0 	0.0 	60 	0.4 	2.8 	18 	0.1 	0.0 	0.2 	0.0 	0.0 	13.1 	RB20		Actual	Actual	Actual	Forecast	Forecast	Forecast	Forecast	Forecast	Forecast	Forecast	Forecast	Forecast	Forecast	Forecast	Forecast	Forecast	Forecast		Healthy	Healthy	Healthy	Healthy	Healthy	Healthy	Healthy	Healthy	Healthy	Healthy	Healthy	Healthy	Healthy	Healthy	Healthy	Healthy	Healthy		Week 4 2026	10/3/2026	9:38:40 AM	9		8%	4%	59%	59%	0%	0%		0.2 	0	0	0	0	0	0.159840 
	Michael Wilson	Arizona Cardinals	WR	WR21	12.8 	205 	0 	0.0 	0.0 	0.0 	0 	0.0 	0.0 	0.0 	83.2 	5.2 	906 	56.6 	5.3 	0.3 	0.0 	0.2 	0.0 	0.503 	1.000 	0.790 	1 	0.251 	0.000 	43 	83 	40 	21 	35 	14 	0.531 				-	-	MarShawn Lloyd	0.177 	RB54	Tre' Harris	0.255 	WR54		-	-		10.6 	3.8 	25.9 	13.1 	14.0 	12.3 	12.6 	12.8 	12.0 	12.8 	12.2 	13.1 	12.5 	0.0 	12.5 	12.8 	12.5 		WR31	WR69	WR4	WR16	WR15	WR24	WR20	WR19	WR29	WR23	WR23	WR21	WR23	-	WR25	WR24	WR23		WR22	12.7 	0.0 	0.0 	0.0 	0.0 	5.0 	57.2 	0.3 	21 	0.533 	1.000 	0.790 	1 	0.288 	0.000 	45 	0.550 		165 		-	-	MarShawn Lloyd	0.171 	RB55	Tre' Harris	0.250 	WR56		-	-		WR20	13.4 	0.0 	0.0 	0.0 	0.0 	21.7 	247.7 	1.4 	20 	0.387 	1.000 	0.800 	1 	0.196 	0.000 	#N/A	0.497 		40.3 		-	-	MarShawn Lloyd	16 	RB43	Tre' Harris	25 	WR45		-	-					Arizona Cardinals	Los Angeles Chargers	0 	0.0 	0 	0.0 	5.0 	56 	0.0 	0.0 	0.0 	0.0 	0.0 	10.6 	WR31		Arizona Cardinals	Seattle Seahawks	0 	0.0 	0 	0.0 	2.0 	18 	0.0 	0.0 	0.0 	0.0 	0.0 	3.8 	WR69		Arizona Cardinals	San Francisco 49ers	0 	0.0 	0 	0.0 	11.0 	89 	1.0 	0.0 	0.0 	0.0 	0.0 	25.9 	WR4		Arizona Cardinals	New York Giants	0 	0.0 	0 	0.0 	5.1 	58 	0.4 	0.0 	0.0 	0.0 	0.0 	13.1 	WR16		Arizona Cardinals	Detroit Lions	0 	0.0 	0 	0.0 	5.4 	62 	0.4 	0.0 	0.0 	0.0 	0.0 	14.0 	WR15		Arizona Cardinals	Los Angeles Rams	0 	0.0 	0 	0.0 	4.9 	56 	0.3 	0.0 	0.0 	0.0 	0.0 	12.3 	WR24		Arizona Cardinals	Denver Broncos	0 	0.0 	0 	0.0 	5.0 	57 	0.3 	0.0 	0.0 	0.0 	0.0 	12.6 	WR20		Arizona Cardinals	Dallas Cowboys	0 	0.0 	0 	0.0 	5.1 	58 	0.3 	0.0 	0.0 	0.0 	0.0 	12.8 	WR19		Arizona Cardinals	Seattle Seahawks	0 	0.0 	0 	0.0 	4.8 	55 	0.3 	0.0 	0.0 	0.0 	0.0 	12.0 	WR29		Arizona Cardinals	Los Angeles Rams	0 	0.0 	0 	0.0 	5.1 	58 	0.3 	0.0 	0.0 	0.0 	0.0 	12.8 	WR23		Arizona Cardinals	Kansas City Chiefs	0 	0.0 	0 	0.0 	4.9 	56 	0.3 	0.0 	0.0 	0.0 	0.0 	12.2 	WR23		Arizona Cardinals	Washington Commanders	0 	0.0 	0 	0.0 	5.1 	58 	0.4 	0.0 	0.0 	0.0 	0.0 	13.1 	WR21		Arizona Cardinals	Philadelphia Eagles	0 	0.0 	0 	0.0 	5.0 	57 	0.3 	0.0 	0.0 	0.0 	0.0 	12.5 	WR23		Arizona Cardinals	BYE	0 	0.0 	0 	0.0 	0.0 	0 	0.0 	0.0 	0.0 	0.0 	0.0 	0.0 	-		Arizona Cardinals	New York Jets	0 	0.0 	0 	0.0 	4.9 	56 	0.3 	0.0 	0.0 	0.0 	0.0 	12.5 	WR25		Arizona Cardinals	New Orleans Saints	0 	0.0 	0 	0.0 	5.0 	58 	0.3 	0.0 	0.0 	0.0 	0.0 	12.8 	WR24		Arizona Cardinals	Las Vegas Raiders	0 	0.0 	0 	0.0 	4.9 	56 	0.3 	0.0 	0.0 	0.0 	0.0 	12.5 	WR23		Actual	Actual	Actual	Forecast	Forecast	Forecast	Forecast	Forecast	Forecast	Forecast	Forecast	Forecast	Forecast	Forecast	Forecast	Forecast	Forecast		Healthy	Healthy	Healthy	Healthy	Healthy	Healthy	Healthy	Healthy	Healthy	Healthy	Healthy	Healthy	Healthy	Healthy	Healthy	Healthy	Healthy		Week 4 2026	10/3/2026	9:38:40 AM	9		25%	23%	0%	0%	0%	0%		0.1 	0	0	0	0	0	0.053920 
	Lamar Jackson	Baltimore Ravens	QB	QB6	18.0 	288 	3,209 	200.5 	20.2 	1.3 	693 	43.3 	5.4 	0.3 	0.0 	0.0 	0 	0.0 	0.0 	0.0 	9.4 	2.0 	0.0 	0.706 	0.460 	0.415 	1 	0.484 	0.000 	67 	38 	(29)	6 	2 	(4)	0.447 				-	-	Justice Hill	0.145 	RB59	Mack Hollins	0.246 	WR56		-	-		25.0 	14.8 	20.4 	17.7 	18.2 	17.2 	18.5 	17.3 	18.1 	17.5 	17.4 	16.1 	0.0 	18.0 	17.1 	17.6 	17.3 		QB6	QB17	QB12	QB4	QB3	QB5	QB2	QB7	QB3	QB5	QB8	QB16	-	QB4	QB6	QB5	QB6		QB3	17.5 	189.5 	1.2 	43.8 	0.3 	0.0 	0.0 	0.0 	3 	0.735 	0.460 	0.441 	1 	0.580 	0.000 	55 	0.507 		228 		-	-	Justice Hill	0.152 	RB58	Mack Hollins	0.239 	WR58		-	-		QB8	20.1 	821.2 	5.4 	189.8 	1.5 	0.0 	0.0 	0.0 	8 	0.579 	0.460 	0.395 	1 	0.400 	0.000 	#N/A	0.398 		60.2 		-	-	Justice Hill	11 	RB59	Mack Hollins	28 	WR39		-	-					Baltimore Ravens	Indianapolis Colts	324 	1.0 	40 	1.0 	0.0 	0 	0.0 	0.0 	1.0 	0.0 	0.0 	25.0 	QB6		Baltimore Ravens	New Orleans Saints	235 	1.0 	34 	0.0 	0.0 	0 	0.0 	1.0 	0.0 	0.0 	0.0 	14.8 	QB17		Baltimore Ravens	Dallas Cowboys	186 	2.0 	50 	0.0 	0.0 	0 	0.0 	0.0 	0.0 	0.0 	0.0 	20.4 	QB12		Baltimore Ravens	Tennessee Titans	182 	1.2 	48 	0.4 	0.0 	0 	0.0 	0.6 	0.1 	0.0 	0.0 	17.7 	QB4		Baltimore Ravens	Atlanta Falcons	189 	1.3 	47 	0.4 	0.0 	0 	0.0 	0.6 	0.1 	0.0 	0.0 	18.2 	QB3		Baltimore Ravens	Cleveland Browns	183 	1.2 	45 	0.3 	0.0 	0 	0.0 	0.6 	0.1 	0.0 	0.0 	17.2 	QB5		Baltimore Ravens	Cincinnati Bengals	199 	1.4 	44 	0.4 	0.0 	0 	0.0 	0.6 	0.1 	0.0 	0.0 	18.5 	QB2		Baltimore Ravens	Buffalo Bills	195 	1.3 	40 	0.3 	0.0 	0 	0.0 	0.6 	0.1 	0.0 	0.0 	17.3 	QB7		Baltimore Ravens	Jacksonville Jaguars	192 	1.3 	45 	0.4 	0.0 	0 	0.0 	0.6 	0.1 	0.0 	0.0 	18.1 	QB3		Baltimore Ravens	Los Angeles Chargers	193 	1.3 	42 	0.3 	0.0 	0 	0.0 	0.6 	0.1 	0.0 	0.0 	17.5 	QB5		Baltimore Ravens	Carolina Panthers	188 	1.2 	44 	0.3 	0.0 	0 	0.0 	0.6 	0.1 	0.0 	0.0 	17.4 	QB8		Baltimore Ravens	Houston Texans	188 	1.1 	39 	0.3 	0.0 	0 	0.0 	0.6 	0.1 	0.0 	0.0 	16.1 	QB16		Baltimore Ravens	BYE	0 	0.0 	0 	0.0 	0.0 	0 	0.0 	0.0 	0.0 	0.0 	0.0 	0.0 	-		Baltimore Ravens	Tampa Bay Buccaneers	188 	1.3 	46 	0.4 	0.0 	0 	0.0 	0.6 	0.1 	0.0 	0.0 	18.0 	QB4		Baltimore Ravens	Pittsburgh Steelers	190 	1.2 	42 	0.3 	0.0 	0 	0.0 	0.6 	0.1 	0.0 	0.0 	17.1 	QB6		Baltimore Ravens	Cleveland Browns	181 	1.2 	47 	0.4 	0.0 	0 	0.0 	0.6 	0.1 	0.0 	0.0 	17.6 	QB5		Baltimore Ravens	Cincinnati Bengals	195 	1.3 	40 	0.3 	0.0 	0 	0.0 	0.6 	0.1 	0.0 	0.0 	17.3 	QB6		Actual	Actual	Actual	Forecast	Forecast	Forecast	Forecast	Forecast	Forecast	Forecast	Forecast	Forecast	Forecast	Forecast	Forecast	Forecast	Forecast		Healthy	Healthy	Healthy	Healthy	Healthy	Healthy	Healthy	Healthy	Healthy	Healthy	Healthy	Healthy	Healthy	Healthy	Healthy	Healthy	Healthy		Week 4 2026	10/3/2026	9:38:40 AM	9		0%	0%	26%	23%	99%	99%		0.1 	0	0	0	0	0	0.108882 
	TreVeyon Henderson	New England Patriots	RB	RB24	11.9 	178 	0 	0.0 	0.0 	0.0 	707 	47.1 	6.1 	0.4 	39.0 	2.6 	246 	16.4 	1.8 	0.1 	0.0 	1.6 	0.0 	0.437 	1.000 	0.719 	1 	0.189 	0.000 	63 	60 	(3)	24 	25 	1 	0.465 				-	-	George Holani	0.165 	RB56	Khalil Shakir	0.225 	WR60		-	-		0.0 	13.6 	3.9 	11.2 	12.5 	13.6 	12.0 	13.5 	12.5 	12.2 	0.0 	11.7 	12.8 	12.7 	11.6 	12.7 	12.0 		-	RB14	RB43	RB23	RB21	RB15	RB21	RB17	RB18	RB19	-	RB23	RB17	RB19	RB24	RB20	RB23		RB21	12.4 	0.0 	0.0 	46.8 	0.4 	2.9 	18.4 	0.1 	21 	0.519 	1.000 	0.755 	1 	0.249 	0.000 	52 	0.518 		161 		-	-	George Holani	0.158 	RB57	Khalil Shakir	0.244 	WR57		-	-		RB38	8.8 	0.0 	0.0 	303.9 	2.6 	19.0 	119.8 	0.9 	38 	0.168 	1.000 	0.544 	(0)	0.000 	0.000 	#N/A	0.270 		17.5 		-	-	George Holani	16 	RB41	Khalil Shakir	17 	WR65		-	-					New England Patriots	Seattle Seahawks	0 	0.0 	0 	0.0 	0.0 	0 	0.0 	0.0 	0.0 	0.0 	0.0 	0.0 	-		New England Patriots	Pittsburgh Steelers	0 	0.0 	76 	1.0 	0.0 	0 	0.0 	0.0 	0.0 	0.0 	0.0 	13.6 	RB14		New England Patriots	Jacksonville Jaguars	0 	0.0 	23 	0.0 	1.0 	6 	0.0 	0.0 	0.0 	0.0 	0.0 	3.9 	RB43		New England Patriots	Buffalo Bills	0 	0.0 	39 	0.3 	3.0 	19 	0.1 	0.0 	0.1 	0.0 	0.0 	11.2 	RB23		New England Patriots	Las Vegas Raiders	0 	0.0 	47 	0.4 	3.0 	19 	0.1 	0.0 	0.1 	0.0 	0.0 	12.5 	RB21		New England Patriots	New York Jets	0 	0.0 	55 	0.5 	2.8 	18 	0.1 	0.0 	0.1 	0.0 	0.0 	13.6 	RB15		New England Patriots	Chicago Bears	0 	0.0 	44 	0.4 	3.0 	19 	0.1 	0.0 	0.1 	0.0 	0.0 	12.0 	RB21		New England Patriots	Miami Dolphins	0 	0.0 	53 	0.5 	2.9 	18 	0.1 	0.0 	0.1 	0.0 	0.0 	13.5 	RB17		New England Patriots	Green Bay Packers	0 	0.0 	47 	0.4 	3.0 	19 	0.1 	0.0 	0.1 	0.0 	0.0 	12.5 	RB18		New England Patriots	Detroit Lions	0 	0.0 	44 	0.4 	3.0 	19 	0.1 	0.0 	0.1 	0.0 	0.0 	12.2 	RB19		New England Patriots	BYE	0 	0.0 	0 	0.0 	0.0 	0 	0.0 	0.0 	0.0 	0.0 	0.0 	0.0 	-		New England Patriots	Los Angeles Chargers	0 	0.0 	43 	0.4 	2.9 	18 	0.1 	0.0 	0.1 	0.0 	0.0 	11.7 	RB23		New England Patriots	Buffalo Bills	0 	0.0 	48 	0.4 	3.0 	19 	0.1 	0.0 	0.1 	0.0 	0.0 	12.8 	RB17		New England Patriots	Minnesota Vikings	0 	0.0 	49 	0.4 	2.9 	18 	0.1 	0.0 	0.1 	0.0 	0.0 	12.7 	RB19		New England Patriots	Kansas City Chiefs	0 	0.0 	43 	0.3 	2.9 	18 	0.1 	0.0 	0.1 	0.0 	0.0 	11.6 	RB24		New England Patriots	New York Jets	0 	0.0 	51 	0.4 	2.8 	18 	0.1 	0.0 	0.1 	0.0 	0.0 	12.7 	RB20		New England Patriots	Denver Broncos	0 	0.0 	46 	0.4 	2.9 	18 	0.1 	0.0 	0.1 	0.0 	0.0 	12.0 	RB23		Actual	Actual	Actual	Forecast	Forecast	Forecast	Forecast	Forecast	Forecast	Forecast	Forecast	Forecast	Forecast	Forecast	Forecast	Forecast	Forecast		Injured	Healthy	Healthy	Healthy	Healthy	Healthy	Healthy	Healthy	Healthy	Healthy	Healthy	Healthy	Healthy	Healthy	Healthy	Healthy	Healthy		Week 4 2026	10/3/2026	9:38:40 AM	9		8%	9%	40%	40%	0%	0%		0.2 	1	0	0	0	0	
	Dak Prescott	Dallas Cowboys	QB	QB5	18.1 	289 	4,026 	251.6 	30.5 	1.9 	193 	12.1 	0.9 	0.1 	0.0 	0.0 	0 	0.0 	0.0 	0.0 	9.4 	1.0 	0.0 	0.708 	0.460 	0.424 	1 	0.489 	0.000 	64 	74 	10 	5 	7 	2 	0.455 				-	-	Emanuel Wilson	0.126 	RB62	Quentin Johnston	0.195 	WR66		-	-		14.4 	29.8 	18.9 	16.3 	17.8 	17.0 	16.3 	18.0 	18.1 	18.1 	17.7 	17.3 	16.2 	0.0 	17.1 	18.2 	17.7 		QB18	QB3	QB17	QB12	QB4	QB6	QB12	QB3	QB4	QB3	QB4	QB6	QB13	-	QB5	QB4	QB3		QB4	17.4 	253.6 	1.8 	10.3 	0.1 	0.0 	0.0 	0.0 	4 	0.729 	0.460 	0.433 	1 	0.565 	0.000 	59 	0.495 		226 		-	-	Emanuel Wilson	0.132 	RB61	Quentin Johnston	0.224 	WR62		-	-		QB7	21.0 	1,098.7 	7.8 	44.7 	0.3 	0.0 	0.0 	0.0 	7 	0.606 	0.460 	0.406 	1 	0.452 	0.000 	#N/A	0.427 		63.1 		-	-	Emanuel Wilson	11 	RB58	Quentin Johnston	13 	WR77		-	-					Dallas Cowboys	New York Giants	175 	2.0 	14 	0.0 	0.0 	0 	0.0 	1.0 	0.0 	0.0 	0.0 	14.4 	QB18		Dallas Cowboys	Washington Commanders	279 	4.0 	26 	0.0 	0.0 	0 	0.0 	0.0 	0.0 	0.0 	0.0 	29.8 	QB3		Dallas Cowboys	Baltimore Ravens	276 	1.0 	19 	0.0 	0.0 	0 	0.0 	0.0 	0.0 	0.0 	1.0 	18.9 	QB17		Dallas Cowboys	Houston Texans	248 	1.6 	9 	0.1 	0.0 	0 	0.0 	0.6 	0.1 	0.0 	0.0 	16.3 	QB12		Dallas Cowboys	Tampa Bay Buccaneers	249 	1.9 	12 	0.1 	0.0 	0 	0.0 	0.6 	0.1 	0.0 	0.0 	17.8 	QB4		Dallas Cowboys	Green Bay Packers	254 	1.8 	9 	0.1 	0.0 	0 	0.0 	0.6 	0.1 	0.0 	0.0 	17.0 	QB6		Dallas Cowboys	Philadelphia Eagles	248 	1.6 	9 	0.1 	0.0 	0 	0.0 	0.6 	0.1 	0.0 	0.0 	16.3 	QB12		Dallas Cowboys	Arizona Cardinals	251 	1.9 	12 	0.1 	0.0 	0 	0.0 	0.6 	0.1 	0.0 	0.0 	18.0 	QB3		Dallas Cowboys	Indianapolis Colts	260 	1.9 	10 	0.1 	0.0 	0 	0.0 	0.6 	0.1 	0.0 	0.0 	18.1 	QB4		Dallas Cowboys	San Francisco 49ers	260 	1.9 	10 	0.1 	0.0 	0 	0.0 	0.6 	0.1 	0.0 	0.0 	18.1 	QB3		Dallas Cowboys	Tennessee Titans	251 	1.9 	12 	0.1 	0.0 	0 	0.0 	0.6 	0.1 	0.0 	0.0 	17.7 	QB4		Dallas Cowboys	Philadelphia Eagles	254 	1.8 	10 	0.1 	0.0 	0 	0.0 	0.6 	0.1 	0.0 	0.0 	17.3 	QB6		Dallas Cowboys	Seattle Seahawks	250 	1.6 	9 	0.1 	0.0 	0 	0.0 	0.6 	0.1 	0.0 	0.0 	16.2 	QB13		Dallas Cowboys	BYE	0 	0.0 	0 	0.0 	0.0 	0 	0.0 	0.0 	0.0 	0.0 	0.0 	0.0 	-		Dallas Cowboys	Los Angeles Rams	260 	1.8 	8 	0.1 	0.0 	0 	0.0 	0.6 	0.1 	0.0 	0.0 	17.1 	QB5		Dallas Cowboys	Jacksonville Jaguars	261 	1.9 	10 	0.1 	0.0 	0 	0.0 	0.6 	0.1 	0.0 	0.0 	18.2 	QB4		Dallas Cowboys	New York Giants	254 	1.9 	11 	0.1 	0.0 	0 	0.0 	0.6 	0.1 	0.0 	0.0 	17.7 	QB3		Actual	Actual	Actual	Forecast	Forecast	Forecast	Forecast	Forecast	Forecast	Forecast	Forecast	Forecast	Forecast	Forecast	Forecast	Forecast	Forecast		Healthy	Healthy	Healthy	Healthy	Healthy	Healthy	Healthy	Healthy	Healthy	Healthy	Healthy	Healthy	Healthy	Healthy	Healthy	Healthy	Healthy		Week 4 2026	10/3/2026	9:38:40 AM	9		0%	0%	10%	8%	99%	99%		0.1 	0	0	0	0	0	0.067918 
	Josh Downs	Indianapolis Colts	WR	WR29	11.8 	190 	0 	0.0 	0.0 	0.0 	0 	0.0 	0.0 	0.0 	72.8 	4.5 	926 	57.9 	4.1 	0.3 	0.0 	0.2 	0.0 	0.465 	1.000 	0.710 	1 	0.189 	0.000 	62 	119 	57 	29 	46 	17 	0.465 				-	-	Samaje Perine	0.152 	RB58	Pat Bryant	0.235 	WR58		-	-		5.7 	14.2 	12.7 	12.1 	11.5 	12.3 	11.8 	12.2 	12.6 	12.1 	11.8 	12.2 	0.0 	11.9 	12.1 	12.6 	11.7 		WR58	WR18	WR28	WR24	WR27	WR23	WR26	WR25	WR23	WR25	WR25	WR27	-	WR27	WR31	WR25	WR30		WR30	12.1 	0.0 	0.0 	0.0 	0.0 	4.5 	57.0 	0.3 	29 	0.507 	1.000 	0.710 	1 	0.242 	0.000 	60 	0.492 		157 		-	-	Samaje Perine	0.165 	RB56	Pat Bryant	0.234 	WR59		-	-		WR32	10.9 	0.0 	0.0 	0.0 	0.0 	19.6 	246.8 	1.4 	32 	0.313 	1.000 	0.680 	0 	0.099 	0.000 	#N/A	0.393 		32.6 		-	-	Samaje Perine	14 	RB50	Pat Bryant	24 	WR46		-	-					Indianapolis Colts	Baltimore Ravens	0 	0.0 	0 	0.0 	2.0 	37 	0.0 	0.0 	0.0 	0.0 	0.0 	5.7 	WR58		Indianapolis Colts	Kansas City Chiefs	0 	0.0 	0 	0.0 	7.0 	72 	0.0 	0.0 	0.0 	0.0 	0.0 	14.2 	WR18		Indianapolis Colts	Houston Texans	0 	0.0 	0 	0.0 	5.0 	77 	0.0 	0.0 	0.0 	0.0 	0.0 	12.7 	WR28		Indianapolis Colts	Washington Commanders	0 	0.0 	0 	0.0 	4.5 	57 	0.3 	0.0 	0.0 	0.0 	0.0 	12.1 	WR24		Indianapolis Colts	Pittsburgh Steelers	0 	0.0 	0 	0.0 	4.4 	55 	0.3 	0.0 	0.0 	0.0 	0.0 	11.5 	WR27		Indianapolis Colts	Tennessee Titans	0 	0.0 	0 	0.0 	4.6 	58 	0.3 	0.0 	0.0 	0.0 	0.0 	12.3 	WR23		Indianapolis Colts	Minnesota Vikings	0 	0.0 	0 	0.0 	4.4 	56 	0.3 	0.0 	0.0 	0.0 	0.0 	11.8 	WR26		Indianapolis Colts	Jacksonville Jaguars	0 	0.0 	0 	0.0 	4.6 	58 	0.3 	0.0 	0.0 	0.0 	0.0 	12.2 	WR25		Indianapolis Colts	Dallas Cowboys	0 	0.0 	0 	0.0 	4.7 	59 	0.3 	0.0 	0.0 	0.0 	0.0 	12.6 	WR23		Indianapolis Colts	Miami Dolphins	0 	0.0 	0 	0.0 	4.5 	56 	0.3 	0.0 	0.0 	0.0 	0.0 	12.1 	WR25		Indianapolis Colts	Houston Texans	0 	0.0 	0 	0.0 	4.5 	56 	0.3 	0.0 	0.0 	0.0 	0.0 	11.8 	WR25		Indianapolis Colts	New York Giants	0 	0.0 	0 	0.0 	4.5 	57 	0.3 	0.0 	0.0 	0.0 	0.0 	12.2 	WR27		Indianapolis Colts	BYE	0 	0.0 	0 	0.0 	0.0 	0 	0.0 	0.0 	0.0 	0.0 	0.0 	0.0 	-		Indianapolis Colts	Philadelphia Eagles	0 	0.0 	0 	0.0 	4.5 	57 	0.3 	0.0 	0.0 	0.0 	0.0 	11.9 	WR27		Indianapolis Colts	Tennessee Titans	0 	0.0 	0 	0.0 	4.5 	57 	0.3 	0.0 	0.0 	0.0 	0.0 	12.1 	WR31		Indianapolis Colts	Cincinnati Bengals	0 	0.0 	0 	0.0 	4.7 	59 	0.3 	0.0 	0.0 	0.0 	0.0 	12.6 	WR25		Indianapolis Colts	Cleveland Browns	0 	0.0 	0 	0.0 	4.4 	55 	0.3 	0.0 	0.0 	0.0 	0.0 	11.7 	WR30		Actual	Actual	Actual	Forecast	Forecast	Forecast	Forecast	Forecast	Forecast	Forecast	Forecast	Forecast	Forecast	Forecast	Forecast	Forecast	Forecast		Healthy	Healthy	Healthy	Healthy	Healthy	Healthy	Healthy	Healthy	Healthy	Healthy	Healthy	Healthy	Healthy	Healthy	Healthy	Healthy	Healthy		Week 4 2026	10/3/2026	9:38:40 AM	9		25%	24%	0%	0%	0%	0%		0.1 	0	0	0	0	0	0.099724 
	Chuba Hubbard	Carolina Panthers	RB	RB20	12.8 	206 	0 	0.0 	0.0 	0.0 	935 	58.5 	4.1 	0.3 	36.1 	2.3 	308 	19.2 	4.2 	0.3 	0.0 	2.2 	0.0 	0.504 	1.000 	0.768 	1 	0.246 	0.000 	46 	90 	44 	20 	34 	14 	0.519 				-	-	Devin Singletary	0.183 	RB53	Jordyn Tyson	0.185 	WR68		-	-		23.7 	14.4 	15.0 	13.5 	0.0 	11.7 	13.3 	11.9 	11.2 	11.6 	11.4 	11.2 	11.0 	12.3 	12.0 	10.8 	10.5 		RB10	RB10	RB12	RB17	-	RB22	RB16	RB21	RB24	RB23	RB20	RB25	RB22	RB22	RB23	RB25	RB26		RB24	11.7 	0.0 	0.0 	57.8 	0.2 	2.1 	17.7 	0.2 	24 	0.492 	1.000 	0.719 	1 	0.207 	0.000 	64 	0.480 		152 		-	-	Devin Singletary	0.177 	RB54	Jordyn Tyson	0.225 	WR61		-	-		RB9	17.7 	0.0 	0.0 	250.5 	1.0 	9.0 	76.9 	0.7 	9 	0.510 	1.000 	0.900 	1 	0.388 	0.000 	#N/A	0.637 		53.1 		-	-	Devin Singletary	15 	RB47	Jordyn Tyson	0 	WR101		-	-					Carolina Panthers	Chicago Bears	0 	0.0 	49 	1.0 	3.0 	38 	1.0 	0.0 	0.0 	0.0 	0.0 	23.7 	RB10		Carolina Panthers	Atlanta Falcons	0 	0.0 	53 	0.0 	2.0 	11 	1.0 	0.0 	0.0 	0.0 	0.0 	14.4 	RB10		Carolina Panthers	Cleveland Browns	0 	0.0 	82 	0.0 	4.0 	28 	0.0 	0.0 	0.0 	0.0 	0.0 	15.0 	RB12		Carolina Panthers	Detroit Lions	0 	0.0 	63 	0.4 	2.2 	19 	0.2 	0.0 	0.2 	0.0 	0.0 	13.5 	RB17		Carolina Panthers	BYE	0 	0.0 	0 	0.0 	0.0 	0 	0.0 	0.0 	0.0 	0.0 	0.0 	0.0 	-		Carolina Panthers	Philadelphia Eagles	0 	0.0 	55 	0.3 	2.1 	18 	0.2 	0.0 	0.2 	0.0 	0.0 	11.7 	RB22		Carolina Panthers	Tampa Bay Buccaneers	0 	0.0 	64 	0.4 	2.1 	18 	0.2 	0.0 	0.2 	0.0 	0.0 	13.3 	RB16		Carolina Panthers	Green Bay Packers	0 	0.0 	56 	0.3 	2.1 	18 	0.2 	0.0 	0.2 	0.0 	0.0 	11.9 	RB21		Carolina Panthers	Denver Broncos	0 	0.0 	58 	0.2 	2.0 	17 	0.2 	0.0 	0.2 	0.0 	0.0 	11.2 	RB24		Carolina Panthers	New Orleans Saints	0 	0.0 	59 	0.2 	2.1 	18 	0.2 	0.0 	0.2 	0.0 	0.0 	11.6 	RB23		Carolina Panthers	Baltimore Ravens	0 	0.0 	56 	0.2 	2.1 	18 	0.2 	0.0 	0.2 	0.0 	0.0 	11.4 	RB20		Carolina Panthers	Tampa Bay Buccaneers	0 	0.0 	56 	0.2 	2.1 	18 	0.2 	0.0 	0.2 	0.0 	0.0 	11.2 	RB25		Carolina Panthers	Minnesota Vikings	0 	0.0 	55 	0.2 	2.1 	18 	0.2 	0.0 	0.2 	0.0 	0.0 	11.0 	RB22		Carolina Panthers	New Orleans Saints	0 	0.0 	64 	0.2 	2.1 	18 	0.2 	0.0 	0.2 	0.0 	0.0 	12.3 	RB22		Carolina Panthers	Cincinnati Bengals	0 	0.0 	60 	0.2 	2.1 	18 	0.2 	0.0 	0.2 	0.0 	0.0 	12.0 	RB23		Carolina Panthers	Pittsburgh Steelers	0 	0.0 	54 	0.2 	2.0 	17 	0.2 	0.0 	0.2 	0.0 	0.0 	10.8 	RB25		Carolina Panthers	Seattle Seahawks	0 	0.0 	51 	0.2 	2.1 	18 	0.2 	0.0 	0.2 	0.0 	0.0 	10.5 	RB26		Actual	Actual	Actual	Forecast	Forecast	Forecast	Forecast	Forecast	Forecast	Forecast	Forecast	Forecast	Forecast	Forecast	Forecast	Forecast	Forecast		Healthy	Healthy	Healthy	Healthy	Healthy	Healthy	Healthy	Healthy	Healthy	Healthy	Healthy	Healthy	Healthy	Healthy	Healthy	Healthy	Healthy		Week 4 2026	10/3/2026	9:38:40 AM	9		8%	11%	52%	28%	0%	0%		(0.2)	0	0	0	0	0	(0.156884)
	Jalen Coker	Carolina Panthers	WR	WR19	13.1 	209 	0 	0.0 	0.0 	0.0 	0 	0.0 	0.0 	0.0 	76.9 	4.8 	940 	58.8 	6.5 	0.4 	0.0 	0.2 	0.0 	0.513 	1.000 	0.810 	1 	0.267 	0.000 	39 	142 	103 	19 	54 	35 	0.548 				-	-	Kendre Miller	0.139 	RB60	Elic Ayomanor	0.215 	WR62		-	-		33.8 	14.6 	3.8 	12.4 	0.0 	11.9 	12.3 	12.1 	11.7 	12.0 	12.3 	12.2 	11.9 	12.3 	12.4 	11.8 	11.9 		WR1	WR16	WR68	WR20	-	WR28	WR25	WR26	WR31	WR27	WR21	WR28	WR28	WR25	WR26	WR30	WR29		WR29	12.1 	0.0 	0.0 	0.0 	0.0 	4.5 	55.2 	0.3 	28 	0.507 	1.000 	0.720 	1 	0.243 	0.000 	58 	0.497 		157 		-	-	Kendre Miller	0.139 	RB60	Elic Ayomanor	0.219 	WR63		-	-		WR9	17.4 	0.0 	0.0 	0.0 	0.0 	19.6 	239.3 	1.5 	9 	0.502 	1.000 	0.910 	1 	0.346 	0.000 	#N/A	0.623 		52.2 		-	-	Kendre Miller	13 	RB53	Elic Ayomanor	19 	WR61		-	-					Carolina Panthers	Chicago Bears	0 	0.0 	0 	0.0 	8.0 	138 	2.0 	0.0 	0.0 	0.0 	0.0 	33.8 	WR1		Carolina Panthers	Atlanta Falcons	0 	0.0 	0 	0.0 	8.0 	66 	0.0 	0.0 	0.0 	0.0 	0.0 	14.6 	WR16		Carolina Panthers	Cleveland Browns	0 	0.0 	0 	0.0 	2.0 	18 	0.0 	0.0 	0.0 	0.0 	0.0 	3.8 	WR68		Carolina Panthers	Detroit Lions	0 	0.0 	0 	0.0 	4.6 	56 	0.4 	0.0 	0.0 	0.0 	0.0 	12.4 	WR20		Carolina Panthers	BYE	0 	0.0 	0 	0.0 	0.0 	0 	0.0 	0.0 	0.0 	0.0 	0.0 	0.0 	-		Carolina Panthers	Philadelphia Eagles	0 	0.0 	0 	0.0 	4.5 	55 	0.3 	0.0 	0.0 	0.0 	0.0 	11.9 	WR28		Carolina Panthers	Tampa Bay Buccaneers	0 	0.0 	0 	0.0 	4.6 	56 	0.4 	0.0 	0.0 	0.0 	0.0 	12.3 	WR25		Carolina Panthers	Green Bay Packers	0 	0.0 	0 	0.0 	4.6 	56 	0.3 	0.0 	0.0 	0.0 	0.0 	12.1 	WR26		Carolina Panthers	Denver Broncos	0 	0.0 	0 	0.0 	4.4 	54 	0.3 	0.0 	0.0 	0.0 	0.0 	11.7 	WR31		Carolina Panthers	New Orleans Saints	0 	0.0 	0 	0.0 	4.5 	55 	0.3 	0.0 	0.0 	0.0 	0.0 	12.0 	WR27		Carolina Panthers	Baltimore Ravens	0 	0.0 	0 	0.0 	4.6 	56 	0.4 	0.0 	0.0 	0.0 	0.0 	12.3 	WR21		Carolina Panthers	Tampa Bay Buccaneers	0 	0.0 	0 	0.0 	4.6 	56 	0.3 	0.0 	0.0 	0.0 	0.0 	12.2 	WR28		Carolina Panthers	Minnesota Vikings	0 	0.0 	0 	0.0 	4.5 	55 	0.3 	0.0 	0.0 	0.0 	0.0 	11.9 	WR28		Carolina Panthers	New Orleans Saints	0 	0.0 	0 	0.0 	4.5 	55 	0.4 	0.0 	0.0 	0.0 	0.0 	12.3 	WR25		Carolina Panthers	Cincinnati Bengals	0 	0.0 	0 	0.0 	4.6 	56 	0.4 	0.0 	0.0 	0.0 	0.0 	12.4 	WR26		Carolina Panthers	Pittsburgh Steelers	0 	0.0 	0 	0.0 	4.4 	54 	0.3 	0.0 	0.0 	0.0 	0.0 	11.8 	WR30		Carolina Panthers	Seattle Seahawks	0 	0.0 	0 	0.0 	4.5 	55 	0.3 	0.0 	0.0 	0.0 	0.0 	11.9 	WR29		Actual	Actual	Actual	Forecast	Forecast	Forecast	Forecast	Forecast	Forecast	Forecast	Forecast	Forecast	Forecast	Forecast	Forecast	Forecast	Forecast		Healthy	Healthy	Healthy	Limited / Handicapped	Healthy	Healthy	Healthy	Healthy	Healthy	Healthy	Healthy	Healthy	Healthy	Healthy	Healthy	Healthy	Healthy		Week 4 2026	10/3/2026	9:38:40 AM	9		25%	23%	0%	0%	0%	0%		(0.1)	0	0	0	0	0	(0.125840)
	Harold Fannin Jr.	Cleveland Browns	TE	TE5	12.2 	195 	0 	0.0 	0.0 	0.0 	0 	0.0 	0.0 	0.0 	78.8 	4.9 	767 	47.9 	6.6 	0.4 	0.0 	0.2 	0.0 	0.477 	0.560 	0.525 	1 	0.433 	0.000 	57 	66 	9 	5 	5 	0 	0.477 				-	-	Mike Washington Jr.	0.133 	RB61	Cooper Kupp	0.210 	WR63		-	-		4.1 	10.4 	24.1 	11.6 	11.7 	12.4 	11.9 	11.7 	12.1 	11.6 	0.0 	12.0 	12.6 	12.2 	11.8 	12.0 	12.3 		TE27	TE13	TE3	TE6	TE6	TE5	TE6	TE4	TE4	TE5	-	TE4	TE2	TE4	TE5	TE4	TE4		TE5	12.0 	0.0 	0.0 	0.0 	0.0 	5.0 	49.3 	0.4 	5 	0.503 	0.560 	0.525 	1 	0.444 	0.000 	63 	0.485 		156 		-	-	Mike Washington Jr.	0.126 	RB62	Cooper Kupp	0.208 	WR65		-	-		TE9	12.9 	0.0 	0.0 	0.0 	0.0 	21.6 	213.7 	1.5 	9 	0.371 	0.560 	0.493 	1 	0.439 	0.000 	#N/A	0.450 		38.6 		-	-	Mike Washington Jr.	16 	RB41	Cooper Kupp	24 	WR47		-	-					Cleveland Browns	Jacksonville Jaguars	0 	0.0 	0 	0.0 	2.0 	21 	0.0 	0.0 	0.0 	0.0 	0.0 	4.1 	TE27		Cleveland Browns	Tampa Bay Buccaneers	0 	0.0 	0 	0.0 	5.0 	54 	0.0 	0.0 	0.0 	0.0 	0.0 	10.4 	TE13		Cleveland Browns	Carolina Panthers	0 	0.0 	0 	0.0 	7.0 	51 	2.0 	0.0 	0.0 	0.0 	0.0 	24.1 	TE3		Cleveland Browns	Pittsburgh Steelers	0 	0.0 	0 	0.0 	4.8 	48 	0.3 	0.0 	0.0 	0.0 	0.0 	11.6 	TE6		Cleveland Browns	New York Jets	0 	0.0 	0 	0.0 	4.9 	48 	0.3 	0.0 	0.0 	0.0 	0.0 	11.7 	TE6		Cleveland Browns	Baltimore Ravens	0 	0.0 	0 	0.0 	5.1 	51 	0.4 	0.0 	0.0 	0.0 	0.0 	12.4 	TE5		Cleveland Browns	Tennessee Titans	0 	0.0 	0 	0.0 	4.9 	49 	0.3 	0.0 	0.0 	0.0 	0.0 	11.9 	TE6		Cleveland Browns	Pittsburgh Steelers	0 	0.0 	0 	0.0 	4.9 	49 	0.3 	0.0 	0.0 	0.0 	0.0 	11.7 	TE4		Cleveland Browns	New Orleans Saints	0 	0.0 	0 	0.0 	5.0 	50 	0.4 	0.0 	0.0 	0.0 	0.0 	12.1 	TE4		Cleveland Browns	Houston Texans	0 	0.0 	0 	0.0 	4.9 	48 	0.3 	0.0 	0.0 	0.0 	0.0 	11.6 	TE5		Cleveland Browns	BYE	0 	0.0 	0 	0.0 	0.0 	0 	0.0 	0.0 	0.0 	0.0 	0.0 	0.0 	-		Cleveland Browns	Las Vegas Raiders	0 	0.0 	0 	0.0 	4.9 	49 	0.4 	0.0 	0.0 	0.0 	0.0 	12.0 	TE4		Cleveland Browns	Cincinnati Bengals	0 	0.0 	0 	0.0 	5.2 	51 	0.4 	0.0 	0.0 	0.0 	0.0 	12.6 	TE2		Cleveland Browns	Atlanta Falcons	0 	0.0 	0 	0.0 	5.0 	49 	0.4 	0.0 	0.0 	0.0 	0.0 	12.2 	TE4		Cleveland Browns	New York Giants	0 	0.0 	0 	0.0 	4.9 	49 	0.3 	0.0 	0.0 	0.0 	0.0 	11.8 	TE5		Cleveland Browns	Baltimore Ravens	0 	0.0 	0 	0.0 	5.0 	50 	0.3 	0.0 	0.0 	0.0 	0.0 	12.0 	TE4		Cleveland Browns	Indianapolis Colts	0 	0.0 	0 	0.0 	5.1 	50 	0.4 	0.0 	0.0 	0.0 	0.0 	12.3 	TE4		Actual	Actual	Actual	Forecast	Forecast	Forecast	Forecast	Forecast	Forecast	Forecast	Forecast	Forecast	Forecast	Forecast	Forecast	Forecast	Forecast		Healthy	Healthy	Healthy	Healthy	Healthy	Healthy	Healthy	Healthy	Healthy	Healthy	Healthy	Healthy	Healthy	Healthy	Healthy	Healthy	Healthy		Week 4 2026	10/3/2026	9:38:40 AM	9		22%	26%	0%	0%	0%	0%		0.0 	0	0	0	0	0	0.035062 
	Tyler Shough	New Orleans Saints	QB	QB4	18.3 	292 	4,081 	255.0 	29.8 	1.9 	263 	16.4 	2.4 	0.1 	0.0 	0.0 	0 	0.0 	0.0 	0.0 	11.4 	4.0 	0.0 	0.716 	0.460 	0.433 	1 	0.509 	0.000 	61 	154 	93 	4 	20 	16 	0.469 				-	-	Chris Brooks	0.106 	RB65	Antonio Williams	0.220 	WR61		-	-		23.2 	22.4 	23.8 	18.8 	16.9 	16.9 	16.4 	0.0 	17.3 	17.3 	16.6 	17.2 	16.7 	16.5 	16.9 	18.4 	17.0 		QB8	QB8	QB7	QB3	QB6	QB8	QB11	-	QB9	QB6	QB10	QB7	QB8	QB11	QB8	QB3	QB8		QB6	17.1 	243.4 	1.7 	15.1 	0.1 	0.0 	0.0 	0.0 	6 	0.719 	0.460 	0.415 	1 	0.542 	0.000 	66 	0.475 		223 		-	-	Chris Brooks	0.119 	RB63	Antonio Williams	0.213 	WR64		-	-		QB3	23.1 	1,054.6 	7.3 	65.2 	0.5 	0.0 	0.0 	0.0 	3 	0.667 	0.460 	0.441 	1 	0.563 	0.000 	#N/A	0.499 		69.4 		-	-	Chris Brooks	8 	RB63	Antonio Williams	25 	WR44		-	-					New Orleans Saints	Detroit Lions	410 	3.0 	8 	0.0 	0.0 	0 	0.0 	2.0 	1.0 	0.0 	0.0 	23.2 	QB8		New Orleans Saints	Baltimore Ravens	252 	1.0 	23 	1.0 	0.0 	0 	0.0 	0.0 	0.0 	0.0 	0.0 	22.4 	QB8		New Orleans Saints	Las Vegas Raiders	255 	4.0 	36 	0.0 	0.0 	0 	0.0 	1.0 	2.0 	0.0 	0.0 	23.8 	QB7		New Orleans Saints	Atlanta Falcons	252 	1.9 	18 	0.1 	0.0 	0 	0.0 	0.6 	0.1 	0.0 	0.0 	18.8 	QB3		New Orleans Saints	Minnesota Vikings	240 	1.6 	16 	0.1 	0.0 	0 	0.0 	0.6 	0.1 	0.0 	0.0 	16.9 	QB6		New Orleans Saints	New York Giants	240 	1.6 	16 	0.1 	0.0 	0 	0.0 	0.6 	0.1 	0.0 	0.0 	16.9 	QB8		New Orleans Saints	Pittsburgh Steelers	236 	1.5 	16 	0.1 	0.0 	0 	0.0 	0.6 	0.1 	0.0 	0.0 	16.4 	QB11		New Orleans Saints	BYE	0 	0.0 	0 	0.0 	0.0 	0 	0.0 	0.0 	0.0 	0.0 	0.0 	0.0 	-		New Orleans Saints	Cleveland Browns	242 	1.7 	16 	0.1 	0.0 	0 	0.0 	0.6 	0.1 	0.0 	0.0 	17.3 	QB9		New Orleans Saints	Carolina Panthers	242 	1.7 	16 	0.1 	0.0 	0 	0.0 	0.6 	0.1 	0.0 	0.0 	17.3 	QB6		New Orleans Saints	Chicago Bears	246 	1.6 	13 	0.1 	0.0 	0 	0.0 	0.6 	0.1 	0.0 	0.0 	16.6 	QB10		New Orleans Saints	Cincinnati Bengals	250 	1.7 	13 	0.1 	0.0 	0 	0.0 	0.6 	0.1 	0.0 	0.0 	17.2 	QB7		New Orleans Saints	Green Bay Packers	243 	1.6 	13 	0.1 	0.0 	0 	0.0 	0.6 	0.1 	0.0 	0.0 	16.7 	QB8		New Orleans Saints	Carolina Panthers	238 	1.6 	14 	0.1 	0.0 	0 	0.0 	0.6 	0.1 	0.0 	0.0 	16.5 	QB11		New Orleans Saints	Tampa Bay Buccaneers	245 	1.7 	14 	0.1 	0.0 	0 	0.0 	0.6 	0.1 	0.0 	0.0 	16.9 	QB8		New Orleans Saints	Arizona Cardinals	246 	1.9 	17 	0.1 	0.0 	0 	0.0 	0.6 	0.1 	0.0 	0.0 	18.4 	QB3		New Orleans Saints	Atlanta Falcons	242 	1.7 	14 	0.1 	0.0 	0 	0.0 	0.6 	0.1 	0.0 	0.0 	17.0 	QB8		Actual	Actual	Actual	Forecast	Forecast	Forecast	Forecast	Forecast	Forecast	Forecast	Forecast	Forecast	Forecast	Forecast	Forecast	Forecast	Forecast		Healthy	Healthy	Healthy	Healthy	Healthy	Healthy	Healthy	Healthy	Healthy	Healthy	Healthy	Healthy	Healthy	Healthy	Healthy	Healthy	Healthy		Week 4 2026	10/3/2026	9:38:40 AM	9		0%	0%	16%	18%	99%	99%		(0.0)	0	0	0	0	0	(0.024130)
	Stefon Diggs	Washington Commanders	WR	WR23	12.6 	202 	0 	0.0 	0.0 	0.0 	0 	0.0 	0.0 	0.0 	75.5 	4.7 	804 	50.2 	7.8 	0.5 	0.0 	0.2 	0.0 	0.496 	1.000 	0.770 	1 	0.239 	0.000 	47 	98 	51 	23 	40 	17 	0.517 				-	-	Tank Bigsby	0.112 	RB64	Ted Hurst	0.200 	WR65		-	-		15.5 	21.7 	7.3 	12.0 	11.8 	12.5 	0.0 	11.9 	12.5 	12.1 	12.7 	12.2 	12.0 	11.7 	12.3 	11.8 	12.2 		WR17	WR11	WR50	WR25	WR25	WR19	-	WR27	WR24	WR26	WR18	WR26	WR27	WR28	WR27	WR29	WR27		WR28	12.1 	0.0 	0.0 	0.0 	0.0 	4.8 	51.4 	0.4 	27 	0.509 	1.000 	0.730 	1 	0.247 	0.000 	56 	0.504 		158 		-	-	Tank Bigsby	0.112 	RB64	Ted Hurst	0.198 	WR67		-	-		WR15	14.8 	0.0 	0.0 	0.0 	0.0 	20.8 	222.9 	1.6 	15 	0.428 	1.000 	0.850 	1 	0.249 	0.000 	#N/A	0.546 		44.5 		-	-	Tank Bigsby	12 	RB57	Ted Hurst	22 	WR52		-	-					Washington Commanders	Philadelphia Eagles	0 	0.0 	0 	0.0 	4.0 	55 	1.0 	0.0 	0.0 	0.0 	0.0 	15.5 	WR17		Washington Commanders	Dallas Cowboys	0 	0.0 	0 	0.0 	5.0 	47 	2.0 	0.0 	0.0 	0.0 	0.0 	21.7 	WR11		Washington Commanders	Seattle Seahawks	0 	0.0 	0 	0.0 	4.0 	33 	0.0 	0.0 	0.0 	0.0 	0.0 	7.3 	WR50		Washington Commanders	Indianapolis Colts	0 	0.0 	0 	0.0 	4.8 	51 	0.4 	0.0 	0.0 	0.0 	0.0 	12.0 	WR25		Washington Commanders	New York Giants	0 	0.0 	0 	0.0 	4.7 	50 	0.4 	0.0 	0.0 	0.0 	0.0 	11.8 	WR25		Washington Commanders	San Francisco 49ers	0 	0.0 	0 	0.0 	5.0 	53 	0.4 	0.0 	0.0 	0.0 	0.0 	12.5 	WR19		Washington Commanders	BYE	0 	0.0 	0 	0.0 	0.0 	0 	0.0 	0.0 	0.0 	0.0 	0.0 	0.0 	-		Washington Commanders	Philadelphia Eagles	0 	0.0 	0 	0.0 	4.7 	51 	0.4 	0.0 	0.0 	0.0 	0.0 	11.9 	WR27		Washington Commanders	Los Angeles Rams	0 	0.0 	0 	0.0 	5.0 	53 	0.4 	0.0 	0.0 	0.0 	0.0 	12.5 	WR24		Washington Commanders	New York Giants	0 	0.0 	0 	0.0 	4.8 	51 	0.4 	0.0 	0.0 	0.0 	0.0 	12.1 	WR26		Washington Commanders	Cincinnati Bengals	0 	0.0 	0 	0.0 	5.0 	53 	0.4 	0.0 	0.0 	0.0 	0.0 	12.7 	WR18		Washington Commanders	Arizona Cardinals	0 	0.0 	0 	0.0 	4.8 	51 	0.4 	0.0 	0.0 	0.0 	0.0 	12.2 	WR26		Washington Commanders	Tennessee Titans	0 	0.0 	0 	0.0 	4.7 	51 	0.4 	0.0 	0.0 	0.0 	0.0 	12.0 	WR27		Washington Commanders	Houston Texans	0 	0.0 	0 	0.0 	4.7 	50 	0.3 	0.0 	0.0 	0.0 	0.0 	11.7 	WR28		Washington Commanders	Atlanta Falcons	0 	0.0 	0 	0.0 	4.8 	52 	0.4 	0.0 	0.0 	0.0 	0.0 	12.3 	WR27		Washington Commanders	Minnesota Vikings	0 	0.0 	0 	0.0 	4.7 	50 	0.4 	0.0 	0.0 	0.0 	0.0 	11.8 	WR29		Washington Commanders	Jacksonville Jaguars	0 	0.0 	0 	0.0 	4.9 	52 	0.4 	0.0 	0.0 	0.0 	0.0 	12.2 	WR27		Actual	Actual	Actual	Forecast	Forecast	Forecast	Forecast	Forecast	Forecast	Forecast	Forecast	Forecast	Forecast	Forecast	Forecast	Forecast	Forecast		Healthy	Healthy	Healthy	Healthy	Healthy	Healthy	Healthy	Healthy	Healthy	Healthy	Healthy	Healthy	Healthy	Healthy	Healthy	Healthy	Healthy		Week 4 2026	10/3/2026	9:38:40 AM	9		24%	26%	0%	0%	0%	0%		(0.0)	0	0	0	0	0	(0.042599)
	Brock Purdy	San Francisco 49ers	QB	QB2	19.0 	304 	3,810 	238.1 	30.8 	1.9 	323 	20.2 	2.7 	0.2 	0.0 	0.0 	0 	0.0 	0.0 	0.0 	9.4 	1.0 	0.0 	0.744 	0.460 	0.449 	1 	0.577 	0.000 	49 	113 	64 	2 	14 	12 	0.509 				-	-	Tyrone Tracy Jr.	0.096 	RB66	Chris Bell	0.183 	WR69		-	-		21.1 	28.5 	31.3 	17.5 	16.3 	18.6 	17.6 	0.0 	17.8 	17.9 	17.4 	16.4 	17.5 	16.9 	16.4 	16.0 	16.6 		QB10	QB5	QB1	QB5	QB13	QB2	QB4	-	QB7	QB4	QB7	QB14	QB5	QB6	QB14	QB16	QB11		QB7	17.1 	232.3 	1.7 	17.7 	0.1 	0.0 	0.0 	0.0 	7 	0.719 	0.460 	0.406 	1 	0.541 	0.000 	67 	0.469 		223 		-	-	Tyrone Tracy Jr.	0.106 	RB65	Chris Bell	0.193 	WR68		-	-		QB2	27.0 	1,006.8 	7.3 	76.6 	0.6 	0.0 	0.0 	0.0 	2 	0.777 	0.460 	0.449 	2 	0.767 	0.000 	#N/A	0.599 		80.9 		-	-	Tyrone Tracy Jr.	(0)	RB77	Chris Bell	14 	WR74		-	-					San Francisco 49ers	Los Angeles Rams	205 	3.0 	29 	0.0 	0.0 	0 	0.0 	1.0 	0.0 	0.0 	0.0 	21.1 	QB10		San Francisco 49ers	Miami Dolphins	287 	2.0 	30 	1.0 	0.0 	0 	0.0 	0.0 	0.0 	0.0 	0.0 	28.5 	QB5		San Francisco 49ers	Arizona Cardinals	297 	4.0 	34 	0.0 	0.0 	0 	0.0 	0.0 	0.0 	0.0 	0.0 	31.3 	QB1		San Francisco 49ers	Denver Broncos	235 	1.7 	18 	0.1 	0.0 	0 	0.0 	0.6 	0.1 	0.0 	0.0 	17.5 	QB5		San Francisco 49ers	Seattle Seahawks	229 	1.6 	16 	0.1 	0.0 	0 	0.0 	0.6 	0.1 	0.0 	0.0 	16.3 	QB13		San Francisco 49ers	Washington Commanders	240 	1.9 	20 	0.2 	0.0 	0 	0.0 	0.6 	0.1 	0.0 	0.0 	18.6 	QB2		San Francisco 49ers	Atlanta Falcons	232 	1.7 	19 	0.1 	0.0 	0 	0.0 	0.6 	0.1 	0.0 	0.0 	17.6 	QB4		San Francisco 49ers	BYE	0 	0.0 	0 	0.0 	0.0 	0 	0.0 	0.0 	0.0 	0.0 	0.0 	0.0 	-		San Francisco 49ers	Las Vegas Raiders	227 	1.8 	21 	0.2 	0.0 	0 	0.0 	0.6 	0.1 	0.0 	0.0 	17.8 	QB7		San Francisco 49ers	Dallas Cowboys	241 	1.8 	17 	0.1 	0.0 	0 	0.0 	0.6 	0.1 	0.0 	0.0 	17.9 	QB4		San Francisco 49ers	Minnesota Vikings	234 	1.7 	18 	0.1 	0.0 	0 	0.0 	0.6 	0.1 	0.0 	0.0 	17.4 	QB7		San Francisco 49ers	Seattle Seahawks	230 	1.6 	16 	0.1 	0.0 	0 	0.0 	0.6 	0.1 	0.0 	0.0 	16.4 	QB14		San Francisco 49ers	New York Giants	235 	1.7 	18 	0.1 	0.0 	0 	0.0 	0.6 	0.1 	0.0 	0.0 	17.5 	QB5		San Francisco 49ers	Los Angeles Rams	234 	1.6 	17 	0.1 	0.0 	0 	0.0 	0.6 	0.1 	0.0 	0.0 	16.9 	QB6		San Francisco 49ers	Los Angeles Chargers	230 	1.6 	16 	0.1 	0.0 	0 	0.0 	0.6 	0.1 	0.0 	0.0 	16.4 	QB14		San Francisco 49ers	Kansas City Chiefs	227 	1.5 	16 	0.1 	0.0 	0 	0.0 	0.6 	0.1 	0.0 	0.0 	16.0 	QB16		San Francisco 49ers	Philadelphia Eagles	228 	1.6 	17 	0.1 	0.0 	0 	0.0 	0.6 	0.1 	0.0 	0.0 	16.6 	QB11		Actual	Actual	Actual	Forecast	Forecast	Forecast	Forecast	Forecast	Forecast	Forecast	Forecast	Forecast	Forecast	Forecast	Forecast	Forecast	Forecast		Healthy	Healthy	Healthy	Healthy	Healthy	Healthy	Healthy	Healthy	Healthy	Healthy	Healthy	Healthy	Healthy	Healthy	Healthy	Healthy	Healthy		Week 4 2026	10/3/2026	9:38:40 AM	9		0%	0%	15%	15%	99%	99%		(0.1)	0	0	0	0	0	(0.129531)
	Terry McLaurin	Washington Commanders	WR	WR34	11.2 	179 	0 	0.0 	0.0 	0.0 	0 	0.0 	0.0 	0.0 	59.8 	3.7 	862 	53.9 	5.6 	0.4 	0.0 	0.2 	0.0 	0.439 	1.000 	0.670 	0 	0.149 	0.000 	72 	55 	(17)	33 	25 	(8)	0.427 				-	-	Demond Claiborne	0.089 	RB67	Xavier Worthy	0.205 	WR64		-	-		3.4 	7.0 	19.7 	10.8 	11.2 	11.9 	0.0 	11.3 	11.9 	11.5 	12.1 	11.6 	11.4 	11.1 	11.7 	11.2 	11.6 		WR76	WR42	WR15	WR34	WR33	WR27	-	WR30	WR30	WR31	WR24	WR33	WR30	WR33	WR33	WR33	WR31		WR33	11.5 	0.0 	0.0 	0.0 	0.0 	3.8 	55.5 	0.4 	32 	0.481 	1.000 	0.680 	1 	0.198 	0.000 	69 	0.458 		149 		-	-	Demond Claiborne	0.091 	RB67	Xavier Worthy	0.203 	WR66		-	-		WR34	10.0 	0.0 	0.0 	0.0 	0.0 	16.6 	240.5 	1.5 	34 	0.289 	1.000 	0.660 	0 	0.067 	0.000 	#N/A	0.367 		30.1 		-	-	Demond Claiborne	1 	RB66	Xavier Worthy	22 	WR52		-	-					Washington Commanders	Philadelphia Eagles	0 	0.0 	0 	0.0 	2.0 	14 	0.0 	0.0 	0.0 	0.0 	0.0 	3.4 	WR76		Washington Commanders	Dallas Cowboys	0 	0.0 	0 	0.0 	2.0 	50 	0.0 	0.0 	0.0 	0.0 	0.0 	7.0 	WR42		Washington Commanders	Seattle Seahawks	0 	0.0 	0 	0.0 	6.0 	77 	1.0 	0.0 	0.0 	0.0 	0.0 	19.7 	WR15		Washington Commanders	Indianapolis Colts	0 	0.0 	0 	0.0 	3.6 	53 	0.3 	0.0 	0.0 	0.0 	0.0 	10.8 	WR34		Washington Commanders	New York Giants	0 	0.0 	0 	0.0 	3.7 	54 	0.3 	0.0 	0.0 	0.0 	0.0 	11.2 	WR33		Washington Commanders	San Francisco 49ers	0 	0.0 	0 	0.0 	4.0 	58 	0.4 	0.0 	0.0 	0.0 	0.0 	11.9 	WR27		Washington Commanders	BYE	0 	0.0 	0 	0.0 	0.0 	0 	0.0 	0.0 	0.0 	0.0 	0.0 	0.0 	-		Washington Commanders	Philadelphia Eagles	0 	0.0 	0 	0.0 	3.8 	55 	0.3 	0.0 	0.0 	0.0 	0.0 	11.3 	WR30		Washington Commanders	Los Angeles Rams	0 	0.0 	0 	0.0 	4.0 	58 	0.4 	0.0 	0.0 	0.0 	0.0 	11.9 	WR30		Washington Commanders	New York Giants	0 	0.0 	0 	0.0 	3.8 	55 	0.4 	0.0 	0.0 	0.0 	0.0 	11.5 	WR31		Washington Commanders	Cincinnati Bengals	0 	0.0 	0 	0.0 	4.0 	58 	0.4 	0.0 	0.0 	0.0 	0.0 	12.1 	WR24		Washington Commanders	Arizona Cardinals	0 	0.0 	0 	0.0 	3.8 	55 	0.4 	0.0 	0.0 	0.0 	0.0 	11.6 	WR33		Washington Commanders	Tennessee Titans	0 	0.0 	0 	0.0 	3.8 	55 	0.4 	0.0 	0.0 	0.0 	0.0 	11.4 	WR30		Washington Commanders	Houston Texans	0 	0.0 	0 	0.0 	3.7 	54 	0.3 	0.0 	0.0 	0.0 	0.0 	11.1 	WR33		Washington Commanders	Atlanta Falcons	0 	0.0 	0 	0.0 	3.9 	56 	0.4 	0.0 	0.0 	0.0 	0.0 	11.7 	WR33		Washington Commanders	Minnesota Vikings	0 	0.0 	0 	0.0 	3.8 	55 	0.3 	0.0 	0.0 	0.0 	0.0 	11.2 	WR33		Washington Commanders	Jacksonville Jaguars	0 	0.0 	0 	0.0 	3.9 	56 	0.4 	0.0 	0.0 	0.0 	0.0 	11.6 	WR31		Actual	Actual	Actual	Forecast	Forecast	Forecast	Forecast	Forecast	Forecast	Forecast	Forecast	Forecast	Forecast	Forecast	Forecast	Forecast	Forecast		Healthy	Healthy	Healthy	Limited / Handicapped	Healthy	Healthy	Healthy	Healthy	Healthy	Healthy	Healthy	Healthy	Healthy	Healthy	Healthy	Healthy	Healthy		Week 4 2026	10/3/2026	9:38:40 AM	9		26%	25%	0%	0%	0%	0%		0.1 	0	0	0	0	0	0.090115 
	Deebo Samuel	San Francisco 49ers	WR	WR28	11.9 	190 	0 	0.0 	0.0 	0.0 	91 	5.7 	0.3 	0.0 	60.7 	3.8 	800 	50.0 	6.4 	0.4 	0.0 	0.2 	0.0 	0.466 	1.000 	0.720 	1 	0.191 	0.000 	58 	0 	(58)	28 	0 	(28)	0.470 				-	-	Nicholas Singleton	0.082 	RB68	Marvin Harrison Jr.	0.166 	WR72		-	-		18.0 	6.5 	15.4 	11.7 	11.2 	12.1 	11.7 	0.0 	11.6 	12.0 	11.7 	11.3 	11.7 	11.5 	11.3 	11.1 	11.3 		WR13	WR50	WR20	WR28	WR32	WR26	WR27	-	WR32	WR28	WR26	WR34	WR29	WR29	WR35	WR36	WR35		WR32	11.5 	0.0 	0.0 	4.7 	0.0 	4.0 	49.3 	0.3 	31 	0.484 	1.000 	0.690 	1 	0.203 	0.000 	68 	0.465 		150 		-	-	Nicholas Singleton	0.079 	RB69	Marvin Harrison Jr.	0.176 	WR70		-	-		WR21	13.3 	0.0 	0.0 	20.4 	0.1 	17.2 	213.6 	1.5 	21 	0.383 	1.000 	0.790 	1 	0.191 	0.000 	#N/A	0.489 		39.9 		-	-	Nicholas Singleton	1 	RB67	Marvin Harrison Jr.	11 	WR82		-	-					San Francisco 49ers	Los Angeles Rams	0 	0.0 	12 	0.0 	6.0 	48 	1.0 	0.0 	0.0 	0.0 	0.0 	18.0 	WR13		San Francisco 49ers	Miami Dolphins	0 	0.0 	4 	0.0 	3.0 	31 	0.0 	0.0 	0.0 	0.0 	0.0 	6.5 	WR50		San Francisco 49ers	Arizona Cardinals	0 	0.0 	14 	0.0 	0.0 	80 	1.0 	0.0 	0.0 	0.0 	0.0 	15.4 	WR20		San Francisco 49ers	Denver Broncos	0 	0.0 	5 	0.0 	4.0 	50 	0.3 	0.0 	0.0 	0.0 	0.0 	11.7 	WR28		San Francisco 49ers	Seattle Seahawks	0 	0.0 	4 	0.0 	3.9 	49 	0.3 	0.0 	0.0 	0.0 	0.0 	11.2 	WR32		San Francisco 49ers	Washington Commanders	0 	0.0 	5 	0.0 	4.1 	51 	0.4 	0.0 	0.0 	0.0 	0.0 	12.1 	WR26		San Francisco 49ers	Atlanta Falcons	0 	0.0 	5 	0.0 	4.0 	49 	0.4 	0.0 	0.0 	0.0 	0.0 	11.7 	WR27		San Francisco 49ers	BYE	0 	0.0 	0 	0.0 	0.0 	0 	0.0 	0.0 	0.0 	0.0 	0.0 	0.0 	-		San Francisco 49ers	Las Vegas Raiders	0 	0.0 	6 	0.0 	3.9 	48 	0.4 	0.0 	0.0 	0.0 	0.0 	11.6 	WR32		San Francisco 49ers	Dallas Cowboys	0 	0.0 	5 	0.0 	4.1 	51 	0.4 	0.0 	0.0 	0.0 	0.0 	12.0 	WR28		San Francisco 49ers	Minnesota Vikings	0 	0.0 	5 	0.0 	4.0 	50 	0.3 	0.0 	0.0 	0.0 	0.0 	11.7 	WR26		San Francisco 49ers	Seattle Seahawks	0 	0.0 	4 	0.0 	3.9 	49 	0.3 	0.0 	0.0 	0.0 	0.0 	11.3 	WR34		San Francisco 49ers	New York Giants	0 	0.0 	5 	0.0 	4.0 	50 	0.3 	0.0 	0.0 	0.0 	0.0 	11.7 	WR29		San Francisco 49ers	Los Angeles Rams	0 	0.0 	4 	0.0 	4.0 	50 	0.3 	0.0 	0.0 	0.0 	0.0 	11.5 	WR29		San Francisco 49ers	Los Angeles Chargers	0 	0.0 	4 	0.0 	3.9 	49 	0.3 	0.0 	0.0 	0.0 	0.0 	11.3 	WR35		San Francisco 49ers	Kansas City Chiefs	0 	0.0 	4 	0.0 	3.9 	48 	0.3 	0.0 	0.0 	0.0 	0.0 	11.1 	WR36		San Francisco 49ers	Philadelphia Eagles	0 	0.0 	5 	0.0 	3.9 	48 	0.3 	0.0 	0.0 	0.0 	0.0 	11.3 	WR35		Actual	Actual	Actual	Forecast	Forecast	Forecast	Forecast	Forecast	Forecast	Forecast	Forecast	Forecast	Forecast	Forecast	Forecast	Forecast	Forecast		Healthy	Healthy	Healthy	Healthy	Healthy	Healthy	Healthy	Healthy	Healthy	Healthy	Healthy	Healthy	Healthy	Healthy	Healthy	Healthy	Healthy		Week 4 2026	10/3/2026	9:38:40 AM	9		21%	20%	4%	3%	0%	0%		(0.0)	0	0	0	0	0	(0.024915)
	Dalton Kincaid	Buffalo Bills	TE	TE8	11.7 	187 	0 	0.0 	0.0 	0.0 	0 	0.0 	0.0 	0.0 	61.6 	3.8 	977 	61.1 	5.0 	0.3 	0.0 	1.2 	0.0 	0.459 	0.560 	0.501 	1 	0.390 	0.000 	68 	122 	54 	8 	14 	6 	0.445 				-	-	Dylan Sampson	0.076 	RB69	Malachi Fields	0.172 	WR71		-	-		18.0 	22.5 	3.8 	11.0 	11.2 	10.7 	0.0 	11.3 	11.0 	10.7 	11.0 	11.2 	10.8 	10.9 	11.4 	10.7 	10.8 		TE5	TE3	TE24	TE10	TE8	TE8	-	TE5	TE6	TE8	TE7	TE9	TE6	TE7	TE6	TE8	TE8		TE8	11.0 	0.0 	0.0 	0.0 	0.0 	3.7 	54.9 	0.3 	8 	0.461 	0.560 	0.501 	1 	0.348 	0.000 	79 	0.426 		143 		-	-	Dylan Sampson	0.085 	RB68	Malachi Fields	0.181 	WR69		-	-		TE5	14.8 	0.0 	0.0 	0.0 	0.0 	15.9 	238.0 	1.3 	5 	0.426 	0.560 	0.525 	1 	0.595 	0.000 	#N/A	0.542 		44.3 		-	-	Dylan Sampson	0 	RB69	Malachi Fields	13 	WR76		-	-					Buffalo Bills	Houston Texans	0 	0.0 	0 	0.0 	5.0 	130 	0.0 	0.0 	0.0 	0.0 	0.0 	18.0 	TE5		Buffalo Bills	Detroit Lions	0 	0.0 	0 	0.0 	7.0 	95 	1.0 	0.0 	0.0 	0.0 	0.0 	22.5 	TE3		Buffalo Bills	Los Angeles Chargers	0 	0.0 	0 	0.0 	2.0 	38 	0.0 	0.0 	1.0 	0.0 	0.0 	3.8 	TE24		Buffalo Bills	New England Patriots	0 	0.0 	0 	0.0 	3.6 	55 	0.3 	0.0 	0.0 	0.0 	0.0 	11.0 	TE10		Buffalo Bills	Los Angeles Rams	0 	0.0 	0 	0.0 	3.7 	56 	0.3 	0.0 	0.0 	0.0 	0.0 	11.2 	TE8		Buffalo Bills	Las Vegas Raiders	0 	0.0 	0 	0.0 	3.6 	54 	0.3 	0.0 	0.0 	0.0 	0.0 	10.7 	TE8		Buffalo Bills	BYE	0 	0.0 	0 	0.0 	0.0 	0 	0.0 	0.0 	0.0 	0.0 	0.0 	0.0 	-		Buffalo Bills	Baltimore Ravens	0 	0.0 	0 	0.0 	3.8 	56 	0.3 	0.0 	0.0 	0.0 	0.0 	11.3 	TE5		Buffalo Bills	Minnesota Vikings	0 	0.0 	0 	0.0 	3.7 	55 	0.3 	0.0 	0.0 	0.0 	0.0 	11.0 	TE6		Buffalo Bills	New York Jets	0 	0.0 	0 	0.0 	3.6 	53 	0.3 	0.0 	0.0 	0.0 	0.0 	10.7 	TE8		Buffalo Bills	Miami Dolphins	0 	0.0 	0 	0.0 	3.6 	54 	0.3 	0.0 	0.0 	0.0 	0.0 	11.0 	TE7		Buffalo Bills	Kansas City Chiefs	0 	0.0 	0 	0.0 	3.7 	56 	0.3 	0.0 	0.0 	0.0 	0.0 	11.2 	TE9		Buffalo Bills	New England Patriots	0 	0.0 	0 	0.0 	3.6 	55 	0.3 	0.0 	0.0 	0.0 	0.0 	10.8 	TE6		Buffalo Bills	Green Bay Packers	0 	0.0 	0 	0.0 	3.7 	55 	0.3 	0.0 	0.0 	0.0 	0.0 	10.9 	TE7		Buffalo Bills	Chicago Bears	0 	0.0 	0 	0.0 	3.8 	57 	0.3 	0.0 	0.0 	0.0 	0.0 	11.4 	TE6		Buffalo Bills	Denver Broncos	0 	0.0 	0 	0.0 	3.6 	54 	0.3 	0.0 	0.0 	0.0 	0.0 	10.7 	TE8		Buffalo Bills	Miami Dolphins	0 	0.0 	0 	0.0 	3.6 	54 	0.3 	0.0 	0.0 	0.0 	0.0 	10.8 	TE8		Actual	Actual	Actual	Forecast	Forecast	Forecast	Forecast	Forecast	Forecast	Forecast	Forecast	Forecast	Forecast	Forecast	Forecast	Forecast	Forecast		Healthy	Healthy	Healthy	Healthy	Healthy	Healthy	Healthy	Healthy	Healthy	Healthy	Healthy	Healthy	Healthy	Healthy	Healthy	Healthy	Healthy		Week 4 2026	10/3/2026	9:38:40 AM	9		25%	23%	0%	0%	0%	0%		(0.1)	0	0	0	0	0	(0.115516)
	Carnell Tate	Tennessee Titans	WR	WR35	11.2 	179 	0 	0.0 	0.0 	0.0 	0 	0.0 	0.0 	0.0 	73.3 	4.6 	828 	51.8 	3.9 	0.2 	0.0 	0.2 	0.0 	0.438 	1.000 	0.660 	0 	0.147 	0.000 	73 	73 	0 	34 	32 	(2)	0.422 				-	-	Kaytron Allen	0.070 	RB70	Rashod Bateman	0.190 	WR67		-	-		7.8 	5.7 	11.8 	11.0 	11.0 	12.2 	11.5 	12.3 	0.0 	11.8 	12.2 	11.9 	12.1 	12.2 	12.2 	11.6 	11.6 		WR49	WR55	WR34	WR33	WR34	WR25	WR28	WR24	-	WR29	WR22	WR31	WR26	WR26	WR28	WR31	WR33		WR31	11.8 	0.0 	0.0 	0.0 	0.0 	4.6 	54.2 	0.3 	30 	0.496 	1.000 	0.700 	1 	0.223 	0.000 	65 	0.479 		154 		-	-	Kaytron Allen	0.071 	RB70	Rashod Bateman	0.172 	WR71		-	-		WR44	8.4 	0.0 	0.0 	0.0 	0.0 	20.1 	235.1 	1.3 	44 	0.243 	1.000 	0.560 	0 	0.007 	0.000 	#N/A	0.291 		25.3 		-	-	Kaytron Allen	4 	RB64	Rashod Bateman	28 	WR40		-	-					Tennessee Titans	New York Jets	0 	0.0 	0 	0.0 	4.0 	38 	0.0 	0.0 	0.0 	0.0 	0.0 	7.8 	WR49		Tennessee Titans	Philadelphia Eagles	0 	0.0 	0 	0.0 	3.0 	27 	0.0 	0.0 	0.0 	0.0 	0.0 	5.7 	WR55		Tennessee Titans	New York Giants	0 	0.0 	0 	0.0 	6.0 	58 	0.0 	0.0 	0.0 	0.0 	0.0 	11.8 	WR34		Tennessee Titans	Baltimore Ravens	0 	0.0 	0 	0.0 	4.4 	52 	0.2 	0.0 	0.0 	0.0 	0.0 	11.0 	WR33		Tennessee Titans	Houston Texans	0 	0.0 	0 	0.0 	4.4 	52 	0.2 	0.0 	0.0 	0.0 	0.0 	11.0 	WR34		Tennessee Titans	Indianapolis Colts	0 	0.0 	0 	0.0 	4.8 	56 	0.3 	0.0 	0.0 	0.0 	0.0 	12.2 	WR25		Tennessee Titans	Cleveland Browns	0 	0.0 	0 	0.0 	4.5 	53 	0.3 	0.0 	0.0 	0.0 	0.0 	11.5 	WR28		Tennessee Titans	Cincinnati Bengals	0 	0.0 	0 	0.0 	4.8 	56 	0.3 	0.0 	0.0 	0.0 	0.0 	12.3 	WR24		Tennessee Titans	BYE	0 	0.0 	0 	0.0 	0.0 	0 	0.0 	0.0 	0.0 	0.0 	0.0 	0.0 	-		Tennessee Titans	Jacksonville Jaguars	0 	0.0 	0 	0.0 	4.6 	54 	0.3 	0.0 	0.0 	0.0 	0.0 	11.8 	WR29		Tennessee Titans	Dallas Cowboys	0 	0.0 	0 	0.0 	4.8 	56 	0.3 	0.0 	0.0 	0.0 	0.0 	12.2 	WR22		Tennessee Titans	Jacksonville Jaguars	0 	0.0 	0 	0.0 	4.7 	55 	0.3 	0.0 	0.0 	0.0 	0.0 	11.9 	WR31		Tennessee Titans	Washington Commanders	0 	0.0 	0 	0.0 	4.7 	55 	0.3 	0.0 	0.0 	0.0 	0.0 	12.1 	WR26		Tennessee Titans	Detroit Lions	0 	0.0 	0 	0.0 	4.8 	56 	0.3 	0.0 	0.0 	0.0 	0.0 	12.2 	WR26		Tennessee Titans	Indianapolis Colts	0 	0.0 	0 	0.0 	4.7 	55 	0.3 	0.0 	0.0 	0.0 	0.0 	12.2 	WR28		Tennessee Titans	Las Vegas Raiders	0 	0.0 	0 	0.0 	4.5 	53 	0.3 	0.0 	0.0 	0.0 	0.0 	11.6 	WR31		Tennessee Titans	Pittsburgh Steelers	0 	0.0 	0 	0.0 	4.5 	53 	0.3 	0.0 	0.0 	0.0 	0.0 	11.6 	WR33		Actual	Actual	Actual	Forecast	Forecast	Forecast	Forecast	Forecast	Forecast	Forecast	Forecast	Forecast	Forecast	Forecast	Forecast	Forecast	Forecast		Healthy	Healthy	Healthy	Healthy	Healthy	Healthy	Healthy	Healthy	Healthy	Healthy	Healthy	Healthy	Healthy	Healthy	Healthy	Healthy	Healthy		Week 4 2026	10/3/2026	9:38:40 AM	9		24%	21%	0%	0%	0%	0%		0.2 	0	0	0	0	0	0.187432 
	Travis Kelce	Kansas City Chiefs	TE	TE6	12.1 	193 	0 	0.0 	0.0 	0.0 	0 	0.0 	0.0 	0.0 	64.3 	4.0 	910 	56.9 	6.4 	0.4 	0.0 	0.2 	0.0 	0.473 	0.560 	0.518 	1 	0.425 	0.000 	60 	93 	33 	6 	10 	4 	0.469 				-	-	Isiah Pacheco	0.055 	RB72	Alec Pierce	0.145 	WR75		-	-		10.1 	25.1 	13.9 	11.3 	0.0 	11.2 	10.7 	10.7 	10.6 	11.1 	11.2 	11.4 	11.1 	11.3 	11.1 	11.3 	10.9 		TE15	TE2	TE8	TE7	-	TE7	TE9	TE8	TE9	TE6	TE5	TE7	TE5	TE5	TE7	TE6	TE6		TE6	11.1 	0.0 	0.0 	0.0 	0.0 	3.9 	52.2 	0.3 	6 	0.465 	0.560 	0.518 	1 	0.357 	0.000 	73 	0.437 		144 		-	-	Isiah Pacheco	0.063 	RB71	Alec Pierce	0.154 	WR74		-	-		TE2	16.4 	0.0 	0.0 	0.0 	0.0 	16.8 	226.4 	1.5 	2 	0.472 	0.560 	0.548 	2 	0.726 	0.000 	#N/A	0.617 		49.1 		-	-	Isiah Pacheco	0 	RB69	Alec Pierce	12 	WR80		-	-					Kansas City Chiefs	Denver Broncos	0 	0.0 	0 	0.0 	3.0 	71 	0.0 	0.0 	0.0 	0.0 	0.0 	10.1 	TE15		Kansas City Chiefs	Indianapolis Colts	0 	0.0 	0 	0.0 	9.0 	101 	1.0 	0.0 	0.0 	0.0 	0.0 	25.1 	TE2		Kansas City Chiefs	Miami Dolphins	0 	0.0 	0 	0.0 	2.0 	59 	1.0 	0.0 	0.0 	0.0 	0.0 	13.9 	TE8		Kansas City Chiefs	Las Vegas Raiders	0 	0.0 	0 	0.0 	3.9 	53 	0.4 	0.0 	0.0 	0.0 	0.0 	11.3 	TE7		Kansas City Chiefs	BYE	0 	0.0 	0 	0.0 	0.0 	0 	0.0 	0.0 	0.0 	0.0 	0.0 	0.0 	-		Kansas City Chiefs	Los Angeles Chargers	0 	0.0 	0 	0.0 	3.9 	53 	0.3 	0.0 	0.0 	0.0 	0.0 	11.2 	TE7		Kansas City Chiefs	Seattle Seahawks	0 	0.0 	0 	0.0 	3.8 	51 	0.3 	0.0 	0.0 	0.0 	0.0 	10.7 	TE9		Kansas City Chiefs	Denver Broncos	0 	0.0 	0 	0.0 	3.8 	51 	0.3 	0.0 	0.0 	0.0 	0.0 	10.7 	TE8		Kansas City Chiefs	New York Jets	0 	0.0 	0 	0.0 	3.7 	50 	0.3 	0.0 	0.0 	0.0 	0.0 	10.6 	TE9		Kansas City Chiefs	Atlanta Falcons	0 	0.0 	0 	0.0 	3.9 	52 	0.3 	0.0 	0.0 	0.0 	0.0 	11.1 	TE6		Kansas City Chiefs	Arizona Cardinals	0 	0.0 	0 	0.0 	3.8 	52 	0.4 	0.0 	0.0 	0.0 	0.0 	11.2 	TE5		Kansas City Chiefs	Buffalo Bills	0 	0.0 	0 	0.0 	4.0 	54 	0.3 	0.0 	0.0 	0.0 	0.0 	11.4 	TE7		Kansas City Chiefs	Los Angeles Rams	0 	0.0 	0 	0.0 	3.9 	53 	0.3 	0.0 	0.0 	0.0 	0.0 	11.1 	TE5		Kansas City Chiefs	Cincinnati Bengals	0 	0.0 	0 	0.0 	3.9 	53 	0.3 	0.0 	0.0 	0.0 	0.0 	11.3 	TE5		Kansas City Chiefs	New England Patriots	0 	0.0 	0 	0.0 	3.9 	52 	0.3 	0.0 	0.0 	0.0 	0.0 	11.1 	TE7		Kansas City Chiefs	San Francisco 49ers	0 	0.0 	0 	0.0 	3.9 	53 	0.3 	0.0 	0.0 	0.0 	0.0 	11.3 	TE6		Kansas City Chiefs	Los Angeles Chargers	0 	0.0 	0 	0.0 	3.8 	52 	0.3 	0.0 	0.0 	0.0 	0.0 	10.9 	TE6		Actual	Actual	Actual	Forecast	Forecast	Forecast	Forecast	Forecast	Forecast	Forecast	Forecast	Forecast	Forecast	Forecast	Forecast	Forecast	Forecast		Healthy	Healthy	Healthy	Healthy	Healthy	Healthy	Healthy	Healthy	Healthy	Healthy	Healthy	Healthy	Healthy	Healthy	Healthy	Healthy	Healthy		Week 4 2026	10/3/2026	9:38:40 AM	9		24%	22%	0%	0%	0%	0%		(0.2)	0	0	0	0	0	(0.179503)
	DJ Moore	Buffalo Bills	WR	WR31	11.4 	183 	0 	0.0 	0.0 	0.0 	(1)	(0.1)	0.0 	0.0 	61.6 	3.9 	881 	55.1 	5.6 	0.3 	0.0 	0.2 	0.0 	0.447 	1.000 	0.690 	0 	0.162 	0.000 	69 	48 	(21)	31 	22 	(9)	0.442 				-	-	Kimani Vidal	0.048 	RB73	Xavier Hutchinson	0.176 	WR70		-	-		21.0 	(0.1)	12.7 	11.5 	11.6 	11.2 	0.0 	11.8 	11.5 	11.2 	11.4 	11.7 	11.3 	11.4 	11.9 	11.1 	11.3 		WR9	WR108	WR28	WR30	WR26	WR32	-	WR28	WR33	WR33	WR27	WR32	WR31	WR31	WR32	WR35	WR34		WR34	11.5 	0.0 	0.0 	0.0 	0.0 	3.9 	54.9 	0.4 	33 	0.481 	1.000 	0.670 	1 	0.197 	0.000 	71 	0.453 		149 		-	-	Kimani Vidal	0.055 	RB72	Xavier Hutchinson	0.160 	WR73		-	-		WR29	16.8 	0.0 	0.0 	0.0 	0.0 	25.3 	357.0 	2.3 	29 	0.323 	1.000 	0.710 	0 	0.112 	0.000 	#N/A	0.413 		33.6 		-	-	Kimani Vidal	3 	RB65	Xavier Hutchinson	21 	WR56		-	-					Buffalo Bills	Houston Texans	0 	0.0 	0 	0.0 	5.0 	100 	1.0 	0.0 	0.0 	0.0 	0.0 	21.0 	WR9		Buffalo Bills	Detroit Lions	0 	0.0 	(1)	0.0 	0.0 	0 	0.0 	0.0 	0.0 	0.0 	0.0 	(0.1)	WR108		Buffalo Bills	Los Angeles Chargers	0 	0.0 	0 	0.0 	6.0 	67 	0.0 	0.0 	0.0 	0.0 	0.0 	12.7 	WR28		Buffalo Bills	New England Patriots	0 	0.0 	0 	0.0 	3.9 	55 	0.4 	0.0 	0.0 	0.0 	0.0 	11.5 	WR30		Buffalo Bills	Los Angeles Rams	0 	0.0 	0 	0.0 	4.0 	56 	0.4 	0.0 	0.0 	0.0 	0.0 	11.6 	WR26		Buffalo Bills	Las Vegas Raiders	0 	0.0 	0 	0.0 	3.8 	54 	0.3 	0.0 	0.0 	0.0 	0.0 	11.2 	WR32		Buffalo Bills	BYE	0 	0.0 	0 	0.0 	0.0 	0 	0.0 	0.0 	0.0 	0.0 	0.0 	0.0 	-		Buffalo Bills	Baltimore Ravens	0 	0.0 	0 	0.0 	4.0 	56 	0.4 	0.0 	0.0 	0.0 	0.0 	11.8 	WR28		Buffalo Bills	Minnesota Vikings	0 	0.0 	0 	0.0 	3.9 	55 	0.4 	0.0 	0.0 	0.0 	0.0 	11.5 	WR33		Buffalo Bills	New York Jets	0 	0.0 	0 	0.0 	3.8 	53 	0.3 	0.0 	0.0 	0.0 	0.0 	11.2 	WR33		Buffalo Bills	Miami Dolphins	0 	0.0 	0 	0.0 	3.8 	54 	0.4 	0.0 	0.0 	0.0 	0.0 	11.4 	WR27		Buffalo Bills	Kansas City Chiefs	0 	0.0 	0 	0.0 	4.0 	56 	0.4 	0.0 	0.0 	0.0 	0.0 	11.7 	WR32		Buffalo Bills	New England Patriots	0 	0.0 	0 	0.0 	3.9 	55 	0.3 	0.0 	0.0 	0.0 	0.0 	11.3 	WR31		Buffalo Bills	Green Bay Packers	0 	0.0 	0 	0.0 	3.9 	55 	0.3 	0.0 	0.0 	0.0 	0.0 	11.4 	WR31		Buffalo Bills	Chicago Bears	0 	0.0 	0 	0.0 	4.0 	57 	0.4 	0.0 	0.0 	0.0 	0.0 	11.9 	WR32		Buffalo Bills	Denver Broncos	0 	0.0 	0 	0.0 	3.8 	54 	0.3 	0.0 	0.0 	0.0 	0.0 	11.1 	WR35		Buffalo Bills	Miami Dolphins	0 	0.0 	0 	0.0 	3.8 	54 	0.4 	0.0 	0.0 	0.0 	0.0 	11.3 	WR34		Actual	Actual	Actual	Forecast	Forecast	Forecast	Forecast	Forecast	Forecast	Forecast	Forecast	Forecast	Forecast	Forecast	Forecast	Forecast	Forecast		Healthy	Healthy	Healthy	Healthy	Healthy	Healthy	Healthy	Healthy	Healthy	Healthy	Healthy	Healthy	Healthy	Healthy	Healthy	Healthy	Healthy		Week 4 2026	10/3/2026	9:38:40 AM	9		25%	26%	0%	0%	0%	0%		0.0 	0	0	0	0	0	0.039999 
	Josh Jacobs	Green Bay Packers	RB	RB28	12.9 	116 	0 	0.0 	0.0 	0.0 	489 	54.3 	4.5 	0.5 	21.6 	2.4 	168 	18.7 	0.7 	0.1 	0.0 	1.5 	0.0 	0.284 	1.000 	0.532 	1 	0.247 	0.000 	86 	76 	(10)	39 	29 	(10)	0.381 				-	-	Adam Randall	0.039 	RB74	Kalif Raymond	0.330 	WR45		-	-		0.0 	0.0 	0.0 	0.0 	0.0 	0.0 	0.0 	13.9 	11.9 	13.2 	0.0 	11.5 	13.2 	13.1 	14.8 	12.0 	12.2 		-	-	-	-	-	-	-	RB15	RB20	RB15	-	RB24	RB15	RB18	RB14	RB23	RB22		RB25	12.9 	0.0 	0.0 	54.3 	0.5 	2.4 	18.7 	0.1 	31 	0.374 	1.000 	0.632 	1 	0.281 	0.000 	70 	0.453 		116 		-	-	Adam Randall	0.046 	RB73	Kalif Raymond	0.255 	WR55		-	-		-	0.0 	0.0 	0.0 	0.0 	0.0 	0.0 	0.0 	0.0 	#N/A	0.000 	1.000 	#N/A	(1)	0.000 	0.000 	#N/A	#N/A		0.0 		-	-	Adam Randall	0 	RB69	Kalif Raymond	46 	WR12		-	-					Green Bay Packers	Minnesota Vikings	0 	0.0 	0 	0.0 	0.0 	0 	0.0 	0.0 	0.0 	0.0 	0.0 	0.0 	-		Green Bay Packers	New York Jets	0 	0.0 	0 	0.0 	0.0 	0 	0.0 	0.0 	0.0 	0.0 	0.0 	0.0 	-		Green Bay Packers	Atlanta Falcons	0 	0.0 	0 	0.0 	0.0 	0 	0.0 	0.0 	0.0 	0.0 	0.0 	0.0 	-		Green Bay Packers	Tampa Bay Buccaneers	0 	0.0 	0 	0.0 	0.0 	0 	0.0 	0.0 	0.0 	0.0 	0.0 	0.0 	-		Green Bay Packers	Chicago Bears	0 	0.0 	0 	0.0 	0.0 	0 	0.0 	0.0 	0.0 	0.0 	0.0 	0.0 	-		Green Bay Packers	Dallas Cowboys	0 	0.0 	0 	0.0 	0.0 	0 	0.0 	0.0 	0.0 	0.0 	0.0 	0.0 	-		Green Bay Packers	Detroit Lions	0 	0.0 	0 	0.0 	0.0 	0 	0.0 	0.0 	0.0 	0.0 	0.0 	0.0 	-		Green Bay Packers	Carolina Panthers	0 	0.0 	60 	0.6 	2.4 	19 	0.1 	0.0 	0.2 	0.0 	0.0 	13.9 	RB15		Green Bay Packers	New England Patriots	0 	0.0 	49 	0.4 	2.4 	19 	0.1 	0.0 	0.2 	0.0 	0.0 	11.9 	RB20		Green Bay Packers	Minnesota Vikings	0 	0.0 	57 	0.5 	2.4 	19 	0.1 	0.0 	0.2 	0.0 	0.0 	13.2 	RB15		Green Bay Packers	BYE	0 	0.0 	0 	0.0 	0.0 	0 	0.0 	0.0 	0.0 	0.0 	0.0 	0.0 	-		Green Bay Packers	Los Angeles Rams	0 	0.0 	46 	0.4 	2.4 	19 	0.1 	0.0 	0.2 	0.0 	0.0 	11.5 	RB24		Green Bay Packers	New Orleans Saints	0 	0.0 	57 	0.5 	2.4 	19 	0.1 	0.0 	0.2 	0.0 	0.0 	13.2 	RB15		Green Bay Packers	Buffalo Bills	0 	0.0 	54 	0.5 	2.5 	19 	0.1 	0.0 	0.2 	0.0 	0.0 	13.1 	RB18		Green Bay Packers	Miami Dolphins	0 	0.0 	65 	0.6 	2.4 	19 	0.1 	0.0 	0.2 	0.0 	0.0 	14.8 	RB14		Green Bay Packers	Chicago Bears	0 	0.0 	49 	0.4 	2.4 	19 	0.1 	0.0 	0.2 	0.0 	0.0 	12.0 	RB23		Green Bay Packers	Houston Texans	0 	0.0 	52 	0.5 	2.3 	18 	0.1 	0.0 	0.2 	0.0 	0.0 	12.2 	RB22		Actual	Actual	Actual	Forecast	Forecast	Forecast	Forecast	Forecast	Forecast	Forecast	Forecast	Forecast	Forecast	Forecast	Forecast	Forecast	Forecast		Injured	Injured	Injured	Injured	Injured	Injured	Injured	Limited / Handicapped	Limited / Handicapped	Limited / Handicapped	Limited / Handicapped	Limited / Handicapped	Limited / Handicapped	Limited / Handicapped	Limited / Handicapped	Limited / Handicapped	Limited / Handicapped		Week 4 2026	10/3/2026	9:38:40 AM	9		8%	5%	54%	57%	0%	0%		0.5 	1	1	1	1	1	
	Rhamondre Stevenson	New England Patriots	RB	RB25	10.2 	164 	0 	0.0 	0.0 	0.0 	618 	38.6 	4.6 	0.3 	37.7 	2.4 	321 	20.1 	1.5 	0.1 	0.0 	2.4 	0.0 	0.401 	1.000 	0.706 	0 	0.089 	0.000 	75 	65 	(10)	25 	26 	1 	0.414 				-	-	James Conner	0.033 	RB75	Makai Lemon	0.160 	WR73		-	-		14.5 	3.6 	6.8 	10.5 	11.6 	12.5 	11.2 	11.3 	10.4 	10.1 	0.0 	9.8 	10.6 	10.5 	9.6 	10.6 	10.0 		RB17	RB50	RB35	RB26	RB24	RB18	RB22	RB23	RB26	RB25	-	RB29	RB25	RB25	RB31	RB26	RB28		RB26	10.7 	0.0 	0.0 	38.6 	0.4 	2.2 	19.9 	0.1 	25 	0.448 	1.000 	0.706 	0 	0.137 	0.000 	72 	0.440 		139 		-	-	James Conner	0.039 	RB74	Makai Lemon	0.165 	WR72		-	-		RB28	8.3 	0.0 	0.0 	167.2 	1.5 	9.6 	86.1 	0.5 	28 	0.239 	1.000 	0.669 	0 	0.007 	0.000 	#N/A	0.340 		24.9 		-	-	James Conner	0 	RB69	Makai Lemon	10 	WR83		-	-					New England Patriots	Seattle Seahawks	0 	0.0 	51 	0.0 	5.0 	44 	0.0 	0.0 	0.0 	0.0 	0.0 	14.5 	RB17		New England Patriots	Pittsburgh Steelers	0 	0.0 	43 	0.0 	1.0 	3 	0.0 	0.0 	1.0 	0.0 	0.0 	3.6 	RB50		New England Patriots	Jacksonville Jaguars	0 	0.0 	22 	0.0 	3.0 	16 	0.0 	0.0 	0.0 	0.0 	0.0 	6.8 	RB35		New England Patriots	Buffalo Bills	0 	0.0 	32 	0.3 	2.6 	24 	0.1 	0.0 	0.1 	0.0 	0.0 	10.5 	RB26		New England Patriots	Las Vegas Raiders	0 	0.0 	39 	0.4 	2.6 	23 	0.1 	0.0 	0.1 	0.0 	0.0 	11.6 	RB24		New England Patriots	New York Jets	0 	0.0 	45 	0.4 	2.5 	22 	0.1 	0.0 	0.1 	0.0 	0.0 	12.5 	RB18		New England Patriots	Chicago Bears	0 	0.0 	36 	0.3 	2.6 	23 	0.1 	0.0 	0.1 	0.0 	0.0 	11.2 	RB22		New England Patriots	Miami Dolphins	0 	0.0 	44 	0.4 	2.0 	18 	0.1 	0.0 	0.1 	0.0 	0.0 	11.3 	RB23		New England Patriots	Green Bay Packers	0 	0.0 	39 	0.4 	2.1 	19 	0.1 	0.0 	0.1 	0.0 	0.0 	10.4 	RB26		New England Patriots	Detroit Lions	0 	0.0 	37 	0.3 	2.1 	19 	0.1 	0.0 	0.1 	0.0 	0.0 	10.1 	RB25		New England Patriots	BYE	0 	0.0 	0 	0.0 	0.0 	0 	0.0 	0.0 	0.0 	0.0 	0.0 	0.0 	-		New England Patriots	Los Angeles Chargers	0 	0.0 	36 	0.3 	2.0 	18 	0.1 	0.0 	0.1 	0.0 	0.0 	9.8 	RB29		New England Patriots	Buffalo Bills	0 	0.0 	39 	0.4 	2.1 	19 	0.1 	0.0 	0.1 	0.0 	0.0 	10.6 	RB25		New England Patriots	Minnesota Vikings	0 	0.0 	40 	0.4 	2.0 	18 	0.1 	0.0 	0.1 	0.0 	0.0 	10.5 	RB25		New England Patriots	Kansas City Chiefs	0 	0.0 	35 	0.3 	2.0 	18 	0.1 	0.0 	0.1 	0.0 	0.0 	9.6 	RB31		New England Patriots	New York Jets	0 	0.0 	42 	0.4 	2.0 	18 	0.1 	0.0 	0.1 	0.0 	0.0 	10.6 	RB26		New England Patriots	Denver Broncos	0 	0.0 	38 	0.3 	2.0 	18 	0.1 	0.0 	0.1 	0.0 	0.0 	10.0 	RB28		Actual	Actual	Actual	Forecast	Forecast	Forecast	Forecast	Forecast	Forecast	Forecast	Forecast	Forecast	Forecast	Forecast	Forecast	Forecast	Forecast		Healthy	Healthy	Healthy	Healthy	Healthy	Healthy	Healthy	Healthy	Healthy	Healthy	Healthy	Healthy	Healthy	Healthy	Healthy	Healthy	Healthy		Week 4 2026	10/3/2026	9:38:40 AM	9		8%	7%	33%	36%	0%	0%		0.1 	0	0	0	0	0	0.100039 
	Drake Maye	New England Patriots	QB	QB22	14.8 	237 	3,550 	221.9 	20.3 	1.3 	356 	22.2 	1.7 	0.1 	0.0 	0.0 	0 	0.0 	0.0 	0.0 	14.0 	2.0 	0.0 	0.580 	0.460 	0.266 	0 	0.181 	0.000 	148 	53 	(95)	19 	3 	(16)	0.226 				-	-	Sean Tucker	0.026 	RB76	Rashid Shaheed	0.129 	WR78		-	-		9.8 	8.0 	4.5 	16.1 	16.7 	16.9 	16.5 	17.3 	16.7 	16.7 	0.0 	16.0 	17.2 	16.5 	15.8 	16.0 	16.0 		QB27	QB26	QB32	QB13	QB8	QB7	QB9	QB6	QB12	QB9	-	QB17	QB7	QB10	QB17	QB15	QB14		QB9	16.5 	228.1 	1.5 	21.0 	0.1 	0.0 	0.0 	0.0 	9 	0.692 	0.460 	0.385 	1 	0.476 	0.000 	78 	0.428 		215 		-	-	Sean Tucker	0.032 	RB75	Rashid Shaheed	0.147 	WR75		-	-		QB34	7.5 	988.4 	6.4 	91.2 	0.6 	0.0 	0.0 	0.0 	34 	0.215 	0.460 	0.055 	(1)	0.000 	0.000 	#N/A	0.029 		22.4 		-	-	Sean Tucker	0 	RB69	Rashid Shaheed	12 	WR81		-	-					New England Patriots	Seattle Seahawks	178 	1.0 	47 	0.0 	0.0 	0 	0.0 	3.0 	0.0 	0.0 	0.0 	9.8 	QB27		New England Patriots	Pittsburgh Steelers	208 	0.0 	17 	0.0 	0.0 	0 	0.0 	1.0 	0.0 	0.0 	0.0 	8.0 	QB26		New England Patriots	Jacksonville Jaguars	199 	0.0 	18 	0.0 	0.0 	0 	0.0 	1.6 	1.0 	0.0 	0.0 	4.5 	QB32		New England Patriots	Buffalo Bills	235 	1.4 	17 	0.1 	0.0 	0 	0.0 	0.6 	0.1 	0.0 	0.0 	16.1 	QB13		New England Patriots	Las Vegas Raiders	230 	1.5 	21 	0.1 	0.0 	0 	0.0 	0.6 	0.1 	0.0 	0.0 	16.7 	QB8		New England Patriots	New York Jets	222 	1.5 	25 	0.2 	0.0 	0 	0.0 	0.6 	0.1 	0.0 	0.0 	16.9 	QB7		New England Patriots	Chicago Bears	232 	1.5 	20 	0.1 	0.0 	0 	0.0 	0.6 	0.1 	0.0 	0.0 	16.5 	QB9		New England Patriots	Miami Dolphins	228 	1.6 	24 	0.2 	0.0 	0 	0.0 	0.6 	0.1 	0.0 	0.0 	17.3 	QB6		New England Patriots	Green Bay Packers	230 	1.5 	21 	0.1 	0.0 	0 	0.0 	0.6 	0.1 	0.0 	0.0 	16.7 	QB12		New England Patriots	Detroit Lions	234 	1.5 	20 	0.1 	0.0 	0 	0.0 	0.6 	0.1 	0.0 	0.0 	16.7 	QB9		New England Patriots	BYE	0 	0.0 	0 	0.0 	0.0 	0 	0.0 	0.0 	0.0 	0.0 	0.0 	0.0 	-		New England Patriots	Los Angeles Chargers	228 	1.4 	19 	0.1 	0.0 	0 	0.0 	0.6 	0.1 	0.0 	0.0 	16.0 	QB17		New England Patriots	Buffalo Bills	234 	1.6 	21 	0.1 	0.0 	0 	0.0 	0.6 	0.1 	0.0 	0.0 	17.2 	QB7		New England Patriots	Minnesota Vikings	225 	1.5 	22 	0.1 	0.0 	0 	0.0 	0.6 	0.1 	0.0 	0.0 	16.5 	QB10		New England Patriots	Kansas City Chiefs	226 	1.4 	19 	0.1 	0.0 	0 	0.0 	0.6 	0.1 	0.0 	0.0 	15.8 	QB17		New England Patriots	New York Jets	218 	1.4 	23 	0.1 	0.0 	0 	0.0 	0.6 	0.1 	0.0 	0.0 	16.0 	QB15		New England Patriots	Denver Broncos	225 	1.4 	21 	0.1 	0.0 	0 	0.0 	0.6 	0.1 	0.0 	0.0 	16.0 	QB14		Actual	Actual	Actual	Forecast	Forecast	Forecast	Forecast	Forecast	Forecast	Forecast	Forecast	Forecast	Forecast	Forecast	Forecast	Forecast	Forecast		Healthy	Healthy	Healthy	Healthy	Healthy	Healthy	Healthy	Healthy	Healthy	Healthy	Healthy	Healthy	Healthy	Healthy	Healthy	Healthy	Healthy		Week 4 2026	10/3/2026	9:38:40 AM	9		0%	0%	18%	13%	99%	99%		0.4 	0	0	0	0	0	0.398661 
	Sam LaPorta	Detroit Lions	TE	TE9	11.1 	178 	0 	0.0 	0.0 	0.0 	0 	0.0 	0.0 	0.0 	68.6 	4.3 	761 	47.5 	5.6 	0.3 	0.0 	0.1 	0.0 	0.436 	0.560 	0.493 	1 	0.336 	0.000 	76 	70 	(6)	9 	7 	(2)	0.414 				-	-	De'Von Achane	0.064 	RB71	Jaylin Noel	0.135 	WR77		-	-		9.8 	17.2 	7.4 	11.3 	11.5 	0.0 	11.2 	10.8 	10.8 	10.9 	11.1 	11.4 	11.1 	10.9 	10.6 	11.1 	10.9 		TE16	TE9	TE16	TE8	TE7	-	TE8	TE7	TE8	TE7	TE6	TE6	TE4	TE8	TE9	TE7	TE7		TE7	11.0 	0.0 	0.0 	0.0 	0.0 	4.2 	47.4 	0.4 	7 	0.463 	0.560 	0.510 	1 	0.353 	0.000 	76 	0.432 		144 		-	-	De'Von Achane	0.025 	RB76	Jaylin Noel	0.141 	WR76		-	-		TE11	11.5 	0.0 	0.0 	0.0 	0.0 	18.2 	205.5 	1.5 	11 	0.331 	0.560 	0.476 	1 	0.324 	0.000 	#N/A	0.386 		34.4 		-	-	De'Von Achane	25 	RB29	Jaylin Noel	17 	WR66		-	-					Detroit Lions	New Orleans Saints	0 	0.0 	0 	0.0 	5.0 	48 	0.0 	0.0 	0.0 	0.0 	0.0 	9.8 	TE16		Detroit Lions	Buffalo Bills	0 	0.0 	0 	0.0 	6.0 	52 	1.0 	0.0 	0.0 	0.0 	0.0 	17.2 	TE9		Detroit Lions	New York Jets	0 	0.0 	0 	0.0 	3.0 	44 	0.0 	0.0 	0.0 	0.0 	0.0 	7.4 	TE16		Detroit Lions	Carolina Panthers	0 	0.0 	0 	0.0 	4.3 	48 	0.4 	0.0 	0.0 	0.0 	0.0 	11.3 	TE8		Detroit Lions	Arizona Cardinals	0 	0.0 	0 	0.0 	4.3 	49 	0.4 	0.0 	0.0 	0.0 	0.0 	11.5 	TE7		Detroit Lions	BYE	0 	0.0 	0 	0.0 	0.0 	0 	0.0 	0.0 	0.0 	0.0 	0.0 	0.0 	-		Detroit Lions	Green Bay Packers	0 	0.0 	0 	0.0 	4.3 	48 	0.4 	0.0 	0.0 	0.0 	0.0 	11.2 	TE8		Detroit Lions	Minnesota Vikings	0 	0.0 	0 	0.0 	4.1 	47 	0.3 	0.0 	0.0 	0.0 	0.0 	10.8 	TE7		Detroit Lions	Miami Dolphins	0 	0.0 	0 	0.0 	4.1 	46 	0.3 	0.0 	0.0 	0.0 	0.0 	10.8 	TE8		Detroit Lions	New England Patriots	0 	0.0 	0 	0.0 	4.2 	47 	0.3 	0.0 	0.0 	0.0 	0.0 	10.9 	TE7		Detroit Lions	Tampa Bay Buccaneers	0 	0.0 	0 	0.0 	4.2 	47 	0.4 	0.0 	0.0 	0.0 	0.0 	11.1 	TE6		Detroit Lions	Chicago Bears	0 	0.0 	0 	0.0 	4.3 	49 	0.4 	0.0 	0.0 	0.0 	0.0 	11.4 	TE6		Detroit Lions	Atlanta Falcons	0 	0.0 	0 	0.0 	4.2 	48 	0.4 	0.0 	0.0 	0.0 	0.0 	11.1 	TE4		Detroit Lions	Tennessee Titans	0 	0.0 	0 	0.0 	4.1 	47 	0.4 	0.0 	0.0 	0.0 	0.0 	10.9 	TE8		Detroit Lions	Minnesota Vikings	0 	0.0 	0 	0.0 	4.1 	46 	0.3 	0.0 	0.0 	0.0 	0.0 	10.6 	TE9		Detroit Lions	New York Giants	0 	0.0 	0 	0.0 	4.2 	47 	0.4 	0.0 	0.0 	0.0 	0.0 	11.1 	TE7		Detroit Lions	Chicago Bears	0 	0.0 	0 	0.0 	4.2 	47 	0.3 	0.0 	0.0 	0.0 	0.0 	10.9 	TE7		Actual	Actual	Actual	Forecast	Forecast	Forecast	Forecast	Forecast	Forecast	Forecast	Forecast	Forecast	Forecast	Forecast	Forecast	Forecast	Forecast		Healthy	Healthy	Healthy	Healthy	Healthy	Healthy	Healthy	Healthy	Healthy	Healthy	Healthy	Healthy	Healthy	Healthy	Healthy	Healthy	Healthy		Week 4 2026	10/3/2026	9:38:40 AM	9		19%	19%	0%	0%	0%	0%		0.0 	0	0	0	0	0	0.046395 
	Trevor Lawrence	Jacksonville Jaguars	QB	QB10	16.7 	267 	3,575 	223.5 	28.0 	1.8 	235 	14.7 	1.8 	0.1 	0.0 	0.0 	0 	0.0 	0.0 	0.0 	10.4 	1.0 	0.0 	0.654 	0.460 	0.374 	1 	0.358 	0.000 	90 	89 	(1)	10 	10 	0 	0.367 				-	-	Malik Davis	0.019 	RB77	Keon Coleman	0.139 	WR76		-	-		26.1 	6.2 	19.8 	17.0 	16.4 	15.6 	0.0 	17.7 	16.3 	16.5 	16.5 	17.0 	15.9 	16.4 	15.0 	16.9 	17.5 		QB5	QB30	QB15	QB7	QB11	QB13	-	QB4	QB16	QB10	QB11	QB8	QB18	QB12	QB23	QB8	QB5		QB8	16.5 	227.6 	1.6 	15.4 	0.1 	0.0 	0.0 	0.0 	8 	0.693 	0.460 	0.395 	1 	0.478 	0.000 	75 	0.434 		215 		-	-	Malik Davis	0.025 	RB76	Keon Coleman	0.136 	WR77		-	-		QB13	17.3 	986.5 	7.0 	66.9 	0.6 	0.0 	0.0 	0.0 	13 	0.500 	0.460 	0.340 	1 	0.255 	0.000 	#N/A	0.300 		52.0 		-	-	Malik Davis	0 	RB69	Keon Coleman	18 	WR64		-	-					Jacksonville Jaguars	Cleveland Browns	245 	4.0 	3 	0.0 	0.0 	0 	0.0 	0.0 	0.0 	0.0 	0.0 	26.1 	QB5		Jacksonville Jaguars	Denver Broncos	189 	0.0 	6 	0.0 	0.0 	0 	0.0 	1.0 	0.0 	0.0 	0.0 	6.2 	QB30		Jacksonville Jaguars	New England Patriots	182 	3.0 	25 	0.0 	0.0 	0 	0.0 	1.0 	0.0 	0.0 	0.0 	19.8 	QB15		Jacksonville Jaguars	Cincinnati Bengals	234 	1.7 	15 	0.1 	0.0 	0 	0.0 	0.6 	0.1 	0.0 	0.0 	17.0 	QB7		Jacksonville Jaguars	Philadelphia Eagles	226 	1.6 	16 	0.1 	0.0 	0 	0.0 	0.6 	0.1 	0.0 	0.0 	16.4 	QB11		Jacksonville Jaguars	Houston Texans	219 	1.5 	15 	0.1 	0.0 	0 	0.0 	0.6 	0.1 	0.0 	0.0 	15.6 	QB13		Jacksonville Jaguars	BYE	0 	0.0 	0 	0.0 	0.0 	0 	0.0 	0.0 	0.0 	0.0 	0.0 	0.0 	-		Jacksonville Jaguars	Indianapolis Colts	232 	1.8 	17 	0.2 	0.0 	0 	0.0 	0.6 	0.1 	0.0 	0.0 	17.7 	QB4		Jacksonville Jaguars	Baltimore Ravens	231 	1.6 	14 	0.1 	0.0 	0 	0.0 	0.6 	0.1 	0.0 	0.0 	16.3 	QB16		Jacksonville Jaguars	Tennessee Titans	227 	1.6 	16 	0.1 	0.0 	0 	0.0 	0.6 	0.1 	0.0 	0.0 	16.5 	QB10		Jacksonville Jaguars	New York Giants	227 	1.6 	16 	0.1 	0.0 	0 	0.0 	0.6 	0.1 	0.0 	0.0 	16.5 	QB11		Jacksonville Jaguars	Tennessee Titans	227 	1.7 	17 	0.2 	0.0 	0 	0.0 	0.6 	0.1 	0.0 	0.0 	17.0 	QB8		Jacksonville Jaguars	Chicago Bears	225 	1.5 	15 	0.1 	0.0 	0 	0.0 	0.6 	0.1 	0.0 	0.0 	15.9 	QB18		Jacksonville Jaguars	Pittsburgh Steelers	226 	1.6 	16 	0.1 	0.0 	0 	0.0 	0.6 	0.1 	0.0 	0.0 	16.4 	QB12		Jacksonville Jaguars	Houston Texans	218 	1.4 	14 	0.1 	0.0 	0 	0.0 	0.6 	0.1 	0.0 	0.0 	15.0 	QB23		Jacksonville Jaguars	Dallas Cowboys	233 	1.7 	15 	0.1 	0.0 	0 	0.0 	0.6 	0.1 	0.0 	0.0 	16.9 	QB8		Jacksonville Jaguars	Washington Commanders	234 	1.8 	16 	0.2 	0.0 	0 	0.0 	0.6 	0.1 	0.0 	0.0 	17.5 	QB5		Actual	Actual	Actual	Forecast	Forecast	Forecast	Forecast	Forecast	Forecast	Forecast	Forecast	Forecast	Forecast	Forecast	Forecast	Forecast	Forecast		Healthy	Healthy	Healthy	Healthy	Healthy	Healthy	Healthy	Healthy	Healthy	Healthy	Healthy	Healthy	Healthy	Healthy	Healthy	Healthy	Healthy		Week 4 2026	10/3/2026	9:38:40 AM	9		0%	0%	13%	16%	99%	99%		0.1 	0	0	0	0	0	0.133987 
	Tony Pollard	Tennessee Titans	RB	RB27	9.6 	154 	0 	0.0 	0.0 	0.0 	914 	57.1 	5.6 	0.4 	20.2 	1.3 	110 	6.9 	0.4 	0.0 	0.0 	2.3 	0.0 	0.377 	1.000 	0.682 	0 	0.054 	0.000 	85 	75 	(10)	27 	28 	1 	0.385 				-	-		-	-	Darnell Mooney	0.124 	WR79		-	-		4.4 	7.5 	13.6 	8.0 	8.5 	10.3 	10.9 	9.8 	0.0 	10.5 	9.7 	9.4 	10.8 	9.1 	10.9 	10.3 	10.3 		RB44	RB35	RB16	RB33	RB31	RB24	RB24	RB25	-	RB24	RB25	RB31	RB23	RB30	RB26	RB27	RB27		RB27	9.9 	0.0 	0.0 	57.0 	0.4 	1.1 	6.8 	0.0 	26 	0.415 	1.000 	0.694 	0 	0.086 	0.000 	83 	0.409 		129 		-	-		-	-	Darnell Mooney	0.116 	WR81		-	-		RB27	8.5 	0.0 	0.0 	246.9 	1.9 	4.7 	29.4 	0.1 	27 	0.245 	1.000 	0.682 	0 	0.015 	0.000 	#N/A	0.349 		25.5 		-	-		-	-	Darnell Mooney	16 	WR67		-	-					Tennessee Titans	New York Jets	0 	0.0 	35 	0.0 	1.0 	(1)	0.0 	0.0 	0.0 	0.0 	0.0 	4.4 	RB44		Tennessee Titans	Philadelphia Eagles	0 	0.0 	64 	0.0 	1.0 	1 	0.0 	0.0 	0.0 	0.0 	0.0 	7.5 	RB35		Tennessee Titans	New York Giants	0 	0.0 	74 	0.0 	4.0 	22 	0.0 	0.0 	0.0 	0.0 	0.0 	13.6 	RB16		Tennessee Titans	Baltimore Ravens	0 	0.0 	47 	0.3 	1.0 	6 	0.0 	0.0 	0.2 	0.0 	0.0 	8.0 	RB33		Tennessee Titans	Houston Texans	0 	0.0 	51 	0.3 	1.0 	6 	0.0 	0.0 	0.2 	0.0 	0.0 	8.5 	RB31		Tennessee Titans	Indianapolis Colts	0 	0.0 	59 	0.5 	1.1 	7 	0.0 	0.0 	0.2 	0.0 	0.0 	10.3 	RB24		Tennessee Titans	Cleveland Browns	0 	0.0 	64 	0.5 	1.1 	7 	0.0 	0.0 	0.2 	0.0 	0.0 	10.9 	RB24		Tennessee Titans	Cincinnati Bengals	0 	0.0 	55 	0.4 	1.1 	7 	0.0 	0.0 	0.2 	0.0 	0.0 	9.8 	RB25		Tennessee Titans	BYE	0 	0.0 	0 	0.0 	0.0 	0 	0.0 	0.0 	0.0 	0.0 	0.0 	0.0 	-		Tennessee Titans	Jacksonville Jaguars	0 	0.0 	61 	0.5 	1.1 	7 	0.0 	0.0 	0.2 	0.0 	0.0 	10.5 	RB24		Tennessee Titans	Dallas Cowboys	0 	0.0 	55 	0.4 	1.1 	7 	0.0 	0.0 	0.2 	0.0 	0.0 	9.7 	RB25		Tennessee Titans	Jacksonville Jaguars	0 	0.0 	54 	0.4 	1.1 	7 	0.0 	0.0 	0.2 	0.0 	0.0 	9.4 	RB31		Tennessee Titans	Washington Commanders	0 	0.0 	62 	0.5 	1.1 	7 	0.0 	0.0 	0.2 	0.0 	0.0 	10.8 	RB23		Tennessee Titans	Detroit Lions	0 	0.0 	51 	0.4 	1.1 	7 	0.0 	0.0 	0.2 	0.0 	0.0 	9.1 	RB30		Tennessee Titans	Indianapolis Colts	0 	0.0 	62 	0.5 	1.1 	7 	0.0 	0.0 	0.2 	0.0 	0.0 	10.9 	RB26		Tennessee Titans	Las Vegas Raiders	0 	0.0 	60 	0.5 	1.1 	7 	0.0 	0.0 	0.2 	0.0 	0.0 	10.3 	RB27		Tennessee Titans	Pittsburgh Steelers	0 	0.0 	60 	0.5 	1.1 	7 	0.0 	0.0 	0.2 	0.0 	0.0 	10.3 	RB27		Actual	Actual	Actual	Forecast	Forecast	Forecast	Forecast	Forecast	Forecast	Forecast	Forecast	Forecast	Forecast	Forecast	Forecast	Forecast	Forecast		Healthy	Healthy	Healthy	Healthy	Healthy	Healthy	Healthy	Healthy	Healthy	Healthy	Healthy	Healthy	Healthy	Healthy	Healthy	Healthy	Healthy		Week 4 2026	10/3/2026	9:38:40 AM	9		3%	2%	55%	58%	0%	0%		0.1 	0	0	0	0	0	0.059477 
	Jameson Williams	Detroit Lions	WR	WR42	10.2 	163 	0 	0.0 	0.0 	0.0 	15 	0.9 	0.1 	0.0 	53.7 	3.4 	808 	50.5 	4.4 	0.3 	0.0 	0.1 	0.0 	0.398 	1.000 	0.590 	0 	0.083 	0.000 	94 	57 	(37)	41 	26 	(15)	0.358 				-	-		-	-	Kendrick Bourne	0.150 	WR74		-	-		8.5 	5.3 	8.9 	11.0 	11.2 	0.0 	10.9 	10.6 	10.6 	10.6 	10.8 	11.1 	10.8 	10.7 	10.4 	10.8 	10.6 		WR43	WR60	WR41	WR32	WR31	-	WR31	WR34	WR39	WR36	WR31	WR35	WR36	WR38	WR41	WR37	WR42		WR38	10.8 	0.0 	0.0 	1.1 	0.0 	3.4 	52.4 	0.3 	38 	0.451 	1.000 	0.620 	0 	0.146 	0.000 	84 	0.405 		140 		-	-		-	-	Kendrick Bourne	0.131 	WR78		-	-		WR52	7.6 	0.0 	0.0 	4.9 	0.0 	14.6 	227.1 	1.5 	52 	0.218 	1.000 	0.480 	(0)	0.000 	0.000 	#N/A	0.249 		22.7 		-	-		-	-	Kendrick Bourne	23 	WR49		-	-					Detroit Lions	New Orleans Saints	0 	0.0 	0 	0.0 	4.0 	45 	0.0 	0.0 	0.0 	0.0 	0.0 	8.5 	WR43		Detroit Lions	Buffalo Bills	0 	0.0 	0 	0.0 	2.0 	33 	0.0 	0.0 	0.0 	0.0 	0.0 	5.3 	WR60		Detroit Lions	New York Jets	0 	0.0 	0 	0.0 	4.0 	49 	0.0 	0.0 	0.0 	0.0 	0.0 	8.9 	WR41		Detroit Lions	Carolina Panthers	0 	0.0 	1 	0.0 	3.4 	54 	0.3 	0.0 	0.0 	0.0 	0.0 	11.0 	WR32		Detroit Lions	Arizona Cardinals	0 	0.0 	1 	0.0 	3.5 	54 	0.4 	0.0 	0.0 	0.0 	0.0 	11.2 	WR31		Detroit Lions	BYE	0 	0.0 	0 	0.0 	0.0 	0 	0.0 	0.0 	0.0 	0.0 	0.0 	0.0 	-		Detroit Lions	Green Bay Packers	0 	0.0 	1 	0.0 	3.4 	53 	0.3 	0.0 	0.0 	0.0 	0.0 	10.9 	WR31		Detroit Lions	Minnesota Vikings	0 	0.0 	1 	0.0 	3.3 	52 	0.3 	0.0 	0.0 	0.0 	0.0 	10.6 	WR34		Detroit Lions	Miami Dolphins	0 	0.0 	1 	0.0 	3.3 	51 	0.3 	0.0 	0.0 	0.0 	0.0 	10.6 	WR39		Detroit Lions	New England Patriots	0 	0.0 	1 	0.0 	3.3 	52 	0.3 	0.0 	0.0 	0.0 	0.0 	10.6 	WR36		Detroit Lions	Tampa Bay Buccaneers	0 	0.0 	1 	0.0 	3.4 	52 	0.3 	0.0 	0.0 	0.0 	0.0 	10.8 	WR31		Detroit Lions	Chicago Bears	0 	0.0 	1 	0.0 	3.5 	54 	0.4 	0.0 	0.0 	0.0 	0.0 	11.1 	WR35		Detroit Lions	Atlanta Falcons	0 	0.0 	1 	0.0 	3.4 	53 	0.3 	0.0 	0.0 	0.0 	0.0 	10.8 	WR36		Detroit Lions	Tennessee Titans	0 	0.0 	1 	0.0 	3.3 	52 	0.3 	0.0 	0.0 	0.0 	0.0 	10.7 	WR38		Detroit Lions	Minnesota Vikings	0 	0.0 	1 	0.0 	3.3 	51 	0.3 	0.0 	0.0 	0.0 	0.0 	10.4 	WR41		Detroit Lions	New York Giants	0 	0.0 	1 	0.0 	3.4 	52 	0.3 	0.0 	0.0 	0.0 	0.0 	10.8 	WR37		Detroit Lions	Chicago Bears	0 	0.0 	1 	0.0 	3.3 	52 	0.3 	0.0 	0.0 	0.0 	0.0 	10.6 	WR42		Actual	Actual	Actual	Forecast	Forecast	Forecast	Forecast	Forecast	Forecast	Forecast	Forecast	Forecast	Forecast	Forecast	Forecast	Forecast	Forecast		Healthy	Healthy	Healthy	Healthy	Healthy	Healthy	Healthy	Healthy	Healthy	Healthy	Healthy	Healthy	Healthy	Healthy	Healthy	Healthy	Healthy		Week 4 2026	10/3/2026	9:38:40 AM	9		21%	18%	1%	1%	0%	0%		0.2 	0	0	0	0	0	0.156329 
	Juwan Johnson	New Orleans Saints	TE	TE7	11.8 	188 	0 	0.0 	0.0 	0.0 	0 	0.0 	0.0 	0.0 	66.5 	4.2 	765 	47.8 	7.9 	0.5 	0.0 	1.1 	0.0 	0.461 	0.560 	0.510 	1 	0.396 	0.000 	66 	149 	83 	7 	16 	9 	0.451 				-	-		-	-	Kayshon Boutte	0.108 	WR82		-	-		14.4 	10.6 	23.3 	13.1 	12.2 	12.2 	11.9 	0.0 	10.0 	10.0 	10.0 	10.3 	10.0 	9.7 	10.1 	10.4 	10.0 		TE7	TE12	TE5	TE4	TE4	TE6	TE5	-	TE12	TE10	TE10	TE11	TE10	TE11	TE12	TE9	TE12		TE9	10.8 	0.0 	0.0 	0.0 	0.0 	4.0 	45.6 	0.4 	9 	0.452 	0.560 	0.493 	1 	0.327 	0.000 	82 	0.412 		140 		-	-		-	-	Kayshon Boutte	0.110 	WR82		-	-		TE3	16.1 	0.0 	0.0 	0.0 	0.0 	17.2 	197.4 	1.6 	3 	0.464 	0.560 	0.541 	2 	0.704 	0.000 	#N/A	0.603 		48.3 		-	-		-	-	Kayshon Boutte	14 	WR75		-	-					New Orleans Saints	Detroit Lions	0 	0.0 	0 	0.0 	3.0 	54 	1.0 	0.0 	0.0 	0.0 	0.0 	14.4 	TE7		New Orleans Saints	Baltimore Ravens	0 	0.0 	0 	0.0 	4.0 	66 	0.0 	0.0 	0.0 	0.0 	0.0 	10.6 	TE12		New Orleans Saints	Las Vegas Raiders	0 	0.0 	0 	0.0 	8.0 	53 	2.0 	0.0 	1.0 	0.0 	0.0 	23.3 	TE5		New Orleans Saints	Atlanta Falcons	0 	0.0 	0 	0.0 	4.9 	56 	0.4 	0.0 	0.0 	0.0 	0.0 	13.1 	TE4		New Orleans Saints	Minnesota Vikings	0 	0.0 	0 	0.0 	4.6 	53 	0.4 	0.0 	0.0 	0.0 	0.0 	12.2 	TE4		New Orleans Saints	New York Giants	0 	0.0 	0 	0.0 	4.6 	53 	0.4 	0.0 	0.0 	0.0 	0.0 	12.2 	TE6		New Orleans Saints	Pittsburgh Steelers	0 	0.0 	0 	0.0 	4.6 	53 	0.4 	0.0 	0.0 	0.0 	0.0 	11.9 	TE5		New Orleans Saints	BYE	0 	0.0 	0 	0.0 	0.0 	0 	0.0 	0.0 	0.0 	0.0 	0.0 	0.0 	-		New Orleans Saints	Cleveland Browns	0 	0.0 	0 	0.0 	3.6 	41 	0.4 	0.0 	0.0 	0.0 	0.0 	10.0 	TE12		New Orleans Saints	Carolina Panthers	0 	0.0 	0 	0.0 	3.6 	41 	0.4 	0.0 	0.0 	0.0 	0.0 	10.0 	TE10		New Orleans Saints	Chicago Bears	0 	0.0 	0 	0.0 	3.7 	42 	0.4 	0.0 	0.0 	0.0 	0.0 	10.0 	TE10		New Orleans Saints	Cincinnati Bengals	0 	0.0 	0 	0.0 	3.7 	43 	0.4 	0.0 	0.0 	0.0 	0.0 	10.3 	TE11		New Orleans Saints	Green Bay Packers	0 	0.0 	0 	0.0 	3.6 	42 	0.4 	0.0 	0.0 	0.0 	0.0 	10.0 	TE10		New Orleans Saints	Carolina Panthers	0 	0.0 	0 	0.0 	3.6 	41 	0.4 	0.0 	0.0 	0.0 	0.0 	9.7 	TE11		New Orleans Saints	Tampa Bay Buccaneers	0 	0.0 	0 	0.0 	3.7 	42 	0.4 	0.0 	0.0 	0.0 	0.0 	10.1 	TE12		New Orleans Saints	Arizona Cardinals	0 	0.0 	0 	0.0 	3.7 	42 	0.4 	0.0 	0.0 	0.0 	0.0 	10.4 	TE9		New Orleans Saints	Atlanta Falcons	0 	0.0 	0 	0.0 	3.6 	42 	0.4 	0.0 	0.0 	0.0 	0.0 	10.0 	TE12		Actual	Actual	Actual	Forecast	Forecast	Forecast	Forecast	Forecast	Forecast	Forecast	Forecast	Forecast	Forecast	Forecast	Forecast	Forecast	Forecast		Healthy	Healthy	Healthy	Healthy	Healthy	Healthy	Healthy	Healthy	Healthy	Healthy	Healthy	Healthy	Healthy	Healthy	Healthy	Healthy	Healthy		Week 4 2026	10/3/2026	9:38:40 AM	9		17%	22%	0%	0%	0%	0%		(0.2)	0	0	0	0	0	(0.190976)
	Kyler Murray	Minnesota Vikings	QB	QB25	15.0 	225 	3,007 	200.5 	20.7 	1.4 	345 	23.0 	1.4 	0.1 	0.0 	0.0 	0 	0.0 	0.0 	0.0 	9.5 	1.0 	0.0 	0.551 	0.460 	0.186 	0 	0.198 	0.000 	164 	138 	(26)	25 	17 	(8)	0.192 				-	-		-	-	Ryan Flournoy	0.119 	WR80		-	-		1.4 	0.0 	10.4 	16.7 	16.9 	0.0 	17.2 	16.2 	16.6 	15.7 	16.2 	16.7 	16.5 	15.2 	16.4 	17.2 	15.8 		QB33	-	QB27	QB10	QB7	-	QB5	QB13	QB13	QB15	QB15	QB10	QB10	QB24	QB13	QB6	QB16		QB10	16.4 	217.0 	1.5 	24.5 	0.1 	0.0 	0.0 	0.0 	10 	0.688 	0.460 	0.374 	1 	0.464 	0.000 	80 	0.417 		213 		-	-		-	-	Ryan Flournoy	0.126 	WR79		-	-		QB36	5.9 	1,410.7 	9.8 	159.3 	0.7 	0.0 	0.0 	0.0 	36 	0.113 	0.460 	0.024 	(1)	0.000 	0.000 	#N/A	0.013 		11.8 		-	-		-	-	Ryan Flournoy	16 	WR71		-	-					Minnesota Vikings	Green Bay Packers	18 	0.0 	9 	0.0 	0.0 	0 	0.0 	0.1 	0.0 	0.0 	0.0 	1.4 	QB33		Minnesota Vikings	Chicago Bears	0 	0.0 	0 	0.0 	0.0 	0 	0.0 	0.0 	0.0 	0.0 	0.0 	0.0 	-		Minnesota Vikings	Tampa Bay Buccaneers	168 	1.0 	17 	0.0 	0.0 	0 	0.0 	1.0 	0.0 	0.0 	0.0 	10.4 	QB27		Minnesota Vikings	Miami Dolphins	206 	1.5 	29 	0.2 	0.0 	0 	0.0 	0.6 	0.1 	0.0 	0.0 	16.7 	QB10		Minnesota Vikings	New Orleans Saints	218 	1.6 	25 	0.1 	0.0 	0 	0.0 	0.6 	0.1 	0.0 	0.0 	16.9 	QB7		Minnesota Vikings	BYE	0 	0.0 	0 	0.0 	0.0 	0 	0.0 	0.0 	0.0 	0.0 	0.0 	0.0 	-		Minnesota Vikings	Indianapolis Colts	222 	1.6 	26 	0.1 	0.0 	0 	0.0 	0.6 	0.1 	0.0 	0.0 	17.2 	QB5		Minnesota Vikings	Detroit Lions	221 	1.5 	22 	0.1 	0.0 	0 	0.0 	0.6 	0.1 	0.0 	0.0 	16.2 	QB13		Minnesota Vikings	Buffalo Bills	220 	1.5 	24 	0.1 	0.0 	0 	0.0 	0.6 	0.1 	0.0 	0.0 	16.6 	QB13		Minnesota Vikings	Green Bay Packers	217 	1.4 	22 	0.1 	0.0 	0 	0.0 	0.6 	0.1 	0.0 	0.0 	15.7 	QB15		Minnesota Vikings	San Francisco 49ers	221 	1.5 	22 	0.1 	0.0 	0 	0.0 	0.6 	0.1 	0.0 	0.0 	16.2 	QB15		Minnesota Vikings	Atlanta Falcons	215 	1.6 	27 	0.1 	0.0 	0 	0.0 	0.6 	0.1 	0.0 	0.0 	16.7 	QB10		Minnesota Vikings	Carolina Panthers	216 	1.5 	25 	0.1 	0.0 	0 	0.0 	0.6 	0.1 	0.0 	0.0 	16.5 	QB10		Minnesota Vikings	New England Patriots	213 	1.4 	22 	0.1 	0.0 	0 	0.0 	0.6 	0.1 	0.0 	0.0 	15.2 	QB24		Minnesota Vikings	Detroit Lions	220 	1.5 	24 	0.1 	0.0 	0 	0.0 	0.6 	0.1 	0.0 	0.0 	16.4 	QB13		Minnesota Vikings	Washington Commanders	222 	1.6 	26 	0.1 	0.0 	0 	0.0 	0.6 	0.1 	0.0 	0.0 	17.2 	QB6		Minnesota Vikings	New York Jets	211 	1.4 	24 	0.1 	0.0 	0 	0.0 	0.6 	0.1 	0.0 	0.0 	15.8 	QB16		Actual	Actual	Actual	Forecast	Forecast	Forecast	Forecast	Forecast	Forecast	Forecast	Forecast	Forecast	Forecast	Forecast	Forecast	Forecast	Forecast		Healthy	Injured	Healthy	Healthy	Healthy	Healthy	Healthy	Healthy	Healthy	Healthy	Healthy	Healthy	Healthy	Healthy	Healthy	Healthy	Healthy		Week 4 2026	10/3/2026	9:38:40 AM	9		0%	0%	20%	12%	99%	99%		0.4 	0	1	0	0	0	
	Malik Washington	Miami Dolphins	WR	WR39	10.6 	170 	0 	0.0 	0.0 	0.0 	9 	0.6 	0.0 	0.0 	65.9 	4.1 	853 	53.3 	3.3 	0.2 	0.0 	1.2 	0.0 	0.416 	1.000 	0.620 	0 	0.111 	0.000 	84 	222 	138 	38 	72 	34 	0.386 				-	-		-	-	Isaiah Williams	0.115 	WR81		-	-		6.3 	8.7 	11.1 	10.0 	11.3 	0.0 	10.7 	11.1 	11.4 	11.4 	11.1 	10.8 	10.7 	11.4 	10.9 	11.1 	11.6 		WR55	WR35	WR36	WR44	WR30	-	WR32	WR31	WR34	WR32	WR29	WR37	WR37	WR30	WR37	WR34	WR32		WR36	11.0 	0.0 	0.0 	0.0 	0.0 	4.1 	53.9 	0.3 	35 	0.464 	1.000 	0.650 	0 	0.167 	0.000 	77 	0.429 		144 		-	-		-	-	Isaiah Williams	0.121 	WR80		-	-		WR43	8.7 	0.0 	0.0 	0.0 	0.0 	18.0 	233.7 	1.1 	43 	0.251 	1.000 	0.570 	0 	0.017 	0.000 	#N/A	0.301 		26.1 		-	-		-	-	Isaiah Williams	16 	WR72		-	-					Miami Dolphins	Las Vegas Raiders	0 	0.0 	0 	0.0 	3.0 	53 	0.0 	0.0 	1.0 	0.0 	0.0 	6.3 	WR55		Miami Dolphins	San Francisco 49ers	0 	0.0 	4 	0.0 	4.0 	43 	0.0 	0.0 	0.0 	0.0 	0.0 	8.7 	WR35		Miami Dolphins	Kansas City Chiefs	0 	0.0 	5 	0.0 	5.0 	56 	0.0 	0.0 	0.0 	0.0 	0.0 	11.1 	WR36		Miami Dolphins	Minnesota Vikings	0 	0.0 	0 	0.0 	3.9 	50 	0.2 	0.0 	0.0 	0.0 	0.0 	10.0 	WR44		Miami Dolphins	Cincinnati Bengals	0 	0.0 	0 	0.0 	4.2 	55 	0.3 	0.0 	0.0 	0.0 	0.0 	11.3 	WR30		Miami Dolphins	BYE	0 	0.0 	0 	0.0 	0.0 	0 	0.0 	0.0 	0.0 	0.0 	0.0 	0.0 	-		Miami Dolphins	New York Jets	0 	0.0 	0 	0.0 	4.0 	52 	0.3 	0.0 	0.0 	0.0 	0.0 	10.7 	WR32		Miami Dolphins	New England Patriots	0 	0.0 	0 	0.0 	4.2 	54 	0.3 	0.0 	0.0 	0.0 	0.0 	11.1 	WR31		Miami Dolphins	Detroit Lions	0 	0.0 	0 	0.0 	4.3 	55 	0.3 	0.0 	0.0 	0.0 	0.0 	11.4 	WR34		Miami Dolphins	Indianapolis Colts	0 	0.0 	0 	0.0 	4.3 	55 	0.3 	0.0 	0.0 	0.0 	0.0 	11.4 	WR32		Miami Dolphins	Buffalo Bills	0 	0.0 	0 	0.0 	4.2 	54 	0.2 	0.0 	0.0 	0.0 	0.0 	11.1 	WR29		Miami Dolphins	New York Jets	0 	0.0 	0 	0.0 	4.0 	52 	0.3 	0.0 	0.0 	0.0 	0.0 	10.8 	WR37		Miami Dolphins	Denver Broncos	0 	0.0 	0 	0.0 	4.1 	53 	0.2 	0.0 	0.0 	0.0 	0.0 	10.7 	WR37		Miami Dolphins	Chicago Bears	0 	0.0 	0 	0.0 	4.3 	55 	0.3 	0.0 	0.0 	0.0 	0.0 	11.4 	WR30		Miami Dolphins	Green Bay Packers	0 	0.0 	0 	0.0 	4.1 	54 	0.2 	0.0 	0.0 	0.0 	0.0 	10.9 	WR37		Miami Dolphins	Los Angeles Chargers	0 	0.0 	0 	0.0 	4.2 	54 	0.3 	0.0 	0.0 	0.0 	0.0 	11.1 	WR34		Miami Dolphins	Buffalo Bills	0 	0.0 	0 	0.0 	4.3 	56 	0.3 	0.0 	0.0 	0.0 	0.0 	11.6 	WR32		Actual	Actual	Actual	Forecast	Forecast	Forecast	Forecast	Forecast	Forecast	Forecast	Forecast	Forecast	Forecast	Forecast	Forecast	Forecast	Forecast		Healthy	Healthy	Healthy	Healthy	Healthy	Healthy	Healthy	Healthy	Healthy	Healthy	Healthy	Healthy	Healthy	Healthy	Healthy	Healthy	Healthy		Week 4 2026	10/3/2026	9:38:40 AM	9		24%	21%	0%	0%	0%	0%		0.1 	0	0	0	0	0	0.127927 
	Colston Loveland	Chicago Bears	TE	TE19	9.1 	137 	0 	0.0 	0.0 	0.0 	0 	0.0 	0.0 	0.0 	53.0 	3.5 	591 	39.4 	4.2 	0.3 	0.0 	0.1 	0.0 	0.335 	0.560 	0.404 	0 	0.148 	0.000 	127 	39 	(88)	19 	3 	(16)	0.278 				-	-		-	-	Jalen Nailor	0.101 	WR83		-	-		0.0 	1.3 	7.1 	9.6 	9.4 	10.0 	9.8 	9.7 	10.1 	0.0 	9.7 	10.2 	10.0 	9.9 	10.2 	9.8 	10.0 		-	TE35	TE18	TE13	TE10	TE10	TE11	TE9	TE11	-	TE11	TE12	TE9	TE10	TE11	TE12	TE11		TE11	9.9 	0.0 	0.0 	0.0 	0.0 	3.7 	42.8 	0.3 	11 	0.414 	0.560 	0.476 	1 	0.242 	0.000 	101 	0.361 		128 		-	-		-	-	Jalen Nailor	0.104 	WR83		-	-		TE47	4.2 	0.0 	0.0 	0.0 	0.0 	24.0 	278.4 	2.1 	47 	0.081 	0.560 	0.126 	(1)	0.000 	0.000 	#N/A	0.062 		8.4 		-	-		-	-	Jalen Nailor	10 	WR84		-	-					Chicago Bears	Carolina Panthers	0 	0.0 	0 	0.0 	0.0 	0 	0.0 	0.0 	0.0 	0.0 	0.0 	0.0 	-		Chicago Bears	Minnesota Vikings	0 	0.0 	0 	0.0 	1.0 	3 	0.0 	0.0 	0.0 	0.0 	0.0 	1.3 	TE35		Chicago Bears	Philadelphia Eagles	0 	0.0 	0 	0.0 	4.0 	31 	0.0 	0.0 	0.0 	0.0 	0.0 	7.1 	TE18		Chicago Bears	New York Jets	0 	0.0 	0 	0.0 	3.6 	42 	0.3 	0.0 	0.0 	0.0 	0.0 	9.6 	TE13		Chicago Bears	Green Bay Packers	0 	0.0 	0 	0.0 	3.6 	42 	0.3 	0.0 	0.0 	0.0 	0.0 	9.4 	TE10		Chicago Bears	Atlanta Falcons	0 	0.0 	0 	0.0 	3.7 	43 	0.3 	0.0 	0.0 	0.0 	0.0 	10.0 	TE10		Chicago Bears	New England Patriots	0 	0.0 	0 	0.0 	3.7 	43 	0.3 	0.0 	0.0 	0.0 	0.0 	9.8 	TE11		Chicago Bears	Seattle Seahawks	0 	0.0 	0 	0.0 	3.7 	43 	0.3 	0.0 	0.0 	0.0 	0.0 	9.7 	TE9		Chicago Bears	Tampa Bay Buccaneers	0 	0.0 	0 	0.0 	3.8 	44 	0.3 	0.0 	0.0 	0.0 	0.0 	10.1 	TE11		Chicago Bears	BYE	0 	0.0 	0 	0.0 	0.0 	0 	0.0 	0.0 	0.0 	0.0 	0.0 	0.0 	-		Chicago Bears	New Orleans Saints	0 	0.0 	0 	0.0 	3.6 	42 	0.3 	0.0 	0.0 	0.0 	0.0 	9.7 	TE11		Chicago Bears	Detroit Lions	0 	0.0 	0 	0.0 	3.8 	44 	0.3 	0.0 	0.0 	0.0 	0.0 	10.2 	TE12		Chicago Bears	Jacksonville Jaguars	0 	0.0 	0 	0.0 	3.7 	43 	0.3 	0.0 	0.0 	0.0 	0.0 	10.0 	TE9		Chicago Bears	Miami Dolphins	0 	0.0 	0 	0.0 	3.7 	42 	0.3 	0.0 	0.0 	0.0 	0.0 	9.9 	TE10		Chicago Bears	Buffalo Bills	0 	0.0 	0 	0.0 	3.8 	44 	0.3 	0.0 	0.0 	0.0 	0.0 	10.2 	TE11		Chicago Bears	Green Bay Packers	0 	0.0 	0 	0.0 	3.7 	43 	0.3 	0.0 	0.0 	0.0 	0.0 	9.8 	TE12		Chicago Bears	Detroit Lions	0 	0.0 	0 	0.0 	3.7 	43 	0.3 	0.0 	0.0 	0.0 	0.0 	10.0 	TE11		Actual	Actual	Actual	Forecast	Forecast	Forecast	Forecast	Forecast	Forecast	Forecast	Forecast	Forecast	Forecast	Forecast	Forecast	Forecast	Forecast		Healthy	Healthy	Healthy	Healthy	Healthy	Healthy	Healthy	Healthy	Healthy	Healthy	Healthy	Healthy	Healthy	Healthy	Healthy	Healthy	Healthy		Week 4 2026	10/3/2026	9:38:40 AM	9		21%	21%	0%	0%	0%	0%		0.3 	0	0	0	0	0	0.299015 
	Jordan Love	Green Bay Packers	QB	QB12	16.4 	263 	4,022 	251.4 	27.2 	1.7 	117 	7.3 	1.0 	0.1 	0.0 	0.0 	0 	0.0 	0.0 	0.0 	10.4 	2.0 	0.0 	0.644 	0.460 	0.352 	1 	0.334 	0.000 	99 	148 	49 	12 	19 	7 	0.343 				-	-		-	-	Jayden Reed	0.009 	WR100		-	-		19.5 	13.8 	18.5 	15.2 	16.4 	17.9 	16.7 	16.4 	15.6 	16.1 	0.0 	15.7 	16.1 	16.7 	16.8 	15.8 	15.3 		QB11	QB20	QB18	QB18	QB10	QB3	QB7	QB10	QB21	QB12	-	QB21	QB14	QB8	QB11	QB18	QB20		QB11	16.2 	244.5 	1.6 	9.0 	0.1 	0.0 	0.0 	0.0 	11 	0.681 	0.460 	0.363 	1 	0.447 	0.000 	85 	0.403 		211 		-	-		-	-	Jayden Reed	0.008 	WR100		-	-		QB15	17.3 	1,059.4 	7.1 	39.0 	0.3 	0.0 	0.0 	0.0 	15 	0.497 	0.460 	0.317 	1 	0.250 	0.000 	#N/A	0.285 		51.8 		-	-		-	-	Jayden Reed	6 	WR89		-	-					Green Bay Packers	Minnesota Vikings	387 	2.0 	0 	0.0 	0.0 	0 	0.0 	1.0 	1.0 	0.0 	0.0 	19.5 	QB11		Green Bay Packers	New York Jets	145 	2.0 	0 	0.0 	0.0 	0 	0.0 	0.0 	0.0 	0.0 	0.0 	13.8 	QB20		Green Bay Packers	Atlanta Falcons	312 	2.0 	0 	0.0 	0.0 	0 	0.0 	1.0 	0.0 	0.0 	0.0 	18.5 	QB18		Green Bay Packers	Tampa Bay Buccaneers	234 	1.5 	10 	0.1 	0.0 	0 	0.0 	0.6 	0.1 	0.0 	0.0 	15.2 	QB18		Green Bay Packers	Chicago Bears	244 	1.6 	10 	0.1 	0.0 	0 	0.0 	0.6 	0.1 	0.0 	0.0 	16.4 	QB10		Green Bay Packers	Dallas Cowboys	257 	1.8 	11 	0.1 	0.0 	0 	0.0 	0.6 	0.1 	0.0 	0.0 	17.9 	QB3		Green Bay Packers	Detroit Lions	249 	1.7 	10 	0.1 	0.0 	0 	0.0 	0.6 	0.1 	0.0 	0.0 	16.7 	QB7		Green Bay Packers	Carolina Panthers	242 	1.7 	9 	0.1 	0.0 	0 	0.0 	0.6 	0.1 	0.0 	0.0 	16.4 	QB10		Green Bay Packers	New England Patriots	243 	1.6 	8 	0.1 	0.0 	0 	0.0 	0.6 	0.1 	0.0 	0.0 	15.6 	QB21		Green Bay Packers	Minnesota Vikings	243 	1.6 	9 	0.1 	0.0 	0 	0.0 	0.6 	0.1 	0.0 	0.0 	16.1 	QB12		Green Bay Packers	BYE	0 	0.0 	0 	0.0 	0.0 	0 	0.0 	0.0 	0.0 	0.0 	0.0 	0.0 	-		Green Bay Packers	Los Angeles Rams	246 	1.6 	7 	0.1 	0.0 	0 	0.0 	0.6 	0.1 	0.0 	0.0 	15.7 	QB21		Green Bay Packers	New Orleans Saints	243 	1.6 	9 	0.1 	0.0 	0 	0.0 	0.6 	0.1 	0.0 	0.0 	16.1 	QB14		Green Bay Packers	Buffalo Bills	250 	1.7 	8 	0.1 	0.0 	0 	0.0 	0.6 	0.1 	0.0 	0.0 	16.7 	QB8		Green Bay Packers	Miami Dolphins	243 	1.8 	10 	0.1 	0.0 	0 	0.0 	0.6 	0.1 	0.0 	0.0 	16.8 	QB11		Green Bay Packers	Chicago Bears	245 	1.6 	8 	0.1 	0.0 	0 	0.0 	0.6 	0.1 	0.0 	0.0 	15.8 	QB18		Green Bay Packers	Houston Texans	238 	1.5 	8 	0.1 	0.0 	0 	0.0 	0.6 	0.1 	0.0 	0.0 	15.3 	QB20		Actual	Actual	Actual	Forecast	Forecast	Forecast	Forecast	Forecast	Forecast	Forecast	Forecast	Forecast	Forecast	Forecast	Forecast	Forecast	Forecast		Healthy	Healthy	Healthy	Healthy	Healthy	Healthy	Healthy	Healthy	Healthy	Healthy	Healthy	Healthy	Healthy	Healthy	Healthy	Healthy	Healthy		Week 4 2026	10/3/2026	9:38:40 AM	9		0%	0%	8%	7%	99%	99%		0.1 	0	0	0	0	0	0.117472 
	Denzel Boston	Cleveland Browns	WR	WR33	11.4 	182 	0 	0.0 	0.0 	0.0 	0 	0.0 	0.0 	0.0 	55.2 	3.5 	865 	54.1 	6.4 	0.4 	0.0 	0.2 	0.0 	0.445 	1.000 	0.680 	0 	0.158 	0.000 	71 	172 	101 	32 	59 	27 	0.436 				-	-		-	-	Germie Bernard	0.092 	WR84		-	-		13.9 	20.5 	8.1 	10.3 	10.5 	11.1 	10.6 	10.5 	10.8 	10.3 	0.0 	10.8 	11.2 	10.9 	10.6 	10.7 	11.0 		WR23	WR12	WR44	WR40	WR38	WR34	WR34	WR37	WR36	WR39	-	WR38	WR32	WR35	WR40	WR39	WR37		WR40	10.7 	0.0 	0.0 	0.0 	0.0 	3.6 	51.6 	0.3 	40 	0.449 	1.000 	0.600 	0 	0.142 	0.000 	88 	0.394 		139 		-	-		-	-	Germie Bernard	0.094 	WR84		-	-		WR18	14.2 	0.0 	0.0 	0.0 	0.0 	15.4 	223.4 	1.5 	18 	0.408 	1.000 	0.820 	1 	0.224 	0.000 	#N/A	0.520 		42.5 		-	-		-	-	Germie Bernard	10 	WR85		-	-					Cleveland Browns	Jacksonville Jaguars	0 	0.0 	0 	0.0 	2.0 	59 	1.0 	0.0 	0.0 	0.0 	0.0 	13.9 	WR23		Cleveland Browns	Tampa Bay Buccaneers	0 	0.0 	0 	0.0 	5.0 	95 	1.0 	0.0 	0.0 	0.0 	0.0 	20.5 	WR12		Cleveland Browns	Carolina Panthers	0 	0.0 	0 	0.0 	2.0 	41 	0.0 	0.0 	0.0 	0.0 	1.0 	8.1 	WR44		Cleveland Browns	Pittsburgh Steelers	0 	0.0 	0 	0.0 	3.5 	50 	0.3 	0.0 	0.0 	0.0 	0.0 	10.3 	WR40		Cleveland Browns	New York Jets	0 	0.0 	0 	0.0 	3.5 	51 	0.3 	0.0 	0.0 	0.0 	0.0 	10.5 	WR38		Cleveland Browns	Baltimore Ravens	0 	0.0 	0 	0.0 	3.7 	53 	0.4 	0.0 	0.0 	0.0 	0.0 	11.1 	WR34		Cleveland Browns	Tennessee Titans	0 	0.0 	0 	0.0 	3.5 	51 	0.3 	0.0 	0.0 	0.0 	0.0 	10.6 	WR34		Cleveland Browns	Pittsburgh Steelers	0 	0.0 	0 	0.0 	3.5 	51 	0.3 	0.0 	0.0 	0.0 	0.0 	10.5 	WR37		Cleveland Browns	New Orleans Saints	0 	0.0 	0 	0.0 	3.6 	52 	0.3 	0.0 	0.0 	0.0 	0.0 	10.8 	WR36		Cleveland Browns	Houston Texans	0 	0.0 	0 	0.0 	3.5 	50 	0.3 	0.0 	0.0 	0.0 	0.0 	10.3 	WR39		Cleveland Browns	BYE	0 	0.0 	0 	0.0 	0.0 	0 	0.0 	0.0 	0.0 	0.0 	0.0 	0.0 	-		Cleveland Browns	Las Vegas Raiders	0 	0.0 	0 	0.0 	3.5 	51 	0.4 	0.0 	0.0 	0.0 	0.0 	10.8 	WR38		Cleveland Browns	Cincinnati Bengals	0 	0.0 	0 	0.0 	3.7 	53 	0.4 	0.0 	0.0 	0.0 	0.0 	11.2 	WR32		Cleveland Browns	Atlanta Falcons	0 	0.0 	0 	0.0 	3.6 	52 	0.4 	0.0 	0.0 	0.0 	0.0 	10.9 	WR35		Cleveland Browns	New York Giants	0 	0.0 	0 	0.0 	3.5 	51 	0.3 	0.0 	0.0 	0.0 	0.0 	10.6 	WR40		Cleveland Browns	Baltimore Ravens	0 	0.0 	0 	0.0 	3.6 	52 	0.3 	0.0 	0.0 	0.0 	0.0 	10.7 	WR39		Cleveland Browns	Indianapolis Colts	0 	0.0 	0 	0.0 	3.6 	52 	0.4 	0.0 	0.0 	0.0 	0.0 	11.0 	WR37		Actual	Actual	Actual	Forecast	Forecast	Forecast	Forecast	Forecast	Forecast	Forecast	Forecast	Forecast	Forecast	Forecast	Forecast	Forecast	Forecast		Healthy	Healthy	Healthy	Healthy	Healthy	Healthy	Healthy	Healthy	Healthy	Healthy	Healthy	Healthy	Healthy	Healthy	Healthy	Healthy	Healthy		Week 4 2026	10/3/2026	9:38:40 AM	9		23%	25%	0%	0%	0%	0%		(0.1)	0	0	0	0	0	(0.125393)
	Jacory Croskey-Merritt	Washington Commanders	RB	RB32	9.0 	143 	0 	0.0 	0.0 	0.0 	804 	50.3 	6.5 	0.4 	14.0 	0.9 	89 	5.5 	0.7 	0.0 	0.0 	1.6 	0.0 	0.351 	1.000 	0.657 	0 	0.014 	0.000 	97 	109 	12 	29 	40 	11 	0.354 				-	-		-	-	Jahan Dotson	0.086 	WR85		-	-		12.6 	5.8 	5.3 	10.6 	9.2 	8.4 	0.0 	8.9 	8.4 	9.0 	9.6 	10.2 	9.5 	8.7 	9.7 	8.8 	8.6 		RB22	RB40	RB39	RB25	RB29	RB30	-	RB30	RB33	RB28	RB26	RB28	RB28	RB33	RB30	RB34	RB34		RB31	9.2 	0.0 	0.0 	50.9 	0.4 	0.8 	6.4 	0.1 	30 	0.386 	1.000 	0.644 	0 	0.041 	0.000 	99 	0.364 		120 		-	-		-	-	Jahan Dotson	0.088 	WR85		-	-		RB30	7.9 	0.0 	0.0 	220.7 	1.8 	3.7 	27.9 	0.2 	30 	0.228 	1.000 	0.644 	(0)	0.000 	0.000 	#N/A	0.324 		23.7 		-	-		-	-	Jahan Dotson	8 	WR86		-	-					Washington Commanders	Philadelphia Eagles	0 	0.0 	63 	1.0 	1.0 	(7)	0.0 	0.0 	0.0 	0.0 	0.0 	12.6 	RB22		Washington Commanders	Dallas Cowboys	0 	0.0 	43 	0.0 	1.0 	5 	0.0 	0.0 	0.0 	0.0 	0.0 	5.8 	RB40		Washington Commanders	Seattle Seahawks	0 	0.0 	36 	0.0 	1.0 	7 	0.0 	0.0 	0.0 	0.0 	0.0 	5.3 	RB39		Washington Commanders	Indianapolis Colts	0 	0.0 	62 	0.5 	0.8 	6 	0.1 	0.0 	0.2 	0.0 	0.0 	10.6 	RB25		Washington Commanders	New York Giants	0 	0.0 	52 	0.4 	0.8 	6 	0.1 	0.0 	0.1 	0.0 	0.0 	9.2 	RB29		Washington Commanders	San Francisco 49ers	0 	0.0 	45 	0.4 	0.9 	7 	0.1 	0.0 	0.1 	0.0 	0.0 	8.4 	RB30		Washington Commanders	BYE	0 	0.0 	0 	0.0 	0.0 	0 	0.0 	0.0 	0.0 	0.0 	0.0 	0.0 	-		Washington Commanders	Philadelphia Eagles	0 	0.0 	49 	0.4 	0.8 	6 	0.1 	0.0 	0.1 	0.0 	0.0 	8.9 	RB30		Washington Commanders	Los Angeles Rams	0 	0.0 	45 	0.4 	0.9 	7 	0.1 	0.0 	0.1 	0.0 	0.0 	8.4 	RB33		Washington Commanders	New York Giants	0 	0.0 	50 	0.4 	0.8 	6 	0.1 	0.0 	0.1 	0.0 	0.0 	9.0 	RB28		Washington Commanders	Cincinnati Bengals	0 	0.0 	52 	0.5 	0.9 	7 	0.1 	0.0 	0.1 	0.0 	0.0 	9.6 	RB26		Washington Commanders	Arizona Cardinals	0 	0.0 	56 	0.5 	0.8 	6 	0.1 	0.0 	0.1 	0.0 	0.0 	10.2 	RB28		Washington Commanders	Tennessee Titans	0 	0.0 	52 	0.4 	0.8 	6 	0.1 	0.0 	0.1 	0.0 	0.0 	9.5 	RB28		Washington Commanders	Houston Texans	0 	0.0 	48 	0.4 	0.8 	6 	0.1 	0.0 	0.1 	0.0 	0.0 	8.7 	RB33		Washington Commanders	Atlanta Falcons	0 	0.0 	53 	0.5 	0.8 	6 	0.1 	0.0 	0.1 	0.0 	0.0 	9.7 	RB30		Washington Commanders	Minnesota Vikings	0 	0.0 	49 	0.4 	0.8 	6 	0.1 	0.0 	0.1 	0.0 	0.0 	8.8 	RB34		Washington Commanders	Jacksonville Jaguars	0 	0.0 	47 	0.4 	0.9 	6 	0.1 	0.0 	0.1 	0.0 	0.0 	8.6 	RB34		Actual	Actual	Actual	Forecast	Forecast	Forecast	Forecast	Forecast	Forecast	Forecast	Forecast	Forecast	Forecast	Forecast	Forecast	Forecast	Forecast		Healthy	Healthy	Healthy	Healthy	Healthy	Healthy	Healthy	Healthy	Healthy	Healthy	Healthy	Healthy	Healthy	Healthy	Healthy	Healthy	Healthy		Week 4 2026	10/3/2026	9:38:40 AM	9		3%	4%	38%	40%	0%	0%		0.0 	0	0	0	0	0	0.040026 
	DK Metcalf	Pittsburgh Steelers	WR	WR36	10.7 	171 	0 	0.0 	0.0 	0.0 	0 	0.0 	0.0 	0.0 	68.0 	4.2 	685 	42.8 	5.8 	0.4 	0.0 	0.1 	0.0 	0.419 	1.000 	0.650 	0 	0.116 	0.000 	79 	80 	1 	35 	34 	(1)	0.402 				-	-		-	-	Tory Horton	0.080 	WR86		-	-		8.0 	6.7 	12.1 	10.7 	11.5 	11.4 	11.2 	10.8 	0.0 	11.6 	10.9 	10.6 	10.8 	11.0 	11.4 	11.2 	11.1 		WR48	WR47	WR32	WR36	WR29	WR30	WR30	WR32	-	WR30	WR30	WR41	WR35	WR34	WR34	WR32	WR36		WR35	11.1 	0.0 	0.0 	0.0 	0.0 	4.4 	45.1 	0.4 	34 	0.466 	1.000 	0.660 	0 	0.171 	0.000 	74 	0.435 		144 		-	-		-	-	Tory Horton	0.073 	WR88		-	-		WR42	8.9 	0.0 	0.0 	0.0 	0.0 	19.0 	195.6 	1.6 	42 	0.258 	1.000 	0.580 	0 	0.026 	0.000 	#N/A	0.310 		26.8 		-	-		-	-	Tory Horton	8 	WR87		-	-					Pittsburgh Steelers	Atlanta Falcons	0 	0.0 	0 	0.0 	4.0 	40 	0.0 	0.0 	0.0 	0.0 	0.0 	8.0 	WR48		Pittsburgh Steelers	New England Patriots	0 	0.0 	0 	0.0 	4.0 	27 	0.0 	0.0 	0.0 	0.0 	0.0 	6.7 	WR47		Pittsburgh Steelers	Cincinnati Bengals	0 	0.0 	0 	0.0 	3.0 	31 	1.0 	0.0 	0.0 	0.0 	0.0 	12.1 	WR32		Pittsburgh Steelers	Cleveland Browns	0 	0.0 	0 	0.0 	4.3 	44 	0.4 	0.0 	0.0 	0.0 	0.0 	10.7 	WR36		Pittsburgh Steelers	Indianapolis Colts	0 	0.0 	0 	0.0 	4.5 	46 	0.4 	0.0 	0.0 	0.0 	0.0 	11.5 	WR29		Pittsburgh Steelers	Tampa Bay Buccaneers	0 	0.0 	0 	0.0 	4.5 	46 	0.4 	0.0 	0.0 	0.0 	0.0 	11.4 	WR30		Pittsburgh Steelers	New Orleans Saints	0 	0.0 	0 	0.0 	4.4 	45 	0.4 	0.0 	0.0 	0.0 	0.0 	11.2 	WR30		Pittsburgh Steelers	Cleveland Browns	0 	0.0 	0 	0.0 	4.2 	44 	0.4 	0.0 	0.0 	0.0 	0.0 	10.8 	WR32		Pittsburgh Steelers	BYE	0 	0.0 	0 	0.0 	0.0 	0 	0.0 	0.0 	0.0 	0.0 	0.0 	0.0 	-		Pittsburgh Steelers	Cincinnati Bengals	0 	0.0 	0 	0.0 	4.6 	47 	0.4 	0.0 	0.0 	0.0 	0.0 	11.6 	WR30		Pittsburgh Steelers	Philadelphia Eagles	0 	0.0 	0 	0.0 	4.4 	45 	0.3 	0.0 	0.0 	0.0 	0.0 	10.9 	WR30		Pittsburgh Steelers	Denver Broncos	0 	0.0 	0 	0.0 	4.2 	44 	0.3 	0.0 	0.0 	0.0 	0.0 	10.6 	WR41		Pittsburgh Steelers	Houston Texans	0 	0.0 	0 	0.0 	4.3 	44 	0.3 	0.0 	0.0 	0.0 	0.0 	10.8 	WR35		Pittsburgh Steelers	Jacksonville Jaguars	0 	0.0 	0 	0.0 	4.4 	45 	0.4 	0.0 	0.0 	0.0 	0.0 	11.0 	WR34		Pittsburgh Steelers	Baltimore Ravens	0 	0.0 	0 	0.0 	4.5 	46 	0.4 	0.0 	0.0 	0.0 	0.0 	11.4 	WR34		Pittsburgh Steelers	Carolina Panthers	0 	0.0 	0 	0.0 	4.4 	45 	0.4 	0.0 	0.0 	0.0 	0.0 	11.2 	WR32		Pittsburgh Steelers	Tennessee Titans	0 	0.0 	0 	0.0 	4.4 	45 	0.4 	0.0 	0.0 	0.0 	0.0 	11.1 	WR36		Actual	Actual	Actual	Forecast	Forecast	Forecast	Forecast	Forecast	Forecast	Forecast	Forecast	Forecast	Forecast	Forecast	Forecast	Forecast	Forecast		Healthy	Healthy	Healthy	Healthy	Healthy	Healthy	Healthy	Healthy	Healthy	Healthy	Healthy	Healthy	Healthy	Healthy	Healthy	Healthy	Healthy		Week 4 2026	10/3/2026	9:38:40 AM	9		20%	24%	0%	0%	0%	0%		0.1 	0	0	0	0	0	0.125101 
	J.K. Dobbins	Denver Broncos	RB	RB33	8.9 	142 	0 	0.0 	0.0 	0.0 	865 	54.1 	5.6 	0.4 	18.3 	1.1 	63 	3.9 	0.2 	0.0 	0.0 	2.1 	0.0 	0.347 	1.000 	0.632 	0 	0.008 	0.000 	102 	88 	(14)	31 	33 	2 	0.340 				-	-		-	-	Calvin Ridley	0.066 	WR89		-	-		3.6 	3.6 	6.3 	9.3 	9.8 	8.9 	11.0 	9.7 	9.8 	0.0 	10.8 	9.2 	11.5 	10.0 	10.1 	9.4 	8.8 		RB51	RB48	RB37	RB28	RB26	RB29	RB23	RB26	RB28	-	RB21	RB33	RB21	RB26	RB28	RB31	RB32		RB28	9.9 	0.0 	0.0 	57.3 	0.4 	1.3 	4.5 	0.0 	27 	0.414 	1.000 	0.682 	0 	0.085 	0.000 	86 	0.403 		128 		-	-		-	-	Calvin Ridley	0.064 	WR90		-	-		RB51	4.5 	0.0 	0.0 	248.2 	1.9 	5.8 	19.6 	0.1 	51 	0.130 	1.000 	0.379 	(1)	0.000 	0.000 	#N/A	0.190 		13.5 		-	-		-	-	Calvin Ridley	6 	WR92		-	-					Denver Broncos	Kansas City Chiefs	0 	0.0 	36 	0.0 	0.0 	0 	0.0 	0.0 	0.0 	0.0 	0.0 	3.6 	RB51		Denver Broncos	Jacksonville Jaguars	0 	0.0 	36 	0.0 	0.0 	0 	0.0 	0.0 	0.0 	0.0 	0.0 	3.6 	RB48		Denver Broncos	Los Angeles Rams	0 	0.0 	49 	0.0 	1.0 	4 	0.0 	0.0 	0.0 	0.0 	0.0 	6.3 	RB37		Denver Broncos	San Francisco 49ers	0 	0.0 	53 	0.4 	1.4 	5 	0.0 	0.0 	0.2 	0.0 	0.0 	9.3 	RB28		Denver Broncos	Los Angeles Chargers	0 	0.0 	56 	0.4 	1.3 	5 	0.0 	0.0 	0.2 	0.0 	0.0 	9.8 	RB26		Denver Broncos	Seattle Seahawks	0 	0.0 	52 	0.4 	1.3 	4 	0.0 	0.0 	0.2 	0.0 	0.0 	8.9 	RB29		Denver Broncos	Arizona Cardinals	0 	0.0 	64 	0.5 	1.3 	5 	0.0 	0.0 	0.2 	0.0 	0.0 	11.0 	RB23		Denver Broncos	Kansas City Chiefs	0 	0.0 	56 	0.4 	1.3 	5 	0.0 	0.0 	0.2 	0.0 	0.0 	9.7 	RB26		Denver Broncos	Carolina Panthers	0 	0.0 	56 	0.4 	1.3 	5 	0.0 	0.0 	0.2 	0.0 	0.0 	9.8 	RB28		Denver Broncos	BYE	0 	0.0 	0 	0.0 	0.0 	0 	0.0 	0.0 	0.0 	0.0 	0.0 	0.0 	-		Denver Broncos	Las Vegas Raiders	0 	0.0 	63 	0.5 	1.3 	4 	0.0 	0.0 	0.2 	0.0 	0.0 	10.8 	RB21		Denver Broncos	Pittsburgh Steelers	0 	0.0 	54 	0.4 	1.3 	4 	0.0 	0.0 	0.2 	0.0 	0.0 	9.2 	RB33		Denver Broncos	Miami Dolphins	0 	0.0 	67 	0.5 	1.3 	4 	0.0 	0.0 	0.2 	0.0 	0.0 	11.5 	RB21		Denver Broncos	New York Jets	0 	0.0 	59 	0.4 	1.3 	4 	0.0 	0.0 	0.2 	0.0 	0.0 	10.0 	RB26		Denver Broncos	Las Vegas Raiders	0 	0.0 	59 	0.4 	1.3 	4 	0.0 	0.0 	0.2 	0.0 	0.0 	10.1 	RB28		Denver Broncos	Buffalo Bills	0 	0.0 	53 	0.4 	1.4 	5 	0.0 	0.0 	0.2 	0.0 	0.0 	9.4 	RB31		Denver Broncos	New England Patriots	0 	0.0 	51 	0.4 	1.3 	4 	0.0 	0.0 	0.2 	0.0 	0.0 	8.8 	RB32		Actual	Actual	Actual	Forecast	Forecast	Forecast	Forecast	Forecast	Forecast	Forecast	Forecast	Forecast	Forecast	Forecast	Forecast	Forecast	Forecast		Healthy	Healthy	Healthy	Healthy	Healthy	Healthy	Healthy	Healthy	Healthy	Healthy	Healthy	Healthy	Healthy	Healthy	Healthy	Healthy	Healthy		Week 4 2026	10/3/2026	9:38:40 AM	9		2%	1%	49%	46%	0%	0%		0.2 	0	0	0	0	0	0.212628 
	Jayden Daniels	Washington Commanders	QB	QB16	16.7 	234 	2,786 	199.0 	18.5 	1.3 	507 	36.2 	2.6 	0.2 	0.0 	0.0 	0 	0.0 	0.0 	0.0 	7.7 	0.9 	0.0 	0.574 	0.460 	0.240 	1 	0.363 	0.000 	119 	62 	(57)	21 	6 	(15)	0.298 				-	-		-	-	Andrei Iosivas	0.071 	WR88		-	-		17.7 	14.7 	0.0 	0.0 	16.2 	11.0 	0.0 	17.0 	17.4 	17.3 	18.5 	18.4 	17.6 	16.5 	18.1 	16.8 	17.2 		QB13	QB18	-	-	QB17	QB27	-	QB9	QB8	QB7	QB3	QB3	QB4	QB9	QB2	QB10	QB7		QB14	16.8 	210.5 	1.3 	33.9 	0.2 	0.0 	0.0 	0.0 	19 	0.651 	0.460 	0.266 	1 	0.508 	0.000 	93 	0.380 		202 		-	-		-	-	Andrei Iosivas	0.078 	WR87		-	-		QB27	16.2 	1,262.8 	7.7 	203.5 	1.3 	0.0 	0.0 	0.0 	27 	0.311 	0.460 	0.158 	(0)	0.000 	0.000 	#N/A	0.084 		32.4 		-	-		-	-	Andrei Iosivas	5 	WR94		-	-					Washington Commanders	Philadelphia Eagles	164 	2.0 	31 	0.0 	0.0 	0 	0.0 	0.0 	0.0 	0.0 	0.0 	17.7 	QB13		Washington Commanders	Dallas Cowboys	96 	1.0 	69 	0.0 	0.0 	0 	0.0 	0.0 	0.0 	0.0 	0.0 	14.7 	QB18		Washington Commanders	Seattle Seahawks	0 	0.0 	0 	0.0 	0.0 	0 	0.0 	0.0 	0.0 	0.0 	0.0 	0.0 	-		Washington Commanders	Indianapolis Colts	0 	0.0 	0 	0.0 	0.0 	0 	0.0 	0.0 	0.0 	0.0 	0.0 	0.0 	-		Washington Commanders	New York Giants	196 	1.3 	34 	0.2 	0.0 	0 	0.0 	0.6 	0.1 	0.0 	0.0 	16.2 	QB17		Washington Commanders	San Francisco 49ers	209 	0.0 	29 	0.2 	0.0 	0 	0.0 	0.6 	0.1 	0.0 	0.0 	11.0 	QB27		Washington Commanders	BYE	0 	0.0 	0 	0.0 	0.0 	0 	0.0 	0.0 	0.0 	0.0 	0.0 	0.0 	-		Washington Commanders	Philadelphia Eagles	209 	1.4 	34 	0.2 	0.0 	0 	0.0 	0.6 	0.1 	0.0 	0.0 	17.0 	QB9		Washington Commanders	Los Angeles Rams	220 	1.4 	31 	0.2 	0.0 	0 	0.0 	0.6 	0.1 	0.0 	0.0 	17.4 	QB8		Washington Commanders	New York Giants	211 	1.4 	34 	0.2 	0.0 	0 	0.0 	0.6 	0.1 	0.0 	0.0 	17.3 	QB7		Washington Commanders	Cincinnati Bengals	220 	1.5 	35 	0.2 	0.0 	0 	0.0 	0.6 	0.1 	0.0 	0.0 	18.5 	QB3		Washington Commanders	Arizona Cardinals	211 	1.5 	38 	0.3 	0.0 	0 	0.0 	0.6 	0.1 	0.0 	0.0 	18.4 	QB3		Washington Commanders	Tennessee Titans	209 	1.4 	36 	0.2 	0.0 	0 	0.0 	0.6 	0.1 	0.0 	0.0 	17.6 	QB4		Washington Commanders	Houston Texans	206 	1.3 	33 	0.2 	0.0 	0 	0.0 	0.6 	0.1 	0.0 	0.0 	16.5 	QB9		Washington Commanders	Atlanta Falcons	213 	1.5 	36 	0.2 	0.0 	0 	0.0 	0.6 	0.1 	0.0 	0.0 	18.1 	QB2		Washington Commanders	Minnesota Vikings	208 	1.3 	33 	0.2 	0.0 	0 	0.0 	0.6 	0.1 	0.0 	0.0 	16.8 	QB10		Washington Commanders	Jacksonville Jaguars	214 	1.4 	32 	0.2 	0.0 	0 	0.0 	0.6 	0.1 	0.0 	0.0 	17.2 	QB7		Actual	Actual	Actual	Forecast	Forecast	Forecast	Forecast	Forecast	Forecast	Forecast	Forecast	Forecast	Forecast	Forecast	Forecast	Forecast	Forecast		Healthy	Healthy	Injured	Injured	Limited / Handicapped	Limited / Handicapped	Healthy	Healthy	Healthy	Healthy	Healthy	Healthy	Healthy	Healthy	Healthy	Healthy	Healthy		Week 4 2026	10/3/2026	9:38:40 AM	9		0%	0%	26%	21%	99%	99%		0.3 	0	0	1	1	0	
	Patrick Mahomes II	Kansas City Chiefs	QB	QB8	17.3 	276 	3,613 	225.8 	26.6 	1.7 	298 	18.6 	3.1 	0.2 	0.0 	0.0 	0 	0.0 	0.0 	0.0 	10.4 	1.0 	0.0 	0.677 	0.460 	0.395 	1 	0.415 	0.000 	77 	111 	34 	8 	13 	5 	0.405 				-	-		-	-	Troy Franklin	0.075 	WR87		-	-		21.7 	29.0 	15.9 	16.9 	0.0 	16.4 	15.2 	15.0 	16.2 	16.4 	17.3 	16.5 	15.5 	16.2 	16.2 	16.6 	15.5 		QB9	QB4	QB20	QB8	-	QB10	QB20	QB21	QB17	QB11	QB9	QB13	QB20	QB14	QB15	QB11	QB18		QB12	16.1 	215.5 	1.5 	19.7 	0.2 	0.0 	0.0 	0.0 	12 	0.677 	0.460 	0.352 	1 	0.439 	0.000 	90 	0.393 		210 		-	-		-	-	Troy Franklin	0.068 	WR89		-	-		QB5	22.2 	933.8 	6.5 	85.5 	0.7 	0.0 	0.0 	0.0 	5 	0.640 	0.460 	0.424 	1 	0.514 	0.000 	#N/A	0.466 		66.6 		-	-		-	-	Troy Franklin	7 	WR88		-	-					Kansas City Chiefs	Denver Broncos	184 	2.0 	23 	1.0 	0.0 	0 	0.0 	1.0 	0.0 	0.0 	0.0 	21.7 	QB9		Kansas City Chiefs	Indianapolis Colts	382 	3.0 	17 	0.0 	0.0 	0 	0.0 	0.0 	0.0 	0.0 	0.0 	29.0 	QB4		Kansas City Chiefs	Miami Dolphins	246 	2.0 	1 	0.0 	0.0 	0 	0.0 	1.0 	0.0 	0.0 	0.0 	15.9 	QB20		Kansas City Chiefs	Las Vegas Raiders	218 	1.6 	21 	0.2 	0.0 	0 	0.0 	0.6 	0.1 	0.0 	0.0 	16.9 	QB8		Kansas City Chiefs	BYE	0 	0.0 	0 	0.0 	0.0 	0 	0.0 	0.0 	0.0 	0.0 	0.0 	0.0 	-		Kansas City Chiefs	Los Angeles Chargers	218 	1.6 	20 	0.2 	0.0 	0 	0.0 	0.6 	0.1 	0.0 	0.0 	16.4 	QB10		Kansas City Chiefs	Seattle Seahawks	212 	1.4 	18 	0.1 	0.0 	0 	0.0 	0.6 	0.1 	0.0 	0.0 	15.2 	QB20		Kansas City Chiefs	Denver Broncos	211 	1.4 	18 	0.1 	0.0 	0 	0.0 	0.6 	0.1 	0.0 	0.0 	15.0 	QB21		Kansas City Chiefs	New York Jets	206 	1.5 	23 	0.2 	0.0 	0 	0.0 	0.6 	0.1 	0.0 	0.0 	16.2 	QB17		Kansas City Chiefs	Atlanta Falcons	215 	1.5 	21 	0.2 	0.0 	0 	0.0 	0.6 	0.1 	0.0 	0.0 	16.4 	QB11		Kansas City Chiefs	Arizona Cardinals	214 	1.6 	23 	0.2 	0.0 	0 	0.0 	0.6 	0.1 	0.0 	0.0 	17.3 	QB9		Kansas City Chiefs	Buffalo Bills	222 	1.6 	19 	0.2 	0.0 	0 	0.0 	0.6 	0.1 	0.0 	0.0 	16.5 	QB13		Kansas City Chiefs	Los Angeles Rams	218 	1.4 	17 	0.1 	0.0 	0 	0.0 	0.6 	0.1 	0.0 	0.0 	15.5 	QB20		Kansas City Chiefs	Cincinnati Bengals	220 	1.5 	19 	0.2 	0.0 	0 	0.0 	0.6 	0.1 	0.0 	0.0 	16.2 	QB14		Kansas City Chiefs	New England Patriots	216 	1.5 	20 	0.2 	0.0 	0 	0.0 	0.6 	0.1 	0.0 	0.0 	16.2 	QB15		Kansas City Chiefs	San Francisco 49ers	219 	1.6 	20 	0.2 	0.0 	0 	0.0 	0.6 	0.1 	0.0 	0.0 	16.6 	QB11		Kansas City Chiefs	Los Angeles Chargers	214 	1.4 	18 	0.1 	0.0 	0 	0.0 	0.6 	0.1 	0.0 	0.0 	15.5 	QB18		Actual	Actual	Actual	Forecast	Forecast	Forecast	Forecast	Forecast	Forecast	Forecast	Forecast	Forecast	Forecast	Forecast	Forecast	Forecast	Forecast		Healthy	Healthy	Healthy	Healthy	Healthy	Healthy	Healthy	Healthy	Healthy	Healthy	Healthy	Healthy	Healthy	Healthy	Healthy	Healthy	Healthy		Week 4 2026	10/3/2026	9:38:40 AM	9		0%	0%	15%	16%	99%	99%		(0.1)	0	0	0	0	0	(0.073419)
	Malik Willis	Miami Dolphins	QB	QB17	15.5 	248 	3,519 	219.9 	16.7 	1.0 	438 	27.4 	3.5 	0.2 	0.0 	0.0 	0 	0.0 	0.0 	0.0 	10.4 	2.0 	0.0 	0.607 	0.460 	0.317 	0 	0.244 	0.000 	124 	168 	44 	15 	21 	6 	0.283 				-	-		-	-	Jauan Jennings	0.061 	WR90		-	-		16.7 	12.5 	10.0 	13.6 	16.2 	0.0 	16.1 	16.2 	16.9 	16.9 	15.7 	16.7 	14.9 	16.9 	15.4 	16.2 	16.7 		QB14	QB21	QB28	QB27	QB14	-	QB14	QB11	QB11	QB8	QB18	QB11	QB22	QB7	QB21	QB13	QB10		QB13	16.0 	222.5 	1.2 	25.9 	0.2 	0.0 	0.0 	0.0 	13 	0.673 	0.460 	0.340 	1 	0.428 	0.000 	92 	0.382 		208 		-	-		-	-	Jauan Jennings	0.083 	WR86		-	-		QB23	13.1 	964.0 	5.2 	112.2 	0.8 	0.0 	0.0 	0.0 	23 	0.377 	0.460 	0.213 	0 	0.026 	0.000 	#N/A	0.125 		39.2 		-	-		-	-	Jauan Jennings	1 	WR100		-	-					Miami Dolphins	Las Vegas Raiders	220 	0.0 	39 	1.0 	0.0 	0 	0.0 	1.0 	0.0 	0.0 	0.0 	16.7 	QB14		Miami Dolphins	San Francisco 49ers	197 	1.0 	6 	0.0 	0.0 	0 	0.0 	0.0 	0.0 	0.0 	0.0 	12.5 	QB21		Miami Dolphins	Kansas City Chiefs	210 	0.0 	56 	0.0 	0.0 	0 	0.0 	1.0 	1.0 	0.0 	0.0 	10.0 	QB28		Miami Dolphins	Minnesota Vikings	207 	0.9 	23 	0.1 	0.0 	0 	0.0 	0.6 	0.1 	0.0 	0.0 	13.6 	QB27		Miami Dolphins	Cincinnati Bengals	227 	1.2 	25 	0.2 	0.0 	0 	0.0 	0.6 	0.1 	0.0 	0.0 	16.2 	QB14		Miami Dolphins	BYE	0 	0.0 	0 	0.0 	0.0 	0 	0.0 	0.0 	0.0 	0.0 	0.0 	0.0 	-		Miami Dolphins	New York Jets	215 	1.2 	29 	0.2 	0.0 	0 	0.0 	0.6 	0.1 	0.0 	0.0 	16.1 	QB14		Miami Dolphins	New England Patriots	224 	1.2 	26 	0.2 	0.0 	0 	0.0 	0.6 	0.1 	0.0 	0.0 	16.2 	QB11		Miami Dolphins	Detroit Lions	229 	1.3 	27 	0.2 	0.0 	0 	0.0 	0.6 	0.1 	0.0 	0.0 	16.9 	QB11		Miami Dolphins	Indianapolis Colts	229 	1.3 	27 	0.2 	0.0 	0 	0.0 	0.6 	0.1 	0.0 	0.0 	16.9 	QB8		Miami Dolphins	Buffalo Bills	223 	1.2 	24 	0.2 	0.0 	0 	0.0 	0.6 	0.1 	0.0 	0.0 	15.7 	QB18		Miami Dolphins	New York Jets	216 	1.2 	31 	0.2 	0.0 	0 	0.0 	0.6 	0.1 	0.0 	0.0 	16.7 	QB11		Miami Dolphins	Denver Broncos	217 	1.1 	24 	0.2 	0.0 	0 	0.0 	0.6 	0.1 	0.0 	0.0 	14.9 	QB22		Miami Dolphins	Chicago Bears	229 	1.3 	27 	0.2 	0.0 	0 	0.0 	0.6 	0.1 	0.0 	0.0 	16.9 	QB7		Miami Dolphins	Green Bay Packers	221 	1.1 	24 	0.2 	0.0 	0 	0.0 	0.6 	0.1 	0.0 	0.0 	15.4 	QB21		Miami Dolphins	Los Angeles Chargers	224 	1.2 	26 	0.2 	0.0 	0 	0.0 	0.6 	0.1 	0.0 	0.0 	16.2 	QB13		Miami Dolphins	Buffalo Bills	231 	1.3 	25 	0.2 	0.0 	0 	0.0 	0.6 	0.1 	0.0 	0.0 	16.7 	QB10		Actual	Actual	Actual	Forecast	Forecast	Forecast	Forecast	Forecast	Forecast	Forecast	Forecast	Forecast	Forecast	Forecast	Forecast	Forecast	Forecast		Healthy	Healthy	Healthy	Healthy	Healthy	Healthy	Healthy	Healthy	Healthy	Healthy	Healthy	Healthy	Healthy	Healthy	Healthy	Healthy	Healthy		Week 4 2026	10/3/2026	9:38:40 AM	9		0%	0%	27%	25%	99%	99%		0.3 	0	0	0	0	0	0.256019 
	Wan'Dale Robinson	Tennessee Titans	WR	WR37	10.7 	171 	0 	0.0 	0.0 	0.0 	0 	0.0 	0.0 	0.0 	73.6 	4.6 	692 	43.2 	4.7 	0.3 	0.0 	0.1 	0.0 	0.418 	1.000 	0.640 	0 	0.114 	0.000 	81 	101 	20 	36 	41 	5 	0.396 				-	-		-	-	Jerry Jeudy	0.050 	WR92		-	-		8.8 	1.9 	18.7 	10.1 	10.1 	11.2 	10.6 	11.3 	0.0 	10.9 	11.2 	11.0 	11.1 	11.2 	11.2 	10.6 	10.6 		WR41	WR78	WR17	WR42	WR41	WR31	WR35	WR29	-	WR34	WR28	WR36	WR34	WR32	WR36	WR40	WR41		WR37	10.9 	0.0 	0.0 	0.0 	0.0 	4.7 	45.2 	0.3 	37 	0.456 	1.000 	0.630 	0 	0.153 	0.000 	81 	0.413 		141 		-	-		-	-	Jerry Jeudy	0.052 	WR92		-	-		WR35	9.8 	0.0 	0.0 	0.0 	0.0 	20.2 	195.9 	1.2 	35 	0.283 	1.000 	0.650 	0 	0.059 	0.000 	#N/A	0.358 		29.4 		-	-		-	-	Jerry Jeudy	5 	WR95		-	-					Tennessee Titans	New York Jets	0 	0.0 	0 	0.0 	5.0 	38 	0.0 	0.0 	0.0 	0.0 	0.0 	8.8 	WR41		Tennessee Titans	Philadelphia Eagles	0 	0.0 	0 	0.0 	1.0 	9 	0.0 	0.0 	0.0 	0.0 	0.0 	1.9 	WR78		Tennessee Titans	New York Giants	0 	0.0 	0 	0.0 	7.0 	57 	1.0 	0.0 	0.0 	0.0 	0.0 	18.7 	WR17		Tennessee Titans	Baltimore Ravens	0 	0.0 	0 	0.0 	4.4 	43 	0.2 	0.0 	0.0 	0.0 	0.0 	10.1 	WR42		Tennessee Titans	Houston Texans	0 	0.0 	0 	0.0 	4.4 	43 	0.2 	0.0 	0.0 	0.0 	0.0 	10.1 	WR41		Tennessee Titans	Indianapolis Colts	0 	0.0 	0 	0.0 	4.8 	46 	0.3 	0.0 	0.0 	0.0 	0.0 	11.2 	WR31		Tennessee Titans	Cleveland Browns	0 	0.0 	0 	0.0 	4.5 	44 	0.3 	0.0 	0.0 	0.0 	0.0 	10.6 	WR35		Tennessee Titans	Cincinnati Bengals	0 	0.0 	0 	0.0 	4.8 	47 	0.3 	0.0 	0.0 	0.0 	0.0 	11.3 	WR29		Tennessee Titans	BYE	0 	0.0 	0 	0.0 	0.0 	0 	0.0 	0.0 	0.0 	0.0 	0.0 	0.0 	-		Tennessee Titans	Jacksonville Jaguars	0 	0.0 	0 	0.0 	4.6 	45 	0.3 	0.0 	0.0 	0.0 	0.0 	10.9 	WR34		Tennessee Titans	Dallas Cowboys	0 	0.0 	0 	0.0 	4.8 	47 	0.3 	0.0 	0.0 	0.0 	0.0 	11.2 	WR28		Tennessee Titans	Jacksonville Jaguars	0 	0.0 	0 	0.0 	4.7 	46 	0.3 	0.0 	0.0 	0.0 	0.0 	11.0 	WR36		Tennessee Titans	Washington Commanders	0 	0.0 	0 	0.0 	4.7 	46 	0.3 	0.0 	0.0 	0.0 	0.0 	11.1 	WR34		Tennessee Titans	Detroit Lions	0 	0.0 	0 	0.0 	4.8 	47 	0.3 	0.0 	0.0 	0.0 	0.0 	11.2 	WR32		Tennessee Titans	Indianapolis Colts	0 	0.0 	0 	0.0 	4.8 	46 	0.3 	0.0 	0.0 	0.0 	0.0 	11.2 	WR36		Tennessee Titans	Las Vegas Raiders	0 	0.0 	0 	0.0 	4.6 	44 	0.3 	0.0 	0.0 	0.0 	0.0 	10.6 	WR40		Tennessee Titans	Pittsburgh Steelers	0 	0.0 	0 	0.0 	4.6 	44 	0.3 	0.0 	0.0 	0.0 	0.0 	10.6 	WR41		Actual	Actual	Actual	Forecast	Forecast	Forecast	Forecast	Forecast	Forecast	Forecast	Forecast	Forecast	Forecast	Forecast	Forecast	Forecast	Forecast		Healthy	Healthy	Healthy	Healthy	Healthy	Healthy	Healthy	Healthy	Healthy	Healthy	Healthy	Healthy	Healthy	Healthy	Healthy	Healthy	Healthy		Week 4 2026	10/3/2026	9:38:40 AM	9		20%	20%	0%	0%	0%	0%		0.1 	0	0	0	0	0	0.054728 
	Dalton Schultz	Houston Texans	TE	TE10	11.0 	175 	0 	0.0 	0.0 	0.0 	0 	0.0 	0.0 	0.0 	76.8 	4.8 	783 	48.9 	3.4 	0.2 	0.0 	0.1 	0.0 	0.430 	0.560 	0.484 	1 	0.321 	0.000 	78 	174 	96 	10 	20 	10 	0.403 				-	-		-	-	Jordan Whittington	0.031 	WR96		-	-		7.5 	26.0 	6.0 	11.2 	10.1 	10.3 	10.7 	0.0 	10.3 	10.1 	10.9 	10.7 	10.3 	10.6 	10.7 	9.6 	10.2 		TE20	TE1	TE21	TE9	TE9	TE9	TE10	-	TE10	TE9	TE8	TE10	TE8	TE9	TE8	TE13	TE10		TE10	10.5 	0.0 	0.0 	0.0 	0.0 	4.4 	44.5 	0.3 	10 	0.439 	0.560 	0.484 	1 	0.297 	0.000 	89 	0.393 		136 		-	-		-	-	Jordan Whittington	0.057 	WR91		-	-		TE6	13.2 	0.0 	0.0 	0.0 	0.0 	19.3 	192.6 	1.1 	6 	0.380 	0.560 	0.518 	1 	0.464 	0.000 	#N/A	0.473 		39.5 		-	-		-	-	Jordan Whittington	2 	WR99		-	-					Houston Texans	Buffalo Bills	0 	0.0 	0 	0.0 	4.0 	35 	0.0 	0.0 	0.0 	0.0 	0.0 	7.5 	TE20		Houston Texans	Cincinnati Bengals	0 	0.0 	0 	0.0 	12.0 	140 	0.0 	0.0 	0.0 	0.0 	0.0 	26.0 	TE1		Houston Texans	Indianapolis Colts	0 	0.0 	0 	0.0 	3.0 	30 	0.0 	0.0 	0.0 	0.0 	0.0 	6.0 	TE21		Houston Texans	Dallas Cowboys	0 	0.0 	0 	0.0 	4.7 	47 	0.3 	0.0 	0.0 	0.0 	0.0 	11.2 	TE9		Houston Texans	Tennessee Titans	0 	0.0 	0 	0.0 	4.3 	43 	0.3 	0.0 	0.0 	0.0 	0.0 	10.1 	TE9		Houston Texans	Jacksonville Jaguars	0 	0.0 	0 	0.0 	4.4 	44 	0.2 	0.0 	0.0 	0.0 	0.0 	10.3 	TE9		Houston Texans	New York Giants	0 	0.0 	0 	0.0 	4.5 	45 	0.3 	0.0 	0.0 	0.0 	0.0 	10.7 	TE10		Houston Texans	BYE	0 	0.0 	0 	0.0 	0.0 	0 	0.0 	0.0 	0.0 	0.0 	0.0 	0.0 	-		Houston Texans	Los Angeles Chargers	0 	0.0 	0 	0.0 	4.4 	44 	0.2 	0.0 	0.0 	0.0 	0.0 	10.3 	TE10		Houston Texans	Cleveland Browns	0 	0.0 	0 	0.0 	4.3 	43 	0.2 	0.0 	0.0 	0.0 	0.0 	10.1 	TE9		Houston Texans	Indianapolis Colts	0 	0.0 	0 	0.0 	4.6 	46 	0.3 	0.0 	0.0 	0.0 	0.0 	10.9 	TE8		Houston Texans	Baltimore Ravens	0 	0.0 	0 	0.0 	4.5 	45 	0.3 	0.0 	0.0 	0.0 	0.0 	10.7 	TE10		Houston Texans	Pittsburgh Steelers	0 	0.0 	0 	0.0 	4.4 	44 	0.3 	0.0 	0.0 	0.0 	0.0 	10.3 	TE8		Houston Texans	Washington Commanders	0 	0.0 	0 	0.0 	4.5 	45 	0.3 	0.0 	0.0 	0.0 	0.0 	10.6 	TE9		Houston Texans	Jacksonville Jaguars	0 	0.0 	0 	0.0 	4.5 	45 	0.3 	0.0 	0.0 	0.0 	0.0 	10.7 	TE8		Houston Texans	Philadelphia Eagles	0 	0.0 	0 	0.0 	4.2 	42 	0.2 	0.0 	0.0 	0.0 	0.0 	9.6 	TE13		Houston Texans	Green Bay Packers	0 	0.0 	0 	0.0 	4.4 	44 	0.2 	0.0 	0.0 	0.0 	0.0 	10.2 	TE10		Actual	Actual	Actual	Forecast	Forecast	Forecast	Forecast	Forecast	Forecast	Forecast	Forecast	Forecast	Forecast	Forecast	Forecast	Forecast	Forecast		Healthy	Healthy	Healthy	Healthy	Healthy	Healthy	Healthy	Healthy	Healthy	Healthy	Healthy	Healthy	Healthy	Healthy	Healthy	Healthy	Healthy		Week 4 2026	10/3/2026	9:38:40 AM	9		20%	18%	0%	0%	0%	0%		(0.1)	0	0	0	0	0	(0.079211)
	Rico Dowdle	Pittsburgh Steelers	RB	RB36	8.8 	123 	0 	0.0 	0.0 	0.0 	613 	43.8 	4.0 	0.3 	21.9 	1.6 	164 	11.7 	0.4 	0.0 	0.0 	1.7 	0.0 	0.300 	1.000 	0.582 	0 	0.002 	0.000 	115 	79 	(36)	35 	30 	(5)	0.308 				-	-		-	-	Zachariah Branch	0.041 	WR94		-	-		4.1 	6.4 	0.0 	0.0 	10.0 	9.4 	9.7 	10.3 	0.0 	9.1 	8.1 	8.7 	8.9 	9.1 	9.4 	9.7 	9.6 		RB47	RB39	-	-	RB25	RB25	RB26	RB24	-	RB27	RB31	RB35	RB31	RB31	RB33	RB29	RB29		RB34	9.3 	0.0 	0.0 	48.0 	0.3 	1.5 	11.3 	0.0 	33 	0.362 	1.000 	0.607 	0 	0.051 	0.000 	107 	0.348 		112 		-	-		-	-	Zachariah Branch	0.047 	WR93		-	-		RB60	5.3 	0.0 	0.0 	287.9 	2.0 	8.9 	67.9 	0.2 	60 	0.101 	1.000 	0.264 	(1)	0.000 	0.000 	#N/A	0.134 		10.5 		-	-		-	-	Zachariah Branch	5 	WR93		-	-					Pittsburgh Steelers	Atlanta Falcons	0 	0.0 	15 	0.0 	2.0 	6 	0.0 	0.0 	0.0 	0.0 	0.0 	4.1 	RB47		Pittsburgh Steelers	New England Patriots	0 	0.0 	22 	0.0 	2.0 	22 	0.0 	0.0 	0.0 	0.0 	0.0 	6.4 	RB39		Pittsburgh Steelers	Cincinnati Bengals	0 	0.0 	0 	0.0 	0.0 	0 	0.0 	0.0 	0.0 	0.0 	0.0 	0.0 	-		Pittsburgh Steelers	Cleveland Browns	0 	0.0 	0 	0.0 	0.0 	0 	0.0 	0.0 	0.0 	0.0 	0.0 	0.0 	-		Pittsburgh Steelers	Indianapolis Colts	0 	0.0 	51 	0.4 	1.5 	12 	0.0 	0.0 	0.1 	0.0 	0.0 	10.0 	RB25		Pittsburgh Steelers	Tampa Bay Buccaneers	0 	0.0 	48 	0.3 	1.5 	12 	0.0 	0.0 	0.1 	0.0 	0.0 	9.4 	RB25		Pittsburgh Steelers	New Orleans Saints	0 	0.0 	50 	0.4 	1.5 	11 	0.0 	0.0 	0.1 	0.0 	0.0 	9.7 	RB26		Pittsburgh Steelers	Cleveland Browns	0 	0.0 	55 	0.4 	1.4 	11 	0.0 	0.0 	0.1 	0.0 	0.0 	10.3 	RB24		Pittsburgh Steelers	BYE	0 	0.0 	0 	0.0 	0.0 	0 	0.0 	0.0 	0.0 	0.0 	0.0 	0.0 	-		Pittsburgh Steelers	Cincinnati Bengals	0 	0.0 	45 	0.3 	1.5 	12 	0.0 	0.0 	0.1 	0.0 	0.0 	9.1 	RB27		Pittsburgh Steelers	Philadelphia Eagles	0 	0.0 	41 	0.3 	1.5 	11 	0.0 	0.0 	0.1 	0.0 	0.0 	8.1 	RB31		Pittsburgh Steelers	Denver Broncos	0 	0.0 	45 	0.3 	1.4 	11 	0.0 	0.0 	0.1 	0.0 	0.0 	8.7 	RB35		Pittsburgh Steelers	Houston Texans	0 	0.0 	46 	0.3 	1.5 	11 	0.0 	0.0 	0.1 	0.0 	0.0 	8.9 	RB31		Pittsburgh Steelers	Jacksonville Jaguars	0 	0.0 	47 	0.3 	1.5 	11 	0.0 	0.0 	0.1 	0.0 	0.0 	9.1 	RB31		Pittsburgh Steelers	Baltimore Ravens	0 	0.0 	48 	0.3 	1.5 	12 	0.0 	0.0 	0.1 	0.0 	0.0 	9.4 	RB33		Pittsburgh Steelers	Carolina Panthers	0 	0.0 	50 	0.4 	1.5 	11 	0.0 	0.0 	0.1 	0.0 	0.0 	9.7 	RB29		Pittsburgh Steelers	Tennessee Titans	0 	0.0 	50 	0.4 	1.5 	11 	0.0 	0.0 	0.1 	0.0 	0.0 	9.6 	RB29		Actual	Actual	Actual	Forecast	Forecast	Forecast	Forecast	Forecast	Forecast	Forecast	Forecast	Forecast	Forecast	Forecast	Forecast	Forecast	Forecast		Healthy	Healthy	Injured	Injured	Healthy	Healthy	Healthy	Healthy	Healthy	Healthy	Healthy	Healthy	Healthy	Healthy	Healthy	Healthy	Healthy		Week 4 2026	10/3/2026	9:38:40 AM	9		5%	2%	44%	47%	0%	0%		0.2 	0	0	1	1	0	
	Justin Herbert	Los Angeles Chargers	QB	QB20	15.1 	242 	3,367 	210.5 	23.0 	1.4 	305 	19.1 	1.8 	0.1 	0.0 	0.0 	0 	0.0 	0.0 	0.0 	12.4 	1.0 	0.0 	0.592 	0.460 	0.279 	0 	0.208 	0.000 	138 	84 	(54)	18 	9 	(9)	0.246 				-	-		-	-	Ja'Kobi Lane	0.025 	WR97		-	-		13.3 	7.9 	12.7 	14.0 	14.9 	15.6 	0.0 	16.1 	15.9 	15.9 	16.3 	16.1 	16.6 	16.3 	16.8 	16.9 	16.1 		QB22	QB27	QB23	QB24	QB22	QB12	-	QB14	QB18	QB14	QB14	QB15	QB9	QB13	QB10	QB9	QB13		QB16	16.0 	210.8 	1.5 	19.8 	0.1 	0.0 	0.0 	0.0 	15 	0.670 	0.460 	0.317 	1 	0.422 	0.000 	98 	0.366 		208 		-	-		-	-	Ja'Kobi Lane	0.041 	WR94		-	-		QB26	11.3 	913.4 	6.7 	85.6 	0.6 	0.0 	0.0 	0.0 	26 	0.326 	0.460 	0.172 	(0)	0.000 	0.000 	#N/A	0.091 		33.9 		-	-		-	-	Ja'Kobi Lane	2 	WR98		-	-					Los Angeles Chargers	Arizona Cardinals	209 	1.0 	29 	0.0 	0.0 	0 	0.0 	1.0 	0.0 	0.0 	0.0 	13.3 	QB22		Los Angeles Chargers	Las Vegas Raiders	192 	1.0 	2 	0.0 	0.0 	0 	0.0 	2.0 	0.0 	0.0 	0.0 	7.9 	QB27		Los Angeles Chargers	Buffalo Bills	226 	1.0 	17 	0.0 	0.0 	0 	0.0 	1.0 	0.0 	0.0 	0.0 	12.7 	QB23		Los Angeles Chargers	Seattle Seahawks	205 	1.3 	16 	0.1 	0.0 	0 	0.0 	0.6 	0.1 	0.0 	0.0 	14.0 	QB24		Los Angeles Chargers	Denver Broncos	206 	1.4 	18 	0.1 	0.0 	0 	0.0 	0.6 	0.1 	0.0 	0.0 	14.9 	QB22		Los Angeles Chargers	Kansas City Chiefs	211 	1.5 	19 	0.1 	0.0 	0 	0.0 	0.6 	0.1 	0.0 	0.0 	15.6 	QB12		Los Angeles Chargers	BYE	0 	0.0 	0 	0.0 	0.0 	0 	0.0 	0.0 	0.0 	0.0 	0.0 	0.0 	-		Los Angeles Chargers	Los Angeles Rams	218 	1.6 	18 	0.1 	0.0 	0 	0.0 	0.6 	0.1 	0.0 	0.0 	16.1 	QB14		Los Angeles Chargers	Houston Texans	209 	1.5 	20 	0.1 	0.0 	0 	0.0 	0.6 	0.1 	0.0 	0.0 	15.9 	QB18		Los Angeles Chargers	Baltimore Ravens	216 	1.5 	18 	0.1 	0.0 	0 	0.0 	0.6 	0.1 	0.0 	0.0 	15.9 	QB14		Los Angeles Chargers	New York Jets	202 	1.6 	23 	0.2 	0.0 	0 	0.0 	0.6 	0.1 	0.0 	0.0 	16.3 	QB14		Los Angeles Chargers	New England Patriots	211 	1.6 	20 	0.1 	0.0 	0 	0.0 	0.6 	0.1 	0.0 	0.0 	16.1 	QB15		Los Angeles Chargers	Tampa Bay Buccaneers	215 	1.6 	20 	0.2 	0.0 	0 	0.0 	0.6 	0.1 	0.0 	0.0 	16.6 	QB9		Los Angeles Chargers	Las Vegas Raiders	209 	1.6 	21 	0.2 	0.0 	0 	0.0 	0.6 	0.1 	0.0 	0.0 	16.3 	QB13		Los Angeles Chargers	San Francisco 49ers	216 	1.7 	21 	0.2 	0.0 	0 	0.0 	0.6 	0.1 	0.0 	0.0 	16.8 	QB10		Los Angeles Chargers	Miami Dolphins	210 	1.7 	23 	0.2 	0.0 	0 	0.0 	0.6 	0.1 	0.0 	0.0 	16.9 	QB9		Los Angeles Chargers	Kansas City Chiefs	211 	1.6 	20 	0.1 	0.0 	0 	0.0 	0.6 	0.1 	0.0 	0.0 	16.1 	QB13		Actual	Actual	Actual	Forecast	Forecast	Forecast	Forecast	Forecast	Forecast	Forecast	Forecast	Forecast	Forecast	Forecast	Forecast	Forecast	Forecast		Healthy	Healthy	Healthy	Healthy	Healthy	Healthy	Healthy	Healthy	Healthy	Healthy	Healthy	Healthy	Healthy	Healthy	Healthy	Healthy	Healthy		Week 4 2026	10/3/2026	9:38:40 AM	9		0%	0%	15%	16%	99%	99%		0.3 	0	0	0	0	0	0.274956 
	Aaron Jones Sr.	Minnesota Vikings	RB	RB26	9.9 	159 	0 	0.0 	0.0 	0.0 	749 	46.8 	5.6 	0.3 	29.4 	1.8 	207 	12.9 	0.6 	0.0 	0.0 	1.4 	0.0 	0.390 	1.000 	0.694 	0 	0.073 	0.000 	80 	120 	40 	26 	42 	16 	0.400 				-	-		-	-	Jalen McMillan	0.006 	WR102		-	-		10.0 	10.5 	14.2 	14.9 	13.0 	0.0 	9.4 	8.4 	8.8 	8.2 	8.4 	9.4 	9.0 	8.0 	8.8 	9.4 	8.7 		RB26	RB21	RB14	RB11	RB17	-	RB27	RB32	RB32	RB32	RB28	RB32	RB29	RB35	RB34	RB32	RB33		RB29	9.6 	0.0 	0.0 	42.0 	0.4 	1.9 	13.3 	0.0 	28 	0.402 	1.000 	0.669 	0 	0.065 	0.000 	91 	0.388 		124 		-	-		-	-	Jalen McMillan	0.007 	WR101		-	-		RB21	11.6 	0.0 	0.0 	181.9 	1.5 	8.1 	57.7 	0.2 	21 	0.333 	1.000 	0.755 	0 	0.139 	0.000 	#N/A	0.446 		34.7 		-	-		-	-	Jalen McMillan	0 	WR101		-	-					Minnesota Vikings	Green Bay Packers	0 	0.0 	40 	1.0 	0.0 	0 	0.0 	0.0 	0.0 	0.0 	0.0 	10.0 	RB26		Minnesota Vikings	Chicago Bears	0 	0.0 	105 	0.0 	0.0 	0 	0.0 	0.0 	0.0 	0.0 	0.0 	10.5 	RB21		Minnesota Vikings	Tampa Bay Buccaneers	0 	0.0 	58 	0.0 	5.0 	34 	0.0 	0.0 	0.0 	0.0 	0.0 	14.2 	RB14		Minnesota Vikings	Miami Dolphins	0 	0.0 	79 	0.6 	2.1 	15 	0.1 	0.0 	0.2 	0.0 	0.0 	14.9 	RB11		Minnesota Vikings	New Orleans Saints	0 	0.0 	70 	0.5 	1.9 	13 	0.0 	0.0 	0.2 	0.0 	0.0 	13.0 	RB17		Minnesota Vikings	BYE	0 	0.0 	0 	0.0 	0.0 	0 	0.0 	0.0 	0.0 	0.0 	0.0 	0.0 	-		Minnesota Vikings	Indianapolis Colts	0 	0.0 	39 	0.4 	1.9 	13 	0.0 	0.0 	0.1 	0.0 	0.0 	9.4 	RB27		Minnesota Vikings	Detroit Lions	0 	0.0 	34 	0.3 	1.9 	13 	0.0 	0.0 	0.1 	0.0 	0.0 	8.4 	RB32		Minnesota Vikings	Buffalo Bills	0 	0.0 	36 	0.3 	1.9 	13 	0.0 	0.0 	0.1 	0.0 	0.0 	8.8 	RB32		Minnesota Vikings	Green Bay Packers	0 	0.0 	33 	0.3 	1.9 	13 	0.0 	0.0 	0.1 	0.0 	0.0 	8.2 	RB32		Minnesota Vikings	San Francisco 49ers	0 	0.0 	34 	0.3 	1.9 	13 	0.0 	0.0 	0.1 	0.0 	0.0 	8.4 	RB28		Minnesota Vikings	Atlanta Falcons	0 	0.0 	40 	0.4 	1.8 	13 	0.0 	0.0 	0.1 	0.0 	0.0 	9.4 	RB32		Minnesota Vikings	Carolina Panthers	0 	0.0 	38 	0.3 	1.8 	13 	0.0 	0.0 	0.1 	0.0 	0.0 	9.0 	RB29		Minnesota Vikings	New England Patriots	0 	0.0 	33 	0.3 	1.8 	13 	0.0 	0.0 	0.1 	0.0 	0.0 	8.0 	RB35		Minnesota Vikings	Detroit Lions	0 	0.0 	36 	0.3 	1.9 	13 	0.0 	0.0 	0.1 	0.0 	0.0 	8.8 	RB34		Minnesota Vikings	Washington Commanders	0 	0.0 	39 	0.4 	1.9 	13 	0.0 	0.0 	0.1 	0.0 	0.0 	9.4 	RB32		Minnesota Vikings	New York Jets	0 	0.0 	37 	0.3 	1.8 	13 	0.0 	0.0 	0.1 	0.0 	0.0 	8.7 	RB33		Actual	Actual	Actual	Forecast	Forecast	Forecast	Forecast	Forecast	Forecast	Forecast	Forecast	Forecast	Forecast	Forecast	Forecast	Forecast	Forecast		Healthy	Healthy	Healthy	Healthy	Healthy	Healthy	Healthy	Healthy	Healthy	Healthy	Healthy	Healthy	Healthy	Healthy	Healthy	Healthy	Healthy		Week 4 2026	10/3/2026	9:38:40 AM	9		6%	3%	30%	38%	0%	0%		(0.1)	0	0	0	0	0	(0.058197)
	Jakobi Meyers	Jacksonville Jaguars	WR	WR40	10.6 	169 	0 	0.0 	0.0 	0.0 	2 	0.1 	0.0 	0.0 	58.6 	3.7 	730 	45.6 	6.2 	0.4 	0.0 	0.1 	0.0 	0.414 	1.000 	0.610 	0 	0.108 	0.000 	87 	123 	36 	39 	48 	9 	0.380 				-	-		-	-	Omar Cooper Jr.	0.020 	WR98		-	-		12.2 	3.8 	19.4 	10.6 	10.2 	9.8 	0.0 	10.6 	10.4 	10.2 	10.2 	10.3 	10.1 	10.2 	9.7 	10.5 	10.7 		WR28	WR68	WR16	WR38	WR40	WR40	-	WR33	WR40	WR40	WR34	WR44	WR39	WR42	WR48	WR41	WR40		WR42	10.3 	0.0 	0.0 	0.0 	0.0 	3.7 	46.0 	0.3 	42 	0.431 	1.000 	0.580 	0 	0.111 	0.000 	97 	0.370 		134 		-	-		-	-	Omar Cooper Jr.	0.036 	WR95		-	-		WR28	11.8 	0.0 	0.0 	0.0 	0.0 	16.2 	199.3 	1.4 	28 	0.340 	1.000 	0.720 	1 	0.134 	0.000 	#N/A	0.429 		35.4 		-	-		-	-	Omar Cooper Jr.	4 	WR97		-	-					Jacksonville Jaguars	Cleveland Browns	0 	0.0 	2 	0.0 	2.0 	40 	1.0 	0.0 	0.0 	0.0 	0.0 	12.2 	WR28		Jacksonville Jaguars	Denver Broncos	0 	0.0 	0 	0.0 	1.0 	28 	0.0 	0.0 	0.0 	0.0 	0.0 	3.8 	WR68		Jacksonville Jaguars	New England Patriots	0 	0.0 	0 	0.0 	7.0 	64 	1.0 	0.0 	0.0 	0.0 	0.0 	19.4 	WR16		Jacksonville Jaguars	Cincinnati Bengals	0 	0.0 	0 	0.0 	3.8 	47 	0.3 	0.0 	0.0 	0.0 	0.0 	10.6 	WR38		Jacksonville Jaguars	Philadelphia Eagles	0 	0.0 	0 	0.0 	3.7 	46 	0.3 	0.0 	0.0 	0.0 	0.0 	10.2 	WR40		Jacksonville Jaguars	Houston Texans	0 	0.0 	0 	0.0 	3.6 	44 	0.3 	0.0 	0.0 	0.0 	0.0 	9.8 	WR40		Jacksonville Jaguars	BYE	0 	0.0 	0 	0.0 	0.0 	0 	0.0 	0.0 	0.0 	0.0 	0.0 	0.0 	-		Jacksonville Jaguars	Indianapolis Colts	0 	0.0 	0 	0.0 	3.8 	47 	0.4 	0.0 	0.0 	0.0 	0.0 	10.6 	WR33		Jacksonville Jaguars	Baltimore Ravens	0 	0.0 	0 	0.0 	3.8 	47 	0.3 	0.0 	0.0 	0.0 	0.0 	10.4 	WR40		Jacksonville Jaguars	Tennessee Titans	0 	0.0 	0 	0.0 	3.7 	46 	0.3 	0.0 	0.0 	0.0 	0.0 	10.2 	WR40		Jacksonville Jaguars	New York Giants	0 	0.0 	0 	0.0 	3.7 	46 	0.3 	0.0 	0.0 	0.0 	0.0 	10.2 	WR34		Jacksonville Jaguars	Tennessee Titans	0 	0.0 	0 	0.0 	3.7 	46 	0.3 	0.0 	0.0 	0.0 	0.0 	10.3 	WR44		Jacksonville Jaguars	Chicago Bears	0 	0.0 	0 	0.0 	3.7 	46 	0.3 	0.0 	0.0 	0.0 	0.0 	10.1 	WR39		Jacksonville Jaguars	Pittsburgh Steelers	0 	0.0 	0 	0.0 	3.7 	46 	0.3 	0.0 	0.0 	0.0 	0.0 	10.2 	WR42		Jacksonville Jaguars	Houston Texans	0 	0.0 	0 	0.0 	3.6 	44 	0.3 	0.0 	0.0 	0.0 	0.0 	9.7 	WR48		Jacksonville Jaguars	Dallas Cowboys	0 	0.0 	0 	0.0 	3.8 	47 	0.3 	0.0 	0.0 	0.0 	0.0 	10.5 	WR41		Jacksonville Jaguars	Washington Commanders	0 	0.0 	0 	0.0 	3.8 	47 	0.4 	0.0 	0.0 	0.0 	0.0 	10.7 	WR40		Actual	Actual	Actual	Forecast	Forecast	Forecast	Forecast	Forecast	Forecast	Forecast	Forecast	Forecast	Forecast	Forecast	Forecast	Forecast	Forecast		Healthy	Healthy	Healthy	Healthy	Healthy	Healthy	Healthy	Healthy	Healthy	Healthy	Healthy	Healthy	Healthy	Healthy	Healthy	Healthy	Healthy		Week 4 2026	10/3/2026	9:38:40 AM	9		20%	20%	0%	0%	0%	0%		(0.1)	0	0	0	0	0	(0.058806)
	Rome Odunze	Chicago Bears	WR	WR53	8.7 	140 	0 	0.0 	0.0 	0.0 	0 	0.0 	0.0 	0.0 	44.2 	2.8 	696 	43.5 	4.4 	0.3 	0.0 	0.1 	0.0 	0.342 	1.000 	0.470 	(0)	0.000 	0.000 	132 	59 	(73)	53 	27 	(26)	0.263 				-	-		-	-	Isaac TeSlaa	0.055 	WR91		-	-		7.2 	7.3 	7.4 	8.8 	8.6 	9.1 	9.0 	8.9 	9.3 	0.0 	8.9 	9.3 	9.1 	9.0 	9.4 	9.0 	9.2 		WR52	WR41	WR49	WR52	WR51	WR44	WR45	WR46	WR48	-	WR41	WR50	WR47	WR49	WR50	WR54	WR50		WR52	9.1 	0.0 	0.0 	0.0 	0.0 	2.8 	42.8 	0.3 	52 	0.380 	1.000 	0.480 	0 	0.021 	0.000 	134 	0.282 		118 		-	-		-	-	Isaac TeSlaa	0.030 	WR96		-	-		WR56	7.3 	0.0 	0.0 	0.0 	0.0 	12.1 	185.6 	1.5 	56 	0.210 	1.000 	0.440 	(0)	0.000 	0.000 	#N/A	0.230 		21.9 		-	-		-	-	Isaac TeSlaa	14 	WR73		-	-					Chicago Bears	Carolina Panthers	0 	0.0 	0 	0.0 	2.0 	52 	0.0 	0.0 	0.0 	0.0 	0.0 	7.2 	WR52		Chicago Bears	Minnesota Vikings	0 	0.0 	0 	0.0 	3.0 	43 	0.0 	0.0 	0.0 	0.0 	0.0 	7.3 	WR41		Chicago Bears	Philadelphia Eagles	0 	0.0 	0 	0.0 	3.0 	44 	0.0 	0.0 	0.0 	0.0 	0.0 	7.4 	WR49		Chicago Bears	New York Jets	0 	0.0 	0 	0.0 	2.7 	42 	0.3 	0.0 	0.0 	0.0 	0.0 	8.8 	WR52		Chicago Bears	Green Bay Packers	0 	0.0 	0 	0.0 	2.7 	42 	0.3 	0.0 	0.0 	0.0 	0.0 	8.6 	WR51		Chicago Bears	Atlanta Falcons	0 	0.0 	0 	0.0 	2.8 	43 	0.3 	0.0 	0.0 	0.0 	0.0 	9.1 	WR44		Chicago Bears	New England Patriots	0 	0.0 	0 	0.0 	2.8 	43 	0.3 	0.0 	0.0 	0.0 	0.0 	9.0 	WR45		Chicago Bears	Seattle Seahawks	0 	0.0 	0 	0.0 	2.8 	43 	0.3 	0.0 	0.0 	0.0 	0.0 	8.9 	WR46		Chicago Bears	Tampa Bay Buccaneers	0 	0.0 	0 	0.0 	2.8 	44 	0.4 	0.0 	0.0 	0.0 	0.0 	9.3 	WR48		Chicago Bears	BYE	0 	0.0 	0 	0.0 	0.0 	0 	0.0 	0.0 	0.0 	0.0 	0.0 	0.0 	-		Chicago Bears	New Orleans Saints	0 	0.0 	0 	0.0 	2.7 	42 	0.3 	0.0 	0.0 	0.0 	0.0 	8.9 	WR41		Chicago Bears	Detroit Lions	0 	0.0 	0 	0.0 	2.9 	44 	0.3 	0.0 	0.0 	0.0 	0.0 	9.3 	WR50		Chicago Bears	Jacksonville Jaguars	0 	0.0 	0 	0.0 	2.8 	43 	0.3 	0.0 	0.0 	0.0 	0.0 	9.1 	WR47		Chicago Bears	Miami Dolphins	0 	0.0 	0 	0.0 	2.8 	42 	0.3 	0.0 	0.0 	0.0 	0.0 	9.0 	WR49		Chicago Bears	Buffalo Bills	0 	0.0 	0 	0.0 	2.9 	44 	0.3 	0.0 	0.0 	0.0 	0.0 	9.4 	WR50		Chicago Bears	Green Bay Packers	0 	0.0 	0 	0.0 	2.8 	43 	0.3 	0.0 	0.0 	0.0 	0.0 	9.0 	WR54		Chicago Bears	Detroit Lions	0 	0.0 	0 	0.0 	2.8 	43 	0.3 	0.0 	0.0 	0.0 	0.0 	9.2 	WR50		Actual	Actual	Actual	Forecast	Forecast	Forecast	Forecast	Forecast	Forecast	Forecast	Forecast	Forecast	Forecast	Forecast	Forecast	Forecast	Forecast		Healthy	Healthy	Healthy	Healthy	Healthy	Healthy	Healthy	Healthy	Healthy	Healthy	Healthy	Healthy	Healthy	Healthy	Healthy	Healthy	Healthy		Week 4 2026	10/3/2026	9:38:40 AM	9		21%	22%	0%	0%	0%	0%		0.1 	0	0	0	0	0	0.051932 
	Jared Goff	Detroit Lions	QB	QB9	17.1 	273 	4,015 	250.9 	31.9 	2.0 	30 	1.9 	0.1 	0.0 	0.0 	0.0 	0 	0.0 	0.0 	0.0 	8.4 	1.0 	0.0 	0.670 	0.460 	0.385 	1 	0.397 	0.000 	82 	126 	44 	9 	16 	7 	0.391 				-	-		-	-	Olamide Zaccheaus	0.015 	WR99		-	-		16.4 	29.8 	19.4 	16.4 	16.9 	0.0 	16.2 	15.6 	15.7 	15.6 	16.1 	16.7 	16.0 	15.9 	15.1 	16.1 	15.5 		QB17	QB2	QB16	QB11	QB5	-	QB13	QB18	QB20	QB16	QB16	QB12	QB17	QB18	QB22	QB14	QB19		QB15	16.0 	247.1 	1.8 	1.1 	0.0 	0.0 	0.0 	0.0 	14 	0.670 	0.460 	0.329 	1 	0.422 	0.000 	96 	0.373 		208 		-	-		-	-	Olamide Zaccheaus	0.024 	WR97		-	-		QB6	21.9 	1,070.8 	8.0 	4.9 	0.0 	0.0 	0.0 	0.0 	6 	0.630 	0.460 	0.415 	1 	0.496 	0.000 	#N/A	0.453 		65.6 		-	-		-	-	Olamide Zaccheaus	6 	WR90		-	-					Detroit Lions	New Orleans Saints	206 	2.0 	2 	0.0 	0.0 	0 	0.0 	0.0 	0.0 	0.0 	0.0 	16.4 	QB17		Detroit Lions	Buffalo Bills	327 	4.0 	7 	0.0 	0.0 	0 	0.0 	0.0 	0.0 	0.0 	0.0 	29.8 	QB2		Detroit Lions	New York Jets	269 	2.0 	6 	0.0 	0.0 	0 	0.0 	0.0 	0.0 	0.0 	0.0 	19.4 	QB16		Detroit Lions	Carolina Panthers	252 	1.9 	1 	0.0 	0.0 	0 	0.0 	0.6 	0.1 	0.0 	0.0 	16.4 	QB11		Detroit Lions	Arizona Cardinals	255 	2.0 	1 	0.0 	0.0 	0 	0.0 	0.6 	0.1 	0.0 	0.0 	16.9 	QB5		Detroit Lions	BYE	0 	0.0 	0 	0.0 	0.0 	0 	0.0 	0.0 	0.0 	0.0 	0.0 	0.0 	-		Detroit Lions	Green Bay Packers	250 	1.9 	1 	0.0 	0.0 	0 	0.0 	0.6 	0.1 	0.0 	0.0 	16.2 	QB13		Detroit Lions	Minnesota Vikings	243 	1.8 	1 	0.0 	0.0 	0 	0.0 	0.6 	0.1 	0.0 	0.0 	15.6 	QB18		Detroit Lions	Miami Dolphins	241 	1.8 	1 	0.0 	0.0 	0 	0.0 	0.6 	0.1 	0.0 	0.0 	15.7 	QB20		Detroit Lions	New England Patriots	245 	1.8 	1 	0.0 	0.0 	0 	0.0 	0.6 	0.1 	0.0 	0.0 	15.6 	QB16		Detroit Lions	Tampa Bay Buccaneers	247 	1.9 	1 	0.0 	0.0 	0 	0.0 	0.6 	0.1 	0.0 	0.0 	16.1 	QB16		Detroit Lions	Chicago Bears	254 	1.9 	1 	0.0 	0.0 	0 	0.0 	0.6 	0.1 	0.0 	0.0 	16.7 	QB12		Detroit Lions	Atlanta Falcons	248 	1.8 	1 	0.0 	0.0 	0 	0.0 	0.6 	0.1 	0.0 	0.0 	16.0 	QB17		Detroit Lions	Tennessee Titans	243 	1.9 	1 	0.0 	0.0 	0 	0.0 	0.6 	0.1 	0.0 	0.0 	15.9 	QB18		Detroit Lions	Minnesota Vikings	241 	1.7 	1 	0.0 	0.0 	0 	0.0 	0.6 	0.1 	0.0 	0.0 	15.1 	QB22		Detroit Lions	New York Giants	247 	1.9 	1 	0.0 	0.0 	0 	0.0 	0.6 	0.1 	0.0 	0.0 	16.1 	QB14		Detroit Lions	Chicago Bears	246 	1.7 	1 	0.0 	0.0 	0 	0.0 	0.6 	0.1 	0.0 	0.0 	15.5 	QB19		Actual	Actual	Actual	Forecast	Forecast	Forecast	Forecast	Forecast	Forecast	Forecast	Forecast	Forecast	Forecast	Forecast	Forecast	Forecast	Forecast		Healthy	Healthy	Healthy	Healthy	Healthy	Healthy	Healthy	Healthy	Healthy	Healthy	Healthy	Healthy	Healthy	Healthy	Healthy	Healthy	Healthy		Week 4 2026	10/3/2026	9:38:40 AM	9		0%	0%	1%	1%	99%	99%		(0.1)	0	0	0	0	0	(0.080423)
	Travis Etienne Jr.	New Orleans Saints	RB	RB30	10.9 	131 	0 	0.0 	0.0 	0.0 	508 	42.3 	2.4 	0.2 	34.7 	2.9 	228 	19.0 	1.5 	0.1 	0.0 	1.3 	0.0 	0.322 	1.000 	0.607 	0 	0.132 	0.000 	89 	34 	(55)	33 	17 	(16)	0.374 				-	-		-	-	Jack Bech	0.036 	WR95		-	-		14.8 	7.1 	9.0 	0.0 	0.0 	0.0 	0.0 	0.0 	11.7 	11.7 	10.3 	10.6 	10.7 	10.9 	10.8 	12.6 	11.2 		RB16	RB38	RB31	-	-	-	-	-	RB21	RB22	RB22	RB26	RB24	RB24	RB27	RB21	RB24		RB33	11.2 	0.0 	0.0 	42.2 	0.3 	2.6 	19.7 	0.2 	38 	0.324 	1.000 	0.544 	0 	0.170 	0.000 	102 	0.361 		100 		-	-		-	-	Jack Bech	0.019 	WR98		-	-		RB24	10.3 	0.0 	0.0 	126.6 	0.8 	7.9 	59.1 	0.5 	24 	0.297 	1.000 	0.719 	0 	0.088 	0.000 	#N/A	0.403 		30.9 		-	-		-	-	Jack Bech	16 	WR69		-	-					New Orleans Saints	Detroit Lions	0 	0.0 	46 	0.0 	7.0 	32 	0.0 	0.0 	0.0 	0.0 	0.0 	14.8 	RB16		New Orleans Saints	Baltimore Ravens	0 	0.0 	25 	0.0 	2.0 	6 	0.0 	0.0 	0.0 	0.0 	1.0 	7.1 	RB38		New Orleans Saints	Las Vegas Raiders	0 	0.0 	57 	0.0 	2.0 	13 	0.0 	0.0 	0.0 	0.0 	0.0 	9.0 	RB31		New Orleans Saints	Atlanta Falcons	0 	0.0 	0 	0.0 	0.0 	0 	0.0 	0.0 	0.0 	0.0 	0.0 	0.0 	-		New Orleans Saints	Minnesota Vikings	0 	0.0 	0 	0.0 	0.0 	0 	0.0 	0.0 	0.0 	0.0 	0.0 	0.0 	-		New Orleans Saints	New York Giants	0 	0.0 	0 	0.0 	0.0 	0 	0.0 	0.0 	0.0 	0.0 	0.0 	0.0 	-		New Orleans Saints	Pittsburgh Steelers	0 	0.0 	0 	0.0 	0.0 	0 	0.0 	0.0 	0.0 	0.0 	0.0 	0.0 	-		New Orleans Saints	BYE	0 	0.0 	0 	0.0 	0.0 	0 	0.0 	0.0 	0.0 	0.0 	0.0 	0.0 	-		New Orleans Saints	Cleveland Browns	0 	0.0 	46 	0.3 	2.6 	20 	0.2 	0.0 	0.1 	0.0 	0.0 	11.7 	RB21		New Orleans Saints	Carolina Panthers	0 	0.0 	46 	0.3 	2.6 	20 	0.2 	0.0 	0.1 	0.0 	0.0 	11.7 	RB22		New Orleans Saints	Chicago Bears	0 	0.0 	37 	0.2 	2.7 	20 	0.2 	0.0 	0.1 	0.0 	0.0 	10.3 	RB22		New Orleans Saints	Cincinnati Bengals	0 	0.0 	38 	0.2 	2.7 	20 	0.2 	0.0 	0.1 	0.0 	0.0 	10.6 	RB26		New Orleans Saints	Green Bay Packers	0 	0.0 	40 	0.2 	2.6 	20 	0.2 	0.0 	0.1 	0.0 	0.0 	10.7 	RB24		New Orleans Saints	Carolina Panthers	0 	0.0 	42 	0.3 	2.6 	19 	0.2 	0.0 	0.1 	0.0 	0.0 	10.9 	RB24		New Orleans Saints	Tampa Bay Buccaneers	0 	0.0 	40 	0.3 	2.6 	20 	0.2 	0.0 	0.1 	0.0 	0.0 	10.8 	RB27		New Orleans Saints	Arizona Cardinals	0 	0.0 	50 	0.4 	2.7 	20 	0.2 	0.0 	0.1 	0.0 	0.0 	12.6 	RB21		New Orleans Saints	Atlanta Falcons	0 	0.0 	43 	0.3 	2.6 	20 	0.2 	0.0 	0.1 	0.0 	0.0 	11.2 	RB24		Actual	Actual	Actual	Forecast	Forecast	Forecast	Forecast	Forecast	Forecast	Forecast	Forecast	Forecast	Forecast	Forecast	Forecast	Forecast	Forecast		Healthy	Healthy	Healthy	Injured	Injured	Injured	Injured	Healthy	Healthy	Healthy	Healthy	Healthy	Healthy	Healthy	Healthy	Healthy	Healthy		Week 4 2026	10/3/2026	9:38:40 AM	9		8%	10%	47%	46%	0%	0%		(0.0)	0	0	0	1	1	
	KC Concepcion	Cleveland Browns	WR	WR43	9.9 	158 	0 	0.0 	0.0 	0.0 	9 	0.6 	0.0 	0.0 	73.4 	4.6 	663 	41.4 	3.3 	0.2 	0.0 	1.1 	0.0 	0.388 	1.000 	0.580 	0 	0.066 	0.000 	98 	125 	27 	42 	49 	7 	0.346 				-	-		-	-	Demarcus Robinson	0.045 	WR93		-	-		7.8 	8.2 	2.9 	10.4 	10.5 	11.1 	10.6 	10.5 	10.8 	10.4 	0.0 	10.7 	11.2 	10.9 	10.6 	10.7 	11.0 		WR49	WR38	WR76	WR39	WR37	WR33	WR33	WR35	WR35	WR38	-	WR39	WR33	WR36	WR39	WR38	WR38		WR39	10.7 	0.0 	0.0 	0.0 	0.0 	4.7 	44.8 	0.3 	39 	0.450 	1.000 	0.610 	0 	0.143 	0.000 	87 	0.399 		139 		-	-		-	-	Demarcus Robinson	0.013 	WR99		-	-		WR66	6.3 	0.0 	0.0 	0.0 	0.0 	20.5 	194.3 	1.1 	66 	0.182 	1.000 	0.340 	(0)	0.000 	0.000 	#N/A	0.180 		18.9 		-	-		-	-	Demarcus Robinson	19 	WR60		-	-					Cleveland Browns	Jacksonville Jaguars	0 	0.0 	15 	0.0 	4.0 	43 	0.0 	0.0 	1.0 	0.0 	0.0 	7.8 	WR49		Cleveland Browns	Tampa Bay Buccaneers	0 	0.0 	(6)	0.0 	6.0 	28 	0.0 	0.0 	0.0 	0.0 	0.0 	8.2 	WR38		Cleveland Browns	Carolina Panthers	0 	0.0 	0 	0.0 	2.0 	9 	0.0 	0.0 	0.0 	0.0 	0.0 	2.9 	WR76		Cleveland Browns	Pittsburgh Steelers	0 	0.0 	0 	0.0 	4.6 	44 	0.2 	0.0 	0.0 	0.0 	0.0 	10.4 	WR39		Cleveland Browns	New York Jets	0 	0.0 	0 	0.0 	4.6 	44 	0.2 	0.0 	0.0 	0.0 	0.0 	10.5 	WR37		Cleveland Browns	Baltimore Ravens	0 	0.0 	0 	0.0 	4.9 	46 	0.3 	0.0 	0.0 	0.0 	0.0 	11.1 	WR33		Cleveland Browns	Tennessee Titans	0 	0.0 	0 	0.0 	4.7 	44 	0.3 	0.0 	0.0 	0.0 	0.0 	10.6 	WR33		Cleveland Browns	Pittsburgh Steelers	0 	0.0 	0 	0.0 	4.7 	44 	0.2 	0.0 	0.0 	0.0 	0.0 	10.5 	WR35		Cleveland Browns	New Orleans Saints	0 	0.0 	0 	0.0 	4.8 	45 	0.3 	0.0 	0.0 	0.0 	0.0 	10.8 	WR35		Cleveland Browns	Houston Texans	0 	0.0 	0 	0.0 	4.6 	44 	0.2 	0.0 	0.0 	0.0 	0.0 	10.4 	WR38		Cleveland Browns	BYE	0 	0.0 	0 	0.0 	0.0 	0 	0.0 	0.0 	0.0 	0.0 	0.0 	0.0 	-		Cleveland Browns	Las Vegas Raiders	0 	0.0 	0 	0.0 	4.7 	45 	0.3 	0.0 	0.0 	0.0 	0.0 	10.7 	WR39		Cleveland Browns	Cincinnati Bengals	0 	0.0 	0 	0.0 	4.9 	47 	0.3 	0.0 	0.0 	0.0 	0.0 	11.2 	WR33		Cleveland Browns	Atlanta Falcons	0 	0.0 	0 	0.0 	4.7 	45 	0.3 	0.0 	0.0 	0.0 	0.0 	10.9 	WR36		Cleveland Browns	New York Giants	0 	0.0 	0 	0.0 	4.7 	45 	0.2 	0.0 	0.0 	0.0 	0.0 	10.6 	WR39		Cleveland Browns	Baltimore Ravens	0 	0.0 	0 	0.0 	4.8 	45 	0.2 	0.0 	0.0 	0.0 	0.0 	10.7 	WR38		Cleveland Browns	Indianapolis Colts	0 	0.0 	0 	0.0 	4.8 	46 	0.3 	0.0 	0.0 	0.0 	0.0 	11.0 	WR38		Actual	Actual	Actual	Forecast	Forecast	Forecast	Forecast	Forecast	Forecast	Forecast	Forecast	Forecast	Forecast	Forecast	Forecast	Forecast	Forecast		Healthy	Healthy	Healthy	Healthy	Healthy	Healthy	Healthy	Healthy	Healthy	Healthy	Healthy	Healthy	Healthy	Healthy	Healthy	Healthy	Healthy		Week 4 2026	10/3/2026	9:38:40 AM	9		20%	19%	0%	0%	0%	0%		0.2 	0	0	0	0	0	0.218949 
	Rachaad White	Washington Commanders	RB	RB29	9.7 	146 	0 	0.0 	0.0 	0.0 	431 	28.8 	3.1 	0.2 	46.4 	3.1 	257 	17.1 	2.2 	0.1 	0.0 	0.8 	0.0 	0.357 	1.000 	0.669 	0 	0.058 	0.000 	88 	117 	29 	28 	41 	13 	0.378 				-	-		-	-	Cyrus Allen	0.005 	WR103		-	-		4.7 	14.3 	11.1 	0.0 	9.6 	9.4 	0.0 	9.4 	9.4 	9.5 	10.1 	10.3 	9.8 	9.2 	10.0 	9.3 	9.4 		RB43	RB11	RB20	-	RB27	RB26	-	RB28	RB30	RB26	RB23	RB27	RB27	RB29	RB29	RB33	RB30		RB32	9.6 	0.0 	0.0 	27.6 	0.3 	3.1 	17.2 	0.1 	32 	0.372 	1.000 	0.619 	0 	0.068 	0.000 	100 	0.362 		115 		-	-		-	-	Cyrus Allen	0.007 	WR102		-	-		RB25	10.0 	0.0 	0.0 	110.5 	1.0 	12.5 	68.6 	0.4 	25 	0.289 	1.000 	0.706 	0 	0.077 	0.000 	#N/A	0.392 		30.1 		-	-		-	-	Cyrus Allen	0 	WR101		-	-					Washington Commanders	Philadelphia Eagles	0 	0.0 	22 	0.0 	2.0 	5 	0.0 	0.0 	0.0 	0.0 	0.0 	4.7 	RB43		Washington Commanders	Dallas Cowboys	0 	0.0 	43 	0.0 	6.0 	40 	0.0 	0.0 	0.0 	0.0 	0.0 	14.3 	RB11		Washington Commanders	Seattle Seahawks	0 	0.0 	35 	0.0 	1.0 	6 	1.0 	0.0 	0.0 	0.0 	0.0 	11.1 	RB20		Washington Commanders	Indianapolis Colts	0 	0.0 	0 	0.0 	0.0 	0 	0.0 	0.0 	0.0 	0.0 	0.0 	0.0 	-		Washington Commanders	New York Giants	0 	0.0 	29 	0.3 	3.0 	17 	0.1 	0.0 	0.1 	0.0 	0.0 	9.6 	RB27		Washington Commanders	San Francisco 49ers	0 	0.0 	25 	0.2 	3.2 	18 	0.1 	0.0 	0.1 	0.0 	0.0 	9.4 	RB26		Washington Commanders	BYE	0 	0.0 	0 	0.0 	0.0 	0 	0.0 	0.0 	0.0 	0.0 	0.0 	0.0 	-		Washington Commanders	Philadelphia Eagles	0 	0.0 	27 	0.2 	3.1 	17 	0.1 	0.0 	0.1 	0.0 	0.0 	9.4 	RB28		Washington Commanders	Los Angeles Rams	0 	0.0 	25 	0.2 	3.2 	18 	0.1 	0.0 	0.1 	0.0 	0.0 	9.4 	RB30		Washington Commanders	New York Giants	0 	0.0 	27 	0.3 	3.1 	17 	0.1 	0.0 	0.1 	0.0 	0.0 	9.5 	RB26		Washington Commanders	Cincinnati Bengals	0 	0.0 	29 	0.3 	3.2 	18 	0.1 	0.0 	0.1 	0.0 	0.0 	10.1 	RB23		Washington Commanders	Arizona Cardinals	0 	0.0 	31 	0.3 	3.1 	17 	0.1 	0.0 	0.1 	0.0 	0.0 	10.3 	RB27		Washington Commanders	Tennessee Titans	0 	0.0 	29 	0.3 	3.1 	17 	0.1 	0.0 	0.1 	0.0 	0.0 	9.8 	RB27		Washington Commanders	Houston Texans	0 	0.0 	27 	0.2 	3.0 	17 	0.1 	0.0 	0.1 	0.0 	0.0 	9.2 	RB29		Washington Commanders	Atlanta Falcons	0 	0.0 	29 	0.3 	3.1 	17 	0.1 	0.0 	0.1 	0.0 	0.0 	10.0 	RB29		Washington Commanders	Minnesota Vikings	0 	0.0 	27 	0.2 	3.1 	17 	0.1 	0.0 	0.1 	0.0 	0.0 	9.3 	RB33		Washington Commanders	Jacksonville Jaguars	0 	0.0 	26 	0.2 	3.2 	17 	0.1 	0.0 	0.1 	0.0 	0.0 	9.4 	RB30		Actual	Actual	Actual	Forecast	Forecast	Forecast	Forecast	Forecast	Forecast	Forecast	Forecast	Forecast	Forecast	Forecast	Forecast	Forecast	Forecast		Healthy	Healthy	Healthy	Injured	Healthy	Healthy	Healthy	Healthy	Healthy	Healthy	Healthy	Healthy	Healthy	Healthy	Healthy	Healthy	Healthy		Week 4 2026	10/3/2026	9:38:40 AM	9		8%	7%	21%	25%	0%	0%		(0.0)	0	0	0	1	0	
	Matthew Stafford	Los Angeles Rams	QB	QB13	16.1 	258 	3,834 	239.6 	31.8 	2.0 	29 	1.8 	0.1 	0.0 	0.0 	0.0 	0 	0.0 	0.0 	0.0 	12.3 	1.0 	0.0 	0.631 	0.460 	0.340 	1 	0.303 	0.000 	109 	99 	(10)	13 	12 	(1)	0.323 				-	-		-	-	Jaylin Lane	0.006 	WR101		-	-		4.3 	27.0 	20.9 	14.5 	16.5 	16.6 	15.5 	15.8 	16.4 	16.0 	0.0 	15.7 	15.5 	15.8 	16.5 	14.8 	15.7 		QB32	QB6	QB11	QB22	QB9	QB9	QB18	QB16	QB15	QB13	-	QB20	QB21	QB19	QB12	QB22	QB17		QB17	15.8 	227.8 	2.0 	1.4 	0.0 	0.0 	0.0 	0.0 	16 	0.663 	0.460 	0.304 	1 	0.404 	0.000 	106 	0.351 		205 		-	-		-	-	Jaylin Lane	0.006 	WR103		-	-		QB14	17.4 	987.2 	8.6 	5.9 	0.0 	0.0 	0.0 	0.0 	14 	0.501 	0.460 	0.329 	1 	0.257 	0.000 	#N/A	0.295 		52.1 		-	-		-	-	Jaylin Lane	5 	WR96		-	-					Los Angeles Rams	San Francisco 49ers	155 	0.0 	(1)	0.0 	0.0 	0 	0.0 	0.9 	0.0 	0.0 	0.0 	4.3 	QB32		Los Angeles Rams	New York Giants	327 	4.0 	(1)	0.0 	0.0 	0 	0.0 	1.0 	0.0 	0.0 	0.0 	27.0 	QB6		Los Angeles Rams	Denver Broncos	390 	2.0 	13 	0.0 	0.0 	0 	0.0 	2.0 	0.0 	0.0 	0.0 	20.9 	QB11		Los Angeles Rams	Philadelphia Eagles	220 	1.7 	1 	0.0 	0.0 	0 	0.0 	0.6 	0.1 	0.0 	0.0 	14.5 	QB22		Los Angeles Rams	Buffalo Bills	236 	2.1 	1 	0.0 	0.0 	0 	0.0 	0.6 	0.1 	0.0 	0.0 	16.5 	QB9		Los Angeles Rams	Arizona Cardinals	230 	2.2 	2 	0.0 	0.0 	0 	0.0 	0.6 	0.1 	0.0 	0.0 	16.6 	QB9		Los Angeles Rams	Las Vegas Raiders	223 	2.0 	1 	0.0 	0.0 	0 	0.0 	0.6 	0.1 	0.0 	0.0 	15.5 	QB18		Los Angeles Rams	Los Angeles Chargers	231 	2.0 	1 	0.0 	0.0 	0 	0.0 	0.6 	0.1 	0.0 	0.0 	15.8 	QB16		Los Angeles Rams	Washington Commanders	232 	2.1 	1 	0.0 	0.0 	0 	0.0 	0.6 	0.1 	0.0 	0.0 	16.4 	QB15		Los Angeles Rams	Arizona Cardinals	225 	2.1 	2 	0.0 	0.0 	0 	0.0 	0.6 	0.1 	0.0 	0.0 	16.0 	QB13		Los Angeles Rams	BYE	0 	0.0 	0 	0.0 	0.0 	0 	0.0 	0.0 	0.0 	0.0 	0.0 	0.0 	-		Los Angeles Rams	Green Bay Packers	227 	2.0 	1 	0.0 	0.0 	0 	0.0 	0.6 	0.1 	0.0 	0.0 	15.7 	QB20		Los Angeles Rams	Kansas City Chiefs	225 	1.9 	1 	0.0 	0.0 	0 	0.0 	0.6 	0.1 	0.0 	0.0 	15.5 	QB21		Los Angeles Rams	San Francisco 49ers	231 	2.0 	1 	0.0 	0.0 	0 	0.0 	0.6 	0.1 	0.0 	0.0 	15.8 	QB19		Los Angeles Rams	Dallas Cowboys	231 	2.1 	1 	0.0 	0.0 	0 	0.0 	0.6 	0.1 	0.0 	0.0 	16.5 	QB12		Los Angeles Rams	Seattle Seahawks	225 	1.8 	1 	0.0 	0.0 	0 	0.0 	0.6 	0.1 	0.0 	0.0 	14.8 	QB22		Los Angeles Rams	Tampa Bay Buccaneers	227 	2.0 	1 	0.0 	0.0 	0 	0.0 	0.6 	0.1 	0.0 	0.0 	15.7 	QB17		Actual	Actual	Actual	Forecast	Forecast	Forecast	Forecast	Forecast	Forecast	Forecast	Forecast	Forecast	Forecast	Forecast	Forecast	Forecast	Forecast		Healthy	Healthy	Healthy	Healthy	Healthy	Healthy	Healthy	Healthy	Healthy	Healthy	Healthy	Healthy	Healthy	Healthy	Healthy	Healthy	Healthy		Week 4 2026	10/3/2026	9:38:40 AM	9		0%	0%	1%	1%	99%	99%		0.1 	0	0	0	0	0	0.056234 
	Dontayvion Wicks	Philadelphia Eagles	WR	WR41	10.2 	163 	0 	0.0 	0.0 	0.0 	0 	0.0 	0.0 	0.0 	52.9 	3.3 	816 	51.0 	4.9 	0.3 	0.0 	0.2 	0.0 	0.400 	1.000 	0.600 	0 	0.086 	0.000 	91 	257 	166 	40 	84 	44 	0.364 				-	-		-	-	De’Zhaun Stribling	0.005 	WR104		-	-		15.3 	12.4 	5.2 	10.7 	9.7 	9.8 	10.5 	10.1 	10.1 	0.0 	9.9 	10.4 	9.8 	10.3 	9.8 	9.3 	10.0 		WR21	WR22	WR58	WR35	WR46	WR39	WR37	WR39	WR42	-	WR37	WR42	WR44	WR40	WR47	WR49	WR46		WR44	10.0 	0.0 	0.0 	0.0 	0.0 	3.4 	49.0 	0.3 	44 	0.421 	1.000 	0.560 	0 	0.093 	0.000 	105 	0.352 		130 		-	-		-	-	De’Zhaun Stribling	0.006 	WR104		-	-		WR30	11.0 	0.0 	0.0 	0.0 	0.0 	14.6 	212.4 	1.3 	30 	0.316 	1.000 	0.700 	0 	0.103 	0.000 	#N/A	0.404 		32.9 		-	-		-	-	De’Zhaun Stribling	0 	WR101		-	-					Philadelphia Eagles	Washington Commanders	0 	0.0 	0 	0.0 	2.0 	73 	1.0 	0.0 	0.0 	0.0 	0.0 	15.3 	WR21		Philadelphia Eagles	Tennessee Titans	0 	0.0 	0 	0.0 	5.0 	74 	0.0 	0.0 	0.0 	0.0 	0.0 	12.4 	WR22		Philadelphia Eagles	Chicago Bears	0 	0.0 	0 	0.0 	2.0 	32 	0.0 	0.0 	0.0 	0.0 	0.0 	5.2 	WR58		Philadelphia Eagles	Los Angeles Rams	0 	0.0 	0 	0.0 	3.6 	52 	0.3 	0.0 	0.0 	0.0 	0.0 	10.7 	WR35		Philadelphia Eagles	Jacksonville Jaguars	0 	0.0 	0 	0.0 	3.3 	48 	0.3 	0.0 	0.0 	0.0 	0.0 	9.7 	WR46		Philadelphia Eagles	Carolina Panthers	0 	0.0 	0 	0.0 	3.3 	48 	0.3 	0.0 	0.0 	0.0 	0.0 	9.8 	WR39		Philadelphia Eagles	Dallas Cowboys	0 	0.0 	0 	0.0 	3.5 	51 	0.3 	0.0 	0.0 	0.0 	0.0 	10.5 	WR37		Philadelphia Eagles	Washington Commanders	0 	0.0 	0 	0.0 	3.4 	49 	0.3 	0.0 	0.0 	0.0 	0.0 	10.1 	WR39		Philadelphia Eagles	New York Giants	0 	0.0 	0 	0.0 	3.4 	49 	0.3 	0.0 	0.0 	0.0 	0.0 	10.1 	WR42		Philadelphia Eagles	BYE	0 	0.0 	0 	0.0 	0.0 	0 	0.0 	0.0 	0.0 	0.0 	0.0 	0.0 	-		Philadelphia Eagles	Pittsburgh Steelers	0 	0.0 	0 	0.0 	3.3 	48 	0.3 	0.0 	0.0 	0.0 	0.0 	9.9 	WR37		Philadelphia Eagles	Dallas Cowboys	0 	0.0 	0 	0.0 	3.5 	51 	0.3 	0.0 	0.0 	0.0 	0.0 	10.4 	WR42		Philadelphia Eagles	Arizona Cardinals	0 	0.0 	0 	0.0 	3.3 	47 	0.3 	0.0 	0.0 	0.0 	0.0 	9.8 	WR44		Philadelphia Eagles	Indianapolis Colts	0 	0.0 	0 	0.0 	3.4 	50 	0.3 	0.0 	0.0 	0.0 	0.0 	10.3 	WR40		Philadelphia Eagles	Seattle Seahawks	0 	0.0 	0 	0.0 	3.3 	48 	0.3 	0.0 	0.0 	0.0 	0.0 	9.8 	WR47		Philadelphia Eagles	Houston Texans	0 	0.0 	0 	0.0 	3.2 	46 	0.3 	0.0 	0.0 	0.0 	0.0 	9.3 	WR49		Philadelphia Eagles	San Francisco 49ers	0 	0.0 	0 	0.0 	3.4 	49 	0.3 	0.0 	0.0 	0.0 	0.0 	10.0 	WR46		Actual	Actual	Actual	Forecast	Forecast	Forecast	Forecast	Forecast	Forecast	Forecast	Forecast	Forecast	Forecast	Forecast	Forecast	Forecast	Forecast		Healthy	Healthy	Healthy	Healthy	Healthy	Healthy	Healthy	Healthy	Healthy	Healthy	Healthy	Healthy	Healthy	Healthy	Healthy	Healthy	Healthy		Week 4 2026	10/3/2026	9:38:40 AM	9		23%	20%	0%	0%	0%	0%		(0.1)	0	0	0	0	0	(0.051113)
	Sam Darnold	Seattle Seahawks	QB	QB21	15.6 	233 	3,509 	233.9 	26.8 	1.8 	64 	4.2 	0.3 	0.0 	0.0 	0.0 	0 	0.0 	0.0 	0.0 	10.3 	1.0 	0.0 	0.572 	0.460 	0.213 	0 	0.252 	0.000 	145 	184 	39 	23 	24 	1 	0.231 									Tank Dell							0.5 	0.0 	27.8 	15.3 	16.2 	15.2 	15.7 	16.2 	17.0 	15.5 	0.0 	15.6 	16.4 	16.1 	14.6 	15.9 	15.3 		QB34	-	QB2	QB17	QB15	QB16	QB17	QB12	QB10	QB17	-	QB22	QB11	QB16	QB27	QB17	QB21		QB18	15.8 	239.8 	1.8 	4.5 	0.0 	0.0 	0.0 	0.0 	17 	0.661 	0.460 	0.292 	1 	0.400 	0.000 	110 	0.343 		205 		-	-		-	-	Tank Dell	0.005 	WR105		-	-		QB30	14.2 	1,558.4 	11.4 	29.4 	0.2 	0.0 	0.0 	0.0 	30 	0.272 	0.460 	0.114 	(0)	0.000 	0.000 	#N/A	0.061 		28.3 		-	-		-	-	Tank Dell	0 	WR101		-	-					Seattle Seahawks	New England Patriots	13 	0.0 	0 	0.0 	0.0 	0 	0.0 	0.0 	0.0 	0.0 	0.0 	0.5 	QB34		Seattle Seahawks	Arizona Cardinals	0 	0.0 	0 	0.0 	0.0 	0 	0.0 	0.0 	0.0 	0.0 	0.0 	0.0 	-		Seattle Seahawks	Washington Commanders	379 	4.0 	5 	0.0 	0.0 	0 	0.0 	1.9 	0.0 	0.0 	0.0 	27.8 	QB2		Seattle Seahawks	Los Angeles Chargers	233 	1.7 	5 	0.0 	0.0 	0 	0.0 	0.6 	0.1 	0.0 	0.0 	15.3 	QB17		Seattle Seahawks	San Francisco 49ers	245 	1.8 	4 	0.0 	0.0 	0 	0.0 	0.6 	0.1 	0.0 	0.0 	16.2 	QB15		Seattle Seahawks	Denver Broncos	237 	1.6 	4 	0.0 	0.0 	0 	0.0 	0.6 	0.1 	0.0 	0.0 	15.2 	QB16		Seattle Seahawks	Kansas City Chiefs	242 	1.7 	4 	0.0 	0.0 	0 	0.0 	0.6 	0.1 	0.0 	0.0 	15.7 	QB17		Seattle Seahawks	Chicago Bears	243 	1.8 	5 	0.0 	0.0 	0 	0.0 	0.6 	0.1 	0.0 	0.0 	16.2 	QB12		Seattle Seahawks	Arizona Cardinals	245 	2.0 	5 	0.0 	0.0 	0 	0.0 	0.6 	0.1 	0.0 	0.0 	17.0 	QB10		Seattle Seahawks	Las Vegas Raiders	235 	1.7 	5 	0.0 	0.0 	0 	0.0 	0.6 	0.1 	0.0 	0.0 	15.5 	QB17		Seattle Seahawks	BYE	0 	0.0 	0 	0.0 	0.0 	0 	0.0 	0.0 	0.0 	0.0 	0.0 	0.0 	-		Seattle Seahawks	San Francisco 49ers	241 	1.7 	4 	0.0 	0.0 	0 	0.0 	0.6 	0.1 	0.0 	0.0 	15.6 	QB22		Seattle Seahawks	Dallas Cowboys	245 	1.9 	5 	0.0 	0.0 	0 	0.0 	0.6 	0.1 	0.0 	0.0 	16.4 	QB11		Seattle Seahawks	New York Giants	240 	1.8 	5 	0.0 	0.0 	0 	0.0 	0.6 	0.1 	0.0 	0.0 	16.1 	QB16		Seattle Seahawks	Philadelphia Eagles	234 	1.5 	4 	0.0 	0.0 	0 	0.0 	0.6 	0.1 	0.0 	0.0 	14.6 	QB27		Seattle Seahawks	Los Angeles Rams	243 	1.8 	4 	0.0 	0.0 	0 	0.0 	0.6 	0.1 	0.0 	0.0 	15.9 	QB17		Seattle Seahawks	Carolina Panthers	235 	1.7 	4 	0.0 	0.0 	0 	0.0 	0.6 	0.1 	0.0 	0.0 	15.3 	QB21		Actual	Actual	Actual	Forecast	Forecast	Forecast	Forecast	Forecast	Forecast	Forecast	Forecast	Forecast	Forecast	Forecast	Forecast	Forecast	Forecast		Healthy	Injured	Healthy	Healthy	Healthy	Healthy	Healthy	Healthy	Healthy	Healthy	Healthy	Healthy	Healthy	Healthy	Healthy	Healthy	Healthy		Week 4 2026	10/3/2026	9:38:40 AM	9		0%	0%	4%	3%	99%	99%		0.3 	0	1	0	0	0	
	Jadarian Price	Seattle Seahawks	RB	RB39	7.9 	118 	0 	0.0 	0.0 	0.0 	619 	41.2 	3.3 	0.2 	20.2 	1.3 	167 	11.1 	1.1 	0.1 	0.0 	3.4 	0.0 	0.290 	1.000 	0.544 	(0)	0.000 	0.000 	123 	58 	(65)	38 	24 	(14)	0.288 				-	-		-	-	Travis Hunter	0.000 	WR105		-	-		7.8 	5.0 	1.2 	0.0 	8.6 	8.1 	8.4 	8.9 	10.1 	9.0 	0.0 	8.3 	9.0 	9.2 	7.6 	8.4 	8.5 		RB37	RB42	RB57	-	RB30	RB32	RB29	RB29	RB27	RB29	-	RB36	RB30	RB28	RB40	RB36	RB36		RB36	8.7 	0.0 	0.0 	41.6 	0.3 	1.3 	12.1 	0.1 	35 	0.336 	1.000 	0.582 	0 	0.007 	0.000 	120 	0.315 		104 		-	-		-	-	Travis Hunter	0.000 	WR106		-	-		RB48	4.7 	0.0 	0.0 	166.5 	1.1 	5.4 	48.5 	0.4 	48 	0.135 	1.000 	0.417 	(0)	0.000 	0.000 	#N/A	0.208 		14.0 		-	-		-	-	Travis Hunter	0 	WR101		-	-					Seattle Seahawks	New England Patriots	0 	0.0 	52 	0.0 	2.0 	6 	0.0 	0.0 	0.0 	0.0 	0.0 	7.8 	RB37		Seattle Seahawks	Arizona Cardinals	0 	0.0 	52 	0.0 	1.0 	8 	0.0 	0.0 	1.0 	0.0 	0.0 	5.0 	RB42		Seattle Seahawks	Washington Commanders	0 	0.0 	15 	0.0 	1.0 	7 	0.0 	0.0 	1.0 	0.0 	0.0 	1.2 	RB57		Seattle Seahawks	Los Angeles Chargers	0 	0.0 	0 	0.0 	0.0 	0 	0.0 	0.0 	0.0 	0.0 	0.0 	0.0 	-		Seattle Seahawks	San Francisco 49ers	0 	0.0 	40 	0.3 	1.4 	12 	0.1 	0.0 	0.1 	0.0 	0.0 	8.6 	RB30		Seattle Seahawks	Denver Broncos	0 	0.0 	39 	0.2 	1.3 	12 	0.1 	0.0 	0.1 	0.0 	0.0 	8.1 	RB32		Seattle Seahawks	Kansas City Chiefs	0 	0.0 	40 	0.3 	1.4 	12 	0.1 	0.0 	0.1 	0.0 	0.0 	8.4 	RB29		Seattle Seahawks	Chicago Bears	0 	0.0 	43 	0.3 	1.4 	12 	0.1 	0.0 	0.1 	0.0 	0.0 	8.9 	RB29		Seattle Seahawks	Arizona Cardinals	0 	0.0 	49 	0.4 	1.4 	12 	0.1 	0.0 	0.1 	0.0 	0.0 	10.1 	RB27		Seattle Seahawks	Las Vegas Raiders	0 	0.0 	44 	0.3 	1.3 	12 	0.1 	0.0 	0.1 	0.0 	0.0 	9.0 	RB29		Seattle Seahawks	BYE	0 	0.0 	0 	0.0 	0.0 	0 	0.0 	0.0 	0.0 	0.0 	0.0 	0.0 	-		Seattle Seahawks	San Francisco 49ers	0 	0.0 	39 	0.3 	1.4 	12 	0.1 	0.0 	0.1 	0.0 	0.0 	8.3 	RB36		Seattle Seahawks	Dallas Cowboys	0 	0.0 	43 	0.3 	1.4 	12 	0.1 	0.0 	0.1 	0.0 	0.0 	9.0 	RB30		Seattle Seahawks	New York Giants	0 	0.0 	45 	0.3 	1.3 	12 	0.1 	0.0 	0.1 	0.0 	0.0 	9.2 	RB28		Seattle Seahawks	Philadelphia Eagles	0 	0.0 	36 	0.2 	1.3 	12 	0.1 	0.0 	0.1 	0.0 	0.0 	7.6 	RB40		Seattle Seahawks	Los Angeles Rams	0 	0.0 	40 	0.3 	1.4 	12 	0.1 	0.0 	0.1 	0.0 	0.0 	8.4 	RB36		Seattle Seahawks	Carolina Panthers	0 	0.0 	41 	0.3 	1.3 	12 	0.1 	0.0 	0.1 	0.0 	0.0 	8.5 	RB36		Actual	Actual	Actual	Forecast	Forecast	Forecast	Forecast	Forecast	Forecast	Forecast	Forecast	Forecast	Forecast	Forecast	Forecast	Forecast	Forecast		Healthy	Healthy	Healthy	Injured	Healthy	Healthy	Healthy	Healthy	Healthy	Healthy	Healthy	Healthy	Healthy	Healthy	Healthy	Healthy	Healthy		Week 4 2026	10/3/2026	9:38:40 AM	9		5%	5%	37%	32%	0%	0%		0.1 	0	0	0	1	0	
	Isaiah Likely	New York Giants	TE	TE11	10.2 	163 	0 	0.0 	0.0 	0.0 	0 	0.0 	0.0 	0.0 	63.1 	3.9 	654 	40.8 	5.8 	0.4 	0.0 	0.1 	0.0 	0.400 	0.560 	0.476 	1 	0.249 	0.000 	92 	105 	13 	11 	11 	0 	0.362 				-	-		-	-	Ricky Pearsall	0.000 	WR105		-	-		27.8 	8.3 	3.3 	9.3 	9.2 	9.6 	9.3 	0.0 	9.4 	9.8 	9.6 	9.6 	9.6 	9.5 	9.1 	9.9 	9.9 		TE1	TE17	TE26	TE14	TE15	TE12	TE17	-	TE14	TE11	TE12	TE13	TE11	TE12	TE19	TE11	TE13		TE13	9.5 	0.0 	0.0 	0.0 	0.0 	3.7 	40.7 	0.3 	12 	0.400 	0.560 	0.467 	1 	0.209 	0.000 	111 	0.341 		124 		-	-		-	-	Ricky Pearsall	0.000 	WR106		-	-		TE8	13.1 	0.0 	0.0 	0.0 	0.0 	16.0 	176.5 	1.3 	8 	0.379 	0.560 	0.501 	1 	0.461 	0.000 	#N/A	0.465 		39.4 		-	-		-	-	Ricky Pearsall	0 	WR101		-	-					New York Giants	Dallas Cowboys	0 	0.0 	0 	0.0 	8.0 	78 	2.0 	0.0 	0.0 	0.0 	0.0 	27.8 	TE1		New York Giants	Los Angeles Rams	0 	0.0 	0 	0.0 	5.0 	33 	0.0 	0.0 	0.0 	0.0 	0.0 	8.3 	TE17		New York Giants	Tennessee Titans	0 	0.0 	0 	0.0 	2.0 	13 	0.0 	0.0 	0.0 	0.0 	0.0 	3.3 	TE26		New York Giants	Arizona Cardinals	0 	0.0 	0 	0.0 	3.6 	40 	0.3 	0.0 	0.0 	0.0 	0.0 	9.3 	TE14		New York Giants	Washington Commanders	0 	0.0 	0 	0.0 	3.6 	40 	0.3 	0.0 	0.0 	0.0 	0.0 	9.2 	TE15		New York Giants	New Orleans Saints	0 	0.0 	0 	0.0 	3.7 	41 	0.3 	0.0 	0.0 	0.0 	0.0 	9.6 	TE12		New York Giants	Houston Texans	0 	0.0 	0 	0.0 	3.7 	40 	0.3 	0.0 	0.0 	0.0 	0.0 	9.3 	TE17		New York Giants	BYE	0 	0.0 	0 	0.0 	0.0 	0 	0.0 	0.0 	0.0 	0.0 	0.0 	0.0 	-		New York Giants	Philadelphia Eagles	0 	0.0 	0 	0.0 	3.7 	41 	0.3 	0.0 	0.0 	0.0 	0.0 	9.4 	TE14		New York Giants	Washington Commanders	0 	0.0 	0 	0.0 	3.7 	41 	0.3 	0.0 	0.0 	0.0 	0.0 	9.8 	TE11		New York Giants	Jacksonville Jaguars	0 	0.0 	0 	0.0 	3.7 	41 	0.3 	0.0 	0.0 	0.0 	0.0 	9.6 	TE12		New York Giants	Indianapolis Colts	0 	0.0 	0 	0.0 	3.7 	41 	0.3 	0.0 	0.0 	0.0 	0.0 	9.6 	TE13		New York Giants	San Francisco 49ers	0 	0.0 	0 	0.0 	3.7 	41 	0.3 	0.0 	0.0 	0.0 	0.0 	9.6 	TE11		New York Giants	Seattle Seahawks	0 	0.0 	0 	0.0 	3.8 	41 	0.3 	0.0 	0.0 	0.0 	0.0 	9.5 	TE12		New York Giants	Cleveland Browns	0 	0.0 	0 	0.0 	3.5 	39 	0.3 	0.0 	0.0 	0.0 	0.0 	9.1 	TE19		New York Giants	Detroit Lions	0 	0.0 	0 	0.0 	3.8 	42 	0.3 	0.0 	0.0 	0.0 	0.0 	9.9 	TE11		New York Giants	Dallas Cowboys	0 	0.0 	0 	0.0 	3.8 	42 	0.3 	0.0 	0.0 	0.0 	0.0 	9.9 	TE13		Actual	Actual	Actual	Forecast	Forecast	Forecast	Forecast	Forecast	Forecast	Forecast	Forecast	Forecast	Forecast	Forecast	Forecast	Forecast	Forecast		Healthy	Healthy	Healthy	Healthy	Healthy	Healthy	Healthy	Healthy	Healthy	Healthy	Healthy	Healthy	Healthy	Healthy	Healthy	Healthy	Healthy		Week 4 2026	10/3/2026	9:38:40 AM	9		20%	22%	0%	0%	0%	0%		(0.1)	0	0	0	0	0	(0.123951)
	Chris Godwin Jr.	Tampa Bay Buccaneers	WR	WR48	9.6 	154 	0 	0.0 	0.0 	0.0 	15 	0.9 	0.0 	0.0 	61.1 	3.8 	668 	41.8 	4.1 	0.3 	0.0 	0.1 	0.0 	0.376 	1.000 	0.540 	0 	0.048 	0.000 	111 	87 	(24)	46 	37 	(9)	0.318 				-	-		-	-	Jayden Higgins	0.000 	WR105		-	-		8.3 	8.8 	5.5 	9.3 	9.9 	10.1 	10.1 	10.2 	10.3 	0.0 	10.3 	10.2 	10.0 	10.2 	10.3 	10.1 	10.2 		WR44	WR34	WR57	WR48	WR42	WR38	WR41	WR38	WR41	-	WR33	WR46	WR43	WR41	WR43	WR46	WR44		WR43	10.1 	0.0 	0.0 	0.0 	0.0 	3.9 	42.9 	0.3 	43 	0.423 	1.000 	0.570 	0 	0.096 	0.000 	104 	0.358 		131 		-	-		-	-	Jayden Higgins	0.000 	WR106		-	-		WR53	7.5 	0.0 	0.0 	0.0 	0.0 	17.0 	185.7 	1.4 	53 	0.217 	1.000 	0.470 	(0)	0.000 	0.000 	#N/A	0.244 		22.6 		-	-		-	-	Jayden Higgins	0 	WR101		-	-					Tampa Bay Buccaneers	Cincinnati Bengals	0 	0.0 	3 	0.0 	4.0 	40 	0.0 	0.0 	0.0 	0.0 	0.0 	8.3 	WR44		Tampa Bay Buccaneers	Cleveland Browns	0 	0.0 	12 	0.0 	3.0 	46 	0.0 	0.0 	0.0 	0.0 	0.0 	8.8 	WR34		Tampa Bay Buccaneers	Minnesota Vikings	0 	0.0 	0 	0.0 	3.0 	25 	0.0 	0.0 	0.0 	0.0 	0.0 	5.5 	WR57		Tampa Bay Buccaneers	Green Bay Packers	0 	0.0 	0 	0.0 	3.7 	40 	0.3 	0.0 	0.0 	0.0 	0.0 	9.3 	WR48		Tampa Bay Buccaneers	Dallas Cowboys	0 	0.0 	0 	0.0 	3.9 	43 	0.3 	0.0 	0.0 	0.0 	0.0 	9.9 	WR42		Tampa Bay Buccaneers	Pittsburgh Steelers	0 	0.0 	0 	0.0 	3.9 	43 	0.3 	0.0 	0.0 	0.0 	0.0 	10.1 	WR38		Tampa Bay Buccaneers	Carolina Panthers	0 	0.0 	0 	0.0 	3.9 	43 	0.3 	0.0 	0.0 	0.0 	0.0 	10.1 	WR41		Tampa Bay Buccaneers	Atlanta Falcons	0 	0.0 	0 	0.0 	3.9 	43 	0.3 	0.0 	0.0 	0.0 	0.0 	10.2 	WR38		Tampa Bay Buccaneers	Chicago Bears	0 	0.0 	0 	0.0 	4.0 	44 	0.3 	0.0 	0.0 	0.0 	0.0 	10.3 	WR41		Tampa Bay Buccaneers	BYE	0 	0.0 	0 	0.0 	0.0 	0 	0.0 	0.0 	0.0 	0.0 	0.0 	0.0 	-		Tampa Bay Buccaneers	Detroit Lions	0 	0.0 	0 	0.0 	4.0 	44 	0.3 	0.0 	0.0 	0.0 	0.0 	10.3 	WR33		Tampa Bay Buccaneers	Carolina Panthers	0 	0.0 	0 	0.0 	3.9 	43 	0.3 	0.0 	0.0 	0.0 	0.0 	10.2 	WR46		Tampa Bay Buccaneers	Los Angeles Chargers	0 	0.0 	0 	0.0 	3.9 	42 	0.3 	0.0 	0.0 	0.0 	0.0 	10.0 	WR43		Tampa Bay Buccaneers	Baltimore Ravens	0 	0.0 	0 	0.0 	4.0 	44 	0.3 	0.0 	0.0 	0.0 	0.0 	10.2 	WR41		Tampa Bay Buccaneers	New Orleans Saints	0 	0.0 	0 	0.0 	4.0 	43 	0.3 	0.0 	0.0 	0.0 	0.0 	10.3 	WR43		Tampa Bay Buccaneers	Atlanta Falcons	0 	0.0 	0 	0.0 	3.9 	43 	0.3 	0.0 	0.0 	0.0 	0.0 	10.1 	WR46		Tampa Bay Buccaneers	Los Angeles Rams	0 	0.0 	0 	0.0 	4.0 	43 	0.3 	0.0 	0.0 	0.0 	0.0 	10.2 	WR44		Actual	Actual	Actual	Forecast	Forecast	Forecast	Forecast	Forecast	Forecast	Forecast	Forecast	Forecast	Forecast	Forecast	Forecast	Forecast	Forecast		Healthy	Healthy	Healthy	Healthy	Healthy	Healthy	Healthy	Healthy	Healthy	Healthy	Healthy	Healthy	Healthy	Healthy	Healthy	Healthy	Healthy		Week 4 2026	10/3/2026	9:38:40 AM	9		19%	20%	0%	0%	0%	0%		0.1 	0	0	0	0	0	0.114248 
	Tucker Kraft	Green Bay Packers	TE	TE20	8.7 	140 	0 	0.0 	0.0 	0.0 	0 	0.0 	0.0 	0.0 	49.7 	3.1 	684 	42.7 	3.6 	0.2 	0.0 	0.1 	0.0 	0.342 	0.560 	0.413 	0 	0.111 	0.000 	131 	69 	(62)	18 	6 	(12)	0.267 				-	-		-	-		-	-		-	-		9.5 	3.5 	6.6 	8.7 	9.2 	9.8 	9.4 	9.2 	9.1 	9.2 	0.0 	9.2 	9.2 	9.5 	9.3 	9.2 	8.9 		TE17	TE26	TE19	TE19	TE14	TE11	TE13	TE13	TE17	TE15	-	TE16	TE12	TE13	TE15	TE16	TE19		TE16	9.2 	0.0 	0.0 	0.0 	0.0 	3.1 	44.5 	0.3 	15 	0.388 	0.560 	0.441 	0 	0.182 	0.000 	119 	0.316 		120 		-	-		-	-		-	-		-	-		TE27	6.5 	0.0 	0.0 	0.0 	0.0 	13.6 	192.6 	1.2 	27 	0.188 	0.560 	0.328 	(0)	0.000 	0.000 	#N/A	0.159 		19.6 		-	-		-	-		-	-		-	-					Green Bay Packers	Minnesota Vikings	0 	0.0 	0 	0.0 	3.0 	65 	0.0 	0.0 	0.0 	0.0 	0.0 	9.5 	TE17		Green Bay Packers	New York Jets	0 	0.0 	0 	0.0 	2.0 	15 	0.0 	0.0 	0.0 	0.0 	0.0 	3.5 	TE26		Green Bay Packers	Atlanta Falcons	0 	0.0 	0 	0.0 	4.0 	26 	0.0 	0.0 	0.0 	0.0 	0.0 	6.6 	TE19		Green Bay Packers	Tampa Bay Buccaneers	0 	0.0 	0 	0.0 	3.0 	43 	0.2 	0.0 	0.0 	0.0 	0.0 	8.7 	TE19		Green Bay Packers	Chicago Bears	0 	0.0 	0 	0.0 	3.1 	44 	0.3 	0.0 	0.0 	0.0 	0.0 	9.2 	TE14		Green Bay Packers	Dallas Cowboys	0 	0.0 	0 	0.0 	3.3 	47 	0.3 	0.0 	0.0 	0.0 	0.0 	9.8 	TE11		Green Bay Packers	Detroit Lions	0 	0.0 	0 	0.0 	3.2 	45 	0.3 	0.0 	0.0 	0.0 	0.0 	9.4 	TE13		Green Bay Packers	Carolina Panthers	0 	0.0 	0 	0.0 	3.1 	44 	0.3 	0.0 	0.0 	0.0 	0.0 	9.2 	TE13		Green Bay Packers	New England Patriots	0 	0.0 	0 	0.0 	3.1 	44 	0.3 	0.0 	0.0 	0.0 	0.0 	9.1 	TE17		Green Bay Packers	Minnesota Vikings	0 	0.0 	0 	0.0 	3.1 	44 	0.3 	0.0 	0.0 	0.0 	0.0 	9.2 	TE15		Green Bay Packers	BYE	0 	0.0 	0 	0.0 	0.0 	0 	0.0 	0.0 	0.0 	0.0 	0.0 	0.0 	-		Green Bay Packers	Los Angeles Rams	0 	0.0 	0 	0.0 	3.2 	45 	0.3 	0.0 	0.0 	0.0 	0.0 	9.2 	TE16		Green Bay Packers	New Orleans Saints	0 	0.0 	0 	0.0 	3.1 	44 	0.3 	0.0 	0.0 	0.0 	0.0 	9.2 	TE12		Green Bay Packers	Buffalo Bills	0 	0.0 	0 	0.0 	3.2 	45 	0.3 	0.0 	0.0 	0.0 	0.0 	9.5 	TE13		Green Bay Packers	Miami Dolphins	0 	0.0 	0 	0.0 	3.1 	44 	0.3 	0.0 	0.0 	0.0 	0.0 	9.3 	TE15		Green Bay Packers	Chicago Bears	0 	0.0 	0 	0.0 	3.1 	45 	0.3 	0.0 	0.0 	0.0 	0.0 	9.2 	TE16		Green Bay Packers	Houston Texans	0 	0.0 	0 	0.0 	3.0 	43 	0.3 	0.0 	0.0 	0.0 	0.0 	8.9 	TE19		Actual	Actual	Actual	Forecast	Forecast	Forecast	Forecast	Forecast	Forecast	Forecast	Forecast	Forecast	Forecast	Forecast	Forecast	Forecast	Forecast		Healthy	Healthy	Healthy	Healthy	Healthy	Healthy	Healthy	Healthy	Healthy	Healthy	Healthy	Healthy	Healthy	Healthy	Healthy	Healthy	Healthy		Week 4 2026	10/3/2026	9:38:40 AM	9		18%	17%	0%	0%	0%	0%		0.2 	0	0	0	0	0	0.156749 
	Jordan Addison	Minnesota Vikings	WR	WR46	10.2 	153 	0 	0.0 	0.0 	0.0 	16 	1.1 	0.0 	0.0 	49.7 	3.3 	718 	47.9 	5.0 	0.3 	0.0 	0.1 	0.0 	0.375 	1.000 	0.530 	0 	0.085 	0.000 	104 	107 	3 	47 	43 	(4)	0.329 				-	-		-	-		-	-		-	-		0.0 	4.1 	20.0 	11.1 	9.9 	0.0 	10.1 	9.9 	9.9 	9.7 	9.9 	9.8 	9.8 	9.4 	9.9 	10.1 	9.5 		-	WR65	WR12	WR31	WR43	-	WR39	WR41	WR43	WR43	WR38	WR47	WR45	WR46	WR46	WR45	WR49		WR47	9.9 	0.0 	0.0 	1.2 	0.0 	3.3 	46.7 	0.3 	46 	0.416 	1.000 	0.540 	0 	0.084 	0.000 	112 	0.339 		129 		-	-		-	-		-	-		-	-		WR48	12.1 	0.0 	0.0 	8.0 	0.0 	21.4 	303.4 	2.0 	48 	0.232 	1.000 	0.520 	(0)	0.000 	0.000 	#N/A	0.269 		24.1 		-	-		-	-		-	-		-	-					Minnesota Vikings	Green Bay Packers	0 	0.0 	0 	0.0 	0.0 	0 	0.0 	0.0 	0.0 	0.0 	0.0 	0.0 	-		Minnesota Vikings	Chicago Bears	0 	0.0 	0 	0.0 	2.0 	21 	0.0 	0.0 	0.0 	0.0 	0.0 	4.1 	WR65		Minnesota Vikings	Tampa Bay Buccaneers	0 	0.0 	0 	0.0 	5.0 	90 	1.0 	0.0 	0.0 	0.0 	0.0 	20.0 	WR12		Minnesota Vikings	Miami Dolphins	0 	0.0 	1 	0.0 	3.7 	52 	0.4 	0.0 	0.0 	0.0 	0.0 	11.1 	WR31		Minnesota Vikings	New Orleans Saints	0 	0.0 	1 	0.0 	3.3 	46 	0.3 	0.0 	0.0 	0.0 	0.0 	9.9 	WR43		Minnesota Vikings	BYE	0 	0.0 	0 	0.0 	0.0 	0 	0.0 	0.0 	0.0 	0.0 	0.0 	0.0 	-		Minnesota Vikings	Indianapolis Colts	0 	0.0 	1 	0.0 	3.3 	47 	0.3 	0.0 	0.0 	0.0 	0.0 	10.1 	WR39		Minnesota Vikings	Detroit Lions	0 	0.0 	1 	0.0 	3.3 	47 	0.3 	0.0 	0.0 	0.0 	0.0 	9.9 	WR41		Minnesota Vikings	Buffalo Bills	0 	0.0 	1 	0.0 	3.3 	47 	0.3 	0.0 	0.0 	0.0 	0.0 	9.9 	WR43		Minnesota Vikings	Green Bay Packers	0 	0.0 	1 	0.0 	3.2 	46 	0.3 	0.0 	0.0 	0.0 	0.0 	9.7 	WR43		Minnesota Vikings	San Francisco 49ers	0 	0.0 	1 	0.0 	3.3 	47 	0.3 	0.0 	0.0 	0.0 	0.0 	9.9 	WR38		Minnesota Vikings	Atlanta Falcons	0 	0.0 	1 	0.0 	3.2 	46 	0.3 	0.0 	0.0 	0.0 	0.0 	9.8 	WR47		Minnesota Vikings	Carolina Panthers	0 	0.0 	1 	0.0 	3.2 	46 	0.3 	0.0 	0.0 	0.0 	0.0 	9.8 	WR45		Minnesota Vikings	New England Patriots	0 	0.0 	1 	0.0 	3.2 	45 	0.3 	0.0 	0.0 	0.0 	0.0 	9.4 	WR46		Minnesota Vikings	Detroit Lions	0 	0.0 	1 	0.0 	3.3 	47 	0.3 	0.0 	0.0 	0.0 	0.0 	9.9 	WR46		Minnesota Vikings	Washington Commanders	0 	0.0 	1 	0.0 	3.3 	47 	0.3 	0.0 	0.0 	0.0 	0.0 	10.1 	WR45		Minnesota Vikings	New York Jets	0 	0.0 	1 	0.0 	3.2 	45 	0.3 	0.0 	0.0 	0.0 	0.0 	9.5 	WR49		Actual	Actual	Actual	Forecast	Forecast	Forecast	Forecast	Forecast	Forecast	Forecast	Forecast	Forecast	Forecast	Forecast	Forecast	Forecast	Forecast		Healthy	Healthy	Healthy	Healthy	Healthy	Healthy	Healthy	Healthy	Healthy	Healthy	Healthy	Healthy	Healthy	Healthy	Healthy	Healthy	Healthy		Week 4 2026	10/3/2026	9:38:40 AM	9		21%	20%	1%	0%	0%	0%		0.1 	0	0	0	0	0	0.070220 
	Dallas Goedert	Philadelphia Eagles	TE	TE12	11.1 	133 	0 	0.0 	0.0 	0.0 	0 	0.0 	0.0 	0.0 	50.1 	4.2 	527 	44.0 	5.1 	0.4 	0.0 	0.1 	0.0 	0.327 	0.560 	0.395 	1 	0.335 	0.000 	95 	112 	17 	20 	12 	(8)	0.358 				-	-		-	-		-	-		-	-		23.7 	1.4 	0.0 	0.0 	0.0 	0.0 	11.4 	11.0 	10.9 	0.0 	10.7 	11.2 	10.6 	11.1 	10.6 	10.1 	10.8 		TE3	TE33	-	-	-	-	TE7	TE6	TE7	-	TE9	TE8	TE7	TE6	TE10	TE10	TE9		TE12	10.8 	0.0 	0.0 	0.0 	0.0 	4.5 	44.6 	0.3 	20 	0.349 	0.560 	0.395 	1 	0.333 	0.000 	103 	0.360 		108 		-	-		-	-		-	-		-	-		TE20	12.6 	0.0 	0.0 	0.0 	0.0 	22.5 	223.2 	1.6 	20 	0.241 	0.560 	0.395 	0 	0.070 	0.000 	#N/A	0.225 		25.1 		-	-		-	-		-	-		-	-					Philadelphia Eagles	Washington Commanders	0 	0.0 	0 	0.0 	4.0 	77 	2.0 	0.0 	0.0 	0.0 	0.0 	23.7 	TE3		Philadelphia Eagles	Tennessee Titans	0 	0.0 	0 	0.0 	1.0 	4 	0.0 	0.0 	0.0 	0.0 	0.0 	1.4 	TE33		Philadelphia Eagles	Chicago Bears	0 	0.0 	0 	0.0 	0.0 	0 	0.0 	0.0 	0.0 	0.0 	0.0 	0.0 	-		Philadelphia Eagles	Los Angeles Rams	0 	0.0 	0 	0.0 	0.0 	0 	0.0 	0.0 	0.0 	0.0 	0.0 	0.0 	-		Philadelphia Eagles	Jacksonville Jaguars	0 	0.0 	0 	0.0 	0.0 	0 	0.0 	0.0 	0.0 	0.0 	0.0 	0.0 	-		Philadelphia Eagles	Carolina Panthers	0 	0.0 	0 	0.0 	0.0 	0 	0.0 	0.0 	0.0 	0.0 	0.0 	0.0 	-		Philadelphia Eagles	Dallas Cowboys	0 	0.0 	0 	0.0 	4.7 	46 	0.3 	0.0 	0.0 	0.0 	0.0 	11.4 	TE7		Philadelphia Eagles	Washington Commanders	0 	0.0 	0 	0.0 	4.6 	45 	0.3 	0.0 	0.0 	0.0 	0.0 	11.0 	TE6		Philadelphia Eagles	New York Giants	0 	0.0 	0 	0.0 	4.5 	45 	0.3 	0.0 	0.0 	0.0 	0.0 	10.9 	TE7		Philadelphia Eagles	BYE	0 	0.0 	0 	0.0 	0.0 	0 	0.0 	0.0 	0.0 	0.0 	0.0 	0.0 	-		Philadelphia Eagles	Pittsburgh Steelers	0 	0.0 	0 	0.0 	4.5 	44 	0.3 	0.0 	0.0 	0.0 	0.0 	10.7 	TE9		Philadelphia Eagles	Dallas Cowboys	0 	0.0 	0 	0.0 	4.7 	46 	0.3 	0.0 	0.0 	0.0 	0.0 	11.2 	TE8		Philadelphia Eagles	Arizona Cardinals	0 	0.0 	0 	0.0 	4.4 	43 	0.3 	0.0 	0.0 	0.0 	0.0 	10.6 	TE7		Philadelphia Eagles	Indianapolis Colts	0 	0.0 	0 	0.0 	4.6 	45 	0.3 	0.0 	0.0 	0.0 	0.0 	11.1 	TE6		Philadelphia Eagles	Seattle Seahawks	0 	0.0 	0 	0.0 	4.5 	44 	0.3 	0.0 	0.0 	0.0 	0.0 	10.6 	TE10		Philadelphia Eagles	Houston Texans	0 	0.0 	0 	0.0 	4.3 	42 	0.3 	0.0 	0.0 	0.0 	0.0 	10.1 	TE10		Philadelphia Eagles	San Francisco 49ers	0 	0.0 	0 	0.0 	4.5 	45 	0.3 	0.0 	0.0 	0.0 	0.0 	10.8 	TE9		Actual	Actual	Actual	Forecast	Forecast	Forecast	Forecast	Forecast	Forecast	Forecast	Forecast	Forecast	Forecast	Forecast	Forecast	Forecast	Forecast		Healthy	Healthy	Injured	Injured	Injured	Injured	Healthy	Healthy	Healthy	Healthy	Healthy	Healthy	Healthy	Healthy	Healthy	Healthy	Healthy		Week 4 2026	10/3/2026	9:38:40 AM	9		21%	21%	0%	0%	0%	0%		0.1 	0	0	1	1	1	
	Romeo Doubs	New England Patriots	WR	WR50	9.8 	147 	0 	0.0 	0.0 	0.0 	0 	0.0 	0.0 	0.0 	46.3 	3.1 	774 	51.6 	3.9 	0.3 	0.0 	0.1 	0.0 	0.360 	1.000 	0.500 	0 	0.060 	0.000 	116 	130 	14 	50 	51 	1 	0.303 				-	-		-	-		-	-		-	-		0.0 	12.6 	7.9 	9.9 	9.8 	9.5 	9.8 	9.8 	9.8 	10.0 	0.0 	9.6 	10.0 	9.6 	9.5 	9.3 	9.5 		-	WR21	WR45	WR45	WR45	WR41	WR43	WR42	WR44	WR42	-	WR48	WR41	WR45	WR49	WR50	WR48		WR48	9.7 	0.0 	0.0 	0.0 	0.0 	3.1 	48.4 	0.3 	47 	0.408 	1.000 	0.530 	0 	0.070 	0.000 	114 	0.328 		126 		-	-		-	-		-	-		-	-		WR63	10.3 	0.0 	0.0 	0.0 	0.0 	20.2 	314.5 	2.0 	63 	0.197 	1.000 	0.370 	(0)	0.000 	0.000 	#N/A	0.196 		20.5 		-	-		-	-		-	-		-	-					New England Patriots	Seattle Seahawks	0 	0.0 	0 	0.0 	0.0 	0 	0.0 	0.0 	0.0 	0.0 	0.0 	0.0 	-		New England Patriots	Pittsburgh Steelers	0 	0.0 	0 	0.0 	3.0 	96 	0.0 	0.0 	0.0 	0.0 	0.0 	12.6 	WR21		New England Patriots	Jacksonville Jaguars	0 	0.0 	0 	0.0 	3.0 	49 	0.0 	0.0 	0.0 	0.0 	0.0 	7.9 	WR45		New England Patriots	Buffalo Bills	0 	0.0 	0 	0.0 	3.2 	50 	0.3 	0.0 	0.0 	0.0 	0.0 	9.9 	WR45		New England Patriots	Las Vegas Raiders	0 	0.0 	0 	0.0 	3.1 	49 	0.3 	0.0 	0.0 	0.0 	0.0 	9.8 	WR45		New England Patriots	New York Jets	0 	0.0 	0 	0.0 	3.0 	47 	0.3 	0.0 	0.0 	0.0 	0.0 	9.5 	WR41		New England Patriots	Chicago Bears	0 	0.0 	0 	0.0 	3.1 	49 	0.3 	0.0 	0.0 	0.0 	0.0 	9.8 	WR43		New England Patriots	Miami Dolphins	0 	0.0 	0 	0.0 	3.1 	48 	0.3 	0.0 	0.0 	0.0 	0.0 	9.8 	WR42		New England Patriots	Green Bay Packers	0 	0.0 	0 	0.0 	3.1 	49 	0.3 	0.0 	0.0 	0.0 	0.0 	9.8 	WR44		New England Patriots	Detroit Lions	0 	0.0 	0 	0.0 	3.2 	50 	0.3 	0.0 	0.0 	0.0 	0.0 	10.0 	WR42		New England Patriots	BYE	0 	0.0 	0 	0.0 	0.0 	0 	0.0 	0.0 	0.0 	0.0 	0.0 	0.0 	-		New England Patriots	Los Angeles Chargers	0 	0.0 	0 	0.0 	3.1 	48 	0.3 	0.0 	0.0 	0.0 	0.0 	9.6 	WR48		New England Patriots	Buffalo Bills	0 	0.0 	0 	0.0 	3.2 	50 	0.3 	0.0 	0.0 	0.0 	0.0 	10.0 	WR41		New England Patriots	Minnesota Vikings	0 	0.0 	0 	0.0 	3.1 	48 	0.3 	0.0 	0.0 	0.0 	0.0 	9.6 	WR45		New England Patriots	Kansas City Chiefs	0 	0.0 	0 	0.0 	3.1 	48 	0.3 	0.0 	0.0 	0.0 	0.0 	9.5 	WR49		New England Patriots	New York Jets	0 	0.0 	0 	0.0 	3.0 	46 	0.3 	0.0 	0.0 	0.0 	0.0 	9.3 	WR50		New England Patriots	Denver Broncos	0 	0.0 	0 	0.0 	3.1 	48 	0.3 	0.0 	0.0 	0.0 	0.0 	9.5 	WR48		Actual	Actual	Actual	Forecast	Forecast	Forecast	Forecast	Forecast	Forecast	Forecast	Forecast	Forecast	Forecast	Forecast	Forecast	Forecast	Forecast		Healthy	Healthy	Healthy	Healthy	Healthy	Healthy	Healthy	Healthy	Healthy	Healthy	Healthy	Healthy	Healthy	Healthy	Healthy	Healthy	Healthy		Week 4 2026	10/3/2026	9:38:40 AM	9		21%	20%	0%	0%	0%	0%		0.1 	0	0	0	0	0	0.131574 
	Caleb Douglas	Miami Dolphins	WR	WR49	10.3 	144 	0 	0.0 	0.0 	0.0 	0 	0.0 	0.0 	0.0 	54.7 	3.9 	710 	50.7 	3.1 	0.2 	0.0 	0.1 	0.0 	0.353 	1.000 	0.490 	0 	0.092 	0.000 	114 	211 	97 	51 	71 	20 	0.310 				-	-		-	-		-	-		-	-		14.4 	3.9 	0.0 	0.0 	10.7 	0.0 	10.1 	10.5 	10.8 	10.8 	10.4 	10.2 	10.0 	10.8 	10.3 	10.5 	10.9 		WR22	WR67	-	-	WR35	-	WR40	WR36	WR37	WR35	WR32	WR45	WR40	WR37	WR42	WR42	WR39		WR45	10.5 	0.0 	0.0 	0.0 	0.0 	4.0 	49.7 	0.3 	48 	0.406 	1.000 	0.520 	0 	0.126 	0.000 	108 	0.345 		126 		-	-		-	-		-	-		-	-		WR67	9.2 	0.0 	0.0 	0.0 	0.0 	23.9 	298.3 	1.6 	67 	0.176 	1.000 	0.330 	(0)	0.000 	0.000 	#N/A	0.175 		18.3 		-	-		-	-		-	-		-	-					Miami Dolphins	Las Vegas Raiders	0 	0.0 	0 	0.0 	5.0 	94 	0.0 	0.0 	0.0 	0.0 	0.0 	14.4 	WR22		Miami Dolphins	San Francisco 49ers	0 	0.0 	0 	0.0 	2.0 	19 	0.0 	0.0 	0.0 	0.0 	0.0 	3.9 	WR67		Miami Dolphins	Kansas City Chiefs	0 	0.0 	0 	0.0 	0.0 	0 	0.0 	0.0 	0.0 	0.0 	0.0 	0.0 	-		Miami Dolphins	Minnesota Vikings	0 	0.0 	0 	0.0 	0.0 	0 	0.0 	0.0 	0.0 	0.0 	0.0 	0.0 	-		Miami Dolphins	Cincinnati Bengals	0 	0.0 	0 	0.0 	4.0 	51 	0.3 	0.0 	0.0 	0.0 	0.0 	10.7 	WR35		Miami Dolphins	BYE	0 	0.0 	0 	0.0 	0.0 	0 	0.0 	0.0 	0.0 	0.0 	0.0 	0.0 	-		Miami Dolphins	New York Jets	0 	0.0 	0 	0.0 	3.8 	48 	0.3 	0.0 	0.0 	0.0 	0.0 	10.1 	WR40		Miami Dolphins	New England Patriots	0 	0.0 	0 	0.0 	4.0 	50 	0.3 	0.0 	0.0 	0.0 	0.0 	10.5 	WR36		Miami Dolphins	Detroit Lions	0 	0.0 	0 	0.0 	4.1 	51 	0.3 	0.0 	0.0 	0.0 	0.0 	10.8 	WR37		Miami Dolphins	Indianapolis Colts	0 	0.0 	0 	0.0 	4.1 	51 	0.3 	0.0 	0.0 	0.0 	0.0 	10.8 	WR35		Miami Dolphins	Buffalo Bills	0 	0.0 	0 	0.0 	4.0 	50 	0.2 	0.0 	0.0 	0.0 	0.0 	10.4 	WR32		Miami Dolphins	New York Jets	0 	0.0 	0 	0.0 	3.8 	48 	0.3 	0.0 	0.0 	0.0 	0.0 	10.2 	WR45		Miami Dolphins	Denver Broncos	0 	0.0 	0 	0.0 	3.9 	48 	0.2 	0.0 	0.0 	0.0 	0.0 	10.0 	WR40		Miami Dolphins	Chicago Bears	0 	0.0 	0 	0.0 	4.1 	51 	0.3 	0.0 	0.0 	0.0 	0.0 	10.8 	WR37		Miami Dolphins	Green Bay Packers	0 	0.0 	0 	0.0 	3.9 	49 	0.2 	0.0 	0.0 	0.0 	0.0 	10.3 	WR42		Miami Dolphins	Los Angeles Chargers	0 	0.0 	0 	0.0 	4.0 	50 	0.3 	0.0 	0.0 	0.0 	0.0 	10.5 	WR42		Miami Dolphins	Buffalo Bills	0 	0.0 	0 	0.0 	4.1 	51 	0.3 	0.0 	0.0 	0.0 	0.0 	10.9 	WR39		Actual	Actual	Actual	Forecast	Forecast	Forecast	Forecast	Forecast	Forecast	Forecast	Forecast	Forecast	Forecast	Forecast	Forecast	Forecast	Forecast		Healthy	Healthy	Injured	Injured	Healthy	Healthy	Healthy	Healthy	Healthy	Healthy	Healthy	Healthy	Healthy	Healthy	Healthy	Healthy	Healthy		Week 4 2026	10/3/2026	9:38:40 AM	9		22%	21%	0%	0%	0%	0%		0.2 	0	0	1	1	0	
	Kyle Monangai	Chicago Bears	RB	RB34	8.4 	135 	0 	0.0 	0.0 	0.0 	758 	47.4 	4.3 	0.3 	15.7 	1.0 	141 	8.8 	1.0 	0.1 	0.0 	1.3 	0.0 	0.331 	1.000 	0.619 	(0)	0.000 	0.000 	105 	106 	1 	32 	39 	7 	0.328 				-	-		-	-		-	-		-	-		20.4 	7.8 	3.1 	7.8 	7.3 	8.1 	8.0 	7.2 	8.3 	0.0 	8.7 	7.9 	8.1 	8.4 	7.6 	8.0 	8.2 		RB11	RB34	RB48	RB34	RB36	RB33	RB33	RB35	RB34	-	RB27	RB38	RB32	RB34	RB39	RB37	RB37		RB37	8.0 	0.0 	0.0 	44.6 	0.3 	0.9 	8.2 	0.1 	36 	0.334 	1.000 	0.569 	(0)	0.000 	0.000 	123 	0.306 		104 		-	-		-	-		-	-		-	-		RB23	10.4 	0.0 	0.0 	193.4 	1.1 	3.9 	35.4 	0.3 	23 	0.301 	1.000 	0.731 	0 	0.093 	0.000 	#N/A	0.411 		31.3 		-	-		-	-		-	-		-	-					Chicago Bears	Carolina Panthers	0 	0.0 	100 	1.0 	2.0 	24 	0.0 	0.0 	0.0 	0.0 	0.0 	20.4 	RB11		Chicago Bears	Minnesota Vikings	0 	0.0 	47 	0.0 	2.0 	11 	0.0 	0.0 	0.0 	0.0 	0.0 	7.8 	RB34		Chicago Bears	Philadelphia Eagles	0 	0.0 	31 	0.0 	0.0 	0 	0.0 	0.0 	0.0 	0.0 	0.0 	3.1 	RB48		Chicago Bears	New York Jets	0 	0.0 	44 	0.2 	0.9 	8 	0.1 	0.0 	0.1 	0.0 	0.0 	7.8 	RB34		Chicago Bears	Green Bay Packers	0 	0.0 	41 	0.2 	0.9 	8 	0.1 	0.0 	0.1 	0.0 	0.0 	7.3 	RB36		Chicago Bears	Atlanta Falcons	0 	0.0 	45 	0.3 	0.9 	8 	0.1 	0.0 	0.1 	0.0 	0.0 	8.1 	RB33		Chicago Bears	New England Patriots	0 	0.0 	45 	0.3 	0.9 	8 	0.1 	0.0 	0.1 	0.0 	0.0 	8.0 	RB33		Chicago Bears	Seattle Seahawks	0 	0.0 	40 	0.2 	0.9 	8 	0.1 	0.0 	0.1 	0.0 	0.0 	7.2 	RB35		Chicago Bears	Tampa Bay Buccaneers	0 	0.0 	46 	0.3 	0.9 	8 	0.1 	0.0 	0.1 	0.0 	0.0 	8.3 	RB34		Chicago Bears	BYE	0 	0.0 	0 	0.0 	0.0 	0 	0.0 	0.0 	0.0 	0.0 	0.0 	0.0 	-		Chicago Bears	New Orleans Saints	0 	0.0 	50 	0.3 	0.9 	8 	0.1 	0.0 	0.1 	0.0 	0.0 	8.7 	RB27		Chicago Bears	Detroit Lions	0 	0.0 	44 	0.3 	0.9 	8 	0.1 	0.0 	0.1 	0.0 	0.0 	7.9 	RB38		Chicago Bears	Jacksonville Jaguars	0 	0.0 	45 	0.3 	0.9 	8 	0.1 	0.0 	0.1 	0.0 	0.0 	8.1 	RB32		Chicago Bears	Miami Dolphins	0 	0.0 	48 	0.3 	0.9 	8 	0.1 	0.0 	0.1 	0.0 	0.0 	8.4 	RB34		Chicago Bears	Buffalo Bills	0 	0.0 	41 	0.2 	0.9 	8 	0.1 	0.0 	0.1 	0.0 	0.0 	7.6 	RB39		Chicago Bears	Green Bay Packers	0 	0.0 	45 	0.3 	0.9 	8 	0.1 	0.0 	0.1 	0.0 	0.0 	8.0 	RB37		Chicago Bears	Detroit Lions	0 	0.0 	46 	0.3 	0.9 	8 	0.1 	0.0 	0.1 	0.0 	0.0 	8.2 	RB37		Actual	Actual	Actual	Forecast	Forecast	Forecast	Forecast	Forecast	Forecast	Forecast	Forecast	Forecast	Forecast	Forecast	Forecast	Forecast	Forecast		Healthy	Healthy	Healthy	Healthy	Healthy	Healthy	Healthy	Healthy	Healthy	Healthy	Healthy	Healthy	Healthy	Healthy	Healthy	Healthy	Healthy		Week 4 2026	10/3/2026	9:38:40 AM	9		4%	5%	30%	24%	0%	0%		(0.1)	0	0	0	0	0	(0.105069)
	Bo Nix	Denver Broncos	QB	QB18	15.4 	246 	3,509 	219.3 	22.8 	1.4 	213 	13.3 	2.7 	0.2 	0.0 	0.0 	0 	0.0 	0.0 	0.0 	11.4 	2.0 	0.0 	0.603 	0.460 	0.304 	0 	0.236 	0.000 	129 	118 	(11)	16 	15 	(1)	0.272 				-	-		-	-		-	-		-	-		5.4 	14.1 	24.1 	15.7 	15.8 	14.9 	16.4 	15.6 	15.7 	0.0 	16.0 	14.7 	16.4 	15.3 	15.6 	15.8 	14.7 		QB31	QB19	QB6	QB14	QB18	QB17	QB10	QB19	QB19	-	QB17	QB27	QB12	QB22	QB20	QB19	QB23		QB20	15.6 	223.4 	1.4 	15.2 	0.1 	0.0 	0.0 	0.0 	18 	0.654 	0.460 	0.279 	1 	0.382 	0.000 	115 	0.327 		203 		-	-		-	-		-	-		-	-		QB20	14.6 	967.9 	6.3 	65.8 	0.6 	0.0 	0.0 	0.0 	20 	0.420 	0.460 	0.253 	0 	0.107 	0.000 	#N/A	0.185 		43.7 		-	-		-	-		-	-		-	-					Denver Broncos	Kansas City Chiefs	131 	1.0 	2 	0.0 	0.0 	0 	0.0 	1.0 	1.0 	0.0 	0.0 	5.4 	QB31		Denver Broncos	Jacksonville Jaguars	288 	1.0 	6 	0.0 	0.0 	0 	0.0 	1.0 	0.0 	0.0 	0.0 	14.1 	QB19		Denver Broncos	Los Angeles Rams	186 	2.0 	7 	1.0 	0.0 	0 	0.0 	1.0 	0.0 	0.0 	2.0 	24.1 	QB6		Denver Broncos	San Francisco 49ers	229 	1.5 	14 	0.1 	0.0 	0 	0.0 	0.6 	0.1 	0.0 	0.0 	15.7 	QB14		Denver Broncos	Los Angeles Chargers	226 	1.5 	15 	0.1 	0.0 	0 	0.0 	0.6 	0.1 	0.0 	0.0 	15.8 	QB18		Denver Broncos	Seattle Seahawks	222 	1.4 	14 	0.1 	0.0 	0 	0.0 	0.6 	0.1 	0.0 	0.0 	14.9 	QB17		Denver Broncos	Arizona Cardinals	225 	1.6 	17 	0.2 	0.0 	0 	0.0 	0.6 	0.1 	0.0 	0.0 	16.4 	QB10		Denver Broncos	Kansas City Chiefs	225 	1.4 	15 	0.1 	0.0 	0 	0.0 	0.6 	0.1 	0.0 	0.0 	15.6 	QB19		Denver Broncos	Carolina Panthers	226 	1.5 	15 	0.1 	0.0 	0 	0.0 	0.6 	0.1 	0.0 	0.0 	15.7 	QB19		Denver Broncos	BYE	0 	0.0 	0 	0.0 	0.0 	0 	0.0 	0.0 	0.0 	0.0 	0.0 	0.0 	-		Denver Broncos	Las Vegas Raiders	222 	1.5 	17 	0.2 	0.0 	0 	0.0 	0.6 	0.1 	0.0 	0.0 	16.0 	QB17		Denver Broncos	Pittsburgh Steelers	217 	1.3 	14 	0.1 	0.0 	0 	0.0 	0.6 	0.1 	0.0 	0.0 	14.7 	QB27		Denver Broncos	Miami Dolphins	222 	1.6 	18 	0.2 	0.0 	0 	0.0 	0.6 	0.1 	0.0 	0.0 	16.4 	QB12		Denver Broncos	New York Jets	220 	1.4 	16 	0.1 	0.0 	0 	0.0 	0.6 	0.1 	0.0 	0.0 	15.3 	QB22		Denver Broncos	Las Vegas Raiders	221 	1.4 	16 	0.1 	0.0 	0 	0.0 	0.6 	0.1 	0.0 	0.0 	15.6 	QB20		Denver Broncos	Buffalo Bills	230 	1.5 	14 	0.1 	0.0 	0 	0.0 	0.6 	0.1 	0.0 	0.0 	15.8 	QB19		Denver Broncos	New England Patriots	220 	1.3 	14 	0.1 	0.0 	0 	0.0 	0.6 	0.1 	0.0 	0.0 	14.7 	QB23		Actual	Actual	Actual	Forecast	Forecast	Forecast	Forecast	Forecast	Forecast	Forecast	Forecast	Forecast	Forecast	Forecast	Forecast	Forecast	Forecast		Healthy	Healthy	Healthy	Healthy	Healthy	Healthy	Healthy	Healthy	Healthy	Healthy	Healthy	Healthy	Healthy	Healthy	Healthy	Healthy	Healthy		Week 4 2026	10/3/2026	9:38:40 AM	9		0%	0%	13%	14%	99%	99%		0.1 	0	0	0	0	0	0.142923 
	Luther Burden III	Chicago Bears	WR	WR38	10.6 	170 	0 	0.0 	0.0 	0.0 	28 	1.8 	0.0 	0.0 	64.4 	4.0 	739 	46.2 	5.2 	0.3 	0.0 	1.2 	0.0 	0.416 	1.000 	0.630 	0 	0.111 	0.000 	83 	51 	(32)	37 	24 	(13)	0.391 				-	-		-	-		-	-		-	-		9.5 	6.2 	19.8 	10.1 	9.9 	10.4 	10.3 	10.1 	10.6 	0.0 	10.2 	10.6 	10.4 	10.3 	10.7 	10.3 	10.5 		WR35	WR54	WR13	WR43	WR44	WR35	WR38	WR40	WR38	-	WR35	WR40	WR38	WR39	WR38	WR44	WR43		WR41	10.3 	0.0 	0.0 	1.5 	0.0 	3.8 	44.9 	0.3 	41 	0.434 	1.000 	0.590 	0 	0.115 	0.000 	95 	0.377 		134 		-	-		-	-		-	-		-	-		WR27	11.8 	0.0 	0.0 	6.4 	0.0 	16.5 	194.4 	1.4 	27 	0.341 	1.000 	0.730 	1 	0.136 	0.000 	#N/A	0.434 		35.5 		-	-		-	-		-	-		-	-					Chicago Bears	Carolina Panthers	0 	0.0 	2 	0.0 	5.0 	63 	0.0 	0.0 	1.0 	0.0 	0.0 	9.5 	WR35		Chicago Bears	Minnesota Vikings	0 	0.0 	0 	0.0 	3.0 	32 	0.0 	0.0 	0.0 	0.0 	0.0 	6.2 	WR54		Chicago Bears	Philadelphia Eagles	0 	0.0 	7 	0.0 	7.0 	61 	1.0 	0.0 	0.0 	0.0 	0.0 	19.8 	WR13		Chicago Bears	New York Jets	0 	0.0 	1 	0.0 	3.7 	44 	0.3 	0.0 	0.0 	0.0 	0.0 	10.1 	WR43		Chicago Bears	Green Bay Packers	0 	0.0 	1 	0.0 	3.7 	44 	0.3 	0.0 	0.0 	0.0 	0.0 	9.9 	WR44		Chicago Bears	Atlanta Falcons	0 	0.0 	2 	0.0 	3.8 	45 	0.3 	0.0 	0.0 	0.0 	0.0 	10.4 	WR35		Chicago Bears	New England Patriots	0 	0.0 	1 	0.0 	3.8 	45 	0.3 	0.0 	0.0 	0.0 	0.0 	10.3 	WR38		Chicago Bears	Seattle Seahawks	0 	0.0 	1 	0.0 	3.8 	45 	0.3 	0.0 	0.0 	0.0 	0.0 	10.1 	WR40		Chicago Bears	Tampa Bay Buccaneers	0 	0.0 	2 	0.0 	3.9 	46 	0.3 	0.0 	0.0 	0.0 	0.0 	10.6 	WR38		Chicago Bears	BYE	0 	0.0 	0 	0.0 	0.0 	0 	0.0 	0.0 	0.0 	0.0 	0.0 	0.0 	-		Chicago Bears	New Orleans Saints	0 	0.0 	2 	0.0 	3.7 	44 	0.3 	0.0 	0.0 	0.0 	0.0 	10.2 	WR35		Chicago Bears	Detroit Lions	0 	0.0 	1 	0.0 	3.9 	46 	0.3 	0.0 	0.0 	0.0 	0.0 	10.6 	WR40		Chicago Bears	Jacksonville Jaguars	0 	0.0 	2 	0.0 	3.8 	45 	0.3 	0.0 	0.0 	0.0 	0.0 	10.4 	WR38		Chicago Bears	Miami Dolphins	0 	0.0 	2 	0.0 	3.8 	44 	0.3 	0.0 	0.0 	0.0 	0.0 	10.3 	WR39		Chicago Bears	Buffalo Bills	0 	0.0 	1 	0.0 	3.9 	47 	0.3 	0.0 	0.0 	0.0 	0.0 	10.7 	WR38		Chicago Bears	Green Bay Packers	0 	0.0 	1 	0.0 	3.8 	45 	0.3 	0.0 	0.0 	0.0 	0.0 	10.3 	WR44		Chicago Bears	Detroit Lions	0 	0.0 	2 	0.0 	3.8 	45 	0.3 	0.0 	0.0 	0.0 	0.0 	10.5 	WR43		Actual	Actual	Actual	Forecast	Forecast	Forecast	Forecast	Forecast	Forecast	Forecast	Forecast	Forecast	Forecast	Forecast	Forecast	Forecast	Forecast		Healthy	Healthy	Healthy	Healthy	Healthy	Healthy	Healthy	Healthy	Healthy	Healthy	Healthy	Healthy	Healthy	Healthy	Healthy	Healthy	Healthy		Week 4 2026	10/3/2026	9:38:40 AM	9		22%	21%	1%	0%	0%	0%		(0.1)	0	0	0	0	0	(0.057400)
	Michael Pittman Jr.	Pittsburgh Steelers	WR	WR52	9.4 	141 	0 	0.0 	0.0 	0.0 	0 	0.0 	0.0 	0.0 	54.3 	3.6 	631 	42.1 	4.0 	0.3 	0.0 	0.1 	0.0 	0.346 	1.000 	0.480 	0 	0.036 	0.000 	125 	95 	(30)	52 	39 	(13)	0.282 							-	-		-	-		-	-		8.8 	0.0 	3.6 	9.6 	10.3 	10.1 	10.0 	9.6 	0.0 	10.4 	9.8 	9.5 	9.7 	9.9 	10.1 	10.0 	9.9 		WR41	-	WR70	WR46	WR39	WR37	WR42	WR43	-	WR37	WR39	WR49	WR46	WR43	WR44	WR47	WR47		WR46	9.9 	0.0 	0.0 	0.0 	0.0 	3.8 	42.9 	0.3 	45 	0.416 	1.000 	0.550 	0 	0.084 	0.000 	109 	0.344 		129 		-	-		-	-		-	-		-	-		WR87	6.2 	0.0 	0.0 	0.0 	0.0 	24.7 	278.7 	2.0 	87 	0.119 	1.000 	0.130 	(1)	0.000 	0.000 	#N/A	0.076 		12.4 		-	-		-	-		-	-		-	-					Pittsburgh Steelers	Atlanta Falcons	0 	0.0 	0 	0.0 	3.0 	58 	0.0 	0.0 	0.0 	0.0 	0.0 	8.8 	WR41		Pittsburgh Steelers	New England Patriots	0 	0.0 	0 	0.0 	0.0 	0 	0.0 	0.0 	0.0 	0.0 	0.0 	0.0 	-		Pittsburgh Steelers	Cincinnati Bengals	0 	0.0 	0 	0.0 	2.0 	16 	0.0 	0.0 	0.0 	0.0 	0.0 	3.6 	WR70		Pittsburgh Steelers	Cleveland Browns	0 	0.0 	0 	0.0 	3.7 	42 	0.3 	0.0 	0.0 	0.0 	0.0 	9.6 	WR46		Pittsburgh Steelers	Indianapolis Colts	0 	0.0 	0 	0.0 	3.9 	44 	0.3 	0.0 	0.0 	0.0 	0.0 	10.3 	WR39		Pittsburgh Steelers	Tampa Bay Buccaneers	0 	0.0 	0 	0.0 	3.9 	44 	0.3 	0.0 	0.0 	0.0 	0.0 	10.1 	WR37		Pittsburgh Steelers	New Orleans Saints	0 	0.0 	0 	0.0 	3.8 	43 	0.3 	0.0 	0.0 	0.0 	0.0 	10.0 	WR42		Pittsburgh Steelers	Cleveland Browns	0 	0.0 	0 	0.0 	3.7 	41 	0.3 	0.0 	0.0 	0.0 	0.0 	9.6 	WR43		Pittsburgh Steelers	BYE	0 	0.0 	0 	0.0 	0.0 	0 	0.0 	0.0 	0.0 	0.0 	0.0 	0.0 	-		Pittsburgh Steelers	Cincinnati Bengals	0 	0.0 	0 	0.0 	4.0 	45 	0.3 	0.0 	0.0 	0.0 	0.0 	10.4 	WR37		Pittsburgh Steelers	Philadelphia Eagles	0 	0.0 	0 	0.0 	3.8 	43 	0.3 	0.0 	0.0 	0.0 	0.0 	9.8 	WR39		Pittsburgh Steelers	Denver Broncos	0 	0.0 	0 	0.0 	3.7 	42 	0.3 	0.0 	0.0 	0.0 	0.0 	9.5 	WR49		Pittsburgh Steelers	Houston Texans	0 	0.0 	0 	0.0 	3.7 	42 	0.3 	0.0 	0.0 	0.0 	0.0 	9.7 	WR46		Pittsburgh Steelers	Jacksonville Jaguars	0 	0.0 	0 	0.0 	3.8 	43 	0.3 	0.0 	0.0 	0.0 	0.0 	9.9 	WR43		Pittsburgh Steelers	Baltimore Ravens	0 	0.0 	0 	0.0 	3.9 	44 	0.3 	0.0 	0.0 	0.0 	0.0 	10.1 	WR44		Pittsburgh Steelers	Carolina Panthers	0 	0.0 	0 	0.0 	3.8 	43 	0.3 	0.0 	0.0 	0.0 	0.0 	10.0 	WR47		Pittsburgh Steelers	Tennessee Titans	0 	0.0 	0 	0.0 	3.8 	43 	0.3 	0.0 	0.0 	0.0 	0.0 	9.9 	WR47		Actual	Actual	Actual	Forecast	Forecast	Forecast	Forecast	Forecast	Forecast	Forecast	Forecast	Forecast	Forecast	Forecast	Forecast	Forecast	Forecast		Healthy	Injured	Healthy	Healthy	Healthy	Healthy	Healthy	Healthy	Healthy	Healthy	Healthy	Healthy	Healthy	Healthy	Healthy	Healthy	Healthy		Week 4 2026	10/3/2026	9:38:40 AM	9		19%	20%	0%	0%	0%	0%		0.3 	0	1	0	0	0	
	RJ Harvey	Denver Broncos	RB	RB31	9.5 	142 	0 	0.0 	0.0 	0.0 	297 	19.8 	2.7 	0.2 	48.6 	3.2 	357 	23.8 	2.3 	0.2 	0.0 	0.8 	0.0 	0.349 	1.000 	0.644 	0 	0.046 	0.000 	93 	86 	(7)	30 	32 	2 	0.361 				-	-		-	-		-	-		-	-		8.1 	0.0 	10.7 	9.4 	9.6 	9.0 	10.1 	9.5 	9.5 	0.0 	9.9 	9.0 	10.2 	9.5 	9.6 	9.5 	8.9 		RB34	-	RB24	RB27	RB28	RB28	RB25	RB27	RB29	-	RB24	RB34	RB26	RB27	RB32	RB30	RB31		RB30	9.5 	0.0 	0.0 	21.0 	0.2 	3.0 	22.6 	0.2 	29 	0.399 	1.000 	0.657 	0 	0.061 	0.000 	94 	0.380 		124 		-	-		-	-		-	-		-	-		RB36	9.4 	0.0 	0.0 	136.7 	1.3 	19.3 	146.7 	1.1 	36 	0.181 	1.000 	0.569 	(0)	0.000 	0.000 	#N/A	0.283 		18.8 		-	-		-	-		-	-		-	-					Denver Broncos	Kansas City Chiefs	0 	0.0 	18 	0.0 	4.0 	23 	0.0 	0.0 	0.0 	0.0 	0.0 	8.1 	RB34		Denver Broncos	Jacksonville Jaguars	0 	0.0 	0 	0.0 	0.0 	0 	0.0 	0.0 	0.0 	0.0 	0.0 	0.0 	-		Denver Broncos	Los Angeles Rams	0 	0.0 	6 	0.0 	6.0 	41 	0.0 	0.0 	0.0 	0.0 	0.0 	10.7 	RB24		Denver Broncos	San Francisco 49ers	0 	0.0 	20 	0.2 	3.0 	23 	0.2 	0.0 	0.1 	0.0 	0.0 	9.4 	RB27		Denver Broncos	Los Angeles Chargers	0 	0.0 	21 	0.2 	3.0 	23 	0.2 	0.0 	0.1 	0.0 	0.0 	9.6 	RB28		Denver Broncos	Seattle Seahawks	0 	0.0 	19 	0.2 	3.0 	22 	0.2 	0.0 	0.1 	0.0 	0.0 	9.0 	RB28		Denver Broncos	Arizona Cardinals	0 	0.0 	24 	0.2 	3.0 	23 	0.2 	0.0 	0.1 	0.0 	0.0 	10.1 	RB25		Denver Broncos	Kansas City Chiefs	0 	0.0 	21 	0.2 	3.0 	23 	0.2 	0.0 	0.1 	0.0 	0.0 	9.5 	RB27		Denver Broncos	Carolina Panthers	0 	0.0 	21 	0.2 	3.0 	23 	0.2 	0.0 	0.1 	0.0 	0.0 	9.5 	RB29		Denver Broncos	BYE	0 	0.0 	0 	0.0 	0.0 	0 	0.0 	0.0 	0.0 	0.0 	0.0 	0.0 	-		Denver Broncos	Las Vegas Raiders	0 	0.0 	23 	0.2 	2.9 	22 	0.2 	0.0 	0.1 	0.0 	0.0 	9.9 	RB24		Denver Broncos	Pittsburgh Steelers	0 	0.0 	20 	0.2 	2.9 	22 	0.2 	0.0 	0.1 	0.0 	0.0 	9.0 	RB34		Denver Broncos	Miami Dolphins	0 	0.0 	25 	0.3 	2.9 	22 	0.2 	0.0 	0.1 	0.0 	0.0 	10.2 	RB26		Denver Broncos	New York Jets	0 	0.0 	21 	0.2 	2.9 	22 	0.2 	0.0 	0.1 	0.0 	0.0 	9.5 	RB27		Denver Broncos	Las Vegas Raiders	0 	0.0 	22 	0.2 	2.9 	22 	0.2 	0.0 	0.1 	0.0 	0.0 	9.6 	RB32		Denver Broncos	Buffalo Bills	0 	0.0 	20 	0.2 	3.1 	23 	0.2 	0.0 	0.1 	0.0 	0.0 	9.5 	RB30		Denver Broncos	New England Patriots	0 	0.0 	19 	0.2 	2.9 	22 	0.2 	0.0 	0.1 	0.0 	0.0 	8.9 	RB31		Actual	Actual	Actual	Forecast	Forecast	Forecast	Forecast	Forecast	Forecast	Forecast	Forecast	Forecast	Forecast	Forecast	Forecast	Forecast	Forecast		Healthy	Healthy	Injured	Healthy	Healthy	Healthy	Healthy	Healthy	Healthy	Healthy	Healthy	Healthy	Healthy	Healthy	Healthy	Healthy	Healthy		Week 4 2026	10/3/2026	9:38:40 AM	9		10%	12%	18%	22%	0%	0%		0.1 	0	0	1	0	0	
	T.J. Hockenson	Minnesota Vikings	TE	TE18	8.9 	142 	0 	0.0 	0.0 	0.0 	0 	0.0 	0.0 	0.0 	62.5 	3.9 	536 	33.5 	4.4 	0.3 	0.0 	0.1 	0.0 	0.349 	0.560 	0.422 	0 	0.127 	0.000 	126 	167 	41 	17 	19 	2 	0.278 				-	-		-	-		-	-		-	-		13.6 	5.9 	3.1 	9.8 	9.2 	0.0 	9.4 	9.2 	9.3 	9.0 	9.2 	9.1 	9.1 	8.8 	9.2 	9.4 	8.8 		TE9	TE21	TE27	TE12	TE13	-	TE14	TE12	TE16	TE17	TE15	TE17	TE13	TE17	TE17	TE15	TE20		TE18	9.2 	0.0 	0.0 	0.0 	0.0 	4.1 	35.4 	0.3 	17 	0.387 	0.560 	0.422 	0 	0.179 	0.000 	122 	0.308 		120 		-	-		-	-		-	-		-	-		TE23	7.5 	0.0 	0.0 	0.0 	0.0 	17.8 	153.4 	1.1 	23 	0.217 	0.560 	0.366 	0 	0.001 	0.000 	#N/A	0.180 		22.6 		-	-		-	-		-	-		-	-					Minnesota Vikings	Green Bay Packers	0 	0.0 	0 	0.0 	4.0 	36 	1.0 	0.0 	0.0 	0.0 	0.0 	13.6 	TE9		Minnesota Vikings	Chicago Bears	0 	0.0 	0 	0.0 	3.0 	29 	0.0 	0.0 	0.0 	0.0 	0.0 	5.9 	TE21		Minnesota Vikings	Tampa Bay Buccaneers	0 	0.0 	0 	0.0 	2.0 	11 	0.0 	0.0 	0.0 	0.0 	0.0 	3.1 	TE27		Minnesota Vikings	Miami Dolphins	0 	0.0 	0 	0.0 	4.4 	37 	0.3 	0.0 	0.0 	0.0 	0.0 	9.8 	TE12		Minnesota Vikings	New Orleans Saints	0 	0.0 	0 	0.0 	4.1 	35 	0.3 	0.0 	0.0 	0.0 	0.0 	9.2 	TE13		Minnesota Vikings	BYE	0 	0.0 	0 	0.0 	0.0 	0 	0.0 	0.0 	0.0 	0.0 	0.0 	0.0 	-		Minnesota Vikings	Indianapolis Colts	0 	0.0 	0 	0.0 	4.2 	36 	0.3 	0.0 	0.0 	0.0 	0.0 	9.4 	TE14		Minnesota Vikings	Detroit Lions	0 	0.0 	0 	0.0 	4.2 	36 	0.3 	0.0 	0.0 	0.0 	0.0 	9.2 	TE12		Minnesota Vikings	Buffalo Bills	0 	0.0 	0 	0.0 	4.1 	36 	0.3 	0.0 	0.0 	0.0 	0.0 	9.3 	TE16		Minnesota Vikings	Green Bay Packers	0 	0.0 	0 	0.0 	4.1 	35 	0.2 	0.0 	0.0 	0.0 	0.0 	9.0 	TE17		Minnesota Vikings	San Francisco 49ers	0 	0.0 	0 	0.0 	4.2 	36 	0.3 	0.0 	0.0 	0.0 	0.0 	9.2 	TE15		Minnesota Vikings	Atlanta Falcons	0 	0.0 	0 	0.0 	4.0 	35 	0.3 	0.0 	0.0 	0.0 	0.0 	9.1 	TE17		Minnesota Vikings	Carolina Panthers	0 	0.0 	0 	0.0 	4.1 	35 	0.3 	0.0 	0.0 	0.0 	0.0 	9.1 	TE13		Minnesota Vikings	New England Patriots	0 	0.0 	0 	0.0 	4.0 	34 	0.2 	0.0 	0.0 	0.0 	0.0 	8.8 	TE17		Minnesota Vikings	Detroit Lions	0 	0.0 	0 	0.0 	4.1 	35 	0.3 	0.0 	0.0 	0.0 	0.0 	9.2 	TE17		Minnesota Vikings	Washington Commanders	0 	0.0 	0 	0.0 	4.2 	36 	0.3 	0.0 	0.0 	0.0 	0.0 	9.4 	TE15		Minnesota Vikings	New York Jets	0 	0.0 	0 	0.0 	4.0 	34 	0.2 	0.0 	0.0 	0.0 	0.0 	8.8 	TE20		Actual	Actual	Actual	Forecast	Forecast	Forecast	Forecast	Forecast	Forecast	Forecast	Forecast	Forecast	Forecast	Forecast	Forecast	Forecast	Forecast		Healthy	Healthy	Healthy	Healthy	Healthy	Healthy	Healthy	Healthy	Healthy	Healthy	Healthy	Healthy	Healthy	Healthy	Healthy	Healthy	Healthy		Week 4 2026	10/3/2026	9:38:40 AM	9		16%	17%	0%	0%	0%	0%		0.1 	0	0	0	0	0	0.127969 
	Jake Ferguson	Dallas Cowboys	TE	TE16	9.5 	153 	0 	0.0 	0.0 	0.0 	0 	0.0 	0.0 	0.0 	58.3 	3.6 	472 	29.5 	8.2 	0.5 	0.0 	1.1 	0.0 	0.374 	0.560 	0.450 	0 	0.187 	0.000 	110 	114 	4 	14 	13 	(1)	0.320 				-	-		-	-		-	-		-	-		2.6 	20.3 	9.3 	8.9 	9.2 	9.2 	8.9 	9.3 	9.6 	9.6 	9.2 	9.3 	8.9 	0.0 	9.4 	9.6 	9.4 		TE32	TE4	TE14	TE17	TE12	TE13	TE19	TE11	TE13	TE13	TE14	TE14	TE15	-	TE14	TE14	TE15		TE14	9.3 	0.0 	0.0 	0.0 	0.0 	3.8 	30.7 	0.4 	13 	0.389 	0.560 	0.458 	0 	0.184 	0.000 	116 	0.324 		120 		-	-		-	-		-	-		-	-		TE14	10.7 	0.0 	0.0 	0.0 	0.0 	16.4 	133.2 	1.7 	14 	0.309 	0.560 	0.450 	1 	0.264 	0.000 	#N/A	0.345 		32.2 		-	-		-	-		-	-		-	-					Dallas Cowboys	New York Giants	0 	0.0 	0 	0.0 	2.0 	6 	0.0 	0.0 	0.0 	0.0 	0.0 	2.6 	TE32		Dallas Cowboys	Washington Commanders	0 	0.0 	0 	0.0 	4.0 	43 	2.0 	0.0 	0.0 	0.0 	0.0 	20.3 	TE4		Dallas Cowboys	Baltimore Ravens	0 	0.0 	0 	0.0 	3.0 	23 	1.0 	0.0 	1.0 	0.0 	0.0 	9.3 	TE14		Dallas Cowboys	Houston Texans	0 	0.0 	0 	0.0 	3.7 	30 	0.4 	0.0 	0.0 	0.0 	0.0 	8.9 	TE17		Dallas Cowboys	Tampa Bay Buccaneers	0 	0.0 	0 	0.0 	3.7 	30 	0.4 	0.0 	0.0 	0.0 	0.0 	9.2 	TE12		Dallas Cowboys	Green Bay Packers	0 	0.0 	0 	0.0 	3.8 	31 	0.4 	0.0 	0.0 	0.0 	0.0 	9.2 	TE13		Dallas Cowboys	Philadelphia Eagles	0 	0.0 	0 	0.0 	3.7 	30 	0.4 	0.0 	0.0 	0.0 	0.0 	8.9 	TE19		Dallas Cowboys	Arizona Cardinals	0 	0.0 	0 	0.0 	3.8 	30 	0.4 	0.0 	0.0 	0.0 	0.0 	9.3 	TE11		Dallas Cowboys	Indianapolis Colts	0 	0.0 	0 	0.0 	3.9 	31 	0.4 	0.0 	0.0 	0.0 	0.0 	9.6 	TE13		Dallas Cowboys	San Francisco 49ers	0 	0.0 	0 	0.0 	3.9 	31 	0.4 	0.0 	0.0 	0.0 	0.0 	9.6 	TE13		Dallas Cowboys	Tennessee Titans	0 	0.0 	0 	0.0 	3.8 	30 	0.4 	0.0 	0.0 	0.0 	0.0 	9.2 	TE14		Dallas Cowboys	Philadelphia Eagles	0 	0.0 	0 	0.0 	3.8 	31 	0.4 	0.0 	0.0 	0.0 	0.0 	9.3 	TE14		Dallas Cowboys	Seattle Seahawks	0 	0.0 	0 	0.0 	3.7 	30 	0.4 	0.0 	0.0 	0.0 	0.0 	8.9 	TE15		Dallas Cowboys	BYE	0 	0.0 	0 	0.0 	0.0 	0 	0.0 	0.0 	0.0 	0.0 	0.0 	0.0 	-		Dallas Cowboys	Los Angeles Rams	0 	0.0 	0 	0.0 	3.9 	32 	0.4 	0.0 	0.0 	0.0 	0.0 	9.4 	TE14		Dallas Cowboys	Jacksonville Jaguars	0 	0.0 	0 	0.0 	3.9 	32 	0.4 	0.0 	0.0 	0.0 	0.0 	9.6 	TE14		Dallas Cowboys	New York Giants	0 	0.0 	0 	0.0 	3.8 	31 	0.4 	0.0 	0.0 	0.0 	0.0 	9.4 	TE15		Actual	Actual	Actual	Forecast	Forecast	Forecast	Forecast	Forecast	Forecast	Forecast	Forecast	Forecast	Forecast	Forecast	Forecast	Forecast	Forecast		Healthy	Healthy	Healthy	Healthy	Healthy	Healthy	Healthy	Healthy	Healthy	Healthy	Healthy	Healthy	Healthy	Healthy	Healthy	Healthy	Healthy		Week 4 2026	10/3/2026	9:38:40 AM	9		12%	22%	0%	0%	0%	0%		(0.0)	0	0	0	0	0	(0.020588)
	Blake Corum	Los Angeles Rams	RB	RB37	7.6 	122 	0 	0.0 	0.0 	0.0 	870 	54.4 	3.9 	0.2 	9.6 	0.6 	43 	2.7 	0.3 	0.0 	0.0 	1.7 	0.0 	0.300 	1.000 	0.569 	(0)	0.000 	0.000 	117 	100 	(17)	36 	37 	1 	0.301 				-	-		-	-		-	-		-	-		5.4 	10.2 	3.5 	7.0 	7.7 	9.2 	8.3 	7.5 	8.1 	8.9 	0.0 	7.9 	7.8 	7.5 	8.6 	6.7 	7.9 		RB41	RB23	RB46	RB37	RB35	RB27	RB30	RB33	RB35	RB30	-	RB39	RB34	RB37	RB35	RB42	RB38		RB38	7.9 	0.0 	0.0 	55.5 	0.3 	0.5 	2.3 	0.0 	37 	0.333 	1.000 	0.557 	(0)	0.000 	0.000 	125 	0.300 		103 		-	-		-	-		-	-		-	-		RB35	6.4 	0.0 	0.0 	240.6 	1.3 	2.2 	10.0 	0.1 	35 	0.184 	1.000 	0.582 	(0)	0.000 	0.000 	#N/A	0.289 		19.1 		-	-		-	-		-	-		-	-					Los Angeles Rams	San Francisco 49ers	0 	0.0 	54 	0.0 	0.0 	0 	0.0 	0.0 	0.0 	0.0 	0.0 	5.4 	RB41		Los Angeles Rams	New York Giants	0 	0.0 	79 	0.0 	1.0 	13 	0.0 	0.0 	0.0 	0.0 	0.0 	10.2 	RB23		Los Angeles Rams	Denver Broncos	0 	0.0 	15 	0.0 	2.0 	0 	0.0 	0.0 	0.0 	0.0 	0.0 	3.5 	RB46		Los Angeles Rams	Philadelphia Eagles	0 	0.0 	50 	0.2 	0.5 	2 	0.0 	0.0 	0.1 	0.0 	0.0 	7.0 	RB37		Los Angeles Rams	Buffalo Bills	0 	0.0 	54 	0.3 	0.5 	2 	0.0 	0.0 	0.1 	0.0 	0.0 	7.7 	RB35		Los Angeles Rams	Arizona Cardinals	0 	0.0 	63 	0.4 	0.5 	2 	0.0 	0.0 	0.1 	0.0 	0.0 	9.2 	RB27		Los Angeles Rams	Las Vegas Raiders	0 	0.0 	58 	0.3 	0.5 	2 	0.0 	0.0 	0.1 	0.0 	0.0 	8.3 	RB30		Los Angeles Rams	Los Angeles Chargers	0 	0.0 	53 	0.3 	0.5 	2 	0.0 	0.0 	0.1 	0.0 	0.0 	7.5 	RB33		Los Angeles Rams	Washington Commanders	0 	0.0 	56 	0.3 	0.5 	2 	0.0 	0.0 	0.1 	0.0 	0.0 	8.1 	RB35		Los Angeles Rams	Arizona Cardinals	0 	0.0 	62 	0.4 	0.5 	2 	0.0 	0.0 	0.1 	0.0 	0.0 	8.9 	RB30		Los Angeles Rams	BYE	0 	0.0 	0 	0.0 	0.0 	0 	0.0 	0.0 	0.0 	0.0 	0.0 	0.0 	-		Los Angeles Rams	Green Bay Packers	0 	0.0 	55 	0.3 	0.5 	2 	0.0 	0.0 	0.1 	0.0 	0.0 	7.9 	RB39		Los Angeles Rams	Kansas City Chiefs	0 	0.0 	55 	0.3 	0.5 	2 	0.0 	0.0 	0.1 	0.0 	0.0 	7.8 	RB34		Los Angeles Rams	San Francisco 49ers	0 	0.0 	53 	0.3 	0.5 	2 	0.0 	0.0 	0.1 	0.0 	0.0 	7.5 	RB37		Los Angeles Rams	Dallas Cowboys	0 	0.0 	60 	0.3 	0.5 	2 	0.0 	0.0 	0.1 	0.0 	0.0 	8.6 	RB35		Los Angeles Rams	Seattle Seahawks	0 	0.0 	48 	0.2 	0.5 	2 	0.0 	0.0 	0.1 	0.0 	0.0 	6.7 	RB42		Los Angeles Rams	Tampa Bay Buccaneers	0 	0.0 	55 	0.3 	0.5 	2 	0.0 	0.0 	0.1 	0.0 	0.0 	7.9 	RB38		Actual	Actual	Actual	Forecast	Forecast	Forecast	Forecast	Forecast	Forecast	Forecast	Forecast	Forecast	Forecast	Forecast	Forecast	Forecast	Forecast		Healthy	Healthy	Healthy	Healthy	Healthy	Healthy	Healthy	Healthy	Healthy	Healthy	Healthy	Healthy	Healthy	Healthy	Healthy	Healthy	Healthy		Week 4 2026	10/3/2026	9:38:40 AM	9		1%	1%	41%	36%	0%	0%		0.0 	0	0	0	0	0	0.011105 
	Mike Gesicki	Cincinnati Bengals	TE	TE14	9.8 	147 	0 	0.0 	0.0 	0.0 	0 	0.0 	0.0 	0.0 	49.2 	3.3 	630 	42.0 	5.9 	0.4 	0.0 	0.1 	0.0 	0.361 	0.560 	0.441 	1 	0.213 	0.000 	106 	370 	264 	15 	46 	31 	0.326 				-	-		-	-		-	-		-	-		18.8 	0.0 	12.7 	9.1 	8.7 	0.0 	8.9 	8.9 	9.0 	8.8 	9.1 	8.8 	8.6 	8.8 	8.8 	9.1 	9.1 		TE4	-	TE9	TE15	TE17	-	TE18	TE16	TE18	TE18	TE17	TE20	TE16	TE18	TE20	TE17	TE16		TE20	8.9 	0.0 	0.0 	0.0 	0.0 	3.2 	39.6 	0.3 	19 	0.374 	0.560 	0.404 	0 	0.150 	0.000 	133 	0.285 		116 		-	-		-	-		-	-		-	-		TE15	15.8 	0.0 	0.0 	0.0 	0.0 	20.6 	257.4 	1.9 	15 	0.303 	0.560 	0.441 	1 	0.245 	0.000 	#N/A	0.332 		31.5 		-	-		-	-		-	-		-	-					Cincinnati Bengals	Tampa Bay Buccaneers	0 	0.0 	0 	0.0 	5.0 	78 	1.0 	0.0 	0.0 	0.0 	0.0 	18.8 	TE4		Cincinnati Bengals	Houston Texans	0 	0.0 	0 	0.0 	0.0 	0 	0.0 	0.0 	0.0 	0.0 	0.0 	0.0 	-		Cincinnati Bengals	Pittsburgh Steelers	0 	0.0 	0 	0.0 	3.0 	37 	1.0 	0.0 	0.0 	0.0 	0.0 	12.7 	TE9		Cincinnati Bengals	Jacksonville Jaguars	0 	0.0 	0 	0.0 	3.2 	40 	0.3 	0.0 	0.0 	0.0 	0.0 	9.1 	TE15		Cincinnati Bengals	Miami Dolphins	0 	0.0 	0 	0.0 	3.1 	38 	0.3 	0.0 	0.0 	0.0 	0.0 	8.7 	TE17		Cincinnati Bengals	BYE	0 	0.0 	0 	0.0 	0.0 	0 	0.0 	0.0 	0.0 	0.0 	0.0 	0.0 	-		Cincinnati Bengals	Baltimore Ravens	0 	0.0 	0 	0.0 	3.2 	40 	0.3 	0.0 	0.0 	0.0 	0.0 	8.9 	TE18		Cincinnati Bengals	Tennessee Titans	0 	0.0 	0 	0.0 	3.2 	39 	0.3 	0.0 	0.0 	0.0 	0.0 	8.9 	TE16		Cincinnati Bengals	Atlanta Falcons	0 	0.0 	0 	0.0 	3.2 	40 	0.3 	0.0 	0.0 	0.0 	0.0 	9.0 	TE18		Cincinnati Bengals	Pittsburgh Steelers	0 	0.0 	0 	0.0 	3.2 	39 	0.3 	0.0 	0.0 	0.0 	0.0 	8.8 	TE18		Cincinnati Bengals	Washington Commanders	0 	0.0 	0 	0.0 	3.2 	40 	0.3 	0.0 	0.0 	0.0 	0.0 	9.1 	TE17		Cincinnati Bengals	New Orleans Saints	0 	0.0 	0 	0.0 	3.1 	39 	0.3 	0.0 	0.0 	0.0 	0.0 	8.8 	TE20		Cincinnati Bengals	Cleveland Browns	0 	0.0 	0 	0.0 	3.1 	38 	0.3 	0.0 	0.0 	0.0 	0.0 	8.6 	TE16		Cincinnati Bengals	Kansas City Chiefs	0 	0.0 	0 	0.0 	3.1 	39 	0.3 	0.0 	0.0 	0.0 	0.0 	8.8 	TE18		Cincinnati Bengals	Carolina Panthers	0 	0.0 	0 	0.0 	3.1 	39 	0.3 	0.0 	0.0 	0.0 	0.0 	8.8 	TE20		Cincinnati Bengals	Indianapolis Colts	0 	0.0 	0 	0.0 	3.2 	40 	0.3 	0.0 	0.0 	0.0 	0.0 	9.1 	TE17		Cincinnati Bengals	Baltimore Ravens	0 	0.0 	0 	0.0 	3.2 	40 	0.3 	0.0 	0.0 	0.0 	0.0 	9.1 	TE16		Actual	Actual	Actual	Forecast	Forecast	Forecast	Forecast	Forecast	Forecast	Forecast	Forecast	Forecast	Forecast	Forecast	Forecast	Forecast	Forecast		Healthy	Healthy	Healthy	Healthy	Healthy	Healthy	Healthy	Healthy	Healthy	Healthy	Healthy	Healthy	Healthy	Healthy	Healthy	Healthy	Healthy		Week 4 2026	10/3/2026	9:38:40 AM	9		15%	14%	0%	0%	0%	0%		(0.0)	0	0	0	0	0	(0.046548)
	Deshaun Watson	Cleveland Browns	QB	QB15	15.7 	252 	3,472 	217.0 	22.4 	1.4 	342 	21.4 	1.3 	0.1 	0.0 	0.0 	0 	0.0 	0.0 	0.0 	9.4 	1.0 	0.0 	0.617 	0.460 	0.329 	0 	0.269 	0.000 	118 	402 	284 	14 	54 	40 	0.301 																14.0 	19.7 	20.3 	14.7 	14.9 	15.6 	15.2 	14.4 	15.4 	14.4 	0.0 	15.7 	16.1 	16.0 	14.9 	14.6 	15.9 		QB20	QB12	QB14	QB21	QB20	QB14	QB19	QB23	QB23	QB23	-	QB19	QB15	QB17	QB24	QB24	QB15		QB21	15.2 	221.9 	1.3 	18.2 	0.1 	0.0 	0.0 	0.0 	20 	0.638 	0.460 	0.253 	0 	0.344 	0.000 	127 	0.296 		198 		-	-		-	-		-	-		-	-		QB10	18.0 	961.7 	5.8 	79.1 	0.4 	0.0 	0.0 	0.0 	10 	0.519 	0.460 	0.374 	1 	0.290 	0.000 	#N/A	0.335 		54.0 		-	-		-	-		-	-		-	-					Cleveland Browns	Jacksonville Jaguars	205 	1.0 	38 	0.0 	0.0 	0 	0.0 	1.0 	0.0 	0.0 	0.0 	14.0 	QB20		Cleveland Browns	Tampa Bay Buccaneers	238 	2.0 	22 	0.0 	0.0 	0 	0.0 	0.0 	0.0 	0.0 	0.0 	19.7 	QB12		Cleveland Browns	Carolina Panthers	144 	2.0 	45 	0.0 	0.0 	0 	0.0 	0.0 	0.0 	0.0 	1.0 	20.3 	QB14		Cleveland Browns	Pittsburgh Steelers	216 	1.3 	19 	0.1 	0.0 	0 	0.0 	0.6 	0.1 	0.0 	0.0 	14.7 	QB21		Cleveland Browns	New York Jets	218 	1.3 	19 	0.1 	0.0 	0 	0.0 	0.6 	0.1 	0.0 	0.0 	14.9 	QB20		Cleveland Browns	Baltimore Ravens	229 	1.4 	17 	0.1 	0.0 	0 	0.0 	0.6 	0.1 	0.0 	0.0 	15.6 	QB14		Cleveland Browns	Tennessee Titans	219 	1.3 	19 	0.1 	0.0 	0 	0.0 	0.6 	0.1 	0.0 	0.0 	15.2 	QB19		Cleveland Browns	Pittsburgh Steelers	220 	1.2 	16 	0.1 	0.0 	0 	0.0 	0.6 	0.1 	0.0 	0.0 	14.4 	QB23		Cleveland Browns	New Orleans Saints	224 	1.4 	18 	0.1 	0.0 	0 	0.0 	0.6 	0.1 	0.0 	0.0 	15.4 	QB23		Cleveland Browns	Houston Texans	216 	1.2 	17 	0.1 	0.0 	0 	0.0 	0.6 	0.1 	0.0 	0.0 	14.4 	QB23		Cleveland Browns	BYE	0 	0.0 	0 	0.0 	0.0 	0 	0.0 	0.0 	0.0 	0.0 	0.0 	0.0 	-		Cleveland Browns	Las Vegas Raiders	220 	1.4 	20 	0.1 	0.0 	0 	0.0 	0.6 	0.1 	0.0 	0.0 	15.7 	QB19		Cleveland Browns	Cincinnati Bengals	230 	1.5 	18 	0.1 	0.0 	0 	0.0 	0.6 	0.1 	0.0 	0.0 	16.1 	QB15		Cleveland Browns	Atlanta Falcons	222 	1.4 	21 	0.1 	0.0 	0 	0.0 	0.6 	0.1 	0.0 	0.0 	16.0 	QB17		Cleveland Browns	New York Giants	220 	1.3 	18 	0.1 	0.0 	0 	0.0 	0.6 	0.1 	0.0 	0.0 	14.9 	QB24		Cleveland Browns	Baltimore Ravens	224 	1.3 	16 	0.1 	0.0 	0 	0.0 	0.6 	0.1 	0.0 	0.0 	14.6 	QB24		Cleveland Browns	Indianapolis Colts	225 	1.4 	19 	0.1 	0.0 	0 	0.0 	0.6 	0.1 	0.0 	0.0 	15.9 	QB15		Actual	Actual	Actual	Forecast	Forecast	Forecast	Forecast	Forecast	Forecast	Forecast	Forecast	Forecast	Forecast	Forecast	Forecast	Forecast	Forecast		Healthy	Healthy	Healthy	Healthy	Healthy	Healthy	Healthy	Healthy	Healthy	Healthy	Healthy	Healthy	Healthy	Healthy	Healthy	Healthy	Healthy		Week 4 2026	10/3/2026	9:38:40 AM	9		0%	0%	19%	16%	99%	99%		(0.0)	0	0	0	0	0	(0.038416)
	Baker Mayfield	Tampa Bay Buccaneers	QB	QB27	15.4 	200 	2,861 	220.1 	17.9 	1.4 	242 	18.6 	2.4 	0.2 	0.0 	0.0 	0 	0.0 	0.0 	0.0 	8.4 	3.8 	0.0 	0.491 	0.460 	0.114 	0 	0.238 	0.000 	177 	140 	(37)	30 	18 	(12)	0.173 				-	-		-	-		-	-		-	-		11.6 	12.2 	11.3 	0.0 	0.0 	0.0 	16.5 	17.2 	16.5 	0.0 	16.5 	16.7 	16.0 	16.1 	17.0 	16.5 	16.2 		QB26	QB22	QB26	-	-	-	QB8	QB8	QB14	-	QB12	QB9	QB16	QB15	QB7	QB12	QB12		QB22	16.5 	224.6 	1.6 	17.7 	0.1 	0.0 	0.0 	0.0 	29 	0.533 	0.460 	0.129 	1 	0.478 	0.000 	129 	0.293 		165 		-	-		-	-		-	-		-	-		QB24	11.7 	748.7 	5.3 	58.9 	0.5 	0.0 	0.0 	0.0 	24 	0.337 	0.460 	0.200 	(0)	0.000 	0.000 	#N/A	0.106 		35.1 		-	-		-	-		-	-		-	-					Tampa Bay Buccaneers	Cincinnati Bengals	216 	0.0 	30 	1.0 	0.0 	0 	0.0 	0.0 	3.0 	0.0 	0.0 	11.6 	QB26		Tampa Bay Buccaneers	Cleveland Browns	182 	1.0 	29 	0.0 	0.0 	0 	0.0 	1.0 	0.0 	0.0 	0.0 	12.2 	QB22		Tampa Bay Buccaneers	Minnesota Vikings	217 	1.0 	6 	0.0 	0.0 	0 	0.0 	1.0 	0.0 	0.0 	0.0 	11.3 	QB26		Tampa Bay Buccaneers	Green Bay Packers	0 	0.0 	0 	0.0 	0.0 	0 	0.0 	0.0 	0.0 	0.0 	0.0 	0.0 	-		Tampa Bay Buccaneers	Dallas Cowboys	0 	0.0 	0 	0.0 	0.0 	0 	0.0 	0.0 	0.0 	0.0 	0.0 	0.0 	-		Tampa Bay Buccaneers	Pittsburgh Steelers	0 	0.0 	0 	0.0 	0.0 	0 	0.0 	0.0 	0.0 	0.0 	0.0 	0.0 	-		Tampa Bay Buccaneers	Carolina Panthers	221 	1.6 	18 	0.1 	0.0 	0 	0.0 	0.6 	0.1 	0.0 	0.0 	16.5 	QB8		Tampa Bay Buccaneers	Atlanta Falcons	223 	1.7 	20 	0.2 	0.0 	0 	0.0 	0.6 	0.1 	0.0 	0.0 	17.2 	QB8		Tampa Bay Buccaneers	Chicago Bears	228 	1.6 	17 	0.1 	0.0 	0 	0.0 	0.6 	0.1 	0.0 	0.0 	16.5 	QB14		Tampa Bay Buccaneers	BYE	0 	0.0 	0 	0.0 	0.0 	0 	0.0 	0.0 	0.0 	0.0 	0.0 	0.0 	-		Tampa Bay Buccaneers	Detroit Lions	228 	1.6 	17 	0.1 	0.0 	0 	0.0 	0.6 	0.1 	0.0 	0.0 	16.5 	QB12		Tampa Bay Buccaneers	Carolina Panthers	223 	1.6 	19 	0.2 	0.0 	0 	0.0 	0.6 	0.1 	0.0 	0.0 	16.7 	QB9		Tampa Bay Buccaneers	Los Angeles Chargers	221 	1.5 	17 	0.1 	0.0 	0 	0.0 	0.6 	0.1 	0.0 	0.0 	16.0 	QB16		Tampa Bay Buccaneers	Baltimore Ravens	228 	1.5 	16 	0.1 	0.0 	0 	0.0 	0.6 	0.1 	0.0 	0.0 	16.1 	QB15		Tampa Bay Buccaneers	New Orleans Saints	225 	1.7 	19 	0.2 	0.0 	0 	0.0 	0.6 	0.1 	0.0 	0.0 	17.0 	QB7		Tampa Bay Buccaneers	Atlanta Falcons	221 	1.6 	18 	0.1 	0.0 	0 	0.0 	0.6 	0.1 	0.0 	0.0 	16.5 	QB12		Tampa Bay Buccaneers	Los Angeles Rams	226 	1.6 	16 	0.1 	0.0 	0 	0.0 	0.6 	0.1 	0.0 	0.0 	16.2 	QB12		Actual	Actual	Actual	Forecast	Forecast	Forecast	Forecast	Forecast	Forecast	Forecast	Forecast	Forecast	Forecast	Forecast	Forecast	Forecast	Forecast		Healthy	Healthy	Healthy	Injured	Injured	Injured	Healthy	Healthy	Healthy	Healthy	Healthy	Healthy	Healthy	Healthy	Healthy	Healthy	Healthy		Week 4 2026	10/3/2026	9:38:40 AM	9		0%	0%	15%	17%	99%	99%		0.2 	0	0	0	1	1	
	Ollie Gordon II	Miami Dolphins	RB	RB35	8.4 	125 	0 	0.0 	0.0 	0.0 	497 	33.1 	4.5 	0.3 	30.6 	2.0 	160 	10.7 	0.8 	0.1 	0.0 	1.5 	0.0 	0.307 	1.000 	0.594 	(0)	0.000 	0.000 	112 	420 	308 	34 	104 	70 	0.314 																0.0 	0.7 	14.5 	7.2 	8.3 	0.0 	8.9 	8.6 	8.8 	8.8 	8.1 	9.5 	7.8 	8.8 	8.0 	8.6 	8.6 		-	RB63	RB13	RB36	RB32	-	RB28	RB31	RB31	RB31	RB30	RB30	RB33	RB32	RB36	RB35	RB35		RB35	8.5 	0.0 	0.0 	34.5 	0.3 	2.1 	11.2 	0.1 	34 	0.355 	1.000 	0.594 	(0)	0.000 	0.000 	117 	0.321 		110 		-	-		-	-		-	-		-	-		RB45	7.6 	0.0 	0.0 	224.5 	1.8 	13.8 	73.0 	0.4 	45 	0.146 	1.000 	0.456 	(0)	0.000 	0.000 	#N/A	0.227 		15.2 		-	-		-	-		-	-		-	-					Miami Dolphins	Las Vegas Raiders	0 	0.0 	0 	0.0 	0.0 	0 	0.0 	0.0 	0.0 	0.0 	0.0 	0.0 	-		Miami Dolphins	San Francisco 49ers	0 	0.0 	7 	0.0 	0.0 	0 	0.0 	0.0 	0.0 	0.0 	0.0 	0.7 	RB63		Miami Dolphins	Kansas City Chiefs	0 	0.0 	41 	1.0 	3.0 	14 	0.0 	0.0 	0.0 	0.0 	0.0 	14.5 	RB13		Miami Dolphins	Minnesota Vikings	0 	0.0 	30 	0.2 	2.0 	10 	0.0 	0.0 	0.1 	0.0 	0.0 	7.2 	RB36		Miami Dolphins	Cincinnati Bengals	0 	0.0 	33 	0.3 	2.2 	11 	0.1 	0.0 	0.1 	0.0 	0.0 	8.3 	RB32		Miami Dolphins	BYE	0 	0.0 	0 	0.0 	0.0 	0 	0.0 	0.0 	0.0 	0.0 	0.0 	0.0 	-		Miami Dolphins	New York Jets	0 	0.0 	39 	0.3 	2.0 	11 	0.1 	0.0 	0.1 	0.0 	0.0 	8.9 	RB28		Miami Dolphins	New England Patriots	0 	0.0 	35 	0.3 	2.1 	11 	0.1 	0.0 	0.1 	0.0 	0.0 	8.6 	RB31		Miami Dolphins	Detroit Lions	0 	0.0 	36 	0.3 	2.2 	12 	0.1 	0.0 	0.1 	0.0 	0.0 	8.8 	RB31		Miami Dolphins	Indianapolis Colts	0 	0.0 	36 	0.3 	2.2 	12 	0.1 	0.0 	0.1 	0.0 	0.0 	8.8 	RB31		Miami Dolphins	Buffalo Bills	0 	0.0 	32 	0.2 	2.1 	11 	0.1 	0.0 	0.1 	0.0 	0.0 	8.1 	RB30		Miami Dolphins	New York Jets	0 	0.0 	41 	0.3 	2.1 	11 	0.1 	0.0 	0.1 	0.0 	0.0 	9.5 	RB30		Miami Dolphins	Denver Broncos	0 	0.0 	32 	0.2 	2.1 	11 	0.1 	0.0 	0.1 	0.0 	0.0 	7.8 	RB33		Miami Dolphins	Chicago Bears	0 	0.0 	36 	0.3 	2.2 	12 	0.1 	0.0 	0.1 	0.0 	0.0 	8.8 	RB32		Miami Dolphins	Green Bay Packers	0 	0.0 	32 	0.2 	2.1 	11 	0.1 	0.0 	0.1 	0.0 	0.0 	8.0 	RB36		Miami Dolphins	Los Angeles Chargers	0 	0.0 	35 	0.3 	2.1 	11 	0.1 	0.0 	0.1 	0.0 	0.0 	8.6 	RB35		Miami Dolphins	Buffalo Bills	0 	0.0 	34 	0.3 	2.2 	12 	0.1 	0.0 	0.1 	0.0 	0.0 	8.6 	RB35		Actual	Actual	Actual	Forecast	Forecast	Forecast	Forecast	Forecast	Forecast	Forecast	Forecast	Forecast	Forecast	Forecast	Forecast	Forecast	Forecast		Healthy	Healthy	Healthy	Healthy	Healthy	Healthy	Healthy	Healthy	Healthy	Healthy	Healthy	Healthy	Healthy	Healthy	Healthy	Healthy	Healthy		Week 4 2026	10/3/2026	9:38:40 AM	9		5%	5%	36%	35%	0%	0%		0.1 	0	0	0	0	0	0.093837 
	C.J. Stroud	Houston Texans	QB	QB19	15.2 	243 	3,654 	228.4 	21.9 	1.4 	253 	15.8 	1.0 	0.1 	0.0 	0.0 	0 	0.0 	0.0 	0.0 	8.4 	3.0 	0.0 	0.594 	0.460 	0.292 	0 	0.214 	0.000 	134 	182 	48 	17 	23 	6 	0.255 				-	-		-	-		-	-		-	-		16.5 	17.0 	11.7 	16.8 	15.0 	14.6 	15.9 	0.0 	14.6 	14.6 	16.4 	15.8 	14.8 	15.5 	15.6 	13.2 	14.4 		QB16	QB13	QB25	QB9	QB19	QB19	QB16	-	QB24	QB22	QB13	QB18	QB23	QB21	QB18	QB28	QB24		QB23	15.2 	220.0 	1.5 	15.3 	0.1 	0.0 	0.0 	0.0 	21 	0.637 	0.460 	0.240 	0 	0.341 	0.000 	131 	0.288 		197 		-	-		-	-		-	-		-	-		QB18	15.1 	953.5 	6.3 	66.4 	0.3 	0.0 	0.0 	0.0 	18 	0.434 	0.460 	0.279 	0 	0.133 	0.000 	#N/A	0.210 		45.2 		-	-		-	-		-	-		-	-					Houston Texans	Buffalo Bills	274 	2.0 	15 	0.0 	0.0 	0 	0.0 	0.0 	2.0 	0.0 	0.0 	16.5 	QB16		Houston Texans	Cincinnati Bengals	353 	0.0 	29 	0.0 	0.0 	0 	0.0 	0.0 	0.0 	0.0 	0.0 	17.0 	QB13		Houston Texans	Indianapolis Colts	167 	1.0 	10 	0.0 	0.0 	0 	0.0 	0.0 	0.0 	0.0 	0.0 	11.7 	QB25		Houston Texans	Dallas Cowboys	233 	1.7 	16 	0.1 	0.0 	0 	0.0 	0.6 	0.1 	0.0 	0.0 	16.8 	QB9		Houston Texans	Tennessee Titans	213 	1.4 	17 	0.1 	0.0 	0 	0.0 	0.6 	0.1 	0.0 	0.0 	15.0 	QB19		Houston Texans	Jacksonville Jaguars	219 	1.4 	14 	0.1 	0.0 	0 	0.0 	0.6 	0.1 	0.0 	0.0 	14.6 	QB19		Houston Texans	New York Giants	223 	1.6 	16 	0.1 	0.0 	0 	0.0 	0.6 	0.1 	0.0 	0.0 	15.9 	QB16		Houston Texans	BYE	0 	0.0 	0 	0.0 	0.0 	0 	0.0 	0.0 	0.0 	0.0 	0.0 	0.0 	-		Houston Texans	Los Angeles Chargers	219 	1.4 	14 	0.1 	0.0 	0 	0.0 	0.6 	0.1 	0.0 	0.0 	14.6 	QB24		Houston Texans	Cleveland Browns	213 	1.4 	16 	0.1 	0.0 	0 	0.0 	0.6 	0.1 	0.0 	0.0 	14.6 	QB22		Houston Texans	Indianapolis Colts	227 	1.6 	17 	0.1 	0.0 	0 	0.0 	0.6 	0.1 	0.0 	0.0 	16.4 	QB13		Houston Texans	Baltimore Ravens	225 	1.5 	16 	0.1 	0.0 	0 	0.0 	0.6 	0.1 	0.0 	0.0 	15.8 	QB18		Houston Texans	Pittsburgh Steelers	218 	1.4 	15 	0.1 	0.0 	0 	0.0 	0.6 	0.1 	0.0 	0.0 	14.8 	QB23		Houston Texans	Washington Commanders	223 	1.5 	15 	0.1 	0.0 	0 	0.0 	0.6 	0.1 	0.0 	0.0 	15.5 	QB21		Houston Texans	Jacksonville Jaguars	224 	1.5 	15 	0.1 	0.0 	0 	0.0 	0.6 	0.1 	0.0 	0.0 	15.6 	QB18		Houston Texans	Philadelphia Eagles	207 	1.2 	13 	0.1 	0.0 	0 	0.0 	0.6 	0.1 	0.0 	0.0 	13.2 	QB28		Houston Texans	Green Bay Packers	217 	1.3 	14 	0.1 	0.0 	0 	0.0 	0.6 	0.1 	0.0 	0.0 	14.4 	QB24		Actual	Actual	Actual	Forecast	Forecast	Forecast	Forecast	Forecast	Forecast	Forecast	Forecast	Forecast	Forecast	Forecast	Forecast	Forecast	Forecast		Healthy	Healthy	Healthy	Healthy	Healthy	Healthy	Healthy	Healthy	Healthy	Healthy	Healthy	Healthy	Healthy	Healthy	Healthy	Healthy	Healthy		Week 4 2026	10/3/2026	9:38:40 AM	9		0%	0%	13%	9%	99%	99%		0.1 	0	0	0	0	0	0.077085 
	Caleb Williams	Chicago Bears	QB	QB14	18.2 	219 	2,435 	203.0 	17.3 	1.4 	437 	36.4 	4.1 	0.3 	0.0 	0.0 	0 	0.0 	0.0 	0.0 	7.2 	0.8 	0.0 	0.536 	0.460 	0.143 	1 	0.505 	0.000 	113 	78 	(35)	28 	8 	(20)	0.313 				-	-		-	-		-	-		-	-		37.3 	8.3 	0.0 	0.0 	0.0 	0.0 	17.1 	16.0 	17.8 	0.0 	17.6 	17.5 	17.5 	17.6 	17.3 	17.1 	17.6 		QB1	QB25	-	-	-	-	QB6	QB15	QB6	-	QB5	QB5	QB6	QB5	QB4	QB7	QB4		QB19	17.3 	202.8 	1.5 	33.0 	0.2 	0.0 	0.0 	0.0 	28 	0.559 	0.460 	0.143 	1 	0.559 	0.000 	113 	0.339 		173 		-	-		-	-		-	-		-	-		QB19	22.8 	1,014.2 	7.6 	164.8 	1.0 	0.0 	0.0 	0.0 	19 	0.438 	0.460 	0.266 	0 	0.140 	0.000 	#N/A	0.207 		45.5 		-	-		-	-		-	-		-	-					Chicago Bears	Carolina Panthers	269 	2.0 	65 	2.0 	0.0 	0 	0.0 	0.0 	0.0 	0.0 	0.0 	37.3 	QB1		Chicago Bears	Minnesota Vikings	138 	0.0 	42 	0.0 	0.0 	0 	0.0 	0.7 	0.0 	0.0 	0.0 	8.3 	QB25		Chicago Bears	Philadelphia Eagles	0 	0.0 	0 	0.0 	0.0 	0 	0.0 	0.0 	0.0 	0.0 	0.0 	0.0 	-		Chicago Bears	New York Jets	0 	0.0 	0 	0.0 	0.0 	0 	0.0 	0.0 	0.0 	0.0 	0.0 	0.0 	-		Chicago Bears	Green Bay Packers	0 	0.0 	0 	0.0 	0.0 	0 	0.0 	0.0 	0.0 	0.0 	0.0 	0.0 	-		Chicago Bears	Atlanta Falcons	0 	0.0 	0 	0.0 	0.0 	0 	0.0 	0.0 	0.0 	0.0 	0.0 	0.0 	-		Chicago Bears	New England Patriots	201 	1.5 	33 	0.2 	0.0 	0 	0.0 	0.6 	0.1 	0.0 	0.0 	17.1 	QB6		Chicago Bears	Seattle Seahawks	201 	1.4 	29 	0.2 	0.0 	0 	0.0 	0.6 	0.1 	0.0 	0.0 	16.0 	QB15		Chicago Bears	Tampa Bay Buccaneers	206 	1.6 	34 	0.2 	0.0 	0 	0.0 	0.6 	0.1 	0.0 	0.0 	17.8 	QB6		Chicago Bears	BYE	0 	0.0 	0 	0.0 	0.0 	0 	0.0 	0.0 	0.0 	0.0 	0.0 	0.0 	-		Chicago Bears	New Orleans Saints	196 	1.5 	36 	0.2 	0.0 	0 	0.0 	0.6 	0.1 	0.0 	0.0 	17.6 	QB5		Chicago Bears	Detroit Lions	208 	1.6 	32 	0.2 	0.0 	0 	0.0 	0.6 	0.1 	0.0 	0.0 	17.5 	QB5		Chicago Bears	Jacksonville Jaguars	203 	1.5 	33 	0.2 	0.0 	0 	0.0 	0.6 	0.1 	0.0 	0.0 	17.5 	QB6		Chicago Bears	Miami Dolphins	200 	1.6 	35 	0.2 	0.0 	0 	0.0 	0.6 	0.1 	0.0 	0.0 	17.6 	QB5		Chicago Bears	Buffalo Bills	209 	1.5 	30 	0.2 	0.0 	0 	0.0 	0.6 	0.1 	0.0 	0.0 	17.3 	QB4		Chicago Bears	Green Bay Packers	201 	1.5 	33 	0.2 	0.0 	0 	0.0 	0.6 	0.1 	0.0 	0.0 	17.1 	QB7		Chicago Bears	Detroit Lions	204 	1.6 	33 	0.2 	0.0 	0 	0.0 	0.6 	0.1 	0.0 	0.0 	17.6 	QB4		Actual	Actual	Actual	Forecast	Forecast	Forecast	Forecast	Forecast	Forecast	Forecast	Forecast	Forecast	Forecast	Forecast	Forecast	Forecast	Forecast		Healthy	Healthy	Injured	Injured	Injured	Injured	Healthy	Healthy	Healthy	Healthy	Healthy	Healthy	Healthy	Healthy	Healthy	Healthy	Healthy		Week 4 2026	10/3/2026	9:38:40 AM	9		0%	0%	22%	19%	99%	99%		0.1 	0	0	1	1	1	
	Mark Andrews	Baltimore Ravens	TE	TE17	9.1 	145 	0 	0.0 	0.0 	0.0 	0 	0.0 	0.0 	0.0 	65.5 	4.1 	595 	37.2 	3.4 	0.2 	0.0 	0.1 	0.0 	0.356 	0.560 	0.432 	0 	0.144 	0.000 	122 	128 	6 	16 	15 	(1)	0.291 				-	-		-	-		-	-		-	-		8.9 	10.9 	5.4 	8.9 	9.3 	8.9 	9.8 	9.5 	9.4 	9.4 	9.2 	9.0 	0.0 	9.2 	9.2 	8.8 	9.5 		TE19	TE11	TE22	TE18	TE11	TE16	TE12	TE10	TE15	TE14	TE16	TE19	-	TE15	TE16	TE20	TE14		TE15	9.2 	0.0 	0.0 	0.0 	0.0 	4.0 	36.4 	0.3 	14 	0.388 	0.560 	0.450 	0 	0.182 	0.000 	118 	0.320 		120 		-	-		-	-		-	-		-	-		TE19	8.4 	0.0 	0.0 	0.0 	0.0 	17.5 	157.6 	1.1 	19 	0.242 	0.560 	0.404 	0 	0.072 	0.000 	#N/A	0.230 		25.2 		-	-		-	-		-	-		-	-					Baltimore Ravens	Indianapolis Colts	0 	0.0 	0 	0.0 	4.0 	49 	0.0 	0.0 	0.0 	0.0 	0.0 	8.9 	TE19		Baltimore Ravens	New Orleans Saints	0 	0.0 	0 	0.0 	6.0 	49 	0.0 	0.0 	0.0 	0.0 	0.0 	10.9 	TE11		Baltimore Ravens	Dallas Cowboys	0 	0.0 	0 	0.0 	3.0 	24 	0.0 	0.0 	0.0 	0.0 	0.0 	5.4 	TE22		Baltimore Ravens	Tennessee Titans	0 	0.0 	0 	0.0 	3.9 	35 	0.3 	0.0 	0.0 	0.0 	0.0 	8.9 	TE18		Baltimore Ravens	Atlanta Falcons	0 	0.0 	0 	0.0 	4.0 	36 	0.3 	0.0 	0.0 	0.0 	0.0 	9.3 	TE11		Baltimore Ravens	Cleveland Browns	0 	0.0 	0 	0.0 	3.9 	35 	0.3 	0.0 	0.0 	0.0 	0.0 	8.9 	TE16		Baltimore Ravens	Cincinnati Bengals	0 	0.0 	0 	0.0 	4.3 	38 	0.3 	0.0 	0.0 	0.0 	0.0 	9.8 	TE12		Baltimore Ravens	Buffalo Bills	0 	0.0 	0 	0.0 	4.2 	38 	0.3 	0.0 	0.0 	0.0 	0.0 	9.5 	TE10		Baltimore Ravens	Jacksonville Jaguars	0 	0.0 	0 	0.0 	4.1 	37 	0.3 	0.0 	0.0 	0.0 	0.0 	9.4 	TE15		Baltimore Ravens	Los Angeles Chargers	0 	0.0 	0 	0.0 	4.1 	37 	0.3 	0.0 	0.0 	0.0 	0.0 	9.4 	TE14		Baltimore Ravens	Carolina Panthers	0 	0.0 	0 	0.0 	4.0 	36 	0.3 	0.0 	0.0 	0.0 	0.0 	9.2 	TE16		Baltimore Ravens	Houston Texans	0 	0.0 	0 	0.0 	4.0 	36 	0.2 	0.0 	0.0 	0.0 	0.0 	9.0 	TE19		Baltimore Ravens	BYE	0 	0.0 	0 	0.0 	0.0 	0 	0.0 	0.0 	0.0 	0.0 	0.0 	0.0 	-		Baltimore Ravens	Tampa Bay Buccaneers	0 	0.0 	0 	0.0 	4.0 	36 	0.3 	0.0 	0.0 	0.0 	0.0 	9.2 	TE15		Baltimore Ravens	Pittsburgh Steelers	0 	0.0 	0 	0.0 	4.1 	37 	0.3 	0.0 	0.0 	0.0 	0.0 	9.2 	TE16		Baltimore Ravens	Cleveland Browns	0 	0.0 	0 	0.0 	3.9 	35 	0.3 	0.0 	0.0 	0.0 	0.0 	8.8 	TE20		Baltimore Ravens	Cincinnati Bengals	0 	0.0 	0 	0.0 	4.2 	38 	0.3 	0.0 	0.0 	0.0 	0.0 	9.5 	TE14		Actual	Actual	Actual	Forecast	Forecast	Forecast	Forecast	Forecast	Forecast	Forecast	Forecast	Forecast	Forecast	Forecast	Forecast	Forecast	Forecast		Healthy	Healthy	Healthy	Healthy	Healthy	Healthy	Healthy	Healthy	Healthy	Healthy	Healthy	Healthy	Healthy	Healthy	Healthy	Healthy	Healthy		Week 4 2026	10/3/2026	9:38:40 AM	9		19%	21%	0%	0%	0%	0%		0.1 	0	0	0	0	0	0.089453 
	Tre Tucker	Las Vegas Raiders	WR	WR47	9.6 	154 	0 	0.0 	0.0 	0.0 	14 	0.9 	0.0 	0.0 	50.6 	3.2 	763 	47.7 	4.4 	0.3 	0.0 	0.1 	0.0 	0.378 	1.000 	0.550 	0 	0.050 	0.000 	108 	173 	65 	45 	60 	15 	0.324 				-	-		-	-		-	-		-	-		4.7 	22.9 	8.3 	9.4 	9.2 	9.4 	9.4 	8.8 	9.3 	8.9 	8.9 	8.7 	0.0 	9.1 	8.8 	9.1 	9.1 		WR67	WR7	WR43	WR47	WR47	WR42	WR44	WR47	WR47	WR45	WR42	WR53	-	WR47	WR52	WR51	WR52		WR51	9.1 	0.0 	0.0 	1.0 	0.0 	3.0 	44.1 	0.3 	51 	0.382 	1.000 	0.490 	0 	0.025 	0.000 	130 	0.288 		118 		-	-		-	-		-	-		-	-		WR26	12.0 	0.0 	0.0 	4.5 	0.0 	13.2 	191.2 	1.1 	26 	0.345 	1.000 	0.740 	1 	0.141 	0.000 	#N/A	0.441 		35.9 		-	-		-	-		-	-		-	-					Las Vegas Raiders	Miami Dolphins	0 	0.0 	0 	0.0 	2.0 	27 	0.0 	0.0 	0.0 	0.0 	0.0 	4.7 	WR67		Las Vegas Raiders	Los Angeles Chargers	0 	0.0 	0 	0.0 	5.0 	119 	1.0 	0.0 	0.0 	0.0 	0.0 	22.9 	WR7		Las Vegas Raiders	New Orleans Saints	0 	0.0 	0 	0.0 	4.0 	43 	0.0 	0.0 	0.0 	0.0 	0.0 	8.3 	WR43		Las Vegas Raiders	Kansas City Chiefs	0 	0.0 	1 	0.0 	3.1 	45 	0.3 	0.0 	0.0 	0.0 	0.0 	9.4 	WR47		Las Vegas Raiders	New England Patriots	0 	0.0 	1 	0.0 	3.1 	45 	0.3 	0.0 	0.0 	0.0 	0.0 	9.2 	WR47		Las Vegas Raiders	Buffalo Bills	0 	0.0 	1 	0.0 	3.1 	46 	0.3 	0.0 	0.0 	0.0 	0.0 	9.4 	WR42		Las Vegas Raiders	Los Angeles Rams	0 	0.0 	1 	0.0 	3.2 	46 	0.3 	0.0 	0.0 	0.0 	0.0 	9.4 	WR44		Las Vegas Raiders	New York Jets	0 	0.0 	1 	0.0 	3.0 	43 	0.3 	0.0 	0.0 	0.0 	0.0 	8.8 	WR47		Las Vegas Raiders	San Francisco 49ers	0 	0.0 	1 	0.0 	3.1 	45 	0.3 	0.0 	0.0 	0.0 	0.0 	9.3 	WR47		Las Vegas Raiders	Seattle Seahawks	0 	0.0 	1 	0.0 	3.0 	44 	0.2 	0.0 	0.0 	0.0 	0.0 	8.9 	WR45		Las Vegas Raiders	Denver Broncos	0 	0.0 	1 	0.0 	3.0 	44 	0.2 	0.0 	0.0 	0.0 	0.0 	8.9 	WR42		Las Vegas Raiders	Cleveland Browns	0 	0.0 	1 	0.0 	2.9 	42 	0.2 	0.0 	0.0 	0.0 	0.0 	8.7 	WR53		Las Vegas Raiders	BYE	0 	0.0 	0 	0.0 	0.0 	0 	0.0 	0.0 	0.0 	0.0 	0.0 	0.0 	-		Las Vegas Raiders	Los Angeles Chargers	0 	0.0 	1 	0.0 	3.1 	44 	0.3 	0.0 	0.0 	0.0 	0.0 	9.1 	WR47		Las Vegas Raiders	Denver Broncos	0 	0.0 	1 	0.0 	3.0 	43 	0.2 	0.0 	0.0 	0.0 	0.0 	8.8 	WR52		Las Vegas Raiders	Tennessee Titans	0 	0.0 	1 	0.0 	3.0 	44 	0.3 	0.0 	0.0 	0.0 	0.0 	9.1 	WR51		Las Vegas Raiders	Arizona Cardinals	0 	0.0 	1 	0.0 	3.0 	44 	0.3 	0.0 	0.0 	0.0 	0.0 	9.1 	WR52		Actual	Actual	Actual	Forecast	Forecast	Forecast	Forecast	Forecast	Forecast	Forecast	Forecast	Forecast	Forecast	Forecast	Forecast	Forecast	Forecast		Healthy	Healthy	Healthy	Healthy	Healthy	Healthy	Healthy	Healthy	Healthy	Healthy	Healthy	Healthy	Healthy	Healthy	Healthy	Healthy	Healthy		Week 4 2026	10/3/2026	9:38:40 AM	9		20%	18%	1%	0%	0%	0%		(0.2)	0	0	0	0	0	(0.153096)
	Woody Marks	Houston Texans	RB	RB38	7.5 	120 	0 	0.0 	0.0 	0.0 	479 	29.9 	3.9 	0.2 	29.2 	1.8 	175 	11.0 	0.8 	0.0 	0.0 	1.1 	0.0 	0.295 	1.000 	0.557 	(0)	0.000 	0.000 	120 	131 	11 	37 	44 	7 	0.295 				-	-		-	-		-	-		-	-		5.0 	8.5 	9.1 	8.1 	7.9 	7.1 	8.0 	0.0 	7.1 	7.5 	8.2 	7.7 	7.4 	7.6 	7.7 	6.6 	7.0 		RB42	RB31	RB29	RB32	RB34	RB35	RB32	-	RB39	RB33	RB29	RB41	RB37	RB36	RB38	RB43	RB41		RB39	7.5 	0.0 	0.0 	31.8 	0.2 	1.7 	11.1 	0.1 	39 	0.315 	1.000 	0.532 	(0)	0.000 	0.000 	132 	0.287 		98 		-	-		-	-		-	-		-	-		RB32	7.5 	0.0 	0.0 	137.9 	1.0 	7.4 	48.2 	0.3 	32 	0.217 	1.000 	0.619 	(0)	0.000 	0.000 	#N/A	0.311 		22.6 		-	-		-	-		-	-		-	-					Houston Texans	Buffalo Bills	0 	0.0 	42 	0.0 	1.0 	(2)	0.0 	0.0 	0.0 	0.0 	0.0 	5.0 	RB42		Houston Texans	Cincinnati Bengals	0 	0.0 	8 	0.0 	5.0 	27 	0.0 	0.0 	0.0 	0.0 	0.0 	8.5 	RB31		Houston Texans	Indianapolis Colts	0 	0.0 	15 	1.0 	1.0 	6 	0.0 	0.0 	0.0 	0.0 	0.0 	9.1 	RB29		Houston Texans	Dallas Cowboys	0 	0.0 	34 	0.3 	1.8 	12 	0.1 	0.0 	0.1 	0.0 	0.0 	8.1 	RB32		Houston Texans	Tennessee Titans	0 	0.0 	35 	0.2 	1.7 	11 	0.1 	0.0 	0.1 	0.0 	0.0 	7.9 	RB34		Houston Texans	Jacksonville Jaguars	0 	0.0 	29 	0.2 	1.7 	11 	0.1 	0.0 	0.1 	0.0 	0.0 	7.1 	RB35		Houston Texans	New York Giants	0 	0.0 	34 	0.3 	1.7 	11 	0.1 	0.0 	0.1 	0.0 	0.0 	8.0 	RB32		Houston Texans	BYE	0 	0.0 	0 	0.0 	0.0 	0 	0.0 	0.0 	0.0 	0.0 	0.0 	0.0 	-		Houston Texans	Los Angeles Chargers	0 	0.0 	29 	0.2 	1.7 	11 	0.1 	0.0 	0.1 	0.0 	0.0 	7.1 	RB39		Houston Texans	Cleveland Browns	0 	0.0 	33 	0.2 	1.7 	11 	0.1 	0.0 	0.1 	0.0 	0.0 	7.5 	RB33		Houston Texans	Indianapolis Colts	0 	0.0 	35 	0.3 	1.8 	11 	0.1 	0.0 	0.1 	0.0 	0.0 	8.2 	RB29		Houston Texans	Baltimore Ravens	0 	0.0 	32 	0.2 	1.7 	11 	0.1 	0.0 	0.1 	0.0 	0.0 	7.7 	RB41		Houston Texans	Pittsburgh Steelers	0 	0.0 	31 	0.2 	1.7 	11 	0.1 	0.0 	0.1 	0.0 	0.0 	7.4 	RB37		Houston Texans	Washington Commanders	0 	0.0 	32 	0.2 	1.7 	11 	0.1 	0.0 	0.1 	0.0 	0.0 	7.6 	RB36		Houston Texans	Jacksonville Jaguars	0 	0.0 	32 	0.2 	1.7 	11 	0.1 	0.0 	0.1 	0.0 	0.0 	7.7 	RB38		Houston Texans	Philadelphia Eagles	0 	0.0 	28 	0.2 	1.6 	10 	0.0 	0.0 	0.1 	0.0 	0.0 	6.6 	RB43		Houston Texans	Green Bay Packers	0 	0.0 	29 	0.2 	1.7 	11 	0.1 	0.0 	0.1 	0.0 	0.0 	7.0 	RB41		Actual	Actual	Actual	Forecast	Forecast	Forecast	Forecast	Forecast	Forecast	Forecast	Forecast	Forecast	Forecast	Forecast	Forecast	Forecast	Forecast		Healthy	Healthy	Healthy	Healthy	Healthy	Healthy	Healthy	Healthy	Healthy	Healthy	Healthy	Healthy	Healthy	Healthy	Healthy	Healthy	Healthy		Week 4 2026	10/3/2026	9:38:40 AM	9		5%	4%	27%	25%	0%	0%		(0.0)	0	0	0	0	0	(0.024803)
	Cam Ward	Tennessee Titans	QB	QB23	14.8 	236 	3,413 	213.3 	20.2 	1.3 	205 	12.8 	3.2 	0.2 	0.0 	0.0 	0 	0.0 	0.0 	0.0 	9.4 	1.0 	0.0 	0.579 	0.460 	0.253 	0 	0.176 	0.000 	151 	230 	79 	20 	28 	8 	0.217 				-	-		-	-		-	-		-	-		11.7 	20.0 	9.4 	13.0 	13.3 	15.7 	15.0 	15.7 	0.0 	15.2 	15.5 	15.0 	15.7 	15.2 	15.9 	14.8 	14.8 		QB25	QB11	QB29	QB28	QB27	QB11	QB21	QB17	-	QB18	QB19	QB24	QB19	QB23	QB16	QB23	QB22		QB25	15.0 	223.8 	1.4 	13.5 	0.1 	0.0 	0.0 	0.0 	23 	0.629 	0.460 	0.213 	0 	0.322 	0.000 	140 	0.264 		195 		-	-		-	-		-	-		-	-		QB21	13.7 	969.6 	6.1 	58.4 	0.4 	0.0 	0.0 	0.0 	21 	0.396 	0.460 	0.240 	0 	0.062 	0.000 	#N/A	0.156 		41.2 		-	-		-	-		-	-		-	-					Tennessee Titans	New York Jets	140 	1.0 	21 	0.0 	0.0 	0 	0.0 	0.0 	0.0 	0.0 	0.0 	11.7 	QB25		Tennessee Titans	Philadelphia Eagles	183 	0.0 	7 	2.0 	0.0 	0 	0.0 	0.0 	0.0 	0.0 	0.0 	20.0 	QB11		Tennessee Titans	New York Giants	181 	1.0 	2 	0.0 	0.0 	0 	0.0 	1.0 	0.0 	0.0 	0.0 	9.4 	QB29		Tennessee Titans	Baltimore Ravens	213 	1.1 	11 	0.1 	0.0 	0 	0.0 	0.6 	0.1 	0.0 	0.0 	13.0 	QB28		Tennessee Titans	Houston Texans	213 	1.2 	12 	0.1 	0.0 	0 	0.0 	0.6 	0.1 	0.0 	0.0 	13.3 	QB27		Tennessee Titans	Indianapolis Colts	229 	1.5 	14 	0.1 	0.0 	0 	0.0 	0.6 	0.1 	0.0 	0.0 	15.7 	QB11		Tennessee Titans	Cleveland Browns	218 	1.4 	15 	0.1 	0.0 	0 	0.0 	0.6 	0.1 	0.0 	0.0 	15.0 	QB21		Tennessee Titans	Cincinnati Bengals	232 	1.5 	13 	0.1 	0.0 	0 	0.0 	0.6 	0.1 	0.0 	0.0 	15.7 	QB17		Tennessee Titans	BYE	0 	0.0 	0 	0.0 	0.0 	0 	0.0 	0.0 	0.0 	0.0 	0.0 	0.0 	-		Tennessee Titans	Jacksonville Jaguars	223 	1.4 	14 	0.1 	0.0 	0 	0.0 	0.6 	0.1 	0.0 	0.0 	15.2 	QB18		Tennessee Titans	Dallas Cowboys	231 	1.5 	13 	0.1 	0.0 	0 	0.0 	0.6 	0.1 	0.0 	0.0 	15.5 	QB19		Tennessee Titans	Jacksonville Jaguars	227 	1.4 	13 	0.1 	0.0 	0 	0.0 	0.6 	0.1 	0.0 	0.0 	15.0 	QB24		Tennessee Titans	Washington Commanders	226 	1.5 	15 	0.1 	0.0 	0 	0.0 	0.6 	0.1 	0.0 	0.0 	15.7 	QB19		Tennessee Titans	Detroit Lions	231 	1.4 	12 	0.1 	0.0 	0 	0.0 	0.6 	0.1 	0.0 	0.0 	15.2 	QB23		Tennessee Titans	Indianapolis Colts	228 	1.5 	15 	0.1 	0.0 	0 	0.0 	0.6 	0.1 	0.0 	0.0 	15.9 	QB16		Tennessee Titans	Las Vegas Raiders	219 	1.4 	14 	0.1 	0.0 	0 	0.0 	0.6 	0.1 	0.0 	0.0 	14.8 	QB23		Tennessee Titans	Pittsburgh Steelers	219 	1.4 	14 	0.1 	0.0 	0 	0.0 	0.6 	0.1 	0.0 	0.0 	14.8 	QB22		Actual	Actual	Actual	Forecast	Forecast	Forecast	Forecast	Forecast	Forecast	Forecast	Forecast	Forecast	Forecast	Forecast	Forecast	Forecast	Forecast		Healthy	Healthy	Healthy	Healthy	Healthy	Healthy	Healthy	Healthy	Healthy	Healthy	Healthy	Healthy	Healthy	Healthy	Healthy	Healthy	Healthy		Week 4 2026	10/3/2026	9:38:40 AM	9		0%	0%	13%	12%	99%	99%		0.1 	0	0	0	0	0	0.107971 
	Devaughn Vele	New Orleans Saints	WR	WR44	9.9 	158 	0 	0.0 	0.0 	0.0 	0 	0.0 	0.0 	0.0 	61.0 	3.8 	710 	44.4 	4.4 	0.3 	0.0 	0.1 	0.0 	0.388 	1.000 	0.570 	0 	0.066 	0.000 	100 	250 	150 	43 	82 	39 	0.341 				-	-		-	-		-	-		-	-		19.9 	11.4 	6.9 	12.3 	11.5 	11.5 	11.2 	0.0 	8.1 	8.1 	8.2 	8.4 	8.1 	7.9 	8.2 	8.4 	8.1 		WR10	WR26	WR53	WR22	WR28	WR29	WR29	-	WR54	WR49	WR47	WR57	WR52	WR56	WR59	WR55	WR58		WR49	9.2 	0.0 	0.0 	0.0 	0.0 	3.5 	41.4 	0.3 	49 	0.387 	1.000 	0.510 	0 	0.034 	0.000 	124 	0.301 		120 		-	-		-	-		-	-		-	-		WR22	12.7 	0.0 	0.0 	0.0 	0.0 	15.3 	179.4 	1.1 	22 	0.367 	1.000 	0.780 	1 	0.170 	0.000 	#N/A	0.474 		38.2 		-	-		-	-		-	-		-	-					New Orleans Saints	Detroit Lions	0 	0.0 	0 	0.0 	7.0 	69 	1.0 	0.0 	0.0 	0.0 	0.0 	19.9 	WR10		New Orleans Saints	Baltimore Ravens	0 	0.0 	0 	0.0 	5.0 	64 	0.0 	0.0 	0.0 	0.0 	0.0 	11.4 	WR26		New Orleans Saints	Las Vegas Raiders	0 	0.0 	0 	0.0 	3.0 	39 	0.0 	0.0 	0.0 	0.0 	0.0 	6.9 	WR53		New Orleans Saints	Atlanta Falcons	0 	0.0 	0 	0.0 	4.6 	53 	0.4 	0.0 	0.0 	0.0 	0.0 	12.3 	WR22		New Orleans Saints	Minnesota Vikings	0 	0.0 	0 	0.0 	4.4 	51 	0.3 	0.0 	0.0 	0.0 	0.0 	11.5 	WR28		New Orleans Saints	New York Giants	0 	0.0 	0 	0.0 	4.4 	51 	0.3 	0.0 	0.0 	0.0 	0.0 	11.5 	WR29		New Orleans Saints	Pittsburgh Steelers	0 	0.0 	0 	0.0 	4.3 	50 	0.3 	0.0 	0.0 	0.0 	0.0 	11.2 	WR29		New Orleans Saints	BYE	0 	0.0 	0 	0.0 	0.0 	0 	0.0 	0.0 	0.0 	0.0 	0.0 	0.0 	-		New Orleans Saints	Cleveland Browns	0 	0.0 	0 	0.0 	3.1 	37 	0.2 	0.0 	0.0 	0.0 	0.0 	8.1 	WR54		New Orleans Saints	Carolina Panthers	0 	0.0 	0 	0.0 	3.1 	37 	0.2 	0.0 	0.0 	0.0 	0.0 	8.1 	WR49		New Orleans Saints	Chicago Bears	0 	0.0 	0 	0.0 	3.2 	37 	0.2 	0.0 	0.0 	0.0 	0.0 	8.2 	WR47		New Orleans Saints	Cincinnati Bengals	0 	0.0 	0 	0.0 	3.2 	38 	0.2 	0.0 	0.0 	0.0 	0.0 	8.4 	WR57		New Orleans Saints	Green Bay Packers	0 	0.0 	0 	0.0 	3.2 	37 	0.2 	0.0 	0.0 	0.0 	0.0 	8.1 	WR52		New Orleans Saints	Carolina Panthers	0 	0.0 	0 	0.0 	3.1 	36 	0.2 	0.0 	0.0 	0.0 	0.0 	7.9 	WR56		New Orleans Saints	Tampa Bay Buccaneers	0 	0.0 	0 	0.0 	3.2 	37 	0.2 	0.0 	0.0 	0.0 	0.0 	8.2 	WR59		New Orleans Saints	Arizona Cardinals	0 	0.0 	0 	0.0 	3.2 	37 	0.2 	0.0 	0.0 	0.0 	0.0 	8.4 	WR55		New Orleans Saints	Atlanta Falcons	0 	0.0 	0 	0.0 	3.1 	37 	0.2 	0.0 	0.0 	0.0 	0.0 	8.1 	WR58		Actual	Actual	Actual	Forecast	Forecast	Forecast	Forecast	Forecast	Forecast	Forecast	Forecast	Forecast	Forecast	Forecast	Forecast	Forecast	Forecast		Healthy	Healthy	Healthy	Healthy	Healthy	Healthy	Healthy	Healthy	Healthy	Healthy	Healthy	Healthy	Healthy	Healthy	Healthy	Healthy	Healthy		Week 4 2026	10/3/2026	9:38:40 AM	9		15%	13%	0%	0%	0%	0%		(0.2)	0	0	0	0	0	(0.172702)
	Jaylen Wright	Miami Dolphins	RB	RB46	6.0 	91 	0 	0.0 	0.0 	0.0 	397 	26.4 	3.3 	0.2 	18.0 	1.2 	117 	7.8 	0.6 	0.0 	0.0 	1.3 	0.0 	0.222 	1.000 	0.443 	(0)	0.000 	0.000 	144 	249 	105 	46 	69 	23 	0.233 																(0.1)	1.1 	0.0 	5.8 	6.8 	0.0 	7.3 	7.0 	7.2 	7.2 	6.6 	7.8 	6.3 	7.2 	6.5 	7.0 	7.0 		RB76	RB60	-	RB42	RB37	-	RB36	RB36	RB38	RB35	RB34	RB40	RB40	RB38	RB44	RB41	RB42		RB42	6.9 	0.0 	0.0 	29.7 	0.3 	1.4 	9.0 	0.0 	42 	0.289 	1.000 	0.494 	(0)	0.000 	0.000 	139 	0.266 		90 		-	-		-	-		-	-		-	-		RB90	1.0 	0.0 	0.0 	386.6 	3.3 	18.0 	116.9 	0.6 	90 	0.010 	1.000 	0.000 	(1)	0.000 	0.000 	#N/A	0.001 		1.0 		-	-		-	-		-	-		-	-					Miami Dolphins	Las Vegas Raiders	0 	0.0 	(1)	0.0 	0.0 	0 	0.0 	0.0 	0.0 	0.0 	0.0 	(0.1)	RB76		Miami Dolphins	San Francisco 49ers	0 	0.0 	11 	0.0 	0.0 	0 	0.0 	0.0 	0.0 	0.0 	0.0 	1.1 	RB60		Miami Dolphins	Kansas City Chiefs	0 	0.0 	0 	0.0 	0.0 	0 	0.0 	0.0 	0.0 	0.0 	0.0 	0.0 	-		Miami Dolphins	Minnesota Vikings	0 	0.0 	26 	0.2 	1.3 	8 	0.0 	0.0 	0.1 	0.0 	0.0 	5.8 	RB42		Miami Dolphins	Cincinnati Bengals	0 	0.0 	28 	0.2 	1.4 	9 	0.1 	0.0 	0.1 	0.0 	0.0 	6.8 	RB37		Miami Dolphins	BYE	0 	0.0 	0 	0.0 	0.0 	0 	0.0 	0.0 	0.0 	0.0 	0.0 	0.0 	-		Miami Dolphins	New York Jets	0 	0.0 	33 	0.3 	1.3 	9 	0.0 	0.0 	0.1 	0.0 	0.0 	7.3 	RB36		Miami Dolphins	New England Patriots	0 	0.0 	30 	0.3 	1.4 	9 	0.0 	0.0 	0.1 	0.0 	0.0 	7.0 	RB36		Miami Dolphins	Detroit Lions	0 	0.0 	31 	0.3 	1.4 	9 	0.1 	0.0 	0.1 	0.0 	0.0 	7.2 	RB38		Miami Dolphins	Indianapolis Colts	0 	0.0 	31 	0.3 	1.4 	9 	0.1 	0.0 	0.1 	0.0 	0.0 	7.2 	RB35		Miami Dolphins	Buffalo Bills	0 	0.0 	28 	0.2 	1.4 	9 	0.0 	0.0 	0.1 	0.0 	0.0 	6.6 	RB34		Miami Dolphins	New York Jets	0 	0.0 	36 	0.3 	1.3 	9 	0.1 	0.0 	0.1 	0.0 	0.0 	7.8 	RB40		Miami Dolphins	Denver Broncos	0 	0.0 	27 	0.2 	1.4 	9 	0.0 	0.0 	0.1 	0.0 	0.0 	6.3 	RB40		Miami Dolphins	Chicago Bears	0 	0.0 	31 	0.3 	1.4 	9 	0.1 	0.0 	0.1 	0.0 	0.0 	7.2 	RB38		Miami Dolphins	Green Bay Packers	0 	0.0 	28 	0.2 	1.4 	9 	0.0 	0.0 	0.1 	0.0 	0.0 	6.5 	RB44		Miami Dolphins	Los Angeles Chargers	0 	0.0 	30 	0.3 	1.4 	9 	0.0 	0.0 	0.1 	0.0 	0.0 	7.0 	RB41		Miami Dolphins	Buffalo Bills	0 	0.0 	29 	0.3 	1.4 	9 	0.1 	0.0 	0.1 	0.0 	0.0 	7.0 	RB42		Actual	Actual	Actual	Forecast	Forecast	Forecast	Forecast	Forecast	Forecast	Forecast	Forecast	Forecast	Forecast	Forecast	Forecast	Forecast	Forecast		Healthy	Healthy	Injured	Healthy	Healthy	Healthy	Healthy	Healthy	Healthy	Healthy	Healthy	Healthy	Healthy	Healthy	Healthy	Healthy	Healthy		Week 4 2026	10/3/2026	9:38:40 AM	9		4%	4%	31%	33%	0%	0%		0.3 	0	0	1	0	0	
	Bryce Young	Carolina Panthers	QB	QB11	16.6 	265 	3,794 	237.1 	26.4 	1.6 	179 	11.2 	2.2 	0.1 	0.0 	0.0 	0 	0.0 	0.0 	0.0 	10.4 	1.0 	0.0 	0.650 	0.460 	0.363 	1 	0.350 	0.000 	96 	212 	116 	11 	25 	14 	0.357 				-	-		-	-		-	-		-	-		31.4 	24.1 	13.6 	17.0 	0.0 	14.7 	16.1 	15.1 	14.3 	14.9 	15.2 	14.9 	14.4 	15.6 	15.6 	14.2 	14.2 		QB3	QB7	QB22	QB6	-	QB18	QB15	QB20	QB25	QB20	QB20	QB26	QB24	QB20	QB19	QB27	QB27		QB24	15.1 	219.6 	1.5 	12.5 	0.1 	0.0 	0.0 	0.0 	22 	0.634 	0.460 	0.227 	0 	0.332 	0.000 	136 	0.276 		196 		-	-		-	-		-	-		-	-		QB4	23.1 	951.7 	6.5 	54.2 	0.4 	0.0 	0.0 	0.0 	4 	0.665 	0.460 	0.433 	1 	0.559 	0.000 	#N/A	0.493 		69.2 		-	-		-	-		-	-		-	-					Carolina Panthers	Chicago Bears	361 	3.0 	10 	1.0 	0.0 	0 	0.0 	1.0 	0.0 	0.0 	0.0 	31.4 	QB3		Carolina Panthers	Atlanta Falcons	287 	3.0 	6 	0.0 	0.0 	0 	0.0 	0.0 	0.0 	0.0 	0.0 	24.1 	QB7		Carolina Panthers	Cleveland Browns	291 	1.0 	0 	0.0 	0.0 	0 	0.0 	1.0 	0.0 	0.0 	0.0 	13.6 	QB22		Carolina Panthers	Detroit Lions	232 	1.7 	17 	0.1 	0.0 	0 	0.0 	0.6 	0.1 	0.0 	0.0 	17.0 	QB6		Carolina Panthers	BYE	0 	0.0 	0 	0.0 	0.0 	0 	0.0 	0.0 	0.0 	0.0 	0.0 	0.0 	-		Carolina Panthers	Philadelphia Eagles	218 	1.4 	15 	0.1 	0.0 	0 	0.0 	0.6 	0.1 	0.0 	0.0 	14.7 	QB18		Carolina Panthers	Tampa Bay Buccaneers	221 	1.6 	17 	0.1 	0.0 	0 	0.0 	0.6 	0.1 	0.0 	0.0 	16.1 	QB15		Carolina Panthers	Green Bay Packers	220 	1.4 	15 	0.1 	0.0 	0 	0.0 	0.6 	0.1 	0.0 	0.0 	15.1 	QB20		Carolina Panthers	Denver Broncos	213 	1.4 	11 	0.1 	0.0 	0 	0.0 	0.6 	0.1 	0.0 	0.0 	14.3 	QB25		Carolina Panthers	New Orleans Saints	217 	1.5 	11 	0.1 	0.0 	0 	0.0 	0.6 	0.1 	0.0 	0.0 	14.9 	QB20		Carolina Panthers	Baltimore Ravens	222 	1.5 	11 	0.1 	0.0 	0 	0.0 	0.6 	0.1 	0.0 	0.0 	15.2 	QB20		Carolina Panthers	Tampa Bay Buccaneers	220 	1.5 	11 	0.1 	0.0 	0 	0.0 	0.6 	0.1 	0.0 	0.0 	14.9 	QB26		Carolina Panthers	Minnesota Vikings	217 	1.4 	11 	0.1 	0.0 	0 	0.0 	0.6 	0.1 	0.0 	0.0 	14.4 	QB24		Carolina Panthers	New Orleans Saints	220 	1.6 	12 	0.1 	0.0 	0 	0.0 	0.6 	0.1 	0.0 	0.0 	15.6 	QB20		Carolina Panthers	Cincinnati Bengals	223 	1.6 	12 	0.1 	0.0 	0 	0.0 	0.6 	0.1 	0.0 	0.0 	15.6 	QB19		Carolina Panthers	Pittsburgh Steelers	215 	1.4 	10 	0.1 	0.0 	0 	0.0 	0.6 	0.1 	0.0 	0.0 	14.2 	QB27		Carolina Panthers	Seattle Seahawks	218 	1.4 	10 	0.1 	0.0 	0 	0.0 	0.6 	0.1 	0.0 	0.0 	14.2 	QB27		Actual	Actual	Actual	Forecast	Forecast	Forecast	Forecast	Forecast	Forecast	Forecast	Forecast	Forecast	Forecast	Forecast	Forecast	Forecast	Forecast		Healthy	Healthy	Healthy	Healthy	Healthy	Healthy	Healthy	Healthy	Healthy	Healthy	Healthy	Healthy	Healthy	Healthy	Healthy	Healthy	Healthy		Week 4 2026	10/3/2026	9:38:40 AM	9		0%	0%	10%	13%	99%	99%		(0.2)	0	0	0	0	0	(0.216181)
	Brian Thomas Jr.	Jacksonville Jaguars	WR	WR55	8.1 	130 	0 	0.0 	0.0 	0.0 	0 	0.0 	0.0 	0.0 	43.6 	2.7 	626 	39.1 	4.0 	0.3 	0.0 	0.1 	0.0 	0.319 	1.000 	0.450 	(0)	0.000 	0.000 	137 	85 	(52)	55 	36 	(19)	0.250 				-	-		-	-		-	-		-	-		7.0 	7.0 	1.8 	9.1 	8.7 	8.4 	0.0 	9.1 	8.9 	8.8 	8.8 	8.8 	8.6 	8.7 	8.2 	9.0 	9.2 		WR53	WR42	WR82	WR50	WR50	WR47	-	WR45	WR49	WR47	WR43	WR52	WR49	WR50	WR58	WR52	WR51		WR53	8.8 	0.0 	0.0 	0.0 	0.0 	2.8 	41.4 	0.3 	53 	0.369 	1.000 	0.470 	0 	0.003 	0.000 	138 	0.268 		114 		-	-		-	-		-	-		-	-		WR76	5.3 	0.0 	0.0 	0.0 	0.0 	12.2 	179.4 	1.3 	76 	0.152 	1.000 	0.240 	(0)	0.000 	0.000 	#N/A	0.131 		15.8 		-	-		-	-		-	-		-	-					Jacksonville Jaguars	Cleveland Browns	0 	0.0 	0 	0.0 	3.0 	40 	0.0 	0.0 	0.0 	0.0 	0.0 	7.0 	WR53		Jacksonville Jaguars	Denver Broncos	0 	0.0 	0 	0.0 	3.0 	40 	0.0 	0.0 	0.0 	0.0 	0.0 	7.0 	WR42		Jacksonville Jaguars	New England Patriots	0 	0.0 	0 	0.0 	1.0 	8 	0.0 	0.0 	0.0 	0.0 	0.0 	1.8 	WR82		Jacksonville Jaguars	Cincinnati Bengals	0 	0.0 	0 	0.0 	2.9 	43 	0.3 	0.0 	0.0 	0.0 	0.0 	9.1 	WR50		Jacksonville Jaguars	Philadelphia Eagles	0 	0.0 	0 	0.0 	2.8 	41 	0.3 	0.0 	0.0 	0.0 	0.0 	8.7 	WR50		Jacksonville Jaguars	Houston Texans	0 	0.0 	0 	0.0 	2.7 	40 	0.3 	0.0 	0.0 	0.0 	0.0 	8.4 	WR47		Jacksonville Jaguars	BYE	0 	0.0 	0 	0.0 	0.0 	0 	0.0 	0.0 	0.0 	0.0 	0.0 	0.0 	-		Jacksonville Jaguars	Indianapolis Colts	0 	0.0 	0 	0.0 	2.9 	42 	0.3 	0.0 	0.0 	0.0 	0.0 	9.1 	WR45		Jacksonville Jaguars	Baltimore Ravens	0 	0.0 	0 	0.0 	2.9 	42 	0.3 	0.0 	0.0 	0.0 	0.0 	8.9 	WR49		Jacksonville Jaguars	Tennessee Titans	0 	0.0 	0 	0.0 	2.8 	41 	0.3 	0.0 	0.0 	0.0 	0.0 	8.8 	WR47		Jacksonville Jaguars	New York Giants	0 	0.0 	0 	0.0 	2.8 	41 	0.3 	0.0 	0.0 	0.0 	0.0 	8.8 	WR43		Jacksonville Jaguars	Tennessee Titans	0 	0.0 	0 	0.0 	2.8 	41 	0.3 	0.0 	0.0 	0.0 	0.0 	8.8 	WR52		Jacksonville Jaguars	Chicago Bears	0 	0.0 	0 	0.0 	2.8 	41 	0.3 	0.0 	0.0 	0.0 	0.0 	8.6 	WR49		Jacksonville Jaguars	Pittsburgh Steelers	0 	0.0 	0 	0.0 	2.8 	41 	0.3 	0.0 	0.0 	0.0 	0.0 	8.7 	WR50		Jacksonville Jaguars	Houston Texans	0 	0.0 	0 	0.0 	2.7 	40 	0.3 	0.0 	0.0 	0.0 	0.0 	8.2 	WR58		Jacksonville Jaguars	Dallas Cowboys	0 	0.0 	0 	0.0 	2.9 	42 	0.3 	0.0 	0.0 	0.0 	0.0 	9.0 	WR52		Jacksonville Jaguars	Washington Commanders	0 	0.0 	0 	0.0 	2.9 	43 	0.3 	0.0 	0.0 	0.0 	0.0 	9.2 	WR51		Actual	Actual	Actual	Forecast	Forecast	Forecast	Forecast	Forecast	Forecast	Forecast	Forecast	Forecast	Forecast	Forecast	Forecast	Forecast	Forecast		Healthy	Healthy	Healthy	Healthy	Healthy	Healthy	Healthy	Healthy	Healthy	Healthy	Healthy	Healthy	Healthy	Healthy	Healthy	Healthy	Healthy		Week 4 2026	10/3/2026	9:38:40 AM	9		18%	19%	0%	0%	0%	0%		0.1 	0	0	0	0	0	0.137160 
	Tyjae Spears	Tennessee Titans	RB	RB40	6.7 	108 	0 	0.0 	0.0 	0.0 	353 	22.1 	1.5 	0.1 	31.2 	2.0 	275 	17.2 	1.1 	0.1 	0.0 	0.9 	0.0 	0.264 	1.000 	0.519 	(0)	0.000 	0.000 	128 	143 	15 	40 	47 	7 	0.273 				-	-		-	-		-	-		-	-		4.4 	9.0 	0.5 	6.0 	6.5 	7.5 	7.5 	7.4 	0.0 	7.4 	7.3 	7.1 	7.6 	7.1 	7.7 	7.3 	7.3 		RB44	RB28	RB58	RB41	RB38	RB34	RB35	RB34	-	RB34	RB32	RB42	RB36	RB39	RB37	RB39	RB40		RB41	7.2 	0.0 	0.0 	22.7 	0.1 	2.1 	18.0 	0.1 	41 	0.302 	1.000 	0.506 	(0)	0.000 	0.000 	137 	0.273 		94 		-	-		-	-		-	-		-	-		RB49	4.6 	0.0 	0.0 	98.4 	0.5 	9.1 	78.1 	0.4 	49 	0.134 	1.000 	0.405 	(0)	0.000 	0.000 	#N/A	0.202 		13.9 		-	-		-	-		-	-		-	-					Tennessee Titans	New York Jets	0 	0.0 	12 	0.0 	2.0 	12 	0.0 	0.0 	0.0 	0.0 	0.0 	4.4 	RB44		Tennessee Titans	Philadelphia Eagles	0 	0.0 	41 	0.0 	2.0 	29 	0.0 	0.0 	0.0 	0.0 	0.0 	9.0 	RB28		Tennessee Titans	New York Giants	0 	0.0 	5 	0.0 	0.0 	0 	0.0 	0.0 	0.0 	0.0 	0.0 	0.5 	RB58		Tennessee Titans	Baltimore Ravens	0 	0.0 	18 	0.1 	1.9 	16 	0.1 	0.0 	0.1 	0.0 	0.0 	6.0 	RB41		Tennessee Titans	Houston Texans	0 	0.0 	20 	0.1 	2.0 	17 	0.1 	0.0 	0.1 	0.0 	0.0 	6.5 	RB38		Tennessee Titans	Indianapolis Colts	0 	0.0 	23 	0.1 	2.2 	19 	0.1 	0.0 	0.1 	0.0 	0.0 	7.5 	RB34		Tennessee Titans	Cleveland Browns	0 	0.0 	25 	0.1 	2.0 	18 	0.1 	0.0 	0.1 	0.0 	0.0 	7.5 	RB35		Tennessee Titans	Cincinnati Bengals	0 	0.0 	22 	0.1 	2.2 	19 	0.1 	0.0 	0.1 	0.0 	0.0 	7.4 	RB34		Tennessee Titans	BYE	0 	0.0 	0 	0.0 	0.0 	0 	0.0 	0.0 	0.0 	0.0 	0.0 	0.0 	-		Tennessee Titans	Jacksonville Jaguars	0 	0.0 	24 	0.1 	2.1 	18 	0.1 	0.0 	0.1 	0.0 	0.0 	7.4 	RB34		Tennessee Titans	Dallas Cowboys	0 	0.0 	22 	0.1 	2.2 	19 	0.1 	0.0 	0.1 	0.0 	0.0 	7.3 	RB32		Tennessee Titans	Jacksonville Jaguars	0 	0.0 	22 	0.1 	2.1 	18 	0.1 	0.0 	0.1 	0.0 	0.0 	7.1 	RB42		Tennessee Titans	Washington Commanders	0 	0.0 	25 	0.1 	2.1 	18 	0.1 	0.0 	0.1 	0.0 	0.0 	7.6 	RB36		Tennessee Titans	Detroit Lions	0 	0.0 	21 	0.1 	2.2 	19 	0.1 	0.0 	0.1 	0.0 	0.0 	7.1 	RB39		Tennessee Titans	Indianapolis Colts	0 	0.0 	25 	0.1 	2.1 	18 	0.1 	0.0 	0.1 	0.0 	0.0 	7.7 	RB37		Tennessee Titans	Las Vegas Raiders	0 	0.0 	24 	0.1 	2.1 	18 	0.1 	0.0 	0.1 	0.0 	0.0 	7.3 	RB39		Tennessee Titans	Pittsburgh Steelers	0 	0.0 	24 	0.1 	2.1 	18 	0.1 	0.0 	0.1 	0.0 	0.0 	7.3 	RB40		Actual	Actual	Actual	Forecast	Forecast	Forecast	Forecast	Forecast	Forecast	Forecast	Forecast	Forecast	Forecast	Forecast	Forecast	Forecast	Forecast		Healthy	Healthy	Healthy	Limited / Handicapped	Healthy	Healthy	Healthy	Healthy	Healthy	Healthy	Healthy	Healthy	Healthy	Healthy	Healthy	Healthy	Healthy		Week 4 2026	10/3/2026	9:38:40 AM	9		8%	6%	22%	15%	0%	0%		0.1 	0	0	0	0	0	0.071043 
	Jordan Mason	Minnesota Vikings	RB	RB43	7.7 	93 	0 	0.0 	0.0 	0.0 	535 	44.6 	4.4 	0.4 	9.7 	0.8 	48 	4.0 	0.2 	0.0 	0.0 	1.3 	0.0 	0.228 	1.000 	0.481 	(0)	0.000 	0.000 	136 	102 	(34)	43 	38 	(5)	0.251 				-	-		-	-		-	-		-	-		11.9 	0.0 	0.0 	0.0 	0.0 	0.0 	7.9 	6.9 	7.4 	6.8 	6.9 	8.1 	7.7 	6.6 	7.3 	7.9 	7.4 		RB23	-	-	-	-	-	RB34	RB37	RB37	RB38	RB33	RB37	RB35	RB41	RB41	RB38	RB39		RB43	7.4 	0.0 	0.0 	43.2 	0.3 	0.9 	4.4 	0.0 	43 	0.261 	1.000 	0.481 	(0)	0.000 	0.000 	142 	0.256 		81 		-	-		-	-		-	-		-	-		RB56	11.9 	0.0 	0.0 	475.7 	3.4 	9.7 	48.4 	0.2 	56 	0.114 	1.000 	0.315 	(1)	0.000 	0.000 	#N/A	0.159 		11.9 		-	-		-	-		-	-		-	-					Minnesota Vikings	Green Bay Packers	0 	0.0 	59 	1.0 	0.0 	0 	0.0 	0.0 	0.0 	0.0 	0.0 	11.9 	RB23		Minnesota Vikings	Chicago Bears	0 	0.0 	0 	0.0 	0.0 	0 	0.0 	0.0 	0.0 	0.0 	0.0 	0.0 	-		Minnesota Vikings	Tampa Bay Buccaneers	0 	0.0 	0 	0.0 	0.0 	0 	0.0 	0.0 	0.0 	0.0 	0.0 	0.0 	-		Minnesota Vikings	Miami Dolphins	0 	0.0 	0 	0.0 	0.0 	0 	0.0 	0.0 	0.0 	0.0 	0.0 	0.0 	-		Minnesota Vikings	New Orleans Saints	0 	0.0 	0 	0.0 	0.0 	0 	0.0 	0.0 	0.0 	0.0 	0.0 	0.0 	-		Minnesota Vikings	BYE	0 	0.0 	0 	0.0 	0.0 	0 	0.0 	0.0 	0.0 	0.0 	0.0 	0.0 	-		Minnesota Vikings	Indianapolis Colts	0 	0.0 	46 	0.3 	0.9 	4 	0.0 	0.0 	0.1 	0.0 	0.0 	7.9 	RB34		Minnesota Vikings	Detroit Lions	0 	0.0 	40 	0.3 	0.9 	4 	0.0 	0.0 	0.1 	0.0 	0.0 	6.9 	RB37		Minnesota Vikings	Buffalo Bills	0 	0.0 	43 	0.3 	0.9 	4 	0.0 	0.0 	0.1 	0.0 	0.0 	7.4 	RB37		Minnesota Vikings	Green Bay Packers	0 	0.0 	40 	0.3 	0.9 	4 	0.0 	0.0 	0.1 	0.0 	0.0 	6.8 	RB38		Minnesota Vikings	San Francisco 49ers	0 	0.0 	40 	0.3 	0.9 	4 	0.0 	0.0 	0.1 	0.0 	0.0 	6.9 	RB33		Minnesota Vikings	Atlanta Falcons	0 	0.0 	48 	0.4 	0.9 	4 	0.0 	0.0 	0.1 	0.0 	0.0 	8.1 	RB37		Minnesota Vikings	Carolina Panthers	0 	0.0 	45 	0.3 	0.9 	4 	0.0 	0.0 	0.1 	0.0 	0.0 	7.7 	RB35		Minnesota Vikings	New England Patriots	0 	0.0 	39 	0.3 	0.9 	4 	0.0 	0.0 	0.1 	0.0 	0.0 	6.6 	RB41		Minnesota Vikings	Detroit Lions	0 	0.0 	43 	0.3 	0.9 	4 	0.0 	0.0 	0.1 	0.0 	0.0 	7.3 	RB41		Minnesota Vikings	Washington Commanders	0 	0.0 	46 	0.3 	0.9 	4 	0.0 	0.0 	0.1 	0.0 	0.0 	7.9 	RB38		Minnesota Vikings	New York Jets	0 	0.0 	44 	0.3 	0.9 	4 	0.0 	0.0 	0.1 	0.0 	0.0 	7.4 	RB39		Actual	Actual	Actual	Forecast	Forecast	Forecast	Forecast	Forecast	Forecast	Forecast	Forecast	Forecast	Forecast	Forecast	Forecast	Forecast	Forecast		Healthy	Injured	Injured	Injured	Injured	Healthy	Healthy	Healthy	Healthy	Healthy	Healthy	Healthy	Healthy	Healthy	Healthy	Healthy	Healthy		Week 4 2026	10/3/2026	9:38:40 AM	9		2%	1%	36%	37%	0%	0%		0.1 	0	1	1	1	1	
	Courtland Sutton	Denver Broncos	WR	WR57	8.1 	130 	0 	0.0 	0.0 	0.0 	0 	0.0 	0.0 	0.0 	50.6 	3.2 	581 	36.3 	3.6 	0.2 	0.0 	0.1 	0.0 	0.319 	1.000 	0.430 	(0)	0.000 	0.000 	141 	77 	(64)	57 	33 	(24)	0.241 				-	-		-	-		-	-		-	-		3.1 	5.5 	7.6 	9.0 	8.9 	8.6 	9.0 	8.8 	8.9 	0.0 	8.8 	8.4 	8.8 	8.6 	8.7 	9.0 	8.5 		WR79	WR56	WR47	WR51	WR48	WR45	WR46	WR48	WR50	-	WR44	WR55	WR48	WR51	WR53	WR53	WR54		WR54	8.8 	0.0 	0.0 	0.0 	0.0 	3.3 	38.4 	0.3 	54 	0.368 	1.000 	0.460 	(0)	0.000 	0.000 	141 	0.262 		114 		-	-		-	-		-	-		-	-		WR75	5.4 	0.0 	0.0 	0.0 	0.0 	14.2 	166.2 	1.2 	75 	0.156 	1.000 	0.250 	(0)	0.000 	0.000 	#N/A	0.136 		16.2 		-	-		-	-		-	-		-	-					Denver Broncos	Kansas City Chiefs	0 	0.0 	0 	0.0 	2.0 	11 	0.0 	0.0 	0.0 	0.0 	0.0 	3.1 	WR79		Denver Broncos	Jacksonville Jaguars	0 	0.0 	0 	0.0 	3.0 	25 	0.0 	0.0 	0.0 	0.0 	0.0 	5.5 	WR56		Denver Broncos	Los Angeles Rams	0 	0.0 	0 	0.0 	3.0 	46 	0.0 	0.0 	0.0 	0.0 	0.0 	7.6 	WR47		Denver Broncos	San Francisco 49ers	0 	0.0 	0 	0.0 	3.4 	39 	0.3 	0.0 	0.0 	0.0 	0.0 	9.0 	WR51		Denver Broncos	Los Angeles Chargers	0 	0.0 	0 	0.0 	3.3 	39 	0.3 	0.0 	0.0 	0.0 	0.0 	8.9 	WR48		Denver Broncos	Seattle Seahawks	0 	0.0 	0 	0.0 	3.3 	38 	0.3 	0.0 	0.0 	0.0 	0.0 	8.6 	WR45		Denver Broncos	Arizona Cardinals	0 	0.0 	0 	0.0 	3.3 	39 	0.3 	0.0 	0.0 	0.0 	0.0 	9.0 	WR46		Denver Broncos	Kansas City Chiefs	0 	0.0 	0 	0.0 	3.3 	39 	0.3 	0.0 	0.0 	0.0 	0.0 	8.8 	WR48		Denver Broncos	Carolina Panthers	0 	0.0 	0 	0.0 	3.3 	39 	0.3 	0.0 	0.0 	0.0 	0.0 	8.9 	WR50		Denver Broncos	BYE	0 	0.0 	0 	0.0 	0.0 	0 	0.0 	0.0 	0.0 	0.0 	0.0 	0.0 	-		Denver Broncos	Las Vegas Raiders	0 	0.0 	0 	0.0 	3.3 	38 	0.3 	0.0 	0.0 	0.0 	0.0 	8.8 	WR44		Denver Broncos	Pittsburgh Steelers	0 	0.0 	0 	0.0 	3.2 	37 	0.3 	0.0 	0.0 	0.0 	0.0 	8.4 	WR55		Denver Broncos	Miami Dolphins	0 	0.0 	0 	0.0 	3.3 	38 	0.3 	0.0 	0.0 	0.0 	0.0 	8.8 	WR48		Denver Broncos	New York Jets	0 	0.0 	0 	0.0 	3.2 	38 	0.3 	0.0 	0.0 	0.0 	0.0 	8.6 	WR51		Denver Broncos	Las Vegas Raiders	0 	0.0 	0 	0.0 	3.2 	38 	0.3 	0.0 	0.0 	0.0 	0.0 	8.7 	WR53		Denver Broncos	Buffalo Bills	0 	0.0 	0 	0.0 	3.4 	39 	0.3 	0.0 	0.0 	0.0 	0.0 	9.0 	WR53		Denver Broncos	New England Patriots	0 	0.0 	0 	0.0 	3.2 	38 	0.3 	0.0 	0.0 	0.0 	0.0 	8.5 	WR54		Actual	Actual	Actual	Forecast	Forecast	Forecast	Forecast	Forecast	Forecast	Forecast	Forecast	Forecast	Forecast	Forecast	Forecast	Forecast	Forecast		Healthy	Healthy	Healthy	Healthy	Healthy	Healthy	Healthy	Healthy	Healthy	Healthy	Healthy	Healthy	Healthy	Healthy	Healthy	Healthy	Healthy		Week 4 2026	10/3/2026	9:38:40 AM	9		17%	19%	0%	0%	0%	0%		0.1 	0	0	0	0	0	0.126281 
	Kenyon Sadiq	New York Jets	TE	TE13	9.8 	157 	0 	0.0 	0.0 	0.0 	3 	0.2 	1.0 	0.1 	58.3 	3.6 	667 	41.7 	4.3 	0.3 	0.0 	0.1 	0.0 	0.384 	0.560 	0.467 	1 	0.212 	0.000 	101 	175 	74 	12 	21 	9 	0.340 				-	-		-	-		-	-		-	-		11.4 	3.7 	23.5 	8.9 	9.2 	9.0 	9.4 	9.2 	8.9 	9.6 	8.9 	9.1 	0.0 	9.0 	9.2 	9.0 	9.0 		TE11	TE23	TE4	TE16	TE16	TE14	TE15	TE14	TE19	TE12	TE18	TE18	-	TE16	TE18	TE18	TE18		TE19	9.1 	0.0 	0.0 	0.0 	0.0 	3.6 	40.3 	0.3 	18 	0.382 	0.560 	0.413 	0 	0.168 	0.000 	126 	0.298 		118 		-	-		-	-		-	-		-	-		TE9	12.9 	0.0 	0.0 	0.0 	0.0 	15.4 	174.6 	1.1 	9 	0.371 	0.560 	0.493 	1 	0.439 	0.000 	#N/A	0.450 		38.6 		-	-		-	-		-	-		-	-					New York Jets	Tennessee Titans	0 	0.0 	3 	1.0 	3.0 	21 	0.0 	0.0 	0.0 	0.0 	0.0 	11.4 	TE11		New York Jets	Green Bay Packers	0 	0.0 	0 	0.0 	2.0 	17 	0.0 	0.0 	0.0 	0.0 	0.0 	3.7 	TE23		New York Jets	Detroit Lions	0 	0.0 	0 	0.0 	7.0 	105 	1.0 	0.0 	0.0 	0.0 	0.0 	23.5 	TE4		New York Jets	Chicago Bears	0 	0.0 	0 	0.0 	3.5 	39 	0.3 	0.0 	0.0 	0.0 	0.0 	8.9 	TE16		New York Jets	Cleveland Browns	0 	0.0 	0 	0.0 	3.6 	40 	0.3 	0.0 	0.0 	0.0 	0.0 	9.2 	TE16		New York Jets	New England Patriots	0 	0.0 	0 	0.0 	3.6 	41 	0.2 	0.0 	0.0 	0.0 	0.0 	9.0 	TE14		New York Jets	Miami Dolphins	0 	0.0 	0 	0.0 	3.6 	41 	0.3 	0.0 	0.0 	0.0 	0.0 	9.4 	TE15		New York Jets	Las Vegas Raiders	0 	0.0 	0 	0.0 	3.6 	40 	0.3 	0.0 	0.0 	0.0 	0.0 	9.2 	TE14		New York Jets	Kansas City Chiefs	0 	0.0 	0 	0.0 	3.6 	40 	0.2 	0.0 	0.0 	0.0 	0.0 	8.9 	TE19		New York Jets	Buffalo Bills	0 	0.0 	0 	0.0 	3.7 	42 	0.3 	0.0 	0.0 	0.0 	0.0 	9.6 	TE12		New York Jets	Los Angeles Chargers	0 	0.0 	0 	0.0 	3.6 	40 	0.2 	0.0 	0.0 	0.0 	0.0 	8.9 	TE18		New York Jets	Miami Dolphins	0 	0.0 	0 	0.0 	3.5 	40 	0.3 	0.0 	0.0 	0.0 	0.0 	9.1 	TE18		New York Jets	BYE	0 	0.0 	0 	0.0 	0.0 	0 	0.0 	0.0 	0.0 	0.0 	0.0 	0.0 	-		New York Jets	Denver Broncos	0 	0.0 	0 	0.0 	3.5 	40 	0.2 	0.0 	0.0 	0.0 	0.0 	9.0 	TE16		New York Jets	Arizona Cardinals	0 	0.0 	0 	0.0 	3.6 	40 	0.3 	0.0 	0.0 	0.0 	0.0 	9.2 	TE18		New York Jets	New England Patriots	0 	0.0 	0 	0.0 	3.5 	40 	0.2 	0.0 	0.0 	0.0 	0.0 	9.0 	TE18		New York Jets	Minnesota Vikings	0 	0.0 	0 	0.0 	3.5 	40 	0.2 	0.0 	0.0 	0.0 	0.0 	9.0 	TE18		Actual	Actual	Actual	Forecast	Forecast	Forecast	Forecast	Forecast	Forecast	Forecast	Forecast	Forecast	Forecast	Forecast	Forecast	Forecast	Forecast		Healthy	Healthy	Healthy	Limited / Handicapped	Healthy	Healthy	Healthy	Healthy	Healthy	Healthy	Healthy	Healthy	Healthy	Healthy	Healthy	Healthy	Healthy		Week 4 2026	10/3/2026	9:38:40 AM	9		19%	20%	0%	0%	0%	0%		(0.2)	0	0	0	0	0	(0.152078)
	Alvin Kamara	New Orleans Saints	RB	RB41	7.1 	107 	0 	0.0 	0.0 	0.0 	354 	23.6 	1.6 	0.1 	40.2 	2.7 	204 	13.6 	0.5 	0.0 	0.0 	1.1 	0.0 	0.261 	1.000 	0.506 	(0)	0.000 	0.000 	130 	158 	28 	41 	50 	9 	0.267 				-	-		-	-		-	-		-	-		0.0 	7.2 	5.1 	9.3 	8.3 	8.3 	8.1 	0.0 	6.9 	6.9 	6.4 	6.5 	6.5 	6.5 	6.6 	7.3 	6.7 		-	RB37	RB40	RB29	RB33	RB31	RB31	-	RB40	RB36	RB36	RB43	RB39	RB42	RB42	RB40	RB43		RB40	7.3 	0.0 	0.0 	23.3 	0.1 	2.6 	14.7 	0.0 	40 	0.304 	1.000 	0.519 	(0)	0.000 	0.000 	135 	0.279 		94 		-	-		-	-		-	-		-	-		RB54	6.2 	0.0 	0.0 	151.6 	0.8 	17.1 	95.9 	0.3 	54 	0.118 	1.000 	0.341 	(1)	0.000 	0.000 	#N/A	0.171 		12.3 		-	-		-	-		-	-		-	-					New Orleans Saints	Detroit Lions	0 	0.0 	0 	0.0 	0.0 	0 	0.0 	0.0 	0.0 	0.0 	0.0 	0.0 	-		New Orleans Saints	Baltimore Ravens	0 	0.0 	15 	0.0 	5.0 	7 	0.0 	0.0 	0.0 	0.0 	0.0 	7.2 	RB37		New Orleans Saints	Las Vegas Raiders	0 	0.0 	36 	0.0 	1.0 	5 	0.0 	0.0 	0.0 	0.0 	0.0 	5.1 	RB40		New Orleans Saints	Atlanta Falcons	0 	0.0 	34 	0.2 	2.7 	15 	0.1 	0.0 	0.1 	0.0 	0.0 	9.3 	RB29		New Orleans Saints	Minnesota Vikings	0 	0.0 	31 	0.2 	2.6 	15 	0.0 	0.0 	0.1 	0.0 	0.0 	8.3 	RB33		New Orleans Saints	New York Giants	0 	0.0 	31 	0.2 	2.6 	15 	0.0 	0.0 	0.1 	0.0 	0.0 	8.3 	RB31		New Orleans Saints	Pittsburgh Steelers	0 	0.0 	30 	0.2 	2.6 	14 	0.0 	0.0 	0.1 	0.0 	0.0 	8.1 	RB31		New Orleans Saints	BYE	0 	0.0 	0 	0.0 	0.0 	0 	0.0 	0.0 	0.0 	0.0 	0.0 	0.0 	-		New Orleans Saints	Cleveland Browns	0 	0.0 	21 	0.1 	2.6 	15 	0.0 	0.0 	0.1 	0.0 	0.0 	6.9 	RB40		New Orleans Saints	Carolina Panthers	0 	0.0 	21 	0.1 	2.6 	15 	0.0 	0.0 	0.1 	0.0 	0.0 	6.9 	RB36		New Orleans Saints	Chicago Bears	0 	0.0 	17 	0.1 	2.7 	15 	0.0 	0.0 	0.1 	0.0 	0.0 	6.4 	RB36		New Orleans Saints	Cincinnati Bengals	0 	0.0 	18 	0.1 	2.7 	15 	0.0 	0.0 	0.1 	0.0 	0.0 	6.5 	RB43		New Orleans Saints	Green Bay Packers	0 	0.0 	19 	0.1 	2.6 	15 	0.0 	0.0 	0.1 	0.0 	0.0 	6.5 	RB39		New Orleans Saints	Carolina Panthers	0 	0.0 	20 	0.1 	2.6 	14 	0.0 	0.0 	0.1 	0.0 	0.0 	6.5 	RB42		New Orleans Saints	Tampa Bay Buccaneers	0 	0.0 	19 	0.1 	2.7 	15 	0.0 	0.0 	0.1 	0.0 	0.0 	6.6 	RB42		New Orleans Saints	Arizona Cardinals	0 	0.0 	23 	0.1 	2.7 	15 	0.0 	0.0 	0.1 	0.0 	0.0 	7.3 	RB40		New Orleans Saints	Atlanta Falcons	0 	0.0 	20 	0.1 	2.6 	15 	0.0 	0.0 	0.1 	0.0 	0.0 	6.7 	RB43		Actual	Actual	Actual	Forecast	Forecast	Forecast	Forecast	Forecast	Forecast	Forecast	Forecast	Forecast	Forecast	Forecast	Forecast	Forecast	Forecast		Injured	Healthy	Healthy	Healthy	Healthy	Healthy	Healthy	Healthy	Healthy	Healthy	Healthy	Healthy	Healthy	Healthy	Healthy	Healthy	Healthy		Week 4 2026	10/3/2026	9:38:40 AM	9		6%	2%	22%	15%	0%	0%		0.1 	1	0	0	0	0	
	Keenan Allen	Indianapolis Colts	WR	WR51	9.3 	148 	0 	0.0 	0.0 	0.0 	0 	0.0 	0.0 	0.0 	68.8 	4.3 	574 	35.9 	3.7 	0.2 	0.0 	0.1 	0.0 	0.363 	1.000 	0.510 	0 	0.027 	0.000 	121 	162 	41 	49 	58 	9 	0.295 				-	-		-	-		-	-		-	-		9.2 	1.5 	18.3 	9.2 	8.8 	9.4 	8.9 	9.2 	9.6 	9.2 	9.0 	9.3 	0.0 	9.1 	9.2 	9.6 	8.9 		WR36	WR82	WR18	WR49	WR49	WR43	WR47	WR44	WR45	WR44	WR40	WR51	-	WR48	WR51	WR48	WR53		WR50	9.2 	0.0 	0.0 	0.0 	0.0 	4.3 	36.5 	0.2 	50 	0.385 	1.000 	0.500 	0 	0.030 	0.000 	128 	0.295 		119 		-	-		-	-		-	-		-	-		WR38	9.7 	0.0 	0.0 	0.0 	0.0 	18.6 	158.0 	0.9 	38 	0.279 	1.000 	0.620 	0 	0.054 	0.000 	#N/A	0.342 		29.0 		-	-		-	-		-	-		-	-					Indianapolis Colts	Baltimore Ravens	0 	0.0 	0 	0.0 	6.0 	32 	0.0 	0.0 	0.0 	0.0 	0.0 	9.2 	WR36		Indianapolis Colts	Kansas City Chiefs	0 	0.0 	0 	0.0 	1.0 	5 	0.0 	0.0 	0.0 	0.0 	0.0 	1.5 	WR82		Indianapolis Colts	Houston Texans	0 	0.0 	0 	0.0 	6.0 	63 	1.0 	0.0 	0.0 	0.0 	0.0 	18.3 	WR18		Indianapolis Colts	Washington Commanders	0 	0.0 	0 	0.0 	4.3 	36 	0.2 	0.0 	0.0 	0.0 	0.0 	9.2 	WR49		Indianapolis Colts	Pittsburgh Steelers	0 	0.0 	0 	0.0 	4.1 	35 	0.2 	0.0 	0.0 	0.0 	0.0 	8.8 	WR49		Indianapolis Colts	Tennessee Titans	0 	0.0 	0 	0.0 	4.3 	37 	0.2 	0.0 	0.0 	0.0 	0.0 	9.4 	WR43		Indianapolis Colts	Minnesota Vikings	0 	0.0 	0 	0.0 	4.2 	36 	0.2 	0.0 	0.0 	0.0 	0.0 	8.9 	WR47		Indianapolis Colts	Jacksonville Jaguars	0 	0.0 	0 	0.0 	4.3 	37 	0.2 	0.0 	0.0 	0.0 	0.0 	9.2 	WR44		Indianapolis Colts	Dallas Cowboys	0 	0.0 	0 	0.0 	4.5 	38 	0.2 	0.0 	0.0 	0.0 	0.0 	9.6 	WR45		Indianapolis Colts	Miami Dolphins	0 	0.0 	0 	0.0 	4.2 	36 	0.2 	0.0 	0.0 	0.0 	0.0 	9.2 	WR44		Indianapolis Colts	Houston Texans	0 	0.0 	0 	0.0 	4.2 	36 	0.2 	0.0 	0.0 	0.0 	0.0 	9.0 	WR40		Indianapolis Colts	New York Giants	0 	0.0 	0 	0.0 	4.3 	37 	0.2 	0.0 	0.0 	0.0 	0.0 	9.3 	WR51		Indianapolis Colts	BYE	0 	0.0 	0 	0.0 	0.0 	0 	0.0 	0.0 	0.0 	0.0 	0.0 	0.0 	-		Indianapolis Colts	Philadelphia Eagles	0 	0.0 	0 	0.0 	4.3 	36 	0.2 	0.0 	0.0 	0.0 	0.0 	9.1 	WR48		Indianapolis Colts	Tennessee Titans	0 	0.0 	0 	0.0 	4.3 	36 	0.2 	0.0 	0.0 	0.0 	0.0 	9.2 	WR51		Indianapolis Colts	Cincinnati Bengals	0 	0.0 	0 	0.0 	4.5 	38 	0.2 	0.0 	0.0 	0.0 	0.0 	9.6 	WR48		Indianapolis Colts	Cleveland Browns	0 	0.0 	0 	0.0 	4.2 	36 	0.2 	0.0 	0.0 	0.0 	0.0 	8.9 	WR53		Actual	Actual	Actual	Forecast	Forecast	Forecast	Forecast	Forecast	Forecast	Forecast	Forecast	Forecast	Forecast	Forecast	Forecast	Forecast	Forecast		Healthy	Healthy	Healthy	Healthy	Healthy	Healthy	Healthy	Healthy	Healthy	Healthy	Healthy	Healthy	Healthy	Healthy	Healthy	Healthy	Healthy		Week 4 2026	10/3/2026	9:38:40 AM	9		16%	16%	0%	0%	0%	0%		(0.0)	0	0	0	0	0	(0.047452)
	Kyle Pitts Sr.	Atlanta Falcons	TE	TE23	7.4 	112 	0 	0.0 	0.0 	0.0 	0 	0.0 	0.0 	0.0 	43.7 	2.9 	499 	33.3 	3.0 	0.2 	0.0 	0.1 	0.0 	0.273 	0.560 	0.366 	(0)	0.000 	0.000 	168 	71 	(97)	23 	8 	(15)	0.188 				-	-		-	-		-	-		-	-		0.0 	2.5 	1.5 	8.3 	8.6 	8.3 	8.3 	8.2 	8.6 	8.2 	0.0 	8.0 	8.5 	7.8 	8.3 	8.2 	8.2 		-	TE31	TE30	TE20	TE18	TE17	TE20	TE17	TE21	TE19	-	TE21	TE17	TE20	TE21	TE21	TE21		TE21	8.3 	0.0 	0.0 	0.0 	0.0 	3.2 	36.9 	0.2 	21 	0.347 	0.560 	0.385 	0 	0.090 	0.000 	146 	0.247 		108 		-	-		-	-		-	-		-	-		TE65	2.0 	0.0 	0.0 	0.0 	0.0 	20.8 	239.6 	1.5 	65 	0.038 	0.560 	0.000 	(1)	0.000 	0.000 	#N/A	0.006 		4.0 		-	-		-	-		-	-		-	-					Atlanta Falcons	Pittsburgh Steelers	0 	0.0 	0 	0.0 	0.0 	0 	0.0 	0.0 	0.0 	0.0 	0.0 	0.0 	-		Atlanta Falcons	Carolina Panthers	0 	0.0 	0 	0.0 	1.0 	15 	0.0 	0.0 	0.0 	0.0 	0.0 	2.5 	TE31		Atlanta Falcons	Green Bay Packers	0 	0.0 	0 	0.0 	1.0 	5 	0.0 	0.0 	0.0 	0.0 	0.0 	1.5 	TE30		Atlanta Falcons	New Orleans Saints	0 	0.0 	0 	0.0 	3.2 	37 	0.2 	0.0 	0.0 	0.0 	0.0 	8.3 	TE20		Atlanta Falcons	Baltimore Ravens	0 	0.0 	0 	0.0 	3.3 	38 	0.2 	0.0 	0.0 	0.0 	0.0 	8.6 	TE18		Atlanta Falcons	Chicago Bears	0 	0.0 	0 	0.0 	3.2 	37 	0.2 	0.0 	0.0 	0.0 	0.0 	8.3 	TE17		Atlanta Falcons	San Francisco 49ers	0 	0.0 	0 	0.0 	3.2 	37 	0.2 	0.0 	0.0 	0.0 	0.0 	8.3 	TE20		Atlanta Falcons	Tampa Bay Buccaneers	0 	0.0 	0 	0.0 	3.2 	37 	0.2 	0.0 	0.0 	0.0 	0.0 	8.2 	TE17		Atlanta Falcons	Cincinnati Bengals	0 	0.0 	0 	0.0 	3.3 	38 	0.2 	0.0 	0.0 	0.0 	0.0 	8.6 	TE21		Atlanta Falcons	Kansas City Chiefs	0 	0.0 	0 	0.0 	3.2 	37 	0.2 	0.0 	0.0 	0.0 	0.0 	8.2 	TE19		Atlanta Falcons	BYE	0 	0.0 	0 	0.0 	0.0 	0 	0.0 	0.0 	0.0 	0.0 	0.0 	0.0 	-		Atlanta Falcons	Minnesota Vikings	0 	0.0 	0 	0.0 	3.1 	36 	0.2 	0.0 	0.0 	0.0 	0.0 	8.0 	TE21		Atlanta Falcons	Detroit Lions	0 	0.0 	0 	0.0 	3.3 	38 	0.2 	0.0 	0.0 	0.0 	0.0 	8.5 	TE17		Atlanta Falcons	Cleveland Browns	0 	0.0 	0 	0.0 	3.0 	35 	0.2 	0.0 	0.0 	0.0 	0.0 	7.8 	TE20		Atlanta Falcons	Washington Commanders	0 	0.0 	0 	0.0 	3.2 	37 	0.2 	0.0 	0.0 	0.0 	0.0 	8.3 	TE21		Atlanta Falcons	Tampa Bay Buccaneers	0 	0.0 	0 	0.0 	3.2 	37 	0.2 	0.0 	0.0 	0.0 	0.0 	8.2 	TE21		Atlanta Falcons	New Orleans Saints	0 	0.0 	0 	0.0 	3.2 	36 	0.2 	0.0 	0.0 	0.0 	0.0 	8.2 	TE21		Actual	Actual	Actual	Forecast	Forecast	Forecast	Forecast	Forecast	Forecast	Forecast	Forecast	Forecast	Forecast	Forecast	Forecast	Forecast	Forecast		Healthy	Healthy	Healthy	Healthy	Healthy	Healthy	Healthy	Healthy	Healthy	Healthy	Healthy	Healthy	Healthy	Healthy	Healthy	Healthy	Healthy		Week 4 2026	10/3/2026	9:38:40 AM	9		18%	18%	0%	0%	0%	0%		0.2 	0	0	0	0	0	0.240850 
	Adonai Mitchell	New York Jets	WR	WR59	8.7 	122 	0 	0.0 	0.0 	0.0 	0 	0.0 	0.0 	0.0 	46.1 	3.3 	605 	43.2 	2.6 	0.2 	0.0 	0.1 	0.0 	0.299 	1.000 	0.410 	(0)	0.000 	0.000 	146 	232 	86 	59 	75 	16 	0.229 				-	-		-	-		-	-		-	-		9.0 	12.3 	0.0 	0.0 	8.0 	8.4 	8.7 	8.5 	8.3 	8.8 	8.3 	8.4 	0.0 	8.3 	8.5 	8.3 	8.3 		WR38	WR23	-	-	WR53	WR48	WR48	WR49	WR52	WR46	WR45	WR56	-	WR53	WR56	WR58	WR56		WR60	8.4 	0.0 	0.0 	0.0 	0.0 	3.1 	40.2 	0.2 	60 	0.325 	1.000 	0.400 	(0)	0.000 	0.000 	154 	0.229 		101 		-	-		-	-		-	-		-	-		WR61	10.7 	0.0 	0.0 	0.0 	0.0 	18.6 	241.2 	1.3 	61 	0.205 	1.000 	0.390 	(0)	0.000 	0.000 	#N/A	0.206 		21.3 		-	-		-	-		-	-		-	-					New York Jets	Tennessee Titans	0 	0.0 	0 	0.0 	3.0 	60 	0.0 	0.0 	0.0 	0.0 	0.0 	9.0 	WR38		New York Jets	Green Bay Packers	0 	0.0 	0 	0.0 	6.0 	63 	0.0 	0.0 	0.0 	0.0 	0.0 	12.3 	WR23		New York Jets	Detroit Lions	0 	0.0 	0 	0.0 	0.0 	0 	0.0 	0.0 	0.0 	0.0 	0.0 	0.0 	-		New York Jets	Chicago Bears	0 	0.0 	0 	0.0 	0.0 	0 	0.0 	0.0 	0.0 	0.0 	0.0 	0.0 	-		New York Jets	Cleveland Browns	0 	0.0 	0 	0.0 	2.9 	38 	0.2 	0.0 	0.0 	0.0 	0.0 	8.0 	WR53		New York Jets	New England Patriots	0 	0.0 	0 	0.0 	3.1 	41 	0.2 	0.0 	0.0 	0.0 	0.0 	8.4 	WR48		New York Jets	Miami Dolphins	0 	0.0 	0 	0.0 	3.1 	41 	0.2 	0.0 	0.0 	0.0 	0.0 	8.7 	WR48		New York Jets	Las Vegas Raiders	0 	0.0 	0 	0.0 	3.1 	40 	0.2 	0.0 	0.0 	0.0 	0.0 	8.5 	WR49		New York Jets	Kansas City Chiefs	0 	0.0 	0 	0.0 	3.1 	40 	0.2 	0.0 	0.0 	0.0 	0.0 	8.3 	WR52		New York Jets	Buffalo Bills	0 	0.0 	0 	0.0 	3.2 	42 	0.2 	0.0 	0.0 	0.0 	0.0 	8.8 	WR46		New York Jets	Los Angeles Chargers	0 	0.0 	0 	0.0 	3.1 	40 	0.2 	0.0 	0.0 	0.0 	0.0 	8.3 	WR45		New York Jets	Miami Dolphins	0 	0.0 	0 	0.0 	3.1 	40 	0.2 	0.0 	0.0 	0.0 	0.0 	8.4 	WR56		New York Jets	BYE	0 	0.0 	0 	0.0 	0.0 	0 	0.0 	0.0 	0.0 	0.0 	0.0 	0.0 	-		New York Jets	Denver Broncos	0 	0.0 	0 	0.0 	3.1 	40 	0.2 	0.0 	0.0 	0.0 	0.0 	8.3 	WR53		New York Jets	Arizona Cardinals	0 	0.0 	0 	0.0 	3.1 	40 	0.2 	0.0 	0.0 	0.0 	0.0 	8.5 	WR56		New York Jets	New England Patriots	0 	0.0 	0 	0.0 	3.1 	40 	0.2 	0.0 	0.0 	0.0 	0.0 	8.3 	WR58		New York Jets	Minnesota Vikings	0 	0.0 	0 	0.0 	3.1 	40 	0.2 	0.0 	0.0 	0.0 	0.0 	8.3 	WR56		Actual	Actual	Actual	Forecast	Forecast	Forecast	Forecast	Forecast	Forecast	Forecast	Forecast	Forecast	Forecast	Forecast	Forecast	Forecast	Forecast		Healthy	Healthy	Injured	Injured	Limited / Handicapped	Healthy	Healthy	Healthy	Healthy	Healthy	Healthy	Healthy	Healthy	Healthy	Healthy	Healthy	Healthy		Week 4 2026	10/3/2026	9:38:40 AM	9		19%	17%	0%	0%	0%	0%		0.0 	0	0	1	1	0	
	Daniel Jones	Indianapolis Colts	QB	QB31	13.7 	219 	3,543 	221.4 	19.9 	1.2 	160 	10.0 	1.7 	0.1 	0.0 	0.0 	0 	0.0 	0.0 	0.0 	11.4 	3.0 	0.0 	0.536 	0.460 	0.129 	0 	0.072 	0.000 	215 	177 	(38)	29 	22 	(7)	0.102 				-	-		-	-		-	-		-	-		9.0 	11.4 	7.9 	15.1 	13.6 	15.2 	14.0 	14.5 	15.5 	15.2 	13.7 	15.0 	0.0 	13.9 	14.8 	15.5 	14.2 		QB29	QB23	QB30	QB19	QB25	QB15	QB24	QB22	QB22	QB19	QB21	QB25	-	QB26	QB25	QB21	QB28		QB26	14.6 	225.5 	1.3 	10.8 	0.1 	0.0 	0.0 	0.0 	24 	0.614 	0.460 	0.200 	0 	0.285 	0.000 	149 	0.240 		190 		-	-		-	-		-	-		-	-		QB29	9.4 	977.4 	5.6 	46.8 	0.6 	0.0 	0.0 	0.0 	29 	0.272 	0.460 	0.129 	(0)	0.000 	0.000 	#N/A	0.068 		28.3 		-	-		-	-		-	-		-	-					Indianapolis Colts	Baltimore Ravens	166 	1.0 	4 	0.0 	0.0 	0 	0.0 	1.0 	0.0 	0.0 	0.0 	9.0 	QB29		Indianapolis Colts	Kansas City Chiefs	210 	1.0 	10 	0.0 	0.0 	0 	0.0 	1.0 	0.0 	0.0 	0.0 	11.4 	QB23		Indianapolis Colts	Houston Texans	235 	1.0 	5 	0.0 	0.0 	0 	0.0 	1.0 	2.0 	0.0 	0.0 	7.9 	QB30		Indianapolis Colts	Washington Commanders	225 	1.4 	12 	0.2 	0.0 	0 	0.0 	0.6 	0.1 	0.0 	0.0 	15.1 	QB19		Indianapolis Colts	Pittsburgh Steelers	217 	1.2 	10 	0.1 	0.0 	0 	0.0 	0.6 	0.1 	0.0 	0.0 	13.6 	QB25		Indianapolis Colts	Tennessee Titans	229 	1.4 	11 	0.1 	0.0 	0 	0.0 	0.6 	0.1 	0.0 	0.0 	15.2 	QB15		Indianapolis Colts	Minnesota Vikings	221 	1.2 	10 	0.1 	0.0 	0 	0.0 	0.6 	0.1 	0.0 	0.0 	14.0 	QB24		Indianapolis Colts	Jacksonville Jaguars	228 	1.3 	10 	0.1 	0.0 	0 	0.0 	0.6 	0.1 	0.0 	0.0 	14.5 	QB22		Indianapolis Colts	Dallas Cowboys	234 	1.4 	11 	0.1 	0.0 	0 	0.0 	0.6 	0.1 	0.0 	0.0 	15.5 	QB22		Indianapolis Colts	Miami Dolphins	223 	1.4 	13 	0.2 	0.0 	0 	0.0 	0.6 	0.1 	0.0 	0.0 	15.2 	QB19		Indianapolis Colts	Houston Texans	223 	1.2 	9 	0.1 	0.0 	0 	0.0 	0.6 	0.1 	0.0 	0.0 	13.7 	QB21		Indianapolis Colts	New York Giants	227 	1.3 	11 	0.1 	0.0 	0 	0.0 	0.6 	0.1 	0.0 	0.0 	15.0 	QB25		Indianapolis Colts	BYE	0 	0.0 	0 	0.0 	0.0 	0 	0.0 	0.0 	0.0 	0.0 	0.0 	0.0 	-		Indianapolis Colts	Philadelphia Eagles	225 	1.2 	9 	0.1 	0.0 	0 	0.0 	0.6 	0.1 	0.0 	0.0 	13.9 	QB26		Indianapolis Colts	Tennessee Titans	225 	1.3 	11 	0.1 	0.0 	0 	0.0 	0.6 	0.1 	0.0 	0.0 	14.8 	QB25		Indianapolis Colts	Cincinnati Bengals	234 	1.4 	11 	0.1 	0.0 	0 	0.0 	0.6 	0.1 	0.0 	0.0 	15.5 	QB21		Indianapolis Colts	Cleveland Browns	220 	1.2 	11 	0.1 	0.0 	0 	0.0 	0.6 	0.1 	0.0 	0.0 	14.2 	QB28		Actual	Actual	Actual	Forecast	Forecast	Forecast	Forecast	Forecast	Forecast	Forecast	Forecast	Forecast	Forecast	Forecast	Forecast	Forecast	Forecast		Healthy	Healthy	Healthy	Healthy	Healthy	Healthy	Healthy	Healthy	Healthy	Healthy	Healthy	Healthy	Healthy	Healthy	Healthy	Healthy	Healthy		Week 4 2026	10/3/2026	9:38:40 AM	9		0%	0%	9%	11%	99%	99%		0.2 	0	0	0	0	0	0.171440 
	Tyler Allgeier	Arizona Cardinals	RB	RB44	5.8 	92 	0 	0.0 	0.0 	0.0 	427 	26.7 	2.3 	0.1 	23.4 	1.5 	117 	7.3 	0.6 	0.0 	0.0 	1.2 	0.0 	0.227 	1.000 	0.468 	(0)	0.000 	0.000 	140 	141 	1 	44 	46 	2 	0.245 				-	-		-	-		-	-		-	-		9.0 	3.9 	4.9 	6.8 	6.3 	5.2 	5.4 	5.4 	5.1 	5.4 	5.1 	6.2 	5.3 	0.0 	6.5 	5.7 	6.2 		RB29	RB46	RB41	RB38	RB39	RB44	RB40	RB41	RB47	RB41	RB39	RB44	RB45	-	RB43	RB46	RB45		RB46	5.7 	0.0 	0.0 	27.5 	0.2 	1.2 	6.9 	0.0 	46 	0.241 	1.000 	0.443 	(0)	0.000 	0.000 	151 	0.235 		75 		-	-		-	-		-	-		-	-		RB37	5.9 	0.0 	0.0 	119.1 	0.8 	5.1 	29.7 	0.2 	37 	0.171 	1.000 	0.557 	(0)	0.000 	0.000 	#N/A	0.276 		17.8 		-	-		-	-		-	-		-	-					Arizona Cardinals	Los Angeles Chargers	0 	0.0 	61 	0.0 	2.0 	9 	0.0 	0.0 	0.0 	0.0 	0.0 	9.0 	RB29		Arizona Cardinals	Seattle Seahawks	0 	0.0 	10 	0.0 	2.0 	9 	0.0 	0.0 	0.0 	0.0 	0.0 	3.9 	RB46		Arizona Cardinals	San Francisco 49ers	0 	0.0 	(1)	0.0 	4.0 	10 	0.0 	0.0 	0.0 	0.0 	0.0 	4.9 	RB41		Arizona Cardinals	New York Giants	0 	0.0 	34 	0.2 	1.2 	7 	0.0 	0.0 	0.1 	0.0 	0.0 	6.8 	RB38		Arizona Cardinals	Detroit Lions	0 	0.0 	29 	0.2 	1.3 	7 	0.1 	0.0 	0.1 	0.0 	0.0 	6.3 	RB39		Arizona Cardinals	Los Angeles Rams	0 	0.0 	25 	0.1 	1.2 	7 	0.0 	0.0 	0.1 	0.0 	0.0 	5.2 	RB44		Arizona Cardinals	Denver Broncos	0 	0.0 	25 	0.2 	1.2 	7 	0.0 	0.0 	0.1 	0.0 	0.0 	5.4 	RB40		Arizona Cardinals	Dallas Cowboys	0 	0.0 	25 	0.2 	1.2 	7 	0.0 	0.0 	0.1 	0.0 	0.0 	5.4 	RB41		Arizona Cardinals	Seattle Seahawks	0 	0.0 	24 	0.1 	1.1 	7 	0.0 	0.0 	0.1 	0.0 	0.0 	5.1 	RB47		Arizona Cardinals	Los Angeles Rams	0 	0.0 	25 	0.2 	1.2 	7 	0.0 	0.0 	0.1 	0.0 	0.0 	5.4 	RB41		Arizona Cardinals	Kansas City Chiefs	0 	0.0 	24 	0.1 	1.2 	7 	0.0 	0.0 	0.1 	0.0 	0.0 	5.1 	RB39		Arizona Cardinals	Washington Commanders	0 	0.0 	30 	0.2 	1.2 	7 	0.0 	0.0 	0.1 	0.0 	0.0 	6.2 	RB44		Arizona Cardinals	Philadelphia Eagles	0 	0.0 	25 	0.1 	1.2 	7 	0.0 	0.0 	0.1 	0.0 	0.0 	5.3 	RB45		Arizona Cardinals	BYE	0 	0.0 	0 	0.0 	0.0 	0 	0.0 	0.0 	0.0 	0.0 	0.0 	0.0 	-		Arizona Cardinals	New York Jets	0 	0.0 	33 	0.2 	1.2 	7 	0.0 	0.0 	0.1 	0.0 	0.0 	6.5 	RB43		Arizona Cardinals	New Orleans Saints	0 	0.0 	27 	0.2 	1.2 	7 	0.0 	0.0 	0.1 	0.0 	0.0 	5.7 	RB46		Arizona Cardinals	Las Vegas Raiders	0 	0.0 	31 	0.2 	1.2 	7 	0.0 	0.0 	0.1 	0.0 	0.0 	6.2 	RB45		Actual	Actual	Actual	Forecast	Forecast	Forecast	Forecast	Forecast	Forecast	Forecast	Forecast	Forecast	Forecast	Forecast	Forecast	Forecast	Forecast		Healthy	Healthy	Healthy	Healthy	Healthy	Healthy	Healthy	Healthy	Healthy	Healthy	Healthy	Healthy	Healthy	Healthy	Healthy	Healthy	Healthy		Week 4 2026	10/3/2026	9:38:40 AM	9		3%	3%	29%	29%	0%	0%		(0.0)	0	0	0	0	0	(0.040735)
	Tre' Harris	Los Angeles Chargers	WR	WR54	8.2 	131 	0 	0.0 	0.0 	0.0 	0 	0.0 	0.0 	0.0 	47.5 	3.0 	647 	40.5 	3.2 	0.2 	0.0 	0.1 	0.0 	0.322 	1.000 	0.460 	(0)	0.000 	0.000 	135 	237 	102 	54 	77 	23 	0.255 																5.0 	6.3 	13.6 	7.7 	7.9 	8.2 	0.0 	8.4 	8.1 	8.3 	7.9 	8.2 	8.4 	8.2 	8.5 	8.3 	8.2 		WR64	WR53	WR26	WR56	WR56	WR49	-	WR50	WR53	WR48	WR49	WR58	WR51	WR54	WR55	WR57	WR57		WR56	8.2 	0.0 	0.0 	0.0 	0.0 	2.9 	38.3 	0.2 	56 	0.344 	1.000 	0.440 	(0)	0.000 	0.000 	144 	0.250 		106 		-	-		-	-		-	-		-	-		WR46	8.3 	0.0 	0.0 	0.0 	0.0 	12.5 	166.1 	1.1 	46 	0.239 	1.000 	0.540 	0 	0.002 	0.000 	#N/A	0.280 		24.9 		-	-		-	-		-	-		-	-					Los Angeles Chargers	Arizona Cardinals	0 	0.0 	0 	0.0 	3.0 	20 	0.0 	0.0 	0.0 	0.0 	0.0 	5.0 	WR64		Los Angeles Chargers	Las Vegas Raiders	0 	0.0 	0 	0.0 	1.0 	53 	0.0 	0.0 	0.0 	0.0 	0.0 	6.3 	WR53		Los Angeles Chargers	Buffalo Bills	0 	0.0 	0 	0.0 	6.0 	76 	0.0 	0.0 	0.0 	0.0 	0.0 	13.6 	WR26		Los Angeles Chargers	Seattle Seahawks	0 	0.0 	0 	0.0 	2.8 	37 	0.2 	0.0 	0.0 	0.0 	0.0 	7.7 	WR56		Los Angeles Chargers	Denver Broncos	0 	0.0 	0 	0.0 	2.8 	37 	0.2 	0.0 	0.0 	0.0 	0.0 	7.9 	WR56		Los Angeles Chargers	Kansas City Chiefs	0 	0.0 	0 	0.0 	2.9 	38 	0.2 	0.0 	0.0 	0.0 	0.0 	8.2 	WR49		Los Angeles Chargers	BYE	0 	0.0 	0 	0.0 	0.0 	0 	0.0 	0.0 	0.0 	0.0 	0.0 	0.0 	-		Los Angeles Chargers	Los Angeles Rams	0 	0.0 	0 	0.0 	3.0 	40 	0.3 	0.0 	0.0 	0.0 	0.0 	8.4 	WR50		Los Angeles Chargers	Houston Texans	0 	0.0 	0 	0.0 	2.9 	38 	0.2 	0.0 	0.0 	0.0 	0.0 	8.1 	WR53		Los Angeles Chargers	Baltimore Ravens	0 	0.0 	0 	0.0 	3.0 	39 	0.2 	0.0 	0.0 	0.0 	0.0 	8.3 	WR48		Los Angeles Chargers	New York Jets	0 	0.0 	0 	0.0 	2.8 	37 	0.3 	0.0 	0.0 	0.0 	0.0 	7.9 	WR49		Los Angeles Chargers	New England Patriots	0 	0.0 	0 	0.0 	2.9 	38 	0.3 	0.0 	0.0 	0.0 	0.0 	8.2 	WR58		Los Angeles Chargers	Tampa Bay Buccaneers	0 	0.0 	0 	0.0 	2.9 	39 	0.3 	0.0 	0.0 	0.0 	0.0 	8.4 	WR51		Los Angeles Chargers	Las Vegas Raiders	0 	0.0 	0 	0.0 	2.9 	38 	0.3 	0.0 	0.0 	0.0 	0.0 	8.2 	WR54		Los Angeles Chargers	San Francisco 49ers	0 	0.0 	0 	0.0 	3.0 	39 	0.3 	0.0 	0.0 	0.0 	0.0 	8.5 	WR55		Los Angeles Chargers	Miami Dolphins	0 	0.0 	0 	0.0 	2.9 	38 	0.3 	0.0 	0.0 	0.0 	0.0 	8.3 	WR57		Los Angeles Chargers	Kansas City Chiefs	0 	0.0 	0 	0.0 	2.9 	38 	0.3 	0.0 	0.0 	0.0 	0.0 	8.2 	WR57		Actual	Actual	Actual	Forecast	Forecast	Forecast	Forecast	Forecast	Forecast	Forecast	Forecast	Forecast	Forecast	Forecast	Forecast	Forecast	Forecast		Healthy	Healthy	Healthy	Healthy	Healthy	Healthy	Healthy	Healthy	Healthy	Healthy	Healthy	Healthy	Healthy	Healthy	Healthy	Healthy	Healthy		Week 4 2026	10/3/2026	9:38:40 AM	9		18%	16%	0%	0%	0%	0%		(0.0)	0	0	0	0	0	(0.030138)
	Emmett Johnson	Kansas City Chiefs	RB	RB42	5.8 	93 	0 	0.0 	0.0 	0.0 	261 	16.3 	1.7 	0.1 	28.3 	1.8 	234 	14.6 	1.0 	0.1 	0.0 	0.5 	0.0 	0.228 	1.000 	0.494 	(0)	0.000 	0.000 	133 	185 	52 	42 	56 	14 	0.256 				-	-		-	-		-	-		-	-		8.8 	5.5 	1.7 	6.2 	0.0 	6.0 	5.6 	5.5 	6.1 	6.1 	6.5 	5.9 	5.6 	5.9 	5.9 	6.0 	5.7 		RB32	RB41	RB52	RB40	-	RB36	RB39	RB39	RB41	RB39	RB35	RB46	RB42	RB45	RB46	RB45	RB48		RB45	5.9 	0.0 	0.0 	15.8 	0.1 	1.9 	13.1 	0.1 	45 	0.248 	1.000 	0.456 	(0)	0.000 	0.000 	148 	0.242 		77 		-	-		-	-		-	-		-	-		RB44	5.3 	0.0 	0.0 	68.4 	0.6 	8.1 	56.6 	0.3 	44 	0.154 	1.000 	0.468 	(0)	0.000 	0.000 	#N/A	0.234 		16.0 		-	-		-	-		-	-		-	-					Kansas City Chiefs	Denver Broncos	0 	0.0 	24 	0.0 	2.0 	44 	0.0 	0.0 	0.0 	0.0 	0.0 	8.8 	RB32		Kansas City Chiefs	Indianapolis Colts	0 	0.0 	15 	0.0 	2.0 	20 	0.0 	0.0 	0.0 	0.0 	0.0 	5.5 	RB41		Kansas City Chiefs	Miami Dolphins	0 	0.0 	17 	0.0 	0.0 	0 	0.0 	0.0 	0.0 	0.0 	0.0 	1.7 	RB52		Kansas City Chiefs	Las Vegas Raiders	0 	0.0 	17 	0.1 	1.9 	13 	0.1 	0.0 	0.0 	0.0 	0.0 	6.2 	RB40		Kansas City Chiefs	BYE	0 	0.0 	0 	0.0 	0.0 	0 	0.0 	0.0 	0.0 	0.0 	0.0 	0.0 	-		Kansas City Chiefs	Los Angeles Chargers	0 	0.0 	16 	0.1 	1.9 	13 	0.1 	0.0 	0.0 	0.0 	0.0 	6.0 	RB36		Kansas City Chiefs	Seattle Seahawks	0 	0.0 	14 	0.1 	1.8 	13 	0.1 	0.0 	0.0 	0.0 	0.0 	5.6 	RB39		Kansas City Chiefs	Denver Broncos	0 	0.0 	14 	0.1 	1.8 	13 	0.1 	0.0 	0.0 	0.0 	0.0 	5.5 	RB39		Kansas City Chiefs	New York Jets	0 	0.0 	18 	0.2 	1.8 	12 	0.1 	0.0 	0.0 	0.0 	0.0 	6.1 	RB41		Kansas City Chiefs	Atlanta Falcons	0 	0.0 	17 	0.1 	1.9 	13 	0.1 	0.0 	0.0 	0.0 	0.0 	6.1 	RB39		Kansas City Chiefs	Arizona Cardinals	0 	0.0 	19 	0.2 	1.9 	13 	0.1 	0.0 	0.0 	0.0 	0.0 	6.5 	RB35		Kansas City Chiefs	Buffalo Bills	0 	0.0 	15 	0.1 	1.9 	13 	0.1 	0.0 	0.0 	0.0 	0.0 	5.9 	RB46		Kansas City Chiefs	Los Angeles Rams	0 	0.0 	14 	0.1 	1.9 	13 	0.1 	0.0 	0.0 	0.0 	0.0 	5.6 	RB42		Kansas City Chiefs	Cincinnati Bengals	0 	0.0 	15 	0.1 	1.9 	13 	0.1 	0.0 	0.0 	0.0 	0.0 	5.9 	RB45		Kansas City Chiefs	New England Patriots	0 	0.0 	16 	0.1 	1.9 	13 	0.1 	0.0 	0.0 	0.0 	0.0 	5.9 	RB46		Kansas City Chiefs	San Francisco 49ers	0 	0.0 	16 	0.1 	1.9 	13 	0.1 	0.0 	0.0 	0.0 	0.0 	6.0 	RB45		Kansas City Chiefs	Los Angeles Chargers	0 	0.0 	15 	0.1 	1.9 	13 	0.1 	0.0 	0.0 	0.0 	0.0 	5.7 	RB48		Actual	Actual	Actual	Forecast	Forecast	Forecast	Forecast	Forecast	Forecast	Forecast	Forecast	Forecast	Forecast	Forecast	Forecast	Forecast	Forecast		Healthy	Healthy	Healthy	Healthy	Healthy	Healthy	Healthy	Healthy	Healthy	Healthy	Healthy	Healthy	Healthy	Healthy	Healthy	Healthy	Healthy		Week 4 2026	10/3/2026	9:38:40 AM	9		6%	5%	12%	13%	0%	0%		0.0 	0	0	0	0	0	0.008456 
	Mack Hollins	New England Patriots	WR	WR56	8.1 	130 	0 	0.0 	0.0 	0.0 	0 	0.0 	0.0 	0.0 	48.7 	3.0 	640 	40.0 	2.9 	0.2 	0.0 	0.1 	0.0 	0.319 	1.000 	0.440 	(0)	0.000 	0.000 	139 	0 	(139)	56 	0 	(56)	0.246 				-	-		-	-		-	-		-	-		9.1 	3.8 	14.7 	10.7 	10.6 	10.3 	10.6 	6.8 	6.8 	6.9 	0.0 	6.7 	7.0 	6.7 	6.6 	6.4 	6.6 		WR37	WR69	WR23	WR37	WR36	WR36	WR36	WR62	WR64	WR58	-	WR71	WR61	WR67	WR69	WR71	WR71		WR58	7.9 	0.0 	0.0 	0.0 	0.0 	2.8 	37.2 	0.2 	58 	0.331 	1.000 	0.420 	(0)	0.000 	0.000 	150 	0.239 		103 		-	-		-	-		-	-		-	-		WR40	9.2 	0.0 	0.0 	0.0 	0.0 	12.2 	161.4 	1.0 	40 	0.265 	1.000 	0.600 	0 	0.036 	0.000 	#N/A	0.324 		27.6 		-	-		-	-		-	-		-	-					New England Patriots	Seattle Seahawks	0 	0.0 	0 	0.0 	4.0 	51 	0.0 	0.0 	0.0 	0.0 	0.0 	9.1 	WR37		New England Patriots	Pittsburgh Steelers	0 	0.0 	0 	0.0 	2.0 	18 	0.0 	0.0 	0.0 	0.0 	0.0 	3.8 	WR69		New England Patriots	Jacksonville Jaguars	0 	0.0 	0 	0.0 	6.0 	87 	0.0 	0.0 	0.0 	0.0 	0.0 	14.7 	WR23		New England Patriots	Buffalo Bills	0 	0.0 	0 	0.0 	3.8 	50 	0.3 	0.0 	0.0 	0.0 	0.0 	10.7 	WR37		New England Patriots	Las Vegas Raiders	0 	0.0 	0 	0.0 	3.7 	49 	0.3 	0.0 	0.0 	0.0 	0.0 	10.6 	WR36		New England Patriots	New York Jets	0 	0.0 	0 	0.0 	3.6 	47 	0.3 	0.0 	0.0 	0.0 	0.0 	10.3 	WR36		New England Patriots	Chicago Bears	0 	0.0 	0 	0.0 	3.7 	49 	0.3 	0.0 	0.0 	0.0 	0.0 	10.6 	WR36		New England Patriots	Miami Dolphins	0 	0.0 	0 	0.0 	2.4 	32 	0.2 	0.0 	0.0 	0.0 	0.0 	6.8 	WR62		New England Patriots	Green Bay Packers	0 	0.0 	0 	0.0 	2.5 	33 	0.2 	0.0 	0.0 	0.0 	0.0 	6.8 	WR64		New England Patriots	Detroit Lions	0 	0.0 	0 	0.0 	2.5 	33 	0.2 	0.0 	0.0 	0.0 	0.0 	6.9 	WR58		New England Patriots	BYE	0 	0.0 	0 	0.0 	0.0 	0 	0.0 	0.0 	0.0 	0.0 	0.0 	0.0 	-		New England Patriots	Los Angeles Chargers	0 	0.0 	0 	0.0 	2.4 	32 	0.2 	0.0 	0.0 	0.0 	0.0 	6.7 	WR71		New England Patriots	Buffalo Bills	0 	0.0 	0 	0.0 	2.5 	33 	0.2 	0.0 	0.0 	0.0 	0.0 	7.0 	WR61		New England Patriots	Minnesota Vikings	0 	0.0 	0 	0.0 	2.4 	32 	0.2 	0.0 	0.0 	0.0 	0.0 	6.7 	WR67		New England Patriots	Kansas City Chiefs	0 	0.0 	0 	0.0 	2.4 	32 	0.2 	0.0 	0.0 	0.0 	0.0 	6.6 	WR69		New England Patriots	New York Jets	0 	0.0 	0 	0.0 	2.3 	31 	0.2 	0.0 	0.0 	0.0 	0.0 	6.4 	WR71		New England Patriots	Denver Broncos	0 	0.0 	0 	0.0 	2.4 	32 	0.2 	0.0 	0.0 	0.0 	0.0 	6.6 	WR71		Actual	Actual	Actual	Forecast	Forecast	Forecast	Forecast	Forecast	Forecast	Forecast	Forecast	Forecast	Forecast	Forecast	Forecast	Forecast	Forecast		Healthy	Healthy	Healthy	Healthy	Healthy	Healthy	Healthy	Healthy	Healthy	Healthy	Healthy	Healthy	Healthy	Healthy	Healthy	Healthy	Healthy		Week 4 2026	10/3/2026	9:38:40 AM	9		14%	12%	0%	0%	0%	0%		(0.1)	0	0	0	0	0	(0.085521)
	Brian Robinson Jr.	Atlanta Falcons	RB	RB45	5.7 	91 	0 	0.0 	0.0 	0.0 	506 	31.6 	3.9 	0.2 	10.2 	0.6 	69 	4.3 	0.3 	0.0 	0.0 	0.9 	0.0 	0.224 	1.000 	0.456 	(1)	0.000 	0.000 	142 	163 	21 	45 	52 	7 	0.239 				-	-		-	-		-	-		-	-		3.1 	8.7 	11.0 	5.5 	5.1 	5.5 	5.2 	5.2 	5.2 	5.1 	0.0 	5.0 	5.4 	5.1 	5.2 	5.4 	5.7 		RB52	RB29	RB21	RB44	RB44	RB40	RB43	RB43	RB45	RB43	-	RB50	RB44	RB46	RB50	RB49	RB47		RB48	5.3 	0.0 	0.0 	28.8 	0.2 	0.6 	4.1 	0.0 	48 	0.222 	1.000 	0.417 	(1)	0.000 	0.000 	158 	0.221 		69 		-	-		-	-		-	-		-	-		RB31	7.6 	0.0 	0.0 	124.6 	1.0 	2.7 	17.7 	0.1 	31 	0.219 	1.000 	0.632 	(0)	0.000 	0.000 	#N/A	0.317 		22.8 		-	-		-	-		-	-		-	-					Atlanta Falcons	Pittsburgh Steelers	0 	0.0 	31 	0.0 	0.0 	0 	0.0 	0.0 	0.0 	0.0 	0.0 	3.1 	RB52		Atlanta Falcons	Carolina Panthers	0 	0.0 	51 	0.0 	2.0 	16 	0.0 	0.0 	0.0 	0.0 	0.0 	8.7 	RB29		Atlanta Falcons	Green Bay Packers	0 	0.0 	50 	1.0 	0.0 	0 	0.0 	0.0 	0.0 	0.0 	0.0 	11.0 	RB21		Atlanta Falcons	New Orleans Saints	0 	0.0 	30 	0.2 	0.6 	4 	0.0 	0.0 	0.1 	0.0 	0.0 	5.5 	RB44		Atlanta Falcons	Baltimore Ravens	0 	0.0 	27 	0.2 	0.7 	4 	0.0 	0.0 	0.1 	0.0 	0.0 	5.1 	RB44		Atlanta Falcons	Chicago Bears	0 	0.0 	30 	0.2 	0.6 	4 	0.0 	0.0 	0.1 	0.0 	0.0 	5.5 	RB40		Atlanta Falcons	San Francisco 49ers	0 	0.0 	28 	0.2 	0.6 	4 	0.0 	0.0 	0.1 	0.0 	0.0 	5.2 	RB43		Atlanta Falcons	Tampa Bay Buccaneers	0 	0.0 	28 	0.2 	0.6 	4 	0.0 	0.0 	0.1 	0.0 	0.0 	5.2 	RB43		Atlanta Falcons	Cincinnati Bengals	0 	0.0 	28 	0.2 	0.7 	4 	0.0 	0.0 	0.1 	0.0 	0.0 	5.2 	RB45		Atlanta Falcons	Kansas City Chiefs	0 	0.0 	28 	0.2 	0.6 	4 	0.0 	0.0 	0.1 	0.0 	0.0 	5.1 	RB43		Atlanta Falcons	BYE	0 	0.0 	0 	0.0 	0.0 	0 	0.0 	0.0 	0.0 	0.0 	0.0 	0.0 	-		Atlanta Falcons	Minnesota Vikings	0 	0.0 	27 	0.2 	0.6 	4 	0.0 	0.0 	0.1 	0.0 	0.0 	5.0 	RB50		Atlanta Falcons	Detroit Lions	0 	0.0 	29 	0.2 	0.6 	4 	0.0 	0.0 	0.1 	0.0 	0.0 	5.4 	RB44		Atlanta Falcons	Cleveland Browns	0 	0.0 	29 	0.2 	0.6 	4 	0.0 	0.0 	0.1 	0.0 	0.0 	5.1 	RB46		Atlanta Falcons	Washington Commanders	0 	0.0 	28 	0.2 	0.6 	4 	0.0 	0.0 	0.1 	0.0 	0.0 	5.2 	RB50		Atlanta Falcons	Tampa Bay Buccaneers	0 	0.0 	30 	0.2 	0.6 	4 	0.0 	0.0 	0.1 	0.0 	0.0 	5.4 	RB49		Atlanta Falcons	New Orleans Saints	0 	0.0 	31 	0.3 	0.6 	4 	0.0 	0.0 	0.1 	0.0 	0.0 	5.7 	RB47		Actual	Actual	Actual	Forecast	Forecast	Forecast	Forecast	Forecast	Forecast	Forecast	Forecast	Forecast	Forecast	Forecast	Forecast	Forecast	Forecast		Healthy	Healthy	Healthy	Healthy	Healthy	Healthy	Healthy	Healthy	Healthy	Healthy	Healthy	Healthy	Healthy	Healthy	Healthy	Healthy	Healthy		Week 4 2026	10/3/2026	9:38:40 AM	9		2%	2%	22%	23%	0%	0%		(0.1)	0	0	0	0	0	(0.096138)
	Khalil Shakir	Buffalo Bills	WR	WR60	7.6 	122 	0 	0.0 	0.0 	0.0 	19 	1.2 	0.0 	0.0 	49.2 	3.1 	551 	34.4 	2.6 	0.2 	0.0 	0.1 	0.0 	0.298 	1.000 	0.400 	(0)	0.000 	0.000 	149 	147 	(2)	60 	57 	(3)	0.225 				-	-		-	-		-	-		-	-		9.0 	6.8 	1.6 	8.0 	8.1 	7.9 	0.0 	8.3 	8.1 	7.8 	8.0 	8.2 	7.9 	8.0 	8.3 	7.8 	7.9 		WR38	WR45	WR84	WR54	WR52	WR51	-	WR51	WR55	WR51	WR48	WR59	WR54	WR55	WR57	WR62	WR59		WR57	8.0 	0.0 	0.0 	1.4 	0.0 	3.2 	35.1 	0.2 	57 	0.337 	1.000 	0.430 	(0)	0.000 	0.000 	147 	0.244 		104 		-	-		-	-		-	-		-	-		WR71	5.8 	0.0 	0.0 	6.2 	0.0 	13.7 	152.3 	0.9 	71 	0.167 	1.000 	0.290 	(0)	0.000 	0.000 	#N/A	0.156 		17.4 		-	-		-	-		-	-		-	-					Buffalo Bills	Houston Texans	0 	0.0 	0 	0.0 	4.0 	50 	0.0 	0.0 	0.0 	0.0 	0.0 	9.0 	WR38		Buffalo Bills	Detroit Lions	0 	0.0 	0 	0.0 	3.0 	38 	0.0 	0.0 	0.0 	0.0 	0.0 	6.8 	WR45		Buffalo Bills	Los Angeles Chargers	0 	0.0 	0 	0.0 	1.0 	6 	0.0 	0.0 	0.0 	0.0 	0.0 	1.6 	WR84		Buffalo Bills	New England Patriots	0 	0.0 	2 	0.0 	3.2 	35 	0.2 	0.0 	0.0 	0.0 	0.0 	8.0 	WR54		Buffalo Bills	Los Angeles Rams	0 	0.0 	1 	0.0 	3.2 	36 	0.2 	0.0 	0.0 	0.0 	0.0 	8.1 	WR52		Buffalo Bills	Las Vegas Raiders	0 	0.0 	2 	0.0 	3.1 	34 	0.2 	0.0 	0.0 	0.0 	0.0 	7.9 	WR51		Buffalo Bills	BYE	0 	0.0 	0 	0.0 	0.0 	0 	0.0 	0.0 	0.0 	0.0 	0.0 	0.0 	-		Buffalo Bills	Baltimore Ravens	0 	0.0 	1 	0.0 	3.3 	36 	0.2 	0.0 	0.0 	0.0 	0.0 	8.3 	WR51		Buffalo Bills	Minnesota Vikings	0 	0.0 	1 	0.0 	3.2 	35 	0.2 	0.0 	0.0 	0.0 	0.0 	8.1 	WR55		Buffalo Bills	New York Jets	0 	0.0 	2 	0.0 	3.1 	34 	0.2 	0.0 	0.0 	0.0 	0.0 	7.8 	WR51		Buffalo Bills	Miami Dolphins	0 	0.0 	2 	0.0 	3.1 	35 	0.2 	0.0 	0.0 	0.0 	0.0 	8.0 	WR48		Buffalo Bills	Kansas City Chiefs	0 	0.0 	1 	0.0 	3.2 	36 	0.2 	0.0 	0.0 	0.0 	0.0 	8.2 	WR59		Buffalo Bills	New England Patriots	0 	0.0 	1 	0.0 	3.1 	35 	0.2 	0.0 	0.0 	0.0 	0.0 	7.9 	WR54		Buffalo Bills	Green Bay Packers	0 	0.0 	1 	0.0 	3.2 	35 	0.2 	0.0 	0.0 	0.0 	0.0 	8.0 	WR55		Buffalo Bills	Chicago Bears	0 	0.0 	1 	0.0 	3.3 	36 	0.2 	0.0 	0.0 	0.0 	0.0 	8.3 	WR57		Buffalo Bills	Denver Broncos	0 	0.0 	1 	0.0 	3.1 	34 	0.2 	0.0 	0.0 	0.0 	0.0 	7.8 	WR62		Buffalo Bills	Miami Dolphins	0 	0.0 	2 	0.0 	3.1 	35 	0.2 	0.0 	0.0 	0.0 	0.0 	7.9 	WR59		Actual	Actual	Actual	Forecast	Forecast	Forecast	Forecast	Forecast	Forecast	Forecast	Forecast	Forecast	Forecast	Forecast	Forecast	Forecast	Forecast		Healthy	Healthy	Healthy	Healthy	Healthy	Healthy	Healthy	Healthy	Healthy	Healthy	Healthy	Healthy	Healthy	Healthy	Healthy	Healthy	Healthy		Week 4 2026	10/3/2026	9:38:40 AM	9		16%	15%	1%	0%	0%	0%		0.1 	0	0	0	0	0	0.088401 
	Quentin Johnston	Los Angeles Chargers	WR	WR66	7.1 	113 	0 	0.0 	0.0 	0.0 	7 	0.4 	0.0 	0.0 	41.8 	2.6 	479 	29.9 	3.8 	0.2 	0.0 	0.1 	0.0 	0.277 	1.000 	0.340 	(0)	0.000 	0.000 	162 	104 	(58)	66 	42 	(24)	0.195 				-	-		-	-		-	-		-	-		3.7 	2.4 	7.0 	7.2 	7.4 	7.7 	0.0 	7.9 	7.7 	7.8 	7.5 	7.7 	7.9 	7.7 	8.0 	7.8 	7.7 		WR74	WR75	WR51	WR59	WR58	WR53	-	WR54	WR58	WR50	WR53	WR61	WR53	WR58	WR60	WR61	WR60		WR62	7.7 	0.0 	0.0 	0.0 	0.0 	2.8 	31.9 	0.3 	61 	0.323 	1.000 	0.390 	(0)	0.000 	0.000 	156 	0.224 		100 		-	-		-	-		-	-		-	-		WR86	4.4 	0.0 	0.0 	0.0 	0.0 	11.9 	138.4 	1.3 	86 	0.126 	1.000 	0.140 	(1)	0.000 	0.000 	#N/A	0.082 		13.1 		-	-		-	-		-	-		-	-					Los Angeles Chargers	Arizona Cardinals	0 	0.0 	0 	0.0 	2.0 	17 	0.0 	0.0 	0.0 	0.0 	0.0 	3.7 	WR74		Los Angeles Chargers	Las Vegas Raiders	0 	0.0 	7 	0.0 	1.0 	7 	0.0 	0.0 	0.0 	0.0 	0.0 	2.4 	WR75		Los Angeles Chargers	Buffalo Bills	0 	0.0 	0 	0.0 	3.0 	40 	0.0 	0.0 	0.0 	0.0 	0.0 	7.0 	WR51		Los Angeles Chargers	Seattle Seahawks	0 	0.0 	0 	0.0 	2.7 	31 	0.2 	0.0 	0.0 	0.0 	0.0 	7.2 	WR59		Los Angeles Chargers	Denver Broncos	0 	0.0 	0 	0.0 	2.7 	31 	0.3 	0.0 	0.0 	0.0 	0.0 	7.4 	WR58		Los Angeles Chargers	Kansas City Chiefs	0 	0.0 	0 	0.0 	2.8 	32 	0.3 	0.0 	0.0 	0.0 	0.0 	7.7 	WR53		Los Angeles Chargers	BYE	0 	0.0 	0 	0.0 	0.0 	0 	0.0 	0.0 	0.0 	0.0 	0.0 	0.0 	-		Los Angeles Chargers	Los Angeles Rams	0 	0.0 	0 	0.0 	2.8 	33 	0.3 	0.0 	0.0 	0.0 	0.0 	7.9 	WR54		Los Angeles Chargers	Houston Texans	0 	0.0 	0 	0.0 	2.7 	32 	0.3 	0.0 	0.0 	0.0 	0.0 	7.7 	WR58		Los Angeles Chargers	Baltimore Ravens	0 	0.0 	0 	0.0 	2.8 	33 	0.3 	0.0 	0.0 	0.0 	0.0 	7.8 	WR50		Los Angeles Chargers	New York Jets	0 	0.0 	0 	0.0 	2.6 	31 	0.3 	0.0 	0.0 	0.0 	0.0 	7.5 	WR53		Los Angeles Chargers	New England Patriots	0 	0.0 	0 	0.0 	2.8 	32 	0.3 	0.0 	0.0 	0.0 	0.0 	7.7 	WR61		Los Angeles Chargers	Tampa Bay Buccaneers	0 	0.0 	0 	0.0 	2.8 	33 	0.3 	0.0 	0.0 	0.0 	0.0 	7.9 	WR53		Los Angeles Chargers	Las Vegas Raiders	0 	0.0 	0 	0.0 	2.7 	32 	0.3 	0.0 	0.0 	0.0 	0.0 	7.7 	WR58		Los Angeles Chargers	San Francisco 49ers	0 	0.0 	0 	0.0 	2.8 	33 	0.3 	0.0 	0.0 	0.0 	0.0 	8.0 	WR60		Los Angeles Chargers	Miami Dolphins	0 	0.0 	0 	0.0 	2.7 	32 	0.3 	0.0 	0.0 	0.0 	0.0 	7.8 	WR61		Los Angeles Chargers	Kansas City Chiefs	0 	0.0 	0 	0.0 	2.8 	32 	0.3 	0.0 	0.0 	0.0 	0.0 	7.7 	WR60		Actual	Actual	Actual	Forecast	Forecast	Forecast	Forecast	Forecast	Forecast	Forecast	Forecast	Forecast	Forecast	Forecast	Forecast	Forecast	Forecast		Healthy	Healthy	Healthy	Healthy	Healthy	Healthy	Healthy	Healthy	Healthy	Healthy	Healthy	Healthy	Healthy	Healthy	Healthy	Healthy	Healthy		Week 4 2026	10/3/2026	9:38:40 AM	9		15%	19%	0%	0%	0%	0%		0.1 	0	0	0	0	0	0.142098 
	Zach Charbonnet	Seattle Seahawks	RB	RB48	6.4 	77 	0 	0.0 	0.0 	0.0 	417 	34.7 	5.0 	0.4 	4.0 	0.3 	29 	2.4 	0.2 	0.0 	0.0 	1.2 	0.0 	0.189 	1.000 	0.417 	(0)	0.000 	0.000 	152 	145 	(7)	48 	48 	0 	0.216 				-	-		-	-		-	-		-	-		0.0 	0.0 	0.0 	0.0 	6.0 	5.9 	6.1 	6.7 	7.9 	6.8 	0.0 	6.1 	6.8 	7.1 	5.4 	6.2 	6.4 		-	-	-	-	RB40	RB37	RB37	RB38	RB36	RB37	-	RB45	RB38	RB40	RB48	RB44	RB44		RB44	6.4 	0.0 	0.0 	34.7 	0.4 	0.3 	2.4 	0.0 	44 	0.249 	1.000 	0.468 	(0)	0.000 	0.000 	145 	0.248 		77 		-	-		-	-		-	-		-	-		-	0.0 	0.0 	0.0 	0.0 	0.0 	0.0 	0.0 	0.0 	#N/A	0.000 	1.000 	#N/A	(1)	0.000 	0.000 	#N/A	#N/A		0.0 		-	-		-	-		-	-		-	-					Seattle Seahawks	New England Patriots	0 	0.0 	0 	0.0 	0.0 	0 	0.0 	0.0 	0.0 	0.0 	0.0 	0.0 	-		Seattle Seahawks	Arizona Cardinals	0 	0.0 	0 	0.0 	0.0 	0 	0.0 	0.0 	0.0 	0.0 	0.0 	0.0 	-		Seattle Seahawks	Washington Commanders	0 	0.0 	0 	0.0 	0.0 	0 	0.0 	0.0 	0.0 	0.0 	0.0 	0.0 	-		Seattle Seahawks	Los Angeles Chargers	0 	0.0 	0 	0.0 	0.0 	0 	0.0 	0.0 	0.0 	0.0 	0.0 	0.0 	-		Seattle Seahawks	San Francisco 49ers	0 	0.0 	32 	0.4 	0.3 	2 	0.0 	0.0 	0.1 	0.0 	0.0 	6.0 	RB40		Seattle Seahawks	Denver Broncos	0 	0.0 	33 	0.4 	0.3 	2 	0.0 	0.0 	0.1 	0.0 	0.0 	5.9 	RB37		Seattle Seahawks	Kansas City Chiefs	0 	0.0 	33 	0.4 	0.3 	2 	0.0 	0.0 	0.1 	0.0 	0.0 	6.1 	RB37		Seattle Seahawks	Chicago Bears	0 	0.0 	36 	0.4 	0.3 	2 	0.0 	0.0 	0.1 	0.0 	0.0 	6.7 	RB38		Seattle Seahawks	Arizona Cardinals	0 	0.0 	41 	0.5 	0.3 	2 	0.0 	0.0 	0.1 	0.0 	0.0 	7.9 	RB36		Seattle Seahawks	Las Vegas Raiders	0 	0.0 	37 	0.4 	0.3 	2 	0.0 	0.0 	0.1 	0.0 	0.0 	6.8 	RB37		Seattle Seahawks	BYE	0 	0.0 	0 	0.0 	0.0 	0 	0.0 	0.0 	0.0 	0.0 	0.0 	0.0 	-		Seattle Seahawks	San Francisco 49ers	0 	0.0 	33 	0.4 	0.3 	2 	0.0 	0.0 	0.1 	0.0 	0.0 	6.1 	RB45		Seattle Seahawks	Dallas Cowboys	0 	0.0 	36 	0.4 	0.3 	2 	0.0 	0.0 	0.1 	0.0 	0.0 	6.8 	RB38		Seattle Seahawks	New York Giants	0 	0.0 	38 	0.5 	0.3 	2 	0.0 	0.0 	0.1 	0.0 	0.0 	7.1 	RB40		Seattle Seahawks	Philadelphia Eagles	0 	0.0 	30 	0.3 	0.3 	2 	0.0 	0.0 	0.1 	0.0 	0.0 	5.4 	RB48		Seattle Seahawks	Los Angeles Rams	0 	0.0 	33 	0.4 	0.3 	2 	0.0 	0.0 	0.1 	0.0 	0.0 	6.2 	RB44		Seattle Seahawks	Carolina Panthers	0 	0.0 	35 	0.4 	0.3 	2 	0.0 	0.0 	0.1 	0.0 	0.0 	6.4 	RB44		Actual	Actual	Actual	Forecast	Forecast	Forecast	Forecast	Forecast	Forecast	Forecast	Forecast	Forecast	Forecast	Forecast	Forecast	Forecast	Forecast		Injured	Injured	Injured	Injured	Limited / Handicapped	Healthy	Healthy	Healthy	Healthy	Healthy	Healthy	Healthy	Healthy	Healthy	Healthy	Healthy	Healthy		Week 4 2026	10/3/2026	9:38:40 AM	9		1%	1%	31%	48%	0%	0%		0.2 	1	1	1	1	0	
	Pat Bryant	Denver Broncos	WR	WR58	7.8 	126 	0 	0.0 	0.0 	0.0 	16 	1.0 	0.0 	0.0 	43.5 	2.7 	555 	34.7 	3.8 	0.2 	0.0 	0.1 	0.0 	0.308 	1.000 	0.420 	(0)	0.000 	0.000 	143 	278 	135 	58 	91 	33 	0.235 				-	-		-	-		-	-		-	-		8.2 	1.6 	14.4 	8.0 	7.9 	7.7 	8.0 	7.8 	7.9 	0.0 	7.8 	7.5 	7.8 	7.7 	7.7 	8.0 	7.6 		WR46	WR81	WR25	WR55	WR55	WR52	WR50	WR55	WR57	-	WR51	WR63	WR56	WR59	WR62	WR59	WR61		WR59	7.8 	0.0 	0.0 	0.0 	0.0 	2.9 	36.1 	0.2 	59 	0.327 	1.000 	0.410 	(0)	0.000 	0.000 	152 	0.234 		101 		-	-		-	-		-	-		-	-		WR47	8.1 	0.0 	0.0 	0.0 	0.0 	12.5 	156.4 	0.9 	47 	0.233 	1.000 	0.530 	(0)	0.000 	0.000 	#N/A	0.273 		24.2 		-	-		-	-		-	-		-	-					Denver Broncos	Kansas City Chiefs	0 	0.0 	0 	0.0 	4.0 	42 	0.0 	0.0 	0.0 	0.0 	0.0 	8.2 	WR46		Denver Broncos	Jacksonville Jaguars	0 	0.0 	16 	0.0 	0.0 	0 	0.0 	0.0 	0.0 	0.0 	0.0 	1.6 	WR81		Denver Broncos	Los Angeles Rams	0 	0.0 	0 	0.0 	2.0 	44 	1.0 	0.0 	0.0 	0.0 	1.0 	14.4 	WR25		Denver Broncos	San Francisco 49ers	0 	0.0 	0 	0.0 	3.0 	37 	0.2 	0.0 	0.0 	0.0 	0.0 	8.0 	WR55		Denver Broncos	Los Angeles Chargers	0 	0.0 	0 	0.0 	2.9 	37 	0.2 	0.0 	0.0 	0.0 	0.0 	7.9 	WR55		Denver Broncos	Seattle Seahawks	0 	0.0 	0 	0.0 	2.9 	36 	0.2 	0.0 	0.0 	0.0 	0.0 	7.7 	WR52		Denver Broncos	Arizona Cardinals	0 	0.0 	0 	0.0 	2.9 	36 	0.2 	0.0 	0.0 	0.0 	0.0 	8.0 	WR50		Denver Broncos	Kansas City Chiefs	0 	0.0 	0 	0.0 	2.9 	36 	0.2 	0.0 	0.0 	0.0 	0.0 	7.8 	WR55		Denver Broncos	Carolina Panthers	0 	0.0 	0 	0.0 	2.9 	36 	0.2 	0.0 	0.0 	0.0 	0.0 	7.9 	WR57		Denver Broncos	BYE	0 	0.0 	0 	0.0 	0.0 	0 	0.0 	0.0 	0.0 	0.0 	0.0 	0.0 	-		Denver Broncos	Las Vegas Raiders	0 	0.0 	0 	0.0 	2.9 	36 	0.2 	0.0 	0.0 	0.0 	0.0 	7.8 	WR51		Denver Broncos	Pittsburgh Steelers	0 	0.0 	0 	0.0 	2.8 	35 	0.2 	0.0 	0.0 	0.0 	0.0 	7.5 	WR63		Denver Broncos	Miami Dolphins	0 	0.0 	0 	0.0 	2.9 	36 	0.2 	0.0 	0.0 	0.0 	0.0 	7.8 	WR56		Denver Broncos	New York Jets	0 	0.0 	0 	0.0 	2.8 	35 	0.2 	0.0 	0.0 	0.0 	0.0 	7.7 	WR59		Denver Broncos	Las Vegas Raiders	0 	0.0 	0 	0.0 	2.9 	36 	0.2 	0.0 	0.0 	0.0 	0.0 	7.7 	WR62		Denver Broncos	Buffalo Bills	0 	0.0 	0 	0.0 	3.0 	37 	0.2 	0.0 	0.0 	0.0 	0.0 	8.0 	WR59		Denver Broncos	New England Patriots	0 	0.0 	0 	0.0 	2.8 	36 	0.2 	0.0 	0.0 	0.0 	0.0 	7.6 	WR61		Actual	Actual	Actual	Forecast	Forecast	Forecast	Forecast	Forecast	Forecast	Forecast	Forecast	Forecast	Forecast	Forecast	Forecast	Forecast	Forecast		Healthy	Healthy	Healthy	Healthy	Healthy	Healthy	Healthy	Healthy	Healthy	Healthy	Healthy	Healthy	Healthy	Healthy	Healthy	Healthy	Healthy		Week 4 2026	10/3/2026	9:38:40 AM	9		16%	15%	0%	0%	0%	0%		(0.0)	0	0	0	0	0	(0.039826)
	Jordyn Tyson	New Orleans Saints	WR	WR68	10.0 	90 	0 	0.0 	0.0 	0.0 	0 	0.0 	0.0 	0.0 	33.6 	3.7 	397 	44.1 	2.9 	0.3 	0.0 	0.1 	0.0 	0.222 	1.000 	0.270 	0 	0.076 	0.000 	169 	146 	(23)	73 	56 	(17)	0.185 				-	-		-	-		-	-		-	-		0.0 	0.0 	0.0 	0.0 	0.0 	0.0 	0.0 	0.0 	9.6 	10.1 	10.1 	10.3 	10.0 	9.8 	10.1 	10.4 	10.0 		-	-	-	-	-	-	-	-	WR46	WR41	WR36	WR43	WR42	WR44	WR45	WR43	WR45		WR61	10.0 	0.0 	0.0 	0.0 	0.0 	3.7 	44.1 	0.3 	68 	0.292 	1.000 	0.320 	0 	0.094 	0.000 	155 	0.225 		90 		-	-		-	-		-	-		-	-			0.0 	0.0 	0.0 	0.0 	0.0 	0.0 	0.0 	0.0 	#N/A	0.000 	1.000 	#N/A	(1)	0.000 	0.000 	#N/A	#N/A		0.0 		-	-		-	-		-	-		-	-					New Orleans Saints	Detroit Lions	0 	0.0 	0 	0.0 	0.0 	0 	0.0 	0.0 	0.0 	0.0 	0.0 	0.0 	-		New Orleans Saints	Baltimore Ravens	0 	0.0 	0 	0.0 	0.0 	0 	0.0 	0.0 	0.0 	0.0 	0.0 	0.0 	-		New Orleans Saints	Las Vegas Raiders	0 	0.0 	0 	0.0 	0.0 	0 	0.0 	0.0 	0.0 	0.0 	0.0 	0.0 	-		New Orleans Saints	Atlanta Falcons	0 	0.0 	0 	0.0 	0.0 	0 	0.0 	0.0 	0.0 	0.0 	0.0 	0.0 	-		New Orleans Saints	Minnesota Vikings	0 	0.0 	0 	0.0 	0.0 	0 	0.0 	0.0 	0.0 	0.0 	0.0 	0.0 	-		New Orleans Saints	New York Giants	0 	0.0 	0 	0.0 	0.0 	0 	0.0 	0.0 	0.0 	0.0 	0.0 	0.0 	-		New Orleans Saints	Pittsburgh Steelers	0 	0.0 	0 	0.0 	0.0 	0 	0.0 	0.0 	0.0 	0.0 	0.0 	0.0 	-		New Orleans Saints	BYE	0 	0.0 	0 	0.0 	0.0 	0 	0.0 	0.0 	0.0 	0.0 	0.0 	0.0 	-		New Orleans Saints	Cleveland Browns	0 	0.0 	0 	0.0 	3.5 	42 	0.3 	0.0 	0.0 	0.0 	0.0 	9.6 	WR46		New Orleans Saints	Carolina Panthers	0 	0.0 	0 	0.0 	3.7 	44 	0.3 	0.0 	0.0 	0.0 	0.0 	10.1 	WR41		New Orleans Saints	Chicago Bears	0 	0.0 	0 	0.0 	3.8 	45 	0.3 	0.0 	0.0 	0.0 	0.0 	10.1 	WR36		New Orleans Saints	Cincinnati Bengals	0 	0.0 	0 	0.0 	3.9 	46 	0.3 	0.0 	0.0 	0.0 	0.0 	10.3 	WR43		New Orleans Saints	Green Bay Packers	0 	0.0 	0 	0.0 	3.7 	44 	0.3 	0.0 	0.0 	0.0 	0.0 	10.0 	WR42		New Orleans Saints	Carolina Panthers	0 	0.0 	0 	0.0 	3.7 	43 	0.3 	0.0 	0.0 	0.0 	0.0 	9.8 	WR44		New Orleans Saints	Tampa Bay Buccaneers	0 	0.0 	0 	0.0 	3.8 	45 	0.3 	0.0 	0.0 	0.0 	0.0 	10.1 	WR45		New Orleans Saints	Arizona Cardinals	0 	0.0 	0 	0.0 	3.8 	45 	0.4 	0.0 	0.0 	0.0 	0.0 	10.4 	WR43		New Orleans Saints	Atlanta Falcons	0 	0.0 	0 	0.0 	3.7 	44 	0.3 	0.0 	0.0 	0.0 	0.0 	10.0 	WR45		Actual	Actual	Actual	Forecast	Forecast	Forecast	Forecast	Forecast	Forecast	Forecast	Forecast	Forecast	Forecast	Forecast	Forecast	Forecast	Forecast		Injured	Injured	Injured	Injured	Injured	Injured	Injured	Injured	Limited / Handicapped	Healthy	Healthy	Healthy	Healthy	Healthy	Healthy	Healthy	Healthy		Week 4 2026	10/3/2026	9:38:40 AM	9		18%	19%	0%	0%	0%	0%		0.2 	1	1	1	1	1	
	Raheim Sanders	Cleveland Browns	RB	RB47	5.6 	90 	0 	0.0 	0.0 	0.0 	134 	8.4 	0.8 	0.1 	36.4 	2.3 	299 	18.7 	1.1 	0.1 	0.0 	0.4 	0.0 	0.221 	1.000 	0.430 	(1)	0.000 	0.000 	147 	0 	(147)	47 	0 	(47)	0.227 																5.6 	2.1 	9.1 	5.5 	5.6 	5.7 	5.7 	5.4 	5.7 	5.4 	0.0 	5.8 	5.9 	5.9 	5.6 	5.5 	5.9 		RB40	RB56	RB28	RB43	RB41	RB38	RB38	RB42	RB43	RB42	-	RB47	RB41	RB44	RB47	RB48	RB46		RB47	5.7 	0.0 	0.0 	8.6 	0.1 	2.2 	17.9 	0.1 	47 	0.237 	1.000 	0.430 	(0)	0.000 	0.000 	153 	0.229 		74 		-	-		-	-		-	-		-	-		RB40	5.6 	0.0 	0.0 	37.5 	0.3 	9.5 	77.7 	0.4 	40 	0.161 	1.000 	0.519 	(0)	0.000 	0.000 	#N/A	0.258 		16.8 		-	-		-	-		-	-		-	-					Cleveland Browns	Jacksonville Jaguars	0 	0.0 	1 	0.0 	3.0 	25 	0.0 	0.0 	0.0 	0.0 	0.0 	5.6 	RB40		Cleveland Browns	Tampa Bay Buccaneers	0 	0.0 	4 	0.0 	1.0 	7 	0.0 	0.0 	0.0 	0.0 	0.0 	2.1 	RB56		Cleveland Browns	Carolina Panthers	0 	0.0 	17 	0.0 	4.0 	34 	0.0 	0.0 	0.0 	0.0 	0.0 	9.1 	RB28		Cleveland Browns	Pittsburgh Steelers	0 	0.0 	9 	0.1 	2.1 	17 	0.1 	0.0 	0.0 	0.0 	0.0 	5.5 	RB43		Cleveland Browns	New York Jets	0 	0.0 	9 	0.1 	2.1 	18 	0.1 	0.0 	0.0 	0.0 	0.0 	5.6 	RB41		Cleveland Browns	Baltimore Ravens	0 	0.0 	8 	0.1 	2.3 	19 	0.1 	0.0 	0.0 	0.0 	0.0 	5.7 	RB38		Cleveland Browns	Tennessee Titans	0 	0.0 	9 	0.1 	2.2 	18 	0.1 	0.0 	0.0 	0.0 	0.0 	5.7 	RB38		Cleveland Browns	Pittsburgh Steelers	0 	0.0 	8 	0.1 	2.2 	18 	0.1 	0.0 	0.0 	0.0 	0.0 	5.4 	RB42		Cleveland Browns	New Orleans Saints	0 	0.0 	9 	0.1 	2.2 	18 	0.1 	0.0 	0.0 	0.0 	0.0 	5.7 	RB43		Cleveland Browns	Houston Texans	0 	0.0 	8 	0.1 	2.1 	17 	0.1 	0.0 	0.0 	0.0 	0.0 	5.4 	RB42		Cleveland Browns	BYE	0 	0.0 	0 	0.0 	0.0 	0 	0.0 	0.0 	0.0 	0.0 	0.0 	0.0 	-		Cleveland Browns	Las Vegas Raiders	0 	0.0 	10 	0.1 	2.2 	18 	0.1 	0.0 	0.0 	0.0 	0.0 	5.8 	RB47		Cleveland Browns	Cincinnati Bengals	0 	0.0 	9 	0.1 	2.3 	19 	0.1 	0.0 	0.0 	0.0 	0.0 	5.9 	RB41		Cleveland Browns	Atlanta Falcons	0 	0.0 	10 	0.1 	2.2 	18 	0.1 	0.0 	0.0 	0.0 	0.0 	5.9 	RB44		Cleveland Browns	New York Giants	0 	0.0 	8 	0.1 	2.2 	18 	0.1 	0.0 	0.0 	0.0 	0.0 	5.6 	RB47		Cleveland Browns	Baltimore Ravens	0 	0.0 	7 	0.1 	2.2 	18 	0.1 	0.0 	0.0 	0.0 	0.0 	5.5 	RB48		Cleveland Browns	Indianapolis Colts	0 	0.0 	9 	0.1 	2.2 	18 	0.1 	0.0 	0.0 	0.0 	0.0 	5.9 	RB46		Actual	Actual	Actual	Forecast	Forecast	Forecast	Forecast	Forecast	Forecast	Forecast	Forecast	Forecast	Forecast	Forecast	Forecast	Forecast	Forecast		Healthy	Injured	Healthy	Healthy	Healthy	Healthy	Healthy	Healthy	Healthy	Healthy	Healthy	Healthy	Healthy	Healthy	Healthy	Healthy	Healthy		Week 4 2026	10/3/2026	9:38:40 AM	9		8%	6%	9%	10%	0%	0%		(0.0)	0	1	0	0	0	
	Elic Ayomanor	Tennessee Titans	WR	WR62	7.4 	119 	0 	0.0 	0.0 	0.0 	0 	0.0 	0.0 	0.0 	41.6 	2.6 	561 	35.1 	3.6 	0.2 	0.0 	0.1 	0.0 	0.291 	1.000 	0.380 	(0)	0.000 	0.000 	153 	309 	156 	62 	103 	41 	0.215 																8.1 	8.9 	2.1 	7.1 	7.2 	7.9 	7.5 	8.0 	0.0 	7.7 	7.9 	7.8 	7.8 	7.9 	7.9 	7.5 	7.5 		WR47	WR32	WR80	WR60	WR62	WR50	WR51	WR53	-	WR52	WR50	WR60	WR55	WR57	WR61	WR63	WR62		WR63	7.7 	0.0 	0.0 	0.0 	0.0 	2.9 	36.2 	0.2 	62 	0.322 	1.000 	0.380 	(0)	0.000 	0.000 	159 	0.219 		100 		-	-		-	-		-	-		-	-		WR65	6.4 	0.0 	0.0 	0.0 	0.0 	12.5 	156.7 	0.9 	65 	0.184 	1.000 	0.350 	(0)	0.000 	0.000 	#N/A	0.185 		19.1 		-	-		-	-		-	-		-	-					Tennessee Titans	New York Jets	0 	0.0 	0 	0.0 	1.0 	11 	1.0 	0.0 	0.0 	0.0 	0.0 	8.1 	WR47		Tennessee Titans	Philadelphia Eagles	0 	0.0 	0 	0.0 	2.0 	69 	0.0 	0.0 	0.0 	0.0 	0.0 	8.9 	WR32		Tennessee Titans	New York Giants	0 	0.0 	0 	0.0 	1.0 	11 	0.0 	0.0 	0.0 	0.0 	0.0 	2.1 	WR80		Tennessee Titans	Baltimore Ravens	0 	0.0 	0 	0.0 	2.8 	34 	0.2 	0.0 	0.0 	0.0 	0.0 	7.1 	WR60		Tennessee Titans	Houston Texans	0 	0.0 	0 	0.0 	2.8 	34 	0.2 	0.0 	0.0 	0.0 	0.0 	7.2 	WR62		Tennessee Titans	Indianapolis Colts	0 	0.0 	0 	0.0 	3.0 	37 	0.2 	0.0 	0.0 	0.0 	0.0 	7.9 	WR50		Tennessee Titans	Cleveland Browns	0 	0.0 	0 	0.0 	2.8 	35 	0.2 	0.0 	0.0 	0.0 	0.0 	7.5 	WR51		Tennessee Titans	Cincinnati Bengals	0 	0.0 	0 	0.0 	3.0 	38 	0.2 	0.0 	0.0 	0.0 	0.0 	8.0 	WR53		Tennessee Titans	BYE	0 	0.0 	0 	0.0 	0.0 	0 	0.0 	0.0 	0.0 	0.0 	0.0 	0.0 	-		Tennessee Titans	Jacksonville Jaguars	0 	0.0 	0 	0.0 	2.9 	36 	0.2 	0.0 	0.0 	0.0 	0.0 	7.7 	WR52		Tennessee Titans	Dallas Cowboys	0 	0.0 	0 	0.0 	3.0 	37 	0.2 	0.0 	0.0 	0.0 	0.0 	7.9 	WR50		Tennessee Titans	Jacksonville Jaguars	0 	0.0 	0 	0.0 	2.9 	37 	0.2 	0.0 	0.0 	0.0 	0.0 	7.8 	WR60		Tennessee Titans	Washington Commanders	0 	0.0 	0 	0.0 	2.9 	37 	0.2 	0.0 	0.0 	0.0 	0.0 	7.8 	WR55		Tennessee Titans	Detroit Lions	0 	0.0 	0 	0.0 	3.0 	37 	0.2 	0.0 	0.0 	0.0 	0.0 	7.9 	WR57		Tennessee Titans	Indianapolis Colts	0 	0.0 	0 	0.0 	3.0 	37 	0.2 	0.0 	0.0 	0.0 	0.0 	7.9 	WR61		Tennessee Titans	Las Vegas Raiders	0 	0.0 	0 	0.0 	2.8 	35 	0.2 	0.0 	0.0 	0.0 	0.0 	7.5 	WR63		Tennessee Titans	Pittsburgh Steelers	0 	0.0 	0 	0.0 	2.8 	35 	0.2 	0.0 	0.0 	0.0 	0.0 	7.5 	WR62		Actual	Actual	Actual	Forecast	Forecast	Forecast	Forecast	Forecast	Forecast	Forecast	Forecast	Forecast	Forecast	Forecast	Forecast	Forecast	Forecast		Healthy	Healthy	Healthy	Healthy	Healthy	Healthy	Healthy	Healthy	Healthy	Healthy	Healthy	Healthy	Healthy	Healthy	Healthy	Healthy	Healthy		Week 4 2026	10/3/2026	9:38:40 AM	9		16%	14%	0%	0%	0%	0%		0.0 	0	0	0	0	0	0.034313 
	Aaron Rodgers	Pittsburgh Steelers	QB	QB29	14.0 	223 	3,604 	225.3 	23.9 	1.5 	69 	4.3 	0.3 	0.0 	0.0 	0.0 	0 	0.0 	0.0 	0.0 	10.4 	2.0 	0.0 	0.548 	0.460 	0.172 	0 	0.101 	0.000 	198 	235 	37 	26 	29 	3 	0.139 																12.5 	4.0 	22.7 	13.6 	14.9 	14.6 	14.5 	14.0 	0.0 	14.9 	13.6 	13.2 	13.7 	14.0 	14.6 	14.5 	14.3 		QB24	QB31	QB8	QB26	QB21	QB20	QB22	QB25	-	QB21	QB22	QB29	QB26	QB25	QB26	QB25	QB26		QB28	14.2 	223.4 	1.5 	4.4 	0.0 	0.0 	0.0 	0.0 	26 	0.595 	0.460 	0.172 	0 	0.237 	0.000 	166 	0.203 		184 		-	-		-	-		-	-		-	-		QB22	13.1 	968.1 	6.6 	18.9 	0.1 	0.0 	0.0 	0.0 	22 	0.377 	0.460 	0.227 	0 	0.027 	0.000 	#N/A	0.133 		39.2 		-	-		-	-		-	-		-	-					Pittsburgh Steelers	Atlanta Falcons	221 	1.0 	(3)	0.0 	0.0 	0 	0.0 	0.0 	0.0 	0.0 	0.0 	12.5 	QB24		Pittsburgh Steelers	New England Patriots	187 	0.0 	5 	0.0 	0.0 	0 	0.0 	1.0 	1.0 	0.0 	0.0 	4.0 	QB31		Pittsburgh Steelers	Cincinnati Bengals	292 	3.0 	10 	0.0 	0.0 	0 	0.0 	1.0 	0.0 	0.0 	0.0 	22.7 	QB8		Pittsburgh Steelers	Cleveland Browns	217 	1.4 	4 	0.0 	0.0 	0 	0.0 	0.6 	0.1 	0.0 	0.0 	13.6 	QB26		Pittsburgh Steelers	Indianapolis Colts	228 	1.7 	5 	0.0 	0.0 	0 	0.0 	0.6 	0.1 	0.0 	0.0 	14.9 	QB21		Pittsburgh Steelers	Tampa Bay Buccaneers	228 	1.6 	4 	0.0 	0.0 	0 	0.0 	0.6 	0.1 	0.0 	0.0 	14.6 	QB20		Pittsburgh Steelers	New Orleans Saints	225 	1.6 	5 	0.0 	0.0 	0 	0.0 	0.6 	0.1 	0.0 	0.0 	14.5 	QB22		Pittsburgh Steelers	Cleveland Browns	215 	1.5 	5 	0.0 	0.0 	0 	0.0 	0.6 	0.1 	0.0 	0.0 	14.0 	QB25		Pittsburgh Steelers	BYE	0 	0.0 	0 	0.0 	0.0 	0 	0.0 	0.0 	0.0 	0.0 	0.0 	0.0 	-		Pittsburgh Steelers	Cincinnati Bengals	233 	1.6 	4 	0.0 	0.0 	0 	0.0 	0.6 	0.1 	0.0 	0.0 	14.9 	QB21		Pittsburgh Steelers	Philadelphia Eagles	224 	1.4 	4 	0.0 	0.0 	0 	0.0 	0.6 	0.1 	0.0 	0.0 	13.6 	QB22		Pittsburgh Steelers	Denver Broncos	216 	1.4 	4 	0.0 	0.0 	0 	0.0 	0.6 	0.1 	0.0 	0.0 	13.2 	QB29		Pittsburgh Steelers	Houston Texans	220 	1.4 	4 	0.0 	0.0 	0 	0.0 	0.6 	0.1 	0.0 	0.0 	13.7 	QB26		Pittsburgh Steelers	Jacksonville Jaguars	223 	1.5 	4 	0.0 	0.0 	0 	0.0 	0.6 	0.1 	0.0 	0.0 	14.0 	QB25		Pittsburgh Steelers	Baltimore Ravens	228 	1.6 	4 	0.0 	0.0 	0 	0.0 	0.6 	0.1 	0.0 	0.0 	14.6 	QB26		Pittsburgh Steelers	Carolina Panthers	225 	1.6 	5 	0.0 	0.0 	0 	0.0 	0.6 	0.1 	0.0 	0.0 	14.5 	QB25		Pittsburgh Steelers	Tennessee Titans	223 	1.6 	5 	0.0 	0.0 	0 	0.0 	0.6 	0.1 	0.0 	0.0 	14.3 	QB26		Actual	Actual	Actual	Forecast	Forecast	Forecast	Forecast	Forecast	Forecast	Forecast	Forecast	Forecast	Forecast	Forecast	Forecast	Forecast	Forecast		Healthy	Healthy	Healthy	Healthy	Healthy	Healthy	Healthy	Healthy	Healthy	Healthy	Healthy	Healthy	Healthy	Healthy	Healthy	Healthy	Healthy		Week 4 2026	10/3/2026	9:38:40 AM	9		0%	0%	4%	3%	99%	99%		0.1 	0	0	0	0	0	0.069793 
	Cade Otton	Tampa Bay Buccaneers	TE	TE21	7.8 	125 	0 	0.0 	0.0 	0.0 	0 	0.0 	0.0 	0.0 	53.3 	3.3 	560 	35.0 	2.6 	0.2 	0.0 	0.1 	0.0 	0.306 	0.560 	0.385 	0 	0.025 	0.000 	154 	218 	64 	21 	27 	6 	0.211 				-	-		-	-		-	-		-	-		5.6 	8.8 	8.6 	7.3 	7.8 	7.8 	7.8 	7.9 	8.0 	0.0 	8.0 	7.9 	7.8 	8.0 	8.0 	7.8 	7.9 		TE22	TE15	TE15	TE23	TE20	TE18	TE22	TE18	TE22	-	TE19	TE22	TE18	TE19	TE22	TE22	TE22		TE22	7.8 	0.0 	0.0 	0.0 	0.0 	3.3 	33.8 	0.2 	22 	0.329 	0.560 	0.376 	0 	0.049 	0.000 	157 	0.222 		102 		-	-		-	-		-	-		-	-		TE22	7.7 	0.0 	0.0 	0.0 	0.0 	14.1 	146.6 	0.9 	22 	0.221 	0.560 	0.376 	0 	0.012 	0.000 	#N/A	0.189 		23.0 		-	-		-	-		-	-		-	-					Tampa Bay Buccaneers	Cincinnati Bengals	0 	0.0 	0 	0.0 	3.0 	26 	0.0 	0.0 	0.0 	0.0 	0.0 	5.6 	TE22		Tampa Bay Buccaneers	Cleveland Browns	0 	0.0 	0 	0.0 	5.0 	38 	0.0 	0.0 	0.0 	0.0 	0.0 	8.8 	TE15		Tampa Bay Buccaneers	Minnesota Vikings	0 	0.0 	0 	0.0 	3.0 	56 	0.0 	0.0 	0.0 	0.0 	0.0 	8.6 	TE15		Tampa Bay Buccaneers	Green Bay Packers	0 	0.0 	0 	0.0 	3.1 	32 	0.2 	0.0 	0.0 	0.0 	0.0 	7.3 	TE23		Tampa Bay Buccaneers	Dallas Cowboys	0 	0.0 	0 	0.0 	3.3 	34 	0.2 	0.0 	0.0 	0.0 	0.0 	7.8 	TE20		Tampa Bay Buccaneers	Pittsburgh Steelers	0 	0.0 	0 	0.0 	3.2 	34 	0.2 	0.0 	0.0 	0.0 	0.0 	7.8 	TE18		Tampa Bay Buccaneers	Carolina Panthers	0 	0.0 	0 	0.0 	3.2 	34 	0.2 	0.0 	0.0 	0.0 	0.0 	7.8 	TE22		Tampa Bay Buccaneers	Atlanta Falcons	0 	0.0 	0 	0.0 	3.3 	34 	0.2 	0.0 	0.0 	0.0 	0.0 	7.9 	TE18		Tampa Bay Buccaneers	Chicago Bears	0 	0.0 	0 	0.0 	3.3 	35 	0.2 	0.0 	0.0 	0.0 	0.0 	8.0 	TE22		Tampa Bay Buccaneers	BYE	0 	0.0 	0 	0.0 	0.0 	0 	0.0 	0.0 	0.0 	0.0 	0.0 	0.0 	-		Tampa Bay Buccaneers	Detroit Lions	0 	0.0 	0 	0.0 	3.3 	35 	0.2 	0.0 	0.0 	0.0 	0.0 	8.0 	TE19		Tampa Bay Buccaneers	Carolina Panthers	0 	0.0 	0 	0.0 	3.3 	34 	0.2 	0.0 	0.0 	0.0 	0.0 	7.9 	TE22		Tampa Bay Buccaneers	Los Angeles Chargers	0 	0.0 	0 	0.0 	3.2 	33 	0.2 	0.0 	0.0 	0.0 	0.0 	7.8 	TE18		Tampa Bay Buccaneers	Baltimore Ravens	0 	0.0 	0 	0.0 	3.3 	35 	0.2 	0.0 	0.0 	0.0 	0.0 	8.0 	TE19		Tampa Bay Buccaneers	New Orleans Saints	0 	0.0 	0 	0.0 	3.3 	34 	0.2 	0.0 	0.0 	0.0 	0.0 	8.0 	TE22		Tampa Bay Buccaneers	Atlanta Falcons	0 	0.0 	0 	0.0 	3.2 	34 	0.2 	0.0 	0.0 	0.0 	0.0 	7.8 	TE22		Tampa Bay Buccaneers	Los Angeles Rams	0 	0.0 	0 	0.0 	3.3 	34 	0.2 	0.0 	0.0 	0.0 	0.0 	7.9 	TE22		Actual	Actual	Actual	Forecast	Forecast	Forecast	Forecast	Forecast	Forecast	Forecast	Forecast	Forecast	Forecast	Forecast	Forecast	Forecast	Forecast		Healthy	Healthy	Healthy	Healthy	Healthy	Healthy	Healthy	Healthy	Healthy	Healthy	Healthy	Healthy	Healthy	Healthy	Healthy	Healthy	Healthy		Week 4 2026	10/3/2026	9:38:40 AM	9		15%	13%	0%	0%	0%	0%		0.0 	0	0	0	0	0	0.032837 
	Cooper Kupp	Seattle Seahawks	WR	WR63	7.4 	118 	0 	0.0 	0.0 	0.0 	0 	0.0 	0.0 	0.0 	40.7 	2.5 	510 	31.9 	4.5 	0.3 	0.0 	0.1 	0.0 	0.290 	1.000 	0.370 	(0)	0.000 	0.000 	156 	209 	53 	63 	70 	7 	0.210 																5.5 	4.0 	14.6 	7.0 	7.4 	7.1 	7.3 	7.4 	7.6 	7.1 	0.0 	7.2 	7.5 	7.3 	6.9 	7.3 	7.1 		WR62	WR66	WR24	WR61	WR57	WR57	WR53	WR57	WR60	WR57	-	WR67	WR57	WR64	WR68	WR65	WR68		WR65	7.2 	0.0 	0.0 	0.0 	0.0 	2.5 	31.5 	0.3 	64 	0.304 	1.000 	0.360 	(0)	0.000 	0.000 	163 	0.208 		94 		-	-		-	-		-	-		-	-		WR48	8.0 	0.0 	0.0 	0.0 	0.0 	10.9 	136.4 	1.2 	48 	0.232 	1.000 	0.520 	(0)	0.000 	0.000 	#N/A	0.269 		24.1 		-	-		-	-		-	-		-	-					Seattle Seahawks	New England Patriots	0 	0.0 	0 	0.0 	2.0 	35 	0.0 	0.0 	0.0 	0.0 	0.0 	5.5 	WR62		Seattle Seahawks	Arizona Cardinals	0 	0.0 	0 	0.0 	2.0 	20 	0.0 	0.0 	0.0 	0.0 	0.0 	4.0 	WR66		Seattle Seahawks	Washington Commanders	0 	0.0 	0 	0.0 	4.0 	46 	1.0 	0.0 	0.0 	0.0 	0.0 	14.6 	WR24		Seattle Seahawks	Los Angeles Chargers	0 	0.0 	0 	0.0 	2.4 	31 	0.3 	0.0 	0.0 	0.0 	0.0 	7.0 	WR61		Seattle Seahawks	San Francisco 49ers	0 	0.0 	0 	0.0 	2.6 	32 	0.3 	0.0 	0.0 	0.0 	0.0 	7.4 	WR57		Seattle Seahawks	Denver Broncos	0 	0.0 	0 	0.0 	2.5 	31 	0.2 	0.0 	0.0 	0.0 	0.0 	7.1 	WR57		Seattle Seahawks	Kansas City Chiefs	0 	0.0 	0 	0.0 	2.5 	32 	0.3 	0.0 	0.0 	0.0 	0.0 	7.3 	WR53		Seattle Seahawks	Chicago Bears	0 	0.0 	0 	0.0 	2.6 	32 	0.3 	0.0 	0.0 	0.0 	0.0 	7.4 	WR57		Seattle Seahawks	Arizona Cardinals	0 	0.0 	0 	0.0 	2.6 	32 	0.3 	0.0 	0.0 	0.0 	0.0 	7.6 	WR60		Seattle Seahawks	Las Vegas Raiders	0 	0.0 	0 	0.0 	2.5 	31 	0.3 	0.0 	0.0 	0.0 	0.0 	7.1 	WR57		Seattle Seahawks	BYE	0 	0.0 	0 	0.0 	0.0 	0 	0.0 	0.0 	0.0 	0.0 	0.0 	0.0 	-		Seattle Seahawks	San Francisco 49ers	0 	0.0 	0 	0.0 	2.5 	32 	0.3 	0.0 	0.0 	0.0 	0.0 	7.2 	WR67		Seattle Seahawks	Dallas Cowboys	0 	0.0 	0 	0.0 	2.6 	32 	0.3 	0.0 	0.0 	0.0 	0.0 	7.5 	WR57		Seattle Seahawks	New York Giants	0 	0.0 	0 	0.0 	2.5 	31 	0.3 	0.0 	0.0 	0.0 	0.0 	7.3 	WR64		Seattle Seahawks	Philadelphia Eagles	0 	0.0 	0 	0.0 	2.5 	31 	0.2 	0.0 	0.0 	0.0 	0.0 	6.9 	WR68		Seattle Seahawks	Los Angeles Rams	0 	0.0 	0 	0.0 	2.5 	32 	0.3 	0.0 	0.0 	0.0 	0.0 	7.3 	WR65		Seattle Seahawks	Carolina Panthers	0 	0.0 	0 	0.0 	2.5 	31 	0.3 	0.0 	0.0 	0.0 	0.0 	7.1 	WR68		Actual	Actual	Actual	Forecast	Forecast	Forecast	Forecast	Forecast	Forecast	Forecast	Forecast	Forecast	Forecast	Forecast	Forecast	Forecast	Forecast		Healthy	Healthy	Healthy	Healthy	Healthy	Healthy	Healthy	Healthy	Healthy	Healthy	Healthy	Healthy	Healthy	Healthy	Healthy	Healthy	Healthy		Week 4 2026	10/3/2026	9:38:40 AM	9		13%	15%	0%	0%	0%	0%		(0.1)	0	0	0	0	0	(0.061133)
	Chris Rodriguez Jr.	Jacksonville Jaguars	RB	RB51	4.5 	71 	0 	0.0 	0.0 	0.0 	413 	25.8 	4.3 	0.3 	3.0 	0.2 	30 	1.9 	0.0 	0.0 	0.0 	0.9 	0.0 	0.175 	1.000 	0.379 	(1)	0.000 	0.000 	161 	135 	(26)	51 	45 	(6)	0.197 				-	-		-	-		-	-		-	-		2.3 	1.3 	9.7 	4.4 	4.5 	4.3 	0.0 	5.1 	4.0 	4.5 	4.5 	4.9 	4.2 	4.5 	4.0 	4.4 	4.8 		RB56	RB58	RB26	RB49	RB47	RB46	-	RB44	RB49	RB44	RB41	RB51	RB49	RB49	RB53	RB52	RB51		RB51	4.5 	0.0 	0.0 	26.1 	0.3 	0.2 	2.3 	0.0 	51 	0.188 	1.000 	0.379 	(1)	0.000 	0.000 	167 	0.199 		58 		-	-		-	-		-	-		-	-		RB52	4.4 	0.0 	0.0 	113.2 	1.1 	1.0 	10.0 	0.0 	52 	0.128 	1.000 	0.366 	(1)	0.000 	0.000 	#N/A	0.184 		13.3 		-	-		-	-		-	-		-	-					Jacksonville Jaguars	Cleveland Browns	0 	0.0 	23 	0.0 	0.0 	0 	0.0 	0.0 	0.0 	0.0 	0.0 	2.3 	RB56		Jacksonville Jaguars	Denver Broncos	0 	0.0 	13 	0.0 	0.0 	0 	0.0 	0.0 	0.0 	0.0 	0.0 	1.3 	RB58		Jacksonville Jaguars	New England Patriots	0 	0.0 	37 	1.0 	0.0 	0 	0.0 	0.0 	0.0 	0.0 	0.0 	9.7 	RB26		Jacksonville Jaguars	Cincinnati Bengals	0 	0.0 	26 	0.3 	0.2 	2 	0.0 	0.0 	0.1 	0.0 	0.0 	4.4 	RB49		Jacksonville Jaguars	Philadelphia Eagles	0 	0.0 	26 	0.3 	0.2 	2 	0.0 	0.0 	0.1 	0.0 	0.0 	4.5 	RB47		Jacksonville Jaguars	Houston Texans	0 	0.0 	26 	0.2 	0.2 	2 	0.0 	0.0 	0.1 	0.0 	0.0 	4.3 	RB46		Jacksonville Jaguars	BYE	0 	0.0 	0 	0.0 	0.0 	0 	0.0 	0.0 	0.0 	0.0 	0.0 	0.0 	-		Jacksonville Jaguars	Indianapolis Colts	0 	0.0 	29 	0.3 	0.2 	2 	0.0 	0.0 	0.1 	0.0 	0.0 	5.1 	RB44		Jacksonville Jaguars	Baltimore Ravens	0 	0.0 	24 	0.2 	0.2 	2 	0.0 	0.0 	0.1 	0.0 	0.0 	4.0 	RB49		Jacksonville Jaguars	Tennessee Titans	0 	0.0 	27 	0.3 	0.2 	2 	0.0 	0.0 	0.1 	0.0 	0.0 	4.5 	RB44		Jacksonville Jaguars	New York Giants	0 	0.0 	27 	0.3 	0.2 	2 	0.0 	0.0 	0.1 	0.0 	0.0 	4.5 	RB41		Jacksonville Jaguars	Tennessee Titans	0 	0.0 	28 	0.3 	0.2 	2 	0.0 	0.0 	0.1 	0.0 	0.0 	4.9 	RB51		Jacksonville Jaguars	Chicago Bears	0 	0.0 	25 	0.2 	0.2 	2 	0.0 	0.0 	0.1 	0.0 	0.0 	4.2 	RB49		Jacksonville Jaguars	Pittsburgh Steelers	0 	0.0 	26 	0.3 	0.2 	2 	0.0 	0.0 	0.1 	0.0 	0.0 	4.5 	RB49		Jacksonville Jaguars	Houston Texans	0 	0.0 	24 	0.2 	0.2 	2 	0.0 	0.0 	0.1 	0.0 	0.0 	4.0 	RB53		Jacksonville Jaguars	Dallas Cowboys	0 	0.0 	25 	0.3 	0.2 	2 	0.0 	0.0 	0.1 	0.0 	0.0 	4.4 	RB52		Jacksonville Jaguars	Washington Commanders	0 	0.0 	27 	0.3 	0.2 	2 	0.0 	0.0 	0.1 	0.0 	0.0 	4.8 	RB51		Actual	Actual	Actual	Forecast	Forecast	Forecast	Forecast	Forecast	Forecast	Forecast	Forecast	Forecast	Forecast	Forecast	Forecast	Forecast	Forecast		Healthy	Healthy	Healthy	Healthy	Healthy	Healthy	Healthy	Healthy	Healthy	Healthy	Healthy	Healthy	Healthy	Healthy	Healthy	Healthy	Healthy		Week 4 2026	10/3/2026	9:38:40 AM	9		1%	0%	22%	29%	0%	0%		0.0 	0	0	0	0	0	0.014722 
	Antonio Williams	Washington Commanders	WR	WR61	7.6 	121 	0 	0.0 	0.0 	0.0 	0 	0.0 	0.0 	0.0 	46.1 	2.9 	549 	34.3 	3.4 	0.2 	0.0 	0.1 	0.0 	0.297 	1.000 	0.390 	(0)	0.000 	0.000 	150 	271 	121 	61 	89 	28 	0.220 				-	-		-	-		-	-		-	-		16.4 	5.4 	3.5 	7.3 	7.2 	7.6 	0.0 	7.3 	7.6 	7.3 	7.7 	7.4 	7.3 	7.1 	7.5 	7.2 	7.4 		WR15	WR58	WR71	WR58	WR61	WR54	-	WR59	WR59	WR55	WR52	WR65	WR58	WR65	WR64	WR66	WR64		WR64	7.4 	0.0 	0.0 	0.0 	0.0 	2.9 	34.3 	0.2 	63 	0.310 	1.000 	0.370 	(0)	0.000 	0.000 	162 	0.213 		96 		-	-		-	-		-	-		-	-		WR45	8.4 	0.0 	0.0 	0.0 	0.0 	12.4 	148.6 	0.8 	45 	0.243 	1.000 	0.550 	0 	0.007 	0.000 	#N/A	0.287 		25.3 		-	-		-	-		-	-		-	-					Washington Commanders	Philadelphia Eagles	0 	0.0 	0 	0.0 	4.0 	64 	1.0 	0.0 	0.0 	0.0 	0.0 	16.4 	WR15		Washington Commanders	Dallas Cowboys	0 	0.0 	0 	0.0 	3.0 	24 	0.0 	0.0 	0.0 	0.0 	0.0 	5.4 	WR58		Washington Commanders	Seattle Seahawks	0 	0.0 	0 	0.0 	2.0 	15 	0.0 	0.0 	0.0 	0.0 	0.0 	3.5 	WR71		Washington Commanders	Indianapolis Colts	0 	0.0 	0 	0.0 	2.8 	34 	0.2 	0.0 	0.0 	0.0 	0.0 	7.3 	WR58		Washington Commanders	New York Giants	0 	0.0 	0 	0.0 	2.8 	33 	0.2 	0.0 	0.0 	0.0 	0.0 	7.2 	WR61		Washington Commanders	San Francisco 49ers	0 	0.0 	0 	0.0 	3.0 	35 	0.2 	0.0 	0.0 	0.0 	0.0 	7.6 	WR54		Washington Commanders	BYE	0 	0.0 	0 	0.0 	0.0 	0 	0.0 	0.0 	0.0 	0.0 	0.0 	0.0 	-		Washington Commanders	Philadelphia Eagles	0 	0.0 	0 	0.0 	2.8 	34 	0.2 	0.0 	0.0 	0.0 	0.0 	7.3 	WR59		Washington Commanders	Los Angeles Rams	0 	0.0 	0 	0.0 	3.0 	35 	0.2 	0.0 	0.0 	0.0 	0.0 	7.6 	WR59		Washington Commanders	New York Giants	0 	0.0 	0 	0.0 	2.8 	34 	0.2 	0.0 	0.0 	0.0 	0.0 	7.3 	WR55		Washington Commanders	Cincinnati Bengals	0 	0.0 	0 	0.0 	3.0 	36 	0.2 	0.0 	0.0 	0.0 	0.0 	7.7 	WR52		Washington Commanders	Arizona Cardinals	0 	0.0 	0 	0.0 	2.8 	34 	0.2 	0.0 	0.0 	0.0 	0.0 	7.4 	WR65		Washington Commanders	Tennessee Titans	0 	0.0 	0 	0.0 	2.8 	34 	0.2 	0.0 	0.0 	0.0 	0.0 	7.3 	WR58		Washington Commanders	Houston Texans	0 	0.0 	0 	0.0 	2.8 	33 	0.2 	0.0 	0.0 	0.0 	0.0 	7.1 	WR65		Washington Commanders	Atlanta Falcons	0 	0.0 	0 	0.0 	2.9 	34 	0.2 	0.0 	0.0 	0.0 	0.0 	7.5 	WR64		Washington Commanders	Minnesota Vikings	0 	0.0 	0 	0.0 	2.8 	34 	0.2 	0.0 	0.0 	0.0 	0.0 	7.2 	WR66		Washington Commanders	Jacksonville Jaguars	0 	0.0 	0 	0.0 	2.9 	35 	0.2 	0.0 	0.0 	0.0 	0.0 	7.4 	WR64		Actual	Actual	Actual	Forecast	Forecast	Forecast	Forecast	Forecast	Forecast	Forecast	Forecast	Forecast	Forecast	Forecast	Forecast	Forecast	Forecast		Healthy	Healthy	Healthy	Healthy	Healthy	Healthy	Healthy	Healthy	Healthy	Healthy	Healthy	Healthy	Healthy	Healthy	Healthy	Healthy	Healthy		Week 4 2026	10/3/2026	9:38:40 AM	9		16%	13%	0%	0%	0%	0%		(0.1)	0	0	0	0	0	(0.073825)
	Jacoby Brissett	Arizona Cardinals	QB	QB24	14.6 	234 	3,595 	224.7 	22.6 	1.4 	124 	7.7 	1.4 	0.1 	0.0 	0.0 	0 	0.0 	0.0 	0.0 	9.4 	1.0 	0.0 	0.574 	0.460 	0.227 	0 	0.164 	0.000 	160 	220 	60 	22 	26 	4 	0.198 																16.5 	6.5 	25.6 	15.4 	16.3 	13.4 	13.9 	14.2 	13.0 	14.2 	13.2 	15.1 	13.7 	0.0 	14.5 	14.4 	14.3 		QB15	QB28	QB4	QB16	QB12	QB23	QB25	QB24	QB28	QB24	QB23	QB23	QB25	-	QB28	QB26	QB25		QB27	14.3 	226.4 	1.4 	7.6 	0.0 	0.0 	0.0 	0.0 	25 	0.599 	0.460 	0.186 	0 	0.248 	0.000 	160 	0.215 		186 		-	-		-	-		-	-		-	-		QB17	16.2 	981.1 	6.2 	32.9 	0.1 	0.0 	0.0 	0.0 	17 	0.467 	0.460 	0.292 	0 	0.194 	0.000 	#N/A	0.246 		48.6 		-	-		-	-		-	-		-	-					Arizona Cardinals	Los Angeles Chargers	277 	1.0 	14 	0.0 	0.0 	0 	0.0 	0.0 	0.0 	0.0 	0.0 	16.5 	QB15		Arizona Cardinals	Seattle Seahawks	95 	1.0 	7 	0.0 	0.0 	0 	0.0 	1.0 	0.0 	0.0 	0.0 	6.5 	QB28		Arizona Cardinals	San Francisco 49ers	280 	2.0 	4 	1.0 	0.0 	0 	0.0 	0.0 	0.0 	0.0 	0.0 	25.6 	QB4		Arizona Cardinals	New York Giants	228 	1.6 	9 	0.0 	0.0 	0 	0.0 	0.6 	0.1 	0.0 	0.0 	15.4 	QB16		Arizona Cardinals	Detroit Lions	244 	1.7 	8 	0.0 	0.0 	0 	0.0 	0.6 	0.1 	0.0 	0.0 	16.3 	QB12		Arizona Cardinals	Los Angeles Rams	222 	1.3 	7 	0.0 	0.0 	0 	0.0 	0.6 	0.1 	0.0 	0.0 	13.4 	QB23		Arizona Cardinals	Denver Broncos	227 	1.4 	7 	0.0 	0.0 	0 	0.0 	0.6 	0.1 	0.0 	0.0 	13.9 	QB25		Arizona Cardinals	Dallas Cowboys	229 	1.4 	7 	0.0 	0.0 	0 	0.0 	0.6 	0.1 	0.0 	0.0 	14.2 	QB24		Arizona Cardinals	Seattle Seahawks	218 	1.2 	7 	0.0 	0.0 	0 	0.0 	0.6 	0.1 	0.0 	0.0 	13.0 	QB28		Arizona Cardinals	Los Angeles Rams	229 	1.4 	7 	0.0 	0.0 	0 	0.0 	0.6 	0.1 	0.0 	0.0 	14.2 	QB24		Arizona Cardinals	Kansas City Chiefs	220 	1.3 	7 	0.0 	0.0 	0 	0.0 	0.6 	0.1 	0.0 	0.0 	13.2 	QB23		Arizona Cardinals	Washington Commanders	231 	1.6 	8 	0.0 	0.0 	0 	0.0 	0.6 	0.1 	0.0 	0.0 	15.1 	QB23		Arizona Cardinals	Philadelphia Eagles	224 	1.3 	7 	0.0 	0.0 	0 	0.0 	0.6 	0.1 	0.0 	0.0 	13.7 	QB25		Arizona Cardinals	BYE	0 	0.0 	0 	0.0 	0.0 	0 	0.0 	0.0 	0.0 	0.0 	0.0 	0.0 	-		Arizona Cardinals	New York Jets	221 	1.5 	9 	0.0 	0.0 	0 	0.0 	0.6 	0.1 	0.0 	0.0 	14.5 	QB28		Arizona Cardinals	New Orleans Saints	228 	1.4 	8 	0.0 	0.0 	0 	0.0 	0.6 	0.1 	0.0 	0.0 	14.4 	QB26		Arizona Cardinals	Las Vegas Raiders	222 	1.5 	8 	0.0 	0.0 	0 	0.0 	0.6 	0.1 	0.0 	0.0 	14.3 	QB25		Actual	Actual	Actual	Forecast	Forecast	Forecast	Forecast	Forecast	Forecast	Forecast	Forecast	Forecast	Forecast	Forecast	Forecast	Forecast	Forecast		Healthy	Healthy	Healthy	Healthy	Healthy	Healthy	Healthy	Healthy	Healthy	Healthy	Healthy	Healthy	Healthy	Healthy	Healthy	Healthy	Healthy		Week 4 2026	10/3/2026	9:38:40 AM	9		0%	0%	8%	5%	99%	99%		(0.0)	0	0	0	0	0	(0.030875)
	Kaelon Black	San Francisco 49ers	RB	RB52	4.4 	70 	0 	0.0 	0.0 	0.0 	475 	29.7 	2.6 	0.2 	6.1 	0.4 	36 	2.2 	0.0 	0.0 	0.0 	1.0 	0.0 	0.173 	1.000 	0.366 	(1)	0.000 	0.000 	166 	195 	29 	52 	58 	6 	0.191 				-	-		-	-		-	-		-	-		8.0 	2.5 	1.7 	4.6 	4.1 	5.0 	4.8 	0.0 	5.3 	4.4 	4.5 	4.1 	4.6 	4.2 	4.1 	4.0 	4.4 		RB35	RB53	RB52	RB48	RB48	RB45	RB46	-	RB44	RB45	RB42	RB53	RB47	RB50	RB52	RB53	RB53		RB50	4.5 	0.0 	0.0 	28.3 	0.2 	0.4 	2.3 	0.0 	50 	0.188 	1.000 	0.392 	(1)	0.000 	0.000 	164 	0.205 		58 		-	-		-	-		-	-		-	-		RB55	4.1 	0.0 	0.0 	122.6 	0.9 	1.7 	10.2 	0.0 	55 	0.117 	1.000 	0.328 	(1)	0.000 	0.000 	#N/A	0.165 		12.2 		-	-		-	-		-	-		-	-					San Francisco 49ers	Los Angeles Rams	0 	0.0 	65 	0.0 	1.0 	5 	0.0 	0.0 	0.0 	0.0 	0.0 	8.0 	RB35		San Francisco 49ers	Miami Dolphins	0 	0.0 	25 	0.0 	0.0 	0 	0.0 	0.0 	0.0 	0.0 	0.0 	2.5 	RB53		San Francisco 49ers	Arizona Cardinals	0 	0.0 	17 	0.0 	0.0 	0 	0.0 	0.0 	0.0 	0.0 	0.0 	1.7 	RB52		San Francisco 49ers	Denver Broncos	0 	0.0 	29 	0.2 	0.4 	2 	0.0 	0.0 	0.1 	0.0 	0.0 	4.6 	RB48		San Francisco 49ers	Seattle Seahawks	0 	0.0 	26 	0.2 	0.4 	2 	0.0 	0.0 	0.1 	0.0 	0.0 	4.1 	RB48		San Francisco 49ers	Washington Commanders	0 	0.0 	31 	0.2 	0.4 	2 	0.0 	0.0 	0.1 	0.0 	0.0 	5.0 	RB45		San Francisco 49ers	Atlanta Falcons	0 	0.0 	30 	0.2 	0.4 	2 	0.0 	0.0 	0.1 	0.0 	0.0 	4.8 	RB46		San Francisco 49ers	BYE	0 	0.0 	0 	0.0 	0.0 	0 	0.0 	0.0 	0.0 	0.0 	0.0 	0.0 	-		San Francisco 49ers	Las Vegas Raiders	0 	0.0 	34 	0.2 	0.4 	2 	0.0 	0.0 	0.1 	0.0 	0.0 	5.3 	RB44		San Francisco 49ers	Dallas Cowboys	0 	0.0 	28 	0.2 	0.4 	2 	0.0 	0.0 	0.1 	0.0 	0.0 	4.4 	RB45		San Francisco 49ers	Minnesota Vikings	0 	0.0 	29 	0.2 	0.4 	2 	0.0 	0.0 	0.1 	0.0 	0.0 	4.5 	RB42		San Francisco 49ers	Seattle Seahawks	0 	0.0 	26 	0.2 	0.4 	2 	0.0 	0.0 	0.1 	0.0 	0.0 	4.1 	RB53		San Francisco 49ers	New York Giants	0 	0.0 	29 	0.2 	0.4 	2 	0.0 	0.0 	0.1 	0.0 	0.0 	4.6 	RB47		San Francisco 49ers	Los Angeles Rams	0 	0.0 	27 	0.2 	0.4 	2 	0.0 	0.0 	0.1 	0.0 	0.0 	4.2 	RB50		San Francisco 49ers	Los Angeles Chargers	0 	0.0 	26 	0.2 	0.4 	2 	0.0 	0.0 	0.1 	0.0 	0.0 	4.1 	RB52		San Francisco 49ers	Kansas City Chiefs	0 	0.0 	26 	0.2 	0.4 	2 	0.0 	0.0 	0.1 	0.0 	0.0 	4.0 	RB53		San Francisco 49ers	Philadelphia Eagles	0 	0.0 	28 	0.2 	0.4 	2 	0.0 	0.0 	0.1 	0.0 	0.0 	4.4 	RB53		Actual	Actual	Actual	Forecast	Forecast	Forecast	Forecast	Forecast	Forecast	Forecast	Forecast	Forecast	Forecast	Forecast	Forecast	Forecast	Forecast		Healthy	Healthy	Healthy	Healthy	Healthy	Healthy	Healthy	Healthy	Healthy	Healthy	Healthy	Healthy	Healthy	Healthy	Healthy	Healthy	Healthy		Week 4 2026	10/3/2026	9:38:40 AM	9		1%	0%	24%	22%	0%	0%		0.0 	0	0	0	0	0	0.039415 
	Ted Hurst	Tampa Bay Buccaneers	WR	WR65	7.2 	116 	0 	0.0 	0.0 	0.0 	0 	0.0 	0.0 	0.0 	38.6 	2.4 	543 	33.9 	3.9 	0.2 	0.0 	0.1 	0.0 	0.284 	1.000 	0.350 	(0)	0.000 	0.000 	159 	0 	(159)	65 	0 	(65)	0.200 																6.6 	4.7 	11.0 	6.6 	7.1 	7.2 	7.2 	7.3 	7.3 	0.0 	7.3 	7.2 	7.1 	7.3 	7.3 	7.2 	7.3 		WR54	WR62	WR37	WR63	WR63	WR56	WR54	WR58	WR62	-	WR56	WR66	WR60	WR63	WR65	WR67	WR66		WR67	7.2 	0.0 	0.0 	0.0 	0.0 	2.5 	33.8 	0.2 	66 	0.302 	1.000 	0.340 	(0)	0.000 	0.000 	168 	0.198 		93 		-	-		-	-		-	-		-	-		WR54	7.4 	0.0 	0.0 	0.0 	0.0 	10.9 	146.6 	1.0 	54 	0.214 	1.000 	0.460 	(0)	0.000 	0.000 	#N/A	0.239 		22.3 		-	-		-	-		-	-		-	-					Tampa Bay Buccaneers	Cincinnati Bengals	0 	0.0 	0 	0.0 	3.0 	36 	0.0 	0.0 	0.0 	0.0 	0.0 	6.6 	WR54		Tampa Bay Buccaneers	Cleveland Browns	0 	0.0 	0 	0.0 	2.0 	27 	0.0 	0.0 	0.0 	0.0 	0.0 	4.7 	WR62		Tampa Bay Buccaneers	Minnesota Vikings	0 	0.0 	0 	0.0 	1.0 	40 	1.0 	0.0 	0.0 	0.0 	0.0 	11.0 	WR37		Tampa Bay Buccaneers	Green Bay Packers	0 	0.0 	0 	0.0 	2.4 	32 	0.2 	0.0 	0.0 	0.0 	0.0 	6.6 	WR63		Tampa Bay Buccaneers	Dallas Cowboys	0 	0.0 	0 	0.0 	2.5 	34 	0.2 	0.0 	0.0 	0.0 	0.0 	7.1 	WR63		Tampa Bay Buccaneers	Pittsburgh Steelers	0 	0.0 	0 	0.0 	2.5 	34 	0.2 	0.0 	0.0 	0.0 	0.0 	7.2 	WR56		Tampa Bay Buccaneers	Carolina Panthers	0 	0.0 	0 	0.0 	2.5 	34 	0.2 	0.0 	0.0 	0.0 	0.0 	7.2 	WR54		Tampa Bay Buccaneers	Atlanta Falcons	0 	0.0 	0 	0.0 	2.5 	34 	0.2 	0.0 	0.0 	0.0 	0.0 	7.3 	WR58		Tampa Bay Buccaneers	Chicago Bears	0 	0.0 	0 	0.0 	2.6 	35 	0.2 	0.0 	0.0 	0.0 	0.0 	7.3 	WR62		Tampa Bay Buccaneers	BYE	0 	0.0 	0 	0.0 	0.0 	0 	0.0 	0.0 	0.0 	0.0 	0.0 	0.0 	-		Tampa Bay Buccaneers	Detroit Lions	0 	0.0 	0 	0.0 	2.6 	35 	0.2 	0.0 	0.0 	0.0 	0.0 	7.3 	WR56		Tampa Bay Buccaneers	Carolina Panthers	0 	0.0 	0 	0.0 	2.5 	34 	0.2 	0.0 	0.0 	0.0 	0.0 	7.2 	WR66		Tampa Bay Buccaneers	Los Angeles Chargers	0 	0.0 	0 	0.0 	2.5 	33 	0.2 	0.0 	0.0 	0.0 	0.0 	7.1 	WR60		Tampa Bay Buccaneers	Baltimore Ravens	0 	0.0 	0 	0.0 	2.6 	35 	0.2 	0.0 	0.0 	0.0 	0.0 	7.3 	WR63		Tampa Bay Buccaneers	New Orleans Saints	0 	0.0 	0 	0.0 	2.5 	34 	0.2 	0.0 	0.0 	0.0 	0.0 	7.3 	WR65		Tampa Bay Buccaneers	Atlanta Falcons	0 	0.0 	0 	0.0 	2.5 	34 	0.2 	0.0 	0.0 	0.0 	0.0 	7.2 	WR67		Tampa Bay Buccaneers	Los Angeles Rams	0 	0.0 	0 	0.0 	2.5 	34 	0.2 	0.0 	0.0 	0.0 	0.0 	7.3 	WR66		Actual	Actual	Actual	Forecast	Forecast	Forecast	Forecast	Forecast	Forecast	Forecast	Forecast	Forecast	Forecast	Forecast	Forecast	Forecast	Forecast		Healthy	Healthy	Healthy	Healthy	Healthy	Healthy	Healthy	Healthy	Healthy	Healthy	Healthy	Healthy	Healthy	Healthy	Healthy	Healthy	Healthy		Week 4 2026	10/3/2026	9:38:40 AM	9		15%	14%	0%	0%	0%	0%		(0.0)	0	0	0	0	0	(0.040898)
	Darren Waller	Carolina Panthers	TE	TE15	9.6 	153 	0 	0.0 	0.0 	0.0 	0 	0.0 	0.0 	0.0 	57.6 	3.6 	602 	37.6 	5.9 	0.4 	0.0 	0.1 	0.0 	0.375 	0.560 	0.458 	0 	0.190 	0.000 	107 	424 	317 	13 	61 	48 	0.325 				-	-		-	-		-	-		-	-		4.8 	18.3 	10.1 	9.9 	0.0 	9.0 	9.4 	9.2 	8.9 	9.1 	9.4 	9.2 	9.0 	9.4 	9.5 	8.9 	9.0 		TE26	TE5	TE13	TE11	-	TE15	TE16	TE15	TE20	TE16	TE13	TE15	TE14	TE14	TE13	TE19	TE17		TE17	9.2 	0.0 	0.0 	0.0 	0.0 	3.7 	37.7 	0.3 	16 	0.387 	0.560 	0.432 	0 	0.180 	0.000 	121 	0.312 		120 		-	-		-	-		-	-		-	-		TE12	11.1 	0.0 	0.0 	0.0 	0.0 	15.9 	163.4 	1.3 	12 	0.319 	0.560 	0.467 	1 	0.291 	0.000 	#N/A	0.366 		33.2 		-	-		-	-		-	-		-	-					Carolina Panthers	Chicago Bears	0 	0.0 	0 	0.0 	2.0 	28 	0.0 	0.0 	0.0 	0.0 	0.0 	4.8 	TE26		Carolina Panthers	Atlanta Falcons	0 	0.0 	0 	0.0 	3.0 	33 	2.0 	0.0 	0.0 	0.0 	0.0 	18.3 	TE5		Carolina Panthers	Cleveland Browns	0 	0.0 	0 	0.0 	5.0 	51 	0.0 	0.0 	0.0 	0.0 	0.0 	10.1 	TE13		Carolina Panthers	Detroit Lions	0 	0.0 	0 	0.0 	3.9 	40 	0.3 	0.0 	0.0 	0.0 	0.0 	9.9 	TE11		Carolina Panthers	BYE	0 	0.0 	0 	0.0 	0.0 	0 	0.0 	0.0 	0.0 	0.0 	0.0 	0.0 	-		Carolina Panthers	Philadelphia Eagles	0 	0.0 	0 	0.0 	3.6 	37 	0.3 	0.0 	0.0 	0.0 	0.0 	9.0 	TE15		Carolina Panthers	Tampa Bay Buccaneers	0 	0.0 	0 	0.0 	3.7 	38 	0.3 	0.0 	0.0 	0.0 	0.0 	9.4 	TE16		Carolina Panthers	Green Bay Packers	0 	0.0 	0 	0.0 	3.7 	38 	0.3 	0.0 	0.0 	0.0 	0.0 	9.2 	TE15		Carolina Panthers	Denver Broncos	0 	0.0 	0 	0.0 	3.5 	37 	0.3 	0.0 	0.0 	0.0 	0.0 	8.9 	TE20		Carolina Panthers	New Orleans Saints	0 	0.0 	0 	0.0 	3.6 	37 	0.3 	0.0 	0.0 	0.0 	0.0 	9.1 	TE16		Carolina Panthers	Baltimore Ravens	0 	0.0 	0 	0.0 	3.7 	38 	0.3 	0.0 	0.0 	0.0 	0.0 	9.4 	TE13		Carolina Panthers	Tampa Bay Buccaneers	0 	0.0 	0 	0.0 	3.7 	38 	0.3 	0.0 	0.0 	0.0 	0.0 	9.2 	TE15		Carolina Panthers	Minnesota Vikings	0 	0.0 	0 	0.0 	3.6 	37 	0.3 	0.0 	0.0 	0.0 	0.0 	9.0 	TE14		Carolina Panthers	New Orleans Saints	0 	0.0 	0 	0.0 	3.7 	38 	0.3 	0.0 	0.0 	0.0 	0.0 	9.4 	TE14		Carolina Panthers	Cincinnati Bengals	0 	0.0 	0 	0.0 	3.7 	38 	0.3 	0.0 	0.0 	0.0 	0.0 	9.5 	TE13		Carolina Panthers	Pittsburgh Steelers	0 	0.0 	0 	0.0 	3.6 	37 	0.3 	0.0 	0.0 	0.0 	0.0 	8.9 	TE19		Carolina Panthers	Seattle Seahawks	0 	0.0 	0 	0.0 	3.6 	37 	0.3 	0.0 	0.0 	0.0 	0.0 	9.0 	TE17		Actual	Actual	Actual	Forecast	Forecast	Forecast	Forecast	Forecast	Forecast	Forecast	Forecast	Forecast	Forecast	Forecast	Forecast	Forecast	Forecast		Healthy	Healthy	Healthy	Healthy	Healthy	Healthy	Healthy	Healthy	Healthy	Healthy	Healthy	Healthy	Healthy	Healthy	Healthy	Healthy	Healthy		Week 4 2026	10/3/2026	9:38:40 AM	9		17%	20%	0%	0%	0%	0%		(0.1)	0	0	0	0	0	(0.054137)
	Kenny Gainwell	Tampa Bay Buccaneers	RB	RB49	4.8 	77 	0 	0.0 	0.0 	0.0 	156 	9.7 	0.9 	0.1 	31.3 	2.0 	169 	10.5 	1.4 	0.1 	0.0 	0.4 	0.0 	0.189 	1.000 	0.405 	(1)	0.000 	0.000 	155 	94 	(61)	49 	36 	(13)	0.210 				-	-		-	-		-	-		-	-		2.8 	4.5 	3.0 	4.6 	4.8 	5.2 	5.2 	5.5 	5.2 	0.0 	5.2 	5.3 	5.1 	5.0 	5.4 	5.2 	5.1 		RB55	RB44	RB49	RB47	RB46	RB43	RB42	RB40	RB46	-	RB38	RB49	RB46	RB47	RB49	RB50	RB50		RB49	5.1 	0.0 	0.0 	10.4 	0.1 	1.9 	11.3 	0.1 	49 	0.216 	1.000 	0.405 	(1)	0.000 	0.000 	161 	0.215 		67 		-	-		-	-		-	-		-	-		RB62	3.4 	0.0 	0.0 	45.0 	0.3 	8.4 	48.9 	0.5 	62 	0.099 	1.000 	0.238 	(1)	0.000 	0.000 	#N/A	0.122 		10.3 		-	-		-	-		-	-		-	-					Tampa Bay Buccaneers	Cincinnati Bengals	0 	0.0 	15 	0.0 	1.0 	3 	0.0 	0.0 	0.0 	0.0 	0.0 	2.8 	RB55		Tampa Bay Buccaneers	Cleveland Browns	0 	0.0 	10 	0.0 	3.0 	5 	0.0 	0.0 	0.0 	0.0 	0.0 	4.5 	RB44		Tampa Bay Buccaneers	Minnesota Vikings	0 	0.0 	(4)	0.0 	2.0 	14 	0.0 	0.0 	0.0 	0.0 	0.0 	3.0 	RB49		Tampa Bay Buccaneers	Green Bay Packers	0 	0.0 	9 	0.1 	1.8 	11 	0.1 	0.0 	0.0 	0.0 	0.0 	4.6 	RB47		Tampa Bay Buccaneers	Dallas Cowboys	0 	0.0 	9 	0.1 	2.0 	11 	0.1 	0.0 	0.0 	0.0 	0.0 	4.8 	RB46		Tampa Bay Buccaneers	Pittsburgh Steelers	0 	0.0 	11 	0.1 	1.9 	11 	0.1 	0.0 	0.0 	0.0 	0.0 	5.2 	RB43		Tampa Bay Buccaneers	Carolina Panthers	0 	0.0 	11 	0.1 	1.9 	11 	0.1 	0.0 	0.0 	0.0 	0.0 	5.2 	RB42		Tampa Bay Buccaneers	Atlanta Falcons	0 	0.0 	12 	0.1 	1.9 	11 	0.1 	0.0 	0.0 	0.0 	0.0 	5.5 	RB40		Tampa Bay Buccaneers	Chicago Bears	0 	0.0 	10 	0.1 	2.0 	12 	0.1 	0.0 	0.0 	0.0 	0.0 	5.2 	RB46		Tampa Bay Buccaneers	BYE	0 	0.0 	0 	0.0 	0.0 	0 	0.0 	0.0 	0.0 	0.0 	0.0 	0.0 	-		Tampa Bay Buccaneers	Detroit Lions	0 	0.0 	10 	0.1 	2.0 	12 	0.1 	0.0 	0.0 	0.0 	0.0 	5.2 	RB38		Tampa Bay Buccaneers	Carolina Panthers	0 	0.0 	11 	0.1 	1.9 	11 	0.1 	0.0 	0.0 	0.0 	0.0 	5.3 	RB49		Tampa Bay Buccaneers	Los Angeles Chargers	0 	0.0 	10 	0.1 	1.9 	11 	0.1 	0.0 	0.0 	0.0 	0.0 	5.1 	RB46		Tampa Bay Buccaneers	Baltimore Ravens	0 	0.0 	9 	0.1 	2.0 	12 	0.1 	0.0 	0.0 	0.0 	0.0 	5.0 	RB47		Tampa Bay Buccaneers	New Orleans Saints	0 	0.0 	11 	0.1 	2.0 	11 	0.1 	0.0 	0.0 	0.0 	0.0 	5.4 	RB49		Tampa Bay Buccaneers	Atlanta Falcons	0 	0.0 	11 	0.1 	1.9 	11 	0.1 	0.0 	0.0 	0.0 	0.0 	5.2 	RB50		Tampa Bay Buccaneers	Los Angeles Rams	0 	0.0 	10 	0.1 	2.0 	11 	0.1 	0.0 	0.0 	0.0 	0.0 	5.1 	RB50		Actual	Actual	Actual	Forecast	Forecast	Forecast	Forecast	Forecast	Forecast	Forecast	Forecast	Forecast	Forecast	Forecast	Forecast	Forecast	Forecast		Healthy	Healthy	Healthy	Healthy	Healthy	Healthy	Healthy	Healthy	Healthy	Healthy	Healthy	Healthy	Healthy	Healthy	Healthy	Healthy	Healthy		Week 4 2026	10/3/2026	9:38:40 AM	9		5%	7%	9%	9%	0%	0%		0.1 	0	0	0	0	0	0.092599 
	Chris Bell	Miami Dolphins	WR	WR69	7.1 	107 	0 	0.0 	0.0 	0.0 	0 	0.0 	0.0 	0.0 	37.7 	2.5 	559 	37.3 	2.2 	0.1 	0.0 	0.1 	0.0 	0.261 	1.000 	0.320 	(0)	0.000 	0.000 	170 	245 	75 	68 	80 	12 	0.183 				-	-		-	-		-	-		-	-		3.5 	0.0 	10.7 	6.4 	7.3 	0.0 	6.9 	7.2 	7.4 	7.4 	7.1 	7.0 	6.9 	7.4 	7.0 	7.2 	7.4 		WR75	-	WR38	WR66	WR59	-	WR57	WR60	WR61	WR54	WR57	WR68	WR62	WR61	WR67	WR68	WR63		WR68	7.1 	0.0 	0.0 	0.0 	0.0 	2.5 	36.0 	0.2 	67 	0.299 	1.000 	0.330 	(0)	0.000 	0.000 	169 	0.193 		92 		-	-		-	-		-	-		-	-		WR82	7.1 	0.0 	0.0 	0.0 	0.0 	16.3 	233.7 	1.1 	82 	0.136 	1.000 	0.180 	(1)	0.000 	0.000 	#N/A	0.101 		14.2 		-	-		-	-		-	-		-	-					Miami Dolphins	Las Vegas Raiders	0 	0.0 	0 	0.0 	1.0 	25 	0.0 	0.0 	0.0 	0.0 	0.0 	3.5 	WR75		Miami Dolphins	San Francisco 49ers	0 	0.0 	0 	0.0 	0.0 	0 	0.0 	0.0 	0.0 	0.0 	0.0 	0.0 	-		Miami Dolphins	Kansas City Chiefs	0 	0.0 	0 	0.0 	4.0 	67 	0.0 	0.0 	0.0 	0.0 	0.0 	10.7 	WR38		Miami Dolphins	Minnesota Vikings	0 	0.0 	0 	0.0 	2.3 	34 	0.1 	0.0 	0.0 	0.0 	0.0 	6.4 	WR66		Miami Dolphins	Cincinnati Bengals	0 	0.0 	0 	0.0 	2.6 	37 	0.2 	0.0 	0.0 	0.0 	0.0 	7.3 	WR59		Miami Dolphins	BYE	0 	0.0 	0 	0.0 	0.0 	0 	0.0 	0.0 	0.0 	0.0 	0.0 	0.0 	-		Miami Dolphins	New York Jets	0 	0.0 	0 	0.0 	2.4 	35 	0.2 	0.0 	0.0 	0.0 	0.0 	6.9 	WR57		Miami Dolphins	New England Patriots	0 	0.0 	0 	0.0 	2.5 	36 	0.2 	0.0 	0.0 	0.0 	0.0 	7.2 	WR60		Miami Dolphins	Detroit Lions	0 	0.0 	0 	0.0 	2.6 	37 	0.2 	0.0 	0.0 	0.0 	0.0 	7.4 	WR61		Miami Dolphins	Indianapolis Colts	0 	0.0 	0 	0.0 	2.6 	37 	0.2 	0.0 	0.0 	0.0 	0.0 	7.4 	WR54		Miami Dolphins	Buffalo Bills	0 	0.0 	0 	0.0 	2.5 	36 	0.2 	0.0 	0.0 	0.0 	0.0 	7.1 	WR57		Miami Dolphins	New York Jets	0 	0.0 	0 	0.0 	2.4 	35 	0.2 	0.0 	0.0 	0.0 	0.0 	7.0 	WR68		Miami Dolphins	Denver Broncos	0 	0.0 	0 	0.0 	2.5 	35 	0.2 	0.0 	0.0 	0.0 	0.0 	6.9 	WR62		Miami Dolphins	Chicago Bears	0 	0.0 	0 	0.0 	2.6 	37 	0.2 	0.0 	0.0 	0.0 	0.0 	7.4 	WR61		Miami Dolphins	Green Bay Packers	0 	0.0 	0 	0.0 	2.5 	36 	0.2 	0.0 	0.0 	0.0 	0.0 	7.0 	WR67		Miami Dolphins	Los Angeles Chargers	0 	0.0 	0 	0.0 	2.5 	36 	0.2 	0.0 	0.0 	0.0 	0.0 	7.2 	WR68		Miami Dolphins	Buffalo Bills	0 	0.0 	0 	0.0 	2.6 	37 	0.2 	0.0 	0.0 	0.0 	0.0 	7.4 	WR63		Actual	Actual	Actual	Forecast	Forecast	Forecast	Forecast	Forecast	Forecast	Forecast	Forecast	Forecast	Forecast	Forecast	Forecast	Forecast	Forecast		Healthy	Healthy	Healthy	Healthy	Healthy	Healthy	Healthy	Healthy	Healthy	Healthy	Healthy	Healthy	Healthy	Healthy	Healthy	Healthy	Healthy		Week 4 2026	10/3/2026	9:38:40 AM	9		16%	14%	0%	0%	0%	0%		0.1 	0	0	0	0	0	0.091811 
	Xavier Worthy	Kansas City Chiefs	WR	WR64	7.3 	116 	0 	0.0 	0.0 	0.0 	17 	1.1 	0.1 	0.0 	47.2 	2.9 	431 	26.9 	4.0 	0.2 	0.0 	0.1 	0.0 	0.285 	1.000 	0.360 	(0)	0.000 	0.000 	157 	132 	(25)	64 	52 	(12)	0.205 				-	-		-	-		-	-		-	-		4.8 	13.5 	4.0 	7.4 	0.0 	7.3 	7.0 	7.0 	7.0 	7.3 	7.4 	7.4 	7.2 	7.4 	7.3 	7.4 	7.1 		WR66	WR20	WR66	WR57	-	WR55	WR55	WR61	WR63	WR56	WR55	WR64	WR59	WR62	WR66	WR64	WR67		WR66	7.2 	0.0 	0.0 	1.3 	0.0 	2.9 	28.3 	0.2 	65 	0.304 	1.000 	0.350 	(0)	0.000 	0.000 	165 	0.203 		94 		-	-		-	-		-	-		-	-		WR54	7.4 	0.0 	0.0 	5.7 	0.0 	12.4 	122.6 	1.0 	54 	0.214 	1.000 	0.460 	(0)	0.000 	0.000 	#N/A	0.239 		22.3 		-	-		-	-		-	-		-	-					Kansas City Chiefs	Denver Broncos	0 	0.0 	0 	0.0 	3.0 	18 	0.0 	0.0 	0.0 	0.0 	0.0 	4.8 	WR66		Kansas City Chiefs	Indianapolis Colts	0 	0.0 	0 	0.0 	5.0 	25 	1.0 	0.0 	0.0 	0.0 	0.0 	13.5 	WR20		Kansas City Chiefs	Miami Dolphins	0 	0.0 	0 	0.0 	2.0 	20 	0.0 	0.0 	0.0 	0.0 	0.0 	4.0 	WR66		Kansas City Chiefs	Las Vegas Raiders	0 	0.0 	1 	0.0 	2.9 	29 	0.2 	0.0 	0.0 	0.0 	0.0 	7.4 	WR57		Kansas City Chiefs	BYE	0 	0.0 	0 	0.0 	0.0 	0 	0.0 	0.0 	0.0 	0.0 	0.0 	0.0 	-		Kansas City Chiefs	Los Angeles Chargers	0 	0.0 	1 	0.0 	2.9 	29 	0.2 	0.0 	0.0 	0.0 	0.0 	7.3 	WR55		Kansas City Chiefs	Seattle Seahawks	0 	0.0 	1 	0.0 	2.8 	28 	0.2 	0.0 	0.0 	0.0 	0.0 	7.0 	WR55		Kansas City Chiefs	Denver Broncos	0 	0.0 	1 	0.0 	2.8 	28 	0.2 	0.0 	0.0 	0.0 	0.0 	7.0 	WR61		Kansas City Chiefs	New York Jets	0 	0.0 	2 	0.0 	2.7 	27 	0.2 	0.0 	0.0 	0.0 	0.0 	7.0 	WR63		Kansas City Chiefs	Atlanta Falcons	0 	0.0 	1 	0.0 	2.8 	28 	0.2 	0.0 	0.0 	0.0 	0.0 	7.3 	WR56		Kansas City Chiefs	Arizona Cardinals	0 	0.0 	2 	0.0 	2.8 	28 	0.2 	0.0 	0.0 	0.0 	0.0 	7.4 	WR55		Kansas City Chiefs	Buffalo Bills	0 	0.0 	1 	0.0 	2.9 	29 	0.2 	0.0 	0.0 	0.0 	0.0 	7.4 	WR64		Kansas City Chiefs	Los Angeles Rams	0 	0.0 	1 	0.0 	2.9 	29 	0.2 	0.0 	0.0 	0.0 	0.0 	7.2 	WR59		Kansas City Chiefs	Cincinnati Bengals	0 	0.0 	1 	0.0 	2.9 	29 	0.2 	0.0 	0.0 	0.0 	0.0 	7.4 	WR62		Kansas City Chiefs	New England Patriots	0 	0.0 	1 	0.0 	2.9 	28 	0.2 	0.0 	0.0 	0.0 	0.0 	7.3 	WR66		Kansas City Chiefs	San Francisco 49ers	0 	0.0 	1 	0.0 	2.9 	29 	0.2 	0.0 	0.0 	0.0 	0.0 	7.4 	WR64		Kansas City Chiefs	Los Angeles Chargers	0 	0.0 	1 	0.0 	2.8 	28 	0.2 	0.0 	0.0 	0.0 	0.0 	7.1 	WR67		Actual	Actual	Actual	Forecast	Forecast	Forecast	Forecast	Forecast	Forecast	Forecast	Forecast	Forecast	Forecast	Forecast	Forecast	Forecast	Forecast		Healthy	Healthy	Healthy	Healthy	Healthy	Healthy	Healthy	Healthy	Healthy	Healthy	Healthy	Healthy	Healthy	Healthy	Healthy	Healthy	Healthy		Week 4 2026	10/3/2026	9:38:40 AM	9		13%	15%	1%	1%	0%	0%		(0.0)	0	0	0	0	0	(0.036103)
	Keaton Mitchell	Los Angeles Chargers	RB	RB50	4.8 	77 	0 	0.0 	0.0 	0.0 	410 	25.7 	1.0 	0.1 	13.2 	0.8 	93 	5.8 	1.4 	0.1 	0.0 	0.8 	0.0 	0.188 	1.000 	0.392 	(1)	0.000 	0.000 	158 	161 	3 	50 	51 	1 	0.205 																0.9 	4.9 	13.7 	3.7 	4.1 	4.2 	0.0 	4.2 	4.4 	4.2 	4.9 	4.4 	4.5 	4.6 	4.6 	4.9 	4.4 		RB58	RB43	RB15	RB51	RB49	RB47	-	RB45	RB48	RB46	RB40	RB52	RB48	RB48	RB51	RB51	RB52		RB52	4.4 	0.0 	0.0 	25.0 	0.1 	0.7 	6.4 	0.0 	52 	0.185 	1.000 	0.366 	(1)	0.000 	0.000 	171 	0.193 		57 		-	-		-	-		-	-		-	-		RB34	6.5 	0.0 	0.0 	108.5 	0.3 	3.1 	27.7 	0.1 	34 	0.187 	1.000 	0.594 	(0)	0.000 	0.000 	#N/A	0.296 		19.5 		-	-		-	-		-	-		-	-					Los Angeles Chargers	Arizona Cardinals	0 	0.0 	9 	0.0 	0.0 	0 	0.0 	0.0 	0.0 	0.0 	0.0 	0.9 	RB58		Los Angeles Chargers	Las Vegas Raiders	0 	0.0 	24 	0.0 	1.0 	15 	0.0 	0.0 	0.0 	0.0 	0.0 	4.9 	RB43		Los Angeles Chargers	Buffalo Bills	0 	0.0 	52 	0.0 	3.0 	(5)	1.0 	0.0 	0.0 	0.0 	0.0 	13.7 	RB15		Los Angeles Chargers	Seattle Seahawks	0 	0.0 	20 	0.1 	0.7 	6 	0.0 	0.0 	0.1 	0.0 	0.0 	3.7 	RB51		Los Angeles Chargers	Denver Broncos	0 	0.0 	23 	0.1 	0.7 	6 	0.0 	0.0 	0.1 	0.0 	0.0 	4.1 	RB49		Los Angeles Chargers	Kansas City Chiefs	0 	0.0 	24 	0.1 	0.7 	6 	0.0 	0.0 	0.1 	0.0 	0.0 	4.2 	RB47		Los Angeles Chargers	BYE	0 	0.0 	0 	0.0 	0.0 	0 	0.0 	0.0 	0.0 	0.0 	0.0 	0.0 	-		Los Angeles Chargers	Los Angeles Rams	0 	0.0 	23 	0.1 	0.7 	7 	0.0 	0.0 	0.1 	0.0 	0.0 	4.2 	RB45		Los Angeles Chargers	Houston Texans	0 	0.0 	25 	0.1 	0.7 	6 	0.0 	0.0 	0.1 	0.0 	0.0 	4.4 	RB48		Los Angeles Chargers	Baltimore Ravens	0 	0.0 	23 	0.1 	0.7 	7 	0.0 	0.0 	0.1 	0.0 	0.0 	4.2 	RB46		Los Angeles Chargers	New York Jets	0 	0.0 	29 	0.1 	0.7 	6 	0.0 	0.0 	0.1 	0.0 	0.0 	4.9 	RB40		Los Angeles Chargers	New England Patriots	0 	0.0 	25 	0.1 	0.7 	6 	0.0 	0.0 	0.1 	0.0 	0.0 	4.4 	RB52		Los Angeles Chargers	Tampa Bay Buccaneers	0 	0.0 	26 	0.1 	0.7 	7 	0.0 	0.0 	0.1 	0.0 	0.0 	4.5 	RB48		Los Angeles Chargers	Las Vegas Raiders	0 	0.0 	27 	0.1 	0.7 	6 	0.0 	0.0 	0.1 	0.0 	0.0 	4.6 	RB48		Los Angeles Chargers	San Francisco 49ers	0 	0.0 	26 	0.1 	0.7 	7 	0.0 	0.0 	0.1 	0.0 	0.0 	4.6 	RB51		Los Angeles Chargers	Miami Dolphins	0 	0.0 	29 	0.1 	0.7 	6 	0.0 	0.0 	0.1 	0.0 	0.0 	4.9 	RB51		Los Angeles Chargers	Kansas City Chiefs	0 	0.0 	25 	0.1 	0.7 	6 	0.0 	0.0 	0.1 	0.0 	0.0 	4.4 	RB52		Actual	Actual	Actual	Forecast	Forecast	Forecast	Forecast	Forecast	Forecast	Forecast	Forecast	Forecast	Forecast	Forecast	Forecast	Forecast	Forecast		Healthy	Healthy	Healthy	Healthy	Healthy	Healthy	Healthy	Healthy	Healthy	Healthy	Healthy	Healthy	Healthy	Healthy	Healthy	Healthy	Healthy		Week 4 2026	10/3/2026	9:38:40 AM	9		3%	2%	19%	9%	0%	0%		(0.1)	0	0	0	0	0	(0.103043)
	Brenton Strange	Jacksonville Jaguars	TE	TE22	7.2 	115 	0 	0.0 	0.0 	0.0 	0 	0.0 	0.0 	0.0 	43.0 	2.7 	461 	28.8 	4.4 	0.3 	0.0 	0.1 	0.0 	0.282 	0.560 	0.376 	(0)	0.000 	0.000 	163 	157 	(6)	22 	18 	(4)	0.193 				-	-		-	-		-	-		-	-		10.3 	3.7 	6.2 	7.5 	7.3 	7.0 	0.0 	7.6 	7.4 	7.3 	7.3 	7.4 	7.2 	7.3 	6.9 	7.5 	7.6 		TE13	TE23	TE20	TE22	TE21	TE21	-	TE19	TE23	TE20	TE20	TE23	TE19	TE21	TE24	TE23	TE23		TE23	7.3 	0.0 	0.0 	0.0 	0.0 	2.8 	29.9 	0.3 	23 	0.307 	0.560 	0.366 	(0)	0.000 	0.000 	170 	0.193 		95 		-	-		-	-		-	-		-	-		TE26	6.7 	0.0 	0.0 	0.0 	0.0 	12.0 	129.5 	1.1 	26 	0.194 	0.560 	0.338 	(0)	0.000 	0.000 	#N/A	0.164 		20.2 		-	-		-	-		-	-		-	-					Jacksonville Jaguars	Cleveland Browns	0 	0.0 	0 	0.0 	2.0 	23 	1.0 	0.0 	0.0 	0.0 	0.0 	10.3 	TE13		Jacksonville Jaguars	Denver Broncos	0 	0.0 	0 	0.0 	2.0 	17 	0.0 	0.0 	0.0 	0.0 	0.0 	3.7 	TE23		Jacksonville Jaguars	New England Patriots	0 	0.0 	0 	0.0 	3.0 	32 	0.0 	0.0 	0.0 	0.0 	0.0 	6.2 	TE20		Jacksonville Jaguars	Cincinnati Bengals	0 	0.0 	0 	0.0 	2.8 	31 	0.3 	0.0 	0.0 	0.0 	0.0 	7.5 	TE22		Jacksonville Jaguars	Philadelphia Eagles	0 	0.0 	0 	0.0 	2.7 	30 	0.3 	0.0 	0.0 	0.0 	0.0 	7.3 	TE21		Jacksonville Jaguars	Houston Texans	0 	0.0 	0 	0.0 	2.7 	29 	0.2 	0.0 	0.0 	0.0 	0.0 	7.0 	TE21		Jacksonville Jaguars	BYE	0 	0.0 	0 	0.0 	0.0 	0 	0.0 	0.0 	0.0 	0.0 	0.0 	0.0 	-		Jacksonville Jaguars	Indianapolis Colts	0 	0.0 	0 	0.0 	2.8 	31 	0.3 	0.0 	0.0 	0.0 	0.0 	7.6 	TE19		Jacksonville Jaguars	Baltimore Ravens	0 	0.0 	0 	0.0 	2.8 	30 	0.3 	0.0 	0.0 	0.0 	0.0 	7.4 	TE23		Jacksonville Jaguars	Tennessee Titans	0 	0.0 	0 	0.0 	2.8 	30 	0.3 	0.0 	0.0 	0.0 	0.0 	7.3 	TE20		Jacksonville Jaguars	New York Giants	0 	0.0 	0 	0.0 	2.8 	30 	0.3 	0.0 	0.0 	0.0 	0.0 	7.3 	TE20		Jacksonville Jaguars	Tennessee Titans	0 	0.0 	0 	0.0 	2.8 	30 	0.3 	0.0 	0.0 	0.0 	0.0 	7.4 	TE23		Jacksonville Jaguars	Chicago Bears	0 	0.0 	0 	0.0 	2.7 	30 	0.2 	0.0 	0.0 	0.0 	0.0 	7.2 	TE19		Jacksonville Jaguars	Pittsburgh Steelers	0 	0.0 	0 	0.0 	2.7 	30 	0.3 	0.0 	0.0 	0.0 	0.0 	7.3 	TE21		Jacksonville Jaguars	Houston Texans	0 	0.0 	0 	0.0 	2.6 	29 	0.2 	0.0 	0.0 	0.0 	0.0 	6.9 	TE24		Jacksonville Jaguars	Dallas Cowboys	0 	0.0 	0 	0.0 	2.8 	31 	0.3 	0.0 	0.0 	0.0 	0.0 	7.5 	TE23		Jacksonville Jaguars	Washington Commanders	0 	0.0 	0 	0.0 	2.8 	31 	0.3 	0.0 	0.0 	0.0 	0.0 	7.6 	TE23		Actual	Actual	Actual	Forecast	Forecast	Forecast	Forecast	Forecast	Forecast	Forecast	Forecast	Forecast	Forecast	Forecast	Forecast	Forecast	Forecast		Healthy	Healthy	Healthy	Healthy	Healthy	Healthy	Healthy	Healthy	Healthy	Healthy	Healthy	Healthy	Healthy	Healthy	Healthy	Healthy	Healthy		Week 4 2026	10/3/2026	9:38:40 AM	9		13%	16%	0%	0%	0%	0%		0.0 	0	0	0	0	0	0.028409 
	Jonathon Brooks	Carolina Panthers	RB	RB57	5.6 	61 	0 	0.0 	0.0 	0.0 	306 	27.8 	1.7 	0.2 	9.4 	0.9 	103 	9.3 	0.4 	0.0 	0.0 	0.8 	0.0 	0.150 	1.000 	0.302 	(1)	0.000 	0.000 	185 	81 	(104)	57 	31 	(26)	0.159 				-	-		-	-		-	-		-	-		7.2 	2.1 	0.0 	0.0 	0.0 	0.0 	0.0 	0.0 	5.7 	5.9 	5.8 	5.7 	5.6 	6.4 	6.2 	5.5 	5.3 		RB38	RB56	-	-	-	-	-	-	RB42	RB40	RB37	RB48	RB43	RB43	RB45	RB47	RB49		RB53	5.8 	0.0 	0.0 	30.7 	0.2 	0.8 	6.6 	0.0 	53 	0.168 	1.000 	0.354 	(0)	0.000 	0.000 	173 	0.184 		52 		-	-		-	-		-	-		-	-		RB63	4.7 	0.0 	0.0 	138.0 	0.9 	3.7 	29.8 	0.2 	63 	0.089 	1.000 	0.225 	(1)	0.000 	0.000 	#N/A	0.115 		9.3 		-	-		-	-		-	-		-	-					Carolina Panthers	Chicago Bears	0 	0.0 	14 	0.0 	1.0 	48 	0.0 	0.0 	0.0 	0.0 	0.0 	7.2 	RB38		Carolina Panthers	Atlanta Falcons	0 	0.0 	16 	0.0 	1.0 	(5)	0.0 	0.0 	0.0 	0.0 	0.0 	2.1 	RB56		Carolina Panthers	Cleveland Browns	0 	0.0 	0 	0.0 	0.0 	0 	0.0 	0.0 	0.0 	0.0 	0.0 	0.0 	-		Carolina Panthers	Detroit Lions	0 	0.0 	0 	0.0 	0.0 	0 	0.0 	0.0 	0.0 	0.0 	0.0 	0.0 	-		Carolina Panthers	BYE	0 	0.0 	0 	0.0 	0.0 	0 	0.0 	0.0 	0.0 	0.0 	0.0 	0.0 	-		Carolina Panthers	Philadelphia Eagles	0 	0.0 	0 	0.0 	0.0 	0 	0.0 	0.0 	0.0 	0.0 	0.0 	0.0 	-		Carolina Panthers	Tampa Bay Buccaneers	0 	0.0 	0 	0.0 	0.0 	0 	0.0 	0.0 	0.0 	0.0 	0.0 	0.0 	-		Carolina Panthers	Green Bay Packers	0 	0.0 	0 	0.0 	0.0 	0 	0.0 	0.0 	0.0 	0.0 	0.0 	0.0 	-		Carolina Panthers	Denver Broncos	0 	0.0 	31 	0.2 	0.8 	6 	0.0 	0.0 	0.1 	0.0 	0.0 	5.7 	RB42		Carolina Panthers	New Orleans Saints	0 	0.0 	32 	0.2 	0.8 	7 	0.0 	0.0 	0.1 	0.0 	0.0 	5.9 	RB40		Carolina Panthers	Baltimore Ravens	0 	0.0 	30 	0.2 	0.8 	7 	0.0 	0.0 	0.1 	0.0 	0.0 	5.8 	RB37		Carolina Panthers	Tampa Bay Buccaneers	0 	0.0 	30 	0.2 	0.8 	7 	0.0 	0.0 	0.1 	0.0 	0.0 	5.7 	RB48		Carolina Panthers	Minnesota Vikings	0 	0.0 	29 	0.2 	0.8 	7 	0.0 	0.0 	0.1 	0.0 	0.0 	5.6 	RB43		Carolina Panthers	New Orleans Saints	0 	0.0 	34 	0.2 	0.8 	7 	0.0 	0.0 	0.1 	0.0 	0.0 	6.4 	RB43		Carolina Panthers	Cincinnati Bengals	0 	0.0 	32 	0.2 	0.8 	7 	0.0 	0.0 	0.1 	0.0 	0.0 	6.2 	RB45		Carolina Panthers	Pittsburgh Steelers	0 	0.0 	29 	0.2 	0.8 	7 	0.0 	0.0 	0.1 	0.0 	0.0 	5.5 	RB47		Carolina Panthers	Seattle Seahawks	0 	0.0 	28 	0.2 	0.8 	7 	0.0 	0.0 	0.1 	0.0 	0.0 	5.3 	RB49		Actual	Actual	Actual	Forecast	Forecast	Forecast	Forecast	Forecast	Forecast	Forecast	Forecast	Forecast	Forecast	Forecast	Forecast	Forecast	Forecast		Healthy	Healthy	Injured	Injured	Injured	Injured	Injured	Injured	Healthy	Healthy	Healthy	Healthy	Healthy	Healthy	Healthy	Healthy	Healthy		Week 4 2026	10/3/2026	9:38:40 AM	9		3%	3%	28%	28%	0%	0%		0.1 	0	0	1	1	1	
	Hunter Henry	New England Patriots	TE	TE24	6.7 	107 	0 	0.0 	0.0 	0.0 	0 	0.0 	0.0 	0.0 	42.2 	2.6 	479 	29.9 	2.9 	0.2 	0.0 	0.1 	0.0 	0.263 	0.560 	0.357 	(0)	0.000 	0.000 	172 	155 	(17)	24 	17 	(7)	0.182 				-	-		-	-		-	-		-	-		5.6 	7.0 	1.5 	8.1 	8.0 	7.8 	8.1 	6.9 	6.9 	7.0 	0.0 	6.8 	7.0 	6.7 	6.7 	6.5 	6.7 		TE22	TE20	TE30	TE21	TE19	TE19	TE21	TE21	TE25	TE21	-	TE26	TE20	TE23	TE27	TE27	TE25		TE24	7.2 	0.0 	0.0 	0.0 	0.0 	2.7 	31.4 	0.2 	24 	0.301 	0.560 	0.357 	(0)	0.000 	0.000 	172 	0.188 		93 		-	-		-	-		-	-		-	-		TE35	4.7 	0.0 	0.0 	0.0 	0.0 	11.7 	136.0 	1.0 	35 	0.135 	0.560 	0.249 	(1)	0.000 	0.000 	#N/A	0.120 		14.1 		-	-		-	-		-	-		-	-					New England Patriots	Seattle Seahawks	0 	0.0 	0 	0.0 	3.0 	26 	0.0 	0.0 	0.0 	0.0 	0.0 	5.6 	TE22		New England Patriots	Pittsburgh Steelers	0 	0.0 	0 	0.0 	3.0 	40 	0.0 	0.0 	0.0 	0.0 	0.0 	7.0 	TE20		New England Patriots	Jacksonville Jaguars	0 	0.0 	0 	0.0 	1.0 	5 	0.0 	0.0 	0.0 	0.0 	0.0 	1.5 	TE30		New England Patriots	Buffalo Bills	0 	0.0 	0 	0.0 	3.1 	36 	0.2 	0.0 	0.0 	0.0 	0.0 	8.1 	TE21		New England Patriots	Las Vegas Raiders	0 	0.0 	0 	0.0 	3.0 	35 	0.3 	0.0 	0.0 	0.0 	0.0 	8.0 	TE19		New England Patriots	New York Jets	0 	0.0 	0 	0.0 	2.9 	34 	0.3 	0.0 	0.0 	0.0 	0.0 	7.8 	TE19		New England Patriots	Chicago Bears	0 	0.0 	0 	0.0 	3.0 	35 	0.3 	0.0 	0.0 	0.0 	0.0 	8.1 	TE21		New England Patriots	Miami Dolphins	0 	0.0 	0 	0.0 	2.6 	30 	0.2 	0.0 	0.0 	0.0 	0.0 	6.9 	TE21		New England Patriots	Green Bay Packers	0 	0.0 	0 	0.0 	2.6 	30 	0.2 	0.0 	0.0 	0.0 	0.0 	6.9 	TE25		New England Patriots	Detroit Lions	0 	0.0 	0 	0.0 	2.6 	31 	0.2 	0.0 	0.0 	0.0 	0.0 	7.0 	TE21		New England Patriots	BYE	0 	0.0 	0 	0.0 	0.0 	0 	0.0 	0.0 	0.0 	0.0 	0.0 	0.0 	-		New England Patriots	Los Angeles Chargers	0 	0.0 	0 	0.0 	2.6 	30 	0.2 	0.0 	0.0 	0.0 	0.0 	6.8 	TE26		New England Patriots	Buffalo Bills	0 	0.0 	0 	0.0 	2.6 	31 	0.2 	0.0 	0.0 	0.0 	0.0 	7.0 	TE20		New England Patriots	Minnesota Vikings	0 	0.0 	0 	0.0 	2.5 	30 	0.2 	0.0 	0.0 	0.0 	0.0 	6.7 	TE23		New England Patriots	Kansas City Chiefs	0 	0.0 	0 	0.0 	2.6 	30 	0.2 	0.0 	0.0 	0.0 	0.0 	6.7 	TE27		New England Patriots	New York Jets	0 	0.0 	0 	0.0 	2.5 	29 	0.2 	0.0 	0.0 	0.0 	0.0 	6.5 	TE27		New England Patriots	Denver Broncos	0 	0.0 	0 	0.0 	2.5 	29 	0.2 	0.0 	0.0 	0.0 	0.0 	6.7 	TE25		Actual	Actual	Actual	Forecast	Forecast	Forecast	Forecast	Forecast	Forecast	Forecast	Forecast	Forecast	Forecast	Forecast	Forecast	Forecast	Forecast		Healthy	Healthy	Healthy	Healthy	Healthy	Healthy	Healthy	Healthy	Healthy	Healthy	Healthy	Healthy	Healthy	Healthy	Healthy	Healthy	Healthy		Week 4 2026	10/3/2026	9:38:40 AM	9		13%	14%	0%	0%	0%	0%		0.1 	0	0	0	0	0	0.068022 
	Marvin Harrison Jr.	Arizona Cardinals	WR	WR72	6.5 	97 	0 	0.0 	0.0 	0.0 	0 	0.0 	0.0 	0.0 	31.2 	2.1 	489 	32.6 	2.8 	0.2 	0.0 	0.1 	0.0 	0.237 	1.000 	0.290 	(0)	0.000 	0.000 	181 	72 	(109)	71 	31 	(40)	0.166 				-	-		-	-		-	-		-	-		4.3 	0.0 	7.0 	6.8 	7.3 	6.4 	6.5 	6.6 	6.2 	6.6 	6.3 	6.8 	6.4 	0.0 	6.5 	6.6 	6.5 		WR71	-	WR51	WR62	WR60	WR59	WR58	WR64	WR67	WR61	WR61	WR69	WR64	-	WR71	WR70	WR72		WR70	6.6 	0.0 	0.0 	0.0 	0.0 	2.1 	32.0 	0.2 	70 	0.276 	1.000 	0.300 	(0)	0.000 	0.000 	178 	0.176 		86 		-	-		-	-		-	-		-	-		WR93	5.7 	0.0 	0.0 	0.0 	0.0 	13.6 	208.1 	1.4 	93 	0.109 	1.000 	0.070 	(1)	0.000 	0.000 	#N/A	0.048 		11.3 		-	-		-	-		-	-		-	-					Arizona Cardinals	Los Angeles Chargers	0 	0.0 	0 	0.0 	1.0 	33 	0.0 	0.0 	0.0 	0.0 	0.0 	4.3 	WR71		Arizona Cardinals	Seattle Seahawks	0 	0.0 	0 	0.0 	0.0 	0 	0.0 	0.0 	0.0 	0.0 	0.0 	0.0 	-		Arizona Cardinals	San Francisco 49ers	0 	0.0 	0 	0.0 	3.0 	40 	0.0 	0.0 	0.0 	0.0 	0.0 	7.0 	WR51		Arizona Cardinals	New York Giants	0 	0.0 	0 	0.0 	2.1 	32 	0.2 	0.0 	0.0 	0.0 	0.0 	6.8 	WR62		Arizona Cardinals	Detroit Lions	0 	0.0 	0 	0.0 	2.3 	34 	0.3 	0.0 	0.0 	0.0 	0.0 	7.3 	WR60		Arizona Cardinals	Los Angeles Rams	0 	0.0 	0 	0.0 	2.1 	31 	0.2 	0.0 	0.0 	0.0 	0.0 	6.4 	WR59		Arizona Cardinals	Denver Broncos	0 	0.0 	0 	0.0 	2.1 	32 	0.2 	0.0 	0.0 	0.0 	0.0 	6.5 	WR58		Arizona Cardinals	Dallas Cowboys	0 	0.0 	0 	0.0 	2.1 	32 	0.2 	0.0 	0.0 	0.0 	0.0 	6.6 	WR64		Arizona Cardinals	Seattle Seahawks	0 	0.0 	0 	0.0 	2.0 	31 	0.2 	0.0 	0.0 	0.0 	0.0 	6.2 	WR67		Arizona Cardinals	Los Angeles Rams	0 	0.0 	0 	0.0 	2.1 	32 	0.2 	0.0 	0.0 	0.0 	0.0 	6.6 	WR61		Arizona Cardinals	Kansas City Chiefs	0 	0.0 	0 	0.0 	2.0 	31 	0.2 	0.0 	0.0 	0.0 	0.0 	6.3 	WR61		Arizona Cardinals	Washington Commanders	0 	0.0 	0 	0.0 	2.1 	33 	0.2 	0.0 	0.0 	0.0 	0.0 	6.8 	WR69		Arizona Cardinals	Philadelphia Eagles	0 	0.0 	0 	0.0 	2.1 	32 	0.2 	0.0 	0.0 	0.0 	0.0 	6.4 	WR64		Arizona Cardinals	BYE	0 	0.0 	0 	0.0 	0.0 	0 	0.0 	0.0 	0.0 	0.0 	0.0 	0.0 	-		Arizona Cardinals	New York Jets	0 	0.0 	0 	0.0 	2.0 	31 	0.2 	0.0 	0.0 	0.0 	0.0 	6.5 	WR71		Arizona Cardinals	New Orleans Saints	0 	0.0 	0 	0.0 	2.1 	32 	0.2 	0.0 	0.0 	0.0 	0.0 	6.6 	WR70		Arizona Cardinals	Las Vegas Raiders	0 	0.0 	0 	0.0 	2.1 	31 	0.2 	0.0 	0.0 	0.0 	0.0 	6.5 	WR72		Actual	Actual	Actual	Forecast	Forecast	Forecast	Forecast	Forecast	Forecast	Forecast	Forecast	Forecast	Forecast	Forecast	Forecast	Forecast	Forecast		Healthy	Healthy	Healthy	Healthy	Healthy	Healthy	Healthy	Healthy	Healthy	Healthy	Healthy	Healthy	Healthy	Healthy	Healthy	Healthy	Healthy		Week 4 2026	10/3/2026	9:38:40 AM	9		14%	15%	0%	0%	0%	0%		0.1 	0	0	0	0	0	0.128622 
	Jonah Coleman	Denver Broncos	RB	RB63	4.7 	47 	0 	0.0 	0.0 	0.0 	187 	18.7 	2.2 	0.2 	8.8 	0.9 	59 	5.9 	0.1 	0.0 	0.0 	0.4 	0.0 	0.114 	1.000 	0.225 	(1)	0.000 	0.000 	207 	152 	(55)	63 	49 	(14)	0.118 																0.0 	14.8 	0.0 	0.0 	0.0 	0.0 	0.0 	3.5 	3.5 	0.0 	3.8 	3.3 	4.0 	3.5 	3.6 	3.4 	3.2 		-	RB9	-	-	-	-	-	RB48	RB53	-	RB44	RB56	RB50	RB54	RB55	RB58	RB59		RB66	3.5 	0.0 	0.0 	16.5 	0.1 	0.6 	4.5 	0.0 	66 	0.103 	1.000 	0.186 	(1)	0.000 	0.000 	215 	0.099 		32 		-	-		-	-		-	-		-	-		RB46	14.8 	0.0 	0.0 	148.3 	1.2 	5.8 	40.4 	0.1 	46 	0.142 	1.000 	0.443 	(0)	0.000 	0.000 	#N/A	0.221 		14.8 		-	-		-	-		-	-		-	-					Denver Broncos	Kansas City Chiefs	0 	0.0 	0 	0.0 	0.0 	0 	0.0 	0.0 	0.0 	0.0 	0.0 	0.0 	-		Denver Broncos	Jacksonville Jaguars	0 	0.0 	39 	1.0 	3.0 	19 	0.0 	0.0 	0.0 	0.0 	0.0 	14.8 	RB9		Denver Broncos	Los Angeles Rams	0 	0.0 	0 	0.0 	0.0 	0 	0.0 	0.0 	0.0 	0.0 	0.0 	0.0 	-		Denver Broncos	San Francisco 49ers	0 	0.0 	0 	0.0 	0.0 	0 	0.0 	0.0 	0.0 	0.0 	0.0 	0.0 	-		Denver Broncos	Los Angeles Chargers	0 	0.0 	0 	0.0 	0.0 	0 	0.0 	0.0 	0.0 	0.0 	0.0 	0.0 	-		Denver Broncos	Seattle Seahawks	0 	0.0 	0 	0.0 	0.0 	0 	0.0 	0.0 	0.0 	0.0 	0.0 	0.0 	-		Denver Broncos	Arizona Cardinals	0 	0.0 	0 	0.0 	0.0 	0 	0.0 	0.0 	0.0 	0.0 	0.0 	0.0 	-		Denver Broncos	Kansas City Chiefs	0 	0.0 	16 	0.1 	0.6 	5 	0.0 	0.0 	0.0 	0.0 	0.0 	3.5 	RB48		Denver Broncos	Carolina Panthers	0 	0.0 	16 	0.1 	0.7 	5 	0.0 	0.0 	0.0 	0.0 	0.0 	3.5 	RB53		Denver Broncos	BYE	0 	0.0 	0 	0.0 	0.0 	0 	0.0 	0.0 	0.0 	0.0 	0.0 	0.0 	-		Denver Broncos	Las Vegas Raiders	0 	0.0 	18 	0.2 	0.6 	4 	0.0 	0.0 	0.0 	0.0 	0.0 	3.8 	RB44		Denver Broncos	Pittsburgh Steelers	0 	0.0 	15 	0.1 	0.6 	4 	0.0 	0.0 	0.0 	0.0 	0.0 	3.3 	RB56		Denver Broncos	Miami Dolphins	0 	0.0 	19 	0.2 	0.6 	4 	0.0 	0.0 	0.0 	0.0 	0.0 	4.0 	RB50		Denver Broncos	New York Jets	0 	0.0 	17 	0.1 	0.6 	4 	0.0 	0.0 	0.0 	0.0 	0.0 	3.5 	RB54		Denver Broncos	Las Vegas Raiders	0 	0.0 	17 	0.1 	0.6 	4 	0.0 	0.0 	0.0 	0.0 	0.0 	3.6 	RB55		Denver Broncos	Buffalo Bills	0 	0.0 	15 	0.1 	0.7 	5 	0.0 	0.0 	0.0 	0.0 	0.0 	3.4 	RB58		Denver Broncos	New England Patriots	0 	0.0 	15 	0.1 	0.6 	4 	0.0 	0.0 	0.0 	0.0 	0.0 	3.2 	RB59		Actual	Actual	Actual	Forecast	Forecast	Forecast	Forecast	Forecast	Forecast	Forecast	Forecast	Forecast	Forecast	Forecast	Forecast	Forecast	Forecast		Healthy	Healthy	Injured	Injured	Injured	Injured	Injured	Healthy	Healthy	Healthy	Healthy	Healthy	Healthy	Healthy	Healthy	Healthy	Healthy		Week 4 2026	10/3/2026	9:38:40 AM	9		2%	1%	14%	14%	0%	0%		(0.1)	0	0	1	1	1	
	Malachi Fields	New York Giants	WR	WR71	6.2 	100 	0 	0.0 	0.0 	0.0 	0 	0.0 	0.0 	0.0 	39.1 	2.4 	471 	29.4 	2.3 	0.1 	0.0 	0.1 	0.0 	0.244 	1.000 	0.300 	(1)	0.000 	0.000 	178 	228 	50 	70 	74 	4 	0.172 				-	-		-	-		-	-		-	-		4.5 	5.0 	3.9 	6.5 	6.4 	6.7 	6.5 	0.0 	6.6 	6.8 	6.7 	6.7 	6.7 	6.7 	6.4 	6.9 	6.9 		WR70	WR61	WR67	WR65	WR65	WR58	WR59	-	WR66	WR59	WR58	WR70	WR63	WR66	WR72	WR69	WR69		WR69	6.6 	0.0 	0.0 	0.0 	0.0 	2.5 	30.6 	0.2 	69 	0.278 	1.000 	0.310 	(0)	0.000 	0.000 	175 	0.181 		86 		-	-		-	-		-	-		-	-		WR85	4.5 	0.0 	0.0 	0.0 	0.0 	11.0 	132.4 	0.8 	85 	0.129 	1.000 	0.150 	(1)	0.000 	0.000 	#N/A	0.087 		13.4 		-	-		-	-		-	-		-	-					New York Giants	Dallas Cowboys	0 	0.0 	0 	0.0 	2.0 	25 	0.0 	0.0 	0.0 	0.0 	0.0 	4.5 	WR70		New York Giants	Los Angeles Rams	0 	0.0 	0 	0.0 	2.0 	30 	0.0 	0.0 	0.0 	0.0 	0.0 	5.0 	WR61		New York Giants	Tennessee Titans	0 	0.0 	0 	0.0 	2.0 	19 	0.0 	0.0 	0.0 	0.0 	0.0 	3.9 	WR67		New York Giants	Arizona Cardinals	0 	0.0 	0 	0.0 	2.5 	30 	0.2 	0.0 	0.0 	0.0 	0.0 	6.5 	WR65		New York Giants	Washington Commanders	0 	0.0 	0 	0.0 	2.5 	30 	0.2 	0.0 	0.0 	0.0 	0.0 	6.4 	WR65		New York Giants	New Orleans Saints	0 	0.0 	0 	0.0 	2.5 	30 	0.2 	0.0 	0.0 	0.0 	0.0 	6.7 	WR58		New York Giants	Houston Texans	0 	0.0 	0 	0.0 	2.5 	30 	0.2 	0.0 	0.0 	0.0 	0.0 	6.5 	WR59		New York Giants	BYE	0 	0.0 	0 	0.0 	0.0 	0 	0.0 	0.0 	0.0 	0.0 	0.0 	0.0 	-		New York Giants	Philadelphia Eagles	0 	0.0 	0 	0.0 	2.6 	31 	0.2 	0.0 	0.0 	0.0 	0.0 	6.6 	WR66		New York Giants	Washington Commanders	0 	0.0 	0 	0.0 	2.6 	31 	0.2 	0.0 	0.0 	0.0 	0.0 	6.8 	WR59		New York Giants	Jacksonville Jaguars	0 	0.0 	0 	0.0 	2.6 	31 	0.2 	0.0 	0.0 	0.0 	0.0 	6.7 	WR58		New York Giants	Indianapolis Colts	0 	0.0 	0 	0.0 	2.6 	31 	0.2 	0.0 	0.0 	0.0 	0.0 	6.7 	WR70		New York Giants	San Francisco 49ers	0 	0.0 	0 	0.0 	2.5 	31 	0.2 	0.0 	0.0 	0.0 	0.0 	6.7 	WR63		New York Giants	Seattle Seahawks	0 	0.0 	0 	0.0 	2.6 	31 	0.2 	0.0 	0.0 	0.0 	0.0 	6.7 	WR66		New York Giants	Cleveland Browns	0 	0.0 	0 	0.0 	2.4 	29 	0.2 	0.0 	0.0 	0.0 	0.0 	6.4 	WR72		New York Giants	Detroit Lions	0 	0.0 	0 	0.0 	2.6 	31 	0.2 	0.0 	0.0 	0.0 	0.0 	6.9 	WR69		New York Giants	Dallas Cowboys	0 	0.0 	0 	0.0 	2.6 	31 	0.2 	0.0 	0.0 	0.0 	0.0 	6.9 	WR69		Actual	Actual	Actual	Forecast	Forecast	Forecast	Forecast	Forecast	Forecast	Forecast	Forecast	Forecast	Forecast	Forecast	Forecast	Forecast	Forecast		Healthy	Healthy	Healthy	Healthy	Healthy	Healthy	Healthy	Healthy	Healthy	Healthy	Healthy	Healthy	Healthy	Healthy	Healthy	Healthy	Healthy		Week 4 2026	10/3/2026	9:38:40 AM	9		15%	13%	0%	0%	0%	0%		0.1 	0	0	0	0	0	0.094408 
	Chig Okonkwo	Washington Commanders	TE	TE32	6.5 	91 	0 	0.0 	0.0 	0.0 	0 	0.0 	0.0 	0.0 	38.2 	2.7 	378 	27.0 	2.6 	0.2 	0.0 	0.1 	0.0 	0.224 	0.560 	0.279 	(0)	0.000 	0.000 	193 	201 	8 	32 	23 	(9)	0.145 				-	-		-	-		-	-		-	-		3.6 	0.0 	0.0 	6.7 	6.6 	7.0 	0.0 	6.6 	7.0 	6.7 	7.1 	6.8 	6.7 	6.5 	6.8 	6.6 	6.8 		TE29	-	-	TE24	TE22	TE22	-	TE23	TE24	TE23	TE21	TE25	TE22	TE25	TE25	TE26	TE24		TE26	6.8 	0.0 	0.0 	0.0 	0.0 	2.8 	27.9 	0.2 	26 	0.283 	0.560 	0.338 	(0)	0.000 	0.000 	176 	0.178 		88 		-	-		-	-		-	-		-	-		TE68	3.6 	0.0 	0.0 	0.0 	0.0 	36.2 	362.1 	2.6 	68 	0.035 	0.560 	0.000 	(1)	0.000 	0.000 	#N/A	0.005 		3.6 		-	-		-	-		-	-		-	-					Washington Commanders	Philadelphia Eagles	0 	0.0 	0 	0.0 	2.0 	16 	0.0 	0.0 	0.0 	0.0 	0.0 	3.6 	TE29		Washington Commanders	Dallas Cowboys	0 	0.0 	0 	0.0 	0.0 	0 	0.0 	0.0 	0.0 	0.0 	0.0 	0.0 	-		Washington Commanders	Seattle Seahawks	0 	0.0 	0 	0.0 	0.0 	0 	0.0 	0.0 	0.0 	0.0 	0.0 	0.0 	-		Washington Commanders	Indianapolis Colts	0 	0.0 	0 	0.0 	2.8 	28 	0.2 	0.0 	0.0 	0.0 	0.0 	6.7 	TE24		Washington Commanders	New York Giants	0 	0.0 	0 	0.0 	2.7 	27 	0.2 	0.0 	0.0 	0.0 	0.0 	6.6 	TE22		Washington Commanders	San Francisco 49ers	0 	0.0 	0 	0.0 	2.9 	29 	0.2 	0.0 	0.0 	0.0 	0.0 	7.0 	TE22		Washington Commanders	BYE	0 	0.0 	0 	0.0 	0.0 	0 	0.0 	0.0 	0.0 	0.0 	0.0 	0.0 	-		Washington Commanders	Philadelphia Eagles	0 	0.0 	0 	0.0 	2.7 	27 	0.2 	0.0 	0.0 	0.0 	0.0 	6.6 	TE23		Washington Commanders	Los Angeles Rams	0 	0.0 	0 	0.0 	2.9 	29 	0.2 	0.0 	0.0 	0.0 	0.0 	7.0 	TE24		Washington Commanders	New York Giants	0 	0.0 	0 	0.0 	2.8 	28 	0.2 	0.0 	0.0 	0.0 	0.0 	6.7 	TE23		Washington Commanders	Cincinnati Bengals	0 	0.0 	0 	0.0 	2.9 	29 	0.2 	0.0 	0.0 	0.0 	0.0 	7.1 	TE21		Washington Commanders	Arizona Cardinals	0 	0.0 	0 	0.0 	2.8 	28 	0.2 	0.0 	0.0 	0.0 	0.0 	6.8 	TE25		Washington Commanders	Tennessee Titans	0 	0.0 	0 	0.0 	2.8 	28 	0.2 	0.0 	0.0 	0.0 	0.0 	6.7 	TE22		Washington Commanders	Houston Texans	0 	0.0 	0 	0.0 	2.7 	27 	0.2 	0.0 	0.0 	0.0 	0.0 	6.5 	TE25		Washington Commanders	Atlanta Falcons	0 	0.0 	0 	0.0 	2.8 	28 	0.2 	0.0 	0.0 	0.0 	0.0 	6.8 	TE25		Washington Commanders	Minnesota Vikings	0 	0.0 	0 	0.0 	2.7 	27 	0.2 	0.0 	0.0 	0.0 	0.0 	6.6 	TE26		Washington Commanders	Jacksonville Jaguars	0 	0.0 	0 	0.0 	2.8 	28 	0.2 	0.0 	0.0 	0.0 	0.0 	6.8 	TE24		Actual	Actual	Actual	Forecast	Forecast	Forecast	Forecast	Forecast	Forecast	Forecast	Forecast	Forecast	Forecast	Forecast	Forecast	Forecast	Forecast		Healthy	Injured	Injured	Healthy	Healthy	Healthy	Healthy	Healthy	Healthy	Healthy	Healthy	Healthy	Healthy	Healthy	Healthy	Healthy	Healthy		Week 4 2026	10/3/2026	9:38:40 AM	9		13%	14%	0%	0%	0%	0%		0.2 	0	1	1	0	0	
	Oronde Gadsden II	Los Angeles Chargers	TE	TE27	6.6 	100 	0 	0.0 	0.0 	0.0 	0 	0.0 	0.0 	0.0 	34.3 	2.3 	438 	29.2 	3.6 	0.2 	0.0 	0.1 	0.0 	0.244 	0.560 	0.328 	(0)	0.000 	0.000 	180 	253 	73 	27 	29 	2 	0.168 				-	-		-	-		-	-		-	-		5.2 	9.8 	0.0 	6.2 	6.3 	6.5 	0.0 	6.7 	6.5 	6.6 	6.3 	6.5 	6.7 	6.5 	6.7 	6.6 	6.5 		TE25	TE14	-	TE28	TE25	TE23	-	TE22	TE26	TE24	TE23	TE27	TE23	TE24	TE26	TE25	TE27		TE27	6.5 	0.0 	0.0 	0.0 	0.0 	2.3 	29.8 	0.2 	27 	0.273 	0.560 	0.328 	(0)	0.000 	0.000 	179 	0.172 		85 		-	-		-	-		-	-		-	-		TE34	7.5 	0.0 	0.0 	0.0 	0.0 	15.1 	193.8 	1.3 	34 	0.144 	0.560 	0.259 	(0)	0.000 	0.000 	#N/A	0.125 		15.0 		-	-		-	-		-	-		-	-					Los Angeles Chargers	Arizona Cardinals	0 	0.0 	0 	0.0 	2.0 	32 	0.0 	0.0 	0.0 	0.0 	0.0 	5.2 	TE25		Los Angeles Chargers	Las Vegas Raiders	0 	0.0 	0 	0.0 	2.0 	18 	1.0 	0.0 	0.0 	0.0 	0.0 	9.8 	TE14		Los Angeles Chargers	Buffalo Bills	0 	0.0 	0 	0.0 	0.0 	0 	0.0 	0.0 	0.0 	0.0 	0.0 	0.0 	-		Los Angeles Chargers	Seattle Seahawks	0 	0.0 	0 	0.0 	2.3 	29 	0.2 	0.0 	0.0 	0.0 	0.0 	6.2 	TE28		Los Angeles Chargers	Denver Broncos	0 	0.0 	0 	0.0 	2.3 	29 	0.2 	0.0 	0.0 	0.0 	0.0 	6.3 	TE25		Los Angeles Chargers	Kansas City Chiefs	0 	0.0 	0 	0.0 	2.3 	30 	0.2 	0.0 	0.0 	0.0 	0.0 	6.5 	TE23		Los Angeles Chargers	BYE	0 	0.0 	0 	0.0 	0.0 	0 	0.0 	0.0 	0.0 	0.0 	0.0 	0.0 	-		Los Angeles Chargers	Los Angeles Rams	0 	0.0 	0 	0.0 	2.4 	31 	0.2 	0.0 	0.0 	0.0 	0.0 	6.7 	TE22		Los Angeles Chargers	Houston Texans	0 	0.0 	0 	0.0 	2.3 	30 	0.2 	0.0 	0.0 	0.0 	0.0 	6.5 	TE26		Los Angeles Chargers	Baltimore Ravens	0 	0.0 	0 	0.0 	2.4 	31 	0.2 	0.0 	0.0 	0.0 	0.0 	6.6 	TE24		Los Angeles Chargers	New York Jets	0 	0.0 	0 	0.0 	2.2 	29 	0.2 	0.0 	0.0 	0.0 	0.0 	6.3 	TE23		Los Angeles Chargers	New England Patriots	0 	0.0 	0 	0.0 	2.3 	30 	0.2 	0.0 	0.0 	0.0 	0.0 	6.5 	TE27		Los Angeles Chargers	Tampa Bay Buccaneers	0 	0.0 	0 	0.0 	2.4 	30 	0.2 	0.0 	0.0 	0.0 	0.0 	6.7 	TE23		Los Angeles Chargers	Las Vegas Raiders	0 	0.0 	0 	0.0 	2.3 	30 	0.2 	0.0 	0.0 	0.0 	0.0 	6.5 	TE24		Los Angeles Chargers	San Francisco 49ers	0 	0.0 	0 	0.0 	2.4 	31 	0.2 	0.0 	0.0 	0.0 	0.0 	6.7 	TE26		Los Angeles Chargers	Miami Dolphins	0 	0.0 	0 	0.0 	2.3 	30 	0.2 	0.0 	0.0 	0.0 	0.0 	6.6 	TE25		Los Angeles Chargers	Kansas City Chiefs	0 	0.0 	0 	0.0 	2.3 	30 	0.2 	0.0 	0.0 	0.0 	0.0 	6.5 	TE27		Actual	Actual	Actual	Forecast	Forecast	Forecast	Forecast	Forecast	Forecast	Forecast	Forecast	Forecast	Forecast	Forecast	Forecast	Forecast	Forecast		Healthy	Healthy	Healthy	Healthy	Healthy	Healthy	Healthy	Healthy	Healthy	Healthy	Healthy	Healthy	Healthy	Healthy	Healthy	Healthy	Healthy		Week 4 2026	10/3/2026	9:38:40 AM	9		14%	13%	0%	0%	0%	0%		0.0 	0	0	0	0	0	0.046955 
	Rashod Bateman	Baltimore Ravens	WR	WR67	7.5 	112 	0 	0.0 	0.0 	0.0 	0 	0.0 	0.0 	0.0 	39.6 	2.6 	523 	34.9 	3.5 	0.2 	0.0 	0.1 	0.0 	0.275 	1.000 	0.330 	(0)	0.000 	0.000 	167 	280 	113 	67 	92 	25 	0.190 				-	-		-	-		-	-		-	-		0.0 	21.8 	5.7 	6.3 	6.6 	6.3 	6.9 	6.7 	6.7 	6.7 	6.5 	6.4 	0.0 	6.5 	6.5 	6.2 	6.7 		-	WR9	WR56	WR67	WR64	WR60	WR56	WR63	WR65	WR60	WR59	WR72	-	WR68	WR70	WR72	WR70		WR71	6.5 	0.0 	0.0 	0.0 	0.0 	2.4 	30.6 	0.2 	71 	0.274 	1.000 	0.290 	(0)	0.000 	0.000 	180 	0.172 		85 		-	-		-	-		-	-		-	-		WR41	13.8 	0.0 	0.0 	0.0 	0.0 	15.3 	199.1 	1.2 	41 	0.264 	1.000 	0.590 	0 	0.035 	0.000 	#N/A	0.319 		27.5 		-	-		-	-		-	-		-	-					Baltimore Ravens	Indianapolis Colts	0 	0.0 	0 	0.0 	0.0 	0 	0.0 	0.0 	0.0 	0.0 	0.0 	0.0 	-		Baltimore Ravens	New Orleans Saints	0 	0.0 	0 	0.0 	7.0 	88 	1.0 	0.0 	0.0 	0.0 	0.0 	21.8 	WR9		Baltimore Ravens	Dallas Cowboys	0 	0.0 	0 	0.0 	2.0 	37 	0.0 	0.0 	0.0 	0.0 	0.0 	5.7 	WR56		Baltimore Ravens	Tennessee Titans	0 	0.0 	0 	0.0 	2.3 	29 	0.2 	0.0 	0.0 	0.0 	0.0 	6.3 	WR67		Baltimore Ravens	Atlanta Falcons	0 	0.0 	0 	0.0 	2.4 	31 	0.2 	0.0 	0.0 	0.0 	0.0 	6.6 	WR64		Baltimore Ravens	Cleveland Browns	0 	0.0 	0 	0.0 	2.3 	30 	0.2 	0.0 	0.0 	0.0 	0.0 	6.3 	WR60		Baltimore Ravens	Cincinnati Bengals	0 	0.0 	0 	0.0 	2.5 	32 	0.2 	0.0 	0.0 	0.0 	0.0 	6.9 	WR56		Baltimore Ravens	Buffalo Bills	0 	0.0 	0 	0.0 	2.4 	32 	0.2 	0.0 	0.0 	0.0 	0.0 	6.7 	WR63		Baltimore Ravens	Jacksonville Jaguars	0 	0.0 	0 	0.0 	2.4 	31 	0.2 	0.0 	0.0 	0.0 	0.0 	6.7 	WR65		Baltimore Ravens	Los Angeles Chargers	0 	0.0 	0 	0.0 	2.4 	31 	0.2 	0.0 	0.0 	0.0 	0.0 	6.7 	WR60		Baltimore Ravens	Carolina Panthers	0 	0.0 	0 	0.0 	2.3 	30 	0.2 	0.0 	0.0 	0.0 	0.0 	6.5 	WR59		Baltimore Ravens	Houston Texans	0 	0.0 	0 	0.0 	2.3 	30 	0.2 	0.0 	0.0 	0.0 	0.0 	6.4 	WR72		Baltimore Ravens	BYE	0 	0.0 	0 	0.0 	0.0 	0 	0.0 	0.0 	0.0 	0.0 	0.0 	0.0 	-		Baltimore Ravens	Tampa Bay Buccaneers	0 	0.0 	0 	0.0 	2.3 	30 	0.2 	0.0 	0.0 	0.0 	0.0 	6.5 	WR68		Baltimore Ravens	Pittsburgh Steelers	0 	0.0 	0 	0.0 	2.4 	31 	0.2 	0.0 	0.0 	0.0 	0.0 	6.5 	WR70		Baltimore Ravens	Cleveland Browns	0 	0.0 	0 	0.0 	2.2 	29 	0.2 	0.0 	0.0 	0.0 	0.0 	6.2 	WR72		Baltimore Ravens	Cincinnati Bengals	0 	0.0 	0 	0.0 	2.4 	32 	0.2 	0.0 	0.0 	0.0 	0.0 	6.7 	WR70		Actual	Actual	Actual	Forecast	Forecast	Forecast	Forecast	Forecast	Forecast	Forecast	Forecast	Forecast	Forecast	Forecast	Forecast	Forecast	Forecast		Healthy	Healthy	Healthy	Healthy	Healthy	Healthy	Healthy	Healthy	Healthy	Healthy	Healthy	Healthy	Healthy	Healthy	Healthy	Healthy	Healthy		Week 4 2026	10/3/2026	9:38:40 AM	9		16%	15%	0%	0%	0%	0%		(0.1)	0	0	0	0	0	(0.147409)
	Braelon Allen	New York Jets	RB	RB55	3.9 	63 	0 	0.0 	0.0 	0.0 	364 	22.7 	3.4 	0.2 	4.0 	0.3 	39 	2.4 	0.0 	0.0 	0.0 	0.9 	0.0 	0.153 	1.000 	0.328 	(1)	0.000 	0.000 	179 	197 	18 	55 	59 	4 	0.171 				-	-		-	-		-	-		-	-		4.0 	8.5 	4.7 	8.3 	3.6 	2.7 	3.7 	3.6 	2.6 	3.1 	2.6 	3.3 	0.0 	2.8 	3.3 	2.8 	3.0 		RB48	RB31	RB42	RB31	RB53	RB54	RB47	RB47	RB59	RB52	RB49	RB57	-	RB60	RB60	RB61	RB61		RB59	3.5 	0.0 	0.0 	23.3 	0.2 	0.0 	2.1 	0.0 	59 	0.147 	1.000 	0.277 	(1)	0.000 	0.000 	194 	0.146 		45 		-	-		-	-		-	-		-	-		RB39	5.7 	0.0 	0.0 	100.9 	0.8 	0.0 	9.2 	0.0 	39 	0.165 	1.000 	0.532 	(0)	0.000 	0.000 	#N/A	0.264 		17.2 		-	-		-	-		-	-		-	-					New York Jets	Tennessee Titans	0 	0.0 	40 	0.0 	0.0 	0 	0.0 	0.0 	0.0 	0.0 	0.0 	4.0 	RB48		New York Jets	Green Bay Packers	0 	0.0 	7 	1.0 	1.0 	8 	0.0 	0.0 	0.0 	0.0 	0.0 	8.5 	RB31		New York Jets	Detroit Lions	0 	0.0 	14 	0.0 	3.0 	3 	0.0 	0.0 	0.0 	0.0 	0.0 	4.7 	RB42		New York Jets	Chicago Bears	0 	0.0 	59 	0.4 	0.0 	2 	0.0 	0.0 	0.2 	0.0 	0.0 	8.3 	RB31		New York Jets	Cleveland Browns	0 	0.0 	23 	0.2 	0.0 	2 	0.0 	0.0 	0.1 	0.0 	0.0 	3.6 	RB53		New York Jets	New England Patriots	0 	0.0 	18 	0.1 	0.0 	2 	0.0 	0.0 	0.1 	0.0 	0.0 	2.7 	RB54		New York Jets	Miami Dolphins	0 	0.0 	23 	0.2 	0.0 	2 	0.0 	0.0 	0.1 	0.0 	0.0 	3.7 	RB47		New York Jets	Las Vegas Raiders	0 	0.0 	23 	0.2 	0.0 	2 	0.0 	0.0 	0.1 	0.0 	0.0 	3.6 	RB47		New York Jets	Kansas City Chiefs	0 	0.0 	18 	0.1 	0.0 	2 	0.0 	0.0 	0.1 	0.0 	0.0 	2.6 	RB59		New York Jets	Buffalo Bills	0 	0.0 	20 	0.2 	0.0 	2 	0.0 	0.0 	0.1 	0.0 	0.0 	3.1 	RB52		New York Jets	Los Angeles Chargers	0 	0.0 	18 	0.1 	0.0 	2 	0.0 	0.0 	0.1 	0.0 	0.0 	2.6 	RB49		New York Jets	Miami Dolphins	0 	0.0 	22 	0.2 	0.0 	2 	0.0 	0.0 	0.1 	0.0 	0.0 	3.3 	RB57		New York Jets	BYE	0 	0.0 	0 	0.0 	0.0 	0 	0.0 	0.0 	0.0 	0.0 	0.0 	0.0 	-		New York Jets	Denver Broncos	0 	0.0 	19 	0.1 	0.0 	2 	0.0 	0.0 	0.1 	0.0 	0.0 	2.8 	RB60		New York Jets	Arizona Cardinals	0 	0.0 	22 	0.2 	0.0 	2 	0.0 	0.0 	0.1 	0.0 	0.0 	3.3 	RB60		New York Jets	New England Patriots	0 	0.0 	19 	0.1 	0.0 	2 	0.0 	0.0 	0.1 	0.0 	0.0 	2.8 	RB61		New York Jets	Minnesota Vikings	0 	0.0 	20 	0.2 	0.0 	2 	0.0 	0.0 	0.1 	0.0 	0.0 	3.0 	RB61		Actual	Actual	Actual	Forecast	Forecast	Forecast	Forecast	Forecast	Forecast	Forecast	Forecast	Forecast	Forecast	Forecast	Forecast	Forecast	Forecast		Healthy	Healthy	Healthy	Healthy	Healthy	Healthy	Healthy	Healthy	Healthy	Healthy	Healthy	Healthy	Healthy	Healthy	Healthy	Healthy	Healthy		Week 4 2026	10/3/2026	9:38:40 AM	9		1%	0%	19%	23%	0%	0%		(0.1)	0	0	0	0	0	(0.117580)
	Gunnar Helm	Tennessee Titans	TE	TE26	6.4 	102 	0 	0.0 	0.0 	0.0 	0 	0.0 	0.0 	0.0 	48.5 	3.0 	408 	25.5 	2.2 	0.1 	0.0 	0.1 	0.0 	0.251 	0.560 	0.338 	(0)	0.000 	0.000 	176 	279 	103 	26 	31 	5 	0.173 				-	-		-	-		-	-		-	-		6.8 	3.3 	3.4 	6.4 	6.4 	7.1 	6.7 	7.1 	0.0 	6.8 	7.1 	6.9 	7.0 	7.1 	7.1 	6.7 	6.7 		TE21	TE28	TE25	TE26	TE23	TE20	TE23	TE20	-	TE22	TE22	TE24	TE21	TE22	TE23	TE24	TE26		TE25	6.8 	0.0 	0.0 	0.0 	0.0 	3.1 	27.1 	0.2 	25 	0.287 	0.560 	0.347 	(0)	0.000 	0.000 	174 	0.182 		89 		-	-		-	-		-	-		-	-		TE37	4.5 	0.0 	0.0 	0.0 	0.0 	13.5 	117.5 	0.7 	37 	0.130 	0.560 	0.229 	(1)	0.000 	0.000 	#N/A	0.111 		13.5 		-	-		-	-		-	-		-	-					Tennessee Titans	New York Jets	0 	0.0 	0 	0.0 	4.0 	28 	0.0 	0.0 	0.0 	0.0 	0.0 	6.8 	TE21		Tennessee Titans	Philadelphia Eagles	0 	0.0 	0 	0.0 	2.0 	13 	0.0 	0.0 	0.0 	0.0 	0.0 	3.3 	TE28		Tennessee Titans	New York Giants	0 	0.0 	0 	0.0 	2.0 	14 	0.0 	0.0 	0.0 	0.0 	0.0 	3.4 	TE25		Tennessee Titans	Baltimore Ravens	0 	0.0 	0 	0.0 	3.0 	26 	0.1 	0.0 	0.0 	0.0 	0.0 	6.4 	TE26		Tennessee Titans	Houston Texans	0 	0.0 	0 	0.0 	3.0 	26 	0.1 	0.0 	0.0 	0.0 	0.0 	6.4 	TE23		Tennessee Titans	Indianapolis Colts	0 	0.0 	0 	0.0 	3.2 	28 	0.2 	0.0 	0.0 	0.0 	0.0 	7.1 	TE20		Tennessee Titans	Cleveland Browns	0 	0.0 	0 	0.0 	3.0 	26 	0.2 	0.0 	0.0 	0.0 	0.0 	6.7 	TE23		Tennessee Titans	Cincinnati Bengals	0 	0.0 	0 	0.0 	3.2 	28 	0.2 	0.0 	0.0 	0.0 	0.0 	7.1 	TE20		Tennessee Titans	BYE	0 	0.0 	0 	0.0 	0.0 	0 	0.0 	0.0 	0.0 	0.0 	0.0 	0.0 	-		Tennessee Titans	Jacksonville Jaguars	0 	0.0 	0 	0.0 	3.1 	27 	0.2 	0.0 	0.0 	0.0 	0.0 	6.8 	TE22		Tennessee Titans	Dallas Cowboys	0 	0.0 	0 	0.0 	3.2 	28 	0.2 	0.0 	0.0 	0.0 	0.0 	7.1 	TE22		Tennessee Titans	Jacksonville Jaguars	0 	0.0 	0 	0.0 	3.2 	27 	0.2 	0.0 	0.0 	0.0 	0.0 	6.9 	TE24		Tennessee Titans	Washington Commanders	0 	0.0 	0 	0.0 	3.2 	27 	0.2 	0.0 	0.0 	0.0 	0.0 	7.0 	TE21		Tennessee Titans	Detroit Lions	0 	0.0 	0 	0.0 	3.2 	28 	0.2 	0.0 	0.0 	0.0 	0.0 	7.1 	TE22		Tennessee Titans	Indianapolis Colts	0 	0.0 	0 	0.0 	3.2 	28 	0.2 	0.0 	0.0 	0.0 	0.0 	7.1 	TE23		Tennessee Titans	Las Vegas Raiders	0 	0.0 	0 	0.0 	3.0 	27 	0.2 	0.0 	0.0 	0.0 	0.0 	6.7 	TE24		Tennessee Titans	Pittsburgh Steelers	0 	0.0 	0 	0.0 	3.0 	27 	0.2 	0.0 	0.0 	0.0 	0.0 	6.7 	TE26		Actual	Actual	Actual	Forecast	Forecast	Forecast	Forecast	Forecast	Forecast	Forecast	Forecast	Forecast	Forecast	Forecast	Forecast	Forecast	Forecast		Healthy	Healthy	Healthy	Healthy	Healthy	Healthy	Healthy	Healthy	Healthy	Healthy	Healthy	Healthy	Healthy	Healthy	Healthy	Healthy	Healthy		Week 4 2026	10/3/2026	9:38:40 AM	9		12%	12%	0%	0%	0%	0%		0.1 	0	0	0	0	0	0.070998 
	MarShawn Lloyd	Green Bay Packers	RB	RB54	4.0 	64 	0 	0.0 	0.0 	0.0 	325 	20.3 	2.4 	0.1 	8.9 	0.6 	45 	2.8 	1.2 	0.1 	0.0 	1.8 	0.0 	0.156 	1.000 	0.341 	(1)	0.000 	0.000 	174 	92 	(82)	54 	35 	(19)	0.177 				-	-		-	-		-	-		-	-		3.7 	8.6 	3.8 	4.9 	5.2 	5.7 	5.0 	3.3 	2.7 	3.1 	0.0 	2.6 	3.1 	3.0 	3.5 	2.8 	2.8 		RB50	RB30	RB45	RB45	RB43	RB39	RB44	RB50	RB56	RB51	-	RB62	RB55	RB57	RB56	RB62	RB62		RB55	3.7 	0.0 	0.0 	19.8 	0.2 	0.4 	2.5 	0.0 	55 	0.154 	1.000 	0.328 	(1)	0.000 	0.000 	181 	0.171 		48 		-	-		-	-		-	-		-	-		RB43	5.4 	0.0 	0.0 	85.8 	0.8 	1.6 	10.7 	0.1 	43 	0.155 	1.000 	0.481 	(0)	0.000 	0.000 	#N/A	0.240 		16.1 		-	-		-	-		-	-		-	-					Green Bay Packers	Minnesota Vikings	0 	0.0 	37 	0.0 	0.0 	0 	0.0 	0.0 	0.0 	0.0 	0.0 	3.7 	RB50		Green Bay Packers	New York Jets	0 	0.0 	20 	0.0 	2.0 	6 	1.0 	0.0 	1.0 	0.0 	0.0 	8.6 	RB30		Green Bay Packers	Atlanta Falcons	0 	0.0 	11 	0.0 	2.0 	7 	0.0 	0.0 	0.0 	0.0 	0.0 	3.8 	RB45		Green Bay Packers	Tampa Bay Buccaneers	0 	0.0 	28 	0.3 	0.4 	2 	0.0 	0.0 	0.1 	0.0 	0.0 	4.9 	RB45		Green Bay Packers	Chicago Bears	0 	0.0 	29 	0.3 	0.4 	2 	0.0 	0.0 	0.1 	0.0 	0.0 	5.2 	RB43		Green Bay Packers	Dallas Cowboys	0 	0.0 	30 	0.3 	0.4 	3 	0.0 	0.0 	0.1 	0.0 	0.0 	5.7 	RB39		Green Bay Packers	Detroit Lions	0 	0.0 	27 	0.3 	0.4 	3 	0.0 	0.0 	0.1 	0.0 	0.0 	5.0 	RB44		Green Bay Packers	Carolina Panthers	0 	0.0 	18 	0.1 	0.4 	2 	0.0 	0.0 	0.0 	0.0 	0.0 	3.3 	RB50		Green Bay Packers	New England Patriots	0 	0.0 	14 	0.1 	0.4 	2 	0.0 	0.0 	0.0 	0.0 	0.0 	2.7 	RB56		Green Bay Packers	Minnesota Vikings	0 	0.0 	17 	0.1 	0.4 	2 	0.0 	0.0 	0.0 	0.0 	0.0 	3.1 	RB51		Green Bay Packers	BYE	0 	0.0 	0 	0.0 	0.0 	0 	0.0 	0.0 	0.0 	0.0 	0.0 	0.0 	-		Green Bay Packers	Los Angeles Rams	0 	0.0 	13 	0.1 	0.4 	2 	0.0 	0.0 	0.0 	0.0 	0.0 	2.6 	RB62		Green Bay Packers	New Orleans Saints	0 	0.0 	17 	0.1 	0.4 	2 	0.0 	0.0 	0.0 	0.0 	0.0 	3.1 	RB55		Green Bay Packers	Buffalo Bills	0 	0.0 	16 	0.1 	0.4 	3 	0.0 	0.0 	0.0 	0.0 	0.0 	3.0 	RB57		Green Bay Packers	Miami Dolphins	0 	0.0 	19 	0.2 	0.4 	2 	0.0 	0.0 	0.0 	0.0 	0.0 	3.5 	RB56		Green Bay Packers	Chicago Bears	0 	0.0 	14 	0.1 	0.4 	2 	0.0 	0.0 	0.0 	0.0 	0.0 	2.8 	RB62		Green Bay Packers	Houston Texans	0 	0.0 	15 	0.1 	0.4 	2 	0.0 	0.0 	0.0 	0.0 	0.0 	2.8 	RB62		Actual	Actual	Actual	Forecast	Forecast	Forecast	Forecast	Forecast	Forecast	Forecast	Forecast	Forecast	Forecast	Forecast	Forecast	Forecast	Forecast		Healthy	Healthy	Healthy	Healthy	Healthy	Healthy	Healthy	Healthy	Healthy	Healthy	Healthy	Healthy	Healthy	Healthy	Healthy	Healthy	Healthy		Week 4 2026	10/3/2026	9:38:40 AM	9		1%	1%	15%	14%	0%	0%		(0.1)	0	0	0	0	0	(0.068964)
	Alec Pierce	Indianapolis Colts	WR	WR75	7.4 	88 	0 	0.0 	0.0 	0.0 	0 	0.0 	0.0 	0.0 	26.1 	2.2 	483 	40.3 	2.4 	0.2 	0.0 	0.1 	0.0 	0.216 	1.000 	0.250 	(0)	0.000 	0.000 	194 	91 	(103)	75 	38 	(37)	0.145 				-	-		-	-		-	-		-	-		10.1 	2.1 	0.0 	0.0 	0.0 	0.0 	7.4 	7.7 	8.0 	7.6 	7.4 	7.7 	0.0 	7.5 	7.6 	8.0 	7.4 		WR33	WR76	-	-	-	-	WR52	WR56	WR56	WR53	WR54	WR62	-	WR60	WR63	WR60	WR65		WR74	7.6 	0.0 	0.0 	0.0 	0.0 	2.1 	41.1 	0.2 	74 	0.246 	1.000 	0.260 	(0)	0.000 	0.000 	190 	0.154 		76 		-	-		-	-		-	-		-	-		WR90	6.1 	0.0 	0.0 	0.0 	0.0 	10.5 	205.5 	1.2 	90 	0.117 	1.000 	0.100 	(1)	0.000 	0.000 	#N/A	0.063 		12.2 		-	-		-	-		-	-		-	-					Indianapolis Colts	Baltimore Ravens	0 	0.0 	0 	0.0 	4.0 	61 	0.0 	0.0 	0.0 	0.0 	0.0 	10.1 	WR33		Indianapolis Colts	Kansas City Chiefs	0 	0.0 	0 	0.0 	1.0 	11 	0.0 	0.0 	0.0 	0.0 	0.0 	2.1 	WR76		Indianapolis Colts	Houston Texans	0 	0.0 	0 	0.0 	0.0 	0 	0.0 	0.0 	0.0 	0.0 	0.0 	0.0 	-		Indianapolis Colts	Washington Commanders	0 	0.0 	0 	0.0 	0.0 	0 	0.0 	0.0 	0.0 	0.0 	0.0 	0.0 	-		Indianapolis Colts	Pittsburgh Steelers	0 	0.0 	0 	0.0 	0.0 	0 	0.0 	0.0 	0.0 	0.0 	0.0 	0.0 	-		Indianapolis Colts	Tennessee Titans	0 	0.0 	0 	0.0 	0.0 	0 	0.0 	0.0 	0.0 	0.0 	0.0 	0.0 	-		Indianapolis Colts	Minnesota Vikings	0 	0.0 	0 	0.0 	2.1 	40 	0.2 	0.0 	0.0 	0.0 	0.0 	7.4 	WR52		Indianapolis Colts	Jacksonville Jaguars	0 	0.0 	0 	0.0 	2.1 	41 	0.2 	0.0 	0.0 	0.0 	0.0 	7.7 	WR56		Indianapolis Colts	Dallas Cowboys	0 	0.0 	0 	0.0 	2.2 	43 	0.3 	0.0 	0.0 	0.0 	0.0 	8.0 	WR56		Indianapolis Colts	Miami Dolphins	0 	0.0 	0 	0.0 	2.1 	41 	0.2 	0.0 	0.0 	0.0 	0.0 	7.6 	WR53		Indianapolis Colts	Houston Texans	0 	0.0 	0 	0.0 	2.1 	41 	0.2 	0.0 	0.0 	0.0 	0.0 	7.4 	WR54		Indianapolis Colts	New York Giants	0 	0.0 	0 	0.0 	2.1 	41 	0.2 	0.0 	0.0 	0.0 	0.0 	7.7 	WR62		Indianapolis Colts	BYE	0 	0.0 	0 	0.0 	0.0 	0 	0.0 	0.0 	0.0 	0.0 	0.0 	0.0 	-		Indianapolis Colts	Philadelphia Eagles	0 	0.0 	0 	0.0 	2.1 	41 	0.2 	0.0 	0.0 	0.0 	0.0 	7.5 	WR60		Indianapolis Colts	Tennessee Titans	0 	0.0 	0 	0.0 	2.1 	41 	0.2 	0.0 	0.0 	0.0 	0.0 	7.6 	WR63		Indianapolis Colts	Cincinnati Bengals	0 	0.0 	0 	0.0 	2.2 	43 	0.3 	0.0 	0.0 	0.0 	0.0 	8.0 	WR60		Indianapolis Colts	Cleveland Browns	0 	0.0 	0 	0.0 	2.0 	40 	0.2 	0.0 	0.0 	0.0 	0.0 	7.4 	WR65		Actual	Actual	Actual	Forecast	Forecast	Forecast	Forecast	Forecast	Forecast	Forecast	Forecast	Forecast	Forecast	Forecast	Forecast	Forecast	Forecast		Healthy	Healthy	Injured	Injured	Injured	Injured	Healthy	Healthy	Healthy	Healthy	Healthy	Healthy	Healthy	Healthy	Healthy	Healthy	Healthy		Week 4 2026	10/3/2026	9:38:40 AM	9		18%	18%	0%	0%	0%	0%		0.1 	0	0	1	1	1	
	Pat Freiermuth	Pittsburgh Steelers	TE	TE29	6.0 	95 	0 	0.0 	0.0 	0.0 	3 	0.2 	0.0 	0.0 	11.0 	0.7 	577 	36.1 	4.4 	0.3 	0.0 	0.1 	0.0 	0.233 	0.560 	0.308 	(0)	0.000 	0.000 	186 	244 	58 	29 	28 	(1)	0.158 				-	-		-	-		-	-		-	-		15.6 	7.4 	5.1 	5.0 	5.4 	5.3 	5.2 	5.0 	0.0 	5.4 	5.0 	4.9 	5.0 	5.1 	5.3 	5.2 	5.2 		TE6	TE19	TE23	TE32	TE30	TE28	TE29	TE29	-	TE28	TE27	TE33	TE28	TE31	TE32	TE33	TE33		TE32	5.2 	0.0 	0.0 	0.0 	0.0 	0.0 	36.1 	0.3 	32 	0.217 	0.560 	0.279 	(0)	0.000 	0.000 	195 	0.144 		67 		-	-		-	-		-	-		-	-		TE16	9.4 	0.0 	0.0 	0.0 	0.0 	0.0 	156.5 	1.1 	16 	0.270 	0.560 	0.432 	0 	0.152 	0.000 	#N/A	0.281 		28.1 		-	-		-	-		-	-		-	-					Pittsburgh Steelers	Atlanta Falcons	0 	0.0 	0 	0.0 	5.0 	46 	1.0 	0.0 	0.0 	0.0 	0.0 	15.6 	TE6		Pittsburgh Steelers	New England Patriots	0 	0.0 	2 	0.0 	4.0 	32 	0.0 	0.0 	0.0 	0.0 	0.0 	7.4 	TE19		Pittsburgh Steelers	Cincinnati Bengals	0 	0.0 	1 	0.0 	2.0 	30 	0.0 	0.0 	0.0 	0.0 	0.0 	5.1 	TE23		Pittsburgh Steelers	Cleveland Browns	0 	0.0 	0 	0.0 	0.0 	35 	0.2 	0.0 	0.0 	0.0 	0.0 	5.0 	TE32		Pittsburgh Steelers	Indianapolis Colts	0 	0.0 	0 	0.0 	0.0 	37 	0.3 	0.0 	0.0 	0.0 	0.0 	5.4 	TE30		Pittsburgh Steelers	Tampa Bay Buccaneers	0 	0.0 	0 	0.0 	0.0 	37 	0.3 	0.0 	0.0 	0.0 	0.0 	5.3 	TE28		Pittsburgh Steelers	New Orleans Saints	0 	0.0 	0 	0.0 	0.0 	36 	0.3 	0.0 	0.0 	0.0 	0.0 	5.2 	TE29		Pittsburgh Steelers	Cleveland Browns	0 	0.0 	0 	0.0 	0.0 	35 	0.3 	0.0 	0.0 	0.0 	0.0 	5.0 	TE29		Pittsburgh Steelers	BYE	0 	0.0 	0 	0.0 	0.0 	0 	0.0 	0.0 	0.0 	0.0 	0.0 	0.0 	-		Pittsburgh Steelers	Cincinnati Bengals	0 	0.0 	0 	0.0 	0.0 	38 	0.3 	0.0 	0.0 	0.0 	0.0 	5.4 	TE28		Pittsburgh Steelers	Philadelphia Eagles	0 	0.0 	0 	0.0 	0.0 	36 	0.2 	0.0 	0.0 	0.0 	0.0 	5.0 	TE27		Pittsburgh Steelers	Denver Broncos	0 	0.0 	0 	0.0 	0.0 	35 	0.2 	0.0 	0.0 	0.0 	0.0 	4.9 	TE33		Pittsburgh Steelers	Houston Texans	0 	0.0 	0 	0.0 	0.0 	36 	0.2 	0.0 	0.0 	0.0 	0.0 	5.0 	TE28		Pittsburgh Steelers	Jacksonville Jaguars	0 	0.0 	0 	0.0 	0.0 	36 	0.3 	0.0 	0.0 	0.0 	0.0 	5.1 	TE31		Pittsburgh Steelers	Baltimore Ravens	0 	0.0 	0 	0.0 	0.0 	37 	0.3 	0.0 	0.0 	0.0 	0.0 	5.3 	TE32		Pittsburgh Steelers	Carolina Panthers	0 	0.0 	0 	0.0 	0.0 	36 	0.3 	0.0 	0.0 	0.0 	0.0 	5.2 	TE33		Pittsburgh Steelers	Tennessee Titans	0 	0.0 	0 	0.0 	0.0 	36 	0.3 	0.0 	0.0 	0.0 	0.0 	5.2 	TE33		Actual	Actual	Actual	Forecast	Forecast	Forecast	Forecast	Forecast	Forecast	Forecast	Forecast	Forecast	Forecast	Forecast	Forecast	Forecast	Forecast		Healthy	Healthy	Healthy	Healthy	Healthy	Healthy	Healthy	Healthy	Healthy	Healthy	Healthy	Healthy	Healthy	Healthy	Healthy	Healthy	Healthy		Week 4 2026	10/3/2026	9:38:40 AM	9		16%	17%	0%	0%	0%	0%		(0.1)	0	0	0	0	0	(0.137342)
	Xavier Hutchinson	Houston Texans	WR	WR70	6.3 	100 	0 	0.0 	0.0 	0.0 	4 	0.3 	0.0 	0.0 	37.9 	2.4 	496 	31.0 	2.1 	0.1 	0.0 	0.1 	0.0 	0.246 	1.000 	0.310 	(0)	0.000 	0.000 	175 	0 	(175)	69 	0 	(69)	0.176 																6.2 	6.7 	8.5 	6.5 	5.9 	6.0 	6.2 	0.0 	6.0 	5.8 	6.3 	6.2 	6.0 	6.2 	6.2 	5.6 	5.9 		WR56	WR47	WR42	WR64	WR66	WR61	WR61	-	WR69	WR62	WR60	WR73	WR65	WR69	WR73	WR73	WR73		WR73	6.1 	0.0 	0.0 	0.0 	0.0 	2.2 	28.9 	0.2 	73 	0.255 	1.000 	0.270 	(1)	0.000 	0.000 	186 	0.160 		79 		-	-		-	-		-	-		-	-		WR60	7.1 	0.0 	0.0 	0.0 	0.0 	9.6 	125.2 	0.7 	60 	0.206 	1.000 	0.400 	(0)	0.000 	0.000 	#N/A	0.211 		21.4 		-	-		-	-		-	-		-	-					Houston Texans	Buffalo Bills	0 	0.0 	0 	0.0 	3.0 	32 	0.0 	0.0 	0.0 	0.0 	0.0 	6.2 	WR56		Houston Texans	Cincinnati Bengals	0 	0.0 	0 	0.0 	3.0 	37 	0.0 	0.0 	0.0 	0.0 	0.0 	6.7 	WR47		Houston Texans	Indianapolis Colts	0 	0.0 	4 	0.0 	3.0 	51 	0.0 	0.0 	0.0 	0.0 	0.0 	8.5 	WR42		Houston Texans	Dallas Cowboys	0 	0.0 	0 	0.0 	2.4 	31 	0.2 	0.0 	0.0 	0.0 	0.0 	6.5 	WR64		Houston Texans	Tennessee Titans	0 	0.0 	0 	0.0 	2.2 	28 	0.2 	0.0 	0.0 	0.0 	0.0 	5.9 	WR66		Houston Texans	Jacksonville Jaguars	0 	0.0 	0 	0.0 	2.2 	29 	0.2 	0.0 	0.0 	0.0 	0.0 	6.0 	WR61		Houston Texans	New York Giants	0 	0.0 	0 	0.0 	2.3 	29 	0.2 	0.0 	0.0 	0.0 	0.0 	6.2 	WR61		Houston Texans	BYE	0 	0.0 	0 	0.0 	0.0 	0 	0.0 	0.0 	0.0 	0.0 	0.0 	0.0 	-		Houston Texans	Los Angeles Chargers	0 	0.0 	0 	0.0 	2.2 	29 	0.2 	0.0 	0.0 	0.0 	0.0 	6.0 	WR69		Houston Texans	Cleveland Browns	0 	0.0 	0 	0.0 	2.1 	28 	0.2 	0.0 	0.0 	0.0 	0.0 	5.8 	WR62		Houston Texans	Indianapolis Colts	0 	0.0 	0 	0.0 	2.3 	30 	0.2 	0.0 	0.0 	0.0 	0.0 	6.3 	WR60		Houston Texans	Baltimore Ravens	0 	0.0 	0 	0.0 	2.3 	30 	0.2 	0.0 	0.0 	0.0 	0.0 	6.2 	WR73		Houston Texans	Pittsburgh Steelers	0 	0.0 	0 	0.0 	2.2 	29 	0.2 	0.0 	0.0 	0.0 	0.0 	6.0 	WR65		Houston Texans	Washington Commanders	0 	0.0 	0 	0.0 	2.3 	29 	0.2 	0.0 	0.0 	0.0 	0.0 	6.2 	WR69		Houston Texans	Jacksonville Jaguars	0 	0.0 	0 	0.0 	2.3 	29 	0.2 	0.0 	0.0 	0.0 	0.0 	6.2 	WR73		Houston Texans	Philadelphia Eagles	0 	0.0 	0 	0.0 	2.1 	27 	0.1 	0.0 	0.0 	0.0 	0.0 	5.6 	WR73		Houston Texans	Green Bay Packers	0 	0.0 	0 	0.0 	2.2 	28 	0.1 	0.0 	0.0 	0.0 	0.0 	5.9 	WR73		Actual	Actual	Actual	Forecast	Forecast	Forecast	Forecast	Forecast	Forecast	Forecast	Forecast	Forecast	Forecast	Forecast	Forecast	Forecast	Forecast		Healthy	Healthy	Healthy	Healthy	Healthy	Healthy	Healthy	Healthy	Healthy	Healthy	Healthy	Healthy	Healthy	Healthy	Healthy	Healthy	Healthy		Week 4 2026	10/3/2026	9:38:40 AM	9		13%	11%	0%	0%	0%	0%		(0.1)	0	0	0	0	0	(0.051163)
	Evan Engram	Denver Broncos	TE	TE28	6.6 	98 	0 	0.0 	0.0 	0.0 	0 	0.0 	0.0 	0.0 	37.6 	2.5 	412 	27.5 	3.3 	0.2 	0.0 	0.1 	0.0 	0.241 	0.560 	0.318 	(0)	0.000 	0.000 	183 	361 	178 	28 	43 	15 	0.163 																14.3 	2.7 	0.0 	6.4 	6.4 	6.2 	6.4 	6.3 	6.3 	0.0 	6.3 	6.0 	6.3 	6.1 	6.2 	6.4 	6.1 		TE8	TE29	-	TE25	TE24	TE25	TE24	TE24	TE27	-	TE24	TE28	TE24	TE26	TE28	TE28	TE30		TE28	6.3 	0.0 	0.0 	0.0 	0.0 	2.5 	27.1 	0.2 	28 	0.262 	0.560 	0.318 	(0)	0.000 	0.000 	182 	0.167 		81 		-	-		-	-		-	-		-	-		TE32	8.5 	0.0 	0.0 	0.0 	0.0 	16.3 	176.0 	1.1 	32 	0.163 	0.560 	0.279 	(0)	0.000 	0.000 	#N/A	0.136 		17.0 		-	-		-	-		-	-		-	-					Denver Broncos	Kansas City Chiefs	0 	0.0 	0 	0.0 	4.0 	43 	1.0 	0.0 	0.0 	0.0 	0.0 	14.3 	TE8		Denver Broncos	Jacksonville Jaguars	0 	0.0 	0 	0.0 	1.0 	17 	0.0 	0.0 	0.0 	0.0 	0.0 	2.7 	TE29		Denver Broncos	Los Angeles Rams	0 	0.0 	0 	0.0 	0.0 	0 	0.0 	0.0 	0.0 	0.0 	0.0 	0.0 	-		Denver Broncos	San Francisco 49ers	0 	0.0 	0 	0.0 	2.6 	28 	0.2 	0.0 	0.0 	0.0 	0.0 	6.4 	TE25		Denver Broncos	Los Angeles Chargers	0 	0.0 	0 	0.0 	2.5 	27 	0.2 	0.0 	0.0 	0.0 	0.0 	6.4 	TE24		Denver Broncos	Seattle Seahawks	0 	0.0 	0 	0.0 	2.5 	27 	0.2 	0.0 	0.0 	0.0 	0.0 	6.2 	TE25		Denver Broncos	Arizona Cardinals	0 	0.0 	0 	0.0 	2.5 	27 	0.2 	0.0 	0.0 	0.0 	0.0 	6.4 	TE24		Denver Broncos	Kansas City Chiefs	0 	0.0 	0 	0.0 	2.5 	27 	0.2 	0.0 	0.0 	0.0 	0.0 	6.3 	TE24		Denver Broncos	Carolina Panthers	0 	0.0 	0 	0.0 	2.5 	27 	0.2 	0.0 	0.0 	0.0 	0.0 	6.3 	TE27		Denver Broncos	BYE	0 	0.0 	0 	0.0 	0.0 	0 	0.0 	0.0 	0.0 	0.0 	0.0 	0.0 	-		Denver Broncos	Las Vegas Raiders	0 	0.0 	0 	0.0 	2.5 	27 	0.2 	0.0 	0.0 	0.0 	0.0 	6.3 	TE24		Denver Broncos	Pittsburgh Steelers	0 	0.0 	0 	0.0 	2.4 	26 	0.2 	0.0 	0.0 	0.0 	0.0 	6.0 	TE28		Denver Broncos	Miami Dolphins	0 	0.0 	0 	0.0 	2.5 	27 	0.2 	0.0 	0.0 	0.0 	0.0 	6.3 	TE24		Denver Broncos	New York Jets	0 	0.0 	0 	0.0 	2.5 	27 	0.2 	0.0 	0.0 	0.0 	0.0 	6.1 	TE26		Denver Broncos	Las Vegas Raiders	0 	0.0 	0 	0.0 	2.5 	27 	0.2 	0.0 	0.0 	0.0 	0.0 	6.2 	TE28		Denver Broncos	Buffalo Bills	0 	0.0 	0 	0.0 	2.6 	28 	0.2 	0.0 	0.0 	0.0 	0.0 	6.4 	TE28		Denver Broncos	New England Patriots	0 	0.0 	0 	0.0 	2.5 	27 	0.2 	0.0 	0.0 	0.0 	0.0 	6.1 	TE30		Actual	Actual	Actual	Forecast	Forecast	Forecast	Forecast	Forecast	Forecast	Forecast	Forecast	Forecast	Forecast	Forecast	Forecast	Forecast	Forecast		Healthy	Healthy	Healthy	Healthy	Healthy	Healthy	Healthy	Healthy	Healthy	Healthy	Healthy	Healthy	Healthy	Healthy	Healthy	Healthy	Healthy		Week 4 2026	10/3/2026	9:38:40 AM	9		12%	12%	0%	0%	0%	0%		0.0 	0	0	0	0	0	0.030601 
	Justice Hill	Baltimore Ravens	RB	RB59	3.5 	56 	0 	0.0 	0.0 	0.0 	254 	15.9 	1.1 	0.1 	12.3 	0.8 	97 	6.0 	0.5 	0.0 	0.0 	0.4 	0.0 	0.138 	1.000 	0.277 	(1)	0.000 	0.000 	192 	223 	31 	59 	61 	2 	0.145 				-	-		-	-		-	-		-	-		3.8 	3.8 	3.3 	3.6 	3.7 	3.5 	3.6 	3.4 	3.6 	3.5 	3.5 	3.2 	0.0 	3.6 	3.4 	3.6 	3.4 		RB49	RB47	RB47	RB52	RB52	RB49	RB48	RB49	RB52	RB49	RB46	RB58	-	RB52	RB59	RB57	RB56		RB58	3.5 	0.0 	0.0 	15.2 	0.1 	0.7 	5.7 	0.0 	58 	0.147 	1.000 	0.289 	(1)	0.000 	0.000 	191 	0.152 		46 		-	-		-	-		-	-		-	-		RB59	3.6 	0.0 	0.0 	65.7 	0.4 	3.1 	24.9 	0.2 	59 	0.105 	1.000 	0.277 	(1)	0.000 	0.000 	#N/A	0.140 		10.9 		-	-		-	-		-	-		-	-					Baltimore Ravens	Indianapolis Colts	0 	0.0 	18 	0.0 	1.0 	10 	0.0 	0.0 	0.0 	0.0 	0.0 	3.8 	RB49		Baltimore Ravens	New Orleans Saints	0 	0.0 	6 	0.0 	2.0 	12 	0.0 	0.0 	0.0 	0.0 	0.0 	3.8 	RB47		Baltimore Ravens	Dallas Cowboys	0 	0.0 	33 	0.0 	0.0 	0 	0.0 	0.0 	0.0 	0.0 	0.0 	3.3 	RB47		Baltimore Ravens	Tennessee Titans	0 	0.0 	17 	0.1 	0.7 	6 	0.0 	0.0 	0.0 	0.0 	0.0 	3.6 	RB52		Baltimore Ravens	Atlanta Falcons	0 	0.0 	16 	0.1 	0.7 	6 	0.0 	0.0 	0.0 	0.0 	0.0 	3.7 	RB52		Baltimore Ravens	Cleveland Browns	0 	0.0 	16 	0.1 	0.7 	6 	0.0 	0.0 	0.0 	0.0 	0.0 	3.5 	RB49		Baltimore Ravens	Cincinnati Bengals	0 	0.0 	15 	0.1 	0.8 	6 	0.0 	0.0 	0.0 	0.0 	0.0 	3.6 	RB48		Baltimore Ravens	Buffalo Bills	0 	0.0 	14 	0.1 	0.7 	6 	0.0 	0.0 	0.0 	0.0 	0.0 	3.4 	RB49		Baltimore Ravens	Jacksonville Jaguars	0 	0.0 	16 	0.1 	0.7 	6 	0.0 	0.0 	0.0 	0.0 	0.0 	3.6 	RB52		Baltimore Ravens	Los Angeles Chargers	0 	0.0 	15 	0.1 	0.7 	6 	0.0 	0.0 	0.0 	0.0 	0.0 	3.5 	RB49		Baltimore Ravens	Carolina Panthers	0 	0.0 	15 	0.1 	0.7 	6 	0.0 	0.0 	0.0 	0.0 	0.0 	3.5 	RB46		Baltimore Ravens	Houston Texans	0 	0.0 	13 	0.1 	0.7 	6 	0.0 	0.0 	0.0 	0.0 	0.0 	3.2 	RB58		Baltimore Ravens	BYE	0 	0.0 	0 	0.0 	0.0 	0 	0.0 	0.0 	0.0 	0.0 	0.0 	0.0 	-		Baltimore Ravens	Tampa Bay Buccaneers	0 	0.0 	16 	0.1 	0.7 	6 	0.0 	0.0 	0.0 	0.0 	0.0 	3.6 	RB52		Baltimore Ravens	Pittsburgh Steelers	0 	0.0 	14 	0.1 	0.7 	6 	0.0 	0.0 	0.0 	0.0 	0.0 	3.4 	RB59		Baltimore Ravens	Cleveland Browns	0 	0.0 	16 	0.1 	0.7 	5 	0.0 	0.0 	0.0 	0.0 	0.0 	3.6 	RB57		Baltimore Ravens	Cincinnati Bengals	0 	0.0 	14 	0.1 	0.7 	6 	0.0 	0.0 	0.0 	0.0 	0.0 	3.4 	RB56		Actual	Actual	Actual	Forecast	Forecast	Forecast	Forecast	Forecast	Forecast	Forecast	Forecast	Forecast	Forecast	Forecast	Forecast	Forecast	Forecast		Healthy	Healthy	Healthy	Healthy	Healthy	Healthy	Healthy	Healthy	Healthy	Healthy	Healthy	Healthy	Healthy	Healthy	Healthy	Healthy	Healthy		Week 4 2026	10/3/2026	9:38:40 AM	9		3%	3%	9%	6%	0%	0%		0.0 	0	0	0	0	0	0.012142 
	Geno Smith	New York Jets	QB	QB28	14.1 	225 	3,522 	220.2 	20.4 	1.3 	175 	10.9 	0.6 	0.0 	0.0 	0.0 	0 	0.0 	0.0 	0.0 	8.4 	2.0 	0.0 	0.552 	0.460 	0.200 	0 	0.111 	0.000 	187 	385 	198 	24 	52 	28 	0.158 																9.3 	15.6 	26.0 	14.0 	13.9 	12.8 	14.3 	13.9 	12.6 	14.1 	12.6 	13.5 	0.0 	12.8 	13.7 	12.8 	13.1 		QB28	QB16	QB3	QB25	QB23	QB25	QB23	QB26	QB29	QB25	QB25	QB28	-	QB27	QB29	QB29	QB29		QB29	13.4 	210.7 	1.3 	10.7 	0.0 	0.0 	0.0 	0.0 	27 	0.562 	0.460 	0.158 	0 	0.159 	0.000 	188 	0.158 		174 		-	-		-	-		-	-		-	-		QB16	17.0 	913.1 	5.5 	46.4 	0.2 	0.0 	0.0 	0.0 	16 	0.489 	0.460 	0.304 	1 	0.235 	0.000 	#N/A	0.272 		50.9 		-	-		-	-		-	-		-	-					New York Jets	Tennessee Titans	215 	0.0 	7 	0.0 	0.0 	0 	0.0 	0.0 	0.0 	0.0 	0.0 	9.3 	QB28		New York Jets	Green Bay Packers	247 	1.0 	17 	0.0 	0.0 	0 	0.0 	0.0 	0.0 	0.0 	0.0 	15.6 	QB16		New York Jets	Detroit Lions	321 	3.0 	12 	0.0 	0.0 	0 	0.0 	0.0 	1.0 	0.0 	1.0 	26.0 	QB3		New York Jets	Chicago Bears	215 	1.3 	11 	0.1 	0.0 	0 	0.0 	0.6 	0.1 	0.0 	0.0 	14.0 	QB25		New York Jets	Cleveland Browns	209 	1.4 	12 	0.1 	0.0 	0 	0.0 	0.6 	0.1 	0.0 	0.0 	13.9 	QB23		New York Jets	New England Patriots	211 	1.2 	9 	0.0 	0.0 	0 	0.0 	0.6 	0.1 	0.0 	0.0 	12.8 	QB25		New York Jets	Miami Dolphins	213 	1.4 	12 	0.1 	0.0 	0 	0.0 	0.6 	0.1 	0.0 	0.0 	14.3 	QB23		New York Jets	Las Vegas Raiders	209 	1.4 	12 	0.1 	0.0 	0 	0.0 	0.6 	0.1 	0.0 	0.0 	13.9 	QB26		New York Jets	Kansas City Chiefs	209 	1.1 	9 	0.0 	0.0 	0 	0.0 	0.6 	0.1 	0.0 	0.0 	12.6 	QB29		New York Jets	Buffalo Bills	219 	1.4 	10 	0.0 	0.0 	0 	0.0 	0.6 	0.1 	0.0 	0.0 	14.1 	QB25		New York Jets	Los Angeles Chargers	209 	1.1 	9 	0.0 	0.0 	0 	0.0 	0.6 	0.1 	0.0 	0.0 	12.6 	QB25		New York Jets	Miami Dolphins	209 	1.3 	11 	0.1 	0.0 	0 	0.0 	0.6 	0.1 	0.0 	0.0 	13.5 	QB28		New York Jets	BYE	0 	0.0 	0 	0.0 	0.0 	0 	0.0 	0.0 	0.0 	0.0 	0.0 	0.0 	-		New York Jets	Denver Broncos	209 	1.2 	10 	0.0 	0.0 	0 	0.0 	0.6 	0.1 	0.0 	0.0 	12.8 	QB27		New York Jets	Arizona Cardinals	210 	1.3 	11 	0.1 	0.0 	0 	0.0 	0.6 	0.1 	0.0 	0.0 	13.7 	QB29		New York Jets	New England Patriots	209 	1.2 	10 	0.0 	0.0 	0 	0.0 	0.6 	0.1 	0.0 	0.0 	12.8 	QB29		New York Jets	Minnesota Vikings	208 	1.2 	11 	0.0 	0.0 	0 	0.0 	0.6 	0.1 	0.0 	0.0 	13.1 	QB29		Actual	Actual	Actual	Forecast	Forecast	Forecast	Forecast	Forecast	Forecast	Forecast	Forecast	Forecast	Forecast	Forecast	Forecast	Forecast	Forecast		Healthy	Healthy	Healthy	Healthy	Healthy	Healthy	Healthy	Healthy	Healthy	Healthy	Healthy	Healthy	Healthy	Healthy	Healthy	Healthy	Healthy		Week 4 2026	10/3/2026	9:38:40 AM	9		0%	0%	10%	7%	99%	99%		(0.1)	0	0	0	0	0	(0.113809)
	Kalif Raymond	Chicago Bears	WR	WR45	9.7 	155 	0 	0.0 	0.0 	0.0 	0 	0.0 	0.0 	0.0 	62.4 	3.9 	691 	43.2 	4.0 	0.2 	0.0 	0.1 	0.0 	0.380 	1.000 	0.560 	0 	0.053 	0.000 	103 	428 	325 	44 	132 	88 	0.330 																16.4 	9.0 	21.0 	8.1 	8.0 	8.4 	8.3 	8.2 	8.6 	0.0 	8.2 	8.6 	8.4 	8.3 	8.7 	8.3 	8.5 		WR15	WR31	WR7	WR53	WR54	WR46	WR49	WR52	WR51	-	WR46	WR54	WR50	WR52	WR54	WR56	WR55		WR55	8.4 	0.0 	0.0 	0.0 	0.0 	3.3 	36.7 	0.2 	55 	0.351 	1.000 	0.450 	(0)	0.000 	0.000 	143 	0.255 		109 		-	-		-	-		-	-		-	-		WR12	15.5 	0.0 	0.0 	0.0 	0.0 	14.5 	159.1 	1.0 	12 	0.446 	1.000 	0.880 	1 	0.273 	0.000 	#N/A	0.572 		46.4 		-	-		-	-		-	-		-	-					Chicago Bears	Carolina Panthers	0 	0.0 	0 	0.0 	8.0 	84 	0.0 	0.0 	0.0 	0.0 	0.0 	16.4 	WR15		Chicago Bears	Minnesota Vikings	0 	0.0 	0 	0.0 	5.0 	40 	0.0 	0.0 	0.0 	0.0 	0.0 	9.0 	WR31		Chicago Bears	Philadelphia Eagles	0 	0.0 	0 	0.0 	6.0 	90 	1.0 	0.0 	0.0 	0.0 	0.0 	21.0 	WR7		Chicago Bears	New York Jets	0 	0.0 	0 	0.0 	3.3 	36 	0.2 	0.0 	0.0 	0.0 	0.0 	8.1 	WR53		Chicago Bears	Green Bay Packers	0 	0.0 	0 	0.0 	3.2 	36 	0.2 	0.0 	0.0 	0.0 	0.0 	8.0 	WR54		Chicago Bears	Atlanta Falcons	0 	0.0 	0 	0.0 	3.4 	37 	0.2 	0.0 	0.0 	0.0 	0.0 	8.4 	WR46		Chicago Bears	New England Patriots	0 	0.0 	0 	0.0 	3.3 	36 	0.2 	0.0 	0.0 	0.0 	0.0 	8.3 	WR49		Chicago Bears	Seattle Seahawks	0 	0.0 	0 	0.0 	3.3 	37 	0.2 	0.0 	0.0 	0.0 	0.0 	8.2 	WR52		Chicago Bears	Tampa Bay Buccaneers	0 	0.0 	0 	0.0 	3.4 	37 	0.2 	0.0 	0.0 	0.0 	0.0 	8.6 	WR51		Chicago Bears	BYE	0 	0.0 	0 	0.0 	0.0 	0 	0.0 	0.0 	0.0 	0.0 	0.0 	0.0 	-		Chicago Bears	New Orleans Saints	0 	0.0 	0 	0.0 	3.2 	36 	0.2 	0.0 	0.0 	0.0 	0.0 	8.2 	WR46		Chicago Bears	Detroit Lions	0 	0.0 	0 	0.0 	3.4 	38 	0.2 	0.0 	0.0 	0.0 	0.0 	8.6 	WR54		Chicago Bears	Jacksonville Jaguars	0 	0.0 	0 	0.0 	3.4 	37 	0.2 	0.0 	0.0 	0.0 	0.0 	8.4 	WR50		Chicago Bears	Miami Dolphins	0 	0.0 	0 	0.0 	3.3 	36 	0.2 	0.0 	0.0 	0.0 	0.0 	8.3 	WR52		Chicago Bears	Buffalo Bills	0 	0.0 	0 	0.0 	3.5 	38 	0.2 	0.0 	0.0 	0.0 	0.0 	8.7 	WR54		Chicago Bears	Green Bay Packers	0 	0.0 	0 	0.0 	3.3 	36 	0.2 	0.0 	0.0 	0.0 	0.0 	8.3 	WR56		Chicago Bears	Detroit Lions	0 	0.0 	0 	0.0 	3.4 	37 	0.2 	0.0 	0.0 	0.0 	0.0 	8.5 	WR55		Actual	Actual	Actual	Forecast	Forecast	Forecast	Forecast	Forecast	Forecast	Forecast	Forecast	Forecast	Forecast	Forecast	Forecast	Forecast	Forecast		Healthy	Healthy	Healthy	Healthy	Healthy	Healthy	Healthy	Healthy	Healthy	Healthy	Healthy	Healthy	Healthy	Healthy	Healthy	Healthy	Healthy		Week 4 2026	10/3/2026	9:38:40 AM	9		18%	15%	0%	0%	0%	0%		(0.3)	0	0	0	0	0	(0.316966)
	Michael Mayer	Las Vegas Raiders	TE	TE25	6.6 	106 	0 	0.0 	0.0 	0.0 	0 	0.0 	0.0 	0.0 	46.1 	2.9 	431 	26.9 	2.9 	0.2 	0.0 	0.1 	0.0 	0.261 	0.560 	0.347 	(0)	0.000 	0.000 	173 	456 	283 	25 	68 	43 	0.178 																9.2 	5.3 	12.2 	6.3 	6.2 	6.3 	6.3 	5.9 	6.3 	6.0 	6.0 	5.9 	0.0 	6.1 	5.9 	6.1 	6.1 		TE18	TE22	TE10	TE27	TE26	TE24	TE25	TE25	TE28	TE26	TE25	TE29	-	TE27	TE29	TE29	TE28		TE29	6.1 	0.0 	0.0 	0.0 	0.0 	2.6 	26.5 	0.1 	29 	0.257 	0.560 	0.308 	(0)	0.000 	0.000 	185 	0.162 		80 		-	-		-	-		-	-		-	-		TE18	8.9 	0.0 	0.0 	0.0 	0.0 	11.4 	114.7 	0.6 	18 	0.257 	0.560 	0.413 	0 	0.113 	0.000 	#N/A	0.255 		26.7 		-	-		-	-		-	-		-	-					Las Vegas Raiders	Miami Dolphins	0 	0.0 	0 	0.0 	6.0 	32 	0.0 	0.0 	0.0 	0.0 	0.0 	9.2 	TE18		Las Vegas Raiders	Los Angeles Chargers	0 	0.0 	0 	0.0 	3.0 	23 	0.0 	0.0 	0.0 	0.0 	0.0 	5.3 	TE22		Las Vegas Raiders	New Orleans Saints	0 	0.0 	0 	0.0 	3.0 	32 	1.0 	0.0 	0.0 	0.0 	0.0 	12.2 	TE10		Las Vegas Raiders	Kansas City Chiefs	0 	0.0 	0 	0.0 	2.7 	27 	0.2 	0.0 	0.0 	0.0 	0.0 	6.3 	TE27		Las Vegas Raiders	New England Patriots	0 	0.0 	0 	0.0 	2.6 	27 	0.2 	0.0 	0.0 	0.0 	0.0 	6.2 	TE26		Las Vegas Raiders	Buffalo Bills	0 	0.0 	0 	0.0 	2.7 	27 	0.2 	0.0 	0.0 	0.0 	0.0 	6.3 	TE24		Las Vegas Raiders	Los Angeles Rams	0 	0.0 	0 	0.0 	2.7 	27 	0.1 	0.0 	0.0 	0.0 	0.0 	6.3 	TE25		Las Vegas Raiders	New York Jets	0 	0.0 	0 	0.0 	2.5 	26 	0.1 	0.0 	0.0 	0.0 	0.0 	5.9 	TE25		Las Vegas Raiders	San Francisco 49ers	0 	0.0 	0 	0.0 	2.7 	27 	0.1 	0.0 	0.0 	0.0 	0.0 	6.3 	TE28		Las Vegas Raiders	Seattle Seahawks	0 	0.0 	0 	0.0 	2.6 	26 	0.1 	0.0 	0.0 	0.0 	0.0 	6.0 	TE26		Las Vegas Raiders	Denver Broncos	0 	0.0 	0 	0.0 	2.6 	26 	0.1 	0.0 	0.0 	0.0 	0.0 	6.0 	TE25		Las Vegas Raiders	Cleveland Browns	0 	0.0 	0 	0.0 	2.5 	25 	0.1 	0.0 	0.0 	0.0 	0.0 	5.9 	TE29		Las Vegas Raiders	BYE	0 	0.0 	0 	0.0 	0.0 	0 	0.0 	0.0 	0.0 	0.0 	0.0 	0.0 	-		Las Vegas Raiders	Los Angeles Chargers	0 	0.0 	0 	0.0 	2.6 	27 	0.1 	0.0 	0.0 	0.0 	0.0 	6.1 	TE27		Las Vegas Raiders	Denver Broncos	0 	0.0 	0 	0.0 	2.6 	26 	0.1 	0.0 	0.0 	0.0 	0.0 	5.9 	TE29		Las Vegas Raiders	Tennessee Titans	0 	0.0 	0 	0.0 	2.6 	26 	0.2 	0.0 	0.0 	0.0 	0.0 	6.1 	TE29		Las Vegas Raiders	Arizona Cardinals	0 	0.0 	0 	0.0 	2.6 	26 	0.2 	0.0 	0.0 	0.0 	0.0 	6.1 	TE28		Actual	Actual	Actual	Forecast	Forecast	Forecast	Forecast	Forecast	Forecast	Forecast	Forecast	Forecast	Forecast	Forecast	Forecast	Forecast	Forecast		Healthy	Healthy	Healthy	Healthy	Healthy	Healthy	Healthy	Healthy	Healthy	Healthy	Healthy	Healthy	Healthy	Healthy	Healthy	Healthy	Healthy		Week 4 2026	10/3/2026	9:38:40 AM	9		12%	10%	0%	0%	0%	0%		(0.1)	0	0	0	0	0	(0.092898)
	George Holani	Seattle Seahawks	RB	RB56	3.9 	62 	0 	0.0 	0.0 	0.0 	199 	12.5 	0.8 	0.1 	18.9 	1.2 	175 	11.0 	0.2 	0.0 	0.0 	0.4 	0.0 	0.152 	1.000 	0.315 	(1)	0.000 	0.000 	182 	259 	77 	56 	70 	14 	0.165 				-	-		-	-		-	-		-	-		2.9 	2.5 	10.8 	7.4 	3.2 	3.1 	3.1 	3.3 	3.5 	3.2 	0.0 	3.1 	3.3 	3.3 	2.9 	3.2 	3.1 		RB53	RB53	RB22	RB35	RB54	RB50	RB51	RB51	RB54	RB50	-	RB59	RB54	RB56	RB61	RB60	RB60		RB57	3.5 	0.0 	0.0 	11.3 	0.1 	1.0 	9.7 	0.0 	57 	0.147 	1.000 	0.302 	(1)	0.000 	0.000 	187 	0.158 		46 		-	-		-	-		-	-		-	-		RB41	5.4 	0.0 	0.0 	49.1 	0.3 	4.3 	41.8 	0.1 	41 	0.156 	1.000 	0.506 	(0)	0.000 	0.000 	#N/A	0.251 		16.2 		-	-		-	-		-	-		-	-					Seattle Seahawks	New England Patriots	0 	0.0 	29 	0.0 	0.0 	0 	0.0 	0.0 	0.0 	0.0 	0.0 	2.9 	RB53		Seattle Seahawks	Arizona Cardinals	0 	0.0 	13 	0.0 	1.0 	2 	0.0 	0.0 	0.0 	0.0 	0.0 	2.5 	RB53		Seattle Seahawks	Washington Commanders	0 	0.0 	10 	0.0 	5.0 	48 	0.0 	0.0 	0.0 	0.0 	0.0 	10.8 	RB22		Seattle Seahawks	Los Angeles Chargers	0 	0.0 	39 	0.3 	0.9 	9 	0.0 	0.0 	0.1 	0.0 	0.0 	7.4 	RB35		Seattle Seahawks	San Francisco 49ers	0 	0.0 	9 	0.0 	1.0 	10 	0.0 	0.0 	0.0 	0.0 	0.0 	3.2 	RB54		Seattle Seahawks	Denver Broncos	0 	0.0 	8 	0.0 	1.0 	10 	0.0 	0.0 	0.0 	0.0 	0.0 	3.1 	RB50		Seattle Seahawks	Kansas City Chiefs	0 	0.0 	9 	0.0 	1.0 	10 	0.0 	0.0 	0.0 	0.0 	0.0 	3.1 	RB51		Seattle Seahawks	Chicago Bears	0 	0.0 	9 	0.0 	1.0 	10 	0.0 	0.0 	0.0 	0.0 	0.0 	3.3 	RB51		Seattle Seahawks	Arizona Cardinals	0 	0.0 	11 	0.1 	1.0 	10 	0.0 	0.0 	0.0 	0.0 	0.0 	3.5 	RB54		Seattle Seahawks	Las Vegas Raiders	0 	0.0 	10 	0.0 	1.0 	9 	0.0 	0.0 	0.0 	0.0 	0.0 	3.2 	RB50		Seattle Seahawks	BYE	0 	0.0 	0 	0.0 	0.0 	0 	0.0 	0.0 	0.0 	0.0 	0.0 	0.0 	-		Seattle Seahawks	San Francisco 49ers	0 	0.0 	9 	0.0 	1.0 	10 	0.0 	0.0 	0.0 	0.0 	0.0 	3.1 	RB59		Seattle Seahawks	Dallas Cowboys	0 	0.0 	9 	0.0 	1.0 	10 	0.0 	0.0 	0.0 	0.0 	0.0 	3.3 	RB54		Seattle Seahawks	New York Giants	0 	0.0 	10 	0.0 	1.0 	10 	0.0 	0.0 	0.0 	0.0 	0.0 	3.3 	RB56		Seattle Seahawks	Philadelphia Eagles	0 	0.0 	8 	0.0 	1.0 	9 	0.0 	0.0 	0.0 	0.0 	0.0 	2.9 	RB61		Seattle Seahawks	Los Angeles Rams	0 	0.0 	9 	0.0 	1.0 	10 	0.0 	0.0 	0.0 	0.0 	0.0 	3.2 	RB60		Seattle Seahawks	Carolina Panthers	0 	0.0 	9 	0.0 	1.0 	10 	0.0 	0.0 	0.0 	0.0 	0.0 	3.1 	RB60		Actual	Actual	Actual	Forecast	Forecast	Forecast	Forecast	Forecast	Forecast	Forecast	Forecast	Forecast	Forecast	Forecast	Forecast	Forecast	Forecast		Healthy	Healthy	Healthy	Limited / Handicapped	Healthy	Healthy	Healthy	Healthy	Healthy	Healthy	Healthy	Healthy	Healthy	Healthy	Healthy	Healthy	Healthy		Week 4 2026	10/3/2026	9:38:40 AM	9		4%	1%	8%	5%	0%	0%		(0.1)	0	0	0	0	0	(0.093053)
	Greg Dulcich	Miami Dolphins	TE	TE31	5.9 	94 	0 	0.0 	0.0 	0.0 	0 	0.0 	0.0 	0.0 	38.5 	2.4 	441 	27.5 	1.9 	0.1 	0.0 	0.1 	0.0 	0.230 	0.560 	0.289 	(0)	0.000 	0.000 	190 	215 	25 	31 	26 	(5)	0.150 				-	-		-	-		-	-		-	-		3.8 	3.7 	10.5 	5.3 	6.0 	0.0 	5.6 	5.9 	6.0 	6.0 	5.8 	5.7 	5.6 	6.0 	5.8 	5.9 	6.1 		TE28	TE23	TE12	TE31	TE27	-	TE26	TE26	TE29	TE25	TE26	TE30	TE26	TE28	TE30	TE30	TE29		TE30	5.8 	0.0 	0.0 	0.0 	0.0 	2.3 	27.0 	0.1 	30 	0.244 	0.560 	0.299 	(0)	0.000 	0.000 	189 	0.156 		76 		-	-		-	-		-	-		-	-		TE30	6.0 	0.0 	0.0 	0.0 	0.0 	9.8 	116.9 	0.6 	30 	0.173 	0.560 	0.299 	(0)	0.000 	0.000 	#N/A	0.145 		18.0 		-	-		-	-		-	-		-	-					Miami Dolphins	Las Vegas Raiders	0 	0.0 	0 	0.0 	2.0 	18 	0.0 	0.0 	0.0 	0.0 	0.0 	3.8 	TE28		Miami Dolphins	San Francisco 49ers	0 	0.0 	0 	0.0 	2.0 	17 	0.0 	0.0 	0.0 	0.0 	0.0 	3.7 	TE23		Miami Dolphins	Kansas City Chiefs	0 	0.0 	0 	0.0 	5.0 	55 	0.0 	0.0 	0.0 	0.0 	0.0 	10.5 	TE12		Miami Dolphins	Minnesota Vikings	0 	0.0 	0 	0.0 	2.1 	25 	0.1 	0.0 	0.0 	0.0 	0.0 	5.3 	TE31		Miami Dolphins	Cincinnati Bengals	0 	0.0 	0 	0.0 	2.3 	28 	0.2 	0.0 	0.0 	0.0 	0.0 	6.0 	TE27		Miami Dolphins	BYE	0 	0.0 	0 	0.0 	0.0 	0 	0.0 	0.0 	0.0 	0.0 	0.0 	0.0 	-		Miami Dolphins	New York Jets	0 	0.0 	0 	0.0 	2.2 	26 	0.1 	0.0 	0.0 	0.0 	0.0 	5.6 	TE26		Miami Dolphins	New England Patriots	0 	0.0 	0 	0.0 	2.3 	27 	0.1 	0.0 	0.0 	0.0 	0.0 	5.9 	TE26		Miami Dolphins	Detroit Lions	0 	0.0 	0 	0.0 	2.3 	28 	0.2 	0.0 	0.0 	0.0 	0.0 	6.0 	TE29		Miami Dolphins	Indianapolis Colts	0 	0.0 	0 	0.0 	2.3 	28 	0.2 	0.0 	0.0 	0.0 	0.0 	6.0 	TE25		Miami Dolphins	Buffalo Bills	0 	0.0 	0 	0.0 	2.3 	27 	0.1 	0.0 	0.0 	0.0 	0.0 	5.8 	TE26		Miami Dolphins	New York Jets	0 	0.0 	0 	0.0 	2.2 	26 	0.2 	0.0 	0.0 	0.0 	0.0 	5.7 	TE30		Miami Dolphins	Denver Broncos	0 	0.0 	0 	0.0 	2.2 	26 	0.1 	0.0 	0.0 	0.0 	0.0 	5.6 	TE26		Miami Dolphins	Chicago Bears	0 	0.0 	0 	0.0 	2.3 	28 	0.2 	0.0 	0.0 	0.0 	0.0 	6.0 	TE28		Miami Dolphins	Green Bay Packers	0 	0.0 	0 	0.0 	2.3 	27 	0.1 	0.0 	0.0 	0.0 	0.0 	5.8 	TE30		Miami Dolphins	Los Angeles Chargers	0 	0.0 	0 	0.0 	2.3 	27 	0.1 	0.0 	0.0 	0.0 	0.0 	5.9 	TE30		Miami Dolphins	Buffalo Bills	0 	0.0 	0 	0.0 	2.4 	28 	0.2 	0.0 	0.0 	0.0 	0.0 	6.1 	TE29		Actual	Actual	Actual	Forecast	Forecast	Forecast	Forecast	Forecast	Forecast	Forecast	Forecast	Forecast	Forecast	Forecast	Forecast	Forecast	Forecast		Healthy	Healthy	Healthy	Healthy	Healthy	Healthy	Healthy	Healthy	Healthy	Healthy	Healthy	Healthy	Healthy	Healthy	Healthy	Healthy	Healthy		Week 4 2026	10/3/2026	9:38:40 AM	9		12%	12%	0%	0%	0%	0%		0.0 	0	0	0	0	0	0.010721 
	Makai Lemon	Philadelphia Eagles	WR	WR73	5.7 	92 	0 	0.0 	0.0 	0.0 	(5)	(0.3)	0.0 	0.0 	40.8 	2.6 	360 	22.5 	2.6 	0.2 	0.0 	0.1 	0.0 	0.224 	1.000 	0.280 	(1)	0.000 	0.000 	184 	115 	(69)	72 	45 	(27)	0.160 				-	-		-	-		-	-		-	-		2.5 	1.9 	5.9 	10.2 	5.7 	5.8 	6.2 	6.0 	6.0 	0.0 	5.9 	6.2 	5.8 	6.1 	5.8 	5.5 	5.9 		WR82	WR77	WR55	WR41	WR67	WR62	WR60	WR65	WR68	-	WR62	WR74	WR66	WR70	WR74	WR74	WR74		WR72	6.3 	0.0 	0.0 	0.0 	0.0 	2.6 	24.7 	0.2 	72 	0.262 	1.000 	0.280 	(0)	0.000 	0.000 	183 	0.165 		81 														WR99	3.4 	0.0 	0.0 	0.0 	0.0 	11.3 	107.2 	0.9 	99 	0.099 	1.000 	0.010 	(1)	0.000 	0.000 	#N/A	0.019 		10.3 																	Philadelphia Eagles	Washington Commanders	0 	0.0 	0 	0.0 	3.0 	(5)	0.0 	0.0 	0.0 	0.0 	0.0 	2.5 	WR82		Philadelphia Eagles	Tennessee Titans	0 	0.0 	(5)	0.0 	1.0 	14 	0.0 	0.0 	0.0 	0.0 	0.0 	1.9 	WR77		Philadelphia Eagles	Chicago Bears	0 	0.0 	0 	0.0 	3.0 	29 	0.0 	0.0 	0.0 	0.0 	0.0 	5.9 	WR55		Philadelphia Eagles	Los Angeles Rams	0 	0.0 	0 	0.0 	4.4 	42 	0.3 	0.0 	0.0 	0.0 	0.0 	10.2 	WR41		Philadelphia Eagles	Jacksonville Jaguars	0 	0.0 	0 	0.0 	2.4 	23 	0.2 	0.0 	0.0 	0.0 	0.0 	5.7 	WR67		Philadelphia Eagles	Carolina Panthers	0 	0.0 	0 	0.0 	2.4 	23 	0.2 	0.0 	0.0 	0.0 	0.0 	5.8 	WR62		Philadelphia Eagles	Dallas Cowboys	0 	0.0 	0 	0.0 	2.6 	24 	0.2 	0.0 	0.0 	0.0 	0.0 	6.2 	WR60		Philadelphia Eagles	Washington Commanders	0 	0.0 	0 	0.0 	2.5 	24 	0.2 	0.0 	0.0 	0.0 	0.0 	6.0 	WR65		Philadelphia Eagles	New York Giants	0 	0.0 	0 	0.0 	2.5 	23 	0.2 	0.0 	0.0 	0.0 	0.0 	6.0 	WR68		Philadelphia Eagles	BYE	0 	0.0 	0 	0.0 	0.0 	0 	0.0 	0.0 	0.0 	0.0 	0.0 	0.0 	-		Philadelphia Eagles	Pittsburgh Steelers	0 	0.0 	0 	0.0 	2.4 	23 	0.2 	0.0 	0.0 	0.0 	0.0 	5.9 	WR62		Philadelphia Eagles	Dallas Cowboys	0 	0.0 	0 	0.0 	2.6 	24 	0.2 	0.0 	0.0 	0.0 	0.0 	6.2 	WR74		Philadelphia Eagles	Arizona Cardinals	0 	0.0 	0 	0.0 	2.4 	23 	0.2 	0.0 	0.0 	0.0 	0.0 	5.8 	WR66		Philadelphia Eagles	Indianapolis Colts	0 	0.0 	0 	0.0 	2.5 	24 	0.2 	0.0 	0.0 	0.0 	0.0 	6.1 	WR70		Philadelphia Eagles	Seattle Seahawks	0 	0.0 	0 	0.0 	2.4 	23 	0.2 	0.0 	0.0 	0.0 	0.0 	5.8 	WR74		Philadelphia Eagles	Houston Texans	0 	0.0 	0 	0.0 	2.3 	22 	0.2 	0.0 	0.0 	0.0 	0.0 	5.5 	WR74		Philadelphia Eagles	San Francisco 49ers	0 	0.0 	0 	0.0 	2.5 	23 	0.2 	0.0 	0.0 	0.0 	0.0 	5.9 	WR74		Actual	Actual	Actual	Forecast	Forecast	Forecast	Forecast	Forecast	Forecast	Forecast	Forecast	Forecast	Forecast	Forecast	Forecast	Forecast	Forecast		Healthy	Healthy	Healthy	Healthy	Healthy	Healthy	Healthy	Healthy	Healthy	Healthy	Healthy	Healthy	Healthy	Healthy	Healthy	Healthy	Healthy		Week 4 2026	10/3/2026	9:38:40 AM	9		11%	13%	0%	0%	0%	0%		0.1 	0	0	0	0	0	0.145991 
	Emanuel Wilson	Seattle Seahawks	RB	RB62	3.2 	51 	0 	0.0 	0.0 	0.0 	368 	23.0 	1.3 	0.1 	3.5 	0.2 	31 	2.0 	0.2 	0.0 	0.0 	0.7 	0.0 	0.125 	1.000 	0.238 	(1)	0.000 	0.000 	202 	311 	109 	62 	81 	19 	0.126 																0.3 	9.2 	1.4 	8.5 	2.6 	2.5 	2.5 	2.7 	3.1 	2.7 	0.0 	2.5 	2.7 	2.8 	2.3 	2.5 	2.6 		RB59	RB27	RB55	RB30	RB56	RB56	RB54	RB53	RB55	RB55	-	RB64	RB57	RB59	RB66	RB65	RB63		RB61	3.1 	0.0 	0.0 	20.0 	0.1 	0.3 	2.4 	0.0 	61 	0.129 	1.000 	0.251 	(1)	0.000 	0.000 	200 	0.132 		40 														RB58	3.6 	0.0 	0.0 	86.5 	0.4 	1.2 	10.5 	0.1 	58 	0.105 	1.000 	0.289 	(1)	0.000 	0.000 	#N/A	0.146 		10.9 																	Seattle Seahawks	New England Patriots	0 	0.0 	3 	0.0 	0.0 	0 	0.0 	0.0 	0.0 	0.0 	0.0 	0.3 	RB59		Seattle Seahawks	Arizona Cardinals	0 	0.0 	92 	0.0 	0.0 	0 	0.0 	0.0 	0.0 	0.0 	0.0 	9.2 	RB27		Seattle Seahawks	Washington Commanders	0 	0.0 	14 	0.0 	0.0 	0 	0.0 	0.0 	0.0 	0.0 	0.0 	1.4 	RB55		Seattle Seahawks	Los Angeles Chargers	0 	0.0 	57 	0.4 	0.3 	2 	0.0 	0.0 	0.2 	0.0 	0.0 	8.5 	RB30		Seattle Seahawks	San Francisco 49ers	0 	0.0 	16 	0.1 	0.3 	2 	0.0 	0.0 	0.0 	0.0 	0.0 	2.6 	RB56		Seattle Seahawks	Denver Broncos	0 	0.0 	16 	0.1 	0.3 	2 	0.0 	0.0 	0.0 	0.0 	0.0 	2.5 	RB56		Seattle Seahawks	Kansas City Chiefs	0 	0.0 	16 	0.1 	0.3 	2 	0.0 	0.0 	0.0 	0.0 	0.0 	2.5 	RB54		Seattle Seahawks	Chicago Bears	0 	0.0 	17 	0.1 	0.3 	2 	0.0 	0.0 	0.0 	0.0 	0.0 	2.7 	RB53		Seattle Seahawks	Arizona Cardinals	0 	0.0 	20 	0.1 	0.3 	2 	0.0 	0.0 	0.0 	0.0 	0.0 	3.1 	RB55		Seattle Seahawks	Las Vegas Raiders	0 	0.0 	18 	0.1 	0.3 	2 	0.0 	0.0 	0.0 	0.0 	0.0 	2.7 	RB55		Seattle Seahawks	BYE	0 	0.0 	0 	0.0 	0.0 	0 	0.0 	0.0 	0.0 	0.0 	0.0 	0.0 	-		Seattle Seahawks	San Francisco 49ers	0 	0.0 	16 	0.1 	0.3 	2 	0.0 	0.0 	0.0 	0.0 	0.0 	2.5 	RB64		Seattle Seahawks	Dallas Cowboys	0 	0.0 	17 	0.1 	0.3 	2 	0.0 	0.0 	0.0 	0.0 	0.0 	2.7 	RB57		Seattle Seahawks	New York Giants	0 	0.0 	18 	0.1 	0.3 	2 	0.0 	0.0 	0.0 	0.0 	0.0 	2.8 	RB59		Seattle Seahawks	Philadelphia Eagles	0 	0.0 	14 	0.1 	0.3 	2 	0.0 	0.0 	0.0 	0.0 	0.0 	2.3 	RB66		Seattle Seahawks	Los Angeles Rams	0 	0.0 	16 	0.1 	0.3 	2 	0.0 	0.0 	0.0 	0.0 	0.0 	2.5 	RB65		Seattle Seahawks	Carolina Panthers	0 	0.0 	17 	0.1 	0.3 	2 	0.0 	0.0 	0.0 	0.0 	0.0 	2.6 	RB63		Actual	Actual	Actual	Forecast	Forecast	Forecast	Forecast	Forecast	Forecast	Forecast	Forecast	Forecast	Forecast	Forecast	Forecast	Forecast	Forecast		Healthy	Healthy	Healthy	Healthy	Healthy	Healthy	Healthy	Healthy	Healthy	Healthy	Healthy	Healthy	Healthy	Healthy	Healthy	Healthy	Healthy		Week 4 2026	10/3/2026	9:38:40 AM	9		1%	1%	15%	8%	0%	0%		(0.0)	0	0	0	0	0	(0.013713)
	Rashid Shaheed	Seattle Seahawks	WR	WR78	5.1 	82 	0 	0.0 	0.0 	0.0 	4 	0.3 	0.0 	0.0 	31.2 	1.9 	368 	23.0 	2.3 	0.1 	0.0 	0.1 	0.0 	0.201 	1.000 	0.220 	(1)	0.000 	0.000 	201 	144 	(57)	78 	55 	(23)	0.129 				-	-		-	-		-	-		-	-		1.4 	6.9 	3.4 	5.3 	5.5 	5.3 	5.4 	5.5 	5.6 	5.3 	0.0 	5.4 	5.6 	5.4 	5.2 	5.5 	5.3 		WR87	WR44	WR72	WR69	WR69	WR63	WR62	WR66	WR70	WR63	-	WR75	WR67	WR71	WR77	WR75	WR75		WR75	5.4 	0.0 	0.0 	0.0 	0.0 	1.9 	24.2 	0.2 	75 	0.227 	1.000 	0.250 	(1)	0.000 	0.000 	193 	0.147 		70 														WR92	3.9 	0.0 	0.0 	0.0 	0.0 	8.4 	104.9 	0.8 	92 	0.112 	1.000 	0.080 	(1)	0.000 	0.000 	#N/A	0.053 		11.7 																	Seattle Seahawks	New England Patriots	0 	0.0 	0 	0.0 	1.0 	4 	0.0 	0.0 	0.0 	0.0 	0.0 	1.4 	WR87		Seattle Seahawks	Arizona Cardinals	0 	0.0 	4 	0.0 	3.0 	35 	0.0 	0.0 	0.0 	0.0 	0.0 	6.9 	WR44		Seattle Seahawks	Washington Commanders	0 	0.0 	0 	0.0 	2.0 	14 	0.0 	0.0 	0.0 	0.0 	0.0 	3.4 	WR72		Seattle Seahawks	Los Angeles Chargers	0 	0.0 	0 	0.0 	1.9 	24 	0.2 	0.0 	0.0 	0.0 	0.0 	5.3 	WR69		Seattle Seahawks	San Francisco 49ers	0 	0.0 	0 	0.0 	2.0 	25 	0.2 	0.0 	0.0 	0.0 	0.0 	5.5 	WR69		Seattle Seahawks	Denver Broncos	0 	0.0 	0 	0.0 	1.9 	24 	0.2 	0.0 	0.0 	0.0 	0.0 	5.3 	WR63		Seattle Seahawks	Kansas City Chiefs	0 	0.0 	0 	0.0 	2.0 	24 	0.2 	0.0 	0.0 	0.0 	0.0 	5.4 	WR62		Seattle Seahawks	Chicago Bears	0 	0.0 	0 	0.0 	2.0 	25 	0.2 	0.0 	0.0 	0.0 	0.0 	5.5 	WR66		Seattle Seahawks	Arizona Cardinals	0 	0.0 	0 	0.0 	2.0 	25 	0.2 	0.0 	0.0 	0.0 	0.0 	5.6 	WR70		Seattle Seahawks	Las Vegas Raiders	0 	0.0 	0 	0.0 	1.9 	24 	0.2 	0.0 	0.0 	0.0 	0.0 	5.3 	WR63		Seattle Seahawks	BYE	0 	0.0 	0 	0.0 	0.0 	0 	0.0 	0.0 	0.0 	0.0 	0.0 	0.0 	-		Seattle Seahawks	San Francisco 49ers	0 	0.0 	0 	0.0 	1.9 	24 	0.2 	0.0 	0.0 	0.0 	0.0 	5.4 	WR75		Seattle Seahawks	Dallas Cowboys	0 	0.0 	0 	0.0 	2.0 	25 	0.2 	0.0 	0.0 	0.0 	0.0 	5.6 	WR67		Seattle Seahawks	New York Giants	0 	0.0 	0 	0.0 	1.9 	24 	0.2 	0.0 	0.0 	0.0 	0.0 	5.4 	WR71		Seattle Seahawks	Philadelphia Eagles	0 	0.0 	0 	0.0 	1.9 	24 	0.2 	0.0 	0.0 	0.0 	0.0 	5.2 	WR77		Seattle Seahawks	Los Angeles Rams	0 	0.0 	0 	0.0 	2.0 	25 	0.2 	0.0 	0.0 	0.0 	0.0 	5.5 	WR75		Seattle Seahawks	Carolina Panthers	0 	0.0 	0 	0.0 	1.9 	24 	0.2 	0.0 	0.0 	0.0 	0.0 	5.3 	WR75		Actual	Actual	Actual	Forecast	Forecast	Forecast	Forecast	Forecast	Forecast	Forecast	Forecast	Forecast	Forecast	Forecast	Forecast	Forecast	Forecast		Healthy	Healthy	Healthy	Healthy	Healthy	Healthy	Healthy	Healthy	Healthy	Healthy	Healthy	Healthy	Healthy	Healthy	Healthy	Healthy	Healthy		Week 4 2026	10/3/2026	9:38:40 AM	9		10%	10%	0%	0%	0%	0%		0.1 	0	0	0	0	0	0.093689 
	AJ Barner	Seattle Seahawks	TE	TE30	5.9 	94 	0 	0.0 	0.0 	0.0 	1 	0.1 	1.0 	0.1 	36.9 	2.3 	405 	25.3 	1.8 	0.1 	0.0 	0.1 	0.0 	0.231 	0.560 	0.299 	(0)	0.000 	0.000 	188 	208 	20 	30 	24 	(6)	0.154 				-	-		-	-		-	-		-	-		3.3 	7.9 	11.9 	5.3 	5.6 	5.4 	5.5 	5.6 	5.7 	5.4 	0.0 	5.5 	5.6 	5.5 	5.3 	5.5 	5.4 		TE30	TE18	TE11	TE30	TE29	TE27	TE27	TE27	TE30	TE29	-	TE31	TE25	TE29	TE33	TE31	TE32		TE31	5.5 	0.0 	0.0 	0.0 	0.0 	2.2 	24.2 	0.1 	31 	0.230 	0.560 	0.289 	(0)	0.000 	0.000 	192 	0.150 		71 														TE21	7.7 	0.0 	0.0 	0.0 	0.0 	9.6 	104.9 	0.6 	21 	0.222 	0.560 	0.385 	0 	0.015 	0.000 	#N/A	0.194 		23.1 																	Seattle Seahawks	New England Patriots	0 	0.0 	0 	0.0 	2.0 	13 	0.0 	0.0 	0.0 	0.0 	0.0 	3.3 	TE30		Seattle Seahawks	Arizona Cardinals	0 	0.0 	1 	1.0 	1.0 	8 	0.0 	0.0 	0.0 	0.0 	0.0 	7.9 	TE18		Seattle Seahawks	Washington Commanders	0 	0.0 	0 	0.0 	5.0 	69 	0.0 	0.0 	0.0 	0.0 	0.0 	11.9 	TE11		Seattle Seahawks	Los Angeles Chargers	0 	0.0 	0 	0.0 	2.2 	24 	0.1 	0.0 	0.0 	0.0 	0.0 	5.3 	TE30		Seattle Seahawks	San Francisco 49ers	0 	0.0 	0 	0.0 	2.3 	25 	0.1 	0.0 	0.0 	0.0 	0.0 	5.6 	TE29		Seattle Seahawks	Denver Broncos	0 	0.0 	0 	0.0 	2.2 	24 	0.1 	0.0 	0.0 	0.0 	0.0 	5.4 	TE27		Seattle Seahawks	Kansas City Chiefs	0 	0.0 	0 	0.0 	2.2 	24 	0.1 	0.0 	0.0 	0.0 	0.0 	5.5 	TE27		Seattle Seahawks	Chicago Bears	0 	0.0 	0 	0.0 	2.3 	25 	0.1 	0.0 	0.0 	0.0 	0.0 	5.6 	TE27		Seattle Seahawks	Arizona Cardinals	0 	0.0 	0 	0.0 	2.3 	25 	0.2 	0.0 	0.0 	0.0 	0.0 	5.7 	TE30		Seattle Seahawks	Las Vegas Raiders	0 	0.0 	0 	0.0 	2.2 	24 	0.1 	0.0 	0.0 	0.0 	0.0 	5.4 	TE29		Seattle Seahawks	BYE	0 	0.0 	0 	0.0 	0.0 	0 	0.0 	0.0 	0.0 	0.0 	0.0 	0.0 	-		Seattle Seahawks	San Francisco 49ers	0 	0.0 	0 	0.0 	2.2 	24 	0.1 	0.0 	0.0 	0.0 	0.0 	5.5 	TE31		Seattle Seahawks	Dallas Cowboys	0 	0.0 	0 	0.0 	2.3 	25 	0.2 	0.0 	0.0 	0.0 	0.0 	5.6 	TE25		Seattle Seahawks	New York Giants	0 	0.0 	0 	0.0 	2.2 	24 	0.1 	0.0 	0.0 	0.0 	0.0 	5.5 	TE29		Seattle Seahawks	Philadelphia Eagles	0 	0.0 	0 	0.0 	2.2 	24 	0.1 	0.0 	0.0 	0.0 	0.0 	5.3 	TE33		Seattle Seahawks	Los Angeles Rams	0 	0.0 	0 	0.0 	2.2 	25 	0.1 	0.0 	0.0 	0.0 	0.0 	5.5 	TE31		Seattle Seahawks	Carolina Panthers	0 	0.0 	0 	0.0 	2.2 	24 	0.1 	0.0 	0.0 	0.0 	0.0 	5.4 	TE32		Actual	Actual	Actual	Forecast	Forecast	Forecast	Forecast	Forecast	Forecast	Forecast	Forecast	Forecast	Forecast	Forecast	Forecast	Forecast	Forecast		Healthy	Healthy	Healthy	Healthy	Healthy	Healthy	Healthy	Healthy	Healthy	Healthy	Healthy	Healthy	Healthy	Healthy	Healthy	Healthy	Healthy		Week 4 2026	10/3/2026	9:38:40 AM	9		10%	8%	0%	0%	0%	0%		(0.0)	0	0	0	0	0	(0.044142)
	Samaje Perine	Cincinnati Bengals	RB	RB58	3.8 	60 	0 	0.0 	0.0 	0.0 	190 	11.9 	0.8 	0.0 	20.8 	1.3 	154 	9.6 	0.3 	0.0 	0.0 	0.5 	0.0 	0.148 	1.000 	0.289 	(1)	0.000 	0.000 	189 	365 	176 	58 	89 	31 	0.152 																8.0 	3.2 	2.4 	3.6 	3.8 	0.0 	3.3 	3.8 	3.7 	3.5 	3.6 	3.7 	3.5 	3.5 	3.5 	3.6 	3.6 		RB35	RB51	RB51	RB53	RB50	-	RB50	RB46	RB50	RB48	RB45	RB55	RB53	RB55	RB57	RB56	RB55		RB56	3.6 	0.0 	0.0 	11.9 	0.1 	1.2 	7.9 	0.0 	56 	0.151 	1.000 	0.315 	(1)	0.000 	0.000 	184 	0.165 		47 														RB50	4.5 	0.0 	0.0 	51.6 	0.3 	5.3 	34.3 	0.1 	50 	0.131 	1.000 	0.392 	(1)	0.000 	0.000 	#N/A	0.196 		13.6 																	Cincinnati Bengals	Tampa Bay Buccaneers	0 	0.0 	20 	0.0 	3.0 	30 	0.0 	0.0 	0.0 	0.0 	0.0 	8.0 	RB35		Cincinnati Bengals	Houston Texans	0 	0.0 	6 	0.0 	1.0 	16 	0.0 	0.0 	0.0 	0.0 	0.0 	3.2 	RB51		Cincinnati Bengals	Pittsburgh Steelers	0 	0.0 	9 	0.0 	1.0 	5 	0.0 	0.0 	0.0 	0.0 	0.0 	2.4 	RB51		Cincinnati Bengals	Jacksonville Jaguars	0 	0.0 	12 	0.1 	1.2 	8 	0.0 	0.0 	0.0 	0.0 	0.0 	3.6 	RB53		Cincinnati Bengals	Miami Dolphins	0 	0.0 	14 	0.1 	1.2 	8 	0.0 	0.0 	0.0 	0.0 	0.0 	3.8 	RB50		Cincinnati Bengals	BYE	0 	0.0 	0 	0.0 	0.0 	0 	0.0 	0.0 	0.0 	0.0 	0.0 	0.0 	-		Cincinnati Bengals	Baltimore Ravens	0 	0.0 	10 	0.0 	1.2 	8 	0.0 	0.0 	0.0 	0.0 	0.0 	3.3 	RB50		Cincinnati Bengals	Tennessee Titans	0 	0.0 	13 	0.1 	1.2 	8 	0.0 	0.0 	0.0 	0.0 	0.0 	3.8 	RB46		Cincinnati Bengals	Atlanta Falcons	0 	0.0 	12 	0.1 	1.2 	8 	0.0 	0.0 	0.0 	0.0 	0.0 	3.7 	RB50		Cincinnati Bengals	Pittsburgh Steelers	0 	0.0 	11 	0.1 	1.2 	8 	0.0 	0.0 	0.0 	0.0 	0.0 	3.5 	RB48		Cincinnati Bengals	Washington Commanders	0 	0.0 	12 	0.1 	1.2 	8 	0.0 	0.0 	0.0 	0.0 	0.0 	3.6 	RB45		Cincinnati Bengals	New Orleans Saints	0 	0.0 	13 	0.1 	1.2 	8 	0.0 	0.0 	0.0 	0.0 	0.0 	3.7 	RB55		Cincinnati Bengals	Cleveland Browns	0 	0.0 	12 	0.1 	1.2 	8 	0.0 	0.0 	0.0 	0.0 	0.0 	3.5 	RB53		Cincinnati Bengals	Kansas City Chiefs	0 	0.0 	11 	0.1 	1.2 	8 	0.0 	0.0 	0.0 	0.0 	0.0 	3.5 	RB55		Cincinnati Bengals	Carolina Panthers	0 	0.0 	11 	0.1 	1.2 	8 	0.0 	0.0 	0.0 	0.0 	0.0 	3.5 	RB57		Cincinnati Bengals	Indianapolis Colts	0 	0.0 	12 	0.1 	1.2 	8 	0.0 	0.0 	0.0 	0.0 	0.0 	3.6 	RB56		Cincinnati Bengals	Baltimore Ravens	0 	0.0 	12 	0.1 	1.2 	8 	0.0 	0.0 	0.0 	0.0 	0.0 	3.6 	RB55		Actual	Actual	Actual	Forecast	Forecast	Forecast	Forecast	Forecast	Forecast	Forecast	Forecast	Forecast	Forecast	Forecast	Forecast	Forecast	Forecast		Healthy	Healthy	Healthy	Healthy	Healthy	Healthy	Healthy	Healthy	Healthy	Healthy	Healthy	Healthy	Healthy	Healthy	Healthy	Healthy	Healthy		Week 4 2026	10/3/2026	9:38:40 AM	9		3%	1%	12%	9%	0%	0%		(0.0)	0	0	0	0	0	(0.031486)
	Jaylin Noel	Houston Texans	WR	WR77	5.3 	85 	0 	0.0 	0.0 	0.0 	21 	1.3 	0.0 	0.0 	27.4 	1.7 	419 	26.2 	2.3 	0.1 	0.0 	0.1 	0.0 	0.208 	1.000 	0.230 	(1)	0.000 	0.000 	199 	277 	78 	77 	90 	13 	0.135 				-	-		-	-		-	-		-	-		7.3 	5.4 	4.5 	5.6 	5.1 	5.1 	5.4 	0.0 	5.1 	5.0 	5.5 	5.4 	5.1 	5.3 	5.3 	4.8 	5.1 		WR51	WR58	WR62	WR68	WR71	WR64	WR63	-	WR72	WR69	WR63	WR76	WR68	WR72	WR76	WR81	WR78		WR76	5.2 	0.0 	0.0 	0.0 	0.0 	1.7 	24.4 	0.2 	76 	0.219 	1.000 	0.240 	(1)	0.000 	0.000 	196 	0.141 		68 														WR72	5.7 	0.0 	0.0 	0.0 	0.0 	7.5 	105.9 	0.8 	72 	0.165 	1.000 	0.280 	(0)	0.000 	0.000 	#N/A	0.151 		17.2 																	Houston Texans	Buffalo Bills	0 	0.0 	0 	0.0 	2.0 	53 	0.0 	0.0 	0.0 	0.0 	0.0 	7.3 	WR51		Houston Texans	Cincinnati Bengals	0 	0.0 	13 	0.0 	1.0 	31 	0.0 	0.0 	0.0 	0.0 	0.0 	5.4 	WR58		Houston Texans	Indianapolis Colts	0 	0.0 	8 	0.0 	2.0 	17 	0.0 	0.0 	0.0 	0.0 	0.0 	4.5 	WR62		Houston Texans	Dallas Cowboys	0 	0.0 	0 	0.0 	1.8 	26 	0.2 	0.0 	0.0 	0.0 	0.0 	5.6 	WR68		Houston Texans	Tennessee Titans	0 	0.0 	0 	0.0 	1.7 	24 	0.2 	0.0 	0.0 	0.0 	0.0 	5.1 	WR71		Houston Texans	Jacksonville Jaguars	0 	0.0 	0 	0.0 	1.7 	24 	0.2 	0.0 	0.0 	0.0 	0.0 	5.1 	WR64		Houston Texans	New York Giants	0 	0.0 	0 	0.0 	1.7 	25 	0.2 	0.0 	0.0 	0.0 	0.0 	5.4 	WR63		Houston Texans	BYE	0 	0.0 	0 	0.0 	0.0 	0 	0.0 	0.0 	0.0 	0.0 	0.0 	0.0 	-		Houston Texans	Los Angeles Chargers	0 	0.0 	0 	0.0 	1.7 	24 	0.2 	0.0 	0.0 	0.0 	0.0 	5.1 	WR72		Houston Texans	Cleveland Browns	0 	0.0 	0 	0.0 	1.7 	24 	0.2 	0.0 	0.0 	0.0 	0.0 	5.0 	WR69		Houston Texans	Indianapolis Colts	0 	0.0 	0 	0.0 	1.8 	25 	0.2 	0.0 	0.0 	0.0 	0.0 	5.5 	WR63		Houston Texans	Baltimore Ravens	0 	0.0 	0 	0.0 	1.8 	25 	0.2 	0.0 	0.0 	0.0 	0.0 	5.4 	WR76		Houston Texans	Pittsburgh Steelers	0 	0.0 	0 	0.0 	1.7 	24 	0.2 	0.0 	0.0 	0.0 	0.0 	5.1 	WR68		Houston Texans	Washington Commanders	0 	0.0 	0 	0.0 	1.7 	25 	0.2 	0.0 	0.0 	0.0 	0.0 	5.3 	WR72		Houston Texans	Jacksonville Jaguars	0 	0.0 	0 	0.0 	1.8 	25 	0.2 	0.0 	0.0 	0.0 	0.0 	5.3 	WR76		Houston Texans	Philadelphia Eagles	0 	0.0 	0 	0.0 	1.6 	23 	0.1 	0.0 	0.0 	0.0 	0.0 	4.8 	WR81		Houston Texans	Green Bay Packers	0 	0.0 	0 	0.0 	1.7 	24 	0.2 	0.0 	0.0 	0.0 	0.0 	5.1 	WR78		Actual	Actual	Actual	Forecast	Forecast	Forecast	Forecast	Forecast	Forecast	Forecast	Forecast	Forecast	Forecast	Forecast	Forecast	Forecast	Forecast		Healthy	Healthy	Healthy	Healthy	Healthy	Healthy	Healthy	Healthy	Healthy	Healthy	Healthy	Healthy	Healthy	Healthy	Healthy	Healthy	Healthy		Week 4 2026	10/3/2026	9:38:40 AM	9		11%	12%	0%	0%	0%	0%		(0.0)	0	0	0	0	0	(0.009991)
	Terrance Ferguson	Los Angeles Rams	TE	TE33	6.1 	85 	0 	0.0 	0.0 	0.0 	0 	0.0 	0.0 	0.0 	33.4 	2.4 	340 	24.3 	2.9 	0.2 	0.0 	0.1 	0.0 	0.208 	0.560 	0.269 	(0)	0.000 	0.000 	197 	199 	2 	33 	22 	(11)	0.139 																0.0 	17.4 	1.9 	0.0 	5.7 	5.6 	5.3 	5.5 	5.6 	5.4 	0.0 	5.4 	5.4 	5.5 	5.6 	5.3 	5.4 		-	TE8	TE28	-	TE28	TE26	TE28	TE28	TE31	TE27	-	TE32	TE27	TE30	TE31	TE32	TE31		TE33	5.5 	0.0 	0.0 	0.0 	0.0 	2.2 	23.1 	0.2 	33 	0.212 	0.560 	0.269 	(0)	0.000 	0.000 	198 	0.139 		66 														TE28	9.7 	0.0 	0.0 	0.0 	0.0 	13.2 	138.5 	1.0 	28 	0.185 	0.560 	0.318 	(0)	0.000 	0.000 	#N/A	0.155 		19.3 																	Los Angeles Rams	San Francisco 49ers	0 	0.0 	0 	0.0 	0.0 	0 	0.0 	0.0 	0.0 	0.0 	0.0 	0.0 	-		Los Angeles Rams	New York Giants	0 	0.0 	0 	0.0 	6.0 	54 	1.0 	0.0 	0.0 	0.0 	0.0 	17.4 	TE8		Los Angeles Rams	Denver Broncos	0 	0.0 	0 	0.0 	1.0 	9 	0.0 	0.0 	0.0 	0.0 	0.0 	1.9 	TE28		Los Angeles Rams	Philadelphia Eagles	0 	0.0 	0 	0.0 	0.0 	0 	0.0 	0.0 	0.0 	0.0 	0.0 	0.0 	-		Los Angeles Rams	Buffalo Bills	0 	0.0 	0 	0.0 	2.3 	24 	0.2 	0.0 	0.0 	0.0 	0.0 	5.7 	TE28		Los Angeles Rams	Arizona Cardinals	0 	0.0 	0 	0.0 	2.2 	23 	0.2 	0.0 	0.0 	0.0 	0.0 	5.6 	TE26		Los Angeles Rams	Las Vegas Raiders	0 	0.0 	0 	0.0 	2.1 	23 	0.2 	0.0 	0.0 	0.0 	0.0 	5.3 	TE28		Los Angeles Rams	Los Angeles Chargers	0 	0.0 	0 	0.0 	2.2 	23 	0.2 	0.0 	0.0 	0.0 	0.0 	5.5 	TE28		Los Angeles Rams	Washington Commanders	0 	0.0 	0 	0.0 	2.2 	23 	0.2 	0.0 	0.0 	0.0 	0.0 	5.6 	TE31		Los Angeles Rams	Arizona Cardinals	0 	0.0 	0 	0.0 	2.2 	23 	0.2 	0.0 	0.0 	0.0 	0.0 	5.4 	TE27		Los Angeles Rams	BYE	0 	0.0 	0 	0.0 	0.0 	0 	0.0 	0.0 	0.0 	0.0 	0.0 	0.0 	-		Los Angeles Rams	Green Bay Packers	0 	0.0 	0 	0.0 	2.2 	23 	0.2 	0.0 	0.0 	0.0 	0.0 	5.4 	TE32		Los Angeles Rams	Kansas City Chiefs	0 	0.0 	0 	0.0 	2.2 	23 	0.2 	0.0 	0.0 	0.0 	0.0 	5.4 	TE27		Los Angeles Rams	San Francisco 49ers	0 	0.0 	0 	0.0 	2.2 	23 	0.2 	0.0 	0.0 	0.0 	0.0 	5.5 	TE30		Los Angeles Rams	Dallas Cowboys	0 	0.0 	0 	0.0 	2.2 	23 	0.2 	0.0 	0.0 	0.0 	0.0 	5.6 	TE31		Los Angeles Rams	Seattle Seahawks	0 	0.0 	0 	0.0 	2.2 	23 	0.1 	0.0 	0.0 	0.0 	0.0 	5.3 	TE32		Los Angeles Rams	Tampa Bay Buccaneers	0 	0.0 	0 	0.0 	2.2 	23 	0.2 	0.0 	0.0 	0.0 	0.0 	5.4 	TE31		Actual	Actual	Actual	Forecast	Forecast	Forecast	Forecast	Forecast	Forecast	Forecast	Forecast	Forecast	Forecast	Forecast	Forecast	Forecast	Forecast		Healthy	Healthy	Healthy	Injured	Healthy	Healthy	Healthy	Healthy	Healthy	Healthy	Healthy	Healthy	Healthy	Healthy	Healthy	Healthy	Healthy		Week 4 2026	10/3/2026	9:38:40 AM	9		10%	8%	0%	0%	0%	0%		(0.0)	0	0	0	1	0	
	Devin Singletary	New York Giants	RB	RB53	4.3 	64 	0 	0.0 	0.0 	0.0 	180 	12.0 	1.0 	0.1 	20.3 	1.4 	128 	8.5 	1.3 	0.1 	0.0 	0.4 	0.0 	0.158 	1.000 	0.354 	(1)	0.000 	0.000 	171 	260 	89 	53 	71 	18 	0.183 				-	-		-	-		-	-		-	-		13.8 	0.9 	0.0 	3.8 	3.7 	4.0 	3.6 	0.0 	3.6 	4.1 	3.9 	3.9 	3.9 	3.6 	3.9 	3.9 	3.9 		RB19	RB62	-	RB50	RB51	RB48	RB49	-	RB51	RB47	RB43	RB54	RB51	RB53	RB54	RB54	RB54		RB54	3.8 	0.0 	0.0 	12.0 	0.1 	1.3 	8.1 	0.0 	54 	0.160 	1.000 	0.341 	(1)	0.000 	0.000 	177 	0.177 		50 														RB47	7.4 	0.0 	0.0 	77.7 	0.5 	8.1 	53.0 	0.2 	47 	0.141 	1.000 	0.430 	(0)	0.000 	0.000 	#N/A	0.215 		14.7 																	New York Giants	Dallas Cowboys	0 	0.0 	16 	0.0 	4.0 	22 	1.0 	0.0 	0.0 	0.0 	0.0 	13.8 	RB19		New York Giants	Los Angeles Rams	0 	0.0 	9 	0.0 	0.0 	0 	0.0 	0.0 	0.0 	0.0 	0.0 	0.9 	RB62		New York Giants	Tennessee Titans	0 	0.0 	0 	0.0 	0.0 	0 	0.0 	0.0 	0.0 	0.0 	0.0 	0.0 	-		New York Giants	Arizona Cardinals	0 	0.0 	12 	0.1 	1.2 	8 	0.0 	0.0 	0.0 	0.0 	0.0 	3.8 	RB50		New York Giants	Washington Commanders	0 	0.0 	12 	0.1 	1.2 	8 	0.0 	0.0 	0.0 	0.0 	0.0 	3.7 	RB51		New York Giants	New Orleans Saints	0 	0.0 	13 	0.1 	1.2 	8 	0.0 	0.0 	0.0 	0.0 	0.0 	4.0 	RB48		New York Giants	Houston Texans	0 	0.0 	11 	0.1 	1.2 	8 	0.0 	0.0 	0.0 	0.0 	0.0 	3.6 	RB49		New York Giants	BYE	0 	0.0 	0 	0.0 	0.0 	0 	0.0 	0.0 	0.0 	0.0 	0.0 	0.0 	-		New York Giants	Philadelphia Eagles	0 	0.0 	11 	0.1 	1.3 	8 	0.0 	0.0 	0.0 	0.0 	0.0 	3.6 	RB51		New York Giants	Washington Commanders	0 	0.0 	13 	0.1 	1.3 	8 	0.0 	0.0 	0.0 	0.0 	0.0 	4.1 	RB47		New York Giants	Jacksonville Jaguars	0 	0.0 	12 	0.1 	1.3 	8 	0.0 	0.0 	0.0 	0.0 	0.0 	3.9 	RB43		New York Giants	Indianapolis Colts	0 	0.0 	12 	0.1 	1.3 	8 	0.0 	0.0 	0.0 	0.0 	0.0 	3.9 	RB54		New York Giants	San Francisco 49ers	0 	0.0 	12 	0.1 	1.3 	8 	0.0 	0.0 	0.0 	0.0 	0.0 	3.9 	RB51		New York Giants	Seattle Seahawks	0 	0.0 	10 	0.1 	1.3 	8 	0.0 	0.0 	0.0 	0.0 	0.0 	3.6 	RB53		New York Giants	Cleveland Browns	0 	0.0 	13 	0.1 	1.2 	8 	0.0 	0.0 	0.0 	0.0 	0.0 	3.9 	RB54		New York Giants	Detroit Lions	0 	0.0 	12 	0.1 	1.3 	8 	0.0 	0.0 	0.0 	0.0 	0.0 	3.9 	RB54		New York Giants	Dallas Cowboys	0 	0.0 	12 	0.1 	1.3 	8 	0.0 	0.0 	0.0 	0.0 	0.0 	3.9 	RB54		Actual	Actual	Actual	Forecast	Forecast	Forecast	Forecast	Forecast	Forecast	Forecast	Forecast	Forecast	Forecast	Forecast	Forecast	Forecast	Forecast		Healthy	Healthy	Healthy	Healthy	Healthy	Healthy	Healthy	Healthy	Healthy	Healthy	Healthy	Healthy	Healthy	Healthy	Healthy	Healthy	Healthy		Week 4 2026	10/3/2026	9:38:40 AM	9		4%	2%	9%	8%	0%	0%		(0.0)	0	0	0	0	0	(0.037364)
	Keon Coleman	Buffalo Bills	WR	WR76	5.3 	85 	0 	0.0 	0.0 	0.0 	0 	0.0 	0.0 	0.0 	35.3 	2.2 	415 	25.9 	1.4 	0.1 	0.0 	0.1 	0.0 	0.208 	1.000 	0.240 	(1)	0.000 	0.000 	195 	299 	104 	76 	98 	22 	0.139 																1.1 	12.3 	4.7 	5.2 	5.2 	5.0 	0.0 	5.3 	5.2 	5.0 	5.1 	5.3 	5.1 	5.1 	5.4 	5.0 	5.1 		WR90	WR23	WR61	WR71	WR70	WR65	-	WR67	WR71	WR68	WR64	WR77	WR69	WR73	WR75	WR79	WR77		WR77	5.2 	0.0 	0.0 	0.0 	0.0 	2.1 	24.2 	0.1 	77 	0.216 	1.000 	0.230 	(1)	0.000 	0.000 	199 	0.136 		67 														WR70	6.0 	0.0 	0.0 	0.0 	0.0 	9.1 	104.7 	0.5 	70 	0.174 	1.000 	0.300 	(0)	0.000 	0.000 	#N/A	0.161 		18.1 																	Buffalo Bills	Houston Texans	0 	0.0 	0 	0.0 	1.0 	1 	0.0 	0.0 	0.0 	0.0 	0.0 	1.1 	WR90		Buffalo Bills	Detroit Lions	0 	0.0 	0 	0.0 	6.0 	63 	0.0 	0.0 	0.0 	0.0 	0.0 	12.3 	WR23		Buffalo Bills	Los Angeles Chargers	0 	0.0 	0 	0.0 	1.0 	37 	0.0 	0.0 	0.0 	0.0 	0.0 	4.7 	WR61		Buffalo Bills	New England Patriots	0 	0.0 	0 	0.0 	2.1 	24 	0.1 	0.0 	0.0 	0.0 	0.0 	5.2 	WR71		Buffalo Bills	Los Angeles Rams	0 	0.0 	0 	0.0 	2.1 	25 	0.1 	0.0 	0.0 	0.0 	0.0 	5.2 	WR70		Buffalo Bills	Las Vegas Raiders	0 	0.0 	0 	0.0 	2.1 	24 	0.1 	0.0 	0.0 	0.0 	0.0 	5.0 	WR65		Buffalo Bills	BYE	0 	0.0 	0 	0.0 	0.0 	0 	0.0 	0.0 	0.0 	0.0 	0.0 	0.0 	-		Buffalo Bills	Baltimore Ravens	0 	0.0 	0 	0.0 	2.2 	25 	0.1 	0.0 	0.0 	0.0 	0.0 	5.3 	WR67		Buffalo Bills	Minnesota Vikings	0 	0.0 	0 	0.0 	2.1 	24 	0.1 	0.0 	0.0 	0.0 	0.0 	5.2 	WR71		Buffalo Bills	New York Jets	0 	0.0 	0 	0.0 	2.0 	24 	0.1 	0.0 	0.0 	0.0 	0.0 	5.0 	WR68		Buffalo Bills	Miami Dolphins	0 	0.0 	0 	0.0 	2.1 	24 	0.1 	0.0 	0.0 	0.0 	0.0 	5.1 	WR64		Buffalo Bills	Kansas City Chiefs	0 	0.0 	0 	0.0 	2.1 	25 	0.1 	0.0 	0.0 	0.0 	0.0 	5.3 	WR77		Buffalo Bills	New England Patriots	0 	0.0 	0 	0.0 	2.1 	24 	0.1 	0.0 	0.0 	0.0 	0.0 	5.1 	WR69		Buffalo Bills	Green Bay Packers	0 	0.0 	0 	0.0 	2.1 	24 	0.1 	0.0 	0.0 	0.0 	0.0 	5.1 	WR73		Buffalo Bills	Chicago Bears	0 	0.0 	0 	0.0 	2.2 	25 	0.1 	0.0 	0.0 	0.0 	0.0 	5.4 	WR75		Buffalo Bills	Denver Broncos	0 	0.0 	0 	0.0 	2.1 	24 	0.1 	0.0 	0.0 	0.0 	0.0 	5.0 	WR79		Buffalo Bills	Miami Dolphins	0 	0.0 	0 	0.0 	2.1 	24 	0.1 	0.0 	0.0 	0.0 	0.0 	5.1 	WR77		Actual	Actual	Actual	Forecast	Forecast	Forecast	Forecast	Forecast	Forecast	Forecast	Forecast	Forecast	Forecast	Forecast	Forecast	Forecast	Forecast		Healthy	Healthy	Healthy	Healthy	Healthy	Healthy	Healthy	Healthy	Healthy	Healthy	Healthy	Healthy	Healthy	Healthy	Healthy	Healthy	Healthy		Week 4 2026	10/3/2026	9:38:40 AM	9		11%	8%	0%	0%	0%	0%		(0.0)	0	0	0	0	0	(0.025157)
	Darnell Mooney	New York Giants	WR	WR79	5.0 	80 	0 	0.0 	0.0 	0.0 	9 	0.6 	0.0 	0.0 	29.0 	1.8 	413 	25.8 	1.6 	0.1 	0.0 	0.1 	0.0 	0.197 	1.000 	0.210 	(1)	0.000 	0.000 	204 	300 	96 	79 	99 	20 	0.124 																4.7 	6.8 	4.9 	4.8 	4.8 	4.9 	4.8 	0.0 	4.9 	5.0 	5.0 	5.0 	4.9 	5.0 	4.7 	5.1 	5.1 		WR67	WR45	WR60	WR75	WR74	WR66	WR66	-	WR74	WR67	WR65	WR79	WR71	WR74	WR82	WR78	WR76		WR81	4.9 	0.0 	0.0 	0.0 	0.0 	1.8 	24.4 	0.1 	81 	0.207 	1.000 	0.190 	(1)	0.000 	0.000 	208 	0.116 		64 														WR74	5.5 	0.0 	0.0 	0.0 	0.0 	7.7 	105.9 	0.5 	74 	0.158 	1.000 	0.260 	(0)	0.000 	0.000 	#N/A	0.141 		16.4 																	New York Giants	Dallas Cowboys	0 	0.0 	0 	0.0 	2.0 	27 	0.0 	0.0 	0.0 	0.0 	0.0 	4.7 	WR67		New York Giants	Los Angeles Rams	0 	0.0 	0 	0.0 	2.0 	48 	0.0 	0.0 	0.0 	0.0 	0.0 	6.8 	WR45		New York Giants	Tennessee Titans	0 	0.0 	9 	0.0 	2.0 	20 	0.0 	0.0 	0.0 	0.0 	0.0 	4.9 	WR60		New York Giants	Arizona Cardinals	0 	0.0 	0 	0.0 	1.7 	24 	0.1 	0.0 	0.0 	0.0 	0.0 	4.8 	WR75		New York Giants	Washington Commanders	0 	0.0 	0 	0.0 	1.7 	24 	0.1 	0.0 	0.0 	0.0 	0.0 	4.8 	WR74		New York Giants	New Orleans Saints	0 	0.0 	0 	0.0 	1.8 	24 	0.1 	0.0 	0.0 	0.0 	0.0 	4.9 	WR66		New York Giants	Houston Texans	0 	0.0 	0 	0.0 	1.8 	24 	0.1 	0.0 	0.0 	0.0 	0.0 	4.8 	WR66		New York Giants	BYE	0 	0.0 	0 	0.0 	0.0 	0 	0.0 	0.0 	0.0 	0.0 	0.0 	0.0 	-		New York Giants	Philadelphia Eagles	0 	0.0 	0 	0.0 	1.8 	25 	0.1 	0.0 	0.0 	0.0 	0.0 	4.9 	WR74		New York Giants	Washington Commanders	0 	0.0 	0 	0.0 	1.8 	25 	0.1 	0.0 	0.0 	0.0 	0.0 	5.0 	WR67		New York Giants	Jacksonville Jaguars	0 	0.0 	0 	0.0 	1.8 	25 	0.1 	0.0 	0.0 	0.0 	0.0 	5.0 	WR65		New York Giants	Indianapolis Colts	0 	0.0 	0 	0.0 	1.8 	25 	0.1 	0.0 	0.0 	0.0 	0.0 	5.0 	WR79		New York Giants	San Francisco 49ers	0 	0.0 	0 	0.0 	1.8 	24 	0.1 	0.0 	0.0 	0.0 	0.0 	4.9 	WR71		New York Giants	Seattle Seahawks	0 	0.0 	0 	0.0 	1.8 	25 	0.1 	0.0 	0.0 	0.0 	0.0 	5.0 	WR74		New York Giants	Cleveland Browns	0 	0.0 	0 	0.0 	1.7 	23 	0.1 	0.0 	0.0 	0.0 	0.0 	4.7 	WR82		New York Giants	Detroit Lions	0 	0.0 	0 	0.0 	1.8 	25 	0.1 	0.0 	0.0 	0.0 	0.0 	5.1 	WR78		New York Giants	Dallas Cowboys	0 	0.0 	0 	0.0 	1.8 	25 	0.1 	0.0 	0.0 	0.0 	0.0 	5.1 	WR76		Actual	Actual	Actual	Forecast	Forecast	Forecast	Forecast	Forecast	Forecast	Forecast	Forecast	Forecast	Forecast	Forecast	Forecast	Forecast	Forecast		Healthy	Healthy	Healthy	Healthy	Healthy	Healthy	Healthy	Healthy	Healthy	Healthy	Healthy	Healthy	Healthy	Healthy	Healthy	Healthy	Healthy		Week 4 2026	10/3/2026	9:38:40 AM	9		12%	9%	0%	0%	0%	0%		(0.0)	0	0	0	0	0	(0.024141)
	Kendre Miller	New Orleans Saints	RB	RB60	3.7 	56 	0 	0.0 	0.0 	0.0 	297 	19.8 	2.8 	0.2 	7.7 	0.5 	37 	2.5 	0.0 	0.0 	0.0 	0.9 	0.0 	0.137 	1.000 	0.264 	(1)	0.000 	0.000 	196 	325 	129 	60 	82 	22 	0.139 																9.0 	0.0 	3.9 	6.3 	5.5 	5.5 	5.3 	0.0 	2.4 	2.4 	2.0 	2.1 	2.1 	2.2 	2.2 	2.6 	2.3 		RB30	-	RB43	RB39	RB42	RB41	RB41	-	RB61	RB56	RB53	RB67	RB62	RB63	RB69	RB63	RB67		RB60	3.3 	0.0 	0.0 	19.4 	0.1 	0.4 	2.5 	0.0 	60 	0.139 	1.000 	0.264 	(1)	0.000 	0.000 	197 	0.139 		43 														RB53	6.5 	0.0 	0.0 	126.4 	0.9 	2.9 	16.0 	0.0 	53 	0.124 	1.000 	0.354 	(1)	0.000 	0.000 	#N/A	0.178 		12.9 																	New Orleans Saints	Detroit Lions	0 	0.0 	30 	1.0 	0.0 	0 	0.0 	0.0 	0.0 	0.0 	0.0 	9.0 	RB30		New Orleans Saints	Baltimore Ravens	0 	0.0 	0 	0.0 	0.0 	0 	0.0 	0.0 	0.0 	0.0 	0.0 	0.0 	-		New Orleans Saints	Las Vegas Raiders	0 	0.0 	14 	0.0 	2.0 	5 	0.0 	0.0 	0.0 	0.0 	0.0 	3.9 	RB43		New Orleans Saints	Atlanta Falcons	0 	0.0 	41 	0.3 	0.5 	3 	0.0 	0.0 	0.1 	0.0 	0.0 	6.3 	RB39		New Orleans Saints	Minnesota Vikings	0 	0.0 	36 	0.2 	0.4 	2 	0.0 	0.0 	0.1 	0.0 	0.0 	5.5 	RB42		New Orleans Saints	New York Giants	0 	0.0 	36 	0.2 	0.4 	2 	0.0 	0.0 	0.1 	0.0 	0.0 	5.5 	RB41		New Orleans Saints	Pittsburgh Steelers	0 	0.0 	35 	0.2 	0.4 	2 	0.0 	0.0 	0.1 	0.0 	0.0 	5.3 	RB41		New Orleans Saints	BYE	0 	0.0 	0 	0.0 	0.0 	0 	0.0 	0.0 	0.0 	0.0 	0.0 	0.0 	-		New Orleans Saints	Cleveland Browns	0 	0.0 	13 	0.1 	0.4 	2 	0.0 	0.0 	0.0 	0.0 	0.0 	2.4 	RB61		New Orleans Saints	Carolina Panthers	0 	0.0 	13 	0.1 	0.4 	2 	0.0 	0.0 	0.0 	0.0 	0.0 	2.4 	RB56		New Orleans Saints	Chicago Bears	0 	0.0 	10 	0.1 	0.4 	2 	0.0 	0.0 	0.0 	0.0 	0.0 	2.0 	RB53		New Orleans Saints	Cincinnati Bengals	0 	0.0 	10 	0.1 	0.5 	3 	0.0 	0.0 	0.0 	0.0 	0.0 	2.1 	RB67		New Orleans Saints	Green Bay Packers	0 	0.0 	11 	0.1 	0.4 	2 	0.0 	0.0 	0.0 	0.0 	0.0 	2.1 	RB62		New Orleans Saints	Carolina Panthers	0 	0.0 	12 	0.1 	0.4 	2 	0.0 	0.0 	0.0 	0.0 	0.0 	2.2 	RB63		New Orleans Saints	Tampa Bay Buccaneers	0 	0.0 	11 	0.1 	0.4 	2 	0.0 	0.0 	0.0 	0.0 	0.0 	2.2 	RB69		New Orleans Saints	Arizona Cardinals	0 	0.0 	14 	0.1 	0.4 	2 	0.0 	0.0 	0.0 	0.0 	0.0 	2.6 	RB63		New Orleans Saints	Atlanta Falcons	0 	0.0 	12 	0.1 	0.4 	2 	0.0 	0.0 	0.0 	0.0 	0.0 	2.3 	RB67		Actual	Actual	Actual	Forecast	Forecast	Forecast	Forecast	Forecast	Forecast	Forecast	Forecast	Forecast	Forecast	Forecast	Forecast	Forecast	Forecast		Healthy	Healthy	Healthy	Healthy	Healthy	Healthy	Healthy	Healthy	Healthy	Healthy	Healthy	Healthy	Healthy	Healthy	Healthy	Healthy	Healthy		Week 4 2026	10/3/2026	9:38:40 AM	9		1%	0%	13%	14%	0%	0%		(0.0)	0	0	0	0	0	(0.038245)
	Kendrick Bourne	Arizona Cardinals	WR	WR74	5.5 	89 	0 	0.0 	0.0 	0.0 	0 	0.0 	0.0 	0.0 	41.1 	2.6 	376 	23.5 	1.7 	0.1 	0.0 	0.1 	0.0 	0.217 	1.000 	0.260 	(1)	0.000 	0.000 	191 	0 	(191)	74 	0 	(74)	0.150 																15.5 	3.1 	4.2 	5.2 	5.6 	4.9 	5.0 	5.1 	4.8 	5.1 	4.9 	5.2 	5.0 	0.0 	5.0 	5.1 	5.0 		WR17	WR73	WR63	WR70	WR68	WR68	WR65	WR68	WR76	WR66	WR67	WR78	WR70	-	WR80	WR77	WR79		WR78	5.1 	0.0 	0.0 	0.0 	0.0 	2.2 	20.6 	0.1 	78 	0.213 	1.000 	0.220 	(1)	0.000 	0.000 	201 	0.131 		66 														WR51	7.6 	0.0 	0.0 	0.0 	0.0 	9.7 	89.2 	0.6 	51 	0.219 	1.000 	0.490 	(0)	0.000 	0.000 	#N/A	0.253 		22.8 																	Arizona Cardinals	Los Angeles Chargers	0 	0.0 	0 	0.0 	8.0 	75 	0.0 	0.0 	0.0 	0.0 	0.0 	15.5 	WR17		Arizona Cardinals	Seattle Seahawks	0 	0.0 	0 	0.0 	2.0 	11 	0.0 	0.0 	0.0 	0.0 	0.0 	3.1 	WR73		Arizona Cardinals	San Francisco 49ers	0 	0.0 	0 	0.0 	2.0 	22 	0.0 	0.0 	0.0 	0.0 	0.0 	4.2 	WR63		Arizona Cardinals	New York Giants	0 	0.0 	0 	0.0 	2.3 	21 	0.1 	0.0 	0.0 	0.0 	0.0 	5.2 	WR70		Arizona Cardinals	Detroit Lions	0 	0.0 	0 	0.0 	2.4 	22 	0.2 	0.0 	0.0 	0.0 	0.0 	5.6 	WR68		Arizona Cardinals	Los Angeles Rams	0 	0.0 	0 	0.0 	2.2 	20 	0.1 	0.0 	0.0 	0.0 	0.0 	4.9 	WR68		Arizona Cardinals	Denver Broncos	0 	0.0 	0 	0.0 	2.2 	21 	0.1 	0.0 	0.0 	0.0 	0.0 	5.0 	WR65		Arizona Cardinals	Dallas Cowboys	0 	0.0 	0 	0.0 	2.3 	21 	0.1 	0.0 	0.0 	0.0 	0.0 	5.1 	WR68		Arizona Cardinals	Seattle Seahawks	0 	0.0 	0 	0.0 	2.2 	20 	0.1 	0.0 	0.0 	0.0 	0.0 	4.8 	WR76		Arizona Cardinals	Los Angeles Rams	0 	0.0 	0 	0.0 	2.3 	21 	0.1 	0.0 	0.0 	0.0 	0.0 	5.1 	WR66		Arizona Cardinals	Kansas City Chiefs	0 	0.0 	0 	0.0 	2.2 	20 	0.1 	0.0 	0.0 	0.0 	0.0 	4.9 	WR67		Arizona Cardinals	Washington Commanders	0 	0.0 	0 	0.0 	2.3 	21 	0.1 	0.0 	0.0 	0.0 	0.0 	5.2 	WR78		Arizona Cardinals	Philadelphia Eagles	0 	0.0 	0 	0.0 	2.2 	20 	0.1 	0.0 	0.0 	0.0 	0.0 	5.0 	WR70		Arizona Cardinals	BYE	0 	0.0 	0 	0.0 	0.0 	0 	0.0 	0.0 	0.0 	0.0 	0.0 	0.0 	-		Arizona Cardinals	New York Jets	0 	0.0 	0 	0.0 	2.2 	20 	0.1 	0.0 	0.0 	0.0 	0.0 	5.0 	WR80		Arizona Cardinals	New Orleans Saints	0 	0.0 	0 	0.0 	2.3 	21 	0.1 	0.0 	0.0 	0.0 	0.0 	5.1 	WR77		Arizona Cardinals	Las Vegas Raiders	0 	0.0 	0 	0.0 	2.2 	20 	0.1 	0.0 	0.0 	0.0 	0.0 	5.0 	WR79		Actual	Actual	Actual	Forecast	Forecast	Forecast	Forecast	Forecast	Forecast	Forecast	Forecast	Forecast	Forecast	Forecast	Forecast	Forecast	Forecast		Healthy	Healthy	Healthy	Healthy	Healthy	Healthy	Healthy	Healthy	Healthy	Healthy	Healthy	Healthy	Healthy	Healthy	Healthy	Healthy	Healthy		Week 4 2026	10/3/2026	9:38:40 AM	9		9%	9%	0%	0%	0%	0%		(0.1)	0	0	0	0	0	(0.122482)
	Tommy Tremble	Carolina Panthers	TE	TE34	3.5 	56 	0 	0.0 	0.0 	0.0 	0 	0.0 	0.0 	0.0 	25.8 	1.6 	243 	15.2 	1.0 	0.1 	0.0 	0.0 	0.0 	0.137 	0.560 	0.259 	(1)	0.000 	0.000 	203 	391 	188 	34 	52 	18 	0.124 																5.5 	1.4 	7.1 	3.4 	0.0 	3.2 	3.3 	3.2 	3.1 	3.2 	3.3 	3.2 	3.2 	3.3 	3.3 	3.1 	3.2 		TE24	TE33	TE17	TE33	-	TE29	TE30	TE30	TE32	TE30	TE28	TE34	TE29	TE32	TE34	TE34	TE34		TE34	3.2 	0.0 	0.0 	0.0 	0.0 	1.4 	13.3 	0.1 	34 	0.135 	0.560 	0.259 	(1)	0.000 	0.000 	204 	0.124 		42 														TE36	4.7 	0.0 	0.0 	0.0 	0.0 	6.3 	57.7 	0.3 	36 	0.135 	0.560 	0.239 	(1)	0.000 	0.000 	#N/A	0.116 		14.0 																	Carolina Panthers	Chicago Bears	0 	0.0 	0 	0.0 	3.0 	25 	0.0 	0.0 	0.0 	0.0 	0.0 	5.5 	TE24		Carolina Panthers	Atlanta Falcons	0 	0.0 	0 	0.0 	1.0 	4 	0.0 	0.0 	0.0 	0.0 	0.0 	1.4 	TE33		Carolina Panthers	Cleveland Browns	0 	0.0 	0 	0.0 	3.0 	41 	0.0 	0.0 	0.0 	0.0 	0.0 	7.1 	TE17		Carolina Panthers	Detroit Lions	0 	0.0 	0 	0.0 	1.5 	14 	0.1 	0.0 	0.0 	0.0 	0.0 	3.4 	TE33		Carolina Panthers	BYE	0 	0.0 	0 	0.0 	0.0 	0 	0.0 	0.0 	0.0 	0.0 	0.0 	0.0 	-		Carolina Panthers	Philadelphia Eagles	0 	0.0 	0 	0.0 	1.4 	13 	0.1 	0.0 	0.0 	0.0 	0.0 	3.2 	TE29		Carolina Panthers	Tampa Bay Buccaneers	0 	0.0 	0 	0.0 	1.5 	13 	0.1 	0.0 	0.0 	0.0 	0.0 	3.3 	TE30		Carolina Panthers	Green Bay Packers	0 	0.0 	0 	0.0 	1.5 	13 	0.1 	0.0 	0.0 	0.0 	0.0 	3.2 	TE30		Carolina Panthers	Denver Broncos	0 	0.0 	0 	0.0 	1.4 	13 	0.1 	0.0 	0.0 	0.0 	0.0 	3.1 	TE32		Carolina Panthers	New Orleans Saints	0 	0.0 	0 	0.0 	1.4 	13 	0.1 	0.0 	0.0 	0.0 	0.0 	3.2 	TE30		Carolina Panthers	Baltimore Ravens	0 	0.0 	0 	0.0 	1.5 	13 	0.1 	0.0 	0.0 	0.0 	0.0 	3.3 	TE28		Carolina Panthers	Tampa Bay Buccaneers	0 	0.0 	0 	0.0 	1.5 	13 	0.1 	0.0 	0.0 	0.0 	0.0 	3.2 	TE34		Carolina Panthers	Minnesota Vikings	0 	0.0 	0 	0.0 	1.4 	13 	0.1 	0.0 	0.0 	0.0 	0.0 	3.2 	TE29		Carolina Panthers	New Orleans Saints	0 	0.0 	0 	0.0 	1.4 	13 	0.1 	0.0 	0.0 	0.0 	0.0 	3.3 	TE32		Carolina Panthers	Cincinnati Bengals	0 	0.0 	0 	0.0 	1.5 	14 	0.1 	0.0 	0.0 	0.0 	0.0 	3.3 	TE34		Carolina Panthers	Pittsburgh Steelers	0 	0.0 	0 	0.0 	1.4 	13 	0.1 	0.0 	0.0 	0.0 	0.0 	3.1 	TE34		Carolina Panthers	Seattle Seahawks	0 	0.0 	0 	0.0 	1.4 	13 	0.1 	0.0 	0.0 	0.0 	0.0 	3.2 	TE34		Actual	Actual	Actual	Forecast	Forecast	Forecast	Forecast	Forecast	Forecast	Forecast	Forecast	Forecast	Forecast	Forecast	Forecast	Forecast	Forecast		Healthy	Healthy	Healthy	Healthy	Healthy	Healthy	Healthy	Healthy	Healthy	Healthy	Healthy	Healthy	Healthy	Healthy	Healthy	Healthy	Healthy		Week 4 2026	10/3/2026	9:38:40 AM	9		6%	5%	0%	0%	0%	0%		0.0 	0	0	0	0	0	0.008139 
	Mike Washington Jr.	Las Vegas Raiders	RB	RB61	3.4 	55 	0 	0.0 	0.0 	0.0 	347 	21.7 	2.2 	0.1 	4.1 	0.3 	29 	1.8 	0.2 	0.0 	0.0 	0.7 	0.0 	0.134 	1.000 	0.251 	(1)	0.000 	0.000 	200 	129 	(71)	61 	43 	(18)	0.133 				-	-		-	-		-	-		-	-		4.1 	0.7 	11.4 	3.1 	3.0 	2.9 	2.8 	3.1 	2.7 	2.8 	2.6 	3.0 	0.0 	2.8 	2.9 	3.4 	3.4 		RB46	RB63	RB19	RB54	RB55	RB51	RB52	RB52	RB57	RB54	RB50	RB60	-	RB58	RB62	RB59	RB57		RB62	3.0 	0.0 	0.0 	18.8 	0.1 	0.3 	2.2 	0.0 	62 	0.124 	1.000 	0.238 	(1)	0.000 	0.000 	203 	0.126 		38 														RB41	5.4 	0.0 	0.0 	81.7 	0.4 	1.4 	9.6 	0.1 	41 	0.156 	1.000 	0.506 	(0)	0.000 	0.000 	#N/A	0.251 		16.2 																	Las Vegas Raiders	Miami Dolphins	0 	0.0 	41 	0.0 	0.0 	0 	0.0 	0.0 	0.0 	0.0 	0.0 	4.1 	RB46		Las Vegas Raiders	Los Angeles Chargers	0 	0.0 	7 	0.0 	0.0 	0 	0.0 	0.0 	0.0 	0.0 	0.0 	0.7 	RB63		Las Vegas Raiders	New Orleans Saints	0 	0.0 	54 	1.0 	0.0 	0 	0.0 	0.0 	0.0 	0.0 	0.0 	11.4 	RB19		Las Vegas Raiders	Kansas City Chiefs	0 	0.0 	20 	0.1 	0.3 	2 	0.0 	0.0 	0.1 	0.0 	0.0 	3.1 	RB54		Las Vegas Raiders	New England Patriots	0 	0.0 	19 	0.1 	0.3 	2 	0.0 	0.0 	0.1 	0.0 	0.0 	3.0 	RB55		Las Vegas Raiders	Buffalo Bills	0 	0.0 	18 	0.1 	0.3 	2 	0.0 	0.0 	0.1 	0.0 	0.0 	2.9 	RB51		Las Vegas Raiders	Los Angeles Rams	0 	0.0 	17 	0.1 	0.3 	2 	0.0 	0.0 	0.1 	0.0 	0.0 	2.8 	RB52		Las Vegas Raiders	New York Jets	0 	0.0 	20 	0.1 	0.3 	2 	0.0 	0.0 	0.1 	0.0 	0.0 	3.1 	RB52		Las Vegas Raiders	San Francisco 49ers	0 	0.0 	17 	0.1 	0.3 	2 	0.0 	0.0 	0.1 	0.0 	0.0 	2.7 	RB57		Las Vegas Raiders	Seattle Seahawks	0 	0.0 	18 	0.1 	0.3 	2 	0.0 	0.0 	0.1 	0.0 	0.0 	2.8 	RB54		Las Vegas Raiders	Denver Broncos	0 	0.0 	16 	0.1 	0.3 	2 	0.0 	0.0 	0.1 	0.0 	0.0 	2.6 	RB50		Las Vegas Raiders	Cleveland Browns	0 	0.0 	20 	0.1 	0.3 	2 	0.0 	0.0 	0.1 	0.0 	0.0 	3.0 	RB60		Las Vegas Raiders	BYE	0 	0.0 	0 	0.0 	0.0 	0 	0.0 	0.0 	0.0 	0.0 	0.0 	0.0 	-		Las Vegas Raiders	Los Angeles Chargers	0 	0.0 	18 	0.1 	0.3 	2 	0.0 	0.0 	0.1 	0.0 	0.0 	2.8 	RB58		Las Vegas Raiders	Denver Broncos	0 	0.0 	19 	0.1 	0.3 	2 	0.0 	0.0 	0.1 	0.0 	0.0 	2.9 	RB62		Las Vegas Raiders	Tennessee Titans	0 	0.0 	22 	0.1 	0.3 	2 	0.0 	0.0 	0.1 	0.0 	0.0 	3.4 	RB59		Las Vegas Raiders	Arizona Cardinals	0 	0.0 	22 	0.1 	0.3 	2 	0.0 	0.0 	0.1 	0.0 	0.0 	3.4 	RB57		Actual	Actual	Actual	Forecast	Forecast	Forecast	Forecast	Forecast	Forecast	Forecast	Forecast	Forecast	Forecast	Forecast	Forecast	Forecast	Forecast		Healthy	Healthy	Healthy	Healthy	Healthy	Healthy	Healthy	Healthy	Healthy	Healthy	Healthy	Healthy	Healthy	Healthy	Healthy	Healthy	Healthy		Week 4 2026	10/3/2026	9:38:40 AM	9		1%	1%	18%	15%	0%	0%		(0.1)	0	0	0	0	0	(0.125515)
	Kayshon Boutte	Houston Texans	WR	WR82	4.6 	74 	0 	0.0 	0.0 	0.0 	0 	0.0 	0.0 	0.0 	24.6 	1.5 	368 	23.0 	2.1 	0.1 	0.0 	0.1 	0.0 	0.181 	1.000 	0.180 	(1)	0.000 	0.000 	212 	196 	(16)	82 	64 	(18)	0.108 				-	-		-	-		-	-		-	-		3.1 	6.7 	4.1 	5.0 	4.5 	4.5 	4.7 	0.0 	4.5 	4.4 	4.8 	4.8 	4.5 	4.7 	4.7 	4.2 	4.5 		WR79	WR47	WR65	WR74	WR76	WR71	WR68	-	WR78	WR70	WR68	WR82	WR73	WR76	WR81	WR84	WR82		WR82	4.6 	0.0 	0.0 	0.0 	0.0 	1.4 	22.2 	0.2 	82 	0.194 	1.000 	0.180 	(1)	0.000 	0.000 	210 	0.110 		60 														WR83	4.6 	0.0 	0.0 	0.0 	0.0 	6.2 	96.3 	0.7 	83 	0.134 	1.000 	0.170 	(1)	0.000 	0.000 	#N/A	0.097 		13.9 																	Houston Texans	Buffalo Bills	0 	0.0 	0 	0.0 	1.0 	21 	0.0 	0.0 	0.0 	0.0 	0.0 	3.1 	WR79		Houston Texans	Cincinnati Bengals	0 	0.0 	0 	0.0 	3.0 	37 	0.0 	0.0 	0.0 	0.0 	0.0 	6.7 	WR47		Houston Texans	Indianapolis Colts	0 	0.0 	0 	0.0 	2.0 	21 	0.0 	0.0 	0.0 	0.0 	0.0 	4.1 	WR65		Houston Texans	Dallas Cowboys	0 	0.0 	0 	0.0 	1.5 	24 	0.2 	0.0 	0.0 	0.0 	0.0 	5.0 	WR74		Houston Texans	Tennessee Titans	0 	0.0 	0 	0.0 	1.4 	22 	0.2 	0.0 	0.0 	0.0 	0.0 	4.5 	WR76		Houston Texans	Jacksonville Jaguars	0 	0.0 	0 	0.0 	1.4 	22 	0.2 	0.0 	0.0 	0.0 	0.0 	4.5 	WR71		Houston Texans	New York Giants	0 	0.0 	0 	0.0 	1.5 	23 	0.2 	0.0 	0.0 	0.0 	0.0 	4.7 	WR68		Houston Texans	BYE	0 	0.0 	0 	0.0 	0.0 	0 	0.0 	0.0 	0.0 	0.0 	0.0 	0.0 	-		Houston Texans	Los Angeles Chargers	0 	0.0 	0 	0.0 	1.4 	22 	0.2 	0.0 	0.0 	0.0 	0.0 	4.5 	WR78		Houston Texans	Cleveland Browns	0 	0.0 	0 	0.0 	1.4 	21 	0.2 	0.0 	0.0 	0.0 	0.0 	4.4 	WR70		Houston Texans	Indianapolis Colts	0 	0.0 	0 	0.0 	1.5 	23 	0.2 	0.0 	0.0 	0.0 	0.0 	4.8 	WR68		Houston Texans	Baltimore Ravens	0 	0.0 	0 	0.0 	1.5 	23 	0.2 	0.0 	0.0 	0.0 	0.0 	4.8 	WR82		Houston Texans	Pittsburgh Steelers	0 	0.0 	0 	0.0 	1.4 	22 	0.2 	0.0 	0.0 	0.0 	0.0 	4.5 	WR73		Houston Texans	Washington Commanders	0 	0.0 	0 	0.0 	1.5 	23 	0.2 	0.0 	0.0 	0.0 	0.0 	4.7 	WR76		Houston Texans	Jacksonville Jaguars	0 	0.0 	0 	0.0 	1.5 	23 	0.2 	0.0 	0.0 	0.0 	0.0 	4.7 	WR81		Houston Texans	Philadelphia Eagles	0 	0.0 	0 	0.0 	1.4 	21 	0.1 	0.0 	0.0 	0.0 	0.0 	4.2 	WR84		Houston Texans	Green Bay Packers	0 	0.0 	0 	0.0 	1.4 	22 	0.1 	0.0 	0.0 	0.0 	0.0 	4.5 	WR82		Actual	Actual	Actual	Forecast	Forecast	Forecast	Forecast	Forecast	Forecast	Forecast	Forecast	Forecast	Forecast	Forecast	Forecast	Forecast	Forecast		Healthy	Healthy	Healthy	Healthy	Healthy	Healthy	Healthy	Healthy	Healthy	Healthy	Healthy	Healthy	Healthy	Healthy	Healthy	Healthy	Healthy		Week 4 2026	10/3/2026	9:38:40 AM	9		10%	11%	0%	0%	0%	0%		0.0 	0	0	0	0	0	0.013508 
	Colby Parkinson	Los Angeles Rams	TE	TE35	2.8 	42 	0 	0.0 	0.0 	0.0 	0 	0.0 	0.0 	0.0 	18.7 	1.2 	170 	11.3 	1.0 	0.1 	0.0 	0.0 	0.0 	0.103 	0.560 	0.249 	(1)	0.000 	0.000 	209 	312 	103 	35 	36 	1 	0.115 																1.6 	3.5 	0.0 	2.6 	2.9 	2.9 	2.8 	2.9 	2.9 	2.8 	0.0 	2.8 	2.8 	2.9 	2.9 	2.8 	2.8 		TE36	TE26	-	TE34	TE31	TE30	TE31	TE31	TE33	TE31	-	TE35	TE30	TE33	TE35	TE35	TE35		TE35	2.8 	0.0 	0.0 	0.0 	0.0 	1.2 	11.5 	0.1 	35 	0.119 	0.560 	0.249 	(1)	0.000 	0.000 	207 	0.117 		37 														TE57	2.6 	0.0 	0.0 	0.0 	0.0 	7.8 	74.5 	0.5 	57 	0.049 	0.560 	0.020 	(1)	0.000 	0.000 	#N/A	0.015 		5.1 																	Los Angeles Rams	San Francisco 49ers	0 	0.0 	0 	0.0 	1.0 	6 	0.0 	0.0 	0.0 	0.0 	0.0 	1.6 	TE36		Los Angeles Rams	New York Giants	0 	0.0 	0 	0.0 	2.0 	15 	0.0 	0.0 	0.0 	0.0 	0.0 	3.5 	TE26		Los Angeles Rams	Denver Broncos	0 	0.0 	0 	0.0 	0.0 	0 	0.0 	0.0 	0.0 	0.0 	0.0 	0.0 	-		Los Angeles Rams	Philadelphia Eagles	0 	0.0 	0 	0.0 	1.1 	11 	0.1 	0.0 	0.0 	0.0 	0.0 	2.6 	TE34		Los Angeles Rams	Buffalo Bills	0 	0.0 	0 	0.0 	1.3 	12 	0.1 	0.0 	0.0 	0.0 	0.0 	2.9 	TE31		Los Angeles Rams	Arizona Cardinals	0 	0.0 	0 	0.0 	1.2 	12 	0.1 	0.0 	0.0 	0.0 	0.0 	2.9 	TE30		Los Angeles Rams	Las Vegas Raiders	0 	0.0 	0 	0.0 	1.2 	11 	0.1 	0.0 	0.0 	0.0 	0.0 	2.8 	TE31		Los Angeles Rams	Los Angeles Chargers	0 	0.0 	0 	0.0 	1.2 	12 	0.1 	0.0 	0.0 	0.0 	0.0 	2.9 	TE31		Los Angeles Rams	Washington Commanders	0 	0.0 	0 	0.0 	1.2 	12 	0.1 	0.0 	0.0 	0.0 	0.0 	2.9 	TE33		Los Angeles Rams	Arizona Cardinals	0 	0.0 	0 	0.0 	1.2 	11 	0.1 	0.0 	0.0 	0.0 	0.0 	2.8 	TE31		Los Angeles Rams	BYE	0 	0.0 	0 	0.0 	0.0 	0 	0.0 	0.0 	0.0 	0.0 	0.0 	0.0 	-		Los Angeles Rams	Green Bay Packers	0 	0.0 	0 	0.0 	1.2 	11 	0.1 	0.0 	0.0 	0.0 	0.0 	2.8 	TE35		Los Angeles Rams	Kansas City Chiefs	0 	0.0 	0 	0.0 	1.2 	11 	0.1 	0.0 	0.0 	0.0 	0.0 	2.8 	TE30		Los Angeles Rams	San Francisco 49ers	0 	0.0 	0 	0.0 	1.2 	12 	0.1 	0.0 	0.0 	0.0 	0.0 	2.9 	TE33		Los Angeles Rams	Dallas Cowboys	0 	0.0 	0 	0.0 	1.2 	12 	0.1 	0.0 	0.0 	0.0 	0.0 	2.9 	TE35		Los Angeles Rams	Seattle Seahawks	0 	0.0 	0 	0.0 	1.2 	11 	0.1 	0.0 	0.0 	0.0 	0.0 	2.8 	TE35		Los Angeles Rams	Tampa Bay Buccaneers	0 	0.0 	0 	0.0 	1.2 	11 	0.1 	0.0 	0.0 	0.0 	0.0 	2.8 	TE35		Actual	Actual	Actual	Forecast	Forecast	Forecast	Forecast	Forecast	Forecast	Forecast	Forecast	Forecast	Forecast	Forecast	Forecast	Forecast	Forecast		Healthy	Healthy	Healthy	Limited / Handicapped	Healthy	Healthy	Healthy	Healthy	Healthy	Healthy	Healthy	Healthy	Healthy	Healthy	Healthy	Healthy	Healthy		Week 4 2026	10/3/2026	9:38:40 AM	9		5%	4%	0%	0%	0%	0%		0.1 	0	0	0	0	0	0.101946 
	Chris Brooks	Green Bay Packers	RB	RB65	2.8 	45 	0 	0.0 	0.0 	0.0 	239 	14.9 	1.7 	0.1 	5.6 	0.4 	51 	3.2 	0.2 	0.0 	0.0 	0.6 	0.0 	0.110 	1.000 	0.199 	(1)	0.000 	0.000 	213 	273 	60 	65 	76 	11 	0.106 				-	-		-	-		-	-		-	-		2.9 	3.6 	1.4 	4.7 	5.0 	5.5 	4.8 	2.0 	1.7 	1.9 	0.0 	1.7 	1.9 	1.9 	2.2 	1.7 	1.8 		RB53	RB48	RB56	RB46	RB45	RB42	RB45	RB58	RB64	RB60	-	RB70	RB63	RB67	RB70	RB70	RB70		RB63	2.8 	0.0 	0.0 	15.3 	0.1 	0.3 	2.5 	0.0 	63 	0.119 	1.000 	0.225 	(1)	0.000 	0.000 	206 	0.119 		37 														RB66	2.6 	0.0 	0.0 	66.3 	0.6 	1.2 	10.7 	0.1 	66 	0.076 	1.000 	0.186 	(1)	0.000 	0.000 	#N/A	0.095 		7.9 																	Green Bay Packers	Minnesota Vikings	0 	0.0 	29 	0.0 	0.0 	0 	0.0 	0.0 	0.0 	0.0 	0.0 	2.9 	RB53		Green Bay Packers	New York Jets	0 	0.0 	11 	0.0 	1.0 	15 	0.0 	0.0 	0.0 	0.0 	0.0 	3.6 	RB48		Green Bay Packers	Atlanta Falcons	0 	0.0 	0 	0.0 	1.0 	4 	0.0 	0.0 	0.0 	0.0 	0.0 	1.4 	RB56		Green Bay Packers	Tampa Bay Buccaneers	0 	0.0 	30 	0.2 	0.3 	2 	0.0 	0.0 	0.1 	0.0 	0.0 	4.7 	RB46		Green Bay Packers	Chicago Bears	0 	0.0 	31 	0.3 	0.3 	2 	0.0 	0.0 	0.1 	0.0 	0.0 	5.0 	RB45		Green Bay Packers	Dallas Cowboys	0 	0.0 	33 	0.3 	0.3 	3 	0.0 	0.0 	0.1 	0.0 	0.0 	5.5 	RB42		Green Bay Packers	Detroit Lions	0 	0.0 	29 	0.2 	0.3 	3 	0.0 	0.0 	0.1 	0.0 	0.0 	4.8 	RB45		Green Bay Packers	Carolina Panthers	0 	0.0 	9 	0.1 	0.3 	2 	0.0 	0.0 	0.0 	0.0 	0.0 	2.0 	RB58		Green Bay Packers	New England Patriots	0 	0.0 	8 	0.1 	0.3 	2 	0.0 	0.0 	0.0 	0.0 	0.0 	1.7 	RB64		Green Bay Packers	Minnesota Vikings	0 	0.0 	9 	0.1 	0.3 	2 	0.0 	0.0 	0.0 	0.0 	0.0 	1.9 	RB60		Green Bay Packers	BYE	0 	0.0 	0 	0.0 	0.0 	0 	0.0 	0.0 	0.0 	0.0 	0.0 	0.0 	-		Green Bay Packers	Los Angeles Rams	0 	0.0 	7 	0.1 	0.3 	2 	0.0 	0.0 	0.0 	0.0 	0.0 	1.7 	RB70		Green Bay Packers	New Orleans Saints	0 	0.0 	9 	0.1 	0.3 	2 	0.0 	0.0 	0.0 	0.0 	0.0 	1.9 	RB63		Green Bay Packers	Buffalo Bills	0 	0.0 	8 	0.1 	0.3 	3 	0.0 	0.0 	0.0 	0.0 	0.0 	1.9 	RB67		Green Bay Packers	Miami Dolphins	0 	0.0 	10 	0.1 	0.3 	2 	0.0 	0.0 	0.0 	0.0 	0.0 	2.2 	RB70		Green Bay Packers	Chicago Bears	0 	0.0 	8 	0.1 	0.3 	2 	0.0 	0.0 	0.0 	0.0 	0.0 	1.7 	RB70		Green Bay Packers	Houston Texans	0 	0.0 	8 	0.1 	0.3 	2 	0.0 	0.0 	0.0 	0.0 	0.0 	1.8 	RB70		Actual	Actual	Actual	Forecast	Forecast	Forecast	Forecast	Forecast	Forecast	Forecast	Forecast	Forecast	Forecast	Forecast	Forecast	Forecast	Forecast		Healthy	Healthy	Healthy	Healthy	Healthy	Healthy	Healthy	Healthy	Healthy	Healthy	Healthy	Healthy	Healthy	Healthy	Healthy	Healthy	Healthy		Week 4 2026	10/3/2026	9:38:40 AM	9		1%	1%	8%	8%	0%	0%		0.0 	0	0	0	0	0	0.023917 
	Ryan Flournoy	Dallas Cowboys	WR	WR80	5.0 	80 	0 	0.0 	0.0 	0.0 	0 	0.0 	0.0 	0.0 	37.0 	2.3 	333 	20.8 	1.7 	0.1 	0.0 	0.1 	0.0 	0.197 	1.000 	0.200 	(1)	0.000 	0.000 	206 	233 	27 	80 	76 	(4)	0.119 																4.2 	7.3 	4.2 	4.8 	4.9 	4.9 	4.8 	5.0 	5.1 	5.1 	4.9 	5.0 	4.8 	0.0 	5.0 	5.1 	5.0 		WR72	WR40	WR63	WR76	WR73	WR67	WR67	WR70	WR73	WR65	WR66	WR80	WR72	-	WR78	WR76	WR80		WR79	5.0 	0.0 	0.0 	0.0 	0.0 	2.2 	20.5 	0.1 	79 	0.208 	1.000 	0.210 	(1)	0.000 	0.000 	202 	0.126 		65 														WR78	5.2 	0.0 	0.0 	0.0 	0.0 	9.3 	88.8 	0.6 	78 	0.151 	1.000 	0.220 	(0)	0.000 	0.000 	#N/A	0.122 		15.7 																	Dallas Cowboys	New York Giants	0 	0.0 	0 	0.0 	2.0 	22 	0.0 	0.0 	0.0 	0.0 	0.0 	4.2 	WR72		Dallas Cowboys	Washington Commanders	0 	0.0 	0 	0.0 	5.0 	23 	0.0 	0.0 	0.0 	0.0 	0.0 	7.3 	WR40		Dallas Cowboys	Baltimore Ravens	0 	0.0 	0 	0.0 	2.0 	22 	0.0 	0.0 	0.0 	0.0 	0.0 	4.2 	WR63		Dallas Cowboys	Houston Texans	0 	0.0 	0 	0.0 	2.1 	20 	0.1 	0.0 	0.0 	0.0 	0.0 	4.8 	WR76		Dallas Cowboys	Tampa Bay Buccaneers	0 	0.0 	0 	0.0 	2.1 	20 	0.1 	0.0 	0.0 	0.0 	0.0 	4.9 	WR73		Dallas Cowboys	Green Bay Packers	0 	0.0 	0 	0.0 	2.2 	21 	0.1 	0.0 	0.0 	0.0 	0.0 	4.9 	WR67		Dallas Cowboys	Philadelphia Eagles	0 	0.0 	0 	0.0 	2.1 	20 	0.1 	0.0 	0.0 	0.0 	0.0 	4.8 	WR67		Dallas Cowboys	Arizona Cardinals	0 	0.0 	0 	0.0 	2.1 	20 	0.1 	0.0 	0.0 	0.0 	0.0 	5.0 	WR70		Dallas Cowboys	Indianapolis Colts	0 	0.0 	0 	0.0 	2.2 	21 	0.1 	0.0 	0.0 	0.0 	0.0 	5.1 	WR73		Dallas Cowboys	San Francisco 49ers	0 	0.0 	0 	0.0 	2.2 	21 	0.1 	0.0 	0.0 	0.0 	0.0 	5.1 	WR65		Dallas Cowboys	Tennessee Titans	0 	0.0 	0 	0.0 	2.1 	20 	0.1 	0.0 	0.0 	0.0 	0.0 	4.9 	WR66		Dallas Cowboys	Philadelphia Eagles	0 	0.0 	0 	0.0 	2.2 	20 	0.1 	0.0 	0.0 	0.0 	0.0 	5.0 	WR80		Dallas Cowboys	Seattle Seahawks	0 	0.0 	0 	0.0 	2.1 	20 	0.1 	0.0 	0.0 	0.0 	0.0 	4.8 	WR72		Dallas Cowboys	BYE	0 	0.0 	0 	0.0 	0.0 	0 	0.0 	0.0 	0.0 	0.0 	0.0 	0.0 	-		Dallas Cowboys	Los Angeles Rams	0 	0.0 	0 	0.0 	2.2 	21 	0.1 	0.0 	0.0 	0.0 	0.0 	5.0 	WR78		Dallas Cowboys	Jacksonville Jaguars	0 	0.0 	0 	0.0 	2.2 	21 	0.1 	0.0 	0.0 	0.0 	0.0 	5.1 	WR76		Dallas Cowboys	New York Giants	0 	0.0 	0 	0.0 	2.2 	21 	0.1 	0.0 	0.0 	0.0 	0.0 	5.0 	WR80		Actual	Actual	Actual	Forecast	Forecast	Forecast	Forecast	Forecast	Forecast	Forecast	Forecast	Forecast	Forecast	Forecast	Forecast	Forecast	Forecast		Healthy	Healthy	Healthy	Healthy	Healthy	Healthy	Healthy	Healthy	Healthy	Healthy	Healthy	Healthy	Healthy	Healthy	Healthy	Healthy	Healthy		Week 4 2026	10/3/2026	9:38:40 AM	9		8%	7%	0%	0%	0%	0%		0.0 	0	0	0	0	0	0.004102 
	Tank Bigsby	Philadelphia Eagles	RB	RB64	2.8 	45 	0 	0.0 	0.0 	0.0 	246 	15.4 	2.3 	0.1 	5.6 	0.3 	38 	2.3 	0.0 	0.0 	0.0 	1.5 	0.0 	0.110 	1.000 	0.212 	(1)	0.000 	0.000 	210 	165 	(45)	64 	53 	(11)	0.112 																0.3 	11.8 	(0.5)	2.2 	2.3 	2.8 	2.7 	2.6 	2.7 	0.0 	2.6 	2.5 	2.9 	2.8 	2.5 	2.3 	2.4 		RB59	RB18	RB77	RB57	RB58	RB52	RB53	RB54	RB58	-	RB47	RB65	RB56	RB61	RB64	RB68	RB66		RB64	2.6 	0.0 	0.0 	16.2 	0.1 	0.2 	2.1 	0.0 	64 	0.107 	1.000 	0.212 	(1)	0.000 	0.000 	209 	0.112 		33 														RB57	5.8 	0.0 	0.0 	105.1 	0.7 	1.3 	13.8 	0.0 	57 	0.111 	1.000 	0.302 	(1)	0.000 	0.000 	#N/A	0.153 		11.6 																	Philadelphia Eagles	Washington Commanders	0 	0.0 	3 	0.0 	0.0 	0 	0.0 	0.0 	0.0 	0.0 	0.0 	0.3 	RB59		Philadelphia Eagles	Tennessee Titans	0 	0.0 	33 	1.0 	2.0 	5 	0.0 	0.0 	0.0 	0.0 	0.0 	11.8 	RB18		Philadelphia Eagles	Chicago Bears	0 	0.0 	0 	0.0 	1.0 	5 	0.0 	0.0 	1.0 	0.0 	0.0 	(0.5)	RB77		Philadelphia Eagles	Los Angeles Rams	0 	0.0 	14 	0.1 	0.2 	2 	0.0 	0.0 	0.0 	0.0 	0.0 	2.2 	RB57		Philadelphia Eagles	Jacksonville Jaguars	0 	0.0 	15 	0.1 	0.2 	2 	0.0 	0.0 	0.0 	0.0 	0.0 	2.3 	RB58		Philadelphia Eagles	Carolina Panthers	0 	0.0 	18 	0.1 	0.2 	2 	0.0 	0.0 	0.0 	0.0 	0.0 	2.8 	RB52		Philadelphia Eagles	Dallas Cowboys	0 	0.0 	17 	0.1 	0.2 	2 	0.0 	0.0 	0.0 	0.0 	0.0 	2.7 	RB53		Philadelphia Eagles	Washington Commanders	0 	0.0 	16 	0.1 	0.2 	2 	0.0 	0.0 	0.0 	0.0 	0.0 	2.6 	RB54		Philadelphia Eagles	New York Giants	0 	0.0 	17 	0.1 	0.2 	2 	0.0 	0.0 	0.0 	0.0 	0.0 	2.7 	RB58		Philadelphia Eagles	BYE	0 	0.0 	0 	0.0 	0.0 	0 	0.0 	0.0 	0.0 	0.0 	0.0 	0.0 	-		Philadelphia Eagles	Pittsburgh Steelers	0 	0.0 	17 	0.1 	0.2 	2 	0.0 	0.0 	0.0 	0.0 	0.0 	2.6 	RB47		Philadelphia Eagles	Dallas Cowboys	0 	0.0 	16 	0.1 	0.2 	2 	0.0 	0.0 	0.0 	0.0 	0.0 	2.5 	RB65		Philadelphia Eagles	Arizona Cardinals	0 	0.0 	19 	0.1 	0.2 	2 	0.0 	0.0 	0.0 	0.0 	0.0 	2.9 	RB56		Philadelphia Eagles	Indianapolis Colts	0 	0.0 	17 	0.1 	0.2 	2 	0.0 	0.0 	0.0 	0.0 	0.0 	2.8 	RB61		Philadelphia Eagles	Seattle Seahawks	0 	0.0 	16 	0.1 	0.2 	2 	0.0 	0.0 	0.0 	0.0 	0.0 	2.5 	RB64		Philadelphia Eagles	Houston Texans	0 	0.0 	15 	0.1 	0.2 	2 	0.0 	0.0 	0.0 	0.0 	0.0 	2.3 	RB68		Philadelphia Eagles	San Francisco 49ers	0 	0.0 	15 	0.1 	0.2 	2 	0.0 	0.0 	0.0 	0.0 	0.0 	2.4 	RB66		Actual	Actual	Actual	Forecast	Forecast	Forecast	Forecast	Forecast	Forecast	Forecast	Forecast	Forecast	Forecast	Forecast	Forecast	Forecast	Forecast		Healthy	Healthy	Healthy	Healthy	Healthy	Healthy	Healthy	Healthy	Healthy	Healthy	Healthy	Healthy	Healthy	Healthy	Healthy	Healthy	Healthy		Week 4 2026	10/3/2026	9:38:40 AM	9		1%	0%	12%	10%	0%	0%		(0.0)	0	0	0	0	0	(0.041220)
	Isaiah Williams	New York Jets	WR	WR81	5.0 	80 	0 	0.0 	0.0 	0.0 	70 	4.4 	0.0 	0.0 	37.9 	2.4 	283 	17.7 	1.2 	0.1 	0.0 	0.1 	0.0 	0.196 	1.000 	0.190 	(1)	0.000 	0.000 	208 	0 	(208)	81 	0 	(81)	0.115 																1.7 	10.8 	3.1 	5.1 	5.0 	4.9 	5.1 	5.0 	4.8 	5.2 	4.8 	5.0 	0.0 	4.9 	5.0 	4.9 	4.9 		WR85	WR27	WR73	WR73	WR72	WR69	WR64	WR69	WR75	WR64	WR69	WR81	-	WR75	WR79	WR80	WR81		WR80	5.0 	0.0 	0.0 	4.3 	0.0 	2.3 	17.0 	0.1 	80 	0.208 	1.000 	0.200 	(1)	0.000 	0.000 	205 	0.121 		64 														WR79	5.2 	0.0 	0.0 	18.6 	0.0 	10.0 	73.8 	0.4 	79 	0.150 	1.000 	0.210 	(0)	0.000 	0.000 	#N/A	0.117 		15.6 																	New York Jets	Tennessee Titans	0 	0.0 	0 	0.0 	1.0 	7 	0.0 	0.0 	0.0 	0.0 	0.0 	1.7 	WR85		New York Jets	Green Bay Packers	0 	0.0 	14 	0.0 	6.0 	34 	0.0 	0.0 	0.0 	0.0 	0.0 	10.8 	WR27		New York Jets	Detroit Lions	0 	0.0 	0 	0.0 	1.0 	21 	0.0 	0.0 	0.0 	0.0 	0.0 	3.1 	WR73		New York Jets	Chicago Bears	0 	0.0 	4 	0.0 	2.4 	17 	0.1 	0.0 	0.0 	0.0 	0.0 	5.1 	WR73		New York Jets	Cleveland Browns	0 	0.0 	5 	0.0 	2.3 	17 	0.1 	0.0 	0.0 	0.0 	0.0 	5.0 	WR72		New York Jets	New England Patriots	0 	0.0 	4 	0.0 	2.3 	17 	0.1 	0.0 	0.0 	0.0 	0.0 	4.9 	WR69		New York Jets	Miami Dolphins	0 	0.0 	5 	0.0 	2.3 	17 	0.1 	0.0 	0.0 	0.0 	0.0 	5.1 	WR64		New York Jets	Las Vegas Raiders	0 	0.0 	5 	0.0 	2.3 	17 	0.1 	0.0 	0.0 	0.0 	0.0 	5.0 	WR69		New York Jets	Kansas City Chiefs	0 	0.0 	4 	0.0 	2.3 	17 	0.1 	0.0 	0.0 	0.0 	0.0 	4.8 	WR75		New York Jets	Buffalo Bills	0 	0.0 	4 	0.0 	2.4 	18 	0.1 	0.0 	0.0 	0.0 	0.0 	5.2 	WR64		New York Jets	Los Angeles Chargers	0 	0.0 	4 	0.0 	2.3 	17 	0.1 	0.0 	0.0 	0.0 	0.0 	4.8 	WR69		New York Jets	Miami Dolphins	0 	0.0 	5 	0.0 	2.3 	17 	0.1 	0.0 	0.0 	0.0 	0.0 	5.0 	WR81		New York Jets	BYE	0 	0.0 	0 	0.0 	0.0 	0 	0.0 	0.0 	0.0 	0.0 	0.0 	0.0 	-		New York Jets	Denver Broncos	0 	0.0 	4 	0.0 	2.3 	17 	0.1 	0.0 	0.0 	0.0 	0.0 	4.9 	WR75		New York Jets	Arizona Cardinals	0 	0.0 	5 	0.0 	2.3 	17 	0.1 	0.0 	0.0 	0.0 	0.0 	5.0 	WR79		New York Jets	New England Patriots	0 	0.0 	4 	0.0 	2.3 	17 	0.1 	0.0 	0.0 	0.0 	0.0 	4.9 	WR80		New York Jets	Minnesota Vikings	0 	0.0 	4 	0.0 	2.3 	17 	0.1 	0.0 	0.0 	0.0 	0.0 	4.9 	WR81		Actual	Actual	Actual	Forecast	Forecast	Forecast	Forecast	Forecast	Forecast	Forecast	Forecast	Forecast	Forecast	Forecast	Forecast	Forecast	Forecast		Healthy	Healthy	Healthy	Healthy	Healthy	Healthy	Healthy	Healthy	Healthy	Healthy	Healthy	Healthy	Healthy	Healthy	Healthy	Healthy	Healthy		Week 4 2026	10/3/2026	9:38:40 AM	9		8%	7%	4%	0%	0%	0%		0.0 	0	0	0	0	0	0.004223 
	David Njoku	Los Angeles Chargers	TE	TE36	3.2 	39 	0 	0.0 	0.0 	0.0 	0 	0.0 	0.0 	0.0 	15.8 	1.3 	174 	14.5 	1.0 	0.1 	0.0 	0.0 	0.0 	0.095 	0.560 	0.239 	(1)	0.000 	0.000 	211 	214 	3 	36 	25 	(11)	0.110 				-	-		-	-		-	-		-	-		10.8 	1.9 	0.0 	0.0 	0.0 	0.0 	0.0 	2.7 	2.6 	2.6 	2.5 	2.6 	2.7 	2.6 	2.7 	2.6 	2.6 		TE12	TE32	-	-	-	-	-	TE32	TE34	TE32	TE29	TE36	TE31	TE34	TE36	TE36	TE36		TE36	2.6 	0.0 	0.0 	0.0 	0.0 	1.0 	10.7 	0.1 	36 	0.085 	0.560 	0.239 	(1)	0.000 	0.000 	211 	0.108 		26 														TE39	6.4 	0.0 	0.0 	0.0 	0.0 	4.9 	53.5 	0.5 	39 	0.122 	0.560 	0.208 	(1)	0.000 	0.000 	#N/A	0.102 		12.7 																	Los Angeles Chargers	Arizona Cardinals	0 	0.0 	0 	0.0 	5.0 	58 	0.0 	0.0 	0.0 	0.0 	0.0 	10.8 	TE12		Los Angeles Chargers	Las Vegas Raiders	0 	0.0 	0 	0.0 	1.0 	9 	0.0 	0.0 	0.0 	0.0 	0.0 	1.9 	TE32		Los Angeles Chargers	Buffalo Bills	0 	0.0 	0 	0.0 	0.0 	0 	0.0 	0.0 	0.0 	0.0 	0.0 	0.0 	-		Los Angeles Chargers	Seattle Seahawks	0 	0.0 	0 	0.0 	0.0 	0 	0.0 	0.0 	0.0 	0.0 	0.0 	0.0 	-		Los Angeles Chargers	Denver Broncos	0 	0.0 	0 	0.0 	0.0 	0 	0.0 	0.0 	0.0 	0.0 	0.0 	0.0 	-		Los Angeles Chargers	Kansas City Chiefs	0 	0.0 	0 	0.0 	0.0 	0 	0.0 	0.0 	0.0 	0.0 	0.0 	0.0 	-		Los Angeles Chargers	BYE	0 	0.0 	0 	0.0 	0.0 	0 	0.0 	0.0 	0.0 	0.0 	0.0 	0.0 	-		Los Angeles Chargers	Los Angeles Rams	0 	0.0 	0 	0.0 	1.0 	11 	0.1 	0.0 	0.0 	0.0 	0.0 	2.7 	TE32		Los Angeles Chargers	Houston Texans	0 	0.0 	0 	0.0 	1.0 	11 	0.1 	0.0 	0.0 	0.0 	0.0 	2.6 	TE34		Los Angeles Chargers	Baltimore Ravens	0 	0.0 	0 	0.0 	1.0 	11 	0.1 	0.0 	0.0 	0.0 	0.0 	2.6 	TE32		Los Angeles Chargers	New York Jets	0 	0.0 	0 	0.0 	0.9 	10 	0.1 	0.0 	0.0 	0.0 	0.0 	2.5 	TE29		Los Angeles Chargers	New England Patriots	0 	0.0 	0 	0.0 	1.0 	11 	0.1 	0.0 	0.0 	0.0 	0.0 	2.6 	TE36		Los Angeles Chargers	Tampa Bay Buccaneers	0 	0.0 	0 	0.0 	1.0 	11 	0.1 	0.0 	0.0 	0.0 	0.0 	2.7 	TE31		Los Angeles Chargers	Las Vegas Raiders	0 	0.0 	0 	0.0 	1.0 	11 	0.1 	0.0 	0.0 	0.0 	0.0 	2.6 	TE34		Los Angeles Chargers	San Francisco 49ers	0 	0.0 	0 	0.0 	1.0 	11 	0.1 	0.0 	0.0 	0.0 	0.0 	2.7 	TE36		Los Angeles Chargers	Miami Dolphins	0 	0.0 	0 	0.0 	1.0 	11 	0.1 	0.0 	0.0 	0.0 	0.0 	2.6 	TE36		Los Angeles Chargers	Kansas City Chiefs	0 	0.0 	0 	0.0 	1.0 	11 	0.1 	0.0 	0.0 	0.0 	0.0 	2.6 	TE36		Actual	Actual	Actual	Forecast	Forecast	Forecast	Forecast	Forecast	Forecast	Forecast	Forecast	Forecast	Forecast	Forecast	Forecast	Forecast	Forecast		Healthy	Healthy	Injured	Injured	Injured	Injured	Injured	Healthy	Healthy	Healthy	Healthy	Healthy	Healthy	Healthy	Healthy	Healthy	Healthy		Week 4 2026	10/3/2026	9:38:40 AM	9		5%	6%	0%	0%	0%	0%		0.0 	0	0	1	1	1	
	Cole Kmet	Chicago Bears	TE	TE37	2.3 	32 	0 	0.0 	0.0 	0.0 	0 	0.0 	0.0 	0.0 	8.9 	0.6 	115 	8.2 	2.0 	0.1 	0.0 	0.0 	0.0 	0.079 	0.560 	0.229 	(1)	0.000 	0.000 	214 	294 	80 	37 	33 	(4)	0.103 																11.5 	0.0 	0.0 	1.5 	1.5 	1.6 	1.6 	1.5 	1.6 	0.0 	1.6 	1.6 	1.6 	1.6 	1.6 	1.6 	1.6 		TE10	-	-	TE35	TE33	TE31	TE32	TE34	TE35	-	TE30	TE37	TE32	TE35	TE37	TE37	TE37		TE37	1.6 	0.0 	0.0 	0.0 	0.0 	0.5 	6.1 	0.1 	37 	0.067 	0.560 	0.229 	(1)	0.000 	0.000 	214 	0.101 		21 														TE42	11.5 	0.0 	0.0 	0.0 	0.0 	6.9 	79.5 	1.0 	42 	0.111 	0.560 	0.178 	(1)	0.000 	0.000 	#N/A	0.088 		11.5 																	Chicago Bears	Carolina Panthers	0 	0.0 	0 	0.0 	2.0 	35 	1.0 	0.0 	0.0 	0.0 	0.0 	11.5 	TE10		Chicago Bears	Minnesota Vikings	0 	0.0 	0 	0.0 	0.0 	0 	0.0 	0.0 	0.0 	0.0 	0.0 	0.0 	-		Chicago Bears	Philadelphia Eagles	0 	0.0 	0 	0.0 	0.0 	0 	0.0 	0.0 	0.0 	0.0 	0.0 	0.0 	-		Chicago Bears	New York Jets	0 	0.0 	0 	0.0 	0.5 	6 	0.1 	0.0 	0.0 	0.0 	0.0 	1.5 	TE35		Chicago Bears	Green Bay Packers	0 	0.0 	0 	0.0 	0.5 	6 	0.1 	0.0 	0.0 	0.0 	0.0 	1.5 	TE33		Chicago Bears	Atlanta Falcons	0 	0.0 	0 	0.0 	0.5 	6 	0.1 	0.0 	0.0 	0.0 	0.0 	1.6 	TE31		Chicago Bears	New England Patriots	0 	0.0 	0 	0.0 	0.5 	6 	0.1 	0.0 	0.0 	0.0 	0.0 	1.6 	TE32		Chicago Bears	Seattle Seahawks	0 	0.0 	0 	0.0 	0.5 	6 	0.1 	0.0 	0.0 	0.0 	0.0 	1.5 	TE34		Chicago Bears	Tampa Bay Buccaneers	0 	0.0 	0 	0.0 	0.5 	6 	0.1 	0.0 	0.0 	0.0 	0.0 	1.6 	TE35		Chicago Bears	BYE	0 	0.0 	0 	0.0 	0.0 	0 	0.0 	0.0 	0.0 	0.0 	0.0 	0.0 	-		Chicago Bears	New Orleans Saints	0 	0.0 	0 	0.0 	0.5 	6 	0.1 	0.0 	0.0 	0.0 	0.0 	1.6 	TE30		Chicago Bears	Detroit Lions	0 	0.0 	0 	0.0 	0.5 	6 	0.1 	0.0 	0.0 	0.0 	0.0 	1.6 	TE37		Chicago Bears	Jacksonville Jaguars	0 	0.0 	0 	0.0 	0.5 	6 	0.1 	0.0 	0.0 	0.0 	0.0 	1.6 	TE32		Chicago Bears	Miami Dolphins	0 	0.0 	0 	0.0 	0.5 	6 	0.1 	0.0 	0.0 	0.0 	0.0 	1.6 	TE35		Chicago Bears	Buffalo Bills	0 	0.0 	0 	0.0 	0.5 	6 	0.1 	0.0 	0.0 	0.0 	0.0 	1.6 	TE37		Chicago Bears	Green Bay Packers	0 	0.0 	0 	0.0 	0.5 	6 	0.1 	0.0 	0.0 	0.0 	0.0 	1.6 	TE37		Chicago Bears	Detroit Lions	0 	0.0 	0 	0.0 	0.5 	6 	0.1 	0.0 	0.0 	0.0 	0.0 	1.6 	TE37		Actual	Actual	Actual	Forecast	Forecast	Forecast	Forecast	Forecast	Forecast	Forecast	Forecast	Forecast	Forecast	Forecast	Forecast	Forecast	Forecast		Healthy	Healthy	Healthy	Healthy	Healthy	Healthy	Healthy	Healthy	Healthy	Healthy	Healthy	Healthy	Healthy	Healthy	Healthy	Healthy	Healthy		Week 4 2026	10/3/2026	9:38:40 AM	9		3%	5%	0%	0%	0%	0%		0.0 	0	0	0	0	0	0.013860 
	Jalen Nailor	Las Vegas Raiders	WR	WR83	4.2 	68 	0 	0.0 	0.0 	0.0 	0 	0.0 	0.0 	0.0 	28.0 	1.8 	310 	19.4 	1.5 	0.1 	0.0 	0.1 	0.0 	0.167 	1.000 	0.170 	(1)	0.000 	0.000 	216 	200 	(16)	83 	65 	(18)	0.101 				-	-		-	-		-	-		-	-		5.7 	1.9 	2.6 	4.6 	4.5 	4.6 	4.6 	4.3 	4.5 	4.4 	4.3 	4.3 	0.0 	4.5 	4.3 	4.5 	4.5 		WR58	WR78	WR78	WR77	WR75	WR70	WR69	WR71	WR77	WR71	WR70	WR83	-	WR77	WR83	WR82	WR83		WR83	4.4 	0.0 	0.0 	0.0 	0.0 	1.8 	19.9 	0.1 	83 	0.187 	1.000 	0.170 	(1)	0.000 	0.000 	213 	0.104 		58 														WR100	3.4 	0.0 	0.0 	0.0 	0.0 	7.7 	86.0 	0.5 	100 	0.098 	1.000 	0.000 	(1)	0.000 	0.000 	#N/A	0.015 		10.2 																	Las Vegas Raiders	Miami Dolphins	0 	0.0 	0 	0.0 	3.0 	27 	0.0 	0.0 	0.0 	0.0 	0.0 	5.7 	WR58		Las Vegas Raiders	Los Angeles Chargers	0 	0.0 	0 	0.0 	1.0 	9 	0.0 	0.0 	0.0 	0.0 	0.0 	1.9 	WR78		Las Vegas Raiders	New Orleans Saints	0 	0.0 	0 	0.0 	1.0 	16 	0.0 	0.0 	0.0 	0.0 	0.0 	2.6 	WR78		Las Vegas Raiders	Kansas City Chiefs	0 	0.0 	0 	0.0 	1.8 	20 	0.1 	0.0 	0.0 	0.0 	0.0 	4.6 	WR77		Las Vegas Raiders	New England Patriots	0 	0.0 	0 	0.0 	1.8 	20 	0.1 	0.0 	0.0 	0.0 	0.0 	4.5 	WR75		Las Vegas Raiders	Buffalo Bills	0 	0.0 	0 	0.0 	1.8 	20 	0.1 	0.0 	0.0 	0.0 	0.0 	4.6 	WR70		Las Vegas Raiders	Los Angeles Rams	0 	0.0 	0 	0.0 	1.8 	21 	0.1 	0.0 	0.0 	0.0 	0.0 	4.6 	WR69		Las Vegas Raiders	New York Jets	0 	0.0 	0 	0.0 	1.7 	19 	0.1 	0.0 	0.0 	0.0 	0.0 	4.3 	WR71		Las Vegas Raiders	San Francisco 49ers	0 	0.0 	0 	0.0 	1.8 	20 	0.1 	0.0 	0.0 	0.0 	0.0 	4.5 	WR77		Las Vegas Raiders	Seattle Seahawks	0 	0.0 	0 	0.0 	1.8 	20 	0.1 	0.0 	0.0 	0.0 	0.0 	4.4 	WR71		Las Vegas Raiders	Denver Broncos	0 	0.0 	0 	0.0 	1.8 	20 	0.1 	0.0 	0.0 	0.0 	0.0 	4.3 	WR70		Las Vegas Raiders	Cleveland Browns	0 	0.0 	0 	0.0 	1.7 	19 	0.1 	0.0 	0.0 	0.0 	0.0 	4.3 	WR83		Las Vegas Raiders	BYE	0 	0.0 	0 	0.0 	0.0 	0 	0.0 	0.0 	0.0 	0.0 	0.0 	0.0 	-		Las Vegas Raiders	Los Angeles Chargers	0 	0.0 	0 	0.0 	1.8 	20 	0.1 	0.0 	0.0 	0.0 	0.0 	4.5 	WR77		Las Vegas Raiders	Denver Broncos	0 	0.0 	0 	0.0 	1.7 	19 	0.1 	0.0 	0.0 	0.0 	0.0 	4.3 	WR83		Las Vegas Raiders	Tennessee Titans	0 	0.0 	0 	0.0 	1.8 	20 	0.1 	0.0 	0.0 	0.0 	0.0 	4.5 	WR82		Las Vegas Raiders	Arizona Cardinals	0 	0.0 	0 	0.0 	1.8 	20 	0.1 	0.0 	0.0 	0.0 	0.0 	4.5 	WR83		Actual	Actual	Actual	Forecast	Forecast	Forecast	Forecast	Forecast	Forecast	Forecast	Forecast	Forecast	Forecast	Forecast	Forecast	Forecast	Forecast		Healthy	Healthy	Healthy	Healthy	Healthy	Healthy	Healthy	Healthy	Healthy	Healthy	Healthy	Healthy	Healthy	Healthy	Healthy	Healthy	Healthy		Week 4 2026	10/3/2026	9:38:40 AM	9		9%	8%	0%	0%	0%	0%		0.1 	0	0	0	0	0	0.089777 
	Tyrone Tracy Jr.	New York Giants	RB	RB66	2.2 	33 	0 	0.0 	0.0 	0.0 	223 	14.9 	1.2 	0.1 	3.3 	0.2 	26 	1.8 	0.0 	0.0 	0.0 	1.5 	0.0 	0.080 	1.000 	0.186 	(1)	0.000 	0.000 	218 	192 	(26)	66 	57 	(9)	0.096 																(0.6)	0.0 	0.3 	2.4 	2.5 	2.8 	2.3 	0.0 	2.3 	2.8 	2.6 	2.6 	2.6 	2.2 	2.8 	2.6 	2.6 		RB77	-	RB59	RB56	RB57	RB53	RB57	-	RB62	RB53	RB48	RB61	RB58	RB64	RB63	RB64	RB65		RB65	2.5 	0.0 	0.0 	15.9 	0.1 	0.3 	2.0 	0.0 	65 	0.106 	1.000 	0.199 	(1)	0.000 	0.000 	212 	0.106 		33 														-	(0.3)	0.0 	0.0 	206.4 	1.2 	3.3 	26.4 	0.0 	#N/A	(0.003)	1.000 	#N/A	(1)	0.000 	0.000 	#N/A	#N/A		(0.3)																	New York Giants	Dallas Cowboys	0 	0.0 	14 	0.0 	0.0 	0 	0.0 	0.0 	1.0 	0.0 	0.0 	(0.6)	RB77		New York Giants	Los Angeles Rams	0 	0.0 	0 	0.0 	0.0 	0 	0.0 	0.0 	0.0 	0.0 	0.0 	0.0 	-		New York Giants	Tennessee Titans	0 	0.0 	3 	0.0 	0.0 	0 	0.0 	0.0 	0.0 	0.0 	0.0 	0.3 	RB59		New York Giants	Arizona Cardinals	0 	0.0 	15 	0.1 	0.2 	2 	0.0 	0.0 	0.0 	0.0 	0.0 	2.4 	RB56		New York Giants	Washington Commanders	0 	0.0 	16 	0.1 	0.2 	2 	0.0 	0.0 	0.0 	0.0 	0.0 	2.5 	RB57		New York Giants	New Orleans Saints	0 	0.0 	17 	0.1 	0.3 	2 	0.0 	0.0 	0.0 	0.0 	0.0 	2.8 	RB53		New York Giants	Houston Texans	0 	0.0 	14 	0.1 	0.3 	2 	0.0 	0.0 	0.0 	0.0 	0.0 	2.3 	RB57		New York Giants	BYE	0 	0.0 	0 	0.0 	0.0 	0 	0.0 	0.0 	0.0 	0.0 	0.0 	0.0 	-		New York Giants	Philadelphia Eagles	0 	0.0 	14 	0.1 	0.3 	2 	0.0 	0.0 	0.0 	0.0 	0.0 	2.3 	RB62		New York Giants	Washington Commanders	0 	0.0 	18 	0.1 	0.3 	2 	0.0 	0.0 	0.0 	0.0 	0.0 	2.8 	RB53		New York Giants	Jacksonville Jaguars	0 	0.0 	16 	0.1 	0.3 	2 	0.0 	0.0 	0.0 	0.0 	0.0 	2.6 	RB48		New York Giants	Indianapolis Colts	0 	0.0 	16 	0.1 	0.3 	2 	0.0 	0.0 	0.0 	0.0 	0.0 	2.6 	RB61		New York Giants	San Francisco 49ers	0 	0.0 	16 	0.1 	0.3 	2 	0.0 	0.0 	0.0 	0.0 	0.0 	2.6 	RB58		New York Giants	Seattle Seahawks	0 	0.0 	14 	0.1 	0.3 	2 	0.0 	0.0 	0.0 	0.0 	0.0 	2.2 	RB64		New York Giants	Cleveland Browns	0 	0.0 	18 	0.1 	0.2 	2 	0.0 	0.0 	0.0 	0.0 	0.0 	2.8 	RB63		New York Giants	Detroit Lions	0 	0.0 	16 	0.1 	0.3 	2 	0.0 	0.0 	0.0 	0.0 	0.0 	2.6 	RB64		New York Giants	Dallas Cowboys	0 	0.0 	16 	0.1 	0.3 	2 	0.0 	0.0 	0.0 	0.0 	0.0 	2.6 	RB65		Actual	Actual	Actual	Forecast	Forecast	Forecast	Forecast	Forecast	Forecast	Forecast	Forecast	Forecast	Forecast	Forecast	Forecast	Forecast	Forecast		Healthy	Healthy	Healthy	Limited / Handicapped	Healthy	Healthy	Healthy	Healthy	Healthy	Healthy	Healthy	Healthy	Healthy	Healthy	Healthy	Healthy	Healthy		Week 4 2026	10/3/2026	9:38:40 AM	9		1%	0%	12%	10%	0%	0%		0.1 	0	0	0	0	0	0.105578 
	Zach Ertz	Philadelphia Eagles	TE	TE41	1.1 	15 	0 	0.0 	0.0 	0.0 	0 	0.0 	0.0 	0.0 	6.0 	0.4 	60 	4.3 	0.5 	0.0 	0.0 	0.0 	0.0 	0.037 	0.560 	0.188 	(1)	0.000 	0.000 	225 	0 	(225)	41 	0 	(41)	0.081 																0.0 	0.0 	1.9 	5.9 	0.6 	0.6 	0.6 	0.6 	0.6 	0.0 	0.6 	0.6 	0.6 	0.6 	0.6 	0.5 	0.6 		-	-	TE28	TE29	TE36	TE35	TE35	TE36	TE39	-	TE33	TE41	TE36	TE39	TE41	TE41	TE41		TE41	1.0 	0.0 	0.0 	0.0 	0.0 	0.4 	3.9 	0.0 	41 	0.042 	0.560 	0.188 	(1)	0.000 	0.000 	225 	0.081 		13 														TE77	1.9 	0.0 	0.0 	0.0 	0.0 	5.0 	50.5 	0.5 	77 	0.018 	0.560 	0.000 	(1)	0.000 	0.000 	#N/A	0.003 		1.9 																	Philadelphia Eagles	Washington Commanders	0 	0.0 	0 	0.0 	0.0 	0 	0.0 	0.0 	0.0 	0.0 	0.0 	0.0 	-		Philadelphia Eagles	Tennessee Titans	0 	0.0 	0 	0.0 	0.0 	0 	0.0 	0.0 	0.0 	0.0 	0.0 	0.0 	-		Philadelphia Eagles	Chicago Bears	0 	0.0 	0 	0.0 	1.0 	9 	0.0 	0.0 	0.0 	0.0 	0.0 	1.9 	TE28		Philadelphia Eagles	Los Angeles Rams	0 	0.0 	0 	0.0 	2.5 	25 	0.2 	0.0 	0.0 	0.0 	0.0 	5.9 	TE29		Philadelphia Eagles	Jacksonville Jaguars	0 	0.0 	0 	0.0 	0.2 	2 	0.0 	0.0 	0.0 	0.0 	0.0 	0.6 	TE36		Philadelphia Eagles	Carolina Panthers	0 	0.0 	0 	0.0 	0.2 	2 	0.0 	0.0 	0.0 	0.0 	0.0 	0.6 	TE35		Philadelphia Eagles	Dallas Cowboys	0 	0.0 	0 	0.0 	0.2 	2 	0.0 	0.0 	0.0 	0.0 	0.0 	0.6 	TE35		Philadelphia Eagles	Washington Commanders	0 	0.0 	0 	0.0 	0.2 	2 	0.0 	0.0 	0.0 	0.0 	0.0 	0.6 	TE36		Philadelphia Eagles	New York Giants	0 	0.0 	0 	0.0 	0.2 	2 	0.0 	0.0 	0.0 	0.0 	0.0 	0.6 	TE39		Philadelphia Eagles	BYE	0 	0.0 	0 	0.0 	0.0 	0 	0.0 	0.0 	0.0 	0.0 	0.0 	0.0 	-		Philadelphia Eagles	Pittsburgh Steelers	0 	0.0 	0 	0.0 	0.2 	2 	0.0 	0.0 	0.0 	0.0 	0.0 	0.6 	TE33		Philadelphia Eagles	Dallas Cowboys	0 	0.0 	0 	0.0 	0.2 	2 	0.0 	0.0 	0.0 	0.0 	0.0 	0.6 	TE41		Philadelphia Eagles	Arizona Cardinals	0 	0.0 	0 	0.0 	0.2 	2 	0.0 	0.0 	0.0 	0.0 	0.0 	0.6 	TE36		Philadelphia Eagles	Indianapolis Colts	0 	0.0 	0 	0.0 	0.2 	2 	0.0 	0.0 	0.0 	0.0 	0.0 	0.6 	TE39		Philadelphia Eagles	Seattle Seahawks	0 	0.0 	0 	0.0 	0.2 	2 	0.0 	0.0 	0.0 	0.0 	0.0 	0.6 	TE41		Philadelphia Eagles	Houston Texans	0 	0.0 	0 	0.0 	0.2 	2 	0.0 	0.0 	0.0 	0.0 	0.0 	0.5 	TE41		Philadelphia Eagles	San Francisco 49ers	0 	0.0 	0 	0.0 	0.2 	2 	0.0 	0.0 	0.0 	0.0 	0.0 	0.6 	TE41		Actual	Actual	Actual	Forecast	Forecast	Forecast	Forecast	Forecast	Forecast	Forecast	Forecast	Forecast	Forecast	Forecast	Forecast	Forecast	Forecast		Healthy	Healthy	Healthy	Healthy	Healthy	Healthy	Healthy	Healthy	Healthy	Healthy	Healthy	Healthy	Healthy	Healthy	Healthy	Healthy	Healthy		Week 4 2026	10/3/2026	9:38:40 AM	9		1%	2%	0%	0%	0%	0%		0.1 	0	0	0	0	0	0.078738 
	Jayden Reed	Green Bay Packers	WR	WR100	3.9 	23 	0 	0.0 	0.0 	0.0 	0 	0.0 	0.0 	0.0 	11.3 	1.9 	93 	15.5 	0.5 	0.1 	0.0 	0.0 	0.0 	0.057 	1.000 	0.000 	(1)	0.000 	0.000 	259 	121 	(138)	100 	47 	(53)	0.009 				-	-		-	-		-	-		-	-		5.0 	1.4 	0.0 	0.0 	0.0 	0.0 	0.0 	0.0 	0.0 	0.0 	0.0 	0.0 	0.0 	4.4 	4.3 	4.2 	4.1 		WR64	WR83	-	-	-	-	-	-	-	-	-	-	-	WR78	WR84	WR83	WR84		WR100	4.2 	0.0 	0.0 	0.0 	0.0 	1.8 	17.3 	0.1 	100 	0.055 	1.000 	0.000 	(1)	0.000 	0.000 	257 	0.008 		17 														WR114	3.2 	0.0 	0.0 	0.0 	0.0 	3.6 	34.5 	0.2 	114 	0.062 	1.000 	0.000 	(1)	0.000 	0.000 	#N/A	0.009 		6.4 																	Green Bay Packers	Minnesota Vikings	0 	0.0 	0 	0.0 	3.0 	20 	0.0 	0.0 	0.0 	0.0 	0.0 	5.0 	WR64		Green Bay Packers	New York Jets	0 	0.0 	0 	0.0 	1.0 	4 	0.0 	0.0 	0.0 	0.0 	0.0 	1.4 	WR83		Green Bay Packers	Atlanta Falcons	0 	0.0 	0 	0.0 	0.0 	0 	0.0 	0.0 	0.0 	0.0 	0.0 	0.0 	-		Green Bay Packers	Tampa Bay Buccaneers	0 	0.0 	0 	0.0 	0.0 	0 	0.0 	0.0 	0.0 	0.0 	0.0 	0.0 	-		Green Bay Packers	Chicago Bears	0 	0.0 	0 	0.0 	0.0 	0 	0.0 	0.0 	0.0 	0.0 	0.0 	0.0 	-		Green Bay Packers	Dallas Cowboys	0 	0.0 	0 	0.0 	0.0 	0 	0.0 	0.0 	0.0 	0.0 	0.0 	0.0 	-		Green Bay Packers	Detroit Lions	0 	0.0 	0 	0.0 	0.0 	0 	0.0 	0.0 	0.0 	0.0 	0.0 	0.0 	-		Green Bay Packers	Carolina Panthers	0 	0.0 	0 	0.0 	0.0 	0 	0.0 	0.0 	0.0 	0.0 	0.0 	0.0 	-		Green Bay Packers	New England Patriots	0 	0.0 	0 	0.0 	0.0 	0 	0.0 	0.0 	0.0 	0.0 	0.0 	0.0 	-		Green Bay Packers	Minnesota Vikings	0 	0.0 	0 	0.0 	0.0 	0 	0.0 	0.0 	0.0 	0.0 	0.0 	0.0 	-		Green Bay Packers	BYE	0 	0.0 	0 	0.0 	0.0 	0 	0.0 	0.0 	0.0 	0.0 	0.0 	0.0 	-		Green Bay Packers	Los Angeles Rams	0 	0.0 	0 	0.0 	0.0 	0 	0.0 	0.0 	0.0 	0.0 	0.0 	0.0 	-		Green Bay Packers	New Orleans Saints	0 	0.0 	0 	0.0 	0.0 	0 	0.0 	0.0 	0.0 	0.0 	0.0 	0.0 	-		Green Bay Packers	Buffalo Bills	0 	0.0 	0 	0.0 	1.9 	18 	0.1 	0.0 	0.0 	0.0 	0.0 	4.4 	WR78		Green Bay Packers	Miami Dolphins	0 	0.0 	0 	0.0 	1.8 	17 	0.1 	0.0 	0.0 	0.0 	0.0 	4.3 	WR84		Green Bay Packers	Chicago Bears	0 	0.0 	0 	0.0 	1.8 	17 	0.1 	0.0 	0.0 	0.0 	0.0 	4.2 	WR83		Green Bay Packers	Houston Texans	0 	0.0 	0 	0.0 	1.8 	17 	0.1 	0.0 	0.0 	0.0 	0.0 	4.1 	WR84		Actual	Actual	Actual	Forecast	Forecast	Forecast	Forecast	Forecast	Forecast	Forecast	Forecast	Forecast	Forecast	Forecast	Forecast	Forecast	Forecast		Healthy	Healthy	Injured	Injured	Injured	Injured	Injured	Injured	Injured	Injured	Injured	Injured	Injured	Healthy	Healthy	Healthy	Healthy		Week 4 2026	10/3/2026	9:38:40 AM	9		7%	7%	0%	0%	0%	0%		(0.0)	0	0	1	1	1	
	Elijah Arroyo	Seattle Seahawks	TE	TE39	1.6 	23 	0 	0.0 	0.0 	0.0 	0 	0.0 	0.0 	0.0 	7.6 	0.5 	111 	8.0 	0.7 	0.0 	0.0 	0.0 	0.0 	0.056 	0.560 	0.208 	(1)	0.000 	0.000 	220 	353 	133 	39 	42 	3 	0.092 																0.0 	2.7 	0.0 	1.5 	1.6 	1.5 	1.6 	1.6 	1.6 	1.5 	0.0 	1.5 	1.6 	1.6 	1.5 	1.6 	1.5 		-	TE29	-	TE36	TE32	TE32	TE33	TE33	TE36	TE33	-	TE38	TE33	TE36	TE38	TE38	TE38		TE38	1.6 	0.0 	0.0 	0.0 	0.0 	0.5 	7.3 	0.1 	38 	0.065 	0.560 	0.219 	(1)	0.000 	0.000 	216 	0.097 		20 														TE71	2.7 	0.0 	0.0 	0.0 	0.0 	6.6 	94.5 	0.7 	71 	0.026 	0.560 	0.000 	(1)	0.000 	0.000 	#N/A	0.004 		2.7 																	Seattle Seahawks	New England Patriots	0 	0.0 	0 	0.0 	0.0 	0 	0.0 	0.0 	0.0 	0.0 	0.0 	0.0 	-		Seattle Seahawks	Arizona Cardinals	0 	0.0 	0 	0.0 	1.0 	17 	0.0 	0.0 	0.0 	0.0 	0.0 	2.7 	TE29		Seattle Seahawks	Washington Commanders	0 	0.0 	0 	0.0 	0.0 	0 	0.0 	0.0 	0.0 	0.0 	0.0 	0.0 	-		Seattle Seahawks	Los Angeles Chargers	0 	0.0 	0 	0.0 	0.5 	7 	0.1 	0.0 	0.0 	0.0 	0.0 	1.5 	TE36		Seattle Seahawks	San Francisco 49ers	0 	0.0 	0 	0.0 	0.5 	7 	0.1 	0.0 	0.0 	0.0 	0.0 	1.6 	TE32		Seattle Seahawks	Denver Broncos	0 	0.0 	0 	0.0 	0.5 	7 	0.0 	0.0 	0.0 	0.0 	0.0 	1.5 	TE32		Seattle Seahawks	Kansas City Chiefs	0 	0.0 	0 	0.0 	0.5 	7 	0.1 	0.0 	0.0 	0.0 	0.0 	1.6 	TE33		Seattle Seahawks	Chicago Bears	0 	0.0 	0 	0.0 	0.5 	7 	0.1 	0.0 	0.0 	0.0 	0.0 	1.6 	TE33		Seattle Seahawks	Arizona Cardinals	0 	0.0 	0 	0.0 	0.5 	7 	0.1 	0.0 	0.0 	0.0 	0.0 	1.6 	TE36		Seattle Seahawks	Las Vegas Raiders	0 	0.0 	0 	0.0 	0.5 	7 	0.1 	0.0 	0.0 	0.0 	0.0 	1.5 	TE33		Seattle Seahawks	BYE	0 	0.0 	0 	0.0 	0.0 	0 	0.0 	0.0 	0.0 	0.0 	0.0 	0.0 	-		Seattle Seahawks	San Francisco 49ers	0 	0.0 	0 	0.0 	0.5 	7 	0.1 	0.0 	0.0 	0.0 	0.0 	1.5 	TE38		Seattle Seahawks	Dallas Cowboys	0 	0.0 	0 	0.0 	0.5 	7 	0.1 	0.0 	0.0 	0.0 	0.0 	1.6 	TE33		Seattle Seahawks	New York Giants	0 	0.0 	0 	0.0 	0.5 	7 	0.1 	0.0 	0.0 	0.0 	0.0 	1.6 	TE36		Seattle Seahawks	Philadelphia Eagles	0 	0.0 	0 	0.0 	0.5 	7 	0.0 	0.0 	0.0 	0.0 	0.0 	1.5 	TE38		Seattle Seahawks	Los Angeles Rams	0 	0.0 	0 	0.0 	0.5 	7 	0.1 	0.0 	0.0 	0.0 	0.0 	1.6 	TE38		Seattle Seahawks	Carolina Panthers	0 	0.0 	0 	0.0 	0.5 	7 	0.1 	0.0 	0.0 	0.0 	0.0 	1.5 	TE38		Actual	Actual	Actual	Forecast	Forecast	Forecast	Forecast	Forecast	Forecast	Forecast	Forecast	Forecast	Forecast	Forecast	Forecast	Forecast	Forecast		Healthy	Healthy	Healthy	Healthy	Healthy	Healthy	Healthy	Healthy	Healthy	Healthy	Healthy	Healthy	Healthy	Healthy	Healthy	Healthy	Healthy		Week 4 2026	10/3/2026	9:38:40 AM	9		3%	3%	0%	0%	0%	0%		0.1 	0	0	0	0	0	0.093279 
	Demond Claiborne	Minnesota Vikings	RB	RB67	1.9 	29 	0 	0.0 	0.0 	0.0 	147 	9.8 	1.0 	0.1 	5.1 	0.3 	30 	2.0 	0.2 	0.0 	0.0 	0.4 	0.0 	0.071 	1.000 	0.173 	(1)	0.000 	0.000 	221 	310 	89 	67 	80 	13 	0.089 																0.0 	1.2 	0.1 	1.7 	1.6 	0.0 	2.4 	2.1 	2.2 	2.1 	2.1 	2.4 	2.3 	2.0 	2.2 	2.4 	2.2 		-	RB59	RB60	RB59	RB61	-	RB56	RB57	RB63	RB59	RB51	RB66	RB60	RB66	RB67	RB66	RB68		RB67	2.1 	0.0 	0.0 	11.2 	0.1 	0.3 	2.2 	0.0 	67 	0.089 	1.000 	0.173 	(1)	0.000 	0.000 	220 	0.091 		28 														RB89	0.7 	0.0 	0.0 	72.9 	0.5 	2.0 	14.2 	0.1 	89 	0.012 	1.000 	0.000 	(1)	0.000 	0.000 	#N/A	0.002 		1.3 																	Minnesota Vikings	Green Bay Packers	0 	0.0 	0 	0.0 	0.0 	0 	0.0 	0.0 	0.0 	0.0 	0.0 	0.0 	-		Minnesota Vikings	Chicago Bears	0 	0.0 	0 	0.0 	1.0 	2 	0.0 	0.0 	0.0 	0.0 	0.0 	1.2 	RB59		Minnesota Vikings	Tampa Bay Buccaneers	0 	0.0 	1 	0.0 	0.0 	0 	0.0 	0.0 	0.0 	0.0 	0.0 	0.1 	RB60		Minnesota Vikings	Miami Dolphins	0 	0.0 	7 	0.1 	0.3 	2 	0.0 	0.0 	0.0 	0.0 	0.0 	1.7 	RB59		Minnesota Vikings	New Orleans Saints	0 	0.0 	6 	0.1 	0.3 	2 	0.0 	0.0 	0.0 	0.0 	0.0 	1.6 	RB61		Minnesota Vikings	BYE	0 	0.0 	0 	0.0 	0.0 	0 	0.0 	0.0 	0.0 	0.0 	0.0 	0.0 	-		Minnesota Vikings	Indianapolis Colts	0 	0.0 	13 	0.1 	0.3 	2 	0.0 	0.0 	0.0 	0.0 	0.0 	2.4 	RB56		Minnesota Vikings	Detroit Lions	0 	0.0 	11 	0.1 	0.3 	2 	0.0 	0.0 	0.0 	0.0 	0.0 	2.1 	RB57		Minnesota Vikings	Buffalo Bills	0 	0.0 	12 	0.1 	0.3 	2 	0.0 	0.0 	0.0 	0.0 	0.0 	2.2 	RB63		Minnesota Vikings	Green Bay Packers	0 	0.0 	11 	0.1 	0.3 	2 	0.0 	0.0 	0.0 	0.0 	0.0 	2.1 	RB59		Minnesota Vikings	San Francisco 49ers	0 	0.0 	11 	0.1 	0.3 	2 	0.0 	0.0 	0.0 	0.0 	0.0 	2.1 	RB51		Minnesota Vikings	Atlanta Falcons	0 	0.0 	13 	0.1 	0.3 	2 	0.0 	0.0 	0.0 	0.0 	0.0 	2.4 	RB66		Minnesota Vikings	Carolina Panthers	0 	0.0 	13 	0.1 	0.3 	2 	0.0 	0.0 	0.0 	0.0 	0.0 	2.3 	RB60		Minnesota Vikings	New England Patriots	0 	0.0 	11 	0.1 	0.3 	2 	0.0 	0.0 	0.0 	0.0 	0.0 	2.0 	RB66		Minnesota Vikings	Detroit Lions	0 	0.0 	12 	0.1 	0.3 	2 	0.0 	0.0 	0.0 	0.0 	0.0 	2.2 	RB67		Minnesota Vikings	Washington Commanders	0 	0.0 	13 	0.1 	0.3 	2 	0.0 	0.0 	0.0 	0.0 	0.0 	2.4 	RB66		Minnesota Vikings	New York Jets	0 	0.0 	12 	0.1 	0.3 	2 	0.0 	0.0 	0.0 	0.0 	0.0 	2.2 	RB68		Actual	Actual	Actual	Forecast	Forecast	Forecast	Forecast	Forecast	Forecast	Forecast	Forecast	Forecast	Forecast	Forecast	Forecast	Forecast	Forecast		Healthy	Healthy	Healthy	Healthy	Healthy	Healthy	Healthy	Healthy	Healthy	Healthy	Healthy	Healthy	Healthy	Healthy	Healthy	Healthy	Healthy		Week 4 2026	10/3/2026	9:38:40 AM	9		1%	1%	10%	9%	0%	0%		0.1 	0	0	0	0	0	0.089500 
	Kirk Cousins	Las Vegas Raiders	QB	QB30	13.7 	220 	3,334 	208.4 	26.6 	1.7 	25 	1.6 	0.2 	0.0 	0.0 	0.0 	0 	0.0 	0.0 	0.0 	10.9 	1.0 	0.0 	0.538 	0.460 	0.158 	0 	0.078 	0.000 	205 	293 	88 	27 	35 	8 	0.120 																13.8 	20.2 	22.2 	14.1 	13.6 	13.9 	13.8 	12.9 	13.5 	12.9 	12.6 	12.7 	0.0 	10.8 	10.3 	11.1 	11.1 		QB21	QB10	QB10	QB23	QB24	QB22	QB26	QB27	QB26	QB26	QB24	QB30	-	QB29	QB31	QB31	QB31		QB30	12.6 	205.7 	1.4 	2.1 	0.0 	0.0 	0.0 	0.0 	30 	0.527 	0.460 	0.114 	0 	0.072 	0.000 	217 	0.095 		163 														QB9	18.7 	891.2 	5.9 	9.1 	0.1 	0.0 	0.0 	0.0 	9 	0.540 	0.460 	0.385 	1 	0.330 	0.000 	#N/A	0.359 		56.2 																	Las Vegas Raiders	Miami Dolphins	160 	3.0 	(6)	0.0 	0.0 	0 	0.0 	2.0 	0.0 	0.0 	0.0 	13.8 	QB21		Las Vegas Raiders	Los Angeles Chargers	253 	3.0 	1 	0.0 	0.0 	0 	0.0 	1.0 	0.0 	0.0 	0.0 	20.2 	QB10		Las Vegas Raiders	New Orleans Saints	248 	3.0 	3 	0.0 	0.0 	0 	0.0 	0.0 	0.0 	0.0 	0.0 	22.2 	QB10		Las Vegas Raiders	Kansas City Chiefs	224 	1.6 	2 	0.0 	0.0 	0 	0.0 	0.6 	0.1 	0.0 	0.0 	14.1 	QB23		Las Vegas Raiders	New England Patriots	220 	1.5 	2 	0.0 	0.0 	0 	0.0 	0.6 	0.1 	0.0 	0.0 	13.6 	QB24		Las Vegas Raiders	Buffalo Bills	225 	1.5 	2 	0.0 	0.0 	0 	0.0 	0.6 	0.1 	0.0 	0.0 	13.9 	QB22		Las Vegas Raiders	Los Angeles Rams	226 	1.5 	2 	0.0 	0.0 	0 	0.0 	0.6 	0.1 	0.0 	0.0 	13.8 	QB26		Las Vegas Raiders	New York Jets	212 	1.4 	2 	0.0 	0.0 	0 	0.0 	0.6 	0.1 	0.0 	0.0 	12.9 	QB27		Las Vegas Raiders	San Francisco 49ers	224 	1.4 	2 	0.0 	0.0 	0 	0.0 	0.6 	0.1 	0.0 	0.0 	13.5 	QB26		Las Vegas Raiders	Seattle Seahawks	217 	1.4 	2 	0.0 	0.0 	0 	0.0 	0.6 	0.1 	0.0 	0.0 	12.9 	QB26		Las Vegas Raiders	Denver Broncos	216 	1.3 	2 	0.0 	0.0 	0 	0.0 	0.6 	0.1 	0.0 	0.0 	12.6 	QB24		Las Vegas Raiders	Cleveland Browns	210 	1.4 	2 	0.0 	0.0 	0 	0.0 	0.6 	0.1 	0.0 	0.0 	12.7 	QB30		Las Vegas Raiders	BYE	0 	0.0 	0 	0.0 	0.0 	0 	0.0 	0.0 	0.0 	0.0 	0.0 	0.0 	-		Las Vegas Raiders	Los Angeles Chargers	177 	1.1 	2 	0.0 	0.0 	0 	0.0 	0.5 	0.1 	0.0 	0.0 	10.8 	QB29		Las Vegas Raiders	Denver Broncos	172 	1.1 	2 	0.0 	0.0 	0 	0.0 	0.5 	0.1 	0.0 	0.0 	10.3 	QB31		Las Vegas Raiders	Tennessee Titans	175 	1.2 	2 	0.0 	0.0 	0 	0.0 	0.5 	0.1 	0.0 	0.0 	11.1 	QB31		Las Vegas Raiders	Arizona Cardinals	175 	1.2 	2 	0.0 	0.0 	0 	0.0 	0.5 	0.1 	0.0 	0.0 	11.1 	QB31		Actual	Actual	Actual	Forecast	Forecast	Forecast	Forecast	Forecast	Forecast	Forecast	Forecast	Forecast	Forecast	Forecast	Forecast	Forecast	Forecast		Healthy	Healthy	Healthy	Healthy	Healthy	Healthy	Healthy	Healthy	Healthy	Healthy	Healthy	Healthy	Healthy	Healthy	Healthy	Healthy	Healthy		Week 4 2026	10/3/2026	9:38:40 AM	9		0%	0%	2%	2%	80%	80%		(0.3)	0	0	0	0	0	(0.264493)
	Dawson Knox	Buffalo Bills	TE	TE38	1.8 	28 	0 	0.0 	0.0 	0.0 	0 	0.0 	0.0 	0.0 	4.0 	0.3 	131 	8.2 	1.9 	0.1 	0.0 	0.0 	0.0 	0.069 	0.560 	0.219 	(1)	0.000 	0.000 	217 	322 	105 	38 	38 	0 	0.098 																1.7 	8.5 	1.5 	1.3 	1.3 	1.3 	0.0 	1.3 	1.3 	1.2 	1.3 	1.3 	1.2 	1.3 	1.3 	1.2 	1.3 		TE35	TE16	TE30	TE37	TE34	TE33	-	TE35	TE37	TE34	TE31	TE39	TE34	TE37	TE39	TE39	TE39		TE39	1.3 	0.0 	0.0 	0.0 	0.0 	0.0 	8.8 	0.1 	39 	0.054 	0.560 	0.208 	(1)	0.000 	0.000 	219 	0.091 		17 														TE41	3.9 	0.0 	0.0 	0.0 	0.0 	0.0 	38.1 	0.3 	41 	0.112 	0.560 	0.188 	(1)	0.000 	0.000 	#N/A	0.092 		11.7 																	Buffalo Bills	Houston Texans	0 	0.0 	0 	0.0 	1.0 	7 	0.0 	0.0 	0.0 	0.0 	0.0 	1.7 	TE35		Buffalo Bills	Detroit Lions	0 	0.0 	0 	0.0 	2.0 	5 	1.0 	0.0 	0.0 	0.0 	0.0 	8.5 	TE16		Buffalo Bills	Los Angeles Chargers	0 	0.0 	0 	0.0 	1.0 	5 	0.0 	0.0 	0.0 	0.0 	0.0 	1.5 	TE30		Buffalo Bills	New England Patriots	0 	0.0 	0 	0.0 	0.0 	9 	0.1 	0.0 	0.0 	0.0 	0.0 	1.3 	TE37		Buffalo Bills	Los Angeles Rams	0 	0.0 	0 	0.0 	0.0 	9 	0.1 	0.0 	0.0 	0.0 	0.0 	1.3 	TE34		Buffalo Bills	Las Vegas Raiders	0 	0.0 	0 	0.0 	0.0 	9 	0.1 	0.0 	0.0 	0.0 	0.0 	1.3 	TE33		Buffalo Bills	BYE	0 	0.0 	0 	0.0 	0.0 	0 	0.0 	0.0 	0.0 	0.0 	0.0 	0.0 	-		Buffalo Bills	Baltimore Ravens	0 	0.0 	0 	0.0 	0.0 	9 	0.1 	0.0 	0.0 	0.0 	0.0 	1.3 	TE35		Buffalo Bills	Minnesota Vikings	0 	0.0 	0 	0.0 	0.0 	9 	0.1 	0.0 	0.0 	0.0 	0.0 	1.3 	TE37		Buffalo Bills	New York Jets	0 	0.0 	0 	0.0 	0.0 	9 	0.1 	0.0 	0.0 	0.0 	0.0 	1.2 	TE34		Buffalo Bills	Miami Dolphins	0 	0.0 	0 	0.0 	0.0 	9 	0.1 	0.0 	0.0 	0.0 	0.0 	1.3 	TE31		Buffalo Bills	Kansas City Chiefs	0 	0.0 	0 	0.0 	0.0 	9 	0.1 	0.0 	0.0 	0.0 	0.0 	1.3 	TE39		Buffalo Bills	New England Patriots	0 	0.0 	0 	0.0 	0.0 	9 	0.1 	0.0 	0.0 	0.0 	0.0 	1.2 	TE34		Buffalo Bills	Green Bay Packers	0 	0.0 	0 	0.0 	0.0 	9 	0.1 	0.0 	0.0 	0.0 	0.0 	1.3 	TE37		Buffalo Bills	Chicago Bears	0 	0.0 	0 	0.0 	0.0 	9 	0.1 	0.0 	0.0 	0.0 	0.0 	1.3 	TE39		Buffalo Bills	Denver Broncos	0 	0.0 	0 	0.0 	0.0 	9 	0.1 	0.0 	0.0 	0.0 	0.0 	1.2 	TE39		Buffalo Bills	Miami Dolphins	0 	0.0 	0 	0.0 	0.0 	9 	0.1 	0.0 	0.0 	0.0 	0.0 	1.3 	TE39		Actual	Actual	Actual	Forecast	Forecast	Forecast	Forecast	Forecast	Forecast	Forecast	Forecast	Forecast	Forecast	Forecast	Forecast	Forecast	Forecast		Healthy	Healthy	Healthy	Healthy	Healthy	Healthy	Healthy	Healthy	Healthy	Healthy	Healthy	Healthy	Healthy	Healthy	Healthy	Healthy	Healthy		Week 4 2026	10/3/2026	9:38:40 AM	9		4%	5%	0%	0%	0%	0%		(0.0)	0	0	0	0	0	(0.000638)
	Germie Bernard	Pittsburgh Steelers	WR	WR84	3.6 	55 	0 	0.0 	0.0 	0.0 	0 	0.0 	0.0 	0.0 	22.1 	1.5 	254 	17.0 	1.2 	0.1 	0.0 	0.0 	0.0 	0.134 	1.000 	0.160 	(1)	0.000 	0.000 	219 	284 	65 	84 	94 	10 	0.092 																0.0 	7.5 	2.4 	3.3 	3.6 	3.5 	3.5 	3.3 	0.0 	3.6 	3.4 	3.3 	3.4 	3.4 	3.5 	3.5 	3.4 		-	WR39	WR79	WR78	WR77	WR72	WR70	WR73	-	WR72	WR72	WR85	WR74	WR79	WR85	WR85	WR85		WR84	3.4 	0.0 	0.0 	0.0 	0.0 	1.3 	15.8 	0.1 	84 	0.145 	1.000 	0.160 	(1)	0.000 	0.000 	218 	0.094 		45 														WR101	5.0 	0.0 	0.0 	0.0 	0.0 	8.6 	102.7 	0.6 	101 	0.095 	1.000 	0.000 	(1)	0.000 	0.000 	#N/A	0.014 		9.9 																	Pittsburgh Steelers	Atlanta Falcons	0 	0.0 	0 	0.0 	0.0 	0 	0.0 	0.0 	0.0 	0.0 	0.0 	0.0 	-		Pittsburgh Steelers	New England Patriots	0 	0.0 	0 	0.0 	4.0 	35 	0.0 	0.0 	0.0 	0.0 	0.0 	7.5 	WR39		Pittsburgh Steelers	Cincinnati Bengals	0 	0.0 	0 	0.0 	1.0 	14 	0.0 	0.0 	0.0 	0.0 	0.0 	2.4 	WR79		Pittsburgh Steelers	Cleveland Browns	0 	0.0 	0 	0.0 	1.3 	15 	0.1 	0.0 	0.0 	0.0 	0.0 	3.3 	WR78		Pittsburgh Steelers	Indianapolis Colts	0 	0.0 	0 	0.0 	1.3 	16 	0.1 	0.0 	0.0 	0.0 	0.0 	3.6 	WR77		Pittsburgh Steelers	Tampa Bay Buccaneers	0 	0.0 	0 	0.0 	1.3 	16 	0.1 	0.0 	0.0 	0.0 	0.0 	3.5 	WR72		Pittsburgh Steelers	New Orleans Saints	0 	0.0 	0 	0.0 	1.3 	16 	0.1 	0.0 	0.0 	0.0 	0.0 	3.5 	WR70		Pittsburgh Steelers	Cleveland Browns	0 	0.0 	0 	0.0 	1.3 	15 	0.1 	0.0 	0.0 	0.0 	0.0 	3.3 	WR73		Pittsburgh Steelers	BYE	0 	0.0 	0 	0.0 	0.0 	0 	0.0 	0.0 	0.0 	0.0 	0.0 	0.0 	-		Pittsburgh Steelers	Cincinnati Bengals	0 	0.0 	0 	0.0 	1.4 	16 	0.1 	0.0 	0.0 	0.0 	0.0 	3.6 	WR72		Pittsburgh Steelers	Philadelphia Eagles	0 	0.0 	0 	0.0 	1.3 	16 	0.1 	0.0 	0.0 	0.0 	0.0 	3.4 	WR72		Pittsburgh Steelers	Denver Broncos	0 	0.0 	0 	0.0 	1.3 	15 	0.1 	0.0 	0.0 	0.0 	0.0 	3.3 	WR85		Pittsburgh Steelers	Houston Texans	0 	0.0 	0 	0.0 	1.3 	16 	0.1 	0.0 	0.0 	0.0 	0.0 	3.4 	WR74		Pittsburgh Steelers	Jacksonville Jaguars	0 	0.0 	0 	0.0 	1.3 	16 	0.1 	0.0 	0.0 	0.0 	0.0 	3.4 	WR79		Pittsburgh Steelers	Baltimore Ravens	0 	0.0 	0 	0.0 	1.3 	16 	0.1 	0.0 	0.0 	0.0 	0.0 	3.5 	WR85		Pittsburgh Steelers	Carolina Panthers	0 	0.0 	0 	0.0 	1.3 	16 	0.1 	0.0 	0.0 	0.0 	0.0 	3.5 	WR85		Pittsburgh Steelers	Tennessee Titans	0 	0.0 	0 	0.0 	1.3 	16 	0.1 	0.0 	0.0 	0.0 	0.0 	3.4 	WR85		Actual	Actual	Actual	Forecast	Forecast	Forecast	Forecast	Forecast	Forecast	Forecast	Forecast	Forecast	Forecast	Forecast	Forecast	Forecast	Forecast		Healthy	Healthy	Healthy	Healthy	Healthy	Healthy	Healthy	Healthy	Healthy	Healthy	Healthy	Healthy	Healthy	Healthy	Healthy	Healthy	Healthy		Week 4 2026	10/3/2026	9:38:40 AM	9		7%	6%	0%	0%	0%	0%		0.1 	0	0	0	0	0	0.079409 
	Nicholas Singleton	Tennessee Titans	RB	RB68	2.0 	28 	0 	0.0 	0.0 	0.0 	77 	5.5 	0.7 	0.0 	8.4 	0.6 	59 	4.2 	0.4 	0.0 	0.0 	0.2 	0.0 	0.068 	1.000 	0.160 	(1)	0.000 	0.000 	224 	238 	14 	68 	65 	(3)	0.082 																0.0 	1.0 	0.0 	1.8 	1.9 	2.1 	2.1 	2.1 	0.0 	2.1 	2.1 	2.0 	2.2 	2.0 	2.2 	2.1 	2.1 		-	RB61	-	RB58	RB59	RB57	RB58	RB56	-	RB58	RB52	RB68	RB61	RB65	RB68	RB69	RB69		RB69	2.1 	0.0 	0.0 	5.2 	0.1 	0.6 	4.5 	0.0 	69 	0.087 	1.000 	0.147 	(1)	0.000 	0.000 	227 	0.079 		27 														RB90	1.0 	0.0 	0.0 	67.3 	0.7 	8.4 	58.8 	0.4 	90 	0.010 	1.000 	0.000 	(1)	0.000 	0.000 	#N/A	0.001 		1.0 																	Tennessee Titans	New York Jets	0 	0.0 	0 	0.0 	0.0 	0 	0.0 	0.0 	0.0 	0.0 	0.0 	0.0 	-		Tennessee Titans	Philadelphia Eagles	0 	0.0 	10 	0.0 	0.0 	0 	0.0 	0.0 	0.0 	0.0 	0.0 	1.0 	RB61		Tennessee Titans	New York Giants	0 	0.0 	0 	0.0 	0.0 	0 	0.0 	0.0 	0.0 	0.0 	0.0 	0.0 	-		Tennessee Titans	Baltimore Ravens	0 	0.0 	4 	0.0 	0.6 	4 	0.0 	0.0 	0.0 	0.0 	0.0 	1.8 	RB58		Tennessee Titans	Houston Texans	0 	0.0 	5 	0.0 	0.6 	4 	0.0 	0.0 	0.0 	0.0 	0.0 	1.9 	RB59		Tennessee Titans	Indianapolis Colts	0 	0.0 	5 	0.1 	0.7 	5 	0.0 	0.0 	0.0 	0.0 	0.0 	2.1 	RB57		Tennessee Titans	Cleveland Browns	0 	0.0 	6 	0.1 	0.6 	4 	0.0 	0.0 	0.0 	0.0 	0.0 	2.1 	RB58		Tennessee Titans	Cincinnati Bengals	0 	0.0 	5 	0.1 	0.7 	5 	0.0 	0.0 	0.0 	0.0 	0.0 	2.1 	RB56		Tennessee Titans	BYE	0 	0.0 	0 	0.0 	0.0 	0 	0.0 	0.0 	0.0 	0.0 	0.0 	0.0 	-		Tennessee Titans	Jacksonville Jaguars	0 	0.0 	6 	0.1 	0.6 	4 	0.0 	0.0 	0.0 	0.0 	0.0 	2.1 	RB58		Tennessee Titans	Dallas Cowboys	0 	0.0 	5 	0.1 	0.7 	5 	0.0 	0.0 	0.0 	0.0 	0.0 	2.1 	RB52		Tennessee Titans	Jacksonville Jaguars	0 	0.0 	5 	0.0 	0.7 	5 	0.0 	0.0 	0.0 	0.0 	0.0 	2.0 	RB68		Tennessee Titans	Washington Commanders	0 	0.0 	6 	0.1 	0.7 	5 	0.0 	0.0 	0.0 	0.0 	0.0 	2.2 	RB61		Tennessee Titans	Detroit Lions	0 	0.0 	5 	0.0 	0.7 	5 	0.0 	0.0 	0.0 	0.0 	0.0 	2.0 	RB65		Tennessee Titans	Indianapolis Colts	0 	0.0 	6 	0.1 	0.7 	5 	0.0 	0.0 	0.0 	0.0 	0.0 	2.2 	RB68		Tennessee Titans	Las Vegas Raiders	0 	0.0 	5 	0.1 	0.6 	4 	0.0 	0.0 	0.0 	0.0 	0.0 	2.1 	RB69		Tennessee Titans	Pittsburgh Steelers	0 	0.0 	5 	0.1 	0.6 	4 	0.0 	0.0 	0.0 	0.0 	0.0 	2.1 	RB69		Actual	Actual	Actual	Forecast	Forecast	Forecast	Forecast	Forecast	Forecast	Forecast	Forecast	Forecast	Forecast	Forecast	Forecast	Forecast	Forecast		Injured	Healthy	Healthy	Healthy	Healthy	Healthy	Healthy	Healthy	Healthy	Healthy	Healthy	Healthy	Healthy	Healthy	Healthy	Healthy	Healthy		Week 4 2026	10/3/2026	9:38:40 AM	9		2%	2%	5%	7%	0%	0%		0.1 	1	0	0	0	0	
	Theo Johnson	New York Giants	TE	TE40	1.2 	17 	0 	0.0 	0.0 	0.0 	0 	0.0 	0.0 	0.0 	5.5 	0.4 	62 	4.4 	0.9 	0.1 	0.0 	0.0 	0.0 	0.041 	0.560 	0.198 	(1)	0.000 	0.000 	223 	327 	104 	40 	39 	(1)	0.085 																1.9 	0.0 	0.0 	1.1 	1.1 	1.2 	1.1 	0.0 	1.1 	1.2 	1.2 	1.2 	1.2 	1.1 	1.1 	1.2 	1.2 		TE33	-	-	TE38	TE35	TE34	TE34	-	TE38	TE35	TE32	TE40	TE35	TE38	TE40	TE40	TE40		TE40	1.2 	0.0 	0.0 	0.0 	0.0 	0.3 	4.1 	0.1 	40 	0.048 	0.560 	0.198 	(1)	0.000 	0.000 	222 	0.087 		15 														TE77	1.9 	0.0 	0.0 	0.0 	0.0 	4.5 	53.0 	0.9 	77 	0.018 	0.560 	0.000 	(1)	0.000 	0.000 	#N/A	0.003 		1.9 																	New York Giants	Dallas Cowboys	0 	0.0 	0 	0.0 	1.0 	9 	0.0 	0.0 	0.0 	0.0 	0.0 	1.9 	TE33		New York Giants	Los Angeles Rams	0 	0.0 	0 	0.0 	0.0 	0 	0.0 	0.0 	0.0 	0.0 	0.0 	0.0 	-		New York Giants	Tennessee Titans	0 	0.0 	0 	0.0 	0.0 	0 	0.0 	0.0 	0.0 	0.0 	0.0 	0.0 	-		New York Giants	Arizona Cardinals	0 	0.0 	0 	0.0 	0.3 	4 	0.1 	0.0 	0.0 	0.0 	0.0 	1.1 	TE38		New York Giants	Washington Commanders	0 	0.0 	0 	0.0 	0.3 	4 	0.1 	0.0 	0.0 	0.0 	0.0 	1.1 	TE35		New York Giants	New Orleans Saints	0 	0.0 	0 	0.0 	0.3 	4 	0.1 	0.0 	0.0 	0.0 	0.0 	1.2 	TE34		New York Giants	Houston Texans	0 	0.0 	0 	0.0 	0.3 	4 	0.1 	0.0 	0.0 	0.0 	0.0 	1.1 	TE34		New York Giants	BYE	0 	0.0 	0 	0.0 	0.0 	0 	0.0 	0.0 	0.0 	0.0 	0.0 	0.0 	-		New York Giants	Philadelphia Eagles	0 	0.0 	0 	0.0 	0.3 	4 	0.1 	0.0 	0.0 	0.0 	0.0 	1.1 	TE38		New York Giants	Washington Commanders	0 	0.0 	0 	0.0 	0.4 	4 	0.1 	0.0 	0.0 	0.0 	0.0 	1.2 	TE35		New York Giants	Jacksonville Jaguars	0 	0.0 	0 	0.0 	0.3 	4 	0.1 	0.0 	0.0 	0.0 	0.0 	1.2 	TE32		New York Giants	Indianapolis Colts	0 	0.0 	0 	0.0 	0.3 	4 	0.1 	0.0 	0.0 	0.0 	0.0 	1.2 	TE40		New York Giants	San Francisco 49ers	0 	0.0 	0 	0.0 	0.3 	4 	0.1 	0.0 	0.0 	0.0 	0.0 	1.2 	TE35		New York Giants	Seattle Seahawks	0 	0.0 	0 	0.0 	0.4 	4 	0.1 	0.0 	0.0 	0.0 	0.0 	1.1 	TE38		New York Giants	Cleveland Browns	0 	0.0 	0 	0.0 	0.3 	4 	0.1 	0.0 	0.0 	0.0 	0.0 	1.1 	TE40		New York Giants	Detroit Lions	0 	0.0 	0 	0.0 	0.4 	4 	0.1 	0.0 	0.0 	0.0 	0.0 	1.2 	TE40		New York Giants	Dallas Cowboys	0 	0.0 	0 	0.0 	0.4 	4 	0.1 	0.0 	0.0 	0.0 	0.0 	1.2 	TE40		Actual	Actual	Actual	Forecast	Forecast	Forecast	Forecast	Forecast	Forecast	Forecast	Forecast	Forecast	Forecast	Forecast	Forecast	Forecast	Forecast		Healthy	Healthy	Healthy	Healthy	Healthy	Healthy	Healthy	Healthy	Healthy	Healthy	Healthy	Healthy	Healthy	Healthy	Healthy	Healthy	Healthy		Week 4 2026	10/3/2026	9:38:40 AM	9		2%	5%	0%	0%	0%	0%		0.1 	0	0	0	0	0	0.083795 
	Jahan Dotson	Atlanta Falcons	WR	WR85	3.1 	50 	0 	0.0 	0.0 	0.0 	0 	0.0 	0.0 	0.0 	20.9 	1.3 	227 	14.2 	1.0 	0.1 	0.0 	0.0 	0.0 	0.122 	1.000 	0.150 	(1)	0.000 	0.000 	222 	538 	316 	85 	175 	90 	0.086 																2.9 	3.1 	2.1 	3.2 	3.3 	3.2 	3.2 	3.2 	3.3 	3.2 	0.0 	3.1 	3.3 	3.0 	3.2 	3.2 	3.2 		WR81	WR73	WR80	WR79	WR78	WR73	WR72	WR74	WR80	WR74	-	WR86	WR75	WR83	WR87	WR87	WR87		WR85	3.2 	0.0 	0.0 	0.0 	0.0 	1.3 	14.3 	0.1 	85 	0.134 	1.000 	0.150 	(1)	0.000 	0.000 	221 	0.088 		42 														WR108	2.7 	0.0 	0.0 	0.0 	0.0 	5.6 	62.1 	0.3 	108 	0.078 	1.000 	0.000 	(1)	0.000 	0.000 	#N/A	0.012 		8.1 																	Atlanta Falcons	Pittsburgh Steelers	0 	0.0 	0 	0.0 	1.0 	19 	0.0 	0.0 	0.0 	0.0 	0.0 	2.9 	WR81		Atlanta Falcons	Carolina Panthers	0 	0.0 	0 	0.0 	2.0 	11 	0.0 	0.0 	0.0 	0.0 	0.0 	3.1 	WR73		Atlanta Falcons	Green Bay Packers	0 	0.0 	0 	0.0 	1.0 	11 	0.0 	0.0 	0.0 	0.0 	0.0 	2.1 	WR80		Atlanta Falcons	New Orleans Saints	0 	0.0 	0 	0.0 	1.3 	14 	0.1 	0.0 	0.0 	0.0 	0.0 	3.2 	WR79		Atlanta Falcons	Baltimore Ravens	0 	0.0 	0 	0.0 	1.4 	15 	0.1 	0.0 	0.0 	0.0 	0.0 	3.3 	WR78		Atlanta Falcons	Chicago Bears	0 	0.0 	0 	0.0 	1.3 	14 	0.1 	0.0 	0.0 	0.0 	0.0 	3.2 	WR73		Atlanta Falcons	San Francisco 49ers	0 	0.0 	0 	0.0 	1.3 	14 	0.1 	0.0 	0.0 	0.0 	0.0 	3.2 	WR72		Atlanta Falcons	Tampa Bay Buccaneers	0 	0.0 	0 	0.0 	1.3 	14 	0.1 	0.0 	0.0 	0.0 	0.0 	3.2 	WR74		Atlanta Falcons	Cincinnati Bengals	0 	0.0 	0 	0.0 	1.4 	15 	0.1 	0.0 	0.0 	0.0 	0.0 	3.3 	WR80		Atlanta Falcons	Kansas City Chiefs	0 	0.0 	0 	0.0 	1.3 	14 	0.1 	0.0 	0.0 	0.0 	0.0 	3.2 	WR74		Atlanta Falcons	BYE	0 	0.0 	0 	0.0 	0.0 	0 	0.0 	0.0 	0.0 	0.0 	0.0 	0.0 	-		Atlanta Falcons	Minnesota Vikings	0 	0.0 	0 	0.0 	1.3 	14 	0.1 	0.0 	0.0 	0.0 	0.0 	3.1 	WR86		Atlanta Falcons	Detroit Lions	0 	0.0 	0 	0.0 	1.3 	15 	0.1 	0.0 	0.0 	0.0 	0.0 	3.3 	WR75		Atlanta Falcons	Cleveland Browns	0 	0.0 	0 	0.0 	1.2 	14 	0.1 	0.0 	0.0 	0.0 	0.0 	3.0 	WR83		Atlanta Falcons	Washington Commanders	0 	0.0 	0 	0.0 	1.3 	14 	0.1 	0.0 	0.0 	0.0 	0.0 	3.2 	WR87		Atlanta Falcons	Tampa Bay Buccaneers	0 	0.0 	0 	0.0 	1.3 	14 	0.1 	0.0 	0.0 	0.0 	0.0 	3.2 	WR87		Atlanta Falcons	New Orleans Saints	0 	0.0 	0 	0.0 	1.3 	14 	0.1 	0.0 	0.0 	0.0 	0.0 	3.2 	WR87		Actual	Actual	Actual	Forecast	Forecast	Forecast	Forecast	Forecast	Forecast	Forecast	Forecast	Forecast	Forecast	Forecast	Forecast	Forecast	Forecast		Healthy	Healthy	Healthy	Healthy	Healthy	Healthy	Healthy	Healthy	Healthy	Healthy	Healthy	Healthy	Healthy	Healthy	Healthy	Healthy	Healthy		Week 4 2026	10/3/2026	9:38:40 AM	9		7%	6%	0%	0%	0%	0%		0.1 	0	0	0	0	0	0.075934 
	Dylan Sampson	Cleveland Browns	RB	RB69	2.5 	27 	0 	0.0 	0.0 	0.0 	63 	5.7 	0.4 	0.0 	9.9 	0.9 	74 	6.8 	0.3 	0.0 	0.0 	0.2 	0.0 	0.066 	1.000 	0.147 	(1)	0.000 	0.000 	227 	170 	(57)	69 	55 	(14)	0.076 				-	-		-	-		-	-		-	-		0.0 	0.0 	0.0 	0.0 	0.0 	2.5 	2.5 	2.3 	2.5 	2.4 	0.0 	2.6 	2.6 	2.6 	2.4 	2.3 	2.6 		-	-	-	-	-	RB55	RB55	RB55	RB60	RB57	-	RB63	RB59	RB62	RB65	RB67	RB64		RB68	2.5 	0.0 	0.0 	5.7 	0.0 	0.9 	6.8 	0.0 	68 	0.088 	1.000 	0.160 	(1)	0.000 	0.000 	223 	0.085 		27 														-	0.0 	0.0 	0.0 	0.0 	0.0 	0.0 	0.0 	0.0 	#N/A	0.000 	1.000 	#N/A	(1)	0.000 	0.000 	#N/A	#N/A		0.0 																	Cleveland Browns	Jacksonville Jaguars	0 	0.0 	0 	0.0 	0.0 	0 	0.0 	0.0 	0.0 	0.0 	0.0 	0.0 	-		Cleveland Browns	Tampa Bay Buccaneers	0 	0.0 	0 	0.0 	0.0 	0 	0.0 	0.0 	0.0 	0.0 	0.0 	0.0 	-		Cleveland Browns	Carolina Panthers	0 	0.0 	0 	0.0 	0.0 	0 	0.0 	0.0 	0.0 	0.0 	0.0 	0.0 	-		Cleveland Browns	Pittsburgh Steelers	0 	0.0 	0 	0.0 	0.0 	0 	0.0 	0.0 	0.0 	0.0 	0.0 	0.0 	-		Cleveland Browns	New York Jets	0 	0.0 	0 	0.0 	0.0 	0 	0.0 	0.0 	0.0 	0.0 	0.0 	0.0 	-		Cleveland Browns	Baltimore Ravens	0 	0.0 	5 	0.0 	0.9 	7 	0.0 	0.0 	0.0 	0.0 	0.0 	2.5 	RB55		Cleveland Browns	Tennessee Titans	0 	0.0 	6 	0.0 	0.9 	7 	0.0 	0.0 	0.0 	0.0 	0.0 	2.5 	RB55		Cleveland Browns	Pittsburgh Steelers	0 	0.0 	5 	0.0 	0.9 	7 	0.0 	0.0 	0.0 	0.0 	0.0 	2.3 	RB55		Cleveland Browns	New Orleans Saints	0 	0.0 	6 	0.0 	0.9 	7 	0.0 	0.0 	0.0 	0.0 	0.0 	2.5 	RB60		Cleveland Browns	Houston Texans	0 	0.0 	5 	0.0 	0.9 	7 	0.0 	0.0 	0.0 	0.0 	0.0 	2.4 	RB57		Cleveland Browns	BYE	0 	0.0 	0 	0.0 	0.0 	0 	0.0 	0.0 	0.0 	0.0 	0.0 	0.0 	-		Cleveland Browns	Las Vegas Raiders	0 	0.0 	6 	0.0 	0.9 	7 	0.0 	0.0 	0.0 	0.0 	0.0 	2.6 	RB63		Cleveland Browns	Cincinnati Bengals	0 	0.0 	6 	0.0 	0.9 	7 	0.0 	0.0 	0.0 	0.0 	0.0 	2.6 	RB59		Cleveland Browns	Atlanta Falcons	0 	0.0 	6 	0.0 	0.9 	7 	0.0 	0.0 	0.0 	0.0 	0.0 	2.6 	RB62		Cleveland Browns	New York Giants	0 	0.0 	6 	0.0 	0.9 	7 	0.0 	0.0 	0.0 	0.0 	0.0 	2.4 	RB65		Cleveland Browns	Baltimore Ravens	0 	0.0 	5 	0.0 	0.9 	7 	0.0 	0.0 	0.0 	0.0 	0.0 	2.3 	RB67		Cleveland Browns	Indianapolis Colts	0 	0.0 	6 	0.0 	0.9 	7 	0.0 	0.0 	0.0 	0.0 	0.0 	2.6 	RB64		Actual	Actual	Actual	Forecast	Forecast	Forecast	Forecast	Forecast	Forecast	Forecast	Forecast	Forecast	Forecast	Forecast	Forecast	Forecast	Forecast		Healthy	Injured	Injured	Injured	Injured	Healthy	Healthy	Healthy	Healthy	Healthy	Healthy	Healthy	Healthy	Healthy	Healthy	Healthy	Healthy		Week 4 2026	10/3/2026	9:38:40 AM	9		3%	2%	6%	5%	0%	0%		0.1 	0	1	1	1	1	
	Michael Penix Jr.	Atlanta Falcons	QB	QB32	12.5 	176 	2,891 	206.5 	17.7 	1.3 	66 	4.7 	0.3 	0.0 	0.0 	0.0 	0 	0.0 	0.0 	0.0 	9.4 	1.0 	0.0 	0.430 	0.460 	0.100 	(0)	0.000 	0.000 	239 	283 	44 	31 	33 	2 	0.053 																0.0 	0.0 	14.0 	12.6 	12.9 	12.5 	12.5 	12.3 	13.0 	12.1 	0.0 	11.7 	12.9 	11.5 	12.5 	12.4 	12.5 		-	-	QB21	QB29	QB28	QB26	QB27	QB28	QB27	QB27	-	QB31	QB27	QB28	QB30	QB30	QB30		QB31	12.4 	202.7 	1.3 	5.2 	0.0 	0.0 	0.0 	0.0 	31 	0.522 	0.460 	0.100 	0 	0.059 	0.000 	226 	0.081 		162 														QB35	14.0 	2,635.3 	16.7 	68.0 	0.3 	0.0 	0.0 	0.0 	35 	0.135 	0.460 	0.040 	(1)	0.000 	0.000 	#N/A	0.021 		14.0 																	Atlanta Falcons	Pittsburgh Steelers	0 	0.0 	0 	0.0 	0.0 	0 	0.0 	0.0 	0.0 	0.0 	0.0 	0.0 	-		Atlanta Falcons	Carolina Panthers	0 	0.0 	0 	0.0 	0.0 	0 	0.0 	0.0 	0.0 	0.0 	0.0 	0.0 	-		Atlanta Falcons	Green Bay Packers	256 	1.0 	(2)	0.0 	0.0 	0 	0.0 	1.0 	0.0 	0.0 	1.0 	14.0 	QB21		Atlanta Falcons	New Orleans Saints	203 	1.3 	5 	0.0 	0.0 	0 	0.0 	0.6 	0.1 	0.0 	0.0 	12.6 	QB29		Atlanta Falcons	Baltimore Ravens	210 	1.3 	5 	0.0 	0.0 	0 	0.0 	0.6 	0.1 	0.0 	0.0 	12.9 	QB28		Atlanta Falcons	Chicago Bears	202 	1.3 	5 	0.0 	0.0 	0 	0.0 	0.6 	0.1 	0.0 	0.0 	12.5 	QB26		Atlanta Falcons	San Francisco 49ers	204 	1.3 	5 	0.0 	0.0 	0 	0.0 	0.6 	0.1 	0.0 	0.0 	12.5 	QB27		Atlanta Falcons	Tampa Bay Buccaneers	203 	1.3 	5 	0.0 	0.0 	0 	0.0 	0.6 	0.1 	0.0 	0.0 	12.3 	QB28		Atlanta Falcons	Cincinnati Bengals	211 	1.4 	5 	0.0 	0.0 	0 	0.0 	0.6 	0.1 	0.0 	0.0 	13.0 	QB27		Atlanta Falcons	Kansas City Chiefs	201 	1.2 	5 	0.0 	0.0 	0 	0.0 	0.6 	0.1 	0.0 	0.0 	12.1 	QB27		Atlanta Falcons	BYE	0 	0.0 	0 	0.0 	0.0 	0 	0.0 	0.0 	0.0 	0.0 	0.0 	0.0 	-		Atlanta Falcons	Minnesota Vikings	197 	1.2 	5 	0.0 	0.0 	0 	0.0 	0.6 	0.1 	0.0 	0.0 	11.7 	QB31		Atlanta Falcons	Detroit Lions	208 	1.4 	5 	0.0 	0.0 	0 	0.0 	0.6 	0.1 	0.0 	0.0 	12.9 	QB27		Atlanta Falcons	Cleveland Browns	193 	1.1 	5 	0.0 	0.0 	0 	0.0 	0.6 	0.1 	0.0 	0.0 	11.5 	QB28		Atlanta Falcons	Washington Commanders	204 	1.3 	5 	0.0 	0.0 	0 	0.0 	0.6 	0.1 	0.0 	0.0 	12.5 	QB30		Atlanta Falcons	Tampa Bay Buccaneers	201 	1.3 	5 	0.0 	0.0 	0 	0.0 	0.6 	0.1 	0.0 	0.0 	12.4 	QB30		Atlanta Falcons	New Orleans Saints	199 	1.3 	6 	0.0 	0.0 	0 	0.0 	0.6 	0.1 	0.0 	0.0 	12.5 	QB30		Actual	Actual	Actual	Forecast	Forecast	Forecast	Forecast	Forecast	Forecast	Forecast	Forecast	Forecast	Forecast	Forecast	Forecast	Forecast	Forecast		Injured	Injured	Healthy	Healthy	Healthy	Healthy	Healthy	Healthy	Healthy	Healthy	Healthy	Healthy	Healthy	Healthy	Healthy	Healthy	Healthy		Week 4 2026	10/3/2026	9:38:40 AM	9		0%	0%	4%	2%	99%	99%		0.1 	1	1	0	0	0	
	Tory Horton	Seattle Seahawks	WR	WR86	3.3 	47 	0 	0.0 	0.0 	0.0 	0 	0.0 	0.0 	0.0 	16.2 	1.2 	237 	16.9 	1.2 	0.1 	0.0 	0.0 	0.0 	0.114 	1.000 	0.140 	(1)	0.000 	0.000 	226 	301 	75 	86 	100 	14 	0.080 																0.0 	0.0 	7.8 	2.9 	3.1 	2.9 	3.0 	3.0 	3.1 	2.9 	0.0 	3.0 	3.1 	3.0 	2.9 	3.0 	2.9 		-	-	WR46	WR81	WR80	WR76	WR75	WR76	WR81	WR77	-	WR87	WR77	WR82	WR91	WR90	WR89		WR88	3.0 	0.0 	0.0 	0.0 	0.0 	1.0 	14.5 	0.1 	88 	0.126 	1.000 	0.120 	(1)	0.000 	0.000 	230 	0.073 		39 														WR110	7.8 	0.0 	0.0 	0.0 	0.0 	13.2 	188.9 	1.2 	110 	0.075 	1.000 	0.000 	(1)	0.000 	0.000 	#N/A	0.011 		7.8 																	Seattle Seahawks	New England Patriots	0 	0.0 	0 	0.0 	0.0 	0 	0.0 	0.0 	0.0 	0.0 	0.0 	0.0 	-		Seattle Seahawks	Arizona Cardinals	0 	0.0 	0 	0.0 	0.0 	0 	0.0 	0.0 	0.0 	0.0 	0.0 	0.0 	-		Seattle Seahawks	Washington Commanders	0 	0.0 	0 	0.0 	3.0 	48 	0.0 	0.0 	0.0 	0.0 	0.0 	7.8 	WR46		Seattle Seahawks	Los Angeles Chargers	0 	0.0 	0 	0.0 	1.0 	14 	0.1 	0.0 	0.0 	0.0 	0.0 	2.9 	WR81		Seattle Seahawks	San Francisco 49ers	0 	0.0 	0 	0.0 	1.0 	15 	0.1 	0.0 	0.0 	0.0 	0.0 	3.1 	WR80		Seattle Seahawks	Denver Broncos	0 	0.0 	0 	0.0 	1.0 	14 	0.1 	0.0 	0.0 	0.0 	0.0 	2.9 	WR76		Seattle Seahawks	Kansas City Chiefs	0 	0.0 	0 	0.0 	1.0 	15 	0.1 	0.0 	0.0 	0.0 	0.0 	3.0 	WR75		Seattle Seahawks	Chicago Bears	0 	0.0 	0 	0.0 	1.0 	15 	0.1 	0.0 	0.0 	0.0 	0.0 	3.0 	WR76		Seattle Seahawks	Arizona Cardinals	0 	0.0 	0 	0.0 	1.0 	15 	0.1 	0.0 	0.0 	0.0 	0.0 	3.1 	WR81		Seattle Seahawks	Las Vegas Raiders	0 	0.0 	0 	0.0 	1.0 	14 	0.1 	0.0 	0.0 	0.0 	0.0 	2.9 	WR77		Seattle Seahawks	BYE	0 	0.0 	0 	0.0 	0.0 	0 	0.0 	0.0 	0.0 	0.0 	0.0 	0.0 	-		Seattle Seahawks	San Francisco 49ers	0 	0.0 	0 	0.0 	1.0 	15 	0.1 	0.0 	0.0 	0.0 	0.0 	3.0 	WR87		Seattle Seahawks	Dallas Cowboys	0 	0.0 	0 	0.0 	1.0 	15 	0.1 	0.0 	0.0 	0.0 	0.0 	3.1 	WR77		Seattle Seahawks	New York Giants	0 	0.0 	0 	0.0 	1.0 	15 	0.1 	0.0 	0.0 	0.0 	0.0 	3.0 	WR82		Seattle Seahawks	Philadelphia Eagles	0 	0.0 	0 	0.0 	1.0 	14 	0.1 	0.0 	0.0 	0.0 	0.0 	2.9 	WR91		Seattle Seahawks	Los Angeles Rams	0 	0.0 	0 	0.0 	1.0 	15 	0.1 	0.0 	0.0 	0.0 	0.0 	3.0 	WR90		Seattle Seahawks	Carolina Panthers	0 	0.0 	0 	0.0 	1.0 	14 	0.1 	0.0 	0.0 	0.0 	0.0 	2.9 	WR89		Actual	Actual	Actual	Forecast	Forecast	Forecast	Forecast	Forecast	Forecast	Forecast	Forecast	Forecast	Forecast	Forecast	Forecast	Forecast	Forecast		Injured	Healthy	Healthy	Healthy	Healthy	Healthy	Healthy	Healthy	Healthy	Healthy	Healthy	Healthy	Healthy	Healthy	Healthy	Healthy	Healthy		Week 4 2026	10/3/2026	9:38:40 AM	9		6%	5%	0%	0%	0%	0%		0.1 	1	0	0	0	0	
	Mason Taylor	New York Jets	TE	TE42	0.6 	8 	0 	0.0 	0.0 	0.0 	0 	0.0 	0.0 	0.0 	5.0 	0.4 	23 	1.8 	0.2 	0.0 	0.0 	0.0 	0.0 	0.020 	0.560 	0.178 	(2)	0.000 	0.000 	229 	286 	57 	42 	32 	(10)	0.074 																1.8 	0.0 	0.0 	0.0 	0.5 	0.5 	0.6 	0.5 	0.5 	0.6 	0.5 	0.5 	0.0 	0.5 	0.5 	0.5 	0.5 		TE34	-	-	-	TE37	TE36	TE36	TE37	TE40	TE36	TE34	TE42	-	TE40	TE42	TE42	TE42		TE42	0.5 	0.0 	0.0 	0.0 	0.0 	0.3 	2.1 	0.0 	42 	0.021 	0.560 	0.178 	(2)	0.000 	0.000 	229 	0.074 		6 														TE81	1.8 	0.0 	0.0 	0.0 	0.0 	3.0 	25.5 	0.2 	81 	0.017 	0.560 	0.000 	(1)	0.000 	0.000 	#N/A	0.003 		1.8 																	New York Jets	Tennessee Titans	0 	0.0 	0 	0.0 	2.0 	(2)	0.0 	0.0 	0.0 	0.0 	0.0 	1.8 	TE34		New York Jets	Green Bay Packers	0 	0.0 	0 	0.0 	0.0 	0 	0.0 	0.0 	0.0 	0.0 	0.0 	0.0 	-		New York Jets	Detroit Lions	0 	0.0 	0 	0.0 	0.0 	0 	0.0 	0.0 	0.0 	0.0 	0.0 	0.0 	-		New York Jets	Chicago Bears	0 	0.0 	0 	0.0 	0.0 	0 	0.0 	0.0 	0.0 	0.0 	0.0 	0.0 	-		New York Jets	Cleveland Browns	0 	0.0 	0 	0.0 	0.3 	2 	0.0 	0.0 	0.0 	0.0 	0.0 	0.5 	TE37		New York Jets	New England Patriots	0 	0.0 	0 	0.0 	0.3 	2 	0.0 	0.0 	0.0 	0.0 	0.0 	0.5 	TE36		New York Jets	Miami Dolphins	0 	0.0 	0 	0.0 	0.3 	2 	0.0 	0.0 	0.0 	0.0 	0.0 	0.6 	TE36		New York Jets	Las Vegas Raiders	0 	0.0 	0 	0.0 	0.3 	2 	0.0 	0.0 	0.0 	0.0 	0.0 	0.5 	TE37		New York Jets	Kansas City Chiefs	0 	0.0 	0 	0.0 	0.3 	2 	0.0 	0.0 	0.0 	0.0 	0.0 	0.5 	TE40		New York Jets	Buffalo Bills	0 	0.0 	0 	0.0 	0.3 	2 	0.0 	0.0 	0.0 	0.0 	0.0 	0.6 	TE36		New York Jets	Los Angeles Chargers	0 	0.0 	0 	0.0 	0.3 	2 	0.0 	0.0 	0.0 	0.0 	0.0 	0.5 	TE34		New York Jets	Miami Dolphins	0 	0.0 	0 	0.0 	0.3 	2 	0.0 	0.0 	0.0 	0.0 	0.0 	0.5 	TE42		New York Jets	BYE	0 	0.0 	0 	0.0 	0.0 	0 	0.0 	0.0 	0.0 	0.0 	0.0 	0.0 	-		New York Jets	Denver Broncos	0 	0.0 	0 	0.0 	0.3 	2 	0.0 	0.0 	0.0 	0.0 	0.0 	0.5 	TE40		New York Jets	Arizona Cardinals	0 	0.0 	0 	0.0 	0.3 	2 	0.0 	0.0 	0.0 	0.0 	0.0 	0.5 	TE42		New York Jets	New England Patriots	0 	0.0 	0 	0.0 	0.3 	2 	0.0 	0.0 	0.0 	0.0 	0.0 	0.5 	TE42		New York Jets	Minnesota Vikings	0 	0.0 	0 	0.0 	0.2 	2 	0.0 	0.0 	0.0 	0.0 	0.0 	0.5 	TE42		Actual	Actual	Actual	Forecast	Forecast	Forecast	Forecast	Forecast	Forecast	Forecast	Forecast	Forecast	Forecast	Forecast	Forecast	Forecast	Forecast		Healthy	Healthy	Injured	Injured	Healthy	Healthy	Healthy	Healthy	Healthy	Healthy	Healthy	Healthy	Healthy	Healthy	Healthy	Healthy	Healthy		Week 4 2026	10/3/2026	9:38:40 AM	9		1%	1%	0%	0%	0%	0%		0.1 	0	0	1	1	0	
	Kaytron Allen	Washington Commanders	RB	RB70	1.8 	27 	0 	0.0 	0.0 	0.0 	149 	10.0 	0.8 	0.1 	4.0 	0.3 	28 	1.9 	0.2 	0.0 	0.0 	0.3 	0.0 	0.066 	1.000 	0.134 	(1)	0.000 	0.000 	231 	247 	16 	70 	68 	(2)	0.070 																1.6 	2.4 	0.0 	2.8 	1.7 	1.6 	0.0 	1.6 	1.6 	1.7 	1.8 	1.8 	1.7 	1.6 	1.8 	1.6 	1.6 		RB57	RB55	-	RB55	RB60	RB58	-	RB59	RB65	RB61	RB54	RB69	RB64	RB68	RB71	RB71	RB71		RB70	1.8 	0.0 	0.0 	8.4 	0.1 	0.3 	2.1 	0.0 	70 	0.074 	1.000 	0.134 	(1)	0.000 	0.000 	231 	0.071 		23 														RB74	2.0 	0.0 	0.0 	54.7 	0.4 	2.0 	13.9 	0.1 	74 	0.038 	1.000 	0.082 	(1)	0.000 	0.000 	#N/A	0.043 		4.0 																	Washington Commanders	Philadelphia Eagles	0 	0.0 	16 	0.0 	0.0 	0 	0.0 	0.0 	0.0 	0.0 	0.0 	1.6 	RB57		Washington Commanders	Dallas Cowboys	0 	0.0 	24 	0.0 	0.0 	0 	0.0 	0.0 	0.0 	0.0 	0.0 	2.4 	RB55		Washington Commanders	Seattle Seahawks	0 	0.0 	0 	0.0 	0.0 	0 	0.0 	0.0 	0.0 	0.0 	0.0 	0.0 	-		Washington Commanders	Indianapolis Colts	0 	0.0 	15 	0.1 	0.3 	2 	0.0 	0.0 	0.0 	0.0 	0.0 	2.8 	RB55		Washington Commanders	New York Giants	0 	0.0 	8 	0.1 	0.3 	2 	0.0 	0.0 	0.0 	0.0 	0.0 	1.7 	RB60		Washington Commanders	San Francisco 49ers	0 	0.0 	7 	0.0 	0.3 	2 	0.0 	0.0 	0.0 	0.0 	0.0 	1.6 	RB58		Washington Commanders	BYE	0 	0.0 	0 	0.0 	0.0 	0 	0.0 	0.0 	0.0 	0.0 	0.0 	0.0 	-		Washington Commanders	Philadelphia Eagles	0 	0.0 	8 	0.0 	0.3 	2 	0.0 	0.0 	0.0 	0.0 	0.0 	1.6 	RB59		Washington Commanders	Los Angeles Rams	0 	0.0 	7 	0.0 	0.3 	2 	0.0 	0.0 	0.0 	0.0 	0.0 	1.6 	RB65		Washington Commanders	New York Giants	0 	0.0 	8 	0.1 	0.3 	2 	0.0 	0.0 	0.0 	0.0 	0.0 	1.7 	RB61		Washington Commanders	Cincinnati Bengals	0 	0.0 	8 	0.1 	0.3 	2 	0.0 	0.0 	0.0 	0.0 	0.0 	1.8 	RB54		Washington Commanders	Arizona Cardinals	0 	0.0 	9 	0.1 	0.3 	2 	0.0 	0.0 	0.0 	0.0 	0.0 	1.8 	RB69		Washington Commanders	Tennessee Titans	0 	0.0 	8 	0.1 	0.3 	2 	0.0 	0.0 	0.0 	0.0 	0.0 	1.7 	RB64		Washington Commanders	Houston Texans	0 	0.0 	8 	0.0 	0.3 	2 	0.0 	0.0 	0.0 	0.0 	0.0 	1.6 	RB68		Washington Commanders	Atlanta Falcons	0 	0.0 	8 	0.1 	0.3 	2 	0.0 	0.0 	0.0 	0.0 	0.0 	1.8 	RB71		Washington Commanders	Minnesota Vikings	0 	0.0 	8 	0.0 	0.3 	2 	0.0 	0.0 	0.0 	0.0 	0.0 	1.6 	RB71		Washington Commanders	Jacksonville Jaguars	0 	0.0 	7 	0.0 	0.3 	2 	0.0 	0.0 	0.0 	0.0 	0.0 	1.6 	RB71		Actual	Actual	Actual	Forecast	Forecast	Forecast	Forecast	Forecast	Forecast	Forecast	Forecast	Forecast	Forecast	Forecast	Forecast	Forecast	Forecast		Healthy	Healthy	Healthy	Healthy	Healthy	Healthy	Healthy	Healthy	Healthy	Healthy	Healthy	Healthy	Healthy	Healthy	Healthy	Healthy	Healthy		Week 4 2026	10/3/2026	9:38:40 AM	9		1%	1%	6%	5%	0%	0%		0.0 	0	0	0	0	0	0.028672 
	Calvin Ridley	Tennessee Titans	WR	WR89	3.1 	44 	0 	0.0 	0.0 	0.0 	0 	0.0 	0.0 	0.0 	14.2 	1.0 	241 	17.2 	0.9 	0.1 	0.0 	0.0 	0.0 	0.107 	1.000 	0.110 	(1)	0.000 	0.000 	233 	193 	(40)	89 	63 	(26)	0.066 																0.0 	5.5 	0.0 	2.7 	2.7 	3.0 	2.9 	3.1 	0.0 	2.9 	3.0 	3.0 	3.0 	3.0 	3.0 	2.9 	2.9 		-	WR56	-	WR82	WR83	WR74	WR76	WR75	-	WR76	WR73	WR88	WR79	WR81	WR88	WR92	WR92		WR90	2.9 	0.0 	0.0 	0.0 	0.0 	0.9 	15.8 	0.1 	90 	0.123 	1.000 	0.100 	(1)	0.000 	0.000 	234 	0.064 		38 														WR121	5.5 	0.0 	0.0 	0.0 	0.0 	12.2 	205.7 	0.9 	121 	0.053 	1.000 	0.000 	(1)	0.000 	0.000 	#N/A	0.008 		5.5 																	Tennessee Titans	New York Jets	0 	0.0 	0 	0.0 	0.0 	0 	0.0 	0.0 	0.0 	0.0 	0.0 	0.0 	-		Tennessee Titans	Philadelphia Eagles	0 	0.0 	0 	0.0 	2.0 	35 	0.0 	0.0 	0.0 	0.0 	0.0 	5.5 	WR56		Tennessee Titans	New York Giants	0 	0.0 	0 	0.0 	0.0 	0 	0.0 	0.0 	0.0 	0.0 	0.0 	0.0 	-		Tennessee Titans	Baltimore Ravens	0 	0.0 	0 	0.0 	0.9 	15 	0.1 	0.0 	0.0 	0.0 	0.0 	2.7 	WR82		Tennessee Titans	Houston Texans	0 	0.0 	0 	0.0 	0.9 	15 	0.1 	0.0 	0.0 	0.0 	0.0 	2.7 	WR83		Tennessee Titans	Indianapolis Colts	0 	0.0 	0 	0.0 	1.0 	16 	0.1 	0.0 	0.0 	0.0 	0.0 	3.0 	WR74		Tennessee Titans	Cleveland Browns	0 	0.0 	0 	0.0 	0.9 	15 	0.1 	0.0 	0.0 	0.0 	0.0 	2.9 	WR76		Tennessee Titans	Cincinnati Bengals	0 	0.0 	0 	0.0 	1.0 	16 	0.1 	0.0 	0.0 	0.0 	0.0 	3.1 	WR75		Tennessee Titans	BYE	0 	0.0 	0 	0.0 	0.0 	0 	0.0 	0.0 	0.0 	0.0 	0.0 	0.0 	-		Tennessee Titans	Jacksonville Jaguars	0 	0.0 	0 	0.0 	0.9 	16 	0.1 	0.0 	0.0 	0.0 	0.0 	2.9 	WR76		Tennessee Titans	Dallas Cowboys	0 	0.0 	0 	0.0 	1.0 	16 	0.1 	0.0 	0.0 	0.0 	0.0 	3.0 	WR73		Tennessee Titans	Jacksonville Jaguars	0 	0.0 	0 	0.0 	1.0 	16 	0.1 	0.0 	0.0 	0.0 	0.0 	3.0 	WR88		Tennessee Titans	Washington Commanders	0 	0.0 	0 	0.0 	1.0 	16 	0.1 	0.0 	0.0 	0.0 	0.0 	3.0 	WR79		Tennessee Titans	Detroit Lions	0 	0.0 	0 	0.0 	1.0 	16 	0.1 	0.0 	0.0 	0.0 	0.0 	3.0 	WR81		Tennessee Titans	Indianapolis Colts	0 	0.0 	0 	0.0 	1.0 	16 	0.1 	0.0 	0.0 	0.0 	0.0 	3.0 	WR88		Tennessee Titans	Las Vegas Raiders	0 	0.0 	0 	0.0 	0.9 	15 	0.1 	0.0 	0.0 	0.0 	0.0 	2.9 	WR92		Tennessee Titans	Pittsburgh Steelers	0 	0.0 	0 	0.0 	0.9 	15 	0.1 	0.0 	0.0 	0.0 	0.0 	2.9 	WR92		Actual	Actual	Actual	Forecast	Forecast	Forecast	Forecast	Forecast	Forecast	Forecast	Forecast	Forecast	Forecast	Forecast	Forecast	Forecast	Forecast		Healthy	Healthy	Healthy	Healthy	Healthy	Healthy	Healthy	Healthy	Healthy	Healthy	Healthy	Healthy	Healthy	Healthy	Healthy	Healthy	Healthy		Week 4 2026	10/3/2026	9:38:40 AM	9		7%	5%	0%	0%	0%	0%		0.1 	0	0	0	0	0	0.055583 
	Eli Stowers	Philadelphia Eagles	TE	TE43	0.4 	5 	0 	0.0 	0.0 	0.0 	0 	0.0 	0.0 	0.0 	2.9 	0.2 	25 	2.1 	0.0 	0.0 	0.0 	0.0 	0.0 	0.013 	0.560 	0.167 	(2)	0.000 	0.000 	232 	264 	32 	43 	30 	(13)	0.069 																0.0 	0.0 	0.0 	0.0 	0.4 	0.4 	0.5 	0.5 	0.5 	0.0 	0.4 	0.5 	0.4 	0.5 	0.4 	0.4 	0.5 		-	-	-	-	TE38	TE37	TE37	TE38	TE41	-	TE35	TE43	TE37	TE41	TE43	TE43	TE43		TE43	0.4 	0.0 	0.0 	0.0 	0.0 	0.2 	2.1 	0.0 	43 	0.017 	0.560 	0.167 	(2)	0.000 	0.000 	232 	0.070 		5 															0.0 	0.0 	0.0 	0.0 	0.0 	0.0 	0.0 	0.0 	#N/A	0.000 	0.560 	#N/A	(1)	0.000 	0.000 	#N/A	#N/A		0.0 																	Philadelphia Eagles	Washington Commanders	0 	0.0 	0 	0.0 	0.0 	0 	0.0 	0.0 	0.0 	0.0 	0.0 	0.0 	-		Philadelphia Eagles	Tennessee Titans	0 	0.0 	0 	0.0 	0.0 	0 	0.0 	0.0 	0.0 	0.0 	0.0 	0.0 	-		Philadelphia Eagles	Chicago Bears	0 	0.0 	0 	0.0 	0.0 	0 	0.0 	0.0 	0.0 	0.0 	0.0 	0.0 	-		Philadelphia Eagles	Los Angeles Rams	0 	0.0 	0 	0.0 	0.0 	0 	0.0 	0.0 	0.0 	0.0 	0.0 	0.0 	-		Philadelphia Eagles	Jacksonville Jaguars	0 	0.0 	0 	0.0 	0.2 	2 	0.0 	0.0 	0.0 	0.0 	0.0 	0.4 	TE38		Philadelphia Eagles	Carolina Panthers	0 	0.0 	0 	0.0 	0.2 	2 	0.0 	0.0 	0.0 	0.0 	0.0 	0.4 	TE37		Philadelphia Eagles	Dallas Cowboys	0 	0.0 	0 	0.0 	0.2 	2 	0.0 	0.0 	0.0 	0.0 	0.0 	0.5 	TE37		Philadelphia Eagles	Washington Commanders	0 	0.0 	0 	0.0 	0.2 	2 	0.0 	0.0 	0.0 	0.0 	0.0 	0.5 	TE38		Philadelphia Eagles	New York Giants	0 	0.0 	0 	0.0 	0.2 	2 	0.0 	0.0 	0.0 	0.0 	0.0 	0.5 	TE41		Philadelphia Eagles	BYE	0 	0.0 	0 	0.0 	0.0 	0 	0.0 	0.0 	0.0 	0.0 	0.0 	0.0 	-		Philadelphia Eagles	Pittsburgh Steelers	0 	0.0 	0 	0.0 	0.2 	2 	0.0 	0.0 	0.0 	0.0 	0.0 	0.4 	TE35		Philadelphia Eagles	Dallas Cowboys	0 	0.0 	0 	0.0 	0.2 	2 	0.0 	0.0 	0.0 	0.0 	0.0 	0.5 	TE43		Philadelphia Eagles	Arizona Cardinals	0 	0.0 	0 	0.0 	0.2 	2 	0.0 	0.0 	0.0 	0.0 	0.0 	0.4 	TE37		Philadelphia Eagles	Indianapolis Colts	0 	0.0 	0 	0.0 	0.2 	2 	0.0 	0.0 	0.0 	0.0 	0.0 	0.5 	TE41		Philadelphia Eagles	Seattle Seahawks	0 	0.0 	0 	0.0 	0.2 	2 	0.0 	0.0 	0.0 	0.0 	0.0 	0.4 	TE43		Philadelphia Eagles	Houston Texans	0 	0.0 	0 	0.0 	0.2 	2 	0.0 	0.0 	0.0 	0.0 	0.0 	0.4 	TE43		Philadelphia Eagles	San Francisco 49ers	0 	0.0 	0 	0.0 	0.2 	2 	0.0 	0.0 	0.0 	0.0 	0.0 	0.5 	TE43		Actual	Actual	Actual	Forecast	Forecast	Forecast	Forecast	Forecast	Forecast	Forecast	Forecast	Forecast	Forecast	Forecast	Forecast	Forecast	Forecast		Injured	Injured	Injured	Injured	Healthy	Healthy	Healthy	Healthy	Healthy	Healthy	Healthy	Healthy	Healthy	Healthy	Healthy	Healthy	Healthy		Week 4 2026	10/3/2026	9:38:40 AM	9		1%	0%	0%	0%	0%	0%		0.1 	1	1	1	1	0	
	Andrei Iosivas	Cincinnati Bengals	WR	WR88	3.2 	45 	0 	0.0 	0.0 	0.0 	0 	0.0 	0.0 	0.0 	19.6 	1.4 	177 	12.6 	1.3 	0.1 	0.0 	0.0 	0.0 	0.110 	1.000 	0.120 	(1)	0.000 	0.000 	230 	425 	195 	88 	130 	42 	0.071 																3.2 	1.7 	0.0 	0.0 	3.2 	0.0 	3.4 	3.4 	3.4 	3.3 	3.4 	3.3 	3.2 	3.3 	3.3 	3.4 	3.4 		WR77	WR80	-	-	WR79	-	WR71	WR72	WR79	WR73	WR71	WR84	WR76	WR80	WR86	WR86	WR86		WR87	3.3 	0.0 	0.0 	0.0 	0.0 	1.4 	13.2 	0.1 	87 	0.129 	1.000 	0.130 	(1)	0.000 	0.000 	228 	0.078 		40 														WR124	2.5 	0.0 	0.0 	0.0 	0.0 	8.3 	79.0 	0.6 	124 	0.047 	1.000 	0.000 	(1)	0.000 	0.000 	#N/A	0.007 		4.9 																	Cincinnati Bengals	Tampa Bay Buccaneers	0 	0.0 	0 	0.0 	2.0 	12 	0.0 	0.0 	0.0 	0.0 	0.0 	3.2 	WR77		Cincinnati Bengals	Houston Texans	0 	0.0 	0 	0.0 	1.0 	7 	0.0 	0.0 	0.0 	0.0 	0.0 	1.7 	WR80		Cincinnati Bengals	Pittsburgh Steelers	0 	0.0 	0 	0.0 	0.0 	0 	0.0 	0.0 	0.0 	0.0 	0.0 	0.0 	-		Cincinnati Bengals	Jacksonville Jaguars	0 	0.0 	0 	0.0 	0.0 	0 	0.0 	0.0 	0.0 	0.0 	0.0 	0.0 	-		Cincinnati Bengals	Miami Dolphins	0 	0.0 	0 	0.0 	1.3 	13 	0.1 	0.0 	0.0 	0.0 	0.0 	3.2 	WR79		Cincinnati Bengals	BYE	0 	0.0 	0 	0.0 	0.0 	0 	0.0 	0.0 	0.0 	0.0 	0.0 	0.0 	-		Cincinnati Bengals	Baltimore Ravens	0 	0.0 	0 	0.0 	1.4 	13 	0.1 	0.0 	0.0 	0.0 	0.0 	3.4 	WR71		Cincinnati Bengals	Tennessee Titans	0 	0.0 	0 	0.0 	1.4 	13 	0.1 	0.0 	0.0 	0.0 	0.0 	3.4 	WR72		Cincinnati Bengals	Atlanta Falcons	0 	0.0 	0 	0.0 	1.4 	13 	0.1 	0.0 	0.0 	0.0 	0.0 	3.4 	WR79		Cincinnati Bengals	Pittsburgh Steelers	0 	0.0 	0 	0.0 	1.4 	13 	0.1 	0.0 	0.0 	0.0 	0.0 	3.3 	WR73		Cincinnati Bengals	Washington Commanders	0 	0.0 	0 	0.0 	1.4 	13 	0.1 	0.0 	0.0 	0.0 	0.0 	3.4 	WR71		Cincinnati Bengals	New Orleans Saints	0 	0.0 	0 	0.0 	1.4 	13 	0.1 	0.0 	0.0 	0.0 	0.0 	3.3 	WR84		Cincinnati Bengals	Cleveland Browns	0 	0.0 	0 	0.0 	1.3 	13 	0.1 	0.0 	0.0 	0.0 	0.0 	3.2 	WR76		Cincinnati Bengals	Kansas City Chiefs	0 	0.0 	0 	0.0 	1.4 	13 	0.1 	0.0 	0.0 	0.0 	0.0 	3.3 	WR80		Cincinnati Bengals	Carolina Panthers	0 	0.0 	0 	0.0 	1.4 	13 	0.1 	0.0 	0.0 	0.0 	0.0 	3.3 	WR86		Cincinnati Bengals	Indianapolis Colts	0 	0.0 	0 	0.0 	1.4 	13 	0.1 	0.0 	0.0 	0.0 	0.0 	3.4 	WR86		Cincinnati Bengals	Baltimore Ravens	0 	0.0 	0 	0.0 	1.4 	13 	0.1 	0.0 	0.0 	0.0 	0.0 	3.4 	WR86		Actual	Actual	Actual	Forecast	Forecast	Forecast	Forecast	Forecast	Forecast	Forecast	Forecast	Forecast	Forecast	Forecast	Forecast	Forecast	Forecast		Healthy	Healthy	Injured	Injured	Healthy	Healthy	Healthy	Healthy	Healthy	Healthy	Healthy	Healthy	Healthy	Healthy	Healthy	Healthy	Healthy		Week 4 2026	10/3/2026	9:38:40 AM	9		5%	5%	0%	0%	0%	0%		0.1 	0	0	1	1	0	
	Isiah Pacheco	Detroit Lions	RB	RB72	3.6 	18 	0 	0.0 	0.0 	0.0 	89 	17.9 	0.9 	0.2 	2.3 	0.5 	12 	2.5 	0.1 	0.0 	0.0 	0.3 	0.0 	0.045 	1.000 	0.108 	(1)	0.000 	0.000 	237 	169 	(68)	72 	54 	(18)	0.055 				-	-		-	-		-	-		-	-		0.0 	0.0 	0.0 	0.0 	0.0 	0.0 	0.0 	0.0 	0.0 	0.0 	0.0 	0.0 	3.6 	4.0 	3.4 	3.8 	3.3 		-	-	-	-	-	-	-	-	-	-	-	-	RB52	RB51	RB58	RB55	RB58		RB71	3.6 	0.0 	0.0 	17.9 	0.2 	0.5 	2.5 	0.0 	71 	0.059 	1.000 	0.121 	(1)	0.000 	0.000 	235 	0.063 		18 														-	0.0 	0.0 	0.0 	0.0 	0.0 	0.0 	0.0 	0.0 	#N/A	0.000 	1.000 	#N/A	(1)	0.000 	0.000 	#N/A	#N/A		0.0 																	Detroit Lions	New Orleans Saints	0 	0.0 	0 	0.0 	0.0 	0 	0.0 	0.0 	0.0 	0.0 	0.0 	0.0 	-		Detroit Lions	Buffalo Bills	0 	0.0 	0 	0.0 	0.0 	0 	0.0 	0.0 	0.0 	0.0 	0.0 	0.0 	-		Detroit Lions	New York Jets	0 	0.0 	0 	0.0 	0.0 	0 	0.0 	0.0 	0.0 	0.0 	0.0 	0.0 	-		Detroit Lions	Carolina Panthers	0 	0.0 	0 	0.0 	0.0 	0 	0.0 	0.0 	0.0 	0.0 	0.0 	0.0 	-		Detroit Lions	Arizona Cardinals	0 	0.0 	0 	0.0 	0.0 	0 	0.0 	0.0 	0.0 	0.0 	0.0 	0.0 	-		Detroit Lions	BYE	0 	0.0 	0 	0.0 	0.0 	0 	0.0 	0.0 	0.0 	0.0 	0.0 	0.0 	-		Detroit Lions	Green Bay Packers	0 	0.0 	0 	0.0 	0.0 	0 	0.0 	0.0 	0.0 	0.0 	0.0 	0.0 	-		Detroit Lions	Minnesota Vikings	0 	0.0 	0 	0.0 	0.0 	0 	0.0 	0.0 	0.0 	0.0 	0.0 	0.0 	-		Detroit Lions	Miami Dolphins	0 	0.0 	0 	0.0 	0.0 	0 	0.0 	0.0 	0.0 	0.0 	0.0 	0.0 	-		Detroit Lions	New England Patriots	0 	0.0 	0 	0.0 	0.0 	0 	0.0 	0.0 	0.0 	0.0 	0.0 	0.0 	-		Detroit Lions	Tampa Bay Buccaneers	0 	0.0 	0 	0.0 	0.0 	0 	0.0 	0.0 	0.0 	0.0 	0.0 	0.0 	-		Detroit Lions	Chicago Bears	0 	0.0 	0 	0.0 	0.0 	0 	0.0 	0.0 	0.0 	0.0 	0.0 	0.0 	-		Detroit Lions	Atlanta Falcons	0 	0.0 	18 	0.2 	0.5 	3 	0.0 	0.0 	0.1 	0.0 	0.0 	3.6 	RB52		Detroit Lions	Tennessee Titans	0 	0.0 	20 	0.2 	0.5 	2 	0.0 	0.0 	0.1 	0.0 	0.0 	4.0 	RB51		Detroit Lions	Minnesota Vikings	0 	0.0 	17 	0.2 	0.5 	2 	0.0 	0.0 	0.1 	0.0 	0.0 	3.4 	RB58		Detroit Lions	New York Giants	0 	0.0 	19 	0.2 	0.5 	2 	0.0 	0.0 	0.1 	0.0 	0.0 	3.8 	RB55		Detroit Lions	Chicago Bears	0 	0.0 	16 	0.2 	0.5 	2 	0.0 	0.0 	0.1 	0.0 	0.0 	3.3 	RB58		Actual	Actual	Actual	Forecast	Forecast	Forecast	Forecast	Forecast	Forecast	Forecast	Forecast	Forecast	Forecast	Forecast	Forecast	Forecast	Forecast		Injured	Injured	Injured	Injured	Injured	Injured	Injured	Injured	Injured	Injured	Injured	Injured	Healthy	Healthy	Healthy	Healthy	Healthy		Week 4 2026	10/3/2026	9:38:40 AM	9		1%	1%	16%	21%	0%	0%		0.1 	1	1	1	1	1	
	Jake Tonges	San Francisco 49ers	TE	TE44	0.0 	0 	0 	0.0 	0.0 	0.0 	0 	0.0 	0.0 	0.0 	0.0 	0.0 	0 	0.0 	0.0 	0.0 	0.0 	0.0 	0.0 	0.000 	0.560 	0.157 	(2)	0.000 	0.000 	235 	307 	72 	44 	35 	(9)	0.063 																0.0 	0.0 	0.0 	0.0 	0.0 	0.0 	0.0 	0.0 	0.0 	0.0 	0.0 	0.0 	0.0 	0.0 	0.0 	0.0 	0.0 		-	-	-	-	-	-	-	-	-	-	-	-	-	-	-	-	-		TE44	0.0 	0.0 	0.0 	0.0 	0.0 	0.0 	0.0 	0.0 	44 	0.000 	0.560 	0.157 	(2)	0.000 	0.000 	236 	0.063 		0 														-	0.0 	0.0 	0.0 	0.0 	0.0 	0.0 	0.0 	0.0 	#N/A	0.000 	0.560 	#N/A	(1)	0.000 	0.000 	#N/A	#N/A		0.0 																	San Francisco 49ers	Los Angeles Rams	0 	0.0 	0 	0.0 	0.0 	0 	0.0 	0.0 	0.0 	0.0 	0.0 	0.0 	-		San Francisco 49ers	Miami Dolphins	0 	0.0 	0 	0.0 	0.0 	0 	0.0 	0.0 	0.0 	0.0 	0.0 	0.0 	-		San Francisco 49ers	Arizona Cardinals	0 	0.0 	0 	0.0 	0.0 	0 	0.0 	0.0 	0.0 	0.0 	0.0 	0.0 	-		San Francisco 49ers	Denver Broncos	0 	0.0 	0 	0.0 	0.0 	0 	0.0 	0.0 	0.0 	0.0 	0.0 	0.0 	-		San Francisco 49ers	Seattle Seahawks	0 	0.0 	0 	0.0 	0.0 	0 	0.0 	0.0 	0.0 	0.0 	0.0 	0.0 	-		San Francisco 49ers	Washington Commanders	0 	0.0 	0 	0.0 	0.0 	0 	0.0 	0.0 	0.0 	0.0 	0.0 	0.0 	-		San Francisco 49ers	Atlanta Falcons	0 	0.0 	0 	0.0 	0.0 	0 	0.0 	0.0 	0.0 	0.0 	0.0 	0.0 	-		San Francisco 49ers	BYE	0 	0.0 	0 	0.0 	0.0 	0 	0.0 	0.0 	0.0 	0.0 	0.0 	0.0 	-		San Francisco 49ers	Las Vegas Raiders	0 	0.0 	0 	0.0 	0.0 	0 	0.0 	0.0 	0.0 	0.0 	0.0 	0.0 	-		San Francisco 49ers	Dallas Cowboys	0 	0.0 	0 	0.0 	0.0 	0 	0.0 	0.0 	0.0 	0.0 	0.0 	0.0 	-		San Francisco 49ers	Minnesota Vikings	0 	0.0 	0 	0.0 	0.0 	0 	0.0 	0.0 	0.0 	0.0 	0.0 	0.0 	-		San Francisco 49ers	Seattle Seahawks	0 	0.0 	0 	0.0 	0.0 	0 	0.0 	0.0 	0.0 	0.0 	0.0 	0.0 	-		San Francisco 49ers	New York Giants	0 	0.0 	0 	0.0 	0.0 	0 	0.0 	0.0 	0.0 	0.0 	0.0 	0.0 	-		San Francisco 49ers	Los Angeles Rams	0 	0.0 	0 	0.0 	0.0 	0 	0.0 	0.0 	0.0 	0.0 	0.0 	0.0 	-		San Francisco 49ers	Los Angeles Chargers	0 	0.0 	0 	0.0 	0.0 	0 	0.0 	0.0 	0.0 	0.0 	0.0 	0.0 	-		San Francisco 49ers	Kansas City Chiefs	0 	0.0 	0 	0.0 	0.0 	0 	0.0 	0.0 	0.0 	0.0 	0.0 	0.0 	-		San Francisco 49ers	Philadelphia Eagles	0 	0.0 	0 	0.0 	0.0 	0 	0.0 	0.0 	0.0 	0.0 	0.0 	0.0 	-		Actual	Actual	Actual	Forecast	Forecast	Forecast	Forecast	Forecast	Forecast	Forecast	Forecast	Forecast	Forecast	Forecast	Forecast	Forecast	Forecast		Limited / Handicapped	Injured	Injured	Injured	Injured	Injured	Injured	Injured	Injured	Injured	Injured	Injured	Injured	Injured	Injured	Injured	Injured		Week 4 2026	10/3/2026	9:38:40 AM	9		0%	0%	0%	0%	0%	0%		0.1 	0	1	1	1	1	
	Troy Franklin	Denver Broncos	WR	WR87	2.9 	46 	0 	0.0 	0.0 	0.0 	20 	1.3 	0.0 	0.0 	16.2 	1.0 	224 	14.0 	0.9 	0.1 	0.0 	0.0 	0.0 	0.113 	1.000 	0.130 	(1)	0.000 	0.000 	228 	292 	64 	87 	95 	8 	0.075 																0.5 	3.7 	3.1 	3.1 	3.0 	2.9 	3.1 	3.0 	3.0 	0.0 	3.0 	2.9 	3.0 	2.9 	3.0 	3.1 	2.9 		WR91	WR71	WR73	WR80	WR81	WR75	WR74	WR78	WR83	-	WR75	WR90	WR78	WR84	WR90	WR89	WR90		WR89	3.0 	0.0 	0.0 	1.2 	0.0 	1.1 	13.5 	0.1 	89 	0.126 	1.000 	0.110 	(1)	0.000 	0.000 	233 	0.068 		39 														WR111	2.4 	0.0 	0.0 	5.1 	0.0 	4.7 	58.7 	0.3 	111 	0.070 	1.000 	0.000 	(1)	0.000 	0.000 	#N/A	0.011 		7.3 																	Denver Broncos	Kansas City Chiefs	0 	0.0 	5 	0.0 	0.0 	0 	0.0 	0.0 	0.0 	0.0 	0.0 	0.5 	WR91		Denver Broncos	Jacksonville Jaguars	0 	0.0 	0 	0.0 	1.0 	27 	0.0 	0.0 	0.0 	0.0 	0.0 	3.7 	WR71		Denver Broncos	Los Angeles Rams	0 	0.0 	0 	0.0 	1.0 	21 	0.0 	0.0 	0.0 	0.0 	0.0 	3.1 	WR73		Denver Broncos	San Francisco 49ers	0 	0.0 	1 	0.0 	1.1 	14 	0.1 	0.0 	0.0 	0.0 	0.0 	3.1 	WR80		Denver Broncos	Los Angeles Chargers	0 	0.0 	1 	0.0 	1.1 	14 	0.1 	0.0 	0.0 	0.0 	0.0 	3.0 	WR81		Denver Broncos	Seattle Seahawks	0 	0.0 	1 	0.0 	1.1 	13 	0.1 	0.0 	0.0 	0.0 	0.0 	2.9 	WR75		Denver Broncos	Arizona Cardinals	0 	0.0 	1 	0.0 	1.1 	14 	0.1 	0.0 	0.0 	0.0 	0.0 	3.1 	WR74		Denver Broncos	Kansas City Chiefs	0 	0.0 	1 	0.0 	1.1 	14 	0.1 	0.0 	0.0 	0.0 	0.0 	3.0 	WR78		Denver Broncos	Carolina Panthers	0 	0.0 	1 	0.0 	1.1 	14 	0.1 	0.0 	0.0 	0.0 	0.0 	3.0 	WR83		Denver Broncos	BYE	0 	0.0 	0 	0.0 	0.0 	0 	0.0 	0.0 	0.0 	0.0 	0.0 	0.0 	-		Denver Broncos	Las Vegas Raiders	0 	0.0 	1 	0.0 	1.1 	13 	0.1 	0.0 	0.0 	0.0 	0.0 	3.0 	WR75		Denver Broncos	Pittsburgh Steelers	0 	0.0 	1 	0.0 	1.1 	13 	0.1 	0.0 	0.0 	0.0 	0.0 	2.9 	WR90		Denver Broncos	Miami Dolphins	0 	0.0 	1 	0.0 	1.1 	13 	0.1 	0.0 	0.0 	0.0 	0.0 	3.0 	WR78		Denver Broncos	New York Jets	0 	0.0 	1 	0.0 	1.1 	13 	0.1 	0.0 	0.0 	0.0 	0.0 	2.9 	WR84		Denver Broncos	Las Vegas Raiders	0 	0.0 	1 	0.0 	1.1 	13 	0.1 	0.0 	0.0 	0.0 	0.0 	3.0 	WR90		Denver Broncos	Buffalo Bills	0 	0.0 	1 	0.0 	1.1 	14 	0.1 	0.0 	0.0 	0.0 	0.0 	3.1 	WR89		Denver Broncos	New England Patriots	0 	0.0 	1 	0.0 	1.1 	13 	0.1 	0.0 	0.0 	0.0 	0.0 	2.9 	WR90		Actual	Actual	Actual	Forecast	Forecast	Forecast	Forecast	Forecast	Forecast	Forecast	Forecast	Forecast	Forecast	Forecast	Forecast	Forecast	Forecast		Healthy	Healthy	Healthy	Healthy	Healthy	Healthy	Healthy	Healthy	Healthy	Healthy	Healthy	Healthy	Healthy	Healthy	Healthy	Healthy	Healthy		Week 4 2026	10/3/2026	9:38:40 AM	9		6%	5%	1%	0%	0%	0%		0.1 	0	0	0	0	0	0.057820 
	Jauan Jennings	Minnesota Vikings	WR	WR90	3.0 	42 	0 	0.0 	0.0 	0.0 	0 	0.0 	0.0 	0.0 	16.5 	1.2 	182 	13.0 	1.3 	0.1 	0.0 	0.0 	0.0 	0.103 	1.000 	0.100 	(1)	0.000 	0.000 	236 	202 	(34)	90 	66 	(24)	0.061 																0.0 	0.0 	1.1 	5.1 	3.0 	0.0 	3.1 	3.0 	3.0 	3.0 	3.0 	3.0 	3.0 	2.9 	3.0 	3.1 	2.9 		-	-	WR85	WR72	WR82	-	WR73	WR77	WR82	WR75	WR74	WR89	WR80	WR86	WR89	WR88	WR91		WR86	3.2 	0.0 	0.0 	0.0 	0.0 	1.2 	14.0 	0.1 	86 	0.133 	1.000 	0.140 	(1)	0.000 	0.000 	224 	0.083 		41 														WR147	1.1 	0.0 	0.0 	0.0 	0.0 	15.5 	181.4 	1.3 	147 	0.011 	1.000 	0.000 	(1)	0.000 	0.000 	#N/A	0.002 		1.1 																	Minnesota Vikings	Green Bay Packers	0 	0.0 	0 	0.0 	0.0 	0 	0.0 	0.0 	0.0 	0.0 	0.0 	0.0 	-		Minnesota Vikings	Chicago Bears	0 	0.0 	0 	0.0 	0.0 	0 	0.0 	0.0 	0.0 	0.0 	0.0 	0.0 	-		Minnesota Vikings	Tampa Bay Buccaneers	0 	0.0 	0 	0.0 	1.0 	1 	0.0 	0.0 	0.0 	0.0 	0.0 	1.1 	WR85		Minnesota Vikings	Miami Dolphins	0 	0.0 	0 	0.0 	2.0 	23 	0.2 	0.0 	0.0 	0.0 	0.0 	5.1 	WR72		Minnesota Vikings	New Orleans Saints	0 	0.0 	0 	0.0 	1.1 	13 	0.1 	0.0 	0.0 	0.0 	0.0 	3.0 	WR82		Minnesota Vikings	BYE	0 	0.0 	0 	0.0 	0.0 	0 	0.0 	0.0 	0.0 	0.0 	0.0 	0.0 	-		Minnesota Vikings	Indianapolis Colts	0 	0.0 	0 	0.0 	1.1 	13 	0.1 	0.0 	0.0 	0.0 	0.0 	3.1 	WR73		Minnesota Vikings	Detroit Lions	0 	0.0 	0 	0.0 	1.1 	13 	0.1 	0.0 	0.0 	0.0 	0.0 	3.0 	WR77		Minnesota Vikings	Buffalo Bills	0 	0.0 	0 	0.0 	1.1 	13 	0.1 	0.0 	0.0 	0.0 	0.0 	3.0 	WR82		Minnesota Vikings	Green Bay Packers	0 	0.0 	0 	0.0 	1.1 	13 	0.1 	0.0 	0.0 	0.0 	0.0 	3.0 	WR75		Minnesota Vikings	San Francisco 49ers	0 	0.0 	0 	0.0 	1.1 	13 	0.1 	0.0 	0.0 	0.0 	0.0 	3.0 	WR74		Minnesota Vikings	Atlanta Falcons	0 	0.0 	0 	0.0 	1.1 	13 	0.1 	0.0 	0.0 	0.0 	0.0 	3.0 	WR89		Minnesota Vikings	Carolina Panthers	0 	0.0 	0 	0.0 	1.1 	13 	0.1 	0.0 	0.0 	0.0 	0.0 	3.0 	WR80		Minnesota Vikings	New England Patriots	0 	0.0 	0 	0.0 	1.1 	13 	0.1 	0.0 	0.0 	0.0 	0.0 	2.9 	WR86		Minnesota Vikings	Detroit Lions	0 	0.0 	0 	0.0 	1.1 	13 	0.1 	0.0 	0.0 	0.0 	0.0 	3.0 	WR89		Minnesota Vikings	Washington Commanders	0 	0.0 	0 	0.0 	1.1 	13 	0.1 	0.0 	0.0 	0.0 	0.0 	3.1 	WR88		Minnesota Vikings	New York Jets	0 	0.0 	0 	0.0 	1.1 	13 	0.1 	0.0 	0.0 	0.0 	0.0 	2.9 	WR91		Actual	Actual	Actual	Forecast	Forecast	Forecast	Forecast	Forecast	Forecast	Forecast	Forecast	Forecast	Forecast	Forecast	Forecast	Forecast	Forecast		Healthy	Injured	Healthy	Healthy	Healthy	Healthy	Healthy	Healthy	Healthy	Healthy	Healthy	Healthy	Healthy	Healthy	Healthy	Healthy	Healthy		Week 4 2026	10/3/2026	9:38:40 AM	9		6%	6%	0%	0%	0%	0%		0.1 	0	1	0	0	0	
	Kimani Vidal	Los Angeles Chargers	RB	RB73	1.1 	15 	0 	0.0 	0.0 	0.0 	40 	2.9 	0.2 	0.0 	4.3 	0.3 	42 	3.0 	0.2 	0.0 	0.0 	0.1 	0.0 	0.036 	1.000 	0.095 	(1)	0.000 	0.000 	241 	240 	(1)	73 	66 	(7)	0.048 																0.0 	0.0 	3.0 	0.8 	0.9 	0.9 	0.0 	0.9 	0.9 	0.9 	1.0 	0.9 	0.9 	0.9 	1.0 	1.0 	0.9 		-	-	RB49	RB60	RB62	RB59	-	RB60	RB66	RB62	RB55	RB71	RB65	RB69	RB72	RB72	RB72		RB72	0.9 	0.0 	0.0 	2.6 	0.0 	0.3 	2.1 	0.0 	72 	0.038 	1.000 	0.108 	(1)	0.000 	0.000 	238 	0.055 		12 														RB76	3.0 	0.0 	0.0 	34.3 	0.2 	3.3 	27.7 	0.2 	76 	0.029 	1.000 	0.056 	(1)	0.000 	0.000 	#N/A	0.030 		3.0 																	Los Angeles Chargers	Arizona Cardinals	0 	0.0 	0 	0.0 	0.0 	0 	0.0 	0.0 	0.0 	0.0 	0.0 	0.0 	-		Los Angeles Chargers	Las Vegas Raiders	0 	0.0 	0 	0.0 	0.0 	0 	0.0 	0.0 	0.0 	0.0 	0.0 	0.0 	-		Los Angeles Chargers	Buffalo Bills	0 	0.0 	6 	0.0 	1.0 	14 	0.0 	0.0 	0.0 	0.0 	0.0 	3.0 	RB49		Los Angeles Chargers	Seattle Seahawks	0 	0.0 	2 	0.0 	0.2 	2 	0.0 	0.0 	0.0 	0.0 	0.0 	0.8 	RB60		Los Angeles Chargers	Denver Broncos	0 	0.0 	2 	0.0 	0.2 	2 	0.0 	0.0 	0.0 	0.0 	0.0 	0.9 	RB62		Los Angeles Chargers	Kansas City Chiefs	0 	0.0 	3 	0.0 	0.3 	2 	0.0 	0.0 	0.0 	0.0 	0.0 	0.9 	RB59		Los Angeles Chargers	BYE	0 	0.0 	0 	0.0 	0.0 	0 	0.0 	0.0 	0.0 	0.0 	0.0 	0.0 	-		Los Angeles Chargers	Los Angeles Rams	0 	0.0 	2 	0.0 	0.3 	2 	0.0 	0.0 	0.0 	0.0 	0.0 	0.9 	RB60		Los Angeles Chargers	Houston Texans	0 	0.0 	3 	0.0 	0.2 	2 	0.0 	0.0 	0.0 	0.0 	0.0 	0.9 	RB66		Los Angeles Chargers	Baltimore Ravens	0 	0.0 	2 	0.0 	0.3 	2 	0.0 	0.0 	0.0 	0.0 	0.0 	0.9 	RB62		Los Angeles Chargers	New York Jets	0 	0.0 	3 	0.0 	0.2 	2 	0.0 	0.0 	0.0 	0.0 	0.0 	1.0 	RB55		Los Angeles Chargers	New England Patriots	0 	0.0 	3 	0.0 	0.3 	2 	0.0 	0.0 	0.0 	0.0 	0.0 	0.9 	RB71		Los Angeles Chargers	Tampa Bay Buccaneers	0 	0.0 	3 	0.0 	0.3 	2 	0.0 	0.0 	0.0 	0.0 	0.0 	0.9 	RB65		Los Angeles Chargers	Las Vegas Raiders	0 	0.0 	3 	0.0 	0.2 	2 	0.0 	0.0 	0.0 	0.0 	0.0 	0.9 	RB69		Los Angeles Chargers	San Francisco 49ers	0 	0.0 	3 	0.0 	0.3 	2 	0.0 	0.0 	0.0 	0.0 	0.0 	1.0 	RB72		Los Angeles Chargers	Miami Dolphins	0 	0.0 	3 	0.0 	0.2 	2 	0.0 	0.0 	0.0 	0.0 	0.0 	1.0 	RB72		Los Angeles Chargers	Kansas City Chiefs	0 	0.0 	3 	0.0 	0.3 	2 	0.0 	0.0 	0.0 	0.0 	0.0 	0.9 	RB72		Actual	Actual	Actual	Forecast	Forecast	Forecast	Forecast	Forecast	Forecast	Forecast	Forecast	Forecast	Forecast	Forecast	Forecast	Forecast	Forecast		Healthy	Healthy	Healthy	Healthy	Healthy	Healthy	Healthy	Healthy	Healthy	Healthy	Healthy	Healthy	Healthy	Healthy	Healthy	Healthy	Healthy		Week 4 2026	10/3/2026	9:38:40 AM	9		1%	1%	2%	2%	0%	0%		0.0 	0	0	0	0	0	0.024866 
	Jerry Jeudy	Cleveland Browns	WR	WR92	2.7 	38 	0 	0.0 	0.0 	0.0 	0 	0.0 	0.0 	0.0 	13.8 	1.0 	172 	12.3 	1.2 	0.1 	0.0 	0.0 	0.0 	0.094 	1.000 	0.080 	(1)	0.000 	0.000 	240 	180 	(60)	92 	62 	(30)	0.050 				-	-		-	-		-	-		-	-		4.6 	0.0 	0.0 	2.5 	2.5 	2.7 	2.6 	2.5 	2.6 	2.5 	0.0 	2.6 	2.7 	2.6 	2.6 	2.6 	2.7 		WR69	-	-	WR83	WR86	WR78	WR78	WR81	WR86	WR81	-	WR93	WR81	WR88	WR95	WR93	WR94		WR92	2.6 	0.0 	0.0 	0.0 	0.0 	0.9 	11.2 	0.1 	92 	0.109 	1.000 	0.080 	(1)	0.000 	0.000 	239 	0.052 		34 														WR125	4.6 	0.0 	0.0 	0.0 	0.0 	11.8 	145.7 	1.2 	125 	0.044 	1.000 	0.000 	(1)	0.000 	0.000 	#N/A	0.007 		4.6 																	Cleveland Browns	Jacksonville Jaguars	0 	0.0 	0 	0.0 	2.0 	26 	0.0 	0.0 	0.0 	0.0 	0.0 	4.6 	WR69		Cleveland Browns	Tampa Bay Buccaneers	0 	0.0 	0 	0.0 	0.0 	0 	0.0 	0.0 	0.0 	0.0 	0.0 	0.0 	-		Cleveland Browns	Carolina Panthers	0 	0.0 	0 	0.0 	0.0 	0 	0.0 	0.0 	0.0 	0.0 	0.0 	0.0 	-		Cleveland Browns	Pittsburgh Steelers	0 	0.0 	0 	0.0 	0.9 	11 	0.1 	0.0 	0.0 	0.0 	0.0 	2.5 	WR83		Cleveland Browns	New York Jets	0 	0.0 	0 	0.0 	0.9 	11 	0.1 	0.0 	0.0 	0.0 	0.0 	2.5 	WR86		Cleveland Browns	Baltimore Ravens	0 	0.0 	0 	0.0 	0.9 	12 	0.1 	0.0 	0.0 	0.0 	0.0 	2.7 	WR78		Cleveland Browns	Tennessee Titans	0 	0.0 	0 	0.0 	0.9 	11 	0.1 	0.0 	0.0 	0.0 	0.0 	2.6 	WR78		Cleveland Browns	Pittsburgh Steelers	0 	0.0 	0 	0.0 	0.9 	11 	0.1 	0.0 	0.0 	0.0 	0.0 	2.5 	WR81		Cleveland Browns	New Orleans Saints	0 	0.0 	0 	0.0 	0.9 	11 	0.1 	0.0 	0.0 	0.0 	0.0 	2.6 	WR86		Cleveland Browns	Houston Texans	0 	0.0 	0 	0.0 	0.9 	11 	0.1 	0.0 	0.0 	0.0 	0.0 	2.5 	WR81		Cleveland Browns	BYE	0 	0.0 	0 	0.0 	0.0 	0 	0.0 	0.0 	0.0 	0.0 	0.0 	0.0 	-		Cleveland Browns	Las Vegas Raiders	0 	0.0 	0 	0.0 	0.9 	11 	0.1 	0.0 	0.0 	0.0 	0.0 	2.6 	WR93		Cleveland Browns	Cincinnati Bengals	0 	0.0 	0 	0.0 	0.9 	12 	0.1 	0.0 	0.0 	0.0 	0.0 	2.7 	WR81		Cleveland Browns	Atlanta Falcons	0 	0.0 	0 	0.0 	0.9 	11 	0.1 	0.0 	0.0 	0.0 	0.0 	2.6 	WR88		Cleveland Browns	New York Giants	0 	0.0 	0 	0.0 	0.9 	11 	0.1 	0.0 	0.0 	0.0 	0.0 	2.6 	WR95		Cleveland Browns	Baltimore Ravens	0 	0.0 	0 	0.0 	0.9 	11 	0.1 	0.0 	0.0 	0.0 	0.0 	2.6 	WR93		Cleveland Browns	Indianapolis Colts	0 	0.0 	0 	0.0 	0.9 	11 	0.1 	0.0 	0.0 	0.0 	0.0 	2.7 	WR94		Actual	Actual	Actual	Forecast	Forecast	Forecast	Forecast	Forecast	Forecast	Forecast	Forecast	Forecast	Forecast	Forecast	Forecast	Forecast	Forecast		Healthy	Healthy	Healthy	Healthy	Healthy	Healthy	Healthy	Healthy	Healthy	Healthy	Healthy	Healthy	Healthy	Healthy	Healthy	Healthy	Healthy		Week 4 2026	10/3/2026	9:38:40 AM	9		5%	7%	0%	0%	0%	0%		0.0 	0	0	0	0	0	0.045648 
	Jordan Whittington	Los Angeles Rams	WR	WR96	2.5 	36 	0 	0.0 	0.0 	0.0 	0 	0.0 	0.0 	0.0 	13.6 	1.0 	128 	9.1 	1.6 	0.1 	0.0 	0.0 	0.0 	0.087 	1.000 	0.040 	(1)	0.000 	0.000 	250 	373 	123 	96 	117 	21 	0.031 																1.8 	0.0 	0.0 	2.5 	2.7 	2.7 	2.6 	2.6 	2.7 	2.6 	0.0 	2.6 	2.6 	2.6 	2.7 	2.5 	2.6 		WR84	-	-	WR85	WR84	WR77	WR79	WR80	WR85	WR80	-	WR94	WR83	WR89	WR94	WR95	WR95		WR91	2.6 	0.0 	0.0 	0.0 	0.0 	1.0 	9.2 	0.1 	91 	0.109 	1.000 	0.090 	(1)	0.000 	0.000 	237 	0.057 		34 														WR141	1.8 	0.0 	0.0 	0.0 	0.0 	12.6 	119.7 	1.6 	141 	0.017 	1.000 	0.000 	(1)	0.000 	0.000 	#N/A	0.003 		1.8 																	Los Angeles Rams	San Francisco 49ers	0 	0.0 	0 	0.0 	1.0 	8 	0.0 	0.0 	0.0 	0.0 	0.0 	1.8 	WR84		Los Angeles Rams	New York Giants	0 	0.0 	0 	0.0 	0.0 	0 	0.0 	0.0 	0.0 	0.0 	0.0 	0.0 	-		Los Angeles Rams	Denver Broncos	0 	0.0 	0 	0.0 	0.0 	0 	0.0 	0.0 	0.0 	0.0 	0.0 	0.0 	-		Los Angeles Rams	Philadelphia Eagles	0 	0.0 	0 	0.0 	0.9 	9 	0.1 	0.0 	0.0 	0.0 	0.0 	2.5 	WR85		Los Angeles Rams	Buffalo Bills	0 	0.0 	0 	0.0 	1.0 	10 	0.1 	0.0 	0.0 	0.0 	0.0 	2.7 	WR84		Los Angeles Rams	Arizona Cardinals	0 	0.0 	0 	0.0 	1.0 	9 	0.1 	0.0 	0.0 	0.0 	0.0 	2.7 	WR77		Los Angeles Rams	Las Vegas Raiders	0 	0.0 	0 	0.0 	0.9 	9 	0.1 	0.0 	0.0 	0.0 	0.0 	2.6 	WR79		Los Angeles Rams	Los Angeles Chargers	0 	0.0 	0 	0.0 	1.0 	9 	0.1 	0.0 	0.0 	0.0 	0.0 	2.6 	WR80		Los Angeles Rams	Washington Commanders	0 	0.0 	0 	0.0 	1.0 	9 	0.1 	0.0 	0.0 	0.0 	0.0 	2.7 	WR85		Los Angeles Rams	Arizona Cardinals	0 	0.0 	0 	0.0 	1.0 	9 	0.1 	0.0 	0.0 	0.0 	0.0 	2.6 	WR80		Los Angeles Rams	BYE	0 	0.0 	0 	0.0 	0.0 	0 	0.0 	0.0 	0.0 	0.0 	0.0 	0.0 	-		Los Angeles Rams	Green Bay Packers	0 	0.0 	0 	0.0 	1.0 	9 	0.1 	0.0 	0.0 	0.0 	0.0 	2.6 	WR94		Los Angeles Rams	Kansas City Chiefs	0 	0.0 	0 	0.0 	1.0 	9 	0.1 	0.0 	0.0 	0.0 	0.0 	2.6 	WR83		Los Angeles Rams	San Francisco 49ers	0 	0.0 	0 	0.0 	1.0 	9 	0.1 	0.0 	0.0 	0.0 	0.0 	2.6 	WR89		Los Angeles Rams	Dallas Cowboys	0 	0.0 	0 	0.0 	1.0 	9 	0.1 	0.0 	0.0 	0.0 	0.0 	2.7 	WR94		Los Angeles Rams	Seattle Seahawks	0 	0.0 	0 	0.0 	1.0 	9 	0.1 	0.0 	0.0 	0.0 	0.0 	2.5 	WR95		Los Angeles Rams	Tampa Bay Buccaneers	0 	0.0 	0 	0.0 	1.0 	9 	0.1 	0.0 	0.0 	0.0 	0.0 	2.6 	WR95		Actual	Actual	Actual	Forecast	Forecast	Forecast	Forecast	Forecast	Forecast	Forecast	Forecast	Forecast	Forecast	Forecast	Forecast	Forecast	Forecast		Healthy	Injured	Healthy	Healthy	Healthy	Healthy	Healthy	Healthy	Healthy	Healthy	Healthy	Healthy	Healthy	Healthy	Healthy	Healthy	Healthy		Week 4 2026	10/3/2026	9:38:40 AM	9		4%	6%	0%	0%	0%	0%		0.1 	0	1	0	0	0	
	Adam Randall	Baltimore Ravens	RB	RB74	0.5 	6 	0 	0.0 	0.0 	0.0 	40 	3.3 	0.3 	0.0 	0.0 	0.0 	0 	0.0 	0.0 	0.0 	0.0 	0.1 	0.0 	0.015 	1.000 	0.082 	(1)	0.000 	0.000 	245 	0 	(245)	74 	0 	(74)	0.039 																0.0 	0.0 	0.0 	0.0 	0.5 	0.5 	0.5 	0.5 	0.5 	0.5 	0.5 	0.4 	0.0 	0.5 	0.5 	0.5 	0.5 		-	-	-	-	RB63	RB60	RB59	RB61	RB67	RB63	RB56	RB72	-	RB70	RB73	RB73	RB73		RB73	0.5 	0.0 	0.0 	3.3 	0.0 	0.0 	0.0 	0.0 	73 	0.019 	1.000 	0.095 	(1)	0.000 	0.000 	241 	0.046 		6 															0.0 	0.0 	0.0 	0.0 	0.0 	0.0 	0.0 	0.0 	#N/A	0.000 	1.000 	#N/A	(1)	0.000 	0.000 	#N/A	#N/A		0.0 																	Baltimore Ravens	Indianapolis Colts	0 	0.0 	0 	0.0 	0.0 	0 	0.0 	0.0 	0.0 	0.0 	0.0 	0.0 	-		Baltimore Ravens	New Orleans Saints	0 	0.0 	0 	0.0 	0.0 	0 	0.0 	0.0 	0.0 	0.0 	0.0 	0.0 	-		Baltimore Ravens	Dallas Cowboys	0 	0.0 	0 	0.0 	0.0 	0 	0.0 	0.0 	0.0 	0.0 	0.0 	0.0 	-		Baltimore Ravens	Tennessee Titans	0 	0.0 	0 	0.0 	0.0 	0 	0.0 	0.0 	0.0 	0.0 	0.0 	0.0 	-		Baltimore Ravens	Atlanta Falcons	0 	0.0 	4 	0.0 	0.0 	0 	0.0 	0.0 	0.0 	0.0 	0.0 	0.5 	RB63		Baltimore Ravens	Cleveland Browns	0 	0.0 	3 	0.0 	0.0 	0 	0.0 	0.0 	0.0 	0.0 	0.0 	0.5 	RB60		Baltimore Ravens	Cincinnati Bengals	0 	0.0 	3 	0.0 	0.0 	0 	0.0 	0.0 	0.0 	0.0 	0.0 	0.5 	RB59		Baltimore Ravens	Buffalo Bills	0 	0.0 	3 	0.0 	0.0 	0 	0.0 	0.0 	0.0 	0.0 	0.0 	0.5 	RB61		Baltimore Ravens	Jacksonville Jaguars	0 	0.0 	3 	0.0 	0.0 	0 	0.0 	0.0 	0.0 	0.0 	0.0 	0.5 	RB67		Baltimore Ravens	Los Angeles Chargers	0 	0.0 	3 	0.0 	0.0 	0 	0.0 	0.0 	0.0 	0.0 	0.0 	0.5 	RB63		Baltimore Ravens	Carolina Panthers	0 	0.0 	3 	0.0 	0.0 	0 	0.0 	0.0 	0.0 	0.0 	0.0 	0.5 	RB56		Baltimore Ravens	Houston Texans	0 	0.0 	3 	0.0 	0.0 	0 	0.0 	0.0 	0.0 	0.0 	0.0 	0.4 	RB72		Baltimore Ravens	BYE	0 	0.0 	0 	0.0 	0.0 	0 	0.0 	0.0 	0.0 	0.0 	0.0 	0.0 	-		Baltimore Ravens	Tampa Bay Buccaneers	0 	0.0 	4 	0.0 	0.0 	0 	0.0 	0.0 	0.0 	0.0 	0.0 	0.5 	RB70		Baltimore Ravens	Pittsburgh Steelers	0 	0.0 	3 	0.0 	0.0 	0 	0.0 	0.0 	0.0 	0.0 	0.0 	0.5 	RB73		Baltimore Ravens	Cleveland Browns	0 	0.0 	4 	0.0 	0.0 	0 	0.0 	0.0 	0.0 	0.0 	0.0 	0.5 	RB73		Baltimore Ravens	Cincinnati Bengals	0 	0.0 	3 	0.0 	0.0 	0 	0.0 	0.0 	0.0 	0.0 	0.0 	0.5 	RB73		Actual	Actual	Actual	Forecast	Forecast	Forecast	Forecast	Forecast	Forecast	Forecast	Forecast	Forecast	Forecast	Forecast	Forecast	Forecast	Forecast		Injured	Injured	Injured	Injured	Healthy	Healthy	Healthy	Healthy	Healthy	Healthy	Healthy	Healthy	Healthy	Healthy	Healthy	Healthy	Healthy		Week 4 2026	10/3/2026	9:38:40 AM	9		0%	0%	2%	2%	0%	0%		0.0 	1	1	1	1	0	
	Jameis Winston	New York Giants	QB	QB33	8.6 	129 	2,056 	137.1 	12.0 	0.8 	101 	6.8 	0.5 	0.0 	0.0 	0.0 	0 	0.0 	0.0 	0.0 	6.7 	0.7 	0.0 	0.315 	0.460 	0.085 	(1)	0.000 	0.000 	243 	315 	72 	32 	36 	4 	0.045 																0.0 	2.8 	6.1 	8.9 	8.8 	9.4 	8.7 	0.0 	8.9 	9.7 	9.4 	9.4 	9.3 	8.9 	9.0 	9.6 	9.6 		-	QB32	QB31	QB32	QB30	QB28	QB28	-	QB30	QB28	QB26	QB32	QB28	QB30	QB32	QB32	QB32		QB32	9.2 	140.5 	0.9 	6.6 	0.0 	0.0 	0.0 	0.0 	32 	0.386 	0.460 	0.085 	(0)	0.000 	0.000 	242 	0.045 		120 														QB37	4.5 	913.5 	6.0 	43.2 	0.2 	0.0 	0.0 	0.0 	37 	0.086 	0.460 	0.009 	(1)	0.000 	0.000 	#N/A	0.005 		9.0 																	New York Giants	Dallas Cowboys	0 	0.0 	0 	0.0 	0.0 	0 	0.0 	0.0 	0.0 	0.0 	0.0 	0.0 	-		New York Giants	Los Angeles Rams	111 	0.0 	1 	0.0 	0.0 	0 	0.0 	0.8 	0.0 	0.0 	0.0 	2.8 	QB32		New York Giants	Tennessee Titans	118 	0.0 	14 	0.0 	0.0 	0 	0.0 	0.0 	0.0 	0.0 	0.0 	6.1 	QB31		New York Giants	Arizona Cardinals	138 	0.9 	7 	0.0 	0.0 	0 	0.0 	0.4 	0.1 	0.0 	0.0 	8.9 	QB32		New York Giants	Washington Commanders	137 	0.9 	7 	0.0 	0.0 	0 	0.0 	0.4 	0.1 	0.0 	0.0 	8.8 	QB30		New York Giants	New Orleans Saints	140 	1.0 	7 	0.0 	0.0 	0 	0.0 	0.4 	0.1 	0.0 	0.0 	9.4 	QB28		New York Giants	Houston Texans	140 	0.8 	6 	0.0 	0.0 	0 	0.0 	0.4 	0.1 	0.0 	0.0 	8.7 	QB28		New York Giants	BYE	0 	0.0 	0 	0.0 	0.0 	0 	0.0 	0.0 	0.0 	0.0 	0.0 	0.0 	-		New York Giants	Philadelphia Eagles	141 	0.9 	6 	0.0 	0.0 	0 	0.0 	0.4 	0.1 	0.0 	0.0 	8.9 	QB30		New York Giants	Washington Commanders	142 	1.0 	7 	0.0 	0.0 	0 	0.0 	0.4 	0.1 	0.0 	0.0 	9.7 	QB28		New York Giants	Jacksonville Jaguars	141 	1.0 	7 	0.0 	0.0 	0 	0.0 	0.4 	0.1 	0.0 	0.0 	9.4 	QB26		New York Giants	Indianapolis Colts	141 	1.0 	7 	0.0 	0.0 	0 	0.0 	0.4 	0.1 	0.0 	0.0 	9.4 	QB32		New York Giants	San Francisco 49ers	141 	0.9 	7 	0.0 	0.0 	0 	0.0 	0.4 	0.1 	0.0 	0.0 	9.3 	QB28		New York Giants	Seattle Seahawks	143 	0.9 	6 	0.0 	0.0 	0 	0.0 	0.4 	0.1 	0.0 	0.0 	8.9 	QB30		New York Giants	Cleveland Browns	134 	0.9 	7 	0.0 	0.0 	0 	0.0 	0.4 	0.1 	0.0 	0.0 	9.0 	QB32		New York Giants	Detroit Lions	145 	1.0 	7 	0.0 	0.0 	0 	0.0 	0.4 	0.1 	0.0 	0.0 	9.6 	QB32		New York Giants	Dallas Cowboys	145 	1.0 	7 	0.0 	0.0 	0 	0.0 	0.4 	0.1 	0.0 	0.0 	9.6 	QB32		Actual	Actual	Actual	Forecast	Forecast	Forecast	Forecast	Forecast	Forecast	Forecast	Forecast	Forecast	Forecast	Forecast	Forecast	Forecast	Forecast		Healthy	Healthy	Healthy	Healthy	Healthy	Healthy	Healthy	Healthy	Healthy	Healthy	Healthy	Healthy	Healthy	Healthy	Healthy	Healthy	Healthy		Week 4 2026	10/3/2026	9:38:40 AM	9		0%	0%	5%	4%	69%	69%		0.0 	0	0	0	0	0	0.040266 
	Zachariah Branch	Atlanta Falcons	WR	WR94	2.5 	37 	0 	0.0 	0.0 	0.0 	0 	0.0 	0.0 	0.0 	17.0 	1.1 	154 	10.3 	0.8 	0.1 	0.0 	0.0 	0.0 	0.092 	1.000 	0.060 	(1)	0.000 	0.000 	244 	239 	(5)	94 	78 	(16)	0.041 																0.0 	3.4 	1.7 	2.5 	2.6 	2.5 	2.5 	2.5 	2.6 	2.5 	0.0 	2.4 	2.6 	2.3 	2.5 	2.5 	2.5 		-	WR72	WR83	WR84	WR85	WR80	WR80	WR82	WR87	WR82	-	WR95	WR84	WR91	WR96	WR96	WR97		WR93	2.5 	0.0 	0.0 	0.0 	0.0 	1.1 	10.2 	0.1 	93 	0.104 	1.000 	0.070 	(1)	0.000 	0.000 	240 	0.047 		32 														WR123	2.6 	0.0 	0.0 	0.0 	0.0 	7.0 	66.5 	0.4 	123 	0.049 	1.000 	0.000 	(1)	0.000 	0.000 	#N/A	0.007 		5.1 																	Atlanta Falcons	Pittsburgh Steelers	0 	0.0 	0 	0.0 	0.0 	0 	0.0 	0.0 	0.0 	0.0 	0.0 	0.0 	-		Atlanta Falcons	Carolina Panthers	0 	0.0 	0 	0.0 	2.0 	14 	0.0 	0.0 	0.0 	0.0 	0.0 	3.4 	WR72		Atlanta Falcons	Green Bay Packers	0 	0.0 	0 	0.0 	1.0 	7 	0.0 	0.0 	0.0 	0.0 	0.0 	1.7 	WR83		Atlanta Falcons	New Orleans Saints	0 	0.0 	0 	0.0 	1.1 	10 	0.1 	0.0 	0.0 	0.0 	0.0 	2.5 	WR84		Atlanta Falcons	Baltimore Ravens	0 	0.0 	0 	0.0 	1.1 	11 	0.1 	0.0 	0.0 	0.0 	0.0 	2.6 	WR85		Atlanta Falcons	Chicago Bears	0 	0.0 	0 	0.0 	1.1 	10 	0.1 	0.0 	0.0 	0.0 	0.0 	2.5 	WR80		Atlanta Falcons	San Francisco 49ers	0 	0.0 	0 	0.0 	1.1 	10 	0.1 	0.0 	0.0 	0.0 	0.0 	2.5 	WR80		Atlanta Falcons	Tampa Bay Buccaneers	0 	0.0 	0 	0.0 	1.1 	10 	0.1 	0.0 	0.0 	0.0 	0.0 	2.5 	WR82		Atlanta Falcons	Cincinnati Bengals	0 	0.0 	0 	0.0 	1.1 	11 	0.1 	0.0 	0.0 	0.0 	0.0 	2.6 	WR87		Atlanta Falcons	Kansas City Chiefs	0 	0.0 	0 	0.0 	1.1 	10 	0.1 	0.0 	0.0 	0.0 	0.0 	2.5 	WR82		Atlanta Falcons	BYE	0 	0.0 	0 	0.0 	0.0 	0 	0.0 	0.0 	0.0 	0.0 	0.0 	0.0 	-		Atlanta Falcons	Minnesota Vikings	0 	0.0 	0 	0.0 	1.0 	10 	0.1 	0.0 	0.0 	0.0 	0.0 	2.4 	WR95		Atlanta Falcons	Detroit Lions	0 	0.0 	0 	0.0 	1.1 	10 	0.1 	0.0 	0.0 	0.0 	0.0 	2.6 	WR84		Atlanta Falcons	Cleveland Browns	0 	0.0 	0 	0.0 	1.0 	10 	0.1 	0.0 	0.0 	0.0 	0.0 	2.3 	WR91		Atlanta Falcons	Washington Commanders	0 	0.0 	0 	0.0 	1.1 	10 	0.1 	0.0 	0.0 	0.0 	0.0 	2.5 	WR96		Atlanta Falcons	Tampa Bay Buccaneers	0 	0.0 	0 	0.0 	1.1 	10 	0.1 	0.0 	0.0 	0.0 	0.0 	2.5 	WR96		Atlanta Falcons	New Orleans Saints	0 	0.0 	0 	0.0 	1.1 	10 	0.1 	0.0 	0.0 	0.0 	0.0 	2.5 	WR97		Actual	Actual	Actual	Forecast	Forecast	Forecast	Forecast	Forecast	Forecast	Forecast	Forecast	Forecast	Forecast	Forecast	Forecast	Forecast	Forecast		Healthy	Healthy	Healthy	Healthy	Healthy	Healthy	Healthy	Healthy	Healthy	Healthy	Healthy	Healthy	Healthy	Healthy	Healthy	Healthy	Healthy		Week 4 2026	10/3/2026	9:38:40 AM	9		5%	5%	0%	0%	0%	0%		0.0 	0	0	0	0	0	0.039787 
	James Conner	Arizona Cardinals	RB	RB75	0.3 	4 	0 	0.0 	0.0 	0.0 	22 	1.9 	0.3 	0.0 	0.0 	0.0 	0 	0.0 	0.0 	0.0 	0.0 	0.1 	0.0 	0.009 	1.000 	0.069 	(1)	0.000 	0.000 	249 	272 	23 	75 	75 	0 	0.033 																0.0 	0.0 	0.0 	0.0 	0.4 	0.3 	0.3 	0.3 	0.3 	0.3 	0.3 	0.4 	0.3 	0.0 	0.4 	0.3 	0.4 		-	-	-	-	RB64	RB61	RB60	RB62	RB68	RB64	RB57	RB73	RB66	-	RB74	RB74	RB74		RB74	0.3 	0.0 	0.0 	1.9 	0.0 	0.0 	0.0 	0.0 	74 	0.012 	1.000 	0.082 	(1)	0.000 	0.000 	244 	0.039 		4 														-	0.0 	0.0 	0.0 	0.0 	0.0 	0.0 	0.0 	0.0 	#N/A	0.000 	1.000 	#N/A	(1)	0.000 	0.000 	#N/A	#N/A		0.0 																	Arizona Cardinals	Los Angeles Chargers	0 	0.0 	0 	0.0 	0.0 	0 	0.0 	0.0 	0.0 	0.0 	0.0 	0.0 	-		Arizona Cardinals	Seattle Seahawks	0 	0.0 	0 	0.0 	0.0 	0 	0.0 	0.0 	0.0 	0.0 	0.0 	0.0 	-		Arizona Cardinals	San Francisco 49ers	0 	0.0 	0 	0.0 	0.0 	0 	0.0 	0.0 	0.0 	0.0 	0.0 	0.0 	-		Arizona Cardinals	New York Giants	0 	0.0 	0 	0.0 	0.0 	0 	0.0 	0.0 	0.0 	0.0 	0.0 	0.0 	-		Arizona Cardinals	Detroit Lions	0 	0.0 	2 	0.0 	0.0 	0 	0.0 	0.0 	0.0 	0.0 	0.0 	0.4 	RB64		Arizona Cardinals	Los Angeles Rams	0 	0.0 	2 	0.0 	0.0 	0 	0.0 	0.0 	0.0 	0.0 	0.0 	0.3 	RB61		Arizona Cardinals	Denver Broncos	0 	0.0 	2 	0.0 	0.0 	0 	0.0 	0.0 	0.0 	0.0 	0.0 	0.3 	RB60		Arizona Cardinals	Dallas Cowboys	0 	0.0 	2 	0.0 	0.0 	0 	0.0 	0.0 	0.0 	0.0 	0.0 	0.3 	RB62		Arizona Cardinals	Seattle Seahawks	0 	0.0 	2 	0.0 	0.0 	0 	0.0 	0.0 	0.0 	0.0 	0.0 	0.3 	RB68		Arizona Cardinals	Los Angeles Rams	0 	0.0 	2 	0.0 	0.0 	0 	0.0 	0.0 	0.0 	0.0 	0.0 	0.3 	RB64		Arizona Cardinals	Kansas City Chiefs	0 	0.0 	2 	0.0 	0.0 	0 	0.0 	0.0 	0.0 	0.0 	0.0 	0.3 	RB57		Arizona Cardinals	Washington Commanders	0 	0.0 	2 	0.0 	0.0 	0 	0.0 	0.0 	0.0 	0.0 	0.0 	0.4 	RB73		Arizona Cardinals	Philadelphia Eagles	0 	0.0 	2 	0.0 	0.0 	0 	0.0 	0.0 	0.0 	0.0 	0.0 	0.3 	RB66		Arizona Cardinals	BYE	0 	0.0 	0 	0.0 	0.0 	0 	0.0 	0.0 	0.0 	0.0 	0.0 	0.0 	-		Arizona Cardinals	New York Jets	0 	0.0 	2 	0.0 	0.0 	0 	0.0 	0.0 	0.0 	0.0 	0.0 	0.4 	RB74		Arizona Cardinals	New Orleans Saints	0 	0.0 	2 	0.0 	0.0 	0 	0.0 	0.0 	0.0 	0.0 	0.0 	0.3 	RB74		Arizona Cardinals	Las Vegas Raiders	0 	0.0 	2 	0.0 	0.0 	0 	0.0 	0.0 	0.0 	0.0 	0.0 	0.4 	RB74		Actual	Actual	Actual	Forecast	Forecast	Forecast	Forecast	Forecast	Forecast	Forecast	Forecast	Forecast	Forecast	Forecast	Forecast	Forecast	Forecast		Injured	Injured	Injured	Injured	Healthy	Healthy	Healthy	Healthy	Healthy	Healthy	Healthy	Healthy	Healthy	Healthy	Healthy	Healthy	Healthy		Week 4 2026	10/3/2026	9:38:40 AM	9		0%	0%	2%	4%	0%	0%		0.0 	1	1	1	1	0	
	J.J. McCarthy	New York Giants	QB	QB37	4.0 	52 	794 	61.1 	5.2 	0.4 	35 	2.7 	0.2 	0.0 	0.0 	0.0 	0 	0.0 	0.0 	0.0 	2.5 	0.3 	0.0 	0.127 	0.460 	0.040 	(1)	0.000 	0.000 	254 	251 	(3)	35 	30 	(5)	0.021 																0.0 	0.0 	0.0 	3.9 	3.8 	4.1 	3.8 	0.0 	3.9 	4.2 	4.1 	4.1 	4.0 	3.9 	3.9 	4.2 	4.2 		-	-	-	QB33	QB31	QB30	QB29	-	QB31	QB29	QB27	QB33	QB29	QB31	QB33	QB33	QB33		QB33	4.0 	61.1 	0.4 	2.7 	0.0 	0.0 	0.0 	0.0 	33 	0.168 	0.460 	0.070 	(1)	0.000 	0.000 	245 	0.037 		52 														-	0.0 	0.0 	0.0 	0.0 	0.0 	0.0 	0.0 	0.0 	#N/A	0.000 	0.460 	#N/A	(2)	0.000 	0.000 	#N/A	#N/A		0.0 																	New York Giants	Dallas Cowboys	0 	0.0 	0 	0.0 	0.0 	0 	0.0 	0.0 	0.0 	0.0 	0.0 	0.0 	-		New York Giants	Los Angeles Rams	0 	0.0 	0 	0.0 	0.0 	0 	0.0 	0.0 	0.0 	0.0 	0.0 	0.0 	-		New York Giants	Tennessee Titans	0 	0.0 	0 	0.0 	0.0 	0 	0.0 	0.0 	0.0 	0.0 	0.0 	0.0 	-		New York Giants	Arizona Cardinals	60 	0.4 	3 	0.0 	0.0 	0 	0.0 	0.2 	0.0 	0.0 	0.0 	3.9 	QB33		New York Giants	Washington Commanders	59 	0.4 	3 	0.0 	0.0 	0 	0.0 	0.2 	0.0 	0.0 	0.0 	3.8 	QB31		New York Giants	New Orleans Saints	61 	0.4 	3 	0.0 	0.0 	0 	0.0 	0.2 	0.0 	0.0 	0.0 	4.1 	QB30		New York Giants	Houston Texans	61 	0.4 	2 	0.0 	0.0 	0 	0.0 	0.2 	0.0 	0.0 	0.0 	3.8 	QB29		New York Giants	BYE	0 	0.0 	0 	0.0 	0.0 	0 	0.0 	0.0 	0.0 	0.0 	0.0 	0.0 	-		New York Giants	Philadelphia Eagles	61 	0.4 	2 	0.0 	0.0 	0 	0.0 	0.2 	0.0 	0.0 	0.0 	3.9 	QB31		New York Giants	Washington Commanders	62 	0.4 	3 	0.0 	0.0 	0 	0.0 	0.2 	0.0 	0.0 	0.0 	4.2 	QB29		New York Giants	Jacksonville Jaguars	61 	0.4 	3 	0.0 	0.0 	0 	0.0 	0.2 	0.0 	0.0 	0.0 	4.1 	QB27		New York Giants	Indianapolis Colts	61 	0.4 	3 	0.0 	0.0 	0 	0.0 	0.2 	0.0 	0.0 	0.0 	4.1 	QB33		New York Giants	San Francisco 49ers	61 	0.4 	3 	0.0 	0.0 	0 	0.0 	0.2 	0.0 	0.0 	0.0 	4.0 	QB29		New York Giants	Seattle Seahawks	62 	0.4 	2 	0.0 	0.0 	0 	0.0 	0.2 	0.0 	0.0 	0.0 	3.9 	QB31		New York Giants	Cleveland Browns	58 	0.4 	3 	0.0 	0.0 	0 	0.0 	0.2 	0.0 	0.0 	0.0 	3.9 	QB33		New York Giants	Detroit Lions	63 	0.4 	3 	0.0 	0.0 	0 	0.0 	0.2 	0.0 	0.0 	0.0 	4.2 	QB33		New York Giants	Dallas Cowboys	63 	0.4 	3 	0.0 	0.0 	0 	0.0 	0.2 	0.0 	0.0 	0.0 	4.2 	QB33		Actual	Actual	Actual	Forecast	Forecast	Forecast	Forecast	Forecast	Forecast	Forecast	Forecast	Forecast	Forecast	Forecast	Forecast	Forecast	Forecast		Healthy	Healthy	Healthy	Healthy	Healthy	Healthy	Healthy	Healthy	Healthy	Healthy	Healthy	Healthy	Healthy	Healthy	Healthy	Healthy	Healthy		Week 4 2026	10/3/2026	9:38:40 AM	9		0%	0%	0%	0%	0%	0%		0.0 	0	0	0	0	0	0.037002 
	Ja'Kobi Lane	Baltimore Ravens	WR	WR97	2.6 	32 	0 	0.0 	0.0 	0.0 	0 	0.0 	0.0 	0.0 	12.3 	1.0 	138 	11.5 	1.0 	0.1 	0.0 	0.0 	0.0 	0.078 	1.000 	0.030 	(1)	0.000 	0.000 	253 	176 	(77)	97 	61 	(36)	0.025 																2.1 	0.0 	0.0 	0.0 	0.0 	2.6 	2.9 	2.8 	2.7 	2.7 	2.7 	2.6 	0.0 	2.7 	2.7 	2.6 	2.8 		WR83	-	-	-	-	WR79	WR77	WR79	WR84	WR79	WR77	WR92	-	WR87	WR93	WR94	WR93		WR94	2.7 	0.0 	0.0 	0.0 	0.0 	1.0 	11.5 	0.1 	94 	0.096 	1.000 	0.060 	(1)	0.000 	0.000 	243 	0.041 		30 														WR137	2.1 	0.0 	0.0 	0.0 	0.0 	11.3 	126.8 	1.0 	137 	0.020 	1.000 	0.000 	(1)	0.000 	0.000 	#N/A	0.003 		2.1 																	Baltimore Ravens	Indianapolis Colts	0 	0.0 	0 	0.0 	1.0 	11 	0.0 	0.0 	0.0 	0.0 	0.0 	2.1 	WR83		Baltimore Ravens	New Orleans Saints	0 	0.0 	0 	0.0 	0.0 	0 	0.0 	0.0 	0.0 	0.0 	0.0 	0.0 	-		Baltimore Ravens	Dallas Cowboys	0 	0.0 	0 	0.0 	0.0 	0 	0.0 	0.0 	0.0 	0.0 	0.0 	0.0 	-		Baltimore Ravens	Tennessee Titans	0 	0.0 	0 	0.0 	0.0 	0 	0.0 	0.0 	0.0 	0.0 	0.0 	0.0 	-		Baltimore Ravens	Atlanta Falcons	0 	0.0 	0 	0.0 	0.0 	0 	0.0 	0.0 	0.0 	0.0 	0.0 	0.0 	-		Baltimore Ravens	Cleveland Browns	0 	0.0 	0 	0.0 	1.0 	11 	0.1 	0.0 	0.0 	0.0 	0.0 	2.6 	WR79		Baltimore Ravens	Cincinnati Bengals	0 	0.0 	0 	0.0 	1.1 	12 	0.1 	0.0 	0.0 	0.0 	0.0 	2.9 	WR77		Baltimore Ravens	Buffalo Bills	0 	0.0 	0 	0.0 	1.1 	12 	0.1 	0.0 	0.0 	0.0 	0.0 	2.8 	WR79		Baltimore Ravens	Jacksonville Jaguars	0 	0.0 	0 	0.0 	1.0 	12 	0.1 	0.0 	0.0 	0.0 	0.0 	2.7 	WR84		Baltimore Ravens	Los Angeles Chargers	0 	0.0 	0 	0.0 	1.0 	12 	0.1 	0.0 	0.0 	0.0 	0.0 	2.7 	WR79		Baltimore Ravens	Carolina Panthers	0 	0.0 	0 	0.0 	1.0 	11 	0.1 	0.0 	0.0 	0.0 	0.0 	2.7 	WR77		Baltimore Ravens	Houston Texans	0 	0.0 	0 	0.0 	1.0 	11 	0.1 	0.0 	0.0 	0.0 	0.0 	2.6 	WR92		Baltimore Ravens	BYE	0 	0.0 	0 	0.0 	0.0 	0 	0.0 	0.0 	0.0 	0.0 	0.0 	0.0 	-		Baltimore Ravens	Tampa Bay Buccaneers	0 	0.0 	0 	0.0 	1.0 	11 	0.1 	0.0 	0.0 	0.0 	0.0 	2.7 	WR87		Baltimore Ravens	Pittsburgh Steelers	0 	0.0 	0 	0.0 	1.0 	12 	0.1 	0.0 	0.0 	0.0 	0.0 	2.7 	WR93		Baltimore Ravens	Cleveland Browns	0 	0.0 	0 	0.0 	1.0 	11 	0.1 	0.0 	0.0 	0.0 	0.0 	2.6 	WR94		Baltimore Ravens	Cincinnati Bengals	0 	0.0 	0 	0.0 	1.1 	12 	0.1 	0.0 	0.0 	0.0 	0.0 	2.8 	WR93		Actual	Actual	Actual	Forecast	Forecast	Forecast	Forecast	Forecast	Forecast	Forecast	Forecast	Forecast	Forecast	Forecast	Forecast	Forecast	Forecast		Healthy	Injured	Injured	Injured	Injured	Healthy	Healthy	Healthy	Healthy	Healthy	Healthy	Healthy	Healthy	Healthy	Healthy	Healthy	Healthy		Week 4 2026	10/3/2026	9:38:40 AM	9		6%	7%	0%	0%	0%	0%		0.0 	0	1	1	1	1	
	Sean Tucker	Tampa Bay Buccaneers	RB	RB76	0.2 	2 	0 	0.0 	0.0 	0.0 	15 	1.2 	0.1 	0.0 	0.0 	0.0 	0 	0.0 	0.0 	0.0 	0.0 	0.0 	0.0 	0.005 	1.000 	0.056 	(1)	0.000 	0.000 	252 	243 	(9)	76 	67 	(9)	0.026 																0.0 	0.0 	0.0 	0.1 	0.1 	0.2 	0.2 	0.2 	0.2 	0.0 	0.2 	0.2 	0.2 	0.1 	0.2 	0.2 	0.1 		-	-	-	RB61	RB65	RB62	RB61	RB63	RB69	-	RB58	RB74	RB67	RB71	RB75	RB75	RB75		RB75	0.2 	0.0 	0.0 	1.2 	0.0 	0.0 	0.0 	0.0 	75 	0.007 	1.000 	0.069 	(1)	0.000 	0.000 	247 	0.032 		2 														-	0.0 	0.0 	0.0 	0.0 	0.0 	0.0 	0.0 	0.0 	#N/A	0.000 	1.000 	#N/A	(1)	0.000 	0.000 	#N/A	#N/A		0.0 																	Tampa Bay Buccaneers	Cincinnati Bengals	0 	0.0 	0 	0.0 	0.0 	0 	0.0 	0.0 	0.0 	0.0 	0.0 	0.0 	-		Tampa Bay Buccaneers	Cleveland Browns	0 	0.0 	0 	0.0 	0.0 	0 	0.0 	0.0 	0.0 	0.0 	0.0 	0.0 	-		Tampa Bay Buccaneers	Minnesota Vikings	0 	0.0 	0 	0.0 	0.0 	0 	0.0 	0.0 	0.0 	0.0 	0.0 	0.0 	-		Tampa Bay Buccaneers	Green Bay Packers	0 	0.0 	1 	0.0 	0.0 	0 	0.0 	0.0 	0.0 	0.0 	0.0 	0.1 	RB61		Tampa Bay Buccaneers	Dallas Cowboys	0 	0.0 	1 	0.0 	0.0 	0 	0.0 	0.0 	0.0 	0.0 	0.0 	0.1 	RB65		Tampa Bay Buccaneers	Pittsburgh Steelers	0 	0.0 	1 	0.0 	0.0 	0 	0.0 	0.0 	0.0 	0.0 	0.0 	0.2 	RB62		Tampa Bay Buccaneers	Carolina Panthers	0 	0.0 	1 	0.0 	0.0 	0 	0.0 	0.0 	0.0 	0.0 	0.0 	0.2 	RB61		Tampa Bay Buccaneers	Atlanta Falcons	0 	0.0 	1 	0.0 	0.0 	0 	0.0 	0.0 	0.0 	0.0 	0.0 	0.2 	RB63		Tampa Bay Buccaneers	Chicago Bears	0 	0.0 	1 	0.0 	0.0 	0 	0.0 	0.0 	0.0 	0.0 	0.0 	0.2 	RB69		Tampa Bay Buccaneers	BYE	0 	0.0 	0 	0.0 	0.0 	0 	0.0 	0.0 	0.0 	0.0 	0.0 	0.0 	-		Tampa Bay Buccaneers	Detroit Lions	0 	0.0 	1 	0.0 	0.0 	0 	0.0 	0.0 	0.0 	0.0 	0.0 	0.2 	RB58		Tampa Bay Buccaneers	Carolina Panthers	0 	0.0 	1 	0.0 	0.0 	0 	0.0 	0.0 	0.0 	0.0 	0.0 	0.2 	RB74		Tampa Bay Buccaneers	Los Angeles Chargers	0 	0.0 	1 	0.0 	0.0 	0 	0.0 	0.0 	0.0 	0.0 	0.0 	0.2 	RB67		Tampa Bay Buccaneers	Baltimore Ravens	0 	0.0 	1 	0.0 	0.0 	0 	0.0 	0.0 	0.0 	0.0 	0.0 	0.1 	RB71		Tampa Bay Buccaneers	New Orleans Saints	0 	0.0 	1 	0.0 	0.0 	0 	0.0 	0.0 	0.0 	0.0 	0.0 	0.2 	RB75		Tampa Bay Buccaneers	Atlanta Falcons	0 	0.0 	1 	0.0 	0.0 	0 	0.0 	0.0 	0.0 	0.0 	0.0 	0.2 	RB75		Tampa Bay Buccaneers	Los Angeles Rams	0 	0.0 	1 	0.0 	0.0 	0 	0.0 	0.0 	0.0 	0.0 	0.0 	0.1 	RB75		Actual	Actual	Actual	Forecast	Forecast	Forecast	Forecast	Forecast	Forecast	Forecast	Forecast	Forecast	Forecast	Forecast	Forecast	Forecast	Forecast		Injured	Healthy	Healthy	Healthy	Healthy	Healthy	Healthy	Healthy	Healthy	Healthy	Healthy	Healthy	Healthy	Healthy	Healthy	Healthy	Healthy		Week 4 2026	10/3/2026	9:38:40 AM	9		0%	0%	1%	1%	0%	0%		0.0 	1	0	0	0	0	
	Jalen McMillan	Tampa Bay Buccaneers	WR	WR102	1.7 	15 	0 	0.0 	0.0 	0.0 	0 	0.0 	0.0 	0.0 	5.5 	0.6 	82 	9.1 	0.3 	0.0 	0.0 	0.0 	0.0 	0.038 	1.000 	0.000 	(1)	0.000 	0.000 	261 	205 	(56)	102 	69 	(33)	0.006 																0.0 	0.0 	0.0 	0.0 	0.0 	0.0 	0.0 	1.7 	1.7 	0.0 	1.7 	1.7 	1.7 	1.7 	1.7 	1.7 	1.7 		-	-	-	-	-	-	-	WR86	WR92	-	WR81	WR99	WR88	WR95	WR102	WR102	WR102		WR101	1.7 	0.0 	0.0 	0.0 	0.0 	0.6 	9.1 	0.0 	101 	0.050 	1.000 	0.000 	(1)	0.000 	0.000 	258 	0.007 		15 														-	0.0 	0.0 	0.0 	0.0 	0.0 	0.0 	0.0 	0.0 	#N/A	0.000 	1.000 	#N/A	(1)	0.000 	0.000 	#N/A	#N/A		0.0 																	Tampa Bay Buccaneers	Cincinnati Bengals	0 	0.0 	0 	0.0 	0.0 	0 	0.0 	0.0 	0.0 	0.0 	0.0 	0.0 	-		Tampa Bay Buccaneers	Cleveland Browns	0 	0.0 	0 	0.0 	0.0 	0 	0.0 	0.0 	0.0 	0.0 	0.0 	0.0 	-		Tampa Bay Buccaneers	Minnesota Vikings	0 	0.0 	0 	0.0 	0.0 	0 	0.0 	0.0 	0.0 	0.0 	0.0 	0.0 	-		Tampa Bay Buccaneers	Green Bay Packers	0 	0.0 	0 	0.0 	0.0 	0 	0.0 	0.0 	0.0 	0.0 	0.0 	0.0 	-		Tampa Bay Buccaneers	Dallas Cowboys	0 	0.0 	0 	0.0 	0.0 	0 	0.0 	0.0 	0.0 	0.0 	0.0 	0.0 	-		Tampa Bay Buccaneers	Pittsburgh Steelers	0 	0.0 	0 	0.0 	0.0 	0 	0.0 	0.0 	0.0 	0.0 	0.0 	0.0 	-		Tampa Bay Buccaneers	Carolina Panthers	0 	0.0 	0 	0.0 	0.0 	0 	0.0 	0.0 	0.0 	0.0 	0.0 	0.0 	-		Tampa Bay Buccaneers	Atlanta Falcons	0 	0.0 	0 	0.0 	0.6 	9 	0.0 	0.0 	0.0 	0.0 	0.0 	1.7 	WR86		Tampa Bay Buccaneers	Chicago Bears	0 	0.0 	0 	0.0 	0.6 	9 	0.0 	0.0 	0.0 	0.0 	0.0 	1.7 	WR92		Tampa Bay Buccaneers	BYE	0 	0.0 	0 	0.0 	0.0 	0 	0.0 	0.0 	0.0 	0.0 	0.0 	0.0 	-		Tampa Bay Buccaneers	Detroit Lions	0 	0.0 	0 	0.0 	0.6 	9 	0.0 	0.0 	0.0 	0.0 	0.0 	1.7 	WR81		Tampa Bay Buccaneers	Carolina Panthers	0 	0.0 	0 	0.0 	0.6 	9 	0.0 	0.0 	0.0 	0.0 	0.0 	1.7 	WR99		Tampa Bay Buccaneers	Los Angeles Chargers	0 	0.0 	0 	0.0 	0.6 	9 	0.0 	0.0 	0.0 	0.0 	0.0 	1.7 	WR88		Tampa Bay Buccaneers	Baltimore Ravens	0 	0.0 	0 	0.0 	0.6 	9 	0.0 	0.0 	0.0 	0.0 	0.0 	1.7 	WR95		Tampa Bay Buccaneers	New Orleans Saints	0 	0.0 	0 	0.0 	0.6 	9 	0.0 	0.0 	0.0 	0.0 	0.0 	1.7 	WR102		Tampa Bay Buccaneers	Atlanta Falcons	0 	0.0 	0 	0.0 	0.6 	9 	0.0 	0.0 	0.0 	0.0 	0.0 	1.7 	WR102		Tampa Bay Buccaneers	Los Angeles Rams	0 	0.0 	0 	0.0 	0.6 	9 	0.0 	0.0 	0.0 	0.0 	0.0 	1.7 	WR102		Actual	Actual	Actual	Forecast	Forecast	Forecast	Forecast	Forecast	Forecast	Forecast	Forecast	Forecast	Forecast	Forecast	Forecast	Forecast	Forecast		Injured	Healthy	Healthy	Injured	Injured	Injured	Injured	Healthy	Healthy	Healthy	Healthy	Healthy	Healthy	Healthy	Healthy	Healthy	Healthy		Week 4 2026	10/3/2026	9:38:40 AM	9		4%	2%	0%	0%	0%	0%		0.0 	1	0	0	1	1	
	Marcus Mariota	Washington Commanders	QB	QB36	3.6 	54 	531 	35.4 	6.9 	0.5 	47 	3.1 	0.3 	0.0 	0.0 	0.0 	0 	0.0 	0.0 	0.0 	0.7 	0.1 	0.0 	0.131 	0.460 	0.055 	(2)	0.000 	0.000 	251 	526 	275 	34 	72 	38 	0.029 																0.0 	8.7 	20.4 	14.8 	0.3 	6.0 	0.0 	0.3 	0.3 	0.3 	0.3 	0.4 	0.3 	0.3 	0.3 	0.3 	0.3 		-	QB24	QB13	QB20	QB36	QB29	-	QB33	QB36	QB33	QB29	QB38	QB32	QB35	QB38	QB38	QB37		QB37	1.9 	18.2 	0.2 	2.5 	0.0 	0.0 	0.0 	0.0 	37 	0.079 	0.460 	0.009 	(1)	0.000 	0.000 	263 	0.005 		24 														QB28	14.6 	118.3 	1.5 	16.5 	0.1 	0.0 	0.0 	0.0 	28 	0.280 	0.460 	0.143 	(0)	0.000 	0.000 	#N/A	0.076 		29.2 																	Washington Commanders	Philadelphia Eagles	0 	0.0 	0 	0.0 	0.0 	0 	0.0 	0.0 	0.0 	0.0 	0.0 	0.0 	-		Washington Commanders	Dallas Cowboys	111 	1.0 	3 	0.0 	0.0 	0 	0.0 	0.0 	0.0 	0.0 	0.0 	8.7 	QB24		Washington Commanders	Seattle Seahawks	183 	3.0 	11 	0.0 	0.0 	0 	0.0 	0.0 	0.0 	0.0 	0.0 	20.4 	QB13		Washington Commanders	Indianapolis Colts	211 	1.3 	17 	0.1 	0.0 	0 	0.0 	0.6 	0.1 	0.0 	0.0 	14.8 	QB20		Washington Commanders	New York Giants	2 	0.0 	1 	0.0 	0.0 	0 	0.0 	0.0 	0.0 	0.0 	0.0 	0.3 	QB36		Washington Commanders	San Francisco 49ers	2 	1.4 	1 	0.0 	0.0 	0 	0.0 	0.0 	0.0 	0.0 	0.0 	6.0 	QB29		Washington Commanders	BYE	0 	0.0 	0 	0.0 	0.0 	0 	0.0 	0.0 	0.0 	0.0 	0.0 	0.0 	-		Washington Commanders	Philadelphia Eagles	2 	0.0 	1 	0.0 	0.0 	0 	0.0 	0.0 	0.0 	0.0 	0.0 	0.3 	QB33		Washington Commanders	Los Angeles Rams	2 	0.0 	1 	0.0 	0.0 	0 	0.0 	0.0 	0.0 	0.0 	0.0 	0.3 	QB36		Washington Commanders	New York Giants	2 	0.0 	1 	0.0 	0.0 	0 	0.0 	0.0 	0.0 	0.0 	0.0 	0.3 	QB33		Washington Commanders	Cincinnati Bengals	2 	0.0 	1 	0.0 	0.0 	0 	0.0 	0.0 	0.0 	0.0 	0.0 	0.3 	QB29		Washington Commanders	Arizona Cardinals	2 	0.0 	1 	0.0 	0.0 	0 	0.0 	0.0 	0.0 	0.0 	0.0 	0.4 	QB38		Washington Commanders	Tennessee Titans	2 	0.0 	1 	0.0 	0.0 	0 	0.0 	0.0 	0.0 	0.0 	0.0 	0.3 	QB32		Washington Commanders	Houston Texans	2 	0.0 	1 	0.0 	0.0 	0 	0.0 	0.0 	0.0 	0.0 	0.0 	0.3 	QB35		Washington Commanders	Atlanta Falcons	2 	0.0 	1 	0.0 	0.0 	0 	0.0 	0.0 	0.0 	0.0 	0.0 	0.3 	QB38		Washington Commanders	Minnesota Vikings	2 	0.0 	1 	0.0 	0.0 	0 	0.0 	0.0 	0.0 	0.0 	0.0 	0.3 	QB38		Washington Commanders	Jacksonville Jaguars	2 	0.0 	1 	0.0 	0.0 	0 	0.0 	0.0 	0.0 	0.0 	0.0 	0.3 	QB37		Actual	Actual	Actual	Forecast	Forecast	Forecast	Forecast	Forecast	Forecast	Forecast	Forecast	Forecast	Forecast	Forecast	Forecast	Forecast	Forecast		Healthy	Healthy	Healthy	Healthy	Healthy	Healthy	Healthy	Healthy	Healthy	Healthy	Healthy	Healthy	Healthy	Healthy	Healthy	Healthy	Healthy		Week 4 2026	10/3/2026	9:38:40 AM	9		0%	0%	1%	1%	1%	1%		(0.1)	0	0	0	0	0	(0.071288)
	Omar Cooper Jr.	New York Jets	WR	WR98	2.4 	31 	0 	0.0 	0.0 	0.0 	0 	0.0 	0.0 	0.0 	10.8 	0.8 	157 	12.1 	0.8 	0.1 	0.0 	0.0 	0.0 	0.076 	1.000 	0.020 	(1)	0.000 	0.000 	255 	224 	(31)	98 	73 	(25)	0.020 																4.0 	0.0 	0.0 	0.0 	2.2 	2.2 	2.3 	2.3 	2.2 	2.4 	2.2 	2.2 	0.0 	2.2 	2.3 	2.2 	2.2 		WR73	-	-	-	WR87	WR81	WR81	WR83	WR88	WR83	WR78	WR96	-	WR92	WR98	WR98	WR98		WR95	2.2 	0.0 	0.0 	0.0 	0.0 	0.8 	10.6 	0.1 	95 	0.087 	1.000 	0.050 	(1)	0.000 	0.000 	246 	0.036 		27 														WR128	4.0 	0.0 	0.0 	0.0 	0.0 	9.8 	127.0 	0.8 	128 	0.038 	1.000 	0.000 	(1)	0.000 	0.000 	#N/A	0.006 		4.0 																	New York Jets	Tennessee Titans	0 	0.0 	0 	0.0 	1.0 	30 	0.0 	0.0 	0.0 	0.0 	0.0 	4.0 	WR73		New York Jets	Green Bay Packers	0 	0.0 	0 	0.0 	0.0 	0 	0.0 	0.0 	0.0 	0.0 	0.0 	0.0 	-		New York Jets	Detroit Lions	0 	0.0 	0 	0.0 	0.0 	0 	0.0 	0.0 	0.0 	0.0 	0.0 	0.0 	-		New York Jets	Chicago Bears	0 	0.0 	0 	0.0 	0.0 	0 	0.0 	0.0 	0.0 	0.0 	0.0 	0.0 	-		New York Jets	Cleveland Browns	0 	0.0 	0 	0.0 	0.8 	10 	0.1 	0.0 	0.0 	0.0 	0.0 	2.2 	WR87		New York Jets	New England Patriots	0 	0.0 	0 	0.0 	0.8 	11 	0.1 	0.0 	0.0 	0.0 	0.0 	2.2 	WR81		New York Jets	Miami Dolphins	0 	0.0 	0 	0.0 	0.8 	11 	0.1 	0.0 	0.0 	0.0 	0.0 	2.3 	WR81		New York Jets	Las Vegas Raiders	0 	0.0 	0 	0.0 	0.8 	11 	0.1 	0.0 	0.0 	0.0 	0.0 	2.3 	WR83		New York Jets	Kansas City Chiefs	0 	0.0 	0 	0.0 	0.8 	11 	0.1 	0.0 	0.0 	0.0 	0.0 	2.2 	WR88		New York Jets	Buffalo Bills	0 	0.0 	0 	0.0 	0.9 	11 	0.1 	0.0 	0.0 	0.0 	0.0 	2.4 	WR83		New York Jets	Los Angeles Chargers	0 	0.0 	0 	0.0 	0.8 	11 	0.1 	0.0 	0.0 	0.0 	0.0 	2.2 	WR78		New York Jets	Miami Dolphins	0 	0.0 	0 	0.0 	0.8 	11 	0.1 	0.0 	0.0 	0.0 	0.0 	2.2 	WR96		New York Jets	BYE	0 	0.0 	0 	0.0 	0.0 	0 	0.0 	0.0 	0.0 	0.0 	0.0 	0.0 	-		New York Jets	Denver Broncos	0 	0.0 	0 	0.0 	0.8 	11 	0.1 	0.0 	0.0 	0.0 	0.0 	2.2 	WR92		New York Jets	Arizona Cardinals	0 	0.0 	0 	0.0 	0.8 	11 	0.1 	0.0 	0.0 	0.0 	0.0 	2.3 	WR98		New York Jets	New England Patriots	0 	0.0 	0 	0.0 	0.8 	11 	0.1 	0.0 	0.0 	0.0 	0.0 	2.2 	WR98		New York Jets	Minnesota Vikings	0 	0.0 	0 	0.0 	0.8 	10 	0.1 	0.0 	0.0 	0.0 	0.0 	2.2 	WR98		Actual	Actual	Actual	Forecast	Forecast	Forecast	Forecast	Forecast	Forecast	Forecast	Forecast	Forecast	Forecast	Forecast	Forecast	Forecast	Forecast		Healthy	Injured	Injured	Injured	Limited / Handicapped	Healthy	Healthy	Healthy	Healthy	Healthy	Healthy	Healthy	Healthy	Healthy	Healthy	Healthy	Healthy		Week 4 2026	10/3/2026	9:38:40 AM	9		5%	5%	0%	0%	0%	0%		0.0 	0	1	1	1	0	
	De'Von Achane	Miami Dolphins	RB	RB71	8.2 	25 	0 	0.0 	0.0 	0.0 	127 	42.3 	0.0 	0.0 	7.0 	2.3 	49 	16.3 	0.0 	0.0 	0.0 	0.0 	0.0 	0.060 	1.000 	0.121 	(0)	0.000 	0.000 	234 	11 	(223)	71 	6 	(65)	0.064 				-	-		-	-		-	-		-	-		10.6 	12.3 	1.7 	0.0 	0.0 	0.0 	0.0 	0.0 	0.0 	0.0 	0.0 	0.0 	0.0 	0.0 	0.0 	0.0 	0.0 		RB24	RB17	RB52	-	-	-	-	-	-	-	-	-	-	-	-	-	-		RB76	0.0 	0.0 	0.0 	0.0 	0.0 	0.0 	0.0 	0.0 	76 	0.000 	1.000 	0.056 	(1)	0.000 	0.000 	250 	0.025 		0 														RB29	8.2 	0.0 	0.0 	0.0 	0.0 	0.0 	0.0 	0.0 	29 	0.236 	1.000 	0.657 	0 	0.003 	0.000 	#N/A	0.332 		24.6 																	Miami Dolphins	Las Vegas Raiders	0 	0.0 	36 	0.0 	4.0 	30 	0.0 	0.0 	0.0 	0.0 	0.0 	10.6 	RB24		Miami Dolphins	San Francisco 49ers	0 	0.0 	74 	0.0 	3.0 	19 	0.0 	0.0 	0.0 	0.0 	0.0 	12.3 	RB17		Miami Dolphins	Kansas City Chiefs	0 	0.0 	17 	0.0 	0.0 	0 	0.0 	0.0 	0.0 	0.0 	0.0 	1.7 	RB52		Miami Dolphins	Minnesota Vikings	0 	0.0 	0 	0.0 	0.0 	0 	0.0 	0.0 	0.0 	0.0 	0.0 	0.0 	-		Miami Dolphins	Cincinnati Bengals	0 	0.0 	0 	0.0 	0.0 	0 	0.0 	0.0 	0.0 	0.0 	0.0 	0.0 	-		Miami Dolphins	BYE	0 	0.0 	0 	0.0 	0.0 	0 	0.0 	0.0 	0.0 	0.0 	0.0 	0.0 	-		Miami Dolphins	New York Jets	0 	0.0 	0 	0.0 	0.0 	0 	0.0 	0.0 	0.0 	0.0 	0.0 	0.0 	-		Miami Dolphins	New England Patriots	0 	0.0 	0 	0.0 	0.0 	0 	0.0 	0.0 	0.0 	0.0 	0.0 	0.0 	-		Miami Dolphins	Detroit Lions	0 	0.0 	0 	0.0 	0.0 	0 	0.0 	0.0 	0.0 	0.0 	0.0 	0.0 	-		Miami Dolphins	Indianapolis Colts	0 	0.0 	0 	0.0 	0.0 	0 	0.0 	0.0 	0.0 	0.0 	0.0 	0.0 	-		Miami Dolphins	Buffalo Bills	0 	0.0 	0 	0.0 	0.0 	0 	0.0 	0.0 	0.0 	0.0 	0.0 	0.0 	-		Miami Dolphins	New York Jets	0 	0.0 	0 	0.0 	0.0 	0 	0.0 	0.0 	0.0 	0.0 	0.0 	0.0 	-		Miami Dolphins	Denver Broncos	0 	0.0 	0 	0.0 	0.0 	0 	0.0 	0.0 	0.0 	0.0 	0.0 	0.0 	-		Miami Dolphins	Chicago Bears	0 	0.0 	0 	0.0 	0.0 	0 	0.0 	0.0 	0.0 	0.0 	0.0 	0.0 	-		Miami Dolphins	Green Bay Packers	0 	0.0 	0 	0.0 	0.0 	0 	0.0 	0.0 	0.0 	0.0 	0.0 	0.0 	-		Miami Dolphins	Los Angeles Chargers	0 	0.0 	0 	0.0 	0.0 	0 	0.0 	0.0 	0.0 	0.0 	0.0 	0.0 	-		Miami Dolphins	Buffalo Bills	0 	0.0 	0 	0.0 	0.0 	0 	0.0 	0.0 	0.0 	0.0 	0.0 	0.0 	-		Actual	Actual	Actual	Forecast	Forecast	Forecast	Forecast	Forecast	Forecast	Forecast	Forecast	Forecast	Forecast	Forecast	Forecast	Forecast	Forecast		Healthy	Healthy	Healthy	Injured	Injured	Injured	Injured	Injured	Injured	Injured	Injured	Injured	Injured	Injured	Injured	Injured	Injured		Week 4 2026	10/3/2026	9:38:40 AM	9		0%	0%	0%	0%	0%	0%		(0.3)	0	0	0	1	1	
	Malik Davis	Dallas Cowboys	RB	RB77	0.0 	0 	0 	0.0 	0.0 	0.0 	0 	0.0 	0.0 	0.0 	0.0 	0.0 	0 	0.0 	0.0 	0.0 	0.0 	0.0 	0.0 	0.000 	1.000 	0.043 	(1)	0.000 	0.000 	256 	268 	12 	77 	73 	(4)	0.019 																0.0 	0.0 	0.0 	0.0 	0.0 	0.0 	0.0 	0.0 	0.0 	0.0 	0.0 	0.0 	0.0 	0.0 	0.0 	0.0 	0.0 		-	-	-	-	-	-	-	-	-	-	-	-	-	-	-	-	-		RB76	0.0 	0.0 	0.0 	0.0 	0.0 	0.0 	0.0 	0.0 	76 	0.000 	1.000 	0.056 	(1)	0.000 	0.000 	250 	0.025 		0 														-	0.0 	0.0 	0.0 	0.0 	0.0 	0.0 	0.0 	0.0 	#N/A	0.000 	1.000 	#N/A	(1)	0.000 	0.000 	#N/A	#N/A		0.0 																	Dallas Cowboys	New York Giants	0 	0.0 	0 	0.0 	0.0 	0 	0.0 	0.0 	0.0 	0.0 	0.0 	0.0 	-		Dallas Cowboys	Washington Commanders	0 	0.0 	0 	0.0 	0.0 	0 	0.0 	0.0 	0.0 	0.0 	0.0 	0.0 	-		Dallas Cowboys	Baltimore Ravens	0 	0.0 	0 	0.0 	0.0 	0 	0.0 	0.0 	0.0 	0.0 	0.0 	0.0 	-		Dallas Cowboys	Houston Texans	0 	0.0 	0 	0.0 	0.0 	0 	0.0 	0.0 	0.0 	0.0 	0.0 	0.0 	-		Dallas Cowboys	Tampa Bay Buccaneers	0 	0.0 	0 	0.0 	0.0 	0 	0.0 	0.0 	0.0 	0.0 	0.0 	0.0 	-		Dallas Cowboys	Green Bay Packers	0 	0.0 	0 	0.0 	0.0 	0 	0.0 	0.0 	0.0 	0.0 	0.0 	0.0 	-		Dallas Cowboys	Philadelphia Eagles	0 	0.0 	0 	0.0 	0.0 	0 	0.0 	0.0 	0.0 	0.0 	0.0 	0.0 	-		Dallas Cowboys	Arizona Cardinals	0 	0.0 	0 	0.0 	0.0 	0 	0.0 	0.0 	0.0 	0.0 	0.0 	0.0 	-		Dallas Cowboys	Indianapolis Colts	0 	0.0 	0 	0.0 	0.0 	0 	0.0 	0.0 	0.0 	0.0 	0.0 	0.0 	-		Dallas Cowboys	San Francisco 49ers	0 	0.0 	0 	0.0 	0.0 	0 	0.0 	0.0 	0.0 	0.0 	0.0 	0.0 	-		Dallas Cowboys	Tennessee Titans	0 	0.0 	0 	0.0 	0.0 	0 	0.0 	0.0 	0.0 	0.0 	0.0 	0.0 	-		Dallas Cowboys	Philadelphia Eagles	0 	0.0 	0 	0.0 	0.0 	0 	0.0 	0.0 	0.0 	0.0 	0.0 	0.0 	-		Dallas Cowboys	Seattle Seahawks	0 	0.0 	0 	0.0 	0.0 	0 	0.0 	0.0 	0.0 	0.0 	0.0 	0.0 	-		Dallas Cowboys	BYE	0 	0.0 	0 	0.0 	0.0 	0 	0.0 	0.0 	0.0 	0.0 	0.0 	0.0 	-		Dallas Cowboys	Los Angeles Rams	0 	0.0 	0 	0.0 	0.0 	0 	0.0 	0.0 	0.0 	0.0 	0.0 	0.0 	-		Dallas Cowboys	Jacksonville Jaguars	0 	0.0 	0 	0.0 	0.0 	0 	0.0 	0.0 	0.0 	0.0 	0.0 	0.0 	-		Dallas Cowboys	New York Giants	0 	0.0 	0 	0.0 	0.0 	0 	0.0 	0.0 	0.0 	0.0 	0.0 	0.0 	-		Actual	Actual	Actual	Forecast	Forecast	Forecast	Forecast	Forecast	Forecast	Forecast	Forecast	Forecast	Forecast	Forecast	Forecast	Forecast	Forecast		Injured	Injured	Injured	Injured	Injured	Injured	Injured	Injured	Injured	Injured	Injured	Injured	Injured	Injured	Injured	Injured	Injured		Week 4 2026	10/3/2026	9:38:40 AM	9		0%	0%	0%	0%	0%	0%		0.0 	1	1	1	1	1	
	Jalon Daniels	Tampa Bay Buccaneers	QB	QB38	3.2 	44 	657 	46.9 	4.3 	0.3 	39 	2.8 	0.2 	0.0 	0.0 	0.0 	0 	0.0 	0.0 	0.0 	1.9 	0.2 	0.0 	0.108 	0.460 	0.024 	(2)	0.000 	0.000 	258 	379 	121 	36 	51 	15 	0.013 																0.0 	0.0 	0.9 	12.4 	13.4 	14.1 	0.4 	0.4 	0.3 	0.0 	0.3 	0.4 	0.3 	0.3 	0.4 	0.4 	0.3 		-	-	QB33	QB31	QB26	QB21	QB33	QB31	QB35	-	QB30	QB37	QB33	QB36	QB37	QB36	QB38		QB34	3.3 	50.5 	0.3 	2.3 	0.0 	0.0 	0.0 	0.0 	34 	0.139 	0.460 	0.055 	(1)	0.000 	0.000 	249 	0.029 		43 														-	0.9 	656.6 	4.3 	30.0 	0.2 	0.0 	0.0 	0.0 	#N/A	0.009 	0.460 	#N/A	(2)	0.000 	0.000 	#N/A	#N/A		0.9 																	Tampa Bay Buccaneers	Cincinnati Bengals	0 	0.0 	0 	0.0 	0.0 	0 	0.0 	0.0 	0.0 	0.0 	0.0 	0.0 	-		Tampa Bay Buccaneers	Cleveland Browns	0 	0.0 	0 	0.0 	0.0 	0 	0.0 	0.0 	0.0 	0.0 	0.0 	0.0 	-		Tampa Bay Buccaneers	Minnesota Vikings	0 	0.0 	9 	0.0 	0.0 	0 	0.0 	0.0 	0.0 	0.0 	0.0 	0.9 	QB33		Tampa Bay Buccaneers	Green Bay Packers	211 	1.3 	2 	0.0 	0.0 	0 	0.0 	0.6 	0.1 	0.0 	0.0 	12.4 	QB31		Tampa Bay Buccaneers	Dallas Cowboys	224 	1.4 	2 	0.0 	0.0 	0 	0.0 	0.6 	0.1 	0.0 	0.0 	13.4 	QB26		Tampa Bay Buccaneers	Pittsburgh Steelers	221 	1.6 	2 	0.0 	0.0 	0 	0.0 	0.6 	0.1 	0.0 	0.0 	14.1 	QB21		Tampa Bay Buccaneers	Carolina Panthers	0 	0.0 	2 	0.0 	0.0 	0 	0.0 	0.0 	0.0 	0.0 	0.0 	0.4 	QB33		Tampa Bay Buccaneers	Atlanta Falcons	0 	0.0 	3 	0.0 	0.0 	0 	0.0 	0.0 	0.0 	0.0 	0.0 	0.4 	QB31		Tampa Bay Buccaneers	Chicago Bears	0 	0.0 	2 	0.0 	0.0 	0 	0.0 	0.0 	0.0 	0.0 	0.0 	0.3 	QB35		Tampa Bay Buccaneers	BYE	0 	0.0 	0 	0.0 	0.0 	0 	0.0 	0.0 	0.0 	0.0 	0.0 	0.0 	-		Tampa Bay Buccaneers	Detroit Lions	0 	0.0 	2 	0.0 	0.0 	0 	0.0 	0.0 	0.0 	0.0 	0.0 	0.3 	QB30		Tampa Bay Buccaneers	Carolina Panthers	0 	0.0 	2 	0.0 	0.0 	0 	0.0 	0.0 	0.0 	0.0 	0.0 	0.4 	QB37		Tampa Bay Buccaneers	Los Angeles Chargers	0 	0.0 	2 	0.0 	0.0 	0 	0.0 	0.0 	0.0 	0.0 	0.0 	0.3 	QB33		Tampa Bay Buccaneers	Baltimore Ravens	0 	0.0 	2 	0.0 	0.0 	0 	0.0 	0.0 	0.0 	0.0 	0.0 	0.3 	QB36		Tampa Bay Buccaneers	New Orleans Saints	0 	0.0 	3 	0.0 	0.0 	0 	0.0 	0.0 	0.0 	0.0 	0.0 	0.4 	QB37		Tampa Bay Buccaneers	Atlanta Falcons	0 	0.0 	2 	0.0 	0.0 	0 	0.0 	0.0 	0.0 	0.0 	0.0 	0.4 	QB36		Tampa Bay Buccaneers	Los Angeles Rams	0 	0.0 	2 	0.0 	0.0 	0 	0.0 	0.0 	0.0 	0.0 	0.0 	0.3 	QB38		Actual	Actual	Actual	Forecast	Forecast	Forecast	Forecast	Forecast	Forecast	Forecast	Forecast	Forecast	Forecast	Forecast	Forecast	Forecast	Forecast		Healthy	Healthy	Healthy	Healthy	Healthy	Healthy	Healthy	Healthy	Healthy	Healthy	Healthy	Healthy	Healthy	Healthy	Healthy	Healthy	Healthy		Week 4 2026	10/3/2026	9:38:40 AM	9		0%	0%	2%	2%	0%	0%		0.0 	0	0	0	0	0	0.029011 
	Isaac TeSlaa	Detroit Lions	WR	WR91	2.7 	40 	0 	0.0 	0.0 	0.0 	0 	0.0 	0.0 	0.0 	13.5 	0.9 	222 	14.8 	0.7 	0.0 	0.0 	0.0 	0.0 	0.098 	1.000 	0.090 	(1)	0.000 	0.000 	238 	241 	3 	91 	79 	(12)	0.055 																0.0 	4.6 	9.6 	2.0 	2.1 	0.0 	2.0 	1.9 	1.9 	2.0 	2.0 	2.0 	2.0 	2.0 	1.9 	2.0 	2.0 		-	WR63	WR40	WR86	WR88	-	WR82	WR84	WR90	WR85	WR80	WR97	WR86	WR94	WR100	WR99	WR100		WR96	2.0 	0.0 	0.0 	0.0 	0.0 	0.7 	10.0 	0.1 	96 	0.083 	1.000 	0.040 	(1)	0.000 	0.000 	248 	0.030 		26 														WR81	7.1 	0.0 	0.0 	0.0 	0.0 	4.2 	64.9 	0.4 	81 	0.136 	1.000 	0.190 	(1)	0.000 	0.000 	#N/A	0.106 		14.2 																	Detroit Lions	New Orleans Saints	0 	0.0 	0 	0.0 	0.0 	0 	0.0 	0.0 	0.0 	0.0 	0.0 	0.0 	-		Detroit Lions	Buffalo Bills	0 	0.0 	0 	0.0 	2.0 	26 	0.0 	0.0 	0.0 	0.0 	0.0 	4.6 	WR63		Detroit Lions	New York Jets	0 	0.0 	0 	0.0 	3.0 	66 	0.0 	0.0 	0.0 	0.0 	0.0 	9.6 	WR40		Detroit Lions	Carolina Panthers	0 	0.0 	0 	0.0 	0.7 	10 	0.1 	0.0 	0.0 	0.0 	0.0 	2.0 	WR86		Detroit Lions	Arizona Cardinals	0 	0.0 	0 	0.0 	0.7 	10 	0.1 	0.0 	0.0 	0.0 	0.0 	2.1 	WR88		Detroit Lions	BYE	0 	0.0 	0 	0.0 	0.0 	0 	0.0 	0.0 	0.0 	0.0 	0.0 	0.0 	-		Detroit Lions	Green Bay Packers	0 	0.0 	0 	0.0 	0.7 	10 	0.1 	0.0 	0.0 	0.0 	0.0 	2.0 	WR82		Detroit Lions	Minnesota Vikings	0 	0.0 	0 	0.0 	0.6 	10 	0.1 	0.0 	0.0 	0.0 	0.0 	1.9 	WR84		Detroit Lions	Miami Dolphins	0 	0.0 	0 	0.0 	0.6 	10 	0.1 	0.0 	0.0 	0.0 	0.0 	1.9 	WR90		Detroit Lions	New England Patriots	0 	0.0 	0 	0.0 	0.6 	10 	0.1 	0.0 	0.0 	0.0 	0.0 	2.0 	WR85		Detroit Lions	Tampa Bay Buccaneers	0 	0.0 	0 	0.0 	0.7 	10 	0.1 	0.0 	0.0 	0.0 	0.0 	2.0 	WR80		Detroit Lions	Chicago Bears	0 	0.0 	0 	0.0 	0.7 	10 	0.1 	0.0 	0.0 	0.0 	0.0 	2.0 	WR97		Detroit Lions	Atlanta Falcons	0 	0.0 	0 	0.0 	0.7 	10 	0.1 	0.0 	0.0 	0.0 	0.0 	2.0 	WR86		Detroit Lions	Tennessee Titans	0 	0.0 	0 	0.0 	0.6 	10 	0.1 	0.0 	0.0 	0.0 	0.0 	2.0 	WR94		Detroit Lions	Minnesota Vikings	0 	0.0 	0 	0.0 	0.6 	10 	0.1 	0.0 	0.0 	0.0 	0.0 	1.9 	WR100		Detroit Lions	New York Giants	0 	0.0 	0 	0.0 	0.7 	10 	0.1 	0.0 	0.0 	0.0 	0.0 	2.0 	WR99		Detroit Lions	Chicago Bears	0 	0.0 	0 	0.0 	0.6 	10 	0.1 	0.0 	0.0 	0.0 	0.0 	2.0 	WR100		Actual	Actual	Actual	Forecast	Forecast	Forecast	Forecast	Forecast	Forecast	Forecast	Forecast	Forecast	Forecast	Forecast	Forecast	Forecast	Forecast		Healthy	Healthy	Healthy	Healthy	Healthy	Healthy	Healthy	Healthy	Healthy	Healthy	Healthy	Healthy	Healthy	Healthy	Healthy	Healthy	Healthy		Week 4 2026	10/3/2026	9:38:40 AM	9		4%	3%	0%	0%	0%	0%		(0.1)	0	0	0	0	0	(0.075497)
	Olamide Zaccheaus	Atlanta Falcons	WR	WR99	1.8 	28 	0 	0.0 	0.0 	0.0 	0 	0.0 	0.0 	0.0 	14.6 	0.9 	97 	6.1 	0.7 	0.0 	0.0 	0.0 	0.0 	0.069 	1.000 	0.010 	(1)	0.000 	0.000 	257 	0 	(257)	99 	0 	(99)	0.015 																1.5 	1.3 	2.9 	1.7 	1.8 	1.7 	1.8 	1.7 	1.8 	1.7 	0.0 	1.7 	1.8 	1.6 	1.8 	1.7 	1.7 		WR86	WR84	WR76	WR87	WR89	WR82	WR83	WR85	WR91	WR86	-	WR100	WR87	WR96	WR101	WR101	WR101		WR97	1.7 	0.0 	0.0 	0.0 	0.0 	0.8 	6.1 	0.1 	97 	0.073 	1.000 	0.030 	(1)	0.000 	0.000 	252 	0.024 		23 														WR119	1.9 	0.0 	0.0 	0.0 	0.0 	3.5 	26.6 	0.2 	119 	0.055 	1.000 	0.000 	(1)	0.000 	0.000 	#N/A	0.008 		5.7 																	Atlanta Falcons	Pittsburgh Steelers	0 	0.0 	0 	0.0 	1.0 	5 	0.0 	0.0 	0.0 	0.0 	0.0 	1.5 	WR86		Atlanta Falcons	Carolina Panthers	0 	0.0 	0 	0.0 	1.0 	3 	0.0 	0.0 	0.0 	0.0 	0.0 	1.3 	WR84		Atlanta Falcons	Green Bay Packers	0 	0.0 	0 	0.0 	2.0 	9 	0.0 	0.0 	0.0 	0.0 	0.0 	2.9 	WR76		Atlanta Falcons	New Orleans Saints	0 	0.0 	0 	0.0 	0.8 	6 	0.1 	0.0 	0.0 	0.0 	0.0 	1.7 	WR87		Atlanta Falcons	Baltimore Ravens	0 	0.0 	0 	0.0 	0.8 	6 	0.1 	0.0 	0.0 	0.0 	0.0 	1.8 	WR89		Atlanta Falcons	Chicago Bears	0 	0.0 	0 	0.0 	0.8 	6 	0.1 	0.0 	0.0 	0.0 	0.0 	1.7 	WR82		Atlanta Falcons	San Francisco 49ers	0 	0.0 	0 	0.0 	0.8 	6 	0.1 	0.0 	0.0 	0.0 	0.0 	1.8 	WR83		Atlanta Falcons	Tampa Bay Buccaneers	0 	0.0 	0 	0.0 	0.8 	6 	0.1 	0.0 	0.0 	0.0 	0.0 	1.7 	WR85		Atlanta Falcons	Cincinnati Bengals	0 	0.0 	0 	0.0 	0.9 	6 	0.1 	0.0 	0.0 	0.0 	0.0 	1.8 	WR91		Atlanta Falcons	Kansas City Chiefs	0 	0.0 	0 	0.0 	0.8 	6 	0.0 	0.0 	0.0 	0.0 	0.0 	1.7 	WR86		Atlanta Falcons	BYE	0 	0.0 	0 	0.0 	0.0 	0 	0.0 	0.0 	0.0 	0.0 	0.0 	0.0 	-		Atlanta Falcons	Minnesota Vikings	0 	0.0 	0 	0.0 	0.8 	6 	0.0 	0.0 	0.0 	0.0 	0.0 	1.7 	WR100		Atlanta Falcons	Detroit Lions	0 	0.0 	0 	0.0 	0.8 	6 	0.1 	0.0 	0.0 	0.0 	0.0 	1.8 	WR87		Atlanta Falcons	Cleveland Browns	0 	0.0 	0 	0.0 	0.8 	6 	0.0 	0.0 	0.0 	0.0 	0.0 	1.6 	WR96		Atlanta Falcons	Washington Commanders	0 	0.0 	0 	0.0 	0.8 	6 	0.1 	0.0 	0.0 	0.0 	0.0 	1.8 	WR101		Atlanta Falcons	Tampa Bay Buccaneers	0 	0.0 	0 	0.0 	0.8 	6 	0.1 	0.0 	0.0 	0.0 	0.0 	1.7 	WR101		Atlanta Falcons	New Orleans Saints	0 	0.0 	0 	0.0 	0.8 	6 	0.1 	0.0 	0.0 	0.0 	0.0 	1.7 	WR101		Actual	Actual	Actual	Forecast	Forecast	Forecast	Forecast	Forecast	Forecast	Forecast	Forecast	Forecast	Forecast	Forecast	Forecast	Forecast	Forecast		Healthy	Healthy	Healthy	Healthy	Healthy	Healthy	Healthy	Healthy	Healthy	Healthy	Healthy	Healthy	Healthy	Healthy	Healthy	Healthy	Healthy		Week 4 2026	10/3/2026	9:38:40 AM	9		3%	4%	0%	0%	0%	0%		0.0 	0	0	0	0	0	0.016241 
	Case Keenum	Chicago Bears	QB	QB34	4.6 	64 	844 	60.3 	6.3 	0.5 	25 	1.8 	1.1 	0.1 	0.0 	0.0 	0 	0.0 	0.0 	0.0 	1.9 	0.2 	0.0 	0.157 	0.460 	0.070 	(1)	0.000 	0.000 	246 	0 	(246)	33 	0 	(33)	0.037 																0.0 	0.0 	24.5 	12.4 	12.0 	13.1 	0.2 	0.2 	0.2 	0.0 	0.2 	0.2 	0.2 	0.2 	0.2 	0.2 	0.2 		-	-	QB5	QB30	QB29	QB24	QB35	QB35	QB38	-	QB31	QB40	QB35	QB37	QB40	QB40	QB40		QB35	3.0 	45.9 	0.3 	1.5 	0.0 	0.0 	0.0 	0.0 	35 	0.128 	0.460 	0.040 	(1)	0.000 	0.000 	253 	0.021 		40 														QB33	24.5 	596.5 	4.3 	19.3 	0.1 	0.0 	0.0 	0.0 	33 	0.235 	0.460 	0.070 	(1)	0.000 	0.000 	#N/A	0.037 		24.5 																	Chicago Bears	Carolina Panthers	0 	0.0 	0 	0.0 	0.0 	0 	0.0 	0.0 	0.0 	0.0 	0.0 	0.0 	-		Chicago Bears	Minnesota Vikings	0 	0.0 	0 	0.0 	0.0 	0 	0.0 	0.0 	0.0 	0.0 	0.0 	0.0 	-		Chicago Bears	Philadelphia Eagles	247 	2.0 	6 	1.0 	0.0 	0 	0.0 	0.0 	0.0 	0.0 	0.0 	24.5 	QB5		Chicago Bears	New York Jets	197 	1.4 	1 	0.0 	0.0 	0 	0.0 	0.6 	0.1 	0.0 	0.0 	12.4 	QB30		Chicago Bears	Green Bay Packers	196 	1.3 	1 	0.0 	0.0 	0 	0.0 	0.6 	0.1 	0.0 	0.0 	12.0 	QB29		Chicago Bears	Atlanta Falcons	203 	1.5 	2 	0.0 	0.0 	0 	0.0 	0.6 	0.1 	0.0 	0.0 	13.1 	QB24		Chicago Bears	New England Patriots	0 	0.0 	1 	0.0 	0.0 	0 	0.0 	0.0 	0.0 	0.0 	0.0 	0.2 	QB35		Chicago Bears	Seattle Seahawks	0 	0.0 	1 	0.0 	0.0 	0 	0.0 	0.0 	0.0 	0.0 	0.0 	0.2 	QB35		Chicago Bears	Tampa Bay Buccaneers	0 	0.0 	2 	0.0 	0.0 	0 	0.0 	0.0 	0.0 	0.0 	0.0 	0.2 	QB38		Chicago Bears	BYE	0 	0.0 	0 	0.0 	0.0 	0 	0.0 	0.0 	0.0 	0.0 	0.0 	0.0 	-		Chicago Bears	New Orleans Saints	0 	0.0 	2 	0.0 	0.0 	0 	0.0 	0.0 	0.0 	0.0 	0.0 	0.2 	QB31		Chicago Bears	Detroit Lions	0 	0.0 	1 	0.0 	0.0 	0 	0.0 	0.0 	0.0 	0.0 	0.0 	0.2 	QB40		Chicago Bears	Jacksonville Jaguars	0 	0.0 	2 	0.0 	0.0 	0 	0.0 	0.0 	0.0 	0.0 	0.0 	0.2 	QB35		Chicago Bears	Miami Dolphins	0 	0.0 	2 	0.0 	0.0 	0 	0.0 	0.0 	0.0 	0.0 	0.0 	0.2 	QB37		Chicago Bears	Buffalo Bills	0 	0.0 	1 	0.0 	0.0 	0 	0.0 	0.0 	0.0 	0.0 	0.0 	0.2 	QB40		Chicago Bears	Green Bay Packers	0 	0.0 	1 	0.0 	0.0 	0 	0.0 	0.0 	0.0 	0.0 	0.0 	0.2 	QB40		Chicago Bears	Detroit Lions	0 	0.0 	2 	0.0 	0.0 	0 	0.0 	0.0 	0.0 	0.0 	0.0 	0.2 	QB40		Actual	Actual	Actual	Forecast	Forecast	Forecast	Forecast	Forecast	Forecast	Forecast	Forecast	Forecast	Forecast	Forecast	Forecast	Forecast	Forecast		Healthy	Healthy	Healthy	Healthy	Healthy	Healthy	Healthy	Healthy	Healthy	Healthy	Healthy	Healthy	Healthy	Healthy	Healthy	Healthy	Healthy		Week 4 2026	10/3/2026	9:38:40 AM	9		0%	0%	1%	1%	0%	0%		(0.0)	0	0	0	0	0	(0.016046)
	Jack Bech	Las Vegas Raiders	WR	WR95	4.0 	36 	0 	0.0 	0.0 	0.0 	0 	0.0 	0.0 	0.0 	13.2 	1.5 	139 	15.5 	1.5 	0.2 	0.0 	0.0 	0.0 	0.088 	1.000 	0.050 	(1)	0.000 	0.000 	247 	302 	55 	95 	101 	6 	0.036 				-	-		-	-		-	-		-	-		11.3 	4.5 	0.0 	0.0 	0.0 	0.0 	0.0 	0.0 	0.0 	2.9 	2.9 	2.8 	0.0 	2.9 	2.8 	2.9 	2.9 		WR29	WR64	-	-	-	-	-	-	-	WR78	WR76	WR91	-	WR85	WR92	WR91	WR88		WR98	2.9 	0.0 	0.0 	0.0 	0.0 	1.2 	13.0 	0.1 	98 	0.065 	1.000 	0.020 	(1)	0.000 	0.000 	254 	0.019 		20 														WR76	7.9 	0.0 	0.0 	0.0 	0.0 	4.1 	45.7 	0.2 	76 	0.152 	1.000 	0.240 	(0)	0.000 	0.000 	#N/A	0.131 		15.8 																	Las Vegas Raiders	Miami Dolphins	0 	0.0 	0 	0.0 	3.0 	23 	1.0 	0.0 	0.0 	0.0 	0.0 	11.3 	WR29		Las Vegas Raiders	Los Angeles Chargers	0 	0.0 	0 	0.0 	2.0 	25 	0.0 	0.0 	0.0 	0.0 	0.0 	4.5 	WR64		Las Vegas Raiders	New Orleans Saints	0 	0.0 	0 	0.0 	0.0 	0 	0.0 	0.0 	0.0 	0.0 	0.0 	0.0 	-		Las Vegas Raiders	Kansas City Chiefs	0 	0.0 	0 	0.0 	0.0 	0 	0.0 	0.0 	0.0 	0.0 	0.0 	0.0 	-		Las Vegas Raiders	New England Patriots	0 	0.0 	0 	0.0 	0.0 	0 	0.0 	0.0 	0.0 	0.0 	0.0 	0.0 	-		Las Vegas Raiders	Buffalo Bills	0 	0.0 	0 	0.0 	0.0 	0 	0.0 	0.0 	0.0 	0.0 	0.0 	0.0 	-		Las Vegas Raiders	Los Angeles Rams	0 	0.0 	0 	0.0 	0.0 	0 	0.0 	0.0 	0.0 	0.0 	0.0 	0.0 	-		Las Vegas Raiders	New York Jets	0 	0.0 	0 	0.0 	0.0 	0 	0.0 	0.0 	0.0 	0.0 	0.0 	0.0 	-		Las Vegas Raiders	San Francisco 49ers	0 	0.0 	0 	0.0 	0.0 	0 	0.0 	0.0 	0.0 	0.0 	0.0 	0.0 	-		Las Vegas Raiders	Seattle Seahawks	0 	0.0 	0 	0.0 	1.2 	13 	0.1 	0.0 	0.0 	0.0 	0.0 	2.9 	WR78		Las Vegas Raiders	Denver Broncos	0 	0.0 	0 	0.0 	1.2 	13 	0.1 	0.0 	0.0 	0.0 	0.0 	2.9 	WR76		Las Vegas Raiders	Cleveland Browns	0 	0.0 	0 	0.0 	1.1 	13 	0.1 	0.0 	0.0 	0.0 	0.0 	2.8 	WR91		Las Vegas Raiders	BYE	0 	0.0 	0 	0.0 	0.0 	0 	0.0 	0.0 	0.0 	0.0 	0.0 	0.0 	-		Las Vegas Raiders	Los Angeles Chargers	0 	0.0 	0 	0.0 	1.2 	13 	0.1 	0.0 	0.0 	0.0 	0.0 	2.9 	WR85		Las Vegas Raiders	Denver Broncos	0 	0.0 	0 	0.0 	1.2 	13 	0.1 	0.0 	0.0 	0.0 	0.0 	2.8 	WR92		Las Vegas Raiders	Tennessee Titans	0 	0.0 	0 	0.0 	1.2 	13 	0.1 	0.0 	0.0 	0.0 	0.0 	2.9 	WR91		Las Vegas Raiders	Arizona Cardinals	0 	0.0 	0 	0.0 	1.2 	13 	0.1 	0.0 	0.0 	0.0 	0.0 	2.9 	WR88		Actual	Actual	Actual	Forecast	Forecast	Forecast	Forecast	Forecast	Forecast	Forecast	Forecast	Forecast	Forecast	Forecast	Forecast	Forecast	Forecast		Healthy	Healthy	Healthy	Injured	Injured	Injured	Injured	Injured	Injured	Healthy	Healthy	Healthy	Healthy	Healthy	Healthy	Healthy	Healthy		Week 4 2026	10/3/2026	9:38:40 AM	9		6%	5%	0%	0%	0%	0%		(0.1)	0	0	0	1	1	
	Demarcus Robinson	San Francisco 49ers	WR	WR93	3.4 	38 	0 	0.0 	0.0 	0.0 	0 	0.0 	0.0 	0.0 	11.4 	1.0 	168 	15.3 	1.6 	0.1 	0.0 	0.0 	0.0 	0.093 	1.000 	0.070 	(1)	0.000 	0.000 	242 	406 	164 	93 	125 	32 	0.045 				-	-		-	-		-	-		-	-		13.0 	6.4 	0.0 	0.0 	0.0 	0.0 	0.0 	0.0 	2.0 	2.1 	2.1 	2.0 	2.1 	2.1 	2.0 	2.0 	2.0 		WR25	WR52	-	-	-	-	-	-	WR89	WR84	WR79	WR98	WR85	WR93	WR99	WR100	WR99		WR99	2.0 	0.0 	0.0 	0.0 	0.0 	0.7 	9.4 	0.1 	99 	0.059 	1.000 	0.010 	(1)	0.000 	0.000 	255 	0.013 		18 														WR64	9.7 	0.0 	0.0 	0.0 	0.0 	3.2 	42.1 	0.3 	64 	0.186 	1.000 	0.360 	(0)	0.000 	0.000 	#N/A	0.190 		19.4 																	San Francisco 49ers	Los Angeles Rams	0 	0.0 	0 	0.0 	2.0 	50 	1.0 	0.0 	0.0 	0.0 	0.0 	13.0 	WR25		San Francisco 49ers	Miami Dolphins	0 	0.0 	0 	0.0 	3.0 	34 	0.0 	0.0 	0.0 	0.0 	0.0 	6.4 	WR52		San Francisco 49ers	Arizona Cardinals	0 	0.0 	0 	0.0 	0.0 	0 	0.0 	0.0 	0.0 	0.0 	0.0 	0.0 	-		San Francisco 49ers	Denver Broncos	0 	0.0 	0 	0.0 	0.0 	0 	0.0 	0.0 	0.0 	0.0 	0.0 	0.0 	-		San Francisco 49ers	Seattle Seahawks	0 	0.0 	0 	0.0 	0.0 	0 	0.0 	0.0 	0.0 	0.0 	0.0 	0.0 	-		San Francisco 49ers	Washington Commanders	0 	0.0 	0 	0.0 	0.0 	0 	0.0 	0.0 	0.0 	0.0 	0.0 	0.0 	-		San Francisco 49ers	Atlanta Falcons	0 	0.0 	0 	0.0 	0.0 	0 	0.0 	0.0 	0.0 	0.0 	0.0 	0.0 	-		San Francisco 49ers	BYE	0 	0.0 	0 	0.0 	0.0 	0 	0.0 	0.0 	0.0 	0.0 	0.0 	0.0 	-		San Francisco 49ers	Las Vegas Raiders	0 	0.0 	0 	0.0 	0.7 	9 	0.1 	0.0 	0.0 	0.0 	0.0 	2.0 	WR89		San Francisco 49ers	Dallas Cowboys	0 	0.0 	0 	0.0 	0.7 	10 	0.1 	0.0 	0.0 	0.0 	0.0 	2.1 	WR84		San Francisco 49ers	Minnesota Vikings	0 	0.0 	0 	0.0 	0.7 	9 	0.1 	0.0 	0.0 	0.0 	0.0 	2.1 	WR79		San Francisco 49ers	Seattle Seahawks	0 	0.0 	0 	0.0 	0.7 	9 	0.1 	0.0 	0.0 	0.0 	0.0 	2.0 	WR98		San Francisco 49ers	New York Giants	0 	0.0 	0 	0.0 	0.7 	9 	0.1 	0.0 	0.0 	0.0 	0.0 	2.1 	WR85		San Francisco 49ers	Los Angeles Rams	0 	0.0 	0 	0.0 	0.7 	9 	0.1 	0.0 	0.0 	0.0 	0.0 	2.1 	WR93		San Francisco 49ers	Los Angeles Chargers	0 	0.0 	0 	0.0 	0.7 	9 	0.1 	0.0 	0.0 	0.0 	0.0 	2.0 	WR99		San Francisco 49ers	Kansas City Chiefs	0 	0.0 	0 	0.0 	0.7 	9 	0.1 	0.0 	0.0 	0.0 	0.0 	2.0 	WR100		San Francisco 49ers	Philadelphia Eagles	0 	0.0 	0 	0.0 	0.7 	9 	0.1 	0.0 	0.0 	0.0 	0.0 	2.0 	WR99		Actual	Actual	Actual	Forecast	Forecast	Forecast	Forecast	Forecast	Forecast	Forecast	Forecast	Forecast	Forecast	Forecast	Forecast	Forecast	Forecast		Healthy	Healthy	Injured	Injured	Injured	Injured	Injured	Healthy	Healthy	Healthy	Healthy	Healthy	Healthy	Healthy	Healthy	Healthy	Healthy		Week 4 2026	10/3/2026	9:38:40 AM	9		4%	4%	0%	0%	0%	0%		(0.2)	0	0	1	1	1	
	Cyrus Allen	Kansas City Chiefs	WR	WR103	1.1 	14 	0 	0.0 	0.0 	0.0 	0 	0.0 	0.0 	0.0 	4.9 	0.4 	57 	4.4 	0.6 	0.0 	0.0 	0.0 	0.0 	0.035 	1.000 	0.000 	(1)	0.000 	0.000 	262 	203 	(59)	103 	67 	(36)	0.005 																0.0 	0.0 	0.0 	1.1 	0.0 	1.1 	1.0 	1.0 	1.0 	1.1 	1.1 	1.1 	1.1 	1.1 	1.1 	1.1 	1.1 		-	-	-	WR88	-	WR83	WR84	WR87	WR93	WR87	WR82	WR101	WR89	WR97	WR103	WR103	WR103		WR102	1.1 	0.0 	0.0 	0.0 	0.0 	0.4 	4.4 	0.0 	102 	0.046 	1.000 	0.000 	(2)	0.000 	0.000 	259 	0.007 		14 														-	0.0 	0.0 	0.0 	0.0 	0.0 	0.0 	0.0 	0.0 	#N/A	0.000 	1.000 	#N/A	(1)	0.000 	0.000 	#N/A	#N/A		0.0 																	Kansas City Chiefs	Denver Broncos	0 	0.0 	0 	0.0 	0.0 	0 	0.0 	0.0 	0.0 	0.0 	0.0 	0.0 	-		Kansas City Chiefs	Indianapolis Colts	0 	0.0 	0 	0.0 	0.0 	0 	0.0 	0.0 	0.0 	0.0 	0.0 	0.0 	-		Kansas City Chiefs	Miami Dolphins	0 	0.0 	0 	0.0 	0.0 	0 	0.0 	0.0 	0.0 	0.0 	0.0 	0.0 	-		Kansas City Chiefs	Las Vegas Raiders	0 	0.0 	0 	0.0 	0.4 	4 	0.0 	0.0 	0.0 	0.0 	0.0 	1.1 	WR88		Kansas City Chiefs	BYE	0 	0.0 	0 	0.0 	0.0 	0 	0.0 	0.0 	0.0 	0.0 	0.0 	0.0 	-		Kansas City Chiefs	Los Angeles Chargers	0 	0.0 	0 	0.0 	0.4 	4 	0.0 	0.0 	0.0 	0.0 	0.0 	1.1 	WR83		Kansas City Chiefs	Seattle Seahawks	0 	0.0 	0 	0.0 	0.4 	4 	0.0 	0.0 	0.0 	0.0 	0.0 	1.0 	WR84		Kansas City Chiefs	Denver Broncos	0 	0.0 	0 	0.0 	0.4 	4 	0.0 	0.0 	0.0 	0.0 	0.0 	1.0 	WR87		Kansas City Chiefs	New York Jets	0 	0.0 	0 	0.0 	0.4 	4 	0.0 	0.0 	0.0 	0.0 	0.0 	1.0 	WR93		Kansas City Chiefs	Atlanta Falcons	0 	0.0 	0 	0.0 	0.4 	4 	0.0 	0.0 	0.0 	0.0 	0.0 	1.1 	WR87		Kansas City Chiefs	Arizona Cardinals	0 	0.0 	0 	0.0 	0.4 	4 	0.0 	0.0 	0.0 	0.0 	0.0 	1.1 	WR82		Kansas City Chiefs	Buffalo Bills	0 	0.0 	0 	0.0 	0.4 	4 	0.0 	0.0 	0.0 	0.0 	0.0 	1.1 	WR101		Kansas City Chiefs	Los Angeles Rams	0 	0.0 	0 	0.0 	0.4 	4 	0.0 	0.0 	0.0 	0.0 	0.0 	1.1 	WR89		Kansas City Chiefs	Cincinnati Bengals	0 	0.0 	0 	0.0 	0.4 	4 	0.0 	0.0 	0.0 	0.0 	0.0 	1.1 	WR97		Kansas City Chiefs	New England Patriots	0 	0.0 	0 	0.0 	0.4 	4 	0.0 	0.0 	0.0 	0.0 	0.0 	1.1 	WR103		Kansas City Chiefs	San Francisco 49ers	0 	0.0 	0 	0.0 	0.4 	4 	0.0 	0.0 	0.0 	0.0 	0.0 	1.1 	WR103		Kansas City Chiefs	Los Angeles Chargers	0 	0.0 	0 	0.0 	0.4 	4 	0.0 	0.0 	0.0 	0.0 	0.0 	1.1 	WR103		Actual	Actual	Actual	Forecast	Forecast	Forecast	Forecast	Forecast	Forecast	Forecast	Forecast	Forecast	Forecast	Forecast	Forecast	Forecast	Forecast		Healthy	Healthy	Healthy	Healthy	Healthy	Healthy	Healthy	Healthy	Healthy	Healthy	Healthy	Healthy	Healthy	Healthy	Healthy	Healthy	Healthy		Week 4 2026	10/3/2026	9:38:40 AM	9		2%	3%	0%	0%	0%	0%		0.0 	0	0	0	0	0	0.006834 
	Jaylin Lane	Washington Commanders	WR	WR101	1.2 	17 	0 	0.0 	0.0 	0.0 	0 	0.0 	0.0 	0.0 	6.0 	0.4 	81 	5.4 	0.6 	0.0 	0.0 	0.0 	0.0 	0.042 	1.000 	0.000 	(1)	0.000 	0.000 	260 	0 	(260)	101 	0 	(101)	0.006 																1.4 	0.0 	3.1 	1.0 	1.0 	1.0 	0.0 	1.0 	1.0 	1.0 	1.0 	1.0 	1.0 	0.9 	1.0 	1.0 	1.0 		WR87	-	WR73	WR89	WR90	WR84	-	WR88	WR94	WR88	WR83	WR102	WR90	WR98	WR104	WR104	WR104		WR103	1.0 	0.0 	0.0 	0.0 	0.0 	0.3 	4.3 	0.0 	103 	0.041 	1.000 	0.000 	(2)	0.000 	0.000 	260 	0.006 		13 														WR126	2.3 	0.0 	0.0 	0.0 	0.0 	2.0 	27.9 	0.3 	126 	0.043 	1.000 	0.000 	(1)	0.000 	0.000 	#N/A	0.006 		4.5 																	Washington Commanders	Philadelphia Eagles	0 	0.0 	0 	0.0 	1.0 	4 	0.0 	0.0 	0.0 	0.0 	0.0 	1.4 	WR87		Washington Commanders	Dallas Cowboys	0 	0.0 	0 	0.0 	0.0 	0 	0.0 	0.0 	0.0 	0.0 	0.0 	0.0 	-		Washington Commanders	Seattle Seahawks	0 	0.0 	0 	0.0 	1.0 	21 	0.0 	0.0 	0.0 	0.0 	0.0 	3.1 	WR73		Washington Commanders	Indianapolis Colts	0 	0.0 	0 	0.0 	0.3 	4 	0.0 	0.0 	0.0 	0.0 	0.0 	1.0 	WR89		Washington Commanders	New York Giants	0 	0.0 	0 	0.0 	0.3 	4 	0.0 	0.0 	0.0 	0.0 	0.0 	1.0 	WR90		Washington Commanders	San Francisco 49ers	0 	0.0 	0 	0.0 	0.3 	4 	0.0 	0.0 	0.0 	0.0 	0.0 	1.0 	WR84		Washington Commanders	BYE	0 	0.0 	0 	0.0 	0.0 	0 	0.0 	0.0 	0.0 	0.0 	0.0 	0.0 	-		Washington Commanders	Philadelphia Eagles	0 	0.0 	0 	0.0 	0.3 	4 	0.0 	0.0 	0.0 	0.0 	0.0 	1.0 	WR88		Washington Commanders	Los Angeles Rams	0 	0.0 	0 	0.0 	0.3 	4 	0.0 	0.0 	0.0 	0.0 	0.0 	1.0 	WR94		Washington Commanders	New York Giants	0 	0.0 	0 	0.0 	0.3 	4 	0.0 	0.0 	0.0 	0.0 	0.0 	1.0 	WR88		Washington Commanders	Cincinnati Bengals	0 	0.0 	0 	0.0 	0.3 	4 	0.0 	0.0 	0.0 	0.0 	0.0 	1.0 	WR83		Washington Commanders	Arizona Cardinals	0 	0.0 	0 	0.0 	0.3 	4 	0.0 	0.0 	0.0 	0.0 	0.0 	1.0 	WR102		Washington Commanders	Tennessee Titans	0 	0.0 	0 	0.0 	0.3 	4 	0.0 	0.0 	0.0 	0.0 	0.0 	1.0 	WR90		Washington Commanders	Houston Texans	0 	0.0 	0 	0.0 	0.3 	4 	0.0 	0.0 	0.0 	0.0 	0.0 	0.9 	WR98		Washington Commanders	Atlanta Falcons	0 	0.0 	0 	0.0 	0.3 	4 	0.0 	0.0 	0.0 	0.0 	0.0 	1.0 	WR104		Washington Commanders	Minnesota Vikings	0 	0.0 	0 	0.0 	0.3 	4 	0.0 	0.0 	0.0 	0.0 	0.0 	1.0 	WR104		Washington Commanders	Jacksonville Jaguars	0 	0.0 	0 	0.0 	0.3 	4 	0.0 	0.0 	0.0 	0.0 	0.0 	1.0 	WR104		Actual	Actual	Actual	Forecast	Forecast	Forecast	Forecast	Forecast	Forecast	Forecast	Forecast	Forecast	Forecast	Forecast	Forecast	Forecast	Forecast		Healthy	Healthy	Healthy	Healthy	Healthy	Healthy	Healthy	Healthy	Healthy	Healthy	Healthy	Healthy	Healthy	Healthy	Healthy	Healthy	Healthy		Week 4 2026	10/3/2026	9:38:40 AM	9		2%	3%	0%	0%	0%	0%		(0.0)	0	0	0	0	0	(0.000279)
	De’Zhaun Stribling	San Francisco 49ers	WR	WR104	2.5 	13 	0 	0.0 	0.0 	0.0 	0 	0.0 	0.0 	0.0 	4.9 	1.0 	58 	11.6 	0.3 	0.1 	0.0 	0.0 	0.0 	0.031 	1.000 	0.000 	(1)	0.000 	0.000 	263 	0 	(263)	104 	0 	(104)	0.005 																0.0 	0.0 	0.0 	0.0 	0.0 	0.0 	0.0 	0.0 	0.0 	0.0 	0.0 	0.0 	2.6 	2.6 	2.5 	2.5 	2.5 		-	-	-	-	-	-	-	-	-	-	-	-	WR82	WR90	WR97	WR97	WR96		WR104	2.5 	0.0 	0.0 	0.0 	0.0 	1.0 	11.6 	0.1 	104 	0.041 	1.000 	0.000 	(1)	0.000 	0.000 	261 	0.006 		13 														-	0.0 	0.0 	0.0 	0.0 	0.0 	0.0 	0.0 	0.0 	#N/A	0.000 	1.000 	#N/A	(1)	0.000 	0.000 	#N/A	#N/A		0.0 																	San Francisco 49ers	Los Angeles Rams	0 	0.0 	0 	0.0 	0.0 	0 	0.0 	0.0 	0.0 	0.0 	0.0 	0.0 	-		San Francisco 49ers	Miami Dolphins	0 	0.0 	0 	0.0 	0.0 	0 	0.0 	0.0 	0.0 	0.0 	0.0 	0.0 	-		San Francisco 49ers	Arizona Cardinals	0 	0.0 	0 	0.0 	0.0 	0 	0.0 	0.0 	0.0 	0.0 	0.0 	0.0 	-		San Francisco 49ers	Denver Broncos	0 	0.0 	0 	0.0 	0.0 	0 	0.0 	0.0 	0.0 	0.0 	0.0 	0.0 	-		San Francisco 49ers	Seattle Seahawks	0 	0.0 	0 	0.0 	0.0 	0 	0.0 	0.0 	0.0 	0.0 	0.0 	0.0 	-		San Francisco 49ers	Washington Commanders	0 	0.0 	0 	0.0 	0.0 	0 	0.0 	0.0 	0.0 	0.0 	0.0 	0.0 	-		San Francisco 49ers	Atlanta Falcons	0 	0.0 	0 	0.0 	0.0 	0 	0.0 	0.0 	0.0 	0.0 	0.0 	0.0 	-		San Francisco 49ers	BYE	0 	0.0 	0 	0.0 	0.0 	0 	0.0 	0.0 	0.0 	0.0 	0.0 	0.0 	-		San Francisco 49ers	Las Vegas Raiders	0 	0.0 	0 	0.0 	0.0 	0 	0.0 	0.0 	0.0 	0.0 	0.0 	0.0 	-		San Francisco 49ers	Dallas Cowboys	0 	0.0 	0 	0.0 	0.0 	0 	0.0 	0.0 	0.0 	0.0 	0.0 	0.0 	-		San Francisco 49ers	Minnesota Vikings	0 	0.0 	0 	0.0 	0.0 	0 	0.0 	0.0 	0.0 	0.0 	0.0 	0.0 	-		San Francisco 49ers	Seattle Seahawks	0 	0.0 	0 	0.0 	0.0 	0 	0.0 	0.0 	0.0 	0.0 	0.0 	0.0 	-		San Francisco 49ers	New York Giants	0 	0.0 	0 	0.0 	1.0 	12 	0.1 	0.0 	0.0 	0.0 	0.0 	2.6 	WR82		San Francisco 49ers	Los Angeles Rams	0 	0.0 	0 	0.0 	1.0 	12 	0.1 	0.0 	0.0 	0.0 	0.0 	2.6 	WR90		San Francisco 49ers	Los Angeles Chargers	0 	0.0 	0 	0.0 	1.0 	12 	0.1 	0.0 	0.0 	0.0 	0.0 	2.5 	WR97		San Francisco 49ers	Kansas City Chiefs	0 	0.0 	0 	0.0 	1.0 	11 	0.1 	0.0 	0.0 	0.0 	0.0 	2.5 	WR97		San Francisco 49ers	Philadelphia Eagles	0 	0.0 	0 	0.0 	1.0 	12 	0.1 	0.0 	0.0 	0.0 	0.0 	2.5 	WR96		Actual	Actual	Actual	Forecast	Forecast	Forecast	Forecast	Forecast	Forecast	Forecast	Forecast	Forecast	Forecast	Forecast	Forecast	Forecast	Forecast		Healthy	Injured	Injured	Injured	Injured	Injured	Injured	Injured	Injured	Injured	Injured	Injured	Healthy	Healthy	Healthy	Healthy	Healthy		Week 4 2026	10/3/2026	9:38:40 AM	9		5%	4%	0%	0%	0%	0%		0.0 	0	1	1	1	1	
	Tank Dell	Houston Texans	WR		0.9 	11 	0 	0.0 	0.0 	0.0 	0 	0.0 	0.0 	0.0 	3.7 	0.3 	53 	4.4 	0.3 	0.0 	0.0 	0.0 	0.0 	0.027 	1.000 	0.000 	(2)	0.000 	0.000 	264 	204 	(60)	105 	68 	(37)	0.004 																0.0 	0.0 	0.0 	0.0 	0.9 	0.9 	0.9 	0.0 	0.9 	0.9 	1.0 	1.0 	0.9 	0.9 	0.9 	0.8 	0.9 		-	-	-	-	WR91	WR85	WR85	-	WR95	WR89	WR84	WR103	WR91	WR99	WR105	WR105	WR105		WR105	0.9 	0.0 	0.0 	0.0 	0.0 	0.3 	4.4 	0.0 	105 	0.036 	1.000 	0.000 	(2)	0.000 	0.000 	262 	0.005 		11 															0.0 	0.0 	0.0 	0.0 	0.0 	0.0 	0.0 	0.0 	#N/A	0.000 	1.000 	#N/A	(1)	0.000 	0.000 	#N/A	#N/A		0.0 																	Houston Texans	Buffalo Bills	0 	0.0 	0 	0.0 	0.0 	0 	0.0 	0.0 	0.0 	0.0 	0.0 	0.0 	-		Houston Texans	Cincinnati Bengals	0 	0.0 	0 	0.0 	0.0 	0 	0.0 	0.0 	0.0 	0.0 	0.0 	0.0 	-		Houston Texans	Indianapolis Colts	0 	0.0 	0 	0.0 	0.0 	0 	0.0 	0.0 	0.0 	0.0 	0.0 	0.0 	-		Houston Texans	Dallas Cowboys	0 	0.0 	0 	0.0 	0.0 	0 	0.0 	0.0 	0.0 	0.0 	0.0 	0.0 	-		Houston Texans	Tennessee Titans	0 	0.0 	0 	0.0 	0.3 	4 	0.0 	0.0 	0.0 	0.0 	0.0 	0.9 	WR91		Houston Texans	Jacksonville Jaguars	0 	0.0 	0 	0.0 	0.3 	4 	0.0 	0.0 	0.0 	0.0 	0.0 	0.9 	WR85		Houston Texans	New York Giants	0 	0.0 	0 	0.0 	0.3 	5 	0.0 	0.0 	0.0 	0.0 	0.0 	0.9 	WR85		Houston Texans	BYE	0 	0.0 	0 	0.0 	0.0 	0 	0.0 	0.0 	0.0 	0.0 	0.0 	0.0 	-		Houston Texans	Los Angeles Chargers	0 	0.0 	0 	0.0 	0.3 	4 	0.0 	0.0 	0.0 	0.0 	0.0 	0.9 	WR95		Houston Texans	Cleveland Browns	0 	0.0 	0 	0.0 	0.3 	4 	0.0 	0.0 	0.0 	0.0 	0.0 	0.9 	WR89		Houston Texans	Indianapolis Colts	0 	0.0 	0 	0.0 	0.3 	5 	0.0 	0.0 	0.0 	0.0 	0.0 	1.0 	WR84		Houston Texans	Baltimore Ravens	0 	0.0 	0 	0.0 	0.3 	5 	0.0 	0.0 	0.0 	0.0 	0.0 	1.0 	WR103		Houston Texans	Pittsburgh Steelers	0 	0.0 	0 	0.0 	0.3 	4 	0.0 	0.0 	0.0 	0.0 	0.0 	0.9 	WR91		Houston Texans	Washington Commanders	0 	0.0 	0 	0.0 	0.3 	5 	0.0 	0.0 	0.0 	0.0 	0.0 	0.9 	WR99		Houston Texans	Jacksonville Jaguars	0 	0.0 	0 	0.0 	0.3 	5 	0.0 	0.0 	0.0 	0.0 	0.0 	0.9 	WR105		Houston Texans	Philadelphia Eagles	0 	0.0 	0 	0.0 	0.3 	4 	0.0 	0.0 	0.0 	0.0 	0.0 	0.8 	WR105		Houston Texans	Green Bay Packers	0 	0.0 	0 	0.0 	0.3 	4 	0.0 	0.0 	0.0 	0.0 	0.0 	0.9 	WR105		Actual	Actual	Actual	Forecast	Forecast	Forecast	Forecast	Forecast	Forecast	Forecast	Forecast	Forecast	Forecast	Forecast	Forecast	Forecast	Forecast		Injured	Injured	Injured	Injured	Healthy	Healthy	Healthy	Healthy	Healthy	Healthy	Healthy	Healthy	Healthy	Healthy	Healthy	Healthy	Healthy		Week 4 2026	10/3/2026	9:38:40 AM	9		2%	2%	0%	0%	0%	0%		0.0 	1	1	1	1	0	
	Fernando Mendoza	Las Vegas Raiders	QB	QB39	1.9 	25 	195 	15.0 	1.3 	0.1 	95 	7.3 	0.6 	0.0 	0.0 	0.0 	0 	0.0 	0.0 	0.0 	0.6 	0.1 	0.0 	0.060 	0.460 	0.000 	(2)	0.000 	0.000 	265 	227 	(38)	40 	27 	(13)	0.000 																0.0 	0.0 	0.0 	1.2 	1.2 	1.1 	1.0 	1.2 	1.0 	1.1 	1.0 	1.2 	0.0 	3.6 	3.5 	3.9 	3.9 		-	-	-	QB34	QB32	QB31	QB30	QB29	QB32	QB30	QB28	QB34	-	QB32	QB34	QB34	QB34		QB36	1.9 	15.0 	0.1 	7.3 	0.0 	0.0 	0.0 	0.0 	36 	0.080 	0.460 	0.024 	(1)	0.000 	0.000 	256 	0.013 		25 															0.0 	0.0 	0.0 	0.0 	0.0 	0.0 	0.0 	0.0 	#N/A	0.000 	0.460 	#N/A	(2)	0.000 	0.000 	#N/A	#N/A		0.0 																	Las Vegas Raiders	Miami Dolphins	0 	0.0 	0 	0.0 	0.0 	0 	0.0 	0.0 	0.0 	0.0 	0.0 	0.0 	-		Las Vegas Raiders	Los Angeles Chargers	0 	0.0 	0 	0.0 	0.0 	0 	0.0 	0.0 	0.0 	0.0 	0.0 	0.0 	-		Las Vegas Raiders	New Orleans Saints	0 	0.0 	0 	0.0 	0.0 	0 	0.0 	0.0 	0.0 	0.0 	0.0 	0.0 	-		Las Vegas Raiders	Kansas City Chiefs	2 	0.0 	8 	0.0 	0.0 	0 	0.0 	0.0 	0.0 	0.0 	0.0 	1.2 	QB34		Las Vegas Raiders	New England Patriots	2 	0.0 	8 	0.0 	0.0 	0 	0.0 	0.0 	0.0 	0.0 	0.0 	1.2 	QB32		Las Vegas Raiders	Buffalo Bills	2 	0.0 	7 	0.0 	0.0 	0 	0.0 	0.0 	0.0 	0.0 	0.0 	1.1 	QB31		Las Vegas Raiders	Los Angeles Rams	2 	0.0 	7 	0.0 	0.0 	0 	0.0 	0.0 	0.0 	0.0 	0.0 	1.0 	QB30		Las Vegas Raiders	New York Jets	2 	0.0 	8 	0.0 	0.0 	0 	0.0 	0.0 	0.0 	0.0 	0.0 	1.2 	QB29		Las Vegas Raiders	San Francisco 49ers	2 	0.0 	7 	0.0 	0.0 	0 	0.0 	0.0 	0.0 	0.0 	0.0 	1.0 	QB32		Las Vegas Raiders	Seattle Seahawks	2 	0.0 	7 	0.0 	0.0 	0 	0.0 	0.0 	0.0 	0.0 	0.0 	1.1 	QB30		Las Vegas Raiders	Denver Broncos	2 	0.0 	6 	0.0 	0.0 	0 	0.0 	0.0 	0.0 	0.0 	0.0 	1.0 	QB28		Las Vegas Raiders	Cleveland Browns	2 	0.0 	8 	0.0 	0.0 	0 	0.0 	0.0 	0.0 	0.0 	0.0 	1.2 	QB34		Las Vegas Raiders	BYE	0 	0.0 	0 	0.0 	0.0 	0 	0.0 	0.0 	0.0 	0.0 	0.0 	0.0 	-		Las Vegas Raiders	Los Angeles Chargers	44 	0.3 	7 	0.0 	0.0 	0 	0.0 	0.1 	0.0 	0.0 	0.0 	3.6 	QB32		Las Vegas Raiders	Denver Broncos	43 	0.3 	7 	0.0 	0.0 	0 	0.0 	0.1 	0.0 	0.0 	0.0 	3.5 	QB34		Las Vegas Raiders	Tennessee Titans	44 	0.3 	8 	0.1 	0.0 	0 	0.0 	0.1 	0.0 	0.0 	0.0 	3.9 	QB34		Las Vegas Raiders	Arizona Cardinals	44 	0.3 	8 	0.1 	0.0 	0 	0.0 	0.1 	0.0 	0.0 	0.0 	3.9 	QB34		Actual	Actual	Actual	Forecast	Forecast	Forecast	Forecast	Forecast	Forecast	Forecast	Forecast	Forecast	Forecast	Forecast	Forecast	Forecast	Forecast		Healthy	Healthy	Healthy	Healthy	Healthy	Healthy	Healthy	Healthy	Healthy	Healthy	Healthy	Healthy	Healthy	Healthy	Healthy	Healthy	Healthy		Week 4 2026	10/3/2026	9:38:40 AM	9		0%	0%	7%	7%	20%	20%		0.0 	0	0	0	0	0	0.012839 
	Drew Lock	Seattle Seahawks	QB	QB26	17.1 	34 	422 	211.0 	4.0 	2.0 	13 	6.5 	0.0 	0.0 	0.0 	0.0 	0 	0.0 	0.0 	0.0 	0.0 	0.0 	0.0 	0.084 	0.460 	0.009 	1 	0.398 	0.000 	165 	339 	174 	37 	42 	5 	0.191 																12.8 	21.4 	0.0 	0.0 	0.0 	0.0 	0.0 	0.0 	0.0 	0.0 	0.0 	0.0 	0.0 	0.0 	0.0 	0.0 	0.0 		QB23	QB9	-	-	-	-	-	-	-	-	-	-	-	-	-	-	-		QB38	0.0 	0.0 	0.0 	0.0 	0.0 	0.0 	0.0 	0.0 	43 	0.000 	0.460 	0.000 	(2)	0.000 	0.000 	264 	0.000 		0 														QB25	17.1 	0.0 	0.0 	0.0 	0.0 	0.0 	0.0 	0.0 	25 	0.328 	0.460 	0.186 	(0)	0.000 	0.000 	#N/A	0.098 		34.2 																	Seattle Seahawks	New England Patriots	187 	1.0 	13 	0.0 	0.0 	0 	0.0 	0.0 	0.0 	0.0 	0.0 	12.8 	QB23		Seattle Seahawks	Arizona Cardinals	235 	3.0 	0 	0.0 	0.0 	0 	0.0 	0.0 	0.0 	0.0 	0.0 	21.4 	QB9		Seattle Seahawks	Washington Commanders	0 	0.0 	0 	0.0 	0.0 	0 	0.0 	0.0 	0.0 	0.0 	0.0 	0.0 	-		Seattle Seahawks	Los Angeles Chargers	0 	0.0 	0 	0.0 	0.0 	0 	0.0 	0.0 	0.0 	0.0 	0.0 	0.0 	-		Seattle Seahawks	San Francisco 49ers	0 	0.0 	0 	0.0 	0.0 	0 	0.0 	0.0 	0.0 	0.0 	0.0 	0.0 	-		Seattle Seahawks	Denver Broncos	0 	0.0 	0 	0.0 	0.0 	0 	0.0 	0.0 	0.0 	0.0 	0.0 	0.0 	-		Seattle Seahawks	Kansas City Chiefs	0 	0.0 	0 	0.0 	0.0 	0 	0.0 	0.0 	0.0 	0.0 	0.0 	0.0 	-		Seattle Seahawks	Chicago Bears	0 	0.0 	0 	0.0 	0.0 	0 	0.0 	0.0 	0.0 	0.0 	0.0 	0.0 	-		Seattle Seahawks	Arizona Cardinals	0 	0.0 	0 	0.0 	0.0 	0 	0.0 	0.0 	0.0 	0.0 	0.0 	0.0 	-		Seattle Seahawks	Las Vegas Raiders	0 	0.0 	0 	0.0 	0.0 	0 	0.0 	0.0 	0.0 	0.0 	0.0 	0.0 	-		Seattle Seahawks	BYE	0 	0.0 	0 	0.0 	0.0 	0 	0.0 	0.0 	0.0 	0.0 	0.0 	0.0 	-		Seattle Seahawks	San Francisco 49ers	0 	0.0 	0 	0.0 	0.0 	0 	0.0 	0.0 	0.0 	0.0 	0.0 	0.0 	-		Seattle Seahawks	Dallas Cowboys	0 	0.0 	0 	0.0 	0.0 	0 	0.0 	0.0 	0.0 	0.0 	0.0 	0.0 	-		Seattle Seahawks	New York Giants	0 	0.0 	0 	0.0 	0.0 	0 	0.0 	0.0 	0.0 	0.0 	0.0 	0.0 	-		Seattle Seahawks	Philadelphia Eagles	0 	0.0 	0 	0.0 	0.0 	0 	0.0 	0.0 	0.0 	0.0 	0.0 	0.0 	-		Seattle Seahawks	Los Angeles Rams	0 	0.0 	0 	0.0 	0.0 	0 	0.0 	0.0 	0.0 	0.0 	0.0 	0.0 	-		Seattle Seahawks	Carolina Panthers	0 	0.0 	0 	0.0 	0.0 	0 	0.0 	0.0 	0.0 	0.0 	0.0 	0.0 	-		Actual	Actual	Actual	Forecast	Forecast	Forecast	Forecast	Forecast	Forecast	Forecast	Forecast	Forecast	Forecast	Forecast	Forecast	Forecast	Forecast		Healthy	Healthy	Healthy	Healthy	Healthy	Healthy	Healthy	Healthy	Healthy	Healthy	Healthy	Healthy	Healthy	Healthy	Healthy	Healthy	Healthy		Week 4 2026	10/3/2026	9:38:40 AM	9		0%	0%	0%	0%	0%	0%		(0.1)	0	0	0	0	0	(0.098449)
	Jaxson Dart	New York Giants	QB	QB35	13.7 	27 	250 	125.0 	3.0 	1.5 	54 	27.0 	0.0 	0.0 	0.0 	0.0 	0 	0.0 	0.0 	0.0 	0.0 	0.0 	0.0 	0.067 	0.460 	0.000 	0 	0.076 	0.000 	248 	97 	(151)	38 	11 	(27)	0.036 				-	-		-	-		-	-		-	-		26.6 	0.8 	0.0 	0.0 	0.0 	0.0 	0.0 	0.0 	0.0 	0.0 	0.0 	0.0 	0.0 	0.0 	0.0 	0.0 	0.0 		QB4	QB34	-	-	-	-	-	-	-	-	-	-	-	-	-	-	-		QB38	0.0 	0.0 	0.0 	0.0 	0.0 	0.0 	0.0 	0.0 	43 	0.000 	0.460 	0.000 	(2)	0.000 	0.000 	264 	0.000 		0 														QB31	13.7 	0.0 	0.0 	0.0 	0.0 	0.0 	0.0 	0.0 	31 	0.263 	0.460 	0.100 	(0)	0.000 	0.000 	#N/A	0.053 		27.4 																	New York Giants	Dallas Cowboys	230 	3.0 	54 	0.0 	0.0 	0 	0.0 	0.0 	0.0 	0.0 	0.0 	26.6 	QB4		New York Giants	Los Angeles Rams	20 	0.0 	0 	0.0 	0.0 	0 	0.0 	0.0 	0.0 	0.0 	0.0 	0.8 	QB34		New York Giants	Tennessee Titans	0 	0.0 	0 	0.0 	0.0 	0 	0.0 	0.0 	0.0 	0.0 	0.0 	0.0 	-		New York Giants	Arizona Cardinals	0 	0.0 	0 	0.0 	0.0 	0 	0.0 	0.0 	0.0 	0.0 	0.0 	0.0 	-		New York Giants	Washington Commanders	0 	0.0 	0 	0.0 	0.0 	0 	0.0 	0.0 	0.0 	0.0 	0.0 	0.0 	-		New York Giants	New Orleans Saints	0 	0.0 	0 	0.0 	0.0 	0 	0.0 	0.0 	0.0 	0.0 	0.0 	0.0 	-		New York Giants	Houston Texans	0 	0.0 	0 	0.0 	0.0 	0 	0.0 	0.0 	0.0 	0.0 	0.0 	0.0 	-		New York Giants	BYE	0 	0.0 	0 	0.0 	0.0 	0 	0.0 	0.0 	0.0 	0.0 	0.0 	0.0 	-		New York Giants	Philadelphia Eagles	0 	0.0 	0 	0.0 	0.0 	0 	0.0 	0.0 	0.0 	0.0 	0.0 	0.0 	-		New York Giants	Washington Commanders	0 	0.0 	0 	0.0 	0.0 	0 	0.0 	0.0 	0.0 	0.0 	0.0 	0.0 	-		New York Giants	Jacksonville Jaguars	0 	0.0 	0 	0.0 	0.0 	0 	0.0 	0.0 	0.0 	0.0 	0.0 	0.0 	-		New York Giants	Indianapolis Colts	0 	0.0 	0 	0.0 	0.0 	0 	0.0 	0.0 	0.0 	0.0 	0.0 	0.0 	-		New York Giants	San Francisco 49ers	0 	0.0 	0 	0.0 	0.0 	0 	0.0 	0.0 	0.0 	0.0 	0.0 	0.0 	-		New York Giants	Seattle Seahawks	0 	0.0 	0 	0.0 	0.0 	0 	0.0 	0.0 	0.0 	0.0 	0.0 	0.0 	-		New York Giants	Cleveland Browns	0 	0.0 	0 	0.0 	0.0 	0 	0.0 	0.0 	0.0 	0.0 	0.0 	0.0 	-		New York Giants	Detroit Lions	0 	0.0 	0 	0.0 	0.0 	0 	0.0 	0.0 	0.0 	0.0 	0.0 	0.0 	-		New York Giants	Dallas Cowboys	0 	0.0 	0 	0.0 	0.0 	0 	0.0 	0.0 	0.0 	0.0 	0.0 	0.0 	-		Actual	Actual	Actual	Forecast	Forecast	Forecast	Forecast	Forecast	Forecast	Forecast	Forecast	Forecast	Forecast	Forecast	Forecast	Forecast	Forecast		Healthy	Healthy	Injured	Injured	Injured	Injured	Injured	Injured	Injured	Injured	Injured	Injured	Injured	Injured	Injured	Injured	Injured		Week 4 2026	10/3/2026	9:38:40 AM	9		0%	0%	0%	0%	0%	0%		(0.1)	0	0	1	1	1	
	Tua Tagovailoa	Atlanta Falcons	QB	QB39	0.4 	6 	27 	2.0 	0.2 	0.0 	34 	2.6 	0.1 	0.0 	0.0 	0.0 	0 	0.0 	0.0 	0.0 	0.1 	0.0 	0.0 	0.014 	0.460 	0.000 	(2)	0.000 	0.000 	265 	285 	20 	42 	34 	(8)	0.000 																0.0 	0.0 	0.0 	0.5 	0.4 	0.5 	0.4 	0.4 	0.4 	0.4 	0.0 	0.4 	0.4 	0.4 	0.4 	0.5 	0.5 		-	-	-	QB36	QB34	QB32	QB31	QB30	QB33	QB31	-	QB36	QB30	QB34	QB35	QB35	QB35		QB38	0.4 	2.0 	0.0 	2.6 	0.0 	0.0 	0.0 	0.0 	38 	0.018 	0.460 	0.000 	(2)	0.000 	0.000 	264 	0.000 		6 														-	0.0 	0.0 	0.0 	0.0 	0.0 	0.0 	0.0 	0.0 	#N/A	0.000 	0.460 	#N/A	(2)	0.000 	0.000 	#N/A	#N/A		0.0 																	Atlanta Falcons	Pittsburgh Steelers	0 	0.0 	0 	0.0 	0.0 	0 	0.0 	0.0 	0.0 	0.0 	0.0 	0.0 	-		Atlanta Falcons	Carolina Panthers	0 	0.0 	0 	0.0 	0.0 	0 	0.0 	0.0 	0.0 	0.0 	0.0 	0.0 	-		Atlanta Falcons	Green Bay Packers	0 	0.0 	0 	0.0 	0.0 	0 	0.0 	0.0 	0.0 	0.0 	0.0 	0.0 	-		Atlanta Falcons	New Orleans Saints	2 	0.0 	3 	0.0 	0.0 	0 	0.0 	0.0 	0.0 	0.0 	0.0 	0.5 	QB36		Atlanta Falcons	Baltimore Ravens	2 	0.0 	2 	0.0 	0.0 	0 	0.0 	0.0 	0.0 	0.0 	0.0 	0.4 	QB34		Atlanta Falcons	Chicago Bears	2 	0.0 	3 	0.0 	0.0 	0 	0.0 	0.0 	0.0 	0.0 	0.0 	0.5 	QB32		Atlanta Falcons	San Francisco 49ers	2 	0.0 	3 	0.0 	0.0 	0 	0.0 	0.0 	0.0 	0.0 	0.0 	0.4 	QB31		Atlanta Falcons	Tampa Bay Buccaneers	2 	0.0 	3 	0.0 	0.0 	0 	0.0 	0.0 	0.0 	0.0 	0.0 	0.4 	QB30		Atlanta Falcons	Cincinnati Bengals	2 	0.0 	3 	0.0 	0.0 	0 	0.0 	0.0 	0.0 	0.0 	0.0 	0.4 	QB33		Atlanta Falcons	Kansas City Chiefs	2 	0.0 	3 	0.0 	0.0 	0 	0.0 	0.0 	0.0 	0.0 	0.0 	0.4 	QB31		Atlanta Falcons	BYE	0 	0.0 	0 	0.0 	0.0 	0 	0.0 	0.0 	0.0 	0.0 	0.0 	0.0 	-		Atlanta Falcons	Minnesota Vikings	2 	0.0 	2 	0.0 	0.0 	0 	0.0 	0.0 	0.0 	0.0 	0.0 	0.4 	QB36		Atlanta Falcons	Detroit Lions	2 	0.0 	3 	0.0 	0.0 	0 	0.0 	0.0 	0.0 	0.0 	0.0 	0.4 	QB30		Atlanta Falcons	Cleveland Browns	2 	0.0 	3 	0.0 	0.0 	0 	0.0 	0.0 	0.0 	0.0 	0.0 	0.4 	QB34		Atlanta Falcons	Washington Commanders	2 	0.0 	3 	0.0 	0.0 	0 	0.0 	0.0 	0.0 	0.0 	0.0 	0.4 	QB35		Atlanta Falcons	Tampa Bay Buccaneers	2 	0.0 	3 	0.0 	0.0 	0 	0.0 	0.0 	0.0 	0.0 	0.0 	0.5 	QB35		Atlanta Falcons	New Orleans Saints	2 	0.0 	3 	0.0 	0.0 	0 	0.0 	0.0 	0.0 	0.0 	0.0 	0.5 	QB35		Actual	Actual	Actual	Forecast	Forecast	Forecast	Forecast	Forecast	Forecast	Forecast	Forecast	Forecast	Forecast	Forecast	Forecast	Forecast	Forecast		Injured	Injured	Healthy	Healthy	Healthy	Healthy	Healthy	Healthy	Healthy	Healthy	Healthy	Healthy	Healthy	Healthy	Healthy	Healthy	Healthy		Week 4 2026	10/3/2026	9:38:40 AM	9		0%	0%	2%	1%	1%	1%		0.0 	1	1	0	0	0	
	Shedeur Sanders	Cleveland Browns	QB	QB39	0.4 	5 	29 	2.2 	0.2 	0.0 	25 	1.9 	0.2 	0.0 	0.0 	0.0 	0 	0.0 	0.0 	0.0 	0.1 	0.0 	0.0 	0.013 	0.460 	0.000 	(2)	0.000 	0.000 	265 	252 	(13)	43 	31 	(12)	0.000 																0.0 	0.0 	0.0 	0.4 	0.4 	0.4 	0.4 	0.4 	0.4 	0.4 	0.0 	0.4 	0.4 	0.4 	0.4 	0.4 	0.4 		-	-	-	QB37	QB35	QB33	QB32	QB32	QB34	QB32	-	QB35	QB31	QB33	QB36	QB37	QB36		QB38	0.4 	2.2 	0.0 	1.9 	0.0 	0.0 	0.0 	0.0 	39 	0.017 	0.460 	0.000 	(2)	0.000 	0.000 	264 	0.000 		5 														-	0.0 	0.0 	0.0 	0.0 	0.0 	0.0 	0.0 	0.0 	#N/A	0.000 	0.460 	#N/A	(2)	0.000 	0.000 	#N/A	#N/A		0.0 																	Cleveland Browns	Jacksonville Jaguars	0 	0.0 	0 	0.0 	0.0 	0 	0.0 	0.0 	0.0 	0.0 	0.0 	0.0 	-		Cleveland Browns	Tampa Bay Buccaneers	0 	0.0 	0 	0.0 	0.0 	0 	0.0 	0.0 	0.0 	0.0 	0.0 	0.0 	-		Cleveland Browns	Carolina Panthers	0 	0.0 	0 	0.0 	0.0 	0 	0.0 	0.0 	0.0 	0.0 	0.0 	0.0 	-		Cleveland Browns	Pittsburgh Steelers	2 	0.0 	2 	0.0 	0.0 	0 	0.0 	0.0 	0.0 	0.0 	0.0 	0.4 	QB37		Cleveland Browns	New York Jets	2 	0.0 	2 	0.0 	0.0 	0 	0.0 	0.0 	0.0 	0.0 	0.0 	0.4 	QB35		Cleveland Browns	Baltimore Ravens	2 	0.0 	2 	0.0 	0.0 	0 	0.0 	0.0 	0.0 	0.0 	0.0 	0.4 	QB33		Cleveland Browns	Tennessee Titans	2 	0.0 	2 	0.0 	0.0 	0 	0.0 	0.0 	0.0 	0.0 	0.0 	0.4 	QB32		Cleveland Browns	Pittsburgh Steelers	2 	0.0 	2 	0.0 	0.0 	0 	0.0 	0.0 	0.0 	0.0 	0.0 	0.4 	QB32		Cleveland Browns	New Orleans Saints	2 	0.0 	2 	0.0 	0.0 	0 	0.0 	0.0 	0.0 	0.0 	0.0 	0.4 	QB34		Cleveland Browns	Houston Texans	2 	0.0 	2 	0.0 	0.0 	0 	0.0 	0.0 	0.0 	0.0 	0.0 	0.4 	QB32		Cleveland Browns	BYE	0 	0.0 	0 	0.0 	0.0 	0 	0.0 	0.0 	0.0 	0.0 	0.0 	0.0 	-		Cleveland Browns	Las Vegas Raiders	2 	0.0 	2 	0.0 	0.0 	0 	0.0 	0.0 	0.0 	0.0 	0.0 	0.4 	QB35		Cleveland Browns	Cincinnati Bengals	2 	0.0 	2 	0.0 	0.0 	0 	0.0 	0.0 	0.0 	0.0 	0.0 	0.4 	QB31		Cleveland Browns	Atlanta Falcons	2 	0.0 	2 	0.0 	0.0 	0 	0.0 	0.0 	0.0 	0.0 	0.0 	0.4 	QB33		Cleveland Browns	New York Giants	2 	0.0 	2 	0.0 	0.0 	0 	0.0 	0.0 	0.0 	0.0 	0.0 	0.4 	QB36		Cleveland Browns	Baltimore Ravens	2 	0.0 	2 	0.0 	0.0 	0 	0.0 	0.0 	0.0 	0.0 	0.0 	0.4 	QB37		Cleveland Browns	Indianapolis Colts	2 	0.0 	2 	0.0 	0.0 	0 	0.0 	0.0 	0.0 	0.0 	0.0 	0.4 	QB36		Actual	Actual	Actual	Forecast	Forecast	Forecast	Forecast	Forecast	Forecast	Forecast	Forecast	Forecast	Forecast	Forecast	Forecast	Forecast	Forecast		Healthy	Healthy	Healthy	Healthy	Healthy	Healthy	Healthy	Healthy	Healthy	Healthy	Healthy	Healthy	Healthy	Healthy	Healthy	Healthy	Healthy		Week 4 2026	10/3/2026	9:38:40 AM	9		0%	0%	2%	2%	1%	1%		0.0 	0	0	0	0	0	0.000000 
	Carson Wentz	Minnesota Vikings	QB	QB39	6.8 	27 	276 	69.0 	3.0 	0.8 	16 	4.0 	0.1 	0.0 	0.0 	0.0 	0 	0.0 	0.0 	0.0 	0.0 	0.0 	0.0 	0.066 	0.460 	0.000 	(1)	0.000 	0.000 	265 	435 	170 	39 	59 	20 	0.000 				-	-		-	-		-	-		-	-		19.2 	6.3 	0.0 	0.8 	0.7 	0.0 	0.0 	0.0 	0.0 	0.0 	0.0 	0.0 	0.0 	0.0 	0.0 	0.0 	0.0 		QB12	QB29	-	QB35	QB33	-	-	-	-	-	-	-	-	-	-	-	-		QB38	0.8 	0.0 	0.0 	5.4 	0.0 	0.0 	0.0 	0.0 	42 	0.005 	0.460 	0.000 	(2)	0.000 	0.000 	264 	0.000 		2 														QB32	12.8 	0.0 	0.0 	5.4 	0.0 	0.0 	0.0 	0.0 	32 	0.245 	0.460 	0.085 	(1)	0.000 	0.000 	#N/A	0.045 		25.5 																	Minnesota Vikings	Green Bay Packers	133 	3.0 	(1)	0.0 	0.0 	0 	0.0 	0.0 	0.0 	0.0 	1.0 	19.2 	QB12		Minnesota Vikings	Chicago Bears	143 	0.0 	6 	0.0 	0.0 	0 	0.0 	0.0 	0.0 	0.0 	0.0 	6.3 	QB29		Minnesota Vikings	Tampa Bay Buccaneers	0 	0.0 	0 	0.0 	0.0 	0 	0.0 	0.0 	0.0 	0.0 	0.0 	0.0 	-		Minnesota Vikings	Miami Dolphins	0 	0.0 	6 	0.0 	0.0 	0 	0.0 	0.0 	0.0 	0.0 	0.0 	0.8 	QB35		Minnesota Vikings	New Orleans Saints	0 	0.0 	5 	0.0 	0.0 	0 	0.0 	0.0 	0.0 	0.0 	0.0 	0.7 	QB33		Minnesota Vikings	BYE	0 	0.0 	0 	0.0 	0.0 	0 	0.0 	0.0 	0.0 	0.0 	0.0 	0.0 	-		Minnesota Vikings	Indianapolis Colts	0 	0.0 	0 	0.0 	0.0 	0 	0.0 	0.0 	0.0 	0.0 	0.0 	0.0 	-		Minnesota Vikings	Detroit Lions	0 	0.0 	0 	0.0 	0.0 	0 	0.0 	0.0 	0.0 	0.0 	0.0 	0.0 	-		Minnesota Vikings	Buffalo Bills	0 	0.0 	0 	0.0 	0.0 	0 	0.0 	0.0 	0.0 	0.0 	0.0 	0.0 	-		Minnesota Vikings	Green Bay Packers	0 	0.0 	0 	0.0 	0.0 	0 	0.0 	0.0 	0.0 	0.0 	0.0 	0.0 	-		Minnesota Vikings	San Francisco 49ers	0 	0.0 	0 	0.0 	0.0 	0 	0.0 	0.0 	0.0 	0.0 	0.0 	0.0 	-		Minnesota Vikings	Atlanta Falcons	0 	0.0 	0 	0.0 	0.0 	0 	0.0 	0.0 	0.0 	0.0 	0.0 	0.0 	-		Minnesota Vikings	Carolina Panthers	0 	0.0 	0 	0.0 	0.0 	0 	0.0 	0.0 	0.0 	0.0 	0.0 	0.0 	-		Minnesota Vikings	New England Patriots	0 	0.0 	0 	0.0 	0.0 	0 	0.0 	0.0 	0.0 	0.0 	0.0 	0.0 	-		Minnesota Vikings	Detroit Lions	0 	0.0 	0 	0.0 	0.0 	0 	0.0 	0.0 	0.0 	0.0 	0.0 	0.0 	-		Minnesota Vikings	Washington Commanders	0 	0.0 	0 	0.0 	0.0 	0 	0.0 	0.0 	0.0 	0.0 	0.0 	0.0 	-		Minnesota Vikings	New York Jets	0 	0.0 	0 	0.0 	0.0 	0 	0.0 	0.0 	0.0 	0.0 	0.0 	0.0 	-		Actual	Actual	Actual	Forecast	Forecast	Forecast	Forecast	Forecast	Forecast	Forecast	Forecast	Forecast	Forecast	Forecast	Forecast	Forecast	Forecast		Healthy	Healthy	Healthy	Healthy	Healthy	Healthy	Healthy	Healthy	Healthy	Healthy	Healthy	Healthy	Healthy	Healthy	Healthy	Healthy	Healthy		Week 4 2026	10/3/2026	9:38:40 AM	9		0%	0%	0%	0%	0%	0%		(0.0)	0	0	0	0	0	(0.044928)
	Carson Beck	Arizona Cardinals	QB	QB39	0.3 	3 	30 	2.3 	0.2 	0.0 	12 	0.9 	0.1 	0.0 	0.0 	0.0 	0 	0.0 	0.0 	0.0 	0.1 	0.0 	0.0 	0.008 	0.460 	0.000 	(2)	0.000 	0.000 	265 	444 	179 	44 	61 	17 	0.000 																0.0 	0.0 	0.0 	0.3 	0.3 	0.2 	0.3 	0.3 	0.2 	0.3 	0.2 	0.3 	0.2 	0.0 	0.3 	0.3 	0.3 		-	-	-	QB38	QB37	QB34	QB34	QB34	QB37	QB34	QB32	QB39	QB34	-	QB39	QB39	QB39		QB38	0.3 	2.3 	0.0 	0.9 	0.0 	0.0 	0.0 	0.0 	40 	0.011 	0.460 	0.000 	(2)	0.000 	0.000 	264 	0.000 		3 															0.0 	0.0 	0.0 	0.0 	0.0 	0.0 	0.0 	0.0 	#N/A	0.000 	0.460 	#N/A	(2)	0.000 	0.000 	#N/A	#N/A		0.0 																	Arizona Cardinals	Los Angeles Chargers	0 	0.0 	0 	0.0 	0.0 	0 	0.0 	0.0 	0.0 	0.0 	0.0 	0.0 	-		Arizona Cardinals	Seattle Seahawks	0 	0.0 	0 	0.0 	0.0 	0 	0.0 	0.0 	0.0 	0.0 	0.0 	0.0 	-		Arizona Cardinals	San Francisco 49ers	0 	0.0 	0 	0.0 	0.0 	0 	0.0 	0.0 	0.0 	0.0 	0.0 	0.0 	-		Arizona Cardinals	New York Giants	2 	0.0 	1 	0.0 	0.0 	0 	0.0 	0.0 	0.0 	0.0 	0.0 	0.3 	QB38		Arizona Cardinals	Detroit Lions	2 	0.0 	1 	0.0 	0.0 	0 	0.0 	0.0 	0.0 	0.0 	0.0 	0.3 	QB37		Arizona Cardinals	Los Angeles Rams	2 	0.0 	1 	0.0 	0.0 	0 	0.0 	0.0 	0.0 	0.0 	0.0 	0.2 	QB34		Arizona Cardinals	Denver Broncos	2 	0.0 	1 	0.0 	0.0 	0 	0.0 	0.0 	0.0 	0.0 	0.0 	0.3 	QB34		Arizona Cardinals	Dallas Cowboys	2 	0.0 	1 	0.0 	0.0 	0 	0.0 	0.0 	0.0 	0.0 	0.0 	0.3 	QB34		Arizona Cardinals	Seattle Seahawks	2 	0.0 	1 	0.0 	0.0 	0 	0.0 	0.0 	0.0 	0.0 	0.0 	0.2 	QB37		Arizona Cardinals	Los Angeles Rams	2 	0.0 	1 	0.0 	0.0 	0 	0.0 	0.0 	0.0 	0.0 	0.0 	0.3 	QB34		Arizona Cardinals	Kansas City Chiefs	2 	0.0 	1 	0.0 	0.0 	0 	0.0 	0.0 	0.0 	0.0 	0.0 	0.2 	QB32		Arizona Cardinals	Washington Commanders	2 	0.0 	1 	0.0 	0.0 	0 	0.0 	0.0 	0.0 	0.0 	0.0 	0.3 	QB39		Arizona Cardinals	Philadelphia Eagles	2 	0.0 	1 	0.0 	0.0 	0 	0.0 	0.0 	0.0 	0.0 	0.0 	0.2 	QB34		Arizona Cardinals	BYE	0 	0.0 	0 	0.0 	0.0 	0 	0.0 	0.0 	0.0 	0.0 	0.0 	0.0 	-		Arizona Cardinals	New York Jets	2 	0.0 	1 	0.0 	0.0 	0 	0.0 	0.0 	0.0 	0.0 	0.0 	0.3 	QB39		Arizona Cardinals	New Orleans Saints	2 	0.0 	1 	0.0 	0.0 	0 	0.0 	0.0 	0.0 	0.0 	0.0 	0.3 	QB39		Arizona Cardinals	Las Vegas Raiders	2 	0.0 	1 	0.0 	0.0 	0 	0.0 	0.0 	0.0 	0.0 	0.0 	0.3 	QB39		Actual	Actual	Actual	Forecast	Forecast	Forecast	Forecast	Forecast	Forecast	Forecast	Forecast	Forecast	Forecast	Forecast	Forecast	Forecast	Forecast		Healthy	Healthy	Healthy	Healthy	Healthy	Healthy	Healthy	Healthy	Healthy	Healthy	Healthy	Healthy	Healthy	Healthy	Healthy	Healthy	Healthy		Week 4 2026	10/3/2026	9:38:40 AM	9		0%	0%	1%	1%	1%	1%		0.0 	0	0	0	0	0	0.000000 
	Travis Hunter	Jacksonville Jaguars	WR	WR105	0.0 	0 	0 	0.0 	0.0 	0.0 	0 	0.0 	0.0 	0.0 	0.0 	0.0 	0 	0.0 	0.0 	0.0 	0.0 	0.0 	0.0 	0.000 	1.000 	0.000 	(2)	0.000 	0.000 	265 	256 	(9)	106 	83 	(23)	0.000 																0.0 	0.0 	0.0 	0.0 	0.0 	0.0 	0.0 	0.0 	0.0 	0.0 	0.0 	0.0 	0.0 	0.0 	0.0 	0.0 	0.0 		-	-	-	-	-	-	-	-	-	-	-	-	-	-	-	-	-		WR106	0.0 	0.0 	0.0 	0.0 	0.0 	0.0 	0.0 	0.0 	106 	0.000 	1.000 	0.000 	(2)	0.000 	0.000 	264 	0.000 		0 														-	0.0 	0.0 	0.0 	0.0 	0.0 	0.0 	0.0 	0.0 	#N/A	0.000 	1.000 	#N/A	(1)	0.000 	0.000 	#N/A	#N/A		0.0 																	Jacksonville Jaguars	Cleveland Browns	0 	0.0 	0 	0.0 	0.0 	0 	0.0 	0.0 	0.0 	0.0 	0.0 	0.0 	-		Jacksonville Jaguars	Denver Broncos	0 	0.0 	0 	0.0 	0.0 	0 	0.0 	0.0 	0.0 	0.0 	0.0 	0.0 	-		Jacksonville Jaguars	New England Patriots	0 	0.0 	0 	0.0 	0.0 	0 	0.0 	0.0 	0.0 	0.0 	0.0 	0.0 	-		Jacksonville Jaguars	Cincinnati Bengals	0 	0.0 	0 	0.0 	0.0 	0 	0.0 	0.0 	0.0 	0.0 	0.0 	0.0 	-		Jacksonville Jaguars	Philadelphia Eagles	0 	0.0 	0 	0.0 	0.0 	0 	0.0 	0.0 	0.0 	0.0 	0.0 	0.0 	-		Jacksonville Jaguars	Houston Texans	0 	0.0 	0 	0.0 	0.0 	0 	0.0 	0.0 	0.0 	0.0 	0.0 	0.0 	-		Jacksonville Jaguars	BYE	0 	0.0 	0 	0.0 	0.0 	0 	0.0 	0.0 	0.0 	0.0 	0.0 	0.0 	-		Jacksonville Jaguars	Indianapolis Colts	0 	0.0 	0 	0.0 	0.0 	0 	0.0 	0.0 	0.0 	0.0 	0.0 	0.0 	-		Jacksonville Jaguars	Baltimore Ravens	0 	0.0 	0 	0.0 	0.0 	0 	0.0 	0.0 	0.0 	0.0 	0.0 	0.0 	-		Jacksonville Jaguars	Tennessee Titans	0 	0.0 	0 	0.0 	0.0 	0 	0.0 	0.0 	0.0 	0.0 	0.0 	0.0 	-		Jacksonville Jaguars	New York Giants	0 	0.0 	0 	0.0 	0.0 	0 	0.0 	0.0 	0.0 	0.0 	0.0 	0.0 	-		Jacksonville Jaguars	Tennessee Titans	0 	0.0 	0 	0.0 	0.0 	0 	0.0 	0.0 	0.0 	0.0 	0.0 	0.0 	-		Jacksonville Jaguars	Chicago Bears	0 	0.0 	0 	0.0 	0.0 	0 	0.0 	0.0 	0.0 	0.0 	0.0 	0.0 	-		Jacksonville Jaguars	Pittsburgh Steelers	0 	0.0 	0 	0.0 	0.0 	0 	0.0 	0.0 	0.0 	0.0 	0.0 	0.0 	-		Jacksonville Jaguars	Houston Texans	0 	0.0 	0 	0.0 	0.0 	0 	0.0 	0.0 	0.0 	0.0 	0.0 	0.0 	-		Jacksonville Jaguars	Dallas Cowboys	0 	0.0 	0 	0.0 	0.0 	0 	0.0 	0.0 	0.0 	0.0 	0.0 	0.0 	-		Jacksonville Jaguars	Washington Commanders	0 	0.0 	0 	0.0 	0.0 	0 	0.0 	0.0 	0.0 	0.0 	0.0 	0.0 	-		Actual	Actual	Actual	Forecast	Forecast	Forecast	Forecast	Forecast	Forecast	Forecast	Forecast	Forecast	Forecast	Forecast	Forecast	Forecast	Forecast		Healthy	Healthy	Healthy	Healthy	Healthy	Healthy	Healthy	Healthy	Healthy	Healthy	Healthy	Healthy	Healthy	Healthy	Healthy	Healthy	Healthy		Week 4 2026	10/3/2026	9:38:40 AM	9		0%	0%	0%	0%	0%	0%		0.0 	0	0	0	0	0	0.000000 
	Cooper Rush	Atlanta Falcons	QB	QB39	0.6 	8 	229 	15.3 	1.0 	0.1 	37 	2.5 	0.0 	0.0 	0.0 	0.0 	0 	0.0 	0.0 	0.0 	3.2 	1.0 	0.0 	0.021 	0.460 	0.000 	(2)	0.000 	0.000 	265 	0 	(265)	41 	0 	(41)	0.000 																5.7 	1.1 	0.0 	0.1 	0.1 	0.1 	0.1 	0.1 	0.1 	0.1 	0.0 	0.1 	0.1 	0.1 	0.1 	0.1 	0.1 		QB30	QB33	-	QB39	QB38	QB35	QB36	QB36	QB39	QB35	-	QB41	QB36	QB38	QB41	QB41	QB41		QB38	0.1 	0.0 	0.0 	1.3 	0.0 	0.0 	0.0 	0.0 	41 	0.005 	0.460 	0.000 	(2)	0.000 	0.000 	264 	0.000 		2 														QB38	3.4 	0.0 	0.0 	8.5 	0.0 	0.0 	0.0 	0.0 	38 	0.065 	0.460 	0.000 	(1)	0.000 	0.000 	#N/A	0.000 		6.8 																	Atlanta Falcons	Pittsburgh Steelers	143 	1.0 	0 	0.0 	0.0 	0 	0.0 	2.0 	0.0 	0.0 	0.0 	5.7 	QB30		Atlanta Falcons	Carolina Panthers	86 	0.0 	20 	0.0 	0.0 	0 	0.0 	1.2 	1.0 	0.0 	0.0 	1.1 	QB33		Atlanta Falcons	Green Bay Packers	0 	0.0 	0 	0.0 	0.0 	0 	0.0 	0.0 	0.0 	0.0 	0.0 	0.0 	-		Atlanta Falcons	New Orleans Saints	0 	0.0 	1 	0.0 	0.0 	0 	0.0 	0.0 	0.0 	0.0 	0.0 	0.1 	QB39		Atlanta Falcons	Baltimore Ravens	0 	0.0 	1 	0.0 	0.0 	0 	0.0 	0.0 	0.0 	0.0 	0.0 	0.1 	QB38		Atlanta Falcons	Chicago Bears	0 	0.0 	1 	0.0 	0.0 	0 	0.0 	0.0 	0.0 	0.0 	0.0 	0.1 	QB35		Atlanta Falcons	San Francisco 49ers	0 	0.0 	1 	0.0 	0.0 	0 	0.0 	0.0 	0.0 	0.0 	0.0 	0.1 	QB36		Atlanta Falcons	Tampa Bay Buccaneers	0 	0.0 	1 	0.0 	0.0 	0 	0.0 	0.0 	0.0 	0.0 	0.0 	0.1 	QB36		Atlanta Falcons	Cincinnati Bengals	0 	0.0 	1 	0.0 	0.0 	0 	0.0 	0.0 	0.0 	0.0 	0.0 	0.1 	QB39		Atlanta Falcons	Kansas City Chiefs	0 	0.0 	1 	0.0 	0.0 	0 	0.0 	0.0 	0.0 	0.0 	0.0 	0.1 	QB35		Atlanta Falcons	BYE	0 	0.0 	0 	0.0 	0.0 	0 	0.0 	0.0 	0.0 	0.0 	0.0 	0.0 	-		Atlanta Falcons	Minnesota Vikings	0 	0.0 	1 	0.0 	0.0 	0 	0.0 	0.0 	0.0 	0.0 	0.0 	0.1 	QB41		Atlanta Falcons	Detroit Lions	0 	0.0 	1 	0.0 	0.0 	0 	0.0 	0.0 	0.0 	0.0 	0.0 	0.1 	QB36		Atlanta Falcons	Cleveland Browns	0 	0.0 	1 	0.0 	0.0 	0 	0.0 	0.0 	0.0 	0.0 	0.0 	0.1 	QB38		Atlanta Falcons	Washington Commanders	0 	0.0 	1 	0.0 	0.0 	0 	0.0 	0.0 	0.0 	0.0 	0.0 	0.1 	QB41		Atlanta Falcons	Tampa Bay Buccaneers	0 	0.0 	1 	0.0 	0.0 	0 	0.0 	0.0 	0.0 	0.0 	0.0 	0.1 	QB41		Atlanta Falcons	New Orleans Saints	0 	0.0 	1 	0.0 	0.0 	0 	0.0 	0.0 	0.0 	0.0 	0.0 	0.1 	QB41		Actual	Actual	Actual	Forecast	Forecast	Forecast	Forecast	Forecast	Forecast	Forecast	Forecast	Forecast	Forecast	Forecast	Forecast	Forecast	Forecast		Healthy	Healthy	Injured	Healthy	Healthy	Healthy	Healthy	Healthy	Healthy	Healthy	Healthy	Healthy	Healthy	Healthy	Healthy	Healthy	Healthy		Week 4 2026	10/3/2026	9:38:40 AM	9		0%	0%	1%	0%	0%	0%		0.0 	0	0	1	0	0	
	Ricky Pearsall	San Francisco 49ers	WR	WR105	0.0 	0 	0 	0.0 	0.0 	0.0 	0 	0.0 	0.0 	0.0 	0.0 	0.0 	0 	0.0 	0.0 	0.0 	0.0 	0.0 	0.0 	0.000 	1.000 	0.000 	(2)	0.000 	0.000 	265 	0 	(265)	106 	0 	(106)	0.000 																0.0 	0.0 	0.0 	0.0 	0.0 	0.0 	0.0 	0.0 	0.0 	0.0 	0.0 	0.0 	0.0 	0.0 	0.0 	0.0 	0.0 		-	-	-	-	-	-	-	-	-	-	-	-	-	-	-	-	-		WR106	0.0 	0.0 	0.0 	0.0 	0.0 	0.0 	0.0 	0.0 	106 	0.000 	1.000 	0.000 	(2)	0.000 	0.000 	264 	0.000 		0 														-	0.0 	0.0 	0.0 	0.0 	0.0 	0.0 	0.0 	0.0 	#N/A	0.000 	1.000 	#N/A	(1)	0.000 	0.000 	#N/A	#N/A		0.0 																	San Francisco 49ers	Los Angeles Rams	0 	0.0 	0 	0.0 	0.0 	0 	0.0 	0.0 	0.0 	0.0 	0.0 	0.0 	-		San Francisco 49ers	Miami Dolphins	0 	0.0 	0 	0.0 	0.0 	0 	0.0 	0.0 	0.0 	0.0 	0.0 	0.0 	-		San Francisco 49ers	Arizona Cardinals	0 	0.0 	0 	0.0 	0.0 	0 	0.0 	0.0 	0.0 	0.0 	0.0 	0.0 	-		San Francisco 49ers	Denver Broncos	0 	0.0 	0 	0.0 	0.0 	0 	0.0 	0.0 	0.0 	0.0 	0.0 	0.0 	-		San Francisco 49ers	Seattle Seahawks	0 	0.0 	0 	0.0 	0.0 	0 	0.0 	0.0 	0.0 	0.0 	0.0 	0.0 	-		San Francisco 49ers	Washington Commanders	0 	0.0 	0 	0.0 	0.0 	0 	0.0 	0.0 	0.0 	0.0 	0.0 	0.0 	-		San Francisco 49ers	Atlanta Falcons	0 	0.0 	0 	0.0 	0.0 	0 	0.0 	0.0 	0.0 	0.0 	0.0 	0.0 	-		San Francisco 49ers	BYE	0 	0.0 	0 	0.0 	0.0 	0 	0.0 	0.0 	0.0 	0.0 	0.0 	0.0 	-		San Francisco 49ers	Las Vegas Raiders	0 	0.0 	0 	0.0 	0.0 	0 	0.0 	0.0 	0.0 	0.0 	0.0 	0.0 	-		San Francisco 49ers	Dallas Cowboys	0 	0.0 	0 	0.0 	0.0 	0 	0.0 	0.0 	0.0 	0.0 	0.0 	0.0 	-		San Francisco 49ers	Minnesota Vikings	0 	0.0 	0 	0.0 	0.0 	0 	0.0 	0.0 	0.0 	0.0 	0.0 	0.0 	-		San Francisco 49ers	Seattle Seahawks	0 	0.0 	0 	0.0 	0.0 	0 	0.0 	0.0 	0.0 	0.0 	0.0 	0.0 	-		San Francisco 49ers	New York Giants	0 	0.0 	0 	0.0 	0.0 	0 	0.0 	0.0 	0.0 	0.0 	0.0 	0.0 	-		San Francisco 49ers	Los Angeles Rams	0 	0.0 	0 	0.0 	0.0 	0 	0.0 	0.0 	0.0 	0.0 	0.0 	0.0 	-		San Francisco 49ers	Los Angeles Chargers	0 	0.0 	0 	0.0 	0.0 	0 	0.0 	0.0 	0.0 	0.0 	0.0 	0.0 	-		San Francisco 49ers	Kansas City Chiefs	0 	0.0 	0 	0.0 	0.0 	0 	0.0 	0.0 	0.0 	0.0 	0.0 	0.0 	-		San Francisco 49ers	Philadelphia Eagles	0 	0.0 	0 	0.0 	0.0 	0 	0.0 	0.0 	0.0 	0.0 	0.0 	0.0 	-		Actual	Actual	Actual	Forecast	Forecast	Forecast	Forecast	Forecast	Forecast	Forecast	Forecast	Forecast	Forecast	Forecast	Forecast	Forecast	Forecast		Injured	Injured	Injured	Injured	Injured	Injured	Injured	Injured	Injured	Injured	Injured	Injured	Injured	Injured	Injured	Injured	Injured		Week 4 2026	10/3/2026	9:38:40 AM	9		0%	0%	0%	0%	0%	0%		0.0 	1	1	1	1	1	
	Jayden Higgins	Houston Texans	WR	WR105	0.0 	0 	0 	0.0 	0.0 	0.0 	0 	0.0 	0.0 	0.0 	0.0 	0.0 	0 	0.0 	0.0 	0.0 	0.0 	0.0 	0.0 	0.000 	1.000 	0.000 	(2)	0.000 	0.000 	265 	0 	(265)	106 	0 	(106)	0.000 																0.0 	0.0 	0.0 	0.0 	0.0 	0.0 	0.0 	0.0 	0.0 	0.0 	0.0 	0.0 	0.0 	0.0 	0.0 	0.0 	0.0 		-	-	-	-	-	-	-	-	-	-	-	-	-	-	-	-	-		WR106	0.0 	0.0 	0.0 	0.0 	0.0 	0.0 	0.0 	0.0 	106 	0.000 	1.000 	0.000 	(2)	0.000 	0.000 	264 	0.000 		0 														-	0.0 	0.0 	0.0 	0.0 	0.0 	0.0 	0.0 	0.0 	#N/A	0.000 	1.000 	#N/A	(1)	0.000 	0.000 	#N/A	#N/A		0.0 																	Houston Texans	Buffalo Bills	0 	0.0 	0 	0.0 	0.0 	0 	0.0 	0.0 	0.0 	0.0 	0.0 	0.0 	-		Houston Texans	Cincinnati Bengals	0 	0.0 	0 	0.0 	0.0 	0 	0.0 	0.0 	0.0 	0.0 	0.0 	0.0 	-		Houston Texans	Indianapolis Colts	0 	0.0 	0 	0.0 	0.0 	0 	0.0 	0.0 	0.0 	0.0 	0.0 	0.0 	-		Houston Texans	Dallas Cowboys	0 	0.0 	0 	0.0 	0.0 	0 	0.0 	0.0 	0.0 	0.0 	0.0 	0.0 	-		Houston Texans	Tennessee Titans	0 	0.0 	0 	0.0 	0.0 	0 	0.0 	0.0 	0.0 	0.0 	0.0 	0.0 	-		Houston Texans	Jacksonville Jaguars	0 	0.0 	0 	0.0 	0.0 	0 	0.0 	0.0 	0.0 	0.0 	0.0 	0.0 	-		Houston Texans	New York Giants	0 	0.0 	0 	0.0 	0.0 	0 	0.0 	0.0 	0.0 	0.0 	0.0 	0.0 	-		Houston Texans	BYE	0 	0.0 	0 	0.0 	0.0 	0 	0.0 	0.0 	0.0 	0.0 	0.0 	0.0 	-		Houston Texans	Los Angeles Chargers	0 	0.0 	0 	0.0 	0.0 	0 	0.0 	0.0 	0.0 	0.0 	0.0 	0.0 	-		Houston Texans	Cleveland Browns	0 	0.0 	0 	0.0 	0.0 	0 	0.0 	0.0 	0.0 	0.0 	0.0 	0.0 	-		Houston Texans	Indianapolis Colts	0 	0.0 	0 	0.0 	0.0 	0 	0.0 	0.0 	0.0 	0.0 	0.0 	0.0 	-		Houston Texans	Baltimore Ravens	0 	0.0 	0 	0.0 	0.0 	0 	0.0 	0.0 	0.0 	0.0 	0.0 	0.0 	-		Houston Texans	Pittsburgh Steelers	0 	0.0 	0 	0.0 	0.0 	0 	0.0 	0.0 	0.0 	0.0 	0.0 	0.0 	-		Houston Texans	Washington Commanders	0 	0.0 	0 	0.0 	0.0 	0 	0.0 	0.0 	0.0 	0.0 	0.0 	0.0 	-		Houston Texans	Jacksonville Jaguars	0 	0.0 	0 	0.0 	0.0 	0 	0.0 	0.0 	0.0 	0.0 	0.0 	0.0 	-		Houston Texans	Philadelphia Eagles	0 	0.0 	0 	0.0 	0.0 	0 	0.0 	0.0 	0.0 	0.0 	0.0 	0.0 	-		Houston Texans	Green Bay Packers	0 	0.0 	0 	0.0 	0.0 	0 	0.0 	0.0 	0.0 	0.0 	0.0 	0.0 	-		Actual	Actual	Actual	Forecast	Forecast	Forecast	Forecast	Forecast	Forecast	Forecast	Forecast	Forecast	Forecast	Forecast	Forecast	Forecast	Forecast		Injured	Injured	Injured	Injured	Injured	Injured	Injured	Injured	Injured	Injured	Injured	Injured	Injured	Injured	Injured	Injured	Injured		Week 4 2026	10/3/2026	9:38:40 AM	9		0%	0%	0%	0%	0%	0%		0.0 	1	1	1	1	1	