																																																				Actual	Actual	Actual	Actual	Forecast	Forecast	Forecast	Forecast	Forecast	Forecast	Forecast	Forecast	Forecast	Forecast	Forecast	Forecast	Forecast																																																																																																																																																																																																																																																																																																																																																																																																																															
									Pass TDs		Rush YDs		Rush TDs		Receptions		Rec Yards		Rec TD		Interceptions	Fumbles	Misc. TD																													19	20	21	22	23	24	25	26	27	28	29	30	31	32	33	34	35																																																																																											19	19	19	19	19	19	19	19	19	19	19	19	19				20	20	20	20	20	20	20	20	20	20	20	20	20				21	21	21	21	21	21	21	21	21	21	21	21	21				22	22	22	22	22	22	22	22	22	22	22	22	22				23	23	23	23	23	23	23	23	23	23	23	23	23				24	24	24	24	24	24	24	24	24	24	24	24	24				25	25	25	25	25	25	25	25	25	25	25	25	25				26	26	26	26	26	26	26	26	26	26	26	26	26				27	27	27	27	27	27	27	27	27	27	27	27	27				28	28	28	28	28	28	28	28	28	28	28	28	28				29	29	29	29	29	29	29	29	29	29	29	29	29				30	30	30	30	30	30	30	30	30	30	30	30	30				31	31	31	31	31	31	31	31	31	31	31	31	31				32	32	32	32	32	32	32	32	32	32	32	32	32				33	33	33	33	33	33	33	33	33	33	33	33	33				34	34	34	34	34	34	34	34	34	34	34	34	34				35	35	35	35	35	35	35	35	35	35	35	35	35																																																			Week 2 2026	Week 3 2026	Week 4 2026	Week 5 2026	Week 6 2026	
					Consolidated	Consolidated	Consolidated	Consolidated	Consolidated	Consolidated	Consolidated	Consolidated	Consolidated	Consolidated	Consolidated	Consolidated	Consolidated	Consolidated	Consolidated	Consolidated	Consolidated	Consolidated	Consolidated	Consolidated	Consolidated	Consolidated	Consolidated	Consolidated	Consolidated	Consolidated	Consolidated	Consolidated	Consolidated	Consolidated	Consolidated	Consolidated			Consolidated	Consolidated	Consolidated	Consolidated	Consolidated	Consolidated	Consolidated	Consolidated	Consolidated	Consolidated	Consolidated	Consolidated		Week 1 2026	Week 2 2026	Week 3 2026	Week 4 2026	Week 5 2026	Week 6 2026	Week 7 2026	Week 8 2026	Week 9 2026	Week 10 2026	Week 11 2026	Week 12 2026	Week 13 2026	Week 14 2026	Week 15 2026	Week 16 2026	Week 17 2026		Week 1 2026	Week 2 2026	Week 3 2026	Week 4 2026	Week 5 2026	Week 6 2026	Week 7 2026	Week 8 2026	Week 9 2026	Week 10 2026	Week 11 2026	Week 12 2026	Week 13 2026	Week 14 2026	Week 15 2026	Week 16 2026	Week 17 2026		Rest of Season	Rest of Season	Rest of Season	Rest of Season	Rest of Season	Rest of Season	Rest of Season	Rest of Season	Rest of Season	Rest of Season	Rest of Season	Rest of Season	Rest of Season	Rest of Season	Rest of Season	Rest of Season	Rest of Season	Rest of Season		Rest of Season	Rest of Season	Rest of Season	Rest of Season	Rest of Season	Rest of Season	Rest of Season	Rest of Season	Rest of Season	Rest of Season	Rest of Season	Rest of Season	Rest of Season		YTD	YTD	YTD	YTD	YTD	YTD	YTD	YTD	YTD	YTD	YTD	YTD	YTD	YTD	YTD	YTD	YTD	YTD		YTD	YTD	YTD	YTD	YTD	YTD	YTD	YTD	YTD	YTD	YTD	YTD	YTD						Week 1	Week 1 2026	Week 1 2026	Week 1 2026	Week 1 2026	Week 1 2026	Week 1 2026	Week 1 2026	Week 1 2026	Week 1 2026	Week 1 2026	Week 1 2026	Week 1 2026	Week 1 2026			Week 2	Week 2 2026	Week 2 2026	Week 2 2026	Week 2 2026	Week 2 2026	Week 2 2026	Week 2 2026	Week 2 2026	Week 2 2026	Week 2 2026	Week 2 2026	Week 2 2026	Week 2 2026			Week 3	Week 3 2026	Week 3 2026	Week 3 2026	Week 3 2026	Week 3 2026	Week 3 2026	Week 3 2026	Week 3 2026	Week 3 2026	Week 3 2026	Week 3 2026	Week 3 2026	Week 3 2026			Week 4	Week 4 2026	Week 4 2026	Week 4 2026	Week 4 2026	Week 4 2026	Week 4 2026	Week 4 2026	Week 4 2026	Week 4 2026	Week 4 2026	Week 4 2026	Week 4 2026	Week 4 2026			Week 5	Week 5 2026	Week 5 2026	Week 5 2026	Week 5 2026	Week 5 2026	Week 5 2026	Week 5 2026	Week 5 2026	Week 5 2026	Week 5 2026	Week 5 2026	Week 5 2026	Week 5 2026			Week 6	Week 6 2026	Week 6 2026	Week 6 2026	Week 6 2026	Week 6 2026	Week 6 2026	Week 6 2026	Week 6 2026	Week 6 2026	Week 6 2026	Week 6 2026	Week 6 2026	Week 6 2026			Week 7	Week 7 2026	Week 7 2026	Week 7 2026	Week 7 2026	Week 7 2026	Week 7 2026	Week 7 2026	Week 7 2026	Week 7 2026	Week 7 2026	Week 7 2026	Week 7 2026	Week 7 2026			Week 8	Week 8 2026	Week 8 2026	Week 8 2026	Week 8 2026	Week 8 2026	Week 8 2026	Week 8 2026	Week 8 2026	Week 8 2026	Week 8 2026	Week 8 2026	Week 8 2026	Week 8 2026			Week 9	Week 9 2026	Week 9 2026	Week 9 2026	Week 9 2026	Week 9 2026	Week 9 2026	Week 9 2026	Week 9 2026	Week 9 2026	Week 9 2026	Week 9 2026	Week 9 2026	Week 9 2026			Week 10	Week 10 2026	Week 10 2026	Week 10 2026	Week 10 2026	Week 10 2026	Week 10 2026	Week 10 2026	Week 10 2026	Week 10 2026	Week 10 2026	Week 10 2026	Week 10 2026	Week 10 2026			Week 11	Week 11 2026	Week 11 2026	Week 11 2026	Week 11 2026	Week 11 2026	Week 11 2026	Week 11 2026	Week 11 2026	Week 11 2026	Week 11 2026	Week 11 2026	Week 11 2026	Week 11 2026			Week 12	Week 12 2026	Week 12 2026	Week 12 2026	Week 12 2026	Week 12 2026	Week 12 2026	Week 12 2026	Week 12 2026	Week 12 2026	Week 12 2026	Week 12 2026	Week 12 2026	Week 12 2026			Week 13	Week 13 2026	Week 13 2026	Week 13 2026	Week 13 2026	Week 13 2026	Week 13 2026	Week 13 2026	Week 13 2026	Week 13 2026	Week 13 2026	Week 13 2026	Week 13 2026	Week 13 2026			Week 14	Week 14 2026	Week 14 2026	Week 14 2026	Week 14 2026	Week 14 2026	Week 14 2026	Week 14 2026	Week 14 2026	Week 14 2026	Week 14 2026	Week 14 2026	Week 14 2026	Week 14 2026			Week 15	Week 15 2026	Week 15 2026	Week 15 2026	Week 15 2026	Week 15 2026	Week 15 2026	Week 15 2026	Week 15 2026	Week 15 2026	Week 15 2026	Week 15 2026	Week 15 2026	Week 15 2026			Week 16	Week 16 2026	Week 16 2026	Week 16 2026	Week 16 2026	Week 16 2026	Week 16 2026	Week 16 2026	Week 16 2026	Week 16 2026	Week 16 2026	Week 16 2026	Week 16 2026	Week 16 2026			Week 17	Week 17 2026	Week 17 2026	Week 17 2026	Week 17 2026	Week 17 2026	Week 17 2026	Week 17 2026	Week 17 2026	Week 17 2026	Week 17 2026	Week 17 2026	Week 17 2026	Week 17 2026		Week 1 2026	Week 2 2026	Week 3 2026	Week 4 2026	Week 5 2026	Week 6 2026	Week 7 2026	Week 8 2026	Week 9 2026	Week 10 2026	Week 11 2026	Week 12 2026	Week 13 2026	Week 14 2026	Week 15 2026	Week 16 2026	Week 17 2026		Week 1 2026	Week 2 2026	Week 3 2026	Week 4 2026	Week 5 2026	Week 6 2026	Week 7 2026	Week 8 2026	Week 9 2026	Week 10 2026	Week 11 2026	Week 12 2026	Week 13 2026	Week 14 2026	Week 15 2026	Week 16 2026	Week 17 2026															20 	21 	22 	23 	24 	
	Player	Team	Position	Consolidated Rank	Cons PPG	Season	Pass Yds	Cons Pass YPG	Cons Pass TDs	Cons Pass TDs per Game	Rush Yds	Cons Rush YPG	Cons Rush TDs	Cons Rush TDs per Game	Receptions	Cons Rec PG	Cons Rec Yards	Cons Rec YPG	Cons Rec TD	Cons Rec TDs per Game	Interceptions	Fumbles	Misc. TD	EPS	Pos_Scarcity	Adj_Pos_Scar	z_Score	Pos_Value	PPG Index	Cons Overall Rank	Overall ADP	Delta to ADP	Pos. Rank Pts	Pos. ADP	Delta to Pos. ADP	Cons G-RANK			QB Ranks	Season	Rank	RB Ranks	Season	Rank	WR Ranks	Season	Rank	TE Ranks	Season	Rank		Week 1 2026 Pts	Week 2 2026 Pts	Week 3 2026 Pts	Week 4 2026 Pts	Week 5 2026 Pts	Week 6 2026 Pts	Week 7 2026 Pts	Week 8 2026 Pts	Week 9 2026 Pts	Week 10 2026 Pts	Week 11 2026 Pts	Week 12 2026 Pts	Week 13 2026 Pts	Week 14 2026 Pts	Week 15 2026 Pts	Week 16 2026 Pts	Week 17 2026 Pts		Week 1 2026 Rank	Week 2 2026 Rank	Week 3 2026 Rank	Week 4 2026 Rank	Week 5 2026 Rank	Week 6 2026 Rank	Week 7 2026 Rank	Week 8 2026 Rank	Week 9 2026 Rank	Week 10 2026 Rank	Week 11 2026 Rank	Week 12 2026 Rank	Week 13 2026 Rank	Week 14 2026 Rank	Week 15 2026 Rank	Week 16 2026 Rank	Week 17 2026 Rank		RoS Rank	RoS PPG	RoS Pass YPG	RoS Pass TDs per Game	RoS Rush YPG	RoS Rush TDs	RoS Rec PG	RoS Rec YPG	RoS Rec TD	Pos. Rank Pts	EPS	Pos_Scarcity	Adj_Pos_Scar	z_Score	Pos_Value	PPG Index	RoS Overall Rank	RoS G-RANK		Total Points	QB Ranks	Season	Rank	RB Ranks	Season	Rank	WR Ranks	Season	Rank	TE Ranks	Season	Rank		YTD Rank	YTD PPG	YTD Pass YPG	YTD Pass TDs per Game	YTD Rush YPG	YTD Rush TDs	YTD Rec PG	YTD Rec YPG	YTD Rec TD	Pos Rank	EPS	Pos_Scarcity	Adj_Pos_Scar	z_Score	Pos_Value	Upside Index	YTD Overall Rank	YTD G-RANK		YTD Total Points	QB Ranks	Season	Rank	RB Ranks	Season	Rank	WR Ranks	Season	Rank	TE Ranks	Season	Rank					Week 1 2026 Team	Week 1 2026 Opp	Pass Yds	Pass TDs	Rush Yds	Rush TDs	Receptions	Rec Yards	Rec TD	Interceptions	Fumbles	Misc. TD	2Pt.	Fantasy Pts.	Rank		Week 2 2026 Team	Week 2 2026 Opp	Pass Yds	Pass TDs	Rush Yds	Rush TDs	Receptions	Rec Yards	Rec TD	Interceptions	Fumbles	Misc. TD	2Pt.	Fantasy Pts.	Rank		Week 3 2026 Team	Week 3 2026 Opp	Pass Yds	Pass TDs	Rush Yds	Rush TDs	Receptions	Rec Yards	Rec TD	Interceptions	Fumbles	Misc. TD	2Pt.	Fantasy Pts.	Rank		Week 4 2026 Team	Week 4 2026 Opp	Pass Yds	Pass TDs	Rush Yds	Rush TDs	Receptions	Rec Yards	Rec TD	Interceptions	Fumbles	Misc. TD	2Pt.	Fantasy Pts.	Rank		Week 5 2026 Team	Week 5 2026 Opp	Pass Yds	Pass TDs	Rush Yds	Rush TDs	Receptions	Rec Yards	Rec TD	Interceptions	Fumbles	Misc. TD	2Pt.	Fantasy Pts.	Rank		Week 6 2026 Team	Week 6 2026 Opp	Pass Yds	Pass TDs	Rush Yds	Rush TDs	Receptions	Rec Yards	Rec TD	Interceptions	Fumbles	Misc. TD	2Pt.	Fantasy Pts.	Rank		Week 7 2026 Team	Week 7 2026 Opp	Pass Yds	Pass TDs	Rush Yds	Rush TDs	Receptions	Rec Yards	Rec TD	Interceptions	Fumbles	Misc. TD	2Pt.	Fantasy Pts.	Rank		Week 8 2026 Team	Week 8 2026 Opp	Pass Yds	Pass TDs	Rush Yds	Rush TDs	Receptions	Rec Yards	Rec TD	Interceptions	Fumbles	Misc. TD	2Pt.	Fantasy Pts.	Rank		Week 9 2026 Team	Week 9 2026 Opp	Pass Yds	Pass TDs	Rush Yds	Rush TDs	Receptions	Rec Yards	Rec TD	Interceptions	Fumbles	Misc. TD	2Pt.	Fantasy Pts.	Rank		Week 10 2026 Team	Week 10 2026 Opp	Pass Yds	Pass TDs	Rush Yds	Rush TDs	Receptions	Rec Yards	Rec TD	Interceptions	Fumbles	Misc. TD	2Pt.	Fantasy Pts.	Rank		Week 11 2026 Team	Week 11 2026 Opp	Pass Yds	Pass TDs	Rush Yds	Rush TDs	Receptions	Rec Yards	Rec TD	Interceptions	Fumbles	Misc. TD	2Pt.	Fantasy Pts.	Rank		Week 12 2026 Team	Week 12 2026 Opp	Pass Yds	Pass TDs	Rush Yds	Rush TDs	Receptions	Rec Yards	Rec TD	Interceptions	Fumbles	Misc. TD	2Pt.	Fantasy Pts.	Rank		Week 13 2026 Team	Week 13 2026 Opp	Pass Yds	Pass TDs	Rush Yds	Rush TDs	Receptions	Rec Yards	Rec TD	Interceptions	Fumbles	Misc. TD	2Pt.	Fantasy Pts.	Rank		Week 14 2026 Team	Week 14 2026 Opp	Pass Yds	Pass TDs	Rush Yds	Rush TDs	Receptions	Rec Yards	Rec TD	Interceptions	Fumbles	Misc. TD	2Pt.	Fantasy Pts.	Rank		Week 15 2026 Team	Week 15 2026 Opp	Pass Yds	Pass TDs	Rush Yds	Rush TDs	Receptions	Rec Yards	Rec TD	Interceptions	Fumbles	Misc. TD	2Pt.	Fantasy Pts.	Rank		Week 16 2026 Team	Week 16 2026 Opp	Pass Yds	Pass TDs	Rush Yds	Rush TDs	Receptions	Rec Yards	Rec TD	Interceptions	Fumbles	Misc. TD	2Pt.	Fantasy Pts.	Rank		Week 17 2026 Team	Week 17 2026 Opp	Pass Yds	Pass TDs	Rush Yds	Rush TDs	Receptions	Rec Yards	Rec TD	Interceptions	Fumbles	Misc. TD	2Pt.	Fantasy Pts.	Rank		Week 1 2026 Type	Week 2 2026 Type	Week 3 2026 Type	Week 4 2026 Type	Week 5 2026 Type	Week 6 2026 Type	Week 7 2026 Type	Week 8 2026 Type	Week 9 2026 Type	Week 10 2026 Type	Week 11 2026 Type	Week 12 2026 Type	Week 13 2026 Type	Week 14 2026 Type	Week 15 2026 Type	Week 16 2026 Type	Week 17 2026 Type		Week 1 2026 Health	Week 2 2026 Health	Week 3 2026 Health	Week 4 2026 Health	Week 5 2026 Health	Week 6 2026 Health	Week 7 2026 Health	Week 8 2026 Health	Week 9 2026 Health	Week 10 2026 Health	Week 11 2026 Health	Week 12 2026 Health	Week 13 2026 Health	Week 14 2026 Health	Week 15 2026 Health	Week 16 2026 Health	Week 17 2026 Health		Active Week for Projections	Today		Hour		Proj. Receiving Yards Share	Proj. Receiving TD Share	Proj. Rush Yards Share	Proj. Rush TD Share	Proj. Pass Yards Share	Proj. Pass TD Share		YtD / RoS Delta (G-RANK)	2 Weeks Ago Injury?	1 Week Ago Injury?	This Week Injury?	Next Week Injury?	Following Week Injury?	Trade For / Trade Away
	Jahmyr Gibbs	Detroit Lions	RB	RB1	22.2 	355 	0 	0.0 	0.0 	0.0 	1,387 	86.7 	13.5 	0.8 	80.5 	5.0 	673 	42.0 	6.0 	0.4 	0.0 	4.3 	0.0 	0.963 	1.000 	0.990 	3 	1.000 	0.000 	1 	1 	0 	1 	1 	0 	0.990 			Josh Allen	0.711 	QB1	Jahmyr Gibbs	0.990 	RB1	Jaxon Smith-Njigba	0.979 	WR1	Brock Bowers	0.753 	TE1		31.1 	20.3 	37.9 	15.7 	22.4 	0.0 	20.6 	20.8 	21.7 	19.9 	21.2 	21.0 	20.4 	22.0 	19.5 	21.3 	19.1 		RB4	RB5	RB1	RB14	RB1	-	RB1	RB1	RB1	RB2	RB1	RB1	RB2	RB1	RB3	RB1	RB3		RB1	20.8 	0.0 	0.0 	86.2 	0.7 	4.9 	40.5 	0.3 	1 	0.974 	1.000 	0.990 	3 	1.000 	0.000 	1 	0.992 		250 	Josh Allen	0.711 	QB1	Jahmyr Gibbs	0.992 	RB1	Jaxon Smith-Njigba	0.978 	WR1	Brock Bowers	0.768 	TE1		RB1	26.3 	0.0 	0.0 	258.5 	2.1 	14.6 	121.4 	1.0 	1 	0.938 	1.000 	0.990 	3 	1.000 	0.000 	#N/A	0.986 		105.0 	Josh Allen	112 	QB1	Jahmyr Gibbs	105 	RB1	Jaxon Smith-Njigba	101 	WR1	Brock Bowers	40 	TE8					Detroit Lions	New Orleans Saints	0 	0.0 	156 	2.0 	5.0 	30 	0.0 	0.0 	1.0 	0.0 	0.0 	31.1 	RB4		Detroit Lions	Buffalo Bills	0 	0.0 	52 	0.0 	6.0 	61 	1.0 	0.0 	0.0 	0.0 	0.0 	20.3 	RB5		Detroit Lions	New York Jets	0 	0.0 	99 	2.0 	7.0 	65 	1.0 	0.0 	0.0 	0.0 	0.0 	37.9 	RB1		Detroit Lions	Carolina Panthers	0 	0.0 	46 	1.0 	4.0 	31 	0.0 	0.0 	0.0 	0.0 	0.0 	15.7 	RB14		Detroit Lions	Arizona Cardinals	0 	0.0 	92 	0.8 	5.1 	42 	0.4 	0.0 	0.3 	0.0 	0.0 	22.4 	RB1		Detroit Lions	BYE	0 	0.0 	0 	0.0 	0.0 	0 	0.0 	0.0 	0.0 	0.0 	0.0 	0.0 	-		Detroit Lions	Green Bay Packers	0 	0.0 	84 	0.7 	4.9 	41 	0.3 	0.0 	0.3 	0.0 	0.0 	20.6 	RB1		Detroit Lions	Minnesota Vikings	0 	0.0 	87 	0.7 	4.8 	40 	0.3 	0.0 	0.3 	0.0 	0.0 	20.8 	RB1		Detroit Lions	Miami Dolphins	0 	0.0 	93 	0.8 	4.8 	40 	0.3 	0.0 	0.3 	0.0 	0.0 	21.7 	RB1		Detroit Lions	New England Patriots	0 	0.0 	82 	0.7 	4.8 	40 	0.3 	0.0 	0.3 	0.0 	0.0 	19.9 	RB2		Detroit Lions	Tampa Bay Buccaneers	0 	0.0 	89 	0.7 	4.9 	40 	0.3 	0.0 	0.3 	0.0 	0.0 	21.2 	RB1		Detroit Lions	Chicago Bears	0 	0.0 	85 	0.7 	5.0 	42 	0.4 	0.0 	0.3 	0.0 	0.0 	21.0 	RB1		Detroit Lions	Atlanta Falcons	0 	0.0 	83 	0.7 	4.9 	41 	0.3 	0.0 	0.2 	0.0 	0.0 	20.4 	RB2		Detroit Lions	Tennessee Titans	0 	0.0 	94 	0.8 	4.8 	40 	0.3 	0.0 	0.2 	0.0 	0.0 	22.0 	RB1		Detroit Lions	Minnesota Vikings	0 	0.0 	80 	0.6 	4.8 	39 	0.3 	0.0 	0.2 	0.0 	0.0 	19.5 	RB3		Detroit Lions	New York Giants	0 	0.0 	89 	0.7 	4.9 	40 	0.3 	0.0 	0.2 	0.0 	0.0 	21.3 	RB1		Detroit Lions	Chicago Bears	0 	0.0 	76 	0.6 	4.9 	40 	0.3 	0.0 	0.2 	0.0 	0.0 	19.1 	RB3		Actual	Actual	Actual	Actual	Forecast	Forecast	Forecast	Forecast	Forecast	Forecast	Forecast	Forecast	Forecast	Forecast	Forecast	Forecast	Forecast		Healthy	Healthy	Healthy	Healthy	Healthy	Healthy	Healthy	Healthy	Healthy	Healthy	Healthy	Healthy	Healthy	Healthy	Healthy	Healthy	Healthy		Week 5 2026	10/6/2026	7:50:59 PM	19		16%	18%	78%	76%	0%	0%		0.0 	0	0	0	0	0	0.005424 
	Jaxon Smith-Njigba	Seattle Seahawks	WR	WR1	20.4 	327 	14 	0.9 	0.0 	0.0 	13 	0.8 	0.1 	0.0 	116.4 	7.3 	1,731 	108.2 	15.6 	1.0 	0.0 	0.3 	0.0 	0.887 	1.000 	0.990 	3 	1.000 	0.000 	2 	7 	5 	1 	3 	2 	0.979 			Brock Purdy	0.538 	QB2	Bijan Robinson	0.960 	RB2	CeeDee Lamb	0.904 	WR2	Trey McBride	0.681 	TE2		22.2 	38.0 	30.4 	10.1 	19.0 	18.0 	18.9 	19.3 	19.8 	18.5 	0.0 	18.8 	19.5 	19.0 	17.9 	19.0 	18.4 		WR7	WR1	WR1	WR31	WR1	WR1	WR1	WR1	WR1	WR1	-	WR1	WR1	WR1	WR1	WR1	WR1		WR1	18.8 	0.0 	0.0 	1.1 	0.0 	7.0 	104.1 	0.8 	1 	0.882 	1.000 	0.990 	3 	1.000 	0.000 	2 	0.978 		226 	Brock Purdy	0.502 	QB5	Bijan Robinson	0.972 	RB2	CeeDee Lamb	0.888 	WR3	Trey McBride	0.732 	TE2		WR1	25.2 	0.0 	0.0 	3.4 	0.0 	21.1 	312.4 	2.4 	1 	0.899 	1.000 	0.990 	4 	1.000 	0.000 	#N/A	0.980 		100.7 	Brock Purdy	100 	QB2	Bijan Robinson	98 	RB3	CeeDee Lamb	94 	WR2	Trey McBride	53 	TE2					Seattle Seahawks	New England Patriots	0 	0.0 	0 	0.0 	8.0 	122 	1.0 	0.0 	0.0 	0.0 	0.0 	22.2 	WR7		Seattle Seahawks	Arizona Cardinals	0 	0.0 	0 	0.0 	9.0 	155 	3.0 	0.0 	0.0 	0.0 	0.0 	38.0 	WR1		Seattle Seahawks	Washington Commanders	14 	0.0 	0 	0.0 	10.0 	128 	2.0 	0.0 	0.0 	0.0 	0.0 	30.4 	WR1		Seattle Seahawks	Los Angeles Chargers	0 	0.0 	0 	0.0 	5.0 	76 	0.0 	0.0 	0.0 	0.0 	0.0 	10.1 	WR31		Seattle Seahawks	San Francisco 49ers	0 	0.0 	1 	0.0 	7.1 	105 	0.8 	0.0 	0.0 	0.0 	0.0 	19.0 	WR1		Seattle Seahawks	Denver Broncos	0 	0.0 	1 	0.0 	6.8 	101 	0.7 	0.0 	0.0 	0.0 	0.0 	18.0 	WR1		Seattle Seahawks	Kansas City Chiefs	0 	0.0 	1 	0.0 	7.1 	105 	0.8 	0.0 	0.0 	0.0 	0.0 	18.9 	WR1		Seattle Seahawks	Chicago Bears	0 	0.0 	1 	0.0 	7.1 	106 	0.8 	0.0 	0.0 	0.0 	0.0 	19.3 	WR1		Seattle Seahawks	Arizona Cardinals	0 	0.0 	1 	0.0 	7.2 	106 	0.9 	0.0 	0.0 	0.0 	0.0 	19.8 	WR1		Seattle Seahawks	Las Vegas Raiders	0 	0.0 	1 	0.0 	6.9 	102 	0.8 	0.0 	0.0 	0.0 	0.0 	18.5 	WR1		Seattle Seahawks	BYE	0 	0.0 	0 	0.0 	0.0 	0 	0.0 	0.0 	0.0 	0.0 	0.0 	0.0 	-		Seattle Seahawks	San Francisco 49ers	0 	0.0 	1 	0.0 	7.1 	105 	0.8 	0.0 	0.0 	0.0 	0.0 	18.8 	WR1		Seattle Seahawks	Dallas Cowboys	0 	0.0 	1 	0.0 	7.2 	106 	0.9 	0.0 	0.0 	0.0 	0.0 	19.5 	WR1		Seattle Seahawks	New York Giants	0 	0.0 	1 	0.0 	7.0 	104 	0.8 	0.0 	0.0 	0.0 	0.0 	19.0 	WR1		Seattle Seahawks	Philadelphia Eagles	0 	0.0 	1 	0.0 	6.9 	102 	0.7 	0.0 	0.0 	0.0 	0.0 	17.9 	WR1		Seattle Seahawks	Los Angeles Rams	0 	0.0 	1 	0.0 	7.1 	105 	0.8 	0.0 	0.0 	0.0 	0.0 	19.0 	WR1		Seattle Seahawks	Carolina Panthers	0 	0.0 	1 	0.0 	6.9 	102 	0.8 	0.0 	0.0 	0.0 	0.0 	18.4 	WR1		Actual	Actual	Actual	Actual	Forecast	Forecast	Forecast	Forecast	Forecast	Forecast	Forecast	Forecast	Forecast	Forecast	Forecast	Forecast	Forecast		Healthy	Healthy	Healthy	Healthy	Healthy	Healthy	Healthy	Healthy	Healthy	Healthy	Healthy	Healthy	Healthy	Healthy	Healthy	Healthy	Healthy		Week 5 2026	10/6/2026	7:50:59 PM	19		43%	46%	1%	1%	0%	0%		(0.0)	0	0	0	0	0	(0.002583)
	Bijan Robinson	Atlanta Falcons	RB	RB2	21.5 	343 	0 	0.0 	0.0 	0.0 	1,676 	104.7 	12.1 	0.8 	60.4 	3.8 	547 	34.2 	3.9 	0.2 	0.0 	2.7 	0.0 	0.932 	1.000 	0.979 	3 	0.950 	0.000 	3 	2 	(1)	2 	2 	0 	0.960 			Joe Burrow	0.516 	QB3	Kenneth Walker III	0.904 	RB3	Amon-Ra St. Brown	0.832 	WR3	George Kittle	0.562 	TE3		27.3 	9.6 	34.3 	27.2 	21.9 	21.3 	20.2 	19.9 	20.1 	19.7 	0.0 	19.2 	20.7 	19.5 	20.2 	20.8 	21.6 		RB7	RB22	RB2	RB5	RB2	RB2	RB2	RB2	RB2	RB3	-	RB3	RB1	RB2	RB1	RB2	RB1		RB2	20.4 	0.0 	0.0 	98.5 	0.7 	3.9 	35.5 	0.2 	2 	0.955 	1.000 	0.979 	2 	0.969 	0.000 	3 	0.972 		245 	Joe Burrow	0.583 	QB2	Kenneth Walker III	0.870 	RB4	Amon-Ra St. Brown	0.840 	WR5	George Kittle	0.544 	TE3		RB3	24.6 	0.0 	0.0 	295.5 	2.0 	11.6 	106.6 	0.7 	3 	0.879 	1.000 	0.968 	3 	0.913 	0.000 	#N/A	0.933 		98.4 	Joe Burrow	77 	QB10	Kenneth Walker III	104 	RB2	Amon-Ra St. Brown	76 	WR3	George Kittle	56 	TE1					Atlanta Falcons	Pittsburgh Steelers	0 	0.0 	83 	0.0 	8.0 	90 	1.0 	0.0 	0.0 	0.0 	0.0 	27.3 	RB7		Atlanta Falcons	Carolina Panthers	0 	0.0 	72 	0.0 	3.0 	9 	0.0 	0.0 	0.0 	0.0 	0.0 	9.6 	RB22		Atlanta Falcons	Green Bay Packers	0 	0.0 	194 	2.0 	2.0 	19 	0.0 	0.0 	0.0 	0.0 	0.0 	34.3 	RB2		Atlanta Falcons	New Orleans Saints	0 	0.0 	145 	2.0 	1.0 	2 	0.0 	0.0 	0.0 	0.0 	0.0 	27.2 	RB5		Atlanta Falcons	Baltimore Ravens	0 	0.0 	107 	0.8 	3.8 	35 	0.3 	0.0 	0.2 	0.0 	0.0 	21.9 	RB2		Atlanta Falcons	Chicago Bears	0 	0.0 	103 	0.7 	3.9 	36 	0.3 	0.0 	0.2 	0.0 	0.0 	21.3 	RB2		Atlanta Falcons	San Francisco 49ers	0 	0.0 	96 	0.7 	3.9 	36 	0.2 	0.0 	0.2 	0.0 	0.0 	20.2 	RB2		Atlanta Falcons	Tampa Bay Buccaneers	0 	0.0 	96 	0.6 	3.9 	36 	0.2 	0.0 	0.2 	0.0 	0.0 	19.9 	RB2		Atlanta Falcons	Cincinnati Bengals	0 	0.0 	94 	0.7 	4.0 	37 	0.3 	0.0 	0.2 	0.0 	0.0 	20.1 	RB2		Atlanta Falcons	Kansas City Chiefs	0 	0.0 	95 	0.6 	3.8 	35 	0.2 	0.0 	0.2 	0.0 	0.0 	19.7 	RB3		Atlanta Falcons	BYE	0 	0.0 	0 	0.0 	0.0 	0 	0.0 	0.0 	0.0 	0.0 	0.0 	0.0 	-		Atlanta Falcons	Minnesota Vikings	0 	0.0 	93 	0.6 	3.8 	35 	0.2 	0.0 	0.2 	0.0 	0.0 	19.2 	RB3		Atlanta Falcons	Detroit Lions	0 	0.0 	98 	0.7 	4.0 	37 	0.3 	0.0 	0.2 	0.0 	0.0 	20.7 	RB1		Atlanta Falcons	Cleveland Browns	0 	0.0 	97 	0.6 	3.7 	34 	0.2 	0.0 	0.2 	0.0 	0.0 	19.5 	RB2		Atlanta Falcons	Washington Commanders	0 	0.0 	96 	0.7 	3.9 	36 	0.2 	0.0 	0.2 	0.0 	0.0 	20.2 	RB1		Atlanta Falcons	Tampa Bay Buccaneers	0 	0.0 	101 	0.7 	3.8 	35 	0.2 	0.0 	0.2 	0.0 	0.0 	20.8 	RB2		Atlanta Falcons	New Orleans Saints	0 	0.0 	106 	0.8 	3.8 	35 	0.2 	0.0 	0.2 	0.0 	0.0 	21.6 	RB1		Actual	Actual	Actual	Actual	Forecast	Forecast	Forecast	Forecast	Forecast	Forecast	Forecast	Forecast	Forecast	Forecast	Forecast	Forecast	Forecast		Healthy	Healthy	Healthy	Healthy	Healthy	Healthy	Healthy	Healthy	Healthy	Healthy	Healthy	Healthy	Healthy	Healthy	Healthy	Healthy	Healthy		Week 5 2026	10/6/2026	7:50:59 PM	19		18%	19%	71%	67%	0%	0%		0.0 	0	0	0	0	0	0.038711 
	CeeDee Lamb	Dallas Cowboys	WR	WR2	18.5 	296 	0 	0.0 	0.0 	0.0 	(6)	(0.4)	0.0 	0.0 	117.3 	7.3 	1,638 	102.4 	12.2 	0.8 	0.0 	0.2 	0.0 	0.804 	1.000 	0.980 	3 	0.855 	0.000 	5 	12 	7 	2 	6 	4 	0.904 			Lamar Jackson	0.462 	QB6	Jonathan Taylor	0.886 	RB4	Ja'Marr Chase	0.808 	WR4	Sam LaPorta	0.486 	TE4		12.9 	31.3 	16.7 	32.8 	16.6 	17.2 	16.1 	16.9 	17.3 	17.3 	16.8 	16.8 	16.2 	0.0 	17.0 	17.4 	17.0 		WR18	WR3	WR12	WR2	WR4	WR2	WR4	WR3	WR3	WR3	WR2	WR3	WR3	-	WR3	WR3	WR3		WR3	16.9 	0.0 	0.0 	0.0 	0.0 	6.7 	95.0 	0.7 	3 	0.790 	1.000 	0.970 	2 	0.833 	0.000 	6 	0.888 		203 	Lamar Jackson	0.508 	QB4	Jonathan Taylor	0.926 	RB3	Ja'Marr Chase	0.914 	WR2	Sam LaPorta	0.486 	TE6		WR2	23.4 	0.0 	0.0 	0.0 	0.0 	20.1 	285.0 	2.0 	2 	0.837 	1.000 	0.980 	3 	0.905 	0.000 	#N/A	0.929 		93.7 	Lamar Jackson	79 	QB8	Jonathan Taylor	81 	RB5	Ja'Marr Chase	50 	WR12	Sam LaPorta	46 	TE4					Dallas Cowboys	New York Giants	0 	0.0 	0 	0.0 	5.0 	44 	1.0 	0.0 	0.0 	0.0 	0.0 	12.9 	WR18		Dallas Cowboys	Washington Commanders	0 	0.0 	0 	0.0 	8.0 	153 	2.0 	0.0 	0.0 	0.0 	0.0 	31.3 	WR3		Dallas Cowboys	Baltimore Ravens	0 	0.0 	0 	0.0 	7.0 	112 	0.0 	0.0 	0.0 	0.0 	1.0 	16.7 	WR12		Dallas Cowboys	Houston Texans	0 	0.0 	(6)	0.0 	17.0 	189 	1.0 	0.0 	0.0 	0.0 	0.0 	32.8 	WR2		Dallas Cowboys	Tampa Bay Buccaneers	0 	0.0 	0 	0.0 	6.5 	92 	0.7 	0.0 	0.0 	0.0 	0.0 	16.6 	WR4		Dallas Cowboys	Green Bay Packers	0 	0.0 	0 	0.0 	6.8 	96 	0.7 	0.0 	0.0 	0.0 	0.0 	17.2 	WR2		Dallas Cowboys	Philadelphia Eagles	0 	0.0 	0 	0.0 	6.5 	93 	0.6 	0.0 	0.0 	0.0 	0.0 	16.1 	WR4		Dallas Cowboys	Arizona Cardinals	0 	0.0 	0 	0.0 	6.6 	94 	0.7 	0.0 	0.0 	0.0 	0.0 	16.9 	WR3		Dallas Cowboys	Indianapolis Colts	0 	0.0 	0 	0.0 	6.8 	97 	0.7 	0.0 	0.0 	0.0 	0.0 	17.3 	WR3		Dallas Cowboys	San Francisco 49ers	0 	0.0 	0 	0.0 	6.8 	97 	0.7 	0.0 	0.0 	0.0 	0.0 	17.3 	WR3		Dallas Cowboys	Tennessee Titans	0 	0.0 	0 	0.0 	6.6 	94 	0.7 	0.0 	0.0 	0.0 	0.0 	16.8 	WR2		Dallas Cowboys	Philadelphia Eagles	0 	0.0 	0 	0.0 	6.7 	95 	0.7 	0.0 	0.0 	0.0 	0.0 	16.8 	WR3		Dallas Cowboys	Seattle Seahawks	0 	0.0 	0 	0.0 	6.6 	93 	0.6 	0.0 	0.0 	0.0 	0.0 	16.2 	WR3		Dallas Cowboys	BYE	0 	0.0 	0 	0.0 	0.0 	0 	0.0 	0.0 	0.0 	0.0 	0.0 	0.0 	-		Dallas Cowboys	Los Angeles Rams	0 	0.0 	0 	0.0 	6.8 	97 	0.7 	0.0 	0.0 	0.0 	0.0 	17.0 	WR3		Dallas Cowboys	Jacksonville Jaguars	0 	0.0 	0 	0.0 	6.9 	97 	0.7 	0.0 	0.0 	0.0 	0.0 	17.4 	WR3		Dallas Cowboys	New York Giants	0 	0.0 	0 	0.0 	6.7 	95 	0.7 	0.0 	0.0 	0.0 	0.0 	17.0 	WR3		Actual	Actual	Actual	Actual	Forecast	Forecast	Forecast	Forecast	Forecast	Forecast	Forecast	Forecast	Forecast	Forecast	Forecast	Forecast	Forecast		Healthy	Healthy	Healthy	Healthy	Healthy	Healthy	Healthy	Healthy	Healthy	Healthy	Healthy	Healthy	Healthy	Healthy	Healthy	Healthy	Healthy		Week 5 2026	10/6/2026	7:50:59 PM	19		37%	38%	0%	0%	0%	0%		(0.0)	0	0	0	0	0	(0.040662)
	Kenneth Walker III	Kansas City Chiefs	RB	RB3	19.9 	319 	0 	0.0 	0.0 	0.0 	1,655 	103.4 	11.9 	0.7 	51.8 	3.2 	387 	24.2 	3.8 	0.2 	0.0 	2.5 	0.0 	0.866 	1.000 	0.968 	2 	0.846 	0.000 	4 	16 	12 	3 	10 	7 	0.904 			Dak Prescott	0.481 	QB4	Derrick Henry	0.807 	RB5	Puka Nacua	0.791 	WR5	Tyler Warren	0.477 	TE5		32.6 	20.8 	20.3 	30.4 	0.0 	19.7 	16.4 	16.3 	19.7 	18.7 	20.8 	17.5 	16.1 	17.3 	17.9 	18.2 	16.7 		RB2	RB2	RB4	RB2	-	RB3	RB6	RB5	RB4	RB4	RB2	RB4	RB4	RB4	RB4	RB4	RB5		RB4	17.9 	0.0 	0.0 	93.2 	0.7 	3.3 	25.2 	0.2 	4 	0.838 	1.000 	0.957 	2 	0.783 	0.000 	7 	0.870 		215 	Dak Prescott	0.518 	QB3	Derrick Henry	0.780 	RB7	Puka Nacua	0.859 	WR4	Tyler Warren	0.532 	TE4		RB2	26.0 	0.0 	0.0 	279.5 	2.0 	10.0 	75.7 	0.5 	2 	0.930 	1.000 	0.979 	3 	0.988 	0.000 	#N/A	0.975 		104.1 	Dak Prescott	81 	QB7	Derrick Henry	87 	RB4	Puka Nacua	33 	WR36	Tyler Warren	37 	TE11					Kansas City Chiefs	Denver Broncos	0 	0.0 	173 	1.0 	3.0 	18 	1.0 	0.0 	0.0 	0.0 	0.0 	32.6 	RB2		Kansas City Chiefs	Indianapolis Colts	0 	0.0 	117 	0.0 	6.0 	61 	0.0 	0.0 	0.0 	0.0 	0.0 	20.8 	RB2		Kansas City Chiefs	Miami Dolphins	0 	0.0 	70 	1.0 	2.0 	3 	1.0 	0.0 	0.0 	0.0 	0.0 	20.3 	RB4		Kansas City Chiefs	Las Vegas Raiders	0 	0.0 	177 	2.0 	1.0 	2 	0.0 	0.0 	0.0 	0.0 	0.0 	30.4 	RB2		Kansas City Chiefs	BYE	0 	0.0 	0 	0.0 	0.0 	0 	0.0 	0.0 	0.0 	0.0 	0.0 	0.0 	-		Kansas City Chiefs	Los Angeles Chargers	0 	0.0 	104 	0.8 	3.3 	25 	0.2 	0.0 	0.2 	0.0 	0.0 	19.7 	RB3		Kansas City Chiefs	Seattle Seahawks	0 	0.0 	85 	0.6 	3.3 	25 	0.1 	0.0 	0.2 	0.0 	0.0 	16.4 	RB6		Kansas City Chiefs	Denver Broncos	0 	0.0 	85 	0.5 	3.3 	25 	0.1 	0.0 	0.2 	0.0 	0.0 	16.3 	RB5		Kansas City Chiefs	New York Jets	0 	0.0 	106 	0.8 	3.2 	24 	0.2 	0.0 	0.2 	0.0 	0.0 	19.7 	RB4		Kansas City Chiefs	Atlanta Falcons	0 	0.0 	98 	0.7 	3.3 	25 	0.2 	0.0 	0.2 	0.0 	0.0 	18.7 	RB4		Kansas City Chiefs	Arizona Cardinals	0 	0.0 	110 	0.8 	3.3 	25 	0.2 	0.0 	0.2 	0.0 	0.0 	20.8 	RB2		Kansas City Chiefs	Buffalo Bills	0 	0.0 	89 	0.6 	3.4 	26 	0.2 	0.0 	0.2 	0.0 	0.0 	17.5 	RB4		Kansas City Chiefs	Los Angeles Rams	0 	0.0 	82 	0.5 	3.4 	26 	0.1 	0.0 	0.2 	0.0 	0.0 	16.1 	RB4		Kansas City Chiefs	Cincinnati Bengals	0 	0.0 	88 	0.6 	3.4 	26 	0.2 	0.0 	0.2 	0.0 	0.0 	17.3 	RB4		Kansas City Chiefs	New England Patriots	0 	0.0 	93 	0.7 	3.3 	25 	0.2 	0.0 	0.2 	0.0 	0.0 	17.9 	RB4		Kansas City Chiefs	San Francisco 49ers	0 	0.0 	94 	0.7 	3.4 	26 	0.2 	0.0 	0.2 	0.0 	0.0 	18.2 	RB4		Kansas City Chiefs	Los Angeles Chargers	0 	0.0 	86 	0.6 	3.3 	25 	0.1 	0.0 	0.2 	0.0 	0.0 	16.7 	RB5		Actual	Actual	Actual	Actual	Forecast	Forecast	Forecast	Forecast	Forecast	Forecast	Forecast	Forecast	Forecast	Forecast	Forecast	Forecast	Forecast		Healthy	Healthy	Healthy	Healthy	Healthy	Healthy	Healthy	Healthy	Healthy	Healthy	Healthy	Healthy	Healthy	Healthy	Healthy	Healthy	Healthy		Week 5 2026	10/6/2026	7:50:59 PM	19		12%	10%	67%	65%	0%	0%		(0.1)	0	0	0	0	0	(0.105852)
	Jonathan Taylor	Indianapolis Colts	RB	RB4	19.6 	313 	0 	0.0 	0.0 	0.0 	1,475 	92.2 	17.7 	1.1 	46.5 	2.9 	369 	23.0 	1.2 	0.1 	0.0 	4.0 	0.0 	0.850 	1.000 	0.957 	2 	0.820 	0.000 	6 	6 	0 	4 	4 	0 	0.886 			Tyler Shough	0.475 	QB5	Kyren Williams	0.788 	RB6	Chris Olave	0.785 	WR6	Harold Fannin Jr.	0.469 	TE6		23.6 	27.2 	8.2 	22.2 	17.9 	21.6 	18.4 	18.2 	20.1 	22.4 	16.6 	20.4 	0.0 	16.8 	20.1 	20.1 	19.4 		RB8	RB1	RB28	RB9	RB3	RB1	RB3	RB3	RB3	RB1	RB4	RB2	-	RB5	RB2	RB3	RB2		RB3	19.3 	0.0 	0.0 	93.5 	1.0 	3.0 	25.0 	0.1 	3 	0.904 	1.000 	0.968 	2 	0.888 	0.000 	4 	0.926 		232 	Tyler Shough	0.480 	QB7	Kyren Williams	0.790 	RB6	Chris Olave	0.791 	WR6	Harold Fannin Jr.	0.495 	TE5		RB5	20.3 	0.0 	0.0 	280.6 	2.9 	9.1 	74.9 	0.3 	5 	0.725 	1.000 	0.946 	2 	0.686 	0.000 	#N/A	0.809 		81.2 	Tyler Shough	85 	QB5	Kyren Williams	79 	RB6	Chris Olave	73 	WR4	Harold Fannin Jr.	42 	TE7					Indianapolis Colts	Baltimore Ravens	0 	0.0 	98 	2.0 	3.0 	23 	0.0 	0.0 	1.0 	0.0 	0.0 	23.6 	RB8		Indianapolis Colts	Kansas City Chiefs	0 	0.0 	92 	2.0 	4.0 	40 	0.0 	0.0 	0.0 	0.0 	0.0 	27.2 	RB1		Indianapolis Colts	Houston Texans	0 	0.0 	68 	0.0 	2.0 	4 	0.0 	0.0 	0.0 	0.0 	0.0 	8.2 	RB28		Indianapolis Colts	Washington Commanders	0 	0.0 	95 	2.0 	1.0 	2 	0.0 	0.0 	0.0 	0.0 	0.0 	22.2 	RB9		Indianapolis Colts	Pittsburgh Steelers	0 	0.0 	88 	0.9 	2.9 	24 	0.1 	0.0 	0.2 	0.0 	0.0 	17.9 	RB3		Indianapolis Colts	Tennessee Titans	0 	0.0 	108 	1.1 	3.0 	24 	0.1 	0.0 	0.2 	0.0 	0.0 	21.6 	RB1		Indianapolis Colts	Minnesota Vikings	0 	0.0 	90 	0.9 	3.0 	25 	0.1 	0.0 	0.2 	0.0 	0.0 	18.4 	RB3		Indianapolis Colts	Jacksonville Jaguars	0 	0.0 	86 	0.9 	3.1 	25 	0.1 	0.0 	0.2 	0.0 	0.0 	18.2 	RB3		Indianapolis Colts	Dallas Cowboys	0 	0.0 	95 	1.0 	3.2 	26 	0.1 	0.0 	0.2 	0.0 	0.0 	20.1 	RB3		Indianapolis Colts	Miami Dolphins	0 	0.0 	110 	1.2 	3.0 	25 	0.1 	0.0 	0.2 	0.0 	0.0 	22.4 	RB1		Indianapolis Colts	Houston Texans	0 	0.0 	79 	0.8 	3.0 	25 	0.1 	0.0 	0.2 	0.0 	0.0 	16.6 	RB4		Indianapolis Colts	New York Giants	0 	0.0 	98 	1.1 	3.1 	25 	0.1 	0.0 	0.2 	0.0 	0.0 	20.4 	RB2		Indianapolis Colts	BYE	0 	0.0 	0 	0.0 	0.0 	0 	0.0 	0.0 	0.0 	0.0 	0.0 	0.0 	-		Indianapolis Colts	Philadelphia Eagles	0 	0.0 	80 	0.8 	3.1 	25 	0.1 	0.0 	0.2 	0.0 	0.0 	16.8 	RB5		Indianapolis Colts	Tennessee Titans	0 	0.0 	98 	1.0 	3.1 	25 	0.1 	0.0 	0.2 	0.0 	0.0 	20.1 	RB2		Indianapolis Colts	Cincinnati Bengals	0 	0.0 	95 	1.0 	3.2 	26 	0.1 	0.0 	0.2 	0.0 	0.0 	20.1 	RB3		Indianapolis Colts	Cleveland Browns	0 	0.0 	95 	1.0 	3.0 	24 	0.1 	0.0 	0.2 	0.0 	0.0 	19.4 	RB2		Actual	Actual	Actual	Actual	Forecast	Forecast	Forecast	Forecast	Forecast	Forecast	Forecast	Forecast	Forecast	Forecast	Forecast	Forecast	Forecast		Healthy	Healthy	Healthy	Healthy	Healthy	Healthy	Healthy	Healthy	Healthy	Healthy	Healthy	Healthy	Healthy	Healthy	Healthy	Healthy	Healthy		Week 5 2026	10/6/2026	7:50:59 PM	19		11%	8%	78%	79%	0%	0%		0.1 	0	0	0	0	0	0.117514 
	Amon-Ra St. Brown	Detroit Lions	WR	WR3	16.7 	267 	0 	0.0 	0.0 	0.0 	13 	0.8 	0.1 	0.0 	115.0 	7.2 	1,244 	77.8 	13.9 	0.9 	0.0 	0.2 	0.0 	0.725 	1.000 	0.970 	2 	0.716 	0.000 	7 	8 	1 	3 	4 	1 	0.832 			Jared Goff	0.439 	QB7	Christian McCaffrey	0.757 	RB7	Justin Jefferson	0.699 	WR7	Juwan Johnson	0.465 	TE7		23.7 	30.7 	9.9 	11.5 	16.9 	0.0 	16.2 	15.7 	15.7 	15.6 	16.0 	16.5 	16.0 	15.8 	15.3 	16.0 	15.6 		WR4	WR4	WR33	WR26	WR3	-	WR3	WR5	WR5	WR5	WR3	WR4	WR4	WR4	WR5	WR4	WR5		WR5	15.9 	0.0 	0.0 	1.1 	0.0 	7.0 	78.4 	0.7 	5 	0.746 	1.000 	0.950 	2 	0.752 	0.000 	9 	0.840 		191 	Jared Goff	0.425 	QB10	Christian McCaffrey	0.799 	RB5	Justin Jefferson	0.757 	WR7	Juwan Johnson	0.442 	TE8		WR3	19.0 	0.0 	0.0 	3.3 	0.0 	21.0 	235.3 	2.2 	3 	0.677 	1.000 	0.970 	2 	0.662 	0.000 	#N/A	0.803 		75.8 	Jared Goff	86 	QB4	Christian McCaffrey	66 	RB9	Justin Jefferson	38 	WR25	Juwan Johnson	50 	TE3					Detroit Lions	New Orleans Saints	0 	0.0 	0 	0.0 	10.0 	67 	2.0 	0.0 	0.0 	0.0 	0.0 	23.7 	WR4		Detroit Lions	Buffalo Bills	0 	0.0 	0 	0.0 	9.0 	142 	2.0 	0.0 	0.0 	0.0 	0.0 	30.7 	WR4		Detroit Lions	New York Jets	0 	0.0 	0 	0.0 	4.0 	19 	1.0 	0.0 	0.0 	0.0 	0.0 	9.9 	WR33		Detroit Lions	Carolina Panthers	0 	0.0 	0 	0.0 	8.0 	75 	0.0 	0.0 	0.0 	0.0 	0.0 	11.5 	WR26		Detroit Lions	Arizona Cardinals	0 	0.0 	1 	0.0 	7.3 	81 	0.8 	0.0 	0.0 	0.0 	0.0 	16.9 	WR3		Detroit Lions	BYE	0 	0.0 	0 	0.0 	0.0 	0 	0.0 	0.0 	0.0 	0.0 	0.0 	0.0 	-		Detroit Lions	Green Bay Packers	0 	0.0 	1 	0.0 	7.1 	80 	0.8 	0.0 	0.0 	0.0 	0.0 	16.2 	WR3		Detroit Lions	Minnesota Vikings	0 	0.0 	1 	0.0 	6.9 	77 	0.7 	0.0 	0.0 	0.0 	0.0 	15.7 	WR5		Detroit Lions	Miami Dolphins	0 	0.0 	1 	0.0 	6.9 	77 	0.7 	0.0 	0.0 	0.0 	0.0 	15.7 	WR5		Detroit Lions	New England Patriots	0 	0.0 	1 	0.0 	6.9 	78 	0.7 	0.0 	0.0 	0.0 	0.0 	15.6 	WR5		Detroit Lions	Tampa Bay Buccaneers	0 	0.0 	1 	0.0 	7.0 	78 	0.8 	0.0 	0.0 	0.0 	0.0 	16.0 	WR3		Detroit Lions	Chicago Bears	0 	0.0 	1 	0.0 	7.2 	81 	0.8 	0.0 	0.0 	0.0 	0.0 	16.5 	WR4		Detroit Lions	Atlanta Falcons	0 	0.0 	1 	0.0 	7.0 	79 	0.7 	0.0 	0.0 	0.0 	0.0 	16.0 	WR4		Detroit Lions	Tennessee Titans	0 	0.0 	1 	0.0 	6.9 	77 	0.7 	0.0 	0.0 	0.0 	0.0 	15.8 	WR4		Detroit Lions	Minnesota Vikings	0 	0.0 	1 	0.0 	6.8 	76 	0.7 	0.0 	0.0 	0.0 	0.0 	15.3 	WR5		Detroit Lions	New York Giants	0 	0.0 	1 	0.0 	7.0 	78 	0.8 	0.0 	0.0 	0.0 	0.0 	16.0 	WR4		Detroit Lions	Chicago Bears	0 	0.0 	1 	0.0 	7.0 	78 	0.7 	0.0 	0.0 	0.0 	0.0 	15.6 	WR5		Actual	Actual	Actual	Actual	Forecast	Forecast	Forecast	Forecast	Forecast	Forecast	Forecast	Forecast	Forecast	Forecast	Forecast	Forecast	Forecast		Healthy	Healthy	Healthy	Healthy	Healthy	Healthy	Healthy	Healthy	Healthy	Healthy	Healthy	Healthy	Healthy	Healthy	Healthy	Healthy	Healthy		Week 5 2026	10/6/2026	7:50:59 PM	19		31%	40%	1%	1%	0%	0%		0.0 	0	0	0	0	0	0.037079 
	Derrick Henry	Baltimore Ravens	RB	RB5	17.4 	278 	0 	0.0 	0.0 	0.0 	1,446 	90.4 	17.8 	1.1 	23.0 	1.4 	165 	10.3 	0.6 	0.0 	0.0 	2.2 	0.0 	0.755 	1.000 	0.946 	2 	0.669 	0.000 	9 	17 	8 	5 	11 	6 	0.807 			Bryce Young	0.419 	QB8	Ashton Jeanty	0.736 	RB8	Nico Collins	0.696 	WR8	Travis Kelce	0.436 	TE8		34.8 	16.2 	21.4 	14.9 	13.2 	14.5 	16.9 	15.3 	17.2 	16.1 	16.6 	14.4 	0.0 	17.7 	15.7 	17.9 	15.3 		RB1	RB7	RB3	RB17	RB12	RB9	RB5	RB8	RB6	RB7	RB5	RB11	-	RB3	RB6	RB5	RB10		RB7	15.9 	0.0 	0.0 	89.3 	0.9 	1.3 	10.1 	0.0 	7 	0.745 	1.000 	0.923 	2 	0.632 	0.000 	13 	0.780 		191 	Bryce Young	0.315 	QB22	Ashton Jeanty	0.766 	RB8	Nico Collins	0.704 	WR8	Travis Kelce	0.428 	TE9		RB4	21.8 	0.0 	0.0 	268.0 	2.7 	4.0 	30.3 	0.1 	4 	0.780 	1.000 	0.957 	2 	0.767 	0.000 	#N/A	0.854 		87.3 	Bryce Young	91 	QB3	Ashton Jeanty	64 	RB10	Nico Collins	45 	WR17	Travis Kelce	45 	TE5					Baltimore Ravens	Indianapolis Colts	0 	0.0 	144 	3.0 	1.0 	19 	0.0 	0.0 	0.0 	0.0 	0.0 	34.8 	RB1		Baltimore Ravens	New Orleans Saints	0 	0.0 	68 	1.0 	3.0 	19 	0.0 	0.0 	0.0 	0.0 	0.0 	16.2 	RB7		Baltimore Ravens	Dallas Cowboys	0 	0.0 	89 	2.0 	1.0 	0 	0.0 	0.0 	0.0 	0.0 	0.0 	21.4 	RB3		Baltimore Ravens	Tennessee Titans	0 	0.0 	73 	1.0 	2.0 	6 	0.0 	0.0 	0.0 	0.0 	0.0 	14.9 	RB17		Baltimore Ravens	Atlanta Falcons	0 	0.0 	76 	0.7 	1.3 	10 	0.0 	0.0 	0.2 	0.0 	0.0 	13.2 	RB12		Baltimore Ravens	Cleveland Browns	0 	0.0 	84 	0.8 	1.3 	10 	0.0 	0.0 	0.2 	0.0 	0.0 	14.5 	RB9		Baltimore Ravens	Cincinnati Bengals	0 	0.0 	93 	1.0 	1.4 	11 	0.1 	0.0 	0.2 	0.0 	0.0 	16.9 	RB5		Baltimore Ravens	Buffalo Bills	0 	0.0 	85 	0.9 	1.4 	10 	0.1 	0.0 	0.2 	0.0 	0.0 	15.3 	RB8		Baltimore Ravens	Jacksonville Jaguars	0 	0.0 	95 	1.0 	1.4 	10 	0.1 	0.0 	0.2 	0.0 	0.0 	17.2 	RB6		Baltimore Ravens	Los Angeles Chargers	0 	0.0 	90 	0.9 	1.4 	10 	0.1 	0.0 	0.2 	0.0 	0.0 	16.1 	RB7		Baltimore Ravens	Carolina Panthers	0 	0.0 	93 	0.9 	1.3 	10 	0.0 	0.0 	0.2 	0.0 	0.0 	16.6 	RB5		Baltimore Ravens	Houston Texans	0 	0.0 	82 	0.8 	1.3 	10 	0.0 	0.0 	0.2 	0.0 	0.0 	14.4 	RB11		Baltimore Ravens	BYE	0 	0.0 	0 	0.0 	0.0 	0 	0.0 	0.0 	0.0 	0.0 	0.0 	0.0 	-		Baltimore Ravens	Tampa Bay Buccaneers	0 	0.0 	99 	1.0 	1.3 	10 	0.1 	0.0 	0.2 	0.0 	0.0 	17.7 	RB3		Baltimore Ravens	Pittsburgh Steelers	0 	0.0 	88 	0.9 	1.3 	10 	0.0 	0.0 	0.2 	0.0 	0.0 	15.7 	RB6		Baltimore Ravens	Cleveland Browns	0 	0.0 	101 	1.0 	1.3 	10 	0.0 	0.0 	0.2 	0.0 	0.0 	17.9 	RB5		Baltimore Ravens	Cincinnati Bengals	0 	0.0 	85 	0.9 	1.4 	10 	0.1 	0.0 	0.2 	0.0 	0.0 	15.3 	RB10		Actual	Actual	Actual	Actual	Forecast	Forecast	Forecast	Forecast	Forecast	Forecast	Forecast	Forecast	Forecast	Forecast	Forecast	Forecast	Forecast		Healthy	Healthy	Healthy	Healthy	Healthy	Healthy	Healthy	Healthy	Healthy	Healthy	Healthy	Healthy	Healthy	Healthy	Healthy	Healthy	Healthy		Week 5 2026	10/6/2026	7:50:59 PM	19		5%	4%	59%	65%	0%	0%		(0.1)	0	0	0	0	0	(0.074545)
	Ja'Marr Chase	Cincinnati Bengals	WR	WR4	16.2 	259 	0 	0.0 	0.0 	0.0 	0 	0.0 	0.0 	0.0 	114.1 	7.1 	1,264 	79.0 	12.6 	0.8 	0.0 	0.2 	0.0 	0.702 	1.000 	0.960 	2 	0.677 	0.000 	8 	3 	(5)	4 	1 	(3)	0.808 			Patrick Mahomes II	0.403 	QB9	Javonte Williams	0.729 	RB9	Zay Flowers	0.684 	WR9	Isaiah Likely	0.422 	TE9		2.2 	23.0 	20.3 	4.2 	15.6 	0.0 	17.5 	17.7 	17.8 	17.4 	18.0 	17.5 	16.9 	17.2 	17.2 	18.0 	18.0 		WR81	WR5	WR5	WR59	WR5	-	WR2	WR2	WR2	WR2	WR1	WR2	WR2	WR2	WR2	WR2	WR2		WR2	17.4 	0.0 	0.0 	0.0 	0.0 	7.8 	87.6 	0.8 	2 	0.815 	1.000 	0.980 	2 	0.878 	0.000 	5 	0.914 		209 	Patrick Mahomes II	0.368 	QB16	Javonte Williams	0.722 	RB10	Zay Flowers	0.662 	WR11	Isaiah Likely	0.424 	TE10		WR12	12.4 	0.0 	0.0 	0.0 	0.0 	23.3 	262.9 	2.4 	12 	0.444 	1.000 	0.880 	1 	0.308 	0.000 	#N/A	0.586 		49.7 	Patrick Mahomes II	84 	QB6	Javonte Williams	74 	RB7	Zay Flowers	58 	WR9	Isaiah Likely	42 	TE6					Cincinnati Bengals	Tampa Bay Buccaneers	0 	0.0 	0 	0.0 	2.0 	12 	0.0 	0.0 	0.0 	0.0 	0.0 	2.2 	WR81		Cincinnati Bengals	Houston Texans	0 	0.0 	0 	0.0 	7.0 	75 	2.0 	0.0 	0.0 	0.0 	0.0 	23.0 	WR5		Cincinnati Bengals	Pittsburgh Steelers	0 	0.0 	0 	0.0 	9.0 	98 	1.0 	0.0 	0.0 	0.0 	0.0 	20.3 	WR5		Cincinnati Bengals	Jacksonville Jaguars	0 	0.0 	0 	0.0 	3.0 	27 	0.0 	0.0 	0.0 	0.0 	0.0 	4.2 	WR59		Cincinnati Bengals	Miami Dolphins	0 	0.0 	0 	0.0 	7.0 	79 	0.7 	0.0 	0.0 	0.0 	0.0 	15.6 	WR5		Cincinnati Bengals	BYE	0 	0.0 	0 	0.0 	0.0 	0 	0.0 	0.0 	0.0 	0.0 	0.0 	0.0 	-		Cincinnati Bengals	Baltimore Ravens	0 	0.0 	0 	0.0 	7.9 	89 	0.8 	0.0 	0.0 	0.0 	0.0 	17.5 	WR2		Cincinnati Bengals	Tennessee Titans	0 	0.0 	0 	0.0 	7.8 	88 	0.8 	0.0 	0.0 	0.0 	0.0 	17.7 	WR2		Cincinnati Bengals	Atlanta Falcons	0 	0.0 	0 	0.0 	7.9 	89 	0.8 	0.0 	0.0 	0.0 	0.0 	17.8 	WR2		Cincinnati Bengals	Pittsburgh Steelers	0 	0.0 	0 	0.0 	7.8 	88 	0.8 	0.0 	0.0 	0.0 	0.0 	17.4 	WR2		Cincinnati Bengals	Washington Commanders	0 	0.0 	0 	0.0 	8.0 	90 	0.8 	0.0 	0.0 	0.0 	0.0 	18.0 	WR1		Cincinnati Bengals	New Orleans Saints	0 	0.0 	0 	0.0 	7.7 	87 	0.8 	0.0 	0.0 	0.0 	0.0 	17.5 	WR2		Cincinnati Bengals	Cleveland Browns	0 	0.0 	0 	0.0 	7.6 	86 	0.8 	0.0 	0.0 	0.0 	0.0 	16.9 	WR2		Cincinnati Bengals	Kansas City Chiefs	0 	0.0 	0 	0.0 	7.7 	87 	0.8 	0.0 	0.0 	0.0 	0.0 	17.2 	WR2		Cincinnati Bengals	Carolina Panthers	0 	0.0 	0 	0.0 	7.7 	87 	0.8 	0.0 	0.0 	0.0 	0.0 	17.2 	WR2		Cincinnati Bengals	Indianapolis Colts	0 	0.0 	0 	0.0 	8.0 	90 	0.8 	0.0 	0.0 	0.0 	0.0 	18.0 	WR2		Cincinnati Bengals	Baltimore Ravens	0 	0.0 	0 	0.0 	8.0 	90 	0.8 	0.0 	0.0 	0.0 	0.0 	18.0 	WR2		Actual	Actual	Actual	Actual	Forecast	Forecast	Forecast	Forecast	Forecast	Forecast	Forecast	Forecast	Forecast	Forecast	Forecast	Forecast	Forecast		Healthy	Healthy	Healthy	Healthy	Limited / Handicapped	Healthy	Healthy	Healthy	Healthy	Healthy	Healthy	Healthy	Healthy	Healthy	Healthy	Healthy	Healthy		Week 5 2026	10/6/2026	7:50:59 PM	19		33%	38%	0%	0%	0%	0%		0.3 	0	0	0	0	0	0.328511 
	Puka Nacua	Los Angeles Rams	WR	WR5	16.3 	228 	0 	0.0 	0.0 	0.0 	34 	2.4 	1.1 	0.1 	92.2 	6.6 	1,271 	90.8 	7.6 	0.5 	0.0 	0.2 	0.0 	0.620 	1.000 	0.940 	2 	0.688 	0.000 	10 	4 	(6)	6 	2 	(4)	0.791 			Jalen Hurts	0.390 	QB10	James Cook III	0.712 	RB10	Christian Watson	0.680 	WR10	Dalton Kincaid	0.404 	TE10		9.9 	0.0 	0.0 	23.2 	17.2 	16.8 	15.9 	16.3 	16.6 	16.2 	0.0 	16.1 	15.9 	16.3 	16.6 	15.6 	16.1 		WR27	-	-	WR4	WR2	WR3	WR5	WR4	WR4	WR4	-	WR5	WR5	WR3	WR4	WR5	WR4		WR4	16.3 	0.0 	0.0 	2.7 	0.0 	6.5 	89.3 	0.6 	4 	0.762 	1.000 	0.960 	2 	0.781 	0.000 	8 	0.859 		195 	Jalen Hurts	0.466 	QB8	James Cook III	0.744 	RB9	Christian Watson	0.626 	WR15	Dalton Kincaid	0.418 	TE11		WR37	16.6 	0.0 	0.0 	16.0 	0.1 	39.1 	535.8 	3.8 	37 	0.296 	1.000 	0.630 	0 	0.083 	0.000 	#N/A	0.361 		33.1 	Jalen Hurts	67 	QB12	James Cook III	64 	RB11	Christian Watson	67 	WR5	Dalton Kincaid	39 	TE10					Los Angeles Rams	San Francisco 49ers	0 	0.0 	0 	0.0 	5.0 	74 	0.0 	0.0 	0.0 	0.0 	0.0 	9.9 	WR27		Los Angeles Rams	New York Giants	0 	0.0 	0 	0.0 	0.0 	0 	0.0 	0.0 	0.0 	0.0 	0.0 	0.0 	-		Los Angeles Rams	Denver Broncos	0 	0.0 	0 	0.0 	0.0 	0 	0.0 	0.0 	0.0 	0.0 	0.0 	0.0 	-		Los Angeles Rams	Philadelphia Eagles	0 	0.0 	2 	1.0 	9.0 	125 	0.0 	0.0 	0.0 	0.0 	0.0 	23.2 	WR4		Los Angeles Rams	Buffalo Bills	0 	0.0 	3 	0.0 	6.8 	94 	0.7 	0.0 	0.0 	0.0 	0.0 	17.2 	WR2		Los Angeles Rams	Arizona Cardinals	0 	0.0 	3 	0.0 	6.6 	90 	0.7 	0.0 	0.0 	0.0 	0.0 	16.8 	WR3		Los Angeles Rams	Las Vegas Raiders	0 	0.0 	3 	0.0 	6.4 	87 	0.6 	0.0 	0.0 	0.0 	0.0 	15.9 	WR5		Los Angeles Rams	Los Angeles Chargers	0 	0.0 	2 	0.0 	6.6 	90 	0.6 	0.0 	0.0 	0.0 	0.0 	16.3 	WR4		Los Angeles Rams	Washington Commanders	0 	0.0 	3 	0.0 	6.6 	91 	0.7 	0.0 	0.0 	0.0 	0.0 	16.6 	WR4		Los Angeles Rams	Arizona Cardinals	0 	0.0 	3 	0.0 	6.4 	88 	0.6 	0.0 	0.0 	0.0 	0.0 	16.2 	WR4		Los Angeles Rams	BYE	0 	0.0 	0 	0.0 	0.0 	0 	0.0 	0.0 	0.0 	0.0 	0.0 	0.0 	-		Los Angeles Rams	Green Bay Packers	0 	0.0 	3 	0.0 	6.5 	89 	0.6 	0.0 	0.0 	0.0 	0.0 	16.1 	WR5		Los Angeles Rams	Kansas City Chiefs	0 	0.0 	3 	0.0 	6.4 	88 	0.6 	0.0 	0.0 	0.0 	0.0 	15.9 	WR5		Los Angeles Rams	San Francisco 49ers	0 	0.0 	2 	0.0 	6.6 	90 	0.6 	0.0 	0.0 	0.0 	0.0 	16.3 	WR3		Los Angeles Rams	Dallas Cowboys	0 	0.0 	3 	0.0 	6.6 	90 	0.7 	0.0 	0.0 	0.0 	0.0 	16.6 	WR4		Los Angeles Rams	Seattle Seahawks	0 	0.0 	2 	0.0 	6.4 	88 	0.6 	0.0 	0.0 	0.0 	0.0 	15.6 	WR5		Los Angeles Rams	Tampa Bay Buccaneers	0 	0.0 	3 	0.0 	6.5 	89 	0.6 	0.0 	0.0 	0.0 	0.0 	16.1 	WR4		Actual	Actual	Actual	Actual	Forecast	Forecast	Forecast	Forecast	Forecast	Forecast	Forecast	Forecast	Forecast	Forecast	Forecast	Forecast	Forecast		Healthy	Injured	Injured	Healthy	Healthy	Healthy	Healthy	Healthy	Healthy	Healthy	Healthy	Healthy	Healthy	Healthy	Healthy	Healthy	Healthy		Week 5 2026	10/6/2026	7:50:59 PM	19		38%	33%	2%	1%	0%	0%		0.5 	1	1	0	0	0	
	Kyren Williams	Los Angeles Rams	RB	RB6	17.0 	272 	0 	0.0 	0.0 	0.0 	1,173 	73.3 	10.1 	0.6 	58.4 	3.6 	483 	30.2 	3.8 	0.2 	0.0 	3.1 	0.0 	0.738 	1.000 	0.934 	2 	0.642 	0.000 	11 	26 	15 	6 	13 	7 	0.788 			Jordan Love	0.347 	QB12	Chase Brown	0.652 	RB11	Tee Higgins	0.667 	WR11	Tucker Kraft	0.375 	TE11		14.0 	14.7 	18.8 	31.7 	16.2 	18.1 	16.3 	15.2 	16.3 	17.3 	0.0 	15.8 	15.6 	15.2 	17.1 	13.9 	15.8 		RB16	RB8	RB9	RB1	RB5	RB5	RB7	RB10	RB7	RB5	-	RB5	RB5	RB7	RB5	RB12	RB8		RB6	16.1 	0.0 	0.0 	73.2 	0.6 	3.1 	25.9 	0.2 	6 	0.751 	1.000 	0.934 	2 	0.643 	0.000 	12 	0.790 		193 	Jordan Love	0.408 	QB12	Chase Brown	0.704 	RB11	Tee Higgins	0.676 	WR9	Tucker Kraft	0.448 	TE7		RB6	19.8 	0.0 	0.0 	219.7 	1.8 	9.3 	77.6 	0.7 	6 	0.707 	1.000 	0.934 	2 	0.660 	0.000 	#N/A	0.791 		79.2 	Jordan Love	65 	QB15	Chase Brown	48 	RB16	Tee Higgins	59 	WR8	Tucker Kraft	29 	TE21					Los Angeles Rams	San Francisco 49ers	0 	0.0 	41 	1.0 	3.0 	24 	0.0 	0.0 	0.0 	0.0 	0.0 	14.0 	RB16		Los Angeles Rams	New York Giants	0 	0.0 	85 	0.0 	2.0 	12 	1.0 	0.0 	1.0 	0.0 	0.0 	14.7 	RB8		Los Angeles Rams	Denver Broncos	0 	0.0 	88 	0.0 	6.0 	70 	0.0 	0.0 	0.0 	0.0 	0.0 	18.8 	RB9		Los Angeles Rams	Philadelphia Eagles	0 	0.0 	80 	2.0 	10.0 	67 	0.0 	0.0 	0.0 	0.0 	0.0 	31.7 	RB1		Los Angeles Rams	Buffalo Bills	0 	0.0 	71 	0.6 	3.3 	27 	0.2 	0.0 	0.2 	0.0 	0.0 	16.2 	RB5		Los Angeles Rams	Arizona Cardinals	0 	0.0 	84 	0.7 	3.1 	26 	0.3 	0.0 	0.2 	0.0 	0.0 	18.1 	RB5		Los Angeles Rams	Las Vegas Raiders	0 	0.0 	76 	0.6 	3.0 	25 	0.2 	0.0 	0.2 	0.0 	0.0 	16.3 	RB7		Los Angeles Rams	Los Angeles Chargers	0 	0.0 	69 	0.5 	3.1 	26 	0.2 	0.0 	0.2 	0.0 	0.0 	15.2 	RB10		Los Angeles Rams	Washington Commanders	0 	0.0 	74 	0.6 	3.2 	26 	0.2 	0.0 	0.2 	0.0 	0.0 	16.3 	RB7		Los Angeles Rams	Arizona Cardinals	0 	0.0 	81 	0.7 	3.1 	25 	0.2 	0.0 	0.2 	0.0 	0.0 	17.3 	RB5		Los Angeles Rams	BYE	0 	0.0 	0 	0.0 	0.0 	0 	0.0 	0.0 	0.0 	0.0 	0.0 	0.0 	-		Los Angeles Rams	Green Bay Packers	0 	0.0 	72 	0.6 	3.1 	26 	0.2 	0.0 	0.2 	0.0 	0.0 	15.8 	RB5		Los Angeles Rams	Kansas City Chiefs	0 	0.0 	71 	0.6 	3.1 	25 	0.2 	0.0 	0.2 	0.0 	0.0 	15.6 	RB5		Los Angeles Rams	San Francisco 49ers	0 	0.0 	69 	0.5 	3.1 	26 	0.2 	0.0 	0.2 	0.0 	0.0 	15.2 	RB7		Los Angeles Rams	Dallas Cowboys	0 	0.0 	78 	0.7 	3.1 	26 	0.2 	0.0 	0.2 	0.0 	0.0 	17.1 	RB5		Los Angeles Rams	Seattle Seahawks	0 	0.0 	62 	0.5 	3.1 	25 	0.2 	0.0 	0.2 	0.0 	0.0 	13.9 	RB12		Los Angeles Rams	Tampa Bay Buccaneers	0 	0.0 	72 	0.6 	3.1 	26 	0.2 	0.0 	0.2 	0.0 	0.0 	15.8 	RB8		Actual	Actual	Actual	Actual	Forecast	Forecast	Forecast	Forecast	Forecast	Forecast	Forecast	Forecast	Forecast	Forecast	Forecast	Forecast	Forecast		Healthy	Healthy	Healthy	Healthy	Healthy	Healthy	Healthy	Healthy	Healthy	Healthy	Healthy	Healthy	Healthy	Healthy	Healthy	Healthy	Healthy		Week 5 2026	10/6/2026	7:50:59 PM	19		11%	12%	55%	62%	0%	0%		(0.0)	0	0	0	0	0	(0.000194)
	Chris Olave	New Orleans Saints	WR	WR6	15.7 	251 	0 	0.0 	0.0 	0.0 	0 	0.0 	0.0 	0.0 	116.3 	7.3 	1,491 	93.2 	7.3 	0.5 	0.0 	0.2 	0.0 	0.681 	1.000 	0.950 	2 	0.639 	0.000 	12 	27 	15 	5 	11 	6 	0.785 			Trevor Lawrence	0.355 	QB11	Chuba Hubbard	0.636 	RB12	Tetairoa McMillan	0.629 	WR12	T.J. Hockenson	0.360 	TE12		23.2 	18.6 	15.2 	15.6 	15.2 	16.0 	15.0 	0.0 	14.6 	14.6 	14.6 	15.0 	14.5 	14.2 	14.7 	15.1 	14.6 		WR6	WR9	WR18	WR11	WR6	WR4	WR6	-	WR6	WR6	WR4	WR6	WR6	WR5	WR6	WR6	WR6		WR6	14.8 	0.0 	0.0 	0.0 	0.0 	6.8 	83.3 	0.5 	6 	0.695 	1.000 	0.940 	2 	0.659 	0.000 	11 	0.791 		178 	Trevor Lawrence	0.415 	QB11	Chuba Hubbard	0.568 	RB18	Tetairoa McMillan	0.595 	WR18	T.J. Hockenson	0.371 	TE12		WR4	18.2 	0.0 	0.0 	0.0 	0.0 	20.3 	249.9 	1.6 	4 	0.648 	1.000 	0.960 	2 	0.619 	0.000 	#N/A	0.777 		72.6 	Trevor Lawrence	65 	QB14	Chuba Hubbard	74 	RB8	Tetairoa McMillan	62 	WR7	T.J. Hockenson	37 	TE12					New Orleans Saints	Detroit Lions	0 	0.0 	0 	0.0 	10.0 	182 	0.0 	0.0 	0.0 	0.0 	0.0 	23.2 	WR6		New Orleans Saints	Baltimore Ravens	0 	0.0 	0 	0.0 	8.0 	86 	1.0 	0.0 	0.0 	0.0 	0.0 	18.6 	WR9		New Orleans Saints	Las Vegas Raiders	0 	0.0 	0 	0.0 	9.0 	107 	0.0 	0.0 	0.0 	0.0 	0.0 	15.2 	WR18		New Orleans Saints	Atlanta Falcons	0 	0.0 	0 	0.0 	8.0 	116 	0.0 	0.0 	0.0 	0.0 	0.0 	15.6 	WR11		New Orleans Saints	Minnesota Vikings	0 	0.0 	0 	0.0 	6.9 	85 	0.5 	0.0 	0.0 	0.0 	0.0 	15.2 	WR6		New Orleans Saints	New York Giants	0 	0.0 	0 	0.0 	7.2 	88 	0.6 	0.0 	0.0 	0.0 	0.0 	16.0 	WR4		New Orleans Saints	Pittsburgh Steelers	0 	0.0 	0 	0.0 	6.9 	85 	0.5 	0.0 	0.0 	0.0 	0.0 	15.0 	WR6		New Orleans Saints	BYE	0 	0.0 	0 	0.0 	0.0 	0 	0.0 	0.0 	0.0 	0.0 	0.0 	0.0 	-		New Orleans Saints	Cleveland Browns	0 	0.0 	0 	0.0 	6.6 	82 	0.5 	0.0 	0.0 	0.0 	0.0 	14.6 	WR6		New Orleans Saints	Carolina Panthers	0 	0.0 	0 	0.0 	6.6 	82 	0.5 	0.0 	0.0 	0.0 	0.0 	14.6 	WR6		New Orleans Saints	Chicago Bears	0 	0.0 	0 	0.0 	6.8 	83 	0.5 	0.0 	0.0 	0.0 	0.0 	14.6 	WR4		New Orleans Saints	Cincinnati Bengals	0 	0.0 	0 	0.0 	6.9 	85 	0.5 	0.0 	0.0 	0.0 	0.0 	15.0 	WR6		New Orleans Saints	Green Bay Packers	0 	0.0 	0 	0.0 	6.7 	82 	0.5 	0.0 	0.0 	0.0 	0.0 	14.5 	WR6		New Orleans Saints	Carolina Panthers	0 	0.0 	0 	0.0 	6.5 	81 	0.5 	0.0 	0.0 	0.0 	0.0 	14.2 	WR5		New Orleans Saints	Tampa Bay Buccaneers	0 	0.0 	0 	0.0 	6.7 	83 	0.5 	0.0 	0.0 	0.0 	0.0 	14.7 	WR6		New Orleans Saints	Arizona Cardinals	0 	0.0 	0 	0.0 	6.8 	83 	0.6 	0.0 	0.0 	0.0 	0.0 	15.1 	WR6		New Orleans Saints	Atlanta Falcons	0 	0.0 	0 	0.0 	6.7 	82 	0.5 	0.0 	0.0 	0.0 	0.0 	14.6 	WR6		Actual	Actual	Actual	Actual	Forecast	Forecast	Forecast	Forecast	Forecast	Forecast	Forecast	Forecast	Forecast	Forecast	Forecast	Forecast	Forecast		Healthy	Healthy	Healthy	Healthy	Healthy	Healthy	Healthy	Healthy	Healthy	Healthy	Healthy	Healthy	Healthy	Healthy	Healthy	Healthy	Healthy		Week 5 2026	10/6/2026	7:50:59 PM	19		33%	31%	0%	0%	0%	0%		0.0 	0	0	0	0	0	0.013999 
	Christian McCaffrey	San Francisco 49ers	RB	RB7	16.2 	260 	0 	0.0 	0.0 	0.0 	978 	61.1 	10.5 	0.7 	65.7 	4.1 	510 	31.8 	3.2 	0.2 	0.0 	2.0 	0.0 	0.705 	1.000 	0.923 	2 	0.590 	0.000 	13 	5 	(8)	7 	3 	(4)	0.757 			Caleb Williams	0.347 	QB13	D'Andre Swift	0.620 	RB13	Garrett Wilson	0.625 	WR13	Dallas Goedert	0.350 	TE13		11.3 	20.6 	19.6 	14.5 	14.9 	18.4 	17.0 	0.0 	18.1 	16.3 	16.3 	15.1 	16.4 	15.5 	15.1 	14.8 	15.8 		RB22	RB3	RB5	RB19	RB7	RB4	RB4	-	RB5	RB6	RB6	RB8	RB3	RB6	RB9	RB8	RB7		RB5	16.2 	0.0 	0.0 	63.4 	0.5 	4.1 	32.3 	0.3 	5 	0.756 	1.000 	0.946 	2 	0.650 	0.000 	10 	0.799 		194 	Caleb Williams	0.395 	QB13	D'Andre Swift	0.617 	RB15	Garrett Wilson	0.648 	WR13	Dallas Goedert	0.368 	TE13		RB9	16.5 	0.0 	0.0 	190.1 	1.6 	12.4 	96.9 	0.8 	9 	0.589 	1.000 	0.900 	1 	0.486 	0.000 	#N/A	0.688 		66.0 	Caleb Williams	46 	QB23	D'Andre Swift	59 	RB12	Garrett Wilson	51 	WR10	Dallas Goedert	23 	TE24					San Francisco 49ers	Los Angeles Rams	0 	0.0 	68 	0.0 	5.0 	20 	0.0 	0.0 	0.0 	0.0 	0.0 	11.3 	RB22		San Francisco 49ers	Miami Dolphins	0 	0.0 	23 	2.0 	4.0 	43 	0.0 	0.0 	0.0 	0.0 	0.0 	20.6 	RB3		San Francisco 49ers	Arizona Cardinals	0 	0.0 	75 	1.0 	4.0 	41 	0.0 	0.0 	0.0 	0.0 	0.0 	19.6 	RB5		San Francisco 49ers	Denver Broncos	0 	0.0 	52 	1.0 	3.0 	18 	0.0 	0.0 	0.0 	0.0 	0.0 	14.5 	RB19		San Francisco 49ers	Seattle Seahawks	0 	0.0 	58 	0.5 	4.1 	32 	0.2 	0.0 	0.2 	0.0 	0.0 	14.9 	RB7		San Francisco 49ers	Washington Commanders	0 	0.0 	74 	0.7 	4.2 	33 	0.3 	0.0 	0.2 	0.0 	0.0 	18.4 	RB4		San Francisco 49ers	Atlanta Falcons	0 	0.0 	68 	0.6 	4.1 	32 	0.3 	0.0 	0.2 	0.0 	0.0 	17.0 	RB4		San Francisco 49ers	BYE	0 	0.0 	0 	0.0 	0.0 	0 	0.0 	0.0 	0.0 	0.0 	0.0 	0.0 	-		San Francisco 49ers	Las Vegas Raiders	0 	0.0 	75 	0.7 	4.0 	32 	0.3 	0.0 	0.2 	0.0 	0.0 	18.1 	RB5		San Francisco 49ers	Dallas Cowboys	0 	0.0 	61 	0.5 	4.3 	34 	0.3 	0.0 	0.2 	0.0 	0.0 	16.3 	RB6		San Francisco 49ers	Minnesota Vikings	0 	0.0 	64 	0.5 	4.2 	33 	0.3 	0.0 	0.2 	0.0 	0.0 	16.3 	RB6		San Francisco 49ers	Seattle Seahawks	0 	0.0 	59 	0.5 	4.1 	32 	0.3 	0.0 	0.2 	0.0 	0.0 	15.1 	RB8		San Francisco 49ers	New York Giants	0 	0.0 	64 	0.6 	4.2 	33 	0.3 	0.0 	0.2 	0.0 	0.0 	16.4 	RB3		San Francisco 49ers	Los Angeles Rams	0 	0.0 	60 	0.5 	4.2 	33 	0.3 	0.0 	0.2 	0.0 	0.0 	15.5 	RB6		San Francisco 49ers	Los Angeles Chargers	0 	0.0 	59 	0.5 	4.1 	32 	0.3 	0.0 	0.2 	0.0 	0.0 	15.1 	RB9		San Francisco 49ers	Kansas City Chiefs	0 	0.0 	58 	0.5 	4.1 	32 	0.2 	0.0 	0.2 	0.0 	0.0 	14.8 	RB8		San Francisco 49ers	Philadelphia Eagles	0 	0.0 	62 	0.5 	4.1 	32 	0.3 	0.0 	0.2 	0.0 	0.0 	15.8 	RB7		Actual	Actual	Actual	Actual	Forecast	Forecast	Forecast	Forecast	Forecast	Forecast	Forecast	Forecast	Forecast	Forecast	Forecast	Forecast	Forecast		Healthy	Healthy	Healthy	Healthy	Healthy	Healthy	Healthy	Healthy	Healthy	Healthy	Healthy	Healthy	Healthy	Healthy	Healthy	Healthy	Healthy		Week 5 2026	10/6/2026	7:50:59 PM	19		14%	16%	52%	60%	0%	0%		0.1 	0	0	0	0	0	0.111516 
	Brock Bowers	Las Vegas Raiders	TE	TE1	14.7 	205 	0 	0.0 	0.0 	0.0 	0 	0.0 	0.0 	0.0 	91.0 	6.5 	1,102 	78.7 	8.3 	0.6 	0.0 	0.2 	0.0 	0.557 	0.560 	0.548 	2 	1.000 	0.000 	14 	22 	8 	2 	1 	(1)	0.753 			Jayden Daniels	0.335 	QB15	Bucky Irving	0.589 	RB15	Davante Adams	0.606 	WR15	Mike Gesicki	0.342 	TE14		0.0 	0.0 	22.6 	17.6 	14.1 	15.0 	14.2 	13.3 	14.0 	13.4 	13.3 	13.1 	0.0 	13.7 	13.2 	13.8 	13.8 		-	-	TE2	TE3	TE2	TE1	TE1	TE1	TE1	TE1	TE1	TE2	-	TE1	TE1	TE1	TE1		TE1	13.7 	0.0 	0.0 	0.0 	0.0 	6.3 	75.0 	0.5 	1 	0.643 	0.560 	0.554 	2 	1.000 	0.000 	14 	0.768 		165 	Jayden Daniels	0.492 	QB6	Bucky Irving	0.660 	RB12	Davante Adams	0.569 	WR20	Mike Gesicki	0.273 	TE20		TE8	20.1 	0.0 	0.0 	0.0 	0.0 	37.5 	450.2 	3.2 	8 	0.359 	0.560 	0.501 	1 	0.497 	0.000 	#N/A	0.478 		40.2 	Jayden Daniels	32 	QB31	Bucky Irving	41 	RB23	Davante Adams	62 	WR6	Mike Gesicki	39 	TE9					Las Vegas Raiders	Miami Dolphins	0 	0.0 	0 	0.0 	0.0 	0 	0.0 	0.0 	0.0 	0.0 	0.0 	0.0 	-		Las Vegas Raiders	Los Angeles Chargers	0 	0.0 	0 	0.0 	0.0 	0 	0.0 	0.0 	0.0 	0.0 	0.0 	0.0 	-		Las Vegas Raiders	New Orleans Saints	0 	0.0 	0 	0.0 	10.0 	116 	1.0 	0.0 	0.0 	0.0 	0.0 	22.6 	TE2		Las Vegas Raiders	Kansas City Chiefs	0 	0.0 	0 	0.0 	6.0 	86 	1.0 	0.0 	0.0 	0.0 	0.0 	17.6 	TE3		Las Vegas Raiders	New England Patriots	0 	0.0 	0 	0.0 	6.4 	76 	0.6 	0.0 	0.0 	0.0 	0.0 	14.1 	TE2		Las Vegas Raiders	Buffalo Bills	0 	0.0 	0 	0.0 	6.6 	80 	0.6 	0.0 	0.0 	0.0 	0.0 	15.0 	TE1		Las Vegas Raiders	Los Angeles Rams	0 	0.0 	0 	0.0 	6.5 	78 	0.5 	0.0 	0.0 	0.0 	0.0 	14.2 	TE1		Las Vegas Raiders	New York Jets	0 	0.0 	0 	0.0 	6.1 	73 	0.5 	0.0 	0.0 	0.0 	0.0 	13.3 	TE1		Las Vegas Raiders	San Francisco 49ers	0 	0.0 	0 	0.0 	6.4 	77 	0.5 	0.0 	0.0 	0.0 	0.0 	14.0 	TE1		Las Vegas Raiders	Seattle Seahawks	0 	0.0 	0 	0.0 	6.2 	74 	0.5 	0.0 	0.0 	0.0 	0.0 	13.4 	TE1		Las Vegas Raiders	Denver Broncos	0 	0.0 	0 	0.0 	6.2 	74 	0.5 	0.0 	0.0 	0.0 	0.0 	13.3 	TE1		Las Vegas Raiders	Cleveland Browns	0 	0.0 	0 	0.0 	6.0 	72 	0.5 	0.0 	0.0 	0.0 	0.0 	13.1 	TE2		Las Vegas Raiders	BYE	0 	0.0 	0 	0.0 	0.0 	0 	0.0 	0.0 	0.0 	0.0 	0.0 	0.0 	-		Las Vegas Raiders	Los Angeles Chargers	0 	0.0 	0 	0.0 	6.3 	75 	0.5 	0.0 	0.0 	0.0 	0.0 	13.7 	TE1		Las Vegas Raiders	Denver Broncos	0 	0.0 	0 	0.0 	6.1 	73 	0.5 	0.0 	0.0 	0.0 	0.0 	13.2 	TE1		Las Vegas Raiders	Tennessee Titans	0 	0.0 	0 	0.0 	6.2 	74 	0.6 	0.0 	0.0 	0.0 	0.0 	13.8 	TE1		Las Vegas Raiders	Arizona Cardinals	0 	0.0 	0 	0.0 	6.2 	74 	0.6 	0.0 	0.0 	0.0 	0.0 	13.8 	TE1		Actual	Actual	Actual	Actual	Forecast	Forecast	Forecast	Forecast	Forecast	Forecast	Forecast	Forecast	Forecast	Forecast	Forecast	Forecast	Forecast		Injured	Injured	Healthy	Healthy	Healthy	Healthy	Healthy	Healthy	Healthy	Healthy	Healthy	Healthy	Healthy	Healthy	Healthy	Healthy	Healthy		Week 5 2026	10/6/2026	7:50:59 PM	19		33%	35%	0%	0%	0%	0%		0.3 	1	0	0	0	0	
	Ashton Jeanty	Las Vegas Raiders	RB	RB8	15.8 	252 	0 	0.0 	0.0 	0.0 	1,058 	66.1 	5.0 	0.3 	74.3 	4.6 	574 	35.9 	4.5 	0.3 	0.0 	2.5 	0.0 	0.685 	1.000 	0.911 	2 	0.558 	0.000 	15 	18 	3 	8 	12 	4 	0.736 			Deshaun Watson	0.336 	QB14	Jaylen Warren	0.595 	RB14	DeVonta Smith	0.602 	WR16	Kenyon Sadiq	0.332 	TE15		29.7 	8.3 	10.8 	15.6 	16.2 	17.2 	15.0 	15.9 	14.8 	14.8 	14.0 	15.7 	0.0 	15.1 	15.2 	17.2 	17.2 		RB5	RB25	RB20	RB15	RB6	RB6	RB8	RB6	RB11	RB10	RB9	RB6	-	RB8	RB8	RB6	RB4		RB8	15.7 	0.0 	0.0 	66.2 	0.4 	4.6 	34.1 	0.2 	8 	0.733 	1.000 	0.911 	2 	0.614 	0.000 	15 	0.766 		188 	Deshaun Watson	0.381 	QB15	Jaylen Warren	0.610 	RB16	DeVonta Smith	0.653 	WR12	Kenyon Sadiq	0.315 	TE17		RB10	16.1 	0.0 	0.0 	198.6 	1.2 	13.8 	102.3 	0.6 	10 	0.575 	1.000 	0.888 	1 	0.465 	0.000 	#N/A	0.672 		64.4 	Deshaun Watson	67 	QB13	Jaylen Warren	50 	RB14	DeVonta Smith	39 	WR23	Kenyon Sadiq	33 	TE15					Las Vegas Raiders	Miami Dolphins	0 	0.0 	102 	0.0 	6.0 	45 	2.0 	0.0 	0.0 	0.0 	0.0 	29.7 	RB5		Las Vegas Raiders	Los Angeles Chargers	0 	0.0 	48 	0.0 	4.0 	15 	0.0 	0.0 	0.0 	0.0 	0.0 	8.3 	RB25		Las Vegas Raiders	New Orleans Saints	0 	0.0 	56 	0.0 	3.0 	37 	0.0 	0.0 	0.0 	0.0 	0.0 	10.8 	RB20		Las Vegas Raiders	Kansas City Chiefs	0 	0.0 	58 	0.0 	6.0 	68 	0.0 	0.0 	0.0 	0.0 	0.0 	15.6 	RB15		Las Vegas Raiders	New England Patriots	0 	0.0 	68 	0.4 	4.7 	35 	0.2 	0.0 	0.2 	0.0 	0.0 	16.2 	RB6		Las Vegas Raiders	Buffalo Bills	0 	0.0 	71 	0.5 	4.9 	36 	0.2 	0.0 	0.2 	0.0 	0.0 	17.2 	RB6		Las Vegas Raiders	Los Angeles Rams	0 	0.0 	60 	0.4 	4.8 	35 	0.2 	0.0 	0.2 	0.0 	0.0 	15.0 	RB8		Las Vegas Raiders	New York Jets	0 	0.0 	69 	0.4 	4.5 	33 	0.2 	0.0 	0.2 	0.0 	0.0 	15.9 	RB6		Las Vegas Raiders	San Francisco 49ers	0 	0.0 	59 	0.4 	4.7 	35 	0.2 	0.0 	0.2 	0.0 	0.0 	14.8 	RB11		Las Vegas Raiders	Seattle Seahawks	0 	0.0 	62 	0.4 	4.6 	34 	0.2 	0.0 	0.2 	0.0 	0.0 	14.8 	RB10		Las Vegas Raiders	Denver Broncos	0 	0.0 	57 	0.3 	4.6 	34 	0.2 	0.0 	0.2 	0.0 	0.0 	14.0 	RB9		Las Vegas Raiders	Cleveland Browns	0 	0.0 	69 	0.4 	4.4 	33 	0.2 	0.0 	0.2 	0.0 	0.0 	15.7 	RB6		Las Vegas Raiders	BYE	0 	0.0 	0 	0.0 	0.0 	0 	0.0 	0.0 	0.0 	0.0 	0.0 	0.0 	-		Las Vegas Raiders	Los Angeles Chargers	0 	0.0 	62 	0.4 	4.6 	34 	0.2 	0.0 	0.2 	0.0 	0.0 	15.1 	RB8		Las Vegas Raiders	Denver Broncos	0 	0.0 	65 	0.4 	4.5 	33 	0.2 	0.0 	0.2 	0.0 	0.0 	15.2 	RB8		Las Vegas Raiders	Tennessee Titans	0 	0.0 	76 	0.5 	4.6 	34 	0.2 	0.0 	0.2 	0.0 	0.0 	17.2 	RB6		Las Vegas Raiders	Arizona Cardinals	0 	0.0 	76 	0.5 	4.6 	34 	0.2 	0.0 	0.2 	0.0 	0.0 	17.2 	RB4		Actual	Actual	Actual	Actual	Forecast	Forecast	Forecast	Forecast	Forecast	Forecast	Forecast	Forecast	Forecast	Forecast	Forecast	Forecast	Forecast		Healthy	Healthy	Healthy	Healthy	Healthy	Healthy	Healthy	Healthy	Healthy	Healthy	Healthy	Healthy	Healthy	Healthy	Healthy	Healthy	Healthy		Week 5 2026	10/6/2026	7:50:59 PM	19		15%	14%	67%	70%	0%	0%		0.1 	0	0	0	0	0	0.093739 
	Javonte Williams	Dallas Cowboys	RB	RB9	15.7 	252 	0 	0.0 	0.0 	0.0 	1,035 	64.7 	12.5 	0.8 	56.1 	3.5 	324 	20.2 	2.9 	0.2 	0.0 	2.4 	0.0 	0.683 	1.000 	0.900 	2 	0.555 	0.000 	16 	30 	14 	9 	15 	6 	0.729 			C.J. Stroud	0.320 	QB16	Breece Hall	0.584 	RB16	Drake London	0.616 	WR14	Michael Mayer	0.325 	TE16		21.7 	6.5 	17.3 	28.8 	16.6 	14.8 	13.1 	17.0 	15.0 	15.0 	16.0 	14.5 	12.5 	0.0 	12.6 	15.1 	15.4 		RB10	RB34	RB10	RB3	RB4	RB8	RB11	RB4	RB9	RB9	RB7	RB10	RB12	-	RB17	RB7	RB9		RB10	14.8 	0.0 	0.0 	67.0 	0.6 	3.4 	20.5 	0.2 	10 	0.692 	1.000 	0.888 	1 	0.548 	0.000 	19 	0.722 		177 	C.J. Stroud	0.307 	QB24	Breece Hall	0.640 	RB13	Drake London	0.668 	WR10	Michael Mayer	0.338 	TE15		RB7	18.6 	0.0 	0.0 	200.9 	1.9 	10.3 	61.6 	0.5 	7 	0.664 	1.000 	0.923 	2 	0.596 	0.000 	#N/A	0.753 		74.3 	C.J. Stroud	68 	QB11	Breece Hall	38 	RB25	Drake London	47 	WR15	Michael Mayer	33 	TE14					Dallas Cowboys	New York Giants	0 	0.0 	41 	1.0 	5.0 	31 	1.0 	0.0 	0.0 	0.0 	0.0 	21.7 	RB10		Dallas Cowboys	Washington Commanders	0 	0.0 	30 	0.0 	3.0 	20 	0.0 	0.0 	0.0 	0.0 	0.0 	6.5 	RB34		Dallas Cowboys	Baltimore Ravens	0 	0.0 	98 	1.0 	2.0 	5 	0.0 	0.0 	0.0 	0.0 	0.0 	17.3 	RB10		Dallas Cowboys	Houston Texans	0 	0.0 	62 	3.0 	5.0 	21 	0.0 	0.0 	0.0 	0.0 	0.0 	28.8 	RB3		Dallas Cowboys	Tampa Bay Buccaneers	0 	0.0 	79 	0.7 	3.3 	20 	0.2 	0.0 	0.2 	0.0 	0.0 	16.6 	RB4		Dallas Cowboys	Green Bay Packers	0 	0.0 	66 	0.6 	3.5 	21 	0.2 	0.0 	0.2 	0.0 	0.0 	14.8 	RB8		Dallas Cowboys	Philadelphia Eagles	0 	0.0 	59 	0.5 	3.3 	20 	0.1 	0.0 	0.2 	0.0 	0.0 	13.1 	RB11		Dallas Cowboys	Arizona Cardinals	0 	0.0 	80 	0.8 	3.4 	20 	0.2 	0.0 	0.2 	0.0 	0.0 	17.0 	RB4		Dallas Cowboys	Indianapolis Colts	0 	0.0 	67 	0.6 	3.5 	21 	0.2 	0.0 	0.2 	0.0 	0.0 	15.0 	RB9		Dallas Cowboys	San Francisco 49ers	0 	0.0 	67 	0.6 	3.5 	21 	0.2 	0.0 	0.2 	0.0 	0.0 	15.0 	RB9		Dallas Cowboys	Tennessee Titans	0 	0.0 	75 	0.7 	3.4 	20 	0.2 	0.0 	0.2 	0.0 	0.0 	16.0 	RB7		Dallas Cowboys	Philadelphia Eagles	0 	0.0 	65 	0.6 	3.4 	20 	0.2 	0.0 	0.2 	0.0 	0.0 	14.5 	RB10		Dallas Cowboys	Seattle Seahawks	0 	0.0 	55 	0.5 	3.4 	20 	0.1 	0.0 	0.2 	0.0 	0.0 	12.5 	RB12		Dallas Cowboys	BYE	0 	0.0 	0 	0.0 	0.0 	0 	0.0 	0.0 	0.0 	0.0 	0.0 	0.0 	-		Dallas Cowboys	Los Angeles Rams	0 	0.0 	53 	0.5 	3.5 	21 	0.2 	0.0 	0.2 	0.0 	0.0 	12.6 	RB17		Dallas Cowboys	Jacksonville Jaguars	0 	0.0 	67 	0.6 	3.5 	21 	0.2 	0.0 	0.2 	0.0 	0.0 	15.1 	RB7		Dallas Cowboys	New York Giants	0 	0.0 	70 	0.7 	3.4 	21 	0.2 	0.0 	0.2 	0.0 	0.0 	15.4 	RB9		Actual	Actual	Actual	Actual	Forecast	Forecast	Forecast	Forecast	Forecast	Forecast	Forecast	Forecast	Forecast	Forecast	Forecast	Forecast	Forecast		Healthy	Healthy	Healthy	Healthy	Healthy	Healthy	Healthy	Healthy	Healthy	Healthy	Healthy	Healthy	Healthy	Healthy	Healthy	Healthy	Healthy		Week 5 2026	10/6/2026	7:50:59 PM	19		8%	9%	64%	65%	0%	0%		(0.0)	0	0	0	0	0	(0.030693)
	James Cook III	Buffalo Bills	RB	RB10	15.4 	246 	0 	0.0 	0.0 	0.0 	1,529 	95.6 	9.8 	0.6 	30.5 	1.9 	183 	11.4 	1.3 	0.1 	0.0 	3.5 	0.0 	0.669 	1.000 	0.888 	1 	0.531 	0.000 	17 	9 	(8)	10 	5 	(5)	0.712 			Matthew Stafford	0.310 	QB17	Cam Skattebo	0.568 	RB17	Parker Washington	0.586 	WR17	Darren Waller	0.297 	TE17		8.4 	20.4 	19.4 	15.3 	14.5 	16.0 	0.0 	15.3 	14.9 	16.0 	17.3 	15.1 	13.8 	13.9 	15.5 	14.3 	16.2 		RB29	RB4	RB6	RB16	RB9	RB7	-	RB9	RB10	RB8	RB3	RB9	RB8	RB9	RB7	RB10	RB6		RB9	15.2 	0.0 	0.0 	92.4 	0.6 	2.0 	13.2 	0.1 	9 	0.713 	1.000 	0.900 	1 	0.581 	0.000 	17 	0.744 		183 	Matthew Stafford	0.387 	QB14	Cam Skattebo	0.628 	RB14	Parker Washington	0.633 	WR14	Darren Waller	0.301 	TE18		RB11	15.9 	0.0 	0.0 	277.1 	1.7 	6.1 	39.7 	0.3 	11 	0.567 	1.000 	0.876 	1 	0.453 	0.000 	#N/A	0.661 		63.5 	Matthew Stafford	62 	QB16	Cam Skattebo	40 	RB24	Parker Washington	43 	WR21	Darren Waller	33 	TE13					Buffalo Bills	Houston Texans	0 	0.0 	57 	0.0 	3.0 	12 	0.0 	0.0 	0.0 	0.0 	0.0 	8.4 	RB29		Buffalo Bills	Detroit Lions	0 	0.0 	135 	1.0 	1.0 	4 	0.0 	0.0 	0.0 	0.0 	0.0 	20.4 	RB4		Buffalo Bills	Los Angeles Chargers	0 	0.0 	154 	1.0 	0.0 	0 	0.0 	0.0 	1.0 	0.0 	0.0 	19.4 	RB6		Buffalo Bills	New England Patriots	0 	0.0 	75 	1.0 	2.0 	8 	0.0 	0.0 	0.0 	0.0 	0.0 	15.3 	RB16		Buffalo Bills	Los Angeles Rams	0 	0.0 	86 	0.5 	2.1 	14 	0.1 	0.0 	0.2 	0.0 	0.0 	14.5 	RB9		Buffalo Bills	Las Vegas Raiders	0 	0.0 	97 	0.6 	2.1 	13 	0.1 	0.0 	0.2 	0.0 	0.0 	16.0 	RB7		Buffalo Bills	BYE	0 	0.0 	0 	0.0 	0.0 	0 	0.0 	0.0 	0.0 	0.0 	0.0 	0.0 	-		Buffalo Bills	Baltimore Ravens	0 	0.0 	92 	0.6 	2.1 	14 	0.1 	0.0 	0.2 	0.0 	0.0 	15.3 	RB9		Buffalo Bills	Minnesota Vikings	0 	0.0 	90 	0.5 	2.0 	13 	0.1 	0.0 	0.2 	0.0 	0.0 	14.9 	RB10		Buffalo Bills	New York Jets	0 	0.0 	99 	0.6 	2.0 	13 	0.1 	0.0 	0.2 	0.0 	0.0 	16.0 	RB8		Buffalo Bills	Miami Dolphins	0 	0.0 	106 	0.7 	2.0 	13 	0.1 	0.0 	0.2 	0.0 	0.0 	17.3 	RB3		Buffalo Bills	Kansas City Chiefs	0 	0.0 	91 	0.6 	2.1 	13 	0.1 	0.0 	0.2 	0.0 	0.0 	15.1 	RB9		Buffalo Bills	New England Patriots	0 	0.0 	83 	0.5 	2.0 	13 	0.1 	0.0 	0.2 	0.0 	0.0 	13.8 	RB8		Buffalo Bills	Green Bay Packers	0 	0.0 	84 	0.5 	2.0 	13 	0.1 	0.0 	0.2 	0.0 	0.0 	13.9 	RB9		Buffalo Bills	Chicago Bears	0 	0.0 	92 	0.6 	2.1 	14 	0.1 	0.0 	0.2 	0.0 	0.0 	15.5 	RB7		Buffalo Bills	Denver Broncos	0 	0.0 	88 	0.5 	2.0 	13 	0.1 	0.0 	0.2 	0.0 	0.0 	14.3 	RB10		Buffalo Bills	Miami Dolphins	0 	0.0 	100 	0.6 	2.0 	13 	0.1 	0.0 	0.2 	0.0 	0.0 	16.2 	RB6		Actual	Actual	Actual	Actual	Forecast	Forecast	Forecast	Forecast	Forecast	Forecast	Forecast	Forecast	Forecast	Forecast	Forecast	Forecast	Forecast		Healthy	Healthy	Healthy	Healthy	Healthy	Healthy	Healthy	Healthy	Healthy	Healthy	Healthy	Healthy	Healthy	Healthy	Healthy	Healthy	Healthy		Week 5 2026	10/6/2026	7:50:59 PM	19		6%	8%	65%	40%	0%	0%		0.1 	0	0	0	0	0	0.083683 
	Josh Allen	Buffalo Bills	QB	QB1	23.0 	368 	3,661 	228.8 	22.1 	1.4 	578 	36.2 	16.7 	1.0 	1.0 	0.1 	1 	0.1 	0.0 	0.0 	10.7 	1.9 	0.0 	1.000 	0.460 	0.455 	2 	1.000 	0.000 	18 	20 	2 	1 	1 	0 	0.711 			Drake Maye	0.294 	QB18	Bhayshul Tuten	0.546 	RB18	Matthew Golden	0.560 	WR18	Brenton Strange	0.287 	TE18		35.7 	40.8 	17.0 	18.5 	21.2 	22.3 	0.0 	21.8 	21.1 	21.5 	23.0 	21.5 	19.9 	20.1 	22.1 	20.1 	21.9 		QB2	QB1	QB19	QB10	QB1	QB1	-	QB1	QB1	QB1	QB1	QB1	QB1	QB1	QB1	QB1	QB1		QB1	21.4 	218.5 	1.3 	38.4 	0.8 	0.0 	0.0 	0.0 	1 	1.000 	0.460 	0.455 	1 	1.000 	0.000 	20 	0.711 		256 	Drake Maye	0.451 	QB9	Bhayshul Tuten	0.558 	RB19	Matthew Golden	0.556 	WR22	Brenton Strange	0.318 	TE16		QB1	28.0 	655.6 	4.0 	115.1 	2.4 	0.0 	0.0 	0.0 	1 	1.000 	0.460 	0.455 	2 	1.000 	0.000 	#N/A	0.711 		112.0 	Drake Maye	49 	QB22	Bhayshul Tuten	49 	RB15	Matthew Golden	49 	WR13	Brenton Strange	30 	TE20					Buffalo Bills	Houston Texans	334 	2.0 	23 	2.0 	0.0 	0 	0.0 	0.0 	0.0 	0.0 	0.0 	35.7 	QB2		Buffalo Bills	Detroit Lions	248 	3.0 	69 	2.0 	0.0 	0 	0.0 	0.0 	0.0 	0.0 	0.0 	40.8 	QB1		Buffalo Bills	Los Angeles Chargers	204 	0.0 	22 	2.0 	1.0 	1 	0.0 	2.0 	1.0 	0.0 	0.0 	17.0 	QB19		Buffalo Bills	New England Patriots	253 	1.0 	4 	1.0 	0.0 	0 	0.0 	1.0 	0.0 	0.0 	0.0 	18.5 	QB10		Buffalo Bills	Los Angeles Rams	224 	1.4 	36 	0.8 	0.0 	0 	0.0 	0.6 	0.1 	0.0 	0.0 	21.2 	QB1		Buffalo Bills	Las Vegas Raiders	221 	1.4 	40 	0.9 	0.0 	0 	0.0 	0.6 	0.1 	0.0 	0.0 	22.3 	QB1		Buffalo Bills	BYE	0 	0.0 	0 	0.0 	0.0 	0 	0.0 	0.0 	0.0 	0.0 	0.0 	0.0 	-		Buffalo Bills	Baltimore Ravens	223 	1.4 	38 	0.8 	0.0 	0 	0.0 	0.6 	0.1 	0.0 	0.0 	21.8 	QB1		Buffalo Bills	Minnesota Vikings	219 	1.3 	37 	0.8 	0.0 	0 	0.0 	0.6 	0.1 	0.0 	0.0 	21.1 	QB1		Buffalo Bills	New York Jets	212 	1.3 	41 	0.9 	0.0 	0 	0.0 	0.6 	0.1 	0.0 	0.0 	21.5 	QB1		Buffalo Bills	Miami Dolphins	215 	1.4 	44 	1.0 	0.0 	0 	0.0 	0.6 	0.1 	0.0 	0.0 	23.0 	QB1		Buffalo Bills	Kansas City Chiefs	222 	1.4 	38 	0.8 	0.0 	0 	0.0 	0.6 	0.1 	0.0 	0.0 	21.5 	QB1		Buffalo Bills	New England Patriots	216 	1.3 	35 	0.7 	0.0 	0 	0.0 	0.6 	0.1 	0.0 	0.0 	19.9 	QB1		Buffalo Bills	Green Bay Packers	218 	1.3 	35 	0.7 	0.0 	0 	0.0 	0.6 	0.1 	0.0 	0.0 	20.1 	QB1		Buffalo Bills	Chicago Bears	225 	1.4 	38 	0.8 	0.0 	0 	0.0 	0.6 	0.1 	0.0 	0.0 	22.1 	QB1		Buffalo Bills	Denver Broncos	213 	1.2 	36 	0.7 	0.0 	0 	0.0 	0.6 	0.1 	0.0 	0.0 	20.1 	QB1		Buffalo Bills	Miami Dolphins	214 	1.3 	41 	0.9 	0.0 	0 	0.0 	0.6 	0.1 	0.0 	0.0 	21.9 	QB1		Actual	Actual	Actual	Actual	Forecast	Forecast	Forecast	Forecast	Forecast	Forecast	Forecast	Forecast	Forecast	Forecast	Forecast	Forecast	Forecast		Healthy	Healthy	Healthy	Healthy	Healthy	Healthy	Healthy	Healthy	Healthy	Healthy	Healthy	Healthy	Healthy	Healthy	Healthy	Healthy	Healthy		Week 5 2026	10/6/2026	7:50:59 PM	19		0%	0%	27%	57%	99%	99%		0.0 	0	0	0	0	0	0.000000 
	Justin Jefferson	Minnesota Vikings	WR	WR7	13.9 	208 	0 	0.0 	0.0 	0.0 	0 	0.0 	0.0 	0.0 	83.0 	5.5 	1,124 	74.9 	8.7 	0.6 	0.0 	0.2 	0.0 	0.564 	1.000 	0.920 	2 	0.501 	0.000 	19 	10 	(9)	8 	5 	(3)	0.699 			Bo Nix	0.277 	QB19	Jeremiyah Love	0.518 	RB19	Michael Wilson	0.547 	WR19	Dalton Schultz	0.282 	TE19		27.2 	7.0 	4.2 	0.0 	13.1 	0.0 	14.7 	14.3 	14.4 	14.0 	14.3 	14.1 	14.2 	13.6 	14.3 	14.7 	13.7 		WR3	WR32	WR59	-	WR7	-	WR7	WR6	WR7	WR7	WR5	WR7	WR7	WR6	WR7	WR7	WR7		WR7	14.1 	0.0 	0.0 	0.0 	0.0 	5.8 	78.8 	0.6 	7 	0.661 	1.000 	0.930 	2 	0.597 	0.000 	16 	0.757 		169 	Bo Nix	0.345 	QB19	Jeremiyah Love	0.536 	RB20	Michael Wilson	0.565 	WR21	Dalton Schultz	0.292 	TE19		WR26	12.8 	0.0 	0.0 	0.0 	0.0 	23.3 	315.1 	2.2 	26 	0.343 	1.000 	0.740 	1 	0.155 	0.000 	#N/A	0.446 		38.4 	Bo Nix	57 	QB20	Jeremiyah Love	43 	RB19	Michael Wilson	44 	WR18	Dalton Schultz	32 	TE16					Minnesota Vikings	Green Bay Packers	0 	0.0 	0 	0.0 	8.0 	92 	2.0 	0.0 	0.0 	0.0 	1.0 	27.2 	WR3		Minnesota Vikings	Chicago Bears	0 	0.0 	0 	0.0 	3.0 	55 	0.0 	0.0 	0.0 	0.0 	0.0 	7.0 	WR32		Minnesota Vikings	Tampa Bay Buccaneers	0 	0.0 	0 	0.0 	2.0 	32 	0.0 	0.0 	0.0 	0.0 	0.0 	4.2 	WR59		Minnesota Vikings	Miami Dolphins	0 	0.0 	0 	0.0 	0.0 	0 	0.0 	0.0 	0.0 	0.0 	0.0 	0.0 	-		Minnesota Vikings	New Orleans Saints	0 	0.0 	0 	0.0 	5.4 	73 	0.5 	0.0 	0.0 	0.0 	0.0 	13.1 	WR7		Minnesota Vikings	BYE	0 	0.0 	0 	0.0 	0.0 	0 	0.0 	0.0 	0.0 	0.0 	0.0 	0.0 	-		Minnesota Vikings	Indianapolis Colts	0 	0.0 	0 	0.0 	6.0 	81 	0.6 	0.0 	0.0 	0.0 	0.0 	14.7 	WR7		Minnesota Vikings	Detroit Lions	0 	0.0 	0 	0.0 	5.9 	80 	0.6 	0.0 	0.0 	0.0 	0.0 	14.3 	WR6		Minnesota Vikings	Buffalo Bills	0 	0.0 	0 	0.0 	5.9 	80 	0.6 	0.0 	0.0 	0.0 	0.0 	14.4 	WR7		Minnesota Vikings	Green Bay Packers	0 	0.0 	0 	0.0 	5.8 	79 	0.5 	0.0 	0.0 	0.0 	0.0 	14.0 	WR7		Minnesota Vikings	San Francisco 49ers	0 	0.0 	0 	0.0 	5.9 	80 	0.6 	0.0 	0.0 	0.0 	0.0 	14.3 	WR5		Minnesota Vikings	Atlanta Falcons	0 	0.0 	0 	0.0 	5.8 	78 	0.6 	0.0 	0.0 	0.0 	0.0 	14.1 	WR7		Minnesota Vikings	Carolina Panthers	0 	0.0 	0 	0.0 	5.8 	79 	0.6 	0.0 	0.0 	0.0 	0.0 	14.2 	WR7		Minnesota Vikings	New England Patriots	0 	0.0 	0 	0.0 	5.7 	78 	0.5 	0.0 	0.0 	0.0 	0.0 	13.6 	WR6		Minnesota Vikings	Detroit Lions	0 	0.0 	0 	0.0 	5.9 	80 	0.6 	0.0 	0.0 	0.0 	0.0 	14.3 	WR7		Minnesota Vikings	Washington Commanders	0 	0.0 	0 	0.0 	6.0 	81 	0.6 	0.0 	0.0 	0.0 	0.0 	14.7 	WR7		Minnesota Vikings	New York Jets	0 	0.0 	0 	0.0 	5.7 	77 	0.5 	0.0 	0.0 	0.0 	0.0 	13.7 	WR7		Actual	Actual	Actual	Actual	Forecast	Forecast	Forecast	Forecast	Forecast	Forecast	Forecast	Forecast	Forecast	Forecast	Forecast	Forecast	Forecast		Healthy	Healthy	Healthy	Injured	Limited / Handicapped	Healthy	Healthy	Healthy	Healthy	Healthy	Healthy	Healthy	Healthy	Healthy	Healthy	Healthy	Healthy		Week 5 2026	10/6/2026	7:50:59 PM	19		36%	37%	0%	0%	0%	0%		0.3 	0	0	1	0	0	
	Nico Collins	Houston Texans	WR	WR8	14.3 	200 	0 	0.0 	0.0 	0.0 	7 	0.5 	0.0 	0.0 	73.3 	5.2 	1,095 	78.2 	9.0 	0.6 	0.0 	0.2 	0.0 	0.544 	1.000 	0.890 	2 	0.536 	0.000 	20 	23 	3 	11 	9 	(2)	0.696 			Cam Ward	0.247 	QB21	Omarion Hampton	0.495 	RB20	George Pickens	0.525 	WR20	Pat Freiermuth	0.268 	TE20		17.7 	0.0 	0.0 	27.3 	12.5 	12.7 	13.4 	0.0 	12.8 	12.5 	13.7 	13.4 	12.8 	13.3 	13.4 	11.9 	12.7 		WR9	-	-	WR3	WR8	WR5	WR8	-	WR9	WR10	WR6	WR8	WR9	WR7	WR8	WR12	WR9		WR8	12.9 	0.0 	0.0 	0.0 	0.0 	4.9 	75.1 	0.5 	8 	0.606 	1.000 	0.920 	1 	0.497 	0.000 	22 	0.704 		155 	Cam Ward	0.289 	QB25	Omarion Hampton	0.507 	RB21	George Pickens	0.600 	WR17	Pat Freiermuth	0.268 	TE21		WR17	22.5 	0.0 	0.0 	0.0 	0.0 	29.7 	450.8 	3.0 	17 	0.402 	1.000 	0.830 	1 	0.244 	0.000 	#N/A	0.531 		45.0 	Cam Ward	57 	QB21	Omarion Hampton	43 	RB20	George Pickens	32 	WR40	Pat Freiermuth	32 	TE17					Houston Texans	Buffalo Bills	0 	0.0 	7 	0.0 	7.0 	75 	1.0 	0.0 	0.0 	0.0 	0.0 	17.7 	WR9		Houston Texans	Cincinnati Bengals	0 	0.0 	0 	0.0 	0.0 	0 	0.0 	0.0 	0.0 	0.0 	0.0 	0.0 	-		Houston Texans	Indianapolis Colts	0 	0.0 	0 	0.0 	0.0 	0 	0.0 	0.0 	0.0 	0.0 	0.0 	0.0 	-		Houston Texans	Dallas Cowboys	0 	0.0 	0 	0.0 	7.0 	118 	2.0 	0.0 	0.0 	0.0 	0.0 	27.3 	WR3		Houston Texans	Tennessee Titans	0 	0.0 	0 	0.0 	4.8 	73 	0.5 	0.0 	0.0 	0.0 	0.0 	12.5 	WR8		Houston Texans	Jacksonville Jaguars	0 	0.0 	0 	0.0 	4.9 	75 	0.5 	0.0 	0.0 	0.0 	0.0 	12.7 	WR5		Houston Texans	New York Giants	0 	0.0 	0 	0.0 	5.1 	77 	0.5 	0.0 	0.0 	0.0 	0.0 	13.4 	WR8		Houston Texans	BYE	0 	0.0 	0 	0.0 	0.0 	0 	0.0 	0.0 	0.0 	0.0 	0.0 	0.0 	-		Houston Texans	Los Angeles Chargers	0 	0.0 	0 	0.0 	4.9 	75 	0.5 	0.0 	0.0 	0.0 	0.0 	12.8 	WR9		Houston Texans	Cleveland Browns	0 	0.0 	0 	0.0 	4.8 	73 	0.5 	0.0 	0.0 	0.0 	0.0 	12.5 	WR10		Houston Texans	Indianapolis Colts	0 	0.0 	0 	0.0 	5.1 	78 	0.6 	0.0 	0.0 	0.0 	0.0 	13.7 	WR6		Houston Texans	Baltimore Ravens	0 	0.0 	0 	0.0 	5.1 	77 	0.5 	0.0 	0.0 	0.0 	0.0 	13.4 	WR8		Houston Texans	Pittsburgh Steelers	0 	0.0 	0 	0.0 	4.9 	75 	0.5 	0.0 	0.0 	0.0 	0.0 	12.8 	WR9		Houston Texans	Washington Commanders	0 	0.0 	0 	0.0 	5.0 	77 	0.5 	0.0 	0.0 	0.0 	0.0 	13.3 	WR7		Houston Texans	Jacksonville Jaguars	0 	0.0 	0 	0.0 	5.1 	77 	0.5 	0.0 	0.0 	0.0 	0.0 	13.4 	WR8		Houston Texans	Philadelphia Eagles	0 	0.0 	0 	0.0 	4.7 	71 	0.4 	0.0 	0.0 	0.0 	0.0 	11.9 	WR12		Houston Texans	Green Bay Packers	0 	0.0 	0 	0.0 	4.9 	74 	0.5 	0.0 	0.0 	0.0 	0.0 	12.7 	WR9		Actual	Actual	Actual	Actual	Forecast	Forecast	Forecast	Forecast	Forecast	Forecast	Forecast	Forecast	Forecast	Forecast	Forecast	Forecast	Forecast		Healthy	Injured	Injured	Healthy	Healthy	Healthy	Healthy	Healthy	Healthy	Healthy	Healthy	Healthy	Healthy	Healthy	Healthy	Healthy	Healthy		Week 5 2026	10/6/2026	7:50:59 PM	19		33%	34%	0%	0%	0%	0%		0.2 	1	1	0	0	0	
	Zay Flowers	Baltimore Ravens	WR	WR9	13.7 	205 	0 	0.0 	0.0 	0.0 	56 	3.8 	0.2 	0.0 	74.4 	5.0 	1,226 	81.7 	6.6 	0.4 	0.0 	0.2 	0.0 	0.558 	1.000 	0.900 	1 	0.489 	0.000 	21 	34 	13 	10 	15 	5 	0.684 			Aaron Rodgers	0.223 	QB23	Saquon Barkley	0.486 	RB21	Denzel Boston	0.513 	WR22	Mark Andrews	0.254 	TE21		23.5 	0.0 	12.9 	21.8 	11.7 	11.5 	13.1 	12.6 	12.6 	12.5 	12.2 	11.9 	0.0 	12.3 	12.3 	11.9 	12.6 		WR5	-	WR22	WR5	WR12	WR11	WR9	WR8	WR12	WR11	WR8	WR14	-	WR10	WR10	WR13	WR10		WR11	12.3 	0.0 	0.0 	3.0 	0.0 	4.7 	72.8 	0.4 	11 	0.574 	1.000 	0.890 	1 	0.439 	0.000 	25 	0.662 		147 	Aaron Rodgers	0.243 	QB26	Saquon Barkley	0.592 	RB17	Denzel Boston	0.474 	WR30	Mark Andrews	0.259 	TE22		WR9	19.4 	0.0 	0.0 	12.1 	0.1 	18.8 	291.3 	1.5 	9 	0.520 	1.000 	0.910 	2 	0.423 	0.000 	#N/A	0.657 		58.2 	Aaron Rodgers	61 	QB17	Saquon Barkley	21 	RB43	Denzel Boston	49 	WR14	Mark Andrews	30 	TE19					Baltimore Ravens	Indianapolis Colts	0 	0.0 	0 	0.0 	5.0 	150 	1.0 	0.0 	0.0 	0.0 	0.0 	23.5 	WR5		Baltimore Ravens	New Orleans Saints	0 	0.0 	0 	0.0 	0.0 	0 	0.0 	0.0 	0.0 	0.0 	0.0 	0.0 	-		Baltimore Ravens	Dallas Cowboys	0 	0.0 	20 	0.0 	5.0 	84 	0.0 	0.0 	0.0 	0.0 	0.0 	12.9 	WR22		Baltimore Ravens	Tennessee Titans	0 	0.0 	0 	0.0 	8.0 	118 	1.0 	0.0 	0.0 	0.0 	0.0 	21.8 	WR5		Baltimore Ravens	Atlanta Falcons	0 	0.0 	3 	0.0 	4.6 	71 	0.3 	0.0 	0.0 	0.0 	0.0 	11.7 	WR12		Baltimore Ravens	Cleveland Browns	0 	0.0 	3 	0.0 	4.5 	69 	0.3 	0.0 	0.0 	0.0 	0.0 	11.5 	WR11		Baltimore Ravens	Cincinnati Bengals	0 	0.0 	3 	0.0 	4.9 	77 	0.4 	0.0 	0.0 	0.0 	0.0 	13.1 	WR9		Baltimore Ravens	Buffalo Bills	0 	0.0 	3 	0.0 	4.8 	75 	0.4 	0.0 	0.0 	0.0 	0.0 	12.6 	WR8		Baltimore Ravens	Jacksonville Jaguars	0 	0.0 	3 	0.0 	4.8 	74 	0.4 	0.0 	0.0 	0.0 	0.0 	12.6 	WR12		Baltimore Ravens	Los Angeles Chargers	0 	0.0 	3 	0.0 	4.8 	74 	0.4 	0.0 	0.0 	0.0 	0.0 	12.5 	WR11		Baltimore Ravens	Carolina Panthers	0 	0.0 	3 	0.0 	4.7 	72 	0.4 	0.0 	0.0 	0.0 	0.0 	12.2 	WR8		Baltimore Ravens	Houston Texans	0 	0.0 	3 	0.0 	4.6 	72 	0.4 	0.0 	0.0 	0.0 	0.0 	11.9 	WR14		Baltimore Ravens	BYE	0 	0.0 	0 	0.0 	0.0 	0 	0.0 	0.0 	0.0 	0.0 	0.0 	0.0 	-		Baltimore Ravens	Tampa Bay Buccaneers	0 	0.0 	3 	0.0 	4.7 	72 	0.4 	0.0 	0.0 	0.0 	0.0 	12.3 	WR10		Baltimore Ravens	Pittsburgh Steelers	0 	0.0 	3 	0.0 	4.7 	73 	0.4 	0.0 	0.0 	0.0 	0.0 	12.3 	WR10		Baltimore Ravens	Cleveland Browns	0 	0.0 	3 	0.0 	4.5 	70 	0.4 	0.0 	0.0 	0.0 	0.0 	11.9 	WR13		Baltimore Ravens	Cincinnati Bengals	0 	0.0 	3 	0.0 	4.8 	75 	0.4 	0.0 	0.0 	0.0 	0.0 	12.6 	WR10		Actual	Actual	Actual	Actual	Forecast	Forecast	Forecast	Forecast	Forecast	Forecast	Forecast	Forecast	Forecast	Forecast	Forecast	Forecast	Forecast		Healthy	Injured	Healthy	Healthy	Healthy	Healthy	Healthy	Healthy	Healthy	Healthy	Healthy	Healthy	Healthy	Healthy	Healthy	Healthy	Healthy		Week 5 2026	10/6/2026	7:50:59 PM	19		36%	31%	2%	1%	0%	0%		0.0 	1	0	0	0	0	
	Christian Watson	Green Bay Packers	WR	WR10	13.1 	209 	0 	0.0 	0.0 	0.0 	0 	0.0 	0.0 	0.0 	70.2 	4.4 	1,160 	72.5 	9.7 	0.6 	0.0 	0.2 	0.0 	0.567 	1.000 	0.930 	1 	0.441 	0.000 	23 	65 	42 	7 	28 	21 	0.680 			Sam Darnold	0.228 	QB22	David Montgomery	0.478 	RB22	Malik Nabers	0.519 	WR21	Colston Loveland	0.245 	TE22		29.7 	12.1 	19.1 	6.2 	11.3 	12.1 	12.1 	11.9 	11.7 	11.8 	0.0 	11.8 	11.8 	12.2 	12.0 	11.8 	11.4 		WR2	WR16	WR6	WR47	WR15	WR9	WR14	WR14	WR16	WR15	-	WR16	WR13	WR12	WR14	WR15	WR16		WR15	11.8 	0.0 	0.0 	0.0 	0.0 	4.2 	69.1 	0.5 	15 	0.553 	1.000 	0.850 	1 	0.401 	0.000 	32 	0.626 		142 	Sam Darnold	0.359 	QB17	David Montgomery	0.493 	RB23	Malik Nabers	0.574 	WR19	Colston Loveland	0.344 	TE14		WR5	16.8 	0.0 	0.0 	0.0 	0.0 	12.6 	207.2 	1.4 	5 	0.599 	1.000 	0.950 	2 	0.544 	0.000 	#N/A	0.735 		67.1 	Sam Darnold	42 	QB26	David Montgomery	41 	RB21	Malik Nabers	36 	WR31	Colston Loveland	15 	TE30					Green Bay Packers	Minnesota Vikings	0 	0.0 	0 	0.0 	6.0 	147 	2.0 	0.0 	0.0 	0.0 	0.0 	29.7 	WR2		Green Bay Packers	New York Jets	0 	0.0 	0 	0.0 	4.0 	41 	1.0 	0.0 	0.0 	0.0 	0.0 	12.1 	WR16		Green Bay Packers	Atlanta Falcons	0 	0.0 	0 	0.0 	7.0 	96 	1.0 	0.0 	0.0 	0.0 	0.0 	19.1 	WR6		Green Bay Packers	Tampa Bay Buccaneers	0 	0.0 	0 	0.0 	3.0 	47 	0.0 	0.0 	0.0 	0.0 	0.0 	6.2 	WR47		Green Bay Packers	Chicago Bears	0 	0.0 	0 	0.0 	4.1 	67 	0.4 	0.0 	0.0 	0.0 	0.0 	11.3 	WR15		Green Bay Packers	Dallas Cowboys	0 	0.0 	0 	0.0 	4.3 	70 	0.5 	0.0 	0.0 	0.0 	0.0 	12.1 	WR9		Green Bay Packers	Detroit Lions	0 	0.0 	0 	0.0 	4.3 	70 	0.5 	0.0 	0.0 	0.0 	0.0 	12.1 	WR14		Green Bay Packers	Carolina Panthers	0 	0.0 	0 	0.0 	4.2 	69 	0.5 	0.0 	0.0 	0.0 	0.0 	11.9 	WR14		Green Bay Packers	New England Patriots	0 	0.0 	0 	0.0 	4.2 	69 	0.5 	0.0 	0.0 	0.0 	0.0 	11.7 	WR16		Green Bay Packers	Minnesota Vikings	0 	0.0 	0 	0.0 	4.2 	69 	0.5 	0.0 	0.0 	0.0 	0.0 	11.8 	WR15		Green Bay Packers	BYE	0 	0.0 	0 	0.0 	0.0 	0 	0.0 	0.0 	0.0 	0.0 	0.0 	0.0 	-		Green Bay Packers	Los Angeles Rams	0 	0.0 	0 	0.0 	4.2 	70 	0.5 	0.0 	0.0 	0.0 	0.0 	11.8 	WR16		Green Bay Packers	New Orleans Saints	0 	0.0 	0 	0.0 	4.2 	69 	0.5 	0.0 	0.0 	0.0 	0.0 	11.8 	WR13		Green Bay Packers	Buffalo Bills	0 	0.0 	0 	0.0 	4.3 	71 	0.5 	0.0 	0.0 	0.0 	0.0 	12.2 	WR12		Green Bay Packers	Miami Dolphins	0 	0.0 	0 	0.0 	4.2 	69 	0.5 	0.0 	0.0 	0.0 	0.0 	12.0 	WR14		Green Bay Packers	Chicago Bears	0 	0.0 	0 	0.0 	4.2 	69 	0.5 	0.0 	0.0 	0.0 	0.0 	11.8 	WR15		Green Bay Packers	Houston Texans	0 	0.0 	0 	0.0 	4.1 	67 	0.4 	0.0 	0.0 	0.0 	0.0 	11.4 	WR16		Actual	Actual	Actual	Actual	Forecast	Forecast	Forecast	Forecast	Forecast	Forecast	Forecast	Forecast	Forecast	Forecast	Forecast	Forecast	Forecast		Healthy	Healthy	Healthy	Healthy	Healthy	Healthy	Healthy	Healthy	Healthy	Healthy	Healthy	Healthy	Healthy	Healthy	Healthy	Healthy	Healthy		Week 5 2026	10/6/2026	7:50:59 PM	19		28%	29%	0%	0%	0%	0%		(0.1)	0	0	0	0	0	(0.109195)
	Trey McBride	Arizona Cardinals	TE	TE2	13.2 	211 	0 	0.0 	0.0 	0.0 	0 	0.0 	0.0 	0.0 	118.8 	7.4 	1,058 	66.1 	7.8 	0.5 	0.0 	0.2 	0.0 	0.574 	0.560 	0.554 	2 	0.830 	0.000 	22 	25 	3 	1 	2 	1 	0.681 			Kirk Cousins	0.263 	QB20	Aaron Jones Sr.	0.452 	RB23	Deebo Samuel	0.507 	WR23	Jake Ferguson	0.243 	TE23		20.0 	14.1 	12.0 	6.6 	14.7 	13.9 	13.0 	13.2 	12.4 	13.2 	12.5 	13.6 	12.9 	0.0 	13.0 	13.3 	13.0 		TE3	TE9	TE8	TE19	TE1	TE2	TE2	TE2	TE2	TE2	TE2	TE1	TE1	-	TE2	TE2	TE2		TE2	13.2 	0.0 	0.0 	0.0 	0.0 	7.2 	68.0 	0.5 	2 	0.619 	0.560 	0.548 	2 	0.933 	0.000 	18 	0.732 		159 	Kirk Cousins	0.170 	QB29	Aaron Jones Sr.	0.412 	RB30	Deebo Samuel	0.451 	WR33	Jake Ferguson	0.243 	TE23		TE2	13.2 	0.0 	0.0 	0.0 	0.0 	21.5 	203.9 	1.4 	2 	0.471 	0.560 	0.548 	2 	0.885 	0.000 	#N/A	0.688 		52.7 	Kirk Cousins	79 	QB9	Aaron Jones Sr.	47 	RB17	Deebo Samuel	51 	WR11	Jake Ferguson	30 	TE18					Arizona Cardinals	Los Angeles Chargers	0 	0.0 	0 	0.0 	9.0 	95 	1.0 	0.0 	0.0 	0.0 	0.0 	20.0 	TE3		Arizona Cardinals	Seattle Seahawks	0 	0.0 	0 	0.0 	8.0 	41 	1.0 	0.0 	0.0 	0.0 	0.0 	14.1 	TE9		Arizona Cardinals	San Francisco 49ers	0 	0.0 	0 	0.0 	9.0 	75 	0.0 	0.0 	0.0 	0.0 	0.0 	12.0 	TE8		Arizona Cardinals	New York Giants	0 	0.0 	0 	0.0 	7.0 	31 	0.0 	0.0 	0.0 	0.0 	0.0 	6.6 	TE19		Arizona Cardinals	Detroit Lions	0 	0.0 	0 	0.0 	7.7 	73 	0.6 	0.0 	0.0 	0.0 	0.0 	14.7 	TE1		Arizona Cardinals	Los Angeles Rams	0 	0.0 	0 	0.0 	7.4 	71 	0.5 	0.0 	0.0 	0.0 	0.0 	13.9 	TE2		Arizona Cardinals	Denver Broncos	0 	0.0 	0 	0.0 	7.1 	68 	0.5 	0.0 	0.0 	0.0 	0.0 	13.0 	TE2		Arizona Cardinals	Dallas Cowboys	0 	0.0 	0 	0.0 	7.2 	68 	0.5 	0.0 	0.0 	0.0 	0.0 	13.2 	TE2		Arizona Cardinals	Seattle Seahawks	0 	0.0 	0 	0.0 	6.9 	65 	0.4 	0.0 	0.0 	0.0 	0.0 	12.4 	TE2		Arizona Cardinals	Los Angeles Rams	0 	0.0 	0 	0.0 	7.2 	68 	0.5 	0.0 	0.0 	0.0 	0.0 	13.2 	TE2		Arizona Cardinals	Kansas City Chiefs	0 	0.0 	0 	0.0 	6.9 	66 	0.4 	0.0 	0.0 	0.0 	0.0 	12.5 	TE2		Arizona Cardinals	Washington Commanders	0 	0.0 	0 	0.0 	7.3 	69 	0.5 	0.0 	0.0 	0.0 	0.0 	13.6 	TE1		Arizona Cardinals	Philadelphia Eagles	0 	0.0 	0 	0.0 	7.1 	67 	0.4 	0.0 	0.0 	0.0 	0.0 	12.9 	TE1		Arizona Cardinals	BYE	0 	0.0 	0 	0.0 	0.0 	0 	0.0 	0.0 	0.0 	0.0 	0.0 	0.0 	-		Arizona Cardinals	New York Jets	0 	0.0 	0 	0.0 	6.9 	66 	0.5 	0.0 	0.0 	0.0 	0.0 	13.0 	TE2		Arizona Cardinals	New Orleans Saints	0 	0.0 	0 	0.0 	7.2 	68 	0.5 	0.0 	0.0 	0.0 	0.0 	13.3 	TE2		Arizona Cardinals	Las Vegas Raiders	0 	0.0 	0 	0.0 	7.0 	66 	0.5 	0.0 	0.0 	0.0 	0.0 	13.0 	TE2		Actual	Actual	Actual	Actual	Forecast	Forecast	Forecast	Forecast	Forecast	Forecast	Forecast	Forecast	Forecast	Forecast	Forecast	Forecast	Forecast		Healthy	Healthy	Healthy	Healthy	Healthy	Healthy	Healthy	Healthy	Healthy	Healthy	Healthy	Healthy	Healthy	Healthy	Healthy	Healthy	Healthy		Week 5 2026	10/6/2026	7:50:59 PM	19		30%	33%	0%	0%	0%	0%		0.0 	0	0	0	0	0	0.043544 
	Tee Higgins	Cincinnati Bengals	WR	WR11	12.9 	207 	0 	0.0 	0.0 	0.0 	0 	0.0 	0.0 	0.0 	80.9 	5.1 	1,262 	78.8 	6.8 	0.4 	0.0 	0.2 	0.0 	0.562 	1.000 	0.910 	1 	0.432 	0.000 	24 	40 	16 	9 	18 	9 	0.667 			Drew Lock	0.215 	QB24	Quinshon Judkins	0.444 	RB24	Jalen Coker	0.502 	WR24	Cade Otton	0.183 	TE24		7.4 	12.0 	18.0 	21.2 	11.1 	0.0 	12.5 	12.5 	12.7 	12.4 	12.8 	12.4 	12.0 	12.3 	12.3 	12.8 	12.8 		WR37	WR17	WR8	WR6	WR16	-	WR12	WR9	WR11	WR12	WR7	WR10	WR12	WR11	WR11	WR8	WR8		WR9	12.4 	0.0 	0.0 	0.0 	0.0 	4.7 	71.7 	0.5 	9 	0.579 	1.000 	0.910 	1 	0.449 	0.000 	23 	0.676 		149 	Drew Lock	0.000 	QB38	Quinshon Judkins	0.449 	RB26	Jalen Coker	0.468 	WR31	Cade Otton	0.203 	TE25		WR8	14.7 	0.0 	0.0 	0.0 	0.0 	14.0 	215.1 	1.5 	8 	0.523 	1.000 	0.920 	2 	0.429 	0.000 	#N/A	0.664 		58.6 	Drew Lock	34 	QB30	Quinshon Judkins	41 	RB22	Jalen Coker	43 	WR20	Cade Otton	23 	TE23					Cincinnati Bengals	Tampa Bay Buccaneers	0 	0.0 	0 	0.0 	3.0 	59 	0.0 	0.0 	0.0 	0.0 	0.0 	7.4 	WR37		Cincinnati Bengals	Houston Texans	0 	0.0 	0 	0.0 	5.0 	95 	0.0 	0.0 	0.0 	0.0 	0.0 	12.0 	WR17		Cincinnati Bengals	Pittsburgh Steelers	0 	0.0 	0 	0.0 	6.0 	90 	1.0 	0.0 	0.0 	0.0 	0.0 	18.0 	WR8		Cincinnati Bengals	Jacksonville Jaguars	0 	0.0 	0 	0.0 	11.0 	157 	0.0 	0.0 	0.0 	0.0 	0.0 	21.2 	WR6		Cincinnati Bengals	Miami Dolphins	0 	0.0 	0 	0.0 	4.2 	65 	0.4 	0.0 	0.0 	0.0 	0.0 	11.1 	WR16		Cincinnati Bengals	BYE	0 	0.0 	0 	0.0 	0.0 	0 	0.0 	0.0 	0.0 	0.0 	0.0 	0.0 	-		Cincinnati Bengals	Baltimore Ravens	0 	0.0 	0 	0.0 	4.8 	73 	0.5 	0.0 	0.0 	0.0 	0.0 	12.5 	WR12		Cincinnati Bengals	Tennessee Titans	0 	0.0 	0 	0.0 	4.7 	72 	0.5 	0.0 	0.0 	0.0 	0.0 	12.5 	WR9		Cincinnati Bengals	Atlanta Falcons	0 	0.0 	0 	0.0 	4.7 	73 	0.5 	0.0 	0.0 	0.0 	0.0 	12.7 	WR11		Cincinnati Bengals	Pittsburgh Steelers	0 	0.0 	0 	0.0 	4.7 	72 	0.5 	0.0 	0.0 	0.0 	0.0 	12.4 	WR12		Cincinnati Bengals	Washington Commanders	0 	0.0 	0 	0.0 	4.8 	74 	0.5 	0.0 	0.0 	0.0 	0.0 	12.8 	WR7		Cincinnati Bengals	New Orleans Saints	0 	0.0 	0 	0.0 	4.6 	71 	0.5 	0.0 	0.0 	0.0 	0.0 	12.4 	WR10		Cincinnati Bengals	Cleveland Browns	0 	0.0 	0 	0.0 	4.5 	70 	0.5 	0.0 	0.0 	0.0 	0.0 	12.0 	WR12		Cincinnati Bengals	Kansas City Chiefs	0 	0.0 	0 	0.0 	4.6 	71 	0.5 	0.0 	0.0 	0.0 	0.0 	12.3 	WR11		Cincinnati Bengals	Carolina Panthers	0 	0.0 	0 	0.0 	4.6 	71 	0.5 	0.0 	0.0 	0.0 	0.0 	12.3 	WR11		Cincinnati Bengals	Indianapolis Colts	0 	0.0 	0 	0.0 	4.8 	74 	0.5 	0.0 	0.0 	0.0 	0.0 	12.8 	WR8		Cincinnati Bengals	Baltimore Ravens	0 	0.0 	0 	0.0 	4.8 	74 	0.5 	0.0 	0.0 	0.0 	0.0 	12.8 	WR8		Actual	Actual	Actual	Actual	Forecast	Forecast	Forecast	Forecast	Forecast	Forecast	Forecast	Forecast	Forecast	Forecast	Forecast	Forecast	Forecast		Healthy	Healthy	Healthy	Healthy	Limited / Handicapped	Healthy	Healthy	Healthy	Healthy	Healthy	Healthy	Healthy	Healthy	Healthy	Healthy	Healthy	Healthy		Week 5 2026	10/6/2026	7:50:59 PM	19		27%	23%	0%	0%	0%	0%		0.0 	0	0	0	0	0	0.011916 
	Chase Brown	Cincinnati Bengals	RB	RB11	13.8 	221 	0 	0.0 	0.0 	0.0 	1,016 	63.5 	6.6 	0.4 	66.7 	4.2 	391 	24.4 	2.0 	0.1 	0.0 	2.7 	0.0 	0.599 	1.000 	0.876 	1 	0.420 	0.000 	25 	14 	(11)	11 	8 	(3)	0.652 			Justin Herbert	0.196 	QB26	Rhamondre Stevenson	0.434 	RB25	Stefon Diggs	0.498 	WR25	Hunter Henry	0.177 	TE25		16.3 	9.7 	7.9 	13.6 	14.7 	0.0 	12.7 	15.7 	15.1 	14.0 	14.5 	15.6 	14.3 	13.8 	13.8 	14.5 	14.5 		RB14	RB21	RB30	RB22	RB8	-	RB15	RB7	RB8	RB12	RB8	RB7	RB6	RB10	RB12	RB9	RB11		RB11	14.4 	0.0 	0.0 	67.4 	0.5 	3.8 	24.0 	0.2 	11 	0.675 	1.000 	0.876 	1 	0.521 	0.000 	21 	0.704 		173 	Justin Herbert	0.352 	QB18	Rhamondre Stevenson	0.460 	RB24	Stefon Diggs	0.490 	WR28	Hunter Henry	0.189 	TE26		RB16	11.9 	0.0 	0.0 	202.3 	1.4 	11.4 	72.0 	0.5 	16 	0.424 	1.000 	0.816 	1 	0.242 	0.000 	#N/A	0.528 		47.5 	Justin Herbert	43 	QB24	Rhamondre Stevenson	37 	RB26	Stefon Diggs	44 	WR19	Hunter Henry	19 	TE27					Cincinnati Bengals	Tampa Bay Buccaneers	0 	0.0 	56 	1.0 	5.0 	22 	0.0 	0.0 	0.0 	0.0 	0.0 	16.3 	RB14		Cincinnati Bengals	Houston Texans	0 	0.0 	80 	0.0 	3.0 	2 	0.0 	0.0 	0.0 	0.0 	0.0 	9.7 	RB21		Cincinnati Bengals	Pittsburgh Steelers	0 	0.0 	61 	0.0 	2.0 	8 	0.0 	0.0 	0.0 	0.0 	0.0 	7.9 	RB30		Cincinnati Bengals	Jacksonville Jaguars	0 	0.0 	10 	0.0 	11.0 	71 	0.0 	0.0 	0.0 	0.0 	0.0 	13.6 	RB22		Cincinnati Bengals	Miami Dolphins	0 	0.0 	72 	0.5 	3.6 	23 	0.2 	0.0 	0.2 	0.0 	0.0 	14.7 	RB8		Cincinnati Bengals	BYE	0 	0.0 	0 	0.0 	0.0 	0 	0.0 	0.0 	0.0 	0.0 	0.0 	0.0 	-		Cincinnati Bengals	Baltimore Ravens	0 	0.0 	56 	0.4 	3.9 	24 	0.2 	0.0 	0.2 	0.0 	0.0 	12.7 	RB15		Cincinnati Bengals	Tennessee Titans	0 	0.0 	75 	0.6 	3.8 	24 	0.2 	0.0 	0.2 	0.0 	0.0 	15.7 	RB7		Cincinnati Bengals	Atlanta Falcons	0 	0.0 	71 	0.5 	3.9 	24 	0.2 	0.0 	0.2 	0.0 	0.0 	15.1 	RB8		Cincinnati Bengals	Pittsburgh Steelers	0 	0.0 	65 	0.4 	3.8 	24 	0.2 	0.0 	0.2 	0.0 	0.0 	14.0 	RB12		Cincinnati Bengals	Washington Commanders	0 	0.0 	66 	0.5 	3.9 	25 	0.2 	0.0 	0.2 	0.0 	0.0 	14.5 	RB8		Cincinnati Bengals	New Orleans Saints	0 	0.0 	75 	0.5 	3.8 	24 	0.2 	0.0 	0.2 	0.0 	0.0 	15.6 	RB7		Cincinnati Bengals	Cleveland Browns	0 	0.0 	68 	0.5 	3.7 	23 	0.2 	0.0 	0.2 	0.0 	0.0 	14.3 	RB6		Cincinnati Bengals	Kansas City Chiefs	0 	0.0 	64 	0.4 	3.8 	24 	0.2 	0.0 	0.2 	0.0 	0.0 	13.8 	RB10		Cincinnati Bengals	Carolina Panthers	0 	0.0 	64 	0.4 	3.8 	24 	0.2 	0.0 	0.2 	0.0 	0.0 	13.8 	RB12		Cincinnati Bengals	Indianapolis Colts	0 	0.0 	66 	0.5 	3.9 	25 	0.2 	0.0 	0.2 	0.0 	0.0 	14.5 	RB9		Cincinnati Bengals	Baltimore Ravens	0 	0.0 	66 	0.5 	3.9 	25 	0.2 	0.0 	0.2 	0.0 	0.0 	14.5 	RB11		Actual	Actual	Actual	Actual	Forecast	Forecast	Forecast	Forecast	Forecast	Forecast	Forecast	Forecast	Forecast	Forecast	Forecast	Forecast	Forecast		Healthy	Healthy	Healthy	Healthy	Healthy	Healthy	Healthy	Healthy	Healthy	Healthy	Healthy	Healthy	Healthy	Healthy	Healthy	Healthy	Healthy		Week 5 2026	10/6/2026	7:50:59 PM	19		9%	8%	71%	73%	0%	0%		0.2 	0	0	0	0	0	0.175818 
	Chuba Hubbard	Carolina Panthers	RB	RB12	13.5 	216 	0 	0.0 	0.0 	0.0 	1,015 	63.5 	7.8 	0.5 	35.7 	2.2 	302 	18.9 	4.0 	0.2 	0.0 	2.2 	0.0 	0.585 	1.000 	0.864 	1 	0.398 	0.000 	26 	86 	60 	12 	33 	21 	0.636 			Jacoby Brissett	0.208 	QB25	TreVeyon Henderson	0.421 	RB27	Mike Evans	0.490 	WR26	Kyle Pitts Sr.	0.170 	TE26		22.2 	13.4 	13.0 	25.4 	0.0 	12.2 	12.7 	11.1 	11.7 	12.0 	11.7 	11.6 	11.3 	13.0 	12.5 	11.1 	10.7 		RB9	RB10	RB12	RB7	-	RB14	RB14	RB18	RB16	RB16	RB16	RB20	RB15	RB13	RB18	RB21	RB22		RB18	11.8 	0.0 	0.0 	59.1 	0.4 	2.1 	18.2 	0.2 	18 	0.552 	1.000 	0.792 	1 	0.323 	0.000 	42 	0.568 		142 	Jacoby Brissett	0.232 	QB27	TreVeyon Henderson	0.501 	RB22	Mike Evans	0.505 	WR25	Kyle Pitts Sr.	0.216 	TE24		RB8	18.5 	0.0 	0.0 	177.3 	1.2 	6.4 	54.5 	0.5 	8 	0.661 	1.000 	0.911 	2 	0.592 	0.000 	#N/A	0.746 		74.0 	Jacoby Brissett	59 	QB19	TreVeyon Henderson	21 	RB41	Mike Evans	42 	WR22	Kyle Pitts Sr.	9 	TE37					Carolina Panthers	Chicago Bears	0 	0.0 	49 	1.0 	3.0 	38 	1.0 	0.0 	0.0 	0.0 	0.0 	22.2 	RB9		Carolina Panthers	Atlanta Falcons	0 	0.0 	53 	0.0 	2.0 	11 	1.0 	0.0 	0.0 	0.0 	0.0 	13.4 	RB10		Carolina Panthers	Cleveland Browns	0 	0.0 	82 	0.0 	4.0 	28 	0.0 	0.0 	0.0 	0.0 	0.0 	13.0 	RB12		Carolina Panthers	Detroit Lions	0 	0.0 	122 	2.0 	1.0 	7 	0.0 	0.0 	0.0 	0.0 	0.0 	25.4 	RB7		Carolina Panthers	BYE	0 	0.0 	0 	0.0 	0.0 	0 	0.0 	0.0 	0.0 	0.0 	0.0 	0.0 	-		Carolina Panthers	Philadelphia Eagles	0 	0.0 	62 	0.4 	2.1 	18 	0.2 	0.0 	0.2 	0.0 	0.0 	12.2 	RB14		Carolina Panthers	Tampa Bay Buccaneers	0 	0.0 	64 	0.4 	2.2 	18 	0.2 	0.0 	0.2 	0.0 	0.0 	12.7 	RB14		Carolina Panthers	Green Bay Packers	0 	0.0 	55 	0.4 	2.2 	18 	0.2 	0.0 	0.2 	0.0 	0.0 	11.1 	RB18		Carolina Panthers	Denver Broncos	0 	0.0 	59 	0.4 	2.1 	18 	0.2 	0.0 	0.2 	0.0 	0.0 	11.7 	RB16		Carolina Panthers	New Orleans Saints	0 	0.0 	61 	0.4 	2.1 	18 	0.2 	0.0 	0.2 	0.0 	0.0 	12.0 	RB16		Carolina Panthers	Baltimore Ravens	0 	0.0 	58 	0.4 	2.2 	18 	0.2 	0.0 	0.2 	0.0 	0.0 	11.7 	RB16		Carolina Panthers	Tampa Bay Buccaneers	0 	0.0 	57 	0.4 	2.2 	18 	0.2 	0.0 	0.2 	0.0 	0.0 	11.6 	RB20		Carolina Panthers	Minnesota Vikings	0 	0.0 	56 	0.4 	2.1 	18 	0.2 	0.0 	0.2 	0.0 	0.0 	11.3 	RB15		Carolina Panthers	New Orleans Saints	0 	0.0 	66 	0.5 	2.2 	18 	0.2 	0.0 	0.2 	0.0 	0.0 	13.0 	RB13		Carolina Panthers	Cincinnati Bengals	0 	0.0 	62 	0.4 	2.2 	19 	0.2 	0.0 	0.2 	0.0 	0.0 	12.5 	RB18		Carolina Panthers	Pittsburgh Steelers	0 	0.0 	56 	0.4 	2.1 	18 	0.2 	0.0 	0.2 	0.0 	0.0 	11.1 	RB21		Carolina Panthers	Seattle Seahawks	0 	0.0 	53 	0.3 	2.1 	18 	0.2 	0.0 	0.2 	0.0 	0.0 	10.7 	RB22		Actual	Actual	Actual	Actual	Forecast	Forecast	Forecast	Forecast	Forecast	Forecast	Forecast	Forecast	Forecast	Forecast	Forecast	Forecast	Forecast		Healthy	Healthy	Healthy	Healthy	Healthy	Healthy	Healthy	Healthy	Healthy	Healthy	Healthy	Healthy	Healthy	Healthy	Healthy	Healthy	Healthy		Week 5 2026	10/6/2026	7:50:59 PM	19		8%	11%	57%	58%	0%	0%		(0.2)	0	0	0	0	0	(0.177359)
	Tetairoa McMillan	Carolina Panthers	WR	WR12	12.3 	197 	0 	0.0 	0.0 	0.0 	0 	0.0 	0.0 	0.0 	79.1 	4.9 	1,176 	73.5 	7.0 	0.4 	0.0 	1.2 	0.0 	0.534 	1.000 	0.880 	1 	0.383 	0.000 	27 	36 	9 	12 	16 	4 	0.629 			Baker Mayfield	0.187 	QB27	Kyle Monangai	0.421 	RB26	Carnell Tate	0.473 	WR27	Oronde Gadsden II	0.164 	TE27		8.0 	12.6 	2.7 	38.2 	0.0 	11.1 	11.5 	11.3 	10.9 	11.3 	11.5 	11.4 	11.1 	11.5 	11.7 	11.0 	11.1 		WR34	WR15	WR71	WR1	-	WR15	WR16	WR16	WR19	WR17	WR12	WR17	WR15	WR15	WR16	WR19	WR19		WR18	11.3 	0.0 	0.0 	0.0 	0.0 	4.4 	65.9 	0.4 	17 	0.528 	1.000 	0.830 	1 	0.355 	0.000 	37 	0.595 		135 	Baker Mayfield	0.315 	QB23	Kyle Monangai	0.344 	RB34	Carnell Tate	0.524 	WR23	Oronde Gadsden II	0.167 	TE27		WR7	15.4 	0.0 	0.0 	0.0 	0.0 	13.3 	197.7 	1.3 	7 	0.549 	1.000 	0.930 	2 	0.468 	0.000 	#N/A	0.688 		61.5 	Baker Mayfield	35 	QB28	Kyle Monangai	57 	RB13	Carnell Tate	36 	WR32	Oronde Gadsden II	19 	TE26					Carolina Panthers	Chicago Bears	0 	0.0 	0 	0.0 	5.0 	75 	0.0 	0.0 	1.0 	0.0 	0.0 	8.0 	WR34		Carolina Panthers	Atlanta Falcons	0 	0.0 	0 	0.0 	5.0 	101 	0.0 	0.0 	0.0 	0.0 	0.0 	12.6 	WR15		Carolina Panthers	Cleveland Browns	0 	0.0 	0 	0.0 	2.0 	17 	0.0 	0.0 	0.0 	0.0 	0.0 	2.7 	WR71		Carolina Panthers	Detroit Lions	0 	0.0 	0 	0.0 	14.0 	192 	2.0 	0.0 	0.0 	0.0 	0.0 	38.2 	WR1		Carolina Panthers	BYE	0 	0.0 	0 	0.0 	0.0 	0 	0.0 	0.0 	0.0 	0.0 	0.0 	0.0 	-		Carolina Panthers	Philadelphia Eagles	0 	0.0 	0 	0.0 	4.4 	65 	0.4 	0.0 	0.0 	0.0 	0.0 	11.1 	WR15		Carolina Panthers	Tampa Bay Buccaneers	0 	0.0 	0 	0.0 	4.5 	67 	0.4 	0.0 	0.0 	0.0 	0.0 	11.5 	WR16		Carolina Panthers	Green Bay Packers	0 	0.0 	0 	0.0 	4.5 	66 	0.4 	0.0 	0.0 	0.0 	0.0 	11.3 	WR16		Carolina Panthers	Denver Broncos	0 	0.0 	0 	0.0 	4.3 	64 	0.4 	0.0 	0.0 	0.0 	0.0 	10.9 	WR19		Carolina Panthers	New Orleans Saints	0 	0.0 	0 	0.0 	4.4 	66 	0.4 	0.0 	0.0 	0.0 	0.0 	11.3 	WR17		Carolina Panthers	Baltimore Ravens	0 	0.0 	0 	0.0 	4.5 	67 	0.4 	0.0 	0.0 	0.0 	0.0 	11.5 	WR12		Carolina Panthers	Tampa Bay Buccaneers	0 	0.0 	0 	0.0 	4.5 	66 	0.4 	0.0 	0.0 	0.0 	0.0 	11.4 	WR17		Carolina Panthers	Minnesota Vikings	0 	0.0 	0 	0.0 	4.4 	65 	0.4 	0.0 	0.0 	0.0 	0.0 	11.1 	WR15		Carolina Panthers	New Orleans Saints	0 	0.0 	0 	0.0 	4.5 	66 	0.5 	0.0 	0.0 	0.0 	0.0 	11.5 	WR15		Carolina Panthers	Cincinnati Bengals	0 	0.0 	0 	0.0 	4.5 	67 	0.5 	0.0 	0.0 	0.0 	0.0 	11.7 	WR16		Carolina Panthers	Pittsburgh Steelers	0 	0.0 	0 	0.0 	4.3 	65 	0.4 	0.0 	0.0 	0.0 	0.0 	11.0 	WR19		Carolina Panthers	Seattle Seahawks	0 	0.0 	0 	0.0 	4.4 	66 	0.4 	0.0 	0.0 	0.0 	0.0 	11.1 	WR19		Actual	Actual	Actual	Actual	Forecast	Forecast	Forecast	Forecast	Forecast	Forecast	Forecast	Forecast	Forecast	Forecast	Forecast	Forecast	Forecast		Healthy	Healthy	Healthy	Healthy	Healthy	Healthy	Healthy	Healthy	Healthy	Healthy	Healthy	Healthy	Healthy	Healthy	Healthy	Healthy	Healthy		Week 5 2026	10/6/2026	7:50:59 PM	19		29%	28%	0%	0%	0%	0%		(0.1)	0	0	0	0	0	(0.093424)
	Garrett Wilson	New York Jets	WR	WR13	12.3 	197 	0 	0.0 	0.0 	0.0 	0 	0.0 	0.1 	0.0 	93.2 	5.8 	1,059 	66.2 	7.4 	0.5 	0.0 	0.2 	0.0 	0.534 	1.000 	0.870 	1 	0.383 	0.000 	28 	43 	15 	13 	19 	6 	0.625 			Malik Willis	0.176 	QB28	Tony Pollard	0.411 	RB28	Rashee Rice	0.467 	WR28	AJ Barner	0.157 	TE28		10.9 	14.2 	21.7 	4.2 	12.3 	12.3 	12.6 	12.3 	11.8 	12.7 	11.8 	12.1 	0.0 	11.9 	12.3 	11.9 	11.9 		WR26	WR13	WR3	WR59	WR10	WR7	WR11	WR12	WR15	WR9	WR11	WR12	-	WR13	WR12	WR14	WR15		WR13	12.1 	0.0 	0.0 	0.0 	0.0 	5.8 	65.7 	0.4 	13 	0.568 	1.000 	0.870 	1 	0.429 	0.000 	28 	0.648 		146 	Malik Willis	0.337 	QB20	Tony Pollard	0.429 	RB29	Rashee Rice	0.510 	WR24	AJ Barner	0.138 	TE33		WR10	12.8 	0.0 	0.0 	0.0 	0.0 	17.3 	197.1 	1.3 	10 	0.456 	1.000 	0.900 	1 	0.326 	0.000 	#N/A	0.604 		51.0 	Malik Willis	42 	QB25	Tony Pollard	35 	RB28	Rashee Rice	32 	WR39	AJ Barner	21 	TE25					New York Jets	Tennessee Titans	0 	0.0 	0 	0.0 	6.0 	79 	0.0 	0.0 	0.0 	0.0 	0.0 	10.9 	WR26		New York Jets	Green Bay Packers	0 	0.0 	0 	0.0 	5.0 	57 	1.0 	0.0 	0.0 	0.0 	0.0 	14.2 	WR13		New York Jets	Detroit Lions	0 	0.0 	0 	0.0 	10.0 	107 	1.0 	0.0 	0.0 	0.0 	0.0 	21.7 	WR3		New York Jets	Chicago Bears	0 	0.0 	0 	0.0 	3.0 	27 	0.0 	0.0 	0.0 	0.0 	0.0 	4.2 	WR59		New York Jets	Cleveland Browns	0 	0.0 	0 	0.0 	5.7 	65 	0.5 	0.0 	0.0 	0.0 	0.0 	12.3 	WR10		New York Jets	New England Patriots	0 	0.0 	0 	0.0 	5.8 	67 	0.4 	0.0 	0.0 	0.0 	0.0 	12.3 	WR7		New York Jets	Miami Dolphins	0 	0.0 	0 	0.0 	5.8 	66 	0.5 	0.0 	0.0 	0.0 	0.0 	12.6 	WR11		New York Jets	Las Vegas Raiders	0 	0.0 	0 	0.0 	5.7 	65 	0.5 	0.0 	0.0 	0.0 	0.0 	12.3 	WR12		New York Jets	Kansas City Chiefs	0 	0.0 	0 	0.0 	5.7 	65 	0.4 	0.0 	0.0 	0.0 	0.0 	11.8 	WR15		New York Jets	Buffalo Bills	0 	0.0 	0 	0.0 	6.0 	68 	0.5 	0.0 	0.0 	0.0 	0.0 	12.7 	WR9		New York Jets	Los Angeles Chargers	0 	0.0 	0 	0.0 	5.7 	65 	0.4 	0.0 	0.0 	0.0 	0.0 	11.8 	WR11		New York Jets	Miami Dolphins	0 	0.0 	0 	0.0 	5.7 	65 	0.5 	0.0 	0.0 	0.0 	0.0 	12.1 	WR12		New York Jets	BYE	0 	0.0 	0 	0.0 	0.0 	0 	0.0 	0.0 	0.0 	0.0 	0.0 	0.0 	-		New York Jets	Denver Broncos	0 	0.0 	0 	0.0 	5.7 	65 	0.4 	0.0 	0.0 	0.0 	0.0 	11.9 	WR13		New York Jets	Arizona Cardinals	0 	0.0 	0 	0.0 	5.8 	66 	0.5 	0.0 	0.0 	0.0 	0.0 	12.3 	WR12		New York Jets	New England Patriots	0 	0.0 	0 	0.0 	5.7 	65 	0.4 	0.0 	0.0 	0.0 	0.0 	11.9 	WR14		New York Jets	Minnesota Vikings	0 	0.0 	0 	0.0 	5.7 	65 	0.4 	0.0 	0.0 	0.0 	0.0 	11.9 	WR15		Actual	Actual	Actual	Actual	Forecast	Forecast	Forecast	Forecast	Forecast	Forecast	Forecast	Forecast	Forecast	Forecast	Forecast	Forecast	Forecast		Healthy	Healthy	Healthy	Healthy	Healthy	Healthy	Healthy	Healthy	Healthy	Healthy	Healthy	Healthy	Healthy	Healthy	Healthy	Healthy	Healthy		Week 5 2026	10/6/2026	7:50:59 PM	19		30%	35%	0%	1%	0%	0%		0.0 	0	0	0	0	0	0.044716 
	D'Andre Swift	Chicago Bears	RB	RB13	13.2 	211 	0 	0.0 	0.0 	0.0 	1,030 	64.4 	9.3 	0.6 	35.5 	2.2 	309 	19.3 	1.7 	0.1 	0.0 	3.6 	0.0 	0.571 	1.000 	0.852 	1 	0.377 	0.000 	29 	42 	13 	13 	19 	6 	0.620 			Geno Smith	0.150 	QB29	RJ Harvey	0.403 	RB29	Jaylen Waddle	0.462 	WR29	Gunnar Helm	0.149 	TE30		31.9 	10.4 	9.8 	6.4 	12.5 	12.6 	12.6 	11.3 	13.1 	0.0 	13.7 	12.5 	12.9 	13.3 	12.0 	12.6 	12.9 		RB3	RB19	RB22	RB36	RB15	RB12	RB16	RB17	RB14	-	RB10	RB15	RB11	RB12	RB20	RB15	RB14		RB15	12.7 	0.0 	0.0 	59.9 	0.5 	2.1 	18.7 	0.1 	15 	0.593 	1.000 	0.828 	1 	0.389 	0.000 	33 	0.617 		152 	Geno Smith	0.159 	QB30	RJ Harvey	0.441 	RB27	Jaylen Waddle	0.495 	WR27	Gunnar Helm	0.162 	TE28		RB12	14.6 	0.0 	0.0 	179.8 	1.6 	6.4 	56.2 	0.4 	12 	0.523 	1.000 	0.864 	1 	0.387 	0.000 	#N/A	0.622 		58.5 	Geno Smith	60 	QB18	RJ Harvey	28 	RB32	Jaylen Waddle	36 	WR30	Gunnar Helm	13 	TE34					Chicago Bears	Carolina Panthers	0 	0.0 	124 	3.0 	1.0 	10 	0.0 	0.0 	0.0 	0.0 	0.0 	31.9 	RB3		Chicago Bears	Minnesota Vikings	0 	0.0 	45 	0.0 	5.0 	54 	0.0 	0.0 	1.0 	0.0 	0.0 	10.4 	RB19		Chicago Bears	Philadelphia Eagles	0 	0.0 	84 	0.0 	2.0 	4 	0.0 	0.0 	0.0 	0.0 	0.0 	9.8 	RB22		Chicago Bears	New York Jets	0 	0.0 	58 	0.0 	2.0 	16 	0.0 	0.0 	1.0 	0.0 	0.0 	6.4 	RB36		Chicago Bears	Green Bay Packers	0 	0.0 	60 	0.5 	2.1 	18 	0.1 	0.0 	0.2 	0.0 	0.0 	12.5 	RB15		Chicago Bears	Atlanta Falcons	0 	0.0 	60 	0.5 	2.1 	19 	0.1 	0.0 	0.2 	0.0 	0.0 	12.6 	RB12		Chicago Bears	New England Patriots	0 	0.0 	60 	0.5 	2.1 	19 	0.1 	0.0 	0.1 	0.0 	0.0 	12.6 	RB16		Chicago Bears	Seattle Seahawks	0 	0.0 	53 	0.4 	2.1 	19 	0.1 	0.0 	0.1 	0.0 	0.0 	11.3 	RB17		Chicago Bears	Tampa Bay Buccaneers	0 	0.0 	61 	0.6 	2.2 	19 	0.1 	0.0 	0.1 	0.0 	0.0 	13.1 	RB14		Chicago Bears	BYE	0 	0.0 	0 	0.0 	0.0 	0 	0.0 	0.0 	0.0 	0.0 	0.0 	0.0 	-		Chicago Bears	New Orleans Saints	0 	0.0 	66 	0.6 	2.1 	18 	0.1 	0.0 	0.1 	0.0 	0.0 	13.7 	RB10		Chicago Bears	Detroit Lions	0 	0.0 	58 	0.5 	2.2 	19 	0.1 	0.0 	0.1 	0.0 	0.0 	12.5 	RB15		Chicago Bears	Jacksonville Jaguars	0 	0.0 	61 	0.5 	2.1 	19 	0.1 	0.0 	0.1 	0.0 	0.0 	12.9 	RB11		Chicago Bears	Miami Dolphins	0 	0.0 	64 	0.6 	2.1 	19 	0.1 	0.0 	0.1 	0.0 	0.0 	13.3 	RB12		Chicago Bears	Buffalo Bills	0 	0.0 	55 	0.5 	2.2 	19 	0.1 	0.0 	0.1 	0.0 	0.0 	12.0 	RB20		Chicago Bears	Green Bay Packers	0 	0.0 	60 	0.5 	2.1 	19 	0.1 	0.0 	0.1 	0.0 	0.0 	12.6 	RB15		Chicago Bears	Detroit Lions	0 	0.0 	61 	0.5 	2.1 	19 	0.1 	0.0 	0.1 	0.0 	0.0 	12.9 	RB14		Actual	Actual	Actual	Actual	Forecast	Forecast	Forecast	Forecast	Forecast	Forecast	Forecast	Forecast	Forecast	Forecast	Forecast	Forecast	Forecast		Healthy	Healthy	Healthy	Healthy	Healthy	Healthy	Healthy	Healthy	Healthy	Healthy	Healthy	Healthy	Healthy	Healthy	Healthy	Healthy	Healthy		Week 5 2026	10/6/2026	7:50:59 PM	19		9%	9%	41%	50%	0%	0%		(0.0)	0	0	0	0	0	(0.005090)
	Davante Adams	Los Angeles Rams	WR	WR15	12.0 	193 	0 	0.0 	0.0 	0.0 	0 	0.0 	0.0 	0.0 	68.0 	4.3 	1,067 	66.7 	8.7 	0.5 	0.0 	0.2 	0.0 	0.523 	1.000 	0.850 	1 	0.363 	0.000 	31 	56 	25 	15 	25 	10 	0.606 			Kyler Murray	0.139 	QB30	Josh Jacobs	0.368 	RB30	Ladd McConkey	0.459 	WR30	Evan Engram	0.153 	TE29		4.1 	35.5 	17.2 	5.2 	11.5 	11.3 	10.6 	10.9 	11.1 	10.8 	0.0 	10.7 	10.6 	10.9 	11.1 	10.3 	10.7 		WR62	WR2	WR11	WR54	WR13	WR14	WR20	WR19	WR18	WR20	-	WR21	WR19	WR18	WR19	WR22	WR20		WR20	10.9 	0.0 	0.0 	0.0 	0.0 	3.8 	56.4 	0.6 	19 	0.509 	1.000 	0.810 	1 	0.321 	0.000 	41 	0.569 		131 	Kyler Murray	0.328 	QB21	Josh Jacobs	0.452 	RB25	Ladd McConkey	0.500 	WR26	Evan Engram	0.156 	TE29		WR6	15.5 	0.0 	0.0 	0.0 	0.0 	11.5 	169.2 	1.7 	6 	0.554 	1.000 	0.940 	2 	0.475 	0.000 	#N/A	0.696 		62.0 	Kyler Murray	23 	QB37	Josh Jacobs	0 	RB73	Ladd McConkey	30 	WR42	Evan Engram	16 	TE29					Los Angeles Rams	San Francisco 49ers	0 	0.0 	0 	0.0 	3.0 	26 	0.0 	0.0 	0.0 	0.0 	0.0 	4.1 	WR62		Los Angeles Rams	New York Giants	0 	0.0 	0 	0.0 	8.0 	195 	2.0 	0.0 	0.0 	0.0 	0.0 	35.5 	WR2		Los Angeles Rams	Denver Broncos	0 	0.0 	0 	0.0 	7.0 	137 	0.0 	0.0 	0.0 	0.0 	0.0 	17.2 	WR11		Los Angeles Rams	Philadelphia Eagles	0 	0.0 	0 	0.0 	4.0 	32 	0.0 	0.0 	0.0 	0.0 	0.0 	5.2 	WR54		Los Angeles Rams	Buffalo Bills	0 	0.0 	0 	0.0 	4.0 	59 	0.6 	0.0 	0.0 	0.0 	0.0 	11.5 	WR13		Los Angeles Rams	Arizona Cardinals	0 	0.0 	0 	0.0 	3.9 	57 	0.6 	0.0 	0.0 	0.0 	0.0 	11.3 	WR14		Los Angeles Rams	Las Vegas Raiders	0 	0.0 	0 	0.0 	3.7 	55 	0.5 	0.0 	0.0 	0.0 	0.0 	10.6 	WR20		Los Angeles Rams	Los Angeles Chargers	0 	0.0 	0 	0.0 	3.9 	57 	0.5 	0.0 	0.0 	0.0 	0.0 	10.9 	WR19		Los Angeles Rams	Washington Commanders	0 	0.0 	0 	0.0 	3.9 	57 	0.6 	0.0 	0.0 	0.0 	0.0 	11.1 	WR18		Los Angeles Rams	Arizona Cardinals	0 	0.0 	0 	0.0 	3.8 	55 	0.6 	0.0 	0.0 	0.0 	0.0 	10.8 	WR20		Los Angeles Rams	BYE	0 	0.0 	0 	0.0 	0.0 	0 	0.0 	0.0 	0.0 	0.0 	0.0 	0.0 	-		Los Angeles Rams	Green Bay Packers	0 	0.0 	0 	0.0 	3.8 	56 	0.5 	0.0 	0.0 	0.0 	0.0 	10.7 	WR21		Los Angeles Rams	Kansas City Chiefs	0 	0.0 	0 	0.0 	3.8 	55 	0.5 	0.0 	0.0 	0.0 	0.0 	10.6 	WR19		Los Angeles Rams	San Francisco 49ers	0 	0.0 	0 	0.0 	3.9 	57 	0.5 	0.0 	0.0 	0.0 	0.0 	10.9 	WR18		Los Angeles Rams	Dallas Cowboys	0 	0.0 	0 	0.0 	3.9 	57 	0.6 	0.0 	0.0 	0.0 	0.0 	11.1 	WR19		Los Angeles Rams	Seattle Seahawks	0 	0.0 	0 	0.0 	3.8 	55 	0.5 	0.0 	0.0 	0.0 	0.0 	10.3 	WR22		Los Angeles Rams	Tampa Bay Buccaneers	0 	0.0 	0 	0.0 	3.8 	56 	0.5 	0.0 	0.0 	0.0 	0.0 	10.7 	WR20		Actual	Actual	Actual	Actual	Forecast	Forecast	Forecast	Forecast	Forecast	Forecast	Forecast	Forecast	Forecast	Forecast	Forecast	Forecast	Forecast		Healthy	Healthy	Healthy	Healthy	Healthy	Healthy	Healthy	Healthy	Healthy	Healthy	Healthy	Healthy	Healthy	Healthy	Healthy	Healthy	Healthy		Week 5 2026	10/6/2026	7:50:59 PM	19		24%	29%	0%	0%	0%	0%		(0.1)	0	0	0	0	0	(0.126794)
	DeVonta Smith	Philadelphia Eagles	WR	WR16	12.3 	185 	0 	0.0 	0.0 	0.0 	0 	0.0 	0.0 	0.0 	80.9 	5.4 	1,046 	69.7 	6.7 	0.4 	0.0 	0.2 	0.0 	0.501 	1.000 	0.830 	1 	0.384 	0.000 	32 	31 	(1)	17 	13 	(4)	0.602 			Daniel Jones	0.091 	QB31	Ollie Gordon II	0.366 	RB31	A.J. Brown	0.430 	WR32	Terrance Ferguson	0.144 	TE31		6.8 	22.7 	9.5 	0.0 	10.9 	12.1 	12.9 	12.4 	12.4 	0.0 	12.1 	12.7 	12.0 	12.7 	12.0 	11.3 	12.2 		WR42	WR6	WR35	-	WR18	WR8	WR10	WR10	WR13	-	WR9	WR9	WR11	WR8	WR15	WR17	WR14		WR12	12.1 	0.0 	0.0 	0.0 	0.0 	5.2 	67.6 	0.5 	12 	0.568 	1.000 	0.880 	1 	0.429 	0.000 	27 	0.653 		146 	Daniel Jones	0.224 	QB28	Ollie Gordon II	0.374 	RB31	A.J. Brown	0.606 	WR16	Terrance Ferguson	0.143 	TE32		WR24	13.0 	0.0 	0.0 	0.0 	0.0 	20.6 	270.4 	1.9 	24 	0.348 	1.000 	0.760 	1 	0.163 	0.000 	#N/A	0.459 		39.0 	Daniel Jones	36 	QB27	Ollie Gordon II	31 	RB29	A.J. Brown	4 	WR95	Terrance Ferguson	16 	TE28					Philadelphia Eagles	Washington Commanders	0 	0.0 	0 	0.0 	3.0 	53 	0.0 	0.0 	0.0 	0.0 	0.0 	6.8 	WR42		Philadelphia Eagles	Tennessee Titans	0 	0.0 	0 	0.0 	10.0 	117 	1.0 	0.0 	0.0 	0.0 	0.0 	22.7 	WR6		Philadelphia Eagles	Chicago Bears	0 	0.0 	0 	0.0 	6.0 	65 	0.0 	0.0 	0.0 	0.0 	0.0 	9.5 	WR35		Philadelphia Eagles	Los Angeles Rams	0 	0.0 	0 	0.0 	0.0 	0 	0.0 	0.0 	0.0 	0.0 	0.0 	0.0 	-		Philadelphia Eagles	Jacksonville Jaguars	0 	0.0 	0 	0.0 	4.8 	63 	0.4 	0.0 	0.0 	0.0 	0.0 	10.9 	WR18		Philadelphia Eagles	Carolina Panthers	0 	0.0 	0 	0.0 	5.2 	68 	0.5 	0.0 	0.0 	0.0 	0.0 	12.1 	WR8		Philadelphia Eagles	Dallas Cowboys	0 	0.0 	0 	0.0 	5.4 	71 	0.5 	0.0 	0.0 	0.0 	0.0 	12.9 	WR10		Philadelphia Eagles	Washington Commanders	0 	0.0 	0 	0.0 	5.3 	69 	0.5 	0.0 	0.0 	0.0 	0.0 	12.4 	WR10		Philadelphia Eagles	New York Giants	0 	0.0 	0 	0.0 	5.2 	68 	0.5 	0.0 	0.0 	0.0 	0.0 	12.4 	WR13		Philadelphia Eagles	BYE	0 	0.0 	0 	0.0 	0.0 	0 	0.0 	0.0 	0.0 	0.0 	0.0 	0.0 	-		Philadelphia Eagles	Pittsburgh Steelers	0 	0.0 	0 	0.0 	5.1 	67 	0.5 	0.0 	0.0 	0.0 	0.0 	12.1 	WR9		Philadelphia Eagles	Dallas Cowboys	0 	0.0 	0 	0.0 	5.4 	70 	0.5 	0.0 	0.0 	0.0 	0.0 	12.7 	WR9		Philadelphia Eagles	Arizona Cardinals	0 	0.0 	0 	0.0 	5.0 	66 	0.5 	0.0 	0.0 	0.0 	0.0 	12.0 	WR11		Philadelphia Eagles	Indianapolis Colts	0 	0.0 	0 	0.0 	5.3 	69 	0.5 	0.0 	0.0 	0.0 	0.0 	12.7 	WR8		Philadelphia Eagles	Seattle Seahawks	0 	0.0 	0 	0.0 	5.1 	67 	0.5 	0.0 	0.0 	0.0 	0.0 	12.0 	WR15		Philadelphia Eagles	Houston Texans	0 	0.0 	0 	0.0 	4.9 	64 	0.4 	0.0 	0.0 	0.0 	0.0 	11.3 	WR17		Philadelphia Eagles	San Francisco 49ers	0 	0.0 	0 	0.0 	5.2 	68 	0.5 	0.0 	0.0 	0.0 	0.0 	12.2 	WR14		Actual	Actual	Actual	Actual	Forecast	Forecast	Forecast	Forecast	Forecast	Forecast	Forecast	Forecast	Forecast	Forecast	Forecast	Forecast	Forecast		Healthy	Healthy	Healthy	Injured	Limited / Handicapped	Healthy	Healthy	Healthy	Healthy	Healthy	Healthy	Healthy	Healthy	Healthy	Healthy	Healthy	Healthy		Week 5 2026	10/6/2026	7:50:59 PM	19		32%	31%	0%	0%	0%	0%		0.2 	0	0	1	0	0	
	Bucky Irving	Tampa Bay Buccaneers	RB	RB15	12.6 	201 	0 	0.0 	0.0 	0.0 	1,084 	67.7 	5.9 	0.4 	49.4 	3.1 	305 	19.0 	1.5 	0.1 	0.0 	3.4 	0.0 	0.546 	1.000 	0.828 	1 	0.336 	0.000 	34 	47 	13 	15 	21 	6 	0.589 			Jaxson Dart	0.054 	QB32	J.K. Dobbins	0.362 	RB32	DJ Moore	0.434 	WR31	Greg Dulcich	0.140 	TE32		16.8 	11.0 	6.8 	6.1 	11.5 	12.0 	14.1 	15.1 	13.1 	0.0 	13.1 	14.3 	13.3 	12.4 	14.4 	14.1 	13.0 		RB13	RB15	RB34	RB38	RB18	RB16	RB10	RB11	RB12	-	RB12	RB12	RB9	RB14	RB10	RB11	RB12		RB12	13.4 	0.0 	0.0 	70.2 	0.4 	3.0 	20.3 	0.1 	12 	0.626 	1.000 	0.864 	1 	0.442 	0.000 	26 	0.660 		161 	Jaxson Dart	0.000 	QB38	J.K. Dobbins	0.434 	RB28	DJ Moore	0.485 	WR29	Greg Dulcich	0.152 	TE30		RB23	10.2 	0.0 	0.0 	210.7 	1.2 	9.1 	60.9 	0.4 	23 	0.364 	1.000 	0.731 	0 	0.153 	0.000 	#N/A	0.445 		40.7 	Jaxson Dart	27 	QB32	J.K. Dobbins	19 	RB45	DJ Moore	30 	WR43	Greg Dulcich	14 	TE32					Tampa Bay Buccaneers	Cincinnati Bengals	0 	0.0 	45 	1.0 	7.0 	48 	0.0 	0.0 	1.0 	0.0 	0.0 	16.8 	RB13		Tampa Bay Buccaneers	Cleveland Browns	0 	0.0 	89 	0.0 	4.0 	1 	0.0 	0.0 	0.0 	0.0 	0.0 	11.0 	RB15		Tampa Bay Buccaneers	Minnesota Vikings	0 	0.0 	46 	0.0 	2.0 	12 	0.0 	0.0 	0.0 	0.0 	0.0 	6.8 	RB34		Tampa Bay Buccaneers	Green Bay Packers	0 	0.0 	61 	0.0 	0.0 	0 	0.0 	0.0 	0.0 	0.0 	0.0 	6.1 	RB38		Tampa Bay Buccaneers	Dallas Cowboys	0 	0.0 	58 	0.3 	3.1 	21 	0.1 	0.0 	0.2 	0.0 	0.0 	11.5 	RB18		Tampa Bay Buccaneers	Pittsburgh Steelers	0 	0.0 	66 	0.3 	2.8 	19 	0.1 	0.0 	0.2 	0.0 	0.0 	12.0 	RB16		Tampa Bay Buccaneers	Carolina Panthers	0 	0.0 	75 	0.4 	3.0 	20 	0.1 	0.0 	0.2 	0.0 	0.0 	14.1 	RB10		Tampa Bay Buccaneers	Atlanta Falcons	0 	0.0 	81 	0.5 	3.0 	20 	0.1 	0.0 	0.2 	0.0 	0.0 	15.1 	RB11		Tampa Bay Buccaneers	Chicago Bears	0 	0.0 	68 	0.4 	3.1 	21 	0.1 	0.0 	0.2 	0.0 	0.0 	13.1 	RB12		Tampa Bay Buccaneers	BYE	0 	0.0 	0 	0.0 	0.0 	0 	0.0 	0.0 	0.0 	0.0 	0.0 	0.0 	-		Tampa Bay Buccaneers	Detroit Lions	0 	0.0 	68 	0.4 	3.1 	21 	0.1 	0.0 	0.2 	0.0 	0.0 	13.1 	RB12		Tampa Bay Buccaneers	Carolina Panthers	0 	0.0 	76 	0.5 	3.0 	20 	0.1 	0.0 	0.2 	0.0 	0.0 	14.3 	RB12		Tampa Bay Buccaneers	Los Angeles Chargers	0 	0.0 	70 	0.4 	3.0 	20 	0.1 	0.0 	0.2 	0.0 	0.0 	13.3 	RB9		Tampa Bay Buccaneers	Baltimore Ravens	0 	0.0 	63 	0.4 	3.1 	21 	0.1 	0.0 	0.2 	0.0 	0.0 	12.4 	RB14		Tampa Bay Buccaneers	New Orleans Saints	0 	0.0 	76 	0.5 	3.1 	20 	0.1 	0.0 	0.2 	0.0 	0.0 	14.4 	RB10		Tampa Bay Buccaneers	Atlanta Falcons	0 	0.0 	75 	0.4 	3.0 	20 	0.1 	0.0 	0.2 	0.0 	0.0 	14.1 	RB11		Tampa Bay Buccaneers	Los Angeles Rams	0 	0.0 	67 	0.4 	3.1 	21 	0.1 	0.0 	0.2 	0.0 	0.0 	13.0 	RB12		Actual	Actual	Actual	Actual	Forecast	Forecast	Forecast	Forecast	Forecast	Forecast	Forecast	Forecast	Forecast	Forecast	Forecast	Forecast	Forecast		Healthy	Healthy	Healthy	Healthy	Healthy	Healthy	Healthy	Healthy	Healthy	Healthy	Healthy	Healthy	Healthy	Healthy	Healthy	Healthy	Healthy		Week 5 2026	10/6/2026	7:50:59 PM	19		9%	8%	61%	51%	0%	0%		0.2 	0	0	0	0	0	0.214907 
	Drake London	Atlanta Falcons	WR	WR14	12.2 	195 	0 	0.0 	0.0 	0.0 	4 	0.3 	0.0 	0.0 	80.9 	5.1 	1,223 	76.4 	5.3 	0.3 	0.0 	0.2 	0.0 	0.529 	1.000 	0.860 	1 	0.374 	0.000 	30 	21 	(9)	14 	8 	(6)	0.616 			Jameis Winston	0.053 	QB33	Travis Etienne Jr.	0.342 	RB33	Luther Burden III	0.425 	WR33	Tyler Higbee	0.134 	TE33		4.5 	6.9 	23.9 	12.1 	12.3 	12.5 	12.4 	12.3 	12.9 	12.1 	0.0 	11.8 	12.7 	11.5 	12.4 	12.2 	12.2 		WR58	WR34	WR2	WR22	WR9	WR6	WR13	WR13	WR8	WR13	-	WR15	WR10	WR16	WR9	WR9	WR13		WR10	12.3 	0.0 	0.0 	0.0 	0.0 	5.1 	71.1 	0.4 	10 	0.575 	1.000 	0.900 	1 	0.441 	0.000 	24 	0.668 		147 	Jameis Winston	0.129 	QB31	Travis Etienne Jr.	0.353 	RB33	Luther Burden III	0.421 	WR36	Tyler Higbee	0.126 	TE34		WR15	11.9 	0.0 	0.0 	0.0 	0.0 	15.2 	213.3 	1.3 	15 	0.423 	1.000 	0.850 	1 	0.277 	0.000 	#N/A	0.557 		47.4 	Jameis Winston	27 	QB33	Travis Etienne Jr.	25 	RB37	Luther Burden III	37 	WR28	Tyler Higbee	26 	TE22					Atlanta Falcons	Pittsburgh Steelers	0 	0.0 	6 	0.0 	2.0 	29 	0.0 	0.0 	0.0 	0.0 	0.0 	4.5 	WR58		Atlanta Falcons	Carolina Panthers	0 	0.0 	(2)	0.0 	4.0 	51 	0.0 	0.0 	0.0 	0.0 	0.0 	6.9 	WR34		Atlanta Falcons	Green Bay Packers	0 	0.0 	0 	0.0 	9.0 	194 	0.0 	0.0 	0.0 	0.0 	0.0 	23.9 	WR2		Atlanta Falcons	New Orleans Saints	0 	0.0 	0 	0.0 	5.0 	96 	0.0 	0.0 	0.0 	0.0 	0.0 	12.1 	WR22		Atlanta Falcons	Baltimore Ravens	0 	0.0 	0 	0.0 	5.0 	71 	0.5 	0.0 	0.0 	0.0 	0.0 	12.3 	WR9		Atlanta Falcons	Chicago Bears	0 	0.0 	0 	0.0 	5.1 	72 	0.5 	0.0 	0.0 	0.0 	0.0 	12.5 	WR6		Atlanta Falcons	San Francisco 49ers	0 	0.0 	0 	0.0 	5.1 	72 	0.4 	0.0 	0.0 	0.0 	0.0 	12.4 	WR13		Atlanta Falcons	Tampa Bay Buccaneers	0 	0.0 	0 	0.0 	5.1 	71 	0.4 	0.0 	0.0 	0.0 	0.0 	12.3 	WR13		Atlanta Falcons	Cincinnati Bengals	0 	0.0 	0 	0.0 	5.3 	74 	0.5 	0.0 	0.0 	0.0 	0.0 	12.9 	WR8		Atlanta Falcons	Kansas City Chiefs	0 	0.0 	0 	0.0 	5.0 	71 	0.4 	0.0 	0.0 	0.0 	0.0 	12.1 	WR13		Atlanta Falcons	BYE	0 	0.0 	0 	0.0 	0.0 	0 	0.0 	0.0 	0.0 	0.0 	0.0 	0.0 	-		Atlanta Falcons	Minnesota Vikings	0 	0.0 	0 	0.0 	5.0 	69 	0.4 	0.0 	0.0 	0.0 	0.0 	11.8 	WR15		Atlanta Falcons	Detroit Lions	0 	0.0 	0 	0.0 	5.2 	73 	0.5 	0.0 	0.0 	0.0 	0.0 	12.7 	WR10		Atlanta Falcons	Cleveland Browns	0 	0.0 	0 	0.0 	4.8 	68 	0.4 	0.0 	0.0 	0.0 	0.0 	11.5 	WR16		Atlanta Falcons	Washington Commanders	0 	0.0 	0 	0.0 	5.1 	72 	0.4 	0.0 	0.0 	0.0 	0.0 	12.4 	WR9		Atlanta Falcons	Tampa Bay Buccaneers	0 	0.0 	0 	0.0 	5.0 	71 	0.4 	0.0 	0.0 	0.0 	0.0 	12.2 	WR9		Atlanta Falcons	New Orleans Saints	0 	0.0 	0 	0.0 	5.0 	70 	0.5 	0.0 	0.0 	0.0 	0.0 	12.2 	WR13		Actual	Actual	Actual	Actual	Forecast	Forecast	Forecast	Forecast	Forecast	Forecast	Forecast	Forecast	Forecast	Forecast	Forecast	Forecast	Forecast		Healthy	Healthy	Healthy	Healthy	Healthy	Healthy	Healthy	Healthy	Healthy	Healthy	Healthy	Healthy	Healthy	Healthy	Healthy	Healthy	Healthy		Week 5 2026	10/6/2026	7:50:59 PM	19		36%	35%	0%	0%	0%	0%		0.1 	0	0	0	0	0	0.110811 
	Jaylen Warren	Pittsburgh Steelers	RB	RB14	12.6 	201 	0 	0.0 	0.0 	0.0 	894 	55.9 	3.5 	0.2 	59.3 	3.7 	528 	33.0 	2.3 	0.1 	0.0 	2.7 	0.0 	0.546 	1.000 	0.840 	1 	0.337 	0.000 	33 	67 	34 	14 	27 	13 	0.595 			Michael Penix Jr.	0.045 	QB34	Jacory Croskey-Merritt	0.334 	RB34	DK Metcalf	0.412 	WR35	Chig Okonkwo	0.128 	TE34		7.8 	8.7 	19.1 	14.1 	13.4 	12.7 	13.1 	13.5 	0.0 	12.5 	11.3 	11.8 	12.1 	12.4 	12.7 	13.1 	12.9 		RB32	RB24	RB8	RB21	RB11	RB11	RB12	RB13	-	RB14	RB19	RB19	RB13	RB15	RB15	RB13	RB15		RB16	12.6 	0.0 	0.0 	48.8 	0.3 	3.9 	32.0 	0.2 	16 	0.591 	1.000 	0.816 	1 	0.386 	0.000 	34 	0.610 		152 	Michael Penix Jr.	0.066 	QB32	Jacory Croskey-Merritt	0.361 	RB32	DK Metcalf	0.412 	WR37	Chig Okonkwo	0.148 	TE31		RB14	12.4 	0.0 	0.0 	146.3 	0.9 	11.6 	96.1 	0.6 	14 	0.444 	1.000 	0.840 	1 	0.271 	0.000 	#N/A	0.553 		49.7 	Michael Penix Jr.	27 	QB34	Jacory Croskey-Merritt	28 	RB31	DK Metcalf	35 	WR33	Chig Okonkwo	4 	TE39					Pittsburgh Steelers	Atlanta Falcons	0 	0.0 	46 	0.0 	5.0 	27 	0.0 	0.0 	1.0 	0.0 	0.0 	7.8 	RB32		Pittsburgh Steelers	New England Patriots	0 	0.0 	43 	0.0 	2.0 	34 	0.0 	0.0 	0.0 	0.0 	0.0 	8.7 	RB24		Pittsburgh Steelers	Cincinnati Bengals	0 	0.0 	127 	0.0 	3.0 	49 	0.0 	0.0 	0.0 	0.0 	0.0 	19.1 	RB8		Pittsburgh Steelers	Cleveland Browns	0 	0.0 	93 	0.0 	3.0 	33 	0.0 	0.0 	0.0 	0.0 	0.0 	14.1 	RB21		Pittsburgh Steelers	Indianapolis Colts	0 	0.0 	52 	0.3 	3.9 	33 	0.2 	0.0 	0.1 	0.0 	0.0 	13.4 	RB11		Pittsburgh Steelers	Tampa Bay Buccaneers	0 	0.0 	50 	0.3 	3.8 	32 	0.2 	0.0 	0.1 	0.0 	0.0 	12.7 	RB11		Pittsburgh Steelers	New Orleans Saints	0 	0.0 	51 	0.3 	3.9 	32 	0.2 	0.0 	0.1 	0.0 	0.0 	13.1 	RB12		Pittsburgh Steelers	Cleveland Browns	0 	0.0 	56 	0.4 	3.7 	31 	0.2 	0.0 	0.1 	0.0 	0.0 	13.5 	RB13		Pittsburgh Steelers	BYE	0 	0.0 	0 	0.0 	0.0 	0 	0.0 	0.0 	0.0 	0.0 	0.0 	0.0 	-		Pittsburgh Steelers	Cincinnati Bengals	0 	0.0 	46 	0.3 	4.0 	33 	0.2 	0.0 	0.1 	0.0 	0.0 	12.5 	RB14		Pittsburgh Steelers	Philadelphia Eagles	0 	0.0 	41 	0.2 	3.9 	32 	0.2 	0.0 	0.1 	0.0 	0.0 	11.3 	RB19		Pittsburgh Steelers	Denver Broncos	0 	0.0 	46 	0.3 	3.7 	31 	0.2 	0.0 	0.1 	0.0 	0.0 	11.8 	RB19		Pittsburgh Steelers	Houston Texans	0 	0.0 	47 	0.3 	3.8 	32 	0.2 	0.0 	0.1 	0.0 	0.0 	12.1 	RB13		Pittsburgh Steelers	Jacksonville Jaguars	0 	0.0 	47 	0.3 	3.9 	32 	0.2 	0.0 	0.1 	0.0 	0.0 	12.4 	RB15		Pittsburgh Steelers	Baltimore Ravens	0 	0.0 	48 	0.3 	3.9 	33 	0.2 	0.0 	0.1 	0.0 	0.0 	12.7 	RB15		Pittsburgh Steelers	Carolina Panthers	0 	0.0 	51 	0.3 	3.9 	32 	0.2 	0.0 	0.1 	0.0 	0.0 	13.1 	RB13		Pittsburgh Steelers	Tennessee Titans	0 	0.0 	51 	0.3 	3.9 	32 	0.2 	0.0 	0.1 	0.0 	0.0 	12.9 	RB15		Actual	Actual	Actual	Actual	Forecast	Forecast	Forecast	Forecast	Forecast	Forecast	Forecast	Forecast	Forecast	Forecast	Forecast	Forecast	Forecast		Healthy	Healthy	Healthy	Healthy	Healthy	Healthy	Healthy	Healthy	Healthy	Healthy	Healthy	Healthy	Healthy	Healthy	Healthy	Healthy	Healthy		Week 5 2026	10/6/2026	7:50:59 PM	19		14%	12%	46%	45%	0%	0%		0.1 	0	0	0	0	0	0.057029 
	Parker Washington	Jacksonville Jaguars	WR	WR17	11.6 	186 	0 	0.0 	0.0 	0.0 	3 	0.2 	0.0 	0.0 	73.3 	4.6 	1,053 	65.8 	7.3 	0.5 	0.0 	0.2 	0.0 	0.504 	1.000 	0.840 	1 	0.330 	0.000 	35 	68 	33 	16 	30 	14 	0.586 			Jalon Daniels	0.029 	QB36	Rachaad White	0.326 	RB35	Terry McLaurin	0.415 	WR34	Tommy Tremble	0.118 	TE35		16.8 	13.3 	11.5 	1.5 	11.5 	11.7 	0.0 	12.4 	12.0 	11.9 	11.9 	12.0 	11.7 	11.8 	11.1 	12.2 	12.4 		WR10	WR14	WR27	WR75	WR14	WR10	-	WR11	WR14	WR14	WR10	WR13	WR14	WR14	WR18	WR10	WR11		WR14	11.9 	0.0 	0.0 	0.0 	0.0 	4.8 	68.8 	0.4 	14 	0.556 	1.000 	0.860 	1 	0.406 	0.000 	30 	0.633 		143 	Jalon Daniels	0.037 	QB33	Rachaad White	0.328 	RB35	Terry McLaurin	0.460 	WR32	Tommy Tremble	0.117 	TE35		WR21	10.8 	0.0 	0.0 	0.0 	0.0 	14.3 	206.3 	1.3 	21 	0.385 	1.000 	0.790 	1 	0.218 	0.000 	#N/A	0.501 		43.1 	Jalon Daniels	12 	QB38	Rachaad White	26 	RB36	Terry McLaurin	25 	WR55	Tommy Tremble	14 	TE31					Jacksonville Jaguars	Cleveland Browns	0 	0.0 	0 	0.0 	5.0 	83 	1.0 	0.0 	0.0 	0.0 	0.0 	16.8 	WR10		Jacksonville Jaguars	Denver Broncos	0 	0.0 	0 	0.0 	7.0 	98 	0.0 	0.0 	0.0 	0.0 	0.0 	13.3 	WR14		Jacksonville Jaguars	New England Patriots	0 	0.0 	0 	0.0 	3.0 	40 	1.0 	0.0 	0.0 	0.0 	0.0 	11.5 	WR27		Jacksonville Jaguars	Cincinnati Bengals	0 	0.0 	3 	0.0 	1.0 	7 	0.0 	0.0 	0.0 	0.0 	0.0 	1.5 	WR75		Jacksonville Jaguars	Philadelphia Eagles	0 	0.0 	0 	0.0 	4.6 	66 	0.4 	0.0 	0.0 	0.0 	0.0 	11.5 	WR14		Jacksonville Jaguars	Houston Texans	0 	0.0 	0 	0.0 	4.7 	68 	0.4 	0.0 	0.0 	0.0 	0.0 	11.7 	WR10		Jacksonville Jaguars	BYE	0 	0.0 	0 	0.0 	0.0 	0 	0.0 	0.0 	0.0 	0.0 	0.0 	0.0 	-		Jacksonville Jaguars	Indianapolis Colts	0 	0.0 	0 	0.0 	4.9 	70 	0.5 	0.0 	0.0 	0.0 	0.0 	12.4 	WR11		Jacksonville Jaguars	Baltimore Ravens	0 	0.0 	0 	0.0 	4.9 	70 	0.4 	0.0 	0.0 	0.0 	0.0 	12.0 	WR14		Jacksonville Jaguars	Tennessee Titans	0 	0.0 	0 	0.0 	4.8 	69 	0.4 	0.0 	0.0 	0.0 	0.0 	11.9 	WR14		Jacksonville Jaguars	New York Giants	0 	0.0 	0 	0.0 	4.8 	69 	0.4 	0.0 	0.0 	0.0 	0.0 	11.9 	WR10		Jacksonville Jaguars	Tennessee Titans	0 	0.0 	0 	0.0 	4.8 	69 	0.5 	0.0 	0.0 	0.0 	0.0 	12.0 	WR13		Jacksonville Jaguars	Chicago Bears	0 	0.0 	0 	0.0 	4.7 	68 	0.4 	0.0 	0.0 	0.0 	0.0 	11.7 	WR14		Jacksonville Jaguars	Pittsburgh Steelers	0 	0.0 	0 	0.0 	4.8 	68 	0.4 	0.0 	0.0 	0.0 	0.0 	11.8 	WR14		Jacksonville Jaguars	Houston Texans	0 	0.0 	0 	0.0 	4.6 	66 	0.4 	0.0 	0.0 	0.0 	0.0 	11.1 	WR18		Jacksonville Jaguars	Dallas Cowboys	0 	0.0 	0 	0.0 	4.9 	71 	0.5 	0.0 	0.0 	0.0 	0.0 	12.2 	WR10		Jacksonville Jaguars	Washington Commanders	0 	0.0 	0 	0.0 	4.9 	71 	0.5 	0.0 	0.0 	0.0 	0.0 	12.4 	WR11		Actual	Actual	Actual	Actual	Forecast	Forecast	Forecast	Forecast	Forecast	Forecast	Forecast	Forecast	Forecast	Forecast	Forecast	Forecast	Forecast		Healthy	Healthy	Healthy	Healthy	Healthy	Healthy	Healthy	Healthy	Healthy	Healthy	Healthy	Healthy	Healthy	Healthy	Healthy	Healthy	Healthy		Week 5 2026	10/6/2026	7:50:59 PM	19		30%	27%	0%	0%	0%	0%		0.1 	0	0	0	0	0	0.132352 
	Breece Hall	New York Jets	RB	RB16	12.9 	193 	0 	0.0 	0.0 	0.0 	875 	58.3 	6.2 	0.4 	42.4 	2.8 	416 	27.7 	1.7 	0.1 	0.0 	2.2 	0.0 	0.525 	1.000 	0.804 	1 	0.358 	0.000 	36 	32 	(4)	17 	16 	(1)	0.584 			Marcus Mariota	0.037 	QB35	Blake Corum	0.294 	RB38	Romeo Doubs	0.408 	WR36	Cole Kmet	0.107 	TE36		18.8 	11.7 	7.0 	0.0 	13.7 	12.6 	14.8 	14.4 	11.5 	13.1 	11.5 	13.6 	0.0 	12.1 	13.8 	12.1 	12.7 		RB12	RB13	RB33	-	RB10	RB13	RB9	RB12	RB17	RB13	RB18	RB13	-	RB16	RB13	RB17	RB16		RB13	13.0 	0.0 	0.0 	59.3 	0.4 	2.7 	26.2 	0.1 	13 	0.608 	1.000 	0.852 	1 	0.413 	0.000 	29 	0.640 		156 	Marcus Mariota	0.021 	QB35	Blake Corum	0.307 	RB37	Romeo Doubs	0.358 	WR44	Cole Kmet	0.101 	TE37		RB25	12.5 	0.0 	0.0 	237.4 	1.7 	10.8 	104.7 	0.6 	25 	0.335 	1.000 	0.706 	0 	0.111 	0.000 	#N/A	0.412 		37.5 	Marcus Mariota	35 	QB29	Blake Corum	20 	RB44	Romeo Doubs	38 	WR26	Cole Kmet	13 	TE33					New York Jets	Tennessee Titans	0 	0.0 	102 	1.0 	2.0 	16 	0.0 	0.0 	0.0 	0.0 	0.0 	18.8 	RB12		New York Jets	Green Bay Packers	0 	0.0 	29 	0.0 	5.0 	63 	0.0 	0.0 	0.0 	0.0 	0.0 	11.7 	RB13		New York Jets	Detroit Lions	0 	0.0 	32 	0.0 	3.0 	23 	0.0 	0.0 	0.0 	0.0 	0.0 	7.0 	RB33		New York Jets	Chicago Bears	0 	0.0 	0 	0.0 	0.0 	0 	0.0 	0.0 	0.0 	0.0 	0.0 	0.0 	-		New York Jets	Cleveland Browns	0 	0.0 	64 	0.5 	2.6 	25 	0.1 	0.0 	0.2 	0.0 	0.0 	13.7 	RB10		New York Jets	New England Patriots	0 	0.0 	56 	0.4 	2.7 	27 	0.1 	0.0 	0.2 	0.0 	0.0 	12.6 	RB13		New York Jets	Miami Dolphins	0 	0.0 	69 	0.6 	2.7 	27 	0.2 	0.0 	0.2 	0.0 	0.0 	14.8 	RB9		New York Jets	Las Vegas Raiders	0 	0.0 	68 	0.5 	2.7 	26 	0.2 	0.0 	0.2 	0.0 	0.0 	14.4 	RB12		New York Jets	Kansas City Chiefs	0 	0.0 	51 	0.3 	2.7 	26 	0.1 	0.0 	0.2 	0.0 	0.0 	11.5 	RB17		New York Jets	Buffalo Bills	0 	0.0 	58 	0.4 	2.8 	27 	0.2 	0.0 	0.2 	0.0 	0.0 	13.1 	RB13		New York Jets	Los Angeles Chargers	0 	0.0 	51 	0.3 	2.7 	26 	0.1 	0.0 	0.2 	0.0 	0.0 	11.5 	RB18		New York Jets	Miami Dolphins	0 	0.0 	63 	0.5 	2.7 	26 	0.1 	0.0 	0.2 	0.0 	0.0 	13.6 	RB13		New York Jets	BYE	0 	0.0 	0 	0.0 	0.0 	0 	0.0 	0.0 	0.0 	0.0 	0.0 	0.0 	-		New York Jets	Denver Broncos	0 	0.0 	55 	0.4 	2.7 	26 	0.1 	0.0 	0.2 	0.0 	0.0 	12.1 	RB16		New York Jets	Arizona Cardinals	0 	0.0 	64 	0.5 	2.7 	26 	0.1 	0.0 	0.2 	0.0 	0.0 	13.8 	RB13		New York Jets	New England Patriots	0 	0.0 	55 	0.4 	2.7 	26 	0.1 	0.0 	0.2 	0.0 	0.0 	12.1 	RB17		New York Jets	Minnesota Vikings	0 	0.0 	59 	0.4 	2.7 	26 	0.1 	0.0 	0.2 	0.0 	0.0 	12.7 	RB16		Actual	Actual	Actual	Actual	Forecast	Forecast	Forecast	Forecast	Forecast	Forecast	Forecast	Forecast	Forecast	Forecast	Forecast	Forecast	Forecast		Healthy	Healthy	Healthy	Injured	Limited / Handicapped	Healthy	Healthy	Healthy	Healthy	Healthy	Healthy	Healthy	Healthy	Healthy	Healthy	Healthy	Healthy		Week 5 2026	10/6/2026	7:50:59 PM	19		12%	11%	59%	62%	0%	0%		0.2 	0	0	1	0	0	
	Cam Skattebo	New York Giants	RB	RB17	12.1 	194 	0 	0.0 	0.0 	0.0 	1,081 	67.6 	6.8 	0.4 	31.2 	1.9 	266 	16.6 	1.2 	0.1 	0.0 	2.1 	0.0 	0.526 	1.000 	0.816 	1 	0.305 	0.000 	37 	37 	0 	16 	18 	2 	0.568 			Tyson Bagent	0.021 	QB37	Woody Marks	0.287 	RB39	Josh Downs	0.402 	WR37	Dawson Knox	0.103 	TE37		14.1 	7.5 	11.5 	7.1 	12.2 	13.1 	11.6 	0.0 	11.7 	14.3 	13.3 	13.3 	13.2 	11.3 	13.9 	13.0 	13.0 		RB15	RB30	RB17	RB34	RB16	RB10	RB17	-	RB15	RB11	RB11	RB14	RB10	RB20	RB11	RB14	RB13		RB14	12.8 	0.0 	0.0 	70.5 	0.5 	1.9 	16.6 	0.1 	14 	0.599 	1.000 	0.840 	1 	0.399 	0.000 	31 	0.628 		154 	Tyson Bagent	0.029 	QB34	Woody Marks	0.284 	RB39	Josh Downs	0.439 	WR34	Dawson Knox	0.096 	TE38		RB24	10.1 	0.0 	0.0 	211.5 	1.4 	5.8 	49.8 	0.3 	24 	0.359 	1.000 	0.719 	0 	0.146 	0.000 	#N/A	0.436 		40.2 	Tyson Bagent	11 	QB39	Woody Marks	27 	RB33	Josh Downs	29 	WR46	Dawson Knox	12 	TE35					New York Giants	Dallas Cowboys	0 	0.0 	81 	1.0 	0.0 	0 	0.0 	0.0 	0.0 	0.0 	0.0 	14.1 	RB15		New York Giants	Los Angeles Rams	0 	0.0 	36 	0.0 	4.0 	19 	0.0 	0.0 	0.0 	0.0 	0.0 	7.5 	RB30		New York Giants	Tennessee Titans	0 	0.0 	60 	0.0 	3.0 	40 	0.0 	0.0 	0.0 	0.0 	0.0 	11.5 	RB17		New York Giants	Arizona Cardinals	0 	0.0 	58 	0.0 	1.0 	8 	0.0 	0.0 	0.0 	0.0 	0.0 	7.1 	RB34		New York Giants	Washington Commanders	0 	0.0 	67 	0.4 	1.9 	16 	0.1 	0.0 	0.2 	0.0 	0.0 	12.2 	RB16		New York Giants	New Orleans Saints	0 	0.0 	73 	0.5 	1.9 	17 	0.1 	0.0 	0.2 	0.0 	0.0 	13.1 	RB10		New York Giants	Houston Texans	0 	0.0 	64 	0.4 	1.9 	16 	0.1 	0.0 	0.2 	0.0 	0.0 	11.6 	RB17		New York Giants	BYE	0 	0.0 	0 	0.0 	0.0 	0 	0.0 	0.0 	0.0 	0.0 	0.0 	0.0 	-		New York Giants	Philadelphia Eagles	0 	0.0 	64 	0.4 	1.9 	17 	0.1 	0.0 	0.2 	0.0 	0.0 	11.7 	RB15		New York Giants	Washington Commanders	0 	0.0 	79 	0.6 	2.0 	17 	0.1 	0.0 	0.2 	0.0 	0.0 	14.3 	RB11		New York Giants	Jacksonville Jaguars	0 	0.0 	73 	0.5 	1.9 	17 	0.1 	0.0 	0.2 	0.0 	0.0 	13.3 	RB11		New York Giants	Indianapolis Colts	0 	0.0 	73 	0.5 	1.9 	17 	0.1 	0.0 	0.2 	0.0 	0.0 	13.3 	RB14		New York Giants	San Francisco 49ers	0 	0.0 	73 	0.5 	1.9 	17 	0.1 	0.0 	0.2 	0.0 	0.0 	13.2 	RB10		New York Giants	Seattle Seahawks	0 	0.0 	61 	0.4 	2.0 	17 	0.1 	0.0 	0.2 	0.0 	0.0 	11.3 	RB20		New York Giants	Cleveland Browns	0 	0.0 	79 	0.6 	1.8 	16 	0.1 	0.0 	0.2 	0.0 	0.0 	13.9 	RB11		New York Giants	Detroit Lions	0 	0.0 	70 	0.5 	2.0 	17 	0.1 	0.0 	0.2 	0.0 	0.0 	13.0 	RB14		New York Giants	Dallas Cowboys	0 	0.0 	70 	0.5 	2.0 	17 	0.1 	0.0 	0.2 	0.0 	0.0 	13.0 	RB13		Actual	Actual	Actual	Actual	Forecast	Forecast	Forecast	Forecast	Forecast	Forecast	Forecast	Forecast	Forecast	Forecast	Forecast	Forecast	Forecast		Healthy	Healthy	Healthy	Healthy	Healthy	Healthy	Healthy	Healthy	Healthy	Healthy	Healthy	Healthy	Healthy	Healthy	Healthy	Healthy	Healthy		Week 5 2026	10/6/2026	7:50:59 PM	19		8%	7%	55%	54%	0%	0%		0.2 	0	0	0	0	0	0.191866 
	George Kittle	San Francisco 49ers	TE	TE3	11.3 	181 	0 	0.0 	0.0 	0.0 	0 	0.0 	0.0 	0.0 	66.5 	4.2 	936 	58.5 	9.1 	0.6 	0.0 	0.2 	0.0 	0.491 	0.560 	0.541 	1 	0.605 	0.000 	38 	85 	47 	3 	9 	6 	0.562 			Fernando Mendoza	0.000 	QB38	Keaton Mitchell	0.274 	RB41	Malik Washington	0.385 	WR38	David Njoku	0.098 	TE38		2.2 	16.0 	23.2 	15.0 	10.0 	10.9 	10.5 	0.0 	10.3 	10.9 	10.5 	10.2 	10.6 	10.4 	10.2 	10.0 	10.2 		TE31	TE6	TE1	TE4	TE4	TE3	TE3	-	TE4	TE3	TE3	TE4	TE2	TE2	TE4	TE4	TE3		TE3	10.4 	0.0 	0.0 	0.0 	0.0 	4.2 	57.7 	0.4 	3 	0.486 	0.560 	0.541 	1 	0.567 	0.000 	46 	0.544 		125 	Fernando Mendoza	0.000 	QB38	Keaton Mitchell	0.277 	RB40	Malik Washington	0.427 	WR35	David Njoku	0.106 	TE36		TE1	14.1 	0.0 	0.0 	0.0 	0.0 	12.6 	173.0 	1.3 	1 	0.504 	0.560 	0.554 	2 	1.000 	0.000 	#N/A	0.747 		56.4 	Fernando Mendoza	0 	QB41	Keaton Mitchell	26 	RB34	Malik Washington	30 	WR45	David Njoku	10 	TE36					San Francisco 49ers	Los Angeles Rams	0 	0.0 	0 	0.0 	2.0 	12 	0.0 	0.0 	0.0 	0.0 	0.0 	2.2 	TE31		San Francisco 49ers	Miami Dolphins	0 	0.0 	0 	0.0 	4.0 	80 	1.0 	0.0 	0.0 	0.0 	0.0 	16.0 	TE6		San Francisco 49ers	Arizona Cardinals	0 	0.0 	0 	0.0 	6.0 	82 	2.0 	0.0 	0.0 	0.0 	0.0 	23.2 	TE1		San Francisco 49ers	Denver Broncos	0 	0.0 	0 	0.0 	4.0 	70 	1.0 	0.0 	0.0 	0.0 	0.0 	15.0 	TE4		San Francisco 49ers	Seattle Seahawks	0 	0.0 	0 	0.0 	4.1 	57 	0.4 	0.0 	0.0 	0.0 	0.0 	10.0 	TE4		San Francisco 49ers	Washington Commanders	0 	0.0 	0 	0.0 	4.3 	59 	0.5 	0.0 	0.0 	0.0 	0.0 	10.9 	TE3		San Francisco 49ers	Atlanta Falcons	0 	0.0 	0 	0.0 	4.2 	58 	0.4 	0.0 	0.0 	0.0 	0.0 	10.5 	TE3		San Francisco 49ers	BYE	0 	0.0 	0 	0.0 	0.0 	0 	0.0 	0.0 	0.0 	0.0 	0.0 	0.0 	-		San Francisco 49ers	Las Vegas Raiders	0 	0.0 	0 	0.0 	4.1 	56 	0.4 	0.0 	0.0 	0.0 	0.0 	10.3 	TE4		San Francisco 49ers	Dallas Cowboys	0 	0.0 	0 	0.0 	4.4 	60 	0.5 	0.0 	0.0 	0.0 	0.0 	10.9 	TE3		San Francisco 49ers	Minnesota Vikings	0 	0.0 	0 	0.0 	4.2 	58 	0.4 	0.0 	0.0 	0.0 	0.0 	10.5 	TE3		San Francisco 49ers	Seattle Seahawks	0 	0.0 	0 	0.0 	4.2 	57 	0.4 	0.0 	0.0 	0.0 	0.0 	10.2 	TE4		San Francisco 49ers	New York Giants	0 	0.0 	0 	0.0 	4.3 	58 	0.4 	0.0 	0.0 	0.0 	0.0 	10.6 	TE2		San Francisco 49ers	Los Angeles Rams	0 	0.0 	0 	0.0 	4.2 	58 	0.4 	0.0 	0.0 	0.0 	0.0 	10.4 	TE2		San Francisco 49ers	Los Angeles Chargers	0 	0.0 	0 	0.0 	4.2 	57 	0.4 	0.0 	0.0 	0.0 	0.0 	10.2 	TE4		San Francisco 49ers	Kansas City Chiefs	0 	0.0 	0 	0.0 	4.1 	56 	0.4 	0.0 	0.0 	0.0 	0.0 	10.0 	TE4		San Francisco 49ers	Philadelphia Eagles	0 	0.0 	0 	0.0 	4.1 	57 	0.4 	0.0 	0.0 	0.0 	0.0 	10.2 	TE3		Actual	Actual	Actual	Actual	Forecast	Forecast	Forecast	Forecast	Forecast	Forecast	Forecast	Forecast	Forecast	Forecast	Forecast	Forecast	Forecast		Healthy	Healthy	Healthy	Healthy	Healthy	Healthy	Healthy	Healthy	Healthy	Healthy	Healthy	Healthy	Healthy	Healthy	Healthy	Healthy	Healthy		Week 5 2026	10/6/2026	7:50:59 PM	19		25%	25%	0%	0%	0%	0%		(0.2)	0	0	0	0	0	(0.202983)
	Matthew Golden	Green Bay Packers	WR	WR18	11.1 	178 	0 	0.0 	0.0 	0.0 	31 	1.9 	0.1 	0.0 	69.0 	4.3 	1,014 	63.4 	6.5 	0.4 	0.0 	0.2 	0.0 	0.484 	1.000 	0.820 	1 	0.295 	0.000 	39 	130 	91 	18 	50 	32 	0.560 			J.J. McCarthy	0.000 	QB38	Emanuel Wilson	0.280 	RB40	Jameson Williams	0.380 	WR39	Theo Johnson	0.092 	TE39		12.5 	7.8 	18.5 	10.2 	10.4 	11.0 	11.0 	10.9 	10.6 	10.7 	0.0 	10.7 	10.7 	11.1 	10.9 	10.7 	10.4 		WR20	WR29	WR7	WR30	WR20	WR16	WR17	WR17	WR21	WR21	-	WR22	WR18	WR17	WR20	WR21	WR22		WR22	10.8 	0.0 	0.0 	2.1 	0.0 	4.3 	61.7 	0.4 	21 	0.504 	1.000 	0.790 	1 	0.312 	0.000 	45 	0.556 		129 	J.J. McCarthy	0.013 	QB36	Emanuel Wilson	0.237 	RB46	Jameson Williams	0.408 	WR38	Theo Johnson	0.082 	TE41		WR13	12.3 	0.0 	0.0 	6.2 	0.0 	12.8 	185.0 	1.1 	13 	0.438 	1.000 	0.870 	1 	0.299 	0.000 	#N/A	0.577 		49.0 	J.J. McCarthy	0 	QB41	Emanuel Wilson	36 	RB27	Jameson Williams	31 	WR41	Theo Johnson	9 	TE38					Green Bay Packers	Minnesota Vikings	0 	0.0 	0 	0.0 	6.0 	95 	0.0 	0.0 	0.0 	0.0 	0.0 	12.5 	WR20		Green Bay Packers	New York Jets	0 	0.0 	0 	0.0 	4.0 	58 	0.0 	0.0 	0.0 	0.0 	0.0 	7.8 	WR29		Green Bay Packers	Atlanta Falcons	0 	0.0 	0 	0.0 	5.0 	100 	1.0 	0.0 	0.0 	0.0 	0.0 	18.5 	WR7		Green Bay Packers	Tampa Bay Buccaneers	0 	0.0 	6 	0.0 	3.0 	21 	1.0 	0.0 	0.0 	0.0 	0.0 	10.2 	WR30		Green Bay Packers	Chicago Bears	0 	0.0 	2 	0.0 	4.1 	60 	0.3 	0.0 	0.0 	0.0 	0.0 	10.4 	WR20		Green Bay Packers	Dallas Cowboys	0 	0.0 	2 	0.0 	4.3 	63 	0.4 	0.0 	0.0 	0.0 	0.0 	11.0 	WR16		Green Bay Packers	Detroit Lions	0 	0.0 	2 	0.0 	4.3 	63 	0.4 	0.0 	0.0 	0.0 	0.0 	11.0 	WR17		Green Bay Packers	Carolina Panthers	0 	0.0 	2 	0.0 	4.2 	61 	0.4 	0.0 	0.0 	0.0 	0.0 	10.9 	WR17		Green Bay Packers	New England Patriots	0 	0.0 	2 	0.0 	4.2 	61 	0.4 	0.0 	0.0 	0.0 	0.0 	10.6 	WR21		Green Bay Packers	Minnesota Vikings	0 	0.0 	2 	0.0 	4.2 	61 	0.4 	0.0 	0.0 	0.0 	0.0 	10.7 	WR21		Green Bay Packers	BYE	0 	0.0 	0 	0.0 	0.0 	0 	0.0 	0.0 	0.0 	0.0 	0.0 	0.0 	-		Green Bay Packers	Los Angeles Rams	0 	0.0 	2 	0.0 	4.3 	62 	0.4 	0.0 	0.0 	0.0 	0.0 	10.7 	WR22		Green Bay Packers	New Orleans Saints	0 	0.0 	2 	0.0 	4.2 	61 	0.4 	0.0 	0.0 	0.0 	0.0 	10.7 	WR18		Green Bay Packers	Buffalo Bills	0 	0.0 	2 	0.0 	4.4 	63 	0.4 	0.0 	0.0 	0.0 	0.0 	11.1 	WR17		Green Bay Packers	Miami Dolphins	0 	0.0 	3 	0.0 	4.2 	61 	0.4 	0.0 	0.0 	0.0 	0.0 	10.9 	WR20		Green Bay Packers	Chicago Bears	0 	0.0 	2 	0.0 	4.3 	62 	0.4 	0.0 	0.0 	0.0 	0.0 	10.7 	WR21		Green Bay Packers	Houston Texans	0 	0.0 	2 	0.0 	4.1 	60 	0.4 	0.0 	0.0 	0.0 	0.0 	10.4 	WR22		Actual	Actual	Actual	Actual	Forecast	Forecast	Forecast	Forecast	Forecast	Forecast	Forecast	Forecast	Forecast	Forecast	Forecast	Forecast	Forecast		Healthy	Healthy	Healthy	Healthy	Healthy	Healthy	Healthy	Healthy	Healthy	Healthy	Healthy	Healthy	Healthy	Healthy	Healthy	Healthy	Healthy		Week 5 2026	10/6/2026	7:50:59 PM	19		25%	23%	2%	0%	0%	0%		(0.0)	0	0	0	0	0	(0.020785)
	Bhayshul Tuten	Jacksonville Jaguars	RB	RB18	11.8 	189 	0 	0.0 	0.0 	0.0 	1,085 	67.8 	7.5 	0.5 	27.9 	1.7 	219 	13.7 	0.6 	0.0 	0.0 	2.1 	0.0 	0.512 	1.000 	0.792 	1 	0.282 	0.000 	41 	57 	16 	18 	24 	6 	0.546 			Case Keenum	0.000 	QB38	Alvin Kamara	0.309 	RB37	Wan'Dale Robinson	0.356 	WR42	Zach Ertz	0.087 	TE40		9.3 	13.2 	16.0 	10.1 	12.6 	11.5 	0.0 	12.9 	10.6 	11.7 	11.7 	12.5 	10.9 	11.6 	10.4 	11.4 	12.2 		RB25	RB12	RB11	RB27	RB13	RB17	-	RB14	RB19	RB17	RB17	RB16	RB18	RB18	RB24	RB18	RB17		RB19	11.7 	0.0 	0.0 	67.3 	0.5 	1.7 	13.8 	0.0 	19 	0.546 	1.000 	0.780 	1 	0.313 	0.000 	44 	0.558 		140 	Case Keenum	0.000 	QB38	Alvin Kamara	0.301 	RB38	Wan'Dale Robinson	0.374 	WR41	Zach Ertz	0.088 	TE40		RB15	12.2 	0.0 	0.0 	202.0 	1.4 	5.2 	41.3 	0.1 	15 	0.434 	1.000 	0.828 	1 	0.257 	0.000 	#N/A	0.541 		48.6 	Case Keenum	24 	QB36	Alvin Kamara	30 	RB30	Wan'Dale Robinson	32 	WR37	Zach Ertz	4 	TE40					Jacksonville Jaguars	Cleveland Browns	0 	0.0 	66 	0.0 	1.0 	22 	0.0 	0.0 	0.0 	0.0 	0.0 	9.3 	RB25		Jacksonville Jaguars	Denver Broncos	0 	0.0 	65 	1.0 	2.0 	(3)	0.0 	0.0 	0.0 	0.0 	0.0 	13.2 	RB12		Jacksonville Jaguars	New England Patriots	0 	0.0 	73 	1.0 	2.0 	17 	0.0 	0.0 	0.0 	0.0 	0.0 	16.0 	RB11		Jacksonville Jaguars	Cincinnati Bengals	0 	0.0 	73 	0.0 	2.0 	18 	0.0 	0.0 	0.0 	0.0 	0.0 	10.1 	RB27		Jacksonville Jaguars	Philadelphia Eagles	0 	0.0 	74 	0.5 	1.7 	13 	0.0 	0.0 	0.2 	0.0 	0.0 	12.6 	RB13		Jacksonville Jaguars	Houston Texans	0 	0.0 	67 	0.4 	1.7 	14 	0.0 	0.0 	0.2 	0.0 	0.0 	11.5 	RB17		Jacksonville Jaguars	BYE	0 	0.0 	0 	0.0 	0.0 	0 	0.0 	0.0 	0.0 	0.0 	0.0 	0.0 	-		Jacksonville Jaguars	Indianapolis Colts	0 	0.0 	74 	0.5 	1.8 	14 	0.1 	0.0 	0.2 	0.0 	0.0 	12.9 	RB14		Jacksonville Jaguars	Baltimore Ravens	0 	0.0 	60 	0.4 	1.8 	14 	0.0 	0.0 	0.2 	0.0 	0.0 	10.6 	RB19		Jacksonville Jaguars	Tennessee Titans	0 	0.0 	68 	0.5 	1.7 	14 	0.0 	0.0 	0.2 	0.0 	0.0 	11.7 	RB17		Jacksonville Jaguars	New York Giants	0 	0.0 	68 	0.5 	1.7 	14 	0.0 	0.0 	0.2 	0.0 	0.0 	11.7 	RB17		Jacksonville Jaguars	Tennessee Titans	0 	0.0 	72 	0.5 	1.7 	14 	0.1 	0.0 	0.2 	0.0 	0.0 	12.5 	RB16		Jacksonville Jaguars	Chicago Bears	0 	0.0 	63 	0.4 	1.7 	14 	0.0 	0.0 	0.2 	0.0 	0.0 	10.9 	RB18		Jacksonville Jaguars	Pittsburgh Steelers	0 	0.0 	67 	0.5 	1.7 	14 	0.0 	0.0 	0.2 	0.0 	0.0 	11.6 	RB18		Jacksonville Jaguars	Houston Texans	0 	0.0 	61 	0.4 	1.7 	13 	0.0 	0.0 	0.2 	0.0 	0.0 	10.4 	RB24		Jacksonville Jaguars	Dallas Cowboys	0 	0.0 	65 	0.4 	1.8 	14 	0.1 	0.0 	0.2 	0.0 	0.0 	11.4 	RB18		Jacksonville Jaguars	Washington Commanders	0 	0.0 	70 	0.5 	1.8 	14 	0.1 	0.0 	0.2 	0.0 	0.0 	12.2 	RB17		Actual	Actual	Actual	Actual	Forecast	Forecast	Forecast	Forecast	Forecast	Forecast	Forecast	Forecast	Forecast	Forecast	Forecast	Forecast	Forecast		Healthy	Healthy	Healthy	Healthy	Healthy	Healthy	Healthy	Healthy	Healthy	Healthy	Healthy	Healthy	Healthy	Healthy	Healthy	Healthy	Healthy		Week 5 2026	10/6/2026	7:50:59 PM	19		6%	3%	56%	51%	0%	0%		0.0 	0	0	0	0	0	0.017500 
	Michael Wilson	Arizona Cardinals	WR	WR19	10.9 	175 	0 	0.0 	0.0 	0.0 	0 	0.0 	0.0 	0.0 	91.7 	5.7 	992 	62.0 	5.0 	0.3 	0.0 	0.2 	0.0 	0.475 	1.000 	0.810 	1 	0.279 	0.000 	40 	89 	49 	19 	36 	17 	0.547 			Tua Tagovailoa	0.000 	QB38	Rico Dowdle	0.267 	RB42	Jakobi Meyers	0.367 	WR40	Elijah Arroyo	0.082 	TE41		8.1 	2.8 	20.4 	13.0 	12.1 	11.4 	10.7 	10.9 	10.2 	10.9 	10.3 	11.2 	10.6 	0.0 	10.7 	10.9 	10.7 		WR32	WR71	WR4	WR18	WR11	WR13	WR19	WR18	WR23	WR19	WR17	WR19	WR20	-	WR21	WR20	WR21		WR21	10.9 	0.0 	0.0 	0.0 	0.0 	5.6 	61.2 	0.3 	20 	0.509 	1.000 	0.800 	1 	0.321 	0.000 	43 	0.565 		131 	Tua Tagovailoa	0.000 	QB38	Rico Dowdle	0.312 	RB36	Jakobi Meyers	0.344 	WR46	Elijah Arroyo	0.092 	TE39		WR18	11.1 	0.0 	0.0 	0.0 	0.0 	16.7 	183.5 	1.0 	18 	0.396 	1.000 	0.820 	1 	0.235 	0.000 	#N/A	0.522 		44.3 	Tua Tagovailoa	0 	QB41	Rico Dowdle	9 	RB65	Jakobi Meyers	35 	WR34	Elijah Arroyo	2 	TE42					Arizona Cardinals	Los Angeles Chargers	0 	0.0 	0 	0.0 	5.0 	56 	0.0 	0.0 	0.0 	0.0 	0.0 	8.1 	WR32		Arizona Cardinals	Seattle Seahawks	0 	0.0 	0 	0.0 	2.0 	18 	0.0 	0.0 	0.0 	0.0 	0.0 	2.8 	WR71		Arizona Cardinals	San Francisco 49ers	0 	0.0 	0 	0.0 	11.0 	89 	1.0 	0.0 	0.0 	0.0 	0.0 	20.4 	WR4		Arizona Cardinals	New York Giants	0 	0.0 	0 	0.0 	7.0 	95 	0.0 	0.0 	0.0 	0.0 	0.0 	13.0 	WR18		Arizona Cardinals	Detroit Lions	0 	0.0 	0 	0.0 	6.0 	66 	0.4 	0.0 	0.0 	0.0 	0.0 	12.1 	WR11		Arizona Cardinals	Los Angeles Rams	0 	0.0 	0 	0.0 	5.8 	64 	0.4 	0.0 	0.0 	0.0 	0.0 	11.4 	WR13		Arizona Cardinals	Denver Broncos	0 	0.0 	0 	0.0 	5.5 	61 	0.3 	0.0 	0.0 	0.0 	0.0 	10.7 	WR19		Arizona Cardinals	Dallas Cowboys	0 	0.0 	0 	0.0 	5.6 	61 	0.3 	0.0 	0.0 	0.0 	0.0 	10.9 	WR18		Arizona Cardinals	Seattle Seahawks	0 	0.0 	0 	0.0 	5.3 	59 	0.3 	0.0 	0.0 	0.0 	0.0 	10.2 	WR23		Arizona Cardinals	Los Angeles Rams	0 	0.0 	0 	0.0 	5.6 	61 	0.3 	0.0 	0.0 	0.0 	0.0 	10.9 	WR19		Arizona Cardinals	Kansas City Chiefs	0 	0.0 	0 	0.0 	5.4 	59 	0.3 	0.0 	0.0 	0.0 	0.0 	10.3 	WR17		Arizona Cardinals	Washington Commanders	0 	0.0 	0 	0.0 	5.6 	62 	0.4 	0.0 	0.0 	0.0 	0.0 	11.2 	WR19		Arizona Cardinals	Philadelphia Eagles	0 	0.0 	0 	0.0 	5.5 	60 	0.3 	0.0 	0.0 	0.0 	0.0 	10.6 	WR20		Arizona Cardinals	BYE	0 	0.0 	0 	0.0 	0.0 	0 	0.0 	0.0 	0.0 	0.0 	0.0 	0.0 	-		Arizona Cardinals	New York Jets	0 	0.0 	0 	0.0 	5.4 	59 	0.3 	0.0 	0.0 	0.0 	0.0 	10.7 	WR21		Arizona Cardinals	New Orleans Saints	0 	0.0 	0 	0.0 	5.6 	61 	0.3 	0.0 	0.0 	0.0 	0.0 	10.9 	WR20		Arizona Cardinals	Las Vegas Raiders	0 	0.0 	0 	0.0 	5.4 	60 	0.3 	0.0 	0.0 	0.0 	0.0 	10.7 	WR21		Actual	Actual	Actual	Actual	Forecast	Forecast	Forecast	Forecast	Forecast	Forecast	Forecast	Forecast	Forecast	Forecast	Forecast	Forecast	Forecast		Healthy	Healthy	Healthy	Healthy	Healthy	Healthy	Healthy	Healthy	Healthy	Healthy	Healthy	Healthy	Healthy	Healthy	Healthy	Healthy	Healthy		Week 5 2026	10/6/2026	7:50:59 PM	19		27%	23%	0%	0%	0%	0%		0.0 	0	0	0	0	0	0.042543 
	Brock Purdy	San Francisco 49ers	QB	QB2	19.3 	308 	3,748 	234.2 	31.1 	1.9 	371 	23.2 	2.7 	0.2 	0.0 	0.0 	0 	0.0 	0.0 	0.0 	8.7 	0.9 	0.0 	0.837 	0.460 	0.449 	1 	0.639 	0.000 	42 	113 	71 	2 	14 	12 	0.538 			Shedeur Sanders	0.000 	QB38	Tyler Allgeier	0.253 	RB43	Tre Tucker	0.362 	WR41	Colby Parkinson	0.077 	TE42		21.1 	28.5 	31.3 	19.6 	16.3 	19.0 	17.8 	0.0 	18.0 	18.1 	17.6 	16.6 	17.7 	17.1 	16.6 	16.2 	16.9 		QB10	QB5	QB1	QB8	QB9	QB2	QB4	-	QB5	QB3	QB7	QB11	QB4	QB6	QB10	QB13	QB9		QB5	17.3 	228.4 	1.7 	20.7 	0.1 	0.0 	0.0 	0.0 	5 	0.810 	0.460 	0.424 	1 	0.589 	0.000 	55 	0.502 		208 	Shedeur Sanders	0.005 	QB37	Tyler Allgeier	0.231 	RB47	Tre Tucker	0.329 	WR48	Colby Parkinson	0.078 	TE42		QB2	25.1 	685.2 	5.0 	62.1 	0.4 	0.0 	0.0 	0.0 	2 	0.897 	0.460 	0.449 	2 	0.822 	0.000 	#N/A	0.624 		100.5 	Shedeur Sanders	0 	QB41	Tyler Allgeier	26 	RB35	Tre Tucker	37 	WR29	Colby Parkinson	4 	TE41					San Francisco 49ers	Los Angeles Rams	205 	3.0 	29 	0.0 	0.0 	0 	0.0 	1.0 	0.0 	0.0 	0.0 	21.1 	QB10		San Francisco 49ers	Miami Dolphins	287 	2.0 	30 	1.0 	0.0 	0 	0.0 	0.0 	0.0 	0.0 	0.0 	28.5 	QB5		San Francisco 49ers	Arizona Cardinals	297 	4.0 	34 	0.0 	0.0 	0 	0.0 	0.0 	0.0 	0.0 	0.0 	31.3 	QB1		San Francisco 49ers	Denver Broncos	218 	2.0 	29 	0.0 	0.0 	0 	0.0 	0.0 	0.0 	0.0 	0.0 	19.6 	QB8		San Francisco 49ers	Seattle Seahawks	224 	1.5 	19 	0.1 	0.0 	0 	0.0 	0.6 	0.1 	0.0 	0.0 	16.3 	QB9		San Francisco 49ers	Washington Commanders	234 	1.9 	24 	0.2 	0.0 	0 	0.0 	0.6 	0.1 	0.0 	0.0 	19.0 	QB2		San Francisco 49ers	Atlanta Falcons	229 	1.7 	22 	0.2 	0.0 	0 	0.0 	0.6 	0.1 	0.0 	0.0 	17.8 	QB4		San Francisco 49ers	BYE	0 	0.0 	0 	0.0 	0.0 	0 	0.0 	0.0 	0.0 	0.0 	0.0 	0.0 	-		San Francisco 49ers	Las Vegas Raiders	223 	1.8 	25 	0.2 	0.0 	0 	0.0 	0.6 	0.1 	0.0 	0.0 	18.0 	QB5		San Francisco 49ers	Dallas Cowboys	238 	1.8 	20 	0.1 	0.0 	0 	0.0 	0.6 	0.1 	0.0 	0.0 	18.1 	QB3		San Francisco 49ers	Minnesota Vikings	230 	1.7 	21 	0.1 	0.0 	0 	0.0 	0.6 	0.1 	0.0 	0.0 	17.6 	QB7		San Francisco 49ers	Seattle Seahawks	226 	1.6 	19 	0.1 	0.0 	0 	0.0 	0.6 	0.1 	0.0 	0.0 	16.6 	QB11		San Francisco 49ers	New York Giants	231 	1.7 	21 	0.1 	0.0 	0 	0.0 	0.6 	0.1 	0.0 	0.0 	17.7 	QB4		San Francisco 49ers	Los Angeles Rams	230 	1.6 	19 	0.1 	0.0 	0 	0.0 	0.6 	0.1 	0.0 	0.0 	17.1 	QB6		San Francisco 49ers	Los Angeles Chargers	226 	1.6 	19 	0.1 	0.0 	0 	0.0 	0.6 	0.1 	0.0 	0.0 	16.6 	QB10		San Francisco 49ers	Kansas City Chiefs	223 	1.5 	19 	0.1 	0.0 	0 	0.0 	0.6 	0.1 	0.0 	0.0 	16.2 	QB13		San Francisco 49ers	Philadelphia Eagles	225 	1.6 	20 	0.1 	0.0 	0 	0.0 	0.6 	0.1 	0.0 	0.0 	16.9 	QB9		Actual	Actual	Actual	Actual	Forecast	Forecast	Forecast	Forecast	Forecast	Forecast	Forecast	Forecast	Forecast	Forecast	Forecast	Forecast	Forecast		Healthy	Healthy	Healthy	Healthy	Healthy	Healthy	Healthy	Healthy	Healthy	Healthy	Healthy	Healthy	Healthy	Healthy	Healthy	Healthy	Healthy		Week 5 2026	10/6/2026	7:50:59 PM	19		0%	0%	17%	16%	99%	99%		(0.1)	0	0	0	0	0	(0.122384)
	George Pickens	Dallas Cowboys	WR	WR20	10.4 	167 	0 	0.0 	0.0 	0.0 	0 	0.0 	0.0 	0.0 	73.8 	4.6 	995 	62.2 	5.2 	0.3 	0.0 	0.2 	0.0 	0.453 	1.000 	0.800 	1 	0.242 	0.000 	43 	24 	(19)	20 	10 	(10)	0.525 			Carson Wentz	0.000 	QB38	Jordan Mason	0.245 	RB44	Jordan Addison	0.348 	WR43	Mason Taylor	0.069 	TE43		4.3 	7.0 	11.7 	8.5 	11.1 	11.5 	10.8 	11.3 	11.6 	11.6 	11.2 	11.2 	10.9 	0.0 	11.4 	11.7 	11.3 		WR60	WR32	WR25	WR40	WR17	WR12	WR18	WR15	WR17	WR16	WR13	WR18	WR17	-	WR17	WR16	WR17		WR17	11.3 	0.0 	0.0 	0.0 	0.0 	4.7 	64.2 	0.4 	16 	0.528 	1.000 	0.840 	1 	0.357 	0.000 	36 	0.600 		136 	Carson Wentz	0.000 	QB38	Jordan Mason	0.270 	RB41	Jordan Addison	0.369 	WR42	Mason Taylor	0.070 	TE43		WR41	7.9 	0.0 	0.0 	0.0 	0.0 	14.0 	192.6 	1.3 	41 	0.281 	1.000 	0.590 	0 	0.061 	0.000 	#N/A	0.332 		31.5 	Carson Wentz	26 	QB35	Jordan Mason	12 	RB60	Jordan Addison	28 	WR50	Mason Taylor	1 	TE43					Dallas Cowboys	New York Giants	0 	0.0 	0 	0.0 	3.0 	28 	0.0 	0.0 	0.0 	0.0 	0.0 	4.3 	WR60		Dallas Cowboys	Washington Commanders	0 	0.0 	0 	0.0 	6.0 	40 	0.0 	0.0 	0.0 	0.0 	0.0 	7.0 	WR32		Dallas Cowboys	Baltimore Ravens	0 	0.0 	0 	0.0 	7.0 	82 	0.0 	0.0 	0.0 	0.0 	0.0 	11.7 	WR25		Dallas Cowboys	Houston Texans	0 	0.0 	0 	0.0 	2.0 	75 	0.0 	0.0 	0.0 	0.0 	0.0 	8.5 	WR40		Dallas Cowboys	Tampa Bay Buccaneers	0 	0.0 	0 	0.0 	4.5 	62 	0.4 	0.0 	0.0 	0.0 	0.0 	11.1 	WR17		Dallas Cowboys	Green Bay Packers	0 	0.0 	0 	0.0 	4.7 	65 	0.4 	0.0 	0.0 	0.0 	0.0 	11.5 	WR12		Dallas Cowboys	Philadelphia Eagles	0 	0.0 	0 	0.0 	4.5 	63 	0.4 	0.0 	0.0 	0.0 	0.0 	10.8 	WR18		Dallas Cowboys	Arizona Cardinals	0 	0.0 	0 	0.0 	4.6 	63 	0.4 	0.0 	0.0 	0.0 	0.0 	11.3 	WR15		Dallas Cowboys	Indianapolis Colts	0 	0.0 	0 	0.0 	4.8 	66 	0.4 	0.0 	0.0 	0.0 	0.0 	11.6 	WR17		Dallas Cowboys	San Francisco 49ers	0 	0.0 	0 	0.0 	4.8 	66 	0.4 	0.0 	0.0 	0.0 	0.0 	11.6 	WR16		Dallas Cowboys	Tennessee Titans	0 	0.0 	0 	0.0 	4.6 	63 	0.4 	0.0 	0.0 	0.0 	0.0 	11.2 	WR13		Dallas Cowboys	Philadelphia Eagles	0 	0.0 	0 	0.0 	4.6 	64 	0.4 	0.0 	0.0 	0.0 	0.0 	11.2 	WR18		Dallas Cowboys	Seattle Seahawks	0 	0.0 	0 	0.0 	4.6 	63 	0.4 	0.0 	0.0 	0.0 	0.0 	10.9 	WR17		Dallas Cowboys	BYE	0 	0.0 	0 	0.0 	0.0 	0 	0.0 	0.0 	0.0 	0.0 	0.0 	0.0 	-		Dallas Cowboys	Los Angeles Rams	0 	0.0 	0 	0.0 	4.8 	66 	0.4 	0.0 	0.0 	0.0 	0.0 	11.4 	WR17		Dallas Cowboys	Jacksonville Jaguars	0 	0.0 	0 	0.0 	4.8 	66 	0.5 	0.0 	0.0 	0.0 	0.0 	11.7 	WR16		Dallas Cowboys	New York Giants	0 	0.0 	0 	0.0 	4.7 	64 	0.4 	0.0 	0.0 	0.0 	0.0 	11.3 	WR17		Actual	Actual	Actual	Actual	Forecast	Forecast	Forecast	Forecast	Forecast	Forecast	Forecast	Forecast	Forecast	Forecast	Forecast	Forecast	Forecast		Healthy	Healthy	Healthy	Healthy	Healthy	Healthy	Healthy	Healthy	Healthy	Healthy	Healthy	Healthy	Healthy	Healthy	Healthy	Healthy	Healthy		Week 5 2026	10/6/2026	7:50:59 PM	19		25%	24%	0%	0%	0%	0%		0.3 	0	0	0	0	0	0.267820 
	Denzel Boston	Cleveland Browns	WR	WR22	10.4 	166 	0 	0.0 	0.0 	0.0 	0 	0.0 	0.0 	0.0 	58.7 	3.7 	983 	61.4 	6.1 	0.4 	0.0 	0.2 	0.0 	0.450 	1.000 	0.780 	1 	0.237 	0.000 	47 	186 	139 	22 	64 	42 	0.513 			Carson Beck	0.000 	QB38	Tyjae Spears	0.238 	RB45	Emeka Egbuka	0.339 	WR45	Eli Stowers	0.064 	TE44		12.9 	18.0 	7.1 	10.9 	9.5 	9.7 	9.7 	9.5 	9.9 	9.4 	0.0 	9.8 	10.3 	9.9 	9.6 	9.7 	10.0 		WR18	WR11	WR42	WR28	WR26	WR27	WR28	WR27	WR29	WR34	-	WR28	WR22	WR25	WR32	WR28	WR23		WR30	9.8 	0.0 	0.0 	0.0 	0.0 	3.8 	58.2 	0.3 	30 	0.456 	1.000 	0.700 	1 	0.225 	0.000 	66 	0.474 		117 	Carson Beck	0.000 	QB38	Tyjae Spears	0.257 	RB43	Emeka Egbuka	0.385 	WR39	Eli Stowers	0.065 	TE44		WR14	12.2 	0.0 	0.0 	0.0 	0.0 	11.4 	174.6 	1.0 	14 	0.437 	1.000 	0.860 	1 	0.297 	0.000 	#N/A	0.571 		48.9 	Carson Beck	0 	QB41	Tyjae Spears	13 	RB54	Emeka Egbuka	29 	WR47	Eli Stowers	0 	TE44					Cleveland Browns	Jacksonville Jaguars	0 	0.0 	0 	0.0 	2.0 	59 	1.0 	0.0 	0.0 	0.0 	0.0 	12.9 	WR18		Cleveland Browns	Tampa Bay Buccaneers	0 	0.0 	0 	0.0 	5.0 	95 	1.0 	0.0 	0.0 	0.0 	0.0 	18.0 	WR11		Cleveland Browns	Carolina Panthers	0 	0.0 	0 	0.0 	2.0 	41 	0.0 	0.0 	0.0 	0.0 	1.0 	7.1 	WR42		Cleveland Browns	Pittsburgh Steelers	0 	0.0 	0 	0.0 	4.0 	89 	0.0 	0.0 	0.0 	0.0 	0.0 	10.9 	WR28		Cleveland Browns	New York Jets	0 	0.0 	0 	0.0 	3.7 	57 	0.3 	0.0 	0.0 	0.0 	0.0 	9.5 	WR26		Cleveland Browns	Baltimore Ravens	0 	0.0 	0 	0.0 	3.8 	58 	0.3 	0.0 	0.0 	0.0 	0.0 	9.7 	WR27		Cleveland Browns	Tennessee Titans	0 	0.0 	0 	0.0 	3.8 	58 	0.3 	0.0 	0.0 	0.0 	0.0 	9.7 	WR28		Cleveland Browns	Pittsburgh Steelers	0 	0.0 	0 	0.0 	3.8 	58 	0.3 	0.0 	0.0 	0.0 	0.0 	9.5 	WR27		Cleveland Browns	New Orleans Saints	0 	0.0 	0 	0.0 	3.8 	59 	0.3 	0.0 	0.0 	0.0 	0.0 	9.9 	WR29		Cleveland Browns	Houston Texans	0 	0.0 	0 	0.0 	3.7 	57 	0.3 	0.0 	0.0 	0.0 	0.0 	9.4 	WR34		Cleveland Browns	BYE	0 	0.0 	0 	0.0 	0.0 	0 	0.0 	0.0 	0.0 	0.0 	0.0 	0.0 	-		Cleveland Browns	Las Vegas Raiders	0 	0.0 	0 	0.0 	3.8 	58 	0.4 	0.0 	0.0 	0.0 	0.0 	9.8 	WR28		Cleveland Browns	Cincinnati Bengals	0 	0.0 	0 	0.0 	4.0 	60 	0.4 	0.0 	0.0 	0.0 	0.0 	10.3 	WR22		Cleveland Browns	Atlanta Falcons	0 	0.0 	0 	0.0 	3.8 	58 	0.4 	0.0 	0.0 	0.0 	0.0 	9.9 	WR25		Cleveland Browns	New York Giants	0 	0.0 	0 	0.0 	3.8 	58 	0.3 	0.0 	0.0 	0.0 	0.0 	9.6 	WR32		Cleveland Browns	Baltimore Ravens	0 	0.0 	0 	0.0 	3.9 	59 	0.3 	0.0 	0.0 	0.0 	0.0 	9.7 	WR28		Cleveland Browns	Indianapolis Colts	0 	0.0 	0 	0.0 	3.9 	59 	0.4 	0.0 	0.0 	0.0 	0.0 	10.0 	WR23		Actual	Actual	Actual	Actual	Forecast	Forecast	Forecast	Forecast	Forecast	Forecast	Forecast	Forecast	Forecast	Forecast	Forecast	Forecast	Forecast		Healthy	Healthy	Healthy	Healthy	Healthy	Healthy	Healthy	Healthy	Healthy	Healthy	Healthy	Healthy	Healthy	Healthy	Healthy	Healthy	Healthy		Week 5 2026	10/6/2026	7:50:59 PM	19		26%	25%	0%	0%	0%	0%		(0.1)	0	0	0	0	0	(0.097801)
	Jeremiyah Love	Arizona Cardinals	RB	RB19	11.1 	178 	0 	0.0 	0.0 	0.0 	839 	52.5 	4.6 	0.3 	48.5 	3.0 	280 	17.5 	3.1 	0.2 	0.0 	2.0 	0.0 	0.483 	1.000 	0.780 	1 	0.236 	0.000 	45 	28 	(17)	19 	14 	(5)	0.518 			Cooper Rush	0.000 	QB38	Brian Robinson Jr.	0.315 	RB36	Xavier Worthy	0.324 	WR46	Jake Tonges	0.059 	TE45		12.0 	6.0 	19.4 	6.0 	12.5 	11.3 	10.6 	10.7 	10.0 	10.7 	10.1 	12.1 	10.4 	0.0 	12.7 	11.3 	12.1 		RB18	RB36	RB6	RB39	RB14	RB18	RB20	RB19	RB22	RB18	RB21	RB17	RB20	-	RB16	RB20	RB18		RB20	11.2 	0.0 	0.0 	51.4 	0.3 	3.1 	20.3 	0.2 	20 	0.525 	1.000 	0.768 	1 	0.280 	0.000 	47 	0.536 		135 	Cooper Rush	0.000 	QB38	Brian Robinson Jr.	0.263 	RB42	Xavier Worthy	0.379 	WR40	Jake Tonges	0.059 	TE45		RB19	10.9 	0.0 	0.0 	154.1 	0.9 	9.4 	60.9 	0.5 	19 	0.388 	1.000 	0.780 	1 	0.188 	0.000 	#N/A	0.484 		43.4 	Cooper Rush	7 	QB40	Brian Robinson Jr.	47 	RB17	Xavier Worthy	26 	WR53	Jake Tonges	0 	TE44					Arizona Cardinals	Los Angeles Chargers	0 	0.0 	41 	1.0 	2.0 	9 	0.0 	0.0 	0.0 	0.0 	0.0 	12.0 	RB18		Arizona Cardinals	Seattle Seahawks	0 	0.0 	29 	0.0 	3.0 	16 	0.0 	0.0 	0.0 	0.0 	0.0 	6.0 	RB36		Arizona Cardinals	San Francisco 49ers	0 	0.0 	90 	0.0 	5.0 	19 	1.0 	0.0 	0.0 	0.0 	0.0 	19.4 	RB6		Arizona Cardinals	New York Giants	0 	0.0 	63 	0.0 	1.0 	(8)	0.0 	0.0 	0.0 	0.0 	0.0 	6.0 	RB39		Arizona Cardinals	Detroit Lions	0 	0.0 	56 	0.4 	3.2 	21 	0.2 	0.0 	0.2 	0.0 	0.0 	12.5 	RB14		Arizona Cardinals	Los Angeles Rams	0 	0.0 	50 	0.3 	3.3 	21 	0.2 	0.0 	0.2 	0.0 	0.0 	11.3 	RB18		Arizona Cardinals	Denver Broncos	0 	0.0 	48 	0.3 	3.1 	20 	0.2 	0.0 	0.2 	0.0 	0.0 	10.6 	RB20		Arizona Cardinals	Dallas Cowboys	0 	0.0 	48 	0.3 	3.2 	20 	0.2 	0.0 	0.2 	0.0 	0.0 	10.7 	RB19		Arizona Cardinals	Seattle Seahawks	0 	0.0 	46 	0.2 	3.0 	20 	0.1 	0.0 	0.2 	0.0 	0.0 	10.0 	RB22		Arizona Cardinals	Los Angeles Rams	0 	0.0 	48 	0.3 	3.2 	20 	0.2 	0.0 	0.2 	0.0 	0.0 	10.7 	RB18		Arizona Cardinals	Kansas City Chiefs	0 	0.0 	46 	0.2 	3.0 	20 	0.2 	0.0 	0.2 	0.0 	0.0 	10.1 	RB21		Arizona Cardinals	Washington Commanders	0 	0.0 	56 	0.3 	3.2 	21 	0.2 	0.0 	0.2 	0.0 	0.0 	12.1 	RB17		Arizona Cardinals	Philadelphia Eagles	0 	0.0 	47 	0.3 	3.1 	20 	0.2 	0.0 	0.2 	0.0 	0.0 	10.4 	RB20		Arizona Cardinals	BYE	0 	0.0 	0 	0.0 	0.0 	0 	0.0 	0.0 	0.0 	0.0 	0.0 	0.0 	-		Arizona Cardinals	New York Jets	0 	0.0 	61 	0.4 	3.0 	20 	0.2 	0.0 	0.2 	0.0 	0.0 	12.7 	RB16		Arizona Cardinals	New Orleans Saints	0 	0.0 	52 	0.3 	3.1 	20 	0.2 	0.0 	0.2 	0.0 	0.0 	11.3 	RB20		Arizona Cardinals	Las Vegas Raiders	0 	0.0 	58 	0.3 	3.1 	20 	0.2 	0.0 	0.2 	0.0 	0.0 	12.1 	RB18		Actual	Actual	Actual	Actual	Forecast	Forecast	Forecast	Forecast	Forecast	Forecast	Forecast	Forecast	Forecast	Forecast	Forecast	Forecast	Forecast		Healthy	Healthy	Healthy	Healthy	Limited / Handicapped	Healthy	Healthy	Healthy	Healthy	Healthy	Healthy	Healthy	Healthy	Healthy	Healthy	Healthy	Healthy		Week 5 2026	10/6/2026	7:50:59 PM	19		9%	12%	53%	50%	0%	0%		0.1 	0	0	0	0	0	0.051811 
	Joe Burrow	Cincinnati Bengals	QB	QB3	18.9 	302 	4,339 	271.2 	32.1 	2.0 	152 	9.5 	1.6 	0.1 	0.0 	0.0 	0 	0.0 	0.0 	0.0 	10.7 	1.9 	0.0 	0.819 	0.460 	0.441 	1 	0.599 	0.000 	46 	53 	7 	3 	4 	1 	0.516 				-	-	Chris Rodriguez Jr.	0.231 	RB46	Roman Wilson	0.313 	WR47		-	-		14.2 	16.2 	22.6 	23.7 	17.6 	0.0 	18.4 	19.3 	19.3 	18.6 	19.4 	19.0 	18.0 	18.3 	18.3 	19.4 	19.4 		QB19	QB14	QB9	QB2	QB2	-	QB2	QB2	QB2	QB2	QB2	QB2	QB2	QB2	QB2	QB2	QB2		QB2	18.8 	264.0 	2.1 	9.5 	0.1 	0.0 	0.0 	0.0 	2 	0.877 	0.460 	0.449 	1 	0.734 	0.000 	39 	0.583 		225 		-	-	Chris Rodriguez Jr.	0.215 	RB49	Roman Wilson	0.282 	WR52		-	-		QB10	19.2 	792.0 	6.3 	28.5 	0.2 	0.0 	0.0 	0.0 	10 	0.685 	0.460 	0.374 	1 	0.452 	0.000 	#N/A	0.411 		76.6 		-	-	Chris Rodriguez Jr.	23 	RB39	Roman Wilson	38 	WR27		-	-					Cincinnati Bengals	Tampa Bay Buccaneers	254 	1.0 	20 	0.0 	0.0 	0 	0.0 	1.0 	0.0 	0.0 	0.0 	14.2 	QB19		Cincinnati Bengals	Houston Texans	207 	2.0 	(1)	0.0 	0.0 	0 	0.0 	0.0 	0.0 	0.0 	0.0 	16.2 	QB14		Cincinnati Bengals	Pittsburgh Steelers	282 	3.0 	13 	0.0 	0.0 	0 	0.0 	0.0 	1.0 	0.0 	0.0 	22.6 	QB9		Cincinnati Bengals	Jacksonville Jaguars	428 	1.0 	6 	1.0 	0.0 	0 	0.0 	2.0 	0.0 	0.0 	0.0 	23.7 	QB2		Cincinnati Bengals	Miami Dolphins	251 	1.9 	10 	0.1 	0.0 	0 	0.0 	0.6 	0.1 	0.0 	0.0 	17.6 	QB2		Cincinnati Bengals	BYE	0 	0.0 	0 	0.0 	0.0 	0 	0.0 	0.0 	0.0 	0.0 	0.0 	0.0 	-		Cincinnati Bengals	Baltimore Ravens	268 	2.0 	8 	0.0 	0.0 	0 	0.0 	0.6 	0.1 	0.0 	0.0 	18.4 	QB2		Cincinnati Bengals	Tennessee Titans	264 	2.2 	11 	0.1 	0.0 	0 	0.0 	0.6 	0.1 	0.0 	0.0 	19.3 	QB2		Cincinnati Bengals	Atlanta Falcons	267 	2.2 	10 	0.1 	0.0 	0 	0.0 	0.6 	0.1 	0.0 	0.0 	19.3 	QB2		Cincinnati Bengals	Pittsburgh Steelers	264 	2.1 	9 	0.0 	0.0 	0 	0.0 	0.6 	0.1 	0.0 	0.0 	18.6 	QB2		Cincinnati Bengals	Washington Commanders	270 	2.2 	9 	0.1 	0.0 	0 	0.0 	0.6 	0.1 	0.0 	0.0 	19.4 	QB2		Cincinnati Bengals	New Orleans Saints	262 	2.1 	11 	0.1 	0.0 	0 	0.0 	0.6 	0.1 	0.0 	0.0 	19.0 	QB2		Cincinnati Bengals	Cleveland Browns	257 	2.0 	10 	0.1 	0.0 	0 	0.0 	0.6 	0.1 	0.0 	0.0 	18.0 	QB2		Cincinnati Bengals	Kansas City Chiefs	262 	2.0 	9 	0.0 	0.0 	0 	0.0 	0.6 	0.1 	0.0 	0.0 	18.3 	QB2		Cincinnati Bengals	Carolina Panthers	262 	2.0 	9 	0.0 	0.0 	0 	0.0 	0.6 	0.1 	0.0 	0.0 	18.3 	QB2		Cincinnati Bengals	Indianapolis Colts	270 	2.2 	9 	0.1 	0.0 	0 	0.0 	0.6 	0.1 	0.0 	0.0 	19.4 	QB2		Cincinnati Bengals	Baltimore Ravens	270 	2.2 	9 	0.1 	0.0 	0 	0.0 	0.6 	0.1 	0.0 	0.0 	19.4 	QB2		Actual	Actual	Actual	Actual	Forecast	Forecast	Forecast	Forecast	Forecast	Forecast	Forecast	Forecast	Forecast	Forecast	Forecast	Forecast	Forecast		Healthy	Healthy	Healthy	Healthy	Healthy	Healthy	Healthy	Healthy	Healthy	Healthy	Healthy	Healthy	Healthy	Healthy	Healthy	Healthy	Healthy		Week 5 2026	10/6/2026	7:50:59 PM	19		0%	0%	10%	8%	99%	99%		0.2 	0	0	0	0	0	0.172162 
	Malik Nabers	New York Giants	WR	WR21	10.4 	166 	0 	0.0 	0.0 	0.0 	0 	0.0 	0.0 	0.0 	71.5 	4.5 	931 	58.2 	6.3 	0.4 	0.0 	0.2 	0.0 	0.451 	1.000 	0.790 	1 	0.239 	0.000 	44 	29 	(15)	21 	12 	(9)	0.519 				-	-	Emmett Johnson	0.224 	RB47	Rome Odunze	0.305 	WR48		-	-		9.9 	0.6 	5.1 	20.2 	10.6 	10.8 	10.6 	0.0 	10.7 	11.2 	11.0 	11.0 	10.9 	10.8 	10.4 	11.3 	11.3 		WR27	WR86	WR55	WR9	WR19	WR17	WR21	-	WR20	WR18	WR14	WR20	WR16	WR19	WR23	WR18	WR18		WR19	10.9 	0.0 	0.0 	0.0 	0.0 	4.5 	60.2 	0.4 	18 	0.509 	1.000 	0.820 	1 	0.321 	0.000 	40 	0.574 		131 		-	-	Emmett Johnson	0.222 	RB48	Rome Odunze	0.316 	WR49		-	-		WR32	9.0 	0.0 	0.0 	0.0 	0.0 	13.4 	180.7 	1.3 	32 	0.320 	1.000 	0.680 	0 	0.119 	0.000 	#N/A	0.402 		35.8 		-	-	Emmett Johnson	16 	RB50	Rome Odunze	30 	WR43		-	-					New York Giants	Dallas Cowboys	0 	0.0 	0 	0.0 	6.0 	69 	0.0 	0.0 	0.0 	0.0 	0.0 	9.9 	WR27		New York Giants	Los Angeles Rams	0 	0.0 	0 	0.0 	1.0 	1 	0.0 	0.0 	0.0 	0.0 	0.0 	0.6 	WR86		New York Giants	Tennessee Titans	0 	0.0 	0 	0.0 	5.0 	26 	0.0 	0.0 	0.0 	0.0 	0.0 	5.1 	WR55		New York Giants	Arizona Cardinals	0 	0.0 	0 	0.0 	6.0 	112 	1.0 	0.0 	0.0 	0.0 	0.0 	20.2 	WR9		New York Giants	Washington Commanders	0 	0.0 	0 	0.0 	4.4 	59 	0.4 	0.0 	0.0 	0.0 	0.0 	10.6 	WR19		New York Giants	New Orleans Saints	0 	0.0 	0 	0.0 	4.4 	60 	0.4 	0.0 	0.0 	0.0 	0.0 	10.8 	WR17		New York Giants	Houston Texans	0 	0.0 	0 	0.0 	4.4 	60 	0.4 	0.0 	0.0 	0.0 	0.0 	10.6 	WR21		New York Giants	BYE	0 	0.0 	0 	0.0 	0.0 	0 	0.0 	0.0 	0.0 	0.0 	0.0 	0.0 	-		New York Giants	Philadelphia Eagles	0 	0.0 	0 	0.0 	4.5 	60 	0.4 	0.0 	0.0 	0.0 	0.0 	10.7 	WR20		New York Giants	Washington Commanders	0 	0.0 	0 	0.0 	4.5 	61 	0.5 	0.0 	0.0 	0.0 	0.0 	11.2 	WR18		New York Giants	Jacksonville Jaguars	0 	0.0 	0 	0.0 	4.5 	60 	0.5 	0.0 	0.0 	0.0 	0.0 	11.0 	WR14		New York Giants	Indianapolis Colts	0 	0.0 	0 	0.0 	4.5 	60 	0.5 	0.0 	0.0 	0.0 	0.0 	11.0 	WR20		New York Giants	San Francisco 49ers	0 	0.0 	0 	0.0 	4.5 	60 	0.5 	0.0 	0.0 	0.0 	0.0 	10.9 	WR16		New York Giants	Seattle Seahawks	0 	0.0 	0 	0.0 	4.5 	61 	0.4 	0.0 	0.0 	0.0 	0.0 	10.8 	WR19		New York Giants	Cleveland Browns	0 	0.0 	0 	0.0 	4.3 	57 	0.4 	0.0 	0.0 	0.0 	0.0 	10.4 	WR23		New York Giants	Detroit Lions	0 	0.0 	0 	0.0 	4.6 	62 	0.5 	0.0 	0.0 	0.0 	0.0 	11.3 	WR18		New York Giants	Dallas Cowboys	0 	0.0 	0 	0.0 	4.6 	62 	0.5 	0.0 	0.0 	0.0 	0.0 	11.3 	WR18		Actual	Actual	Actual	Actual	Forecast	Forecast	Forecast	Forecast	Forecast	Forecast	Forecast	Forecast	Forecast	Forecast	Forecast	Forecast	Forecast		Healthy	Healthy	Healthy	Healthy	Healthy	Healthy	Healthy	Healthy	Healthy	Healthy	Healthy	Healthy	Healthy	Healthy	Healthy	Healthy	Healthy		Week 5 2026	10/6/2026	7:50:59 PM	19		29%	32%	0%	0%	0%	0%		0.2 	0	0	0	0	0	0.172148 
	Deebo Samuel	San Francisco 49ers	WR	WR23	10.3 	165 	0 	0.0 	0.0 	0.0 	162 	10.1 	0.4 	0.0 	58.7 	3.7 	739 	46.2 	7.3 	0.5 	0.0 	0.1 	0.0 	0.449 	1.000 	0.770 	1 	0.234 	0.000 	48 	0 	(48)	23 	0 	(23)	0.507 				-	-	Kenny Gainwell	0.217 	RB48	Chris Godwin Jr.	0.296 	WR49		-	-		15.0 	5.0 	15.4 	15.5 	9.2 	10.1 	9.7 	0.0 	9.7 	9.9 	9.6 	9.3 	9.7 	9.5 	9.3 	9.1 	9.3 		WR13	WR50	WR16	WR12	WR31	WR21	WR27	-	WR31	WR26	WR25	WR36	WR29	WR30	WR35	WR36	WR34		WR33	9.5 	0.0 	0.0 	7.3 	0.0 	3.7 	46.1 	0.4 	33 	0.446 	1.000 	0.670 	1 	0.206 	0.000 	73 	0.451 		114 		-	-	Kenny Gainwell	0.203 	RB51	Chris Godwin Jr.	0.350 	WR45		-	-		WR11	12.7 	0.0 	0.0 	21.9 	0.1 	11.2 	138.4 	1.1 	11 	0.455 	1.000 	0.890 	1 	0.324 	0.000 	#N/A	0.598 		50.9 		-	-	Kenny Gainwell	17 	RB47	Chris Godwin Jr.	24 	WR58		-	-					San Francisco 49ers	Los Angeles Rams	0 	0.0 	12 	0.0 	6.0 	48 	1.0 	0.0 	0.0 	0.0 	0.0 	15.0 	WR13		San Francisco 49ers	Miami Dolphins	0 	0.0 	4 	0.0 	3.0 	31 	0.0 	0.0 	0.0 	0.0 	0.0 	5.0 	WR50		San Francisco 49ers	Arizona Cardinals	0 	0.0 	14 	0.0 	0.0 	80 	1.0 	0.0 	0.0 	0.0 	0.0 	15.4 	WR16		San Francisco 49ers	Denver Broncos	0 	0.0 	44 	0.0 	5.0 	26 	1.0 	0.0 	0.0 	0.0 	0.0 	15.5 	WR12		San Francisco 49ers	Seattle Seahawks	0 	0.0 	7 	0.0 	3.7 	45 	0.3 	0.0 	0.0 	0.0 	0.0 	9.2 	WR31		San Francisco 49ers	Washington Commanders	0 	0.0 	9 	0.0 	3.8 	47 	0.4 	0.0 	0.0 	0.0 	0.0 	10.1 	WR21		San Francisco 49ers	Atlanta Falcons	0 	0.0 	8 	0.0 	3.7 	46 	0.4 	0.0 	0.0 	0.0 	0.0 	9.7 	WR27		San Francisco 49ers	BYE	0 	0.0 	0 	0.0 	0.0 	0 	0.0 	0.0 	0.0 	0.0 	0.0 	0.0 	-		San Francisco 49ers	Las Vegas Raiders	0 	0.0 	9 	0.0 	3.6 	45 	0.4 	0.0 	0.0 	0.0 	0.0 	9.7 	WR31		San Francisco 49ers	Dallas Cowboys	0 	0.0 	7 	0.0 	3.9 	48 	0.4 	0.0 	0.0 	0.0 	0.0 	9.9 	WR26		San Francisco 49ers	Minnesota Vikings	0 	0.0 	7 	0.0 	3.8 	47 	0.4 	0.0 	0.0 	0.0 	0.0 	9.6 	WR25		San Francisco 49ers	Seattle Seahawks	0 	0.0 	7 	0.0 	3.7 	46 	0.3 	0.0 	0.0 	0.0 	0.0 	9.3 	WR36		San Francisco 49ers	New York Giants	0 	0.0 	7 	0.0 	3.8 	47 	0.4 	0.0 	0.0 	0.0 	0.0 	9.7 	WR29		San Francisco 49ers	Los Angeles Rams	0 	0.0 	7 	0.0 	3.7 	46 	0.3 	0.0 	0.0 	0.0 	0.0 	9.5 	WR30		San Francisco 49ers	Los Angeles Chargers	0 	0.0 	7 	0.0 	3.7 	46 	0.3 	0.0 	0.0 	0.0 	0.0 	9.3 	WR35		San Francisco 49ers	Kansas City Chiefs	0 	0.0 	7 	0.0 	3.6 	45 	0.3 	0.0 	0.0 	0.0 	0.0 	9.1 	WR36		San Francisco 49ers	Philadelphia Eagles	0 	0.0 	7 	0.0 	3.7 	45 	0.3 	0.0 	0.0 	0.0 	0.0 	9.3 	WR34		Actual	Actual	Actual	Actual	Forecast	Forecast	Forecast	Forecast	Forecast	Forecast	Forecast	Forecast	Forecast	Forecast	Forecast	Forecast	Forecast		Healthy	Healthy	Healthy	Healthy	Healthy	Healthy	Healthy	Healthy	Healthy	Healthy	Healthy	Healthy	Healthy	Healthy	Healthy	Healthy	Healthy		Week 5 2026	10/6/2026	7:50:59 PM	19		20%	21%	6%	4%	0%	0%		(0.1)	0	0	0	0	0	(0.147509)
	Jalen Coker	Carolina Panthers	WR	WR24	10.7 	160 	0 	0.0 	0.0 	0.0 	0 	0.0 	0.0 	0.0 	71.6 	4.8 	876 	58.4 	6.1 	0.4 	0.0 	0.2 	0.0 	0.434 	1.000 	0.740 	1 	0.259 	0.000 	49 	157 	108 	26 	58 	32 	0.502 				-	-	Raheim Sanders	0.211 	RB49	KC Concepcion	0.290 	WR50		-	-		29.8 	10.6 	2.8 	0.0 	0.0 	9.6 	9.9 	9.7 	9.4 	9.7 	9.9 	9.8 	9.6 	9.9 	10.1 	9.5 	9.5 		WR1	WR21	WR70	-	-	WR29	WR25	WR25	WR34	WR28	WR22	WR29	WR31	WR24	WR27	WR32	WR33		WR31	9.7 	0.0 	0.0 	0.0 	0.0 	4.5 	54.5 	0.3 	31 	0.455 	1.000 	0.690 	1 	0.223 	0.000 	67 	0.468 		117 		-	-	Raheim Sanders	0.209 	RB50	KC Concepcion	0.363 	WR43		-	-		WR20	14.4 	0.0 	0.0 	0.0 	0.0 	17.9 	218.2 	1.4 	20 	0.386 	1.000 	0.800 	1 	0.220 	0.000 	#N/A	0.506 		43.2 		-	-	Raheim Sanders	15 	RB51	KC Concepcion	22 	WR66		-	-					Carolina Panthers	Chicago Bears	0 	0.0 	0 	0.0 	8.0 	138 	2.0 	0.0 	0.0 	0.0 	0.0 	29.8 	WR1		Carolina Panthers	Atlanta Falcons	0 	0.0 	0 	0.0 	8.0 	66 	0.0 	0.0 	0.0 	0.0 	0.0 	10.6 	WR21		Carolina Panthers	Cleveland Browns	0 	0.0 	0 	0.0 	2.0 	18 	0.0 	0.0 	0.0 	0.0 	0.0 	2.8 	WR70		Carolina Panthers	Detroit Lions	0 	0.0 	0 	0.0 	0.0 	0 	0.0 	0.0 	0.0 	0.0 	0.0 	0.0 	-		Carolina Panthers	BYE	0 	0.0 	0 	0.0 	0.0 	0 	0.0 	0.0 	0.0 	0.0 	0.0 	0.0 	-		Carolina Panthers	Philadelphia Eagles	0 	0.0 	0 	0.0 	4.4 	54 	0.3 	0.0 	0.0 	0.0 	0.0 	9.6 	WR29		Carolina Panthers	Tampa Bay Buccaneers	0 	0.0 	0 	0.0 	4.5 	55 	0.4 	0.0 	0.0 	0.0 	0.0 	9.9 	WR25		Carolina Panthers	Green Bay Packers	0 	0.0 	0 	0.0 	4.5 	55 	0.3 	0.0 	0.0 	0.0 	0.0 	9.7 	WR25		Carolina Panthers	Denver Broncos	0 	0.0 	0 	0.0 	4.4 	53 	0.3 	0.0 	0.0 	0.0 	0.0 	9.4 	WR34		Carolina Panthers	New Orleans Saints	0 	0.0 	0 	0.0 	4.4 	54 	0.3 	0.0 	0.0 	0.0 	0.0 	9.7 	WR28		Carolina Panthers	Baltimore Ravens	0 	0.0 	0 	0.0 	4.5 	55 	0.4 	0.0 	0.0 	0.0 	0.0 	9.9 	WR22		Carolina Panthers	Tampa Bay Buccaneers	0 	0.0 	0 	0.0 	4.5 	55 	0.3 	0.0 	0.0 	0.0 	0.0 	9.8 	WR29		Carolina Panthers	Minnesota Vikings	0 	0.0 	0 	0.0 	4.4 	54 	0.3 	0.0 	0.0 	0.0 	0.0 	9.6 	WR31		Carolina Panthers	New Orleans Saints	0 	0.0 	0 	0.0 	4.5 	55 	0.4 	0.0 	0.0 	0.0 	0.0 	9.9 	WR24		Carolina Panthers	Cincinnati Bengals	0 	0.0 	0 	0.0 	4.6 	56 	0.4 	0.0 	0.0 	0.0 	0.0 	10.1 	WR27		Carolina Panthers	Pittsburgh Steelers	0 	0.0 	0 	0.0 	4.4 	54 	0.3 	0.0 	0.0 	0.0 	0.0 	9.5 	WR32		Carolina Panthers	Seattle Seahawks	0 	0.0 	0 	0.0 	4.4 	54 	0.3 	0.0 	0.0 	0.0 	0.0 	9.5 	WR33		Actual	Actual	Actual	Actual	Forecast	Forecast	Forecast	Forecast	Forecast	Forecast	Forecast	Forecast	Forecast	Forecast	Forecast	Forecast	Forecast		Healthy	Healthy	Healthy	Injured	Limited / Handicapped	Healthy	Healthy	Healthy	Healthy	Healthy	Healthy	Healthy	Healthy	Healthy	Healthy	Healthy	Healthy		Week 5 2026	10/6/2026	7:50:59 PM	19		24%	23%	0%	0%	0%	0%		(0.0)	0	0	1	0	0	
	Omarion Hampton	Los Angeles Chargers	RB	RB20	10.6 	170 	0 	0.0 	0.0 	0.0 	996 	62.2 	9.2 	0.6 	14.5 	0.9 	106 	6.6 	0.7 	0.0 	0.0 	3.8 	0.0 	0.461 	1.000 	0.768 	1 	0.200 	0.000 	51 	15 	(36)	20 	9 	(11)	0.495 				-	-	Jaylen Wright	0.205 	RB50	Dontayvion Wicks	0.281 	WR51		-	-		8.3 	16.5 	5.6 	12.3 	9.0 	8.3 	0.0 	9.8 	10.6 	9.7 	12.4 	10.7 	11.0 	11.4 	11.2 	12.2 	10.7 		RB30	RB6	RB37	RB23	RB28	RB28	-	RB21	RB20	RB23	RB14	RB22	RB17	RB19	RB21	RB16	RB21		RB21	10.6 	0.0 	0.0 	63.1 	0.5 	0.9 	6.4 	0.1 	21 	0.495 	1.000 	0.755 	1 	0.232 	0.000 	53 	0.507 		127 		-	-	Jaylen Wright	0.251 	RB44	Dontayvion Wicks	0.287 	WR51		-	-		RB20	10.7 	0.0 	0.0 	189.4 	1.6 	2.6 	19.2 	0.2 	20 	0.381 	1.000 	0.768 	1 	0.179 	0.000 	#N/A	0.474 		42.7 		-	-	Jaylen Wright	2 	RB71	Dontayvion Wicks	32 	WR38		-	-					Los Angeles Chargers	Arizona Cardinals	0 	0.0 	43 	1.0 	0.0 	0 	0.0 	0.0 	1.0 	0.0 	0.0 	8.3 	RB30		Los Angeles Chargers	Las Vegas Raiders	0 	0.0 	94 	1.0 	2.0 	21 	0.0 	0.0 	1.0 	0.0 	0.0 	16.5 	RB6		Los Angeles Chargers	Buffalo Bills	0 	0.0 	56 	0.0 	0.0 	0 	0.0 	0.0 	0.0 	0.0 	0.0 	5.6 	RB37		Los Angeles Chargers	Seattle Seahawks	0 	0.0 	45 	1.0 	2.0 	8 	0.0 	0.0 	0.0 	0.0 	0.0 	12.3 	RB23		Los Angeles Chargers	Denver Broncos	0 	0.0 	55 	0.4 	0.9 	6 	0.1 	0.0 	0.2 	0.0 	0.0 	9.0 	RB28		Los Angeles Chargers	Kansas City Chiefs	0 	0.0 	50 	0.4 	0.9 	7 	0.1 	0.0 	0.2 	0.0 	0.0 	8.3 	RB28		Los Angeles Chargers	BYE	0 	0.0 	0 	0.0 	0.0 	0 	0.0 	0.0 	0.0 	0.0 	0.0 	0.0 	-		Los Angeles Chargers	Los Angeles Rams	0 	0.0 	58 	0.5 	0.9 	7 	0.1 	0.0 	0.2 	0.0 	0.0 	9.8 	RB21		Los Angeles Chargers	Houston Texans	0 	0.0 	64 	0.5 	0.9 	6 	0.1 	0.0 	0.2 	0.0 	0.0 	10.6 	RB20		Los Angeles Chargers	Baltimore Ravens	0 	0.0 	58 	0.5 	0.9 	7 	0.1 	0.0 	0.2 	0.0 	0.0 	9.7 	RB23		Los Angeles Chargers	New York Jets	0 	0.0 	74 	0.6 	0.8 	6 	0.1 	0.0 	0.2 	0.0 	0.0 	12.4 	RB14		Los Angeles Chargers	New England Patriots	0 	0.0 	64 	0.5 	0.9 	6 	0.1 	0.0 	0.2 	0.0 	0.0 	10.7 	RB22		Los Angeles Chargers	Tampa Bay Buccaneers	0 	0.0 	65 	0.6 	0.9 	7 	0.1 	0.0 	0.2 	0.0 	0.0 	11.0 	RB17		Los Angeles Chargers	Las Vegas Raiders	0 	0.0 	68 	0.6 	0.9 	6 	0.1 	0.0 	0.2 	0.0 	0.0 	11.4 	RB19		Los Angeles Chargers	San Francisco 49ers	0 	0.0 	66 	0.6 	0.9 	7 	0.1 	0.0 	0.2 	0.0 	0.0 	11.2 	RB21		Los Angeles Chargers	Miami Dolphins	0 	0.0 	72 	0.6 	0.9 	6 	0.1 	0.0 	0.2 	0.0 	0.0 	12.2 	RB16		Los Angeles Chargers	Kansas City Chiefs	0 	0.0 	64 	0.5 	0.9 	6 	0.1 	0.0 	0.2 	0.0 	0.0 	10.7 	RB21		Actual	Actual	Actual	Actual	Forecast	Forecast	Forecast	Forecast	Forecast	Forecast	Forecast	Forecast	Forecast	Forecast	Forecast	Forecast	Forecast		Healthy	Healthy	Healthy	Healthy	Healthy	Healthy	Healthy	Healthy	Healthy	Healthy	Healthy	Healthy	Healthy	Healthy	Healthy	Healthy	Healthy		Week 5 2026	10/6/2026	7:50:59 PM	19		3%	4%	48%	57%	0%	0%		0.0 	0	0	0	0	0	0.032793 
	Stefon Diggs	Washington Commanders	WR	WR25	10.2 	163 	0 	0.0 	0.0 	0.0 	0 	0.0 	0.0 	0.0 	78.0 	4.9 	788 	49.3 	7.6 	0.5 	0.0 	0.2 	0.0 	0.443 	1.000 	0.760 	1 	0.224 	0.000 	50 	105 	55 	24 	40 	16 	0.498 				-	-	Zach Charbonnet	0.198 	RB51	Tre' Harris	0.275 	WR53		-	-		13.5 	19.2 	5.3 	6.0 	9.7 	10.2 	0.0 	9.7 	10.2 	9.9 	10.4 	10.0 	9.8 	9.5 	10.1 	9.6 	10.0 		WR17	WR8	WR54	WR51	WR23	WR19	-	WR24	WR22	WR27	WR16	WR26	WR27	WR28	WR28	WR29	WR25		WR28	9.9 	0.0 	0.0 	0.0 	0.0 	5.0 	51.5 	0.4 	28 	0.465 	1.000 	0.720 	1 	0.240 	0.000 	62 	0.490 		119 		-	-	Zach Charbonnet	0.244 	RB45	Tre' Harris	0.304 	WR50		-	-		WR19	11.0 	0.0 	0.0 	0.0 	0.0 	15.0 	154.5 	1.2 	19 	0.393 	1.000 	0.810 	1 	0.231 	0.000 	#N/A	0.516 		44.0 		-	-	Zach Charbonnet	0 	RB73	Tre' Harris	27 	WR51		-	-					Washington Commanders	Philadelphia Eagles	0 	0.0 	0 	0.0 	4.0 	55 	1.0 	0.0 	0.0 	0.0 	0.0 	13.5 	WR17		Washington Commanders	Dallas Cowboys	0 	0.0 	0 	0.0 	5.0 	47 	2.0 	0.0 	0.0 	0.0 	0.0 	19.2 	WR8		Washington Commanders	Seattle Seahawks	0 	0.0 	0 	0.0 	4.0 	33 	0.0 	0.0 	0.0 	0.0 	0.0 	5.3 	WR54		Washington Commanders	Indianapolis Colts	0 	0.0 	0 	0.0 	5.0 	35 	0.0 	0.0 	0.0 	0.0 	0.0 	6.0 	WR51		Washington Commanders	New York Giants	0 	0.0 	0 	0.0 	4.9 	50 	0.4 	0.0 	0.0 	0.0 	0.0 	9.7 	WR23		Washington Commanders	San Francisco 49ers	0 	0.0 	0 	0.0 	5.2 	54 	0.4 	0.0 	0.0 	0.0 	0.0 	10.2 	WR19		Washington Commanders	BYE	0 	0.0 	0 	0.0 	0.0 	0 	0.0 	0.0 	0.0 	0.0 	0.0 	0.0 	-		Washington Commanders	Philadelphia Eagles	0 	0.0 	0 	0.0 	4.9 	51 	0.4 	0.0 	0.0 	0.0 	0.0 	9.7 	WR24		Washington Commanders	Los Angeles Rams	0 	0.0 	0 	0.0 	5.2 	53 	0.4 	0.0 	0.0 	0.0 	0.0 	10.2 	WR22		Washington Commanders	New York Giants	0 	0.0 	0 	0.0 	5.0 	51 	0.4 	0.0 	0.0 	0.0 	0.0 	9.9 	WR27		Washington Commanders	Cincinnati Bengals	0 	0.0 	0 	0.0 	5.2 	53 	0.4 	0.0 	0.0 	0.0 	0.0 	10.4 	WR16		Washington Commanders	Arizona Cardinals	0 	0.0 	0 	0.0 	5.0 	51 	0.4 	0.0 	0.0 	0.0 	0.0 	10.0 	WR26		Washington Commanders	Tennessee Titans	0 	0.0 	0 	0.0 	4.9 	51 	0.4 	0.0 	0.0 	0.0 	0.0 	9.8 	WR27		Washington Commanders	Houston Texans	0 	0.0 	0 	0.0 	4.8 	50 	0.4 	0.0 	0.0 	0.0 	0.0 	9.5 	WR28		Washington Commanders	Atlanta Falcons	0 	0.0 	0 	0.0 	5.0 	52 	0.4 	0.0 	0.0 	0.0 	0.0 	10.1 	WR28		Washington Commanders	Minnesota Vikings	0 	0.0 	0 	0.0 	4.9 	50 	0.4 	0.0 	0.0 	0.0 	0.0 	9.6 	WR29		Washington Commanders	Jacksonville Jaguars	0 	0.0 	0 	0.0 	5.0 	52 	0.4 	0.0 	0.0 	0.0 	0.0 	10.0 	WR25		Actual	Actual	Actual	Actual	Forecast	Forecast	Forecast	Forecast	Forecast	Forecast	Forecast	Forecast	Forecast	Forecast	Forecast	Forecast	Forecast		Healthy	Healthy	Healthy	Healthy	Healthy	Healthy	Healthy	Healthy	Healthy	Healthy	Healthy	Healthy	Healthy	Healthy	Healthy	Healthy	Healthy		Week 5 2026	10/6/2026	7:50:59 PM	19		24%	26%	0%	0%	0%	0%		(0.0)	0	0	0	0	0	(0.025811)
	Saquon Barkley	Philadelphia Eagles	RB	RB21	10.5 	168 	0 	0.0 	0.0 	0.0 	1,078 	67.4 	5.9 	0.4 	21.1 	1.3 	135 	8.4 	0.9 	0.1 	0.0 	2.2 	0.0 	0.457 	1.000 	0.755 	1 	0.194 	0.000 	53 	11 	(42)	21 	6 	(15)	0.486 				-	-	MarShawn Lloyd	0.191 	RB52	Caleb Douglas	0.279 	WR52		-	-		8.5 	2.5 	8.5 	1.5 	9.2 	12.1 	13.0 	12.4 	13.1 	0.0 	12.8 	12.1 	14.2 	13.5 	12.0 	11.3 	11.5 		RB28	RB54	RB26	RB53	RB27	RB15	RB13	RB15	RB13	-	RB13	RB18	RB7	RB11	RB19	RB19	RB19		RB17	12.3 	0.0 	0.0 	74.7 	0.5 	1.4 	10.6 	0.1 	17 	0.574 	1.000 	0.804 	1 	0.359 	0.000 	38 	0.592 		147 		-	-	MarShawn Lloyd	0.173 	RB55	Caleb Douglas	0.335 	WR47		-	-		RB43	5.3 	0.0 	0.0 	224.1 	1.5 	4.3 	31.7 	0.2 	43 	0.188 	1.000 	0.481 	(0)	0.000 	0.000 	#N/A	0.245 		21.0 		-	-	MarShawn Lloyd	22 	RB40	Caleb Douglas	15 	WR78		-	-					Philadelphia Eagles	Washington Commanders	0 	0.0 	83 	0.0 	1.0 	(3)	0.0 	0.0 	0.0 	0.0 	0.0 	8.5 	RB28		Philadelphia Eagles	Tennessee Titans	0 	0.0 	9 	0.0 	1.0 	11 	0.0 	0.0 	0.0 	0.0 	0.0 	2.5 	RB54		Philadelphia Eagles	Chicago Bears	0 	0.0 	82 	0.0 	1.0 	(2)	0.0 	0.0 	0.0 	0.0 	0.0 	8.5 	RB26		Philadelphia Eagles	Los Angeles Rams	0 	0.0 	8 	0.0 	1.0 	2 	0.0 	0.0 	0.0 	0.0 	0.0 	1.5 	RB53		Philadelphia Eagles	Jacksonville Jaguars	0 	0.0 	57 	0.3 	1.3 	10 	0.1 	0.0 	0.2 	0.0 	0.0 	9.2 	RB27		Philadelphia Eagles	Carolina Panthers	0 	0.0 	74 	0.5 	1.4 	11 	0.1 	0.0 	0.2 	0.0 	0.0 	12.1 	RB15		Philadelphia Eagles	Dallas Cowboys	0 	0.0 	78 	0.5 	1.5 	11 	0.1 	0.0 	0.2 	0.0 	0.0 	13.0 	RB13		Philadelphia Eagles	Washington Commanders	0 	0.0 	75 	0.5 	1.5 	11 	0.1 	0.0 	0.2 	0.0 	0.0 	12.4 	RB15		Philadelphia Eagles	New York Giants	0 	0.0 	80 	0.5 	1.4 	11 	0.1 	0.0 	0.2 	0.0 	0.0 	13.1 	RB13		Philadelphia Eagles	BYE	0 	0.0 	0 	0.0 	0.0 	0 	0.0 	0.0 	0.0 	0.0 	0.0 	0.0 	-		Philadelphia Eagles	Pittsburgh Steelers	0 	0.0 	78 	0.5 	1.4 	10 	0.1 	0.0 	0.2 	0.0 	0.0 	12.8 	RB13		Philadelphia Eagles	Dallas Cowboys	0 	0.0 	72 	0.5 	1.5 	11 	0.1 	0.0 	0.2 	0.0 	0.0 	12.1 	RB18		Philadelphia Eagles	Arizona Cardinals	0 	0.0 	87 	0.6 	1.4 	10 	0.1 	0.0 	0.2 	0.0 	0.0 	14.2 	RB7		Philadelphia Eagles	Indianapolis Colts	0 	0.0 	81 	0.6 	1.5 	11 	0.1 	0.0 	0.2 	0.0 	0.0 	13.5 	RB11		Philadelphia Eagles	Seattle Seahawks	0 	0.0 	74 	0.5 	1.4 	10 	0.1 	0.0 	0.2 	0.0 	0.0 	12.0 	RB19		Philadelphia Eagles	Houston Texans	0 	0.0 	70 	0.4 	1.4 	10 	0.1 	0.0 	0.2 	0.0 	0.0 	11.3 	RB19		Philadelphia Eagles	San Francisco 49ers	0 	0.0 	70 	0.4 	1.4 	11 	0.1 	0.0 	0.2 	0.0 	0.0 	11.5 	RB19		Actual	Actual	Actual	Actual	Forecast	Forecast	Forecast	Forecast	Forecast	Forecast	Forecast	Forecast	Forecast	Forecast	Forecast	Forecast	Forecast		Healthy	Healthy	Healthy	Healthy	Limited / Handicapped	Healthy	Healthy	Healthy	Healthy	Healthy	Healthy	Healthy	Healthy	Healthy	Healthy	Healthy	Healthy		Week 5 2026	10/6/2026	7:50:59 PM	19		5%	5%	56%	53%	0%	0%		0.3 	0	0	0	0	0	0.347135 
	Mike Evans	San Francisco 49ers	WR	WR26	10.1 	162 	0 	0.0 	0.0 	0.0 	0 	0.0 	0.0 	0.0 	68.8 	4.3 	850 	53.1 	7.1 	0.4 	0.0 	0.2 	0.0 	0.438 	1.000 	0.750 	1 	0.216 	0.000 	52 	66 	14 	25 	29 	4 	0.490 				-	-	Jadarian Price	0.185 	RB53	Devaughn Vele	0.347 	WR44		-	-		13.9 	6.9 	10.9 	10.1 	9.6 	10.5 	10.1 	0.0 	9.9 	10.4 	10.1 	9.8 	10.2 	10.0 	9.8 	9.6 	9.8 		WR16	WR34	WR28	WR31	WR25	WR18	WR23	-	WR27	WR22	WR20	WR31	WR24	WR22	WR31	WR31	WR29		WR25	10.0 	0.0 	0.0 	0.0 	0.0 	4.3 	53.1 	0.4 	25 	0.467 	1.000 	0.750 	1 	0.244 	0.000 	54 	0.505 		120 		-	-	Jadarian Price	0.195 	RB52	Devaughn Vele	0.270 	WR53		-	-		WR22	10.5 	0.0 	0.0 	0.0 	0.0 	12.9 	159.2 	1.3 	22 	0.373 	1.000 	0.780 	1 	0.201 	0.000 	#N/A	0.487 		41.8 		-	-	Jadarian Price	12 	RB59	Devaughn Vele	45 	WR16		-	-					San Francisco 49ers	Los Angeles Rams	0 	0.0 	0 	0.0 	6.0 	49 	1.0 	0.0 	0.0 	0.0 	0.0 	13.9 	WR16		San Francisco 49ers	Miami Dolphins	0 	0.0 	0 	0.0 	3.0 	54 	0.0 	0.0 	0.0 	0.0 	0.0 	6.9 	WR34		San Francisco 49ers	Arizona Cardinals	0 	0.0 	0 	0.0 	3.0 	34 	1.0 	0.0 	0.0 	0.0 	0.0 	10.9 	WR28		San Francisco 49ers	Denver Broncos	0 	0.0 	0 	0.0 	5.0 	76 	0.0 	0.0 	0.0 	0.0 	0.0 	10.1 	WR31		San Francisco 49ers	Seattle Seahawks	0 	0.0 	0 	0.0 	4.2 	52 	0.4 	0.0 	0.0 	0.0 	0.0 	9.6 	WR25		San Francisco 49ers	Washington Commanders	0 	0.0 	0 	0.0 	4.4 	54 	0.5 	0.0 	0.0 	0.0 	0.0 	10.5 	WR18		San Francisco 49ers	Atlanta Falcons	0 	0.0 	0 	0.0 	4.3 	53 	0.4 	0.0 	0.0 	0.0 	0.0 	10.1 	WR23		San Francisco 49ers	BYE	0 	0.0 	0 	0.0 	0.0 	0 	0.0 	0.0 	0.0 	0.0 	0.0 	0.0 	-		San Francisco 49ers	Las Vegas Raiders	0 	0.0 	0 	0.0 	4.2 	52 	0.4 	0.0 	0.0 	0.0 	0.0 	9.9 	WR27		San Francisco 49ers	Dallas Cowboys	0 	0.0 	0 	0.0 	4.5 	55 	0.5 	0.0 	0.0 	0.0 	0.0 	10.4 	WR22		San Francisco 49ers	Minnesota Vikings	0 	0.0 	0 	0.0 	4.4 	54 	0.4 	0.0 	0.0 	0.0 	0.0 	10.1 	WR20		San Francisco 49ers	Seattle Seahawks	0 	0.0 	0 	0.0 	4.3 	53 	0.4 	0.0 	0.0 	0.0 	0.0 	9.8 	WR31		San Francisco 49ers	New York Giants	0 	0.0 	0 	0.0 	4.4 	54 	0.4 	0.0 	0.0 	0.0 	0.0 	10.2 	WR24		San Francisco 49ers	Los Angeles Rams	0 	0.0 	0 	0.0 	4.3 	53 	0.4 	0.0 	0.0 	0.0 	0.0 	10.0 	WR22		San Francisco 49ers	Los Angeles Chargers	0 	0.0 	0 	0.0 	4.3 	53 	0.4 	0.0 	0.0 	0.0 	0.0 	9.8 	WR31		San Francisco 49ers	Kansas City Chiefs	0 	0.0 	0 	0.0 	4.2 	52 	0.4 	0.0 	0.0 	0.0 	0.0 	9.6 	WR31		San Francisco 49ers	Philadelphia Eagles	0 	0.0 	0 	0.0 	4.2 	52 	0.4 	0.0 	0.0 	0.0 	0.0 	9.8 	WR29		Actual	Actual	Actual	Actual	Forecast	Forecast	Forecast	Forecast	Forecast	Forecast	Forecast	Forecast	Forecast	Forecast	Forecast	Forecast	Forecast		Healthy	Healthy	Healthy	Healthy	Healthy	Healthy	Healthy	Healthy	Healthy	Healthy	Healthy	Healthy	Healthy	Healthy	Healthy	Healthy	Healthy		Week 5 2026	10/6/2026	7:50:59 PM	19		23%	25%	0%	0%	0%	0%		0.0 	0	0	0	0	0	0.017896 
	Sam LaPorta	Detroit Lions	TE	TE4	10.1 	161 	0 	0.0 	0.0 	0.0 	0 	0.0 	0.0 	0.0 	75.7 	4.7 	835 	52.2 	6.7 	0.4 	0.0 	0.1 	0.0 	0.438 	0.560 	0.533 	1 	0.459 	0.000 	54 	71 	17 	4 	7 	3 	0.486 				-	-	George Holani	0.173 	RB55	Kalif Raymond	0.263 	WR54		-	-		7.3 	14.2 	5.9 	18.4 	10.2 	0.0 	9.8 	9.5 	9.4 	9.5 	9.7 	10.0 	9.7 	9.5 	9.2 	9.7 	9.4 		TE17	TE8	TE17	TE1	TE3	-	TE5	TE5	TE6	TE5	TE5	TE5	TE4	TE5	TE7	TE6	TE6		TE6	9.6 	0.0 	0.0 	0.0 	0.0 	4.5 	50.6 	0.4 	6 	0.450 	0.560 	0.518 	1 	0.469 	0.000 	63 	0.486 		115 		-	-	George Holani	0.180 	RB54	Kalif Raymond	0.245 	WR56		-	-		TE4	11.5 	0.0 	0.0 	0.0 	0.0 	13.4 	151.8 	1.2 	4 	0.409 	0.560 	0.533 	1 	0.671 	0.000 	#N/A	0.577 		45.8 		-	-	George Holani	16 	RB48	Kalif Raymond	39 	WR24		-	-					Detroit Lions	New Orleans Saints	0 	0.0 	0 	0.0 	5.0 	48 	0.0 	0.0 	0.0 	0.0 	0.0 	7.3 	TE17		Detroit Lions	Buffalo Bills	0 	0.0 	0 	0.0 	6.0 	52 	1.0 	0.0 	0.0 	0.0 	0.0 	14.2 	TE8		Detroit Lions	New York Jets	0 	0.0 	0 	0.0 	3.0 	44 	0.0 	0.0 	0.0 	0.0 	0.0 	5.9 	TE17		Detroit Lions	Carolina Panthers	0 	0.0 	0 	0.0 	8.0 	84 	1.0 	0.0 	0.0 	0.0 	0.0 	18.4 	TE1		Detroit Lions	Arizona Cardinals	0 	0.0 	0 	0.0 	4.7 	53 	0.4 	0.0 	0.0 	0.0 	0.0 	10.2 	TE3		Detroit Lions	BYE	0 	0.0 	0 	0.0 	0.0 	0 	0.0 	0.0 	0.0 	0.0 	0.0 	0.0 	-		Detroit Lions	Green Bay Packers	0 	0.0 	0 	0.0 	4.5 	51 	0.4 	0.0 	0.0 	0.0 	0.0 	9.8 	TE5		Detroit Lions	Minnesota Vikings	0 	0.0 	0 	0.0 	4.4 	50 	0.4 	0.0 	0.0 	0.0 	0.0 	9.5 	TE5		Detroit Lions	Miami Dolphins	0 	0.0 	0 	0.0 	4.4 	50 	0.4 	0.0 	0.0 	0.0 	0.0 	9.4 	TE6		Detroit Lions	New England Patriots	0 	0.0 	0 	0.0 	4.4 	50 	0.4 	0.0 	0.0 	0.0 	0.0 	9.5 	TE5		Detroit Lions	Tampa Bay Buccaneers	0 	0.0 	0 	0.0 	4.5 	51 	0.4 	0.0 	0.0 	0.0 	0.0 	9.7 	TE5		Detroit Lions	Chicago Bears	0 	0.0 	0 	0.0 	4.6 	52 	0.4 	0.0 	0.0 	0.0 	0.0 	10.0 	TE5		Detroit Lions	Atlanta Falcons	0 	0.0 	0 	0.0 	4.5 	51 	0.4 	0.0 	0.0 	0.0 	0.0 	9.7 	TE4		Detroit Lions	Tennessee Titans	0 	0.0 	0 	0.0 	4.4 	50 	0.4 	0.0 	0.0 	0.0 	0.0 	9.5 	TE5		Detroit Lions	Minnesota Vikings	0 	0.0 	0 	0.0 	4.4 	49 	0.4 	0.0 	0.0 	0.0 	0.0 	9.2 	TE7		Detroit Lions	New York Giants	0 	0.0 	0 	0.0 	4.5 	51 	0.4 	0.0 	0.0 	0.0 	0.0 	9.7 	TE6		Detroit Lions	Chicago Bears	0 	0.0 	0 	0.0 	4.5 	50 	0.4 	0.0 	0.0 	0.0 	0.0 	9.4 	TE6		Actual	Actual	Actual	Actual	Forecast	Forecast	Forecast	Forecast	Forecast	Forecast	Forecast	Forecast	Forecast	Forecast	Forecast	Forecast	Forecast		Healthy	Healthy	Healthy	Healthy	Healthy	Healthy	Healthy	Healthy	Healthy	Healthy	Healthy	Healthy	Healthy	Healthy	Healthy	Healthy	Healthy		Week 5 2026	10/6/2026	7:50:59 PM	19		20%	21%	0%	0%	0%	0%		(0.1)	0	0	0	0	0	(0.090985)
	Lamar Jackson	Baltimore Ravens	QB	QB6	18.0 	287 	3,361 	210.0 	20.6 	1.3 	633 	39.6 	4.8 	0.3 	0.0 	0.0 	0 	0.0 	0.0 	0.0 	8.7 	1.9 	0.0 	0.780 	0.460 	0.415 	1 	0.514 	0.000 	63 	38 	(25)	6 	2 	(4)	0.462 				-	-	Kaelon Black	0.179 	RB54	Keon Coleman	0.248 	WR55		-	-		25.0 	14.8 	20.4 	18.9 	14.7 	16.0 	18.8 	17.5 	18.4 	17.8 	17.7 	16.4 	0.0 	18.3 	17.4 	17.9 	17.5 		QB6	QB17	QB12	QB9	QB20	QB11	QB1	QB4	QB3	QB5	QB5	QB13	-	QB3	QB5	QB5	QB5		QB4	17.4 	199.5 	1.2 	40.7 	0.3 	0.0 	0.0 	0.0 	4 	0.812 	0.460 	0.433 	1 	0.593 	0.000 	52 	0.508 		208 		-	-	Kaelon Black	0.188 	RB53	Keon Coleman	0.234 	WR58		-	-		QB8	19.8 	598.4 	3.6 	122.2 	0.9 	0.0 	0.0 	0.0 	8 	0.706 	0.460 	0.395 	1 	0.490 	0.000 	#N/A	0.440 		79.1 		-	-	Kaelon Black	13 	RB54	Keon Coleman	35 	WR35		-	-					Baltimore Ravens	Indianapolis Colts	324 	1.0 	40 	1.0 	0.0 	0 	0.0 	0.0 	1.0 	0.0 	0.0 	25.0 	QB6		Baltimore Ravens	New Orleans Saints	235 	1.0 	34 	0.0 	0.0 	0 	0.0 	1.0 	0.0 	0.0 	0.0 	14.8 	QB17		Baltimore Ravens	Dallas Cowboys	186 	2.0 	50 	0.0 	0.0 	0 	0.0 	0.0 	0.0 	0.0 	0.0 	20.4 	QB12		Baltimore Ravens	Tennessee Titans	222 	2.0 	20 	0.0 	0.0 	0 	0.0 	0.0 	0.0 	0.0 	0.0 	18.9 	QB9		Baltimore Ravens	Atlanta Falcons	186 	1.0 	33 	0.2 	0.0 	0 	0.0 	0.6 	0.1 	0.0 	0.0 	14.7 	QB20		Baltimore Ravens	Cleveland Browns	191 	1.1 	38 	0.3 	0.0 	0 	0.0 	0.6 	0.1 	0.0 	0.0 	16.0 	QB11		Baltimore Ravens	Cincinnati Bengals	210 	1.4 	42 	0.4 	0.0 	0 	0.0 	0.6 	0.1 	0.0 	0.0 	18.8 	QB1		Baltimore Ravens	Buffalo Bills	206 	1.3 	39 	0.3 	0.0 	0 	0.0 	0.6 	0.1 	0.0 	0.0 	17.5 	QB4		Baltimore Ravens	Jacksonville Jaguars	203 	1.3 	44 	0.4 	0.0 	0 	0.0 	0.6 	0.1 	0.0 	0.0 	18.4 	QB3		Baltimore Ravens	Los Angeles Chargers	204 	1.3 	41 	0.3 	0.0 	0 	0.0 	0.6 	0.1 	0.0 	0.0 	17.8 	QB5		Baltimore Ravens	Carolina Panthers	199 	1.2 	43 	0.3 	0.0 	0 	0.0 	0.6 	0.1 	0.0 	0.0 	17.7 	QB5		Baltimore Ravens	Houston Texans	198 	1.1 	37 	0.3 	0.0 	0 	0.0 	0.6 	0.1 	0.0 	0.0 	16.4 	QB13		Baltimore Ravens	BYE	0 	0.0 	0 	0.0 	0.0 	0 	0.0 	0.0 	0.0 	0.0 	0.0 	0.0 	-		Baltimore Ravens	Tampa Bay Buccaneers	199 	1.3 	45 	0.4 	0.0 	0 	0.0 	0.6 	0.1 	0.0 	0.0 	18.3 	QB3		Baltimore Ravens	Pittsburgh Steelers	201 	1.2 	40 	0.3 	0.0 	0 	0.0 	0.6 	0.1 	0.0 	0.0 	17.4 	QB5		Baltimore Ravens	Cleveland Browns	192 	1.2 	46 	0.4 	0.0 	0 	0.0 	0.6 	0.1 	0.0 	0.0 	17.9 	QB5		Baltimore Ravens	Cincinnati Bengals	206 	1.3 	39 	0.3 	0.0 	0 	0.0 	0.6 	0.1 	0.0 	0.0 	17.5 	QB5		Actual	Actual	Actual	Actual	Forecast	Forecast	Forecast	Forecast	Forecast	Forecast	Forecast	Forecast	Forecast	Forecast	Forecast	Forecast	Forecast		Healthy	Healthy	Healthy	Healthy	Limited / Handicapped	Healthy	Healthy	Healthy	Healthy	Healthy	Healthy	Healthy	Healthy	Healthy	Healthy	Healthy	Healthy		Week 5 2026	10/6/2026	7:50:59 PM	19		0%	0%	27%	23%	99%	99%		0.1 	0	0	0	0	0	0.068499 
	Tyler Warren	Indianapolis Colts	TE	TE5	10.0 	160 	0 	0.0 	0.0 	0.0 	19 	1.2 	0.4 	0.0 	92.7 	5.8 	729 	45.6 	6.0 	0.4 	0.0 	0.1 	0.0 	0.434 	0.560 	0.525 	1 	0.449 	0.000 	57 	50 	(7)	5 	4 	(1)	0.477 				-	-	Braelon Allen	0.167 	RB56	Keenan Allen	0.241 	WR56		-	-		8.8 	11.4 	10.2 	6.6 	9.8 	10.1 	10.0 	10.3 	10.8 	10.4 	10.0 	10.4 	0.0 	10.1 	10.3 	10.8 	10.0 		TE13	TE10	TE11	TE18	TE6	TE5	TE4	TE3	TE3	TE4	TE4	TE3	-	TE3	TE3	TE3	TE5		TE4	10.2 	0.0 	0.0 	1.2 	0.0 	5.8 	49.9 	0.3 	4 	0.479 	0.560 	0.533 	1 	0.549 	0.000 	48 	0.532 		123 		-	-	Braelon Allen	0.153 	RB58	Keenan Allen	0.256 	WR54		-	-		TE11	9.3 	0.0 	0.0 	3.6 	0.1 	17.4 	149.8 	1.0 	11 	0.330 	0.560 	0.476 	1 	0.398 	0.000 	#N/A	0.419 		37.0 		-	-	Braelon Allen	23 	RB38	Keenan Allen	23 	WR64		-	-					Indianapolis Colts	Baltimore Ravens	0 	0.0 	0 	0.0 	3.0 	13 	1.0 	0.0 	0.0 	0.0 	0.0 	8.8 	TE13		Indianapolis Colts	Kansas City Chiefs	0 	0.0 	3 	0.0 	6.0 	21 	1.0 	0.0 	0.0 	0.0 	0.0 	11.4 	TE10		Indianapolis Colts	Houston Texans	0 	0.0 	2 	0.0 	9.0 	55 	0.0 	0.0 	0.0 	0.0 	0.0 	10.2 	TE11		Indianapolis Colts	Washington Commanders	0 	0.0 	0 	0.0 	5.0 	41 	0.0 	0.0 	0.0 	0.0 	0.0 	6.6 	TE18		Indianapolis Colts	Pittsburgh Steelers	0 	0.0 	1 	0.0 	5.6 	48 	0.3 	0.0 	0.0 	0.0 	0.0 	9.8 	TE6		Indianapolis Colts	Tennessee Titans	0 	0.0 	1 	0.0 	5.6 	48 	0.3 	0.0 	0.0 	0.0 	0.0 	10.1 	TE5		Indianapolis Colts	Minnesota Vikings	0 	0.0 	1 	0.0 	5.7 	49 	0.3 	0.0 	0.0 	0.0 	0.0 	10.0 	TE4		Indianapolis Colts	Jacksonville Jaguars	0 	0.0 	1 	0.0 	5.9 	51 	0.3 	0.0 	0.0 	0.0 	0.0 	10.3 	TE3		Indianapolis Colts	Dallas Cowboys	0 	0.0 	1 	0.0 	6.0 	52 	0.4 	0.0 	0.0 	0.0 	0.0 	10.8 	TE3		Indianapolis Colts	Miami Dolphins	0 	0.0 	1 	0.0 	5.8 	50 	0.4 	0.0 	0.0 	0.0 	0.0 	10.4 	TE4		Indianapolis Colts	Houston Texans	0 	0.0 	1 	0.0 	5.8 	50 	0.3 	0.0 	0.0 	0.0 	0.0 	10.0 	TE4		Indianapolis Colts	New York Giants	0 	0.0 	1 	0.0 	5.9 	50 	0.4 	0.0 	0.0 	0.0 	0.0 	10.4 	TE3		Indianapolis Colts	BYE	0 	0.0 	0 	0.0 	0.0 	0 	0.0 	0.0 	0.0 	0.0 	0.0 	0.0 	-		Indianapolis Colts	Philadelphia Eagles	0 	0.0 	1 	0.0 	5.8 	50 	0.3 	0.0 	0.0 	0.0 	0.0 	10.1 	TE3		Indianapolis Colts	Tennessee Titans	0 	0.0 	1 	0.0 	5.8 	50 	0.3 	0.0 	0.0 	0.0 	0.0 	10.3 	TE3		Indianapolis Colts	Cincinnati Bengals	0 	0.0 	1 	0.0 	6.0 	52 	0.4 	0.0 	0.0 	0.0 	0.0 	10.8 	TE3		Indianapolis Colts	Cleveland Browns	0 	0.0 	1 	0.0 	5.7 	49 	0.3 	0.0 	0.0 	0.0 	0.0 	10.0 	TE5		Actual	Actual	Actual	Actual	Forecast	Forecast	Forecast	Forecast	Forecast	Forecast	Forecast	Forecast	Forecast	Forecast	Forecast	Forecast	Forecast		Healthy	Healthy	Healthy	Healthy	Healthy	Healthy	Healthy	Healthy	Healthy	Healthy	Healthy	Healthy	Healthy	Healthy	Healthy	Healthy	Healthy		Week 5 2026	10/6/2026	7:50:59 PM	19		22%	27%	1%	3%	0%	0%		0.1 	0	0	0	0	0	0.113152 
	David Montgomery	Houston Texans	RB	RB22	10.4 	167 	0 	0.0 	0.0 	0.0 	803 	50.2 	7.7 	0.5 	25.2 	1.6 	204 	12.7 	1.9 	0.1 	0.0 	1.9 	0.0 	0.453 	1.000 	0.743 	1 	0.188 	0.000 	56 	48 	(8)	22 	22 	0 	0.478 				-	-	Mike Washington Jr.	0.161 	RB57	Pat Bryant	0.235 	WR57		-	-		27.4 	3.4 	5.8 	4.3 	11.3 	9.7 	11.5 	0.0 	9.8 	10.7 	11.8 	10.9 	10.3 	10.8 	10.8 	9.0 	9.6 		RB6	RB46	RB35	RB42	RB19	RB23	RB18	-	RB24	RB19	RB15	RB21	RB22	RB22	RB22	RB29	RB26		RB23	10.5 	0.0 	0.0 	56.3 	0.5 	1.5 	11.4 	0.1 	23 	0.492 	1.000 	0.731 	1 	0.227 	0.000 	60 	0.493 		126 		-	-	Mike Washington Jr.	0.161 	RB57	Pat Bryant	0.224 	WR60		-	-		RB21	10.2 	0.0 	0.0 	168.9 	1.4 	4.6 	34.2 	0.2 	21 	0.365 	1.000 	0.755 	0 	0.155 	0.000 	#N/A	0.457 		40.9 		-	-	Mike Washington Jr.	18 	RB46	Pat Bryant	27 	WR51		-	-					Houston Texans	Buffalo Bills	0 	0.0 	60 	2.0 	3.0 	19 	1.0 	0.0 	0.0 	0.0 	0.0 	27.4 	RB6		Houston Texans	Cincinnati Bengals	0 	0.0 	10 	0.0 	2.0 	14 	0.0 	0.0 	0.0 	0.0 	0.0 	3.4 	RB46		Houston Texans	Indianapolis Colts	0 	0.0 	33 	0.0 	2.0 	15 	0.0 	0.0 	0.0 	0.0 	0.0 	5.8 	RB35		Houston Texans	Dallas Cowboys	0 	0.0 	24 	0.0 	0.0 	19 	0.0 	0.0 	0.0 	0.0 	0.0 	4.3 	RB42		Houston Texans	Tennessee Titans	0 	0.0 	62 	0.5 	1.5 	11 	0.1 	0.0 	0.2 	0.0 	0.0 	11.3 	RB19		Houston Texans	Jacksonville Jaguars	0 	0.0 	52 	0.4 	1.5 	11 	0.1 	0.0 	0.2 	0.0 	0.0 	9.7 	RB23		Houston Texans	New York Giants	0 	0.0 	61 	0.6 	1.6 	12 	0.1 	0.0 	0.2 	0.0 	0.0 	11.5 	RB18		Houston Texans	BYE	0 	0.0 	0 	0.0 	0.0 	0 	0.0 	0.0 	0.0 	0.0 	0.0 	0.0 	-		Houston Texans	Los Angeles Chargers	0 	0.0 	52 	0.4 	1.5 	11 	0.1 	0.0 	0.2 	0.0 	0.0 	9.8 	RB24		Houston Texans	Cleveland Browns	0 	0.0 	58 	0.5 	1.5 	11 	0.1 	0.0 	0.2 	0.0 	0.0 	10.7 	RB19		Houston Texans	Indianapolis Colts	0 	0.0 	62 	0.6 	1.6 	12 	0.1 	0.0 	0.2 	0.0 	0.0 	11.8 	RB15		Houston Texans	Baltimore Ravens	0 	0.0 	57 	0.5 	1.6 	12 	0.1 	0.0 	0.2 	0.0 	0.0 	10.9 	RB21		Houston Texans	Pittsburgh Steelers	0 	0.0 	56 	0.5 	1.5 	11 	0.1 	0.0 	0.2 	0.0 	0.0 	10.3 	RB22		Houston Texans	Washington Commanders	0 	0.0 	57 	0.5 	1.5 	12 	0.1 	0.0 	0.2 	0.0 	0.0 	10.8 	RB22		Houston Texans	Jacksonville Jaguars	0 	0.0 	57 	0.5 	1.6 	12 	0.1 	0.0 	0.2 	0.0 	0.0 	10.8 	RB22		Houston Texans	Philadelphia Eagles	0 	0.0 	49 	0.4 	1.4 	11 	0.1 	0.0 	0.2 	0.0 	0.0 	9.0 	RB29		Houston Texans	Green Bay Packers	0 	0.0 	52 	0.4 	1.5 	11 	0.1 	0.0 	0.2 	0.0 	0.0 	9.6 	RB26		Actual	Actual	Actual	Actual	Forecast	Forecast	Forecast	Forecast	Forecast	Forecast	Forecast	Forecast	Forecast	Forecast	Forecast	Forecast	Forecast		Healthy	Healthy	Healthy	Healthy	Healthy	Healthy	Healthy	Healthy	Healthy	Healthy	Healthy	Healthy	Healthy	Healthy	Healthy	Healthy	Healthy		Week 5 2026	10/6/2026	7:50:59 PM	19		5%	5%	51%	56%	0%	0%		0.0 	0	0	0	0	0	0.036350 
	Dak Prescott	Dallas Cowboys	QB	QB4	18.2 	291 	4,116 	257.2 	29.2 	1.8 	204 	12.8 	1.0 	0.1 	0.0 	0.0 	0 	0.0 	0.0 	0.0 	8.7 	0.9 	0.0 	0.790 	0.460 	0.433 	1 	0.535 	0.000 	55 	79 	24 	4 	9 	5 	0.481 				-	-	Jonathon Brooks	0.151 	RB58	Mack Hollins	0.230 	WR58		-	-		14.4 	29.8 	18.9 	18.1 	17.6 	17.8 	16.3 	18.0 	18.0 	18.0 	17.6 	17.3 	16.2 	0.0 	17.1 	18.1 	17.7 		QB18	QB3	QB17	QB11	QB3	QB4	QB14	QB3	QB6	QB4	QB6	QB6	QB13	-	QB6	QB4	QB4		QB3	17.5 	254.2 	1.8 	11.5 	0.1 	0.0 	0.0 	0.0 	3 	0.818 	0.460 	0.441 	1 	0.605 	0.000 	50 	0.518 		210 		-	-	Jonathon Brooks	0.167 	RB56	Mack Hollins	0.195 	WR66		-	-		QB7	20.3 	762.6 	5.3 	34.5 	0.3 	0.0 	0.0 	0.0 	7 	0.725 	0.460 	0.406 	1 	0.523 	0.000 	#N/A	0.461 		81.2 		-	-	Jonathon Brooks	8 	RB66	Mack Hollins	28 	WR49		-	-					Dallas Cowboys	New York Giants	175 	2.0 	14 	0.0 	0.0 	0 	0.0 	1.0 	0.0 	0.0 	0.0 	14.4 	QB18		Dallas Cowboys	Washington Commanders	279 	4.0 	26 	0.0 	0.0 	0 	0.0 	0.0 	0.0 	0.0 	0.0 	29.8 	QB3		Dallas Cowboys	Baltimore Ravens	276 	1.0 	19 	0.0 	0.0 	0 	0.0 	0.0 	0.0 	0.0 	1.0 	18.9 	QB17		Dallas Cowboys	Houston Texans	335 	1.0 	7 	0.0 	0.0 	0 	0.0 	0.0 	0.0 	0.0 	0.0 	18.1 	QB11		Dallas Cowboys	Tampa Bay Buccaneers	247 	1.8 	14 	0.1 	0.0 	0 	0.0 	0.6 	0.1 	0.0 	0.0 	17.6 	QB3		Dallas Cowboys	Green Bay Packers	258 	1.8 	11 	0.1 	0.0 	0 	0.0 	0.6 	0.1 	0.0 	0.0 	17.8 	QB4		Dallas Cowboys	Philadelphia Eagles	248 	1.6 	10 	0.1 	0.0 	0 	0.0 	0.6 	0.1 	0.0 	0.0 	16.3 	QB14		Dallas Cowboys	Arizona Cardinals	251 	1.9 	14 	0.1 	0.0 	0 	0.0 	0.6 	0.1 	0.0 	0.0 	18.0 	QB3		Dallas Cowboys	Indianapolis Colts	260 	1.8 	11 	0.1 	0.0 	0 	0.0 	0.6 	0.1 	0.0 	0.0 	18.0 	QB6		Dallas Cowboys	San Francisco 49ers	260 	1.8 	11 	0.1 	0.0 	0 	0.0 	0.6 	0.1 	0.0 	0.0 	18.0 	QB4		Dallas Cowboys	Tennessee Titans	251 	1.8 	13 	0.1 	0.0 	0 	0.0 	0.6 	0.1 	0.0 	0.0 	17.6 	QB6		Dallas Cowboys	Philadelphia Eagles	254 	1.7 	11 	0.1 	0.0 	0 	0.0 	0.6 	0.1 	0.0 	0.0 	17.3 	QB6		Dallas Cowboys	Seattle Seahawks	250 	1.6 	9 	0.1 	0.0 	0 	0.0 	0.6 	0.1 	0.0 	0.0 	16.2 	QB13		Dallas Cowboys	BYE	0 	0.0 	0 	0.0 	0.0 	0 	0.0 	0.0 	0.0 	0.0 	0.0 	0.0 	-		Dallas Cowboys	Los Angeles Rams	260 	1.7 	9 	0.1 	0.0 	0 	0.0 	0.6 	0.1 	0.0 	0.0 	17.1 	QB6		Dallas Cowboys	Jacksonville Jaguars	261 	1.9 	12 	0.1 	0.0 	0 	0.0 	0.6 	0.1 	0.0 	0.0 	18.1 	QB4		Dallas Cowboys	New York Giants	254 	1.8 	12 	0.1 	0.0 	0 	0.0 	0.6 	0.1 	0.0 	0.0 	17.7 	QB4		Actual	Actual	Actual	Actual	Forecast	Forecast	Forecast	Forecast	Forecast	Forecast	Forecast	Forecast	Forecast	Forecast	Forecast	Forecast	Forecast		Healthy	Healthy	Healthy	Healthy	Healthy	Healthy	Healthy	Healthy	Healthy	Healthy	Healthy	Healthy	Healthy	Healthy	Healthy	Healthy	Healthy		Week 5 2026	10/6/2026	7:50:59 PM	19		0%	0%	11%	9%	99%	99%		0.1 	0	0	0	0	0	0.057644 
	Carnell Tate	Tennessee Titans	WR	WR27	9.9 	158 	0 	0.0 	0.0 	0.0 	0 	0.0 	0.0 	0.0 	79.4 	5.0 	974 	60.9 	3.9 	0.2 	0.0 	1.2 	0.0 	0.429 	1.000 	0.730 	1 	0.200 	0.000 	59 	74 	15 	27 	31 	4 	0.473 				-	-	Justice Hill	0.144 	RB59	Rashod Bateman	0.224 	WR59		-	-		5.8 	4.2 	8.8 	17.0 	9.3 	10.1 	10.0 	10.7 	0.0 	10.2 	10.5 	10.3 	10.4 	10.5 	10.5 	10.0 	10.0 		WR51	WR59	WR36	WR10	WR30	WR22	WR24	WR20	-	WR23	WR15	WR24	WR21	WR20	WR22	WR26	WR26		WR23	10.2 	0.0 	0.0 	0.0 	0.0 	4.8 	58.8 	0.3 	23 	0.477 	1.000 	0.770 	1 	0.264 	0.000 	49 	0.524 		122 		-	-	Justice Hill	0.140 	RB60	Rashod Bateman	0.180 	WR69		-	-		WR33	9.0 	0.0 	0.0 	0.0 	0.0 	14.3 	176.4 	1.0 	33 	0.320 	1.000 	0.670 	0 	0.119 	0.000 	#N/A	0.397 		35.8 		-	-	Justice Hill	13 	RB56	Rashod Bateman	29 	WR47		-	-					Tennessee Titans	New York Jets	0 	0.0 	0 	0.0 	4.0 	38 	0.0 	0.0 	0.0 	0.0 	0.0 	5.8 	WR51		Tennessee Titans	Philadelphia Eagles	0 	0.0 	0 	0.0 	3.0 	27 	0.0 	0.0 	0.0 	0.0 	0.0 	4.2 	WR59		Tennessee Titans	New York Giants	0 	0.0 	0 	0.0 	6.0 	58 	0.0 	0.0 	0.0 	0.0 	0.0 	8.8 	WR36		Tennessee Titans	Baltimore Ravens	0 	0.0 	0 	0.0 	9.0 	145 	0.0 	0.0 	1.0 	0.0 	0.0 	17.0 	WR10		Tennessee Titans	Houston Texans	0 	0.0 	0 	0.0 	4.5 	56 	0.2 	0.0 	0.0 	0.0 	0.0 	9.3 	WR30		Tennessee Titans	Indianapolis Colts	0 	0.0 	0 	0.0 	4.8 	58 	0.3 	0.0 	0.0 	0.0 	0.0 	10.1 	WR22		Tennessee Titans	Cleveland Browns	0 	0.0 	0 	0.0 	4.6 	57 	0.3 	0.0 	0.0 	0.0 	0.0 	10.0 	WR24		Tennessee Titans	Cincinnati Bengals	0 	0.0 	0 	0.0 	5.0 	61 	0.4 	0.0 	0.0 	0.0 	0.0 	10.7 	WR20		Tennessee Titans	BYE	0 	0.0 	0 	0.0 	0.0 	0 	0.0 	0.0 	0.0 	0.0 	0.0 	0.0 	-		Tennessee Titans	Jacksonville Jaguars	0 	0.0 	0 	0.0 	4.8 	58 	0.3 	0.0 	0.0 	0.0 	0.0 	10.2 	WR23		Tennessee Titans	Dallas Cowboys	0 	0.0 	0 	0.0 	4.9 	61 	0.3 	0.0 	0.0 	0.0 	0.0 	10.5 	WR15		Tennessee Titans	Jacksonville Jaguars	0 	0.0 	0 	0.0 	4.8 	60 	0.3 	0.0 	0.0 	0.0 	0.0 	10.3 	WR24		Tennessee Titans	Washington Commanders	0 	0.0 	0 	0.0 	4.8 	59 	0.3 	0.0 	0.0 	0.0 	0.0 	10.4 	WR21		Tennessee Titans	Detroit Lions	0 	0.0 	0 	0.0 	4.9 	61 	0.3 	0.0 	0.0 	0.0 	0.0 	10.5 	WR20		Tennessee Titans	Indianapolis Colts	0 	0.0 	0 	0.0 	4.9 	60 	0.4 	0.0 	0.0 	0.0 	0.0 	10.5 	WR22		Tennessee Titans	Las Vegas Raiders	0 	0.0 	0 	0.0 	4.7 	57 	0.3 	0.0 	0.0 	0.0 	0.0 	10.0 	WR26		Tennessee Titans	Pittsburgh Steelers	0 	0.0 	0 	0.0 	4.7 	57 	0.3 	0.0 	0.0 	0.0 	0.0 	10.0 	WR26		Actual	Actual	Actual	Actual	Forecast	Forecast	Forecast	Forecast	Forecast	Forecast	Forecast	Forecast	Forecast	Forecast	Forecast	Forecast	Forecast		Healthy	Healthy	Healthy	Healthy	Healthy	Healthy	Healthy	Healthy	Healthy	Healthy	Healthy	Healthy	Healthy	Healthy	Healthy	Healthy	Healthy		Week 5 2026	10/6/2026	7:50:59 PM	19		26%	23%	0%	0%	0%	0%		0.1 	0	0	0	0	0	0.126335 
	Harold Fannin Jr.	Cleveland Browns	TE	TE6	9.9 	158 	0 	0.0 	0.0 	0.0 	0 	0.0 	0.0 	0.0 	79.2 	5.0 	744 	46.5 	7.4 	0.5 	0.0 	0.1 	0.0 	0.430 	0.560 	0.518 	1 	0.439 	0.000 	60 	70 	10 	6 	6 	0 	0.469 				-	-	Kaleb Johnson	0.131 	RB61	Brian Thomas Jr.	0.220 	WR60		-	-		3.1 	7.9 	20.6 	10.2 	9.5 	9.6 	9.6 	9.5 	9.8 	9.3 	0.0 	9.8 	10.2 	9.9 	9.6 	9.7 	10.0 		TE27	TE13	TE3	TE10	TE7	TE6	TE7	TE4	TE5	TE6	-	TE6	TE3	TE4	TE5	TE5	TE4		TE5	9.7 	0.0 	0.0 	0.0 	0.0 	5.2 	49.3 	0.4 	5 	0.455 	0.560 	0.525 	1 	0.482 	0.000 	58 	0.495 		117 		-	-	Kaleb Johnson	0.146 	RB59	Brian Thomas Jr.	0.238 	WR57		-	-		TE7	10.5 	0.0 	0.0 	0.0 	0.0 	15.6 	147.8 	1.1 	7 	0.373 	0.560 	0.510 	1 	0.547 	0.000 	#N/A	0.506 		41.8 		-	-	Kaleb Johnson	8 	RB67	Brian Thomas Jr.	21 	WR67		-	-					Cleveland Browns	Jacksonville Jaguars	0 	0.0 	0 	0.0 	2.0 	21 	0.0 	0.0 	0.0 	0.0 	0.0 	3.1 	TE27		Cleveland Browns	Tampa Bay Buccaneers	0 	0.0 	0 	0.0 	5.0 	54 	0.0 	0.0 	0.0 	0.0 	0.0 	7.9 	TE13		Cleveland Browns	Carolina Panthers	0 	0.0 	0 	0.0 	7.0 	51 	2.0 	0.0 	0.0 	0.0 	0.0 	20.6 	TE3		Cleveland Browns	Pittsburgh Steelers	0 	0.0 	0 	0.0 	3.0 	27 	1.0 	0.0 	0.0 	0.0 	0.0 	10.2 	TE10		Cleveland Browns	New York Jets	0 	0.0 	0 	0.0 	5.1 	48 	0.4 	0.0 	0.0 	0.0 	0.0 	9.5 	TE7		Cleveland Browns	Baltimore Ravens	0 	0.0 	0 	0.0 	5.1 	49 	0.4 	0.0 	0.0 	0.0 	0.0 	9.6 	TE6		Cleveland Browns	Tennessee Titans	0 	0.0 	0 	0.0 	5.1 	49 	0.4 	0.0 	0.0 	0.0 	0.0 	9.6 	TE7		Cleveland Browns	Pittsburgh Steelers	0 	0.0 	0 	0.0 	5.1 	49 	0.3 	0.0 	0.0 	0.0 	0.0 	9.5 	TE4		Cleveland Browns	New Orleans Saints	0 	0.0 	0 	0.0 	5.2 	50 	0.4 	0.0 	0.0 	0.0 	0.0 	9.8 	TE5		Cleveland Browns	Houston Texans	0 	0.0 	0 	0.0 	5.1 	48 	0.3 	0.0 	0.0 	0.0 	0.0 	9.3 	TE6		Cleveland Browns	BYE	0 	0.0 	0 	0.0 	0.0 	0 	0.0 	0.0 	0.0 	0.0 	0.0 	0.0 	-		Cleveland Browns	Las Vegas Raiders	0 	0.0 	0 	0.0 	5.2 	49 	0.4 	0.0 	0.0 	0.0 	0.0 	9.8 	TE6		Cleveland Browns	Cincinnati Bengals	0 	0.0 	0 	0.0 	5.4 	51 	0.4 	0.0 	0.0 	0.0 	0.0 	10.2 	TE3		Cleveland Browns	Atlanta Falcons	0 	0.0 	0 	0.0 	5.2 	49 	0.4 	0.0 	0.0 	0.0 	0.0 	9.9 	TE4		Cleveland Browns	New York Giants	0 	0.0 	0 	0.0 	5.2 	49 	0.4 	0.0 	0.0 	0.0 	0.0 	9.6 	TE5		Cleveland Browns	Baltimore Ravens	0 	0.0 	0 	0.0 	5.3 	50 	0.3 	0.0 	0.0 	0.0 	0.0 	9.7 	TE5		Cleveland Browns	Indianapolis Colts	0 	0.0 	0 	0.0 	5.3 	50 	0.4 	0.0 	0.0 	0.0 	0.0 	10.0 	TE4		Actual	Actual	Actual	Actual	Forecast	Forecast	Forecast	Forecast	Forecast	Forecast	Forecast	Forecast	Forecast	Forecast	Forecast	Forecast	Forecast		Healthy	Healthy	Healthy	Healthy	Healthy	Healthy	Healthy	Healthy	Healthy	Healthy	Healthy	Healthy	Healthy	Healthy	Healthy	Healthy	Healthy		Week 5 2026	10/6/2026	7:50:59 PM	19		22%	27%	0%	0%	0%	0%		(0.0)	0	0	0	0	0	(0.010710)
	Rashee Rice	Kansas City Chiefs	WR	WR28	10.1 	151 	0 	0.0 	0.0 	0.0 	0 	0.0 	0.0 	0.0 	64.0 	4.3 	843 	56.2 	5.9 	0.4 	0.0 	0.2 	0.0 	0.411 	1.000 	0.710 	1 	0.215 	0.000 	61 	33 	(28)	29 	14 	(15)	0.467 				-	-	Samaje Perine	0.137 	RB60	Antonio Williams	0.215 	WR61		-	-		8.9 	10.3 	12.3 	0.0 	0.0 	9.6 	9.7 	9.7 	9.7 	10.1 	10.2 	10.4 	10.0 	10.2 	10.1 	10.3 	9.9 		WR30	WR22	WR24	-	-	WR28	WR26	WR26	WR32	WR25	WR18	WR23	WR26	WR21	WR26	WR23	WR27		WR24	10.0 	0.0 	0.0 	0.0 	0.0 	4.3 	54.4 	0.4 	24 	0.467 	1.000 	0.760 	1 	0.245 	0.000 	51 	0.510 		120 		-	-	Samaje Perine	0.133 	RB61	Antonio Williams	0.200 	WR65		-	-		WR40	10.5 	0.0 	0.0 	0.0 	0.0 	17.0 	217.7 	1.6 	40 	0.281 	1.000 	0.600 	0 	0.061 	0.000 	#N/A	0.337 		31.5 		-	-	Samaje Perine	12 	RB61	Antonio Williams	24 	WR57		-	-					Kansas City Chiefs	Denver Broncos	0 	0.0 	0 	0.0 	2.0 	19 	1.0 	0.0 	0.0 	0.0 	0.0 	8.9 	WR30		Kansas City Chiefs	Indianapolis Colts	0 	0.0 	0 	0.0 	4.0 	83 	0.0 	0.0 	0.0 	0.0 	0.0 	10.3 	WR22		Kansas City Chiefs	Miami Dolphins	0 	0.0 	0 	0.0 	7.0 	88 	0.0 	0.0 	0.0 	0.0 	0.0 	12.3 	WR24		Kansas City Chiefs	Las Vegas Raiders	0 	0.0 	0 	0.0 	0.0 	0 	0.0 	0.0 	0.0 	0.0 	0.0 	0.0 	-		Kansas City Chiefs	BYE	0 	0.0 	0 	0.0 	0.0 	0 	0.0 	0.0 	0.0 	0.0 	0.0 	0.0 	-		Kansas City Chiefs	Los Angeles Chargers	0 	0.0 	0 	0.0 	4.0 	52 	0.4 	0.0 	0.0 	0.0 	0.0 	9.6 	WR28		Kansas City Chiefs	Seattle Seahawks	0 	0.0 	0 	0.0 	4.2 	54 	0.4 	0.0 	0.0 	0.0 	0.0 	9.7 	WR26		Kansas City Chiefs	Denver Broncos	0 	0.0 	0 	0.0 	4.2 	54 	0.4 	0.0 	0.0 	0.0 	0.0 	9.7 	WR26		Kansas City Chiefs	New York Jets	0 	0.0 	0 	0.0 	4.1 	52 	0.4 	0.0 	0.0 	0.0 	0.0 	9.7 	WR32		Kansas City Chiefs	Atlanta Falcons	0 	0.0 	0 	0.0 	4.3 	55 	0.4 	0.0 	0.0 	0.0 	0.0 	10.1 	WR25		Kansas City Chiefs	Arizona Cardinals	0 	0.0 	0 	0.0 	4.2 	54 	0.4 	0.0 	0.0 	0.0 	0.0 	10.2 	WR18		Kansas City Chiefs	Buffalo Bills	0 	0.0 	0 	0.0 	4.4 	56 	0.4 	0.0 	0.0 	0.0 	0.0 	10.4 	WR23		Kansas City Chiefs	Los Angeles Rams	0 	0.0 	0 	0.0 	4.3 	55 	0.4 	0.0 	0.0 	0.0 	0.0 	10.0 	WR26		Kansas City Chiefs	Cincinnati Bengals	0 	0.0 	0 	0.0 	4.4 	56 	0.4 	0.0 	0.0 	0.0 	0.0 	10.2 	WR21		Kansas City Chiefs	New England Patriots	0 	0.0 	0 	0.0 	4.3 	55 	0.4 	0.0 	0.0 	0.0 	0.0 	10.1 	WR26		Kansas City Chiefs	San Francisco 49ers	0 	0.0 	0 	0.0 	4.3 	56 	0.4 	0.0 	0.0 	0.0 	0.0 	10.3 	WR23		Kansas City Chiefs	Los Angeles Chargers	0 	0.0 	0 	0.0 	4.3 	55 	0.4 	0.0 	0.0 	0.0 	0.0 	9.9 	WR27		Actual	Actual	Actual	Actual	Forecast	Forecast	Forecast	Forecast	Forecast	Forecast	Forecast	Forecast	Forecast	Forecast	Forecast	Forecast	Forecast		Healthy	Healthy	Healthy	Healthy	Limited / Handicapped	Limited / Handicapped	Healthy	Healthy	Healthy	Healthy	Healthy	Healthy	Healthy	Healthy	Healthy	Healthy	Healthy		Week 5 2026	10/6/2026	7:50:59 PM	19		26%	27%	0%	0%	0%	0%		0.2 	0	0	0	0	0	0.173623 
	Tyler Shough	New Orleans Saints	QB	QB5	18.1 	290 	4,158 	259.9 	28.7 	1.8 	244 	15.3 	2.3 	0.1 	0.0 	0.0 	0 	0.0 	0.0 	0.0 	10.7 	3.9 	0.0 	0.788 	0.460 	0.424 	1 	0.532 	0.000 	58 	164 	106 	5 	23 	18 	0.475 				-	-	Jonah Coleman	0.125 	RB62	Khalil Shakir	0.210 	WR62		-	-		23.2 	22.4 	23.8 	15.9 	16.7 	18.0 	16.4 	0.0 	17.3 	17.3 	16.6 	17.2 	16.7 	16.5 	17.0 	18.4 	17.0 		QB8	QB8	QB7	QB14	QB8	QB3	QB13	-	QB8	QB6	QB11	QB7	QB9	QB10	QB8	QB3	QB8		QB7	17.1 	246.3 	1.6 	14.4 	0.1 	0.0 	0.0 	0.0 	7 	0.799 	0.460 	0.406 	1 	0.565 	0.000 	65 	0.480 		205 		-	-	Jonah Coleman	0.107 	RB65	Khalil Shakir	0.214 	WR62		-	-		QB5	21.3 	738.8 	4.9 	43.1 	0.3 	0.0 	0.0 	0.0 	5 	0.762 	0.460 	0.424 	1 	0.586 	0.000 	#N/A	0.501 		85.3 		-	-	Jonah Coleman	13 	RB52	Khalil Shakir	23 	WR60		-	-					New Orleans Saints	Detroit Lions	410 	3.0 	8 	0.0 	0.0 	0 	0.0 	2.0 	1.0 	0.0 	0.0 	23.2 	QB8		New Orleans Saints	Baltimore Ravens	252 	1.0 	23 	1.0 	0.0 	0 	0.0 	0.0 	0.0 	0.0 	0.0 	22.4 	QB8		New Orleans Saints	Las Vegas Raiders	255 	4.0 	36 	0.0 	0.0 	0 	0.0 	1.0 	2.0 	0.0 	0.0 	23.8 	QB7		New Orleans Saints	Atlanta Falcons	286 	1.0 	5 	0.0 	0.0 	0 	0.0 	0.0 	0.0 	0.0 	0.0 	15.9 	QB14		New Orleans Saints	Minnesota Vikings	242 	1.6 	15 	0.1 	0.0 	0 	0.0 	0.6 	0.1 	0.0 	0.0 	16.7 	QB8		New Orleans Saints	New York Giants	249 	1.8 	17 	0.1 	0.0 	0 	0.0 	0.6 	0.1 	0.0 	0.0 	18.0 	QB3		New Orleans Saints	Pittsburgh Steelers	240 	1.5 	15 	0.1 	0.0 	0 	0.0 	0.6 	0.1 	0.0 	0.0 	16.4 	QB13		New Orleans Saints	BYE	0 	0.0 	0 	0.0 	0.0 	0 	0.0 	0.0 	0.0 	0.0 	0.0 	0.0 	-		New Orleans Saints	Cleveland Browns	245 	1.7 	15 	0.1 	0.0 	0 	0.0 	0.6 	0.1 	0.0 	0.0 	17.3 	QB8		New Orleans Saints	Carolina Panthers	245 	1.7 	15 	0.1 	0.0 	0 	0.0 	0.6 	0.1 	0.0 	0.0 	17.3 	QB6		New Orleans Saints	Chicago Bears	249 	1.6 	12 	0.1 	0.0 	0 	0.0 	0.6 	0.1 	0.0 	0.0 	16.6 	QB11		New Orleans Saints	Cincinnati Bengals	254 	1.7 	12 	0.1 	0.0 	0 	0.0 	0.6 	0.1 	0.0 	0.0 	17.2 	QB7		New Orleans Saints	Green Bay Packers	247 	1.6 	13 	0.1 	0.0 	0 	0.0 	0.6 	0.1 	0.0 	0.0 	16.7 	QB9		New Orleans Saints	Carolina Panthers	242 	1.6 	14 	0.1 	0.0 	0 	0.0 	0.6 	0.1 	0.0 	0.0 	16.5 	QB10		New Orleans Saints	Tampa Bay Buccaneers	249 	1.6 	13 	0.1 	0.0 	0 	0.0 	0.6 	0.1 	0.0 	0.0 	17.0 	QB8		New Orleans Saints	Arizona Cardinals	250 	1.8 	16 	0.1 	0.0 	0 	0.0 	0.6 	0.1 	0.0 	0.0 	18.4 	QB3		New Orleans Saints	Atlanta Falcons	246 	1.6 	14 	0.1 	0.0 	0 	0.0 	0.6 	0.1 	0.0 	0.0 	17.0 	QB8		Actual	Actual	Actual	Actual	Forecast	Forecast	Forecast	Forecast	Forecast	Forecast	Forecast	Forecast	Forecast	Forecast	Forecast	Forecast	Forecast		Healthy	Healthy	Healthy	Healthy	Healthy	Healthy	Healthy	Healthy	Healthy	Healthy	Healthy	Healthy	Healthy	Healthy	Healthy	Healthy	Healthy		Week 5 2026	10/6/2026	7:50:59 PM	19		0%	0%	16%	18%	99%	99%		(0.0)	0	0	0	0	0	(0.020116)
	Jaylen Waddle	Denver Broncos	WR	WR29	9.7 	155 	0 	0.0 	0.0 	0.0 	14 	0.9 	0.0 	0.0 	66.8 	4.2 	860 	53.8 	5.4 	0.3 	0.0 	0.2 	0.0 	0.421 	1.000 	0.720 	1 	0.186 	0.000 	64 	44 	(20)	28 	20 	(8)	0.462 				-	-	Chris Brooks	0.113 	RB64	Courtland Sutton	0.206 	WR63		-	-		0.7 	17.8 	5.4 	12.0 	10.1 	9.8 	10.2 	10.0 	10.1 	0.0 	10.0 	9.5 	10.1 	9.8 	9.9 	10.2 	9.7 		WR91	WR12	WR52	WR23	WR21	WR25	WR22	WR23	WR24	-	WR21	WR32	WR25	WR27	WR29	WR24	WR31		WR27	9.9 	0.0 	0.0 	0.0 	0.0 	4.2 	56.3 	0.4 	27 	0.465 	1.000 	0.730 	1 	0.241 	0.000 	59 	0.495 		119 		-	-	Chris Brooks	0.120 	RB63	Courtland Sutton	0.251 	WR55		-	-		WR31	9.0 	0.0 	0.0 	0.0 	0.0 	12.7 	168.9 	1.1 	31 	0.321 	1.000 	0.690 	0 	0.121 	0.000 	#N/A	0.407 		35.9 		-	-	Chris Brooks	11 	RB62	Courtland Sutton	13 	WR83		-	-					Denver Broncos	Kansas City Chiefs	0 	0.0 	0 	0.0 	1.0 	2 	0.0 	0.0 	0.0 	0.0 	0.0 	0.7 	WR91		Denver Broncos	Jacksonville Jaguars	0 	0.0 	0 	0.0 	8.0 	138 	0.0 	0.0 	0.0 	0.0 	0.0 	17.8 	WR12		Denver Broncos	Los Angeles Rams	0 	0.0 	14 	0.0 	2.0 	10 	0.0 	0.0 	0.0 	0.0 	1.0 	5.4 	WR52		Denver Broncos	San Francisco 49ers	0 	0.0 	0 	0.0 	5.0 	35 	1.0 	0.0 	0.0 	0.0 	0.0 	12.0 	WR23		Denver Broncos	Los Angeles Chargers	0 	0.0 	0 	0.0 	4.3 	57 	0.4 	0.0 	0.0 	0.0 	0.0 	10.1 	WR21		Denver Broncos	Seattle Seahawks	0 	0.0 	0 	0.0 	4.2 	56 	0.3 	0.0 	0.0 	0.0 	0.0 	9.8 	WR25		Denver Broncos	Arizona Cardinals	0 	0.0 	0 	0.0 	4.3 	57 	0.4 	0.0 	0.0 	0.0 	0.0 	10.2 	WR22		Denver Broncos	Kansas City Chiefs	0 	0.0 	0 	0.0 	4.3 	57 	0.4 	0.0 	0.0 	0.0 	0.0 	10.0 	WR23		Denver Broncos	Carolina Panthers	0 	0.0 	0 	0.0 	4.3 	57 	0.4 	0.0 	0.0 	0.0 	0.0 	10.1 	WR24		Denver Broncos	BYE	0 	0.0 	0 	0.0 	0.0 	0 	0.0 	0.0 	0.0 	0.0 	0.0 	0.0 	-		Denver Broncos	Las Vegas Raiders	0 	0.0 	0 	0.0 	4.2 	56 	0.4 	0.0 	0.0 	0.0 	0.0 	10.0 	WR21		Denver Broncos	Pittsburgh Steelers	0 	0.0 	0 	0.0 	4.1 	55 	0.3 	0.0 	0.0 	0.0 	0.0 	9.5 	WR32		Denver Broncos	Miami Dolphins	0 	0.0 	0 	0.0 	4.2 	56 	0.4 	0.0 	0.0 	0.0 	0.0 	10.1 	WR25		Denver Broncos	New York Jets	0 	0.0 	0 	0.0 	4.2 	55 	0.4 	0.0 	0.0 	0.0 	0.0 	9.8 	WR27		Denver Broncos	Las Vegas Raiders	0 	0.0 	0 	0.0 	4.2 	56 	0.4 	0.0 	0.0 	0.0 	0.0 	9.9 	WR29		Denver Broncos	Buffalo Bills	0 	0.0 	0 	0.0 	4.4 	58 	0.4 	0.0 	0.0 	0.0 	0.0 	10.2 	WR24		Denver Broncos	New England Patriots	0 	0.0 	0 	0.0 	4.2 	56 	0.3 	0.0 	0.0 	0.0 	0.0 	9.7 	WR31		Actual	Actual	Actual	Actual	Forecast	Forecast	Forecast	Forecast	Forecast	Forecast	Forecast	Forecast	Forecast	Forecast	Forecast	Forecast	Forecast		Healthy	Healthy	Healthy	Healthy	Healthy	Healthy	Healthy	Healthy	Healthy	Healthy	Healthy	Healthy	Healthy	Healthy	Healthy	Healthy	Healthy		Week 5 2026	10/6/2026	7:50:59 PM	19		25%	25%	0%	0%	0%	0%		0.1 	0	0	0	0	0	0.087990 
	Ladd McConkey	Los Angeles Chargers	WR	WR30	10.0 	150 	0 	0.0 	0.0 	0.0 	0 	0.0 	0.0 	0.0 	59.1 	3.9 	847 	56.5 	6.0 	0.4 	0.0 	0.2 	0.0 	0.407 	1.000 	0.700 	1 	0.208 	0.000 	65 	39 	(26)	30 	17 	(13)	0.459 				-	-	Kendre Miller	0.119 	RB63	Elic Ayomanor	0.196 	WR65		-	-		16.7 	5.0 	8.6 	0.0 	9.0 	9.8 	0.0 	10.2 	9.9 	10.1 	9.7 	10.0 	10.2 	10.0 	10.3 	10.1 	10.0 		WR11	WR50	WR39	-	WR32	WR24	-	WR21	WR28	WR24	WR24	WR27	WR23	WR23	WR24	WR25	WR24		WR26	10.0 	0.0 	0.0 	0.0 	0.0 	3.9 	55.4 	0.4 	26 	0.466 	1.000 	0.740 	1 	0.243 	0.000 	57 	0.500 		120 		-	-	Kendre Miller	0.113 	RB64	Elic Ayomanor	0.219 	WR61		-	-		WR43	10.1 	0.0 	0.0 	0.0 	0.0 	15.7 	221.4 	1.7 	43 	0.271 	1.000 	0.570 	0 	0.045 	0.000 	#N/A	0.315 		30.3 		-	-	Kendre Miller	13 	RB57	Elic Ayomanor	20 	WR69		-	-					Los Angeles Chargers	Arizona Cardinals	0 	0.0 	0 	0.0 	5.0 	82 	1.0 	0.0 	0.0 	0.0 	0.0 	16.7 	WR11		Los Angeles Chargers	Las Vegas Raiders	0 	0.0 	0 	0.0 	3.0 	35 	0.0 	0.0 	0.0 	0.0 	0.0 	5.0 	WR50		Los Angeles Chargers	Buffalo Bills	0 	0.0 	0 	0.0 	4.0 	66 	0.0 	0.0 	0.0 	0.0 	0.0 	8.6 	WR39		Los Angeles Chargers	Seattle Seahawks	0 	0.0 	0 	0.0 	0.0 	0 	0.0 	0.0 	0.0 	0.0 	0.0 	0.0 	-		Los Angeles Chargers	Denver Broncos	0 	0.0 	0 	0.0 	3.7 	52 	0.3 	0.0 	0.0 	0.0 	0.0 	9.0 	WR32		Los Angeles Chargers	Kansas City Chiefs	0 	0.0 	0 	0.0 	4.0 	56 	0.4 	0.0 	0.0 	0.0 	0.0 	9.8 	WR24		Los Angeles Chargers	BYE	0 	0.0 	0 	0.0 	0.0 	0 	0.0 	0.0 	0.0 	0.0 	0.0 	0.0 	-		Los Angeles Chargers	Los Angeles Rams	0 	0.0 	0 	0.0 	4.1 	57 	0.4 	0.0 	0.0 	0.0 	0.0 	10.2 	WR21		Los Angeles Chargers	Houston Texans	0 	0.0 	0 	0.0 	3.9 	55 	0.4 	0.0 	0.0 	0.0 	0.0 	9.9 	WR28		Los Angeles Chargers	Baltimore Ravens	0 	0.0 	0 	0.0 	4.0 	57 	0.4 	0.0 	0.0 	0.0 	0.0 	10.1 	WR24		Los Angeles Chargers	New York Jets	0 	0.0 	0 	0.0 	3.8 	53 	0.4 	0.0 	0.0 	0.0 	0.0 	9.7 	WR24		Los Angeles Chargers	New England Patriots	0 	0.0 	0 	0.0 	3.9 	55 	0.4 	0.0 	0.0 	0.0 	0.0 	10.0 	WR27		Los Angeles Chargers	Tampa Bay Buccaneers	0 	0.0 	0 	0.0 	4.0 	56 	0.4 	0.0 	0.0 	0.0 	0.0 	10.2 	WR23		Los Angeles Chargers	Las Vegas Raiders	0 	0.0 	0 	0.0 	3.9 	55 	0.4 	0.0 	0.0 	0.0 	0.0 	10.0 	WR23		Los Angeles Chargers	San Francisco 49ers	0 	0.0 	0 	0.0 	4.0 	57 	0.4 	0.0 	0.0 	0.0 	0.0 	10.3 	WR24		Los Angeles Chargers	Miami Dolphins	0 	0.0 	0 	0.0 	3.9 	55 	0.4 	0.0 	0.0 	0.0 	0.0 	10.1 	WR25		Los Angeles Chargers	Kansas City Chiefs	0 	0.0 	0 	0.0 	3.9 	55 	0.4 	0.0 	0.0 	0.0 	0.0 	10.0 	WR24		Actual	Actual	Actual	Actual	Forecast	Forecast	Forecast	Forecast	Forecast	Forecast	Forecast	Forecast	Forecast	Forecast	Forecast	Forecast	Forecast		Healthy	Healthy	Healthy	Healthy	Limited / Handicapped	Healthy	Healthy	Healthy	Healthy	Healthy	Healthy	Healthy	Healthy	Healthy	Healthy	Healthy	Healthy		Week 5 2026	10/6/2026	7:50:59 PM	19		26%	27%	0%	0%	0%	0%		0.2 	0	0	0	0	0	0.185058 
	Aaron Jones Sr.	Minnesota Vikings	RB	RB23	9.8 	157 	0 	0.0 	0.0 	0.0 	841 	52.5 	5.0 	0.3 	35.0 	2.2 	253 	15.8 	0.5 	0.0 	0.0 	1.4 	0.0 	0.427 	1.000 	0.731 	0 	0.147 	0.000 	66 	126 	60 	23 	42 	19 	0.452 				-	-	Will Shipley	0.106 	RB65	Malachi Fields	0.201 	WR64		-	-		10.0 	10.5 	11.7 	14.8 	12.0 	0.0 	9.6 	8.5 	9.0 	8.3 	8.5 	9.7 	9.3 	8.1 	8.9 	9.6 	8.9 		RB24	RB18	RB15	RB18	RB17	-	RB26	RB26	RB29	RB27	RB27	RB26	RB26	RB31	RB30	RB27	RB30		RB30	9.2 	0.0 	0.0 	45.3 	0.3 	2.2 	15.4 	0.0 	29 	0.431 	1.000 	0.657 	0 	0.129 	0.000 	89 	0.412 		110 		-	-	Will Shipley	0.126 	RB62	Malachi Fields	0.191 	WR67		-	-		RB17	11.8 	0.0 	0.0 	135.9 	1.0 	6.5 	46.1 	0.1 	17 	0.420 	1.000 	0.804 	1 	0.236 	0.000 	#N/A	0.519 		47.0 		-	-	Will Shipley	10 	RB63	Malachi Fields	23 	WR63		-	-					Minnesota Vikings	Green Bay Packers	0 	0.0 	40 	1.0 	0.0 	0 	0.0 	0.0 	0.0 	0.0 	0.0 	10.0 	RB24		Minnesota Vikings	Chicago Bears	0 	0.0 	105 	0.0 	0.0 	0 	0.0 	0.0 	0.0 	0.0 	0.0 	10.5 	RB18		Minnesota Vikings	Tampa Bay Buccaneers	0 	0.0 	58 	0.0 	5.0 	34 	0.0 	0.0 	0.0 	0.0 	0.0 	11.7 	RB15		Minnesota Vikings	Miami Dolphins	0 	0.0 	94 	0.0 	4.0 	34 	0.0 	0.0 	0.0 	0.0 	0.0 	14.8 	RB18		Minnesota Vikings	New Orleans Saints	0 	0.0 	68 	0.5 	2.1 	15 	0.0 	0.0 	0.2 	0.0 	0.0 	12.0 	RB17		Minnesota Vikings	BYE	0 	0.0 	0 	0.0 	0.0 	0 	0.0 	0.0 	0.0 	0.0 	0.0 	0.0 	-		Minnesota Vikings	Indianapolis Colts	0 	0.0 	46 	0.4 	2.2 	16 	0.0 	0.0 	0.1 	0.0 	0.0 	9.6 	RB26		Minnesota Vikings	Detroit Lions	0 	0.0 	40 	0.3 	2.2 	16 	0.0 	0.0 	0.1 	0.0 	0.0 	8.5 	RB26		Minnesota Vikings	Buffalo Bills	0 	0.0 	43 	0.3 	2.2 	16 	0.0 	0.0 	0.1 	0.0 	0.0 	9.0 	RB29		Minnesota Vikings	Green Bay Packers	0 	0.0 	40 	0.3 	2.2 	15 	0.0 	0.0 	0.1 	0.0 	0.0 	8.3 	RB27		Minnesota Vikings	San Francisco 49ers	0 	0.0 	40 	0.3 	2.2 	16 	0.0 	0.0 	0.1 	0.0 	0.0 	8.5 	RB27		Minnesota Vikings	Atlanta Falcons	0 	0.0 	48 	0.4 	2.1 	15 	0.0 	0.0 	0.1 	0.0 	0.0 	9.7 	RB26		Minnesota Vikings	Carolina Panthers	0 	0.0 	45 	0.3 	2.2 	15 	0.0 	0.0 	0.1 	0.0 	0.0 	9.3 	RB26		Minnesota Vikings	New England Patriots	0 	0.0 	39 	0.3 	2.1 	15 	0.0 	0.0 	0.1 	0.0 	0.0 	8.1 	RB31		Minnesota Vikings	Detroit Lions	0 	0.0 	43 	0.3 	2.2 	16 	0.0 	0.0 	0.1 	0.0 	0.0 	8.9 	RB30		Minnesota Vikings	Washington Commanders	0 	0.0 	46 	0.4 	2.2 	16 	0.0 	0.0 	0.1 	0.0 	0.0 	9.6 	RB27		Minnesota Vikings	New York Jets	0 	0.0 	44 	0.3 	2.1 	15 	0.0 	0.0 	0.1 	0.0 	0.0 	8.9 	RB30		Actual	Actual	Actual	Actual	Forecast	Forecast	Forecast	Forecast	Forecast	Forecast	Forecast	Forecast	Forecast	Forecast	Forecast	Forecast	Forecast		Healthy	Healthy	Healthy	Healthy	Healthy	Healthy	Healthy	Healthy	Healthy	Healthy	Healthy	Healthy	Healthy	Healthy	Healthy	Healthy	Healthy		Week 5 2026	10/6/2026	7:50:59 PM	19		7%	3%	36%	39%	0%	0%		(0.1)	0	0	0	0	0	(0.107459)
	Juwan Johnson	New Orleans Saints	TE	TE7	9.9 	158 	0 	0.0 	0.0 	0.0 	0 	0.0 	0.0 	0.0 	70.3 	4.4 	799 	49.9 	7.6 	0.5 	0.0 	1.1 	0.0 	0.430 	0.560 	0.510 	1 	0.438 	0.000 	62 	131 	69 	7 	16 	9 	0.465 				-	-	Devin Singletary	0.100 	RB66	Ted Hurst	0.191 	WR66		-	-		12.9 	8.6 	19.3 	8.9 	9.9 	10.4 	9.7 	0.0 	8.7 	8.7 	8.7 	8.9 	8.6 	8.5 	8.7 	9.0 	8.7 		TE7	TE12	TE5	TE14	TE5	TE4	TE6	-	TE11	TE10	TE9	TE12	TE9	TE11	TE10	TE10	TE10		TE8	9.0 	0.0 	0.0 	0.0 	0.0 	4.1 	47.2 	0.4 	8 	0.423 	0.560 	0.501 	1 	0.396 	0.000 	76 	0.442 		109 		-	-	Devin Singletary	0.088 	RB68	Ted Hurst	0.185 	WR68		-	-		TE3	12.4 	0.0 	0.0 	0.0 	0.0 	12.3 	141.7 	1.1 	3 	0.444 	0.560 	0.541 	2 	0.792 	0.000 	#N/A	0.639 		49.7 		-	-	Devin Singletary	13 	RB58	Ted Hurst	23 	WR62		-	-					New Orleans Saints	Detroit Lions	0 	0.0 	0 	0.0 	3.0 	54 	1.0 	0.0 	0.0 	0.0 	0.0 	12.9 	TE7		New Orleans Saints	Baltimore Ravens	0 	0.0 	0 	0.0 	4.0 	66 	0.0 	0.0 	0.0 	0.0 	0.0 	8.6 	TE12		New Orleans Saints	Las Vegas Raiders	0 	0.0 	0 	0.0 	8.0 	53 	2.0 	0.0 	1.0 	0.0 	0.0 	19.3 	TE5		New Orleans Saints	Atlanta Falcons	0 	0.0 	0 	0.0 	6.0 	59 	0.0 	0.0 	0.0 	0.0 	0.0 	8.9 	TE14		New Orleans Saints	Minnesota Vikings	0 	0.0 	0 	0.0 	4.7 	54 	0.4 	0.0 	0.0 	0.0 	0.0 	9.9 	TE5		New Orleans Saints	New York Giants	0 	0.0 	0 	0.0 	4.8 	55 	0.4 	0.0 	0.0 	0.0 	0.0 	10.4 	TE4		New Orleans Saints	Pittsburgh Steelers	0 	0.0 	0 	0.0 	4.6 	53 	0.4 	0.0 	0.0 	0.0 	0.0 	9.7 	TE6		New Orleans Saints	BYE	0 	0.0 	0 	0.0 	0.0 	0 	0.0 	0.0 	0.0 	0.0 	0.0 	0.0 	-		New Orleans Saints	Cleveland Browns	0 	0.0 	0 	0.0 	3.9 	45 	0.4 	0.0 	0.0 	0.0 	0.0 	8.7 	TE11		New Orleans Saints	Carolina Panthers	0 	0.0 	0 	0.0 	3.9 	45 	0.4 	0.0 	0.0 	0.0 	0.0 	8.7 	TE10		New Orleans Saints	Chicago Bears	0 	0.0 	0 	0.0 	3.9 	45 	0.4 	0.0 	0.0 	0.0 	0.0 	8.7 	TE9		New Orleans Saints	Cincinnati Bengals	0 	0.0 	0 	0.0 	4.0 	46 	0.4 	0.0 	0.0 	0.0 	0.0 	8.9 	TE12		New Orleans Saints	Green Bay Packers	0 	0.0 	0 	0.0 	3.9 	45 	0.4 	0.0 	0.0 	0.0 	0.0 	8.6 	TE9		New Orleans Saints	Carolina Panthers	0 	0.0 	0 	0.0 	3.8 	44 	0.4 	0.0 	0.0 	0.0 	0.0 	8.5 	TE11		New Orleans Saints	Tampa Bay Buccaneers	0 	0.0 	0 	0.0 	3.9 	45 	0.4 	0.0 	0.0 	0.0 	0.0 	8.7 	TE10		New Orleans Saints	Arizona Cardinals	0 	0.0 	0 	0.0 	3.9 	45 	0.4 	0.0 	0.0 	0.0 	0.0 	9.0 	TE10		New Orleans Saints	Atlanta Falcons	0 	0.0 	0 	0.0 	3.9 	45 	0.4 	0.0 	0.0 	0.0 	0.0 	8.7 	TE10		Actual	Actual	Actual	Actual	Forecast	Forecast	Forecast	Forecast	Forecast	Forecast	Forecast	Forecast	Forecast	Forecast	Forecast	Forecast	Forecast		Healthy	Healthy	Healthy	Healthy	Healthy	Healthy	Healthy	Healthy	Healthy	Healthy	Healthy	Healthy	Healthy	Healthy	Healthy	Healthy	Healthy		Week 5 2026	10/6/2026	7:50:59 PM	19		18%	23%	0%	0%	0%	0%		(0.2)	0	0	0	0	0	(0.197061)
	Jared Goff	Detroit Lions	QB	QB7	17.6 	281 	4,219 	263.7 	31.1 	1.9 	42 	2.6 	0.2 	0.0 	0.0 	0.0 	0 	0.0 	0.0 	0.0 	7.7 	0.9 	0.0 	0.763 	0.460 	0.406 	1 	0.477 	0.000 	68 	123 	55 	7 	16 	9 	0.439 				-	-	Najee Harris	0.093 	RB67	Cooper Kupp	0.186 	WR67		-	-		16.4 	29.8 	19.4 	20.5 	17.5 	0.0 	16.5 	15.9 	16.0 	15.9 	16.4 	17.0 	16.3 	16.2 	15.4 	16.4 	15.7 		QB17	QB2	QB16	QB7	QB4	-	QB9	QB13	QB15	QB14	QB13	QB8	QB12	QB14	QB22	QB12	QB15		QB10	16.3 	250.4 	1.8 	2.2 	0.0 	0.0 	0.0 	0.0 	10 	0.761 	0.460 	0.374 	1 	0.482 	0.000 	83 	0.425 		195 		-	-	Najee Harris	0.101 	RB66	Cooper Kupp	0.171 	WR72		-	-		QB4	21.5 	751.3 	5.5 	6.6 	0.1 	0.0 	0.0 	0.0 	4 	0.769 	0.460 	0.433 	1 	0.598 	0.000 	#N/A	0.511 		86.1 		-	-	Najee Harris	9 	RB64	Cooper Kupp	22 	WR65		-	-					Detroit Lions	New Orleans Saints	206 	2.0 	2 	0.0 	0.0 	0 	0.0 	0.0 	0.0 	0.0 	0.0 	16.4 	QB17		Detroit Lions	Buffalo Bills	327 	4.0 	7 	0.0 	0.0 	0 	0.0 	0.0 	0.0 	0.0 	0.0 	29.8 	QB2		Detroit Lions	New York Jets	269 	2.0 	6 	0.0 	0.0 	0 	0.0 	0.0 	0.0 	0.0 	0.0 	19.4 	QB16		Detroit Lions	Carolina Panthers	412 	1.0 	0 	0.0 	0.0 	0 	0.0 	0.0 	0.0 	0.0 	0.0 	20.5 	QB7		Detroit Lions	Arizona Cardinals	260 	2.0 	2 	0.0 	0.0 	0 	0.0 	0.6 	0.1 	0.0 	0.0 	17.5 	QB4		Detroit Lions	BYE	0 	0.0 	0 	0.0 	0.0 	0 	0.0 	0.0 	0.0 	0.0 	0.0 	0.0 	-		Detroit Lions	Green Bay Packers	254 	1.9 	2 	0.0 	0.0 	0 	0.0 	0.6 	0.1 	0.0 	0.0 	16.5 	QB9		Detroit Lions	Minnesota Vikings	247 	1.8 	2 	0.0 	0.0 	0 	0.0 	0.6 	0.1 	0.0 	0.0 	15.9 	QB13		Detroit Lions	Miami Dolphins	245 	1.8 	2 	0.0 	0.0 	0 	0.0 	0.6 	0.1 	0.0 	0.0 	16.0 	QB15		Detroit Lions	New England Patriots	248 	1.8 	2 	0.0 	0.0 	0 	0.0 	0.6 	0.1 	0.0 	0.0 	15.9 	QB14		Detroit Lions	Tampa Bay Buccaneers	251 	1.9 	2 	0.0 	0.0 	0 	0.0 	0.6 	0.1 	0.0 	0.0 	16.4 	QB13		Detroit Lions	Chicago Bears	258 	1.9 	2 	0.0 	0.0 	0 	0.0 	0.6 	0.1 	0.0 	0.0 	17.0 	QB8		Detroit Lions	Atlanta Falcons	252 	1.8 	2 	0.0 	0.0 	0 	0.0 	0.6 	0.1 	0.0 	0.0 	16.3 	QB12		Detroit Lions	Tennessee Titans	247 	1.9 	2 	0.0 	0.0 	0 	0.0 	0.6 	0.1 	0.0 	0.0 	16.2 	QB14		Detroit Lions	Minnesota Vikings	244 	1.7 	2 	0.0 	0.0 	0 	0.0 	0.6 	0.1 	0.0 	0.0 	15.4 	QB22		Detroit Lions	New York Giants	251 	1.9 	2 	0.0 	0.0 	0 	0.0 	0.6 	0.1 	0.0 	0.0 	16.4 	QB12		Detroit Lions	Chicago Bears	249 	1.7 	2 	0.0 	0.0 	0 	0.0 	0.6 	0.1 	0.0 	0.0 	15.7 	QB15		Actual	Actual	Actual	Actual	Forecast	Forecast	Forecast	Forecast	Forecast	Forecast	Forecast	Forecast	Forecast	Forecast	Forecast	Forecast	Forecast		Healthy	Healthy	Healthy	Healthy	Healthy	Healthy	Healthy	Healthy	Healthy	Healthy	Healthy	Healthy	Healthy	Healthy	Healthy	Healthy	Healthy		Week 5 2026	10/6/2026	7:50:59 PM	19		0%	0%	2%	2%	99%	99%		(0.1)	0	0	0	0	0	(0.085921)
	Quinshon Judkins	Cleveland Browns	RB	RB24	9.8 	156 	0 	0.0 	0.0 	0.0 	827 	51.7 	3.2 	0.2 	47.6 	3.0 	311 	19.4 	0.7 	0.0 	0.0 	2.1 	0.0 	0.424 	1.000 	0.719 	0 	0.142 	0.000 	67 	46 	(21)	24 	20 	(4)	0.444 				-	-	Tank Bigsby	0.085 	RB68	Quentin Johnston	0.180 	WR68		-	-		6.0 	7.3 	8.9 	18.6 	9.6 	9.8 	9.8 	8.8 	9.5 	9.1 	0.0 	10.4 	9.9 	10.5 	9.3 	8.6 	10.1 		RB39	RB31	RB24	RB11	RB23	RB22	RB25	RB25	RB27	RB25	-	RB23	RB24	RB23	RB28	RB31	RB24		RB26	9.6 	0.0 	0.0 	54.1 	0.2 	2.7 	17.9 	0.1 	25 	0.450 	1.000 	0.706 	0 	0.160 	0.000 	74 	0.449 		115 		-	-	Tank Bigsby	0.046 	RB74	Quentin Johnston	0.228 	WR59		-	-		RB22	10.2 	0.0 	0.0 	162.4 	0.5 	8.1 	53.7 	0.2 	22 	0.364 	1.000 	0.743 	0 	0.154 	0.000 	#N/A	0.451 		40.8 		-	-	Tank Bigsby	16 	RB49	Quentin Johnston	15 	WR79		-	-					Cleveland Browns	Jacksonville Jaguars	0 	0.0 	33 	0.0 	2.0 	17 	0.0 	0.0 	0.0 	0.0 	0.0 	6.0 	RB39		Cleveland Browns	Tampa Bay Buccaneers	0 	0.0 	21 	0.0 	5.0 	27 	0.0 	0.0 	0.0 	0.0 	0.0 	7.3 	RB31		Cleveland Browns	Carolina Panthers	0 	0.0 	70 	0.0 	2.0 	9 	0.0 	0.0 	0.0 	0.0 	0.0 	8.9 	RB24		Cleveland Browns	Pittsburgh Steelers	0 	0.0 	53 	1.0 	6.0 	43 	0.0 	0.0 	0.0 	0.0 	0.0 	18.6 	RB11		Cleveland Browns	New York Jets	0 	0.0 	55 	0.2 	2.7 	18 	0.1 	0.0 	0.2 	0.0 	0.0 	9.6 	RB23		Cleveland Browns	Baltimore Ravens	0 	0.0 	56 	0.2 	2.7 	18 	0.1 	0.0 	0.2 	0.0 	0.0 	9.8 	RB22		Cleveland Browns	Tennessee Titans	0 	0.0 	56 	0.2 	2.7 	18 	0.1 	0.0 	0.2 	0.0 	0.0 	9.8 	RB25		Cleveland Browns	Pittsburgh Steelers	0 	0.0 	48 	0.1 	2.7 	18 	0.1 	0.0 	0.2 	0.0 	0.0 	8.8 	RB25		Cleveland Browns	New Orleans Saints	0 	0.0 	53 	0.2 	2.7 	18 	0.1 	0.0 	0.2 	0.0 	0.0 	9.5 	RB27		Cleveland Browns	Houston Texans	0 	0.0 	51 	0.2 	2.6 	17 	0.0 	0.0 	0.2 	0.0 	0.0 	9.1 	RB25		Cleveland Browns	BYE	0 	0.0 	0 	0.0 	0.0 	0 	0.0 	0.0 	0.0 	0.0 	0.0 	0.0 	-		Cleveland Browns	Las Vegas Raiders	0 	0.0 	60 	0.2 	2.7 	18 	0.1 	0.0 	0.2 	0.0 	0.0 	10.4 	RB23		Cleveland Browns	Cincinnati Bengals	0 	0.0 	54 	0.2 	2.8 	19 	0.1 	0.0 	0.2 	0.0 	0.0 	9.9 	RB24		Cleveland Browns	Atlanta Falcons	0 	0.0 	61 	0.2 	2.7 	18 	0.1 	0.0 	0.2 	0.0 	0.0 	10.5 	RB23		Cleveland Browns	New York Giants	0 	0.0 	52 	0.2 	2.7 	18 	0.1 	0.0 	0.2 	0.0 	0.0 	9.3 	RB28		Cleveland Browns	Baltimore Ravens	0 	0.0 	46 	0.1 	2.7 	18 	0.1 	0.0 	0.2 	0.0 	0.0 	8.6 	RB31		Cleveland Browns	Indianapolis Colts	0 	0.0 	57 	0.2 	2.8 	18 	0.1 	0.0 	0.2 	0.0 	0.0 	10.1 	RB24		Actual	Actual	Actual	Actual	Forecast	Forecast	Forecast	Forecast	Forecast	Forecast	Forecast	Forecast	Forecast	Forecast	Forecast	Forecast	Forecast		Healthy	Healthy	Healthy	Healthy	Healthy	Healthy	Healthy	Healthy	Healthy	Healthy	Healthy	Healthy	Healthy	Healthy	Healthy	Healthy	Healthy		Week 5 2026	10/6/2026	7:50:59 PM	19		8%	4%	56%	29%	0%	0%		(0.0)	0	0	0	0	0	(0.001499)
	Travis Kelce	Kansas City Chiefs	TE	TE8	9.5 	151 	0 	0.0 	0.0 	0.0 	0 	0.0 	0.0 	0.0 	60.8 	3.8 	851 	53.2 	6.0 	0.4 	0.0 	0.2 	0.0 	0.411 	0.560 	0.501 	1 	0.386 	0.000 	69 	94 	25 	8 	10 	2 	0.436 				-	-	Kimani Vidal	0.078 	RB69	Jaylin Noel	0.176 	WR69		-	-		8.6 	20.6 	12.9 	2.5 	0.0 	9.0 	8.6 	8.6 	8.6 	8.9 	9.0 	9.2 	8.9 	9.1 	9.0 	9.1 	8.8 		TE14	TE1	TE7	TE27	-	TE9	TE11	TE9	TE12	TE9	TE6	TE7	TE7	TE7	TE9	TE8	TE9		TE9	8.9 	0.0 	0.0 	0.0 	0.0 	3.7 	50.4 	0.3 	9 	0.416 	0.560 	0.493 	1 	0.375 	0.000 	81 	0.428 		107 		-	-	Kimani Vidal	0.041 	RB75	Jaylin Noel	0.154 	WR74		-	-		TE5	11.2 	0.0 	0.0 	0.0 	0.0 	11.2 	151.3 	1.0 	5 	0.398 	0.560 	0.525 	1 	0.634 	0.000 	#N/A	0.555 		44.6 		-	-	Kimani Vidal	13 	RB53	Jaylin Noel	25 	WR55		-	-					Kansas City Chiefs	Denver Broncos	0 	0.0 	0 	0.0 	3.0 	71 	0.0 	0.0 	0.0 	0.0 	0.0 	8.6 	TE14		Kansas City Chiefs	Indianapolis Colts	0 	0.0 	0 	0.0 	9.0 	101 	1.0 	0.0 	0.0 	0.0 	0.0 	20.6 	TE1		Kansas City Chiefs	Miami Dolphins	0 	0.0 	0 	0.0 	2.0 	59 	1.0 	0.0 	0.0 	0.0 	0.0 	12.9 	TE7		Kansas City Chiefs	Las Vegas Raiders	0 	0.0 	0 	0.0 	2.0 	15 	0.0 	0.0 	0.0 	0.0 	0.0 	2.5 	TE27		Kansas City Chiefs	BYE	0 	0.0 	0 	0.0 	0.0 	0 	0.0 	0.0 	0.0 	0.0 	0.0 	0.0 	-		Kansas City Chiefs	Los Angeles Chargers	0 	0.0 	0 	0.0 	3.7 	50 	0.4 	0.0 	0.0 	0.0 	0.0 	9.0 	TE9		Kansas City Chiefs	Seattle Seahawks	0 	0.0 	0 	0.0 	3.7 	50 	0.3 	0.0 	0.0 	0.0 	0.0 	8.6 	TE11		Kansas City Chiefs	Denver Broncos	0 	0.0 	0 	0.0 	3.7 	49 	0.3 	0.0 	0.0 	0.0 	0.0 	8.6 	TE9		Kansas City Chiefs	New York Jets	0 	0.0 	0 	0.0 	3.6 	48 	0.3 	0.0 	0.0 	0.0 	0.0 	8.6 	TE12		Kansas City Chiefs	Atlanta Falcons	0 	0.0 	0 	0.0 	3.7 	50 	0.3 	0.0 	0.0 	0.0 	0.0 	8.9 	TE9		Kansas City Chiefs	Arizona Cardinals	0 	0.0 	0 	0.0 	3.7 	50 	0.4 	0.0 	0.0 	0.0 	0.0 	9.0 	TE6		Kansas City Chiefs	Buffalo Bills	0 	0.0 	0 	0.0 	3.9 	52 	0.3 	0.0 	0.0 	0.0 	0.0 	9.2 	TE7		Kansas City Chiefs	Los Angeles Rams	0 	0.0 	0 	0.0 	3.8 	51 	0.3 	0.0 	0.0 	0.0 	0.0 	8.9 	TE7		Kansas City Chiefs	Cincinnati Bengals	0 	0.0 	0 	0.0 	3.8 	52 	0.3 	0.0 	0.0 	0.0 	0.0 	9.1 	TE7		Kansas City Chiefs	New England Patriots	0 	0.0 	0 	0.0 	3.8 	51 	0.3 	0.0 	0.0 	0.0 	0.0 	9.0 	TE9		Kansas City Chiefs	San Francisco 49ers	0 	0.0 	0 	0.0 	3.8 	51 	0.3 	0.0 	0.0 	0.0 	0.0 	9.1 	TE8		Kansas City Chiefs	Los Angeles Chargers	0 	0.0 	0 	0.0 	3.7 	50 	0.3 	0.0 	0.0 	0.0 	0.0 	8.8 	TE9		Actual	Actual	Actual	Actual	Forecast	Forecast	Forecast	Forecast	Forecast	Forecast	Forecast	Forecast	Forecast	Forecast	Forecast	Forecast	Forecast		Healthy	Healthy	Healthy	Healthy	Healthy	Healthy	Healthy	Healthy	Healthy	Healthy	Healthy	Healthy	Healthy	Healthy	Healthy	Healthy	Healthy		Week 5 2026	10/6/2026	7:50:59 PM	19		24%	22%	0%	0%	0%	0%		(0.1)	0	0	0	0	0	(0.126646)
	Rhamondre Stevenson	New England Patriots	RB	RB25	9.6 	154 	0 	0.0 	0.0 	0.0 	659 	41.2 	5.3 	0.3 	37.6 	2.3 	320 	20.0 	1.4 	0.1 	0.0 	2.3 	0.0 	0.419 	1.000 	0.706 	0 	0.134 	0.000 	71 	69 	(2)	25 	28 	3 	0.434 				-	-	Tyrone Tracy Jr.	0.072 	RB70	Adonai Mitchell	0.170 	WR70		-	-		12.0 	3.1 	5.3 	16.9 	10.6 	11.2 	9.2 	10.5 	9.6 	9.3 	0.0 	9.0 	9.8 	9.8 	8.9 	9.9 	9.3 		RB19	RB49	RB38	RB13	RB21	RB20	RB27	RB20	RB25	RB24	-	RB31	RB25	RB24	RB31	RB26	RB28		RB24	9.8 	0.0 	0.0 	41.3 	0.4 	2.1 	19.2 	0.1 	24 	0.456 	1.000 	0.719 	0 	0.170 	0.000 	70 	0.460 		117 		-	-	Tyrone Tracy Jr.	0.094 	RB67	Adonai Mitchell	0.176 	WR70		-	-		RB26	9.3 	0.0 	0.0 	124.0 	1.1 	6.4 	57.6 	0.3 	26 	0.333 	1.000 	0.694 	0 	0.108 	0.000 	#N/A	0.405 		37.3 		-	-	Tyrone Tracy Jr.	(0)	RB81	Adonai Mitchell	17 	WR75		-	-					New England Patriots	Seattle Seahawks	0 	0.0 	51 	0.0 	5.0 	44 	0.0 	0.0 	0.0 	0.0 	0.0 	12.0 	RB19		New England Patriots	Pittsburgh Steelers	0 	0.0 	43 	0.0 	1.0 	3 	0.0 	0.0 	1.0 	0.0 	0.0 	3.1 	RB49		New England Patriots	Jacksonville Jaguars	0 	0.0 	22 	0.0 	3.0 	16 	0.0 	0.0 	0.0 	0.0 	0.0 	5.3 	RB38		New England Patriots	Buffalo Bills	0 	0.0 	47 	1.0 	3.0 	27 	0.0 	0.0 	0.0 	0.0 	1.0 	16.9 	RB13		New England Patriots	Las Vegas Raiders	0 	0.0 	41 	0.4 	2.6 	23 	0.1 	0.0 	0.1 	0.0 	0.0 	10.6 	RB21		New England Patriots	New York Jets	0 	0.0 	46 	0.4 	2.5 	23 	0.1 	0.0 	0.1 	0.0 	0.0 	11.2 	RB20		New England Patriots	Chicago Bears	0 	0.0 	39 	0.3 	2.1 	19 	0.1 	0.0 	0.1 	0.0 	0.0 	9.2 	RB27		New England Patriots	Miami Dolphins	0 	0.0 	46 	0.4 	2.0 	18 	0.1 	0.0 	0.1 	0.0 	0.0 	10.5 	RB20		New England Patriots	Green Bay Packers	0 	0.0 	41 	0.4 	2.1 	19 	0.1 	0.0 	0.1 	0.0 	0.0 	9.6 	RB25		New England Patriots	Detroit Lions	0 	0.0 	39 	0.3 	2.1 	19 	0.1 	0.0 	0.1 	0.0 	0.0 	9.3 	RB24		New England Patriots	BYE	0 	0.0 	0 	0.0 	0.0 	0 	0.0 	0.0 	0.0 	0.0 	0.0 	0.0 	-		New England Patriots	Los Angeles Chargers	0 	0.0 	38 	0.3 	2.0 	18 	0.1 	0.0 	0.1 	0.0 	0.0 	9.0 	RB31		New England Patriots	Buffalo Bills	0 	0.0 	42 	0.4 	2.1 	19 	0.1 	0.0 	0.1 	0.0 	0.0 	9.8 	RB25		New England Patriots	Minnesota Vikings	0 	0.0 	43 	0.4 	2.0 	18 	0.1 	0.0 	0.1 	0.0 	0.0 	9.8 	RB24		New England Patriots	Kansas City Chiefs	0 	0.0 	38 	0.3 	2.0 	18 	0.1 	0.0 	0.1 	0.0 	0.0 	8.9 	RB31		New England Patriots	New York Jets	0 	0.0 	44 	0.4 	2.0 	18 	0.1 	0.0 	0.1 	0.0 	0.0 	9.9 	RB26		New England Patriots	Denver Broncos	0 	0.0 	40 	0.3 	2.0 	18 	0.1 	0.0 	0.1 	0.0 	0.0 	9.3 	RB28		Actual	Actual	Actual	Actual	Forecast	Forecast	Forecast	Forecast	Forecast	Forecast	Forecast	Forecast	Forecast	Forecast	Forecast	Forecast	Forecast		Healthy	Healthy	Healthy	Healthy	Healthy	Healthy	Healthy	Healthy	Healthy	Healthy	Healthy	Healthy	Healthy	Healthy	Healthy	Healthy	Healthy		Week 5 2026	10/6/2026	7:50:59 PM	19		8%	7%	35%	38%	0%	0%		0.1 	0	0	0	0	0	0.054251 
	A.J. Brown	New England Patriots	WR	WR32	11.7 	129 	0 	0.0 	0.0 	0.0 	0 	0.0 	0.0 	0.0 	56.3 	5.1 	713 	64.8 	4.9 	0.4 	0.0 	0.2 	0.0 	0.349 	1.000 	0.540 	1 	0.337 	0.000 	72 	19 	(53)	46 	7 	(39)	0.430 				-	-	Sean Tucker	0.065 	RB71	Michael Pittman Jr.	0.165 	WR71		-	-		4.1 	0.0 	0.0 	0.0 	0.0 	0.0 	12.1 	12.7 	12.7 	12.8 	0.0 	12.4 	13.0 	12.4 	12.3 	12.0 	12.3 		WR62	-	-	-	-	-	WR15	WR7	WR10	WR8	-	WR11	WR8	WR9	WR13	WR11	WR12		WR16	12.5 	0.0 	0.0 	0.0 	0.0 	5.3 	68.7 	0.5 	22 	0.486 	1.000 	0.780 	1 	0.456 	0.000 	35 	0.606 		125 		-	-	Sean Tucker	0.059 	RB72	Michael Pittman Jr.	0.205 	WR64		-	-		WR126	4.1 	0.0 	0.0 	0.0 	0.0 	53.3 	686.9 	4.9 	126 	0.037 	1.000 	0.000 	(1)	0.000 	0.000 	#N/A	0.005 		4.1 		-	-	Sean Tucker	7 	RB68	Michael Pittman Jr.	12 	WR84		-	-					New England Patriots	Seattle Seahawks	0 	0.0 	0 	0.0 	3.0 	26 	0.0 	0.0 	0.0 	0.0 	0.0 	4.1 	WR62		New England Patriots	Pittsburgh Steelers	0 	0.0 	0 	0.0 	0.0 	0 	0.0 	0.0 	0.0 	0.0 	0.0 	0.0 	-		New England Patriots	Jacksonville Jaguars	0 	0.0 	0 	0.0 	0.0 	0 	0.0 	0.0 	0.0 	0.0 	0.0 	0.0 	-		New England Patriots	Buffalo Bills	0 	0.0 	0 	0.0 	0.0 	0 	0.0 	0.0 	0.0 	0.0 	0.0 	0.0 	-		New England Patriots	Las Vegas Raiders	0 	0.0 	0 	0.0 	0.0 	0 	0.0 	0.0 	0.0 	0.0 	0.0 	0.0 	-		New England Patriots	New York Jets	0 	0.0 	0 	0.0 	0.0 	0 	0.0 	0.0 	0.0 	0.0 	0.0 	0.0 	-		New England Patriots	Chicago Bears	0 	0.0 	0 	0.0 	5.2 	67 	0.5 	0.0 	0.0 	0.0 	0.0 	12.1 	WR15		New England Patriots	Miami Dolphins	0 	0.0 	0 	0.0 	5.4 	69 	0.5 	0.0 	0.0 	0.0 	0.0 	12.7 	WR7		New England Patriots	Green Bay Packers	0 	0.0 	0 	0.0 	5.4 	70 	0.5 	0.0 	0.0 	0.0 	0.0 	12.7 	WR10		New England Patriots	Detroit Lions	0 	0.0 	0 	0.0 	5.5 	71 	0.5 	0.0 	0.0 	0.0 	0.0 	12.8 	WR8		New England Patriots	BYE	0 	0.0 	0 	0.0 	0.0 	0 	0.0 	0.0 	0.0 	0.0 	0.0 	0.0 	-		New England Patriots	Los Angeles Chargers	0 	0.0 	0 	0.0 	5.4 	69 	0.5 	0.0 	0.0 	0.0 	0.0 	12.4 	WR11		New England Patriots	Buffalo Bills	0 	0.0 	0 	0.0 	5.5 	71 	0.5 	0.0 	0.0 	0.0 	0.0 	13.0 	WR8		New England Patriots	Minnesota Vikings	0 	0.0 	0 	0.0 	5.3 	68 	0.5 	0.0 	0.0 	0.0 	0.0 	12.4 	WR9		New England Patriots	Kansas City Chiefs	0 	0.0 	0 	0.0 	5.3 	68 	0.5 	0.0 	0.0 	0.0 	0.0 	12.3 	WR13		New England Patriots	New York Jets	0 	0.0 	0 	0.0 	5.1 	66 	0.5 	0.0 	0.0 	0.0 	0.0 	12.0 	WR11		New England Patriots	Denver Broncos	0 	0.0 	0 	0.0 	5.3 	68 	0.5 	0.0 	0.0 	0.0 	0.0 	12.3 	WR12		Actual	Actual	Actual	Actual	Forecast	Forecast	Forecast	Forecast	Forecast	Forecast	Forecast	Forecast	Forecast	Forecast	Forecast	Forecast	Forecast		Healthy	Injured	Injured	Injured	Injured	Injured	Limited / Handicapped	Healthy	Healthy	Healthy	Healthy	Healthy	Healthy	Healthy	Healthy	Healthy	Healthy		Week 5 2026	10/6/2026	7:50:59 PM	19		30%	32%	0%	0%	0%	0%		0.6 	1	1	1	1	1	
	DJ Moore	Buffalo Bills	WR	WR31	9.3 	149 	0 	0.0 	0.0 	0.0 	5 	0.3 	0.0 	0.0 	62.8 	3.9 	864 	54.0 	5.2 	0.3 	0.0 	0.2 	0.0 	0.405 	1.000 	0.690 	0 	0.157 	0.000 	70 	49 	(21)	31 	22 	(9)	0.434 				-	-	Kaytron Allen	0.058 	RB72	Chris Bell	0.161 	WR72		-	-		18.5 	(0.1)	9.7 	2.2 	9.7 	10.1 	0.0 	10.2 	10.0 	9.6 	9.9 	10.1 	9.7 	9.8 	10.3 	9.6 	9.8 		WR8	WR110	WR34	WR69	WR24	WR20	-	WR22	WR26	WR29	WR23	WR25	WR28	WR26	WR25	WR30	WR28		WR29	9.9 	0.0 	0.0 	0.0 	0.0 	4.2 	57.1 	0.4 	29 	0.464 	1.000 	0.710 	1 	0.239 	0.000 	64 	0.485 		119 		-	-	Kaytron Allen	0.066 	RB71	Chris Bell	0.209 	WR63		-	-		WR44	10.1 	0.0 	0.0 	0.0 	0.0 	16.9 	228.6 	1.4 	44 	0.271 	1.000 	0.560 	0 	0.045 	0.000 	#N/A	0.310 		30.3 		-	-	Kaytron Allen	4 	RB69	Chris Bell	12 	WR85		-	-					Buffalo Bills	Houston Texans	0 	0.0 	0 	0.0 	5.0 	100 	1.0 	0.0 	0.0 	0.0 	0.0 	18.5 	WR8		Buffalo Bills	Detroit Lions	0 	0.0 	(1)	0.0 	0.0 	0 	0.0 	0.0 	0.0 	0.0 	0.0 	(0.1)	WR110		Buffalo Bills	Los Angeles Chargers	0 	0.0 	0 	0.0 	6.0 	67 	0.0 	0.0 	0.0 	0.0 	0.0 	9.7 	WR34		Buffalo Bills	New England Patriots	0 	0.0 	6 	0.0 	1.0 	11 	0.0 	0.0 	0.0 	0.0 	0.0 	2.2 	WR69		Buffalo Bills	Los Angeles Rams	0 	0.0 	0 	0.0 	4.1 	56 	0.3 	0.0 	0.0 	0.0 	0.0 	9.7 	WR24		Buffalo Bills	Las Vegas Raiders	0 	0.0 	0 	0.0 	4.3 	58 	0.4 	0.0 	0.0 	0.0 	0.0 	10.1 	WR20		Buffalo Bills	BYE	0 	0.0 	0 	0.0 	0.0 	0 	0.0 	0.0 	0.0 	0.0 	0.0 	0.0 	-		Buffalo Bills	Baltimore Ravens	0 	0.0 	0 	0.0 	4.3 	59 	0.4 	0.0 	0.0 	0.0 	0.0 	10.2 	WR22		Buffalo Bills	Minnesota Vikings	0 	0.0 	0 	0.0 	4.3 	58 	0.4 	0.0 	0.0 	0.0 	0.0 	10.0 	WR26		Buffalo Bills	New York Jets	0 	0.0 	0 	0.0 	4.1 	56 	0.3 	0.0 	0.0 	0.0 	0.0 	9.6 	WR29		Buffalo Bills	Miami Dolphins	0 	0.0 	0 	0.0 	4.2 	56 	0.4 	0.0 	0.0 	0.0 	0.0 	9.9 	WR23		Buffalo Bills	Kansas City Chiefs	0 	0.0 	0 	0.0 	4.3 	58 	0.4 	0.0 	0.0 	0.0 	0.0 	10.1 	WR25		Buffalo Bills	New England Patriots	0 	0.0 	0 	0.0 	4.2 	57 	0.3 	0.0 	0.0 	0.0 	0.0 	9.7 	WR28		Buffalo Bills	Green Bay Packers	0 	0.0 	0 	0.0 	4.2 	57 	0.3 	0.0 	0.0 	0.0 	0.0 	9.8 	WR26		Buffalo Bills	Chicago Bears	0 	0.0 	0 	0.0 	4.4 	59 	0.4 	0.0 	0.0 	0.0 	0.0 	10.3 	WR25		Buffalo Bills	Denver Broncos	0 	0.0 	0 	0.0 	4.1 	56 	0.3 	0.0 	0.0 	0.0 	0.0 	9.6 	WR30		Buffalo Bills	Miami Dolphins	0 	0.0 	0 	0.0 	4.2 	56 	0.4 	0.0 	0.0 	0.0 	0.0 	9.8 	WR28		Actual	Actual	Actual	Actual	Forecast	Forecast	Forecast	Forecast	Forecast	Forecast	Forecast	Forecast	Forecast	Forecast	Forecast	Forecast	Forecast		Healthy	Healthy	Healthy	Healthy	Limited / Handicapped	Healthy	Healthy	Healthy	Healthy	Healthy	Healthy	Healthy	Healthy	Healthy	Healthy	Healthy	Healthy		Week 5 2026	10/6/2026	7:50:59 PM	19		26%	26%	0%	0%	0%	0%		0.2 	0	0	0	0	0	0.174077 
	Isaiah Likely	New York Giants	TE	TE9	9.3 	148 	0 	0.0 	0.0 	0.0 	0 	0.0 	0.0 	0.0 	77.1 	4.8 	763 	47.7 	5.7 	0.4 	0.0 	0.1 	0.0 	0.403 	0.560 	0.493 	1 	0.366 	0.000 	74 	100 	26 	9 	12 	3 	0.422 				-	-	Demond Claiborne	0.052 	RB73	Xavier Hutchinson	0.155 	WR73		-	-		23.8 	5.8 	2.3 	10.1 	8.7 	8.8 	8.6 	0.0 	8.8 	9.1 	8.9 	8.9 	8.9 	8.9 	8.5 	9.2 	9.2 		TE1	TE18	TE27	TE11	TE10	TE10	TE10	-	TE9	TE7	TE7	TE11	TE6	TE9	TE11	TE7	TE7		TE10	8.9 	0.0 	0.0 	0.0 	0.0 	4.6 	47.8 	0.3 	10 	0.415 	0.560 	0.484 	1 	0.373 	0.000 	84 	0.424 		106 		-	-	Demond Claiborne	0.073 	RB70	Xavier Hutchinson	0.143 	WR76		-	-		TE6	10.5 	0.0 	0.0 	0.0 	0.0 	13.8 	143.3 	0.9 	6 	0.375 	0.560 	0.518 	1 	0.553 	0.000 	#N/A	0.512 		42.0 		-	-	Demond Claiborne	2 	RB70	Xavier Hutchinson	23 	WR61		-	-					New York Giants	Dallas Cowboys	0 	0.0 	0 	0.0 	8.0 	78 	2.0 	0.0 	0.0 	0.0 	0.0 	23.8 	TE1		New York Giants	Los Angeles Rams	0 	0.0 	0 	0.0 	5.0 	33 	0.0 	0.0 	0.0 	0.0 	0.0 	5.8 	TE18		New York Giants	Tennessee Titans	0 	0.0 	0 	0.0 	2.0 	13 	0.0 	0.0 	0.0 	0.0 	0.0 	2.3 	TE27		New York Giants	Arizona Cardinals	0 	0.0 	0 	0.0 	7.0 	66 	0.0 	0.0 	0.0 	0.0 	0.0 	10.1 	TE11		New York Giants	Washington Commanders	0 	0.0 	0 	0.0 	4.5 	47 	0.3 	0.0 	0.0 	0.0 	0.0 	8.7 	TE10		New York Giants	New Orleans Saints	0 	0.0 	0 	0.0 	4.6 	47 	0.3 	0.0 	0.0 	0.0 	0.0 	8.8 	TE10		New York Giants	Houston Texans	0 	0.0 	0 	0.0 	4.5 	47 	0.3 	0.0 	0.0 	0.0 	0.0 	8.6 	TE10		New York Giants	BYE	0 	0.0 	0 	0.0 	0.0 	0 	0.0 	0.0 	0.0 	0.0 	0.0 	0.0 	-		New York Giants	Philadelphia Eagles	0 	0.0 	0 	0.0 	4.6 	48 	0.3 	0.0 	0.0 	0.0 	0.0 	8.8 	TE9		New York Giants	Washington Commanders	0 	0.0 	0 	0.0 	4.6 	48 	0.3 	0.0 	0.0 	0.0 	0.0 	9.1 	TE7		New York Giants	Jacksonville Jaguars	0 	0.0 	0 	0.0 	4.6 	48 	0.3 	0.0 	0.0 	0.0 	0.0 	8.9 	TE7		New York Giants	Indianapolis Colts	0 	0.0 	0 	0.0 	4.6 	48 	0.3 	0.0 	0.0 	0.0 	0.0 	8.9 	TE11		New York Giants	San Francisco 49ers	0 	0.0 	0 	0.0 	4.6 	48 	0.3 	0.0 	0.0 	0.0 	0.0 	8.9 	TE6		New York Giants	Seattle Seahawks	0 	0.0 	0 	0.0 	4.7 	48 	0.3 	0.0 	0.0 	0.0 	0.0 	8.9 	TE9		New York Giants	Cleveland Browns	0 	0.0 	0 	0.0 	4.4 	46 	0.3 	0.0 	0.0 	0.0 	0.0 	8.5 	TE11		New York Giants	Detroit Lions	0 	0.0 	0 	0.0 	4.7 	49 	0.3 	0.0 	0.0 	0.0 	0.0 	9.2 	TE7		New York Giants	Dallas Cowboys	0 	0.0 	0 	0.0 	4.7 	49 	0.3 	0.0 	0.0 	0.0 	0.0 	9.2 	TE7		Actual	Actual	Actual	Actual	Forecast	Forecast	Forecast	Forecast	Forecast	Forecast	Forecast	Forecast	Forecast	Forecast	Forecast	Forecast	Forecast		Healthy	Healthy	Healthy	Healthy	Healthy	Healthy	Healthy	Healthy	Healthy	Healthy	Healthy	Healthy	Healthy	Healthy	Healthy	Healthy	Healthy		Week 5 2026	10/6/2026	7:50:59 PM	19		23%	22%	0%	0%	0%	0%		(0.1)	0	0	0	0	0	(0.088027)
	Luther Burden III	Chicago Bears	WR	WR33	9.2 	147 	0 	0.0 	0.0 	0.0 	55 	3.4 	0.0 	0.0 	67.7 	4.2 	793 	49.6 	5.1 	0.3 	0.0 	1.1 	0.0 	0.399 	1.000 	0.680 	0 	0.147 	0.000 	73 	52 	(21)	32 	23 	(9)	0.425 				-	-	Dylan Sampson	0.046 	RB74	Isaiah Williams	0.150 	WR74		-	-		7.0 	4.7 	16.3 	9.4 	9.0 	9.1 	9.1 	8.9 	9.3 	0.0 	9.0 	9.4 	9.2 	9.1 	9.4 	9.1 	9.3 		WR40	WR55	WR14	WR36	WR34	WR32	WR33	WR33	WR35	-	WR29	WR34	WR32	WR33	WR34	WR37	WR35		WR36	9.1 	0.0 	0.0 	2.9 	0.0 	4.1 	47.8 	0.3 	36 	0.428 	1.000 	0.640 	0 	0.173 	0.000 	85 	0.421 		110 		-	-	Dylan Sampson	0.079 	RB69	Isaiah Williams	0.131 	WR78		-	-		WR29	9.4 	0.0 	0.0 	8.8 	0.0 	12.2 	143.5 	1.0 	29 	0.334 	1.000 	0.710 	1 	0.141 	0.000 	#N/A	0.426 		37.4 		-	-	Dylan Sampson	0 	RB73	Isaiah Williams	26 	WR54		-	-					Chicago Bears	Carolina Panthers	0 	0.0 	2 	0.0 	5.0 	63 	0.0 	0.0 	1.0 	0.0 	0.0 	7.0 	WR40		Chicago Bears	Minnesota Vikings	0 	0.0 	0 	0.0 	3.0 	32 	0.0 	0.0 	0.0 	0.0 	0.0 	4.7 	WR55		Chicago Bears	Philadelphia Eagles	0 	0.0 	7 	0.0 	7.0 	61 	1.0 	0.0 	0.0 	0.0 	0.0 	16.3 	WR14		Chicago Bears	New York Jets	0 	0.0 	11 	0.0 	4.0 	63 	0.0 	0.0 	0.0 	0.0 	0.0 	9.4 	WR36		Chicago Bears	Green Bay Packers	0 	0.0 	3 	0.0 	4.0 	47 	0.3 	0.0 	0.0 	0.0 	0.0 	9.0 	WR34		Chicago Bears	Atlanta Falcons	0 	0.0 	3 	0.0 	4.0 	47 	0.3 	0.0 	0.0 	0.0 	0.0 	9.1 	WR32		Chicago Bears	New England Patriots	0 	0.0 	3 	0.0 	4.0 	47 	0.3 	0.0 	0.0 	0.0 	0.0 	9.1 	WR33		Chicago Bears	Seattle Seahawks	0 	0.0 	3 	0.0 	4.0 	47 	0.3 	0.0 	0.0 	0.0 	0.0 	8.9 	WR33		Chicago Bears	Tampa Bay Buccaneers	0 	0.0 	3 	0.0 	4.1 	49 	0.4 	0.0 	0.0 	0.0 	0.0 	9.3 	WR35		Chicago Bears	BYE	0 	0.0 	0 	0.0 	0.0 	0 	0.0 	0.0 	0.0 	0.0 	0.0 	0.0 	-		Chicago Bears	New Orleans Saints	0 	0.0 	3 	0.0 	3.9 	46 	0.3 	0.0 	0.0 	0.0 	0.0 	9.0 	WR29		Chicago Bears	Detroit Lions	0 	0.0 	3 	0.0 	4.2 	49 	0.4 	0.0 	0.0 	0.0 	0.0 	9.4 	WR34		Chicago Bears	Jacksonville Jaguars	0 	0.0 	3 	0.0 	4.1 	48 	0.3 	0.0 	0.0 	0.0 	0.0 	9.2 	WR32		Chicago Bears	Miami Dolphins	0 	0.0 	3 	0.0 	4.0 	47 	0.4 	0.0 	0.0 	0.0 	0.0 	9.1 	WR33		Chicago Bears	Buffalo Bills	0 	0.0 	3 	0.0 	4.2 	49 	0.3 	0.0 	0.0 	0.0 	0.0 	9.4 	WR34		Chicago Bears	Green Bay Packers	0 	0.0 	3 	0.0 	4.0 	47 	0.3 	0.0 	0.0 	0.0 	0.0 	9.1 	WR37		Chicago Bears	Detroit Lions	0 	0.0 	3 	0.0 	4.1 	48 	0.4 	0.0 	0.0 	0.0 	0.0 	9.3 	WR35		Actual	Actual	Actual	Actual	Forecast	Forecast	Forecast	Forecast	Forecast	Forecast	Forecast	Forecast	Forecast	Forecast	Forecast	Forecast	Forecast		Healthy	Healthy	Healthy	Healthy	Healthy	Healthy	Healthy	Healthy	Healthy	Healthy	Healthy	Healthy	Healthy	Healthy	Healthy	Healthy	Healthy		Week 5 2026	10/6/2026	7:50:59 PM	19		23%	22%	2%	0%	0%	0%		(0.0)	0	0	0	0	0	(0.004519)
	Bryce Young	Carolina Panthers	QB	QB8	17.3 	276 	3,968 	248.0 	26.7 	1.7 	195 	12.2 	2.0 	0.1 	0.0 	0.0 	0 	0.0 	0.0 	0.0 	9.7 	0.9 	0.0 	0.749 	0.460 	0.395 	1 	0.446 	0.000 	77 	177 	100 	8 	25 	17 	0.419 				-	-	De'Von Achane	0.040 	RB75	Marvin Harrison Jr.	0.144 	WR75		-	-		31.4 	24.1 	13.6 	21.5 	0.0 	15.0 	15.8 	14.9 	15.0 	15.6 	15.9 	15.6 	15.1 	16.4 	16.4 	14.9 	14.8 		QB3	QB7	QB22	QB6	-	QB16	QB16	QB21	QB25	QB15	QB17	QB21	QB23	QB12	QB14	QB25	QB23		QB22	15.5 	225.0 	1.5 	14.7 	0.1 	0.0 	0.0 	0.0 	21 	0.723 	0.460 	0.240 	1 	0.399 	0.000 	122 	0.315 		185 		-	-	De'Von Achane	0.002 	RB80	Marvin Harrison Jr.	0.148 	WR75		-	-		QB3	22.7 	674.9 	4.4 	44.0 	0.3 	0.0 	0.0 	0.0 	3 	0.809 	0.460 	0.441 	1 	0.669 	0.000 	#N/A	0.548 		90.6 		-	-	De'Von Achane	21 	RB42	Marvin Harrison Jr.	17 	WR72		-	-					Carolina Panthers	Chicago Bears	361 	3.0 	10 	1.0 	0.0 	0 	0.0 	1.0 	0.0 	0.0 	0.0 	31.4 	QB3		Carolina Panthers	Atlanta Falcons	287 	3.0 	6 	0.0 	0.0 	0 	0.0 	0.0 	0.0 	0.0 	0.0 	24.1 	QB7		Carolina Panthers	Cleveland Browns	291 	1.0 	0 	0.0 	0.0 	0 	0.0 	1.0 	0.0 	0.0 	0.0 	13.6 	QB22		Carolina Panthers	Detroit Lions	329 	2.0 	3 	0.0 	0.0 	0 	0.0 	0.0 	0.0 	0.0 	0.0 	21.5 	QB6		Carolina Panthers	BYE	0 	0.0 	0 	0.0 	0.0 	0 	0.0 	0.0 	0.0 	0.0 	0.0 	0.0 	-		Carolina Panthers	Philadelphia Eagles	222 	1.5 	13 	0.1 	0.0 	0 	0.0 	0.6 	0.1 	0.0 	0.0 	15.0 	QB16		Carolina Panthers	Tampa Bay Buccaneers	228 	1.6 	13 	0.1 	0.0 	0 	0.0 	0.6 	0.1 	0.0 	0.0 	15.8 	QB16		Carolina Panthers	Green Bay Packers	227 	1.4 	11 	0.1 	0.0 	0 	0.0 	0.6 	0.1 	0.0 	0.0 	14.9 	QB21		Carolina Panthers	Denver Broncos	219 	1.4 	16 	0.1 	0.0 	0 	0.0 	0.6 	0.1 	0.0 	0.0 	15.0 	QB25		Carolina Panthers	New Orleans Saints	224 	1.5 	16 	0.1 	0.0 	0 	0.0 	0.6 	0.1 	0.0 	0.0 	15.6 	QB15		Carolina Panthers	Baltimore Ravens	229 	1.5 	15 	0.1 	0.0 	0 	0.0 	0.6 	0.1 	0.0 	0.0 	15.9 	QB17		Carolina Panthers	Tampa Bay Buccaneers	227 	1.5 	15 	0.1 	0.0 	0 	0.0 	0.6 	0.1 	0.0 	0.0 	15.6 	QB21		Carolina Panthers	Minnesota Vikings	223 	1.4 	15 	0.1 	0.0 	0 	0.0 	0.6 	0.1 	0.0 	0.0 	15.1 	QB23		Carolina Panthers	New Orleans Saints	226 	1.6 	17 	0.1 	0.0 	0 	0.0 	0.6 	0.1 	0.0 	0.0 	16.4 	QB12		Carolina Panthers	Cincinnati Bengals	230 	1.6 	16 	0.1 	0.0 	0 	0.0 	0.6 	0.1 	0.0 	0.0 	16.4 	QB14		Carolina Panthers	Pittsburgh Steelers	221 	1.4 	15 	0.1 	0.0 	0 	0.0 	0.6 	0.1 	0.0 	0.0 	14.9 	QB25		Carolina Panthers	Seattle Seahawks	224 	1.4 	14 	0.1 	0.0 	0 	0.0 	0.6 	0.1 	0.0 	0.0 	14.8 	QB23		Actual	Actual	Actual	Actual	Forecast	Forecast	Forecast	Forecast	Forecast	Forecast	Forecast	Forecast	Forecast	Forecast	Forecast	Forecast	Forecast		Healthy	Healthy	Healthy	Healthy	Healthy	Healthy	Healthy	Healthy	Healthy	Healthy	Healthy	Healthy	Healthy	Healthy	Healthy	Healthy	Healthy		Week 5 2026	10/6/2026	7:50:59 PM	19		0%	0%	15%	13%	99%	99%		(0.2)	0	0	0	0	0	(0.233414)
	TreVeyon Henderson	New England Patriots	RB	RB27	9.9 	148 	0 	0.0 	0.0 	0.0 	679 	45.3 	5.3 	0.4 	36.1 	2.4 	227 	15.1 	1.7 	0.1 	0.0 	1.4 	0.0 	0.402 	1.000 	0.669 	0 	0.149 	0.000 	76 	58 	(18)	28 	25 	(3)	0.421 				-	-	Nicholas Singleton	0.032 	RB76	Alec Pierce	0.138 	WR76		-	-		0.0 	13.6 	3.4 	4.2 	10.7 	11.3 	10.1 	11.5 	10.6 	10.3 	0.0 	9.9 	10.8 	10.8 	9.8 	10.8 	10.2 		-	RB9	RB42	RB43	RB20	RB19	RB22	RB16	RB21	RB20	-	RB25	RB19	RB21	RB25	RB23	RB23		RB22	10.6 	0.0 	0.0 	44.9 	0.4 	2.9 	18.4 	0.1 	22 	0.494 	1.000 	0.743 	1 	0.230 	0.000 	56 	0.501 		127 		-	-	Nicholas Singleton	0.028 	RB77	Alec Pierce	0.160 	WR73		-	-		RB41	7.1 	0.0 	0.0 	179.5 	1.4 	11.7 	73.7 	0.6 	41 	0.189 	1.000 	0.506 	(0)	0.000 	0.000 	#N/A	0.256 		21.2 		-	-	Nicholas Singleton	1 	RB72	Alec Pierce	10 	WR87		-	-					New England Patriots	Seattle Seahawks	0 	0.0 	0 	0.0 	0.0 	0 	0.0 	0.0 	0.0 	0.0 	0.0 	0.0 	-		New England Patriots	Pittsburgh Steelers	0 	0.0 	76 	1.0 	0.0 	0 	0.0 	0.0 	0.0 	0.0 	0.0 	13.6 	RB9		New England Patriots	Jacksonville Jaguars	0 	0.0 	23 	0.0 	1.0 	6 	0.0 	0.0 	0.0 	0.0 	0.0 	3.4 	RB42		New England Patriots	Buffalo Bills	0 	0.0 	42 	0.0 	0.0 	0 	0.0 	0.0 	0.0 	0.0 	0.0 	4.2 	RB43		New England Patriots	Las Vegas Raiders	0 	0.0 	45 	0.4 	3.0 	19 	0.1 	0.0 	0.1 	0.0 	0.0 	10.7 	RB20		New England Patriots	New York Jets	0 	0.0 	49 	0.4 	2.9 	18 	0.1 	0.0 	0.1 	0.0 	0.0 	11.3 	RB19		New England Patriots	Chicago Bears	0 	0.0 	42 	0.3 	3.0 	19 	0.1 	0.0 	0.1 	0.0 	0.0 	10.1 	RB22		New England Patriots	Miami Dolphins	0 	0.0 	50 	0.4 	2.9 	18 	0.1 	0.0 	0.1 	0.0 	0.0 	11.5 	RB16		New England Patriots	Green Bay Packers	0 	0.0 	45 	0.4 	3.0 	19 	0.1 	0.0 	0.1 	0.0 	0.0 	10.6 	RB21		New England Patriots	Detroit Lions	0 	0.0 	42 	0.3 	3.0 	19 	0.1 	0.0 	0.1 	0.0 	0.0 	10.3 	RB20		New England Patriots	BYE	0 	0.0 	0 	0.0 	0.0 	0 	0.0 	0.0 	0.0 	0.0 	0.0 	0.0 	-		New England Patriots	Los Angeles Chargers	0 	0.0 	41 	0.3 	2.9 	18 	0.1 	0.0 	0.1 	0.0 	0.0 	9.9 	RB25		New England Patriots	Buffalo Bills	0 	0.0 	45 	0.4 	3.0 	19 	0.1 	0.0 	0.1 	0.0 	0.0 	10.8 	RB19		New England Patriots	Minnesota Vikings	0 	0.0 	47 	0.4 	2.9 	18 	0.1 	0.0 	0.1 	0.0 	0.0 	10.8 	RB21		New England Patriots	Kansas City Chiefs	0 	0.0 	41 	0.3 	2.9 	18 	0.1 	0.0 	0.1 	0.0 	0.0 	9.8 	RB25		New England Patriots	New York Jets	0 	0.0 	48 	0.4 	2.8 	18 	0.1 	0.0 	0.1 	0.0 	0.0 	10.8 	RB23		New England Patriots	Denver Broncos	0 	0.0 	43 	0.3 	2.9 	18 	0.1 	0.0 	0.1 	0.0 	0.0 	10.2 	RB23		Actual	Actual	Actual	Actual	Forecast	Forecast	Forecast	Forecast	Forecast	Forecast	Forecast	Forecast	Forecast	Forecast	Forecast	Forecast	Forecast		Injured	Healthy	Healthy	Healthy	Healthy	Healthy	Healthy	Healthy	Healthy	Healthy	Healthy	Healthy	Healthy	Healthy	Healthy	Healthy	Healthy		Week 5 2026	10/6/2026	7:50:59 PM	19		8%	9%	38%	38%	0%	0%		0.2 	0	0	0	0	0	0.244503 
	Kyle Monangai	Chicago Bears	RB	RB26	9.4 	151 	0 	0.0 	0.0 	0.0 	883 	55.2 	6.3 	0.4 	15.9 	1.0 	138 	8.7 	0.9 	0.1 	0.0 	1.3 	0.0 	0.409 	1.000 	0.694 	0 	0.119 	0.000 	75 	97 	22 	26 	38 	12 	0.421 				-	-	Joe Mixon	0.026 	RB77	Makai Lemon	0.132 	WR77		-	-		19.4 	6.8 	3.1 	27.5 	7.4 	7.8 	7.9 	7.0 	8.1 	0.0 	8.6 	7.8 	8.0 	8.3 	7.4 	7.9 	8.0 		RB11	RB33	RB45	RB4	RB34	RB29	RB29	RB31	RB31	-	RB26	RB35	RB29	RB30	RB36	RB34	RB33		RB34	7.8 	0.0 	0.0 	46.6 	0.3 	0.9 	8.3 	0.1 	32 	0.367 	1.000 	0.619 	0 	0.026 	0.000 	111 	0.344 		94 		-	-	Joe Mixon	0.053 	RB73	Makai Lemon	0.139 	WR77		-	-		RB13	14.2 	0.0 	0.0 	139.8 	0.8 	2.7 	24.9 	0.2 	13 	0.507 	1.000 	0.852 	1 	0.365 	0.000 	#N/A	0.606 		56.8 		-	-	Joe Mixon	0 	RB73	Makai Lemon	11 	WR86		-	-					Chicago Bears	Carolina Panthers	0 	0.0 	100 	1.0 	2.0 	24 	0.0 	0.0 	0.0 	0.0 	0.0 	19.4 	RB11		Chicago Bears	Minnesota Vikings	0 	0.0 	47 	0.0 	2.0 	11 	0.0 	0.0 	0.0 	0.0 	0.0 	6.8 	RB33		Chicago Bears	Philadelphia Eagles	0 	0.0 	31 	0.0 	0.0 	0 	0.0 	0.0 	0.0 	0.0 	0.0 	3.1 	RB45		Chicago Bears	New York Jets	0 	0.0 	146 	2.0 	1.0 	4 	0.0 	0.0 	0.0 	0.0 	0.0 	27.5 	RB4		Chicago Bears	Green Bay Packers	0 	0.0 	44 	0.3 	0.9 	8 	0.1 	0.0 	0.1 	0.0 	0.0 	7.4 	RB34		Chicago Bears	Atlanta Falcons	0 	0.0 	47 	0.3 	0.9 	8 	0.1 	0.0 	0.1 	0.0 	0.0 	7.8 	RB29		Chicago Bears	New England Patriots	0 	0.0 	47 	0.3 	0.9 	8 	0.1 	0.0 	0.1 	0.0 	0.0 	7.9 	RB29		Chicago Bears	Seattle Seahawks	0 	0.0 	41 	0.2 	0.9 	8 	0.1 	0.0 	0.1 	0.0 	0.0 	7.0 	RB31		Chicago Bears	Tampa Bay Buccaneers	0 	0.0 	48 	0.3 	0.9 	8 	0.1 	0.0 	0.1 	0.0 	0.0 	8.1 	RB31		Chicago Bears	BYE	0 	0.0 	0 	0.0 	0.0 	0 	0.0 	0.0 	0.0 	0.0 	0.0 	0.0 	-		Chicago Bears	New Orleans Saints	0 	0.0 	52 	0.3 	0.9 	8 	0.1 	0.0 	0.1 	0.0 	0.0 	8.6 	RB26		Chicago Bears	Detroit Lions	0 	0.0 	45 	0.3 	0.9 	9 	0.1 	0.0 	0.1 	0.0 	0.0 	7.8 	RB35		Chicago Bears	Jacksonville Jaguars	0 	0.0 	47 	0.3 	0.9 	8 	0.1 	0.0 	0.1 	0.0 	0.0 	8.0 	RB29		Chicago Bears	Miami Dolphins	0 	0.0 	50 	0.3 	0.9 	8 	0.1 	0.0 	0.1 	0.0 	0.0 	8.3 	RB30		Chicago Bears	Buffalo Bills	0 	0.0 	43 	0.2 	0.9 	9 	0.1 	0.0 	0.1 	0.0 	0.0 	7.4 	RB36		Chicago Bears	Green Bay Packers	0 	0.0 	47 	0.3 	0.9 	8 	0.1 	0.0 	0.1 	0.0 	0.0 	7.9 	RB34		Chicago Bears	Detroit Lions	0 	0.0 	48 	0.3 	0.9 	8 	0.1 	0.0 	0.1 	0.0 	0.0 	8.0 	RB33		Actual	Actual	Actual	Actual	Forecast	Forecast	Forecast	Forecast	Forecast	Forecast	Forecast	Forecast	Forecast	Forecast	Forecast	Forecast	Forecast		Healthy	Healthy	Healthy	Healthy	Limited / Handicapped	Healthy	Healthy	Healthy	Healthy	Healthy	Healthy	Healthy	Healthy	Healthy	Healthy	Healthy	Healthy		Week 5 2026	10/6/2026	7:50:59 PM	19		4%	5%	32%	26%	0%	0%		(0.3)	0	0	0	0	0	(0.261320)
	Tony Pollard	Tennessee Titans	RB	RB28	9.3 	149 	0 	0.0 	0.0 	0.0 	917 	57.3 	6.2 	0.4 	22.8 	1.4 	105 	6.6 	0.3 	0.0 	0.0 	2.1 	0.0 	0.404 	1.000 	0.682 	0 	0.109 	0.000 	80 	77 	(3)	27 	30 	3 	0.411 				-	-	Isiah Pacheco	0.020 	RB78	Jordyn Tyson	0.115 	WR81		-	-		3.9 	7.0 	11.6 	12.0 	7.5 	8.8 	10.5 	9.4 	0.0 	10.2 	9.3 	9.0 	10.4 	8.7 	10.6 	9.9 	9.9 		RB45	RB32	RB16	RB24	RB31	RB25	RB21	RB23	-	RB21	RB23	RB30	RB21	RB28	RB23	RB25	RB25		RB29	9.5 	0.0 	0.0 	58.0 	0.4 	1.2 	6.8 	0.0 	28 	0.445 	1.000 	0.669 	0 	0.152 	0.000 	80 	0.429 		114 		-	-	Isiah Pacheco	0.034 	RB76	Jordyn Tyson	0.172 	WR71		-	-		RB28	8.6 	0.0 	0.0 	174.1 	1.3 	3.7 	20.4 	0.1 	28 	0.308 	1.000 	0.669 	0 	0.071 	0.000 	#N/A	0.376 		34.5 		-	-	Isiah Pacheco	0 	RB73	Jordyn Tyson	0 	WR103		-	-					Tennessee Titans	New York Jets	0 	0.0 	35 	0.0 	1.0 	(1)	0.0 	0.0 	0.0 	0.0 	0.0 	3.9 	RB45		Tennessee Titans	Philadelphia Eagles	0 	0.0 	64 	0.0 	1.0 	1 	0.0 	0.0 	0.0 	0.0 	0.0 	7.0 	RB32		Tennessee Titans	New York Giants	0 	0.0 	74 	0.0 	4.0 	22 	0.0 	0.0 	0.0 	0.0 	0.0 	11.6 	RB16		Tennessee Titans	Baltimore Ravens	0 	0.0 	48 	1.0 	2.0 	2 	0.0 	0.0 	0.0 	0.0 	0.0 	12.0 	RB24		Tennessee Titans	Houston Texans	0 	0.0 	48 	0.3 	1.2 	6 	0.0 	0.0 	0.2 	0.0 	0.0 	7.5 	RB31		Tennessee Titans	Indianapolis Colts	0 	0.0 	54 	0.4 	1.2 	7 	0.0 	0.0 	0.2 	0.0 	0.0 	8.8 	RB25		Tennessee Titans	Cleveland Browns	0 	0.0 	65 	0.5 	1.2 	7 	0.0 	0.0 	0.2 	0.0 	0.0 	10.5 	RB21		Tennessee Titans	Cincinnati Bengals	0 	0.0 	56 	0.4 	1.3 	7 	0.0 	0.0 	0.2 	0.0 	0.0 	9.4 	RB23		Tennessee Titans	BYE	0 	0.0 	0 	0.0 	0.0 	0 	0.0 	0.0 	0.0 	0.0 	0.0 	0.0 	-		Tennessee Titans	Jacksonville Jaguars	0 	0.0 	62 	0.5 	1.2 	7 	0.0 	0.0 	0.2 	0.0 	0.0 	10.2 	RB21		Tennessee Titans	Dallas Cowboys	0 	0.0 	56 	0.4 	1.3 	7 	0.0 	0.0 	0.2 	0.0 	0.0 	9.3 	RB23		Tennessee Titans	Jacksonville Jaguars	0 	0.0 	55 	0.4 	1.2 	7 	0.0 	0.0 	0.2 	0.0 	0.0 	9.0 	RB30		Tennessee Titans	Washington Commanders	0 	0.0 	63 	0.5 	1.2 	7 	0.0 	0.0 	0.2 	0.0 	0.0 	10.4 	RB21		Tennessee Titans	Detroit Lions	0 	0.0 	52 	0.4 	1.3 	7 	0.0 	0.0 	0.2 	0.0 	0.0 	8.7 	RB28		Tennessee Titans	Indianapolis Colts	0 	0.0 	64 	0.5 	1.3 	7 	0.0 	0.0 	0.2 	0.0 	0.0 	10.6 	RB23		Tennessee Titans	Las Vegas Raiders	0 	0.0 	61 	0.5 	1.2 	7 	0.0 	0.0 	0.2 	0.0 	0.0 	9.9 	RB25		Tennessee Titans	Pittsburgh Steelers	0 	0.0 	61 	0.5 	1.2 	7 	0.0 	0.0 	0.2 	0.0 	0.0 	9.9 	RB25		Actual	Actual	Actual	Actual	Forecast	Forecast	Forecast	Forecast	Forecast	Forecast	Forecast	Forecast	Forecast	Forecast	Forecast	Forecast	Forecast		Healthy	Healthy	Healthy	Healthy	Healthy	Healthy	Healthy	Healthy	Healthy	Healthy	Healthy	Healthy	Healthy	Healthy	Healthy	Healthy	Healthy		Week 5 2026	10/6/2026	7:50:59 PM	19		3%	2%	56%	58%	0%	0%		0.1 	0	0	0	0	0	0.052864 
	DK Metcalf	Pittsburgh Steelers	WR	WR35	9.0 	144 	0 	0.0 	0.0 	0.0 	0 	0.0 	0.0 	0.0 	62.1 	3.9 	790 	49.4 	5.6 	0.4 	0.0 	0.1 	0.0 	0.390 	1.000 	0.670 	0 	0.131 	0.000 	79 	81 	2 	33 	33 	0 	0.412 				-	-	Adam Randall	0.010 	RB79	Rashid Shaheed	0.127 	WR78		-	-		6.0 	4.7 	10.6 	14.0 	9.4 	8.9 	9.2 	8.8 	0.0 	9.5 	8.8 	8.6 	8.8 	9.0 	9.3 	9.2 	9.1 		WR50	WR55	WR30	WR16	WR28	WR34	WR30	WR34	-	WR32	WR31	WR41	WR35	WR34	WR36	WR35	WR37		WR37	9.0 	0.0 	0.0 	0.0 	0.0 	3.8 	48.1 	0.4 	37 	0.422 	1.000 	0.630 	0 	0.164 	0.000 	88 	0.412 		108 		-	-	Adam Randall	0.017 	RB78	Rashid Shaheed	0.109 	WR82		-	-		WR34	8.8 	0.0 	0.0 	0.0 	0.0 	11.5 	144.2 	1.2 	34 	0.315 	1.000 	0.660 	0 	0.112 	0.000 	#N/A	0.389 		35.3 		-	-	Adam Randall	0 	RB73	Rashid Shaheed	21 	WR68		-	-					Pittsburgh Steelers	Atlanta Falcons	0 	0.0 	0 	0.0 	4.0 	40 	0.0 	0.0 	0.0 	0.0 	0.0 	6.0 	WR50		Pittsburgh Steelers	New England Patriots	0 	0.0 	0 	0.0 	4.0 	27 	0.0 	0.0 	0.0 	0.0 	0.0 	4.7 	WR55		Pittsburgh Steelers	Cincinnati Bengals	0 	0.0 	0 	0.0 	3.0 	31 	1.0 	0.0 	0.0 	0.0 	0.0 	10.6 	WR30		Pittsburgh Steelers	Cleveland Browns	0 	0.0 	0 	0.0 	5.0 	115 	0.0 	0.0 	0.0 	0.0 	0.0 	14.0 	WR16		Pittsburgh Steelers	Indianapolis Colts	0 	0.0 	0 	0.0 	3.9 	49 	0.4 	0.0 	0.0 	0.0 	0.0 	9.4 	WR28		Pittsburgh Steelers	Tampa Bay Buccaneers	0 	0.0 	0 	0.0 	3.8 	47 	0.4 	0.0 	0.0 	0.0 	0.0 	8.9 	WR34		Pittsburgh Steelers	New Orleans Saints	0 	0.0 	0 	0.0 	3.9 	48 	0.4 	0.0 	0.0 	0.0 	0.0 	9.2 	WR30		Pittsburgh Steelers	Cleveland Browns	0 	0.0 	0 	0.0 	3.7 	46 	0.4 	0.0 	0.0 	0.0 	0.0 	8.8 	WR34		Pittsburgh Steelers	BYE	0 	0.0 	0 	0.0 	0.0 	0 	0.0 	0.0 	0.0 	0.0 	0.0 	0.0 	-		Pittsburgh Steelers	Cincinnati Bengals	0 	0.0 	0 	0.0 	4.0 	50 	0.4 	0.0 	0.0 	0.0 	0.0 	9.5 	WR32		Pittsburgh Steelers	Philadelphia Eagles	0 	0.0 	0 	0.0 	3.9 	48 	0.4 	0.0 	0.0 	0.0 	0.0 	8.8 	WR31		Pittsburgh Steelers	Denver Broncos	0 	0.0 	0 	0.0 	3.7 	47 	0.3 	0.0 	0.0 	0.0 	0.0 	8.6 	WR41		Pittsburgh Steelers	Houston Texans	0 	0.0 	0 	0.0 	3.8 	47 	0.4 	0.0 	0.0 	0.0 	0.0 	8.8 	WR35		Pittsburgh Steelers	Jacksonville Jaguars	0 	0.0 	0 	0.0 	3.8 	48 	0.4 	0.0 	0.0 	0.0 	0.0 	9.0 	WR34		Pittsburgh Steelers	Baltimore Ravens	0 	0.0 	0 	0.0 	3.9 	49 	0.4 	0.0 	0.0 	0.0 	0.0 	9.3 	WR36		Pittsburgh Steelers	Carolina Panthers	0 	0.0 	0 	0.0 	3.9 	48 	0.4 	0.0 	0.0 	0.0 	0.0 	9.2 	WR35		Pittsburgh Steelers	Tennessee Titans	0 	0.0 	0 	0.0 	3.8 	48 	0.4 	0.0 	0.0 	0.0 	0.0 	9.1 	WR37		Actual	Actual	Actual	Actual	Forecast	Forecast	Forecast	Forecast	Forecast	Forecast	Forecast	Forecast	Forecast	Forecast	Forecast	Forecast	Forecast		Healthy	Healthy	Healthy	Healthy	Healthy	Healthy	Healthy	Healthy	Healthy	Healthy	Healthy	Healthy	Healthy	Healthy	Healthy	Healthy	Healthy		Week 5 2026	10/6/2026	7:50:59 PM	19		21%	24%	0%	0%	0%	0%		0.0 	0	0	0	0	0	0.022977 
	Terry McLaurin	Washington Commanders	WR	WR34	9.4 	141 	0 	0.0 	0.0 	0.0 	0 	0.0 	0.0 	0.0 	56.0 	3.7 	808 	53.9 	5.4 	0.4 	0.0 	0.2 	0.0 	0.383 	1.000 	0.650 	0 	0.163 	0.000 	78 	54 	(24)	35 	24 	(11)	0.415 				-	-	James Conner	0.003 	RB80	Dohnte Meyers	0.122 	WR79		-	-		2.4 	6.0 	16.7 	0.0 	9.0 	10.0 	0.0 	9.5 	10.0 	9.6 	10.2 	9.8 	9.6 	9.3 	9.8 	9.4 	9.7 		WR79	WR38	WR13	-	WR33	WR23	-	WR28	WR25	WR30	WR19	WR30	WR30	WR31	WR30	WR33	WR30		WR32	9.7 	0.0 	0.0 	0.0 	0.0 	3.8 	55.6 	0.4 	32 	0.452 	1.000 	0.680 	1 	0.217 	0.000 	69 	0.460 		116 		-	-	James Conner	0.010 	RB79	Dohnte Meyers	0.113 	WR81		-	-		WR58	8.4 	0.0 	0.0 	0.0 	0.0 	15.3 	222.3 	1.5 	58 	0.224 	1.000 	0.420 	(0)	0.000 	0.000 	#N/A	0.223 		25.1 		-	-	James Conner	0 	RB73	Dohnte Meyers	19 	WR70		-	-					Washington Commanders	Philadelphia Eagles	0 	0.0 	0 	0.0 	2.0 	14 	0.0 	0.0 	0.0 	0.0 	0.0 	2.4 	WR79		Washington Commanders	Dallas Cowboys	0 	0.0 	0 	0.0 	2.0 	50 	0.0 	0.0 	0.0 	0.0 	0.0 	6.0 	WR38		Washington Commanders	Seattle Seahawks	0 	0.0 	0 	0.0 	6.0 	77 	1.0 	0.0 	0.0 	0.0 	0.0 	16.7 	WR13		Washington Commanders	Indianapolis Colts	0 	0.0 	0 	0.0 	0.0 	0 	0.0 	0.0 	0.0 	0.0 	0.0 	0.0 	-		Washington Commanders	New York Giants	0 	0.0 	0 	0.0 	3.6 	52 	0.3 	0.0 	0.0 	0.0 	0.0 	9.0 	WR33		Washington Commanders	San Francisco 49ers	0 	0.0 	0 	0.0 	4.0 	58 	0.4 	0.0 	0.0 	0.0 	0.0 	10.0 	WR23		Washington Commanders	BYE	0 	0.0 	0 	0.0 	0.0 	0 	0.0 	0.0 	0.0 	0.0 	0.0 	0.0 	-		Washington Commanders	Philadelphia Eagles	0 	0.0 	0 	0.0 	3.8 	55 	0.4 	0.0 	0.0 	0.0 	0.0 	9.5 	WR28		Washington Commanders	Los Angeles Rams	0 	0.0 	0 	0.0 	4.0 	58 	0.4 	0.0 	0.0 	0.0 	0.0 	10.0 	WR25		Washington Commanders	New York Giants	0 	0.0 	0 	0.0 	3.8 	55 	0.4 	0.0 	0.0 	0.0 	0.0 	9.6 	WR30		Washington Commanders	Cincinnati Bengals	0 	0.0 	0 	0.0 	4.0 	58 	0.4 	0.0 	0.0 	0.0 	0.0 	10.2 	WR19		Washington Commanders	Arizona Cardinals	0 	0.0 	0 	0.0 	3.8 	55 	0.4 	0.0 	0.0 	0.0 	0.0 	9.8 	WR30		Washington Commanders	Tennessee Titans	0 	0.0 	0 	0.0 	3.8 	55 	0.4 	0.0 	0.0 	0.0 	0.0 	9.6 	WR30		Washington Commanders	Houston Texans	0 	0.0 	0 	0.0 	3.7 	54 	0.3 	0.0 	0.0 	0.0 	0.0 	9.3 	WR31		Washington Commanders	Atlanta Falcons	0 	0.0 	0 	0.0 	3.9 	56 	0.4 	0.0 	0.0 	0.0 	0.0 	9.8 	WR30		Washington Commanders	Minnesota Vikings	0 	0.0 	0 	0.0 	3.8 	55 	0.3 	0.0 	0.0 	0.0 	0.0 	9.4 	WR33		Washington Commanders	Jacksonville Jaguars	0 	0.0 	0 	0.0 	3.9 	56 	0.4 	0.0 	0.0 	0.0 	0.0 	9.7 	WR30		Actual	Actual	Actual	Actual	Forecast	Forecast	Forecast	Forecast	Forecast	Forecast	Forecast	Forecast	Forecast	Forecast	Forecast	Forecast	Forecast		Healthy	Healthy	Healthy	Injured	Limited / Handicapped	Healthy	Healthy	Healthy	Healthy	Healthy	Healthy	Healthy	Healthy	Healthy	Healthy	Healthy	Healthy		Week 5 2026	10/6/2026	7:50:59 PM	19		26%	25%	0%	0%	0%	0%		0.2 	0	0	1	0	0	
	Romeo Doubs	New England Patriots	WR	WR36	9.3 	140 	0 	0.0 	0.0 	0.0 	0 	0.0 	0.0 	0.0 	50.4 	3.4 	802 	53.4 	5.8 	0.4 	0.0 	0.1 	0.0 	0.380 	1.000 	0.640 	0 	0.157 	0.000 	81 	146 	65 	36 	55 	19 	0.408 				-	-	Malik Davis	0.000 	RB81	Ryan Flournoy	0.117 	WR80		-	-		0.0 	11.1 	6.4 	20.8 	9.8 	9.5 	8.3 	8.3 	8.3 	8.4 	0.0 	8.1 	8.5 	8.1 	8.0 	7.9 	8.1 		-	WR18	WR45	WR7	WR22	WR30	WR41	WR39	WR44	WR39	-	WR47	WR40	WR45	WR48	WR50	WR49		WR44	8.5 	0.0 	0.0 	0.0 	0.0 	3.2 	49.9 	0.3 	44 	0.396 	1.000 	0.560 	0 	0.116 	0.000 	106 	0.358 		102 		-	-	Malik Davis	0.002 	RB80	Ryan Flournoy	0.124 	WR79		-	-		WR27	12.8 	0.0 	0.0 	0.0 	0.0 	12.8 	199.5 	1.3 	27 	0.342 	1.000 	0.730 	1 	0.153 	0.000 	#N/A	0.441 		38.3 		-	-	Malik Davis	0 	RB73	Ryan Flournoy	17 	WR73		-	-					New England Patriots	Seattle Seahawks	0 	0.0 	0 	0.0 	0.0 	0 	0.0 	0.0 	0.0 	0.0 	0.0 	0.0 	-		New England Patriots	Pittsburgh Steelers	0 	0.0 	0 	0.0 	3.0 	96 	0.0 	0.0 	0.0 	0.0 	0.0 	11.1 	WR18		New England Patriots	Jacksonville Jaguars	0 	0.0 	0 	0.0 	3.0 	49 	0.0 	0.0 	0.0 	0.0 	0.0 	6.4 	WR45		New England Patriots	Buffalo Bills	0 	0.0 	0 	0.0 	6.0 	58 	2.0 	0.0 	0.0 	0.0 	0.0 	20.8 	WR7		New England Patriots	Las Vegas Raiders	0 	0.0 	0 	0.0 	3.8 	59 	0.4 	0.0 	0.0 	0.0 	0.0 	9.8 	WR22		New England Patriots	New York Jets	0 	0.0 	0 	0.0 	3.6 	57 	0.3 	0.0 	0.0 	0.0 	0.0 	9.5 	WR30		New England Patriots	Chicago Bears	0 	0.0 	0 	0.0 	3.1 	49 	0.3 	0.0 	0.0 	0.0 	0.0 	8.3 	WR41		New England Patriots	Miami Dolphins	0 	0.0 	0 	0.0 	3.1 	48 	0.3 	0.0 	0.0 	0.0 	0.0 	8.3 	WR39		New England Patriots	Green Bay Packers	0 	0.0 	0 	0.0 	3.1 	49 	0.3 	0.0 	0.0 	0.0 	0.0 	8.3 	WR44		New England Patriots	Detroit Lions	0 	0.0 	0 	0.0 	3.2 	50 	0.3 	0.0 	0.0 	0.0 	0.0 	8.4 	WR39		New England Patriots	BYE	0 	0.0 	0 	0.0 	0.0 	0 	0.0 	0.0 	0.0 	0.0 	0.0 	0.0 	-		New England Patriots	Los Angeles Chargers	0 	0.0 	0 	0.0 	3.1 	48 	0.3 	0.0 	0.0 	0.0 	0.0 	8.1 	WR47		New England Patriots	Buffalo Bills	0 	0.0 	0 	0.0 	3.2 	50 	0.3 	0.0 	0.0 	0.0 	0.0 	8.5 	WR40		New England Patriots	Minnesota Vikings	0 	0.0 	0 	0.0 	3.1 	48 	0.3 	0.0 	0.0 	0.0 	0.0 	8.1 	WR45		New England Patriots	Kansas City Chiefs	0 	0.0 	0 	0.0 	3.1 	48 	0.3 	0.0 	0.0 	0.0 	0.0 	8.0 	WR48		New England Patriots	New York Jets	0 	0.0 	0 	0.0 	3.0 	46 	0.3 	0.0 	0.0 	0.0 	0.0 	7.9 	WR50		New England Patriots	Denver Broncos	0 	0.0 	0 	0.0 	3.1 	48 	0.3 	0.0 	0.0 	0.0 	0.0 	8.1 	WR49		Actual	Actual	Actual	Actual	Forecast	Forecast	Forecast	Forecast	Forecast	Forecast	Forecast	Forecast	Forecast	Forecast	Forecast	Forecast	Forecast		Healthy	Healthy	Healthy	Healthy	Healthy	Healthy	Healthy	Healthy	Healthy	Healthy	Healthy	Healthy	Healthy	Healthy	Healthy	Healthy	Healthy		Week 5 2026	10/6/2026	7:50:59 PM	19		21%	20%	0%	0%	0%	0%		(0.1)	0	0	0	0	0	(0.083485)
	RJ Harvey	Denver Broncos	RB	RB29	9.5 	143 	0 	0.0 	0.0 	0.0 	275 	18.3 	1.7 	0.1 	73.3 	4.9 	537 	35.8 	2.7 	0.2 	0.0 	0.6 	0.0 	0.387 	1.000 	0.657 	0 	0.124 	0.000 	83 	84 	1 	29 	32 	3 	0.403 				-	-		-	-	Kayshon Boutte	0.108 	WR82		-	-		6.1 	0.0 	7.7 	14.3 	9.6 	9.1 	10.1 	9.5 	9.6 	0.0 	9.9 	9.1 	10.1 	9.5 	9.6 	9.6 	9.0 		RB38	-	RB31	RB20	RB25	RB24	RB23	RB22	RB26	-	RB22	RB29	RB23	RB26	RB27	RB28	RB29		RB27	9.5 	0.0 	0.0 	18.8 	0.1 	4.4 	33.8 	0.2 	26 	0.446 	1.000 	0.694 	0 	0.154 	0.000 	77 	0.441 		114 		-	-		-	-	Kayshon Boutte	0.119 	WR80		-	-		RB32	9.4 	0.0 	0.0 	75.2 	0.6 	17.8 	135.1 	0.9 	32 	0.251 	1.000 	0.619 	(0)	0.000 	0.000 	#N/A	0.316 		28.1 		-	-		-	-	Kayshon Boutte	16 	WR77		-	-					Denver Broncos	Kansas City Chiefs	0 	0.0 	18 	0.0 	4.0 	23 	0.0 	0.0 	0.0 	0.0 	0.0 	6.1 	RB38		Denver Broncos	Jacksonville Jaguars	0 	0.0 	0 	0.0 	0.0 	0 	0.0 	0.0 	0.0 	0.0 	0.0 	0.0 	-		Denver Broncos	Los Angeles Rams	0 	0.0 	6 	0.0 	6.0 	41 	0.0 	0.0 	0.0 	0.0 	0.0 	7.7 	RB31		Denver Broncos	San Francisco 49ers	0 	0.0 	25 	0.0 	10.0 	68 	0.0 	0.0 	0.0 	0.0 	0.0 	14.3 	RB20		Denver Broncos	Los Angeles Chargers	0 	0.0 	18 	0.1 	4.5 	34 	0.2 	0.0 	0.1 	0.0 	0.0 	9.6 	RB25		Denver Broncos	Seattle Seahawks	0 	0.0 	17 	0.1 	4.4 	34 	0.2 	0.0 	0.1 	0.0 	0.0 	9.1 	RB24		Denver Broncos	Arizona Cardinals	0 	0.0 	21 	0.2 	4.5 	34 	0.2 	0.0 	0.1 	0.0 	0.0 	10.1 	RB23		Denver Broncos	Kansas City Chiefs	0 	0.0 	18 	0.1 	4.5 	34 	0.2 	0.0 	0.1 	0.0 	0.0 	9.5 	RB22		Denver Broncos	Carolina Panthers	0 	0.0 	18 	0.1 	4.5 	34 	0.2 	0.0 	0.1 	0.0 	0.0 	9.6 	RB26		Denver Broncos	BYE	0 	0.0 	0 	0.0 	0.0 	0 	0.0 	0.0 	0.0 	0.0 	0.0 	0.0 	-		Denver Broncos	Las Vegas Raiders	0 	0.0 	21 	0.2 	4.4 	34 	0.2 	0.0 	0.1 	0.0 	0.0 	9.9 	RB22		Denver Broncos	Pittsburgh Steelers	0 	0.0 	18 	0.1 	4.3 	33 	0.2 	0.0 	0.1 	0.0 	0.0 	9.1 	RB29		Denver Broncos	Miami Dolphins	0 	0.0 	22 	0.2 	4.4 	34 	0.2 	0.0 	0.1 	0.0 	0.0 	10.1 	RB23		Denver Broncos	New York Jets	0 	0.0 	19 	0.1 	4.4 	33 	0.2 	0.0 	0.1 	0.0 	0.0 	9.5 	RB26		Denver Broncos	Las Vegas Raiders	0 	0.0 	19 	0.1 	4.4 	34 	0.2 	0.0 	0.1 	0.0 	0.0 	9.6 	RB27		Denver Broncos	Buffalo Bills	0 	0.0 	17 	0.1 	4.6 	35 	0.2 	0.0 	0.1 	0.0 	0.0 	9.6 	RB28		Denver Broncos	New England Patriots	0 	0.0 	17 	0.1 	4.4 	33 	0.2 	0.0 	0.1 	0.0 	0.0 	9.0 	RB29		Actual	Actual	Actual	Actual	Forecast	Forecast	Forecast	Forecast	Forecast	Forecast	Forecast	Forecast	Forecast	Forecast	Forecast	Forecast	Forecast		Healthy	Healthy	Injured	Healthy	Healthy	Healthy	Healthy	Healthy	Healthy	Healthy	Healthy	Healthy	Healthy	Healthy	Healthy	Healthy	Healthy		Week 5 2026	10/6/2026	7:50:59 PM	19		15%	15%	16%	15%	0%	0%		0.1 	0	1	0	0	0	
	Dalton Kincaid	Buffalo Bills	TE	TE10	9.0 	144 	0 	0.0 	0.0 	0.0 	0 	0.0 	0.0 	0.0 	57.4 	3.6 	906 	56.6 	4.6 	0.3 	0.0 	1.2 	0.0 	0.392 	0.560 	0.484 	1 	0.336 	0.000 	82 	99 	17 	10 	11 	1 	0.404 				-	-		-	-	Kendrick Bourne	0.101 	WR83		-	-		15.5 	19.0 	2.8 	1.2 	9.1 	9.0 	0.0 	9.1 	8.8 	8.5 	8.8 	9.0 	8.6 	8.7 	9.1 	8.5 	8.7 		TE5	TE3	TE25	TE34	TE8	TE8	-	TE7	TE8	TE11	TE8	TE10	TE8	TE10	TE8	TE11	TE11		TE11	8.8 	0.0 	0.0 	0.0 	0.0 	3.5 	53.0 	0.3 	11 	0.413 	0.560 	0.476 	1 	0.367 	0.000 	86 	0.418 		106 		-	-		-	-	Kendrick Bourne	0.097 	WR84		-	-		TE10	9.6 	0.0 	0.0 	0.0 	0.0 	10.6 	158.9 	0.9 	10 	0.344 	0.560 	0.484 	1 	0.444 	0.000 	#N/A	0.445 		38.5 		-	-		-	-	Kendrick Bourne	17 	WR75		-	-					Buffalo Bills	Houston Texans	0 	0.0 	0 	0.0 	5.0 	130 	0.0 	0.0 	0.0 	0.0 	0.0 	15.5 	TE5		Buffalo Bills	Detroit Lions	0 	0.0 	0 	0.0 	7.0 	95 	1.0 	0.0 	0.0 	0.0 	0.0 	19.0 	TE3		Buffalo Bills	Los Angeles Chargers	0 	0.0 	0 	0.0 	2.0 	38 	0.0 	0.0 	1.0 	0.0 	0.0 	2.8 	TE25		Buffalo Bills	New England Patriots	0 	0.0 	0 	0.0 	1.0 	7 	0.0 	0.0 	0.0 	0.0 	0.0 	1.2 	TE34		Buffalo Bills	Los Angeles Rams	0 	0.0 	0 	0.0 	3.6 	54 	0.3 	0.0 	0.0 	0.0 	0.0 	9.1 	TE8		Buffalo Bills	Las Vegas Raiders	0 	0.0 	0 	0.0 	3.6 	54 	0.3 	0.0 	0.0 	0.0 	0.0 	9.0 	TE8		Buffalo Bills	BYE	0 	0.0 	0 	0.0 	0.0 	0 	0.0 	0.0 	0.0 	0.0 	0.0 	0.0 	-		Buffalo Bills	Baltimore Ravens	0 	0.0 	0 	0.0 	3.6 	54 	0.3 	0.0 	0.0 	0.0 	0.0 	9.1 	TE7		Buffalo Bills	Minnesota Vikings	0 	0.0 	0 	0.0 	3.5 	53 	0.3 	0.0 	0.0 	0.0 	0.0 	8.8 	TE8		Buffalo Bills	New York Jets	0 	0.0 	0 	0.0 	3.4 	51 	0.3 	0.0 	0.0 	0.0 	0.0 	8.5 	TE11		Buffalo Bills	Miami Dolphins	0 	0.0 	0 	0.0 	3.5 	52 	0.3 	0.0 	0.0 	0.0 	0.0 	8.8 	TE8		Buffalo Bills	Kansas City Chiefs	0 	0.0 	0 	0.0 	3.6 	54 	0.3 	0.0 	0.0 	0.0 	0.0 	9.0 	TE10		Buffalo Bills	New England Patriots	0 	0.0 	0 	0.0 	3.5 	52 	0.3 	0.0 	0.0 	0.0 	0.0 	8.6 	TE8		Buffalo Bills	Green Bay Packers	0 	0.0 	0 	0.0 	3.5 	53 	0.3 	0.0 	0.0 	0.0 	0.0 	8.7 	TE10		Buffalo Bills	Chicago Bears	0 	0.0 	0 	0.0 	3.6 	55 	0.3 	0.0 	0.0 	0.0 	0.0 	9.1 	TE8		Buffalo Bills	Denver Broncos	0 	0.0 	0 	0.0 	3.4 	52 	0.3 	0.0 	0.0 	0.0 	0.0 	8.5 	TE11		Buffalo Bills	Miami Dolphins	0 	0.0 	0 	0.0 	3.5 	52 	0.3 	0.0 	0.0 	0.0 	0.0 	8.7 	TE11		Actual	Actual	Actual	Actual	Forecast	Forecast	Forecast	Forecast	Forecast	Forecast	Forecast	Forecast	Forecast	Forecast	Forecast	Forecast	Forecast		Healthy	Healthy	Healthy	Healthy	Healthy	Healthy	Healthy	Healthy	Healthy	Healthy	Healthy	Healthy	Healthy	Healthy	Healthy	Healthy	Healthy		Week 5 2026	10/6/2026	7:50:59 PM	19		24%	22%	0%	0%	0%	0%		(0.0)	0	0	0	0	0	(0.027652)
	Josh Downs	Indianapolis Colts	WR	WR37	8.8 	141 	0 	0.0 	0.0 	0.0 	0 	0.0 	0.0 	0.0 	70.1 	4.4 	856 	53.5 	3.4 	0.2 	0.0 	0.2 	0.0 	0.383 	1.000 	0.660 	0 	0.118 	0.000 	85 	111 	26 	34 	44 	10 	0.402 				-	-		-	-	Isaac TeSlaa	0.096 	WR84		-	-		4.7 	10.7 	10.2 	3.1 	8.9 	9.1 	9.1 	9.5 	9.9 	9.4 	9.2 	9.5 	0.0 	9.3 	9.4 	9.9 	9.1 		WR56	WR20	WR32	WR65	WR35	WR31	WR32	WR29	WR30	WR33	WR26	WR33	-	WR32	WR33	WR27	WR36		WR34	9.4 	0.0 	0.0 	0.0 	0.0 	4.4 	54.5 	0.3 	34 	0.438 	1.000 	0.660 	1 	0.192 	0.000 	78 	0.439 		112 		-	-		-	-	Isaac TeSlaa	0.089 	WR85		-	-		WR48	7.2 	0.0 	0.0 	0.0 	0.0 	13.3 	163.4 	0.9 	48 	0.256 	1.000 	0.520 	0 	0.023 	0.000 	#N/A	0.282 		28.7 		-	-		-	-	Isaac TeSlaa	23 	WR59		-	-					Indianapolis Colts	Baltimore Ravens	0 	0.0 	0 	0.0 	2.0 	37 	0.0 	0.0 	0.0 	0.0 	0.0 	4.7 	WR56		Indianapolis Colts	Kansas City Chiefs	0 	0.0 	0 	0.0 	7.0 	72 	0.0 	0.0 	0.0 	0.0 	0.0 	10.7 	WR20		Indianapolis Colts	Houston Texans	0 	0.0 	0 	0.0 	5.0 	77 	0.0 	0.0 	0.0 	0.0 	0.0 	10.2 	WR32		Indianapolis Colts	Washington Commanders	0 	0.0 	0 	0.0 	3.0 	16 	0.0 	0.0 	0.0 	0.0 	0.0 	3.1 	WR65		Indianapolis Colts	Pittsburgh Steelers	0 	0.0 	0 	0.0 	4.3 	53 	0.3 	0.0 	0.0 	0.0 	0.0 	8.9 	WR35		Indianapolis Colts	Tennessee Titans	0 	0.0 	0 	0.0 	4.3 	53 	0.3 	0.0 	0.0 	0.0 	0.0 	9.1 	WR31		Indianapolis Colts	Minnesota Vikings	0 	0.0 	0 	0.0 	4.4 	54 	0.3 	0.0 	0.0 	0.0 	0.0 	9.1 	WR32		Indianapolis Colts	Jacksonville Jaguars	0 	0.0 	0 	0.0 	4.5 	55 	0.3 	0.0 	0.0 	0.0 	0.0 	9.5 	WR29		Indianapolis Colts	Dallas Cowboys	0 	0.0 	0 	0.0 	4.6 	57 	0.3 	0.0 	0.0 	0.0 	0.0 	9.9 	WR30		Indianapolis Colts	Miami Dolphins	0 	0.0 	0 	0.0 	4.4 	54 	0.3 	0.0 	0.0 	0.0 	0.0 	9.4 	WR33		Indianapolis Colts	Houston Texans	0 	0.0 	0 	0.0 	4.4 	54 	0.3 	0.0 	0.0 	0.0 	0.0 	9.2 	WR26		Indianapolis Colts	New York Giants	0 	0.0 	0 	0.0 	4.5 	55 	0.3 	0.0 	0.0 	0.0 	0.0 	9.5 	WR33		Indianapolis Colts	BYE	0 	0.0 	0 	0.0 	0.0 	0 	0.0 	0.0 	0.0 	0.0 	0.0 	0.0 	-		Indianapolis Colts	Philadelphia Eagles	0 	0.0 	0 	0.0 	4.4 	55 	0.3 	0.0 	0.0 	0.0 	0.0 	9.3 	WR32		Indianapolis Colts	Tennessee Titans	0 	0.0 	0 	0.0 	4.4 	55 	0.3 	0.0 	0.0 	0.0 	0.0 	9.4 	WR33		Indianapolis Colts	Cincinnati Bengals	0 	0.0 	0 	0.0 	4.6 	57 	0.3 	0.0 	0.0 	0.0 	0.0 	9.9 	WR27		Indianapolis Colts	Cleveland Browns	0 	0.0 	0 	0.0 	4.3 	53 	0.3 	0.0 	0.0 	0.0 	0.0 	9.1 	WR36		Actual	Actual	Actual	Actual	Forecast	Forecast	Forecast	Forecast	Forecast	Forecast	Forecast	Forecast	Forecast	Forecast	Forecast	Forecast	Forecast		Healthy	Healthy	Healthy	Healthy	Healthy	Healthy	Healthy	Healthy	Healthy	Healthy	Healthy	Healthy	Healthy	Healthy	Healthy	Healthy	Healthy		Week 5 2026	10/6/2026	7:50:59 PM	19		24%	23%	0%	0%	0%	0%		0.2 	0	0	0	0	0	0.157788 
	Patrick Mahomes II	Kansas City Chiefs	QB	QB9	17.0 	272 	3,534 	220.9 	27.0 	1.7 	258 	16.1 	3.1 	0.2 	0.0 	0.0 	0 	0.0 	0.0 	0.0 	9.7 	0.9 	0.0 	0.739 	0.460 	0.385 	1 	0.423 	0.000 	84 	114 	30 	9 	15 	6 	0.403 				-	-		-	-	Darnell Mooney	0.092 	WR85		-	-		21.7 	29.0 	15.9 	17.0 	0.0 	16.4 	14.8 	14.7 	15.7 	16.0 	16.8 	16.1 	15.1 	15.8 	15.8 	16.2 	15.1 		QB9	QB4	QB20	QB13	-	QB10	QB22	QB22	QB20	QB12	QB10	QB16	QB22	QB20	QB18	QB15	QB20		QB16	15.7 	208.1 	1.5 	18.1 	0.2 	0.0 	0.0 	0.0 	15 	0.736 	0.460 	0.317 	1 	0.427 	0.000 	101 	0.368 		189 		-	-		-	-	Darnell Mooney	0.103 	WR83		-	-		QB6	20.9 	624.2 	4.5 	54.2 	0.5 	0.0 	0.0 	0.0 	6 	0.747 	0.460 	0.415 	1 	0.559 	0.000 	#N/A	0.483 		83.6 		-	-		-	-	Darnell Mooney	13 	WR80		-	-					Kansas City Chiefs	Denver Broncos	184 	2.0 	23 	1.0 	0.0 	0 	0.0 	1.0 	0.0 	0.0 	0.0 	21.7 	QB9		Kansas City Chiefs	Indianapolis Colts	382 	3.0 	17 	0.0 	0.0 	0 	0.0 	0.0 	0.0 	0.0 	0.0 	29.0 	QB4		Kansas City Chiefs	Miami Dolphins	246 	2.0 	1 	0.0 	0.0 	0 	0.0 	1.0 	0.0 	0.0 	0.0 	15.9 	QB20		Kansas City Chiefs	Las Vegas Raiders	225 	2.0 	0 	0.0 	0.0 	0 	0.0 	0.0 	0.0 	0.0 	0.0 	17.0 	QB13		Kansas City Chiefs	BYE	0 	0.0 	0 	0.0 	0.0 	0 	0.0 	0.0 	0.0 	0.0 	0.0 	0.0 	-		Kansas City Chiefs	Los Angeles Chargers	207 	1.6 	20 	0.2 	0.0 	0 	0.0 	0.6 	0.1 	0.0 	0.0 	16.4 	QB10		Kansas City Chiefs	Seattle Seahawks	205 	1.4 	17 	0.1 	0.0 	0 	0.0 	0.6 	0.1 	0.0 	0.0 	14.8 	QB22		Kansas City Chiefs	Denver Broncos	204 	1.4 	16 	0.1 	0.0 	0 	0.0 	0.6 	0.1 	0.0 	0.0 	14.7 	QB22		Kansas City Chiefs	New York Jets	199 	1.5 	20 	0.2 	0.0 	0 	0.0 	0.6 	0.1 	0.0 	0.0 	15.7 	QB20		Kansas City Chiefs	Atlanta Falcons	208 	1.5 	19 	0.2 	0.0 	0 	0.0 	0.6 	0.1 	0.0 	0.0 	16.0 	QB12		Kansas City Chiefs	Arizona Cardinals	206 	1.6 	21 	0.2 	0.0 	0 	0.0 	0.6 	0.1 	0.0 	0.0 	16.8 	QB10		Kansas City Chiefs	Buffalo Bills	215 	1.6 	17 	0.2 	0.0 	0 	0.0 	0.6 	0.1 	0.0 	0.0 	16.1 	QB16		Kansas City Chiefs	Los Angeles Rams	211 	1.4 	16 	0.1 	0.0 	0 	0.0 	0.6 	0.1 	0.0 	0.0 	15.1 	QB22		Kansas City Chiefs	Cincinnati Bengals	213 	1.5 	17 	0.2 	0.0 	0 	0.0 	0.6 	0.1 	0.0 	0.0 	15.8 	QB20		Kansas City Chiefs	New England Patriots	209 	1.5 	18 	0.2 	0.0 	0 	0.0 	0.6 	0.1 	0.0 	0.0 	15.8 	QB18		Kansas City Chiefs	San Francisco 49ers	212 	1.6 	18 	0.2 	0.0 	0 	0.0 	0.6 	0.1 	0.0 	0.0 	16.2 	QB15		Kansas City Chiefs	Los Angeles Chargers	208 	1.4 	17 	0.2 	0.0 	0 	0.0 	0.6 	0.1 	0.0 	0.0 	15.1 	QB20		Actual	Actual	Actual	Actual	Forecast	Forecast	Forecast	Forecast	Forecast	Forecast	Forecast	Forecast	Forecast	Forecast	Forecast	Forecast	Forecast		Healthy	Healthy	Healthy	Healthy	Healthy	Healthy	Healthy	Healthy	Healthy	Healthy	Healthy	Healthy	Healthy	Healthy	Healthy	Healthy	Healthy		Week 5 2026	10/6/2026	7:50:59 PM	19		0%	0%	13%	17%	99%	99%		(0.1)	0	0	0	0	0	(0.114590)
	Jalen Hurts	Philadelphia Eagles	QB	QB10	16.9 	270 	3,233 	202.0 	25.2 	1.6 	394 	24.6 	3.9 	0.2 	0.0 	0.0 	0 	0.0 	0.0 	0.0 	10.7 	0.9 	0.0 	0.732 	0.460 	0.374 	1 	0.408 	0.000 	86 	62 	(24)	10 	5 	(5)	0.390 				-	-		-	-	Germie Bernard	0.077 	WR87		-	-		24.7 	16.2 	12.6 	13.5 	14.6 	16.8 	18.1 	17.3 	17.5 	0.0 	17.1 	17.5 	17.6 	18.0 	16.5 	15.3 	16.4 		QB7	QB15	QB24	QB17	QB21	QB7	QB3	QB7	QB7	-	QB8	QB5	QB5	QB4	QB11	QB21	QB11		QB8	16.9 	210.0 	1.5 	24.1 	0.2 	0.0 	0.0 	0.0 	8 	0.790 	0.460 	0.395 	1 	0.545 	0.000 	68 	0.466 		203 		-	-		-	-	Germie Bernard	0.084 	WR86		-	-		QB12	16.8 	629.9 	4.6 	72.3 	0.7 	0.0 	0.0 	0.0 	12 	0.599 	0.460 	0.352 	1 	0.302 	0.000 	#N/A	0.329 		67.0 		-	-		-	-	Germie Bernard	10 	WR88		-	-					Philadelphia Eagles	Washington Commanders	203 	3.0 	46 	0.0 	0.0 	0 	0.0 	0.0 	0.0 	0.0 	0.0 	24.7 	QB7		Philadelphia Eagles	Tennessee Titans	264 	2.0 	16 	0.0 	0.0 	0 	0.0 	2.0 	0.0 	0.0 	0.0 	16.2 	QB15		Philadelphia Eagles	Chicago Bears	153 	0.0 	25 	1.0 	0.0 	0 	0.0 	1.0 	0.0 	0.0 	0.0 	12.6 	QB24		Philadelphia Eagles	Los Angeles Rams	93 	2.0 	18 	0.0 	0.0 	0 	0.0 	0.0 	0.0 	0.0 	0.0 	13.5 	QB17		Philadelphia Eagles	Jacksonville Jaguars	205 	1.2 	19 	0.2 	0.0 	0 	0.0 	0.6 	0.1 	0.0 	0.0 	14.6 	QB21		Philadelphia Eagles	Carolina Panthers	209 	1.5 	24 	0.2 	0.0 	0 	0.0 	0.6 	0.1 	0.0 	0.0 	16.8 	QB7		Philadelphia Eagles	Dallas Cowboys	219 	1.7 	25 	0.3 	0.0 	0 	0.0 	0.6 	0.1 	0.0 	0.0 	18.1 	QB3		Philadelphia Eagles	Washington Commanders	213 	1.6 	24 	0.2 	0.0 	0 	0.0 	0.6 	0.1 	0.0 	0.0 	17.3 	QB7		Philadelphia Eagles	New York Giants	211 	1.6 	26 	0.3 	0.0 	0 	0.0 	0.6 	0.1 	0.0 	0.0 	17.5 	QB7		Philadelphia Eagles	BYE	0 	0.0 	0 	0.0 	0.0 	0 	0.0 	0.0 	0.0 	0.0 	0.0 	0.0 	-		Philadelphia Eagles	Pittsburgh Steelers	208 	1.5 	25 	0.3 	0.0 	0 	0.0 	0.6 	0.1 	0.0 	0.0 	17.1 	QB8		Philadelphia Eagles	Dallas Cowboys	218 	1.6 	23 	0.2 	0.0 	0 	0.0 	0.6 	0.1 	0.0 	0.0 	17.5 	QB5		Philadelphia Eagles	Arizona Cardinals	204 	1.6 	28 	0.3 	0.0 	0 	0.0 	0.6 	0.1 	0.0 	0.0 	17.6 	QB5		Philadelphia Eagles	Indianapolis Colts	214 	1.7 	26 	0.3 	0.0 	0 	0.0 	0.6 	0.1 	0.0 	0.0 	18.0 	QB4		Philadelphia Eagles	Seattle Seahawks	208 	1.5 	24 	0.2 	0.0 	0 	0.0 	0.6 	0.1 	0.0 	0.0 	16.5 	QB11		Philadelphia Eagles	Houston Texans	199 	1.3 	23 	0.2 	0.0 	0 	0.0 	0.6 	0.1 	0.0 	0.0 	15.3 	QB21		Philadelphia Eagles	San Francisco 49ers	211 	1.5 	23 	0.2 	0.0 	0 	0.0 	0.6 	0.1 	0.0 	0.0 	16.4 	QB11		Actual	Actual	Actual	Actual	Forecast	Forecast	Forecast	Forecast	Forecast	Forecast	Forecast	Forecast	Forecast	Forecast	Forecast	Forecast	Forecast		Healthy	Healthy	Healthy	Healthy	Healthy	Healthy	Healthy	Healthy	Healthy	Healthy	Healthy	Healthy	Healthy	Healthy	Healthy	Healthy	Healthy		Week 5 2026	10/6/2026	7:50:59 PM	19		0%	0%	18%	26%	99%	99%		0.1 	0	0	0	0	0	0.137059 
	Malik Washington	Miami Dolphins	WR	WR38	8.7 	140 	0 	0.0 	0.0 	0.0 	12 	0.8 	0.0 	0.0 	67.5 	4.2 	875 	54.7 	3.3 	0.2 	0.0 	1.2 	0.0 	0.379 	1.000 	0.630 	0 	0.112 	0.000 	87 	213 	126 	37 	69 	32 	0.385 				-	-		-	-	Tory Horton	0.072 	WR88		-	-		4.8 	6.7 	8.6 	9.5 	8.9 	0.0 	8.8 	9.2 	9.5 	9.5 	9.1 	8.9 	8.8 	9.5 	9.0 	9.2 	9.6 		WR55	WR36	WR39	WR34	WR36	-	WR34	WR30	WR33	WR31	WR27	WR37	WR36	WR29	WR37	WR34	WR32		WR35	9.2 	0.0 	0.0 	0.0 	0.0 	4.2 	54.7 	0.3 	35 	0.429 	1.000 	0.650 	0 	0.176 	0.000 	82 	0.427 		110 		-	-		-	-	Tory Horton	0.076 	WR87		-	-		WR46	7.4 	0.0 	0.0 	0.0 	0.0 	12.6 	164.0 	0.8 	46 	0.264 	1.000 	0.540 	0 	0.035 	0.000 	#N/A	0.297 		29.6 		-	-		-	-	Tory Horton	13 	WR80		-	-					Miami Dolphins	Las Vegas Raiders	0 	0.0 	0 	0.0 	3.0 	53 	0.0 	0.0 	1.0 	0.0 	0.0 	4.8 	WR55		Miami Dolphins	San Francisco 49ers	0 	0.0 	4 	0.0 	4.0 	43 	0.0 	0.0 	0.0 	0.0 	0.0 	6.7 	WR36		Miami Dolphins	Kansas City Chiefs	0 	0.0 	5 	0.0 	5.0 	56 	0.0 	0.0 	0.0 	0.0 	0.0 	8.6 	WR39		Miami Dolphins	Minnesota Vikings	0 	0.0 	3 	0.0 	5.0 	67 	0.0 	0.0 	0.0 	0.0 	0.0 	9.5 	WR34		Miami Dolphins	Cincinnati Bengals	0 	0.0 	0 	0.0 	4.1 	53 	0.3 	0.0 	0.0 	0.0 	0.0 	8.9 	WR36		Miami Dolphins	BYE	0 	0.0 	0 	0.0 	0.0 	0 	0.0 	0.0 	0.0 	0.0 	0.0 	0.0 	-		Miami Dolphins	New York Jets	0 	0.0 	0 	0.0 	4.1 	53 	0.3 	0.0 	0.0 	0.0 	0.0 	8.8 	WR34		Miami Dolphins	New England Patriots	0 	0.0 	0 	0.0 	4.2 	55 	0.3 	0.0 	0.0 	0.0 	0.0 	9.2 	WR30		Miami Dolphins	Detroit Lions	0 	0.0 	0 	0.0 	4.3 	56 	0.3 	0.0 	0.0 	0.0 	0.0 	9.5 	WR33		Miami Dolphins	Indianapolis Colts	0 	0.0 	0 	0.0 	4.3 	56 	0.3 	0.0 	0.0 	0.0 	0.0 	9.5 	WR31		Miami Dolphins	Buffalo Bills	0 	0.0 	0 	0.0 	4.2 	55 	0.3 	0.0 	0.0 	0.0 	0.0 	9.1 	WR27		Miami Dolphins	New York Jets	0 	0.0 	0 	0.0 	4.1 	53 	0.3 	0.0 	0.0 	0.0 	0.0 	8.9 	WR37		Miami Dolphins	Denver Broncos	0 	0.0 	0 	0.0 	4.1 	53 	0.2 	0.0 	0.0 	0.0 	0.0 	8.8 	WR36		Miami Dolphins	Chicago Bears	0 	0.0 	0 	0.0 	4.3 	56 	0.3 	0.0 	0.0 	0.0 	0.0 	9.5 	WR29		Miami Dolphins	Green Bay Packers	0 	0.0 	0 	0.0 	4.2 	54 	0.3 	0.0 	0.0 	0.0 	0.0 	9.0 	WR37		Miami Dolphins	Los Angeles Chargers	0 	0.0 	0 	0.0 	4.2 	55 	0.3 	0.0 	0.0 	0.0 	0.0 	9.2 	WR34		Miami Dolphins	Buffalo Bills	0 	0.0 	0 	0.0 	4.4 	57 	0.3 	0.0 	0.0 	0.0 	0.0 	9.6 	WR32		Actual	Actual	Actual	Actual	Forecast	Forecast	Forecast	Forecast	Forecast	Forecast	Forecast	Forecast	Forecast	Forecast	Forecast	Forecast	Forecast		Healthy	Healthy	Healthy	Healthy	Healthy	Healthy	Healthy	Healthy	Healthy	Healthy	Healthy	Healthy	Healthy	Healthy	Healthy	Healthy	Healthy		Week 5 2026	10/6/2026	7:50:59 PM	19		25%	22%	0%	0%	0%	0%		0.1 	0	0	0	0	0	0.130489 
	Jameson Williams	Detroit Lions	WR	WR39	8.7 	139 	0 	0.0 	0.0 	0.0 	13 	0.8 	0.1 	0.0 	58.8 	3.7 	866 	54.2 	3.6 	0.2 	0.0 	0.1 	0.0 	0.378 	1.000 	0.620 	0 	0.110 	0.000 	88 	59 	(29)	38 	26 	(12)	0.380 				-	-		-	-	Jahan Dotson	0.083 	WR86		-	-		6.5 	4.3 	6.9 	13.2 	9.5 	0.0 	9.1 	8.9 	8.9 	8.9 	9.1 	9.3 	9.1 	9.0 	8.7 	9.1 	8.9 		WR43	WR58	WR44	WR17	WR27	-	WR31	WR32	WR36	WR35	WR28	WR35	WR33	WR35	WR40	WR38	WR38		WR38	9.0 	0.0 	0.0 	1.1 	0.0 	3.6 	53.1 	0.3 	38 	0.422 	1.000 	0.620 	0 	0.163 	0.000 	91 	0.408 		108 		-	-		-	-	Jahan Dotson	0.067 	WR89		-	-		WR42	7.7 	0.0 	0.0 	3.3 	0.0 	10.7 	159.4 	0.9 	42 	0.276 	1.000 	0.580 	0 	0.053 	0.000 	#N/A	0.323 		30.9 		-	-		-	-	Jahan Dotson	19 	WR71		-	-					Detroit Lions	New Orleans Saints	0 	0.0 	0 	0.0 	4.0 	45 	0.0 	0.0 	0.0 	0.0 	0.0 	6.5 	WR43		Detroit Lions	Buffalo Bills	0 	0.0 	0 	0.0 	2.0 	33 	0.0 	0.0 	0.0 	0.0 	0.0 	4.3 	WR58		Detroit Lions	New York Jets	0 	0.0 	0 	0.0 	4.0 	49 	0.0 	0.0 	0.0 	0.0 	0.0 	6.9 	WR44		Detroit Lions	Carolina Panthers	0 	0.0 	0 	0.0 	6.0 	102 	0.0 	0.0 	0.0 	0.0 	0.0 	13.2 	WR17		Detroit Lions	Arizona Cardinals	0 	0.0 	1 	0.0 	3.7 	55 	0.3 	0.0 	0.0 	0.0 	0.0 	9.5 	WR27		Detroit Lions	BYE	0 	0.0 	0 	0.0 	0.0 	0 	0.0 	0.0 	0.0 	0.0 	0.0 	0.0 	-		Detroit Lions	Green Bay Packers	0 	0.0 	1 	0.0 	3.6 	54 	0.3 	0.0 	0.0 	0.0 	0.0 	9.1 	WR31		Detroit Lions	Minnesota Vikings	0 	0.0 	1 	0.0 	3.5 	52 	0.3 	0.0 	0.0 	0.0 	0.0 	8.9 	WR32		Detroit Lions	Miami Dolphins	0 	0.0 	1 	0.0 	3.5 	52 	0.3 	0.0 	0.0 	0.0 	0.0 	8.9 	WR36		Detroit Lions	New England Patriots	0 	0.0 	1 	0.0 	3.5 	53 	0.3 	0.0 	0.0 	0.0 	0.0 	8.9 	WR35		Detroit Lions	Tampa Bay Buccaneers	0 	0.0 	1 	0.0 	3.6 	53 	0.3 	0.0 	0.0 	0.0 	0.0 	9.1 	WR28		Detroit Lions	Chicago Bears	0 	0.0 	1 	0.0 	3.7 	55 	0.3 	0.0 	0.0 	0.0 	0.0 	9.3 	WR35		Detroit Lions	Atlanta Falcons	0 	0.0 	1 	0.0 	3.6 	53 	0.3 	0.0 	0.0 	0.0 	0.0 	9.1 	WR33		Detroit Lions	Tennessee Titans	0 	0.0 	1 	0.0 	3.5 	52 	0.3 	0.0 	0.0 	0.0 	0.0 	9.0 	WR35		Detroit Lions	Minnesota Vikings	0 	0.0 	1 	0.0 	3.5 	52 	0.3 	0.0 	0.0 	0.0 	0.0 	8.7 	WR40		Detroit Lions	New York Giants	0 	0.0 	1 	0.0 	3.6 	53 	0.3 	0.0 	0.0 	0.0 	0.0 	9.1 	WR38		Detroit Lions	Chicago Bears	0 	0.0 	1 	0.0 	3.5 	53 	0.3 	0.0 	0.0 	0.0 	0.0 	8.9 	WR38		Actual	Actual	Actual	Actual	Forecast	Forecast	Forecast	Forecast	Forecast	Forecast	Forecast	Forecast	Forecast	Forecast	Forecast	Forecast	Forecast		Healthy	Healthy	Healthy	Healthy	Healthy	Healthy	Healthy	Healthy	Healthy	Healthy	Healthy	Healthy	Healthy	Healthy	Healthy	Healthy	Healthy		Week 5 2026	10/6/2026	7:50:59 PM	19		21%	16%	1%	1%	0%	0%		0.1 	0	0	0	0	0	0.084068 
	Tucker Kraft	Green Bay Packers	TE	TE11	8.6 	138 	0 	0.0 	0.0 	0.0 	3 	0.2 	0.0 	0.0 	63.5 	4.0 	740 	46.3 	5.3 	0.3 	0.0 	0.1 	0.0 	0.374 	0.560 	0.476 	1 	0.286 	0.000 	89 	64 	(25)	11 	5 	(6)	0.375 				-	-		-	-	Calvin Ridley	0.064 	WR89		-	-		8.0 	2.5 	4.6 	13.5 	8.7 	9.3 	9.3 	9.1 	9.0 	9.1 	0.0 	9.1 	9.1 	9.4 	9.3 	9.1 	8.8 		TE16	TE26	TE21	TE5	TE9	TE7	TE8	TE6	TE7	TE8	-	TE8	TE5	TE6	TE6	TE9	TE8		TE7	9.1 	0.0 	0.0 	0.0 	0.0 	4.0 	49.3 	0.4 	7 	0.426 	0.560 	0.510 	1 	0.402 	0.000 	75 	0.448 		109 		-	-		-	-	Calvin Ridley	0.071 	WR88		-	-		TE21	7.2 	0.0 	0.0 	0.0 	0.0 	12.1 	148.0 	1.1 	21 	0.255 	0.560 	0.385 	0 	0.137 	0.000 	#N/A	0.254 		28.6 		-	-		-	-	Calvin Ridley	6 	WR92		-	-					Green Bay Packers	Minnesota Vikings	0 	0.0 	0 	0.0 	3.0 	65 	0.0 	0.0 	0.0 	0.0 	0.0 	8.0 	TE16		Green Bay Packers	New York Jets	0 	0.0 	0 	0.0 	2.0 	15 	0.0 	0.0 	0.0 	0.0 	0.0 	2.5 	TE26		Green Bay Packers	Atlanta Falcons	0 	0.0 	0 	0.0 	4.0 	26 	0.0 	0.0 	0.0 	0.0 	0.0 	4.6 	TE21		Green Bay Packers	Tampa Bay Buccaneers	0 	0.0 	3 	0.0 	6.0 	42 	1.0 	0.0 	0.0 	0.0 	0.0 	13.5 	TE5		Green Bay Packers	Chicago Bears	0 	0.0 	0 	0.0 	3.9 	48 	0.3 	0.0 	0.0 	0.0 	0.0 	8.7 	TE9		Green Bay Packers	Dallas Cowboys	0 	0.0 	0 	0.0 	4.1 	50 	0.4 	0.0 	0.0 	0.0 	0.0 	9.3 	TE7		Green Bay Packers	Detroit Lions	0 	0.0 	0 	0.0 	4.1 	50 	0.4 	0.0 	0.0 	0.0 	0.0 	9.3 	TE8		Green Bay Packers	Carolina Panthers	0 	0.0 	0 	0.0 	4.0 	49 	0.4 	0.0 	0.0 	0.0 	0.0 	9.1 	TE6		Green Bay Packers	New England Patriots	0 	0.0 	0 	0.0 	4.0 	49 	0.3 	0.0 	0.0 	0.0 	0.0 	9.0 	TE7		Green Bay Packers	Minnesota Vikings	0 	0.0 	0 	0.0 	4.0 	49 	0.4 	0.0 	0.0 	0.0 	0.0 	9.1 	TE8		Green Bay Packers	BYE	0 	0.0 	0 	0.0 	0.0 	0 	0.0 	0.0 	0.0 	0.0 	0.0 	0.0 	-		Green Bay Packers	Los Angeles Rams	0 	0.0 	0 	0.0 	4.1 	50 	0.3 	0.0 	0.0 	0.0 	0.0 	9.1 	TE8		Green Bay Packers	New Orleans Saints	0 	0.0 	0 	0.0 	4.0 	49 	0.4 	0.0 	0.0 	0.0 	0.0 	9.1 	TE5		Green Bay Packers	Buffalo Bills	0 	0.0 	0 	0.0 	4.1 	51 	0.4 	0.0 	0.0 	0.0 	0.0 	9.4 	TE6		Green Bay Packers	Miami Dolphins	0 	0.0 	0 	0.0 	4.0 	49 	0.4 	0.0 	0.0 	0.0 	0.0 	9.3 	TE6		Green Bay Packers	Chicago Bears	0 	0.0 	0 	0.0 	4.1 	50 	0.4 	0.0 	0.0 	0.0 	0.0 	9.1 	TE9		Green Bay Packers	Houston Texans	0 	0.0 	0 	0.0 	3.9 	48 	0.3 	0.0 	0.0 	0.0 	0.0 	8.8 	TE8		Actual	Actual	Actual	Actual	Forecast	Forecast	Forecast	Forecast	Forecast	Forecast	Forecast	Forecast	Forecast	Forecast	Forecast	Forecast	Forecast		Healthy	Healthy	Healthy	Healthy	Healthy	Healthy	Healthy	Healthy	Healthy	Healthy	Healthy	Healthy	Healthy	Healthy	Healthy	Healthy	Healthy		Week 5 2026	10/6/2026	7:50:59 PM	19		20%	22%	0%	0%	0%	0%		0.2 	0	0	0	0	0	0.194384 
	Josh Jacobs	Green Bay Packers	RB	RB30	11.6 	93 	0 	0.0 	0.0 	0.0 	436 	54.5 	4.0 	0.5 	19.2 	2.4 	150 	18.7 	0.6 	0.1 	0.0 	1.4 	0.0 	0.253 	1.000 	0.494 	1 	0.271 	0.000 	90 	61 	(29)	42 	26 	(16)	0.368 				-	-		-	-	Troy Franklin	0.060 	WR90		-	-		0.0 	0.0 	0.0 	0.0 	0.0 	0.0 	0.0 	0.0 	10.8 	12.1 	0.0 	10.3 	12.1 	11.9 	13.7 	10.9 	11.1 		-	-	-	-	-	-	-	-	RB18	RB15	-	RB24	RB14	RB17	RB14	RB22	RB20		RB25	11.6 	0.0 	0.0 	54.5 	0.5 	2.4 	18.7 	0.1 	33 	0.363 	1.000 	0.607 	1 	0.311 	0.000 	71 	0.452 		93 		-	-		-	-	Troy Franklin	0.062 	WR90		-	-		-	0.0 	0.0 	0.0 	0.0 	0.0 	0.0 	0.0 	0.0 	#N/A	0.000 	1.000 	#N/A	(1)	0.000 	0.000 	#N/A	#N/A		0.0 		-	-		-	-	Troy Franklin	6 	WR91		-	-					Green Bay Packers	Minnesota Vikings	0 	0.0 	0 	0.0 	0.0 	0 	0.0 	0.0 	0.0 	0.0 	0.0 	0.0 	-		Green Bay Packers	New York Jets	0 	0.0 	0 	0.0 	0.0 	0 	0.0 	0.0 	0.0 	0.0 	0.0 	0.0 	-		Green Bay Packers	Atlanta Falcons	0 	0.0 	0 	0.0 	0.0 	0 	0.0 	0.0 	0.0 	0.0 	0.0 	0.0 	-		Green Bay Packers	Tampa Bay Buccaneers	0 	0.0 	0 	0.0 	0.0 	0 	0.0 	0.0 	0.0 	0.0 	0.0 	0.0 	-		Green Bay Packers	Chicago Bears	0 	0.0 	0 	0.0 	0.0 	0 	0.0 	0.0 	0.0 	0.0 	0.0 	0.0 	-		Green Bay Packers	Dallas Cowboys	0 	0.0 	0 	0.0 	0.0 	0 	0.0 	0.0 	0.0 	0.0 	0.0 	0.0 	-		Green Bay Packers	Detroit Lions	0 	0.0 	0 	0.0 	0.0 	0 	0.0 	0.0 	0.0 	0.0 	0.0 	0.0 	-		Green Bay Packers	Carolina Panthers	0 	0.0 	0 	0.0 	0.0 	0 	0.0 	0.0 	0.0 	0.0 	0.0 	0.0 	-		Green Bay Packers	New England Patriots	0 	0.0 	50 	0.4 	2.4 	19 	0.1 	0.0 	0.2 	0.0 	0.0 	10.8 	RB18		Green Bay Packers	Minnesota Vikings	0 	0.0 	58 	0.5 	2.4 	19 	0.1 	0.0 	0.2 	0.0 	0.0 	12.1 	RB15		Green Bay Packers	BYE	0 	0.0 	0 	0.0 	0.0 	0 	0.0 	0.0 	0.0 	0.0 	0.0 	0.0 	-		Green Bay Packers	Los Angeles Rams	0 	0.0 	47 	0.4 	2.4 	19 	0.1 	0.0 	0.2 	0.0 	0.0 	10.3 	RB24		Green Bay Packers	New Orleans Saints	0 	0.0 	58 	0.5 	2.4 	19 	0.1 	0.0 	0.2 	0.0 	0.0 	12.1 	RB14		Green Bay Packers	Buffalo Bills	0 	0.0 	55 	0.5 	2.5 	19 	0.1 	0.0 	0.2 	0.0 	0.0 	11.9 	RB17		Green Bay Packers	Miami Dolphins	0 	0.0 	66 	0.6 	2.4 	19 	0.1 	0.0 	0.2 	0.0 	0.0 	13.7 	RB14		Green Bay Packers	Chicago Bears	0 	0.0 	50 	0.4 	2.4 	19 	0.1 	0.0 	0.2 	0.0 	0.0 	10.9 	RB22		Green Bay Packers	Houston Texans	0 	0.0 	53 	0.5 	2.3 	18 	0.1 	0.0 	0.2 	0.0 	0.0 	11.1 	RB20		Actual	Actual	Actual	Actual	Forecast	Forecast	Forecast	Forecast	Forecast	Forecast	Forecast	Forecast	Forecast	Forecast	Forecast	Forecast	Forecast		Injured	Injured	Injured	Injured	Injured	Injured	Injured	Injured	Limited / Handicapped	Limited / Handicapped	Limited / Handicapped	Limited / Handicapped	Limited / Handicapped	Limited / Handicapped	Limited / Handicapped	Limited / Handicapped	Limited / Handicapped		Week 5 2026	10/6/2026	7:50:59 PM	19		8%	5%	55%	57%	0%	0%		0.5 	1	1	1	1	1	
	Wan'Dale Robinson	Tennessee Titans	WR	WR42	8.4 	135 	0 	0.0 	0.0 	0.0 	1 	0.1 	0.0 	0.0 	71.5 	4.5 	639 	39.9 	5.9 	0.4 	0.0 	0.1 	0.0 	0.366 	1.000 	0.590 	0 	0.090 	0.000 	96 	128 	32 	41 	49 	8 	0.356 				-	-		-	-	Jerry Jeudy	0.055 	WR91		-	-		6.3 	1.4 	15.2 	9.5 	7.7 	8.4 	8.4 	8.9 	0.0 	8.6 	8.8 	8.6 	8.8 	8.8 	8.9 	8.3 	8.3 		WR44	WR80	WR19	WR34	WR46	WR37	WR40	WR31	-	WR37	WR30	WR40	WR37	WR36	WR38	WR45	WR45		WR41	8.5 	0.0 	0.0 	0.0 	0.0 	4.6 	43.0 	0.3 	41 	0.400 	1.000 	0.590 	0 	0.122 	0.000 	97 	0.374 		103 		-	-		-	-	Jerry Jeudy	0.056 	WR91		-	-		WR38	8.1 	0.0 	0.0 	0.0 	0.0 	13.9 	128.9 	1.0 	38 	0.289 	1.000 	0.620 	0 	0.073 	0.000 	#N/A	0.352 		32.4 		-	-		-	-	Jerry Jeudy	9 	WR89		-	-					Tennessee Titans	New York Jets	0 	0.0 	0 	0.0 	5.0 	38 	0.0 	0.0 	0.0 	0.0 	0.0 	6.3 	WR44		Tennessee Titans	Philadelphia Eagles	0 	0.0 	0 	0.0 	1.0 	9 	0.0 	0.0 	0.0 	0.0 	0.0 	1.4 	WR80		Tennessee Titans	New York Giants	0 	0.0 	0 	0.0 	7.0 	57 	1.0 	0.0 	0.0 	0.0 	0.0 	15.2 	WR19		Tennessee Titans	Baltimore Ravens	0 	0.0 	1 	0.0 	3.0 	19 	1.0 	0.0 	0.0 	0.0 	0.0 	9.5 	WR34		Tennessee Titans	Houston Texans	0 	0.0 	0 	0.0 	4.4 	41 	0.2 	0.0 	0.0 	0.0 	0.0 	7.7 	WR46		Tennessee Titans	Indianapolis Colts	0 	0.0 	0 	0.0 	4.6 	43 	0.3 	0.0 	0.0 	0.0 	0.0 	8.4 	WR37		Tennessee Titans	Cleveland Browns	0 	0.0 	0 	0.0 	4.5 	42 	0.3 	0.0 	0.0 	0.0 	0.0 	8.4 	WR40		Tennessee Titans	Cincinnati Bengals	0 	0.0 	0 	0.0 	4.8 	45 	0.4 	0.0 	0.0 	0.0 	0.0 	8.9 	WR31		Tennessee Titans	BYE	0 	0.0 	0 	0.0 	0.0 	0 	0.0 	0.0 	0.0 	0.0 	0.0 	0.0 	-		Tennessee Titans	Jacksonville Jaguars	0 	0.0 	0 	0.0 	4.6 	43 	0.3 	0.0 	0.0 	0.0 	0.0 	8.6 	WR37		Tennessee Titans	Dallas Cowboys	0 	0.0 	0 	0.0 	4.8 	44 	0.3 	0.0 	0.0 	0.0 	0.0 	8.8 	WR30		Tennessee Titans	Jacksonville Jaguars	0 	0.0 	0 	0.0 	4.7 	43 	0.3 	0.0 	0.0 	0.0 	0.0 	8.6 	WR40		Tennessee Titans	Washington Commanders	0 	0.0 	0 	0.0 	4.7 	43 	0.3 	0.0 	0.0 	0.0 	0.0 	8.8 	WR37		Tennessee Titans	Detroit Lions	0 	0.0 	0 	0.0 	4.8 	44 	0.3 	0.0 	0.0 	0.0 	0.0 	8.8 	WR36		Tennessee Titans	Indianapolis Colts	0 	0.0 	0 	0.0 	4.7 	44 	0.4 	0.0 	0.0 	0.0 	0.0 	8.9 	WR38		Tennessee Titans	Las Vegas Raiders	0 	0.0 	0 	0.0 	4.5 	42 	0.3 	0.0 	0.0 	0.0 	0.0 	8.3 	WR45		Tennessee Titans	Pittsburgh Steelers	0 	0.0 	0 	0.0 	4.5 	42 	0.3 	0.0 	0.0 	0.0 	0.0 	8.3 	WR45		Actual	Actual	Actual	Actual	Forecast	Forecast	Forecast	Forecast	Forecast	Forecast	Forecast	Forecast	Forecast	Forecast	Forecast	Forecast	Forecast		Healthy	Healthy	Healthy	Healthy	Healthy	Healthy	Healthy	Healthy	Healthy	Healthy	Healthy	Healthy	Healthy	Healthy	Healthy	Healthy	Healthy		Week 5 2026	10/6/2026	7:50:59 PM	19		19%	23%	0%	0%	0%	0%		0.0 	0	0	0	0	0	0.022814 
	Ollie Gordon II	Miami Dolphins	RB	RB31	8.7 	131 	0 	0.0 	0.0 	0.0 	658 	43.9 	5.7 	0.4 	29.8 	2.0 	145 	9.7 	0.7 	0.0 	0.0 	1.6 	0.0 	0.355 	1.000 	0.632 	0 	0.070 	0.000 	92 	301 	209 	31 	84 	53 	0.366 									Demarcus Robinson							0.0 	0.7 	13.0 	17.0 	8.0 	0.0 	8.8 	8.3 	8.6 	8.6 	7.8 	9.4 	7.5 	8.6 	7.7 	8.3 	8.3 		-	RB64	RB12	RB12	RB30	-	RB28	RB27	RB30	RB26	RB29	RB27	RB31	RB29	RB35	RB32	RB32		RB31	8.3 	0.0 	0.0 	42.5 	0.3 	2.1 	10.9 	0.1 	30 	0.390 	1.000 	0.644 	0 	0.064 	0.000 	98 	0.374 		100 		-	-		-	-	Demarcus Robinson	0.013 	WR99		-	-		RB29	10.2 	0.0 	0.0 	170.0 	1.2 	8.3 	43.7 	0.2 	29 	0.274 	1.000 	0.657 	0 	0.021 	0.000 	#N/A	0.345 		30.7 		-	-		-	-	Demarcus Robinson	17 	WR73		-	-					Miami Dolphins	Las Vegas Raiders	0 	0.0 	0 	0.0 	0.0 	0 	0.0 	0.0 	0.0 	0.0 	0.0 	0.0 	-		Miami Dolphins	San Francisco 49ers	0 	0.0 	7 	0.0 	0.0 	0 	0.0 	0.0 	0.0 	0.0 	0.0 	0.7 	RB64		Miami Dolphins	Kansas City Chiefs	0 	0.0 	41 	1.0 	3.0 	14 	0.0 	0.0 	0.0 	0.0 	0.0 	13.0 	RB12		Miami Dolphins	Minnesota Vikings	0 	0.0 	100 	1.0 	2.0 	0 	0.0 	0.0 	0.0 	0.0 	0.0 	17.0 	RB12		Miami Dolphins	Cincinnati Bengals	0 	0.0 	41 	0.3 	2.0 	11 	0.1 	0.0 	0.1 	0.0 	0.0 	8.0 	RB30		Miami Dolphins	BYE	0 	0.0 	0 	0.0 	0.0 	0 	0.0 	0.0 	0.0 	0.0 	0.0 	0.0 	-		Miami Dolphins	New York Jets	0 	0.0 	47 	0.3 	2.0 	11 	0.1 	0.0 	0.1 	0.0 	0.0 	8.8 	RB28		Miami Dolphins	New England Patriots	0 	0.0 	42 	0.3 	2.1 	11 	0.1 	0.0 	0.1 	0.0 	0.0 	8.3 	RB27		Miami Dolphins	Detroit Lions	0 	0.0 	43 	0.3 	2.1 	11 	0.1 	0.0 	0.1 	0.0 	0.0 	8.6 	RB30		Miami Dolphins	Indianapolis Colts	0 	0.0 	43 	0.3 	2.1 	11 	0.1 	0.0 	0.1 	0.0 	0.0 	8.6 	RB26		Miami Dolphins	Buffalo Bills	0 	0.0 	39 	0.3 	2.1 	11 	0.1 	0.0 	0.1 	0.0 	0.0 	7.8 	RB29		Miami Dolphins	New York Jets	0 	0.0 	50 	0.4 	2.0 	11 	0.1 	0.0 	0.1 	0.0 	0.0 	9.4 	RB27		Miami Dolphins	Denver Broncos	0 	0.0 	38 	0.3 	2.0 	11 	0.1 	0.0 	0.1 	0.0 	0.0 	7.5 	RB31		Miami Dolphins	Chicago Bears	0 	0.0 	43 	0.3 	2.1 	11 	0.1 	0.0 	0.1 	0.0 	0.0 	8.6 	RB29		Miami Dolphins	Green Bay Packers	0 	0.0 	39 	0.3 	2.1 	11 	0.1 	0.0 	0.1 	0.0 	0.0 	7.7 	RB35		Miami Dolphins	Los Angeles Chargers	0 	0.0 	42 	0.3 	2.1 	11 	0.1 	0.0 	0.1 	0.0 	0.0 	8.3 	RB32		Miami Dolphins	Buffalo Bills	0 	0.0 	41 	0.3 	2.1 	11 	0.1 	0.0 	0.1 	0.0 	0.0 	8.3 	RB32		Actual	Actual	Actual	Actual	Forecast	Forecast	Forecast	Forecast	Forecast	Forecast	Forecast	Forecast	Forecast	Forecast	Forecast	Forecast	Forecast		Healthy	Healthy	Healthy	Healthy	Healthy	Healthy	Healthy	Healthy	Healthy	Healthy	Healthy	Healthy	Healthy	Healthy	Healthy	Healthy	Healthy		Week 5 2026	10/6/2026	7:50:59 PM	19		5%	5%	41%	39%	0%	0%		0.0 	0	0	0	0	0	0.029045 
	J.K. Dobbins	Denver Broncos	RB	RB32	8.3 	133 	0 	0.0 	0.0 	0.0 	852 	53.3 	5.8 	0.4 	18.9 	1.2 	70 	4.4 	0.2 	0.0 	0.0 	1.9 	0.0 	0.362 	1.000 	0.644 	0 	0.043 	0.000 	94 	88 	(6)	30 	34 	4 	0.362 				-	-		-	-	Jalen Nailor	0.044 	WR92		-	-		3.6 	3.6 	5.8 	6.2 	9.3 	8.4 	10.7 	9.3 	9.3 	0.0 	10.5 	8.8 	11.2 	9.6 	9.7 	8.9 	8.4 		RB48	RB45	RB35	RB37	RB26	RB26	RB19	RB24	RB28	-	RB20	RB33	RB16	RB25	RB26	RB30	RB31		RB28	9.5 	0.0 	0.0 	57.6 	0.5 	1.3 	4.5 	0.0 	27 	0.445 	1.000 	0.682 	0 	0.152 	0.000 	79 	0.434 		114 		-	-		-	-	Jalen Nailor	0.035 	WR95		-	-		RB45	4.8 	0.0 	0.0 	172.8 	1.4 	4.0 	13.5 	0.0 	45 	0.171 	1.000 	0.456 	(0)	0.000 	0.000 	#N/A	0.231 		19.2 		-	-		-	-	Jalen Nailor	8 	WR90		-	-					Denver Broncos	Kansas City Chiefs	0 	0.0 	36 	0.0 	0.0 	0 	0.0 	0.0 	0.0 	0.0 	0.0 	3.6 	RB48		Denver Broncos	Jacksonville Jaguars	0 	0.0 	36 	0.0 	0.0 	0 	0.0 	0.0 	0.0 	0.0 	0.0 	3.6 	RB45		Denver Broncos	Los Angeles Rams	0 	0.0 	49 	0.0 	1.0 	4 	0.0 	0.0 	0.0 	0.0 	0.0 	5.8 	RB35		Denver Broncos	San Francisco 49ers	0 	0.0 	40 	0.0 	2.0 	12 	0.0 	0.0 	0.0 	0.0 	0.0 	6.2 	RB37		Denver Broncos	Los Angeles Chargers	0 	0.0 	56 	0.5 	1.3 	5 	0.0 	0.0 	0.2 	0.0 	0.0 	9.3 	RB26		Denver Broncos	Seattle Seahawks	0 	0.0 	52 	0.4 	1.3 	4 	0.0 	0.0 	0.2 	0.0 	0.0 	8.4 	RB26		Denver Broncos	Arizona Cardinals	0 	0.0 	64 	0.6 	1.3 	5 	0.0 	0.0 	0.2 	0.0 	0.0 	10.7 	RB19		Denver Broncos	Kansas City Chiefs	0 	0.0 	56 	0.5 	1.3 	5 	0.0 	0.0 	0.2 	0.0 	0.0 	9.3 	RB24		Denver Broncos	Carolina Panthers	0 	0.0 	56 	0.5 	1.3 	5 	0.0 	0.0 	0.2 	0.0 	0.0 	9.3 	RB28		Denver Broncos	BYE	0 	0.0 	0 	0.0 	0.0 	0 	0.0 	0.0 	0.0 	0.0 	0.0 	0.0 	-		Denver Broncos	Las Vegas Raiders	0 	0.0 	63 	0.5 	1.3 	4 	0.0 	0.0 	0.2 	0.0 	0.0 	10.5 	RB20		Denver Broncos	Pittsburgh Steelers	0 	0.0 	54 	0.4 	1.3 	4 	0.0 	0.0 	0.2 	0.0 	0.0 	8.8 	RB33		Denver Broncos	Miami Dolphins	0 	0.0 	67 	0.6 	1.3 	4 	0.0 	0.0 	0.2 	0.0 	0.0 	11.2 	RB16		Denver Broncos	New York Jets	0 	0.0 	59 	0.5 	1.3 	4 	0.0 	0.0 	0.2 	0.0 	0.0 	9.6 	RB25		Denver Broncos	Las Vegas Raiders	0 	0.0 	59 	0.5 	1.3 	4 	0.0 	0.0 	0.2 	0.0 	0.0 	9.7 	RB26		Denver Broncos	Buffalo Bills	0 	0.0 	53 	0.4 	1.4 	5 	0.0 	0.0 	0.2 	0.0 	0.0 	8.9 	RB30		Denver Broncos	New England Patriots	0 	0.0 	51 	0.4 	1.3 	4 	0.0 	0.0 	0.2 	0.0 	0.0 	8.4 	RB31		Actual	Actual	Actual	Actual	Forecast	Forecast	Forecast	Forecast	Forecast	Forecast	Forecast	Forecast	Forecast	Forecast	Forecast	Forecast	Forecast		Healthy	Healthy	Healthy	Healthy	Healthy	Healthy	Healthy	Healthy	Healthy	Healthy	Healthy	Healthy	Healthy	Healthy	Healthy	Healthy	Healthy		Week 5 2026	10/6/2026	7:50:59 PM	19		2%	1%	49%	52%	0%	0%		0.2 	0	0	0	0	0	0.203679 
	Jakobi Meyers	Jacksonville Jaguars	WR	WR40	8.5 	135 	0 	0.0 	0.0 	0.0 	2 	0.1 	0.0 	0.0 	57.0 	3.6 	715 	44.7 	5.9 	0.4 	0.0 	0.1 	0.0 	0.368 	1.000 	0.610 	0 	0.092 	0.000 	91 	136 	45 	39 	51 	12 	0.367 				-	-		-	-	Zachariah Branch	0.038 	WR93		-	-		11.2 	3.3 	15.9 	4.8 	8.1 	8.2 	0.0 	8.7 	8.4 	8.4 	8.4 	8.4 	8.2 	8.3 	7.8 	8.6 	8.7 		WR25	WR66	WR15	WR57	WR43	WR39	-	WR36	WR42	WR41	WR36	WR45	WR43	WR42	WR50	WR41	WR39		WR46	8.4 	0.0 	0.0 	0.0 	0.0 	3.7 	45.8 	0.3 	46 	0.391 	1.000 	0.540 	0 	0.106 	0.000 	112 	0.344 		100 		-	-		-	-	Zachariah Branch	0.045 	WR93		-	-		WR35	8.8 	0.0 	0.0 	0.0 	0.0 	11.0 	137.5 	1.0 	35 	0.314 	1.000 	0.650 	0 	0.111 	0.000 	#N/A	0.384 		35.2 		-	-		-	-	Zachariah Branch	6 	WR93		-	-					Jacksonville Jaguars	Cleveland Browns	0 	0.0 	2 	0.0 	2.0 	40 	1.0 	0.0 	0.0 	0.0 	0.0 	11.2 	WR25		Jacksonville Jaguars	Denver Broncos	0 	0.0 	0 	0.0 	1.0 	28 	0.0 	0.0 	0.0 	0.0 	0.0 	3.3 	WR66		Jacksonville Jaguars	New England Patriots	0 	0.0 	0 	0.0 	7.0 	64 	1.0 	0.0 	0.0 	0.0 	0.0 	15.9 	WR15		Jacksonville Jaguars	Cincinnati Bengals	0 	0.0 	0 	0.0 	3.0 	33 	0.0 	0.0 	0.0 	0.0 	0.0 	4.8 	WR57		Jacksonville Jaguars	Philadelphia Eagles	0 	0.0 	0 	0.0 	3.5 	44 	0.3 	0.0 	0.0 	0.0 	0.0 	8.1 	WR43		Jacksonville Jaguars	Houston Texans	0 	0.0 	0 	0.0 	3.6 	45 	0.3 	0.0 	0.0 	0.0 	0.0 	8.2 	WR39		Jacksonville Jaguars	BYE	0 	0.0 	0 	0.0 	0.0 	0 	0.0 	0.0 	0.0 	0.0 	0.0 	0.0 	-		Jacksonville Jaguars	Indianapolis Colts	0 	0.0 	0 	0.0 	3.8 	47 	0.4 	0.0 	0.0 	0.0 	0.0 	8.7 	WR36		Jacksonville Jaguars	Baltimore Ravens	0 	0.0 	0 	0.0 	3.7 	47 	0.3 	0.0 	0.0 	0.0 	0.0 	8.4 	WR42		Jacksonville Jaguars	Tennessee Titans	0 	0.0 	0 	0.0 	3.7 	46 	0.3 	0.0 	0.0 	0.0 	0.0 	8.4 	WR41		Jacksonville Jaguars	New York Giants	0 	0.0 	0 	0.0 	3.7 	46 	0.3 	0.0 	0.0 	0.0 	0.0 	8.4 	WR36		Jacksonville Jaguars	Tennessee Titans	0 	0.0 	0 	0.0 	3.7 	46 	0.3 	0.0 	0.0 	0.0 	0.0 	8.4 	WR45		Jacksonville Jaguars	Chicago Bears	0 	0.0 	0 	0.0 	3.6 	46 	0.3 	0.0 	0.0 	0.0 	0.0 	8.2 	WR43		Jacksonville Jaguars	Pittsburgh Steelers	0 	0.0 	0 	0.0 	3.6 	46 	0.3 	0.0 	0.0 	0.0 	0.0 	8.3 	WR42		Jacksonville Jaguars	Houston Texans	0 	0.0 	0 	0.0 	3.5 	44 	0.3 	0.0 	0.0 	0.0 	0.0 	7.8 	WR50		Jacksonville Jaguars	Dallas Cowboys	0 	0.0 	0 	0.0 	3.8 	47 	0.3 	0.0 	0.0 	0.0 	0.0 	8.6 	WR41		Jacksonville Jaguars	Washington Commanders	0 	0.0 	0 	0.0 	3.8 	47 	0.4 	0.0 	0.0 	0.0 	0.0 	8.7 	WR39		Actual	Actual	Actual	Actual	Forecast	Forecast	Forecast	Forecast	Forecast	Forecast	Forecast	Forecast	Forecast	Forecast	Forecast	Forecast	Forecast		Healthy	Healthy	Healthy	Healthy	Healthy	Healthy	Healthy	Healthy	Healthy	Healthy	Healthy	Healthy	Healthy	Healthy	Healthy	Healthy	Healthy		Week 5 2026	10/6/2026	7:50:59 PM	19		20%	20%	0%	0%	0%	0%		(0.0)	0	0	0	0	0	(0.039865)
	T.J. Hockenson	Minnesota Vikings	TE	TE12	8.4 	135 	0 	0.0 	0.0 	0.0 	0 	0.0 	0.0 	0.0 	78.9 	4.9 	696 	43.5 	4.3 	0.3 	0.0 	0.1 	0.0 	0.365 	0.560 	0.467 	1 	0.263 	0.000 	95 	173 	78 	12 	19 	7 	0.360 				-	-		-	-	Ja'Kobi Lane	0.033 	WR94		-	-		11.6 	4.4 	2.1 	18.4 	8.0 	0.0 	8.4 	8.3 	8.3 	8.1 	8.3 	8.1 	8.2 	7.9 	8.3 	8.4 	7.9 		TE9	TE21	TE28	TE1	TE11	-	TE12	TE10	TE13	TE12	TE11	TE13	TE11	TE12	TE13	TE12	TE14		TE12	8.2 	0.0 	0.0 	0.0 	0.0 	4.7 	41.7 	0.3 	12 	0.382 	0.560 	0.467 	1 	0.283 	0.000 	99 	0.371 		98 		-	-		-	-	Ja'Kobi Lane	0.051 	WR92		-	-		TE12	9.1 	0.0 	0.0 	0.0 	0.0 	14.2 	125.2 	0.8 	12 	0.326 	0.560 	0.467 	1 	0.382 	0.000 	#N/A	0.408 		36.5 		-	-		-	-	Ja'Kobi Lane	2 	WR102		-	-					Minnesota Vikings	Green Bay Packers	0 	0.0 	0 	0.0 	4.0 	36 	1.0 	0.0 	0.0 	0.0 	0.0 	11.6 	TE9		Minnesota Vikings	Chicago Bears	0 	0.0 	0 	0.0 	3.0 	29 	0.0 	0.0 	0.0 	0.0 	0.0 	4.4 	TE21		Minnesota Vikings	Tampa Bay Buccaneers	0 	0.0 	0 	0.0 	2.0 	11 	0.0 	0.0 	0.0 	0.0 	0.0 	2.1 	TE28		Minnesota Vikings	Miami Dolphins	0 	0.0 	0 	0.0 	13.0 	119 	0.0 	0.0 	0.0 	0.0 	0.0 	18.4 	TE1		Minnesota Vikings	New Orleans Saints	0 	0.0 	0 	0.0 	4.6 	41 	0.3 	0.0 	0.0 	0.0 	0.0 	8.0 	TE11		Minnesota Vikings	BYE	0 	0.0 	0 	0.0 	0.0 	0 	0.0 	0.0 	0.0 	0.0 	0.0 	0.0 	-		Minnesota Vikings	Indianapolis Colts	0 	0.0 	0 	0.0 	4.8 	43 	0.3 	0.0 	0.0 	0.0 	0.0 	8.4 	TE12		Minnesota Vikings	Detroit Lions	0 	0.0 	0 	0.0 	4.8 	42 	0.3 	0.0 	0.0 	0.0 	0.0 	8.3 	TE10		Minnesota Vikings	Buffalo Bills	0 	0.0 	0 	0.0 	4.8 	42 	0.3 	0.0 	0.0 	0.0 	0.0 	8.3 	TE13		Minnesota Vikings	Green Bay Packers	0 	0.0 	0 	0.0 	4.7 	42 	0.3 	0.0 	0.0 	0.0 	0.0 	8.1 	TE12		Minnesota Vikings	San Francisco 49ers	0 	0.0 	0 	0.0 	4.8 	42 	0.3 	0.0 	0.0 	0.0 	0.0 	8.3 	TE11		Minnesota Vikings	Atlanta Falcons	0 	0.0 	0 	0.0 	4.7 	41 	0.3 	0.0 	0.0 	0.0 	0.0 	8.1 	TE13		Minnesota Vikings	Carolina Panthers	0 	0.0 	0 	0.0 	4.7 	42 	0.3 	0.0 	0.0 	0.0 	0.0 	8.2 	TE11		Minnesota Vikings	New England Patriots	0 	0.0 	0 	0.0 	4.7 	41 	0.2 	0.0 	0.0 	0.0 	0.0 	7.9 	TE12		Minnesota Vikings	Detroit Lions	0 	0.0 	0 	0.0 	4.8 	42 	0.3 	0.0 	0.0 	0.0 	0.0 	8.3 	TE13		Minnesota Vikings	Washington Commanders	0 	0.0 	0 	0.0 	4.8 	43 	0.3 	0.0 	0.0 	0.0 	0.0 	8.4 	TE12		Minnesota Vikings	New York Jets	0 	0.0 	0 	0.0 	4.6 	40 	0.3 	0.0 	0.0 	0.0 	0.0 	7.9 	TE14		Actual	Actual	Actual	Actual	Forecast	Forecast	Forecast	Forecast	Forecast	Forecast	Forecast	Forecast	Forecast	Forecast	Forecast	Forecast	Forecast		Healthy	Healthy	Healthy	Healthy	Healthy	Healthy	Healthy	Healthy	Healthy	Healthy	Healthy	Healthy	Healthy	Healthy	Healthy	Healthy	Healthy		Week 5 2026	10/6/2026	7:50:59 PM	19		19%	18%	0%	0%	0%	0%		(0.0)	0	0	0	0	0	(0.036319)
	Jordan Love	Green Bay Packers	QB	QB12	16.2 	259 	3,971 	248.2 	27.5 	1.7 	100 	6.2 	0.9 	0.1 	0.0 	0.0 	0 	0.0 	0.0 	0.0 	10.7 	1.9 	0.0 	0.702 	0.460 	0.352 	1 	0.342 	0.000 	101 	135 	34 	12 	18 	6 	0.347 				-	-		-	-	Andrei Iosivas	0.029 	WR95		-	-		19.5 	13.8 	18.5 	13.1 	15.4 	16.7 	16.7 	16.9 	15.6 	16.1 	0.0 	15.7 	16.1 	16.7 	16.8 	15.8 	15.3 		QB11	QB20	QB18	QB20	QB16	QB9	QB6	QB10	QB21	QB11	-	QB20	QB15	QB8	QB9	QB17	QB18		QB12	16.2 	244.2 	1.6 	9.0 	0.1 	0.0 	0.0 	0.0 	12 	0.756 	0.460 	0.352 	1 	0.471 	0.000 	90 	0.408 		194 		-	-		-	-	Andrei Iosivas	0.040 	WR94		-	-		QB15	16.2 	732.6 	4.9 	26.9 	0.2 	0.0 	0.0 	0.0 	15 	0.579 	0.460 	0.317 	1 	0.269 	0.000 	#N/A	0.294 		64.8 		-	-		-	-	Andrei Iosivas	3 	WR99		-	-					Green Bay Packers	Minnesota Vikings	387 	2.0 	0 	0.0 	0.0 	0 	0.0 	1.0 	1.0 	0.0 	0.0 	19.5 	QB11		Green Bay Packers	New York Jets	145 	2.0 	0 	0.0 	0.0 	0 	0.0 	0.0 	0.0 	0.0 	0.0 	13.8 	QB20		Green Bay Packers	Atlanta Falcons	312 	2.0 	0 	0.0 	0.0 	0 	0.0 	1.0 	0.0 	0.0 	0.0 	18.5 	QB18		Green Bay Packers	Tampa Bay Buccaneers	197 	2.0 	(8)	0.0 	0.0 	0 	0.0 	1.0 	0.0 	0.0 	0.0 	13.1 	QB20		Green Bay Packers	Chicago Bears	238 	1.5 	9 	0.1 	0.0 	0 	0.0 	0.6 	0.1 	0.0 	0.0 	15.4 	QB16		Green Bay Packers	Dallas Cowboys	249 	1.7 	10 	0.1 	0.0 	0 	0.0 	0.6 	0.1 	0.0 	0.0 	16.7 	QB9		Green Bay Packers	Detroit Lions	249 	1.7 	10 	0.1 	0.0 	0 	0.0 	0.6 	0.1 	0.0 	0.0 	16.7 	QB6		Green Bay Packers	Carolina Panthers	242 	1.7 	12 	0.1 	0.0 	0 	0.0 	0.6 	0.1 	0.0 	0.0 	16.9 	QB10		Green Bay Packers	New England Patriots	243 	1.6 	8 	0.1 	0.0 	0 	0.0 	0.6 	0.1 	0.0 	0.0 	15.6 	QB21		Green Bay Packers	Minnesota Vikings	243 	1.6 	9 	0.1 	0.0 	0 	0.0 	0.6 	0.1 	0.0 	0.0 	16.1 	QB11		Green Bay Packers	BYE	0 	0.0 	0 	0.0 	0.0 	0 	0.0 	0.0 	0.0 	0.0 	0.0 	0.0 	-		Green Bay Packers	Los Angeles Rams	246 	1.6 	7 	0.1 	0.0 	0 	0.0 	0.6 	0.1 	0.0 	0.0 	15.7 	QB20		Green Bay Packers	New Orleans Saints	243 	1.6 	9 	0.1 	0.0 	0 	0.0 	0.6 	0.1 	0.0 	0.0 	16.1 	QB15		Green Bay Packers	Buffalo Bills	250 	1.7 	8 	0.1 	0.0 	0 	0.0 	0.6 	0.1 	0.0 	0.0 	16.7 	QB8		Green Bay Packers	Miami Dolphins	243 	1.8 	10 	0.1 	0.0 	0 	0.0 	0.6 	0.1 	0.0 	0.0 	16.8 	QB9		Green Bay Packers	Chicago Bears	245 	1.6 	8 	0.1 	0.0 	0 	0.0 	0.6 	0.1 	0.0 	0.0 	15.8 	QB17		Green Bay Packers	Houston Texans	238 	1.5 	8 	0.1 	0.0 	0 	0.0 	0.6 	0.1 	0.0 	0.0 	15.3 	QB18		Actual	Actual	Actual	Actual	Forecast	Forecast	Forecast	Forecast	Forecast	Forecast	Forecast	Forecast	Forecast	Forecast	Forecast	Forecast	Forecast		Healthy	Healthy	Healthy	Healthy	Healthy	Healthy	Healthy	Healthy	Healthy	Healthy	Healthy	Healthy	Healthy	Healthy	Healthy	Healthy	Healthy		Week 5 2026	10/6/2026	7:50:59 PM	19		0%	0%	8%	7%	99%	99%		0.1 	0	0	0	0	0	0.113705 
	Tre Tucker	Las Vegas Raiders	WR	WR41	8.5 	135 	0 	0.0 	0.0 	0.0 	12 	0.7 	0.0 	0.0 	54.5 	3.4 	806 	50.4 	4.4 	0.3 	0.0 	0.1 	0.0 	0.367 	1.000 	0.600 	0 	0.091 	0.000 	93 	166 	73 	40 	60 	20 	0.362 				-	-		-	-	Jauan Jennings	0.023 	WR96		-	-		3.7 	20.4 	6.3 	6.4 	8.4 	8.9 	8.5 	7.9 	8.3 	8.0 	7.9 	7.9 	0.0 	8.2 	7.9 	8.3 	8.3 		WR66	WR7	WR47	WR46	WR39	WR33	WR37	WR44	WR43	WR43	WR38	WR49	-	WR44	WR49	WR47	WR46		WR48	8.2 	0.0 	0.0 	1.0 	0.0 	3.3 	47.7 	0.3 	48 	0.384 	1.000 	0.520 	0 	0.094 	0.000 	117 	0.329 		99 		-	-		-	-	Jauan Jennings	0.030 	WR96		-	-		WR30	9.2 	0.0 	0.0 	3.0 	0.0 	9.9 	143.2 	0.9 	30 	0.329 	1.000 	0.700 	0 	0.133 	0.000 	#N/A	0.417 		36.8 		-	-		-	-	Jauan Jennings	2 	WR101		-	-					Las Vegas Raiders	Miami Dolphins	0 	0.0 	0 	0.0 	2.0 	27 	0.0 	0.0 	0.0 	0.0 	0.0 	3.7 	WR66		Las Vegas Raiders	Los Angeles Chargers	0 	0.0 	0 	0.0 	5.0 	119 	1.0 	0.0 	0.0 	0.0 	0.0 	20.4 	WR7		Las Vegas Raiders	New Orleans Saints	0 	0.0 	0 	0.0 	4.0 	43 	0.0 	0.0 	0.0 	0.0 	0.0 	6.3 	WR47		Las Vegas Raiders	Kansas City Chiefs	0 	0.0 	0 	0.0 	4.0 	44 	0.0 	0.0 	0.0 	0.0 	0.0 	6.4 	WR46		Las Vegas Raiders	New England Patriots	0 	0.0 	1 	0.0 	3.3 	49 	0.3 	0.0 	0.0 	0.0 	0.0 	8.4 	WR39		Las Vegas Raiders	Buffalo Bills	0 	0.0 	1 	0.0 	3.5 	51 	0.3 	0.0 	0.0 	0.0 	0.0 	8.9 	WR33		Las Vegas Raiders	Los Angeles Rams	0 	0.0 	1 	0.0 	3.4 	49 	0.3 	0.0 	0.0 	0.0 	0.0 	8.5 	WR37		Las Vegas Raiders	New York Jets	0 	0.0 	1 	0.0 	3.2 	46 	0.3 	0.0 	0.0 	0.0 	0.0 	7.9 	WR44		Las Vegas Raiders	San Francisco 49ers	0 	0.0 	1 	0.0 	3.4 	49 	0.3 	0.0 	0.0 	0.0 	0.0 	8.3 	WR43		Las Vegas Raiders	Seattle Seahawks	0 	0.0 	1 	0.0 	3.3 	47 	0.3 	0.0 	0.0 	0.0 	0.0 	8.0 	WR43		Las Vegas Raiders	Denver Broncos	0 	0.0 	1 	0.0 	3.3 	47 	0.3 	0.0 	0.0 	0.0 	0.0 	7.9 	WR38		Las Vegas Raiders	Cleveland Browns	0 	0.0 	1 	0.0 	3.2 	46 	0.3 	0.0 	0.0 	0.0 	0.0 	7.9 	WR49		Las Vegas Raiders	BYE	0 	0.0 	0 	0.0 	0.0 	0 	0.0 	0.0 	0.0 	0.0 	0.0 	0.0 	-		Las Vegas Raiders	Los Angeles Chargers	0 	0.0 	1 	0.0 	3.3 	48 	0.3 	0.0 	0.0 	0.0 	0.0 	8.2 	WR44		Las Vegas Raiders	Denver Broncos	0 	0.0 	1 	0.0 	3.2 	46 	0.3 	0.0 	0.0 	0.0 	0.0 	7.9 	WR49		Las Vegas Raiders	Tennessee Titans	0 	0.0 	1 	0.0 	3.3 	47 	0.3 	0.0 	0.0 	0.0 	0.0 	8.3 	WR47		Las Vegas Raiders	Arizona Cardinals	0 	0.0 	1 	0.0 	3.3 	47 	0.3 	0.0 	0.0 	0.0 	0.0 	8.3 	WR46		Actual	Actual	Actual	Actual	Forecast	Forecast	Forecast	Forecast	Forecast	Forecast	Forecast	Forecast	Forecast	Forecast	Forecast	Forecast	Forecast		Healthy	Healthy	Healthy	Healthy	Healthy	Healthy	Healthy	Healthy	Healthy	Healthy	Healthy	Healthy	Healthy	Healthy	Healthy	Healthy	Healthy		Week 5 2026	10/6/2026	7:50:59 PM	19		21%	19%	1%	0%	0%	0%		(0.1)	0	0	0	0	0	(0.088271)
	Travis Etienne Jr.	New Orleans Saints	RB	RB33	9.2 	110 	0 	0.0 	0.0 	0.0 	470 	39.2 	2.4 	0.2 	35.0 	2.9 	231 	19.2 	1.5 	0.1 	0.0 	1.3 	0.0 	0.299 	1.000 	0.569 	0 	0.102 	0.000 	103 	35 	(68)	36 	17 	(19)	0.342 				-	-		-	-	Jack Bech	0.018 	WR97		-	-		11.3 	6.1 	8.0 	0.0 	0.0 	0.0 	0.0 	0.0 	9.9 	9.9 	8.7 	8.9 	9.0 	9.2 	9.1 	10.8 	9.4 		RB22	RB35	RB29	-	-	-	-	-	RB23	RB22	RB24	RB32	RB27	RB27	RB29	RB24	RB27		RB33	9.4 	0.0 	0.0 	38.0 	0.3 	2.7 	20.0 	0.2 	38 	0.331 	1.000 	0.544 	0 	0.146 	0.000 	107 	0.353 		85 		-	-		-	-	Jack Bech	0.005 	WR104		-	-		RB37	8.5 	0.0 	0.0 	114.1 	0.8 	8.0 	59.9 	0.5 	37 	0.227 	1.000 	0.557 	(0)	0.000 	0.000 	#N/A	0.285 		25.4 		-	-		-	-	Jack Bech	13 	WR82		-	-					New Orleans Saints	Detroit Lions	0 	0.0 	46 	0.0 	7.0 	32 	0.0 	0.0 	0.0 	0.0 	0.0 	11.3 	RB22		New Orleans Saints	Baltimore Ravens	0 	0.0 	25 	0.0 	2.0 	6 	0.0 	0.0 	0.0 	0.0 	1.0 	6.1 	RB35		New Orleans Saints	Las Vegas Raiders	0 	0.0 	57 	0.0 	2.0 	13 	0.0 	0.0 	0.0 	0.0 	0.0 	8.0 	RB29		New Orleans Saints	Atlanta Falcons	0 	0.0 	0 	0.0 	0.0 	0 	0.0 	0.0 	0.0 	0.0 	0.0 	0.0 	-		New Orleans Saints	Minnesota Vikings	0 	0.0 	0 	0.0 	0.0 	0 	0.0 	0.0 	0.0 	0.0 	0.0 	0.0 	-		New Orleans Saints	New York Giants	0 	0.0 	0 	0.0 	0.0 	0 	0.0 	0.0 	0.0 	0.0 	0.0 	0.0 	-		New Orleans Saints	Pittsburgh Steelers	0 	0.0 	0 	0.0 	0.0 	0 	0.0 	0.0 	0.0 	0.0 	0.0 	0.0 	-		New Orleans Saints	BYE	0 	0.0 	0 	0.0 	0.0 	0 	0.0 	0.0 	0.0 	0.0 	0.0 	0.0 	-		New Orleans Saints	Cleveland Browns	0 	0.0 	41 	0.3 	2.6 	20 	0.2 	0.0 	0.1 	0.0 	0.0 	9.9 	RB23		New Orleans Saints	Carolina Panthers	0 	0.0 	41 	0.3 	2.6 	20 	0.2 	0.0 	0.1 	0.0 	0.0 	9.9 	RB22		New Orleans Saints	Chicago Bears	0 	0.0 	33 	0.2 	2.7 	20 	0.2 	0.0 	0.1 	0.0 	0.0 	8.7 	RB24		New Orleans Saints	Cincinnati Bengals	0 	0.0 	34 	0.2 	2.7 	20 	0.2 	0.0 	0.1 	0.0 	0.0 	8.9 	RB32		New Orleans Saints	Green Bay Packers	0 	0.0 	36 	0.2 	2.7 	20 	0.2 	0.0 	0.1 	0.0 	0.0 	9.0 	RB27		New Orleans Saints	Carolina Panthers	0 	0.0 	38 	0.3 	2.6 	20 	0.2 	0.0 	0.1 	0.0 	0.0 	9.2 	RB27		New Orleans Saints	Tampa Bay Buccaneers	0 	0.0 	36 	0.2 	2.7 	20 	0.2 	0.0 	0.1 	0.0 	0.0 	9.1 	RB29		New Orleans Saints	Arizona Cardinals	0 	0.0 	45 	0.3 	2.7 	20 	0.2 	0.0 	0.1 	0.0 	0.0 	10.8 	RB24		New Orleans Saints	Atlanta Falcons	0 	0.0 	38 	0.3 	2.6 	20 	0.2 	0.0 	0.1 	0.0 	0.0 	9.4 	RB27		Actual	Actual	Actual	Actual	Forecast	Forecast	Forecast	Forecast	Forecast	Forecast	Forecast	Forecast	Forecast	Forecast	Forecast	Forecast	Forecast		Healthy	Healthy	Healthy	Injured	Injured	Injured	Injured	Healthy	Healthy	Healthy	Healthy	Healthy	Healthy	Healthy	Healthy	Healthy	Healthy		Week 5 2026	10/6/2026	7:50:59 PM	19		8%	10%	44%	43%	0%	0%		0.1 	0	0	1	1	1	
	Jordan Addison	Minnesota Vikings	WR	WR43	8.7 	130 	0 	0.0 	0.0 	0.0 	13 	0.9 	0.0 	0.0 	51.3 	3.4 	743 	49.5 	4.8 	0.3 	0.0 	0.1 	0.0 	0.353 	1.000 	0.560 	0 	0.107 	0.000 	99 	107 	8 	44 	42 	(2)	0.348 				-	-		-	-	Jordan Whittington	0.013 	WR98		-	-		0.0 	3.1 	17.5 	7.1 	8.3 	0.0 	8.8 	8.6 	8.7 	8.4 	8.6 	8.5 	8.5 	8.2 	8.6 	8.8 	8.2 		-	WR68	WR10	WR43	WR40	-	WR35	WR37	WR38	WR40	WR34	WR43	WR39	WR43	WR41	WR39	WR47		WR42	8.5 	0.0 	0.0 	1.2 	0.0 	3.4 	48.3 	0.3 	42 	0.399 	1.000 	0.580 	0 	0.121 	0.000 	100 	0.369 		102 		-	-		-	-	Jordan Whittington	0.024 	WR97		-	-		WR52	9.2 	0.0 	0.0 	4.8 	0.0 	13.4 	193.3 	1.3 	52 	0.247 	1.000 	0.480 	0 	0.009 	0.000 	#N/A	0.257 		27.7 		-	-		-	-	Jordan Whittington	2 	WR100		-	-					Minnesota Vikings	Green Bay Packers	0 	0.0 	0 	0.0 	0.0 	0 	0.0 	0.0 	0.0 	0.0 	0.0 	0.0 	-		Minnesota Vikings	Chicago Bears	0 	0.0 	0 	0.0 	2.0 	21 	0.0 	0.0 	0.0 	0.0 	0.0 	3.1 	WR68		Minnesota Vikings	Tampa Bay Buccaneers	0 	0.0 	0 	0.0 	5.0 	90 	1.0 	0.0 	0.0 	0.0 	0.0 	17.5 	WR10		Minnesota Vikings	Miami Dolphins	0 	0.0 	(1)	0.0 	4.0 	52 	0.0 	0.0 	0.0 	0.0 	0.0 	7.1 	WR43		Minnesota Vikings	New Orleans Saints	0 	0.0 	1 	0.0 	3.3 	47 	0.3 	0.0 	0.0 	0.0 	0.0 	8.3 	WR40		Minnesota Vikings	BYE	0 	0.0 	0 	0.0 	0.0 	0 	0.0 	0.0 	0.0 	0.0 	0.0 	0.0 	-		Minnesota Vikings	Indianapolis Colts	0 	0.0 	1 	0.0 	3.4 	49 	0.3 	0.0 	0.0 	0.0 	0.0 	8.8 	WR35		Minnesota Vikings	Detroit Lions	0 	0.0 	1 	0.0 	3.4 	49 	0.3 	0.0 	0.0 	0.0 	0.0 	8.6 	WR37		Minnesota Vikings	Buffalo Bills	0 	0.0 	1 	0.0 	3.4 	49 	0.3 	0.0 	0.0 	0.0 	0.0 	8.7 	WR38		Minnesota Vikings	Green Bay Packers	0 	0.0 	1 	0.0 	3.4 	48 	0.3 	0.0 	0.0 	0.0 	0.0 	8.4 	WR40		Minnesota Vikings	San Francisco 49ers	0 	0.0 	1 	0.0 	3.4 	49 	0.3 	0.0 	0.0 	0.0 	0.0 	8.6 	WR34		Minnesota Vikings	Atlanta Falcons	0 	0.0 	1 	0.0 	3.3 	48 	0.3 	0.0 	0.0 	0.0 	0.0 	8.5 	WR43		Minnesota Vikings	Carolina Panthers	0 	0.0 	1 	0.0 	3.3 	48 	0.3 	0.0 	0.0 	0.0 	0.0 	8.5 	WR39		Minnesota Vikings	New England Patriots	0 	0.0 	1 	0.0 	3.3 	47 	0.3 	0.0 	0.0 	0.0 	0.0 	8.2 	WR43		Minnesota Vikings	Detroit Lions	0 	0.0 	1 	0.0 	3.4 	49 	0.3 	0.0 	0.0 	0.0 	0.0 	8.6 	WR41		Minnesota Vikings	Washington Commanders	0 	0.0 	1 	0.0 	3.4 	49 	0.3 	0.0 	0.0 	0.0 	0.0 	8.8 	WR39		Minnesota Vikings	New York Jets	0 	0.0 	1 	0.0 	3.3 	47 	0.3 	0.0 	0.0 	0.0 	0.0 	8.2 	WR47		Actual	Actual	Actual	Actual	Forecast	Forecast	Forecast	Forecast	Forecast	Forecast	Forecast	Forecast	Forecast	Forecast	Forecast	Forecast	Forecast		Healthy	Healthy	Healthy	Healthy	Healthy	Healthy	Healthy	Healthy	Healthy	Healthy	Healthy	Healthy	Healthy	Healthy	Healthy	Healthy	Healthy		Week 5 2026	10/6/2026	7:50:59 PM	19		22%	21%	1%	0%	0%	0%		0.1 	0	0	0	0	0	0.112320 
	Dallas Goedert	Philadelphia Eagles	TE	TE13	9.1 	109 	0 	0.0 	0.0 	0.0 	0 	0.0 	0.0 	0.0 	50.1 	4.2 	527 	44.0 	5.3 	0.4 	0.0 	0.1 	0.0 	0.297 	0.560 	0.376 	1 	0.345 	0.000 	98 	119 	21 	22 	14 	(8)	0.350 				-	-		-	-	Olamide Zaccheaus	0.008 	WR99		-	-		21.7 	0.9 	0.0 	0.0 	0.0 	0.0 	9.1 	8.8 	8.7 	0.0 	8.6 	9.0 	8.5 	8.9 	8.5 	8.0 	8.6 		TE2	TE33	-	-	-	-	TE9	TE8	TE10	-	TE10	TE9	TE10	TE8	TE12	TE13	TE12		TE13	8.7 	0.0 	0.0 	0.0 	0.0 	4.5 	44.6 	0.3 	19 	0.338 	0.560 	0.404 	1 	0.347 	0.000 	102 	0.368 		87 		-	-		-	-	Olamide Zaccheaus	0.018 	WR98		-	-		TE25	11.3 	0.0 	0.0 	0.0 	0.0 	22.5 	223.2 	1.6 	25 	0.202 	0.560 	0.347 	(0)	0.000 	0.000 	#N/A	0.169 		22.6 		-	-		-	-	Olamide Zaccheaus	4 	WR96		-	-					Philadelphia Eagles	Washington Commanders	0 	0.0 	0 	0.0 	4.0 	77 	2.0 	0.0 	0.0 	0.0 	0.0 	21.7 	TE2		Philadelphia Eagles	Tennessee Titans	0 	0.0 	0 	0.0 	1.0 	4 	0.0 	0.0 	0.0 	0.0 	0.0 	0.9 	TE33		Philadelphia Eagles	Chicago Bears	0 	0.0 	0 	0.0 	0.0 	0 	0.0 	0.0 	0.0 	0.0 	0.0 	0.0 	-		Philadelphia Eagles	Los Angeles Rams	0 	0.0 	0 	0.0 	0.0 	0 	0.0 	0.0 	0.0 	0.0 	0.0 	0.0 	-		Philadelphia Eagles	Jacksonville Jaguars	0 	0.0 	0 	0.0 	0.0 	0 	0.0 	0.0 	0.0 	0.0 	0.0 	0.0 	-		Philadelphia Eagles	Carolina Panthers	0 	0.0 	0 	0.0 	0.0 	0 	0.0 	0.0 	0.0 	0.0 	0.0 	0.0 	-		Philadelphia Eagles	Dallas Cowboys	0 	0.0 	0 	0.0 	4.7 	46 	0.4 	0.0 	0.0 	0.0 	0.0 	9.1 	TE9		Philadelphia Eagles	Washington Commanders	0 	0.0 	0 	0.0 	4.6 	45 	0.3 	0.0 	0.0 	0.0 	0.0 	8.8 	TE8		Philadelphia Eagles	New York Giants	0 	0.0 	0 	0.0 	4.5 	45 	0.3 	0.0 	0.0 	0.0 	0.0 	8.7 	TE10		Philadelphia Eagles	BYE	0 	0.0 	0 	0.0 	0.0 	0 	0.0 	0.0 	0.0 	0.0 	0.0 	0.0 	-		Philadelphia Eagles	Pittsburgh Steelers	0 	0.0 	0 	0.0 	4.5 	44 	0.3 	0.0 	0.0 	0.0 	0.0 	8.6 	TE10		Philadelphia Eagles	Dallas Cowboys	0 	0.0 	0 	0.0 	4.7 	46 	0.3 	0.0 	0.0 	0.0 	0.0 	9.0 	TE9		Philadelphia Eagles	Arizona Cardinals	0 	0.0 	0 	0.0 	4.4 	43 	0.3 	0.0 	0.0 	0.0 	0.0 	8.5 	TE10		Philadelphia Eagles	Indianapolis Colts	0 	0.0 	0 	0.0 	4.6 	45 	0.4 	0.0 	0.0 	0.0 	0.0 	8.9 	TE8		Philadelphia Eagles	Seattle Seahawks	0 	0.0 	0 	0.0 	4.5 	44 	0.3 	0.0 	0.0 	0.0 	0.0 	8.5 	TE12		Philadelphia Eagles	Houston Texans	0 	0.0 	0 	0.0 	4.3 	42 	0.3 	0.0 	0.0 	0.0 	0.0 	8.0 	TE13		Philadelphia Eagles	San Francisco 49ers	0 	0.0 	0 	0.0 	4.5 	45 	0.3 	0.0 	0.0 	0.0 	0.0 	8.6 	TE12		Actual	Actual	Actual	Actual	Forecast	Forecast	Forecast	Forecast	Forecast	Forecast	Forecast	Forecast	Forecast	Forecast	Forecast	Forecast	Forecast		Healthy	Healthy	Injured	Injured	Injured	Injured	Healthy	Healthy	Healthy	Healthy	Healthy	Healthy	Healthy	Healthy	Healthy	Healthy	Healthy		Week 5 2026	10/6/2026	7:50:59 PM	19		21%	21%	0%	0%	0%	0%		0.2 	0	1	1	1	1	
	Trevor Lawrence	Jacksonville Jaguars	QB	QB11	16.2 	259 	3,566 	222.9 	27.4 	1.7 	193 	12.0 	1.5 	0.1 	0.0 	0.0 	0 	0.0 	0.0 	0.0 	9.7 	0.9 	0.0 	0.704 	0.460 	0.363 	1 	0.345 	0.000 	97 	87 	(10)	11 	10 	(1)	0.355 				-	-		-	-	Omar Cooper Jr.	0.007 	WR100		-	-		26.1 	6.2 	19.8 	13.1 	16.0 	15.8 	0.0 	17.3 	16.0 	16.2 	16.2 	16.6 	15.6 	16.1 	14.7 	16.6 	17.1 		QB5	QB30	QB15	QB19	QB12	QB12	-	QB6	QB16	QB10	QB14	QB10	QB19	QB16	QB27	QB8	QB6		QB11	16.2 	226.9 	1.6 	13.2 	0.1 	0.0 	0.0 	0.0 	11 	0.757 	0.460 	0.363 	1 	0.473 	0.000 	87 	0.415 		194 		-	-		-	-	Omar Cooper Jr.	0.008 	WR100		-	-		QB14	16.3 	680.8 	4.9 	39.7 	0.4 	0.0 	0.0 	0.0 	14 	0.582 	0.460 	0.329 	1 	0.273 	0.000 	#N/A	0.302 		65.1 		-	-		-	-	Omar Cooper Jr.	4 	WR97		-	-					Jacksonville Jaguars	Cleveland Browns	245 	4.0 	3 	0.0 	0.0 	0 	0.0 	0.0 	0.0 	0.0 	0.0 	26.1 	QB5		Jacksonville Jaguars	Denver Broncos	189 	0.0 	6 	0.0 	0.0 	0 	0.0 	1.0 	0.0 	0.0 	0.0 	6.2 	QB30		Jacksonville Jaguars	New England Patriots	182 	3.0 	25 	0.0 	0.0 	0 	0.0 	1.0 	0.0 	0.0 	0.0 	19.8 	QB15		Jacksonville Jaguars	Cincinnati Bengals	227 	1.0 	0 	0.0 	0.0 	0 	0.0 	0.0 	0.0 	0.0 	0.0 	13.1 	QB19		Jacksonville Jaguars	Philadelphia Eagles	219 	1.6 	15 	0.1 	0.0 	0 	0.0 	0.6 	0.1 	0.0 	0.0 	16.0 	QB12		Jacksonville Jaguars	Houston Texans	224 	1.6 	13 	0.1 	0.0 	0 	0.0 	0.6 	0.1 	0.0 	0.0 	15.8 	QB12		Jacksonville Jaguars	BYE	0 	0.0 	0 	0.0 	0.0 	0 	0.0 	0.0 	0.0 	0.0 	0.0 	0.0 	-		Jacksonville Jaguars	Indianapolis Colts	232 	1.8 	15 	0.1 	0.0 	0 	0.0 	0.6 	0.1 	0.0 	0.0 	17.3 	QB6		Jacksonville Jaguars	Baltimore Ravens	231 	1.6 	12 	0.1 	0.0 	0 	0.0 	0.6 	0.1 	0.0 	0.0 	16.0 	QB16		Jacksonville Jaguars	Tennessee Titans	227 	1.6 	13 	0.1 	0.0 	0 	0.0 	0.6 	0.1 	0.0 	0.0 	16.2 	QB10		Jacksonville Jaguars	New York Giants	227 	1.6 	13 	0.1 	0.0 	0 	0.0 	0.6 	0.1 	0.0 	0.0 	16.2 	QB14		Jacksonville Jaguars	Tennessee Titans	227 	1.7 	14 	0.1 	0.0 	0 	0.0 	0.6 	0.1 	0.0 	0.0 	16.6 	QB10		Jacksonville Jaguars	Chicago Bears	225 	1.5 	12 	0.1 	0.0 	0 	0.0 	0.6 	0.1 	0.0 	0.0 	15.6 	QB19		Jacksonville Jaguars	Pittsburgh Steelers	226 	1.6 	13 	0.1 	0.0 	0 	0.0 	0.6 	0.1 	0.0 	0.0 	16.1 	QB16		Jacksonville Jaguars	Houston Texans	218 	1.4 	12 	0.1 	0.0 	0 	0.0 	0.6 	0.1 	0.0 	0.0 	14.7 	QB27		Jacksonville Jaguars	Dallas Cowboys	233 	1.7 	13 	0.1 	0.0 	0 	0.0 	0.6 	0.1 	0.0 	0.0 	16.6 	QB8		Jacksonville Jaguars	Washington Commanders	234 	1.8 	14 	0.1 	0.0 	0 	0.0 	0.6 	0.1 	0.0 	0.0 	17.1 	QB6		Actual	Actual	Actual	Actual	Forecast	Forecast	Forecast	Forecast	Forecast	Forecast	Forecast	Forecast	Forecast	Forecast	Forecast	Forecast	Forecast		Healthy	Healthy	Healthy	Healthy	Healthy	Healthy	Healthy	Healthy	Healthy	Healthy	Healthy	Healthy	Healthy	Healthy	Healthy	Healthy	Healthy		Week 5 2026	10/6/2026	7:50:59 PM	19		0%	0%	11%	14%	99%	99%		0.1 	0	0	0	0	0	0.112401 
	Caleb Williams	Chicago Bears	QB	QB13	18.4 	221 	2,471 	205.9 	17.5 	1.5 	429 	35.7 	4.2 	0.4 	0.0 	0.0 	0 	0.0 	0.0 	0.0 	7.2 	0.8 	0.0 	0.601 	0.460 	0.158 	1 	0.560 	0.000 	102 	72 	(30)	27 	7 	(20)	0.347 				-	-		-	-	Jaylin Lane	0.005 	WR101		-	-		37.3 	8.3 	0.0 	0.0 	0.0 	0.0 	17.4 	16.3 	18.1 	0.0 	17.9 	17.8 	17.7 	17.9 	17.5 	17.4 	17.8 		QB1	QB25	-	-	-	-	QB5	QB11	QB4	-	QB4	QB4	QB3	QB5	QB4	QB6	QB3		QB13	17.6 	206.4 	1.6 	32.2 	0.2 	0.0 	0.0 	0.0 	24 	0.685 	0.460 	0.200 	1 	0.615 	0.000 	92 	0.395 		176 		-	-		-	-	Jaylin Lane	0.005 	WR103		-	-		QB23	22.8 	1,031.8 	7.8 	160.9 	1.1 	0.0 	0.0 	0.0 	23 	0.407 	0.460 	0.213 	(0)	0.000 	0.000 	#N/A	0.113 		45.5 		-	-		-	-	Jaylin Lane	4 	WR97		-	-					Chicago Bears	Carolina Panthers	269 	2.0 	65 	2.0 	0.0 	0 	0.0 	0.0 	0.0 	0.0 	0.0 	37.3 	QB1		Chicago Bears	Minnesota Vikings	138 	0.0 	42 	0.0 	0.0 	0 	0.0 	0.7 	0.0 	0.0 	0.0 	8.3 	QB25		Chicago Bears	Philadelphia Eagles	0 	0.0 	0 	0.0 	0.0 	0 	0.0 	0.0 	0.0 	0.0 	0.0 	0.0 	-		Chicago Bears	New York Jets	0 	0.0 	0 	0.0 	0.0 	0 	0.0 	0.0 	0.0 	0.0 	0.0 	0.0 	-		Chicago Bears	Green Bay Packers	0 	0.0 	0 	0.0 	0.0 	0 	0.0 	0.0 	0.0 	0.0 	0.0 	0.0 	-		Chicago Bears	Atlanta Falcons	0 	0.0 	0 	0.0 	0.0 	0 	0.0 	0.0 	0.0 	0.0 	0.0 	0.0 	-		Chicago Bears	New England Patriots	204 	1.5 	32 	0.2 	0.0 	0 	0.0 	0.6 	0.1 	0.0 	0.0 	17.4 	QB5		Chicago Bears	Seattle Seahawks	204 	1.4 	28 	0.2 	0.0 	0 	0.0 	0.6 	0.1 	0.0 	0.0 	16.3 	QB11		Chicago Bears	Tampa Bay Buccaneers	209 	1.6 	33 	0.2 	0.0 	0 	0.0 	0.6 	0.1 	0.0 	0.0 	18.1 	QB4		Chicago Bears	BYE	0 	0.0 	0 	0.0 	0.0 	0 	0.0 	0.0 	0.0 	0.0 	0.0 	0.0 	-		Chicago Bears	New Orleans Saints	200 	1.6 	36 	0.3 	0.0 	0 	0.0 	0.6 	0.1 	0.0 	0.0 	17.9 	QB4		Chicago Bears	Detroit Lions	211 	1.6 	31 	0.2 	0.0 	0 	0.0 	0.6 	0.1 	0.0 	0.0 	17.8 	QB4		Chicago Bears	Jacksonville Jaguars	207 	1.6 	33 	0.2 	0.0 	0 	0.0 	0.6 	0.1 	0.0 	0.0 	17.7 	QB3		Chicago Bears	Miami Dolphins	204 	1.6 	34 	0.2 	0.0 	0 	0.0 	0.6 	0.1 	0.0 	0.0 	17.9 	QB5		Chicago Bears	Buffalo Bills	213 	1.6 	30 	0.2 	0.0 	0 	0.0 	0.6 	0.1 	0.0 	0.0 	17.5 	QB4		Chicago Bears	Green Bay Packers	204 	1.5 	32 	0.2 	0.0 	0 	0.0 	0.6 	0.1 	0.0 	0.0 	17.4 	QB6		Chicago Bears	Detroit Lions	207 	1.6 	33 	0.2 	0.0 	0 	0.0 	0.6 	0.1 	0.0 	0.0 	17.8 	QB3		Actual	Actual	Actual	Actual	Forecast	Forecast	Forecast	Forecast	Forecast	Forecast	Forecast	Forecast	Forecast	Forecast	Forecast	Forecast	Forecast		Healthy	Healthy	Injured	Injured	Injured	Injured	Healthy	Healthy	Healthy	Healthy	Healthy	Healthy	Healthy	Healthy	Healthy	Healthy	Healthy		Week 5 2026	10/6/2026	7:50:59 PM	19		0%	0%	22%	21%	99%	99%		0.3 	0	1	1	1	1	
	Emeka Egbuka	Tampa Bay Buccaneers	WR	WR45	8.2 	132 	0 	0.0 	0.0 	0.0 	(3)	(0.2)	0.0 	0.0 	61.3 	3.8 	695 	43.5 	5.3 	0.3 	0.0 	0.1 	0.0 	0.357 	1.000 	0.570 	0 	0.074 	0.000 	105 	45 	(60)	43 	21 	(22)	0.339 				-	-		-	-	Cyrus Allen	0.004 	WR102		-	-		8.8 	8.8 	8.7 	2.3 	8.5 	7.7 	8.6 	8.8 	8.8 	0.0 	8.8 	8.7 	8.5 	8.7 	8.8 	8.6 	8.7 		WR31	WR27	WR37	WR68	WR37	WR42	WR36	WR35	WR37	-	WR32	WR39	WR41	WR38	WR39	WR42	WR41		WR39	8.6 	0.0 	0.0 	0.0 	0.0 	3.9 	45.1 	0.4 	39 	0.401 	1.000 	0.610 	0 	0.125 	0.000 	94 	0.385 		103 		-	-		-	-	Cyrus Allen	0.006 	WR101		-	-		WR49	7.2 	0.0 	0.0 	0.0 	0.0 	11.6 	135.3 	1.1 	49 	0.255 	1.000 	0.510 	0 	0.022 	0.000 	#N/A	0.276 		28.6 		-	-		-	-	Cyrus Allen	0 	WR103		-	-					Tampa Bay Buccaneers	Cincinnati Bengals	0 	0.0 	0 	0.0 	5.0 	63 	0.0 	0.0 	0.0 	0.0 	0.0 	8.8 	WR31		Tampa Bay Buccaneers	Cleveland Browns	0 	0.0 	(3)	0.0 	3.0 	16 	1.0 	0.0 	0.0 	0.0 	0.0 	8.8 	WR27		Tampa Bay Buccaneers	Minnesota Vikings	0 	0.0 	0 	0.0 	5.0 	62 	0.0 	0.0 	0.0 	0.0 	0.0 	8.7 	WR37		Tampa Bay Buccaneers	Green Bay Packers	0 	0.0 	0 	0.0 	2.0 	13 	0.0 	0.0 	0.0 	0.0 	0.0 	2.3 	WR68		Tampa Bay Buccaneers	Dallas Cowboys	0 	0.0 	0 	0.0 	3.9 	46 	0.3 	0.0 	0.0 	0.0 	0.0 	8.5 	WR37		Tampa Bay Buccaneers	Pittsburgh Steelers	0 	0.0 	0 	0.0 	3.6 	42 	0.3 	0.0 	0.0 	0.0 	0.0 	7.7 	WR42		Tampa Bay Buccaneers	Carolina Panthers	0 	0.0 	0 	0.0 	3.8 	45 	0.4 	0.0 	0.0 	0.0 	0.0 	8.6 	WR36		Tampa Bay Buccaneers	Atlanta Falcons	0 	0.0 	0 	0.0 	3.9 	45 	0.4 	0.0 	0.0 	0.0 	0.0 	8.8 	WR35		Tampa Bay Buccaneers	Chicago Bears	0 	0.0 	0 	0.0 	3.9 	46 	0.4 	0.0 	0.0 	0.0 	0.0 	8.8 	WR37		Tampa Bay Buccaneers	BYE	0 	0.0 	0 	0.0 	0.0 	0 	0.0 	0.0 	0.0 	0.0 	0.0 	0.0 	-		Tampa Bay Buccaneers	Detroit Lions	0 	0.0 	0 	0.0 	3.9 	46 	0.4 	0.0 	0.0 	0.0 	0.0 	8.8 	WR32		Tampa Bay Buccaneers	Carolina Panthers	0 	0.0 	0 	0.0 	3.9 	45 	0.4 	0.0 	0.0 	0.0 	0.0 	8.7 	WR39		Tampa Bay Buccaneers	Los Angeles Chargers	0 	0.0 	0 	0.0 	3.8 	45 	0.4 	0.0 	0.0 	0.0 	0.0 	8.5 	WR41		Tampa Bay Buccaneers	Baltimore Ravens	0 	0.0 	0 	0.0 	3.9 	46 	0.4 	0.0 	0.0 	0.0 	0.0 	8.7 	WR38		Tampa Bay Buccaneers	New Orleans Saints	0 	0.0 	0 	0.0 	3.9 	45 	0.4 	0.0 	0.0 	0.0 	0.0 	8.8 	WR39		Tampa Bay Buccaneers	Atlanta Falcons	0 	0.0 	0 	0.0 	3.8 	45 	0.4 	0.0 	0.0 	0.0 	0.0 	8.6 	WR42		Tampa Bay Buccaneers	Los Angeles Rams	0 	0.0 	0 	0.0 	3.9 	46 	0.4 	0.0 	0.0 	0.0 	0.0 	8.7 	WR41		Actual	Actual	Actual	Actual	Forecast	Forecast	Forecast	Forecast	Forecast	Forecast	Forecast	Forecast	Forecast	Forecast	Forecast	Forecast	Forecast		Healthy	Healthy	Healthy	Healthy	Healthy	Healthy	Healthy	Healthy	Healthy	Healthy	Healthy	Healthy	Healthy	Healthy	Healthy	Healthy	Healthy		Week 5 2026	10/6/2026	7:50:59 PM	19		20%	23%	0%	0%	0%	0%		0.1 	0	0	0	0	0	0.108383 
	Mike Gesicki	Cincinnati Bengals	TE	TE14	8.3 	124 	0 	0.0 	0.0 	0.0 	0 	0.0 	0.0 	0.0 	43.8 	2.9 	571 	38.1 	7.6 	0.5 	0.0 	0.1 	0.0 	0.337 	0.560 	0.450 	1 	0.248 	0.000 	104 	272 	168 	14 	32 	18 	0.342 				-	-		-	-	De’Zhaun Stribling	0.004 	WR103		-	-		16.3 	0.0 	11.2 	11.5 	6.7 	0.0 	7.1 	7.2 	7.3 	7.1 	7.3 	7.1 	6.9 	7.0 	7.0 	7.3 	7.3 		TE4	-	TE9	TE8	TE20	-	TE20	TE17	TE18	TE19	TE17	TE20	TE17	TE21	TE22	TE18	TE18		TE20	7.1 	0.0 	0.0 	0.0 	0.0 	2.7 	34.7 	0.4 	20 	0.332 	0.560 	0.395 	0 	0.145 	0.000 	137 	0.273 		85 		-	-		-	-	De’Zhaun Stribling	0.006 	WR102		-	-		TE9	13.0 	0.0 	0.0 	0.0 	0.0 	10.9 	138.7 	1.5 	9 	0.348 	0.560 	0.493 	1 	0.460 	0.000 	#N/A	0.456 		39.0 		-	-		-	-	De’Zhaun Stribling	0 	WR103		-	-					Cincinnati Bengals	Tampa Bay Buccaneers	0 	0.0 	0 	0.0 	5.0 	78 	1.0 	0.0 	0.0 	0.0 	0.0 	16.3 	TE4		Cincinnati Bengals	Houston Texans	0 	0.0 	0 	0.0 	0.0 	0 	0.0 	0.0 	0.0 	0.0 	0.0 	0.0 	-		Cincinnati Bengals	Pittsburgh Steelers	0 	0.0 	0 	0.0 	3.0 	37 	1.0 	0.0 	0.0 	0.0 	0.0 	11.2 	TE9		Cincinnati Bengals	Jacksonville Jaguars	0 	0.0 	0 	0.0 	3.0 	40 	1.0 	0.0 	0.0 	0.0 	0.0 	11.5 	TE8		Cincinnati Bengals	Miami Dolphins	0 	0.0 	0 	0.0 	2.6 	33 	0.4 	0.0 	0.0 	0.0 	0.0 	6.7 	TE20		Cincinnati Bengals	BYE	0 	0.0 	0 	0.0 	0.0 	0 	0.0 	0.0 	0.0 	0.0 	0.0 	0.0 	-		Cincinnati Bengals	Baltimore Ravens	0 	0.0 	0 	0.0 	2.8 	35 	0.4 	0.0 	0.0 	0.0 	0.0 	7.1 	TE20		Cincinnati Bengals	Tennessee Titans	0 	0.0 	0 	0.0 	2.7 	35 	0.4 	0.0 	0.0 	0.0 	0.0 	7.2 	TE17		Cincinnati Bengals	Atlanta Falcons	0 	0.0 	0 	0.0 	2.8 	35 	0.4 	0.0 	0.0 	0.0 	0.0 	7.3 	TE18		Cincinnati Bengals	Pittsburgh Steelers	0 	0.0 	0 	0.0 	2.7 	35 	0.4 	0.0 	0.0 	0.0 	0.0 	7.1 	TE19		Cincinnati Bengals	Washington Commanders	0 	0.0 	0 	0.0 	2.8 	36 	0.4 	0.0 	0.0 	0.0 	0.0 	7.3 	TE17		Cincinnati Bengals	New Orleans Saints	0 	0.0 	0 	0.0 	2.7 	34 	0.4 	0.0 	0.0 	0.0 	0.0 	7.1 	TE20		Cincinnati Bengals	Cleveland Browns	0 	0.0 	0 	0.0 	2.7 	34 	0.4 	0.0 	0.0 	0.0 	0.0 	6.9 	TE17		Cincinnati Bengals	Kansas City Chiefs	0 	0.0 	0 	0.0 	2.7 	34 	0.4 	0.0 	0.0 	0.0 	0.0 	7.0 	TE21		Cincinnati Bengals	Carolina Panthers	0 	0.0 	0 	0.0 	2.7 	34 	0.4 	0.0 	0.0 	0.0 	0.0 	7.0 	TE22		Cincinnati Bengals	Indianapolis Colts	0 	0.0 	0 	0.0 	2.8 	36 	0.4 	0.0 	0.0 	0.0 	0.0 	7.3 	TE18		Cincinnati Bengals	Baltimore Ravens	0 	0.0 	0 	0.0 	2.8 	36 	0.4 	0.0 	0.0 	0.0 	0.0 	7.3 	TE18		Actual	Actual	Actual	Actual	Forecast	Forecast	Forecast	Forecast	Forecast	Forecast	Forecast	Forecast	Forecast	Forecast	Forecast	Forecast	Forecast		Healthy	Healthy	Healthy	Healthy	Healthy	Healthy	Healthy	Healthy	Healthy	Healthy	Healthy	Healthy	Healthy	Healthy	Healthy	Healthy	Healthy		Week 5 2026	10/6/2026	7:50:59 PM	19		13%	18%	0%	0%	0%	0%		(0.2)	0	0	0	0	0	(0.183118)
	Jacory Croskey-Merritt	Washington Commanders	RB	RB34	7.9 	126 	0 	0.0 	0.0 	0.0 	707 	44.2 	5.7 	0.4 	15.2 	0.9 	117 	7.3 	0.7 	0.0 	0.0 	1.3 	0.0 	0.342 	1.000 	0.619 	0 	0.011 	0.000 	108 	98 	(10)	32 	39 	7 	0.334 				-	-		-	-	Jalen McMillan	0.003 	WR104		-	-		12.1 	5.3 	4.8 	6.0 	8.4 	7.1 	0.0 	8.0 	7.5 	8.1 	8.6 	9.2 	8.5 	7.8 	8.8 	7.9 	7.8 		RB17	RB39	RB40	RB40	RB29	RB32	-	RB29	RB32	RB28	RB25	RB28	RB28	RB32	RB32	RB33	RB34		RB32	8.1 	0.0 	0.0 	45.9 	0.4 	0.8 	6.4 	0.1 	31 	0.381 	1.000 	0.632 	0 	0.049 	0.000 	104 	0.361 		98 		-	-		-	-	Jalen McMillan	0.004 	WR105		-	-		RB31	7.1 	0.0 	0.0 	137.6 	1.2 	2.5 	19.3 	0.2 	31 	0.252 	1.000 	0.632 	(0)	0.000 	0.000 	#N/A	0.322 		28.2 		-	-		-	-	Jalen McMillan	0 	WR103		-	-					Washington Commanders	Philadelphia Eagles	0 	0.0 	63 	1.0 	1.0 	(7)	0.0 	0.0 	0.0 	0.0 	0.0 	12.1 	RB17		Washington Commanders	Dallas Cowboys	0 	0.0 	43 	0.0 	1.0 	5 	0.0 	0.0 	0.0 	0.0 	0.0 	5.3 	RB39		Washington Commanders	Seattle Seahawks	0 	0.0 	36 	0.0 	1.0 	7 	0.0 	0.0 	0.0 	0.0 	0.0 	4.8 	RB40		Washington Commanders	Indianapolis Colts	0 	0.0 	15 	0.0 	2.0 	35 	0.0 	0.0 	0.0 	0.0 	0.0 	6.0 	RB40		Washington Commanders	New York Giants	0 	0.0 	48 	0.4 	0.8 	6 	0.1 	0.0 	0.1 	0.0 	0.0 	8.4 	RB29		Washington Commanders	San Francisco 49ers	0 	0.0 	39 	0.3 	0.9 	7 	0.1 	0.0 	0.1 	0.0 	0.0 	7.1 	RB32		Washington Commanders	BYE	0 	0.0 	0 	0.0 	0.0 	0 	0.0 	0.0 	0.0 	0.0 	0.0 	0.0 	-		Washington Commanders	Philadelphia Eagles	0 	0.0 	45 	0.4 	0.8 	6 	0.1 	0.0 	0.1 	0.0 	0.0 	8.0 	RB29		Washington Commanders	Los Angeles Rams	0 	0.0 	42 	0.4 	0.9 	7 	0.1 	0.0 	0.1 	0.0 	0.0 	7.5 	RB32		Washington Commanders	New York Giants	0 	0.0 	46 	0.4 	0.8 	6 	0.1 	0.0 	0.1 	0.0 	0.0 	8.1 	RB28		Washington Commanders	Cincinnati Bengals	0 	0.0 	48 	0.4 	0.9 	7 	0.1 	0.0 	0.1 	0.0 	0.0 	8.6 	RB25		Washington Commanders	Arizona Cardinals	0 	0.0 	52 	0.5 	0.8 	6 	0.1 	0.0 	0.1 	0.0 	0.0 	9.2 	RB28		Washington Commanders	Tennessee Titans	0 	0.0 	48 	0.4 	0.8 	6 	0.1 	0.0 	0.1 	0.0 	0.0 	8.5 	RB28		Washington Commanders	Houston Texans	0 	0.0 	45 	0.4 	0.8 	6 	0.1 	0.0 	0.1 	0.0 	0.0 	7.8 	RB32		Washington Commanders	Atlanta Falcons	0 	0.0 	49 	0.4 	0.8 	6 	0.1 	0.0 	0.1 	0.0 	0.0 	8.8 	RB32		Washington Commanders	Minnesota Vikings	0 	0.0 	45 	0.4 	0.8 	6 	0.1 	0.0 	0.1 	0.0 	0.0 	7.9 	RB33		Washington Commanders	Jacksonville Jaguars	0 	0.0 	44 	0.4 	0.9 	6 	0.1 	0.0 	0.1 	0.0 	0.0 	7.8 	RB34		Actual	Actual	Actual	Actual	Forecast	Forecast	Forecast	Forecast	Forecast	Forecast	Forecast	Forecast	Forecast	Forecast	Forecast	Forecast	Forecast		Healthy	Healthy	Healthy	Healthy	Healthy	Healthy	Healthy	Healthy	Healthy	Healthy	Healthy	Healthy	Healthy	Healthy	Healthy	Healthy	Healthy		Week 5 2026	10/6/2026	7:50:59 PM	19		3%	4%	35%	40%	0%	0%		0.0 	0	0	0	0	0	0.039098 
	Jayden Daniels	Washington Commanders	QB	QB15	17.1 	239 	2,800 	200.0 	20.5 	1.5 	476 	34.0 	2.5 	0.2 	0.0 	0.0 	0 	0.0 	0.0 	0.0 	7.7 	0.9 	0.0 	0.649 	0.460 	0.253 	1 	0.428 	0.000 	107 	63 	(44)	20 	6 	(14)	0.335 				-	-		-	-	Jayden Reed	0.003 	WR105		-	-		17.7 	14.7 	0.0 	0.0 	16.3 	16.9 	0.0 	16.9 	17.2 	17.1 	18.4 	18.2 	17.4 	16.4 	17.9 	16.6 	17.1 		QB13	QB18	-	-	QB10	QB6	-	QB9	QB9	QB7	QB3	QB3	QB6	QB11	QB3	QB7	QB7		QB6	17.2 	211.6 	1.5 	31.3 	0.2 	0.0 	0.0 	0.0 	6 	0.805 	0.460 	0.415 	1 	0.578 	0.000 	61 	0.492 		207 		-	-		-	-	Jayden Reed	0.001 	WR107		-	-		QB31	16.2 	1,269.8 	8.7 	187.9 	1.2 	0.0 	0.0 	0.0 	31 	0.289 	0.460 	0.100 	(1)	0.000 	0.000 	#N/A	0.053 		32.4 		-	-		-	-	Jayden Reed	4 	WR94		-	-					Washington Commanders	Philadelphia Eagles	164 	2.0 	31 	0.0 	0.0 	0 	0.0 	0.0 	0.0 	0.0 	0.0 	17.7 	QB13		Washington Commanders	Dallas Cowboys	96 	1.0 	69 	0.0 	0.0 	0 	0.0 	0.0 	0.0 	0.0 	0.0 	14.7 	QB18		Washington Commanders	Seattle Seahawks	0 	0.0 	0 	0.0 	0.0 	0 	0.0 	0.0 	0.0 	0.0 	0.0 	0.0 	-		Washington Commanders	Indianapolis Colts	0 	0.0 	0 	0.0 	0.0 	0 	0.0 	0.0 	0.0 	0.0 	0.0 	0.0 	-		Washington Commanders	New York Giants	197 	1.4 	31 	0.2 	0.0 	0 	0.0 	0.7 	0.1 	0.0 	0.0 	16.3 	QB10		Washington Commanders	San Francisco 49ers	221 	1.5 	27 	0.2 	0.0 	0 	0.0 	0.6 	0.1 	0.0 	0.0 	16.9 	QB6		Washington Commanders	BYE	0 	0.0 	0 	0.0 	0.0 	0 	0.0 	0.0 	0.0 	0.0 	0.0 	0.0 	-		Washington Commanders	Philadelphia Eagles	209 	1.4 	31 	0.2 	0.0 	0 	0.0 	0.6 	0.1 	0.0 	0.0 	16.9 	QB9		Washington Commanders	Los Angeles Rams	220 	1.5 	29 	0.2 	0.0 	0 	0.0 	0.6 	0.1 	0.0 	0.0 	17.2 	QB9		Washington Commanders	New York Giants	211 	1.4 	31 	0.2 	0.0 	0 	0.0 	0.6 	0.1 	0.0 	0.0 	17.1 	QB7		Washington Commanders	Cincinnati Bengals	220 	1.6 	33 	0.2 	0.0 	0 	0.0 	0.6 	0.1 	0.0 	0.0 	18.4 	QB3		Washington Commanders	Arizona Cardinals	211 	1.6 	36 	0.2 	0.0 	0 	0.0 	0.6 	0.1 	0.0 	0.0 	18.2 	QB3		Washington Commanders	Tennessee Titans	209 	1.5 	33 	0.2 	0.0 	0 	0.0 	0.6 	0.1 	0.0 	0.0 	17.4 	QB6		Washington Commanders	Houston Texans	206 	1.3 	31 	0.2 	0.0 	0 	0.0 	0.6 	0.1 	0.0 	0.0 	16.4 	QB11		Washington Commanders	Atlanta Falcons	213 	1.5 	34 	0.2 	0.0 	0 	0.0 	0.6 	0.1 	0.0 	0.0 	17.9 	QB3		Washington Commanders	Minnesota Vikings	208 	1.4 	31 	0.2 	0.0 	0 	0.0 	0.6 	0.1 	0.0 	0.0 	16.6 	QB7		Washington Commanders	Jacksonville Jaguars	214 	1.4 	30 	0.2 	0.0 	0 	0.0 	0.6 	0.1 	0.0 	0.0 	17.1 	QB7		Actual	Actual	Actual	Actual	Forecast	Forecast	Forecast	Forecast	Forecast	Forecast	Forecast	Forecast	Forecast	Forecast	Forecast	Forecast	Forecast		Healthy	Healthy	Injured	Injured	Limited / Handicapped	Healthy	Healthy	Healthy	Healthy	Healthy	Healthy	Healthy	Healthy	Healthy	Healthy	Healthy	Healthy		Week 5 2026	10/6/2026	7:50:59 PM	19		0%	0%	24%	21%	99%	99%		0.4 	0	1	1	0	0	
	Deshaun Watson	Cleveland Browns	QB	QB14	16.1 	257 	3,515 	219.7 	22.3 	1.4 	405 	25.3 	1.3 	0.1 	0.0 	0.0 	0 	0.0 	0.0 	0.0 	9.7 	1.9 	0.0 	0.698 	0.460 	0.340 	1 	0.332 	0.000 	106 	258 	152 	13 	34 	21 	0.336 									Tank Dell							14.0 	19.7 	20.3 	12.9 	15.6 	15.8 	15.8 	15.0 	16.0 	14.9 	0.0 	16.4 	16.8 	16.7 	15.5 	15.1 	16.6 		QB20	QB12	QB14	QB21	QB14	QB13	QB15	QB20	QB17	QB23	-	QB12	QB8	QB7	QB21	QB22	QB10		QB15	15.8 	221.7 	1.4 	23.2 	0.1 	0.0 	0.0 	0.0 	14 	0.741 	0.460 	0.329 	1 	0.439 	0.000 	95 	0.381 		190 		-	-		-	-	Tank Dell	0.003 	WR106		-	-		QB13	16.7 	665.0 	4.1 	69.6 	0.3 	0.0 	0.0 	0.0 	13 	0.598 	0.460 	0.340 	1 	0.301 	0.000 	#N/A	0.322 		66.9 		-	-		-	-	Tank Dell	0 	WR103		-	-					Cleveland Browns	Jacksonville Jaguars	205 	1.0 	38 	0.0 	0.0 	0 	0.0 	1.0 	0.0 	0.0 	0.0 	14.0 	QB20		Cleveland Browns	Tampa Bay Buccaneers	238 	2.0 	22 	0.0 	0.0 	0 	0.0 	0.0 	0.0 	0.0 	0.0 	19.7 	QB12		Cleveland Browns	Carolina Panthers	144 	2.0 	45 	0.0 	0.0 	0 	0.0 	0.0 	0.0 	0.0 	1.0 	20.3 	QB14		Cleveland Browns	Pittsburgh Steelers	268 	1.0 	22 	0.0 	0.0 	0 	0.0 	1.0 	1.0 	0.0 	0.0 	12.9 	QB21		Cleveland Browns	New York Jets	218 	1.3 	24 	0.1 	0.0 	0 	0.0 	0.6 	0.1 	0.0 	0.0 	15.6 	QB14		Cleveland Browns	Baltimore Ravens	219 	1.4 	24 	0.1 	0.0 	0 	0.0 	0.6 	0.1 	0.0 	0.0 	15.8 	QB13		Cleveland Browns	Tennessee Titans	219 	1.4 	24 	0.1 	0.0 	0 	0.0 	0.6 	0.1 	0.0 	0.0 	15.8 	QB15		Cleveland Browns	Pittsburgh Steelers	220 	1.2 	21 	0.1 	0.0 	0 	0.0 	0.6 	0.1 	0.0 	0.0 	15.0 	QB20		Cleveland Browns	New Orleans Saints	224 	1.4 	23 	0.1 	0.0 	0 	0.0 	0.6 	0.1 	0.0 	0.0 	16.0 	QB17		Cleveland Browns	Houston Texans	216 	1.2 	22 	0.1 	0.0 	0 	0.0 	0.6 	0.1 	0.0 	0.0 	14.9 	QB23		Cleveland Browns	BYE	0 	0.0 	0 	0.0 	0.0 	0 	0.0 	0.0 	0.0 	0.0 	0.0 	0.0 	-		Cleveland Browns	Las Vegas Raiders	220 	1.4 	26 	0.1 	0.0 	0 	0.0 	0.6 	0.1 	0.0 	0.0 	16.4 	QB12		Cleveland Browns	Cincinnati Bengals	230 	1.5 	23 	0.1 	0.0 	0 	0.0 	0.6 	0.1 	0.0 	0.0 	16.8 	QB8		Cleveland Browns	Atlanta Falcons	222 	1.5 	26 	0.1 	0.0 	0 	0.0 	0.6 	0.1 	0.0 	0.0 	16.7 	QB7		Cleveland Browns	New York Giants	220 	1.3 	22 	0.1 	0.0 	0 	0.0 	0.6 	0.1 	0.0 	0.0 	15.5 	QB21		Cleveland Browns	Baltimore Ravens	224 	1.3 	20 	0.1 	0.0 	0 	0.0 	0.6 	0.1 	0.0 	0.0 	15.1 	QB22		Cleveland Browns	Indianapolis Colts	225 	1.5 	25 	0.1 	0.0 	0 	0.0 	0.6 	0.1 	0.0 	0.0 	16.6 	QB10		Actual	Actual	Actual	Actual	Forecast	Forecast	Forecast	Forecast	Forecast	Forecast	Forecast	Forecast	Forecast	Forecast	Forecast	Forecast	Forecast		Healthy	Healthy	Healthy	Healthy	Healthy	Healthy	Healthy	Healthy	Healthy	Healthy	Healthy	Healthy	Healthy	Healthy	Healthy	Healthy	Healthy		Week 5 2026	10/6/2026	7:50:59 PM	19		0%	0%	24%	18%	99%	99%		0.1 	0	0	0	0	0	0.058874 
	Kenyon Sadiq	New York Jets	TE	TE15	8.2 	123 	0 	0.0 	0.0 	0.0 	3 	0.2 	1.0 	0.1 	56.2 	3.7 	642 	42.8 	4.1 	0.3 	0.0 	0.1 	0.0 	0.333 	0.560 	0.441 	1 	0.236 	0.000 	109 	192 	83 	15 	25 	10 	0.332 				-	-		-	-	Travis Hunter	0.000 	WR106		-	-		9.9 	2.7 	20.0 	0.0 	7.6 	7.6 	7.8 	7.6 	7.3 	7.9 	7.3 	7.5 	0.0 	7.3 	7.6 	7.3 	7.4 		TE11	TE23	TE4	-	TE14	TE13	TE14	TE12	TE17	TE13	TE18	TE17	-	TE18	TE16	TE17	TE17		TE17	7.5 	0.0 	0.0 	0.0 	0.0 	3.7 	41.6 	0.3 	16 	0.352 	0.560 	0.432 	0 	0.198 	0.000 	123 	0.315 		90 		-	-		-	-	Travis Hunter	0.000 	WR108		-	-		TE15	10.9 	0.0 	0.0 	0.0 	0.0 	14.7 	166.5 	1.0 	15 	0.291 	0.560 	0.441 	1 	0.261 	0.000 	#N/A	0.337 		32.6 		-	-		-	-	Travis Hunter	0 	WR103		-	-					New York Jets	Tennessee Titans	0 	0.0 	3 	1.0 	3.0 	21 	0.0 	0.0 	0.0 	0.0 	0.0 	9.9 	TE11		New York Jets	Green Bay Packers	0 	0.0 	0 	0.0 	2.0 	17 	0.0 	0.0 	0.0 	0.0 	0.0 	2.7 	TE23		New York Jets	Detroit Lions	0 	0.0 	0 	0.0 	7.0 	105 	1.0 	0.0 	0.0 	0.0 	0.0 	20.0 	TE4		New York Jets	Chicago Bears	0 	0.0 	0 	0.0 	0.0 	0 	0.0 	0.0 	0.0 	0.0 	0.0 	0.0 	-		New York Jets	Cleveland Browns	0 	0.0 	0 	0.0 	3.7 	41 	0.3 	0.0 	0.0 	0.0 	0.0 	7.6 	TE14		New York Jets	New England Patriots	0 	0.0 	0 	0.0 	3.7 	42 	0.3 	0.0 	0.0 	0.0 	0.0 	7.6 	TE13		New York Jets	Miami Dolphins	0 	0.0 	0 	0.0 	3.7 	42 	0.3 	0.0 	0.0 	0.0 	0.0 	7.8 	TE14		New York Jets	Las Vegas Raiders	0 	0.0 	0 	0.0 	3.7 	41 	0.3 	0.0 	0.0 	0.0 	0.0 	7.6 	TE12		New York Jets	Kansas City Chiefs	0 	0.0 	0 	0.0 	3.7 	41 	0.2 	0.0 	0.0 	0.0 	0.0 	7.3 	TE17		New York Jets	Buffalo Bills	0 	0.0 	0 	0.0 	3.8 	43 	0.3 	0.0 	0.0 	0.0 	0.0 	7.9 	TE13		New York Jets	Los Angeles Chargers	0 	0.0 	0 	0.0 	3.7 	41 	0.2 	0.0 	0.0 	0.0 	0.0 	7.3 	TE18		New York Jets	Miami Dolphins	0 	0.0 	0 	0.0 	3.7 	41 	0.3 	0.0 	0.0 	0.0 	0.0 	7.5 	TE17		New York Jets	BYE	0 	0.0 	0 	0.0 	0.0 	0 	0.0 	0.0 	0.0 	0.0 	0.0 	0.0 	-		New York Jets	Denver Broncos	0 	0.0 	0 	0.0 	3.6 	41 	0.2 	0.0 	0.0 	0.0 	0.0 	7.3 	TE18		New York Jets	Arizona Cardinals	0 	0.0 	0 	0.0 	3.7 	42 	0.3 	0.0 	0.0 	0.0 	0.0 	7.6 	TE16		New York Jets	New England Patriots	0 	0.0 	0 	0.0 	3.6 	41 	0.2 	0.0 	0.0 	0.0 	0.0 	7.3 	TE17		New York Jets	Minnesota Vikings	0 	0.0 	0 	0.0 	3.6 	41 	0.2 	0.0 	0.0 	0.0 	0.0 	7.4 	TE17		Actual	Actual	Actual	Actual	Forecast	Forecast	Forecast	Forecast	Forecast	Forecast	Forecast	Forecast	Forecast	Forecast	Forecast	Forecast	Forecast		Healthy	Healthy	Healthy	Healthy	Healthy	Healthy	Healthy	Healthy	Healthy	Healthy	Healthy	Healthy	Healthy	Healthy	Healthy	Healthy	Healthy		Week 5 2026	10/6/2026	7:50:59 PM	19		19%	20%	0%	0%	0%	0%		(0.0)	0	0	0	0	0	(0.022677)
	Xavier Worthy	Kansas City Chiefs	WR	WR46	8.1 	129 	0 	0.0 	0.0 	0.0 	17 	1.0 	0.1 	0.0 	67.5 	4.2 	663 	41.4 	4.5 	0.3 	0.0 	0.1 	0.0 	0.350 	1.000 	0.550 	0 	0.061 	0.000 	112 	139 	27 	45 	52 	7 	0.324 				-	-		-	-	Ricky Pearsall	0.000 	WR106		-	-		3.3 	11.0 	3.0 	9.0 	0.0 	8.7 	8.3 	8.2 	8.3 	8.6 	8.7 	8.8 	8.5 	8.7 	8.6 	8.8 	8.4 		WR73	WR19	WR68	WR37	-	WR35	WR42	WR42	WR45	WR36	WR33	WR38	WR38	WR37	WR42	WR40	WR44		WR40	8.5 	0.0 	0.0 	1.4 	0.0 	4.5 	44.1 	0.3 	40 	0.400 	1.000 	0.600 	0 	0.123 	0.000 	96 	0.379 		103 		-	-		-	-	Ricky Pearsall	0.000 	WR108		-	-		WR56	6.6 	0.0 	0.0 	4.2 	0.0 	13.4 	132.4 	0.9 	56 	0.235 	1.000 	0.440 	(0)	0.000 	0.000 	#N/A	0.233 		26.3 		-	-		-	-	Ricky Pearsall	0 	WR103		-	-					Kansas City Chiefs	Denver Broncos	0 	0.0 	0 	0.0 	3.0 	18 	0.0 	0.0 	0.0 	0.0 	0.0 	3.3 	WR73		Kansas City Chiefs	Indianapolis Colts	0 	0.0 	0 	0.0 	5.0 	25 	1.0 	0.0 	0.0 	0.0 	0.0 	11.0 	WR19		Kansas City Chiefs	Miami Dolphins	0 	0.0 	0 	0.0 	2.0 	20 	0.0 	0.0 	0.0 	0.0 	0.0 	3.0 	WR68		Kansas City Chiefs	Las Vegas Raiders	0 	0.0 	0 	0.0 	4.0 	70 	0.0 	0.0 	0.0 	0.0 	0.0 	9.0 	WR37		Kansas City Chiefs	BYE	0 	0.0 	0 	0.0 	0.0 	0 	0.0 	0.0 	0.0 	0.0 	0.0 	0.0 	-		Kansas City Chiefs	Los Angeles Chargers	0 	0.0 	2 	0.0 	4.4 	44 	0.3 	0.0 	0.0 	0.0 	0.0 	8.7 	WR35		Kansas City Chiefs	Seattle Seahawks	0 	0.0 	1 	0.0 	4.4 	43 	0.3 	0.0 	0.0 	0.0 	0.0 	8.3 	WR42		Kansas City Chiefs	Denver Broncos	0 	0.0 	1 	0.0 	4.4 	43 	0.3 	0.0 	0.0 	0.0 	0.0 	8.2 	WR42		Kansas City Chiefs	New York Jets	0 	0.0 	2 	0.0 	4.3 	42 	0.3 	0.0 	0.0 	0.0 	0.0 	8.3 	WR45		Kansas City Chiefs	Atlanta Falcons	0 	0.0 	1 	0.0 	4.4 	44 	0.3 	0.0 	0.0 	0.0 	0.0 	8.6 	WR36		Kansas City Chiefs	Arizona Cardinals	0 	0.0 	2 	0.0 	4.4 	44 	0.3 	0.0 	0.0 	0.0 	0.0 	8.7 	WR33		Kansas City Chiefs	Buffalo Bills	0 	0.0 	1 	0.0 	4.6 	46 	0.3 	0.0 	0.0 	0.0 	0.0 	8.8 	WR38		Kansas City Chiefs	Los Angeles Rams	0 	0.0 	1 	0.0 	4.5 	45 	0.3 	0.0 	0.0 	0.0 	0.0 	8.5 	WR38		Kansas City Chiefs	Cincinnati Bengals	0 	0.0 	1 	0.0 	4.6 	45 	0.3 	0.0 	0.0 	0.0 	0.0 	8.7 	WR37		Kansas City Chiefs	New England Patriots	0 	0.0 	1 	0.0 	4.5 	44 	0.3 	0.0 	0.0 	0.0 	0.0 	8.6 	WR42		Kansas City Chiefs	San Francisco 49ers	0 	0.0 	1 	0.0 	4.5 	45 	0.3 	0.0 	0.0 	0.0 	0.0 	8.8 	WR40		Kansas City Chiefs	Los Angeles Chargers	0 	0.0 	1 	0.0 	4.4 	44 	0.3 	0.0 	0.0 	0.0 	0.0 	8.4 	WR44		Actual	Actual	Actual	Actual	Forecast	Forecast	Forecast	Forecast	Forecast	Forecast	Forecast	Forecast	Forecast	Forecast	Forecast	Forecast	Forecast		Healthy	Healthy	Healthy	Healthy	Healthy	Healthy	Healthy	Healthy	Healthy	Healthy	Healthy	Healthy	Healthy	Healthy	Healthy	Healthy	Healthy		Week 5 2026	10/6/2026	7:50:59 PM	19		21%	19%	1%	1%	0%	0%		0.1 	0	0	0	0	0	0.145885 
	Rachaad White	Washington Commanders	RB	RB35	7.9 	118 	0 	0.0 	0.0 	0.0 	413 	27.5 	2.7 	0.2 	46.3 	3.1 	256 	17.1 	2.2 	0.1 	0.0 	0.8 	0.0 	0.321 	1.000 	0.607 	0 	0.012 	0.000 	110 	121 	11 	33 	41 	8 	0.326 				-	-		-	-	Jayden Higgins	0.000 	WR106		-	-		3.7 	11.3 	10.6 	0.0 	7.5 	7.3 	0.0 	7.6 	7.5 	7.7 	8.2 	8.4 	7.9 	7.4 	8.1 	7.5 	7.6 		RB46	RB14	RB21	-	RB32	RB31	-	RB30	RB33	RB30	RB28	RB34	RB30	RB33	RB33	RB36	RB35		RB35	7.7 	0.0 	0.0 	26.1 	0.2 	3.1 	17.1 	0.1 	34 	0.361 	1.000 	0.594 	0 	0.017 	0.000 	118 	0.328 		93 		-	-		-	-	Jayden Higgins	0.000 	WR108		-	-		RB36	8.5 	0.0 	0.0 	104.4 	0.9 	12.4 	68.4 	0.4 	36 	0.229 	1.000 	0.569 	(0)	0.000 	0.000 	#N/A	0.291 		25.6 		-	-		-	-	Jayden Higgins	0 	WR103		-	-					Washington Commanders	Philadelphia Eagles	0 	0.0 	22 	0.0 	2.0 	5 	0.0 	0.0 	0.0 	0.0 	0.0 	3.7 	RB46		Washington Commanders	Dallas Cowboys	0 	0.0 	43 	0.0 	6.0 	40 	0.0 	0.0 	0.0 	0.0 	0.0 	11.3 	RB14		Washington Commanders	Seattle Seahawks	0 	0.0 	35 	0.0 	1.0 	6 	1.0 	0.0 	0.0 	0.0 	0.0 	10.6 	RB21		Washington Commanders	Indianapolis Colts	0 	0.0 	0 	0.0 	0.0 	0 	0.0 	0.0 	0.0 	0.0 	0.0 	0.0 	-		Washington Commanders	New York Giants	0 	0.0 	26 	0.2 	2.9 	16 	0.1 	0.0 	0.1 	0.0 	0.0 	7.5 	RB32		Washington Commanders	San Francisco 49ers	0 	0.0 	22 	0.2 	3.2 	18 	0.1 	0.0 	0.1 	0.0 	0.0 	7.3 	RB31		Washington Commanders	BYE	0 	0.0 	0 	0.0 	0.0 	0 	0.0 	0.0 	0.0 	0.0 	0.0 	0.0 	-		Washington Commanders	Philadelphia Eagles	0 	0.0 	26 	0.2 	3.1 	17 	0.1 	0.0 	0.1 	0.0 	0.0 	7.6 	RB30		Washington Commanders	Los Angeles Rams	0 	0.0 	24 	0.2 	3.2 	18 	0.1 	0.0 	0.1 	0.0 	0.0 	7.5 	RB33		Washington Commanders	New York Giants	0 	0.0 	26 	0.2 	3.1 	17 	0.1 	0.0 	0.1 	0.0 	0.0 	7.7 	RB30		Washington Commanders	Cincinnati Bengals	0 	0.0 	27 	0.2 	3.2 	18 	0.1 	0.0 	0.1 	0.0 	0.0 	8.2 	RB28		Washington Commanders	Arizona Cardinals	0 	0.0 	30 	0.3 	3.1 	17 	0.1 	0.0 	0.1 	0.0 	0.0 	8.4 	RB34		Washington Commanders	Tennessee Titans	0 	0.0 	28 	0.2 	3.1 	17 	0.1 	0.0 	0.1 	0.0 	0.0 	7.9 	RB30		Washington Commanders	Houston Texans	0 	0.0 	25 	0.2 	3.0 	17 	0.1 	0.0 	0.1 	0.0 	0.0 	7.4 	RB33		Washington Commanders	Atlanta Falcons	0 	0.0 	28 	0.3 	3.1 	17 	0.1 	0.0 	0.1 	0.0 	0.0 	8.1 	RB33		Washington Commanders	Minnesota Vikings	0 	0.0 	26 	0.2 	3.1 	17 	0.1 	0.0 	0.1 	0.0 	0.0 	7.5 	RB36		Washington Commanders	Jacksonville Jaguars	0 	0.0 	25 	0.2 	3.2 	17 	0.1 	0.0 	0.1 	0.0 	0.0 	7.6 	RB35		Actual	Actual	Actual	Actual	Forecast	Forecast	Forecast	Forecast	Forecast	Forecast	Forecast	Forecast	Forecast	Forecast	Forecast	Forecast	Forecast		Healthy	Healthy	Healthy	Injured	Limited / Handicapped	Healthy	Healthy	Healthy	Healthy	Healthy	Healthy	Healthy	Healthy	Healthy	Healthy	Healthy	Healthy		Week 5 2026	10/6/2026	7:50:59 PM	19		8%	7%	20%	23%	0%	0%		0.0 	0	0	1	0	0	
	Michael Mayer	Las Vegas Raiders	TE	TE16	7.9 	126 	0 	0.0 	0.0 	0.0 	0 	0.0 	0.0 	0.0 	71.7 	4.5 	660 	41.3 	4.1 	0.3 	0.0 	0.1 	0.0 	0.342 	0.560 	0.458 	0 	0.200 	0.000 	111 	0 	(111)	13 	0 	(13)	0.325 																6.2 	3.8 	10.7 	12.2 	8.0 	8.4 	8.0 	7.5 	7.9 	7.6 	7.5 	7.4 	0.0 	7.7 	7.5 	7.8 	7.8 		TE19	TE22	TE10	TE7	TE12	TE11	TE13	TE14	TE15	TE14	TE14	TE19	-	TE14	TE18	TE14	TE16		TE15	7.8 	0.0 	0.0 	0.0 	0.0 	4.3 	40.9 	0.3 	14 	0.363 	0.560 	0.450 	1 	0.230 	0.000 	114 	0.338 		93 		-	-		-	-		-	-		-	-		TE14	8.2 	0.0 	0.0 	0.0 	0.0 	12.9 	122.8 	0.8 	14 	0.294 	0.560 	0.450 	1 	0.270 	0.000 	#N/A	0.346 		32.9 		-	-		-	-		-	-		-	-					Las Vegas Raiders	Miami Dolphins	0 	0.0 	0 	0.0 	6.0 	32 	0.0 	0.0 	0.0 	0.0 	0.0 	6.2 	TE19		Las Vegas Raiders	Los Angeles Chargers	0 	0.0 	0 	0.0 	3.0 	23 	0.0 	0.0 	0.0 	0.0 	0.0 	3.8 	TE22		Las Vegas Raiders	New Orleans Saints	0 	0.0 	0 	0.0 	3.0 	32 	1.0 	0.0 	0.0 	0.0 	0.0 	10.7 	TE10		Las Vegas Raiders	Kansas City Chiefs	0 	0.0 	0 	0.0 	8.0 	82 	0.0 	0.0 	0.0 	0.0 	0.0 	12.2 	TE7		Las Vegas Raiders	New England Patriots	0 	0.0 	0 	0.0 	4.4 	42 	0.3 	0.0 	0.0 	0.0 	0.0 	8.0 	TE12		Las Vegas Raiders	Buffalo Bills	0 	0.0 	0 	0.0 	4.6 	43 	0.3 	0.0 	0.0 	0.0 	0.0 	8.4 	TE11		Las Vegas Raiders	Los Angeles Rams	0 	0.0 	0 	0.0 	4.5 	42 	0.3 	0.0 	0.0 	0.0 	0.0 	8.0 	TE13		Las Vegas Raiders	New York Jets	0 	0.0 	0 	0.0 	4.2 	40 	0.2 	0.0 	0.0 	0.0 	0.0 	7.5 	TE14		Las Vegas Raiders	San Francisco 49ers	0 	0.0 	0 	0.0 	4.4 	42 	0.3 	0.0 	0.0 	0.0 	0.0 	7.9 	TE15		Las Vegas Raiders	Seattle Seahawks	0 	0.0 	0 	0.0 	4.3 	41 	0.2 	0.0 	0.0 	0.0 	0.0 	7.6 	TE14		Las Vegas Raiders	Denver Broncos	0 	0.0 	0 	0.0 	4.3 	40 	0.2 	0.0 	0.0 	0.0 	0.0 	7.5 	TE14		Las Vegas Raiders	Cleveland Browns	0 	0.0 	0 	0.0 	4.1 	39 	0.2 	0.0 	0.0 	0.0 	0.0 	7.4 	TE19		Las Vegas Raiders	BYE	0 	0.0 	0 	0.0 	0.0 	0 	0.0 	0.0 	0.0 	0.0 	0.0 	0.0 	-		Las Vegas Raiders	Los Angeles Chargers	0 	0.0 	0 	0.0 	4.3 	41 	0.2 	0.0 	0.0 	0.0 	0.0 	7.7 	TE14		Las Vegas Raiders	Denver Broncos	0 	0.0 	0 	0.0 	4.2 	40 	0.2 	0.0 	0.0 	0.0 	0.0 	7.5 	TE18		Las Vegas Raiders	Tennessee Titans	0 	0.0 	0 	0.0 	4.3 	40 	0.3 	0.0 	0.0 	0.0 	0.0 	7.8 	TE14		Las Vegas Raiders	Arizona Cardinals	0 	0.0 	0 	0.0 	4.3 	40 	0.3 	0.0 	0.0 	0.0 	0.0 	7.8 	TE16		Actual	Actual	Actual	Actual	Forecast	Forecast	Forecast	Forecast	Forecast	Forecast	Forecast	Forecast	Forecast	Forecast	Forecast	Forecast	Forecast		Healthy	Healthy	Healthy	Healthy	Healthy	Healthy	Healthy	Healthy	Healthy	Healthy	Healthy	Healthy	Healthy	Healthy	Healthy	Healthy	Healthy		Week 5 2026	10/6/2026	7:50:59 PM	19		18%	17%	0%	0%	0%	0%		(0.0)	0	0	0	0	0	(0.007754)
	C.J. Stroud	Houston Texans	QB	QB16	15.8 	254 	3,846 	240.4 	22.4 	1.4 	252 	15.7 	1.0 	0.1 	0.0 	0.0 	0 	0.0 	0.0 	0.0 	7.7 	2.9 	0.0 	0.688 	0.460 	0.329 	0 	0.311 	0.000 	113 	167 	54 	14 	24 	10 	0.320 				-	-		-	-		-	-		-	-		16.5 	17.0 	11.7 	23.1 	15.2 	14.9 	16.4 	0.0 	15.0 	15.0 	16.9 	16.2 	15.3 	16.0 	16.1 	13.6 	14.8 		QB16	QB13	QB25	QB3	QB18	QB18	QB12	-	QB24	QB21	QB9	QB14	QB21	QB17	QB16	QB30	QB24		QB24	15.4 	225.4 	1.5 	15.5 	0.1 	0.0 	0.0 	0.0 	22 	0.723 	0.460 	0.227 	1 	0.398 	0.000 	126 	0.307 		185 		-	-		-	-		-	-		-	-		QB11	17.1 	676.2 	4.4 	46.4 	0.3 	0.0 	0.0 	0.0 	11 	0.610 	0.460 	0.363 	1 	0.321 	0.000 	#N/A	0.344 		68.2 		-	-		-	-		-	-		-	-					Houston Texans	Buffalo Bills	274 	2.0 	15 	0.0 	0.0 	0 	0.0 	0.0 	2.0 	0.0 	0.0 	16.5 	QB16		Houston Texans	Cincinnati Bengals	353 	0.0 	29 	0.0 	0.0 	0 	0.0 	0.0 	0.0 	0.0 	0.0 	17.0 	QB13		Houston Texans	Indianapolis Colts	167 	1.0 	10 	0.0 	0.0 	0 	0.0 	0.0 	0.0 	0.0 	0.0 	11.7 	QB25		Houston Texans	Dallas Cowboys	347 	2.0 	12 	0.0 	0.0 	0 	0.0 	0.0 	0.0 	0.0 	0.0 	23.1 	QB3		Houston Texans	Tennessee Titans	218 	1.4 	17 	0.1 	0.0 	0 	0.0 	0.6 	0.1 	0.0 	0.0 	15.2 	QB18		Houston Texans	Jacksonville Jaguars	224 	1.4 	14 	0.1 	0.0 	0 	0.0 	0.6 	0.1 	0.0 	0.0 	14.9 	QB18		Houston Texans	New York Giants	230 	1.6 	17 	0.1 	0.0 	0 	0.0 	0.6 	0.1 	0.0 	0.0 	16.4 	QB12		Houston Texans	BYE	0 	0.0 	0 	0.0 	0.0 	0 	0.0 	0.0 	0.0 	0.0 	0.0 	0.0 	-		Houston Texans	Los Angeles Chargers	225 	1.4 	14 	0.1 	0.0 	0 	0.0 	0.6 	0.1 	0.0 	0.0 	15.0 	QB24		Houston Texans	Cleveland Browns	219 	1.4 	16 	0.1 	0.0 	0 	0.0 	0.6 	0.1 	0.0 	0.0 	15.0 	QB21		Houston Texans	Indianapolis Colts	234 	1.7 	17 	0.1 	0.0 	0 	0.0 	0.6 	0.1 	0.0 	0.0 	16.9 	QB9		Houston Texans	Baltimore Ravens	232 	1.6 	16 	0.1 	0.0 	0 	0.0 	0.6 	0.1 	0.0 	0.0 	16.2 	QB14		Houston Texans	Pittsburgh Steelers	224 	1.4 	15 	0.1 	0.0 	0 	0.0 	0.6 	0.1 	0.0 	0.0 	15.3 	QB21		Houston Texans	Washington Commanders	230 	1.5 	16 	0.1 	0.0 	0 	0.0 	0.6 	0.1 	0.0 	0.0 	16.0 	QB17		Houston Texans	Jacksonville Jaguars	231 	1.5 	16 	0.1 	0.0 	0 	0.0 	0.6 	0.1 	0.0 	0.0 	16.1 	QB16		Houston Texans	Philadelphia Eagles	214 	1.2 	14 	0.1 	0.0 	0 	0.0 	0.6 	0.1 	0.0 	0.0 	13.6 	QB30		Houston Texans	Green Bay Packers	223 	1.4 	14 	0.1 	0.0 	0 	0.0 	0.6 	0.1 	0.0 	0.0 	14.8 	QB24		Actual	Actual	Actual	Actual	Forecast	Forecast	Forecast	Forecast	Forecast	Forecast	Forecast	Forecast	Forecast	Forecast	Forecast	Forecast	Forecast		Healthy	Healthy	Healthy	Healthy	Healthy	Healthy	Healthy	Healthy	Healthy	Healthy	Healthy	Healthy	Healthy	Healthy	Healthy	Healthy	Healthy		Week 5 2026	10/6/2026	7:50:59 PM	19		0%	0%	14%	10%	99%	99%		(0.0)	0	0	0	0	0	(0.036231)
	Roman Wilson	Pittsburgh Steelers	WR	WR47	8.0 	128 	0 	0.0 	0.0 	0.0 	0 	0.0 	0.0 	0.0 	51.5 	3.2 	682 	42.7 	5.7 	0.4 	0.0 	0.1 	0.0 	0.347 	1.000 	0.530 	0 	0.056 	0.000 	115 	0 	(115)	47 	0 	(47)	0.313 																4.1 	5.3 	13.5 	14.9 	7.8 	7.4 	7.6 	7.3 	0.0 	7.8 	7.3 	7.1 	7.3 	7.5 	7.7 	7.6 	7.5 		WR62	WR45	WR20	WR13	WR45	WR45	WR46	WR47	-	WR45	WR43	WR53	WR48	WR49	WR51	WR52	WR51		WR52	7.5 	0.0 	0.0 	0.0 	0.0 	3.1 	41.2 	0.3 	52 	0.351 	1.000 	0.480 	0 	0.033 	0.000 	135 	0.282 		90 		-	-		-	-		-	-		-	-		WR28	9.5 	0.0 	0.0 	0.0 	0.0 	9.4 	123.6 	0.9 	28 	0.338 	1.000 	0.720 	1 	0.146 	0.000 	#N/A	0.433 		37.8 		-	-		-	-		-	-		-	-					Pittsburgh Steelers	Atlanta Falcons	0 	0.0 	0 	0.0 	3.0 	26 	0.0 	0.0 	0.0 	0.0 	0.0 	4.1 	WR62		Pittsburgh Steelers	New England Patriots	0 	0.0 	0 	0.0 	5.0 	28 	0.0 	0.0 	0.0 	0.0 	0.0 	5.3 	WR45		Pittsburgh Steelers	Cincinnati Bengals	0 	0.0 	0 	0.0 	3.0 	60 	1.0 	0.0 	0.0 	0.0 	0.0 	13.5 	WR20		Pittsburgh Steelers	Cleveland Browns	0 	0.0 	0 	0.0 	3.0 	74 	1.0 	0.0 	0.0 	0.0 	0.0 	14.9 	WR13		Pittsburgh Steelers	Indianapolis Colts	0 	0.0 	0 	0.0 	3.2 	42 	0.3 	0.0 	0.0 	0.0 	0.0 	7.8 	WR45		Pittsburgh Steelers	Tampa Bay Buccaneers	0 	0.0 	0 	0.0 	3.1 	41 	0.3 	0.0 	0.0 	0.0 	0.0 	7.4 	WR45		Pittsburgh Steelers	New Orleans Saints	0 	0.0 	0 	0.0 	3.1 	41 	0.3 	0.0 	0.0 	0.0 	0.0 	7.6 	WR46		Pittsburgh Steelers	Cleveland Browns	0 	0.0 	0 	0.0 	3.0 	40 	0.3 	0.0 	0.0 	0.0 	0.0 	7.3 	WR47		Pittsburgh Steelers	BYE	0 	0.0 	0 	0.0 	0.0 	0 	0.0 	0.0 	0.0 	0.0 	0.0 	0.0 	-		Pittsburgh Steelers	Cincinnati Bengals	0 	0.0 	0 	0.0 	3.3 	43 	0.3 	0.0 	0.0 	0.0 	0.0 	7.8 	WR45		Pittsburgh Steelers	Philadelphia Eagles	0 	0.0 	0 	0.0 	3.1 	41 	0.3 	0.0 	0.0 	0.0 	0.0 	7.3 	WR43		Pittsburgh Steelers	Denver Broncos	0 	0.0 	0 	0.0 	3.0 	40 	0.3 	0.0 	0.0 	0.0 	0.0 	7.1 	WR53		Pittsburgh Steelers	Houston Texans	0 	0.0 	0 	0.0 	3.1 	41 	0.3 	0.0 	0.0 	0.0 	0.0 	7.3 	WR48		Pittsburgh Steelers	Jacksonville Jaguars	0 	0.0 	0 	0.0 	3.1 	41 	0.3 	0.0 	0.0 	0.0 	0.0 	7.5 	WR49		Pittsburgh Steelers	Baltimore Ravens	0 	0.0 	0 	0.0 	3.2 	42 	0.3 	0.0 	0.0 	0.0 	0.0 	7.7 	WR51		Pittsburgh Steelers	Carolina Panthers	0 	0.0 	0 	0.0 	3.1 	41 	0.3 	0.0 	0.0 	0.0 	0.0 	7.6 	WR52		Pittsburgh Steelers	Tennessee Titans	0 	0.0 	0 	0.0 	3.1 	41 	0.3 	0.0 	0.0 	0.0 	0.0 	7.5 	WR51		Actual	Actual	Actual	Actual	Forecast	Forecast	Forecast	Forecast	Forecast	Forecast	Forecast	Forecast	Forecast	Forecast	Forecast	Forecast	Forecast		Healthy	Injured	Healthy	Healthy	Healthy	Healthy	Healthy	Healthy	Healthy	Healthy	Healthy	Healthy	Healthy	Healthy	Healthy	Healthy	Healthy		Week 5 2026	10/6/2026	7:50:59 PM	19		18%	19%	0%	0%	0%	0%		(0.2)	1	0	0	0	0	
	Rome Odunze	Chicago Bears	WR	WR48	7.9 	126 	0 	0.0 	0.0 	0.0 	0 	0.0 	0.0 	0.0 	49.7 	3.1 	782 	48.9 	3.9 	0.2 	0.0 	0.1 	0.0 	0.343 	1.000 	0.520 	0 	0.049 	0.000 	118 	60 	(58)	48 	27 	(21)	0.305 				-	-		-	-		-	-		-	-		6.2 	5.8 	5.9 	12.4 	7.9 	7.9 	7.9 	7.8 	8.2 	0.0 	7.9 	8.2 	8.1 	8.0 	8.2 	7.9 	8.1 		WR47	WR41	WR49	WR19	WR44	WR40	WR45	WR45	WR46	-	WR39	WR46	WR44	WR46	WR45	WR48	WR48		WR49	8.0 	0.0 	0.0 	0.0 	0.0 	3.0 	45.8 	0.3 	49 	0.375 	1.000 	0.510 	0 	0.077 	0.000 	121 	0.316 		96 		-	-		-	-		-	-		-	-		WR44	7.6 	0.0 	0.0 	0.0 	0.0 	8.9 	137.3 	1.0 	44 	0.271 	1.000 	0.560 	0 	0.045 	0.000 	#N/A	0.310 		30.3 		-	-		-	-		-	-		-	-					Chicago Bears	Carolina Panthers	0 	0.0 	0 	0.0 	2.0 	52 	0.0 	0.0 	0.0 	0.0 	0.0 	6.2 	WR47		Chicago Bears	Minnesota Vikings	0 	0.0 	0 	0.0 	3.0 	43 	0.0 	0.0 	0.0 	0.0 	0.0 	5.8 	WR41		Chicago Bears	Philadelphia Eagles	0 	0.0 	0 	0.0 	3.0 	44 	0.0 	0.0 	0.0 	0.0 	0.0 	5.9 	WR49		Chicago Bears	New York Jets	0 	0.0 	0 	0.0 	6.0 	94 	0.0 	0.0 	0.0 	0.0 	0.0 	12.4 	WR19		Chicago Bears	Green Bay Packers	0 	0.0 	0 	0.0 	2.9 	45 	0.3 	0.0 	0.0 	0.0 	0.0 	7.9 	WR44		Chicago Bears	Atlanta Falcons	0 	0.0 	0 	0.0 	2.9 	45 	0.3 	0.0 	0.0 	0.0 	0.0 	7.9 	WR40		Chicago Bears	New England Patriots	0 	0.0 	0 	0.0 	2.9 	45 	0.3 	0.0 	0.0 	0.0 	0.0 	7.9 	WR45		Chicago Bears	Seattle Seahawks	0 	0.0 	0 	0.0 	2.9 	45 	0.3 	0.0 	0.0 	0.0 	0.0 	7.8 	WR45		Chicago Bears	Tampa Bay Buccaneers	0 	0.0 	0 	0.0 	3.0 	46 	0.3 	0.0 	0.0 	0.0 	0.0 	8.2 	WR46		Chicago Bears	BYE	0 	0.0 	0 	0.0 	0.0 	0 	0.0 	0.0 	0.0 	0.0 	0.0 	0.0 	-		Chicago Bears	New Orleans Saints	0 	0.0 	0 	0.0 	2.9 	44 	0.3 	0.0 	0.0 	0.0 	0.0 	7.9 	WR39		Chicago Bears	Detroit Lions	0 	0.0 	0 	0.0 	3.0 	47 	0.3 	0.0 	0.0 	0.0 	0.0 	8.2 	WR46		Chicago Bears	Jacksonville Jaguars	0 	0.0 	0 	0.0 	3.0 	46 	0.3 	0.0 	0.0 	0.0 	0.0 	8.1 	WR44		Chicago Bears	Miami Dolphins	0 	0.0 	0 	0.0 	2.9 	45 	0.3 	0.0 	0.0 	0.0 	0.0 	8.0 	WR46		Chicago Bears	Buffalo Bills	0 	0.0 	0 	0.0 	3.1 	47 	0.3 	0.0 	0.0 	0.0 	0.0 	8.2 	WR45		Chicago Bears	Green Bay Packers	0 	0.0 	0 	0.0 	2.9 	45 	0.3 	0.0 	0.0 	0.0 	0.0 	7.9 	WR48		Chicago Bears	Detroit Lions	0 	0.0 	0 	0.0 	3.0 	46 	0.3 	0.0 	0.0 	0.0 	0.0 	8.1 	WR48		Actual	Actual	Actual	Actual	Forecast	Forecast	Forecast	Forecast	Forecast	Forecast	Forecast	Forecast	Forecast	Forecast	Forecast	Forecast	Forecast		Healthy	Healthy	Healthy	Healthy	Healthy	Healthy	Healthy	Healthy	Healthy	Healthy	Healthy	Healthy	Healthy	Healthy	Healthy	Healthy	Healthy		Week 5 2026	10/6/2026	7:50:59 PM	19		22%	21%	0%	0%	0%	0%		0.0 	0	0	0	0	0	0.005942 
	Matthew Stafford	Los Angeles Rams	QB	QB17	15.8 	252 	3,981 	248.8 	28.8 	1.8 	53 	3.3 	0.2 	0.0 	0.0 	0.0 	0 	0.0 	0.0 	0.0 	13.6 	0.9 	0.0 	0.684 	0.460 	0.317 	0 	0.302 	0.000 	116 	102 	(14)	15 	12 	(3)	0.310 				-	-		-	-		-	-		-	-		4.3 	27.0 	20.9 	9.7 	16.9 	16.7 	15.4 	15.7 	16.2 	15.9 	0.0 	15.6 	15.4 	15.7 	16.4 	14.7 	15.6 		QB32	QB6	QB11	QB26	QB6	QB8	QB19	QB15	QB14	QB13	-	QB22	QB20	QB21	QB13	QB26	QB17		QB14	15.9 	232.7 	1.9 	2.7 	0.0 	0.0 	0.0 	0.0 	13 	0.742 	0.460 	0.340 	1 	0.440 	0.000 	93 	0.387 		190 		-	-		-	-		-	-		-	-		QB16	15.5 	698.0 	5.7 	8.0 	0.1 	0.0 	0.0 	0.0 	16 	0.552 	0.460 	0.304 	0 	0.222 	0.000 	#N/A	0.265 		61.8 		-	-		-	-		-	-		-	-					Los Angeles Rams	San Francisco 49ers	155 	0.0 	(1)	0.0 	0.0 	0 	0.0 	0.9 	0.0 	0.0 	0.0 	4.3 	QB32		Los Angeles Rams	New York Giants	327 	4.0 	(1)	0.0 	0.0 	0 	0.0 	1.0 	0.0 	0.0 	0.0 	27.0 	QB6		Los Angeles Rams	Denver Broncos	390 	2.0 	13 	0.0 	0.0 	0 	0.0 	2.0 	0.0 	0.0 	0.0 	20.9 	QB11		Los Angeles Rams	Philadelphia Eagles	317 	0.0 	10 	0.0 	0.0 	0 	0.0 	2.0 	0.0 	0.0 	0.0 	9.7 	QB26		Los Angeles Rams	Buffalo Bills	244 	2.1 	3 	0.0 	0.0 	0 	0.0 	0.6 	0.1 	0.0 	0.0 	16.9 	QB6		Los Angeles Rams	Arizona Cardinals	235 	2.1 	3 	0.0 	0.0 	0 	0.0 	0.6 	0.1 	0.0 	0.0 	16.7 	QB8		Los Angeles Rams	Las Vegas Raiders	227 	1.8 	3 	0.0 	0.0 	0 	0.0 	0.6 	0.1 	0.0 	0.0 	15.4 	QB19		Los Angeles Rams	Los Angeles Chargers	234 	1.9 	2 	0.0 	0.0 	0 	0.0 	0.6 	0.1 	0.0 	0.0 	15.7 	QB15		Los Angeles Rams	Washington Commanders	236 	2.0 	3 	0.0 	0.0 	0 	0.0 	0.6 	0.1 	0.0 	0.0 	16.2 	QB14		Los Angeles Rams	Arizona Cardinals	228 	1.9 	3 	0.0 	0.0 	0 	0.0 	0.6 	0.1 	0.0 	0.0 	15.9 	QB13		Los Angeles Rams	BYE	0 	0.0 	0 	0.0 	0.0 	0 	0.0 	0.0 	0.0 	0.0 	0.0 	0.0 	-		Los Angeles Rams	Green Bay Packers	231 	1.9 	3 	0.0 	0.0 	0 	0.0 	0.6 	0.1 	0.0 	0.0 	15.6 	QB22		Los Angeles Rams	Kansas City Chiefs	229 	1.8 	3 	0.0 	0.0 	0 	0.0 	0.6 	0.1 	0.0 	0.0 	15.4 	QB20		Los Angeles Rams	San Francisco 49ers	234 	1.9 	2 	0.0 	0.0 	0 	0.0 	0.6 	0.1 	0.0 	0.0 	15.7 	QB21		Los Angeles Rams	Dallas Cowboys	235 	2.0 	3 	0.0 	0.0 	0 	0.0 	0.6 	0.1 	0.0 	0.0 	16.4 	QB13		Los Angeles Rams	Seattle Seahawks	228 	1.7 	2 	0.0 	0.0 	0 	0.0 	0.6 	0.1 	0.0 	0.0 	14.7 	QB26		Los Angeles Rams	Tampa Bay Buccaneers	231 	1.9 	3 	0.0 	0.0 	0 	0.0 	0.6 	0.1 	0.0 	0.0 	15.6 	QB17		Actual	Actual	Actual	Actual	Forecast	Forecast	Forecast	Forecast	Forecast	Forecast	Forecast	Forecast	Forecast	Forecast	Forecast	Forecast	Forecast		Healthy	Healthy	Healthy	Healthy	Healthy	Healthy	Healthy	Healthy	Healthy	Healthy	Healthy	Healthy	Healthy	Healthy	Healthy	Healthy	Healthy		Week 5 2026	10/6/2026	7:50:59 PM	19		0%	0%	2%	2%	99%	99%		0.1 	0	0	0	0	0	0.121801 
	Blake Corum	Los Angeles Rams	RB	RB38	6.7 	107 	0 	0.0 	0.0 	0.0 	753 	47.1 	3.8 	0.2 	10.3 	0.6 	48 	3.0 	0.2 	0.0 	0.0 	1.4 	0.0 	0.289 	1.000 	0.557 	(0)	0.000 	0.000 	122 	91 	(31)	37 	35 	(2)	0.294 				-	-		-	-		-	-		-	-		5.4 	9.7 	2.5 	2.6 	7.1 	8.3 	7.4 	6.7 	7.3 	8.0 	0.0 	7.0 	7.0 	6.7 	7.8 	6.0 	7.0 		RB40	RB20	RB49	RB47	RB35	RB27	RB31	RB32	RB35	RB29	-	RB37	RB32	RB35	RB34	RB41	RB37		RB37	7.2 	0.0 	0.0 	49.3 	0.3 	0.5 	2.4 	0.0 	36 	0.337 	1.000 	0.569 	(0)	0.000 	0.000 	127 	0.307 		86 		-	-		-	-		-	-		-	-		RB44	5.1 	0.0 	0.0 	147.8 	0.9 	1.6 	7.1 	0.1 	44 	0.180 	1.000 	0.468 	(0)	0.000 	0.000 	#N/A	0.238 		20.2 		-	-		-	-		-	-		-	-					Los Angeles Rams	San Francisco 49ers	0 	0.0 	54 	0.0 	0.0 	0 	0.0 	0.0 	0.0 	0.0 	0.0 	5.4 	RB40		Los Angeles Rams	New York Giants	0 	0.0 	79 	0.0 	1.0 	13 	0.0 	0.0 	0.0 	0.0 	0.0 	9.7 	RB20		Los Angeles Rams	Denver Broncos	0 	0.0 	15 	0.0 	2.0 	0 	0.0 	0.0 	0.0 	0.0 	0.0 	2.5 	RB49		Los Angeles Rams	Philadelphia Eagles	0 	0.0 	14 	0.0 	1.0 	7 	0.0 	0.0 	0.0 	0.0 	0.0 	2.6 	RB47		Los Angeles Rams	Buffalo Bills	0 	0.0 	48 	0.3 	0.5 	2 	0.0 	0.0 	0.1 	0.0 	0.0 	7.1 	RB35		Los Angeles Rams	Arizona Cardinals	0 	0.0 	56 	0.4 	0.5 	2 	0.0 	0.0 	0.1 	0.0 	0.0 	8.3 	RB27		Los Angeles Rams	Las Vegas Raiders	0 	0.0 	51 	0.3 	0.5 	2 	0.0 	0.0 	0.1 	0.0 	0.0 	7.4 	RB31		Los Angeles Rams	Los Angeles Chargers	0 	0.0 	46 	0.3 	0.5 	2 	0.0 	0.0 	0.1 	0.0 	0.0 	6.7 	RB32		Los Angeles Rams	Washington Commanders	0 	0.0 	50 	0.3 	0.5 	2 	0.0 	0.0 	0.1 	0.0 	0.0 	7.3 	RB35		Los Angeles Rams	Arizona Cardinals	0 	0.0 	55 	0.4 	0.5 	2 	0.0 	0.0 	0.1 	0.0 	0.0 	8.0 	RB29		Los Angeles Rams	BYE	0 	0.0 	0 	0.0 	0.0 	0 	0.0 	0.0 	0.0 	0.0 	0.0 	0.0 	-		Los Angeles Rams	Green Bay Packers	0 	0.0 	48 	0.3 	0.5 	2 	0.0 	0.0 	0.1 	0.0 	0.0 	7.0 	RB37		Los Angeles Rams	Kansas City Chiefs	0 	0.0 	48 	0.3 	0.5 	2 	0.0 	0.0 	0.1 	0.0 	0.0 	7.0 	RB32		Los Angeles Rams	San Francisco 49ers	0 	0.0 	46 	0.3 	0.5 	2 	0.0 	0.0 	0.1 	0.0 	0.0 	6.7 	RB35		Los Angeles Rams	Dallas Cowboys	0 	0.0 	53 	0.4 	0.5 	2 	0.0 	0.0 	0.1 	0.0 	0.0 	7.8 	RB34		Los Angeles Rams	Seattle Seahawks	0 	0.0 	42 	0.2 	0.5 	2 	0.0 	0.0 	0.1 	0.0 	0.0 	6.0 	RB41		Los Angeles Rams	Tampa Bay Buccaneers	0 	0.0 	48 	0.3 	0.5 	2 	0.0 	0.0 	0.1 	0.0 	0.0 	7.0 	RB37		Actual	Actual	Actual	Actual	Forecast	Forecast	Forecast	Forecast	Forecast	Forecast	Forecast	Forecast	Forecast	Forecast	Forecast	Forecast	Forecast		Healthy	Healthy	Healthy	Healthy	Healthy	Healthy	Healthy	Healthy	Healthy	Healthy	Healthy	Healthy	Healthy	Healthy	Healthy	Healthy	Healthy		Week 5 2026	10/6/2026	7:50:59 PM	19		1%	1%	37%	33%	0%	0%		0.1 	0	0	0	0	0	0.068908 
	Chris Godwin Jr.	Tampa Bay Buccaneers	WR	WR49	7.8 	124 	0 	0.0 	0.0 	0.0 	15 	0.9 	0.0 	0.0 	69.6 	4.3 	656 	41.0 	3.8 	0.2 	0.0 	0.1 	0.0 	0.337 	1.000 	0.510 	0 	0.039 	0.000 	120 	83 	(37)	49 	35 	(14)	0.296 				-	-		-	-		-	-		-	-		6.3 	7.3 	4.0 	6.1 	8.3 	7.6 	8.4 	8.5 	8.6 	0.0 	8.6 	8.5 	8.3 	8.5 	8.6 	8.4 	8.5 		WR46	WR31	WR62	WR50	WR41	WR43	WR39	WR38	WR40	-	WR35	WR44	WR42	WR41	WR43	WR44	WR43		WR45	8.4 	0.0 	0.0 	0.0 	0.0 	4.5 	42.9 	0.3 	45 	0.392 	1.000 	0.550 	0 	0.108 	0.000 	109 	0.350 		101 		-	-		-	-		-	-		-	-		WR61	5.9 	0.0 	0.0 	0.0 	0.0 	13.4 	128.6 	0.9 	61 	0.212 	1.000 	0.390 	(0)	0.000 	0.000 	#N/A	0.207 		23.7 		-	-		-	-		-	-		-	-					Tampa Bay Buccaneers	Cincinnati Bengals	0 	0.0 	3 	0.0 	4.0 	40 	0.0 	0.0 	0.0 	0.0 	0.0 	6.3 	WR46		Tampa Bay Buccaneers	Cleveland Browns	0 	0.0 	12 	0.0 	3.0 	46 	0.0 	0.0 	0.0 	0.0 	0.0 	7.3 	WR31		Tampa Bay Buccaneers	Minnesota Vikings	0 	0.0 	0 	0.0 	3.0 	25 	0.0 	0.0 	0.0 	0.0 	0.0 	4.0 	WR62		Tampa Bay Buccaneers	Green Bay Packers	0 	0.0 	0 	0.0 	6.0 	31 	0.0 	0.0 	0.0 	0.0 	0.0 	6.1 	WR50		Tampa Bay Buccaneers	Dallas Cowboys	0 	0.0 	0 	0.0 	4.5 	43 	0.3 	0.0 	0.0 	0.0 	0.0 	8.3 	WR41		Tampa Bay Buccaneers	Pittsburgh Steelers	0 	0.0 	0 	0.0 	4.1 	40 	0.3 	0.0 	0.0 	0.0 	0.0 	7.6 	WR43		Tampa Bay Buccaneers	Carolina Panthers	0 	0.0 	0 	0.0 	4.4 	43 	0.3 	0.0 	0.0 	0.0 	0.0 	8.4 	WR39		Tampa Bay Buccaneers	Atlanta Falcons	0 	0.0 	0 	0.0 	4.5 	43 	0.3 	0.0 	0.0 	0.0 	0.0 	8.5 	WR38		Tampa Bay Buccaneers	Chicago Bears	0 	0.0 	0 	0.0 	4.6 	44 	0.3 	0.0 	0.0 	0.0 	0.0 	8.6 	WR40		Tampa Bay Buccaneers	BYE	0 	0.0 	0 	0.0 	0.0 	0 	0.0 	0.0 	0.0 	0.0 	0.0 	0.0 	-		Tampa Bay Buccaneers	Detroit Lions	0 	0.0 	0 	0.0 	4.6 	44 	0.3 	0.0 	0.0 	0.0 	0.0 	8.6 	WR35		Tampa Bay Buccaneers	Carolina Panthers	0 	0.0 	0 	0.0 	4.5 	43 	0.3 	0.0 	0.0 	0.0 	0.0 	8.5 	WR44		Tampa Bay Buccaneers	Los Angeles Chargers	0 	0.0 	0 	0.0 	4.4 	42 	0.3 	0.0 	0.0 	0.0 	0.0 	8.3 	WR42		Tampa Bay Buccaneers	Baltimore Ravens	0 	0.0 	0 	0.0 	4.6 	44 	0.3 	0.0 	0.0 	0.0 	0.0 	8.5 	WR41		Tampa Bay Buccaneers	New Orleans Saints	0 	0.0 	0 	0.0 	4.5 	43 	0.3 	0.0 	0.0 	0.0 	0.0 	8.6 	WR43		Tampa Bay Buccaneers	Atlanta Falcons	0 	0.0 	0 	0.0 	4.4 	43 	0.3 	0.0 	0.0 	0.0 	0.0 	8.4 	WR44		Tampa Bay Buccaneers	Los Angeles Rams	0 	0.0 	0 	0.0 	4.5 	43 	0.3 	0.0 	0.0 	0.0 	0.0 	8.5 	WR43		Actual	Actual	Actual	Actual	Forecast	Forecast	Forecast	Forecast	Forecast	Forecast	Forecast	Forecast	Forecast	Forecast	Forecast	Forecast	Forecast		Healthy	Healthy	Healthy	Healthy	Healthy	Healthy	Healthy	Healthy	Healthy	Healthy	Healthy	Healthy	Healthy	Healthy	Healthy	Healthy	Healthy		Week 5 2026	10/6/2026	7:50:59 PM	19		19%	20%	0%	0%	0%	0%		0.1 	0	0	0	0	0	0.142251 
	Woody Marks	Houston Texans	RB	RB39	6.5 	104 	0 	0.0 	0.0 	0.0 	458 	28.6 	5.0 	0.3 	23.8 	1.5 	140 	8.8 	0.7 	0.0 	0.0 	1.1 	0.0 	0.281 	1.000 	0.544 	(0)	0.000 	0.000 	125 	140 	15 	38 	46 	8 	0.287 				-	-		-	-		-	-		-	-		4.5 	6.0 	8.6 	8.2 	6.8 	5.9 	6.9 	0.0 	6.0 	6.4 	7.1 	6.6 	6.3 	6.5 	6.6 	5.5 	5.9 		RB41	RB36	RB25	RB31	RB37	RB34	RB33	-	RB40	RB33	RB30	RB39	RB37	RB37	RB39	RB45	RB43		RB39	6.4 	0.0 	0.0 	30.9 	0.2 	1.4 	9.1 	0.1 	39 	0.298 	1.000 	0.532 	(0)	0.000 	0.000 	134 	0.284 		76 		-	-		-	-		-	-		-	-		RB33	6.8 	0.0 	0.0 	92.8 	0.7 	4.2 	27.3 	0.2 	33 	0.244 	1.000 	0.607 	(0)	0.000 	0.000 	#N/A	0.310 		27.3 		-	-		-	-		-	-		-	-					Houston Texans	Buffalo Bills	0 	0.0 	42 	0.0 	1.0 	(2)	0.0 	0.0 	0.0 	0.0 	0.0 	4.5 	RB41		Houston Texans	Cincinnati Bengals	0 	0.0 	8 	0.0 	5.0 	27 	0.0 	0.0 	0.0 	0.0 	0.0 	6.0 	RB36		Houston Texans	Indianapolis Colts	0 	0.0 	15 	1.0 	1.0 	6 	0.0 	0.0 	0.0 	0.0 	0.0 	8.6 	RB25		Houston Texans	Dallas Cowboys	0 	0.0 	22 	1.0 	0.0 	0 	0.0 	0.0 	0.0 	0.0 	0.0 	8.2 	RB31		Houston Texans	Tennessee Titans	0 	0.0 	34 	0.3 	1.4 	9 	0.1 	0.0 	0.1 	0.0 	0.0 	6.8 	RB37		Houston Texans	Jacksonville Jaguars	0 	0.0 	29 	0.2 	1.4 	9 	0.1 	0.0 	0.1 	0.0 	0.0 	5.9 	RB34		Houston Texans	New York Giants	0 	0.0 	34 	0.3 	1.4 	9 	0.1 	0.0 	0.1 	0.0 	0.0 	6.9 	RB33		Houston Texans	BYE	0 	0.0 	0 	0.0 	0.0 	0 	0.0 	0.0 	0.0 	0.0 	0.0 	0.0 	-		Houston Texans	Los Angeles Chargers	0 	0.0 	29 	0.2 	1.4 	9 	0.1 	0.0 	0.1 	0.0 	0.0 	6.0 	RB40		Houston Texans	Cleveland Browns	0 	0.0 	32 	0.3 	1.4 	9 	0.1 	0.0 	0.1 	0.0 	0.0 	6.4 	RB33		Houston Texans	Indianapolis Colts	0 	0.0 	34 	0.3 	1.5 	9 	0.1 	0.0 	0.1 	0.0 	0.0 	7.1 	RB30		Houston Texans	Baltimore Ravens	0 	0.0 	32 	0.3 	1.4 	9 	0.1 	0.0 	0.1 	0.0 	0.0 	6.6 	RB39		Houston Texans	Pittsburgh Steelers	0 	0.0 	31 	0.2 	1.4 	9 	0.1 	0.0 	0.1 	0.0 	0.0 	6.3 	RB37		Houston Texans	Washington Commanders	0 	0.0 	31 	0.3 	1.4 	9 	0.1 	0.0 	0.1 	0.0 	0.0 	6.5 	RB37		Houston Texans	Jacksonville Jaguars	0 	0.0 	31 	0.3 	1.4 	9 	0.1 	0.0 	0.1 	0.0 	0.0 	6.6 	RB39		Houston Texans	Philadelphia Eagles	0 	0.0 	27 	0.2 	1.3 	9 	0.0 	0.0 	0.1 	0.0 	0.0 	5.5 	RB45		Houston Texans	Green Bay Packers	0 	0.0 	28 	0.2 	1.4 	9 	0.1 	0.0 	0.1 	0.0 	0.0 	5.9 	RB43		Actual	Actual	Actual	Actual	Forecast	Forecast	Forecast	Forecast	Forecast	Forecast	Forecast	Forecast	Forecast	Forecast	Forecast	Forecast	Forecast		Healthy	Healthy	Healthy	Healthy	Healthy	Healthy	Healthy	Healthy	Healthy	Healthy	Healthy	Healthy	Healthy	Healthy	Healthy	Healthy	Healthy		Week 5 2026	10/6/2026	7:50:59 PM	19		4%	4%	28%	29%	0%	0%		(0.0)	0	0	0	0	0	(0.025848)
	Darren Waller	Carolina Panthers	TE	TE17	7.6 	122 	0 	0.0 	0.0 	0.0 	0 	0.0 	0.0 	0.0 	55.4 	3.5 	584 	36.5 	5.9 	0.4 	0.0 	0.1 	0.0 	0.330 	0.560 	0.432 	0 	0.167 	0.000 	119 	294 	175 	16 	40 	24 	0.297 				-	-		-	-		-	-		-	-		3.8 	16.8 	7.6 	5.1 	0.0 	7.3 	7.5 	7.3 	7.1 	7.4 	7.5 	7.4 	7.2 	7.6 	7.6 	7.1 	7.2 		TE26	TE5	TE15	TE23	-	TE15	TE17	TE15	TE21	TE17	TE16	TE18	TE15	TE15	TE15	TE20	TE20		TE18	7.4 	0.0 	0.0 	0.0 	0.0 	3.5 	36.4 	0.3 	17 	0.344 	0.560 	0.422 	0 	0.178 	0.000 	130 	0.301 		88 		-	-		-	-		-	-		-	-		TE13	8.3 	0.0 	0.0 	0.0 	0.0 	10.6 	109.1 	1.0 	13 	0.297 	0.560 	0.458 	1 	0.283 	0.000 	#N/A	0.355 		33.3 		-	-		-	-		-	-		-	-					Carolina Panthers	Chicago Bears	0 	0.0 	0 	0.0 	2.0 	28 	0.0 	0.0 	0.0 	0.0 	0.0 	3.8 	TE26		Carolina Panthers	Atlanta Falcons	0 	0.0 	0 	0.0 	3.0 	33 	2.0 	0.0 	0.0 	0.0 	0.0 	16.8 	TE5		Carolina Panthers	Cleveland Browns	0 	0.0 	0 	0.0 	5.0 	51 	0.0 	0.0 	0.0 	0.0 	0.0 	7.6 	TE15		Carolina Panthers	Detroit Lions	0 	0.0 	0 	0.0 	3.0 	36 	0.0 	0.0 	0.0 	0.0 	0.0 	5.1 	TE23		Carolina Panthers	BYE	0 	0.0 	0 	0.0 	0.0 	0 	0.0 	0.0 	0.0 	0.0 	0.0 	0.0 	-		Carolina Panthers	Philadelphia Eagles	0 	0.0 	0 	0.0 	3.5 	36 	0.3 	0.0 	0.0 	0.0 	0.0 	7.3 	TE15		Carolina Panthers	Tampa Bay Buccaneers	0 	0.0 	0 	0.0 	3.6 	37 	0.3 	0.0 	0.0 	0.0 	0.0 	7.5 	TE17		Carolina Panthers	Green Bay Packers	0 	0.0 	0 	0.0 	3.6 	37 	0.3 	0.0 	0.0 	0.0 	0.0 	7.3 	TE15		Carolina Panthers	Denver Broncos	0 	0.0 	0 	0.0 	3.4 	35 	0.3 	0.0 	0.0 	0.0 	0.0 	7.1 	TE21		Carolina Panthers	New Orleans Saints	0 	0.0 	0 	0.0 	3.5 	36 	0.3 	0.0 	0.0 	0.0 	0.0 	7.4 	TE17		Carolina Panthers	Baltimore Ravens	0 	0.0 	0 	0.0 	3.6 	37 	0.3 	0.0 	0.0 	0.0 	0.0 	7.5 	TE16		Carolina Panthers	Tampa Bay Buccaneers	0 	0.0 	0 	0.0 	3.6 	37 	0.3 	0.0 	0.0 	0.0 	0.0 	7.4 	TE18		Carolina Panthers	Minnesota Vikings	0 	0.0 	0 	0.0 	3.5 	36 	0.3 	0.0 	0.0 	0.0 	0.0 	7.2 	TE15		Carolina Panthers	New Orleans Saints	0 	0.0 	0 	0.0 	3.6 	37 	0.4 	0.0 	0.0 	0.0 	0.0 	7.6 	TE15		Carolina Panthers	Cincinnati Bengals	0 	0.0 	0 	0.0 	3.6 	37 	0.4 	0.0 	0.0 	0.0 	0.0 	7.6 	TE15		Carolina Panthers	Pittsburgh Steelers	0 	0.0 	0 	0.0 	3.5 	36 	0.3 	0.0 	0.0 	0.0 	0.0 	7.1 	TE20		Carolina Panthers	Seattle Seahawks	0 	0.0 	0 	0.0 	3.5 	36 	0.3 	0.0 	0.0 	0.0 	0.0 	7.2 	TE20		Actual	Actual	Actual	Actual	Forecast	Forecast	Forecast	Forecast	Forecast	Forecast	Forecast	Forecast	Forecast	Forecast	Forecast	Forecast	Forecast		Healthy	Healthy	Healthy	Healthy	Healthy	Healthy	Healthy	Healthy	Healthy	Healthy	Healthy	Healthy	Healthy	Healthy	Healthy	Healthy	Healthy		Week 5 2026	10/6/2026	7:50:59 PM	19		16%	22%	0%	0%	0%	0%		(0.1)	0	0	0	0	0	(0.054537)
	KC Concepcion	Cleveland Browns	WR	WR50	7.7 	124 	0 	0.0 	0.0 	0.0 	9 	0.6 	0.0 	0.0 	76.1 	4.8 	681 	42.6 	3.1 	0.2 	0.0 	1.1 	0.0 	0.335 	1.000 	0.500 	0 	0.036 	0.000 	123 	120 	(3)	50 	48 	(2)	0.290 				-	-		-	-		-	-		-	-		5.8 	5.2 	1.9 	8.9 	8.3 	8.4 	8.4 	8.3 	8.6 	8.2 	0.0 	8.5 	8.9 	8.6 	8.4 	8.5 	8.7 		WR52	WR47	WR80	WR38	WR42	WR38	WR38	WR41	WR39	WR42	-	WR42	WR34	WR39	WR44	WR43	WR40		WR43	8.5 	0.0 	0.0 	0.0 	0.0 	4.9 	44.8 	0.3 	43 	0.397 	1.000 	0.570 	0 	0.117 	0.000 	103 	0.363 		102 		-	-		-	-		-	-		-	-		WR70	5.5 	0.0 	0.0 	0.0 	0.0 	14.8 	134.3 	0.8 	70 	0.195 	1.000 	0.300 	(0)	0.000 	0.000 	#N/A	0.164 		21.8 		-	-		-	-		-	-		-	-					Cleveland Browns	Jacksonville Jaguars	0 	0.0 	15 	0.0 	4.0 	43 	0.0 	0.0 	1.0 	0.0 	0.0 	5.8 	WR52		Cleveland Browns	Tampa Bay Buccaneers	0 	0.0 	(6)	0.0 	6.0 	28 	0.0 	0.0 	0.0 	0.0 	0.0 	5.2 	WR47		Cleveland Browns	Carolina Panthers	0 	0.0 	0 	0.0 	2.0 	9 	0.0 	0.0 	0.0 	0.0 	0.0 	1.9 	WR80		Cleveland Browns	Pittsburgh Steelers	0 	0.0 	0 	0.0 	5.0 	64 	0.0 	0.0 	0.0 	0.0 	0.0 	8.9 	WR38		Cleveland Browns	New York Jets	0 	0.0 	0 	0.0 	4.8 	44 	0.3 	0.0 	0.0 	0.0 	0.0 	8.3 	WR42		Cleveland Browns	Baltimore Ravens	0 	0.0 	0 	0.0 	4.9 	44 	0.3 	0.0 	0.0 	0.0 	0.0 	8.4 	WR38		Cleveland Browns	Tennessee Titans	0 	0.0 	0 	0.0 	4.9 	44 	0.3 	0.0 	0.0 	0.0 	0.0 	8.4 	WR38		Cleveland Browns	Pittsburgh Steelers	0 	0.0 	0 	0.0 	4.9 	44 	0.2 	0.0 	0.0 	0.0 	0.0 	8.3 	WR41		Cleveland Browns	New Orleans Saints	0 	0.0 	0 	0.0 	5.0 	45 	0.3 	0.0 	0.0 	0.0 	0.0 	8.6 	WR39		Cleveland Browns	Houston Texans	0 	0.0 	0 	0.0 	4.8 	44 	0.2 	0.0 	0.0 	0.0 	0.0 	8.2 	WR42		Cleveland Browns	BYE	0 	0.0 	0 	0.0 	0.0 	0 	0.0 	0.0 	0.0 	0.0 	0.0 	0.0 	-		Cleveland Browns	Las Vegas Raiders	0 	0.0 	0 	0.0 	4.9 	45 	0.3 	0.0 	0.0 	0.0 	0.0 	8.5 	WR42		Cleveland Browns	Cincinnati Bengals	0 	0.0 	0 	0.0 	5.1 	47 	0.3 	0.0 	0.0 	0.0 	0.0 	8.9 	WR34		Cleveland Browns	Atlanta Falcons	0 	0.0 	0 	0.0 	4.9 	45 	0.3 	0.0 	0.0 	0.0 	0.0 	8.6 	WR39		Cleveland Browns	New York Giants	0 	0.0 	0 	0.0 	4.9 	45 	0.3 	0.0 	0.0 	0.0 	0.0 	8.4 	WR44		Cleveland Browns	Baltimore Ravens	0 	0.0 	0 	0.0 	5.0 	45 	0.2 	0.0 	0.0 	0.0 	0.0 	8.5 	WR43		Cleveland Browns	Indianapolis Colts	0 	0.0 	0 	0.0 	5.0 	46 	0.3 	0.0 	0.0 	0.0 	0.0 	8.7 	WR40		Actual	Actual	Actual	Actual	Forecast	Forecast	Forecast	Forecast	Forecast	Forecast	Forecast	Forecast	Forecast	Forecast	Forecast	Forecast	Forecast		Healthy	Healthy	Healthy	Healthy	Healthy	Healthy	Healthy	Healthy	Healthy	Healthy	Healthy	Healthy	Healthy	Healthy	Healthy	Healthy	Healthy		Week 5 2026	10/6/2026	7:50:59 PM	19		20%	19%	0%	0%	0%	0%		0.2 	0	0	0	0	0	0.198580 
	Drake Maye	New England Patriots	QB	QB18	15.6 	249 	3,589 	224.3 	22.5 	1.4 	391 	24.4 	1.5 	0.1 	0.0 	0.0 	0 	0.0 	0.0 	0.0 	14.3 	2.9 	0.0 	0.676 	0.460 	0.304 	0 	0.283 	0.000 	121 	51 	(70)	16 	3 	(13)	0.294 				-	-		-	-		-	-		-	-		9.8 	8.0 	4.5 	26.2 	17.1 	17.0 	16.6 	17.5 	16.9 	16.9 	0.0 	16.2 	17.4 	16.7 	15.9 	16.2 	16.2 		QB27	QB26	QB32	QB1	QB5	QB5	QB7	QB5	QB10	QB8	-	QB15	QB7	QB9	QB17	QB14	QB14		QB9	16.7 	227.9 	1.5 	21.3 	0.1 	0.0 	0.0 	0.0 	9 	0.782 	0.460 	0.385 	1 	0.526 	0.000 	72 	0.451 		200 		-	-		-	-		-	-		-	-		QB22	12.1 	683.7 	4.6 	63.8 	0.4 	0.0 	0.0 	0.0 	22 	0.433 	0.460 	0.227 	0 	0.015 	0.000 	#N/A	0.127 		48.5 		-	-		-	-		-	-		-	-					New England Patriots	Seattle Seahawks	178 	1.0 	47 	0.0 	0.0 	0 	0.0 	3.0 	0.0 	0.0 	0.0 	9.8 	QB27		New England Patriots	Pittsburgh Steelers	208 	0.0 	17 	0.0 	0.0 	0 	0.0 	1.0 	0.0 	0.0 	0.0 	8.0 	QB26		New England Patriots	Jacksonville Jaguars	199 	0.0 	18 	0.0 	0.0 	0 	0.0 	1.6 	1.0 	0.0 	0.0 	4.5 	QB32		New England Patriots	Buffalo Bills	269 	3.0 	54 	0.0 	0.0 	0 	0.0 	1.0 	1.0 	0.0 	1.0 	26.2 	QB1		New England Patriots	Las Vegas Raiders	232 	1.6 	21 	0.1 	0.0 	0 	0.0 	0.6 	0.1 	0.0 	0.0 	17.1 	QB5		New England Patriots	New York Jets	224 	1.6 	23 	0.1 	0.0 	0 	0.0 	0.6 	0.1 	0.0 	0.0 	17.0 	QB5		New England Patriots	Chicago Bears	232 	1.5 	20 	0.1 	0.0 	0 	0.0 	0.6 	0.1 	0.0 	0.0 	16.6 	QB7		New England Patriots	Miami Dolphins	228 	1.6 	24 	0.1 	0.0 	0 	0.0 	0.6 	0.1 	0.0 	0.0 	17.5 	QB5		New England Patriots	Green Bay Packers	230 	1.6 	21 	0.1 	0.0 	0 	0.0 	0.6 	0.1 	0.0 	0.0 	16.9 	QB10		New England Patriots	Detroit Lions	234 	1.6 	20 	0.1 	0.0 	0 	0.0 	0.6 	0.1 	0.0 	0.0 	16.9 	QB8		New England Patriots	BYE	0 	0.0 	0 	0.0 	0.0 	0 	0.0 	0.0 	0.0 	0.0 	0.0 	0.0 	-		New England Patriots	Los Angeles Chargers	228 	1.5 	19 	0.1 	0.0 	0 	0.0 	0.6 	0.1 	0.0 	0.0 	16.2 	QB15		New England Patriots	Buffalo Bills	234 	1.6 	21 	0.1 	0.0 	0 	0.0 	0.6 	0.1 	0.0 	0.0 	17.4 	QB7		New England Patriots	Minnesota Vikings	225 	1.5 	22 	0.1 	0.0 	0 	0.0 	0.6 	0.1 	0.0 	0.0 	16.7 	QB9		New England Patriots	Kansas City Chiefs	226 	1.4 	19 	0.1 	0.0 	0 	0.0 	0.6 	0.1 	0.0 	0.0 	15.9 	QB17		New England Patriots	New York Jets	218 	1.5 	23 	0.1 	0.0 	0 	0.0 	0.6 	0.1 	0.0 	0.0 	16.2 	QB14		New England Patriots	Denver Broncos	225 	1.5 	21 	0.1 	0.0 	0 	0.0 	0.6 	0.1 	0.0 	0.0 	16.2 	QB14		Actual	Actual	Actual	Actual	Forecast	Forecast	Forecast	Forecast	Forecast	Forecast	Forecast	Forecast	Forecast	Forecast	Forecast	Forecast	Forecast		Healthy	Healthy	Healthy	Healthy	Healthy	Healthy	Healthy	Healthy	Healthy	Healthy	Healthy	Healthy	Healthy	Healthy	Healthy	Healthy	Healthy		Week 5 2026	10/6/2026	7:50:59 PM	19		0%	0%	18%	13%	99%	99%		0.3 	0	0	0	0	0	0.324176 
	Keaton Mitchell	Los Angeles Chargers	RB	RB41	6.3 	100 	0 	0.0 	0.0 	0.0 	550 	34.4 	1.9 	0.1 	23.3 	1.5 	162 	10.1 	1.4 	0.1 	0.0 	1.0 	0.0 	0.272 	1.000 	0.519 	(0)	0.000 	0.000 	132 	162 	30 	40 	56 	16 	0.274 																0.9 	4.4 	12.2 	8.8 	5.4 	5.1 	0.0 	5.8 	6.2 	5.8 	6.9 	6.2 	6.4 	6.5 	6.4 	6.9 	6.2 		RB59	RB43	RB14	RB30	RB41	RB38	-	RB36	RB39	RB39	RB31	RB41	RB36	RB38	RB40	RB38	RB40		RB40	6.2 	0.0 	0.0 	35.5 	0.2 	1.2 	10.7 	0.0 	40 	0.288 	1.000 	0.519 	(0)	0.000 	0.000 	136 	0.277 		74 		-	-		-	-		-	-		-	-		RB34	6.6 	0.0 	0.0 	106.5 	0.5 	3.6 	32.1 	0.1 	34 	0.235 	1.000 	0.594 	(0)	0.000 	0.000 	#N/A	0.303 		26.3 		-	-		-	-		-	-		-	-					Los Angeles Chargers	Arizona Cardinals	0 	0.0 	9 	0.0 	0.0 	0 	0.0 	0.0 	0.0 	0.0 	0.0 	0.9 	RB59		Los Angeles Chargers	Las Vegas Raiders	0 	0.0 	24 	0.0 	1.0 	15 	0.0 	0.0 	0.0 	0.0 	0.0 	4.4 	RB43		Los Angeles Chargers	Buffalo Bills	0 	0.0 	52 	0.0 	3.0 	(5)	1.0 	0.0 	0.0 	0.0 	0.0 	12.2 	RB14		Los Angeles Chargers	Seattle Seahawks	0 	0.0 	39 	0.0 	5.0 	24 	0.0 	0.0 	0.0 	0.0 	0.0 	8.8 	RB30		Los Angeles Chargers	Denver Broncos	0 	0.0 	31 	0.1 	1.2 	10 	0.0 	0.0 	0.1 	0.0 	0.0 	5.4 	RB41		Los Angeles Chargers	Kansas City Chiefs	0 	0.0 	28 	0.1 	1.2 	11 	0.0 	0.0 	0.1 	0.0 	0.0 	5.1 	RB38		Los Angeles Chargers	BYE	0 	0.0 	0 	0.0 	0.0 	0 	0.0 	0.0 	0.0 	0.0 	0.0 	0.0 	-		Los Angeles Chargers	Los Angeles Rams	0 	0.0 	33 	0.1 	1.2 	11 	0.0 	0.0 	0.1 	0.0 	0.0 	5.8 	RB36		Los Angeles Chargers	Houston Texans	0 	0.0 	36 	0.2 	1.2 	11 	0.0 	0.0 	0.1 	0.0 	0.0 	6.2 	RB39		Los Angeles Chargers	Baltimore Ravens	0 	0.0 	32 	0.1 	1.2 	11 	0.0 	0.0 	0.1 	0.0 	0.0 	5.8 	RB39		Los Angeles Chargers	New York Jets	0 	0.0 	42 	0.2 	1.1 	10 	0.0 	0.0 	0.1 	0.0 	0.0 	6.9 	RB31		Los Angeles Chargers	New England Patriots	0 	0.0 	36 	0.2 	1.2 	11 	0.0 	0.0 	0.1 	0.0 	0.0 	6.2 	RB41		Los Angeles Chargers	Tampa Bay Buccaneers	0 	0.0 	37 	0.2 	1.2 	11 	0.0 	0.0 	0.1 	0.0 	0.0 	6.4 	RB36		Los Angeles Chargers	Las Vegas Raiders	0 	0.0 	38 	0.2 	1.2 	11 	0.0 	0.0 	0.1 	0.0 	0.0 	6.5 	RB38		Los Angeles Chargers	San Francisco 49ers	0 	0.0 	37 	0.2 	1.2 	11 	0.0 	0.0 	0.1 	0.0 	0.0 	6.4 	RB40		Los Angeles Chargers	Miami Dolphins	0 	0.0 	41 	0.2 	1.2 	11 	0.0 	0.0 	0.1 	0.0 	0.0 	6.9 	RB38		Los Angeles Chargers	Kansas City Chiefs	0 	0.0 	36 	0.2 	1.2 	11 	0.0 	0.0 	0.1 	0.0 	0.0 	6.2 	RB40		Actual	Actual	Actual	Actual	Forecast	Forecast	Forecast	Forecast	Forecast	Forecast	Forecast	Forecast	Forecast	Forecast	Forecast	Forecast	Forecast		Healthy	Healthy	Healthy	Healthy	Healthy	Healthy	Healthy	Healthy	Healthy	Healthy	Healthy	Healthy	Healthy	Healthy	Healthy	Healthy	Healthy		Week 5 2026	10/6/2026	7:50:59 PM	19		5%	2%	27%	17%	0%	0%		(0.0)	0	0	0	0	0	(0.025962)
	Brenton Strange	Jacksonville Jaguars	TE	TE18	7.5 	120 	0 	0.0 	0.0 	0.0 	0 	0.0 	0.0 	0.0 	58.2 	3.6 	662 	41.4 	4.1 	0.3 	0.0 	0.1 	0.0 	0.325 	0.560 	0.422 	0 	0.155 	0.000 	124 	175 	51 	17 	20 	3 	0.287 				-	-		-	-		-	-		-	-		9.3 	2.7 	4.7 	13.0 	7.3 	7.4 	0.0 	7.8 	7.6 	7.5 	7.5 	7.6 	7.4 	7.5 	7.1 	7.7 	7.8 		TE12	TE23	TE20	TE6	TE16	TE14	-	TE11	TE16	TE15	TE15	TE15	TE13	TE17	TE20	TE15	TE15		TE16	7.5 	0.0 	0.0 	0.0 	0.0 	3.7 	41.3 	0.3 	15 	0.352 	0.560 	0.441 	0 	0.199 	0.000 	120 	0.318 		90 		-	-		-	-		-	-		-	-		TE20	7.4 	0.0 	0.0 	0.0 	0.0 	11.1 	123.8 	0.8 	20 	0.265 	0.560 	0.395 	0 	0.171 	0.000 	#N/A	0.275 		29.7 		-	-		-	-		-	-		-	-					Jacksonville Jaguars	Cleveland Browns	0 	0.0 	0 	0.0 	2.0 	23 	1.0 	0.0 	0.0 	0.0 	0.0 	9.3 	TE12		Jacksonville Jaguars	Denver Broncos	0 	0.0 	0 	0.0 	2.0 	17 	0.0 	0.0 	0.0 	0.0 	0.0 	2.7 	TE23		Jacksonville Jaguars	New England Patriots	0 	0.0 	0 	0.0 	3.0 	32 	0.0 	0.0 	0.0 	0.0 	0.0 	4.7 	TE20		Jacksonville Jaguars	Cincinnati Bengals	0 	0.0 	0 	0.0 	7.0 	95 	0.0 	0.0 	0.0 	0.0 	0.0 	13.0 	TE6		Jacksonville Jaguars	Philadelphia Eagles	0 	0.0 	0 	0.0 	3.6 	40 	0.3 	0.0 	0.0 	0.0 	0.0 	7.3 	TE16		Jacksonville Jaguars	Houston Texans	0 	0.0 	0 	0.0 	3.6 	41 	0.3 	0.0 	0.0 	0.0 	0.0 	7.4 	TE14		Jacksonville Jaguars	BYE	0 	0.0 	0 	0.0 	0.0 	0 	0.0 	0.0 	0.0 	0.0 	0.0 	0.0 	-		Jacksonville Jaguars	Indianapolis Colts	0 	0.0 	0 	0.0 	3.8 	42 	0.3 	0.0 	0.0 	0.0 	0.0 	7.8 	TE11		Jacksonville Jaguars	Baltimore Ravens	0 	0.0 	0 	0.0 	3.8 	42 	0.3 	0.0 	0.0 	0.0 	0.0 	7.6 	TE16		Jacksonville Jaguars	Tennessee Titans	0 	0.0 	0 	0.0 	3.7 	41 	0.3 	0.0 	0.0 	0.0 	0.0 	7.5 	TE15		Jacksonville Jaguars	New York Giants	0 	0.0 	0 	0.0 	3.7 	41 	0.3 	0.0 	0.0 	0.0 	0.0 	7.5 	TE15		Jacksonville Jaguars	Tennessee Titans	0 	0.0 	0 	0.0 	3.7 	41 	0.3 	0.0 	0.0 	0.0 	0.0 	7.6 	TE15		Jacksonville Jaguars	Chicago Bears	0 	0.0 	0 	0.0 	3.7 	41 	0.2 	0.0 	0.0 	0.0 	0.0 	7.4 	TE13		Jacksonville Jaguars	Pittsburgh Steelers	0 	0.0 	0 	0.0 	3.7 	41 	0.3 	0.0 	0.0 	0.0 	0.0 	7.5 	TE17		Jacksonville Jaguars	Houston Texans	0 	0.0 	0 	0.0 	3.5 	40 	0.2 	0.0 	0.0 	0.0 	0.0 	7.1 	TE20		Jacksonville Jaguars	Dallas Cowboys	0 	0.0 	0 	0.0 	3.8 	42 	0.3 	0.0 	0.0 	0.0 	0.0 	7.7 	TE15		Jacksonville Jaguars	Washington Commanders	0 	0.0 	0 	0.0 	3.8 	43 	0.3 	0.0 	0.0 	0.0 	0.0 	7.8 	TE15		Actual	Actual	Actual	Actual	Forecast	Forecast	Forecast	Forecast	Forecast	Forecast	Forecast	Forecast	Forecast	Forecast	Forecast	Forecast	Forecast		Healthy	Healthy	Healthy	Healthy	Healthy	Healthy	Healthy	Healthy	Healthy	Healthy	Healthy	Healthy	Healthy	Healthy	Healthy	Healthy	Healthy		Week 5 2026	10/6/2026	7:50:59 PM	19		18%	16%	0%	0%	0%	0%		0.0 	0	0	0	0	0	0.043899 
	Dontayvion Wicks	Philadelphia Eagles	WR	WR51	7.6 	122 	0 	0.0 	0.0 	0.0 	0 	0.0 	0.0 	0.0 	47.1 	2.9 	706 	44.1 	4.7 	0.3 	0.0 	0.1 	0.0 	0.331 	1.000 	0.490 	0 	0.028 	0.000 	127 	205 	78 	51 	67 	16 	0.281 				-	-		-	-		-	-		-	-		14.3 	9.9 	4.2 	3.3 	7.1 	7.5 	8.0 	7.7 	7.6 	0.0 	7.5 	7.9 	7.4 	7.8 	7.4 	7.0 	7.5 		WR15	WR23	WR59	WR64	WR49	WR44	WR44	WR46	WR48	-	WR41	WR50	WR47	WR47	WR52	WR55	WR52		WR51	7.5 	0.0 	0.0 	0.0 	0.0 	2.9 	42.4 	0.3 	51 	0.352 	1.000 	0.490 	0 	0.035 	0.000 	133 	0.287 		90 		-	-		-	-		-	-		-	-		WR39	7.9 	0.0 	0.0 	0.0 	0.0 	8.8 	127.3 	0.9 	39 	0.283 	1.000 	0.610 	0 	0.064 	0.000 	#N/A	0.342 		31.7 		-	-		-	-		-	-		-	-					Philadelphia Eagles	Washington Commanders	0 	0.0 	0 	0.0 	2.0 	73 	1.0 	0.0 	0.0 	0.0 	0.0 	14.3 	WR15		Philadelphia Eagles	Tennessee Titans	0 	0.0 	0 	0.0 	5.0 	74 	0.0 	0.0 	0.0 	0.0 	0.0 	9.9 	WR23		Philadelphia Eagles	Chicago Bears	0 	0.0 	0 	0.0 	2.0 	32 	0.0 	0.0 	0.0 	0.0 	0.0 	4.2 	WR59		Philadelphia Eagles	Los Angeles Rams	0 	0.0 	0 	0.0 	3.0 	18 	0.0 	0.0 	0.0 	0.0 	0.0 	3.3 	WR64		Philadelphia Eagles	Jacksonville Jaguars	0 	0.0 	0 	0.0 	2.9 	41 	0.3 	0.0 	0.0 	0.0 	0.0 	7.1 	WR49		Philadelphia Eagles	Carolina Panthers	0 	0.0 	0 	0.0 	2.9 	42 	0.3 	0.0 	0.0 	0.0 	0.0 	7.5 	WR44		Philadelphia Eagles	Dallas Cowboys	0 	0.0 	0 	0.0 	3.1 	44 	0.3 	0.0 	0.0 	0.0 	0.0 	8.0 	WR44		Philadelphia Eagles	Washington Commanders	0 	0.0 	0 	0.0 	3.0 	43 	0.3 	0.0 	0.0 	0.0 	0.0 	7.7 	WR46		Philadelphia Eagles	New York Giants	0 	0.0 	0 	0.0 	2.9 	43 	0.3 	0.0 	0.0 	0.0 	0.0 	7.6 	WR48		Philadelphia Eagles	BYE	0 	0.0 	0 	0.0 	0.0 	0 	0.0 	0.0 	0.0 	0.0 	0.0 	0.0 	-		Philadelphia Eagles	Pittsburgh Steelers	0 	0.0 	0 	0.0 	2.9 	42 	0.3 	0.0 	0.0 	0.0 	0.0 	7.5 	WR41		Philadelphia Eagles	Dallas Cowboys	0 	0.0 	0 	0.0 	3.0 	44 	0.3 	0.0 	0.0 	0.0 	0.0 	7.9 	WR50		Philadelphia Eagles	Arizona Cardinals	0 	0.0 	0 	0.0 	2.8 	41 	0.3 	0.0 	0.0 	0.0 	0.0 	7.4 	WR47		Philadelphia Eagles	Indianapolis Colts	0 	0.0 	0 	0.0 	3.0 	43 	0.3 	0.0 	0.0 	0.0 	0.0 	7.8 	WR47		Philadelphia Eagles	Seattle Seahawks	0 	0.0 	0 	0.0 	2.9 	42 	0.3 	0.0 	0.0 	0.0 	0.0 	7.4 	WR52		Philadelphia Eagles	Houston Texans	0 	0.0 	0 	0.0 	2.8 	40 	0.3 	0.0 	0.0 	0.0 	0.0 	7.0 	WR55		Philadelphia Eagles	San Francisco 49ers	0 	0.0 	0 	0.0 	2.9 	43 	0.3 	0.0 	0.0 	0.0 	0.0 	7.5 	WR52		Actual	Actual	Actual	Actual	Forecast	Forecast	Forecast	Forecast	Forecast	Forecast	Forecast	Forecast	Forecast	Forecast	Forecast	Forecast	Forecast		Healthy	Healthy	Healthy	Healthy	Healthy	Healthy	Healthy	Healthy	Healthy	Healthy	Healthy	Healthy	Healthy	Healthy	Healthy	Healthy	Healthy		Week 5 2026	10/6/2026	7:50:59 PM	19		20%	20%	0%	0%	0%	0%		(0.1)	0	0	0	0	0	(0.054996)
	Emanuel Wilson	Seattle Seahawks	RB	RB40	6.3 	101 	0 	0.0 	0.0 	0.0 	547 	34.2 	3.3 	0.2 	12.7 	0.8 	126 	7.9 	1.6 	0.1 	0.0 	1.1 	0.0 	0.274 	1.000 	0.532 	(0)	0.000 	0.000 	128 	273 	145 	39 	77 	38 	0.280 																0.3 	9.2 	1.4 	25.5 	9.6 	4.5 	4.8 	5.2 	5.9 	5.2 	0.0 	4.8 	5.2 	5.4 	4.3 	4.8 	4.9 		RB60	RB23	RB58	RB6	RB22	RB44	RB40	RB44	RB42	RB41	-	RB50	RB42	RB45	RB52	RB49	RB48		RB46	5.4 	0.0 	0.0 	29.7 	0.2 	0.8 	7.3 	0.1 	46 	0.252 	1.000 	0.443 	(0)	0.000 	0.000 	152 	0.237 		65 		-	-		-	-		-	-		-	-		RB27	9.1 	0.0 	0.0 	89.2 	0.6 	2.4 	21.8 	0.2 	27 	0.325 	1.000 	0.682 	0 	0.096 	0.000 	#N/A	0.394 		36.4 		-	-		-	-		-	-		-	-					Seattle Seahawks	New England Patriots	0 	0.0 	3 	0.0 	0.0 	0 	0.0 	0.0 	0.0 	0.0 	0.0 	0.3 	RB60		Seattle Seahawks	Arizona Cardinals	0 	0.0 	92 	0.0 	0.0 	0 	0.0 	0.0 	0.0 	0.0 	0.0 	9.2 	RB23		Seattle Seahawks	Washington Commanders	0 	0.0 	14 	0.0 	0.0 	0 	0.0 	0.0 	0.0 	0.0 	0.0 	1.4 	RB58		Seattle Seahawks	Los Angeles Chargers	0 	0.0 	81 	1.0 	3.0 	39 	1.0 	0.0 	0.0 	0.0 	0.0 	25.5 	RB6		Seattle Seahawks	San Francisco 49ers	0 	0.0 	59 	0.4 	0.8 	7 	0.1 	0.0 	0.2 	0.0 	0.0 	9.6 	RB22		Seattle Seahawks	Denver Broncos	0 	0.0 	25 	0.1 	0.8 	7 	0.0 	0.0 	0.1 	0.0 	0.0 	4.5 	RB44		Seattle Seahawks	Kansas City Chiefs	0 	0.0 	26 	0.2 	0.8 	7 	0.1 	0.0 	0.1 	0.0 	0.0 	4.8 	RB40		Seattle Seahawks	Chicago Bears	0 	0.0 	28 	0.2 	0.8 	7 	0.1 	0.0 	0.1 	0.0 	0.0 	5.2 	RB44		Seattle Seahawks	Arizona Cardinals	0 	0.0 	32 	0.2 	0.8 	7 	0.1 	0.0 	0.1 	0.0 	0.0 	5.9 	RB42		Seattle Seahawks	Las Vegas Raiders	0 	0.0 	29 	0.2 	0.8 	7 	0.1 	0.0 	0.1 	0.0 	0.0 	5.2 	RB41		Seattle Seahawks	BYE	0 	0.0 	0 	0.0 	0.0 	0 	0.0 	0.0 	0.0 	0.0 	0.0 	0.0 	-		Seattle Seahawks	San Francisco 49ers	0 	0.0 	26 	0.2 	0.8 	7 	0.1 	0.0 	0.1 	0.0 	0.0 	4.8 	RB50		Seattle Seahawks	Dallas Cowboys	0 	0.0 	28 	0.2 	0.8 	7 	0.1 	0.0 	0.1 	0.0 	0.0 	5.2 	RB42		Seattle Seahawks	New York Giants	0 	0.0 	29 	0.2 	0.8 	7 	0.1 	0.0 	0.1 	0.0 	0.0 	5.4 	RB45		Seattle Seahawks	Philadelphia Eagles	0 	0.0 	23 	0.1 	0.8 	7 	0.0 	0.0 	0.1 	0.0 	0.0 	4.3 	RB52		Seattle Seahawks	Los Angeles Rams	0 	0.0 	26 	0.2 	0.8 	7 	0.1 	0.0 	0.1 	0.0 	0.0 	4.8 	RB49		Seattle Seahawks	Carolina Panthers	0 	0.0 	27 	0.2 	0.8 	7 	0.1 	0.0 	0.1 	0.0 	0.0 	4.9 	RB48		Actual	Actual	Actual	Actual	Forecast	Forecast	Forecast	Forecast	Forecast	Forecast	Forecast	Forecast	Forecast	Forecast	Forecast	Forecast	Forecast		Healthy	Healthy	Healthy	Healthy	Healthy	Healthy	Healthy	Healthy	Healthy	Healthy	Healthy	Healthy	Healthy	Healthy	Healthy	Healthy	Healthy		Week 5 2026	10/6/2026	7:50:59 PM	19		3%	3%	24%	19%	0%	0%		(0.2)	0	0	0	0	0	(0.156866)
	Dalton Schultz	Houston Texans	TE	TE19	7.5 	119 	0 	0.0 	0.0 	0.0 	0 	0.0 	0.0 	0.0 	67.4 	4.2 	678 	42.4 	3.0 	0.2 	0.0 	0.1 	0.0 	0.324 	0.560 	0.413 	0 	0.150 	0.000 	126 	183 	57 	18 	23 	5 	0.282 				-	-		-	-		-	-		-	-		5.5 	20.0 	4.5 	1.9 	7.1 	7.2 	7.6 	0.0 	7.2 	7.1 	7.7 	7.6 	7.2 	7.5 	7.5 	6.7 	7.1 		TE20	TE2	TE22	TE31	TE18	TE16	TE16	-	TE19	TE20	TE12	TE16	TE14	TE16	TE17	TE23	TE21		TE19	7.3 	0.0 	0.0 	0.0 	0.0 	3.9 	38.7 	0.2 	18 	0.341 	0.560 	0.413 	0 	0.169 	0.000 	131 	0.292 		87 		-	-		-	-		-	-		-	-		TE16	8.0 	0.0 	0.0 	0.0 	0.0 	11.6 	116.1 	0.7 	16 	0.285 	0.560 	0.432 	0 	0.239 	0.000 	#N/A	0.323 		31.9 		-	-		-	-		-	-		-	-					Houston Texans	Buffalo Bills	0 	0.0 	0 	0.0 	4.0 	35 	0.0 	0.0 	0.0 	0.0 	0.0 	5.5 	TE20		Houston Texans	Cincinnati Bengals	0 	0.0 	0 	0.0 	12.0 	140 	0.0 	0.0 	0.0 	0.0 	0.0 	20.0 	TE2		Houston Texans	Indianapolis Colts	0 	0.0 	0 	0.0 	3.0 	30 	0.0 	0.0 	0.0 	0.0 	0.0 	4.5 	TE22		Houston Texans	Dallas Cowboys	0 	0.0 	0 	0.0 	2.0 	9 	0.0 	0.0 	0.0 	0.0 	0.0 	1.9 	TE31		Houston Texans	Tennessee Titans	0 	0.0 	0 	0.0 	3.7 	37 	0.2 	0.0 	0.0 	0.0 	0.0 	7.1 	TE18		Houston Texans	Jacksonville Jaguars	0 	0.0 	0 	0.0 	3.9 	39 	0.2 	0.0 	0.0 	0.0 	0.0 	7.2 	TE16		Houston Texans	New York Giants	0 	0.0 	0 	0.0 	4.0 	40 	0.3 	0.0 	0.0 	0.0 	0.0 	7.6 	TE16		Houston Texans	BYE	0 	0.0 	0 	0.0 	0.0 	0 	0.0 	0.0 	0.0 	0.0 	0.0 	0.0 	-		Houston Texans	Los Angeles Chargers	0 	0.0 	0 	0.0 	3.9 	39 	0.2 	0.0 	0.0 	0.0 	0.0 	7.2 	TE19		Houston Texans	Cleveland Browns	0 	0.0 	0 	0.0 	3.8 	38 	0.2 	0.0 	0.0 	0.0 	0.0 	7.1 	TE20		Houston Texans	Indianapolis Colts	0 	0.0 	0 	0.0 	4.0 	40 	0.3 	0.0 	0.0 	0.0 	0.0 	7.7 	TE12		Houston Texans	Baltimore Ravens	0 	0.0 	0 	0.0 	4.0 	40 	0.3 	0.0 	0.0 	0.0 	0.0 	7.6 	TE16		Houston Texans	Pittsburgh Steelers	0 	0.0 	0 	0.0 	3.8 	38 	0.2 	0.0 	0.0 	0.0 	0.0 	7.2 	TE14		Houston Texans	Washington Commanders	0 	0.0 	0 	0.0 	3.9 	39 	0.3 	0.0 	0.0 	0.0 	0.0 	7.5 	TE16		Houston Texans	Jacksonville Jaguars	0 	0.0 	0 	0.0 	4.0 	40 	0.3 	0.0 	0.0 	0.0 	0.0 	7.5 	TE17		Houston Texans	Philadelphia Eagles	0 	0.0 	0 	0.0 	3.7 	37 	0.2 	0.0 	0.0 	0.0 	0.0 	6.7 	TE23		Houston Texans	Green Bay Packers	0 	0.0 	0 	0.0 	3.8 	38 	0.2 	0.0 	0.0 	0.0 	0.0 	7.1 	TE21		Actual	Actual	Actual	Actual	Forecast	Forecast	Forecast	Forecast	Forecast	Forecast	Forecast	Forecast	Forecast	Forecast	Forecast	Forecast	Forecast		Healthy	Healthy	Healthy	Healthy	Healthy	Healthy	Healthy	Healthy	Healthy	Healthy	Healthy	Healthy	Healthy	Healthy	Healthy	Healthy	Healthy		Week 5 2026	10/6/2026	7:50:59 PM	19		17%	17%	0%	0%	0%	0%		(0.0)	0	0	0	0	0	(0.030543)
	Tre' Harris	Los Angeles Chargers	WR	WR53	7.6 	121 	0 	0.0 	0.0 	0.0 	0 	0.0 	0.0 	0.0 	51.2 	3.2 	748 	46.7 	3.5 	0.2 	0.0 	0.1 	0.0 	0.329 	1.000 	0.480 	0 	0.024 	0.000 	131 	234 	103 	52 	80 	28 	0.275 																3.5 	5.8 	10.6 	7.5 	7.5 	7.7 	0.0 	8.0 	7.7 	7.9 	7.6 	7.8 	8.0 	7.8 	8.1 	7.9 	7.8 		WR69	WR39	WR29	WR42	WR48	WR41	-	WR43	WR47	WR44	WR40	WR51	WR45	WR48	WR47	WR49	WR50		WR50	7.8 	0.0 	0.0 	0.0 	0.0 	3.2 	44.9 	0.3 	50 	0.366 	1.000 	0.500 	0 	0.060 	0.000 	128 	0.304 		94 		-	-		-	-		-	-		-	-		WR53	6.9 	0.0 	0.0 	0.0 	0.0 	9.6 	134.7 	0.9 	53 	0.245 	1.000 	0.470 	0 	0.005 	0.000 	#N/A	0.250 		27.4 		-	-		-	-		-	-		-	-					Los Angeles Chargers	Arizona Cardinals	0 	0.0 	0 	0.0 	3.0 	20 	0.0 	0.0 	0.0 	0.0 	0.0 	3.5 	WR69		Los Angeles Chargers	Las Vegas Raiders	0 	0.0 	0 	0.0 	1.0 	53 	0.0 	0.0 	0.0 	0.0 	0.0 	5.8 	WR39		Los Angeles Chargers	Buffalo Bills	0 	0.0 	0 	0.0 	6.0 	76 	0.0 	0.0 	0.0 	0.0 	0.0 	10.6 	WR29		Los Angeles Chargers	Seattle Seahawks	0 	0.0 	0 	0.0 	3.0 	60 	0.0 	0.0 	0.0 	0.0 	0.0 	7.5 	WR42		Los Angeles Chargers	Denver Broncos	0 	0.0 	0 	0.0 	3.1 	44 	0.3 	0.0 	0.0 	0.0 	0.0 	7.5 	WR48		Los Angeles Chargers	Kansas City Chiefs	0 	0.0 	0 	0.0 	3.2 	46 	0.3 	0.0 	0.0 	0.0 	0.0 	7.7 	WR41		Los Angeles Chargers	BYE	0 	0.0 	0 	0.0 	0.0 	0 	0.0 	0.0 	0.0 	0.0 	0.0 	0.0 	-		Los Angeles Chargers	Los Angeles Rams	0 	0.0 	0 	0.0 	3.3 	46 	0.3 	0.0 	0.0 	0.0 	0.0 	8.0 	WR43		Los Angeles Chargers	Houston Texans	0 	0.0 	0 	0.0 	3.2 	44 	0.3 	0.0 	0.0 	0.0 	0.0 	7.7 	WR47		Los Angeles Chargers	Baltimore Ravens	0 	0.0 	0 	0.0 	3.3 	46 	0.3 	0.0 	0.0 	0.0 	0.0 	7.9 	WR44		Los Angeles Chargers	New York Jets	0 	0.0 	0 	0.0 	3.0 	43 	0.3 	0.0 	0.0 	0.0 	0.0 	7.6 	WR40		Los Angeles Chargers	New England Patriots	0 	0.0 	0 	0.0 	3.2 	45 	0.3 	0.0 	0.0 	0.0 	0.0 	7.8 	WR51		Los Angeles Chargers	Tampa Bay Buccaneers	0 	0.0 	0 	0.0 	3.2 	46 	0.3 	0.0 	0.0 	0.0 	0.0 	8.0 	WR45		Los Angeles Chargers	Las Vegas Raiders	0 	0.0 	0 	0.0 	3.2 	44 	0.3 	0.0 	0.0 	0.0 	0.0 	7.8 	WR48		Los Angeles Chargers	San Francisco 49ers	0 	0.0 	0 	0.0 	3.3 	46 	0.3 	0.0 	0.0 	0.0 	0.0 	8.1 	WR47		Los Angeles Chargers	Miami Dolphins	0 	0.0 	0 	0.0 	3.2 	45 	0.3 	0.0 	0.0 	0.0 	0.0 	7.9 	WR49		Los Angeles Chargers	Kansas City Chiefs	0 	0.0 	0 	0.0 	3.2 	45 	0.3 	0.0 	0.0 	0.0 	0.0 	7.8 	WR50		Actual	Actual	Actual	Actual	Forecast	Forecast	Forecast	Forecast	Forecast	Forecast	Forecast	Forecast	Forecast	Forecast	Forecast	Forecast	Forecast		Healthy	Healthy	Healthy	Healthy	Healthy	Healthy	Healthy	Healthy	Healthy	Healthy	Healthy	Healthy	Healthy	Healthy	Healthy	Healthy	Healthy		Week 5 2026	10/6/2026	7:50:59 PM	19		21%	19%	0%	0%	0%	0%		0.1 	0	0	0	0	0	0.053664 
	Caleb Douglas	Miami Dolphins	WR	WR52	8.1 	114 	0 	0.0 	0.0 	0.0 	0 	0.0 	0.0 	0.0 	53.0 	3.8 	688 	49.1 	3.1 	0.2 	0.0 	0.1 	0.0 	0.308 	1.000 	0.460 	0 	0.065 	0.000 	129 	225 	96 	54 	74 	20 	0.279 				-	-		-	-		-	-		-	-		11.9 	2.9 	0.0 	0.0 	7.6 	0.0 	8.0 	8.3 	8.5 	8.5 	8.2 	8.1 	7.9 	8.5 	8.1 	8.3 	8.6 		WR23	WR70	-	-	WR47	-	WR43	WR40	WR41	WR38	WR37	WR48	WR46	WR40	WR46	WR46	WR42		WR47	8.2 	0.0 	0.0 	0.0 	0.0 	3.8 	47.9 	0.3 	47 	0.385 	1.000 	0.530 	0 	0.096 	0.000 	116 	0.335 		99 		-	-		-	-		-	-		-	-		WR87	7.4 	0.0 	0.0 	0.0 	0.0 	23.0 	287.5 	1.5 	87 	0.132 	1.000 	0.130 	(1)	0.000 	0.000 	#N/A	0.078 		14.8 		-	-		-	-		-	-		-	-					Miami Dolphins	Las Vegas Raiders	0 	0.0 	0 	0.0 	5.0 	94 	0.0 	0.0 	0.0 	0.0 	0.0 	11.9 	WR23		Miami Dolphins	San Francisco 49ers	0 	0.0 	0 	0.0 	2.0 	19 	0.0 	0.0 	0.0 	0.0 	0.0 	2.9 	WR70		Miami Dolphins	Kansas City Chiefs	0 	0.0 	0 	0.0 	0.0 	0 	0.0 	0.0 	0.0 	0.0 	0.0 	0.0 	-		Miami Dolphins	Minnesota Vikings	0 	0.0 	0 	0.0 	0.0 	0 	0.0 	0.0 	0.0 	0.0 	0.0 	0.0 	-		Miami Dolphins	Cincinnati Bengals	0 	0.0 	0 	0.0 	3.6 	45 	0.2 	0.0 	0.0 	0.0 	0.0 	7.6 	WR47		Miami Dolphins	BYE	0 	0.0 	0 	0.0 	0.0 	0 	0.0 	0.0 	0.0 	0.0 	0.0 	0.0 	-		Miami Dolphins	New York Jets	0 	0.0 	0 	0.0 	3.7 	46 	0.3 	0.0 	0.0 	0.0 	0.0 	8.0 	WR43		Miami Dolphins	New England Patriots	0 	0.0 	0 	0.0 	3.9 	48 	0.3 	0.0 	0.0 	0.0 	0.0 	8.3 	WR40		Miami Dolphins	Detroit Lions	0 	0.0 	0 	0.0 	3.9 	49 	0.3 	0.0 	0.0 	0.0 	0.0 	8.5 	WR41		Miami Dolphins	Indianapolis Colts	0 	0.0 	0 	0.0 	3.9 	49 	0.3 	0.0 	0.0 	0.0 	0.0 	8.5 	WR38		Miami Dolphins	Buffalo Bills	0 	0.0 	0 	0.0 	3.9 	48 	0.2 	0.0 	0.0 	0.0 	0.0 	8.2 	WR37		Miami Dolphins	New York Jets	0 	0.0 	0 	0.0 	3.7 	46 	0.3 	0.0 	0.0 	0.0 	0.0 	8.1 	WR48		Miami Dolphins	Denver Broncos	0 	0.0 	0 	0.0 	3.8 	47 	0.2 	0.0 	0.0 	0.0 	0.0 	7.9 	WR46		Miami Dolphins	Chicago Bears	0 	0.0 	0 	0.0 	3.9 	49 	0.3 	0.0 	0.0 	0.0 	0.0 	8.5 	WR40		Miami Dolphins	Green Bay Packers	0 	0.0 	0 	0.0 	3.8 	48 	0.2 	0.0 	0.0 	0.0 	0.0 	8.1 	WR46		Miami Dolphins	Los Angeles Chargers	0 	0.0 	0 	0.0 	3.9 	48 	0.3 	0.0 	0.0 	0.0 	0.0 	8.3 	WR46		Miami Dolphins	Buffalo Bills	0 	0.0 	0 	0.0 	4.0 	50 	0.3 	0.0 	0.0 	0.0 	0.0 	8.6 	WR42		Actual	Actual	Actual	Actual	Forecast	Forecast	Forecast	Forecast	Forecast	Forecast	Forecast	Forecast	Forecast	Forecast	Forecast	Forecast	Forecast		Healthy	Healthy	Injured	Injured	Limited / Handicapped	Healthy	Healthy	Healthy	Healthy	Healthy	Healthy	Healthy	Healthy	Healthy	Healthy	Healthy	Healthy		Week 5 2026	10/6/2026	7:50:59 PM	19		22%	21%	0%	0%	0%	0%		0.3 	0	1	1	0	0	
	Alvin Kamara	New Orleans Saints	RB	RB37	7.7 	116 	0 	0.0 	0.0 	0.0 	373 	24.9 	3.8 	0.3 	50.7 	3.4 	270 	18.0 	0.9 	0.1 	0.0 	1.1 	0.0 	0.315 	1.000 	0.582 	0 	0.001 	0.000 	117 	153 	36 	35 	50 	15 	0.309 				-	-		-	-		-	-		-	-		0.0 	4.7 	4.6 	20.3 	9.6 	11.1 	10.0 	0.0 	6.4 	6.4 	5.8 	6.0 	6.0 	6.0 	6.0 	6.8 	6.2 		-	RB40	RB41	RB10	RB24	RB21	RB24	-	RB38	RB34	RB34	RB42	RB39	RB40	RB43	RB39	RB41		RB38	7.2 	0.0 	0.0 	24.9 	0.1 	3.3 	18.5 	0.1 	37 	0.337 	1.000 	0.557 	(0)	0.000 	0.000 	129 	0.301 		86 		-	-		-	-		-	-		-	-		RB30	9.9 	0.0 	0.0 	99.8 	0.6 	13.2 	74.2 	0.3 	30 	0.264 	1.000 	0.644 	0 	0.007 	0.000 	#N/A	0.332 		29.6 		-	-		-	-		-	-		-	-					New Orleans Saints	Detroit Lions	0 	0.0 	0 	0.0 	0.0 	0 	0.0 	0.0 	0.0 	0.0 	0.0 	0.0 	-		New Orleans Saints	Baltimore Ravens	0 	0.0 	15 	0.0 	5.0 	7 	0.0 	0.0 	0.0 	0.0 	0.0 	4.7 	RB40		New Orleans Saints	Las Vegas Raiders	0 	0.0 	36 	0.0 	1.0 	5 	0.0 	0.0 	0.0 	0.0 	0.0 	4.6 	RB41		New Orleans Saints	Atlanta Falcons	0 	0.0 	23 	2.0 	5.0 	35 	0.0 	0.0 	0.0 	0.0 	0.0 	20.3 	RB10		New Orleans Saints	Minnesota Vikings	0 	0.0 	37 	0.3 	3.7 	21 	0.1 	0.0 	0.1 	0.0 	0.0 	9.6 	RB24		New Orleans Saints	New York Giants	0 	0.0 	44 	0.3 	4.0 	23 	0.1 	0.0 	0.1 	0.0 	0.0 	11.1 	RB21		New Orleans Saints	Pittsburgh Steelers	0 	0.0 	39 	0.3 	3.9 	22 	0.1 	0.0 	0.1 	0.0 	0.0 	10.0 	RB24		New Orleans Saints	BYE	0 	0.0 	0 	0.0 	0.0 	0 	0.0 	0.0 	0.0 	0.0 	0.0 	0.0 	-		New Orleans Saints	Cleveland Browns	0 	0.0 	22 	0.1 	3.1 	17 	0.1 	0.0 	0.1 	0.0 	0.0 	6.4 	RB38		New Orleans Saints	Carolina Panthers	0 	0.0 	22 	0.1 	3.1 	17 	0.1 	0.0 	0.1 	0.0 	0.0 	6.4 	RB34		New Orleans Saints	Chicago Bears	0 	0.0 	17 	0.1 	3.1 	18 	0.1 	0.0 	0.1 	0.0 	0.0 	5.8 	RB34		New Orleans Saints	Cincinnati Bengals	0 	0.0 	18 	0.1 	3.2 	18 	0.1 	0.0 	0.1 	0.0 	0.0 	6.0 	RB42		New Orleans Saints	Green Bay Packers	0 	0.0 	19 	0.1 	3.1 	17 	0.1 	0.0 	0.1 	0.0 	0.0 	6.0 	RB39		New Orleans Saints	Carolina Panthers	0 	0.0 	20 	0.1 	3.1 	17 	0.1 	0.0 	0.1 	0.0 	0.0 	6.0 	RB40		New Orleans Saints	Tampa Bay Buccaneers	0 	0.0 	19 	0.1 	3.1 	18 	0.1 	0.0 	0.1 	0.0 	0.0 	6.0 	RB43		New Orleans Saints	Arizona Cardinals	0 	0.0 	24 	0.1 	3.2 	18 	0.1 	0.0 	0.1 	0.0 	0.0 	6.8 	RB39		New Orleans Saints	Atlanta Falcons	0 	0.0 	20 	0.1 	3.1 	17 	0.1 	0.0 	0.1 	0.0 	0.0 	6.2 	RB41		Actual	Actual	Actual	Actual	Forecast	Forecast	Forecast	Forecast	Forecast	Forecast	Forecast	Forecast	Forecast	Forecast	Forecast	Forecast	Forecast		Injured	Healthy	Healthy	Healthy	Limited / Handicapped	Healthy	Healthy	Healthy	Healthy	Healthy	Healthy	Healthy	Healthy	Healthy	Healthy	Healthy	Healthy		Week 5 2026	10/6/2026	7:50:59 PM	19		7%	4%	23%	17%	0%	0%		(0.0)	0	0	0	0	0	(0.031246)
	Devaughn Vele	New Orleans Saints	WR	WR44	8.3 	133 	0 	0.0 	0.0 	0.0 	0 	0.0 	0.0 	0.0 	63.1 	3.9 	718 	44.9 	5.0 	0.3 	0.0 	0.1 	0.0 	0.361 	1.000 	0.580 	0 	0.081 	0.000 	100 	270 	170 	42 	86 	44 	0.347 				-	-		-	-		-	-		-	-		16.4 	8.9 	5.4 	14.4 	9.3 	9.8 	9.2 	0.0 	6.6 	6.6 	6.6 	6.8 	6.6 	6.4 	6.7 	6.8 	6.6 		WR12	WR26	WR52	WR14	WR29	WR26	WR29	-	WR54	WR49	WR46	WR56	WR52	WR54	WR57	WR56	WR58		WR53	7.3 	0.0 	0.0 	0.0 	0.0 	3.5 	41.0 	0.2 	53 	0.343 	1.000 	0.470 	0 	0.019 	0.000 	138 	0.270 		88 		-	-		-	-		-	-		-	-		WR16	11.3 	0.0 	0.0 	0.0 	0.0 	10.5 	123.0 	0.7 	16 	0.403 	1.000 	0.840 	1 	0.246 	0.000 	#N/A	0.537 		45.1 		-	-		-	-		-	-		-	-					New Orleans Saints	Detroit Lions	0 	0.0 	0 	0.0 	7.0 	69 	1.0 	0.0 	0.0 	0.0 	0.0 	16.4 	WR12		New Orleans Saints	Baltimore Ravens	0 	0.0 	0 	0.0 	5.0 	64 	0.0 	0.0 	0.0 	0.0 	0.0 	8.9 	WR26		New Orleans Saints	Las Vegas Raiders	0 	0.0 	0 	0.0 	3.0 	39 	0.0 	0.0 	0.0 	0.0 	0.0 	5.4 	WR52		New Orleans Saints	Atlanta Falcons	0 	0.0 	0 	0.0 	6.0 	54 	1.0 	0.0 	0.0 	0.0 	0.0 	14.4 	WR14		New Orleans Saints	Minnesota Vikings	0 	0.0 	0 	0.0 	4.4 	51 	0.3 	0.0 	0.0 	0.0 	0.0 	9.3 	WR29		New Orleans Saints	New York Giants	0 	0.0 	0 	0.0 	4.5 	53 	0.4 	0.0 	0.0 	0.0 	0.0 	9.8 	WR26		New Orleans Saints	Pittsburgh Steelers	0 	0.0 	0 	0.0 	4.3 	51 	0.3 	0.0 	0.0 	0.0 	0.0 	9.2 	WR29		New Orleans Saints	BYE	0 	0.0 	0 	0.0 	0.0 	0 	0.0 	0.0 	0.0 	0.0 	0.0 	0.0 	-		New Orleans Saints	Cleveland Browns	0 	0.0 	0 	0.0 	3.2 	37 	0.2 	0.0 	0.0 	0.0 	0.0 	6.6 	WR54		New Orleans Saints	Carolina Panthers	0 	0.0 	0 	0.0 	3.2 	37 	0.2 	0.0 	0.0 	0.0 	0.0 	6.6 	WR49		New Orleans Saints	Chicago Bears	0 	0.0 	0 	0.0 	3.2 	38 	0.2 	0.0 	0.0 	0.0 	0.0 	6.6 	WR46		New Orleans Saints	Cincinnati Bengals	0 	0.0 	0 	0.0 	3.3 	38 	0.2 	0.0 	0.0 	0.0 	0.0 	6.8 	WR56		New Orleans Saints	Green Bay Packers	0 	0.0 	0 	0.0 	3.2 	37 	0.2 	0.0 	0.0 	0.0 	0.0 	6.6 	WR52		New Orleans Saints	Carolina Panthers	0 	0.0 	0 	0.0 	3.1 	37 	0.2 	0.0 	0.0 	0.0 	0.0 	6.4 	WR54		New Orleans Saints	Tampa Bay Buccaneers	0 	0.0 	0 	0.0 	3.2 	38 	0.2 	0.0 	0.0 	0.0 	0.0 	6.7 	WR57		New Orleans Saints	Arizona Cardinals	0 	0.0 	0 	0.0 	3.2 	38 	0.2 	0.0 	0.0 	0.0 	0.0 	6.8 	WR56		New Orleans Saints	Atlanta Falcons	0 	0.0 	0 	0.0 	3.2 	37 	0.2 	0.0 	0.0 	0.0 	0.0 	6.6 	WR58		Actual	Actual	Actual	Actual	Forecast	Forecast	Forecast	Forecast	Forecast	Forecast	Forecast	Forecast	Forecast	Forecast	Forecast	Forecast	Forecast		Healthy	Healthy	Healthy	Healthy	Healthy	Healthy	Healthy	Healthy	Healthy	Healthy	Healthy	Healthy	Healthy	Healthy	Healthy	Healthy	Healthy		Week 5 2026	10/6/2026	7:50:59 PM	19		15%	13%	0%	0%	0%	0%		(0.3)	0	0	0	0	0	(0.266288)
	Bo Nix	Denver Broncos	QB	QB19	15.3 	245 	3,494 	218.4 	22.6 	1.4 	208 	13.0 	2.6 	0.2 	0.0 	0.0 	0 	0.0 	0.0 	0.0 	10.7 	1.9 	0.0 	0.665 	0.460 	0.292 	0 	0.259 	0.000 	130 	104 	(26)	17 	13 	(4)	0.277 				-	-		-	-		-	-		-	-		5.4 	14.1 	24.1 	13.6 	15.9 	15.0 	16.5 	15.7 	15.8 	0.0 	16.1 	14.7 	16.5 	15.4 	15.6 	15.9 	14.7 		QB31	QB19	QB6	QB16	QB13	QB17	QB8	QB18	QB19	-	QB15	QB27	QB10	QB22	QB20	QB16	QB25		QB19	15.6 	222.9 	1.5 	15.3 	0.1 	0.0 	0.0 	0.0 	18 	0.732 	0.460 	0.279 	1 	0.419 	0.000 	110 	0.345 		188 		-	-		-	-		-	-		-	-		QB20	14.3 	668.7 	4.4 	45.8 	0.4 	0.0 	0.0 	0.0 	20 	0.511 	0.460 	0.253 	0 	0.151 	0.000 	#N/A	0.205 		57.3 		-	-		-	-		-	-		-	-					Denver Broncos	Kansas City Chiefs	131 	1.0 	2 	0.0 	0.0 	0 	0.0 	1.0 	1.0 	0.0 	0.0 	5.4 	QB31		Denver Broncos	Jacksonville Jaguars	288 	1.0 	6 	0.0 	0.0 	0 	0.0 	1.0 	0.0 	0.0 	0.0 	14.1 	QB19		Denver Broncos	Los Angeles Rams	186 	2.0 	7 	1.0 	0.0 	0 	0.0 	1.0 	0.0 	0.0 	2.0 	24.1 	QB6		Denver Broncos	San Francisco 49ers	214 	1.0 	10 	0.0 	0.0 	0 	0.0 	0.0 	0.0 	0.0 	0.0 	13.6 	QB16		Denver Broncos	Los Angeles Chargers	226 	1.5 	15 	0.1 	0.0 	0 	0.0 	0.6 	0.1 	0.0 	0.0 	15.9 	QB13		Denver Broncos	Seattle Seahawks	222 	1.4 	14 	0.1 	0.0 	0 	0.0 	0.6 	0.1 	0.0 	0.0 	15.0 	QB17		Denver Broncos	Arizona Cardinals	225 	1.6 	17 	0.2 	0.0 	0 	0.0 	0.6 	0.1 	0.0 	0.0 	16.5 	QB8		Denver Broncos	Kansas City Chiefs	225 	1.5 	15 	0.1 	0.0 	0 	0.0 	0.6 	0.1 	0.0 	0.0 	15.7 	QB18		Denver Broncos	Carolina Panthers	226 	1.5 	15 	0.1 	0.0 	0 	0.0 	0.6 	0.1 	0.0 	0.0 	15.8 	QB19		Denver Broncos	BYE	0 	0.0 	0 	0.0 	0.0 	0 	0.0 	0.0 	0.0 	0.0 	0.0 	0.0 	-		Denver Broncos	Las Vegas Raiders	222 	1.5 	17 	0.1 	0.0 	0 	0.0 	0.6 	0.1 	0.0 	0.0 	16.1 	QB15		Denver Broncos	Pittsburgh Steelers	217 	1.3 	14 	0.1 	0.0 	0 	0.0 	0.6 	0.1 	0.0 	0.0 	14.7 	QB27		Denver Broncos	Miami Dolphins	222 	1.6 	18 	0.2 	0.0 	0 	0.0 	0.6 	0.1 	0.0 	0.0 	16.5 	QB10		Denver Broncos	New York Jets	220 	1.4 	16 	0.1 	0.0 	0 	0.0 	0.6 	0.1 	0.0 	0.0 	15.4 	QB22		Denver Broncos	Las Vegas Raiders	221 	1.5 	16 	0.1 	0.0 	0 	0.0 	0.6 	0.1 	0.0 	0.0 	15.6 	QB20		Denver Broncos	Buffalo Bills	230 	1.5 	14 	0.1 	0.0 	0 	0.0 	0.6 	0.1 	0.0 	0.0 	15.9 	QB16		Denver Broncos	New England Patriots	220 	1.3 	14 	0.1 	0.0 	0 	0.0 	0.6 	0.1 	0.0 	0.0 	14.7 	QB25		Actual	Actual	Actual	Actual	Forecast	Forecast	Forecast	Forecast	Forecast	Forecast	Forecast	Forecast	Forecast	Forecast	Forecast	Forecast	Forecast		Healthy	Healthy	Healthy	Healthy	Healthy	Healthy	Healthy	Healthy	Healthy	Healthy	Healthy	Healthy	Healthy	Healthy	Healthy	Healthy	Healthy		Week 5 2026	10/6/2026	7:50:59 PM	19		0%	0%	13%	14%	99%	99%		0.1 	0	0	0	0	0	0.139647 
	Rico Dowdle	Pittsburgh Steelers	RB	RB42	6.8 	95 	0 	0.0 	0.0 	0.0 	531 	37.9 	3.3 	0.2 	18.4 	1.3 	137 	9.8 	0.4 	0.0 	0.0 	1.5 	0.0 	0.258 	1.000 	0.506 	(0)	0.000 	0.000 	134 	76 	(58)	41 	29 	(12)	0.267 				-	-		-	-		-	-		-	-		3.1 	5.4 	0.0 	0.0 	7.4 	7.3 	7.6 	8.1 	0.0 	7.0 	6.2 	6.7 	6.9 	7.0 	7.2 	7.6 	7.5 		RB51	RB38	-	-	RB33	RB30	RB30	RB28	-	RB31	RB33	RB38	RB33	RB34	RB37	RB35	RB36		RB36	7.2 	0.0 	0.0 	41.2 	0.3 	1.2 	9.1 	0.0 	35 	0.337 	1.000 	0.582 	(0)	0.000 	0.000 	125 	0.312 		86 		-	-		-	-		-	-		-	-		RB69	4.3 	0.0 	0.0 	247.0 	1.6 	7.2 	54.7 	0.2 	69 	0.076 	1.000 	0.147 	(1)	0.000 	0.000 	#N/A	0.078 		8.5 		-	-		-	-		-	-		-	-					Pittsburgh Steelers	Atlanta Falcons	0 	0.0 	15 	0.0 	2.0 	6 	0.0 	0.0 	0.0 	0.0 	0.0 	3.1 	RB51		Pittsburgh Steelers	New England Patriots	0 	0.0 	22 	0.0 	2.0 	22 	0.0 	0.0 	0.0 	0.0 	0.0 	5.4 	RB38		Pittsburgh Steelers	Cincinnati Bengals	0 	0.0 	0 	0.0 	0.0 	0 	0.0 	0.0 	0.0 	0.0 	0.0 	0.0 	-		Pittsburgh Steelers	Cleveland Browns	0 	0.0 	0 	0.0 	0.0 	0 	0.0 	0.0 	0.0 	0.0 	0.0 	0.0 	-		Pittsburgh Steelers	Indianapolis Colts	0 	0.0 	42 	0.3 	1.2 	9 	0.0 	0.0 	0.1 	0.0 	0.0 	7.4 	RB33		Pittsburgh Steelers	Tampa Bay Buccaneers	0 	0.0 	42 	0.3 	1.2 	9 	0.0 	0.0 	0.1 	0.0 	0.0 	7.3 	RB30		Pittsburgh Steelers	New Orleans Saints	0 	0.0 	43 	0.3 	1.2 	9 	0.0 	0.0 	0.1 	0.0 	0.0 	7.6 	RB30		Pittsburgh Steelers	Cleveland Browns	0 	0.0 	47 	0.3 	1.2 	9 	0.0 	0.0 	0.1 	0.0 	0.0 	8.1 	RB28		Pittsburgh Steelers	BYE	0 	0.0 	0 	0.0 	0.0 	0 	0.0 	0.0 	0.0 	0.0 	0.0 	0.0 	-		Pittsburgh Steelers	Cincinnati Bengals	0 	0.0 	39 	0.3 	1.3 	10 	0.0 	0.0 	0.1 	0.0 	0.0 	7.0 	RB31		Pittsburgh Steelers	Philadelphia Eagles	0 	0.0 	35 	0.2 	1.2 	9 	0.0 	0.0 	0.1 	0.0 	0.0 	6.2 	RB33		Pittsburgh Steelers	Denver Broncos	0 	0.0 	39 	0.2 	1.2 	9 	0.0 	0.0 	0.1 	0.0 	0.0 	6.7 	RB38		Pittsburgh Steelers	Houston Texans	0 	0.0 	40 	0.2 	1.2 	9 	0.0 	0.0 	0.1 	0.0 	0.0 	6.9 	RB33		Pittsburgh Steelers	Jacksonville Jaguars	0 	0.0 	40 	0.3 	1.2 	9 	0.0 	0.0 	0.1 	0.0 	0.0 	7.0 	RB34		Pittsburgh Steelers	Baltimore Ravens	0 	0.0 	41 	0.3 	1.2 	9 	0.0 	0.0 	0.1 	0.0 	0.0 	7.2 	RB37		Pittsburgh Steelers	Carolina Panthers	0 	0.0 	43 	0.3 	1.2 	9 	0.0 	0.0 	0.1 	0.0 	0.0 	7.6 	RB35		Pittsburgh Steelers	Tennessee Titans	0 	0.0 	43 	0.3 	1.2 	9 	0.0 	0.0 	0.1 	0.0 	0.0 	7.5 	RB36		Actual	Actual	Actual	Actual	Forecast	Forecast	Forecast	Forecast	Forecast	Forecast	Forecast	Forecast	Forecast	Forecast	Forecast	Forecast	Forecast		Healthy	Healthy	Injured	Injured	Limited / Handicapped	Healthy	Healthy	Healthy	Healthy	Healthy	Healthy	Healthy	Healthy	Healthy	Healthy	Healthy	Healthy		Week 5 2026	10/6/2026	7:50:59 PM	19		4%	2%	39%	42%	0%	0%		0.2 	0	1	1	0	0	
	Pat Freiermuth	Pittsburgh Steelers	TE	TE20	7.3 	117 	0 	0.0 	0.0 	0.0 	3 	0.2 	0.0 	0.0 	62.5 	3.9 	537 	33.6 	5.3 	0.3 	0.0 	0.1 	0.0 	0.317 	0.560 	0.404 	0 	0.132 	0.000 	133 	198 	65 	19 	27 	8 	0.268 				-	-		-	-		-	-		-	-		13.1 	5.4 	4.1 	9.2 	7.3 	7.0 	7.2 	6.9 	0.0 	7.4 	6.9 	6.7 	6.9 	7.0 	7.3 	7.2 	7.1 		TE6	TE20	TE23	TE12	TE15	TE17	TE19	TE18	-	TE16	TE20	TE23	TE16	TE19	TE19	TE19	TE22		TE21	7.1 	0.0 	0.0 	0.0 	0.0 	4.0 	34.3 	0.3 	21 	0.331 	0.560 	0.385 	0 	0.143 	0.000 	140 	0.268 		85 		-	-		-	-		-	-		-	-		TE17	8.0 	0.0 	0.0 	0.0 	0.0 	12.1 	103.0 	0.8 	17 	0.284 	0.560 	0.422 	0 	0.236 	0.000 	#N/A	0.318 		31.8 		-	-		-	-		-	-		-	-					Pittsburgh Steelers	Atlanta Falcons	0 	0.0 	0 	0.0 	5.0 	46 	1.0 	0.0 	0.0 	0.0 	0.0 	13.1 	TE6		Pittsburgh Steelers	New England Patriots	0 	0.0 	2 	0.0 	4.0 	32 	0.0 	0.0 	0.0 	0.0 	0.0 	5.4 	TE20		Pittsburgh Steelers	Cincinnati Bengals	0 	0.0 	1 	0.0 	2.0 	30 	0.0 	0.0 	0.0 	0.0 	0.0 	4.1 	TE23		Pittsburgh Steelers	Cleveland Browns	0 	0.0 	0 	0.0 	3.0 	17 	1.0 	0.0 	0.0 	0.0 	0.0 	9.2 	TE12		Pittsburgh Steelers	Indianapolis Colts	0 	0.0 	0 	0.0 	4.1 	35 	0.3 	0.0 	0.0 	0.0 	0.0 	7.3 	TE15		Pittsburgh Steelers	Tampa Bay Buccaneers	0 	0.0 	0 	0.0 	4.0 	34 	0.3 	0.0 	0.0 	0.0 	0.0 	7.0 	TE17		Pittsburgh Steelers	New Orleans Saints	0 	0.0 	0 	0.0 	4.1 	35 	0.3 	0.0 	0.0 	0.0 	0.0 	7.2 	TE19		Pittsburgh Steelers	Cleveland Browns	0 	0.0 	0 	0.0 	3.9 	33 	0.3 	0.0 	0.0 	0.0 	0.0 	6.9 	TE18		Pittsburgh Steelers	BYE	0 	0.0 	0 	0.0 	0.0 	0 	0.0 	0.0 	0.0 	0.0 	0.0 	0.0 	-		Pittsburgh Steelers	Cincinnati Bengals	0 	0.0 	0 	0.0 	4.2 	36 	0.3 	0.0 	0.0 	0.0 	0.0 	7.4 	TE16		Pittsburgh Steelers	Philadelphia Eagles	0 	0.0 	0 	0.0 	4.0 	34 	0.2 	0.0 	0.0 	0.0 	0.0 	6.9 	TE20		Pittsburgh Steelers	Denver Broncos	0 	0.0 	0 	0.0 	3.9 	33 	0.2 	0.0 	0.0 	0.0 	0.0 	6.7 	TE23		Pittsburgh Steelers	Houston Texans	0 	0.0 	0 	0.0 	4.0 	34 	0.3 	0.0 	0.0 	0.0 	0.0 	6.9 	TE16		Pittsburgh Steelers	Jacksonville Jaguars	0 	0.0 	0 	0.0 	4.0 	34 	0.3 	0.0 	0.0 	0.0 	0.0 	7.0 	TE19		Pittsburgh Steelers	Baltimore Ravens	0 	0.0 	0 	0.0 	4.1 	35 	0.3 	0.0 	0.0 	0.0 	0.0 	7.3 	TE19		Pittsburgh Steelers	Carolina Panthers	0 	0.0 	0 	0.0 	4.1 	35 	0.3 	0.0 	0.0 	0.0 	0.0 	7.2 	TE19		Pittsburgh Steelers	Tennessee Titans	0 	0.0 	0 	0.0 	4.0 	34 	0.3 	0.0 	0.0 	0.0 	0.0 	7.1 	TE22		Actual	Actual	Actual	Actual	Forecast	Forecast	Forecast	Forecast	Forecast	Forecast	Forecast	Forecast	Forecast	Forecast	Forecast	Forecast	Forecast		Healthy	Healthy	Healthy	Healthy	Healthy	Healthy	Healthy	Healthy	Healthy	Healthy	Healthy	Healthy	Healthy	Healthy	Healthy	Healthy	Healthy		Week 5 2026	10/6/2026	7:50:59 PM	19		15%	17%	0%	0%	0%	0%		(0.0)	0	0	0	0	0	(0.049794)
	Kalif Raymond	Chicago Bears	WR	WR54	7.4 	118 	0 	0.0 	0.0 	0.0 	0 	0.0 	0.0 	0.0 	59.6 	3.7 	644 	40.3 	4.0 	0.3 	0.0 	0.1 	0.0 	0.320 	1.000 	0.470 	0 	0.009 	0.000 	135 	0 	(135)	53 	0 	(53)	0.263 																12.4 	6.5 	18.0 	1.6 	6.5 	6.6 	6.6 	6.4 	6.8 	0.0 	6.5 	6.8 	6.7 	6.6 	6.8 	6.6 	6.7 		WR21	WR37	WR8	WR74	WR53	WR48	WR50	WR54	WR53	-	WR47	WR55	WR51	WR53	WR56	WR59	WR56		WR56	6.6 	0.0 	0.0 	0.0 	0.0 	3.2 	35.4 	0.3 	56 	0.310 	1.000 	0.440 	(0)	0.000 	0.000 	147 	0.245 		80 		-	-		-	-		-	-		-	-		WR25	9.6 	0.0 	0.0 	0.0 	0.0 	9.6 	106.1 	0.8 	25 	0.344 	1.000 	0.750 	1 	0.156 	0.000 	#N/A	0.451 		38.5 		-	-		-	-		-	-		-	-					Chicago Bears	Carolina Panthers	0 	0.0 	0 	0.0 	8.0 	84 	0.0 	0.0 	0.0 	0.0 	0.0 	12.4 	WR21		Chicago Bears	Minnesota Vikings	0 	0.0 	0 	0.0 	5.0 	40 	0.0 	0.0 	0.0 	0.0 	0.0 	6.5 	WR37		Chicago Bears	Philadelphia Eagles	0 	0.0 	0 	0.0 	6.0 	90 	1.0 	0.0 	0.0 	0.0 	0.0 	18.0 	WR8		Chicago Bears	New York Jets	0 	0.0 	0 	0.0 	2.0 	6 	0.0 	0.0 	0.0 	0.0 	0.0 	1.6 	WR74		Chicago Bears	Green Bay Packers	0 	0.0 	0 	0.0 	3.2 	35 	0.2 	0.0 	0.0 	0.0 	0.0 	6.5 	WR53		Chicago Bears	Atlanta Falcons	0 	0.0 	0 	0.0 	3.2 	35 	0.2 	0.0 	0.0 	0.0 	0.0 	6.6 	WR48		Chicago Bears	New England Patriots	0 	0.0 	0 	0.0 	3.2 	35 	0.2 	0.0 	0.0 	0.0 	0.0 	6.6 	WR50		Chicago Bears	Seattle Seahawks	0 	0.0 	0 	0.0 	3.2 	35 	0.2 	0.0 	0.0 	0.0 	0.0 	6.4 	WR54		Chicago Bears	Tampa Bay Buccaneers	0 	0.0 	0 	0.0 	3.3 	36 	0.3 	0.0 	0.0 	0.0 	0.0 	6.8 	WR53		Chicago Bears	BYE	0 	0.0 	0 	0.0 	0.0 	0 	0.0 	0.0 	0.0 	0.0 	0.0 	0.0 	-		Chicago Bears	New Orleans Saints	0 	0.0 	0 	0.0 	3.1 	34 	0.3 	0.0 	0.0 	0.0 	0.0 	6.5 	WR47		Chicago Bears	Detroit Lions	0 	0.0 	0 	0.0 	3.3 	36 	0.3 	0.0 	0.0 	0.0 	0.0 	6.8 	WR55		Chicago Bears	Jacksonville Jaguars	0 	0.0 	0 	0.0 	3.2 	35 	0.3 	0.0 	0.0 	0.0 	0.0 	6.7 	WR51		Chicago Bears	Miami Dolphins	0 	0.0 	0 	0.0 	3.2 	35 	0.3 	0.0 	0.0 	0.0 	0.0 	6.6 	WR53		Chicago Bears	Buffalo Bills	0 	0.0 	0 	0.0 	3.3 	37 	0.3 	0.0 	0.0 	0.0 	0.0 	6.8 	WR56		Chicago Bears	Green Bay Packers	0 	0.0 	0 	0.0 	3.2 	35 	0.2 	0.0 	0.0 	0.0 	0.0 	6.6 	WR59		Chicago Bears	Detroit Lions	0 	0.0 	0 	0.0 	3.2 	36 	0.3 	0.0 	0.0 	0.0 	0.0 	6.7 	WR56		Actual	Actual	Actual	Actual	Forecast	Forecast	Forecast	Forecast	Forecast	Forecast	Forecast	Forecast	Forecast	Forecast	Forecast	Forecast	Forecast		Healthy	Healthy	Healthy	Healthy	Healthy	Healthy	Healthy	Healthy	Healthy	Healthy	Healthy	Healthy	Healthy	Healthy	Healthy	Healthy	Healthy		Week 5 2026	10/6/2026	7:50:59 PM	19		17%	16%	0%	0%	0%	0%		(0.2)	0	0	0	0	0	(0.206959)
	Tyler Allgeier	Arizona Cardinals	RB	RB43	5.6 	90 	0 	0.0 	0.0 	0.0 	451 	28.2 	3.4 	0.2 	24.1 	1.5 	117 	7.3 	0.5 	0.0 	0.0 	1.1 	0.0 	0.244 	1.000 	0.481 	(0)	0.000 	0.000 	138 	134 	(4)	43 	44 	1 	0.253 				-	-		-	-		-	-		-	-		8.0 	2.9 	2.9 	11.9 	6.3 	5.3 	5.0 	5.0 	4.7 	5.0 	4.8 	5.8 	4.9 	0.0 	6.2 	5.4 	5.8 		RB31	RB51	RB47	RB25	RB39	RB36	RB39	RB45	RB47	RB42	RB38	RB43	RB44	-	RB41	RB47	RB44		RB47	5.4 	0.0 	0.0 	28.2 	0.2 	1.2 	6.8 	0.0 	47 	0.251 	1.000 	0.430 	(0)	0.000 	0.000 	155 	0.231 		64 		-	-		-	-		-	-		-	-		RB35	6.4 	0.0 	0.0 	84.7 	0.6 	3.5 	20.4 	0.1 	35 	0.230 	1.000 	0.582 	(0)	0.000 	0.000 	#N/A	0.296 		25.7 		-	-		-	-		-	-		-	-					Arizona Cardinals	Los Angeles Chargers	0 	0.0 	61 	0.0 	2.0 	9 	0.0 	0.0 	0.0 	0.0 	0.0 	8.0 	RB31		Arizona Cardinals	Seattle Seahawks	0 	0.0 	10 	0.0 	2.0 	9 	0.0 	0.0 	0.0 	0.0 	0.0 	2.9 	RB51		Arizona Cardinals	San Francisco 49ers	0 	0.0 	(1)	0.0 	4.0 	10 	0.0 	0.0 	0.0 	0.0 	0.0 	2.9 	RB47		Arizona Cardinals	New York Giants	0 	0.0 	42 	1.0 	2.0 	7 	0.0 	0.0 	0.0 	0.0 	0.0 	11.9 	RB25		Arizona Cardinals	Detroit Lions	0 	0.0 	32 	0.3 	1.3 	7 	0.1 	0.0 	0.1 	0.0 	0.0 	6.3 	RB39		Arizona Cardinals	Los Angeles Rams	0 	0.0 	27 	0.2 	1.2 	7 	0.0 	0.0 	0.1 	0.0 	0.0 	5.3 	RB36		Arizona Cardinals	Denver Broncos	0 	0.0 	26 	0.2 	1.2 	7 	0.0 	0.0 	0.1 	0.0 	0.0 	5.0 	RB39		Arizona Cardinals	Dallas Cowboys	0 	0.0 	26 	0.2 	1.2 	7 	0.0 	0.0 	0.1 	0.0 	0.0 	5.0 	RB45		Arizona Cardinals	Seattle Seahawks	0 	0.0 	25 	0.2 	1.1 	7 	0.0 	0.0 	0.1 	0.0 	0.0 	4.7 	RB47		Arizona Cardinals	Los Angeles Rams	0 	0.0 	26 	0.2 	1.2 	7 	0.0 	0.0 	0.1 	0.0 	0.0 	5.0 	RB42		Arizona Cardinals	Kansas City Chiefs	0 	0.0 	25 	0.2 	1.1 	7 	0.0 	0.0 	0.1 	0.0 	0.0 	4.8 	RB38		Arizona Cardinals	Washington Commanders	0 	0.0 	31 	0.2 	1.2 	7 	0.0 	0.0 	0.1 	0.0 	0.0 	5.8 	RB43		Arizona Cardinals	Philadelphia Eagles	0 	0.0 	26 	0.2 	1.2 	7 	0.0 	0.0 	0.1 	0.0 	0.0 	4.9 	RB44		Arizona Cardinals	BYE	0 	0.0 	0 	0.0 	0.0 	0 	0.0 	0.0 	0.0 	0.0 	0.0 	0.0 	-		Arizona Cardinals	New York Jets	0 	0.0 	34 	0.3 	1.1 	7 	0.0 	0.0 	0.1 	0.0 	0.0 	6.2 	RB41		Arizona Cardinals	New Orleans Saints	0 	0.0 	28 	0.2 	1.2 	7 	0.0 	0.0 	0.1 	0.0 	0.0 	5.4 	RB47		Arizona Cardinals	Las Vegas Raiders	0 	0.0 	32 	0.2 	1.1 	7 	0.0 	0.0 	0.1 	0.0 	0.0 	5.8 	RB44		Actual	Actual	Actual	Actual	Forecast	Forecast	Forecast	Forecast	Forecast	Forecast	Forecast	Forecast	Forecast	Forecast	Forecast	Forecast	Forecast		Healthy	Healthy	Healthy	Healthy	Healthy	Healthy	Healthy	Healthy	Healthy	Healthy	Healthy	Healthy	Healthy	Healthy	Healthy	Healthy	Healthy		Week 5 2026	10/6/2026	7:50:59 PM	19		3%	3%	29%	33%	0%	0%		(0.1)	0	0	0	0	0	(0.065114)
	Cam Ward	Tennessee Titans	QB	QB21	15.0 	239 	3,413 	213.3 	19.9 	1.2 	231 	14.4 	3.3 	0.2 	0.0 	0.0 	0 	0.0 	0.0 	0.0 	9.7 	0.9 	0.0 	0.649 	0.460 	0.266 	0 	0.225 	0.000 	140 	178 	38 	19 	26 	7 	0.247 				-	-		-	-		-	-		-	-		11.7 	20.0 	9.4 	15.6 	12.9 	14.7 	15.2 	15.9 	0.0 	15.5 	15.7 	15.2 	15.9 	15.4 	16.2 	15.0 	15.0 		QB25	QB11	QB29	QB15	QB27	QB19	QB20	QB14	-	QB17	QB18	QB25	QB17	QB23	QB15	QB23	QB22		QB25	15.2 	223.9 	1.4 	14.5 	0.1 	0.0 	0.0 	0.0 	23 	0.712 	0.460 	0.213 	1 	0.374 	0.000 	132 	0.289 		183 		-	-		-	-		-	-		-	-		QB21	14.2 	671.8 	4.2 	43.5 	0.3 	0.0 	0.0 	0.0 	21 	0.507 	0.460 	0.240 	0 	0.143 	0.000 	#N/A	0.194 		56.7 		-	-		-	-		-	-		-	-					Tennessee Titans	New York Jets	140 	1.0 	21 	0.0 	0.0 	0 	0.0 	0.0 	0.0 	0.0 	0.0 	11.7 	QB25		Tennessee Titans	Philadelphia Eagles	183 	0.0 	7 	2.0 	0.0 	0 	0.0 	0.0 	0.0 	0.0 	0.0 	20.0 	QB11		Tennessee Titans	New York Giants	181 	1.0 	2 	0.0 	0.0 	0 	0.0 	1.0 	0.0 	0.0 	0.0 	9.4 	QB29		Tennessee Titans	Baltimore Ravens	222 	1.0 	27 	0.0 	0.0 	0 	0.0 	1.0 	0.0 	0.0 	1.0 	15.6 	QB15		Tennessee Titans	Houston Texans	211 	1.1 	12 	0.1 	0.0 	0 	0.0 	0.6 	0.1 	0.0 	0.0 	12.9 	QB27		Tennessee Titans	Indianapolis Colts	223 	1.3 	13 	0.1 	0.0 	0 	0.0 	0.6 	0.1 	0.0 	0.0 	14.7 	QB19		Tennessee Titans	Cleveland Browns	218 	1.4 	16 	0.1 	0.0 	0 	0.0 	0.6 	0.1 	0.0 	0.0 	15.2 	QB20		Tennessee Titans	Cincinnati Bengals	232 	1.5 	14 	0.1 	0.0 	0 	0.0 	0.6 	0.1 	0.0 	0.0 	15.9 	QB14		Tennessee Titans	BYE	0 	0.0 	0 	0.0 	0.0 	0 	0.0 	0.0 	0.0 	0.0 	0.0 	0.0 	-		Tennessee Titans	Jacksonville Jaguars	223 	1.4 	15 	0.1 	0.0 	0 	0.0 	0.6 	0.1 	0.0 	0.0 	15.5 	QB17		Tennessee Titans	Dallas Cowboys	231 	1.5 	14 	0.1 	0.0 	0 	0.0 	0.6 	0.1 	0.0 	0.0 	15.7 	QB18		Tennessee Titans	Jacksonville Jaguars	227 	1.4 	14 	0.1 	0.0 	0 	0.0 	0.6 	0.1 	0.0 	0.0 	15.2 	QB25		Tennessee Titans	Washington Commanders	226 	1.5 	16 	0.1 	0.0 	0 	0.0 	0.6 	0.1 	0.0 	0.0 	15.9 	QB17		Tennessee Titans	Detroit Lions	231 	1.4 	13 	0.1 	0.0 	0 	0.0 	0.6 	0.1 	0.0 	0.0 	15.4 	QB23		Tennessee Titans	Indianapolis Colts	228 	1.5 	16 	0.1 	0.0 	0 	0.0 	0.6 	0.1 	0.0 	0.0 	16.2 	QB15		Tennessee Titans	Las Vegas Raiders	219 	1.4 	15 	0.1 	0.0 	0 	0.0 	0.6 	0.1 	0.0 	0.0 	15.0 	QB23		Tennessee Titans	Pittsburgh Steelers	219 	1.4 	15 	0.1 	0.0 	0 	0.0 	0.6 	0.1 	0.0 	0.0 	15.0 	QB22		Actual	Actual	Actual	Actual	Forecast	Forecast	Forecast	Forecast	Forecast	Forecast	Forecast	Forecast	Forecast	Forecast	Forecast	Forecast	Forecast		Healthy	Healthy	Healthy	Healthy	Healthy	Healthy	Healthy	Healthy	Healthy	Healthy	Healthy	Healthy	Healthy	Healthy	Healthy	Healthy	Healthy		Week 5 2026	10/6/2026	7:50:59 PM	19		0%	0%	14%	14%	99%	99%		0.1 	0	0	0	0	0	0.094618 
	Mark Andrews	Baltimore Ravens	TE	TE21	7.1 	114 	0 	0.0 	0.0 	0.0 	0 	0.0 	0.0 	0.0 	64.9 	4.1 	562 	35.1 	4.2 	0.3 	0.0 	0.1 	0.0 	0.309 	0.560 	0.395 	0 	0.110 	0.000 	137 	122 	(15)	20 	15 	(5)	0.254 				-	-		-	-		-	-		-	-		6.9 	7.9 	3.9 	11.2 	6.7 	6.5 	7.5 	7.2 	7.2 	7.2 	7.0 	6.8 	0.0 	7.0 	7.0 	6.7 	7.2 		TE18	TE13	TE24	TE9	TE21	TE21	TE18	TE16	TE20	TE18	TE19	TE21	-	TE20	TE21	TE22	TE19		TE22	7.0 	0.0 	0.0 	0.0 	0.0 	3.9 	34.4 	0.3 	22 	0.327 	0.560 	0.376 	0 	0.132 	0.000 	142 	0.259 		84 		-	-		-	-		-	-		-	-		TE19	7.5 	0.0 	0.0 	0.0 	0.0 	11.7 	103.2 	0.8 	19 	0.267 	0.560 	0.404 	0 	0.177 	0.000 	#N/A	0.281 		29.9 		-	-		-	-		-	-		-	-					Baltimore Ravens	Indianapolis Colts	0 	0.0 	0 	0.0 	4.0 	49 	0.0 	0.0 	0.0 	0.0 	0.0 	6.9 	TE18		Baltimore Ravens	New Orleans Saints	0 	0.0 	0 	0.0 	6.0 	49 	0.0 	0.0 	0.0 	0.0 	0.0 	7.9 	TE13		Baltimore Ravens	Dallas Cowboys	0 	0.0 	0 	0.0 	3.0 	24 	0.0 	0.0 	0.0 	0.0 	0.0 	3.9 	TE24		Baltimore Ravens	Tennessee Titans	0 	0.0 	0 	0.0 	5.0 	27 	1.0 	0.0 	0.0 	0.0 	0.0 	11.2 	TE9		Baltimore Ravens	Atlanta Falcons	0 	0.0 	0 	0.0 	3.8 	34 	0.2 	0.0 	0.0 	0.0 	0.0 	6.7 	TE21		Baltimore Ravens	Cleveland Browns	0 	0.0 	0 	0.0 	3.7 	33 	0.2 	0.0 	0.0 	0.0 	0.0 	6.5 	TE21		Baltimore Ravens	Cincinnati Bengals	0 	0.0 	0 	0.0 	4.1 	36 	0.3 	0.0 	0.0 	0.0 	0.0 	7.5 	TE18		Baltimore Ravens	Buffalo Bills	0 	0.0 	0 	0.0 	4.0 	35 	0.3 	0.0 	0.0 	0.0 	0.0 	7.2 	TE16		Baltimore Ravens	Jacksonville Jaguars	0 	0.0 	0 	0.0 	4.0 	35 	0.3 	0.0 	0.0 	0.0 	0.0 	7.2 	TE20		Baltimore Ravens	Los Angeles Chargers	0 	0.0 	0 	0.0 	4.0 	35 	0.3 	0.0 	0.0 	0.0 	0.0 	7.2 	TE18		Baltimore Ravens	Carolina Panthers	0 	0.0 	0 	0.0 	3.9 	34 	0.3 	0.0 	0.0 	0.0 	0.0 	7.0 	TE19		Baltimore Ravens	Houston Texans	0 	0.0 	0 	0.0 	3.9 	34 	0.3 	0.0 	0.0 	0.0 	0.0 	6.8 	TE21		Baltimore Ravens	BYE	0 	0.0 	0 	0.0 	0.0 	0 	0.0 	0.0 	0.0 	0.0 	0.0 	0.0 	-		Baltimore Ravens	Tampa Bay Buccaneers	0 	0.0 	0 	0.0 	3.9 	34 	0.3 	0.0 	0.0 	0.0 	0.0 	7.0 	TE20		Baltimore Ravens	Pittsburgh Steelers	0 	0.0 	0 	0.0 	3.9 	34 	0.3 	0.0 	0.0 	0.0 	0.0 	7.0 	TE21		Baltimore Ravens	Cleveland Browns	0 	0.0 	0 	0.0 	3.7 	33 	0.3 	0.0 	0.0 	0.0 	0.0 	6.7 	TE22		Baltimore Ravens	Cincinnati Bengals	0 	0.0 	0 	0.0 	4.0 	35 	0.3 	0.0 	0.0 	0.0 	0.0 	7.2 	TE19		Actual	Actual	Actual	Actual	Forecast	Forecast	Forecast	Forecast	Forecast	Forecast	Forecast	Forecast	Forecast	Forecast	Forecast	Forecast	Forecast		Healthy	Healthy	Healthy	Healthy	Healthy	Healthy	Healthy	Healthy	Healthy	Healthy	Healthy	Healthy	Healthy	Healthy	Healthy	Healthy	Healthy		Week 5 2026	10/6/2026	7:50:59 PM	19		17%	22%	0%	0%	0%	0%		(0.0)	0	0	0	0	0	(0.022419)
	Jordan Mason	Minnesota Vikings	RB	RB44	7.0 	84 	0 	0.0 	0.0 	0.0 	495 	41.3 	4.4 	0.4 	9.7 	0.8 	48 	4.0 	0.2 	0.0 	0.0 	1.1 	0.0 	0.229 	1.000 	0.468 	(0)	0.000 	0.000 	142 	93 	(49)	44 	36 	(8)	0.245 				-	-		-	-		-	-		-	-		11.9 	0.0 	0.0 	0.0 	0.0 	0.0 	7.1 	6.2 	6.6 	6.0 	6.2 	7.3 	6.9 	5.9 	6.6 	7.1 	6.6 		RB20	-	-	-	-	-	RB32	RB34	RB37	RB35	RB32	RB36	RB34	RB42	RB38	RB37	RB38		RB41	6.6 	0.0 	0.0 	39.6 	0.3 	0.9 	4.4 	0.0 	41 	0.282 	1.000 	0.506 	(0)	0.000 	0.000 	139 	0.270 		72 		-	-		-	-		-	-		-	-		RB61	11.9 	0.0 	0.0 	436.1 	3.4 	9.7 	48.4 	0.2 	61 	0.106 	1.000 	0.251 	(1)	0.000 	0.000 	#N/A	0.129 		11.9 		-	-		-	-		-	-		-	-					Minnesota Vikings	Green Bay Packers	0 	0.0 	59 	1.0 	0.0 	0 	0.0 	0.0 	0.0 	0.0 	0.0 	11.9 	RB20		Minnesota Vikings	Chicago Bears	0 	0.0 	0 	0.0 	0.0 	0 	0.0 	0.0 	0.0 	0.0 	0.0 	0.0 	-		Minnesota Vikings	Tampa Bay Buccaneers	0 	0.0 	0 	0.0 	0.0 	0 	0.0 	0.0 	0.0 	0.0 	0.0 	0.0 	-		Minnesota Vikings	Miami Dolphins	0 	0.0 	0 	0.0 	0.0 	0 	0.0 	0.0 	0.0 	0.0 	0.0 	0.0 	-		Minnesota Vikings	New Orleans Saints	0 	0.0 	0 	0.0 	0.0 	0 	0.0 	0.0 	0.0 	0.0 	0.0 	0.0 	-		Minnesota Vikings	BYE	0 	0.0 	0 	0.0 	0.0 	0 	0.0 	0.0 	0.0 	0.0 	0.0 	0.0 	-		Minnesota Vikings	Indianapolis Colts	0 	0.0 	42 	0.3 	0.9 	4 	0.0 	0.0 	0.1 	0.0 	0.0 	7.1 	RB32		Minnesota Vikings	Detroit Lions	0 	0.0 	37 	0.3 	0.9 	4 	0.0 	0.0 	0.1 	0.0 	0.0 	6.2 	RB34		Minnesota Vikings	Buffalo Bills	0 	0.0 	40 	0.3 	0.9 	4 	0.0 	0.0 	0.1 	0.0 	0.0 	6.6 	RB37		Minnesota Vikings	Green Bay Packers	0 	0.0 	36 	0.3 	0.9 	4 	0.0 	0.0 	0.1 	0.0 	0.0 	6.0 	RB35		Minnesota Vikings	San Francisco 49ers	0 	0.0 	37 	0.3 	0.9 	4 	0.0 	0.0 	0.1 	0.0 	0.0 	6.2 	RB32		Minnesota Vikings	Atlanta Falcons	0 	0.0 	44 	0.4 	0.9 	4 	0.0 	0.0 	0.1 	0.0 	0.0 	7.3 	RB36		Minnesota Vikings	Carolina Panthers	0 	0.0 	41 	0.3 	0.9 	4 	0.0 	0.0 	0.1 	0.0 	0.0 	6.9 	RB34		Minnesota Vikings	New England Patriots	0 	0.0 	36 	0.3 	0.9 	4 	0.0 	0.0 	0.1 	0.0 	0.0 	5.9 	RB42		Minnesota Vikings	Detroit Lions	0 	0.0 	39 	0.3 	0.9 	4 	0.0 	0.0 	0.1 	0.0 	0.0 	6.6 	RB38		Minnesota Vikings	Washington Commanders	0 	0.0 	42 	0.3 	0.9 	4 	0.0 	0.0 	0.1 	0.0 	0.0 	7.1 	RB37		Minnesota Vikings	New York Jets	0 	0.0 	40 	0.3 	0.9 	4 	0.0 	0.0 	0.1 	0.0 	0.0 	6.6 	RB38		Actual	Actual	Actual	Actual	Forecast	Forecast	Forecast	Forecast	Forecast	Forecast	Forecast	Forecast	Forecast	Forecast	Forecast	Forecast	Forecast		Healthy	Injured	Injured	Injured	Injured	Healthy	Healthy	Healthy	Healthy	Healthy	Healthy	Healthy	Healthy	Healthy	Healthy	Healthy	Healthy		Week 5 2026	10/6/2026	7:50:59 PM	19		2%	1%	33%	37%	0%	0%		0.1 	1	1	1	1	0	
	Keon Coleman	Buffalo Bills	WR	WR55	6.9 	111 	0 	0.0 	0.0 	0.0 	0 	0.0 	0.0 	0.0 	45.9 	2.9 	667 	41.7 	3.6 	0.2 	0.0 	0.1 	0.0 	0.302 	1.000 	0.450 	(0)	0.000 	0.000 	139 	271 	132 	55 	87 	32 	0.248 																0.6 	9.3 	4.2 	20.6 	6.5 	6.5 	0.0 	6.5 	6.4 	6.2 	6.3 	6.5 	6.2 	6.3 	6.6 	6.1 	6.3 		WR92	WR24	WR59	WR8	WR52	WR49	-	WR52	WR56	WR56	WR51	WR59	WR57	WR59	WR58	WR65	WR61		WR58	6.4 	0.0 	0.0 	0.0 	0.0 	2.7 	37.5 	0.2 	58 	0.298 	1.000 	0.420 	(0)	0.000 	0.000 	153 	0.234 		76 		-	-		-	-		-	-		-	-		WR36	8.7 	0.0 	0.0 	0.0 	0.0 	8.0 	112.6 	0.7 	36 	0.310 	1.000 	0.640 	0 	0.104 	0.000 	#N/A	0.376 		34.7 		-	-		-	-		-	-		-	-					Buffalo Bills	Houston Texans	0 	0.0 	0 	0.0 	1.0 	1 	0.0 	0.0 	0.0 	0.0 	0.0 	0.6 	WR92		Buffalo Bills	Detroit Lions	0 	0.0 	0 	0.0 	6.0 	63 	0.0 	0.0 	0.0 	0.0 	0.0 	9.3 	WR24		Buffalo Bills	Los Angeles Chargers	0 	0.0 	0 	0.0 	1.0 	37 	0.0 	0.0 	0.0 	0.0 	0.0 	4.2 	WR59		Buffalo Bills	New England Patriots	0 	0.0 	0 	0.0 	6.0 	116 	1.0 	0.0 	0.0 	0.0 	0.0 	20.6 	WR8		Buffalo Bills	Los Angeles Rams	0 	0.0 	0 	0.0 	2.7 	39 	0.2 	0.0 	0.0 	0.0 	0.0 	6.5 	WR52		Buffalo Bills	Las Vegas Raiders	0 	0.0 	0 	0.0 	2.7 	38 	0.2 	0.0 	0.0 	0.0 	0.0 	6.5 	WR49		Buffalo Bills	BYE	0 	0.0 	0 	0.0 	0.0 	0 	0.0 	0.0 	0.0 	0.0 	0.0 	0.0 	-		Buffalo Bills	Baltimore Ravens	0 	0.0 	0 	0.0 	2.7 	38 	0.2 	0.0 	0.0 	0.0 	0.0 	6.5 	WR52		Buffalo Bills	Minnesota Vikings	0 	0.0 	0 	0.0 	2.7 	38 	0.2 	0.0 	0.0 	0.0 	0.0 	6.4 	WR56		Buffalo Bills	New York Jets	0 	0.0 	0 	0.0 	2.6 	36 	0.2 	0.0 	0.0 	0.0 	0.0 	6.2 	WR56		Buffalo Bills	Miami Dolphins	0 	0.0 	0 	0.0 	2.6 	37 	0.2 	0.0 	0.0 	0.0 	0.0 	6.3 	WR51		Buffalo Bills	Kansas City Chiefs	0 	0.0 	0 	0.0 	2.7 	38 	0.2 	0.0 	0.0 	0.0 	0.0 	6.5 	WR59		Buffalo Bills	New England Patriots	0 	0.0 	0 	0.0 	2.6 	37 	0.2 	0.0 	0.0 	0.0 	0.0 	6.2 	WR57		Buffalo Bills	Green Bay Packers	0 	0.0 	0 	0.0 	2.7 	37 	0.2 	0.0 	0.0 	0.0 	0.0 	6.3 	WR59		Buffalo Bills	Chicago Bears	0 	0.0 	0 	0.0 	2.7 	39 	0.2 	0.0 	0.0 	0.0 	0.0 	6.6 	WR58		Buffalo Bills	Denver Broncos	0 	0.0 	0 	0.0 	2.6 	37 	0.2 	0.0 	0.0 	0.0 	0.0 	6.1 	WR65		Buffalo Bills	Miami Dolphins	0 	0.0 	0 	0.0 	2.6 	37 	0.2 	0.0 	0.0 	0.0 	0.0 	6.3 	WR61		Actual	Actual	Actual	Actual	Forecast	Forecast	Forecast	Forecast	Forecast	Forecast	Forecast	Forecast	Forecast	Forecast	Forecast	Forecast	Forecast		Healthy	Healthy	Healthy	Healthy	Healthy	Healthy	Healthy	Healthy	Healthy	Healthy	Healthy	Healthy	Healthy	Healthy	Healthy	Healthy	Healthy		Week 5 2026	10/6/2026	7:50:59 PM	19		17%	16%	0%	0%	0%	0%		(0.1)	0	0	0	0	0	(0.142548)
	Colston Loveland	Chicago Bears	TE	TE22	7.2 	108 	0 	0.0 	0.0 	0.0 	0 	0.0 	0.0 	0.0 	58.9 	3.9 	565 	37.7 	3.8 	0.3 	0.0 	0.1 	0.0 	0.294 	0.560 	0.366 	0 	0.122 	0.000 	141 	41 	(100)	23 	3 	(20)	0.245 				-	-		-	-		-	-		-	-		0.0 	0.8 	5.1 	8.7 	7.7 	7.7 	7.7 	7.6 	8.0 	0.0 	7.7 	8.0 	7.9 	7.8 	8.0 	7.7 	7.9 		-	TE35	TE19	TE15	TE13	TE12	TE15	TE13	TE14	-	TE13	TE14	TE12	TE13	TE14	TE16	TE13		TE14	7.8 	0.0 	0.0 	0.0 	0.0 	4.0 	39.5 	0.3 	13 	0.365 	0.560 	0.458 	1 	0.236 	0.000 	113 	0.344 		94 		-	-		-	-		-	-		-	-		TE36	4.9 	0.0 	0.0 	0.0 	0.0 	16.0 	158.1 	1.3 	36 	0.130 	0.560 	0.239 	(1)	0.000 	0.000 	#N/A	0.115 		14.6 		-	-		-	-		-	-		-	-					Chicago Bears	Carolina Panthers	0 	0.0 	0 	0.0 	0.0 	0 	0.0 	0.0 	0.0 	0.0 	0.0 	0.0 	-		Chicago Bears	Minnesota Vikings	0 	0.0 	0 	0.0 	1.0 	3 	0.0 	0.0 	0.0 	0.0 	0.0 	0.8 	TE35		Chicago Bears	Philadelphia Eagles	0 	0.0 	0 	0.0 	4.0 	31 	0.0 	0.0 	0.0 	0.0 	0.0 	5.1 	TE19		Chicago Bears	New York Jets	0 	0.0 	0 	0.0 	6.0 	57 	0.0 	0.0 	0.0 	0.0 	0.0 	8.7 	TE15		Chicago Bears	Green Bay Packers	0 	0.0 	0 	0.0 	3.9 	39 	0.3 	0.0 	0.0 	0.0 	0.0 	7.7 	TE13		Chicago Bears	Atlanta Falcons	0 	0.0 	0 	0.0 	4.0 	39 	0.3 	0.0 	0.0 	0.0 	0.0 	7.7 	TE12		Chicago Bears	New England Patriots	0 	0.0 	0 	0.0 	4.0 	39 	0.3 	0.0 	0.0 	0.0 	0.0 	7.7 	TE15		Chicago Bears	Seattle Seahawks	0 	0.0 	0 	0.0 	4.0 	39 	0.3 	0.0 	0.0 	0.0 	0.0 	7.6 	TE13		Chicago Bears	Tampa Bay Buccaneers	0 	0.0 	0 	0.0 	4.1 	40 	0.3 	0.0 	0.0 	0.0 	0.0 	8.0 	TE14		Chicago Bears	BYE	0 	0.0 	0 	0.0 	0.0 	0 	0.0 	0.0 	0.0 	0.0 	0.0 	0.0 	-		Chicago Bears	New Orleans Saints	0 	0.0 	0 	0.0 	3.9 	38 	0.3 	0.0 	0.0 	0.0 	0.0 	7.7 	TE13		Chicago Bears	Detroit Lions	0 	0.0 	0 	0.0 	4.1 	41 	0.3 	0.0 	0.0 	0.0 	0.0 	8.0 	TE14		Chicago Bears	Jacksonville Jaguars	0 	0.0 	0 	0.0 	4.0 	40 	0.3 	0.0 	0.0 	0.0 	0.0 	7.9 	TE12		Chicago Bears	Miami Dolphins	0 	0.0 	0 	0.0 	3.9 	39 	0.3 	0.0 	0.0 	0.0 	0.0 	7.8 	TE13		Chicago Bears	Buffalo Bills	0 	0.0 	0 	0.0 	4.1 	41 	0.3 	0.0 	0.0 	0.0 	0.0 	8.0 	TE14		Chicago Bears	Green Bay Packers	0 	0.0 	0 	0.0 	4.0 	39 	0.3 	0.0 	0.0 	0.0 	0.0 	7.7 	TE16		Chicago Bears	Detroit Lions	0 	0.0 	0 	0.0 	4.0 	40 	0.3 	0.0 	0.0 	0.0 	0.0 	7.9 	TE13		Actual	Actual	Actual	Actual	Forecast	Forecast	Forecast	Forecast	Forecast	Forecast	Forecast	Forecast	Forecast	Forecast	Forecast	Forecast	Forecast		Healthy	Healthy	Healthy	Healthy	Healthy	Healthy	Healthy	Healthy	Healthy	Healthy	Healthy	Healthy	Healthy	Healthy	Healthy	Healthy	Healthy		Week 5 2026	10/6/2026	7:50:59 PM	19		19%	20%	0%	0%	0%	0%		0.2 	0	0	0	0	0	0.229096 
	Tyjae Spears	Tennessee Titans	RB	RB45	5.1 	82 	0 	0.0 	0.0 	0.0 	326 	20.4 	1.3 	0.1 	27.1 	1.7 	230 	14.4 	1.0 	0.1 	0.0 	0.8 	0.0 	0.222 	1.000 	0.456 	(0)	0.000 	0.000 	145 	159 	14 	45 	54 	9 	0.238 				-	-		-	-		-	-		-	-		3.4 	8.0 	0.5 	1.1 	4.9 	5.5 	6.0 	5.8 	0.0 	5.9 	5.7 	5.6 	6.1 	5.5 	6.2 	5.8 	5.8 		RB49	RB26	RB61	RB57	RB43	RB35	RB35	RB38	-	RB36	RB35	RB45	RB38	RB44	RB42	RB43	RB45		RB43	5.7 	0.0 	0.0 	21.8 	0.1 	1.8 	15.8 	0.1 	43 	0.268 	1.000 	0.481 	(0)	0.000 	0.000 	143 	0.257 		69 		-	-		-	-		-	-		-	-		RB54	3.3 	0.0 	0.0 	65.3 	0.3 	5.5 	47.5 	0.3 	54 	0.116 	1.000 	0.341 	(1)	0.000 	0.000 	#N/A	0.171 		13.0 		-	-		-	-		-	-		-	-					Tennessee Titans	New York Jets	0 	0.0 	12 	0.0 	2.0 	12 	0.0 	0.0 	0.0 	0.0 	0.0 	3.4 	RB49		Tennessee Titans	Philadelphia Eagles	0 	0.0 	41 	0.0 	2.0 	29 	0.0 	0.0 	0.0 	0.0 	0.0 	8.0 	RB26		Tennessee Titans	New York Giants	0 	0.0 	5 	0.0 	0.0 	0 	0.0 	0.0 	0.0 	0.0 	0.0 	0.5 	RB61		Tennessee Titans	Baltimore Ravens	0 	0.0 	7 	0.0 	1.0 	(1)	0.0 	0.0 	0.0 	0.0 	0.0 	1.1 	RB57		Tennessee Titans	Houston Texans	0 	0.0 	18 	0.1 	1.7 	15 	0.1 	0.0 	0.1 	0.0 	0.0 	4.9 	RB43		Tennessee Titans	Indianapolis Colts	0 	0.0 	20 	0.1 	1.8 	16 	0.1 	0.0 	0.1 	0.0 	0.0 	5.5 	RB35		Tennessee Titans	Cleveland Browns	0 	0.0 	24 	0.1 	1.8 	15 	0.1 	0.0 	0.1 	0.0 	0.0 	6.0 	RB35		Tennessee Titans	Cincinnati Bengals	0 	0.0 	21 	0.1 	1.9 	16 	0.1 	0.0 	0.1 	0.0 	0.0 	5.8 	RB38		Tennessee Titans	BYE	0 	0.0 	0 	0.0 	0.0 	0 	0.0 	0.0 	0.0 	0.0 	0.0 	0.0 	-		Tennessee Titans	Jacksonville Jaguars	0 	0.0 	23 	0.1 	1.8 	16 	0.1 	0.0 	0.1 	0.0 	0.0 	5.9 	RB36		Tennessee Titans	Dallas Cowboys	0 	0.0 	21 	0.1 	1.9 	16 	0.1 	0.0 	0.1 	0.0 	0.0 	5.7 	RB35		Tennessee Titans	Jacksonville Jaguars	0 	0.0 	21 	0.1 	1.9 	16 	0.1 	0.0 	0.1 	0.0 	0.0 	5.6 	RB45		Tennessee Titans	Washington Commanders	0 	0.0 	24 	0.1 	1.9 	16 	0.1 	0.0 	0.1 	0.0 	0.0 	6.1 	RB38		Tennessee Titans	Detroit Lions	0 	0.0 	20 	0.1 	1.9 	16 	0.1 	0.0 	0.1 	0.0 	0.0 	5.5 	RB44		Tennessee Titans	Indianapolis Colts	0 	0.0 	24 	0.1 	1.9 	16 	0.1 	0.0 	0.1 	0.0 	0.0 	6.2 	RB42		Tennessee Titans	Las Vegas Raiders	0 	0.0 	23 	0.1 	1.8 	15 	0.1 	0.0 	0.1 	0.0 	0.0 	5.8 	RB43		Tennessee Titans	Pittsburgh Steelers	0 	0.0 	23 	0.1 	1.8 	15 	0.1 	0.0 	0.1 	0.0 	0.0 	5.8 	RB45		Actual	Actual	Actual	Actual	Forecast	Forecast	Forecast	Forecast	Forecast	Forecast	Forecast	Forecast	Forecast	Forecast	Forecast	Forecast	Forecast		Healthy	Healthy	Healthy	Healthy	Healthy	Healthy	Healthy	Healthy	Healthy	Healthy	Healthy	Healthy	Healthy	Healthy	Healthy	Healthy	Healthy		Week 5 2026	10/6/2026	7:50:59 PM	19		7%	6%	21%	15%	0%	0%		0.1 	0	0	0	0	0	0.085900 
	Jake Ferguson	Dallas Cowboys	TE	TE23	7.0 	112 	0 	0.0 	0.0 	0.0 	0 	0.0 	0.0 	0.0 	53.8 	3.4 	422 	26.4 	7.5 	0.5 	0.0 	1.1 	0.0 	0.304 	0.560 	0.385 	0 	0.096 	0.000 	143 	118 	(25)	21 	13 	(8)	0.243 				-	-		-	-		-	-		-	-		1.6 	18.3 	7.8 	2.6 	6.7 	6.9 	6.5 	6.9 	7.0 	7.0 	6.8 	6.8 	6.5 	0.0 	6.8 	7.0 	6.9 		TE32	TE4	TE14	TE26	TE19	TE18	TE22	TE19	TE22	TE21	TE21	TE22	TE19	-	TE23	TE21	TE23		TE23	6.8 	0.0 	0.0 	0.0 	0.0 	3.5 	28.2 	0.4 	23 	0.319 	0.560 	0.366 	0 	0.108 	0.000 	149 	0.243 		82 		-	-		-	-		-	-		-	-		TE18	7.6 	0.0 	0.0 	0.0 	0.0 	10.5 	84.7 	1.1 	18 	0.271 	0.560 	0.413 	0 	0.190 	0.000 	#N/A	0.291 		30.3 		-	-		-	-		-	-		-	-					Dallas Cowboys	New York Giants	0 	0.0 	0 	0.0 	2.0 	6 	0.0 	0.0 	0.0 	0.0 	0.0 	1.6 	TE32		Dallas Cowboys	Washington Commanders	0 	0.0 	0 	0.0 	4.0 	43 	2.0 	0.0 	0.0 	0.0 	0.0 	18.3 	TE4		Dallas Cowboys	Baltimore Ravens	0 	0.0 	0 	0.0 	3.0 	23 	1.0 	0.0 	1.0 	0.0 	0.0 	7.8 	TE14		Dallas Cowboys	Houston Texans	0 	0.0 	0 	0.0 	3.0 	11 	0.0 	0.0 	0.0 	0.0 	0.0 	2.6 	TE26		Dallas Cowboys	Tampa Bay Buccaneers	0 	0.0 	0 	0.0 	3.4 	27 	0.4 	0.0 	0.0 	0.0 	0.0 	6.7 	TE19		Dallas Cowboys	Green Bay Packers	0 	0.0 	0 	0.0 	3.5 	29 	0.4 	0.0 	0.0 	0.0 	0.0 	6.9 	TE18		Dallas Cowboys	Philadelphia Eagles	0 	0.0 	0 	0.0 	3.4 	28 	0.3 	0.0 	0.0 	0.0 	0.0 	6.5 	TE22		Dallas Cowboys	Arizona Cardinals	0 	0.0 	0 	0.0 	3.4 	28 	0.4 	0.0 	0.0 	0.0 	0.0 	6.9 	TE19		Dallas Cowboys	Indianapolis Colts	0 	0.0 	0 	0.0 	3.6 	29 	0.4 	0.0 	0.0 	0.0 	0.0 	7.0 	TE22		Dallas Cowboys	San Francisco 49ers	0 	0.0 	0 	0.0 	3.6 	29 	0.4 	0.0 	0.0 	0.0 	0.0 	7.0 	TE21		Dallas Cowboys	Tennessee Titans	0 	0.0 	0 	0.0 	3.4 	28 	0.4 	0.0 	0.0 	0.0 	0.0 	6.8 	TE21		Dallas Cowboys	Philadelphia Eagles	0 	0.0 	0 	0.0 	3.5 	28 	0.4 	0.0 	0.0 	0.0 	0.0 	6.8 	TE22		Dallas Cowboys	Seattle Seahawks	0 	0.0 	0 	0.0 	3.4 	28 	0.3 	0.0 	0.0 	0.0 	0.0 	6.5 	TE19		Dallas Cowboys	BYE	0 	0.0 	0 	0.0 	0.0 	0 	0.0 	0.0 	0.0 	0.0 	0.0 	0.0 	-		Dallas Cowboys	Los Angeles Rams	0 	0.0 	0 	0.0 	3.6 	29 	0.4 	0.0 	0.0 	0.0 	0.0 	6.8 	TE23		Dallas Cowboys	Jacksonville Jaguars	0 	0.0 	0 	0.0 	3.6 	29 	0.4 	0.0 	0.0 	0.0 	0.0 	7.0 	TE21		Dallas Cowboys	New York Giants	0 	0.0 	0 	0.0 	3.5 	28 	0.4 	0.0 	0.0 	0.0 	0.0 	6.9 	TE23		Actual	Actual	Actual	Actual	Forecast	Forecast	Forecast	Forecast	Forecast	Forecast	Forecast	Forecast	Forecast	Forecast	Forecast	Forecast	Forecast		Healthy	Healthy	Healthy	Healthy	Healthy	Healthy	Healthy	Healthy	Healthy	Healthy	Healthy	Healthy	Healthy	Healthy	Healthy	Healthy	Healthy		Week 5 2026	10/6/2026	7:50:59 PM	19		11%	21%	0%	0%	0%	0%		(0.0)	0	0	0	0	0	(0.048315)
	Keenan Allen	Indianapolis Colts	WR	WR56	7.1 	106 	0 	0.0 	0.0 	0.0 	0 	0.0 	0.0 	0.0 	64.3 	4.3 	536 	35.7 	3.4 	0.2 	0.0 	0.1 	0.0 	0.287 	1.000 	0.440 	(0)	0.000 	0.000 	144 	168 	24 	56 	61 	5 	0.241 				-	-		-	-		-	-		-	-		6.2 	1.0 	15.3 	0.0 	6.6 	6.8 	6.8 	7.0 	7.3 	7.0 	6.8 	7.1 	0.0 	6.9 	7.0 	7.3 	6.8 		WR47	WR83	WR17	-	WR51	WR47	WR48	WR48	WR49	WR47	WR45	WR54	-	WR51	WR54	WR53	WR54		WR54	6.9 	0.0 	0.0 	0.0 	0.0 	4.3 	36.3 	0.2 	54 	0.325 	1.000 	0.460 	(0)	0.000 	0.000 	144 	0.256 		83 		-	-		-	-		-	-		-	-		WR67	7.5 	0.0 	0.0 	0.0 	0.0 	17.1 	145.3 	0.8 	67 	0.201 	1.000 	0.330 	(0)	0.000 	0.000 	#N/A	0.179 		22.5 		-	-		-	-		-	-		-	-					Indianapolis Colts	Baltimore Ravens	0 	0.0 	0 	0.0 	6.0 	32 	0.0 	0.0 	0.0 	0.0 	0.0 	6.2 	WR47		Indianapolis Colts	Kansas City Chiefs	0 	0.0 	0 	0.0 	1.0 	5 	0.0 	0.0 	0.0 	0.0 	0.0 	1.0 	WR83		Indianapolis Colts	Houston Texans	0 	0.0 	0 	0.0 	6.0 	63 	1.0 	0.0 	0.0 	0.0 	0.0 	15.3 	WR17		Indianapolis Colts	Washington Commanders	0 	0.0 	0 	0.0 	0.0 	0 	0.0 	0.0 	0.0 	0.0 	0.0 	0.0 	-		Indianapolis Colts	Pittsburgh Steelers	0 	0.0 	0 	0.0 	4.1 	35 	0.2 	0.0 	0.0 	0.0 	0.0 	6.6 	WR51		Indianapolis Colts	Tennessee Titans	0 	0.0 	0 	0.0 	4.1 	35 	0.2 	0.0 	0.0 	0.0 	0.0 	6.8 	WR47		Indianapolis Colts	Minnesota Vikings	0 	0.0 	0 	0.0 	4.2 	36 	0.2 	0.0 	0.0 	0.0 	0.0 	6.8 	WR48		Indianapolis Colts	Jacksonville Jaguars	0 	0.0 	0 	0.0 	4.3 	37 	0.2 	0.0 	0.0 	0.0 	0.0 	7.0 	WR48		Indianapolis Colts	Dallas Cowboys	0 	0.0 	0 	0.0 	4.5 	38 	0.2 	0.0 	0.0 	0.0 	0.0 	7.3 	WR49		Indianapolis Colts	Miami Dolphins	0 	0.0 	0 	0.0 	4.2 	36 	0.2 	0.0 	0.0 	0.0 	0.0 	7.0 	WR47		Indianapolis Colts	Houston Texans	0 	0.0 	0 	0.0 	4.2 	36 	0.2 	0.0 	0.0 	0.0 	0.0 	6.8 	WR45		Indianapolis Colts	New York Giants	0 	0.0 	0 	0.0 	4.3 	37 	0.2 	0.0 	0.0 	0.0 	0.0 	7.1 	WR54		Indianapolis Colts	BYE	0 	0.0 	0 	0.0 	0.0 	0 	0.0 	0.0 	0.0 	0.0 	0.0 	0.0 	-		Indianapolis Colts	Philadelphia Eagles	0 	0.0 	0 	0.0 	4.3 	36 	0.2 	0.0 	0.0 	0.0 	0.0 	6.9 	WR51		Indianapolis Colts	Tennessee Titans	0 	0.0 	0 	0.0 	4.3 	36 	0.2 	0.0 	0.0 	0.0 	0.0 	7.0 	WR54		Indianapolis Colts	Cincinnati Bengals	0 	0.0 	0 	0.0 	4.5 	38 	0.2 	0.0 	0.0 	0.0 	0.0 	7.3 	WR53		Indianapolis Colts	Cleveland Browns	0 	0.0 	0 	0.0 	4.2 	36 	0.2 	0.0 	0.0 	0.0 	0.0 	6.8 	WR54		Actual	Actual	Actual	Actual	Forecast	Forecast	Forecast	Forecast	Forecast	Forecast	Forecast	Forecast	Forecast	Forecast	Forecast	Forecast	Forecast		Healthy	Healthy	Healthy	Injured	Healthy	Healthy	Healthy	Healthy	Healthy	Healthy	Healthy	Healthy	Healthy	Healthy	Healthy	Healthy	Healthy		Week 5 2026	10/6/2026	7:50:59 PM	19		16%	16%	0%	0%	0%	0%		0.1 	0	0	1	0	0	
	Brian Robinson Jr.	Atlanta Falcons	RB	RB36	7.3 	117 	0 	0.0 	0.0 	0.0 	610 	38.1 	7.4 	0.5 	10.3 	0.6 	68 	4.3 	0.3 	0.0 	0.0 	0.9 	0.0 	0.318 	1.000 	0.594 	(0)	0.000 	0.000 	114 	144 	30 	34 	47 	13 	0.315 				-	-		-	-		-	-		-	-		3.1 	7.7 	11.0 	25.2 	6.4 	6.2 	5.8 	5.7 	5.7 	5.6 	0.0 	5.5 	5.9 	5.6 	5.8 	6.0 	6.3 		RB51	RB28	RB19	RB8	RB38	RB33	RB36	RB40	RB43	RB40	-	RB46	RB40	RB43	RB44	RB40	RB39		RB42	5.9 	0.0 	0.0 	34.7 	0.3 	0.6 	3.9 	0.0 	42 	0.274 	1.000 	0.494 	(0)	0.000 	0.000 	141 	0.263 		70 		-	-		-	-		-	-		-	-		RB17	11.8 	0.0 	0.0 	104.0 	0.8 	1.8 	11.8 	0.1 	17 	0.420 	1.000 	0.804 	1 	0.236 	0.000 	#N/A	0.519 		47.0 		-	-		-	-		-	-		-	-					Atlanta Falcons	Pittsburgh Steelers	0 	0.0 	31 	0.0 	0.0 	0 	0.0 	0.0 	0.0 	0.0 	0.0 	3.1 	RB51		Atlanta Falcons	Carolina Panthers	0 	0.0 	51 	0.0 	2.0 	16 	0.0 	0.0 	0.0 	0.0 	0.0 	7.7 	RB28		Atlanta Falcons	Green Bay Packers	0 	0.0 	50 	1.0 	0.0 	0 	0.0 	0.0 	0.0 	0.0 	0.0 	11.0 	RB19		Atlanta Falcons	New Orleans Saints	0 	0.0 	62 	3.0 	1.0 	5 	0.0 	0.0 	0.0 	0.0 	0.0 	25.2 	RB8		Atlanta Falcons	Baltimore Ravens	0 	0.0 	38 	0.3 	0.6 	4 	0.0 	0.0 	0.1 	0.0 	0.0 	6.4 	RB38		Atlanta Falcons	Chicago Bears	0 	0.0 	36 	0.3 	0.6 	4 	0.0 	0.0 	0.1 	0.0 	0.0 	6.2 	RB33		Atlanta Falcons	San Francisco 49ers	0 	0.0 	34 	0.3 	0.6 	4 	0.0 	0.0 	0.1 	0.0 	0.0 	5.8 	RB36		Atlanta Falcons	Tampa Bay Buccaneers	0 	0.0 	34 	0.3 	0.6 	4 	0.0 	0.0 	0.1 	0.0 	0.0 	5.7 	RB40		Atlanta Falcons	Cincinnati Bengals	0 	0.0 	33 	0.3 	0.6 	4 	0.0 	0.0 	0.1 	0.0 	0.0 	5.7 	RB43		Atlanta Falcons	Kansas City Chiefs	0 	0.0 	33 	0.3 	0.6 	4 	0.0 	0.0 	0.1 	0.0 	0.0 	5.6 	RB40		Atlanta Falcons	BYE	0 	0.0 	0 	0.0 	0.0 	0 	0.0 	0.0 	0.0 	0.0 	0.0 	0.0 	-		Atlanta Falcons	Minnesota Vikings	0 	0.0 	33 	0.3 	0.6 	4 	0.0 	0.0 	0.1 	0.0 	0.0 	5.5 	RB46		Atlanta Falcons	Detroit Lions	0 	0.0 	35 	0.3 	0.6 	4 	0.0 	0.0 	0.1 	0.0 	0.0 	5.9 	RB40		Atlanta Falcons	Cleveland Browns	0 	0.0 	34 	0.3 	0.6 	4 	0.0 	0.0 	0.1 	0.0 	0.0 	5.6 	RB43		Atlanta Falcons	Washington Commanders	0 	0.0 	34 	0.3 	0.6 	4 	0.0 	0.0 	0.1 	0.0 	0.0 	5.8 	RB44		Atlanta Falcons	Tampa Bay Buccaneers	0 	0.0 	36 	0.3 	0.6 	4 	0.0 	0.0 	0.1 	0.0 	0.0 	6.0 	RB40		Atlanta Falcons	New Orleans Saints	0 	0.0 	37 	0.3 	0.6 	4 	0.0 	0.0 	0.1 	0.0 	0.0 	6.3 	RB39		Actual	Actual	Actual	Actual	Forecast	Forecast	Forecast	Forecast	Forecast	Forecast	Forecast	Forecast	Forecast	Forecast	Forecast	Forecast	Forecast		Healthy	Healthy	Healthy	Healthy	Healthy	Healthy	Healthy	Healthy	Healthy	Healthy	Healthy	Healthy	Healthy	Healthy	Healthy	Healthy	Healthy		Week 5 2026	10/6/2026	7:50:59 PM	19		2%	2%	25%	28%	0%	0%		(0.3)	0	0	0	0	0	(0.255874)
	Pat Bryant	Denver Broncos	WR	WR57	6.4 	102 	0 	0.0 	0.0 	0.0 	16 	1.0 	0.0 	0.0 	41.1 	2.6 	563 	35.2 	3.7 	0.2 	0.0 	0.1 	0.0 	0.278 	1.000 	0.430 	(0)	0.000 	0.000 	146 	249 	103 	57 	82 	25 	0.235 				-	-		-	-		-	-		-	-		6.2 	1.6 	13.4 	6.2 	6.1 	6.2 	6.4 	6.3 	6.3 	0.0 	6.3 	6.0 	6.3 	6.2 	6.2 	6.4 	6.1 		WR47	WR77	WR21	WR47	WR57	WR53	WR51	WR57	WR57	-	WR53	WR67	WR55	WR62	WR65	WR60	WR67		WR60	6.2 	0.0 	0.0 	0.0 	0.0 	2.7 	35.9 	0.2 	60 	0.292 	1.000 	0.400 	(0)	0.000 	0.000 	157 	0.224 		75 		-	-		-	-		-	-		-	-		WR53	6.9 	0.0 	0.0 	0.0 	0.0 	8.0 	107.6 	0.7 	53 	0.245 	1.000 	0.470 	0 	0.005 	0.000 	#N/A	0.250 		27.4 		-	-		-	-		-	-		-	-					Denver Broncos	Kansas City Chiefs	0 	0.0 	0 	0.0 	4.0 	42 	0.0 	0.0 	0.0 	0.0 	0.0 	6.2 	WR47		Denver Broncos	Jacksonville Jaguars	0 	0.0 	16 	0.0 	0.0 	0 	0.0 	0.0 	0.0 	0.0 	0.0 	1.6 	WR77		Denver Broncos	Los Angeles Rams	0 	0.0 	0 	0.0 	2.0 	44 	1.0 	0.0 	0.0 	0.0 	1.0 	13.4 	WR21		Denver Broncos	San Francisco 49ers	0 	0.0 	0 	0.0 	3.0 	47 	0.0 	0.0 	0.0 	0.0 	0.0 	6.2 	WR47		Denver Broncos	Los Angeles Chargers	0 	0.0 	0 	0.0 	2.6 	35 	0.2 	0.0 	0.0 	0.0 	0.0 	6.1 	WR57		Denver Broncos	Seattle Seahawks	0 	0.0 	0 	0.0 	2.7 	36 	0.2 	0.0 	0.0 	0.0 	0.0 	6.2 	WR53		Denver Broncos	Arizona Cardinals	0 	0.0 	0 	0.0 	2.7 	36 	0.2 	0.0 	0.0 	0.0 	0.0 	6.4 	WR51		Denver Broncos	Kansas City Chiefs	0 	0.0 	0 	0.0 	2.7 	36 	0.2 	0.0 	0.0 	0.0 	0.0 	6.3 	WR57		Denver Broncos	Carolina Panthers	0 	0.0 	0 	0.0 	2.7 	36 	0.2 	0.0 	0.0 	0.0 	0.0 	6.3 	WR57		Denver Broncos	BYE	0 	0.0 	0 	0.0 	0.0 	0 	0.0 	0.0 	0.0 	0.0 	0.0 	0.0 	-		Denver Broncos	Las Vegas Raiders	0 	0.0 	0 	0.0 	2.7 	36 	0.2 	0.0 	0.0 	0.0 	0.0 	6.3 	WR53		Denver Broncos	Pittsburgh Steelers	0 	0.0 	0 	0.0 	2.6 	35 	0.2 	0.0 	0.0 	0.0 	0.0 	6.0 	WR67		Denver Broncos	Miami Dolphins	0 	0.0 	0 	0.0 	2.7 	36 	0.2 	0.0 	0.0 	0.0 	0.0 	6.3 	WR55		Denver Broncos	New York Jets	0 	0.0 	0 	0.0 	2.6 	35 	0.2 	0.0 	0.0 	0.0 	0.0 	6.2 	WR62		Denver Broncos	Las Vegas Raiders	0 	0.0 	0 	0.0 	2.7 	36 	0.2 	0.0 	0.0 	0.0 	0.0 	6.2 	WR65		Denver Broncos	Buffalo Bills	0 	0.0 	0 	0.0 	2.8 	37 	0.2 	0.0 	0.0 	0.0 	0.0 	6.4 	WR60		Denver Broncos	New England Patriots	0 	0.0 	0 	0.0 	2.7 	36 	0.2 	0.0 	0.0 	0.0 	0.0 	6.1 	WR67		Actual	Actual	Actual	Actual	Forecast	Forecast	Forecast	Forecast	Forecast	Forecast	Forecast	Forecast	Forecast	Forecast	Forecast	Forecast	Forecast		Healthy	Healthy	Healthy	Healthy	Limited / Handicapped	Healthy	Healthy	Healthy	Healthy	Healthy	Healthy	Healthy	Healthy	Healthy	Healthy	Healthy	Healthy		Week 5 2026	10/6/2026	7:50:59 PM	19		16%	15%	0%	0%	0%	0%		(0.0)	0	0	0	0	0	(0.026526)
	Aaron Rodgers	Pittsburgh Steelers	QB	QB23	14.7 	236 	3,718 	232.4 	26.1 	1.6 	63 	3.9 	0.2 	0.0 	0.0 	0.0 	0 	0.0 	0.0 	0.0 	11.7 	1.9 	0.0 	0.640 	0.460 	0.240 	0 	0.203 	0.000 	152 	179 	27 	21 	27 	6 	0.223 																12.5 	4.0 	22.7 	22.0 	15.3 	14.3 	14.9 	14.4 	0.0 	15.3 	13.9 	13.6 	14.0 	14.4 	15.0 	14.9 	14.7 		QB24	QB31	QB8	QB5	QB17	QB23	QB21	QB24	-	QB19	QB21	QB29	QB25	QB25	QB23	QB24	QB26		QB26	14.5 	226.6 	1.6 	4.2 	0.0 	0.0 	0.0 	0.0 	25 	0.680 	0.460 	0.186 	0 	0.307 	0.000 	150 	0.243 		175 		-	-		-	-		-	-		-	-		QB17	15.3 	679.8 	4.8 	12.7 	0.1 	0.0 	0.0 	0.0 	17 	0.546 	0.460 	0.292 	0 	0.211 	0.000 	#N/A	0.254 		61.2 		-	-		-	-		-	-		-	-					Pittsburgh Steelers	Atlanta Falcons	221 	1.0 	(3)	0.0 	0.0 	0 	0.0 	0.0 	0.0 	0.0 	0.0 	12.5 	QB24		Pittsburgh Steelers	New England Patriots	187 	0.0 	5 	0.0 	0.0 	0 	0.0 	1.0 	1.0 	0.0 	0.0 	4.0 	QB31		Pittsburgh Steelers	Cincinnati Bengals	292 	3.0 	10 	0.0 	0.0 	0 	0.0 	1.0 	0.0 	0.0 	0.0 	22.7 	QB8		Pittsburgh Steelers	Cleveland Browns	299 	3.0 	0 	0.0 	0.0 	0 	0.0 	2.0 	0.0 	0.0 	1.0 	22.0 	QB5		Pittsburgh Steelers	Indianapolis Colts	232 	1.7 	5 	0.0 	0.0 	0 	0.0 	0.6 	0.1 	0.0 	0.0 	15.3 	QB17		Pittsburgh Steelers	Tampa Bay Buccaneers	223 	1.6 	4 	0.0 	0.0 	0 	0.0 	0.6 	0.1 	0.0 	0.0 	14.3 	QB23		Pittsburgh Steelers	New Orleans Saints	228 	1.7 	4 	0.0 	0.0 	0 	0.0 	0.6 	0.1 	0.0 	0.0 	14.9 	QB21		Pittsburgh Steelers	Cleveland Browns	219 	1.6 	5 	0.0 	0.0 	0 	0.0 	0.6 	0.1 	0.0 	0.0 	14.4 	QB24		Pittsburgh Steelers	BYE	0 	0.0 	0 	0.0 	0.0 	0 	0.0 	0.0 	0.0 	0.0 	0.0 	0.0 	-		Pittsburgh Steelers	Cincinnati Bengals	236 	1.7 	4 	0.0 	0.0 	0 	0.0 	0.6 	0.1 	0.0 	0.0 	15.3 	QB19		Pittsburgh Steelers	Philadelphia Eagles	227 	1.5 	4 	0.0 	0.0 	0 	0.0 	0.6 	0.1 	0.0 	0.0 	13.9 	QB21		Pittsburgh Steelers	Denver Broncos	219 	1.4 	4 	0.0 	0.0 	0 	0.0 	0.6 	0.1 	0.0 	0.0 	13.6 	QB29		Pittsburgh Steelers	Houston Texans	223 	1.5 	4 	0.0 	0.0 	0 	0.0 	0.6 	0.1 	0.0 	0.0 	14.0 	QB25		Pittsburgh Steelers	Jacksonville Jaguars	226 	1.6 	4 	0.0 	0.0 	0 	0.0 	0.6 	0.1 	0.0 	0.0 	14.4 	QB25		Pittsburgh Steelers	Baltimore Ravens	231 	1.7 	4 	0.0 	0.0 	0 	0.0 	0.6 	0.1 	0.0 	0.0 	15.0 	QB23		Pittsburgh Steelers	Carolina Panthers	228 	1.7 	4 	0.0 	0.0 	0 	0.0 	0.6 	0.1 	0.0 	0.0 	14.9 	QB24		Pittsburgh Steelers	Tennessee Titans	226 	1.6 	4 	0.0 	0.0 	0 	0.0 	0.6 	0.1 	0.0 	0.0 	14.7 	QB26		Actual	Actual	Actual	Actual	Forecast	Forecast	Forecast	Forecast	Forecast	Forecast	Forecast	Forecast	Forecast	Forecast	Forecast	Forecast	Forecast		Healthy	Healthy	Healthy	Healthy	Healthy	Healthy	Healthy	Healthy	Healthy	Healthy	Healthy	Healthy	Healthy	Healthy	Healthy	Healthy	Healthy		Week 5 2026	10/6/2026	7:50:59 PM	19		0%	0%	4%	3%	99%	99%		(0.0)	0	0	0	0	0	(0.011457)
	Chris Rodriguez Jr.	Jacksonville Jaguars	RB	RB46	4.9 	78 	0 	0.0 	0.0 	0.0 	425 	26.6 	5.6 	0.3 	2.8 	0.2 	28 	1.7 	0.0 	0.0 	0.0 	0.8 	0.0 	0.213 	1.000 	0.443 	(1)	0.000 	0.000 	147 	137 	(10)	46 	45 	(1)	0.231 				-	-		-	-		-	-		-	-		2.3 	1.3 	9.7 	9.5 	5.1 	4.5 	0.0 	5.2 	4.1 	4.6 	4.6 	5.0 	4.3 	4.6 	4.0 	4.5 	4.9 		RB55	RB60	RB23	RB29	RB42	RB43	-	RB42	RB50	RB45	RB40	RB48	RB49	RB49	RB53	RB52	RB49		RB49	4.6 	0.0 	0.0 	26.5 	0.3 	0.2 	2.3 	0.0 	49 	0.216 	1.000 	0.405 	(1)	0.000 	0.000 	162 	0.215 		56 		-	-		-	-		-	-		-	-		RB39	5.7 	0.0 	0.0 	79.4 	0.9 	0.7 	6.9 	0.0 	39 	0.204 	1.000 	0.532 	(0)	0.000 	0.000 	#N/A	0.270 		22.8 		-	-		-	-		-	-		-	-					Jacksonville Jaguars	Cleveland Browns	0 	0.0 	23 	0.0 	0.0 	0 	0.0 	0.0 	0.0 	0.0 	0.0 	2.3 	RB55		Jacksonville Jaguars	Denver Broncos	0 	0.0 	13 	0.0 	0.0 	0 	0.0 	0.0 	0.0 	0.0 	0.0 	1.3 	RB60		Jacksonville Jaguars	New England Patriots	0 	0.0 	37 	1.0 	0.0 	0 	0.0 	0.0 	0.0 	0.0 	0.0 	9.7 	RB23		Jacksonville Jaguars	Cincinnati Bengals	0 	0.0 	35 	1.0 	0.0 	0 	0.0 	0.0 	0.0 	0.0 	0.0 	9.5 	RB29		Jacksonville Jaguars	Philadelphia Eagles	0 	0.0 	29 	0.3 	0.2 	2 	0.0 	0.0 	0.1 	0.0 	0.0 	5.1 	RB42		Jacksonville Jaguars	Houston Texans	0 	0.0 	26 	0.3 	0.2 	2 	0.0 	0.0 	0.1 	0.0 	0.0 	4.5 	RB43		Jacksonville Jaguars	BYE	0 	0.0 	0 	0.0 	0.0 	0 	0.0 	0.0 	0.0 	0.0 	0.0 	0.0 	-		Jacksonville Jaguars	Indianapolis Colts	0 	0.0 	29 	0.3 	0.2 	2 	0.0 	0.0 	0.1 	0.0 	0.0 	5.2 	RB42		Jacksonville Jaguars	Baltimore Ravens	0 	0.0 	24 	0.3 	0.2 	2 	0.0 	0.0 	0.1 	0.0 	0.0 	4.1 	RB50		Jacksonville Jaguars	Tennessee Titans	0 	0.0 	27 	0.3 	0.2 	2 	0.0 	0.0 	0.1 	0.0 	0.0 	4.6 	RB45		Jacksonville Jaguars	New York Giants	0 	0.0 	27 	0.3 	0.2 	2 	0.0 	0.0 	0.1 	0.0 	0.0 	4.6 	RB40		Jacksonville Jaguars	Tennessee Titans	0 	0.0 	28 	0.3 	0.2 	2 	0.0 	0.0 	0.1 	0.0 	0.0 	5.0 	RB48		Jacksonville Jaguars	Chicago Bears	0 	0.0 	25 	0.3 	0.2 	2 	0.0 	0.0 	0.1 	0.0 	0.0 	4.3 	RB49		Jacksonville Jaguars	Pittsburgh Steelers	0 	0.0 	26 	0.3 	0.2 	2 	0.0 	0.0 	0.1 	0.0 	0.0 	4.6 	RB49		Jacksonville Jaguars	Houston Texans	0 	0.0 	24 	0.2 	0.2 	2 	0.0 	0.0 	0.1 	0.0 	0.0 	4.0 	RB53		Jacksonville Jaguars	Dallas Cowboys	0 	0.0 	25 	0.3 	0.2 	2 	0.0 	0.0 	0.1 	0.0 	0.0 	4.5 	RB52		Jacksonville Jaguars	Washington Commanders	0 	0.0 	27 	0.3 	0.2 	2 	0.0 	0.0 	0.1 	0.0 	0.0 	4.9 	RB49		Actual	Actual	Actual	Actual	Forecast	Forecast	Forecast	Forecast	Forecast	Forecast	Forecast	Forecast	Forecast	Forecast	Forecast	Forecast	Forecast		Healthy	Healthy	Healthy	Healthy	Healthy	Healthy	Healthy	Healthy	Healthy	Healthy	Healthy	Healthy	Healthy	Healthy	Healthy	Healthy	Healthy		Week 5 2026	10/6/2026	7:50:59 PM	19		1%	0%	22%	33%	0%	0%		(0.1)	0	0	0	0	0	(0.055164)
	Mack Hollins	New England Patriots	WR	WR58	6.3 	101 	0 	0.0 	0.0 	0.0 	0 	0.0 	0.0 	0.0 	46.6 	2.9 	626 	39.1 	2.5 	0.2 	0.0 	0.1 	0.0 	0.274 	1.000 	0.420 	(0)	0.000 	0.000 	148 	0 	(148)	58 	0 	(58)	0.230 				-	-		-	-		-	-		-	-		7.1 	2.8 	11.7 	6.8 	8.5 	8.6 	5.6 	5.6 	5.6 	5.7 	0.0 	5.5 	5.7 	5.5 	5.4 	5.3 	5.4 		WR39	WR71	WR25	WR45	WR38	WR36	WR60	WR65	WR67	WR61	-	WR73	WR65	WR70	WR74	WR73	WR73		WR66	6.0 	0.0 	0.0 	0.0 	0.0 	2.6 	34.7 	0.2 	66 	0.283 	1.000 	0.340 	(0)	0.000 	0.000 	170 	0.195 		73 		-	-		-	-		-	-		-	-		WR51	7.1 	0.0 	0.0 	0.0 	0.0 	7.9 	104.1 	0.6 	51 	0.254 	1.000 	0.490 	0 	0.019 	0.000 	#N/A	0.266 		28.4 		-	-		-	-		-	-		-	-					New England Patriots	Seattle Seahawks	0 	0.0 	0 	0.0 	4.0 	51 	0.0 	0.0 	0.0 	0.0 	0.0 	7.1 	WR39		New England Patriots	Pittsburgh Steelers	0 	0.0 	0 	0.0 	2.0 	18 	0.0 	0.0 	0.0 	0.0 	0.0 	2.8 	WR71		New England Patriots	Jacksonville Jaguars	0 	0.0 	0 	0.0 	6.0 	87 	0.0 	0.0 	0.0 	0.0 	0.0 	11.7 	WR25		New England Patriots	Buffalo Bills	0 	0.0 	0 	0.0 	3.0 	53 	0.0 	0.0 	0.0 	0.0 	0.0 	6.8 	WR45		New England Patriots	Las Vegas Raiders	0 	0.0 	0 	0.0 	3.5 	47 	0.3 	0.0 	0.0 	0.0 	0.0 	8.5 	WR38		New England Patriots	New York Jets	0 	0.0 	0 	0.0 	3.6 	48 	0.3 	0.0 	0.0 	0.0 	0.0 	8.6 	WR36		New England Patriots	Chicago Bears	0 	0.0 	0 	0.0 	2.5 	33 	0.2 	0.0 	0.0 	0.0 	0.0 	5.6 	WR60		New England Patriots	Miami Dolphins	0 	0.0 	0 	0.0 	2.4 	32 	0.2 	0.0 	0.0 	0.0 	0.0 	5.6 	WR65		New England Patriots	Green Bay Packers	0 	0.0 	0 	0.0 	2.5 	33 	0.2 	0.0 	0.0 	0.0 	0.0 	5.6 	WR67		New England Patriots	Detroit Lions	0 	0.0 	0 	0.0 	2.5 	33 	0.2 	0.0 	0.0 	0.0 	0.0 	5.7 	WR61		New England Patriots	BYE	0 	0.0 	0 	0.0 	0.0 	0 	0.0 	0.0 	0.0 	0.0 	0.0 	0.0 	-		New England Patriots	Los Angeles Chargers	0 	0.0 	0 	0.0 	2.4 	32 	0.2 	0.0 	0.0 	0.0 	0.0 	5.5 	WR73		New England Patriots	Buffalo Bills	0 	0.0 	0 	0.0 	2.5 	33 	0.2 	0.0 	0.0 	0.0 	0.0 	5.7 	WR65		New England Patriots	Minnesota Vikings	0 	0.0 	0 	0.0 	2.4 	32 	0.2 	0.0 	0.0 	0.0 	0.0 	5.5 	WR70		New England Patriots	Kansas City Chiefs	0 	0.0 	0 	0.0 	2.4 	32 	0.2 	0.0 	0.0 	0.0 	0.0 	5.4 	WR74		New England Patriots	New York Jets	0 	0.0 	0 	0.0 	2.3 	31 	0.2 	0.0 	0.0 	0.0 	0.0 	5.3 	WR73		New England Patriots	Denver Broncos	0 	0.0 	0 	0.0 	2.4 	32 	0.2 	0.0 	0.0 	0.0 	0.0 	5.4 	WR73		Actual	Actual	Actual	Actual	Forecast	Forecast	Forecast	Forecast	Forecast	Forecast	Forecast	Forecast	Forecast	Forecast	Forecast	Forecast	Forecast		Healthy	Healthy	Healthy	Healthy	Limited / Handicapped	Healthy	Healthy	Healthy	Healthy	Healthy	Healthy	Healthy	Healthy	Healthy	Healthy	Healthy	Healthy		Week 5 2026	10/6/2026	7:50:59 PM	19		14%	12%	0%	0%	0%	0%		(0.1)	0	0	0	0	0	(0.070664)
	Sam Darnold	Seattle Seahawks	QB	QB22	15.3 	230 	3,437 	229.1 	26.7 	1.8 	66 	4.4 	0.4 	0.0 	0.0 	0.0 	0 	0.0 	0.0 	0.0 	10.7 	0.9 	0.0 	0.623 	0.460 	0.200 	0 	0.259 	0.000 	149 	149 	0 	24 	20 	(4)	0.228 																0.5 	0.0 	27.8 	13.3 	16.1 	14.6 	15.6 	16.1 	16.9 	15.4 	0.0 	15.5 	16.3 	16.0 	14.5 	15.8 	15.2 		QB34	-	QB2	QB18	QB11	QB20	QB17	QB12	QB11	QB18	-	QB23	QB11	QB19	QB28	QB18	QB19		QB17	15.7 	239.8 	1.7 	4.6 	0.0 	0.0 	0.0 	0.0 	16 	0.733 	0.460 	0.304 	1 	0.421 	0.000 	105 	0.359 		188 		-	-		-	-		-	-		-	-		QB26	13.9 	959.0 	6.9 	18.3 	0.1 	0.0 	0.0 	0.0 	26 	0.372 	0.460 	0.172 	(0)	0.000 	0.000 	#N/A	0.091 		41.6 		-	-		-	-		-	-		-	-					Seattle Seahawks	New England Patriots	13 	0.0 	0 	0.0 	0.0 	0 	0.0 	0.0 	0.0 	0.0 	0.0 	0.5 	QB34		Seattle Seahawks	Arizona Cardinals	0 	0.0 	0 	0.0 	0.0 	0 	0.0 	0.0 	0.0 	0.0 	0.0 	0.0 	-		Seattle Seahawks	Washington Commanders	379 	4.0 	5 	0.0 	0.0 	0 	0.0 	1.9 	0.0 	0.0 	0.0 	27.8 	QB2		Seattle Seahawks	Los Angeles Chargers	168 	2.0 	6 	0.0 	0.0 	0 	0.0 	1.0 	0.0 	0.0 	0.0 	13.3 	QB18		Seattle Seahawks	San Francisco 49ers	243 	1.7 	5 	0.1 	0.0 	0 	0.0 	0.6 	0.1 	0.0 	0.0 	16.1 	QB11		Seattle Seahawks	Denver Broncos	233 	1.6 	4 	0.0 	0.0 	0 	0.0 	0.6 	0.1 	0.0 	0.0 	14.6 	QB20		Seattle Seahawks	Kansas City Chiefs	242 	1.7 	4 	0.0 	0.0 	0 	0.0 	0.6 	0.1 	0.0 	0.0 	15.6 	QB17		Seattle Seahawks	Chicago Bears	243 	1.8 	5 	0.0 	0.0 	0 	0.0 	0.6 	0.1 	0.0 	0.0 	16.1 	QB12		Seattle Seahawks	Arizona Cardinals	245 	1.9 	5 	0.0 	0.0 	0 	0.0 	0.6 	0.1 	0.0 	0.0 	16.9 	QB11		Seattle Seahawks	Las Vegas Raiders	235 	1.7 	5 	0.0 	0.0 	0 	0.0 	0.6 	0.1 	0.0 	0.0 	15.4 	QB18		Seattle Seahawks	BYE	0 	0.0 	0 	0.0 	0.0 	0 	0.0 	0.0 	0.0 	0.0 	0.0 	0.0 	-		Seattle Seahawks	San Francisco 49ers	241 	1.7 	4 	0.0 	0.0 	0 	0.0 	0.6 	0.1 	0.0 	0.0 	15.5 	QB23		Seattle Seahawks	Dallas Cowboys	245 	1.8 	5 	0.0 	0.0 	0 	0.0 	0.6 	0.1 	0.0 	0.0 	16.3 	QB11		Seattle Seahawks	New York Giants	240 	1.8 	5 	0.0 	0.0 	0 	0.0 	0.6 	0.1 	0.0 	0.0 	16.0 	QB19		Seattle Seahawks	Philadelphia Eagles	234 	1.5 	4 	0.0 	0.0 	0 	0.0 	0.6 	0.1 	0.0 	0.0 	14.5 	QB28		Seattle Seahawks	Los Angeles Rams	243 	1.7 	4 	0.0 	0.0 	0 	0.0 	0.6 	0.1 	0.0 	0.0 	15.8 	QB18		Seattle Seahawks	Carolina Panthers	235 	1.7 	4 	0.0 	0.0 	0 	0.0 	0.6 	0.1 	0.0 	0.0 	15.2 	QB19		Actual	Actual	Actual	Actual	Forecast	Forecast	Forecast	Forecast	Forecast	Forecast	Forecast	Forecast	Forecast	Forecast	Forecast	Forecast	Forecast		Healthy	Injured	Healthy	Healthy	Healthy	Healthy	Healthy	Healthy	Healthy	Healthy	Healthy	Healthy	Healthy	Healthy	Healthy	Healthy	Healthy		Week 5 2026	10/6/2026	7:50:59 PM	19		0%	0%	4%	3%	99%	99%		0.3 	1	0	0	0	0	
	Rashod Bateman	Baltimore Ravens	WR	WR59	6.5 	98 	0 	0.0 	0.0 	0.0 	0 	0.0 	0.0 	0.0 	41.6 	2.8 	584 	38.9 	3.2 	0.2 	0.0 	0.1 	0.0 	0.267 	1.000 	0.410 	(0)	0.000 	0.000 	150 	0 	(150)	59 	0 	(59)	0.224 				-	-		-	-		-	-		-	-		0.0 	18.3 	4.7 	5.6 	5.5 	5.4 	6.2 	6.0 	5.9 	5.9 	5.8 	5.7 	0.0 	5.8 	5.8 	5.6 	6.0 		-	WR10	WR56	WR53	WR66	WR60	WR54	WR61	WR65	WR59	WR61	WR72	-	WR68	WR70	WR72	WR70		WR69	5.8 	0.0 	0.0 	0.0 	0.0 	2.5 	34.4 	0.2 	69 	0.271 	1.000 	0.310 	(0)	0.000 	0.000 	177 	0.180 		70 		-	-		-	-		-	-		-	-		WR49	9.5 	0.0 	0.0 	0.0 	0.0 	10.2 	137.6 	0.7 	49 	0.255 	1.000 	0.510 	0 	0.022 	0.000 	#N/A	0.276 		28.6 		-	-		-	-		-	-		-	-					Baltimore Ravens	Indianapolis Colts	0 	0.0 	0 	0.0 	0.0 	0 	0.0 	0.0 	0.0 	0.0 	0.0 	0.0 	-		Baltimore Ravens	New Orleans Saints	0 	0.0 	0 	0.0 	7.0 	88 	1.0 	0.0 	0.0 	0.0 	0.0 	18.3 	WR10		Baltimore Ravens	Dallas Cowboys	0 	0.0 	0 	0.0 	2.0 	37 	0.0 	0.0 	0.0 	0.0 	0.0 	4.7 	WR56		Baltimore Ravens	Tennessee Titans	0 	0.0 	0 	0.0 	2.0 	46 	0.0 	0.0 	0.0 	0.0 	0.0 	5.6 	WR53		Baltimore Ravens	Atlanta Falcons	0 	0.0 	0 	0.0 	2.5 	34 	0.2 	0.0 	0.0 	0.0 	0.0 	5.5 	WR66		Baltimore Ravens	Cleveland Browns	0 	0.0 	0 	0.0 	2.4 	33 	0.2 	0.0 	0.0 	0.0 	0.0 	5.4 	WR60		Baltimore Ravens	Cincinnati Bengals	0 	0.0 	0 	0.0 	2.7 	36 	0.2 	0.0 	0.0 	0.0 	0.0 	6.2 	WR54		Baltimore Ravens	Buffalo Bills	0 	0.0 	0 	0.0 	2.6 	35 	0.2 	0.0 	0.0 	0.0 	0.0 	6.0 	WR61		Baltimore Ravens	Jacksonville Jaguars	0 	0.0 	0 	0.0 	2.6 	35 	0.2 	0.0 	0.0 	0.0 	0.0 	5.9 	WR65		Baltimore Ravens	Los Angeles Chargers	0 	0.0 	0 	0.0 	2.6 	35 	0.2 	0.0 	0.0 	0.0 	0.0 	5.9 	WR59		Baltimore Ravens	Carolina Panthers	0 	0.0 	0 	0.0 	2.5 	34 	0.2 	0.0 	0.0 	0.0 	0.0 	5.8 	WR61		Baltimore Ravens	Houston Texans	0 	0.0 	0 	0.0 	2.5 	34 	0.2 	0.0 	0.0 	0.0 	0.0 	5.7 	WR72		Baltimore Ravens	BYE	0 	0.0 	0 	0.0 	0.0 	0 	0.0 	0.0 	0.0 	0.0 	0.0 	0.0 	-		Baltimore Ravens	Tampa Bay Buccaneers	0 	0.0 	0 	0.0 	2.5 	34 	0.2 	0.0 	0.0 	0.0 	0.0 	5.8 	WR68		Baltimore Ravens	Pittsburgh Steelers	0 	0.0 	0 	0.0 	2.6 	34 	0.2 	0.0 	0.0 	0.0 	0.0 	5.8 	WR70		Baltimore Ravens	Cleveland Browns	0 	0.0 	0 	0.0 	2.4 	33 	0.2 	0.0 	0.0 	0.0 	0.0 	5.6 	WR72		Baltimore Ravens	Cincinnati Bengals	0 	0.0 	0 	0.0 	2.6 	35 	0.2 	0.0 	0.0 	0.0 	0.0 	6.0 	WR70		Actual	Actual	Actual	Actual	Forecast	Forecast	Forecast	Forecast	Forecast	Forecast	Forecast	Forecast	Forecast	Forecast	Forecast	Forecast	Forecast		Healthy	Healthy	Healthy	Healthy	Healthy	Healthy	Healthy	Healthy	Healthy	Healthy	Healthy	Healthy	Healthy	Healthy	Healthy	Healthy	Healthy		Week 5 2026	10/6/2026	7:50:59 PM	19		17%	15%	0%	0%	0%	0%		(0.1)	0	0	0	0	0	(0.096207)
	Emmett Johnson	Kansas City Chiefs	RB	RB47	4.6 	74 	0 	0.0 	0.0 	0.0 	240 	15.0 	1.6 	0.1 	26.6 	1.7 	225 	14.1 	0.9 	0.1 	0.0 	0.4 	0.0 	0.200 	1.000 	0.430 	(1)	0.000 	0.000 	151 	160 	9 	47 	55 	8 	0.224 				-	-		-	-		-	-		-	-		7.8 	4.5 	1.7 	1.5 	0.0 	5.2 	4.5 	4.5 	5.1 	5.0 	5.4 	4.8 	4.5 	4.8 	4.9 	5.0 	4.6 		RB32	RB41	RB54	RB53	-	RB37	RB43	RB47	RB44	RB43	RB36	RB49	RB47	RB48	RB48	RB48	RB51		RB48	4.9 	0.0 	0.0 	15.3 	0.1 	1.8 	12.6 	0.1 	48 	0.228 	1.000 	0.417 	(0)	0.000 	0.000 	159 	0.222 		58 		-	-		-	-		-	-		-	-		RB50	3.9 	0.0 	0.0 	45.9 	0.4 	5.4 	37.8 	0.2 	50 	0.138 	1.000 	0.392 	(1)	0.000 	0.000 	#N/A	0.197 		15.5 		-	-		-	-		-	-		-	-					Kansas City Chiefs	Denver Broncos	0 	0.0 	24 	0.0 	2.0 	44 	0.0 	0.0 	0.0 	0.0 	0.0 	7.8 	RB32		Kansas City Chiefs	Indianapolis Colts	0 	0.0 	15 	0.0 	2.0 	20 	0.0 	0.0 	0.0 	0.0 	0.0 	4.5 	RB41		Kansas City Chiefs	Miami Dolphins	0 	0.0 	17 	0.0 	0.0 	0 	0.0 	0.0 	0.0 	0.0 	0.0 	1.7 	RB54		Kansas City Chiefs	Las Vegas Raiders	0 	0.0 	0 	0.0 	1.0 	10 	0.0 	0.0 	0.0 	0.0 	0.0 	1.5 	RB53		Kansas City Chiefs	BYE	0 	0.0 	0 	0.0 	0.0 	0 	0.0 	0.0 	0.0 	0.0 	0.0 	0.0 	-		Kansas City Chiefs	Los Angeles Chargers	0 	0.0 	17 	0.2 	1.8 	13 	0.1 	0.0 	0.0 	0.0 	0.0 	5.2 	RB37		Kansas City Chiefs	Seattle Seahawks	0 	0.0 	14 	0.1 	1.8 	12 	0.1 	0.0 	0.0 	0.0 	0.0 	4.5 	RB43		Kansas City Chiefs	Denver Broncos	0 	0.0 	14 	0.1 	1.8 	12 	0.1 	0.0 	0.0 	0.0 	0.0 	4.5 	RB47		Kansas City Chiefs	New York Jets	0 	0.0 	17 	0.2 	1.7 	12 	0.1 	0.0 	0.0 	0.0 	0.0 	5.1 	RB44		Kansas City Chiefs	Atlanta Falcons	0 	0.0 	16 	0.1 	1.8 	13 	0.1 	0.0 	0.0 	0.0 	0.0 	5.0 	RB43		Kansas City Chiefs	Arizona Cardinals	0 	0.0 	18 	0.2 	1.8 	13 	0.1 	0.0 	0.0 	0.0 	0.0 	5.4 	RB36		Kansas City Chiefs	Buffalo Bills	0 	0.0 	15 	0.1 	1.9 	13 	0.1 	0.0 	0.0 	0.0 	0.0 	4.8 	RB49		Kansas City Chiefs	Los Angeles Rams	0 	0.0 	13 	0.1 	1.8 	13 	0.1 	0.0 	0.0 	0.0 	0.0 	4.5 	RB47		Kansas City Chiefs	Cincinnati Bengals	0 	0.0 	14 	0.1 	1.8 	13 	0.1 	0.0 	0.0 	0.0 	0.0 	4.8 	RB48		Kansas City Chiefs	New England Patriots	0 	0.0 	15 	0.1 	1.8 	13 	0.1 	0.0 	0.0 	0.0 	0.0 	4.9 	RB48		Kansas City Chiefs	San Francisco 49ers	0 	0.0 	15 	0.1 	1.8 	13 	0.1 	0.0 	0.0 	0.0 	0.0 	5.0 	RB48		Kansas City Chiefs	Los Angeles Chargers	0 	0.0 	14 	0.1 	1.8 	13 	0.1 	0.0 	0.0 	0.0 	0.0 	4.6 	RB51		Actual	Actual	Actual	Actual	Forecast	Forecast	Forecast	Forecast	Forecast	Forecast	Forecast	Forecast	Forecast	Forecast	Forecast	Forecast	Forecast		Healthy	Healthy	Healthy	Healthy	Healthy	Healthy	Healthy	Healthy	Healthy	Healthy	Healthy	Healthy	Healthy	Healthy	Healthy	Healthy	Healthy		Week 5 2026	10/6/2026	7:50:59 PM	19		6%	5%	11%	13%	0%	0%		0.0 	0	0	0	0	0	0.024851 
	Brian Thomas Jr.	Jacksonville Jaguars	WR	WR60	6.1 	98 	0 	0.0 	0.0 	0.0 	0 	0.0 	0.0 	0.0 	40.0 	2.5 	518 	32.4 	4.3 	0.3 	0.0 	0.1 	0.0 	0.265 	1.000 	0.400 	(0)	0.000 	0.000 	153 	82 	(71)	60 	34 	(26)	0.220 				-	-		-	-		-	-		-	-		5.5 	5.5 	1.3 	8.7 	6.2 	6.3 	0.0 	6.7 	6.4 	6.4 	6.4 	6.4 	6.3 	6.3 	6.0 	6.6 	6.7 		WR53	WR42	WR84	WR39	WR56	WR50	-	WR50	WR55	WR51	WR49	WR60	WR56	WR57	WR69	WR58	WR57		WR57	6.4 	0.0 	0.0 	0.0 	0.0 	2.6 	34.4 	0.3 	57 	0.299 	1.000 	0.430 	(0)	0.000 	0.000 	151 	0.238 		77 		-	-		-	-		-	-		-	-		WR72	5.3 	0.0 	0.0 	0.0 	0.0 	7.8 	103.2 	0.8 	72 	0.188 	1.000 	0.280 	(0)	0.000 	0.000 	#N/A	0.154 		21.0 		-	-		-	-		-	-		-	-					Jacksonville Jaguars	Cleveland Browns	0 	0.0 	0 	0.0 	3.0 	40 	0.0 	0.0 	0.0 	0.0 	0.0 	5.5 	WR53		Jacksonville Jaguars	Denver Broncos	0 	0.0 	0 	0.0 	3.0 	40 	0.0 	0.0 	0.0 	0.0 	0.0 	5.5 	WR42		Jacksonville Jaguars	New England Patriots	0 	0.0 	0 	0.0 	1.0 	8 	0.0 	0.0 	0.0 	0.0 	0.0 	1.3 	WR84		Jacksonville Jaguars	Cincinnati Bengals	0 	0.0 	0 	0.0 	2.0 	17 	1.0 	0.0 	0.0 	0.0 	0.0 	8.7 	WR39		Jacksonville Jaguars	Philadelphia Eagles	0 	0.0 	0 	0.0 	2.5 	33 	0.3 	0.0 	0.0 	0.0 	0.0 	6.2 	WR56		Jacksonville Jaguars	Houston Texans	0 	0.0 	0 	0.0 	2.6 	34 	0.3 	0.0 	0.0 	0.0 	0.0 	6.3 	WR50		Jacksonville Jaguars	BYE	0 	0.0 	0 	0.0 	0.0 	0 	0.0 	0.0 	0.0 	0.0 	0.0 	0.0 	-		Jacksonville Jaguars	Indianapolis Colts	0 	0.0 	0 	0.0 	2.6 	35 	0.3 	0.0 	0.0 	0.0 	0.0 	6.7 	WR50		Jacksonville Jaguars	Baltimore Ravens	0 	0.0 	0 	0.0 	2.6 	35 	0.3 	0.0 	0.0 	0.0 	0.0 	6.4 	WR55		Jacksonville Jaguars	Tennessee Titans	0 	0.0 	0 	0.0 	2.6 	34 	0.3 	0.0 	0.0 	0.0 	0.0 	6.4 	WR51		Jacksonville Jaguars	New York Giants	0 	0.0 	0 	0.0 	2.6 	34 	0.3 	0.0 	0.0 	0.0 	0.0 	6.4 	WR49		Jacksonville Jaguars	Tennessee Titans	0 	0.0 	0 	0.0 	2.6 	34 	0.3 	0.0 	0.0 	0.0 	0.0 	6.4 	WR60		Jacksonville Jaguars	Chicago Bears	0 	0.0 	0 	0.0 	2.6 	34 	0.3 	0.0 	0.0 	0.0 	0.0 	6.3 	WR56		Jacksonville Jaguars	Pittsburgh Steelers	0 	0.0 	0 	0.0 	2.6 	34 	0.3 	0.0 	0.0 	0.0 	0.0 	6.3 	WR57		Jacksonville Jaguars	Houston Texans	0 	0.0 	0 	0.0 	2.5 	33 	0.2 	0.0 	0.0 	0.0 	0.0 	6.0 	WR69		Jacksonville Jaguars	Dallas Cowboys	0 	0.0 	0 	0.0 	2.7 	35 	0.3 	0.0 	0.0 	0.0 	0.0 	6.6 	WR58		Jacksonville Jaguars	Washington Commanders	0 	0.0 	0 	0.0 	2.7 	35 	0.3 	0.0 	0.0 	0.0 	0.0 	6.7 	WR57		Actual	Actual	Actual	Actual	Forecast	Forecast	Forecast	Forecast	Forecast	Forecast	Forecast	Forecast	Forecast	Forecast	Forecast	Forecast	Forecast		Healthy	Healthy	Healthy	Healthy	Healthy	Healthy	Healthy	Healthy	Healthy	Healthy	Healthy	Healthy	Healthy	Healthy	Healthy	Healthy	Healthy		Week 5 2026	10/6/2026	7:50:59 PM	19		15%	17%	0%	0%	0%	0%		0.1 	0	0	0	0	0	0.084153 
	Kirk Cousins	Las Vegas Raiders	QB	QB20	15.2 	243 	3,727 	232.9 	28.9 	1.8 	10 	0.6 	0.1 	0.0 	0.0 	0.0 	0 	0.0 	0.0 	0.0 	11.7 	0.9 	0.0 	0.658 	0.460 	0.279 	0 	0.245 	0.000 	136 	245 	109 	18 	31 	13 	0.263 																13.8 	20.2 	22.2 	22.6 	14.1 	15.3 	14.1 	13.1 	13.8 	13.2 	12.9 	12.9 	0.0 	13.5 	13.0 	13.9 	13.9 		QB21	QB10	QB10	QB4	QB23	QB14	QB24	QB27	QB26	QB27	QB25	QB31	-	QB27	QB30	QB28	QB29		QB29	13.6 	225.1 	1.5 	1.0 	0.0 	0.0 	0.0 	0.0 	29 	0.638 	0.460 	0.129 	0 	0.216 	0.000 	182 	0.170 		164 		-	-		-	-		-	-		-	-		QB9	19.7 	675.3 	4.5 	3.0 	0.0 	0.0 	0.0 	0.0 	9 	0.704 	0.460 	0.385 	1 	0.486 	0.000 	#N/A	0.432 		78.8 		-	-		-	-		-	-		-	-					Las Vegas Raiders	Miami Dolphins	160 	3.0 	(6)	0.0 	0.0 	0 	0.0 	2.0 	0.0 	0.0 	0.0 	13.8 	QB21		Las Vegas Raiders	Los Angeles Chargers	253 	3.0 	1 	0.0 	0.0 	0 	0.0 	1.0 	0.0 	0.0 	0.0 	20.2 	QB10		Las Vegas Raiders	New Orleans Saints	248 	3.0 	3 	0.0 	0.0 	0 	0.0 	0.0 	0.0 	0.0 	0.0 	22.2 	QB10		Las Vegas Raiders	Kansas City Chiefs	365 	2.0 	0 	0.0 	0.0 	0 	0.0 	1.0 	0.0 	0.0 	1.0 	22.6 	QB4		Las Vegas Raiders	New England Patriots	229 	1.6 	1 	0.0 	0.0 	0 	0.0 	0.6 	0.1 	0.0 	0.0 	14.1 	QB23		Las Vegas Raiders	Buffalo Bills	239 	1.8 	1 	0.0 	0.0 	0 	0.0 	0.6 	0.1 	0.0 	0.0 	15.3 	QB14		Las Vegas Raiders	Los Angeles Rams	233 	1.5 	1 	0.0 	0.0 	0 	0.0 	0.6 	0.1 	0.0 	0.0 	14.1 	QB24		Las Vegas Raiders	New York Jets	218 	1.4 	1 	0.0 	0.0 	0 	0.0 	0.6 	0.1 	0.0 	0.0 	13.1 	QB27		Las Vegas Raiders	San Francisco 49ers	231 	1.5 	1 	0.0 	0.0 	0 	0.0 	0.6 	0.1 	0.0 	0.0 	13.8 	QB26		Las Vegas Raiders	Seattle Seahawks	223 	1.4 	1 	0.0 	0.0 	0 	0.0 	0.6 	0.1 	0.0 	0.0 	13.2 	QB27		Las Vegas Raiders	Denver Broncos	222 	1.3 	1 	0.0 	0.0 	0 	0.0 	0.6 	0.1 	0.0 	0.0 	12.9 	QB25		Las Vegas Raiders	Cleveland Browns	216 	1.4 	1 	0.0 	0.0 	0 	0.0 	0.6 	0.1 	0.0 	0.0 	12.9 	QB31		Las Vegas Raiders	BYE	0 	0.0 	0 	0.0 	0.0 	0 	0.0 	0.0 	0.0 	0.0 	0.0 	0.0 	-		Las Vegas Raiders	Los Angeles Chargers	226 	1.5 	1 	0.0 	0.0 	0 	0.0 	0.6 	0.1 	0.0 	0.0 	13.5 	QB27		Las Vegas Raiders	Denver Broncos	219 	1.4 	1 	0.0 	0.0 	0 	0.0 	0.6 	0.1 	0.0 	0.0 	13.0 	QB30		Las Vegas Raiders	Tennessee Titans	223 	1.6 	1 	0.0 	0.0 	0 	0.0 	0.6 	0.1 	0.0 	0.0 	13.9 	QB28		Las Vegas Raiders	Arizona Cardinals	223 	1.6 	1 	0.0 	0.0 	0 	0.0 	0.6 	0.1 	0.0 	0.0 	13.9 	QB29		Actual	Actual	Actual	Actual	Forecast	Forecast	Forecast	Forecast	Forecast	Forecast	Forecast	Forecast	Forecast	Forecast	Forecast	Forecast	Forecast		Healthy	Healthy	Healthy	Healthy	Healthy	Healthy	Healthy	Healthy	Healthy	Healthy	Healthy	Healthy	Healthy	Healthy	Healthy	Healthy	Healthy		Week 5 2026	10/6/2026	7:50:59 PM	19		0%	0%	1%	1%	99%	99%		(0.3)	0	0	0	0	0	(0.262800)
	Kenny Gainwell	Tampa Bay Buccaneers	RB	RB48	4.5 	72 	0 	0.0 	0.0 	0.0 	150 	9.4 	0.9 	0.1 	36.0 	2.2 	206 	12.9 	2.3 	0.1 	0.0 	0.4 	0.0 	0.196 	1.000 	0.417 	(1)	0.000 	0.000 	154 	108 	(46)	48 	40 	(8)	0.217 				-	-		-	-		-	-		-	-		2.3 	3.0 	2.0 	9.7 	4.3 	4.1 	4.7 	4.9 	4.6 	0.0 	4.6 	4.8 	4.5 	4.5 	4.8 	4.7 	4.6 		RB56	RB50	RB52	RB28	RB46	RB47	RB41	RB46	RB49	-	RB41	RB52	RB48	RB50	RB50	RB50	RB52		RB51	4.6 	0.0 	0.0 	10.4 	0.1 	2.3 	13.5 	0.1 	51 	0.215 	1.000 	0.379 	(1)	0.000 	0.000 	167 	0.203 		55 		-	-		-	-		-	-		-	-		RB47	4.3 	0.0 	0.0 	31.1 	0.2 	7.0 	40.6 	0.3 	47 	0.152 	1.000 	0.430 	(0)	0.000 	0.000 	#N/A	0.216 		17.0 		-	-		-	-		-	-		-	-					Tampa Bay Buccaneers	Cincinnati Bengals	0 	0.0 	15 	0.0 	1.0 	3 	0.0 	0.0 	0.0 	0.0 	0.0 	2.3 	RB56		Tampa Bay Buccaneers	Cleveland Browns	0 	0.0 	10 	0.0 	3.0 	5 	0.0 	0.0 	0.0 	0.0 	0.0 	3.0 	RB50		Tampa Bay Buccaneers	Minnesota Vikings	0 	0.0 	(4)	0.0 	2.0 	14 	0.0 	0.0 	0.0 	0.0 	0.0 	2.0 	RB52		Tampa Bay Buccaneers	Green Bay Packers	0 	0.0 	5 	0.0 	2.0 	22 	1.0 	0.0 	0.0 	0.0 	0.0 	9.7 	RB28		Tampa Bay Buccaneers	Dallas Cowboys	0 	0.0 	9 	0.1 	2.4 	14 	0.1 	0.0 	0.0 	0.0 	0.0 	4.3 	RB46		Tampa Bay Buccaneers	Pittsburgh Steelers	0 	0.0 	10 	0.1 	2.2 	13 	0.1 	0.0 	0.0 	0.0 	0.0 	4.1 	RB47		Tampa Bay Buccaneers	Carolina Panthers	0 	0.0 	11 	0.1 	2.3 	13 	0.1 	0.0 	0.0 	0.0 	0.0 	4.7 	RB41		Tampa Bay Buccaneers	Atlanta Falcons	0 	0.0 	12 	0.1 	2.3 	14 	0.1 	0.0 	0.0 	0.0 	0.0 	4.9 	RB46		Tampa Bay Buccaneers	Chicago Bears	0 	0.0 	10 	0.1 	2.4 	14 	0.1 	0.0 	0.0 	0.0 	0.0 	4.6 	RB49		Tampa Bay Buccaneers	BYE	0 	0.0 	0 	0.0 	0.0 	0 	0.0 	0.0 	0.0 	0.0 	0.0 	0.0 	-		Tampa Bay Buccaneers	Detroit Lions	0 	0.0 	10 	0.1 	2.4 	14 	0.1 	0.0 	0.0 	0.0 	0.0 	4.6 	RB41		Tampa Bay Buccaneers	Carolina Panthers	0 	0.0 	11 	0.1 	2.3 	14 	0.1 	0.0 	0.0 	0.0 	0.0 	4.8 	RB52		Tampa Bay Buccaneers	Los Angeles Chargers	0 	0.0 	10 	0.1 	2.3 	13 	0.1 	0.0 	0.0 	0.0 	0.0 	4.5 	RB48		Tampa Bay Buccaneers	Baltimore Ravens	0 	0.0 	9 	0.1 	2.4 	14 	0.1 	0.0 	0.0 	0.0 	0.0 	4.5 	RB50		Tampa Bay Buccaneers	New Orleans Saints	0 	0.0 	11 	0.1 	2.4 	14 	0.1 	0.0 	0.0 	0.0 	0.0 	4.8 	RB50		Tampa Bay Buccaneers	Atlanta Falcons	0 	0.0 	11 	0.1 	2.3 	13 	0.1 	0.0 	0.0 	0.0 	0.0 	4.7 	RB50		Tampa Bay Buccaneers	Los Angeles Rams	0 	0.0 	10 	0.1 	2.4 	14 	0.1 	0.0 	0.0 	0.0 	0.0 	4.6 	RB52		Actual	Actual	Actual	Actual	Forecast	Forecast	Forecast	Forecast	Forecast	Forecast	Forecast	Forecast	Forecast	Forecast	Forecast	Forecast	Forecast		Healthy	Healthy	Healthy	Healthy	Healthy	Healthy	Healthy	Healthy	Healthy	Healthy	Healthy	Healthy	Healthy	Healthy	Healthy	Healthy	Healthy		Week 5 2026	10/6/2026	7:50:59 PM	19		6%	7%	9%	9%	0%	0%		(0.0)	0	0	0	0	0	(0.013532)
	Drew Lock	Seattle Seahawks	QB	QB24	17.1 	34 	422 	211.0 	4.0 	2.0 	13 	6.5 	0.0 	0.0 	0.0 	0.0 	0 	0.0 	0.0 	0.0 	0.0 	0.0 	0.0 	0.093 	0.460 	0.024 	1 	0.430 	0.000 	156 	0 	(156)	36 	0 	(36)	0.215 																12.8 	21.4 	0.0 	0.0 	0.0 	0.0 	0.0 	0.0 	0.0 	0.0 	0.0 	0.0 	0.0 	0.0 	0.0 	0.0 	0.0 		QB23	QB9	-	-	-	-	-	-	-	-	-	-	-	-	-	-	-		QB38	0.0 	0.0 	0.0 	0.0 	0.0 	0.0 	0.0 	0.0 	44 	0.000 	0.460 	0.000 	(2)	0.000 	0.000 	271 	0.000 		0 		-	-		-	-		-	-		-	-		QB30	17.1 	0.0 	0.0 	0.0 	0.0 	0.0 	0.0 	0.0 	30 	0.305 	0.460 	0.114 	(0)	0.000 	0.000 	#N/A	0.061 		34.2 		-	-		-	-		-	-		-	-					Seattle Seahawks	New England Patriots	187 	1.0 	13 	0.0 	0.0 	0 	0.0 	0.0 	0.0 	0.0 	0.0 	12.8 	QB23		Seattle Seahawks	Arizona Cardinals	235 	3.0 	0 	0.0 	0.0 	0 	0.0 	0.0 	0.0 	0.0 	0.0 	21.4 	QB9		Seattle Seahawks	Washington Commanders	0 	0.0 	0 	0.0 	0.0 	0 	0.0 	0.0 	0.0 	0.0 	0.0 	0.0 	-		Seattle Seahawks	Los Angeles Chargers	0 	0.0 	0 	0.0 	0.0 	0 	0.0 	0.0 	0.0 	0.0 	0.0 	0.0 	-		Seattle Seahawks	San Francisco 49ers	0 	0.0 	0 	0.0 	0.0 	0 	0.0 	0.0 	0.0 	0.0 	0.0 	0.0 	-		Seattle Seahawks	Denver Broncos	0 	0.0 	0 	0.0 	0.0 	0 	0.0 	0.0 	0.0 	0.0 	0.0 	0.0 	-		Seattle Seahawks	Kansas City Chiefs	0 	0.0 	0 	0.0 	0.0 	0 	0.0 	0.0 	0.0 	0.0 	0.0 	0.0 	-		Seattle Seahawks	Chicago Bears	0 	0.0 	0 	0.0 	0.0 	0 	0.0 	0.0 	0.0 	0.0 	0.0 	0.0 	-		Seattle Seahawks	Arizona Cardinals	0 	0.0 	0 	0.0 	0.0 	0 	0.0 	0.0 	0.0 	0.0 	0.0 	0.0 	-		Seattle Seahawks	Las Vegas Raiders	0 	0.0 	0 	0.0 	0.0 	0 	0.0 	0.0 	0.0 	0.0 	0.0 	0.0 	-		Seattle Seahawks	BYE	0 	0.0 	0 	0.0 	0.0 	0 	0.0 	0.0 	0.0 	0.0 	0.0 	0.0 	-		Seattle Seahawks	San Francisco 49ers	0 	0.0 	0 	0.0 	0.0 	0 	0.0 	0.0 	0.0 	0.0 	0.0 	0.0 	-		Seattle Seahawks	Dallas Cowboys	0 	0.0 	0 	0.0 	0.0 	0 	0.0 	0.0 	0.0 	0.0 	0.0 	0.0 	-		Seattle Seahawks	New York Giants	0 	0.0 	0 	0.0 	0.0 	0 	0.0 	0.0 	0.0 	0.0 	0.0 	0.0 	-		Seattle Seahawks	Philadelphia Eagles	0 	0.0 	0 	0.0 	0.0 	0 	0.0 	0.0 	0.0 	0.0 	0.0 	0.0 	-		Seattle Seahawks	Los Angeles Rams	0 	0.0 	0 	0.0 	0.0 	0 	0.0 	0.0 	0.0 	0.0 	0.0 	0.0 	-		Seattle Seahawks	Carolina Panthers	0 	0.0 	0 	0.0 	0.0 	0 	0.0 	0.0 	0.0 	0.0 	0.0 	0.0 	-		Actual	Actual	Actual	Actual	Forecast	Forecast	Forecast	Forecast	Forecast	Forecast	Forecast	Forecast	Forecast	Forecast	Forecast	Forecast	Forecast		Healthy	Healthy	Healthy	Healthy	Healthy	Healthy	Healthy	Healthy	Healthy	Healthy	Healthy	Healthy	Healthy	Healthy	Healthy	Healthy	Healthy		Week 5 2026	10/6/2026	7:50:59 PM	19		0%	0%	0%	0%	0%	0%		(0.1)	0	0	0	0	0	(0.060578)
	Antonio Williams	Washington Commanders	WR	WR61	6.1 	97 	0 	0.0 	0.0 	0.0 	0 	0.0 	0.0 	0.0 	47.8 	3.0 	536 	33.5 	3.3 	0.2 	0.0 	0.1 	0.0 	0.264 	1.000 	0.390 	(0)	0.000 	0.000 	155 	275 	120 	61 	88 	27 	0.215 				-	-		-	-		-	-		-	-		14.4 	3.9 	2.5 	3.6 	5.9 	6.2 	0.0 	6.0 	6.2 	6.0 	6.3 	6.1 	6.0 	5.8 	6.1 	5.9 	6.1 		WR14	WR62	WR76	WR62	WR58	WR51	-	WR62	WR59	WR58	WR50	WR65	WR59	WR67	WR66	WR69	WR66		WR65	6.1 	0.0 	0.0 	0.0 	0.0 	3.0 	34.3 	0.2 	65 	0.284 	1.000 	0.350 	(0)	0.000 	0.000 	169 	0.200 		73 		-	-		-	-		-	-		-	-		WR60	6.1 	0.0 	0.0 	0.0 	0.0 	9.0 	103.0 	0.6 	60 	0.218 	1.000 	0.400 	(0)	0.000 	0.000 	#N/A	0.213 		24.4 		-	-		-	-		-	-		-	-					Washington Commanders	Philadelphia Eagles	0 	0.0 	0 	0.0 	4.0 	64 	1.0 	0.0 	0.0 	0.0 	0.0 	14.4 	WR14		Washington Commanders	Dallas Cowboys	0 	0.0 	0 	0.0 	3.0 	24 	0.0 	0.0 	0.0 	0.0 	0.0 	3.9 	WR62		Washington Commanders	Seattle Seahawks	0 	0.0 	0 	0.0 	2.0 	15 	0.0 	0.0 	0.0 	0.0 	0.0 	2.5 	WR76		Washington Commanders	Indianapolis Colts	0 	0.0 	0 	0.0 	3.0 	21 	0.0 	0.0 	0.0 	0.0 	0.0 	3.6 	WR62		Washington Commanders	New York Giants	0 	0.0 	0 	0.0 	2.9 	34 	0.2 	0.0 	0.0 	0.0 	0.0 	5.9 	WR58		Washington Commanders	San Francisco 49ers	0 	0.0 	0 	0.0 	3.1 	36 	0.2 	0.0 	0.0 	0.0 	0.0 	6.2 	WR51		Washington Commanders	BYE	0 	0.0 	0 	0.0 	0.0 	0 	0.0 	0.0 	0.0 	0.0 	0.0 	0.0 	-		Washington Commanders	Philadelphia Eagles	0 	0.0 	0 	0.0 	2.9 	34 	0.2 	0.0 	0.0 	0.0 	0.0 	6.0 	WR62		Washington Commanders	Los Angeles Rams	0 	0.0 	0 	0.0 	3.1 	35 	0.2 	0.0 	0.0 	0.0 	0.0 	6.2 	WR59		Washington Commanders	New York Giants	0 	0.0 	0 	0.0 	3.0 	34 	0.2 	0.0 	0.0 	0.0 	0.0 	6.0 	WR58		Washington Commanders	Cincinnati Bengals	0 	0.0 	0 	0.0 	3.1 	36 	0.2 	0.0 	0.0 	0.0 	0.0 	6.3 	WR50		Washington Commanders	Arizona Cardinals	0 	0.0 	0 	0.0 	3.0 	34 	0.2 	0.0 	0.0 	0.0 	0.0 	6.1 	WR65		Washington Commanders	Tennessee Titans	0 	0.0 	0 	0.0 	2.9 	34 	0.2 	0.0 	0.0 	0.0 	0.0 	6.0 	WR59		Washington Commanders	Houston Texans	0 	0.0 	0 	0.0 	2.9 	33 	0.2 	0.0 	0.0 	0.0 	0.0 	5.8 	WR67		Washington Commanders	Atlanta Falcons	0 	0.0 	0 	0.0 	3.0 	34 	0.2 	0.0 	0.0 	0.0 	0.0 	6.1 	WR66		Washington Commanders	Minnesota Vikings	0 	0.0 	0 	0.0 	2.9 	34 	0.2 	0.0 	0.0 	0.0 	0.0 	5.9 	WR69		Washington Commanders	Jacksonville Jaguars	0 	0.0 	0 	0.0 	3.0 	35 	0.2 	0.0 	0.0 	0.0 	0.0 	6.1 	WR66		Actual	Actual	Actual	Actual	Forecast	Forecast	Forecast	Forecast	Forecast	Forecast	Forecast	Forecast	Forecast	Forecast	Forecast	Forecast	Forecast		Healthy	Healthy	Healthy	Healthy	Healthy	Healthy	Healthy	Healthy	Healthy	Healthy	Healthy	Healthy	Healthy	Healthy	Healthy	Healthy	Healthy		Week 5 2026	10/6/2026	7:50:59 PM	19		16%	13%	0%	0%	0%	0%		(0.0)	0	0	0	0	0	(0.012642)
	Raheim Sanders	Cleveland Browns	RB	RB49	4.4 	70 	0 	0.0 	0.0 	0.0 	135 	8.5 	0.7 	0.0 	36.9 	2.3 	288 	18.0 	1.0 	0.1 	0.0 	0.3 	0.0 	0.191 	1.000 	0.405 	(1)	0.000 	0.000 	157 	0 	(157)	49 	0 	(49)	0.211 																4.1 	1.6 	7.1 	2.6 	4.5 	4.6 	4.6 	4.4 	4.6 	4.4 	0.0 	4.8 	4.8 	4.8 	4.5 	4.4 	4.8 		RB43	RB58	RB32	RB47	RB45	RB42	RB42	RB48	RB48	RB46	-	RB51	RB45	RB47	RB51	RB53	RB50		RB50	4.6 	0.0 	0.0 	8.7 	0.1 	2.2 	17.9 	0.1 	50 	0.215 	1.000 	0.392 	(1)	0.000 	0.000 	165 	0.209 		55 		-	-		-	-		-	-		-	-		RB51	3.9 	0.0 	0.0 	26.1 	0.2 	6.7 	53.7 	0.2 	51 	0.138 	1.000 	0.379 	(1)	0.000 	0.000 	#N/A	0.191 		15.4 		-	-		-	-		-	-		-	-					Cleveland Browns	Jacksonville Jaguars	0 	0.0 	1 	0.0 	3.0 	25 	0.0 	0.0 	0.0 	0.0 	0.0 	4.1 	RB43		Cleveland Browns	Tampa Bay Buccaneers	0 	0.0 	4 	0.0 	1.0 	7 	0.0 	0.0 	0.0 	0.0 	0.0 	1.6 	RB58		Cleveland Browns	Carolina Panthers	0 	0.0 	17 	0.0 	4.0 	34 	0.0 	0.0 	0.0 	0.0 	0.0 	7.1 	RB32		Cleveland Browns	Pittsburgh Steelers	0 	0.0 	9 	0.0 	2.0 	7 	0.0 	0.0 	0.0 	0.0 	0.0 	2.6 	RB47		Cleveland Browns	New York Jets	0 	0.0 	9 	0.1 	2.2 	18 	0.1 	0.0 	0.0 	0.0 	0.0 	4.5 	RB45		Cleveland Browns	Baltimore Ravens	0 	0.0 	9 	0.1 	2.2 	18 	0.1 	0.0 	0.0 	0.0 	0.0 	4.6 	RB42		Cleveland Browns	Tennessee Titans	0 	0.0 	9 	0.1 	2.2 	18 	0.1 	0.0 	0.0 	0.0 	0.0 	4.6 	RB42		Cleveland Browns	Pittsburgh Steelers	0 	0.0 	8 	0.1 	2.2 	18 	0.1 	0.0 	0.0 	0.0 	0.0 	4.4 	RB48		Cleveland Browns	New Orleans Saints	0 	0.0 	9 	0.1 	2.3 	18 	0.1 	0.0 	0.0 	0.0 	0.0 	4.6 	RB48		Cleveland Browns	Houston Texans	0 	0.0 	8 	0.1 	2.2 	17 	0.1 	0.0 	0.0 	0.0 	0.0 	4.4 	RB46		Cleveland Browns	BYE	0 	0.0 	0 	0.0 	0.0 	0 	0.0 	0.0 	0.0 	0.0 	0.0 	0.0 	-		Cleveland Browns	Las Vegas Raiders	0 	0.0 	10 	0.1 	2.2 	18 	0.1 	0.0 	0.0 	0.0 	0.0 	4.8 	RB51		Cleveland Browns	Cincinnati Bengals	0 	0.0 	9 	0.1 	2.3 	19 	0.1 	0.0 	0.0 	0.0 	0.0 	4.8 	RB45		Cleveland Browns	Atlanta Falcons	0 	0.0 	10 	0.1 	2.2 	18 	0.1 	0.0 	0.0 	0.0 	0.0 	4.8 	RB47		Cleveland Browns	New York Giants	0 	0.0 	8 	0.1 	2.2 	18 	0.1 	0.0 	0.0 	0.0 	0.0 	4.5 	RB51		Cleveland Browns	Baltimore Ravens	0 	0.0 	7 	0.0 	2.3 	18 	0.1 	0.0 	0.0 	0.0 	0.0 	4.4 	RB53		Cleveland Browns	Indianapolis Colts	0 	0.0 	9 	0.1 	2.3 	18 	0.1 	0.0 	0.0 	0.0 	0.0 	4.8 	RB50		Actual	Actual	Actual	Actual	Forecast	Forecast	Forecast	Forecast	Forecast	Forecast	Forecast	Forecast	Forecast	Forecast	Forecast	Forecast	Forecast		Healthy	Injured	Healthy	Healthy	Healthy	Healthy	Healthy	Healthy	Healthy	Healthy	Healthy	Healthy	Healthy	Healthy	Healthy	Healthy	Healthy		Week 5 2026	10/6/2026	7:50:59 PM	19		8%	6%	9%	10%	0%	0%		0.0 	1	0	0	0	0	
	Khalil Shakir	Buffalo Bills	WR	WR62	6.0 	96 	0 	0.0 	0.0 	0.0 	17 	1.1 	0.0 	0.0 	49.9 	3.1 	573 	35.8 	2.4 	0.2 	0.0 	1.1 	0.0 	0.262 	1.000 	0.380 	(0)	0.000 	0.000 	158 	161 	3 	62 	59 	(3)	0.210 				-	-		-	-		-	-		-	-		7.0 	5.3 	1.1 	9.7 	6.3 	6.2 	0.0 	6.3 	6.1 	5.9 	6.1 	6.2 	6.0 	6.0 	6.3 	5.9 	6.0 		WR40	WR45	WR86	WR33	WR55	WR52	-	WR58	WR62	WR60	WR55	WR64	WR60	WR64	WR63	WR68	WR69		WR62	6.1 	0.0 	0.0 	1.4 	0.0 	2.9 	33.1 	0.2 	62 	0.286 	1.000 	0.380 	(0)	0.000 	0.000 	163 	0.214 		73 		-	-		-	-		-	-		-	-		WR63	5.8 	0.0 	0.0 	4.3 	0.0 	8.7 	99.3 	0.6 	63 	0.206 	1.000 	0.370 	(0)	0.000 	0.000 	#N/A	0.197 		23.1 		-	-		-	-		-	-		-	-					Buffalo Bills	Houston Texans	0 	0.0 	0 	0.0 	4.0 	50 	0.0 	0.0 	0.0 	0.0 	0.0 	7.0 	WR40		Buffalo Bills	Detroit Lions	0 	0.0 	0 	0.0 	3.0 	38 	0.0 	0.0 	0.0 	0.0 	0.0 	5.3 	WR45		Buffalo Bills	Los Angeles Chargers	0 	0.0 	0 	0.0 	1.0 	6 	0.0 	0.0 	0.0 	0.0 	0.0 	1.1 	WR86		Buffalo Bills	New England Patriots	0 	0.0 	0 	0.0 	7.0 	82 	0.0 	0.0 	1.0 	0.0 	0.0 	9.7 	WR33		Buffalo Bills	Los Angeles Rams	0 	0.0 	1 	0.0 	3.0 	34 	0.2 	0.0 	0.0 	0.0 	0.0 	6.3 	WR55		Buffalo Bills	Las Vegas Raiders	0 	0.0 	1 	0.0 	2.9 	34 	0.2 	0.0 	0.0 	0.0 	0.0 	6.2 	WR52		Buffalo Bills	BYE	0 	0.0 	0 	0.0 	0.0 	0 	0.0 	0.0 	0.0 	0.0 	0.0 	0.0 	-		Buffalo Bills	Baltimore Ravens	0 	0.0 	1 	0.0 	3.0 	34 	0.2 	0.0 	0.0 	0.0 	0.0 	6.3 	WR58		Buffalo Bills	Minnesota Vikings	0 	0.0 	1 	0.0 	2.9 	33 	0.2 	0.0 	0.0 	0.0 	0.0 	6.1 	WR62		Buffalo Bills	New York Jets	0 	0.0 	2 	0.0 	2.8 	32 	0.2 	0.0 	0.0 	0.0 	0.0 	5.9 	WR60		Buffalo Bills	Miami Dolphins	0 	0.0 	2 	0.0 	2.9 	33 	0.2 	0.0 	0.0 	0.0 	0.0 	6.1 	WR55		Buffalo Bills	Kansas City Chiefs	0 	0.0 	1 	0.0 	2.9 	34 	0.2 	0.0 	0.0 	0.0 	0.0 	6.2 	WR64		Buffalo Bills	New England Patriots	0 	0.0 	1 	0.0 	2.9 	33 	0.2 	0.0 	0.0 	0.0 	0.0 	6.0 	WR60		Buffalo Bills	Green Bay Packers	0 	0.0 	1 	0.0 	2.9 	33 	0.2 	0.0 	0.0 	0.0 	0.0 	6.0 	WR64		Buffalo Bills	Chicago Bears	0 	0.0 	1 	0.0 	3.0 	34 	0.2 	0.0 	0.0 	0.0 	0.0 	6.3 	WR63		Buffalo Bills	Denver Broncos	0 	0.0 	1 	0.0 	2.8 	32 	0.2 	0.0 	0.0 	0.0 	0.0 	5.9 	WR68		Buffalo Bills	Miami Dolphins	0 	0.0 	2 	0.0 	2.8 	32 	0.2 	0.0 	0.0 	0.0 	0.0 	6.0 	WR69		Actual	Actual	Actual	Actual	Forecast	Forecast	Forecast	Forecast	Forecast	Forecast	Forecast	Forecast	Forecast	Forecast	Forecast	Forecast	Forecast		Healthy	Healthy	Healthy	Healthy	Healthy	Healthy	Healthy	Healthy	Healthy	Healthy	Healthy	Healthy	Healthy	Healthy	Healthy	Healthy	Healthy		Week 5 2026	10/6/2026	7:50:59 PM	19		15%	15%	1%	0%	0%	0%		0.0 	0	0	0	0	0	0.016430 
	Courtland Sutton	Denver Broncos	WR	WR63	6.0 	96 	0 	0.0 	0.0 	0.0 	0 	0.0 	0.0 	0.0 	50.6 	3.2 	518 	32.4 	3.2 	0.2 	0.0 	0.1 	0.0 	0.261 	1.000 	0.370 	(0)	0.000 	0.000 	160 	90 	(70)	63 	37 	(26)	0.206 				-	-		-	-		-	-		-	-		2.1 	4.0 	6.1 	0.9 	7.0 	6.8 	7.1 	7.0 	7.0 	0.0 	7.0 	6.6 	7.0 	6.8 	6.9 	7.1 	6.7 		WR83	WR60	WR48	WR77	WR50	WR46	WR47	WR49	WR50	-	WR44	WR57	WR50	WR52	WR55	WR54	WR55		WR55	6.9 	0.0 	0.0 	0.0 	0.0 	3.5 	36.0 	0.3 	55 	0.324 	1.000 	0.450 	(0)	0.000 	0.000 	145 	0.251 		83 		-	-		-	-		-	-		-	-		WR95	3.3 	0.0 	0.0 	0.0 	0.0 	10.4 	108.1 	0.8 	95 	0.117 	1.000 	0.050 	(1)	0.000 	0.000 	#N/A	0.040 		13.1 		-	-		-	-		-	-		-	-					Denver Broncos	Kansas City Chiefs	0 	0.0 	0 	0.0 	2.0 	11 	0.0 	0.0 	0.0 	0.0 	0.0 	2.1 	WR83		Denver Broncos	Jacksonville Jaguars	0 	0.0 	0 	0.0 	3.0 	25 	0.0 	0.0 	0.0 	0.0 	0.0 	4.0 	WR60		Denver Broncos	Los Angeles Rams	0 	0.0 	0 	0.0 	3.0 	46 	0.0 	0.0 	0.0 	0.0 	0.0 	6.1 	WR48		Denver Broncos	San Francisco 49ers	0 	0.0 	0 	0.0 	1.0 	4 	0.0 	0.0 	0.0 	0.0 	0.0 	0.9 	WR77		Denver Broncos	Los Angeles Chargers	0 	0.0 	0 	0.0 	3.5 	37 	0.3 	0.0 	0.0 	0.0 	0.0 	7.0 	WR50		Denver Broncos	Seattle Seahawks	0 	0.0 	0 	0.0 	3.5 	36 	0.2 	0.0 	0.0 	0.0 	0.0 	6.8 	WR46		Denver Broncos	Arizona Cardinals	0 	0.0 	0 	0.0 	3.5 	36 	0.3 	0.0 	0.0 	0.0 	0.0 	7.1 	WR47		Denver Broncos	Kansas City Chiefs	0 	0.0 	0 	0.0 	3.5 	36 	0.3 	0.0 	0.0 	0.0 	0.0 	7.0 	WR49		Denver Broncos	Carolina Panthers	0 	0.0 	0 	0.0 	3.5 	36 	0.3 	0.0 	0.0 	0.0 	0.0 	7.0 	WR50		Denver Broncos	BYE	0 	0.0 	0 	0.0 	0.0 	0 	0.0 	0.0 	0.0 	0.0 	0.0 	0.0 	-		Denver Broncos	Las Vegas Raiders	0 	0.0 	0 	0.0 	3.4 	36 	0.3 	0.0 	0.0 	0.0 	0.0 	7.0 	WR44		Denver Broncos	Pittsburgh Steelers	0 	0.0 	0 	0.0 	3.4 	35 	0.2 	0.0 	0.0 	0.0 	0.0 	6.6 	WR57		Denver Broncos	Miami Dolphins	0 	0.0 	0 	0.0 	3.4 	36 	0.3 	0.0 	0.0 	0.0 	0.0 	7.0 	WR50		Denver Broncos	New York Jets	0 	0.0 	0 	0.0 	3.4 	35 	0.3 	0.0 	0.0 	0.0 	0.0 	6.8 	WR52		Denver Broncos	Las Vegas Raiders	0 	0.0 	0 	0.0 	3.4 	36 	0.3 	0.0 	0.0 	0.0 	0.0 	6.9 	WR55		Denver Broncos	Buffalo Bills	0 	0.0 	0 	0.0 	3.6 	37 	0.3 	0.0 	0.0 	0.0 	0.0 	7.1 	WR54		Denver Broncos	New England Patriots	0 	0.0 	0 	0.0 	3.4 	36 	0.2 	0.0 	0.0 	0.0 	0.0 	6.7 	WR55		Actual	Actual	Actual	Actual	Forecast	Forecast	Forecast	Forecast	Forecast	Forecast	Forecast	Forecast	Forecast	Forecast	Forecast	Forecast	Forecast		Healthy	Healthy	Healthy	Healthy	Healthy	Healthy	Healthy	Healthy	Healthy	Healthy	Healthy	Healthy	Healthy	Healthy	Healthy	Healthy	Healthy		Week 5 2026	10/6/2026	7:50:59 PM	19		16%	18%	0%	0%	0%	0%		0.2 	0	0	0	0	0	0.211004 
	Justin Herbert	Los Angeles Chargers	QB	QB26	14.5 	231 	3,253 	203.3 	21.6 	1.3 	356 	22.3 	1.6 	0.1 	0.0 	0.0 	0 	0.0 	0.0 	0.0 	13.4 	1.9 	0.0 	0.628 	0.460 	0.213 	0 	0.177 	0.000 	164 	78 	(86)	23 	8 	(15)	0.196 				-	-		-	-		-	-		-	-		13.3 	7.9 	12.7 	9.6 	14.3 	14.4 	0.0 	15.7 	15.5 	15.5 	15.9 	15.7 	16.2 	16.0 	16.4 	16.5 	15.7 		QB22	QB27	QB23	QB27	QB22	QB22	-	QB16	QB22	QB16	QB16	QB19	QB14	QB18	QB12	QB9	QB16		QB18	15.7 	203.1 	1.5 	22.4 	0.1 	0.0 	0.0 	0.0 	17 	0.732 	0.460 	0.292 	1 	0.419 	0.000 	108 	0.352 		188 		-	-		-	-		-	-		-	-		QB24	10.9 	609.3 	4.4 	67.1 	0.4 	0.0 	0.0 	0.0 	24 	0.388 	0.460 	0.200 	(0)	0.000 	0.000 	#N/A	0.106 		43.4 		-	-		-	-		-	-		-	-					Los Angeles Chargers	Arizona Cardinals	209 	1.0 	29 	0.0 	0.0 	0 	0.0 	1.0 	0.0 	0.0 	0.0 	13.3 	QB22		Los Angeles Chargers	Las Vegas Raiders	192 	1.0 	2 	0.0 	0.0 	0 	0.0 	2.0 	0.0 	0.0 	0.0 	7.9 	QB27		Los Angeles Chargers	Buffalo Bills	226 	1.0 	17 	0.0 	0.0 	0 	0.0 	1.0 	0.0 	0.0 	0.0 	12.7 	QB23		Los Angeles Chargers	Seattle Seahawks	189 	1.0 	40 	0.0 	0.0 	0 	0.0 	2.0 	1.0 	0.0 	0.0 	9.6 	QB27		Los Angeles Chargers	Denver Broncos	199 	1.3 	20 	0.1 	0.0 	0 	0.0 	0.6 	0.1 	0.0 	0.0 	14.3 	QB22		Los Angeles Chargers	Kansas City Chiefs	206 	1.3 	18 	0.1 	0.0 	0 	0.0 	0.6 	0.1 	0.0 	0.0 	14.4 	QB22		Los Angeles Chargers	BYE	0 	0.0 	0 	0.0 	0.0 	0 	0.0 	0.0 	0.0 	0.0 	0.0 	0.0 	-		Los Angeles Chargers	Los Angeles Rams	209 	1.5 	21 	0.1 	0.0 	0 	0.0 	0.6 	0.1 	0.0 	0.0 	15.7 	QB16		Los Angeles Chargers	Houston Texans	201 	1.4 	23 	0.1 	0.0 	0 	0.0 	0.6 	0.1 	0.0 	0.0 	15.5 	QB22		Los Angeles Chargers	Baltimore Ravens	207 	1.4 	20 	0.1 	0.0 	0 	0.0 	0.6 	0.1 	0.0 	0.0 	15.5 	QB16		Los Angeles Chargers	New York Jets	194 	1.5 	26 	0.2 	0.0 	0 	0.0 	0.6 	0.1 	0.0 	0.0 	15.9 	QB16		Los Angeles Chargers	New England Patriots	203 	1.5 	23 	0.1 	0.0 	0 	0.0 	0.6 	0.1 	0.0 	0.0 	15.7 	QB19		Los Angeles Chargers	Tampa Bay Buccaneers	206 	1.5 	23 	0.1 	0.0 	0 	0.0 	0.6 	0.1 	0.0 	0.0 	16.2 	QB14		Los Angeles Chargers	Las Vegas Raiders	201 	1.5 	24 	0.2 	0.0 	0 	0.0 	0.6 	0.1 	0.0 	0.0 	16.0 	QB18		Los Angeles Chargers	San Francisco 49ers	208 	1.6 	23 	0.1 	0.0 	0 	0.0 	0.6 	0.1 	0.0 	0.0 	16.4 	QB12		Los Angeles Chargers	Miami Dolphins	201 	1.6 	26 	0.2 	0.0 	0 	0.0 	0.6 	0.1 	0.0 	0.0 	16.5 	QB9		Los Angeles Chargers	Kansas City Chiefs	203 	1.5 	23 	0.1 	0.0 	0 	0.0 	0.6 	0.1 	0.0 	0.0 	15.7 	QB16		Actual	Actual	Actual	Actual	Forecast	Forecast	Forecast	Forecast	Forecast	Forecast	Forecast	Forecast	Forecast	Forecast	Forecast	Forecast	Forecast		Healthy	Healthy	Healthy	Healthy	Healthy	Healthy	Healthy	Healthy	Healthy	Healthy	Healthy	Healthy	Healthy	Healthy	Healthy	Healthy	Healthy		Week 5 2026	10/6/2026	7:50:59 PM	19		0%	0%	17%	15%	95%	95%		0.2 	0	0	0	0	0	0.245985 
	Jaylen Wright	Miami Dolphins	RB	RB50	4.7 	70 	0 	0.0 	0.0 	0.0 	328 	21.9 	2.9 	0.2 	16.2 	1.1 	105 	7.0 	0.6 	0.0 	0.0 	0.9 	0.0 	0.190 	1.000 	0.392 	(1)	0.000 	0.000 	161 	242 	81 	50 	66 	16 	0.205 																(0.1)	1.1 	0.0 	0.7 	5.5 	0.0 	6.0 	5.7 	5.9 	5.9 	5.4 	6.4 	5.1 	5.9 	5.3 	5.7 	5.7 		RB80	RB61	-	RB59	RB40	-	RB34	RB39	RB41	RB37	RB37	RB40	RB43	RB41	RB45	RB44	RB46		RB44	5.7 	0.0 	0.0 	25.9 	0.2 	1.3 	8.7 	0.0 	44 	0.267 	1.000 	0.468 	(0)	0.000 	0.000 	146 	0.251 		68 		-	-		-	-		-	-		-	-		RB89	0.9 	0.0 	0.0 	155.5 	1.4 	8.1 	52.5 	0.3 	89 	0.015 	1.000 	0.000 	(1)	0.000 	0.000 	#N/A	0.002 		1.7 		-	-		-	-		-	-		-	-					Miami Dolphins	Las Vegas Raiders	0 	0.0 	(1)	0.0 	0.0 	0 	0.0 	0.0 	0.0 	0.0 	0.0 	(0.1)	RB80		Miami Dolphins	San Francisco 49ers	0 	0.0 	11 	0.0 	0.0 	0 	0.0 	0.0 	0.0 	0.0 	0.0 	1.1 	RB61		Miami Dolphins	Kansas City Chiefs	0 	0.0 	0 	0.0 	0.0 	0 	0.0 	0.0 	0.0 	0.0 	0.0 	0.0 	-		Miami Dolphins	Minnesota Vikings	0 	0.0 	7 	0.0 	0.0 	0 	0.0 	0.0 	0.0 	0.0 	0.0 	0.7 	RB59		Miami Dolphins	Cincinnati Bengals	0 	0.0 	25 	0.2 	1.3 	9 	0.0 	0.0 	0.1 	0.0 	0.0 	5.5 	RB40		Miami Dolphins	BYE	0 	0.0 	0 	0.0 	0.0 	0 	0.0 	0.0 	0.0 	0.0 	0.0 	0.0 	-		Miami Dolphins	New York Jets	0 	0.0 	28 	0.3 	1.3 	8 	0.0 	0.0 	0.1 	0.0 	0.0 	6.0 	RB34		Miami Dolphins	New England Patriots	0 	0.0 	26 	0.2 	1.4 	9 	0.0 	0.0 	0.1 	0.0 	0.0 	5.7 	RB39		Miami Dolphins	Detroit Lions	0 	0.0 	26 	0.3 	1.4 	9 	0.1 	0.0 	0.1 	0.0 	0.0 	5.9 	RB41		Miami Dolphins	Indianapolis Colts	0 	0.0 	26 	0.3 	1.4 	9 	0.1 	0.0 	0.1 	0.0 	0.0 	5.9 	RB37		Miami Dolphins	Buffalo Bills	0 	0.0 	24 	0.2 	1.3 	9 	0.0 	0.0 	0.1 	0.0 	0.0 	5.4 	RB37		Miami Dolphins	New York Jets	0 	0.0 	30 	0.3 	1.3 	8 	0.1 	0.0 	0.1 	0.0 	0.0 	6.4 	RB40		Miami Dolphins	Denver Broncos	0 	0.0 	23 	0.2 	1.3 	9 	0.0 	0.0 	0.1 	0.0 	0.0 	5.1 	RB43		Miami Dolphins	Chicago Bears	0 	0.0 	26 	0.3 	1.4 	9 	0.1 	0.0 	0.1 	0.0 	0.0 	5.9 	RB41		Miami Dolphins	Green Bay Packers	0 	0.0 	24 	0.2 	1.3 	9 	0.0 	0.0 	0.1 	0.0 	0.0 	5.3 	RB45		Miami Dolphins	Los Angeles Chargers	0 	0.0 	26 	0.2 	1.4 	9 	0.0 	0.0 	0.1 	0.0 	0.0 	5.7 	RB44		Miami Dolphins	Buffalo Bills	0 	0.0 	25 	0.2 	1.4 	9 	0.1 	0.0 	0.1 	0.0 	0.0 	5.7 	RB46		Actual	Actual	Actual	Actual	Forecast	Forecast	Forecast	Forecast	Forecast	Forecast	Forecast	Forecast	Forecast	Forecast	Forecast	Forecast	Forecast		Healthy	Healthy	Injured	Healthy	Healthy	Healthy	Healthy	Healthy	Healthy	Healthy	Healthy	Healthy	Healthy	Healthy	Healthy	Healthy	Healthy		Week 5 2026	10/6/2026	7:50:59 PM	19		4%	4%	25%	30%	0%	0%		0.2 	0	1	0	0	0	
	Elic Ayomanor	Tennessee Titans	WR	WR65	5.9 	94 	0 	0.0 	0.0 	0.0 	0 	0.0 	0.0 	0.0 	35.2 	2.2 	547 	34.2 	3.7 	0.2 	0.0 	0.1 	0.0 	0.256 	1.000 	0.350 	(0)	0.000 	0.000 	165 	0 	(165)	65 	0 	(65)	0.196 																7.6 	7.9 	1.6 	2.7 	5.6 	6.1 	6.1 	6.5 	0.0 	6.2 	6.4 	6.3 	6.4 	6.4 	6.4 	6.1 	6.1 		WR35	WR28	WR82	WR66	WR65	WR55	WR55	WR53	-	WR55	WR48	WR62	WR54	WR55	WR61	WR67	WR68		WR61	6.2 	0.0 	0.0 	0.0 	0.0 	2.5 	36.2 	0.2 	61 	0.291 	1.000 	0.390 	(0)	0.000 	0.000 	160 	0.219 		75 		-	-		-	-		-	-		-	-		WR75	5.0 	0.0 	0.0 	0.0 	0.0 	7.5 	108.6 	0.7 	75 	0.177 	1.000 	0.250 	(0)	0.000 	0.000 	#N/A	0.139 		19.8 		-	-		-	-		-	-		-	-					Tennessee Titans	New York Jets	0 	0.0 	0 	0.0 	1.0 	11 	1.0 	0.0 	0.0 	0.0 	0.0 	7.6 	WR35		Tennessee Titans	Philadelphia Eagles	0 	0.0 	0 	0.0 	2.0 	69 	0.0 	0.0 	0.0 	0.0 	0.0 	7.9 	WR28		Tennessee Titans	New York Giants	0 	0.0 	0 	0.0 	1.0 	11 	0.0 	0.0 	0.0 	0.0 	0.0 	1.6 	WR82		Tennessee Titans	Baltimore Ravens	0 	0.0 	0 	0.0 	1.0 	22 	0.0 	0.0 	0.0 	0.0 	0.0 	2.7 	WR66		Tennessee Titans	Houston Texans	0 	0.0 	0 	0.0 	2.4 	34 	0.2 	0.0 	0.0 	0.0 	0.0 	5.6 	WR65		Tennessee Titans	Indianapolis Colts	0 	0.0 	0 	0.0 	2.5 	36 	0.2 	0.0 	0.0 	0.0 	0.0 	6.1 	WR55		Tennessee Titans	Cleveland Browns	0 	0.0 	0 	0.0 	2.4 	35 	0.2 	0.0 	0.0 	0.0 	0.0 	6.1 	WR55		Tennessee Titans	Cincinnati Bengals	0 	0.0 	0 	0.0 	2.6 	38 	0.2 	0.0 	0.0 	0.0 	0.0 	6.5 	WR53		Tennessee Titans	BYE	0 	0.0 	0 	0.0 	0.0 	0 	0.0 	0.0 	0.0 	0.0 	0.0 	0.0 	-		Tennessee Titans	Jacksonville Jaguars	0 	0.0 	0 	0.0 	2.5 	36 	0.2 	0.0 	0.0 	0.0 	0.0 	6.2 	WR55		Tennessee Titans	Dallas Cowboys	0 	0.0 	0 	0.0 	2.6 	37 	0.2 	0.0 	0.0 	0.0 	0.0 	6.4 	WR48		Tennessee Titans	Jacksonville Jaguars	0 	0.0 	0 	0.0 	2.5 	37 	0.2 	0.0 	0.0 	0.0 	0.0 	6.3 	WR62		Tennessee Titans	Washington Commanders	0 	0.0 	0 	0.0 	2.5 	37 	0.2 	0.0 	0.0 	0.0 	0.0 	6.4 	WR54		Tennessee Titans	Detroit Lions	0 	0.0 	0 	0.0 	2.6 	37 	0.2 	0.0 	0.0 	0.0 	0.0 	6.4 	WR55		Tennessee Titans	Indianapolis Colts	0 	0.0 	0 	0.0 	2.6 	37 	0.2 	0.0 	0.0 	0.0 	0.0 	6.4 	WR61		Tennessee Titans	Las Vegas Raiders	0 	0.0 	0 	0.0 	2.5 	35 	0.2 	0.0 	0.0 	0.0 	0.0 	6.1 	WR67		Tennessee Titans	Pittsburgh Steelers	0 	0.0 	0 	0.0 	2.5 	35 	0.2 	0.0 	0.0 	0.0 	0.0 	6.1 	WR68		Actual	Actual	Actual	Actual	Forecast	Forecast	Forecast	Forecast	Forecast	Forecast	Forecast	Forecast	Forecast	Forecast	Forecast	Forecast	Forecast		Healthy	Healthy	Healthy	Healthy	Healthy	Healthy	Healthy	Healthy	Healthy	Healthy	Healthy	Healthy	Healthy	Healthy	Healthy	Healthy	Healthy		Week 5 2026	10/6/2026	7:50:59 PM	19		16%	16%	0%	0%	0%	0%		0.1 	0	0	0	0	0	0.080129 
	Zach Charbonnet	Seattle Seahawks	RB	RB51	6.1 	67 	0 	0.0 	0.0 	0.0 	383 	34.8 	4.2 	0.4 	3.7 	0.3 	26 	2.4 	0.2 	0.0 	0.0 	1.1 	0.0 	0.181 	1.000 	0.379 	(0)	0.000 	0.000 	163 	150 	(13)	51 	49 	(2)	0.198 				-	-		-	-		-	-		-	-		0.0 	0.0 	0.0 	0.0 	0.0 	5.1 	5.7 	6.3 	7.5 	6.5 	0.0 	5.8 	6.4 	6.7 	5.1 	5.8 	6.0 		-	-	-	-	-	RB40	RB37	RB33	RB34	RB32	-	RB44	RB35	RB36	RB47	RB42	RB42		RB45	6.1 	0.0 	0.0 	34.8 	0.4 	0.3 	2.4 	0.0 	45 	0.260 	1.000 	0.456 	(0)	0.000 	0.000 	148 	0.244 		67 		-	-		-	-		-	-		-	-		-	0.0 	0.0 	0.0 	0.0 	0.0 	0.0 	0.0 	0.0 	#N/A	0.000 	1.000 	#N/A	(1)	0.000 	0.000 	#N/A	#N/A		0.0 		-	-		-	-		-	-		-	-					Seattle Seahawks	New England Patriots	0 	0.0 	0 	0.0 	0.0 	0 	0.0 	0.0 	0.0 	0.0 	0.0 	0.0 	-		Seattle Seahawks	Arizona Cardinals	0 	0.0 	0 	0.0 	0.0 	0 	0.0 	0.0 	0.0 	0.0 	0.0 	0.0 	-		Seattle Seahawks	Washington Commanders	0 	0.0 	0 	0.0 	0.0 	0 	0.0 	0.0 	0.0 	0.0 	0.0 	0.0 	-		Seattle Seahawks	Los Angeles Chargers	0 	0.0 	0 	0.0 	0.0 	0 	0.0 	0.0 	0.0 	0.0 	0.0 	0.0 	-		Seattle Seahawks	San Francisco 49ers	0 	0.0 	0 	0.0 	0.0 	0 	0.0 	0.0 	0.0 	0.0 	0.0 	0.0 	-		Seattle Seahawks	Denver Broncos	0 	0.0 	30 	0.3 	0.3 	2 	0.0 	0.0 	0.1 	0.0 	0.0 	5.1 	RB40		Seattle Seahawks	Kansas City Chiefs	0 	0.0 	33 	0.4 	0.3 	2 	0.0 	0.0 	0.1 	0.0 	0.0 	5.7 	RB37		Seattle Seahawks	Chicago Bears	0 	0.0 	36 	0.4 	0.3 	2 	0.0 	0.0 	0.1 	0.0 	0.0 	6.3 	RB33		Seattle Seahawks	Arizona Cardinals	0 	0.0 	41 	0.5 	0.3 	2 	0.0 	0.0 	0.1 	0.0 	0.0 	7.5 	RB34		Seattle Seahawks	Las Vegas Raiders	0 	0.0 	37 	0.4 	0.3 	2 	0.0 	0.0 	0.1 	0.0 	0.0 	6.5 	RB32		Seattle Seahawks	BYE	0 	0.0 	0 	0.0 	0.0 	0 	0.0 	0.0 	0.0 	0.0 	0.0 	0.0 	-		Seattle Seahawks	San Francisco 49ers	0 	0.0 	33 	0.4 	0.3 	2 	0.0 	0.0 	0.1 	0.0 	0.0 	5.8 	RB44		Seattle Seahawks	Dallas Cowboys	0 	0.0 	36 	0.4 	0.3 	2 	0.0 	0.0 	0.1 	0.0 	0.0 	6.4 	RB35		Seattle Seahawks	New York Giants	0 	0.0 	38 	0.4 	0.3 	2 	0.0 	0.0 	0.1 	0.0 	0.0 	6.7 	RB36		Seattle Seahawks	Philadelphia Eagles	0 	0.0 	30 	0.3 	0.3 	2 	0.0 	0.0 	0.1 	0.0 	0.0 	5.1 	RB47		Seattle Seahawks	Los Angeles Rams	0 	0.0 	33 	0.4 	0.3 	2 	0.0 	0.0 	0.1 	0.0 	0.0 	5.8 	RB42		Seattle Seahawks	Carolina Panthers	0 	0.0 	35 	0.4 	0.3 	2 	0.0 	0.0 	0.1 	0.0 	0.0 	6.0 	RB42		Actual	Actual	Actual	Actual	Forecast	Forecast	Forecast	Forecast	Forecast	Forecast	Forecast	Forecast	Forecast	Forecast	Forecast	Forecast	Forecast		Injured	Injured	Injured	Injured	Injured	Limited / Handicapped	Healthy	Healthy	Healthy	Healthy	Healthy	Healthy	Healthy	Healthy	Healthy	Healthy	Healthy		Week 5 2026	10/6/2026	7:50:59 PM	19		1%	1%	31%	43%	0%	0%		0.2 	1	1	1	1	0	
	Malachi Fields	New York Giants	WR	WR64	5.9 	95 	0 	0.0 	0.0 	0.0 	0 	0.0 	0.0 	0.0 	39.9 	2.5 	550 	34.4 	3.3 	0.2 	0.0 	0.1 	0.0 	0.257 	1.000 	0.360 	(0)	0.000 	0.000 	162 	218 	56 	64 	71 	7 	0.201 				-	-		-	-		-	-		-	-		3.5 	4.0 	2.9 	12.2 	5.9 	6.0 	5.9 	0.0 	5.9 	6.2 	6.0 	6.0 	6.0 	6.0 	5.7 	6.2 	6.2 		WR69	WR60	WR69	WR21	WR61	WR58	WR58	-	WR66	WR57	WR58	WR66	WR58	WR65	WR71	WR63	WR64		WR67	6.0 	0.0 	0.0 	0.0 	0.0 	2.7 	35.3 	0.2 	67 	0.281 	1.000 	0.330 	(0)	0.000 	0.000 	172 	0.191 		72 		-	-		-	-		-	-		-	-		WR66	5.7 	0.0 	0.0 	0.0 	0.0 	8.0 	105.9 	0.6 	66 	0.202 	1.000 	0.340 	(0)	0.000 	0.000 	#N/A	0.183 		22.6 		-	-		-	-		-	-		-	-					New York Giants	Dallas Cowboys	0 	0.0 	0 	0.0 	2.0 	25 	0.0 	0.0 	0.0 	0.0 	0.0 	3.5 	WR69		New York Giants	Los Angeles Rams	0 	0.0 	0 	0.0 	2.0 	30 	0.0 	0.0 	0.0 	0.0 	0.0 	4.0 	WR60		New York Giants	Tennessee Titans	0 	0.0 	0 	0.0 	2.0 	19 	0.0 	0.0 	0.0 	0.0 	0.0 	2.9 	WR69		New York Giants	Arizona Cardinals	0 	0.0 	0 	0.0 	2.0 	52 	1.0 	0.0 	0.0 	0.0 	0.0 	12.2 	WR21		New York Giants	Washington Commanders	0 	0.0 	0 	0.0 	2.6 	35 	0.2 	0.0 	0.0 	0.0 	0.0 	5.9 	WR61		New York Giants	New Orleans Saints	0 	0.0 	0 	0.0 	2.6 	35 	0.2 	0.0 	0.0 	0.0 	0.0 	6.0 	WR58		New York Giants	Houston Texans	0 	0.0 	0 	0.0 	2.6 	35 	0.2 	0.0 	0.0 	0.0 	0.0 	5.9 	WR58		New York Giants	BYE	0 	0.0 	0 	0.0 	0.0 	0 	0.0 	0.0 	0.0 	0.0 	0.0 	0.0 	-		New York Giants	Philadelphia Eagles	0 	0.0 	0 	0.0 	2.7 	35 	0.2 	0.0 	0.0 	0.0 	0.0 	5.9 	WR66		New York Giants	Washington Commanders	0 	0.0 	0 	0.0 	2.7 	36 	0.2 	0.0 	0.0 	0.0 	0.0 	6.2 	WR57		New York Giants	Jacksonville Jaguars	0 	0.0 	0 	0.0 	2.7 	35 	0.2 	0.0 	0.0 	0.0 	0.0 	6.0 	WR58		New York Giants	Indianapolis Colts	0 	0.0 	0 	0.0 	2.7 	35 	0.2 	0.0 	0.0 	0.0 	0.0 	6.0 	WR66		New York Giants	San Francisco 49ers	0 	0.0 	0 	0.0 	2.6 	35 	0.2 	0.0 	0.0 	0.0 	0.0 	6.0 	WR58		New York Giants	Seattle Seahawks	0 	0.0 	0 	0.0 	2.7 	36 	0.2 	0.0 	0.0 	0.0 	0.0 	6.0 	WR65		New York Giants	Cleveland Browns	0 	0.0 	0 	0.0 	2.5 	34 	0.2 	0.0 	0.0 	0.0 	0.0 	5.7 	WR71		New York Giants	Detroit Lions	0 	0.0 	0 	0.0 	2.7 	36 	0.2 	0.0 	0.0 	0.0 	0.0 	6.2 	WR63		New York Giants	Dallas Cowboys	0 	0.0 	0 	0.0 	2.7 	36 	0.2 	0.0 	0.0 	0.0 	0.0 	6.2 	WR64		Actual	Actual	Actual	Actual	Forecast	Forecast	Forecast	Forecast	Forecast	Forecast	Forecast	Forecast	Forecast	Forecast	Forecast	Forecast	Forecast		Healthy	Healthy	Healthy	Healthy	Healthy	Healthy	Healthy	Healthy	Healthy	Healthy	Healthy	Healthy	Healthy	Healthy	Healthy	Healthy	Healthy		Week 5 2026	10/6/2026	7:50:59 PM	19		17%	14%	0%	0%	0%	0%		0.0 	0	0	0	0	0	0.007342 
	Jacoby Brissett	Arizona Cardinals	QB	QB25	14.6 	233 	3,509 	219.3 	23.3 	1.5 	160 	10.0 	1.4 	0.1 	0.0 	0.0 	0 	0.0 	0.0 	0.0 	11.7 	0.9 	0.0 	0.632 	0.460 	0.227 	0 	0.186 	0.000 	159 	235 	76 	22 	29 	7 	0.208 																16.5 	6.5 	25.6 	10.4 	16.9 	15.3 	14.0 	14.3 	13.1 	14.3 	13.3 	15.2 	13.8 	0.0 	14.7 	14.5 	14.5 		QB15	QB28	QB4	QB25	QB7	QB15	QB25	QB25	QB27	QB25	QB24	QB24	QB26	-	QB26	QB27	QB27		QB27	14.5 	224.3 	1.4 	9.7 	0.0 	0.0 	0.0 	0.0 	26 	0.678 	0.460 	0.172 	0 	0.301 	0.000 	154 	0.232 		174 		-	-		-	-		-	-		-	-		QB19	14.8 	672.8 	4.3 	29.2 	0.1 	0.0 	0.0 	0.0 	19 	0.527 	0.460 	0.266 	0 	0.178 	0.000 	#N/A	0.225 		59.0 		-	-		-	-		-	-		-	-					Arizona Cardinals	Los Angeles Chargers	277 	1.0 	14 	0.0 	0.0 	0 	0.0 	0.0 	0.0 	0.0 	0.0 	16.5 	QB15		Arizona Cardinals	Seattle Seahawks	95 	1.0 	7 	0.0 	0.0 	0 	0.0 	1.0 	0.0 	0.0 	0.0 	6.5 	QB28		Arizona Cardinals	San Francisco 49ers	280 	2.0 	4 	1.0 	0.0 	0 	0.0 	0.0 	0.0 	0.0 	0.0 	25.6 	QB4		Arizona Cardinals	New York Giants	166 	2.0 	18 	0.0 	0.0 	0 	0.0 	3.0 	0.0 	0.0 	0.0 	10.4 	QB25		Arizona Cardinals	Detroit Lions	241 	1.8 	11 	0.0 	0.0 	0 	0.0 	0.7 	0.1 	0.0 	0.0 	16.9 	QB7		Arizona Cardinals	Los Angeles Rams	233 	1.6 	9 	0.0 	0.0 	0 	0.0 	0.6 	0.1 	0.0 	0.0 	15.3 	QB15		Arizona Cardinals	Denver Broncos	223 	1.4 	9 	0.0 	0.0 	0 	0.0 	0.6 	0.1 	0.0 	0.0 	14.0 	QB25		Arizona Cardinals	Dallas Cowboys	225 	1.4 	9 	0.0 	0.0 	0 	0.0 	0.6 	0.1 	0.0 	0.0 	14.3 	QB25		Arizona Cardinals	Seattle Seahawks	215 	1.2 	9 	0.0 	0.0 	0 	0.0 	0.6 	0.1 	0.0 	0.0 	13.1 	QB27		Arizona Cardinals	Los Angeles Rams	225 	1.4 	9 	0.0 	0.0 	0 	0.0 	0.6 	0.1 	0.0 	0.0 	14.3 	QB25		Arizona Cardinals	Kansas City Chiefs	217 	1.3 	9 	0.0 	0.0 	0 	0.0 	0.6 	0.1 	0.0 	0.0 	13.3 	QB24		Arizona Cardinals	Washington Commanders	228 	1.6 	11 	0.0 	0.0 	0 	0.0 	0.6 	0.1 	0.0 	0.0 	15.2 	QB24		Arizona Cardinals	Philadelphia Eagles	221 	1.3 	9 	0.0 	0.0 	0 	0.0 	0.6 	0.1 	0.0 	0.0 	13.8 	QB26		Arizona Cardinals	BYE	0 	0.0 	0 	0.0 	0.0 	0 	0.0 	0.0 	0.0 	0.0 	0.0 	0.0 	-		Arizona Cardinals	New York Jets	218 	1.5 	12 	0.0 	0.0 	0 	0.0 	0.6 	0.1 	0.0 	0.0 	14.7 	QB26		Arizona Cardinals	New Orleans Saints	225 	1.4 	10 	0.0 	0.0 	0 	0.0 	0.6 	0.1 	0.0 	0.0 	14.5 	QB27		Arizona Cardinals	Las Vegas Raiders	219 	1.5 	11 	0.0 	0.0 	0 	0.0 	0.6 	0.1 	0.0 	0.0 	14.5 	QB27		Actual	Actual	Actual	Actual	Forecast	Forecast	Forecast	Forecast	Forecast	Forecast	Forecast	Forecast	Forecast	Forecast	Forecast	Forecast	Forecast		Healthy	Healthy	Healthy	Healthy	Healthy	Healthy	Healthy	Healthy	Healthy	Healthy	Healthy	Healthy	Healthy	Healthy	Healthy	Healthy	Healthy		Week 5 2026	10/6/2026	7:50:59 PM	19		0%	0%	10%	6%	99%	99%		0.0 	0	0	0	0	0	0.007320 
	MarShawn Lloyd	Green Bay Packers	RB	RB52	4.1 	65 	0 	0.0 	0.0 	0.0 	295 	18.4 	2.0 	0.1 	18.1 	1.1 	108 	6.8 	1.2 	0.1 	0.0 	1.7 	0.0 	0.177 	1.000 	0.366 	(1)	0.000 	0.000 	166 	95 	(71)	52 	37 	(15)	0.191 				-	-		-	-		-	-		-	-		3.7 	7.6 	2.8 	7.4 	4.8 	5.1 	5.1 	6.0 	2.7 	3.0 	0.0 	2.6 	3.0 	2.9 	3.3 	2.7 	2.7 		RB46	RB29	RB48	RB33	RB44	RB39	RB38	RB35	RB58	RB52	-	RB62	RB54	RB57	RB58	RB62	RB62		RB55	3.7 	0.0 	0.0 	17.8 	0.2 	0.8 	4.9 	0.0 	55 	0.171 	1.000 	0.328 	(1)	0.000 	0.000 	179 	0.173 		44 		-	-		-	-		-	-		-	-		RB40	5.4 	0.0 	0.0 	53.5 	0.5 	2.3 	14.8 	0.0 	40 	0.192 	1.000 	0.519 	(0)	0.000 	0.000 	#N/A	0.262 		21.5 		-	-		-	-		-	-		-	-					Green Bay Packers	Minnesota Vikings	0 	0.0 	37 	0.0 	0.0 	0 	0.0 	0.0 	0.0 	0.0 	0.0 	3.7 	RB46		Green Bay Packers	New York Jets	0 	0.0 	20 	0.0 	2.0 	6 	1.0 	0.0 	1.0 	0.0 	0.0 	7.6 	RB29		Green Bay Packers	Atlanta Falcons	0 	0.0 	11 	0.0 	2.0 	7 	0.0 	0.0 	0.0 	0.0 	0.0 	2.8 	RB48		Green Bay Packers	Tampa Bay Buccaneers	0 	0.0 	13 	0.0 	5.0 	36 	0.0 	0.0 	0.0 	0.0 	0.0 	7.4 	RB33		Green Bay Packers	Chicago Bears	0 	0.0 	26 	0.2 	0.7 	5 	0.0 	0.0 	0.1 	0.0 	0.0 	4.8 	RB44		Green Bay Packers	Dallas Cowboys	0 	0.0 	27 	0.3 	0.8 	5 	0.0 	0.0 	0.1 	0.0 	0.0 	5.1 	RB39		Green Bay Packers	Detroit Lions	0 	0.0 	27 	0.3 	0.8 	5 	0.0 	0.0 	0.1 	0.0 	0.0 	5.1 	RB38		Green Bay Packers	Carolina Panthers	0 	0.0 	33 	0.3 	0.8 	5 	0.0 	0.0 	0.1 	0.0 	0.0 	6.0 	RB35		Green Bay Packers	New England Patriots	0 	0.0 	11 	0.1 	0.8 	5 	0.0 	0.0 	0.0 	0.0 	0.0 	2.7 	RB58		Green Bay Packers	Minnesota Vikings	0 	0.0 	13 	0.1 	0.8 	5 	0.0 	0.0 	0.0 	0.0 	0.0 	3.0 	RB52		Green Bay Packers	BYE	0 	0.0 	0 	0.0 	0.0 	0 	0.0 	0.0 	0.0 	0.0 	0.0 	0.0 	-		Green Bay Packers	Los Angeles Rams	0 	0.0 	11 	0.1 	0.8 	5 	0.0 	0.0 	0.0 	0.0 	0.0 	2.6 	RB62		Green Bay Packers	New Orleans Saints	0 	0.0 	13 	0.1 	0.8 	5 	0.0 	0.0 	0.0 	0.0 	0.0 	3.0 	RB54		Green Bay Packers	Buffalo Bills	0 	0.0 	13 	0.1 	0.8 	5 	0.0 	0.0 	0.0 	0.0 	0.0 	2.9 	RB57		Green Bay Packers	Miami Dolphins	0 	0.0 	15 	0.2 	0.8 	5 	0.0 	0.0 	0.0 	0.0 	0.0 	3.3 	RB58		Green Bay Packers	Chicago Bears	0 	0.0 	12 	0.1 	0.8 	5 	0.0 	0.0 	0.0 	0.0 	0.0 	2.7 	RB62		Green Bay Packers	Houston Texans	0 	0.0 	12 	0.1 	0.7 	5 	0.0 	0.0 	0.0 	0.0 	0.0 	2.7 	RB62		Actual	Actual	Actual	Actual	Forecast	Forecast	Forecast	Forecast	Forecast	Forecast	Forecast	Forecast	Forecast	Forecast	Forecast	Forecast	Forecast		Healthy	Healthy	Healthy	Healthy	Healthy	Healthy	Healthy	Healthy	Healthy	Healthy	Healthy	Healthy	Healthy	Healthy	Healthy	Healthy	Healthy		Week 5 2026	10/6/2026	7:50:59 PM	19		2%	1%	12%	13%	0%	0%		(0.1)	0	0	0	0	0	(0.089108)
	Ted Hurst	Tampa Bay Buccaneers	WR	WR66	5.8 	93 	0 	0.0 	0.0 	0.0 	0 	0.0 	0.0 	0.0 	36.4 	2.3 	534 	33.4 	3.6 	0.2 	0.0 	0.1 	0.0 	0.253 	1.000 	0.340 	(0)	0.000 	0.000 	167 	0 	(167)	66 	0 	(66)	0.191 																5.1 	3.7 	10.5 	3.5 	5.8 	5.3 	5.9 	6.0 	6.0 	0.0 	6.0 	5.9 	5.8 	6.0 	6.0 	5.9 	5.9 		WR54	WR63	WR31	WR63	WR62	WR62	WR57	WR60	WR64	-	WR59	WR69	WR64	WR66	WR68	WR70	WR71		WR68	5.9 	0.0 	0.0 	0.0 	0.0 	2.4 	33.8 	0.2 	68 	0.274 	1.000 	0.320 	(0)	0.000 	0.000 	175 	0.185 		70 		-	-		-	-		-	-		-	-		WR65	5.7 	0.0 	0.0 	0.0 	0.0 	7.1 	101.5 	0.7 	65 	0.204 	1.000 	0.350 	(0)	0.000 	0.000 	#N/A	0.188 		22.8 		-	-		-	-		-	-		-	-					Tampa Bay Buccaneers	Cincinnati Bengals	0 	0.0 	0 	0.0 	3.0 	36 	0.0 	0.0 	0.0 	0.0 	0.0 	5.1 	WR54		Tampa Bay Buccaneers	Cleveland Browns	0 	0.0 	0 	0.0 	2.0 	27 	0.0 	0.0 	0.0 	0.0 	0.0 	3.7 	WR63		Tampa Bay Buccaneers	Minnesota Vikings	0 	0.0 	0 	0.0 	1.0 	40 	1.0 	0.0 	0.0 	0.0 	0.0 	10.5 	WR31		Tampa Bay Buccaneers	Green Bay Packers	0 	0.0 	0 	0.0 	2.0 	25 	0.0 	0.0 	0.0 	0.0 	0.0 	3.5 	WR63		Tampa Bay Buccaneers	Dallas Cowboys	0 	0.0 	0 	0.0 	2.4 	34 	0.2 	0.0 	0.0 	0.0 	0.0 	5.8 	WR62		Tampa Bay Buccaneers	Pittsburgh Steelers	0 	0.0 	0 	0.0 	2.2 	31 	0.2 	0.0 	0.0 	0.0 	0.0 	5.3 	WR62		Tampa Bay Buccaneers	Carolina Panthers	0 	0.0 	0 	0.0 	2.3 	34 	0.2 	0.0 	0.0 	0.0 	0.0 	5.9 	WR57		Tampa Bay Buccaneers	Atlanta Falcons	0 	0.0 	0 	0.0 	2.4 	34 	0.2 	0.0 	0.0 	0.0 	0.0 	6.0 	WR60		Tampa Bay Buccaneers	Chicago Bears	0 	0.0 	0 	0.0 	2.4 	35 	0.2 	0.0 	0.0 	0.0 	0.0 	6.0 	WR64		Tampa Bay Buccaneers	BYE	0 	0.0 	0 	0.0 	0.0 	0 	0.0 	0.0 	0.0 	0.0 	0.0 	0.0 	-		Tampa Bay Buccaneers	Detroit Lions	0 	0.0 	0 	0.0 	2.4 	35 	0.2 	0.0 	0.0 	0.0 	0.0 	6.0 	WR59		Tampa Bay Buccaneers	Carolina Panthers	0 	0.0 	0 	0.0 	2.4 	34 	0.2 	0.0 	0.0 	0.0 	0.0 	5.9 	WR69		Tampa Bay Buccaneers	Los Angeles Chargers	0 	0.0 	0 	0.0 	2.3 	33 	0.2 	0.0 	0.0 	0.0 	0.0 	5.8 	WR64		Tampa Bay Buccaneers	Baltimore Ravens	0 	0.0 	0 	0.0 	2.4 	35 	0.2 	0.0 	0.0 	0.0 	0.0 	6.0 	WR66		Tampa Bay Buccaneers	New Orleans Saints	0 	0.0 	0 	0.0 	2.4 	34 	0.2 	0.0 	0.0 	0.0 	0.0 	6.0 	WR68		Tampa Bay Buccaneers	Atlanta Falcons	0 	0.0 	0 	0.0 	2.3 	34 	0.2 	0.0 	0.0 	0.0 	0.0 	5.9 	WR70		Tampa Bay Buccaneers	Los Angeles Rams	0 	0.0 	0 	0.0 	2.4 	34 	0.2 	0.0 	0.0 	0.0 	0.0 	5.9 	WR71		Actual	Actual	Actual	Actual	Forecast	Forecast	Forecast	Forecast	Forecast	Forecast	Forecast	Forecast	Forecast	Forecast	Forecast	Forecast	Forecast		Healthy	Healthy	Healthy	Healthy	Healthy	Healthy	Healthy	Healthy	Healthy	Healthy	Healthy	Healthy	Healthy	Healthy	Healthy	Healthy	Healthy		Week 5 2026	10/6/2026	7:50:59 PM	19		15%	14%	0%	0%	0%	0%		(0.0)	0	0	0	0	0	(0.002882)
	Baker Mayfield	Tampa Bay Buccaneers	QB	QB27	15.4 	200 	2,861 	220.1 	17.9 	1.4 	242 	18.6 	2.4 	0.2 	0.0 	0.0 	0 	0.0 	0.0 	0.0 	8.4 	3.8 	0.0 	0.544 	0.460 	0.114 	0 	0.269 	0.000 	168 	142 	(26)	30 	19 	(11)	0.187 				-	-		-	-		-	-		-	-		11.6 	12.2 	11.3 	0.0 	0.0 	0.0 	16.5 	17.2 	16.5 	0.0 	16.5 	16.7 	16.0 	16.1 	17.0 	16.5 	16.2 		QB26	QB22	QB26	-	-	-	QB10	QB8	QB12	-	QB12	QB9	QB16	QB15	QB7	QB10	QB12		QB23	16.5 	224.6 	1.6 	17.7 	0.1 	0.0 	0.0 	0.0 	28 	0.644 	0.460 	0.143 	1 	0.508 	0.000 	124 	0.315 		165 		-	-		-	-		-	-		-	-		QB28	11.7 	748.7 	5.3 	58.9 	0.5 	0.0 	0.0 	0.0 	28 	0.314 	0.460 	0.143 	(0)	0.000 	0.000 	#N/A	0.076 		35.1 		-	-		-	-		-	-		-	-					Tampa Bay Buccaneers	Cincinnati Bengals	216 	0.0 	30 	1.0 	0.0 	0 	0.0 	0.0 	3.0 	0.0 	0.0 	11.6 	QB26		Tampa Bay Buccaneers	Cleveland Browns	182 	1.0 	29 	0.0 	0.0 	0 	0.0 	1.0 	0.0 	0.0 	0.0 	12.2 	QB22		Tampa Bay Buccaneers	Minnesota Vikings	217 	1.0 	6 	0.0 	0.0 	0 	0.0 	1.0 	0.0 	0.0 	0.0 	11.3 	QB26		Tampa Bay Buccaneers	Green Bay Packers	0 	0.0 	0 	0.0 	0.0 	0 	0.0 	0.0 	0.0 	0.0 	0.0 	0.0 	-		Tampa Bay Buccaneers	Dallas Cowboys	0 	0.0 	0 	0.0 	0.0 	0 	0.0 	0.0 	0.0 	0.0 	0.0 	0.0 	-		Tampa Bay Buccaneers	Pittsburgh Steelers	0 	0.0 	0 	0.0 	0.0 	0 	0.0 	0.0 	0.0 	0.0 	0.0 	0.0 	-		Tampa Bay Buccaneers	Carolina Panthers	221 	1.6 	18 	0.1 	0.0 	0 	0.0 	0.6 	0.1 	0.0 	0.0 	16.5 	QB10		Tampa Bay Buccaneers	Atlanta Falcons	223 	1.7 	20 	0.2 	0.0 	0 	0.0 	0.6 	0.1 	0.0 	0.0 	17.2 	QB8		Tampa Bay Buccaneers	Chicago Bears	228 	1.6 	17 	0.1 	0.0 	0 	0.0 	0.6 	0.1 	0.0 	0.0 	16.5 	QB12		Tampa Bay Buccaneers	BYE	0 	0.0 	0 	0.0 	0.0 	0 	0.0 	0.0 	0.0 	0.0 	0.0 	0.0 	-		Tampa Bay Buccaneers	Detroit Lions	228 	1.6 	17 	0.1 	0.0 	0 	0.0 	0.6 	0.1 	0.0 	0.0 	16.5 	QB12		Tampa Bay Buccaneers	Carolina Panthers	223 	1.6 	19 	0.2 	0.0 	0 	0.0 	0.6 	0.1 	0.0 	0.0 	16.7 	QB9		Tampa Bay Buccaneers	Los Angeles Chargers	221 	1.5 	17 	0.1 	0.0 	0 	0.0 	0.6 	0.1 	0.0 	0.0 	16.0 	QB16		Tampa Bay Buccaneers	Baltimore Ravens	228 	1.5 	16 	0.1 	0.0 	0 	0.0 	0.6 	0.1 	0.0 	0.0 	16.1 	QB15		Tampa Bay Buccaneers	New Orleans Saints	225 	1.7 	19 	0.2 	0.0 	0 	0.0 	0.6 	0.1 	0.0 	0.0 	17.0 	QB7		Tampa Bay Buccaneers	Atlanta Falcons	221 	1.6 	18 	0.1 	0.0 	0 	0.0 	0.6 	0.1 	0.0 	0.0 	16.5 	QB10		Tampa Bay Buccaneers	Los Angeles Rams	226 	1.6 	16 	0.1 	0.0 	0 	0.0 	0.6 	0.1 	0.0 	0.0 	16.2 	QB12		Actual	Actual	Actual	Actual	Forecast	Forecast	Forecast	Forecast	Forecast	Forecast	Forecast	Forecast	Forecast	Forecast	Forecast	Forecast	Forecast		Healthy	Healthy	Healthy	Injured	Injured	Injured	Healthy	Healthy	Healthy	Healthy	Healthy	Healthy	Healthy	Healthy	Healthy	Healthy	Healthy		Week 5 2026	10/6/2026	7:50:59 PM	19		0%	0%	15%	17%	99%	99%		0.2 	0	0	1	1	1	
	Cooper Kupp	Seattle Seahawks	WR	WR67	5.7 	91 	0 	0.0 	0.0 	0.0 	0 	0.0 	0.0 	0.0 	39.2 	2.5 	492 	30.7 	3.7 	0.2 	0.0 	0.1 	0.0 	0.247 	1.000 	0.330 	(0)	0.000 	0.000 	169 	197 	28 	67 	65 	(2)	0.186 																4.5 	3.0 	12.6 	1.8 	5.8 	5.5 	5.8 	5.9 	6.0 	5.6 	0.0 	5.7 	5.9 	5.8 	5.5 	5.8 	5.6 		WR58	WR69	WR23	WR72	WR63	WR59	WR59	WR64	WR63	WR62	-	WR71	WR62	WR69	WR72	WR71	WR72		WR72	5.7 	0.0 	0.0 	0.0 	0.0 	2.5 	31.5 	0.2 	71 	0.269 	1.000 	0.290 	(0)	0.000 	0.000 	181 	0.171 		69 		-	-		-	-		-	-		-	-		WR68	5.5 	0.0 	0.0 	0.0 	0.0 	7.6 	94.4 	0.7 	68 	0.196 	1.000 	0.320 	(0)	0.000 	0.000 	#N/A	0.173 		21.9 		-	-		-	-		-	-		-	-					Seattle Seahawks	New England Patriots	0 	0.0 	0 	0.0 	2.0 	35 	0.0 	0.0 	0.0 	0.0 	0.0 	4.5 	WR58		Seattle Seahawks	Arizona Cardinals	0 	0.0 	0 	0.0 	2.0 	20 	0.0 	0.0 	0.0 	0.0 	0.0 	3.0 	WR69		Seattle Seahawks	Washington Commanders	0 	0.0 	0 	0.0 	4.0 	46 	1.0 	0.0 	0.0 	0.0 	0.0 	12.6 	WR23		Seattle Seahawks	Los Angeles Chargers	0 	0.0 	0 	0.0 	1.0 	13 	0.0 	0.0 	0.0 	0.0 	0.0 	1.8 	WR72		Seattle Seahawks	San Francisco 49ers	0 	0.0 	0 	0.0 	2.5 	32 	0.2 	0.0 	0.0 	0.0 	0.0 	5.8 	WR63		Seattle Seahawks	Denver Broncos	0 	0.0 	0 	0.0 	2.4 	31 	0.2 	0.0 	0.0 	0.0 	0.0 	5.5 	WR59		Seattle Seahawks	Kansas City Chiefs	0 	0.0 	0 	0.0 	2.5 	32 	0.2 	0.0 	0.0 	0.0 	0.0 	5.8 	WR59		Seattle Seahawks	Chicago Bears	0 	0.0 	0 	0.0 	2.6 	32 	0.2 	0.0 	0.0 	0.0 	0.0 	5.9 	WR64		Seattle Seahawks	Arizona Cardinals	0 	0.0 	0 	0.0 	2.6 	32 	0.3 	0.0 	0.0 	0.0 	0.0 	6.0 	WR63		Seattle Seahawks	Las Vegas Raiders	0 	0.0 	0 	0.0 	2.5 	31 	0.2 	0.0 	0.0 	0.0 	0.0 	5.6 	WR62		Seattle Seahawks	BYE	0 	0.0 	0 	0.0 	0.0 	0 	0.0 	0.0 	0.0 	0.0 	0.0 	0.0 	-		Seattle Seahawks	San Francisco 49ers	0 	0.0 	0 	0.0 	2.5 	32 	0.2 	0.0 	0.0 	0.0 	0.0 	5.7 	WR71		Seattle Seahawks	Dallas Cowboys	0 	0.0 	0 	0.0 	2.6 	32 	0.2 	0.0 	0.0 	0.0 	0.0 	5.9 	WR62		Seattle Seahawks	New York Giants	0 	0.0 	0 	0.0 	2.5 	31 	0.2 	0.0 	0.0 	0.0 	0.0 	5.8 	WR69		Seattle Seahawks	Philadelphia Eagles	0 	0.0 	0 	0.0 	2.5 	31 	0.2 	0.0 	0.0 	0.0 	0.0 	5.5 	WR72		Seattle Seahawks	Los Angeles Rams	0 	0.0 	0 	0.0 	2.5 	32 	0.2 	0.0 	0.0 	0.0 	0.0 	5.8 	WR71		Seattle Seahawks	Carolina Panthers	0 	0.0 	0 	0.0 	2.5 	31 	0.2 	0.0 	0.0 	0.0 	0.0 	5.6 	WR72		Actual	Actual	Actual	Actual	Forecast	Forecast	Forecast	Forecast	Forecast	Forecast	Forecast	Forecast	Forecast	Forecast	Forecast	Forecast	Forecast		Healthy	Healthy	Healthy	Healthy	Healthy	Healthy	Healthy	Healthy	Healthy	Healthy	Healthy	Healthy	Healthy	Healthy	Healthy	Healthy	Healthy		Week 5 2026	10/6/2026	7:50:59 PM	19		13%	13%	0%	0%	0%	0%		(0.0)	0	0	0	0	0	(0.002491)
	Jadarian Price	Seattle Seahawks	RB	RB53	5.3 	64 	0 	0.0 	0.0 	0.0 	407 	33.9 	2.0 	0.2 	11.3 	0.9 	86 	7.2 	0.3 	0.0 	0.0 	2.8 	0.0 	0.173 	1.000 	0.354 	(0)	0.000 	0.000 	170 	55 	(115)	53 	23 	(30)	0.185 				-	-		-	-		-	-		-	-		6.8 	4.5 	0.7 	0.0 	0.0 	0.0 	0.0 	5.8 	6.7 	5.9 	0.0 	5.4 	5.9 	6.1 	4.8 	5.4 	5.6 		RB35	RB41	RB60	-	-	-	-	RB37	RB36	RB38	-	RB47	RB41	RB39	RB49	RB46	RB47		RB52	5.7 	0.0 	0.0 	32.0 	0.2 	0.8 	7.3 	0.0 	52 	0.201 	1.000 	0.366 	(0)	0.000 	0.000 	171 	0.195 		52 		-	-		-	-		-	-		-	-		RB60	4.0 	0.0 	0.0 	96.1 	0.7 	2.4 	21.8 	0.1 	60 	0.107 	1.000 	0.264 	(1)	0.000 	0.000 	#N/A	0.135 		12.0 		-	-		-	-		-	-		-	-					Seattle Seahawks	New England Patriots	0 	0.0 	52 	0.0 	2.0 	6 	0.0 	0.0 	0.0 	0.0 	0.0 	6.8 	RB35		Seattle Seahawks	Arizona Cardinals	0 	0.0 	52 	0.0 	1.0 	8 	0.0 	0.0 	1.0 	0.0 	0.0 	4.5 	RB41		Seattle Seahawks	Washington Commanders	0 	0.0 	15 	0.0 	1.0 	7 	0.0 	0.0 	1.0 	0.0 	0.0 	0.7 	RB60		Seattle Seahawks	Los Angeles Chargers	0 	0.0 	0 	0.0 	0.0 	0 	0.0 	0.0 	0.0 	0.0 	0.0 	0.0 	-		Seattle Seahawks	San Francisco 49ers	0 	0.0 	0 	0.0 	0.0 	0 	0.0 	0.0 	0.0 	0.0 	0.0 	0.0 	-		Seattle Seahawks	Denver Broncos	0 	0.0 	0 	0.0 	0.0 	0 	0.0 	0.0 	0.0 	0.0 	0.0 	0.0 	-		Seattle Seahawks	Kansas City Chiefs	0 	0.0 	0 	0.0 	0.0 	0 	0.0 	0.0 	0.0 	0.0 	0.0 	0.0 	-		Seattle Seahawks	Chicago Bears	0 	0.0 	32 	0.2 	0.8 	7 	0.0 	0.0 	0.1 	0.0 	0.0 	5.8 	RB37		Seattle Seahawks	Arizona Cardinals	0 	0.0 	37 	0.3 	0.8 	7 	0.0 	0.0 	0.1 	0.0 	0.0 	6.7 	RB36		Seattle Seahawks	Las Vegas Raiders	0 	0.0 	33 	0.2 	0.8 	7 	0.0 	0.0 	0.1 	0.0 	0.0 	5.9 	RB38		Seattle Seahawks	BYE	0 	0.0 	0 	0.0 	0.0 	0 	0.0 	0.0 	0.0 	0.0 	0.0 	0.0 	-		Seattle Seahawks	San Francisco 49ers	0 	0.0 	30 	0.2 	0.8 	7 	0.0 	0.0 	0.1 	0.0 	0.0 	5.4 	RB47		Seattle Seahawks	Dallas Cowboys	0 	0.0 	33 	0.2 	0.8 	7 	0.0 	0.0 	0.1 	0.0 	0.0 	5.9 	RB41		Seattle Seahawks	New York Giants	0 	0.0 	34 	0.2 	0.8 	7 	0.0 	0.0 	0.1 	0.0 	0.0 	6.1 	RB39		Seattle Seahawks	Philadelphia Eagles	0 	0.0 	27 	0.2 	0.8 	7 	0.0 	0.0 	0.1 	0.0 	0.0 	4.8 	RB49		Seattle Seahawks	Los Angeles Rams	0 	0.0 	30 	0.2 	0.8 	7 	0.0 	0.0 	0.1 	0.0 	0.0 	5.4 	RB46		Seattle Seahawks	Carolina Panthers	0 	0.0 	31 	0.2 	0.8 	7 	0.0 	0.0 	0.1 	0.0 	0.0 	5.6 	RB47		Actual	Actual	Actual	Actual	Forecast	Forecast	Forecast	Forecast	Forecast	Forecast	Forecast	Forecast	Forecast	Forecast	Forecast	Forecast	Forecast		Healthy	Healthy	Healthy	Injured	Injured	Injured	Injured	Healthy	Healthy	Healthy	Healthy	Healthy	Healthy	Healthy	Healthy	Healthy	Healthy		Week 5 2026	10/6/2026	7:50:59 PM	19		3%	2%	28%	25%	0%	0%		0.1 	0	0	1	1	1	
	Cade Otton	Tampa Bay Buccaneers	TE	TE24	6.2 	99 	0 	0.0 	0.0 	0.0 	0 	0.0 	0.0 	0.0 	54.0 	3.4 	563 	35.2 	2.6 	0.2 	0.0 	0.1 	0.0 	0.268 	0.560 	0.357 	(0)	0.000 	0.000 	171 	259 	88 	24 	29 	5 	0.183 				-	-		-	-		-	-		-	-		4.1 	6.3 	7.1 	5.7 	6.3 	5.7 	6.3 	6.4 	6.4 	0.0 	6.4 	6.4 	6.2 	6.4 	6.4 	6.3 	6.4 		TE23	TE17	TE16	TE22	TE23	TE22	TE23	TE21	TE24	-	TE22	TE24	TE20	TE22	TE25	TE25	TE25		TE25	6.3 	0.0 	0.0 	0.0 	0.0 	3.3 	33.8 	0.2 	25 	0.295 	0.560 	0.347 	0 	0.044 	0.000 	168 	0.203 		76 		-	-		-	-		-	-		-	-		TE24	5.8 	0.0 	0.0 	0.0 	0.0 	9.8 	101.5 	0.7 	24 	0.207 	0.560 	0.357 	(0)	0.000 	0.000 	#N/A	0.174 		23.2 		-	-		-	-		-	-		-	-					Tampa Bay Buccaneers	Cincinnati Bengals	0 	0.0 	0 	0.0 	3.0 	26 	0.0 	0.0 	0.0 	0.0 	0.0 	4.1 	TE23		Tampa Bay Buccaneers	Cleveland Browns	0 	0.0 	0 	0.0 	5.0 	38 	0.0 	0.0 	0.0 	0.0 	0.0 	6.3 	TE17		Tampa Bay Buccaneers	Minnesota Vikings	0 	0.0 	0 	0.0 	3.0 	56 	0.0 	0.0 	0.0 	0.0 	0.0 	7.1 	TE16		Tampa Bay Buccaneers	Green Bay Packers	0 	0.0 	0 	0.0 	4.0 	37 	0.0 	0.0 	0.0 	0.0 	0.0 	5.7 	TE22		Tampa Bay Buccaneers	Dallas Cowboys	0 	0.0 	0 	0.0 	3.3 	34 	0.2 	0.0 	0.0 	0.0 	0.0 	6.3 	TE23		Tampa Bay Buccaneers	Pittsburgh Steelers	0 	0.0 	0 	0.0 	3.0 	31 	0.2 	0.0 	0.0 	0.0 	0.0 	5.7 	TE22		Tampa Bay Buccaneers	Carolina Panthers	0 	0.0 	0 	0.0 	3.2 	34 	0.2 	0.0 	0.0 	0.0 	0.0 	6.3 	TE23		Tampa Bay Buccaneers	Atlanta Falcons	0 	0.0 	0 	0.0 	3.3 	34 	0.2 	0.0 	0.0 	0.0 	0.0 	6.4 	TE21		Tampa Bay Buccaneers	Chicago Bears	0 	0.0 	0 	0.0 	3.3 	35 	0.2 	0.0 	0.0 	0.0 	0.0 	6.4 	TE24		Tampa Bay Buccaneers	BYE	0 	0.0 	0 	0.0 	0.0 	0 	0.0 	0.0 	0.0 	0.0 	0.0 	0.0 	-		Tampa Bay Buccaneers	Detroit Lions	0 	0.0 	0 	0.0 	3.3 	35 	0.2 	0.0 	0.0 	0.0 	0.0 	6.4 	TE22		Tampa Bay Buccaneers	Carolina Panthers	0 	0.0 	0 	0.0 	3.3 	34 	0.2 	0.0 	0.0 	0.0 	0.0 	6.4 	TE24		Tampa Bay Buccaneers	Los Angeles Chargers	0 	0.0 	0 	0.0 	3.2 	33 	0.2 	0.0 	0.0 	0.0 	0.0 	6.2 	TE20		Tampa Bay Buccaneers	Baltimore Ravens	0 	0.0 	0 	0.0 	3.3 	35 	0.2 	0.0 	0.0 	0.0 	0.0 	6.4 	TE22		Tampa Bay Buccaneers	New Orleans Saints	0 	0.0 	0 	0.0 	3.3 	34 	0.2 	0.0 	0.0 	0.0 	0.0 	6.4 	TE25		Tampa Bay Buccaneers	Atlanta Falcons	0 	0.0 	0 	0.0 	3.2 	34 	0.2 	0.0 	0.0 	0.0 	0.0 	6.3 	TE25		Tampa Bay Buccaneers	Los Angeles Rams	0 	0.0 	0 	0.0 	3.3 	34 	0.2 	0.0 	0.0 	0.0 	0.0 	6.4 	TE25		Actual	Actual	Actual	Actual	Forecast	Forecast	Forecast	Forecast	Forecast	Forecast	Forecast	Forecast	Forecast	Forecast	Forecast	Forecast	Forecast		Healthy	Healthy	Healthy	Healthy	Healthy	Healthy	Healthy	Healthy	Healthy	Healthy	Healthy	Healthy	Healthy	Healthy	Healthy	Healthy	Healthy		Week 5 2026	10/6/2026	7:50:59 PM	19		15%	14%	0%	0%	0%	0%		0.0 	0	0	0	0	0	0.028936 
	Quentin Johnston	Los Angeles Chargers	WR	WR68	5.6 	90 	0 	0.0 	0.0 	0.0 	3 	0.2 	0.0 	0.0 	38.3 	2.4 	493 	30.8 	3.5 	0.2 	0.0 	0.1 	0.0 	0.243 	1.000 	0.320 	(0)	0.000 	0.000 	172 	101 	(71)	68 	39 	(29)	0.180 				-	-		-	-		-	-		-	-		2.7 	1.9 	5.5 	4.5 	5.9 	6.1 	0.0 	6.4 	6.2 	6.3 	6.1 	6.3 	6.4 	6.2 	6.5 	6.3 	6.3 		WR77	WR76	WR50	WR58	WR59	WR54	-	WR56	WR61	WR53	WR57	WR63	WR53	WR60	WR60	WR61	WR62		WR59	6.3 	0.0 	0.0 	0.0 	0.0 	2.6 	32.1 	0.3 	59 	0.292 	1.000 	0.410 	(0)	0.000 	0.000 	156 	0.228 		75 		-	-		-	-		-	-		-	-		WR88	3.7 	0.0 	0.0 	0.0 	0.0 	7.8 	96.2 	0.9 	88 	0.130 	1.000 	0.120 	(1)	0.000 	0.000 	#N/A	0.074 		14.6 		-	-		-	-		-	-		-	-					Los Angeles Chargers	Arizona Cardinals	0 	0.0 	0 	0.0 	2.0 	17 	0.0 	0.0 	0.0 	0.0 	0.0 	2.7 	WR77		Los Angeles Chargers	Las Vegas Raiders	0 	0.0 	7 	0.0 	1.0 	7 	0.0 	0.0 	0.0 	0.0 	0.0 	1.9 	WR76		Los Angeles Chargers	Buffalo Bills	0 	0.0 	0 	0.0 	3.0 	40 	0.0 	0.0 	0.0 	0.0 	0.0 	5.5 	WR50		Los Angeles Chargers	Seattle Seahawks	0 	0.0 	(4)	0.0 	1.0 	44 	0.0 	0.0 	0.0 	0.0 	0.0 	4.5 	WR58		Los Angeles Chargers	Denver Broncos	0 	0.0 	0 	0.0 	2.5 	31 	0.3 	0.0 	0.0 	0.0 	0.0 	5.9 	WR59		Los Angeles Chargers	Kansas City Chiefs	0 	0.0 	0 	0.0 	2.6 	33 	0.3 	0.0 	0.0 	0.0 	0.0 	6.1 	WR54		Los Angeles Chargers	BYE	0 	0.0 	0 	0.0 	0.0 	0 	0.0 	0.0 	0.0 	0.0 	0.0 	0.0 	-		Los Angeles Chargers	Los Angeles Rams	0 	0.0 	0 	0.0 	2.7 	33 	0.3 	0.0 	0.0 	0.0 	0.0 	6.4 	WR56		Los Angeles Chargers	Houston Texans	0 	0.0 	0 	0.0 	2.6 	32 	0.3 	0.0 	0.0 	0.0 	0.0 	6.2 	WR61		Los Angeles Chargers	Baltimore Ravens	0 	0.0 	0 	0.0 	2.7 	33 	0.3 	0.0 	0.0 	0.0 	0.0 	6.3 	WR53		Los Angeles Chargers	New York Jets	0 	0.0 	0 	0.0 	2.5 	31 	0.3 	0.0 	0.0 	0.0 	0.0 	6.1 	WR57		Los Angeles Chargers	New England Patriots	0 	0.0 	0 	0.0 	2.6 	32 	0.3 	0.0 	0.0 	0.0 	0.0 	6.3 	WR63		Los Angeles Chargers	Tampa Bay Buccaneers	0 	0.0 	0 	0.0 	2.6 	33 	0.3 	0.0 	0.0 	0.0 	0.0 	6.4 	WR53		Los Angeles Chargers	Las Vegas Raiders	0 	0.0 	0 	0.0 	2.6 	32 	0.3 	0.0 	0.0 	0.0 	0.0 	6.2 	WR60		Los Angeles Chargers	San Francisco 49ers	0 	0.0 	0 	0.0 	2.7 	33 	0.3 	0.0 	0.0 	0.0 	0.0 	6.5 	WR60		Los Angeles Chargers	Miami Dolphins	0 	0.0 	0 	0.0 	2.6 	32 	0.3 	0.0 	0.0 	0.0 	0.0 	6.3 	WR61		Los Angeles Chargers	Kansas City Chiefs	0 	0.0 	0 	0.0 	2.6 	32 	0.3 	0.0 	0.0 	0.0 	0.0 	6.3 	WR62		Actual	Actual	Actual	Actual	Forecast	Forecast	Forecast	Forecast	Forecast	Forecast	Forecast	Forecast	Forecast	Forecast	Forecast	Forecast	Forecast		Healthy	Healthy	Healthy	Healthy	Healthy	Healthy	Healthy	Healthy	Healthy	Healthy	Healthy	Healthy	Healthy	Healthy	Healthy	Healthy	Healthy		Week 5 2026	10/6/2026	7:50:59 PM	19		15%	19%	0%	0%	0%	0%		0.2 	0	0	0	0	0	0.154807 
	George Holani	Seattle Seahawks	RB	RB55	3.9 	62 	0 	0.0 	0.0 	0.0 	159 	9.9 	0.6 	0.0 	25.0 	1.6 	226 	14.1 	1.3 	0.1 	0.0 	0.3 	0.0 	0.168 	1.000 	0.328 	(1)	0.000 	0.000 	177 	257 	80 	55 	71 	16 	0.173 				-	-		-	-		-	-		-	-		2.9 	2.0 	8.3 	2.5 	6.8 	3.4 	3.5 	3.7 	3.9 	3.6 	0.0 	3.5 	3.7 	3.7 	3.3 	3.6 	3.5 		RB53	RB57	RB27	RB49	RB36	RB50	RB48	RB51	RB51	RB48	-	RB56	RB52	RB52	RB59	RB56	RB56		RB54	3.8 	0.0 	0.0 	7.4 	0.1 	1.5 	14.5 	0.1 	54 	0.180 	1.000 	0.341 	(1)	0.000 	0.000 	176 	0.180 		46 		-	-		-	-		-	-		-	-		RB48	3.9 	0.0 	0.0 	22.2 	0.2 	4.5 	43.6 	0.3 	48 	0.140 	1.000 	0.417 	(1)	0.000 	0.000 	#N/A	0.209 		15.7 		-	-		-	-		-	-		-	-					Seattle Seahawks	New England Patriots	0 	0.0 	29 	0.0 	0.0 	0 	0.0 	0.0 	0.0 	0.0 	0.0 	2.9 	RB53		Seattle Seahawks	Arizona Cardinals	0 	0.0 	13 	0.0 	1.0 	2 	0.0 	0.0 	0.0 	0.0 	0.0 	2.0 	RB57		Seattle Seahawks	Washington Commanders	0 	0.0 	10 	0.0 	5.0 	48 	0.0 	0.0 	0.0 	0.0 	0.0 	8.3 	RB27		Seattle Seahawks	Los Angeles Chargers	0 	0.0 	18 	0.0 	1.0 	2 	0.0 	0.0 	0.0 	0.0 	0.0 	2.5 	RB49		Seattle Seahawks	San Francisco 49ers	0 	0.0 	27 	0.2 	1.5 	15 	0.1 	0.0 	0.1 	0.0 	0.0 	6.8 	RB36		Seattle Seahawks	Denver Broncos	0 	0.0 	5 	0.0 	1.5 	14 	0.1 	0.0 	0.0 	0.0 	0.0 	3.4 	RB50		Seattle Seahawks	Kansas City Chiefs	0 	0.0 	5 	0.0 	1.5 	15 	0.1 	0.0 	0.0 	0.0 	0.0 	3.5 	RB48		Seattle Seahawks	Chicago Bears	0 	0.0 	6 	0.0 	1.5 	15 	0.1 	0.0 	0.0 	0.0 	0.0 	3.7 	RB51		Seattle Seahawks	Arizona Cardinals	0 	0.0 	7 	0.0 	1.5 	15 	0.1 	0.0 	0.0 	0.0 	0.0 	3.9 	RB51		Seattle Seahawks	Las Vegas Raiders	0 	0.0 	6 	0.0 	1.5 	14 	0.1 	0.0 	0.0 	0.0 	0.0 	3.6 	RB48		Seattle Seahawks	BYE	0 	0.0 	0 	0.0 	0.0 	0 	0.0 	0.0 	0.0 	0.0 	0.0 	0.0 	-		Seattle Seahawks	San Francisco 49ers	0 	0.0 	5 	0.0 	1.5 	15 	0.1 	0.0 	0.0 	0.0 	0.0 	3.5 	RB56		Seattle Seahawks	Dallas Cowboys	0 	0.0 	6 	0.0 	1.5 	15 	0.1 	0.0 	0.0 	0.0 	0.0 	3.7 	RB52		Seattle Seahawks	New York Giants	0 	0.0 	6 	0.0 	1.5 	15 	0.1 	0.0 	0.0 	0.0 	0.0 	3.7 	RB52		Seattle Seahawks	Philadelphia Eagles	0 	0.0 	5 	0.0 	1.5 	14 	0.1 	0.0 	0.0 	0.0 	0.0 	3.3 	RB59		Seattle Seahawks	Los Angeles Rams	0 	0.0 	5 	0.0 	1.5 	15 	0.1 	0.0 	0.0 	0.0 	0.0 	3.6 	RB56		Seattle Seahawks	Carolina Panthers	0 	0.0 	6 	0.0 	1.5 	14 	0.1 	0.0 	0.0 	0.0 	0.0 	3.5 	RB56		Actual	Actual	Actual	Actual	Forecast	Forecast	Forecast	Forecast	Forecast	Forecast	Forecast	Forecast	Forecast	Forecast	Forecast	Forecast	Forecast		Healthy	Healthy	Healthy	Healthy	Healthy	Healthy	Healthy	Healthy	Healthy	Healthy	Healthy	Healthy	Healthy	Healthy	Healthy	Healthy	Healthy		Week 5 2026	10/6/2026	7:50:59 PM	19		6%	6%	5%	4%	0%	0%		(0.0)	0	0	0	0	0	(0.028611)
	Hunter Henry	New England Patriots	TE	TE25	5.8 	93 	0 	0.0 	0.0 	0.0 	0 	0.0 	0.0 	0.0 	46.1 	2.9 	529 	33.1 	2.9 	0.2 	0.0 	0.1 	0.0 	0.253 	0.560 	0.347 	(0)	0.000 	0.000 	174 	152 	(22)	25 	17 	(8)	0.177 				-	-		-	-		-	-		-	-		4.1 	5.5 	1.0 	8.7 	7.1 	6.9 	6.1 	6.1 	6.1 	6.1 	0.0 	5.9 	6.2 	5.9 	5.9 	5.7 	5.9 		TE23	TE19	TE31	TE15	TE17	TE19	TE24	TE22	TE25	TE23	-	TE26	TE21	TE24	TE26	TE26	TE26		TE26	6.2 	0.0 	0.0 	0.0 	0.0 	2.8 	33.0 	0.2 	26 	0.288 	0.560 	0.338 	0 	0.024 	0.000 	173 	0.189 		74 		-	-		-	-		-	-		-	-		TE29	4.8 	0.0 	0.0 	0.0 	0.0 	8.5 	99.0 	0.7 	29 	0.172 	0.560 	0.308 	(0)	0.000 	0.000 	#N/A	0.149 		19.3 		-	-		-	-		-	-		-	-					New England Patriots	Seattle Seahawks	0 	0.0 	0 	0.0 	3.0 	26 	0.0 	0.0 	0.0 	0.0 	0.0 	4.1 	TE23		New England Patriots	Pittsburgh Steelers	0 	0.0 	0 	0.0 	3.0 	40 	0.0 	0.0 	0.0 	0.0 	0.0 	5.5 	TE19		New England Patriots	Jacksonville Jaguars	0 	0.0 	0 	0.0 	1.0 	5 	0.0 	0.0 	0.0 	0.0 	0.0 	1.0 	TE31		New England Patriots	Buffalo Bills	0 	0.0 	0 	0.0 	5.0 	62 	0.0 	0.0 	0.0 	0.0 	0.0 	8.7 	TE15		New England Patriots	Las Vegas Raiders	0 	0.0 	0 	0.0 	3.2 	38 	0.3 	0.0 	0.0 	0.0 	0.0 	7.1 	TE17		New England Patriots	New York Jets	0 	0.0 	0 	0.0 	3.1 	36 	0.3 	0.0 	0.0 	0.0 	0.0 	6.9 	TE19		New England Patriots	Chicago Bears	0 	0.0 	0 	0.0 	2.8 	33 	0.2 	0.0 	0.0 	0.0 	0.0 	6.1 	TE24		New England Patriots	Miami Dolphins	0 	0.0 	0 	0.0 	2.8 	32 	0.2 	0.0 	0.0 	0.0 	0.0 	6.1 	TE22		New England Patriots	Green Bay Packers	0 	0.0 	0 	0.0 	2.8 	33 	0.2 	0.0 	0.0 	0.0 	0.0 	6.1 	TE25		New England Patriots	Detroit Lions	0 	0.0 	0 	0.0 	2.8 	33 	0.2 	0.0 	0.0 	0.0 	0.0 	6.1 	TE23		New England Patriots	BYE	0 	0.0 	0 	0.0 	0.0 	0 	0.0 	0.0 	0.0 	0.0 	0.0 	0.0 	-		New England Patriots	Los Angeles Chargers	0 	0.0 	0 	0.0 	2.8 	32 	0.2 	0.0 	0.0 	0.0 	0.0 	5.9 	TE26		New England Patriots	Buffalo Bills	0 	0.0 	0 	0.0 	2.9 	33 	0.2 	0.0 	0.0 	0.0 	0.0 	6.2 	TE21		New England Patriots	Minnesota Vikings	0 	0.0 	0 	0.0 	2.7 	32 	0.2 	0.0 	0.0 	0.0 	0.0 	5.9 	TE24		New England Patriots	Kansas City Chiefs	0 	0.0 	0 	0.0 	2.8 	32 	0.2 	0.0 	0.0 	0.0 	0.0 	5.9 	TE26		New England Patriots	New York Jets	0 	0.0 	0 	0.0 	2.7 	31 	0.2 	0.0 	0.0 	0.0 	0.0 	5.7 	TE26		New England Patriots	Denver Broncos	0 	0.0 	0 	0.0 	2.7 	32 	0.2 	0.0 	0.0 	0.0 	0.0 	5.9 	TE26		Actual	Actual	Actual	Actual	Forecast	Forecast	Forecast	Forecast	Forecast	Forecast	Forecast	Forecast	Forecast	Forecast	Forecast	Forecast	Forecast		Healthy	Healthy	Healthy	Healthy	Healthy	Healthy	Healthy	Healthy	Healthy	Healthy	Healthy	Healthy	Healthy	Healthy	Healthy	Healthy	Healthy		Week 5 2026	10/6/2026	7:50:59 PM	19		14%	15%	0%	0%	0%	0%		0.0 	0	0	0	0	0	0.039762 
	Malik Willis	Miami Dolphins	QB	QB28	14.3 	229 	3,310 	206.9 	15.6 	1.0 	410 	25.7 	3.1 	0.2 	0.0 	0.0 	0 	0.0 	0.0 	0.0 	9.7 	2.9 	0.0 	0.622 	0.460 	0.186 	0 	0.165 	0.000 	175 	154 	(21)	25 	21 	(4)	0.176 				-	-		-	-		-	-		-	-		16.7 	12.5 	10.0 	2.5 	14.9 	0.0 	15.5 	15.7 	16.3 	16.3 	15.2 	16.1 	14.4 	16.3 	14.9 	15.7 	16.2 		QB14	QB21	QB28	QB32	QB19	-	QB18	QB17	QB13	QB9	QB20	QB17	QB24	QB13	QB24	QB19	QB13		QB20	15.6 	216.5 	1.2 	24.9 	0.2 	0.0 	0.0 	0.0 	19 	0.732 	0.460 	0.266 	1 	0.418 	0.000 	115 	0.337 		188 		-	-		-	-		-	-		-	-		QB25	10.4 	649.6 	3.7 	74.6 	0.5 	0.0 	0.0 	0.0 	25 	0.372 	0.460 	0.186 	(0)	0.000 	0.000 	#N/A	0.098 		41.7 		-	-		-	-		-	-		-	-					Miami Dolphins	Las Vegas Raiders	220 	0.0 	39 	1.0 	0.0 	0 	0.0 	1.0 	0.0 	0.0 	0.0 	16.7 	QB14		Miami Dolphins	San Francisco 49ers	197 	1.0 	6 	0.0 	0.0 	0 	0.0 	0.0 	0.0 	0.0 	0.0 	12.5 	QB21		Miami Dolphins	Kansas City Chiefs	210 	0.0 	56 	0.0 	0.0 	0 	0.0 	1.0 	1.0 	0.0 	0.0 	10.0 	QB28		Miami Dolphins	Minnesota Vikings	85 	0.0 	11 	0.0 	0.0 	0 	0.0 	0.0 	1.0 	0.0 	0.0 	2.5 	QB32		Miami Dolphins	Cincinnati Bengals	212 	1.1 	24 	0.2 	0.0 	0 	0.0 	0.6 	0.1 	0.0 	0.0 	14.9 	QB19		Miami Dolphins	BYE	0 	0.0 	0 	0.0 	0.0 	0 	0.0 	0.0 	0.0 	0.0 	0.0 	0.0 	-		Miami Dolphins	New York Jets	209 	1.2 	27 	0.2 	0.0 	0 	0.0 	0.6 	0.1 	0.0 	0.0 	15.5 	QB18		Miami Dolphins	New England Patriots	217 	1.2 	25 	0.2 	0.0 	0 	0.0 	0.6 	0.1 	0.0 	0.0 	15.7 	QB17		Miami Dolphins	Detroit Lions	222 	1.3 	25 	0.2 	0.0 	0 	0.0 	0.6 	0.1 	0.0 	0.0 	16.3 	QB13		Miami Dolphins	Indianapolis Colts	222 	1.3 	25 	0.2 	0.0 	0 	0.0 	0.6 	0.1 	0.0 	0.0 	16.3 	QB9		Miami Dolphins	Buffalo Bills	217 	1.2 	23 	0.2 	0.0 	0 	0.0 	0.6 	0.1 	0.0 	0.0 	15.2 	QB20		Miami Dolphins	New York Jets	209 	1.2 	29 	0.2 	0.0 	0 	0.0 	0.6 	0.1 	0.0 	0.0 	16.1 	QB17		Miami Dolphins	Denver Broncos	211 	1.1 	22 	0.1 	0.0 	0 	0.0 	0.6 	0.1 	0.0 	0.0 	14.4 	QB24		Miami Dolphins	Chicago Bears	222 	1.3 	25 	0.2 	0.0 	0 	0.0 	0.6 	0.1 	0.0 	0.0 	16.3 	QB13		Miami Dolphins	Green Bay Packers	215 	1.1 	23 	0.2 	0.0 	0 	0.0 	0.6 	0.1 	0.0 	0.0 	14.9 	QB24		Miami Dolphins	Los Angeles Chargers	217 	1.2 	25 	0.2 	0.0 	0 	0.0 	0.6 	0.1 	0.0 	0.0 	15.7 	QB19		Miami Dolphins	Buffalo Bills	225 	1.3 	24 	0.2 	0.0 	0 	0.0 	0.6 	0.1 	0.0 	0.0 	16.2 	QB13		Actual	Actual	Actual	Actual	Forecast	Forecast	Forecast	Forecast	Forecast	Forecast	Forecast	Forecast	Forecast	Forecast	Forecast	Forecast	Forecast		Healthy	Healthy	Healthy	Healthy	Healthy	Healthy	Healthy	Healthy	Healthy	Healthy	Healthy	Healthy	Healthy	Healthy	Healthy	Healthy	Healthy		Week 5 2026	10/6/2026	7:50:59 PM	19		0%	0%	24%	22%	99%	99%		0.2 	0	0	0	0	0	0.239049 
	Jaylin Noel	Houston Texans	WR	WR69	5.5 	89 	0 	0.0 	0.0 	0.0 	25 	1.6 	0.0 	0.0 	33.3 	2.1 	569 	35.5 	2.1 	0.1 	0.0 	0.1 	0.0 	0.240 	1.000 	0.310 	(0)	0.000 	0.000 	176 	299 	123 	69 	93 	24 	0.176 				-	-		-	-		-	-		-	-		6.3 	4.9 	3.5 	10.4 	5.1 	5.2 	5.5 	0.0 	5.2 	5.1 	5.6 	5.5 	5.2 	5.4 	5.5 	4.9 	5.2 		WR44	WR52	WR64	WR29	WR67	WR63	WR61	-	WR68	WR63	WR62	WR74	WR66	WR71	WR73	WR75	WR74		WR74	5.3 	0.0 	0.0 	0.0 	0.0 	2.1 	31.9 	0.2 	74 	0.247 	1.000 	0.260 	(0)	0.000 	0.000 	190 	0.154 		63 		-	-		-	-		-	-		-	-		WR58	6.3 	0.0 	0.0 	0.0 	0.0 	6.3 	95.6 	0.5 	58 	0.224 	1.000 	0.420 	(0)	0.000 	0.000 	#N/A	0.223 		25.1 		-	-		-	-		-	-		-	-					Houston Texans	Buffalo Bills	0 	0.0 	0 	0.0 	2.0 	53 	0.0 	0.0 	0.0 	0.0 	0.0 	6.3 	WR44		Houston Texans	Cincinnati Bengals	0 	0.0 	13 	0.0 	1.0 	31 	0.0 	0.0 	0.0 	0.0 	0.0 	4.9 	WR52		Houston Texans	Indianapolis Colts	0 	0.0 	8 	0.0 	2.0 	17 	0.0 	0.0 	0.0 	0.0 	0.0 	3.5 	WR64		Houston Texans	Dallas Cowboys	0 	0.0 	4 	0.0 	3.0 	85 	0.0 	0.0 	0.0 	0.0 	0.0 	10.4 	WR29		Houston Texans	Tennessee Titans	0 	0.0 	0 	0.0 	2.0 	31 	0.2 	0.0 	0.0 	0.0 	0.0 	5.1 	WR67		Houston Texans	Jacksonville Jaguars	0 	0.0 	0 	0.0 	2.1 	32 	0.2 	0.0 	0.0 	0.0 	0.0 	5.2 	WR63		Houston Texans	New York Giants	0 	0.0 	0 	0.0 	2.2 	33 	0.2 	0.0 	0.0 	0.0 	0.0 	5.5 	WR61		Houston Texans	BYE	0 	0.0 	0 	0.0 	0.0 	0 	0.0 	0.0 	0.0 	0.0 	0.0 	0.0 	-		Houston Texans	Los Angeles Chargers	0 	0.0 	0 	0.0 	2.1 	32 	0.2 	0.0 	0.0 	0.0 	0.0 	5.2 	WR68		Houston Texans	Cleveland Browns	0 	0.0 	0 	0.0 	2.1 	31 	0.2 	0.0 	0.0 	0.0 	0.0 	5.1 	WR63		Houston Texans	Indianapolis Colts	0 	0.0 	0 	0.0 	2.2 	33 	0.2 	0.0 	0.0 	0.0 	0.0 	5.6 	WR62		Houston Texans	Baltimore Ravens	0 	0.0 	0 	0.0 	2.2 	33 	0.2 	0.0 	0.0 	0.0 	0.0 	5.5 	WR74		Houston Texans	Pittsburgh Steelers	0 	0.0 	0 	0.0 	2.1 	32 	0.2 	0.0 	0.0 	0.0 	0.0 	5.2 	WR66		Houston Texans	Washington Commanders	0 	0.0 	0 	0.0 	2.2 	33 	0.2 	0.0 	0.0 	0.0 	0.0 	5.4 	WR71		Houston Texans	Jacksonville Jaguars	0 	0.0 	0 	0.0 	2.2 	33 	0.2 	0.0 	0.0 	0.0 	0.0 	5.5 	WR73		Houston Texans	Philadelphia Eagles	0 	0.0 	0 	0.0 	2.0 	30 	0.1 	0.0 	0.0 	0.0 	0.0 	4.9 	WR75		Houston Texans	Green Bay Packers	0 	0.0 	0 	0.0 	2.1 	32 	0.2 	0.0 	0.0 	0.0 	0.0 	5.2 	WR74		Actual	Actual	Actual	Actual	Forecast	Forecast	Forecast	Forecast	Forecast	Forecast	Forecast	Forecast	Forecast	Forecast	Forecast	Forecast	Forecast		Healthy	Healthy	Healthy	Healthy	Healthy	Healthy	Healthy	Healthy	Healthy	Healthy	Healthy	Healthy	Healthy	Healthy	Healthy	Healthy	Healthy		Week 5 2026	10/6/2026	7:50:59 PM	19		14%	12%	0%	0%	0%	0%		(0.1)	0	0	0	0	0	(0.068537)
	Kaelon Black	San Francisco 49ers	RB	RB54	3.9 	62 	0 	0.0 	0.0 	0.0 	456 	28.5 	1.9 	0.1 	6.0 	0.4 	33 	2.0 	0.0 	0.0 	0.0 	0.9 	0.0 	0.168 	1.000 	0.341 	(1)	0.000 	0.000 	173 	158 	(15)	54 	53 	(1)	0.179 				-	-		-	-		-	-		-	-		7.5 	2.5 	1.7 	1.3 	3.7 	4.8 	4.4 	0.0 	4.8 	4.0 	4.1 	3.7 	4.1 	3.8 	3.7 	3.7 	4.0 		RB34	RB54	RB54	RB55	RB50	RB41	RB45	-	RB45	RB47	RB42	RB54	RB50	RB51	RB54	RB55	RB55		RB53	4.1 	0.0 	0.0 	28.0 	0.2 	0.4 	2.3 	0.0 	53 	0.190 	1.000 	0.354 	(1)	0.000 	0.000 	174 	0.188 		49 		-	-		-	-		-	-		-	-		RB54	3.3 	0.0 	0.0 	84.1 	0.5 	1.3 	6.9 	0.0 	54 	0.116 	1.000 	0.341 	(1)	0.000 	0.000 	#N/A	0.171 		13.0 		-	-		-	-		-	-		-	-					San Francisco 49ers	Los Angeles Rams	0 	0.0 	65 	0.0 	1.0 	5 	0.0 	0.0 	0.0 	0.0 	0.0 	7.5 	RB34		San Francisco 49ers	Miami Dolphins	0 	0.0 	25 	0.0 	0.0 	0 	0.0 	0.0 	0.0 	0.0 	0.0 	2.5 	RB54		San Francisco 49ers	Arizona Cardinals	0 	0.0 	17 	0.0 	0.0 	0 	0.0 	0.0 	0.0 	0.0 	0.0 	1.7 	RB54		San Francisco 49ers	Denver Broncos	0 	0.0 	13 	0.0 	0.0 	0 	0.0 	0.0 	0.0 	0.0 	0.0 	1.3 	RB55		San Francisco 49ers	Seattle Seahawks	0 	0.0 	26 	0.1 	0.4 	2 	0.0 	0.0 	0.1 	0.0 	0.0 	3.7 	RB50		San Francisco 49ers	Washington Commanders	0 	0.0 	33 	0.2 	0.4 	2 	0.0 	0.0 	0.1 	0.0 	0.0 	4.8 	RB41		San Francisco 49ers	Atlanta Falcons	0 	0.0 	30 	0.2 	0.4 	2 	0.0 	0.0 	0.1 	0.0 	0.0 	4.4 	RB45		San Francisco 49ers	BYE	0 	0.0 	0 	0.0 	0.0 	0 	0.0 	0.0 	0.0 	0.0 	0.0 	0.0 	-		San Francisco 49ers	Las Vegas Raiders	0 	0.0 	33 	0.2 	0.4 	2 	0.0 	0.0 	0.1 	0.0 	0.0 	4.8 	RB45		San Francisco 49ers	Dallas Cowboys	0 	0.0 	27 	0.2 	0.4 	2 	0.0 	0.0 	0.1 	0.0 	0.0 	4.0 	RB47		San Francisco 49ers	Minnesota Vikings	0 	0.0 	28 	0.2 	0.4 	2 	0.0 	0.0 	0.1 	0.0 	0.0 	4.1 	RB42		San Francisco 49ers	Seattle Seahawks	0 	0.0 	26 	0.1 	0.4 	2 	0.0 	0.0 	0.1 	0.0 	0.0 	3.7 	RB54		San Francisco 49ers	New York Giants	0 	0.0 	28 	0.2 	0.4 	2 	0.0 	0.0 	0.1 	0.0 	0.0 	4.1 	RB50		San Francisco 49ers	Los Angeles Rams	0 	0.0 	26 	0.1 	0.4 	2 	0.0 	0.0 	0.1 	0.0 	0.0 	3.8 	RB51		San Francisco 49ers	Los Angeles Chargers	0 	0.0 	26 	0.1 	0.4 	2 	0.0 	0.0 	0.1 	0.0 	0.0 	3.7 	RB54		San Francisco 49ers	Kansas City Chiefs	0 	0.0 	26 	0.1 	0.4 	2 	0.0 	0.0 	0.1 	0.0 	0.0 	3.7 	RB55		San Francisco 49ers	Philadelphia Eagles	0 	0.0 	28 	0.2 	0.4 	2 	0.0 	0.0 	0.1 	0.0 	0.0 	4.0 	RB55		Actual	Actual	Actual	Actual	Forecast	Forecast	Forecast	Forecast	Forecast	Forecast	Forecast	Forecast	Forecast	Forecast	Forecast	Forecast	Forecast		Healthy	Healthy	Healthy	Healthy	Healthy	Healthy	Healthy	Healthy	Healthy	Healthy	Healthy	Healthy	Healthy	Healthy	Healthy	Healthy	Healthy		Week 5 2026	10/6/2026	7:50:59 PM	19		1%	0%	23%	18%	0%	0%		0.0 	0	0	0	0	0	0.016882 
	Adonai Mitchell	New York Jets	WR	WR70	6.6 	86 	0 	0.0 	0.0 	0.0 	0 	0.0 	0.0 	0.0 	40.4 	3.1 	531 	40.8 	2.2 	0.2 	0.0 	0.1 	0.0 	0.235 	1.000 	0.300 	(0)	0.000 	0.000 	179 	233 	54 	70 	79 	9 	0.170 				-	-		-	-		-	-		-	-		7.5 	9.3 	0.0 	0.0 	0.0 	6.1 	6.6 	6.4 	6.2 	6.7 	6.2 	6.3 	0.0 	6.2 	6.4 	6.2 	6.2 		WR36	WR24	-	-	-	WR56	WR49	WR55	WR60	WR48	WR54	WR61	-	WR61	WR62	WR62	WR63		WR70	6.3 	0.0 	0.0 	0.0 	0.0 	2.9 	37.1 	0.2 	70 	0.271 	1.000 	0.300 	(0)	0.000 	0.000 	178 	0.176 		70 		-	-		-	-		-	-		-	-		WR82	8.4 	0.0 	0.0 	0.0 	0.0 	15.7 	204.0 	1.1 	82 	0.150 	1.000 	0.180 	(1)	0.000 	0.000 	#N/A	0.104 		16.8 		-	-		-	-		-	-		-	-					New York Jets	Tennessee Titans	0 	0.0 	0 	0.0 	3.0 	60 	0.0 	0.0 	0.0 	0.0 	0.0 	7.5 	WR36		New York Jets	Green Bay Packers	0 	0.0 	0 	0.0 	6.0 	63 	0.0 	0.0 	0.0 	0.0 	0.0 	9.3 	WR24		New York Jets	Detroit Lions	0 	0.0 	0 	0.0 	0.0 	0 	0.0 	0.0 	0.0 	0.0 	0.0 	0.0 	-		New York Jets	Chicago Bears	0 	0.0 	0 	0.0 	0.0 	0 	0.0 	0.0 	0.0 	0.0 	0.0 	0.0 	-		New York Jets	Cleveland Browns	0 	0.0 	0 	0.0 	0.0 	0 	0.0 	0.0 	0.0 	0.0 	0.0 	0.0 	-		New York Jets	New England Patriots	0 	0.0 	0 	0.0 	2.8 	36 	0.2 	0.0 	0.0 	0.0 	0.0 	6.1 	WR56		New York Jets	Miami Dolphins	0 	0.0 	0 	0.0 	2.9 	38 	0.2 	0.0 	0.0 	0.0 	0.0 	6.6 	WR49		New York Jets	Las Vegas Raiders	0 	0.0 	0 	0.0 	2.8 	37 	0.2 	0.0 	0.0 	0.0 	0.0 	6.4 	WR55		New York Jets	Kansas City Chiefs	0 	0.0 	0 	0.0 	2.8 	37 	0.2 	0.0 	0.0 	0.0 	0.0 	6.2 	WR60		New York Jets	Buffalo Bills	0 	0.0 	0 	0.0 	3.0 	39 	0.2 	0.0 	0.0 	0.0 	0.0 	6.7 	WR48		New York Jets	Los Angeles Chargers	0 	0.0 	0 	0.0 	2.8 	37 	0.2 	0.0 	0.0 	0.0 	0.0 	6.2 	WR54		New York Jets	Miami Dolphins	0 	0.0 	0 	0.0 	2.8 	37 	0.2 	0.0 	0.0 	0.0 	0.0 	6.3 	WR61		New York Jets	BYE	0 	0.0 	0 	0.0 	0.0 	0 	0.0 	0.0 	0.0 	0.0 	0.0 	0.0 	-		New York Jets	Denver Broncos	0 	0.0 	0 	0.0 	2.8 	37 	0.2 	0.0 	0.0 	0.0 	0.0 	6.2 	WR61		New York Jets	Arizona Cardinals	0 	0.0 	0 	0.0 	2.9 	37 	0.2 	0.0 	0.0 	0.0 	0.0 	6.4 	WR62		New York Jets	New England Patriots	0 	0.0 	0 	0.0 	2.8 	37 	0.2 	0.0 	0.0 	0.0 	0.0 	6.2 	WR62		New York Jets	Minnesota Vikings	0 	0.0 	0 	0.0 	2.8 	37 	0.2 	0.0 	0.0 	0.0 	0.0 	6.2 	WR63		Actual	Actual	Actual	Actual	Forecast	Forecast	Forecast	Forecast	Forecast	Forecast	Forecast	Forecast	Forecast	Forecast	Forecast	Forecast	Forecast		Healthy	Healthy	Injured	Injured	Injured	Limited / Handicapped	Healthy	Healthy	Healthy	Healthy	Healthy	Healthy	Healthy	Healthy	Healthy	Healthy	Healthy		Week 5 2026	10/6/2026	7:50:59 PM	19		17%	16%	0%	0%	0%	0%		0.1 	0	1	1	1	0	
	Kyle Pitts Sr.	Atlanta Falcons	TE	TE26	5.8 	87 	0 	0.0 	0.0 	0.0 	0 	0.0 	0.0 	0.0 	42.1 	2.8 	494 	32.9 	2.7 	0.2 	0.0 	0.1 	0.0 	0.235 	0.560 	0.338 	(0)	0.000 	0.000 	178 	73 	(105)	26 	8 	(18)	0.170 				-	-		-	-		-	-		-	-		0.0 	2.0 	1.0 	6.2 	6.5 	6.6 	6.5 	6.4 	6.8 	6.4 	0.0 	6.2 	6.7 	6.1 	6.5 	6.4 	6.4 		-	TE31	TE31	TE21	TE22	TE20	TE21	TE20	TE23	TE22	-	TE25	TE18	TE23	TE24	TE24	TE24		TE24	6.5 	0.0 	0.0 	0.0 	0.0 	3.1 	35.5 	0.2 	24 	0.302 	0.560 	0.357 	0 	0.062 	0.000 	161 	0.216 		77 		-	-		-	-		-	-		-	-		TE50	3.1 	0.0 	0.0 	0.0 	0.0 	12.4 	142.2 	0.9 	50 	0.082 	0.560 	0.094 	(1)	0.000 	0.000 	#N/A	0.050 		9.2 		-	-		-	-		-	-		-	-					Atlanta Falcons	Pittsburgh Steelers	0 	0.0 	0 	0.0 	0.0 	0 	0.0 	0.0 	0.0 	0.0 	0.0 	0.0 	-		Atlanta Falcons	Carolina Panthers	0 	0.0 	0 	0.0 	1.0 	15 	0.0 	0.0 	0.0 	0.0 	0.0 	2.0 	TE31		Atlanta Falcons	Green Bay Packers	0 	0.0 	0 	0.0 	1.0 	5 	0.0 	0.0 	0.0 	0.0 	0.0 	1.0 	TE31		Atlanta Falcons	New Orleans Saints	0 	0.0 	0 	0.0 	3.0 	47 	0.0 	0.0 	0.0 	0.0 	0.0 	6.2 	TE21		Atlanta Falcons	Baltimore Ravens	0 	0.0 	0 	0.0 	3.1 	35 	0.2 	0.0 	0.0 	0.0 	0.0 	6.5 	TE22		Atlanta Falcons	Chicago Bears	0 	0.0 	0 	0.0 	3.1 	36 	0.2 	0.0 	0.0 	0.0 	0.0 	6.6 	TE20		Atlanta Falcons	San Francisco 49ers	0 	0.0 	0 	0.0 	3.1 	36 	0.2 	0.0 	0.0 	0.0 	0.0 	6.5 	TE21		Atlanta Falcons	Tampa Bay Buccaneers	0 	0.0 	0 	0.0 	3.1 	36 	0.2 	0.0 	0.0 	0.0 	0.0 	6.4 	TE20		Atlanta Falcons	Cincinnati Bengals	0 	0.0 	0 	0.0 	3.2 	37 	0.2 	0.0 	0.0 	0.0 	0.0 	6.8 	TE23		Atlanta Falcons	Kansas City Chiefs	0 	0.0 	0 	0.0 	3.1 	35 	0.2 	0.0 	0.0 	0.0 	0.0 	6.4 	TE22		Atlanta Falcons	BYE	0 	0.0 	0 	0.0 	0.0 	0 	0.0 	0.0 	0.0 	0.0 	0.0 	0.0 	-		Atlanta Falcons	Minnesota Vikings	0 	0.0 	0 	0.0 	3.0 	35 	0.2 	0.0 	0.0 	0.0 	0.0 	6.2 	TE25		Atlanta Falcons	Detroit Lions	0 	0.0 	0 	0.0 	3.2 	37 	0.2 	0.0 	0.0 	0.0 	0.0 	6.7 	TE18		Atlanta Falcons	Cleveland Browns	0 	0.0 	0 	0.0 	2.9 	34 	0.2 	0.0 	0.0 	0.0 	0.0 	6.1 	TE23		Atlanta Falcons	Washington Commanders	0 	0.0 	0 	0.0 	3.1 	36 	0.2 	0.0 	0.0 	0.0 	0.0 	6.5 	TE24		Atlanta Falcons	Tampa Bay Buccaneers	0 	0.0 	0 	0.0 	3.1 	35 	0.2 	0.0 	0.0 	0.0 	0.0 	6.4 	TE24		Atlanta Falcons	New Orleans Saints	0 	0.0 	0 	0.0 	3.0 	35 	0.2 	0.0 	0.0 	0.0 	0.0 	6.4 	TE24		Actual	Actual	Actual	Actual	Forecast	Forecast	Forecast	Forecast	Forecast	Forecast	Forecast	Forecast	Forecast	Forecast	Forecast	Forecast	Forecast		Healthy	Healthy	Healthy	Healthy	Healthy	Healthy	Healthy	Healthy	Healthy	Healthy	Healthy	Healthy	Healthy	Healthy	Healthy	Healthy	Healthy		Week 5 2026	10/6/2026	7:50:59 PM	19		18%	18%	0%	0%	0%	0%		0.2 	0	0	0	0	0	0.166025 
	Braelon Allen	New York Jets	RB	RB56	3.9 	62 	0 	0.0 	0.0 	0.0 	375 	23.4 	3.0 	0.2 	6.0 	0.4 	45 	2.8 	0.0 	0.0 	0.0 	0.8 	0.0 	0.167 	1.000 	0.315 	(1)	0.000 	0.000 	180 	172 	(8)	56 	57 	1 	0.167 				-	-		-	-		-	-		-	-		4.0 	8.0 	3.2 	7.7 	3.7 	3.0 	3.8 	3.7 	2.7 	3.2 	2.7 	3.4 	0.0 	2.9 	3.5 	2.9 	3.1 		RB44	RB26	RB44	RB32	RB49	RB51	RB47	RB49	RB57	RB50	RB48	RB57	-	RB58	RB55	RB60	RB57		RB58	3.2 	0.0 	0.0 	21.2 	0.2 	0.0 	2.2 	0.0 	58 	0.151 	1.000 	0.289 	(1)	0.000 	0.000 	191 	0.153 		39 		-	-		-	-		-	-		-	-		RB38	5.7 	0.0 	0.0 	63.7 	0.5 	0.0 	6.6 	0.0 	38 	0.205 	1.000 	0.544 	(0)	0.000 	0.000 	#N/A	0.276 		22.9 		-	-		-	-		-	-		-	-					New York Jets	Tennessee Titans	0 	0.0 	40 	0.0 	0.0 	0 	0.0 	0.0 	0.0 	0.0 	0.0 	4.0 	RB44		New York Jets	Green Bay Packers	0 	0.0 	7 	1.0 	1.0 	8 	0.0 	0.0 	0.0 	0.0 	0.0 	8.0 	RB26		New York Jets	Detroit Lions	0 	0.0 	14 	0.0 	3.0 	3 	0.0 	0.0 	0.0 	0.0 	0.0 	3.2 	RB44		New York Jets	Chicago Bears	0 	0.0 	59 	0.0 	2.0 	8 	0.0 	0.0 	0.0 	0.0 	0.0 	7.7 	RB32		New York Jets	Cleveland Browns	0 	0.0 	24 	0.2 	0.0 	2 	0.0 	0.0 	0.1 	0.0 	0.0 	3.7 	RB49		New York Jets	New England Patriots	0 	0.0 	20 	0.2 	0.0 	2 	0.0 	0.0 	0.1 	0.0 	0.0 	3.0 	RB51		New York Jets	Miami Dolphins	0 	0.0 	25 	0.2 	0.0 	2 	0.0 	0.0 	0.1 	0.0 	0.0 	3.8 	RB47		New York Jets	Las Vegas Raiders	0 	0.0 	24 	0.2 	0.0 	2 	0.0 	0.0 	0.1 	0.0 	0.0 	3.7 	RB49		New York Jets	Kansas City Chiefs	0 	0.0 	18 	0.1 	0.0 	2 	0.0 	0.0 	0.1 	0.0 	0.0 	2.7 	RB57		New York Jets	Buffalo Bills	0 	0.0 	21 	0.2 	0.0 	2 	0.0 	0.0 	0.1 	0.0 	0.0 	3.2 	RB50		New York Jets	Los Angeles Chargers	0 	0.0 	18 	0.1 	0.0 	2 	0.0 	0.0 	0.1 	0.0 	0.0 	2.7 	RB48		New York Jets	Miami Dolphins	0 	0.0 	22 	0.2 	0.0 	2 	0.0 	0.0 	0.1 	0.0 	0.0 	3.4 	RB57		New York Jets	BYE	0 	0.0 	0 	0.0 	0.0 	0 	0.0 	0.0 	0.0 	0.0 	0.0 	0.0 	-		New York Jets	Denver Broncos	0 	0.0 	20 	0.1 	0.0 	2 	0.0 	0.0 	0.1 	0.0 	0.0 	2.9 	RB58		New York Jets	Arizona Cardinals	0 	0.0 	23 	0.2 	0.0 	2 	0.0 	0.0 	0.1 	0.0 	0.0 	3.5 	RB55		New York Jets	New England Patriots	0 	0.0 	20 	0.1 	0.0 	2 	0.0 	0.0 	0.1 	0.0 	0.0 	2.9 	RB60		New York Jets	Minnesota Vikings	0 	0.0 	21 	0.2 	0.0 	2 	0.0 	0.0 	0.1 	0.0 	0.0 	3.1 	RB57		Actual	Actual	Actual	Actual	Forecast	Forecast	Forecast	Forecast	Forecast	Forecast	Forecast	Forecast	Forecast	Forecast	Forecast	Forecast	Forecast		Healthy	Healthy	Healthy	Healthy	Healthy	Healthy	Healthy	Healthy	Healthy	Healthy	Healthy	Healthy	Healthy	Healthy	Healthy	Healthy	Healthy		Week 5 2026	10/6/2026	7:50:59 PM	19		1%	0%	21%	24%	0%	0%		(0.1)	0	0	0	0	0	(0.122660)
	Michael Pittman Jr.	Pittsburgh Steelers	WR	WR71	5.7 	86 	0 	0.0 	0.0 	0.0 	0 	0.0 	0.0 	0.0 	39.6 	2.6 	474 	31.6 	3.1 	0.2 	0.0 	0.1 	0.0 	0.232 	1.000 	0.290 	(0)	0.000 	0.000 	181 	115 	(66)	71 	46 	(25)	0.165 							-	-		-	-		-	-		7.3 	0.0 	2.6 	2.5 	6.3 	6.0 	6.2 	5.9 	0.0 	6.4 	6.0 	5.8 	5.9 	6.1 	6.2 	6.2 	6.1 		WR38	-	WR72	WR67	WR54	WR57	WR53	WR63	-	WR52	WR60	WR70	WR61	WR63	WR64	WR64	WR65		WR64	6.1 	0.0 	0.0 	0.0 	0.0 	2.7 	32.0 	0.3 	64 	0.285 	1.000 	0.360 	(0)	0.000 	0.000 	166 	0.205 		73 		-	-		-	-		-	-		-	-		WR98	4.1 	0.0 	0.0 	0.0 	0.0 	10.9 	128.2 	1.0 	98 	0.111 	1.000 	0.020 	(1)	0.000 	0.000 	#N/A	0.026 		12.4 		-	-		-	-		-	-		-	-					Pittsburgh Steelers	Atlanta Falcons	0 	0.0 	0 	0.0 	3.0 	58 	0.0 	0.0 	0.0 	0.0 	0.0 	7.3 	WR38		Pittsburgh Steelers	New England Patriots	0 	0.0 	0 	0.0 	0.0 	0 	0.0 	0.0 	0.0 	0.0 	0.0 	0.0 	-		Pittsburgh Steelers	Cincinnati Bengals	0 	0.0 	0 	0.0 	2.0 	16 	0.0 	0.0 	0.0 	0.0 	0.0 	2.6 	WR72		Pittsburgh Steelers	Cleveland Browns	0 	0.0 	0 	0.0 	2.0 	15 	0.0 	0.0 	0.0 	0.0 	0.0 	2.5 	WR67		Pittsburgh Steelers	Indianapolis Colts	0 	0.0 	0 	0.0 	2.8 	33 	0.3 	0.0 	0.0 	0.0 	0.0 	6.3 	WR54		Pittsburgh Steelers	Tampa Bay Buccaneers	0 	0.0 	0 	0.0 	2.7 	32 	0.3 	0.0 	0.0 	0.0 	0.0 	6.0 	WR57		Pittsburgh Steelers	New Orleans Saints	0 	0.0 	0 	0.0 	2.7 	32 	0.3 	0.0 	0.0 	0.0 	0.0 	6.2 	WR53		Pittsburgh Steelers	Cleveland Browns	0 	0.0 	0 	0.0 	2.6 	31 	0.3 	0.0 	0.0 	0.0 	0.0 	5.9 	WR63		Pittsburgh Steelers	BYE	0 	0.0 	0 	0.0 	0.0 	0 	0.0 	0.0 	0.0 	0.0 	0.0 	0.0 	-		Pittsburgh Steelers	Cincinnati Bengals	0 	0.0 	0 	0.0 	2.8 	33 	0.3 	0.0 	0.0 	0.0 	0.0 	6.4 	WR52		Pittsburgh Steelers	Philadelphia Eagles	0 	0.0 	0 	0.0 	2.7 	32 	0.2 	0.0 	0.0 	0.0 	0.0 	6.0 	WR60		Pittsburgh Steelers	Denver Broncos	0 	0.0 	0 	0.0 	2.6 	31 	0.2 	0.0 	0.0 	0.0 	0.0 	5.8 	WR70		Pittsburgh Steelers	Houston Texans	0 	0.0 	0 	0.0 	2.7 	32 	0.2 	0.0 	0.0 	0.0 	0.0 	5.9 	WR61		Pittsburgh Steelers	Jacksonville Jaguars	0 	0.0 	0 	0.0 	2.7 	32 	0.3 	0.0 	0.0 	0.0 	0.0 	6.1 	WR63		Pittsburgh Steelers	Baltimore Ravens	0 	0.0 	0 	0.0 	2.8 	33 	0.3 	0.0 	0.0 	0.0 	0.0 	6.2 	WR64		Pittsburgh Steelers	Carolina Panthers	0 	0.0 	0 	0.0 	2.7 	32 	0.3 	0.0 	0.0 	0.0 	0.0 	6.2 	WR64		Pittsburgh Steelers	Tennessee Titans	0 	0.0 	0 	0.0 	2.7 	32 	0.3 	0.0 	0.0 	0.0 	0.0 	6.1 	WR65		Actual	Actual	Actual	Actual	Forecast	Forecast	Forecast	Forecast	Forecast	Forecast	Forecast	Forecast	Forecast	Forecast	Forecast	Forecast	Forecast		Healthy	Injured	Healthy	Healthy	Healthy	Healthy	Healthy	Healthy	Healthy	Healthy	Healthy	Healthy	Healthy	Healthy	Healthy	Healthy	Healthy		Week 5 2026	10/6/2026	7:50:59 PM	19		14%	16%	0%	0%	0%	0%		0.2 	1	0	0	0	0	
	Oronde Gadsden II	Los Angeles Chargers	TE	TE27	5.4 	81 	0 	0.0 	0.0 	0.0 	2 	0.1 	0.0 	0.0 	38.0 	2.5 	420 	28.0 	3.4 	0.2 	0.0 	0.1 	0.0 	0.221 	0.560 	0.328 	(0)	0.000 	0.000 	182 	188 	6 	27 	24 	(3)	0.164 				-	-		-	-		-	-		-	-		4.2 	8.8 	0.0 	6.3 	4.9 	5.1 	0.0 	5.3 	5.1 	5.2 	5.0 	5.2 	5.3 	5.2 	5.4 	5.2 	5.2 		TE22	TE11	-	TE20	TE24	TE23	-	TE23	TE26	TE24	TE24	TE27	TE22	TE25	TE27	TE27	TE27		TE27	5.2 	0.0 	0.0 	0.0 	0.0 	2.4 	27.8 	0.2 	27 	0.242 	0.560 	0.328 	(0)	0.000 	0.000 	183 	0.167 		62 		-	-		-	-		-	-		-	-		TE28	6.4 	0.0 	0.0 	0.0 	0.0 	9.7 	111.2 	0.8 	28 	0.172 	0.560 	0.318 	(0)	0.000 	0.000 	#N/A	0.153 		19.3 		-	-		-	-		-	-		-	-					Los Angeles Chargers	Arizona Cardinals	0 	0.0 	0 	0.0 	2.0 	32 	0.0 	0.0 	0.0 	0.0 	0.0 	4.2 	TE22		Los Angeles Chargers	Las Vegas Raiders	0 	0.0 	0 	0.0 	2.0 	18 	1.0 	0.0 	0.0 	0.0 	0.0 	8.8 	TE11		Los Angeles Chargers	Buffalo Bills	0 	0.0 	0 	0.0 	0.0 	0 	0.0 	0.0 	0.0 	0.0 	0.0 	0.0 	-		Los Angeles Chargers	Seattle Seahawks	0 	0.0 	2 	0.0 	5.0 	36 	0.0 	0.0 	0.0 	0.0 	0.0 	6.3 	TE20		Los Angeles Chargers	Denver Broncos	0 	0.0 	0 	0.0 	2.4 	27 	0.2 	0.0 	0.0 	0.0 	0.0 	4.9 	TE24		Los Angeles Chargers	Kansas City Chiefs	0 	0.0 	0 	0.0 	2.5 	28 	0.2 	0.0 	0.0 	0.0 	0.0 	5.1 	TE23		Los Angeles Chargers	BYE	0 	0.0 	0 	0.0 	0.0 	0 	0.0 	0.0 	0.0 	0.0 	0.0 	0.0 	-		Los Angeles Chargers	Los Angeles Rams	0 	0.0 	0 	0.0 	2.5 	29 	0.2 	0.0 	0.0 	0.0 	0.0 	5.3 	TE23		Los Angeles Chargers	Houston Texans	0 	0.0 	0 	0.0 	2.4 	28 	0.2 	0.0 	0.0 	0.0 	0.0 	5.1 	TE26		Los Angeles Chargers	Baltimore Ravens	0 	0.0 	0 	0.0 	2.5 	28 	0.2 	0.0 	0.0 	0.0 	0.0 	5.2 	TE24		Los Angeles Chargers	New York Jets	0 	0.0 	0 	0.0 	2.3 	27 	0.2 	0.0 	0.0 	0.0 	0.0 	5.0 	TE24		Los Angeles Chargers	New England Patriots	0 	0.0 	0 	0.0 	2.4 	28 	0.2 	0.0 	0.0 	0.0 	0.0 	5.2 	TE27		Los Angeles Chargers	Tampa Bay Buccaneers	0 	0.0 	0 	0.0 	2.5 	28 	0.2 	0.0 	0.0 	0.0 	0.0 	5.3 	TE22		Los Angeles Chargers	Las Vegas Raiders	0 	0.0 	0 	0.0 	2.4 	27 	0.2 	0.0 	0.0 	0.0 	0.0 	5.2 	TE25		Los Angeles Chargers	San Francisco 49ers	0 	0.0 	0 	0.0 	2.5 	28 	0.2 	0.0 	0.0 	0.0 	0.0 	5.4 	TE27		Los Angeles Chargers	Miami Dolphins	0 	0.0 	0 	0.0 	2.4 	28 	0.2 	0.0 	0.0 	0.0 	0.0 	5.2 	TE27		Los Angeles Chargers	Kansas City Chiefs	0 	0.0 	0 	0.0 	2.4 	28 	0.2 	0.0 	0.0 	0.0 	0.0 	5.2 	TE27		Actual	Actual	Actual	Actual	Forecast	Forecast	Forecast	Forecast	Forecast	Forecast	Forecast	Forecast	Forecast	Forecast	Forecast	Forecast	Forecast		Healthy	Healthy	Healthy	Healthy	Healthy	Healthy	Healthy	Healthy	Healthy	Healthy	Healthy	Healthy	Healthy	Healthy	Healthy	Healthy	Healthy		Week 5 2026	10/6/2026	7:50:59 PM	19		13%	13%	0%	0%	0%	0%		0.0 	0	0	0	0	0	0.014358 
	Mike Washington Jr.	Las Vegas Raiders	RB	RB57	3.8 	61 	0 	0.0 	0.0 	0.0 	416 	26.0 	2.5 	0.2 	4.9 	0.3 	26 	1.6 	0.2 	0.0 	0.0 	0.9 	0.0 	0.165 	1.000 	0.302 	(1)	0.000 	0.000 	183 	127 	(56)	57 	43 	(14)	0.161 				-	-		-	-		-	-		-	-		4.1 	0.7 	11.4 	2.2 	3.7 	3.9 	3.2 	3.7 	3.2 	3.3 	3.0 	3.6 	0.0 	3.3 	3.4 	4.1 	4.1 		RB42	RB64	RB18	RB52	RB51	RB48	RB50	RB50	RB54	RB49	RB45	RB55	-	RB55	RB56	RB54	RB54		RB57	3.5 	0.0 	0.0 	24.7 	0.1 	0.3 	2.3 	0.0 	57 	0.166 	1.000 	0.302 	(1)	0.000 	0.000 	186 	0.161 		42 		-	-		-	-		-	-		-	-		RB46	4.6 	0.0 	0.0 	74.1 	0.4 	1.0 	6.8 	0.0 	46 	0.164 	1.000 	0.443 	(0)	0.000 	0.000 	#N/A	0.224 		18.4 		-	-		-	-		-	-		-	-					Las Vegas Raiders	Miami Dolphins	0 	0.0 	41 	0.0 	0.0 	0 	0.0 	0.0 	0.0 	0.0 	0.0 	4.1 	RB42		Las Vegas Raiders	Los Angeles Chargers	0 	0.0 	7 	0.0 	0.0 	0 	0.0 	0.0 	0.0 	0.0 	0.0 	0.7 	RB64		Las Vegas Raiders	New Orleans Saints	0 	0.0 	54 	1.0 	0.0 	0 	0.0 	0.0 	0.0 	0.0 	0.0 	11.4 	RB18		Las Vegas Raiders	Kansas City Chiefs	0 	0.0 	18 	0.0 	1.0 	(1)	0.0 	0.0 	0.0 	0.0 	0.0 	2.2 	RB52		Las Vegas Raiders	New England Patriots	0 	0.0 	25 	0.1 	0.3 	2 	0.0 	0.0 	0.1 	0.0 	0.0 	3.7 	RB51		Las Vegas Raiders	Buffalo Bills	0 	0.0 	26 	0.1 	0.3 	2 	0.0 	0.0 	0.1 	0.0 	0.0 	3.9 	RB48		Las Vegas Raiders	Los Angeles Rams	0 	0.0 	22 	0.1 	0.3 	2 	0.0 	0.0 	0.1 	0.0 	0.0 	3.2 	RB50		Las Vegas Raiders	New York Jets	0 	0.0 	26 	0.1 	0.3 	2 	0.0 	0.0 	0.1 	0.0 	0.0 	3.7 	RB50		Las Vegas Raiders	San Francisco 49ers	0 	0.0 	22 	0.1 	0.3 	2 	0.0 	0.0 	0.1 	0.0 	0.0 	3.2 	RB54		Las Vegas Raiders	Seattle Seahawks	0 	0.0 	23 	0.1 	0.3 	2 	0.0 	0.0 	0.1 	0.0 	0.0 	3.3 	RB49		Las Vegas Raiders	Denver Broncos	0 	0.0 	21 	0.1 	0.3 	2 	0.0 	0.0 	0.1 	0.0 	0.0 	3.0 	RB45		Las Vegas Raiders	Cleveland Browns	0 	0.0 	26 	0.1 	0.3 	2 	0.0 	0.0 	0.1 	0.0 	0.0 	3.6 	RB55		Las Vegas Raiders	BYE	0 	0.0 	0 	0.0 	0.0 	0 	0.0 	0.0 	0.0 	0.0 	0.0 	0.0 	-		Las Vegas Raiders	Los Angeles Chargers	0 	0.0 	23 	0.1 	0.3 	2 	0.0 	0.0 	0.1 	0.0 	0.0 	3.3 	RB55		Las Vegas Raiders	Denver Broncos	0 	0.0 	24 	0.1 	0.3 	2 	0.0 	0.0 	0.1 	0.0 	0.0 	3.4 	RB56		Las Vegas Raiders	Tennessee Titans	0 	0.0 	28 	0.2 	0.3 	2 	0.0 	0.0 	0.1 	0.0 	0.0 	4.1 	RB54		Las Vegas Raiders	Arizona Cardinals	0 	0.0 	28 	0.2 	0.3 	2 	0.0 	0.0 	0.1 	0.0 	0.0 	4.1 	RB54		Actual	Actual	Actual	Actual	Forecast	Forecast	Forecast	Forecast	Forecast	Forecast	Forecast	Forecast	Forecast	Forecast	Forecast	Forecast	Forecast		Healthy	Healthy	Healthy	Healthy	Healthy	Healthy	Healthy	Healthy	Healthy	Healthy	Healthy	Healthy	Healthy	Healthy	Healthy	Healthy	Healthy		Week 5 2026	10/6/2026	7:50:59 PM	19		1%	1%	25%	21%	0%	0%		(0.1)	0	0	0	0	0	(0.063091)
	Chris Bell	Miami Dolphins	WR	WR72	6.1 	85 	0 	0.0 	0.0 	0.0 	0 	0.0 	0.0 	0.0 	36.2 	2.6 	538 	38.4 	2.2 	0.2 	0.0 	0.1 	0.0 	0.231 	1.000 	0.280 	(0)	0.000 	0.000 	184 	231 	47 	72 	77 	5 	0.161 				-	-		-	-		-	-		-	-		3.0 	0.0 	8.7 	0.0 	5.9 	0.0 	5.9 	6.1 	6.3 	6.3 	6.1 	6.0 	5.9 	6.3 	6.0 	6.1 	6.4 		WR76	-	WR37	-	WR60	-	WR56	WR59	WR58	WR54	WR56	WR68	WR63	WR58	WR67	WR66	WR59		WR63	6.1 	0.0 	0.0 	0.0 	0.0 	2.6 	37.2 	0.2 	63 	0.286 	1.000 	0.370 	(0)	0.000 	0.000 	164 	0.209 		73 		-	-		-	-		-	-		-	-		WR99	5.9 	0.0 	0.0 	0.0 	0.0 	15.6 	223.1 	1.1 	99 	0.105 	1.000 	0.010 	(1)	0.000 	0.000 	#N/A	0.020 		11.7 		-	-		-	-		-	-		-	-					Miami Dolphins	Las Vegas Raiders	0 	0.0 	0 	0.0 	1.0 	25 	0.0 	0.0 	0.0 	0.0 	0.0 	3.0 	WR76		Miami Dolphins	San Francisco 49ers	0 	0.0 	0 	0.0 	0.0 	0 	0.0 	0.0 	0.0 	0.0 	0.0 	0.0 	-		Miami Dolphins	Kansas City Chiefs	0 	0.0 	0 	0.0 	4.0 	67 	0.0 	0.0 	0.0 	0.0 	0.0 	8.7 	WR37		Miami Dolphins	Minnesota Vikings	0 	0.0 	0 	0.0 	0.0 	0 	0.0 	0.0 	0.0 	0.0 	0.0 	0.0 	-		Miami Dolphins	Cincinnati Bengals	0 	0.0 	0 	0.0 	2.5 	36 	0.2 	0.0 	0.0 	0.0 	0.0 	5.9 	WR60		Miami Dolphins	BYE	0 	0.0 	0 	0.0 	0.0 	0 	0.0 	0.0 	0.0 	0.0 	0.0 	0.0 	-		Miami Dolphins	New York Jets	0 	0.0 	0 	0.0 	2.5 	36 	0.2 	0.0 	0.0 	0.0 	0.0 	5.9 	WR56		Miami Dolphins	New England Patriots	0 	0.0 	0 	0.0 	2.6 	37 	0.2 	0.0 	0.0 	0.0 	0.0 	6.1 	WR59		Miami Dolphins	Detroit Lions	0 	0.0 	0 	0.0 	2.7 	38 	0.2 	0.0 	0.0 	0.0 	0.0 	6.3 	WR58		Miami Dolphins	Indianapolis Colts	0 	0.0 	0 	0.0 	2.7 	38 	0.2 	0.0 	0.0 	0.0 	0.0 	6.3 	WR54		Miami Dolphins	Buffalo Bills	0 	0.0 	0 	0.0 	2.6 	37 	0.2 	0.0 	0.0 	0.0 	0.0 	6.1 	WR56		Miami Dolphins	New York Jets	0 	0.0 	0 	0.0 	2.5 	36 	0.2 	0.0 	0.0 	0.0 	0.0 	6.0 	WR68		Miami Dolphins	Denver Broncos	0 	0.0 	0 	0.0 	2.5 	36 	0.2 	0.0 	0.0 	0.0 	0.0 	5.9 	WR63		Miami Dolphins	Chicago Bears	0 	0.0 	0 	0.0 	2.7 	38 	0.2 	0.0 	0.0 	0.0 	0.0 	6.3 	WR58		Miami Dolphins	Green Bay Packers	0 	0.0 	0 	0.0 	2.6 	37 	0.2 	0.0 	0.0 	0.0 	0.0 	6.0 	WR67		Miami Dolphins	Los Angeles Chargers	0 	0.0 	0 	0.0 	2.6 	37 	0.2 	0.0 	0.0 	0.0 	0.0 	6.1 	WR66		Miami Dolphins	Buffalo Bills	0 	0.0 	0 	0.0 	2.7 	39 	0.2 	0.0 	0.0 	0.0 	0.0 	6.4 	WR59		Actual	Actual	Actual	Actual	Forecast	Forecast	Forecast	Forecast	Forecast	Forecast	Forecast	Forecast	Forecast	Forecast	Forecast	Forecast	Forecast		Healthy	Healthy	Healthy	Healthy	Healthy	Healthy	Healthy	Healthy	Healthy	Healthy	Healthy	Healthy	Healthy	Healthy	Healthy	Healthy	Healthy		Week 5 2026	10/6/2026	7:50:59 PM	19		17%	15%	0%	0%	0%	0%		0.2 	0	0	0	0	0	0.189203 
	AJ Barner	Seattle Seahawks	TE	TE28	4.6 	73 	0 	0.0 	0.0 	0.0 	1 	0.1 	1.0 	0.1 	35.2 	2.2 	393 	24.5 	1.7 	0.1 	0.0 	0.1 	0.0 	0.198 	0.560 	0.318 	(0)	0.000 	0.000 	185 	196 	11 	28 	26 	(2)	0.157 				-	-		-	-		-	-		-	-		2.3 	7.4 	9.4 	1.7 	4.4 	4.2 	4.4 	4.4 	4.5 	4.3 	0.0 	4.3 	4.5 	4.4 	4.2 	4.4 	4.2 		TE30	TE16	TE12	TE32	TE30	TE28	TE28	TE29	TE31	TE29	-	TE33	TE26	TE31	TE33	TE32	TE33		TE33	4.3 	0.0 	0.0 	0.0 	0.0 	2.2 	24.2 	0.1 	33 	0.203 	0.560 	0.269 	(0)	0.000 	0.000 	200 	0.138 		52 		-	-		-	-		-	-		-	-		TE27	5.2 	0.0 	0.0 	0.0 	0.0 	6.5 	72.7 	0.4 	27 	0.186 	0.560 	0.328 	(0)	0.000 	0.000 	#N/A	0.159 		20.8 		-	-		-	-		-	-		-	-					Seattle Seahawks	New England Patriots	0 	0.0 	0 	0.0 	2.0 	13 	0.0 	0.0 	0.0 	0.0 	0.0 	2.3 	TE30		Seattle Seahawks	Arizona Cardinals	0 	0.0 	1 	1.0 	1.0 	8 	0.0 	0.0 	0.0 	0.0 	0.0 	7.4 	TE16		Seattle Seahawks	Washington Commanders	0 	0.0 	0 	0.0 	5.0 	69 	0.0 	0.0 	0.0 	0.0 	0.0 	9.4 	TE12		Seattle Seahawks	Los Angeles Chargers	0 	0.0 	0 	0.0 	1.0 	12 	0.0 	0.0 	0.0 	0.0 	0.0 	1.7 	TE32		Seattle Seahawks	San Francisco 49ers	0 	0.0 	0 	0.0 	2.2 	25 	0.1 	0.0 	0.0 	0.0 	0.0 	4.4 	TE30		Seattle Seahawks	Denver Broncos	0 	0.0 	0 	0.0 	2.1 	24 	0.1 	0.0 	0.0 	0.0 	0.0 	4.2 	TE28		Seattle Seahawks	Kansas City Chiefs	0 	0.0 	0 	0.0 	2.2 	24 	0.1 	0.0 	0.0 	0.0 	0.0 	4.4 	TE28		Seattle Seahawks	Chicago Bears	0 	0.0 	0 	0.0 	2.2 	25 	0.1 	0.0 	0.0 	0.0 	0.0 	4.4 	TE29		Seattle Seahawks	Arizona Cardinals	0 	0.0 	0 	0.0 	2.2 	25 	0.2 	0.0 	0.0 	0.0 	0.0 	4.5 	TE31		Seattle Seahawks	Las Vegas Raiders	0 	0.0 	0 	0.0 	2.1 	24 	0.1 	0.0 	0.0 	0.0 	0.0 	4.3 	TE29		Seattle Seahawks	BYE	0 	0.0 	0 	0.0 	0.0 	0 	0.0 	0.0 	0.0 	0.0 	0.0 	0.0 	-		Seattle Seahawks	San Francisco 49ers	0 	0.0 	0 	0.0 	2.2 	24 	0.1 	0.0 	0.0 	0.0 	0.0 	4.3 	TE33		Seattle Seahawks	Dallas Cowboys	0 	0.0 	0 	0.0 	2.2 	25 	0.1 	0.0 	0.0 	0.0 	0.0 	4.5 	TE26		Seattle Seahawks	New York Giants	0 	0.0 	0 	0.0 	2.2 	24 	0.1 	0.0 	0.0 	0.0 	0.0 	4.4 	TE31		Seattle Seahawks	Philadelphia Eagles	0 	0.0 	0 	0.0 	2.1 	24 	0.1 	0.0 	0.0 	0.0 	0.0 	4.2 	TE33		Seattle Seahawks	Los Angeles Rams	0 	0.0 	0 	0.0 	2.2 	25 	0.1 	0.0 	0.0 	0.0 	0.0 	4.4 	TE32		Seattle Seahawks	Carolina Panthers	0 	0.0 	0 	0.0 	2.1 	24 	0.1 	0.0 	0.0 	0.0 	0.0 	4.2 	TE33		Actual	Actual	Actual	Actual	Forecast	Forecast	Forecast	Forecast	Forecast	Forecast	Forecast	Forecast	Forecast	Forecast	Forecast	Forecast	Forecast		Healthy	Healthy	Healthy	Healthy	Healthy	Healthy	Healthy	Healthy	Healthy	Healthy	Healthy	Healthy	Healthy	Healthy	Healthy	Healthy	Healthy		Week 5 2026	10/6/2026	7:50:59 PM	19		10%	8%	0%	0%	0%	0%		(0.0)	0	0	0	0	0	(0.021063)
	Xavier Hutchinson	Houston Texans	WR	WR73	5.2 	83 	0 	0.0 	0.0 	0.0 	4 	0.3 	0.0 	0.0 	38.7 	2.4 	521 	32.6 	1.9 	0.1 	0.0 	0.1 	0.0 	0.226 	1.000 	0.270 	(0)	0.000 	0.000 	186 	0 	(186)	73 	0 	(73)	0.155 																4.7 	5.2 	7.0 	6.1 	4.9 	5.0 	5.2 	0.0 	5.0 	4.9 	5.3 	5.2 	5.0 	5.2 	5.2 	4.6 	4.9 		WR56	WR47	WR43	WR49	WR68	WR65	WR63	-	WR70	WR65	WR63	WR76	WR67	WR73	WR75	WR77	WR77		WR76	5.0 	0.0 	0.0 	0.0 	0.0 	2.2 	29.6 	0.2 	76 	0.235 	1.000 	0.240 	(0)	0.000 	0.000 	196 	0.143 		60 		-	-		-	-		-	-		-	-		WR64	5.8 	0.0 	0.0 	0.0 	0.0 	6.7 	88.8 	0.5 	64 	0.205 	1.000 	0.360 	(0)	0.000 	0.000 	#N/A	0.193 		23.0 		-	-		-	-		-	-		-	-					Houston Texans	Buffalo Bills	0 	0.0 	0 	0.0 	3.0 	32 	0.0 	0.0 	0.0 	0.0 	0.0 	4.7 	WR56		Houston Texans	Cincinnati Bengals	0 	0.0 	0 	0.0 	3.0 	37 	0.0 	0.0 	0.0 	0.0 	0.0 	5.2 	WR47		Houston Texans	Indianapolis Colts	0 	0.0 	4 	0.0 	3.0 	51 	0.0 	0.0 	0.0 	0.0 	0.0 	7.0 	WR43		Houston Texans	Dallas Cowboys	0 	0.0 	0 	0.0 	3.0 	46 	0.0 	0.0 	0.0 	0.0 	0.0 	6.1 	WR49		Houston Texans	Tennessee Titans	0 	0.0 	0 	0.0 	2.2 	29 	0.2 	0.0 	0.0 	0.0 	0.0 	4.9 	WR68		Houston Texans	Jacksonville Jaguars	0 	0.0 	0 	0.0 	2.2 	29 	0.2 	0.0 	0.0 	0.0 	0.0 	5.0 	WR65		Houston Texans	New York Giants	0 	0.0 	0 	0.0 	2.3 	30 	0.2 	0.0 	0.0 	0.0 	0.0 	5.2 	WR63		Houston Texans	BYE	0 	0.0 	0 	0.0 	0.0 	0 	0.0 	0.0 	0.0 	0.0 	0.0 	0.0 	-		Houston Texans	Los Angeles Chargers	0 	0.0 	0 	0.0 	2.2 	30 	0.2 	0.0 	0.0 	0.0 	0.0 	5.0 	WR70		Houston Texans	Cleveland Browns	0 	0.0 	0 	0.0 	2.2 	29 	0.2 	0.0 	0.0 	0.0 	0.0 	4.9 	WR65		Houston Texans	Indianapolis Colts	0 	0.0 	0 	0.0 	2.3 	31 	0.2 	0.0 	0.0 	0.0 	0.0 	5.3 	WR63		Houston Texans	Baltimore Ravens	0 	0.0 	0 	0.0 	2.3 	30 	0.2 	0.0 	0.0 	0.0 	0.0 	5.2 	WR76		Houston Texans	Pittsburgh Steelers	0 	0.0 	0 	0.0 	2.2 	29 	0.2 	0.0 	0.0 	0.0 	0.0 	5.0 	WR67		Houston Texans	Washington Commanders	0 	0.0 	0 	0.0 	2.3 	30 	0.2 	0.0 	0.0 	0.0 	0.0 	5.2 	WR73		Houston Texans	Jacksonville Jaguars	0 	0.0 	0 	0.0 	2.3 	30 	0.2 	0.0 	0.0 	0.0 	0.0 	5.2 	WR75		Houston Texans	Philadelphia Eagles	0 	0.0 	0 	0.0 	2.1 	28 	0.1 	0.0 	0.0 	0.0 	0.0 	4.6 	WR77		Houston Texans	Green Bay Packers	0 	0.0 	0 	0.0 	2.2 	29 	0.2 	0.0 	0.0 	0.0 	0.0 	4.9 	WR77		Actual	Actual	Actual	Actual	Forecast	Forecast	Forecast	Forecast	Forecast	Forecast	Forecast	Forecast	Forecast	Forecast	Forecast	Forecast	Forecast		Healthy	Healthy	Healthy	Healthy	Healthy	Healthy	Healthy	Healthy	Healthy	Healthy	Healthy	Healthy	Healthy	Healthy	Healthy	Healthy	Healthy		Week 5 2026	10/6/2026	7:50:59 PM	19		13%	11%	0%	0%	0%	0%		(0.0)	0	0	0	0	0	(0.049531)
	Gunnar Helm	Tennessee Titans	TE	TE30	4.5 	72 	0 	0.0 	0.0 	0.0 	0 	0.0 	0.0 	0.0 	47.3 	3.0 	359 	22.4 	1.7 	0.1 	0.0 	0.1 	0.0 	0.194 	0.560 	0.299 	(0)	0.000 	0.000 	191 	261 	70 	30 	30 	0 	0.149 				-	-		-	-		-	-		-	-		4.8 	2.3 	2.4 	3.0 	4.5 	4.9 	4.8 	5.1 	0.0 	4.9 	5.1 	5.0 	5.0 	5.1 	5.1 	4.8 	4.8 		TE21	TE28	TE26	TE25	TE28	TE24	TE25	TE24	-	TE25	TE23	TE28	TE23	TE26	TE28	TE29	TE29		TE28	4.9 	0.0 	0.0 	0.0 	0.0 	3.2 	24.9 	0.1 	28 	0.230 	0.560 	0.318 	(0)	0.000 	0.000 	185 	0.162 		59 		-	-		-	-		-	-		-	-		TE40	3.1 	0.0 	0.0 	0.0 	0.0 	9.6 	74.6 	0.4 	40 	0.112 	0.560 	0.198 	(1)	0.000 	0.000 	#N/A	0.096 		12.5 		-	-		-	-		-	-		-	-					Tennessee Titans	New York Jets	0 	0.0 	0 	0.0 	4.0 	28 	0.0 	0.0 	0.0 	0.0 	0.0 	4.8 	TE21		Tennessee Titans	Philadelphia Eagles	0 	0.0 	0 	0.0 	2.0 	13 	0.0 	0.0 	0.0 	0.0 	0.0 	2.3 	TE28		Tennessee Titans	New York Giants	0 	0.0 	0 	0.0 	2.0 	14 	0.0 	0.0 	0.0 	0.0 	0.0 	2.4 	TE26		Tennessee Titans	Baltimore Ravens	0 	0.0 	0 	0.0 	1.0 	5 	0.0 	0.0 	0.0 	0.0 	1.0 	3.0 	TE25		Tennessee Titans	Houston Texans	0 	0.0 	0 	0.0 	3.0 	23 	0.1 	0.0 	0.0 	0.0 	0.0 	4.5 	TE28		Tennessee Titans	Indianapolis Colts	0 	0.0 	0 	0.0 	3.2 	25 	0.1 	0.0 	0.0 	0.0 	0.0 	4.9 	TE24		Tennessee Titans	Cleveland Browns	0 	0.0 	0 	0.0 	3.1 	24 	0.1 	0.0 	0.0 	0.0 	0.0 	4.8 	TE25		Tennessee Titans	Cincinnati Bengals	0 	0.0 	0 	0.0 	3.3 	26 	0.2 	0.0 	0.0 	0.0 	0.0 	5.1 	TE24		Tennessee Titans	BYE	0 	0.0 	0 	0.0 	0.0 	0 	0.0 	0.0 	0.0 	0.0 	0.0 	0.0 	-		Tennessee Titans	Jacksonville Jaguars	0 	0.0 	0 	0.0 	3.2 	25 	0.1 	0.0 	0.0 	0.0 	0.0 	4.9 	TE25		Tennessee Titans	Dallas Cowboys	0 	0.0 	0 	0.0 	3.3 	26 	0.1 	0.0 	0.0 	0.0 	0.0 	5.1 	TE23		Tennessee Titans	Jacksonville Jaguars	0 	0.0 	0 	0.0 	3.2 	25 	0.1 	0.0 	0.0 	0.0 	0.0 	5.0 	TE28		Tennessee Titans	Washington Commanders	0 	0.0 	0 	0.0 	3.2 	25 	0.2 	0.0 	0.0 	0.0 	0.0 	5.0 	TE23		Tennessee Titans	Detroit Lions	0 	0.0 	0 	0.0 	3.3 	26 	0.1 	0.0 	0.0 	0.0 	0.0 	5.1 	TE26		Tennessee Titans	Indianapolis Colts	0 	0.0 	0 	0.0 	3.3 	25 	0.2 	0.0 	0.0 	0.0 	0.0 	5.1 	TE28		Tennessee Titans	Las Vegas Raiders	0 	0.0 	0 	0.0 	3.1 	24 	0.1 	0.0 	0.0 	0.0 	0.0 	4.8 	TE29		Tennessee Titans	Pittsburgh Steelers	0 	0.0 	0 	0.0 	3.1 	24 	0.1 	0.0 	0.0 	0.0 	0.0 	4.8 	TE29		Actual	Actual	Actual	Actual	Forecast	Forecast	Forecast	Forecast	Forecast	Forecast	Forecast	Forecast	Forecast	Forecast	Forecast	Forecast	Forecast		Healthy	Healthy	Healthy	Healthy	Healthy	Healthy	Healthy	Healthy	Healthy	Healthy	Healthy	Healthy	Healthy	Healthy	Healthy	Healthy	Healthy		Week 5 2026	10/6/2026	7:50:59 PM	19		11%	10%	0%	0%	0%	0%		0.1 	0	0	0	0	0	0.065811 
	Jonathon Brooks	Carolina Panthers	RB	RB58	4.7 	51 	0 	0.0 	0.0 	0.0 	262 	23.8 	1.5 	0.1 	9.7 	0.9 	104 	9.5 	0.4 	0.0 	0.0 	0.7 	0.0 	0.139 	1.000 	0.289 	(1)	0.000 	0.000 	188 	80 	(108)	58 	31 	(27)	0.151 				-	-		-	-		-	-		-	-		6.7 	1.6 	0.0 	0.0 	0.0 	0.0 	0.0 	0.0 	4.7 	4.9 	4.8 	4.7 	4.6 	5.3 	5.1 	4.5 	4.3 		RB36	RB58	-	-	-	-	-	-	RB46	RB44	RB39	RB53	RB46	RB46	RB46	RB51	RB53		RB56	4.8 	0.0 	0.0 	25.7 	0.2 	0.9 	6.8 	0.0 	56 	0.167 	1.000 	0.315 	(1)	0.000 	0.000 	184 	0.167 		43 		-	-		-	-		-	-		-	-		RB70	4.2 	0.0 	0.0 	115.8 	0.7 	3.8 	30.7 	0.2 	70 	0.074 	1.000 	0.134 	(1)	0.000 	0.000 	#N/A	0.072 		8.3 		-	-		-	-		-	-		-	-					Carolina Panthers	Chicago Bears	0 	0.0 	14 	0.0 	1.0 	48 	0.0 	0.0 	0.0 	0.0 	0.0 	6.7 	RB36		Carolina Panthers	Atlanta Falcons	0 	0.0 	16 	0.0 	1.0 	(5)	0.0 	0.0 	0.0 	0.0 	0.0 	1.6 	RB58		Carolina Panthers	Cleveland Browns	0 	0.0 	0 	0.0 	0.0 	0 	0.0 	0.0 	0.0 	0.0 	0.0 	0.0 	-		Carolina Panthers	Detroit Lions	0 	0.0 	0 	0.0 	0.0 	0 	0.0 	0.0 	0.0 	0.0 	0.0 	0.0 	-		Carolina Panthers	BYE	0 	0.0 	0 	0.0 	0.0 	0 	0.0 	0.0 	0.0 	0.0 	0.0 	0.0 	-		Carolina Panthers	Philadelphia Eagles	0 	0.0 	0 	0.0 	0.0 	0 	0.0 	0.0 	0.0 	0.0 	0.0 	0.0 	-		Carolina Panthers	Tampa Bay Buccaneers	0 	0.0 	0 	0.0 	0.0 	0 	0.0 	0.0 	0.0 	0.0 	0.0 	0.0 	-		Carolina Panthers	Green Bay Packers	0 	0.0 	0 	0.0 	0.0 	0 	0.0 	0.0 	0.0 	0.0 	0.0 	0.0 	-		Carolina Panthers	Denver Broncos	0 	0.0 	26 	0.2 	0.8 	7 	0.0 	0.0 	0.1 	0.0 	0.0 	4.7 	RB46		Carolina Panthers	New Orleans Saints	0 	0.0 	27 	0.2 	0.8 	7 	0.0 	0.0 	0.1 	0.0 	0.0 	4.9 	RB44		Carolina Panthers	Baltimore Ravens	0 	0.0 	25 	0.2 	0.9 	7 	0.0 	0.0 	0.1 	0.0 	0.0 	4.8 	RB39		Carolina Panthers	Tampa Bay Buccaneers	0 	0.0 	25 	0.2 	0.9 	7 	0.0 	0.0 	0.1 	0.0 	0.0 	4.7 	RB53		Carolina Panthers	Minnesota Vikings	0 	0.0 	25 	0.2 	0.8 	7 	0.0 	0.0 	0.1 	0.0 	0.0 	4.6 	RB46		Carolina Panthers	New Orleans Saints	0 	0.0 	29 	0.2 	0.9 	7 	0.0 	0.0 	0.1 	0.0 	0.0 	5.3 	RB46		Carolina Panthers	Cincinnati Bengals	0 	0.0 	27 	0.2 	0.9 	7 	0.0 	0.0 	0.1 	0.0 	0.0 	5.1 	RB46		Carolina Panthers	Pittsburgh Steelers	0 	0.0 	24 	0.1 	0.8 	7 	0.0 	0.0 	0.1 	0.0 	0.0 	4.5 	RB51		Carolina Panthers	Seattle Seahawks	0 	0.0 	23 	0.1 	0.8 	7 	0.0 	0.0 	0.1 	0.0 	0.0 	4.3 	RB53		Actual	Actual	Actual	Actual	Forecast	Forecast	Forecast	Forecast	Forecast	Forecast	Forecast	Forecast	Forecast	Forecast	Forecast	Forecast	Forecast		Healthy	Healthy	Injured	Injured	Injured	Injured	Injured	Injured	Healthy	Healthy	Healthy	Healthy	Healthy	Healthy	Healthy	Healthy	Healthy		Week 5 2026	10/6/2026	7:50:59 PM	19		3%	3%	25%	24%	0%	0%		0.1 	0	1	1	1	1	
	Isaiah Williams	New York Jets	WR	WR74	5.0 	80 	0 	0.0 	0.0 	0.0 	63 	3.9 	0.0 	0.0 	36.6 	2.3 	398 	24.9 	2.7 	0.2 	0.0 	0.1 	0.0 	0.218 	1.000 	0.260 	(1)	0.000 	0.000 	190 	0 	(190)	74 	0 	(74)	0.150 																1.2 	7.8 	2.6 	14.3 	4.6 	4.5 	4.7 	4.6 	4.4 	4.7 	4.4 	4.5 	0.0 	4.4 	4.6 	4.4 	4.5 		WR86	WR29	WR72	WR15	WR70	WR66	WR65	WR68	WR72	WR66	WR67	WR78	-	WR74	WR78	WR78	WR78		WR78	4.5 	0.0 	0.0 	4.0 	0.0 	2.2 	21.9 	0.1 	78 	0.212 	1.000 	0.220 	(1)	0.000 	0.000 	202 	0.131 		54 		-	-		-	-		-	-		-	-		WR57	6.5 	0.0 	0.0 	12.1 	0.0 	6.6 	65.7 	0.4 	57 	0.231 	1.000 	0.430 	(0)	0.000 	0.000 	#N/A	0.228 		25.9 		-	-		-	-		-	-		-	-					New York Jets	Tennessee Titans	0 	0.0 	0 	0.0 	1.0 	7 	0.0 	0.0 	0.0 	0.0 	0.0 	1.2 	WR86		New York Jets	Green Bay Packers	0 	0.0 	14 	0.0 	6.0 	34 	0.0 	0.0 	0.0 	0.0 	0.0 	7.8 	WR29		New York Jets	Detroit Lions	0 	0.0 	0 	0.0 	1.0 	21 	0.0 	0.0 	0.0 	0.0 	0.0 	2.6 	WR72		New York Jets	Chicago Bears	0 	0.0 	0 	0.0 	2.0 	73 	1.0 	0.0 	0.0 	0.0 	0.0 	14.3 	WR15		New York Jets	Cleveland Browns	0 	0.0 	5 	0.0 	2.2 	22 	0.2 	0.0 	0.0 	0.0 	0.0 	4.6 	WR70		New York Jets	New England Patriots	0 	0.0 	4 	0.0 	2.2 	22 	0.1 	0.0 	0.0 	0.0 	0.0 	4.5 	WR66		New York Jets	Miami Dolphins	0 	0.0 	5 	0.0 	2.2 	22 	0.2 	0.0 	0.0 	0.0 	0.0 	4.7 	WR65		New York Jets	Las Vegas Raiders	0 	0.0 	5 	0.0 	2.2 	22 	0.2 	0.0 	0.0 	0.0 	0.0 	4.6 	WR68		New York Jets	Kansas City Chiefs	0 	0.0 	3 	0.0 	2.2 	22 	0.1 	0.0 	0.0 	0.0 	0.0 	4.4 	WR72		New York Jets	Buffalo Bills	0 	0.0 	4 	0.0 	2.3 	23 	0.2 	0.0 	0.0 	0.0 	0.0 	4.7 	WR66		New York Jets	Los Angeles Chargers	0 	0.0 	3 	0.0 	2.2 	22 	0.1 	0.0 	0.0 	0.0 	0.0 	4.4 	WR67		New York Jets	Miami Dolphins	0 	0.0 	4 	0.0 	2.2 	22 	0.1 	0.0 	0.0 	0.0 	0.0 	4.5 	WR78		New York Jets	BYE	0 	0.0 	0 	0.0 	0.0 	0 	0.0 	0.0 	0.0 	0.0 	0.0 	0.0 	-		New York Jets	Denver Broncos	0 	0.0 	4 	0.0 	2.2 	22 	0.1 	0.0 	0.0 	0.0 	0.0 	4.4 	WR74		New York Jets	Arizona Cardinals	0 	0.0 	4 	0.0 	2.2 	22 	0.1 	0.0 	0.0 	0.0 	0.0 	4.6 	WR78		New York Jets	New England Patriots	0 	0.0 	4 	0.0 	2.2 	22 	0.1 	0.0 	0.0 	0.0 	0.0 	4.4 	WR78		New York Jets	Minnesota Vikings	0 	0.0 	4 	0.0 	2.2 	22 	0.1 	0.0 	0.0 	0.0 	0.0 	4.5 	WR78		Actual	Actual	Actual	Actual	Forecast	Forecast	Forecast	Forecast	Forecast	Forecast	Forecast	Forecast	Forecast	Forecast	Forecast	Forecast	Forecast		Healthy	Healthy	Healthy	Healthy	Healthy	Healthy	Healthy	Healthy	Healthy	Healthy	Healthy	Healthy	Healthy	Healthy	Healthy	Healthy	Healthy		Week 5 2026	10/6/2026	7:50:59 PM	19		10%	11%	4%	0%	0%	0%		(0.1)	0	0	0	0	0	(0.097390)
	Evan Engram	Denver Broncos	TE	TE29	4.8 	72 	0 	0.0 	0.0 	0.0 	0 	0.0 	0.0 	0.0 	33.5 	2.2 	363 	24.2 	3.1 	0.2 	0.0 	0.1 	0.0 	0.195 	0.560 	0.308 	(0)	0.000 	0.000 	187 	286 	99 	29 	35 	6 	0.153 																12.3 	2.2 	0.0 	1.1 	4.8 	4.6 	4.8 	4.7 	4.7 	0.0 	4.7 	4.5 	4.7 	4.6 	4.7 	4.8 	4.5 		TE8	TE29	-	TE35	TE25	TE26	TE26	TE25	TE28	-	TE26	TE30	TE24	TE28	TE29	TE28	TE31		TE29	4.7 	0.0 	0.0 	0.0 	0.0 	2.3 	24.8 	0.2 	29 	0.219 	0.560 	0.308 	(0)	0.000 	0.000 	189 	0.156 		56 		-	-		-	-		-	-		-	-		TE32	5.2 	0.0 	0.0 	0.0 	0.0 	9.2 	99.1 	0.7 	32 	0.139 	0.560 	0.279 	(1)	0.000 	0.000 	#N/A	0.132 		15.6 		-	-		-	-		-	-		-	-					Denver Broncos	Kansas City Chiefs	0 	0.0 	0 	0.0 	4.0 	43 	1.0 	0.0 	0.0 	0.0 	0.0 	12.3 	TE8		Denver Broncos	Jacksonville Jaguars	0 	0.0 	0 	0.0 	1.0 	17 	0.0 	0.0 	0.0 	0.0 	0.0 	2.2 	TE29		Denver Broncos	Los Angeles Rams	0 	0.0 	0 	0.0 	0.0 	0 	0.0 	0.0 	0.0 	0.0 	0.0 	0.0 	-		Denver Broncos	San Francisco 49ers	0 	0.0 	0 	0.0 	1.0 	6 	0.0 	0.0 	0.0 	0.0 	0.0 	1.1 	TE35		Denver Broncos	Los Angeles Chargers	0 	0.0 	0 	0.0 	2.3 	25 	0.2 	0.0 	0.0 	0.0 	0.0 	4.8 	TE25		Denver Broncos	Seattle Seahawks	0 	0.0 	0 	0.0 	2.3 	25 	0.2 	0.0 	0.0 	0.0 	0.0 	4.6 	TE26		Denver Broncos	Arizona Cardinals	0 	0.0 	0 	0.0 	2.3 	25 	0.2 	0.0 	0.0 	0.0 	0.0 	4.8 	TE26		Denver Broncos	Kansas City Chiefs	0 	0.0 	0 	0.0 	2.3 	25 	0.2 	0.0 	0.0 	0.0 	0.0 	4.7 	TE25		Denver Broncos	Carolina Panthers	0 	0.0 	0 	0.0 	2.3 	25 	0.2 	0.0 	0.0 	0.0 	0.0 	4.7 	TE28		Denver Broncos	BYE	0 	0.0 	0 	0.0 	0.0 	0 	0.0 	0.0 	0.0 	0.0 	0.0 	0.0 	-		Denver Broncos	Las Vegas Raiders	0 	0.0 	0 	0.0 	2.3 	25 	0.2 	0.0 	0.0 	0.0 	0.0 	4.7 	TE26		Denver Broncos	Pittsburgh Steelers	0 	0.0 	0 	0.0 	2.2 	24 	0.2 	0.0 	0.0 	0.0 	0.0 	4.5 	TE30		Denver Broncos	Miami Dolphins	0 	0.0 	0 	0.0 	2.3 	25 	0.2 	0.0 	0.0 	0.0 	0.0 	4.7 	TE24		Denver Broncos	New York Jets	0 	0.0 	0 	0.0 	2.3 	24 	0.2 	0.0 	0.0 	0.0 	0.0 	4.6 	TE28		Denver Broncos	Las Vegas Raiders	0 	0.0 	0 	0.0 	2.3 	25 	0.2 	0.0 	0.0 	0.0 	0.0 	4.7 	TE29		Denver Broncos	Buffalo Bills	0 	0.0 	0 	0.0 	2.4 	26 	0.2 	0.0 	0.0 	0.0 	0.0 	4.8 	TE28		Denver Broncos	New England Patriots	0 	0.0 	0 	0.0 	2.3 	24 	0.2 	0.0 	0.0 	0.0 	0.0 	4.5 	TE31		Actual	Actual	Actual	Actual	Forecast	Forecast	Forecast	Forecast	Forecast	Forecast	Forecast	Forecast	Forecast	Forecast	Forecast	Forecast	Forecast		Healthy	Healthy	Healthy	Healthy	Healthy	Healthy	Healthy	Healthy	Healthy	Healthy	Healthy	Healthy	Healthy	Healthy	Healthy	Healthy	Healthy		Week 5 2026	10/6/2026	7:50:59 PM	19		11%	12%	0%	0%	0%	0%		0.0 	0	0	0	0	0	0.023778 
	Geno Smith	New York Jets	QB	QB29	13.9 	223 	3,504 	219.0 	20.2 	1.3 	157 	9.8 	0.6 	0.0 	0.0 	0.0 	0 	0.0 	0.0 	0.0 	7.7 	1.9 	0.0 	0.605 	0.460 	0.172 	0 	0.126 	0.000 	189 	236 	47 	26 	30 	4 	0.150 																9.3 	15.6 	26.0 	8.8 	14.1 	13.6 	14.5 	14.1 	12.8 	14.3 	12.8 	13.7 	0.0 	13.0 	13.9 	13.0 	13.3 		QB28	QB16	QB3	QB29	QB24	QB24	QB23	QB26	QB28	QB24	QB26	QB28	-	QB28	QB29	QB31	QB31		QB30	13.6 	216.9 	1.3 	10.1 	0.0 	0.0 	0.0 	0.0 	30 	0.636 	0.460 	0.114 	0 	0.210 	0.000 	188 	0.159 		163 		-	-		-	-		-	-		-	-		QB18	14.9 	650.6 	3.8 	30.3 	0.1 	0.0 	0.0 	0.0 	18 	0.533 	0.460 	0.279 	0 	0.188 	0.000 	#N/A	0.237 		59.7 		-	-		-	-		-	-		-	-					New York Jets	Tennessee Titans	215 	0.0 	7 	0.0 	0.0 	0 	0.0 	0.0 	0.0 	0.0 	0.0 	9.3 	QB28		New York Jets	Green Bay Packers	247 	1.0 	17 	0.0 	0.0 	0 	0.0 	0.0 	0.0 	0.0 	0.0 	15.6 	QB16		New York Jets	Detroit Lions	321 	3.0 	12 	0.0 	0.0 	0 	0.0 	0.0 	1.0 	0.0 	1.0 	26.0 	QB3		New York Jets	Chicago Bears	119 	1.0 	0 	0.0 	0.0 	0 	0.0 	0.0 	0.0 	0.0 	0.0 	8.8 	QB29		New York Jets	Cleveland Browns	216 	1.4 	11 	0.1 	0.0 	0 	0.0 	0.6 	0.1 	0.0 	0.0 	14.1 	QB24		New York Jets	New England Patriots	220 	1.3 	10 	0.0 	0.0 	0 	0.0 	0.6 	0.1 	0.0 	0.0 	13.6 	QB24		New York Jets	Miami Dolphins	219 	1.4 	12 	0.1 	0.0 	0 	0.0 	0.6 	0.1 	0.0 	0.0 	14.5 	QB23		New York Jets	Las Vegas Raiders	216 	1.4 	11 	0.1 	0.0 	0 	0.0 	0.6 	0.1 	0.0 	0.0 	14.1 	QB26		New York Jets	Kansas City Chiefs	215 	1.1 	9 	0.0 	0.0 	0 	0.0 	0.6 	0.1 	0.0 	0.0 	12.8 	QB28		New York Jets	Buffalo Bills	226 	1.4 	10 	0.0 	0.0 	0 	0.0 	0.6 	0.1 	0.0 	0.0 	14.3 	QB24		New York Jets	Los Angeles Chargers	215 	1.1 	9 	0.0 	0.0 	0 	0.0 	0.6 	0.1 	0.0 	0.0 	12.8 	QB26		New York Jets	Miami Dolphins	215 	1.3 	11 	0.1 	0.0 	0 	0.0 	0.6 	0.1 	0.0 	0.0 	13.7 	QB28		New York Jets	BYE	0 	0.0 	0 	0.0 	0.0 	0 	0.0 	0.0 	0.0 	0.0 	0.0 	0.0 	-		New York Jets	Denver Broncos	215 	1.2 	9 	0.0 	0.0 	0 	0.0 	0.6 	0.1 	0.0 	0.0 	13.0 	QB28		New York Jets	Arizona Cardinals	217 	1.3 	11 	0.1 	0.0 	0 	0.0 	0.6 	0.1 	0.0 	0.0 	13.9 	QB29		New York Jets	New England Patriots	215 	1.2 	9 	0.0 	0.0 	0 	0.0 	0.6 	0.1 	0.0 	0.0 	13.0 	QB31		New York Jets	Minnesota Vikings	214 	1.2 	10 	0.0 	0.0 	0 	0.0 	0.6 	0.1 	0.0 	0.0 	13.3 	QB31		Actual	Actual	Actual	Actual	Forecast	Forecast	Forecast	Forecast	Forecast	Forecast	Forecast	Forecast	Forecast	Forecast	Forecast	Forecast	Forecast		Healthy	Healthy	Healthy	Healthy	Healthy	Healthy	Healthy	Healthy	Healthy	Healthy	Healthy	Healthy	Healthy	Healthy	Healthy	Healthy	Healthy		Week 5 2026	10/6/2026	7:50:59 PM	19		0%	0%	10%	7%	99%	99%		(0.1)	0	0	0	0	0	(0.077111)
	Justice Hill	Baltimore Ravens	RB	RB59	3.1 	49 	0 	0.0 	0.0 	0.0 	224 	14.0 	1.0 	0.1 	14.1 	0.9 	117 	7.3 	0.4 	0.0 	0.0 	0.3 	0.0 	0.133 	1.000 	0.277 	(1)	0.000 	0.000 	193 	223 	30 	59 	63 	4 	0.144 				-	-		-	-		-	-		-	-		3.3 	2.8 	3.3 	3.5 	2.6 	2.8 	3.2 	3.0 	3.2 	3.1 	3.1 	2.8 	0.0 	3.2 	3.0 	3.2 	3.0 		RB50	RB52	RB43	RB45	RB54	RB52	RB51	RB54	RB53	RB51	RB44	RB60	-	RB56	RB60	RB58	RB59		RB60	3.0 	0.0 	0.0 	13.6 	0.1 	0.8 	6.1 	0.0 	60 	0.141 	1.000 	0.264 	(1)	0.000 	0.000 	198 	0.140 		36 														RB56	3.2 	0.0 	0.0 	40.9 	0.2 	2.3 	18.2 	0.1 	56 	0.115 	1.000 	0.315 	(1)	0.000 	0.000 	#N/A	0.159 		12.9 																	Baltimore Ravens	Indianapolis Colts	0 	0.0 	18 	0.0 	1.0 	10 	0.0 	0.0 	0.0 	0.0 	0.0 	3.3 	RB50		Baltimore Ravens	New Orleans Saints	0 	0.0 	6 	0.0 	2.0 	12 	0.0 	0.0 	0.0 	0.0 	0.0 	2.8 	RB52		Baltimore Ravens	Dallas Cowboys	0 	0.0 	33 	0.0 	0.0 	0 	0.0 	0.0 	0.0 	0.0 	0.0 	3.3 	RB43		Baltimore Ravens	Tennessee Titans	0 	0.0 	3 	0.0 	2.0 	22 	0.0 	0.0 	0.0 	0.0 	0.0 	3.5 	RB45		Baltimore Ravens	Atlanta Falcons	0 	0.0 	12 	0.1 	0.7 	6 	0.0 	0.0 	0.0 	0.0 	0.0 	2.6 	RB54		Baltimore Ravens	Cleveland Browns	0 	0.0 	13 	0.1 	0.7 	6 	0.0 	0.0 	0.0 	0.0 	0.0 	2.8 	RB52		Baltimore Ravens	Cincinnati Bengals	0 	0.0 	14 	0.1 	0.8 	6 	0.0 	0.0 	0.0 	0.0 	0.0 	3.2 	RB51		Baltimore Ravens	Buffalo Bills	0 	0.0 	13 	0.1 	0.8 	6 	0.0 	0.0 	0.0 	0.0 	0.0 	3.0 	RB54		Baltimore Ravens	Jacksonville Jaguars	0 	0.0 	15 	0.1 	0.8 	6 	0.0 	0.0 	0.0 	0.0 	0.0 	3.2 	RB53		Baltimore Ravens	Los Angeles Chargers	0 	0.0 	14 	0.1 	0.8 	6 	0.0 	0.0 	0.0 	0.0 	0.0 	3.1 	RB51		Baltimore Ravens	Carolina Panthers	0 	0.0 	14 	0.1 	0.8 	6 	0.0 	0.0 	0.0 	0.0 	0.0 	3.1 	RB44		Baltimore Ravens	Houston Texans	0 	0.0 	12 	0.1 	0.7 	6 	0.0 	0.0 	0.0 	0.0 	0.0 	2.8 	RB60		Baltimore Ravens	BYE	0 	0.0 	0 	0.0 	0.0 	0 	0.0 	0.0 	0.0 	0.0 	0.0 	0.0 	-		Baltimore Ravens	Tampa Bay Buccaneers	0 	0.0 	15 	0.1 	0.8 	6 	0.0 	0.0 	0.0 	0.0 	0.0 	3.2 	RB56		Baltimore Ravens	Pittsburgh Steelers	0 	0.0 	13 	0.1 	0.8 	6 	0.0 	0.0 	0.0 	0.0 	0.0 	3.0 	RB60		Baltimore Ravens	Cleveland Browns	0 	0.0 	15 	0.1 	0.7 	6 	0.0 	0.0 	0.0 	0.0 	0.0 	3.2 	RB58		Baltimore Ravens	Cincinnati Bengals	0 	0.0 	13 	0.1 	0.8 	6 	0.0 	0.0 	0.0 	0.0 	0.0 	3.0 	RB59		Actual	Actual	Actual	Actual	Forecast	Forecast	Forecast	Forecast	Forecast	Forecast	Forecast	Forecast	Forecast	Forecast	Forecast	Forecast	Forecast		Healthy	Healthy	Healthy	Healthy	Healthy	Healthy	Healthy	Healthy	Healthy	Healthy	Healthy	Healthy	Healthy	Healthy	Healthy	Healthy	Healthy		Week 5 2026	10/6/2026	7:50:59 PM	19		3%	3%	9%	6%	0%	0%		(0.0)	0	0	0	0	0	(0.019311)
	Marvin Harrison Jr.	Arizona Cardinals	WR	WR75	5.2 	78 	0 	0.0 	0.0 	0.0 	0 	0.0 	0.0 	0.0 	28.1 	1.9 	438 	29.2 	3.4 	0.2 	0.0 	0.1 	0.0 	0.213 	1.000 	0.250 	(0)	0.000 	0.000 	192 	75 	(117)	75 	32 	(43)	0.144 				-	-		-	-		-	-		-	-		3.8 	0.0 	5.5 	7.7 	5.7 	5.4 	5.0 	5.1 	4.8 	5.1 	4.8 	5.3 	5.0 	0.0 	5.0 	5.1 	5.0 		WR65	-	WR50	WR41	WR64	WR61	WR64	WR66	WR71	WR64	WR65	WR75	WR68	-	WR76	WR74	WR75		WR75	5.1 	0.0 	0.0 	0.0 	0.0 	1.9 	29.5 	0.2 	75 	0.239 	1.000 	0.250 	(0)	0.000 	0.000 	193 	0.148 		61 														WR79	5.7 	0.0 	0.0 	0.0 	0.0 	7.7 	117.8 	0.8 	79 	0.152 	1.000 	0.210 	(1)	0.000 	0.000 	#N/A	0.117 		17.0 																	Arizona Cardinals	Los Angeles Chargers	0 	0.0 	0 	0.0 	1.0 	33 	0.0 	0.0 	0.0 	0.0 	0.0 	3.8 	WR65		Arizona Cardinals	Seattle Seahawks	0 	0.0 	0 	0.0 	0.0 	0 	0.0 	0.0 	0.0 	0.0 	0.0 	0.0 	-		Arizona Cardinals	San Francisco 49ers	0 	0.0 	0 	0.0 	3.0 	40 	0.0 	0.0 	0.0 	0.0 	0.0 	5.5 	WR50		Arizona Cardinals	New York Giants	0 	0.0 	0 	0.0 	1.0 	12 	1.0 	0.0 	0.0 	0.0 	0.0 	7.7 	WR41		Arizona Cardinals	Detroit Lions	0 	0.0 	0 	0.0 	2.1 	32 	0.3 	0.0 	0.0 	0.0 	0.0 	5.7 	WR64		Arizona Cardinals	Los Angeles Rams	0 	0.0 	0 	0.0 	2.0 	31 	0.2 	0.0 	0.0 	0.0 	0.0 	5.4 	WR61		Arizona Cardinals	Denver Broncos	0 	0.0 	0 	0.0 	1.9 	29 	0.2 	0.0 	0.0 	0.0 	0.0 	5.0 	WR64		Arizona Cardinals	Dallas Cowboys	0 	0.0 	0 	0.0 	1.9 	30 	0.2 	0.0 	0.0 	0.0 	0.0 	5.1 	WR66		Arizona Cardinals	Seattle Seahawks	0 	0.0 	0 	0.0 	1.8 	28 	0.2 	0.0 	0.0 	0.0 	0.0 	4.8 	WR71		Arizona Cardinals	Los Angeles Rams	0 	0.0 	0 	0.0 	1.9 	30 	0.2 	0.0 	0.0 	0.0 	0.0 	5.1 	WR64		Arizona Cardinals	Kansas City Chiefs	0 	0.0 	0 	0.0 	1.9 	29 	0.2 	0.0 	0.0 	0.0 	0.0 	4.8 	WR65		Arizona Cardinals	Washington Commanders	0 	0.0 	0 	0.0 	2.0 	30 	0.2 	0.0 	0.0 	0.0 	0.0 	5.3 	WR75		Arizona Cardinals	Philadelphia Eagles	0 	0.0 	0 	0.0 	1.9 	29 	0.2 	0.0 	0.0 	0.0 	0.0 	5.0 	WR68		Arizona Cardinals	BYE	0 	0.0 	0 	0.0 	0.0 	0 	0.0 	0.0 	0.0 	0.0 	0.0 	0.0 	-		Arizona Cardinals	New York Jets	0 	0.0 	0 	0.0 	1.9 	29 	0.2 	0.0 	0.0 	0.0 	0.0 	5.0 	WR76		Arizona Cardinals	New Orleans Saints	0 	0.0 	0 	0.0 	1.9 	29 	0.2 	0.0 	0.0 	0.0 	0.0 	5.1 	WR74		Arizona Cardinals	Las Vegas Raiders	0 	0.0 	0 	0.0 	1.9 	29 	0.2 	0.0 	0.0 	0.0 	0.0 	5.0 	WR75		Actual	Actual	Actual	Actual	Forecast	Forecast	Forecast	Forecast	Forecast	Forecast	Forecast	Forecast	Forecast	Forecast	Forecast	Forecast	Forecast		Healthy	Healthy	Healthy	Healthy	Healthy	Healthy	Healthy	Healthy	Healthy	Healthy	Healthy	Healthy	Healthy	Healthy	Healthy	Healthy	Healthy		Week 5 2026	10/6/2026	7:50:59 PM	19		13%	14%	0%	0%	0%	0%		0.0 	0	0	0	0	0	0.031134 
	Terrance Ferguson	Los Angeles Rams	TE	TE31	4.9 	69 	0 	0.0 	0.0 	0.0 	0 	0.0 	0.0 	0.0 	35.5 	2.5 	345 	24.6 	2.8 	0.2 	0.0 	0.1 	0.0 	0.188 	0.560 	0.289 	(0)	0.000 	0.000 	194 	180 	(14)	31 	21 	(10)	0.144 																0.0 	14.4 	1.4 	0.0 	4.7 	4.6 	4.3 	4.5 	4.5 	4.4 	0.0 	4.4 	4.4 	4.5 	4.5 	4.3 	4.4 		-	TE7	TE29	-	TE26	TE27	TE29	TE28	TE30	TE28	-	TE32	TE28	TE29	TE31	TE33	TE32		TE32	4.4 	0.0 	0.0 	0.0 	0.0 	2.4 	23.5 	0.2 	32 	0.208 	0.560 	0.279 	(0)	0.000 	0.000 	197 	0.143 		53 														TE31	7.9 	0.0 	0.0 	0.0 	0.0 	14.2 	141.0 	0.9 	31 	0.141 	0.560 	0.289 	(1)	0.000 	0.000 	#N/A	0.137 		15.8 																	Los Angeles Rams	San Francisco 49ers	0 	0.0 	0 	0.0 	0.0 	0 	0.0 	0.0 	0.0 	0.0 	0.0 	0.0 	-		Los Angeles Rams	New York Giants	0 	0.0 	0 	0.0 	6.0 	54 	1.0 	0.0 	0.0 	0.0 	0.0 	14.4 	TE7		Los Angeles Rams	Denver Broncos	0 	0.0 	0 	0.0 	1.0 	9 	0.0 	0.0 	0.0 	0.0 	0.0 	1.4 	TE29		Los Angeles Rams	Philadelphia Eagles	0 	0.0 	0 	0.0 	0.0 	0 	0.0 	0.0 	0.0 	0.0 	0.0 	0.0 	-		Los Angeles Rams	Buffalo Bills	0 	0.0 	0 	0.0 	2.5 	25 	0.2 	0.0 	0.0 	0.0 	0.0 	4.7 	TE26		Los Angeles Rams	Arizona Cardinals	0 	0.0 	0 	0.0 	2.4 	24 	0.2 	0.0 	0.0 	0.0 	0.0 	4.6 	TE27		Los Angeles Rams	Las Vegas Raiders	0 	0.0 	0 	0.0 	2.3 	23 	0.1 	0.0 	0.0 	0.0 	0.0 	4.3 	TE29		Los Angeles Rams	Los Angeles Chargers	0 	0.0 	0 	0.0 	2.4 	24 	0.2 	0.0 	0.0 	0.0 	0.0 	4.5 	TE28		Los Angeles Rams	Washington Commanders	0 	0.0 	0 	0.0 	2.4 	24 	0.2 	0.0 	0.0 	0.0 	0.0 	4.5 	TE30		Los Angeles Rams	Arizona Cardinals	0 	0.0 	0 	0.0 	2.3 	23 	0.2 	0.0 	0.0 	0.0 	0.0 	4.4 	TE28		Los Angeles Rams	BYE	0 	0.0 	0 	0.0 	0.0 	0 	0.0 	0.0 	0.0 	0.0 	0.0 	0.0 	-		Los Angeles Rams	Green Bay Packers	0 	0.0 	0 	0.0 	2.4 	23 	0.2 	0.0 	0.0 	0.0 	0.0 	4.4 	TE32		Los Angeles Rams	Kansas City Chiefs	0 	0.0 	0 	0.0 	2.3 	23 	0.1 	0.0 	0.0 	0.0 	0.0 	4.4 	TE28		Los Angeles Rams	San Francisco 49ers	0 	0.0 	0 	0.0 	2.4 	24 	0.2 	0.0 	0.0 	0.0 	0.0 	4.5 	TE29		Los Angeles Rams	Dallas Cowboys	0 	0.0 	0 	0.0 	2.4 	24 	0.2 	0.0 	0.0 	0.0 	0.0 	4.5 	TE31		Los Angeles Rams	Seattle Seahawks	0 	0.0 	0 	0.0 	2.3 	23 	0.1 	0.0 	0.0 	0.0 	0.0 	4.3 	TE33		Los Angeles Rams	Tampa Bay Buccaneers	0 	0.0 	0 	0.0 	2.4 	23 	0.2 	0.0 	0.0 	0.0 	0.0 	4.4 	TE32		Actual	Actual	Actual	Actual	Forecast	Forecast	Forecast	Forecast	Forecast	Forecast	Forecast	Forecast	Forecast	Forecast	Forecast	Forecast	Forecast		Healthy	Healthy	Healthy	Injured	Healthy	Healthy	Healthy	Healthy	Healthy	Healthy	Healthy	Healthy	Healthy	Healthy	Healthy	Healthy	Healthy		Week 5 2026	10/6/2026	7:50:59 PM	19		10%	8%	0%	0%	0%	0%		0.0 	0	0	1	0	0	
	Kyler Murray	Minnesota Vikings	QB	QB30	14.0 	210 	3,043 	202.9 	19.1 	1.3 	246 	16.4 	1.2 	0.1 	0.0 	0.0 	0 	0.0 	0.0 	0.0 	8.8 	0.9 	0.0 	0.571 	0.460 	0.143 	0 	0.135 	0.000 	196 	129 	(67)	28 	17 	(11)	0.139 				-	-		-	-		-	-		-	-		1.4 	0.0 	10.4 	11.5 	15.4 	0.0 	16.4 	15.5 	15.8 	15.0 	15.5 	15.9 	15.7 	14.5 	15.7 	16.4 	15.0 		QB33	-	QB27	QB23	QB15	-	QB11	QB19	QB18	QB22	QB19	QB18	QB18	QB24	QB19	QB11	QB21		QB21	15.6 	217.5 	1.5 	17.0 	0.1 	0.0 	0.0 	0.0 	20 	0.729 	0.460 	0.253 	1 	0.412 	0.000 	119 	0.328 		187 														QB37	7.8 	870.0 	6.0 	67.8 	0.4 	0.0 	0.0 	0.0 	37 	0.208 	0.460 	0.009 	(1)	0.000 	0.000 	#N/A	0.005 		23.3 																	Minnesota Vikings	Green Bay Packers	18 	0.0 	9 	0.0 	0.0 	0 	0.0 	0.1 	0.0 	0.0 	0.0 	1.4 	QB33		Minnesota Vikings	Chicago Bears	0 	0.0 	0 	0.0 	0.0 	0 	0.0 	0.0 	0.0 	0.0 	0.0 	0.0 	-		Minnesota Vikings	Tampa Bay Buccaneers	168 	1.0 	17 	0.0 	0.0 	0 	0.0 	1.0 	0.0 	0.0 	0.0 	10.4 	QB27		Minnesota Vikings	Miami Dolphins	247 	0.0 	16 	0.0 	0.0 	0 	0.0 	0.0 	0.0 	0.0 	0.0 	11.5 	QB23		Minnesota Vikings	New Orleans Saints	213 	1.5 	19 	0.1 	0.0 	0 	0.0 	0.6 	0.1 	0.0 	0.0 	15.4 	QB15		Minnesota Vikings	BYE	0 	0.0 	0 	0.0 	0.0 	0 	0.0 	0.0 	0.0 	0.0 	0.0 	0.0 	-		Minnesota Vikings	Indianapolis Colts	222 	1.6 	18 	0.1 	0.0 	0 	0.0 	0.6 	0.1 	0.0 	0.0 	16.4 	QB11		Minnesota Vikings	Detroit Lions	221 	1.5 	16 	0.1 	0.0 	0 	0.0 	0.6 	0.1 	0.0 	0.0 	15.5 	QB19		Minnesota Vikings	Buffalo Bills	220 	1.5 	17 	0.1 	0.0 	0 	0.0 	0.6 	0.1 	0.0 	0.0 	15.8 	QB18		Minnesota Vikings	Green Bay Packers	217 	1.4 	15 	0.1 	0.0 	0 	0.0 	0.6 	0.1 	0.0 	0.0 	15.0 	QB22		Minnesota Vikings	San Francisco 49ers	221 	1.5 	16 	0.1 	0.0 	0 	0.0 	0.6 	0.1 	0.0 	0.0 	15.5 	QB19		Minnesota Vikings	Atlanta Falcons	215 	1.6 	19 	0.1 	0.0 	0 	0.0 	0.6 	0.1 	0.0 	0.0 	15.9 	QB18		Minnesota Vikings	Carolina Panthers	216 	1.5 	18 	0.1 	0.0 	0 	0.0 	0.6 	0.1 	0.0 	0.0 	15.7 	QB18		Minnesota Vikings	New England Patriots	213 	1.4 	15 	0.1 	0.0 	0 	0.0 	0.6 	0.1 	0.0 	0.0 	14.5 	QB24		Minnesota Vikings	Detroit Lions	220 	1.5 	17 	0.1 	0.0 	0 	0.0 	0.6 	0.1 	0.0 	0.0 	15.7 	QB19		Minnesota Vikings	Washington Commanders	222 	1.6 	18 	0.1 	0.0 	0 	0.0 	0.6 	0.1 	0.0 	0.0 	16.4 	QB11		Minnesota Vikings	New York Jets	211 	1.4 	17 	0.1 	0.0 	0 	0.0 	0.6 	0.1 	0.0 	0.0 	15.0 	QB21		Actual	Actual	Actual	Actual	Forecast	Forecast	Forecast	Forecast	Forecast	Forecast	Forecast	Forecast	Forecast	Forecast	Forecast	Forecast	Forecast		Healthy	Injured	Healthy	Healthy	Healthy	Healthy	Healthy	Healthy	Healthy	Healthy	Healthy	Healthy	Healthy	Healthy	Healthy	Healthy	Healthy		Week 5 2026	10/6/2026	7:50:59 PM	19		0%	0%	14%	12%	99%	99%		0.3 	1	0	0	0	0	
	Greg Dulcich	Miami Dolphins	TE	TE32	4.6 	69 	0 	0.0 	0.0 	0.0 	0 	0.0 	0.0 	0.0 	35.5 	2.4 	405 	27.0 	1.8 	0.1 	0.0 	0.1 	0.0 	0.187 	0.560 	0.279 	(0)	0.000 	0.000 	195 	215 	20 	32 	28 	(4)	0.140 				-	-		-	-		-	-		-	-		2.8 	2.7 	8.0 	0.0 	4.5 	0.0 	4.4 	4.6 	4.8 	4.8 	4.6 	4.5 	4.4 	4.8 	4.5 	4.6 	4.8 		TE28	TE23	TE13	-	TE29	-	TE27	TE26	TE27	TE26	TE27	TE31	TE27	TE27	TE32	TE30	TE28		TE30	4.6 	0.0 	0.0 	0.0 	0.0 	2.2 	26.2 	0.1 	30 	0.215 	0.560 	0.299 	(0)	0.000 	0.000 	192 	0.152 		55 														TE38	4.5 	0.0 	0.0 	0.0 	0.0 	8.8 	105.0 	0.6 	38 	0.121 	0.560 	0.219 	(1)	0.000 	0.000 	#N/A	0.106 		13.5 																	Miami Dolphins	Las Vegas Raiders	0 	0.0 	0 	0.0 	2.0 	18 	0.0 	0.0 	0.0 	0.0 	0.0 	2.8 	TE28		Miami Dolphins	San Francisco 49ers	0 	0.0 	0 	0.0 	2.0 	17 	0.0 	0.0 	0.0 	0.0 	0.0 	2.7 	TE23		Miami Dolphins	Kansas City Chiefs	0 	0.0 	0 	0.0 	5.0 	55 	0.0 	0.0 	0.0 	0.0 	0.0 	8.0 	TE13		Miami Dolphins	Minnesota Vikings	0 	0.0 	0 	0.0 	0.0 	0 	0.0 	0.0 	0.0 	0.0 	0.0 	0.0 	-		Miami Dolphins	Cincinnati Bengals	0 	0.0 	0 	0.0 	2.2 	26 	0.1 	0.0 	0.0 	0.0 	0.0 	4.5 	TE29		Miami Dolphins	BYE	0 	0.0 	0 	0.0 	0.0 	0 	0.0 	0.0 	0.0 	0.0 	0.0 	0.0 	-		Miami Dolphins	New York Jets	0 	0.0 	0 	0.0 	2.1 	25 	0.1 	0.0 	0.0 	0.0 	0.0 	4.4 	TE27		Miami Dolphins	New England Patriots	0 	0.0 	0 	0.0 	2.2 	26 	0.1 	0.0 	0.0 	0.0 	0.0 	4.6 	TE26		Miami Dolphins	Detroit Lions	0 	0.0 	0 	0.0 	2.3 	27 	0.2 	0.0 	0.0 	0.0 	0.0 	4.8 	TE27		Miami Dolphins	Indianapolis Colts	0 	0.0 	0 	0.0 	2.3 	27 	0.2 	0.0 	0.0 	0.0 	0.0 	4.8 	TE26		Miami Dolphins	Buffalo Bills	0 	0.0 	0 	0.0 	2.2 	26 	0.1 	0.0 	0.0 	0.0 	0.0 	4.6 	TE27		Miami Dolphins	New York Jets	0 	0.0 	0 	0.0 	2.1 	25 	0.2 	0.0 	0.0 	0.0 	0.0 	4.5 	TE31		Miami Dolphins	Denver Broncos	0 	0.0 	0 	0.0 	2.2 	26 	0.1 	0.0 	0.0 	0.0 	0.0 	4.4 	TE27		Miami Dolphins	Chicago Bears	0 	0.0 	0 	0.0 	2.3 	27 	0.2 	0.0 	0.0 	0.0 	0.0 	4.8 	TE27		Miami Dolphins	Green Bay Packers	0 	0.0 	0 	0.0 	2.2 	26 	0.1 	0.0 	0.0 	0.0 	0.0 	4.5 	TE32		Miami Dolphins	Los Angeles Chargers	0 	0.0 	0 	0.0 	2.2 	26 	0.1 	0.0 	0.0 	0.0 	0.0 	4.6 	TE30		Miami Dolphins	Buffalo Bills	0 	0.0 	0 	0.0 	2.3 	27 	0.2 	0.0 	0.0 	0.0 	0.0 	4.8 	TE28		Actual	Actual	Actual	Actual	Forecast	Forecast	Forecast	Forecast	Forecast	Forecast	Forecast	Forecast	Forecast	Forecast	Forecast	Forecast	Forecast		Healthy	Healthy	Healthy	Healthy	Healthy	Healthy	Healthy	Healthy	Healthy	Healthy	Healthy	Healthy	Healthy	Healthy	Healthy	Healthy	Healthy		Week 5 2026	10/6/2026	7:50:59 PM	19		12%	12%	0%	0%	0%	0%		0.0 	0	0	0	0	0	0.046230 
	Alec Pierce	Indianapolis Colts	WR	WR76	6.2 	75 	0 	0.0 	0.0 	0.0 	0 	0.0 	0.0 	0.0 	26.1 	2.2 	483 	40.3 	2.3 	0.2 	0.0 	0.1 	0.0 	0.203 	1.000 	0.240 	(0)	0.000 	0.000 	197 	92 	(105)	76 	38 	(38)	0.138 				-	-		-	-		-	-		-	-		8.1 	1.6 	0.0 	0.0 	0.0 	0.0 	6.3 	6.5 	6.8 	6.5 	6.3 	6.6 	0.0 	6.4 	6.5 	6.8 	6.3 		WR32	WR77	-	-	-	-	WR52	WR51	WR52	WR50	WR52	WR58	-	WR56	WR59	WR57	WR60		WR73	6.5 	0.0 	0.0 	0.0 	0.0 	2.1 	41.1 	0.2 	73 	0.254 	1.000 	0.270 	(0)	0.000 	0.000 	187 	0.160 		65 														WR104	4.9 	0.0 	0.0 	0.0 	0.0 	10.5 	205.5 	1.1 	104 	0.087 	1.000 	0.000 	(1)	0.000 	0.000 	#N/A	0.013 		9.7 																	Indianapolis Colts	Baltimore Ravens	0 	0.0 	0 	0.0 	4.0 	61 	0.0 	0.0 	0.0 	0.0 	0.0 	8.1 	WR32		Indianapolis Colts	Kansas City Chiefs	0 	0.0 	0 	0.0 	1.0 	11 	0.0 	0.0 	0.0 	0.0 	0.0 	1.6 	WR77		Indianapolis Colts	Houston Texans	0 	0.0 	0 	0.0 	0.0 	0 	0.0 	0.0 	0.0 	0.0 	0.0 	0.0 	-		Indianapolis Colts	Washington Commanders	0 	0.0 	0 	0.0 	0.0 	0 	0.0 	0.0 	0.0 	0.0 	0.0 	0.0 	-		Indianapolis Colts	Pittsburgh Steelers	0 	0.0 	0 	0.0 	0.0 	0 	0.0 	0.0 	0.0 	0.0 	0.0 	0.0 	-		Indianapolis Colts	Tennessee Titans	0 	0.0 	0 	0.0 	0.0 	0 	0.0 	0.0 	0.0 	0.0 	0.0 	0.0 	-		Indianapolis Colts	Minnesota Vikings	0 	0.0 	0 	0.0 	2.1 	40 	0.2 	0.0 	0.0 	0.0 	0.0 	6.3 	WR52		Indianapolis Colts	Jacksonville Jaguars	0 	0.0 	0 	0.0 	2.1 	41 	0.2 	0.0 	0.0 	0.0 	0.0 	6.5 	WR51		Indianapolis Colts	Dallas Cowboys	0 	0.0 	0 	0.0 	2.2 	43 	0.2 	0.0 	0.0 	0.0 	0.0 	6.8 	WR52		Indianapolis Colts	Miami Dolphins	0 	0.0 	0 	0.0 	2.1 	41 	0.2 	0.0 	0.0 	0.0 	0.0 	6.5 	WR50		Indianapolis Colts	Houston Texans	0 	0.0 	0 	0.0 	2.1 	41 	0.2 	0.0 	0.0 	0.0 	0.0 	6.3 	WR52		Indianapolis Colts	New York Giants	0 	0.0 	0 	0.0 	2.1 	41 	0.2 	0.0 	0.0 	0.0 	0.0 	6.6 	WR58		Indianapolis Colts	BYE	0 	0.0 	0 	0.0 	0.0 	0 	0.0 	0.0 	0.0 	0.0 	0.0 	0.0 	-		Indianapolis Colts	Philadelphia Eagles	0 	0.0 	0 	0.0 	2.1 	41 	0.2 	0.0 	0.0 	0.0 	0.0 	6.4 	WR56		Indianapolis Colts	Tennessee Titans	0 	0.0 	0 	0.0 	2.1 	41 	0.2 	0.0 	0.0 	0.0 	0.0 	6.5 	WR59		Indianapolis Colts	Cincinnati Bengals	0 	0.0 	0 	0.0 	2.2 	43 	0.2 	0.0 	0.0 	0.0 	0.0 	6.8 	WR57		Indianapolis Colts	Cleveland Browns	0 	0.0 	0 	0.0 	2.0 	40 	0.2 	0.0 	0.0 	0.0 	0.0 	6.3 	WR60		Actual	Actual	Actual	Actual	Forecast	Forecast	Forecast	Forecast	Forecast	Forecast	Forecast	Forecast	Forecast	Forecast	Forecast	Forecast	Forecast		Healthy	Healthy	Injured	Injured	Injured	Injured	Healthy	Healthy	Healthy	Healthy	Healthy	Healthy	Healthy	Healthy	Healthy	Healthy	Healthy		Week 5 2026	10/6/2026	7:50:59 PM	19		18%	18%	0%	0%	0%	0%		0.1 	0	1	1	1	1	
	Kaleb Johnson	Green Bay Packers	RB	RB61	3.0 	45 	0 	0.0 	0.0 	0.0 	303 	20.2 	1.8 	0.1 	4.6 	0.3 	40 	2.6 	0.2 	0.0 	0.0 	1.7 	0.0 	0.122 	1.000 	0.251 	(1)	0.000 	0.000 	201 	220 	19 	61 	62 	1 	0.131 																0.0 	3.2 	2.1 	2.2 	4.2 	4.5 	4.5 	5.3 	2.2 	2.5 	0.0 	2.1 	2.5 	2.4 	2.8 	2.2 	2.3 		-	RB47	RB51	RB51	RB47	RB45	RB44	RB41	RB60	RB56	-	RB68	RB59	RB62	RB62	RB68	RB67		RB59	3.1 	0.0 	0.0 	18.5 	0.1 	0.3 	2.5 	0.0 	59 	0.146 	1.000 	0.277 	(1)	0.000 	0.000 	195 	0.146 		37 														RB71	2.5 	0.0 	0.0 	74.2 	0.6 	1.2 	9.9 	0.1 	71 	0.067 	1.000 	0.121 	(1)	0.000 	0.000 	#N/A	0.065 		7.5 																	Green Bay Packers	Minnesota Vikings	0 	0.0 	0 	0.0 	0.0 	0 	0.0 	0.0 	0.0 	0.0 	0.0 	0.0 	-		Green Bay Packers	New York Jets	0 	0.0 	32 	0.0 	0.0 	0 	0.0 	0.0 	0.0 	0.0 	0.0 	3.2 	RB47		Green Bay Packers	Atlanta Falcons	0 	0.0 	6 	0.0 	1.0 	10 	0.0 	0.0 	0.0 	0.0 	0.0 	2.1 	RB51		Green Bay Packers	Tampa Bay Buccaneers	0 	0.0 	42 	0.0 	0.0 	0 	0.0 	0.0 	1.0 	0.0 	0.0 	2.2 	RB51		Green Bay Packers	Chicago Bears	0 	0.0 	26 	0.2 	0.3 	2 	0.0 	0.0 	0.1 	0.0 	0.0 	4.2 	RB47		Green Bay Packers	Dallas Cowboys	0 	0.0 	27 	0.2 	0.3 	3 	0.0 	0.0 	0.1 	0.0 	0.0 	4.5 	RB45		Green Bay Packers	Detroit Lions	0 	0.0 	27 	0.2 	0.3 	3 	0.0 	0.0 	0.1 	0.0 	0.0 	4.5 	RB44		Green Bay Packers	Carolina Panthers	0 	0.0 	33 	0.3 	0.3 	2 	0.0 	0.0 	0.1 	0.0 	0.0 	5.3 	RB41		Green Bay Packers	New England Patriots	0 	0.0 	12 	0.1 	0.3 	2 	0.0 	0.0 	0.0 	0.0 	0.0 	2.2 	RB60		Green Bay Packers	Minnesota Vikings	0 	0.0 	14 	0.1 	0.3 	2 	0.0 	0.0 	0.0 	0.0 	0.0 	2.5 	RB56		Green Bay Packers	BYE	0 	0.0 	0 	0.0 	0.0 	0 	0.0 	0.0 	0.0 	0.0 	0.0 	0.0 	-		Green Bay Packers	Los Angeles Rams	0 	0.0 	12 	0.1 	0.3 	2 	0.0 	0.0 	0.0 	0.0 	0.0 	2.1 	RB68		Green Bay Packers	New Orleans Saints	0 	0.0 	14 	0.1 	0.3 	2 	0.0 	0.0 	0.0 	0.0 	0.0 	2.5 	RB59		Green Bay Packers	Buffalo Bills	0 	0.0 	14 	0.1 	0.3 	3 	0.0 	0.0 	0.0 	0.0 	0.0 	2.4 	RB62		Green Bay Packers	Miami Dolphins	0 	0.0 	16 	0.1 	0.3 	2 	0.0 	0.0 	0.0 	0.0 	0.0 	2.8 	RB62		Green Bay Packers	Chicago Bears	0 	0.0 	13 	0.1 	0.3 	2 	0.0 	0.0 	0.0 	0.0 	0.0 	2.2 	RB68		Green Bay Packers	Houston Texans	0 	0.0 	13 	0.1 	0.3 	2 	0.0 	0.0 	0.0 	0.0 	0.0 	2.3 	RB67		Actual	Actual	Actual	Actual	Forecast	Forecast	Forecast	Forecast	Forecast	Forecast	Forecast	Forecast	Forecast	Forecast	Forecast	Forecast	Forecast		Healthy	Healthy	Healthy	Healthy	Healthy	Healthy	Healthy	Healthy	Healthy	Healthy	Healthy	Healthy	Healthy	Healthy	Healthy	Healthy	Healthy		Week 5 2026	10/6/2026	7:50:59 PM	19		1%	1%	13%	11%	0%	0%		0.1 	0	0	0	0	0	0.081671 
	Tyler Higbee	Los Angeles Rams	TE	TE33	4.3 	64 	0 	0.0 	0.0 	0.0 	0 	0.0 	0.0 	0.0 	35.8 	2.4 	338 	22.6 	2.4 	0.2 	0.0 	1.0 	0.0 	0.174 	0.560 	0.269 	(1)	0.000 	0.000 	199 	0 	(199)	33 	0 	(33)	0.134 																0.2 	0.0 	16.2 	9.2 	3.4 	3.3 	3.1 	3.2 	3.3 	3.2 	0.0 	3.2 	3.1 	3.2 	3.3 	3.1 	3.2 		TE37	-	TE6	TE12	TE31	TE29	TE30	TE30	TE32	TE30	-	TE34	TE29	TE32	TE34	TE34	TE34		TE34	3.2 	0.0 	0.0 	0.0 	0.0 	1.7 	16.5 	0.1 	34 	0.150 	0.560 	0.259 	(1)	0.000 	0.000 	204 	0.126 		38 														TE23	8.5 	0.0 	0.0 	0.0 	0.0 	6.9 	65.8 	0.5 	23 	0.229 	0.560 	0.366 	0 	0.044 	0.000 	#N/A	0.200 		25.6 																	Los Angeles Rams	San Francisco 49ers	0 	0.0 	0 	0.0 	2.0 	12 	0.0 	0.0 	1.0 	0.0 	0.0 	0.2 	TE37		Los Angeles Rams	New York Giants	0 	0.0 	0 	0.0 	0.0 	0 	0.0 	0.0 	0.0 	0.0 	0.0 	0.0 	-		Los Angeles Rams	Denver Broncos	0 	0.0 	0 	0.0 	8.0 	62 	1.0 	0.0 	0.0 	0.0 	0.0 	16.2 	TE6		Los Angeles Rams	Philadelphia Eagles	0 	0.0 	0 	0.0 	5.0 	67 	0.0 	0.0 	0.0 	0.0 	0.0 	9.2 	TE12		Los Angeles Rams	Buffalo Bills	0 	0.0 	0 	0.0 	1.8 	17 	0.1 	0.0 	0.0 	0.0 	0.0 	3.4 	TE31		Los Angeles Rams	Arizona Cardinals	0 	0.0 	0 	0.0 	1.8 	17 	0.1 	0.0 	0.0 	0.0 	0.0 	3.3 	TE29		Los Angeles Rams	Las Vegas Raiders	0 	0.0 	0 	0.0 	1.7 	16 	0.1 	0.0 	0.0 	0.0 	0.0 	3.1 	TE30		Los Angeles Rams	Los Angeles Chargers	0 	0.0 	0 	0.0 	1.7 	17 	0.1 	0.0 	0.0 	0.0 	0.0 	3.2 	TE30		Los Angeles Rams	Washington Commanders	0 	0.0 	0 	0.0 	1.8 	17 	0.1 	0.0 	0.0 	0.0 	0.0 	3.3 	TE32		Los Angeles Rams	Arizona Cardinals	0 	0.0 	0 	0.0 	1.7 	16 	0.1 	0.0 	0.0 	0.0 	0.0 	3.2 	TE30		Los Angeles Rams	BYE	0 	0.0 	0 	0.0 	0.0 	0 	0.0 	0.0 	0.0 	0.0 	0.0 	0.0 	-		Los Angeles Rams	Green Bay Packers	0 	0.0 	0 	0.0 	1.7 	16 	0.1 	0.0 	0.0 	0.0 	0.0 	3.2 	TE34		Los Angeles Rams	Kansas City Chiefs	0 	0.0 	0 	0.0 	1.7 	16 	0.1 	0.0 	0.0 	0.0 	0.0 	3.1 	TE29		Los Angeles Rams	San Francisco 49ers	0 	0.0 	0 	0.0 	1.7 	17 	0.1 	0.0 	0.0 	0.0 	0.0 	3.2 	TE32		Los Angeles Rams	Dallas Cowboys	0 	0.0 	0 	0.0 	1.7 	17 	0.1 	0.0 	0.0 	0.0 	0.0 	3.3 	TE34		Los Angeles Rams	Seattle Seahawks	0 	0.0 	0 	0.0 	1.7 	16 	0.1 	0.0 	0.0 	0.0 	0.0 	3.1 	TE34		Los Angeles Rams	Tampa Bay Buccaneers	0 	0.0 	0 	0.0 	1.7 	16 	0.1 	0.0 	0.0 	0.0 	0.0 	3.2 	TE34		Actual	Actual	Actual	Actual	Forecast	Forecast	Forecast	Forecast	Forecast	Forecast	Forecast	Forecast	Forecast	Forecast	Forecast	Forecast	Forecast		Healthy	Healthy	Healthy	Healthy	Healthy	Healthy	Healthy	Healthy	Healthy	Healthy	Healthy	Healthy	Healthy	Healthy	Healthy	Healthy	Healthy		Week 5 2026	10/6/2026	7:50:59 PM	19		7%	6%	0%	0%	0%	0%		(0.1)	0	0	0	0	0	(0.074504)
	Makai Lemon	Philadelphia Eagles	WR	WR77	4.4 	71 	0 	0.0 	0.0 	0.0 	(5)	(0.3)	0.0 	0.0 	44.7 	2.8 	370 	23.2 	2.0 	0.1 	0.0 	0.1 	0.0 	0.192 	1.000 	0.230 	(1)	0.000 	0.000 	200 	112 	(88)	77 	45 	(32)	0.132 				-	-		-	-		-	-		-	-		1.0 	1.4 	4.4 	4.2 	4.7 	5.0 	5.3 	5.1 	5.1 	0.0 	5.0 	5.2 	4.9 	5.2 	4.9 	4.6 	5.0 		WR87	WR79	WR57	WR59	WR69	WR64	WR62	WR67	WR69	-	WR64	WR77	WR69	WR72	WR77	WR76	WR76		WR77	5.0 	0.0 	0.0 	0.0 	0.0 	2.9 	25.5 	0.2 	77 	0.233 	1.000 	0.230 	(0)	0.000 	0.000 	199 	0.139 		60 														WR100	2.8 	0.0 	0.0 	0.0 	0.0 	8.7 	76.4 	0.5 	100 	0.098 	1.000 	0.000 	(1)	0.000 	0.000 	#N/A	0.015 		11.0 																	Philadelphia Eagles	Washington Commanders	0 	0.0 	0 	0.0 	3.0 	(5)	0.0 	0.0 	0.0 	0.0 	0.0 	1.0 	WR87		Philadelphia Eagles	Tennessee Titans	0 	0.0 	(5)	0.0 	1.0 	14 	0.0 	0.0 	0.0 	0.0 	0.0 	1.4 	WR79		Philadelphia Eagles	Chicago Bears	0 	0.0 	0 	0.0 	3.0 	29 	0.0 	0.0 	0.0 	0.0 	0.0 	4.4 	WR57		Philadelphia Eagles	Los Angeles Rams	0 	0.0 	0 	0.0 	3.0 	27 	0.0 	0.0 	0.0 	0.0 	0.0 	4.2 	WR59		Philadelphia Eagles	Jacksonville Jaguars	0 	0.0 	0 	0.0 	2.8 	25 	0.1 	0.0 	0.0 	0.0 	0.0 	4.7 	WR69		Philadelphia Eagles	Carolina Panthers	0 	0.0 	0 	0.0 	2.9 	25 	0.2 	0.0 	0.0 	0.0 	0.0 	5.0 	WR64		Philadelphia Eagles	Dallas Cowboys	0 	0.0 	0 	0.0 	3.0 	27 	0.2 	0.0 	0.0 	0.0 	0.0 	5.3 	WR62		Philadelphia Eagles	Washington Commanders	0 	0.0 	0 	0.0 	2.9 	26 	0.2 	0.0 	0.0 	0.0 	0.0 	5.1 	WR67		Philadelphia Eagles	New York Giants	0 	0.0 	0 	0.0 	2.9 	26 	0.2 	0.0 	0.0 	0.0 	0.0 	5.1 	WR69		Philadelphia Eagles	BYE	0 	0.0 	0 	0.0 	0.0 	0 	0.0 	0.0 	0.0 	0.0 	0.0 	0.0 	-		Philadelphia Eagles	Pittsburgh Steelers	0 	0.0 	0 	0.0 	2.9 	25 	0.2 	0.0 	0.0 	0.0 	0.0 	5.0 	WR64		Philadelphia Eagles	Dallas Cowboys	0 	0.0 	0 	0.0 	3.0 	26 	0.2 	0.0 	0.0 	0.0 	0.0 	5.2 	WR77		Philadelphia Eagles	Arizona Cardinals	0 	0.0 	0 	0.0 	2.8 	25 	0.2 	0.0 	0.0 	0.0 	0.0 	4.9 	WR69		Philadelphia Eagles	Indianapolis Colts	0 	0.0 	0 	0.0 	3.0 	26 	0.2 	0.0 	0.0 	0.0 	0.0 	5.2 	WR72		Philadelphia Eagles	Seattle Seahawks	0 	0.0 	0 	0.0 	2.9 	25 	0.2 	0.0 	0.0 	0.0 	0.0 	4.9 	WR77		Philadelphia Eagles	Houston Texans	0 	0.0 	0 	0.0 	2.7 	24 	0.1 	0.0 	0.0 	0.0 	0.0 	4.6 	WR76		Philadelphia Eagles	San Francisco 49ers	0 	0.0 	0 	0.0 	2.9 	26 	0.2 	0.0 	0.0 	0.0 	0.0 	5.0 	WR76		Actual	Actual	Actual	Actual	Forecast	Forecast	Forecast	Forecast	Forecast	Forecast	Forecast	Forecast	Forecast	Forecast	Forecast	Forecast	Forecast		Healthy	Healthy	Healthy	Healthy	Healthy	Healthy	Healthy	Healthy	Healthy	Healthy	Healthy	Healthy	Healthy	Healthy	Healthy	Healthy	Healthy		Week 5 2026	10/6/2026	7:50:59 PM	19		12%	11%	0%	0%	0%	0%		0.1 	0	0	0	0	0	0.123782 
	Samaje Perine	Cincinnati Bengals	RB	RB60	2.8 	45 	0 	0.0 	0.0 	0.0 	179 	11.2 	0.7 	0.0 	16.2 	1.0 	147 	9.2 	0.3 	0.0 	0.0 	0.5 	0.0 	0.123 	1.000 	0.264 	(1)	0.000 	0.000 	198 	298 	100 	60 	83 	23 	0.137 																6.5 	2.7 	1.9 	0.7 	2.8 	0.0 	2.5 	3.0 	2.9 	2.7 	2.8 	3.0 	2.8 	2.7 	2.7 	2.8 	2.8 		RB37	RB53	RB53	RB59	RB53	-	RB53	RB53	RB55	RB54	RB46	RB59	RB56	RB60	RB64	RB61	RB60		RB61	2.8 	0.0 	0.0 	11.4 	0.1 	0.9 	8.0 	0.0 	61 	0.131 	1.000 	0.251 	(1)	0.000 	0.000 	201 	0.133 		34 														RB62	3.0 	0.0 	0.0 	34.2 	0.2 	2.8 	24.0 	0.1 	62 	0.105 	1.000 	0.238 	(1)	0.000 	0.000 	#N/A	0.123 		11.8 																	Cincinnati Bengals	Tampa Bay Buccaneers	0 	0.0 	20 	0.0 	3.0 	30 	0.0 	0.0 	0.0 	0.0 	0.0 	6.5 	RB37		Cincinnati Bengals	Houston Texans	0 	0.0 	6 	0.0 	1.0 	16 	0.0 	0.0 	0.0 	0.0 	0.0 	2.7 	RB53		Cincinnati Bengals	Pittsburgh Steelers	0 	0.0 	9 	0.0 	1.0 	5 	0.0 	0.0 	0.0 	0.0 	0.0 	1.9 	RB53		Cincinnati Bengals	Jacksonville Jaguars	0 	0.0 	7 	0.0 	0.0 	0 	0.0 	0.0 	0.0 	0.0 	0.0 	0.7 	RB59		Cincinnati Bengals	Miami Dolphins	0 	0.0 	12 	0.1 	0.9 	8 	0.0 	0.0 	0.0 	0.0 	0.0 	2.8 	RB53		Cincinnati Bengals	BYE	0 	0.0 	0 	0.0 	0.0 	0 	0.0 	0.0 	0.0 	0.0 	0.0 	0.0 	-		Cincinnati Bengals	Baltimore Ravens	0 	0.0 	9 	0.0 	0.9 	8 	0.0 	0.0 	0.0 	0.0 	0.0 	2.5 	RB53		Cincinnati Bengals	Tennessee Titans	0 	0.0 	13 	0.1 	0.9 	8 	0.0 	0.0 	0.0 	0.0 	0.0 	3.0 	RB53		Cincinnati Bengals	Atlanta Falcons	0 	0.0 	12 	0.1 	0.9 	8 	0.0 	0.0 	0.0 	0.0 	0.0 	2.9 	RB55		Cincinnati Bengals	Pittsburgh Steelers	0 	0.0 	11 	0.1 	0.9 	8 	0.0 	0.0 	0.0 	0.0 	0.0 	2.7 	RB54		Cincinnati Bengals	Washington Commanders	0 	0.0 	11 	0.1 	1.0 	8 	0.0 	0.0 	0.0 	0.0 	0.0 	2.8 	RB46		Cincinnati Bengals	New Orleans Saints	0 	0.0 	13 	0.1 	0.9 	8 	0.0 	0.0 	0.0 	0.0 	0.0 	3.0 	RB59		Cincinnati Bengals	Cleveland Browns	0 	0.0 	12 	0.1 	0.9 	8 	0.0 	0.0 	0.0 	0.0 	0.0 	2.8 	RB56		Cincinnati Bengals	Kansas City Chiefs	0 	0.0 	11 	0.1 	0.9 	8 	0.0 	0.0 	0.0 	0.0 	0.0 	2.7 	RB60		Cincinnati Bengals	Carolina Panthers	0 	0.0 	11 	0.1 	0.9 	8 	0.0 	0.0 	0.0 	0.0 	0.0 	2.7 	RB64		Cincinnati Bengals	Indianapolis Colts	0 	0.0 	11 	0.1 	1.0 	8 	0.0 	0.0 	0.0 	0.0 	0.0 	2.8 	RB61		Cincinnati Bengals	Baltimore Ravens	0 	0.0 	11 	0.1 	1.0 	8 	0.0 	0.0 	0.0 	0.0 	0.0 	2.8 	RB60		Actual	Actual	Actual	Actual	Forecast	Forecast	Forecast	Forecast	Forecast	Forecast	Forecast	Forecast	Forecast	Forecast	Forecast	Forecast	Forecast		Healthy	Healthy	Healthy	Healthy	Healthy	Healthy	Healthy	Healthy	Healthy	Healthy	Healthy	Healthy	Healthy	Healthy	Healthy	Healthy	Healthy		Week 5 2026	10/6/2026	7:50:59 PM	19		3%	1%	12%	9%	0%	0%		0.0 	0	0	0	0	0	0.009667 
	Jordyn Tyson	New Orleans Saints	WR	WR81	7.3 	66 	0 	0.0 	0.0 	0.0 	0 	0.0 	0.0 	0.0 	30.3 	3.4 	358 	39.7 	2.5 	0.3 	0.0 	0.1 	0.0 	0.179 	1.000 	0.190 	0 	0.006 	0.000 	209 	117 	(92)	81 	47 	(34)	0.115 				-	-		-	-		-	-		-	-		0.0 	0.0 	0.0 	0.0 	0.0 	0.0 	0.0 	0.0 	7.0 	7.4 	7.4 	7.5 	7.3 	7.2 	7.4 	7.6 	7.3 		-	-	-	-	-	-	-	-	WR51	WR46	WR42	WR52	WR49	WR50	WR53	WR51	WR53		WR71	7.3 	0.0 	0.0 	0.0 	0.0 	3.4 	39.7 	0.3 	72 	0.257 	1.000 	0.280 	0 	0.019 	0.000 	180 	0.172 		66 															0.0 	0.0 	0.0 	0.0 	0.0 	0.0 	0.0 	0.0 	#N/A	0.000 	1.000 	#N/A	(1)	0.000 	0.000 	#N/A	#N/A		0.0 																	New Orleans Saints	Detroit Lions	0 	0.0 	0 	0.0 	0.0 	0 	0.0 	0.0 	0.0 	0.0 	0.0 	0.0 	-		New Orleans Saints	Baltimore Ravens	0 	0.0 	0 	0.0 	0.0 	0 	0.0 	0.0 	0.0 	0.0 	0.0 	0.0 	-		New Orleans Saints	Las Vegas Raiders	0 	0.0 	0 	0.0 	0.0 	0 	0.0 	0.0 	0.0 	0.0 	0.0 	0.0 	-		New Orleans Saints	Atlanta Falcons	0 	0.0 	0 	0.0 	0.0 	0 	0.0 	0.0 	0.0 	0.0 	0.0 	0.0 	-		New Orleans Saints	Minnesota Vikings	0 	0.0 	0 	0.0 	0.0 	0 	0.0 	0.0 	0.0 	0.0 	0.0 	0.0 	-		New Orleans Saints	New York Giants	0 	0.0 	0 	0.0 	0.0 	0 	0.0 	0.0 	0.0 	0.0 	0.0 	0.0 	-		New Orleans Saints	Pittsburgh Steelers	0 	0.0 	0 	0.0 	0.0 	0 	0.0 	0.0 	0.0 	0.0 	0.0 	0.0 	-		New Orleans Saints	BYE	0 	0.0 	0 	0.0 	0.0 	0 	0.0 	0.0 	0.0 	0.0 	0.0 	0.0 	-		New Orleans Saints	Cleveland Browns	0 	0.0 	0 	0.0 	3.2 	38 	0.3 	0.0 	0.0 	0.0 	0.0 	7.0 	WR51		New Orleans Saints	Carolina Panthers	0 	0.0 	0 	0.0 	3.4 	40 	0.3 	0.0 	0.0 	0.0 	0.0 	7.4 	WR46		New Orleans Saints	Chicago Bears	0 	0.0 	0 	0.0 	3.4 	40 	0.3 	0.0 	0.0 	0.0 	0.0 	7.4 	WR42		New Orleans Saints	Cincinnati Bengals	0 	0.0 	0 	0.0 	3.5 	41 	0.3 	0.0 	0.0 	0.0 	0.0 	7.5 	WR52		New Orleans Saints	Green Bay Packers	0 	0.0 	0 	0.0 	3.4 	40 	0.3 	0.0 	0.0 	0.0 	0.0 	7.3 	WR49		New Orleans Saints	Carolina Panthers	0 	0.0 	0 	0.0 	3.3 	39 	0.3 	0.0 	0.0 	0.0 	0.0 	7.2 	WR50		New Orleans Saints	Tampa Bay Buccaneers	0 	0.0 	0 	0.0 	3.4 	40 	0.3 	0.0 	0.0 	0.0 	0.0 	7.4 	WR53		New Orleans Saints	Arizona Cardinals	0 	0.0 	0 	0.0 	3.4 	40 	0.3 	0.0 	0.0 	0.0 	0.0 	7.6 	WR51		New Orleans Saints	Atlanta Falcons	0 	0.0 	0 	0.0 	3.4 	40 	0.3 	0.0 	0.0 	0.0 	0.0 	7.3 	WR53		Actual	Actual	Actual	Actual	Forecast	Forecast	Forecast	Forecast	Forecast	Forecast	Forecast	Forecast	Forecast	Forecast	Forecast	Forecast	Forecast		Injured	Injured	Injured	Injured	Injured	Injured	Injured	Injured	Limited / Handicapped	Healthy	Healthy	Healthy	Healthy	Healthy	Healthy	Healthy	Healthy		Week 5 2026	10/6/2026	7:50:59 PM	19		16%	17%	0%	0%	0%	0%		0.2 	1	1	1	1	1	
	Chig Okonkwo	Washington Commanders	TE	TE34	4.2 	59 	0 	0.0 	0.0 	0.0 	0 	0.0 	0.0 	0.0 	32.3 	2.3 	304 	21.7 	2.1 	0.2 	0.0 	0.1 	0.0 	0.161 	0.560 	0.259 	(1)	0.000 	0.000 	202 	171 	(31)	34 	18 	(16)	0.128 				-	-		-	-		-	-		-	-		2.6 	0.0 	0.0 	1.5 	4.5 	4.7 	0.0 	4.5 	4.7 	4.6 	4.8 	4.6 	4.5 	4.4 	4.6 	4.5 	4.6 		TE29	-	-	TE33	TE27	TE25	-	TE27	TE29	TE27	TE25	TE29	TE25	TE30	TE30	TE31	TE30		TE31	4.6 	0.0 	0.0 	0.0 	0.0 	2.4 	23.6 	0.2 	31 	0.215 	0.560 	0.289 	(0)	0.000 	0.000 	194 	0.148 		55 														TE60	2.1 	0.0 	0.0 	0.0 	0.0 	14.2 	141.7 	1.1 	60 	0.037 	0.560 	0.000 	(1)	0.000 	0.000 	#N/A	0.005 		4.1 																	Washington Commanders	Philadelphia Eagles	0 	0.0 	0 	0.0 	2.0 	16 	0.0 	0.0 	0.0 	0.0 	0.0 	2.6 	TE29		Washington Commanders	Dallas Cowboys	0 	0.0 	0 	0.0 	0.0 	0 	0.0 	0.0 	0.0 	0.0 	0.0 	0.0 	-		Washington Commanders	Seattle Seahawks	0 	0.0 	0 	0.0 	0.0 	0 	0.0 	0.0 	0.0 	0.0 	0.0 	0.0 	-		Washington Commanders	Indianapolis Colts	0 	0.0 	0 	0.0 	2.0 	5 	0.0 	0.0 	0.0 	0.0 	0.0 	1.5 	TE33		Washington Commanders	New York Giants	0 	0.0 	0 	0.0 	2.3 	23 	0.2 	0.0 	0.0 	0.0 	0.0 	4.5 	TE27		Washington Commanders	San Francisco 49ers	0 	0.0 	0 	0.0 	2.5 	25 	0.2 	0.0 	0.0 	0.0 	0.0 	4.7 	TE25		Washington Commanders	BYE	0 	0.0 	0 	0.0 	0.0 	0 	0.0 	0.0 	0.0 	0.0 	0.0 	0.0 	-		Washington Commanders	Philadelphia Eagles	0 	0.0 	0 	0.0 	2.3 	23 	0.2 	0.0 	0.0 	0.0 	0.0 	4.5 	TE27		Washington Commanders	Los Angeles Rams	0 	0.0 	0 	0.0 	2.4 	24 	0.2 	0.0 	0.0 	0.0 	0.0 	4.7 	TE29		Washington Commanders	New York Giants	0 	0.0 	0 	0.0 	2.3 	23 	0.2 	0.0 	0.0 	0.0 	0.0 	4.6 	TE27		Washington Commanders	Cincinnati Bengals	0 	0.0 	0 	0.0 	2.4 	24 	0.2 	0.0 	0.0 	0.0 	0.0 	4.8 	TE25		Washington Commanders	Arizona Cardinals	0 	0.0 	0 	0.0 	2.3 	23 	0.2 	0.0 	0.0 	0.0 	0.0 	4.6 	TE29		Washington Commanders	Tennessee Titans	0 	0.0 	0 	0.0 	2.3 	23 	0.2 	0.0 	0.0 	0.0 	0.0 	4.5 	TE25		Washington Commanders	Houston Texans	0 	0.0 	0 	0.0 	2.3 	23 	0.2 	0.0 	0.0 	0.0 	0.0 	4.4 	TE30		Washington Commanders	Atlanta Falcons	0 	0.0 	0 	0.0 	2.4 	24 	0.2 	0.0 	0.0 	0.0 	0.0 	4.6 	TE30		Washington Commanders	Minnesota Vikings	0 	0.0 	0 	0.0 	2.3 	23 	0.2 	0.0 	0.0 	0.0 	0.0 	4.5 	TE31		Washington Commanders	Jacksonville Jaguars	0 	0.0 	0 	0.0 	2.4 	24 	0.2 	0.0 	0.0 	0.0 	0.0 	4.6 	TE30		Actual	Actual	Actual	Actual	Forecast	Forecast	Forecast	Forecast	Forecast	Forecast	Forecast	Forecast	Forecast	Forecast	Forecast	Forecast	Forecast		Healthy	Injured	Injured	Healthy	Healthy	Healthy	Healthy	Healthy	Healthy	Healthy	Healthy	Healthy	Healthy	Healthy	Healthy	Healthy	Healthy		Week 5 2026	10/6/2026	7:50:59 PM	19		11%	12%	0%	0%	0%	0%		0.1 	1	1	0	0	0	
	Rashid Shaheed	Seattle Seahawks	WR	WR78	4.2 	68 	0 	0.0 	0.0 	0.0 	37 	2.3 	1.0 	0.1 	29.4 	1.8 	335 	20.9 	1.7 	0.1 	0.0 	0.1 	0.0 	0.184 	1.000 	0.220 	(1)	0.000 	0.000 	203 	143 	(60)	78 	54 	(24)	0.127 				-	-		-	-		-	-		-	-		0.9 	5.4 	2.4 	11.8 	4.0 	3.8 	4.0 	4.0 	4.1 	3.9 	0.0 	3.9 	4.1 	4.0 	3.8 	4.0 	3.8 		WR89	WR44	WR77	WR24	WR74	WR70	WR69	WR70	WR75	WR71	-	WR82	WR71	WR76	WR82	WR81	WR83		WR82	3.9 	0.0 	0.0 	0.0 	0.0 	1.9 	21.8 	0.1 	82 	0.184 	1.000 	0.180 	(1)	0.000 	0.000 	212 	0.109 		47 														WR73	5.1 	0.0 	0.0 	0.0 	0.0 	5.6 	65.4 	0.4 	73 	0.183 	1.000 	0.270 	(0)	0.000 	0.000 	#N/A	0.149 		20.5 																	Seattle Seahawks	New England Patriots	0 	0.0 	0 	0.0 	1.0 	4 	0.0 	0.0 	0.0 	0.0 	0.0 	0.9 	WR89		Seattle Seahawks	Arizona Cardinals	0 	0.0 	4 	0.0 	3.0 	35 	0.0 	0.0 	0.0 	0.0 	0.0 	5.4 	WR44		Seattle Seahawks	Washington Commanders	0 	0.0 	0 	0.0 	2.0 	14 	0.0 	0.0 	0.0 	0.0 	0.0 	2.4 	WR77		Seattle Seahawks	Los Angeles Chargers	0 	0.0 	33 	1.0 	1.0 	20 	0.0 	0.0 	0.0 	0.0 	0.0 	11.8 	WR24		Seattle Seahawks	San Francisco 49ers	0 	0.0 	0 	0.0 	1.9 	22 	0.1 	0.0 	0.0 	0.0 	0.0 	4.0 	WR74		Seattle Seahawks	Denver Broncos	0 	0.0 	0 	0.0 	1.8 	21 	0.1 	0.0 	0.0 	0.0 	0.0 	3.8 	WR70		Seattle Seahawks	Kansas City Chiefs	0 	0.0 	0 	0.0 	1.9 	22 	0.1 	0.0 	0.0 	0.0 	0.0 	4.0 	WR69		Seattle Seahawks	Chicago Bears	0 	0.0 	0 	0.0 	1.9 	22 	0.1 	0.0 	0.0 	0.0 	0.0 	4.0 	WR70		Seattle Seahawks	Arizona Cardinals	0 	0.0 	0 	0.0 	1.9 	22 	0.2 	0.0 	0.0 	0.0 	0.0 	4.1 	WR75		Seattle Seahawks	Las Vegas Raiders	0 	0.0 	0 	0.0 	1.8 	21 	0.1 	0.0 	0.0 	0.0 	0.0 	3.9 	WR71		Seattle Seahawks	BYE	0 	0.0 	0 	0.0 	0.0 	0 	0.0 	0.0 	0.0 	0.0 	0.0 	0.0 	-		Seattle Seahawks	San Francisco 49ers	0 	0.0 	0 	0.0 	1.9 	22 	0.1 	0.0 	0.0 	0.0 	0.0 	3.9 	WR82		Seattle Seahawks	Dallas Cowboys	0 	0.0 	0 	0.0 	1.9 	22 	0.1 	0.0 	0.0 	0.0 	0.0 	4.1 	WR71		Seattle Seahawks	New York Giants	0 	0.0 	0 	0.0 	1.9 	22 	0.1 	0.0 	0.0 	0.0 	0.0 	4.0 	WR76		Seattle Seahawks	Philadelphia Eagles	0 	0.0 	0 	0.0 	1.8 	21 	0.1 	0.0 	0.0 	0.0 	0.0 	3.8 	WR82		Seattle Seahawks	Los Angeles Rams	0 	0.0 	0 	0.0 	1.9 	22 	0.1 	0.0 	0.0 	0.0 	0.0 	4.0 	WR81		Seattle Seahawks	Carolina Panthers	0 	0.0 	0 	0.0 	1.8 	21 	0.1 	0.0 	0.0 	0.0 	0.0 	3.8 	WR83		Actual	Actual	Actual	Actual	Forecast	Forecast	Forecast	Forecast	Forecast	Forecast	Forecast	Forecast	Forecast	Forecast	Forecast	Forecast	Forecast		Healthy	Healthy	Healthy	Healthy	Healthy	Healthy	Healthy	Healthy	Healthy	Healthy	Healthy	Healthy	Healthy	Healthy	Healthy	Healthy	Healthy		Week 5 2026	10/6/2026	7:50:59 PM	19		9%	8%	0%	0%	0%	0%		(0.0)	0	0	0	0	0	(0.040344)
	Jonah Coleman	Denver Broncos	RB	RB62	4.4 	44 	0 	0.0 	0.0 	0.0 	198 	19.8 	2.2 	0.2 	8.8 	0.9 	59 	5.9 	0.1 	0.0 	0.0 	0.4 	0.0 	0.118 	1.000 	0.238 	(1)	0.000 	0.000 	204 	145 	(59)	62 	48 	(14)	0.125 																0.0 	13.3 	0.0 	0.0 	0.0 	0.0 	0.0 	3.3 	3.3 	0.0 	3.6 	3.1 	3.9 	3.4 	3.4 	3.2 	3.0 		-	RB11	-	-	-	-	-	RB52	RB52	-	RB43	RB58	RB51	RB54	RB57	RB59	RB58		RB65	3.4 	0.0 	0.0 	17.7 	0.1 	0.6 	4.5 	0.0 	65 	0.118 	1.000 	0.199 	(1)	0.000 	0.000 	213 	0.107 		30 														RB52	13.3 	0.0 	0.0 	158.9 	1.2 	5.8 	40.4 	0.1 	52 	0.119 	1.000 	0.366 	(1)	0.000 	0.000 	#N/A	0.183 		13.3 																	Denver Broncos	Kansas City Chiefs	0 	0.0 	0 	0.0 	0.0 	0 	0.0 	0.0 	0.0 	0.0 	0.0 	0.0 	-		Denver Broncos	Jacksonville Jaguars	0 	0.0 	39 	1.0 	3.0 	19 	0.0 	0.0 	0.0 	0.0 	0.0 	13.3 	RB11		Denver Broncos	Los Angeles Rams	0 	0.0 	0 	0.0 	0.0 	0 	0.0 	0.0 	0.0 	0.0 	0.0 	0.0 	-		Denver Broncos	San Francisco 49ers	0 	0.0 	0 	0.0 	0.0 	0 	0.0 	0.0 	0.0 	0.0 	0.0 	0.0 	-		Denver Broncos	Los Angeles Chargers	0 	0.0 	0 	0.0 	0.0 	0 	0.0 	0.0 	0.0 	0.0 	0.0 	0.0 	-		Denver Broncos	Seattle Seahawks	0 	0.0 	0 	0.0 	0.0 	0 	0.0 	0.0 	0.0 	0.0 	0.0 	0.0 	-		Denver Broncos	Arizona Cardinals	0 	0.0 	0 	0.0 	0.0 	0 	0.0 	0.0 	0.0 	0.0 	0.0 	0.0 	-		Denver Broncos	Kansas City Chiefs	0 	0.0 	17 	0.1 	0.6 	5 	0.0 	0.0 	0.0 	0.0 	0.0 	3.3 	RB52		Denver Broncos	Carolina Panthers	0 	0.0 	17 	0.1 	0.7 	5 	0.0 	0.0 	0.0 	0.0 	0.0 	3.3 	RB52		Denver Broncos	BYE	0 	0.0 	0 	0.0 	0.0 	0 	0.0 	0.0 	0.0 	0.0 	0.0 	0.0 	-		Denver Broncos	Las Vegas Raiders	0 	0.0 	19 	0.2 	0.6 	4 	0.0 	0.0 	0.0 	0.0 	0.0 	3.6 	RB43		Denver Broncos	Pittsburgh Steelers	0 	0.0 	17 	0.1 	0.6 	4 	0.0 	0.0 	0.0 	0.0 	0.0 	3.1 	RB58		Denver Broncos	Miami Dolphins	0 	0.0 	21 	0.2 	0.6 	4 	0.0 	0.0 	0.0 	0.0 	0.0 	3.9 	RB51		Denver Broncos	New York Jets	0 	0.0 	18 	0.1 	0.6 	4 	0.0 	0.0 	0.0 	0.0 	0.0 	3.4 	RB54		Denver Broncos	Las Vegas Raiders	0 	0.0 	18 	0.1 	0.6 	4 	0.0 	0.0 	0.0 	0.0 	0.0 	3.4 	RB57		Denver Broncos	Buffalo Bills	0 	0.0 	16 	0.1 	0.7 	5 	0.0 	0.0 	0.0 	0.0 	0.0 	3.2 	RB59		Denver Broncos	New England Patriots	0 	0.0 	16 	0.1 	0.6 	4 	0.0 	0.0 	0.0 	0.0 	0.0 	3.0 	RB58		Actual	Actual	Actual	Actual	Forecast	Forecast	Forecast	Forecast	Forecast	Forecast	Forecast	Forecast	Forecast	Forecast	Forecast	Forecast	Forecast		Healthy	Healthy	Injured	Injured	Injured	Injured	Injured	Healthy	Healthy	Healthy	Healthy	Healthy	Healthy	Healthy	Healthy	Healthy	Healthy		Week 5 2026	10/6/2026	7:50:59 PM	19		2%	1%	15%	15%	0%	0%		(0.1)	0	1	1	1	1	
	Chris Brooks	Green Bay Packers	RB	RB64	2.6 	42 	0 	0.0 	0.0 	0.0 	241 	15.1 	1.6 	0.1 	6.4 	0.4 	53 	3.3 	0.2 	0.0 	0.0 	0.5 	0.0 	0.115 	1.000 	0.212 	(1)	0.000 	0.000 	210 	268 	58 	64 	75 	11 	0.113 				-	-		-	-		-	-		-	-		2.9 	3.1 	0.9 	4.0 	3.8 	4.3 	4.3 	5.2 	1.6 	1.8 	0.0 	1.5 	1.8 	1.8 	2.0 	1.6 	1.6 		RB53	RB48	RB59	RB44	RB48	RB46	RB46	RB43	RB67	RB60	-	RB73	RB65	RB68	RB70	RB72	RB72		RB63	2.6 	0.0 	0.0 	14.3 	0.1 	0.3 	2.5 	0.0 	63 	0.122 	1.000 	0.225 	(1)	0.000 	0.000 	207 	0.120 		31 														RB64	2.7 	0.0 	0.0 	42.9 	0.4 	0.8 	7.4 	0.0 	64 	0.097 	1.000 	0.212 	(1)	0.000 	0.000 	#N/A	0.110 		10.9 																	Green Bay Packers	Minnesota Vikings	0 	0.0 	29 	0.0 	0.0 	0 	0.0 	0.0 	0.0 	0.0 	0.0 	2.9 	RB53		Green Bay Packers	New York Jets	0 	0.0 	11 	0.0 	1.0 	15 	0.0 	0.0 	0.0 	0.0 	0.0 	3.1 	RB48		Green Bay Packers	Atlanta Falcons	0 	0.0 	0 	0.0 	1.0 	4 	0.0 	0.0 	0.0 	0.0 	0.0 	0.9 	RB59		Green Bay Packers	Tampa Bay Buccaneers	0 	0.0 	30 	0.0 	1.0 	5 	0.0 	0.0 	0.0 	0.0 	0.0 	4.0 	RB44		Green Bay Packers	Chicago Bears	0 	0.0 	23 	0.2 	0.3 	2 	0.0 	0.0 	0.1 	0.0 	0.0 	3.8 	RB48		Green Bay Packers	Dallas Cowboys	0 	0.0 	25 	0.2 	0.3 	3 	0.0 	0.0 	0.1 	0.0 	0.0 	4.3 	RB46		Green Bay Packers	Detroit Lions	0 	0.0 	25 	0.2 	0.3 	3 	0.0 	0.0 	0.1 	0.0 	0.0 	4.3 	RB46		Green Bay Packers	Carolina Panthers	0 	0.0 	31 	0.3 	0.3 	2 	0.0 	0.0 	0.1 	0.0 	0.0 	5.2 	RB43		Green Bay Packers	New England Patriots	0 	0.0 	8 	0.1 	0.3 	2 	0.0 	0.0 	0.0 	0.0 	0.0 	1.6 	RB67		Green Bay Packers	Minnesota Vikings	0 	0.0 	9 	0.1 	0.3 	2 	0.0 	0.0 	0.0 	0.0 	0.0 	1.8 	RB60		Green Bay Packers	BYE	0 	0.0 	0 	0.0 	0.0 	0 	0.0 	0.0 	0.0 	0.0 	0.0 	0.0 	-		Green Bay Packers	Los Angeles Rams	0 	0.0 	7 	0.1 	0.3 	2 	0.0 	0.0 	0.0 	0.0 	0.0 	1.5 	RB73		Green Bay Packers	New Orleans Saints	0 	0.0 	9 	0.1 	0.3 	2 	0.0 	0.0 	0.0 	0.0 	0.0 	1.8 	RB65		Green Bay Packers	Buffalo Bills	0 	0.0 	8 	0.1 	0.3 	3 	0.0 	0.0 	0.0 	0.0 	0.0 	1.8 	RB68		Green Bay Packers	Miami Dolphins	0 	0.0 	10 	0.1 	0.3 	2 	0.0 	0.0 	0.0 	0.0 	0.0 	2.0 	RB70		Green Bay Packers	Chicago Bears	0 	0.0 	8 	0.1 	0.3 	2 	0.0 	0.0 	0.0 	0.0 	0.0 	1.6 	RB72		Green Bay Packers	Houston Texans	0 	0.0 	8 	0.1 	0.3 	2 	0.0 	0.0 	0.0 	0.0 	0.0 	1.6 	RB72		Actual	Actual	Actual	Actual	Forecast	Forecast	Forecast	Forecast	Forecast	Forecast	Forecast	Forecast	Forecast	Forecast	Forecast	Forecast	Forecast		Healthy	Healthy	Healthy	Healthy	Limited / Handicapped	Healthy	Healthy	Healthy	Healthy	Healthy	Healthy	Healthy	Healthy	Healthy	Healthy	Healthy	Healthy		Week 5 2026	10/6/2026	7:50:59 PM	19		1%	1%	8%	8%	0%	0%		0.0 	0	0	0	0	0	0.009517 
	Tommy Tremble	Carolina Panthers	TE	TE35	2.8 	44 	0 	0.0 	0.0 	0.0 	0 	0.0 	0.0 	0.0 	28.8 	1.8 	246 	15.4 	0.9 	0.1 	0.0 	0.0 	0.0 	0.120 	0.560 	0.249 	(1)	0.000 	0.000 	207 	0 	(207)	35 	0 	(35)	0.118 																4.0 	0.9 	5.6 	3.2 	0.0 	2.5 	2.6 	2.5 	2.5 	2.5 	2.6 	2.6 	2.5 	2.6 	2.6 	2.5 	2.5 		TE25	TE33	TE18	TE24	-	TE30	TE31	TE31	TE33	TE31	TE28	TE35	TE30	TE33	TE35	TE35	TE35		TE35	2.5 	0.0 	0.0 	0.0 	0.0 	1.5 	13.6 	0.1 	35 	0.119 	0.560 	0.249 	(1)	0.000 	0.000 	209 	0.117 		31 														TE37	3.4 	0.0 	0.0 	0.0 	0.0 	4.4 	40.9 	0.2 	37 	0.122 	0.560 	0.229 	(1)	0.000 	0.000 	#N/A	0.110 		13.7 																	Carolina Panthers	Chicago Bears	0 	0.0 	0 	0.0 	3.0 	25 	0.0 	0.0 	0.0 	0.0 	0.0 	4.0 	TE25		Carolina Panthers	Atlanta Falcons	0 	0.0 	0 	0.0 	1.0 	4 	0.0 	0.0 	0.0 	0.0 	0.0 	0.9 	TE33		Carolina Panthers	Cleveland Browns	0 	0.0 	0 	0.0 	3.0 	41 	0.0 	0.0 	0.0 	0.0 	0.0 	5.6 	TE18		Carolina Panthers	Detroit Lions	0 	0.0 	0 	0.0 	4.0 	12 	0.0 	0.0 	0.0 	0.0 	0.0 	3.2 	TE24		Carolina Panthers	BYE	0 	0.0 	0 	0.0 	0.0 	0 	0.0 	0.0 	0.0 	0.0 	0.0 	0.0 	-		Carolina Panthers	Philadelphia Eagles	0 	0.0 	0 	0.0 	1.5 	13 	0.1 	0.0 	0.0 	0.0 	0.0 	2.5 	TE30		Carolina Panthers	Tampa Bay Buccaneers	0 	0.0 	0 	0.0 	1.5 	14 	0.1 	0.0 	0.0 	0.0 	0.0 	2.6 	TE31		Carolina Panthers	Green Bay Packers	0 	0.0 	0 	0.0 	1.5 	14 	0.1 	0.0 	0.0 	0.0 	0.0 	2.5 	TE31		Carolina Panthers	Denver Broncos	0 	0.0 	0 	0.0 	1.4 	13 	0.1 	0.0 	0.0 	0.0 	0.0 	2.5 	TE33		Carolina Panthers	New Orleans Saints	0 	0.0 	0 	0.0 	1.5 	14 	0.1 	0.0 	0.0 	0.0 	0.0 	2.5 	TE31		Carolina Panthers	Baltimore Ravens	0 	0.0 	0 	0.0 	1.5 	14 	0.1 	0.0 	0.0 	0.0 	0.0 	2.6 	TE28		Carolina Panthers	Tampa Bay Buccaneers	0 	0.0 	0 	0.0 	1.5 	14 	0.1 	0.0 	0.0 	0.0 	0.0 	2.6 	TE35		Carolina Panthers	Minnesota Vikings	0 	0.0 	0 	0.0 	1.5 	14 	0.1 	0.0 	0.0 	0.0 	0.0 	2.5 	TE30		Carolina Panthers	New Orleans Saints	0 	0.0 	0 	0.0 	1.5 	14 	0.1 	0.0 	0.0 	0.0 	0.0 	2.6 	TE33		Carolina Panthers	Cincinnati Bengals	0 	0.0 	0 	0.0 	1.5 	14 	0.1 	0.0 	0.0 	0.0 	0.0 	2.6 	TE35		Carolina Panthers	Pittsburgh Steelers	0 	0.0 	0 	0.0 	1.5 	13 	0.1 	0.0 	0.0 	0.0 	0.0 	2.5 	TE35		Carolina Panthers	Seattle Seahawks	0 	0.0 	0 	0.0 	1.5 	14 	0.1 	0.0 	0.0 	0.0 	0.0 	2.5 	TE35		Actual	Actual	Actual	Actual	Forecast	Forecast	Forecast	Forecast	Forecast	Forecast	Forecast	Forecast	Forecast	Forecast	Forecast	Forecast	Forecast		Healthy	Healthy	Healthy	Healthy	Healthy	Healthy	Healthy	Healthy	Healthy	Healthy	Healthy	Healthy	Healthy	Healthy	Healthy	Healthy	Healthy		Week 5 2026	10/6/2026	7:50:59 PM	19		6%	5%	0%	0%	0%	0%		0.0 	0	0	0	0	0	0.007579 
	Dohnte Meyers	Cincinnati Bengals	WR	WR79	4.5 	67 	0 	0.0 	0.0 	0.0 	10 	0.7 	0.0 	0.0 	33.9 	2.3 	385 	25.7 	1.8 	0.1 	0.0 	0.1 	0.0 	0.182 	1.000 	0.210 	(1)	0.000 	0.000 	205 	0 	(205)	79 	0 	(79)	0.122 																3.3 	0.0 	4.4 	11.7 	3.7 	0.0 	4.0 	4.0 	4.0 	4.0 	4.1 	4.0 	3.8 	3.9 	3.9 	4.1 	4.1 		WR73	-	WR57	WR25	WR75	-	WR68	WR71	WR76	WR69	WR69	WR81	WR73	WR77	WR81	WR80	WR80		WR81	4.0 	0.0 	0.0 	0.0 	0.0 	1.9 	21.3 	0.1 	81 	0.186 	1.000 	0.190 	(1)	0.000 	0.000 	210 	0.113 		48 														WR77	6.5 	0.0 	0.0 	0.0 	0.0 	7.6 	85.3 	0.6 	77 	0.173 	1.000 	0.230 	(0)	0.000 	0.000 	#N/A	0.129 		19.4 																	Cincinnati Bengals	Tampa Bay Buccaneers	0 	0.0 	10 	0.0 	1.0 	18 	0.0 	0.0 	0.0 	0.0 	0.0 	3.3 	WR73		Cincinnati Bengals	Houston Texans	0 	0.0 	0 	0.0 	0.0 	0 	0.0 	0.0 	0.0 	0.0 	0.0 	0.0 	-		Cincinnati Bengals	Pittsburgh Steelers	0 	0.0 	0 	0.0 	3.0 	29 	0.0 	0.0 	0.0 	0.0 	0.0 	4.4 	WR57		Cincinnati Bengals	Jacksonville Jaguars	0 	0.0 	0 	0.0 	7.0 	82 	0.0 	0.0 	0.0 	0.0 	0.0 	11.7 	WR25		Cincinnati Bengals	Miami Dolphins	0 	0.0 	0 	0.0 	1.8 	20 	0.1 	0.0 	0.0 	0.0 	0.0 	3.7 	WR75		Cincinnati Bengals	BYE	0 	0.0 	0 	0.0 	0.0 	0 	0.0 	0.0 	0.0 	0.0 	0.0 	0.0 	-		Cincinnati Bengals	Baltimore Ravens	0 	0.0 	0 	0.0 	1.9 	22 	0.1 	0.0 	0.0 	0.0 	0.0 	4.0 	WR68		Cincinnati Bengals	Tennessee Titans	0 	0.0 	0 	0.0 	1.9 	21 	0.2 	0.0 	0.0 	0.0 	0.0 	4.0 	WR71		Cincinnati Bengals	Atlanta Falcons	0 	0.0 	0 	0.0 	1.9 	22 	0.2 	0.0 	0.0 	0.0 	0.0 	4.0 	WR76		Cincinnati Bengals	Pittsburgh Steelers	0 	0.0 	0 	0.0 	1.9 	21 	0.1 	0.0 	0.0 	0.0 	0.0 	4.0 	WR69		Cincinnati Bengals	Washington Commanders	0 	0.0 	0 	0.0 	2.0 	22 	0.2 	0.0 	0.0 	0.0 	0.0 	4.1 	WR69		Cincinnati Bengals	New Orleans Saints	0 	0.0 	0 	0.0 	1.9 	21 	0.2 	0.0 	0.0 	0.0 	0.0 	4.0 	WR81		Cincinnati Bengals	Cleveland Browns	0 	0.0 	0 	0.0 	1.9 	21 	0.1 	0.0 	0.0 	0.0 	0.0 	3.8 	WR73		Cincinnati Bengals	Kansas City Chiefs	0 	0.0 	0 	0.0 	1.9 	21 	0.1 	0.0 	0.0 	0.0 	0.0 	3.9 	WR77		Cincinnati Bengals	Carolina Panthers	0 	0.0 	0 	0.0 	1.9 	21 	0.1 	0.0 	0.0 	0.0 	0.0 	3.9 	WR81		Cincinnati Bengals	Indianapolis Colts	0 	0.0 	0 	0.0 	2.0 	22 	0.2 	0.0 	0.0 	0.0 	0.0 	4.1 	WR80		Cincinnati Bengals	Baltimore Ravens	0 	0.0 	0 	0.0 	2.0 	22 	0.2 	0.0 	0.0 	0.0 	0.0 	4.1 	WR80		Actual	Actual	Actual	Actual	Forecast	Forecast	Forecast	Forecast	Forecast	Forecast	Forecast	Forecast	Forecast	Forecast	Forecast	Forecast	Forecast		Healthy	Healthy	Injured	Healthy	Healthy	Healthy	Healthy	Healthy	Healthy	Healthy	Healthy	Healthy	Healthy	Healthy	Healthy	Healthy	Healthy		Week 5 2026	10/6/2026	7:50:59 PM	19		8%	7%	0%	0%	0%	0%		(0.0)	0	1	0	0	0	
	Ryan Flournoy	Dallas Cowboys	WR	WR80	4.2 	67 	0 	0.0 	0.0 	0.0 	0 	0.0 	0.0 	0.0 	42.2 	2.6 	381 	23.8 	1.3 	0.1 	0.0 	0.1 	0.0 	0.181 	1.000 	0.200 	(1)	0.000 	0.000 	208 	251 	43 	80 	83 	3 	0.117 																3.2 	4.8 	3.2 	5.7 	4.1 	4.2 	4.0 	4.1 	4.3 	4.3 	4.1 	4.1 	4.0 	0.0 	4.2 	4.3 	4.2 		WR75	WR54	WR65	WR52	WR71	WR67	WR67	WR69	WR73	WR67	WR68	WR80	WR72	-	WR80	WR79	WR79		WR79	4.2 	0.0 	0.0 	0.0 	0.0 	2.4 	23.1 	0.1 	79 	0.195 	1.000 	0.210 	(1)	0.000 	0.000 	206 	0.124 		50 														WR80	4.2 	0.0 	0.0 	0.0 	0.0 	7.3 	69.3 	0.3 	80 	0.151 	1.000 	0.200 	(1)	0.000 	0.000 	#N/A	0.113 		16.9 																	Dallas Cowboys	New York Giants	0 	0.0 	0 	0.0 	2.0 	22 	0.0 	0.0 	0.0 	0.0 	0.0 	3.2 	WR75		Dallas Cowboys	Washington Commanders	0 	0.0 	0 	0.0 	5.0 	23 	0.0 	0.0 	0.0 	0.0 	0.0 	4.8 	WR54		Dallas Cowboys	Baltimore Ravens	0 	0.0 	0 	0.0 	2.0 	22 	0.0 	0.0 	0.0 	0.0 	0.0 	3.2 	WR65		Dallas Cowboys	Houston Texans	0 	0.0 	0 	0.0 	4.0 	37 	0.0 	0.0 	0.0 	0.0 	0.0 	5.7 	WR52		Dallas Cowboys	Tampa Bay Buccaneers	0 	0.0 	0 	0.0 	2.4 	22 	0.1 	0.0 	0.0 	0.0 	0.0 	4.1 	WR71		Dallas Cowboys	Green Bay Packers	0 	0.0 	0 	0.0 	2.5 	23 	0.1 	0.0 	0.0 	0.0 	0.0 	4.2 	WR67		Dallas Cowboys	Philadelphia Eagles	0 	0.0 	0 	0.0 	2.4 	23 	0.1 	0.0 	0.0 	0.0 	0.0 	4.0 	WR67		Dallas Cowboys	Arizona Cardinals	0 	0.0 	0 	0.0 	2.4 	23 	0.1 	0.0 	0.0 	0.0 	0.0 	4.1 	WR69		Dallas Cowboys	Indianapolis Colts	0 	0.0 	0 	0.0 	2.5 	24 	0.1 	0.0 	0.0 	0.0 	0.0 	4.3 	WR73		Dallas Cowboys	San Francisco 49ers	0 	0.0 	0 	0.0 	2.5 	24 	0.1 	0.0 	0.0 	0.0 	0.0 	4.3 	WR67		Dallas Cowboys	Tennessee Titans	0 	0.0 	0 	0.0 	2.4 	23 	0.1 	0.0 	0.0 	0.0 	0.0 	4.1 	WR68		Dallas Cowboys	Philadelphia Eagles	0 	0.0 	0 	0.0 	2.4 	23 	0.1 	0.0 	0.0 	0.0 	0.0 	4.1 	WR80		Dallas Cowboys	Seattle Seahawks	0 	0.0 	0 	0.0 	2.4 	23 	0.1 	0.0 	0.0 	0.0 	0.0 	4.0 	WR72		Dallas Cowboys	BYE	0 	0.0 	0 	0.0 	0.0 	0 	0.0 	0.0 	0.0 	0.0 	0.0 	0.0 	-		Dallas Cowboys	Los Angeles Rams	0 	0.0 	0 	0.0 	2.5 	24 	0.1 	0.0 	0.0 	0.0 	0.0 	4.2 	WR80		Dallas Cowboys	Jacksonville Jaguars	0 	0.0 	0 	0.0 	2.5 	24 	0.1 	0.0 	0.0 	0.0 	0.0 	4.3 	WR79		Dallas Cowboys	New York Giants	0 	0.0 	0 	0.0 	2.4 	23 	0.1 	0.0 	0.0 	0.0 	0.0 	4.2 	WR79		Actual	Actual	Actual	Actual	Forecast	Forecast	Forecast	Forecast	Forecast	Forecast	Forecast	Forecast	Forecast	Forecast	Forecast	Forecast	Forecast		Healthy	Healthy	Healthy	Healthy	Healthy	Healthy	Healthy	Healthy	Healthy	Healthy	Healthy	Healthy	Healthy	Healthy	Healthy	Healthy	Healthy		Week 5 2026	10/6/2026	7:50:59 PM	19		9%	6%	0%	0%	0%	0%		0.0 	0	0	0	0	0	0.011064 
	Kendre Miller	New Orleans Saints	RB	RB63	2.9 	43 	0 	0.0 	0.0 	0.0 	239 	15.9 	2.3 	0.2 	9.3 	0.6 	45 	3.0 	0.0 	0.0 	0.0 	1.7 	0.0 	0.117 	1.000 	0.225 	(1)	0.000 	0.000 	206 	0 	(206)	63 	0 	(63)	0.119 																9.0 	0.0 	2.9 	0.9 	3.4 	3.9 	3.4 	0.0 	2.3 	2.3 	1.9 	2.0 	2.1 	2.1 	2.1 	2.6 	2.2 		RB26	-	RB46	RB58	RB52	RB49	RB49	-	RB59	RB58	RB53	RB70	RB63	RB63	RB69	RB63	RB68		RB64	2.5 	0.0 	0.0 	15.5 	0.1 	0.4 	2.5 	0.0 	64 	0.119 	1.000 	0.212 	(1)	0.000 	0.000 	211 	0.113 		30 														RB57	4.3 	0.0 	0.0 	62.0 	0.4 	1.8 	9.9 	0.0 	57 	0.114 	1.000 	0.302 	(1)	0.000 	0.000 	#N/A	0.153 		12.8 																	New Orleans Saints	Detroit Lions	0 	0.0 	30 	1.0 	0.0 	0 	0.0 	0.0 	0.0 	0.0 	0.0 	9.0 	RB26		New Orleans Saints	Baltimore Ravens	0 	0.0 	0 	0.0 	0.0 	0 	0.0 	0.0 	0.0 	0.0 	0.0 	0.0 	-		New Orleans Saints	Las Vegas Raiders	0 	0.0 	14 	0.0 	2.0 	5 	0.0 	0.0 	0.0 	0.0 	0.0 	2.9 	RB46		New Orleans Saints	Atlanta Falcons	0 	0.0 	9 	0.0 	2.0 	10 	0.0 	0.0 	1.0 	0.0 	0.0 	0.9 	RB58		New Orleans Saints	Minnesota Vikings	0 	0.0 	22 	0.2 	0.4 	2 	0.0 	0.0 	0.1 	0.0 	0.0 	3.4 	RB52		New Orleans Saints	New York Giants	0 	0.0 	25 	0.2 	0.4 	3 	0.0 	0.0 	0.1 	0.0 	0.0 	3.9 	RB49		New Orleans Saints	Pittsburgh Steelers	0 	0.0 	22 	0.1 	0.4 	2 	0.0 	0.0 	0.1 	0.0 	0.0 	3.4 	RB49		New Orleans Saints	BYE	0 	0.0 	0 	0.0 	0.0 	0 	0.0 	0.0 	0.0 	0.0 	0.0 	0.0 	-		New Orleans Saints	Cleveland Browns	0 	0.0 	14 	0.1 	0.4 	2 	0.0 	0.0 	0.0 	0.0 	0.0 	2.3 	RB59		New Orleans Saints	Carolina Panthers	0 	0.0 	14 	0.1 	0.4 	2 	0.0 	0.0 	0.0 	0.0 	0.0 	2.3 	RB58		New Orleans Saints	Chicago Bears	0 	0.0 	11 	0.1 	0.4 	3 	0.0 	0.0 	0.0 	0.0 	0.0 	1.9 	RB53		New Orleans Saints	Cincinnati Bengals	0 	0.0 	11 	0.1 	0.5 	3 	0.0 	0.0 	0.0 	0.0 	0.0 	2.0 	RB70		New Orleans Saints	Green Bay Packers	0 	0.0 	12 	0.1 	0.4 	2 	0.0 	0.0 	0.0 	0.0 	0.0 	2.1 	RB63		New Orleans Saints	Carolina Panthers	0 	0.0 	13 	0.1 	0.4 	2 	0.0 	0.0 	0.0 	0.0 	0.0 	2.1 	RB63		New Orleans Saints	Tampa Bay Buccaneers	0 	0.0 	12 	0.1 	0.4 	3 	0.0 	0.0 	0.0 	0.0 	0.0 	2.1 	RB69		New Orleans Saints	Arizona Cardinals	0 	0.0 	15 	0.1 	0.5 	3 	0.0 	0.0 	0.0 	0.0 	0.0 	2.6 	RB63		New Orleans Saints	Atlanta Falcons	0 	0.0 	13 	0.1 	0.4 	2 	0.0 	0.0 	0.0 	0.0 	0.0 	2.2 	RB68		Actual	Actual	Actual	Actual	Forecast	Forecast	Forecast	Forecast	Forecast	Forecast	Forecast	Forecast	Forecast	Forecast	Forecast	Forecast	Forecast		Healthy	Healthy	Healthy	Healthy	Healthy	Healthy	Healthy	Healthy	Healthy	Healthy	Healthy	Healthy	Healthy	Healthy	Healthy	Healthy	Healthy		Week 5 2026	10/6/2026	7:50:59 PM	19		1%	0%	15%	14%	0%	0%		(0.0)	0	0	0	0	0	(0.039966)
	Kayshon Boutte	Houston Texans	WR	WR82	4.1 	66 	0 	0.0 	0.0 	0.0 	0 	0.0 	0.0 	0.0 	29.1 	1.8 	388 	24.3 	2.1 	0.1 	0.0 	0.1 	0.0 	0.179 	1.000 	0.180 	(1)	0.000 	0.000 	211 	148 	(63)	82 	56 	(26)	0.108 				-	-		-	-		-	-		-	-		2.6 	5.2 	3.1 	5.1 	4.0 	4.1 	4.3 	0.0 	4.1 	4.0 	4.4 	4.3 	4.1 	4.3 	4.3 	3.8 	4.1 		WR78	WR47	WR67	WR55	WR72	WR68	WR66	-	WR74	WR68	WR66	WR79	WR70	WR75	WR79	WR83	WR81		WR80	4.2 	0.0 	0.0 	0.0 	0.0 	1.7 	22.8 	0.2 	80 	0.195 	1.000 	0.200 	(1)	0.000 	0.000 	208 	0.119 		50 														WR86	4.0 	0.0 	0.0 	0.0 	0.0 	5.0 	68.3 	0.5 	86 	0.143 	1.000 	0.140 	(1)	0.000 	0.000 	#N/A	0.084 		16.0 																	Houston Texans	Buffalo Bills	0 	0.0 	0 	0.0 	1.0 	21 	0.0 	0.0 	0.0 	0.0 	0.0 	2.6 	WR78		Houston Texans	Cincinnati Bengals	0 	0.0 	0 	0.0 	3.0 	37 	0.0 	0.0 	0.0 	0.0 	0.0 	5.2 	WR47		Houston Texans	Indianapolis Colts	0 	0.0 	0 	0.0 	2.0 	21 	0.0 	0.0 	0.0 	0.0 	0.0 	3.1 	WR67		Houston Texans	Dallas Cowboys	0 	0.0 	0 	0.0 	3.0 	36 	0.0 	0.0 	0.0 	0.0 	0.0 	5.1 	WR55		Houston Texans	Tennessee Titans	0 	0.0 	0 	0.0 	1.6 	22 	0.2 	0.0 	0.0 	0.0 	0.0 	4.0 	WR72		Houston Texans	Jacksonville Jaguars	0 	0.0 	0 	0.0 	1.7 	23 	0.2 	0.0 	0.0 	0.0 	0.0 	4.1 	WR68		Houston Texans	New York Giants	0 	0.0 	0 	0.0 	1.7 	23 	0.2 	0.0 	0.0 	0.0 	0.0 	4.3 	WR66		Houston Texans	BYE	0 	0.0 	0 	0.0 	0.0 	0 	0.0 	0.0 	0.0 	0.0 	0.0 	0.0 	-		Houston Texans	Los Angeles Chargers	0 	0.0 	0 	0.0 	1.7 	23 	0.2 	0.0 	0.0 	0.0 	0.0 	4.1 	WR74		Houston Texans	Cleveland Browns	0 	0.0 	0 	0.0 	1.6 	22 	0.2 	0.0 	0.0 	0.0 	0.0 	4.0 	WR68		Houston Texans	Indianapolis Colts	0 	0.0 	0 	0.0 	1.7 	24 	0.2 	0.0 	0.0 	0.0 	0.0 	4.4 	WR66		Houston Texans	Baltimore Ravens	0 	0.0 	0 	0.0 	1.7 	23 	0.2 	0.0 	0.0 	0.0 	0.0 	4.3 	WR79		Houston Texans	Pittsburgh Steelers	0 	0.0 	0 	0.0 	1.7 	23 	0.2 	0.0 	0.0 	0.0 	0.0 	4.1 	WR70		Houston Texans	Washington Commanders	0 	0.0 	0 	0.0 	1.7 	23 	0.2 	0.0 	0.0 	0.0 	0.0 	4.3 	WR75		Houston Texans	Jacksonville Jaguars	0 	0.0 	0 	0.0 	1.7 	23 	0.2 	0.0 	0.0 	0.0 	0.0 	4.3 	WR79		Houston Texans	Philadelphia Eagles	0 	0.0 	0 	0.0 	1.6 	22 	0.1 	0.0 	0.0 	0.0 	0.0 	3.8 	WR83		Houston Texans	Green Bay Packers	0 	0.0 	0 	0.0 	1.7 	23 	0.2 	0.0 	0.0 	0.0 	0.0 	4.1 	WR81		Actual	Actual	Actual	Actual	Forecast	Forecast	Forecast	Forecast	Forecast	Forecast	Forecast	Forecast	Forecast	Forecast	Forecast	Forecast	Forecast		Healthy	Healthy	Healthy	Healthy	Healthy	Healthy	Healthy	Healthy	Healthy	Healthy	Healthy	Healthy	Healthy	Healthy	Healthy	Healthy	Healthy		Week 5 2026	10/6/2026	7:50:59 PM	19		10%	12%	0%	0%	0%	0%		0.0 	0	0	0	0	0	0.034760 
	Cole Kmet	Chicago Bears	TE	TE36	2.1 	29 	0 	0.0 	0.0 	0.0 	0 	0.0 	0.0 	0.0 	10.5 	0.7 	123 	8.8 	1.9 	0.1 	0.0 	0.0 	0.0 	0.079 	0.560 	0.239 	(1)	0.000 	0.000 	212 	0 	(212)	36 	0 	(36)	0.107 																10.5 	0.0 	0.0 	2.3 	1.3 	1.3 	1.3 	1.3 	1.4 	0.0 	1.3 	1.4 	1.4 	1.4 	1.4 	1.3 	1.4 		TE10	-	-	TE28	TE32	TE31	TE32	TE35	TE35	-	TE30	TE37	TE32	TE35	TE37	TE37	TE37		TE37	1.4 	0.0 	0.0 	0.0 	0.0 	0.5 	6.2 	0.1 	37 	0.064 	0.560 	0.229 	(1)	0.000 	0.000 	216 	0.101 		16 														TE39	6.4 	0.0 	0.0 	0.0 	0.0 	3.2 	37.4 	0.5 	39 	0.114 	0.560 	0.208 	(1)	0.000 	0.000 	#N/A	0.100 		12.8 																	Chicago Bears	Carolina Panthers	0 	0.0 	0 	0.0 	2.0 	35 	1.0 	0.0 	0.0 	0.0 	0.0 	10.5 	TE10		Chicago Bears	Minnesota Vikings	0 	0.0 	0 	0.0 	0.0 	0 	0.0 	0.0 	0.0 	0.0 	0.0 	0.0 	-		Chicago Bears	Philadelphia Eagles	0 	0.0 	0 	0.0 	0.0 	0 	0.0 	0.0 	0.0 	0.0 	0.0 	0.0 	-		Chicago Bears	New York Jets	0 	0.0 	0 	0.0 	2.0 	13 	0.0 	0.0 	0.0 	0.0 	0.0 	2.3 	TE28		Chicago Bears	Green Bay Packers	0 	0.0 	0 	0.0 	0.5 	6 	0.1 	0.0 	0.0 	0.0 	0.0 	1.3 	TE32		Chicago Bears	Atlanta Falcons	0 	0.0 	0 	0.0 	0.5 	6 	0.1 	0.0 	0.0 	0.0 	0.0 	1.3 	TE31		Chicago Bears	New England Patriots	0 	0.0 	0 	0.0 	0.5 	6 	0.1 	0.0 	0.0 	0.0 	0.0 	1.3 	TE32		Chicago Bears	Seattle Seahawks	0 	0.0 	0 	0.0 	0.5 	6 	0.1 	0.0 	0.0 	0.0 	0.0 	1.3 	TE35		Chicago Bears	Tampa Bay Buccaneers	0 	0.0 	0 	0.0 	0.5 	6 	0.1 	0.0 	0.0 	0.0 	0.0 	1.4 	TE35		Chicago Bears	BYE	0 	0.0 	0 	0.0 	0.0 	0 	0.0 	0.0 	0.0 	0.0 	0.0 	0.0 	-		Chicago Bears	New Orleans Saints	0 	0.0 	0 	0.0 	0.5 	6 	0.1 	0.0 	0.0 	0.0 	0.0 	1.3 	TE30		Chicago Bears	Detroit Lions	0 	0.0 	0 	0.0 	0.6 	6 	0.1 	0.0 	0.0 	0.0 	0.0 	1.4 	TE37		Chicago Bears	Jacksonville Jaguars	0 	0.0 	0 	0.0 	0.5 	6 	0.1 	0.0 	0.0 	0.0 	0.0 	1.4 	TE32		Chicago Bears	Miami Dolphins	0 	0.0 	0 	0.0 	0.5 	6 	0.1 	0.0 	0.0 	0.0 	0.0 	1.4 	TE35		Chicago Bears	Buffalo Bills	0 	0.0 	0 	0.0 	0.6 	6 	0.1 	0.0 	0.0 	0.0 	0.0 	1.4 	TE37		Chicago Bears	Green Bay Packers	0 	0.0 	0 	0.0 	0.5 	6 	0.1 	0.0 	0.0 	0.0 	0.0 	1.3 	TE37		Chicago Bears	Detroit Lions	0 	0.0 	0 	0.0 	0.5 	6 	0.1 	0.0 	0.0 	0.0 	0.0 	1.4 	TE37		Actual	Actual	Actual	Actual	Forecast	Forecast	Forecast	Forecast	Forecast	Forecast	Forecast	Forecast	Forecast	Forecast	Forecast	Forecast	Forecast		Healthy	Healthy	Healthy	Healthy	Healthy	Healthy	Healthy	Healthy	Healthy	Healthy	Healthy	Healthy	Healthy	Healthy	Healthy	Healthy	Healthy		Week 5 2026	10/6/2026	7:50:59 PM	19		3%	5%	0%	0%	0%	0%		0.0 	0	0	0	0	0	0.000510 
	Will Shipley	Philadelphia Eagles	RB	RB65	2.6 	41 	0 	0.0 	0.0 	0.0 	212 	13.2 	0.9 	0.1 	11.8 	0.7 	75 	4.7 	0.4 	0.0 	0.0 	0.4 	0.0 	0.112 	1.000 	0.199 	(1)	0.000 	0.000 	213 	0 	(213)	65 	0 	(65)	0.106 																1.7 	3.9 	1.6 	2.3 	2.2 	2.6 	2.8 	2.7 	2.8 	0.0 	2.7 	2.6 	3.0 	2.9 	2.6 	2.4 	2.5 		RB57	RB44	RB57	RB50	RB57	RB53	RB52	RB55	RB56	-	RB47	RB61	RB55	RB59	RB65	RB64	RB63		RB62	2.7 	0.0 	0.0 	13.4 	0.1 	0.7 	4.2 	0.0 	62 	0.124 	1.000 	0.238 	(1)	0.000 	0.000 	205 	0.126 		32 														RB65	2.4 	0.0 	0.0 	40.1 	0.2 	2.0 	12.7 	0.1 	65 	0.085 	1.000 	0.199 	(1)	0.000 	0.000 	#N/A	0.102 		9.5 																	Philadelphia Eagles	Washington Commanders	0 	0.0 	4 	0.0 	1.0 	8 	0.0 	0.0 	0.0 	0.0 	0.0 	1.7 	RB57		Philadelphia Eagles	Tennessee Titans	0 	0.0 	24 	0.0 	2.0 	5 	0.0 	0.0 	0.0 	0.0 	0.0 	3.9 	RB44		Philadelphia Eagles	Chicago Bears	0 	0.0 	0 	0.0 	1.0 	11 	0.0 	0.0 	0.0 	0.0 	0.0 	1.6 	RB57		Philadelphia Eagles	Los Angeles Rams	0 	0.0 	23 	0.0 	0.0 	0 	0.0 	0.0 	0.0 	0.0 	0.0 	2.3 	RB50		Philadelphia Eagles	Jacksonville Jaguars	0 	0.0 	11 	0.0 	0.6 	4 	0.0 	0.0 	0.0 	0.0 	0.0 	2.2 	RB57		Philadelphia Eagles	Carolina Panthers	0 	0.0 	13 	0.1 	0.7 	4 	0.0 	0.0 	0.0 	0.0 	0.0 	2.6 	RB53		Philadelphia Eagles	Dallas Cowboys	0 	0.0 	14 	0.1 	0.7 	4 	0.0 	0.0 	0.0 	0.0 	0.0 	2.8 	RB52		Philadelphia Eagles	Washington Commanders	0 	0.0 	13 	0.1 	0.7 	4 	0.0 	0.0 	0.0 	0.0 	0.0 	2.7 	RB55		Philadelphia Eagles	New York Giants	0 	0.0 	14 	0.1 	0.7 	4 	0.0 	0.0 	0.0 	0.0 	0.0 	2.8 	RB56		Philadelphia Eagles	BYE	0 	0.0 	0 	0.0 	0.0 	0 	0.0 	0.0 	0.0 	0.0 	0.0 	0.0 	-		Philadelphia Eagles	Pittsburgh Steelers	0 	0.0 	14 	0.1 	0.6 	4 	0.0 	0.0 	0.0 	0.0 	0.0 	2.7 	RB47		Philadelphia Eagles	Dallas Cowboys	0 	0.0 	13 	0.1 	0.7 	4 	0.0 	0.0 	0.0 	0.0 	0.0 	2.6 	RB61		Philadelphia Eagles	Arizona Cardinals	0 	0.0 	16 	0.1 	0.6 	4 	0.0 	0.0 	0.0 	0.0 	0.0 	3.0 	RB55		Philadelphia Eagles	Indianapolis Colts	0 	0.0 	14 	0.1 	0.7 	4 	0.0 	0.0 	0.0 	0.0 	0.0 	2.9 	RB59		Philadelphia Eagles	Seattle Seahawks	0 	0.0 	13 	0.1 	0.6 	4 	0.0 	0.0 	0.0 	0.0 	0.0 	2.6 	RB65		Philadelphia Eagles	Houston Texans	0 	0.0 	13 	0.1 	0.6 	4 	0.0 	0.0 	0.0 	0.0 	0.0 	2.4 	RB64		Philadelphia Eagles	San Francisco 49ers	0 	0.0 	13 	0.1 	0.7 	4 	0.0 	0.0 	0.0 	0.0 	0.0 	2.5 	RB63		Actual	Actual	Actual	Actual	Forecast	Forecast	Forecast	Forecast	Forecast	Forecast	Forecast	Forecast	Forecast	Forecast	Forecast	Forecast	Forecast		Healthy	Healthy	Healthy	Healthy	Healthy	Healthy	Healthy	Healthy	Healthy	Healthy	Healthy	Healthy	Healthy	Healthy	Healthy	Healthy	Healthy		Week 5 2026	10/6/2026	7:50:59 PM	19		2%	2%	10%	8%	0%	0%		0.0 	0	0	0	0	0	0.023334 
	Dawson Knox	Buffalo Bills	TE	TE37	1.7 	27 	0 	0.0 	0.0 	0.0 	0 	0.0 	0.0 	0.0 	6.0 	0.4 	136 	8.5 	1.8 	0.1 	0.0 	0.0 	0.0 	0.074 	0.560 	0.229 	(1)	0.000 	0.000 	214 	0 	(214)	37 	0 	(37)	0.103 																1.2 	7.5 	1.0 	2.3 	1.3 	1.3 	0.0 	1.3 	1.3 	1.2 	1.3 	1.3 	1.2 	1.3 	1.3 	1.2 	1.3 		TE34	TE15	TE31	TE28	TE33	TE32	-	TE33	TE37	TE34	TE31	TE38	TE34	TE37	TE38	TE39	TE38		TE38	1.3 	0.0 	0.0 	0.0 	0.0 	0.0 	8.8 	0.1 	38 	0.060 	0.560 	0.219 	(1)	0.000 	0.000 	219 	0.096 		15 														TE43	3.0 	0.0 	0.0 	0.0 	0.0 	0.0 	26.5 	0.2 	43 	0.107 	0.560 	0.167 	(1)	0.000 	0.000 	#N/A	0.083 		12.0 																	Buffalo Bills	Houston Texans	0 	0.0 	0 	0.0 	1.0 	7 	0.0 	0.0 	0.0 	0.0 	0.0 	1.2 	TE34		Buffalo Bills	Detroit Lions	0 	0.0 	0 	0.0 	2.0 	5 	1.0 	0.0 	0.0 	0.0 	0.0 	7.5 	TE15		Buffalo Bills	Los Angeles Chargers	0 	0.0 	0 	0.0 	1.0 	5 	0.0 	0.0 	0.0 	0.0 	0.0 	1.0 	TE31		Buffalo Bills	New England Patriots	0 	0.0 	0 	0.0 	2.0 	13 	0.0 	0.0 	0.0 	0.0 	0.0 	2.3 	TE28		Buffalo Bills	Los Angeles Rams	0 	0.0 	0 	0.0 	0.0 	9 	0.1 	0.0 	0.0 	0.0 	0.0 	1.3 	TE33		Buffalo Bills	Las Vegas Raiders	0 	0.0 	0 	0.0 	0.0 	9 	0.1 	0.0 	0.0 	0.0 	0.0 	1.3 	TE32		Buffalo Bills	BYE	0 	0.0 	0 	0.0 	0.0 	0 	0.0 	0.0 	0.0 	0.0 	0.0 	0.0 	-		Buffalo Bills	Baltimore Ravens	0 	0.0 	0 	0.0 	0.0 	9 	0.1 	0.0 	0.0 	0.0 	0.0 	1.3 	TE33		Buffalo Bills	Minnesota Vikings	0 	0.0 	0 	0.0 	0.0 	9 	0.1 	0.0 	0.0 	0.0 	0.0 	1.3 	TE37		Buffalo Bills	New York Jets	0 	0.0 	0 	0.0 	0.0 	9 	0.1 	0.0 	0.0 	0.0 	0.0 	1.2 	TE34		Buffalo Bills	Miami Dolphins	0 	0.0 	0 	0.0 	0.0 	9 	0.1 	0.0 	0.0 	0.0 	0.0 	1.3 	TE31		Buffalo Bills	Kansas City Chiefs	0 	0.0 	0 	0.0 	0.0 	9 	0.1 	0.0 	0.0 	0.0 	0.0 	1.3 	TE38		Buffalo Bills	New England Patriots	0 	0.0 	0 	0.0 	0.0 	9 	0.1 	0.0 	0.0 	0.0 	0.0 	1.2 	TE34		Buffalo Bills	Green Bay Packers	0 	0.0 	0 	0.0 	0.0 	9 	0.1 	0.0 	0.0 	0.0 	0.0 	1.3 	TE37		Buffalo Bills	Chicago Bears	0 	0.0 	0 	0.0 	0.0 	9 	0.1 	0.0 	0.0 	0.0 	0.0 	1.3 	TE38		Buffalo Bills	Denver Broncos	0 	0.0 	0 	0.0 	0.0 	9 	0.1 	0.0 	0.0 	0.0 	0.0 	1.2 	TE39		Buffalo Bills	Miami Dolphins	0 	0.0 	0 	0.0 	0.0 	9 	0.1 	0.0 	0.0 	0.0 	0.0 	1.3 	TE38		Actual	Actual	Actual	Actual	Forecast	Forecast	Forecast	Forecast	Forecast	Forecast	Forecast	Forecast	Forecast	Forecast	Forecast	Forecast	Forecast		Healthy	Healthy	Healthy	Healthy	Healthy	Healthy	Healthy	Healthy	Healthy	Healthy	Healthy	Healthy	Healthy	Healthy	Healthy	Healthy	Healthy		Week 5 2026	10/6/2026	7:50:59 PM	19		4%	5%	0%	0%	0%	0%		0.0 	0	0	0	0	0	0.013420 
	Kendrick Bourne	Arizona Cardinals	WR	WR83	4.0 	60 	0 	0.0 	0.0 	0.0 	0 	0.0 	0.0 	0.0 	35.6 	2.4 	325 	21.7 	1.6 	0.1 	0.0 	0.1 	0.0 	0.162 	1.000 	0.170 	(1)	0.000 	0.000 	215 	0 	(215)	83 	0 	(83)	0.101 																11.5 	2.1 	3.2 	0.0 	4.0 	3.8 	3.5 	3.6 	3.3 	3.6 	3.4 	3.7 	3.5 	0.0 	3.5 	3.6 	3.5 		WR24	WR74	WR65	-	WR73	WR71	WR71	WR72	WR78	WR72	WR71	WR84	WR75	-	WR84	WR84	WR84		WR84	3.6 	0.0 	0.0 	0.0 	0.0 	2.0 	18.1 	0.1 	84 	0.167 	1.000 	0.160 	(1)	0.000 	0.000 	218 	0.097 		43 														WR82	5.6 	0.0 	0.0 	0.0 	0.0 	7.9 	72.5 	0.5 	82 	0.150 	1.000 	0.180 	(1)	0.000 	0.000 	#N/A	0.104 		16.8 																	Arizona Cardinals	Los Angeles Chargers	0 	0.0 	0 	0.0 	8.0 	75 	0.0 	0.0 	0.0 	0.0 	0.0 	11.5 	WR24		Arizona Cardinals	Seattle Seahawks	0 	0.0 	0 	0.0 	2.0 	11 	0.0 	0.0 	0.0 	0.0 	0.0 	2.1 	WR74		Arizona Cardinals	San Francisco 49ers	0 	0.0 	0 	0.0 	2.0 	22 	0.0 	0.0 	0.0 	0.0 	0.0 	3.2 	WR65		Arizona Cardinals	New York Giants	0 	0.0 	0 	0.0 	0.0 	0 	0.0 	0.0 	0.0 	0.0 	0.0 	0.0 	-		Arizona Cardinals	Detroit Lions	0 	0.0 	0 	0.0 	2.1 	19 	0.2 	0.0 	0.0 	0.0 	0.0 	4.0 	WR73		Arizona Cardinals	Los Angeles Rams	0 	0.0 	0 	0.0 	2.1 	19 	0.1 	0.0 	0.0 	0.0 	0.0 	3.8 	WR71		Arizona Cardinals	Denver Broncos	0 	0.0 	0 	0.0 	2.0 	18 	0.1 	0.0 	0.0 	0.0 	0.0 	3.5 	WR71		Arizona Cardinals	Dallas Cowboys	0 	0.0 	0 	0.0 	2.0 	18 	0.1 	0.0 	0.0 	0.0 	0.0 	3.6 	WR72		Arizona Cardinals	Seattle Seahawks	0 	0.0 	0 	0.0 	1.9 	17 	0.1 	0.0 	0.0 	0.0 	0.0 	3.3 	WR78		Arizona Cardinals	Los Angeles Rams	0 	0.0 	0 	0.0 	2.0 	18 	0.1 	0.0 	0.0 	0.0 	0.0 	3.6 	WR72		Arizona Cardinals	Kansas City Chiefs	0 	0.0 	0 	0.0 	1.9 	18 	0.1 	0.0 	0.0 	0.0 	0.0 	3.4 	WR71		Arizona Cardinals	Washington Commanders	0 	0.0 	0 	0.0 	2.0 	18 	0.1 	0.0 	0.0 	0.0 	0.0 	3.7 	WR84		Arizona Cardinals	Philadelphia Eagles	0 	0.0 	0 	0.0 	1.9 	18 	0.1 	0.0 	0.0 	0.0 	0.0 	3.5 	WR75		Arizona Cardinals	BYE	0 	0.0 	0 	0.0 	0.0 	0 	0.0 	0.0 	0.0 	0.0 	0.0 	0.0 	-		Arizona Cardinals	New York Jets	0 	0.0 	0 	0.0 	1.9 	18 	0.1 	0.0 	0.0 	0.0 	0.0 	3.5 	WR84		Arizona Cardinals	New Orleans Saints	0 	0.0 	0 	0.0 	2.0 	18 	0.1 	0.0 	0.0 	0.0 	0.0 	3.6 	WR84		Arizona Cardinals	Las Vegas Raiders	0 	0.0 	0 	0.0 	1.9 	18 	0.1 	0.0 	0.0 	0.0 	0.0 	3.5 	WR84		Actual	Actual	Actual	Actual	Forecast	Forecast	Forecast	Forecast	Forecast	Forecast	Forecast	Forecast	Forecast	Forecast	Forecast	Forecast	Forecast		Healthy	Healthy	Healthy	Healthy	Healthy	Healthy	Healthy	Healthy	Healthy	Healthy	Healthy	Healthy	Healthy	Healthy	Healthy	Healthy	Healthy		Week 5 2026	10/6/2026	7:50:59 PM	19		8%	9%	0%	0%	0%	0%		(0.0)	0	0	0	0	0	(0.006418)
	Devin Singletary	New York Giants	RB	RB66	2.8 	40 	0 	0.0 	0.0 	0.0 	102 	7.3 	0.8 	0.1 	15.5 	1.1 	97 	6.9 	1.3 	0.1 	0.0 	0.2 	0.0 	0.108 	1.000 	0.186 	(1)	0.000 	0.000 	216 	269 	53 	66 	76 	10 	0.100 				-	-		-	-		-	-		-	-		11.8 	0.9 	0.0 	0.0 	2.2 	2.3 	2.1 	0.0 	2.1 	2.4 	2.3 	2.3 	2.3 	2.1 	2.3 	2.3 	2.3 		RB21	RB63	-	-	RB58	RB56	RB55	-	RB62	RB57	RB51	RB65	RB61	RB65	RB67	RB67	RB66		RB68	2.3 	0.0 	0.0 	6.4 	0.1 	1.0 	6.2 	0.0 	68 	0.105 	1.000 	0.160 	(1)	0.000 	0.000 	223 	0.088 		27 														RB58	6.4 	0.0 	0.0 	38.5 	0.4 	5.8 	37.4 	0.2 	58 	0.113 	1.000 	0.289 	(1)	0.000 	0.000 	#N/A	0.147 		12.7 																	New York Giants	Dallas Cowboys	0 	0.0 	16 	0.0 	4.0 	22 	1.0 	0.0 	0.0 	0.0 	0.0 	11.8 	RB21		New York Giants	Los Angeles Rams	0 	0.0 	9 	0.0 	0.0 	0 	0.0 	0.0 	0.0 	0.0 	0.0 	0.9 	RB63		New York Giants	Tennessee Titans	0 	0.0 	0 	0.0 	0.0 	0 	0.0 	0.0 	0.0 	0.0 	0.0 	0.0 	-		New York Giants	Arizona Cardinals	0 	0.0 	0 	0.0 	0.0 	0 	0.0 	0.0 	0.0 	0.0 	0.0 	0.0 	-		New York Giants	Washington Commanders	0 	0.0 	6 	0.1 	0.9 	6 	0.0 	0.0 	0.0 	0.0 	0.0 	2.2 	RB58		New York Giants	New Orleans Saints	0 	0.0 	7 	0.1 	1.0 	6 	0.0 	0.0 	0.0 	0.0 	0.0 	2.3 	RB56		New York Giants	Houston Texans	0 	0.0 	6 	0.1 	0.9 	6 	0.0 	0.0 	0.0 	0.0 	0.0 	2.1 	RB55		New York Giants	BYE	0 	0.0 	0 	0.0 	0.0 	0 	0.0 	0.0 	0.0 	0.0 	0.0 	0.0 	-		New York Giants	Philadelphia Eagles	0 	0.0 	6 	0.1 	1.0 	6 	0.0 	0.0 	0.0 	0.0 	0.0 	2.1 	RB62		New York Giants	Washington Commanders	0 	0.0 	7 	0.1 	1.0 	6 	0.0 	0.0 	0.0 	0.0 	0.0 	2.4 	RB57		New York Giants	Jacksonville Jaguars	0 	0.0 	7 	0.1 	1.0 	6 	0.0 	0.0 	0.0 	0.0 	0.0 	2.3 	RB51		New York Giants	Indianapolis Colts	0 	0.0 	7 	0.1 	1.0 	6 	0.0 	0.0 	0.0 	0.0 	0.0 	2.3 	RB65		New York Giants	San Francisco 49ers	0 	0.0 	7 	0.1 	1.0 	6 	0.0 	0.0 	0.0 	0.0 	0.0 	2.3 	RB61		New York Giants	Seattle Seahawks	0 	0.0 	6 	0.0 	1.0 	6 	0.0 	0.0 	0.0 	0.0 	0.0 	2.1 	RB65		New York Giants	Cleveland Browns	0 	0.0 	7 	0.1 	0.9 	6 	0.0 	0.0 	0.0 	0.0 	0.0 	2.3 	RB67		New York Giants	Detroit Lions	0 	0.0 	6 	0.1 	1.0 	6 	0.0 	0.0 	0.0 	0.0 	0.0 	2.3 	RB67		New York Giants	Dallas Cowboys	0 	0.0 	6 	0.1 	1.0 	6 	0.0 	0.0 	0.0 	0.0 	0.0 	2.3 	RB66		Actual	Actual	Actual	Actual	Forecast	Forecast	Forecast	Forecast	Forecast	Forecast	Forecast	Forecast	Forecast	Forecast	Forecast	Forecast	Forecast		Healthy	Healthy	Healthy	Healthy	Healthy	Healthy	Healthy	Healthy	Healthy	Healthy	Healthy	Healthy	Healthy	Healthy	Healthy	Healthy	Healthy		Week 5 2026	10/6/2026	7:50:59 PM	19		3%	2%	5%	7%	0%	0%		(0.1)	0	0	0	0	0	(0.059325)
	David Njoku	Los Angeles Chargers	TE	TE38	2.2 	27 	0 	0.0 	0.0 	0.0 	0 	0.0 	0.0 	0.0 	13.9 	1.2 	153 	12.7 	0.8 	0.1 	0.0 	0.0 	0.0 	0.073 	0.560 	0.219 	(1)	0.000 	0.000 	217 	181 	(36)	38 	22 	(16)	0.098 				-	-		-	-		-	-		-	-		8.3 	1.4 	0.0 	0.0 	0.0 	0.0 	0.0 	1.7 	1.7 	1.7 	1.7 	1.7 	1.7 	1.7 	1.8 	1.7 	1.7 		TE15	TE32	-	-	-	-	-	TE32	TE34	TE32	TE29	TE36	TE31	TE34	TE36	TE36	TE36		TE36	1.7 	0.0 	0.0 	0.0 	0.0 	0.8 	8.6 	0.1 	36 	0.067 	0.560 	0.239 	(1)	0.000 	0.000 	214 	0.106 		17 														TE48	4.9 	0.0 	0.0 	0.0 	0.0 	3.9 	42.8 	0.4 	48 	0.087 	0.560 	0.115 	(1)	0.000 	0.000 	#N/A	0.059 		9.7 																	Los Angeles Chargers	Arizona Cardinals	0 	0.0 	0 	0.0 	5.0 	58 	0.0 	0.0 	0.0 	0.0 	0.0 	8.3 	TE15		Los Angeles Chargers	Las Vegas Raiders	0 	0.0 	0 	0.0 	1.0 	9 	0.0 	0.0 	0.0 	0.0 	0.0 	1.4 	TE32		Los Angeles Chargers	Buffalo Bills	0 	0.0 	0 	0.0 	0.0 	0 	0.0 	0.0 	0.0 	0.0 	0.0 	0.0 	-		Los Angeles Chargers	Seattle Seahawks	0 	0.0 	0 	0.0 	0.0 	0 	0.0 	0.0 	0.0 	0.0 	0.0 	0.0 	-		Los Angeles Chargers	Denver Broncos	0 	0.0 	0 	0.0 	0.0 	0 	0.0 	0.0 	0.0 	0.0 	0.0 	0.0 	-		Los Angeles Chargers	Kansas City Chiefs	0 	0.0 	0 	0.0 	0.0 	0 	0.0 	0.0 	0.0 	0.0 	0.0 	0.0 	-		Los Angeles Chargers	BYE	0 	0.0 	0 	0.0 	0.0 	0 	0.0 	0.0 	0.0 	0.0 	0.0 	0.0 	-		Los Angeles Chargers	Los Angeles Rams	0 	0.0 	0 	0.0 	0.8 	9 	0.1 	0.0 	0.0 	0.0 	0.0 	1.7 	TE32		Los Angeles Chargers	Houston Texans	0 	0.0 	0 	0.0 	0.8 	8 	0.1 	0.0 	0.0 	0.0 	0.0 	1.7 	TE34		Los Angeles Chargers	Baltimore Ravens	0 	0.0 	0 	0.0 	0.8 	9 	0.1 	0.0 	0.0 	0.0 	0.0 	1.7 	TE32		Los Angeles Chargers	New York Jets	0 	0.0 	0 	0.0 	0.7 	8 	0.1 	0.0 	0.0 	0.0 	0.0 	1.7 	TE29		Los Angeles Chargers	New England Patriots	0 	0.0 	0 	0.0 	0.8 	9 	0.1 	0.0 	0.0 	0.0 	0.0 	1.7 	TE36		Los Angeles Chargers	Tampa Bay Buccaneers	0 	0.0 	0 	0.0 	0.8 	9 	0.1 	0.0 	0.0 	0.0 	0.0 	1.7 	TE31		Los Angeles Chargers	Las Vegas Raiders	0 	0.0 	0 	0.0 	0.8 	8 	0.1 	0.0 	0.0 	0.0 	0.0 	1.7 	TE34		Los Angeles Chargers	San Francisco 49ers	0 	0.0 	0 	0.0 	0.8 	9 	0.1 	0.0 	0.0 	0.0 	0.0 	1.8 	TE36		Los Angeles Chargers	Miami Dolphins	0 	0.0 	0 	0.0 	0.8 	8 	0.1 	0.0 	0.0 	0.0 	0.0 	1.7 	TE36		Los Angeles Chargers	Kansas City Chiefs	0 	0.0 	0 	0.0 	0.8 	9 	0.1 	0.0 	0.0 	0.0 	0.0 	1.7 	TE36		Actual	Actual	Actual	Actual	Forecast	Forecast	Forecast	Forecast	Forecast	Forecast	Forecast	Forecast	Forecast	Forecast	Forecast	Forecast	Forecast		Healthy	Healthy	Injured	Injured	Injured	Injured	Injured	Healthy	Healthy	Healthy	Healthy	Healthy	Healthy	Healthy	Healthy	Healthy	Healthy		Week 5 2026	10/6/2026	7:50:59 PM	19		4%	5%	0%	0%	0%	0%		0.0 	0	1	1	1	1	
	Isaac TeSlaa	Detroit Lions	WR	WR84	3.9 	59 	0 	0.0 	0.0 	0.0 	0 	0.0 	0.0 	0.0 	24.7 	1.6 	430 	28.7 	0.7 	0.0 	0.0 	0.1 	0.0 	0.161 	1.000 	0.160 	(1)	0.000 	0.000 	218 	208 	(10)	84 	68 	(16)	0.096 																0.0 	3.6 	8.1 	11.5 	3.1 	0.0 	3.0 	3.0 	2.9 	3.0 	3.0 	3.1 	3.0 	3.0 	2.9 	3.0 	3.0 		-	WR64	WR41	WR26	WR77	-	WR72	WR73	WR79	WR74	WR72	WR85	WR76	WR80	WR86	WR86	WR86		WR85	3.0 	0.0 	0.0 	0.0 	0.0 	1.3 	20.2 	0.1 	85 	0.140 	1.000 	0.150 	(1)	0.000 	0.000 	222 	0.089 		36 														WR62	7.7 	0.0 	0.0 	0.0 	0.0 	5.2 	80.9 	0.2 	62 	0.207 	1.000 	0.380 	(0)	0.000 	0.000 	#N/A	0.202 		23.2 																	Detroit Lions	New Orleans Saints	0 	0.0 	0 	0.0 	0.0 	0 	0.0 	0.0 	0.0 	0.0 	0.0 	0.0 	-		Detroit Lions	Buffalo Bills	0 	0.0 	0 	0.0 	2.0 	26 	0.0 	0.0 	0.0 	0.0 	0.0 	3.6 	WR64		Detroit Lions	New York Jets	0 	0.0 	0 	0.0 	3.0 	66 	0.0 	0.0 	0.0 	0.0 	0.0 	8.1 	WR41		Detroit Lions	Carolina Panthers	0 	0.0 	0 	0.0 	4.0 	95 	0.0 	0.0 	0.0 	0.0 	0.0 	11.5 	WR26		Detroit Lions	Arizona Cardinals	0 	0.0 	0 	0.0 	1.4 	21 	0.1 	0.0 	0.0 	0.0 	0.0 	3.1 	WR77		Detroit Lions	BYE	0 	0.0 	0 	0.0 	0.0 	0 	0.0 	0.0 	0.0 	0.0 	0.0 	0.0 	-		Detroit Lions	Green Bay Packers	0 	0.0 	0 	0.0 	1.3 	21 	0.1 	0.0 	0.0 	0.0 	0.0 	3.0 	WR72		Detroit Lions	Minnesota Vikings	0 	0.0 	0 	0.0 	1.3 	20 	0.1 	0.0 	0.0 	0.0 	0.0 	3.0 	WR73		Detroit Lions	Miami Dolphins	0 	0.0 	0 	0.0 	1.3 	20 	0.1 	0.0 	0.0 	0.0 	0.0 	2.9 	WR79		Detroit Lions	New England Patriots	0 	0.0 	0 	0.0 	1.3 	20 	0.1 	0.0 	0.0 	0.0 	0.0 	3.0 	WR74		Detroit Lions	Tampa Bay Buccaneers	0 	0.0 	0 	0.0 	1.3 	20 	0.1 	0.0 	0.0 	0.0 	0.0 	3.0 	WR72		Detroit Lions	Chicago Bears	0 	0.0 	0 	0.0 	1.3 	21 	0.1 	0.0 	0.0 	0.0 	0.0 	3.1 	WR85		Detroit Lions	Atlanta Falcons	0 	0.0 	0 	0.0 	1.3 	20 	0.1 	0.0 	0.0 	0.0 	0.0 	3.0 	WR76		Detroit Lions	Tennessee Titans	0 	0.0 	0 	0.0 	1.3 	20 	0.1 	0.0 	0.0 	0.0 	0.0 	3.0 	WR80		Detroit Lions	Minnesota Vikings	0 	0.0 	0 	0.0 	1.3 	20 	0.1 	0.0 	0.0 	0.0 	0.0 	2.9 	WR86		Detroit Lions	New York Giants	0 	0.0 	0 	0.0 	1.3 	20 	0.1 	0.0 	0.0 	0.0 	0.0 	3.0 	WR86		Detroit Lions	Chicago Bears	0 	0.0 	0 	0.0 	1.3 	20 	0.1 	0.0 	0.0 	0.0 	0.0 	3.0 	WR86		Actual	Actual	Actual	Actual	Forecast	Forecast	Forecast	Forecast	Forecast	Forecast	Forecast	Forecast	Forecast	Forecast	Forecast	Forecast	Forecast		Healthy	Healthy	Healthy	Healthy	Healthy	Healthy	Healthy	Healthy	Healthy	Healthy	Healthy	Healthy	Healthy	Healthy	Healthy	Healthy	Healthy		Week 5 2026	10/6/2026	7:50:59 PM	19		8%	3%	0%	0%	0%	0%		(0.1)	0	0	0	0	0	(0.113511)
	Najee Harris	New York Giants	RB	RB67	2.5 	38 	0 	0.0 	0.0 	0.0 	303 	20.2 	1.4 	0.1 	0.0 	0.0 	0 	0.0 	0.0 	0.0 	0.0 	1.5 	0.0 	0.102 	1.000 	0.173 	(1)	0.000 	0.000 	219 	260 	41 	67 	72 	5 	0.093 																0.0 	0.6 	5.2 	3.0 	2.3 	2.5 	2.1 	0.0 	2.1 	2.7 	2.5 	2.5 	2.5 	2.0 	2.7 	2.4 	2.4 		-	RB67	RB39	RB46	RB55	RB54	RB54	-	RB61	RB53	RB49	RB63	RB58	RB67	RB63	RB65	RB64		RB66	2.4 	0.0 	0.0 	17.9 	0.1 	0.0 	0.0 	0.0 	66 	0.112 	1.000 	0.186 	(1)	0.000 	0.000 	217 	0.101 		29 														RB68	2.9 	0.0 	0.0 	71.8 	0.5 	0.0 	0.0 	0.0 	68 	0.079 	1.000 	0.160 	(1)	0.000 	0.000 	#N/A	0.084 		8.8 																	New York Giants	Dallas Cowboys	0 	0.0 	0 	0.0 	0.0 	0 	0.0 	0.0 	0.0 	0.0 	0.0 	0.0 	-		New York Giants	Los Angeles Rams	0 	0.0 	6 	0.0 	0.0 	0 	0.0 	0.0 	0.0 	0.0 	0.0 	0.6 	RB67		New York Giants	Tennessee Titans	0 	0.0 	52 	0.0 	0.0 	0 	0.0 	0.0 	0.0 	0.0 	0.0 	5.2 	RB39		New York Giants	Arizona Cardinals	0 	0.0 	30 	0.0 	0.0 	0 	0.0 	0.0 	1.0 	0.0 	1.0 	3.0 	RB46		New York Giants	Washington Commanders	0 	0.0 	17 	0.1 	0.0 	0 	0.0 	0.0 	0.0 	0.0 	0.0 	2.3 	RB55		New York Giants	New Orleans Saints	0 	0.0 	18 	0.1 	0.0 	0 	0.0 	0.0 	0.0 	0.0 	0.0 	2.5 	RB54		New York Giants	Houston Texans	0 	0.0 	16 	0.1 	0.0 	0 	0.0 	0.0 	0.0 	0.0 	0.0 	2.1 	RB54		New York Giants	BYE	0 	0.0 	0 	0.0 	0.0 	0 	0.0 	0.0 	0.0 	0.0 	0.0 	0.0 	-		New York Giants	Philadelphia Eagles	0 	0.0 	16 	0.1 	0.0 	0 	0.0 	0.0 	0.0 	0.0 	0.0 	2.1 	RB61		New York Giants	Washington Commanders	0 	0.0 	20 	0.1 	0.0 	0 	0.0 	0.0 	0.0 	0.0 	0.0 	2.7 	RB53		New York Giants	Jacksonville Jaguars	0 	0.0 	19 	0.1 	0.0 	0 	0.0 	0.0 	0.0 	0.0 	0.0 	2.5 	RB49		New York Giants	Indianapolis Colts	0 	0.0 	19 	0.1 	0.0 	0 	0.0 	0.0 	0.0 	0.0 	0.0 	2.5 	RB63		New York Giants	San Francisco 49ers	0 	0.0 	19 	0.1 	0.0 	0 	0.0 	0.0 	0.0 	0.0 	0.0 	2.5 	RB58		New York Giants	Seattle Seahawks	0 	0.0 	16 	0.1 	0.0 	0 	0.0 	0.0 	0.0 	0.0 	0.0 	2.0 	RB67		New York Giants	Cleveland Browns	0 	0.0 	20 	0.1 	0.0 	0 	0.0 	0.0 	0.0 	0.0 	0.0 	2.7 	RB63		New York Giants	Detroit Lions	0 	0.0 	18 	0.1 	0.0 	0 	0.0 	0.0 	0.0 	0.0 	0.0 	2.4 	RB65		New York Giants	Dallas Cowboys	0 	0.0 	18 	0.1 	0.0 	0 	0.0 	0.0 	0.0 	0.0 	0.0 	2.4 	RB64		Actual	Actual	Actual	Actual	Forecast	Forecast	Forecast	Forecast	Forecast	Forecast	Forecast	Forecast	Forecast	Forecast	Forecast	Forecast	Forecast		Healthy	Healthy	Healthy	Healthy	Healthy	Healthy	Healthy	Healthy	Healthy	Healthy	Healthy	Healthy	Healthy	Healthy	Healthy	Healthy	Healthy		Week 5 2026	10/6/2026	7:50:59 PM	19		0%	0%	14%	13%	0%	0%		0.0 	0	0	0	0	0	0.016740 
	Daniel Jones	Indianapolis Colts	QB	QB31	13.1 	210 	3,450 	215.6 	17.8 	1.1 	150 	9.4 	2.8 	0.2 	0.0 	0.0 	0 	0.0 	0.0 	0.0 	11.7 	3.9 	0.0 	0.569 	0.460 	0.129 	0 	0.048 	0.000 	222 	182 	(40)	29 	28 	(1)	0.091 				-	-		-	-		-	-		-	-		9.0 	11.4 	7.9 	7.9 	13.5 	14.5 	13.9 	14.4 	15.4 	15.1 	13.6 	14.9 	0.0 	13.8 	14.7 	15.4 	14.1 		QB29	QB23	QB30	QB30	QB26	QB21	QB26	QB23	QB23	QB20	QB22	QB26	-	QB26	QB25	QB20	QB28		QB28	14.5 	224.7 	1.2 	10.8 	0.1 	0.0 	0.0 	0.0 	27 	0.676 	0.460 	0.158 	0 	0.298 	0.000 	158 	0.224 		174 														QB27	9.1 	674.1 	3.7 	32.4 	0.4 	0.0 	0.0 	0.0 	27 	0.324 	0.460 	0.158 	(0)	0.000 	0.000 	#N/A	0.084 		36.3 																	Indianapolis Colts	Baltimore Ravens	166 	1.0 	4 	0.0 	0.0 	0 	0.0 	1.0 	0.0 	0.0 	0.0 	9.0 	QB29		Indianapolis Colts	Kansas City Chiefs	210 	1.0 	10 	0.0 	0.0 	0 	0.0 	1.0 	0.0 	0.0 	0.0 	11.4 	QB23		Indianapolis Colts	Houston Texans	235 	1.0 	5 	0.0 	0.0 	0 	0.0 	1.0 	2.0 	0.0 	0.0 	7.9 	QB30		Indianapolis Colts	Washington Commanders	143 	0.0 	2 	1.0 	0.0 	0 	0.0 	1.0 	1.0 	0.0 	0.0 	7.9 	QB30		Indianapolis Colts	Pittsburgh Steelers	217 	1.1 	10 	0.1 	0.0 	0 	0.0 	0.6 	0.1 	0.0 	0.0 	13.5 	QB26		Indianapolis Colts	Tennessee Titans	218 	1.2 	12 	0.2 	0.0 	0 	0.0 	0.6 	0.1 	0.0 	0.0 	14.5 	QB21		Indianapolis Colts	Minnesota Vikings	221 	1.2 	10 	0.1 	0.0 	0 	0.0 	0.6 	0.1 	0.0 	0.0 	13.9 	QB26		Indianapolis Colts	Jacksonville Jaguars	228 	1.2 	10 	0.1 	0.0 	0 	0.0 	0.6 	0.1 	0.0 	0.0 	14.4 	QB23		Indianapolis Colts	Dallas Cowboys	234 	1.4 	11 	0.2 	0.0 	0 	0.0 	0.6 	0.1 	0.0 	0.0 	15.4 	QB23		Indianapolis Colts	Miami Dolphins	223 	1.3 	13 	0.2 	0.0 	0 	0.0 	0.6 	0.1 	0.0 	0.0 	15.1 	QB20		Indianapolis Colts	Houston Texans	223 	1.1 	9 	0.1 	0.0 	0 	0.0 	0.6 	0.1 	0.0 	0.0 	13.6 	QB22		Indianapolis Colts	New York Giants	227 	1.3 	11 	0.2 	0.0 	0 	0.0 	0.6 	0.1 	0.0 	0.0 	14.9 	QB26		Indianapolis Colts	BYE	0 	0.0 	0 	0.0 	0.0 	0 	0.0 	0.0 	0.0 	0.0 	0.0 	0.0 	-		Indianapolis Colts	Philadelphia Eagles	225 	1.2 	9 	0.1 	0.0 	0 	0.0 	0.6 	0.1 	0.0 	0.0 	13.8 	QB26		Indianapolis Colts	Tennessee Titans	225 	1.3 	11 	0.2 	0.0 	0 	0.0 	0.6 	0.1 	0.0 	0.0 	14.7 	QB25		Indianapolis Colts	Cincinnati Bengals	234 	1.4 	11 	0.2 	0.0 	0 	0.0 	0.6 	0.1 	0.0 	0.0 	15.4 	QB20		Indianapolis Colts	Cleveland Browns	220 	1.2 	11 	0.1 	0.0 	0 	0.0 	0.6 	0.1 	0.0 	0.0 	14.1 	QB28		Actual	Actual	Actual	Actual	Forecast	Forecast	Forecast	Forecast	Forecast	Forecast	Forecast	Forecast	Forecast	Forecast	Forecast	Forecast	Forecast		Healthy	Healthy	Healthy	Healthy	Healthy	Healthy	Healthy	Healthy	Healthy	Healthy	Healthy	Healthy	Healthy	Healthy	Healthy	Healthy	Healthy		Week 5 2026	10/6/2026	7:50:59 PM	19		0%	0%	9%	12%	99%	99%		0.1 	0	0	0	0	0	0.140186 
	Theo Johnson	New York Giants	TE	TE39	1.5 	21 	0 	0.0 	0.0 	0.0 	0 	0.0 	0.0 	0.0 	6.3 	0.4 	70 	5.0 	1.8 	0.1 	0.0 	0.0 	0.0 	0.057 	0.560 	0.208 	(1)	0.000 	0.000 	220 	313 	93 	39 	44 	5 	0.092 																1.4 	0.0 	0.0 	7.6 	1.0 	1.0 	1.0 	0.0 	1.0 	1.1 	1.0 	1.0 	1.0 	1.0 	1.0 	1.0 	1.0 		TE33	-	-	TE17	TE36	TE35	TE35	-	TE39	TE35	TE33	TE41	TE36	TE39	TE41	TE41	TE41		TE41	1.0 	0.0 	0.0 	0.0 	0.0 	0.4 	4.2 	0.1 	41 	0.047 	0.560 	0.188 	(1)	0.000 	0.000 	226 	0.082 		12 														TE52	4.5 	0.0 	0.0 	0.0 	0.0 	2.1 	24.9 	0.4 	52 	0.080 	0.560 	0.073 	(1)	0.000 	0.000 	#N/A	0.041 		9.0 																	New York Giants	Dallas Cowboys	0 	0.0 	0 	0.0 	1.0 	9 	0.0 	0.0 	0.0 	0.0 	0.0 	1.4 	TE33		New York Giants	Los Angeles Rams	0 	0.0 	0 	0.0 	0.0 	0 	0.0 	0.0 	0.0 	0.0 	0.0 	0.0 	-		New York Giants	Tennessee Titans	0 	0.0 	0 	0.0 	0.0 	0 	0.0 	0.0 	0.0 	0.0 	0.0 	0.0 	-		New York Giants	Arizona Cardinals	0 	0.0 	0 	0.0 	1.0 	11 	1.0 	0.0 	0.0 	0.0 	0.0 	7.6 	TE17		New York Giants	Washington Commanders	0 	0.0 	0 	0.0 	0.3 	4 	0.1 	0.0 	0.0 	0.0 	0.0 	1.0 	TE36		New York Giants	New Orleans Saints	0 	0.0 	0 	0.0 	0.4 	4 	0.1 	0.0 	0.0 	0.0 	0.0 	1.0 	TE35		New York Giants	Houston Texans	0 	0.0 	0 	0.0 	0.4 	4 	0.1 	0.0 	0.0 	0.0 	0.0 	1.0 	TE35		New York Giants	BYE	0 	0.0 	0 	0.0 	0.0 	0 	0.0 	0.0 	0.0 	0.0 	0.0 	0.0 	-		New York Giants	Philadelphia Eagles	0 	0.0 	0 	0.0 	0.4 	4 	0.1 	0.0 	0.0 	0.0 	0.0 	1.0 	TE39		New York Giants	Washington Commanders	0 	0.0 	0 	0.0 	0.4 	4 	0.1 	0.0 	0.0 	0.0 	0.0 	1.1 	TE35		New York Giants	Jacksonville Jaguars	0 	0.0 	0 	0.0 	0.4 	4 	0.1 	0.0 	0.0 	0.0 	0.0 	1.0 	TE33		New York Giants	Indianapolis Colts	0 	0.0 	0 	0.0 	0.4 	4 	0.1 	0.0 	0.0 	0.0 	0.0 	1.0 	TE41		New York Giants	San Francisco 49ers	0 	0.0 	0 	0.0 	0.4 	4 	0.1 	0.0 	0.0 	0.0 	0.0 	1.0 	TE36		New York Giants	Seattle Seahawks	0 	0.0 	0 	0.0 	0.4 	4 	0.1 	0.0 	0.0 	0.0 	0.0 	1.0 	TE39		New York Giants	Cleveland Browns	0 	0.0 	0 	0.0 	0.3 	4 	0.1 	0.0 	0.0 	0.0 	0.0 	1.0 	TE41		New York Giants	Detroit Lions	0 	0.0 	0 	0.0 	0.4 	4 	0.1 	0.0 	0.0 	0.0 	0.0 	1.0 	TE41		New York Giants	Dallas Cowboys	0 	0.0 	0 	0.0 	0.4 	4 	0.1 	0.0 	0.0 	0.0 	0.0 	1.0 	TE41		Actual	Actual	Actual	Actual	Forecast	Forecast	Forecast	Forecast	Forecast	Forecast	Forecast	Forecast	Forecast	Forecast	Forecast	Forecast	Forecast		Healthy	Healthy	Healthy	Healthy	Healthy	Healthy	Healthy	Healthy	Healthy	Healthy	Healthy	Healthy	Healthy	Healthy	Healthy	Healthy	Healthy		Week 5 2026	10/6/2026	7:50:59 PM	19		2%	5%	0%	0%	0%	0%		0.0 	0	0	0	0	0	0.040855 
	Darnell Mooney	New York Giants	WR	WR85	3.9 	59 	0 	0.0 	0.0 	0.0 	9 	0.6 	0.0 	0.0 	25.2 	1.7 	369 	24.6 	1.5 	0.1 	0.0 	0.1 	0.0 	0.161 	1.000 	0.150 	(1)	0.000 	0.000 	221 	303 	82 	85 	96 	11 	0.092 																3.7 	5.8 	3.9 	0.0 	3.7 	3.8 	3.7 	0.0 	3.8 	3.9 	3.8 	3.8 	3.8 	3.8 	3.7 	3.9 	3.9 		WR66	WR39	WR63	-	WR76	WR69	WR70	-	WR77	WR70	WR70	WR83	WR74	WR78	WR83	WR82	WR82		WR83	3.8 	0.0 	0.0 	0.0 	0.0 	1.6 	22.8 	0.1 	83 	0.179 	1.000 	0.170 	(1)	0.000 	0.000 	215 	0.103 		46 														WR92	4.5 	0.0 	0.0 	0.0 	0.0 	6.4 	91.4 	0.5 	92 	0.120 	1.000 	0.080 	(1)	0.000 	0.000 	#N/A	0.054 		13.4 																	New York Giants	Dallas Cowboys	0 	0.0 	0 	0.0 	2.0 	27 	0.0 	0.0 	0.0 	0.0 	0.0 	3.7 	WR66		New York Giants	Los Angeles Rams	0 	0.0 	0 	0.0 	2.0 	48 	0.0 	0.0 	0.0 	0.0 	0.0 	5.8 	WR39		New York Giants	Tennessee Titans	0 	0.0 	9 	0.0 	2.0 	20 	0.0 	0.0 	0.0 	0.0 	0.0 	3.9 	WR63		New York Giants	Arizona Cardinals	0 	0.0 	0 	0.0 	0.0 	0 	0.0 	0.0 	0.0 	0.0 	0.0 	0.0 	-		New York Giants	Washington Commanders	0 	0.0 	0 	0.0 	1.6 	22 	0.1 	0.0 	0.0 	0.0 	0.0 	3.7 	WR76		New York Giants	New Orleans Saints	0 	0.0 	0 	0.0 	1.6 	23 	0.1 	0.0 	0.0 	0.0 	0.0 	3.8 	WR69		New York Giants	Houston Texans	0 	0.0 	0 	0.0 	1.6 	23 	0.1 	0.0 	0.0 	0.0 	0.0 	3.7 	WR70		New York Giants	BYE	0 	0.0 	0 	0.0 	0.0 	0 	0.0 	0.0 	0.0 	0.0 	0.0 	0.0 	-		New York Giants	Philadelphia Eagles	0 	0.0 	0 	0.0 	1.6 	23 	0.1 	0.0 	0.0 	0.0 	0.0 	3.8 	WR77		New York Giants	Washington Commanders	0 	0.0 	0 	0.0 	1.6 	23 	0.1 	0.0 	0.0 	0.0 	0.0 	3.9 	WR70		New York Giants	Jacksonville Jaguars	0 	0.0 	0 	0.0 	1.6 	23 	0.1 	0.0 	0.0 	0.0 	0.0 	3.8 	WR70		New York Giants	Indianapolis Colts	0 	0.0 	0 	0.0 	1.6 	23 	0.1 	0.0 	0.0 	0.0 	0.0 	3.8 	WR83		New York Giants	San Francisco 49ers	0 	0.0 	0 	0.0 	1.6 	23 	0.1 	0.0 	0.0 	0.0 	0.0 	3.8 	WR74		New York Giants	Seattle Seahawks	0 	0.0 	0 	0.0 	1.6 	23 	0.1 	0.0 	0.0 	0.0 	0.0 	3.8 	WR78		New York Giants	Cleveland Browns	0 	0.0 	0 	0.0 	1.5 	22 	0.1 	0.0 	0.0 	0.0 	0.0 	3.7 	WR83		New York Giants	Detroit Lions	0 	0.0 	0 	0.0 	1.6 	23 	0.1 	0.0 	0.0 	0.0 	0.0 	3.9 	WR82		New York Giants	Dallas Cowboys	0 	0.0 	0 	0.0 	1.6 	23 	0.1 	0.0 	0.0 	0.0 	0.0 	3.9 	WR82		Actual	Actual	Actual	Actual	Forecast	Forecast	Forecast	Forecast	Forecast	Forecast	Forecast	Forecast	Forecast	Forecast	Forecast	Forecast	Forecast		Healthy	Healthy	Healthy	Healthy	Healthy	Healthy	Healthy	Healthy	Healthy	Healthy	Healthy	Healthy	Healthy	Healthy	Healthy	Healthy	Healthy		Week 5 2026	10/6/2026	7:50:59 PM	19		11%	9%	0%	0%	0%	0%		0.0 	0	0	0	0	0	0.049346 
	Zach Ertz	Philadelphia Eagles	TE	TE40	1.3 	18 	0 	0.0 	0.0 	0.0 	0 	0.0 	0.0 	0.0 	12.0 	0.9 	98 	7.0 	0.4 	0.0 	0.0 	0.0 	0.0 	0.049 	0.560 	0.198 	(1)	0.000 	0.000 	223 	0 	(223)	40 	0 	(40)	0.087 																0.0 	0.0 	1.4 	2.3 	1.1 	1.2 	1.3 	1.2 	1.2 	0.0 	1.2 	1.2 	1.2 	1.2 	1.2 	1.1 	1.2 		-	-	TE29	TE28	TE35	TE34	TE34	TE36	TE38	-	TE32	TE40	TE35	TE38	TE40	TE40	TE40		TE40	1.2 	0.0 	0.0 	0.0 	0.0 	0.7 	6.4 	0.0 	40 	0.056 	0.560 	0.198 	(1)	0.000 	0.000 	224 	0.088 		14 														TE66	1.9 	0.0 	0.0 	0.0 	0.0 	4.5 	38.2 	0.2 	66 	0.033 	0.560 	0.000 	(1)	0.000 	0.000 	#N/A	0.005 		3.7 																	Philadelphia Eagles	Washington Commanders	0 	0.0 	0 	0.0 	0.0 	0 	0.0 	0.0 	0.0 	0.0 	0.0 	0.0 	-		Philadelphia Eagles	Tennessee Titans	0 	0.0 	0 	0.0 	0.0 	0 	0.0 	0.0 	0.0 	0.0 	0.0 	0.0 	-		Philadelphia Eagles	Chicago Bears	0 	0.0 	0 	0.0 	1.0 	9 	0.0 	0.0 	0.0 	0.0 	0.0 	1.4 	TE29		Philadelphia Eagles	Los Angeles Rams	0 	0.0 	0 	0.0 	2.0 	13 	0.0 	0.0 	0.0 	0.0 	0.0 	2.3 	TE28		Philadelphia Eagles	Jacksonville Jaguars	0 	0.0 	0 	0.0 	0.7 	6 	0.0 	0.0 	0.0 	0.0 	0.0 	1.1 	TE35		Philadelphia Eagles	Carolina Panthers	0 	0.0 	0 	0.0 	0.7 	6 	0.0 	0.0 	0.0 	0.0 	0.0 	1.2 	TE34		Philadelphia Eagles	Dallas Cowboys	0 	0.0 	0 	0.0 	0.8 	7 	0.0 	0.0 	0.0 	0.0 	0.0 	1.3 	TE34		Philadelphia Eagles	Washington Commanders	0 	0.0 	0 	0.0 	0.8 	6 	0.0 	0.0 	0.0 	0.0 	0.0 	1.2 	TE36		Philadelphia Eagles	New York Giants	0 	0.0 	0 	0.0 	0.8 	6 	0.0 	0.0 	0.0 	0.0 	0.0 	1.2 	TE38		Philadelphia Eagles	BYE	0 	0.0 	0 	0.0 	0.0 	0 	0.0 	0.0 	0.0 	0.0 	0.0 	0.0 	-		Philadelphia Eagles	Pittsburgh Steelers	0 	0.0 	0 	0.0 	0.7 	6 	0.0 	0.0 	0.0 	0.0 	0.0 	1.2 	TE32		Philadelphia Eagles	Dallas Cowboys	0 	0.0 	0 	0.0 	0.8 	7 	0.0 	0.0 	0.0 	0.0 	0.0 	1.2 	TE40		Philadelphia Eagles	Arizona Cardinals	0 	0.0 	0 	0.0 	0.7 	6 	0.0 	0.0 	0.0 	0.0 	0.0 	1.2 	TE35		Philadelphia Eagles	Indianapolis Colts	0 	0.0 	0 	0.0 	0.8 	6 	0.0 	0.0 	0.0 	0.0 	0.0 	1.2 	TE38		Philadelphia Eagles	Seattle Seahawks	0 	0.0 	0 	0.0 	0.7 	6 	0.0 	0.0 	0.0 	0.0 	0.0 	1.2 	TE40		Philadelphia Eagles	Houston Texans	0 	0.0 	0 	0.0 	0.7 	6 	0.0 	0.0 	0.0 	0.0 	0.0 	1.1 	TE40		Philadelphia Eagles	San Francisco 49ers	0 	0.0 	0 	0.0 	0.8 	6 	0.0 	0.0 	0.0 	0.0 	0.0 	1.2 	TE40		Actual	Actual	Actual	Actual	Forecast	Forecast	Forecast	Forecast	Forecast	Forecast	Forecast	Forecast	Forecast	Forecast	Forecast	Forecast	Forecast		Healthy	Healthy	Healthy	Healthy	Healthy	Healthy	Healthy	Healthy	Healthy	Healthy	Healthy	Healthy	Healthy	Healthy	Healthy	Healthy	Healthy		Week 5 2026	10/6/2026	7:50:59 PM	19		3%	2%	0%	0%	0%	0%		0.1 	0	0	0	0	0	0.082667 
	Tank Bigsby	Philadelphia Eagles	RB	RB68	2.9 	32 	0 	0.0 	0.0 	0.0 	204 	18.6 	1.5 	0.1 	4.4 	0.4 	25 	2.2 	0.0 	0.0 	0.0 	1.3 	0.0 	0.086 	1.000 	0.160 	(1)	0.000 	0.000 	224 	156 	(68)	68 	52 	(16)	0.085 																0.3 	10.8 	(1.0)	5.5 	0.0 	0.0 	0.0 	0.0 	0.0 	0.0 	2.3 	2.2 	2.6 	2.5 	2.2 	2.1 	2.1 		RB60	RB16	RB81	RB41	-	-	-	-	-	-	RB52	RB66	RB57	RB61	RB68	RB69	RB69		RB74	2.3 	0.0 	0.0 	16.2 	0.1 	0.2 	2.1 	0.0 	74 	0.063 	1.000 	0.082 	(1)	0.000 	0.000 	243 	0.046 		16 														RB49	5.2 	0.0 	0.0 	37.8 	0.2 	0.5 	4.9 	0.0 	49 	0.139 	1.000 	0.405 	(1)	0.000 	0.000 	#N/A	0.203 		15.6 																	Philadelphia Eagles	Washington Commanders	0 	0.0 	3 	0.0 	0.0 	0 	0.0 	0.0 	0.0 	0.0 	0.0 	0.3 	RB60		Philadelphia Eagles	Tennessee Titans	0 	0.0 	33 	1.0 	2.0 	5 	0.0 	0.0 	0.0 	0.0 	0.0 	10.8 	RB16		Philadelphia Eagles	Chicago Bears	0 	0.0 	0 	0.0 	1.0 	5 	0.0 	0.0 	1.0 	0.0 	0.0 	(1.0)	RB81		Philadelphia Eagles	Los Angeles Rams	0 	0.0 	55 	0.0 	0.0 	0 	0.0 	0.0 	0.0 	0.0 	0.0 	5.5 	RB41		Philadelphia Eagles	Jacksonville Jaguars	0 	0.0 	0 	0.0 	0.0 	0 	0.0 	0.0 	0.0 	0.0 	0.0 	0.0 	-		Philadelphia Eagles	Carolina Panthers	0 	0.0 	0 	0.0 	0.0 	0 	0.0 	0.0 	0.0 	0.0 	0.0 	0.0 	-		Philadelphia Eagles	Dallas Cowboys	0 	0.0 	0 	0.0 	0.0 	0 	0.0 	0.0 	0.0 	0.0 	0.0 	0.0 	-		Philadelphia Eagles	Washington Commanders	0 	0.0 	0 	0.0 	0.0 	0 	0.0 	0.0 	0.0 	0.0 	0.0 	0.0 	-		Philadelphia Eagles	New York Giants	0 	0.0 	0 	0.0 	0.0 	0 	0.0 	0.0 	0.0 	0.0 	0.0 	0.0 	-		Philadelphia Eagles	BYE	0 	0.0 	0 	0.0 	0.0 	0 	0.0 	0.0 	0.0 	0.0 	0.0 	0.0 	-		Philadelphia Eagles	Pittsburgh Steelers	0 	0.0 	16 	0.1 	0.2 	2 	0.0 	0.0 	0.0 	0.0 	0.0 	2.3 	RB52		Philadelphia Eagles	Dallas Cowboys	0 	0.0 	16 	0.1 	0.2 	2 	0.0 	0.0 	0.0 	0.0 	0.0 	2.2 	RB66		Philadelphia Eagles	Arizona Cardinals	0 	0.0 	19 	0.1 	0.2 	2 	0.0 	0.0 	0.0 	0.0 	0.0 	2.6 	RB57		Philadelphia Eagles	Indianapolis Colts	0 	0.0 	17 	0.1 	0.2 	2 	0.0 	0.0 	0.0 	0.0 	0.0 	2.5 	RB61		Philadelphia Eagles	Seattle Seahawks	0 	0.0 	16 	0.1 	0.2 	2 	0.0 	0.0 	0.0 	0.0 	0.0 	2.2 	RB68		Philadelphia Eagles	Houston Texans	0 	0.0 	15 	0.1 	0.2 	2 	0.0 	0.0 	0.0 	0.0 	0.0 	2.1 	RB69		Philadelphia Eagles	San Francisco 49ers	0 	0.0 	15 	0.1 	0.2 	2 	0.0 	0.0 	0.0 	0.0 	0.0 	2.1 	RB69		Actual	Actual	Actual	Actual	Forecast	Forecast	Forecast	Forecast	Forecast	Forecast	Forecast	Forecast	Forecast	Forecast	Forecast	Forecast	Forecast		Healthy	Healthy	Healthy	Healthy	Injured	Injured	Injured	Injured	Injured	Injured	Limited / Handicapped	Healthy	Healthy	Healthy	Healthy	Healthy	Healthy		Week 5 2026	10/6/2026	7:50:59 PM	19		1%	0%	12%	8%	0%	0%		(0.2)	0	0	0	1	1	
	Elijah Arroyo	Seattle Seahawks	TE	TE41	1.4 	18 	0 	0.0 	0.0 	0.0 	0 	0.0 	0.0 	0.0 	6.9 	0.5 	104 	8.0 	0.6 	0.0 	0.0 	0.0 	0.0 	0.048 	0.560 	0.188 	(1)	0.000 	0.000 	226 	0 	(226)	41 	0 	(41)	0.082 																0.0 	2.2 	0.0 	0.0 	1.3 	1.2 	1.3 	1.3 	1.3 	1.3 	0.0 	1.3 	1.3 	1.3 	1.2 	1.3 	1.3 		-	TE29	-	-	TE34	TE33	TE33	TE34	TE36	TE33	-	TE39	TE33	TE36	TE39	TE38	TE39		TE39	1.3 	0.0 	0.0 	0.0 	0.0 	0.5 	7.3 	0.1 	39 	0.060 	0.560 	0.208 	(1)	0.000 	0.000 	221 	0.092 		15 														TE78	2.2 	0.0 	0.0 	0.0 	0.0 	5.9 	87.2 	0.6 	78 	0.020 	0.560 	0.000 	(1)	0.000 	0.000 	#N/A	0.003 		2.2 																	Seattle Seahawks	New England Patriots	0 	0.0 	0 	0.0 	0.0 	0 	0.0 	0.0 	0.0 	0.0 	0.0 	0.0 	-		Seattle Seahawks	Arizona Cardinals	0 	0.0 	0 	0.0 	1.0 	17 	0.0 	0.0 	0.0 	0.0 	0.0 	2.2 	TE29		Seattle Seahawks	Washington Commanders	0 	0.0 	0 	0.0 	0.0 	0 	0.0 	0.0 	0.0 	0.0 	0.0 	0.0 	-		Seattle Seahawks	Los Angeles Chargers	0 	0.0 	0 	0.0 	0.0 	0 	0.0 	0.0 	0.0 	0.0 	0.0 	0.0 	-		Seattle Seahawks	San Francisco 49ers	0 	0.0 	0 	0.0 	0.5 	7 	0.1 	0.0 	0.0 	0.0 	0.0 	1.3 	TE34		Seattle Seahawks	Denver Broncos	0 	0.0 	0 	0.0 	0.5 	7 	0.0 	0.0 	0.0 	0.0 	0.0 	1.2 	TE33		Seattle Seahawks	Kansas City Chiefs	0 	0.0 	0 	0.0 	0.5 	7 	0.1 	0.0 	0.0 	0.0 	0.0 	1.3 	TE33		Seattle Seahawks	Chicago Bears	0 	0.0 	0 	0.0 	0.5 	7 	0.1 	0.0 	0.0 	0.0 	0.0 	1.3 	TE34		Seattle Seahawks	Arizona Cardinals	0 	0.0 	0 	0.0 	0.5 	7 	0.1 	0.0 	0.0 	0.0 	0.0 	1.3 	TE36		Seattle Seahawks	Las Vegas Raiders	0 	0.0 	0 	0.0 	0.5 	7 	0.1 	0.0 	0.0 	0.0 	0.0 	1.3 	TE33		Seattle Seahawks	BYE	0 	0.0 	0 	0.0 	0.0 	0 	0.0 	0.0 	0.0 	0.0 	0.0 	0.0 	-		Seattle Seahawks	San Francisco 49ers	0 	0.0 	0 	0.0 	0.5 	7 	0.1 	0.0 	0.0 	0.0 	0.0 	1.3 	TE39		Seattle Seahawks	Dallas Cowboys	0 	0.0 	0 	0.0 	0.5 	7 	0.1 	0.0 	0.0 	0.0 	0.0 	1.3 	TE33		Seattle Seahawks	New York Giants	0 	0.0 	0 	0.0 	0.5 	7 	0.1 	0.0 	0.0 	0.0 	0.0 	1.3 	TE36		Seattle Seahawks	Philadelphia Eagles	0 	0.0 	0 	0.0 	0.5 	7 	0.0 	0.0 	0.0 	0.0 	0.0 	1.2 	TE39		Seattle Seahawks	Los Angeles Rams	0 	0.0 	0 	0.0 	0.5 	7 	0.1 	0.0 	0.0 	0.0 	0.0 	1.3 	TE38		Seattle Seahawks	Carolina Panthers	0 	0.0 	0 	0.0 	0.5 	7 	0.1 	0.0 	0.0 	0.0 	0.0 	1.3 	TE39		Actual	Actual	Actual	Actual	Forecast	Forecast	Forecast	Forecast	Forecast	Forecast	Forecast	Forecast	Forecast	Forecast	Forecast	Forecast	Forecast		Healthy	Healthy	Healthy	Healthy	Healthy	Healthy	Healthy	Healthy	Healthy	Healthy	Healthy	Healthy	Healthy	Healthy	Healthy	Healthy	Healthy		Week 5 2026	10/6/2026	7:50:59 PM	19		3%	3%	0%	0%	0%	0%		0.1 	0	0	0	0	0	0.089393 
	Germie Bernard	Pittsburgh Steelers	WR	WR87	3.0 	46 	0 	0.0 	0.0 	0.0 	0 	0.0 	0.0 	0.0 	26.8 	1.8 	252 	16.8 	1.2 	0.1 	0.0 	0.0 	0.0 	0.124 	1.000 	0.130 	(1)	0.000 	0.000 	229 	276 	47 	87 	89 	2 	0.077 																0.0 	5.5 	1.9 	2.1 	3.1 	3.0 	3.0 	2.9 	0.0 	3.1 	3.0 	2.9 	2.9 	3.0 	3.1 	3.0 	3.0 		-	WR42	WR79	WR70	WR78	WR72	WR73	WR74	-	WR73	WR73	WR86	WR77	WR79	WR85	WR85	WR85		WR86	3.0 	0.0 	0.0 	0.0 	0.0 	1.7 	16.0 	0.1 	86 	0.140 	1.000 	0.140 	(1)	0.000 	0.000 	225 	0.084 		36 														WR106	3.2 	0.0 	0.0 	0.0 	0.0 	6.6 	64.1 	0.4 	106 	0.085 	1.000 	0.000 	(1)	0.000 	0.000 	#N/A	0.013 		9.5 																	Pittsburgh Steelers	Atlanta Falcons	0 	0.0 	0 	0.0 	0.0 	0 	0.0 	0.0 	0.0 	0.0 	0.0 	0.0 	-		Pittsburgh Steelers	New England Patriots	0 	0.0 	0 	0.0 	4.0 	35 	0.0 	0.0 	0.0 	0.0 	0.0 	5.5 	WR42		Pittsburgh Steelers	Cincinnati Bengals	0 	0.0 	0 	0.0 	1.0 	14 	0.0 	0.0 	0.0 	0.0 	0.0 	1.9 	WR79		Pittsburgh Steelers	Cleveland Browns	0 	0.0 	0 	0.0 	2.0 	11 	0.0 	0.0 	0.0 	0.0 	0.0 	2.1 	WR70		Pittsburgh Steelers	Indianapolis Colts	0 	0.0 	0 	0.0 	1.7 	16 	0.1 	0.0 	0.0 	0.0 	0.0 	3.1 	WR78		Pittsburgh Steelers	Tampa Bay Buccaneers	0 	0.0 	0 	0.0 	1.6 	16 	0.1 	0.0 	0.0 	0.0 	0.0 	3.0 	WR72		Pittsburgh Steelers	New Orleans Saints	0 	0.0 	0 	0.0 	1.7 	16 	0.1 	0.0 	0.0 	0.0 	0.0 	3.0 	WR73		Pittsburgh Steelers	Cleveland Browns	0 	0.0 	0 	0.0 	1.6 	15 	0.1 	0.0 	0.0 	0.0 	0.0 	2.9 	WR74		Pittsburgh Steelers	BYE	0 	0.0 	0 	0.0 	0.0 	0 	0.0 	0.0 	0.0 	0.0 	0.0 	0.0 	-		Pittsburgh Steelers	Cincinnati Bengals	0 	0.0 	0 	0.0 	1.7 	17 	0.1 	0.0 	0.0 	0.0 	0.0 	3.1 	WR73		Pittsburgh Steelers	Philadelphia Eagles	0 	0.0 	0 	0.0 	1.7 	16 	0.1 	0.0 	0.0 	0.0 	0.0 	3.0 	WR73		Pittsburgh Steelers	Denver Broncos	0 	0.0 	0 	0.0 	1.6 	16 	0.1 	0.0 	0.0 	0.0 	0.0 	2.9 	WR86		Pittsburgh Steelers	Houston Texans	0 	0.0 	0 	0.0 	1.6 	16 	0.1 	0.0 	0.0 	0.0 	0.0 	2.9 	WR77		Pittsburgh Steelers	Jacksonville Jaguars	0 	0.0 	0 	0.0 	1.6 	16 	0.1 	0.0 	0.0 	0.0 	0.0 	3.0 	WR79		Pittsburgh Steelers	Baltimore Ravens	0 	0.0 	0 	0.0 	1.7 	16 	0.1 	0.0 	0.0 	0.0 	0.0 	3.1 	WR85		Pittsburgh Steelers	Carolina Panthers	0 	0.0 	0 	0.0 	1.7 	16 	0.1 	0.0 	0.0 	0.0 	0.0 	3.0 	WR85		Pittsburgh Steelers	Tennessee Titans	0 	0.0 	0 	0.0 	1.6 	16 	0.1 	0.0 	0.0 	0.0 	0.0 	3.0 	WR85		Actual	Actual	Actual	Actual	Forecast	Forecast	Forecast	Forecast	Forecast	Forecast	Forecast	Forecast	Forecast	Forecast	Forecast	Forecast	Forecast		Healthy	Healthy	Healthy	Healthy	Healthy	Healthy	Healthy	Healthy	Healthy	Healthy	Healthy	Healthy	Healthy	Healthy	Healthy	Healthy	Healthy		Week 5 2026	10/6/2026	7:50:59 PM	19		7%	6%	0%	0%	0%	0%		0.1 	0	0	0	0	0	0.071332 
	Kimani Vidal	Los Angeles Chargers	RB	RB69	2.1 	29 	0 	0.0 	0.0 	0.0 	110 	7.9 	0.5 	0.0 	6.0 	0.4 	51 	3.6 	1.2 	0.1 	0.0 	0.2 	0.0 	0.079 	1.000 	0.147 	(1)	0.000 	0.000 	227 	238 	11 	69 	65 	(4)	0.078 																0.0 	0.0 	2.5 	10.6 	1.2 	1.1 	0.0 	1.3 	1.3 	1.2 	1.5 	1.3 	1.4 	1.4 	1.4 	1.5 	1.3 		-	-	RB49	RB26	RB61	RB62	-	RB62	RB70	RB65	RB56	RB75	RB69	RB72	RB75	RB75	RB76		RB75	1.3 	0.0 	0.0 	6.6 	0.0 	0.3 	2.1 	0.0 	75 	0.062 	1.000 	0.069 	(1)	0.000 	0.000 	245 	0.041 		16 														RB53	6.6 	0.0 	0.0 	39.5 	0.3 	1.5 	12.8 	0.1 	53 	0.117 	1.000 	0.354 	(1)	0.000 	0.000 	#N/A	0.177 		13.1 																	Los Angeles Chargers	Arizona Cardinals	0 	0.0 	0 	0.0 	0.0 	0 	0.0 	0.0 	0.0 	0.0 	0.0 	0.0 	-		Los Angeles Chargers	Las Vegas Raiders	0 	0.0 	0 	0.0 	0.0 	0 	0.0 	0.0 	0.0 	0.0 	0.0 	0.0 	-		Los Angeles Chargers	Buffalo Bills	0 	0.0 	6 	0.0 	1.0 	14 	0.0 	0.0 	0.0 	0.0 	0.0 	2.5 	RB49		Los Angeles Chargers	Seattle Seahawks	0 	0.0 	25 	0.0 	2.0 	11 	1.0 	0.0 	0.0 	0.0 	0.0 	10.6 	RB26		Los Angeles Chargers	Denver Broncos	0 	0.0 	6 	0.0 	0.2 	2 	0.0 	0.0 	0.0 	0.0 	0.0 	1.2 	RB61		Los Angeles Chargers	Kansas City Chiefs	0 	0.0 	5 	0.0 	0.3 	2 	0.0 	0.0 	0.0 	0.0 	0.0 	1.1 	RB62		Los Angeles Chargers	BYE	0 	0.0 	0 	0.0 	0.0 	0 	0.0 	0.0 	0.0 	0.0 	0.0 	0.0 	-		Los Angeles Chargers	Los Angeles Rams	0 	0.0 	6 	0.0 	0.3 	2 	0.0 	0.0 	0.0 	0.0 	0.0 	1.3 	RB62		Los Angeles Chargers	Houston Texans	0 	0.0 	7 	0.0 	0.2 	2 	0.0 	0.0 	0.0 	0.0 	0.0 	1.3 	RB70		Los Angeles Chargers	Baltimore Ravens	0 	0.0 	6 	0.0 	0.3 	2 	0.0 	0.0 	0.0 	0.0 	0.0 	1.2 	RB65		Los Angeles Chargers	New York Jets	0 	0.0 	8 	0.1 	0.2 	2 	0.0 	0.0 	0.0 	0.0 	0.0 	1.5 	RB56		Los Angeles Chargers	New England Patriots	0 	0.0 	7 	0.0 	0.3 	2 	0.0 	0.0 	0.0 	0.0 	0.0 	1.3 	RB75		Los Angeles Chargers	Tampa Bay Buccaneers	0 	0.0 	7 	0.0 	0.3 	2 	0.0 	0.0 	0.0 	0.0 	0.0 	1.4 	RB69		Los Angeles Chargers	Las Vegas Raiders	0 	0.0 	7 	0.1 	0.2 	2 	0.0 	0.0 	0.0 	0.0 	0.0 	1.4 	RB72		Los Angeles Chargers	San Francisco 49ers	0 	0.0 	7 	0.0 	0.3 	2 	0.0 	0.0 	0.0 	0.0 	0.0 	1.4 	RB75		Los Angeles Chargers	Miami Dolphins	0 	0.0 	8 	0.1 	0.2 	2 	0.0 	0.0 	0.0 	0.0 	0.0 	1.5 	RB75		Los Angeles Chargers	Kansas City Chiefs	0 	0.0 	7 	0.0 	0.3 	2 	0.0 	0.0 	0.0 	0.0 	0.0 	1.3 	RB76		Actual	Actual	Actual	Actual	Forecast	Forecast	Forecast	Forecast	Forecast	Forecast	Forecast	Forecast	Forecast	Forecast	Forecast	Forecast	Forecast		Healthy	Healthy	Healthy	Healthy	Healthy	Healthy	Healthy	Healthy	Healthy	Healthy	Healthy	Healthy	Healthy	Healthy	Healthy	Healthy	Healthy		Week 5 2026	10/6/2026	7:50:59 PM	19		1%	1%	5%	5%	0%	0%		(0.1)	0	0	0	0	0	(0.136150)
	Colby Parkinson	Los Angeles Rams	TE	TE42	1.1 	15 	0 	0.0 	0.0 	0.0 	0 	0.0 	0.0 	0.0 	8.9 	0.6 	77 	5.5 	0.5 	0.0 	0.0 	0.0 	0.0 	0.040 	0.560 	0.178 	(1)	0.000 	0.000 	228 	263 	35 	42 	31 	(11)	0.077 																1.1 	2.5 	0.0 	0.0 	1.0 	1.0 	0.9 	0.9 	1.0 	0.9 	0.0 	0.9 	0.9 	0.9 	1.0 	0.9 	0.9 		TE35	TE26	-	-	TE37	TE36	TE36	TE37	TE40	TE36	-	TE42	TE37	TE40	TE42	TE42	TE42		TE42	0.9 	0.0 	0.0 	0.0 	0.0 	0.5 	4.7 	0.0 	42 	0.044 	0.560 	0.178 	(1)	0.000 	0.000 	228 	0.078 		11 														TE68	1.8 	0.0 	0.0 	0.0 	0.0 	3.0 	28.1 	0.2 	68 	0.032 	0.560 	0.000 	(1)	0.000 	0.000 	#N/A	0.005 		3.6 																	Los Angeles Rams	San Francisco 49ers	0 	0.0 	0 	0.0 	1.0 	6 	0.0 	0.0 	0.0 	0.0 	0.0 	1.1 	TE35		Los Angeles Rams	New York Giants	0 	0.0 	0 	0.0 	2.0 	15 	0.0 	0.0 	0.0 	0.0 	0.0 	2.5 	TE26		Los Angeles Rams	Denver Broncos	0 	0.0 	0 	0.0 	0.0 	0 	0.0 	0.0 	0.0 	0.0 	0.0 	0.0 	-		Los Angeles Rams	Philadelphia Eagles	0 	0.0 	0 	0.0 	0.0 	0 	0.0 	0.0 	0.0 	0.0 	0.0 	0.0 	-		Los Angeles Rams	Buffalo Bills	0 	0.0 	0 	0.0 	0.5 	5 	0.0 	0.0 	0.0 	0.0 	0.0 	1.0 	TE37		Los Angeles Rams	Arizona Cardinals	0 	0.0 	0 	0.0 	0.5 	5 	0.0 	0.0 	0.0 	0.0 	0.0 	1.0 	TE36		Los Angeles Rams	Las Vegas Raiders	0 	0.0 	0 	0.0 	0.5 	5 	0.0 	0.0 	0.0 	0.0 	0.0 	0.9 	TE36		Los Angeles Rams	Los Angeles Chargers	0 	0.0 	0 	0.0 	0.5 	5 	0.0 	0.0 	0.0 	0.0 	0.0 	0.9 	TE37		Los Angeles Rams	Washington Commanders	0 	0.0 	0 	0.0 	0.5 	5 	0.0 	0.0 	0.0 	0.0 	0.0 	1.0 	TE40		Los Angeles Rams	Arizona Cardinals	0 	0.0 	0 	0.0 	0.5 	5 	0.0 	0.0 	0.0 	0.0 	0.0 	0.9 	TE36		Los Angeles Rams	BYE	0 	0.0 	0 	0.0 	0.0 	0 	0.0 	0.0 	0.0 	0.0 	0.0 	0.0 	-		Los Angeles Rams	Green Bay Packers	0 	0.0 	0 	0.0 	0.5 	5 	0.0 	0.0 	0.0 	0.0 	0.0 	0.9 	TE42		Los Angeles Rams	Kansas City Chiefs	0 	0.0 	0 	0.0 	0.5 	5 	0.0 	0.0 	0.0 	0.0 	0.0 	0.9 	TE37		Los Angeles Rams	San Francisco 49ers	0 	0.0 	0 	0.0 	0.5 	5 	0.0 	0.0 	0.0 	0.0 	0.0 	0.9 	TE40		Los Angeles Rams	Dallas Cowboys	0 	0.0 	0 	0.0 	0.5 	5 	0.0 	0.0 	0.0 	0.0 	0.0 	1.0 	TE42		Los Angeles Rams	Seattle Seahawks	0 	0.0 	0 	0.0 	0.5 	5 	0.0 	0.0 	0.0 	0.0 	0.0 	0.9 	TE42		Los Angeles Rams	Tampa Bay Buccaneers	0 	0.0 	0 	0.0 	0.5 	5 	0.0 	0.0 	0.0 	0.0 	0.0 	0.9 	TE42		Actual	Actual	Actual	Actual	Forecast	Forecast	Forecast	Forecast	Forecast	Forecast	Forecast	Forecast	Forecast	Forecast	Forecast	Forecast	Forecast		Healthy	Healthy	Healthy	Injured	Limited / Handicapped	Healthy	Healthy	Healthy	Healthy	Healthy	Healthy	Healthy	Healthy	Healthy	Healthy	Healthy	Healthy		Week 5 2026	10/6/2026	7:50:59 PM	19		2%	2%	0%	0%	0%	0%		0.1 	0	0	1	0	0	
	Tory Horton	Seattle Seahawks	WR	WR88	3.1 	43 	0 	0.0 	0.0 	0.0 	0 	0.0 	0.0 	0.0 	16.2 	1.2 	228 	16.3 	2.0 	0.1 	0.0 	0.0 	0.0 	0.117 	1.000 	0.120 	(1)	0.000 	0.000 	231 	309 	78 	88 	99 	11 	0.072 																0.0 	0.0 	6.3 	7.1 	2.5 	2.4 	2.5 	2.5 	2.6 	2.4 	0.0 	2.5 	2.6 	2.5 	2.4 	2.5 	2.4 		-	-	WR46	WR43	WR79	WR76	WR75	WR76	WR80	WR76	-	WR88	WR78	WR82	WR90	WR88	WR88		WR87	2.5 	0.0 	0.0 	0.0 	0.0 	1.0 	14.5 	0.1 	87 	0.116 	1.000 	0.130 	(1)	0.000 	0.000 	229 	0.076 		30 														WR92	6.7 	0.0 	0.0 	0.0 	0.0 	6.1 	87.2 	0.5 	92 	0.120 	1.000 	0.080 	(1)	0.000 	0.000 	#N/A	0.054 		13.4 																	Seattle Seahawks	New England Patriots	0 	0.0 	0 	0.0 	0.0 	0 	0.0 	0.0 	0.0 	0.0 	0.0 	0.0 	-		Seattle Seahawks	Arizona Cardinals	0 	0.0 	0 	0.0 	0.0 	0 	0.0 	0.0 	0.0 	0.0 	0.0 	0.0 	-		Seattle Seahawks	Washington Commanders	0 	0.0 	0 	0.0 	3.0 	48 	0.0 	0.0 	0.0 	0.0 	0.0 	6.3 	WR46		Seattle Seahawks	Los Angeles Chargers	0 	0.0 	0 	0.0 	1.0 	6 	1.0 	0.0 	0.0 	0.0 	0.0 	7.1 	WR43		Seattle Seahawks	San Francisco 49ers	0 	0.0 	0 	0.0 	1.0 	15 	0.1 	0.0 	0.0 	0.0 	0.0 	2.5 	WR79		Seattle Seahawks	Denver Broncos	0 	0.0 	0 	0.0 	1.0 	14 	0.1 	0.0 	0.0 	0.0 	0.0 	2.4 	WR76		Seattle Seahawks	Kansas City Chiefs	0 	0.0 	0 	0.0 	1.0 	15 	0.1 	0.0 	0.0 	0.0 	0.0 	2.5 	WR75		Seattle Seahawks	Chicago Bears	0 	0.0 	0 	0.0 	1.0 	15 	0.1 	0.0 	0.0 	0.0 	0.0 	2.5 	WR76		Seattle Seahawks	Arizona Cardinals	0 	0.0 	0 	0.0 	1.0 	15 	0.1 	0.0 	0.0 	0.0 	0.0 	2.6 	WR80		Seattle Seahawks	Las Vegas Raiders	0 	0.0 	0 	0.0 	1.0 	14 	0.1 	0.0 	0.0 	0.0 	0.0 	2.4 	WR76		Seattle Seahawks	BYE	0 	0.0 	0 	0.0 	0.0 	0 	0.0 	0.0 	0.0 	0.0 	0.0 	0.0 	-		Seattle Seahawks	San Francisco 49ers	0 	0.0 	0 	0.0 	1.0 	15 	0.1 	0.0 	0.0 	0.0 	0.0 	2.5 	WR88		Seattle Seahawks	Dallas Cowboys	0 	0.0 	0 	0.0 	1.0 	15 	0.1 	0.0 	0.0 	0.0 	0.0 	2.6 	WR78		Seattle Seahawks	New York Giants	0 	0.0 	0 	0.0 	1.0 	15 	0.1 	0.0 	0.0 	0.0 	0.0 	2.5 	WR82		Seattle Seahawks	Philadelphia Eagles	0 	0.0 	0 	0.0 	1.0 	14 	0.1 	0.0 	0.0 	0.0 	0.0 	2.4 	WR90		Seattle Seahawks	Los Angeles Rams	0 	0.0 	0 	0.0 	1.0 	15 	0.1 	0.0 	0.0 	0.0 	0.0 	2.5 	WR88		Seattle Seahawks	Carolina Panthers	0 	0.0 	0 	0.0 	1.0 	14 	0.1 	0.0 	0.0 	0.0 	0.0 	2.4 	WR88		Actual	Actual	Actual	Actual	Forecast	Forecast	Forecast	Forecast	Forecast	Forecast	Forecast	Forecast	Forecast	Forecast	Forecast	Forecast	Forecast		Injured	Healthy	Healthy	Healthy	Healthy	Healthy	Healthy	Healthy	Healthy	Healthy	Healthy	Healthy	Healthy	Healthy	Healthy	Healthy	Healthy		Week 5 2026	10/6/2026	7:50:59 PM	19		6%	5%	0%	0%	0%	0%		0.0 	0	0	0	0	0	0.021925 
	Tyrone Tracy Jr.	New York Giants	RB	RB70	1.8 	28 	0 	0.0 	0.0 	0.0 	201 	13.4 	1.1 	0.1 	3.1 	0.2 	25 	1.7 	0.0 	0.0 	0.0 	1.5 	0.0 	0.075 	1.000 	0.134 	(1)	0.000 	0.000 	230 	155 	(75)	70 	51 	(19)	0.072 																(0.6)	0.0 	0.3 	(0.1)	2.2 	2.4 	2.1 	0.0 	2.1 	2.6 	2.4 	2.4 	2.4 	2.0 	2.6 	2.4 	2.4 		RB81	-	RB62	RB81	RB56	RB55	RB56	-	RB63	RB55	RB50	RB64	RB60	RB66	RB66	RB66	RB65		RB67	2.3 	0.0 	0.0 	15.4 	0.1 	0.3 	2.1 	0.0 	67 	0.109 	1.000 	0.173 	(1)	0.000 	0.000 	220 	0.094 		28 														-	(0.4)	0.0 	0.0 	184.6 	1.1 	3.1 	24.9 	0.0 	#N/A	(0.004)	1.000 	#N/A	(1)	0.000 	0.000 	#N/A	#N/A		(0.4)																	New York Giants	Dallas Cowboys	0 	0.0 	14 	0.0 	0.0 	0 	0.0 	0.0 	1.0 	0.0 	0.0 	(0.6)	RB81		New York Giants	Los Angeles Rams	0 	0.0 	0 	0.0 	0.0 	0 	0.0 	0.0 	0.0 	0.0 	0.0 	0.0 	-		New York Giants	Tennessee Titans	0 	0.0 	3 	0.0 	0.0 	0 	0.0 	0.0 	0.0 	0.0 	0.0 	0.3 	RB62		New York Giants	Arizona Cardinals	0 	0.0 	(1)	0.0 	0.0 	0 	0.0 	0.0 	0.0 	0.0 	0.0 	(0.1)	RB81		New York Giants	Washington Commanders	0 	0.0 	15 	0.1 	0.3 	2 	0.0 	0.0 	0.0 	0.0 	0.0 	2.2 	RB56		New York Giants	New Orleans Saints	0 	0.0 	16 	0.1 	0.3 	2 	0.0 	0.0 	0.0 	0.0 	0.0 	2.4 	RB55		New York Giants	Houston Texans	0 	0.0 	14 	0.1 	0.3 	2 	0.0 	0.0 	0.0 	0.0 	0.0 	2.1 	RB56		New York Giants	BYE	0 	0.0 	0 	0.0 	0.0 	0 	0.0 	0.0 	0.0 	0.0 	0.0 	0.0 	-		New York Giants	Philadelphia Eagles	0 	0.0 	14 	0.1 	0.3 	2 	0.0 	0.0 	0.0 	0.0 	0.0 	2.1 	RB63		New York Giants	Washington Commanders	0 	0.0 	17 	0.1 	0.3 	2 	0.0 	0.0 	0.0 	0.0 	0.0 	2.6 	RB55		New York Giants	Jacksonville Jaguars	0 	0.0 	16 	0.1 	0.3 	2 	0.0 	0.0 	0.0 	0.0 	0.0 	2.4 	RB50		New York Giants	Indianapolis Colts	0 	0.0 	16 	0.1 	0.3 	2 	0.0 	0.0 	0.0 	0.0 	0.0 	2.4 	RB64		New York Giants	San Francisco 49ers	0 	0.0 	16 	0.1 	0.3 	2 	0.0 	0.0 	0.0 	0.0 	0.0 	2.4 	RB60		New York Giants	Seattle Seahawks	0 	0.0 	13 	0.1 	0.3 	2 	0.0 	0.0 	0.0 	0.0 	0.0 	2.0 	RB66		New York Giants	Cleveland Browns	0 	0.0 	17 	0.1 	0.2 	2 	0.0 	0.0 	0.0 	0.0 	0.0 	2.6 	RB66		New York Giants	Detroit Lions	0 	0.0 	15 	0.1 	0.3 	2 	0.0 	0.0 	0.0 	0.0 	0.0 	2.4 	RB66		New York Giants	Dallas Cowboys	0 	0.0 	15 	0.1 	0.3 	2 	0.0 	0.0 	0.0 	0.0 	0.0 	2.4 	RB65		Actual	Actual	Actual	Actual	Forecast	Forecast	Forecast	Forecast	Forecast	Forecast	Forecast	Forecast	Forecast	Forecast	Forecast	Forecast	Forecast		Healthy	Healthy	Healthy	Healthy	Healthy	Healthy	Healthy	Healthy	Healthy	Healthy	Healthy	Healthy	Healthy	Healthy	Healthy	Healthy	Healthy		Week 5 2026	10/6/2026	7:50:59 PM	19		1%	0%	12%	10%	0%	0%		0.1 	0	0	0	0	0	0.094356 
	Mason Taylor	New York Jets	TE	TE43	0.5 	5 	0 	0.0 	0.0 	0.0 	0 	0.0 	0.0 	0.0 	4.9 	0.4 	22 	1.8 	0.1 	0.0 	0.0 	0.0 	0.0 	0.015 	0.560 	0.167 	(2)	0.000 	0.000 	232 	0 	(232)	43 	0 	(43)	0.069 																0.8 	0.0 	0.0 	0.0 	0.0 	0.4 	0.4 	0.4 	0.4 	0.4 	0.4 	0.4 	0.0 	0.4 	0.4 	0.4 	0.4 		TE36	-	-	-	-	TE37	TE37	TE38	TE41	TE37	TE34	TE43	-	TE41	TE43	TE43	TE43		TE43	0.4 	0.0 	0.0 	0.0 	0.0 	0.3 	2.2 	0.0 	43 	0.018 	0.560 	0.167 	(2)	0.000 	0.000 	232 	0.070 		5 														TE92	0.8 	0.0 	0.0 	0.0 	0.0 	2.9 	24.1 	0.1 	92 	0.007 	0.560 	0.000 	(2)	0.000 	0.000 	#N/A	0.001 		0.8 																	New York Jets	Tennessee Titans	0 	0.0 	0 	0.0 	2.0 	(2)	0.0 	0.0 	0.0 	0.0 	0.0 	0.8 	TE36		New York Jets	Green Bay Packers	0 	0.0 	0 	0.0 	0.0 	0 	0.0 	0.0 	0.0 	0.0 	0.0 	0.0 	-		New York Jets	Detroit Lions	0 	0.0 	0 	0.0 	0.0 	0 	0.0 	0.0 	0.0 	0.0 	0.0 	0.0 	-		New York Jets	Chicago Bears	0 	0.0 	0 	0.0 	0.0 	0 	0.0 	0.0 	0.0 	0.0 	0.0 	0.0 	-		New York Jets	Cleveland Browns	0 	0.0 	0 	0.0 	0.0 	0 	0.0 	0.0 	0.0 	0.0 	0.0 	0.0 	-		New York Jets	New England Patriots	0 	0.0 	0 	0.0 	0.3 	2 	0.0 	0.0 	0.0 	0.0 	0.0 	0.4 	TE37		New York Jets	Miami Dolphins	0 	0.0 	0 	0.0 	0.3 	2 	0.0 	0.0 	0.0 	0.0 	0.0 	0.4 	TE37		New York Jets	Las Vegas Raiders	0 	0.0 	0 	0.0 	0.3 	2 	0.0 	0.0 	0.0 	0.0 	0.0 	0.4 	TE38		New York Jets	Kansas City Chiefs	0 	0.0 	0 	0.0 	0.3 	2 	0.0 	0.0 	0.0 	0.0 	0.0 	0.4 	TE41		New York Jets	Buffalo Bills	0 	0.0 	0 	0.0 	0.3 	2 	0.0 	0.0 	0.0 	0.0 	0.0 	0.4 	TE37		New York Jets	Los Angeles Chargers	0 	0.0 	0 	0.0 	0.3 	2 	0.0 	0.0 	0.0 	0.0 	0.0 	0.4 	TE34		New York Jets	Miami Dolphins	0 	0.0 	0 	0.0 	0.3 	2 	0.0 	0.0 	0.0 	0.0 	0.0 	0.4 	TE43		New York Jets	BYE	0 	0.0 	0 	0.0 	0.0 	0 	0.0 	0.0 	0.0 	0.0 	0.0 	0.0 	-		New York Jets	Denver Broncos	0 	0.0 	0 	0.0 	0.3 	2 	0.0 	0.0 	0.0 	0.0 	0.0 	0.4 	TE41		New York Jets	Arizona Cardinals	0 	0.0 	0 	0.0 	0.3 	2 	0.0 	0.0 	0.0 	0.0 	0.0 	0.4 	TE43		New York Jets	New England Patriots	0 	0.0 	0 	0.0 	0.3 	2 	0.0 	0.0 	0.0 	0.0 	0.0 	0.4 	TE43		New York Jets	Minnesota Vikings	0 	0.0 	0 	0.0 	0.3 	2 	0.0 	0.0 	0.0 	0.0 	0.0 	0.4 	TE43		Actual	Actual	Actual	Actual	Forecast	Forecast	Forecast	Forecast	Forecast	Forecast	Forecast	Forecast	Forecast	Forecast	Forecast	Forecast	Forecast		Healthy	Healthy	Injured	Injured	Injured	Healthy	Healthy	Healthy	Healthy	Healthy	Healthy	Healthy	Healthy	Healthy	Healthy	Healthy	Healthy		Week 5 2026	10/6/2026	7:50:59 PM	19		1%	1%	0%	0%	0%	0%		0.1 	0	1	1	1	0	
	Jahan Dotson	Atlanta Falcons	WR	WR86	3.0 	48 	0 	0.0 	0.0 	0.0 	0 	0.0 	0.0 	0.0 	21.1 	1.3 	261 	16.3 	1.9 	0.1 	0.0 	0.0 	0.0 	0.130 	1.000 	0.140 	(1)	0.000 	0.000 	225 	308 	83 	86 	98 	12 	0.083 																2.4 	2.1 	1.6 	12.4 	2.5 	2.5 	2.5 	2.5 	2.6 	2.4 	0.0 	2.4 	2.5 	2.3 	2.5 	2.5 	2.4 		WR79	WR74	WR82	WR19	WR81	WR73	WR76	WR78	WR81	WR77	-	WR89	WR79	WR84	WR88	WR89	WR87		WR89	2.5 	0.0 	0.0 	0.0 	0.0 	1.3 	13.8 	0.1 	89 	0.115 	1.000 	0.110 	(1)	0.000 	0.000 	233 	0.067 		30 														WR78	4.6 	0.0 	0.0 	0.0 	0.0 	3.8 	41.5 	0.2 	78 	0.165 	1.000 	0.220 	(0)	0.000 	0.000 	#N/A	0.124 		18.5 																	Atlanta Falcons	Pittsburgh Steelers	0 	0.0 	0 	0.0 	1.0 	19 	0.0 	0.0 	0.0 	0.0 	0.0 	2.4 	WR79		Atlanta Falcons	Carolina Panthers	0 	0.0 	0 	0.0 	2.0 	11 	0.0 	0.0 	0.0 	0.0 	0.0 	2.1 	WR74		Atlanta Falcons	Green Bay Packers	0 	0.0 	0 	0.0 	1.0 	11 	0.0 	0.0 	0.0 	0.0 	0.0 	1.6 	WR82		Atlanta Falcons	New Orleans Saints	0 	0.0 	0 	0.0 	2.0 	54 	1.0 	0.0 	0.0 	0.0 	0.0 	12.4 	WR19		Atlanta Falcons	Baltimore Ravens	0 	0.0 	0 	0.0 	1.2 	14 	0.1 	0.0 	0.0 	0.0 	0.0 	2.5 	WR81		Atlanta Falcons	Chicago Bears	0 	0.0 	0 	0.0 	1.3 	14 	0.1 	0.0 	0.0 	0.0 	0.0 	2.5 	WR73		Atlanta Falcons	San Francisco 49ers	0 	0.0 	0 	0.0 	1.3 	14 	0.1 	0.0 	0.0 	0.0 	0.0 	2.5 	WR76		Atlanta Falcons	Tampa Bay Buccaneers	0 	0.0 	0 	0.0 	1.3 	14 	0.1 	0.0 	0.0 	0.0 	0.0 	2.5 	WR78		Atlanta Falcons	Cincinnati Bengals	0 	0.0 	0 	0.0 	1.3 	14 	0.1 	0.0 	0.0 	0.0 	0.0 	2.6 	WR81		Atlanta Falcons	Kansas City Chiefs	0 	0.0 	0 	0.0 	1.2 	14 	0.1 	0.0 	0.0 	0.0 	0.0 	2.4 	WR77		Atlanta Falcons	BYE	0 	0.0 	0 	0.0 	0.0 	0 	0.0 	0.0 	0.0 	0.0 	0.0 	0.0 	-		Atlanta Falcons	Minnesota Vikings	0 	0.0 	0 	0.0 	1.2 	14 	0.1 	0.0 	0.0 	0.0 	0.0 	2.4 	WR89		Atlanta Falcons	Detroit Lions	0 	0.0 	0 	0.0 	1.3 	14 	0.1 	0.0 	0.0 	0.0 	0.0 	2.5 	WR79		Atlanta Falcons	Cleveland Browns	0 	0.0 	0 	0.0 	1.2 	13 	0.1 	0.0 	0.0 	0.0 	0.0 	2.3 	WR84		Atlanta Falcons	Washington Commanders	0 	0.0 	0 	0.0 	1.3 	14 	0.1 	0.0 	0.0 	0.0 	0.0 	2.5 	WR88		Atlanta Falcons	Tampa Bay Buccaneers	0 	0.0 	0 	0.0 	1.2 	14 	0.1 	0.0 	0.0 	0.0 	0.0 	2.5 	WR89		Atlanta Falcons	New Orleans Saints	0 	0.0 	0 	0.0 	1.2 	14 	0.1 	0.0 	0.0 	0.0 	0.0 	2.4 	WR87		Actual	Actual	Actual	Actual	Forecast	Forecast	Forecast	Forecast	Forecast	Forecast	Forecast	Forecast	Forecast	Forecast	Forecast	Forecast	Forecast		Healthy	Healthy	Healthy	Healthy	Healthy	Healthy	Healthy	Healthy	Healthy	Healthy	Healthy	Healthy	Healthy	Healthy	Healthy	Healthy	Healthy		Week 5 2026	10/6/2026	7:50:59 PM	19		7%	6%	0%	0%	0%	0%		(0.1)	0	0	0	0	0	(0.057011)
	Sean Tucker	Tampa Bay Buccaneers	RB	RB71	1.9 	24 	0 	0.0 	0.0 	0.0 	79 	6.1 	2.8 	0.2 	0.0 	0.0 	0 	0.0 	0.0 	0.0 	0.0 	0.2 	0.0 	0.066 	1.000 	0.121 	(1)	0.000 	0.000 	233 	256 	23 	71 	70 	(1)	0.065 																0.0 	0.0 	0.0 	7.0 	1.1 	1.2 	1.6 	1.8 	1.4 	0.0 	1.4 	1.6 	1.4 	1.3 	1.6 	1.6 	1.4 		-	-	-	RB35	RB62	RB60	RB59	RB57	RB69	-	RB57	RB72	RB68	RB73	RB74	RB73	RB75		RB72	1.5 	0.0 	0.0 	5.8 	0.2 	0.0 	0.0 	0.0 	72 	0.068 	1.000 	0.108 	(1)	0.000 	0.000 	238 	0.059 		17 														RB72	7.0 	0.0 	0.0 	69.1 	1.8 	0.0 	0.0 	0.0 	72 	0.063 	1.000 	0.108 	(1)	0.000 	0.000 	#N/A	0.058 		7.0 																	Tampa Bay Buccaneers	Cincinnati Bengals	0 	0.0 	0 	0.0 	0.0 	0 	0.0 	0.0 	0.0 	0.0 	0.0 	0.0 	-		Tampa Bay Buccaneers	Cleveland Browns	0 	0.0 	0 	0.0 	0.0 	0 	0.0 	0.0 	0.0 	0.0 	0.0 	0.0 	-		Tampa Bay Buccaneers	Minnesota Vikings	0 	0.0 	0 	0.0 	0.0 	0 	0.0 	0.0 	0.0 	0.0 	0.0 	0.0 	-		Tampa Bay Buccaneers	Green Bay Packers	0 	0.0 	10 	1.0 	0.0 	0 	0.0 	0.0 	0.0 	0.0 	0.0 	7.0 	RB35		Tampa Bay Buccaneers	Dallas Cowboys	0 	0.0 	5 	0.1 	0.0 	0 	0.0 	0.0 	0.0 	0.0 	0.0 	1.1 	RB62		Tampa Bay Buccaneers	Pittsburgh Steelers	0 	0.0 	5 	0.1 	0.0 	0 	0.0 	0.0 	0.0 	0.0 	0.0 	1.2 	RB60		Tampa Bay Buccaneers	Carolina Panthers	0 	0.0 	6 	0.2 	0.0 	0 	0.0 	0.0 	0.0 	0.0 	0.0 	1.6 	RB59		Tampa Bay Buccaneers	Atlanta Falcons	0 	0.0 	7 	0.2 	0.0 	0 	0.0 	0.0 	0.0 	0.0 	0.0 	1.8 	RB57		Tampa Bay Buccaneers	Chicago Bears	0 	0.0 	6 	0.1 	0.0 	0 	0.0 	0.0 	0.0 	0.0 	0.0 	1.4 	RB69		Tampa Bay Buccaneers	BYE	0 	0.0 	0 	0.0 	0.0 	0 	0.0 	0.0 	0.0 	0.0 	0.0 	0.0 	-		Tampa Bay Buccaneers	Detroit Lions	0 	0.0 	6 	0.1 	0.0 	0 	0.0 	0.0 	0.0 	0.0 	0.0 	1.4 	RB57		Tampa Bay Buccaneers	Carolina Panthers	0 	0.0 	6 	0.2 	0.0 	0 	0.0 	0.0 	0.0 	0.0 	0.0 	1.6 	RB72		Tampa Bay Buccaneers	Los Angeles Chargers	0 	0.0 	6 	0.2 	0.0 	0 	0.0 	0.0 	0.0 	0.0 	0.0 	1.4 	RB68		Tampa Bay Buccaneers	Baltimore Ravens	0 	0.0 	5 	0.1 	0.0 	0 	0.0 	0.0 	0.0 	0.0 	0.0 	1.3 	RB73		Tampa Bay Buccaneers	New Orleans Saints	0 	0.0 	6 	0.2 	0.0 	0 	0.0 	0.0 	0.0 	0.0 	0.0 	1.6 	RB74		Tampa Bay Buccaneers	Atlanta Falcons	0 	0.0 	6 	0.2 	0.0 	0 	0.0 	0.0 	0.0 	0.0 	0.0 	1.6 	RB73		Tampa Bay Buccaneers	Los Angeles Rams	0 	0.0 	5 	0.1 	0.0 	0 	0.0 	0.0 	0.0 	0.0 	0.0 	1.4 	RB75		Actual	Actual	Actual	Actual	Forecast	Forecast	Forecast	Forecast	Forecast	Forecast	Forecast	Forecast	Forecast	Forecast	Forecast	Forecast	Forecast		Injured	Healthy	Healthy	Healthy	Healthy	Healthy	Healthy	Healthy	Healthy	Healthy	Healthy	Healthy	Healthy	Healthy	Healthy	Healthy	Healthy		Week 5 2026	10/6/2026	7:50:59 PM	19		0%	0%	5%	19%	0%	0%		0.0 	0	0	0	0	0	0.000854 
	Eli Stowers	Philadelphia Eagles	TE	TE44	0.3 	4 	0 	0.0 	0.0 	0.0 	0 	0.0 	0.0 	0.0 	2.9 	0.2 	25 	2.1 	0.0 	0.0 	0.0 	0.0 	0.0 	0.011 	0.560 	0.157 	(2)	0.000 	0.000 	234 	290 	56 	44 	37 	(7)	0.064 																0.0 	0.0 	0.0 	0.0 	0.3 	0.3 	0.3 	0.3 	0.3 	0.0 	0.3 	0.3 	0.3 	0.3 	0.3 	0.3 	0.3 		-	-	-	-	TE38	TE38	TE38	TE39	TE42	-	TE35	TE44	TE38	TE42	TE44	TE44	TE44		TE44	0.3 	0.0 	0.0 	0.0 	0.0 	0.2 	2.1 	0.0 	44 	0.015 	0.560 	0.157 	(2)	0.000 	0.000 	236 	0.065 		4 															0.0 	0.0 	0.0 	0.0 	0.0 	0.0 	0.0 	0.0 	#N/A	0.000 	0.560 	#N/A	(2)	0.000 	0.000 	#N/A	#N/A		0.0 																	Philadelphia Eagles	Washington Commanders	0 	0.0 	0 	0.0 	0.0 	0 	0.0 	0.0 	0.0 	0.0 	0.0 	0.0 	-		Philadelphia Eagles	Tennessee Titans	0 	0.0 	0 	0.0 	0.0 	0 	0.0 	0.0 	0.0 	0.0 	0.0 	0.0 	-		Philadelphia Eagles	Chicago Bears	0 	0.0 	0 	0.0 	0.0 	0 	0.0 	0.0 	0.0 	0.0 	0.0 	0.0 	-		Philadelphia Eagles	Los Angeles Rams	0 	0.0 	0 	0.0 	0.0 	0 	0.0 	0.0 	0.0 	0.0 	0.0 	0.0 	-		Philadelphia Eagles	Jacksonville Jaguars	0 	0.0 	0 	0.0 	0.2 	2 	0.0 	0.0 	0.0 	0.0 	0.0 	0.3 	TE38		Philadelphia Eagles	Carolina Panthers	0 	0.0 	0 	0.0 	0.2 	2 	0.0 	0.0 	0.0 	0.0 	0.0 	0.3 	TE38		Philadelphia Eagles	Dallas Cowboys	0 	0.0 	0 	0.0 	0.2 	2 	0.0 	0.0 	0.0 	0.0 	0.0 	0.3 	TE38		Philadelphia Eagles	Washington Commanders	0 	0.0 	0 	0.0 	0.2 	2 	0.0 	0.0 	0.0 	0.0 	0.0 	0.3 	TE39		Philadelphia Eagles	New York Giants	0 	0.0 	0 	0.0 	0.2 	2 	0.0 	0.0 	0.0 	0.0 	0.0 	0.3 	TE42		Philadelphia Eagles	BYE	0 	0.0 	0 	0.0 	0.0 	0 	0.0 	0.0 	0.0 	0.0 	0.0 	0.0 	-		Philadelphia Eagles	Pittsburgh Steelers	0 	0.0 	0 	0.0 	0.2 	2 	0.0 	0.0 	0.0 	0.0 	0.0 	0.3 	TE35		Philadelphia Eagles	Dallas Cowboys	0 	0.0 	0 	0.0 	0.2 	2 	0.0 	0.0 	0.0 	0.0 	0.0 	0.3 	TE44		Philadelphia Eagles	Arizona Cardinals	0 	0.0 	0 	0.0 	0.2 	2 	0.0 	0.0 	0.0 	0.0 	0.0 	0.3 	TE38		Philadelphia Eagles	Indianapolis Colts	0 	0.0 	0 	0.0 	0.2 	2 	0.0 	0.0 	0.0 	0.0 	0.0 	0.3 	TE42		Philadelphia Eagles	Seattle Seahawks	0 	0.0 	0 	0.0 	0.2 	2 	0.0 	0.0 	0.0 	0.0 	0.0 	0.3 	TE44		Philadelphia Eagles	Houston Texans	0 	0.0 	0 	0.0 	0.2 	2 	0.0 	0.0 	0.0 	0.0 	0.0 	0.3 	TE44		Philadelphia Eagles	San Francisco 49ers	0 	0.0 	0 	0.0 	0.2 	2 	0.0 	0.0 	0.0 	0.0 	0.0 	0.3 	TE44		Actual	Actual	Actual	Actual	Forecast	Forecast	Forecast	Forecast	Forecast	Forecast	Forecast	Forecast	Forecast	Forecast	Forecast	Forecast	Forecast		Injured	Injured	Injured	Injured	Healthy	Healthy	Healthy	Healthy	Healthy	Healthy	Healthy	Healthy	Healthy	Healthy	Healthy	Healthy	Healthy		Week 5 2026	10/6/2026	7:50:59 PM	19		1%	0%	0%	0%	0%	0%		0.1 	1	1	1	0	0	
	Calvin Ridley	Tennessee Titans	WR	WR89	2.6 	36 	0 	0.0 	0.0 	0.0 	0 	0.0 	0.0 	0.0 	14.3 	1.0 	238 	17.0 	0.9 	0.1 	0.0 	0.0 	0.0 	0.098 	1.000 	0.110 	(1)	0.000 	0.000 	235 	232 	(3)	89 	78 	(11)	0.064 																0.0 	4.5 	0.0 	1.8 	2.3 	2.4 	2.4 	2.6 	0.0 	2.5 	2.6 	2.5 	2.5 	2.6 	2.6 	2.4 	2.4 		-	WR57	-	WR72	WR82	WR74	WR78	WR75	-	WR75	WR74	WR87	WR80	WR81	WR87	WR90	WR89		WR88	2.5 	0.0 	0.0 	0.0 	0.0 	0.9 	15.8 	0.1 	88 	0.116 	1.000 	0.120 	(1)	0.000 	0.000 	231 	0.071 		30 														WR120	3.2 	0.0 	0.0 	0.0 	0.0 	5.7 	95.0 	0.4 	120 	0.056 	1.000 	0.000 	(1)	0.000 	0.000 	#N/A	0.008 		6.3 																	Tennessee Titans	New York Jets	0 	0.0 	0 	0.0 	0.0 	0 	0.0 	0.0 	0.0 	0.0 	0.0 	0.0 	-		Tennessee Titans	Philadelphia Eagles	0 	0.0 	0 	0.0 	2.0 	35 	0.0 	0.0 	0.0 	0.0 	0.0 	4.5 	WR57		Tennessee Titans	New York Giants	0 	0.0 	0 	0.0 	0.0 	0 	0.0 	0.0 	0.0 	0.0 	0.0 	0.0 	-		Tennessee Titans	Baltimore Ravens	0 	0.0 	0 	0.0 	1.0 	13 	0.0 	0.0 	0.0 	0.0 	0.0 	1.8 	WR72		Tennessee Titans	Houston Texans	0 	0.0 	0 	0.0 	0.9 	15 	0.1 	0.0 	0.0 	0.0 	0.0 	2.3 	WR82		Tennessee Titans	Indianapolis Colts	0 	0.0 	0 	0.0 	0.9 	16 	0.1 	0.0 	0.0 	0.0 	0.0 	2.4 	WR74		Tennessee Titans	Cleveland Browns	0 	0.0 	0 	0.0 	0.9 	15 	0.1 	0.0 	0.0 	0.0 	0.0 	2.4 	WR78		Tennessee Titans	Cincinnati Bengals	0 	0.0 	0 	0.0 	1.0 	16 	0.1 	0.0 	0.0 	0.0 	0.0 	2.6 	WR75		Tennessee Titans	BYE	0 	0.0 	0 	0.0 	0.0 	0 	0.0 	0.0 	0.0 	0.0 	0.0 	0.0 	-		Tennessee Titans	Jacksonville Jaguars	0 	0.0 	0 	0.0 	0.9 	16 	0.1 	0.0 	0.0 	0.0 	0.0 	2.5 	WR75		Tennessee Titans	Dallas Cowboys	0 	0.0 	0 	0.0 	1.0 	16 	0.1 	0.0 	0.0 	0.0 	0.0 	2.6 	WR74		Tennessee Titans	Jacksonville Jaguars	0 	0.0 	0 	0.0 	1.0 	16 	0.1 	0.0 	0.0 	0.0 	0.0 	2.5 	WR87		Tennessee Titans	Washington Commanders	0 	0.0 	0 	0.0 	1.0 	16 	0.1 	0.0 	0.0 	0.0 	0.0 	2.5 	WR80		Tennessee Titans	Detroit Lions	0 	0.0 	0 	0.0 	1.0 	16 	0.1 	0.0 	0.0 	0.0 	0.0 	2.6 	WR81		Tennessee Titans	Indianapolis Colts	0 	0.0 	0 	0.0 	1.0 	16 	0.1 	0.0 	0.0 	0.0 	0.0 	2.6 	WR87		Tennessee Titans	Las Vegas Raiders	0 	0.0 	0 	0.0 	0.9 	15 	0.1 	0.0 	0.0 	0.0 	0.0 	2.4 	WR90		Tennessee Titans	Pittsburgh Steelers	0 	0.0 	0 	0.0 	0.9 	15 	0.1 	0.0 	0.0 	0.0 	0.0 	2.4 	WR89		Actual	Actual	Actual	Actual	Forecast	Forecast	Forecast	Forecast	Forecast	Forecast	Forecast	Forecast	Forecast	Forecast	Forecast	Forecast	Forecast		Healthy	Healthy	Healthy	Healthy	Healthy	Healthy	Healthy	Healthy	Healthy	Healthy	Healthy	Healthy	Healthy	Healthy	Healthy	Healthy	Healthy		Week 5 2026	10/6/2026	7:50:59 PM	19		7%	5%	0%	0%	0%	0%		0.1 	0	0	0	0	0	0.062913 
	Troy Franklin	Denver Broncos	WR	WR90	2.4 	36 	0 	0.0 	0.0 	0.0 	19 	1.3 	0.0 	0.0 	15.1 	1.0 	210 	14.0 	0.9 	0.1 	0.0 	0.0 	0.0 	0.097 	1.000 	0.100 	(1)	0.000 	0.000 	236 	317 	81 	90 	102 	12 	0.060 																0.5 	3.2 	2.6 	0.0 	2.5 	2.4 	2.5 	2.5 	2.5 	0.0 	2.5 	2.4 	2.5 	2.4 	2.4 	2.5 	2.4 		WR93	WR67	WR72	-	WR80	WR75	WR74	WR77	WR82	-	WR75	WR90	WR81	WR83	WR89	WR87	WR90		WR90	2.5 	0.0 	0.0 	1.2 	0.0 	1.1 	13.5 	0.1 	90 	0.115 	1.000 	0.100 	(1)	0.000 	0.000 	237 	0.062 		29 														WR119	2.1 	0.0 	0.0 	4.7 	0.0 	4.4 	54.0 	0.3 	119 	0.056 	1.000 	0.000 	(1)	0.000 	0.000 	#N/A	0.008 		6.3 																	Denver Broncos	Kansas City Chiefs	0 	0.0 	5 	0.0 	0.0 	0 	0.0 	0.0 	0.0 	0.0 	0.0 	0.5 	WR93		Denver Broncos	Jacksonville Jaguars	0 	0.0 	0 	0.0 	1.0 	27 	0.0 	0.0 	0.0 	0.0 	0.0 	3.2 	WR67		Denver Broncos	Los Angeles Rams	0 	0.0 	0 	0.0 	1.0 	21 	0.0 	0.0 	0.0 	0.0 	0.0 	2.6 	WR72		Denver Broncos	San Francisco 49ers	0 	0.0 	0 	0.0 	0.0 	0 	0.0 	0.0 	0.0 	0.0 	0.0 	0.0 	-		Denver Broncos	Los Angeles Chargers	0 	0.0 	1 	0.0 	1.1 	14 	0.1 	0.0 	0.0 	0.0 	0.0 	2.5 	WR80		Denver Broncos	Seattle Seahawks	0 	0.0 	1 	0.0 	1.1 	13 	0.1 	0.0 	0.0 	0.0 	0.0 	2.4 	WR75		Denver Broncos	Arizona Cardinals	0 	0.0 	1 	0.0 	1.1 	14 	0.1 	0.0 	0.0 	0.0 	0.0 	2.5 	WR74		Denver Broncos	Kansas City Chiefs	0 	0.0 	1 	0.0 	1.1 	14 	0.1 	0.0 	0.0 	0.0 	0.0 	2.5 	WR77		Denver Broncos	Carolina Panthers	0 	0.0 	1 	0.0 	1.1 	14 	0.1 	0.0 	0.0 	0.0 	0.0 	2.5 	WR82		Denver Broncos	BYE	0 	0.0 	0 	0.0 	0.0 	0 	0.0 	0.0 	0.0 	0.0 	0.0 	0.0 	-		Denver Broncos	Las Vegas Raiders	0 	0.0 	1 	0.0 	1.1 	13 	0.1 	0.0 	0.0 	0.0 	0.0 	2.5 	WR75		Denver Broncos	Pittsburgh Steelers	0 	0.0 	1 	0.0 	1.1 	13 	0.1 	0.0 	0.0 	0.0 	0.0 	2.4 	WR90		Denver Broncos	Miami Dolphins	0 	0.0 	1 	0.0 	1.1 	13 	0.1 	0.0 	0.0 	0.0 	0.0 	2.5 	WR81		Denver Broncos	New York Jets	0 	0.0 	1 	0.0 	1.1 	13 	0.1 	0.0 	0.0 	0.0 	0.0 	2.4 	WR83		Denver Broncos	Las Vegas Raiders	0 	0.0 	1 	0.0 	1.1 	13 	0.1 	0.0 	0.0 	0.0 	0.0 	2.4 	WR89		Denver Broncos	Buffalo Bills	0 	0.0 	1 	0.0 	1.1 	14 	0.1 	0.0 	0.0 	0.0 	0.0 	2.5 	WR87		Denver Broncos	New England Patriots	0 	0.0 	1 	0.0 	1.1 	13 	0.1 	0.0 	0.0 	0.0 	0.0 	2.4 	WR90		Actual	Actual	Actual	Actual	Forecast	Forecast	Forecast	Forecast	Forecast	Forecast	Forecast	Forecast	Forecast	Forecast	Forecast	Forecast	Forecast		Healthy	Healthy	Healthy	Healthy	Healthy	Healthy	Healthy	Healthy	Healthy	Healthy	Healthy	Healthy	Healthy	Healthy	Healthy	Healthy	Healthy		Week 5 2026	10/6/2026	7:50:59 PM	19		6%	5%	1%	0%	0%	0%		0.1 	0	0	0	0	0	0.053765 
	Jake Tonges	San Francisco 49ers	TE	TE45	0.0 	0 	0 	0.0 	0.0 	0.0 	0 	0.0 	0.0 	0.0 	0.0 	0.0 	0 	0.0 	0.0 	0.0 	0.0 	0.0 	0.0 	0.000 	0.560 	0.147 	(2)	0.000 	0.000 	237 	296 	59 	45 	41 	(4)	0.059 																0.0 	0.0 	0.0 	0.0 	0.0 	0.0 	0.0 	0.0 	0.0 	0.0 	0.0 	0.0 	0.0 	0.0 	0.0 	0.0 	0.0 		-	-	-	-	-	-	-	-	-	-	-	-	-	-	-	-	-		TE45	0.0 	0.0 	0.0 	0.0 	0.0 	0.0 	0.0 	0.0 	45 	0.000 	0.560 	0.147 	(2)	0.000 	0.000 	239 	0.059 		0 														-	0.0 	0.0 	0.0 	0.0 	0.0 	0.0 	0.0 	0.0 	#N/A	0.000 	0.560 	#N/A	(2)	0.000 	0.000 	#N/A	#N/A		0.0 																	San Francisco 49ers	Los Angeles Rams	0 	0.0 	0 	0.0 	0.0 	0 	0.0 	0.0 	0.0 	0.0 	0.0 	0.0 	-		San Francisco 49ers	Miami Dolphins	0 	0.0 	0 	0.0 	0.0 	0 	0.0 	0.0 	0.0 	0.0 	0.0 	0.0 	-		San Francisco 49ers	Arizona Cardinals	0 	0.0 	0 	0.0 	0.0 	0 	0.0 	0.0 	0.0 	0.0 	0.0 	0.0 	-		San Francisco 49ers	Denver Broncos	0 	0.0 	0 	0.0 	0.0 	0 	0.0 	0.0 	0.0 	0.0 	0.0 	0.0 	-		San Francisco 49ers	Seattle Seahawks	0 	0.0 	0 	0.0 	0.0 	0 	0.0 	0.0 	0.0 	0.0 	0.0 	0.0 	-		San Francisco 49ers	Washington Commanders	0 	0.0 	0 	0.0 	0.0 	0 	0.0 	0.0 	0.0 	0.0 	0.0 	0.0 	-		San Francisco 49ers	Atlanta Falcons	0 	0.0 	0 	0.0 	0.0 	0 	0.0 	0.0 	0.0 	0.0 	0.0 	0.0 	-		San Francisco 49ers	BYE	0 	0.0 	0 	0.0 	0.0 	0 	0.0 	0.0 	0.0 	0.0 	0.0 	0.0 	-		San Francisco 49ers	Las Vegas Raiders	0 	0.0 	0 	0.0 	0.0 	0 	0.0 	0.0 	0.0 	0.0 	0.0 	0.0 	-		San Francisco 49ers	Dallas Cowboys	0 	0.0 	0 	0.0 	0.0 	0 	0.0 	0.0 	0.0 	0.0 	0.0 	0.0 	-		San Francisco 49ers	Minnesota Vikings	0 	0.0 	0 	0.0 	0.0 	0 	0.0 	0.0 	0.0 	0.0 	0.0 	0.0 	-		San Francisco 49ers	Seattle Seahawks	0 	0.0 	0 	0.0 	0.0 	0 	0.0 	0.0 	0.0 	0.0 	0.0 	0.0 	-		San Francisco 49ers	New York Giants	0 	0.0 	0 	0.0 	0.0 	0 	0.0 	0.0 	0.0 	0.0 	0.0 	0.0 	-		San Francisco 49ers	Los Angeles Rams	0 	0.0 	0 	0.0 	0.0 	0 	0.0 	0.0 	0.0 	0.0 	0.0 	0.0 	-		San Francisco 49ers	Los Angeles Chargers	0 	0.0 	0 	0.0 	0.0 	0 	0.0 	0.0 	0.0 	0.0 	0.0 	0.0 	-		San Francisco 49ers	Kansas City Chiefs	0 	0.0 	0 	0.0 	0.0 	0 	0.0 	0.0 	0.0 	0.0 	0.0 	0.0 	-		San Francisco 49ers	Philadelphia Eagles	0 	0.0 	0 	0.0 	0.0 	0 	0.0 	0.0 	0.0 	0.0 	0.0 	0.0 	-		Actual	Actual	Actual	Actual	Forecast	Forecast	Forecast	Forecast	Forecast	Forecast	Forecast	Forecast	Forecast	Forecast	Forecast	Forecast	Forecast		Limited / Handicapped	Injured	Injured	Injured	Injured	Injured	Injured	Injured	Injured	Injured	Injured	Injured	Injured	Injured	Injured	Injured	Injured		Week 5 2026	10/6/2026	7:50:59 PM	19		0%	0%	0%	0%	0%	0%		0.1 	1	1	1	1	1	
	Kaytron Allen	Washington Commanders	RB	RB72	1.6 	24 	0 	0.0 	0.0 	0.0 	151 	10.1 	0.6 	0.0 	3.7 	0.2 	26 	1.7 	0.2 	0.0 	0.0 	0.3 	0.0 	0.064 	1.000 	0.108 	(1)	0.000 	0.000 	238 	244 	6 	72 	67 	(5)	0.058 																1.6 	2.4 	0.0 	0.1 	1.7 	1.5 	0.0 	1.6 	1.5 	1.6 	1.7 	1.8 	1.7 	1.6 	1.7 	1.6 	1.6 		RB58	RB56	-	RB62	RB59	RB58	-	RB59	RB68	RB62	RB55	RB71	RB66	RB71	RB73	RB74	RB73		RB71	1.6 	0.0 	0.0 	9.2 	0.0 	0.3 	2.1 	0.0 	71 	0.076 	1.000 	0.121 	(1)	0.000 	0.000 	234 	0.066 		19 														RB80	1.4 	0.0 	0.0 	36.7 	0.2 	1.2 	8.6 	0.1 	80 	0.037 	1.000 	0.004 	(1)	0.000 	0.000 	#N/A	0.007 		4.1 																	Washington Commanders	Philadelphia Eagles	0 	0.0 	16 	0.0 	0.0 	0 	0.0 	0.0 	0.0 	0.0 	0.0 	1.6 	RB58		Washington Commanders	Dallas Cowboys	0 	0.0 	24 	0.0 	0.0 	0 	0.0 	0.0 	0.0 	0.0 	0.0 	2.4 	RB56		Washington Commanders	Seattle Seahawks	0 	0.0 	0 	0.0 	0.0 	0 	0.0 	0.0 	0.0 	0.0 	0.0 	0.0 	-		Washington Commanders	Indianapolis Colts	0 	0.0 	1 	0.0 	0.0 	0 	0.0 	0.0 	0.0 	0.0 	0.0 	0.1 	RB62		Washington Commanders	New York Giants	0 	0.0 	10 	0.1 	0.3 	2 	0.0 	0.0 	0.0 	0.0 	0.0 	1.7 	RB59		Washington Commanders	San Francisco 49ers	0 	0.0 	8 	0.0 	0.3 	2 	0.0 	0.0 	0.0 	0.0 	0.0 	1.5 	RB58		Washington Commanders	BYE	0 	0.0 	0 	0.0 	0.0 	0 	0.0 	0.0 	0.0 	0.0 	0.0 	0.0 	-		Washington Commanders	Philadelphia Eagles	0 	0.0 	9 	0.0 	0.3 	2 	0.0 	0.0 	0.0 	0.0 	0.0 	1.6 	RB59		Washington Commanders	Los Angeles Rams	0 	0.0 	8 	0.0 	0.3 	2 	0.0 	0.0 	0.0 	0.0 	0.0 	1.5 	RB68		Washington Commanders	New York Giants	0 	0.0 	9 	0.0 	0.3 	2 	0.0 	0.0 	0.0 	0.0 	0.0 	1.6 	RB62		Washington Commanders	Cincinnati Bengals	0 	0.0 	10 	0.1 	0.3 	2 	0.0 	0.0 	0.0 	0.0 	0.0 	1.7 	RB55		Washington Commanders	Arizona Cardinals	0 	0.0 	10 	0.1 	0.3 	2 	0.0 	0.0 	0.0 	0.0 	0.0 	1.8 	RB71		Washington Commanders	Tennessee Titans	0 	0.0 	10 	0.1 	0.3 	2 	0.0 	0.0 	0.0 	0.0 	0.0 	1.7 	RB66		Washington Commanders	Houston Texans	0 	0.0 	9 	0.0 	0.3 	2 	0.0 	0.0 	0.0 	0.0 	0.0 	1.6 	RB71		Washington Commanders	Atlanta Falcons	0 	0.0 	10 	0.1 	0.3 	2 	0.0 	0.0 	0.0 	0.0 	0.0 	1.7 	RB73		Washington Commanders	Minnesota Vikings	0 	0.0 	9 	0.0 	0.3 	2 	0.0 	0.0 	0.0 	0.0 	0.0 	1.6 	RB74		Washington Commanders	Jacksonville Jaguars	0 	0.0 	9 	0.0 	0.3 	2 	0.0 	0.0 	0.0 	0.0 	0.0 	1.6 	RB73		Actual	Actual	Actual	Actual	Forecast	Forecast	Forecast	Forecast	Forecast	Forecast	Forecast	Forecast	Forecast	Forecast	Forecast	Forecast	Forecast		Healthy	Healthy	Healthy	Healthy	Healthy	Healthy	Healthy	Healthy	Healthy	Healthy	Healthy	Healthy	Healthy	Healthy	Healthy	Healthy	Healthy		Week 5 2026	10/6/2026	7:50:59 PM	19		1%	1%	7%	5%	0%	0%		0.1 	0	0	0	0	0	0.058694 
	Jerry Jeudy	Cleveland Browns	WR	WR91	2.5 	34 	0 	0.0 	0.0 	0.0 	0 	0.0 	0.0 	0.0 	15.8 	1.1 	196 	14.0 	1.2 	0.1 	0.0 	0.0 	0.0 	0.093 	1.000 	0.090 	(1)	0.000 	0.000 	239 	221 	(18)	91 	72 	(19)	0.055 				-	-		-	-		-	-		-	-		3.6 	0.0 	0.0 	5.1 	2.1 	2.1 	2.1 	2.1 	2.2 	2.1 	0.0 	2.2 	2.3 	2.2 	2.1 	2.1 	2.2 		WR68	-	-	WR55	WR83	WR77	WR79	WR80	WR84	WR79	-	WR92	WR82	WR86	WR92	WR92	WR92		WR91	2.1 	0.0 	0.0 	0.0 	0.0 	0.9 	11.2 	0.1 	91 	0.100 	1.000 	0.090 	(1)	0.000 	0.000 	240 	0.056 		26 														WR108	4.4 	0.0 	0.0 	0.0 	0.0 	5.4 	67.2 	0.6 	108 	0.078 	1.000 	0.000 	(1)	0.000 	0.000 	#N/A	0.012 		8.7 																	Cleveland Browns	Jacksonville Jaguars	0 	0.0 	0 	0.0 	2.0 	26 	0.0 	0.0 	0.0 	0.0 	0.0 	3.6 	WR68		Cleveland Browns	Tampa Bay Buccaneers	0 	0.0 	0 	0.0 	0.0 	0 	0.0 	0.0 	0.0 	0.0 	0.0 	0.0 	-		Cleveland Browns	Carolina Panthers	0 	0.0 	0 	0.0 	0.0 	0 	0.0 	0.0 	0.0 	0.0 	0.0 	0.0 	-		Cleveland Browns	Pittsburgh Steelers	0 	0.0 	0 	0.0 	3.0 	36 	0.0 	0.0 	0.0 	0.0 	0.0 	5.1 	WR55		Cleveland Browns	New York Jets	0 	0.0 	0 	0.0 	0.9 	11 	0.1 	0.0 	0.0 	0.0 	0.0 	2.1 	WR83		Cleveland Browns	Baltimore Ravens	0 	0.0 	0 	0.0 	0.9 	11 	0.1 	0.0 	0.0 	0.0 	0.0 	2.1 	WR77		Cleveland Browns	Tennessee Titans	0 	0.0 	0 	0.0 	0.9 	11 	0.1 	0.0 	0.0 	0.0 	0.0 	2.1 	WR79		Cleveland Browns	Pittsburgh Steelers	0 	0.0 	0 	0.0 	0.9 	11 	0.1 	0.0 	0.0 	0.0 	0.0 	2.1 	WR80		Cleveland Browns	New Orleans Saints	0 	0.0 	0 	0.0 	0.9 	11 	0.1 	0.0 	0.0 	0.0 	0.0 	2.2 	WR84		Cleveland Browns	Houston Texans	0 	0.0 	0 	0.0 	0.9 	11 	0.1 	0.0 	0.0 	0.0 	0.0 	2.1 	WR79		Cleveland Browns	BYE	0 	0.0 	0 	0.0 	0.0 	0 	0.0 	0.0 	0.0 	0.0 	0.0 	0.0 	-		Cleveland Browns	Las Vegas Raiders	0 	0.0 	0 	0.0 	0.9 	11 	0.1 	0.0 	0.0 	0.0 	0.0 	2.2 	WR92		Cleveland Browns	Cincinnati Bengals	0 	0.0 	0 	0.0 	0.9 	12 	0.1 	0.0 	0.0 	0.0 	0.0 	2.3 	WR82		Cleveland Browns	Atlanta Falcons	0 	0.0 	0 	0.0 	0.9 	11 	0.1 	0.0 	0.0 	0.0 	0.0 	2.2 	WR86		Cleveland Browns	New York Giants	0 	0.0 	0 	0.0 	0.9 	11 	0.1 	0.0 	0.0 	0.0 	0.0 	2.1 	WR92		Cleveland Browns	Baltimore Ravens	0 	0.0 	0 	0.0 	0.9 	11 	0.1 	0.0 	0.0 	0.0 	0.0 	2.1 	WR92		Cleveland Browns	Indianapolis Colts	0 	0.0 	0 	0.0 	0.9 	11 	0.1 	0.0 	0.0 	0.0 	0.0 	2.2 	WR92		Actual	Actual	Actual	Actual	Forecast	Forecast	Forecast	Forecast	Forecast	Forecast	Forecast	Forecast	Forecast	Forecast	Forecast	Forecast	Forecast		Healthy	Healthy	Healthy	Healthy	Healthy	Healthy	Healthy	Healthy	Healthy	Healthy	Healthy	Healthy	Healthy	Healthy	Healthy	Healthy	Healthy		Week 5 2026	10/6/2026	7:50:59 PM	19		5%	7%	0%	0%	0%	0%		0.0 	0	0	0	0	0	0.043874 
	Jaxson Dart	New York Giants	QB	QB32	13.7 	27 	250 	125.0 	3.0 	1.5 	54 	27.0 	0.0 	0.0 	0.0 	0.0 	0 	0.0 	0.0 	0.0 	0.0 	0.0 	0.0 	0.074 	0.460 	0.009 	0 	0.104 	0.000 	240 	96 	(144)	37 	11 	(26)	0.054 				-	-		-	-		-	-		-	-		26.6 	0.8 	0.0 	0.0 	0.0 	0.0 	0.0 	0.0 	0.0 	0.0 	0.0 	0.0 	0.0 	0.0 	0.0 	0.0 	0.0 		QB4	QB35	-	-	-	-	-	-	-	-	-	-	-	-	-	-	-		QB38	0.0 	0.0 	0.0 	0.0 	0.0 	0.0 	0.0 	0.0 	44 	0.000 	0.460 	0.000 	(2)	0.000 	0.000 	271 	0.000 		0 														QB32	13.7 	0.0 	0.0 	0.0 	0.0 	0.0 	0.0 	0.0 	32 	0.245 	0.460 	0.085 	(1)	0.000 	0.000 	#N/A	0.045 		27.4 																	New York Giants	Dallas Cowboys	230 	3.0 	54 	0.0 	0.0 	0 	0.0 	0.0 	0.0 	0.0 	0.0 	26.6 	QB4		New York Giants	Los Angeles Rams	20 	0.0 	0 	0.0 	0.0 	0 	0.0 	0.0 	0.0 	0.0 	0.0 	0.8 	QB35		New York Giants	Tennessee Titans	0 	0.0 	0 	0.0 	0.0 	0 	0.0 	0.0 	0.0 	0.0 	0.0 	0.0 	-		New York Giants	Arizona Cardinals	0 	0.0 	0 	0.0 	0.0 	0 	0.0 	0.0 	0.0 	0.0 	0.0 	0.0 	-		New York Giants	Washington Commanders	0 	0.0 	0 	0.0 	0.0 	0 	0.0 	0.0 	0.0 	0.0 	0.0 	0.0 	-		New York Giants	New Orleans Saints	0 	0.0 	0 	0.0 	0.0 	0 	0.0 	0.0 	0.0 	0.0 	0.0 	0.0 	-		New York Giants	Houston Texans	0 	0.0 	0 	0.0 	0.0 	0 	0.0 	0.0 	0.0 	0.0 	0.0 	0.0 	-		New York Giants	BYE	0 	0.0 	0 	0.0 	0.0 	0 	0.0 	0.0 	0.0 	0.0 	0.0 	0.0 	-		New York Giants	Philadelphia Eagles	0 	0.0 	0 	0.0 	0.0 	0 	0.0 	0.0 	0.0 	0.0 	0.0 	0.0 	-		New York Giants	Washington Commanders	0 	0.0 	0 	0.0 	0.0 	0 	0.0 	0.0 	0.0 	0.0 	0.0 	0.0 	-		New York Giants	Jacksonville Jaguars	0 	0.0 	0 	0.0 	0.0 	0 	0.0 	0.0 	0.0 	0.0 	0.0 	0.0 	-		New York Giants	Indianapolis Colts	0 	0.0 	0 	0.0 	0.0 	0 	0.0 	0.0 	0.0 	0.0 	0.0 	0.0 	-		New York Giants	San Francisco 49ers	0 	0.0 	0 	0.0 	0.0 	0 	0.0 	0.0 	0.0 	0.0 	0.0 	0.0 	-		New York Giants	Seattle Seahawks	0 	0.0 	0 	0.0 	0.0 	0 	0.0 	0.0 	0.0 	0.0 	0.0 	0.0 	-		New York Giants	Cleveland Browns	0 	0.0 	0 	0.0 	0.0 	0 	0.0 	0.0 	0.0 	0.0 	0.0 	0.0 	-		New York Giants	Detroit Lions	0 	0.0 	0 	0.0 	0.0 	0 	0.0 	0.0 	0.0 	0.0 	0.0 	0.0 	-		New York Giants	Dallas Cowboys	0 	0.0 	0 	0.0 	0.0 	0 	0.0 	0.0 	0.0 	0.0 	0.0 	0.0 	-		Actual	Actual	Actual	Actual	Forecast	Forecast	Forecast	Forecast	Forecast	Forecast	Forecast	Forecast	Forecast	Forecast	Forecast	Forecast	Forecast		Healthy	Healthy	Injured	Injured	Injured	Injured	Injured	Injured	Injured	Injured	Injured	Injured	Injured	Injured	Injured	Injured	Injured		Week 5 2026	10/6/2026	7:50:59 PM	19		0%	0%	0%	0%	0%	0%		(0.0)	0	1	1	1	1	
	Jameis Winston	New York Giants	QB	QB33	12.3 	184 	2,946 	196.4 	19.4 	1.3 	92 	6.1 	0.4 	0.0 	0.0 	0.0 	0 	0.0 	0.0 	0.0 	10.6 	0.9 	0.0 	0.500 	0.460 	0.100 	(0)	0.000 	0.000 	241 	0 	(241)	31 	0 	(31)	0.053 																0.0 	2.8 	6.1 	18.0 	12.6 	13.1 	12.5 	0.0 	12.7 	13.8 	13.3 	13.3 	13.2 	12.7 	12.7 	13.6 	13.6 		-	QB32	QB31	QB12	QB29	QB25	QB27	-	QB29	QB26	QB23	QB30	QB27	QB29	QB31	QB29	QB30		QB31	13.1 	205.6 	1.4 	6.4 	0.0 	0.0 	0.0 	0.0 	31 	0.614 	0.460 	0.100 	0 	0.162 	0.000 	203 	0.129 		157 														QB34	9.0 	822.3 	5.5 	25.6 	0.1 	0.0 	0.0 	0.0 	34 	0.241 	0.460 	0.055 	(1)	0.000 	0.000 	#N/A	0.029 		27.0 																	New York Giants	Dallas Cowboys	0 	0.0 	0 	0.0 	0.0 	0 	0.0 	0.0 	0.0 	0.0 	0.0 	0.0 	-		New York Giants	Los Angeles Rams	111 	0.0 	1 	0.0 	0.0 	0 	0.0 	0.8 	0.0 	0.0 	0.0 	2.8 	QB32		New York Giants	Tennessee Titans	118 	0.0 	14 	0.0 	0.0 	0 	0.0 	0.0 	0.0 	0.0 	0.0 	6.1 	QB31		New York Giants	Arizona Cardinals	250 	3.0 	0 	0.0 	0.0 	0 	0.0 	2.0 	0.0 	0.0 	0.0 	18.0 	QB12		New York Giants	Washington Commanders	202 	1.3 	6 	0.0 	0.0 	0 	0.0 	0.6 	0.1 	0.0 	0.0 	12.6 	QB29		New York Giants	New Orleans Saints	204 	1.4 	7 	0.0 	0.0 	0 	0.0 	0.6 	0.1 	0.0 	0.0 	13.1 	QB25		New York Giants	Houston Texans	204 	1.3 	6 	0.0 	0.0 	0 	0.0 	0.6 	0.1 	0.0 	0.0 	12.5 	QB27		New York Giants	BYE	0 	0.0 	0 	0.0 	0.0 	0 	0.0 	0.0 	0.0 	0.0 	0.0 	0.0 	-		New York Giants	Philadelphia Eagles	205 	1.3 	6 	0.0 	0.0 	0 	0.0 	0.6 	0.1 	0.0 	0.0 	12.7 	QB29		New York Giants	Washington Commanders	208 	1.5 	7 	0.0 	0.0 	0 	0.0 	0.6 	0.1 	0.0 	0.0 	13.8 	QB26		New York Giants	Jacksonville Jaguars	206 	1.4 	7 	0.0 	0.0 	0 	0.0 	0.6 	0.1 	0.0 	0.0 	13.3 	QB23		New York Giants	Indianapolis Colts	206 	1.4 	7 	0.0 	0.0 	0 	0.0 	0.6 	0.1 	0.0 	0.0 	13.3 	QB30		New York Giants	San Francisco 49ers	205 	1.4 	7 	0.0 	0.0 	0 	0.0 	0.6 	0.1 	0.0 	0.0 	13.2 	QB27		New York Giants	Seattle Seahawks	208 	1.3 	6 	0.0 	0.0 	0 	0.0 	0.6 	0.1 	0.0 	0.0 	12.7 	QB29		New York Giants	Cleveland Browns	196 	1.3 	7 	0.0 	0.0 	0 	0.0 	0.6 	0.1 	0.0 	0.0 	12.7 	QB31		New York Giants	Detroit Lions	211 	1.4 	6 	0.0 	0.0 	0 	0.0 	0.6 	0.1 	0.0 	0.0 	13.6 	QB29		New York Giants	Dallas Cowboys	211 	1.4 	6 	0.0 	0.0 	0 	0.0 	0.6 	0.1 	0.0 	0.0 	13.6 	QB30		Actual	Actual	Actual	Actual	Forecast	Forecast	Forecast	Forecast	Forecast	Forecast	Forecast	Forecast	Forecast	Forecast	Forecast	Forecast	Forecast		Healthy	Healthy	Healthy	Healthy	Healthy	Healthy	Healthy	Healthy	Healthy	Healthy	Healthy	Healthy	Healthy	Healthy	Healthy	Healthy	Healthy		Week 5 2026	10/6/2026	7:50:59 PM	19		0%	0%	5%	4%	99%	99%		0.1 	0	0	0	0	0	0.099878 
	Demond Claiborne	Minnesota Vikings	RB	RB73	1.6 	24 	0 	0.0 	0.0 	0.0 	125 	8.3 	0.9 	0.1 	4.8 	0.3 	28 	1.9 	0.2 	0.0 	0.0 	0.3 	0.0 	0.064 	1.000 	0.095 	(1)	0.000 	0.000 	242 	267 	25 	73 	74 	1 	0.052 																0.0 	0.7 	0.1 	1.2 	1.4 	0.0 	2.0 	1.7 	1.8 	1.7 	1.7 	2.0 	1.9 	1.6 	1.8 	2.0 	1.8 		-	RB66	RB63	RB56	RB60	-	RB58	RB58	RB65	RB61	RB54	RB69	RB64	RB69	RB72	RB70	RB71		RB70	1.8 	0.0 	0.0 	9.3 	0.1 	0.3 	2.2 	0.0 	70 	0.084 	1.000 	0.134 	(1)	0.000 	0.000 	230 	0.073 		22 														RB86	0.7 	0.0 	0.0 	37.3 	0.3 	1.3 	8.8 	0.1 	86 	0.018 	1.000 	0.000 	(1)	0.000 	0.000 	#N/A	0.003 		2.0 																	Minnesota Vikings	Green Bay Packers	0 	0.0 	0 	0.0 	0.0 	0 	0.0 	0.0 	0.0 	0.0 	0.0 	0.0 	-		Minnesota Vikings	Chicago Bears	0 	0.0 	0 	0.0 	1.0 	2 	0.0 	0.0 	0.0 	0.0 	0.0 	0.7 	RB66		Minnesota Vikings	Tampa Bay Buccaneers	0 	0.0 	1 	0.0 	0.0 	0 	0.0 	0.0 	0.0 	0.0 	0.0 	0.1 	RB63		Minnesota Vikings	Miami Dolphins	0 	0.0 	12 	0.0 	0.0 	0 	0.0 	0.0 	0.0 	0.0 	0.0 	1.2 	RB56		Minnesota Vikings	New Orleans Saints	0 	0.0 	6 	0.1 	0.3 	2 	0.0 	0.0 	0.0 	0.0 	0.0 	1.4 	RB60		Minnesota Vikings	BYE	0 	0.0 	0 	0.0 	0.0 	0 	0.0 	0.0 	0.0 	0.0 	0.0 	0.0 	-		Minnesota Vikings	Indianapolis Colts	0 	0.0 	10 	0.1 	0.3 	2 	0.0 	0.0 	0.0 	0.0 	0.0 	2.0 	RB58		Minnesota Vikings	Detroit Lions	0 	0.0 	9 	0.1 	0.3 	2 	0.0 	0.0 	0.0 	0.0 	0.0 	1.7 	RB58		Minnesota Vikings	Buffalo Bills	0 	0.0 	10 	0.1 	0.3 	2 	0.0 	0.0 	0.0 	0.0 	0.0 	1.8 	RB65		Minnesota Vikings	Green Bay Packers	0 	0.0 	9 	0.1 	0.3 	2 	0.0 	0.0 	0.0 	0.0 	0.0 	1.7 	RB61		Minnesota Vikings	San Francisco 49ers	0 	0.0 	9 	0.1 	0.3 	2 	0.0 	0.0 	0.0 	0.0 	0.0 	1.7 	RB54		Minnesota Vikings	Atlanta Falcons	0 	0.0 	11 	0.1 	0.3 	2 	0.0 	0.0 	0.0 	0.0 	0.0 	2.0 	RB69		Minnesota Vikings	Carolina Panthers	0 	0.0 	10 	0.1 	0.3 	2 	0.0 	0.0 	0.0 	0.0 	0.0 	1.9 	RB64		Minnesota Vikings	New England Patriots	0 	0.0 	9 	0.1 	0.3 	2 	0.0 	0.0 	0.0 	0.0 	0.0 	1.6 	RB69		Minnesota Vikings	Detroit Lions	0 	0.0 	10 	0.1 	0.3 	2 	0.0 	0.0 	0.0 	0.0 	0.0 	1.8 	RB72		Minnesota Vikings	Washington Commanders	0 	0.0 	10 	0.1 	0.3 	2 	0.0 	0.0 	0.0 	0.0 	0.0 	2.0 	RB70		Minnesota Vikings	New York Jets	0 	0.0 	10 	0.1 	0.3 	2 	0.0 	0.0 	0.0 	0.0 	0.0 	1.8 	RB71		Actual	Actual	Actual	Actual	Forecast	Forecast	Forecast	Forecast	Forecast	Forecast	Forecast	Forecast	Forecast	Forecast	Forecast	Forecast	Forecast		Healthy	Healthy	Healthy	Healthy	Healthy	Healthy	Healthy	Healthy	Healthy	Healthy	Healthy	Healthy	Healthy	Healthy	Healthy	Healthy	Healthy		Week 5 2026	10/6/2026	7:50:59 PM	19		1%	1%	8%	9%	0%	0%		0.1 	0	0	0	0	0	0.070360 
	Demarcus Robinson	San Francisco 49ers	WR		2.9 	32 	0 	0.0 	0.0 	0.0 	0 	0.0 	0.0 	0.0 	11.3 	1.0 	167 	15.2 	1.6 	0.1 	0.0 	0.0 	0.0 	0.087 	1.000 	0.080 	(1)	0.000 	0.000 	243 	0 	(243)	92 	0 	(92)	0.049 				-	-		-	-		-	-		-	-		12.0 	4.9 	0.0 	0.0 	0.0 	0.0 	0.0 	0.0 	1.7 	1.8 	1.7 	1.6 	1.7 	1.7 	1.6 	1.6 	1.6 		WR22	WR52	-	-	-	-	-	-	WR89	WR83	WR80	WR97	WR86	WR91	WR98	WR98	WR97		WR99	1.7 	0.0 	0.0 	0.0 	0.0 	0.7 	9.2 	0.1 	99 	0.059 	1.000 	0.010 	(1)	0.000 	0.000 	257 	0.013 		15 														WR80	8.5 	0.0 	0.0 	0.0 	0.0 	3.2 	41.5 	0.3 	80 	0.151 	1.000 	0.200 	(1)	0.000 	0.000 	#N/A	0.113 		16.9 																	San Francisco 49ers	Los Angeles Rams	0 	0.0 	0 	0.0 	2.0 	50 	1.0 	0.0 	0.0 	0.0 	0.0 	12.0 	WR22		San Francisco 49ers	Miami Dolphins	0 	0.0 	0 	0.0 	3.0 	34 	0.0 	0.0 	0.0 	0.0 	0.0 	4.9 	WR52		San Francisco 49ers	Arizona Cardinals	0 	0.0 	0 	0.0 	0.0 	0 	0.0 	0.0 	0.0 	0.0 	0.0 	0.0 	-		San Francisco 49ers	Denver Broncos	0 	0.0 	0 	0.0 	0.0 	0 	0.0 	0.0 	0.0 	0.0 	0.0 	0.0 	-		San Francisco 49ers	Seattle Seahawks	0 	0.0 	0 	0.0 	0.0 	0 	0.0 	0.0 	0.0 	0.0 	0.0 	0.0 	-		San Francisco 49ers	Washington Commanders	0 	0.0 	0 	0.0 	0.0 	0 	0.0 	0.0 	0.0 	0.0 	0.0 	0.0 	-		San Francisco 49ers	Atlanta Falcons	0 	0.0 	0 	0.0 	0.0 	0 	0.0 	0.0 	0.0 	0.0 	0.0 	0.0 	-		San Francisco 49ers	BYE	0 	0.0 	0 	0.0 	0.0 	0 	0.0 	0.0 	0.0 	0.0 	0.0 	0.0 	-		San Francisco 49ers	Las Vegas Raiders	0 	0.0 	0 	0.0 	0.7 	9 	0.1 	0.0 	0.0 	0.0 	0.0 	1.7 	WR89		San Francisco 49ers	Dallas Cowboys	0 	0.0 	0 	0.0 	0.7 	10 	0.1 	0.0 	0.0 	0.0 	0.0 	1.8 	WR83		San Francisco 49ers	Minnesota Vikings	0 	0.0 	0 	0.0 	0.7 	9 	0.1 	0.0 	0.0 	0.0 	0.0 	1.7 	WR80		San Francisco 49ers	Seattle Seahawks	0 	0.0 	0 	0.0 	0.7 	9 	0.1 	0.0 	0.0 	0.0 	0.0 	1.6 	WR97		San Francisco 49ers	New York Giants	0 	0.0 	0 	0.0 	0.7 	9 	0.1 	0.0 	0.0 	0.0 	0.0 	1.7 	WR86		San Francisco 49ers	Los Angeles Rams	0 	0.0 	0 	0.0 	0.7 	9 	0.1 	0.0 	0.0 	0.0 	0.0 	1.7 	WR91		San Francisco 49ers	Los Angeles Chargers	0 	0.0 	0 	0.0 	0.7 	9 	0.1 	0.0 	0.0 	0.0 	0.0 	1.6 	WR98		San Francisco 49ers	Kansas City Chiefs	0 	0.0 	0 	0.0 	0.7 	9 	0.1 	0.0 	0.0 	0.0 	0.0 	1.6 	WR98		San Francisco 49ers	Philadelphia Eagles	0 	0.0 	0 	0.0 	0.7 	9 	0.1 	0.0 	0.0 	0.0 	0.0 	1.6 	WR97		Actual	Actual	Actual	Actual	Forecast	Forecast	Forecast	Forecast	Forecast	Forecast	Forecast	Forecast	Forecast	Forecast	Forecast	Forecast	Forecast		Healthy	Healthy	Injured	Injured	Injured	Injured	Injured	Healthy	Healthy	Healthy	Healthy	Healthy	Healthy	Healthy	Healthy	Healthy	Healthy		Week 5 2026	10/6/2026	7:50:59 PM	19		4%	4%	0%	0%	0%	0%		(0.1)	0	1	1	1	1	
	Dylan Sampson	Cleveland Browns	RB	RB74	2.0 	22 	0 	0.0 	0.0 	0.0 	64 	5.8 	0.3 	0.0 	9.9 	0.9 	74 	6.7 	0.3 	0.0 	0.0 	0.2 	0.0 	0.060 	1.000 	0.082 	(1)	0.000 	0.000 	244 	204 	(40)	74 	60 	(14)	0.046 				-	-		-	-		-	-		-	-		0.0 	0.0 	0.0 	0.0 	0.0 	2.0 	2.0 	1.9 	2.0 	1.9 	0.0 	2.1 	2.1 	2.1 	2.0 	1.9 	2.1 		-	-	-	-	-	RB57	RB57	RB56	RB64	RB59	-	RB67	RB62	RB64	RB71	RB71	RB70		RB69	2.0 	0.0 	0.0 	5.8 	0.0 	0.9 	6.7 	0.0 	69 	0.086 	1.000 	0.147 	(1)	0.000 	0.000 	227 	0.079 		22 														-	0.0 	0.0 	0.0 	0.0 	0.0 	0.0 	0.0 	0.0 	#N/A	0.000 	1.000 	#N/A	(1)	0.000 	0.000 	#N/A	#N/A		0.0 																	Cleveland Browns	Jacksonville Jaguars	0 	0.0 	0 	0.0 	0.0 	0 	0.0 	0.0 	0.0 	0.0 	0.0 	0.0 	-		Cleveland Browns	Tampa Bay Buccaneers	0 	0.0 	0 	0.0 	0.0 	0 	0.0 	0.0 	0.0 	0.0 	0.0 	0.0 	-		Cleveland Browns	Carolina Panthers	0 	0.0 	0 	0.0 	0.0 	0 	0.0 	0.0 	0.0 	0.0 	0.0 	0.0 	-		Cleveland Browns	Pittsburgh Steelers	0 	0.0 	0 	0.0 	0.0 	0 	0.0 	0.0 	0.0 	0.0 	0.0 	0.0 	-		Cleveland Browns	New York Jets	0 	0.0 	0 	0.0 	0.0 	0 	0.0 	0.0 	0.0 	0.0 	0.0 	0.0 	-		Cleveland Browns	Baltimore Ravens	0 	0.0 	6 	0.0 	0.9 	7 	0.0 	0.0 	0.0 	0.0 	0.0 	2.0 	RB57		Cleveland Browns	Tennessee Titans	0 	0.0 	6 	0.0 	0.9 	7 	0.0 	0.0 	0.0 	0.0 	0.0 	2.0 	RB57		Cleveland Browns	Pittsburgh Steelers	0 	0.0 	5 	0.0 	0.9 	7 	0.0 	0.0 	0.0 	0.0 	0.0 	1.9 	RB56		Cleveland Browns	New Orleans Saints	0 	0.0 	6 	0.0 	0.9 	7 	0.0 	0.0 	0.0 	0.0 	0.0 	2.0 	RB64		Cleveland Browns	Houston Texans	0 	0.0 	5 	0.0 	0.9 	7 	0.0 	0.0 	0.0 	0.0 	0.0 	1.9 	RB59		Cleveland Browns	BYE	0 	0.0 	0 	0.0 	0.0 	0 	0.0 	0.0 	0.0 	0.0 	0.0 	0.0 	-		Cleveland Browns	Las Vegas Raiders	0 	0.0 	6 	0.0 	0.9 	7 	0.0 	0.0 	0.0 	0.0 	0.0 	2.1 	RB67		Cleveland Browns	Cincinnati Bengals	0 	0.0 	6 	0.0 	0.9 	7 	0.0 	0.0 	0.0 	0.0 	0.0 	2.1 	RB62		Cleveland Browns	Atlanta Falcons	0 	0.0 	6 	0.0 	0.9 	7 	0.0 	0.0 	0.0 	0.0 	0.0 	2.1 	RB64		Cleveland Browns	New York Giants	0 	0.0 	6 	0.0 	0.9 	7 	0.0 	0.0 	0.0 	0.0 	0.0 	2.0 	RB71		Cleveland Browns	Baltimore Ravens	0 	0.0 	5 	0.0 	0.9 	7 	0.0 	0.0 	0.0 	0.0 	0.0 	1.9 	RB71		Cleveland Browns	Indianapolis Colts	0 	0.0 	6 	0.0 	0.9 	7 	0.0 	0.0 	0.0 	0.0 	0.0 	2.1 	RB70		Actual	Actual	Actual	Actual	Forecast	Forecast	Forecast	Forecast	Forecast	Forecast	Forecast	Forecast	Forecast	Forecast	Forecast	Forecast	Forecast		Healthy	Injured	Injured	Injured	Injured	Healthy	Healthy	Healthy	Healthy	Healthy	Healthy	Healthy	Healthy	Healthy	Healthy	Healthy	Healthy		Week 5 2026	10/6/2026	7:50:59 PM	19		3%	2%	6%	5%	0%	0%		0.1 	1	1	1	1	0	
	Michael Penix Jr.	Atlanta Falcons	QB	QB34	12.2 	170 	2,825 	201.8 	17.1 	1.2 	46 	3.3 	0.2 	0.0 	0.0 	0.0 	0 	0.0 	0.0 	0.0 	8.7 	0.9 	0.0 	0.462 	0.460 	0.085 	(0)	0.000 	0.000 	245 	247 	2 	32 	32 	0 	0.045 																0.0 	0.0 	14.0 	12.7 	12.2 	12.3 	12.1 	11.9 	12.6 	11.7 	0.0 	11.3 	12.5 	11.0 	12.1 	11.9 	12.0 		-	-	QB21	QB22	QB30	QB27	QB28	QB28	QB30	QB28	-	QB32	QB28	QB30	QB32	QB32	QB32		QB32	12.0 	195.5 	1.3 	4.2 	0.0 	0.0 	0.0 	0.0 	32 	0.559 	0.460 	0.085 	0 	0.044 	0.000 	235 	0.066 		143 														QB33	13.4 	1,173.0 	7.6 	25.0 	0.1 	0.0 	0.0 	0.0 	33 	0.239 	0.460 	0.070 	(1)	0.000 	0.000 	#N/A	0.037 		26.8 																	Atlanta Falcons	Pittsburgh Steelers	0 	0.0 	0 	0.0 	0.0 	0 	0.0 	0.0 	0.0 	0.0 	0.0 	0.0 	-		Atlanta Falcons	Carolina Panthers	0 	0.0 	0 	0.0 	0.0 	0 	0.0 	0.0 	0.0 	0.0 	0.0 	0.0 	-		Atlanta Falcons	Green Bay Packers	256 	1.0 	(2)	0.0 	0.0 	0 	0.0 	1.0 	0.0 	0.0 	1.0 	14.0 	QB21		Atlanta Falcons	New Orleans Saints	223 	1.0 	(2)	0.0 	0.0 	0 	0.0 	0.0 	0.0 	0.0 	0.0 	12.7 	QB22		Atlanta Falcons	Baltimore Ravens	194 	1.3 	5 	0.0 	0.0 	0 	0.0 	0.6 	0.1 	0.0 	0.0 	12.2 	QB30		Atlanta Falcons	Chicago Bears	198 	1.3 	4 	0.0 	0.0 	0 	0.0 	0.6 	0.1 	0.0 	0.0 	12.3 	QB27		Atlanta Falcons	San Francisco 49ers	198 	1.3 	4 	0.0 	0.0 	0 	0.0 	0.6 	0.1 	0.0 	0.0 	12.1 	QB28		Atlanta Falcons	Tampa Bay Buccaneers	196 	1.2 	4 	0.0 	0.0 	0 	0.0 	0.6 	0.1 	0.0 	0.0 	11.9 	QB28		Atlanta Falcons	Cincinnati Bengals	204 	1.3 	4 	0.0 	0.0 	0 	0.0 	0.6 	0.1 	0.0 	0.0 	12.6 	QB30		Atlanta Falcons	Kansas City Chiefs	194 	1.2 	4 	0.0 	0.0 	0 	0.0 	0.6 	0.1 	0.0 	0.0 	11.7 	QB28		Atlanta Falcons	BYE	0 	0.0 	0 	0.0 	0.0 	0 	0.0 	0.0 	0.0 	0.0 	0.0 	0.0 	-		Atlanta Falcons	Minnesota Vikings	191 	1.2 	4 	0.0 	0.0 	0 	0.0 	0.6 	0.1 	0.0 	0.0 	11.3 	QB32		Atlanta Falcons	Detroit Lions	201 	1.3 	4 	0.0 	0.0 	0 	0.0 	0.6 	0.1 	0.0 	0.0 	12.5 	QB28		Atlanta Falcons	Cleveland Browns	186 	1.1 	4 	0.0 	0.0 	0 	0.0 	0.6 	0.1 	0.0 	0.0 	11.0 	QB30		Atlanta Falcons	Washington Commanders	198 	1.3 	4 	0.0 	0.0 	0 	0.0 	0.6 	0.1 	0.0 	0.0 	12.1 	QB32		Atlanta Falcons	Tampa Bay Buccaneers	194 	1.3 	4 	0.0 	0.0 	0 	0.0 	0.6 	0.1 	0.0 	0.0 	11.9 	QB32		Atlanta Falcons	New Orleans Saints	192 	1.3 	4 	0.0 	0.0 	0 	0.0 	0.6 	0.1 	0.0 	0.0 	12.0 	QB32		Actual	Actual	Actual	Actual	Forecast	Forecast	Forecast	Forecast	Forecast	Forecast	Forecast	Forecast	Forecast	Forecast	Forecast	Forecast	Forecast		Injured	Injured	Healthy	Healthy	Healthy	Healthy	Healthy	Healthy	Healthy	Healthy	Healthy	Healthy	Healthy	Healthy	Healthy	Healthy	Healthy		Week 5 2026	10/6/2026	7:50:59 PM	19		0%	0%	3%	2%	99%	99%		0.0 	1	0	0	0	0	
	Jalen Nailor	Las Vegas Raiders	WR	WR92	2.0 	30 	0 	0.0 	0.0 	0.0 	0 	0.0 	0.0 	0.0 	14.7 	1.0 	161 	10.7 	1.1 	0.1 	0.0 	0.0 	0.0 	0.081 	1.000 	0.070 	(1)	0.000 	0.000 	246 	170 	(76)	93 	62 	(31)	0.044 				-	-		-	-		-	-		-	-		4.2 	1.4 	2.1 	0.0 	1.8 	2.0 	1.9 	1.8 	1.9 	1.8 	1.8 	1.8 	0.0 	1.8 	1.8 	1.9 	1.9 		WR61	WR80	WR78	-	WR85	WR79	WR80	WR83	WR87	WR82	WR78	WR95	-	WR89	WR96	WR96	WR95		WR95	1.8 	0.0 	0.0 	0.0 	0.0 	0.8 	9.1 	0.1 	95 	0.086 	1.000 	0.050 	(1)	0.000 	0.000 	248 	0.035 		22 														WR112	2.6 	0.0 	0.0 	0.0 	0.0 	3.2 	36.2 	0.4 	112 	0.069 	1.000 	0.000 	(1)	0.000 	0.000 	#N/A	0.010 		7.7 																	Las Vegas Raiders	Miami Dolphins	0 	0.0 	0 	0.0 	3.0 	27 	0.0 	0.0 	0.0 	0.0 	0.0 	4.2 	WR61		Las Vegas Raiders	Los Angeles Chargers	0 	0.0 	0 	0.0 	1.0 	9 	0.0 	0.0 	0.0 	0.0 	0.0 	1.4 	WR80		Las Vegas Raiders	New Orleans Saints	0 	0.0 	0 	0.0 	1.0 	16 	0.0 	0.0 	0.0 	0.0 	0.0 	2.1 	WR78		Las Vegas Raiders	Kansas City Chiefs	0 	0.0 	0 	0.0 	0.0 	0 	0.0 	0.0 	0.0 	0.0 	0.0 	0.0 	-		Las Vegas Raiders	New England Patriots	0 	0.0 	0 	0.0 	0.8 	9 	0.1 	0.0 	0.0 	0.0 	0.0 	1.8 	WR85		Las Vegas Raiders	Buffalo Bills	0 	0.0 	0 	0.0 	0.9 	10 	0.1 	0.0 	0.0 	0.0 	0.0 	2.0 	WR79		Las Vegas Raiders	Los Angeles Rams	0 	0.0 	0 	0.0 	0.8 	9 	0.1 	0.0 	0.0 	0.0 	0.0 	1.9 	WR80		Las Vegas Raiders	New York Jets	0 	0.0 	0 	0.0 	0.8 	9 	0.1 	0.0 	0.0 	0.0 	0.0 	1.8 	WR83		Las Vegas Raiders	San Francisco 49ers	0 	0.0 	0 	0.0 	0.8 	9 	0.1 	0.0 	0.0 	0.0 	0.0 	1.9 	WR87		Las Vegas Raiders	Seattle Seahawks	0 	0.0 	0 	0.0 	0.8 	9 	0.1 	0.0 	0.0 	0.0 	0.0 	1.8 	WR82		Las Vegas Raiders	Denver Broncos	0 	0.0 	0 	0.0 	0.8 	9 	0.1 	0.0 	0.0 	0.0 	0.0 	1.8 	WR78		Las Vegas Raiders	Cleveland Browns	0 	0.0 	0 	0.0 	0.8 	9 	0.1 	0.0 	0.0 	0.0 	0.0 	1.8 	WR95		Las Vegas Raiders	BYE	0 	0.0 	0 	0.0 	0.0 	0 	0.0 	0.0 	0.0 	0.0 	0.0 	0.0 	-		Las Vegas Raiders	Los Angeles Chargers	0 	0.0 	0 	0.0 	0.8 	9 	0.1 	0.0 	0.0 	0.0 	0.0 	1.8 	WR89		Las Vegas Raiders	Denver Broncos	0 	0.0 	0 	0.0 	0.8 	9 	0.1 	0.0 	0.0 	0.0 	0.0 	1.8 	WR96		Las Vegas Raiders	Tennessee Titans	0 	0.0 	0 	0.0 	0.8 	9 	0.1 	0.0 	0.0 	0.0 	0.0 	1.9 	WR96		Las Vegas Raiders	Arizona Cardinals	0 	0.0 	0 	0.0 	0.8 	9 	0.1 	0.0 	0.0 	0.0 	0.0 	1.9 	WR95		Actual	Actual	Actual	Actual	Forecast	Forecast	Forecast	Forecast	Forecast	Forecast	Forecast	Forecast	Forecast	Forecast	Forecast	Forecast	Forecast		Healthy	Healthy	Healthy	Healthy	Limited / Handicapped	Healthy	Healthy	Healthy	Healthy	Healthy	Healthy	Healthy	Healthy	Healthy	Healthy	Healthy	Healthy		Week 5 2026	10/6/2026	7:50:59 PM	19		4%	6%	0%	0%	0%	0%		0.0 	0	0	0	0	0	0.025126 
	De'Von Achane	Miami Dolphins	RB	RB75	7.0 	21 	0 	0.0 	0.0 	0.0 	127 	42.3 	0.0 	0.0 	7.0 	2.3 	49 	16.3 	0.0 	0.0 	0.0 	0.0 	0.0 	0.057 	1.000 	0.069 	(0)	0.000 	0.000 	247 	13 	(234)	75 	7 	(68)	0.040 				-	-		-	-		-	-		-	-		8.6 	10.8 	1.7 	0.0 	0.0 	0.0 	0.0 	0.0 	0.0 	0.0 	0.0 	0.0 	0.0 	0.0 	0.0 	0.0 	0.0 		RB27	RB16	RB54	-	-	-	-	-	-	-	-	-	-	-	-	-	-		RB80	0.0 	0.0 	0.0 	0.0 	0.0 	0.0 	0.0 	0.0 	80 	0.000 	1.000 	0.004 	(1)	0.000 	0.000 	268 	0.002 		0 														RB42	7.0 	0.0 	0.0 	0.0 	0.0 	0.0 	0.0 	0.0 	42 	0.188 	1.000 	0.494 	(0)	0.000 	0.000 	#N/A	0.250 		21.1 																	Miami Dolphins	Las Vegas Raiders	0 	0.0 	36 	0.0 	4.0 	30 	0.0 	0.0 	0.0 	0.0 	0.0 	8.6 	RB27		Miami Dolphins	San Francisco 49ers	0 	0.0 	74 	0.0 	3.0 	19 	0.0 	0.0 	0.0 	0.0 	0.0 	10.8 	RB16		Miami Dolphins	Kansas City Chiefs	0 	0.0 	17 	0.0 	0.0 	0 	0.0 	0.0 	0.0 	0.0 	0.0 	1.7 	RB54		Miami Dolphins	Minnesota Vikings	0 	0.0 	0 	0.0 	0.0 	0 	0.0 	0.0 	0.0 	0.0 	0.0 	0.0 	-		Miami Dolphins	Cincinnati Bengals	0 	0.0 	0 	0.0 	0.0 	0 	0.0 	0.0 	0.0 	0.0 	0.0 	0.0 	-		Miami Dolphins	BYE	0 	0.0 	0 	0.0 	0.0 	0 	0.0 	0.0 	0.0 	0.0 	0.0 	0.0 	-		Miami Dolphins	New York Jets	0 	0.0 	0 	0.0 	0.0 	0 	0.0 	0.0 	0.0 	0.0 	0.0 	0.0 	-		Miami Dolphins	New England Patriots	0 	0.0 	0 	0.0 	0.0 	0 	0.0 	0.0 	0.0 	0.0 	0.0 	0.0 	-		Miami Dolphins	Detroit Lions	0 	0.0 	0 	0.0 	0.0 	0 	0.0 	0.0 	0.0 	0.0 	0.0 	0.0 	-		Miami Dolphins	Indianapolis Colts	0 	0.0 	0 	0.0 	0.0 	0 	0.0 	0.0 	0.0 	0.0 	0.0 	0.0 	-		Miami Dolphins	Buffalo Bills	0 	0.0 	0 	0.0 	0.0 	0 	0.0 	0.0 	0.0 	0.0 	0.0 	0.0 	-		Miami Dolphins	New York Jets	0 	0.0 	0 	0.0 	0.0 	0 	0.0 	0.0 	0.0 	0.0 	0.0 	0.0 	-		Miami Dolphins	Denver Broncos	0 	0.0 	0 	0.0 	0.0 	0 	0.0 	0.0 	0.0 	0.0 	0.0 	0.0 	-		Miami Dolphins	Chicago Bears	0 	0.0 	0 	0.0 	0.0 	0 	0.0 	0.0 	0.0 	0.0 	0.0 	0.0 	-		Miami Dolphins	Green Bay Packers	0 	0.0 	0 	0.0 	0.0 	0 	0.0 	0.0 	0.0 	0.0 	0.0 	0.0 	-		Miami Dolphins	Los Angeles Chargers	0 	0.0 	0 	0.0 	0.0 	0 	0.0 	0.0 	0.0 	0.0 	0.0 	0.0 	-		Miami Dolphins	Buffalo Bills	0 	0.0 	0 	0.0 	0.0 	0 	0.0 	0.0 	0.0 	0.0 	0.0 	0.0 	-		Actual	Actual	Actual	Actual	Forecast	Forecast	Forecast	Forecast	Forecast	Forecast	Forecast	Forecast	Forecast	Forecast	Forecast	Forecast	Forecast		Healthy	Healthy	Healthy	Injured	Injured	Injured	Injured	Injured	Injured	Injured	Injured	Injured	Injured	Injured	Injured	Injured	Injured		Week 5 2026	10/6/2026	7:50:59 PM	19		0%	0%	0%	0%	0%	0%		(0.2)	0	0	1	1	1	
	Zachariah Branch	Atlanta Falcons	WR	WR93	1.9 	28 	0 	0.0 	0.0 	0.0 	0 	0.0 	0.0 	0.0 	17.5 	1.2 	149 	10.0 	0.8 	0.1 	0.0 	0.0 	0.0 	0.077 	1.000 	0.060 	(1)	0.000 	0.000 	248 	264 	16 	94 	85 	(9)	0.038 																0.0 	2.4 	1.2 	2.0 	1.9 	1.9 	1.9 	1.9 	2.0 	1.9 	0.0 	1.8 	1.9 	1.8 	1.9 	1.9 	1.9 		-	WR73	WR85	WR71	WR84	WR80	WR81	WR82	WR85	WR81	-	WR94	WR84	WR90	WR94	WR95	WR96		WR93	1.9 	0.0 	0.0 	0.0 	0.0 	1.0 	9.9 	0.1 	93 	0.088 	1.000 	0.070 	(1)	0.000 	0.000 	244 	0.045 		23 														WR121	1.9 	0.0 	0.0 	0.0 	0.0 	4.2 	39.5 	0.3 	121 	0.050 	1.000 	0.000 	(1)	0.000 	0.000 	#N/A	0.008 		5.6 																	Atlanta Falcons	Pittsburgh Steelers	0 	0.0 	0 	0.0 	0.0 	0 	0.0 	0.0 	0.0 	0.0 	0.0 	0.0 	-		Atlanta Falcons	Carolina Panthers	0 	0.0 	0 	0.0 	2.0 	14 	0.0 	0.0 	0.0 	0.0 	0.0 	2.4 	WR73		Atlanta Falcons	Green Bay Packers	0 	0.0 	0 	0.0 	1.0 	7 	0.0 	0.0 	0.0 	0.0 	0.0 	1.2 	WR85		Atlanta Falcons	New Orleans Saints	0 	0.0 	0 	0.0 	2.0 	10 	0.0 	0.0 	0.0 	0.0 	0.0 	2.0 	WR71		Atlanta Falcons	Baltimore Ravens	0 	0.0 	0 	0.0 	1.0 	10 	0.1 	0.0 	0.0 	0.0 	0.0 	1.9 	WR84		Atlanta Falcons	Chicago Bears	0 	0.0 	0 	0.0 	1.1 	10 	0.1 	0.0 	0.0 	0.0 	0.0 	1.9 	WR80		Atlanta Falcons	San Francisco 49ers	0 	0.0 	0 	0.0 	1.1 	10 	0.1 	0.0 	0.0 	0.0 	0.0 	1.9 	WR81		Atlanta Falcons	Tampa Bay Buccaneers	0 	0.0 	0 	0.0 	1.0 	10 	0.1 	0.0 	0.0 	0.0 	0.0 	1.9 	WR82		Atlanta Falcons	Cincinnati Bengals	0 	0.0 	0 	0.0 	1.1 	10 	0.1 	0.0 	0.0 	0.0 	0.0 	2.0 	WR85		Atlanta Falcons	Kansas City Chiefs	0 	0.0 	0 	0.0 	1.0 	10 	0.1 	0.0 	0.0 	0.0 	0.0 	1.9 	WR81		Atlanta Falcons	BYE	0 	0.0 	0 	0.0 	0.0 	0 	0.0 	0.0 	0.0 	0.0 	0.0 	0.0 	-		Atlanta Falcons	Minnesota Vikings	0 	0.0 	0 	0.0 	1.0 	10 	0.1 	0.0 	0.0 	0.0 	0.0 	1.8 	WR94		Atlanta Falcons	Detroit Lions	0 	0.0 	0 	0.0 	1.1 	10 	0.1 	0.0 	0.0 	0.0 	0.0 	1.9 	WR84		Atlanta Falcons	Cleveland Browns	0 	0.0 	0 	0.0 	1.0 	9 	0.1 	0.0 	0.0 	0.0 	0.0 	1.8 	WR90		Atlanta Falcons	Washington Commanders	0 	0.0 	0 	0.0 	1.1 	10 	0.1 	0.0 	0.0 	0.0 	0.0 	1.9 	WR94		Atlanta Falcons	Tampa Bay Buccaneers	0 	0.0 	0 	0.0 	1.0 	10 	0.1 	0.0 	0.0 	0.0 	0.0 	1.9 	WR95		Atlanta Falcons	New Orleans Saints	0 	0.0 	0 	0.0 	1.0 	10 	0.1 	0.0 	0.0 	0.0 	0.0 	1.9 	WR96		Actual	Actual	Actual	Actual	Forecast	Forecast	Forecast	Forecast	Forecast	Forecast	Forecast	Forecast	Forecast	Forecast	Forecast	Forecast	Forecast		Healthy	Healthy	Healthy	Healthy	Healthy	Healthy	Healthy	Healthy	Healthy	Healthy	Healthy	Healthy	Healthy	Healthy	Healthy	Healthy	Healthy		Week 5 2026	10/6/2026	7:50:59 PM	19		5%	5%	0%	0%	0%	0%		0.0 	0	0	0	0	0	0.037217 
	Jalon Daniels	Tampa Bay Buccaneers	QB	QB36	3.0 	41 	581 	41.5 	3.7 	0.3 	92 	6.5 	0.2 	0.0 	0.0 	0.0 	0 	0.0 	0.0 	0.0 	3.3 	0.2 	0.0 	0.113 	0.460 	0.055 	(1)	0.000 	0.000 	252 	0 	(252)	34 	0 	(34)	0.029 																0.0 	0.0 	0.9 	11.4 	13.6 	12.2 	0.4 	0.4 	0.3 	0.0 	0.3 	0.4 	0.3 	0.3 	0.4 	0.4 	0.3 		-	-	QB33	QB24	QB25	QB28	QB31	QB30	QB34	-	QB29	QB36	QB32	QB34	QB36	QB35	QB36		QB33	2.4 	36.1 	0.2 	2.3 	0.0 	0.0 	0.0 	0.0 	33 	0.114 	0.460 	0.070 	(1)	0.000 	0.000 	247 	0.037 		29 														QB40	6.2 	216.7 	1.3 	13.8 	0.1 	0.0 	0.0 	0.0 	40 	0.110 	0.460 	0.000 	(1)	0.000 	0.000 	#N/A	0.000 		12.3 																	Tampa Bay Buccaneers	Cincinnati Bengals	0 	0.0 	0 	0.0 	0.0 	0 	0.0 	0.0 	0.0 	0.0 	0.0 	0.0 	-		Tampa Bay Buccaneers	Cleveland Browns	0 	0.0 	0 	0.0 	0.0 	0 	0.0 	0.0 	0.0 	0.0 	0.0 	0.0 	-		Tampa Bay Buccaneers	Minnesota Vikings	0 	0.0 	9 	0.0 	0.0 	0 	0.0 	0.0 	0.0 	0.0 	0.0 	0.9 	QB33		Tampa Bay Buccaneers	Green Bay Packers	148 	1.0 	55 	0.0 	0.0 	0 	0.0 	2.0 	0.0 	0.0 	0.0 	11.4 	QB24		Tampa Bay Buccaneers	Dallas Cowboys	226 	1.4 	2 	0.0 	0.0 	0 	0.0 	0.6 	0.1 	0.0 	0.0 	13.6 	QB25		Tampa Bay Buccaneers	Pittsburgh Steelers	207 	1.3 	2 	0.0 	0.0 	0 	0.0 	0.6 	0.1 	0.0 	0.0 	12.2 	QB28		Tampa Bay Buccaneers	Carolina Panthers	0 	0.0 	2 	0.0 	0.0 	0 	0.0 	0.0 	0.0 	0.0 	0.0 	0.4 	QB31		Tampa Bay Buccaneers	Atlanta Falcons	0 	0.0 	3 	0.0 	0.0 	0 	0.0 	0.0 	0.0 	0.0 	0.0 	0.4 	QB30		Tampa Bay Buccaneers	Chicago Bears	0 	0.0 	2 	0.0 	0.0 	0 	0.0 	0.0 	0.0 	0.0 	0.0 	0.3 	QB34		Tampa Bay Buccaneers	BYE	0 	0.0 	0 	0.0 	0.0 	0 	0.0 	0.0 	0.0 	0.0 	0.0 	0.0 	-		Tampa Bay Buccaneers	Detroit Lions	0 	0.0 	2 	0.0 	0.0 	0 	0.0 	0.0 	0.0 	0.0 	0.0 	0.3 	QB29		Tampa Bay Buccaneers	Carolina Panthers	0 	0.0 	2 	0.0 	0.0 	0 	0.0 	0.0 	0.0 	0.0 	0.0 	0.4 	QB36		Tampa Bay Buccaneers	Los Angeles Chargers	0 	0.0 	2 	0.0 	0.0 	0 	0.0 	0.0 	0.0 	0.0 	0.0 	0.3 	QB32		Tampa Bay Buccaneers	Baltimore Ravens	0 	0.0 	2 	0.0 	0.0 	0 	0.0 	0.0 	0.0 	0.0 	0.0 	0.3 	QB34		Tampa Bay Buccaneers	New Orleans Saints	0 	0.0 	3 	0.0 	0.0 	0 	0.0 	0.0 	0.0 	0.0 	0.0 	0.4 	QB36		Tampa Bay Buccaneers	Atlanta Falcons	0 	0.0 	2 	0.0 	0.0 	0 	0.0 	0.0 	0.0 	0.0 	0.0 	0.4 	QB35		Tampa Bay Buccaneers	Los Angeles Rams	0 	0.0 	2 	0.0 	0.0 	0 	0.0 	0.0 	0.0 	0.0 	0.0 	0.3 	QB36		Actual	Actual	Actual	Actual	Forecast	Forecast	Forecast	Forecast	Forecast	Forecast	Forecast	Forecast	Forecast	Forecast	Forecast	Forecast	Forecast		Healthy	Healthy	Healthy	Healthy	Healthy	Healthy	Healthy	Healthy	Healthy	Healthy	Healthy	Healthy	Healthy	Healthy	Healthy	Healthy	Healthy		Week 5 2026	10/6/2026	7:50:59 PM	19		0%	0%	2%	2%	0%	0%		0.0 	0	0	0	0	0	0.037002 
	Ja'Kobi Lane	Baltimore Ravens	WR	WR94	2.2 	27 	0 	0.0 	0.0 	0.0 	0 	0.0 	0.0 	0.0 	12.9 	1.1 	145 	12.1 	1.0 	0.1 	0.0 	0.0 	0.0 	0.072 	1.000 	0.050 	(1)	0.000 	0.000 	250 	151 	(99)	95 	57 	(38)	0.033 																1.6 	0.0 	0.0 	0.0 	0.0 	2.1 	2.4 	2.3 	2.3 	2.3 	2.3 	2.2 	0.0 	2.3 	2.3 	2.2 	2.3 		WR84	-	-	-	-	WR78	WR77	WR79	WR83	WR78	WR76	WR91	-	WR85	WR91	WR91	WR91		WR92	2.3 	0.0 	0.0 	0.0 	0.0 	1.1 	12.2 	0.1 	92 	0.097 	1.000 	0.080 	(1)	0.000 	0.000 	242 	0.051 		25 														WR145	1.6 	0.0 	0.0 	0.0 	0.0 	11.9 	133.8 	1.0 	145 	0.014 	1.000 	0.000 	(1)	0.000 	0.000 	#N/A	0.002 		1.6 																	Baltimore Ravens	Indianapolis Colts	0 	0.0 	0 	0.0 	1.0 	11 	0.0 	0.0 	0.0 	0.0 	0.0 	1.6 	WR84		Baltimore Ravens	New Orleans Saints	0 	0.0 	0 	0.0 	0.0 	0 	0.0 	0.0 	0.0 	0.0 	0.0 	0.0 	-		Baltimore Ravens	Dallas Cowboys	0 	0.0 	0 	0.0 	0.0 	0 	0.0 	0.0 	0.0 	0.0 	0.0 	0.0 	-		Baltimore Ravens	Tennessee Titans	0 	0.0 	0 	0.0 	0.0 	0 	0.0 	0.0 	0.0 	0.0 	0.0 	0.0 	-		Baltimore Ravens	Atlanta Falcons	0 	0.0 	0 	0.0 	0.0 	0 	0.0 	0.0 	0.0 	0.0 	0.0 	0.0 	-		Baltimore Ravens	Cleveland Browns	0 	0.0 	0 	0.0 	1.0 	12 	0.1 	0.0 	0.0 	0.0 	0.0 	2.1 	WR78		Baltimore Ravens	Cincinnati Bengals	0 	0.0 	0 	0.0 	1.1 	13 	0.1 	0.0 	0.0 	0.0 	0.0 	2.4 	WR77		Baltimore Ravens	Buffalo Bills	0 	0.0 	0 	0.0 	1.1 	12 	0.1 	0.0 	0.0 	0.0 	0.0 	2.3 	WR79		Baltimore Ravens	Jacksonville Jaguars	0 	0.0 	0 	0.0 	1.1 	12 	0.1 	0.0 	0.0 	0.0 	0.0 	2.3 	WR83		Baltimore Ravens	Los Angeles Chargers	0 	0.0 	0 	0.0 	1.1 	12 	0.1 	0.0 	0.0 	0.0 	0.0 	2.3 	WR78		Baltimore Ravens	Carolina Panthers	0 	0.0 	0 	0.0 	1.1 	12 	0.1 	0.0 	0.0 	0.0 	0.0 	2.3 	WR76		Baltimore Ravens	Houston Texans	0 	0.0 	0 	0.0 	1.1 	12 	0.1 	0.0 	0.0 	0.0 	0.0 	2.2 	WR91		Baltimore Ravens	BYE	0 	0.0 	0 	0.0 	0.0 	0 	0.0 	0.0 	0.0 	0.0 	0.0 	0.0 	-		Baltimore Ravens	Tampa Bay Buccaneers	0 	0.0 	0 	0.0 	1.1 	12 	0.1 	0.0 	0.0 	0.0 	0.0 	2.3 	WR85		Baltimore Ravens	Pittsburgh Steelers	0 	0.0 	0 	0.0 	1.1 	12 	0.1 	0.0 	0.0 	0.0 	0.0 	2.3 	WR91		Baltimore Ravens	Cleveland Browns	0 	0.0 	0 	0.0 	1.0 	12 	0.1 	0.0 	0.0 	0.0 	0.0 	2.2 	WR91		Baltimore Ravens	Cincinnati Bengals	0 	0.0 	0 	0.0 	1.1 	12 	0.1 	0.0 	0.0 	0.0 	0.0 	2.3 	WR91		Actual	Actual	Actual	Actual	Forecast	Forecast	Forecast	Forecast	Forecast	Forecast	Forecast	Forecast	Forecast	Forecast	Forecast	Forecast	Forecast		Healthy	Injured	Injured	Injured	Injured	Healthy	Healthy	Healthy	Healthy	Healthy	Healthy	Healthy	Healthy	Healthy	Healthy	Healthy	Healthy		Week 5 2026	10/6/2026	7:50:59 PM	19		6%	7%	0%	0%	0%	0%		0.0 	1	1	1	1	0	
	Nicholas Singleton	Tennessee Titans	RB	RB76	1.2 	16 	0 	0.0 	0.0 	0.0 	74 	5.3 	0.6 	0.0 	3.9 	0.3 	27 	1.9 	0.2 	0.0 	0.0 	0.2 	0.0 	0.045 	1.000 	0.056 	(1)	0.000 	0.000 	251 	237 	(14)	76 	64 	(12)	0.032 																0.0 	1.0 	0.0 	0.2 	1.0 	1.2 	1.4 	1.3 	0.0 	1.3 	1.3 	1.2 	1.4 	1.2 	1.4 	1.3 	1.3 		-	RB62	-	RB61	RB63	RB61	RB61	RB61	-	RB64	RB58	RB76	RB70	RB74	RB76	RB77	RB77		RB77	1.3 	0.0 	0.0 	5.2 	0.1 	0.3 	2.3 	0.0 	77 	0.060 	1.000 	0.043 	(1)	0.000 	0.000 	252 	0.028 		15 														RB94	0.6 	0.0 	0.0 	31.1 	0.3 	1.9 	13.6 	0.1 	94 	0.011 	1.000 	0.000 	(1)	0.000 	0.000 	#N/A	0.002 		1.2 																	Tennessee Titans	New York Jets	0 	0.0 	0 	0.0 	0.0 	0 	0.0 	0.0 	0.0 	0.0 	0.0 	0.0 	-		Tennessee Titans	Philadelphia Eagles	0 	0.0 	10 	0.0 	0.0 	0 	0.0 	0.0 	0.0 	0.0 	0.0 	1.0 	RB62		Tennessee Titans	New York Giants	0 	0.0 	0 	0.0 	0.0 	0 	0.0 	0.0 	0.0 	0.0 	0.0 	0.0 	-		Tennessee Titans	Baltimore Ravens	0 	0.0 	2 	0.0 	0.0 	0 	0.0 	0.0 	0.0 	0.0 	0.0 	0.2 	RB61		Tennessee Titans	Houston Texans	0 	0.0 	4 	0.0 	0.3 	2 	0.0 	0.0 	0.0 	0.0 	0.0 	1.0 	RB63		Tennessee Titans	Indianapolis Colts	0 	0.0 	5 	0.0 	0.3 	2 	0.0 	0.0 	0.0 	0.0 	0.0 	1.2 	RB61		Tennessee Titans	Cleveland Browns	0 	0.0 	6 	0.1 	0.3 	2 	0.0 	0.0 	0.0 	0.0 	0.0 	1.4 	RB61		Tennessee Titans	Cincinnati Bengals	0 	0.0 	5 	0.1 	0.3 	2 	0.0 	0.0 	0.0 	0.0 	0.0 	1.3 	RB61		Tennessee Titans	BYE	0 	0.0 	0 	0.0 	0.0 	0 	0.0 	0.0 	0.0 	0.0 	0.0 	0.0 	-		Tennessee Titans	Jacksonville Jaguars	0 	0.0 	6 	0.1 	0.3 	2 	0.0 	0.0 	0.0 	0.0 	0.0 	1.3 	RB64		Tennessee Titans	Dallas Cowboys	0 	0.0 	5 	0.1 	0.3 	2 	0.0 	0.0 	0.0 	0.0 	0.0 	1.3 	RB58		Tennessee Titans	Jacksonville Jaguars	0 	0.0 	5 	0.0 	0.3 	2 	0.0 	0.0 	0.0 	0.0 	0.0 	1.2 	RB76		Tennessee Titans	Washington Commanders	0 	0.0 	6 	0.1 	0.3 	2 	0.0 	0.0 	0.0 	0.0 	0.0 	1.4 	RB70		Tennessee Titans	Detroit Lions	0 	0.0 	5 	0.0 	0.3 	2 	0.0 	0.0 	0.0 	0.0 	0.0 	1.2 	RB74		Tennessee Titans	Indianapolis Colts	0 	0.0 	6 	0.1 	0.3 	2 	0.0 	0.0 	0.0 	0.0 	0.0 	1.4 	RB76		Tennessee Titans	Las Vegas Raiders	0 	0.0 	5 	0.1 	0.3 	2 	0.0 	0.0 	0.0 	0.0 	0.0 	1.3 	RB77		Tennessee Titans	Pittsburgh Steelers	0 	0.0 	5 	0.1 	0.3 	2 	0.0 	0.0 	0.0 	0.0 	0.0 	1.3 	RB77		Actual	Actual	Actual	Actual	Forecast	Forecast	Forecast	Forecast	Forecast	Forecast	Forecast	Forecast	Forecast	Forecast	Forecast	Forecast	Forecast		Injured	Healthy	Healthy	Healthy	Healthy	Healthy	Healthy	Healthy	Healthy	Healthy	Healthy	Healthy	Healthy	Healthy	Healthy	Healthy	Healthy		Week 5 2026	10/6/2026	7:50:59 PM	19		1%	1%	5%	7%	0%	0%		0.0 	0	0	0	0	0	0.026773 
	Marcus Mariota	Washington Commanders	QB	QB35	3.0 	42 	364 	26.0 	4.2 	0.3 	92 	6.6 	0.3 	0.0 	0.0 	0.0 	0 	0.0 	0.0 	0.0 	0.1 	0.0 	0.0 	0.114 	0.460 	0.070 	(1)	0.000 	0.000 	249 	0 	(249)	33 	0 	(33)	0.037 																0.0 	8.7 	20.4 	5.3 	0.0 	0.6 	0.0 	0.7 	0.7 	0.7 	0.7 	0.8 	0.7 	0.7 	0.8 	0.7 	0.7 		-	QB24	QB13	QB31	-	QB29	-	QB29	QB31	QB29	QB27	QB33	QB29	QB31	QB33	QB33	QB33		QB35	0.7 	2.2 	0.0 	3.9 	0.0 	0.0 	0.0 	0.0 	35 	0.030 	0.460 	0.040 	(2)	0.000 	0.000 	254 	0.021 		8 														QB29	11.5 	7.9 	0.1 	14.4 	0.1 	0.0 	0.0 	0.0 	29 	0.308 	0.460 	0.129 	(0)	0.000 	0.000 	#N/A	0.068 		34.5 																	Washington Commanders	Philadelphia Eagles	0 	0.0 	0 	0.0 	0.0 	0 	0.0 	0.0 	0.0 	0.0 	0.0 	0.0 	-		Washington Commanders	Dallas Cowboys	111 	1.0 	3 	0.0 	0.0 	0 	0.0 	0.0 	0.0 	0.0 	0.0 	8.7 	QB24		Washington Commanders	Seattle Seahawks	183 	3.0 	11 	0.0 	0.0 	0 	0.0 	0.0 	0.0 	0.0 	0.0 	20.4 	QB13		Washington Commanders	Indianapolis Colts	46 	0.0 	35 	0.0 	0.0 	0 	0.0 	0.0 	0.0 	0.0 	0.0 	5.3 	QB31		Washington Commanders	New York Giants	0 	0.0 	0 	0.0 	0.0 	0 	0.0 	0.0 	0.0 	0.0 	0.0 	0.0 	-		Washington Commanders	San Francisco 49ers	2 	0.0 	3 	0.0 	0.0 	0 	0.0 	0.0 	0.0 	0.0 	0.0 	0.6 	QB29		Washington Commanders	BYE	0 	0.0 	0 	0.0 	0.0 	0 	0.0 	0.0 	0.0 	0.0 	0.0 	0.0 	-		Washington Commanders	Philadelphia Eagles	2 	0.0 	4 	0.0 	0.0 	0 	0.0 	0.0 	0.0 	0.0 	0.0 	0.7 	QB29		Washington Commanders	Los Angeles Rams	2 	0.0 	4 	0.0 	0.0 	0 	0.0 	0.0 	0.0 	0.0 	0.0 	0.7 	QB31		Washington Commanders	New York Giants	2 	0.0 	4 	0.0 	0.0 	0 	0.0 	0.0 	0.0 	0.0 	0.0 	0.7 	QB29		Washington Commanders	Cincinnati Bengals	2 	0.0 	4 	0.0 	0.0 	0 	0.0 	0.0 	0.0 	0.0 	0.0 	0.7 	QB27		Washington Commanders	Arizona Cardinals	2 	0.0 	4 	0.0 	0.0 	0 	0.0 	0.0 	0.0 	0.0 	0.0 	0.8 	QB33		Washington Commanders	Tennessee Titans	2 	0.0 	4 	0.0 	0.0 	0 	0.0 	0.0 	0.0 	0.0 	0.0 	0.7 	QB29		Washington Commanders	Houston Texans	2 	0.0 	4 	0.0 	0.0 	0 	0.0 	0.0 	0.0 	0.0 	0.0 	0.7 	QB31		Washington Commanders	Atlanta Falcons	2 	0.0 	4 	0.0 	0.0 	0 	0.0 	0.0 	0.0 	0.0 	0.0 	0.8 	QB33		Washington Commanders	Minnesota Vikings	2 	0.0 	4 	0.0 	0.0 	0 	0.0 	0.0 	0.0 	0.0 	0.0 	0.7 	QB33		Washington Commanders	Jacksonville Jaguars	2 	0.0 	4 	0.0 	0.0 	0 	0.0 	0.0 	0.0 	0.0 	0.0 	0.7 	QB33		Actual	Actual	Actual	Actual	Forecast	Forecast	Forecast	Forecast	Forecast	Forecast	Forecast	Forecast	Forecast	Forecast	Forecast	Forecast	Forecast		Healthy	Healthy	Healthy	Healthy	Injured	Healthy	Healthy	Healthy	Healthy	Healthy	Healthy	Healthy	Healthy	Healthy	Healthy	Healthy	Healthy		Week 5 2026	10/6/2026	7:50:59 PM	19		0%	0%	3%	3%	1%	1%		(0.0)	0	0	0	1	0	
	Andrei Iosivas	Cincinnati Bengals	WR	WR95	1.9 	26 	0 	0.0 	0.0 	0.0 	0 	0.0 	0.0 	0.0 	16.5 	1.2 	147 	10.5 	0.5 	0.0 	0.0 	0.0 	0.0 	0.070 	1.000 	0.040 	(1)	0.000 	0.000 	253 	0 	(253)	96 	0 	(96)	0.029 																2.2 	1.2 	0.0 	0.0 	1.8 	0.0 	1.9 	1.9 	1.9 	1.9 	1.9 	1.9 	1.8 	1.9 	1.9 	1.9 	1.9 		WR81	WR82	-	-	WR86	-	WR82	WR81	WR86	WR80	WR77	WR93	WR85	WR88	WR95	WR94	WR94		WR94	1.9 	0.0 	0.0 	0.0 	0.0 	1.1 	10.7 	0.0 	94 	0.088 	1.000 	0.060 	(1)	0.000 	0.000 	246 	0.040 		23 														WR132	1.7 	0.0 	0.0 	0.0 	0.0 	6.7 	64.0 	0.3 	132 	0.030 	1.000 	0.000 	(1)	0.000 	0.000 	#N/A	0.005 		3.4 																	Cincinnati Bengals	Tampa Bay Buccaneers	0 	0.0 	0 	0.0 	2.0 	12 	0.0 	0.0 	0.0 	0.0 	0.0 	2.2 	WR81		Cincinnati Bengals	Houston Texans	0 	0.0 	0 	0.0 	1.0 	7 	0.0 	0.0 	0.0 	0.0 	0.0 	1.2 	WR82		Cincinnati Bengals	Pittsburgh Steelers	0 	0.0 	0 	0.0 	0.0 	0 	0.0 	0.0 	0.0 	0.0 	0.0 	0.0 	-		Cincinnati Bengals	Jacksonville Jaguars	0 	0.0 	0 	0.0 	0.0 	0 	0.0 	0.0 	0.0 	0.0 	0.0 	0.0 	-		Cincinnati Bengals	Miami Dolphins	0 	0.0 	0 	0.0 	1.1 	10 	0.0 	0.0 	0.0 	0.0 	0.0 	1.8 	WR86		Cincinnati Bengals	BYE	0 	0.0 	0 	0.0 	0.0 	0 	0.0 	0.0 	0.0 	0.0 	0.0 	0.0 	-		Cincinnati Bengals	Baltimore Ravens	0 	0.0 	0 	0.0 	1.1 	11 	0.0 	0.0 	0.0 	0.0 	0.0 	1.9 	WR82		Cincinnati Bengals	Tennessee Titans	0 	0.0 	0 	0.0 	1.1 	11 	0.0 	0.0 	0.0 	0.0 	0.0 	1.9 	WR81		Cincinnati Bengals	Atlanta Falcons	0 	0.0 	0 	0.0 	1.1 	11 	0.0 	0.0 	0.0 	0.0 	0.0 	1.9 	WR86		Cincinnati Bengals	Pittsburgh Steelers	0 	0.0 	0 	0.0 	1.1 	11 	0.0 	0.0 	0.0 	0.0 	0.0 	1.9 	WR80		Cincinnati Bengals	Washington Commanders	0 	0.0 	0 	0.0 	1.2 	11 	0.0 	0.0 	0.0 	0.0 	0.0 	1.9 	WR77		Cincinnati Bengals	New Orleans Saints	0 	0.0 	0 	0.0 	1.1 	11 	0.0 	0.0 	0.0 	0.0 	0.0 	1.9 	WR93		Cincinnati Bengals	Cleveland Browns	0 	0.0 	0 	0.0 	1.1 	10 	0.0 	0.0 	0.0 	0.0 	0.0 	1.8 	WR85		Cincinnati Bengals	Kansas City Chiefs	0 	0.0 	0 	0.0 	1.1 	11 	0.0 	0.0 	0.0 	0.0 	0.0 	1.9 	WR88		Cincinnati Bengals	Carolina Panthers	0 	0.0 	0 	0.0 	1.1 	11 	0.0 	0.0 	0.0 	0.0 	0.0 	1.9 	WR95		Cincinnati Bengals	Indianapolis Colts	0 	0.0 	0 	0.0 	1.2 	11 	0.0 	0.0 	0.0 	0.0 	0.0 	1.9 	WR94		Cincinnati Bengals	Baltimore Ravens	0 	0.0 	0 	0.0 	1.2 	11 	0.0 	0.0 	0.0 	0.0 	0.0 	1.9 	WR94		Actual	Actual	Actual	Actual	Forecast	Forecast	Forecast	Forecast	Forecast	Forecast	Forecast	Forecast	Forecast	Forecast	Forecast	Forecast	Forecast		Healthy	Healthy	Injured	Injured	Healthy	Healthy	Healthy	Healthy	Healthy	Healthy	Healthy	Healthy	Healthy	Healthy	Healthy	Healthy	Healthy		Week 5 2026	10/6/2026	7:50:59 PM	19		4%	2%	0%	0%	0%	0%		0.0 	0	1	1	0	0	
	Joe Mixon	Seattle Seahawks	RB	RB77	1.5 	16 	0 	0.0 	0.0 	0.0 	87 	7.9 	0.5 	0.0 	3.1 	0.3 	27 	2.4 	0.2 	0.0 	0.0 	0.3 	0.0 	0.045 	1.000 	0.043 	(1)	0.000 	0.000 	254 	0 	(254)	77 	0 	(77)	0.026 																0.0 	0.0 	0.0 	0.0 	0.0 	1.4 	1.4 	1.5 	1.7 	1.6 	0.0 	1.4 	1.6 	1.6 	1.3 	1.5 	1.5 		-	-	-	-	-	RB59	RB60	RB60	RB66	RB63	-	RB74	RB67	RB70	RB77	RB76	RB74		RB73	1.5 	0.0 	0.0 	7.9 	0.0 	0.3 	2.4 	0.0 	73 	0.064 	1.000 	0.095 	(1)	0.000 	0.000 	241 	0.053 		16 															0.0 	0.0 	0.0 	0.0 	0.0 	0.0 	0.0 	0.0 	#N/A	0.000 	1.000 	#N/A	(1)	0.000 	0.000 	#N/A	#N/A		0.0 																	Seattle Seahawks	New England Patriots	0 	0.0 	0 	0.0 	0.0 	0 	0.0 	0.0 	0.0 	0.0 	0.0 	0.0 	-		Seattle Seahawks	Arizona Cardinals	0 	0.0 	0 	0.0 	0.0 	0 	0.0 	0.0 	0.0 	0.0 	0.0 	0.0 	-		Seattle Seahawks	Washington Commanders	0 	0.0 	0 	0.0 	0.0 	0 	0.0 	0.0 	0.0 	0.0 	0.0 	0.0 	-		Seattle Seahawks	Los Angeles Chargers	0 	0.0 	0 	0.0 	0.0 	0 	0.0 	0.0 	0.0 	0.0 	0.0 	0.0 	-		Seattle Seahawks	San Francisco 49ers	0 	0.0 	0 	0.0 	0.0 	0 	0.0 	0.0 	0.0 	0.0 	0.0 	0.0 	-		Seattle Seahawks	Denver Broncos	0 	0.0 	7 	0.0 	0.3 	2 	0.0 	0.0 	0.0 	0.0 	0.0 	1.4 	RB59		Seattle Seahawks	Kansas City Chiefs	0 	0.0 	7 	0.0 	0.3 	2 	0.0 	0.0 	0.0 	0.0 	0.0 	1.4 	RB60		Seattle Seahawks	Chicago Bears	0 	0.0 	8 	0.0 	0.3 	2 	0.0 	0.0 	0.0 	0.0 	0.0 	1.5 	RB60		Seattle Seahawks	Arizona Cardinals	0 	0.0 	9 	0.1 	0.3 	2 	0.0 	0.0 	0.0 	0.0 	0.0 	1.7 	RB66		Seattle Seahawks	Las Vegas Raiders	0 	0.0 	8 	0.0 	0.3 	2 	0.0 	0.0 	0.0 	0.0 	0.0 	1.6 	RB63		Seattle Seahawks	BYE	0 	0.0 	0 	0.0 	0.0 	0 	0.0 	0.0 	0.0 	0.0 	0.0 	0.0 	-		Seattle Seahawks	San Francisco 49ers	0 	0.0 	7 	0.0 	0.3 	2 	0.0 	0.0 	0.0 	0.0 	0.0 	1.4 	RB74		Seattle Seahawks	Dallas Cowboys	0 	0.0 	8 	0.0 	0.3 	2 	0.0 	0.0 	0.0 	0.0 	0.0 	1.6 	RB67		Seattle Seahawks	New York Giants	0 	0.0 	9 	0.0 	0.3 	2 	0.0 	0.0 	0.0 	0.0 	0.0 	1.6 	RB70		Seattle Seahawks	Philadelphia Eagles	0 	0.0 	7 	0.0 	0.3 	2 	0.0 	0.0 	0.0 	0.0 	0.0 	1.3 	RB77		Seattle Seahawks	Los Angeles Rams	0 	0.0 	8 	0.0 	0.3 	2 	0.0 	0.0 	0.0 	0.0 	0.0 	1.5 	RB76		Seattle Seahawks	Carolina Panthers	0 	0.0 	8 	0.0 	0.3 	2 	0.0 	0.0 	0.0 	0.0 	0.0 	1.5 	RB74		Actual	Actual	Actual	Actual	Forecast	Forecast	Forecast	Forecast	Forecast	Forecast	Forecast	Forecast	Forecast	Forecast	Forecast	Forecast	Forecast		Healthy	Healthy	Healthy	Healthy	Injured	Healthy	Healthy	Healthy	Healthy	Healthy	Healthy	Healthy	Healthy	Healthy	Healthy	Healthy	Healthy		Week 5 2026	10/6/2026	7:50:59 PM	19		1%	1%	7%	5%	0%	0%		0.1 	0	0	0	1	0	
	Jauan Jennings	Minnesota Vikings	WR	WR96	1.6 	22 	0 	0.0 	0.0 	0.0 	0 	0.0 	0.0 	0.0 	12.8 	0.9 	114 	8.2 	0.7 	0.1 	0.0 	0.0 	0.0 	0.060 	1.000 	0.030 	(1)	0.000 	0.000 	255 	184 	(71)	97 	63 	(34)	0.023 																0.0 	0.0 	0.6 	1.3 	1.6 	0.0 	1.7 	1.7 	1.7 	1.7 	1.7 	1.7 	1.7 	1.6 	1.7 	1.7 	1.6 		-	-	WR87	WR76	WR87	-	WR83	WR84	WR88	WR84	WR79	WR96	WR87	WR92	WR97	WR97	WR98		WR96	1.7 	0.0 	0.0 	0.0 	0.0 	0.9 	8.8 	0.1 	96 	0.079 	1.000 	0.040 	(1)	0.000 	0.000 	250 	0.030 		20 														WR142	1.0 	0.0 	0.0 	0.0 	0.0 	5.4 	52.7 	0.4 	142 	0.017 	1.000 	0.000 	(1)	0.000 	0.000 	#N/A	0.003 		1.9 																	Minnesota Vikings	Green Bay Packers	0 	0.0 	0 	0.0 	0.0 	0 	0.0 	0.0 	0.0 	0.0 	0.0 	0.0 	-		Minnesota Vikings	Chicago Bears	0 	0.0 	0 	0.0 	0.0 	0 	0.0 	0.0 	0.0 	0.0 	0.0 	0.0 	-		Minnesota Vikings	Tampa Bay Buccaneers	0 	0.0 	0 	0.0 	1.0 	1 	0.0 	0.0 	0.0 	0.0 	0.0 	0.6 	WR87		Minnesota Vikings	Miami Dolphins	0 	0.0 	0 	0.0 	1.0 	8 	0.0 	0.0 	0.0 	0.0 	0.0 	1.3 	WR76		Minnesota Vikings	New Orleans Saints	0 	0.0 	0 	0.0 	0.9 	9 	0.1 	0.0 	0.0 	0.0 	0.0 	1.6 	WR87		Minnesota Vikings	BYE	0 	0.0 	0 	0.0 	0.0 	0 	0.0 	0.0 	0.0 	0.0 	0.0 	0.0 	-		Minnesota Vikings	Indianapolis Colts	0 	0.0 	0 	0.0 	0.9 	9 	0.1 	0.0 	0.0 	0.0 	0.0 	1.7 	WR83		Minnesota Vikings	Detroit Lions	0 	0.0 	0 	0.0 	0.9 	9 	0.1 	0.0 	0.0 	0.0 	0.0 	1.7 	WR84		Minnesota Vikings	Buffalo Bills	0 	0.0 	0 	0.0 	0.9 	9 	0.1 	0.0 	0.0 	0.0 	0.0 	1.7 	WR88		Minnesota Vikings	Green Bay Packers	0 	0.0 	0 	0.0 	0.9 	9 	0.1 	0.0 	0.0 	0.0 	0.0 	1.7 	WR84		Minnesota Vikings	San Francisco 49ers	0 	0.0 	0 	0.0 	0.9 	9 	0.1 	0.0 	0.0 	0.0 	0.0 	1.7 	WR79		Minnesota Vikings	Atlanta Falcons	0 	0.0 	0 	0.0 	0.9 	9 	0.1 	0.0 	0.0 	0.0 	0.0 	1.7 	WR96		Minnesota Vikings	Carolina Panthers	0 	0.0 	0 	0.0 	0.9 	9 	0.1 	0.0 	0.0 	0.0 	0.0 	1.7 	WR87		Minnesota Vikings	New England Patriots	0 	0.0 	0 	0.0 	0.9 	9 	0.1 	0.0 	0.0 	0.0 	0.0 	1.6 	WR92		Minnesota Vikings	Detroit Lions	0 	0.0 	0 	0.0 	0.9 	9 	0.1 	0.0 	0.0 	0.0 	0.0 	1.7 	WR97		Minnesota Vikings	Washington Commanders	0 	0.0 	0 	0.0 	0.9 	9 	0.1 	0.0 	0.0 	0.0 	0.0 	1.7 	WR97		Minnesota Vikings	New York Jets	0 	0.0 	0 	0.0 	0.9 	9 	0.1 	0.0 	0.0 	0.0 	0.0 	1.6 	WR98		Actual	Actual	Actual	Actual	Forecast	Forecast	Forecast	Forecast	Forecast	Forecast	Forecast	Forecast	Forecast	Forecast	Forecast	Forecast	Forecast		Healthy	Injured	Healthy	Healthy	Healthy	Healthy	Healthy	Healthy	Healthy	Healthy	Healthy	Healthy	Healthy	Healthy	Healthy	Healthy	Healthy		Week 5 2026	10/6/2026	7:50:59 PM	19		4%	4%	0%	0%	0%	0%		0.0 	1	0	0	0	0	
	Tyson Bagent	Chicago Bears	QB	QB37	2.7 	38 	750 	53.6 	3.2 	0.2 	1 	0.1 	0.0 	0.0 	0.0 	0.0 	0 	0.0 	0.0 	0.0 	2.4 	0.2 	0.0 	0.103 	0.460 	0.040 	(2)	0.000 	0.000 	256 	0 	(256)	35 	0 	(35)	0.021 																0.0 	2.2 	0.0 	8.8 	12.7 	12.8 	0.1 	0.1 	0.1 	0.0 	0.1 	0.1 	0.1 	0.1 	0.1 	0.1 	0.1 		-	QB33	-	QB28	QB28	QB26	QB37	QB37	QB39	-	QB33	QB41	QB37	QB39	QB42	QB42	QB42		QB34	2.2 	35.7 	0.3 	0.0 	0.0 	0.0 	0.0 	0.0 	34 	0.105 	0.460 	0.055 	(1)	0.000 	0.000 	251 	0.029 		27 														QB39	5.5 	214.2 	1.6 	0.0 	0.0 	0.0 	0.0 	0.0 	39 	0.098 	0.460 	0.000 	(1)	0.000 	0.000 	#N/A	0.000 		11.0 																	Chicago Bears	Carolina Panthers	0 	0.0 	0 	0.0 	0.0 	0 	0.0 	0.0 	0.0 	0.0 	0.0 	0.0 	-		Chicago Bears	Minnesota Vikings	54 	0.0 	0 	0.0 	0.0 	0 	0.0 	0.0 	0.0 	0.0 	0.0 	2.2 	QB33		Chicago Bears	Philadelphia Eagles	0 	0.0 	0 	0.0 	0.0 	0 	0.0 	0.0 	0.0 	0.0 	0.0 	0.0 	-		Chicago Bears	New York Jets	268 	0.0 	1 	0.0 	0.0 	0 	0.0 	1.0 	0.0 	0.0 	0.0 	8.8 	QB28		Chicago Bears	Green Bay Packers	203 	1.5 	0 	0.0 	0.0 	0 	0.0 	0.6 	0.1 	0.0 	0.0 	12.7 	QB28		Chicago Bears	Atlanta Falcons	204 	1.5 	0 	0.0 	0.0 	0 	0.0 	0.6 	0.1 	0.0 	0.0 	12.8 	QB26		Chicago Bears	New England Patriots	2 	0.0 	0 	0.0 	0.0 	0 	0.0 	0.0 	0.0 	0.0 	0.0 	0.1 	QB37		Chicago Bears	Seattle Seahawks	2 	0.0 	0 	0.0 	0.0 	0 	0.0 	0.0 	0.0 	0.0 	0.0 	0.1 	QB37		Chicago Bears	Tampa Bay Buccaneers	2 	0.0 	0 	0.0 	0.0 	0 	0.0 	0.0 	0.0 	0.0 	0.0 	0.1 	QB39		Chicago Bears	BYE	0 	0.0 	0 	0.0 	0.0 	0 	0.0 	0.0 	0.0 	0.0 	0.0 	0.0 	-		Chicago Bears	New Orleans Saints	2 	0.0 	0 	0.0 	0.0 	0 	0.0 	0.0 	0.0 	0.0 	0.0 	0.1 	QB33		Chicago Bears	Detroit Lions	2 	0.0 	0 	0.0 	0.0 	0 	0.0 	0.0 	0.0 	0.0 	0.0 	0.1 	QB41		Chicago Bears	Jacksonville Jaguars	2 	0.0 	0 	0.0 	0.0 	0 	0.0 	0.0 	0.0 	0.0 	0.0 	0.1 	QB37		Chicago Bears	Miami Dolphins	2 	0.0 	0 	0.0 	0.0 	0 	0.0 	0.0 	0.0 	0.0 	0.0 	0.1 	QB39		Chicago Bears	Buffalo Bills	2 	0.0 	0 	0.0 	0.0 	0 	0.0 	0.0 	0.0 	0.0 	0.0 	0.1 	QB42		Chicago Bears	Green Bay Packers	2 	0.0 	0 	0.0 	0.0 	0 	0.0 	0.0 	0.0 	0.0 	0.0 	0.1 	QB42		Chicago Bears	Detroit Lions	2 	0.0 	0 	0.0 	0.0 	0 	0.0 	0.0 	0.0 	0.0 	0.0 	0.1 	QB42		Actual	Actual	Actual	Actual	Forecast	Forecast	Forecast	Forecast	Forecast	Forecast	Forecast	Forecast	Forecast	Forecast	Forecast	Forecast	Forecast		Healthy	Healthy	Healthy	Healthy	Healthy	Healthy	Healthy	Healthy	Healthy	Healthy	Healthy	Healthy	Healthy	Healthy	Healthy	Healthy	Healthy		Week 5 2026	10/6/2026	7:50:59 PM	19		0%	0%	0%	0%	1%	1%		0.0 	0	0	0	0	0	0.029011 
	Isiah Pacheco	Detroit Lions	RB	RB78	3.1 	15 	0 	0.0 	0.0 	0.0 	81 	16.2 	0.8 	0.2 	2.4 	0.5 	13 	2.5 	0.1 	0.0 	0.0 	0.2 	0.0 	0.042 	1.000 	0.030 	(1)	0.000 	0.000 	257 	174 	(83)	78 	58 	(20)	0.020 				-	-		-	-		-	-		-	-		0.0 	0.0 	0.0 	0.0 	0.0 	0.0 	0.0 	0.0 	0.0 	0.0 	0.0 	0.0 	3.1 	3.4 	2.9 	3.3 	2.8 		-	-	-	-	-	-	-	-	-	-	-	-	RB53	RB53	RB61	RB57	RB61		RB76	3.1 	0.0 	0.0 	16.2 	0.2 	0.5 	2.5 	0.0 	76 	0.060 	1.000 	0.056 	(1)	0.000 	0.000 	249 	0.034 		15 														-	0.0 	0.0 	0.0 	0.0 	0.0 	0.0 	0.0 	0.0 	#N/A	0.000 	1.000 	#N/A	(1)	0.000 	0.000 	#N/A	#N/A		0.0 																	Detroit Lions	New Orleans Saints	0 	0.0 	0 	0.0 	0.0 	0 	0.0 	0.0 	0.0 	0.0 	0.0 	0.0 	-		Detroit Lions	Buffalo Bills	0 	0.0 	0 	0.0 	0.0 	0 	0.0 	0.0 	0.0 	0.0 	0.0 	0.0 	-		Detroit Lions	New York Jets	0 	0.0 	0 	0.0 	0.0 	0 	0.0 	0.0 	0.0 	0.0 	0.0 	0.0 	-		Detroit Lions	Carolina Panthers	0 	0.0 	0 	0.0 	0.0 	0 	0.0 	0.0 	0.0 	0.0 	0.0 	0.0 	-		Detroit Lions	Arizona Cardinals	0 	0.0 	0 	0.0 	0.0 	0 	0.0 	0.0 	0.0 	0.0 	0.0 	0.0 	-		Detroit Lions	BYE	0 	0.0 	0 	0.0 	0.0 	0 	0.0 	0.0 	0.0 	0.0 	0.0 	0.0 	-		Detroit Lions	Green Bay Packers	0 	0.0 	0 	0.0 	0.0 	0 	0.0 	0.0 	0.0 	0.0 	0.0 	0.0 	-		Detroit Lions	Minnesota Vikings	0 	0.0 	0 	0.0 	0.0 	0 	0.0 	0.0 	0.0 	0.0 	0.0 	0.0 	-		Detroit Lions	Miami Dolphins	0 	0.0 	0 	0.0 	0.0 	0 	0.0 	0.0 	0.0 	0.0 	0.0 	0.0 	-		Detroit Lions	New England Patriots	0 	0.0 	0 	0.0 	0.0 	0 	0.0 	0.0 	0.0 	0.0 	0.0 	0.0 	-		Detroit Lions	Tampa Bay Buccaneers	0 	0.0 	0 	0.0 	0.0 	0 	0.0 	0.0 	0.0 	0.0 	0.0 	0.0 	-		Detroit Lions	Chicago Bears	0 	0.0 	0 	0.0 	0.0 	0 	0.0 	0.0 	0.0 	0.0 	0.0 	0.0 	-		Detroit Lions	Atlanta Falcons	0 	0.0 	16 	0.2 	0.5 	3 	0.0 	0.0 	0.0 	0.0 	0.0 	3.1 	RB53		Detroit Lions	Tennessee Titans	0 	0.0 	18 	0.2 	0.5 	2 	0.0 	0.0 	0.0 	0.0 	0.0 	3.4 	RB53		Detroit Lions	Minnesota Vikings	0 	0.0 	15 	0.1 	0.5 	2 	0.0 	0.0 	0.0 	0.0 	0.0 	2.9 	RB61		Detroit Lions	New York Giants	0 	0.0 	17 	0.2 	0.5 	3 	0.0 	0.0 	0.0 	0.0 	0.0 	3.3 	RB57		Detroit Lions	Chicago Bears	0 	0.0 	15 	0.1 	0.5 	3 	0.0 	0.0 	0.0 	0.0 	0.0 	2.8 	RB61		Actual	Actual	Actual	Actual	Forecast	Forecast	Forecast	Forecast	Forecast	Forecast	Forecast	Forecast	Forecast	Forecast	Forecast	Forecast	Forecast		Injured	Injured	Injured	Injured	Injured	Injured	Injured	Injured	Injured	Injured	Injured	Injured	Healthy	Healthy	Healthy	Healthy	Healthy		Week 5 2026	10/6/2026	7:50:59 PM	19		1%	1%	15%	18%	0%	0%		0.0 	1	1	1	1	1	
	Jack Bech	Las Vegas Raiders	WR	WR97	2.4 	22 	0 	0.0 	0.0 	0.0 	0 	0.0 	0.0 	0.0 	9.2 	1.0 	95 	10.6 	1.3 	0.1 	0.0 	0.0 	0.0 	0.059 	1.000 	0.020 	(1)	0.000 	0.000 	258 	310 	52 	98 	100 	2 	0.018 				-	-		-	-		-	-		-	-		9.8 	3.5 	0.0 	0.0 	0.0 	0.0 	0.0 	0.0 	0.0 	1.2 	1.2 	1.2 	0.0 	1.3 	1.2 	1.3 	1.3 		WR29	WR65	-	-	-	-	-	-	-	WR88	WR81	WR101	-	WR94	WR102	WR101	WR101		WR104	1.2 	0.0 	0.0 	0.0 	0.0 	0.6 	6.7 	0.0 	104 	0.034 	1.000 	0.000 	(1)	0.000 	0.000 	264 	0.005 		9 														WR94	6.7 	0.0 	0.0 	0.0 	0.0 	2.1 	23.5 	0.2 	94 	0.119 	1.000 	0.060 	(1)	0.000 	0.000 	#N/A	0.045 		13.3 																	Las Vegas Raiders	Miami Dolphins	0 	0.0 	0 	0.0 	3.0 	23 	1.0 	0.0 	0.0 	0.0 	0.0 	9.8 	WR29		Las Vegas Raiders	Los Angeles Chargers	0 	0.0 	0 	0.0 	2.0 	25 	0.0 	0.0 	0.0 	0.0 	0.0 	3.5 	WR65		Las Vegas Raiders	New Orleans Saints	0 	0.0 	0 	0.0 	0.0 	0 	0.0 	0.0 	0.0 	0.0 	0.0 	0.0 	-		Las Vegas Raiders	Kansas City Chiefs	0 	0.0 	0 	0.0 	0.0 	0 	0.0 	0.0 	0.0 	0.0 	0.0 	0.0 	-		Las Vegas Raiders	New England Patriots	0 	0.0 	0 	0.0 	0.0 	0 	0.0 	0.0 	0.0 	0.0 	0.0 	0.0 	-		Las Vegas Raiders	Buffalo Bills	0 	0.0 	0 	0.0 	0.0 	0 	0.0 	0.0 	0.0 	0.0 	0.0 	0.0 	-		Las Vegas Raiders	Los Angeles Rams	0 	0.0 	0 	0.0 	0.0 	0 	0.0 	0.0 	0.0 	0.0 	0.0 	0.0 	-		Las Vegas Raiders	New York Jets	0 	0.0 	0 	0.0 	0.0 	0 	0.0 	0.0 	0.0 	0.0 	0.0 	0.0 	-		Las Vegas Raiders	San Francisco 49ers	0 	0.0 	0 	0.0 	0.0 	0 	0.0 	0.0 	0.0 	0.0 	0.0 	0.0 	-		Las Vegas Raiders	Seattle Seahawks	0 	0.0 	0 	0.0 	0.6 	7 	0.0 	0.0 	0.0 	0.0 	0.0 	1.2 	WR88		Las Vegas Raiders	Denver Broncos	0 	0.0 	0 	0.0 	0.6 	7 	0.0 	0.0 	0.0 	0.0 	0.0 	1.2 	WR81		Las Vegas Raiders	Cleveland Browns	0 	0.0 	0 	0.0 	0.6 	7 	0.0 	0.0 	0.0 	0.0 	0.0 	1.2 	WR101		Las Vegas Raiders	BYE	0 	0.0 	0 	0.0 	0.0 	0 	0.0 	0.0 	0.0 	0.0 	0.0 	0.0 	-		Las Vegas Raiders	Los Angeles Chargers	0 	0.0 	0 	0.0 	0.6 	7 	0.0 	0.0 	0.0 	0.0 	0.0 	1.3 	WR94		Las Vegas Raiders	Denver Broncos	0 	0.0 	0 	0.0 	0.6 	7 	0.0 	0.0 	0.0 	0.0 	0.0 	1.2 	WR102		Las Vegas Raiders	Tennessee Titans	0 	0.0 	0 	0.0 	0.6 	7 	0.0 	0.0 	0.0 	0.0 	0.0 	1.3 	WR101		Las Vegas Raiders	Arizona Cardinals	0 	0.0 	0 	0.0 	0.6 	7 	0.0 	0.0 	0.0 	0.0 	0.0 	1.3 	WR101		Actual	Actual	Actual	Actual	Forecast	Forecast	Forecast	Forecast	Forecast	Forecast	Forecast	Forecast	Forecast	Forecast	Forecast	Forecast	Forecast		Healthy	Healthy	Healthy	Injured	Injured	Injured	Injured	Injured	Injured	Healthy	Healthy	Healthy	Healthy	Healthy	Healthy	Healthy	Healthy		Week 5 2026	10/6/2026	7:50:59 PM	19		3%	3%	0%	0%	0%	0%		(0.0)	0	0	1	1	1	
	Jordan Whittington	Los Angeles Rams	WR	WR98	1.5 	21 	0 	0.0 	0.0 	0.0 	0 	0.0 	0.0 	0.0 	10.9 	0.8 	97 	6.9 	0.9 	0.1 	0.0 	0.0 	0.0 	0.056 	1.000 	0.010 	(1)	0.000 	0.000 	259 	0 	(259)	99 	0 	(99)	0.013 																1.3 	0.0 	0.0 	0.9 	1.6 	1.6 	1.5 	1.5 	1.6 	1.5 	0.0 	1.5 	1.5 	1.5 	1.6 	1.5 	1.5 		WR85	-	-	WR77	WR88	WR81	WR84	WR85	WR90	WR85	-	WR98	WR88	WR93	WR99	WR99	WR99		WR97	1.5 	0.0 	0.0 	0.0 	0.0 	0.7 	7.1 	0.1 	97 	0.072 	1.000 	0.030 	(1)	0.000 	0.000 	253 	0.024 		18 														WR138	1.1 	0.0 	0.0 	0.0 	0.0 	4.5 	42.3 	0.5 	138 	0.020 	1.000 	0.000 	(1)	0.000 	0.000 	#N/A	0.003 		2.2 																	Los Angeles Rams	San Francisco 49ers	0 	0.0 	0 	0.0 	1.0 	8 	0.0 	0.0 	0.0 	0.0 	0.0 	1.3 	WR85		Los Angeles Rams	New York Giants	0 	0.0 	0 	0.0 	0.0 	0 	0.0 	0.0 	0.0 	0.0 	0.0 	0.0 	-		Los Angeles Rams	Denver Broncos	0 	0.0 	0 	0.0 	0.0 	0 	0.0 	0.0 	0.0 	0.0 	0.0 	0.0 	-		Los Angeles Rams	Philadelphia Eagles	0 	0.0 	0 	0.0 	1.0 	4 	0.0 	0.0 	0.0 	0.0 	0.0 	0.9 	WR77		Los Angeles Rams	Buffalo Bills	0 	0.0 	0 	0.0 	0.8 	7 	0.1 	0.0 	0.0 	0.0 	0.0 	1.6 	WR88		Los Angeles Rams	Arizona Cardinals	0 	0.0 	0 	0.0 	0.8 	7 	0.1 	0.0 	0.0 	0.0 	0.0 	1.6 	WR81		Los Angeles Rams	Las Vegas Raiders	0 	0.0 	0 	0.0 	0.7 	7 	0.1 	0.0 	0.0 	0.0 	0.0 	1.5 	WR84		Los Angeles Rams	Los Angeles Chargers	0 	0.0 	0 	0.0 	0.7 	7 	0.1 	0.0 	0.0 	0.0 	0.0 	1.5 	WR85		Los Angeles Rams	Washington Commanders	0 	0.0 	0 	0.0 	0.8 	7 	0.1 	0.0 	0.0 	0.0 	0.0 	1.6 	WR90		Los Angeles Rams	Arizona Cardinals	0 	0.0 	0 	0.0 	0.7 	7 	0.1 	0.0 	0.0 	0.0 	0.0 	1.5 	WR85		Los Angeles Rams	BYE	0 	0.0 	0 	0.0 	0.0 	0 	0.0 	0.0 	0.0 	0.0 	0.0 	0.0 	-		Los Angeles Rams	Green Bay Packers	0 	0.0 	0 	0.0 	0.7 	7 	0.1 	0.0 	0.0 	0.0 	0.0 	1.5 	WR98		Los Angeles Rams	Kansas City Chiefs	0 	0.0 	0 	0.0 	0.7 	7 	0.1 	0.0 	0.0 	0.0 	0.0 	1.5 	WR88		Los Angeles Rams	San Francisco 49ers	0 	0.0 	0 	0.0 	0.7 	7 	0.1 	0.0 	0.0 	0.0 	0.0 	1.5 	WR93		Los Angeles Rams	Dallas Cowboys	0 	0.0 	0 	0.0 	0.7 	7 	0.1 	0.0 	0.0 	0.0 	0.0 	1.6 	WR99		Los Angeles Rams	Seattle Seahawks	0 	0.0 	0 	0.0 	0.7 	7 	0.1 	0.0 	0.0 	0.0 	0.0 	1.5 	WR99		Los Angeles Rams	Tampa Bay Buccaneers	0 	0.0 	0 	0.0 	0.7 	7 	0.1 	0.0 	0.0 	0.0 	0.0 	1.5 	WR99		Actual	Actual	Actual	Actual	Forecast	Forecast	Forecast	Forecast	Forecast	Forecast	Forecast	Forecast	Forecast	Forecast	Forecast	Forecast	Forecast		Healthy	Injured	Healthy	Healthy	Healthy	Healthy	Healthy	Healthy	Healthy	Healthy	Healthy	Healthy	Healthy	Healthy	Healthy	Healthy	Healthy		Week 5 2026	10/6/2026	7:50:59 PM	19		3%	4%	0%	0%	0%	0%		0.0 	1	0	0	0	0	
	Adam Randall	Baltimore Ravens	RB	RB79	0.5 	5 	0 	0.0 	0.0 	0.0 	34 	3.1 	0.3 	0.0 	0.0 	0.0 	0 	0.0 	0.0 	0.0 	0.0 	0.1 	0.0 	0.014 	1.000 	0.017 	(1)	0.000 	0.000 	260 	0 	(260)	79 	0 	(79)	0.010 																0.0 	0.0 	0.0 	0.0 	0.0 	0.4 	0.5 	0.4 	0.5 	0.5 	0.5 	0.4 	0.0 	0.5 	0.5 	0.5 	0.4 		-	-	-	-	-	RB63	RB62	RB63	RB71	RB66	RB59	RB77	-	RB75	RB78	RB78	RB78		RB78	0.5 	0.0 	0.0 	3.1 	0.0 	0.0 	0.0 	0.0 	78 	0.020 	1.000 	0.030 	(1)	0.000 	0.000 	256 	0.017 		5 															0.0 	0.0 	0.0 	0.0 	0.0 	0.0 	0.0 	0.0 	#N/A	0.000 	1.000 	#N/A	(1)	0.000 	0.000 	#N/A	#N/A		0.0 																	Baltimore Ravens	Indianapolis Colts	0 	0.0 	0 	0.0 	0.0 	0 	0.0 	0.0 	0.0 	0.0 	0.0 	0.0 	-		Baltimore Ravens	New Orleans Saints	0 	0.0 	0 	0.0 	0.0 	0 	0.0 	0.0 	0.0 	0.0 	0.0 	0.0 	-		Baltimore Ravens	Dallas Cowboys	0 	0.0 	0 	0.0 	0.0 	0 	0.0 	0.0 	0.0 	0.0 	0.0 	0.0 	-		Baltimore Ravens	Tennessee Titans	0 	0.0 	0 	0.0 	0.0 	0 	0.0 	0.0 	0.0 	0.0 	0.0 	0.0 	-		Baltimore Ravens	Atlanta Falcons	0 	0.0 	0 	0.0 	0.0 	0 	0.0 	0.0 	0.0 	0.0 	0.0 	0.0 	-		Baltimore Ravens	Cleveland Browns	0 	0.0 	3 	0.0 	0.0 	0 	0.0 	0.0 	0.0 	0.0 	0.0 	0.4 	RB63		Baltimore Ravens	Cincinnati Bengals	0 	0.0 	3 	0.0 	0.0 	0 	0.0 	0.0 	0.0 	0.0 	0.0 	0.5 	RB62		Baltimore Ravens	Buffalo Bills	0 	0.0 	3 	0.0 	0.0 	0 	0.0 	0.0 	0.0 	0.0 	0.0 	0.4 	RB63		Baltimore Ravens	Jacksonville Jaguars	0 	0.0 	3 	0.0 	0.0 	0 	0.0 	0.0 	0.0 	0.0 	0.0 	0.5 	RB71		Baltimore Ravens	Los Angeles Chargers	0 	0.0 	3 	0.0 	0.0 	0 	0.0 	0.0 	0.0 	0.0 	0.0 	0.5 	RB66		Baltimore Ravens	Carolina Panthers	0 	0.0 	3 	0.0 	0.0 	0 	0.0 	0.0 	0.0 	0.0 	0.0 	0.5 	RB59		Baltimore Ravens	Houston Texans	0 	0.0 	3 	0.0 	0.0 	0 	0.0 	0.0 	0.0 	0.0 	0.0 	0.4 	RB77		Baltimore Ravens	BYE	0 	0.0 	0 	0.0 	0.0 	0 	0.0 	0.0 	0.0 	0.0 	0.0 	0.0 	-		Baltimore Ravens	Tampa Bay Buccaneers	0 	0.0 	3 	0.0 	0.0 	0 	0.0 	0.0 	0.0 	0.0 	0.0 	0.5 	RB75		Baltimore Ravens	Pittsburgh Steelers	0 	0.0 	3 	0.0 	0.0 	0 	0.0 	0.0 	0.0 	0.0 	0.0 	0.5 	RB78		Baltimore Ravens	Cleveland Browns	0 	0.0 	3 	0.0 	0.0 	0 	0.0 	0.0 	0.0 	0.0 	0.0 	0.5 	RB78		Baltimore Ravens	Cincinnati Bengals	0 	0.0 	3 	0.0 	0.0 	0 	0.0 	0.0 	0.0 	0.0 	0.0 	0.4 	RB78		Actual	Actual	Actual	Actual	Forecast	Forecast	Forecast	Forecast	Forecast	Forecast	Forecast	Forecast	Forecast	Forecast	Forecast	Forecast	Forecast		Injured	Injured	Injured	Injured	Injured	Healthy	Healthy	Healthy	Healthy	Healthy	Healthy	Healthy	Healthy	Healthy	Healthy	Healthy	Healthy		Week 5 2026	10/6/2026	7:50:59 PM	19		0%	0%	2%	2%	0%	0%		0.0 	1	1	1	1	0	
	Olamide Zaccheaus	Atlanta Falcons	WR	WR99	1.3 	19 	0 	0.0 	0.0 	0.0 	0 	0.0 	0.0 	0.0 	13.5 	0.9 	88 	5.9 	0.6 	0.0 	0.0 	0.0 	0.0 	0.052 	1.000 	0.000 	(1)	0.000 	0.000 	261 	0 	(261)	100 	0 	(100)	0.008 																1.0 	0.8 	1.9 	0.0 	1.3 	1.3 	1.3 	1.3 	1.4 	1.3 	0.0 	1.2 	1.3 	1.2 	1.3 	1.3 	1.3 		WR87	WR85	WR80	-	WR89	WR82	WR85	WR86	WR91	WR87	-	WR99	WR89	WR95	WR100	WR100	WR100		WR98	1.3 	0.0 	0.0 	0.0 	0.0 	0.8 	5.9 	0.1 	98 	0.060 	1.000 	0.020 	(1)	0.000 	0.000 	255 	0.018 		15 														WR127	1.2 	0.0 	0.0 	0.0 	0.0 	3.2 	23.7 	0.2 	127 	0.033 	1.000 	0.000 	(1)	0.000 	0.000 	#N/A	0.005 		3.7 																	Atlanta Falcons	Pittsburgh Steelers	0 	0.0 	0 	0.0 	1.0 	5 	0.0 	0.0 	0.0 	0.0 	0.0 	1.0 	WR87		Atlanta Falcons	Carolina Panthers	0 	0.0 	0 	0.0 	1.0 	3 	0.0 	0.0 	0.0 	0.0 	0.0 	0.8 	WR85		Atlanta Falcons	Green Bay Packers	0 	0.0 	0 	0.0 	2.0 	9 	0.0 	0.0 	0.0 	0.0 	0.0 	1.9 	WR80		Atlanta Falcons	New Orleans Saints	0 	0.0 	0 	0.0 	0.0 	0 	0.0 	0.0 	0.0 	0.0 	0.0 	0.0 	-		Atlanta Falcons	Baltimore Ravens	0 	0.0 	0 	0.0 	0.8 	6 	0.1 	0.0 	0.0 	0.0 	0.0 	1.3 	WR89		Atlanta Falcons	Chicago Bears	0 	0.0 	0 	0.0 	0.8 	6 	0.1 	0.0 	0.0 	0.0 	0.0 	1.3 	WR82		Atlanta Falcons	San Francisco 49ers	0 	0.0 	0 	0.0 	0.8 	6 	0.1 	0.0 	0.0 	0.0 	0.0 	1.3 	WR85		Atlanta Falcons	Tampa Bay Buccaneers	0 	0.0 	0 	0.0 	0.8 	6 	0.1 	0.0 	0.0 	0.0 	0.0 	1.3 	WR86		Atlanta Falcons	Cincinnati Bengals	0 	0.0 	0 	0.0 	0.8 	6 	0.1 	0.0 	0.0 	0.0 	0.0 	1.4 	WR91		Atlanta Falcons	Kansas City Chiefs	0 	0.0 	0 	0.0 	0.8 	6 	0.0 	0.0 	0.0 	0.0 	0.0 	1.3 	WR87		Atlanta Falcons	BYE	0 	0.0 	0 	0.0 	0.0 	0 	0.0 	0.0 	0.0 	0.0 	0.0 	0.0 	-		Atlanta Falcons	Minnesota Vikings	0 	0.0 	0 	0.0 	0.8 	6 	0.0 	0.0 	0.0 	0.0 	0.0 	1.2 	WR99		Atlanta Falcons	Detroit Lions	0 	0.0 	0 	0.0 	0.8 	6 	0.1 	0.0 	0.0 	0.0 	0.0 	1.3 	WR89		Atlanta Falcons	Cleveland Browns	0 	0.0 	0 	0.0 	0.8 	6 	0.0 	0.0 	0.0 	0.0 	0.0 	1.2 	WR95		Atlanta Falcons	Washington Commanders	0 	0.0 	0 	0.0 	0.8 	6 	0.1 	0.0 	0.0 	0.0 	0.0 	1.3 	WR100		Atlanta Falcons	Tampa Bay Buccaneers	0 	0.0 	0 	0.0 	0.8 	6 	0.1 	0.0 	0.0 	0.0 	0.0 	1.3 	WR100		Atlanta Falcons	New Orleans Saints	0 	0.0 	0 	0.0 	0.8 	6 	0.1 	0.0 	0.0 	0.0 	0.0 	1.3 	WR100		Actual	Actual	Actual	Actual	Forecast	Forecast	Forecast	Forecast	Forecast	Forecast	Forecast	Forecast	Forecast	Forecast	Forecast	Forecast	Forecast		Healthy	Healthy	Healthy	Healthy	Healthy	Healthy	Healthy	Healthy	Healthy	Healthy	Healthy	Healthy	Healthy	Healthy	Healthy	Healthy	Healthy		Week 5 2026	10/6/2026	7:50:59 PM	19		3%	4%	0%	0%	0%	0%		0.0 	0	0	0	0	0	0.013094 
	Omar Cooper Jr.	New York Jets	WR	WR100	1.4 	17 	0 	0.0 	0.0 	0.0 	0 	0.0 	0.0 	0.0 	6.5 	0.5 	102 	8.5 	0.6 	0.0 	0.0 	0.0 	0.0 	0.046 	1.000 	0.000 	(1)	0.000 	0.000 	262 	227 	(35)	101 	75 	(26)	0.007 																3.5 	0.0 	0.0 	0.0 	0.0 	1.2 	1.3 	1.2 	1.2 	1.3 	1.2 	1.2 	0.0 	1.2 	1.2 	1.2 	1.2 		WR69	-	-	-	-	WR83	WR86	WR87	WR92	WR86	WR82	WR100	-	WR96	WR101	WR102	WR102		WR100	1.2 	0.0 	0.0 	0.0 	0.0 	0.5 	6.5 	0.1 	100 	0.052 	1.000 	0.000 	(1)	0.000 	0.000 	260 	0.008 		13 														WR130	3.5 	0.0 	0.0 	0.0 	0.0 	5.5 	72.0 	0.6 	130 	0.031 	1.000 	0.000 	(1)	0.000 	0.000 	#N/A	0.005 		3.5 																	New York Jets	Tennessee Titans	0 	0.0 	0 	0.0 	1.0 	30 	0.0 	0.0 	0.0 	0.0 	0.0 	3.5 	WR69		New York Jets	Green Bay Packers	0 	0.0 	0 	0.0 	0.0 	0 	0.0 	0.0 	0.0 	0.0 	0.0 	0.0 	-		New York Jets	Detroit Lions	0 	0.0 	0 	0.0 	0.0 	0 	0.0 	0.0 	0.0 	0.0 	0.0 	0.0 	-		New York Jets	Chicago Bears	0 	0.0 	0 	0.0 	0.0 	0 	0.0 	0.0 	0.0 	0.0 	0.0 	0.0 	-		New York Jets	Cleveland Browns	0 	0.0 	0 	0.0 	0.0 	0 	0.0 	0.0 	0.0 	0.0 	0.0 	0.0 	-		New York Jets	New England Patriots	0 	0.0 	0 	0.0 	0.5 	6 	0.0 	0.0 	0.0 	0.0 	0.0 	1.2 	WR83		New York Jets	Miami Dolphins	0 	0.0 	0 	0.0 	0.5 	7 	0.1 	0.0 	0.0 	0.0 	0.0 	1.3 	WR86		New York Jets	Las Vegas Raiders	0 	0.0 	0 	0.0 	0.5 	7 	0.1 	0.0 	0.0 	0.0 	0.0 	1.2 	WR87		New York Jets	Kansas City Chiefs	0 	0.0 	0 	0.0 	0.5 	7 	0.0 	0.0 	0.0 	0.0 	0.0 	1.2 	WR92		New York Jets	Buffalo Bills	0 	0.0 	0 	0.0 	0.5 	7 	0.1 	0.0 	0.0 	0.0 	0.0 	1.3 	WR86		New York Jets	Los Angeles Chargers	0 	0.0 	0 	0.0 	0.5 	7 	0.0 	0.0 	0.0 	0.0 	0.0 	1.2 	WR82		New York Jets	Miami Dolphins	0 	0.0 	0 	0.0 	0.5 	7 	0.1 	0.0 	0.0 	0.0 	0.0 	1.2 	WR100		New York Jets	BYE	0 	0.0 	0 	0.0 	0.0 	0 	0.0 	0.0 	0.0 	0.0 	0.0 	0.0 	-		New York Jets	Denver Broncos	0 	0.0 	0 	0.0 	0.5 	7 	0.0 	0.0 	0.0 	0.0 	0.0 	1.2 	WR96		New York Jets	Arizona Cardinals	0 	0.0 	0 	0.0 	0.5 	7 	0.1 	0.0 	0.0 	0.0 	0.0 	1.2 	WR101		New York Jets	New England Patriots	0 	0.0 	0 	0.0 	0.5 	7 	0.0 	0.0 	0.0 	0.0 	0.0 	1.2 	WR102		New York Jets	Minnesota Vikings	0 	0.0 	0 	0.0 	0.5 	6 	0.0 	0.0 	0.0 	0.0 	0.0 	1.2 	WR102		Actual	Actual	Actual	Actual	Forecast	Forecast	Forecast	Forecast	Forecast	Forecast	Forecast	Forecast	Forecast	Forecast	Forecast	Forecast	Forecast		Healthy	Injured	Injured	Injured	Injured	Limited / Handicapped	Healthy	Healthy	Healthy	Healthy	Healthy	Healthy	Healthy	Healthy	Healthy	Healthy	Healthy		Week 5 2026	10/6/2026	7:50:59 PM	19		3%	4%	0%	0%	0%	0%		0.0 	1	1	1	1	0	
	Jaylin Lane	Washington Commanders	WR	WR101	1.0 	13 	0 	0.0 	0.0 	0.0 	0 	0.0 	0.0 	0.0 	5.5 	0.4 	72 	5.6 	0.5 	0.0 	0.0 	0.0 	0.0 	0.035 	1.000 	0.000 	(1)	0.000 	0.000 	263 	0 	(263)	102 	0 	(102)	0.005 																0.9 	0.0 	2.6 	0.0 	0.0 	0.9 	0.0 	0.8 	0.9 	0.8 	0.9 	0.9 	0.8 	0.8 	0.9 	0.8 	0.9 		WR89	-	WR72	-	-	WR85	-	WR89	WR93	WR90	WR83	WR103	WR91	WR98	WR104	WR104	WR104		WR103	0.9 	0.0 	0.0 	0.0 	0.0 	0.3 	4.3 	0.0 	103 	0.037 	1.000 	0.000 	(1)	0.000 	0.000 	263 	0.005 		9 														WR130	1.8 	0.0 	0.0 	0.0 	0.0 	1.7 	23.7 	0.2 	130 	0.031 	1.000 	0.000 	(1)	0.000 	0.000 	#N/A	0.005 		3.5 																	Washington Commanders	Philadelphia Eagles	0 	0.0 	0 	0.0 	1.0 	4 	0.0 	0.0 	0.0 	0.0 	0.0 	0.9 	WR89		Washington Commanders	Dallas Cowboys	0 	0.0 	0 	0.0 	0.0 	0 	0.0 	0.0 	0.0 	0.0 	0.0 	0.0 	-		Washington Commanders	Seattle Seahawks	0 	0.0 	0 	0.0 	1.0 	21 	0.0 	0.0 	0.0 	0.0 	0.0 	2.6 	WR72		Washington Commanders	Indianapolis Colts	0 	0.0 	0 	0.0 	0.0 	0 	0.0 	0.0 	0.0 	0.0 	0.0 	0.0 	-		Washington Commanders	New York Giants	0 	0.0 	0 	0.0 	0.0 	0 	0.0 	0.0 	0.0 	0.0 	0.0 	0.0 	-		Washington Commanders	San Francisco 49ers	0 	0.0 	0 	0.0 	0.3 	4 	0.0 	0.0 	0.0 	0.0 	0.0 	0.9 	WR85		Washington Commanders	BYE	0 	0.0 	0 	0.0 	0.0 	0 	0.0 	0.0 	0.0 	0.0 	0.0 	0.0 	-		Washington Commanders	Philadelphia Eagles	0 	0.0 	0 	0.0 	0.3 	4 	0.0 	0.0 	0.0 	0.0 	0.0 	0.8 	WR89		Washington Commanders	Los Angeles Rams	0 	0.0 	0 	0.0 	0.3 	4 	0.0 	0.0 	0.0 	0.0 	0.0 	0.9 	WR93		Washington Commanders	New York Giants	0 	0.0 	0 	0.0 	0.3 	4 	0.0 	0.0 	0.0 	0.0 	0.0 	0.8 	WR90		Washington Commanders	Cincinnati Bengals	0 	0.0 	0 	0.0 	0.3 	4 	0.0 	0.0 	0.0 	0.0 	0.0 	0.9 	WR83		Washington Commanders	Arizona Cardinals	0 	0.0 	0 	0.0 	0.3 	4 	0.0 	0.0 	0.0 	0.0 	0.0 	0.9 	WR103		Washington Commanders	Tennessee Titans	0 	0.0 	0 	0.0 	0.3 	4 	0.0 	0.0 	0.0 	0.0 	0.0 	0.8 	WR91		Washington Commanders	Houston Texans	0 	0.0 	0 	0.0 	0.3 	4 	0.0 	0.0 	0.0 	0.0 	0.0 	0.8 	WR98		Washington Commanders	Atlanta Falcons	0 	0.0 	0 	0.0 	0.3 	4 	0.0 	0.0 	0.0 	0.0 	0.0 	0.9 	WR104		Washington Commanders	Minnesota Vikings	0 	0.0 	0 	0.0 	0.3 	4 	0.0 	0.0 	0.0 	0.0 	0.0 	0.8 	WR104		Washington Commanders	Jacksonville Jaguars	0 	0.0 	0 	0.0 	0.3 	4 	0.0 	0.0 	0.0 	0.0 	0.0 	0.9 	WR104		Actual	Actual	Actual	Actual	Forecast	Forecast	Forecast	Forecast	Forecast	Forecast	Forecast	Forecast	Forecast	Forecast	Forecast	Forecast	Forecast		Healthy	Healthy	Healthy	Healthy	Injured	Healthy	Healthy	Healthy	Healthy	Healthy	Healthy	Healthy	Healthy	Healthy	Healthy	Healthy	Healthy		Week 5 2026	10/6/2026	7:50:59 PM	19		2%	3%	0%	0%	0%	0%		0.0 	0	0	0	1	0	
	Cyrus Allen	Kansas City Chiefs	WR	WR102	0.9 	10 	0 	0.0 	0.0 	0.0 	0 	0.0 	0.0 	0.0 	4.4 	0.4 	50 	4.2 	0.5 	0.0 	0.0 	0.0 	0.0 	0.028 	1.000 	0.000 	(1)	0.000 	0.000 	264 	216 	(48)	103 	70 	(33)	0.004 																0.0 	0.0 	0.0 	0.0 	0.0 	0.9 	0.8 	0.8 	0.8 	0.9 	0.9 	0.9 	0.9 	0.9 	0.9 	0.9 	0.9 		-	-	-	-	-	WR84	WR87	WR88	WR94	WR89	WR84	WR102	WR90	WR97	WR103	WR103	WR103		WR101	0.9 	0.0 	0.0 	0.0 	0.0 	0.4 	4.2 	0.0 	101 	0.041 	1.000 	0.000 	(1)	0.000 	0.000 	261 	0.006 		10 														-	0.0 	0.0 	0.0 	0.0 	0.0 	0.0 	0.0 	0.0 	#N/A	0.000 	1.000 	#N/A	(1)	0.000 	0.000 	#N/A	#N/A		0.0 																	Kansas City Chiefs	Denver Broncos	0 	0.0 	0 	0.0 	0.0 	0 	0.0 	0.0 	0.0 	0.0 	0.0 	0.0 	-		Kansas City Chiefs	Indianapolis Colts	0 	0.0 	0 	0.0 	0.0 	0 	0.0 	0.0 	0.0 	0.0 	0.0 	0.0 	-		Kansas City Chiefs	Miami Dolphins	0 	0.0 	0 	0.0 	0.0 	0 	0.0 	0.0 	0.0 	0.0 	0.0 	0.0 	-		Kansas City Chiefs	Las Vegas Raiders	0 	0.0 	0 	0.0 	0.0 	0 	0.0 	0.0 	0.0 	0.0 	0.0 	0.0 	-		Kansas City Chiefs	BYE	0 	0.0 	0 	0.0 	0.0 	0 	0.0 	0.0 	0.0 	0.0 	0.0 	0.0 	-		Kansas City Chiefs	Los Angeles Chargers	0 	0.0 	0 	0.0 	0.4 	4 	0.0 	0.0 	0.0 	0.0 	0.0 	0.9 	WR84		Kansas City Chiefs	Seattle Seahawks	0 	0.0 	0 	0.0 	0.4 	4 	0.0 	0.0 	0.0 	0.0 	0.0 	0.8 	WR87		Kansas City Chiefs	Denver Broncos	0 	0.0 	0 	0.0 	0.4 	4 	0.0 	0.0 	0.0 	0.0 	0.0 	0.8 	WR88		Kansas City Chiefs	New York Jets	0 	0.0 	0 	0.0 	0.3 	4 	0.0 	0.0 	0.0 	0.0 	0.0 	0.8 	WR94		Kansas City Chiefs	Atlanta Falcons	0 	0.0 	0 	0.0 	0.4 	4 	0.0 	0.0 	0.0 	0.0 	0.0 	0.9 	WR89		Kansas City Chiefs	Arizona Cardinals	0 	0.0 	0 	0.0 	0.4 	4 	0.0 	0.0 	0.0 	0.0 	0.0 	0.9 	WR84		Kansas City Chiefs	Buffalo Bills	0 	0.0 	0 	0.0 	0.4 	4 	0.0 	0.0 	0.0 	0.0 	0.0 	0.9 	WR102		Kansas City Chiefs	Los Angeles Rams	0 	0.0 	0 	0.0 	0.4 	4 	0.0 	0.0 	0.0 	0.0 	0.0 	0.9 	WR90		Kansas City Chiefs	Cincinnati Bengals	0 	0.0 	0 	0.0 	0.4 	4 	0.0 	0.0 	0.0 	0.0 	0.0 	0.9 	WR97		Kansas City Chiefs	New England Patriots	0 	0.0 	0 	0.0 	0.4 	4 	0.0 	0.0 	0.0 	0.0 	0.0 	0.9 	WR103		Kansas City Chiefs	San Francisco 49ers	0 	0.0 	0 	0.0 	0.4 	4 	0.0 	0.0 	0.0 	0.0 	0.0 	0.9 	WR103		Kansas City Chiefs	Los Angeles Chargers	0 	0.0 	0 	0.0 	0.4 	4 	0.0 	0.0 	0.0 	0.0 	0.0 	0.9 	WR103		Actual	Actual	Actual	Actual	Forecast	Forecast	Forecast	Forecast	Forecast	Forecast	Forecast	Forecast	Forecast	Forecast	Forecast	Forecast	Forecast		Healthy	Healthy	Healthy	Healthy	Healthy	Healthy	Healthy	Healthy	Healthy	Healthy	Healthy	Healthy	Healthy	Healthy	Healthy	Healthy	Healthy		Week 5 2026	10/6/2026	7:50:59 PM	19		2%	3%	0%	0%	0%	0%		0.0 	0	0	0	0	0	0.006134 
	De’Zhaun Stribling	San Francisco 49ers	WR	WR103	2.0 	10 	0 	0.0 	0.0 	0.0 	0 	0.0 	0.0 	0.0 	4.8 	1.0 	57 	11.5 	0.3 	0.1 	0.0 	0.0 	0.0 	0.027 	1.000 	0.000 	(1)	0.000 	0.000 	265 	0 	(265)	104 	0 	(104)	0.004 																0.0 	0.0 	0.0 	0.0 	0.0 	0.0 	0.0 	0.0 	0.0 	0.0 	0.0 	0.0 	2.1 	2.0 	2.0 	2.0 	2.0 		-	-	-	-	-	-	-	-	-	-	-	-	WR83	WR87	WR93	WR93	WR93		WR102	2.0 	0.0 	0.0 	0.0 	0.0 	1.0 	11.5 	0.1 	102 	0.039 	1.000 	0.000 	(1)	0.000 	0.000 	262 	0.006 		10 														-	0.0 	0.0 	0.0 	0.0 	0.0 	0.0 	0.0 	0.0 	#N/A	0.000 	1.000 	#N/A	(1)	0.000 	0.000 	#N/A	#N/A		0.0 																	San Francisco 49ers	Los Angeles Rams	0 	0.0 	0 	0.0 	0.0 	0 	0.0 	0.0 	0.0 	0.0 	0.0 	0.0 	-		San Francisco 49ers	Miami Dolphins	0 	0.0 	0 	0.0 	0.0 	0 	0.0 	0.0 	0.0 	0.0 	0.0 	0.0 	-		San Francisco 49ers	Arizona Cardinals	0 	0.0 	0 	0.0 	0.0 	0 	0.0 	0.0 	0.0 	0.0 	0.0 	0.0 	-		San Francisco 49ers	Denver Broncos	0 	0.0 	0 	0.0 	0.0 	0 	0.0 	0.0 	0.0 	0.0 	0.0 	0.0 	-		San Francisco 49ers	Seattle Seahawks	0 	0.0 	0 	0.0 	0.0 	0 	0.0 	0.0 	0.0 	0.0 	0.0 	0.0 	-		San Francisco 49ers	Washington Commanders	0 	0.0 	0 	0.0 	0.0 	0 	0.0 	0.0 	0.0 	0.0 	0.0 	0.0 	-		San Francisco 49ers	Atlanta Falcons	0 	0.0 	0 	0.0 	0.0 	0 	0.0 	0.0 	0.0 	0.0 	0.0 	0.0 	-		San Francisco 49ers	BYE	0 	0.0 	0 	0.0 	0.0 	0 	0.0 	0.0 	0.0 	0.0 	0.0 	0.0 	-		San Francisco 49ers	Las Vegas Raiders	0 	0.0 	0 	0.0 	0.0 	0 	0.0 	0.0 	0.0 	0.0 	0.0 	0.0 	-		San Francisco 49ers	Dallas Cowboys	0 	0.0 	0 	0.0 	0.0 	0 	0.0 	0.0 	0.0 	0.0 	0.0 	0.0 	-		San Francisco 49ers	Minnesota Vikings	0 	0.0 	0 	0.0 	0.0 	0 	0.0 	0.0 	0.0 	0.0 	0.0 	0.0 	-		San Francisco 49ers	Seattle Seahawks	0 	0.0 	0 	0.0 	0.0 	0 	0.0 	0.0 	0.0 	0.0 	0.0 	0.0 	-		San Francisco 49ers	New York Giants	0 	0.0 	0 	0.0 	1.0 	12 	0.1 	0.0 	0.0 	0.0 	0.0 	2.1 	WR83		San Francisco 49ers	Los Angeles Rams	0 	0.0 	0 	0.0 	1.0 	12 	0.1 	0.0 	0.0 	0.0 	0.0 	2.0 	WR87		San Francisco 49ers	Los Angeles Chargers	0 	0.0 	0 	0.0 	1.0 	11 	0.1 	0.0 	0.0 	0.0 	0.0 	2.0 	WR93		San Francisco 49ers	Kansas City Chiefs	0 	0.0 	0 	0.0 	0.9 	11 	0.1 	0.0 	0.0 	0.0 	0.0 	2.0 	WR93		San Francisco 49ers	Philadelphia Eagles	0 	0.0 	0 	0.0 	0.9 	11 	0.1 	0.0 	0.0 	0.0 	0.0 	2.0 	WR93		Actual	Actual	Actual	Actual	Forecast	Forecast	Forecast	Forecast	Forecast	Forecast	Forecast	Forecast	Forecast	Forecast	Forecast	Forecast	Forecast		Healthy	Injured	Injured	Injured	Injured	Injured	Injured	Injured	Injured	Injured	Injured	Injured	Healthy	Healthy	Healthy	Healthy	Healthy		Week 5 2026	10/6/2026	7:50:59 PM	19		5%	4%	0%	0%	0%	0%		0.0 	1	1	1	1	1	
	James Conner	Arizona Cardinals	RB	RB80	0.3 	4 	0 	0.0 	0.0 	0.0 	21 	1.9 	0.3 	0.0 	0.0 	0.0 	0 	0.0 	0.0 	0.0 	0.0 	0.1 	0.0 	0.010 	1.000 	0.004 	(1)	0.000 	0.000 	266 	211 	(55)	80 	61 	(19)	0.003 																0.0 	0.0 	0.0 	0.0 	0.0 	0.3 	0.3 	0.3 	0.3 	0.3 	0.3 	0.4 	0.3 	0.0 	0.4 	0.3 	0.4 		-	-	-	-	-	RB64	RB63	RB64	RB72	RB67	RB60	RB78	RB71	-	RB79	RB79	RB79		RB79	0.3 	0.0 	0.0 	1.9 	0.0 	0.0 	0.0 	0.0 	79 	0.014 	1.000 	0.017 	(1)	0.000 	0.000 	259 	0.010 		4 														-	0.0 	0.0 	0.0 	0.0 	0.0 	0.0 	0.0 	0.0 	#N/A	0.000 	1.000 	#N/A	(1)	0.000 	0.000 	#N/A	#N/A		0.0 																	Arizona Cardinals	Los Angeles Chargers	0 	0.0 	0 	0.0 	0.0 	0 	0.0 	0.0 	0.0 	0.0 	0.0 	0.0 	-		Arizona Cardinals	Seattle Seahawks	0 	0.0 	0 	0.0 	0.0 	0 	0.0 	0.0 	0.0 	0.0 	0.0 	0.0 	-		Arizona Cardinals	San Francisco 49ers	0 	0.0 	0 	0.0 	0.0 	0 	0.0 	0.0 	0.0 	0.0 	0.0 	0.0 	-		Arizona Cardinals	New York Giants	0 	0.0 	0 	0.0 	0.0 	0 	0.0 	0.0 	0.0 	0.0 	0.0 	0.0 	-		Arizona Cardinals	Detroit Lions	0 	0.0 	0 	0.0 	0.0 	0 	0.0 	0.0 	0.0 	0.0 	0.0 	0.0 	-		Arizona Cardinals	Los Angeles Rams	0 	0.0 	2 	0.0 	0.0 	0 	0.0 	0.0 	0.0 	0.0 	0.0 	0.3 	RB64		Arizona Cardinals	Denver Broncos	0 	0.0 	2 	0.0 	0.0 	0 	0.0 	0.0 	0.0 	0.0 	0.0 	0.3 	RB63		Arizona Cardinals	Dallas Cowboys	0 	0.0 	2 	0.0 	0.0 	0 	0.0 	0.0 	0.0 	0.0 	0.0 	0.3 	RB64		Arizona Cardinals	Seattle Seahawks	0 	0.0 	2 	0.0 	0.0 	0 	0.0 	0.0 	0.0 	0.0 	0.0 	0.3 	RB72		Arizona Cardinals	Los Angeles Rams	0 	0.0 	2 	0.0 	0.0 	0 	0.0 	0.0 	0.0 	0.0 	0.0 	0.3 	RB67		Arizona Cardinals	Kansas City Chiefs	0 	0.0 	2 	0.0 	0.0 	0 	0.0 	0.0 	0.0 	0.0 	0.0 	0.3 	RB60		Arizona Cardinals	Washington Commanders	0 	0.0 	2 	0.0 	0.0 	0 	0.0 	0.0 	0.0 	0.0 	0.0 	0.4 	RB78		Arizona Cardinals	Philadelphia Eagles	0 	0.0 	2 	0.0 	0.0 	0 	0.0 	0.0 	0.0 	0.0 	0.0 	0.3 	RB71		Arizona Cardinals	BYE	0 	0.0 	0 	0.0 	0.0 	0 	0.0 	0.0 	0.0 	0.0 	0.0 	0.0 	-		Arizona Cardinals	New York Jets	0 	0.0 	2 	0.0 	0.0 	0 	0.0 	0.0 	0.0 	0.0 	0.0 	0.4 	RB79		Arizona Cardinals	New Orleans Saints	0 	0.0 	2 	0.0 	0.0 	0 	0.0 	0.0 	0.0 	0.0 	0.0 	0.3 	RB79		Arizona Cardinals	Las Vegas Raiders	0 	0.0 	2 	0.0 	0.0 	0 	0.0 	0.0 	0.0 	0.0 	0.0 	0.4 	RB79		Actual	Actual	Actual	Actual	Forecast	Forecast	Forecast	Forecast	Forecast	Forecast	Forecast	Forecast	Forecast	Forecast	Forecast	Forecast	Forecast		Injured	Injured	Injured	Injured	Injured	Healthy	Healthy	Healthy	Healthy	Healthy	Healthy	Healthy	Healthy	Healthy	Healthy	Healthy	Healthy		Week 5 2026	10/6/2026	7:50:59 PM	19		0%	0%	2%	4%	0%	0%		0.0 	1	1	1	1	0	
	Jalen McMillan	Tampa Bay Buccaneers	WR	WR104	0.8 	7 	0 	0.0 	0.0 	0.0 	0 	0.0 	0.0 	0.0 	2.8 	0.3 	41 	4.5 	0.3 	0.0 	0.0 	0.0 	0.0 	0.020 	1.000 	0.000 	(1)	0.000 	0.000 	267 	229 	(38)	105 	76 	(29)	0.003 																0.0 	0.0 	0.0 	0.0 	0.0 	0.0 	0.0 	0.8 	0.8 	0.0 	0.8 	0.8 	0.8 	0.8 	0.8 	0.8 	0.8 		-	-	-	-	-	-	-	WR90	WR95	-	WR85	WR104	WR92	WR99	WR105	WR105	WR105		WR105	0.8 	0.0 	0.0 	0.0 	0.0 	0.3 	4.5 	0.0 	105 	0.028 	1.000 	0.000 	(1)	0.000 	0.000 	266 	0.004 		7 														-	0.0 	0.0 	0.0 	0.0 	0.0 	0.0 	0.0 	0.0 	#N/A	0.000 	1.000 	#N/A	(1)	0.000 	0.000 	#N/A	#N/A		0.0 																	Tampa Bay Buccaneers	Cincinnati Bengals	0 	0.0 	0 	0.0 	0.0 	0 	0.0 	0.0 	0.0 	0.0 	0.0 	0.0 	-		Tampa Bay Buccaneers	Cleveland Browns	0 	0.0 	0 	0.0 	0.0 	0 	0.0 	0.0 	0.0 	0.0 	0.0 	0.0 	-		Tampa Bay Buccaneers	Minnesota Vikings	0 	0.0 	0 	0.0 	0.0 	0 	0.0 	0.0 	0.0 	0.0 	0.0 	0.0 	-		Tampa Bay Buccaneers	Green Bay Packers	0 	0.0 	0 	0.0 	0.0 	0 	0.0 	0.0 	0.0 	0.0 	0.0 	0.0 	-		Tampa Bay Buccaneers	Dallas Cowboys	0 	0.0 	0 	0.0 	0.0 	0 	0.0 	0.0 	0.0 	0.0 	0.0 	0.0 	-		Tampa Bay Buccaneers	Pittsburgh Steelers	0 	0.0 	0 	0.0 	0.0 	0 	0.0 	0.0 	0.0 	0.0 	0.0 	0.0 	-		Tampa Bay Buccaneers	Carolina Panthers	0 	0.0 	0 	0.0 	0.0 	0 	0.0 	0.0 	0.0 	0.0 	0.0 	0.0 	-		Tampa Bay Buccaneers	Atlanta Falcons	0 	0.0 	0 	0.0 	0.3 	5 	0.0 	0.0 	0.0 	0.0 	0.0 	0.8 	WR90		Tampa Bay Buccaneers	Chicago Bears	0 	0.0 	0 	0.0 	0.3 	5 	0.0 	0.0 	0.0 	0.0 	0.0 	0.8 	WR95		Tampa Bay Buccaneers	BYE	0 	0.0 	0 	0.0 	0.0 	0 	0.0 	0.0 	0.0 	0.0 	0.0 	0.0 	-		Tampa Bay Buccaneers	Detroit Lions	0 	0.0 	0 	0.0 	0.3 	5 	0.0 	0.0 	0.0 	0.0 	0.0 	0.8 	WR85		Tampa Bay Buccaneers	Carolina Panthers	0 	0.0 	0 	0.0 	0.3 	5 	0.0 	0.0 	0.0 	0.0 	0.0 	0.8 	WR104		Tampa Bay Buccaneers	Los Angeles Chargers	0 	0.0 	0 	0.0 	0.3 	4 	0.0 	0.0 	0.0 	0.0 	0.0 	0.8 	WR92		Tampa Bay Buccaneers	Baltimore Ravens	0 	0.0 	0 	0.0 	0.3 	5 	0.0 	0.0 	0.0 	0.0 	0.0 	0.8 	WR99		Tampa Bay Buccaneers	New Orleans Saints	0 	0.0 	0 	0.0 	0.3 	5 	0.0 	0.0 	0.0 	0.0 	0.0 	0.8 	WR105		Tampa Bay Buccaneers	Atlanta Falcons	0 	0.0 	0 	0.0 	0.3 	4 	0.0 	0.0 	0.0 	0.0 	0.0 	0.8 	WR105		Tampa Bay Buccaneers	Los Angeles Rams	0 	0.0 	0 	0.0 	0.3 	5 	0.0 	0.0 	0.0 	0.0 	0.0 	0.8 	WR105		Actual	Actual	Actual	Actual	Forecast	Forecast	Forecast	Forecast	Forecast	Forecast	Forecast	Forecast	Forecast	Forecast	Forecast	Forecast	Forecast		Injured	Healthy	Healthy	Injured	Injured	Injured	Injured	Healthy	Healthy	Healthy	Healthy	Healthy	Healthy	Healthy	Healthy	Healthy	Healthy		Week 5 2026	10/6/2026	7:50:59 PM	19		2%	2%	0%	0%	0%	0%		0.0 	0	0	1	1	1	
	Jayden Reed	Green Bay Packers	WR	WR105	1.1 	6 	0 	0.0 	0.0 	0.0 	0 	0.0 	0.0 	0.0 	5.0 	0.8 	34 	5.6 	0.1 	0.0 	0.0 	0.0 	0.0 	0.017 	1.000 	0.000 	(1)	0.000 	0.000 	268 	109 	(159)	106 	43 	(63)	0.003 				-	-		-	-		-	-		-	-		3.5 	0.9 	0.0 	0.0 	0.0 	0.0 	0.0 	0.0 	0.0 	0.0 	0.0 	0.0 	0.0 	0.5 	0.5 	0.5 	0.5 		WR69	WR84	-	-	-	-	-	-	-	-	-	-	-	WR100	WR106	WR106	WR106		WR107	0.5 	0.0 	0.0 	0.0 	0.0 	0.3 	2.5 	0.0 	107 	0.007 	1.000 	0.000 	(2)	0.000 	0.000 	270 	0.001 		2 														WR123	2.2 	0.0 	0.0 	0.0 	0.0 	0.5 	4.9 	0.0 	123 	0.039 	1.000 	0.000 	(1)	0.000 	0.000 	#N/A	0.006 		4.4 																	Green Bay Packers	Minnesota Vikings	0 	0.0 	0 	0.0 	3.0 	20 	0.0 	0.0 	0.0 	0.0 	0.0 	3.5 	WR69		Green Bay Packers	New York Jets	0 	0.0 	0 	0.0 	1.0 	4 	0.0 	0.0 	0.0 	0.0 	0.0 	0.9 	WR84		Green Bay Packers	Atlanta Falcons	0 	0.0 	0 	0.0 	0.0 	0 	0.0 	0.0 	0.0 	0.0 	0.0 	0.0 	-		Green Bay Packers	Tampa Bay Buccaneers	0 	0.0 	0 	0.0 	0.0 	0 	0.0 	0.0 	0.0 	0.0 	0.0 	0.0 	-		Green Bay Packers	Chicago Bears	0 	0.0 	0 	0.0 	0.0 	0 	0.0 	0.0 	0.0 	0.0 	0.0 	0.0 	-		Green Bay Packers	Dallas Cowboys	0 	0.0 	0 	0.0 	0.0 	0 	0.0 	0.0 	0.0 	0.0 	0.0 	0.0 	-		Green Bay Packers	Detroit Lions	0 	0.0 	0 	0.0 	0.0 	0 	0.0 	0.0 	0.0 	0.0 	0.0 	0.0 	-		Green Bay Packers	Carolina Panthers	0 	0.0 	0 	0.0 	0.0 	0 	0.0 	0.0 	0.0 	0.0 	0.0 	0.0 	-		Green Bay Packers	New England Patriots	0 	0.0 	0 	0.0 	0.0 	0 	0.0 	0.0 	0.0 	0.0 	0.0 	0.0 	-		Green Bay Packers	Minnesota Vikings	0 	0.0 	0 	0.0 	0.0 	0 	0.0 	0.0 	0.0 	0.0 	0.0 	0.0 	-		Green Bay Packers	BYE	0 	0.0 	0 	0.0 	0.0 	0 	0.0 	0.0 	0.0 	0.0 	0.0 	0.0 	-		Green Bay Packers	Los Angeles Rams	0 	0.0 	0 	0.0 	0.0 	0 	0.0 	0.0 	0.0 	0.0 	0.0 	0.0 	-		Green Bay Packers	New Orleans Saints	0 	0.0 	0 	0.0 	0.0 	0 	0.0 	0.0 	0.0 	0.0 	0.0 	0.0 	-		Green Bay Packers	Buffalo Bills	0 	0.0 	0 	0.0 	0.3 	3 	0.0 	0.0 	0.0 	0.0 	0.0 	0.5 	WR100		Green Bay Packers	Miami Dolphins	0 	0.0 	0 	0.0 	0.3 	2 	0.0 	0.0 	0.0 	0.0 	0.0 	0.5 	WR106		Green Bay Packers	Chicago Bears	0 	0.0 	0 	0.0 	0.3 	2 	0.0 	0.0 	0.0 	0.0 	0.0 	0.5 	WR106		Green Bay Packers	Houston Texans	0 	0.0 	0 	0.0 	0.3 	2 	0.0 	0.0 	0.0 	0.0 	0.0 	0.5 	WR106		Actual	Actual	Actual	Actual	Forecast	Forecast	Forecast	Forecast	Forecast	Forecast	Forecast	Forecast	Forecast	Forecast	Forecast	Forecast	Forecast		Healthy	Healthy	Injured	Injured	Injured	Injured	Injured	Injured	Injured	Injured	Injured	Injured	Injured	Healthy	Healthy	Healthy	Healthy		Week 5 2026	10/6/2026	7:50:59 PM	19		1%	1%	0%	0%	0%	0%		(0.0)	0	1	1	1	1	
	Tank Dell	Houston Texans	WR		0.4 	4 	0 	0.0 	0.0 	0.0 	0 	0.0 	0.0 	0.0 	1.7 	0.2 	25 	2.3 	0.2 	0.0 	0.0 	0.0 	0.0 	0.012 	1.000 	0.000 	(2)	0.000 	0.000 	269 	246 	(23)	107 	81 	(26)	0.002 																0.0 	0.0 	0.0 	0.0 	0.0 	0.4 	0.4 	0.0 	0.4 	0.4 	0.4 	0.4 	0.4 	0.4 	0.4 	0.4 	0.4 		-	-	-	-	-	WR86	WR88	-	WR96	WR91	WR86	WR105	WR93	WR101	WR107	WR107	WR107		WR106	0.4 	0.0 	0.0 	0.0 	0.0 	0.2 	2.3 	0.0 	106 	0.017 	1.000 	0.000 	(2)	0.000 	0.000 	267 	0.003 		4 															0.0 	0.0 	0.0 	0.0 	0.0 	0.0 	0.0 	0.0 	#N/A	0.000 	1.000 	#N/A	(1)	0.000 	0.000 	#N/A	#N/A		0.0 																	Houston Texans	Buffalo Bills	0 	0.0 	0 	0.0 	0.0 	0 	0.0 	0.0 	0.0 	0.0 	0.0 	0.0 	-		Houston Texans	Cincinnati Bengals	0 	0.0 	0 	0.0 	0.0 	0 	0.0 	0.0 	0.0 	0.0 	0.0 	0.0 	-		Houston Texans	Indianapolis Colts	0 	0.0 	0 	0.0 	0.0 	0 	0.0 	0.0 	0.0 	0.0 	0.0 	0.0 	-		Houston Texans	Dallas Cowboys	0 	0.0 	0 	0.0 	0.0 	0 	0.0 	0.0 	0.0 	0.0 	0.0 	0.0 	-		Houston Texans	Tennessee Titans	0 	0.0 	0 	0.0 	0.0 	0 	0.0 	0.0 	0.0 	0.0 	0.0 	0.0 	-		Houston Texans	Jacksonville Jaguars	0 	0.0 	0 	0.0 	0.2 	2 	0.0 	0.0 	0.0 	0.0 	0.0 	0.4 	WR86		Houston Texans	New York Giants	0 	0.0 	0 	0.0 	0.2 	2 	0.0 	0.0 	0.0 	0.0 	0.0 	0.4 	WR88		Houston Texans	BYE	0 	0.0 	0 	0.0 	0.0 	0 	0.0 	0.0 	0.0 	0.0 	0.0 	0.0 	-		Houston Texans	Los Angeles Chargers	0 	0.0 	0 	0.0 	0.2 	2 	0.0 	0.0 	0.0 	0.0 	0.0 	0.4 	WR96		Houston Texans	Cleveland Browns	0 	0.0 	0 	0.0 	0.2 	2 	0.0 	0.0 	0.0 	0.0 	0.0 	0.4 	WR91		Houston Texans	Indianapolis Colts	0 	0.0 	0 	0.0 	0.2 	2 	0.0 	0.0 	0.0 	0.0 	0.0 	0.4 	WR86		Houston Texans	Baltimore Ravens	0 	0.0 	0 	0.0 	0.2 	2 	0.0 	0.0 	0.0 	0.0 	0.0 	0.4 	WR105		Houston Texans	Pittsburgh Steelers	0 	0.0 	0 	0.0 	0.2 	2 	0.0 	0.0 	0.0 	0.0 	0.0 	0.4 	WR93		Houston Texans	Washington Commanders	0 	0.0 	0 	0.0 	0.2 	2 	0.0 	0.0 	0.0 	0.0 	0.0 	0.4 	WR101		Houston Texans	Jacksonville Jaguars	0 	0.0 	0 	0.0 	0.2 	2 	0.0 	0.0 	0.0 	0.0 	0.0 	0.4 	WR107		Houston Texans	Philadelphia Eagles	0 	0.0 	0 	0.0 	0.1 	2 	0.0 	0.0 	0.0 	0.0 	0.0 	0.4 	WR107		Houston Texans	Green Bay Packers	0 	0.0 	0 	0.0 	0.2 	2 	0.0 	0.0 	0.0 	0.0 	0.0 	0.4 	WR107		Actual	Actual	Actual	Actual	Forecast	Forecast	Forecast	Forecast	Forecast	Forecast	Forecast	Forecast	Forecast	Forecast	Forecast	Forecast	Forecast		Injured	Injured	Injured	Injured	Injured	Healthy	Healthy	Healthy	Healthy	Healthy	Healthy	Healthy	Healthy	Healthy	Healthy	Healthy	Healthy		Week 5 2026	10/6/2026	7:50:59 PM	19		1%	1%	0%	0%	0%	0%		0.0 	1	1	1	1	0	
	Fernando Mendoza	Las Vegas Raiders	QB	QB38	0.3 	3 	27 	2.3 	0.2 	0.0 	12 	1.0 	0.1 	0.0 	0.0 	0.0 	0 	0.0 	0.0 	0.0 	0.1 	0.0 	0.0 	0.009 	0.460 	0.000 	(2)	0.000 	0.000 	270 	163 	(107)	43 	22 	(21)	0.000 																0.0 	0.0 	0.0 	0.0 	0.3 	0.3 	0.3 	0.3 	0.3 	0.3 	0.2 	0.3 	0.0 	0.3 	0.3 	0.3 	0.3 		-	-	-	-	QB34	QB32	QB32	QB32	QB35	QB33	QB30	QB38	-	QB35	QB38	QB37	QB37		QB38	0.3 	2.3 	0.0 	1.0 	0.0 	0.0 	0.0 	0.0 	38 	0.013 	0.460 	0.000 	(2)	0.000 	0.000 	271 	0.000 		3 															0.0 	0.0 	0.0 	0.0 	0.0 	0.0 	0.0 	0.0 	#N/A	0.000 	0.460 	#N/A	(2)	0.000 	0.000 	#N/A	#N/A		0.0 																	Las Vegas Raiders	Miami Dolphins	0 	0.0 	0 	0.0 	0.0 	0 	0.0 	0.0 	0.0 	0.0 	0.0 	0.0 	-		Las Vegas Raiders	Los Angeles Chargers	0 	0.0 	0 	0.0 	0.0 	0 	0.0 	0.0 	0.0 	0.0 	0.0 	0.0 	-		Las Vegas Raiders	New Orleans Saints	0 	0.0 	0 	0.0 	0.0 	0 	0.0 	0.0 	0.0 	0.0 	0.0 	0.0 	-		Las Vegas Raiders	Kansas City Chiefs	0 	0.0 	0 	0.0 	0.0 	0 	0.0 	0.0 	0.0 	0.0 	0.0 	0.0 	-		Las Vegas Raiders	New England Patriots	2 	0.0 	1 	0.0 	0.0 	0 	0.0 	0.0 	0.0 	0.0 	0.0 	0.3 	QB34		Las Vegas Raiders	Buffalo Bills	2 	0.0 	1 	0.0 	0.0 	0 	0.0 	0.0 	0.0 	0.0 	0.0 	0.3 	QB32		Las Vegas Raiders	Los Angeles Rams	2 	0.0 	1 	0.0 	0.0 	0 	0.0 	0.0 	0.0 	0.0 	0.0 	0.3 	QB32		Las Vegas Raiders	New York Jets	2 	0.0 	1 	0.0 	0.0 	0 	0.0 	0.0 	0.0 	0.0 	0.0 	0.3 	QB32		Las Vegas Raiders	San Francisco 49ers	2 	0.0 	1 	0.0 	0.0 	0 	0.0 	0.0 	0.0 	0.0 	0.0 	0.3 	QB35		Las Vegas Raiders	Seattle Seahawks	2 	0.0 	1 	0.0 	0.0 	0 	0.0 	0.0 	0.0 	0.0 	0.0 	0.3 	QB33		Las Vegas Raiders	Denver Broncos	2 	0.0 	1 	0.0 	0.0 	0 	0.0 	0.0 	0.0 	0.0 	0.0 	0.2 	QB30		Las Vegas Raiders	Cleveland Browns	2 	0.0 	1 	0.0 	0.0 	0 	0.0 	0.0 	0.0 	0.0 	0.0 	0.3 	QB38		Las Vegas Raiders	BYE	0 	0.0 	0 	0.0 	0.0 	0 	0.0 	0.0 	0.0 	0.0 	0.0 	0.0 	-		Las Vegas Raiders	Los Angeles Chargers	2 	0.0 	1 	0.0 	0.0 	0 	0.0 	0.0 	0.0 	0.0 	0.0 	0.3 	QB35		Las Vegas Raiders	Denver Broncos	2 	0.0 	1 	0.0 	0.0 	0 	0.0 	0.0 	0.0 	0.0 	0.0 	0.3 	QB38		Las Vegas Raiders	Tennessee Titans	2 	0.0 	1 	0.0 	0.0 	0 	0.0 	0.0 	0.0 	0.0 	0.0 	0.3 	QB37		Las Vegas Raiders	Arizona Cardinals	2 	0.0 	1 	0.0 	0.0 	0 	0.0 	0.0 	0.0 	0.0 	0.0 	0.3 	QB37		Actual	Actual	Actual	Actual	Forecast	Forecast	Forecast	Forecast	Forecast	Forecast	Forecast	Forecast	Forecast	Forecast	Forecast	Forecast	Forecast		Healthy	Healthy	Healthy	Healthy	Healthy	Healthy	Healthy	Healthy	Healthy	Healthy	Healthy	Healthy	Healthy	Healthy	Healthy	Healthy	Healthy		Week 5 2026	10/6/2026	7:50:59 PM	19		0%	0%	1%	1%	1%	1%		0.0 	0	0	0	0	0	0.000000 
	J.J. McCarthy	New York Giants	QB	QB38	0.5 	6 	25 	2.1 	0.2 	0.0 	31 	2.6 	0.2 	0.0 	0.0 	0.0 	0 	0.0 	0.0 	0.0 	0.1 	0.0 	0.0 	0.016 	0.460 	0.000 	(2)	0.000 	0.000 	270 	0 	(270)	41 	0 	(41)	0.000 																0.0 	0.0 	0.0 	0.0 	0.5 	0.5 	0.4 	0.0 	0.4 	0.5 	0.5 	0.5 	0.5 	0.4 	0.5 	0.5 	0.5 		-	-	-	-	QB32	QB30	QB29	-	QB32	QB30	QB28	QB34	QB30	QB33	QB34	QB34	QB34		QB36	0.5 	2.1 	0.0 	2.6 	0.0 	0.0 	0.0 	0.0 	36 	0.023 	0.460 	0.024 	(2)	0.000 	0.000 	258 	0.013 		6 														-	0.0 	0.0 	0.0 	0.0 	0.0 	0.0 	0.0 	0.0 	#N/A	0.000 	0.460 	#N/A	(2)	0.000 	0.000 	#N/A	#N/A		0.0 																	New York Giants	Dallas Cowboys	0 	0.0 	0 	0.0 	0.0 	0 	0.0 	0.0 	0.0 	0.0 	0.0 	0.0 	-		New York Giants	Los Angeles Rams	0 	0.0 	0 	0.0 	0.0 	0 	0.0 	0.0 	0.0 	0.0 	0.0 	0.0 	-		New York Giants	Tennessee Titans	0 	0.0 	0 	0.0 	0.0 	0 	0.0 	0.0 	0.0 	0.0 	0.0 	0.0 	-		New York Giants	Arizona Cardinals	0 	0.0 	0 	0.0 	0.0 	0 	0.0 	0.0 	0.0 	0.0 	0.0 	0.0 	-		New York Giants	Washington Commanders	2 	0.0 	2 	0.0 	0.0 	0 	0.0 	0.0 	0.0 	0.0 	0.0 	0.5 	QB32		New York Giants	New Orleans Saints	2 	0.0 	3 	0.0 	0.0 	0 	0.0 	0.0 	0.0 	0.0 	0.0 	0.5 	QB30		New York Giants	Houston Texans	2 	0.0 	2 	0.0 	0.0 	0 	0.0 	0.0 	0.0 	0.0 	0.0 	0.4 	QB29		New York Giants	BYE	0 	0.0 	0 	0.0 	0.0 	0 	0.0 	0.0 	0.0 	0.0 	0.0 	0.0 	-		New York Giants	Philadelphia Eagles	2 	0.0 	2 	0.0 	0.0 	0 	0.0 	0.0 	0.0 	0.0 	0.0 	0.4 	QB32		New York Giants	Washington Commanders	2 	0.0 	3 	0.0 	0.0 	0 	0.0 	0.0 	0.0 	0.0 	0.0 	0.5 	QB30		New York Giants	Jacksonville Jaguars	2 	0.0 	3 	0.0 	0.0 	0 	0.0 	0.0 	0.0 	0.0 	0.0 	0.5 	QB28		New York Giants	Indianapolis Colts	2 	0.0 	3 	0.0 	0.0 	0 	0.0 	0.0 	0.0 	0.0 	0.0 	0.5 	QB34		New York Giants	San Francisco 49ers	2 	0.0 	3 	0.0 	0.0 	0 	0.0 	0.0 	0.0 	0.0 	0.0 	0.5 	QB30		New York Giants	Seattle Seahawks	2 	0.0 	2 	0.0 	0.0 	0 	0.0 	0.0 	0.0 	0.0 	0.0 	0.4 	QB33		New York Giants	Cleveland Browns	2 	0.0 	3 	0.0 	0.0 	0 	0.0 	0.0 	0.0 	0.0 	0.0 	0.5 	QB34		New York Giants	Detroit Lions	2 	0.0 	3 	0.0 	0.0 	0 	0.0 	0.0 	0.0 	0.0 	0.0 	0.5 	QB34		New York Giants	Dallas Cowboys	2 	0.0 	3 	0.0 	0.0 	0 	0.0 	0.0 	0.0 	0.0 	0.0 	0.5 	QB34		Actual	Actual	Actual	Actual	Forecast	Forecast	Forecast	Forecast	Forecast	Forecast	Forecast	Forecast	Forecast	Forecast	Forecast	Forecast	Forecast		Healthy	Healthy	Healthy	Healthy	Healthy	Healthy	Healthy	Healthy	Healthy	Healthy	Healthy	Healthy	Healthy	Healthy	Healthy	Healthy	Healthy		Week 5 2026	10/6/2026	7:50:59 PM	19		0%	0%	0%	0%	0%	0%		0.0 	0	0	0	0	0	0.012839 
	Malik Davis	Dallas Cowboys	RB	RB81	0.0 	0 	0 	0.0 	0.0 	0.0 	0 	0.0 	0.0 	0.0 	0.0 	0.0 	0 	0.0 	0.0 	0.0 	0.0 	0.0 	0.0 	0.000 	1.000 	0.000 	(1)	0.000 	0.000 	270 	266 	(4)	81 	73 	(8)	0.000 																0.0 	0.0 	0.0 	0.0 	0.0 	0.0 	0.0 	0.0 	0.0 	0.0 	0.0 	0.0 	0.0 	0.0 	0.0 	0.0 	0.0 		-	-	-	-	-	-	-	-	-	-	-	-	-	-	-	-	-		RB80	0.0 	0.0 	0.0 	0.0 	0.0 	0.0 	0.0 	0.0 	80 	0.000 	1.000 	0.004 	(1)	0.000 	0.000 	268 	0.002 		0 														-	0.0 	0.0 	0.0 	0.0 	0.0 	0.0 	0.0 	0.0 	#N/A	0.000 	1.000 	#N/A	(1)	0.000 	0.000 	#N/A	#N/A		0.0 																	Dallas Cowboys	New York Giants	0 	0.0 	0 	0.0 	0.0 	0 	0.0 	0.0 	0.0 	0.0 	0.0 	0.0 	-		Dallas Cowboys	Washington Commanders	0 	0.0 	0 	0.0 	0.0 	0 	0.0 	0.0 	0.0 	0.0 	0.0 	0.0 	-		Dallas Cowboys	Baltimore Ravens	0 	0.0 	0 	0.0 	0.0 	0 	0.0 	0.0 	0.0 	0.0 	0.0 	0.0 	-		Dallas Cowboys	Houston Texans	0 	0.0 	0 	0.0 	0.0 	0 	0.0 	0.0 	0.0 	0.0 	0.0 	0.0 	-		Dallas Cowboys	Tampa Bay Buccaneers	0 	0.0 	0 	0.0 	0.0 	0 	0.0 	0.0 	0.0 	0.0 	0.0 	0.0 	-		Dallas Cowboys	Green Bay Packers	0 	0.0 	0 	0.0 	0.0 	0 	0.0 	0.0 	0.0 	0.0 	0.0 	0.0 	-		Dallas Cowboys	Philadelphia Eagles	0 	0.0 	0 	0.0 	0.0 	0 	0.0 	0.0 	0.0 	0.0 	0.0 	0.0 	-		Dallas Cowboys	Arizona Cardinals	0 	0.0 	0 	0.0 	0.0 	0 	0.0 	0.0 	0.0 	0.0 	0.0 	0.0 	-		Dallas Cowboys	Indianapolis Colts	0 	0.0 	0 	0.0 	0.0 	0 	0.0 	0.0 	0.0 	0.0 	0.0 	0.0 	-		Dallas Cowboys	San Francisco 49ers	0 	0.0 	0 	0.0 	0.0 	0 	0.0 	0.0 	0.0 	0.0 	0.0 	0.0 	-		Dallas Cowboys	Tennessee Titans	0 	0.0 	0 	0.0 	0.0 	0 	0.0 	0.0 	0.0 	0.0 	0.0 	0.0 	-		Dallas Cowboys	Philadelphia Eagles	0 	0.0 	0 	0.0 	0.0 	0 	0.0 	0.0 	0.0 	0.0 	0.0 	0.0 	-		Dallas Cowboys	Seattle Seahawks	0 	0.0 	0 	0.0 	0.0 	0 	0.0 	0.0 	0.0 	0.0 	0.0 	0.0 	-		Dallas Cowboys	BYE	0 	0.0 	0 	0.0 	0.0 	0 	0.0 	0.0 	0.0 	0.0 	0.0 	0.0 	-		Dallas Cowboys	Los Angeles Rams	0 	0.0 	0 	0.0 	0.0 	0 	0.0 	0.0 	0.0 	0.0 	0.0 	0.0 	-		Dallas Cowboys	Jacksonville Jaguars	0 	0.0 	0 	0.0 	0.0 	0 	0.0 	0.0 	0.0 	0.0 	0.0 	0.0 	-		Dallas Cowboys	New York Giants	0 	0.0 	0 	0.0 	0.0 	0 	0.0 	0.0 	0.0 	0.0 	0.0 	0.0 	-		Actual	Actual	Actual	Actual	Forecast	Forecast	Forecast	Forecast	Forecast	Forecast	Forecast	Forecast	Forecast	Forecast	Forecast	Forecast	Forecast		Injured	Injured	Injured	Injured	Injured	Injured	Injured	Injured	Injured	Injured	Injured	Injured	Injured	Injured	Injured	Injured	Injured		Week 5 2026	10/6/2026	7:50:59 PM	19		0%	0%	0%	0%	0%	0%		0.0 	1	1	1	1	1	
	Case Keenum	Chicago Bears	QB	QB38	2.1 	27 	247 	19.0 	2.0 	0.2 	24 	1.8 	1.1 	0.1 	0.0 	0.0 	0 	0.0 	0.0 	0.0 	0.0 	0.0 	0.0 	0.073 	0.460 	0.000 	(2)	0.000 	0.000 	270 	0 	(270)	38 	0 	(38)	0.000 																0.0 	0.0 	24.5 	0.0 	0.2 	0.2 	0.2 	0.2 	0.2 	0.0 	0.2 	0.2 	0.2 	0.2 	0.2 	0.2 	0.2 		-	-	QB5	-	QB35	QB34	QB34	QB34	QB37	-	QB32	QB39	QB34	QB36	QB39	QB39	QB39		QB38	0.2 	0.0 	0.0 	1.5 	0.0 	0.0 	0.0 	0.0 	40 	0.010 	0.460 	0.000 	(2)	0.000 	0.000 	271 	0.000 		3 														QB36	24.5 	0.0 	0.0 	17.5 	0.1 	0.0 	0.0 	0.0 	36 	0.219 	0.460 	0.024 	(1)	0.000 	0.000 	#N/A	0.013 		24.5 																	Chicago Bears	Carolina Panthers	0 	0.0 	0 	0.0 	0.0 	0 	0.0 	0.0 	0.0 	0.0 	0.0 	0.0 	-		Chicago Bears	Minnesota Vikings	0 	0.0 	0 	0.0 	0.0 	0 	0.0 	0.0 	0.0 	0.0 	0.0 	0.0 	-		Chicago Bears	Philadelphia Eagles	247 	2.0 	6 	1.0 	0.0 	0 	0.0 	0.0 	0.0 	0.0 	0.0 	24.5 	QB5		Chicago Bears	New York Jets	0 	0.0 	0 	0.0 	0.0 	0 	0.0 	0.0 	0.0 	0.0 	0.0 	0.0 	-		Chicago Bears	Green Bay Packers	0 	0.0 	1 	0.0 	0.0 	0 	0.0 	0.0 	0.0 	0.0 	0.0 	0.2 	QB35		Chicago Bears	Atlanta Falcons	0 	0.0 	1 	0.0 	0.0 	0 	0.0 	0.0 	0.0 	0.0 	0.0 	0.2 	QB34		Chicago Bears	New England Patriots	0 	0.0 	1 	0.0 	0.0 	0 	0.0 	0.0 	0.0 	0.0 	0.0 	0.2 	QB34		Chicago Bears	Seattle Seahawks	0 	0.0 	1 	0.0 	0.0 	0 	0.0 	0.0 	0.0 	0.0 	0.0 	0.2 	QB34		Chicago Bears	Tampa Bay Buccaneers	0 	0.0 	1 	0.0 	0.0 	0 	0.0 	0.0 	0.0 	0.0 	0.0 	0.2 	QB37		Chicago Bears	BYE	0 	0.0 	0 	0.0 	0.0 	0 	0.0 	0.0 	0.0 	0.0 	0.0 	0.0 	-		Chicago Bears	New Orleans Saints	0 	0.0 	2 	0.0 	0.0 	0 	0.0 	0.0 	0.0 	0.0 	0.0 	0.2 	QB32		Chicago Bears	Detroit Lions	0 	0.0 	1 	0.0 	0.0 	0 	0.0 	0.0 	0.0 	0.0 	0.0 	0.2 	QB39		Chicago Bears	Jacksonville Jaguars	0 	0.0 	1 	0.0 	0.0 	0 	0.0 	0.0 	0.0 	0.0 	0.0 	0.2 	QB34		Chicago Bears	Miami Dolphins	0 	0.0 	2 	0.0 	0.0 	0 	0.0 	0.0 	0.0 	0.0 	0.0 	0.2 	QB36		Chicago Bears	Buffalo Bills	0 	0.0 	1 	0.0 	0.0 	0 	0.0 	0.0 	0.0 	0.0 	0.0 	0.2 	QB39		Chicago Bears	Green Bay Packers	0 	0.0 	1 	0.0 	0.0 	0 	0.0 	0.0 	0.0 	0.0 	0.0 	0.2 	QB39		Chicago Bears	Detroit Lions	0 	0.0 	1 	0.0 	0.0 	0 	0.0 	0.0 	0.0 	0.0 	0.0 	0.2 	QB39		Actual	Actual	Actual	Actual	Forecast	Forecast	Forecast	Forecast	Forecast	Forecast	Forecast	Forecast	Forecast	Forecast	Forecast	Forecast	Forecast		Healthy	Healthy	Healthy	Healthy	Healthy	Healthy	Healthy	Healthy	Healthy	Healthy	Healthy	Healthy	Healthy	Healthy	Healthy	Healthy	Healthy		Week 5 2026	10/6/2026	7:50:59 PM	19		0%	0%	1%	1%	0%	0%		(0.0)	0	0	0	0	0	(0.012839)
	Tua Tagovailoa	Atlanta Falcons	QB	QB38	0.2 	2 	24 	2.0 	0.2 	0.0 	0 	0.0 	0.1 	0.0 	0.0 	0.0 	0 	0.0 	0.0 	0.0 	0.1 	0.0 	0.0 	0.006 	0.460 	0.000 	(2)	0.000 	0.000 	270 	253 	(17)	45 	33 	(12)	0.000 																0.0 	0.0 	0.0 	0.0 	0.2 	0.2 	0.2 	0.2 	0.2 	0.2 	0.0 	0.2 	0.2 	0.2 	0.2 	0.2 	0.2 		-	-	-	-	QB36	QB35	QB35	QB35	QB38	QB34	-	QB40	QB35	QB37	QB40	QB40	QB40		QB38	0.2 	2.0 	0.0 	0.0 	0.0 	0.0 	0.0 	0.0 	41 	0.008 	0.460 	0.000 	(2)	0.000 	0.000 	271 	0.000 		2 														-	0.0 	0.0 	0.0 	0.0 	0.0 	0.0 	0.0 	0.0 	#N/A	0.000 	0.460 	#N/A	(2)	0.000 	0.000 	#N/A	#N/A		0.0 																	Atlanta Falcons	Pittsburgh Steelers	0 	0.0 	0 	0.0 	0.0 	0 	0.0 	0.0 	0.0 	0.0 	0.0 	0.0 	-		Atlanta Falcons	Carolina Panthers	0 	0.0 	0 	0.0 	0.0 	0 	0.0 	0.0 	0.0 	0.0 	0.0 	0.0 	-		Atlanta Falcons	Green Bay Packers	0 	0.0 	0 	0.0 	0.0 	0 	0.0 	0.0 	0.0 	0.0 	0.0 	0.0 	-		Atlanta Falcons	New Orleans Saints	0 	0.0 	0 	0.0 	0.0 	0 	0.0 	0.0 	0.0 	0.0 	0.0 	0.0 	-		Atlanta Falcons	Baltimore Ravens	2 	0.0 	0 	0.0 	0.0 	0 	0.0 	0.0 	0.0 	0.0 	0.0 	0.2 	QB36		Atlanta Falcons	Chicago Bears	2 	0.0 	0 	0.0 	0.0 	0 	0.0 	0.0 	0.0 	0.0 	0.0 	0.2 	QB35		Atlanta Falcons	San Francisco 49ers	2 	0.0 	0 	0.0 	0.0 	0 	0.0 	0.0 	0.0 	0.0 	0.0 	0.2 	QB35		Atlanta Falcons	Tampa Bay Buccaneers	2 	0.0 	0 	0.0 	0.0 	0 	0.0 	0.0 	0.0 	0.0 	0.0 	0.2 	QB35		Atlanta Falcons	Cincinnati Bengals	2 	0.0 	0 	0.0 	0.0 	0 	0.0 	0.0 	0.0 	0.0 	0.0 	0.2 	QB38		Atlanta Falcons	Kansas City Chiefs	2 	0.0 	0 	0.0 	0.0 	0 	0.0 	0.0 	0.0 	0.0 	0.0 	0.2 	QB34		Atlanta Falcons	BYE	0 	0.0 	0 	0.0 	0.0 	0 	0.0 	0.0 	0.0 	0.0 	0.0 	0.0 	-		Atlanta Falcons	Minnesota Vikings	2 	0.0 	0 	0.0 	0.0 	0 	0.0 	0.0 	0.0 	0.0 	0.0 	0.2 	QB40		Atlanta Falcons	Detroit Lions	2 	0.0 	0 	0.0 	0.0 	0 	0.0 	0.0 	0.0 	0.0 	0.0 	0.2 	QB35		Atlanta Falcons	Cleveland Browns	2 	0.0 	0 	0.0 	0.0 	0 	0.0 	0.0 	0.0 	0.0 	0.0 	0.2 	QB37		Atlanta Falcons	Washington Commanders	2 	0.0 	0 	0.0 	0.0 	0 	0.0 	0.0 	0.0 	0.0 	0.0 	0.2 	QB40		Atlanta Falcons	Tampa Bay Buccaneers	2 	0.0 	0 	0.0 	0.0 	0 	0.0 	0.0 	0.0 	0.0 	0.0 	0.2 	QB40		Atlanta Falcons	New Orleans Saints	2 	0.0 	0 	0.0 	0.0 	0 	0.0 	0.0 	0.0 	0.0 	0.0 	0.2 	QB40		Actual	Actual	Actual	Actual	Forecast	Forecast	Forecast	Forecast	Forecast	Forecast	Forecast	Forecast	Forecast	Forecast	Forecast	Forecast	Forecast		Injured	Injured	Healthy	Healthy	Healthy	Healthy	Healthy	Healthy	Healthy	Healthy	Healthy	Healthy	Healthy	Healthy	Healthy	Healthy	Healthy		Week 5 2026	10/6/2026	7:50:59 PM	19		0%	0%	0%	1%	1%	1%		0.0 	1	0	0	0	0	
	Shedeur Sanders	Cleveland Browns	QB	QB38	0.4 	5 	27 	2.2 	0.2 	0.0 	23 	1.9 	0.1 	0.0 	0.0 	0.0 	0 	0.0 	0.0 	0.0 	0.1 	0.0 	0.0 	0.013 	0.460 	0.000 	(2)	0.000 	0.000 	270 	265 	(5)	42 	35 	(7)	0.000 																0.0 	0.0 	0.0 	0.0 	0.4 	0.4 	0.4 	0.4 	0.4 	0.4 	0.0 	0.4 	0.4 	0.4 	0.4 	0.3 	0.4 		-	-	-	-	QB33	QB31	QB30	QB31	QB33	QB31	-	QB35	QB31	QB32	QB35	QB36	QB35		QB37	0.4 	2.2 	0.0 	1.9 	0.0 	0.0 	0.0 	0.0 	37 	0.019 	0.460 	0.009 	(2)	0.000 	0.000 	265 	0.005 		5 														-	0.0 	0.0 	0.0 	0.0 	0.0 	0.0 	0.0 	0.0 	#N/A	0.000 	0.460 	#N/A	(2)	0.000 	0.000 	#N/A	#N/A		0.0 																	Cleveland Browns	Jacksonville Jaguars	0 	0.0 	0 	0.0 	0.0 	0 	0.0 	0.0 	0.0 	0.0 	0.0 	0.0 	-		Cleveland Browns	Tampa Bay Buccaneers	0 	0.0 	0 	0.0 	0.0 	0 	0.0 	0.0 	0.0 	0.0 	0.0 	0.0 	-		Cleveland Browns	Carolina Panthers	0 	0.0 	0 	0.0 	0.0 	0 	0.0 	0.0 	0.0 	0.0 	0.0 	0.0 	-		Cleveland Browns	Pittsburgh Steelers	0 	0.0 	0 	0.0 	0.0 	0 	0.0 	0.0 	0.0 	0.0 	0.0 	0.0 	-		Cleveland Browns	New York Jets	2 	0.0 	2 	0.0 	0.0 	0 	0.0 	0.0 	0.0 	0.0 	0.0 	0.4 	QB33		Cleveland Browns	Baltimore Ravens	2 	0.0 	2 	0.0 	0.0 	0 	0.0 	0.0 	0.0 	0.0 	0.0 	0.4 	QB31		Cleveland Browns	Tennessee Titans	2 	0.0 	2 	0.0 	0.0 	0 	0.0 	0.0 	0.0 	0.0 	0.0 	0.4 	QB30		Cleveland Browns	Pittsburgh Steelers	2 	0.0 	2 	0.0 	0.0 	0 	0.0 	0.0 	0.0 	0.0 	0.0 	0.4 	QB31		Cleveland Browns	New Orleans Saints	2 	0.0 	2 	0.0 	0.0 	0 	0.0 	0.0 	0.0 	0.0 	0.0 	0.4 	QB33		Cleveland Browns	Houston Texans	2 	0.0 	2 	0.0 	0.0 	0 	0.0 	0.0 	0.0 	0.0 	0.0 	0.4 	QB31		Cleveland Browns	BYE	0 	0.0 	0 	0.0 	0.0 	0 	0.0 	0.0 	0.0 	0.0 	0.0 	0.0 	-		Cleveland Browns	Las Vegas Raiders	2 	0.0 	2 	0.0 	0.0 	0 	0.0 	0.0 	0.0 	0.0 	0.0 	0.4 	QB35		Cleveland Browns	Cincinnati Bengals	2 	0.0 	2 	0.0 	0.0 	0 	0.0 	0.0 	0.0 	0.0 	0.0 	0.4 	QB31		Cleveland Browns	Atlanta Falcons	2 	0.0 	2 	0.0 	0.0 	0 	0.0 	0.0 	0.0 	0.0 	0.0 	0.4 	QB32		Cleveland Browns	New York Giants	2 	0.0 	2 	0.0 	0.0 	0 	0.0 	0.0 	0.0 	0.0 	0.0 	0.4 	QB35		Cleveland Browns	Baltimore Ravens	2 	0.0 	2 	0.0 	0.0 	0 	0.0 	0.0 	0.0 	0.0 	0.0 	0.3 	QB36		Cleveland Browns	Indianapolis Colts	2 	0.0 	2 	0.0 	0.0 	0 	0.0 	0.0 	0.0 	0.0 	0.0 	0.4 	QB35		Actual	Actual	Actual	Actual	Forecast	Forecast	Forecast	Forecast	Forecast	Forecast	Forecast	Forecast	Forecast	Forecast	Forecast	Forecast	Forecast		Healthy	Healthy	Healthy	Healthy	Healthy	Healthy	Healthy	Healthy	Healthy	Healthy	Healthy	Healthy	Healthy	Healthy	Healthy	Healthy	Healthy		Week 5 2026	10/6/2026	7:50:59 PM	19		0%	0%	2%	2%	1%	1%		0.0 	0	0	0	0	0	0.004661 
	Carson Wentz	Minnesota Vikings	QB	QB38	8.7 	26 	276 	92.0 	3.0 	1.0 	10 	3.3 	0.0 	0.0 	0.0 	0.0 	0 	0.0 	0.0 	0.0 	0.0 	0.0 	0.0 	0.071 	0.460 	0.000 	(1)	0.000 	0.000 	270 	0 	(270)	39 	0 	(39)	0.000 				-	-		-	-		-	-		-	-		19.2 	6.3 	0.0 	0.0 	0.7 	0.0 	0.0 	0.0 	0.0 	0.0 	0.0 	0.0 	0.0 	0.0 	0.0 	0.0 	0.0 		QB12	QB29	-	-	QB31	-	-	-	-	-	-	-	-	-	-	-	-		QB38	0.7 	0.0 	0.0 	4.9 	0.0 	0.0 	0.0 	0.0 	43 	0.003 	0.460 	0.000 	(2)	0.000 	0.000 	271 	0.000 		1 														QB35	12.8 	0.0 	0.0 	2.5 	0.0 	0.0 	0.0 	0.0 	35 	0.228 	0.460 	0.040 	(1)	0.000 	0.000 	#N/A	0.021 		25.5 																	Minnesota Vikings	Green Bay Packers	133 	3.0 	(1)	0.0 	0.0 	0 	0.0 	0.0 	0.0 	0.0 	1.0 	19.2 	QB12		Minnesota Vikings	Chicago Bears	143 	0.0 	6 	0.0 	0.0 	0 	0.0 	0.0 	0.0 	0.0 	0.0 	6.3 	QB29		Minnesota Vikings	Tampa Bay Buccaneers	0 	0.0 	0 	0.0 	0.0 	0 	0.0 	0.0 	0.0 	0.0 	0.0 	0.0 	-		Minnesota Vikings	Miami Dolphins	0 	0.0 	0 	0.0 	0.0 	0 	0.0 	0.0 	0.0 	0.0 	0.0 	0.0 	-		Minnesota Vikings	New Orleans Saints	0 	0.0 	5 	0.0 	0.0 	0 	0.0 	0.0 	0.0 	0.0 	0.0 	0.7 	QB31		Minnesota Vikings	BYE	0 	0.0 	0 	0.0 	0.0 	0 	0.0 	0.0 	0.0 	0.0 	0.0 	0.0 	-		Minnesota Vikings	Indianapolis Colts	0 	0.0 	0 	0.0 	0.0 	0 	0.0 	0.0 	0.0 	0.0 	0.0 	0.0 	-		Minnesota Vikings	Detroit Lions	0 	0.0 	0 	0.0 	0.0 	0 	0.0 	0.0 	0.0 	0.0 	0.0 	0.0 	-		Minnesota Vikings	Buffalo Bills	0 	0.0 	0 	0.0 	0.0 	0 	0.0 	0.0 	0.0 	0.0 	0.0 	0.0 	-		Minnesota Vikings	Green Bay Packers	0 	0.0 	0 	0.0 	0.0 	0 	0.0 	0.0 	0.0 	0.0 	0.0 	0.0 	-		Minnesota Vikings	San Francisco 49ers	0 	0.0 	0 	0.0 	0.0 	0 	0.0 	0.0 	0.0 	0.0 	0.0 	0.0 	-		Minnesota Vikings	Atlanta Falcons	0 	0.0 	0 	0.0 	0.0 	0 	0.0 	0.0 	0.0 	0.0 	0.0 	0.0 	-		Minnesota Vikings	Carolina Panthers	0 	0.0 	0 	0.0 	0.0 	0 	0.0 	0.0 	0.0 	0.0 	0.0 	0.0 	-		Minnesota Vikings	New England Patriots	0 	0.0 	0 	0.0 	0.0 	0 	0.0 	0.0 	0.0 	0.0 	0.0 	0.0 	-		Minnesota Vikings	Detroit Lions	0 	0.0 	0 	0.0 	0.0 	0 	0.0 	0.0 	0.0 	0.0 	0.0 	0.0 	-		Minnesota Vikings	Washington Commanders	0 	0.0 	0 	0.0 	0.0 	0 	0.0 	0.0 	0.0 	0.0 	0.0 	0.0 	-		Minnesota Vikings	New York Jets	0 	0.0 	0 	0.0 	0.0 	0 	0.0 	0.0 	0.0 	0.0 	0.0 	0.0 	-		Actual	Actual	Actual	Actual	Forecast	Forecast	Forecast	Forecast	Forecast	Forecast	Forecast	Forecast	Forecast	Forecast	Forecast	Forecast	Forecast		Healthy	Healthy	Healthy	Healthy	Healthy	Healthy	Healthy	Healthy	Healthy	Healthy	Healthy	Healthy	Healthy	Healthy	Healthy	Healthy	Healthy		Week 5 2026	10/6/2026	7:50:59 PM	19		0%	0%	0%	0%	0%	0%		(0.0)	0	0	0	0	0	(0.020956)
	Carson Beck	Arizona Cardinals	QB	QB38	0.3 	3 	25 	2.3 	0.2 	0.0 	11 	1.0 	0.1 	0.0 	0.0 	0.0 	0 	0.0 	0.0 	0.0 	0.1 	0.0 	0.0 	0.008 	0.460 	0.000 	(2)	0.000 	0.000 	270 	0 	(270)	44 	0 	(44)	0.000 																0.0 	0.0 	0.0 	0.0 	0.0 	0.3 	0.3 	0.3 	0.2 	0.3 	0.2 	0.3 	0.2 	0.0 	0.3 	0.3 	0.3 		-	-	-	-	-	QB33	QB33	QB33	QB36	QB32	QB31	QB37	QB33	-	QB37	QB38	QB38		QB38	0.3 	2.3 	0.0 	1.0 	0.0 	0.0 	0.0 	0.0 	39 	0.011 	0.460 	0.000 	(2)	0.000 	0.000 	271 	0.000 		3 															0.0 	0.0 	0.0 	0.0 	0.0 	0.0 	0.0 	0.0 	#N/A	0.000 	0.460 	#N/A	(2)	0.000 	0.000 	#N/A	#N/A		0.0 																	Arizona Cardinals	Los Angeles Chargers	0 	0.0 	0 	0.0 	0.0 	0 	0.0 	0.0 	0.0 	0.0 	0.0 	0.0 	-		Arizona Cardinals	Seattle Seahawks	0 	0.0 	0 	0.0 	0.0 	0 	0.0 	0.0 	0.0 	0.0 	0.0 	0.0 	-		Arizona Cardinals	San Francisco 49ers	0 	0.0 	0 	0.0 	0.0 	0 	0.0 	0.0 	0.0 	0.0 	0.0 	0.0 	-		Arizona Cardinals	New York Giants	0 	0.0 	0 	0.0 	0.0 	0 	0.0 	0.0 	0.0 	0.0 	0.0 	0.0 	-		Arizona Cardinals	Detroit Lions	0 	0.0 	0 	0.0 	0.0 	0 	0.0 	0.0 	0.0 	0.0 	0.0 	0.0 	-		Arizona Cardinals	Los Angeles Rams	2 	0.0 	1 	0.0 	0.0 	0 	0.0 	0.0 	0.0 	0.0 	0.0 	0.3 	QB33		Arizona Cardinals	Denver Broncos	2 	0.0 	1 	0.0 	0.0 	0 	0.0 	0.0 	0.0 	0.0 	0.0 	0.3 	QB33		Arizona Cardinals	Dallas Cowboys	2 	0.0 	1 	0.0 	0.0 	0 	0.0 	0.0 	0.0 	0.0 	0.0 	0.3 	QB33		Arizona Cardinals	Seattle Seahawks	2 	0.0 	1 	0.0 	0.0 	0 	0.0 	0.0 	0.0 	0.0 	0.0 	0.2 	QB36		Arizona Cardinals	Los Angeles Rams	2 	0.0 	1 	0.0 	0.0 	0 	0.0 	0.0 	0.0 	0.0 	0.0 	0.3 	QB32		Arizona Cardinals	Kansas City Chiefs	2 	0.0 	1 	0.0 	0.0 	0 	0.0 	0.0 	0.0 	0.0 	0.0 	0.2 	QB31		Arizona Cardinals	Washington Commanders	2 	0.0 	1 	0.0 	0.0 	0 	0.0 	0.0 	0.0 	0.0 	0.0 	0.3 	QB37		Arizona Cardinals	Philadelphia Eagles	2 	0.0 	1 	0.0 	0.0 	0 	0.0 	0.0 	0.0 	0.0 	0.0 	0.2 	QB33		Arizona Cardinals	BYE	0 	0.0 	0 	0.0 	0.0 	0 	0.0 	0.0 	0.0 	0.0 	0.0 	0.0 	-		Arizona Cardinals	New York Jets	2 	0.0 	1 	0.0 	0.0 	0 	0.0 	0.0 	0.0 	0.0 	0.0 	0.3 	QB37		Arizona Cardinals	New Orleans Saints	2 	0.0 	1 	0.0 	0.0 	0 	0.0 	0.0 	0.0 	0.0 	0.0 	0.3 	QB38		Arizona Cardinals	Las Vegas Raiders	2 	0.0 	1 	0.0 	0.0 	0 	0.0 	0.0 	0.0 	0.0 	0.0 	0.3 	QB38		Actual	Actual	Actual	Actual	Forecast	Forecast	Forecast	Forecast	Forecast	Forecast	Forecast	Forecast	Forecast	Forecast	Forecast	Forecast	Forecast		Healthy	Healthy	Healthy	Injured	Injured	Healthy	Healthy	Healthy	Healthy	Healthy	Healthy	Healthy	Healthy	Healthy	Healthy	Healthy	Healthy		Week 5 2026	10/6/2026	7:50:59 PM	19		0%	0%	1%	1%	1%	1%		0.0 	0	0	1	1	0	
	Travis Hunter	Jacksonville Jaguars	WR	WR106	0.0 	0 	0 	0.0 	0.0 	0.0 	0 	0.0 	0.0 	0.0 	0.0 	0.0 	0 	0.0 	0.0 	0.0 	0.0 	0.0 	0.0 	0.000 	1.000 	0.000 	(2)	0.000 	0.000 	270 	222 	(48)	108 	73 	(35)	0.000 																0.0 	0.0 	0.0 	0.0 	0.0 	0.0 	0.0 	0.0 	0.0 	0.0 	0.0 	0.0 	0.0 	0.0 	0.0 	0.0 	0.0 		-	-	-	-	-	-	-	-	-	-	-	-	-	-	-	-	-		WR108	0.0 	0.0 	0.0 	0.0 	0.0 	0.0 	0.0 	0.0 	108 	0.000 	1.000 	0.000 	(2)	0.000 	0.000 	271 	0.000 		0 														-	0.0 	0.0 	0.0 	0.0 	0.0 	0.0 	0.0 	0.0 	#N/A	0.000 	1.000 	#N/A	(1)	0.000 	0.000 	#N/A	#N/A		0.0 																	Jacksonville Jaguars	Cleveland Browns	0 	0.0 	0 	0.0 	0.0 	0 	0.0 	0.0 	0.0 	0.0 	0.0 	0.0 	-		Jacksonville Jaguars	Denver Broncos	0 	0.0 	0 	0.0 	0.0 	0 	0.0 	0.0 	0.0 	0.0 	0.0 	0.0 	-		Jacksonville Jaguars	New England Patriots	0 	0.0 	0 	0.0 	0.0 	0 	0.0 	0.0 	0.0 	0.0 	0.0 	0.0 	-		Jacksonville Jaguars	Cincinnati Bengals	0 	0.0 	0 	0.0 	0.0 	0 	0.0 	0.0 	0.0 	0.0 	0.0 	0.0 	-		Jacksonville Jaguars	Philadelphia Eagles	0 	0.0 	0 	0.0 	0.0 	0 	0.0 	0.0 	0.0 	0.0 	0.0 	0.0 	-		Jacksonville Jaguars	Houston Texans	0 	0.0 	0 	0.0 	0.0 	0 	0.0 	0.0 	0.0 	0.0 	0.0 	0.0 	-		Jacksonville Jaguars	BYE	0 	0.0 	0 	0.0 	0.0 	0 	0.0 	0.0 	0.0 	0.0 	0.0 	0.0 	-		Jacksonville Jaguars	Indianapolis Colts	0 	0.0 	0 	0.0 	0.0 	0 	0.0 	0.0 	0.0 	0.0 	0.0 	0.0 	-		Jacksonville Jaguars	Baltimore Ravens	0 	0.0 	0 	0.0 	0.0 	0 	0.0 	0.0 	0.0 	0.0 	0.0 	0.0 	-		Jacksonville Jaguars	Tennessee Titans	0 	0.0 	0 	0.0 	0.0 	0 	0.0 	0.0 	0.0 	0.0 	0.0 	0.0 	-		Jacksonville Jaguars	New York Giants	0 	0.0 	0 	0.0 	0.0 	0 	0.0 	0.0 	0.0 	0.0 	0.0 	0.0 	-		Jacksonville Jaguars	Tennessee Titans	0 	0.0 	0 	0.0 	0.0 	0 	0.0 	0.0 	0.0 	0.0 	0.0 	0.0 	-		Jacksonville Jaguars	Chicago Bears	0 	0.0 	0 	0.0 	0.0 	0 	0.0 	0.0 	0.0 	0.0 	0.0 	0.0 	-		Jacksonville Jaguars	Pittsburgh Steelers	0 	0.0 	0 	0.0 	0.0 	0 	0.0 	0.0 	0.0 	0.0 	0.0 	0.0 	-		Jacksonville Jaguars	Houston Texans	0 	0.0 	0 	0.0 	0.0 	0 	0.0 	0.0 	0.0 	0.0 	0.0 	0.0 	-		Jacksonville Jaguars	Dallas Cowboys	0 	0.0 	0 	0.0 	0.0 	0 	0.0 	0.0 	0.0 	0.0 	0.0 	0.0 	-		Jacksonville Jaguars	Washington Commanders	0 	0.0 	0 	0.0 	0.0 	0 	0.0 	0.0 	0.0 	0.0 	0.0 	0.0 	-		Actual	Actual	Actual	Actual	Forecast	Forecast	Forecast	Forecast	Forecast	Forecast	Forecast	Forecast	Forecast	Forecast	Forecast	Forecast	Forecast		Healthy	Healthy	Healthy	Healthy	Healthy	Healthy	Healthy	Healthy	Healthy	Healthy	Healthy	Healthy	Healthy	Healthy	Healthy	Healthy	Healthy		Week 5 2026	10/6/2026	7:50:59 PM	19		0%	0%	0%	0%	0%	0%		0.0 	0	0	0	0	0	0.000000 
	Cooper Rush	Atlanta Falcons	QB	QB38	0.6 	8 	229 	17.6 	1.0 	0.1 	35 	2.7 	0.0 	0.0 	0.0 	0.0 	0 	0.0 	0.0 	0.0 	3.2 	1.0 	0.0 	0.023 	0.460 	0.000 	(2)	0.000 	0.000 	270 	0 	(270)	40 	0 	(40)	0.000 																5.7 	1.1 	0.0 	0.0 	0.0 	0.1 	0.1 	0.1 	0.1 	0.1 	0.0 	0.1 	0.1 	0.1 	0.1 	0.1 	0.1 		QB30	QB34	-	-	-	QB36	QB36	QB36	QB40	QB35	-	QB42	QB36	QB38	QB41	QB41	QB41		QB38	0.1 	0.0 	0.0 	1.4 	0.0 	0.0 	0.0 	0.0 	42 	0.006 	0.460 	0.000 	(2)	0.000 	0.000 	271 	0.000 		2 														QB41	3.4 	0.0 	0.0 	7.6 	0.0 	0.0 	0.0 	0.0 	41 	0.061 	0.460 	0.000 	(1)	0.000 	0.000 	#N/A	0.000 		6.8 																	Atlanta Falcons	Pittsburgh Steelers	143 	1.0 	0 	0.0 	0.0 	0 	0.0 	2.0 	0.0 	0.0 	0.0 	5.7 	QB30		Atlanta Falcons	Carolina Panthers	86 	0.0 	20 	0.0 	0.0 	0 	0.0 	1.2 	1.0 	0.0 	0.0 	1.1 	QB34		Atlanta Falcons	Green Bay Packers	0 	0.0 	0 	0.0 	0.0 	0 	0.0 	0.0 	0.0 	0.0 	0.0 	0.0 	-		Atlanta Falcons	New Orleans Saints	0 	0.0 	0 	0.0 	0.0 	0 	0.0 	0.0 	0.0 	0.0 	0.0 	0.0 	-		Atlanta Falcons	Baltimore Ravens	0 	0.0 	0 	0.0 	0.0 	0 	0.0 	0.0 	0.0 	0.0 	0.0 	0.0 	-		Atlanta Falcons	Chicago Bears	0 	0.0 	1 	0.0 	0.0 	0 	0.0 	0.0 	0.0 	0.0 	0.0 	0.1 	QB36		Atlanta Falcons	San Francisco 49ers	0 	0.0 	1 	0.0 	0.0 	0 	0.0 	0.0 	0.0 	0.0 	0.0 	0.1 	QB36		Atlanta Falcons	Tampa Bay Buccaneers	0 	0.0 	1 	0.0 	0.0 	0 	0.0 	0.0 	0.0 	0.0 	0.0 	0.1 	QB36		Atlanta Falcons	Cincinnati Bengals	0 	0.0 	1 	0.0 	0.0 	0 	0.0 	0.0 	0.0 	0.0 	0.0 	0.1 	QB40		Atlanta Falcons	Kansas City Chiefs	0 	0.0 	1 	0.0 	0.0 	0 	0.0 	0.0 	0.0 	0.0 	0.0 	0.1 	QB35		Atlanta Falcons	BYE	0 	0.0 	0 	0.0 	0.0 	0 	0.0 	0.0 	0.0 	0.0 	0.0 	0.0 	-		Atlanta Falcons	Minnesota Vikings	0 	0.0 	1 	0.0 	0.0 	0 	0.0 	0.0 	0.0 	0.0 	0.0 	0.1 	QB42		Atlanta Falcons	Detroit Lions	0 	0.0 	1 	0.0 	0.0 	0 	0.0 	0.0 	0.0 	0.0 	0.0 	0.1 	QB36		Atlanta Falcons	Cleveland Browns	0 	0.0 	1 	0.0 	0.0 	0 	0.0 	0.0 	0.0 	0.0 	0.0 	0.1 	QB38		Atlanta Falcons	Washington Commanders	0 	0.0 	1 	0.0 	0.0 	0 	0.0 	0.0 	0.0 	0.0 	0.0 	0.1 	QB41		Atlanta Falcons	Tampa Bay Buccaneers	0 	0.0 	1 	0.0 	0.0 	0 	0.0 	0.0 	0.0 	0.0 	0.0 	0.1 	QB41		Atlanta Falcons	New Orleans Saints	0 	0.0 	1 	0.0 	0.0 	0 	0.0 	0.0 	0.0 	0.0 	0.0 	0.1 	QB41		Actual	Actual	Actual	Actual	Forecast	Forecast	Forecast	Forecast	Forecast	Forecast	Forecast	Forecast	Forecast	Forecast	Forecast	Forecast	Forecast		Healthy	Healthy	Injured	Healthy	Injured	Healthy	Healthy	Healthy	Healthy	Healthy	Healthy	Healthy	Healthy	Healthy	Healthy	Healthy	Healthy		Week 5 2026	10/6/2026	7:50:59 PM	19		0%	0%	1%	0%	0%	0%		0.0 	0	1	0	1	0	
	Ricky Pearsall	San Francisco 49ers	WR	WR106	0.0 	0 	0 	0.0 	0.0 	0.0 	0 	0.0 	0.0 	0.0 	0.0 	0.0 	0 	0.0 	0.0 	0.0 	0.0 	0.0 	0.0 	0.000 	1.000 	0.000 	(2)	0.000 	0.000 	270 	0 	(270)	108 	0 	(108)	0.000 																0.0 	0.0 	0.0 	0.0 	0.0 	0.0 	0.0 	0.0 	0.0 	0.0 	0.0 	0.0 	0.0 	0.0 	0.0 	0.0 	0.0 		-	-	-	-	-	-	-	-	-	-	-	-	-	-	-	-	-		WR108	0.0 	0.0 	0.0 	0.0 	0.0 	0.0 	0.0 	0.0 	108 	0.000 	1.000 	0.000 	(2)	0.000 	0.000 	271 	0.000 		0 														-	0.0 	0.0 	0.0 	0.0 	0.0 	0.0 	0.0 	0.0 	#N/A	0.000 	1.000 	#N/A	(1)	0.000 	0.000 	#N/A	#N/A		0.0 																	San Francisco 49ers	Los Angeles Rams	0 	0.0 	0 	0.0 	0.0 	0 	0.0 	0.0 	0.0 	0.0 	0.0 	0.0 	-		San Francisco 49ers	Miami Dolphins	0 	0.0 	0 	0.0 	0.0 	0 	0.0 	0.0 	0.0 	0.0 	0.0 	0.0 	-		San Francisco 49ers	Arizona Cardinals	0 	0.0 	0 	0.0 	0.0 	0 	0.0 	0.0 	0.0 	0.0 	0.0 	0.0 	-		San Francisco 49ers	Denver Broncos	0 	0.0 	0 	0.0 	0.0 	0 	0.0 	0.0 	0.0 	0.0 	0.0 	0.0 	-		San Francisco 49ers	Seattle Seahawks	0 	0.0 	0 	0.0 	0.0 	0 	0.0 	0.0 	0.0 	0.0 	0.0 	0.0 	-		San Francisco 49ers	Washington Commanders	0 	0.0 	0 	0.0 	0.0 	0 	0.0 	0.0 	0.0 	0.0 	0.0 	0.0 	-		San Francisco 49ers	Atlanta Falcons	0 	0.0 	0 	0.0 	0.0 	0 	0.0 	0.0 	0.0 	0.0 	0.0 	0.0 	-		San Francisco 49ers	BYE	0 	0.0 	0 	0.0 	0.0 	0 	0.0 	0.0 	0.0 	0.0 	0.0 	0.0 	-		San Francisco 49ers	Las Vegas Raiders	0 	0.0 	0 	0.0 	0.0 	0 	0.0 	0.0 	0.0 	0.0 	0.0 	0.0 	-		San Francisco 49ers	Dallas Cowboys	0 	0.0 	0 	0.0 	0.0 	0 	0.0 	0.0 	0.0 	0.0 	0.0 	0.0 	-		San Francisco 49ers	Minnesota Vikings	0 	0.0 	0 	0.0 	0.0 	0 	0.0 	0.0 	0.0 	0.0 	0.0 	0.0 	-		San Francisco 49ers	Seattle Seahawks	0 	0.0 	0 	0.0 	0.0 	0 	0.0 	0.0 	0.0 	0.0 	0.0 	0.0 	-		San Francisco 49ers	New York Giants	0 	0.0 	0 	0.0 	0.0 	0 	0.0 	0.0 	0.0 	0.0 	0.0 	0.0 	-		San Francisco 49ers	Los Angeles Rams	0 	0.0 	0 	0.0 	0.0 	0 	0.0 	0.0 	0.0 	0.0 	0.0 	0.0 	-		San Francisco 49ers	Los Angeles Chargers	0 	0.0 	0 	0.0 	0.0 	0 	0.0 	0.0 	0.0 	0.0 	0.0 	0.0 	-		San Francisco 49ers	Kansas City Chiefs	0 	0.0 	0 	0.0 	0.0 	0 	0.0 	0.0 	0.0 	0.0 	0.0 	0.0 	-		San Francisco 49ers	Philadelphia Eagles	0 	0.0 	0 	0.0 	0.0 	0 	0.0 	0.0 	0.0 	0.0 	0.0 	0.0 	-		Actual	Actual	Actual	Actual	Forecast	Forecast	Forecast	Forecast	Forecast	Forecast	Forecast	Forecast	Forecast	Forecast	Forecast	Forecast	Forecast		Injured	Injured	Injured	Injured	Injured	Injured	Injured	Injured	Injured	Injured	Injured	Injured	Injured	Injured	Injured	Injured	Injured		Week 5 2026	10/6/2026	7:50:59 PM	19		0%	0%	0%	0%	0%	0%		0.0 	1	1	1	1	1	
	Jayden Higgins	Houston Texans	WR	WR106	0.0 	0 	0 	0.0 	0.0 	0.0 	0 	0.0 	0.0 	0.0 	0.0 	0.0 	0 	0.0 	0.0 	0.0 	0.0 	0.0 	0.0 	0.000 	1.000 	0.000 	(2)	0.000 	0.000 	270 	0 	(270)	108 	0 	(108)	0.000 																0.0 	0.0 	0.0 	0.0 	0.0 	0.0 	0.0 	0.0 	0.0 	0.0 	0.0 	0.0 	0.0 	0.0 	0.0 	0.0 	0.0 		-	-	-	-	-	-	-	-	-	-	-	-	-	-	-	-	-		WR108	0.0 	0.0 	0.0 	0.0 	0.0 	0.0 	0.0 	0.0 	108 	0.000 	1.000 	0.000 	(2)	0.000 	0.000 	271 	0.000 		0 														-	0.0 	0.0 	0.0 	0.0 	0.0 	0.0 	0.0 	0.0 	#N/A	0.000 	1.000 	#N/A	(1)	0.000 	0.000 	#N/A	#N/A		0.0 																	Houston Texans	Buffalo Bills	0 	0.0 	0 	0.0 	0.0 	0 	0.0 	0.0 	0.0 	0.0 	0.0 	0.0 	-		Houston Texans	Cincinnati Bengals	0 	0.0 	0 	0.0 	0.0 	0 	0.0 	0.0 	0.0 	0.0 	0.0 	0.0 	-		Houston Texans	Indianapolis Colts	0 	0.0 	0 	0.0 	0.0 	0 	0.0 	0.0 	0.0 	0.0 	0.0 	0.0 	-		Houston Texans	Dallas Cowboys	0 	0.0 	0 	0.0 	0.0 	0 	0.0 	0.0 	0.0 	0.0 	0.0 	0.0 	-		Houston Texans	Tennessee Titans	0 	0.0 	0 	0.0 	0.0 	0 	0.0 	0.0 	0.0 	0.0 	0.0 	0.0 	-		Houston Texans	Jacksonville Jaguars	0 	0.0 	0 	0.0 	0.0 	0 	0.0 	0.0 	0.0 	0.0 	0.0 	0.0 	-		Houston Texans	New York Giants	0 	0.0 	0 	0.0 	0.0 	0 	0.0 	0.0 	0.0 	0.0 	0.0 	0.0 	-		Houston Texans	BYE	0 	0.0 	0 	0.0 	0.0 	0 	0.0 	0.0 	0.0 	0.0 	0.0 	0.0 	-		Houston Texans	Los Angeles Chargers	0 	0.0 	0 	0.0 	0.0 	0 	0.0 	0.0 	0.0 	0.0 	0.0 	0.0 	-		Houston Texans	Cleveland Browns	0 	0.0 	0 	0.0 	0.0 	0 	0.0 	0.0 	0.0 	0.0 	0.0 	0.0 	-		Houston Texans	Indianapolis Colts	0 	0.0 	0 	0.0 	0.0 	0 	0.0 	0.0 	0.0 	0.0 	0.0 	0.0 	-		Houston Texans	Baltimore Ravens	0 	0.0 	0 	0.0 	0.0 	0 	0.0 	0.0 	0.0 	0.0 	0.0 	0.0 	-		Houston Texans	Pittsburgh Steelers	0 	0.0 	0 	0.0 	0.0 	0 	0.0 	0.0 	0.0 	0.0 	0.0 	0.0 	-		Houston Texans	Washington Commanders	0 	0.0 	0 	0.0 	0.0 	0 	0.0 	0.0 	0.0 	0.0 	0.0 	0.0 	-		Houston Texans	Jacksonville Jaguars	0 	0.0 	0 	0.0 	0.0 	0 	0.0 	0.0 	0.0 	0.0 	0.0 	0.0 	-		Houston Texans	Philadelphia Eagles	0 	0.0 	0 	0.0 	0.0 	0 	0.0 	0.0 	0.0 	0.0 	0.0 	0.0 	-		Houston Texans	Green Bay Packers	0 	0.0 	0 	0.0 	0.0 	0 	0.0 	0.0 	0.0 	0.0 	0.0 	0.0 	-		Actual	Actual	Actual	Actual	Forecast	Forecast	Forecast	Forecast	Forecast	Forecast	Forecast	Forecast	Forecast	Forecast	Forecast	Forecast	Forecast		Injured	Injured	Injured	Injured	Injured	Injured	Injured	Injured	Injured	Injured	Injured	Injured	Injured	Injured	Injured	Injured	Injured		Week 5 2026	10/6/2026	7:50:59 PM	19		0%	0%	0%	0%	0%	0%		0.0 	1	1	1	1	1	